cenario,plant,linha,produto,periodo,producao,estoque,atendido,nao_atend,enviado,recebido
70,Jacarei,JAC_L1,Fanta_Laranja,1,0.0,0.0,5761.51,0.0,0.0,5761.51
70,Jacarei,JAC_L1,Fanta_Laranja,2,0.0,0.0,0.0,0.0,6503.850000000002,6503.850000000002
70,Jacarei,JAC_L1,Fanta_Laranja,3,0.0,0.0,0.0,0.0,12073.61,12073.61
70,Jacarei,JAC_L1,Fanta_Laranja,4,0.0,0.0,0.0,0.0,0.0,24829.97
70,Jacarei,JAC_L1,Fanta_Laranja,5,0.0,0.0,0.0,0.0,6759.330000000009,6759.330000000009
70,Jacarei,JAC_L1,Fanta_Laranja,6,0.0,0.0,0.0,0.0,0.0,0.0
70,Jacarei,JAC_L1,Fanta_Laranja,7,0.0,0.0,0.0,0.0,0.0,0.0
70,Jacarei,JAC_L1,Fanta_Laranja,8,0.0,0.0,0.0,0.0,0.0,0.0
70,Jacarei,JAC_L1,Fanta_Laranja,9,0.0,0.0,0.0,0.0,0.0,0.0
70,Jacarei,JAC_L1,Fanta_Laranja,10,0.0,0.0,0.0,0.0,601.6100000000188,601.6100000000188
70,Jacarei,JAC_L1,Fanta_Laranja,11,0.0,0.0,0.0,0.0,0.0,0.0
70,Jacarei,JAC_L1,Fanta_Laranja,12,0.0,0.0,0.0,0.0,0.0,0.0
70,Jacarei,JAC_L1,Fanta_Laranja,13,0.0,0.0,0.0,0.0,0.0,0.0
70,Jacarei,JAC_L1,Fanta_Laranja,14,0.0,0.0,0.0,0.0,0.0,0.0
70,Jacarei,JAC_L1,Fanta_Laranja,15,0.0,0.0,0.0,0.0,0.0,0.0
70,Jacarei,JAC_L1,Itubaina,1,0.0,0.0,8951.15,0.0,0.0,33235.01
70,Jacarei,JAC_L1,Itubaina,2,0.0,0.0,0.0,0.0,0.0,0.0
70,Jacarei,JAC_L1,Itubaina,3,0.0,0.0,11047.07,0.0,0.0,11047.07
70,Jacarei,JAC_L1,Itubaina,4,0.0,0.0,0.0,0.0,0.0,0.0
70,Jacarei,JAC_L1,Itubaina,5,0.0,0.0,0.0,0.0,0.0,0.0
70,Jacarei,JAC_L1,Itubaina,6,0.0,0.0,20693.66,0.0,0.0,20693.66
70,Jacarei,JAC_L1,Itubaina,7,0.0,0.0,0.0,0.0,0.0,0.0
70,Jacarei,JAC_L1,Itubaina,8,0.0,0.0,0.0,0.0,0.0,0.0
70,Jacarei,JAC_L1,Itubaina,9,0.0,0.0,0.0,0.0,0.0,0.0
70,Jacarei,JAC_L1,Itubaina,10,0.0,0.0,0.0,0.0,0.0,0.0
70,Jacarei,JAC_L1,Itubaina,11,0.0,0.0,0.0,0.0,0.0,0.0
70,Jacarei,JAC_L1,Itubaina,12,0.0,0.0,2280.64,0.0,0.0,2280.64
70,Jacarei,JAC_L1,Itubaina,13,0.0,0.0,0.0,0.0,0.0,0.0
70,Jacarei,JAC_L1,Itubaina,14,0.0,0.0,14673.2,0.0,0.0,14673.2
70,Jacarei,JAC_L1,Itubaina,15,0.0,0.0,0.0,0.0,0.0,0.0
70,Jacarei,JAC_L1,Skol_Lata,1,0.0,0.0,11112.73,0.0,0.0,11112.73
70,Jacarei,JAC_L1,Skol_Lata,2,0.0,0.0,0.0,0.0,0.0,0.0
70,Jacarei,JAC_L1,Skol_Lata,3,0.0,0.0,0.0,0.0,0.0,0.0
70,Jacarei,JAC_L1,Skol_Lata,4,0.0,0.0,0.0,0.0,0.0,2984.6800000000003
70,Jacarei,JAC_L1,Skol_Lata,5,0.0,0.0,0.0,0.0,2984.6800000000003,0.0
70,Jacarei,JAC_L1,Skol_Lata,6,0.0,0.0,0.0,0.0,0.0,0.0
70,Jacarei,JAC_L1,Skol_Lata,7,0.0,0.0,0.0,0.0,0.0,0.0
70,Jacarei,JAC_L1,Skol_Lata,8,0.0,0.0,0.0,0.0,0.0,0.0
70,Jacarei,JAC_L1,Skol_Lata,9,0.0,0.0,0.0,0.0,0.0,0.0
70,Jacarei,JAC_L1,Skol_Lata,10,0.0,0.0,0.0,0.0,0.0,9271.060000000009
70,Jacarei,JAC_L1,Skol_Lata,11,0.0,0.0,0.0,0.0,9271.060000000009,0.0
70,Jacarei,JAC_L1,Skol_Lata,12,0.0,0.0,0.0,0.0,0.0,0.0
70,Jacarei,JAC_L1,Skol_Lata,13,0.0,0.0,0.0,0.0,0.0,0.0
70,Jacarei,JAC_L1,Skol_Lata,14,0.0,0.0,0.0,0.0,0.0,0.0
70,Jacarei,JAC_L1,Skol_Lata,15,0.0,0.0,0.0,0.0,0.0,0.0
70,Jacarei,JAC_L1,Heineken_Lata,1,0.0,0.0,0.0,0.0,0.0,0.0
70,Jacarei,JAC_L1,Heineken_Lata,2,0.0,0.0,14245.03,0.0,0.0,14245.03
70,Jacarei,JAC_L1,Heineken_Lata,3,0.0,0.0,12351.17,0.0,0.0,12351.17
70,Jacarei,JAC_L1,Heineken_Lata,4,0.0,0.0,0.0,0.0,0.0,0.0
70,Jacarei,JAC_L1,Heineken_Lata,5,0.0,0.0,0.0,0.0,0.0,0.0
70,Jacarei,JAC_L1,Heineken_Lata,6,0.0,0.0,0.0,0.0,0.0,0.0
70,Jacarei,JAC_L1,Heineken_Lata,7,0.0,0.0,0.0,0.0,0.0,0.0
70,Jacarei,JAC_L1,Heineken_Lata,8,0.0,0.0,0.0,0.0,0.0,10965.57
70,Jacarei,JAC_L1,Heineken_Lata,9,0.0,0.0,0.0,0.0,0.0,0.0
70,Jacarei,JAC_L1,Heineken_Lata,10,0.0,0.0,0.0,0.0,0.0,0.0
70,Jacarei,JAC_L1,Heineken_Lata,11,0.0,0.0,0.0,0.0,0.0,0.0
70,Jacarei,JAC_L1,Heineken_Lata,12,0.0,0.0,0.0,0.0,0.0,0.0
70,Jacarei,JAC_L1,Heineken_Lata,13,0.0,0.0,0.0,0.0,1478.84,1478.84
70,Jacarei,JAC_L1,Heineken_Lata,14,0.0,0.0,0.0,0.0,0.0,0.0
70,Jacarei,JAC_L1,Heineken_Lata,15,0.0,0.0,0.0,0.0,0.0,0.0
70,Jacarei,JAC_L1,Coca_Cola_Zero,1,0.0,0.0,0.0,0.0,0.0,0.0
70,Jacarei,JAC_L1,Coca_Cola_Zero,2,0.0,0.0,14154.41,0.0,0.0,14154.41
70,Jacarei,JAC_L1,Coca_Cola_Zero,3,0.0,0.0,0.0,0.0,0.0,0.0
70,Jacarei,JAC_L1,Coca_Cola_Zero,4,0.0,0.0,0.0,0.0,0.0,0.0
70,Jacarei,JAC_L1,Coca_Cola_Zero,5,0.0,0.0,0.0,0.0,0.0,0.0
70,Jacarei,JAC_L1,Coca_Cola_Zero,6,0.0,0.0,0.0,0.0,0.0,0.0
70,Jacarei,JAC_L1,Coca_Cola_Zero,7,0.0,0.0,23173.82,0.0,0.0,29734.05
70,Jacarei,JAC_L1,Coca_Cola_Zero,8,0.0,0.0,0.0,0.0,0.0,0.0
70,Jacarei,JAC_L1,Coca_Cola_Zero,9,0.0,0.0,0.0,0.0,0.0,0.0
70,Jacarei,JAC_L1,Coca_Cola_Zero,10,0.0,0.0,0.0,0.0,0.0,0.0
70,Jacarei,JAC_L1,Coca_Cola_Zero,11,0.0,0.0,6939.3,0.0,0.0,6939.3
70,Jacarei,JAC_L1,Coca_Cola_Zero,12,0.0,0.0,0.0,0.0,0.0,0.0
70,Jacarei,JAC_L1,Coca_Cola_Zero,13,0.0,0.0,23991.32,0.0,0.0,23991.32
70,Jacarei,JAC_L1,Coca_Cola_Zero,14,0.0,0.0,0.0,0.0,0.0,0.0
70,Jacarei,JAC_L1,Coca_Cola_Zero,15,0.0,0.0,0.0,0.0,0.0,0.0
70,Jacarei,JAC_L1,Antarctica_Lata,1,0.0,373.02000000000044,0.0,0.0,0.0,373.02000000000044
70,Jacarei,JAC_L1,Antarctica_Lata,2,0.0,0.0,0.0,0.0,373.02000000000044,0.0
70,Jacarei,JAC_L1,Antarctica_Lata,3,0.0,0.0,3832.13,0.0,0.0,3832.13
70,Jacarei,JAC_L1,Antarctica_Lata,4,0.0,0.0,0.0,0.0,0.0,0.0
70,Jacarei,JAC_L1,Antarctica_Lata,5,0.0,0.0,0.0,0.0,0.0,0.0
70,Jacarei,JAC_L1,Antarctica_Lata,6,0.0,10594.810000000003,0.0,0.0,0.0,10594.810000000003
70,Jacarei,JAC_L1,Antarctica_Lata,7,0.0,0.0,0.0,0.0,10594.810000000003,11488.28
70,Jacarei,JAC_L1,Antarctica_Lata,8,0.0,0.0,0.0,0.0,0.0,0.0
70,Jacarei,JAC_L1,Antarctica_Lata,9,0.0,0.0,0.0,0.0,0.0,0.0
70,Jacarei,JAC_L1,Antarctica_Lata,10,0.0,0.0,0.0,0.0,0.0,0.0
70,Jacarei,JAC_L1,Antarctica_Lata,11,0.0,0.0,0.0,0.0,0.0,0.0
70,Jacarei,JAC_L1,Antarctica_Lata,12,0.0,23104.72,0.0,0.0,0.0,23104.72
70,Jacarei,JAC_L1,Antarctica_Lata,13,0.0,23147.28,0.0,0.0,0.0,16795.769999999997
70,Jacarei,JAC_L1,Antarctica_Lata,14,0.0,0.0,0.0,0.0,23147.28,0.0
70,Jacarei,JAC_L1,Antarctica_Lata,15,0.0,0.0,0.0,0.0,0.0,17400.93
70,Jacarei,JAC_L1,Spaten_Lata,1,0.0,0.0,0.0,0.0,0.0,0.0
70,Jacarei,JAC_L1,Spaten_Lata,2,0.0,0.0,0.0,0.0,0.0,26157.28
70,Jacarei,JAC_L1,Spaten_Lata,3,0.0,0.0,0.0,0.0,0.0,13006.6
70,Jacarei,JAC_L1,Spaten_Lata,4,0.0,0.0,23412.91,0.0,0.0,23412.91
70,Jacarei,JAC_L1,Spaten_Lata,5,0.0,0.0,0.0,0.0,0.0,0.0
70,Jacarei,JAC_L1,Spaten_Lata,6,0.0,0.0,0.0,0.0,0.0,0.0
70,Jacarei,JAC_L1,Spaten_Lata,7,0.0,0.0,0.0,0.0,0.0,0.0
70,Jacarei,JAC_L1,Spaten_Lata,8,0.0,0.0,0.0,0.0,0.0,0.0
70,Jacarei,JAC_L1,Spaten_Lata,9,0.0,0.0,0.0,0.0,0.0,24413.16
70,Jacarei,JAC_L1,Spaten_Lata,10,0.0,0.0,0.0,0.0,0.0,0.0
70,Jacarei,JAC_L1,Spaten_Lata,11,0.0,0.0,0.0,0.0,0.0,0.0
70,Jacarei,JAC_L1,Spaten_Lata,12,0.0,0.0,0.0,0.0,0.0,0.0
70,Jacarei,JAC_L1,Spaten_Lata,13,0.0,0.0,0.0,0.0,0.0,8906.47
70,Jacarei,JAC_L1,Spaten_Lata,14,0.0,0.0,0.0,0.0,0.0,30275.509999999995
70,Jacarei,JAC_L1,Spaten_Lata,15,0.0,0.0,0.0,0.0,0.0,0.0
70,Jacarei,JAC_L1,Maguary_Caju,1,0.0,0.0,0.0,0.0,12851.22,12851.22
70,Jacarei,JAC_L1,Maguary_Caju,2,0.0,0.0,0.0,0.0,0.0,0.0
70,Jacarei,JAC_L1,Maguary_Caju,3,0.0,0.0,0.0,0.0,0.0,0.0
70,Jacarei,JAC_L1,Maguary_Caju,4,0.0,0.0,0.0,0.0,0.0,0.0
70,Jacarei,JAC_L1,Maguary_Caju,5,0.0,0.0,13178.52,0.0,0.0,13178.52
70,Jacarei,JAC_L1,Maguary_Caju,6,19105.250000000004,0.0,0.0,0.0,19105.25,6760.98
70,Jacarei,JAC_L1,Maguary_Caju,7,0.0,0.0,0.0,0.0,0.0,0.0
70,Jacarei,JAC_L1,Maguary_Caju,8,0.0,0.0,11261.35,0.0,0.0,17195.24
70,Jacarei,JAC_L1,Maguary_Caju,9,0.0,0.0,0.0,0.0,0.0,0.0
70,Jacarei,JAC_L1,Maguary_Caju,10,0.0,0.0,0.0,0.0,0.0,0.0
70,Jacarei,JAC_L1,Maguary_Caju,11,0.0,0.0,0.0,0.0,17498.25,17498.25
70,Jacarei,JAC_L1,Maguary_Caju,12,3593.5,0.0,0.0,0.0,3593.5,0.0
70,Jacarei,JAC_L1,Maguary_Caju,13,0.0,0.0,0.0,0.0,0.0,0.0
70,Jacarei,JAC_L1,Maguary_Caju,14,0.0,0.0,0.0,0.0,0.0,12404.5
70,Jacarei,JAC_L1,Maguary_Caju,15,0.0,0.0,12357.2,0.0,12407.2,24764.4
70,Jacarei,JAC_L1,Del_Valle_Pessego,1,21786.97,0.0,0.0,0.0,21786.97,0.0
70,Jacarei,JAC_L1,Del_Valle_Pessego,2,0.0,0.0,0.0,0.0,0.0,0.0
70,Jacarei,JAC_L1,Del_Valle_Pessego,3,25334.420000000002,0.0,0.0,0.0,25334.420000000006,16889.48
70,Jacarei,JAC_L1,Del_Valle_Pessego,4,0.0,0.0,0.0,0.0,0.0,0.0
70,Jacarei,JAC_L1,Del_Valle_Pessego,5,0.0,0.0,13856.52,0.0,0.0,13856.52
70,Jacarei,JAC_L1,Del_Valle_Pessego,6,0.0,0.0,0.0,0.0,0.0,11111.5
70,Jacarei,JAC_L1,Del_Valle_Pessego,7,0.0,0.0,0.0,0.0,0.0,0.0
70,Jacarei,JAC_L1,Del_Valle_Pessego,8,0.0,0.0,0.0,0.0,0.0,0.0
70,Jacarei,JAC_L1,Del_Valle_Pessego,9,0.0,0.0,0.0,0.0,0.0,0.0
70,Jacarei,JAC_L1,Del_Valle_Pessego,10,11344.019999999999,0.0,11995.99,0.0,0.0,651.9700000000012
70,Jacarei,JAC_L1,Del_Valle_Pessego,11,13661.800000000003,0.0,0.0,0.0,13661.800000000003,0.0
70,Jacarei,JAC_L1,Del_Valle_Pessego,12,9953.109999999997,0.0,0.0,0.0,9953.109999999997,0.0
70,Jacarei,JAC_L1,Del_Valle_Pessego,13,0.0,0.0,0.0,0.0,0.0,0.0
70,Jacarei,JAC_L1,Del_Valle_Pessego,14,0.0,0.0,0.0,0.0,0.0,0.0
70,Jacarei,JAC_L1,Del_Valle_Pessego,15,421.67999999999915,0.0,0.0,0.0,421.67999999999915,0.0
70,Jacarei,JAC_L1,Stella_Artois_Pure_Gold,1,0.0,0.0,0.0,0.0,0.0,0.0
70,Jacarei,JAC_L1,Stella_Artois_Pure_Gold,2,0.0,0.0,0.0,0.0,0.0,0.0
70,Jacarei,JAC_L1,Stella_Artois_Pure_Gold,3,0.0,0.0,0.0,0.0,0.0,0.0
70,Jacarei,JAC_L1,Stella_Artois_Pure_Gold,4,0.0,0.0,0.0,0.0,0.0,0.0
70,Jacarei,JAC_L1,Stella_Artois_Pure_Gold,5,0.0,0.0,0.0,0.0,0.0,5320.13
70,Jacarei,JAC_L1,Stella_Artois_Pure_Gold,6,0.0,0.0,6987.01,0.0,0.0,6987.01
70,Jacarei,JAC_L1,Stella_Artois_Pure_Gold,7,0.0,0.0,0.0,0.0,0.0,0.0
70,Jacarei,JAC_L1,Stella_Artois_Pure_Gold,8,0.0,0.0,0.0,0.0,0.0,21138.17
70,Jacarei,JAC_L1,Stella_Artois_Pure_Gold,9,0.0,0.0,0.0,0.0,0.0,0.0
70,Jacarei,JAC_L1,Stella_Artois_Pure_Gold,10,0.0,0.0,0.0,0.0,0.0,0.0
70,Jacarei,JAC_L1,Stella_Artois_Pure_Gold,11,0.0,0.0,0.0,0.0,0.0,0.0
70,Jacarei,JAC_L1,Stella_Artois_Pure_Gold,12,0.0,0.0,0.0,0.0,0.0,0.0
70,Jacarei,JAC_L1,Stella_Artois_Pure_Gold,13,0.0,0.0,0.0,0.0,0.0,0.0
70,Jacarei,JAC_L1,Stella_Artois_Pure_Gold,14,0.0,0.0,0.0,0.0,0.0,0.0
70,Jacarei,JAC_L1,Stella_Artois_Pure_Gold,15,0.0,0.0,0.0,0.0,0.0,0.0
70,Jacarei,JAC_L1,Sprite_Zero,1,14933.029999999999,0.0,0.0,0.0,14933.029999999999,0.0
70,Jacarei,JAC_L1,Sprite_Zero,2,10213.23,0.0,0.0,0.0,10213.23,0.0
70,Jacarei,JAC_L1,Sprite_Zero,3,15201.58,0.0,0.0,0.0,15201.58,0.0
70,Jacarei,JAC_L1,Sprite_Zero,4,10704.659999999998,0.0,0.0,0.0,10704.659999999998,0.0
70,Jacarei,JAC_L1,Sprite_Zero,5,38904.0,0.0,0.0,0.0,38904.0,18282.69
70,Jacarei,JAC_L1,Sprite_Zero,6,18574.75,0.0,0.0,0.0,18574.75,0.0
70,Jacarei,JAC_L1,Sprite_Zero,7,21757.200000000004,0.0,0.0,0.0,21757.200000000004,0.0
70,Jacarei,JAC_L1,Sprite_Zero,8,35760.0,0.0,5187.95,0.0,30572.05,0.0
70,Jacarei,JAC_L1,Sprite_Zero,9,37464.0,0.0,0.0,0.0,37464.0,0.0
70,Jacarei,JAC_L1,Sprite_Zero,10,24991.980000000003,0.0,0.0,0.0,24991.980000000003,0.0
70,Jacarei,JAC_L1,Sprite_Zero,11,6046.35,0.0,0.0,0.0,6046.35,0.0
70,Jacarei,JAC_L1,Sprite_Zero,12,19885.670000000006,0.0,0.0,0.0,19885.670000000006,0.0
70,Jacarei,JAC_L1,Sprite_Zero,13,37728.0,0.0,0.0,0.0,37727.99999999999,0.0
70,Jacarei,JAC_L1,Sprite_Zero,14,36384.0,0.0,0.0,0.0,36384.0,0.0
70,Jacarei,JAC_L1,Sprite_Zero,15,36730.32,0.0,0.0,0.0,36730.32,0.0
70,Jacarei,JAC_L1,Kuat,1,0.0,0.0,0.0,0.0,0.0,0.0
70,Jacarei,JAC_L1,Kuat,2,0.0,0.0,0.0,0.0,0.0,21684.65
70,Jacarei,JAC_L1,Kuat,3,0.0,0.0,0.0,0.0,0.0,13360.11
70,Jacarei,JAC_L1,Kuat,4,0.0,0.0,0.0,0.0,0.0,0.0
70,Jacarei,JAC_L1,Kuat,5,0.0,0.0,0.0,0.0,0.0,0.0
70,Jacarei,JAC_L1,Kuat,6,0.0,0.0,0.0,0.0,0.0,0.0
70,Jacarei,JAC_L1,Kuat,7,0.0,0.0,0.0,0.0,0.0,0.0
70,Jacarei,JAC_L1,Kuat,8,0.0,0.0,9393.51,0.0,0.0,9393.51
70,Jacarei,JAC_L1,Kuat,9,0.0,0.0,0.0,0.0,0.0,0.0
70,Jacarei,JAC_L1,Kuat,10,0.0,0.0,0.0,0.0,0.0,2243.74
70,Jacarei,JAC_L1,Kuat,11,0.0,0.0,0.0,0.0,0.0,0.0
70,Jacarei,JAC_L1,Kuat,12,0.0,0.0,0.0,0.0,0.0,0.0
70,Jacarei,JAC_L1,Kuat,13,0.0,0.0,0.0,0.0,0.0,0.0
70,Jacarei,JAC_L1,Kuat,14,0.0,0.0,0.0,0.0,0.0,0.0
70,Jacarei,JAC_L1,Kuat,15,0.0,0.0,0.0,0.0,0.0,0.0
70,Jacarei,JAC_L1,Sukita_Laranja,1,0.0,0.0,0.0,0.0,0.0,0.0
70,Jacarei,JAC_L1,Sukita_Laranja,2,0.0,0.0,0.0,0.0,0.0,0.0
70,Jacarei,JAC_L1,Sukita_Laranja,3,0.0,0.0,0.0,0.0,0.0,0.0
70,Jacarei,JAC_L1,Sukita_Laranja,4,0.0,0.0,0.0,0.0,0.0,0.0
70,Jacarei,JAC_L1,Sukita_Laranja,5,0.0,0.0,0.0,0.0,0.0,0.0
70,Jacarei,JAC_L1,Sukita_Laranja,6,0.0,0.0,0.0,0.0,0.0,0.0
70,Jacarei,JAC_L1,Sukita_Laranja,7,0.0,0.0,0.0,0.0,0.0,4730.620000000001
70,Jacarei,JAC_L1,Sukita_Laranja,8,0.0,0.0,0.0,0.0,4730.620000000001,0.0
70,Jacarei,JAC_L1,Sukita_Laranja,9,0.0,0.0,3914.35,0.0,0.0,26366.93
70,Jacarei,JAC_L1,Sukita_Laranja,10,0.0,0.0,0.0,0.0,22452.58,0.0
70,Jacarei,JAC_L1,Sukita_Laranja,11,0.0,0.0,0.0,0.0,0.0,21246.359999999997
70,Jacarei,JAC_L1,Sukita_Laranja,12,0.0,0.0,0.0,0.0,0.0,21381.440000000002
70,Jacarei,JAC_L1,Sukita_Laranja,13,0.0,0.0,0.0,0.0,15823.079999999998,0.0
70,Jacarei,JAC_L1,Sukita_Laranja,14,0.0,0.0,0.0,0.0,0.0,12825.62
70,Jacarei,JAC_L1,Sukita_Laranja,15,0.0,0.0,0.0,0.0,10403.69,0.0
70,Jacarei,JAC_L1,Budweiser_Lata,1,0.0,0.0,0.0,0.0,0.0,0.0
70,Jacarei,JAC_L1,Budweiser_Lata,2,0.0,0.0,0.0,0.0,0.0,0.0
70,Jacarei,JAC_L1,Budweiser_Lata,3,0.0,0.0,0.0,0.0,0.0,0.0
70,Jacarei,JAC_L1,Budweiser_Lata,4,0.0,0.0,0.0,0.0,0.0,0.0
70,Jacarei,JAC_L1,Budweiser_Lata,5,0.0,0.0,0.0,0.0,0.0,0.0
70,Jacarei,JAC_L1,Budweiser_Lata,6,0.0,0.0,0.0,0.0,0.0,0.0
70,Jacarei,JAC_L1,Budweiser_Lata,7,0.0,0.0,0.0,0.0,0.0,0.0
70,Jacarei,JAC_L1,Budweiser_Lata,8,0.0,0.0,0.0,0.0,0.0,0.0
70,Jacarei,JAC_L1,Budweiser_Lata,9,0.0,0.0,17610.8,0.0,0.0,17610.8
70,Jacarei,JAC_L1,Budweiser_Lata,10,0.0,0.0,0.0,0.0,0.0,0.0
70,Jacarei,JAC_L1,Budweiser_Lata,11,0.0,0.0,0.0,0.0,0.0,11892.41
70,Jacarei,JAC_L1,Budweiser_Lata,12,0.0,0.0,0.0,0.0,0.0,0.0
70,Jacarei,JAC_L1,Budweiser_Lata,13,0.0,0.0,0.0,0.0,0.0,0.0
70,Jacarei,JAC_L1,Budweiser_Lata,14,0.0,0.0,0.0,0.0,0.0,0.0
70,Jacarei,JAC_L1,Budweiser_Lata,15,0.0,0.0,0.0,0.0,0.0,0.0
70,Jacarei,JAC_L1,Guarana_Antarctica_Zero,1,0.0,0.0,0.0,0.0,0.0,23619.4
70,Jacarei,JAC_L1,Guarana_Antarctica_Zero,2,0.0,0.0,0.0,0.0,0.0,0.0
70,Jacarei,JAC_L1,Guarana_Antarctica_Zero,3,0.0,0.0,0.0,0.0,0.0,0.0
70,Jacarei,JAC_L1,Guarana_Antarctica_Zero,4,0.0,0.0,0.0,0.0,0.0,0.0
70,Jacarei,JAC_L1,Guarana_Antarctica_Zero,5,0.0,0.0,0.0,0.0,0.0,12880.269999999997
70,Jacarei,JAC_L1,Guarana_Antarctica_Zero,6,0.0,0.0,0.0,0.0,10063.639999999996,8568.66
70,Jacarei,JAC_L1,Guarana_Antarctica_Zero,7,0.0,0.0,0.0,0.0,0.0,0.0
70,Jacarei,JAC_L1,Guarana_Antarctica_Zero,8,0.0,0.0,0.0,0.0,0.0,0.0
70,Jacarei,JAC_L1,Guarana_Antarctica_Zero,9,0.0,0.0,4224.57,0.0,0.0,4224.57
70,Jacarei,JAC_L1,Guarana_Antarctica_Zero,10,0.0,0.0,0.0,0.0,0.0,6499.98
70,Jacarei,JAC_L1,Guarana_Antarctica_Zero,11,0.0,0.0,0.0,0.0,0.0,20223.11
70,Jacarei,JAC_L1,Guarana_Antarctica_Zero,12,0.0,0.0,0.0,0.0,0.0,0.0
70,Jacarei,JAC_L1,Guarana_Antarctica_Zero,13,0.0,0.0,0.0,0.0,0.0,0.0
70,Jacarei,JAC_L1,Guarana_Antarctica_Zero,14,0.0,0.0,0.0,0.0,0.0,0.0
70,Jacarei,JAC_L1,Guarana_Antarctica_Zero,15,0.0,0.0,0.0,0.0,0.0,0.0
70,Jacarei,JAC_L1,Itaipava_Lata,1,0.0,0.0,0.0,0.0,0.0,0.0
70,Jacarei,JAC_L1,Itaipava_Lata,2,0.0,0.0,0.0,0.0,0.0,0.0
70,Jacarei,JAC_L1,Itaipava_Lata,3,0.0,0.0,0.0,0.0,0.0,0.0
70,Jacarei,JAC_L1,Itaipava_Lata,4,0.0,0.0,0.0,0.0,0.0,5117.59
70,Jacarei,JAC_L1,Itaipava_Lata,5,0.0,0.0,0.0,0.0,0.0,0.0
70,Jacarei,JAC_L1,Itaipava_Lata,6,0.0,0.0,0.0,0.0,0.0,0.0
70,Jacarei,JAC_L1,Itaipava_Lata,7,0.0,0.0,0.0,0.0,0.0,0.0
70,Jacarei,JAC_L1,Itaipava_Lata,8,0.0,0.0,0.0,0.0,0.0,0.0
70,Jacarei,JAC_L1,Itaipava_Lata,9,0.0,0.0,0.0,0.0,0.0,0.0
70,Jacarei,JAC_L1,Itaipava_Lata,10,0.0,0.0,12912.27,0.0,0.0,12912.27
70,Jacarei,JAC_L1,Itaipava_Lata,11,0.0,0.0,0.0,0.0,0.0,0.0
70,Jacarei,JAC_L1,Itaipava_Lata,12,0.0,0.0,0.0,0.0,0.0,0.0
70,Jacarei,JAC_L1,Itaipava_Lata,13,0.0,0.0,0.0,0.0,0.0,0.0
70,Jacarei,JAC_L1,Itaipava_Lata,14,0.0,0.0,0.0,0.0,0.0,0.0
70,Jacarei,JAC_L1,Itaipava_Lata,15,0.0,0.0,0.0,0.0,0.0,0.0
70,Jacarei,JAC_L1,Brahma_Lata,1,0.0,0.0,0.0,0.0,26503.770000000004,0.0
70,Jacarei,JAC_L1,Brahma_Lata,2,0.0,0.0,0.0,0.0,0.0,5117.14
70,Jacarei,JAC_L1,Brahma_Lata,3,0.0,0.0,0.0,0.0,7906.870000000002,0.0
70,Jacarei,JAC_L1,Brahma_Lata,4,0.0,0.0,0.0,0.0,36552.00000000001,0.0
70,Jacarei,JAC_L1,Brahma_Lata,5,0.0,0.0,0.0,0.0,0.0,0.0
70,Jacarei,JAC_L1,Brahma_Lata,6,0.0,0.0,0.0,0.0,0.0,0.0
70,Jacarei,JAC_L1,Brahma_Lata,7,0.0,0.0,0.0,0.0,0.0,8544.909999999993
70,Jacarei,JAC_L1,Brahma_Lata,8,0.0,0.0,0.0,0.0,0.0,0.0
70,Jacarei,JAC_L1,Brahma_Lata,9,0.0,0.0,0.0,0.0,9798.249999999998,0.0
70,Jacarei,JAC_L1,Brahma_Lata,10,0.0,0.0,0.0,0.0,21263.16,0.0
70,Jacarei,JAC_L1,Brahma_Lata,11,0.0,0.0,20247.78,0.0,31416.450000000015,20247.78
70,Jacarei,JAC_L1,Brahma_Lata,12,0.0,0.0,0.0,0.0,11032.880000000001,0.0
70,Jacarei,JAC_L1,Brahma_Lata,13,0.0,0.0,0.0,0.0,8910.150000000012,0.0
70,Jacarei,JAC_L1,Brahma_Lata,14,0.0,0.0,0.0,0.0,0.0,0.0
70,Jacarei,JAC_L1,Brahma_Lata,15,0.0,0.0,0.0,0.0,41280.0,0.0
70,Jacarei,JAC_L1,Eisenbahn_Pilsen,1,0.0,0.0,0.0,0.0,0.0,0.0
70,Jacarei,JAC_L1,Eisenbahn_Pilsen,2,0.0,0.0,0.0,0.0,0.0,0.0
70,Jacarei,JAC_L1,Eisenbahn_Pilsen,3,0.0,0.0,0.0,0.0,0.0,0.0
70,Jacarei,JAC_L1,Eisenbahn_Pilsen,4,0.0,0.0,0.0,0.0,0.0,0.0
70,Jacarei,JAC_L1,Eisenbahn_Pilsen,5,0.0,0.0,0.0,0.0,0.0,0.0
70,Jacarei,JAC_L1,Eisenbahn_Pilsen,6,0.0,0.0,0.0,0.0,0.0,0.0
70,Jacarei,JAC_L1,Eisenbahn_Pilsen,7,0.0,0.0,0.0,0.0,0.0,0.0
70,Jacarei,JAC_L1,Eisenbahn_Pilsen,8,0.0,0.0,0.0,0.0,0.0,10231.97
70,Jacarei,JAC_L1,Eisenbahn_Pilsen,9,0.0,0.0,0.0,0.0,0.0,0.0
70,Jacarei,JAC_L1,Eisenbahn_Pilsen,10,0.0,0.0,0.0,0.0,0.0,0.0
70,Jacarei,JAC_L1,Eisenbahn_Pilsen,11,0.0,0.0,0.0,0.0,0.0,0.0
70,Jacarei,JAC_L1,Eisenbahn_Pilsen,12,0.0,0.0,13112.98,0.0,0.0,13112.98
70,Jacarei,JAC_L1,Eisenbahn_Pilsen,13,0.0,0.0,0.0,0.0,0.0,0.0
70,Jacarei,JAC_L1,Eisenbahn_Pilsen,14,0.0,0.0,4215.89,0.0,0.0,4215.89
70,Jacarei,JAC_L1,Eisenbahn_Pilsen,15,0.0,0.0,0.0,0.0,0.0,0.0
70,Jacarei,JAC_L1,Pepsi_Black,1,0.0,0.0,0.0,0.0,0.0,738.63
70,Jacarei,JAC_L1,Pepsi_Black,2,0.0,0.0,0.0,0.0,0.0,0.0
70,Jacarei,JAC_L1,Pepsi_Black,3,0.0,0.0,0.0,0.0,0.0,0.0
70,Jacarei,JAC_L1,Pepsi_Black,4,0.0,0.0,0.0,0.0,0.0,0.0
70,Jacarei,JAC_L1,Pepsi_Black,5,0.0,0.0,0.0,0.0,0.0,0.0
70,Jacarei,JAC_L1,Pepsi_Black,6,0.0,0.0,0.0,0.0,0.0,0.0
70,Jacarei,JAC_L1,Pepsi_Black,7,0.0,0.0,0.0,0.0,0.0,0.0
70,Jacarei,JAC_L1,Pepsi_Black,8,0.0,0.0,0.0,0.0,0.0,0.0
70,Jacarei,JAC_L1,Pepsi_Black,9,0.0,0.0,0.0,0.0,0.0,0.0
70,Jacarei,JAC_L1,Pepsi_Black,10,0.0,0.0,0.0,0.0,0.0,12912.48
70,Jacarei,JAC_L1,Pepsi_Black,11,0.0,0.0,0.0,0.0,0.0,0.0
70,Jacarei,JAC_L1,Pepsi_Black,12,0.0,0.0,12215.62,0.0,0.0,12215.62
70,Jacarei,JAC_L1,Pepsi_Black,13,0.0,0.0,0.0,0.0,0.0,26534.119999999995
70,Jacarei,JAC_L1,Pepsi_Black,14,0.0,0.0,0.0,0.0,0.0,0.0
70,Jacarei,JAC_L1,Pepsi_Black,15,0.0,0.0,0.0,0.0,0.0,7065.74
70,Jacarei,JAC_L1,Guarana_Antarctica,1,0.0,0.0,0.0,0.0,9616.229999999994,0.0
70,Jacarei,JAC_L1,Guarana_Antarctica,2,0.0,0.0,0.0,0.0,37103.99999999999,0.0
70,Jacarei,JAC_L1,Guarana_Antarctica,3,0.0,0.0,0.0,0.0,29917.13,0.0
70,Jacarei,JAC_L1,Guarana_Antarctica,4,0.0,0.0,0.0,0.0,0.0,0.0
70,Jacarei,JAC_L1,Guarana_Antarctica,5,0.0,0.0,0.0,0.0,26906.34,26906.34
70,Jacarei,JAC_L1,Guarana_Antarctica,6,0.0,0.0,0.0,0.0,36744.0,0.0
70,Jacarei,JAC_L1,Guarana_Antarctica,7,0.0,0.0,0.0,0.0,25391.769999999993,0.0
70,Jacarei,JAC_L1,Guarana_Antarctica,8,0.0,0.0,0.0,0.0,40776.0,9125.61
70,Jacarei,JAC_L1,Guarana_Antarctica,9,0.0,0.0,0.0,0.0,8794.11,0.0
70,Jacarei,JAC_L1,Guarana_Antarctica,10,0.0,0.0,0.0,0.0,17496.84,11449.21
70,Jacarei,JAC_L1,Guarana_Antarctica,11,0.0,0.0,0.0,0.0,5135.54999999999,0.0
70,Jacarei,JAC_L1,Guarana_Antarctica,12,0.0,0.0,0.0,0.0,0.0,0.0
70,Jacarei,JAC_L1,Guarana_Antarctica,13,0.0,0.0,0.0,0.0,31193.849999999988,0.0
70,Jacarei,JAC_L1,Guarana_Antarctica,14,0.0,0.0,5627.51,0.0,39096.00000000001,5627.51
70,Jacarei,JAC_L1,Guarana_Antarctica,15,0.0,0.0,0.0,0.0,0.0,8088.65
70,Jacarei,JAC_L1,Amstel_Lata,1,0.0,0.0,0.0,0.0,0.0,0.0
70,Jacarei,JAC_L1,Amstel_Lata,2,0.0,0.0,0.0,0.0,0.0,0.0
70,Jacarei,JAC_L1,Amstel_Lata,3,0.0,0.0,0.0,0.0,0.0,11179.31
70,Jacarei,JAC_L1,Amstel_Lata,4,0.0,0.0,0.0,0.0,0.0,0.0
70,Jacarei,JAC_L1,Amstel_Lata,5,0.0,0.0,0.0,0.0,0.0,0.0
70,Jacarei,JAC_L1,Amstel_Lata,6,0.0,0.0,0.0,0.0,0.0,4662.46
70,Jacarei,JAC_L1,Amstel_Lata,7,0.0,0.0,0.0,0.0,0.0,0.0
70,Jacarei,JAC_L1,Amstel_Lata,8,0.0,0.0,0.0,0.0,0.0,0.0
70,Jacarei,JAC_L1,Amstel_Lata,9,0.0,0.0,0.0,0.0,0.0,0.0
70,Jacarei,JAC_L1,Amstel_Lata,10,0.0,0.0,0.0,0.0,0.0,0.0
70,Jacarei,JAC_L1,Amstel_Lata,11,0.0,0.0,0.0,0.0,0.0,0.0
70,Jacarei,JAC_L1,Amstel_Lata,12,0.0,0.0,0.0,0.0,0.0,0.0
70,Jacarei,JAC_L1,Amstel_Lata,13,0.0,0.0,0.0,0.0,0.0,0.0
70,Jacarei,JAC_L1,Amstel_Lata,14,0.0,0.0,0.0,0.0,0.0,0.0
70,Jacarei,JAC_L1,Amstel_Lata,15,0.0,0.0,13280.17,0.0,0.0,13280.17
70,Jacarei,JAC_L1,Del_Valle_Laranja,1,0.0,0.0,0.0,0.0,0.0,3411.23
70,Jacarei,JAC_L1,Del_Valle_Laranja,2,0.0,0.0,0.0,0.0,0.0,0.0
70,Jacarei,JAC_L1,Del_Valle_Laranja,3,0.0,0.0,0.0,0.0,0.0,0.0
70,Jacarei,JAC_L1,Del_Valle_Laranja,4,0.0,0.0,0.0,0.0,0.0,0.0
70,Jacarei,JAC_L1,Del_Valle_Laranja,5,0.0,0.0,0.0,0.0,0.0,0.0
70,Jacarei,JAC_L1,Del_Valle_Laranja,6,0.0,0.0,0.0,0.0,0.0,0.0
70,Jacarei,JAC_L1,Del_Valle_Laranja,7,0.0,0.0,0.0,0.0,0.0,0.0
70,Jacarei,JAC_L1,Del_Valle_Laranja,8,0.0,0.0,0.0,0.0,0.0,0.0
70,Jacarei,JAC_L1,Del_Valle_Laranja,9,0.0,0.0,0.0,0.0,0.0,24879.97
70,Jacarei,JAC_L1,Del_Valle_Laranja,10,0.0,0.0,0.0,0.0,0.0,0.0
70,Jacarei,JAC_L1,Del_Valle_Laranja,11,0.0,0.0,0.0,0.0,0.0,0.0
70,Jacarei,JAC_L1,Del_Valle_Laranja,12,0.0,0.0,0.0,0.0,0.0,0.0
70,Jacarei,JAC_L1,Del_Valle_Laranja,13,0.0,0.0,0.0,0.0,0.0,0.0
70,Jacarei,JAC_L1,Del_Valle_Laranja,14,0.0,0.0,0.0,0.0,0.0,0.0
70,Jacarei,JAC_L1,Del_Valle_Laranja,15,0.0,0.0,0.0,0.0,0.0,0.0
70,Jacarei,JAC_L1,Fanta_Uva,1,0.0,0.0,0.0,0.0,0.0,0.0
70,Jacarei,JAC_L1,Fanta_Uva,2,0.0,0.0,0.0,0.0,0.0,21951.99
70,Jacarei,JAC_L1,Fanta_Uva,3,0.0,0.0,0.0,0.0,2036.070000000002,0.0
70,Jacarei,JAC_L1,Fanta_Uva,4,0.0,0.0,0.0,0.0,19915.92,19915.92
70,Jacarei,JAC_L1,Fanta_Uva,5,0.0,0.0,0.0,0.0,0.0,7079.0
70,Jacarei,JAC_L1,Fanta_Uva,6,0.0,0.0,0.0,0.0,0.0,0.0
70,Jacarei,JAC_L1,Fanta_Uva,7,0.0,0.0,0.0,0.0,0.0,0.0
70,Jacarei,JAC_L1,Fanta_Uva,8,0.0,0.0,0.0,0.0,0.0,0.0
70,Jacarei,JAC_L1,Fanta_Uva,9,0.0,0.0,0.0,0.0,0.0,0.0
70,Jacarei,JAC_L1,Fanta_Uva,10,0.0,0.0,0.0,0.0,0.0,31842.159999999978
70,Jacarei,JAC_L1,Fanta_Uva,11,0.0,0.0,0.0,0.0,31842.159999999978,0.0
70,Jacarei,JAC_L1,Fanta_Uva,12,0.0,0.0,0.0,0.0,0.0,720.3499999999931
70,Jacarei,JAC_L1,Fanta_Uva,13,0.0,0.0,0.0,0.0,720.3499999999931,0.0
70,Jacarei,JAC_L1,Fanta_Uva,14,0.0,0.0,0.0,0.0,0.0,4503.610000000001
70,Jacarei,JAC_L1,Fanta_Uva,15,0.0,0.0,0.0,0.0,3381.3500000000004,0.0
70,Jacarei,JAC_L1,Maguary_Maracuja,1,0.0,0.0,0.0,0.0,0.0,0.0
70,Jacarei,JAC_L1,Maguary_Maracuja,2,0.0,0.0,0.0,0.0,0.0,0.0
70,Jacarei,JAC_L1,Maguary_Maracuja,3,0.0,0.0,0.0,0.0,0.0,0.0
70,Jacarei,JAC_L1,Maguary_Maracuja,4,0.0,0.0,0.0,0.0,0.0,0.0
70,Jacarei,JAC_L1,Maguary_Maracuja,5,0.0,0.0,0.0,0.0,0.0,0.0
70,Jacarei,JAC_L1,Maguary_Maracuja,6,0.0,0.0,0.0,0.0,0.0,0.0
70,Jacarei,JAC_L1,Maguary_Maracuja,7,0.0,0.0,0.0,0.0,0.0,17962.55
70,Jacarei,JAC_L1,Maguary_Maracuja,8,0.0,0.0,0.0,0.0,0.0,0.0
70,Jacarei,JAC_L1,Maguary_Maracuja,9,0.0,0.0,0.0,0.0,0.0,0.0
70,Jacarei,JAC_L1,Maguary_Maracuja,10,0.0,0.0,0.0,0.0,0.0,0.0
70,Jacarei,JAC_L1,Maguary_Maracuja,11,0.0,0.0,0.0,0.0,0.0,0.0
70,Jacarei,JAC_L1,Maguary_Maracuja,12,0.0,0.0,0.0,0.0,0.0,0.0
70,Jacarei,JAC_L1,Maguary_Maracuja,13,0.0,0.0,0.0,0.0,0.0,0.0
70,Jacarei,JAC_L1,Maguary_Maracuja,14,0.0,0.0,0.0,0.0,0.0,12215.37
70,Jacarei,JAC_L1,Maguary_Maracuja,15,0.0,0.0,0.0,0.0,0.0,0.0
70,Jacarei,JAC_L1,Coca_Cola,1,0.0,0.0,0.0,0.0,0.0,0.0
70,Jacarei,JAC_L1,Coca_Cola,2,0.0,0.0,0.0,0.0,0.0,0.0
70,Jacarei,JAC_L1,Coca_Cola,3,0.0,0.0,0.0,0.0,0.0,0.0
70,Jacarei,JAC_L1,Coca_Cola,4,0.0,0.0,0.0,0.0,21372.25,0.0
70,Jacarei,JAC_L1,Coca_Cola,5,0.0,0.0,0.0,0.0,0.0,0.0
70,Jacarei,JAC_L1,Coca_Cola,6,0.0,0.0,0.0,0.0,0.0,0.0
70,Jacarei,JAC_L1,Coca_Cola,7,0.0,0.0,0.0,0.0,0.0,0.0
70,Jacarei,JAC_L1,Coca_Cola,8,0.0,0.0,0.0,0.0,11084.54,0.0
70,Jacarei,JAC_L1,Coca_Cola,9,0.0,0.0,0.0,0.0,9951.02,0.0
70,Jacarei,JAC_L1,Coca_Cola,10,0.0,0.0,0.0,0.0,31782.46,0.0
70,Jacarei,JAC_L1,Coca_Cola,11,0.0,0.0,0.0,0.0,21847.34,0.0
70,Jacarei,JAC_L1,Coca_Cola,12,0.0,0.0,0.0,0.0,6901.500000000002,0.0
70,Jacarei,JAC_L1,Coca_Cola,13,0.0,0.0,0.0,0.0,0.0,0.0
70,Jacarei,JAC_L1,Coca_Cola,14,0.0,0.0,0.0,0.0,27759.910000000003,0.0
70,Jacarei,JAC_L1,Coca_Cola,15,0.0,0.0,0.0,0.0,39264.0,12789.82
70,Jacarei,JAC_L1,H2OH_Limao,1,0.0,0.0,0.0,0.0,0.0,0.0
70,Jacarei,JAC_L1,H2OH_Limao,2,0.0,0.0,0.0,0.0,0.0,0.0
70,Jacarei,JAC_L1,H2OH_Limao,3,0.0,0.0,0.0,0.0,0.0,0.0
70,Jacarei,JAC_L1,H2OH_Limao,4,0.0,0.0,0.0,0.0,0.0,0.0
70,Jacarei,JAC_L1,H2OH_Limao,5,0.0,0.0,0.0,0.0,0.0,0.0
70,Jacarei,JAC_L1,H2OH_Limao,6,0.0,0.0,0.0,0.0,0.0,12356.86
70,Jacarei,JAC_L1,H2OH_Limao,7,0.0,0.0,0.0,0.0,0.0,0.0
70,Jacarei,JAC_L1,H2OH_Limao,8,0.0,0.0,0.0,0.0,0.0,0.0
70,Jacarei,JAC_L1,H2OH_Limao,9,0.0,0.0,0.0,0.0,0.0,0.0
70,Jacarei,JAC_L1,H2OH_Limao,10,0.0,0.0,0.0,0.0,0.0,0.0
70,Jacarei,JAC_L1,H2OH_Limao,11,0.0,0.0,0.0,0.0,0.0,0.0
70,Jacarei,JAC_L1,H2OH_Limao,12,0.0,0.0,0.0,0.0,0.0,0.0
70,Jacarei,JAC_L1,H2OH_Limao,13,0.0,0.0,0.0,0.0,0.0,0.0
70,Jacarei,JAC_L1,H2OH_Limao,14,0.0,0.0,0.0,0.0,0.0,0.0
70,Jacarei,JAC_L1,H2OH_Limao,15,0.0,0.0,0.0,0.0,0.0,8359.27
70,Jacarei,JAC_L1,Schweppes_Citrus,1,0.0,0.0,0.0,0.0,0.0,0.0
70,Jacarei,JAC_L1,Schweppes_Citrus,2,0.0,0.0,0.0,0.0,9357.34,9357.34
70,Jacarei,JAC_L1,Schweppes_Citrus,3,0.0,0.0,0.0,0.0,0.0,0.0
70,Jacarei,JAC_L1,Schweppes_Citrus,4,0.0,0.0,0.0,0.0,0.0,0.0
70,Jacarei,JAC_L1,Schweppes_Citrus,5,0.0,0.0,0.0,0.0,0.0,0.0
70,Jacarei,JAC_L1,Schweppes_Citrus,6,0.0,0.0,0.0,0.0,0.0,0.0
70,Jacarei,JAC_L1,Schweppes_Citrus,7,0.0,0.0,0.0,0.0,24607.46,24607.46
70,Jacarei,JAC_L1,Schweppes_Citrus,8,0.0,0.0,0.0,0.0,0.0,0.0
70,Jacarei,JAC_L1,Schweppes_Citrus,9,0.0,0.0,0.0,0.0,0.0,0.0
70,Jacarei,JAC_L1,Schweppes_Citrus,10,0.0,0.0,0.0,0.0,0.0,35810.18999999999
70,Jacarei,JAC_L1,Schweppes_Citrus,11,0.0,0.0,0.0,0.0,8523.669999999987,0.0
70,Jacarei,JAC_L1,Schweppes_Citrus,12,0.0,0.0,0.0,0.0,0.0,0.0
70,Jacarei,JAC_L1,Schweppes_Citrus,13,0.0,0.0,0.0,0.0,5543.17,5543.17
70,Jacarei,JAC_L1,Schweppes_Citrus,14,0.0,0.0,0.0,0.0,0.0,0.0
70,Jacarei,JAC_L1,Schweppes_Citrus,15,0.0,0.0,0.0,0.0,6555.14,6555.14
70,Jacarei,JAC_L1,Sprite,1,0.0,0.0,0.0,0.0,0.0,0.0
70,Jacarei,JAC_L1,Sprite,2,0.0,0.0,0.0,0.0,0.0,0.0
70,Jacarei,JAC_L1,Sprite,3,0.0,0.0,0.0,0.0,0.0,0.0
70,Jacarei,JAC_L1,Sprite,4,0.0,0.0,0.0,0.0,0.0,0.0
70,Jacarei,JAC_L1,Sprite,5,0.0,0.0,0.0,0.0,0.0,0.0
70,Jacarei,JAC_L1,Sprite,6,0.0,0.0,0.0,0.0,0.0,0.0
70,Jacarei,JAC_L1,Sprite,7,0.0,0.0,0.0,0.0,0.0,0.0
70,Jacarei,JAC_L1,Sprite,8,0.0,0.0,0.0,0.0,0.0,0.0
70,Jacarei,JAC_L1,Sprite,9,0.0,0.0,0.0,0.0,0.0,0.0
70,Jacarei,JAC_L1,Sprite,10,0.0,0.0,0.0,0.0,0.0,0.0
70,Jacarei,JAC_L1,Sprite,11,0.0,0.0,0.0,0.0,0.0,0.0
70,Jacarei,JAC_L1,Sprite,12,0.0,0.0,0.0,0.0,0.0,0.0
70,Jacarei,JAC_L1,Sprite,13,0.0,0.0,0.0,0.0,0.0,0.0
70,Jacarei,JAC_L1,Sprite,14,0.0,0.0,0.0,0.0,0.0,0.0
70,Jacarei,JAC_L1,Sprite,15,0.0,0.0,0.0,0.0,0.0,0.0
70,Jacarei,JAC_L1,Del_Valle_Uva,1,0.0,0.0,0.0,0.0,0.0,0.0
70,Jacarei,JAC_L1,Del_Valle_Uva,2,0.0,0.0,0.0,0.0,0.0,0.0
70,Jacarei,JAC_L1,Del_Valle_Uva,3,0.0,0.0,0.0,0.0,0.0,0.0
70,Jacarei,JAC_L1,Del_Valle_Uva,4,0.0,0.0,0.0,0.0,0.0,0.0
70,Jacarei,JAC_L1,Del_Valle_Uva,5,0.0,0.0,0.0,0.0,0.0,0.0
70,Jacarei,JAC_L1,Del_Valle_Uva,6,0.0,0.0,0.0,0.0,0.0,0.0
70,Jacarei,JAC_L1,Del_Valle_Uva,7,0.0,0.0,0.0,0.0,0.0,0.0
70,Jacarei,JAC_L1,Del_Valle_Uva,8,0.0,0.0,0.0,0.0,0.0,0.0
70,Jacarei,JAC_L1,Del_Valle_Uva,9,0.0,0.0,0.0,0.0,0.0,0.0
70,Jacarei,JAC_L1,Del_Valle_Uva,10,0.0,0.0,0.0,0.0,0.0,0.0
70,Jacarei,JAC_L1,Del_Valle_Uva,11,0.0,0.0,0.0,0.0,0.0,0.0
70,Jacarei,JAC_L1,Del_Valle_Uva,12,0.0,0.0,0.0,0.0,0.0,0.0
70,Jacarei,JAC_L1,Del_Valle_Uva,13,0.0,0.0,0.0,0.0,0.0,0.0
70,Jacarei,JAC_L1,Del_Valle_Uva,14,0.0,0.0,0.0,0.0,0.0,0.0
70,Jacarei,JAC_L1,Del_Valle_Uva,15,0.0,0.0,0.0,0.0,0.0,0.0
70,Jacarei,JAC_L1,Pepsi,1,0.0,0.0,0.0,0.0,0.0,0.0
70,Jacarei,JAC_L1,Pepsi,2,0.0,0.0,0.0,0.0,0.0,0.0
70,Jacarei,JAC_L1,Pepsi,3,0.0,0.0,0.0,0.0,0.0,0.0
70,Jacarei,JAC_L1,Pepsi,4,0.0,0.0,0.0,0.0,0.0,0.0
70,Jacarei,JAC_L1,Pepsi,5,0.0,0.0,0.0,0.0,0.0,0.0
70,Jacarei,JAC_L1,Pepsi,6,0.0,0.0,0.0,0.0,0.0,0.0
70,Jacarei,JAC_L1,Pepsi,7,0.0,0.0,0.0,0.0,0.0,0.0
70,Jacarei,JAC_L1,Pepsi,8,0.0,0.0,0.0,0.0,0.0,0.0
70,Jacarei,JAC_L1,Pepsi,9,0.0,0.0,0.0,0.0,0.0,0.0
70,Jacarei,JAC_L1,Pepsi,10,0.0,0.0,0.0,0.0,0.0,0.0
70,Jacarei,JAC_L1,Pepsi,11,0.0,0.0,0.0,0.0,0.0,0.0
70,Jacarei,JAC_L1,Pepsi,12,0.0,0.0,0.0,0.0,0.0,0.0
70,Jacarei,JAC_L1,Pepsi,13,0.0,0.0,0.0,0.0,0.0,0.0
70,Jacarei,JAC_L1,Pepsi,14,0.0,0.0,0.0,0.0,0.0,0.0
70,Jacarei,JAC_L1,Pepsi,15,0.0,0.0,0.0,0.0,0.0,0.0
70,Jacarei,JAC_L2,Fanta_Laranja,1,0.0,0.0,0.0,0.0,0.0,5761.51
70,Jacarei,JAC_L2,Fanta_Laranja,2,0.0,0.0,0.0,0.0,6503.850000000002,6503.850000000002
70,Jacarei,JAC_L2,Fanta_Laranja,3,0.0,0.0,0.0,0.0,12073.61,12073.61
70,Jacarei,JAC_L2,Fanta_Laranja,4,0.0,0.0,0.0,0.0,0.0,24829.97
70,Jacarei,JAC_L2,Fanta_Laranja,5,0.0,0.0,0.0,0.0,6759.330000000009,6759.330000000009
70,Jacarei,JAC_L2,Fanta_Laranja,6,0.0,0.0,0.0,0.0,0.0,0.0
70,Jacarei,JAC_L2,Fanta_Laranja,7,0.0,0.0,0.0,0.0,0.0,0.0
70,Jacarei,JAC_L2,Fanta_Laranja,8,0.0,0.0,0.0,0.0,0.0,0.0
70,Jacarei,JAC_L2,Fanta_Laranja,9,0.0,0.0,0.0,0.0,0.0,0.0
70,Jacarei,JAC_L2,Fanta_Laranja,10,0.0,0.0,0.0,0.0,601.6100000000188,601.6100000000188
70,Jacarei,JAC_L2,Fanta_Laranja,11,0.0,0.0,0.0,0.0,0.0,0.0
70,Jacarei,JAC_L2,Fanta_Laranja,12,0.0,0.0,0.0,0.0,0.0,0.0
70,Jacarei,JAC_L2,Fanta_Laranja,13,0.0,0.0,0.0,0.0,0.0,0.0
70,Jacarei,JAC_L2,Fanta_Laranja,14,0.0,0.0,0.0,0.0,0.0,0.0
70,Jacarei,JAC_L2,Fanta_Laranja,15,0.0,0.0,0.0,0.0,0.0,0.0
70,Jacarei,JAC_L2,Itubaina,1,0.0,0.0,0.0,0.0,0.0,33235.01
70,Jacarei,JAC_L2,Itubaina,2,0.0,0.0,0.0,0.0,0.0,0.0
70,Jacarei,JAC_L2,Itubaina,3,0.0,0.0,0.0,0.0,0.0,11047.07
70,Jacarei,JAC_L2,Itubaina,4,0.0,0.0,0.0,0.0,0.0,0.0
70,Jacarei,JAC_L2,Itubaina,5,0.0,0.0,0.0,0.0,0.0,0.0
70,Jacarei,JAC_L2,Itubaina,6,0.0,0.0,0.0,0.0,0.0,20693.66
70,Jacarei,JAC_L2,Itubaina,7,0.0,0.0,0.0,0.0,0.0,0.0
70,Jacarei,JAC_L2,Itubaina,8,0.0,0.0,0.0,0.0,0.0,0.0
70,Jacarei,JAC_L2,Itubaina,9,0.0,0.0,0.0,0.0,0.0,0.0
70,Jacarei,JAC_L2,Itubaina,10,0.0,0.0,0.0,0.0,0.0,0.0
70,Jacarei,JAC_L2,Itubaina,11,0.0,0.0,0.0,0.0,0.0,0.0
70,Jacarei,JAC_L2,Itubaina,12,0.0,0.0,0.0,0.0,0.0,2280.64
70,Jacarei,JAC_L2,Itubaina,13,0.0,0.0,0.0,0.0,0.0,0.0
70,Jacarei,JAC_L2,Itubaina,14,0.0,0.0,0.0,0.0,0.0,14673.2
70,Jacarei,JAC_L2,Itubaina,15,0.0,0.0,0.0,0.0,0.0,0.0
70,Jacarei,JAC_L2,Skol_Lata,1,0.0,0.0,0.0,0.0,0.0,11112.73
70,Jacarei,JAC_L2,Skol_Lata,2,0.0,0.0,0.0,0.0,0.0,0.0
70,Jacarei,JAC_L2,Skol_Lata,3,0.0,0.0,0.0,0.0,0.0,0.0
70,Jacarei,JAC_L2,Skol_Lata,4,0.0,2984.6800000000003,0.0,0.0,0.0,2984.6800000000003
70,Jacarei,JAC_L2,Skol_Lata,5,0.0,0.0,0.0,0.0,2984.6800000000003,0.0
70,Jacarei,JAC_L2,Skol_Lata,6,0.0,0.0,0.0,0.0,0.0,0.0
70,Jacarei,JAC_L2,Skol_Lata,7,0.0,0.0,0.0,0.0,0.0,0.0
70,Jacarei,JAC_L2,Skol_Lata,8,0.0,0.0,0.0,0.0,0.0,0.0
70,Jacarei,JAC_L2,Skol_Lata,9,0.0,0.0,0.0,0.0,0.0,0.0
70,Jacarei,JAC_L2,Skol_Lata,10,0.0,9271.060000000009,0.0,0.0,0.0,9271.060000000009
70,Jacarei,JAC_L2,Skol_Lata,11,0.0,0.0,0.0,0.0,9271.060000000009,0.0
70,Jacarei,JAC_L2,Skol_Lata,12,0.0,0.0,0.0,0.0,0.0,0.0
70,Jacarei,JAC_L2,Skol_Lata,13,0.0,0.0,0.0,0.0,0.0,0.0
70,Jacarei,JAC_L2,Skol_Lata,14,0.0,0.0,0.0,0.0,0.0,0.0
70,Jacarei,JAC_L2,Skol_Lata,15,0.0,0.0,0.0,0.0,0.0,0.0
70,Jacarei,JAC_L2,Heineken_Lata,1,0.0,0.0,0.0,0.0,0.0,0.0
70,Jacarei,JAC_L2,Heineken_Lata,2,0.0,0.0,0.0,0.0,0.0,14245.03
70,Jacarei,JAC_L2,Heineken_Lata,3,0.0,0.0,0.0,0.0,0.0,12351.17
70,Jacarei,JAC_L2,Heineken_Lata,4,0.0,0.0,0.0,0.0,0.0,0.0
70,Jacarei,JAC_L2,Heineken_Lata,5,0.0,0.0,0.0,0.0,0.0,0.0
70,Jacarei,JAC_L2,Heineken_Lata,6,0.0,0.0,0.0,0.0,0.0,0.0
70,Jacarei,JAC_L2,Heineken_Lata,7,0.0,0.0,0.0,0.0,0.0,0.0
70,Jacarei,JAC_L2,Heineken_Lata,8,0.0,0.0,10965.57,0.0,0.0,10965.57
70,Jacarei,JAC_L2,Heineken_Lata,9,0.0,0.0,0.0,0.0,0.0,0.0
70,Jacarei,JAC_L2,Heineken_Lata,10,0.0,0.0,0.0,0.0,0.0,0.0
70,Jacarei,JAC_L2,Heineken_Lata,11,0.0,0.0,0.0,0.0,0.0,0.0
70,Jacarei,JAC_L2,Heineken_Lata,12,0.0,0.0,0.0,0.0,0.0,0.0
70,Jacarei,JAC_L2,Heineken_Lata,13,0.0,0.0,0.0,0.0,1478.84,1478.84
70,Jacarei,JAC_L2,Heineken_Lata,14,0.0,0.0,0.0,0.0,0.0,0.0
70,Jacarei,JAC_L2,Heineken_Lata,15,0.0,0.0,0.0,0.0,0.0,0.0
70,Jacarei,JAC_L2,Coca_Cola_Zero,1,0.0,0.0,0.0,0.0,0.0,0.0
70,Jacarei,JAC_L2,Coca_Cola_Zero,2,0.0,0.0,0.0,0.0,0.0,14154.41
70,Jacarei,JAC_L2,Coca_Cola_Zero,3,0.0,0.0,0.0,0.0,0.0,0.0
70,Jacarei,JAC_L2,Coca_Cola_Zero,4,0.0,0.0,0.0,0.0,0.0,0.0
70,Jacarei,JAC_L2,Coca_Cola_Zero,5,0.0,0.0,0.0,0.0,0.0,0.0
70,Jacarei,JAC_L2,Coca_Cola_Zero,6,0.0,0.0,0.0,0.0,0.0,0.0
70,Jacarei,JAC_L2,Coca_Cola_Zero,7,0.0,0.0,0.0,0.0,0.0,29734.05
70,Jacarei,JAC_L2,Coca_Cola_Zero,8,0.0,0.0,0.0,0.0,0.0,0.0
70,Jacarei,JAC_L2,Coca_Cola_Zero,9,0.0,0.0,0.0,0.0,0.0,0.0
70,Jacarei,JAC_L2,Coca_Cola_Zero,10,0.0,0.0,0.0,0.0,0.0,0.0
70,Jacarei,JAC_L2,Coca_Cola_Zero,11,0.0,0.0,0.0,0.0,0.0,6939.3
70,Jacarei,JAC_L2,Coca_Cola_Zero,12,0.0,0.0,0.0,0.0,0.0,0.0
70,Jacarei,JAC_L2,Coca_Cola_Zero,13,0.0,0.0,0.0,0.0,0.0,23991.32
70,Jacarei,JAC_L2,Coca_Cola_Zero,14,0.0,0.0,0.0,0.0,0.0,0.0
70,Jacarei,JAC_L2,Coca_Cola_Zero,15,0.0,0.0,0.0,0.0,0.0,0.0
70,Jacarei,JAC_L2,Antarctica_Lata,1,0.0,0.0,0.0,0.0,0.0,373.02000000000044
70,Jacarei,JAC_L2,Antarctica_Lata,2,0.0,0.0,0.0,0.0,373.02000000000044,0.0
70,Jacarei,JAC_L2,Antarctica_Lata,3,0.0,0.0,0.0,0.0,0.0,3832.13
70,Jacarei,JAC_L2,Antarctica_Lata,4,0.0,0.0,0.0,0.0,0.0,0.0
70,Jacarei,JAC_L2,Antarctica_Lata,5,0.0,0.0,0.0,0.0,0.0,0.0
70,Jacarei,JAC_L2,Antarctica_Lata,6,0.0,0.0,0.0,0.0,0.0,10594.810000000003
70,Jacarei,JAC_L2,Antarctica_Lata,7,0.0,0.0,11488.28,0.0,10594.810000000003,11488.28
70,Jacarei,JAC_L2,Antarctica_Lata,8,0.0,0.0,0.0,0.0,0.0,0.0
70,Jacarei,JAC_L2,Antarctica_Lata,9,0.0,0.0,0.0,0.0,0.0,0.0
70,Jacarei,JAC_L2,Antarctica_Lata,10,0.0,0.0,0.0,0.0,0.0,0.0
70,Jacarei,JAC_L2,Antarctica_Lata,11,0.0,0.0,0.0,0.0,0.0,0.0
70,Jacarei,JAC_L2,Antarctica_Lata,12,0.0,0.0,0.0,0.0,0.0,23104.72
70,Jacarei,JAC_L2,Antarctica_Lata,13,0.0,0.0,16753.21,0.0,0.0,16795.769999999997
70,Jacarei,JAC_L2,Antarctica_Lata,14,0.0,0.0,0.0,0.0,23147.28,0.0
70,Jacarei,JAC_L2,Antarctica_Lata,15,0.0,0.0,17400.93,0.0,0.0,17400.93
70,Jacarei,JAC_L2,Spaten_Lata,1,0.0,0.0,0.0,0.0,0.0,0.0
70,Jacarei,JAC_L2,Spaten_Lata,2,0.0,0.0,0.0,0.0,0.0,26157.28
70,Jacarei,JAC_L2,Spaten_Lata,3,0.0,0.0,0.0,0.0,0.0,13006.6
70,Jacarei,JAC_L2,Spaten_Lata,4,0.0,0.0,0.0,0.0,0.0,23412.91
70,Jacarei,JAC_L2,Spaten_Lata,5,0.0,0.0,0.0,0.0,0.0,0.0
70,Jacarei,JAC_L2,Spaten_Lata,6,0.0,0.0,0.0,0.0,0.0,0.0
70,Jacarei,JAC_L2,Spaten_Lata,7,0.0,0.0,0.0,0.0,0.0,0.0
70,Jacarei,JAC_L2,Spaten_Lata,8,0.0,0.0,0.0,0.0,0.0,0.0
70,Jacarei,JAC_L2,Spaten_Lata,9,0.0,0.0,24413.16,0.0,0.0,24413.16
70,Jacarei,JAC_L2,Spaten_Lata,10,0.0,0.0,0.0,0.0,0.0,0.0
70,Jacarei,JAC_L2,Spaten_Lata,11,0.0,0.0,0.0,0.0,0.0,0.0
70,Jacarei,JAC_L2,Spaten_Lata,12,0.0,0.0,0.0,0.0,0.0,0.0
70,Jacarei,JAC_L2,Spaten_Lata,13,0.0,0.0,8906.47,0.0,0.0,8906.47
70,Jacarei,JAC_L2,Spaten_Lata,14,0.0,0.0,30275.51,0.0,0.0,30275.509999999995
70,Jacarei,JAC_L2,Spaten_Lata,15,0.0,0.0,0.0,0.0,0.0,0.0
70,Jacarei,JAC_L2,Maguary_Caju,1,0.0,0.0,0.0,0.0,12851.22,12851.22
70,Jacarei,JAC_L2,Maguary_Caju,2,0.0,0.0,0.0,0.0,0.0,0.0
70,Jacarei,JAC_L2,Maguary_Caju,3,0.0,0.0,0.0,0.0,0.0,0.0
70,Jacarei,JAC_L2,Maguary_Caju,4,0.0,0.0,0.0,0.0,0.0,0.0
70,Jacarei,JAC_L2,Maguary_Caju,5,0.0,0.0,0.0,0.0,0.0,13178.52
70,Jacarei,JAC_L2,Maguary_Caju,6,0.0,0.0,0.0,0.0,19105.25,6760.98
70,Jacarei,JAC_L2,Maguary_Caju,7,0.0,0.0,0.0,0.0,0.0,0.0
70,Jacarei,JAC_L2,Maguary_Caju,8,0.0,0.0,5933.89,0.0,0.0,17195.24
70,Jacarei,JAC_L2,Maguary_Caju,9,0.0,0.0,0.0,0.0,0.0,0.0
70,Jacarei,JAC_L2,Maguary_Caju,10,0.0,0.0,0.0,0.0,0.0,0.0
70,Jacarei,JAC_L2,Maguary_Caju,11,0.0,0.0,0.0,0.0,17498.25,17498.25
70,Jacarei,JAC_L2,Maguary_Caju,12,0.0,0.0,0.0,0.0,3593.5,0.0
70,Jacarei,JAC_L2,Maguary_Caju,13,0.0,0.0,0.0,0.0,0.0,0.0
70,Jacarei,JAC_L2,Maguary_Caju,14,0.0,0.0,0.0,0.0,0.0,12404.5
70,Jacarei,JAC_L2,Maguary_Caju,15,0.0,0.0,0.0,0.0,12407.2,24764.4
70,Jacarei,JAC_L2,Del_Valle_Pessego,1,0.0,0.0,0.0,0.0,21786.97,0.0
70,Jacarei,JAC_L2,Del_Valle_Pessego,2,0.0,0.0,0.0,0.0,0.0,0.0
70,Jacarei,JAC_L2,Del_Valle_Pessego,3,0.0,0.0,16889.48,0.0,25334.420000000006,16889.48
70,Jacarei,JAC_L2,Del_Valle_Pessego,4,0.0,0.0,0.0,0.0,0.0,0.0
70,Jacarei,JAC_L2,Del_Valle_Pessego,5,0.0,0.0,0.0,0.0,0.0,13856.52
70,Jacarei,JAC_L2,Del_Valle_Pessego,6,0.0,0.0,11111.5,0.0,0.0,11111.5
70,Jacarei,JAC_L2,Del_Valle_Pessego,7,0.0,0.0,0.0,0.0,0.0,0.0
70,Jacarei,JAC_L2,Del_Valle_Pessego,8,0.0,0.0,0.0,0.0,0.0,0.0
70,Jacarei,JAC_L2,Del_Valle_Pessego,9,0.0,0.0,0.0,0.0,0.0,0.0
70,Jacarei,JAC_L2,Del_Valle_Pessego,10,0.0,0.0,0.0,0.0,0.0,651.9700000000012
70,Jacarei,JAC_L2,Del_Valle_Pessego,11,0.0,0.0,0.0,0.0,13661.800000000003,0.0
70,Jacarei,JAC_L2,Del_Valle_Pessego,12,0.0,0.0,0.0,0.0,9953.109999999997,0.0
70,Jacarei,JAC_L2,Del_Valle_Pessego,13,0.0,0.0,0.0,0.0,0.0,0.0
70,Jacarei,JAC_L2,Del_Valle_Pessego,14,0.0,0.0,0.0,0.0,0.0,0.0
70,Jacarei,JAC_L2,Del_Valle_Pessego,15,0.0,0.0,0.0,0.0,421.67999999999915,0.0
70,Jacarei,JAC_L2,Stella_Artois_Pure_Gold,1,0.0,0.0,0.0,0.0,0.0,0.0
70,Jacarei,JAC_L2,Stella_Artois_Pure_Gold,2,0.0,0.0,0.0,0.0,0.0,0.0
70,Jacarei,JAC_L2,Stella_Artois_Pure_Gold,3,0.0,0.0,0.0,0.0,0.0,0.0
70,Jacarei,JAC_L2,Stella_Artois_Pure_Gold,4,0.0,0.0,0.0,0.0,0.0,0.0
70,Jacarei,JAC_L2,Stella_Artois_Pure_Gold,5,0.0,0.0,0.0,0.0,0.0,5320.13
70,Jacarei,JAC_L2,Stella_Artois_Pure_Gold,6,0.0,0.0,0.0,0.0,0.0,6987.01
70,Jacarei,JAC_L2,Stella_Artois_Pure_Gold,7,0.0,0.0,0.0,0.0,0.0,0.0
70,Jacarei,JAC_L2,Stella_Artois_Pure_Gold,8,0.0,0.0,0.0,0.0,0.0,21138.17
70,Jacarei,JAC_L2,Stella_Artois_Pure_Gold,9,0.0,0.0,0.0,0.0,0.0,0.0
70,Jacarei,JAC_L2,Stella_Artois_Pure_Gold,10,0.0,0.0,0.0,0.0,0.0,0.0
70,Jacarei,JAC_L2,Stella_Artois_Pure_Gold,11,0.0,0.0,0.0,0.0,0.0,0.0
70,Jacarei,JAC_L2,Stella_Artois_Pure_Gold,12,0.0,0.0,0.0,0.0,0.0,0.0
70,Jacarei,JAC_L2,Stella_Artois_Pure_Gold,13,0.0,0.0,0.0,0.0,0.0,0.0
70,Jacarei,JAC_L2,Stella_Artois_Pure_Gold,14,0.0,0.0,0.0,0.0,0.0,0.0
70,Jacarei,JAC_L2,Stella_Artois_Pure_Gold,15,0.0,0.0,0.0,0.0,0.0,0.0
70,Jacarei,JAC_L2,Sprite_Zero,1,0.0,0.0,0.0,0.0,14933.029999999999,0.0
70,Jacarei,JAC_L2,Sprite_Zero,2,0.0,0.0,0.0,0.0,10213.23,0.0
70,Jacarei,JAC_L2,Sprite_Zero,3,0.0,0.0,0.0,0.0,15201.58,0.0
70,Jacarei,JAC_L2,Sprite_Zero,4,0.0,0.0,0.0,0.0,10704.659999999998,0.0
70,Jacarei,JAC_L2,Sprite_Zero,5,0.0,0.0,0.0,0.0,38904.0,18282.69
70,Jacarei,JAC_L2,Sprite_Zero,6,0.0,0.0,0.0,0.0,18574.75,0.0
70,Jacarei,JAC_L2,Sprite_Zero,7,0.0,0.0,0.0,0.0,21757.200000000004,0.0
70,Jacarei,JAC_L2,Sprite_Zero,8,0.0,0.0,0.0,0.0,30572.05,0.0
70,Jacarei,JAC_L2,Sprite_Zero,9,0.0,0.0,0.0,0.0,37464.0,0.0
70,Jacarei,JAC_L2,Sprite_Zero,10,0.0,0.0,0.0,0.0,24991.980000000003,0.0
70,Jacarei,JAC_L2,Sprite_Zero,11,0.0,0.0,0.0,0.0,6046.35,0.0
70,Jacarei,JAC_L2,Sprite_Zero,12,0.0,0.0,0.0,0.0,19885.670000000006,0.0
70,Jacarei,JAC_L2,Sprite_Zero,13,0.0,0.0,0.0,0.0,37727.99999999999,0.0
70,Jacarei,JAC_L2,Sprite_Zero,14,0.0,0.0,0.0,0.0,36384.0,0.0
70,Jacarei,JAC_L2,Sprite_Zero,15,0.0,0.0,0.0,0.0,36730.32,0.0
70,Jacarei,JAC_L2,Kuat,1,0.0,0.0,0.0,0.0,0.0,0.0
70,Jacarei,JAC_L2,Kuat,2,0.0,0.0,21684.65,0.0,0.0,21684.65
70,Jacarei,JAC_L2,Kuat,3,0.0,0.0,0.0,0.0,0.0,13360.11
70,Jacarei,JAC_L2,Kuat,4,0.0,0.0,0.0,0.0,0.0,0.0
70,Jacarei,JAC_L2,Kuat,5,0.0,0.0,0.0,0.0,0.0,0.0
70,Jacarei,JAC_L2,Kuat,6,0.0,0.0,0.0,0.0,0.0,0.0
70,Jacarei,JAC_L2,Kuat,7,0.0,0.0,0.0,0.0,0.0,0.0
70,Jacarei,JAC_L2,Kuat,8,0.0,0.0,0.0,0.0,0.0,9393.51
70,Jacarei,JAC_L2,Kuat,9,0.0,0.0,0.0,0.0,0.0,0.0
70,Jacarei,JAC_L2,Kuat,10,0.0,0.0,2243.74,0.0,0.0,2243.74
70,Jacarei,JAC_L2,Kuat,11,0.0,0.0,0.0,0.0,0.0,0.0
70,Jacarei,JAC_L2,Kuat,12,0.0,0.0,0.0,0.0,0.0,0.0
70,Jacarei,JAC_L2,Kuat,13,0.0,0.0,0.0,0.0,0.0,0.0
70,Jacarei,JAC_L2,Kuat,14,0.0,0.0,0.0,0.0,0.0,0.0
70,Jacarei,JAC_L2,Kuat,15,0.0,0.0,0.0,0.0,0.0,0.0
70,Jacarei,JAC_L2,Sukita_Laranja,1,0.0,0.0,0.0,0.0,0.0,0.0
70,Jacarei,JAC_L2,Sukita_Laranja,2,0.0,0.0,0.0,0.0,0.0,0.0
70,Jacarei,JAC_L2,Sukita_Laranja,3,0.0,0.0,0.0,0.0,0.0,0.0
70,Jacarei,JAC_L2,Sukita_Laranja,4,0.0,0.0,0.0,0.0,0.0,0.0
70,Jacarei,JAC_L2,Sukita_Laranja,5,0.0,0.0,0.0,0.0,0.0,0.0
70,Jacarei,JAC_L2,Sukita_Laranja,6,0.0,0.0,0.0,0.0,0.0,0.0
70,Jacarei,JAC_L2,Sukita_Laranja,7,0.0,4730.620000000001,0.0,0.0,0.0,4730.620000000001
70,Jacarei,JAC_L2,Sukita_Laranja,8,0.0,0.0,0.0,0.0,4730.620000000001,0.0
70,Jacarei,JAC_L2,Sukita_Laranja,9,0.0,22452.58,0.0,0.0,0.0,26366.93
70,Jacarei,JAC_L2,Sukita_Laranja,10,0.0,0.0,0.0,0.0,22452.58,0.0
70,Jacarei,JAC_L2,Sukita_Laranja,11,0.0,21246.359999999997,0.0,0.0,0.0,21246.359999999997
70,Jacarei,JAC_L2,Sukita_Laranja,12,0.0,15823.079999999998,26804.72,0.0,0.0,21381.440000000002
70,Jacarei,JAC_L2,Sukita_Laranja,13,0.0,0.0,0.0,0.0,15823.079999999998,0.0
70,Jacarei,JAC_L2,Sukita_Laranja,14,0.0,12825.62,0.0,0.0,0.0,12825.62
70,Jacarei,JAC_L2,Sukita_Laranja,15,0.0,0.0,2421.93,0.0,10403.69,0.0
70,Jacarei,JAC_L2,Budweiser_Lata,1,0.0,0.0,0.0,0.0,0.0,0.0
70,Jacarei,JAC_L2,Budweiser_Lata,2,0.0,0.0,0.0,0.0,0.0,0.0
70,Jacarei,JAC_L2,Budweiser_Lata,3,0.0,0.0,0.0,0.0,0.0,0.0
70,Jacarei,JAC_L2,Budweiser_Lata,4,0.0,0.0,0.0,0.0,0.0,0.0
70,Jacarei,JAC_L2,Budweiser_Lata,5,0.0,0.0,0.0,0.0,0.0,0.0
70,Jacarei,JAC_L2,Budweiser_Lata,6,0.0,0.0,0.0,0.0,0.0,0.0
70,Jacarei,JAC_L2,Budweiser_Lata,7,0.0,0.0,0.0,0.0,0.0,0.0
70,Jacarei,JAC_L2,Budweiser_Lata,8,0.0,0.0,0.0,0.0,0.0,0.0
70,Jacarei,JAC_L2,Budweiser_Lata,9,0.0,0.0,0.0,0.0,0.0,17610.8
70,Jacarei,JAC_L2,Budweiser_Lata,10,0.0,0.0,0.0,0.0,0.0,0.0
70,Jacarei,JAC_L2,Budweiser_Lata,11,0.0,0.0,11892.41,0.0,0.0,11892.41
70,Jacarei,JAC_L2,Budweiser_Lata,12,0.0,0.0,0.0,0.0,0.0,0.0
70,Jacarei,JAC_L2,Budweiser_Lata,13,0.0,0.0,0.0,0.0,0.0,0.0
70,Jacarei,JAC_L2,Budweiser_Lata,14,0.0,0.0,0.0,0.0,0.0,0.0
70,Jacarei,JAC_L2,Budweiser_Lata,15,0.0,0.0,0.0,0.0,0.0,0.0
70,Jacarei,JAC_L2,Guarana_Antarctica_Zero,1,0.0,0.0,23619.4,0.0,0.0,23619.4
70,Jacarei,JAC_L2,Guarana_Antarctica_Zero,2,0.0,0.0,0.0,0.0,0.0,0.0
70,Jacarei,JAC_L2,Guarana_Antarctica_Zero,3,0.0,0.0,0.0,0.0,0.0,0.0
70,Jacarei,JAC_L2,Guarana_Antarctica_Zero,4,0.0,0.0,0.0,0.0,0.0,0.0
70,Jacarei,JAC_L2,Guarana_Antarctica_Zero,5,0.0,0.0,0.0,0.0,0.0,12880.269999999997
70,Jacarei,JAC_L2,Guarana_Antarctica_Zero,6,0.0,0.0,8568.66,0.0,10063.639999999996,8568.66
70,Jacarei,JAC_L2,Guarana_Antarctica_Zero,7,0.0,0.0,0.0,0.0,0.0,0.0
70,Jacarei,JAC_L2,Guarana_Antarctica_Zero,8,0.0,0.0,0.0,0.0,0.0,0.0
70,Jacarei,JAC_L2,Guarana_Antarctica_Zero,9,0.0,0.0,0.0,0.0,0.0,4224.57
70,Jacarei,JAC_L2,Guarana_Antarctica_Zero,10,0.0,0.0,0.0,0.0,0.0,6499.98
70,Jacarei,JAC_L2,Guarana_Antarctica_Zero,11,0.0,0.0,0.0,0.0,0.0,20223.11
70,Jacarei,JAC_L2,Guarana_Antarctica_Zero,12,0.0,0.0,0.0,0.0,0.0,0.0
70,Jacarei,JAC_L2,Guarana_Antarctica_Zero,13,0.0,0.0,0.0,0.0,0.0,0.0
70,Jacarei,JAC_L2,Guarana_Antarctica_Zero,14,0.0,0.0,0.0,0.0,0.0,0.0
70,Jacarei,JAC_L2,Guarana_Antarctica_Zero,15,0.0,0.0,0.0,0.0,0.0,0.0
70,Jacarei,JAC_L2,Itaipava_Lata,1,0.0,0.0,0.0,0.0,0.0,0.0
70,Jacarei,JAC_L2,Itaipava_Lata,2,0.0,0.0,0.0,0.0,0.0,0.0
70,Jacarei,JAC_L2,Itaipava_Lata,3,0.0,0.0,0.0,0.0,0.0,0.0
70,Jacarei,JAC_L2,Itaipava_Lata,4,0.0,0.0,5117.59,0.0,0.0,5117.59
70,Jacarei,JAC_L2,Itaipava_Lata,5,0.0,0.0,0.0,0.0,0.0,0.0
70,Jacarei,JAC_L2,Itaipava_Lata,6,0.0,0.0,0.0,0.0,0.0,0.0
70,Jacarei,JAC_L2,Itaipava_Lata,7,0.0,0.0,0.0,0.0,0.0,0.0
70,Jacarei,JAC_L2,Itaipava_Lata,8,0.0,0.0,0.0,0.0,0.0,0.0
70,Jacarei,JAC_L2,Itaipava_Lata,9,0.0,0.0,0.0,0.0,0.0,0.0
70,Jacarei,JAC_L2,Itaipava_Lata,10,0.0,0.0,0.0,0.0,0.0,12912.27
70,Jacarei,JAC_L2,Itaipava_Lata,11,0.0,0.0,0.0,0.0,0.0,0.0
70,Jacarei,JAC_L2,Itaipava_Lata,12,0.0,0.0,0.0,0.0,0.0,0.0
70,Jacarei,JAC_L2,Itaipava_Lata,13,0.0,0.0,0.0,0.0,0.0,0.0
70,Jacarei,JAC_L2,Itaipava_Lata,14,0.0,0.0,0.0,0.0,0.0,0.0
70,Jacarei,JAC_L2,Itaipava_Lata,15,0.0,0.0,0.0,0.0,0.0,0.0
70,Jacarei,JAC_L2,Brahma_Lata,1,0.0,0.0,0.0,0.0,26503.770000000004,0.0
70,Jacarei,JAC_L2,Brahma_Lata,2,0.0,0.0,5117.14,0.0,0.0,5117.14
70,Jacarei,JAC_L2,Brahma_Lata,3,0.0,0.0,0.0,0.0,7906.870000000002,0.0
70,Jacarei,JAC_L2,Brahma_Lata,4,0.0,0.0,0.0,0.0,36552.00000000001,0.0
70,Jacarei,JAC_L2,Brahma_Lata,5,0.0,0.0,0.0,0.0,0.0,0.0
70,Jacarei,JAC_L2,Brahma_Lata,6,0.0,0.0,0.0,0.0,0.0,0.0
70,Jacarei,JAC_L2,Brahma_Lata,7,0.0,0.0,0.0,0.0,0.0,8544.909999999993
70,Jacarei,JAC_L2,Brahma_Lata,8,0.0,0.0,0.0,0.0,0.0,0.0
70,Jacarei,JAC_L2,Brahma_Lata,9,0.0,0.0,0.0,0.0,9798.249999999998,0.0
70,Jacarei,JAC_L2,Brahma_Lata,10,0.0,0.0,0.0,0.0,21263.16,0.0
70,Jacarei,JAC_L2,Brahma_Lata,11,0.0,0.0,0.0,0.0,31416.450000000015,20247.78
70,Jacarei,JAC_L2,Brahma_Lata,12,0.0,0.0,0.0,0.0,11032.880000000001,0.0
70,Jacarei,JAC_L2,Brahma_Lata,13,0.0,0.0,0.0,0.0,8910.150000000012,0.0
70,Jacarei,JAC_L2,Brahma_Lata,14,0.0,0.0,0.0,0.0,0.0,0.0
70,Jacarei,JAC_L2,Brahma_Lata,15,0.0,0.0,0.0,0.0,41280.0,0.0
70,Jacarei,JAC_L2,Eisenbahn_Pilsen,1,0.0,0.0,0.0,0.0,0.0,0.0
70,Jacarei,JAC_L2,Eisenbahn_Pilsen,2,0.0,0.0,0.0,0.0,0.0,0.0
70,Jacarei,JAC_L2,Eisenbahn_Pilsen,3,0.0,0.0,0.0,0.0,0.0,0.0
70,Jacarei,JAC_L2,Eisenbahn_Pilsen,4,0.0,0.0,0.0,0.0,0.0,0.0
70,Jacarei,JAC_L2,Eisenbahn_Pilsen,5,0.0,0.0,0.0,0.0,0.0,0.0
70,Jacarei,JAC_L2,Eisenbahn_Pilsen,6,0.0,0.0,0.0,0.0,0.0,0.0
70,Jacarei,JAC_L2,Eisenbahn_Pilsen,7,0.0,0.0,0.0,0.0,0.0,0.0
70,Jacarei,JAC_L2,Eisenbahn_Pilsen,8,0.0,0.0,0.0,0.0,0.0,10231.97
70,Jacarei,JAC_L2,Eisenbahn_Pilsen,9,0.0,0.0,0.0,0.0,0.0,0.0
70,Jacarei,JAC_L2,Eisenbahn_Pilsen,10,0.0,0.0,0.0,0.0,0.0,0.0
70,Jacarei,JAC_L2,Eisenbahn_Pilsen,11,0.0,0.0,0.0,0.0,0.0,0.0
70,Jacarei,JAC_L2,Eisenbahn_Pilsen,12,0.0,0.0,0.0,0.0,0.0,13112.98
70,Jacarei,JAC_L2,Eisenbahn_Pilsen,13,0.0,0.0,0.0,0.0,0.0,0.0
70,Jacarei,JAC_L2,Eisenbahn_Pilsen,14,0.0,0.0,0.0,0.0,0.0,4215.89
70,Jacarei,JAC_L2,Eisenbahn_Pilsen,15,0.0,0.0,0.0,0.0,0.0,0.0
70,Jacarei,JAC_L2,Pepsi_Black,1,0.0,0.0,738.63,0.0,0.0,738.63
70,Jacarei,JAC_L2,Pepsi_Black,2,0.0,0.0,0.0,0.0,0.0,0.0
70,Jacarei,JAC_L2,Pepsi_Black,3,0.0,0.0,0.0,0.0,0.0,0.0
70,Jacarei,JAC_L2,Pepsi_Black,4,0.0,0.0,0.0,0.0,0.0,0.0
70,Jacarei,JAC_L2,Pepsi_Black,5,0.0,0.0,0.0,0.0,0.0,0.0
70,Jacarei,JAC_L2,Pepsi_Black,6,0.0,0.0,0.0,0.0,0.0,0.0
70,Jacarei,JAC_L2,Pepsi_Black,7,0.0,0.0,0.0,0.0,0.0,0.0
70,Jacarei,JAC_L2,Pepsi_Black,8,0.0,0.0,0.0,0.0,0.0,0.0
70,Jacarei,JAC_L2,Pepsi_Black,9,0.0,0.0,0.0,0.0,0.0,0.0
70,Jacarei,JAC_L2,Pepsi_Black,10,0.0,0.0,12912.48,0.0,0.0,12912.48
70,Jacarei,JAC_L2,Pepsi_Black,11,0.0,0.0,0.0,0.0,0.0,0.0
70,Jacarei,JAC_L2,Pepsi_Black,12,0.0,0.0,0.0,0.0,0.0,12215.62
70,Jacarei,JAC_L2,Pepsi_Black,13,0.0,0.0,0.0,0.0,0.0,26534.119999999995
70,Jacarei,JAC_L2,Pepsi_Black,14,0.0,0.0,0.0,0.0,0.0,0.0
70,Jacarei,JAC_L2,Pepsi_Black,15,0.0,0.0,7065.74,0.0,0.0,7065.74
70,Jacarei,JAC_L2,Guarana_Antarctica,1,0.0,0.0,0.0,0.0,9616.229999999994,0.0
70,Jacarei,JAC_L2,Guarana_Antarctica,2,0.0,0.0,0.0,0.0,37103.99999999999,0.0
70,Jacarei,JAC_L2,Guarana_Antarctica,3,0.0,0.0,0.0,0.0,29917.13,0.0
70,Jacarei,JAC_L2,Guarana_Antarctica,4,0.0,0.0,0.0,0.0,0.0,0.0
70,Jacarei,JAC_L2,Guarana_Antarctica,5,0.0,0.0,26906.34,0.0,26906.34,26906.34
70,Jacarei,JAC_L2,Guarana_Antarctica,6,0.0,0.0,0.0,0.0,36744.0,0.0
70,Jacarei,JAC_L2,Guarana_Antarctica,7,0.0,0.0,0.0,0.0,25391.769999999993,0.0
70,Jacarei,JAC_L2,Guarana_Antarctica,8,0.0,0.0,9125.61,0.0,40776.0,9125.61
70,Jacarei,JAC_L2,Guarana_Antarctica,9,0.0,0.0,0.0,0.0,8794.11,0.0
70,Jacarei,JAC_L2,Guarana_Antarctica,10,0.0,0.0,11449.21,0.0,17496.84,11449.21
70,Jacarei,JAC_L2,Guarana_Antarctica,11,0.0,0.0,0.0,0.0,5135.54999999999,0.0
70,Jacarei,JAC_L2,Guarana_Antarctica,12,0.0,0.0,0.0,0.0,0.0,0.0
70,Jacarei,JAC_L2,Guarana_Antarctica,13,0.0,0.0,0.0,0.0,31193.849999999988,0.0
70,Jacarei,JAC_L2,Guarana_Antarctica,14,0.0,0.0,0.0,0.0,39096.00000000001,5627.51
70,Jacarei,JAC_L2,Guarana_Antarctica,15,0.0,0.0,0.0,0.0,0.0,8088.65
70,Jacarei,JAC_L2,Amstel_Lata,1,0.0,0.0,0.0,0.0,0.0,0.0
70,Jacarei,JAC_L2,Amstel_Lata,2,0.0,0.0,0.0,0.0,0.0,0.0
70,Jacarei,JAC_L2,Amstel_Lata,3,0.0,0.0,11179.31,0.0,0.0,11179.31
70,Jacarei,JAC_L2,Amstel_Lata,4,0.0,0.0,0.0,0.0,0.0,0.0
70,Jacarei,JAC_L2,Amstel_Lata,5,0.0,0.0,0.0,0.0,0.0,0.0
70,Jacarei,JAC_L2,Amstel_Lata,6,0.0,0.0,4662.46,0.0,0.0,4662.46
70,Jacarei,JAC_L2,Amstel_Lata,7,0.0,0.0,0.0,0.0,0.0,0.0
70,Jacarei,JAC_L2,Amstel_Lata,8,0.0,0.0,0.0,0.0,0.0,0.0
70,Jacarei,JAC_L2,Amstel_Lata,9,0.0,0.0,0.0,0.0,0.0,0.0
70,Jacarei,JAC_L2,Amstel_Lata,10,0.0,0.0,0.0,0.0,0.0,0.0
70,Jacarei,JAC_L2,Amstel_Lata,11,0.0,0.0,0.0,0.0,0.0,0.0
70,Jacarei,JAC_L2,Amstel_Lata,12,0.0,0.0,0.0,0.0,0.0,0.0
70,Jacarei,JAC_L2,Amstel_Lata,13,0.0,0.0,0.0,0.0,0.0,0.0
70,Jacarei,JAC_L2,Amstel_Lata,14,0.0,0.0,0.0,0.0,0.0,0.0
70,Jacarei,JAC_L2,Amstel_Lata,15,0.0,0.0,0.0,0.0,0.0,13280.17
70,Jacarei,JAC_L2,Del_Valle_Laranja,1,0.0,0.0,3411.23,0.0,0.0,3411.23
70,Jacarei,JAC_L2,Del_Valle_Laranja,2,0.0,0.0,0.0,0.0,0.0,0.0
70,Jacarei,JAC_L2,Del_Valle_Laranja,3,0.0,0.0,0.0,0.0,0.0,0.0
70,Jacarei,JAC_L2,Del_Valle_Laranja,4,0.0,0.0,0.0,0.0,0.0,0.0
70,Jacarei,JAC_L2,Del_Valle_Laranja,5,0.0,0.0,0.0,0.0,0.0,0.0
70,Jacarei,JAC_L2,Del_Valle_Laranja,6,0.0,0.0,0.0,0.0,0.0,0.0
70,Jacarei,JAC_L2,Del_Valle_Laranja,7,0.0,0.0,0.0,0.0,0.0,0.0
70,Jacarei,JAC_L2,Del_Valle_Laranja,8,0.0,0.0,0.0,0.0,0.0,0.0
70,Jacarei,JAC_L2,Del_Valle_Laranja,9,0.0,0.0,0.0,0.0,0.0,24879.97
70,Jacarei,JAC_L2,Del_Valle_Laranja,10,0.0,0.0,0.0,0.0,0.0,0.0
70,Jacarei,JAC_L2,Del_Valle_Laranja,11,0.0,0.0,0.0,0.0,0.0,0.0
70,Jacarei,JAC_L2,Del_Valle_Laranja,12,0.0,0.0,0.0,0.0,0.0,0.0
70,Jacarei,JAC_L2,Del_Valle_Laranja,13,0.0,0.0,0.0,0.0,0.0,0.0
70,Jacarei,JAC_L2,Del_Valle_Laranja,14,0.0,0.0,0.0,0.0,0.0,0.0
70,Jacarei,JAC_L2,Del_Valle_Laranja,15,0.0,0.0,0.0,0.0,0.0,0.0
70,Jacarei,JAC_L2,Fanta_Uva,1,0.0,0.0,0.0,0.0,0.0,0.0
70,Jacarei,JAC_L2,Fanta_Uva,2,0.0,0.0,0.0,0.0,0.0,21951.99
70,Jacarei,JAC_L2,Fanta_Uva,3,0.0,0.0,0.0,0.0,2036.070000000002,0.0
70,Jacarei,JAC_L2,Fanta_Uva,4,0.0,0.0,19915.92,0.0,19915.92,19915.92
70,Jacarei,JAC_L2,Fanta_Uva,5,0.0,0.0,0.0,0.0,0.0,7079.0
70,Jacarei,JAC_L2,Fanta_Uva,6,0.0,0.0,0.0,0.0,0.0,0.0
70,Jacarei,JAC_L2,Fanta_Uva,7,0.0,0.0,0.0,0.0,0.0,0.0
70,Jacarei,JAC_L2,Fanta_Uva,8,0.0,0.0,0.0,0.0,0.0,0.0
70,Jacarei,JAC_L2,Fanta_Uva,9,0.0,0.0,0.0,0.0,0.0,0.0
70,Jacarei,JAC_L2,Fanta_Uva,10,0.0,0.0,0.0,0.0,0.0,31842.159999999978
70,Jacarei,JAC_L2,Fanta_Uva,11,0.0,0.0,0.0,0.0,31842.159999999978,0.0
70,Jacarei,JAC_L2,Fanta_Uva,12,0.0,0.0,0.0,0.0,0.0,720.3499999999931
70,Jacarei,JAC_L2,Fanta_Uva,13,0.0,0.0,0.0,0.0,720.3499999999931,0.0
70,Jacarei,JAC_L2,Fanta_Uva,14,0.0,0.0,0.0,0.0,0.0,4503.610000000001
70,Jacarei,JAC_L2,Fanta_Uva,15,0.0,0.0,0.0,0.0,3381.3500000000004,0.0
70,Jacarei,JAC_L2,Maguary_Maracuja,1,0.0,0.0,0.0,0.0,0.0,0.0
70,Jacarei,JAC_L2,Maguary_Maracuja,2,0.0,0.0,0.0,0.0,0.0,0.0
70,Jacarei,JAC_L2,Maguary_Maracuja,3,0.0,0.0,0.0,0.0,0.0,0.0
70,Jacarei,JAC_L2,Maguary_Maracuja,4,0.0,0.0,0.0,0.0,0.0,0.0
70,Jacarei,JAC_L2,Maguary_Maracuja,5,0.0,0.0,0.0,0.0,0.0,0.0
70,Jacarei,JAC_L2,Maguary_Maracuja,6,0.0,0.0,0.0,0.0,0.0,0.0
70,Jacarei,JAC_L2,Maguary_Maracuja,7,0.0,0.0,17962.55,0.0,0.0,17962.55
70,Jacarei,JAC_L2,Maguary_Maracuja,8,0.0,0.0,0.0,0.0,0.0,0.0
70,Jacarei,JAC_L2,Maguary_Maracuja,9,0.0,0.0,0.0,0.0,0.0,0.0
70,Jacarei,JAC_L2,Maguary_Maracuja,10,0.0,0.0,0.0,0.0,0.0,0.0
70,Jacarei,JAC_L2,Maguary_Maracuja,11,0.0,0.0,0.0,0.0,0.0,0.0
70,Jacarei,JAC_L2,Maguary_Maracuja,12,0.0,0.0,0.0,0.0,0.0,0.0
70,Jacarei,JAC_L2,Maguary_Maracuja,13,0.0,0.0,0.0,0.0,0.0,0.0
70,Jacarei,JAC_L2,Maguary_Maracuja,14,0.0,0.0,0.0,0.0,0.0,12215.37
70,Jacarei,JAC_L2,Maguary_Maracuja,15,0.0,0.0,0.0,0.0,0.0,0.0
70,Jacarei,JAC_L2,Coca_Cola,1,0.0,0.0,0.0,0.0,0.0,0.0
70,Jacarei,JAC_L2,Coca_Cola,2,0.0,0.0,0.0,0.0,0.0,0.0
70,Jacarei,JAC_L2,Coca_Cola,3,0.0,0.0,0.0,0.0,0.0,0.0
70,Jacarei,JAC_L2,Coca_Cola,4,21372.25,0.0,0.0,0.0,21372.25,0.0
70,Jacarei,JAC_L2,Coca_Cola,5,0.0,0.0,0.0,0.0,0.0,0.0
70,Jacarei,JAC_L2,Coca_Cola,6,0.0,0.0,0.0,0.0,0.0,0.0
70,Jacarei,JAC_L2,Coca_Cola,7,0.0,0.0,0.0,0.0,0.0,0.0
70,Jacarei,JAC_L2,Coca_Cola,8,11084.54,0.0,0.0,0.0,11084.54,0.0
70,Jacarei,JAC_L2,Coca_Cola,9,9951.02,0.0,0.0,0.0,9951.02,0.0
70,Jacarei,JAC_L2,Coca_Cola,10,31782.46,0.0,0.0,0.0,31782.46,0.0
70,Jacarei,JAC_L2,Coca_Cola,11,35496.0,0.0,13648.66,0.0,21847.34,0.0
70,Jacarei,JAC_L2,Coca_Cola,12,6901.500000000002,0.0,0.0,0.0,6901.500000000002,0.0
70,Jacarei,JAC_L2,Coca_Cola,13,0.0,0.0,0.0,0.0,0.0,0.0
70,Jacarei,JAC_L2,Coca_Cola,14,27759.910000000003,0.0,0.0,0.0,27759.910000000003,0.0
70,Jacarei,JAC_L2,Coca_Cola,15,39264.0,0.0,0.0,0.0,39264.0,12789.82
70,Jacarei,JAC_L2,H2OH_Limao,1,0.0,0.0,0.0,0.0,0.0,0.0
70,Jacarei,JAC_L2,H2OH_Limao,2,0.0,0.0,0.0,0.0,0.0,0.0
70,Jacarei,JAC_L2,H2OH_Limao,3,0.0,0.0,0.0,0.0,0.0,0.0
70,Jacarei,JAC_L2,H2OH_Limao,4,0.0,0.0,0.0,0.0,0.0,0.0
70,Jacarei,JAC_L2,H2OH_Limao,5,0.0,0.0,0.0,0.0,0.0,0.0
70,Jacarei,JAC_L2,H2OH_Limao,6,0.0,0.0,0.0,0.0,0.0,12356.86
70,Jacarei,JAC_L2,H2OH_Limao,7,0.0,0.0,0.0,0.0,0.0,0.0
70,Jacarei,JAC_L2,H2OH_Limao,8,0.0,0.0,0.0,0.0,0.0,0.0
70,Jacarei,JAC_L2,H2OH_Limao,9,0.0,0.0,0.0,0.0,0.0,0.0
70,Jacarei,JAC_L2,H2OH_Limao,10,0.0,0.0,0.0,0.0,0.0,0.0
70,Jacarei,JAC_L2,H2OH_Limao,11,0.0,0.0,0.0,0.0,0.0,0.0
70,Jacarei,JAC_L2,H2OH_Limao,12,0.0,0.0,0.0,0.0,0.0,0.0
70,Jacarei,JAC_L2,H2OH_Limao,13,0.0,0.0,0.0,0.0,0.0,0.0
70,Jacarei,JAC_L2,H2OH_Limao,14,0.0,0.0,0.0,0.0,0.0,0.0
70,Jacarei,JAC_L2,H2OH_Limao,15,0.0,0.0,0.0,0.0,0.0,8359.27
70,Jacarei,JAC_L2,Schweppes_Citrus,1,0.0,0.0,0.0,0.0,0.0,0.0
70,Jacarei,JAC_L2,Schweppes_Citrus,2,0.0,0.0,0.0,0.0,9357.34,9357.34
70,Jacarei,JAC_L2,Schweppes_Citrus,3,0.0,0.0,0.0,0.0,0.0,0.0
70,Jacarei,JAC_L2,Schweppes_Citrus,4,0.0,0.0,0.0,0.0,0.0,0.0
70,Jacarei,JAC_L2,Schweppes_Citrus,5,0.0,0.0,0.0,0.0,0.0,0.0
70,Jacarei,JAC_L2,Schweppes_Citrus,6,0.0,0.0,0.0,0.0,0.0,0.0
70,Jacarei,JAC_L2,Schweppes_Citrus,7,0.0,0.0,0.0,0.0,24607.46,24607.46
70,Jacarei,JAC_L2,Schweppes_Citrus,8,0.0,0.0,0.0,0.0,0.0,0.0
70,Jacarei,JAC_L2,Schweppes_Citrus,9,0.0,0.0,0.0,0.0,0.0,0.0
70,Jacarei,JAC_L2,Schweppes_Citrus,10,0.0,8523.669999999987,0.0,0.0,0.0,35810.18999999999
70,Jacarei,JAC_L2,Schweppes_Citrus,11,0.0,0.0,0.0,0.0,8523.669999999987,0.0
70,Jacarei,JAC_L2,Schweppes_Citrus,12,0.0,0.0,0.0,0.0,0.0,0.0
70,Jacarei,JAC_L2,Schweppes_Citrus,13,0.0,0.0,0.0,0.0,5543.17,5543.17
70,Jacarei,JAC_L2,Schweppes_Citrus,14,0.0,0.0,0.0,0.0,0.0,0.0
70,Jacarei,JAC_L2,Schweppes_Citrus,15,0.0,0.0,0.0,0.0,6555.14,6555.14
70,Jacarei,JAC_L2,Sprite,1,0.0,0.0,0.0,0.0,0.0,0.0
70,Jacarei,JAC_L2,Sprite,2,0.0,0.0,0.0,0.0,0.0,0.0
70,Jacarei,JAC_L2,Sprite,3,0.0,0.0,0.0,0.0,0.0,0.0
70,Jacarei,JAC_L2,Sprite,4,0.0,0.0,0.0,0.0,0.0,0.0
70,Jacarei,JAC_L2,Sprite,5,0.0,0.0,0.0,0.0,0.0,0.0
70,Jacarei,JAC_L2,Sprite,6,0.0,0.0,0.0,0.0,0.0,0.0
70,Jacarei,JAC_L2,Sprite,7,0.0,0.0,0.0,0.0,0.0,0.0
70,Jacarei,JAC_L2,Sprite,8,0.0,0.0,0.0,0.0,0.0,0.0
70,Jacarei,JAC_L2,Sprite,9,0.0,0.0,0.0,0.0,0.0,0.0
70,Jacarei,JAC_L2,Sprite,10,0.0,0.0,0.0,0.0,0.0,0.0
70,Jacarei,JAC_L2,Sprite,11,0.0,0.0,0.0,0.0,0.0,0.0
70,Jacarei,JAC_L2,Sprite,12,0.0,0.0,0.0,0.0,0.0,0.0
70,Jacarei,JAC_L2,Sprite,13,0.0,0.0,0.0,0.0,0.0,0.0
70,Jacarei,JAC_L2,Sprite,14,0.0,0.0,0.0,0.0,0.0,0.0
70,Jacarei,JAC_L2,Sprite,15,0.0,0.0,0.0,0.0,0.0,0.0
70,Jacarei,JAC_L2,Del_Valle_Uva,1,0.0,0.0,0.0,0.0,0.0,0.0
70,Jacarei,JAC_L2,Del_Valle_Uva,2,0.0,0.0,0.0,0.0,0.0,0.0
70,Jacarei,JAC_L2,Del_Valle_Uva,3,0.0,0.0,0.0,0.0,0.0,0.0
70,Jacarei,JAC_L2,Del_Valle_Uva,4,0.0,0.0,0.0,0.0,0.0,0.0
70,Jacarei,JAC_L2,Del_Valle_Uva,5,0.0,0.0,0.0,0.0,0.0,0.0
70,Jacarei,JAC_L2,Del_Valle_Uva,6,0.0,0.0,0.0,0.0,0.0,0.0
70,Jacarei,JAC_L2,Del_Valle_Uva,7,0.0,0.0,0.0,0.0,0.0,0.0
70,Jacarei,JAC_L2,Del_Valle_Uva,8,0.0,0.0,0.0,0.0,0.0,0.0
70,Jacarei,JAC_L2,Del_Valle_Uva,9,0.0,0.0,0.0,0.0,0.0,0.0
70,Jacarei,JAC_L2,Del_Valle_Uva,10,0.0,0.0,0.0,0.0,0.0,0.0
70,Jacarei,JAC_L2,Del_Valle_Uva,11,0.0,0.0,0.0,0.0,0.0,0.0
70,Jacarei,JAC_L2,Del_Valle_Uva,12,0.0,0.0,0.0,0.0,0.0,0.0
70,Jacarei,JAC_L2,Del_Valle_Uva,13,0.0,0.0,0.0,0.0,0.0,0.0
70,Jacarei,JAC_L2,Del_Valle_Uva,14,0.0,0.0,0.0,0.0,0.0,0.0
70,Jacarei,JAC_L2,Del_Valle_Uva,15,0.0,0.0,0.0,0.0,0.0,0.0
70,Jacarei,JAC_L2,Pepsi,1,0.0,0.0,0.0,0.0,0.0,0.0
70,Jacarei,JAC_L2,Pepsi,2,0.0,0.0,0.0,0.0,0.0,0.0
70,Jacarei,JAC_L2,Pepsi,3,0.0,0.0,0.0,0.0,0.0,0.0
70,Jacarei,JAC_L2,Pepsi,4,0.0,0.0,0.0,0.0,0.0,0.0
70,Jacarei,JAC_L2,Pepsi,5,0.0,0.0,0.0,0.0,0.0,0.0
70,Jacarei,JAC_L2,Pepsi,6,0.0,0.0,0.0,0.0,0.0,0.0
70,Jacarei,JAC_L2,Pepsi,7,0.0,0.0,0.0,0.0,0.0,0.0
70,Jacarei,JAC_L2,Pepsi,8,0.0,0.0,0.0,0.0,0.0,0.0
70,Jacarei,JAC_L2,Pepsi,9,0.0,0.0,0.0,0.0,0.0,0.0
70,Jacarei,JAC_L2,Pepsi,10,0.0,0.0,0.0,0.0,0.0,0.0
70,Jacarei,JAC_L2,Pepsi,11,0.0,0.0,0.0,0.0,0.0,0.0
70,Jacarei,JAC_L2,Pepsi,12,0.0,0.0,0.0,0.0,0.0,0.0
70,Jacarei,JAC_L2,Pepsi,13,0.0,0.0,0.0,0.0,0.0,0.0
70,Jacarei,JAC_L2,Pepsi,14,0.0,0.0,0.0,0.0,0.0,0.0
70,Jacarei,JAC_L2,Pepsi,15,0.0,0.0,0.0,0.0,0.0,0.0
70,Jacarei,JAC_L3,Fanta_Laranja,1,0.0,0.0,0.0,0.0,0.0,5761.51
70,Jacarei,JAC_L3,Fanta_Laranja,2,0.0,0.0,0.0,0.0,6503.850000000002,6503.850000000002
70,Jacarei,JAC_L3,Fanta_Laranja,3,0.0,0.0,0.0,0.0,12073.61,12073.61
70,Jacarei,JAC_L3,Fanta_Laranja,4,0.0,0.0,24829.97,0.0,0.0,24829.97
70,Jacarei,JAC_L3,Fanta_Laranja,5,0.0,0.0,0.0,0.0,6759.330000000009,6759.330000000009
70,Jacarei,JAC_L3,Fanta_Laranja,6,0.0,0.0,0.0,0.0,0.0,0.0
70,Jacarei,JAC_L3,Fanta_Laranja,7,0.0,0.0,0.0,0.0,0.0,0.0
70,Jacarei,JAC_L3,Fanta_Laranja,8,0.0,0.0,0.0,0.0,0.0,0.0
70,Jacarei,JAC_L3,Fanta_Laranja,9,0.0,0.0,0.0,0.0,0.0,0.0
70,Jacarei,JAC_L3,Fanta_Laranja,10,0.0,0.0,0.0,0.0,601.6100000000188,601.6100000000188
70,Jacarei,JAC_L3,Fanta_Laranja,11,0.0,0.0,0.0,0.0,0.0,0.0
70,Jacarei,JAC_L3,Fanta_Laranja,12,0.0,0.0,0.0,0.0,0.0,0.0
70,Jacarei,JAC_L3,Fanta_Laranja,13,0.0,0.0,0.0,0.0,0.0,0.0
70,Jacarei,JAC_L3,Fanta_Laranja,14,0.0,0.0,0.0,0.0,0.0,0.0
70,Jacarei,JAC_L3,Fanta_Laranja,15,0.0,0.0,0.0,0.0,0.0,0.0
70,Jacarei,JAC_L3,Itubaina,1,0.0,0.0,24283.86,0.0,0.0,33235.01
70,Jacarei,JAC_L3,Itubaina,2,0.0,0.0,0.0,0.0,0.0,0.0
70,Jacarei,JAC_L3,Itubaina,3,0.0,0.0,0.0,0.0,0.0,11047.07
70,Jacarei,JAC_L3,Itubaina,4,0.0,0.0,0.0,0.0,0.0,0.0
70,Jacarei,JAC_L3,Itubaina,5,0.0,0.0,0.0,0.0,0.0,0.0
70,Jacarei,JAC_L3,Itubaina,6,0.0,0.0,0.0,0.0,0.0,20693.66
70,Jacarei,JAC_L3,Itubaina,7,0.0,0.0,0.0,0.0,0.0,0.0
70,Jacarei,JAC_L3,Itubaina,8,0.0,0.0,0.0,0.0,0.0,0.0
70,Jacarei,JAC_L3,Itubaina,9,0.0,0.0,0.0,0.0,0.0,0.0
70,Jacarei,JAC_L3,Itubaina,10,0.0,0.0,0.0,0.0,0.0,0.0
70,Jacarei,JAC_L3,Itubaina,11,0.0,0.0,0.0,0.0,0.0,0.0
70,Jacarei,JAC_L3,Itubaina,12,0.0,0.0,0.0,0.0,0.0,2280.64
70,Jacarei,JAC_L3,Itubaina,13,0.0,0.0,0.0,0.0,0.0,0.0
70,Jacarei,JAC_L3,Itubaina,14,0.0,0.0,0.0,0.0,0.0,14673.2
70,Jacarei,JAC_L3,Itubaina,15,0.0,0.0,0.0,0.0,0.0,0.0
70,Jacarei,JAC_L3,Skol_Lata,1,0.0,0.0,0.0,0.0,0.0,11112.73
70,Jacarei,JAC_L3,Skol_Lata,2,0.0,0.0,0.0,0.0,0.0,0.0
70,Jacarei,JAC_L3,Skol_Lata,3,0.0,0.0,0.0,0.0,0.0,0.0
70,Jacarei,JAC_L3,Skol_Lata,4,0.0,0.0,0.0,0.0,0.0,2984.6800000000003
70,Jacarei,JAC_L3,Skol_Lata,5,0.0,0.0,0.0,0.0,2984.6800000000003,0.0
70,Jacarei,JAC_L3,Skol_Lata,6,0.0,0.0,0.0,0.0,0.0,0.0
70,Jacarei,JAC_L3,Skol_Lata,7,0.0,0.0,0.0,0.0,0.0,0.0
70,Jacarei,JAC_L3,Skol_Lata,8,0.0,0.0,0.0,0.0,0.0,0.0
70,Jacarei,JAC_L3,Skol_Lata,9,0.0,0.0,0.0,0.0,0.0,0.0
70,Jacarei,JAC_L3,Skol_Lata,10,0.0,0.0,0.0,0.0,0.0,9271.060000000009
70,Jacarei,JAC_L3,Skol_Lata,11,0.0,0.0,0.0,0.0,9271.060000000009,0.0
70,Jacarei,JAC_L3,Skol_Lata,12,0.0,0.0,0.0,0.0,0.0,0.0
70,Jacarei,JAC_L3,Skol_Lata,13,0.0,0.0,0.0,0.0,0.0,0.0
70,Jacarei,JAC_L3,Skol_Lata,14,0.0,0.0,0.0,0.0,0.0,0.0
70,Jacarei,JAC_L3,Skol_Lata,15,0.0,0.0,0.0,0.0,0.0,0.0
70,Jacarei,JAC_L3,Heineken_Lata,1,0.0,0.0,0.0,0.0,0.0,0.0
70,Jacarei,JAC_L3,Heineken_Lata,2,0.0,0.0,0.0,0.0,0.0,14245.03
70,Jacarei,JAC_L3,Heineken_Lata,3,0.0,0.0,0.0,0.0,0.0,12351.17
70,Jacarei,JAC_L3,Heineken_Lata,4,0.0,0.0,0.0,0.0,0.0,0.0
70,Jacarei,JAC_L3,Heineken_Lata,5,0.0,0.0,0.0,0.0,0.0,0.0
70,Jacarei,JAC_L3,Heineken_Lata,6,0.0,0.0,0.0,0.0,0.0,0.0
70,Jacarei,JAC_L3,Heineken_Lata,7,0.0,0.0,0.0,0.0,0.0,0.0
70,Jacarei,JAC_L3,Heineken_Lata,8,0.0,0.0,0.0,0.0,0.0,10965.57
70,Jacarei,JAC_L3,Heineken_Lata,9,0.0,0.0,0.0,0.0,0.0,0.0
70,Jacarei,JAC_L3,Heineken_Lata,10,0.0,0.0,0.0,0.0,0.0,0.0
70,Jacarei,JAC_L3,Heineken_Lata,11,0.0,0.0,0.0,0.0,0.0,0.0
70,Jacarei,JAC_L3,Heineken_Lata,12,0.0,0.0,0.0,0.0,0.0,0.0
70,Jacarei,JAC_L3,Heineken_Lata,13,0.0,0.0,0.0,0.0,1478.84,1478.84
70,Jacarei,JAC_L3,Heineken_Lata,14,0.0,0.0,0.0,0.0,0.0,0.0
70,Jacarei,JAC_L3,Heineken_Lata,15,0.0,0.0,0.0,0.0,0.0,0.0
70,Jacarei,JAC_L3,Coca_Cola_Zero,1,0.0,0.0,0.0,0.0,0.0,0.0
70,Jacarei,JAC_L3,Coca_Cola_Zero,2,0.0,0.0,0.0,0.0,0.0,14154.41
70,Jacarei,JAC_L3,Coca_Cola_Zero,3,0.0,0.0,0.0,0.0,0.0,0.0
70,Jacarei,JAC_L3,Coca_Cola_Zero,4,0.0,0.0,0.0,0.0,0.0,0.0
70,Jacarei,JAC_L3,Coca_Cola_Zero,5,0.0,0.0,0.0,0.0,0.0,0.0
70,Jacarei,JAC_L3,Coca_Cola_Zero,6,0.0,0.0,0.0,0.0,0.0,0.0
70,Jacarei,JAC_L3,Coca_Cola_Zero,7,0.0,0.0,6560.23,0.0,0.0,29734.05
70,Jacarei,JAC_L3,Coca_Cola_Zero,8,0.0,0.0,0.0,0.0,0.0,0.0
70,Jacarei,JAC_L3,Coca_Cola_Zero,9,0.0,0.0,0.0,0.0,0.0,0.0
70,Jacarei,JAC_L3,Coca_Cola_Zero,10,0.0,0.0,0.0,0.0,0.0,0.0
70,Jacarei,JAC_L3,Coca_Cola_Zero,11,0.0,0.0,0.0,0.0,0.0,6939.3
70,Jacarei,JAC_L3,Coca_Cola_Zero,12,0.0,0.0,0.0,0.0,0.0,0.0
70,Jacarei,JAC_L3,Coca_Cola_Zero,13,0.0,0.0,0.0,0.0,0.0,23991.32
70,Jacarei,JAC_L3,Coca_Cola_Zero,14,0.0,0.0,0.0,0.0,0.0,0.0
70,Jacarei,JAC_L3,Coca_Cola_Zero,15,0.0,0.0,0.0,0.0,0.0,0.0
70,Jacarei,JAC_L3,Antarctica_Lata,1,0.0,0.0,0.0,0.0,0.0,373.02000000000044
70,Jacarei,JAC_L3,Antarctica_Lata,2,0.0,0.0,0.0,0.0,373.02000000000044,0.0
70,Jacarei,JAC_L3,Antarctica_Lata,3,0.0,0.0,0.0,0.0,0.0,3832.13
70,Jacarei,JAC_L3,Antarctica_Lata,4,0.0,0.0,0.0,0.0,0.0,0.0
70,Jacarei,JAC_L3,Antarctica_Lata,5,0.0,0.0,0.0,0.0,0.0,0.0
70,Jacarei,JAC_L3,Antarctica_Lata,6,0.0,0.0,0.0,0.0,0.0,10594.810000000003
70,Jacarei,JAC_L3,Antarctica_Lata,7,0.0,0.0,0.0,0.0,10594.810000000003,11488.28
70,Jacarei,JAC_L3,Antarctica_Lata,8,0.0,0.0,0.0,0.0,0.0,0.0
70,Jacarei,JAC_L3,Antarctica_Lata,9,0.0,0.0,0.0,0.0,0.0,0.0
70,Jacarei,JAC_L3,Antarctica_Lata,10,0.0,0.0,0.0,0.0,0.0,0.0
70,Jacarei,JAC_L3,Antarctica_Lata,11,0.0,0.0,0.0,0.0,0.0,0.0
70,Jacarei,JAC_L3,Antarctica_Lata,12,0.0,0.0,0.0,0.0,0.0,23104.72
70,Jacarei,JAC_L3,Antarctica_Lata,13,0.0,0.0,0.0,0.0,0.0,16795.769999999997
70,Jacarei,JAC_L3,Antarctica_Lata,14,0.0,0.0,0.0,0.0,23147.28,0.0
70,Jacarei,JAC_L3,Antarctica_Lata,15,0.0,0.0,0.0,0.0,0.0,17400.93
70,Jacarei,JAC_L3,Spaten_Lata,1,0.0,0.0,0.0,0.0,0.0,0.0
70,Jacarei,JAC_L3,Spaten_Lata,2,0.0,0.0,26157.28,0.0,0.0,26157.28
70,Jacarei,JAC_L3,Spaten_Lata,3,0.0,0.0,13006.6,0.0,0.0,13006.6
70,Jacarei,JAC_L3,Spaten_Lata,4,0.0,0.0,0.0,0.0,0.0,23412.91
70,Jacarei,JAC_L3,Spaten_Lata,5,0.0,0.0,0.0,0.0,0.0,0.0
70,Jacarei,JAC_L3,Spaten_Lata,6,0.0,0.0,0.0,0.0,0.0,0.0
70,Jacarei,JAC_L3,Spaten_Lata,7,0.0,0.0,0.0,0.0,0.0,0.0
70,Jacarei,JAC_L3,Spaten_Lata,8,0.0,0.0,0.0,0.0,0.0,0.0
70,Jacarei,JAC_L3,Spaten_Lata,9,0.0,0.0,0.0,0.0,0.0,24413.16
70,Jacarei,JAC_L3,Spaten_Lata,10,0.0,0.0,0.0,0.0,0.0,0.0
70,Jacarei,JAC_L3,Spaten_Lata,11,0.0,0.0,0.0,0.0,0.0,0.0
70,Jacarei,JAC_L3,Spaten_Lata,12,0.0,0.0,0.0,0.0,0.0,0.0
70,Jacarei,JAC_L3,Spaten_Lata,13,0.0,0.0,0.0,0.0,0.0,8906.47
70,Jacarei,JAC_L3,Spaten_Lata,14,0.0,0.0,0.0,0.0,0.0,30275.509999999995
70,Jacarei,JAC_L3,Spaten_Lata,15,0.0,0.0,0.0,0.0,0.0,0.0
70,Jacarei,JAC_L3,Maguary_Caju,1,0.0,0.0,0.0,0.0,12851.22,12851.22
70,Jacarei,JAC_L3,Maguary_Caju,2,0.0,0.0,0.0,0.0,0.0,0.0
70,Jacarei,JAC_L3,Maguary_Caju,3,0.0,0.0,0.0,0.0,0.0,0.0
70,Jacarei,JAC_L3,Maguary_Caju,4,0.0,0.0,0.0,0.0,0.0,0.0
70,Jacarei,JAC_L3,Maguary_Caju,5,0.0,0.0,0.0,0.0,0.0,13178.52
70,Jacarei,JAC_L3,Maguary_Caju,6,0.0,0.0,6760.98,0.0,19105.25,6760.98
70,Jacarei,JAC_L3,Maguary_Caju,7,0.0,0.0,0.0,0.0,0.0,0.0
70,Jacarei,JAC_L3,Maguary_Caju,8,0.0,0.0,0.0,0.0,0.0,17195.24
70,Jacarei,JAC_L3,Maguary_Caju,9,0.0,0.0,0.0,0.0,0.0,0.0
70,Jacarei,JAC_L3,Maguary_Caju,10,0.0,0.0,0.0,0.0,0.0,0.0
70,Jacarei,JAC_L3,Maguary_Caju,11,0.0,0.0,0.0,0.0,17498.25,17498.25
70,Jacarei,JAC_L3,Maguary_Caju,12,0.0,0.0,0.0,0.0,3593.5,0.0
70,Jacarei,JAC_L3,Maguary_Caju,13,0.0,0.0,0.0,0.0,0.0,0.0
70,Jacarei,JAC_L3,Maguary_Caju,14,0.0,0.0,12404.5,0.0,0.0,12404.5
70,Jacarei,JAC_L3,Maguary_Caju,15,0.0,0.0,0.0,0.0,12407.2,24764.4
70,Jacarei,JAC_L3,Del_Valle_Pessego,1,0.0,0.0,0.0,0.0,21786.97,0.0
70,Jacarei,JAC_L3,Del_Valle_Pessego,2,0.0,0.0,0.0,0.0,0.0,0.0
70,Jacarei,JAC_L3,Del_Valle_Pessego,3,0.0,0.0,0.0,0.0,25334.420000000006,16889.48
70,Jacarei,JAC_L3,Del_Valle_Pessego,4,0.0,0.0,0.0,0.0,0.0,0.0
70,Jacarei,JAC_L3,Del_Valle_Pessego,5,0.0,0.0,0.0,0.0,0.0,13856.52
70,Jacarei,JAC_L3,Del_Valle_Pessego,6,0.0,0.0,0.0,0.0,0.0,11111.5
70,Jacarei,JAC_L3,Del_Valle_Pessego,7,0.0,0.0,0.0,0.0,0.0,0.0
70,Jacarei,JAC_L3,Del_Valle_Pessego,8,0.0,0.0,0.0,0.0,0.0,0.0
70,Jacarei,JAC_L3,Del_Valle_Pessego,9,0.0,0.0,0.0,0.0,0.0,0.0
70,Jacarei,JAC_L3,Del_Valle_Pessego,10,0.0,0.0,0.0,0.0,0.0,651.9700000000012
70,Jacarei,JAC_L3,Del_Valle_Pessego,11,0.0,0.0,0.0,0.0,13661.800000000003,0.0
70,Jacarei,JAC_L3,Del_Valle_Pessego,12,0.0,0.0,0.0,0.0,9953.109999999997,0.0
70,Jacarei,JAC_L3,Del_Valle_Pessego,13,0.0,0.0,0.0,0.0,0.0,0.0
70,Jacarei,JAC_L3,Del_Valle_Pessego,14,0.0,0.0,0.0,0.0,0.0,0.0
70,Jacarei,JAC_L3,Del_Valle_Pessego,15,0.0,0.0,0.0,0.0,421.67999999999915,0.0
70,Jacarei,JAC_L3,Stella_Artois_Pure_Gold,1,0.0,0.0,0.0,0.0,0.0,0.0
70,Jacarei,JAC_L3,Stella_Artois_Pure_Gold,2,0.0,0.0,0.0,0.0,0.0,0.0
70,Jacarei,JAC_L3,Stella_Artois_Pure_Gold,3,0.0,0.0,0.0,0.0,0.0,0.0
70,Jacarei,JAC_L3,Stella_Artois_Pure_Gold,4,0.0,0.0,0.0,0.0,0.0,0.0
70,Jacarei,JAC_L3,Stella_Artois_Pure_Gold,5,0.0,0.0,5320.13,0.0,0.0,5320.13
70,Jacarei,JAC_L3,Stella_Artois_Pure_Gold,6,0.0,0.0,0.0,0.0,0.0,6987.01
70,Jacarei,JAC_L3,Stella_Artois_Pure_Gold,7,0.0,0.0,0.0,0.0,0.0,0.0
70,Jacarei,JAC_L3,Stella_Artois_Pure_Gold,8,0.0,0.0,21138.17,0.0,0.0,21138.17
70,Jacarei,JAC_L3,Stella_Artois_Pure_Gold,9,0.0,0.0,0.0,0.0,0.0,0.0
70,Jacarei,JAC_L3,Stella_Artois_Pure_Gold,10,0.0,0.0,0.0,0.0,0.0,0.0
70,Jacarei,JAC_L3,Stella_Artois_Pure_Gold,11,0.0,0.0,0.0,0.0,0.0,0.0
70,Jacarei,JAC_L3,Stella_Artois_Pure_Gold,12,0.0,0.0,0.0,0.0,0.0,0.0
70,Jacarei,JAC_L3,Stella_Artois_Pure_Gold,13,0.0,0.0,0.0,0.0,0.0,0.0
70,Jacarei,JAC_L3,Stella_Artois_Pure_Gold,14,0.0,0.0,0.0,0.0,0.0,0.0
70,Jacarei,JAC_L3,Stella_Artois_Pure_Gold,15,0.0,0.0,0.0,0.0,0.0,0.0
70,Jacarei,JAC_L3,Sprite_Zero,1,0.0,0.0,0.0,0.0,14933.029999999999,0.0
70,Jacarei,JAC_L3,Sprite_Zero,2,0.0,0.0,0.0,0.0,10213.23,0.0
70,Jacarei,JAC_L3,Sprite_Zero,3,0.0,0.0,0.0,0.0,15201.58,0.0
70,Jacarei,JAC_L3,Sprite_Zero,4,0.0,0.0,0.0,0.0,10704.659999999998,0.0
70,Jacarei,JAC_L3,Sprite_Zero,5,0.0,0.0,18282.69,0.0,38904.0,18282.69
70,Jacarei,JAC_L3,Sprite_Zero,6,0.0,0.0,0.0,0.0,18574.75,0.0
70,Jacarei,JAC_L3,Sprite_Zero,7,0.0,0.0,0.0,0.0,21757.200000000004,0.0
70,Jacarei,JAC_L3,Sprite_Zero,8,0.0,0.0,0.0,0.0,30572.05,0.0
70,Jacarei,JAC_L3,Sprite_Zero,9,0.0,0.0,0.0,0.0,37464.0,0.0
70,Jacarei,JAC_L3,Sprite_Zero,10,0.0,0.0,0.0,0.0,24991.980000000003,0.0
70,Jacarei,JAC_L3,Sprite_Zero,11,0.0,0.0,0.0,0.0,6046.35,0.0
70,Jacarei,JAC_L3,Sprite_Zero,12,0.0,0.0,0.0,0.0,19885.670000000006,0.0
70,Jacarei,JAC_L3,Sprite_Zero,13,0.0,0.0,0.0,0.0,37727.99999999999,0.0
70,Jacarei,JAC_L3,Sprite_Zero,14,0.0,0.0,0.0,0.0,36384.0,0.0
70,Jacarei,JAC_L3,Sprite_Zero,15,0.0,0.0,0.0,0.0,36730.32,0.0
70,Jacarei,JAC_L3,Kuat,1,0.0,0.0,0.0,0.0,0.0,0.0
70,Jacarei,JAC_L3,Kuat,2,0.0,0.0,0.0,0.0,0.0,21684.65
70,Jacarei,JAC_L3,Kuat,3,0.0,0.0,13360.11,0.0,0.0,13360.11
70,Jacarei,JAC_L3,Kuat,4,0.0,0.0,0.0,0.0,0.0,0.0
70,Jacarei,JAC_L3,Kuat,5,0.0,0.0,0.0,0.0,0.0,0.0
70,Jacarei,JAC_L3,Kuat,6,0.0,0.0,0.0,0.0,0.0,0.0
70,Jacarei,JAC_L3,Kuat,7,0.0,0.0,0.0,0.0,0.0,0.0
70,Jacarei,JAC_L3,Kuat,8,0.0,0.0,0.0,0.0,0.0,9393.51
70,Jacarei,JAC_L3,Kuat,9,0.0,0.0,0.0,0.0,0.0,0.0
70,Jacarei,JAC_L3,Kuat,10,0.0,0.0,0.0,0.0,0.0,2243.74
70,Jacarei,JAC_L3,Kuat,11,0.0,0.0,0.0,0.0,0.0,0.0
70,Jacarei,JAC_L3,Kuat,12,0.0,0.0,0.0,0.0,0.0,0.0
70,Jacarei,JAC_L3,Kuat,13,0.0,0.0,0.0,0.0,0.0,0.0
70,Jacarei,JAC_L3,Kuat,14,0.0,0.0,0.0,0.0,0.0,0.0
70,Jacarei,JAC_L3,Kuat,15,0.0,0.0,0.0,0.0,0.0,0.0
70,Jacarei,JAC_L3,Sukita_Laranja,1,0.0,0.0,0.0,0.0,0.0,0.0
70,Jacarei,JAC_L3,Sukita_Laranja,2,0.0,0.0,0.0,0.0,0.0,0.0
70,Jacarei,JAC_L3,Sukita_Laranja,3,0.0,0.0,0.0,0.0,0.0,0.0
70,Jacarei,JAC_L3,Sukita_Laranja,4,0.0,0.0,0.0,0.0,0.0,0.0
70,Jacarei,JAC_L3,Sukita_Laranja,5,0.0,0.0,0.0,0.0,0.0,0.0
70,Jacarei,JAC_L3,Sukita_Laranja,6,0.0,0.0,0.0,0.0,0.0,0.0
70,Jacarei,JAC_L3,Sukita_Laranja,7,0.0,0.0,0.0,0.0,0.0,4730.620000000001
70,Jacarei,JAC_L3,Sukita_Laranja,8,0.0,0.0,0.0,0.0,4730.620000000001,0.0
70,Jacarei,JAC_L3,Sukita_Laranja,9,0.0,0.0,0.0,0.0,0.0,26366.93
70,Jacarei,JAC_L3,Sukita_Laranja,10,0.0,0.0,0.0,0.0,22452.58,0.0
70,Jacarei,JAC_L3,Sukita_Laranja,11,0.0,0.0,0.0,0.0,0.0,21246.359999999997
70,Jacarei,JAC_L3,Sukita_Laranja,12,0.0,0.0,0.0,0.0,0.0,21381.440000000002
70,Jacarei,JAC_L3,Sukita_Laranja,13,0.0,0.0,0.0,0.0,15823.079999999998,0.0
70,Jacarei,JAC_L3,Sukita_Laranja,14,0.0,0.0,0.0,0.0,0.0,12825.62
70,Jacarei,JAC_L3,Sukita_Laranja,15,0.0,0.0,0.0,0.0,10403.69,0.0
70,Jacarei,JAC_L3,Budweiser_Lata,1,0.0,0.0,0.0,0.0,0.0,0.0
70,Jacarei,JAC_L3,Budweiser_Lata,2,0.0,0.0,0.0,0.0,0.0,0.0
70,Jacarei,JAC_L3,Budweiser_Lata,3,0.0,0.0,0.0,0.0,0.0,0.0
70,Jacarei,JAC_L3,Budweiser_Lata,4,0.0,0.0,0.0,0.0,0.0,0.0
70,Jacarei,JAC_L3,Budweiser_Lata,5,0.0,0.0,0.0,0.0,0.0,0.0
70,Jacarei,JAC_L3,Budweiser_Lata,6,0.0,0.0,0.0,0.0,0.0,0.0
70,Jacarei,JAC_L3,Budweiser_Lata,7,0.0,0.0,0.0,0.0,0.0,0.0
70,Jacarei,JAC_L3,Budweiser_Lata,8,0.0,0.0,0.0,0.0,0.0,0.0
70,Jacarei,JAC_L3,Budweiser_Lata,9,0.0,0.0,0.0,0.0,0.0,17610.8
70,Jacarei,JAC_L3,Budweiser_Lata,10,0.0,0.0,0.0,0.0,0.0,0.0
70,Jacarei,JAC_L3,Budweiser_Lata,11,0.0,0.0,0.0,0.0,0.0,11892.41
70,Jacarei,JAC_L3,Budweiser_Lata,12,0.0,0.0,0.0,0.0,0.0,0.0
70,Jacarei,JAC_L3,Budweiser_Lata,13,0.0,0.0,0.0,0.0,0.0,0.0
70,Jacarei,JAC_L3,Budweiser_Lata,14,0.0,0.0,0.0,0.0,0.0,0.0
70,Jacarei,JAC_L3,Budweiser_Lata,15,0.0,0.0,0.0,0.0,0.0,0.0
70,Jacarei,JAC_L3,Guarana_Antarctica_Zero,1,0.0,0.0,0.0,0.0,0.0,23619.4
70,Jacarei,JAC_L3,Guarana_Antarctica_Zero,2,0.0,0.0,0.0,0.0,0.0,0.0
70,Jacarei,JAC_L3,Guarana_Antarctica_Zero,3,0.0,0.0,0.0,0.0,0.0,0.0
70,Jacarei,JAC_L3,Guarana_Antarctica_Zero,4,0.0,0.0,0.0,0.0,0.0,0.0
70,Jacarei,JAC_L3,Guarana_Antarctica_Zero,5,0.0,10063.639999999996,2816.63,0.0,0.0,12880.269999999997
70,Jacarei,JAC_L3,Guarana_Antarctica_Zero,6,0.0,0.0,0.0,0.0,10063.639999999996,8568.66
70,Jacarei,JAC_L3,Guarana_Antarctica_Zero,7,0.0,0.0,0.0,0.0,0.0,0.0
70,Jacarei,JAC_L3,Guarana_Antarctica_Zero,8,0.0,0.0,0.0,0.0,0.0,0.0
70,Jacarei,JAC_L3,Guarana_Antarctica_Zero,9,0.0,0.0,0.0,0.0,0.0,4224.57
70,Jacarei,JAC_L3,Guarana_Antarctica_Zero,10,0.0,6499.98,0.0,0.0,0.0,6499.98
70,Jacarei,JAC_L3,Guarana_Antarctica_Zero,11,0.0,0.0,26723.09,0.0,0.0,20223.11
70,Jacarei,JAC_L3,Guarana_Antarctica_Zero,12,0.0,0.0,0.0,0.0,0.0,0.0
70,Jacarei,JAC_L3,Guarana_Antarctica_Zero,13,0.0,0.0,0.0,0.0,0.0,0.0
70,Jacarei,JAC_L3,Guarana_Antarctica_Zero,14,0.0,0.0,0.0,0.0,0.0,0.0
70,Jacarei,JAC_L3,Guarana_Antarctica_Zero,15,0.0,0.0,0.0,0.0,0.0,0.0
70,Jacarei,JAC_L3,Itaipava_Lata,1,0.0,0.0,0.0,0.0,0.0,0.0
70,Jacarei,JAC_L3,Itaipava_Lata,2,0.0,0.0,0.0,0.0,0.0,0.0
70,Jacarei,JAC_L3,Itaipava_Lata,3,0.0,0.0,0.0,0.0,0.0,0.0
70,Jacarei,JAC_L3,Itaipava_Lata,4,0.0,0.0,0.0,0.0,0.0,5117.59
70,Jacarei,JAC_L3,Itaipava_Lata,5,0.0,0.0,0.0,0.0,0.0,0.0
70,Jacarei,JAC_L3,Itaipava_Lata,6,0.0,0.0,0.0,0.0,0.0,0.0
70,Jacarei,JAC_L3,Itaipava_Lata,7,0.0,0.0,0.0,0.0,0.0,0.0
70,Jacarei,JAC_L3,Itaipava_Lata,8,0.0,0.0,0.0,0.0,0.0,0.0
70,Jacarei,JAC_L3,Itaipava_Lata,9,0.0,0.0,0.0,0.0,0.0,0.0
70,Jacarei,JAC_L3,Itaipava_Lata,10,0.0,0.0,0.0,0.0,0.0,12912.27
70,Jacarei,JAC_L3,Itaipava_Lata,11,0.0,0.0,0.0,0.0,0.0,0.0
70,Jacarei,JAC_L3,Itaipava_Lata,12,0.0,0.0,0.0,0.0,0.0,0.0
70,Jacarei,JAC_L3,Itaipava_Lata,13,0.0,0.0,0.0,0.0,0.0,0.0
70,Jacarei,JAC_L3,Itaipava_Lata,14,0.0,0.0,0.0,0.0,0.0,0.0
70,Jacarei,JAC_L3,Itaipava_Lata,15,0.0,0.0,0.0,0.0,0.0,0.0
70,Jacarei,JAC_L3,Brahma_Lata,1,26503.770000000004,0.0,0.0,0.0,26503.770000000004,0.0
70,Jacarei,JAC_L3,Brahma_Lata,2,0.0,0.0,0.0,0.0,0.0,5117.14
70,Jacarei,JAC_L3,Brahma_Lata,3,7906.870000000002,0.0,0.0,0.0,7906.870000000002,0.0
70,Jacarei,JAC_L3,Brahma_Lata,4,36552.0,0.0,0.0,0.0,36552.00000000001,0.0
70,Jacarei,JAC_L3,Brahma_Lata,5,0.0,0.0,0.0,0.0,0.0,0.0
70,Jacarei,JAC_L3,Brahma_Lata,6,0.0,0.0,0.0,0.0,0.0,0.0
70,Jacarei,JAC_L3,Brahma_Lata,7,6329.900000000007,0.0,14874.81,0.0,0.0,8544.909999999993
70,Jacarei,JAC_L3,Brahma_Lata,8,0.0,0.0,0.0,0.0,0.0,0.0
70,Jacarei,JAC_L3,Brahma_Lata,9,9798.249999999998,0.0,0.0,0.0,9798.249999999998,0.0
70,Jacarei,JAC_L3,Brahma_Lata,10,21263.16,0.0,0.0,0.0,21263.16,0.0
70,Jacarei,JAC_L3,Brahma_Lata,11,31416.45000000001,0.0,0.0,0.0,31416.450000000015,20247.78
70,Jacarei,JAC_L3,Brahma_Lata,12,39912.0,0.0,28879.12,0.0,11032.880000000001,0.0
70,Jacarei,JAC_L3,Brahma_Lata,13,8910.150000000012,0.0,0.0,0.0,8910.150000000012,0.0
70,Jacarei,JAC_L3,Brahma_Lata,14,0.0,0.0,0.0,0.0,0.0,0.0
70,Jacarei,JAC_L3,Brahma_Lata,15,41280.0,0.0,0.0,0.0,41280.0,0.0
70,Jacarei,JAC_L3,Eisenbahn_Pilsen,1,0.0,0.0,0.0,0.0,0.0,0.0
70,Jacarei,JAC_L3,Eisenbahn_Pilsen,2,0.0,0.0,0.0,0.0,0.0,0.0
70,Jacarei,JAC_L3,Eisenbahn_Pilsen,3,0.0,0.0,0.0,0.0,0.0,0.0
70,Jacarei,JAC_L3,Eisenbahn_Pilsen,4,0.0,0.0,0.0,0.0,0.0,0.0
70,Jacarei,JAC_L3,Eisenbahn_Pilsen,5,0.0,0.0,0.0,0.0,0.0,0.0
70,Jacarei,JAC_L3,Eisenbahn_Pilsen,6,0.0,0.0,0.0,0.0,0.0,0.0
70,Jacarei,JAC_L3,Eisenbahn_Pilsen,7,0.0,0.0,0.0,0.0,0.0,0.0
70,Jacarei,JAC_L3,Eisenbahn_Pilsen,8,0.0,0.0,10231.97,0.0,0.0,10231.97
70,Jacarei,JAC_L3,Eisenbahn_Pilsen,9,0.0,0.0,0.0,0.0,0.0,0.0
70,Jacarei,JAC_L3,Eisenbahn_Pilsen,10,0.0,0.0,0.0,0.0,0.0,0.0
70,Jacarei,JAC_L3,Eisenbahn_Pilsen,11,0.0,0.0,0.0,0.0,0.0,0.0
70,Jacarei,JAC_L3,Eisenbahn_Pilsen,12,0.0,0.0,0.0,0.0,0.0,13112.98
70,Jacarei,JAC_L3,Eisenbahn_Pilsen,13,0.0,0.0,0.0,0.0,0.0,0.0
70,Jacarei,JAC_L3,Eisenbahn_Pilsen,14,0.0,0.0,0.0,0.0,0.0,4215.89
70,Jacarei,JAC_L3,Eisenbahn_Pilsen,15,0.0,0.0,0.0,0.0,0.0,0.0
70,Jacarei,JAC_L3,Pepsi_Black,1,0.0,0.0,0.0,0.0,0.0,738.63
70,Jacarei,JAC_L3,Pepsi_Black,2,0.0,0.0,0.0,0.0,0.0,0.0
70,Jacarei,JAC_L3,Pepsi_Black,3,0.0,0.0,0.0,0.0,0.0,0.0
70,Jacarei,JAC_L3,Pepsi_Black,4,0.0,0.0,0.0,0.0,0.0,0.0
70,Jacarei,JAC_L3,Pepsi_Black,5,0.0,0.0,0.0,0.0,0.0,0.0
70,Jacarei,JAC_L3,Pepsi_Black,6,0.0,0.0,0.0,0.0,0.0,0.0
70,Jacarei,JAC_L3,Pepsi_Black,7,0.0,0.0,0.0,0.0,0.0,0.0
70,Jacarei,JAC_L3,Pepsi_Black,8,0.0,0.0,0.0,0.0,0.0,0.0
70,Jacarei,JAC_L3,Pepsi_Black,9,0.0,0.0,0.0,0.0,0.0,0.0
70,Jacarei,JAC_L3,Pepsi_Black,10,0.0,0.0,0.0,0.0,0.0,12912.48
70,Jacarei,JAC_L3,Pepsi_Black,11,0.0,0.0,0.0,0.0,0.0,0.0
70,Jacarei,JAC_L3,Pepsi_Black,12,0.0,0.0,0.0,0.0,0.0,12215.62
70,Jacarei,JAC_L3,Pepsi_Black,13,0.0,0.0,26534.12,0.0,0.0,26534.119999999995
70,Jacarei,JAC_L3,Pepsi_Black,14,0.0,0.0,0.0,0.0,0.0,0.0
70,Jacarei,JAC_L3,Pepsi_Black,15,0.0,0.0,0.0,0.0,0.0,7065.74
70,Jacarei,JAC_L3,Guarana_Antarctica,1,9616.229999999994,0.0,0.0,0.0,9616.229999999994,0.0
70,Jacarei,JAC_L3,Guarana_Antarctica,2,37104.0,0.0,0.0,0.0,37103.99999999999,0.0
70,Jacarei,JAC_L3,Guarana_Antarctica,3,29917.13,0.0,0.0,0.0,29917.13,0.0
70,Jacarei,JAC_L3,Guarana_Antarctica,4,0.0,0.0,0.0,0.0,0.0,0.0
70,Jacarei,JAC_L3,Guarana_Antarctica,5,26906.34,0.0,0.0,0.0,26906.34,26906.34
70,Jacarei,JAC_L3,Guarana_Antarctica,6,36744.0,0.0,0.0,0.0,36744.0,0.0
70,Jacarei,JAC_L3,Guarana_Antarctica,7,27654.09999999999,0.0,2262.33,0.0,25391.769999999993,0.0
70,Jacarei,JAC_L3,Guarana_Antarctica,8,40776.0,0.0,0.0,0.0,40776.0,9125.61
70,Jacarei,JAC_L3,Guarana_Antarctica,9,8794.11,0.0,0.0,0.0,8794.11,0.0
70,Jacarei,JAC_L3,Guarana_Antarctica,10,17496.839999999997,0.0,0.0,0.0,17496.84,11449.21
70,Jacarei,JAC_L3,Guarana_Antarctica,11,5135.54999999999,0.0,0.0,0.0,5135.54999999999,0.0
70,Jacarei,JAC_L3,Guarana_Antarctica,12,0.0,0.0,0.0,0.0,0.0,0.0
70,Jacarei,JAC_L3,Guarana_Antarctica,13,31193.849999999988,0.0,0.0,0.0,31193.849999999988,0.0
70,Jacarei,JAC_L3,Guarana_Antarctica,14,39096.0,0.0,0.0,0.0,39096.00000000001,5627.51
70,Jacarei,JAC_L3,Guarana_Antarctica,15,0.0,0.0,8088.65,0.0,0.0,8088.65
70,Jacarei,JAC_L3,Amstel_Lata,1,0.0,0.0,0.0,0.0,0.0,0.0
70,Jacarei,JAC_L3,Amstel_Lata,2,0.0,0.0,0.0,0.0,0.0,0.0
70,Jacarei,JAC_L3,Amstel_Lata,3,0.0,0.0,0.0,0.0,0.0,11179.31
70,Jacarei,JAC_L3,Amstel_Lata,4,0.0,0.0,0.0,0.0,0.0,0.0
70,Jacarei,JAC_L3,Amstel_Lata,5,0.0,0.0,0.0,0.0,0.0,0.0
70,Jacarei,JAC_L3,Amstel_Lata,6,0.0,0.0,0.0,0.0,0.0,4662.46
70,Jacarei,JAC_L3,Amstel_Lata,7,0.0,0.0,0.0,0.0,0.0,0.0
70,Jacarei,JAC_L3,Amstel_Lata,8,0.0,0.0,0.0,0.0,0.0,0.0
70,Jacarei,JAC_L3,Amstel_Lata,9,0.0,0.0,0.0,0.0,0.0,0.0
70,Jacarei,JAC_L3,Amstel_Lata,10,0.0,0.0,0.0,0.0,0.0,0.0
70,Jacarei,JAC_L3,Amstel_Lata,11,0.0,0.0,0.0,0.0,0.0,0.0
70,Jacarei,JAC_L3,Amstel_Lata,12,0.0,0.0,0.0,0.0,0.0,0.0
70,Jacarei,JAC_L3,Amstel_Lata,13,0.0,0.0,0.0,0.0,0.0,0.0
70,Jacarei,JAC_L3,Amstel_Lata,14,0.0,0.0,0.0,0.0,0.0,0.0
70,Jacarei,JAC_L3,Amstel_Lata,15,0.0,0.0,0.0,0.0,0.0,13280.17
70,Jacarei,JAC_L3,Del_Valle_Laranja,1,0.0,0.0,0.0,0.0,0.0,3411.23
70,Jacarei,JAC_L3,Del_Valle_Laranja,2,0.0,0.0,0.0,0.0,0.0,0.0
70,Jacarei,JAC_L3,Del_Valle_Laranja,3,0.0,0.0,0.0,0.0,0.0,0.0
70,Jacarei,JAC_L3,Del_Valle_Laranja,4,0.0,0.0,0.0,0.0,0.0,0.0
70,Jacarei,JAC_L3,Del_Valle_Laranja,5,0.0,0.0,0.0,0.0,0.0,0.0
70,Jacarei,JAC_L3,Del_Valle_Laranja,6,0.0,0.0,0.0,0.0,0.0,0.0
70,Jacarei,JAC_L3,Del_Valle_Laranja,7,0.0,0.0,0.0,0.0,0.0,0.0
70,Jacarei,JAC_L3,Del_Valle_Laranja,8,0.0,0.0,0.0,0.0,0.0,0.0
70,Jacarei,JAC_L3,Del_Valle_Laranja,9,0.0,0.0,24879.97,0.0,0.0,24879.97
70,Jacarei,JAC_L3,Del_Valle_Laranja,10,0.0,0.0,0.0,0.0,0.0,0.0
70,Jacarei,JAC_L3,Del_Valle_Laranja,11,0.0,0.0,0.0,0.0,0.0,0.0
70,Jacarei,JAC_L3,Del_Valle_Laranja,12,0.0,0.0,0.0,0.0,0.0,0.0
70,Jacarei,JAC_L3,Del_Valle_Laranja,13,0.0,0.0,0.0,0.0,0.0,0.0
70,Jacarei,JAC_L3,Del_Valle_Laranja,14,0.0,0.0,0.0,0.0,0.0,0.0
70,Jacarei,JAC_L3,Del_Valle_Laranja,15,0.0,0.0,0.0,0.0,0.0,0.0
70,Jacarei,JAC_L3,Fanta_Uva,1,0.0,0.0,0.0,0.0,0.0,0.0
70,Jacarei,JAC_L3,Fanta_Uva,2,0.0,21951.99,0.0,0.0,0.0,21951.99
70,Jacarei,JAC_L3,Fanta_Uva,3,0.0,19915.92,0.0,0.0,2036.070000000002,0.0
70,Jacarei,JAC_L3,Fanta_Uva,4,0.0,0.0,0.0,0.0,19915.92,19915.92
70,Jacarei,JAC_L3,Fanta_Uva,5,0.0,7079.0,0.0,0.0,0.0,7079.0
70,Jacarei,JAC_L3,Fanta_Uva,6,0.0,0.0,7079.0,0.0,0.0,0.0
70,Jacarei,JAC_L3,Fanta_Uva,7,0.0,0.0,0.0,0.0,0.0,0.0
70,Jacarei,JAC_L3,Fanta_Uva,8,0.0,0.0,0.0,0.0,0.0,0.0
70,Jacarei,JAC_L3,Fanta_Uva,9,0.0,0.0,0.0,0.0,0.0,0.0
70,Jacarei,JAC_L3,Fanta_Uva,10,0.0,31842.159999999978,0.0,0.0,0.0,31842.159999999978
70,Jacarei,JAC_L3,Fanta_Uva,11,0.0,0.0,0.0,0.0,31842.159999999978,0.0
70,Jacarei,JAC_L3,Fanta_Uva,12,0.0,720.3499999999931,0.0,0.0,0.0,720.3499999999931
70,Jacarei,JAC_L3,Fanta_Uva,13,0.0,0.0,0.0,0.0,720.3499999999931,0.0
70,Jacarei,JAC_L3,Fanta_Uva,14,0.0,3381.3500000000004,1122.26,0.0,0.0,4503.610000000001
70,Jacarei,JAC_L3,Fanta_Uva,15,0.0,0.0,0.0,0.0,3381.3500000000004,0.0
70,Jacarei,JAC_L3,Maguary_Maracuja,1,0.0,0.0,0.0,0.0,0.0,0.0
70,Jacarei,JAC_L3,Maguary_Maracuja,2,0.0,0.0,0.0,0.0,0.0,0.0
70,Jacarei,JAC_L3,Maguary_Maracuja,3,0.0,0.0,0.0,0.0,0.0,0.0
70,Jacarei,JAC_L3,Maguary_Maracuja,4,0.0,0.0,0.0,0.0,0.0,0.0
70,Jacarei,JAC_L3,Maguary_Maracuja,5,0.0,0.0,0.0,0.0,0.0,0.0
70,Jacarei,JAC_L3,Maguary_Maracuja,6,0.0,0.0,0.0,0.0,0.0,0.0
70,Jacarei,JAC_L3,Maguary_Maracuja,7,0.0,0.0,0.0,0.0,0.0,17962.55
70,Jacarei,JAC_L3,Maguary_Maracuja,8,0.0,0.0,0.0,0.0,0.0,0.0
70,Jacarei,JAC_L3,Maguary_Maracuja,9,0.0,0.0,0.0,0.0,0.0,0.0
70,Jacarei,JAC_L3,Maguary_Maracuja,10,0.0,0.0,0.0,0.0,0.0,0.0
70,Jacarei,JAC_L3,Maguary_Maracuja,11,0.0,0.0,0.0,0.0,0.0,0.0
70,Jacarei,JAC_L3,Maguary_Maracuja,12,0.0,0.0,0.0,0.0,0.0,0.0
70,Jacarei,JAC_L3,Maguary_Maracuja,13,0.0,0.0,0.0,0.0,0.0,0.0
70,Jacarei,JAC_L3,Maguary_Maracuja,14,0.0,0.0,12215.37,0.0,0.0,12215.37
70,Jacarei,JAC_L3,Maguary_Maracuja,15,0.0,0.0,0.0,0.0,0.0,0.0
70,Jacarei,JAC_L3,Coca_Cola,1,0.0,0.0,0.0,0.0,0.0,0.0
70,Jacarei,JAC_L3,Coca_Cola,2,0.0,0.0,0.0,0.0,0.0,0.0
70,Jacarei,JAC_L3,Coca_Cola,3,0.0,0.0,0.0,0.0,0.0,0.0
70,Jacarei,JAC_L3,Coca_Cola,4,0.0,0.0,0.0,0.0,21372.25,0.0
70,Jacarei,JAC_L3,Coca_Cola,5,0.0,0.0,0.0,0.0,0.0,0.0
70,Jacarei,JAC_L3,Coca_Cola,6,0.0,0.0,0.0,0.0,0.0,0.0
70,Jacarei,JAC_L3,Coca_Cola,7,0.0,0.0,0.0,0.0,0.0,0.0
70,Jacarei,JAC_L3,Coca_Cola,8,0.0,0.0,0.0,0.0,11084.54,0.0
70,Jacarei,JAC_L3,Coca_Cola,9,0.0,0.0,0.0,0.0,9951.02,0.0
70,Jacarei,JAC_L3,Coca_Cola,10,0.0,0.0,0.0,0.0,31782.46,0.0
70,Jacarei,JAC_L3,Coca_Cola,11,0.0,0.0,0.0,0.0,21847.34,0.0
70,Jacarei,JAC_L3,Coca_Cola,12,0.0,0.0,0.0,0.0,6901.500000000002,0.0
70,Jacarei,JAC_L3,Coca_Cola,13,0.0,0.0,0.0,0.0,0.0,0.0
70,Jacarei,JAC_L3,Coca_Cola,14,0.0,0.0,0.0,0.0,27759.910000000003,0.0
70,Jacarei,JAC_L3,Coca_Cola,15,0.0,0.0,12789.82,0.0,39264.0,12789.82
70,Jacarei,JAC_L3,H2OH_Limao,1,0.0,0.0,0.0,0.0,0.0,0.0
70,Jacarei,JAC_L3,H2OH_Limao,2,0.0,0.0,0.0,0.0,0.0,0.0
70,Jacarei,JAC_L3,H2OH_Limao,3,0.0,0.0,0.0,0.0,0.0,0.0
70,Jacarei,JAC_L3,H2OH_Limao,4,0.0,0.0,0.0,0.0,0.0,0.0
70,Jacarei,JAC_L3,H2OH_Limao,5,0.0,0.0,0.0,0.0,0.0,0.0
70,Jacarei,JAC_L3,H2OH_Limao,6,0.0,0.0,12356.86,0.0,0.0,12356.86
70,Jacarei,JAC_L3,H2OH_Limao,7,0.0,0.0,0.0,0.0,0.0,0.0
70,Jacarei,JAC_L3,H2OH_Limao,8,0.0,0.0,0.0,0.0,0.0,0.0
70,Jacarei,JAC_L3,H2OH_Limao,9,0.0,0.0,0.0,0.0,0.0,0.0
70,Jacarei,JAC_L3,H2OH_Limao,10,0.0,0.0,0.0,0.0,0.0,0.0
70,Jacarei,JAC_L3,H2OH_Limao,11,0.0,0.0,0.0,0.0,0.0,0.0
70,Jacarei,JAC_L3,H2OH_Limao,12,0.0,0.0,0.0,0.0,0.0,0.0
70,Jacarei,JAC_L3,H2OH_Limao,13,0.0,0.0,0.0,0.0,0.0,0.0
70,Jacarei,JAC_L3,H2OH_Limao,14,0.0,0.0,0.0,0.0,0.0,0.0
70,Jacarei,JAC_L3,H2OH_Limao,15,0.0,0.0,8359.27,0.0,0.0,8359.27
70,Jacarei,JAC_L3,Schweppes_Citrus,1,0.0,0.0,0.0,0.0,0.0,0.0
70,Jacarei,JAC_L3,Schweppes_Citrus,2,0.0,0.0,0.0,0.0,9357.34,9357.34
70,Jacarei,JAC_L3,Schweppes_Citrus,3,0.0,0.0,0.0,0.0,0.0,0.0
70,Jacarei,JAC_L3,Schweppes_Citrus,4,0.0,0.0,0.0,0.0,0.0,0.0
70,Jacarei,JAC_L3,Schweppes_Citrus,5,0.0,0.0,0.0,0.0,0.0,0.0
70,Jacarei,JAC_L3,Schweppes_Citrus,6,0.0,0.0,0.0,0.0,0.0,0.0
70,Jacarei,JAC_L3,Schweppes_Citrus,7,0.0,0.0,0.0,0.0,24607.46,24607.46
70,Jacarei,JAC_L3,Schweppes_Citrus,8,0.0,0.0,0.0,0.0,0.0,0.0
70,Jacarei,JAC_L3,Schweppes_Citrus,9,0.0,0.0,0.0,0.0,0.0,0.0
70,Jacarei,JAC_L3,Schweppes_Citrus,10,0.0,0.0,27286.52,0.0,0.0,35810.18999999999
70,Jacarei,JAC_L3,Schweppes_Citrus,11,0.0,0.0,0.0,0.0,8523.669999999987,0.0
70,Jacarei,JAC_L3,Schweppes_Citrus,12,0.0,0.0,0.0,0.0,0.0,0.0
70,Jacarei,JAC_L3,Schweppes_Citrus,13,0.0,0.0,0.0,0.0,5543.17,5543.17
70,Jacarei,JAC_L3,Schweppes_Citrus,14,0.0,0.0,0.0,0.0,0.0,0.0
70,Jacarei,JAC_L3,Schweppes_Citrus,15,0.0,0.0,0.0,0.0,6555.14,6555.14
70,Jacarei,JAC_L3,Sprite,1,0.0,0.0,0.0,0.0,0.0,0.0
70,Jacarei,JAC_L3,Sprite,2,0.0,0.0,0.0,0.0,0.0,0.0
70,Jacarei,JAC_L3,Sprite,3,0.0,0.0,0.0,0.0,0.0,0.0
70,Jacarei,JAC_L3,Sprite,4,0.0,0.0,0.0,0.0,0.0,0.0
70,Jacarei,JAC_L3,Sprite,5,0.0,0.0,0.0,0.0,0.0,0.0
70,Jacarei,JAC_L3,Sprite,6,0.0,0.0,0.0,0.0,0.0,0.0
70,Jacarei,JAC_L3,Sprite,7,0.0,0.0,0.0,0.0,0.0,0.0
70,Jacarei,JAC_L3,Sprite,8,0.0,0.0,0.0,0.0,0.0,0.0
70,Jacarei,JAC_L3,Sprite,9,0.0,0.0,0.0,0.0,0.0,0.0
70,Jacarei,JAC_L3,Sprite,10,0.0,0.0,0.0,0.0,0.0,0.0
70,Jacarei,JAC_L3,Sprite,11,0.0,0.0,0.0,0.0,0.0,0.0
70,Jacarei,JAC_L3,Sprite,12,0.0,0.0,0.0,0.0,0.0,0.0
70,Jacarei,JAC_L3,Sprite,13,0.0,0.0,0.0,0.0,0.0,0.0
70,Jacarei,JAC_L3,Sprite,14,0.0,0.0,0.0,0.0,0.0,0.0
70,Jacarei,JAC_L3,Sprite,15,0.0,0.0,0.0,0.0,0.0,0.0
70,Jacarei,JAC_L3,Del_Valle_Uva,1,0.0,0.0,0.0,0.0,0.0,0.0
70,Jacarei,JAC_L3,Del_Valle_Uva,2,0.0,0.0,0.0,0.0,0.0,0.0
70,Jacarei,JAC_L3,Del_Valle_Uva,3,0.0,0.0,0.0,0.0,0.0,0.0
70,Jacarei,JAC_L3,Del_Valle_Uva,4,0.0,0.0,0.0,0.0,0.0,0.0
70,Jacarei,JAC_L3,Del_Valle_Uva,5,0.0,0.0,0.0,0.0,0.0,0.0
70,Jacarei,JAC_L3,Del_Valle_Uva,6,0.0,0.0,0.0,0.0,0.0,0.0
70,Jacarei,JAC_L3,Del_Valle_Uva,7,0.0,0.0,0.0,0.0,0.0,0.0
70,Jacarei,JAC_L3,Del_Valle_Uva,8,0.0,0.0,0.0,0.0,0.0,0.0
70,Jacarei,JAC_L3,Del_Valle_Uva,9,0.0,0.0,0.0,0.0,0.0,0.0
70,Jacarei,JAC_L3,Del_Valle_Uva,10,0.0,0.0,0.0,0.0,0.0,0.0
70,Jacarei,JAC_L3,Del_Valle_Uva,11,0.0,0.0,0.0,0.0,0.0,0.0
70,Jacarei,JAC_L3,Del_Valle_Uva,12,0.0,0.0,0.0,0.0,0.0,0.0
70,Jacarei,JAC_L3,Del_Valle_Uva,13,0.0,0.0,0.0,0.0,0.0,0.0
70,Jacarei,JAC_L3,Del_Valle_Uva,14,0.0,0.0,0.0,0.0,0.0,0.0
70,Jacarei,JAC_L3,Del_Valle_Uva,15,0.0,0.0,0.0,0.0,0.0,0.0
70,Jacarei,JAC_L3,Pepsi,1,0.0,0.0,0.0,0.0,0.0,0.0
70,Jacarei,JAC_L3,Pepsi,2,0.0,0.0,0.0,0.0,0.0,0.0
70,Jacarei,JAC_L3,Pepsi,3,0.0,0.0,0.0,0.0,0.0,0.0
70,Jacarei,JAC_L3,Pepsi,4,0.0,0.0,0.0,0.0,0.0,0.0
70,Jacarei,JAC_L3,Pepsi,5,0.0,0.0,0.0,0.0,0.0,0.0
70,Jacarei,JAC_L3,Pepsi,6,0.0,0.0,0.0,0.0,0.0,0.0
70,Jacarei,JAC_L3,Pepsi,7,0.0,0.0,0.0,0.0,0.0,0.0
70,Jacarei,JAC_L3,Pepsi,8,0.0,0.0,0.0,0.0,0.0,0.0
70,Jacarei,JAC_L3,Pepsi,9,0.0,0.0,0.0,0.0,0.0,0.0
70,Jacarei,JAC_L3,Pepsi,10,0.0,0.0,0.0,0.0,0.0,0.0
70,Jacarei,JAC_L3,Pepsi,11,0.0,0.0,0.0,0.0,0.0,0.0
70,Jacarei,JAC_L3,Pepsi,12,0.0,0.0,0.0,0.0,0.0,0.0
70,Jacarei,JAC_L3,Pepsi,13,0.0,0.0,0.0,0.0,0.0,0.0
70,Jacarei,JAC_L3,Pepsi,14,0.0,0.0,0.0,0.0,0.0,0.0
70,Jacarei,JAC_L3,Pepsi,15,0.0,0.0,0.0,0.0,0.0,0.0
70,Extrema,EXT_L1,Fanta_Laranja,1,0.0,0.0,0.0,0.0,15431.04,0.0
70,Extrema,EXT_L1,Fanta_Laranja,2,0.0,0.0,0.0,0.0,6503.850000000002,6503.850000000002
70,Extrema,EXT_L1,Fanta_Laranja,3,0.0,0.0,0.0,0.0,21397.11,12073.61
70,Extrema,EXT_L1,Fanta_Laranja,4,0.0,0.0,0.0,0.0,55753.46,0.0
70,Extrema,EXT_L1,Fanta_Laranja,5,0.0,0.0,0.0,0.0,42528.00000000001,6759.330000000009
70,Extrema,EXT_L1,Fanta_Laranja,6,0.0,0.0,0.0,0.0,45807.330000000016,0.0
70,Extrema,EXT_L1,Fanta_Laranja,7,0.0,0.0,0.0,0.0,13301.05,0.0
70,Extrema,EXT_L1,Fanta_Laranja,8,0.0,0.0,0.0,0.0,33272.32,0.0
70,Extrema,EXT_L1,Fanta_Laranja,9,0.0,0.0,0.0,0.0,37406.18,0.0
70,Extrema,EXT_L1,Fanta_Laranja,10,0.0,0.0,0.0,0.0,601.6100000000188,601.6100000000188
70,Extrema,EXT_L1,Fanta_Laranja,11,0.0,0.0,0.0,0.0,29728.36,0.0
70,Extrema,EXT_L1,Fanta_Laranja,12,0.0,0.0,0.0,0.0,28835.25,0.0
70,Extrema,EXT_L1,Fanta_Laranja,13,0.0,0.0,0.0,0.0,41487.32,0.0
70,Extrema,EXT_L1,Fanta_Laranja,14,0.0,0.0,0.0,0.0,36024.0,0.0
70,Extrema,EXT_L1,Fanta_Laranja,15,0.0,0.0,0.0,0.0,35400.0,0.0
70,Extrema,EXT_L1,Itubaina,1,0.0,0.0,0.0,0.0,0.0,0.0
70,Extrema,EXT_L1,Itubaina,2,0.0,0.0,0.0,0.0,0.0,0.0
70,Extrema,EXT_L1,Itubaina,3,0.0,0.0,0.0,0.0,0.0,0.0
70,Extrema,EXT_L1,Itubaina,4,0.0,0.0,0.0,0.0,0.0,0.0
70,Extrema,EXT_L1,Itubaina,5,0.0,0.0,0.0,0.0,31906.329999999998,0.0
70,Extrema,EXT_L1,Itubaina,6,0.0,0.0,0.0,0.0,15918.65,0.0
70,Extrema,EXT_L1,Itubaina,7,0.0,0.0,0.0,0.0,0.0,12824.54
70,Extrema,EXT_L1,Itubaina,8,0.0,0.0,0.0,0.0,0.0,2569.36
70,Extrema,EXT_L1,Itubaina,9,0.0,0.0,0.0,0.0,0.0,0.0
70,Extrema,EXT_L1,Itubaina,10,0.0,0.0,0.0,0.0,2526.790000000001,0.0
70,Extrema,EXT_L1,Itubaina,11,0.0,0.0,0.0,0.0,0.0,0.0
70,Extrema,EXT_L1,Itubaina,12,0.0,0.0,0.0,0.0,0.0,0.0
70,Extrema,EXT_L1,Itubaina,13,0.0,0.0,0.0,0.0,0.0,0.0
70,Extrema,EXT_L1,Itubaina,14,0.0,0.0,0.0,0.0,0.0,0.0
70,Extrema,EXT_L1,Itubaina,15,0.0,0.0,0.0,0.0,0.0,0.0
70,Extrema,EXT_L1,Skol_Lata,1,0.0,0.0,0.0,0.0,0.0,0.0
70,Extrema,EXT_L1,Skol_Lata,2,0.0,0.0,0.0,0.0,0.0,0.0
70,Extrema,EXT_L1,Skol_Lata,3,0.0,0.0,0.0,0.0,0.0,0.0
70,Extrema,EXT_L1,Skol_Lata,4,0.0,0.0,0.0,0.0,0.0,10532.77
70,Extrema,EXT_L1,Skol_Lata,5,0.0,0.0,0.0,0.0,0.0,24836.05
70,Extrema,EXT_L1,Skol_Lata,6,0.0,0.0,9757.13,0.0,0.0,9757.13
70,Extrema,EXT_L1,Skol_Lata,7,0.0,0.0,0.0,0.0,0.0,0.0
70,Extrema,EXT_L1,Skol_Lata,8,0.0,0.0,0.0,0.0,0.0,0.0
70,Extrema,EXT_L1,Skol_Lata,9,0.0,0.0,0.0,0.0,0.0,0.0
70,Extrema,EXT_L1,Skol_Lata,10,0.0,0.0,7756.44,0.0,0.0,7756.44
70,Extrema,EXT_L1,Skol_Lata,11,0.0,0.0,0.0,0.0,0.0,0.0
70,Extrema,EXT_L1,Skol_Lata,12,0.0,0.0,0.0,0.0,0.0,0.0
70,Extrema,EXT_L1,Skol_Lata,13,0.0,0.0,0.0,0.0,0.0,0.0
70,Extrema,EXT_L1,Skol_Lata,14,0.0,0.0,0.0,0.0,0.0,0.0
70,Extrema,EXT_L1,Skol_Lata,15,0.0,0.0,0.0,0.0,0.0,19523.97
70,Extrema,EXT_L1,Heineken_Lata,1,0.0,0.0,0.0,0.0,0.0,0.0
70,Extrema,EXT_L1,Heineken_Lata,2,0.0,0.0,0.0,0.0,0.0,0.0
70,Extrema,EXT_L1,Heineken_Lata,3,0.0,0.0,0.0,0.0,0.0,0.0
70,Extrema,EXT_L1,Heineken_Lata,4,0.0,0.0,0.0,0.0,0.0,0.0
70,Extrema,EXT_L1,Heineken_Lata,5,0.0,0.0,0.0,0.0,0.0,0.0
70,Extrema,EXT_L1,Heineken_Lata,6,0.0,0.0,0.0,0.0,0.0,0.0
70,Extrema,EXT_L1,Heineken_Lata,7,0.0,0.0,0.0,0.0,0.0,0.0
70,Extrema,EXT_L1,Heineken_Lata,8,22415.640000000003,0.0,0.0,0.0,22415.640000000003,0.0
70,Extrema,EXT_L1,Heineken_Lata,9,0.0,0.0,0.0,0.0,0.0,0.0
70,Extrema,EXT_L1,Heineken_Lata,10,0.0,0.0,0.0,0.0,0.0,0.0
70,Extrema,EXT_L1,Heineken_Lata,11,0.0,0.0,0.0,0.0,0.0,0.0
70,Extrema,EXT_L1,Heineken_Lata,12,423.0800000000032,0.0,0.0,0.0,423.0800000000032,12745.06
70,Extrema,EXT_L1,Heineken_Lata,13,12010.350000000002,0.0,0.0,0.0,12010.350000000002,1478.84
70,Extrema,EXT_L1,Heineken_Lata,14,1009.5700000000079,0.0,2908.95,0.0,0.0,1899.379999999992
70,Extrema,EXT_L1,Heineken_Lata,15,0.0,0.0,0.0,0.0,0.0,0.0
70,Extrema,EXT_L1,Coca_Cola_Zero,1,0.0,0.0,0.0,0.0,0.0,0.0
70,Extrema,EXT_L1,Coca_Cola_Zero,2,0.0,0.0,0.0,0.0,0.0,29276.44
70,Extrema,EXT_L1,Coca_Cola_Zero,3,0.0,0.0,0.0,0.0,0.0,11269.97
70,Extrema,EXT_L1,Coca_Cola_Zero,4,0.0,0.0,0.0,0.0,0.0,0.0
70,Extrema,EXT_L1,Coca_Cola_Zero,5,0.0,0.0,0.0,0.0,0.0,0.0
70,Extrema,EXT_L1,Coca_Cola_Zero,6,0.0,0.0,0.0,0.0,0.0,0.0
70,Extrema,EXT_L1,Coca_Cola_Zero,7,0.0,0.0,0.0,0.0,0.0,0.0
70,Extrema,EXT_L1,Coca_Cola_Zero,8,0.0,0.0,0.0,0.0,0.0,0.0
70,Extrema,EXT_L1,Coca_Cola_Zero,9,0.0,0.0,0.0,0.0,0.0,0.0
70,Extrema,EXT_L1,Coca_Cola_Zero,10,0.0,0.0,0.0,0.0,0.0,0.0
70,Extrema,EXT_L1,Coca_Cola_Zero,11,0.0,0.0,0.0,0.0,0.0,0.0
70,Extrema,EXT_L1,Coca_Cola_Zero,12,0.0,0.0,0.0,0.0,0.0,23955.35
70,Extrema,EXT_L1,Coca_Cola_Zero,13,0.0,0.0,0.0,0.0,0.0,0.0
70,Extrema,EXT_L1,Coca_Cola_Zero,14,0.0,0.0,0.0,0.0,0.0,0.0
70,Extrema,EXT_L1,Coca_Cola_Zero,15,0.0,0.0,0.0,0.0,0.0,0.0
70,Extrema,EXT_L1,Antarctica_Lata,1,0.0,0.0,0.0,0.0,0.0,0.0
70,Extrema,EXT_L1,Antarctica_Lata,2,0.0,0.0,0.0,0.0,0.0,0.0
70,Extrema,EXT_L1,Antarctica_Lata,3,0.0,0.0,0.0,0.0,0.0,0.0
70,Extrema,EXT_L1,Antarctica_Lata,4,0.0,0.0,0.0,0.0,0.0,0.0
70,Extrema,EXT_L1,Antarctica_Lata,5,0.0,0.0,0.0,0.0,0.0,0.0
70,Extrema,EXT_L1,Antarctica_Lata,6,0.0,0.0,0.0,0.0,0.0,0.0
70,Extrema,EXT_L1,Antarctica_Lata,7,0.0,0.0,0.0,0.0,3309.4900000000034,3309.4900000000034
70,Extrema,EXT_L1,Antarctica_Lata,8,0.0,0.0,0.0,0.0,0.0,17644.07
70,Extrema,EXT_L1,Antarctica_Lata,9,0.0,0.0,0.0,0.0,0.0,0.0
70,Extrema,EXT_L1,Antarctica_Lata,10,0.0,0.0,0.0,0.0,0.0,12559.27
70,Extrema,EXT_L1,Antarctica_Lata,11,0.0,0.0,0.0,0.0,0.0,0.0
70,Extrema,EXT_L1,Antarctica_Lata,12,0.0,0.0,0.0,0.0,0.0,0.0
70,Extrema,EXT_L1,Antarctica_Lata,13,0.0,0.0,0.0,0.0,0.0,0.0
70,Extrema,EXT_L1,Antarctica_Lata,14,0.0,0.0,0.0,0.0,0.0,25402.11
70,Extrema,EXT_L1,Antarctica_Lata,15,0.0,0.0,934.33,0.0,0.0,934.33
70,Extrema,EXT_L1,Spaten_Lata,1,0.0,0.0,0.0,0.0,0.0,0.0
70,Extrema,EXT_L1,Spaten_Lata,2,0.0,0.0,0.0,0.0,0.0,0.0
70,Extrema,EXT_L1,Spaten_Lata,3,0.0,0.0,0.0,0.0,0.0,0.0
70,Extrema,EXT_L1,Spaten_Lata,4,0.0,0.0,0.0,0.0,0.0,0.0
70,Extrema,EXT_L1,Spaten_Lata,5,0.0,0.0,0.0,0.0,0.0,0.0
70,Extrema,EXT_L1,Spaten_Lata,6,0.0,0.0,0.0,0.0,0.0,0.0
70,Extrema,EXT_L1,Spaten_Lata,7,0.0,0.0,0.0,0.0,0.0,0.0
70,Extrema,EXT_L1,Spaten_Lata,8,0.0,0.0,9054.78,0.0,0.0,9054.78
70,Extrema,EXT_L1,Spaten_Lata,9,0.0,0.0,0.0,0.0,0.0,0.0
70,Extrema,EXT_L1,Spaten_Lata,10,0.0,0.0,0.0,0.0,0.0,0.0
70,Extrema,EXT_L1,Spaten_Lata,11,0.0,0.0,0.0,0.0,0.0,0.0
70,Extrema,EXT_L1,Spaten_Lata,12,0.0,0.0,0.0,0.0,0.0,0.0
70,Extrema,EXT_L1,Spaten_Lata,13,0.0,0.0,0.0,0.0,0.0,0.0
70,Extrema,EXT_L1,Spaten_Lata,14,0.0,0.0,17861.1,0.0,0.0,17861.1
70,Extrema,EXT_L1,Spaten_Lata,15,0.0,0.0,0.0,0.0,0.0,0.0
70,Extrema,EXT_L1,Maguary_Caju,1,0.0,0.0,12851.22,0.0,37584.0,12851.22
70,Extrema,EXT_L1,Maguary_Caju,2,0.0,0.0,0.0,0.0,6374.12,0.0
70,Extrema,EXT_L1,Maguary_Caju,3,0.0,0.0,0.0,0.0,37464.0,0.0
70,Extrema,EXT_L1,Maguary_Caju,4,0.0,0.0,0.0,0.0,9496.95,0.0
70,Extrema,EXT_L1,Maguary_Caju,5,0.0,0.0,0.0,0.0,7717.6700000000055,0.0
70,Extrema,EXT_L1,Maguary_Caju,6,0.0,0.0,0.0,0.0,6760.98,9876.370000000003
70,Extrema,EXT_L1,Maguary_Caju,7,0.0,0.0,0.0,0.0,0.0,0.0
70,Extrema,EXT_L1,Maguary_Caju,8,0.0,0.0,0.0,0.0,36672.0,0.0
70,Extrema,EXT_L1,Maguary_Caju,9,0.0,0.0,0.0,0.0,36120.0,0.0
70,Extrema,EXT_L1,Maguary_Caju,10,0.0,0.0,0.0,0.0,0.0,0.0
70,Extrema,EXT_L1,Maguary_Caju,11,0.0,0.0,17498.25,0.0,31761.47,17498.25
70,Extrema,EXT_L1,Maguary_Caju,12,0.0,0.0,0.0,0.0,22972.72,0.0
70,Extrema,EXT_L1,Maguary_Caju,13,0.0,0.0,0.0,0.0,19410.84,0.0
70,Extrema,EXT_L1,Maguary_Caju,14,0.0,0.0,0.0,0.0,21961.07,0.0
70,Extrema,EXT_L1,Maguary_Caju,15,0.0,0.0,0.0,0.0,24764.4,12407.2
70,Extrema,EXT_L1,Del_Valle_Pessego,1,0.0,0.0,0.0,0.0,0.0,13802.87
70,Extrema,EXT_L1,Del_Valle_Pessego,2,0.0,0.0,0.0,0.0,27688.98,27688.98
70,Extrema,EXT_L1,Del_Valle_Pessego,3,0.0,0.0,0.0,0.0,6488.950000000001,6488.950000000001
70,Extrema,EXT_L1,Del_Valle_Pessego,4,0.0,0.0,0.0,0.0,0.0,1969.65
70,Extrema,EXT_L1,Del_Valle_Pessego,5,0.0,0.0,0.0,0.0,0.0,8486.86
70,Extrema,EXT_L1,Del_Valle_Pessego,6,0.0,0.0,0.0,0.0,415.82,415.82
70,Extrema,EXT_L1,Del_Valle_Pessego,7,0.0,0.0,0.0,0.0,0.0,0.0
70,Extrema,EXT_L1,Del_Valle_Pessego,8,0.0,0.0,0.0,0.0,0.0,0.0
70,Extrema,EXT_L1,Del_Valle_Pessego,9,0.0,0.0,0.0,0.0,0.0,0.0
70,Extrema,EXT_L1,Del_Valle_Pessego,10,0.0,0.0,0.0,0.0,11236.270000000008,11236.270000000008
70,Extrema,EXT_L1,Del_Valle_Pessego,11,0.0,0.0,0.0,0.0,0.0,26733.15
70,Extrema,EXT_L1,Del_Valle_Pessego,12,0.0,0.0,0.0,0.0,4690.440000000001,4690.440000000001
70,Extrema,EXT_L1,Del_Valle_Pessego,13,0.0,0.0,0.0,0.0,0.0,0.0
70,Extrema,EXT_L1,Del_Valle_Pessego,14,0.0,0.0,0.0,0.0,0.0,0.0
70,Extrema,EXT_L1,Del_Valle_Pessego,15,0.0,0.0,0.0,0.0,14580.720000000008,14580.720000000008
70,Extrema,EXT_L1,Stella_Artois_Pure_Gold,1,0.0,0.0,0.0,0.0,0.0,0.0
70,Extrema,EXT_L1,Stella_Artois_Pure_Gold,2,0.0,0.0,0.0,0.0,0.0,0.0
70,Extrema,EXT_L1,Stella_Artois_Pure_Gold,3,0.0,0.0,0.0,0.0,0.0,0.0
70,Extrema,EXT_L1,Stella_Artois_Pure_Gold,4,0.0,0.0,0.0,0.0,0.0,0.0
70,Extrema,EXT_L1,Stella_Artois_Pure_Gold,5,0.0,0.0,0.0,0.0,0.0,0.0
70,Extrema,EXT_L1,Stella_Artois_Pure_Gold,6,0.0,0.0,0.0,0.0,0.0,0.0
70,Extrema,EXT_L1,Stella_Artois_Pure_Gold,7,0.0,0.0,0.0,0.0,0.0,0.0
70,Extrema,EXT_L1,Stella_Artois_Pure_Gold,8,0.0,0.0,0.0,0.0,0.0,0.0
70,Extrema,EXT_L1,Stella_Artois_Pure_Gold,9,0.0,0.0,0.0,0.0,0.0,0.0
70,Extrema,EXT_L1,Stella_Artois_Pure_Gold,10,0.0,0.0,0.0,0.0,0.0,1698.53
70,Extrema,EXT_L1,Stella_Artois_Pure_Gold,11,0.0,0.0,0.0,0.0,0.0,0.0
70,Extrema,EXT_L1,Stella_Artois_Pure_Gold,12,0.0,0.0,0.0,0.0,0.0,0.0
70,Extrema,EXT_L1,Stella_Artois_Pure_Gold,13,0.0,0.0,0.0,0.0,0.0,0.0
70,Extrema,EXT_L1,Stella_Artois_Pure_Gold,14,0.0,0.0,0.0,0.0,0.0,0.0
70,Extrema,EXT_L1,Stella_Artois_Pure_Gold,15,0.0,0.0,0.0,0.0,0.0,0.0
70,Extrema,EXT_L1,Sprite_Zero,1,0.0,0.0,0.0,0.0,0.0,0.0
70,Extrema,EXT_L1,Sprite_Zero,2,0.0,0.0,0.0,0.0,0.0,0.0
70,Extrema,EXT_L1,Sprite_Zero,3,0.0,0.0,0.0,0.0,0.0,0.0
70,Extrema,EXT_L1,Sprite_Zero,4,0.0,0.0,0.0,0.0,0.0,0.0
70,Extrema,EXT_L1,Sprite_Zero,5,0.0,0.0,0.0,0.0,11440.61,11440.61
70,Extrema,EXT_L1,Sprite_Zero,6,0.0,0.0,0.0,0.0,0.0,0.0
70,Extrema,EXT_L1,Sprite_Zero,7,0.0,0.0,0.0,0.0,0.0,0.0
70,Extrema,EXT_L1,Sprite_Zero,8,0.0,0.0,0.0,0.0,0.0,0.0
70,Extrema,EXT_L1,Sprite_Zero,9,0.0,0.0,0.0,0.0,0.0,0.0
70,Extrema,EXT_L1,Sprite_Zero,10,0.0,0.0,0.0,0.0,0.0,0.0
70,Extrema,EXT_L1,Sprite_Zero,11,0.0,0.0,0.0,0.0,0.0,0.0
70,Extrema,EXT_L1,Sprite_Zero,12,0.0,0.0,6218.88,0.0,0.0,6218.88
70,Extrema,EXT_L1,Sprite_Zero,13,0.0,0.0,0.0,0.0,0.0,0.0
70,Extrema,EXT_L1,Sprite_Zero,14,0.0,0.0,0.0,0.0,0.0,0.0
70,Extrema,EXT_L1,Sprite_Zero,15,0.0,0.0,0.0,0.0,0.0,0.0
70,Extrema,EXT_L1,Kuat,1,0.0,0.0,0.0,0.0,0.0,0.0
70,Extrema,EXT_L1,Kuat,2,0.0,0.0,0.0,0.0,0.0,0.0
70,Extrema,EXT_L1,Kuat,3,0.0,0.0,0.0,0.0,0.0,7380.27
70,Extrema,EXT_L1,Kuat,4,0.0,0.0,0.0,0.0,0.0,0.0
70,Extrema,EXT_L1,Kuat,5,0.0,0.0,0.0,0.0,0.0,16813.0
70,Extrema,EXT_L1,Kuat,6,0.0,0.0,0.0,0.0,0.0,15405.21
70,Extrema,EXT_L1,Kuat,7,0.0,0.0,0.0,0.0,0.0,0.0
70,Extrema,EXT_L1,Kuat,8,0.0,0.0,0.0,0.0,0.0,0.0
70,Extrema,EXT_L1,Kuat,9,0.0,0.0,0.0,0.0,0.0,0.0
70,Extrema,EXT_L1,Kuat,10,0.0,0.0,0.0,0.0,0.0,0.0
70,Extrema,EXT_L1,Kuat,11,0.0,0.0,0.0,0.0,0.0,13344.13
70,Extrema,EXT_L1,Kuat,12,0.0,0.0,0.0,0.0,0.0,0.0
70,Extrema,EXT_L1,Kuat,13,0.0,0.0,0.0,0.0,0.0,0.0
70,Extrema,EXT_L1,Kuat,14,0.0,0.0,0.0,0.0,0.0,0.0
70,Extrema,EXT_L1,Kuat,15,0.0,0.0,0.0,0.0,0.0,4175.38
70,Extrema,EXT_L1,Sukita_Laranja,1,0.0,0.0,0.0,0.0,0.0,0.0
70,Extrema,EXT_L1,Sukita_Laranja,2,0.0,0.0,0.0,0.0,0.0,0.0
70,Extrema,EXT_L1,Sukita_Laranja,3,0.0,0.0,0.0,0.0,0.0,0.0
70,Extrema,EXT_L1,Sukita_Laranja,4,0.0,0.0,0.0,0.0,0.0,0.0
70,Extrema,EXT_L1,Sukita_Laranja,5,0.0,0.0,0.0,0.0,0.0,0.0
70,Extrema,EXT_L1,Sukita_Laranja,6,0.0,0.0,0.0,0.0,0.0,0.0
70,Extrema,EXT_L1,Sukita_Laranja,7,0.0,0.0,12265.72,0.0,0.0,12265.72
70,Extrema,EXT_L1,Sukita_Laranja,8,0.0,0.0,0.0,0.0,0.0,0.0
70,Extrema,EXT_L1,Sukita_Laranja,9,0.0,0.0,0.0,0.0,0.0,0.0
70,Extrema,EXT_L1,Sukita_Laranja,10,0.0,0.0,0.0,0.0,0.0,0.0
70,Extrema,EXT_L1,Sukita_Laranja,11,0.0,0.0,0.0,0.0,0.0,0.0
70,Extrema,EXT_L1,Sukita_Laranja,12,0.0,0.0,0.0,0.0,0.0,0.0
70,Extrema,EXT_L1,Sukita_Laranja,13,0.0,0.0,0.0,0.0,0.0,13207.21
70,Extrema,EXT_L1,Sukita_Laranja,14,0.0,0.0,0.0,0.0,0.0,0.0
70,Extrema,EXT_L1,Sukita_Laranja,15,0.0,0.0,0.0,0.0,0.0,0.0
70,Extrema,EXT_L1,Budweiser_Lata,1,0.0,0.0,0.0,0.0,0.0,0.0
70,Extrema,EXT_L1,Budweiser_Lata,2,0.0,0.0,0.0,0.0,0.0,0.0
70,Extrema,EXT_L1,Budweiser_Lata,3,0.0,0.0,0.0,0.0,0.0,0.0
70,Extrema,EXT_L1,Budweiser_Lata,4,0.0,0.0,0.0,0.0,0.0,0.0
70,Extrema,EXT_L1,Budweiser_Lata,5,0.0,0.0,7079.54,0.0,0.0,8585.73
70,Extrema,EXT_L1,Budweiser_Lata,6,0.0,0.0,0.0,0.0,0.0,0.0
70,Extrema,EXT_L1,Budweiser_Lata,7,0.0,0.0,0.0,0.0,0.0,0.0
70,Extrema,EXT_L1,Budweiser_Lata,8,0.0,0.0,0.0,0.0,0.0,0.0
70,Extrema,EXT_L1,Budweiser_Lata,9,0.0,0.0,29528.16,0.0,0.0,29528.16
70,Extrema,EXT_L1,Budweiser_Lata,10,0.0,0.0,0.0,0.0,0.0,0.0
70,Extrema,EXT_L1,Budweiser_Lata,11,0.0,0.0,0.0,0.0,0.0,0.0
70,Extrema,EXT_L1,Budweiser_Lata,12,0.0,0.0,0.0,0.0,0.0,0.0
70,Extrema,EXT_L1,Budweiser_Lata,13,0.0,0.0,0.0,0.0,0.0,0.0
70,Extrema,EXT_L1,Budweiser_Lata,14,0.0,0.0,0.0,0.0,0.0,6248.63
70,Extrema,EXT_L1,Budweiser_Lata,15,0.0,0.0,0.0,0.0,0.0,0.0
70,Extrema,EXT_L1,Guarana_Antarctica_Zero,1,0.0,0.0,0.0,0.0,0.0,12191.81
70,Extrema,EXT_L1,Guarana_Antarctica_Zero,2,0.0,0.0,0.0,0.0,0.0,0.0
70,Extrema,EXT_L1,Guarana_Antarctica_Zero,3,0.0,0.0,0.0,0.0,0.0,0.0
70,Extrema,EXT_L1,Guarana_Antarctica_Zero,4,0.0,0.0,0.0,0.0,0.0,0.0
70,Extrema,EXT_L1,Guarana_Antarctica_Zero,5,0.0,0.0,0.0,0.0,0.0,0.0
70,Extrema,EXT_L1,Guarana_Antarctica_Zero,6,0.0,0.0,0.0,0.0,5144.48,5144.48
70,Extrema,EXT_L1,Guarana_Antarctica_Zero,7,0.0,0.0,0.0,0.0,0.0,0.0
70,Extrema,EXT_L1,Guarana_Antarctica_Zero,8,0.0,0.0,0.0,0.0,0.0,0.0
70,Extrema,EXT_L1,Guarana_Antarctica_Zero,9,0.0,0.0,0.0,0.0,0.0,0.0
70,Extrema,EXT_L1,Guarana_Antarctica_Zero,10,0.0,0.0,0.0,0.0,0.0,0.0
70,Extrema,EXT_L1,Guarana_Antarctica_Zero,11,0.0,0.0,0.0,0.0,0.0,0.0
70,Extrema,EXT_L1,Guarana_Antarctica_Zero,12,0.0,0.0,0.0,0.0,0.0,0.0
70,Extrema,EXT_L1,Guarana_Antarctica_Zero,13,0.0,0.0,0.0,0.0,0.0,0.0
70,Extrema,EXT_L1,Guarana_Antarctica_Zero,14,0.0,0.0,0.0,0.0,0.0,0.0
70,Extrema,EXT_L1,Guarana_Antarctica_Zero,15,0.0,0.0,0.0,0.0,0.0,0.0
70,Extrema,EXT_L1,Itaipava_Lata,1,0.0,0.0,0.0,0.0,0.0,0.0
70,Extrema,EXT_L1,Itaipava_Lata,2,0.0,0.0,0.0,0.0,0.0,0.0
70,Extrema,EXT_L1,Itaipava_Lata,3,0.0,0.0,0.0,0.0,0.0,0.0
70,Extrema,EXT_L1,Itaipava_Lata,4,0.0,0.0,0.0,0.0,0.0,0.0
70,Extrema,EXT_L1,Itaipava_Lata,5,0.0,0.0,15397.05,0.0,22978.95,38376.0
70,Extrema,EXT_L1,Itaipava_Lata,6,0.0,0.0,0.0,0.0,0.0,0.0
70,Extrema,EXT_L1,Itaipava_Lata,7,0.0,0.0,0.0,0.0,0.0,0.0
70,Extrema,EXT_L1,Itaipava_Lata,8,0.0,0.0,18526.19,0.0,0.0,18526.19
70,Extrema,EXT_L1,Itaipava_Lata,9,0.0,0.0,0.0,0.0,8275.57,8275.57
70,Extrema,EXT_L1,Itaipava_Lata,10,0.0,0.0,0.0,0.0,0.0,0.0
70,Extrema,EXT_L1,Itaipava_Lata,11,0.0,0.0,6533.3,0.0,0.0,6533.3
70,Extrema,EXT_L1,Itaipava_Lata,12,0.0,0.0,0.0,0.0,0.0,0.0
70,Extrema,EXT_L1,Itaipava_Lata,13,0.0,0.0,0.0,0.0,0.0,0.0
70,Extrema,EXT_L1,Itaipava_Lata,14,0.0,0.0,0.0,0.0,0.0,0.0
70,Extrema,EXT_L1,Itaipava_Lata,15,0.0,0.0,0.0,0.0,5992.93,5992.93
70,Extrema,EXT_L1,Brahma_Lata,1,0.0,0.0,0.0,0.0,0.0,0.0
70,Extrema,EXT_L1,Brahma_Lata,2,0.0,0.0,0.0,0.0,0.0,0.0
70,Extrema,EXT_L1,Brahma_Lata,3,0.0,0.0,0.0,0.0,0.0,0.0
70,Extrema,EXT_L1,Brahma_Lata,4,0.0,0.0,0.0,0.0,0.0,19222.42
70,Extrema,EXT_L1,Brahma_Lata,5,0.0,0.0,0.0,0.0,0.0,0.0
70,Extrema,EXT_L1,Brahma_Lata,6,0.0,0.0,0.0,0.0,0.0,0.0
70,Extrema,EXT_L1,Brahma_Lata,7,0.0,0.0,0.0,0.0,0.0,0.0
70,Extrema,EXT_L1,Brahma_Lata,8,0.0,0.0,0.0,0.0,0.0,0.0
70,Extrema,EXT_L1,Brahma_Lata,9,0.0,0.0,0.0,0.0,0.0,24463.32
70,Extrema,EXT_L1,Brahma_Lata,10,0.0,0.0,14846.96,0.0,0.0,14846.96
70,Extrema,EXT_L1,Brahma_Lata,11,0.0,1155.349999999995,0.0,0.0,20247.78,21403.129999999994
70,Extrema,EXT_L1,Brahma_Lata,12,0.0,0.0,21885.5,0.0,0.0,20730.150000000005
70,Extrema,EXT_L1,Brahma_Lata,13,0.0,0.0,0.0,0.0,0.0,532.04
70,Extrema,EXT_L1,Brahma_Lata,14,0.0,0.0,0.0,0.0,0.0,0.0
70,Extrema,EXT_L1,Brahma_Lata,15,0.0,0.0,0.0,0.0,0.0,0.0
70,Extrema,EXT_L1,Eisenbahn_Pilsen,1,0.0,0.0,0.0,0.0,0.0,0.0
70,Extrema,EXT_L1,Eisenbahn_Pilsen,2,0.0,0.0,0.0,0.0,0.0,0.0
70,Extrema,EXT_L1,Eisenbahn_Pilsen,3,0.0,0.0,0.0,0.0,0.0,0.0
70,Extrema,EXT_L1,Eisenbahn_Pilsen,4,0.0,0.0,0.0,0.0,0.0,0.0
70,Extrema,EXT_L1,Eisenbahn_Pilsen,5,0.0,0.0,0.0,0.0,0.0,0.0
70,Extrema,EXT_L1,Eisenbahn_Pilsen,6,0.0,0.0,0.0,0.0,0.0,0.0
70,Extrema,EXT_L1,Eisenbahn_Pilsen,7,0.0,0.0,0.0,0.0,0.0,0.0
70,Extrema,EXT_L1,Eisenbahn_Pilsen,8,0.0,0.0,0.0,0.0,0.0,0.0
70,Extrema,EXT_L1,Eisenbahn_Pilsen,9,0.0,0.0,0.0,0.0,0.0,0.0
70,Extrema,EXT_L1,Eisenbahn_Pilsen,10,0.0,0.0,0.0,0.0,0.0,0.0
70,Extrema,EXT_L1,Eisenbahn_Pilsen,11,0.0,0.0,0.0,0.0,0.0,0.0
70,Extrema,EXT_L1,Eisenbahn_Pilsen,12,0.0,0.0,0.0,0.0,0.0,0.0
70,Extrema,EXT_L1,Eisenbahn_Pilsen,13,0.0,0.0,0.0,0.0,0.0,0.0
70,Extrema,EXT_L1,Eisenbahn_Pilsen,14,0.0,0.0,0.0,0.0,0.0,0.0
70,Extrema,EXT_L1,Eisenbahn_Pilsen,15,0.0,0.0,0.0,0.0,0.0,0.0
70,Extrema,EXT_L1,Pepsi_Black,1,0.0,0.0,0.0,0.0,0.0,16207.43
70,Extrema,EXT_L1,Pepsi_Black,2,0.0,0.0,0.0,0.0,0.0,0.0
70,Extrema,EXT_L1,Pepsi_Black,3,0.0,0.0,0.0,0.0,0.0,0.0
70,Extrema,EXT_L1,Pepsi_Black,4,0.0,0.0,0.0,0.0,0.0,0.0
70,Extrema,EXT_L1,Pepsi_Black,5,0.0,0.0,0.0,0.0,0.0,0.0
70,Extrema,EXT_L1,Pepsi_Black,6,0.0,0.0,0.0,0.0,0.0,0.0
70,Extrema,EXT_L1,Pepsi_Black,7,0.0,0.0,0.0,0.0,0.0,0.0
70,Extrema,EXT_L1,Pepsi_Black,8,0.0,0.0,0.0,0.0,0.0,0.0
70,Extrema,EXT_L1,Pepsi_Black,9,0.0,0.0,0.0,0.0,0.0,0.0
70,Extrema,EXT_L1,Pepsi_Black,10,0.0,0.0,0.0,0.0,0.0,0.0
70,Extrema,EXT_L1,Pepsi_Black,11,0.0,0.0,0.0,0.0,0.0,0.0
70,Extrema,EXT_L1,Pepsi_Black,12,0.0,0.0,0.0,0.0,0.0,0.0
70,Extrema,EXT_L1,Pepsi_Black,13,0.0,0.0,0.0,0.0,0.0,0.0
70,Extrema,EXT_L1,Pepsi_Black,14,0.0,0.0,0.0,0.0,0.0,12081.7
70,Extrema,EXT_L1,Pepsi_Black,15,0.0,0.0,0.0,0.0,0.0,0.0
70,Extrema,EXT_L1,Guarana_Antarctica,1,0.0,0.0,0.0,0.0,0.0,0.0
70,Extrema,EXT_L1,Guarana_Antarctica,2,0.0,0.0,0.0,0.0,0.0,26062.93
70,Extrema,EXT_L1,Guarana_Antarctica,3,0.0,0.0,0.0,0.0,0.0,7801.29
70,Extrema,EXT_L1,Guarana_Antarctica,4,0.0,0.0,0.0,0.0,0.0,0.0
70,Extrema,EXT_L1,Guarana_Antarctica,5,0.0,0.0,0.0,0.0,26906.34,26906.34
70,Extrema,EXT_L1,Guarana_Antarctica,6,0.0,0.0,0.0,0.0,0.0,0.0
70,Extrema,EXT_L1,Guarana_Antarctica,7,0.0,0.0,2838.89,0.0,19415.500000000004,22254.390000000003
70,Extrema,EXT_L1,Guarana_Antarctica,8,0.0,0.0,0.0,0.0,9125.61,9125.61
70,Extrema,EXT_L1,Guarana_Antarctica,9,0.0,0.0,0.0,0.0,0.0,0.0
70,Extrema,EXT_L1,Guarana_Antarctica,10,0.0,0.0,0.0,0.0,11449.21,11449.21
70,Extrema,EXT_L1,Guarana_Antarctica,11,0.0,0.0,0.0,0.0,0.0,0.0
70,Extrema,EXT_L1,Guarana_Antarctica,12,0.0,0.0,0.0,0.0,0.0,0.0
70,Extrema,EXT_L1,Guarana_Antarctica,13,0.0,0.0,0.0,0.0,0.0,0.0
70,Extrema,EXT_L1,Guarana_Antarctica,14,0.0,0.0,6572.7,0.0,3069.6000000000067,9642.300000000007
70,Extrema,EXT_L1,Guarana_Antarctica,15,0.0,0.0,0.0,0.0,0.0,0.0
70,Extrema,EXT_L1,Amstel_Lata,1,0.0,0.0,0.0,0.0,0.0,0.0
70,Extrema,EXT_L1,Amstel_Lata,2,0.0,0.0,0.0,0.0,0.0,0.0
70,Extrema,EXT_L1,Amstel_Lata,3,0.0,0.0,0.0,0.0,0.0,0.0
70,Extrema,EXT_L1,Amstel_Lata,4,0.0,0.0,0.0,0.0,0.0,0.0
70,Extrema,EXT_L1,Amstel_Lata,5,0.0,0.0,0.0,0.0,0.0,0.0
70,Extrema,EXT_L1,Amstel_Lata,6,0.0,0.0,0.0,0.0,0.0,12574.97
70,Extrema,EXT_L1,Amstel_Lata,7,0.0,0.0,0.0,0.0,0.0,0.0
70,Extrema,EXT_L1,Amstel_Lata,8,0.0,0.0,0.0,0.0,0.0,28358.84
70,Extrema,EXT_L1,Amstel_Lata,9,0.0,0.0,0.0,0.0,0.0,0.0
70,Extrema,EXT_L1,Amstel_Lata,10,0.0,0.0,0.0,0.0,0.0,11848.18
70,Extrema,EXT_L1,Amstel_Lata,11,0.0,0.0,0.0,0.0,0.0,0.0
70,Extrema,EXT_L1,Amstel_Lata,12,0.0,0.0,0.0,0.0,0.0,0.0
70,Extrema,EXT_L1,Amstel_Lata,13,0.0,0.0,0.0,0.0,0.0,18047.11
70,Extrema,EXT_L1,Amstel_Lata,14,0.0,0.0,0.0,0.0,0.0,0.0
70,Extrema,EXT_L1,Amstel_Lata,15,0.0,0.0,19586.48,0.0,0.0,19586.48
70,Extrema,EXT_L1,Del_Valle_Laranja,1,0.0,0.0,0.0,0.0,0.0,0.0
70,Extrema,EXT_L1,Del_Valle_Laranja,2,0.0,0.0,0.0,0.0,0.0,0.0
70,Extrema,EXT_L1,Del_Valle_Laranja,3,0.0,0.0,0.0,0.0,0.0,0.0
70,Extrema,EXT_L1,Del_Valle_Laranja,4,0.0,0.0,0.0,0.0,0.0,6473.9
70,Extrema,EXT_L1,Del_Valle_Laranja,5,0.0,0.0,0.0,0.0,0.0,0.0
70,Extrema,EXT_L1,Del_Valle_Laranja,6,0.0,0.0,0.0,0.0,0.0,0.0
70,Extrema,EXT_L1,Del_Valle_Laranja,7,0.0,0.0,11278.63,0.0,0.0,11278.63
70,Extrema,EXT_L1,Del_Valle_Laranja,8,0.0,0.0,0.0,0.0,0.0,0.0
70,Extrema,EXT_L1,Del_Valle_Laranja,9,0.0,0.0,0.0,0.0,0.0,10693.93
70,Extrema,EXT_L1,Del_Valle_Laranja,10,0.0,0.0,0.0,0.0,0.0,0.0
70,Extrema,EXT_L1,Del_Valle_Laranja,11,0.0,0.0,0.0,0.0,0.0,0.0
70,Extrema,EXT_L1,Del_Valle_Laranja,12,0.0,0.0,0.0,0.0,0.0,0.0
70,Extrema,EXT_L1,Del_Valle_Laranja,13,0.0,0.0,0.0,0.0,0.0,0.0
70,Extrema,EXT_L1,Del_Valle_Laranja,14,0.0,0.0,0.0,0.0,0.0,0.0
70,Extrema,EXT_L1,Del_Valle_Laranja,15,0.0,0.0,0.0,0.0,0.0,0.0
70,Extrema,EXT_L1,Fanta_Uva,1,0.0,0.0,0.0,0.0,3819.45,0.0
70,Extrema,EXT_L1,Fanta_Uva,2,0.0,0.0,0.0,0.0,20059.59999999999,0.0
70,Extrema,EXT_L1,Fanta_Uva,3,0.0,0.0,0.0,0.0,0.0,0.0
70,Extrema,EXT_L1,Fanta_Uva,4,0.0,0.0,0.0,0.0,19915.92,19915.92
70,Extrema,EXT_L1,Fanta_Uva,5,0.0,0.0,5148.2,0.0,0.0,5148.2
70,Extrema,EXT_L1,Fanta_Uva,6,0.0,0.0,0.0,0.0,0.0,0.0
70,Extrema,EXT_L1,Fanta_Uva,7,0.0,0.0,0.0,0.0,0.0,0.0
70,Extrema,EXT_L1,Fanta_Uva,8,0.0,0.0,0.0,0.0,5631.680000000001,0.0
70,Extrema,EXT_L1,Fanta_Uva,9,0.0,0.0,0.0,0.0,0.0,0.0
70,Extrema,EXT_L1,Fanta_Uva,10,0.0,0.0,0.0,0.0,11287.199999999979,0.0
70,Extrema,EXT_L1,Fanta_Uva,11,0.0,0.0,0.0,0.0,0.0,0.0
70,Extrema,EXT_L1,Fanta_Uva,12,0.0,0.0,0.0,0.0,7500.749999999998,0.0
70,Extrema,EXT_L1,Fanta_Uva,13,0.0,0.0,0.0,0.0,0.0,15719.08
70,Extrema,EXT_L1,Fanta_Uva,14,0.0,0.0,0.0,0.0,0.0,0.0
70,Extrema,EXT_L1,Fanta_Uva,15,850.25,0.0,0.0,0.0,850.25,0.0
70,Extrema,EXT_L1,Maguary_Maracuja,1,0.0,0.0,4846.6,0.0,0.0,4846.6
70,Extrema,EXT_L1,Maguary_Maracuja,2,0.0,0.0,0.0,0.0,0.0,0.0
70,Extrema,EXT_L1,Maguary_Maracuja,3,0.0,0.0,0.0,0.0,0.0,0.0
70,Extrema,EXT_L1,Maguary_Maracuja,4,0.0,0.0,0.0,0.0,0.0,0.0
70,Extrema,EXT_L1,Maguary_Maracuja,5,0.0,0.0,0.0,0.0,0.0,0.0
70,Extrema,EXT_L1,Maguary_Maracuja,6,0.0,0.0,9235.02,0.0,0.0,9235.02
70,Extrema,EXT_L1,Maguary_Maracuja,7,0.0,0.0,0.0,0.0,0.0,6916.54
70,Extrema,EXT_L1,Maguary_Maracuja,8,0.0,0.0,0.0,0.0,0.0,0.0
70,Extrema,EXT_L1,Maguary_Maracuja,9,0.0,0.0,0.0,0.0,0.0,0.0
70,Extrema,EXT_L1,Maguary_Maracuja,10,0.0,0.0,0.0,0.0,0.0,0.0
70,Extrema,EXT_L1,Maguary_Maracuja,11,0.0,0.0,0.0,0.0,0.0,0.0
70,Extrema,EXT_L1,Maguary_Maracuja,12,0.0,0.0,0.0,0.0,0.0,0.0
70,Extrema,EXT_L1,Maguary_Maracuja,13,0.0,0.0,0.0,0.0,0.0,0.0
70,Extrema,EXT_L1,Maguary_Maracuja,14,0.0,0.0,0.0,0.0,0.0,0.0
70,Extrema,EXT_L1,Maguary_Maracuja,15,0.0,0.0,0.0,0.0,0.0,0.0
70,Extrema,EXT_L1,Coca_Cola,1,0.0,0.0,0.0,0.0,0.0,0.0
70,Extrema,EXT_L1,Coca_Cola,2,0.0,0.0,0.0,0.0,0.0,0.0
70,Extrema,EXT_L1,Coca_Cola,3,0.0,0.0,0.0,0.0,0.0,0.0
70,Extrema,EXT_L1,Coca_Cola,4,0.0,0.0,24227.79,0.0,0.0,36071.26
70,Extrema,EXT_L1,Coca_Cola,5,0.0,0.0,0.0,0.0,0.0,4865.3
70,Extrema,EXT_L1,Coca_Cola,6,0.0,0.0,0.0,0.0,0.0,0.0
70,Extrema,EXT_L1,Coca_Cola,7,0.0,0.0,0.0,0.0,0.0,0.0
70,Extrema,EXT_L1,Coca_Cola,8,0.0,0.0,0.0,0.0,0.0,0.0
70,Extrema,EXT_L1,Coca_Cola,9,0.0,0.0,0.0,0.0,0.0,0.0
70,Extrema,EXT_L1,Coca_Cola,10,0.0,0.0,0.0,0.0,0.0,0.0
70,Extrema,EXT_L1,Coca_Cola,11,0.0,0.0,0.0,0.0,0.0,0.0
70,Extrema,EXT_L1,Coca_Cola,12,0.0,0.0,0.0,0.0,0.0,0.0
70,Extrema,EXT_L1,Coca_Cola,13,0.0,0.0,0.0,0.0,0.0,0.0
70,Extrema,EXT_L1,Coca_Cola,14,0.0,0.0,0.0,0.0,0.0,0.0
70,Extrema,EXT_L1,Coca_Cola,15,0.0,0.0,0.0,0.0,12789.82,21534.190000000002
70,Extrema,EXT_L1,H2OH_Limao,1,0.0,0.0,0.0,0.0,0.0,5688.91
70,Extrema,EXT_L1,H2OH_Limao,2,0.0,0.0,0.0,0.0,0.0,0.0
70,Extrema,EXT_L1,H2OH_Limao,3,0.0,0.0,0.0,0.0,0.0,0.0
70,Extrema,EXT_L1,H2OH_Limao,4,0.0,0.0,0.0,0.0,0.0,0.0
70,Extrema,EXT_L1,H2OH_Limao,5,0.0,0.0,0.0,0.0,0.0,0.0
70,Extrema,EXT_L1,H2OH_Limao,6,0.0,0.0,0.0,0.0,0.0,0.0
70,Extrema,EXT_L1,H2OH_Limao,7,0.0,0.0,0.0,0.0,0.0,10877.65
70,Extrema,EXT_L1,H2OH_Limao,8,0.0,0.0,0.0,0.0,0.0,0.0
70,Extrema,EXT_L1,H2OH_Limao,9,0.0,0.0,0.0,0.0,0.0,0.0
70,Extrema,EXT_L1,H2OH_Limao,10,0.0,0.0,0.0,0.0,0.0,0.0
70,Extrema,EXT_L1,H2OH_Limao,11,0.0,0.0,0.0,0.0,0.0,0.0
70,Extrema,EXT_L1,H2OH_Limao,12,0.0,0.0,0.0,0.0,0.0,0.0
70,Extrema,EXT_L1,H2OH_Limao,13,0.0,0.0,0.0,0.0,0.0,0.0
70,Extrema,EXT_L1,H2OH_Limao,14,0.0,0.0,0.0,0.0,0.0,0.0
70,Extrema,EXT_L1,H2OH_Limao,15,0.0,0.0,7476.59,0.0,0.0,7476.59
70,Extrema,EXT_L1,Schweppes_Citrus,1,29320.829999999994,0.0,0.0,0.0,48902.34,0.0
70,Extrema,EXT_L1,Schweppes_Citrus,2,0.0,0.0,9357.34,0.0,9357.34,9357.34
70,Extrema,EXT_L1,Schweppes_Citrus,3,35784.0,0.0,24255.07,0.0,25987.82,0.0
70,Extrema,EXT_L1,Schweppes_Citrus,4,33379.55,0.0,0.0,0.0,33379.55,0.0
70,Extrema,EXT_L1,Schweppes_Citrus,5,38328.0,0.0,0.0,0.0,38328.0,0.0
70,Extrema,EXT_L1,Schweppes_Citrus,6,36888.0,0.0,0.0,0.0,36888.0,0.0
70,Extrema,EXT_L1,Schweppes_Citrus,7,31105.91,0.0,0.0,0.0,52463.520000000004,24607.46
70,Extrema,EXT_L1,Schweppes_Citrus,8,15956.53,0.0,0.0,0.0,15956.53,0.0
70,Extrema,EXT_L1,Schweppes_Citrus,9,33507.520000000004,0.0,0.0,0.0,33507.520000000004,0.0
70,Extrema,EXT_L1,Schweppes_Citrus,10,35810.18999999999,0.0,0.0,0.0,35810.18999999999,0.0
70,Extrema,EXT_L1,Schweppes_Citrus,11,37104.0,0.0,0.0,0.0,37103.99999999999,1299.7999999999793
70,Extrema,EXT_L1,Schweppes_Citrus,12,12770.89,0.0,0.0,0.0,12770.89,0.0
70,Extrema,EXT_L1,Schweppes_Citrus,13,28789.65,0.0,0.0,0.0,28789.65,5543.17
70,Extrema,EXT_L1,Schweppes_Citrus,14,19742.239999999998,0.0,0.0,0.0,19742.239999999998,0.0
70,Extrema,EXT_L1,Schweppes_Citrus,15,6555.14,0.0,0.0,0.0,6555.14,6555.14
70,Extrema,EXT_L1,Sprite,1,4783.170000000007,0.0,7174.02,0.0,0.0,2390.849999999993
70,Extrema,EXT_L1,Sprite,2,39552.0,0.0,15955.57,0.0,23596.430000000008,0.0
70,Extrema,EXT_L1,Sprite,3,0.0,0.0,0.0,0.0,0.0,26292.36
70,Extrema,EXT_L1,Sprite,4,4276.449999999997,0.0,0.0,0.0,4276.449999999997,0.0
70,Extrema,EXT_L1,Sprite,5,0.0,0.0,0.0,0.0,0.0,0.0
70,Extrema,EXT_L1,Sprite,6,0.0,0.0,0.0,0.0,0.0,0.0
70,Extrema,EXT_L1,Sprite,7,6478.089999999996,0.0,0.0,0.0,6478.0899999999965,0.0
70,Extrema,EXT_L1,Sprite,8,2067.83,0.0,0.0,0.0,2067.83,0.0
70,Extrema,EXT_L1,Sprite,9,4628.4799999999905,0.0,0.0,0.0,4628.479999999991,0.0
70,Extrema,EXT_L1,Sprite,10,2589.8100000000086,0.0,0.0,0.0,2589.8100000000086,0.0
70,Extrema,EXT_L1,Sprite,11,0.0,0.0,0.0,0.0,0.0,0.0
70,Extrema,EXT_L1,Sprite,12,26550.03,0.0,0.0,0.0,26550.03,0.0
70,Extrema,EXT_L1,Sprite,13,0.0,0.0,0.0,0.0,0.0,0.0
70,Extrema,EXT_L1,Sprite,14,10039.58,0.0,0.0,0.0,10039.58,0.0
70,Extrema,EXT_L1,Sprite,15,7649.59,0.0,0.0,0.0,7649.59,0.0
70,Extrema,EXT_L1,Del_Valle_Uva,1,0.0,0.0,0.0,0.0,0.0,0.0
70,Extrema,EXT_L1,Del_Valle_Uva,2,0.0,0.0,0.0,0.0,8929.59,8929.59
70,Extrema,EXT_L1,Del_Valle_Uva,3,0.0,0.0,0.0,0.0,3441.16,3441.16
70,Extrema,EXT_L1,Del_Valle_Uva,4,0.0,0.0,0.0,0.0,0.0,0.0
70,Extrema,EXT_L1,Del_Valle_Uva,5,0.0,0.0,0.0,0.0,26284.0,26284.0
70,Extrema,EXT_L1,Del_Valle_Uva,6,0.0,0.0,5970.16,0.0,0.0,5970.16
70,Extrema,EXT_L1,Del_Valle_Uva,7,0.0,0.0,0.0,0.0,0.0,0.0
70,Extrema,EXT_L1,Del_Valle_Uva,8,0.0,0.0,0.0,0.0,0.0,0.0
70,Extrema,EXT_L1,Del_Valle_Uva,9,0.0,0.0,0.0,0.0,0.0,14463.51
70,Extrema,EXT_L1,Del_Valle_Uva,10,0.0,0.0,5899.47,0.0,0.0,5899.47
70,Extrema,EXT_L1,Del_Valle_Uva,11,0.0,0.0,0.0,0.0,0.0,0.0
70,Extrema,EXT_L1,Del_Valle_Uva,12,0.0,0.0,0.0,0.0,0.0,0.0
70,Extrema,EXT_L1,Del_Valle_Uva,13,0.0,0.0,28176.82,0.0,0.0,28176.82
70,Extrema,EXT_L1,Del_Valle_Uva,14,0.0,0.0,0.0,0.0,0.0,0.0
70,Extrema,EXT_L1,Del_Valle_Uva,15,0.0,0.0,0.0,0.0,0.0,0.0
70,Extrema,EXT_L1,Pepsi,1,0.0,0.0,0.0,0.0,0.0,5022.88
70,Extrema,EXT_L1,Pepsi,2,0.0,0.0,0.0,0.0,0.0,0.0
70,Extrema,EXT_L1,Pepsi,3,0.0,0.0,0.0,0.0,0.0,0.0
70,Extrema,EXT_L1,Pepsi,4,0.0,0.0,0.0,0.0,0.0,3189.29
70,Extrema,EXT_L1,Pepsi,5,0.0,0.0,0.0,0.0,0.0,0.0
70,Extrema,EXT_L1,Pepsi,6,0.0,0.0,0.0,0.0,0.0,0.0
70,Extrema,EXT_L1,Pepsi,7,0.0,0.0,0.0,0.0,0.0,0.0
70,Extrema,EXT_L1,Pepsi,8,0.0,0.0,0.0,0.0,0.0,0.0
70,Extrema,EXT_L1,Pepsi,9,0.0,0.0,0.0,0.0,0.0,0.0
70,Extrema,EXT_L1,Pepsi,10,0.0,0.0,0.0,0.0,0.0,0.0
70,Extrema,EXT_L1,Pepsi,11,0.0,0.0,0.0,0.0,0.0,2822.13
70,Extrema,EXT_L1,Pepsi,12,0.0,0.0,0.0,0.0,0.0,0.0
70,Extrema,EXT_L1,Pepsi,13,0.0,0.0,0.0,0.0,0.0,0.0
70,Extrema,EXT_L1,Pepsi,14,0.0,0.0,0.0,0.0,0.0,8972.57
70,Extrema,EXT_L1,Pepsi,15,0.0,0.0,0.0,0.0,0.0,0.0
70,Extrema,EXT_L2,Fanta_Laranja,1,15431.04,0.0,0.0,0.0,15431.04,0.0
70,Extrema,EXT_L2,Fanta_Laranja,2,6503.850000000002,0.0,0.0,0.0,6503.850000000002,6503.850000000002
70,Extrema,EXT_L2,Fanta_Laranja,3,21397.11,0.0,0.0,0.0,21397.11,12073.61
70,Extrema,EXT_L2,Fanta_Laranja,4,37176.0,0.0,0.0,0.0,55753.46,0.0
70,Extrema,EXT_L2,Fanta_Laranja,5,42528.0,0.0,0.0,0.0,42528.00000000001,6759.330000000009
70,Extrema,EXT_L2,Fanta_Laranja,6,39048.0,0.0,0.0,0.0,45807.330000000016,0.0
70,Extrema,EXT_L2,Fanta_Laranja,7,13301.05,0.0,0.0,0.0,13301.05,0.0
70,Extrema,EXT_L2,Fanta_Laranja,8,33272.32,0.0,0.0,0.0,33272.32,0.0
70,Extrema,EXT_L2,Fanta_Laranja,9,37406.18,0.0,0.0,0.0,37406.18,0.0
70,Extrema,EXT_L2,Fanta_Laranja,10,26152.800000000017,0.0,25551.19,0.0,601.6100000000188,601.6100000000188
70,Extrema,EXT_L2,Fanta_Laranja,11,29126.74999999998,0.0,0.0,0.0,29728.36,0.0
70,Extrema,EXT_L2,Fanta_Laranja,12,28835.25,0.0,0.0,0.0,28835.25,0.0
70,Extrema,EXT_L2,Fanta_Laranja,13,41487.32,0.0,0.0,0.0,41487.32,0.0
70,Extrema,EXT_L2,Fanta_Laranja,14,36024.0,0.0,0.0,0.0,36024.0,0.0
70,Extrema,EXT_L2,Fanta_Laranja,15,35400.0,0.0,0.0,0.0,35400.0,0.0
70,Extrema,EXT_L2,Itubaina,1,0.0,0.0,0.0,0.0,0.0,0.0
70,Extrema,EXT_L2,Itubaina,2,0.0,0.0,0.0,0.0,0.0,0.0
70,Extrema,EXT_L2,Itubaina,3,0.0,0.0,0.0,0.0,0.0,0.0
70,Extrema,EXT_L2,Itubaina,4,0.0,0.0,0.0,0.0,0.0,0.0
70,Extrema,EXT_L2,Itubaina,5,0.0,0.0,0.0,0.0,31906.329999999998,0.0
70,Extrema,EXT_L2,Itubaina,6,0.0,0.0,0.0,0.0,15918.65,0.0
70,Extrema,EXT_L2,Itubaina,7,0.0,0.0,12824.54,0.0,0.0,12824.54
70,Extrema,EXT_L2,Itubaina,8,0.0,0.0,0.0,0.0,0.0,2569.36
70,Extrema,EXT_L2,Itubaina,9,0.0,0.0,0.0,0.0,0.0,0.0
70,Extrema,EXT_L2,Itubaina,10,0.0,0.0,0.0,0.0,2526.790000000001,0.0
70,Extrema,EXT_L2,Itubaina,11,0.0,0.0,0.0,0.0,0.0,0.0
70,Extrema,EXT_L2,Itubaina,12,0.0,0.0,0.0,0.0,0.0,0.0
70,Extrema,EXT_L2,Itubaina,13,0.0,0.0,0.0,0.0,0.0,0.0
70,Extrema,EXT_L2,Itubaina,14,0.0,0.0,0.0,0.0,0.0,0.0
70,Extrema,EXT_L2,Itubaina,15,0.0,0.0,0.0,0.0,0.0,0.0
70,Extrema,EXT_L2,Skol_Lata,1,0.0,0.0,0.0,0.0,0.0,0.0
70,Extrema,EXT_L2,Skol_Lata,2,0.0,0.0,0.0,0.0,0.0,0.0
70,Extrema,EXT_L2,Skol_Lata,3,0.0,0.0,0.0,0.0,0.0,0.0
70,Extrema,EXT_L2,Skol_Lata,4,0.0,0.0,10532.77,0.0,0.0,10532.77
70,Extrema,EXT_L2,Skol_Lata,5,0.0,0.0,24836.05,0.0,0.0,24836.05
70,Extrema,EXT_L2,Skol_Lata,6,0.0,0.0,0.0,0.0,0.0,9757.13
70,Extrema,EXT_L2,Skol_Lata,7,0.0,0.0,0.0,0.0,0.0,0.0
70,Extrema,EXT_L2,Skol_Lata,8,0.0,0.0,0.0,0.0,0.0,0.0
70,Extrema,EXT_L2,Skol_Lata,9,0.0,0.0,0.0,0.0,0.0,0.0
70,Extrema,EXT_L2,Skol_Lata,10,0.0,0.0,0.0,0.0,0.0,7756.44
70,Extrema,EXT_L2,Skol_Lata,11,0.0,0.0,0.0,0.0,0.0,0.0
70,Extrema,EXT_L2,Skol_Lata,12,0.0,0.0,0.0,0.0,0.0,0.0
70,Extrema,EXT_L2,Skol_Lata,13,0.0,0.0,0.0,0.0,0.0,0.0
70,Extrema,EXT_L2,Skol_Lata,14,0.0,0.0,0.0,0.0,0.0,0.0
70,Extrema,EXT_L2,Skol_Lata,15,0.0,0.0,0.0,0.0,0.0,19523.97
70,Extrema,EXT_L2,Heineken_Lata,1,0.0,0.0,0.0,0.0,0.0,0.0
70,Extrema,EXT_L2,Heineken_Lata,2,0.0,0.0,0.0,0.0,0.0,0.0
70,Extrema,EXT_L2,Heineken_Lata,3,0.0,0.0,0.0,0.0,0.0,0.0
70,Extrema,EXT_L2,Heineken_Lata,4,0.0,0.0,0.0,0.0,0.0,0.0
70,Extrema,EXT_L2,Heineken_Lata,5,0.0,0.0,0.0,0.0,0.0,0.0
70,Extrema,EXT_L2,Heineken_Lata,6,0.0,0.0,0.0,0.0,0.0,0.0
70,Extrema,EXT_L2,Heineken_Lata,7,0.0,0.0,0.0,0.0,0.0,0.0
70,Extrema,EXT_L2,Heineken_Lata,8,0.0,0.0,0.0,0.0,22415.640000000003,0.0
70,Extrema,EXT_L2,Heineken_Lata,9,0.0,0.0,0.0,0.0,0.0,0.0
70,Extrema,EXT_L2,Heineken_Lata,10,0.0,0.0,0.0,0.0,0.0,0.0
70,Extrema,EXT_L2,Heineken_Lata,11,0.0,0.0,0.0,0.0,0.0,0.0
70,Extrema,EXT_L2,Heineken_Lata,12,0.0,0.0,0.0,0.0,423.0800000000032,12745.06
70,Extrema,EXT_L2,Heineken_Lata,13,0.0,0.0,0.0,0.0,12010.350000000002,1478.84
70,Extrema,EXT_L2,Heineken_Lata,14,0.0,0.0,0.0,0.0,0.0,1899.379999999992
70,Extrema,EXT_L2,Heineken_Lata,15,0.0,0.0,0.0,0.0,0.0,0.0
70,Extrema,EXT_L2,Coca_Cola_Zero,1,0.0,0.0,0.0,0.0,0.0,0.0
70,Extrema,EXT_L2,Coca_Cola_Zero,2,0.0,0.0,0.0,0.0,0.0,29276.44
70,Extrema,EXT_L2,Coca_Cola_Zero,3,0.0,0.0,0.0,0.0,0.0,11269.97
70,Extrema,EXT_L2,Coca_Cola_Zero,4,0.0,0.0,0.0,0.0,0.0,0.0
70,Extrema,EXT_L2,Coca_Cola_Zero,5,0.0,0.0,0.0,0.0,0.0,0.0
70,Extrema,EXT_L2,Coca_Cola_Zero,6,0.0,0.0,0.0,0.0,0.0,0.0
70,Extrema,EXT_L2,Coca_Cola_Zero,7,0.0,0.0,0.0,0.0,0.0,0.0
70,Extrema,EXT_L2,Coca_Cola_Zero,8,0.0,0.0,0.0,0.0,0.0,0.0
70,Extrema,EXT_L2,Coca_Cola_Zero,9,0.0,0.0,0.0,0.0,0.0,0.0
70,Extrema,EXT_L2,Coca_Cola_Zero,10,0.0,0.0,0.0,0.0,0.0,0.0
70,Extrema,EXT_L2,Coca_Cola_Zero,11,0.0,0.0,0.0,0.0,0.0,0.0
70,Extrema,EXT_L2,Coca_Cola_Zero,12,0.0,0.0,23955.35,0.0,0.0,23955.35
70,Extrema,EXT_L2,Coca_Cola_Zero,13,0.0,0.0,0.0,0.0,0.0,0.0
70,Extrema,EXT_L2,Coca_Cola_Zero,14,0.0,0.0,0.0,0.0,0.0,0.0
70,Extrema,EXT_L2,Coca_Cola_Zero,15,0.0,0.0,0.0,0.0,0.0,0.0
70,Extrema,EXT_L2,Antarctica_Lata,1,0.0,0.0,0.0,0.0,0.0,0.0
70,Extrema,EXT_L2,Antarctica_Lata,2,0.0,0.0,0.0,0.0,0.0,0.0
70,Extrema,EXT_L2,Antarctica_Lata,3,0.0,0.0,0.0,0.0,0.0,0.0
70,Extrema,EXT_L2,Antarctica_Lata,4,0.0,0.0,0.0,0.0,0.0,0.0
70,Extrema,EXT_L2,Antarctica_Lata,5,0.0,0.0,0.0,0.0,0.0,0.0
70,Extrema,EXT_L2,Antarctica_Lata,6,0.0,0.0,0.0,0.0,0.0,0.0
70,Extrema,EXT_L2,Antarctica_Lata,7,0.0,0.0,0.0,0.0,3309.4900000000034,3309.4900000000034
70,Extrema,EXT_L2,Antarctica_Lata,8,0.0,0.0,0.0,0.0,0.0,17644.07
70,Extrema,EXT_L2,Antarctica_Lata,9,0.0,0.0,0.0,0.0,0.0,0.0
70,Extrema,EXT_L2,Antarctica_Lata,10,0.0,0.0,0.0,0.0,0.0,12559.27
70,Extrema,EXT_L2,Antarctica_Lata,11,0.0,0.0,0.0,0.0,0.0,0.0
70,Extrema,EXT_L2,Antarctica_Lata,12,0.0,0.0,0.0,0.0,0.0,0.0
70,Extrema,EXT_L2,Antarctica_Lata,13,0.0,0.0,0.0,0.0,0.0,0.0
70,Extrema,EXT_L2,Antarctica_Lata,14,0.0,0.0,25402.11,0.0,0.0,25402.11
70,Extrema,EXT_L2,Antarctica_Lata,15,0.0,0.0,0.0,0.0,0.0,934.33
70,Extrema,EXT_L2,Spaten_Lata,1,0.0,0.0,0.0,0.0,0.0,0.0
70,Extrema,EXT_L2,Spaten_Lata,2,0.0,0.0,0.0,0.0,0.0,0.0
70,Extrema,EXT_L2,Spaten_Lata,3,0.0,0.0,0.0,0.0,0.0,0.0
70,Extrema,EXT_L2,Spaten_Lata,4,0.0,0.0,0.0,0.0,0.0,0.0
70,Extrema,EXT_L2,Spaten_Lata,5,0.0,0.0,0.0,0.0,0.0,0.0
70,Extrema,EXT_L2,Spaten_Lata,6,0.0,0.0,0.0,0.0,0.0,0.0
70,Extrema,EXT_L2,Spaten_Lata,7,0.0,0.0,0.0,0.0,0.0,0.0
70,Extrema,EXT_L2,Spaten_Lata,8,0.0,0.0,0.0,0.0,0.0,9054.78
70,Extrema,EXT_L2,Spaten_Lata,9,0.0,0.0,0.0,0.0,0.0,0.0
70,Extrema,EXT_L2,Spaten_Lata,10,0.0,0.0,0.0,0.0,0.0,0.0
70,Extrema,EXT_L2,Spaten_Lata,11,0.0,0.0,0.0,0.0,0.0,0.0
70,Extrema,EXT_L2,Spaten_Lata,12,0.0,0.0,0.0,0.0,0.0,0.0
70,Extrema,EXT_L2,Spaten_Lata,13,0.0,0.0,0.0,0.0,0.0,0.0
70,Extrema,EXT_L2,Spaten_Lata,14,0.0,0.0,0.0,0.0,0.0,17861.1
70,Extrema,EXT_L2,Spaten_Lata,15,0.0,0.0,0.0,0.0,0.0,0.0
70,Extrema,EXT_L2,Maguary_Caju,1,0.0,0.0,0.0,0.0,37584.0,12851.22
70,Extrema,EXT_L2,Maguary_Caju,2,0.0,0.0,0.0,0.0,6374.12,0.0
70,Extrema,EXT_L2,Maguary_Caju,3,0.0,0.0,0.0,0.0,37464.0,0.0
70,Extrema,EXT_L2,Maguary_Caju,4,0.0,0.0,0.0,0.0,9496.95,0.0
70,Extrema,EXT_L2,Maguary_Caju,5,0.0,0.0,0.0,0.0,7717.6700000000055,0.0
70,Extrema,EXT_L2,Maguary_Caju,6,0.0,0.0,0.0,0.0,6760.98,9876.370000000003
70,Extrema,EXT_L2,Maguary_Caju,7,0.0,0.0,0.0,0.0,0.0,0.0
70,Extrema,EXT_L2,Maguary_Caju,8,0.0,0.0,0.0,0.0,36672.0,0.0
70,Extrema,EXT_L2,Maguary_Caju,9,0.0,0.0,0.0,0.0,36120.0,0.0
70,Extrema,EXT_L2,Maguary_Caju,10,0.0,0.0,0.0,0.0,0.0,0.0
70,Extrema,EXT_L2,Maguary_Caju,11,0.0,0.0,0.0,0.0,31761.47,17498.25
70,Extrema,EXT_L2,Maguary_Caju,12,0.0,0.0,0.0,0.0,22972.72,0.0
70,Extrema,EXT_L2,Maguary_Caju,13,0.0,0.0,0.0,0.0,19410.84,0.0
70,Extrema,EXT_L2,Maguary_Caju,14,0.0,0.0,0.0,0.0,21961.07,0.0
70,Extrema,EXT_L2,Maguary_Caju,15,0.0,0.0,12407.2,0.0,24764.4,12407.2
70,Extrema,EXT_L2,Del_Valle_Pessego,1,0.0,0.0,0.0,0.0,0.0,13802.87
70,Extrema,EXT_L2,Del_Valle_Pessego,2,0.0,0.0,0.0,0.0,27688.98,27688.98
70,Extrema,EXT_L2,Del_Valle_Pessego,3,0.0,0.0,0.0,0.0,6488.950000000001,6488.950000000001
70,Extrema,EXT_L2,Del_Valle_Pessego,4,0.0,0.0,1969.65,0.0,0.0,1969.65
70,Extrema,EXT_L2,Del_Valle_Pessego,5,0.0,0.0,0.0,0.0,0.0,8486.86
70,Extrema,EXT_L2,Del_Valle_Pessego,6,0.0,0.0,0.0,0.0,415.82,415.82
70,Extrema,EXT_L2,Del_Valle_Pessego,7,0.0,0.0,0.0,0.0,0.0,0.0
70,Extrema,EXT_L2,Del_Valle_Pessego,8,0.0,0.0,0.0,0.0,0.0,0.0
70,Extrema,EXT_L2,Del_Valle_Pessego,9,0.0,0.0,0.0,0.0,0.0,0.0
70,Extrema,EXT_L2,Del_Valle_Pessego,10,0.0,0.0,0.0,0.0,11236.270000000008,11236.270000000008
70,Extrema,EXT_L2,Del_Valle_Pessego,11,0.0,0.0,0.0,0.0,0.0,26733.15
70,Extrema,EXT_L2,Del_Valle_Pessego,12,0.0,0.0,0.0,0.0,4690.440000000001,4690.440000000001
70,Extrema,EXT_L2,Del_Valle_Pessego,13,0.0,0.0,0.0,0.0,0.0,0.0
70,Extrema,EXT_L2,Del_Valle_Pessego,14,0.0,0.0,0.0,0.0,0.0,0.0
70,Extrema,EXT_L2,Del_Valle_Pessego,15,0.0,0.0,0.0,0.0,14580.720000000008,14580.720000000008
70,Extrema,EXT_L2,Stella_Artois_Pure_Gold,1,0.0,0.0,0.0,0.0,0.0,0.0
70,Extrema,EXT_L2,Stella_Artois_Pure_Gold,2,0.0,0.0,0.0,0.0,0.0,0.0
70,Extrema,EXT_L2,Stella_Artois_Pure_Gold,3,0.0,0.0,0.0,0.0,0.0,0.0
70,Extrema,EXT_L2,Stella_Artois_Pure_Gold,4,0.0,0.0,0.0,0.0,0.0,0.0
70,Extrema,EXT_L2,Stella_Artois_Pure_Gold,5,0.0,0.0,0.0,0.0,0.0,0.0
70,Extrema,EXT_L2,Stella_Artois_Pure_Gold,6,0.0,0.0,0.0,0.0,0.0,0.0
70,Extrema,EXT_L2,Stella_Artois_Pure_Gold,7,0.0,0.0,0.0,0.0,0.0,0.0
70,Extrema,EXT_L2,Stella_Artois_Pure_Gold,8,0.0,0.0,0.0,0.0,0.0,0.0
70,Extrema,EXT_L2,Stella_Artois_Pure_Gold,9,0.0,0.0,0.0,0.0,0.0,0.0
70,Extrema,EXT_L2,Stella_Artois_Pure_Gold,10,0.0,0.0,0.0,0.0,0.0,1698.53
70,Extrema,EXT_L2,Stella_Artois_Pure_Gold,11,0.0,0.0,0.0,0.0,0.0,0.0
70,Extrema,EXT_L2,Stella_Artois_Pure_Gold,12,0.0,0.0,0.0,0.0,0.0,0.0
70,Extrema,EXT_L2,Stella_Artois_Pure_Gold,13,0.0,0.0,0.0,0.0,0.0,0.0
70,Extrema,EXT_L2,Stella_Artois_Pure_Gold,14,0.0,0.0,0.0,0.0,0.0,0.0
70,Extrema,EXT_L2,Stella_Artois_Pure_Gold,15,0.0,0.0,0.0,0.0,0.0,0.0
70,Extrema,EXT_L2,Sprite_Zero,1,0.0,0.0,0.0,0.0,0.0,0.0
70,Extrema,EXT_L2,Sprite_Zero,2,0.0,0.0,0.0,0.0,0.0,0.0
70,Extrema,EXT_L2,Sprite_Zero,3,0.0,0.0,0.0,0.0,0.0,0.0
70,Extrema,EXT_L2,Sprite_Zero,4,0.0,0.0,0.0,0.0,0.0,0.0
70,Extrema,EXT_L2,Sprite_Zero,5,0.0,0.0,0.0,0.0,11440.61,11440.61
70,Extrema,EXT_L2,Sprite_Zero,6,0.0,0.0,0.0,0.0,0.0,0.0
70,Extrema,EXT_L2,Sprite_Zero,7,0.0,0.0,0.0,0.0,0.0,0.0
70,Extrema,EXT_L2,Sprite_Zero,8,0.0,0.0,0.0,0.0,0.0,0.0
70,Extrema,EXT_L2,Sprite_Zero,9,0.0,0.0,0.0,0.0,0.0,0.0
70,Extrema,EXT_L2,Sprite_Zero,10,0.0,0.0,0.0,0.0,0.0,0.0
70,Extrema,EXT_L2,Sprite_Zero,11,0.0,0.0,0.0,0.0,0.0,0.0
70,Extrema,EXT_L2,Sprite_Zero,12,0.0,0.0,0.0,0.0,0.0,6218.88
70,Extrema,EXT_L2,Sprite_Zero,13,0.0,0.0,0.0,0.0,0.0,0.0
70,Extrema,EXT_L2,Sprite_Zero,14,0.0,0.0,0.0,0.0,0.0,0.0
70,Extrema,EXT_L2,Sprite_Zero,15,0.0,0.0,0.0,0.0,0.0,0.0
70,Extrema,EXT_L2,Kuat,1,0.0,0.0,0.0,0.0,0.0,0.0
70,Extrema,EXT_L2,Kuat,2,0.0,0.0,0.0,0.0,0.0,0.0
70,Extrema,EXT_L2,Kuat,3,0.0,0.0,0.0,0.0,0.0,7380.27
70,Extrema,EXT_L2,Kuat,4,0.0,0.0,0.0,0.0,0.0,0.0
70,Extrema,EXT_L2,Kuat,5,0.0,0.0,0.0,0.0,0.0,16813.0
70,Extrema,EXT_L2,Kuat,6,0.0,0.0,15405.21,0.0,0.0,15405.21
70,Extrema,EXT_L2,Kuat,7,0.0,0.0,0.0,0.0,0.0,0.0
70,Extrema,EXT_L2,Kuat,8,0.0,0.0,0.0,0.0,0.0,0.0
70,Extrema,EXT_L2,Kuat,9,0.0,0.0,0.0,0.0,0.0,0.0
70,Extrema,EXT_L2,Kuat,10,0.0,0.0,0.0,0.0,0.0,0.0
70,Extrema,EXT_L2,Kuat,11,0.0,0.0,13344.13,0.0,0.0,13344.13
70,Extrema,EXT_L2,Kuat,12,0.0,0.0,0.0,0.0,0.0,0.0
70,Extrema,EXT_L2,Kuat,13,0.0,0.0,0.0,0.0,0.0,0.0
70,Extrema,EXT_L2,Kuat,14,0.0,0.0,0.0,0.0,0.0,0.0
70,Extrema,EXT_L2,Kuat,15,0.0,0.0,4175.38,0.0,0.0,4175.38
70,Extrema,EXT_L2,Sukita_Laranja,1,0.0,0.0,0.0,0.0,0.0,0.0
70,Extrema,EXT_L2,Sukita_Laranja,2,0.0,0.0,0.0,0.0,0.0,0.0
70,Extrema,EXT_L2,Sukita_Laranja,3,0.0,0.0,0.0,0.0,0.0,0.0
70,Extrema,EXT_L2,Sukita_Laranja,4,0.0,0.0,0.0,0.0,0.0,0.0
70,Extrema,EXT_L2,Sukita_Laranja,5,0.0,0.0,0.0,0.0,0.0,0.0
70,Extrema,EXT_L2,Sukita_Laranja,6,0.0,0.0,0.0,0.0,0.0,0.0
70,Extrema,EXT_L2,Sukita_Laranja,7,0.0,0.0,0.0,0.0,0.0,12265.72
70,Extrema,EXT_L2,Sukita_Laranja,8,0.0,0.0,0.0,0.0,0.0,0.0
70,Extrema,EXT_L2,Sukita_Laranja,9,0.0,0.0,0.0,0.0,0.0,0.0
70,Extrema,EXT_L2,Sukita_Laranja,10,0.0,0.0,0.0,0.0,0.0,0.0
70,Extrema,EXT_L2,Sukita_Laranja,11,0.0,0.0,0.0,0.0,0.0,0.0
70,Extrema,EXT_L2,Sukita_Laranja,12,0.0,0.0,0.0,0.0,0.0,0.0
70,Extrema,EXT_L2,Sukita_Laranja,13,0.0,0.0,13207.21,0.0,0.0,13207.21
70,Extrema,EXT_L2,Sukita_Laranja,14,0.0,0.0,0.0,0.0,0.0,0.0
70,Extrema,EXT_L2,Sukita_Laranja,15,0.0,0.0,0.0,0.0,0.0,0.0
70,Extrema,EXT_L2,Budweiser_Lata,1,0.0,0.0,0.0,0.0,0.0,0.0
70,Extrema,EXT_L2,Budweiser_Lata,2,0.0,0.0,0.0,0.0,0.0,0.0
70,Extrema,EXT_L2,Budweiser_Lata,3,0.0,0.0,0.0,0.0,0.0,0.0
70,Extrema,EXT_L2,Budweiser_Lata,4,0.0,0.0,0.0,0.0,0.0,0.0
70,Extrema,EXT_L2,Budweiser_Lata,5,0.0,0.0,0.0,0.0,0.0,8585.73
70,Extrema,EXT_L2,Budweiser_Lata,6,0.0,0.0,0.0,0.0,0.0,0.0
70,Extrema,EXT_L2,Budweiser_Lata,7,0.0,0.0,0.0,0.0,0.0,0.0
70,Extrema,EXT_L2,Budweiser_Lata,8,0.0,0.0,0.0,0.0,0.0,0.0
70,Extrema,EXT_L2,Budweiser_Lata,9,0.0,0.0,0.0,0.0,0.0,29528.16
70,Extrema,EXT_L2,Budweiser_Lata,10,0.0,0.0,0.0,0.0,0.0,0.0
70,Extrema,EXT_L2,Budweiser_Lata,11,0.0,0.0,0.0,0.0,0.0,0.0
70,Extrema,EXT_L2,Budweiser_Lata,12,0.0,0.0,0.0,0.0,0.0,0.0
70,Extrema,EXT_L2,Budweiser_Lata,13,0.0,0.0,0.0,0.0,0.0,0.0
70,Extrema,EXT_L2,Budweiser_Lata,14,0.0,0.0,0.0,0.0,0.0,6248.63
70,Extrema,EXT_L2,Budweiser_Lata,15,0.0,0.0,0.0,0.0,0.0,0.0
70,Extrema,EXT_L2,Guarana_Antarctica_Zero,1,0.0,0.0,0.0,0.0,0.0,12191.81
70,Extrema,EXT_L2,Guarana_Antarctica_Zero,2,0.0,0.0,0.0,0.0,0.0,0.0
70,Extrema,EXT_L2,Guarana_Antarctica_Zero,3,0.0,0.0,0.0,0.0,0.0,0.0
70,Extrema,EXT_L2,Guarana_Antarctica_Zero,4,0.0,0.0,0.0,0.0,0.0,0.0
70,Extrema,EXT_L2,Guarana_Antarctica_Zero,5,0.0,0.0,0.0,0.0,0.0,0.0
70,Extrema,EXT_L2,Guarana_Antarctica_Zero,6,0.0,0.0,0.0,0.0,5144.48,5144.48
70,Extrema,EXT_L2,Guarana_Antarctica_Zero,7,0.0,0.0,0.0,0.0,0.0,0.0
70,Extrema,EXT_L2,Guarana_Antarctica_Zero,8,0.0,0.0,0.0,0.0,0.0,0.0
70,Extrema,EXT_L2,Guarana_Antarctica_Zero,9,0.0,0.0,0.0,0.0,0.0,0.0
70,Extrema,EXT_L2,Guarana_Antarctica_Zero,10,0.0,0.0,0.0,0.0,0.0,0.0
70,Extrema,EXT_L2,Guarana_Antarctica_Zero,11,0.0,0.0,0.0,0.0,0.0,0.0
70,Extrema,EXT_L2,Guarana_Antarctica_Zero,12,0.0,0.0,0.0,0.0,0.0,0.0
70,Extrema,EXT_L2,Guarana_Antarctica_Zero,13,0.0,0.0,0.0,0.0,0.0,0.0
70,Extrema,EXT_L2,Guarana_Antarctica_Zero,14,0.0,0.0,0.0,0.0,0.0,0.0
70,Extrema,EXT_L2,Guarana_Antarctica_Zero,15,0.0,0.0,0.0,0.0,0.0,0.0
70,Extrema,EXT_L2,Itaipava_Lata,1,0.0,0.0,0.0,0.0,0.0,0.0
70,Extrema,EXT_L2,Itaipava_Lata,2,0.0,0.0,0.0,0.0,0.0,0.0
70,Extrema,EXT_L2,Itaipava_Lata,3,0.0,0.0,0.0,0.0,0.0,0.0
70,Extrema,EXT_L2,Itaipava_Lata,4,0.0,0.0,0.0,0.0,0.0,0.0
70,Extrema,EXT_L2,Itaipava_Lata,5,0.0,0.0,0.0,0.0,22978.95,38376.0
70,Extrema,EXT_L2,Itaipava_Lata,6,0.0,0.0,0.0,0.0,0.0,0.0
70,Extrema,EXT_L2,Itaipava_Lata,7,0.0,0.0,0.0,0.0,0.0,0.0
70,Extrema,EXT_L2,Itaipava_Lata,8,0.0,0.0,0.0,0.0,0.0,18526.19
70,Extrema,EXT_L2,Itaipava_Lata,9,0.0,0.0,0.0,0.0,8275.57,8275.57
70,Extrema,EXT_L2,Itaipava_Lata,10,0.0,0.0,0.0,0.0,0.0,0.0
70,Extrema,EXT_L2,Itaipava_Lata,11,0.0,0.0,0.0,0.0,0.0,6533.3
70,Extrema,EXT_L2,Itaipava_Lata,12,0.0,0.0,0.0,0.0,0.0,0.0
70,Extrema,EXT_L2,Itaipava_Lata,13,0.0,0.0,0.0,0.0,0.0,0.0
70,Extrema,EXT_L2,Itaipava_Lata,14,0.0,0.0,0.0,0.0,0.0,0.0
70,Extrema,EXT_L2,Itaipava_Lata,15,0.0,0.0,0.0,0.0,5992.93,5992.93
70,Extrema,EXT_L2,Brahma_Lata,1,0.0,0.0,0.0,0.0,0.0,0.0
70,Extrema,EXT_L2,Brahma_Lata,2,0.0,0.0,0.0,0.0,0.0,0.0
70,Extrema,EXT_L2,Brahma_Lata,3,0.0,0.0,0.0,0.0,0.0,0.0
70,Extrema,EXT_L2,Brahma_Lata,4,0.0,0.0,0.0,0.0,0.0,19222.42
70,Extrema,EXT_L2,Brahma_Lata,5,0.0,0.0,0.0,0.0,0.0,0.0
70,Extrema,EXT_L2,Brahma_Lata,6,0.0,0.0,0.0,0.0,0.0,0.0
70,Extrema,EXT_L2,Brahma_Lata,7,0.0,0.0,0.0,0.0,0.0,0.0
70,Extrema,EXT_L2,Brahma_Lata,8,0.0,0.0,0.0,0.0,0.0,0.0
70,Extrema,EXT_L2,Brahma_Lata,9,0.0,0.0,0.0,0.0,0.0,24463.32
70,Extrema,EXT_L2,Brahma_Lata,10,0.0,0.0,0.0,0.0,0.0,14846.96
70,Extrema,EXT_L2,Brahma_Lata,11,0.0,0.0,0.0,0.0,20247.78,21403.129999999994
70,Extrema,EXT_L2,Brahma_Lata,12,0.0,0.0,0.0,0.0,0.0,20730.150000000005
70,Extrema,EXT_L2,Brahma_Lata,13,0.0,0.0,532.04,0.0,0.0,532.04
70,Extrema,EXT_L2,Brahma_Lata,14,0.0,0.0,0.0,0.0,0.0,0.0
70,Extrema,EXT_L2,Brahma_Lata,15,0.0,0.0,0.0,0.0,0.0,0.0
70,Extrema,EXT_L2,Eisenbahn_Pilsen,1,0.0,0.0,0.0,0.0,0.0,0.0
70,Extrema,EXT_L2,Eisenbahn_Pilsen,2,0.0,0.0,0.0,0.0,0.0,0.0
70,Extrema,EXT_L2,Eisenbahn_Pilsen,3,0.0,0.0,0.0,0.0,0.0,0.0
70,Extrema,EXT_L2,Eisenbahn_Pilsen,4,0.0,0.0,0.0,0.0,0.0,0.0
70,Extrema,EXT_L2,Eisenbahn_Pilsen,5,0.0,0.0,0.0,0.0,0.0,0.0
70,Extrema,EXT_L2,Eisenbahn_Pilsen,6,0.0,0.0,0.0,0.0,0.0,0.0
70,Extrema,EXT_L2,Eisenbahn_Pilsen,7,0.0,0.0,0.0,0.0,0.0,0.0
70,Extrema,EXT_L2,Eisenbahn_Pilsen,8,0.0,0.0,0.0,0.0,0.0,0.0
70,Extrema,EXT_L2,Eisenbahn_Pilsen,9,0.0,0.0,0.0,0.0,0.0,0.0
70,Extrema,EXT_L2,Eisenbahn_Pilsen,10,0.0,0.0,0.0,0.0,0.0,0.0
70,Extrema,EXT_L2,Eisenbahn_Pilsen,11,0.0,0.0,0.0,0.0,0.0,0.0
70,Extrema,EXT_L2,Eisenbahn_Pilsen,12,0.0,0.0,0.0,0.0,0.0,0.0
70,Extrema,EXT_L2,Eisenbahn_Pilsen,13,0.0,0.0,0.0,0.0,0.0,0.0
70,Extrema,EXT_L2,Eisenbahn_Pilsen,14,0.0,0.0,0.0,0.0,0.0,0.0
70,Extrema,EXT_L2,Eisenbahn_Pilsen,15,0.0,0.0,0.0,0.0,0.0,0.0
70,Extrema,EXT_L2,Pepsi_Black,1,0.0,0.0,16207.43,0.0,0.0,16207.43
70,Extrema,EXT_L2,Pepsi_Black,2,0.0,0.0,0.0,0.0,0.0,0.0
70,Extrema,EXT_L2,Pepsi_Black,3,0.0,0.0,0.0,0.0,0.0,0.0
70,Extrema,EXT_L2,Pepsi_Black,4,0.0,0.0,0.0,0.0,0.0,0.0
70,Extrema,EXT_L2,Pepsi_Black,5,0.0,0.0,0.0,0.0,0.0,0.0
70,Extrema,EXT_L2,Pepsi_Black,6,0.0,0.0,0.0,0.0,0.0,0.0
70,Extrema,EXT_L2,Pepsi_Black,7,0.0,0.0,0.0,0.0,0.0,0.0
70,Extrema,EXT_L2,Pepsi_Black,8,0.0,0.0,0.0,0.0,0.0,0.0
70,Extrema,EXT_L2,Pepsi_Black,9,0.0,0.0,0.0,0.0,0.0,0.0
70,Extrema,EXT_L2,Pepsi_Black,10,0.0,0.0,0.0,0.0,0.0,0.0
70,Extrema,EXT_L2,Pepsi_Black,11,0.0,0.0,0.0,0.0,0.0,0.0
70,Extrema,EXT_L2,Pepsi_Black,12,0.0,0.0,0.0,0.0,0.0,0.0
70,Extrema,EXT_L2,Pepsi_Black,13,0.0,0.0,0.0,0.0,0.0,0.0
70,Extrema,EXT_L2,Pepsi_Black,14,0.0,0.0,0.0,0.0,0.0,12081.7
70,Extrema,EXT_L2,Pepsi_Black,15,0.0,0.0,0.0,0.0,0.0,0.0
70,Extrema,EXT_L2,Guarana_Antarctica,1,0.0,0.0,0.0,0.0,0.0,0.0
70,Extrema,EXT_L2,Guarana_Antarctica,2,0.0,0.0,26062.93,0.0,0.0,26062.93
70,Extrema,EXT_L2,Guarana_Antarctica,3,0.0,0.0,0.0,0.0,0.0,7801.29
70,Extrema,EXT_L2,Guarana_Antarctica,4,0.0,0.0,0.0,0.0,0.0,0.0
70,Extrema,EXT_L2,Guarana_Antarctica,5,0.0,0.0,0.0,0.0,26906.34,26906.34
70,Extrema,EXT_L2,Guarana_Antarctica,6,0.0,0.0,0.0,0.0,0.0,0.0
70,Extrema,EXT_L2,Guarana_Antarctica,7,0.0,0.0,0.0,0.0,19415.500000000004,22254.390000000003
70,Extrema,EXT_L2,Guarana_Antarctica,8,0.0,0.0,0.0,0.0,9125.61,9125.61
70,Extrema,EXT_L2,Guarana_Antarctica,9,0.0,0.0,0.0,0.0,0.0,0.0
70,Extrema,EXT_L2,Guarana_Antarctica,10,0.0,0.0,0.0,0.0,11449.21,11449.21
70,Extrema,EXT_L2,Guarana_Antarctica,11,0.0,0.0,0.0,0.0,0.0,0.0
70,Extrema,EXT_L2,Guarana_Antarctica,12,0.0,0.0,0.0,0.0,0.0,0.0
70,Extrema,EXT_L2,Guarana_Antarctica,13,0.0,0.0,0.0,0.0,0.0,0.0
70,Extrema,EXT_L2,Guarana_Antarctica,14,0.0,0.0,0.0,0.0,3069.6000000000067,9642.300000000007
70,Extrema,EXT_L2,Guarana_Antarctica,15,0.0,0.0,0.0,0.0,0.0,0.0
70,Extrema,EXT_L2,Amstel_Lata,1,0.0,0.0,0.0,0.0,0.0,0.0
70,Extrema,EXT_L2,Amstel_Lata,2,0.0,0.0,0.0,0.0,0.0,0.0
70,Extrema,EXT_L2,Amstel_Lata,3,0.0,0.0,0.0,0.0,0.0,0.0
70,Extrema,EXT_L2,Amstel_Lata,4,0.0,0.0,0.0,0.0,0.0,0.0
70,Extrema,EXT_L2,Amstel_Lata,5,0.0,0.0,0.0,0.0,0.0,0.0
70,Extrema,EXT_L2,Amstel_Lata,6,0.0,0.0,12574.97,0.0,0.0,12574.97
70,Extrema,EXT_L2,Amstel_Lata,7,0.0,0.0,0.0,0.0,0.0,0.0
70,Extrema,EXT_L2,Amstel_Lata,8,0.0,0.0,28358.84,0.0,0.0,28358.84
70,Extrema,EXT_L2,Amstel_Lata,9,0.0,0.0,0.0,0.0,0.0,0.0
70,Extrema,EXT_L2,Amstel_Lata,10,0.0,0.0,0.0,0.0,0.0,11848.18
70,Extrema,EXT_L2,Amstel_Lata,11,0.0,0.0,0.0,0.0,0.0,0.0
70,Extrema,EXT_L2,Amstel_Lata,12,0.0,0.0,0.0,0.0,0.0,0.0
70,Extrema,EXT_L2,Amstel_Lata,13,0.0,0.0,0.0,0.0,0.0,18047.11
70,Extrema,EXT_L2,Amstel_Lata,14,0.0,0.0,0.0,0.0,0.0,0.0
70,Extrema,EXT_L2,Amstel_Lata,15,0.0,0.0,0.0,0.0,0.0,19586.48
70,Extrema,EXT_L2,Del_Valle_Laranja,1,0.0,0.0,0.0,0.0,0.0,0.0
70,Extrema,EXT_L2,Del_Valle_Laranja,2,0.0,0.0,0.0,0.0,0.0,0.0
70,Extrema,EXT_L2,Del_Valle_Laranja,3,0.0,0.0,0.0,0.0,0.0,0.0
70,Extrema,EXT_L2,Del_Valle_Laranja,4,0.0,0.0,0.0,0.0,0.0,6473.9
70,Extrema,EXT_L2,Del_Valle_Laranja,5,0.0,0.0,0.0,0.0,0.0,0.0
70,Extrema,EXT_L2,Del_Valle_Laranja,6,0.0,0.0,0.0,0.0,0.0,0.0
70,Extrema,EXT_L2,Del_Valle_Laranja,7,0.0,0.0,0.0,0.0,0.0,11278.63
70,Extrema,EXT_L2,Del_Valle_Laranja,8,0.0,0.0,0.0,0.0,0.0,0.0
70,Extrema,EXT_L2,Del_Valle_Laranja,9,0.0,0.0,10693.93,0.0,0.0,10693.93
70,Extrema,EXT_L2,Del_Valle_Laranja,10,0.0,0.0,0.0,0.0,0.0,0.0
70,Extrema,EXT_L2,Del_Valle_Laranja,11,0.0,0.0,0.0,0.0,0.0,0.0
70,Extrema,EXT_L2,Del_Valle_Laranja,12,0.0,0.0,0.0,0.0,0.0,0.0
70,Extrema,EXT_L2,Del_Valle_Laranja,13,0.0,0.0,0.0,0.0,0.0,0.0
70,Extrema,EXT_L2,Del_Valle_Laranja,14,0.0,0.0,0.0,0.0,0.0,0.0
70,Extrema,EXT_L2,Del_Valle_Laranja,15,0.0,0.0,0.0,0.0,0.0,0.0
70,Extrema,EXT_L2,Fanta_Uva,1,3819.45,0.0,0.0,0.0,3819.45,0.0
70,Extrema,EXT_L2,Fanta_Uva,2,20059.59999999999,0.0,0.0,0.0,20059.59999999999,0.0
70,Extrema,EXT_L2,Fanta_Uva,3,0.0,0.0,0.0,0.0,0.0,0.0
70,Extrema,EXT_L2,Fanta_Uva,4,0.0,0.0,0.0,0.0,19915.92,19915.92
70,Extrema,EXT_L2,Fanta_Uva,5,0.0,0.0,0.0,0.0,0.0,5148.2
70,Extrema,EXT_L2,Fanta_Uva,6,0.0,0.0,0.0,0.0,0.0,0.0
70,Extrema,EXT_L2,Fanta_Uva,7,0.0,0.0,0.0,0.0,0.0,0.0
70,Extrema,EXT_L2,Fanta_Uva,8,5631.680000000001,0.0,0.0,0.0,5631.680000000001,0.0
70,Extrema,EXT_L2,Fanta_Uva,9,0.0,0.0,0.0,0.0,0.0,0.0
70,Extrema,EXT_L2,Fanta_Uva,10,11287.199999999979,0.0,0.0,0.0,11287.199999999979,0.0
70,Extrema,EXT_L2,Fanta_Uva,11,0.0,0.0,0.0,0.0,0.0,0.0
70,Extrema,EXT_L2,Fanta_Uva,12,7500.749999999998,0.0,0.0,0.0,7500.749999999998,0.0
70,Extrema,EXT_L2,Fanta_Uva,13,176.67999999999967,0.0,15895.76,0.0,0.0,15719.08
70,Extrema,EXT_L2,Fanta_Uva,14,0.0,0.0,0.0,0.0,0.0,0.0
70,Extrema,EXT_L2,Fanta_Uva,15,0.0,0.0,0.0,0.0,850.25,0.0
70,Extrema,EXT_L2,Maguary_Maracuja,1,0.0,0.0,0.0,0.0,0.0,4846.6
70,Extrema,EXT_L2,Maguary_Maracuja,2,0.0,0.0,0.0,0.0,0.0,0.0
70,Extrema,EXT_L2,Maguary_Maracuja,3,0.0,0.0,0.0,0.0,0.0,0.0
70,Extrema,EXT_L2,Maguary_Maracuja,4,0.0,0.0,0.0,0.0,0.0,0.0
70,Extrema,EXT_L2,Maguary_Maracuja,5,0.0,0.0,0.0,0.0,0.0,0.0
70,Extrema,EXT_L2,Maguary_Maracuja,6,0.0,0.0,0.0,0.0,0.0,9235.02
70,Extrema,EXT_L2,Maguary_Maracuja,7,0.0,0.0,0.0,0.0,0.0,6916.54
70,Extrema,EXT_L2,Maguary_Maracuja,8,0.0,0.0,0.0,0.0,0.0,0.0
70,Extrema,EXT_L2,Maguary_Maracuja,9,0.0,0.0,0.0,0.0,0.0,0.0
70,Extrema,EXT_L2,Maguary_Maracuja,10,0.0,0.0,0.0,0.0,0.0,0.0
70,Extrema,EXT_L2,Maguary_Maracuja,11,0.0,0.0,0.0,0.0,0.0,0.0
70,Extrema,EXT_L2,Maguary_Maracuja,12,0.0,0.0,0.0,0.0,0.0,0.0
70,Extrema,EXT_L2,Maguary_Maracuja,13,0.0,0.0,0.0,0.0,0.0,0.0
70,Extrema,EXT_L2,Maguary_Maracuja,14,0.0,0.0,0.0,0.0,0.0,0.0
70,Extrema,EXT_L2,Maguary_Maracuja,15,0.0,0.0,0.0,0.0,0.0,0.0
70,Extrema,EXT_L2,Coca_Cola,1,0.0,0.0,0.0,0.0,0.0,0.0
70,Extrema,EXT_L2,Coca_Cola,2,0.0,0.0,0.0,0.0,0.0,0.0
70,Extrema,EXT_L2,Coca_Cola,3,0.0,0.0,0.0,0.0,0.0,0.0
70,Extrema,EXT_L2,Coca_Cola,4,0.0,0.0,11843.47,0.0,0.0,36071.26
70,Extrema,EXT_L2,Coca_Cola,5,0.0,0.0,4865.3,0.0,0.0,4865.3
70,Extrema,EXT_L2,Coca_Cola,6,0.0,0.0,0.0,0.0,0.0,0.0
70,Extrema,EXT_L2,Coca_Cola,7,0.0,0.0,0.0,0.0,0.0,0.0
70,Extrema,EXT_L2,Coca_Cola,8,0.0,0.0,0.0,0.0,0.0,0.0
70,Extrema,EXT_L2,Coca_Cola,9,0.0,0.0,0.0,0.0,0.0,0.0
70,Extrema,EXT_L2,Coca_Cola,10,0.0,0.0,0.0,0.0,0.0,0.0
70,Extrema,EXT_L2,Coca_Cola,11,0.0,0.0,0.0,0.0,0.0,0.0
70,Extrema,EXT_L2,Coca_Cola,12,0.0,0.0,0.0,0.0,0.0,0.0
70,Extrema,EXT_L2,Coca_Cola,13,0.0,0.0,0.0,0.0,0.0,0.0
70,Extrema,EXT_L2,Coca_Cola,14,0.0,0.0,0.0,0.0,0.0,0.0
70,Extrema,EXT_L2,Coca_Cola,15,0.0,0.0,8744.37,0.0,12789.82,21534.190000000002
70,Extrema,EXT_L2,H2OH_Limao,1,0.0,0.0,5688.91,0.0,0.0,5688.91
70,Extrema,EXT_L2,H2OH_Limao,2,0.0,0.0,0.0,0.0,0.0,0.0
70,Extrema,EXT_L2,H2OH_Limao,3,0.0,0.0,0.0,0.0,0.0,0.0
70,Extrema,EXT_L2,H2OH_Limao,4,0.0,0.0,0.0,0.0,0.0,0.0
70,Extrema,EXT_L2,H2OH_Limao,5,0.0,0.0,0.0,0.0,0.0,0.0
70,Extrema,EXT_L2,H2OH_Limao,6,0.0,0.0,0.0,0.0,0.0,0.0
70,Extrema,EXT_L2,H2OH_Limao,7,0.0,0.0,10877.65,0.0,0.0,10877.65
70,Extrema,EXT_L2,H2OH_Limao,8,0.0,0.0,0.0,0.0,0.0,0.0
70,Extrema,EXT_L2,H2OH_Limao,9,0.0,0.0,0.0,0.0,0.0,0.0
70,Extrema,EXT_L2,H2OH_Limao,10,0.0,0.0,0.0,0.0,0.0,0.0
70,Extrema,EXT_L2,H2OH_Limao,11,0.0,0.0,0.0,0.0,0.0,0.0
70,Extrema,EXT_L2,H2OH_Limao,12,0.0,0.0,0.0,0.0,0.0,0.0
70,Extrema,EXT_L2,H2OH_Limao,13,0.0,0.0,0.0,0.0,0.0,0.0
70,Extrema,EXT_L2,H2OH_Limao,14,0.0,0.0,0.0,0.0,0.0,0.0
70,Extrema,EXT_L2,H2OH_Limao,15,0.0,0.0,0.0,0.0,0.0,7476.59
70,Extrema,EXT_L2,Schweppes_Citrus,1,19581.510000000002,0.0,0.0,0.0,48902.34,0.0
70,Extrema,EXT_L2,Schweppes_Citrus,2,9357.34,0.0,0.0,0.0,9357.34,9357.34
70,Extrema,EXT_L2,Schweppes_Citrus,3,14458.89,0.0,0.0,0.0,25987.82,0.0
70,Extrema,EXT_L2,Schweppes_Citrus,4,0.0,0.0,0.0,0.0,33379.55,0.0
70,Extrema,EXT_L2,Schweppes_Citrus,5,0.0,0.0,0.0,0.0,38328.0,0.0
70,Extrema,EXT_L2,Schweppes_Citrus,6,0.0,0.0,0.0,0.0,36888.0,0.0
70,Extrema,EXT_L2,Schweppes_Citrus,7,23106.950000000004,0.0,1749.34,0.0,52463.520000000004,24607.46
70,Extrema,EXT_L2,Schweppes_Citrus,8,0.0,0.0,0.0,0.0,15956.53,0.0
70,Extrema,EXT_L2,Schweppes_Citrus,9,0.0,0.0,0.0,0.0,33507.520000000004,0.0
70,Extrema,EXT_L2,Schweppes_Citrus,10,0.0,0.0,0.0,0.0,35810.18999999999,0.0
70,Extrema,EXT_L2,Schweppes_Citrus,11,9417.25000000002,0.0,10717.05,0.0,37103.99999999999,1299.7999999999793
70,Extrema,EXT_L2,Schweppes_Citrus,12,0.0,0.0,0.0,0.0,12770.89,0.0
70,Extrema,EXT_L2,Schweppes_Citrus,13,0.0,0.0,0.0,0.0,28789.65,5543.17
70,Extrema,EXT_L2,Schweppes_Citrus,14,0.0,0.0,0.0,0.0,19742.239999999998,0.0
70,Extrema,EXT_L2,Schweppes_Citrus,15,0.0,0.0,0.0,0.0,6555.14,6555.14
70,Extrema,EXT_L2,Sprite,1,0.0,0.0,0.0,0.0,0.0,2390.849999999993
70,Extrema,EXT_L2,Sprite,2,0.0,0.0,0.0,0.0,23596.430000000008,0.0
70,Extrema,EXT_L2,Sprite,3,0.0,0.0,26292.36,0.0,0.0,26292.36
70,Extrema,EXT_L2,Sprite,4,0.0,0.0,0.0,0.0,4276.449999999997,0.0
70,Extrema,EXT_L2,Sprite,5,0.0,0.0,0.0,0.0,0.0,0.0
70,Extrema,EXT_L2,Sprite,6,0.0,0.0,0.0,0.0,0.0,0.0
70,Extrema,EXT_L2,Sprite,7,0.0,0.0,0.0,0.0,6478.0899999999965,0.0
70,Extrema,EXT_L2,Sprite,8,0.0,0.0,0.0,0.0,2067.83,0.0
70,Extrema,EXT_L2,Sprite,9,0.0,0.0,0.0,0.0,4628.479999999991,0.0
70,Extrema,EXT_L2,Sprite,10,0.0,0.0,0.0,0.0,2589.8100000000086,0.0
70,Extrema,EXT_L2,Sprite,11,0.0,0.0,0.0,0.0,0.0,0.0
70,Extrema,EXT_L2,Sprite,12,0.0,0.0,0.0,0.0,26550.03,0.0
70,Extrema,EXT_L2,Sprite,13,0.0,0.0,0.0,0.0,0.0,0.0
70,Extrema,EXT_L2,Sprite,14,0.0,0.0,0.0,0.0,10039.58,0.0
70,Extrema,EXT_L2,Sprite,15,0.0,0.0,0.0,0.0,7649.59,0.0
70,Extrema,EXT_L2,Del_Valle_Uva,1,0.0,0.0,0.0,0.0,0.0,0.0
70,Extrema,EXT_L2,Del_Valle_Uva,2,0.0,0.0,0.0,0.0,8929.59,8929.59
70,Extrema,EXT_L2,Del_Valle_Uva,3,0.0,0.0,0.0,0.0,3441.16,3441.16
70,Extrema,EXT_L2,Del_Valle_Uva,4,0.0,0.0,0.0,0.0,0.0,0.0
70,Extrema,EXT_L2,Del_Valle_Uva,5,0.0,0.0,0.0,0.0,26284.0,26284.0
70,Extrema,EXT_L2,Del_Valle_Uva,6,0.0,0.0,0.0,0.0,0.0,5970.16
70,Extrema,EXT_L2,Del_Valle_Uva,7,0.0,0.0,0.0,0.0,0.0,0.0
70,Extrema,EXT_L2,Del_Valle_Uva,8,0.0,0.0,0.0,0.0,0.0,0.0
70,Extrema,EXT_L2,Del_Valle_Uva,9,0.0,0.0,14463.51,0.0,0.0,14463.51
70,Extrema,EXT_L2,Del_Valle_Uva,10,0.0,0.0,0.0,0.0,0.0,5899.47
70,Extrema,EXT_L2,Del_Valle_Uva,11,0.0,0.0,0.0,0.0,0.0,0.0
70,Extrema,EXT_L2,Del_Valle_Uva,12,0.0,0.0,0.0,0.0,0.0,0.0
70,Extrema,EXT_L2,Del_Valle_Uva,13,0.0,0.0,0.0,0.0,0.0,28176.82
70,Extrema,EXT_L2,Del_Valle_Uva,14,0.0,0.0,0.0,0.0,0.0,0.0
70,Extrema,EXT_L2,Del_Valle_Uva,15,0.0,0.0,0.0,0.0,0.0,0.0
70,Extrema,EXT_L2,Pepsi,1,0.0,0.0,5022.88,0.0,0.0,5022.88
70,Extrema,EXT_L2,Pepsi,2,0.0,0.0,0.0,0.0,0.0,0.0
70,Extrema,EXT_L2,Pepsi,3,0.0,0.0,0.0,0.0,0.0,0.0
70,Extrema,EXT_L2,Pepsi,4,0.0,0.0,0.0,0.0,0.0,3189.29
70,Extrema,EXT_L2,Pepsi,5,0.0,0.0,0.0,0.0,0.0,0.0
70,Extrema,EXT_L2,Pepsi,6,0.0,0.0,0.0,0.0,0.0,0.0
70,Extrema,EXT_L2,Pepsi,7,0.0,0.0,0.0,0.0,0.0,0.0
70,Extrema,EXT_L2,Pepsi,8,0.0,0.0,0.0,0.0,0.0,0.0
70,Extrema,EXT_L2,Pepsi,9,0.0,0.0,0.0,0.0,0.0,0.0
70,Extrema,EXT_L2,Pepsi,10,0.0,0.0,0.0,0.0,0.0,0.0
70,Extrema,EXT_L2,Pepsi,11,0.0,0.0,2822.13,0.0,0.0,2822.13
70,Extrema,EXT_L2,Pepsi,12,0.0,0.0,0.0,0.0,0.0,0.0
70,Extrema,EXT_L2,Pepsi,13,0.0,0.0,0.0,0.0,0.0,0.0
70,Extrema,EXT_L2,Pepsi,14,0.0,0.0,0.0,0.0,0.0,8972.57
70,Extrema,EXT_L2,Pepsi,15,0.0,0.0,0.0,0.0,0.0,0.0
70,Extrema,EXT_L3,Fanta_Laranja,1,0.0,0.0,0.0,0.0,15431.04,0.0
70,Extrema,EXT_L3,Fanta_Laranja,2,0.0,6503.850000000002,0.0,0.0,6503.850000000002,6503.850000000002
70,Extrema,EXT_L3,Fanta_Laranja,3,0.0,18577.460000000003,0.0,0.0,21397.11,12073.61
70,Extrema,EXT_L3,Fanta_Laranja,4,0.0,0.0,0.0,0.0,55753.46,0.0
70,Extrema,EXT_L3,Fanta_Laranja,5,0.0,6759.330000000009,0.0,0.0,42528.00000000001,6759.330000000009
70,Extrema,EXT_L3,Fanta_Laranja,6,0.0,0.0,0.0,0.0,45807.330000000016,0.0
70,Extrema,EXT_L3,Fanta_Laranja,7,0.0,0.0,0.0,0.0,13301.05,0.0
70,Extrema,EXT_L3,Fanta_Laranja,8,0.0,0.0,0.0,0.0,33272.32,0.0
70,Extrema,EXT_L3,Fanta_Laranja,9,0.0,0.0,0.0,0.0,37406.18,0.0
70,Extrema,EXT_L3,Fanta_Laranja,10,0.0,601.6100000000188,0.0,0.0,601.6100000000188,601.6100000000188
70,Extrema,EXT_L3,Fanta_Laranja,11,0.0,0.0,0.0,0.0,29728.36,0.0
70,Extrema,EXT_L3,Fanta_Laranja,12,0.0,0.0,0.0,0.0,28835.25,0.0
70,Extrema,EXT_L3,Fanta_Laranja,13,0.0,0.0,0.0,0.0,41487.32,0.0
70,Extrema,EXT_L3,Fanta_Laranja,14,0.0,0.0,0.0,0.0,36024.0,0.0
70,Extrema,EXT_L3,Fanta_Laranja,15,0.0,0.0,0.0,0.0,35400.0,0.0
70,Extrema,EXT_L3,Itubaina,1,0.0,0.0,0.0,0.0,0.0,0.0
70,Extrema,EXT_L3,Itubaina,2,0.0,0.0,0.0,0.0,0.0,0.0
70,Extrema,EXT_L3,Itubaina,3,0.0,0.0,0.0,0.0,0.0,0.0
70,Extrema,EXT_L3,Itubaina,4,0.0,0.0,0.0,0.0,0.0,0.0
70,Extrema,EXT_L3,Itubaina,5,31906.329999999998,0.0,0.0,0.0,31906.329999999998,0.0
70,Extrema,EXT_L3,Itubaina,6,15918.65,0.0,0.0,0.0,15918.65,0.0
70,Extrema,EXT_L3,Itubaina,7,0.0,0.0,0.0,0.0,0.0,12824.54
70,Extrema,EXT_L3,Itubaina,8,0.0,0.0,2569.36,0.0,0.0,2569.36
70,Extrema,EXT_L3,Itubaina,9,0.0,0.0,0.0,0.0,0.0,0.0
70,Extrema,EXT_L3,Itubaina,10,2526.790000000001,0.0,0.0,0.0,2526.790000000001,0.0
70,Extrema,EXT_L3,Itubaina,11,0.0,0.0,0.0,0.0,0.0,0.0
70,Extrema,EXT_L3,Itubaina,12,0.0,0.0,0.0,0.0,0.0,0.0
70,Extrema,EXT_L3,Itubaina,13,0.0,0.0,0.0,0.0,0.0,0.0
70,Extrema,EXT_L3,Itubaina,14,0.0,0.0,0.0,0.0,0.0,0.0
70,Extrema,EXT_L3,Itubaina,15,0.0,0.0,0.0,0.0,0.0,0.0
70,Extrema,EXT_L3,Skol_Lata,1,0.0,0.0,0.0,0.0,0.0,0.0
70,Extrema,EXT_L3,Skol_Lata,2,0.0,0.0,0.0,0.0,0.0,0.0
70,Extrema,EXT_L3,Skol_Lata,3,0.0,0.0,0.0,0.0,0.0,0.0
70,Extrema,EXT_L3,Skol_Lata,4,0.0,0.0,0.0,0.0,0.0,10532.77
70,Extrema,EXT_L3,Skol_Lata,5,0.0,0.0,0.0,0.0,0.0,24836.05
70,Extrema,EXT_L3,Skol_Lata,6,0.0,0.0,0.0,0.0,0.0,9757.13
70,Extrema,EXT_L3,Skol_Lata,7,0.0,0.0,0.0,0.0,0.0,0.0
70,Extrema,EXT_L3,Skol_Lata,8,0.0,0.0,0.0,0.0,0.0,0.0
70,Extrema,EXT_L3,Skol_Lata,9,0.0,0.0,0.0,0.0,0.0,0.0
70,Extrema,EXT_L3,Skol_Lata,10,0.0,0.0,0.0,0.0,0.0,7756.44
70,Extrema,EXT_L3,Skol_Lata,11,0.0,0.0,0.0,0.0,0.0,0.0
70,Extrema,EXT_L3,Skol_Lata,12,0.0,0.0,0.0,0.0,0.0,0.0
70,Extrema,EXT_L3,Skol_Lata,13,0.0,0.0,0.0,0.0,0.0,0.0
70,Extrema,EXT_L3,Skol_Lata,14,0.0,0.0,0.0,0.0,0.0,0.0
70,Extrema,EXT_L3,Skol_Lata,15,0.0,0.0,19523.97,0.0,0.0,19523.97
70,Extrema,EXT_L3,Heineken_Lata,1,0.0,0.0,0.0,0.0,0.0,0.0
70,Extrema,EXT_L3,Heineken_Lata,2,0.0,0.0,0.0,0.0,0.0,0.0
70,Extrema,EXT_L3,Heineken_Lata,3,0.0,0.0,0.0,0.0,0.0,0.0
70,Extrema,EXT_L3,Heineken_Lata,4,0.0,0.0,0.0,0.0,0.0,0.0
70,Extrema,EXT_L3,Heineken_Lata,5,0.0,0.0,0.0,0.0,0.0,0.0
70,Extrema,EXT_L3,Heineken_Lata,6,0.0,0.0,0.0,0.0,0.0,0.0
70,Extrema,EXT_L3,Heineken_Lata,7,0.0,0.0,0.0,0.0,0.0,0.0
70,Extrema,EXT_L3,Heineken_Lata,8,0.0,0.0,0.0,0.0,22415.640000000003,0.0
70,Extrema,EXT_L3,Heineken_Lata,9,0.0,0.0,0.0,0.0,0.0,0.0
70,Extrema,EXT_L3,Heineken_Lata,10,0.0,0.0,0.0,0.0,0.0,0.0
70,Extrema,EXT_L3,Heineken_Lata,11,0.0,0.0,0.0,0.0,0.0,0.0
70,Extrema,EXT_L3,Heineken_Lata,12,0.0,0.0,12745.06,0.0,423.0800000000032,12745.06
70,Extrema,EXT_L3,Heineken_Lata,13,0.0,0.0,1478.84,0.0,12010.350000000002,1478.84
70,Extrema,EXT_L3,Heineken_Lata,14,0.0,0.0,0.0,0.0,0.0,1899.379999999992
70,Extrema,EXT_L3,Heineken_Lata,15,0.0,0.0,0.0,0.0,0.0,0.0
70,Extrema,EXT_L3,Coca_Cola_Zero,1,0.0,0.0,0.0,0.0,0.0,0.0
70,Extrema,EXT_L3,Coca_Cola_Zero,2,0.0,0.0,29276.44,0.0,0.0,29276.44
70,Extrema,EXT_L3,Coca_Cola_Zero,3,0.0,0.0,11269.97,0.0,0.0,11269.97
70,Extrema,EXT_L3,Coca_Cola_Zero,4,0.0,0.0,0.0,0.0,0.0,0.0
70,Extrema,EXT_L3,Coca_Cola_Zero,5,0.0,0.0,0.0,0.0,0.0,0.0
70,Extrema,EXT_L3,Coca_Cola_Zero,6,0.0,0.0,0.0,0.0,0.0,0.0
70,Extrema,EXT_L3,Coca_Cola_Zero,7,0.0,0.0,0.0,0.0,0.0,0.0
70,Extrema,EXT_L3,Coca_Cola_Zero,8,0.0,0.0,0.0,0.0,0.0,0.0
70,Extrema,EXT_L3,Coca_Cola_Zero,9,0.0,0.0,0.0,0.0,0.0,0.0
70,Extrema,EXT_L3,Coca_Cola_Zero,10,0.0,0.0,0.0,0.0,0.0,0.0
70,Extrema,EXT_L3,Coca_Cola_Zero,11,0.0,0.0,0.0,0.0,0.0,0.0
70,Extrema,EXT_L3,Coca_Cola_Zero,12,0.0,0.0,0.0,0.0,0.0,23955.35
70,Extrema,EXT_L3,Coca_Cola_Zero,13,0.0,0.0,0.0,0.0,0.0,0.0
70,Extrema,EXT_L3,Coca_Cola_Zero,14,0.0,0.0,0.0,0.0,0.0,0.0
70,Extrema,EXT_L3,Coca_Cola_Zero,15,0.0,0.0,0.0,0.0,0.0,0.0
70,Extrema,EXT_L3,Antarctica_Lata,1,0.0,0.0,0.0,0.0,0.0,0.0
70,Extrema,EXT_L3,Antarctica_Lata,2,0.0,0.0,0.0,0.0,0.0,0.0
70,Extrema,EXT_L3,Antarctica_Lata,3,0.0,0.0,0.0,0.0,0.0,0.0
70,Extrema,EXT_L3,Antarctica_Lata,4,0.0,0.0,0.0,0.0,0.0,0.0
70,Extrema,EXT_L3,Antarctica_Lata,5,0.0,0.0,0.0,0.0,0.0,0.0
70,Extrema,EXT_L3,Antarctica_Lata,6,0.0,0.0,0.0,0.0,0.0,0.0
70,Extrema,EXT_L3,Antarctica_Lata,7,0.0,0.0,0.0,0.0,3309.4900000000034,3309.4900000000034
70,Extrema,EXT_L3,Antarctica_Lata,8,0.0,0.0,17644.07,0.0,0.0,17644.07
70,Extrema,EXT_L3,Antarctica_Lata,9,0.0,0.0,0.0,0.0,0.0,0.0
70,Extrema,EXT_L3,Antarctica_Lata,10,0.0,0.0,12559.27,0.0,0.0,12559.27
70,Extrema,EXT_L3,Antarctica_Lata,11,0.0,0.0,0.0,0.0,0.0,0.0
70,Extrema,EXT_L3,Antarctica_Lata,12,0.0,0.0,0.0,0.0,0.0,0.0
70,Extrema,EXT_L3,Antarctica_Lata,13,0.0,0.0,0.0,0.0,0.0,0.0
70,Extrema,EXT_L3,Antarctica_Lata,14,0.0,0.0,0.0,0.0,0.0,25402.11
70,Extrema,EXT_L3,Antarctica_Lata,15,0.0,0.0,0.0,0.0,0.0,934.33
70,Extrema,EXT_L3,Spaten_Lata,1,0.0,0.0,0.0,0.0,0.0,0.0
70,Extrema,EXT_L3,Spaten_Lata,2,0.0,0.0,0.0,0.0,0.0,0.0
70,Extrema,EXT_L3,Spaten_Lata,3,0.0,0.0,0.0,0.0,0.0,0.0
70,Extrema,EXT_L3,Spaten_Lata,4,0.0,0.0,0.0,0.0,0.0,0.0
70,Extrema,EXT_L3,Spaten_Lata,5,0.0,0.0,0.0,0.0,0.0,0.0
70,Extrema,EXT_L3,Spaten_Lata,6,0.0,0.0,0.0,0.0,0.0,0.0
70,Extrema,EXT_L3,Spaten_Lata,7,0.0,0.0,0.0,0.0,0.0,0.0
70,Extrema,EXT_L3,Spaten_Lata,8,0.0,0.0,0.0,0.0,0.0,9054.78
70,Extrema,EXT_L3,Spaten_Lata,9,0.0,0.0,0.0,0.0,0.0,0.0
70,Extrema,EXT_L3,Spaten_Lata,10,0.0,0.0,0.0,0.0,0.0,0.0
70,Extrema,EXT_L3,Spaten_Lata,11,0.0,0.0,0.0,0.0,0.0,0.0
70,Extrema,EXT_L3,Spaten_Lata,12,0.0,0.0,0.0,0.0,0.0,0.0
70,Extrema,EXT_L3,Spaten_Lata,13,0.0,0.0,0.0,0.0,0.0,0.0
70,Extrema,EXT_L3,Spaten_Lata,14,0.0,0.0,0.0,0.0,0.0,17861.1
70,Extrema,EXT_L3,Spaten_Lata,15,0.0,0.0,0.0,0.0,0.0,0.0
70,Extrema,EXT_L3,Maguary_Caju,1,37584.0,0.0,0.0,0.0,37584.0,12851.22
70,Extrema,EXT_L3,Maguary_Caju,2,6374.12,0.0,0.0,0.0,6374.12,0.0
70,Extrema,EXT_L3,Maguary_Caju,3,37464.0,0.0,0.0,0.0,37464.0,0.0
70,Extrema,EXT_L3,Maguary_Caju,4,9496.95,0.0,0.0,0.0,9496.95,0.0
70,Extrema,EXT_L3,Maguary_Caju,5,7717.6700000000055,0.0,0.0,0.0,7717.6700000000055,0.0
70,Extrema,EXT_L3,Maguary_Caju,6,22265.35,0.0,25380.74,0.0,6760.98,9876.370000000003
70,Extrema,EXT_L3,Maguary_Caju,7,0.0,0.0,0.0,0.0,0.0,0.0
70,Extrema,EXT_L3,Maguary_Caju,8,36672.0,0.0,0.0,0.0,36672.0,0.0
70,Extrema,EXT_L3,Maguary_Caju,9,36120.0,0.0,0.0,0.0,36120.0,0.0
70,Extrema,EXT_L3,Maguary_Caju,10,0.0,0.0,0.0,0.0,0.0,0.0
70,Extrema,EXT_L3,Maguary_Caju,11,31761.47,0.0,0.0,0.0,31761.47,17498.25
70,Extrema,EXT_L3,Maguary_Caju,12,37608.0,0.0,14635.28,0.0,22972.72,0.0
70,Extrema,EXT_L3,Maguary_Caju,13,19410.84,0.0,0.0,0.0,19410.84,0.0
70,Extrema,EXT_L3,Maguary_Caju,14,21961.07,0.0,0.0,0.0,21961.07,0.0
70,Extrema,EXT_L3,Maguary_Caju,15,24764.4,0.0,0.0,0.0,24764.4,12407.2
70,Extrema,EXT_L3,Del_Valle_Pessego,1,0.0,0.0,13802.87,0.0,0.0,13802.87
70,Extrema,EXT_L3,Del_Valle_Pessego,2,0.0,0.0,0.0,0.0,27688.98,27688.98
70,Extrema,EXT_L3,Del_Valle_Pessego,3,0.0,0.0,0.0,0.0,6488.950000000001,6488.950000000001
70,Extrema,EXT_L3,Del_Valle_Pessego,4,0.0,0.0,0.0,0.0,0.0,1969.65
70,Extrema,EXT_L3,Del_Valle_Pessego,5,0.0,0.0,8486.86,0.0,0.0,8486.86
70,Extrema,EXT_L3,Del_Valle_Pessego,6,0.0,0.0,0.0,0.0,415.82,415.82
70,Extrema,EXT_L3,Del_Valle_Pessego,7,0.0,0.0,0.0,0.0,0.0,0.0
70,Extrema,EXT_L3,Del_Valle_Pessego,8,0.0,0.0,0.0,0.0,0.0,0.0
70,Extrema,EXT_L3,Del_Valle_Pessego,9,0.0,0.0,0.0,0.0,0.0,0.0
70,Extrema,EXT_L3,Del_Valle_Pessego,10,0.0,0.0,0.0,0.0,11236.270000000008,11236.270000000008
70,Extrema,EXT_L3,Del_Valle_Pessego,11,0.0,0.0,26733.15,0.0,0.0,26733.15
70,Extrema,EXT_L3,Del_Valle_Pessego,12,0.0,0.0,0.0,0.0,4690.440000000001,4690.440000000001
70,Extrema,EXT_L3,Del_Valle_Pessego,13,0.0,0.0,0.0,0.0,0.0,0.0
70,Extrema,EXT_L3,Del_Valle_Pessego,14,0.0,0.0,0.0,0.0,0.0,0.0
70,Extrema,EXT_L3,Del_Valle_Pessego,15,0.0,0.0,0.0,0.0,14580.720000000008,14580.720000000008
70,Extrema,EXT_L3,Stella_Artois_Pure_Gold,1,0.0,0.0,0.0,0.0,0.0,0.0
70,Extrema,EXT_L3,Stella_Artois_Pure_Gold,2,0.0,0.0,0.0,0.0,0.0,0.0
70,Extrema,EXT_L3,Stella_Artois_Pure_Gold,3,0.0,0.0,0.0,0.0,0.0,0.0
70,Extrema,EXT_L3,Stella_Artois_Pure_Gold,4,0.0,0.0,0.0,0.0,0.0,0.0
70,Extrema,EXT_L3,Stella_Artois_Pure_Gold,5,0.0,0.0,0.0,0.0,0.0,0.0
70,Extrema,EXT_L3,Stella_Artois_Pure_Gold,6,0.0,0.0,0.0,0.0,0.0,0.0
70,Extrema,EXT_L3,Stella_Artois_Pure_Gold,7,0.0,0.0,0.0,0.0,0.0,0.0
70,Extrema,EXT_L3,Stella_Artois_Pure_Gold,8,0.0,0.0,0.0,0.0,0.0,0.0
70,Extrema,EXT_L3,Stella_Artois_Pure_Gold,9,0.0,0.0,0.0,0.0,0.0,0.0
70,Extrema,EXT_L3,Stella_Artois_Pure_Gold,10,0.0,0.0,1698.53,0.0,0.0,1698.53
70,Extrema,EXT_L3,Stella_Artois_Pure_Gold,11,0.0,0.0,0.0,0.0,0.0,0.0
70,Extrema,EXT_L3,Stella_Artois_Pure_Gold,12,0.0,0.0,0.0,0.0,0.0,0.0
70,Extrema,EXT_L3,Stella_Artois_Pure_Gold,13,0.0,0.0,0.0,0.0,0.0,0.0
70,Extrema,EXT_L3,Stella_Artois_Pure_Gold,14,0.0,0.0,0.0,0.0,0.0,0.0
70,Extrema,EXT_L3,Stella_Artois_Pure_Gold,15,0.0,0.0,0.0,0.0,0.0,0.0
70,Extrema,EXT_L3,Sprite_Zero,1,0.0,0.0,0.0,0.0,0.0,0.0
70,Extrema,EXT_L3,Sprite_Zero,2,0.0,0.0,0.0,0.0,0.0,0.0
70,Extrema,EXT_L3,Sprite_Zero,3,0.0,0.0,0.0,0.0,0.0,0.0
70,Extrema,EXT_L3,Sprite_Zero,4,0.0,0.0,0.0,0.0,0.0,0.0
70,Extrema,EXT_L3,Sprite_Zero,5,0.0,0.0,0.0,0.0,11440.61,11440.61
70,Extrema,EXT_L3,Sprite_Zero,6,0.0,0.0,0.0,0.0,0.0,0.0
70,Extrema,EXT_L3,Sprite_Zero,7,0.0,0.0,0.0,0.0,0.0,0.0
70,Extrema,EXT_L3,Sprite_Zero,8,0.0,0.0,0.0,0.0,0.0,0.0
70,Extrema,EXT_L3,Sprite_Zero,9,0.0,0.0,0.0,0.0,0.0,0.0
70,Extrema,EXT_L3,Sprite_Zero,10,0.0,0.0,0.0,0.0,0.0,0.0
70,Extrema,EXT_L3,Sprite_Zero,11,0.0,0.0,0.0,0.0,0.0,0.0
70,Extrema,EXT_L3,Sprite_Zero,12,0.0,0.0,0.0,0.0,0.0,6218.88
70,Extrema,EXT_L3,Sprite_Zero,13,0.0,0.0,0.0,0.0,0.0,0.0
70,Extrema,EXT_L3,Sprite_Zero,14,0.0,0.0,0.0,0.0,0.0,0.0
70,Extrema,EXT_L3,Sprite_Zero,15,0.0,0.0,0.0,0.0,0.0,0.0
70,Extrema,EXT_L3,Kuat,1,0.0,0.0,0.0,0.0,0.0,0.0
70,Extrema,EXT_L3,Kuat,2,0.0,0.0,0.0,0.0,0.0,0.0
70,Extrema,EXT_L3,Kuat,3,0.0,0.0,7380.27,0.0,0.0,7380.27
70,Extrema,EXT_L3,Kuat,4,0.0,0.0,0.0,0.0,0.0,0.0
70,Extrema,EXT_L3,Kuat,5,0.0,0.0,16813.0,0.0,0.0,16813.0
70,Extrema,EXT_L3,Kuat,6,0.0,0.0,0.0,0.0,0.0,15405.21
70,Extrema,EXT_L3,Kuat,7,0.0,0.0,0.0,0.0,0.0,0.0
70,Extrema,EXT_L3,Kuat,8,0.0,0.0,0.0,0.0,0.0,0.0
70,Extrema,EXT_L3,Kuat,9,0.0,0.0,0.0,0.0,0.0,0.0
70,Extrema,EXT_L3,Kuat,10,0.0,0.0,0.0,0.0,0.0,0.0
70,Extrema,EXT_L3,Kuat,11,0.0,0.0,0.0,0.0,0.0,13344.13
70,Extrema,EXT_L3,Kuat,12,0.0,0.0,0.0,0.0,0.0,0.0
70,Extrema,EXT_L3,Kuat,13,0.0,0.0,0.0,0.0,0.0,0.0
70,Extrema,EXT_L3,Kuat,14,0.0,0.0,0.0,0.0,0.0,0.0
70,Extrema,EXT_L3,Kuat,15,0.0,0.0,0.0,0.0,0.0,4175.38
70,Extrema,EXT_L3,Sukita_Laranja,1,0.0,0.0,0.0,0.0,0.0,0.0
70,Extrema,EXT_L3,Sukita_Laranja,2,0.0,0.0,0.0,0.0,0.0,0.0
70,Extrema,EXT_L3,Sukita_Laranja,3,0.0,0.0,0.0,0.0,0.0,0.0
70,Extrema,EXT_L3,Sukita_Laranja,4,0.0,0.0,0.0,0.0,0.0,0.0
70,Extrema,EXT_L3,Sukita_Laranja,5,0.0,0.0,0.0,0.0,0.0,0.0
70,Extrema,EXT_L3,Sukita_Laranja,6,0.0,0.0,0.0,0.0,0.0,0.0
70,Extrema,EXT_L3,Sukita_Laranja,7,0.0,0.0,0.0,0.0,0.0,12265.72
70,Extrema,EXT_L3,Sukita_Laranja,8,0.0,0.0,0.0,0.0,0.0,0.0
70,Extrema,EXT_L3,Sukita_Laranja,9,0.0,0.0,0.0,0.0,0.0,0.0
70,Extrema,EXT_L3,Sukita_Laranja,10,0.0,0.0,0.0,0.0,0.0,0.0
70,Extrema,EXT_L3,Sukita_Laranja,11,0.0,0.0,0.0,0.0,0.0,0.0
70,Extrema,EXT_L3,Sukita_Laranja,12,0.0,0.0,0.0,0.0,0.0,0.0
70,Extrema,EXT_L3,Sukita_Laranja,13,0.0,0.0,0.0,0.0,0.0,13207.21
70,Extrema,EXT_L3,Sukita_Laranja,14,0.0,0.0,0.0,0.0,0.0,0.0
70,Extrema,EXT_L3,Sukita_Laranja,15,0.0,0.0,0.0,0.0,0.0,0.0
70,Extrema,EXT_L3,Budweiser_Lata,1,0.0,0.0,0.0,0.0,0.0,0.0
70,Extrema,EXT_L3,Budweiser_Lata,2,0.0,0.0,0.0,0.0,0.0,0.0
70,Extrema,EXT_L3,Budweiser_Lata,3,0.0,0.0,0.0,0.0,0.0,0.0
70,Extrema,EXT_L3,Budweiser_Lata,4,0.0,0.0,0.0,0.0,0.0,0.0
70,Extrema,EXT_L3,Budweiser_Lata,5,0.0,0.0,1506.19,0.0,0.0,8585.73
70,Extrema,EXT_L3,Budweiser_Lata,6,0.0,0.0,0.0,0.0,0.0,0.0
70,Extrema,EXT_L3,Budweiser_Lata,7,0.0,0.0,0.0,0.0,0.0,0.0
70,Extrema,EXT_L3,Budweiser_Lata,8,0.0,0.0,0.0,0.0,0.0,0.0
70,Extrema,EXT_L3,Budweiser_Lata,9,0.0,0.0,0.0,0.0,0.0,29528.16
70,Extrema,EXT_L3,Budweiser_Lata,10,0.0,0.0,0.0,0.0,0.0,0.0
70,Extrema,EXT_L3,Budweiser_Lata,11,0.0,0.0,0.0,0.0,0.0,0.0
70,Extrema,EXT_L3,Budweiser_Lata,12,0.0,0.0,0.0,0.0,0.0,0.0
70,Extrema,EXT_L3,Budweiser_Lata,13,0.0,0.0,0.0,0.0,0.0,0.0
70,Extrema,EXT_L3,Budweiser_Lata,14,0.0,0.0,6248.63,0.0,0.0,6248.63
70,Extrema,EXT_L3,Budweiser_Lata,15,0.0,0.0,0.0,0.0,0.0,0.0
70,Extrema,EXT_L3,Guarana_Antarctica_Zero,1,0.0,0.0,12191.81,0.0,0.0,12191.81
70,Extrema,EXT_L3,Guarana_Antarctica_Zero,2,0.0,0.0,0.0,0.0,0.0,0.0
70,Extrema,EXT_L3,Guarana_Antarctica_Zero,3,0.0,0.0,0.0,0.0,0.0,0.0
70,Extrema,EXT_L3,Guarana_Antarctica_Zero,4,0.0,0.0,0.0,0.0,0.0,0.0
70,Extrema,EXT_L3,Guarana_Antarctica_Zero,5,0.0,0.0,0.0,0.0,0.0,0.0
70,Extrema,EXT_L3,Guarana_Antarctica_Zero,6,0.0,0.0,0.0,0.0,5144.48,5144.48
70,Extrema,EXT_L3,Guarana_Antarctica_Zero,7,0.0,0.0,0.0,0.0,0.0,0.0
70,Extrema,EXT_L3,Guarana_Antarctica_Zero,8,0.0,0.0,0.0,0.0,0.0,0.0
70,Extrema,EXT_L3,Guarana_Antarctica_Zero,9,0.0,0.0,0.0,0.0,0.0,0.0
70,Extrema,EXT_L3,Guarana_Antarctica_Zero,10,0.0,0.0,0.0,0.0,0.0,0.0
70,Extrema,EXT_L3,Guarana_Antarctica_Zero,11,0.0,0.0,0.0,0.0,0.0,0.0
70,Extrema,EXT_L3,Guarana_Antarctica_Zero,12,0.0,0.0,0.0,0.0,0.0,0.0
70,Extrema,EXT_L3,Guarana_Antarctica_Zero,13,0.0,0.0,0.0,0.0,0.0,0.0
70,Extrema,EXT_L3,Guarana_Antarctica_Zero,14,0.0,0.0,0.0,0.0,0.0,0.0
70,Extrema,EXT_L3,Guarana_Antarctica_Zero,15,0.0,0.0,0.0,0.0,0.0,0.0
70,Extrema,EXT_L3,Itaipava_Lata,1,0.0,0.0,0.0,0.0,0.0,0.0
70,Extrema,EXT_L3,Itaipava_Lata,2,0.0,0.0,0.0,0.0,0.0,0.0
70,Extrema,EXT_L3,Itaipava_Lata,3,0.0,0.0,0.0,0.0,0.0,0.0
70,Extrema,EXT_L3,Itaipava_Lata,4,0.0,0.0,0.0,0.0,0.0,0.0
70,Extrema,EXT_L3,Itaipava_Lata,5,0.0,0.0,0.0,0.0,22978.95,38376.0
70,Extrema,EXT_L3,Itaipava_Lata,6,0.0,0.0,0.0,0.0,0.0,0.0
70,Extrema,EXT_L3,Itaipava_Lata,7,0.0,0.0,0.0,0.0,0.0,0.0
70,Extrema,EXT_L3,Itaipava_Lata,8,0.0,0.0,0.0,0.0,0.0,18526.19
70,Extrema,EXT_L3,Itaipava_Lata,9,0.0,0.0,0.0,0.0,8275.57,8275.57
70,Extrema,EXT_L3,Itaipava_Lata,10,0.0,0.0,0.0,0.0,0.0,0.0
70,Extrema,EXT_L3,Itaipava_Lata,11,0.0,0.0,0.0,0.0,0.0,6533.3
70,Extrema,EXT_L3,Itaipava_Lata,12,0.0,0.0,0.0,0.0,0.0,0.0
70,Extrema,EXT_L3,Itaipava_Lata,13,0.0,0.0,0.0,0.0,0.0,0.0
70,Extrema,EXT_L3,Itaipava_Lata,14,0.0,0.0,0.0,0.0,0.0,0.0
70,Extrema,EXT_L3,Itaipava_Lata,15,0.0,0.0,0.0,0.0,5992.93,5992.93
70,Extrema,EXT_L3,Brahma_Lata,1,0.0,0.0,0.0,0.0,0.0,0.0
70,Extrema,EXT_L3,Brahma_Lata,2,0.0,0.0,0.0,0.0,0.0,0.0
70,Extrema,EXT_L3,Brahma_Lata,3,0.0,0.0,0.0,0.0,0.0,0.0
70,Extrema,EXT_L3,Brahma_Lata,4,0.0,0.0,19222.42,0.0,0.0,19222.42
70,Extrema,EXT_L3,Brahma_Lata,5,0.0,0.0,0.0,0.0,0.0,0.0
70,Extrema,EXT_L3,Brahma_Lata,6,0.0,0.0,0.0,0.0,0.0,0.0
70,Extrema,EXT_L3,Brahma_Lata,7,0.0,0.0,0.0,0.0,0.0,0.0
70,Extrema,EXT_L3,Brahma_Lata,8,0.0,0.0,0.0,0.0,0.0,0.0
70,Extrema,EXT_L3,Brahma_Lata,9,0.0,0.0,24463.32,0.0,0.0,24463.32
70,Extrema,EXT_L3,Brahma_Lata,10,0.0,0.0,0.0,0.0,0.0,14846.96
70,Extrema,EXT_L3,Brahma_Lata,11,0.0,0.0,0.0,0.0,20247.78,21403.129999999994
70,Extrema,EXT_L3,Brahma_Lata,12,0.0,0.0,0.0,0.0,0.0,20730.150000000005
70,Extrema,EXT_L3,Brahma_Lata,13,0.0,0.0,0.0,0.0,0.0,532.04
70,Extrema,EXT_L3,Brahma_Lata,14,0.0,0.0,0.0,0.0,0.0,0.0
70,Extrema,EXT_L3,Brahma_Lata,15,0.0,0.0,0.0,0.0,0.0,0.0
70,Extrema,EXT_L3,Eisenbahn_Pilsen,1,0.0,0.0,0.0,0.0,0.0,0.0
70,Extrema,EXT_L3,Eisenbahn_Pilsen,2,0.0,0.0,0.0,0.0,0.0,0.0
70,Extrema,EXT_L3,Eisenbahn_Pilsen,3,0.0,0.0,0.0,0.0,0.0,0.0
70,Extrema,EXT_L3,Eisenbahn_Pilsen,4,0.0,0.0,0.0,0.0,0.0,0.0
70,Extrema,EXT_L3,Eisenbahn_Pilsen,5,0.0,0.0,0.0,0.0,0.0,0.0
70,Extrema,EXT_L3,Eisenbahn_Pilsen,6,0.0,0.0,0.0,0.0,0.0,0.0
70,Extrema,EXT_L3,Eisenbahn_Pilsen,7,0.0,0.0,0.0,0.0,0.0,0.0
70,Extrema,EXT_L3,Eisenbahn_Pilsen,8,0.0,0.0,0.0,0.0,0.0,0.0
70,Extrema,EXT_L3,Eisenbahn_Pilsen,9,0.0,0.0,0.0,0.0,0.0,0.0
70,Extrema,EXT_L3,Eisenbahn_Pilsen,10,0.0,0.0,0.0,0.0,0.0,0.0
70,Extrema,EXT_L3,Eisenbahn_Pilsen,11,0.0,0.0,0.0,0.0,0.0,0.0
70,Extrema,EXT_L3,Eisenbahn_Pilsen,12,0.0,0.0,0.0,0.0,0.0,0.0
70,Extrema,EXT_L3,Eisenbahn_Pilsen,13,0.0,0.0,0.0,0.0,0.0,0.0
70,Extrema,EXT_L3,Eisenbahn_Pilsen,14,0.0,0.0,0.0,0.0,0.0,0.0
70,Extrema,EXT_L3,Eisenbahn_Pilsen,15,0.0,0.0,0.0,0.0,0.0,0.0
70,Extrema,EXT_L3,Pepsi_Black,1,0.0,0.0,0.0,0.0,0.0,16207.43
70,Extrema,EXT_L3,Pepsi_Black,2,0.0,0.0,0.0,0.0,0.0,0.0
70,Extrema,EXT_L3,Pepsi_Black,3,0.0,0.0,0.0,0.0,0.0,0.0
70,Extrema,EXT_L3,Pepsi_Black,4,0.0,0.0,0.0,0.0,0.0,0.0
70,Extrema,EXT_L3,Pepsi_Black,5,0.0,0.0,0.0,0.0,0.0,0.0
70,Extrema,EXT_L3,Pepsi_Black,6,0.0,0.0,0.0,0.0,0.0,0.0
70,Extrema,EXT_L3,Pepsi_Black,7,0.0,0.0,0.0,0.0,0.0,0.0
70,Extrema,EXT_L3,Pepsi_Black,8,0.0,0.0,0.0,0.0,0.0,0.0
70,Extrema,EXT_L3,Pepsi_Black,9,0.0,0.0,0.0,0.0,0.0,0.0
70,Extrema,EXT_L3,Pepsi_Black,10,0.0,0.0,0.0,0.0,0.0,0.0
70,Extrema,EXT_L3,Pepsi_Black,11,0.0,0.0,0.0,0.0,0.0,0.0
70,Extrema,EXT_L3,Pepsi_Black,12,0.0,0.0,0.0,0.0,0.0,0.0
70,Extrema,EXT_L3,Pepsi_Black,13,0.0,0.0,0.0,0.0,0.0,0.0
70,Extrema,EXT_L3,Pepsi_Black,14,0.0,0.0,12081.7,0.0,0.0,12081.7
70,Extrema,EXT_L3,Pepsi_Black,15,0.0,0.0,0.0,0.0,0.0,0.0
70,Extrema,EXT_L3,Guarana_Antarctica,1,0.0,0.0,0.0,0.0,0.0,0.0
70,Extrema,EXT_L3,Guarana_Antarctica,2,0.0,0.0,0.0,0.0,0.0,26062.93
70,Extrema,EXT_L3,Guarana_Antarctica,3,0.0,0.0,7801.29,0.0,0.0,7801.29
70,Extrema,EXT_L3,Guarana_Antarctica,4,0.0,0.0,0.0,0.0,0.0,0.0
70,Extrema,EXT_L3,Guarana_Antarctica,5,0.0,0.0,0.0,0.0,26906.34,26906.34
70,Extrema,EXT_L3,Guarana_Antarctica,6,0.0,0.0,0.0,0.0,0.0,0.0
70,Extrema,EXT_L3,Guarana_Antarctica,7,0.0,0.0,0.0,0.0,19415.500000000004,22254.390000000003
70,Extrema,EXT_L3,Guarana_Antarctica,8,0.0,0.0,0.0,0.0,9125.61,9125.61
70,Extrema,EXT_L3,Guarana_Antarctica,9,0.0,0.0,0.0,0.0,0.0,0.0
70,Extrema,EXT_L3,Guarana_Antarctica,10,0.0,0.0,0.0,0.0,11449.21,11449.21
70,Extrema,EXT_L3,Guarana_Antarctica,11,0.0,0.0,0.0,0.0,0.0,0.0
70,Extrema,EXT_L3,Guarana_Antarctica,12,0.0,0.0,0.0,0.0,0.0,0.0
70,Extrema,EXT_L3,Guarana_Antarctica,13,0.0,0.0,0.0,0.0,0.0,0.0
70,Extrema,EXT_L3,Guarana_Antarctica,14,0.0,0.0,0.0,0.0,3069.6000000000067,9642.300000000007
70,Extrema,EXT_L3,Guarana_Antarctica,15,0.0,0.0,0.0,0.0,0.0,0.0
70,Extrema,EXT_L3,Amstel_Lata,1,0.0,0.0,0.0,0.0,0.0,0.0
70,Extrema,EXT_L3,Amstel_Lata,2,0.0,0.0,0.0,0.0,0.0,0.0
70,Extrema,EXT_L3,Amstel_Lata,3,0.0,0.0,0.0,0.0,0.0,0.0
70,Extrema,EXT_L3,Amstel_Lata,4,0.0,0.0,0.0,0.0,0.0,0.0
70,Extrema,EXT_L3,Amstel_Lata,5,0.0,0.0,0.0,0.0,0.0,0.0
70,Extrema,EXT_L3,Amstel_Lata,6,0.0,0.0,0.0,0.0,0.0,12574.97
70,Extrema,EXT_L3,Amstel_Lata,7,0.0,0.0,0.0,0.0,0.0,0.0
70,Extrema,EXT_L3,Amstel_Lata,8,0.0,0.0,0.0,0.0,0.0,28358.84
70,Extrema,EXT_L3,Amstel_Lata,9,0.0,0.0,0.0,0.0,0.0,0.0
70,Extrema,EXT_L3,Amstel_Lata,10,0.0,0.0,11848.18,0.0,0.0,11848.18
70,Extrema,EXT_L3,Amstel_Lata,11,0.0,0.0,0.0,0.0,0.0,0.0
70,Extrema,EXT_L3,Amstel_Lata,12,0.0,0.0,0.0,0.0,0.0,0.0
70,Extrema,EXT_L3,Amstel_Lata,13,0.0,0.0,18047.11,0.0,0.0,18047.11
70,Extrema,EXT_L3,Amstel_Lata,14,0.0,0.0,0.0,0.0,0.0,0.0
70,Extrema,EXT_L3,Amstel_Lata,15,0.0,0.0,0.0,0.0,0.0,19586.48
70,Extrema,EXT_L3,Del_Valle_Laranja,1,0.0,0.0,0.0,0.0,0.0,0.0
70,Extrema,EXT_L3,Del_Valle_Laranja,2,0.0,0.0,0.0,0.0,0.0,0.0
70,Extrema,EXT_L3,Del_Valle_Laranja,3,0.0,0.0,0.0,0.0,0.0,0.0
70,Extrema,EXT_L3,Del_Valle_Laranja,4,0.0,0.0,6473.9,0.0,0.0,6473.9
70,Extrema,EXT_L3,Del_Valle_Laranja,5,0.0,0.0,0.0,0.0,0.0,0.0
70,Extrema,EXT_L3,Del_Valle_Laranja,6,0.0,0.0,0.0,0.0,0.0,0.0
70,Extrema,EXT_L3,Del_Valle_Laranja,7,0.0,0.0,0.0,0.0,0.0,11278.63
70,Extrema,EXT_L3,Del_Valle_Laranja,8,0.0,0.0,0.0,0.0,0.0,0.0
70,Extrema,EXT_L3,Del_Valle_Laranja,9,0.0,0.0,0.0,0.0,0.0,10693.93
70,Extrema,EXT_L3,Del_Valle_Laranja,10,0.0,0.0,0.0,0.0,0.0,0.0
70,Extrema,EXT_L3,Del_Valle_Laranja,11,0.0,0.0,0.0,0.0,0.0,0.0
70,Extrema,EXT_L3,Del_Valle_Laranja,12,0.0,0.0,0.0,0.0,0.0,0.0
70,Extrema,EXT_L3,Del_Valle_Laranja,13,0.0,0.0,0.0,0.0,0.0,0.0
70,Extrema,EXT_L3,Del_Valle_Laranja,14,0.0,0.0,0.0,0.0,0.0,0.0
70,Extrema,EXT_L3,Del_Valle_Laranja,15,0.0,0.0,0.0,0.0,0.0,0.0
70,Extrema,EXT_L3,Fanta_Uva,1,0.0,0.0,0.0,0.0,3819.45,0.0
70,Extrema,EXT_L3,Fanta_Uva,2,0.0,0.0,0.0,0.0,20059.59999999999,0.0
70,Extrema,EXT_L3,Fanta_Uva,3,0.0,0.0,0.0,0.0,0.0,0.0
70,Extrema,EXT_L3,Fanta_Uva,4,0.0,0.0,0.0,0.0,19915.92,19915.92
70,Extrema,EXT_L3,Fanta_Uva,5,0.0,0.0,0.0,0.0,0.0,5148.2
70,Extrema,EXT_L3,Fanta_Uva,6,0.0,0.0,0.0,0.0,0.0,0.0
70,Extrema,EXT_L3,Fanta_Uva,7,0.0,0.0,0.0,0.0,0.0,0.0
70,Extrema,EXT_L3,Fanta_Uva,8,0.0,0.0,0.0,0.0,5631.680000000001,0.0
70,Extrema,EXT_L3,Fanta_Uva,9,0.0,0.0,0.0,0.0,0.0,0.0
70,Extrema,EXT_L3,Fanta_Uva,10,0.0,0.0,0.0,0.0,11287.199999999979,0.0
70,Extrema,EXT_L3,Fanta_Uva,11,0.0,0.0,0.0,0.0,0.0,0.0
70,Extrema,EXT_L3,Fanta_Uva,12,0.0,0.0,0.0,0.0,7500.749999999998,0.0
70,Extrema,EXT_L3,Fanta_Uva,13,0.0,0.0,0.0,0.0,0.0,15719.08
70,Extrema,EXT_L3,Fanta_Uva,14,0.0,0.0,0.0,0.0,0.0,0.0
70,Extrema,EXT_L3,Fanta_Uva,15,0.0,0.0,0.0,0.0,850.25,0.0
70,Extrema,EXT_L3,Maguary_Maracuja,1,0.0,0.0,0.0,0.0,0.0,4846.6
70,Extrema,EXT_L3,Maguary_Maracuja,2,0.0,0.0,0.0,0.0,0.0,0.0
70,Extrema,EXT_L3,Maguary_Maracuja,3,0.0,0.0,0.0,0.0,0.0,0.0
70,Extrema,EXT_L3,Maguary_Maracuja,4,0.0,0.0,0.0,0.0,0.0,0.0
70,Extrema,EXT_L3,Maguary_Maracuja,5,0.0,0.0,0.0,0.0,0.0,0.0
70,Extrema,EXT_L3,Maguary_Maracuja,6,0.0,0.0,0.0,0.0,0.0,9235.02
70,Extrema,EXT_L3,Maguary_Maracuja,7,0.0,6916.54,0.0,0.0,0.0,6916.54
70,Extrema,EXT_L3,Maguary_Maracuja,8,0.0,0.0,6916.54,0.0,0.0,0.0
70,Extrema,EXT_L3,Maguary_Maracuja,9,0.0,0.0,0.0,0.0,0.0,0.0
70,Extrema,EXT_L3,Maguary_Maracuja,10,0.0,0.0,0.0,0.0,0.0,0.0
70,Extrema,EXT_L3,Maguary_Maracuja,11,0.0,0.0,0.0,0.0,0.0,0.0
70,Extrema,EXT_L3,Maguary_Maracuja,12,0.0,0.0,0.0,0.0,0.0,0.0
70,Extrema,EXT_L3,Maguary_Maracuja,13,0.0,0.0,0.0,0.0,0.0,0.0
70,Extrema,EXT_L3,Maguary_Maracuja,14,0.0,0.0,0.0,0.0,0.0,0.0
70,Extrema,EXT_L3,Maguary_Maracuja,15,0.0,0.0,0.0,0.0,0.0,0.0
70,Extrema,EXT_L3,Coca_Cola,1,0.0,0.0,0.0,0.0,0.0,0.0
70,Extrema,EXT_L3,Coca_Cola,2,0.0,0.0,0.0,0.0,0.0,0.0
70,Extrema,EXT_L3,Coca_Cola,3,0.0,0.0,0.0,0.0,0.0,0.0
70,Extrema,EXT_L3,Coca_Cola,4,0.0,0.0,0.0,0.0,0.0,36071.26
70,Extrema,EXT_L3,Coca_Cola,5,0.0,0.0,0.0,0.0,0.0,4865.3
70,Extrema,EXT_L3,Coca_Cola,6,0.0,0.0,0.0,0.0,0.0,0.0
70,Extrema,EXT_L3,Coca_Cola,7,0.0,0.0,0.0,0.0,0.0,0.0
70,Extrema,EXT_L3,Coca_Cola,8,0.0,0.0,0.0,0.0,0.0,0.0
70,Extrema,EXT_L3,Coca_Cola,9,0.0,0.0,0.0,0.0,0.0,0.0
70,Extrema,EXT_L3,Coca_Cola,10,0.0,0.0,0.0,0.0,0.0,0.0
70,Extrema,EXT_L3,Coca_Cola,11,0.0,0.0,0.0,0.0,0.0,0.0
70,Extrema,EXT_L3,Coca_Cola,12,0.0,0.0,0.0,0.0,0.0,0.0
70,Extrema,EXT_L3,Coca_Cola,13,0.0,0.0,0.0,0.0,0.0,0.0
70,Extrema,EXT_L3,Coca_Cola,14,0.0,0.0,0.0,0.0,0.0,0.0
70,Extrema,EXT_L3,Coca_Cola,15,0.0,0.0,0.0,0.0,12789.82,21534.190000000002
70,Extrema,EXT_L3,H2OH_Limao,1,0.0,0.0,0.0,0.0,0.0,5688.91
70,Extrema,EXT_L3,H2OH_Limao,2,0.0,0.0,0.0,0.0,0.0,0.0
70,Extrema,EXT_L3,H2OH_Limao,3,0.0,0.0,0.0,0.0,0.0,0.0
70,Extrema,EXT_L3,H2OH_Limao,4,0.0,0.0,0.0,0.0,0.0,0.0
70,Extrema,EXT_L3,H2OH_Limao,5,0.0,0.0,0.0,0.0,0.0,0.0
70,Extrema,EXT_L3,H2OH_Limao,6,0.0,0.0,0.0,0.0,0.0,0.0
70,Extrema,EXT_L3,H2OH_Limao,7,0.0,0.0,0.0,0.0,0.0,10877.65
70,Extrema,EXT_L3,H2OH_Limao,8,0.0,0.0,0.0,0.0,0.0,0.0
70,Extrema,EXT_L3,H2OH_Limao,9,0.0,0.0,0.0,0.0,0.0,0.0
70,Extrema,EXT_L3,H2OH_Limao,10,0.0,0.0,0.0,0.0,0.0,0.0
70,Extrema,EXT_L3,H2OH_Limao,11,0.0,0.0,0.0,0.0,0.0,0.0
70,Extrema,EXT_L3,H2OH_Limao,12,0.0,0.0,0.0,0.0,0.0,0.0
70,Extrema,EXT_L3,H2OH_Limao,13,0.0,0.0,0.0,0.0,0.0,0.0
70,Extrema,EXT_L3,H2OH_Limao,14,0.0,0.0,0.0,0.0,0.0,0.0
70,Extrema,EXT_L3,H2OH_Limao,15,0.0,0.0,0.0,0.0,0.0,7476.59
70,Extrema,EXT_L3,Schweppes_Citrus,1,0.0,0.0,0.0,0.0,48902.34,0.0
70,Extrema,EXT_L3,Schweppes_Citrus,2,0.0,0.0,0.0,0.0,9357.34,9357.34
70,Extrema,EXT_L3,Schweppes_Citrus,3,0.0,0.0,0.0,0.0,25987.82,0.0
70,Extrema,EXT_L3,Schweppes_Citrus,4,0.0,0.0,0.0,0.0,33379.55,0.0
70,Extrema,EXT_L3,Schweppes_Citrus,5,0.0,0.0,0.0,0.0,38328.0,0.0
70,Extrema,EXT_L3,Schweppes_Citrus,6,0.0,0.0,0.0,0.0,36888.0,0.0
70,Extrema,EXT_L3,Schweppes_Citrus,7,0.0,0.0,24607.46,0.0,52463.520000000004,24607.46
70,Extrema,EXT_L3,Schweppes_Citrus,8,0.0,0.0,0.0,0.0,15956.53,0.0
70,Extrema,EXT_L3,Schweppes_Citrus,9,0.0,0.0,0.0,0.0,33507.520000000004,0.0
70,Extrema,EXT_L3,Schweppes_Citrus,10,0.0,0.0,0.0,0.0,35810.18999999999,0.0
70,Extrema,EXT_L3,Schweppes_Citrus,11,0.0,0.0,0.0,0.0,37103.99999999999,1299.7999999999793
70,Extrema,EXT_L3,Schweppes_Citrus,12,0.0,0.0,0.0,0.0,12770.89,0.0
70,Extrema,EXT_L3,Schweppes_Citrus,13,0.0,0.0,5543.17,0.0,28789.65,5543.17
70,Extrema,EXT_L3,Schweppes_Citrus,14,0.0,0.0,0.0,0.0,19742.239999999998,0.0
70,Extrema,EXT_L3,Schweppes_Citrus,15,0.0,0.0,6555.14,0.0,6555.14,6555.14
70,Extrema,EXT_L3,Sprite,1,0.0,0.0,0.0,0.0,0.0,2390.849999999993
70,Extrema,EXT_L3,Sprite,2,0.0,0.0,0.0,0.0,23596.430000000008,0.0
70,Extrema,EXT_L3,Sprite,3,0.0,0.0,0.0,0.0,0.0,26292.36
70,Extrema,EXT_L3,Sprite,4,0.0,0.0,0.0,0.0,4276.449999999997,0.0
70,Extrema,EXT_L3,Sprite,5,0.0,0.0,0.0,0.0,0.0,0.0
70,Extrema,EXT_L3,Sprite,6,0.0,0.0,0.0,0.0,0.0,0.0
70,Extrema,EXT_L3,Sprite,7,0.0,0.0,0.0,0.0,6478.0899999999965,0.0
70,Extrema,EXT_L3,Sprite,8,0.0,0.0,0.0,0.0,2067.83,0.0
70,Extrema,EXT_L3,Sprite,9,0.0,0.0,0.0,0.0,4628.479999999991,0.0
70,Extrema,EXT_L3,Sprite,10,0.0,0.0,0.0,0.0,2589.8100000000086,0.0
70,Extrema,EXT_L3,Sprite,11,0.0,0.0,0.0,0.0,0.0,0.0
70,Extrema,EXT_L3,Sprite,12,0.0,0.0,0.0,0.0,26550.03,0.0
70,Extrema,EXT_L3,Sprite,13,0.0,0.0,0.0,0.0,0.0,0.0
70,Extrema,EXT_L3,Sprite,14,0.0,0.0,0.0,0.0,10039.58,0.0
70,Extrema,EXT_L3,Sprite,15,0.0,0.0,0.0,0.0,7649.59,0.0
70,Extrema,EXT_L3,Del_Valle_Uva,1,0.0,0.0,0.0,0.0,0.0,0.0
70,Extrema,EXT_L3,Del_Valle_Uva,2,0.0,0.0,0.0,0.0,8929.59,8929.59
70,Extrema,EXT_L3,Del_Valle_Uva,3,0.0,0.0,0.0,0.0,3441.16,3441.16
70,Extrema,EXT_L3,Del_Valle_Uva,4,0.0,0.0,0.0,0.0,0.0,0.0
70,Extrema,EXT_L3,Del_Valle_Uva,5,0.0,0.0,0.0,0.0,26284.0,26284.0
70,Extrema,EXT_L3,Del_Valle_Uva,6,0.0,0.0,0.0,0.0,0.0,5970.16
70,Extrema,EXT_L3,Del_Valle_Uva,7,0.0,0.0,0.0,0.0,0.0,0.0
70,Extrema,EXT_L3,Del_Valle_Uva,8,0.0,0.0,0.0,0.0,0.0,0.0
70,Extrema,EXT_L3,Del_Valle_Uva,9,0.0,0.0,0.0,0.0,0.0,14463.51
70,Extrema,EXT_L3,Del_Valle_Uva,10,0.0,0.0,0.0,0.0,0.0,5899.47
70,Extrema,EXT_L3,Del_Valle_Uva,11,0.0,0.0,0.0,0.0,0.0,0.0
70,Extrema,EXT_L3,Del_Valle_Uva,12,0.0,0.0,0.0,0.0,0.0,0.0
70,Extrema,EXT_L3,Del_Valle_Uva,13,0.0,0.0,0.0,0.0,0.0,28176.82
70,Extrema,EXT_L3,Del_Valle_Uva,14,0.0,0.0,0.0,0.0,0.0,0.0
70,Extrema,EXT_L3,Del_Valle_Uva,15,0.0,0.0,0.0,0.0,0.0,0.0
70,Extrema,EXT_L3,Pepsi,1,0.0,0.0,0.0,0.0,0.0,5022.88
70,Extrema,EXT_L3,Pepsi,2,0.0,0.0,0.0,0.0,0.0,0.0
70,Extrema,EXT_L3,Pepsi,3,0.0,0.0,0.0,0.0,0.0,0.0
70,Extrema,EXT_L3,Pepsi,4,0.0,0.0,3189.29,0.0,0.0,3189.29
70,Extrema,EXT_L3,Pepsi,5,0.0,0.0,0.0,0.0,0.0,0.0
70,Extrema,EXT_L3,Pepsi,6,0.0,0.0,0.0,0.0,0.0,0.0
70,Extrema,EXT_L3,Pepsi,7,0.0,0.0,0.0,0.0,0.0,0.0
70,Extrema,EXT_L3,Pepsi,8,0.0,0.0,0.0,0.0,0.0,0.0
70,Extrema,EXT_L3,Pepsi,9,0.0,0.0,0.0,0.0,0.0,0.0
70,Extrema,EXT_L3,Pepsi,10,0.0,0.0,0.0,0.0,0.0,0.0
70,Extrema,EXT_L3,Pepsi,11,0.0,0.0,0.0,0.0,0.0,2822.13
70,Extrema,EXT_L3,Pepsi,12,0.0,0.0,0.0,0.0,0.0,0.0
70,Extrema,EXT_L3,Pepsi,13,0.0,0.0,0.0,0.0,0.0,0.0
70,Extrema,EXT_L3,Pepsi,14,0.0,0.0,8972.57,0.0,0.0,8972.57
70,Extrema,EXT_L3,Pepsi,15,0.0,0.0,0.0,0.0,0.0,0.0
70,Tres Rios,TRE_L1,Fanta_Laranja,1,0.0,0.0,0.0,0.0,0.0,0.0
70,Tres Rios,TRE_L1,Fanta_Laranja,2,0.0,0.0,0.0,0.0,0.0,0.0
70,Tres Rios,TRE_L1,Fanta_Laranja,3,0.0,0.0,0.0,0.0,0.0,0.0
70,Tres Rios,TRE_L1,Fanta_Laranja,4,0.0,0.0,0.0,0.0,0.0,0.0
70,Tres Rios,TRE_L1,Fanta_Laranja,5,0.0,0.0,0.0,0.0,0.0,0.0
70,Tres Rios,TRE_L1,Fanta_Laranja,6,0.0,0.0,0.0,0.0,0.0,0.0
70,Tres Rios,TRE_L1,Fanta_Laranja,7,0.0,0.0,0.0,0.0,0.0,0.0
70,Tres Rios,TRE_L1,Fanta_Laranja,8,0.0,0.0,0.0,0.0,0.0,0.0
70,Tres Rios,TRE_L1,Fanta_Laranja,9,0.0,0.0,0.0,0.0,0.0,0.0
70,Tres Rios,TRE_L1,Fanta_Laranja,10,0.0,0.0,0.0,0.0,0.0,0.0
70,Tres Rios,TRE_L1,Fanta_Laranja,11,0.0,0.0,0.0,0.0,0.0,0.0
70,Tres Rios,TRE_L1,Fanta_Laranja,12,0.0,0.0,0.0,0.0,0.0,0.0
70,Tres Rios,TRE_L1,Fanta_Laranja,13,0.0,0.0,0.0,0.0,0.0,0.0
70,Tres Rios,TRE_L1,Fanta_Laranja,14,0.0,0.0,0.0,0.0,0.0,27691.18
70,Tres Rios,TRE_L1,Fanta_Laranja,15,0.0,0.0,0.0,0.0,0.0,0.0
70,Tres Rios,TRE_L1,Itubaina,1,0.0,0.0,0.0,0.0,0.0,0.0
70,Tres Rios,TRE_L1,Itubaina,2,0.0,0.0,0.0,0.0,0.0,8630.59
70,Tres Rios,TRE_L1,Itubaina,3,0.0,0.0,0.0,0.0,0.0,27742.65
70,Tres Rios,TRE_L1,Itubaina,4,0.0,0.0,0.0,0.0,0.0,0.0
70,Tres Rios,TRE_L1,Itubaina,5,0.0,0.0,0.0,0.0,0.0,28680.97
70,Tres Rios,TRE_L1,Itubaina,6,0.0,0.0,0.0,0.0,0.0,0.0
70,Tres Rios,TRE_L1,Itubaina,7,0.0,0.0,0.0,0.0,0.0,0.0
70,Tres Rios,TRE_L1,Itubaina,8,0.0,0.0,0.0,0.0,0.0,0.0
70,Tres Rios,TRE_L1,Itubaina,9,0.0,0.0,0.0,0.0,0.0,0.0
70,Tres Rios,TRE_L1,Itubaina,10,0.0,0.0,0.0,0.0,0.0,0.0
70,Tres Rios,TRE_L1,Itubaina,11,0.0,0.0,0.0,0.0,0.0,0.0
70,Tres Rios,TRE_L1,Itubaina,12,0.0,0.0,0.0,0.0,0.0,28082.62
70,Tres Rios,TRE_L1,Itubaina,13,0.0,0.0,0.0,0.0,0.0,0.0
70,Tres Rios,TRE_L1,Itubaina,14,0.0,0.0,0.0,0.0,0.0,0.0
70,Tres Rios,TRE_L1,Itubaina,15,0.0,0.0,0.0,0.0,0.0,0.0
70,Tres Rios,TRE_L1,Skol_Lata,1,0.0,0.0,0.0,0.0,0.0,0.0
70,Tres Rios,TRE_L1,Skol_Lata,2,0.0,0.0,0.0,0.0,0.0,18231.46
70,Tres Rios,TRE_L1,Skol_Lata,3,0.0,0.0,0.0,0.0,0.0,0.0
70,Tres Rios,TRE_L1,Skol_Lata,4,0.0,0.0,0.0,0.0,0.0,0.0
70,Tres Rios,TRE_L1,Skol_Lata,5,0.0,0.0,0.0,0.0,0.0,0.0
70,Tres Rios,TRE_L1,Skol_Lata,6,0.0,0.0,0.0,0.0,0.0,12063.64
70,Tres Rios,TRE_L1,Skol_Lata,7,0.0,0.0,0.0,0.0,0.0,0.0
70,Tres Rios,TRE_L1,Skol_Lata,8,0.0,0.0,0.0,0.0,0.0,0.0
70,Tres Rios,TRE_L1,Skol_Lata,9,0.0,0.0,0.0,0.0,0.0,0.0
70,Tres Rios,TRE_L1,Skol_Lata,10,0.0,0.0,0.0,0.0,0.0,0.0
70,Tres Rios,TRE_L1,Skol_Lata,11,0.0,0.0,0.0,0.0,0.0,0.0
70,Tres Rios,TRE_L1,Skol_Lata,12,0.0,0.0,0.0,0.0,0.0,0.0
70,Tres Rios,TRE_L1,Skol_Lata,13,0.0,0.0,0.0,0.0,0.0,0.0
70,Tres Rios,TRE_L1,Skol_Lata,14,0.0,0.0,0.0,0.0,0.0,0.0
70,Tres Rios,TRE_L1,Skol_Lata,15,0.0,0.0,0.0,0.0,0.0,0.0
70,Tres Rios,TRE_L1,Heineken_Lata,1,0.0,0.0,0.0,0.0,0.0,0.0
70,Tres Rios,TRE_L1,Heineken_Lata,2,0.0,0.0,0.0,0.0,0.0,0.0
70,Tres Rios,TRE_L1,Heineken_Lata,3,0.0,0.0,0.0,0.0,0.0,0.0
70,Tres Rios,TRE_L1,Heineken_Lata,4,0.0,0.0,0.0,0.0,0.0,0.0
70,Tres Rios,TRE_L1,Heineken_Lata,5,0.0,0.0,0.0,0.0,0.0,0.0
70,Tres Rios,TRE_L1,Heineken_Lata,6,0.0,0.0,0.0,0.0,0.0,0.0
70,Tres Rios,TRE_L1,Heineken_Lata,7,0.0,0.0,0.0,0.0,0.0,0.0
70,Tres Rios,TRE_L1,Heineken_Lata,8,0.0,0.0,0.0,0.0,0.0,0.0
70,Tres Rios,TRE_L1,Heineken_Lata,9,0.0,0.0,0.0,0.0,0.0,0.0
70,Tres Rios,TRE_L1,Heineken_Lata,10,0.0,0.0,0.0,0.0,0.0,0.0
70,Tres Rios,TRE_L1,Heineken_Lata,11,0.0,0.0,0.0,0.0,0.0,0.0
70,Tres Rios,TRE_L1,Heineken_Lata,12,0.0,0.0,0.0,0.0,0.0,0.0
70,Tres Rios,TRE_L1,Heineken_Lata,13,0.0,0.0,0.0,0.0,0.0,0.0
70,Tres Rios,TRE_L1,Heineken_Lata,14,0.0,0.0,0.0,0.0,0.0,0.0
70,Tres Rios,TRE_L1,Heineken_Lata,15,0.0,0.0,0.0,0.0,0.0,0.0
70,Tres Rios,TRE_L1,Coca_Cola_Zero,1,0.0,0.0,0.0,0.0,0.0,0.0
70,Tres Rios,TRE_L1,Coca_Cola_Zero,2,0.0,0.0,0.0,0.0,0.0,0.0
70,Tres Rios,TRE_L1,Coca_Cola_Zero,3,0.0,0.0,0.0,0.0,0.0,0.0
70,Tres Rios,TRE_L1,Coca_Cola_Zero,4,0.0,0.0,0.0,0.0,0.0,0.0
70,Tres Rios,TRE_L1,Coca_Cola_Zero,5,0.0,0.0,0.0,0.0,0.0,0.0
70,Tres Rios,TRE_L1,Coca_Cola_Zero,6,0.0,0.0,0.0,0.0,0.0,0.0
70,Tres Rios,TRE_L1,Coca_Cola_Zero,7,0.0,0.0,0.0,0.0,0.0,0.0
70,Tres Rios,TRE_L1,Coca_Cola_Zero,8,0.0,0.0,0.0,0.0,0.0,16198.0
70,Tres Rios,TRE_L1,Coca_Cola_Zero,9,0.0,0.0,0.0,0.0,0.0,0.0
70,Tres Rios,TRE_L1,Coca_Cola_Zero,10,0.0,0.0,0.0,0.0,0.0,0.0
70,Tres Rios,TRE_L1,Coca_Cola_Zero,11,0.0,0.0,22962.81,0.0,0.0,32781.520000000004
70,Tres Rios,TRE_L1,Coca_Cola_Zero,12,0.0,0.0,0.0,0.0,0.0,11611.61
70,Tres Rios,TRE_L1,Coca_Cola_Zero,13,0.0,0.0,0.0,0.0,0.0,0.0
70,Tres Rios,TRE_L1,Coca_Cola_Zero,14,0.0,0.0,0.0,0.0,0.0,0.0
70,Tres Rios,TRE_L1,Coca_Cola_Zero,15,0.0,0.0,0.0,0.0,0.0,1247.97
70,Tres Rios,TRE_L1,Antarctica_Lata,1,0.0,0.0,0.0,0.0,0.0,0.0
70,Tres Rios,TRE_L1,Antarctica_Lata,2,0.0,0.0,11292.86,0.0,0.0,11292.86
70,Tres Rios,TRE_L1,Antarctica_Lata,3,0.0,0.0,0.0,0.0,0.0,0.0
70,Tres Rios,TRE_L1,Antarctica_Lata,4,0.0,0.0,0.0,0.0,0.0,0.0
70,Tres Rios,TRE_L1,Antarctica_Lata,5,0.0,0.0,0.0,0.0,0.0,0.0
70,Tres Rios,TRE_L1,Antarctica_Lata,6,0.0,0.0,0.0,0.0,0.0,0.0
70,Tres Rios,TRE_L1,Antarctica_Lata,7,0.0,0.0,0.0,0.0,0.0,0.0
70,Tres Rios,TRE_L1,Antarctica_Lata,8,0.0,0.0,1951.77,0.0,0.0,1951.77
70,Tres Rios,TRE_L1,Antarctica_Lata,9,0.0,0.0,0.0,0.0,0.0,0.0
70,Tres Rios,TRE_L1,Antarctica_Lata,10,0.0,0.0,0.0,0.0,0.0,0.0
70,Tres Rios,TRE_L1,Antarctica_Lata,11,0.0,0.0,0.0,0.0,0.0,11561.13
70,Tres Rios,TRE_L1,Antarctica_Lata,12,0.0,0.0,0.0,0.0,0.0,0.0
70,Tres Rios,TRE_L1,Antarctica_Lata,13,0.0,0.0,0.0,0.0,0.0,0.0
70,Tres Rios,TRE_L1,Antarctica_Lata,14,0.0,0.0,0.0,0.0,0.0,0.0
70,Tres Rios,TRE_L1,Antarctica_Lata,15,0.0,0.0,0.0,0.0,0.0,0.0
70,Tres Rios,TRE_L1,Spaten_Lata,1,0.0,0.0,0.0,0.0,0.0,0.0
70,Tres Rios,TRE_L1,Spaten_Lata,2,0.0,0.0,0.0,0.0,0.0,0.0
70,Tres Rios,TRE_L1,Spaten_Lata,3,0.0,0.0,0.0,0.0,0.0,0.0
70,Tres Rios,TRE_L1,Spaten_Lata,4,0.0,0.0,0.0,0.0,0.0,0.0
70,Tres Rios,TRE_L1,Spaten_Lata,5,0.0,0.0,0.0,0.0,0.0,0.0
70,Tres Rios,TRE_L1,Spaten_Lata,6,0.0,0.0,0.0,0.0,0.0,0.0
70,Tres Rios,TRE_L1,Spaten_Lata,7,0.0,0.0,0.0,0.0,0.0,0.0
70,Tres Rios,TRE_L1,Spaten_Lata,8,0.0,0.0,12356.76,0.0,0.0,12356.76
70,Tres Rios,TRE_L1,Spaten_Lata,9,0.0,0.0,0.0,0.0,0.0,26685.16
70,Tres Rios,TRE_L1,Spaten_Lata,10,0.0,0.0,0.0,0.0,0.0,0.0
70,Tres Rios,TRE_L1,Spaten_Lata,11,0.0,0.0,0.0,0.0,0.0,0.0
70,Tres Rios,TRE_L1,Spaten_Lata,12,0.0,0.0,0.0,0.0,0.0,0.0
70,Tres Rios,TRE_L1,Spaten_Lata,13,12509.299999999994,0.0,12464.79,0.0,44.50999999999294,0.0
70,Tres Rios,TRE_L1,Spaten_Lata,14,11937.970000000001,0.0,0.0,0.0,11937.970000000003,8919.41
70,Tres Rios,TRE_L1,Spaten_Lata,15,0.0,0.0,0.0,0.0,0.0,0.0
70,Tres Rios,TRE_L1,Maguary_Caju,1,0.0,0.0,0.0,0.0,0.0,0.0
70,Tres Rios,TRE_L1,Maguary_Caju,2,0.0,0.0,0.0,0.0,0.0,6374.12
70,Tres Rios,TRE_L1,Maguary_Caju,3,0.0,0.0,0.0,0.0,0.0,0.0
70,Tres Rios,TRE_L1,Maguary_Caju,4,0.0,0.0,0.0,0.0,0.0,0.0
70,Tres Rios,TRE_L1,Maguary_Caju,5,0.0,0.0,2846.12,0.0,0.0,2846.12
70,Tres Rios,TRE_L1,Maguary_Caju,6,0.0,0.0,0.0,0.0,0.0,0.0
70,Tres Rios,TRE_L1,Maguary_Caju,7,0.0,0.0,0.0,0.0,0.0,0.0
70,Tres Rios,TRE_L1,Maguary_Caju,8,0.0,0.0,0.0,0.0,0.0,0.0
70,Tres Rios,TRE_L1,Maguary_Caju,9,0.0,0.0,0.0,0.0,0.0,0.0
70,Tres Rios,TRE_L1,Maguary_Caju,10,0.0,0.0,0.0,0.0,0.0,0.0
70,Tres Rios,TRE_L1,Maguary_Caju,11,0.0,0.0,0.0,0.0,0.0,0.0
70,Tres Rios,TRE_L1,Maguary_Caju,12,0.0,0.0,0.0,0.0,0.0,0.0
70,Tres Rios,TRE_L1,Maguary_Caju,13,0.0,0.0,0.0,0.0,0.0,0.0
70,Tres Rios,TRE_L1,Maguary_Caju,14,0.0,0.0,0.0,0.0,0.0,0.0
70,Tres Rios,TRE_L1,Maguary_Caju,15,0.0,0.0,0.0,0.0,0.0,0.0
70,Tres Rios,TRE_L1,Del_Valle_Pessego,1,22660.899999999994,0.0,0.0,0.0,22660.899999999994,0.0
70,Tres Rios,TRE_L1,Del_Valle_Pessego,2,0.0,0.0,0.0,0.0,0.0,0.0
70,Tres Rios,TRE_L1,Del_Valle_Pessego,3,0.0,0.0,28321.54,0.0,0.0,28321.54
70,Tres Rios,TRE_L1,Del_Valle_Pessego,4,0.0,0.0,0.0,0.0,0.0,0.0
70,Tres Rios,TRE_L1,Del_Valle_Pessego,5,0.0,0.0,0.0,0.0,0.0,0.0
70,Tres Rios,TRE_L1,Del_Valle_Pessego,6,0.0,0.0,0.0,0.0,0.0,0.0
70,Tres Rios,TRE_L1,Del_Valle_Pessego,7,0.0,0.0,0.0,0.0,0.0,0.0
70,Tres Rios,TRE_L1,Del_Valle_Pessego,8,0.0,0.0,0.0,0.0,0.0,0.0
70,Tres Rios,TRE_L1,Del_Valle_Pessego,9,0.0,0.0,0.0,0.0,0.0,0.0
70,Tres Rios,TRE_L1,Del_Valle_Pessego,10,0.0,0.0,0.0,0.0,0.0,0.0
70,Tres Rios,TRE_L1,Del_Valle_Pessego,11,0.0,0.0,0.0,0.0,0.0,0.0
70,Tres Rios,TRE_L1,Del_Valle_Pessego,12,0.0,0.0,0.0,0.0,0.0,0.0
70,Tres Rios,TRE_L1,Del_Valle_Pessego,13,0.0,0.0,0.0,0.0,0.0,0.0
70,Tres Rios,TRE_L1,Del_Valle_Pessego,14,0.0,0.0,0.0,0.0,0.0,0.0
70,Tres Rios,TRE_L1,Del_Valle_Pessego,15,0.0,0.0,0.0,0.0,0.0,0.0
70,Tres Rios,TRE_L1,Stella_Artois_Pure_Gold,1,0.0,0.0,0.0,0.0,14818.48,0.0
70,Tres Rios,TRE_L1,Stella_Artois_Pure_Gold,2,0.0,0.0,9454.84,0.0,35448.0,9454.84
70,Tres Rios,TRE_L1,Stella_Artois_Pure_Gold,3,0.0,0.0,0.0,0.0,21597.72,0.0
70,Tres Rios,TRE_L1,Stella_Artois_Pure_Gold,4,0.0,0.0,0.0,0.0,9335.59,0.0
70,Tres Rios,TRE_L1,Stella_Artois_Pure_Gold,5,0.0,0.0,0.0,0.0,26730.49,0.0
70,Tres Rios,TRE_L1,Stella_Artois_Pure_Gold,6,0.0,0.0,0.0,0.0,6987.01,0.0
70,Tres Rios,TRE_L1,Stella_Artois_Pure_Gold,7,0.0,0.0,0.0,0.0,18579.629999999997,0.0
70,Tres Rios,TRE_L1,Stella_Artois_Pure_Gold,8,0.0,0.0,0.0,0.0,39408.0,0.0
70,Tres Rios,TRE_L1,Stella_Artois_Pure_Gold,9,0.0,0.0,0.0,0.0,10935.25,0.0
70,Tres Rios,TRE_L1,Stella_Artois_Pure_Gold,10,0.0,0.0,0.0,0.0,31588.639999999992,0.0
70,Tres Rios,TRE_L1,Stella_Artois_Pure_Gold,11,0.0,0.0,0.0,0.0,36552.00000000001,0.0
70,Tres Rios,TRE_L1,Stella_Artois_Pure_Gold,12,0.0,0.0,0.0,0.0,16422.57,0.0
70,Tres Rios,TRE_L1,Stella_Artois_Pure_Gold,13,0.0,0.0,0.0,0.0,25336.19,0.0
70,Tres Rios,TRE_L1,Stella_Artois_Pure_Gold,14,0.0,0.0,0.0,0.0,39288.0,0.0
70,Tres Rios,TRE_L1,Stella_Artois_Pure_Gold,15,0.0,0.0,25953.54,0.0,31096.190000000002,31096.190000000002
70,Tres Rios,TRE_L1,Sprite_Zero,1,0.0,0.0,0.0,0.0,0.0,0.0
70,Tres Rios,TRE_L1,Sprite_Zero,2,0.0,0.0,0.0,0.0,0.0,0.0
70,Tres Rios,TRE_L1,Sprite_Zero,3,0.0,0.0,0.0,0.0,0.0,0.0
70,Tres Rios,TRE_L1,Sprite_Zero,4,0.0,0.0,0.0,0.0,0.0,0.0
70,Tres Rios,TRE_L1,Sprite_Zero,5,0.0,0.0,0.0,0.0,0.0,0.0
70,Tres Rios,TRE_L1,Sprite_Zero,6,0.0,0.0,7560.86,0.0,0.0,7560.86
70,Tres Rios,TRE_L1,Sprite_Zero,7,0.0,0.0,0.0,0.0,0.0,0.0
70,Tres Rios,TRE_L1,Sprite_Zero,8,0.0,0.0,0.0,0.0,0.0,0.0
70,Tres Rios,TRE_L1,Sprite_Zero,9,0.0,0.0,27942.54,0.0,0.0,27942.54
70,Tres Rios,TRE_L1,Sprite_Zero,10,0.0,0.0,0.0,0.0,0.0,0.0
70,Tres Rios,TRE_L1,Sprite_Zero,11,0.0,0.0,6046.35,0.0,0.0,6046.35
70,Tres Rios,TRE_L1,Sprite_Zero,12,0.0,0.0,0.0,0.0,0.0,0.0
70,Tres Rios,TRE_L1,Sprite_Zero,13,0.0,0.0,0.0,0.0,0.0,0.0
70,Tres Rios,TRE_L1,Sprite_Zero,14,0.0,0.0,0.0,0.0,0.0,0.0
70,Tres Rios,TRE_L1,Sprite_Zero,15,0.0,0.0,0.0,0.0,0.0,0.0
70,Tres Rios,TRE_L1,Kuat,1,0.0,0.0,0.0,0.0,0.0,0.0
70,Tres Rios,TRE_L1,Kuat,2,0.0,0.0,0.0,0.0,0.0,18681.95
70,Tres Rios,TRE_L1,Kuat,3,0.0,0.0,0.0,0.0,0.0,0.0
70,Tres Rios,TRE_L1,Kuat,4,0.0,0.0,0.0,0.0,0.0,0.0
70,Tres Rios,TRE_L1,Kuat,5,0.0,0.0,0.0,0.0,0.0,0.0
70,Tres Rios,TRE_L1,Kuat,6,0.0,0.0,0.0,0.0,0.0,0.0
70,Tres Rios,TRE_L1,Kuat,7,0.0,0.0,0.0,0.0,0.0,0.0
70,Tres Rios,TRE_L1,Kuat,8,0.0,0.0,0.0,0.0,0.0,0.0
70,Tres Rios,TRE_L1,Kuat,9,0.0,0.0,0.0,0.0,0.0,0.0
70,Tres Rios,TRE_L1,Kuat,10,0.0,0.0,10111.02,0.0,1258.0000000000089,10111.02
70,Tres Rios,TRE_L1,Kuat,11,0.0,0.0,0.0,0.0,0.0,0.0
70,Tres Rios,TRE_L1,Kuat,12,0.0,0.0,0.0,0.0,0.0,0.0
70,Tres Rios,TRE_L1,Kuat,13,0.0,0.0,0.0,0.0,0.0,0.0
70,Tres Rios,TRE_L1,Kuat,14,0.0,0.0,0.0,0.0,0.0,0.0
70,Tres Rios,TRE_L1,Kuat,15,0.0,0.0,0.0,0.0,0.0,0.0
70,Tres Rios,TRE_L1,Sukita_Laranja,1,0.0,0.0,0.0,0.0,0.0,0.0
70,Tres Rios,TRE_L1,Sukita_Laranja,2,0.0,0.0,0.0,0.0,0.0,0.0
70,Tres Rios,TRE_L1,Sukita_Laranja,3,0.0,0.0,0.0,0.0,0.0,0.0
70,Tres Rios,TRE_L1,Sukita_Laranja,4,0.0,0.0,0.0,0.0,0.0,0.0
70,Tres Rios,TRE_L1,Sukita_Laranja,5,0.0,0.0,0.0,0.0,0.0,0.0
70,Tres Rios,TRE_L1,Sukita_Laranja,6,0.0,0.0,0.0,0.0,0.0,0.0
70,Tres Rios,TRE_L1,Sukita_Laranja,7,0.0,0.0,0.0,0.0,0.0,0.0
70,Tres Rios,TRE_L1,Sukita_Laranja,8,0.0,0.0,13590.99,0.0,0.0,13590.99
70,Tres Rios,TRE_L1,Sukita_Laranja,9,0.0,0.0,0.0,0.0,0.0,0.0
70,Tres Rios,TRE_L1,Sukita_Laranja,10,0.0,0.0,0.0,0.0,0.0,22452.58
70,Tres Rios,TRE_L1,Sukita_Laranja,11,0.0,0.0,0.0,0.0,0.0,0.0
70,Tres Rios,TRE_L1,Sukita_Laranja,12,0.0,0.0,0.0,0.0,0.0,0.0
70,Tres Rios,TRE_L1,Sukita_Laranja,13,0.0,0.0,0.0,0.0,0.0,0.0
70,Tres Rios,TRE_L1,Sukita_Laranja,14,0.0,0.0,0.0,0.0,0.0,0.0
70,Tres Rios,TRE_L1,Sukita_Laranja,15,0.0,0.0,0.0,0.0,0.0,0.0
70,Tres Rios,TRE_L1,Budweiser_Lata,1,0.0,0.0,0.0,0.0,0.0,0.0
70,Tres Rios,TRE_L1,Budweiser_Lata,2,0.0,0.0,0.0,0.0,0.0,0.0
70,Tres Rios,TRE_L1,Budweiser_Lata,3,0.0,0.0,0.0,0.0,0.0,0.0
70,Tres Rios,TRE_L1,Budweiser_Lata,4,0.0,0.0,0.0,0.0,0.0,10984.8
70,Tres Rios,TRE_L1,Budweiser_Lata,5,0.0,0.0,0.0,0.0,0.0,0.0
70,Tres Rios,TRE_L1,Budweiser_Lata,6,0.0,0.0,0.0,0.0,0.0,0.0
70,Tres Rios,TRE_L1,Budweiser_Lata,7,0.0,0.0,0.0,0.0,0.0,0.0
70,Tres Rios,TRE_L1,Budweiser_Lata,8,0.0,0.0,0.0,0.0,0.0,0.0
70,Tres Rios,TRE_L1,Budweiser_Lata,9,0.0,0.0,0.0,0.0,0.0,0.0
70,Tres Rios,TRE_L1,Budweiser_Lata,10,0.0,0.0,0.0,0.0,0.0,0.0
70,Tres Rios,TRE_L1,Budweiser_Lata,11,0.0,0.0,0.0,0.0,0.0,0.0
70,Tres Rios,TRE_L1,Budweiser_Lata,12,0.0,0.0,0.0,0.0,0.0,0.0
70,Tres Rios,TRE_L1,Budweiser_Lata,13,0.0,0.0,0.0,0.0,0.0,26247.3
70,Tres Rios,TRE_L1,Budweiser_Lata,14,0.0,0.0,0.0,0.0,0.0,0.0
70,Tres Rios,TRE_L1,Budweiser_Lata,15,0.0,0.0,0.0,0.0,0.0,0.0
70,Tres Rios,TRE_L1,Guarana_Antarctica_Zero,1,0.0,0.0,0.0,0.0,0.0,0.0
70,Tres Rios,TRE_L1,Guarana_Antarctica_Zero,2,0.0,0.0,0.0,0.0,0.0,0.0
70,Tres Rios,TRE_L1,Guarana_Antarctica_Zero,3,0.0,0.0,0.0,0.0,0.0,0.0
70,Tres Rios,TRE_L1,Guarana_Antarctica_Zero,4,0.0,0.0,0.0,0.0,0.0,0.0
70,Tres Rios,TRE_L1,Guarana_Antarctica_Zero,5,0.0,0.0,0.0,0.0,0.0,0.0
70,Tres Rios,TRE_L1,Guarana_Antarctica_Zero,6,0.0,0.0,0.0,0.0,0.0,0.0
70,Tres Rios,TRE_L1,Guarana_Antarctica_Zero,7,0.0,0.0,0.0,0.0,0.0,0.0
70,Tres Rios,TRE_L1,Guarana_Antarctica_Zero,8,0.0,0.0,0.0,0.0,0.0,0.0
70,Tres Rios,TRE_L1,Guarana_Antarctica_Zero,9,0.0,0.0,0.0,0.0,0.0,0.0
70,Tres Rios,TRE_L1,Guarana_Antarctica_Zero,10,0.0,0.0,0.0,0.0,0.0,22534.24
70,Tres Rios,TRE_L1,Guarana_Antarctica_Zero,11,0.0,0.0,0.0,0.0,0.0,0.0
70,Tres Rios,TRE_L1,Guarana_Antarctica_Zero,12,0.0,0.0,28666.12,0.0,0.0,28666.12
70,Tres Rios,TRE_L1,Guarana_Antarctica_Zero,13,0.0,0.0,0.0,0.0,0.0,0.0
70,Tres Rios,TRE_L1,Guarana_Antarctica_Zero,14,0.0,0.0,0.0,0.0,0.0,0.0
70,Tres Rios,TRE_L1,Guarana_Antarctica_Zero,15,0.0,0.0,0.0,0.0,0.0,4813.51
70,Tres Rios,TRE_L1,Itaipava_Lata,1,0.0,0.0,26560.84,0.0,0.0,29220.62
70,Tres Rios,TRE_L1,Itaipava_Lata,2,0.0,0.0,0.0,0.0,0.0,0.0
70,Tres Rios,TRE_L1,Itaipava_Lata,3,0.0,0.0,0.0,0.0,0.0,32351.07
70,Tres Rios,TRE_L1,Itaipava_Lata,4,0.0,0.0,0.0,0.0,4465.18,0.0
70,Tres Rios,TRE_L1,Itaipava_Lata,5,0.0,0.0,0.0,0.0,13891.93,0.0
70,Tres Rios,TRE_L1,Itaipava_Lata,6,0.0,0.0,0.0,0.0,0.0,7681.98
70,Tres Rios,TRE_L1,Itaipava_Lata,7,0.0,0.0,0.0,0.0,21675.94,0.0
70,Tres Rios,TRE_L1,Itaipava_Lata,8,0.0,0.0,0.0,0.0,0.0,5379.129999999997
70,Tres Rios,TRE_L1,Itaipava_Lata,9,0.0,0.0,0.0,0.0,0.0,16834.940000000002
70,Tres Rios,TRE_L1,Itaipava_Lata,10,0.0,0.0,0.0,0.0,22214.07,0.0
70,Tres Rios,TRE_L1,Itaipava_Lata,11,0.0,0.0,0.0,0.0,0.0,8147.89
70,Tres Rios,TRE_L1,Itaipava_Lata,12,0.0,0.0,0.0,0.0,0.0,5363.949999999997
70,Tres Rios,TRE_L1,Itaipava_Lata,13,0.0,0.0,0.0,0.0,0.0,10109.650000000001
70,Tres Rios,TRE_L1,Itaipava_Lata,14,0.0,0.0,0.0,0.0,15473.599999999999,0.0
70,Tres Rios,TRE_L1,Itaipava_Lata,15,0.0,0.0,0.0,0.0,0.0,0.0
70,Tres Rios,TRE_L1,Brahma_Lata,1,0.0,0.0,0.0,0.0,0.0,23854.74
70,Tres Rios,TRE_L1,Brahma_Lata,2,0.0,0.0,4722.7,0.0,0.0,4722.7
70,Tres Rios,TRE_L1,Brahma_Lata,3,0.0,0.0,0.0,0.0,0.0,0.0
70,Tres Rios,TRE_L1,Brahma_Lata,4,0.0,0.0,0.0,0.0,0.0,0.0
70,Tres Rios,TRE_L1,Brahma_Lata,5,0.0,0.0,0.0,0.0,0.0,0.0
70,Tres Rios,TRE_L1,Brahma_Lata,6,0.0,0.0,0.0,0.0,0.0,0.0
70,Tres Rios,TRE_L1,Brahma_Lata,7,0.0,0.0,0.0,0.0,0.0,0.0
70,Tres Rios,TRE_L1,Brahma_Lata,8,0.0,0.0,0.0,0.0,0.0,0.0
70,Tres Rios,TRE_L1,Brahma_Lata,9,0.0,0.0,0.0,0.0,0.0,0.0
70,Tres Rios,TRE_L1,Brahma_Lata,10,0.0,0.0,0.0,0.0,0.0,0.0
70,Tres Rios,TRE_L1,Brahma_Lata,11,0.0,0.0,0.0,0.0,0.0,0.0
70,Tres Rios,TRE_L1,Brahma_Lata,12,0.0,0.0,0.0,0.0,0.0,0.0
70,Tres Rios,TRE_L1,Brahma_Lata,13,0.0,0.0,14496.54,0.0,0.0,14496.54
70,Tres Rios,TRE_L1,Brahma_Lata,14,0.0,0.0,26295.55,0.0,0.0,26295.55
70,Tres Rios,TRE_L1,Brahma_Lata,15,0.0,0.0,0.0,0.0,0.0,16149.16
70,Tres Rios,TRE_L1,Eisenbahn_Pilsen,1,0.0,0.0,0.0,0.0,15626.179999999997,0.0
70,Tres Rios,TRE_L1,Eisenbahn_Pilsen,2,0.0,0.0,0.0,0.0,0.0,0.0
70,Tres Rios,TRE_L1,Eisenbahn_Pilsen,3,0.0,0.0,0.0,0.0,0.0,19809.11
70,Tres Rios,TRE_L1,Eisenbahn_Pilsen,4,0.0,0.0,0.0,0.0,0.0,0.0
70,Tres Rios,TRE_L1,Eisenbahn_Pilsen,5,0.0,0.0,13640.51,0.0,12265.500000000002,40845.51
70,Tres Rios,TRE_L1,Eisenbahn_Pilsen,6,0.0,0.0,0.0,0.0,0.0,13118.81
70,Tres Rios,TRE_L1,Eisenbahn_Pilsen,7,0.0,0.0,0.0,0.0,0.0,0.0
70,Tres Rios,TRE_L1,Eisenbahn_Pilsen,8,0.0,0.0,0.0,0.0,0.0,0.0
70,Tres Rios,TRE_L1,Eisenbahn_Pilsen,9,0.0,0.0,0.0,0.0,0.0,0.0
70,Tres Rios,TRE_L1,Eisenbahn_Pilsen,10,0.0,0.0,0.0,0.0,0.0,0.0
70,Tres Rios,TRE_L1,Eisenbahn_Pilsen,11,0.0,0.0,0.0,0.0,0.0,0.0
70,Tres Rios,TRE_L1,Eisenbahn_Pilsen,12,0.0,0.0,0.0,0.0,0.0,0.0
70,Tres Rios,TRE_L1,Eisenbahn_Pilsen,13,0.0,0.0,0.0,0.0,0.0,0.0
70,Tres Rios,TRE_L1,Eisenbahn_Pilsen,14,0.0,0.0,0.0,0.0,0.0,18160.86
70,Tres Rios,TRE_L1,Eisenbahn_Pilsen,15,0.0,0.0,0.0,0.0,0.0,0.0
70,Tres Rios,TRE_L1,Pepsi_Black,1,0.0,0.0,0.0,0.0,0.0,14621.86
70,Tres Rios,TRE_L1,Pepsi_Black,2,0.0,0.0,0.0,0.0,14441.25,0.0
70,Tres Rios,TRE_L1,Pepsi_Black,3,0.0,0.0,0.0,0.0,0.0,0.0
70,Tres Rios,TRE_L1,Pepsi_Black,4,0.0,0.0,0.0,0.0,0.0,15993.360000000002
70,Tres Rios,TRE_L1,Pepsi_Black,5,0.0,0.0,0.0,0.0,13659.080000000002,0.0
70,Tres Rios,TRE_L1,Pepsi_Black,6,0.0,0.0,0.0,0.0,0.0,13840.669999999998
70,Tres Rios,TRE_L1,Pepsi_Black,7,0.0,0.0,0.0,0.0,0.0,29964.27
70,Tres Rios,TRE_L1,Pepsi_Black,8,0.0,0.0,0.0,0.0,0.0,1401.180000000004
70,Tres Rios,TRE_L1,Pepsi_Black,9,0.0,0.0,0.0,0.0,0.0,19859.529999999995
70,Tres Rios,TRE_L1,Pepsi_Black,10,0.0,0.0,0.0,0.0,21260.71,0.0
70,Tres Rios,TRE_L1,Pepsi_Black,11,0.0,0.0,0.0,0.0,0.0,0.0
70,Tres Rios,TRE_L1,Pepsi_Black,12,0.0,0.0,0.0,0.0,0.0,1759.659999999998
70,Tres Rios,TRE_L1,Pepsi_Black,13,0.0,0.0,0.0,0.0,1759.659999999998,0.0
70,Tres Rios,TRE_L1,Pepsi_Black,14,0.0,0.0,0.0,0.0,0.0,4709.500000000004
70,Tres Rios,TRE_L1,Pepsi_Black,15,0.0,0.0,0.0,0.0,4709.500000000004,0.0
70,Tres Rios,TRE_L1,Guarana_Antarctica,1,0.0,0.0,0.0,0.0,0.0,0.0
70,Tres Rios,TRE_L1,Guarana_Antarctica,2,0.0,0.0,0.0,0.0,0.0,0.0
70,Tres Rios,TRE_L1,Guarana_Antarctica,3,0.0,0.0,0.0,0.0,0.0,0.0
70,Tres Rios,TRE_L1,Guarana_Antarctica,4,0.0,0.0,0.0,0.0,0.0,12438.74
70,Tres Rios,TRE_L1,Guarana_Antarctica,5,0.0,0.0,0.0,0.0,0.0,0.0
70,Tres Rios,TRE_L1,Guarana_Antarctica,6,0.0,0.0,0.0,0.0,0.0,0.0
70,Tres Rios,TRE_L1,Guarana_Antarctica,7,0.0,0.0,0.0,0.0,0.0,0.0
70,Tres Rios,TRE_L1,Guarana_Antarctica,8,0.0,0.0,0.0,0.0,0.0,27467.67
70,Tres Rios,TRE_L1,Guarana_Antarctica,9,0.0,0.0,0.0,0.0,0.0,0.0
70,Tres Rios,TRE_L1,Guarana_Antarctica,10,0.0,0.0,0.0,0.0,0.0,0.0
70,Tres Rios,TRE_L1,Guarana_Antarctica,11,0.0,0.0,0.0,0.0,0.0,0.0
70,Tres Rios,TRE_L1,Guarana_Antarctica,12,0.0,0.0,0.0,0.0,0.0,0.0
70,Tres Rios,TRE_L1,Guarana_Antarctica,13,0.0,0.0,0.0,0.0,0.0,0.0
70,Tres Rios,TRE_L1,Guarana_Antarctica,14,0.0,0.0,0.0,0.0,0.0,0.0
70,Tres Rios,TRE_L1,Guarana_Antarctica,15,0.0,0.0,0.0,0.0,0.0,0.0
70,Tres Rios,TRE_L1,Amstel_Lata,1,0.0,0.0,0.0,0.0,0.0,0.0
70,Tres Rios,TRE_L1,Amstel_Lata,2,0.0,0.0,0.0,0.0,0.0,0.0
70,Tres Rios,TRE_L1,Amstel_Lata,3,0.0,0.0,0.0,0.0,0.0,0.0
70,Tres Rios,TRE_L1,Amstel_Lata,4,0.0,0.0,0.0,0.0,0.0,0.0
70,Tres Rios,TRE_L1,Amstel_Lata,5,0.0,0.0,0.0,0.0,0.0,0.0
70,Tres Rios,TRE_L1,Amstel_Lata,6,0.0,0.0,20455.49,0.0,0.0,20455.49
70,Tres Rios,TRE_L1,Amstel_Lata,7,0.0,0.0,0.0,0.0,0.0,0.0
70,Tres Rios,TRE_L1,Amstel_Lata,8,0.0,0.0,0.0,0.0,0.0,8451.57
70,Tres Rios,TRE_L1,Amstel_Lata,9,0.0,0.0,0.0,0.0,0.0,4436.050000000003
70,Tres Rios,TRE_L1,Amstel_Lata,10,0.0,0.0,0.0,0.0,4436.050000000003,0.0
70,Tres Rios,TRE_L1,Amstel_Lata,11,0.0,0.0,0.0,0.0,0.0,0.0
70,Tres Rios,TRE_L1,Amstel_Lata,12,0.0,0.0,0.0,0.0,0.0,25602.919999999987
70,Tres Rios,TRE_L1,Amstel_Lata,13,0.0,0.0,0.0,0.0,20420.529999999988,0.0
70,Tres Rios,TRE_L1,Amstel_Lata,14,0.0,0.0,0.0,0.0,0.0,0.0
70,Tres Rios,TRE_L1,Amstel_Lata,15,0.0,0.0,0.0,0.0,0.0,0.0
70,Tres Rios,TRE_L1,Del_Valle_Laranja,1,0.0,0.0,0.0,0.0,0.0,0.0
70,Tres Rios,TRE_L1,Del_Valle_Laranja,2,0.0,0.0,0.0,0.0,0.0,0.0
70,Tres Rios,TRE_L1,Del_Valle_Laranja,3,0.0,0.0,0.0,0.0,0.0,0.0
70,Tres Rios,TRE_L1,Del_Valle_Laranja,4,0.0,0.0,0.0,0.0,0.0,0.0
70,Tres Rios,TRE_L1,Del_Valle_Laranja,5,0.0,0.0,12981.23,0.0,0.0,12981.23
70,Tres Rios,TRE_L1,Del_Valle_Laranja,6,0.0,0.0,0.0,0.0,0.0,0.0
70,Tres Rios,TRE_L1,Del_Valle_Laranja,7,0.0,0.0,0.0,0.0,0.0,0.0
70,Tres Rios,TRE_L1,Del_Valle_Laranja,8,0.0,0.0,0.0,0.0,0.0,0.0
70,Tres Rios,TRE_L1,Del_Valle_Laranja,9,0.0,0.0,0.0,0.0,0.0,0.0
70,Tres Rios,TRE_L1,Del_Valle_Laranja,10,0.0,0.0,0.0,0.0,0.0,0.0
70,Tres Rios,TRE_L1,Del_Valle_Laranja,11,0.0,0.0,0.0,0.0,0.0,0.0
70,Tres Rios,TRE_L1,Del_Valle_Laranja,12,0.0,0.0,0.0,0.0,0.0,0.0
70,Tres Rios,TRE_L1,Del_Valle_Laranja,13,0.0,0.0,0.0,0.0,0.0,0.0
70,Tres Rios,TRE_L1,Del_Valle_Laranja,14,0.0,0.0,0.0,0.0,0.0,0.0
70,Tres Rios,TRE_L1,Del_Valle_Laranja,15,0.0,0.0,0.0,0.0,0.0,7768.88
70,Tres Rios,TRE_L1,Fanta_Uva,1,0.0,0.0,0.0,0.0,0.0,0.0
70,Tres Rios,TRE_L1,Fanta_Uva,2,0.0,0.0,0.0,0.0,0.0,0.0
70,Tres Rios,TRE_L1,Fanta_Uva,3,0.0,0.0,0.0,0.0,0.0,0.0
70,Tres Rios,TRE_L1,Fanta_Uva,4,0.0,0.0,0.0,0.0,0.0,0.0
70,Tres Rios,TRE_L1,Fanta_Uva,5,0.0,0.0,0.0,0.0,0.0,0.0
70,Tres Rios,TRE_L1,Fanta_Uva,6,0.0,0.0,0.0,0.0,0.0,0.0
70,Tres Rios,TRE_L1,Fanta_Uva,7,0.0,0.0,0.0,0.0,0.0,0.0
70,Tres Rios,TRE_L1,Fanta_Uva,8,0.0,0.0,0.0,0.0,0.0,0.0
70,Tres Rios,TRE_L1,Fanta_Uva,9,0.0,0.0,0.0,0.0,0.0,0.0
70,Tres Rios,TRE_L1,Fanta_Uva,10,0.0,0.0,0.0,0.0,0.0,0.0
70,Tres Rios,TRE_L1,Fanta_Uva,11,0.0,0.0,0.0,0.0,0.0,0.0
70,Tres Rios,TRE_L1,Fanta_Uva,12,0.0,0.0,0.0,0.0,0.0,0.0
70,Tres Rios,TRE_L1,Fanta_Uva,13,0.0,0.0,0.0,0.0,0.0,26881.27
70,Tres Rios,TRE_L1,Fanta_Uva,14,0.0,0.0,0.0,0.0,0.0,0.0
70,Tres Rios,TRE_L1,Fanta_Uva,15,0.0,0.0,0.0,0.0,0.0,0.0
70,Tres Rios,TRE_L1,Maguary_Maracuja,1,14823.0,0.0,0.0,0.0,14823.0,0.0
70,Tres Rios,TRE_L1,Maguary_Maracuja,2,33969.45,0.0,0.0,0.0,33969.45,0.0
70,Tres Rios,TRE_L1,Maguary_Maracuja,3,32185.620000000003,0.0,0.0,0.0,32185.620000000003,0.0
70,Tres Rios,TRE_L1,Maguary_Maracuja,4,16059.609999999999,0.0,0.0,0.0,16059.609999999999,0.0
70,Tres Rios,TRE_L1,Maguary_Maracuja,5,28589.22,0.0,0.0,0.0,28589.22,0.0
70,Tres Rios,TRE_L1,Maguary_Maracuja,6,21246.35,0.0,0.0,0.0,21246.35,12011.33
70,Tres Rios,TRE_L1,Maguary_Maracuja,7,40680.0,0.0,0.0,0.0,40680.0,7399.34
70,Tres Rios,TRE_L1,Maguary_Maracuja,8,40296.0,0.0,0.0,0.0,40295.99999999999,2802.12
70,Tres Rios,TRE_L1,Maguary_Maracuja,9,39336.0,0.0,0.0,0.0,39336.0,0.0
70,Tres Rios,TRE_L1,Maguary_Maracuja,10,15605.51,0.0,0.0,0.0,15605.51,0.0
70,Tres Rios,TRE_L1,Maguary_Maracuja,11,0.0,0.0,0.0,0.0,0.0,0.0
70,Tres Rios,TRE_L1,Maguary_Maracuja,12,38784.0,0.0,0.0,0.0,38784.0,0.0
70,Tres Rios,TRE_L1,Maguary_Maracuja,13,29394.700000000004,0.0,0.0,0.0,29394.700000000004,0.0
70,Tres Rios,TRE_L1,Maguary_Maracuja,14,29510.03,0.0,2462.75,0.0,27047.28,0.0
70,Tres Rios,TRE_L1,Maguary_Maracuja,15,34752.86,0.0,0.0,0.0,34752.86,0.0
70,Tres Rios,TRE_L1,Coca_Cola,1,0.0,0.0,0.0,0.0,0.0,0.0
70,Tres Rios,TRE_L1,Coca_Cola,2,0.0,0.0,0.0,0.0,0.0,0.0
70,Tres Rios,TRE_L1,Coca_Cola,3,0.0,0.0,0.0,0.0,0.0,0.0
70,Tres Rios,TRE_L1,Coca_Cola,4,0.0,0.0,0.0,0.0,0.0,0.0
70,Tres Rios,TRE_L1,Coca_Cola,5,0.0,0.0,0.0,0.0,0.0,0.0
70,Tres Rios,TRE_L1,Coca_Cola,6,0.0,0.0,0.0,0.0,8581.309999999987,0.0
70,Tres Rios,TRE_L1,Coca_Cola,7,0.0,0.0,0.0,0.0,0.0,0.0
70,Tres Rios,TRE_L1,Coca_Cola,8,0.0,0.0,0.0,0.0,0.0,0.0
70,Tres Rios,TRE_L1,Coca_Cola,9,0.0,0.0,0.0,0.0,27968.75,0.0
70,Tres Rios,TRE_L1,Coca_Cola,10,0.0,0.0,626.67,0.0,0.0,626.67
70,Tres Rios,TRE_L1,Coca_Cola,11,0.0,0.0,0.0,0.0,0.0,0.0
70,Tres Rios,TRE_L1,Coca_Cola,12,0.0,0.0,0.0,0.0,12287.06,0.0
70,Tres Rios,TRE_L1,Coca_Cola,13,0.0,0.0,0.0,0.0,0.0,0.0
70,Tres Rios,TRE_L1,Coca_Cola,14,0.0,0.0,0.0,0.0,0.0,0.0
70,Tres Rios,TRE_L1,Coca_Cola,15,0.0,0.0,0.0,0.0,0.0,11094.320000000003
70,Tres Rios,TRE_L1,H2OH_Limao,1,1229.8600000000079,0.0,0.0,0.0,1229.8600000000079,27490.739999999998
70,Tres Rios,TRE_L1,H2OH_Limao,2,0.0,0.0,0.0,0.0,0.0,0.0
70,Tres Rios,TRE_L1,H2OH_Limao,3,0.0,0.0,0.0,0.0,0.0,0.0
70,Tres Rios,TRE_L1,H2OH_Limao,4,0.0,0.0,0.0,0.0,0.0,0.0
70,Tres Rios,TRE_L1,H2OH_Limao,5,0.0,0.0,0.0,0.0,0.0,0.0
70,Tres Rios,TRE_L1,H2OH_Limao,6,0.0,0.0,0.0,0.0,0.0,0.0
70,Tres Rios,TRE_L1,H2OH_Limao,7,0.0,0.0,0.0,0.0,0.0,0.0
70,Tres Rios,TRE_L1,H2OH_Limao,8,0.0,0.0,0.0,0.0,0.0,0.0
70,Tres Rios,TRE_L1,H2OH_Limao,9,0.0,0.0,0.0,0.0,0.0,0.0
70,Tres Rios,TRE_L1,H2OH_Limao,10,0.0,0.0,18087.91,0.0,0.0,18087.91
70,Tres Rios,TRE_L1,H2OH_Limao,11,0.0,0.0,0.0,0.0,0.0,0.0
70,Tres Rios,TRE_L1,H2OH_Limao,12,0.0,0.0,0.0,0.0,0.0,0.0
70,Tres Rios,TRE_L1,H2OH_Limao,13,0.0,0.0,0.0,0.0,0.0,0.0
70,Tres Rios,TRE_L1,H2OH_Limao,14,0.0,0.0,0.0,0.0,0.0,0.0
70,Tres Rios,TRE_L1,H2OH_Limao,15,0.0,0.0,0.0,0.0,0.0,0.0
70,Tres Rios,TRE_L1,Schweppes_Citrus,1,0.0,0.0,0.0,0.0,0.0,0.0
70,Tres Rios,TRE_L1,Schweppes_Citrus,2,0.0,0.0,0.0,0.0,0.0,0.0
70,Tres Rios,TRE_L1,Schweppes_Citrus,3,0.0,0.0,0.0,0.0,0.0,0.0
70,Tres Rios,TRE_L1,Schweppes_Citrus,4,0.0,0.0,0.0,0.0,0.0,0.0
70,Tres Rios,TRE_L1,Schweppes_Citrus,5,0.0,0.0,0.0,0.0,0.0,0.0
70,Tres Rios,TRE_L1,Schweppes_Citrus,6,0.0,0.0,0.0,0.0,3894.0600000000013,0.0
70,Tres Rios,TRE_L1,Schweppes_Citrus,7,0.0,0.0,27856.06,0.0,0.0,27856.06
70,Tres Rios,TRE_L1,Schweppes_Citrus,8,0.0,0.0,0.0,0.0,0.0,0.0
70,Tres Rios,TRE_L1,Schweppes_Citrus,9,0.0,0.0,0.0,0.0,0.0,0.0
70,Tres Rios,TRE_L1,Schweppes_Citrus,10,0.0,0.0,0.0,0.0,0.0,0.0
70,Tres Rios,TRE_L1,Schweppes_Citrus,11,0.0,0.0,0.0,0.0,0.0,23131.47
70,Tres Rios,TRE_L1,Schweppes_Citrus,12,0.0,0.0,0.0,0.0,0.0,0.0
70,Tres Rios,TRE_L1,Schweppes_Citrus,13,0.0,0.0,0.0,0.0,0.0,0.0
70,Tres Rios,TRE_L1,Schweppes_Citrus,14,0.0,0.0,0.0,0.0,0.0,0.0
70,Tres Rios,TRE_L1,Schweppes_Citrus,15,0.0,0.0,0.0,0.0,0.0,0.0
70,Tres Rios,TRE_L1,Sprite,1,0.0,0.0,0.0,0.0,0.0,0.0
70,Tres Rios,TRE_L1,Sprite,2,0.0,0.0,0.0,0.0,0.0,0.0
70,Tres Rios,TRE_L1,Sprite,3,0.0,0.0,0.0,0.0,0.0,0.0
70,Tres Rios,TRE_L1,Sprite,4,0.0,0.0,0.0,0.0,0.0,0.0
70,Tres Rios,TRE_L1,Sprite,5,0.0,0.0,0.0,0.0,0.0,0.0
70,Tres Rios,TRE_L1,Sprite,6,0.0,0.0,0.0,0.0,0.0,0.0
70,Tres Rios,TRE_L1,Sprite,7,0.0,0.0,0.0,0.0,0.0,0.0
70,Tres Rios,TRE_L1,Sprite,8,0.0,0.0,0.0,0.0,0.0,0.0
70,Tres Rios,TRE_L1,Sprite,9,0.0,0.0,0.0,0.0,0.0,0.0
70,Tres Rios,TRE_L1,Sprite,10,0.0,0.0,0.0,0.0,0.0,0.0
70,Tres Rios,TRE_L1,Sprite,11,0.0,0.0,0.0,0.0,0.0,0.0
70,Tres Rios,TRE_L1,Sprite,12,0.0,0.0,0.0,0.0,0.0,0.0
70,Tres Rios,TRE_L1,Sprite,13,0.0,0.0,0.0,0.0,0.0,0.0
70,Tres Rios,TRE_L1,Sprite,14,0.0,0.0,0.0,0.0,0.0,0.0
70,Tres Rios,TRE_L1,Sprite,15,0.0,0.0,0.0,0.0,0.0,0.0
70,Tres Rios,TRE_L1,Del_Valle_Uva,1,0.0,0.0,0.0,0.0,0.0,0.0
70,Tres Rios,TRE_L1,Del_Valle_Uva,2,0.0,0.0,0.0,0.0,0.0,0.0
70,Tres Rios,TRE_L1,Del_Valle_Uva,3,0.0,0.0,0.0,0.0,0.0,8698.79
70,Tres Rios,TRE_L1,Del_Valle_Uva,4,0.0,0.0,0.0,0.0,0.0,0.0
70,Tres Rios,TRE_L1,Del_Valle_Uva,5,0.0,0.0,0.0,0.0,0.0,0.0
70,Tres Rios,TRE_L1,Del_Valle_Uva,6,0.0,0.0,0.0,0.0,0.0,13234.2
70,Tres Rios,TRE_L1,Del_Valle_Uva,7,0.0,0.0,0.0,0.0,0.0,0.0
70,Tres Rios,TRE_L1,Del_Valle_Uva,8,0.0,0.0,0.0,0.0,0.0,0.0
70,Tres Rios,TRE_L1,Del_Valle_Uva,9,0.0,0.0,0.0,0.0,0.0,0.0
70,Tres Rios,TRE_L1,Del_Valle_Uva,10,0.0,0.0,0.0,0.0,0.0,0.0
70,Tres Rios,TRE_L1,Del_Valle_Uva,11,0.0,0.0,0.0,0.0,0.0,0.0
70,Tres Rios,TRE_L1,Del_Valle_Uva,12,0.0,0.0,0.0,0.0,0.0,0.0
70,Tres Rios,TRE_L1,Del_Valle_Uva,13,0.0,0.0,0.0,0.0,0.0,0.0
70,Tres Rios,TRE_L1,Del_Valle_Uva,14,0.0,0.0,0.0,0.0,0.0,0.0
70,Tres Rios,TRE_L1,Del_Valle_Uva,15,0.0,0.0,0.0,0.0,0.0,0.0
70,Tres Rios,TRE_L1,Pepsi,1,0.0,0.0,0.0,0.0,0.0,0.0
70,Tres Rios,TRE_L1,Pepsi,2,0.0,0.0,0.0,0.0,0.0,0.0
70,Tres Rios,TRE_L1,Pepsi,3,0.0,0.0,0.0,0.0,0.0,0.0
70,Tres Rios,TRE_L1,Pepsi,4,0.0,0.0,28001.77,0.0,0.0,28001.77
70,Tres Rios,TRE_L1,Pepsi,5,0.0,0.0,0.0,0.0,0.0,0.0
70,Tres Rios,TRE_L1,Pepsi,6,0.0,0.0,0.0,0.0,0.0,0.0
70,Tres Rios,TRE_L1,Pepsi,7,0.0,0.0,0.0,0.0,0.0,0.0
70,Tres Rios,TRE_L1,Pepsi,8,0.0,0.0,0.0,0.0,0.0,0.0
70,Tres Rios,TRE_L1,Pepsi,9,0.0,0.0,0.0,0.0,0.0,27049.86
70,Tres Rios,TRE_L1,Pepsi,10,0.0,0.0,0.0,0.0,0.0,0.0
70,Tres Rios,TRE_L1,Pepsi,11,0.0,0.0,0.0,0.0,0.0,0.0
70,Tres Rios,TRE_L1,Pepsi,12,0.0,0.0,0.0,0.0,0.0,0.0
70,Tres Rios,TRE_L1,Pepsi,13,0.0,0.0,3164.23,0.0,0.0,3164.23
70,Tres Rios,TRE_L1,Pepsi,14,0.0,0.0,0.0,0.0,0.0,0.0
70,Tres Rios,TRE_L1,Pepsi,15,0.0,0.0,0.0,0.0,0.0,0.0
70,Tres Rios,TRE_L2,Fanta_Laranja,1,0.0,0.0,0.0,0.0,0.0,0.0
70,Tres Rios,TRE_L2,Fanta_Laranja,2,0.0,0.0,0.0,0.0,0.0,0.0
70,Tres Rios,TRE_L2,Fanta_Laranja,3,0.0,0.0,0.0,0.0,0.0,0.0
70,Tres Rios,TRE_L2,Fanta_Laranja,4,0.0,0.0,0.0,0.0,0.0,0.0
70,Tres Rios,TRE_L2,Fanta_Laranja,5,0.0,0.0,0.0,0.0,0.0,0.0
70,Tres Rios,TRE_L2,Fanta_Laranja,6,0.0,0.0,0.0,0.0,0.0,0.0
70,Tres Rios,TRE_L2,Fanta_Laranja,7,0.0,0.0,0.0,0.0,0.0,0.0
70,Tres Rios,TRE_L2,Fanta_Laranja,8,0.0,0.0,0.0,0.0,0.0,0.0
70,Tres Rios,TRE_L2,Fanta_Laranja,9,0.0,0.0,0.0,0.0,0.0,0.0
70,Tres Rios,TRE_L2,Fanta_Laranja,10,0.0,0.0,0.0,0.0,0.0,0.0
70,Tres Rios,TRE_L2,Fanta_Laranja,11,0.0,0.0,0.0,0.0,0.0,0.0
70,Tres Rios,TRE_L2,Fanta_Laranja,12,0.0,0.0,0.0,0.0,0.0,0.0
70,Tres Rios,TRE_L2,Fanta_Laranja,13,0.0,0.0,0.0,0.0,0.0,0.0
70,Tres Rios,TRE_L2,Fanta_Laranja,14,0.0,0.0,0.0,0.0,0.0,27691.18
70,Tres Rios,TRE_L2,Fanta_Laranja,15,0.0,0.0,0.0,0.0,0.0,0.0
70,Tres Rios,TRE_L2,Itubaina,1,0.0,0.0,0.0,0.0,0.0,0.0
70,Tres Rios,TRE_L2,Itubaina,2,0.0,0.0,8630.59,0.0,0.0,8630.59
70,Tres Rios,TRE_L2,Itubaina,3,0.0,0.0,27742.65,0.0,0.0,27742.65
70,Tres Rios,TRE_L2,Itubaina,4,0.0,0.0,0.0,0.0,0.0,0.0
70,Tres Rios,TRE_L2,Itubaina,5,0.0,0.0,0.0,0.0,0.0,28680.97
70,Tres Rios,TRE_L2,Itubaina,6,0.0,0.0,0.0,0.0,0.0,0.0
70,Tres Rios,TRE_L2,Itubaina,7,0.0,0.0,0.0,0.0,0.0,0.0
70,Tres Rios,TRE_L2,Itubaina,8,0.0,0.0,0.0,0.0,0.0,0.0
70,Tres Rios,TRE_L2,Itubaina,9,0.0,0.0,0.0,0.0,0.0,0.0
70,Tres Rios,TRE_L2,Itubaina,10,0.0,0.0,0.0,0.0,0.0,0.0
70,Tres Rios,TRE_L2,Itubaina,11,0.0,0.0,0.0,0.0,0.0,0.0
70,Tres Rios,TRE_L2,Itubaina,12,0.0,0.0,28082.62,0.0,0.0,28082.62
70,Tres Rios,TRE_L2,Itubaina,13,0.0,0.0,0.0,0.0,0.0,0.0
70,Tres Rios,TRE_L2,Itubaina,14,0.0,0.0,0.0,0.0,0.0,0.0
70,Tres Rios,TRE_L2,Itubaina,15,0.0,0.0,0.0,0.0,0.0,0.0
70,Tres Rios,TRE_L2,Skol_Lata,1,0.0,0.0,0.0,0.0,0.0,0.0
70,Tres Rios,TRE_L2,Skol_Lata,2,0.0,0.0,18231.46,0.0,0.0,18231.46
70,Tres Rios,TRE_L2,Skol_Lata,3,0.0,0.0,0.0,0.0,0.0,0.0
70,Tres Rios,TRE_L2,Skol_Lata,4,0.0,0.0,0.0,0.0,0.0,0.0
70,Tres Rios,TRE_L2,Skol_Lata,5,0.0,0.0,0.0,0.0,0.0,0.0
70,Tres Rios,TRE_L2,Skol_Lata,6,0.0,0.0,12063.64,0.0,0.0,12063.64
70,Tres Rios,TRE_L2,Skol_Lata,7,0.0,0.0,0.0,0.0,0.0,0.0
70,Tres Rios,TRE_L2,Skol_Lata,8,0.0,0.0,0.0,0.0,0.0,0.0
70,Tres Rios,TRE_L2,Skol_Lata,9,0.0,0.0,0.0,0.0,0.0,0.0
70,Tres Rios,TRE_L2,Skol_Lata,10,0.0,0.0,0.0,0.0,0.0,0.0
70,Tres Rios,TRE_L2,Skol_Lata,11,0.0,0.0,0.0,0.0,0.0,0.0
70,Tres Rios,TRE_L2,Skol_Lata,12,0.0,0.0,0.0,0.0,0.0,0.0
70,Tres Rios,TRE_L2,Skol_Lata,13,0.0,0.0,0.0,0.0,0.0,0.0
70,Tres Rios,TRE_L2,Skol_Lata,14,0.0,0.0,0.0,0.0,0.0,0.0
70,Tres Rios,TRE_L2,Skol_Lata,15,0.0,0.0,0.0,0.0,0.0,0.0
70,Tres Rios,TRE_L2,Heineken_Lata,1,0.0,0.0,0.0,0.0,0.0,0.0
70,Tres Rios,TRE_L2,Heineken_Lata,2,0.0,0.0,0.0,0.0,0.0,0.0
70,Tres Rios,TRE_L2,Heineken_Lata,3,0.0,0.0,0.0,0.0,0.0,0.0
70,Tres Rios,TRE_L2,Heineken_Lata,4,0.0,0.0,0.0,0.0,0.0,0.0
70,Tres Rios,TRE_L2,Heineken_Lata,5,0.0,0.0,0.0,0.0,0.0,0.0
70,Tres Rios,TRE_L2,Heineken_Lata,6,0.0,0.0,0.0,0.0,0.0,0.0
70,Tres Rios,TRE_L2,Heineken_Lata,7,0.0,0.0,0.0,0.0,0.0,0.0
70,Tres Rios,TRE_L2,Heineken_Lata,8,0.0,0.0,0.0,0.0,0.0,0.0
70,Tres Rios,TRE_L2,Heineken_Lata,9,0.0,0.0,0.0,0.0,0.0,0.0
70,Tres Rios,TRE_L2,Heineken_Lata,10,0.0,0.0,0.0,0.0,0.0,0.0
70,Tres Rios,TRE_L2,Heineken_Lata,11,0.0,0.0,0.0,0.0,0.0,0.0
70,Tres Rios,TRE_L2,Heineken_Lata,12,0.0,0.0,0.0,0.0,0.0,0.0
70,Tres Rios,TRE_L2,Heineken_Lata,13,0.0,0.0,0.0,0.0,0.0,0.0
70,Tres Rios,TRE_L2,Heineken_Lata,14,0.0,0.0,0.0,0.0,0.0,0.0
70,Tres Rios,TRE_L2,Heineken_Lata,15,0.0,0.0,0.0,0.0,0.0,0.0
70,Tres Rios,TRE_L2,Coca_Cola_Zero,1,0.0,0.0,0.0,0.0,0.0,0.0
70,Tres Rios,TRE_L2,Coca_Cola_Zero,2,0.0,0.0,0.0,0.0,0.0,0.0
70,Tres Rios,TRE_L2,Coca_Cola_Zero,3,0.0,0.0,0.0,0.0,0.0,0.0
70,Tres Rios,TRE_L2,Coca_Cola_Zero,4,0.0,0.0,0.0,0.0,0.0,0.0
70,Tres Rios,TRE_L2,Coca_Cola_Zero,5,0.0,0.0,0.0,0.0,0.0,0.0
70,Tres Rios,TRE_L2,Coca_Cola_Zero,6,0.0,0.0,0.0,0.0,0.0,0.0
70,Tres Rios,TRE_L2,Coca_Cola_Zero,7,0.0,0.0,0.0,0.0,0.0,0.0
70,Tres Rios,TRE_L2,Coca_Cola_Zero,8,0.0,0.0,0.0,0.0,0.0,16198.0
70,Tres Rios,TRE_L2,Coca_Cola_Zero,9,0.0,0.0,0.0,0.0,0.0,0.0
70,Tres Rios,TRE_L2,Coca_Cola_Zero,10,0.0,0.0,0.0,0.0,0.0,0.0
70,Tres Rios,TRE_L2,Coca_Cola_Zero,11,0.0,0.0,0.0,0.0,0.0,32781.520000000004
70,Tres Rios,TRE_L2,Coca_Cola_Zero,12,0.0,0.0,0.0,0.0,0.0,11611.61
70,Tres Rios,TRE_L2,Coca_Cola_Zero,13,0.0,0.0,0.0,0.0,0.0,0.0
70,Tres Rios,TRE_L2,Coca_Cola_Zero,14,0.0,0.0,0.0,0.0,0.0,0.0
70,Tres Rios,TRE_L2,Coca_Cola_Zero,15,0.0,0.0,0.0,0.0,0.0,1247.97
70,Tres Rios,TRE_L2,Antarctica_Lata,1,0.0,0.0,0.0,0.0,0.0,0.0
70,Tres Rios,TRE_L2,Antarctica_Lata,2,0.0,0.0,0.0,0.0,0.0,11292.86
70,Tres Rios,TRE_L2,Antarctica_Lata,3,0.0,0.0,0.0,0.0,0.0,0.0
70,Tres Rios,TRE_L2,Antarctica_Lata,4,0.0,0.0,0.0,0.0,0.0,0.0
70,Tres Rios,TRE_L2,Antarctica_Lata,5,0.0,0.0,0.0,0.0,0.0,0.0
70,Tres Rios,TRE_L2,Antarctica_Lata,6,0.0,0.0,0.0,0.0,0.0,0.0
70,Tres Rios,TRE_L2,Antarctica_Lata,7,0.0,0.0,0.0,0.0,0.0,0.0
70,Tres Rios,TRE_L2,Antarctica_Lata,8,0.0,0.0,0.0,0.0,0.0,1951.77
70,Tres Rios,TRE_L2,Antarctica_Lata,9,0.0,0.0,0.0,0.0,0.0,0.0
70,Tres Rios,TRE_L2,Antarctica_Lata,10,0.0,0.0,0.0,0.0,0.0,0.0
70,Tres Rios,TRE_L2,Antarctica_Lata,11,0.0,0.0,11561.13,0.0,0.0,11561.13
70,Tres Rios,TRE_L2,Antarctica_Lata,12,0.0,0.0,0.0,0.0,0.0,0.0
70,Tres Rios,TRE_L2,Antarctica_Lata,13,0.0,0.0,0.0,0.0,0.0,0.0
70,Tres Rios,TRE_L2,Antarctica_Lata,14,0.0,0.0,0.0,0.0,0.0,0.0
70,Tres Rios,TRE_L2,Antarctica_Lata,15,0.0,0.0,0.0,0.0,0.0,0.0
70,Tres Rios,TRE_L2,Spaten_Lata,1,0.0,0.0,0.0,0.0,0.0,0.0
70,Tres Rios,TRE_L2,Spaten_Lata,2,0.0,0.0,0.0,0.0,0.0,0.0
70,Tres Rios,TRE_L2,Spaten_Lata,3,0.0,0.0,0.0,0.0,0.0,0.0
70,Tres Rios,TRE_L2,Spaten_Lata,4,0.0,0.0,0.0,0.0,0.0,0.0
70,Tres Rios,TRE_L2,Spaten_Lata,5,0.0,0.0,0.0,0.0,0.0,0.0
70,Tres Rios,TRE_L2,Spaten_Lata,6,0.0,0.0,0.0,0.0,0.0,0.0
70,Tres Rios,TRE_L2,Spaten_Lata,7,0.0,0.0,0.0,0.0,0.0,0.0
70,Tres Rios,TRE_L2,Spaten_Lata,8,0.0,0.0,0.0,0.0,0.0,12356.76
70,Tres Rios,TRE_L2,Spaten_Lata,9,0.0,0.0,0.0,0.0,0.0,26685.16
70,Tres Rios,TRE_L2,Spaten_Lata,10,0.0,0.0,0.0,0.0,0.0,0.0
70,Tres Rios,TRE_L2,Spaten_Lata,11,0.0,0.0,0.0,0.0,0.0,0.0
70,Tres Rios,TRE_L2,Spaten_Lata,12,0.0,0.0,0.0,0.0,0.0,0.0
70,Tres Rios,TRE_L2,Spaten_Lata,13,0.0,0.0,0.0,0.0,44.50999999999294,0.0
70,Tres Rios,TRE_L2,Spaten_Lata,14,0.0,0.0,8919.41,0.0,11937.970000000003,8919.41
70,Tres Rios,TRE_L2,Spaten_Lata,15,0.0,0.0,0.0,0.0,0.0,0.0
70,Tres Rios,TRE_L2,Maguary_Caju,1,0.0,0.0,0.0,0.0,0.0,0.0
70,Tres Rios,TRE_L2,Maguary_Caju,2,0.0,0.0,0.0,0.0,0.0,6374.12
70,Tres Rios,TRE_L2,Maguary_Caju,3,0.0,0.0,0.0,0.0,0.0,0.0
70,Tres Rios,TRE_L2,Maguary_Caju,4,0.0,0.0,0.0,0.0,0.0,0.0
70,Tres Rios,TRE_L2,Maguary_Caju,5,0.0,0.0,0.0,0.0,0.0,2846.12
70,Tres Rios,TRE_L2,Maguary_Caju,6,0.0,0.0,0.0,0.0,0.0,0.0
70,Tres Rios,TRE_L2,Maguary_Caju,7,0.0,0.0,0.0,0.0,0.0,0.0
70,Tres Rios,TRE_L2,Maguary_Caju,8,0.0,0.0,0.0,0.0,0.0,0.0
70,Tres Rios,TRE_L2,Maguary_Caju,9,0.0,0.0,0.0,0.0,0.0,0.0
70,Tres Rios,TRE_L2,Maguary_Caju,10,0.0,0.0,0.0,0.0,0.0,0.0
70,Tres Rios,TRE_L2,Maguary_Caju,11,0.0,0.0,0.0,0.0,0.0,0.0
70,Tres Rios,TRE_L2,Maguary_Caju,12,0.0,0.0,0.0,0.0,0.0,0.0
70,Tres Rios,TRE_L2,Maguary_Caju,13,0.0,0.0,0.0,0.0,0.0,0.0
70,Tres Rios,TRE_L2,Maguary_Caju,14,0.0,0.0,0.0,0.0,0.0,0.0
70,Tres Rios,TRE_L2,Maguary_Caju,15,0.0,0.0,0.0,0.0,0.0,0.0
70,Tres Rios,TRE_L2,Del_Valle_Pessego,1,0.0,0.0,0.0,0.0,22660.899999999994,0.0
70,Tres Rios,TRE_L2,Del_Valle_Pessego,2,0.0,0.0,0.0,0.0,0.0,0.0
70,Tres Rios,TRE_L2,Del_Valle_Pessego,3,0.0,0.0,0.0,0.0,0.0,28321.54
70,Tres Rios,TRE_L2,Del_Valle_Pessego,4,0.0,0.0,0.0,0.0,0.0,0.0
70,Tres Rios,TRE_L2,Del_Valle_Pessego,5,0.0,0.0,0.0,0.0,0.0,0.0
70,Tres Rios,TRE_L2,Del_Valle_Pessego,6,0.0,0.0,0.0,0.0,0.0,0.0
70,Tres Rios,TRE_L2,Del_Valle_Pessego,7,0.0,0.0,0.0,0.0,0.0,0.0
70,Tres Rios,TRE_L2,Del_Valle_Pessego,8,0.0,0.0,0.0,0.0,0.0,0.0
70,Tres Rios,TRE_L2,Del_Valle_Pessego,9,0.0,0.0,0.0,0.0,0.0,0.0
70,Tres Rios,TRE_L2,Del_Valle_Pessego,10,0.0,0.0,0.0,0.0,0.0,0.0
70,Tres Rios,TRE_L2,Del_Valle_Pessego,11,0.0,0.0,0.0,0.0,0.0,0.0
70,Tres Rios,TRE_L2,Del_Valle_Pessego,12,0.0,0.0,0.0,0.0,0.0,0.0
70,Tres Rios,TRE_L2,Del_Valle_Pessego,13,0.0,0.0,0.0,0.0,0.0,0.0
70,Tres Rios,TRE_L2,Del_Valle_Pessego,14,0.0,0.0,0.0,0.0,0.0,0.0
70,Tres Rios,TRE_L2,Del_Valle_Pessego,15,0.0,0.0,0.0,0.0,0.0,0.0
70,Tres Rios,TRE_L2,Stella_Artois_Pure_Gold,1,0.0,0.0,0.0,0.0,14818.48,0.0
70,Tres Rios,TRE_L2,Stella_Artois_Pure_Gold,2,0.0,0.0,0.0,0.0,35448.0,9454.84
70,Tres Rios,TRE_L2,Stella_Artois_Pure_Gold,3,0.0,0.0,0.0,0.0,21597.72,0.0
70,Tres Rios,TRE_L2,Stella_Artois_Pure_Gold,4,0.0,0.0,0.0,0.0,9335.59,0.0
70,Tres Rios,TRE_L2,Stella_Artois_Pure_Gold,5,0.0,0.0,0.0,0.0,26730.49,0.0
70,Tres Rios,TRE_L2,Stella_Artois_Pure_Gold,6,0.0,0.0,0.0,0.0,6987.01,0.0
70,Tres Rios,TRE_L2,Stella_Artois_Pure_Gold,7,0.0,0.0,0.0,0.0,18579.629999999997,0.0
70,Tres Rios,TRE_L2,Stella_Artois_Pure_Gold,8,0.0,0.0,0.0,0.0,39408.0,0.0
70,Tres Rios,TRE_L2,Stella_Artois_Pure_Gold,9,0.0,0.0,0.0,0.0,10935.25,0.0
70,Tres Rios,TRE_L2,Stella_Artois_Pure_Gold,10,0.0,0.0,0.0,0.0,31588.639999999992,0.0
70,Tres Rios,TRE_L2,Stella_Artois_Pure_Gold,11,0.0,0.0,0.0,0.0,36552.00000000001,0.0
70,Tres Rios,TRE_L2,Stella_Artois_Pure_Gold,12,0.0,0.0,0.0,0.0,16422.57,0.0
70,Tres Rios,TRE_L2,Stella_Artois_Pure_Gold,13,0.0,0.0,0.0,0.0,25336.19,0.0
70,Tres Rios,TRE_L2,Stella_Artois_Pure_Gold,14,0.0,0.0,0.0,0.0,39288.0,0.0
70,Tres Rios,TRE_L2,Stella_Artois_Pure_Gold,15,0.0,0.0,5142.65,0.0,31096.190000000002,31096.190000000002
70,Tres Rios,TRE_L2,Sprite_Zero,1,0.0,0.0,0.0,0.0,0.0,0.0
70,Tres Rios,TRE_L2,Sprite_Zero,2,0.0,0.0,0.0,0.0,0.0,0.0
70,Tres Rios,TRE_L2,Sprite_Zero,3,0.0,0.0,0.0,0.0,0.0,0.0
70,Tres Rios,TRE_L2,Sprite_Zero,4,0.0,0.0,0.0,0.0,0.0,0.0
70,Tres Rios,TRE_L2,Sprite_Zero,5,0.0,0.0,0.0,0.0,0.0,0.0
70,Tres Rios,TRE_L2,Sprite_Zero,6,0.0,0.0,0.0,0.0,0.0,7560.86
70,Tres Rios,TRE_L2,Sprite_Zero,7,0.0,0.0,0.0,0.0,0.0,0.0
70,Tres Rios,TRE_L2,Sprite_Zero,8,0.0,0.0,0.0,0.0,0.0,0.0
70,Tres Rios,TRE_L2,Sprite_Zero,9,0.0,0.0,0.0,0.0,0.0,27942.54
70,Tres Rios,TRE_L2,Sprite_Zero,10,0.0,0.0,0.0,0.0,0.0,0.0
70,Tres Rios,TRE_L2,Sprite_Zero,11,0.0,0.0,0.0,0.0,0.0,6046.35
70,Tres Rios,TRE_L2,Sprite_Zero,12,0.0,0.0,0.0,0.0,0.0,0.0
70,Tres Rios,TRE_L2,Sprite_Zero,13,0.0,0.0,0.0,0.0,0.0,0.0
70,Tres Rios,TRE_L2,Sprite_Zero,14,0.0,0.0,0.0,0.0,0.0,0.0
70,Tres Rios,TRE_L2,Sprite_Zero,15,0.0,0.0,0.0,0.0,0.0,0.0
70,Tres Rios,TRE_L2,Kuat,1,0.0,0.0,0.0,0.0,0.0,0.0
70,Tres Rios,TRE_L2,Kuat,2,0.0,0.0,0.0,0.0,0.0,18681.95
70,Tres Rios,TRE_L2,Kuat,3,0.0,0.0,0.0,0.0,0.0,0.0
70,Tres Rios,TRE_L2,Kuat,4,0.0,0.0,0.0,0.0,0.0,0.0
70,Tres Rios,TRE_L2,Kuat,5,0.0,0.0,0.0,0.0,0.0,0.0
70,Tres Rios,TRE_L2,Kuat,6,0.0,0.0,0.0,0.0,0.0,0.0
70,Tres Rios,TRE_L2,Kuat,7,0.0,0.0,0.0,0.0,0.0,0.0
70,Tres Rios,TRE_L2,Kuat,8,0.0,0.0,0.0,0.0,0.0,0.0
70,Tres Rios,TRE_L2,Kuat,9,0.0,0.0,0.0,0.0,0.0,0.0
70,Tres Rios,TRE_L2,Kuat,10,0.0,0.0,0.0,0.0,1258.0000000000089,10111.02
70,Tres Rios,TRE_L2,Kuat,11,0.0,0.0,0.0,0.0,0.0,0.0
70,Tres Rios,TRE_L2,Kuat,12,0.0,0.0,0.0,0.0,0.0,0.0
70,Tres Rios,TRE_L2,Kuat,13,0.0,0.0,0.0,0.0,0.0,0.0
70,Tres Rios,TRE_L2,Kuat,14,0.0,0.0,0.0,0.0,0.0,0.0
70,Tres Rios,TRE_L2,Kuat,15,0.0,0.0,0.0,0.0,0.0,0.0
70,Tres Rios,TRE_L2,Sukita_Laranja,1,0.0,0.0,0.0,0.0,0.0,0.0
70,Tres Rios,TRE_L2,Sukita_Laranja,2,0.0,0.0,0.0,0.0,0.0,0.0
70,Tres Rios,TRE_L2,Sukita_Laranja,3,0.0,0.0,0.0,0.0,0.0,0.0
70,Tres Rios,TRE_L2,Sukita_Laranja,4,0.0,0.0,0.0,0.0,0.0,0.0
70,Tres Rios,TRE_L2,Sukita_Laranja,5,0.0,0.0,0.0,0.0,0.0,0.0
70,Tres Rios,TRE_L2,Sukita_Laranja,6,0.0,0.0,0.0,0.0,0.0,0.0
70,Tres Rios,TRE_L2,Sukita_Laranja,7,0.0,0.0,0.0,0.0,0.0,0.0
70,Tres Rios,TRE_L2,Sukita_Laranja,8,0.0,0.0,0.0,0.0,0.0,13590.99
70,Tres Rios,TRE_L2,Sukita_Laranja,9,0.0,0.0,0.0,0.0,0.0,0.0
70,Tres Rios,TRE_L2,Sukita_Laranja,10,0.0,0.0,0.0,0.0,0.0,22452.58
70,Tres Rios,TRE_L2,Sukita_Laranja,11,0.0,0.0,0.0,0.0,0.0,0.0
70,Tres Rios,TRE_L2,Sukita_Laranja,12,0.0,0.0,0.0,0.0,0.0,0.0
70,Tres Rios,TRE_L2,Sukita_Laranja,13,0.0,0.0,0.0,0.0,0.0,0.0
70,Tres Rios,TRE_L2,Sukita_Laranja,14,0.0,0.0,0.0,0.0,0.0,0.0
70,Tres Rios,TRE_L2,Sukita_Laranja,15,0.0,0.0,0.0,0.0,0.0,0.0
70,Tres Rios,TRE_L2,Budweiser_Lata,1,0.0,0.0,0.0,0.0,0.0,0.0
70,Tres Rios,TRE_L2,Budweiser_Lata,2,0.0,0.0,0.0,0.0,0.0,0.0
70,Tres Rios,TRE_L2,Budweiser_Lata,3,0.0,0.0,0.0,0.0,0.0,0.0
70,Tres Rios,TRE_L2,Budweiser_Lata,4,0.0,0.0,10984.8,0.0,0.0,10984.8
70,Tres Rios,TRE_L2,Budweiser_Lata,5,0.0,0.0,0.0,0.0,0.0,0.0
70,Tres Rios,TRE_L2,Budweiser_Lata,6,0.0,0.0,0.0,0.0,0.0,0.0
70,Tres Rios,TRE_L2,Budweiser_Lata,7,0.0,0.0,0.0,0.0,0.0,0.0
70,Tres Rios,TRE_L2,Budweiser_Lata,8,0.0,0.0,0.0,0.0,0.0,0.0
70,Tres Rios,TRE_L2,Budweiser_Lata,9,0.0,0.0,0.0,0.0,0.0,0.0
70,Tres Rios,TRE_L2,Budweiser_Lata,10,0.0,0.0,0.0,0.0,0.0,0.0
70,Tres Rios,TRE_L2,Budweiser_Lata,11,0.0,0.0,0.0,0.0,0.0,0.0
70,Tres Rios,TRE_L2,Budweiser_Lata,12,0.0,0.0,0.0,0.0,0.0,0.0
70,Tres Rios,TRE_L2,Budweiser_Lata,13,0.0,0.0,26247.3,0.0,0.0,26247.3
70,Tres Rios,TRE_L2,Budweiser_Lata,14,0.0,0.0,0.0,0.0,0.0,0.0
70,Tres Rios,TRE_L2,Budweiser_Lata,15,0.0,0.0,0.0,0.0,0.0,0.0
70,Tres Rios,TRE_L2,Guarana_Antarctica_Zero,1,0.0,0.0,0.0,0.0,0.0,0.0
70,Tres Rios,TRE_L2,Guarana_Antarctica_Zero,2,0.0,0.0,0.0,0.0,0.0,0.0
70,Tres Rios,TRE_L2,Guarana_Antarctica_Zero,3,0.0,0.0,0.0,0.0,0.0,0.0
70,Tres Rios,TRE_L2,Guarana_Antarctica_Zero,4,0.0,0.0,0.0,0.0,0.0,0.0
70,Tres Rios,TRE_L2,Guarana_Antarctica_Zero,5,0.0,0.0,0.0,0.0,0.0,0.0
70,Tres Rios,TRE_L2,Guarana_Antarctica_Zero,6,0.0,0.0,0.0,0.0,0.0,0.0
70,Tres Rios,TRE_L2,Guarana_Antarctica_Zero,7,0.0,0.0,0.0,0.0,0.0,0.0
70,Tres Rios,TRE_L2,Guarana_Antarctica_Zero,8,0.0,0.0,0.0,0.0,0.0,0.0
70,Tres Rios,TRE_L2,Guarana_Antarctica_Zero,9,0.0,0.0,0.0,0.0,0.0,0.0
70,Tres Rios,TRE_L2,Guarana_Antarctica_Zero,10,0.0,0.0,22534.24,0.0,0.0,22534.24
70,Tres Rios,TRE_L2,Guarana_Antarctica_Zero,11,0.0,0.0,0.0,0.0,0.0,0.0
70,Tres Rios,TRE_L2,Guarana_Antarctica_Zero,12,0.0,0.0,0.0,0.0,0.0,28666.12
70,Tres Rios,TRE_L2,Guarana_Antarctica_Zero,13,0.0,0.0,0.0,0.0,0.0,0.0
70,Tres Rios,TRE_L2,Guarana_Antarctica_Zero,14,0.0,0.0,0.0,0.0,0.0,0.0
70,Tres Rios,TRE_L2,Guarana_Antarctica_Zero,15,0.0,0.0,4813.51,0.0,0.0,4813.51
70,Tres Rios,TRE_L2,Itaipava_Lata,1,0.0,0.0,0.0,0.0,0.0,29220.62
70,Tres Rios,TRE_L2,Itaipava_Lata,2,0.0,0.0,0.0,0.0,0.0,0.0
70,Tres Rios,TRE_L2,Itaipava_Lata,3,0.0,0.0,0.0,0.0,0.0,32351.07
70,Tres Rios,TRE_L2,Itaipava_Lata,4,0.0,0.0,0.0,0.0,4465.18,0.0
70,Tres Rios,TRE_L2,Itaipava_Lata,5,0.0,0.0,0.0,0.0,13891.93,0.0
70,Tres Rios,TRE_L2,Itaipava_Lata,6,0.0,0.0,0.0,0.0,0.0,7681.98
70,Tres Rios,TRE_L2,Itaipava_Lata,7,0.0,0.0,0.0,0.0,21675.94,0.0
70,Tres Rios,TRE_L2,Itaipava_Lata,8,0.0,0.0,0.0,0.0,0.0,5379.129999999997
70,Tres Rios,TRE_L2,Itaipava_Lata,9,0.0,0.0,0.0,0.0,0.0,16834.940000000002
70,Tres Rios,TRE_L2,Itaipava_Lata,10,0.0,0.0,0.0,0.0,22214.07,0.0
70,Tres Rios,TRE_L2,Itaipava_Lata,11,0.0,0.0,0.0,0.0,0.0,8147.89
70,Tres Rios,TRE_L2,Itaipava_Lata,12,0.0,0.0,0.0,0.0,0.0,5363.949999999997
70,Tres Rios,TRE_L2,Itaipava_Lata,13,0.0,0.0,0.0,0.0,0.0,10109.650000000001
70,Tres Rios,TRE_L2,Itaipava_Lata,14,0.0,0.0,0.0,0.0,15473.599999999999,0.0
70,Tres Rios,TRE_L2,Itaipava_Lata,15,0.0,0.0,0.0,0.0,0.0,0.0
70,Tres Rios,TRE_L2,Brahma_Lata,1,0.0,0.0,0.0,0.0,0.0,23854.74
70,Tres Rios,TRE_L2,Brahma_Lata,2,0.0,0.0,0.0,0.0,0.0,4722.7
70,Tres Rios,TRE_L2,Brahma_Lata,3,0.0,0.0,0.0,0.0,0.0,0.0
70,Tres Rios,TRE_L2,Brahma_Lata,4,0.0,0.0,0.0,0.0,0.0,0.0
70,Tres Rios,TRE_L2,Brahma_Lata,5,0.0,0.0,0.0,0.0,0.0,0.0
70,Tres Rios,TRE_L2,Brahma_Lata,6,0.0,0.0,0.0,0.0,0.0,0.0
70,Tres Rios,TRE_L2,Brahma_Lata,7,0.0,0.0,0.0,0.0,0.0,0.0
70,Tres Rios,TRE_L2,Brahma_Lata,8,0.0,0.0,0.0,0.0,0.0,0.0
70,Tres Rios,TRE_L2,Brahma_Lata,9,0.0,0.0,0.0,0.0,0.0,0.0
70,Tres Rios,TRE_L2,Brahma_Lata,10,0.0,0.0,0.0,0.0,0.0,0.0
70,Tres Rios,TRE_L2,Brahma_Lata,11,0.0,0.0,0.0,0.0,0.0,0.0
70,Tres Rios,TRE_L2,Brahma_Lata,12,0.0,0.0,0.0,0.0,0.0,0.0
70,Tres Rios,TRE_L2,Brahma_Lata,13,0.0,0.0,0.0,0.0,0.0,14496.54
70,Tres Rios,TRE_L2,Brahma_Lata,14,0.0,0.0,0.0,0.0,0.0,26295.55
70,Tres Rios,TRE_L2,Brahma_Lata,15,0.0,0.0,16149.16,0.0,0.0,16149.16
70,Tres Rios,TRE_L2,Eisenbahn_Pilsen,1,0.0,0.0,0.0,0.0,15626.179999999997,0.0
70,Tres Rios,TRE_L2,Eisenbahn_Pilsen,2,0.0,0.0,0.0,0.0,0.0,0.0
70,Tres Rios,TRE_L2,Eisenbahn_Pilsen,3,0.0,0.0,0.0,0.0,0.0,19809.11
70,Tres Rios,TRE_L2,Eisenbahn_Pilsen,4,0.0,0.0,0.0,0.0,0.0,0.0
70,Tres Rios,TRE_L2,Eisenbahn_Pilsen,5,0.0,0.0,27205.0,0.0,12265.500000000002,40845.51
70,Tres Rios,TRE_L2,Eisenbahn_Pilsen,6,0.0,0.0,13118.81,0.0,0.0,13118.81
70,Tres Rios,TRE_L2,Eisenbahn_Pilsen,7,0.0,0.0,0.0,0.0,0.0,0.0
70,Tres Rios,TRE_L2,Eisenbahn_Pilsen,8,0.0,0.0,0.0,0.0,0.0,0.0
70,Tres Rios,TRE_L2,Eisenbahn_Pilsen,9,0.0,0.0,0.0,0.0,0.0,0.0
70,Tres Rios,TRE_L2,Eisenbahn_Pilsen,10,0.0,0.0,0.0,0.0,0.0,0.0
70,Tres Rios,TRE_L2,Eisenbahn_Pilsen,11,0.0,0.0,0.0,0.0,0.0,0.0
70,Tres Rios,TRE_L2,Eisenbahn_Pilsen,12,0.0,0.0,0.0,0.0,0.0,0.0
70,Tres Rios,TRE_L2,Eisenbahn_Pilsen,13,0.0,0.0,0.0,0.0,0.0,0.0
70,Tres Rios,TRE_L2,Eisenbahn_Pilsen,14,0.0,0.0,18160.86,0.0,0.0,18160.86
70,Tres Rios,TRE_L2,Eisenbahn_Pilsen,15,0.0,0.0,0.0,0.0,0.0,0.0
70,Tres Rios,TRE_L2,Pepsi_Black,1,0.0,14441.25,180.61,0.0,0.0,14621.86
70,Tres Rios,TRE_L2,Pepsi_Black,2,0.0,0.0,0.0,0.0,14441.25,0.0
70,Tres Rios,TRE_L2,Pepsi_Black,3,0.0,0.0,0.0,0.0,0.0,0.0
70,Tres Rios,TRE_L2,Pepsi_Black,4,0.0,13659.080000000002,2334.28,0.0,0.0,15993.360000000002
70,Tres Rios,TRE_L2,Pepsi_Black,5,0.0,0.0,0.0,0.0,13659.080000000002,0.0
70,Tres Rios,TRE_L2,Pepsi_Black,6,0.0,13840.669999999998,0.0,0.0,0.0,13840.669999999998
70,Tres Rios,TRE_L2,Pepsi_Black,7,0.0,0.0,19327.18,0.0,0.0,29964.27
70,Tres Rios,TRE_L2,Pepsi_Black,8,0.0,1401.180000000004,0.0,0.0,0.0,1401.180000000004
70,Tres Rios,TRE_L2,Pepsi_Black,9,0.0,21260.71,0.0,0.0,0.0,19859.529999999995
70,Tres Rios,TRE_L2,Pepsi_Black,10,0.0,0.0,0.0,0.0,21260.71,0.0
70,Tres Rios,TRE_L2,Pepsi_Black,11,0.0,0.0,0.0,0.0,0.0,0.0
70,Tres Rios,TRE_L2,Pepsi_Black,12,0.0,1759.659999999998,0.0,0.0,0.0,1759.659999999998
70,Tres Rios,TRE_L2,Pepsi_Black,13,0.0,0.0,0.0,0.0,1759.659999999998,0.0
70,Tres Rios,TRE_L2,Pepsi_Black,14,0.0,4709.500000000004,0.0,0.0,0.0,4709.500000000004
70,Tres Rios,TRE_L2,Pepsi_Black,15,0.0,0.0,0.0,0.0,4709.500000000004,0.0
70,Tres Rios,TRE_L2,Guarana_Antarctica,1,0.0,0.0,0.0,0.0,0.0,0.0
70,Tres Rios,TRE_L2,Guarana_Antarctica,2,0.0,0.0,0.0,0.0,0.0,0.0
70,Tres Rios,TRE_L2,Guarana_Antarctica,3,0.0,0.0,0.0,0.0,0.0,0.0
70,Tres Rios,TRE_L2,Guarana_Antarctica,4,0.0,0.0,12438.74,0.0,0.0,12438.74
70,Tres Rios,TRE_L2,Guarana_Antarctica,5,0.0,0.0,0.0,0.0,0.0,0.0
70,Tres Rios,TRE_L2,Guarana_Antarctica,6,0.0,0.0,0.0,0.0,0.0,0.0
70,Tres Rios,TRE_L2,Guarana_Antarctica,7,0.0,0.0,0.0,0.0,0.0,0.0
70,Tres Rios,TRE_L2,Guarana_Antarctica,8,0.0,0.0,27467.67,0.0,0.0,27467.67
70,Tres Rios,TRE_L2,Guarana_Antarctica,9,0.0,0.0,0.0,0.0,0.0,0.0
70,Tres Rios,TRE_L2,Guarana_Antarctica,10,0.0,0.0,0.0,0.0,0.0,0.0
70,Tres Rios,TRE_L2,Guarana_Antarctica,11,0.0,0.0,0.0,0.0,0.0,0.0
70,Tres Rios,TRE_L2,Guarana_Antarctica,12,0.0,0.0,0.0,0.0,0.0,0.0
70,Tres Rios,TRE_L2,Guarana_Antarctica,13,0.0,0.0,0.0,0.0,0.0,0.0
70,Tres Rios,TRE_L2,Guarana_Antarctica,14,0.0,0.0,0.0,0.0,0.0,0.0
70,Tres Rios,TRE_L2,Guarana_Antarctica,15,0.0,0.0,0.0,0.0,0.0,0.0
70,Tres Rios,TRE_L2,Amstel_Lata,1,0.0,0.0,0.0,0.0,0.0,0.0
70,Tres Rios,TRE_L2,Amstel_Lata,2,0.0,0.0,0.0,0.0,0.0,0.0
70,Tres Rios,TRE_L2,Amstel_Lata,3,0.0,0.0,0.0,0.0,0.0,0.0
70,Tres Rios,TRE_L2,Amstel_Lata,4,0.0,0.0,0.0,0.0,0.0,0.0
70,Tres Rios,TRE_L2,Amstel_Lata,5,0.0,0.0,0.0,0.0,0.0,0.0
70,Tres Rios,TRE_L2,Amstel_Lata,6,0.0,0.0,0.0,0.0,0.0,20455.49
70,Tres Rios,TRE_L2,Amstel_Lata,7,0.0,0.0,0.0,0.0,0.0,0.0
70,Tres Rios,TRE_L2,Amstel_Lata,8,0.0,0.0,0.0,0.0,0.0,8451.57
70,Tres Rios,TRE_L2,Amstel_Lata,9,0.0,0.0,0.0,0.0,0.0,4436.050000000003
70,Tres Rios,TRE_L2,Amstel_Lata,10,0.0,0.0,0.0,0.0,4436.050000000003,0.0
70,Tres Rios,TRE_L2,Amstel_Lata,11,0.0,0.0,0.0,0.0,0.0,0.0
70,Tres Rios,TRE_L2,Amstel_Lata,12,0.0,0.0,0.0,0.0,0.0,25602.919999999987
70,Tres Rios,TRE_L2,Amstel_Lata,13,0.0,0.0,0.0,0.0,20420.529999999988,0.0
70,Tres Rios,TRE_L2,Amstel_Lata,14,0.0,0.0,0.0,0.0,0.0,0.0
70,Tres Rios,TRE_L2,Amstel_Lata,15,0.0,0.0,0.0,0.0,0.0,0.0
70,Tres Rios,TRE_L2,Del_Valle_Laranja,1,0.0,0.0,0.0,0.0,0.0,0.0
70,Tres Rios,TRE_L2,Del_Valle_Laranja,2,0.0,0.0,0.0,0.0,0.0,0.0
70,Tres Rios,TRE_L2,Del_Valle_Laranja,3,0.0,0.0,0.0,0.0,0.0,0.0
70,Tres Rios,TRE_L2,Del_Valle_Laranja,4,0.0,0.0,0.0,0.0,0.0,0.0
70,Tres Rios,TRE_L2,Del_Valle_Laranja,5,0.0,0.0,0.0,0.0,0.0,12981.23
70,Tres Rios,TRE_L2,Del_Valle_Laranja,6,0.0,0.0,0.0,0.0,0.0,0.0
70,Tres Rios,TRE_L2,Del_Valle_Laranja,7,0.0,0.0,0.0,0.0,0.0,0.0
70,Tres Rios,TRE_L2,Del_Valle_Laranja,8,0.0,0.0,0.0,0.0,0.0,0.0
70,Tres Rios,TRE_L2,Del_Valle_Laranja,9,0.0,0.0,0.0,0.0,0.0,0.0
70,Tres Rios,TRE_L2,Del_Valle_Laranja,10,0.0,0.0,0.0,0.0,0.0,0.0
70,Tres Rios,TRE_L2,Del_Valle_Laranja,11,0.0,0.0,0.0,0.0,0.0,0.0
70,Tres Rios,TRE_L2,Del_Valle_Laranja,12,0.0,0.0,0.0,0.0,0.0,0.0
70,Tres Rios,TRE_L2,Del_Valle_Laranja,13,0.0,0.0,0.0,0.0,0.0,0.0
70,Tres Rios,TRE_L2,Del_Valle_Laranja,14,0.0,0.0,0.0,0.0,0.0,0.0
70,Tres Rios,TRE_L2,Del_Valle_Laranja,15,0.0,0.0,0.0,0.0,0.0,7768.88
70,Tres Rios,TRE_L2,Fanta_Uva,1,0.0,0.0,0.0,0.0,0.0,0.0
70,Tres Rios,TRE_L2,Fanta_Uva,2,0.0,0.0,0.0,0.0,0.0,0.0
70,Tres Rios,TRE_L2,Fanta_Uva,3,0.0,0.0,0.0,0.0,0.0,0.0
70,Tres Rios,TRE_L2,Fanta_Uva,4,0.0,0.0,0.0,0.0,0.0,0.0
70,Tres Rios,TRE_L2,Fanta_Uva,5,0.0,0.0,0.0,0.0,0.0,0.0
70,Tres Rios,TRE_L2,Fanta_Uva,6,0.0,0.0,0.0,0.0,0.0,0.0
70,Tres Rios,TRE_L2,Fanta_Uva,7,0.0,0.0,0.0,0.0,0.0,0.0
70,Tres Rios,TRE_L2,Fanta_Uva,8,0.0,0.0,0.0,0.0,0.0,0.0
70,Tres Rios,TRE_L2,Fanta_Uva,9,0.0,0.0,0.0,0.0,0.0,0.0
70,Tres Rios,TRE_L2,Fanta_Uva,10,0.0,0.0,0.0,0.0,0.0,0.0
70,Tres Rios,TRE_L2,Fanta_Uva,11,0.0,0.0,0.0,0.0,0.0,0.0
70,Tres Rios,TRE_L2,Fanta_Uva,12,0.0,0.0,0.0,0.0,0.0,0.0
70,Tres Rios,TRE_L2,Fanta_Uva,13,0.0,0.0,0.0,0.0,0.0,26881.27
70,Tres Rios,TRE_L2,Fanta_Uva,14,0.0,0.0,0.0,0.0,0.0,0.0
70,Tres Rios,TRE_L2,Fanta_Uva,15,0.0,0.0,0.0,0.0,0.0,0.0
70,Tres Rios,TRE_L2,Maguary_Maracuja,1,0.0,0.0,0.0,0.0,14823.0,0.0
70,Tres Rios,TRE_L2,Maguary_Maracuja,2,0.0,0.0,0.0,0.0,33969.45,0.0
70,Tres Rios,TRE_L2,Maguary_Maracuja,3,0.0,0.0,0.0,0.0,32185.620000000003,0.0
70,Tres Rios,TRE_L2,Maguary_Maracuja,4,0.0,0.0,0.0,0.0,16059.609999999999,0.0
70,Tres Rios,TRE_L2,Maguary_Maracuja,5,0.0,0.0,0.0,0.0,28589.22,0.0
70,Tres Rios,TRE_L2,Maguary_Maracuja,6,0.0,0.0,0.0,0.0,21246.35,12011.33
70,Tres Rios,TRE_L2,Maguary_Maracuja,7,0.0,0.0,7399.34,0.0,40680.0,7399.34
70,Tres Rios,TRE_L2,Maguary_Maracuja,8,0.0,0.0,0.0,0.0,40295.99999999999,2802.12
70,Tres Rios,TRE_L2,Maguary_Maracuja,9,0.0,0.0,0.0,0.0,39336.0,0.0
70,Tres Rios,TRE_L2,Maguary_Maracuja,10,0.0,0.0,0.0,0.0,15605.51,0.0
70,Tres Rios,TRE_L2,Maguary_Maracuja,11,0.0,0.0,0.0,0.0,0.0,0.0
70,Tres Rios,TRE_L2,Maguary_Maracuja,12,0.0,0.0,0.0,0.0,38784.0,0.0
70,Tres Rios,TRE_L2,Maguary_Maracuja,13,0.0,0.0,0.0,0.0,29394.700000000004,0.0
70,Tres Rios,TRE_L2,Maguary_Maracuja,14,0.0,0.0,0.0,0.0,27047.28,0.0
70,Tres Rios,TRE_L2,Maguary_Maracuja,15,0.0,0.0,0.0,0.0,34752.86,0.0
70,Tres Rios,TRE_L2,Coca_Cola,1,0.0,0.0,0.0,0.0,0.0,0.0
70,Tres Rios,TRE_L2,Coca_Cola,2,0.0,0.0,0.0,0.0,0.0,0.0
70,Tres Rios,TRE_L2,Coca_Cola,3,0.0,0.0,0.0,0.0,0.0,0.0
70,Tres Rios,TRE_L2,Coca_Cola,4,0.0,0.0,0.0,0.0,0.0,0.0
70,Tres Rios,TRE_L2,Coca_Cola,5,0.0,0.0,0.0,0.0,0.0,0.0
70,Tres Rios,TRE_L2,Coca_Cola,6,0.0,0.0,0.0,0.0,8581.309999999987,0.0
70,Tres Rios,TRE_L2,Coca_Cola,7,0.0,0.0,0.0,0.0,0.0,0.0
70,Tres Rios,TRE_L2,Coca_Cola,8,0.0,0.0,0.0,0.0,0.0,0.0
70,Tres Rios,TRE_L2,Coca_Cola,9,0.0,0.0,0.0,0.0,27968.75,0.0
70,Tres Rios,TRE_L2,Coca_Cola,10,0.0,0.0,0.0,0.0,0.0,626.67
70,Tres Rios,TRE_L2,Coca_Cola,11,0.0,0.0,0.0,0.0,0.0,0.0
70,Tres Rios,TRE_L2,Coca_Cola,12,0.0,0.0,0.0,0.0,12287.06,0.0
70,Tres Rios,TRE_L2,Coca_Cola,13,0.0,0.0,0.0,0.0,0.0,0.0
70,Tres Rios,TRE_L2,Coca_Cola,14,0.0,0.0,0.0,0.0,0.0,0.0
70,Tres Rios,TRE_L2,Coca_Cola,15,0.0,0.0,0.0,0.0,0.0,11094.320000000003
70,Tres Rios,TRE_L2,H2OH_Limao,1,0.0,0.0,27490.74,0.0,1229.8600000000079,27490.739999999998
70,Tres Rios,TRE_L2,H2OH_Limao,2,0.0,0.0,0.0,0.0,0.0,0.0
70,Tres Rios,TRE_L2,H2OH_Limao,3,0.0,0.0,0.0,0.0,0.0,0.0
70,Tres Rios,TRE_L2,H2OH_Limao,4,0.0,0.0,0.0,0.0,0.0,0.0
70,Tres Rios,TRE_L2,H2OH_Limao,5,0.0,0.0,0.0,0.0,0.0,0.0
70,Tres Rios,TRE_L2,H2OH_Limao,6,0.0,0.0,0.0,0.0,0.0,0.0
70,Tres Rios,TRE_L2,H2OH_Limao,7,0.0,0.0,0.0,0.0,0.0,0.0
70,Tres Rios,TRE_L2,H2OH_Limao,8,0.0,0.0,0.0,0.0,0.0,0.0
70,Tres Rios,TRE_L2,H2OH_Limao,9,0.0,0.0,0.0,0.0,0.0,0.0
70,Tres Rios,TRE_L2,H2OH_Limao,10,0.0,0.0,0.0,0.0,0.0,18087.91
70,Tres Rios,TRE_L2,H2OH_Limao,11,0.0,0.0,0.0,0.0,0.0,0.0
70,Tres Rios,TRE_L2,H2OH_Limao,12,0.0,0.0,0.0,0.0,0.0,0.0
70,Tres Rios,TRE_L2,H2OH_Limao,13,0.0,0.0,0.0,0.0,0.0,0.0
70,Tres Rios,TRE_L2,H2OH_Limao,14,0.0,0.0,0.0,0.0,0.0,0.0
70,Tres Rios,TRE_L2,H2OH_Limao,15,0.0,0.0,0.0,0.0,0.0,0.0
70,Tres Rios,TRE_L2,Schweppes_Citrus,1,0.0,0.0,0.0,0.0,0.0,0.0
70,Tres Rios,TRE_L2,Schweppes_Citrus,2,0.0,0.0,0.0,0.0,0.0,0.0
70,Tres Rios,TRE_L2,Schweppes_Citrus,3,0.0,0.0,0.0,0.0,0.0,0.0
70,Tres Rios,TRE_L2,Schweppes_Citrus,4,0.0,0.0,0.0,0.0,0.0,0.0
70,Tres Rios,TRE_L2,Schweppes_Citrus,5,0.0,0.0,0.0,0.0,0.0,0.0
70,Tres Rios,TRE_L2,Schweppes_Citrus,6,0.0,0.0,0.0,0.0,3894.0600000000013,0.0
70,Tres Rios,TRE_L2,Schweppes_Citrus,7,0.0,0.0,0.0,0.0,0.0,27856.06
70,Tres Rios,TRE_L2,Schweppes_Citrus,8,0.0,0.0,0.0,0.0,0.0,0.0
70,Tres Rios,TRE_L2,Schweppes_Citrus,9,0.0,0.0,0.0,0.0,0.0,0.0
70,Tres Rios,TRE_L2,Schweppes_Citrus,10,0.0,0.0,0.0,0.0,0.0,0.0
70,Tres Rios,TRE_L2,Schweppes_Citrus,11,0.0,0.0,16629.05,0.0,0.0,23131.47
70,Tres Rios,TRE_L2,Schweppes_Citrus,12,0.0,0.0,0.0,0.0,0.0,0.0
70,Tres Rios,TRE_L2,Schweppes_Citrus,13,0.0,0.0,0.0,0.0,0.0,0.0
70,Tres Rios,TRE_L2,Schweppes_Citrus,14,0.0,0.0,0.0,0.0,0.0,0.0
70,Tres Rios,TRE_L2,Schweppes_Citrus,15,0.0,0.0,0.0,0.0,0.0,0.0
70,Tres Rios,TRE_L2,Sprite,1,0.0,0.0,0.0,0.0,0.0,0.0
70,Tres Rios,TRE_L2,Sprite,2,0.0,0.0,0.0,0.0,0.0,0.0
70,Tres Rios,TRE_L2,Sprite,3,0.0,0.0,0.0,0.0,0.0,0.0
70,Tres Rios,TRE_L2,Sprite,4,0.0,0.0,0.0,0.0,0.0,0.0
70,Tres Rios,TRE_L2,Sprite,5,0.0,0.0,0.0,0.0,0.0,0.0
70,Tres Rios,TRE_L2,Sprite,6,0.0,0.0,0.0,0.0,0.0,0.0
70,Tres Rios,TRE_L2,Sprite,7,0.0,0.0,0.0,0.0,0.0,0.0
70,Tres Rios,TRE_L2,Sprite,8,0.0,0.0,0.0,0.0,0.0,0.0
70,Tres Rios,TRE_L2,Sprite,9,0.0,0.0,0.0,0.0,0.0,0.0
70,Tres Rios,TRE_L2,Sprite,10,0.0,0.0,0.0,0.0,0.0,0.0
70,Tres Rios,TRE_L2,Sprite,11,0.0,0.0,0.0,0.0,0.0,0.0
70,Tres Rios,TRE_L2,Sprite,12,0.0,0.0,0.0,0.0,0.0,0.0
70,Tres Rios,TRE_L2,Sprite,13,0.0,0.0,0.0,0.0,0.0,0.0
70,Tres Rios,TRE_L2,Sprite,14,0.0,0.0,0.0,0.0,0.0,0.0
70,Tres Rios,TRE_L2,Sprite,15,0.0,0.0,0.0,0.0,0.0,0.0
70,Tres Rios,TRE_L2,Del_Valle_Uva,1,0.0,0.0,0.0,0.0,0.0,0.0
70,Tres Rios,TRE_L2,Del_Valle_Uva,2,0.0,0.0,0.0,0.0,0.0,0.0
70,Tres Rios,TRE_L2,Del_Valle_Uva,3,0.0,0.0,0.0,0.0,0.0,8698.79
70,Tres Rios,TRE_L2,Del_Valle_Uva,4,0.0,0.0,0.0,0.0,0.0,0.0
70,Tres Rios,TRE_L2,Del_Valle_Uva,5,0.0,0.0,0.0,0.0,0.0,0.0
70,Tres Rios,TRE_L2,Del_Valle_Uva,6,0.0,0.0,0.0,0.0,0.0,13234.2
70,Tres Rios,TRE_L2,Del_Valle_Uva,7,0.0,0.0,0.0,0.0,0.0,0.0
70,Tres Rios,TRE_L2,Del_Valle_Uva,8,0.0,0.0,0.0,0.0,0.0,0.0
70,Tres Rios,TRE_L2,Del_Valle_Uva,9,0.0,0.0,0.0,0.0,0.0,0.0
70,Tres Rios,TRE_L2,Del_Valle_Uva,10,0.0,0.0,0.0,0.0,0.0,0.0
70,Tres Rios,TRE_L2,Del_Valle_Uva,11,0.0,0.0,0.0,0.0,0.0,0.0
70,Tres Rios,TRE_L2,Del_Valle_Uva,12,0.0,0.0,0.0,0.0,0.0,0.0
70,Tres Rios,TRE_L2,Del_Valle_Uva,13,0.0,0.0,0.0,0.0,0.0,0.0
70,Tres Rios,TRE_L2,Del_Valle_Uva,14,0.0,0.0,0.0,0.0,0.0,0.0
70,Tres Rios,TRE_L2,Del_Valle_Uva,15,0.0,0.0,0.0,0.0,0.0,0.0
70,Tres Rios,TRE_L2,Pepsi,1,0.0,0.0,0.0,0.0,0.0,0.0
70,Tres Rios,TRE_L2,Pepsi,2,0.0,0.0,0.0,0.0,0.0,0.0
70,Tres Rios,TRE_L2,Pepsi,3,0.0,0.0,0.0,0.0,0.0,0.0
70,Tres Rios,TRE_L2,Pepsi,4,0.0,0.0,0.0,0.0,0.0,28001.77
70,Tres Rios,TRE_L2,Pepsi,5,0.0,0.0,0.0,0.0,0.0,0.0
70,Tres Rios,TRE_L2,Pepsi,6,0.0,0.0,0.0,0.0,0.0,0.0
70,Tres Rios,TRE_L2,Pepsi,7,0.0,0.0,0.0,0.0,0.0,0.0
70,Tres Rios,TRE_L2,Pepsi,8,0.0,0.0,0.0,0.0,0.0,0.0
70,Tres Rios,TRE_L2,Pepsi,9,0.0,0.0,27049.86,0.0,0.0,27049.86
70,Tres Rios,TRE_L2,Pepsi,10,0.0,0.0,0.0,0.0,0.0,0.0
70,Tres Rios,TRE_L2,Pepsi,11,0.0,0.0,0.0,0.0,0.0,0.0
70,Tres Rios,TRE_L2,Pepsi,12,0.0,0.0,0.0,0.0,0.0,0.0
70,Tres Rios,TRE_L2,Pepsi,13,0.0,0.0,0.0,0.0,0.0,3164.23
70,Tres Rios,TRE_L2,Pepsi,14,0.0,0.0,0.0,0.0,0.0,0.0
70,Tres Rios,TRE_L2,Pepsi,15,0.0,0.0,0.0,0.0,0.0,0.0
70,Tres Rios,TRE_L3,Fanta_Laranja,1,0.0,0.0,0.0,0.0,0.0,0.0
70,Tres Rios,TRE_L3,Fanta_Laranja,2,0.0,0.0,0.0,0.0,0.0,0.0
70,Tres Rios,TRE_L3,Fanta_Laranja,3,0.0,0.0,0.0,0.0,0.0,0.0
70,Tres Rios,TRE_L3,Fanta_Laranja,4,0.0,0.0,0.0,0.0,0.0,0.0
70,Tres Rios,TRE_L3,Fanta_Laranja,5,0.0,0.0,0.0,0.0,0.0,0.0
70,Tres Rios,TRE_L3,Fanta_Laranja,6,0.0,0.0,0.0,0.0,0.0,0.0
70,Tres Rios,TRE_L3,Fanta_Laranja,7,0.0,0.0,0.0,0.0,0.0,0.0
70,Tres Rios,TRE_L3,Fanta_Laranja,8,0.0,0.0,0.0,0.0,0.0,0.0
70,Tres Rios,TRE_L3,Fanta_Laranja,9,0.0,0.0,0.0,0.0,0.0,0.0
70,Tres Rios,TRE_L3,Fanta_Laranja,10,0.0,0.0,0.0,0.0,0.0,0.0
70,Tres Rios,TRE_L3,Fanta_Laranja,11,0.0,0.0,0.0,0.0,0.0,0.0
70,Tres Rios,TRE_L3,Fanta_Laranja,12,0.0,0.0,0.0,0.0,0.0,0.0
70,Tres Rios,TRE_L3,Fanta_Laranja,13,0.0,0.0,0.0,0.0,0.0,0.0
70,Tres Rios,TRE_L3,Fanta_Laranja,14,0.0,0.0,27691.18,0.0,0.0,27691.18
70,Tres Rios,TRE_L3,Fanta_Laranja,15,0.0,0.0,0.0,0.0,0.0,0.0
70,Tres Rios,TRE_L3,Itubaina,1,0.0,0.0,0.0,0.0,0.0,0.0
70,Tres Rios,TRE_L3,Itubaina,2,0.0,0.0,0.0,0.0,0.0,8630.59
70,Tres Rios,TRE_L3,Itubaina,3,0.0,0.0,0.0,0.0,0.0,27742.65
70,Tres Rios,TRE_L3,Itubaina,4,0.0,0.0,0.0,0.0,0.0,0.0
70,Tres Rios,TRE_L3,Itubaina,5,0.0,0.0,28680.97,0.0,0.0,28680.97
70,Tres Rios,TRE_L3,Itubaina,6,0.0,0.0,0.0,0.0,0.0,0.0
70,Tres Rios,TRE_L3,Itubaina,7,0.0,0.0,0.0,0.0,0.0,0.0
70,Tres Rios,TRE_L3,Itubaina,8,0.0,0.0,0.0,0.0,0.0,0.0
70,Tres Rios,TRE_L3,Itubaina,9,0.0,0.0,0.0,0.0,0.0,0.0
70,Tres Rios,TRE_L3,Itubaina,10,0.0,0.0,0.0,0.0,0.0,0.0
70,Tres Rios,TRE_L3,Itubaina,11,0.0,0.0,0.0,0.0,0.0,0.0
70,Tres Rios,TRE_L3,Itubaina,12,0.0,0.0,0.0,0.0,0.0,28082.62
70,Tres Rios,TRE_L3,Itubaina,13,0.0,0.0,0.0,0.0,0.0,0.0
70,Tres Rios,TRE_L3,Itubaina,14,0.0,0.0,0.0,0.0,0.0,0.0
70,Tres Rios,TRE_L3,Itubaina,15,0.0,0.0,0.0,0.0,0.0,0.0
70,Tres Rios,TRE_L3,Skol_Lata,1,0.0,0.0,0.0,0.0,0.0,0.0
70,Tres Rios,TRE_L3,Skol_Lata,2,0.0,0.0,0.0,0.0,0.0,18231.46
70,Tres Rios,TRE_L3,Skol_Lata,3,0.0,0.0,0.0,0.0,0.0,0.0
70,Tres Rios,TRE_L3,Skol_Lata,4,0.0,0.0,0.0,0.0,0.0,0.0
70,Tres Rios,TRE_L3,Skol_Lata,5,0.0,0.0,0.0,0.0,0.0,0.0
70,Tres Rios,TRE_L3,Skol_Lata,6,0.0,0.0,0.0,0.0,0.0,12063.64
70,Tres Rios,TRE_L3,Skol_Lata,7,0.0,0.0,0.0,0.0,0.0,0.0
70,Tres Rios,TRE_L3,Skol_Lata,8,0.0,0.0,0.0,0.0,0.0,0.0
70,Tres Rios,TRE_L3,Skol_Lata,9,0.0,0.0,0.0,0.0,0.0,0.0
70,Tres Rios,TRE_L3,Skol_Lata,10,0.0,0.0,0.0,0.0,0.0,0.0
70,Tres Rios,TRE_L3,Skol_Lata,11,0.0,0.0,0.0,0.0,0.0,0.0
70,Tres Rios,TRE_L3,Skol_Lata,12,0.0,0.0,0.0,0.0,0.0,0.0
70,Tres Rios,TRE_L3,Skol_Lata,13,0.0,0.0,0.0,0.0,0.0,0.0
70,Tres Rios,TRE_L3,Skol_Lata,14,0.0,0.0,0.0,0.0,0.0,0.0
70,Tres Rios,TRE_L3,Skol_Lata,15,0.0,0.0,0.0,0.0,0.0,0.0
70,Tres Rios,TRE_L3,Heineken_Lata,1,0.0,0.0,0.0,0.0,0.0,0.0
70,Tres Rios,TRE_L3,Heineken_Lata,2,0.0,0.0,0.0,0.0,0.0,0.0
70,Tres Rios,TRE_L3,Heineken_Lata,3,0.0,0.0,0.0,0.0,0.0,0.0
70,Tres Rios,TRE_L3,Heineken_Lata,4,0.0,0.0,0.0,0.0,0.0,0.0
70,Tres Rios,TRE_L3,Heineken_Lata,5,0.0,0.0,0.0,0.0,0.0,0.0
70,Tres Rios,TRE_L3,Heineken_Lata,6,0.0,0.0,0.0,0.0,0.0,0.0
70,Tres Rios,TRE_L3,Heineken_Lata,7,0.0,0.0,0.0,0.0,0.0,0.0
70,Tres Rios,TRE_L3,Heineken_Lata,8,0.0,0.0,0.0,0.0,0.0,0.0
70,Tres Rios,TRE_L3,Heineken_Lata,9,0.0,0.0,0.0,0.0,0.0,0.0
70,Tres Rios,TRE_L3,Heineken_Lata,10,0.0,0.0,0.0,0.0,0.0,0.0
70,Tres Rios,TRE_L3,Heineken_Lata,11,0.0,0.0,0.0,0.0,0.0,0.0
70,Tres Rios,TRE_L3,Heineken_Lata,12,0.0,0.0,0.0,0.0,0.0,0.0
70,Tres Rios,TRE_L3,Heineken_Lata,13,0.0,0.0,0.0,0.0,0.0,0.0
70,Tres Rios,TRE_L3,Heineken_Lata,14,0.0,0.0,0.0,0.0,0.0,0.0
70,Tres Rios,TRE_L3,Heineken_Lata,15,0.0,0.0,0.0,0.0,0.0,0.0
70,Tres Rios,TRE_L3,Coca_Cola_Zero,1,0.0,0.0,0.0,0.0,0.0,0.0
70,Tres Rios,TRE_L3,Coca_Cola_Zero,2,0.0,0.0,0.0,0.0,0.0,0.0
70,Tres Rios,TRE_L3,Coca_Cola_Zero,3,0.0,0.0,0.0,0.0,0.0,0.0
70,Tres Rios,TRE_L3,Coca_Cola_Zero,4,0.0,0.0,0.0,0.0,0.0,0.0
70,Tres Rios,TRE_L3,Coca_Cola_Zero,5,0.0,0.0,0.0,0.0,0.0,0.0
70,Tres Rios,TRE_L3,Coca_Cola_Zero,6,0.0,0.0,0.0,0.0,0.0,0.0
70,Tres Rios,TRE_L3,Coca_Cola_Zero,7,0.0,0.0,0.0,0.0,0.0,0.0
70,Tres Rios,TRE_L3,Coca_Cola_Zero,8,0.0,0.0,16198.0,0.0,0.0,16198.0
70,Tres Rios,TRE_L3,Coca_Cola_Zero,9,0.0,0.0,0.0,0.0,0.0,0.0
70,Tres Rios,TRE_L3,Coca_Cola_Zero,10,0.0,0.0,0.0,0.0,0.0,0.0
70,Tres Rios,TRE_L3,Coca_Cola_Zero,11,0.0,0.0,9818.71,0.0,0.0,32781.520000000004
70,Tres Rios,TRE_L3,Coca_Cola_Zero,12,0.0,0.0,11611.61,0.0,0.0,11611.61
70,Tres Rios,TRE_L3,Coca_Cola_Zero,13,0.0,0.0,0.0,0.0,0.0,0.0
70,Tres Rios,TRE_L3,Coca_Cola_Zero,14,0.0,0.0,0.0,0.0,0.0,0.0
70,Tres Rios,TRE_L3,Coca_Cola_Zero,15,0.0,0.0,1247.97,0.0,0.0,1247.97
70,Tres Rios,TRE_L3,Antarctica_Lata,1,0.0,0.0,0.0,0.0,0.0,0.0
70,Tres Rios,TRE_L3,Antarctica_Lata,2,0.0,0.0,0.0,0.0,0.0,11292.86
70,Tres Rios,TRE_L3,Antarctica_Lata,3,0.0,0.0,0.0,0.0,0.0,0.0
70,Tres Rios,TRE_L3,Antarctica_Lata,4,0.0,0.0,0.0,0.0,0.0,0.0
70,Tres Rios,TRE_L3,Antarctica_Lata,5,0.0,0.0,0.0,0.0,0.0,0.0
70,Tres Rios,TRE_L3,Antarctica_Lata,6,0.0,0.0,0.0,0.0,0.0,0.0
70,Tres Rios,TRE_L3,Antarctica_Lata,7,0.0,0.0,0.0,0.0,0.0,0.0
70,Tres Rios,TRE_L3,Antarctica_Lata,8,0.0,0.0,0.0,0.0,0.0,1951.77
70,Tres Rios,TRE_L3,Antarctica_Lata,9,0.0,0.0,0.0,0.0,0.0,0.0
70,Tres Rios,TRE_L3,Antarctica_Lata,10,0.0,0.0,0.0,0.0,0.0,0.0
70,Tres Rios,TRE_L3,Antarctica_Lata,11,0.0,0.0,0.0,0.0,0.0,11561.13
70,Tres Rios,TRE_L3,Antarctica_Lata,12,0.0,0.0,0.0,0.0,0.0,0.0
70,Tres Rios,TRE_L3,Antarctica_Lata,13,0.0,0.0,0.0,0.0,0.0,0.0
70,Tres Rios,TRE_L3,Antarctica_Lata,14,0.0,0.0,0.0,0.0,0.0,0.0
70,Tres Rios,TRE_L3,Antarctica_Lata,15,0.0,0.0,0.0,0.0,0.0,0.0
70,Tres Rios,TRE_L3,Spaten_Lata,1,0.0,0.0,0.0,0.0,0.0,0.0
70,Tres Rios,TRE_L3,Spaten_Lata,2,0.0,0.0,0.0,0.0,0.0,0.0
70,Tres Rios,TRE_L3,Spaten_Lata,3,0.0,0.0,0.0,0.0,0.0,0.0
70,Tres Rios,TRE_L3,Spaten_Lata,4,0.0,0.0,0.0,0.0,0.0,0.0
70,Tres Rios,TRE_L3,Spaten_Lata,5,0.0,0.0,0.0,0.0,0.0,0.0
70,Tres Rios,TRE_L3,Spaten_Lata,6,0.0,0.0,0.0,0.0,0.0,0.0
70,Tres Rios,TRE_L3,Spaten_Lata,7,0.0,0.0,0.0,0.0,0.0,0.0
70,Tres Rios,TRE_L3,Spaten_Lata,8,0.0,0.0,0.0,0.0,0.0,12356.76
70,Tres Rios,TRE_L3,Spaten_Lata,9,0.0,0.0,26685.16,0.0,0.0,26685.16
70,Tres Rios,TRE_L3,Spaten_Lata,10,0.0,0.0,0.0,0.0,0.0,0.0
70,Tres Rios,TRE_L3,Spaten_Lata,11,0.0,0.0,0.0,0.0,0.0,0.0
70,Tres Rios,TRE_L3,Spaten_Lata,12,0.0,0.0,0.0,0.0,0.0,0.0
70,Tres Rios,TRE_L3,Spaten_Lata,13,0.0,0.0,0.0,0.0,44.50999999999294,0.0
70,Tres Rios,TRE_L3,Spaten_Lata,14,0.0,0.0,0.0,0.0,11937.970000000003,8919.41
70,Tres Rios,TRE_L3,Spaten_Lata,15,0.0,0.0,0.0,0.0,0.0,0.0
70,Tres Rios,TRE_L3,Maguary_Caju,1,0.0,0.0,0.0,0.0,0.0,0.0
70,Tres Rios,TRE_L3,Maguary_Caju,2,0.0,0.0,6374.12,0.0,0.0,6374.12
70,Tres Rios,TRE_L3,Maguary_Caju,3,0.0,0.0,0.0,0.0,0.0,0.0
70,Tres Rios,TRE_L3,Maguary_Caju,4,0.0,0.0,0.0,0.0,0.0,0.0
70,Tres Rios,TRE_L3,Maguary_Caju,5,0.0,0.0,0.0,0.0,0.0,2846.12
70,Tres Rios,TRE_L3,Maguary_Caju,6,0.0,0.0,0.0,0.0,0.0,0.0
70,Tres Rios,TRE_L3,Maguary_Caju,7,0.0,0.0,0.0,0.0,0.0,0.0
70,Tres Rios,TRE_L3,Maguary_Caju,8,0.0,0.0,0.0,0.0,0.0,0.0
70,Tres Rios,TRE_L3,Maguary_Caju,9,0.0,0.0,0.0,0.0,0.0,0.0
70,Tres Rios,TRE_L3,Maguary_Caju,10,0.0,0.0,0.0,0.0,0.0,0.0
70,Tres Rios,TRE_L3,Maguary_Caju,11,0.0,0.0,0.0,0.0,0.0,0.0
70,Tres Rios,TRE_L3,Maguary_Caju,12,0.0,0.0,0.0,0.0,0.0,0.0
70,Tres Rios,TRE_L3,Maguary_Caju,13,0.0,0.0,0.0,0.0,0.0,0.0
70,Tres Rios,TRE_L3,Maguary_Caju,14,0.0,0.0,0.0,0.0,0.0,0.0
70,Tres Rios,TRE_L3,Maguary_Caju,15,0.0,0.0,0.0,0.0,0.0,0.0
70,Tres Rios,TRE_L3,Del_Valle_Pessego,1,0.0,0.0,0.0,0.0,22660.899999999994,0.0
70,Tres Rios,TRE_L3,Del_Valle_Pessego,2,0.0,0.0,0.0,0.0,0.0,0.0
70,Tres Rios,TRE_L3,Del_Valle_Pessego,3,0.0,0.0,0.0,0.0,0.0,28321.54
70,Tres Rios,TRE_L3,Del_Valle_Pessego,4,0.0,0.0,0.0,0.0,0.0,0.0
70,Tres Rios,TRE_L3,Del_Valle_Pessego,5,0.0,0.0,0.0,0.0,0.0,0.0
70,Tres Rios,TRE_L3,Del_Valle_Pessego,6,0.0,0.0,0.0,0.0,0.0,0.0
70,Tres Rios,TRE_L3,Del_Valle_Pessego,7,0.0,0.0,0.0,0.0,0.0,0.0
70,Tres Rios,TRE_L3,Del_Valle_Pessego,8,0.0,0.0,0.0,0.0,0.0,0.0
70,Tres Rios,TRE_L3,Del_Valle_Pessego,9,0.0,0.0,0.0,0.0,0.0,0.0
70,Tres Rios,TRE_L3,Del_Valle_Pessego,10,0.0,0.0,0.0,0.0,0.0,0.0
70,Tres Rios,TRE_L3,Del_Valle_Pessego,11,0.0,0.0,0.0,0.0,0.0,0.0
70,Tres Rios,TRE_L3,Del_Valle_Pessego,12,0.0,0.0,0.0,0.0,0.0,0.0
70,Tres Rios,TRE_L3,Del_Valle_Pessego,13,0.0,0.0,0.0,0.0,0.0,0.0
70,Tres Rios,TRE_L3,Del_Valle_Pessego,14,0.0,0.0,0.0,0.0,0.0,0.0
70,Tres Rios,TRE_L3,Del_Valle_Pessego,15,0.0,0.0,0.0,0.0,0.0,0.0
70,Tres Rios,TRE_L3,Stella_Artois_Pure_Gold,1,14818.48,0.0,0.0,0.0,14818.48,0.0
70,Tres Rios,TRE_L3,Stella_Artois_Pure_Gold,2,35448.0,0.0,0.0,0.0,35448.0,9454.84
70,Tres Rios,TRE_L3,Stella_Artois_Pure_Gold,3,21597.72,0.0,0.0,0.0,21597.72,0.0
70,Tres Rios,TRE_L3,Stella_Artois_Pure_Gold,4,34992.0,0.0,25656.41,0.0,9335.59,0.0
70,Tres Rios,TRE_L3,Stella_Artois_Pure_Gold,5,26730.49,0.0,0.0,0.0,26730.49,0.0
70,Tres Rios,TRE_L3,Stella_Artois_Pure_Gold,6,6987.01,0.0,0.0,0.0,6987.01,0.0
70,Tres Rios,TRE_L3,Stella_Artois_Pure_Gold,7,18579.629999999997,0.0,0.0,0.0,18579.629999999997,0.0
70,Tres Rios,TRE_L3,Stella_Artois_Pure_Gold,8,39408.0,0.0,0.0,0.0,39408.0,0.0
70,Tres Rios,TRE_L3,Stella_Artois_Pure_Gold,9,10935.25,0.0,0.0,0.0,10935.25,0.0
70,Tres Rios,TRE_L3,Stella_Artois_Pure_Gold,10,39469.99999999999,0.0,7881.36,0.0,31588.639999999992,0.0
70,Tres Rios,TRE_L3,Stella_Artois_Pure_Gold,11,36552.0,0.0,0.0,0.0,36552.00000000001,0.0
70,Tres Rios,TRE_L3,Stella_Artois_Pure_Gold,12,27168.940000000002,0.0,10746.37,0.0,16422.57,0.0
70,Tres Rios,TRE_L3,Stella_Artois_Pure_Gold,13,25336.19,0.0,0.0,0.0,25336.19,0.0
70,Tres Rios,TRE_L3,Stella_Artois_Pure_Gold,14,39288.0,0.0,0.0,0.0,39288.0,0.0
70,Tres Rios,TRE_L3,Stella_Artois_Pure_Gold,15,31096.190000000002,0.0,0.0,0.0,31096.190000000002,31096.190000000002
70,Tres Rios,TRE_L3,Sprite_Zero,1,0.0,0.0,0.0,0.0,0.0,0.0
70,Tres Rios,TRE_L3,Sprite_Zero,2,0.0,0.0,0.0,0.0,0.0,0.0
70,Tres Rios,TRE_L3,Sprite_Zero,3,0.0,0.0,0.0,0.0,0.0,0.0
70,Tres Rios,TRE_L3,Sprite_Zero,4,0.0,0.0,0.0,0.0,0.0,0.0
70,Tres Rios,TRE_L3,Sprite_Zero,5,0.0,0.0,0.0,0.0,0.0,0.0
70,Tres Rios,TRE_L3,Sprite_Zero,6,0.0,0.0,0.0,0.0,0.0,7560.86
70,Tres Rios,TRE_L3,Sprite_Zero,7,0.0,0.0,0.0,0.0,0.0,0.0
70,Tres Rios,TRE_L3,Sprite_Zero,8,0.0,0.0,0.0,0.0,0.0,0.0
70,Tres Rios,TRE_L3,Sprite_Zero,9,0.0,0.0,0.0,0.0,0.0,27942.54
70,Tres Rios,TRE_L3,Sprite_Zero,10,0.0,0.0,0.0,0.0,0.0,0.0
70,Tres Rios,TRE_L3,Sprite_Zero,11,0.0,0.0,0.0,0.0,0.0,6046.35
70,Tres Rios,TRE_L3,Sprite_Zero,12,0.0,0.0,0.0,0.0,0.0,0.0
70,Tres Rios,TRE_L3,Sprite_Zero,13,0.0,0.0,0.0,0.0,0.0,0.0
70,Tres Rios,TRE_L3,Sprite_Zero,14,0.0,0.0,0.0,0.0,0.0,0.0
70,Tres Rios,TRE_L3,Sprite_Zero,15,0.0,0.0,0.0,0.0,0.0,0.0
70,Tres Rios,TRE_L3,Kuat,1,0.0,0.0,0.0,0.0,0.0,0.0
70,Tres Rios,TRE_L3,Kuat,2,0.0,0.0,18681.95,0.0,0.0,18681.95
70,Tres Rios,TRE_L3,Kuat,3,0.0,0.0,0.0,0.0,0.0,0.0
70,Tres Rios,TRE_L3,Kuat,4,0.0,0.0,0.0,0.0,0.0,0.0
70,Tres Rios,TRE_L3,Kuat,5,0.0,0.0,0.0,0.0,0.0,0.0
70,Tres Rios,TRE_L3,Kuat,6,0.0,0.0,0.0,0.0,0.0,0.0
70,Tres Rios,TRE_L3,Kuat,7,0.0,0.0,0.0,0.0,0.0,0.0
70,Tres Rios,TRE_L3,Kuat,8,0.0,0.0,0.0,0.0,0.0,0.0
70,Tres Rios,TRE_L3,Kuat,9,0.0,0.0,0.0,0.0,0.0,0.0
70,Tres Rios,TRE_L3,Kuat,10,1258.0000000000089,0.0,0.0,0.0,1258.0000000000089,10111.02
70,Tres Rios,TRE_L3,Kuat,11,0.0,0.0,0.0,0.0,0.0,0.0
70,Tres Rios,TRE_L3,Kuat,12,0.0,0.0,0.0,0.0,0.0,0.0
70,Tres Rios,TRE_L3,Kuat,13,0.0,0.0,0.0,0.0,0.0,0.0
70,Tres Rios,TRE_L3,Kuat,14,0.0,0.0,0.0,0.0,0.0,0.0
70,Tres Rios,TRE_L3,Kuat,15,0.0,0.0,0.0,0.0,0.0,0.0
70,Tres Rios,TRE_L3,Sukita_Laranja,1,0.0,0.0,0.0,0.0,0.0,0.0
70,Tres Rios,TRE_L3,Sukita_Laranja,2,0.0,0.0,0.0,0.0,0.0,0.0
70,Tres Rios,TRE_L3,Sukita_Laranja,3,0.0,0.0,0.0,0.0,0.0,0.0
70,Tres Rios,TRE_L3,Sukita_Laranja,4,0.0,0.0,0.0,0.0,0.0,0.0
70,Tres Rios,TRE_L3,Sukita_Laranja,5,0.0,0.0,0.0,0.0,0.0,0.0
70,Tres Rios,TRE_L3,Sukita_Laranja,6,0.0,0.0,0.0,0.0,0.0,0.0
70,Tres Rios,TRE_L3,Sukita_Laranja,7,0.0,0.0,0.0,0.0,0.0,0.0
70,Tres Rios,TRE_L3,Sukita_Laranja,8,0.0,0.0,0.0,0.0,0.0,13590.99
70,Tres Rios,TRE_L3,Sukita_Laranja,9,0.0,0.0,0.0,0.0,0.0,0.0
70,Tres Rios,TRE_L3,Sukita_Laranja,10,0.0,0.0,22452.58,0.0,0.0,22452.58
70,Tres Rios,TRE_L3,Sukita_Laranja,11,0.0,0.0,0.0,0.0,0.0,0.0
70,Tres Rios,TRE_L3,Sukita_Laranja,12,0.0,0.0,0.0,0.0,0.0,0.0
70,Tres Rios,TRE_L3,Sukita_Laranja,13,0.0,0.0,0.0,0.0,0.0,0.0
70,Tres Rios,TRE_L3,Sukita_Laranja,14,0.0,0.0,0.0,0.0,0.0,0.0
70,Tres Rios,TRE_L3,Sukita_Laranja,15,0.0,0.0,0.0,0.0,0.0,0.0
70,Tres Rios,TRE_L3,Budweiser_Lata,1,0.0,0.0,0.0,0.0,0.0,0.0
70,Tres Rios,TRE_L3,Budweiser_Lata,2,0.0,0.0,0.0,0.0,0.0,0.0
70,Tres Rios,TRE_L3,Budweiser_Lata,3,0.0,0.0,0.0,0.0,0.0,0.0
70,Tres Rios,TRE_L3,Budweiser_Lata,4,0.0,0.0,0.0,0.0,0.0,10984.8
70,Tres Rios,TRE_L3,Budweiser_Lata,5,0.0,0.0,0.0,0.0,0.0,0.0
70,Tres Rios,TRE_L3,Budweiser_Lata,6,0.0,0.0,0.0,0.0,0.0,0.0
70,Tres Rios,TRE_L3,Budweiser_Lata,7,0.0,0.0,0.0,0.0,0.0,0.0
70,Tres Rios,TRE_L3,Budweiser_Lata,8,0.0,0.0,0.0,0.0,0.0,0.0
70,Tres Rios,TRE_L3,Budweiser_Lata,9,0.0,0.0,0.0,0.0,0.0,0.0
70,Tres Rios,TRE_L3,Budweiser_Lata,10,0.0,0.0,0.0,0.0,0.0,0.0
70,Tres Rios,TRE_L3,Budweiser_Lata,11,0.0,0.0,0.0,0.0,0.0,0.0
70,Tres Rios,TRE_L3,Budweiser_Lata,12,0.0,0.0,0.0,0.0,0.0,0.0
70,Tres Rios,TRE_L3,Budweiser_Lata,13,0.0,0.0,0.0,0.0,0.0,26247.3
70,Tres Rios,TRE_L3,Budweiser_Lata,14,0.0,0.0,0.0,0.0,0.0,0.0
70,Tres Rios,TRE_L3,Budweiser_Lata,15,0.0,0.0,0.0,0.0,0.0,0.0
70,Tres Rios,TRE_L3,Guarana_Antarctica_Zero,1,0.0,0.0,0.0,0.0,0.0,0.0
70,Tres Rios,TRE_L3,Guarana_Antarctica_Zero,2,0.0,0.0,0.0,0.0,0.0,0.0
70,Tres Rios,TRE_L3,Guarana_Antarctica_Zero,3,0.0,0.0,0.0,0.0,0.0,0.0
70,Tres Rios,TRE_L3,Guarana_Antarctica_Zero,4,0.0,0.0,0.0,0.0,0.0,0.0
70,Tres Rios,TRE_L3,Guarana_Antarctica_Zero,5,0.0,0.0,0.0,0.0,0.0,0.0
70,Tres Rios,TRE_L3,Guarana_Antarctica_Zero,6,0.0,0.0,0.0,0.0,0.0,0.0
70,Tres Rios,TRE_L3,Guarana_Antarctica_Zero,7,0.0,0.0,0.0,0.0,0.0,0.0
70,Tres Rios,TRE_L3,Guarana_Antarctica_Zero,8,0.0,0.0,0.0,0.0,0.0,0.0
70,Tres Rios,TRE_L3,Guarana_Antarctica_Zero,9,0.0,0.0,0.0,0.0,0.0,0.0
70,Tres Rios,TRE_L3,Guarana_Antarctica_Zero,10,0.0,0.0,0.0,0.0,0.0,22534.24
70,Tres Rios,TRE_L3,Guarana_Antarctica_Zero,11,0.0,0.0,0.0,0.0,0.0,0.0
70,Tres Rios,TRE_L3,Guarana_Antarctica_Zero,12,0.0,0.0,0.0,0.0,0.0,28666.12
70,Tres Rios,TRE_L3,Guarana_Antarctica_Zero,13,0.0,0.0,0.0,0.0,0.0,0.0
70,Tres Rios,TRE_L3,Guarana_Antarctica_Zero,14,0.0,0.0,0.0,0.0,0.0,0.0
70,Tres Rios,TRE_L3,Guarana_Antarctica_Zero,15,0.0,0.0,0.0,0.0,0.0,4813.51
70,Tres Rios,TRE_L3,Itaipava_Lata,1,0.0,0.0,2659.78,0.0,0.0,29220.62
70,Tres Rios,TRE_L3,Itaipava_Lata,2,0.0,0.0,0.0,0.0,0.0,0.0
70,Tres Rios,TRE_L3,Itaipava_Lata,3,0.0,32351.07,0.0,0.0,0.0,32351.07
70,Tres Rios,TRE_L3,Itaipava_Lata,4,0.0,27885.89,0.0,0.0,4465.18,0.0
70,Tres Rios,TRE_L3,Itaipava_Lata,5,0.0,13993.96,0.0,0.0,13891.93,0.0
70,Tres Rios,TRE_L3,Itaipava_Lata,6,0.0,21675.94,0.0,0.0,0.0,7681.98
70,Tres Rios,TRE_L3,Itaipava_Lata,7,0.0,0.0,0.0,0.0,21675.94,0.0
70,Tres Rios,TRE_L3,Itaipava_Lata,8,0.0,5379.129999999997,0.0,0.0,0.0,5379.129999999997
70,Tres Rios,TRE_L3,Itaipava_Lata,9,0.0,22214.07,0.0,0.0,0.0,16834.940000000002
70,Tres Rios,TRE_L3,Itaipava_Lata,10,0.0,0.0,0.0,0.0,22214.07,0.0
70,Tres Rios,TRE_L3,Itaipava_Lata,11,0.0,0.0,8147.89,0.0,0.0,8147.89
70,Tres Rios,TRE_L3,Itaipava_Lata,12,0.0,5363.949999999997,0.0,0.0,0.0,5363.949999999997
70,Tres Rios,TRE_L3,Itaipava_Lata,13,0.0,15473.599999999999,0.0,0.0,0.0,10109.650000000001
70,Tres Rios,TRE_L3,Itaipava_Lata,14,0.0,0.0,0.0,0.0,15473.599999999999,0.0
70,Tres Rios,TRE_L3,Itaipava_Lata,15,0.0,0.0,0.0,0.0,0.0,0.0
70,Tres Rios,TRE_L3,Brahma_Lata,1,0.0,0.0,23854.74,0.0,0.0,23854.74
70,Tres Rios,TRE_L3,Brahma_Lata,2,0.0,0.0,0.0,0.0,0.0,4722.7
70,Tres Rios,TRE_L3,Brahma_Lata,3,0.0,0.0,0.0,0.0,0.0,0.0
70,Tres Rios,TRE_L3,Brahma_Lata,4,0.0,0.0,0.0,0.0,0.0,0.0
70,Tres Rios,TRE_L3,Brahma_Lata,5,0.0,0.0,0.0,0.0,0.0,0.0
70,Tres Rios,TRE_L3,Brahma_Lata,6,0.0,0.0,0.0,0.0,0.0,0.0
70,Tres Rios,TRE_L3,Brahma_Lata,7,0.0,0.0,0.0,0.0,0.0,0.0
70,Tres Rios,TRE_L3,Brahma_Lata,8,0.0,0.0,0.0,0.0,0.0,0.0
70,Tres Rios,TRE_L3,Brahma_Lata,9,0.0,0.0,0.0,0.0,0.0,0.0
70,Tres Rios,TRE_L3,Brahma_Lata,10,0.0,0.0,0.0,0.0,0.0,0.0
70,Tres Rios,TRE_L3,Brahma_Lata,11,0.0,0.0,0.0,0.0,0.0,0.0
70,Tres Rios,TRE_L3,Brahma_Lata,12,0.0,0.0,0.0,0.0,0.0,0.0
70,Tres Rios,TRE_L3,Brahma_Lata,13,0.0,0.0,0.0,0.0,0.0,14496.54
70,Tres Rios,TRE_L3,Brahma_Lata,14,0.0,0.0,0.0,0.0,0.0,26295.55
70,Tres Rios,TRE_L3,Brahma_Lata,15,0.0,0.0,0.0,0.0,0.0,16149.16
70,Tres Rios,TRE_L3,Eisenbahn_Pilsen,1,15626.179999999997,0.0,0.0,0.0,15626.179999999997,0.0
70,Tres Rios,TRE_L3,Eisenbahn_Pilsen,2,0.0,0.0,0.0,0.0,0.0,0.0
70,Tres Rios,TRE_L3,Eisenbahn_Pilsen,3,0.0,0.0,19809.11,0.0,0.0,19809.11
70,Tres Rios,TRE_L3,Eisenbahn_Pilsen,4,0.0,0.0,0.0,0.0,0.0,0.0
70,Tres Rios,TRE_L3,Eisenbahn_Pilsen,5,12265.500000000002,0.0,0.0,0.0,12265.500000000002,40845.51
70,Tres Rios,TRE_L3,Eisenbahn_Pilsen,6,0.0,0.0,0.0,0.0,0.0,13118.81
70,Tres Rios,TRE_L3,Eisenbahn_Pilsen,7,0.0,0.0,0.0,0.0,0.0,0.0
70,Tres Rios,TRE_L3,Eisenbahn_Pilsen,8,0.0,0.0,0.0,0.0,0.0,0.0
70,Tres Rios,TRE_L3,Eisenbahn_Pilsen,9,0.0,0.0,0.0,0.0,0.0,0.0
70,Tres Rios,TRE_L3,Eisenbahn_Pilsen,10,0.0,0.0,0.0,0.0,0.0,0.0
70,Tres Rios,TRE_L3,Eisenbahn_Pilsen,11,0.0,0.0,0.0,0.0,0.0,0.0
70,Tres Rios,TRE_L3,Eisenbahn_Pilsen,12,0.0,0.0,0.0,0.0,0.0,0.0
70,Tres Rios,TRE_L3,Eisenbahn_Pilsen,13,0.0,0.0,0.0,0.0,0.0,0.0
70,Tres Rios,TRE_L3,Eisenbahn_Pilsen,14,0.0,0.0,0.0,0.0,0.0,18160.86
70,Tres Rios,TRE_L3,Eisenbahn_Pilsen,15,0.0,0.0,0.0,0.0,0.0,0.0
70,Tres Rios,TRE_L3,Pepsi_Black,1,0.0,0.0,0.0,0.0,0.0,14621.86
70,Tres Rios,TRE_L3,Pepsi_Black,2,0.0,0.0,0.0,0.0,14441.25,0.0
70,Tres Rios,TRE_L3,Pepsi_Black,3,0.0,0.0,0.0,0.0,0.0,0.0
70,Tres Rios,TRE_L3,Pepsi_Black,4,0.0,0.0,0.0,0.0,0.0,15993.360000000002
70,Tres Rios,TRE_L3,Pepsi_Black,5,0.0,0.0,0.0,0.0,13659.080000000002,0.0
70,Tres Rios,TRE_L3,Pepsi_Black,6,0.0,0.0,0.0,0.0,0.0,13840.669999999998
70,Tres Rios,TRE_L3,Pepsi_Black,7,0.0,0.0,24477.76,0.0,0.0,29964.27
70,Tres Rios,TRE_L3,Pepsi_Black,8,0.0,0.0,0.0,0.0,0.0,1401.180000000004
70,Tres Rios,TRE_L3,Pepsi_Black,9,0.0,0.0,0.0,0.0,0.0,19859.529999999995
70,Tres Rios,TRE_L3,Pepsi_Black,10,0.0,0.0,0.0,0.0,21260.71,0.0
70,Tres Rios,TRE_L3,Pepsi_Black,11,0.0,0.0,0.0,0.0,0.0,0.0
70,Tres Rios,TRE_L3,Pepsi_Black,12,0.0,0.0,0.0,0.0,0.0,1759.659999999998
70,Tres Rios,TRE_L3,Pepsi_Black,13,0.0,0.0,0.0,0.0,1759.659999999998,0.0
70,Tres Rios,TRE_L3,Pepsi_Black,14,0.0,0.0,0.0,0.0,0.0,4709.500000000004
70,Tres Rios,TRE_L3,Pepsi_Black,15,0.0,0.0,0.0,0.0,4709.500000000004,0.0
70,Tres Rios,TRE_L3,Guarana_Antarctica,1,0.0,0.0,0.0,0.0,0.0,0.0
70,Tres Rios,TRE_L3,Guarana_Antarctica,2,0.0,0.0,0.0,0.0,0.0,0.0
70,Tres Rios,TRE_L3,Guarana_Antarctica,3,0.0,0.0,0.0,0.0,0.0,0.0
70,Tres Rios,TRE_L3,Guarana_Antarctica,4,0.0,0.0,0.0,0.0,0.0,12438.74
70,Tres Rios,TRE_L3,Guarana_Antarctica,5,0.0,0.0,0.0,0.0,0.0,0.0
70,Tres Rios,TRE_L3,Guarana_Antarctica,6,0.0,0.0,0.0,0.0,0.0,0.0
70,Tres Rios,TRE_L3,Guarana_Antarctica,7,0.0,0.0,0.0,0.0,0.0,0.0
70,Tres Rios,TRE_L3,Guarana_Antarctica,8,0.0,0.0,0.0,0.0,0.0,27467.67
70,Tres Rios,TRE_L3,Guarana_Antarctica,9,0.0,0.0,0.0,0.0,0.0,0.0
70,Tres Rios,TRE_L3,Guarana_Antarctica,10,0.0,0.0,0.0,0.0,0.0,0.0
70,Tres Rios,TRE_L3,Guarana_Antarctica,11,0.0,0.0,0.0,0.0,0.0,0.0
70,Tres Rios,TRE_L3,Guarana_Antarctica,12,0.0,0.0,0.0,0.0,0.0,0.0
70,Tres Rios,TRE_L3,Guarana_Antarctica,13,0.0,0.0,0.0,0.0,0.0,0.0
70,Tres Rios,TRE_L3,Guarana_Antarctica,14,0.0,0.0,0.0,0.0,0.0,0.0
70,Tres Rios,TRE_L3,Guarana_Antarctica,15,0.0,0.0,0.0,0.0,0.0,0.0
70,Tres Rios,TRE_L3,Amstel_Lata,1,0.0,0.0,0.0,0.0,0.0,0.0
70,Tres Rios,TRE_L3,Amstel_Lata,2,0.0,0.0,0.0,0.0,0.0,0.0
70,Tres Rios,TRE_L3,Amstel_Lata,3,0.0,0.0,0.0,0.0,0.0,0.0
70,Tres Rios,TRE_L3,Amstel_Lata,4,0.0,0.0,0.0,0.0,0.0,0.0
70,Tres Rios,TRE_L3,Amstel_Lata,5,0.0,0.0,0.0,0.0,0.0,0.0
70,Tres Rios,TRE_L3,Amstel_Lata,6,0.0,0.0,0.0,0.0,0.0,20455.49
70,Tres Rios,TRE_L3,Amstel_Lata,7,0.0,0.0,0.0,0.0,0.0,0.0
70,Tres Rios,TRE_L3,Amstel_Lata,8,0.0,0.0,8451.57,0.0,0.0,8451.57
70,Tres Rios,TRE_L3,Amstel_Lata,9,0.0,4436.050000000003,0.0,0.0,0.0,4436.050000000003
70,Tres Rios,TRE_L3,Amstel_Lata,10,0.0,0.0,0.0,0.0,4436.050000000003,0.0
70,Tres Rios,TRE_L3,Amstel_Lata,11,0.0,0.0,0.0,0.0,0.0,0.0
70,Tres Rios,TRE_L3,Amstel_Lata,12,0.0,20420.529999999988,5182.39,0.0,0.0,25602.919999999987
70,Tres Rios,TRE_L3,Amstel_Lata,13,0.0,0.0,0.0,0.0,20420.529999999988,0.0
70,Tres Rios,TRE_L3,Amstel_Lata,14,0.0,0.0,0.0,0.0,0.0,0.0
70,Tres Rios,TRE_L3,Amstel_Lata,15,0.0,0.0,0.0,0.0,0.0,0.0
70,Tres Rios,TRE_L3,Del_Valle_Laranja,1,0.0,0.0,0.0,0.0,0.0,0.0
70,Tres Rios,TRE_L3,Del_Valle_Laranja,2,0.0,0.0,0.0,0.0,0.0,0.0
70,Tres Rios,TRE_L3,Del_Valle_Laranja,3,0.0,0.0,0.0,0.0,0.0,0.0
70,Tres Rios,TRE_L3,Del_Valle_Laranja,4,0.0,0.0,0.0,0.0,0.0,0.0
70,Tres Rios,TRE_L3,Del_Valle_Laranja,5,0.0,0.0,0.0,0.0,0.0,12981.23
70,Tres Rios,TRE_L3,Del_Valle_Laranja,6,0.0,0.0,0.0,0.0,0.0,0.0
70,Tres Rios,TRE_L3,Del_Valle_Laranja,7,0.0,0.0,0.0,0.0,0.0,0.0
70,Tres Rios,TRE_L3,Del_Valle_Laranja,8,0.0,0.0,0.0,0.0,0.0,0.0
70,Tres Rios,TRE_L3,Del_Valle_Laranja,9,0.0,0.0,0.0,0.0,0.0,0.0
70,Tres Rios,TRE_L3,Del_Valle_Laranja,10,0.0,0.0,0.0,0.0,0.0,0.0
70,Tres Rios,TRE_L3,Del_Valle_Laranja,11,0.0,0.0,0.0,0.0,0.0,0.0
70,Tres Rios,TRE_L3,Del_Valle_Laranja,12,0.0,0.0,0.0,0.0,0.0,0.0
70,Tres Rios,TRE_L3,Del_Valle_Laranja,13,0.0,0.0,0.0,0.0,0.0,0.0
70,Tres Rios,TRE_L3,Del_Valle_Laranja,14,0.0,0.0,0.0,0.0,0.0,0.0
70,Tres Rios,TRE_L3,Del_Valle_Laranja,15,0.0,0.0,7768.88,0.0,0.0,7768.88
70,Tres Rios,TRE_L3,Fanta_Uva,1,0.0,0.0,0.0,0.0,0.0,0.0
70,Tres Rios,TRE_L3,Fanta_Uva,2,0.0,0.0,0.0,0.0,0.0,0.0
70,Tres Rios,TRE_L3,Fanta_Uva,3,0.0,0.0,0.0,0.0,0.0,0.0
70,Tres Rios,TRE_L3,Fanta_Uva,4,0.0,0.0,0.0,0.0,0.0,0.0
70,Tres Rios,TRE_L3,Fanta_Uva,5,0.0,0.0,0.0,0.0,0.0,0.0
70,Tres Rios,TRE_L3,Fanta_Uva,6,0.0,0.0,0.0,0.0,0.0,0.0
70,Tres Rios,TRE_L3,Fanta_Uva,7,0.0,0.0,0.0,0.0,0.0,0.0
70,Tres Rios,TRE_L3,Fanta_Uva,8,0.0,0.0,0.0,0.0,0.0,0.0
70,Tres Rios,TRE_L3,Fanta_Uva,9,0.0,0.0,0.0,0.0,0.0,0.0
70,Tres Rios,TRE_L3,Fanta_Uva,10,0.0,0.0,0.0,0.0,0.0,0.0
70,Tres Rios,TRE_L3,Fanta_Uva,11,0.0,0.0,0.0,0.0,0.0,0.0
70,Tres Rios,TRE_L3,Fanta_Uva,12,0.0,0.0,0.0,0.0,0.0,0.0
70,Tres Rios,TRE_L3,Fanta_Uva,13,0.0,0.0,26881.27,0.0,0.0,26881.27
70,Tres Rios,TRE_L3,Fanta_Uva,14,0.0,0.0,0.0,0.0,0.0,0.0
70,Tres Rios,TRE_L3,Fanta_Uva,15,0.0,0.0,0.0,0.0,0.0,0.0
70,Tres Rios,TRE_L3,Maguary_Maracuja,1,0.0,0.0,0.0,0.0,14823.0,0.0
70,Tres Rios,TRE_L3,Maguary_Maracuja,2,0.0,0.0,0.0,0.0,33969.45,0.0
70,Tres Rios,TRE_L3,Maguary_Maracuja,3,0.0,0.0,0.0,0.0,32185.620000000003,0.0
70,Tres Rios,TRE_L3,Maguary_Maracuja,4,0.0,0.0,0.0,0.0,16059.609999999999,0.0
70,Tres Rios,TRE_L3,Maguary_Maracuja,5,0.0,0.0,0.0,0.0,28589.22,0.0
70,Tres Rios,TRE_L3,Maguary_Maracuja,6,0.0,0.0,12011.33,0.0,21246.35,12011.33
70,Tres Rios,TRE_L3,Maguary_Maracuja,7,0.0,0.0,0.0,0.0,40680.0,7399.34
70,Tres Rios,TRE_L3,Maguary_Maracuja,8,0.0,0.0,2802.12,0.0,40295.99999999999,2802.12
70,Tres Rios,TRE_L3,Maguary_Maracuja,9,0.0,0.0,0.0,0.0,39336.0,0.0
70,Tres Rios,TRE_L3,Maguary_Maracuja,10,0.0,0.0,0.0,0.0,15605.51,0.0
70,Tres Rios,TRE_L3,Maguary_Maracuja,11,0.0,0.0,0.0,0.0,0.0,0.0
70,Tres Rios,TRE_L3,Maguary_Maracuja,12,0.0,0.0,0.0,0.0,38784.0,0.0
70,Tres Rios,TRE_L3,Maguary_Maracuja,13,0.0,0.0,0.0,0.0,29394.700000000004,0.0
70,Tres Rios,TRE_L3,Maguary_Maracuja,14,0.0,0.0,0.0,0.0,27047.28,0.0
70,Tres Rios,TRE_L3,Maguary_Maracuja,15,0.0,0.0,0.0,0.0,34752.86,0.0
70,Tres Rios,TRE_L3,Coca_Cola,1,0.0,0.0,0.0,0.0,0.0,0.0
70,Tres Rios,TRE_L3,Coca_Cola,2,0.0,0.0,0.0,0.0,0.0,0.0
70,Tres Rios,TRE_L3,Coca_Cola,3,0.0,0.0,0.0,0.0,0.0,0.0
70,Tres Rios,TRE_L3,Coca_Cola,4,0.0,0.0,0.0,0.0,0.0,0.0
70,Tres Rios,TRE_L3,Coca_Cola,5,0.0,0.0,0.0,0.0,0.0,0.0
70,Tres Rios,TRE_L3,Coca_Cola,6,8581.309999999987,0.0,0.0,0.0,8581.309999999987,0.0
70,Tres Rios,TRE_L3,Coca_Cola,7,0.0,0.0,0.0,0.0,0.0,0.0
70,Tres Rios,TRE_L3,Coca_Cola,8,0.0,0.0,0.0,0.0,0.0,0.0
70,Tres Rios,TRE_L3,Coca_Cola,9,27968.75,0.0,0.0,0.0,27968.75,0.0
70,Tres Rios,TRE_L3,Coca_Cola,10,0.0,0.0,0.0,0.0,0.0,626.67
70,Tres Rios,TRE_L3,Coca_Cola,11,0.0,0.0,0.0,0.0,0.0,0.0
70,Tres Rios,TRE_L3,Coca_Cola,12,12287.059999999998,0.0,0.0,0.0,12287.06,0.0
70,Tres Rios,TRE_L3,Coca_Cola,13,0.0,0.0,0.0,0.0,0.0,0.0
70,Tres Rios,TRE_L3,Coca_Cola,14,0.0,0.0,0.0,0.0,0.0,0.0
70,Tres Rios,TRE_L3,Coca_Cola,15,5479.809999999997,0.0,16574.13,0.0,0.0,11094.320000000003
70,Tres Rios,TRE_L3,H2OH_Limao,1,0.0,0.0,0.0,0.0,1229.8600000000079,27490.739999999998
70,Tres Rios,TRE_L3,H2OH_Limao,2,0.0,0.0,0.0,0.0,0.0,0.0
70,Tres Rios,TRE_L3,H2OH_Limao,3,0.0,0.0,0.0,0.0,0.0,0.0
70,Tres Rios,TRE_L3,H2OH_Limao,4,0.0,0.0,0.0,0.0,0.0,0.0
70,Tres Rios,TRE_L3,H2OH_Limao,5,0.0,0.0,0.0,0.0,0.0,0.0
70,Tres Rios,TRE_L3,H2OH_Limao,6,0.0,0.0,0.0,0.0,0.0,0.0
70,Tres Rios,TRE_L3,H2OH_Limao,7,0.0,0.0,0.0,0.0,0.0,0.0
70,Tres Rios,TRE_L3,H2OH_Limao,8,0.0,0.0,0.0,0.0,0.0,0.0
70,Tres Rios,TRE_L3,H2OH_Limao,9,0.0,0.0,0.0,0.0,0.0,0.0
70,Tres Rios,TRE_L3,H2OH_Limao,10,0.0,0.0,0.0,0.0,0.0,18087.91
70,Tres Rios,TRE_L3,H2OH_Limao,11,0.0,0.0,0.0,0.0,0.0,0.0
70,Tres Rios,TRE_L3,H2OH_Limao,12,0.0,0.0,0.0,0.0,0.0,0.0
70,Tres Rios,TRE_L3,H2OH_Limao,13,0.0,0.0,0.0,0.0,0.0,0.0
70,Tres Rios,TRE_L3,H2OH_Limao,14,0.0,0.0,0.0,0.0,0.0,0.0
70,Tres Rios,TRE_L3,H2OH_Limao,15,0.0,0.0,0.0,0.0,0.0,0.0
70,Tres Rios,TRE_L3,Schweppes_Citrus,1,0.0,0.0,0.0,0.0,0.0,0.0
70,Tres Rios,TRE_L3,Schweppes_Citrus,2,0.0,0.0,0.0,0.0,0.0,0.0
70,Tres Rios,TRE_L3,Schweppes_Citrus,3,0.0,0.0,0.0,0.0,0.0,0.0
70,Tres Rios,TRE_L3,Schweppes_Citrus,4,0.0,0.0,0.0,0.0,0.0,0.0
70,Tres Rios,TRE_L3,Schweppes_Citrus,5,0.0,0.0,0.0,0.0,0.0,0.0
70,Tres Rios,TRE_L3,Schweppes_Citrus,6,3894.0600000000013,0.0,0.0,0.0,3894.0600000000013,0.0
70,Tres Rios,TRE_L3,Schweppes_Citrus,7,0.0,0.0,0.0,0.0,0.0,27856.06
70,Tres Rios,TRE_L3,Schweppes_Citrus,8,0.0,0.0,0.0,0.0,0.0,0.0
70,Tres Rios,TRE_L3,Schweppes_Citrus,9,0.0,0.0,0.0,0.0,0.0,0.0
70,Tres Rios,TRE_L3,Schweppes_Citrus,10,0.0,0.0,0.0,0.0,0.0,0.0
70,Tres Rios,TRE_L3,Schweppes_Citrus,11,0.0,0.0,6502.42,0.0,0.0,23131.47
70,Tres Rios,TRE_L3,Schweppes_Citrus,12,0.0,0.0,0.0,0.0,0.0,0.0
70,Tres Rios,TRE_L3,Schweppes_Citrus,13,0.0,0.0,0.0,0.0,0.0,0.0
70,Tres Rios,TRE_L3,Schweppes_Citrus,14,0.0,0.0,0.0,0.0,0.0,0.0
70,Tres Rios,TRE_L3,Schweppes_Citrus,15,0.0,0.0,0.0,0.0,0.0,0.0
70,Tres Rios,TRE_L3,Sprite,1,0.0,0.0,0.0,0.0,0.0,0.0
70,Tres Rios,TRE_L3,Sprite,2,0.0,0.0,0.0,0.0,0.0,0.0
70,Tres Rios,TRE_L3,Sprite,3,0.0,0.0,0.0,0.0,0.0,0.0
70,Tres Rios,TRE_L3,Sprite,4,0.0,0.0,0.0,0.0,0.0,0.0
70,Tres Rios,TRE_L3,Sprite,5,0.0,0.0,0.0,0.0,0.0,0.0
70,Tres Rios,TRE_L3,Sprite,6,0.0,0.0,0.0,0.0,0.0,0.0
70,Tres Rios,TRE_L3,Sprite,7,0.0,0.0,0.0,0.0,0.0,0.0
70,Tres Rios,TRE_L3,Sprite,8,0.0,0.0,0.0,0.0,0.0,0.0
70,Tres Rios,TRE_L3,Sprite,9,0.0,0.0,0.0,0.0,0.0,0.0
70,Tres Rios,TRE_L3,Sprite,10,0.0,0.0,0.0,0.0,0.0,0.0
70,Tres Rios,TRE_L3,Sprite,11,0.0,0.0,0.0,0.0,0.0,0.0
70,Tres Rios,TRE_L3,Sprite,12,0.0,0.0,0.0,0.0,0.0,0.0
70,Tres Rios,TRE_L3,Sprite,13,0.0,0.0,0.0,0.0,0.0,0.0
70,Tres Rios,TRE_L3,Sprite,14,0.0,0.0,0.0,0.0,0.0,0.0
70,Tres Rios,TRE_L3,Sprite,15,0.0,0.0,0.0,0.0,0.0,0.0
70,Tres Rios,TRE_L3,Del_Valle_Uva,1,0.0,0.0,0.0,0.0,0.0,0.0
70,Tres Rios,TRE_L3,Del_Valle_Uva,2,0.0,0.0,0.0,0.0,0.0,0.0
70,Tres Rios,TRE_L3,Del_Valle_Uva,3,0.0,0.0,8698.79,0.0,0.0,8698.79
70,Tres Rios,TRE_L3,Del_Valle_Uva,4,0.0,0.0,0.0,0.0,0.0,0.0
70,Tres Rios,TRE_L3,Del_Valle_Uva,5,0.0,0.0,0.0,0.0,0.0,0.0
70,Tres Rios,TRE_L3,Del_Valle_Uva,6,0.0,0.0,13234.2,0.0,0.0,13234.2
70,Tres Rios,TRE_L3,Del_Valle_Uva,7,0.0,0.0,0.0,0.0,0.0,0.0
70,Tres Rios,TRE_L3,Del_Valle_Uva,8,0.0,0.0,0.0,0.0,0.0,0.0
70,Tres Rios,TRE_L3,Del_Valle_Uva,9,0.0,0.0,0.0,0.0,0.0,0.0
70,Tres Rios,TRE_L3,Del_Valle_Uva,10,0.0,0.0,0.0,0.0,0.0,0.0
70,Tres Rios,TRE_L3,Del_Valle_Uva,11,0.0,0.0,0.0,0.0,0.0,0.0
70,Tres Rios,TRE_L3,Del_Valle_Uva,12,0.0,0.0,0.0,0.0,0.0,0.0
70,Tres Rios,TRE_L3,Del_Valle_Uva,13,0.0,0.0,0.0,0.0,0.0,0.0
70,Tres Rios,TRE_L3,Del_Valle_Uva,14,0.0,0.0,0.0,0.0,0.0,0.0
70,Tres Rios,TRE_L3,Del_Valle_Uva,15,0.0,0.0,0.0,0.0,0.0,0.0
70,Tres Rios,TRE_L3,Pepsi,1,0.0,0.0,0.0,0.0,0.0,0.0
70,Tres Rios,TRE_L3,Pepsi,2,0.0,0.0,0.0,0.0,0.0,0.0
70,Tres Rios,TRE_L3,Pepsi,3,0.0,0.0,0.0,0.0,0.0,0.0
70,Tres Rios,TRE_L3,Pepsi,4,0.0,0.0,0.0,0.0,0.0,28001.77
70,Tres Rios,TRE_L3,Pepsi,5,0.0,0.0,0.0,0.0,0.0,0.0
70,Tres Rios,TRE_L3,Pepsi,6,0.0,0.0,0.0,0.0,0.0,0.0
70,Tres Rios,TRE_L3,Pepsi,7,0.0,0.0,0.0,0.0,0.0,0.0
70,Tres Rios,TRE_L3,Pepsi,8,0.0,0.0,0.0,0.0,0.0,0.0
70,Tres Rios,TRE_L3,Pepsi,9,0.0,0.0,0.0,0.0,0.0,27049.86
70,Tres Rios,TRE_L3,Pepsi,10,0.0,0.0,0.0,0.0,0.0,0.0
70,Tres Rios,TRE_L3,Pepsi,11,0.0,0.0,0.0,0.0,0.0,0.0
70,Tres Rios,TRE_L3,Pepsi,12,0.0,0.0,0.0,0.0,0.0,0.0
70,Tres Rios,TRE_L3,Pepsi,13,0.0,0.0,0.0,0.0,0.0,3164.23
70,Tres Rios,TRE_L3,Pepsi,14,0.0,0.0,0.0,0.0,0.0,0.0
70,Tres Rios,TRE_L3,Pepsi,15,0.0,0.0,0.0,0.0,0.0,0.0
70,Alagoinhas,ALA_L1,Fanta_Laranja,1,0.0,0.0,0.0,0.0,0.0,0.0
70,Alagoinhas,ALA_L1,Fanta_Laranja,2,0.0,0.0,0.0,0.0,0.0,0.0
70,Alagoinhas,ALA_L1,Fanta_Laranja,3,0.0,0.0,0.0,0.0,0.0,0.0
70,Alagoinhas,ALA_L1,Fanta_Laranja,4,0.0,0.0,0.0,0.0,0.0,0.0
70,Alagoinhas,ALA_L1,Fanta_Laranja,5,0.0,0.0,0.0,0.0,0.0,0.0
70,Alagoinhas,ALA_L1,Fanta_Laranja,6,0.0,0.0,0.0,0.0,0.0,0.0
70,Alagoinhas,ALA_L1,Fanta_Laranja,7,0.0,0.0,0.0,0.0,0.0,0.0
70,Alagoinhas,ALA_L1,Fanta_Laranja,8,0.0,0.0,0.0,0.0,0.0,0.0
70,Alagoinhas,ALA_L1,Fanta_Laranja,9,0.0,0.0,0.0,0.0,0.0,15107.04
70,Alagoinhas,ALA_L1,Fanta_Laranja,10,0.0,0.0,0.0,0.0,0.0,0.0
70,Alagoinhas,ALA_L1,Fanta_Laranja,11,0.0,0.0,0.0,0.0,0.0,0.0
70,Alagoinhas,ALA_L1,Fanta_Laranja,12,0.0,0.0,0.0,0.0,0.0,28835.25
70,Alagoinhas,ALA_L1,Fanta_Laranja,13,0.0,0.0,0.0,0.0,0.0,0.0
70,Alagoinhas,ALA_L1,Fanta_Laranja,14,0.0,0.0,0.0,0.0,3430.1700000000055,0.0
70,Alagoinhas,ALA_L1,Fanta_Laranja,15,0.0,0.0,0.0,0.0,2293.0599999999995,0.0
70,Alagoinhas,ALA_L1,Itubaina,1,0.0,0.0,0.0,0.0,33672.93,0.0
70,Alagoinhas,ALA_L1,Itubaina,2,0.0,0.0,0.0,0.0,20824.2,0.0
70,Alagoinhas,ALA_L1,Itubaina,3,0.0,0.0,0.0,0.0,39082.64,0.0
70,Alagoinhas,ALA_L1,Itubaina,4,0.0,0.0,0.0,0.0,23912.97,0.0
70,Alagoinhas,ALA_L1,Itubaina,5,0.0,0.0,14120.93,0.0,29582.460000000003,14120.93
70,Alagoinhas,ALA_L1,Itubaina,6,0.0,0.0,0.0,0.0,24622.95,0.0
70,Alagoinhas,ALA_L1,Itubaina,7,0.0,0.0,0.0,0.0,27873.81,0.0
70,Alagoinhas,ALA_L1,Itubaina,8,0.0,0.0,0.0,0.0,2569.36,0.0
70,Alagoinhas,ALA_L1,Itubaina,9,0.0,0.0,28739.52,0.0,29492.65,28739.52
70,Alagoinhas,ALA_L1,Itubaina,10,0.0,0.0,0.0,0.0,40104.0,0.0
70,Alagoinhas,ALA_L1,Itubaina,11,0.0,0.0,0.0,0.0,0.0,0.0
70,Alagoinhas,ALA_L1,Itubaina,12,0.0,0.0,0.0,0.0,37782.36,7419.1
70,Alagoinhas,ALA_L1,Itubaina,13,0.0,0.0,0.0,0.0,8629.05,8629.05
70,Alagoinhas,ALA_L1,Itubaina,14,0.0,0.0,0.0,0.0,22076.99,0.0
70,Alagoinhas,ALA_L1,Itubaina,15,0.0,0.0,0.0,0.0,0.0,0.0
70,Alagoinhas,ALA_L1,Skol_Lata,1,0.0,0.0,0.0,0.0,0.0,11311.84
70,Alagoinhas,ALA_L1,Skol_Lata,2,0.0,0.0,0.0,0.0,0.0,21465.31
70,Alagoinhas,ALA_L1,Skol_Lata,3,0.0,0.0,0.0,0.0,0.0,22700.48
70,Alagoinhas,ALA_L1,Skol_Lata,4,0.0,0.0,0.0,0.0,0.0,0.0
70,Alagoinhas,ALA_L1,Skol_Lata,5,0.0,0.0,0.0,0.0,0.0,0.0
70,Alagoinhas,ALA_L1,Skol_Lata,6,0.0,0.0,0.0,0.0,0.0,0.0
70,Alagoinhas,ALA_L1,Skol_Lata,7,0.0,0.0,0.0,0.0,0.0,0.0
70,Alagoinhas,ALA_L1,Skol_Lata,8,0.0,0.0,0.0,0.0,0.0,0.0
70,Alagoinhas,ALA_L1,Skol_Lata,9,0.0,0.0,0.0,0.0,0.0,0.0
70,Alagoinhas,ALA_L1,Skol_Lata,10,0.0,0.0,0.0,0.0,0.0,0.0
70,Alagoinhas,ALA_L1,Skol_Lata,11,0.0,0.0,0.0,0.0,0.0,0.0
70,Alagoinhas,ALA_L1,Skol_Lata,12,0.0,0.0,0.0,0.0,0.0,0.0
70,Alagoinhas,ALA_L1,Skol_Lata,13,0.0,0.0,0.0,0.0,0.0,0.0
70,Alagoinhas,ALA_L1,Skol_Lata,14,0.0,0.0,0.0,0.0,0.0,0.0
70,Alagoinhas,ALA_L1,Skol_Lata,15,0.0,0.0,0.0,0.0,0.0,0.0
70,Alagoinhas,ALA_L1,Heineken_Lata,1,0.0,0.0,0.0,0.0,0.0,0.0
70,Alagoinhas,ALA_L1,Heineken_Lata,2,0.0,0.0,0.0,0.0,689.71,689.71
70,Alagoinhas,ALA_L1,Heineken_Lata,3,0.0,0.0,0.0,0.0,0.0,17991.8
70,Alagoinhas,ALA_L1,Heineken_Lata,4,0.0,0.0,0.0,0.0,0.0,0.0
70,Alagoinhas,ALA_L1,Heineken_Lata,5,0.0,0.0,11719.12,0.0,0.0,11719.12
70,Alagoinhas,ALA_L1,Heineken_Lata,6,0.0,0.0,0.0,0.0,0.0,0.0
70,Alagoinhas,ALA_L1,Heineken_Lata,7,0.0,0.0,0.0,0.0,0.0,0.0
70,Alagoinhas,ALA_L1,Heineken_Lata,8,0.0,0.0,9171.64,0.0,0.0,9171.64
70,Alagoinhas,ALA_L1,Heineken_Lata,9,0.0,0.0,0.0,0.0,0.0,0.0
70,Alagoinhas,ALA_L1,Heineken_Lata,10,0.0,0.0,0.0,0.0,0.0,1857.2399999999907
70,Alagoinhas,ALA_L1,Heineken_Lata,11,0.0,0.0,10727.72,0.0,6487.479999999992,19846.82
70,Alagoinhas,ALA_L1,Heineken_Lata,12,0.0,0.0,0.0,0.0,0.0,0.0
70,Alagoinhas,ALA_L1,Heineken_Lata,13,0.0,0.0,0.0,0.0,0.0,0.0
70,Alagoinhas,ALA_L1,Heineken_Lata,14,0.0,0.0,0.0,0.0,0.0,0.0
70,Alagoinhas,ALA_L1,Heineken_Lata,15,0.0,0.0,12679.24,0.0,0.0,26860.379999999997
70,Alagoinhas,ALA_L1,Coca_Cola_Zero,1,0.0,0.0,0.0,0.0,0.0,0.0
70,Alagoinhas,ALA_L1,Coca_Cola_Zero,2,0.0,0.0,0.0,0.0,32492.67,0.0
70,Alagoinhas,ALA_L1,Coca_Cola_Zero,3,0.0,0.0,0.0,0.0,39984.00000000001,0.0
70,Alagoinhas,ALA_L1,Coca_Cola_Zero,4,0.0,0.0,0.0,0.0,14703.54,0.0
70,Alagoinhas,ALA_L1,Coca_Cola_Zero,5,0.0,0.0,0.0,0.0,15809.35,0.0
70,Alagoinhas,ALA_L1,Coca_Cola_Zero,6,0.0,0.0,0.0,0.0,11549.380000000001,0.0
70,Alagoinhas,ALA_L1,Coca_Cola_Zero,7,0.0,0.0,0.0,0.0,29734.05,0.0
70,Alagoinhas,ALA_L1,Coca_Cola_Zero,8,0.0,0.0,0.0,0.0,38712.0,0.0
70,Alagoinhas,ALA_L1,Coca_Cola_Zero,9,0.0,0.0,0.0,0.0,19519.989999999994,0.0
70,Alagoinhas,ALA_L1,Coca_Cola_Zero,10,0.0,0.0,0.0,0.0,28143.24,28143.24
70,Alagoinhas,ALA_L1,Coca_Cola_Zero,11,0.0,0.0,0.0,0.0,29353.900000000005,0.0
70,Alagoinhas,ALA_L1,Coca_Cola_Zero,12,0.0,0.0,0.0,0.0,39312.0,0.0
70,Alagoinhas,ALA_L1,Coca_Cola_Zero,13,0.0,0.0,0.0,0.0,40560.0,0.0
70,Alagoinhas,ALA_L1,Coca_Cola_Zero,14,0.0,0.0,0.0,0.0,0.0,0.0
70,Alagoinhas,ALA_L1,Coca_Cola_Zero,15,0.0,0.0,0.0,0.0,1247.97,0.0
70,Alagoinhas,ALA_L1,Antarctica_Lata,1,0.0,0.0,0.0,0.0,0.0,10435.53
70,Alagoinhas,ALA_L1,Antarctica_Lata,2,0.0,0.0,0.0,0.0,0.0,0.0
70,Alagoinhas,ALA_L1,Antarctica_Lata,3,0.0,0.0,0.0,0.0,0.0,0.0
70,Alagoinhas,ALA_L1,Antarctica_Lata,4,0.0,0.0,0.0,0.0,0.0,0.0
70,Alagoinhas,ALA_L1,Antarctica_Lata,5,0.0,0.0,0.0,0.0,0.0,0.0
70,Alagoinhas,ALA_L1,Antarctica_Lata,6,0.0,0.0,0.0,0.0,0.0,0.0
70,Alagoinhas,ALA_L1,Antarctica_Lata,7,0.0,0.0,0.0,0.0,0.0,2991.9
70,Alagoinhas,ALA_L1,Antarctica_Lata,8,0.0,0.0,0.0,0.0,0.0,0.0
70,Alagoinhas,ALA_L1,Antarctica_Lata,9,0.0,0.0,0.0,0.0,0.0,0.0
70,Alagoinhas,ALA_L1,Antarctica_Lata,10,0.0,0.0,0.0,0.0,0.0,0.0
70,Alagoinhas,ALA_L1,Antarctica_Lata,11,0.0,0.0,0.0,0.0,0.0,0.0
70,Alagoinhas,ALA_L1,Antarctica_Lata,12,0.0,0.0,0.0,0.0,0.0,0.0
70,Alagoinhas,ALA_L1,Antarctica_Lata,13,0.0,0.0,0.0,0.0,0.0,0.0
70,Alagoinhas,ALA_L1,Antarctica_Lata,14,0.0,0.0,0.0,0.0,0.0,0.0
70,Alagoinhas,ALA_L1,Antarctica_Lata,15,0.0,0.0,0.0,0.0,0.0,0.0
70,Alagoinhas,ALA_L1,Spaten_Lata,1,0.0,0.0,0.0,0.0,0.0,0.0
70,Alagoinhas,ALA_L1,Spaten_Lata,2,0.0,0.0,0.0,0.0,0.0,0.0
70,Alagoinhas,ALA_L1,Spaten_Lata,3,0.0,0.0,0.0,0.0,0.0,6713.730000000001
70,Alagoinhas,ALA_L1,Spaten_Lata,4,0.0,0.0,0.0,0.0,6713.730000000001,0.0
70,Alagoinhas,ALA_L1,Spaten_Lata,5,0.0,0.0,0.0,0.0,0.0,7885.0
70,Alagoinhas,ALA_L1,Spaten_Lata,6,0.0,0.0,0.0,0.0,0.0,0.0
70,Alagoinhas,ALA_L1,Spaten_Lata,7,0.0,0.0,0.0,0.0,0.0,4603.920000000002
70,Alagoinhas,ALA_L1,Spaten_Lata,8,0.0,0.0,0.0,0.0,1779.2499999999982,14338.15
70,Alagoinhas,ALA_L1,Spaten_Lata,9,0.0,0.0,0.0,0.0,26192.680000000008,0.0
70,Alagoinhas,ALA_L1,Spaten_Lata,10,0.0,0.0,9248.37,0.0,0.0,9248.37
70,Alagoinhas,ALA_L1,Spaten_Lata,11,0.0,0.0,0.0,0.0,0.0,13985.32
70,Alagoinhas,ALA_L1,Spaten_Lata,12,0.0,0.0,0.0,0.0,0.0,0.0
70,Alagoinhas,ALA_L1,Spaten_Lata,13,0.0,0.0,0.0,0.0,0.0,0.0
70,Alagoinhas,ALA_L1,Spaten_Lata,14,997.4599999999919,0.0,0.0,0.0,40381.45999999999,0.0
70,Alagoinhas,ALA_L1,Spaten_Lata,15,0.0,0.0,0.0,0.0,0.0,0.0
70,Alagoinhas,ALA_L1,Maguary_Caju,1,0.0,0.0,0.0,0.0,0.0,8220.050000000001
70,Alagoinhas,ALA_L1,Maguary_Caju,2,0.0,0.0,0.0,0.0,0.0,0.0
70,Alagoinhas,ALA_L1,Maguary_Caju,3,0.0,0.0,0.0,0.0,0.0,0.0
70,Alagoinhas,ALA_L1,Maguary_Caju,4,0.0,0.0,0.0,0.0,0.0,0.0
70,Alagoinhas,ALA_L1,Maguary_Caju,5,0.0,0.0,0.0,0.0,0.0,0.0
70,Alagoinhas,ALA_L1,Maguary_Caju,6,0.0,0.0,0.0,0.0,0.0,29217.94
70,Alagoinhas,ALA_L1,Maguary_Caju,7,0.0,0.0,0.0,0.0,0.0,0.0
70,Alagoinhas,ALA_L1,Maguary_Caju,8,0.0,0.0,0.0,0.0,0.0,0.0
70,Alagoinhas,ALA_L1,Maguary_Caju,9,0.0,0.0,0.0,0.0,0.0,0.0
70,Alagoinhas,ALA_L1,Maguary_Caju,10,0.0,0.0,0.0,0.0,0.0,0.0
70,Alagoinhas,ALA_L1,Maguary_Caju,11,0.0,0.0,0.0,0.0,0.0,0.0
70,Alagoinhas,ALA_L1,Maguary_Caju,12,0.0,0.0,0.0,0.0,0.0,0.0
70,Alagoinhas,ALA_L1,Maguary_Caju,13,0.0,0.0,0.0,0.0,0.0,0.0
70,Alagoinhas,ALA_L1,Maguary_Caju,14,0.0,0.0,0.0,0.0,0.0,0.0
70,Alagoinhas,ALA_L1,Maguary_Caju,15,0.0,0.0,0.0,0.0,0.0,0.0
70,Alagoinhas,ALA_L1,Del_Valle_Pessego,1,0.0,0.0,0.0,0.0,0.0,0.0
70,Alagoinhas,ALA_L1,Del_Valle_Pessego,2,0.0,0.0,0.0,0.0,0.0,0.0
70,Alagoinhas,ALA_L1,Del_Valle_Pessego,3,0.0,0.0,0.0,0.0,0.0,0.0
70,Alagoinhas,ALA_L1,Del_Valle_Pessego,4,0.0,0.0,0.0,0.0,0.0,17195.03
70,Alagoinhas,ALA_L1,Del_Valle_Pessego,5,0.0,0.0,0.0,0.0,0.0,0.0
70,Alagoinhas,ALA_L1,Del_Valle_Pessego,6,0.0,0.0,0.0,0.0,0.0,0.0
70,Alagoinhas,ALA_L1,Del_Valle_Pessego,7,0.0,0.0,0.0,0.0,0.0,0.0
70,Alagoinhas,ALA_L1,Del_Valle_Pessego,8,0.0,0.0,0.0,0.0,0.0,0.0
70,Alagoinhas,ALA_L1,Del_Valle_Pessego,9,0.0,0.0,0.0,0.0,0.0,0.0
70,Alagoinhas,ALA_L1,Del_Valle_Pessego,10,0.0,0.0,0.0,0.0,0.0,0.0
70,Alagoinhas,ALA_L1,Del_Valle_Pessego,11,0.0,0.0,0.0,0.0,0.0,0.0
70,Alagoinhas,ALA_L1,Del_Valle_Pessego,12,0.0,0.0,0.0,0.0,0.0,0.0
70,Alagoinhas,ALA_L1,Del_Valle_Pessego,13,0.0,0.0,0.0,0.0,0.0,27467.940000000002
70,Alagoinhas,ALA_L1,Del_Valle_Pessego,14,0.0,0.0,0.0,0.0,0.0,0.0
70,Alagoinhas,ALA_L1,Del_Valle_Pessego,15,0.0,0.0,0.0,0.0,0.0,0.0
70,Alagoinhas,ALA_L1,Stella_Artois_Pure_Gold,1,0.0,0.0,0.0,0.0,0.0,0.0
70,Alagoinhas,ALA_L1,Stella_Artois_Pure_Gold,2,0.0,0.0,0.0,0.0,0.0,8444.39
70,Alagoinhas,ALA_L1,Stella_Artois_Pure_Gold,3,0.0,0.0,0.0,0.0,0.0,1315.58
70,Alagoinhas,ALA_L1,Stella_Artois_Pure_Gold,4,0.0,0.0,0.0,0.0,0.0,0.0
70,Alagoinhas,ALA_L1,Stella_Artois_Pure_Gold,5,0.0,0.0,0.0,0.0,0.0,0.0
70,Alagoinhas,ALA_L1,Stella_Artois_Pure_Gold,6,0.0,0.0,0.0,0.0,0.0,0.0
70,Alagoinhas,ALA_L1,Stella_Artois_Pure_Gold,7,0.0,0.0,0.0,0.0,0.0,0.0
70,Alagoinhas,ALA_L1,Stella_Artois_Pure_Gold,8,0.0,0.0,0.0,0.0,0.0,11477.71
70,Alagoinhas,ALA_L1,Stella_Artois_Pure_Gold,9,0.0,0.0,0.0,0.0,0.0,0.0
70,Alagoinhas,ALA_L1,Stella_Artois_Pure_Gold,10,0.0,0.0,0.0,0.0,0.0,0.0
70,Alagoinhas,ALA_L1,Stella_Artois_Pure_Gold,11,0.0,0.0,0.0,0.0,0.0,0.0
70,Alagoinhas,ALA_L1,Stella_Artois_Pure_Gold,12,0.0,0.0,0.0,0.0,0.0,0.0
70,Alagoinhas,ALA_L1,Stella_Artois_Pure_Gold,13,0.0,0.0,0.0,0.0,0.0,0.0
70,Alagoinhas,ALA_L1,Stella_Artois_Pure_Gold,14,0.0,0.0,26862.73,0.0,0.0,26862.73
70,Alagoinhas,ALA_L1,Stella_Artois_Pure_Gold,15,0.0,0.0,0.0,0.0,0.0,0.0
70,Alagoinhas,ALA_L1,Sprite_Zero,1,0.0,0.0,0.0,0.0,0.0,5493.32
70,Alagoinhas,ALA_L1,Sprite_Zero,2,0.0,0.0,0.0,0.0,0.0,0.0
70,Alagoinhas,ALA_L1,Sprite_Zero,3,0.0,0.0,0.0,0.0,0.0,0.0
70,Alagoinhas,ALA_L1,Sprite_Zero,4,0.0,0.0,0.0,0.0,0.0,0.0
70,Alagoinhas,ALA_L1,Sprite_Zero,5,0.0,0.0,0.0,0.0,0.0,0.0
70,Alagoinhas,ALA_L1,Sprite_Zero,6,0.0,0.0,11013.89,0.0,0.0,11013.89
70,Alagoinhas,ALA_L1,Sprite_Zero,7,0.0,0.0,0.0,0.0,0.0,5944.390000000003
70,Alagoinhas,ALA_L1,Sprite_Zero,8,0.0,0.0,0.0,0.0,0.0,30572.05
70,Alagoinhas,ALA_L1,Sprite_Zero,9,0.0,0.0,0.0,0.0,36516.44,0.0
70,Alagoinhas,ALA_L1,Sprite_Zero,10,0.0,0.0,0.0,0.0,0.0,0.0
70,Alagoinhas,ALA_L1,Sprite_Zero,11,0.0,0.0,0.0,0.0,0.0,0.0
70,Alagoinhas,ALA_L1,Sprite_Zero,12,0.0,0.0,0.0,0.0,0.0,13666.790000000005
70,Alagoinhas,ALA_L1,Sprite_Zero,13,0.0,0.0,0.0,0.0,0.0,188.3499999999949
70,Alagoinhas,ALA_L1,Sprite_Zero,14,0.0,0.0,0.0,0.0,0.0,0.0
70,Alagoinhas,ALA_L1,Sprite_Zero,15,0.0,0.0,0.0,0.0,0.0,0.0
70,Alagoinhas,ALA_L1,Kuat,1,0.0,0.0,0.0,0.0,0.0,0.0
70,Alagoinhas,ALA_L1,Kuat,2,0.0,0.0,12761.43,0.0,0.0,17165.510000000002
70,Alagoinhas,ALA_L1,Kuat,3,0.0,0.0,0.0,0.0,0.0,0.0
70,Alagoinhas,ALA_L1,Kuat,4,0.0,0.0,0.0,0.0,0.0,0.0
70,Alagoinhas,ALA_L1,Kuat,5,0.0,0.0,0.0,0.0,0.0,0.0
70,Alagoinhas,ALA_L1,Kuat,6,0.0,0.0,16916.63,0.0,0.0,16916.63
70,Alagoinhas,ALA_L1,Kuat,7,0.0,0.0,0.0,0.0,0.0,0.0
70,Alagoinhas,ALA_L1,Kuat,8,0.0,0.0,0.0,0.0,0.0,0.0
70,Alagoinhas,ALA_L1,Kuat,9,0.0,0.0,0.32,0.0,0.0,0.32
70,Alagoinhas,ALA_L1,Kuat,10,0.0,0.0,6782.23,0.0,0.0,6782.23
70,Alagoinhas,ALA_L1,Kuat,11,0.0,0.0,0.0,0.0,0.0,0.0
70,Alagoinhas,ALA_L1,Kuat,12,0.0,0.0,0.0,0.0,0.0,0.0
70,Alagoinhas,ALA_L1,Kuat,13,0.0,0.0,0.0,0.0,0.0,0.0
70,Alagoinhas,ALA_L1,Kuat,14,0.0,0.0,0.0,0.0,0.0,0.0
70,Alagoinhas,ALA_L1,Kuat,15,0.0,0.0,0.0,0.0,0.0,10423.5
70,Alagoinhas,ALA_L1,Sukita_Laranja,1,0.0,0.0,0.0,0.0,0.0,0.0
70,Alagoinhas,ALA_L1,Sukita_Laranja,2,0.0,0.0,0.0,0.0,0.0,0.0
70,Alagoinhas,ALA_L1,Sukita_Laranja,3,0.0,0.0,27872.8,0.0,0.0,27872.8
70,Alagoinhas,ALA_L1,Sukita_Laranja,4,0.0,0.0,0.0,0.0,0.0,0.0
70,Alagoinhas,ALA_L1,Sukita_Laranja,5,0.0,0.0,0.0,0.0,0.0,0.0
70,Alagoinhas,ALA_L1,Sukita_Laranja,6,0.0,0.0,0.0,0.0,0.0,0.0
70,Alagoinhas,ALA_L1,Sukita_Laranja,7,0.0,0.0,0.0,0.0,0.0,0.0
70,Alagoinhas,ALA_L1,Sukita_Laranja,8,0.0,0.0,0.0,0.0,0.0,0.0
70,Alagoinhas,ALA_L1,Sukita_Laranja,9,0.0,0.0,0.0,0.0,0.0,0.0
70,Alagoinhas,ALA_L1,Sukita_Laranja,10,0.0,0.0,0.0,0.0,0.0,0.0
70,Alagoinhas,ALA_L1,Sukita_Laranja,11,0.0,0.0,0.0,0.0,0.0,0.0
70,Alagoinhas,ALA_L1,Sukita_Laranja,12,0.0,0.0,0.0,0.0,0.0,0.0
70,Alagoinhas,ALA_L1,Sukita_Laranja,13,0.0,0.0,0.0,0.0,0.0,0.0
70,Alagoinhas,ALA_L1,Sukita_Laranja,14,0.0,0.0,0.0,0.0,0.0,0.0
70,Alagoinhas,ALA_L1,Sukita_Laranja,15,0.0,0.0,0.0,0.0,0.0,0.0
70,Alagoinhas,ALA_L1,Budweiser_Lata,1,0.0,0.0,0.0,0.0,0.0,0.0
70,Alagoinhas,ALA_L1,Budweiser_Lata,2,0.0,0.0,0.0,0.0,0.0,0.0
70,Alagoinhas,ALA_L1,Budweiser_Lata,3,0.0,0.0,0.0,0.0,0.0,0.0
70,Alagoinhas,ALA_L1,Budweiser_Lata,4,0.0,0.0,0.0,0.0,0.0,0.0
70,Alagoinhas,ALA_L1,Budweiser_Lata,5,0.0,0.0,0.0,0.0,0.0,0.0
70,Alagoinhas,ALA_L1,Budweiser_Lata,6,0.0,0.0,0.0,0.0,10917.7,10917.7
70,Alagoinhas,ALA_L1,Budweiser_Lata,7,0.0,0.0,0.0,0.0,0.0,0.0
70,Alagoinhas,ALA_L1,Budweiser_Lata,8,0.0,0.0,0.0,0.0,830.32,830.32
70,Alagoinhas,ALA_L1,Budweiser_Lata,9,0.0,0.0,0.0,0.0,4775.58,4775.58
70,Alagoinhas,ALA_L1,Budweiser_Lata,10,0.0,0.0,0.0,0.0,0.0,0.0
70,Alagoinhas,ALA_L1,Budweiser_Lata,11,0.0,0.0,0.0,0.0,0.0,0.0
70,Alagoinhas,ALA_L1,Budweiser_Lata,12,0.0,0.0,13723.3,0.0,0.0,13723.3
70,Alagoinhas,ALA_L1,Budweiser_Lata,13,0.0,0.0,0.0,0.0,13176.32,13176.32
70,Alagoinhas,ALA_L1,Budweiser_Lata,14,0.0,0.0,0.0,0.0,0.0,0.0
70,Alagoinhas,ALA_L1,Budweiser_Lata,15,0.0,0.0,0.0,0.0,0.0,0.0
70,Alagoinhas,ALA_L1,Guarana_Antarctica_Zero,1,0.0,0.0,0.0,0.0,0.0,0.0
70,Alagoinhas,ALA_L1,Guarana_Antarctica_Zero,2,0.0,0.0,0.0,0.0,0.0,0.0
70,Alagoinhas,ALA_L1,Guarana_Antarctica_Zero,3,0.0,0.0,0.0,0.0,0.0,5995.07
70,Alagoinhas,ALA_L1,Guarana_Antarctica_Zero,4,0.0,0.0,0.0,0.0,0.0,0.0
70,Alagoinhas,ALA_L1,Guarana_Antarctica_Zero,5,0.0,0.0,0.0,0.0,0.0,0.0
70,Alagoinhas,ALA_L1,Guarana_Antarctica_Zero,6,0.0,0.0,0.0,0.0,0.0,11429.76
70,Alagoinhas,ALA_L1,Guarana_Antarctica_Zero,7,0.0,0.0,0.0,0.0,0.0,0.0
70,Alagoinhas,ALA_L1,Guarana_Antarctica_Zero,8,0.0,0.0,0.0,0.0,0.0,0.0
70,Alagoinhas,ALA_L1,Guarana_Antarctica_Zero,9,0.0,0.0,0.0,0.0,0.0,0.0
70,Alagoinhas,ALA_L1,Guarana_Antarctica_Zero,10,0.0,0.0,0.0,0.0,0.0,0.0
70,Alagoinhas,ALA_L1,Guarana_Antarctica_Zero,11,0.0,0.0,0.0,0.0,0.0,0.0
70,Alagoinhas,ALA_L1,Guarana_Antarctica_Zero,12,0.0,0.0,0.0,0.0,0.0,0.0
70,Alagoinhas,ALA_L1,Guarana_Antarctica_Zero,13,0.0,0.0,0.0,0.0,0.0,0.0
70,Alagoinhas,ALA_L1,Guarana_Antarctica_Zero,14,0.0,0.0,0.0,0.0,0.0,0.0
70,Alagoinhas,ALA_L1,Guarana_Antarctica_Zero,15,0.0,0.0,0.0,0.0,0.0,0.0
70,Alagoinhas,ALA_L1,Itaipava_Lata,1,0.0,0.0,0.0,0.0,0.0,0.0
70,Alagoinhas,ALA_L1,Itaipava_Lata,2,0.0,0.0,0.0,0.0,0.0,0.0
70,Alagoinhas,ALA_L1,Itaipava_Lata,3,0.0,0.0,0.0,0.0,0.0,0.0
70,Alagoinhas,ALA_L1,Itaipava_Lata,4,0.0,0.0,0.0,0.0,0.0,28775.96
70,Alagoinhas,ALA_L1,Itaipava_Lata,5,0.0,0.0,0.0,0.0,0.0,12028.48
70,Alagoinhas,ALA_L1,Itaipava_Lata,6,0.0,0.0,0.0,0.0,0.0,0.0
70,Alagoinhas,ALA_L1,Itaipava_Lata,7,0.0,0.0,0.0,0.0,0.0,0.0
70,Alagoinhas,ALA_L1,Itaipava_Lata,8,0.0,0.0,0.0,0.0,0.0,0.0
70,Alagoinhas,ALA_L1,Itaipava_Lata,9,0.0,0.0,0.0,0.0,0.0,0.0
70,Alagoinhas,ALA_L1,Itaipava_Lata,10,0.0,0.0,0.0,0.0,0.0,0.0
70,Alagoinhas,ALA_L1,Itaipava_Lata,11,0.0,0.0,0.0,0.0,0.0,9368.88
70,Alagoinhas,ALA_L1,Itaipava_Lata,12,0.0,0.0,0.0,0.0,0.0,15150.63
70,Alagoinhas,ALA_L1,Itaipava_Lata,13,0.0,0.0,0.0,0.0,0.0,0.0
70,Alagoinhas,ALA_L1,Itaipava_Lata,14,0.0,0.0,0.0,0.0,0.0,9562.15
70,Alagoinhas,ALA_L1,Itaipava_Lata,15,0.0,0.0,0.0,0.0,0.0,0.0
70,Alagoinhas,ALA_L1,Brahma_Lata,1,0.0,0.0,0.0,0.0,0.0,0.0
70,Alagoinhas,ALA_L1,Brahma_Lata,2,0.0,0.0,0.0,0.0,0.0,0.0
70,Alagoinhas,ALA_L1,Brahma_Lata,3,0.0,0.0,0.0,0.0,0.0,0.0
70,Alagoinhas,ALA_L1,Brahma_Lata,4,0.0,0.0,0.0,0.0,0.0,0.0
70,Alagoinhas,ALA_L1,Brahma_Lata,5,0.0,0.0,0.0,0.0,0.0,0.0
70,Alagoinhas,ALA_L1,Brahma_Lata,6,0.0,0.0,0.0,0.0,0.0,0.0
70,Alagoinhas,ALA_L1,Brahma_Lata,7,0.0,0.0,0.0,0.0,0.0,0.0
70,Alagoinhas,ALA_L1,Brahma_Lata,8,0.0,0.0,0.0,0.0,0.0,0.0
70,Alagoinhas,ALA_L1,Brahma_Lata,9,0.0,0.0,0.0,0.0,0.0,0.0
70,Alagoinhas,ALA_L1,Brahma_Lata,10,0.0,0.0,0.0,0.0,0.0,0.0
70,Alagoinhas,ALA_L1,Brahma_Lata,11,0.0,0.0,0.0,0.0,0.0,23850.91
70,Alagoinhas,ALA_L1,Brahma_Lata,12,0.0,0.0,0.0,0.0,0.0,0.0
70,Alagoinhas,ALA_L1,Brahma_Lata,13,0.0,0.0,0.0,0.0,0.0,0.0
70,Alagoinhas,ALA_L1,Brahma_Lata,14,0.0,0.0,0.0,0.0,0.0,0.0
70,Alagoinhas,ALA_L1,Brahma_Lata,15,0.0,0.0,0.0,0.0,0.0,0.0
70,Alagoinhas,ALA_L1,Eisenbahn_Pilsen,1,0.0,0.0,0.0,0.0,2821.4200000000023,0.0
70,Alagoinhas,ALA_L1,Eisenbahn_Pilsen,2,0.0,0.0,0.0,0.0,0.0,0.0
70,Alagoinhas,ALA_L1,Eisenbahn_Pilsen,3,0.0,0.0,0.0,0.0,1237.3599999999944,0.0
70,Alagoinhas,ALA_L1,Eisenbahn_Pilsen,4,0.0,0.0,17510.72,0.0,4883.279999999994,17510.72
70,Alagoinhas,ALA_L1,Eisenbahn_Pilsen,5,0.0,0.0,0.0,0.0,0.0,7419.99
70,Alagoinhas,ALA_L1,Eisenbahn_Pilsen,6,0.0,0.0,0.0,0.0,0.0,0.0
70,Alagoinhas,ALA_L1,Eisenbahn_Pilsen,7,0.0,0.0,0.0,0.0,7358.19,0.0
70,Alagoinhas,ALA_L1,Eisenbahn_Pilsen,8,0.0,0.0,0.0,0.0,22818.629999999997,0.0
70,Alagoinhas,ALA_L1,Eisenbahn_Pilsen,9,0.0,0.0,0.0,0.0,0.0,0.0
70,Alagoinhas,ALA_L1,Eisenbahn_Pilsen,10,0.0,0.0,0.0,0.0,0.0,0.0
70,Alagoinhas,ALA_L1,Eisenbahn_Pilsen,11,0.0,0.0,0.0,0.0,9290.04,0.0
70,Alagoinhas,ALA_L1,Eisenbahn_Pilsen,12,0.0,0.0,12258.1,0.0,1673.6399999999999,12258.1
70,Alagoinhas,ALA_L1,Eisenbahn_Pilsen,13,0.0,0.0,0.0,0.0,32362.950000000004,0.0
70,Alagoinhas,ALA_L1,Eisenbahn_Pilsen,14,0.0,0.0,0.0,0.0,12004.839999999993,7594.18
70,Alagoinhas,ALA_L1,Eisenbahn_Pilsen,15,0.0,0.0,0.0,0.0,12648.1,0.0
70,Alagoinhas,ALA_L1,Pepsi_Black,1,0.0,0.0,0.0,0.0,0.0,3482.2
70,Alagoinhas,ALA_L1,Pepsi_Black,2,0.0,0.0,0.0,0.0,3482.2,0.0
70,Alagoinhas,ALA_L1,Pepsi_Black,3,0.0,0.0,0.0,0.0,10980.960000000001,10980.960000000001
70,Alagoinhas,ALA_L1,Pepsi_Black,4,0.0,0.0,0.0,0.0,0.0,0.0
70,Alagoinhas,ALA_L1,Pepsi_Black,5,0.0,0.0,0.0,0.0,0.0,13380.26
70,Alagoinhas,ALA_L1,Pepsi_Black,6,0.0,0.0,0.0,0.0,0.0,0.0
70,Alagoinhas,ALA_L1,Pepsi_Black,7,0.0,0.0,0.0,0.0,0.0,15111.47
70,Alagoinhas,ALA_L1,Pepsi_Black,8,0.0,0.0,0.0,0.0,3612.83,3612.83
70,Alagoinhas,ALA_L1,Pepsi_Black,9,0.0,0.0,0.0,0.0,0.0,1382.6100000000042
70,Alagoinhas,ALA_L1,Pepsi_Black,10,0.0,0.0,0.0,0.0,0.0,25408.729999999996
70,Alagoinhas,ALA_L1,Pepsi_Black,11,0.0,0.0,0.0,0.0,23052.670000000002,23052.670000000002
70,Alagoinhas,ALA_L1,Pepsi_Black,12,0.0,0.0,0.0,0.0,0.0,0.0
70,Alagoinhas,ALA_L1,Pepsi_Black,13,0.0,0.0,0.0,0.0,0.0,6759.31
70,Alagoinhas,ALA_L1,Pepsi_Black,14,0.0,0.0,0.0,0.0,0.0,0.0
70,Alagoinhas,ALA_L1,Pepsi_Black,15,0.0,0.0,14449.16,0.0,0.0,14449.16
70,Alagoinhas,ALA_L1,Guarana_Antarctica,1,0.0,0.0,0.0,0.0,0.0,0.0
70,Alagoinhas,ALA_L1,Guarana_Antarctica,2,36456.0,0.0,0.0,0.0,36456.0,0.0
70,Alagoinhas,ALA_L1,Guarana_Antarctica,3,0.0,0.0,0.0,0.0,0.0,12880.96
70,Alagoinhas,ALA_L1,Guarana_Antarctica,4,0.0,0.0,13915.71,0.0,7724.77,13915.71
70,Alagoinhas,ALA_L1,Guarana_Antarctica,5,0.0,0.0,0.0,0.0,0.0,0.0
70,Alagoinhas,ALA_L1,Guarana_Antarctica,6,0.0,0.0,0.0,0.0,0.0,14381.05
70,Alagoinhas,ALA_L1,Guarana_Antarctica,7,0.0,0.0,0.0,0.0,14381.05,0.0
70,Alagoinhas,ALA_L1,Guarana_Antarctica,8,0.0,0.0,0.0,0.0,0.0,0.0
70,Alagoinhas,ALA_L1,Guarana_Antarctica,9,0.0,0.0,0.0,0.0,0.0,0.0
70,Alagoinhas,ALA_L1,Guarana_Antarctica,10,0.0,0.0,0.0,0.0,0.0,639.7700000000004
70,Alagoinhas,ALA_L1,Guarana_Antarctica,11,0.0,0.0,0.0,0.0,0.0,25280.35
70,Alagoinhas,ALA_L1,Guarana_Antarctica,12,0.0,0.0,0.0,0.0,25920.12,0.0
70,Alagoinhas,ALA_L1,Guarana_Antarctica,13,0.0,0.0,29204.11,0.0,0.0,29204.11
70,Alagoinhas,ALA_L1,Guarana_Antarctica,14,0.0,0.0,0.0,0.0,0.0,0.0
70,Alagoinhas,ALA_L1,Guarana_Antarctica,15,0.0,0.0,0.0,0.0,0.0,0.0
70,Alagoinhas,ALA_L1,Amstel_Lata,1,0.0,0.0,0.0,0.0,0.0,0.0
70,Alagoinhas,ALA_L1,Amstel_Lata,2,0.0,0.0,0.0,0.0,0.0,0.0
70,Alagoinhas,ALA_L1,Amstel_Lata,3,0.0,0.0,0.0,0.0,0.0,0.0
70,Alagoinhas,ALA_L1,Amstel_Lata,4,0.0,0.0,0.0,0.0,0.0,0.0
70,Alagoinhas,ALA_L1,Amstel_Lata,5,0.0,0.0,0.0,0.0,0.0,0.0
70,Alagoinhas,ALA_L1,Amstel_Lata,6,0.0,0.0,0.0,0.0,0.0,0.0
70,Alagoinhas,ALA_L1,Amstel_Lata,7,0.0,0.0,0.0,0.0,0.0,12336.07
70,Alagoinhas,ALA_L1,Amstel_Lata,8,0.0,0.0,0.0,0.0,0.0,0.0
70,Alagoinhas,ALA_L1,Amstel_Lata,9,0.0,0.0,0.0,0.0,0.0,0.0
70,Alagoinhas,ALA_L1,Amstel_Lata,10,0.0,0.0,0.0,0.0,0.0,0.0
70,Alagoinhas,ALA_L1,Amstel_Lata,11,0.0,0.0,0.0,0.0,0.0,0.0
70,Alagoinhas,ALA_L1,Amstel_Lata,12,0.0,0.0,0.0,0.0,0.0,0.0
70,Alagoinhas,ALA_L1,Amstel_Lata,13,0.0,0.0,0.0,0.0,0.0,0.0
70,Alagoinhas,ALA_L1,Amstel_Lata,14,0.0,0.0,0.0,0.0,0.0,8748.32
70,Alagoinhas,ALA_L1,Amstel_Lata,15,0.0,0.0,0.0,0.0,0.0,0.0
70,Alagoinhas,ALA_L1,Del_Valle_Laranja,1,0.0,0.0,0.0,0.0,0.0,0.0
70,Alagoinhas,ALA_L1,Del_Valle_Laranja,2,0.0,0.0,0.0,0.0,0.0,0.0
70,Alagoinhas,ALA_L1,Del_Valle_Laranja,3,0.0,0.0,0.0,0.0,0.0,0.0
70,Alagoinhas,ALA_L1,Del_Valle_Laranja,4,0.0,0.0,0.0,0.0,0.0,0.0
70,Alagoinhas,ALA_L1,Del_Valle_Laranja,5,0.0,0.0,0.0,0.0,0.0,0.0
70,Alagoinhas,ALA_L1,Del_Valle_Laranja,6,0.0,0.0,0.0,0.0,0.0,0.0
70,Alagoinhas,ALA_L1,Del_Valle_Laranja,7,0.0,0.0,24557.22,0.0,0.0,24557.22
70,Alagoinhas,ALA_L1,Del_Valle_Laranja,8,0.0,0.0,0.0,0.0,0.0,0.0
70,Alagoinhas,ALA_L1,Del_Valle_Laranja,9,0.0,0.0,0.0,0.0,0.0,0.0
70,Alagoinhas,ALA_L1,Del_Valle_Laranja,10,0.0,0.0,0.0,0.0,0.0,0.0
70,Alagoinhas,ALA_L1,Del_Valle_Laranja,11,0.0,0.0,0.0,0.0,0.0,0.0
70,Alagoinhas,ALA_L1,Del_Valle_Laranja,12,0.0,0.0,0.0,0.0,0.0,0.0
70,Alagoinhas,ALA_L1,Del_Valle_Laranja,13,0.0,0.0,0.0,0.0,0.0,0.0
70,Alagoinhas,ALA_L1,Del_Valle_Laranja,14,0.0,0.0,0.0,0.0,0.0,0.0
70,Alagoinhas,ALA_L1,Del_Valle_Laranja,15,0.0,0.0,0.0,0.0,0.0,0.0
70,Alagoinhas,ALA_L1,Fanta_Uva,1,0.0,0.0,0.0,0.0,0.0,0.0
70,Alagoinhas,ALA_L1,Fanta_Uva,2,0.0,0.0,0.0,0.0,0.0,0.0
70,Alagoinhas,ALA_L1,Fanta_Uva,3,0.0,0.0,0.0,0.0,0.0,0.0
70,Alagoinhas,ALA_L1,Fanta_Uva,4,0.0,0.0,0.0,0.0,0.0,0.0
70,Alagoinhas,ALA_L1,Fanta_Uva,5,0.0,0.0,0.0,0.0,0.0,0.0
70,Alagoinhas,ALA_L1,Fanta_Uva,6,0.0,0.0,0.0,0.0,0.0,71.93
70,Alagoinhas,ALA_L1,Fanta_Uva,7,0.0,0.0,0.0,0.0,0.0,20989.91000000001
70,Alagoinhas,ALA_L1,Fanta_Uva,8,0.0,0.0,2761.6,0.0,0.0,8742.04999999999
70,Alagoinhas,ALA_L1,Fanta_Uva,9,0.0,0.0,0.0,0.0,0.0,0.0
70,Alagoinhas,ALA_L1,Fanta_Uva,10,0.0,0.0,0.0,0.0,0.0,0.0
70,Alagoinhas,ALA_L1,Fanta_Uva,11,0.0,0.0,0.0,0.0,0.0,0.0
70,Alagoinhas,ALA_L1,Fanta_Uva,12,0.0,0.0,0.0,0.0,0.0,0.0
70,Alagoinhas,ALA_L1,Fanta_Uva,13,0.0,0.0,0.0,0.0,0.0,0.0
70,Alagoinhas,ALA_L1,Fanta_Uva,14,0.0,0.0,0.0,0.0,0.0,0.0
70,Alagoinhas,ALA_L1,Fanta_Uva,15,0.0,0.0,0.0,0.0,0.0,0.0
70,Alagoinhas,ALA_L1,Maguary_Maracuja,1,0.0,0.0,0.0,0.0,0.0,9976.4
70,Alagoinhas,ALA_L1,Maguary_Maracuja,2,0.0,0.0,13177.46,0.0,0.0,13177.46
70,Alagoinhas,ALA_L1,Maguary_Maracuja,3,0.0,0.0,0.0,0.0,0.0,0.0
70,Alagoinhas,ALA_L1,Maguary_Maracuja,4,0.0,0.0,0.0,0.0,0.0,0.0
70,Alagoinhas,ALA_L1,Maguary_Maracuja,5,0.0,0.0,0.0,0.0,0.0,0.0
70,Alagoinhas,ALA_L1,Maguary_Maracuja,6,0.0,0.0,0.0,0.0,0.0,0.0
70,Alagoinhas,ALA_L1,Maguary_Maracuja,7,0.0,0.0,0.0,0.0,0.0,0.0
70,Alagoinhas,ALA_L1,Maguary_Maracuja,8,0.0,0.0,16830.63,0.0,0.0,18802.38
70,Alagoinhas,ALA_L1,Maguary_Maracuja,9,0.0,0.0,0.0,0.0,0.0,29607.0
70,Alagoinhas,ALA_L1,Maguary_Maracuja,10,0.0,0.0,0.0,0.0,0.0,0.0
70,Alagoinhas,ALA_L1,Maguary_Maracuja,11,0.0,0.0,0.0,0.0,0.0,0.0
70,Alagoinhas,ALA_L1,Maguary_Maracuja,12,0.0,0.0,0.0,0.0,0.0,0.0
70,Alagoinhas,ALA_L1,Maguary_Maracuja,13,0.0,0.0,0.0,0.0,0.0,0.0
70,Alagoinhas,ALA_L1,Maguary_Maracuja,14,0.0,0.0,0.0,0.0,0.0,0.0
70,Alagoinhas,ALA_L1,Maguary_Maracuja,15,0.0,0.0,0.0,0.0,0.0,13413.81
70,Alagoinhas,ALA_L1,Coca_Cola,1,0.0,0.0,0.0,0.0,0.0,0.0
70,Alagoinhas,ALA_L1,Coca_Cola,2,0.0,0.0,0.0,0.0,0.0,0.0
70,Alagoinhas,ALA_L1,Coca_Cola,3,0.0,0.0,0.0,0.0,0.0,0.0
70,Alagoinhas,ALA_L1,Coca_Cola,4,0.0,0.0,0.0,0.0,0.0,0.0
70,Alagoinhas,ALA_L1,Coca_Cola,5,0.0,0.0,0.0,0.0,0.0,0.0
70,Alagoinhas,ALA_L1,Coca_Cola,6,0.0,0.0,0.0,0.0,0.0,0.0
70,Alagoinhas,ALA_L1,Coca_Cola,7,0.0,0.0,0.0,0.0,0.0,0.0
70,Alagoinhas,ALA_L1,Coca_Cola,8,0.0,0.0,0.0,0.0,0.0,0.0
70,Alagoinhas,ALA_L1,Coca_Cola,9,0.0,0.0,0.0,0.0,0.0,9837.71
70,Alagoinhas,ALA_L1,Coca_Cola,10,0.0,0.0,0.0,0.0,0.0,0.0
70,Alagoinhas,ALA_L1,Coca_Cola,11,0.0,0.0,0.0,0.0,10894.099999999995,0.0
70,Alagoinhas,ALA_L1,Coca_Cola,12,0.0,0.0,0.0,0.0,0.0,0.0
70,Alagoinhas,ALA_L1,Coca_Cola,13,0.0,0.0,0.0,0.0,0.0,0.0
70,Alagoinhas,ALA_L1,Coca_Cola,14,0.0,0.0,0.0,0.0,0.0,10918.53
70,Alagoinhas,ALA_L1,Coca_Cola,15,0.0,0.0,0.0,0.0,8436.620000000006,0.0
70,Alagoinhas,ALA_L1,H2OH_Limao,1,42000.0,0.0,28780.08,0.0,13219.919999999991,0.0
70,Alagoinhas,ALA_L1,H2OH_Limao,2,0.0,0.0,0.0,0.0,0.0,0.0
70,Alagoinhas,ALA_L1,H2OH_Limao,3,14733.729999999996,0.0,0.0,0.0,14733.729999999996,0.0
70,Alagoinhas,ALA_L1,H2OH_Limao,4,0.0,0.0,0.0,0.0,0.0,0.0
70,Alagoinhas,ALA_L1,H2OH_Limao,5,0.0,0.0,0.0,0.0,0.0,0.0
70,Alagoinhas,ALA_L1,H2OH_Limao,6,0.0,0.0,0.0,0.0,0.0,0.0
70,Alagoinhas,ALA_L1,H2OH_Limao,7,0.0,0.0,0.0,0.0,0.0,14601.22
70,Alagoinhas,ALA_L1,H2OH_Limao,8,0.0,0.0,0.0,0.0,0.0,0.0
70,Alagoinhas,ALA_L1,H2OH_Limao,9,0.0,0.0,0.0,0.0,0.0,0.0
70,Alagoinhas,ALA_L1,H2OH_Limao,10,0.0,0.0,0.0,0.0,0.0,0.0
70,Alagoinhas,ALA_L1,H2OH_Limao,11,0.0,0.0,0.0,0.0,0.0,0.0
70,Alagoinhas,ALA_L1,H2OH_Limao,12,0.0,0.0,0.0,0.0,0.0,0.0
70,Alagoinhas,ALA_L1,H2OH_Limao,13,0.0,0.0,0.0,0.0,0.0,0.0
70,Alagoinhas,ALA_L1,H2OH_Limao,14,0.0,0.0,0.0,0.0,0.0,0.0
70,Alagoinhas,ALA_L1,H2OH_Limao,15,0.0,0.0,0.0,0.0,0.0,0.0
70,Alagoinhas,ALA_L1,Schweppes_Citrus,1,0.0,0.0,0.0,0.0,0.0,0.0
70,Alagoinhas,ALA_L1,Schweppes_Citrus,2,0.0,0.0,0.0,0.0,0.0,0.0
70,Alagoinhas,ALA_L1,Schweppes_Citrus,3,0.0,0.0,0.0,0.0,0.0,0.0
70,Alagoinhas,ALA_L1,Schweppes_Citrus,4,0.0,0.0,0.0,0.0,0.0,0.0
70,Alagoinhas,ALA_L1,Schweppes_Citrus,5,0.0,0.0,0.0,0.0,0.0,0.0
70,Alagoinhas,ALA_L1,Schweppes_Citrus,6,0.0,0.0,0.0,0.0,0.0,0.0
70,Alagoinhas,ALA_L1,Schweppes_Citrus,7,0.0,0.0,0.0,0.0,0.0,0.0
70,Alagoinhas,ALA_L1,Schweppes_Citrus,8,0.0,0.0,0.0,0.0,0.0,0.0
70,Alagoinhas,ALA_L1,Schweppes_Citrus,9,0.0,0.0,0.0,0.0,0.0,0.0
70,Alagoinhas,ALA_L1,Schweppes_Citrus,10,0.0,0.0,0.0,0.0,0.0,0.0
70,Alagoinhas,ALA_L1,Schweppes_Citrus,11,0.0,0.0,0.0,0.0,0.0,0.0
70,Alagoinhas,ALA_L1,Schweppes_Citrus,12,0.0,0.0,0.0,0.0,0.0,0.0
70,Alagoinhas,ALA_L1,Schweppes_Citrus,13,0.0,0.0,0.0,0.0,0.0,14046.03
70,Alagoinhas,ALA_L1,Schweppes_Citrus,14,0.0,0.0,0.0,0.0,0.0,0.0
70,Alagoinhas,ALA_L1,Schweppes_Citrus,15,0.0,0.0,0.0,0.0,0.0,0.0
70,Alagoinhas,ALA_L1,Sprite,1,0.0,0.0,0.0,0.0,0.0,0.0
70,Alagoinhas,ALA_L1,Sprite,2,0.0,0.0,0.0,0.0,0.0,14741.66
70,Alagoinhas,ALA_L1,Sprite,3,0.0,0.0,0.0,0.0,0.0,0.0
70,Alagoinhas,ALA_L1,Sprite,4,0.0,0.0,0.0,0.0,0.0,0.0
70,Alagoinhas,ALA_L1,Sprite,5,0.0,0.0,0.0,0.0,0.0,0.0
70,Alagoinhas,ALA_L1,Sprite,6,0.0,0.0,0.0,0.0,0.0,0.0
70,Alagoinhas,ALA_L1,Sprite,7,0.0,0.0,0.0,0.0,0.0,5061.93
70,Alagoinhas,ALA_L1,Sprite,8,0.0,0.0,0.0,0.0,0.0,0.0
70,Alagoinhas,ALA_L1,Sprite,9,0.0,0.0,0.0,0.0,0.0,0.0
70,Alagoinhas,ALA_L1,Sprite,10,0.0,0.0,0.0,0.0,0.0,0.0
70,Alagoinhas,ALA_L1,Sprite,11,0.0,0.0,0.0,0.0,0.0,0.0
70,Alagoinhas,ALA_L1,Sprite,12,0.0,0.0,0.0,0.0,0.0,0.0
70,Alagoinhas,ALA_L1,Sprite,13,0.0,0.0,0.0,0.0,0.0,0.0
70,Alagoinhas,ALA_L1,Sprite,14,0.0,0.0,0.0,0.0,0.0,0.0
70,Alagoinhas,ALA_L1,Sprite,15,0.0,0.0,0.0,0.0,0.0,2584.54
70,Alagoinhas,ALA_L1,Del_Valle_Uva,1,0.0,0.0,0.0,0.0,0.0,0.0
70,Alagoinhas,ALA_L1,Del_Valle_Uva,2,0.0,0.0,0.0,0.0,0.0,0.0
70,Alagoinhas,ALA_L1,Del_Valle_Uva,3,0.0,0.0,0.0,0.0,0.0,7325.32
70,Alagoinhas,ALA_L1,Del_Valle_Uva,4,0.0,0.0,0.0,0.0,0.0,0.0
70,Alagoinhas,ALA_L1,Del_Valle_Uva,5,0.0,0.0,0.0,0.0,0.0,12812.59
70,Alagoinhas,ALA_L1,Del_Valle_Uva,6,0.0,0.0,0.0,0.0,0.0,0.0
70,Alagoinhas,ALA_L1,Del_Valle_Uva,7,0.0,0.0,0.0,0.0,0.0,0.0
70,Alagoinhas,ALA_L1,Del_Valle_Uva,8,0.0,0.0,0.0,0.0,0.0,0.0
70,Alagoinhas,ALA_L1,Del_Valle_Uva,9,0.0,0.0,0.0,0.0,0.0,0.0
70,Alagoinhas,ALA_L1,Del_Valle_Uva,10,0.0,0.0,0.0,0.0,0.0,0.0
70,Alagoinhas,ALA_L1,Del_Valle_Uva,11,0.0,0.0,0.0,0.0,0.0,0.0
70,Alagoinhas,ALA_L1,Del_Valle_Uva,12,0.0,0.0,0.0,0.0,0.0,0.0
70,Alagoinhas,ALA_L1,Del_Valle_Uva,13,0.0,0.0,0.0,0.0,0.0,0.0
70,Alagoinhas,ALA_L1,Del_Valle_Uva,14,0.0,0.0,0.0,0.0,0.0,9023.25
70,Alagoinhas,ALA_L1,Del_Valle_Uva,15,0.0,0.0,0.0,0.0,0.0,0.0
70,Alagoinhas,ALA_L1,Pepsi,1,0.0,0.0,0.0,0.0,0.0,5592.38
70,Alagoinhas,ALA_L1,Pepsi,2,0.0,0.0,0.0,0.0,15111.8,0.0
70,Alagoinhas,ALA_L1,Pepsi,3,0.0,0.0,0.0,0.0,0.0,0.0
70,Alagoinhas,ALA_L1,Pepsi,4,0.0,0.0,0.0,0.0,1145.079999999998,0.0
70,Alagoinhas,ALA_L1,Pepsi,5,0.0,0.0,0.0,0.0,8361.539999999995,0.0
70,Alagoinhas,ALA_L1,Pepsi,6,0.0,0.0,0.0,0.0,0.0,0.0
70,Alagoinhas,ALA_L1,Pepsi,7,0.0,0.0,0.0,0.0,0.0,0.0
70,Alagoinhas,ALA_L1,Pepsi,8,0.0,0.0,0.0,0.0,0.0,0.0
70,Alagoinhas,ALA_L1,Pepsi,9,0.0,0.0,0.0,0.0,7563.349999999999,0.0
70,Alagoinhas,ALA_L1,Pepsi,10,0.0,0.0,13975.2,0.0,0.0,13975.2
70,Alagoinhas,ALA_L1,Pepsi,11,0.0,0.0,16121.05,0.0,18943.18,16121.05
70,Alagoinhas,ALA_L1,Pepsi,12,0.0,0.0,0.0,0.0,0.0,0.0
70,Alagoinhas,ALA_L1,Pepsi,13,0.0,0.0,0.0,0.0,0.0,0.0
70,Alagoinhas,ALA_L1,Pepsi,14,0.0,0.0,0.0,0.0,0.0,0.0
70,Alagoinhas,ALA_L1,Pepsi,15,0.0,0.0,0.0,0.0,0.0,0.0
70,Alagoinhas,ALA_L2,Fanta_Laranja,1,0.0,0.0,0.0,0.0,0.0,0.0
70,Alagoinhas,ALA_L2,Fanta_Laranja,2,0.0,0.0,0.0,0.0,0.0,0.0
70,Alagoinhas,ALA_L2,Fanta_Laranja,3,0.0,0.0,0.0,0.0,0.0,0.0
70,Alagoinhas,ALA_L2,Fanta_Laranja,4,0.0,0.0,0.0,0.0,0.0,0.0
70,Alagoinhas,ALA_L2,Fanta_Laranja,5,0.0,0.0,0.0,0.0,0.0,0.0
70,Alagoinhas,ALA_L2,Fanta_Laranja,6,0.0,0.0,0.0,0.0,0.0,0.0
70,Alagoinhas,ALA_L2,Fanta_Laranja,7,0.0,0.0,0.0,0.0,0.0,0.0
70,Alagoinhas,ALA_L2,Fanta_Laranja,8,0.0,0.0,0.0,0.0,0.0,0.0
70,Alagoinhas,ALA_L2,Fanta_Laranja,9,0.0,0.0,15107.04,0.0,0.0,15107.04
70,Alagoinhas,ALA_L2,Fanta_Laranja,10,0.0,0.0,0.0,0.0,0.0,0.0
70,Alagoinhas,ALA_L2,Fanta_Laranja,11,0.0,0.0,0.0,0.0,0.0,0.0
70,Alagoinhas,ALA_L2,Fanta_Laranja,12,0.0,0.0,28835.25,0.0,0.0,28835.25
70,Alagoinhas,ALA_L2,Fanta_Laranja,13,0.0,0.0,0.0,0.0,0.0,0.0
70,Alagoinhas,ALA_L2,Fanta_Laranja,14,3430.1700000000055,0.0,0.0,0.0,3430.1700000000055,0.0
70,Alagoinhas,ALA_L2,Fanta_Laranja,15,2293.0599999999995,0.0,0.0,0.0,2293.0599999999995,0.0
70,Alagoinhas,ALA_L2,Itubaina,1,33672.93,0.0,0.0,0.0,33672.93,0.0
70,Alagoinhas,ALA_L2,Itubaina,2,20824.2,0.0,0.0,0.0,20824.2,0.0
70,Alagoinhas,ALA_L2,Itubaina,3,39082.64,0.0,0.0,0.0,39082.64,0.0
70,Alagoinhas,ALA_L2,Itubaina,4,23912.97,0.0,0.0,0.0,23912.97,0.0
70,Alagoinhas,ALA_L2,Itubaina,5,29582.460000000003,0.0,0.0,0.0,29582.460000000003,14120.93
70,Alagoinhas,ALA_L2,Itubaina,6,41808.0,0.0,17185.05,0.0,24622.95,0.0
70,Alagoinhas,ALA_L2,Itubaina,7,27873.81,0.0,0.0,0.0,27873.81,0.0
70,Alagoinhas,ALA_L2,Itubaina,8,2569.36,0.0,0.0,0.0,2569.36,0.0
70,Alagoinhas,ALA_L2,Itubaina,9,29492.65,0.0,0.0,0.0,29492.65,28739.52
70,Alagoinhas,ALA_L2,Itubaina,10,40104.0,0.0,0.0,0.0,40104.0,0.0
70,Alagoinhas,ALA_L2,Itubaina,11,0.0,0.0,0.0,0.0,0.0,0.0
70,Alagoinhas,ALA_L2,Itubaina,12,37782.36,0.0,0.0,0.0,37782.36,7419.1
70,Alagoinhas,ALA_L2,Itubaina,13,8629.05,0.0,0.0,0.0,8629.05,8629.05
70,Alagoinhas,ALA_L2,Itubaina,14,22076.99,0.0,0.0,0.0,22076.99,0.0
70,Alagoinhas,ALA_L2,Itubaina,15,0.0,0.0,0.0,0.0,0.0,0.0
70,Alagoinhas,ALA_L2,Skol_Lata,1,0.0,0.0,11311.84,0.0,0.0,11311.84
70,Alagoinhas,ALA_L2,Skol_Lata,2,0.0,0.0,0.0,0.0,0.0,21465.31
70,Alagoinhas,ALA_L2,Skol_Lata,3,0.0,0.0,0.0,0.0,0.0,22700.48
70,Alagoinhas,ALA_L2,Skol_Lata,4,0.0,0.0,0.0,0.0,0.0,0.0
70,Alagoinhas,ALA_L2,Skol_Lata,5,0.0,0.0,0.0,0.0,0.0,0.0
70,Alagoinhas,ALA_L2,Skol_Lata,6,0.0,0.0,0.0,0.0,0.0,0.0
70,Alagoinhas,ALA_L2,Skol_Lata,7,0.0,0.0,0.0,0.0,0.0,0.0
70,Alagoinhas,ALA_L2,Skol_Lata,8,0.0,0.0,0.0,0.0,0.0,0.0
70,Alagoinhas,ALA_L2,Skol_Lata,9,0.0,0.0,0.0,0.0,0.0,0.0
70,Alagoinhas,ALA_L2,Skol_Lata,10,0.0,0.0,0.0,0.0,0.0,0.0
70,Alagoinhas,ALA_L2,Skol_Lata,11,0.0,0.0,0.0,0.0,0.0,0.0
70,Alagoinhas,ALA_L2,Skol_Lata,12,0.0,0.0,0.0,0.0,0.0,0.0
70,Alagoinhas,ALA_L2,Skol_Lata,13,0.0,0.0,0.0,0.0,0.0,0.0
70,Alagoinhas,ALA_L2,Skol_Lata,14,0.0,0.0,0.0,0.0,0.0,0.0
70,Alagoinhas,ALA_L2,Skol_Lata,15,0.0,0.0,0.0,0.0,0.0,0.0
70,Alagoinhas,ALA_L2,Heineken_Lata,1,0.0,0.0,0.0,0.0,0.0,0.0
70,Alagoinhas,ALA_L2,Heineken_Lata,2,0.0,0.0,0.0,0.0,689.71,689.71
70,Alagoinhas,ALA_L2,Heineken_Lata,3,0.0,0.0,17991.8,0.0,0.0,17991.8
70,Alagoinhas,ALA_L2,Heineken_Lata,4,0.0,0.0,0.0,0.0,0.0,0.0
70,Alagoinhas,ALA_L2,Heineken_Lata,5,0.0,0.0,0.0,0.0,0.0,11719.12
70,Alagoinhas,ALA_L2,Heineken_Lata,6,0.0,0.0,0.0,0.0,0.0,0.0
70,Alagoinhas,ALA_L2,Heineken_Lata,7,0.0,0.0,0.0,0.0,0.0,0.0
70,Alagoinhas,ALA_L2,Heineken_Lata,8,0.0,0.0,0.0,0.0,0.0,9171.64
70,Alagoinhas,ALA_L2,Heineken_Lata,9,0.0,0.0,0.0,0.0,0.0,0.0
70,Alagoinhas,ALA_L2,Heineken_Lata,10,0.0,1857.2399999999907,0.0,0.0,0.0,1857.2399999999907
70,Alagoinhas,ALA_L2,Heineken_Lata,11,0.0,0.0,0.0,0.0,6487.479999999992,19846.82
70,Alagoinhas,ALA_L2,Heineken_Lata,12,0.0,0.0,0.0,0.0,0.0,0.0
70,Alagoinhas,ALA_L2,Heineken_Lata,13,0.0,0.0,0.0,0.0,0.0,0.0
70,Alagoinhas,ALA_L2,Heineken_Lata,14,0.0,0.0,0.0,0.0,0.0,0.0
70,Alagoinhas,ALA_L2,Heineken_Lata,15,0.0,0.0,14181.14,0.0,0.0,26860.379999999997
70,Alagoinhas,ALA_L2,Coca_Cola_Zero,1,0.0,0.0,0.0,0.0,0.0,0.0
70,Alagoinhas,ALA_L2,Coca_Cola_Zero,2,0.0,0.0,0.0,0.0,32492.67,0.0
70,Alagoinhas,ALA_L2,Coca_Cola_Zero,3,0.0,0.0,0.0,0.0,39984.00000000001,0.0
70,Alagoinhas,ALA_L2,Coca_Cola_Zero,4,0.0,0.0,0.0,0.0,14703.54,0.0
70,Alagoinhas,ALA_L2,Coca_Cola_Zero,5,0.0,0.0,0.0,0.0,15809.35,0.0
70,Alagoinhas,ALA_L2,Coca_Cola_Zero,6,0.0,0.0,0.0,0.0,11549.380000000001,0.0
70,Alagoinhas,ALA_L2,Coca_Cola_Zero,7,0.0,0.0,0.0,0.0,29734.05,0.0
70,Alagoinhas,ALA_L2,Coca_Cola_Zero,8,0.0,0.0,0.0,0.0,38712.0,0.0
70,Alagoinhas,ALA_L2,Coca_Cola_Zero,9,0.0,0.0,0.0,0.0,19519.989999999994,0.0
70,Alagoinhas,ALA_L2,Coca_Cola_Zero,10,0.0,0.0,28143.24,0.0,28143.24,28143.24
70,Alagoinhas,ALA_L2,Coca_Cola_Zero,11,0.0,0.0,0.0,0.0,29353.900000000005,0.0
70,Alagoinhas,ALA_L2,Coca_Cola_Zero,12,0.0,0.0,0.0,0.0,39312.0,0.0
70,Alagoinhas,ALA_L2,Coca_Cola_Zero,13,0.0,0.0,0.0,0.0,40560.0,0.0
70,Alagoinhas,ALA_L2,Coca_Cola_Zero,14,0.0,0.0,0.0,0.0,0.0,0.0
70,Alagoinhas,ALA_L2,Coca_Cola_Zero,15,0.0,0.0,0.0,0.0,1247.97,0.0
70,Alagoinhas,ALA_L2,Antarctica_Lata,1,0.0,0.0,0.0,0.0,0.0,10435.53
70,Alagoinhas,ALA_L2,Antarctica_Lata,2,0.0,0.0,0.0,0.0,0.0,0.0
70,Alagoinhas,ALA_L2,Antarctica_Lata,3,0.0,0.0,0.0,0.0,0.0,0.0
70,Alagoinhas,ALA_L2,Antarctica_Lata,4,0.0,0.0,0.0,0.0,0.0,0.0
70,Alagoinhas,ALA_L2,Antarctica_Lata,5,0.0,0.0,0.0,0.0,0.0,0.0
70,Alagoinhas,ALA_L2,Antarctica_Lata,6,0.0,0.0,0.0,0.0,0.0,0.0
70,Alagoinhas,ALA_L2,Antarctica_Lata,7,0.0,0.0,2991.9,0.0,0.0,2991.9
70,Alagoinhas,ALA_L2,Antarctica_Lata,8,0.0,0.0,0.0,0.0,0.0,0.0
70,Alagoinhas,ALA_L2,Antarctica_Lata,9,0.0,0.0,0.0,0.0,0.0,0.0
70,Alagoinhas,ALA_L2,Antarctica_Lata,10,0.0,0.0,0.0,0.0,0.0,0.0
70,Alagoinhas,ALA_L2,Antarctica_Lata,11,0.0,0.0,0.0,0.0,0.0,0.0
70,Alagoinhas,ALA_L2,Antarctica_Lata,12,0.0,0.0,0.0,0.0,0.0,0.0
70,Alagoinhas,ALA_L2,Antarctica_Lata,13,0.0,0.0,0.0,0.0,0.0,0.0
70,Alagoinhas,ALA_L2,Antarctica_Lata,14,0.0,0.0,0.0,0.0,0.0,0.0
70,Alagoinhas,ALA_L2,Antarctica_Lata,15,0.0,0.0,0.0,0.0,0.0,0.0
70,Alagoinhas,ALA_L2,Spaten_Lata,1,0.0,0.0,0.0,0.0,0.0,0.0
70,Alagoinhas,ALA_L2,Spaten_Lata,2,0.0,0.0,0.0,0.0,0.0,0.0
70,Alagoinhas,ALA_L2,Spaten_Lata,3,0.0,6713.730000000001,0.0,0.0,0.0,6713.730000000001
70,Alagoinhas,ALA_L2,Spaten_Lata,4,0.0,0.0,0.0,0.0,6713.730000000001,0.0
70,Alagoinhas,ALA_L2,Spaten_Lata,5,0.0,0.0,7885.0,0.0,0.0,7885.0
70,Alagoinhas,ALA_L2,Spaten_Lata,6,0.0,0.0,0.0,0.0,0.0,0.0
70,Alagoinhas,ALA_L2,Spaten_Lata,7,0.0,4603.920000000002,0.0,0.0,0.0,4603.920000000002
70,Alagoinhas,ALA_L2,Spaten_Lata,8,0.0,2824.6700000000037,0.0,0.0,1779.2499999999982,14338.15
70,Alagoinhas,ALA_L2,Spaten_Lata,9,0.0,0.0,0.0,0.0,26192.680000000008,0.0
70,Alagoinhas,ALA_L2,Spaten_Lata,10,0.0,0.0,0.0,0.0,0.0,9248.37
70,Alagoinhas,ALA_L2,Spaten_Lata,11,0.0,0.0,0.0,0.0,0.0,13985.32
70,Alagoinhas,ALA_L2,Spaten_Lata,12,0.0,0.0,0.0,0.0,0.0,0.0
70,Alagoinhas,ALA_L2,Spaten_Lata,13,0.0,0.0,0.0,0.0,0.0,0.0
70,Alagoinhas,ALA_L2,Spaten_Lata,14,0.0,0.0,0.0,0.0,40381.45999999999,0.0
70,Alagoinhas,ALA_L2,Spaten_Lata,15,0.0,0.0,0.0,0.0,0.0,0.0
70,Alagoinhas,ALA_L2,Maguary_Caju,1,441.64999999999964,0.0,8661.7,0.0,0.0,8220.050000000001
70,Alagoinhas,ALA_L2,Maguary_Caju,2,0.0,0.0,0.0,0.0,0.0,0.0
70,Alagoinhas,ALA_L2,Maguary_Caju,3,0.0,0.0,0.0,0.0,0.0,0.0
70,Alagoinhas,ALA_L2,Maguary_Caju,4,0.0,0.0,0.0,0.0,0.0,0.0
70,Alagoinhas,ALA_L2,Maguary_Caju,5,0.0,0.0,0.0,0.0,0.0,0.0
70,Alagoinhas,ALA_L2,Maguary_Caju,6,0.0,0.0,0.0,0.0,0.0,29217.94
70,Alagoinhas,ALA_L2,Maguary_Caju,7,0.0,0.0,0.0,0.0,0.0,0.0
70,Alagoinhas,ALA_L2,Maguary_Caju,8,0.0,0.0,0.0,0.0,0.0,0.0
70,Alagoinhas,ALA_L2,Maguary_Caju,9,0.0,0.0,0.0,0.0,0.0,0.0
70,Alagoinhas,ALA_L2,Maguary_Caju,10,0.0,0.0,0.0,0.0,0.0,0.0
70,Alagoinhas,ALA_L2,Maguary_Caju,11,0.0,0.0,0.0,0.0,0.0,0.0
70,Alagoinhas,ALA_L2,Maguary_Caju,12,0.0,0.0,0.0,0.0,0.0,0.0
70,Alagoinhas,ALA_L2,Maguary_Caju,13,0.0,0.0,0.0,0.0,0.0,0.0
70,Alagoinhas,ALA_L2,Maguary_Caju,14,0.0,0.0,0.0,0.0,0.0,0.0
70,Alagoinhas,ALA_L2,Maguary_Caju,15,0.0,0.0,0.0,0.0,0.0,0.0
70,Alagoinhas,ALA_L2,Del_Valle_Pessego,1,0.0,0.0,0.0,0.0,0.0,0.0
70,Alagoinhas,ALA_L2,Del_Valle_Pessego,2,0.0,0.0,0.0,0.0,0.0,0.0
70,Alagoinhas,ALA_L2,Del_Valle_Pessego,3,0.0,0.0,0.0,0.0,0.0,0.0
70,Alagoinhas,ALA_L2,Del_Valle_Pessego,4,0.0,0.0,17195.03,0.0,0.0,17195.03
70,Alagoinhas,ALA_L2,Del_Valle_Pessego,5,0.0,0.0,0.0,0.0,0.0,0.0
70,Alagoinhas,ALA_L2,Del_Valle_Pessego,6,0.0,0.0,0.0,0.0,0.0,0.0
70,Alagoinhas,ALA_L2,Del_Valle_Pessego,7,0.0,0.0,0.0,0.0,0.0,0.0
70,Alagoinhas,ALA_L2,Del_Valle_Pessego,8,0.0,0.0,0.0,0.0,0.0,0.0
70,Alagoinhas,ALA_L2,Del_Valle_Pessego,9,0.0,0.0,0.0,0.0,0.0,0.0
70,Alagoinhas,ALA_L2,Del_Valle_Pessego,10,0.0,0.0,0.0,0.0,0.0,0.0
70,Alagoinhas,ALA_L2,Del_Valle_Pessego,11,0.0,0.0,0.0,0.0,0.0,0.0
70,Alagoinhas,ALA_L2,Del_Valle_Pessego,12,0.0,0.0,0.0,0.0,0.0,0.0
70,Alagoinhas,ALA_L2,Del_Valle_Pessego,13,0.0,0.0,7620.49,0.0,0.0,27467.940000000002
70,Alagoinhas,ALA_L2,Del_Valle_Pessego,14,0.0,0.0,0.0,0.0,0.0,0.0
70,Alagoinhas,ALA_L2,Del_Valle_Pessego,15,0.0,0.0,0.0,0.0,0.0,0.0
70,Alagoinhas,ALA_L2,Stella_Artois_Pure_Gold,1,0.0,0.0,0.0,0.0,0.0,0.0
70,Alagoinhas,ALA_L2,Stella_Artois_Pure_Gold,2,0.0,0.0,8444.39,0.0,0.0,8444.39
70,Alagoinhas,ALA_L2,Stella_Artois_Pure_Gold,3,0.0,1315.58,0.0,0.0,0.0,1315.58
70,Alagoinhas,ALA_L2,Stella_Artois_Pure_Gold,4,0.0,0.0,1315.58,0.0,0.0,0.0
70,Alagoinhas,ALA_L2,Stella_Artois_Pure_Gold,5,0.0,0.0,0.0,0.0,0.0,0.0
70,Alagoinhas,ALA_L2,Stella_Artois_Pure_Gold,6,0.0,0.0,0.0,0.0,0.0,0.0
70,Alagoinhas,ALA_L2,Stella_Artois_Pure_Gold,7,0.0,0.0,0.0,0.0,0.0,0.0
70,Alagoinhas,ALA_L2,Stella_Artois_Pure_Gold,8,0.0,0.0,0.0,0.0,0.0,11477.71
70,Alagoinhas,ALA_L2,Stella_Artois_Pure_Gold,9,0.0,0.0,0.0,0.0,0.0,0.0
70,Alagoinhas,ALA_L2,Stella_Artois_Pure_Gold,10,0.0,0.0,0.0,0.0,0.0,0.0
70,Alagoinhas,ALA_L2,Stella_Artois_Pure_Gold,11,0.0,0.0,0.0,0.0,0.0,0.0
70,Alagoinhas,ALA_L2,Stella_Artois_Pure_Gold,12,0.0,0.0,0.0,0.0,0.0,0.0
70,Alagoinhas,ALA_L2,Stella_Artois_Pure_Gold,13,0.0,0.0,0.0,0.0,0.0,0.0
70,Alagoinhas,ALA_L2,Stella_Artois_Pure_Gold,14,0.0,0.0,0.0,0.0,0.0,26862.73
70,Alagoinhas,ALA_L2,Stella_Artois_Pure_Gold,15,0.0,0.0,0.0,0.0,0.0,0.0
70,Alagoinhas,ALA_L2,Sprite_Zero,1,0.0,0.0,5493.32,0.0,0.0,5493.32
70,Alagoinhas,ALA_L2,Sprite_Zero,2,0.0,0.0,0.0,0.0,0.0,0.0
70,Alagoinhas,ALA_L2,Sprite_Zero,3,0.0,0.0,0.0,0.0,0.0,0.0
70,Alagoinhas,ALA_L2,Sprite_Zero,4,0.0,0.0,0.0,0.0,0.0,0.0
70,Alagoinhas,ALA_L2,Sprite_Zero,5,0.0,0.0,0.0,0.0,0.0,0.0
70,Alagoinhas,ALA_L2,Sprite_Zero,6,0.0,0.0,0.0,0.0,0.0,11013.89
70,Alagoinhas,ALA_L2,Sprite_Zero,7,0.0,5944.390000000003,0.0,0.0,0.0,5944.390000000003
70,Alagoinhas,ALA_L2,Sprite_Zero,8,0.0,36516.44,0.0,0.0,0.0,30572.05
70,Alagoinhas,ALA_L2,Sprite_Zero,9,0.0,0.0,0.0,0.0,36516.44,0.0
70,Alagoinhas,ALA_L2,Sprite_Zero,10,0.0,0.0,0.0,0.0,0.0,0.0
70,Alagoinhas,ALA_L2,Sprite_Zero,11,0.0,0.0,0.0,0.0,0.0,0.0
70,Alagoinhas,ALA_L2,Sprite_Zero,12,0.0,7371.610000000005,0.0,0.0,0.0,13666.790000000005
70,Alagoinhas,ALA_L2,Sprite_Zero,13,0.0,7559.96,0.0,0.0,0.0,188.3499999999949
70,Alagoinhas,ALA_L2,Sprite_Zero,14,0.0,0.0,7559.96,0.0,0.0,0.0
70,Alagoinhas,ALA_L2,Sprite_Zero,15,0.0,0.0,0.0,0.0,0.0,0.0
70,Alagoinhas,ALA_L2,Kuat,1,0.0,0.0,0.0,0.0,0.0,0.0
70,Alagoinhas,ALA_L2,Kuat,2,0.0,0.0,4404.08,0.0,0.0,17165.510000000002
70,Alagoinhas,ALA_L2,Kuat,3,0.0,0.0,0.0,0.0,0.0,0.0
70,Alagoinhas,ALA_L2,Kuat,4,0.0,0.0,0.0,0.0,0.0,0.0
70,Alagoinhas,ALA_L2,Kuat,5,0.0,0.0,0.0,0.0,0.0,0.0
70,Alagoinhas,ALA_L2,Kuat,6,0.0,0.0,0.0,0.0,0.0,16916.63
70,Alagoinhas,ALA_L2,Kuat,7,0.0,0.0,0.0,0.0,0.0,0.0
70,Alagoinhas,ALA_L2,Kuat,8,0.0,0.0,0.0,0.0,0.0,0.0
70,Alagoinhas,ALA_L2,Kuat,9,0.0,0.0,0.0,0.0,0.0,0.32
70,Alagoinhas,ALA_L2,Kuat,10,0.0,0.0,0.0,0.0,0.0,6782.23
70,Alagoinhas,ALA_L2,Kuat,11,0.0,0.0,0.0,0.0,0.0,0.0
70,Alagoinhas,ALA_L2,Kuat,12,0.0,0.0,0.0,0.0,0.0,0.0
70,Alagoinhas,ALA_L2,Kuat,13,0.0,0.0,0.0,0.0,0.0,0.0
70,Alagoinhas,ALA_L2,Kuat,14,0.0,0.0,0.0,0.0,0.0,0.0
70,Alagoinhas,ALA_L2,Kuat,15,0.0,0.0,10423.5,0.0,0.0,10423.5
70,Alagoinhas,ALA_L2,Sukita_Laranja,1,0.0,0.0,0.0,0.0,0.0,0.0
70,Alagoinhas,ALA_L2,Sukita_Laranja,2,0.0,0.0,0.0,0.0,0.0,0.0
70,Alagoinhas,ALA_L2,Sukita_Laranja,3,0.0,0.0,0.0,0.0,0.0,27872.8
70,Alagoinhas,ALA_L2,Sukita_Laranja,4,0.0,0.0,0.0,0.0,0.0,0.0
70,Alagoinhas,ALA_L2,Sukita_Laranja,5,0.0,0.0,0.0,0.0,0.0,0.0
70,Alagoinhas,ALA_L2,Sukita_Laranja,6,0.0,0.0,0.0,0.0,0.0,0.0
70,Alagoinhas,ALA_L2,Sukita_Laranja,7,0.0,0.0,0.0,0.0,0.0,0.0
70,Alagoinhas,ALA_L2,Sukita_Laranja,8,0.0,0.0,0.0,0.0,0.0,0.0
70,Alagoinhas,ALA_L2,Sukita_Laranja,9,0.0,0.0,0.0,0.0,0.0,0.0
70,Alagoinhas,ALA_L2,Sukita_Laranja,10,0.0,0.0,0.0,0.0,0.0,0.0
70,Alagoinhas,ALA_L2,Sukita_Laranja,11,0.0,0.0,0.0,0.0,0.0,0.0
70,Alagoinhas,ALA_L2,Sukita_Laranja,12,0.0,0.0,0.0,0.0,0.0,0.0
70,Alagoinhas,ALA_L2,Sukita_Laranja,13,0.0,0.0,0.0,0.0,0.0,0.0
70,Alagoinhas,ALA_L2,Sukita_Laranja,14,0.0,0.0,0.0,0.0,0.0,0.0
70,Alagoinhas,ALA_L2,Sukita_Laranja,15,0.0,0.0,0.0,0.0,0.0,0.0
70,Alagoinhas,ALA_L2,Budweiser_Lata,1,0.0,0.0,0.0,0.0,0.0,0.0
70,Alagoinhas,ALA_L2,Budweiser_Lata,2,0.0,0.0,0.0,0.0,0.0,0.0
70,Alagoinhas,ALA_L2,Budweiser_Lata,3,0.0,0.0,0.0,0.0,0.0,0.0
70,Alagoinhas,ALA_L2,Budweiser_Lata,4,0.0,0.0,0.0,0.0,0.0,0.0
70,Alagoinhas,ALA_L2,Budweiser_Lata,5,0.0,0.0,0.0,0.0,0.0,0.0
70,Alagoinhas,ALA_L2,Budweiser_Lata,6,0.0,0.0,0.0,0.0,10917.7,10917.7
70,Alagoinhas,ALA_L2,Budweiser_Lata,7,0.0,0.0,0.0,0.0,0.0,0.0
70,Alagoinhas,ALA_L2,Budweiser_Lata,8,0.0,0.0,0.0,0.0,830.32,830.32
70,Alagoinhas,ALA_L2,Budweiser_Lata,9,0.0,0.0,0.0,0.0,4775.58,4775.58
70,Alagoinhas,ALA_L2,Budweiser_Lata,10,0.0,0.0,0.0,0.0,0.0,0.0
70,Alagoinhas,ALA_L2,Budweiser_Lata,11,0.0,0.0,0.0,0.0,0.0,0.0
70,Alagoinhas,ALA_L2,Budweiser_Lata,12,0.0,0.0,0.0,0.0,0.0,13723.3
70,Alagoinhas,ALA_L2,Budweiser_Lata,13,0.0,0.0,0.0,0.0,13176.32,13176.32
70,Alagoinhas,ALA_L2,Budweiser_Lata,14,0.0,0.0,0.0,0.0,0.0,0.0
70,Alagoinhas,ALA_L2,Budweiser_Lata,15,0.0,0.0,0.0,0.0,0.0,0.0
70,Alagoinhas,ALA_L2,Guarana_Antarctica_Zero,1,0.0,0.0,0.0,0.0,0.0,0.0
70,Alagoinhas,ALA_L2,Guarana_Antarctica_Zero,2,0.0,0.0,0.0,0.0,0.0,0.0
70,Alagoinhas,ALA_L2,Guarana_Antarctica_Zero,3,0.0,0.0,5995.07,0.0,0.0,5995.07
70,Alagoinhas,ALA_L2,Guarana_Antarctica_Zero,4,0.0,0.0,0.0,0.0,0.0,0.0
70,Alagoinhas,ALA_L2,Guarana_Antarctica_Zero,5,0.0,0.0,0.0,0.0,0.0,0.0
70,Alagoinhas,ALA_L2,Guarana_Antarctica_Zero,6,0.0,0.0,11429.76,0.0,0.0,11429.76
70,Alagoinhas,ALA_L2,Guarana_Antarctica_Zero,7,0.0,0.0,0.0,0.0,0.0,0.0
70,Alagoinhas,ALA_L2,Guarana_Antarctica_Zero,8,0.0,0.0,0.0,0.0,0.0,0.0
70,Alagoinhas,ALA_L2,Guarana_Antarctica_Zero,9,0.0,0.0,0.0,0.0,0.0,0.0
70,Alagoinhas,ALA_L2,Guarana_Antarctica_Zero,10,0.0,0.0,0.0,0.0,0.0,0.0
70,Alagoinhas,ALA_L2,Guarana_Antarctica_Zero,11,0.0,0.0,0.0,0.0,0.0,0.0
70,Alagoinhas,ALA_L2,Guarana_Antarctica_Zero,12,0.0,0.0,0.0,0.0,0.0,0.0
70,Alagoinhas,ALA_L2,Guarana_Antarctica_Zero,13,0.0,0.0,0.0,0.0,0.0,0.0
70,Alagoinhas,ALA_L2,Guarana_Antarctica_Zero,14,0.0,0.0,0.0,0.0,0.0,0.0
70,Alagoinhas,ALA_L2,Guarana_Antarctica_Zero,15,0.0,0.0,0.0,0.0,0.0,0.0
70,Alagoinhas,ALA_L2,Itaipava_Lata,1,0.0,0.0,0.0,0.0,0.0,0.0
70,Alagoinhas,ALA_L2,Itaipava_Lata,2,0.0,0.0,0.0,0.0,0.0,0.0
70,Alagoinhas,ALA_L2,Itaipava_Lata,3,0.0,0.0,0.0,0.0,0.0,0.0
70,Alagoinhas,ALA_L2,Itaipava_Lata,4,0.0,0.0,0.0,0.0,0.0,28775.96
70,Alagoinhas,ALA_L2,Itaipava_Lata,5,0.0,0.0,12028.48,0.0,0.0,12028.48
70,Alagoinhas,ALA_L2,Itaipava_Lata,6,0.0,0.0,0.0,0.0,0.0,0.0
70,Alagoinhas,ALA_L2,Itaipava_Lata,7,0.0,0.0,0.0,0.0,0.0,0.0
70,Alagoinhas,ALA_L2,Itaipava_Lata,8,0.0,0.0,0.0,0.0,0.0,0.0
70,Alagoinhas,ALA_L2,Itaipava_Lata,9,0.0,0.0,0.0,0.0,0.0,0.0
70,Alagoinhas,ALA_L2,Itaipava_Lata,10,0.0,0.0,0.0,0.0,0.0,0.0
70,Alagoinhas,ALA_L2,Itaipava_Lata,11,0.0,0.0,0.0,0.0,0.0,9368.88
70,Alagoinhas,ALA_L2,Itaipava_Lata,12,0.0,0.0,0.0,0.0,0.0,15150.63
70,Alagoinhas,ALA_L2,Itaipava_Lata,13,0.0,0.0,0.0,0.0,0.0,0.0
70,Alagoinhas,ALA_L2,Itaipava_Lata,14,0.0,0.0,0.0,0.0,0.0,9562.15
70,Alagoinhas,ALA_L2,Itaipava_Lata,15,0.0,0.0,0.0,0.0,0.0,0.0
70,Alagoinhas,ALA_L2,Brahma_Lata,1,0.0,0.0,0.0,0.0,0.0,0.0
70,Alagoinhas,ALA_L2,Brahma_Lata,2,0.0,0.0,0.0,0.0,0.0,0.0
70,Alagoinhas,ALA_L2,Brahma_Lata,3,0.0,0.0,0.0,0.0,0.0,0.0
70,Alagoinhas,ALA_L2,Brahma_Lata,4,0.0,0.0,0.0,0.0,0.0,0.0
70,Alagoinhas,ALA_L2,Brahma_Lata,5,0.0,0.0,0.0,0.0,0.0,0.0
70,Alagoinhas,ALA_L2,Brahma_Lata,6,0.0,0.0,0.0,0.0,0.0,0.0
70,Alagoinhas,ALA_L2,Brahma_Lata,7,0.0,0.0,0.0,0.0,0.0,0.0
70,Alagoinhas,ALA_L2,Brahma_Lata,8,0.0,0.0,0.0,0.0,0.0,0.0
70,Alagoinhas,ALA_L2,Brahma_Lata,9,0.0,0.0,0.0,0.0,0.0,0.0
70,Alagoinhas,ALA_L2,Brahma_Lata,10,0.0,0.0,0.0,0.0,0.0,0.0
70,Alagoinhas,ALA_L2,Brahma_Lata,11,0.0,0.0,23850.91,0.0,0.0,23850.91
70,Alagoinhas,ALA_L2,Brahma_Lata,12,0.0,0.0,0.0,0.0,0.0,0.0
70,Alagoinhas,ALA_L2,Brahma_Lata,13,0.0,0.0,0.0,0.0,0.0,0.0
70,Alagoinhas,ALA_L2,Brahma_Lata,14,0.0,0.0,0.0,0.0,0.0,0.0
70,Alagoinhas,ALA_L2,Brahma_Lata,15,0.0,0.0,0.0,0.0,0.0,0.0
70,Alagoinhas,ALA_L2,Eisenbahn_Pilsen,1,2821.4200000000023,0.0,0.0,0.0,2821.4200000000023,0.0
70,Alagoinhas,ALA_L2,Eisenbahn_Pilsen,2,0.0,0.0,0.0,0.0,0.0,0.0
70,Alagoinhas,ALA_L2,Eisenbahn_Pilsen,3,1237.3599999999944,0.0,0.0,0.0,1237.3599999999944,0.0
70,Alagoinhas,ALA_L2,Eisenbahn_Pilsen,4,4883.279999999995,0.0,0.0,0.0,4883.279999999994,17510.72
70,Alagoinhas,ALA_L2,Eisenbahn_Pilsen,5,0.0,0.0,7419.99,0.0,0.0,7419.99
70,Alagoinhas,ALA_L2,Eisenbahn_Pilsen,6,0.0,0.0,0.0,0.0,0.0,0.0
70,Alagoinhas,ALA_L2,Eisenbahn_Pilsen,7,7358.19,0.0,0.0,0.0,7358.19,0.0
70,Alagoinhas,ALA_L2,Eisenbahn_Pilsen,8,22818.629999999997,0.0,0.0,0.0,22818.629999999997,0.0
70,Alagoinhas,ALA_L2,Eisenbahn_Pilsen,9,0.0,0.0,0.0,0.0,0.0,0.0
70,Alagoinhas,ALA_L2,Eisenbahn_Pilsen,10,0.0,0.0,0.0,0.0,0.0,0.0
70,Alagoinhas,ALA_L2,Eisenbahn_Pilsen,11,9290.04,0.0,0.0,0.0,9290.04,0.0
70,Alagoinhas,ALA_L2,Eisenbahn_Pilsen,12,1673.6399999999999,0.0,0.0,0.0,1673.6399999999999,12258.1
70,Alagoinhas,ALA_L2,Eisenbahn_Pilsen,13,32362.950000000004,0.0,0.0,0.0,32362.950000000004,0.0
70,Alagoinhas,ALA_L2,Eisenbahn_Pilsen,14,12004.839999999993,0.0,0.0,0.0,12004.839999999993,7594.18
70,Alagoinhas,ALA_L2,Eisenbahn_Pilsen,15,12648.1,0.0,0.0,0.0,12648.1,0.0
70,Alagoinhas,ALA_L2,Pepsi_Black,1,0.0,0.0,0.0,0.0,0.0,3482.2
70,Alagoinhas,ALA_L2,Pepsi_Black,2,0.0,0.0,0.0,0.0,3482.2,0.0
70,Alagoinhas,ALA_L2,Pepsi_Black,3,0.0,0.0,0.0,0.0,10980.960000000001,10980.960000000001
70,Alagoinhas,ALA_L2,Pepsi_Black,4,0.0,0.0,0.0,0.0,0.0,0.0
70,Alagoinhas,ALA_L2,Pepsi_Black,5,0.0,0.0,0.0,0.0,0.0,13380.26
70,Alagoinhas,ALA_L2,Pepsi_Black,6,0.0,0.0,0.0,0.0,0.0,0.0
70,Alagoinhas,ALA_L2,Pepsi_Black,7,0.0,0.0,15111.47,0.0,0.0,15111.47
70,Alagoinhas,ALA_L2,Pepsi_Black,8,0.0,0.0,0.0,0.0,3612.83,3612.83
70,Alagoinhas,ALA_L2,Pepsi_Black,9,0.0,0.0,0.0,0.0,0.0,1382.6100000000042
70,Alagoinhas,ALA_L2,Pepsi_Black,10,0.0,0.0,0.0,0.0,0.0,25408.729999999996
70,Alagoinhas,ALA_L2,Pepsi_Black,11,0.0,0.0,0.0,0.0,23052.670000000002,23052.670000000002
70,Alagoinhas,ALA_L2,Pepsi_Black,12,0.0,0.0,0.0,0.0,0.0,0.0
70,Alagoinhas,ALA_L2,Pepsi_Black,13,0.0,0.0,6759.31,0.0,0.0,6759.31
70,Alagoinhas,ALA_L2,Pepsi_Black,14,0.0,0.0,0.0,0.0,0.0,0.0
70,Alagoinhas,ALA_L2,Pepsi_Black,15,0.0,0.0,0.0,0.0,0.0,14449.16
70,Alagoinhas,ALA_L2,Guarana_Antarctica,1,0.0,0.0,0.0,0.0,0.0,0.0
70,Alagoinhas,ALA_L2,Guarana_Antarctica,2,0.0,0.0,0.0,0.0,36456.0,0.0
70,Alagoinhas,ALA_L2,Guarana_Antarctica,3,0.0,7724.77,0.0,0.0,0.0,12880.96
70,Alagoinhas,ALA_L2,Guarana_Antarctica,4,0.0,0.0,0.0,0.0,7724.77,13915.71
70,Alagoinhas,ALA_L2,Guarana_Antarctica,5,0.0,0.0,0.0,0.0,0.0,0.0
70,Alagoinhas,ALA_L2,Guarana_Antarctica,6,0.0,14381.05,0.0,0.0,0.0,14381.05
70,Alagoinhas,ALA_L2,Guarana_Antarctica,7,0.0,0.0,0.0,0.0,14381.05,0.0
70,Alagoinhas,ALA_L2,Guarana_Antarctica,8,0.0,0.0,0.0,0.0,0.0,0.0
70,Alagoinhas,ALA_L2,Guarana_Antarctica,9,0.0,0.0,0.0,0.0,0.0,0.0
70,Alagoinhas,ALA_L2,Guarana_Antarctica,10,0.0,639.7700000000004,0.0,0.0,0.0,639.7700000000004
70,Alagoinhas,ALA_L2,Guarana_Antarctica,11,0.0,25920.12,0.0,0.0,0.0,25280.35
70,Alagoinhas,ALA_L2,Guarana_Antarctica,12,0.0,0.0,0.0,0.0,25920.12,0.0
70,Alagoinhas,ALA_L2,Guarana_Antarctica,13,0.0,0.0,0.0,0.0,0.0,29204.11
70,Alagoinhas,ALA_L2,Guarana_Antarctica,14,0.0,0.0,0.0,0.0,0.0,0.0
70,Alagoinhas,ALA_L2,Guarana_Antarctica,15,0.0,0.0,0.0,0.0,0.0,0.0
70,Alagoinhas,ALA_L2,Amstel_Lata,1,0.0,0.0,0.0,0.0,0.0,0.0
70,Alagoinhas,ALA_L2,Amstel_Lata,2,0.0,0.0,0.0,0.0,0.0,0.0
70,Alagoinhas,ALA_L2,Amstel_Lata,3,0.0,0.0,0.0,0.0,0.0,0.0
70,Alagoinhas,ALA_L2,Amstel_Lata,4,0.0,0.0,0.0,0.0,0.0,0.0
70,Alagoinhas,ALA_L2,Amstel_Lata,5,0.0,0.0,0.0,0.0,0.0,0.0
70,Alagoinhas,ALA_L2,Amstel_Lata,6,0.0,0.0,0.0,0.0,0.0,0.0
70,Alagoinhas,ALA_L2,Amstel_Lata,7,0.0,0.0,0.0,0.0,0.0,12336.07
70,Alagoinhas,ALA_L2,Amstel_Lata,8,0.0,0.0,0.0,0.0,0.0,0.0
70,Alagoinhas,ALA_L2,Amstel_Lata,9,0.0,0.0,0.0,0.0,0.0,0.0
70,Alagoinhas,ALA_L2,Amstel_Lata,10,0.0,0.0,0.0,0.0,0.0,0.0
70,Alagoinhas,ALA_L2,Amstel_Lata,11,0.0,0.0,0.0,0.0,0.0,0.0
70,Alagoinhas,ALA_L2,Amstel_Lata,12,0.0,0.0,0.0,0.0,0.0,0.0
70,Alagoinhas,ALA_L2,Amstel_Lata,13,0.0,0.0,0.0,0.0,0.0,0.0
70,Alagoinhas,ALA_L2,Amstel_Lata,14,0.0,0.0,8748.32,0.0,0.0,8748.32
70,Alagoinhas,ALA_L2,Amstel_Lata,15,0.0,0.0,0.0,0.0,0.0,0.0
70,Alagoinhas,ALA_L2,Del_Valle_Laranja,1,0.0,0.0,0.0,0.0,0.0,0.0
70,Alagoinhas,ALA_L2,Del_Valle_Laranja,2,0.0,0.0,0.0,0.0,0.0,0.0
70,Alagoinhas,ALA_L2,Del_Valle_Laranja,3,0.0,0.0,0.0,0.0,0.0,0.0
70,Alagoinhas,ALA_L2,Del_Valle_Laranja,4,0.0,0.0,0.0,0.0,0.0,0.0
70,Alagoinhas,ALA_L2,Del_Valle_Laranja,5,0.0,0.0,0.0,0.0,0.0,0.0
70,Alagoinhas,ALA_L2,Del_Valle_Laranja,6,0.0,0.0,0.0,0.0,0.0,0.0
70,Alagoinhas,ALA_L2,Del_Valle_Laranja,7,0.0,0.0,0.0,0.0,0.0,24557.22
70,Alagoinhas,ALA_L2,Del_Valle_Laranja,8,0.0,0.0,0.0,0.0,0.0,0.0
70,Alagoinhas,ALA_L2,Del_Valle_Laranja,9,0.0,0.0,0.0,0.0,0.0,0.0
70,Alagoinhas,ALA_L2,Del_Valle_Laranja,10,0.0,0.0,0.0,0.0,0.0,0.0
70,Alagoinhas,ALA_L2,Del_Valle_Laranja,11,0.0,0.0,0.0,0.0,0.0,0.0
70,Alagoinhas,ALA_L2,Del_Valle_Laranja,12,0.0,0.0,0.0,0.0,0.0,0.0
70,Alagoinhas,ALA_L2,Del_Valle_Laranja,13,0.0,0.0,0.0,0.0,0.0,0.0
70,Alagoinhas,ALA_L2,Del_Valle_Laranja,14,0.0,0.0,0.0,0.0,0.0,0.0
70,Alagoinhas,ALA_L2,Del_Valle_Laranja,15,0.0,0.0,0.0,0.0,0.0,0.0
70,Alagoinhas,ALA_L2,Fanta_Uva,1,0.0,0.0,0.0,0.0,0.0,0.0
70,Alagoinhas,ALA_L2,Fanta_Uva,2,0.0,0.0,0.0,0.0,0.0,0.0
70,Alagoinhas,ALA_L2,Fanta_Uva,3,0.0,0.0,0.0,0.0,0.0,0.0
70,Alagoinhas,ALA_L2,Fanta_Uva,4,0.0,0.0,0.0,0.0,0.0,0.0
70,Alagoinhas,ALA_L2,Fanta_Uva,5,0.0,0.0,0.0,0.0,0.0,0.0
70,Alagoinhas,ALA_L2,Fanta_Uva,6,0.0,0.0,71.93,0.0,0.0,71.93
70,Alagoinhas,ALA_L2,Fanta_Uva,7,0.0,20989.91000000001,0.0,0.0,0.0,20989.91000000001
70,Alagoinhas,ALA_L2,Fanta_Uva,8,0.0,0.0,26970.36,0.0,0.0,8742.04999999999
70,Alagoinhas,ALA_L2,Fanta_Uva,9,0.0,0.0,0.0,0.0,0.0,0.0
70,Alagoinhas,ALA_L2,Fanta_Uva,10,0.0,0.0,0.0,0.0,0.0,0.0
70,Alagoinhas,ALA_L2,Fanta_Uva,11,0.0,0.0,0.0,0.0,0.0,0.0
70,Alagoinhas,ALA_L2,Fanta_Uva,12,0.0,0.0,0.0,0.0,0.0,0.0
70,Alagoinhas,ALA_L2,Fanta_Uva,13,0.0,0.0,0.0,0.0,0.0,0.0
70,Alagoinhas,ALA_L2,Fanta_Uva,14,0.0,0.0,0.0,0.0,0.0,0.0
70,Alagoinhas,ALA_L2,Fanta_Uva,15,0.0,0.0,0.0,0.0,0.0,0.0
70,Alagoinhas,ALA_L2,Maguary_Maracuja,1,0.0,0.0,0.0,0.0,0.0,9976.4
70,Alagoinhas,ALA_L2,Maguary_Maracuja,2,0.0,0.0,0.0,0.0,0.0,13177.46
70,Alagoinhas,ALA_L2,Maguary_Maracuja,3,0.0,0.0,0.0,0.0,0.0,0.0
70,Alagoinhas,ALA_L2,Maguary_Maracuja,4,0.0,0.0,0.0,0.0,0.0,0.0
70,Alagoinhas,ALA_L2,Maguary_Maracuja,5,0.0,0.0,0.0,0.0,0.0,0.0
70,Alagoinhas,ALA_L2,Maguary_Maracuja,6,0.0,0.0,0.0,0.0,0.0,0.0
70,Alagoinhas,ALA_L2,Maguary_Maracuja,7,0.0,0.0,0.0,0.0,0.0,0.0
70,Alagoinhas,ALA_L2,Maguary_Maracuja,8,0.0,0.0,0.0,0.0,0.0,18802.38
70,Alagoinhas,ALA_L2,Maguary_Maracuja,9,0.0,0.0,0.0,0.0,0.0,29607.0
70,Alagoinhas,ALA_L2,Maguary_Maracuja,10,0.0,0.0,0.0,0.0,0.0,0.0
70,Alagoinhas,ALA_L2,Maguary_Maracuja,11,0.0,0.0,0.0,0.0,0.0,0.0
70,Alagoinhas,ALA_L2,Maguary_Maracuja,12,0.0,0.0,0.0,0.0,0.0,0.0
70,Alagoinhas,ALA_L2,Maguary_Maracuja,13,0.0,0.0,0.0,0.0,0.0,0.0
70,Alagoinhas,ALA_L2,Maguary_Maracuja,14,0.0,0.0,0.0,0.0,0.0,0.0
70,Alagoinhas,ALA_L2,Maguary_Maracuja,15,0.0,0.0,0.0,0.0,0.0,13413.81
70,Alagoinhas,ALA_L2,Coca_Cola,1,0.0,0.0,0.0,0.0,0.0,0.0
70,Alagoinhas,ALA_L2,Coca_Cola,2,0.0,0.0,0.0,0.0,0.0,0.0
70,Alagoinhas,ALA_L2,Coca_Cola,3,0.0,0.0,0.0,0.0,0.0,0.0
70,Alagoinhas,ALA_L2,Coca_Cola,4,0.0,0.0,0.0,0.0,0.0,0.0
70,Alagoinhas,ALA_L2,Coca_Cola,5,0.0,0.0,0.0,0.0,0.0,0.0
70,Alagoinhas,ALA_L2,Coca_Cola,6,0.0,0.0,0.0,0.0,0.0,0.0
70,Alagoinhas,ALA_L2,Coca_Cola,7,0.0,0.0,0.0,0.0,0.0,0.0
70,Alagoinhas,ALA_L2,Coca_Cola,8,0.0,0.0,0.0,0.0,0.0,0.0
70,Alagoinhas,ALA_L2,Coca_Cola,9,0.0,0.0,9837.71,0.0,0.0,9837.71
70,Alagoinhas,ALA_L2,Coca_Cola,10,0.0,0.0,0.0,0.0,0.0,0.0
70,Alagoinhas,ALA_L2,Coca_Cola,11,0.0,0.0,0.0,0.0,10894.099999999995,0.0
70,Alagoinhas,ALA_L2,Coca_Cola,12,0.0,0.0,0.0,0.0,0.0,0.0
70,Alagoinhas,ALA_L2,Coca_Cola,13,0.0,0.0,0.0,0.0,0.0,0.0
70,Alagoinhas,ALA_L2,Coca_Cola,14,0.0,0.0,0.0,0.0,0.0,10918.53
70,Alagoinhas,ALA_L2,Coca_Cola,15,0.0,0.0,0.0,0.0,8436.620000000006,0.0
70,Alagoinhas,ALA_L2,H2OH_Limao,1,0.0,0.0,0.0,0.0,13219.919999999991,0.0
70,Alagoinhas,ALA_L2,H2OH_Limao,2,0.0,0.0,0.0,0.0,0.0,0.0
70,Alagoinhas,ALA_L2,H2OH_Limao,3,0.0,0.0,0.0,0.0,14733.729999999996,0.0
70,Alagoinhas,ALA_L2,H2OH_Limao,4,0.0,0.0,0.0,0.0,0.0,0.0
70,Alagoinhas,ALA_L2,H2OH_Limao,5,0.0,0.0,0.0,0.0,0.0,0.0
70,Alagoinhas,ALA_L2,H2OH_Limao,6,0.0,0.0,0.0,0.0,0.0,0.0
70,Alagoinhas,ALA_L2,H2OH_Limao,7,0.0,0.0,0.0,0.0,0.0,14601.22
70,Alagoinhas,ALA_L2,H2OH_Limao,8,0.0,0.0,0.0,0.0,0.0,0.0
70,Alagoinhas,ALA_L2,H2OH_Limao,9,0.0,0.0,0.0,0.0,0.0,0.0
70,Alagoinhas,ALA_L2,H2OH_Limao,10,0.0,0.0,0.0,0.0,0.0,0.0
70,Alagoinhas,ALA_L2,H2OH_Limao,11,0.0,0.0,0.0,0.0,0.0,0.0
70,Alagoinhas,ALA_L2,H2OH_Limao,12,0.0,0.0,0.0,0.0,0.0,0.0
70,Alagoinhas,ALA_L2,H2OH_Limao,13,0.0,0.0,0.0,0.0,0.0,0.0
70,Alagoinhas,ALA_L2,H2OH_Limao,14,0.0,0.0,0.0,0.0,0.0,0.0
70,Alagoinhas,ALA_L2,H2OH_Limao,15,0.0,0.0,0.0,0.0,0.0,0.0
70,Alagoinhas,ALA_L2,Schweppes_Citrus,1,0.0,0.0,0.0,0.0,0.0,0.0
70,Alagoinhas,ALA_L2,Schweppes_Citrus,2,0.0,0.0,0.0,0.0,0.0,0.0
70,Alagoinhas,ALA_L2,Schweppes_Citrus,3,0.0,0.0,0.0,0.0,0.0,0.0
70,Alagoinhas,ALA_L2,Schweppes_Citrus,4,0.0,0.0,0.0,0.0,0.0,0.0
70,Alagoinhas,ALA_L2,Schweppes_Citrus,5,0.0,0.0,0.0,0.0,0.0,0.0
70,Alagoinhas,ALA_L2,Schweppes_Citrus,6,0.0,0.0,0.0,0.0,0.0,0.0
70,Alagoinhas,ALA_L2,Schweppes_Citrus,7,0.0,0.0,0.0,0.0,0.0,0.0
70,Alagoinhas,ALA_L2,Schweppes_Citrus,8,0.0,0.0,0.0,0.0,0.0,0.0
70,Alagoinhas,ALA_L2,Schweppes_Citrus,9,0.0,0.0,0.0,0.0,0.0,0.0
70,Alagoinhas,ALA_L2,Schweppes_Citrus,10,0.0,0.0,0.0,0.0,0.0,0.0
70,Alagoinhas,ALA_L2,Schweppes_Citrus,11,0.0,0.0,0.0,0.0,0.0,0.0
70,Alagoinhas,ALA_L2,Schweppes_Citrus,12,0.0,0.0,0.0,0.0,0.0,0.0
70,Alagoinhas,ALA_L2,Schweppes_Citrus,13,0.0,0.0,14046.03,0.0,0.0,14046.03
70,Alagoinhas,ALA_L2,Schweppes_Citrus,14,0.0,0.0,0.0,0.0,0.0,0.0
70,Alagoinhas,ALA_L2,Schweppes_Citrus,15,0.0,0.0,0.0,0.0,0.0,0.0
70,Alagoinhas,ALA_L2,Sprite,1,0.0,0.0,0.0,0.0,0.0,0.0
70,Alagoinhas,ALA_L2,Sprite,2,0.0,0.0,14741.66,0.0,0.0,14741.66
70,Alagoinhas,ALA_L2,Sprite,3,0.0,0.0,0.0,0.0,0.0,0.0
70,Alagoinhas,ALA_L2,Sprite,4,0.0,0.0,0.0,0.0,0.0,0.0
70,Alagoinhas,ALA_L2,Sprite,5,0.0,0.0,0.0,0.0,0.0,0.0
70,Alagoinhas,ALA_L2,Sprite,6,0.0,0.0,0.0,0.0,0.0,0.0
70,Alagoinhas,ALA_L2,Sprite,7,0.0,0.0,5061.93,0.0,0.0,5061.93
70,Alagoinhas,ALA_L2,Sprite,8,0.0,0.0,0.0,0.0,0.0,0.0
70,Alagoinhas,ALA_L2,Sprite,9,0.0,0.0,0.0,0.0,0.0,0.0
70,Alagoinhas,ALA_L2,Sprite,10,0.0,0.0,0.0,0.0,0.0,0.0
70,Alagoinhas,ALA_L2,Sprite,11,0.0,0.0,0.0,0.0,0.0,0.0
70,Alagoinhas,ALA_L2,Sprite,12,0.0,0.0,0.0,0.0,0.0,0.0
70,Alagoinhas,ALA_L2,Sprite,13,0.0,0.0,0.0,0.0,0.0,0.0
70,Alagoinhas,ALA_L2,Sprite,14,0.0,0.0,0.0,0.0,0.0,0.0
70,Alagoinhas,ALA_L2,Sprite,15,0.0,0.0,2584.54,0.0,0.0,2584.54
70,Alagoinhas,ALA_L2,Del_Valle_Uva,1,0.0,0.0,0.0,0.0,0.0,0.0
70,Alagoinhas,ALA_L2,Del_Valle_Uva,2,0.0,0.0,0.0,0.0,0.0,0.0
70,Alagoinhas,ALA_L2,Del_Valle_Uva,3,0.0,0.0,7325.32,0.0,0.0,7325.32
70,Alagoinhas,ALA_L2,Del_Valle_Uva,4,0.0,0.0,0.0,0.0,0.0,0.0
70,Alagoinhas,ALA_L2,Del_Valle_Uva,5,0.0,0.0,0.0,0.0,0.0,12812.59
70,Alagoinhas,ALA_L2,Del_Valle_Uva,6,0.0,0.0,0.0,0.0,0.0,0.0
70,Alagoinhas,ALA_L2,Del_Valle_Uva,7,0.0,0.0,0.0,0.0,0.0,0.0
70,Alagoinhas,ALA_L2,Del_Valle_Uva,8,0.0,0.0,0.0,0.0,0.0,0.0
70,Alagoinhas,ALA_L2,Del_Valle_Uva,9,0.0,0.0,0.0,0.0,0.0,0.0
70,Alagoinhas,ALA_L2,Del_Valle_Uva,10,0.0,0.0,0.0,0.0,0.0,0.0
70,Alagoinhas,ALA_L2,Del_Valle_Uva,11,0.0,0.0,0.0,0.0,0.0,0.0
70,Alagoinhas,ALA_L2,Del_Valle_Uva,12,0.0,0.0,0.0,0.0,0.0,0.0
70,Alagoinhas,ALA_L2,Del_Valle_Uva,13,0.0,0.0,0.0,0.0,0.0,0.0
70,Alagoinhas,ALA_L2,Del_Valle_Uva,14,0.0,0.0,9023.25,0.0,0.0,9023.25
70,Alagoinhas,ALA_L2,Del_Valle_Uva,15,0.0,0.0,0.0,0.0,0.0,0.0
70,Alagoinhas,ALA_L2,Pepsi,1,0.0,0.0,0.0,0.0,0.0,5592.38
70,Alagoinhas,ALA_L2,Pepsi,2,15111.8,0.0,0.0,0.0,15111.8,0.0
70,Alagoinhas,ALA_L2,Pepsi,3,0.0,0.0,0.0,0.0,0.0,0.0
70,Alagoinhas,ALA_L2,Pepsi,4,9171.749999999998,0.0,8026.67,0.0,1145.079999999998,0.0
70,Alagoinhas,ALA_L2,Pepsi,5,8361.539999999995,0.0,0.0,0.0,8361.539999999995,0.0
70,Alagoinhas,ALA_L2,Pepsi,6,0.0,0.0,0.0,0.0,0.0,0.0
70,Alagoinhas,ALA_L2,Pepsi,7,0.0,0.0,0.0,0.0,0.0,0.0
70,Alagoinhas,ALA_L2,Pepsi,8,0.0,0.0,0.0,0.0,0.0,0.0
70,Alagoinhas,ALA_L2,Pepsi,9,7563.349999999999,0.0,0.0,0.0,7563.349999999999,0.0
70,Alagoinhas,ALA_L2,Pepsi,10,0.0,0.0,0.0,0.0,0.0,13975.2
70,Alagoinhas,ALA_L2,Pepsi,11,18943.18,0.0,0.0,0.0,18943.18,16121.05
70,Alagoinhas,ALA_L2,Pepsi,12,0.0,0.0,0.0,0.0,0.0,0.0
70,Alagoinhas,ALA_L2,Pepsi,13,0.0,0.0,0.0,0.0,0.0,0.0
70,Alagoinhas,ALA_L2,Pepsi,14,0.0,0.0,0.0,0.0,0.0,0.0
70,Alagoinhas,ALA_L2,Pepsi,15,0.0,0.0,0.0,0.0,0.0,0.0
70,Alagoinhas,ALA_L3,Fanta_Laranja,1,0.0,0.0,0.0,0.0,0.0,0.0
70,Alagoinhas,ALA_L3,Fanta_Laranja,2,0.0,0.0,0.0,0.0,0.0,0.0
70,Alagoinhas,ALA_L3,Fanta_Laranja,3,0.0,0.0,0.0,0.0,0.0,0.0
70,Alagoinhas,ALA_L3,Fanta_Laranja,4,0.0,0.0,0.0,0.0,0.0,0.0
70,Alagoinhas,ALA_L3,Fanta_Laranja,5,0.0,0.0,0.0,0.0,0.0,0.0
70,Alagoinhas,ALA_L3,Fanta_Laranja,6,0.0,0.0,0.0,0.0,0.0,0.0
70,Alagoinhas,ALA_L3,Fanta_Laranja,7,0.0,0.0,0.0,0.0,0.0,0.0
70,Alagoinhas,ALA_L3,Fanta_Laranja,8,0.0,0.0,0.0,0.0,0.0,0.0
70,Alagoinhas,ALA_L3,Fanta_Laranja,9,0.0,0.0,0.0,0.0,0.0,15107.04
70,Alagoinhas,ALA_L3,Fanta_Laranja,10,0.0,0.0,0.0,0.0,0.0,0.0
70,Alagoinhas,ALA_L3,Fanta_Laranja,11,0.0,0.0,0.0,0.0,0.0,0.0
70,Alagoinhas,ALA_L3,Fanta_Laranja,12,0.0,0.0,0.0,0.0,0.0,28835.25
70,Alagoinhas,ALA_L3,Fanta_Laranja,13,0.0,0.0,0.0,0.0,0.0,0.0
70,Alagoinhas,ALA_L3,Fanta_Laranja,14,0.0,0.0,0.0,0.0,3430.1700000000055,0.0
70,Alagoinhas,ALA_L3,Fanta_Laranja,15,0.0,0.0,0.0,0.0,2293.0599999999995,0.0
70,Alagoinhas,ALA_L3,Itubaina,1,0.0,0.0,0.0,0.0,33672.93,0.0
70,Alagoinhas,ALA_L3,Itubaina,2,0.0,0.0,0.0,0.0,20824.2,0.0
70,Alagoinhas,ALA_L3,Itubaina,3,0.0,0.0,0.0,0.0,39082.64,0.0
70,Alagoinhas,ALA_L3,Itubaina,4,0.0,0.0,0.0,0.0,23912.97,0.0
70,Alagoinhas,ALA_L3,Itubaina,5,0.0,0.0,0.0,0.0,29582.460000000003,14120.93
70,Alagoinhas,ALA_L3,Itubaina,6,0.0,0.0,0.0,0.0,24622.95,0.0
70,Alagoinhas,ALA_L3,Itubaina,7,0.0,0.0,0.0,0.0,27873.81,0.0
70,Alagoinhas,ALA_L3,Itubaina,8,0.0,0.0,0.0,0.0,2569.36,0.0
70,Alagoinhas,ALA_L3,Itubaina,9,0.0,0.0,0.0,0.0,29492.65,28739.52
70,Alagoinhas,ALA_L3,Itubaina,10,0.0,0.0,0.0,0.0,40104.0,0.0
70,Alagoinhas,ALA_L3,Itubaina,11,0.0,0.0,0.0,0.0,0.0,0.0
70,Alagoinhas,ALA_L3,Itubaina,12,0.0,0.0,7419.1,0.0,37782.36,7419.1
70,Alagoinhas,ALA_L3,Itubaina,13,0.0,0.0,8629.05,0.0,8629.05,8629.05
70,Alagoinhas,ALA_L3,Itubaina,14,0.0,0.0,0.0,0.0,22076.99,0.0
70,Alagoinhas,ALA_L3,Itubaina,15,0.0,0.0,0.0,0.0,0.0,0.0
70,Alagoinhas,ALA_L3,Skol_Lata,1,0.0,0.0,0.0,0.0,0.0,11311.84
70,Alagoinhas,ALA_L3,Skol_Lata,2,0.0,0.0,21465.31,0.0,0.0,21465.31
70,Alagoinhas,ALA_L3,Skol_Lata,3,0.0,0.0,22700.48,0.0,0.0,22700.48
70,Alagoinhas,ALA_L3,Skol_Lata,4,0.0,0.0,0.0,0.0,0.0,0.0
70,Alagoinhas,ALA_L3,Skol_Lata,5,0.0,0.0,0.0,0.0,0.0,0.0
70,Alagoinhas,ALA_L3,Skol_Lata,6,0.0,0.0,0.0,0.0,0.0,0.0
70,Alagoinhas,ALA_L3,Skol_Lata,7,0.0,0.0,0.0,0.0,0.0,0.0
70,Alagoinhas,ALA_L3,Skol_Lata,8,0.0,0.0,0.0,0.0,0.0,0.0
70,Alagoinhas,ALA_L3,Skol_Lata,9,0.0,0.0,0.0,0.0,0.0,0.0
70,Alagoinhas,ALA_L3,Skol_Lata,10,0.0,0.0,0.0,0.0,0.0,0.0
70,Alagoinhas,ALA_L3,Skol_Lata,11,0.0,0.0,0.0,0.0,0.0,0.0
70,Alagoinhas,ALA_L3,Skol_Lata,12,0.0,0.0,0.0,0.0,0.0,0.0
70,Alagoinhas,ALA_L3,Skol_Lata,13,0.0,0.0,0.0,0.0,0.0,0.0
70,Alagoinhas,ALA_L3,Skol_Lata,14,0.0,0.0,0.0,0.0,0.0,0.0
70,Alagoinhas,ALA_L3,Skol_Lata,15,0.0,0.0,0.0,0.0,0.0,0.0
70,Alagoinhas,ALA_L3,Heineken_Lata,1,0.0,0.0,0.0,0.0,0.0,0.0
70,Alagoinhas,ALA_L3,Heineken_Lata,2,0.0,0.0,0.0,0.0,689.71,689.71
70,Alagoinhas,ALA_L3,Heineken_Lata,3,0.0,0.0,0.0,0.0,0.0,17991.8
70,Alagoinhas,ALA_L3,Heineken_Lata,4,0.0,0.0,0.0,0.0,0.0,0.0
70,Alagoinhas,ALA_L3,Heineken_Lata,5,0.0,0.0,0.0,0.0,0.0,11719.12
70,Alagoinhas,ALA_L3,Heineken_Lata,6,0.0,0.0,0.0,0.0,0.0,0.0
70,Alagoinhas,ALA_L3,Heineken_Lata,7,0.0,0.0,0.0,0.0,0.0,0.0
70,Alagoinhas,ALA_L3,Heineken_Lata,8,0.0,0.0,0.0,0.0,0.0,9171.64
70,Alagoinhas,ALA_L3,Heineken_Lata,9,0.0,0.0,0.0,0.0,0.0,0.0
70,Alagoinhas,ALA_L3,Heineken_Lata,10,0.0,0.0,0.0,0.0,0.0,1857.2399999999907
70,Alagoinhas,ALA_L3,Heineken_Lata,11,0.0,0.0,4488.86,0.0,6487.479999999992,19846.82
70,Alagoinhas,ALA_L3,Heineken_Lata,12,0.0,0.0,0.0,0.0,0.0,0.0
70,Alagoinhas,ALA_L3,Heineken_Lata,13,0.0,0.0,0.0,0.0,0.0,0.0
70,Alagoinhas,ALA_L3,Heineken_Lata,14,0.0,0.0,0.0,0.0,0.0,0.0
70,Alagoinhas,ALA_L3,Heineken_Lata,15,0.0,0.0,0.0,0.0,0.0,26860.379999999997
70,Alagoinhas,ALA_L3,Coca_Cola_Zero,1,0.0,0.0,0.0,0.0,0.0,0.0
70,Alagoinhas,ALA_L3,Coca_Cola_Zero,2,38112.0,0.0,5619.33,0.0,32492.67,0.0
70,Alagoinhas,ALA_L3,Coca_Cola_Zero,3,39984.0,0.0,0.0,0.0,39984.00000000001,0.0
70,Alagoinhas,ALA_L3,Coca_Cola_Zero,4,14703.54,0.0,0.0,0.0,14703.54,0.0
70,Alagoinhas,ALA_L3,Coca_Cola_Zero,5,15809.35,0.0,0.0,0.0,15809.35,0.0
70,Alagoinhas,ALA_L3,Coca_Cola_Zero,6,11549.380000000001,0.0,0.0,0.0,11549.380000000001,0.0
70,Alagoinhas,ALA_L3,Coca_Cola_Zero,7,29734.05,0.0,0.0,0.0,29734.05,0.0
70,Alagoinhas,ALA_L3,Coca_Cola_Zero,8,38712.0,0.0,0.0,0.0,38712.0,0.0
70,Alagoinhas,ALA_L3,Coca_Cola_Zero,9,19519.989999999994,0.0,0.0,0.0,19519.989999999994,0.0
70,Alagoinhas,ALA_L3,Coca_Cola_Zero,10,28143.24,0.0,0.0,0.0,28143.24,28143.24
70,Alagoinhas,ALA_L3,Coca_Cola_Zero,11,29353.900000000005,0.0,0.0,0.0,29353.900000000005,0.0
70,Alagoinhas,ALA_L3,Coca_Cola_Zero,12,39312.0,0.0,0.0,0.0,39312.0,0.0
70,Alagoinhas,ALA_L3,Coca_Cola_Zero,13,40560.0,0.0,0.0,0.0,40560.0,0.0
70,Alagoinhas,ALA_L3,Coca_Cola_Zero,14,0.0,0.0,0.0,0.0,0.0,0.0
70,Alagoinhas,ALA_L3,Coca_Cola_Zero,15,1513.16,0.0,265.19,0.0,1247.97,0.0
70,Alagoinhas,ALA_L3,Antarctica_Lata,1,0.0,0.0,10435.53,0.0,0.0,10435.53
70,Alagoinhas,ALA_L3,Antarctica_Lata,2,0.0,0.0,0.0,0.0,0.0,0.0
70,Alagoinhas,ALA_L3,Antarctica_Lata,3,0.0,0.0,0.0,0.0,0.0,0.0
70,Alagoinhas,ALA_L3,Antarctica_Lata,4,0.0,0.0,0.0,0.0,0.0,0.0
70,Alagoinhas,ALA_L3,Antarctica_Lata,5,0.0,0.0,0.0,0.0,0.0,0.0
70,Alagoinhas,ALA_L3,Antarctica_Lata,6,0.0,0.0,0.0,0.0,0.0,0.0
70,Alagoinhas,ALA_L3,Antarctica_Lata,7,0.0,0.0,0.0,0.0,0.0,2991.9
70,Alagoinhas,ALA_L3,Antarctica_Lata,8,0.0,0.0,0.0,0.0,0.0,0.0
70,Alagoinhas,ALA_L3,Antarctica_Lata,9,0.0,0.0,0.0,0.0,0.0,0.0
70,Alagoinhas,ALA_L3,Antarctica_Lata,10,0.0,0.0,0.0,0.0,0.0,0.0
70,Alagoinhas,ALA_L3,Antarctica_Lata,11,0.0,0.0,0.0,0.0,0.0,0.0
70,Alagoinhas,ALA_L3,Antarctica_Lata,12,0.0,0.0,0.0,0.0,0.0,0.0
70,Alagoinhas,ALA_L3,Antarctica_Lata,13,0.0,0.0,0.0,0.0,0.0,0.0
70,Alagoinhas,ALA_L3,Antarctica_Lata,14,0.0,0.0,0.0,0.0,0.0,0.0
70,Alagoinhas,ALA_L3,Antarctica_Lata,15,0.0,0.0,0.0,0.0,0.0,0.0
70,Alagoinhas,ALA_L3,Spaten_Lata,1,0.0,0.0,0.0,0.0,0.0,0.0
70,Alagoinhas,ALA_L3,Spaten_Lata,2,0.0,0.0,0.0,0.0,0.0,0.0
70,Alagoinhas,ALA_L3,Spaten_Lata,3,0.0,0.0,0.0,0.0,0.0,6713.730000000001
70,Alagoinhas,ALA_L3,Spaten_Lata,4,0.0,0.0,0.0,0.0,6713.730000000001,0.0
70,Alagoinhas,ALA_L3,Spaten_Lata,5,0.0,0.0,0.0,0.0,0.0,7885.0
70,Alagoinhas,ALA_L3,Spaten_Lata,6,0.0,0.0,0.0,0.0,0.0,0.0
70,Alagoinhas,ALA_L3,Spaten_Lata,7,0.0,0.0,0.0,0.0,0.0,4603.920000000002
70,Alagoinhas,ALA_L3,Spaten_Lata,8,0.0,0.0,14338.15,0.0,1779.2499999999982,14338.15
70,Alagoinhas,ALA_L3,Spaten_Lata,9,23368.010000000002,0.0,0.0,0.0,26192.680000000008,0.0
70,Alagoinhas,ALA_L3,Spaten_Lata,10,0.0,0.0,0.0,0.0,0.0,9248.37
70,Alagoinhas,ALA_L3,Spaten_Lata,11,0.0,0.0,13985.32,0.0,0.0,13985.32
70,Alagoinhas,ALA_L3,Spaten_Lata,12,0.0,0.0,0.0,0.0,0.0,0.0
70,Alagoinhas,ALA_L3,Spaten_Lata,13,0.0,0.0,0.0,0.0,0.0,0.0
70,Alagoinhas,ALA_L3,Spaten_Lata,14,39384.0,0.0,0.0,0.0,40381.45999999999,0.0
70,Alagoinhas,ALA_L3,Spaten_Lata,15,0.0,0.0,0.0,0.0,0.0,0.0
70,Alagoinhas,ALA_L3,Maguary_Caju,1,0.0,0.0,0.0,0.0,0.0,8220.050000000001
70,Alagoinhas,ALA_L3,Maguary_Caju,2,0.0,0.0,0.0,0.0,0.0,0.0
70,Alagoinhas,ALA_L3,Maguary_Caju,3,0.0,0.0,0.0,0.0,0.0,0.0
70,Alagoinhas,ALA_L3,Maguary_Caju,4,0.0,0.0,0.0,0.0,0.0,0.0
70,Alagoinhas,ALA_L3,Maguary_Caju,5,0.0,0.0,0.0,0.0,0.0,0.0
70,Alagoinhas,ALA_L3,Maguary_Caju,6,0.0,0.0,29217.94,0.0,0.0,29217.94
70,Alagoinhas,ALA_L3,Maguary_Caju,7,0.0,0.0,0.0,0.0,0.0,0.0
70,Alagoinhas,ALA_L3,Maguary_Caju,8,0.0,0.0,0.0,0.0,0.0,0.0
70,Alagoinhas,ALA_L3,Maguary_Caju,9,0.0,0.0,0.0,0.0,0.0,0.0
70,Alagoinhas,ALA_L3,Maguary_Caju,10,0.0,0.0,0.0,0.0,0.0,0.0
70,Alagoinhas,ALA_L3,Maguary_Caju,11,0.0,0.0,0.0,0.0,0.0,0.0
70,Alagoinhas,ALA_L3,Maguary_Caju,12,0.0,0.0,0.0,0.0,0.0,0.0
70,Alagoinhas,ALA_L3,Maguary_Caju,13,0.0,0.0,0.0,0.0,0.0,0.0
70,Alagoinhas,ALA_L3,Maguary_Caju,14,0.0,0.0,0.0,0.0,0.0,0.0
70,Alagoinhas,ALA_L3,Maguary_Caju,15,0.0,0.0,0.0,0.0,0.0,0.0
70,Alagoinhas,ALA_L3,Del_Valle_Pessego,1,0.0,0.0,0.0,0.0,0.0,0.0
70,Alagoinhas,ALA_L3,Del_Valle_Pessego,2,0.0,0.0,0.0,0.0,0.0,0.0
70,Alagoinhas,ALA_L3,Del_Valle_Pessego,3,0.0,0.0,0.0,0.0,0.0,0.0
70,Alagoinhas,ALA_L3,Del_Valle_Pessego,4,0.0,0.0,0.0,0.0,0.0,17195.03
70,Alagoinhas,ALA_L3,Del_Valle_Pessego,5,0.0,0.0,0.0,0.0,0.0,0.0
70,Alagoinhas,ALA_L3,Del_Valle_Pessego,6,0.0,0.0,0.0,0.0,0.0,0.0
70,Alagoinhas,ALA_L3,Del_Valle_Pessego,7,0.0,0.0,0.0,0.0,0.0,0.0
70,Alagoinhas,ALA_L3,Del_Valle_Pessego,8,0.0,0.0,0.0,0.0,0.0,0.0
70,Alagoinhas,ALA_L3,Del_Valle_Pessego,9,0.0,0.0,0.0,0.0,0.0,0.0
70,Alagoinhas,ALA_L3,Del_Valle_Pessego,10,0.0,0.0,0.0,0.0,0.0,0.0
70,Alagoinhas,ALA_L3,Del_Valle_Pessego,11,0.0,0.0,0.0,0.0,0.0,0.0
70,Alagoinhas,ALA_L3,Del_Valle_Pessego,12,0.0,0.0,0.0,0.0,0.0,0.0
70,Alagoinhas,ALA_L3,Del_Valle_Pessego,13,0.0,0.0,19847.45,0.0,0.0,27467.940000000002
70,Alagoinhas,ALA_L3,Del_Valle_Pessego,14,0.0,0.0,0.0,0.0,0.0,0.0
70,Alagoinhas,ALA_L3,Del_Valle_Pessego,15,0.0,0.0,0.0,0.0,0.0,0.0
70,Alagoinhas,ALA_L3,Stella_Artois_Pure_Gold,1,0.0,0.0,0.0,0.0,0.0,0.0
70,Alagoinhas,ALA_L3,Stella_Artois_Pure_Gold,2,0.0,0.0,0.0,0.0,0.0,8444.39
70,Alagoinhas,ALA_L3,Stella_Artois_Pure_Gold,3,0.0,0.0,0.0,0.0,0.0,1315.58
70,Alagoinhas,ALA_L3,Stella_Artois_Pure_Gold,4,0.0,0.0,0.0,0.0,0.0,0.0
70,Alagoinhas,ALA_L3,Stella_Artois_Pure_Gold,5,0.0,0.0,0.0,0.0,0.0,0.0
70,Alagoinhas,ALA_L3,Stella_Artois_Pure_Gold,6,0.0,0.0,0.0,0.0,0.0,0.0
70,Alagoinhas,ALA_L3,Stella_Artois_Pure_Gold,7,0.0,0.0,0.0,0.0,0.0,0.0
70,Alagoinhas,ALA_L3,Stella_Artois_Pure_Gold,8,0.0,0.0,11477.71,0.0,0.0,11477.71
70,Alagoinhas,ALA_L3,Stella_Artois_Pure_Gold,9,0.0,0.0,0.0,0.0,0.0,0.0
70,Alagoinhas,ALA_L3,Stella_Artois_Pure_Gold,10,0.0,0.0,0.0,0.0,0.0,0.0
70,Alagoinhas,ALA_L3,Stella_Artois_Pure_Gold,11,0.0,0.0,0.0,0.0,0.0,0.0
70,Alagoinhas,ALA_L3,Stella_Artois_Pure_Gold,12,0.0,0.0,0.0,0.0,0.0,0.0
70,Alagoinhas,ALA_L3,Stella_Artois_Pure_Gold,13,0.0,0.0,0.0,0.0,0.0,0.0
70,Alagoinhas,ALA_L3,Stella_Artois_Pure_Gold,14,0.0,0.0,0.0,0.0,0.0,26862.73
70,Alagoinhas,ALA_L3,Stella_Artois_Pure_Gold,15,0.0,0.0,0.0,0.0,0.0,0.0
70,Alagoinhas,ALA_L3,Sprite_Zero,1,0.0,0.0,0.0,0.0,0.0,5493.32
70,Alagoinhas,ALA_L3,Sprite_Zero,2,0.0,0.0,0.0,0.0,0.0,0.0
70,Alagoinhas,ALA_L3,Sprite_Zero,3,0.0,0.0,0.0,0.0,0.0,0.0
70,Alagoinhas,ALA_L3,Sprite_Zero,4,0.0,0.0,0.0,0.0,0.0,0.0
70,Alagoinhas,ALA_L3,Sprite_Zero,5,0.0,0.0,0.0,0.0,0.0,0.0
70,Alagoinhas,ALA_L3,Sprite_Zero,6,0.0,0.0,0.0,0.0,0.0,11013.89
70,Alagoinhas,ALA_L3,Sprite_Zero,7,0.0,0.0,0.0,0.0,0.0,5944.390000000003
70,Alagoinhas,ALA_L3,Sprite_Zero,8,0.0,0.0,0.0,0.0,0.0,30572.05
70,Alagoinhas,ALA_L3,Sprite_Zero,9,0.0,0.0,0.0,0.0,36516.44,0.0
70,Alagoinhas,ALA_L3,Sprite_Zero,10,0.0,0.0,0.0,0.0,0.0,0.0
70,Alagoinhas,ALA_L3,Sprite_Zero,11,0.0,0.0,0.0,0.0,0.0,0.0
70,Alagoinhas,ALA_L3,Sprite_Zero,12,0.0,0.0,6295.18,0.0,0.0,13666.790000000005
70,Alagoinhas,ALA_L3,Sprite_Zero,13,0.0,0.0,0.0,0.0,0.0,188.3499999999949
70,Alagoinhas,ALA_L3,Sprite_Zero,14,0.0,0.0,0.0,0.0,0.0,0.0
70,Alagoinhas,ALA_L3,Sprite_Zero,15,0.0,0.0,0.0,0.0,0.0,0.0
70,Alagoinhas,ALA_L3,Kuat,1,0.0,0.0,0.0,0.0,0.0,0.0
70,Alagoinhas,ALA_L3,Kuat,2,0.0,0.0,0.0,0.0,0.0,17165.510000000002
70,Alagoinhas,ALA_L3,Kuat,3,0.0,0.0,0.0,0.0,0.0,0.0
70,Alagoinhas,ALA_L3,Kuat,4,0.0,0.0,0.0,0.0,0.0,0.0
70,Alagoinhas,ALA_L3,Kuat,5,0.0,0.0,0.0,0.0,0.0,0.0
70,Alagoinhas,ALA_L3,Kuat,6,0.0,0.0,0.0,0.0,0.0,16916.63
70,Alagoinhas,ALA_L3,Kuat,7,0.0,0.0,0.0,0.0,0.0,0.0
70,Alagoinhas,ALA_L3,Kuat,8,0.0,0.0,0.0,0.0,0.0,0.0
70,Alagoinhas,ALA_L3,Kuat,9,0.0,0.0,0.0,0.0,0.0,0.32
70,Alagoinhas,ALA_L3,Kuat,10,0.0,0.0,0.0,0.0,0.0,6782.23
70,Alagoinhas,ALA_L3,Kuat,11,0.0,0.0,0.0,0.0,0.0,0.0
70,Alagoinhas,ALA_L3,Kuat,12,0.0,0.0,0.0,0.0,0.0,0.0
70,Alagoinhas,ALA_L3,Kuat,13,0.0,0.0,0.0,0.0,0.0,0.0
70,Alagoinhas,ALA_L3,Kuat,14,0.0,0.0,0.0,0.0,0.0,0.0
70,Alagoinhas,ALA_L3,Kuat,15,0.0,0.0,0.0,0.0,0.0,10423.5
70,Alagoinhas,ALA_L3,Sukita_Laranja,1,0.0,0.0,0.0,0.0,0.0,0.0
70,Alagoinhas,ALA_L3,Sukita_Laranja,2,0.0,0.0,0.0,0.0,0.0,0.0
70,Alagoinhas,ALA_L3,Sukita_Laranja,3,0.0,0.0,0.0,0.0,0.0,27872.8
70,Alagoinhas,ALA_L3,Sukita_Laranja,4,0.0,0.0,0.0,0.0,0.0,0.0
70,Alagoinhas,ALA_L3,Sukita_Laranja,5,0.0,0.0,0.0,0.0,0.0,0.0
70,Alagoinhas,ALA_L3,Sukita_Laranja,6,0.0,0.0,0.0,0.0,0.0,0.0
70,Alagoinhas,ALA_L3,Sukita_Laranja,7,0.0,0.0,0.0,0.0,0.0,0.0
70,Alagoinhas,ALA_L3,Sukita_Laranja,8,0.0,0.0,0.0,0.0,0.0,0.0
70,Alagoinhas,ALA_L3,Sukita_Laranja,9,0.0,0.0,0.0,0.0,0.0,0.0
70,Alagoinhas,ALA_L3,Sukita_Laranja,10,0.0,0.0,0.0,0.0,0.0,0.0
70,Alagoinhas,ALA_L3,Sukita_Laranja,11,0.0,0.0,0.0,0.0,0.0,0.0
70,Alagoinhas,ALA_L3,Sukita_Laranja,12,0.0,0.0,0.0,0.0,0.0,0.0
70,Alagoinhas,ALA_L3,Sukita_Laranja,13,0.0,0.0,0.0,0.0,0.0,0.0
70,Alagoinhas,ALA_L3,Sukita_Laranja,14,0.0,0.0,0.0,0.0,0.0,0.0
70,Alagoinhas,ALA_L3,Sukita_Laranja,15,0.0,0.0,0.0,0.0,0.0,0.0
70,Alagoinhas,ALA_L3,Budweiser_Lata,1,0.0,0.0,0.0,0.0,0.0,0.0
70,Alagoinhas,ALA_L3,Budweiser_Lata,2,0.0,0.0,0.0,0.0,0.0,0.0
70,Alagoinhas,ALA_L3,Budweiser_Lata,3,0.0,0.0,0.0,0.0,0.0,0.0
70,Alagoinhas,ALA_L3,Budweiser_Lata,4,0.0,0.0,0.0,0.0,0.0,0.0
70,Alagoinhas,ALA_L3,Budweiser_Lata,5,0.0,0.0,0.0,0.0,0.0,0.0
70,Alagoinhas,ALA_L3,Budweiser_Lata,6,0.0,0.0,0.0,0.0,10917.7,10917.7
70,Alagoinhas,ALA_L3,Budweiser_Lata,7,0.0,0.0,0.0,0.0,0.0,0.0
70,Alagoinhas,ALA_L3,Budweiser_Lata,8,0.0,0.0,0.0,0.0,830.32,830.32
70,Alagoinhas,ALA_L3,Budweiser_Lata,9,0.0,0.0,0.0,0.0,4775.58,4775.58
70,Alagoinhas,ALA_L3,Budweiser_Lata,10,0.0,0.0,0.0,0.0,0.0,0.0
70,Alagoinhas,ALA_L3,Budweiser_Lata,11,0.0,0.0,0.0,0.0,0.0,0.0
70,Alagoinhas,ALA_L3,Budweiser_Lata,12,0.0,0.0,0.0,0.0,0.0,13723.3
70,Alagoinhas,ALA_L3,Budweiser_Lata,13,0.0,0.0,0.0,0.0,13176.32,13176.32
70,Alagoinhas,ALA_L3,Budweiser_Lata,14,0.0,0.0,0.0,0.0,0.0,0.0
70,Alagoinhas,ALA_L3,Budweiser_Lata,15,0.0,0.0,0.0,0.0,0.0,0.0
70,Alagoinhas,ALA_L3,Guarana_Antarctica_Zero,1,0.0,0.0,0.0,0.0,0.0,0.0
70,Alagoinhas,ALA_L3,Guarana_Antarctica_Zero,2,0.0,0.0,0.0,0.0,0.0,0.0
70,Alagoinhas,ALA_L3,Guarana_Antarctica_Zero,3,0.0,0.0,0.0,0.0,0.0,5995.07
70,Alagoinhas,ALA_L3,Guarana_Antarctica_Zero,4,0.0,0.0,0.0,0.0,0.0,0.0
70,Alagoinhas,ALA_L3,Guarana_Antarctica_Zero,5,0.0,0.0,0.0,0.0,0.0,0.0
70,Alagoinhas,ALA_L3,Guarana_Antarctica_Zero,6,0.0,0.0,0.0,0.0,0.0,11429.76
70,Alagoinhas,ALA_L3,Guarana_Antarctica_Zero,7,0.0,0.0,0.0,0.0,0.0,0.0
70,Alagoinhas,ALA_L3,Guarana_Antarctica_Zero,8,0.0,0.0,0.0,0.0,0.0,0.0
70,Alagoinhas,ALA_L3,Guarana_Antarctica_Zero,9,0.0,0.0,0.0,0.0,0.0,0.0
70,Alagoinhas,ALA_L3,Guarana_Antarctica_Zero,10,0.0,0.0,0.0,0.0,0.0,0.0
70,Alagoinhas,ALA_L3,Guarana_Antarctica_Zero,11,0.0,0.0,0.0,0.0,0.0,0.0
70,Alagoinhas,ALA_L3,Guarana_Antarctica_Zero,12,0.0,0.0,0.0,0.0,0.0,0.0
70,Alagoinhas,ALA_L3,Guarana_Antarctica_Zero,13,0.0,0.0,0.0,0.0,0.0,0.0
70,Alagoinhas,ALA_L3,Guarana_Antarctica_Zero,14,0.0,0.0,0.0,0.0,0.0,0.0
70,Alagoinhas,ALA_L3,Guarana_Antarctica_Zero,15,0.0,0.0,0.0,0.0,0.0,0.0
70,Alagoinhas,ALA_L3,Itaipava_Lata,1,0.0,0.0,0.0,0.0,0.0,0.0
70,Alagoinhas,ALA_L3,Itaipava_Lata,2,0.0,0.0,0.0,0.0,0.0,0.0
70,Alagoinhas,ALA_L3,Itaipava_Lata,3,0.0,0.0,0.0,0.0,0.0,0.0
70,Alagoinhas,ALA_L3,Itaipava_Lata,4,0.0,0.0,28775.96,0.0,0.0,28775.96
70,Alagoinhas,ALA_L3,Itaipava_Lata,5,0.0,0.0,0.0,0.0,0.0,12028.48
70,Alagoinhas,ALA_L3,Itaipava_Lata,6,0.0,0.0,0.0,0.0,0.0,0.0
70,Alagoinhas,ALA_L3,Itaipava_Lata,7,0.0,0.0,0.0,0.0,0.0,0.0
70,Alagoinhas,ALA_L3,Itaipava_Lata,8,0.0,0.0,0.0,0.0,0.0,0.0
70,Alagoinhas,ALA_L3,Itaipava_Lata,9,0.0,0.0,0.0,0.0,0.0,0.0
70,Alagoinhas,ALA_L3,Itaipava_Lata,10,0.0,0.0,0.0,0.0,0.0,0.0
70,Alagoinhas,ALA_L3,Itaipava_Lata,11,0.0,0.0,9368.88,0.0,0.0,9368.88
70,Alagoinhas,ALA_L3,Itaipava_Lata,12,0.0,0.0,15150.63,0.0,0.0,15150.63
70,Alagoinhas,ALA_L3,Itaipava_Lata,13,0.0,0.0,0.0,0.0,0.0,0.0
70,Alagoinhas,ALA_L3,Itaipava_Lata,14,0.0,0.0,9562.15,0.0,0.0,9562.15
70,Alagoinhas,ALA_L3,Itaipava_Lata,15,0.0,0.0,0.0,0.0,0.0,0.0
70,Alagoinhas,ALA_L3,Brahma_Lata,1,0.0,0.0,0.0,0.0,0.0,0.0
70,Alagoinhas,ALA_L3,Brahma_Lata,2,0.0,0.0,0.0,0.0,0.0,0.0
70,Alagoinhas,ALA_L3,Brahma_Lata,3,0.0,0.0,0.0,0.0,0.0,0.0
70,Alagoinhas,ALA_L3,Brahma_Lata,4,0.0,0.0,0.0,0.0,0.0,0.0
70,Alagoinhas,ALA_L3,Brahma_Lata,5,0.0,0.0,0.0,0.0,0.0,0.0
70,Alagoinhas,ALA_L3,Brahma_Lata,6,0.0,0.0,0.0,0.0,0.0,0.0
70,Alagoinhas,ALA_L3,Brahma_Lata,7,0.0,0.0,0.0,0.0,0.0,0.0
70,Alagoinhas,ALA_L3,Brahma_Lata,8,0.0,0.0,0.0,0.0,0.0,0.0
70,Alagoinhas,ALA_L3,Brahma_Lata,9,0.0,0.0,0.0,0.0,0.0,0.0
70,Alagoinhas,ALA_L3,Brahma_Lata,10,0.0,0.0,0.0,0.0,0.0,0.0
70,Alagoinhas,ALA_L3,Brahma_Lata,11,0.0,0.0,0.0,0.0,0.0,23850.91
70,Alagoinhas,ALA_L3,Brahma_Lata,12,0.0,0.0,0.0,0.0,0.0,0.0
70,Alagoinhas,ALA_L3,Brahma_Lata,13,0.0,0.0,0.0,0.0,0.0,0.0
70,Alagoinhas,ALA_L3,Brahma_Lata,14,0.0,0.0,0.0,0.0,0.0,0.0
70,Alagoinhas,ALA_L3,Brahma_Lata,15,0.0,0.0,0.0,0.0,0.0,0.0
70,Alagoinhas,ALA_L3,Eisenbahn_Pilsen,1,0.0,0.0,0.0,0.0,2821.4200000000023,0.0
70,Alagoinhas,ALA_L3,Eisenbahn_Pilsen,2,0.0,0.0,0.0,0.0,0.0,0.0
70,Alagoinhas,ALA_L3,Eisenbahn_Pilsen,3,0.0,0.0,0.0,0.0,1237.3599999999944,0.0
70,Alagoinhas,ALA_L3,Eisenbahn_Pilsen,4,0.0,0.0,0.0,0.0,4883.279999999994,17510.72
70,Alagoinhas,ALA_L3,Eisenbahn_Pilsen,5,0.0,0.0,0.0,0.0,0.0,7419.99
70,Alagoinhas,ALA_L3,Eisenbahn_Pilsen,6,0.0,0.0,0.0,0.0,0.0,0.0
70,Alagoinhas,ALA_L3,Eisenbahn_Pilsen,7,0.0,0.0,0.0,0.0,7358.19,0.0
70,Alagoinhas,ALA_L3,Eisenbahn_Pilsen,8,0.0,0.0,0.0,0.0,22818.629999999997,0.0
70,Alagoinhas,ALA_L3,Eisenbahn_Pilsen,9,0.0,0.0,0.0,0.0,0.0,0.0
70,Alagoinhas,ALA_L3,Eisenbahn_Pilsen,10,0.0,0.0,0.0,0.0,0.0,0.0
70,Alagoinhas,ALA_L3,Eisenbahn_Pilsen,11,0.0,0.0,0.0,0.0,9290.04,0.0
70,Alagoinhas,ALA_L3,Eisenbahn_Pilsen,12,0.0,0.0,0.0,0.0,1673.6399999999999,12258.1
70,Alagoinhas,ALA_L3,Eisenbahn_Pilsen,13,0.0,0.0,0.0,0.0,32362.950000000004,0.0
70,Alagoinhas,ALA_L3,Eisenbahn_Pilsen,14,0.0,0.0,7594.18,0.0,12004.839999999993,7594.18
70,Alagoinhas,ALA_L3,Eisenbahn_Pilsen,15,0.0,0.0,0.0,0.0,12648.1,0.0
70,Alagoinhas,ALA_L3,Pepsi_Black,1,0.0,3482.2,0.0,0.0,0.0,3482.2
70,Alagoinhas,ALA_L3,Pepsi_Black,2,0.0,0.0,0.0,0.0,3482.2,0.0
70,Alagoinhas,ALA_L3,Pepsi_Black,3,0.0,0.0,0.0,0.0,10980.960000000001,10980.960000000001
70,Alagoinhas,ALA_L3,Pepsi_Black,4,0.0,0.0,0.0,0.0,0.0,0.0
70,Alagoinhas,ALA_L3,Pepsi_Black,5,0.0,0.0,13380.26,0.0,0.0,13380.26
70,Alagoinhas,ALA_L3,Pepsi_Black,6,0.0,0.0,0.0,0.0,0.0,0.0
70,Alagoinhas,ALA_L3,Pepsi_Black,7,0.0,0.0,0.0,0.0,0.0,15111.47
70,Alagoinhas,ALA_L3,Pepsi_Black,8,0.0,0.0,0.0,0.0,3612.83,3612.83
70,Alagoinhas,ALA_L3,Pepsi_Black,9,0.0,1382.6100000000042,0.0,0.0,0.0,1382.6100000000042
70,Alagoinhas,ALA_L3,Pepsi_Black,10,0.0,0.0,26791.34,0.0,0.0,25408.729999999996
70,Alagoinhas,ALA_L3,Pepsi_Black,11,0.0,0.0,0.0,0.0,23052.670000000002,23052.670000000002
70,Alagoinhas,ALA_L3,Pepsi_Black,12,0.0,0.0,0.0,0.0,0.0,0.0
70,Alagoinhas,ALA_L3,Pepsi_Black,13,0.0,0.0,0.0,0.0,0.0,6759.31
70,Alagoinhas,ALA_L3,Pepsi_Black,14,0.0,0.0,0.0,0.0,0.0,0.0
70,Alagoinhas,ALA_L3,Pepsi_Black,15,0.0,0.0,0.0,0.0,0.0,14449.16
70,Alagoinhas,ALA_L3,Guarana_Antarctica,1,0.0,0.0,0.0,0.0,0.0,0.0
70,Alagoinhas,ALA_L3,Guarana_Antarctica,2,0.0,0.0,0.0,0.0,36456.0,0.0
70,Alagoinhas,ALA_L3,Guarana_Antarctica,3,0.0,0.0,5156.19,0.0,0.0,12880.96
70,Alagoinhas,ALA_L3,Guarana_Antarctica,4,0.0,0.0,0.0,0.0,7724.77,13915.71
70,Alagoinhas,ALA_L3,Guarana_Antarctica,5,0.0,0.0,0.0,0.0,0.0,0.0
70,Alagoinhas,ALA_L3,Guarana_Antarctica,6,0.0,0.0,0.0,0.0,0.0,14381.05
70,Alagoinhas,ALA_L3,Guarana_Antarctica,7,0.0,0.0,0.0,0.0,14381.05,0.0
70,Alagoinhas,ALA_L3,Guarana_Antarctica,8,0.0,0.0,0.0,0.0,0.0,0.0
70,Alagoinhas,ALA_L3,Guarana_Antarctica,9,0.0,0.0,0.0,0.0,0.0,0.0
70,Alagoinhas,ALA_L3,Guarana_Antarctica,10,0.0,0.0,0.0,0.0,0.0,639.7700000000004
70,Alagoinhas,ALA_L3,Guarana_Antarctica,11,0.0,0.0,0.0,0.0,0.0,25280.35
70,Alagoinhas,ALA_L3,Guarana_Antarctica,12,0.0,0.0,0.0,0.0,25920.12,0.0
70,Alagoinhas,ALA_L3,Guarana_Antarctica,13,0.0,0.0,0.0,0.0,0.0,29204.11
70,Alagoinhas,ALA_L3,Guarana_Antarctica,14,0.0,0.0,0.0,0.0,0.0,0.0
70,Alagoinhas,ALA_L3,Guarana_Antarctica,15,0.0,0.0,0.0,0.0,0.0,0.0
70,Alagoinhas,ALA_L3,Amstel_Lata,1,0.0,0.0,0.0,0.0,0.0,0.0
70,Alagoinhas,ALA_L3,Amstel_Lata,2,0.0,0.0,0.0,0.0,0.0,0.0
70,Alagoinhas,ALA_L3,Amstel_Lata,3,0.0,0.0,0.0,0.0,0.0,0.0
70,Alagoinhas,ALA_L3,Amstel_Lata,4,0.0,0.0,0.0,0.0,0.0,0.0
70,Alagoinhas,ALA_L3,Amstel_Lata,5,0.0,0.0,0.0,0.0,0.0,0.0
70,Alagoinhas,ALA_L3,Amstel_Lata,6,0.0,0.0,0.0,0.0,0.0,0.0
70,Alagoinhas,ALA_L3,Amstel_Lata,7,0.0,0.0,12336.07,0.0,0.0,12336.07
70,Alagoinhas,ALA_L3,Amstel_Lata,8,0.0,0.0,0.0,0.0,0.0,0.0
70,Alagoinhas,ALA_L3,Amstel_Lata,9,0.0,0.0,0.0,0.0,0.0,0.0
70,Alagoinhas,ALA_L3,Amstel_Lata,10,0.0,0.0,0.0,0.0,0.0,0.0
70,Alagoinhas,ALA_L3,Amstel_Lata,11,0.0,0.0,0.0,0.0,0.0,0.0
70,Alagoinhas,ALA_L3,Amstel_Lata,12,0.0,0.0,0.0,0.0,0.0,0.0
70,Alagoinhas,ALA_L3,Amstel_Lata,13,0.0,0.0,0.0,0.0,0.0,0.0
70,Alagoinhas,ALA_L3,Amstel_Lata,14,0.0,0.0,0.0,0.0,0.0,8748.32
70,Alagoinhas,ALA_L3,Amstel_Lata,15,0.0,0.0,0.0,0.0,0.0,0.0
70,Alagoinhas,ALA_L3,Del_Valle_Laranja,1,0.0,0.0,0.0,0.0,0.0,0.0
70,Alagoinhas,ALA_L3,Del_Valle_Laranja,2,0.0,0.0,0.0,0.0,0.0,0.0
70,Alagoinhas,ALA_L3,Del_Valle_Laranja,3,0.0,0.0,0.0,0.0,0.0,0.0
70,Alagoinhas,ALA_L3,Del_Valle_Laranja,4,0.0,0.0,0.0,0.0,0.0,0.0
70,Alagoinhas,ALA_L3,Del_Valle_Laranja,5,0.0,0.0,0.0,0.0,0.0,0.0
70,Alagoinhas,ALA_L3,Del_Valle_Laranja,6,0.0,0.0,0.0,0.0,0.0,0.0
70,Alagoinhas,ALA_L3,Del_Valle_Laranja,7,0.0,0.0,0.0,0.0,0.0,24557.22
70,Alagoinhas,ALA_L3,Del_Valle_Laranja,8,0.0,0.0,0.0,0.0,0.0,0.0
70,Alagoinhas,ALA_L3,Del_Valle_Laranja,9,0.0,0.0,0.0,0.0,0.0,0.0
70,Alagoinhas,ALA_L3,Del_Valle_Laranja,10,0.0,0.0,0.0,0.0,0.0,0.0
70,Alagoinhas,ALA_L3,Del_Valle_Laranja,11,0.0,0.0,0.0,0.0,0.0,0.0
70,Alagoinhas,ALA_L3,Del_Valle_Laranja,12,0.0,0.0,0.0,0.0,0.0,0.0
70,Alagoinhas,ALA_L3,Del_Valle_Laranja,13,0.0,0.0,0.0,0.0,0.0,0.0
70,Alagoinhas,ALA_L3,Del_Valle_Laranja,14,0.0,0.0,0.0,0.0,0.0,0.0
70,Alagoinhas,ALA_L3,Del_Valle_Laranja,15,0.0,0.0,0.0,0.0,0.0,0.0
70,Alagoinhas,ALA_L3,Fanta_Uva,1,0.0,0.0,0.0,0.0,0.0,0.0
70,Alagoinhas,ALA_L3,Fanta_Uva,2,0.0,0.0,0.0,0.0,0.0,0.0
70,Alagoinhas,ALA_L3,Fanta_Uva,3,0.0,0.0,0.0,0.0,0.0,0.0
70,Alagoinhas,ALA_L3,Fanta_Uva,4,0.0,0.0,0.0,0.0,0.0,0.0
70,Alagoinhas,ALA_L3,Fanta_Uva,5,0.0,0.0,0.0,0.0,0.0,0.0
70,Alagoinhas,ALA_L3,Fanta_Uva,6,0.0,0.0,0.0,0.0,0.0,71.93
70,Alagoinhas,ALA_L3,Fanta_Uva,7,0.0,0.0,0.0,0.0,0.0,20989.91000000001
70,Alagoinhas,ALA_L3,Fanta_Uva,8,0.0,0.0,0.0,0.0,0.0,8742.04999999999
70,Alagoinhas,ALA_L3,Fanta_Uva,9,0.0,0.0,0.0,0.0,0.0,0.0
70,Alagoinhas,ALA_L3,Fanta_Uva,10,0.0,0.0,0.0,0.0,0.0,0.0
70,Alagoinhas,ALA_L3,Fanta_Uva,11,0.0,0.0,0.0,0.0,0.0,0.0
70,Alagoinhas,ALA_L3,Fanta_Uva,12,0.0,0.0,0.0,0.0,0.0,0.0
70,Alagoinhas,ALA_L3,Fanta_Uva,13,0.0,0.0,0.0,0.0,0.0,0.0
70,Alagoinhas,ALA_L3,Fanta_Uva,14,0.0,0.0,0.0,0.0,0.0,0.0
70,Alagoinhas,ALA_L3,Fanta_Uva,15,0.0,0.0,0.0,0.0,0.0,0.0
70,Alagoinhas,ALA_L3,Maguary_Maracuja,1,0.0,0.0,9976.4,0.0,0.0,9976.4
70,Alagoinhas,ALA_L3,Maguary_Maracuja,2,0.0,0.0,0.0,0.0,0.0,13177.46
70,Alagoinhas,ALA_L3,Maguary_Maracuja,3,0.0,0.0,0.0,0.0,0.0,0.0
70,Alagoinhas,ALA_L3,Maguary_Maracuja,4,0.0,0.0,0.0,0.0,0.0,0.0
70,Alagoinhas,ALA_L3,Maguary_Maracuja,5,0.0,0.0,0.0,0.0,0.0,0.0
70,Alagoinhas,ALA_L3,Maguary_Maracuja,6,0.0,0.0,0.0,0.0,0.0,0.0
70,Alagoinhas,ALA_L3,Maguary_Maracuja,7,0.0,0.0,0.0,0.0,0.0,0.0
70,Alagoinhas,ALA_L3,Maguary_Maracuja,8,0.0,0.0,1971.75,0.0,0.0,18802.38
70,Alagoinhas,ALA_L3,Maguary_Maracuja,9,0.0,0.0,29607.0,0.0,0.0,29607.0
70,Alagoinhas,ALA_L3,Maguary_Maracuja,10,0.0,0.0,0.0,0.0,0.0,0.0
70,Alagoinhas,ALA_L3,Maguary_Maracuja,11,0.0,0.0,0.0,0.0,0.0,0.0
70,Alagoinhas,ALA_L3,Maguary_Maracuja,12,0.0,0.0,0.0,0.0,0.0,0.0
70,Alagoinhas,ALA_L3,Maguary_Maracuja,13,0.0,0.0,0.0,0.0,0.0,0.0
70,Alagoinhas,ALA_L3,Maguary_Maracuja,14,0.0,0.0,0.0,0.0,0.0,0.0
70,Alagoinhas,ALA_L3,Maguary_Maracuja,15,0.0,0.0,13413.81,0.0,0.0,13413.81
70,Alagoinhas,ALA_L3,Coca_Cola,1,0.0,0.0,0.0,0.0,0.0,0.0
70,Alagoinhas,ALA_L3,Coca_Cola,2,0.0,0.0,0.0,0.0,0.0,0.0
70,Alagoinhas,ALA_L3,Coca_Cola,3,0.0,0.0,0.0,0.0,0.0,0.0
70,Alagoinhas,ALA_L3,Coca_Cola,4,0.0,0.0,0.0,0.0,0.0,0.0
70,Alagoinhas,ALA_L3,Coca_Cola,5,0.0,0.0,0.0,0.0,0.0,0.0
70,Alagoinhas,ALA_L3,Coca_Cola,6,0.0,0.0,0.0,0.0,0.0,0.0
70,Alagoinhas,ALA_L3,Coca_Cola,7,0.0,0.0,0.0,0.0,0.0,0.0
70,Alagoinhas,ALA_L3,Coca_Cola,8,0.0,0.0,0.0,0.0,0.0,0.0
70,Alagoinhas,ALA_L3,Coca_Cola,9,0.0,0.0,0.0,0.0,0.0,9837.71
70,Alagoinhas,ALA_L3,Coca_Cola,10,0.0,0.0,0.0,0.0,0.0,0.0
70,Alagoinhas,ALA_L3,Coca_Cola,11,10894.099999999997,0.0,0.0,0.0,10894.099999999995,0.0
70,Alagoinhas,ALA_L3,Coca_Cola,12,0.0,0.0,0.0,0.0,0.0,0.0
70,Alagoinhas,ALA_L3,Coca_Cola,13,0.0,0.0,0.0,0.0,0.0,0.0
70,Alagoinhas,ALA_L3,Coca_Cola,14,0.0,0.0,10918.53,0.0,0.0,10918.53
70,Alagoinhas,ALA_L3,Coca_Cola,15,22010.22000000001,0.0,13573.6,0.0,8436.620000000006,0.0
70,Alagoinhas,ALA_L3,H2OH_Limao,1,0.0,0.0,0.0,0.0,13219.919999999991,0.0
70,Alagoinhas,ALA_L3,H2OH_Limao,2,0.0,0.0,0.0,0.0,0.0,0.0
70,Alagoinhas,ALA_L3,H2OH_Limao,3,0.0,0.0,0.0,0.0,14733.729999999996,0.0
70,Alagoinhas,ALA_L3,H2OH_Limao,4,0.0,0.0,0.0,0.0,0.0,0.0
70,Alagoinhas,ALA_L3,H2OH_Limao,5,0.0,0.0,0.0,0.0,0.0,0.0
70,Alagoinhas,ALA_L3,H2OH_Limao,6,0.0,0.0,0.0,0.0,0.0,0.0
70,Alagoinhas,ALA_L3,H2OH_Limao,7,0.0,0.0,14601.22,0.0,0.0,14601.22
70,Alagoinhas,ALA_L3,H2OH_Limao,8,0.0,0.0,0.0,0.0,0.0,0.0
70,Alagoinhas,ALA_L3,H2OH_Limao,9,0.0,0.0,0.0,0.0,0.0,0.0
70,Alagoinhas,ALA_L3,H2OH_Limao,10,0.0,0.0,0.0,0.0,0.0,0.0
70,Alagoinhas,ALA_L3,H2OH_Limao,11,0.0,0.0,0.0,0.0,0.0,0.0
70,Alagoinhas,ALA_L3,H2OH_Limao,12,0.0,0.0,0.0,0.0,0.0,0.0
70,Alagoinhas,ALA_L3,H2OH_Limao,13,0.0,0.0,0.0,0.0,0.0,0.0
70,Alagoinhas,ALA_L3,H2OH_Limao,14,0.0,0.0,0.0,0.0,0.0,0.0
70,Alagoinhas,ALA_L3,H2OH_Limao,15,0.0,0.0,0.0,0.0,0.0,0.0
70,Alagoinhas,ALA_L3,Schweppes_Citrus,1,0.0,0.0,0.0,0.0,0.0,0.0
70,Alagoinhas,ALA_L3,Schweppes_Citrus,2,0.0,0.0,0.0,0.0,0.0,0.0
70,Alagoinhas,ALA_L3,Schweppes_Citrus,3,0.0,0.0,0.0,0.0,0.0,0.0
70,Alagoinhas,ALA_L3,Schweppes_Citrus,4,0.0,0.0,0.0,0.0,0.0,0.0
70,Alagoinhas,ALA_L3,Schweppes_Citrus,5,0.0,0.0,0.0,0.0,0.0,0.0
70,Alagoinhas,ALA_L3,Schweppes_Citrus,6,0.0,0.0,0.0,0.0,0.0,0.0
70,Alagoinhas,ALA_L3,Schweppes_Citrus,7,0.0,0.0,0.0,0.0,0.0,0.0
70,Alagoinhas,ALA_L3,Schweppes_Citrus,8,0.0,0.0,0.0,0.0,0.0,0.0
70,Alagoinhas,ALA_L3,Schweppes_Citrus,9,0.0,0.0,0.0,0.0,0.0,0.0
70,Alagoinhas,ALA_L3,Schweppes_Citrus,10,0.0,0.0,0.0,0.0,0.0,0.0
70,Alagoinhas,ALA_L3,Schweppes_Citrus,11,0.0,0.0,0.0,0.0,0.0,0.0
70,Alagoinhas,ALA_L3,Schweppes_Citrus,12,0.0,0.0,0.0,0.0,0.0,0.0
70,Alagoinhas,ALA_L3,Schweppes_Citrus,13,0.0,0.0,0.0,0.0,0.0,14046.03
70,Alagoinhas,ALA_L3,Schweppes_Citrus,14,0.0,0.0,0.0,0.0,0.0,0.0
70,Alagoinhas,ALA_L3,Schweppes_Citrus,15,0.0,0.0,0.0,0.0,0.0,0.0
70,Alagoinhas,ALA_L3,Sprite,1,0.0,0.0,0.0,0.0,0.0,0.0
70,Alagoinhas,ALA_L3,Sprite,2,0.0,0.0,0.0,0.0,0.0,14741.66
70,Alagoinhas,ALA_L3,Sprite,3,0.0,0.0,0.0,0.0,0.0,0.0
70,Alagoinhas,ALA_L3,Sprite,4,0.0,0.0,0.0,0.0,0.0,0.0
70,Alagoinhas,ALA_L3,Sprite,5,0.0,0.0,0.0,0.0,0.0,0.0
70,Alagoinhas,ALA_L3,Sprite,6,0.0,0.0,0.0,0.0,0.0,0.0
70,Alagoinhas,ALA_L3,Sprite,7,0.0,0.0,0.0,0.0,0.0,5061.93
70,Alagoinhas,ALA_L3,Sprite,8,0.0,0.0,0.0,0.0,0.0,0.0
70,Alagoinhas,ALA_L3,Sprite,9,0.0,0.0,0.0,0.0,0.0,0.0
70,Alagoinhas,ALA_L3,Sprite,10,0.0,0.0,0.0,0.0,0.0,0.0
70,Alagoinhas,ALA_L3,Sprite,11,0.0,0.0,0.0,0.0,0.0,0.0
70,Alagoinhas,ALA_L3,Sprite,12,0.0,0.0,0.0,0.0,0.0,0.0
70,Alagoinhas,ALA_L3,Sprite,13,0.0,0.0,0.0,0.0,0.0,0.0
70,Alagoinhas,ALA_L3,Sprite,14,0.0,0.0,0.0,0.0,0.0,0.0
70,Alagoinhas,ALA_L3,Sprite,15,0.0,0.0,0.0,0.0,0.0,2584.54
70,Alagoinhas,ALA_L3,Del_Valle_Uva,1,0.0,0.0,0.0,0.0,0.0,0.0
70,Alagoinhas,ALA_L3,Del_Valle_Uva,2,0.0,0.0,0.0,0.0,0.0,0.0
70,Alagoinhas,ALA_L3,Del_Valle_Uva,3,0.0,0.0,0.0,0.0,0.0,7325.32
70,Alagoinhas,ALA_L3,Del_Valle_Uva,4,0.0,0.0,0.0,0.0,0.0,0.0
70,Alagoinhas,ALA_L3,Del_Valle_Uva,5,0.0,0.0,12812.59,0.0,0.0,12812.59
70,Alagoinhas,ALA_L3,Del_Valle_Uva,6,0.0,0.0,0.0,0.0,0.0,0.0
70,Alagoinhas,ALA_L3,Del_Valle_Uva,7,0.0,0.0,0.0,0.0,0.0,0.0
70,Alagoinhas,ALA_L3,Del_Valle_Uva,8,0.0,0.0,0.0,0.0,0.0,0.0
70,Alagoinhas,ALA_L3,Del_Valle_Uva,9,0.0,0.0,0.0,0.0,0.0,0.0
70,Alagoinhas,ALA_L3,Del_Valle_Uva,10,0.0,0.0,0.0,0.0,0.0,0.0
70,Alagoinhas,ALA_L3,Del_Valle_Uva,11,0.0,0.0,0.0,0.0,0.0,0.0
70,Alagoinhas,ALA_L3,Del_Valle_Uva,12,0.0,0.0,0.0,0.0,0.0,0.0
70,Alagoinhas,ALA_L3,Del_Valle_Uva,13,0.0,0.0,0.0,0.0,0.0,0.0
70,Alagoinhas,ALA_L3,Del_Valle_Uva,14,0.0,0.0,0.0,0.0,0.0,9023.25
70,Alagoinhas,ALA_L3,Del_Valle_Uva,15,0.0,0.0,0.0,0.0,0.0,0.0
70,Alagoinhas,ALA_L3,Pepsi,1,0.0,0.0,5592.38,0.0,0.0,5592.38
70,Alagoinhas,ALA_L3,Pepsi,2,0.0,0.0,0.0,0.0,15111.8,0.0
70,Alagoinhas,ALA_L3,Pepsi,3,0.0,0.0,0.0,0.0,0.0,0.0
70,Alagoinhas,ALA_L3,Pepsi,4,0.0,0.0,0.0,0.0,1145.079999999998,0.0
70,Alagoinhas,ALA_L3,Pepsi,5,0.0,0.0,0.0,0.0,8361.539999999995,0.0
70,Alagoinhas,ALA_L3,Pepsi,6,0.0,0.0,0.0,0.0,0.0,0.0
70,Alagoinhas,ALA_L3,Pepsi,7,0.0,0.0,0.0,0.0,0.0,0.0
70,Alagoinhas,ALA_L3,Pepsi,8,0.0,0.0,0.0,0.0,0.0,0.0
70,Alagoinhas,ALA_L3,Pepsi,9,0.0,0.0,0.0,0.0,7563.349999999999,0.0
70,Alagoinhas,ALA_L3,Pepsi,10,0.0,0.0,0.0,0.0,0.0,13975.2
70,Alagoinhas,ALA_L3,Pepsi,11,0.0,0.0,0.0,0.0,18943.18,16121.05
70,Alagoinhas,ALA_L3,Pepsi,12,0.0,0.0,0.0,0.0,0.0,0.0
70,Alagoinhas,ALA_L3,Pepsi,13,0.0,0.0,0.0,0.0,0.0,0.0
70,Alagoinhas,ALA_L3,Pepsi,14,0.0,0.0,0.0,0.0,0.0,0.0
70,Alagoinhas,ALA_L3,Pepsi,15,0.0,0.0,0.0,0.0,0.0,0.0
70,Frutal,FRU_L1,Fanta_Laranja,1,0.0,0.0,0.0,0.0,0.0,0.0
70,Frutal,FRU_L1,Fanta_Laranja,2,0.0,0.0,0.0,0.0,0.0,0.0
70,Frutal,FRU_L1,Fanta_Laranja,3,0.0,0.0,0.0,0.0,0.0,9323.5
70,Frutal,FRU_L1,Fanta_Laranja,4,0.0,0.0,0.0,0.0,0.0,11262.93
70,Frutal,FRU_L1,Fanta_Laranja,5,0.0,0.0,0.0,0.0,0.0,0.0
70,Frutal,FRU_L1,Fanta_Laranja,6,0.0,0.0,0.0,0.0,0.0,0.0
70,Frutal,FRU_L1,Fanta_Laranja,7,0.0,0.0,0.0,0.0,0.0,0.0
70,Frutal,FRU_L1,Fanta_Laranja,8,0.0,0.0,0.0,0.0,0.0,0.0
70,Frutal,FRU_L1,Fanta_Laranja,9,0.0,0.0,0.0,0.0,0.0,0.0
70,Frutal,FRU_L1,Fanta_Laranja,10,0.0,0.0,0.0,0.0,0.0,0.0
70,Frutal,FRU_L1,Fanta_Laranja,11,0.0,0.0,0.0,0.0,0.0,0.0
70,Frutal,FRU_L1,Fanta_Laranja,12,0.0,0.0,0.0,0.0,0.0,0.0
70,Frutal,FRU_L1,Fanta_Laranja,13,0.0,0.0,0.0,0.0,0.0,0.0
70,Frutal,FRU_L1,Fanta_Laranja,14,0.0,0.0,0.0,0.0,0.0,10874.49
70,Frutal,FRU_L1,Fanta_Laranja,15,0.0,0.0,0.0,0.0,0.0,0.0
70,Frutal,FRU_L1,Itubaina,1,0.0,0.0,0.0,0.0,0.0,0.0
70,Frutal,FRU_L1,Itubaina,2,0.0,0.0,0.0,0.0,0.0,0.0
70,Frutal,FRU_L1,Itubaina,3,0.0,0.0,0.0,0.0,0.0,0.0
70,Frutal,FRU_L1,Itubaina,4,0.0,0.0,0.0,0.0,0.0,0.0
70,Frutal,FRU_L1,Itubaina,5,0.0,0.0,0.0,0.0,0.0,0.0
70,Frutal,FRU_L1,Itubaina,6,0.0,0.0,0.0,0.0,0.0,0.0
70,Frutal,FRU_L1,Itubaina,7,0.0,0.0,0.0,0.0,0.0,0.0
70,Frutal,FRU_L1,Itubaina,8,0.0,0.0,0.0,0.0,0.0,0.0
70,Frutal,FRU_L1,Itubaina,9,0.0,0.0,0.0,0.0,0.0,0.0
70,Frutal,FRU_L1,Itubaina,10,0.0,0.0,0.0,0.0,0.0,24972.22
70,Frutal,FRU_L1,Itubaina,11,0.0,0.0,0.0,0.0,0.0,0.0
70,Frutal,FRU_L1,Itubaina,12,0.0,0.0,0.0,0.0,0.0,0.0
70,Frutal,FRU_L1,Itubaina,13,0.0,0.0,0.0,0.0,0.0,0.0
70,Frutal,FRU_L1,Itubaina,14,0.0,0.0,0.0,0.0,0.0,0.0
70,Frutal,FRU_L1,Itubaina,15,0.0,0.0,0.0,0.0,0.0,0.0
70,Frutal,FRU_L1,Skol_Lata,1,0.0,0.0,0.0,0.0,0.0,27141.020000000004
70,Frutal,FRU_L1,Skol_Lata,2,0.0,0.0,0.0,0.0,0.0,0.0
70,Frutal,FRU_L1,Skol_Lata,3,0.0,0.0,0.0,0.0,0.0,6745.84
70,Frutal,FRU_L1,Skol_Lata,4,0.0,0.0,0.0,0.0,0.0,0.0
70,Frutal,FRU_L1,Skol_Lata,5,0.0,0.0,8659.4,0.0,0.0,8659.4
70,Frutal,FRU_L1,Skol_Lata,6,0.0,0.0,0.0,0.0,0.0,0.0
70,Frutal,FRU_L1,Skol_Lata,7,0.0,0.0,0.0,0.0,0.0,0.0
70,Frutal,FRU_L1,Skol_Lata,8,0.0,0.0,0.0,0.0,0.0,0.0
70,Frutal,FRU_L1,Skol_Lata,9,0.0,0.0,0.0,0.0,0.0,0.0
70,Frutal,FRU_L1,Skol_Lata,10,0.0,0.0,0.0,0.0,0.0,0.0
70,Frutal,FRU_L1,Skol_Lata,11,0.0,0.0,0.0,0.0,0.0,23669.42
70,Frutal,FRU_L1,Skol_Lata,12,0.0,0.0,0.0,0.0,0.0,10692.14
70,Frutal,FRU_L1,Skol_Lata,13,0.0,0.0,0.0,0.0,0.0,0.0
70,Frutal,FRU_L1,Skol_Lata,14,0.0,0.0,0.0,0.0,0.0,0.0
70,Frutal,FRU_L1,Skol_Lata,15,0.0,0.0,0.0,0.0,0.0,0.0
70,Frutal,FRU_L1,Heineken_Lata,1,0.0,0.0,0.0,0.0,0.0,0.0
70,Frutal,FRU_L1,Heineken_Lata,2,0.0,0.0,0.0,0.0,0.0,0.0
70,Frutal,FRU_L1,Heineken_Lata,3,0.0,0.0,0.0,0.0,0.0,0.0
70,Frutal,FRU_L1,Heineken_Lata,4,0.0,0.0,0.0,0.0,0.0,0.0
70,Frutal,FRU_L1,Heineken_Lata,5,0.0,0.0,0.0,0.0,0.0,0.0
70,Frutal,FRU_L1,Heineken_Lata,6,0.0,0.0,0.0,0.0,0.0,0.0
70,Frutal,FRU_L1,Heineken_Lata,7,0.0,0.0,0.0,0.0,0.0,0.0
70,Frutal,FRU_L1,Heineken_Lata,8,0.0,0.0,0.0,0.0,0.0,0.0
70,Frutal,FRU_L1,Heineken_Lata,9,0.0,0.0,0.0,0.0,0.0,0.0
70,Frutal,FRU_L1,Heineken_Lata,10,0.0,0.0,0.0,0.0,0.0,0.0
70,Frutal,FRU_L1,Heineken_Lata,11,0.0,0.0,0.0,0.0,0.0,0.0
70,Frutal,FRU_L1,Heineken_Lata,12,0.0,0.0,0.0,0.0,0.0,0.0
70,Frutal,FRU_L1,Heineken_Lata,13,0.0,0.0,0.0,0.0,0.0,0.0
70,Frutal,FRU_L1,Heineken_Lata,14,0.0,0.0,11521.65,0.0,0.0,11521.65
70,Frutal,FRU_L1,Heineken_Lata,15,0.0,0.0,0.0,0.0,0.0,1345.82
70,Frutal,FRU_L1,Coca_Cola_Zero,1,0.0,0.0,0.0,0.0,0.0,0.0
70,Frutal,FRU_L1,Coca_Cola_Zero,2,0.0,0.0,0.0,0.0,0.0,0.0
70,Frutal,FRU_L1,Coca_Cola_Zero,3,0.0,0.0,0.0,0.0,0.0,0.0
70,Frutal,FRU_L1,Coca_Cola_Zero,4,0.0,0.0,0.0,0.0,0.0,9192.86
70,Frutal,FRU_L1,Coca_Cola_Zero,5,0.0,0.0,0.0,0.0,0.0,0.0
70,Frutal,FRU_L1,Coca_Cola_Zero,6,0.0,0.0,0.0,0.0,0.0,0.0
70,Frutal,FRU_L1,Coca_Cola_Zero,7,0.0,0.0,0.0,0.0,0.0,0.0
70,Frutal,FRU_L1,Coca_Cola_Zero,8,0.0,0.0,0.0,0.0,0.0,5265.0
70,Frutal,FRU_L1,Coca_Cola_Zero,9,0.0,0.0,0.0,0.0,0.0,0.0
70,Frutal,FRU_L1,Coca_Cola_Zero,10,0.0,0.0,0.0,0.0,0.0,0.0
70,Frutal,FRU_L1,Coca_Cola_Zero,11,0.0,0.0,0.0,0.0,0.0,0.0
70,Frutal,FRU_L1,Coca_Cola_Zero,12,0.0,0.0,10075.79,0.0,0.0,10075.79
70,Frutal,FRU_L1,Coca_Cola_Zero,13,0.0,0.0,0.0,0.0,0.0,0.0
70,Frutal,FRU_L1,Coca_Cola_Zero,14,0.0,0.0,0.0,0.0,0.0,0.0
70,Frutal,FRU_L1,Coca_Cola_Zero,15,0.0,0.0,0.0,0.0,0.0,0.0
70,Frutal,FRU_L1,Antarctica_Lata,1,0.0,0.0,0.0,0.0,0.0,0.0
70,Frutal,FRU_L1,Antarctica_Lata,2,0.0,0.0,0.0,0.0,0.0,26424.16
70,Frutal,FRU_L1,Antarctica_Lata,3,0.0,0.0,0.0,0.0,0.0,0.0
70,Frutal,FRU_L1,Antarctica_Lata,4,0.0,0.0,0.0,0.0,0.0,0.0
70,Frutal,FRU_L1,Antarctica_Lata,5,0.0,0.0,0.0,0.0,0.0,0.0
70,Frutal,FRU_L1,Antarctica_Lata,6,0.0,0.0,0.0,0.0,0.0,0.0
70,Frutal,FRU_L1,Antarctica_Lata,7,0.0,0.0,0.0,0.0,0.0,8903.85
70,Frutal,FRU_L1,Antarctica_Lata,8,0.0,0.0,0.0,0.0,0.0,0.0
70,Frutal,FRU_L1,Antarctica_Lata,9,0.0,0.0,0.0,0.0,0.0,0.0
70,Frutal,FRU_L1,Antarctica_Lata,10,0.0,0.0,0.0,0.0,0.0,0.0
70,Frutal,FRU_L1,Antarctica_Lata,11,0.0,0.0,0.0,0.0,0.0,0.0
70,Frutal,FRU_L1,Antarctica_Lata,12,0.0,0.0,0.0,0.0,0.0,0.0
70,Frutal,FRU_L1,Antarctica_Lata,13,0.0,0.0,0.0,0.0,0.0,11470.97
70,Frutal,FRU_L1,Antarctica_Lata,14,0.0,0.0,0.0,0.0,0.0,0.0
70,Frutal,FRU_L1,Antarctica_Lata,15,0.0,0.0,0.0,0.0,0.0,0.0
70,Frutal,FRU_L1,Spaten_Lata,1,0.0,0.0,0.0,0.0,0.0,0.0
70,Frutal,FRU_L1,Spaten_Lata,2,0.0,0.0,0.0,0.0,0.0,0.0
70,Frutal,FRU_L1,Spaten_Lata,3,0.0,0.0,0.0,0.0,0.0,0.0
70,Frutal,FRU_L1,Spaten_Lata,4,0.0,0.0,0.0,0.0,0.0,0.0
70,Frutal,FRU_L1,Spaten_Lata,5,0.0,0.0,0.0,0.0,0.0,0.0
70,Frutal,FRU_L1,Spaten_Lata,6,0.0,0.0,0.0,0.0,0.0,0.0
70,Frutal,FRU_L1,Spaten_Lata,7,0.0,0.0,25285.57,0.0,0.0,25285.57
70,Frutal,FRU_L1,Spaten_Lata,8,0.0,0.0,0.0,0.0,0.0,0.0
70,Frutal,FRU_L1,Spaten_Lata,9,0.0,0.0,0.0,0.0,0.0,0.0
70,Frutal,FRU_L1,Spaten_Lata,10,0.0,0.0,0.0,0.0,0.0,15772.14
70,Frutal,FRU_L1,Spaten_Lata,11,0.0,0.0,0.0,0.0,0.0,0.0
70,Frutal,FRU_L1,Spaten_Lata,12,0.0,0.0,0.0,0.0,0.0,0.0
70,Frutal,FRU_L1,Spaten_Lata,13,0.0,0.0,0.0,0.0,0.0,0.0
70,Frutal,FRU_L1,Spaten_Lata,14,0.0,0.0,0.0,0.0,0.0,0.0
70,Frutal,FRU_L1,Spaten_Lata,15,0.0,0.0,0.0,0.0,0.0,0.0
70,Frutal,FRU_L1,Maguary_Caju,1,0.0,0.0,0.0,0.0,38976.0,0.0
70,Frutal,FRU_L1,Maguary_Caju,2,0.0,0.0,0.0,0.0,0.0,0.0
70,Frutal,FRU_L1,Maguary_Caju,3,0.0,0.0,0.0,0.0,0.0,12061.46
70,Frutal,FRU_L1,Maguary_Caju,4,0.0,0.0,0.0,0.0,0.0,0.0
70,Frutal,FRU_L1,Maguary_Caju,5,0.0,0.0,0.0,0.0,36072.0,0.0
70,Frutal,FRU_L1,Maguary_Caju,6,0.0,0.0,0.0,0.0,39720.0,0.0
70,Frutal,FRU_L1,Maguary_Caju,7,0.0,0.0,0.0,0.0,0.0,0.0
70,Frutal,FRU_L1,Maguary_Caju,8,0.0,0.0,0.0,0.0,6240.940000000002,0.0
70,Frutal,FRU_L1,Maguary_Caju,9,0.0,0.0,0.0,0.0,258.0799999999999,0.0
70,Frutal,FRU_L1,Maguary_Caju,10,0.0,0.0,0.0,0.0,0.0,0.0
70,Frutal,FRU_L1,Maguary_Caju,11,0.0,0.0,0.0,0.0,0.0,0.0
70,Frutal,FRU_L1,Maguary_Caju,12,0.0,0.0,0.0,0.0,0.0,8568.11
70,Frutal,FRU_L1,Maguary_Caju,13,0.0,0.0,19410.84,0.0,0.0,19410.84
70,Frutal,FRU_L1,Maguary_Caju,14,0.0,0.0,0.0,0.0,0.0,9556.57
70,Frutal,FRU_L1,Maguary_Caju,15,0.0,0.0,0.0,0.0,0.0,0.0
70,Frutal,FRU_L1,Del_Valle_Pessego,1,0.0,0.0,0.0,0.0,0.0,0.0
70,Frutal,FRU_L1,Del_Valle_Pessego,2,0.0,0.0,0.0,0.0,0.0,0.0
70,Frutal,FRU_L1,Del_Valle_Pessego,3,0.0,0.0,27879.47,0.0,0.0,27879.47
70,Frutal,FRU_L1,Del_Valle_Pessego,4,0.0,0.0,0.0,0.0,0.0,0.0
70,Frutal,FRU_L1,Del_Valle_Pessego,5,0.0,0.0,0.0,0.0,0.0,0.0
70,Frutal,FRU_L1,Del_Valle_Pessego,6,0.0,0.0,0.0,0.0,0.0,0.0
70,Frutal,FRU_L1,Del_Valle_Pessego,7,0.0,0.0,0.0,0.0,0.0,0.0
70,Frutal,FRU_L1,Del_Valle_Pessego,8,0.0,0.0,0.0,0.0,0.0,0.0
70,Frutal,FRU_L1,Del_Valle_Pessego,9,0.0,0.0,0.0,0.0,0.0,0.0
70,Frutal,FRU_L1,Del_Valle_Pessego,10,0.0,0.0,0.0,0.0,0.0,0.0
70,Frutal,FRU_L1,Del_Valle_Pessego,11,0.0,0.0,0.0,0.0,0.0,0.0
70,Frutal,FRU_L1,Del_Valle_Pessego,12,0.0,0.0,0.0,0.0,0.0,0.0
70,Frutal,FRU_L1,Del_Valle_Pessego,13,0.0,0.0,0.0,0.0,0.0,0.0
70,Frutal,FRU_L1,Del_Valle_Pessego,14,0.0,0.0,0.0,0.0,0.0,0.0
70,Frutal,FRU_L1,Del_Valle_Pessego,15,0.0,0.0,0.0,0.0,0.0,23051.28
70,Frutal,FRU_L1,Stella_Artois_Pure_Gold,1,0.0,0.0,0.0,0.0,0.0,0.0
70,Frutal,FRU_L1,Stella_Artois_Pure_Gold,2,0.0,0.0,0.0,0.0,0.0,0.0
70,Frutal,FRU_L1,Stella_Artois_Pure_Gold,3,0.0,0.0,0.0,0.0,0.0,0.0
70,Frutal,FRU_L1,Stella_Artois_Pure_Gold,4,0.0,0.0,0.0,0.0,0.0,0.0
70,Frutal,FRU_L1,Stella_Artois_Pure_Gold,5,0.0,0.0,0.0,0.0,0.0,21410.36
70,Frutal,FRU_L1,Stella_Artois_Pure_Gold,6,0.0,0.0,0.0,0.0,0.0,0.0
70,Frutal,FRU_L1,Stella_Artois_Pure_Gold,7,0.0,0.0,0.0,0.0,0.0,0.0
70,Frutal,FRU_L1,Stella_Artois_Pure_Gold,8,0.0,0.0,0.0,0.0,0.0,25371.75
70,Frutal,FRU_L1,Stella_Artois_Pure_Gold,9,0.0,0.0,8621.61,0.0,0.0,8621.61
70,Frutal,FRU_L1,Stella_Artois_Pure_Gold,10,0.0,0.0,0.0,0.0,0.0,0.0
70,Frutal,FRU_L1,Stella_Artois_Pure_Gold,11,0.0,0.0,26271.19,0.0,0.0,26271.190000000002
70,Frutal,FRU_L1,Stella_Artois_Pure_Gold,12,0.0,0.0,0.0,0.0,0.0,0.0
70,Frutal,FRU_L1,Stella_Artois_Pure_Gold,13,0.0,0.0,0.0,0.0,0.0,0.0
70,Frutal,FRU_L1,Stella_Artois_Pure_Gold,14,0.0,0.0,7908.41,0.0,0.0,19808.66
70,Frutal,FRU_L1,Stella_Artois_Pure_Gold,15,0.0,0.0,0.0,0.0,0.0,0.0
70,Frutal,FRU_L1,Sprite_Zero,1,0.0,0.0,0.0,0.0,0.0,0.0
70,Frutal,FRU_L1,Sprite_Zero,2,0.0,0.0,0.0,0.0,0.0,0.0
70,Frutal,FRU_L1,Sprite_Zero,3,0.0,0.0,0.0,0.0,0.0,0.0
70,Frutal,FRU_L1,Sprite_Zero,4,0.0,0.0,0.0,0.0,0.0,0.0
70,Frutal,FRU_L1,Sprite_Zero,5,0.0,0.0,0.0,0.0,0.0,0.0
70,Frutal,FRU_L1,Sprite_Zero,6,0.0,0.0,0.0,0.0,0.0,0.0
70,Frutal,FRU_L1,Sprite_Zero,7,0.0,0.0,0.0,0.0,0.0,0.0
70,Frutal,FRU_L1,Sprite_Zero,8,0.0,0.0,0.0,0.0,0.0,0.0
70,Frutal,FRU_L1,Sprite_Zero,9,0.0,0.0,0.0,0.0,0.0,0.0
70,Frutal,FRU_L1,Sprite_Zero,10,0.0,0.0,0.0,0.0,0.0,0.0
70,Frutal,FRU_L1,Sprite_Zero,11,0.0,0.0,0.0,0.0,0.0,0.0
70,Frutal,FRU_L1,Sprite_Zero,12,0.0,0.0,0.0,0.0,0.0,0.0
70,Frutal,FRU_L1,Sprite_Zero,13,0.0,0.0,0.0,0.0,0.0,26674.34
70,Frutal,FRU_L1,Sprite_Zero,14,0.0,0.0,0.0,0.0,0.0,0.0
70,Frutal,FRU_L1,Sprite_Zero,15,0.0,0.0,0.0,0.0,0.0,0.0
70,Frutal,FRU_L1,Kuat,1,0.0,0.0,0.0,0.0,0.0,0.0
70,Frutal,FRU_L1,Kuat,2,0.0,0.0,0.0,0.0,0.0,0.0
70,Frutal,FRU_L1,Kuat,3,0.0,0.0,0.0,0.0,0.0,0.0
70,Frutal,FRU_L1,Kuat,4,0.0,0.0,0.0,0.0,0.0,13117.669999999993
70,Frutal,FRU_L1,Kuat,5,0.0,0.0,0.0,0.0,0.0,3078.8800000000047
70,Frutal,FRU_L1,Kuat,6,0.0,0.0,0.0,0.0,16196.549999999997,0.0
70,Frutal,FRU_L1,Kuat,7,0.0,0.0,0.0,0.0,0.0,19250.75
70,Frutal,FRU_L1,Kuat,8,0.0,0.0,0.0,0.0,0.0,2743.2099999999937
70,Frutal,FRU_L1,Kuat,9,0.0,0.0,0.0,0.0,0.0,7706.200000000006
70,Frutal,FRU_L1,Kuat,10,0.0,0.0,0.0,0.0,0.0,0.0
70,Frutal,FRU_L1,Kuat,11,0.0,0.0,0.0,0.0,0.0,0.0
70,Frutal,FRU_L1,Kuat,12,0.0,0.0,0.0,0.0,0.0,0.0
70,Frutal,FRU_L1,Kuat,13,0.0,0.0,0.0,0.0,0.0,0.0
70,Frutal,FRU_L1,Kuat,14,0.0,0.0,0.0,0.0,0.0,0.0
70,Frutal,FRU_L1,Kuat,15,0.0,0.0,1500.29,0.0,0.0,1500.29
70,Frutal,FRU_L1,Sukita_Laranja,1,0.0,0.0,0.0,0.0,0.0,0.0
70,Frutal,FRU_L1,Sukita_Laranja,2,0.0,0.0,0.0,0.0,26099.93,0.0
70,Frutal,FRU_L1,Sukita_Laranja,3,0.0,0.0,0.0,0.0,27872.8,0.0
70,Frutal,FRU_L1,Sukita_Laranja,4,0.0,0.0,0.0,0.0,18107.13,0.0
70,Frutal,FRU_L1,Sukita_Laranja,5,0.0,0.0,0.0,0.0,28422.85,0.0
70,Frutal,FRU_L1,Sukita_Laranja,6,0.0,0.0,0.0,0.0,10140.53,0.0
70,Frutal,FRU_L1,Sukita_Laranja,7,0.0,0.0,0.0,0.0,16996.34,0.0
70,Frutal,FRU_L1,Sukita_Laranja,8,0.0,0.0,0.0,0.0,36912.0,0.0
70,Frutal,FRU_L1,Sukita_Laranja,9,0.0,0.0,0.0,0.0,26366.93,0.0
70,Frutal,FRU_L1,Sukita_Laranja,10,0.0,0.0,0.0,0.0,0.0,0.0
70,Frutal,FRU_L1,Sukita_Laranja,11,0.0,0.0,0.0,0.0,21246.359999999997,0.0
70,Frutal,FRU_L1,Sukita_Laranja,12,0.0,0.0,0.0,0.0,36360.0,0.0
70,Frutal,FRU_L1,Sukita_Laranja,13,0.0,0.0,0.0,0.0,23021.260000000002,0.0
70,Frutal,FRU_L1,Sukita_Laranja,14,0.0,0.0,0.0,0.0,12825.62,0.0
70,Frutal,FRU_L1,Sukita_Laranja,15,0.0,0.0,0.0,0.0,8059.59,0.0
70,Frutal,FRU_L1,Budweiser_Lata,1,0.0,0.0,0.0,0.0,0.0,0.0
70,Frutal,FRU_L1,Budweiser_Lata,2,0.0,0.0,0.0,0.0,0.0,28101.26
70,Frutal,FRU_L1,Budweiser_Lata,3,0.0,0.0,0.0,0.0,0.0,0.0
70,Frutal,FRU_L1,Budweiser_Lata,4,0.0,0.0,0.0,0.0,0.0,0.0
70,Frutal,FRU_L1,Budweiser_Lata,5,0.0,0.0,0.0,0.0,0.0,0.0
70,Frutal,FRU_L1,Budweiser_Lata,6,0.0,0.0,0.0,0.0,0.0,0.0
70,Frutal,FRU_L1,Budweiser_Lata,7,0.0,0.0,0.0,0.0,0.0,3372.2700000000004
70,Frutal,FRU_L1,Budweiser_Lata,8,0.0,0.0,0.0,0.0,0.0,20224.680000000008
70,Frutal,FRU_L1,Budweiser_Lata,9,0.0,0.0,0.0,0.0,9026.540000000008,0.0
70,Frutal,FRU_L1,Budweiser_Lata,10,0.0,0.0,0.0,0.0,14566.939999999999,0.0
70,Frutal,FRU_L1,Budweiser_Lata,11,0.0,0.0,0.0,0.0,3.470000000001164,0.0
70,Frutal,FRU_L1,Budweiser_Lata,12,0.0,0.0,0.0,0.0,0.0,1119.619999999999
70,Frutal,FRU_L1,Budweiser_Lata,13,0.0,0.0,0.0,0.0,1119.619999999999,0.0
70,Frutal,FRU_L1,Budweiser_Lata,14,0.0,0.0,0.0,0.0,0.0,9306.7
70,Frutal,FRU_L1,Budweiser_Lata,15,0.0,0.0,0.0,0.0,9306.7,0.0
70,Frutal,FRU_L1,Guarana_Antarctica_Zero,1,38208.0,0.0,12714.1,0.0,25493.9,0.0
70,Frutal,FRU_L1,Guarana_Antarctica_Zero,2,39720.0,0.0,0.0,0.0,39720.0,0.0
70,Frutal,FRU_L1,Guarana_Antarctica_Zero,3,5995.07,0.0,0.0,0.0,5995.07,0.0
70,Frutal,FRU_L1,Guarana_Antarctica_Zero,4,0.0,0.0,0.0,0.0,0.0,0.0
70,Frutal,FRU_L1,Guarana_Antarctica_Zero,5,12880.269999999997,0.0,0.0,0.0,12880.269999999997,0.0
70,Frutal,FRU_L1,Guarana_Antarctica_Zero,6,37656.0,0.0,0.0,0.0,37656.0,0.0
70,Frutal,FRU_L1,Guarana_Antarctica_Zero,7,26872.59,0.0,0.0,0.0,26872.59,0.0
70,Frutal,FRU_L1,Guarana_Antarctica_Zero,8,0.0,0.0,0.0,0.0,0.0,0.0
70,Frutal,FRU_L1,Guarana_Antarctica_Zero,9,26561.019999999997,0.0,0.0,0.0,26561.019999999997,0.0
70,Frutal,FRU_L1,Guarana_Antarctica_Zero,10,29034.22,0.0,0.0,0.0,29034.22,0.0
70,Frutal,FRU_L1,Guarana_Antarctica_Zero,11,38448.0,0.0,0.0,0.0,38448.0,0.0
70,Frutal,FRU_L1,Guarana_Antarctica_Zero,12,39384.0,0.0,0.0,0.0,39384.0,0.0
70,Frutal,FRU_L1,Guarana_Antarctica_Zero,13,0.0,0.0,0.0,0.0,0.0,0.0
70,Frutal,FRU_L1,Guarana_Antarctica_Zero,14,13174.98,0.0,0.0,0.0,13174.98,0.0
70,Frutal,FRU_L1,Guarana_Antarctica_Zero,15,4813.51,0.0,0.0,0.0,4813.51,0.0
70,Frutal,FRU_L1,Itaipava_Lata,1,0.0,0.0,0.0,0.0,0.0,0.0
70,Frutal,FRU_L1,Itaipava_Lata,2,0.0,0.0,0.0,0.0,0.0,0.0
70,Frutal,FRU_L1,Itaipava_Lata,3,0.0,0.0,0.0,0.0,0.0,0.0
70,Frutal,FRU_L1,Itaipava_Lata,4,0.0,0.0,0.0,0.0,0.0,0.0
70,Frutal,FRU_L1,Itaipava_Lata,5,0.0,0.0,0.0,0.0,0.0,0.0
70,Frutal,FRU_L1,Itaipava_Lata,6,0.0,0.0,0.0,0.0,0.0,29678.04
70,Frutal,FRU_L1,Itaipava_Lata,7,0.0,0.0,0.0,0.0,0.0,0.0
70,Frutal,FRU_L1,Itaipava_Lata,8,0.0,0.0,0.0,0.0,0.0,0.0
70,Frutal,FRU_L1,Itaipava_Lata,9,0.0,0.0,0.0,0.0,0.0,0.0
70,Frutal,FRU_L1,Itaipava_Lata,10,0.0,0.0,29496.42,0.0,0.0,29496.42
70,Frutal,FRU_L1,Itaipava_Lata,11,0.0,0.0,2480.17,0.0,0.0,8055.14
70,Frutal,FRU_L1,Itaipava_Lata,12,0.0,0.0,0.0,0.0,0.0,0.0
70,Frutal,FRU_L1,Itaipava_Lata,13,0.0,0.0,9341.23,0.0,0.0,9341.23
70,Frutal,FRU_L1,Itaipava_Lata,14,0.0,0.0,0.0,0.0,0.0,0.0
70,Frutal,FRU_L1,Itaipava_Lata,15,0.0,0.0,0.0,0.0,0.0,0.0
70,Frutal,FRU_L1,Brahma_Lata,1,0.0,0.0,0.0,0.0,0.0,0.0
70,Frutal,FRU_L1,Brahma_Lata,2,0.0,0.0,0.0,0.0,1000.9399999999871,1000.9399999999871
70,Frutal,FRU_L1,Brahma_Lata,3,0.0,0.0,0.0,0.0,0.0,0.0
70,Frutal,FRU_L1,Brahma_Lata,4,0.0,0.0,0.0,0.0,0.0,26752.17
70,Frutal,FRU_L1,Brahma_Lata,5,0.0,0.0,0.0,0.0,14791.28999999999,14791.28999999999
70,Frutal,FRU_L1,Brahma_Lata,6,0.0,0.0,16902.95,0.0,2899.2899999999972,19802.239999999998
70,Frutal,FRU_L1,Brahma_Lata,7,0.0,0.0,0.0,0.0,0.0,0.0
70,Frutal,FRU_L1,Brahma_Lata,8,0.0,0.0,0.0,0.0,0.0,0.0
70,Frutal,FRU_L1,Brahma_Lata,9,0.0,0.0,0.0,0.0,3469.1,3469.1
70,Frutal,FRU_L1,Brahma_Lata,10,0.0,0.0,0.0,0.0,0.0,6416.2
70,Frutal,FRU_L1,Brahma_Lata,11,0.0,0.0,0.0,0.0,0.0,0.0
70,Frutal,FRU_L1,Brahma_Lata,12,0.0,0.0,0.0,0.0,0.0,0.0
70,Frutal,FRU_L1,Brahma_Lata,13,0.0,0.0,0.0,0.0,0.0,0.0
70,Frutal,FRU_L1,Brahma_Lata,14,0.0,0.0,0.0,0.0,0.0,0.0
70,Frutal,FRU_L1,Brahma_Lata,15,0.0,0.0,0.0,0.0,0.0,0.0
70,Frutal,FRU_L1,Eisenbahn_Pilsen,1,0.0,0.0,0.0,0.0,0.0,25507.22
70,Frutal,FRU_L1,Eisenbahn_Pilsen,2,0.0,0.0,0.0,0.0,0.0,0.0
70,Frutal,FRU_L1,Eisenbahn_Pilsen,3,0.0,0.0,0.0,0.0,0.0,0.0
70,Frutal,FRU_L1,Eisenbahn_Pilsen,4,0.0,0.0,0.0,0.0,0.0,0.0
70,Frutal,FRU_L1,Eisenbahn_Pilsen,5,0.0,0.0,0.0,0.0,0.0,0.0
70,Frutal,FRU_L1,Eisenbahn_Pilsen,6,0.0,0.0,0.0,0.0,0.0,0.0
70,Frutal,FRU_L1,Eisenbahn_Pilsen,7,0.0,0.0,0.0,0.0,0.0,0.0
70,Frutal,FRU_L1,Eisenbahn_Pilsen,8,0.0,0.0,0.0,0.0,0.0,0.0
70,Frutal,FRU_L1,Eisenbahn_Pilsen,9,0.0,0.0,0.0,0.0,0.0,0.0
70,Frutal,FRU_L1,Eisenbahn_Pilsen,10,0.0,0.0,0.0,0.0,0.0,6588.46
70,Frutal,FRU_L1,Eisenbahn_Pilsen,11,0.0,0.0,0.0,0.0,0.0,0.0
70,Frutal,FRU_L1,Eisenbahn_Pilsen,12,0.0,0.0,0.0,0.0,0.0,0.0
70,Frutal,FRU_L1,Eisenbahn_Pilsen,13,0.0,0.0,0.0,0.0,0.0,0.0
70,Frutal,FRU_L1,Eisenbahn_Pilsen,14,0.0,0.0,0.0,0.0,0.0,0.0
70,Frutal,FRU_L1,Eisenbahn_Pilsen,15,0.0,0.0,0.0,0.0,0.0,0.0
70,Frutal,FRU_L1,Pepsi_Black,1,0.0,0.0,0.0,0.0,0.0,0.0
70,Frutal,FRU_L1,Pepsi_Black,2,0.0,0.0,0.0,0.0,0.0,0.0
70,Frutal,FRU_L1,Pepsi_Black,3,0.0,0.0,0.0,0.0,0.0,0.0
70,Frutal,FRU_L1,Pepsi_Black,4,0.0,0.0,0.0,0.0,0.0,4797.24
70,Frutal,FRU_L1,Pepsi_Black,5,0.0,0.0,0.0,0.0,0.0,0.0
70,Frutal,FRU_L1,Pepsi_Black,6,0.0,0.0,0.0,0.0,0.0,0.0
70,Frutal,FRU_L1,Pepsi_Black,7,0.0,0.0,0.0,0.0,0.0,0.0
70,Frutal,FRU_L1,Pepsi_Black,8,0.0,0.0,0.0,0.0,0.0,0.0
70,Frutal,FRU_L1,Pepsi_Black,9,0.0,0.0,0.0,0.0,0.0,16477.21
70,Frutal,FRU_L1,Pepsi_Black,10,0.0,0.0,0.0,0.0,0.0,0.0
70,Frutal,FRU_L1,Pepsi_Black,11,0.0,0.0,0.0,0.0,0.0,0.0
70,Frutal,FRU_L1,Pepsi_Black,12,0.0,0.0,0.0,0.0,0.0,0.0
70,Frutal,FRU_L1,Pepsi_Black,13,0.0,0.0,0.0,0.0,0.0,0.0
70,Frutal,FRU_L1,Pepsi_Black,14,0.0,0.0,0.0,0.0,0.0,0.0
70,Frutal,FRU_L1,Pepsi_Black,15,0.0,0.0,0.0,0.0,0.0,0.0
70,Frutal,FRU_L1,Guarana_Antarctica,1,0.0,0.0,0.0,0.0,0.0,0.0
70,Frutal,FRU_L1,Guarana_Antarctica,2,0.0,0.0,12691.91,0.0,0.0,12691.91
70,Frutal,FRU_L1,Guarana_Antarctica,3,0.0,0.0,0.0,0.0,0.0,0.0
70,Frutal,FRU_L1,Guarana_Antarctica,4,0.0,0.0,0.0,0.0,0.0,0.0
70,Frutal,FRU_L1,Guarana_Antarctica,5,0.0,0.0,0.0,0.0,0.0,0.0
70,Frutal,FRU_L1,Guarana_Antarctica,6,0.0,0.0,0.0,0.0,0.0,0.0
70,Frutal,FRU_L1,Guarana_Antarctica,7,0.0,0.0,0.0,0.0,0.0,0.0
70,Frutal,FRU_L1,Guarana_Antarctica,8,0.0,0.0,0.0,0.0,0.0,0.0
70,Frutal,FRU_L1,Guarana_Antarctica,9,0.0,0.0,0.0,0.0,0.0,0.0
70,Frutal,FRU_L1,Guarana_Antarctica,10,0.0,0.0,0.0,0.0,0.0,0.0
70,Frutal,FRU_L1,Guarana_Antarctica,11,0.0,0.0,0.0,0.0,0.0,0.0
70,Frutal,FRU_L1,Guarana_Antarctica,12,0.0,0.0,0.0,0.0,0.0,0.0
70,Frutal,FRU_L1,Guarana_Antarctica,13,0.0,0.0,0.0,0.0,0.0,0.0
70,Frutal,FRU_L1,Guarana_Antarctica,14,0.0,0.0,0.0,0.0,0.0,0.0
70,Frutal,FRU_L1,Guarana_Antarctica,15,0.0,0.0,0.0,0.0,0.0,0.0
70,Frutal,FRU_L1,Amstel_Lata,1,0.0,0.0,0.0,0.0,13308.310000000001,0.0
70,Frutal,FRU_L1,Amstel_Lata,2,0.0,0.0,0.0,0.0,13932.070000000002,0.0
70,Frutal,FRU_L1,Amstel_Lata,3,0.0,0.0,0.0,0.0,12759.200000000004,0.0
70,Frutal,FRU_L1,Amstel_Lata,4,0.0,0.0,0.0,0.0,16949.029999999995,0.0
70,Frutal,FRU_L1,Amstel_Lata,5,0.0,0.0,0.0,0.0,8489.150000000003,0.0
70,Frutal,FRU_L1,Amstel_Lata,6,0.0,0.0,8729.2,0.0,29771.47,8729.2
70,Frutal,FRU_L1,Amstel_Lata,7,0.0,0.0,0.0,0.0,10512.33,5480.31
70,Frutal,FRU_L1,Amstel_Lata,8,0.0,0.0,0.0,0.0,0.0,0.0
70,Frutal,FRU_L1,Amstel_Lata,9,0.0,0.0,0.0,0.0,12297.07,0.0
70,Frutal,FRU_L1,Amstel_Lata,10,0.0,0.0,0.0,0.0,40248.0,0.0
70,Frutal,FRU_L1,Amstel_Lata,11,0.0,0.0,0.0,0.0,18161.640000000003,0.0
70,Frutal,FRU_L1,Amstel_Lata,12,0.0,0.0,0.0,0.0,0.0,0.0
70,Frutal,FRU_L1,Amstel_Lata,13,0.0,0.0,0.0,0.0,14826.74,0.0
70,Frutal,FRU_L1,Amstel_Lata,14,0.0,0.0,0.0,0.0,8748.32,0.0
70,Frutal,FRU_L1,Amstel_Lata,15,0.0,0.0,0.0,0.0,18008.470000000005,0.0
70,Frutal,FRU_L1,Del_Valle_Laranja,1,0.0,0.0,0.0,0.0,0.0,0.0
70,Frutal,FRU_L1,Del_Valle_Laranja,2,0.0,0.0,0.0,0.0,0.0,0.0
70,Frutal,FRU_L1,Del_Valle_Laranja,3,0.0,0.0,0.0,0.0,8291.75,16873.239999999998
70,Frutal,FRU_L1,Del_Valle_Laranja,4,0.0,0.0,0.0,0.0,0.0,0.0
70,Frutal,FRU_L1,Del_Valle_Laranja,5,0.0,0.0,0.0,0.0,4409.77,4409.77
70,Frutal,FRU_L1,Del_Valle_Laranja,6,0.0,0.0,0.0,0.0,0.0,0.0
70,Frutal,FRU_L1,Del_Valle_Laranja,7,0.0,0.0,0.0,0.0,0.0,0.0
70,Frutal,FRU_L1,Del_Valle_Laranja,8,0.0,0.0,0.0,0.0,0.0,0.0
70,Frutal,FRU_L1,Del_Valle_Laranja,9,0.0,0.0,0.0,0.0,0.0,0.0
70,Frutal,FRU_L1,Del_Valle_Laranja,10,0.0,0.0,0.0,0.0,0.0,0.0
70,Frutal,FRU_L1,Del_Valle_Laranja,11,0.0,0.0,0.0,0.0,0.0,0.0
70,Frutal,FRU_L1,Del_Valle_Laranja,12,0.0,0.0,0.0,0.0,0.0,7935.04
70,Frutal,FRU_L1,Del_Valle_Laranja,13,0.0,0.0,0.0,0.0,0.0,0.0
70,Frutal,FRU_L1,Del_Valle_Laranja,14,0.0,0.0,0.0,0.0,0.0,0.0
70,Frutal,FRU_L1,Del_Valle_Laranja,15,0.0,0.0,0.0,0.0,0.0,0.0
70,Frutal,FRU_L1,Fanta_Uva,1,0.0,0.0,0.0,0.0,0.0,0.0
70,Frutal,FRU_L1,Fanta_Uva,2,0.0,0.0,0.0,0.0,0.0,0.0
70,Frutal,FRU_L1,Fanta_Uva,3,0.0,0.0,0.0,0.0,0.0,0.0
70,Frutal,FRU_L1,Fanta_Uva,4,0.0,0.0,0.0,0.0,0.0,0.0
70,Frutal,FRU_L1,Fanta_Uva,5,0.0,0.0,0.0,0.0,2499.67,2499.67
70,Frutal,FRU_L1,Fanta_Uva,6,0.0,0.0,0.0,0.0,0.0,15933.83
70,Frutal,FRU_L1,Fanta_Uva,7,0.0,0.0,0.0,0.0,0.0,0.0
70,Frutal,FRU_L1,Fanta_Uva,8,0.0,0.0,0.0,0.0,0.0,0.0
70,Frutal,FRU_L1,Fanta_Uva,9,0.0,0.0,0.0,0.0,0.0,0.0
70,Frutal,FRU_L1,Fanta_Uva,10,0.0,0.0,0.0,0.0,0.0,0.0
70,Frutal,FRU_L1,Fanta_Uva,11,0.0,0.0,0.0,0.0,0.0,0.0
70,Frutal,FRU_L1,Fanta_Uva,12,0.0,0.0,0.0,0.0,0.0,0.0
70,Frutal,FRU_L1,Fanta_Uva,13,0.0,0.0,0.0,0.0,0.0,0.0
70,Frutal,FRU_L1,Fanta_Uva,14,0.0,0.0,0.0,0.0,0.0,0.0
70,Frutal,FRU_L1,Fanta_Uva,15,0.0,0.0,0.0,0.0,0.0,0.0
70,Frutal,FRU_L1,Maguary_Maracuja,1,0.0,0.0,0.0,0.0,0.0,0.0
70,Frutal,FRU_L1,Maguary_Maracuja,2,0.0,0.0,14573.24,0.0,0.0,14573.24
70,Frutal,FRU_L1,Maguary_Maracuja,3,0.0,0.0,0.0,0.0,0.0,0.0
70,Frutal,FRU_L1,Maguary_Maracuja,4,0.0,0.0,0.0,0.0,0.0,0.0
70,Frutal,FRU_L1,Maguary_Maracuja,5,0.0,0.0,0.0,0.0,0.0,0.0
70,Frutal,FRU_L1,Maguary_Maracuja,6,0.0,0.0,0.0,0.0,0.0,0.0
70,Frutal,FRU_L1,Maguary_Maracuja,7,0.0,0.0,0.0,0.0,0.0,0.0
70,Frutal,FRU_L1,Maguary_Maracuja,8,0.0,0.0,25250.19,0.0,0.0,35139.89
70,Frutal,FRU_L1,Maguary_Maracuja,9,0.0,0.0,0.0,0.0,0.0,27372.57
70,Frutal,FRU_L1,Maguary_Maracuja,10,0.0,0.0,0.0,0.0,0.0,0.0
70,Frutal,FRU_L1,Maguary_Maracuja,11,0.0,0.0,0.0,0.0,0.0,0.0
70,Frutal,FRU_L1,Maguary_Maracuja,12,0.0,0.0,0.0,0.0,0.0,0.0
70,Frutal,FRU_L1,Maguary_Maracuja,13,0.0,0.0,0.0,0.0,0.0,0.0
70,Frutal,FRU_L1,Maguary_Maracuja,14,0.0,0.0,7296.67,0.0,0.0,7296.67
70,Frutal,FRU_L1,Maguary_Maracuja,15,0.0,0.0,0.0,0.0,0.0,0.0
70,Frutal,FRU_L1,Coca_Cola,1,0.0,0.0,11711.57,0.0,0.0,11711.57
70,Frutal,FRU_L1,Coca_Cola,2,0.0,0.0,0.0,0.0,0.0,0.0
70,Frutal,FRU_L1,Coca_Cola,3,0.0,0.0,0.0,0.0,0.0,0.0
70,Frutal,FRU_L1,Coca_Cola,4,0.0,0.0,0.0,0.0,0.0,0.0
70,Frutal,FRU_L1,Coca_Cola,5,0.0,0.0,0.0,0.0,0.0,0.0
70,Frutal,FRU_L1,Coca_Cola,6,0.0,0.0,0.0,0.0,0.0,0.0
70,Frutal,FRU_L1,Coca_Cola,7,0.0,0.0,0.0,0.0,0.0,7854.94
70,Frutal,FRU_L1,Coca_Cola,8,0.0,0.0,0.0,0.0,0.0,11084.54
70,Frutal,FRU_L1,Coca_Cola,9,0.0,0.0,0.0,0.0,0.0,0.0
70,Frutal,FRU_L1,Coca_Cola,10,0.0,0.0,0.0,0.0,0.0,4190.010000000002
70,Frutal,FRU_L1,Coca_Cola,11,0.0,0.0,0.0,0.0,0.0,24188.409999999996
70,Frutal,FRU_L1,Coca_Cola,12,0.0,0.0,0.0,0.0,0.0,0.0
70,Frutal,FRU_L1,Coca_Cola,13,0.0,0.0,0.0,0.0,0.0,0.0
70,Frutal,FRU_L1,Coca_Cola,14,0.0,0.0,0.0,0.0,0.0,16841.38
70,Frutal,FRU_L1,Coca_Cola,15,0.0,0.0,0.0,0.0,0.0,0.0
70,Frutal,FRU_L1,H2OH_Limao,1,0.0,0.0,0.0,0.0,0.0,0.0
70,Frutal,FRU_L1,H2OH_Limao,2,0.0,0.0,0.0,0.0,0.0,15784.200000000008
70,Frutal,FRU_L1,H2OH_Limao,3,0.0,0.0,0.0,0.0,15784.200000000008,14254.58
70,Frutal,FRU_L1,H2OH_Limao,4,0.0,0.0,0.0,0.0,0.0,0.0
70,Frutal,FRU_L1,H2OH_Limao,5,0.0,0.0,18901.84,0.0,0.0,18901.84
70,Frutal,FRU_L1,H2OH_Limao,6,0.0,0.0,0.0,0.0,0.0,13176.480000000001
70,Frutal,FRU_L1,H2OH_Limao,7,0.0,0.0,0.0,0.0,13176.480000000001,0.0
70,Frutal,FRU_L1,H2OH_Limao,8,0.0,0.0,0.0,0.0,0.0,0.0
70,Frutal,FRU_L1,H2OH_Limao,9,0.0,0.0,7622.83,0.0,0.0,7622.83
70,Frutal,FRU_L1,H2OH_Limao,10,0.0,0.0,0.0,0.0,0.0,0.0
70,Frutal,FRU_L1,H2OH_Limao,11,0.0,0.0,0.0,0.0,0.0,0.0
70,Frutal,FRU_L1,H2OH_Limao,12,0.0,0.0,0.0,0.0,0.0,0.0
70,Frutal,FRU_L1,H2OH_Limao,13,0.0,0.0,0.0,0.0,0.0,0.0
70,Frutal,FRU_L1,H2OH_Limao,14,0.0,0.0,0.0,0.0,0.0,38138.66
70,Frutal,FRU_L1,H2OH_Limao,15,0.0,0.0,22899.37,0.0,38138.66,22899.37
70,Frutal,FRU_L1,Schweppes_Citrus,1,0.0,0.0,0.0,0.0,0.0,0.0
70,Frutal,FRU_L1,Schweppes_Citrus,2,0.0,0.0,0.0,0.0,0.0,0.0
70,Frutal,FRU_L1,Schweppes_Citrus,3,0.0,0.0,0.0,0.0,0.0,0.0
70,Frutal,FRU_L1,Schweppes_Citrus,4,0.0,0.0,0.0,0.0,0.0,0.0
70,Frutal,FRU_L1,Schweppes_Citrus,5,0.0,0.0,0.0,0.0,0.0,0.0
70,Frutal,FRU_L1,Schweppes_Citrus,6,0.0,0.0,0.0,0.0,0.0,0.0
70,Frutal,FRU_L1,Schweppes_Citrus,7,0.0,0.0,0.0,0.0,0.0,0.0
70,Frutal,FRU_L1,Schweppes_Citrus,8,0.0,0.0,0.0,0.0,0.0,0.0
70,Frutal,FRU_L1,Schweppes_Citrus,9,0.0,0.0,9623.11,0.0,0.0,9623.11
70,Frutal,FRU_L1,Schweppes_Citrus,10,0.0,0.0,0.0,0.0,0.0,0.0
70,Frutal,FRU_L1,Schweppes_Citrus,11,0.0,0.0,0.0,0.0,0.0,0.0
70,Frutal,FRU_L1,Schweppes_Citrus,12,0.0,0.0,0.0,0.0,0.0,12770.89
70,Frutal,FRU_L1,Schweppes_Citrus,13,0.0,0.0,0.0,0.0,0.0,0.0
70,Frutal,FRU_L1,Schweppes_Citrus,14,0.0,0.0,0.0,0.0,0.0,0.0
70,Frutal,FRU_L1,Schweppes_Citrus,15,0.0,0.0,0.0,0.0,0.0,0.0
70,Frutal,FRU_L1,Sprite,1,0.0,0.0,0.0,0.0,12718.43,12718.43
70,Frutal,FRU_L1,Sprite,2,0.0,0.0,0.0,0.0,0.0,0.0
70,Frutal,FRU_L1,Sprite,3,0.0,0.0,0.0,0.0,9787.550000000003,0.0
70,Frutal,FRU_L1,Sprite,4,0.0,0.0,27135.87,0.0,0.0,27135.87
70,Frutal,FRU_L1,Sprite,5,0.0,0.0,0.0,0.0,11127.6,15714.52
70,Frutal,FRU_L1,Sprite,6,0.0,0.0,0.0,0.0,0.0,10411.89
70,Frutal,FRU_L1,Sprite,7,0.0,0.0,0.0,0.0,6363.510000000004,0.0
70,Frutal,FRU_L1,Sprite,8,0.0,0.0,0.0,0.0,0.0,0.0
70,Frutal,FRU_L1,Sprite,9,0.0,0.0,0.0,0.0,0.0,0.0
70,Frutal,FRU_L1,Sprite,10,0.0,0.0,0.0,0.0,0.0,0.0
70,Frutal,FRU_L1,Sprite,11,0.0,0.0,0.0,0.0,0.0,0.0
70,Frutal,FRU_L1,Sprite,12,0.0,0.0,0.0,0.0,0.0,0.0
70,Frutal,FRU_L1,Sprite,13,0.0,0.0,0.0,0.0,0.0,0.0
70,Frutal,FRU_L1,Sprite,14,0.0,0.0,0.0,0.0,0.0,0.0
70,Frutal,FRU_L1,Sprite,15,0.0,0.0,0.0,0.0,0.0,0.0
70,Frutal,FRU_L1,Del_Valle_Uva,1,0.0,0.0,0.0,0.0,0.0,0.0
70,Frutal,FRU_L1,Del_Valle_Uva,2,0.0,0.0,0.0,0.0,0.0,0.0
70,Frutal,FRU_L1,Del_Valle_Uva,3,0.0,0.0,0.0,0.0,0.0,0.0
70,Frutal,FRU_L1,Del_Valle_Uva,4,0.0,0.0,0.0,0.0,0.0,0.0
70,Frutal,FRU_L1,Del_Valle_Uva,5,0.0,0.0,0.0,0.0,0.0,0.0
70,Frutal,FRU_L1,Del_Valle_Uva,6,0.0,0.0,0.0,0.0,0.0,0.0
70,Frutal,FRU_L1,Del_Valle_Uva,7,0.0,0.0,0.0,0.0,0.0,0.0
70,Frutal,FRU_L1,Del_Valle_Uva,8,0.0,0.0,0.0,0.0,0.0,0.0
70,Frutal,FRU_L1,Del_Valle_Uva,9,0.0,0.0,0.0,0.0,0.0,0.0
70,Frutal,FRU_L1,Del_Valle_Uva,10,0.0,0.0,0.0,0.0,0.0,0.0
70,Frutal,FRU_L1,Del_Valle_Uva,11,0.0,0.0,0.0,0.0,0.0,3281.720000000003
70,Frutal,FRU_L1,Del_Valle_Uva,12,0.0,0.0,0.0,0.0,0.0,10246.429999999997
70,Frutal,FRU_L1,Del_Valle_Uva,13,0.0,0.0,0.0,0.0,0.0,0.0
70,Frutal,FRU_L1,Del_Valle_Uva,14,0.0,0.0,0.0,0.0,0.0,1927.22
70,Frutal,FRU_L1,Del_Valle_Uva,15,0.0,0.0,0.0,0.0,0.0,0.0
70,Frutal,FRU_L1,Pepsi,1,0.0,0.0,0.0,0.0,11410.2,0.0
70,Frutal,FRU_L1,Pepsi,2,0.0,0.0,0.0,0.0,0.0,0.0
70,Frutal,FRU_L1,Pepsi,3,9048.8,0.0,0.0,0.0,9048.8,0.0
70,Frutal,FRU_L1,Pepsi,4,39432.0,0.0,0.0,0.0,40807.840000000004,0.0
70,Frutal,FRU_L1,Pepsi,5,27391.730000000007,0.0,0.0,0.0,27391.730000000007,24912.72
70,Frutal,FRU_L1,Pepsi,6,0.0,0.0,0.0,0.0,0.0,1019.42
70,Frutal,FRU_L1,Pepsi,7,9175.409999999998,0.0,0.0,0.0,9175.409999999998,0.0
70,Frutal,FRU_L1,Pepsi,8,0.0,0.0,0.0,0.0,0.0,0.0
70,Frutal,FRU_L1,Pepsi,9,10902.980000000005,0.0,0.0,0.0,10902.980000000005,0.0
70,Frutal,FRU_L1,Pepsi,10,0.0,0.0,0.0,0.0,0.0,0.0
70,Frutal,FRU_L1,Pepsi,11,0.0,0.0,0.0,0.0,0.0,0.0
70,Frutal,FRU_L1,Pepsi,12,0.0,0.0,16790.25,0.0,0.0,16790.25
70,Frutal,FRU_L1,Pepsi,13,0.0,0.0,0.0,0.0,0.0,11336.87
70,Frutal,FRU_L1,Pepsi,14,0.0,0.0,0.0,0.0,0.0,0.0
70,Frutal,FRU_L1,Pepsi,15,0.0,0.0,6482.04,0.0,0.0,6482.04
70,Frutal,FRU_L2,Fanta_Laranja,1,0.0,0.0,0.0,0.0,0.0,0.0
70,Frutal,FRU_L2,Fanta_Laranja,2,0.0,0.0,0.0,0.0,0.0,0.0
70,Frutal,FRU_L2,Fanta_Laranja,3,0.0,0.0,0.0,0.0,0.0,9323.5
70,Frutal,FRU_L2,Fanta_Laranja,4,0.0,0.0,0.0,0.0,0.0,11262.93
70,Frutal,FRU_L2,Fanta_Laranja,5,0.0,0.0,0.0,0.0,0.0,0.0
70,Frutal,FRU_L2,Fanta_Laranja,6,0.0,0.0,0.0,0.0,0.0,0.0
70,Frutal,FRU_L2,Fanta_Laranja,7,0.0,0.0,0.0,0.0,0.0,0.0
70,Frutal,FRU_L2,Fanta_Laranja,8,0.0,0.0,0.0,0.0,0.0,0.0
70,Frutal,FRU_L2,Fanta_Laranja,9,0.0,0.0,0.0,0.0,0.0,0.0
70,Frutal,FRU_L2,Fanta_Laranja,10,0.0,0.0,0.0,0.0,0.0,0.0
70,Frutal,FRU_L2,Fanta_Laranja,11,0.0,0.0,0.0,0.0,0.0,0.0
70,Frutal,FRU_L2,Fanta_Laranja,12,0.0,0.0,0.0,0.0,0.0,0.0
70,Frutal,FRU_L2,Fanta_Laranja,13,0.0,0.0,0.0,0.0,0.0,0.0
70,Frutal,FRU_L2,Fanta_Laranja,14,0.0,0.0,0.0,0.0,0.0,10874.49
70,Frutal,FRU_L2,Fanta_Laranja,15,0.0,0.0,0.0,0.0,0.0,0.0
70,Frutal,FRU_L2,Itubaina,1,0.0,0.0,0.0,0.0,0.0,0.0
70,Frutal,FRU_L2,Itubaina,2,0.0,0.0,0.0,0.0,0.0,0.0
70,Frutal,FRU_L2,Itubaina,3,0.0,0.0,0.0,0.0,0.0,0.0
70,Frutal,FRU_L2,Itubaina,4,0.0,0.0,0.0,0.0,0.0,0.0
70,Frutal,FRU_L2,Itubaina,5,0.0,0.0,0.0,0.0,0.0,0.0
70,Frutal,FRU_L2,Itubaina,6,0.0,0.0,0.0,0.0,0.0,0.0
70,Frutal,FRU_L2,Itubaina,7,0.0,0.0,0.0,0.0,0.0,0.0
70,Frutal,FRU_L2,Itubaina,8,0.0,0.0,0.0,0.0,0.0,0.0
70,Frutal,FRU_L2,Itubaina,9,0.0,0.0,0.0,0.0,0.0,0.0
70,Frutal,FRU_L2,Itubaina,10,0.0,0.0,24972.22,0.0,0.0,24972.22
70,Frutal,FRU_L2,Itubaina,11,0.0,0.0,0.0,0.0,0.0,0.0
70,Frutal,FRU_L2,Itubaina,12,0.0,0.0,0.0,0.0,0.0,0.0
70,Frutal,FRU_L2,Itubaina,13,0.0,0.0,0.0,0.0,0.0,0.0
70,Frutal,FRU_L2,Itubaina,14,0.0,0.0,0.0,0.0,0.0,0.0
70,Frutal,FRU_L2,Itubaina,15,0.0,0.0,0.0,0.0,0.0,0.0
70,Frutal,FRU_L2,Skol_Lata,1,0.0,0.0,27141.02,0.0,0.0,27141.020000000004
70,Frutal,FRU_L2,Skol_Lata,2,0.0,0.0,0.0,0.0,0.0,0.0
70,Frutal,FRU_L2,Skol_Lata,3,0.0,0.0,6745.84,0.0,0.0,6745.84
70,Frutal,FRU_L2,Skol_Lata,4,0.0,0.0,0.0,0.0,0.0,0.0
70,Frutal,FRU_L2,Skol_Lata,5,0.0,0.0,0.0,0.0,0.0,8659.4
70,Frutal,FRU_L2,Skol_Lata,6,0.0,0.0,0.0,0.0,0.0,0.0
70,Frutal,FRU_L2,Skol_Lata,7,0.0,0.0,0.0,0.0,0.0,0.0
70,Frutal,FRU_L2,Skol_Lata,8,0.0,0.0,0.0,0.0,0.0,0.0
70,Frutal,FRU_L2,Skol_Lata,9,0.0,0.0,0.0,0.0,0.0,0.0
70,Frutal,FRU_L2,Skol_Lata,10,0.0,0.0,0.0,0.0,0.0,0.0
70,Frutal,FRU_L2,Skol_Lata,11,0.0,0.0,23669.42,0.0,0.0,23669.42
70,Frutal,FRU_L2,Skol_Lata,12,0.0,0.0,0.0,0.0,0.0,10692.14
70,Frutal,FRU_L2,Skol_Lata,13,0.0,0.0,0.0,0.0,0.0,0.0
70,Frutal,FRU_L2,Skol_Lata,14,0.0,0.0,0.0,0.0,0.0,0.0
70,Frutal,FRU_L2,Skol_Lata,15,0.0,0.0,0.0,0.0,0.0,0.0
70,Frutal,FRU_L2,Heineken_Lata,1,0.0,0.0,0.0,0.0,0.0,0.0
70,Frutal,FRU_L2,Heineken_Lata,2,0.0,0.0,0.0,0.0,0.0,0.0
70,Frutal,FRU_L2,Heineken_Lata,3,0.0,0.0,0.0,0.0,0.0,0.0
70,Frutal,FRU_L2,Heineken_Lata,4,0.0,0.0,0.0,0.0,0.0,0.0
70,Frutal,FRU_L2,Heineken_Lata,5,0.0,0.0,0.0,0.0,0.0,0.0
70,Frutal,FRU_L2,Heineken_Lata,6,0.0,0.0,0.0,0.0,0.0,0.0
70,Frutal,FRU_L2,Heineken_Lata,7,0.0,0.0,0.0,0.0,0.0,0.0
70,Frutal,FRU_L2,Heineken_Lata,8,0.0,0.0,0.0,0.0,0.0,0.0
70,Frutal,FRU_L2,Heineken_Lata,9,0.0,0.0,0.0,0.0,0.0,0.0
70,Frutal,FRU_L2,Heineken_Lata,10,0.0,0.0,0.0,0.0,0.0,0.0
70,Frutal,FRU_L2,Heineken_Lata,11,0.0,0.0,0.0,0.0,0.0,0.0
70,Frutal,FRU_L2,Heineken_Lata,12,0.0,0.0,0.0,0.0,0.0,0.0
70,Frutal,FRU_L2,Heineken_Lata,13,0.0,0.0,0.0,0.0,0.0,0.0
70,Frutal,FRU_L2,Heineken_Lata,14,0.0,0.0,0.0,0.0,0.0,11521.65
70,Frutal,FRU_L2,Heineken_Lata,15,0.0,0.0,0.0,0.0,0.0,1345.82
70,Frutal,FRU_L2,Coca_Cola_Zero,1,0.0,0.0,0.0,0.0,0.0,0.0
70,Frutal,FRU_L2,Coca_Cola_Zero,2,0.0,0.0,0.0,0.0,0.0,0.0
70,Frutal,FRU_L2,Coca_Cola_Zero,3,0.0,0.0,0.0,0.0,0.0,0.0
70,Frutal,FRU_L2,Coca_Cola_Zero,4,0.0,0.0,0.0,0.0,0.0,9192.86
70,Frutal,FRU_L2,Coca_Cola_Zero,5,0.0,0.0,0.0,0.0,0.0,0.0
70,Frutal,FRU_L2,Coca_Cola_Zero,6,0.0,0.0,0.0,0.0,0.0,0.0
70,Frutal,FRU_L2,Coca_Cola_Zero,7,0.0,0.0,0.0,0.0,0.0,0.0
70,Frutal,FRU_L2,Coca_Cola_Zero,8,0.0,0.0,5265.0,0.0,0.0,5265.0
70,Frutal,FRU_L2,Coca_Cola_Zero,9,0.0,0.0,0.0,0.0,0.0,0.0
70,Frutal,FRU_L2,Coca_Cola_Zero,10,0.0,0.0,0.0,0.0,0.0,0.0
70,Frutal,FRU_L2,Coca_Cola_Zero,11,0.0,0.0,0.0,0.0,0.0,0.0
70,Frutal,FRU_L2,Coca_Cola_Zero,12,0.0,0.0,0.0,0.0,0.0,10075.79
70,Frutal,FRU_L2,Coca_Cola_Zero,13,0.0,0.0,0.0,0.0,0.0,0.0
70,Frutal,FRU_L2,Coca_Cola_Zero,14,0.0,0.0,0.0,0.0,0.0,0.0
70,Frutal,FRU_L2,Coca_Cola_Zero,15,0.0,0.0,0.0,0.0,0.0,0.0
70,Frutal,FRU_L2,Antarctica_Lata,1,0.0,0.0,0.0,0.0,0.0,0.0
70,Frutal,FRU_L2,Antarctica_Lata,2,0.0,0.0,0.0,0.0,0.0,26424.16
70,Frutal,FRU_L2,Antarctica_Lata,3,0.0,0.0,0.0,0.0,0.0,0.0
70,Frutal,FRU_L2,Antarctica_Lata,4,0.0,0.0,0.0,0.0,0.0,0.0
70,Frutal,FRU_L2,Antarctica_Lata,5,0.0,0.0,0.0,0.0,0.0,0.0
70,Frutal,FRU_L2,Antarctica_Lata,6,0.0,0.0,0.0,0.0,0.0,0.0
70,Frutal,FRU_L2,Antarctica_Lata,7,0.0,0.0,0.0,0.0,0.0,8903.85
70,Frutal,FRU_L2,Antarctica_Lata,8,0.0,0.0,0.0,0.0,0.0,0.0
70,Frutal,FRU_L2,Antarctica_Lata,9,0.0,0.0,0.0,0.0,0.0,0.0
70,Frutal,FRU_L2,Antarctica_Lata,10,0.0,0.0,0.0,0.0,0.0,0.0
70,Frutal,FRU_L2,Antarctica_Lata,11,0.0,0.0,0.0,0.0,0.0,0.0
70,Frutal,FRU_L2,Antarctica_Lata,12,0.0,0.0,0.0,0.0,0.0,0.0
70,Frutal,FRU_L2,Antarctica_Lata,13,0.0,0.0,11470.97,0.0,0.0,11470.97
70,Frutal,FRU_L2,Antarctica_Lata,14,0.0,0.0,0.0,0.0,0.0,0.0
70,Frutal,FRU_L2,Antarctica_Lata,15,0.0,0.0,0.0,0.0,0.0,0.0
70,Frutal,FRU_L2,Spaten_Lata,1,0.0,0.0,0.0,0.0,0.0,0.0
70,Frutal,FRU_L2,Spaten_Lata,2,0.0,0.0,0.0,0.0,0.0,0.0
70,Frutal,FRU_L2,Spaten_Lata,3,0.0,0.0,0.0,0.0,0.0,0.0
70,Frutal,FRU_L2,Spaten_Lata,4,0.0,0.0,0.0,0.0,0.0,0.0
70,Frutal,FRU_L2,Spaten_Lata,5,0.0,0.0,0.0,0.0,0.0,0.0
70,Frutal,FRU_L2,Spaten_Lata,6,0.0,0.0,0.0,0.0,0.0,0.0
70,Frutal,FRU_L2,Spaten_Lata,7,0.0,0.0,0.0,0.0,0.0,25285.57
70,Frutal,FRU_L2,Spaten_Lata,8,0.0,0.0,0.0,0.0,0.0,0.0
70,Frutal,FRU_L2,Spaten_Lata,9,0.0,0.0,0.0,0.0,0.0,0.0
70,Frutal,FRU_L2,Spaten_Lata,10,0.0,0.0,0.0,0.0,0.0,15772.14
70,Frutal,FRU_L2,Spaten_Lata,11,0.0,0.0,0.0,0.0,0.0,0.0
70,Frutal,FRU_L2,Spaten_Lata,12,0.0,0.0,0.0,0.0,0.0,0.0
70,Frutal,FRU_L2,Spaten_Lata,13,0.0,0.0,0.0,0.0,0.0,0.0
70,Frutal,FRU_L2,Spaten_Lata,14,0.0,0.0,0.0,0.0,0.0,0.0
70,Frutal,FRU_L2,Spaten_Lata,15,0.0,0.0,0.0,0.0,0.0,0.0
70,Frutal,FRU_L2,Maguary_Caju,1,38976.0,0.0,0.0,0.0,38976.0,0.0
70,Frutal,FRU_L2,Maguary_Caju,2,0.0,0.0,0.0,0.0,0.0,0.0
70,Frutal,FRU_L2,Maguary_Caju,3,2038.2900000000009,0.0,4579.25,0.0,0.0,12061.46
70,Frutal,FRU_L2,Maguary_Caju,4,0.0,0.0,0.0,0.0,0.0,0.0
70,Frutal,FRU_L2,Maguary_Caju,5,36072.0,0.0,0.0,0.0,36072.0,0.0
70,Frutal,FRU_L2,Maguary_Caju,6,39720.0,0.0,0.0,0.0,39720.0,0.0
70,Frutal,FRU_L2,Maguary_Caju,7,0.0,0.0,0.0,0.0,0.0,0.0
70,Frutal,FRU_L2,Maguary_Caju,8,6240.940000000002,0.0,0.0,0.0,6240.940000000002,0.0
70,Frutal,FRU_L2,Maguary_Caju,9,258.0799999999999,0.0,0.0,0.0,258.0799999999999,0.0
70,Frutal,FRU_L2,Maguary_Caju,10,0.0,0.0,0.0,0.0,0.0,0.0
70,Frutal,FRU_L2,Maguary_Caju,11,0.0,0.0,0.0,0.0,0.0,0.0
70,Frutal,FRU_L2,Maguary_Caju,12,0.0,0.0,0.0,0.0,0.0,8568.11
70,Frutal,FRU_L2,Maguary_Caju,13,0.0,0.0,0.0,0.0,0.0,19410.84
70,Frutal,FRU_L2,Maguary_Caju,14,0.0,0.0,9556.57,0.0,0.0,9556.57
70,Frutal,FRU_L2,Maguary_Caju,15,0.0,0.0,0.0,0.0,0.0,0.0
70,Frutal,FRU_L2,Del_Valle_Pessego,1,0.0,0.0,0.0,0.0,0.0,0.0
70,Frutal,FRU_L2,Del_Valle_Pessego,2,0.0,0.0,0.0,0.0,0.0,0.0
70,Frutal,FRU_L2,Del_Valle_Pessego,3,0.0,0.0,0.0,0.0,0.0,27879.47
70,Frutal,FRU_L2,Del_Valle_Pessego,4,0.0,0.0,0.0,0.0,0.0,0.0
70,Frutal,FRU_L2,Del_Valle_Pessego,5,0.0,0.0,0.0,0.0,0.0,0.0
70,Frutal,FRU_L2,Del_Valle_Pessego,6,0.0,0.0,0.0,0.0,0.0,0.0
70,Frutal,FRU_L2,Del_Valle_Pessego,7,0.0,0.0,0.0,0.0,0.0,0.0
70,Frutal,FRU_L2,Del_Valle_Pessego,8,0.0,0.0,0.0,0.0,0.0,0.0
70,Frutal,FRU_L2,Del_Valle_Pessego,9,0.0,0.0,0.0,0.0,0.0,0.0
70,Frutal,FRU_L2,Del_Valle_Pessego,10,0.0,0.0,0.0,0.0,0.0,0.0
70,Frutal,FRU_L2,Del_Valle_Pessego,11,0.0,0.0,0.0,0.0,0.0,0.0
70,Frutal,FRU_L2,Del_Valle_Pessego,12,0.0,0.0,0.0,0.0,0.0,0.0
70,Frutal,FRU_L2,Del_Valle_Pessego,13,0.0,0.0,0.0,0.0,0.0,0.0
70,Frutal,FRU_L2,Del_Valle_Pessego,14,0.0,0.0,0.0,0.0,0.0,0.0
70,Frutal,FRU_L2,Del_Valle_Pessego,15,0.0,0.0,23051.28,0.0,0.0,23051.28
70,Frutal,FRU_L2,Stella_Artois_Pure_Gold,1,0.0,0.0,0.0,0.0,0.0,0.0
70,Frutal,FRU_L2,Stella_Artois_Pure_Gold,2,0.0,0.0,0.0,0.0,0.0,0.0
70,Frutal,FRU_L2,Stella_Artois_Pure_Gold,3,0.0,0.0,0.0,0.0,0.0,0.0
70,Frutal,FRU_L2,Stella_Artois_Pure_Gold,4,0.0,0.0,0.0,0.0,0.0,0.0
70,Frutal,FRU_L2,Stella_Artois_Pure_Gold,5,0.0,0.0,21410.36,0.0,0.0,21410.36
70,Frutal,FRU_L2,Stella_Artois_Pure_Gold,6,0.0,0.0,0.0,0.0,0.0,0.0
70,Frutal,FRU_L2,Stella_Artois_Pure_Gold,7,0.0,0.0,0.0,0.0,0.0,0.0
70,Frutal,FRU_L2,Stella_Artois_Pure_Gold,8,0.0,0.0,0.0,0.0,0.0,25371.75
70,Frutal,FRU_L2,Stella_Artois_Pure_Gold,9,0.0,0.0,0.0,0.0,0.0,8621.61
70,Frutal,FRU_L2,Stella_Artois_Pure_Gold,10,0.0,0.0,0.0,0.0,0.0,0.0
70,Frutal,FRU_L2,Stella_Artois_Pure_Gold,11,0.0,0.0,0.0,0.0,0.0,26271.190000000002
70,Frutal,FRU_L2,Stella_Artois_Pure_Gold,12,0.0,0.0,0.0,0.0,0.0,0.0
70,Frutal,FRU_L2,Stella_Artois_Pure_Gold,13,0.0,0.0,0.0,0.0,0.0,0.0
70,Frutal,FRU_L2,Stella_Artois_Pure_Gold,14,0.0,0.0,0.0,0.0,0.0,19808.66
70,Frutal,FRU_L2,Stella_Artois_Pure_Gold,15,0.0,0.0,0.0,0.0,0.0,0.0
70,Frutal,FRU_L2,Sprite_Zero,1,0.0,0.0,0.0,0.0,0.0,0.0
70,Frutal,FRU_L2,Sprite_Zero,2,0.0,0.0,0.0,0.0,0.0,0.0
70,Frutal,FRU_L2,Sprite_Zero,3,0.0,0.0,0.0,0.0,0.0,0.0
70,Frutal,FRU_L2,Sprite_Zero,4,0.0,0.0,0.0,0.0,0.0,0.0
70,Frutal,FRU_L2,Sprite_Zero,5,0.0,0.0,0.0,0.0,0.0,0.0
70,Frutal,FRU_L2,Sprite_Zero,6,0.0,0.0,0.0,0.0,0.0,0.0
70,Frutal,FRU_L2,Sprite_Zero,7,0.0,0.0,0.0,0.0,0.0,0.0
70,Frutal,FRU_L2,Sprite_Zero,8,0.0,0.0,0.0,0.0,0.0,0.0
70,Frutal,FRU_L2,Sprite_Zero,9,0.0,0.0,0.0,0.0,0.0,0.0
70,Frutal,FRU_L2,Sprite_Zero,10,0.0,0.0,0.0,0.0,0.0,0.0
70,Frutal,FRU_L2,Sprite_Zero,11,0.0,0.0,0.0,0.0,0.0,0.0
70,Frutal,FRU_L2,Sprite_Zero,12,0.0,0.0,0.0,0.0,0.0,0.0
70,Frutal,FRU_L2,Sprite_Zero,13,0.0,0.0,0.0,0.0,0.0,26674.34
70,Frutal,FRU_L2,Sprite_Zero,14,0.0,0.0,0.0,0.0,0.0,0.0
70,Frutal,FRU_L2,Sprite_Zero,15,0.0,0.0,0.0,0.0,0.0,0.0
70,Frutal,FRU_L2,Kuat,1,0.0,0.0,0.0,0.0,0.0,0.0
70,Frutal,FRU_L2,Kuat,2,0.0,0.0,0.0,0.0,0.0,0.0
70,Frutal,FRU_L2,Kuat,3,0.0,0.0,0.0,0.0,0.0,0.0
70,Frutal,FRU_L2,Kuat,4,0.0,13117.669999999993,0.0,0.0,0.0,13117.669999999993
70,Frutal,FRU_L2,Kuat,5,0.0,16196.549999999997,0.0,0.0,0.0,3078.8800000000047
70,Frutal,FRU_L2,Kuat,6,0.0,0.0,0.0,0.0,16196.549999999997,0.0
70,Frutal,FRU_L2,Kuat,7,0.0,0.0,19250.75,0.0,0.0,19250.75
70,Frutal,FRU_L2,Kuat,8,0.0,2743.2099999999937,0.0,0.0,0.0,2743.2099999999937
70,Frutal,FRU_L2,Kuat,9,0.0,0.0,10449.41,0.0,0.0,7706.200000000006
70,Frutal,FRU_L2,Kuat,10,0.0,0.0,0.0,0.0,0.0,0.0
70,Frutal,FRU_L2,Kuat,11,0.0,0.0,0.0,0.0,0.0,0.0
70,Frutal,FRU_L2,Kuat,12,0.0,0.0,0.0,0.0,0.0,0.0
70,Frutal,FRU_L2,Kuat,13,0.0,0.0,0.0,0.0,0.0,0.0
70,Frutal,FRU_L2,Kuat,14,0.0,0.0,0.0,0.0,0.0,0.0
70,Frutal,FRU_L2,Kuat,15,0.0,0.0,0.0,0.0,0.0,1500.29
70,Frutal,FRU_L2,Sukita_Laranja,1,0.0,0.0,0.0,0.0,0.0,0.0
70,Frutal,FRU_L2,Sukita_Laranja,2,0.0,0.0,0.0,0.0,26099.93,0.0
70,Frutal,FRU_L2,Sukita_Laranja,3,0.0,0.0,0.0,0.0,27872.8,0.0
70,Frutal,FRU_L2,Sukita_Laranja,4,0.0,0.0,0.0,0.0,18107.13,0.0
70,Frutal,FRU_L2,Sukita_Laranja,5,0.0,0.0,0.0,0.0,28422.85,0.0
70,Frutal,FRU_L2,Sukita_Laranja,6,0.0,0.0,0.0,0.0,10140.53,0.0
70,Frutal,FRU_L2,Sukita_Laranja,7,0.0,0.0,0.0,0.0,16996.34,0.0
70,Frutal,FRU_L2,Sukita_Laranja,8,0.0,0.0,0.0,0.0,36912.0,0.0
70,Frutal,FRU_L2,Sukita_Laranja,9,0.0,0.0,0.0,0.0,26366.93,0.0
70,Frutal,FRU_L2,Sukita_Laranja,10,0.0,0.0,0.0,0.0,0.0,0.0
70,Frutal,FRU_L2,Sukita_Laranja,11,0.0,0.0,0.0,0.0,21246.359999999997,0.0
70,Frutal,FRU_L2,Sukita_Laranja,12,0.0,0.0,0.0,0.0,36360.0,0.0
70,Frutal,FRU_L2,Sukita_Laranja,13,0.0,0.0,0.0,0.0,23021.260000000002,0.0
70,Frutal,FRU_L2,Sukita_Laranja,14,0.0,0.0,0.0,0.0,12825.62,0.0
70,Frutal,FRU_L2,Sukita_Laranja,15,0.0,0.0,0.0,0.0,8059.59,0.0
70,Frutal,FRU_L2,Budweiser_Lata,1,0.0,0.0,0.0,0.0,0.0,0.0
70,Frutal,FRU_L2,Budweiser_Lata,2,0.0,0.0,28101.26,0.0,0.0,28101.26
70,Frutal,FRU_L2,Budweiser_Lata,3,0.0,0.0,0.0,0.0,0.0,0.0
70,Frutal,FRU_L2,Budweiser_Lata,4,0.0,0.0,0.0,0.0,0.0,0.0
70,Frutal,FRU_L2,Budweiser_Lata,5,0.0,0.0,0.0,0.0,0.0,0.0
70,Frutal,FRU_L2,Budweiser_Lata,6,0.0,0.0,0.0,0.0,0.0,0.0
70,Frutal,FRU_L2,Budweiser_Lata,7,0.0,0.0,0.0,0.0,0.0,3372.2700000000004
70,Frutal,FRU_L2,Budweiser_Lata,8,0.0,0.0,0.0,0.0,0.0,20224.680000000008
70,Frutal,FRU_L2,Budweiser_Lata,9,0.0,0.0,0.0,0.0,9026.540000000008,0.0
70,Frutal,FRU_L2,Budweiser_Lata,10,0.0,0.0,0.0,0.0,14566.939999999999,0.0
70,Frutal,FRU_L2,Budweiser_Lata,11,0.0,0.0,0.0,0.0,3.470000000001164,0.0
70,Frutal,FRU_L2,Budweiser_Lata,12,0.0,0.0,0.0,0.0,0.0,1119.619999999999
70,Frutal,FRU_L2,Budweiser_Lata,13,0.0,0.0,0.0,0.0,1119.619999999999,0.0
70,Frutal,FRU_L2,Budweiser_Lata,14,0.0,0.0,0.0,0.0,0.0,9306.7
70,Frutal,FRU_L2,Budweiser_Lata,15,0.0,0.0,0.0,0.0,9306.7,0.0
70,Frutal,FRU_L2,Guarana_Antarctica_Zero,1,0.0,0.0,0.0,0.0,25493.9,0.0
70,Frutal,FRU_L2,Guarana_Antarctica_Zero,2,0.0,0.0,0.0,0.0,39720.0,0.0
70,Frutal,FRU_L2,Guarana_Antarctica_Zero,3,0.0,0.0,0.0,0.0,5995.07,0.0
70,Frutal,FRU_L2,Guarana_Antarctica_Zero,4,0.0,0.0,0.0,0.0,0.0,0.0
70,Frutal,FRU_L2,Guarana_Antarctica_Zero,5,0.0,0.0,0.0,0.0,12880.269999999997,0.0
70,Frutal,FRU_L2,Guarana_Antarctica_Zero,6,0.0,0.0,0.0,0.0,37656.0,0.0
70,Frutal,FRU_L2,Guarana_Antarctica_Zero,7,0.0,0.0,0.0,0.0,26872.59,0.0
70,Frutal,FRU_L2,Guarana_Antarctica_Zero,8,0.0,0.0,0.0,0.0,0.0,0.0
70,Frutal,FRU_L2,Guarana_Antarctica_Zero,9,0.0,0.0,0.0,0.0,26561.019999999997,0.0
70,Frutal,FRU_L2,Guarana_Antarctica_Zero,10,0.0,0.0,0.0,0.0,29034.22,0.0
70,Frutal,FRU_L2,Guarana_Antarctica_Zero,11,0.0,0.0,0.0,0.0,38448.0,0.0
70,Frutal,FRU_L2,Guarana_Antarctica_Zero,12,0.0,0.0,0.0,0.0,39384.0,0.0
70,Frutal,FRU_L2,Guarana_Antarctica_Zero,13,0.0,0.0,0.0,0.0,0.0,0.0
70,Frutal,FRU_L2,Guarana_Antarctica_Zero,14,0.0,0.0,0.0,0.0,13174.98,0.0
70,Frutal,FRU_L2,Guarana_Antarctica_Zero,15,0.0,0.0,0.0,0.0,4813.51,0.0
70,Frutal,FRU_L2,Itaipava_Lata,1,0.0,0.0,0.0,0.0,0.0,0.0
70,Frutal,FRU_L2,Itaipava_Lata,2,0.0,0.0,0.0,0.0,0.0,0.0
70,Frutal,FRU_L2,Itaipava_Lata,3,0.0,0.0,0.0,0.0,0.0,0.0
70,Frutal,FRU_L2,Itaipava_Lata,4,0.0,0.0,0.0,0.0,0.0,0.0
70,Frutal,FRU_L2,Itaipava_Lata,5,0.0,0.0,0.0,0.0,0.0,0.0
70,Frutal,FRU_L2,Itaipava_Lata,6,0.0,0.0,0.0,0.0,0.0,29678.04
70,Frutal,FRU_L2,Itaipava_Lata,7,0.0,0.0,0.0,0.0,0.0,0.0
70,Frutal,FRU_L2,Itaipava_Lata,8,0.0,0.0,0.0,0.0,0.0,0.0
70,Frutal,FRU_L2,Itaipava_Lata,9,0.0,0.0,0.0,0.0,0.0,0.0
70,Frutal,FRU_L2,Itaipava_Lata,10,0.0,0.0,0.0,0.0,0.0,29496.42
70,Frutal,FRU_L2,Itaipava_Lata,11,0.0,0.0,5574.97,0.0,0.0,8055.14
70,Frutal,FRU_L2,Itaipava_Lata,12,0.0,0.0,0.0,0.0,0.0,0.0
70,Frutal,FRU_L2,Itaipava_Lata,13,0.0,0.0,0.0,0.0,0.0,9341.23
70,Frutal,FRU_L2,Itaipava_Lata,14,0.0,0.0,0.0,0.0,0.0,0.0
70,Frutal,FRU_L2,Itaipava_Lata,15,0.0,0.0,0.0,0.0,0.0,0.0
70,Frutal,FRU_L2,Brahma_Lata,1,0.0,0.0,0.0,0.0,0.0,0.0
70,Frutal,FRU_L2,Brahma_Lata,2,0.0,0.0,0.0,0.0,1000.9399999999871,1000.9399999999871
70,Frutal,FRU_L2,Brahma_Lata,3,0.0,0.0,0.0,0.0,0.0,0.0
70,Frutal,FRU_L2,Brahma_Lata,4,0.0,0.0,26752.17,0.0,0.0,26752.17
70,Frutal,FRU_L2,Brahma_Lata,5,0.0,0.0,0.0,0.0,14791.28999999999,14791.28999999999
70,Frutal,FRU_L2,Brahma_Lata,6,0.0,0.0,0.0,0.0,2899.2899999999972,19802.239999999998
70,Frutal,FRU_L2,Brahma_Lata,7,0.0,0.0,0.0,0.0,0.0,0.0
70,Frutal,FRU_L2,Brahma_Lata,8,0.0,0.0,0.0,0.0,0.0,0.0
70,Frutal,FRU_L2,Brahma_Lata,9,0.0,0.0,0.0,0.0,3469.1,3469.1
70,Frutal,FRU_L2,Brahma_Lata,10,0.0,0.0,0.0,0.0,0.0,6416.2
70,Frutal,FRU_L2,Brahma_Lata,11,0.0,0.0,0.0,0.0,0.0,0.0
70,Frutal,FRU_L2,Brahma_Lata,12,0.0,0.0,0.0,0.0,0.0,0.0
70,Frutal,FRU_L2,Brahma_Lata,13,0.0,0.0,0.0,0.0,0.0,0.0
70,Frutal,FRU_L2,Brahma_Lata,14,0.0,0.0,0.0,0.0,0.0,0.0
70,Frutal,FRU_L2,Brahma_Lata,15,0.0,0.0,0.0,0.0,0.0,0.0
70,Frutal,FRU_L2,Eisenbahn_Pilsen,1,0.0,0.0,0.0,0.0,0.0,25507.22
70,Frutal,FRU_L2,Eisenbahn_Pilsen,2,0.0,0.0,0.0,0.0,0.0,0.0
70,Frutal,FRU_L2,Eisenbahn_Pilsen,3,0.0,0.0,0.0,0.0,0.0,0.0
70,Frutal,FRU_L2,Eisenbahn_Pilsen,4,0.0,0.0,0.0,0.0,0.0,0.0
70,Frutal,FRU_L2,Eisenbahn_Pilsen,5,0.0,0.0,0.0,0.0,0.0,0.0
70,Frutal,FRU_L2,Eisenbahn_Pilsen,6,0.0,0.0,0.0,0.0,0.0,0.0
70,Frutal,FRU_L2,Eisenbahn_Pilsen,7,0.0,0.0,0.0,0.0,0.0,0.0
70,Frutal,FRU_L2,Eisenbahn_Pilsen,8,0.0,0.0,0.0,0.0,0.0,0.0
70,Frutal,FRU_L2,Eisenbahn_Pilsen,9,0.0,0.0,0.0,0.0,0.0,0.0
70,Frutal,FRU_L2,Eisenbahn_Pilsen,10,0.0,0.0,0.0,0.0,0.0,6588.46
70,Frutal,FRU_L2,Eisenbahn_Pilsen,11,0.0,0.0,0.0,0.0,0.0,0.0
70,Frutal,FRU_L2,Eisenbahn_Pilsen,12,0.0,0.0,0.0,0.0,0.0,0.0
70,Frutal,FRU_L2,Eisenbahn_Pilsen,13,0.0,0.0,0.0,0.0,0.0,0.0
70,Frutal,FRU_L2,Eisenbahn_Pilsen,14,0.0,0.0,0.0,0.0,0.0,0.0
70,Frutal,FRU_L2,Eisenbahn_Pilsen,15,0.0,0.0,0.0,0.0,0.0,0.0
70,Frutal,FRU_L2,Pepsi_Black,1,0.0,0.0,0.0,0.0,0.0,0.0
70,Frutal,FRU_L2,Pepsi_Black,2,0.0,0.0,0.0,0.0,0.0,0.0
70,Frutal,FRU_L2,Pepsi_Black,3,0.0,0.0,0.0,0.0,0.0,0.0
70,Frutal,FRU_L2,Pepsi_Black,4,0.0,0.0,0.0,0.0,0.0,4797.24
70,Frutal,FRU_L2,Pepsi_Black,5,0.0,0.0,0.0,0.0,0.0,0.0
70,Frutal,FRU_L2,Pepsi_Black,6,0.0,0.0,0.0,0.0,0.0,0.0
70,Frutal,FRU_L2,Pepsi_Black,7,0.0,0.0,0.0,0.0,0.0,0.0
70,Frutal,FRU_L2,Pepsi_Black,8,0.0,0.0,0.0,0.0,0.0,0.0
70,Frutal,FRU_L2,Pepsi_Black,9,0.0,0.0,16477.21,0.0,0.0,16477.21
70,Frutal,FRU_L2,Pepsi_Black,10,0.0,0.0,0.0,0.0,0.0,0.0
70,Frutal,FRU_L2,Pepsi_Black,11,0.0,0.0,0.0,0.0,0.0,0.0
70,Frutal,FRU_L2,Pepsi_Black,12,0.0,0.0,0.0,0.0,0.0,0.0
70,Frutal,FRU_L2,Pepsi_Black,13,0.0,0.0,0.0,0.0,0.0,0.0
70,Frutal,FRU_L2,Pepsi_Black,14,0.0,0.0,0.0,0.0,0.0,0.0
70,Frutal,FRU_L2,Pepsi_Black,15,0.0,0.0,0.0,0.0,0.0,0.0
70,Frutal,FRU_L2,Guarana_Antarctica,1,0.0,0.0,0.0,0.0,0.0,0.0
70,Frutal,FRU_L2,Guarana_Antarctica,2,0.0,0.0,0.0,0.0,0.0,12691.91
70,Frutal,FRU_L2,Guarana_Antarctica,3,0.0,0.0,0.0,0.0,0.0,0.0
70,Frutal,FRU_L2,Guarana_Antarctica,4,0.0,0.0,0.0,0.0,0.0,0.0
70,Frutal,FRU_L2,Guarana_Antarctica,5,0.0,0.0,0.0,0.0,0.0,0.0
70,Frutal,FRU_L2,Guarana_Antarctica,6,0.0,0.0,0.0,0.0,0.0,0.0
70,Frutal,FRU_L2,Guarana_Antarctica,7,0.0,0.0,0.0,0.0,0.0,0.0
70,Frutal,FRU_L2,Guarana_Antarctica,8,0.0,0.0,0.0,0.0,0.0,0.0
70,Frutal,FRU_L2,Guarana_Antarctica,9,0.0,0.0,0.0,0.0,0.0,0.0
70,Frutal,FRU_L2,Guarana_Antarctica,10,0.0,0.0,0.0,0.0,0.0,0.0
70,Frutal,FRU_L2,Guarana_Antarctica,11,0.0,0.0,0.0,0.0,0.0,0.0
70,Frutal,FRU_L2,Guarana_Antarctica,12,0.0,0.0,0.0,0.0,0.0,0.0
70,Frutal,FRU_L2,Guarana_Antarctica,13,0.0,0.0,0.0,0.0,0.0,0.0
70,Frutal,FRU_L2,Guarana_Antarctica,14,0.0,0.0,0.0,0.0,0.0,0.0
70,Frutal,FRU_L2,Guarana_Antarctica,15,0.0,0.0,0.0,0.0,0.0,0.0
70,Frutal,FRU_L2,Amstel_Lata,1,0.0,0.0,0.0,0.0,13308.310000000001,0.0
70,Frutal,FRU_L2,Amstel_Lata,2,0.0,0.0,0.0,0.0,13932.070000000002,0.0
70,Frutal,FRU_L2,Amstel_Lata,3,0.0,0.0,0.0,0.0,12759.200000000004,0.0
70,Frutal,FRU_L2,Amstel_Lata,4,0.0,0.0,0.0,0.0,16949.029999999995,0.0
70,Frutal,FRU_L2,Amstel_Lata,5,0.0,0.0,0.0,0.0,8489.150000000003,0.0
70,Frutal,FRU_L2,Amstel_Lata,6,0.0,0.0,0.0,0.0,29771.47,8729.2
70,Frutal,FRU_L2,Amstel_Lata,7,0.0,0.0,5480.31,0.0,10512.33,5480.31
70,Frutal,FRU_L2,Amstel_Lata,8,0.0,0.0,0.0,0.0,0.0,0.0
70,Frutal,FRU_L2,Amstel_Lata,9,0.0,0.0,0.0,0.0,12297.07,0.0
70,Frutal,FRU_L2,Amstel_Lata,10,0.0,0.0,0.0,0.0,40248.0,0.0
70,Frutal,FRU_L2,Amstel_Lata,11,0.0,0.0,0.0,0.0,18161.640000000003,0.0
70,Frutal,FRU_L2,Amstel_Lata,12,0.0,0.0,0.0,0.0,0.0,0.0
70,Frutal,FRU_L2,Amstel_Lata,13,0.0,0.0,0.0,0.0,14826.74,0.0
70,Frutal,FRU_L2,Amstel_Lata,14,0.0,0.0,0.0,0.0,8748.32,0.0
70,Frutal,FRU_L2,Amstel_Lata,15,0.0,0.0,0.0,0.0,18008.470000000005,0.0
70,Frutal,FRU_L2,Del_Valle_Laranja,1,0.0,0.0,0.0,0.0,0.0,0.0
70,Frutal,FRU_L2,Del_Valle_Laranja,2,0.0,0.0,0.0,0.0,0.0,0.0
70,Frutal,FRU_L2,Del_Valle_Laranja,3,0.0,0.0,0.0,0.0,8291.75,16873.239999999998
70,Frutal,FRU_L2,Del_Valle_Laranja,4,0.0,0.0,0.0,0.0,0.0,0.0
70,Frutal,FRU_L2,Del_Valle_Laranja,5,0.0,0.0,0.0,0.0,4409.77,4409.77
70,Frutal,FRU_L2,Del_Valle_Laranja,6,0.0,0.0,0.0,0.0,0.0,0.0
70,Frutal,FRU_L2,Del_Valle_Laranja,7,0.0,0.0,0.0,0.0,0.0,0.0
70,Frutal,FRU_L2,Del_Valle_Laranja,8,0.0,0.0,0.0,0.0,0.0,0.0
70,Frutal,FRU_L2,Del_Valle_Laranja,9,0.0,0.0,0.0,0.0,0.0,0.0
70,Frutal,FRU_L2,Del_Valle_Laranja,10,0.0,0.0,0.0,0.0,0.0,0.0
70,Frutal,FRU_L2,Del_Valle_Laranja,11,0.0,0.0,0.0,0.0,0.0,0.0
70,Frutal,FRU_L2,Del_Valle_Laranja,12,0.0,0.0,0.0,0.0,0.0,7935.04
70,Frutal,FRU_L2,Del_Valle_Laranja,13,0.0,0.0,0.0,0.0,0.0,0.0
70,Frutal,FRU_L2,Del_Valle_Laranja,14,0.0,0.0,0.0,0.0,0.0,0.0
70,Frutal,FRU_L2,Del_Valle_Laranja,15,0.0,0.0,0.0,0.0,0.0,0.0
70,Frutal,FRU_L2,Fanta_Uva,1,0.0,0.0,0.0,0.0,0.0,0.0
70,Frutal,FRU_L2,Fanta_Uva,2,0.0,0.0,0.0,0.0,0.0,0.0
70,Frutal,FRU_L2,Fanta_Uva,3,0.0,0.0,0.0,0.0,0.0,0.0
70,Frutal,FRU_L2,Fanta_Uva,4,0.0,0.0,0.0,0.0,0.0,0.0
70,Frutal,FRU_L2,Fanta_Uva,5,0.0,0.0,0.0,0.0,2499.67,2499.67
70,Frutal,FRU_L2,Fanta_Uva,6,0.0,0.0,15933.83,0.0,0.0,15933.83
70,Frutal,FRU_L2,Fanta_Uva,7,0.0,0.0,0.0,0.0,0.0,0.0
70,Frutal,FRU_L2,Fanta_Uva,8,0.0,0.0,0.0,0.0,0.0,0.0
70,Frutal,FRU_L2,Fanta_Uva,9,0.0,0.0,0.0,0.0,0.0,0.0
70,Frutal,FRU_L2,Fanta_Uva,10,0.0,0.0,0.0,0.0,0.0,0.0
70,Frutal,FRU_L2,Fanta_Uva,11,0.0,0.0,0.0,0.0,0.0,0.0
70,Frutal,FRU_L2,Fanta_Uva,12,0.0,0.0,0.0,0.0,0.0,0.0
70,Frutal,FRU_L2,Fanta_Uva,13,0.0,0.0,0.0,0.0,0.0,0.0
70,Frutal,FRU_L2,Fanta_Uva,14,0.0,0.0,0.0,0.0,0.0,0.0
70,Frutal,FRU_L2,Fanta_Uva,15,0.0,0.0,0.0,0.0,0.0,0.0
70,Frutal,FRU_L2,Maguary_Maracuja,1,0.0,0.0,0.0,0.0,0.0,0.0
70,Frutal,FRU_L2,Maguary_Maracuja,2,0.0,0.0,0.0,0.0,0.0,14573.24
70,Frutal,FRU_L2,Maguary_Maracuja,3,0.0,0.0,0.0,0.0,0.0,0.0
70,Frutal,FRU_L2,Maguary_Maracuja,4,0.0,0.0,0.0,0.0,0.0,0.0
70,Frutal,FRU_L2,Maguary_Maracuja,5,0.0,0.0,0.0,0.0,0.0,0.0
70,Frutal,FRU_L2,Maguary_Maracuja,6,0.0,0.0,0.0,0.0,0.0,0.0
70,Frutal,FRU_L2,Maguary_Maracuja,7,0.0,0.0,0.0,0.0,0.0,0.0
70,Frutal,FRU_L2,Maguary_Maracuja,8,0.0,0.0,9889.7,0.0,0.0,35139.89
70,Frutal,FRU_L2,Maguary_Maracuja,9,0.0,0.0,0.0,0.0,0.0,27372.57
70,Frutal,FRU_L2,Maguary_Maracuja,10,0.0,0.0,0.0,0.0,0.0,0.0
70,Frutal,FRU_L2,Maguary_Maracuja,11,0.0,0.0,0.0,0.0,0.0,0.0
70,Frutal,FRU_L2,Maguary_Maracuja,12,0.0,0.0,0.0,0.0,0.0,0.0
70,Frutal,FRU_L2,Maguary_Maracuja,13,0.0,0.0,0.0,0.0,0.0,0.0
70,Frutal,FRU_L2,Maguary_Maracuja,14,0.0,0.0,0.0,0.0,0.0,7296.67
70,Frutal,FRU_L2,Maguary_Maracuja,15,0.0,0.0,0.0,0.0,0.0,0.0
70,Frutal,FRU_L2,Coca_Cola,1,0.0,0.0,0.0,0.0,0.0,11711.57
70,Frutal,FRU_L2,Coca_Cola,2,0.0,0.0,0.0,0.0,0.0,0.0
70,Frutal,FRU_L2,Coca_Cola,3,0.0,0.0,0.0,0.0,0.0,0.0
70,Frutal,FRU_L2,Coca_Cola,4,0.0,0.0,0.0,0.0,0.0,0.0
70,Frutal,FRU_L2,Coca_Cola,5,0.0,0.0,0.0,0.0,0.0,0.0
70,Frutal,FRU_L2,Coca_Cola,6,0.0,0.0,0.0,0.0,0.0,0.0
70,Frutal,FRU_L2,Coca_Cola,7,0.0,0.0,0.0,0.0,0.0,7854.94
70,Frutal,FRU_L2,Coca_Cola,8,0.0,0.0,11084.54,0.0,0.0,11084.54
70,Frutal,FRU_L2,Coca_Cola,9,0.0,0.0,0.0,0.0,0.0,0.0
70,Frutal,FRU_L2,Coca_Cola,10,0.0,0.0,0.0,0.0,0.0,4190.010000000002
70,Frutal,FRU_L2,Coca_Cola,11,0.0,0.0,0.0,0.0,0.0,24188.409999999996
70,Frutal,FRU_L2,Coca_Cola,12,0.0,0.0,0.0,0.0,0.0,0.0
70,Frutal,FRU_L2,Coca_Cola,13,0.0,0.0,0.0,0.0,0.0,0.0
70,Frutal,FRU_L2,Coca_Cola,14,0.0,0.0,16841.38,0.0,0.0,16841.38
70,Frutal,FRU_L2,Coca_Cola,15,0.0,0.0,0.0,0.0,0.0,0.0
70,Frutal,FRU_L2,H2OH_Limao,1,0.0,0.0,0.0,0.0,0.0,0.0
70,Frutal,FRU_L2,H2OH_Limao,2,0.0,0.0,0.0,0.0,0.0,15784.200000000008
70,Frutal,FRU_L2,H2OH_Limao,3,0.0,0.0,14254.58,0.0,15784.200000000008,14254.58
70,Frutal,FRU_L2,H2OH_Limao,4,0.0,0.0,0.0,0.0,0.0,0.0
70,Frutal,FRU_L2,H2OH_Limao,5,0.0,0.0,0.0,0.0,0.0,18901.84
70,Frutal,FRU_L2,H2OH_Limao,6,0.0,0.0,0.0,0.0,0.0,13176.480000000001
70,Frutal,FRU_L2,H2OH_Limao,7,0.0,0.0,0.0,0.0,13176.480000000001,0.0
70,Frutal,FRU_L2,H2OH_Limao,8,0.0,0.0,0.0,0.0,0.0,0.0
70,Frutal,FRU_L2,H2OH_Limao,9,0.0,0.0,0.0,0.0,0.0,7622.83
70,Frutal,FRU_L2,H2OH_Limao,10,0.0,0.0,0.0,0.0,0.0,0.0
70,Frutal,FRU_L2,H2OH_Limao,11,0.0,0.0,0.0,0.0,0.0,0.0
70,Frutal,FRU_L2,H2OH_Limao,12,0.0,0.0,0.0,0.0,0.0,0.0
70,Frutal,FRU_L2,H2OH_Limao,13,0.0,0.0,0.0,0.0,0.0,0.0
70,Frutal,FRU_L2,H2OH_Limao,14,0.0,0.0,0.0,0.0,0.0,38138.66
70,Frutal,FRU_L2,H2OH_Limao,15,0.0,0.0,0.0,0.0,38138.66,22899.37
70,Frutal,FRU_L2,Schweppes_Citrus,1,0.0,0.0,0.0,0.0,0.0,0.0
70,Frutal,FRU_L2,Schweppes_Citrus,2,0.0,0.0,0.0,0.0,0.0,0.0
70,Frutal,FRU_L2,Schweppes_Citrus,3,0.0,0.0,0.0,0.0,0.0,0.0
70,Frutal,FRU_L2,Schweppes_Citrus,4,0.0,0.0,0.0,0.0,0.0,0.0
70,Frutal,FRU_L2,Schweppes_Citrus,5,0.0,0.0,0.0,0.0,0.0,0.0
70,Frutal,FRU_L2,Schweppes_Citrus,6,0.0,0.0,0.0,0.0,0.0,0.0
70,Frutal,FRU_L2,Schweppes_Citrus,7,0.0,0.0,0.0,0.0,0.0,0.0
70,Frutal,FRU_L2,Schweppes_Citrus,8,0.0,0.0,0.0,0.0,0.0,0.0
70,Frutal,FRU_L2,Schweppes_Citrus,9,0.0,0.0,0.0,0.0,0.0,9623.11
70,Frutal,FRU_L2,Schweppes_Citrus,10,0.0,0.0,0.0,0.0,0.0,0.0
70,Frutal,FRU_L2,Schweppes_Citrus,11,0.0,0.0,0.0,0.0,0.0,0.0
70,Frutal,FRU_L2,Schweppes_Citrus,12,0.0,0.0,12770.89,0.0,0.0,12770.89
70,Frutal,FRU_L2,Schweppes_Citrus,13,0.0,0.0,0.0,0.0,0.0,0.0
70,Frutal,FRU_L2,Schweppes_Citrus,14,0.0,0.0,0.0,0.0,0.0,0.0
70,Frutal,FRU_L2,Schweppes_Citrus,15,0.0,0.0,0.0,0.0,0.0,0.0
70,Frutal,FRU_L2,Sprite,1,0.0,0.0,0.0,0.0,12718.43,12718.43
70,Frutal,FRU_L2,Sprite,2,0.0,0.0,0.0,0.0,0.0,0.0
70,Frutal,FRU_L2,Sprite,3,9787.550000000003,0.0,0.0,0.0,9787.550000000003,0.0
70,Frutal,FRU_L2,Sprite,4,0.0,0.0,0.0,0.0,0.0,27135.87
70,Frutal,FRU_L2,Sprite,5,0.0,0.0,4586.92,0.0,11127.6,15714.52
70,Frutal,FRU_L2,Sprite,6,0.0,0.0,10411.89,0.0,0.0,10411.89
70,Frutal,FRU_L2,Sprite,7,6363.510000000004,0.0,0.0,0.0,6363.510000000004,0.0
70,Frutal,FRU_L2,Sprite,8,0.0,0.0,0.0,0.0,0.0,0.0
70,Frutal,FRU_L2,Sprite,9,0.0,0.0,0.0,0.0,0.0,0.0
70,Frutal,FRU_L2,Sprite,10,0.0,0.0,0.0,0.0,0.0,0.0
70,Frutal,FRU_L2,Sprite,11,0.0,0.0,0.0,0.0,0.0,0.0
70,Frutal,FRU_L2,Sprite,12,0.0,0.0,0.0,0.0,0.0,0.0
70,Frutal,FRU_L2,Sprite,13,0.0,0.0,0.0,0.0,0.0,0.0
70,Frutal,FRU_L2,Sprite,14,0.0,0.0,0.0,0.0,0.0,0.0
70,Frutal,FRU_L2,Sprite,15,0.0,0.0,0.0,0.0,0.0,0.0
70,Frutal,FRU_L2,Del_Valle_Uva,1,0.0,0.0,0.0,0.0,0.0,0.0
70,Frutal,FRU_L2,Del_Valle_Uva,2,0.0,0.0,0.0,0.0,0.0,0.0
70,Frutal,FRU_L2,Del_Valle_Uva,3,0.0,0.0,0.0,0.0,0.0,0.0
70,Frutal,FRU_L2,Del_Valle_Uva,4,0.0,0.0,0.0,0.0,0.0,0.0
70,Frutal,FRU_L2,Del_Valle_Uva,5,0.0,0.0,0.0,0.0,0.0,0.0
70,Frutal,FRU_L2,Del_Valle_Uva,6,0.0,0.0,0.0,0.0,0.0,0.0
70,Frutal,FRU_L2,Del_Valle_Uva,7,0.0,0.0,0.0,0.0,0.0,0.0
70,Frutal,FRU_L2,Del_Valle_Uva,8,0.0,0.0,0.0,0.0,0.0,0.0
70,Frutal,FRU_L2,Del_Valle_Uva,9,0.0,0.0,0.0,0.0,0.0,0.0
70,Frutal,FRU_L2,Del_Valle_Uva,10,0.0,0.0,0.0,0.0,0.0,0.0
70,Frutal,FRU_L2,Del_Valle_Uva,11,0.0,3281.720000000003,0.0,0.0,0.0,3281.720000000003
70,Frutal,FRU_L2,Del_Valle_Uva,12,0.0,0.0,13528.15,0.0,0.0,10246.429999999997
70,Frutal,FRU_L2,Del_Valle_Uva,13,0.0,0.0,0.0,0.0,0.0,0.0
70,Frutal,FRU_L2,Del_Valle_Uva,14,0.0,0.0,0.0,0.0,0.0,1927.22
70,Frutal,FRU_L2,Del_Valle_Uva,15,0.0,0.0,0.0,0.0,0.0,0.0
70,Frutal,FRU_L2,Pepsi,1,0.0,0.0,0.0,0.0,11410.2,0.0
70,Frutal,FRU_L2,Pepsi,2,0.0,0.0,0.0,0.0,0.0,0.0
70,Frutal,FRU_L2,Pepsi,3,0.0,0.0,0.0,0.0,9048.8,0.0
70,Frutal,FRU_L2,Pepsi,4,0.0,0.0,0.0,0.0,40807.840000000004,0.0
70,Frutal,FRU_L2,Pepsi,5,0.0,0.0,0.0,0.0,27391.730000000007,24912.72
70,Frutal,FRU_L2,Pepsi,6,0.0,0.0,1019.42,0.0,0.0,1019.42
70,Frutal,FRU_L2,Pepsi,7,0.0,0.0,0.0,0.0,9175.409999999998,0.0
70,Frutal,FRU_L2,Pepsi,8,0.0,0.0,0.0,0.0,0.0,0.0
70,Frutal,FRU_L2,Pepsi,9,0.0,0.0,0.0,0.0,10902.980000000005,0.0
70,Frutal,FRU_L2,Pepsi,10,0.0,0.0,0.0,0.0,0.0,0.0
70,Frutal,FRU_L2,Pepsi,11,0.0,0.0,0.0,0.0,0.0,0.0
70,Frutal,FRU_L2,Pepsi,12,0.0,0.0,0.0,0.0,0.0,16790.25
70,Frutal,FRU_L2,Pepsi,13,0.0,0.0,11336.87,0.0,0.0,11336.87
70,Frutal,FRU_L2,Pepsi,14,0.0,0.0,0.0,0.0,0.0,0.0
70,Frutal,FRU_L2,Pepsi,15,0.0,0.0,0.0,0.0,0.0,6482.04
70,Frutal,FRU_L3,Fanta_Laranja,1,0.0,0.0,0.0,0.0,0.0,0.0
70,Frutal,FRU_L3,Fanta_Laranja,2,0.0,0.0,0.0,0.0,0.0,0.0
70,Frutal,FRU_L3,Fanta_Laranja,3,0.0,0.0,9323.5,0.0,0.0,9323.5
70,Frutal,FRU_L3,Fanta_Laranja,4,0.0,0.0,11262.93,0.0,0.0,11262.93
70,Frutal,FRU_L3,Fanta_Laranja,5,0.0,0.0,0.0,0.0,0.0,0.0
70,Frutal,FRU_L3,Fanta_Laranja,6,0.0,0.0,0.0,0.0,0.0,0.0
70,Frutal,FRU_L3,Fanta_Laranja,7,0.0,0.0,0.0,0.0,0.0,0.0
70,Frutal,FRU_L3,Fanta_Laranja,8,0.0,0.0,0.0,0.0,0.0,0.0
70,Frutal,FRU_L3,Fanta_Laranja,9,0.0,0.0,0.0,0.0,0.0,0.0
70,Frutal,FRU_L3,Fanta_Laranja,10,0.0,0.0,0.0,0.0,0.0,0.0
70,Frutal,FRU_L3,Fanta_Laranja,11,0.0,0.0,0.0,0.0,0.0,0.0
70,Frutal,FRU_L3,Fanta_Laranja,12,0.0,0.0,0.0,0.0,0.0,0.0
70,Frutal,FRU_L3,Fanta_Laranja,13,0.0,0.0,0.0,0.0,0.0,0.0
70,Frutal,FRU_L3,Fanta_Laranja,14,0.0,0.0,10874.49,0.0,0.0,10874.49
70,Frutal,FRU_L3,Fanta_Laranja,15,0.0,0.0,0.0,0.0,0.0,0.0
70,Frutal,FRU_L3,Itubaina,1,0.0,0.0,0.0,0.0,0.0,0.0
70,Frutal,FRU_L3,Itubaina,2,0.0,0.0,0.0,0.0,0.0,0.0
70,Frutal,FRU_L3,Itubaina,3,0.0,0.0,0.0,0.0,0.0,0.0
70,Frutal,FRU_L3,Itubaina,4,0.0,0.0,0.0,0.0,0.0,0.0
70,Frutal,FRU_L3,Itubaina,5,0.0,0.0,0.0,0.0,0.0,0.0
70,Frutal,FRU_L3,Itubaina,6,0.0,0.0,0.0,0.0,0.0,0.0
70,Frutal,FRU_L3,Itubaina,7,0.0,0.0,0.0,0.0,0.0,0.0
70,Frutal,FRU_L3,Itubaina,8,0.0,0.0,0.0,0.0,0.0,0.0
70,Frutal,FRU_L3,Itubaina,9,0.0,0.0,0.0,0.0,0.0,0.0
70,Frutal,FRU_L3,Itubaina,10,0.0,0.0,0.0,0.0,0.0,24972.22
70,Frutal,FRU_L3,Itubaina,11,0.0,0.0,0.0,0.0,0.0,0.0
70,Frutal,FRU_L3,Itubaina,12,0.0,0.0,0.0,0.0,0.0,0.0
70,Frutal,FRU_L3,Itubaina,13,0.0,0.0,0.0,0.0,0.0,0.0
70,Frutal,FRU_L3,Itubaina,14,0.0,0.0,0.0,0.0,0.0,0.0
70,Frutal,FRU_L3,Itubaina,15,0.0,0.0,0.0,0.0,0.0,0.0
70,Frutal,FRU_L3,Skol_Lata,1,0.0,0.0,0.0,0.0,0.0,27141.020000000004
70,Frutal,FRU_L3,Skol_Lata,2,0.0,0.0,0.0,0.0,0.0,0.0
70,Frutal,FRU_L3,Skol_Lata,3,0.0,0.0,0.0,0.0,0.0,6745.84
70,Frutal,FRU_L3,Skol_Lata,4,0.0,0.0,0.0,0.0,0.0,0.0
70,Frutal,FRU_L3,Skol_Lata,5,0.0,0.0,0.0,0.0,0.0,8659.4
70,Frutal,FRU_L3,Skol_Lata,6,0.0,0.0,0.0,0.0,0.0,0.0
70,Frutal,FRU_L3,Skol_Lata,7,0.0,0.0,0.0,0.0,0.0,0.0
70,Frutal,FRU_L3,Skol_Lata,8,0.0,0.0,0.0,0.0,0.0,0.0
70,Frutal,FRU_L3,Skol_Lata,9,0.0,0.0,0.0,0.0,0.0,0.0
70,Frutal,FRU_L3,Skol_Lata,10,0.0,0.0,0.0,0.0,0.0,0.0
70,Frutal,FRU_L3,Skol_Lata,11,0.0,0.0,0.0,0.0,0.0,23669.42
70,Frutal,FRU_L3,Skol_Lata,12,0.0,0.0,10692.14,0.0,0.0,10692.14
70,Frutal,FRU_L3,Skol_Lata,13,0.0,0.0,0.0,0.0,0.0,0.0
70,Frutal,FRU_L3,Skol_Lata,14,0.0,0.0,0.0,0.0,0.0,0.0
70,Frutal,FRU_L3,Skol_Lata,15,0.0,0.0,0.0,0.0,0.0,0.0
70,Frutal,FRU_L3,Heineken_Lata,1,0.0,0.0,0.0,0.0,0.0,0.0
70,Frutal,FRU_L3,Heineken_Lata,2,0.0,0.0,0.0,0.0,0.0,0.0
70,Frutal,FRU_L3,Heineken_Lata,3,0.0,0.0,0.0,0.0,0.0,0.0
70,Frutal,FRU_L3,Heineken_Lata,4,0.0,0.0,0.0,0.0,0.0,0.0
70,Frutal,FRU_L3,Heineken_Lata,5,0.0,0.0,0.0,0.0,0.0,0.0
70,Frutal,FRU_L3,Heineken_Lata,6,0.0,0.0,0.0,0.0,0.0,0.0
70,Frutal,FRU_L3,Heineken_Lata,7,0.0,0.0,0.0,0.0,0.0,0.0
70,Frutal,FRU_L3,Heineken_Lata,8,0.0,0.0,0.0,0.0,0.0,0.0
70,Frutal,FRU_L3,Heineken_Lata,9,0.0,0.0,0.0,0.0,0.0,0.0
70,Frutal,FRU_L3,Heineken_Lata,10,0.0,0.0,0.0,0.0,0.0,0.0
70,Frutal,FRU_L3,Heineken_Lata,11,0.0,0.0,0.0,0.0,0.0,0.0
70,Frutal,FRU_L3,Heineken_Lata,12,0.0,0.0,0.0,0.0,0.0,0.0
70,Frutal,FRU_L3,Heineken_Lata,13,0.0,0.0,0.0,0.0,0.0,0.0
70,Frutal,FRU_L3,Heineken_Lata,14,0.0,0.0,0.0,0.0,0.0,11521.65
70,Frutal,FRU_L3,Heineken_Lata,15,0.0,0.0,1345.82,0.0,0.0,1345.82
70,Frutal,FRU_L3,Coca_Cola_Zero,1,0.0,0.0,0.0,0.0,0.0,0.0
70,Frutal,FRU_L3,Coca_Cola_Zero,2,0.0,0.0,0.0,0.0,0.0,0.0
70,Frutal,FRU_L3,Coca_Cola_Zero,3,0.0,0.0,0.0,0.0,0.0,0.0
70,Frutal,FRU_L3,Coca_Cola_Zero,4,0.0,0.0,9192.86,0.0,0.0,9192.86
70,Frutal,FRU_L3,Coca_Cola_Zero,5,0.0,0.0,0.0,0.0,0.0,0.0
70,Frutal,FRU_L3,Coca_Cola_Zero,6,0.0,0.0,0.0,0.0,0.0,0.0
70,Frutal,FRU_L3,Coca_Cola_Zero,7,0.0,0.0,0.0,0.0,0.0,0.0
70,Frutal,FRU_L3,Coca_Cola_Zero,8,0.0,0.0,0.0,0.0,0.0,5265.0
70,Frutal,FRU_L3,Coca_Cola_Zero,9,0.0,0.0,0.0,0.0,0.0,0.0
70,Frutal,FRU_L3,Coca_Cola_Zero,10,0.0,0.0,0.0,0.0,0.0,0.0
70,Frutal,FRU_L3,Coca_Cola_Zero,11,0.0,0.0,0.0,0.0,0.0,0.0
70,Frutal,FRU_L3,Coca_Cola_Zero,12,0.0,0.0,0.0,0.0,0.0,10075.79
70,Frutal,FRU_L3,Coca_Cola_Zero,13,0.0,0.0,0.0,0.0,0.0,0.0
70,Frutal,FRU_L3,Coca_Cola_Zero,14,0.0,0.0,0.0,0.0,0.0,0.0
70,Frutal,FRU_L3,Coca_Cola_Zero,15,0.0,0.0,0.0,0.0,0.0,0.0
70,Frutal,FRU_L3,Antarctica_Lata,1,0.0,0.0,0.0,0.0,0.0,0.0
70,Frutal,FRU_L3,Antarctica_Lata,2,0.0,0.0,26424.16,0.0,0.0,26424.16
70,Frutal,FRU_L3,Antarctica_Lata,3,0.0,0.0,0.0,0.0,0.0,0.0
70,Frutal,FRU_L3,Antarctica_Lata,4,0.0,0.0,0.0,0.0,0.0,0.0
70,Frutal,FRU_L3,Antarctica_Lata,5,0.0,0.0,0.0,0.0,0.0,0.0
70,Frutal,FRU_L3,Antarctica_Lata,6,0.0,0.0,0.0,0.0,0.0,0.0
70,Frutal,FRU_L3,Antarctica_Lata,7,0.0,0.0,8903.85,0.0,0.0,8903.85
70,Frutal,FRU_L3,Antarctica_Lata,8,0.0,0.0,0.0,0.0,0.0,0.0
70,Frutal,FRU_L3,Antarctica_Lata,9,0.0,0.0,0.0,0.0,0.0,0.0
70,Frutal,FRU_L3,Antarctica_Lata,10,0.0,0.0,0.0,0.0,0.0,0.0
70,Frutal,FRU_L3,Antarctica_Lata,11,0.0,0.0,0.0,0.0,0.0,0.0
70,Frutal,FRU_L3,Antarctica_Lata,12,0.0,0.0,0.0,0.0,0.0,0.0
70,Frutal,FRU_L3,Antarctica_Lata,13,0.0,0.0,0.0,0.0,0.0,11470.97
70,Frutal,FRU_L3,Antarctica_Lata,14,0.0,0.0,0.0,0.0,0.0,0.0
70,Frutal,FRU_L3,Antarctica_Lata,15,0.0,0.0,0.0,0.0,0.0,0.0
70,Frutal,FRU_L3,Spaten_Lata,1,0.0,0.0,0.0,0.0,0.0,0.0
70,Frutal,FRU_L3,Spaten_Lata,2,0.0,0.0,0.0,0.0,0.0,0.0
70,Frutal,FRU_L3,Spaten_Lata,3,0.0,0.0,0.0,0.0,0.0,0.0
70,Frutal,FRU_L3,Spaten_Lata,4,0.0,0.0,0.0,0.0,0.0,0.0
70,Frutal,FRU_L3,Spaten_Lata,5,0.0,0.0,0.0,0.0,0.0,0.0
70,Frutal,FRU_L3,Spaten_Lata,6,0.0,0.0,0.0,0.0,0.0,0.0
70,Frutal,FRU_L3,Spaten_Lata,7,0.0,0.0,0.0,0.0,0.0,25285.57
70,Frutal,FRU_L3,Spaten_Lata,8,0.0,0.0,0.0,0.0,0.0,0.0
70,Frutal,FRU_L3,Spaten_Lata,9,0.0,0.0,0.0,0.0,0.0,0.0
70,Frutal,FRU_L3,Spaten_Lata,10,0.0,0.0,15772.14,0.0,0.0,15772.14
70,Frutal,FRU_L3,Spaten_Lata,11,0.0,0.0,0.0,0.0,0.0,0.0
70,Frutal,FRU_L3,Spaten_Lata,12,0.0,0.0,0.0,0.0,0.0,0.0
70,Frutal,FRU_L3,Spaten_Lata,13,0.0,0.0,0.0,0.0,0.0,0.0
70,Frutal,FRU_L3,Spaten_Lata,14,0.0,0.0,0.0,0.0,0.0,0.0
70,Frutal,FRU_L3,Spaten_Lata,15,0.0,0.0,0.0,0.0,0.0,0.0
70,Frutal,FRU_L3,Maguary_Caju,1,0.0,0.0,0.0,0.0,38976.0,0.0
70,Frutal,FRU_L3,Maguary_Caju,2,0.0,0.0,0.0,0.0,0.0,0.0
70,Frutal,FRU_L3,Maguary_Caju,3,0.0,0.0,9520.5,0.0,0.0,12061.46
70,Frutal,FRU_L3,Maguary_Caju,4,0.0,0.0,0.0,0.0,0.0,0.0
70,Frutal,FRU_L3,Maguary_Caju,5,0.0,0.0,0.0,0.0,36072.0,0.0
70,Frutal,FRU_L3,Maguary_Caju,6,0.0,0.0,0.0,0.0,39720.0,0.0
70,Frutal,FRU_L3,Maguary_Caju,7,0.0,0.0,0.0,0.0,0.0,0.0
70,Frutal,FRU_L3,Maguary_Caju,8,0.0,0.0,0.0,0.0,6240.940000000002,0.0
70,Frutal,FRU_L3,Maguary_Caju,9,0.0,0.0,0.0,0.0,258.0799999999999,0.0
70,Frutal,FRU_L3,Maguary_Caju,10,0.0,0.0,0.0,0.0,0.0,0.0
70,Frutal,FRU_L3,Maguary_Caju,11,0.0,0.0,0.0,0.0,0.0,0.0
70,Frutal,FRU_L3,Maguary_Caju,12,0.0,0.0,8568.11,0.0,0.0,8568.11
70,Frutal,FRU_L3,Maguary_Caju,13,0.0,0.0,0.0,0.0,0.0,19410.84
70,Frutal,FRU_L3,Maguary_Caju,14,0.0,0.0,0.0,0.0,0.0,9556.57
70,Frutal,FRU_L3,Maguary_Caju,15,0.0,0.0,0.0,0.0,0.0,0.0
70,Frutal,FRU_L3,Del_Valle_Pessego,1,0.0,0.0,0.0,0.0,0.0,0.0
70,Frutal,FRU_L3,Del_Valle_Pessego,2,0.0,0.0,0.0,0.0,0.0,0.0
70,Frutal,FRU_L3,Del_Valle_Pessego,3,0.0,0.0,0.0,0.0,0.0,27879.47
70,Frutal,FRU_L3,Del_Valle_Pessego,4,0.0,0.0,0.0,0.0,0.0,0.0
70,Frutal,FRU_L3,Del_Valle_Pessego,5,0.0,0.0,0.0,0.0,0.0,0.0
70,Frutal,FRU_L3,Del_Valle_Pessego,6,0.0,0.0,0.0,0.0,0.0,0.0
70,Frutal,FRU_L3,Del_Valle_Pessego,7,0.0,0.0,0.0,0.0,0.0,0.0
70,Frutal,FRU_L3,Del_Valle_Pessego,8,0.0,0.0,0.0,0.0,0.0,0.0
70,Frutal,FRU_L3,Del_Valle_Pessego,9,0.0,0.0,0.0,0.0,0.0,0.0
70,Frutal,FRU_L3,Del_Valle_Pessego,10,0.0,0.0,0.0,0.0,0.0,0.0
70,Frutal,FRU_L3,Del_Valle_Pessego,11,0.0,0.0,0.0,0.0,0.0,0.0
70,Frutal,FRU_L3,Del_Valle_Pessego,12,0.0,0.0,0.0,0.0,0.0,0.0
70,Frutal,FRU_L3,Del_Valle_Pessego,13,0.0,0.0,0.0,0.0,0.0,0.0
70,Frutal,FRU_L3,Del_Valle_Pessego,14,0.0,0.0,0.0,0.0,0.0,0.0
70,Frutal,FRU_L3,Del_Valle_Pessego,15,0.0,0.0,0.0,0.0,0.0,23051.28
70,Frutal,FRU_L3,Stella_Artois_Pure_Gold,1,0.0,0.0,0.0,0.0,0.0,0.0
70,Frutal,FRU_L3,Stella_Artois_Pure_Gold,2,0.0,0.0,0.0,0.0,0.0,0.0
70,Frutal,FRU_L3,Stella_Artois_Pure_Gold,3,0.0,0.0,0.0,0.0,0.0,0.0
70,Frutal,FRU_L3,Stella_Artois_Pure_Gold,4,0.0,0.0,0.0,0.0,0.0,0.0
70,Frutal,FRU_L3,Stella_Artois_Pure_Gold,5,0.0,0.0,0.0,0.0,0.0,21410.36
70,Frutal,FRU_L3,Stella_Artois_Pure_Gold,6,0.0,0.0,0.0,0.0,0.0,0.0
70,Frutal,FRU_L3,Stella_Artois_Pure_Gold,7,0.0,0.0,0.0,0.0,0.0,0.0
70,Frutal,FRU_L3,Stella_Artois_Pure_Gold,8,0.0,0.0,25371.75,0.0,0.0,25371.75
70,Frutal,FRU_L3,Stella_Artois_Pure_Gold,9,0.0,0.0,0.0,0.0,0.0,8621.61
70,Frutal,FRU_L3,Stella_Artois_Pure_Gold,10,0.0,0.0,0.0,0.0,0.0,0.0
70,Frutal,FRU_L3,Stella_Artois_Pure_Gold,11,0.0,0.0,0.0,0.0,0.0,26271.190000000002
70,Frutal,FRU_L3,Stella_Artois_Pure_Gold,12,0.0,0.0,0.0,0.0,0.0,0.0
70,Frutal,FRU_L3,Stella_Artois_Pure_Gold,13,0.0,0.0,0.0,0.0,0.0,0.0
70,Frutal,FRU_L3,Stella_Artois_Pure_Gold,14,0.0,0.0,11900.25,0.0,0.0,19808.66
70,Frutal,FRU_L3,Stella_Artois_Pure_Gold,15,0.0,0.0,0.0,0.0,0.0,0.0
70,Frutal,FRU_L3,Sprite_Zero,1,0.0,0.0,0.0,0.0,0.0,0.0
70,Frutal,FRU_L3,Sprite_Zero,2,0.0,0.0,0.0,0.0,0.0,0.0
70,Frutal,FRU_L3,Sprite_Zero,3,0.0,0.0,0.0,0.0,0.0,0.0
70,Frutal,FRU_L3,Sprite_Zero,4,0.0,0.0,0.0,0.0,0.0,0.0
70,Frutal,FRU_L3,Sprite_Zero,5,0.0,0.0,0.0,0.0,0.0,0.0
70,Frutal,FRU_L3,Sprite_Zero,6,0.0,0.0,0.0,0.0,0.0,0.0
70,Frutal,FRU_L3,Sprite_Zero,7,0.0,0.0,0.0,0.0,0.0,0.0
70,Frutal,FRU_L3,Sprite_Zero,8,0.0,0.0,0.0,0.0,0.0,0.0
70,Frutal,FRU_L3,Sprite_Zero,9,0.0,0.0,0.0,0.0,0.0,0.0
70,Frutal,FRU_L3,Sprite_Zero,10,0.0,0.0,0.0,0.0,0.0,0.0
70,Frutal,FRU_L3,Sprite_Zero,11,0.0,0.0,0.0,0.0,0.0,0.0
70,Frutal,FRU_L3,Sprite_Zero,12,0.0,0.0,0.0,0.0,0.0,0.0
70,Frutal,FRU_L3,Sprite_Zero,13,0.0,0.0,26674.34,0.0,0.0,26674.34
70,Frutal,FRU_L3,Sprite_Zero,14,0.0,0.0,0.0,0.0,0.0,0.0
70,Frutal,FRU_L3,Sprite_Zero,15,0.0,0.0,0.0,0.0,0.0,0.0
70,Frutal,FRU_L3,Kuat,1,0.0,0.0,0.0,0.0,0.0,0.0
70,Frutal,FRU_L3,Kuat,2,0.0,0.0,0.0,0.0,0.0,0.0
70,Frutal,FRU_L3,Kuat,3,0.0,0.0,0.0,0.0,0.0,0.0
70,Frutal,FRU_L3,Kuat,4,0.0,0.0,0.0,0.0,0.0,13117.669999999993
70,Frutal,FRU_L3,Kuat,5,0.0,0.0,0.0,0.0,0.0,3078.8800000000047
70,Frutal,FRU_L3,Kuat,6,0.0,0.0,0.0,0.0,16196.549999999997,0.0
70,Frutal,FRU_L3,Kuat,7,0.0,0.0,0.0,0.0,0.0,19250.75
70,Frutal,FRU_L3,Kuat,8,0.0,0.0,0.0,0.0,0.0,2743.2099999999937
70,Frutal,FRU_L3,Kuat,9,0.0,0.0,0.0,0.0,0.0,7706.200000000006
70,Frutal,FRU_L3,Kuat,10,0.0,0.0,0.0,0.0,0.0,0.0
70,Frutal,FRU_L3,Kuat,11,0.0,0.0,0.0,0.0,0.0,0.0
70,Frutal,FRU_L3,Kuat,12,0.0,0.0,0.0,0.0,0.0,0.0
70,Frutal,FRU_L3,Kuat,13,0.0,0.0,0.0,0.0,0.0,0.0
70,Frutal,FRU_L3,Kuat,14,0.0,0.0,0.0,0.0,0.0,0.0
70,Frutal,FRU_L3,Kuat,15,0.0,0.0,0.0,0.0,0.0,1500.29
70,Frutal,FRU_L3,Sukita_Laranja,1,0.0,0.0,0.0,0.0,0.0,0.0
70,Frutal,FRU_L3,Sukita_Laranja,2,26099.93,0.0,0.0,0.0,26099.93,0.0
70,Frutal,FRU_L3,Sukita_Laranja,3,27872.8,0.0,0.0,0.0,27872.8,0.0
70,Frutal,FRU_L3,Sukita_Laranja,4,18107.13,0.0,0.0,0.0,18107.13,0.0
70,Frutal,FRU_L3,Sukita_Laranja,5,28422.85,0.0,0.0,0.0,28422.85,0.0
70,Frutal,FRU_L3,Sukita_Laranja,6,10140.53,0.0,0.0,0.0,10140.53,0.0
70,Frutal,FRU_L3,Sukita_Laranja,7,16996.34,0.0,0.0,0.0,16996.34,0.0
70,Frutal,FRU_L3,Sukita_Laranja,8,36912.0,0.0,0.0,0.0,36912.0,0.0
70,Frutal,FRU_L3,Sukita_Laranja,9,26366.93,0.0,0.0,0.0,26366.93,0.0
70,Frutal,FRU_L3,Sukita_Laranja,10,0.0,0.0,0.0,0.0,0.0,0.0
70,Frutal,FRU_L3,Sukita_Laranja,11,21246.359999999997,0.0,0.0,0.0,21246.359999999997,0.0
70,Frutal,FRU_L3,Sukita_Laranja,12,36360.0,0.0,0.0,0.0,36360.0,0.0
70,Frutal,FRU_L3,Sukita_Laranja,13,23021.260000000002,0.0,0.0,0.0,23021.260000000002,0.0
70,Frutal,FRU_L3,Sukita_Laranja,14,24995.68,12170.06,0.0,0.0,12825.62,0.0
70,Frutal,FRU_L3,Sukita_Laranja,15,4220.039999999999,0.0,8330.51,0.0,8059.59,0.0
70,Frutal,FRU_L3,Budweiser_Lata,1,0.0,0.0,0.0,0.0,0.0,0.0
70,Frutal,FRU_L3,Budweiser_Lata,2,0.0,0.0,0.0,0.0,0.0,28101.26
70,Frutal,FRU_L3,Budweiser_Lata,3,0.0,0.0,0.0,0.0,0.0,0.0
70,Frutal,FRU_L3,Budweiser_Lata,4,0.0,0.0,0.0,0.0,0.0,0.0
70,Frutal,FRU_L3,Budweiser_Lata,5,0.0,0.0,0.0,0.0,0.0,0.0
70,Frutal,FRU_L3,Budweiser_Lata,6,0.0,0.0,0.0,0.0,0.0,0.0
70,Frutal,FRU_L3,Budweiser_Lata,7,0.0,3372.2700000000004,0.0,0.0,0.0,3372.2700000000004
70,Frutal,FRU_L3,Budweiser_Lata,8,0.0,23596.950000000008,0.0,0.0,0.0,20224.680000000008
70,Frutal,FRU_L3,Budweiser_Lata,9,0.0,14570.41,0.0,0.0,9026.540000000008,0.0
70,Frutal,FRU_L3,Budweiser_Lata,10,0.0,3.470000000001164,0.0,0.0,14566.939999999999,0.0
70,Frutal,FRU_L3,Budweiser_Lata,11,0.0,0.0,0.0,0.0,3.470000000001164,0.0
70,Frutal,FRU_L3,Budweiser_Lata,12,0.0,1119.619999999999,0.0,0.0,0.0,1119.619999999999
70,Frutal,FRU_L3,Budweiser_Lata,13,0.0,0.0,0.0,0.0,1119.619999999999,0.0
70,Frutal,FRU_L3,Budweiser_Lata,14,0.0,9306.7,0.0,0.0,0.0,9306.7
70,Frutal,FRU_L3,Budweiser_Lata,15,0.0,0.0,0.0,0.0,9306.7,0.0
70,Frutal,FRU_L3,Guarana_Antarctica_Zero,1,0.0,0.0,0.0,0.0,25493.9,0.0
70,Frutal,FRU_L3,Guarana_Antarctica_Zero,2,0.0,0.0,0.0,0.0,39720.0,0.0
70,Frutal,FRU_L3,Guarana_Antarctica_Zero,3,0.0,0.0,0.0,0.0,5995.07,0.0
70,Frutal,FRU_L3,Guarana_Antarctica_Zero,4,0.0,0.0,0.0,0.0,0.0,0.0
70,Frutal,FRU_L3,Guarana_Antarctica_Zero,5,0.0,0.0,0.0,0.0,12880.269999999997,0.0
70,Frutal,FRU_L3,Guarana_Antarctica_Zero,6,0.0,0.0,0.0,0.0,37656.0,0.0
70,Frutal,FRU_L3,Guarana_Antarctica_Zero,7,0.0,0.0,0.0,0.0,26872.59,0.0
70,Frutal,FRU_L3,Guarana_Antarctica_Zero,8,0.0,0.0,0.0,0.0,0.0,0.0
70,Frutal,FRU_L3,Guarana_Antarctica_Zero,9,0.0,0.0,0.0,0.0,26561.019999999997,0.0
70,Frutal,FRU_L3,Guarana_Antarctica_Zero,10,0.0,0.0,0.0,0.0,29034.22,0.0
70,Frutal,FRU_L3,Guarana_Antarctica_Zero,11,0.0,0.0,0.0,0.0,38448.0,0.0
70,Frutal,FRU_L3,Guarana_Antarctica_Zero,12,0.0,0.0,0.0,0.0,39384.0,0.0
70,Frutal,FRU_L3,Guarana_Antarctica_Zero,13,0.0,0.0,0.0,0.0,0.0,0.0
70,Frutal,FRU_L3,Guarana_Antarctica_Zero,14,0.0,0.0,0.0,0.0,13174.98,0.0
70,Frutal,FRU_L3,Guarana_Antarctica_Zero,15,0.0,0.0,0.0,0.0,4813.51,0.0
70,Frutal,FRU_L3,Itaipava_Lata,1,0.0,0.0,0.0,0.0,0.0,0.0
70,Frutal,FRU_L3,Itaipava_Lata,2,0.0,0.0,0.0,0.0,0.0,0.0
70,Frutal,FRU_L3,Itaipava_Lata,3,0.0,0.0,0.0,0.0,0.0,0.0
70,Frutal,FRU_L3,Itaipava_Lata,4,0.0,0.0,0.0,0.0,0.0,0.0
70,Frutal,FRU_L3,Itaipava_Lata,5,0.0,0.0,0.0,0.0,0.0,0.0
70,Frutal,FRU_L3,Itaipava_Lata,6,0.0,0.0,29678.04,0.0,0.0,29678.04
70,Frutal,FRU_L3,Itaipava_Lata,7,0.0,0.0,0.0,0.0,0.0,0.0
70,Frutal,FRU_L3,Itaipava_Lata,8,0.0,0.0,0.0,0.0,0.0,0.0
70,Frutal,FRU_L3,Itaipava_Lata,9,0.0,0.0,0.0,0.0,0.0,0.0
70,Frutal,FRU_L3,Itaipava_Lata,10,0.0,0.0,0.0,0.0,0.0,29496.42
70,Frutal,FRU_L3,Itaipava_Lata,11,0.0,0.0,0.0,0.0,0.0,8055.14
70,Frutal,FRU_L3,Itaipava_Lata,12,0.0,0.0,0.0,0.0,0.0,0.0
70,Frutal,FRU_L3,Itaipava_Lata,13,0.0,0.0,0.0,0.0,0.0,9341.23
70,Frutal,FRU_L3,Itaipava_Lata,14,0.0,0.0,0.0,0.0,0.0,0.0
70,Frutal,FRU_L3,Itaipava_Lata,15,0.0,0.0,0.0,0.0,0.0,0.0
70,Frutal,FRU_L3,Brahma_Lata,1,0.0,0.0,0.0,0.0,0.0,0.0
70,Frutal,FRU_L3,Brahma_Lata,2,0.0,0.0,0.0,0.0,1000.9399999999871,1000.9399999999871
70,Frutal,FRU_L3,Brahma_Lata,3,0.0,0.0,0.0,0.0,0.0,0.0
70,Frutal,FRU_L3,Brahma_Lata,4,0.0,0.0,0.0,0.0,0.0,26752.17
70,Frutal,FRU_L3,Brahma_Lata,5,0.0,0.0,0.0,0.0,14791.28999999999,14791.28999999999
70,Frutal,FRU_L3,Brahma_Lata,6,0.0,0.0,0.0,0.0,2899.2899999999972,19802.239999999998
70,Frutal,FRU_L3,Brahma_Lata,7,0.0,0.0,0.0,0.0,0.0,0.0
70,Frutal,FRU_L3,Brahma_Lata,8,0.0,0.0,0.0,0.0,0.0,0.0
70,Frutal,FRU_L3,Brahma_Lata,9,0.0,0.0,0.0,0.0,3469.1,3469.1
70,Frutal,FRU_L3,Brahma_Lata,10,0.0,0.0,6416.2,0.0,0.0,6416.2
70,Frutal,FRU_L3,Brahma_Lata,11,0.0,0.0,0.0,0.0,0.0,0.0
70,Frutal,FRU_L3,Brahma_Lata,12,0.0,0.0,0.0,0.0,0.0,0.0
70,Frutal,FRU_L3,Brahma_Lata,13,0.0,0.0,0.0,0.0,0.0,0.0
70,Frutal,FRU_L3,Brahma_Lata,14,0.0,0.0,0.0,0.0,0.0,0.0
70,Frutal,FRU_L3,Brahma_Lata,15,0.0,0.0,0.0,0.0,0.0,0.0
70,Frutal,FRU_L3,Eisenbahn_Pilsen,1,0.0,0.0,25507.22,0.0,0.0,25507.22
70,Frutal,FRU_L3,Eisenbahn_Pilsen,2,0.0,0.0,0.0,0.0,0.0,0.0
70,Frutal,FRU_L3,Eisenbahn_Pilsen,3,0.0,0.0,0.0,0.0,0.0,0.0
70,Frutal,FRU_L3,Eisenbahn_Pilsen,4,0.0,0.0,0.0,0.0,0.0,0.0
70,Frutal,FRU_L3,Eisenbahn_Pilsen,5,0.0,0.0,0.0,0.0,0.0,0.0
70,Frutal,FRU_L3,Eisenbahn_Pilsen,6,0.0,0.0,0.0,0.0,0.0,0.0
70,Frutal,FRU_L3,Eisenbahn_Pilsen,7,0.0,0.0,0.0,0.0,0.0,0.0
70,Frutal,FRU_L3,Eisenbahn_Pilsen,8,0.0,0.0,0.0,0.0,0.0,0.0
70,Frutal,FRU_L3,Eisenbahn_Pilsen,9,0.0,0.0,0.0,0.0,0.0,0.0
70,Frutal,FRU_L3,Eisenbahn_Pilsen,10,0.0,0.0,6588.46,0.0,0.0,6588.46
70,Frutal,FRU_L3,Eisenbahn_Pilsen,11,0.0,0.0,0.0,0.0,0.0,0.0
70,Frutal,FRU_L3,Eisenbahn_Pilsen,12,0.0,0.0,0.0,0.0,0.0,0.0
70,Frutal,FRU_L3,Eisenbahn_Pilsen,13,0.0,0.0,0.0,0.0,0.0,0.0
70,Frutal,FRU_L3,Eisenbahn_Pilsen,14,0.0,0.0,0.0,0.0,0.0,0.0
70,Frutal,FRU_L3,Eisenbahn_Pilsen,15,0.0,0.0,0.0,0.0,0.0,0.0
70,Frutal,FRU_L3,Pepsi_Black,1,0.0,0.0,0.0,0.0,0.0,0.0
70,Frutal,FRU_L3,Pepsi_Black,2,0.0,0.0,0.0,0.0,0.0,0.0
70,Frutal,FRU_L3,Pepsi_Black,3,0.0,0.0,0.0,0.0,0.0,0.0
70,Frutal,FRU_L3,Pepsi_Black,4,0.0,0.0,4797.24,0.0,0.0,4797.24
70,Frutal,FRU_L3,Pepsi_Black,5,0.0,0.0,0.0,0.0,0.0,0.0
70,Frutal,FRU_L3,Pepsi_Black,6,0.0,0.0,0.0,0.0,0.0,0.0
70,Frutal,FRU_L3,Pepsi_Black,7,0.0,0.0,0.0,0.0,0.0,0.0
70,Frutal,FRU_L3,Pepsi_Black,8,0.0,0.0,0.0,0.0,0.0,0.0
70,Frutal,FRU_L3,Pepsi_Black,9,0.0,0.0,0.0,0.0,0.0,16477.21
70,Frutal,FRU_L3,Pepsi_Black,10,0.0,0.0,0.0,0.0,0.0,0.0
70,Frutal,FRU_L3,Pepsi_Black,11,0.0,0.0,0.0,0.0,0.0,0.0
70,Frutal,FRU_L3,Pepsi_Black,12,0.0,0.0,0.0,0.0,0.0,0.0
70,Frutal,FRU_L3,Pepsi_Black,13,0.0,0.0,0.0,0.0,0.0,0.0
70,Frutal,FRU_L3,Pepsi_Black,14,0.0,0.0,0.0,0.0,0.0,0.0
70,Frutal,FRU_L3,Pepsi_Black,15,0.0,0.0,0.0,0.0,0.0,0.0
70,Frutal,FRU_L3,Guarana_Antarctica,1,0.0,0.0,0.0,0.0,0.0,0.0
70,Frutal,FRU_L3,Guarana_Antarctica,2,0.0,0.0,0.0,0.0,0.0,12691.91
70,Frutal,FRU_L3,Guarana_Antarctica,3,0.0,0.0,0.0,0.0,0.0,0.0
70,Frutal,FRU_L3,Guarana_Antarctica,4,0.0,0.0,0.0,0.0,0.0,0.0
70,Frutal,FRU_L3,Guarana_Antarctica,5,0.0,0.0,0.0,0.0,0.0,0.0
70,Frutal,FRU_L3,Guarana_Antarctica,6,0.0,0.0,0.0,0.0,0.0,0.0
70,Frutal,FRU_L3,Guarana_Antarctica,7,0.0,0.0,0.0,0.0,0.0,0.0
70,Frutal,FRU_L3,Guarana_Antarctica,8,0.0,0.0,0.0,0.0,0.0,0.0
70,Frutal,FRU_L3,Guarana_Antarctica,9,0.0,0.0,0.0,0.0,0.0,0.0
70,Frutal,FRU_L3,Guarana_Antarctica,10,0.0,0.0,0.0,0.0,0.0,0.0
70,Frutal,FRU_L3,Guarana_Antarctica,11,0.0,0.0,0.0,0.0,0.0,0.0
70,Frutal,FRU_L3,Guarana_Antarctica,12,0.0,0.0,0.0,0.0,0.0,0.0
70,Frutal,FRU_L3,Guarana_Antarctica,13,0.0,0.0,0.0,0.0,0.0,0.0
70,Frutal,FRU_L3,Guarana_Antarctica,14,0.0,0.0,0.0,0.0,0.0,0.0
70,Frutal,FRU_L3,Guarana_Antarctica,15,0.0,0.0,0.0,0.0,0.0,0.0
70,Frutal,FRU_L3,Amstel_Lata,1,13308.310000000001,0.0,0.0,0.0,13308.310000000001,0.0
70,Frutal,FRU_L3,Amstel_Lata,2,13932.070000000002,0.0,0.0,0.0,13932.070000000002,0.0
70,Frutal,FRU_L3,Amstel_Lata,3,12759.200000000004,0.0,0.0,0.0,12759.200000000004,0.0
70,Frutal,FRU_L3,Amstel_Lata,4,16949.029999999995,0.0,0.0,0.0,16949.029999999995,0.0
70,Frutal,FRU_L3,Amstel_Lata,5,8489.150000000003,0.0,0.0,0.0,8489.150000000003,0.0
70,Frutal,FRU_L3,Amstel_Lata,6,29771.469999999998,0.0,0.0,0.0,29771.47,8729.2
70,Frutal,FRU_L3,Amstel_Lata,7,20467.660000000003,0.0,9955.33,0.0,10512.33,5480.31
70,Frutal,FRU_L3,Amstel_Lata,8,0.0,0.0,0.0,0.0,0.0,0.0
70,Frutal,FRU_L3,Amstel_Lata,9,12297.07,0.0,0.0,0.0,12297.07,0.0
70,Frutal,FRU_L3,Amstel_Lata,10,40248.0,0.0,0.0,0.0,40248.0,0.0
70,Frutal,FRU_L3,Amstel_Lata,11,18161.640000000003,0.0,0.0,0.0,18161.640000000003,0.0
70,Frutal,FRU_L3,Amstel_Lata,12,0.0,0.0,0.0,0.0,0.0,0.0
70,Frutal,FRU_L3,Amstel_Lata,13,14826.74,0.0,0.0,0.0,14826.74,0.0
70,Frutal,FRU_L3,Amstel_Lata,14,8748.32,0.0,0.0,0.0,8748.32,0.0
70,Frutal,FRU_L3,Amstel_Lata,15,35259.96,0.0,17251.49,0.0,18008.470000000005,0.0
70,Frutal,FRU_L3,Del_Valle_Laranja,1,0.0,0.0,0.0,0.0,0.0,0.0
70,Frutal,FRU_L3,Del_Valle_Laranja,2,0.0,0.0,0.0,0.0,0.0,0.0
70,Frutal,FRU_L3,Del_Valle_Laranja,3,0.0,0.0,8581.49,0.0,8291.75,16873.239999999998
70,Frutal,FRU_L3,Del_Valle_Laranja,4,0.0,0.0,0.0,0.0,0.0,0.0
70,Frutal,FRU_L3,Del_Valle_Laranja,5,0.0,0.0,0.0,0.0,4409.77,4409.77
70,Frutal,FRU_L3,Del_Valle_Laranja,6,0.0,0.0,0.0,0.0,0.0,0.0
70,Frutal,FRU_L3,Del_Valle_Laranja,7,0.0,0.0,0.0,0.0,0.0,0.0
70,Frutal,FRU_L3,Del_Valle_Laranja,8,0.0,0.0,0.0,0.0,0.0,0.0
70,Frutal,FRU_L3,Del_Valle_Laranja,9,0.0,0.0,0.0,0.0,0.0,0.0
70,Frutal,FRU_L3,Del_Valle_Laranja,10,0.0,0.0,0.0,0.0,0.0,0.0
70,Frutal,FRU_L3,Del_Valle_Laranja,11,0.0,0.0,0.0,0.0,0.0,0.0
70,Frutal,FRU_L3,Del_Valle_Laranja,12,0.0,0.0,7935.04,0.0,0.0,7935.04
70,Frutal,FRU_L3,Del_Valle_Laranja,13,0.0,0.0,0.0,0.0,0.0,0.0
70,Frutal,FRU_L3,Del_Valle_Laranja,14,0.0,0.0,0.0,0.0,0.0,0.0
70,Frutal,FRU_L3,Del_Valle_Laranja,15,0.0,0.0,0.0,0.0,0.0,0.0
70,Frutal,FRU_L3,Fanta_Uva,1,0.0,0.0,0.0,0.0,0.0,0.0
70,Frutal,FRU_L3,Fanta_Uva,2,0.0,0.0,0.0,0.0,0.0,0.0
70,Frutal,FRU_L3,Fanta_Uva,3,0.0,0.0,0.0,0.0,0.0,0.0
70,Frutal,FRU_L3,Fanta_Uva,4,0.0,0.0,0.0,0.0,0.0,0.0
70,Frutal,FRU_L3,Fanta_Uva,5,0.0,0.0,0.0,0.0,2499.67,2499.67
70,Frutal,FRU_L3,Fanta_Uva,6,0.0,0.0,0.0,0.0,0.0,15933.83
70,Frutal,FRU_L3,Fanta_Uva,7,0.0,0.0,0.0,0.0,0.0,0.0
70,Frutal,FRU_L3,Fanta_Uva,8,0.0,0.0,0.0,0.0,0.0,0.0
70,Frutal,FRU_L3,Fanta_Uva,9,0.0,0.0,0.0,0.0,0.0,0.0
70,Frutal,FRU_L3,Fanta_Uva,10,0.0,0.0,0.0,0.0,0.0,0.0
70,Frutal,FRU_L3,Fanta_Uva,11,0.0,0.0,0.0,0.0,0.0,0.0
70,Frutal,FRU_L3,Fanta_Uva,12,0.0,0.0,0.0,0.0,0.0,0.0
70,Frutal,FRU_L3,Fanta_Uva,13,0.0,0.0,0.0,0.0,0.0,0.0
70,Frutal,FRU_L3,Fanta_Uva,14,0.0,0.0,0.0,0.0,0.0,0.0
70,Frutal,FRU_L3,Fanta_Uva,15,0.0,0.0,0.0,0.0,0.0,0.0
70,Frutal,FRU_L3,Maguary_Maracuja,1,0.0,0.0,0.0,0.0,0.0,0.0
70,Frutal,FRU_L3,Maguary_Maracuja,2,0.0,0.0,0.0,0.0,0.0,14573.24
70,Frutal,FRU_L3,Maguary_Maracuja,3,0.0,0.0,0.0,0.0,0.0,0.0
70,Frutal,FRU_L3,Maguary_Maracuja,4,0.0,0.0,0.0,0.0,0.0,0.0
70,Frutal,FRU_L3,Maguary_Maracuja,5,0.0,0.0,0.0,0.0,0.0,0.0
70,Frutal,FRU_L3,Maguary_Maracuja,6,0.0,0.0,0.0,0.0,0.0,0.0
70,Frutal,FRU_L3,Maguary_Maracuja,7,0.0,0.0,0.0,0.0,0.0,0.0
70,Frutal,FRU_L3,Maguary_Maracuja,8,0.0,0.0,0.0,0.0,0.0,35139.89
70,Frutal,FRU_L3,Maguary_Maracuja,9,0.0,0.0,27372.57,0.0,0.0,27372.57
70,Frutal,FRU_L3,Maguary_Maracuja,10,0.0,0.0,0.0,0.0,0.0,0.0
70,Frutal,FRU_L3,Maguary_Maracuja,11,0.0,0.0,0.0,0.0,0.0,0.0
70,Frutal,FRU_L3,Maguary_Maracuja,12,0.0,0.0,0.0,0.0,0.0,0.0
70,Frutal,FRU_L3,Maguary_Maracuja,13,0.0,0.0,0.0,0.0,0.0,0.0
70,Frutal,FRU_L3,Maguary_Maracuja,14,0.0,0.0,0.0,0.0,0.0,7296.67
70,Frutal,FRU_L3,Maguary_Maracuja,15,0.0,0.0,0.0,0.0,0.0,0.0
70,Frutal,FRU_L3,Coca_Cola,1,0.0,0.0,0.0,0.0,0.0,11711.57
70,Frutal,FRU_L3,Coca_Cola,2,0.0,0.0,0.0,0.0,0.0,0.0
70,Frutal,FRU_L3,Coca_Cola,3,0.0,0.0,0.0,0.0,0.0,0.0
70,Frutal,FRU_L3,Coca_Cola,4,0.0,0.0,0.0,0.0,0.0,0.0
70,Frutal,FRU_L3,Coca_Cola,5,0.0,0.0,0.0,0.0,0.0,0.0
70,Frutal,FRU_L3,Coca_Cola,6,0.0,0.0,0.0,0.0,0.0,0.0
70,Frutal,FRU_L3,Coca_Cola,7,0.0,0.0,7854.94,0.0,0.0,7854.94
70,Frutal,FRU_L3,Coca_Cola,8,0.0,0.0,0.0,0.0,0.0,11084.54
70,Frutal,FRU_L3,Coca_Cola,9,0.0,0.0,0.0,0.0,0.0,0.0
70,Frutal,FRU_L3,Coca_Cola,10,0.0,4190.010000000002,0.0,0.0,0.0,4190.010000000002
70,Frutal,FRU_L3,Coca_Cola,11,0.0,0.0,28378.42,0.0,0.0,24188.409999999996
70,Frutal,FRU_L3,Coca_Cola,12,0.0,0.0,0.0,0.0,0.0,0.0
70,Frutal,FRU_L3,Coca_Cola,13,0.0,0.0,0.0,0.0,0.0,0.0
70,Frutal,FRU_L3,Coca_Cola,14,0.0,0.0,0.0,0.0,0.0,16841.38
70,Frutal,FRU_L3,Coca_Cola,15,0.0,0.0,0.0,0.0,0.0,0.0
70,Frutal,FRU_L3,H2OH_Limao,1,0.0,0.0,0.0,0.0,0.0,0.0
70,Frutal,FRU_L3,H2OH_Limao,2,0.0,15784.200000000008,0.0,0.0,0.0,15784.200000000008
70,Frutal,FRU_L3,H2OH_Limao,3,0.0,0.0,0.0,0.0,15784.200000000008,14254.58
70,Frutal,FRU_L3,H2OH_Limao,4,0.0,0.0,0.0,0.0,0.0,0.0
70,Frutal,FRU_L3,H2OH_Limao,5,0.0,0.0,0.0,0.0,0.0,18901.84
70,Frutal,FRU_L3,H2OH_Limao,6,0.0,13176.480000000001,0.0,0.0,0.0,13176.480000000001
70,Frutal,FRU_L3,H2OH_Limao,7,0.0,0.0,0.0,0.0,13176.480000000001,0.0
70,Frutal,FRU_L3,H2OH_Limao,8,0.0,0.0,0.0,0.0,0.0,0.0
70,Frutal,FRU_L3,H2OH_Limao,9,0.0,0.0,0.0,0.0,0.0,7622.83
70,Frutal,FRU_L3,H2OH_Limao,10,0.0,0.0,0.0,0.0,0.0,0.0
70,Frutal,FRU_L3,H2OH_Limao,11,0.0,0.0,0.0,0.0,0.0,0.0
70,Frutal,FRU_L3,H2OH_Limao,12,0.0,0.0,0.0,0.0,0.0,0.0
70,Frutal,FRU_L3,H2OH_Limao,13,0.0,0.0,0.0,0.0,0.0,0.0
70,Frutal,FRU_L3,H2OH_Limao,14,0.0,38138.66,0.0,0.0,0.0,38138.66
70,Frutal,FRU_L3,H2OH_Limao,15,0.0,0.0,0.0,0.0,38138.66,22899.37
70,Frutal,FRU_L3,Schweppes_Citrus,1,0.0,0.0,0.0,0.0,0.0,0.0
70,Frutal,FRU_L3,Schweppes_Citrus,2,0.0,0.0,0.0,0.0,0.0,0.0
70,Frutal,FRU_L3,Schweppes_Citrus,3,0.0,0.0,0.0,0.0,0.0,0.0
70,Frutal,FRU_L3,Schweppes_Citrus,4,0.0,0.0,0.0,0.0,0.0,0.0
70,Frutal,FRU_L3,Schweppes_Citrus,5,0.0,0.0,0.0,0.0,0.0,0.0
70,Frutal,FRU_L3,Schweppes_Citrus,6,0.0,0.0,0.0,0.0,0.0,0.0
70,Frutal,FRU_L3,Schweppes_Citrus,7,0.0,0.0,0.0,0.0,0.0,0.0
70,Frutal,FRU_L3,Schweppes_Citrus,8,0.0,0.0,0.0,0.0,0.0,0.0
70,Frutal,FRU_L3,Schweppes_Citrus,9,0.0,0.0,0.0,0.0,0.0,9623.11
70,Frutal,FRU_L3,Schweppes_Citrus,10,0.0,0.0,0.0,0.0,0.0,0.0
70,Frutal,FRU_L3,Schweppes_Citrus,11,0.0,0.0,0.0,0.0,0.0,0.0
70,Frutal,FRU_L3,Schweppes_Citrus,12,0.0,0.0,0.0,0.0,0.0,12770.89
70,Frutal,FRU_L3,Schweppes_Citrus,13,0.0,0.0,0.0,0.0,0.0,0.0
70,Frutal,FRU_L3,Schweppes_Citrus,14,0.0,0.0,0.0,0.0,0.0,0.0
70,Frutal,FRU_L3,Schweppes_Citrus,15,0.0,0.0,0.0,0.0,0.0,0.0
70,Frutal,FRU_L3,Sprite,1,0.0,0.0,0.0,0.0,12718.43,12718.43
70,Frutal,FRU_L3,Sprite,2,0.0,0.0,0.0,0.0,0.0,0.0
70,Frutal,FRU_L3,Sprite,3,0.0,0.0,0.0,0.0,9787.550000000003,0.0
70,Frutal,FRU_L3,Sprite,4,0.0,0.0,0.0,0.0,0.0,27135.87
70,Frutal,FRU_L3,Sprite,5,0.0,0.0,0.0,0.0,11127.6,15714.52
70,Frutal,FRU_L3,Sprite,6,0.0,0.0,0.0,0.0,0.0,10411.89
70,Frutal,FRU_L3,Sprite,7,0.0,0.0,0.0,0.0,6363.510000000004,0.0
70,Frutal,FRU_L3,Sprite,8,0.0,0.0,0.0,0.0,0.0,0.0
70,Frutal,FRU_L3,Sprite,9,0.0,0.0,0.0,0.0,0.0,0.0
70,Frutal,FRU_L3,Sprite,10,0.0,0.0,0.0,0.0,0.0,0.0
70,Frutal,FRU_L3,Sprite,11,0.0,0.0,0.0,0.0,0.0,0.0
70,Frutal,FRU_L3,Sprite,12,0.0,0.0,0.0,0.0,0.0,0.0
70,Frutal,FRU_L3,Sprite,13,0.0,0.0,0.0,0.0,0.0,0.0
70,Frutal,FRU_L3,Sprite,14,0.0,0.0,0.0,0.0,0.0,0.0
70,Frutal,FRU_L3,Sprite,15,0.0,0.0,0.0,0.0,0.0,0.0
70,Frutal,FRU_L3,Del_Valle_Uva,1,0.0,0.0,0.0,0.0,0.0,0.0
70,Frutal,FRU_L3,Del_Valle_Uva,2,0.0,0.0,0.0,0.0,0.0,0.0
70,Frutal,FRU_L3,Del_Valle_Uva,3,0.0,0.0,0.0,0.0,0.0,0.0
70,Frutal,FRU_L3,Del_Valle_Uva,4,0.0,0.0,0.0,0.0,0.0,0.0
70,Frutal,FRU_L3,Del_Valle_Uva,5,0.0,0.0,0.0,0.0,0.0,0.0
70,Frutal,FRU_L3,Del_Valle_Uva,6,0.0,0.0,0.0,0.0,0.0,0.0
70,Frutal,FRU_L3,Del_Valle_Uva,7,0.0,0.0,0.0,0.0,0.0,0.0
70,Frutal,FRU_L3,Del_Valle_Uva,8,0.0,0.0,0.0,0.0,0.0,0.0
70,Frutal,FRU_L3,Del_Valle_Uva,9,0.0,0.0,0.0,0.0,0.0,0.0
70,Frutal,FRU_L3,Del_Valle_Uva,10,0.0,0.0,0.0,0.0,0.0,0.0
70,Frutal,FRU_L3,Del_Valle_Uva,11,0.0,0.0,0.0,0.0,0.0,3281.720000000003
70,Frutal,FRU_L3,Del_Valle_Uva,12,0.0,0.0,0.0,0.0,0.0,10246.429999999997
70,Frutal,FRU_L3,Del_Valle_Uva,13,0.0,0.0,0.0,0.0,0.0,0.0
70,Frutal,FRU_L3,Del_Valle_Uva,14,0.0,0.0,1927.22,0.0,0.0,1927.22
70,Frutal,FRU_L3,Del_Valle_Uva,15,0.0,0.0,0.0,0.0,0.0,0.0
70,Frutal,FRU_L3,Pepsi,1,11410.2,0.0,0.0,0.0,11410.2,0.0
70,Frutal,FRU_L3,Pepsi,2,0.0,0.0,0.0,0.0,0.0,0.0
70,Frutal,FRU_L3,Pepsi,3,0.0,0.0,0.0,0.0,9048.8,0.0
70,Frutal,FRU_L3,Pepsi,4,1375.8400000000017,0.0,0.0,0.0,40807.840000000004,0.0
70,Frutal,FRU_L3,Pepsi,5,0.0,0.0,24912.72,0.0,27391.730000000007,24912.72
70,Frutal,FRU_L3,Pepsi,6,0.0,0.0,0.0,0.0,0.0,1019.42
70,Frutal,FRU_L3,Pepsi,7,0.0,0.0,0.0,0.0,9175.409999999998,0.0
70,Frutal,FRU_L3,Pepsi,8,0.0,0.0,0.0,0.0,0.0,0.0
70,Frutal,FRU_L3,Pepsi,9,0.0,0.0,0.0,0.0,10902.980000000005,0.0
70,Frutal,FRU_L3,Pepsi,10,0.0,0.0,0.0,0.0,0.0,0.0
70,Frutal,FRU_L3,Pepsi,11,0.0,0.0,0.0,0.0,0.0,0.0
70,Frutal,FRU_L3,Pepsi,12,0.0,0.0,0.0,0.0,0.0,16790.25
70,Frutal,FRU_L3,Pepsi,13,0.0,0.0,0.0,0.0,0.0,11336.87
70,Frutal,FRU_L3,Pepsi,14,0.0,0.0,0.0,0.0,0.0,0.0
70,Frutal,FRU_L3,Pepsi,15,0.0,0.0,0.0,0.0,0.0,6482.04
70,Pouso Alegre,POU_L1,Fanta_Laranja,1,0.0,0.0,0.0,0.0,0.0,0.0
70,Pouso Alegre,POU_L1,Fanta_Laranja,2,0.0,0.0,0.0,0.0,0.0,0.0
70,Pouso Alegre,POU_L1,Fanta_Laranja,3,0.0,0.0,0.0,0.0,0.0,0.0
70,Pouso Alegre,POU_L1,Fanta_Laranja,4,0.0,0.0,10260.78,0.0,0.0,10260.78
70,Pouso Alegre,POU_L1,Fanta_Laranja,5,0.0,0.0,0.0,0.0,0.0,0.0
70,Pouso Alegre,POU_L1,Fanta_Laranja,6,0.0,0.0,17619.59,0.0,0.0,29639.059999999998
70,Pouso Alegre,POU_L1,Fanta_Laranja,7,0.0,0.0,0.0,0.0,0.0,0.0
70,Pouso Alegre,POU_L1,Fanta_Laranja,8,0.0,0.0,0.0,0.0,0.0,0.0
70,Pouso Alegre,POU_L1,Fanta_Laranja,9,0.0,0.0,22299.14,0.0,0.0,22299.14
70,Pouso Alegre,POU_L1,Fanta_Laranja,10,0.0,0.0,0.0,0.0,0.0,0.0
70,Pouso Alegre,POU_L1,Fanta_Laranja,11,0.0,0.0,0.0,0.0,0.0,0.0
70,Pouso Alegre,POU_L1,Fanta_Laranja,12,0.0,0.0,0.0,0.0,0.0,0.0
70,Pouso Alegre,POU_L1,Fanta_Laranja,13,0.0,0.0,0.0,0.0,0.0,0.0
70,Pouso Alegre,POU_L1,Fanta_Laranja,14,0.0,0.0,0.0,0.0,0.0,0.0
70,Pouso Alegre,POU_L1,Fanta_Laranja,15,0.0,0.0,0.0,0.0,0.0,26550.66
70,Pouso Alegre,POU_L1,Itubaina,1,0.0,0.0,0.0,0.0,0.0,0.0
70,Pouso Alegre,POU_L1,Itubaina,2,0.0,0.0,0.0,0.0,0.0,12193.61
70,Pouso Alegre,POU_L1,Itubaina,3,0.0,0.0,0.0,0.0,0.0,0.0
70,Pouso Alegre,POU_L1,Itubaina,4,0.0,0.0,0.0,0.0,0.0,0.0
70,Pouso Alegre,POU_L1,Itubaina,5,0.0,0.0,18686.89,0.0,0.0,18686.89
70,Pouso Alegre,POU_L1,Itubaina,6,0.0,0.0,0.0,0.0,0.0,0.0
70,Pouso Alegre,POU_L1,Itubaina,7,0.0,0.0,0.0,0.0,0.0,0.0
70,Pouso Alegre,POU_L1,Itubaina,8,0.0,0.0,0.0,0.0,0.0,0.0
70,Pouso Alegre,POU_L1,Itubaina,9,0.0,0.0,0.0,0.0,0.0,0.0
70,Pouso Alegre,POU_L1,Itubaina,10,0.0,0.0,0.0,0.0,0.0,0.0
70,Pouso Alegre,POU_L1,Itubaina,11,0.0,0.0,0.0,0.0,0.0,0.0
70,Pouso Alegre,POU_L1,Itubaina,12,0.0,0.0,0.0,0.0,0.0,0.0
70,Pouso Alegre,POU_L1,Itubaina,13,0.0,0.0,0.0,0.0,0.0,0.0
70,Pouso Alegre,POU_L1,Itubaina,14,0.0,0.0,0.0,0.0,0.0,0.0
70,Pouso Alegre,POU_L1,Itubaina,15,0.0,0.0,0.0,0.0,0.0,0.0
70,Pouso Alegre,POU_L1,Skol_Lata,1,38448.0,0.0,0.0,0.0,38448.0,0.0
70,Pouso Alegre,POU_L1,Skol_Lata,2,21816.88,0.0,0.0,0.0,21816.88,0.0
70,Pouso Alegre,POU_L1,Skol_Lata,3,38232.0,0.0,5533.79,0.0,32698.209999999992,0.0
70,Pouso Alegre,POU_L1,Skol_Lata,4,37872.0,0.0,0.0,0.0,37872.0,0.0
70,Pouso Alegre,POU_L1,Skol_Lata,5,41520.0,0.0,0.0,0.0,41520.0,0.0
70,Pouso Alegre,POU_L1,Skol_Lata,6,19620.479999999996,0.0,0.0,0.0,19620.48,0.0
70,Pouso Alegre,POU_L1,Skol_Lata,7,8861.21,0.0,0.0,0.0,8861.21,0.0
70,Pouso Alegre,POU_L1,Skol_Lata,8,14782.94,0.0,0.0,0.0,14782.94,0.0
70,Pouso Alegre,POU_L1,Skol_Lata,9,12883.960000000001,0.0,0.0,0.0,12883.96,0.0
70,Pouso Alegre,POU_L1,Skol_Lata,10,24856.800000000003,0.0,0.0,0.0,24856.800000000007,0.0
70,Pouso Alegre,POU_L1,Skol_Lata,11,39744.0,0.0,0.0,0.0,39744.0,0.0
70,Pouso Alegre,POU_L1,Skol_Lata,12,4991.769999999997,0.0,0.0,0.0,4991.769999999997,0.0
70,Pouso Alegre,POU_L1,Skol_Lata,13,0.0,0.0,0.0,0.0,0.0,0.0
70,Pouso Alegre,POU_L1,Skol_Lata,14,13493.35,0.0,0.0,0.0,13493.35,0.0
70,Pouso Alegre,POU_L1,Skol_Lata,15,0.0,0.0,0.0,0.0,0.0,0.0
70,Pouso Alegre,POU_L1,Heineken_Lata,1,0.0,0.0,0.0,0.0,0.0,0.0
70,Pouso Alegre,POU_L1,Heineken_Lata,2,0.0,0.0,0.0,0.0,0.0,0.0
70,Pouso Alegre,POU_L1,Heineken_Lata,3,0.0,0.0,0.0,0.0,11639.300000000001,0.0
70,Pouso Alegre,POU_L1,Heineken_Lata,4,0.0,0.0,0.0,0.0,0.0,0.0
70,Pouso Alegre,POU_L1,Heineken_Lata,5,0.0,0.0,0.0,0.0,0.0,0.0
70,Pouso Alegre,POU_L1,Heineken_Lata,6,0.0,0.0,0.0,0.0,0.0,0.0
70,Pouso Alegre,POU_L1,Heineken_Lata,7,0.0,0.0,0.0,0.0,3368.5800000000017,0.0
70,Pouso Alegre,POU_L1,Heineken_Lata,8,0.0,0.0,0.0,0.0,4253.589999999998,1356.07
70,Pouso Alegre,POU_L1,Heineken_Lata,9,0.0,0.0,0.0,0.0,21913.55,0.0
70,Pouso Alegre,POU_L1,Heineken_Lata,10,0.0,0.0,0.0,0.0,0.0,0.0
70,Pouso Alegre,POU_L1,Heineken_Lata,11,0.0,0.0,0.0,0.0,37200.0,0.0
70,Pouso Alegre,POU_L1,Heineken_Lata,12,0.0,0.0,0.0,0.0,13517.080000000013,0.0
70,Pouso Alegre,POU_L1,Heineken_Lata,13,0.0,0.0,0.0,0.0,0.0,10247.13
70,Pouso Alegre,POU_L1,Heineken_Lata,14,0.0,0.0,0.0,0.0,39839.99999999999,0.0
70,Pouso Alegre,POU_L1,Heineken_Lata,15,0.0,0.0,0.0,0.0,0.0,0.0
70,Pouso Alegre,POU_L1,Coca_Cola_Zero,1,0.0,0.0,0.0,0.0,0.0,0.0
70,Pouso Alegre,POU_L1,Coca_Cola_Zero,2,0.0,0.0,0.0,0.0,0.0,0.0
70,Pouso Alegre,POU_L1,Coca_Cola_Zero,3,0.0,0.0,0.0,0.0,0.0,27980.08
70,Pouso Alegre,POU_L1,Coca_Cola_Zero,4,0.0,0.0,0.0,0.0,0.0,5510.68
70,Pouso Alegre,POU_L1,Coca_Cola_Zero,5,0.0,0.0,0.0,0.0,0.0,0.0
70,Pouso Alegre,POU_L1,Coca_Cola_Zero,6,0.0,0.0,0.0,0.0,0.0,0.0
70,Pouso Alegre,POU_L1,Coca_Cola_Zero,7,0.0,0.0,0.0,0.0,0.0,0.0
70,Pouso Alegre,POU_L1,Coca_Cola_Zero,8,0.0,0.0,0.0,0.0,0.0,25440.42
70,Pouso Alegre,POU_L1,Coca_Cola_Zero,9,0.0,0.0,0.0,0.0,0.0,0.0
70,Pouso Alegre,POU_L1,Coca_Cola_Zero,10,0.0,0.0,0.0,0.0,0.0,0.0
70,Pouso Alegre,POU_L1,Coca_Cola_Zero,11,0.0,0.0,0.0,0.0,0.0,0.0
70,Pouso Alegre,POU_L1,Coca_Cola_Zero,12,0.0,0.0,0.0,0.0,0.0,0.0
70,Pouso Alegre,POU_L1,Coca_Cola_Zero,13,0.0,0.0,0.0,0.0,0.0,0.0
70,Pouso Alegre,POU_L1,Coca_Cola_Zero,14,0.0,0.0,0.0,0.0,0.0,0.0
70,Pouso Alegre,POU_L1,Coca_Cola_Zero,15,0.0,0.0,0.0,0.0,0.0,0.0
70,Pouso Alegre,POU_L1,Antarctica_Lata,1,0.0,0.0,0.0,0.0,0.0,8179.84
70,Pouso Alegre,POU_L1,Antarctica_Lata,2,0.0,0.0,0.0,0.0,0.0,0.0
70,Pouso Alegre,POU_L1,Antarctica_Lata,3,0.0,0.0,0.0,0.0,0.0,0.0
70,Pouso Alegre,POU_L1,Antarctica_Lata,4,0.0,0.0,0.0,0.0,0.0,0.0
70,Pouso Alegre,POU_L1,Antarctica_Lata,5,0.0,0.0,0.0,0.0,0.0,0.0
70,Pouso Alegre,POU_L1,Antarctica_Lata,6,0.0,0.0,0.0,0.0,0.0,0.0
70,Pouso Alegre,POU_L1,Antarctica_Lata,7,0.0,0.0,0.0,0.0,0.0,0.0
70,Pouso Alegre,POU_L1,Antarctica_Lata,8,0.0,0.0,0.0,0.0,0.0,0.0
70,Pouso Alegre,POU_L1,Antarctica_Lata,9,0.0,0.0,0.0,0.0,0.0,0.0
70,Pouso Alegre,POU_L1,Antarctica_Lata,10,0.0,0.0,0.0,0.0,0.0,0.0
70,Pouso Alegre,POU_L1,Antarctica_Lata,11,0.0,0.0,0.0,0.0,0.0,0.0
70,Pouso Alegre,POU_L1,Antarctica_Lata,12,0.0,0.0,0.0,0.0,0.0,0.0
70,Pouso Alegre,POU_L1,Antarctica_Lata,13,0.0,0.0,0.0,0.0,0.0,0.0
70,Pouso Alegre,POU_L1,Antarctica_Lata,14,0.0,0.0,0.0,0.0,0.0,10742.57
70,Pouso Alegre,POU_L1,Antarctica_Lata,15,0.0,0.0,0.0,0.0,0.0,0.0
70,Pouso Alegre,POU_L1,Spaten_Lata,1,0.0,0.0,0.0,0.0,0.0,0.0
70,Pouso Alegre,POU_L1,Spaten_Lata,2,0.0,0.0,0.0,0.0,0.0,0.0
70,Pouso Alegre,POU_L1,Spaten_Lata,3,0.0,0.0,0.0,0.0,0.0,0.0
70,Pouso Alegre,POU_L1,Spaten_Lata,4,0.0,0.0,8458.81,0.0,0.0,8458.81
70,Pouso Alegre,POU_L1,Spaten_Lata,5,0.0,0.0,0.0,0.0,0.0,0.0
70,Pouso Alegre,POU_L1,Spaten_Lata,6,0.0,0.0,0.0,0.0,0.0,0.0
70,Pouso Alegre,POU_L1,Spaten_Lata,7,0.0,0.0,0.0,0.0,0.0,0.0
70,Pouso Alegre,POU_L1,Spaten_Lata,8,0.0,0.0,0.0,0.0,0.0,0.0
70,Pouso Alegre,POU_L1,Spaten_Lata,9,0.0,0.0,0.0,0.0,0.0,0.0
70,Pouso Alegre,POU_L1,Spaten_Lata,10,0.0,0.0,0.0,0.0,0.0,0.0
70,Pouso Alegre,POU_L1,Spaten_Lata,11,0.0,0.0,0.0,0.0,0.0,0.0
70,Pouso Alegre,POU_L1,Spaten_Lata,12,0.0,0.0,0.0,0.0,0.0,0.0
70,Pouso Alegre,POU_L1,Spaten_Lata,13,0.0,0.0,17430.37,0.0,0.0,17430.37
70,Pouso Alegre,POU_L1,Spaten_Lata,14,0.0,0.0,0.0,0.0,0.0,18083.82
70,Pouso Alegre,POU_L1,Spaten_Lata,15,0.0,0.0,0.0,0.0,0.0,0.0
70,Pouso Alegre,POU_L1,Maguary_Caju,1,0.0,0.0,0.0,0.0,0.0,0.0
70,Pouso Alegre,POU_L1,Maguary_Caju,2,0.0,0.0,0.0,0.0,0.0,0.0
70,Pouso Alegre,POU_L1,Maguary_Caju,3,0.0,0.0,0.0,0.0,0.0,0.0
70,Pouso Alegre,POU_L1,Maguary_Caju,4,0.0,0.0,0.0,0.0,0.0,9496.95
70,Pouso Alegre,POU_L1,Maguary_Caju,5,0.0,0.0,0.0,0.0,0.0,16316.890000000003
70,Pouso Alegre,POU_L1,Maguary_Caju,6,0.0,0.0,0.0,0.0,0.0,363.5099999999984
70,Pouso Alegre,POU_L1,Maguary_Caju,7,0.0,0.0,0.0,0.0,0.0,0.0
70,Pouso Alegre,POU_L1,Maguary_Caju,8,0.0,0.0,0.0,0.0,0.0,25717.7
70,Pouso Alegre,POU_L1,Maguary_Caju,9,0.0,0.0,0.0,0.0,0.0,0.0
70,Pouso Alegre,POU_L1,Maguary_Caju,10,0.0,0.0,0.0,0.0,0.0,0.0
70,Pouso Alegre,POU_L1,Maguary_Caju,11,0.0,0.0,0.0,0.0,0.0,14263.22
70,Pouso Alegre,POU_L1,Maguary_Caju,12,0.0,0.0,0.0,0.0,0.0,0.0
70,Pouso Alegre,POU_L1,Maguary_Caju,13,0.0,0.0,0.0,0.0,0.0,0.0
70,Pouso Alegre,POU_L1,Maguary_Caju,14,0.0,0.0,0.0,0.0,0.0,0.0
70,Pouso Alegre,POU_L1,Maguary_Caju,15,0.0,0.0,0.0,0.0,0.0,0.0
70,Pouso Alegre,POU_L1,Del_Valle_Pessego,1,0.0,0.0,0.0,0.0,0.0,15062.99
70,Pouso Alegre,POU_L1,Del_Valle_Pessego,2,0.0,9476.069999999996,0.0,0.0,0.0,9476.069999999996
70,Pouso Alegre,POU_L1,Del_Valle_Pessego,3,0.0,0.0,0.0,0.0,9476.069999999996,0.0
70,Pouso Alegre,POU_L1,Del_Valle_Pessego,4,0.0,823.4500000000007,0.0,0.0,0.0,823.4500000000007
70,Pouso Alegre,POU_L1,Del_Valle_Pessego,5,0.0,3399.9400000000023,0.0,0.0,0.0,2576.4900000000016
70,Pouso Alegre,POU_L1,Del_Valle_Pessego,6,0.0,0.0,10488.38,0.0,0.0,7088.439999999997
70,Pouso Alegre,POU_L1,Del_Valle_Pessego,7,0.0,0.0,0.0,0.0,0.0,6635.73
70,Pouso Alegre,POU_L1,Del_Valle_Pessego,8,0.0,0.0,0.0,0.0,0.0,0.0
70,Pouso Alegre,POU_L1,Del_Valle_Pessego,9,0.0,15075.939999999991,0.0,0.0,0.0,15075.939999999991
70,Pouso Alegre,POU_L1,Del_Valle_Pessego,10,0.0,0.0,0.0,0.0,15075.939999999991,26367.76
70,Pouso Alegre,POU_L1,Del_Valle_Pessego,11,0.0,0.0,0.0,0.0,0.0,0.0
70,Pouso Alegre,POU_L1,Del_Valle_Pessego,12,0.0,0.0,0.0,0.0,0.0,0.0
70,Pouso Alegre,POU_L1,Del_Valle_Pessego,13,0.0,0.0,0.0,0.0,0.0,0.0
70,Pouso Alegre,POU_L1,Del_Valle_Pessego,14,0.0,17840.079999999987,0.0,0.0,0.0,17840.079999999987
70,Pouso Alegre,POU_L1,Del_Valle_Pessego,15,0.0,0.0,0.0,0.0,17840.079999999987,0.0
70,Pouso Alegre,POU_L1,Stella_Artois_Pure_Gold,1,0.0,0.0,0.0,0.0,0.0,0.0
70,Pouso Alegre,POU_L1,Stella_Artois_Pure_Gold,2,0.0,0.0,0.0,0.0,9454.84,9454.84
70,Pouso Alegre,POU_L1,Stella_Artois_Pure_Gold,3,0.0,0.0,0.0,0.0,0.0,0.0
70,Pouso Alegre,POU_L1,Stella_Artois_Pure_Gold,4,0.0,0.0,0.0,0.0,0.0,0.0
70,Pouso Alegre,POU_L1,Stella_Artois_Pure_Gold,5,0.0,0.0,0.0,0.0,0.0,0.0
70,Pouso Alegre,POU_L1,Stella_Artois_Pure_Gold,6,0.0,0.0,0.0,0.0,0.0,0.0
70,Pouso Alegre,POU_L1,Stella_Artois_Pure_Gold,7,0.0,0.0,0.0,0.0,0.0,0.0
70,Pouso Alegre,POU_L1,Stella_Artois_Pure_Gold,8,0.0,0.0,0.0,0.0,0.0,0.0
70,Pouso Alegre,POU_L1,Stella_Artois_Pure_Gold,9,0.0,0.0,0.0,0.0,0.0,2313.64
70,Pouso Alegre,POU_L1,Stella_Artois_Pure_Gold,10,0.0,0.0,0.0,0.0,0.0,0.0
70,Pouso Alegre,POU_L1,Stella_Artois_Pure_Gold,11,0.0,0.0,0.0,0.0,0.0,0.0
70,Pouso Alegre,POU_L1,Stella_Artois_Pure_Gold,12,0.0,0.0,0.0,0.0,0.0,9227.17
70,Pouso Alegre,POU_L1,Stella_Artois_Pure_Gold,13,0.0,0.0,0.0,0.0,0.0,0.0
70,Pouso Alegre,POU_L1,Stella_Artois_Pure_Gold,14,0.0,0.0,0.0,0.0,0.0,0.0
70,Pouso Alegre,POU_L1,Stella_Artois_Pure_Gold,15,0.0,0.0,0.0,0.0,31096.190000000002,31096.190000000002
70,Pouso Alegre,POU_L1,Sprite_Zero,1,0.0,0.0,0.0,0.0,0.0,0.0
70,Pouso Alegre,POU_L1,Sprite_Zero,2,0.0,0.0,0.0,0.0,0.0,0.0
70,Pouso Alegre,POU_L1,Sprite_Zero,3,0.0,0.0,0.0,0.0,0.0,0.0
70,Pouso Alegre,POU_L1,Sprite_Zero,4,0.0,0.0,0.0,0.0,0.0,0.0
70,Pouso Alegre,POU_L1,Sprite_Zero,5,0.0,0.0,9756.41,0.0,0.0,27463.39
70,Pouso Alegre,POU_L1,Sprite_Zero,6,0.0,0.0,0.0,0.0,0.0,0.0
70,Pouso Alegre,POU_L1,Sprite_Zero,7,0.0,0.0,0.0,0.0,0.0,0.0
70,Pouso Alegre,POU_L1,Sprite_Zero,8,0.0,0.0,0.0,0.0,0.0,0.0
70,Pouso Alegre,POU_L1,Sprite_Zero,9,0.0,0.0,0.0,0.0,0.0,0.0
70,Pouso Alegre,POU_L1,Sprite_Zero,10,0.0,0.0,0.0,0.0,0.0,8961.45
70,Pouso Alegre,POU_L1,Sprite_Zero,11,0.0,0.0,0.0,0.0,0.0,0.0
70,Pouso Alegre,POU_L1,Sprite_Zero,12,0.0,0.0,0.0,0.0,0.0,0.0
70,Pouso Alegre,POU_L1,Sprite_Zero,13,0.0,0.0,0.0,0.0,0.0,0.0
70,Pouso Alegre,POU_L1,Sprite_Zero,14,0.0,0.0,25712.1,0.0,0.0,25712.1
70,Pouso Alegre,POU_L1,Sprite_Zero,15,0.0,0.0,0.0,0.0,0.0,0.0
70,Pouso Alegre,POU_L1,Kuat,1,0.0,0.0,0.0,0.0,0.0,0.0
70,Pouso Alegre,POU_L1,Kuat,2,0.0,0.0,0.0,0.0,0.0,0.0
70,Pouso Alegre,POU_L1,Kuat,3,0.0,0.0,0.0,0.0,0.0,0.0
70,Pouso Alegre,POU_L1,Kuat,4,0.0,0.0,0.0,0.0,0.0,0.0
70,Pouso Alegre,POU_L1,Kuat,5,0.0,0.0,0.0,0.0,0.0,0.0
70,Pouso Alegre,POU_L1,Kuat,6,0.0,0.0,0.0,0.0,0.0,0.0
70,Pouso Alegre,POU_L1,Kuat,7,0.0,0.0,0.0,0.0,0.0,0.0
70,Pouso Alegre,POU_L1,Kuat,8,0.0,0.0,0.0,0.0,0.0,0.0
70,Pouso Alegre,POU_L1,Kuat,9,0.0,0.0,0.0,0.0,0.0,0.0
70,Pouso Alegre,POU_L1,Kuat,10,0.0,0.0,28310.27,0.0,0.0,28310.27
70,Pouso Alegre,POU_L1,Kuat,11,0.0,0.0,0.0,0.0,0.0,13248.95
70,Pouso Alegre,POU_L1,Kuat,12,0.0,0.0,0.0,0.0,0.0,0.0
70,Pouso Alegre,POU_L1,Kuat,13,0.0,0.0,0.0,0.0,0.0,0.0
70,Pouso Alegre,POU_L1,Kuat,14,0.0,0.0,0.0,0.0,0.0,0.0
70,Pouso Alegre,POU_L1,Kuat,15,0.0,0.0,0.0,0.0,0.0,0.0
70,Pouso Alegre,POU_L1,Sukita_Laranja,1,0.0,0.0,0.0,0.0,0.0,0.0
70,Pouso Alegre,POU_L1,Sukita_Laranja,2,0.0,0.0,0.0,0.0,0.0,26099.93
70,Pouso Alegre,POU_L1,Sukita_Laranja,3,0.0,0.0,0.0,0.0,0.0,0.0
70,Pouso Alegre,POU_L1,Sukita_Laranja,4,0.0,0.0,0.0,0.0,0.0,0.0
70,Pouso Alegre,POU_L1,Sukita_Laranja,5,0.0,0.0,0.0,0.0,0.0,19309.16
70,Pouso Alegre,POU_L1,Sukita_Laranja,6,0.0,0.0,0.0,0.0,0.0,0.0
70,Pouso Alegre,POU_L1,Sukita_Laranja,7,0.0,0.0,0.0,0.0,0.0,0.0
70,Pouso Alegre,POU_L1,Sukita_Laranja,8,0.0,0.0,16821.31,0.0,0.0,16821.31
70,Pouso Alegre,POU_L1,Sukita_Laranja,9,0.0,0.0,0.0,0.0,0.0,0.0
70,Pouso Alegre,POU_L1,Sukita_Laranja,10,0.0,0.0,0.0,0.0,0.0,0.0
70,Pouso Alegre,POU_L1,Sukita_Laranja,11,0.0,0.0,0.0,0.0,0.0,0.0
70,Pouso Alegre,POU_L1,Sukita_Laranja,12,0.0,0.0,0.0,0.0,0.0,0.0
70,Pouso Alegre,POU_L1,Sukita_Laranja,13,0.0,0.0,0.0,0.0,0.0,12918.04
70,Pouso Alegre,POU_L1,Sukita_Laranja,14,0.0,0.0,0.0,0.0,0.0,0.0
70,Pouso Alegre,POU_L1,Sukita_Laranja,15,0.0,0.0,0.0,0.0,0.0,0.0
70,Pouso Alegre,POU_L1,Budweiser_Lata,1,0.0,0.0,0.0,0.0,0.0,0.0
70,Pouso Alegre,POU_L1,Budweiser_Lata,2,0.0,0.0,0.0,0.0,0.0,0.0
70,Pouso Alegre,POU_L1,Budweiser_Lata,3,0.0,0.0,0.0,0.0,0.0,0.0
70,Pouso Alegre,POU_L1,Budweiser_Lata,4,0.0,0.0,0.0,0.0,0.0,0.0
70,Pouso Alegre,POU_L1,Budweiser_Lata,5,0.0,0.0,0.0,0.0,0.0,0.0
70,Pouso Alegre,POU_L1,Budweiser_Lata,6,0.0,0.0,0.0,0.0,0.0,5234.92
70,Pouso Alegre,POU_L1,Budweiser_Lata,7,0.0,0.0,0.0,0.0,0.0,0.0
70,Pouso Alegre,POU_L1,Budweiser_Lata,8,0.0,0.0,0.0,0.0,0.0,0.0
70,Pouso Alegre,POU_L1,Budweiser_Lata,9,0.0,0.0,0.0,0.0,0.0,0.0
70,Pouso Alegre,POU_L1,Budweiser_Lata,10,0.0,0.0,0.0,0.0,0.0,0.0
70,Pouso Alegre,POU_L1,Budweiser_Lata,11,0.0,0.0,0.0,0.0,0.0,0.0
70,Pouso Alegre,POU_L1,Budweiser_Lata,12,0.0,0.0,0.0,0.0,0.0,0.0
70,Pouso Alegre,POU_L1,Budweiser_Lata,13,0.0,0.0,0.0,0.0,0.0,0.0
70,Pouso Alegre,POU_L1,Budweiser_Lata,14,0.0,0.0,0.0,0.0,0.0,0.0
70,Pouso Alegre,POU_L1,Budweiser_Lata,15,0.0,0.0,0.0,0.0,0.0,0.0
70,Pouso Alegre,POU_L1,Guarana_Antarctica_Zero,1,0.0,0.0,0.0,0.0,32588.379999999997,0.0
70,Pouso Alegre,POU_L1,Guarana_Antarctica_Zero,2,0.0,0.0,0.0,0.0,0.0,0.0
70,Pouso Alegre,POU_L1,Guarana_Antarctica_Zero,3,0.0,0.0,0.0,0.0,0.0,0.0
70,Pouso Alegre,POU_L1,Guarana_Antarctica_Zero,4,0.0,0.0,0.0,0.0,0.0,0.0
70,Pouso Alegre,POU_L1,Guarana_Antarctica_Zero,5,0.0,0.0,0.0,0.0,0.0,0.0
70,Pouso Alegre,POU_L1,Guarana_Antarctica_Zero,6,0.0,0.0,0.0,0.0,3424.1800000000003,29161.6
70,Pouso Alegre,POU_L1,Guarana_Antarctica_Zero,7,0.0,0.0,0.0,0.0,0.0,0.0
70,Pouso Alegre,POU_L1,Guarana_Antarctica_Zero,8,0.0,0.0,0.0,0.0,0.0,0.0
70,Pouso Alegre,POU_L1,Guarana_Antarctica_Zero,9,0.0,0.0,0.0,0.0,0.0,10795.73
70,Pouso Alegre,POU_L1,Guarana_Antarctica_Zero,10,0.0,0.0,0.0,0.0,0.0,0.0
70,Pouso Alegre,POU_L1,Guarana_Antarctica_Zero,11,0.0,0.0,0.0,0.0,0.0,18224.89
70,Pouso Alegre,POU_L1,Guarana_Antarctica_Zero,12,0.0,0.0,0.0,0.0,0.0,0.0
70,Pouso Alegre,POU_L1,Guarana_Antarctica_Zero,13,0.0,0.0,0.0,0.0,0.0,0.0
70,Pouso Alegre,POU_L1,Guarana_Antarctica_Zero,14,0.0,0.0,638.17,0.0,0.0,638.17
70,Pouso Alegre,POU_L1,Guarana_Antarctica_Zero,15,0.0,0.0,0.0,0.0,0.0,0.0
70,Pouso Alegre,POU_L1,Itaipava_Lata,1,0.0,0.0,0.0,0.0,0.0,0.0
70,Pouso Alegre,POU_L1,Itaipava_Lata,2,0.0,0.0,0.0,0.0,0.0,0.0
70,Pouso Alegre,POU_L1,Itaipava_Lata,3,0.0,0.0,0.0,0.0,0.0,0.0
70,Pouso Alegre,POU_L1,Itaipava_Lata,4,0.0,0.0,0.0,0.0,0.0,0.0
70,Pouso Alegre,POU_L1,Itaipava_Lata,5,0.0,0.0,0.0,0.0,0.0,0.0
70,Pouso Alegre,POU_L1,Itaipava_Lata,6,0.0,0.0,0.0,0.0,0.0,0.0
70,Pouso Alegre,POU_L1,Itaipava_Lata,7,0.0,0.0,0.0,0.0,0.0,26944.96
70,Pouso Alegre,POU_L1,Itaipava_Lata,8,0.0,0.0,0.0,0.0,0.0,0.0
70,Pouso Alegre,POU_L1,Itaipava_Lata,9,0.0,0.0,0.0,0.0,0.0,13529.49
70,Pouso Alegre,POU_L1,Itaipava_Lata,10,0.0,0.0,0.0,0.0,0.0,0.0
70,Pouso Alegre,POU_L1,Itaipava_Lata,11,0.0,0.0,0.0,0.0,0.0,0.0
70,Pouso Alegre,POU_L1,Itaipava_Lata,12,0.0,0.0,0.0,0.0,0.0,0.0
70,Pouso Alegre,POU_L1,Itaipava_Lata,13,0.0,0.0,0.0,0.0,0.0,0.0
70,Pouso Alegre,POU_L1,Itaipava_Lata,14,0.0,0.0,0.0,0.0,0.0,0.0
70,Pouso Alegre,POU_L1,Itaipava_Lata,15,0.0,0.0,0.0,0.0,0.0,0.0
70,Pouso Alegre,POU_L1,Brahma_Lata,1,0.0,0.0,21707.54,0.0,0.0,21707.54
70,Pouso Alegre,POU_L1,Brahma_Lata,2,0.0,0.0,0.0,0.0,0.0,0.0
70,Pouso Alegre,POU_L1,Brahma_Lata,3,0.0,0.0,0.0,0.0,0.0,0.0
70,Pouso Alegre,POU_L1,Brahma_Lata,4,0.0,0.0,0.0,0.0,0.0,0.0
70,Pouso Alegre,POU_L1,Brahma_Lata,5,0.0,0.0,0.0,0.0,0.0,0.0
70,Pouso Alegre,POU_L1,Brahma_Lata,6,0.0,0.0,0.0,0.0,0.0,0.0
70,Pouso Alegre,POU_L1,Brahma_Lata,7,0.0,0.0,0.0,0.0,0.0,0.0
70,Pouso Alegre,POU_L1,Brahma_Lata,8,0.0,0.0,0.0,0.0,0.0,0.0
70,Pouso Alegre,POU_L1,Brahma_Lata,9,0.0,0.0,0.0,0.0,0.0,0.0
70,Pouso Alegre,POU_L1,Brahma_Lata,10,0.0,0.0,0.0,0.0,0.0,0.0
70,Pouso Alegre,POU_L1,Brahma_Lata,11,0.0,0.0,0.0,0.0,0.0,0.0
70,Pouso Alegre,POU_L1,Brahma_Lata,12,0.0,0.0,0.0,0.0,0.0,0.0
70,Pouso Alegre,POU_L1,Brahma_Lata,13,0.0,0.0,0.0,0.0,0.0,0.0
70,Pouso Alegre,POU_L1,Brahma_Lata,14,0.0,0.0,0.0,0.0,0.0,0.0
70,Pouso Alegre,POU_L1,Brahma_Lata,15,0.0,0.0,0.0,0.0,0.0,24138.22
70,Pouso Alegre,POU_L1,Eisenbahn_Pilsen,1,0.0,0.0,0.0,0.0,7059.620000000002,0.0
70,Pouso Alegre,POU_L1,Eisenbahn_Pilsen,2,0.0,0.0,0.0,0.0,0.0,0.0
70,Pouso Alegre,POU_L1,Eisenbahn_Pilsen,3,0.0,0.0,0.0,0.0,18571.750000000007,0.0
70,Pouso Alegre,POU_L1,Eisenbahn_Pilsen,4,0.0,0.0,0.0,0.0,16784.820000000007,0.0
70,Pouso Alegre,POU_L1,Eisenbahn_Pilsen,5,0.0,0.0,0.0,0.0,40845.51,4845.510000000002
70,Pouso Alegre,POU_L1,Eisenbahn_Pilsen,6,0.0,0.0,0.0,0.0,26579.9,0.0
70,Pouso Alegre,POU_L1,Eisenbahn_Pilsen,7,0.0,0.0,0.0,0.0,12101.670000000002,0.0
70,Pouso Alegre,POU_L1,Eisenbahn_Pilsen,8,0.0,0.0,0.0,0.0,0.0,0.0
70,Pouso Alegre,POU_L1,Eisenbahn_Pilsen,9,0.0,0.0,0.0,0.0,0.0,0.0
70,Pouso Alegre,POU_L1,Eisenbahn_Pilsen,10,0.0,0.0,0.0,0.0,6588.46,0.0
70,Pouso Alegre,POU_L1,Eisenbahn_Pilsen,11,0.0,0.0,0.0,0.0,0.0,9290.04
70,Pouso Alegre,POU_L1,Eisenbahn_Pilsen,12,0.0,0.0,0.0,0.0,33112.87,0.0
70,Pouso Alegre,POU_L1,Eisenbahn_Pilsen,13,0.0,0.0,0.0,0.0,7462.3499999999985,0.0
70,Pouso Alegre,POU_L1,Eisenbahn_Pilsen,14,0.0,0.0,0.0,0.0,30478.710000000006,0.0
70,Pouso Alegre,POU_L1,Eisenbahn_Pilsen,15,0.0,0.0,0.0,0.0,0.0,0.0
70,Pouso Alegre,POU_L1,Pepsi_Black,1,0.0,0.0,0.0,0.0,0.0,0.0
70,Pouso Alegre,POU_L1,Pepsi_Black,2,0.0,0.0,0.0,0.0,0.0,14441.25
70,Pouso Alegre,POU_L1,Pepsi_Black,3,0.0,0.0,0.0,0.0,0.0,0.0
70,Pouso Alegre,POU_L1,Pepsi_Black,4,0.0,0.0,0.0,0.0,0.0,0.0
70,Pouso Alegre,POU_L1,Pepsi_Black,5,0.0,0.0,0.0,0.0,0.0,0.0
70,Pouso Alegre,POU_L1,Pepsi_Black,6,0.0,0.0,0.0,0.0,0.0,0.0
70,Pouso Alegre,POU_L1,Pepsi_Black,7,0.0,0.0,0.0,0.0,0.0,0.0
70,Pouso Alegre,POU_L1,Pepsi_Black,8,0.0,0.0,0.0,0.0,0.0,0.0
70,Pouso Alegre,POU_L1,Pepsi_Black,9,0.0,0.0,0.0,0.0,0.0,0.0
70,Pouso Alegre,POU_L1,Pepsi_Black,10,0.0,0.0,0.0,0.0,0.0,8348.23
70,Pouso Alegre,POU_L1,Pepsi_Black,11,0.0,0.0,0.0,0.0,0.0,0.0
70,Pouso Alegre,POU_L1,Pepsi_Black,12,0.0,0.0,0.0,0.0,0.0,0.0
70,Pouso Alegre,POU_L1,Pepsi_Black,13,0.0,0.0,0.0,0.0,0.0,0.0
70,Pouso Alegre,POU_L1,Pepsi_Black,14,0.0,0.0,0.0,0.0,0.0,0.0
70,Pouso Alegre,POU_L1,Pepsi_Black,15,0.0,0.0,0.0,0.0,0.0,0.0
70,Pouso Alegre,POU_L1,Guarana_Antarctica,1,0.0,0.0,0.0,0.0,0.0,27771.18
70,Pouso Alegre,POU_L1,Guarana_Antarctica,2,0.0,0.0,23553.87,0.0,15036.480000000003,23553.87
70,Pouso Alegre,POU_L1,Guarana_Antarctica,3,0.0,0.0,0.0,0.0,0.0,0.0
70,Pouso Alegre,POU_L1,Guarana_Antarctica,4,0.0,0.0,0.0,0.0,0.0,10489.4
70,Pouso Alegre,POU_L1,Guarana_Antarctica,5,0.0,0.0,0.0,0.0,0.0,0.0
70,Pouso Alegre,POU_L1,Guarana_Antarctica,6,0.0,0.0,0.0,0.0,0.0,0.0
70,Pouso Alegre,POU_L1,Guarana_Antarctica,7,0.0,0.0,0.0,0.0,0.0,0.0
70,Pouso Alegre,POU_L1,Guarana_Antarctica,8,0.0,0.0,0.0,0.0,0.0,0.0
70,Pouso Alegre,POU_L1,Guarana_Antarctica,9,0.0,0.0,0.0,0.0,0.0,0.0
70,Pouso Alegre,POU_L1,Guarana_Antarctica,10,0.0,0.0,0.0,0.0,0.0,0.0
70,Pouso Alegre,POU_L1,Guarana_Antarctica,11,0.0,0.0,0.0,0.0,0.0,0.0
70,Pouso Alegre,POU_L1,Guarana_Antarctica,12,0.0,0.0,0.0,0.0,0.0,0.0
70,Pouso Alegre,POU_L1,Guarana_Antarctica,13,0.0,0.0,0.0,0.0,0.0,0.0
70,Pouso Alegre,POU_L1,Guarana_Antarctica,14,0.0,0.0,0.0,0.0,0.0,29453.7
70,Pouso Alegre,POU_L1,Guarana_Antarctica,15,0.0,0.0,0.0,0.0,0.0,0.0
70,Pouso Alegre,POU_L1,Amstel_Lata,1,0.0,0.0,0.0,0.0,0.0,0.0
70,Pouso Alegre,POU_L1,Amstel_Lata,2,0.0,0.0,0.0,0.0,0.0,1866.92
70,Pouso Alegre,POU_L1,Amstel_Lata,3,0.0,0.0,0.0,0.0,0.0,206.98000000000684
70,Pouso Alegre,POU_L1,Amstel_Lata,4,0.0,0.0,0.0,0.0,0.0,0.0
70,Pouso Alegre,POU_L1,Amstel_Lata,5,0.0,0.0,0.0,0.0,0.0,2724.2
70,Pouso Alegre,POU_L1,Amstel_Lata,6,0.0,0.0,0.0,0.0,31692.5,0.0
70,Pouso Alegre,POU_L1,Amstel_Lata,7,0.0,0.0,0.0,0.0,15523.71,0.0
70,Pouso Alegre,POU_L1,Amstel_Lata,8,0.0,0.0,0.0,0.0,36810.41,0.0
70,Pouso Alegre,POU_L1,Amstel_Lata,9,0.0,0.0,0.0,0.0,0.0,0.0
70,Pouso Alegre,POU_L1,Amstel_Lata,10,0.0,0.0,0.0,0.0,0.0,0.0
70,Pouso Alegre,POU_L1,Amstel_Lata,11,0.0,0.0,0.0,0.0,0.0,0.0
70,Pouso Alegre,POU_L1,Amstel_Lata,12,0.0,0.0,0.0,0.0,25602.919999999987,0.0
70,Pouso Alegre,POU_L1,Amstel_Lata,13,0.0,0.0,0.0,0.0,40104.0,0.0
70,Pouso Alegre,POU_L1,Amstel_Lata,14,0.0,0.0,0.0,0.0,0.0,0.0
70,Pouso Alegre,POU_L1,Amstel_Lata,15,0.0,0.0,0.0,0.0,14858.179999999995,0.0
70,Pouso Alegre,POU_L1,Del_Valle_Laranja,1,0.0,0.0,5174.15,0.0,0.0,5174.15
70,Pouso Alegre,POU_L1,Del_Valle_Laranja,2,0.0,0.0,0.0,0.0,0.0,0.0
70,Pouso Alegre,POU_L1,Del_Valle_Laranja,3,0.0,0.0,0.0,0.0,0.0,0.0
70,Pouso Alegre,POU_L1,Del_Valle_Laranja,4,0.0,0.0,0.0,0.0,0.0,0.0
70,Pouso Alegre,POU_L1,Del_Valle_Laranja,5,0.0,0.0,0.0,0.0,0.0,0.0
70,Pouso Alegre,POU_L1,Del_Valle_Laranja,6,0.0,0.0,0.0,0.0,0.0,0.0
70,Pouso Alegre,POU_L1,Del_Valle_Laranja,7,0.0,0.0,0.0,0.0,0.0,0.0
70,Pouso Alegre,POU_L1,Del_Valle_Laranja,8,0.0,0.0,0.0,0.0,0.0,0.0
70,Pouso Alegre,POU_L1,Del_Valle_Laranja,9,0.0,0.0,0.0,0.0,0.0,0.0
70,Pouso Alegre,POU_L1,Del_Valle_Laranja,10,0.0,0.0,0.0,0.0,0.0,0.0
70,Pouso Alegre,POU_L1,Del_Valle_Laranja,11,0.0,0.0,0.0,0.0,0.0,0.0
70,Pouso Alegre,POU_L1,Del_Valle_Laranja,12,0.0,0.0,0.0,0.0,0.0,0.0
70,Pouso Alegre,POU_L1,Del_Valle_Laranja,13,0.0,0.0,0.0,0.0,0.0,0.0
70,Pouso Alegre,POU_L1,Del_Valle_Laranja,14,0.0,0.0,0.0,0.0,0.0,0.0
70,Pouso Alegre,POU_L1,Del_Valle_Laranja,15,0.0,0.0,0.0,0.0,0.0,0.0
70,Pouso Alegre,POU_L1,Fanta_Uva,1,0.0,0.0,0.0,0.0,0.0,3819.45
70,Pouso Alegre,POU_L1,Fanta_Uva,2,0.0,0.0,0.0,0.0,0.0,0.0
70,Pouso Alegre,POU_L1,Fanta_Uva,3,0.0,0.0,6542.99,0.0,0.0,6542.99
70,Pouso Alegre,POU_L1,Fanta_Uva,4,0.0,0.0,0.0,0.0,0.0,0.0
70,Pouso Alegre,POU_L1,Fanta_Uva,5,0.0,0.0,0.0,0.0,0.0,0.0
70,Pouso Alegre,POU_L1,Fanta_Uva,6,0.0,0.0,0.0,0.0,0.0,0.0
70,Pouso Alegre,POU_L1,Fanta_Uva,7,0.0,0.0,0.0,0.0,0.0,0.0
70,Pouso Alegre,POU_L1,Fanta_Uva,8,0.0,0.0,0.0,0.0,0.0,0.0
70,Pouso Alegre,POU_L1,Fanta_Uva,9,0.0,0.0,0.0,0.0,0.0,0.0
70,Pouso Alegre,POU_L1,Fanta_Uva,10,0.0,0.0,0.0,0.0,0.0,9216.7
70,Pouso Alegre,POU_L1,Fanta_Uva,11,0.0,0.0,27271.35,0.0,0.0,27271.35
70,Pouso Alegre,POU_L1,Fanta_Uva,12,0.0,0.0,0.0,0.0,0.0,0.0
70,Pouso Alegre,POU_L1,Fanta_Uva,13,0.0,0.0,0.0,0.0,0.0,0.0
70,Pouso Alegre,POU_L1,Fanta_Uva,14,0.0,0.0,0.0,0.0,0.0,0.0
70,Pouso Alegre,POU_L1,Fanta_Uva,15,0.0,0.0,15986.04,0.0,0.0,15986.04
70,Pouso Alegre,POU_L1,Maguary_Maracuja,1,0.0,0.0,0.0,0.0,0.0,0.0
70,Pouso Alegre,POU_L1,Maguary_Maracuja,2,0.0,0.0,0.0,0.0,0.0,0.0
70,Pouso Alegre,POU_L1,Maguary_Maracuja,3,0.0,0.0,0.0,0.0,0.0,0.0
70,Pouso Alegre,POU_L1,Maguary_Maracuja,4,0.0,0.0,0.0,0.0,0.0,0.0
70,Pouso Alegre,POU_L1,Maguary_Maracuja,5,0.0,0.0,0.0,0.0,0.0,0.0
70,Pouso Alegre,POU_L1,Maguary_Maracuja,6,0.0,0.0,0.0,0.0,12011.33,12011.33
70,Pouso Alegre,POU_L1,Maguary_Maracuja,7,0.0,0.0,0.0,0.0,7399.34,7925.970000000001
70,Pouso Alegre,POU_L1,Maguary_Maracuja,8,0.0,0.0,0.0,0.0,2802.12,2275.489999999999
70,Pouso Alegre,POU_L1,Maguary_Maracuja,9,0.0,0.0,3943.01,0.0,0.0,3943.01
70,Pouso Alegre,POU_L1,Maguary_Maracuja,10,0.0,0.0,0.0,0.0,0.0,0.0
70,Pouso Alegre,POU_L1,Maguary_Maracuja,11,0.0,0.0,0.0,0.0,0.0,0.0
70,Pouso Alegre,POU_L1,Maguary_Maracuja,12,0.0,0.0,0.0,0.0,0.0,17108.06
70,Pouso Alegre,POU_L1,Maguary_Maracuja,13,0.0,0.0,0.0,0.0,0.0,4283.35
70,Pouso Alegre,POU_L1,Maguary_Maracuja,14,0.0,0.0,0.0,0.0,0.0,0.0
70,Pouso Alegre,POU_L1,Maguary_Maracuja,15,0.0,0.0,9206.43,0.0,0.0,9206.43
70,Pouso Alegre,POU_L1,Coca_Cola,1,0.0,0.0,0.0,0.0,0.0,0.0
70,Pouso Alegre,POU_L1,Coca_Cola,2,0.0,0.0,0.0,0.0,0.0,0.0
70,Pouso Alegre,POU_L1,Coca_Cola,3,0.0,0.0,0.0,0.0,0.0,0.0
70,Pouso Alegre,POU_L1,Coca_Cola,4,0.0,0.0,0.0,0.0,0.0,0.0
70,Pouso Alegre,POU_L1,Coca_Cola,5,0.0,0.0,0.0,0.0,0.0,0.0
70,Pouso Alegre,POU_L1,Coca_Cola,6,0.0,0.0,0.0,0.0,0.0,0.0
70,Pouso Alegre,POU_L1,Coca_Cola,7,0.0,0.0,0.0,0.0,0.0,0.0
70,Pouso Alegre,POU_L1,Coca_Cola,8,0.0,0.0,0.0,0.0,0.0,0.0
70,Pouso Alegre,POU_L1,Coca_Cola,9,0.0,0.0,0.0,0.0,0.0,0.0
70,Pouso Alegre,POU_L1,Coca_Cola,10,0.0,0.0,0.0,0.0,0.0,0.0
70,Pouso Alegre,POU_L1,Coca_Cola,11,0.0,0.0,0.0,0.0,0.0,0.0
70,Pouso Alegre,POU_L1,Coca_Cola,12,0.0,0.0,0.0,0.0,0.0,27911.83
70,Pouso Alegre,POU_L1,Coca_Cola,13,0.0,0.0,0.0,0.0,0.0,0.0
70,Pouso Alegre,POU_L1,Coca_Cola,14,0.0,0.0,0.0,0.0,0.0,0.0
70,Pouso Alegre,POU_L1,Coca_Cola,15,0.0,0.0,0.0,0.0,0.0,0.0
70,Pouso Alegre,POU_L1,H2OH_Limao,1,0.0,0.0,0.0,0.0,1229.8600000000079,1229.8600000000079
70,Pouso Alegre,POU_L1,H2OH_Limao,2,0.0,0.0,0.0,0.0,0.0,0.0
70,Pouso Alegre,POU_L1,H2OH_Limao,3,0.0,0.0,0.0,0.0,0.0,0.0
70,Pouso Alegre,POU_L1,H2OH_Limao,4,0.0,0.0,0.0,0.0,0.0,0.0
70,Pouso Alegre,POU_L1,H2OH_Limao,5,0.0,0.0,0.0,0.0,0.0,0.0
70,Pouso Alegre,POU_L1,H2OH_Limao,6,0.0,0.0,0.0,0.0,0.0,0.0
70,Pouso Alegre,POU_L1,H2OH_Limao,7,0.0,0.0,0.0,0.0,0.0,0.0
70,Pouso Alegre,POU_L1,H2OH_Limao,8,0.0,0.0,0.0,0.0,0.0,0.0
70,Pouso Alegre,POU_L1,H2OH_Limao,9,0.0,0.0,0.0,0.0,0.0,0.0
70,Pouso Alegre,POU_L1,H2OH_Limao,10,0.0,0.0,0.0,0.0,0.0,0.0
70,Pouso Alegre,POU_L1,H2OH_Limao,11,0.0,0.0,0.0,0.0,0.0,0.0
70,Pouso Alegre,POU_L1,H2OH_Limao,12,0.0,0.0,0.0,0.0,0.0,0.0
70,Pouso Alegre,POU_L1,H2OH_Limao,13,0.0,0.0,13530.69,0.0,0.0,13530.69
70,Pouso Alegre,POU_L1,H2OH_Limao,14,0.0,0.0,0.0,0.0,0.0,0.0
70,Pouso Alegre,POU_L1,H2OH_Limao,15,0.0,0.0,0.0,0.0,0.0,0.0
70,Pouso Alegre,POU_L1,Schweppes_Citrus,1,0.0,0.0,0.0,0.0,0.0,0.0
70,Pouso Alegre,POU_L1,Schweppes_Citrus,2,0.0,0.0,0.0,0.0,0.0,0.0
70,Pouso Alegre,POU_L1,Schweppes_Citrus,3,0.0,0.0,14503.22,0.0,0.0,14503.22
70,Pouso Alegre,POU_L1,Schweppes_Citrus,4,0.0,0.0,0.0,0.0,0.0,33379.55
70,Pouso Alegre,POU_L1,Schweppes_Citrus,5,0.0,0.0,0.0,0.0,6326.550000000003,2539.83
70,Pouso Alegre,POU_L1,Schweppes_Citrus,6,0.0,0.0,0.0,0.0,0.0,0.0
70,Pouso Alegre,POU_L1,Schweppes_Citrus,7,0.0,0.0,0.0,0.0,0.0,0.0
70,Pouso Alegre,POU_L1,Schweppes_Citrus,8,0.0,0.0,0.0,0.0,0.0,0.0
70,Pouso Alegre,POU_L1,Schweppes_Citrus,9,0.0,0.0,0.0,0.0,0.0,12554.14
70,Pouso Alegre,POU_L1,Schweppes_Citrus,10,0.0,0.0,0.0,0.0,0.0,0.0
70,Pouso Alegre,POU_L1,Schweppes_Citrus,11,0.0,0.0,0.0,0.0,0.0,0.0
70,Pouso Alegre,POU_L1,Schweppes_Citrus,12,0.0,0.0,0.0,0.0,0.0,0.0
70,Pouso Alegre,POU_L1,Schweppes_Citrus,13,0.0,0.0,0.0,0.0,0.0,9200.45
70,Pouso Alegre,POU_L1,Schweppes_Citrus,14,0.0,0.0,0.0,0.0,0.0,0.0
70,Pouso Alegre,POU_L1,Schweppes_Citrus,15,0.0,0.0,0.0,0.0,0.0,0.0
70,Pouso Alegre,POU_L1,Sprite,1,0.0,0.0,0.0,0.0,0.0,0.0
70,Pouso Alegre,POU_L1,Sprite,2,0.0,0.0,0.0,0.0,0.0,0.0
70,Pouso Alegre,POU_L1,Sprite,3,0.0,0.0,0.0,0.0,0.0,0.0
70,Pouso Alegre,POU_L1,Sprite,4,0.0,0.0,0.0,0.0,0.0,0.0
70,Pouso Alegre,POU_L1,Sprite,5,0.0,0.0,0.0,0.0,0.0,0.0
70,Pouso Alegre,POU_L1,Sprite,6,0.0,0.0,0.0,0.0,0.0,0.0
70,Pouso Alegre,POU_L1,Sprite,7,0.0,0.0,0.0,0.0,0.0,0.0
70,Pouso Alegre,POU_L1,Sprite,8,0.0,0.0,0.0,0.0,0.0,2067.83
70,Pouso Alegre,POU_L1,Sprite,9,0.0,0.0,0.0,0.0,0.0,4628.479999999991
70,Pouso Alegre,POU_L1,Sprite,10,0.0,0.0,0.0,0.0,4628.479999999991,0.0
70,Pouso Alegre,POU_L1,Sprite,11,0.0,0.0,0.0,0.0,0.0,0.0
70,Pouso Alegre,POU_L1,Sprite,12,0.0,0.0,0.0,0.0,0.0,0.0
70,Pouso Alegre,POU_L1,Sprite,13,0.0,0.0,0.0,0.0,0.0,0.0
70,Pouso Alegre,POU_L1,Sprite,14,0.0,0.0,0.0,0.0,0.0,0.0
70,Pouso Alegre,POU_L1,Sprite,15,0.0,0.0,0.0,0.0,0.0,0.0
70,Pouso Alegre,POU_L1,Del_Valle_Uva,1,0.0,0.0,0.0,0.0,0.0,0.0
70,Pouso Alegre,POU_L1,Del_Valle_Uva,2,0.0,0.0,0.0,0.0,0.0,0.0
70,Pouso Alegre,POU_L1,Del_Valle_Uva,3,0.0,0.0,0.0,0.0,0.0,0.0
70,Pouso Alegre,POU_L1,Del_Valle_Uva,4,0.0,0.0,7092.1,0.0,0.0,7092.1
70,Pouso Alegre,POU_L1,Del_Valle_Uva,5,0.0,0.0,0.0,0.0,0.0,0.0
70,Pouso Alegre,POU_L1,Del_Valle_Uva,6,0.0,0.0,0.0,0.0,0.0,0.0
70,Pouso Alegre,POU_L1,Del_Valle_Uva,7,0.0,0.0,0.0,0.0,0.0,0.0
70,Pouso Alegre,POU_L1,Del_Valle_Uva,8,0.0,0.0,9848.95,0.0,0.0,9848.95
70,Pouso Alegre,POU_L1,Del_Valle_Uva,9,0.0,0.0,0.0,0.0,0.0,0.0
70,Pouso Alegre,POU_L1,Del_Valle_Uva,10,0.0,0.0,0.0,0.0,0.0,0.0
70,Pouso Alegre,POU_L1,Del_Valle_Uva,11,0.0,0.0,0.0,0.0,0.0,0.0
70,Pouso Alegre,POU_L1,Del_Valle_Uva,12,0.0,0.0,27185.63,0.0,0.0,27185.63
70,Pouso Alegre,POU_L1,Del_Valle_Uva,13,0.0,0.0,0.0,0.0,0.0,0.0
70,Pouso Alegre,POU_L1,Del_Valle_Uva,14,0.0,0.0,0.0,0.0,0.0,0.0
70,Pouso Alegre,POU_L1,Del_Valle_Uva,15,0.0,0.0,0.0,0.0,0.0,0.0
70,Pouso Alegre,POU_L1,Pepsi,1,0.0,0.0,0.0,0.0,0.0,0.0
70,Pouso Alegre,POU_L1,Pepsi,2,13079.119999999999,0.0,0.0,0.0,13079.119999999999,0.0
70,Pouso Alegre,POU_L1,Pepsi,3,0.0,0.0,0.0,0.0,0.0,0.0
70,Pouso Alegre,POU_L1,Pepsi,4,0.0,0.0,0.0,0.0,0.0,0.0
70,Pouso Alegre,POU_L1,Pepsi,5,0.0,0.0,0.0,0.0,0.0,0.0
70,Pouso Alegre,POU_L1,Pepsi,6,21275.52,0.0,0.0,0.0,21275.52,0.0
70,Pouso Alegre,POU_L1,Pepsi,7,30858.79,0.0,28065.72,0.0,2793.0700000000015,0.0
70,Pouso Alegre,POU_L1,Pepsi,8,0.0,0.0,0.0,0.0,0.0,0.0
70,Pouso Alegre,POU_L1,Pepsi,9,24844.039999999997,0.0,0.0,0.0,24844.039999999997,0.0
70,Pouso Alegre,POU_L1,Pepsi,10,13975.2,0.0,0.0,0.0,13975.2,0.0
70,Pouso Alegre,POU_L1,Pepsi,11,0.0,0.0,0.0,0.0,0.0,0.0
70,Pouso Alegre,POU_L1,Pepsi,12,16790.25,0.0,0.0,0.0,16790.25,0.0
70,Pouso Alegre,POU_L1,Pepsi,13,14501.1,0.0,0.0,0.0,14501.1,0.0
70,Pouso Alegre,POU_L1,Pepsi,14,8972.57,0.0,0.0,0.0,8972.57,0.0
70,Pouso Alegre,POU_L1,Pepsi,15,6482.04,0.0,0.0,0.0,6482.04,0.0
70,Pouso Alegre,POU_L2,Fanta_Laranja,1,0.0,0.0,0.0,0.0,0.0,0.0
70,Pouso Alegre,POU_L2,Fanta_Laranja,2,0.0,0.0,0.0,0.0,0.0,0.0
70,Pouso Alegre,POU_L2,Fanta_Laranja,3,0.0,0.0,0.0,0.0,0.0,0.0
70,Pouso Alegre,POU_L2,Fanta_Laranja,4,0.0,0.0,0.0,0.0,0.0,10260.78
70,Pouso Alegre,POU_L2,Fanta_Laranja,5,0.0,0.0,0.0,0.0,0.0,0.0
70,Pouso Alegre,POU_L2,Fanta_Laranja,6,0.0,0.0,0.0,0.0,0.0,29639.059999999998
70,Pouso Alegre,POU_L2,Fanta_Laranja,7,0.0,0.0,0.0,0.0,0.0,0.0
70,Pouso Alegre,POU_L2,Fanta_Laranja,8,0.0,0.0,0.0,0.0,0.0,0.0
70,Pouso Alegre,POU_L2,Fanta_Laranja,9,0.0,0.0,0.0,0.0,0.0,22299.14
70,Pouso Alegre,POU_L2,Fanta_Laranja,10,0.0,0.0,0.0,0.0,0.0,0.0
70,Pouso Alegre,POU_L2,Fanta_Laranja,11,0.0,0.0,0.0,0.0,0.0,0.0
70,Pouso Alegre,POU_L2,Fanta_Laranja,12,0.0,0.0,0.0,0.0,0.0,0.0
70,Pouso Alegre,POU_L2,Fanta_Laranja,13,0.0,0.0,0.0,0.0,0.0,0.0
70,Pouso Alegre,POU_L2,Fanta_Laranja,14,0.0,0.0,0.0,0.0,0.0,0.0
70,Pouso Alegre,POU_L2,Fanta_Laranja,15,0.0,0.0,0.0,0.0,0.0,26550.66
70,Pouso Alegre,POU_L2,Itubaina,1,0.0,0.0,0.0,0.0,0.0,0.0
70,Pouso Alegre,POU_L2,Itubaina,2,0.0,0.0,12193.61,0.0,0.0,12193.61
70,Pouso Alegre,POU_L2,Itubaina,3,0.0,0.0,0.0,0.0,0.0,0.0
70,Pouso Alegre,POU_L2,Itubaina,4,0.0,0.0,0.0,0.0,0.0,0.0
70,Pouso Alegre,POU_L2,Itubaina,5,0.0,0.0,0.0,0.0,0.0,18686.89
70,Pouso Alegre,POU_L2,Itubaina,6,0.0,0.0,0.0,0.0,0.0,0.0
70,Pouso Alegre,POU_L2,Itubaina,7,0.0,0.0,0.0,0.0,0.0,0.0
70,Pouso Alegre,POU_L2,Itubaina,8,0.0,0.0,0.0,0.0,0.0,0.0
70,Pouso Alegre,POU_L2,Itubaina,9,0.0,0.0,0.0,0.0,0.0,0.0
70,Pouso Alegre,POU_L2,Itubaina,10,0.0,0.0,0.0,0.0,0.0,0.0
70,Pouso Alegre,POU_L2,Itubaina,11,0.0,0.0,0.0,0.0,0.0,0.0
70,Pouso Alegre,POU_L2,Itubaina,12,0.0,0.0,0.0,0.0,0.0,0.0
70,Pouso Alegre,POU_L2,Itubaina,13,0.0,0.0,0.0,0.0,0.0,0.0
70,Pouso Alegre,POU_L2,Itubaina,14,0.0,0.0,0.0,0.0,0.0,0.0
70,Pouso Alegre,POU_L2,Itubaina,15,0.0,0.0,0.0,0.0,0.0,0.0
70,Pouso Alegre,POU_L2,Skol_Lata,1,0.0,0.0,0.0,0.0,38448.0,0.0
70,Pouso Alegre,POU_L2,Skol_Lata,2,0.0,0.0,0.0,0.0,21816.88,0.0
70,Pouso Alegre,POU_L2,Skol_Lata,3,0.0,0.0,0.0,0.0,32698.209999999992,0.0
70,Pouso Alegre,POU_L2,Skol_Lata,4,0.0,0.0,0.0,0.0,37872.0,0.0
70,Pouso Alegre,POU_L2,Skol_Lata,5,0.0,0.0,0.0,0.0,41520.0,0.0
70,Pouso Alegre,POU_L2,Skol_Lata,6,0.0,0.0,0.0,0.0,19620.48,0.0
70,Pouso Alegre,POU_L2,Skol_Lata,7,0.0,0.0,0.0,0.0,8861.21,0.0
70,Pouso Alegre,POU_L2,Skol_Lata,8,0.0,0.0,0.0,0.0,14782.94,0.0
70,Pouso Alegre,POU_L2,Skol_Lata,9,0.0,0.0,0.0,0.0,12883.96,0.0
70,Pouso Alegre,POU_L2,Skol_Lata,10,0.0,0.0,0.0,0.0,24856.800000000007,0.0
70,Pouso Alegre,POU_L2,Skol_Lata,11,0.0,0.0,0.0,0.0,39744.0,0.0
70,Pouso Alegre,POU_L2,Skol_Lata,12,0.0,0.0,0.0,0.0,4991.769999999997,0.0
70,Pouso Alegre,POU_L2,Skol_Lata,13,0.0,0.0,0.0,0.0,0.0,0.0
70,Pouso Alegre,POU_L2,Skol_Lata,14,0.0,0.0,0.0,0.0,13493.35,0.0
70,Pouso Alegre,POU_L2,Skol_Lata,15,0.0,0.0,0.0,0.0,0.0,0.0
70,Pouso Alegre,POU_L2,Heineken_Lata,1,0.0,0.0,0.0,0.0,0.0,0.0
70,Pouso Alegre,POU_L2,Heineken_Lata,2,0.0,0.0,0.0,0.0,0.0,0.0
70,Pouso Alegre,POU_L2,Heineken_Lata,3,11639.300000000001,0.0,0.0,0.0,11639.300000000001,0.0
70,Pouso Alegre,POU_L2,Heineken_Lata,4,0.0,0.0,0.0,0.0,0.0,0.0
70,Pouso Alegre,POU_L2,Heineken_Lata,5,0.0,0.0,0.0,0.0,0.0,0.0
70,Pouso Alegre,POU_L2,Heineken_Lata,6,0.0,0.0,0.0,0.0,0.0,0.0
70,Pouso Alegre,POU_L2,Heineken_Lata,7,22276.29,0.0,18907.71,0.0,3368.5800000000017,0.0
70,Pouso Alegre,POU_L2,Heineken_Lata,8,4253.589999999999,0.0,0.0,0.0,4253.589999999998,1356.07
70,Pouso Alegre,POU_L2,Heineken_Lata,9,36685.97,0.0,14772.42,0.0,21913.55,0.0
70,Pouso Alegre,POU_L2,Heineken_Lata,10,0.0,0.0,0.0,0.0,0.0,0.0
70,Pouso Alegre,POU_L2,Heineken_Lata,11,37200.0,0.0,0.0,0.0,37200.0,0.0
70,Pouso Alegre,POU_L2,Heineken_Lata,12,13517.08000000001,0.0,0.0,0.0,13517.080000000013,0.0
70,Pouso Alegre,POU_L2,Heineken_Lata,13,0.0,0.0,10247.13,0.0,0.0,10247.13
70,Pouso Alegre,POU_L2,Heineken_Lata,14,39840.0,0.0,0.0,0.0,39839.99999999999,0.0
70,Pouso Alegre,POU_L2,Heineken_Lata,15,0.0,0.0,0.0,0.0,0.0,0.0
70,Pouso Alegre,POU_L2,Coca_Cola_Zero,1,0.0,0.0,0.0,0.0,0.0,0.0
70,Pouso Alegre,POU_L2,Coca_Cola_Zero,2,0.0,0.0,0.0,0.0,0.0,0.0
70,Pouso Alegre,POU_L2,Coca_Cola_Zero,3,0.0,0.0,0.0,0.0,0.0,27980.08
70,Pouso Alegre,POU_L2,Coca_Cola_Zero,4,0.0,0.0,5510.68,0.0,0.0,5510.68
70,Pouso Alegre,POU_L2,Coca_Cola_Zero,5,0.0,0.0,0.0,0.0,0.0,0.0
70,Pouso Alegre,POU_L2,Coca_Cola_Zero,6,0.0,0.0,0.0,0.0,0.0,0.0
70,Pouso Alegre,POU_L2,Coca_Cola_Zero,7,0.0,0.0,0.0,0.0,0.0,0.0
70,Pouso Alegre,POU_L2,Coca_Cola_Zero,8,0.0,0.0,25440.42,0.0,0.0,25440.42
70,Pouso Alegre,POU_L2,Coca_Cola_Zero,9,0.0,0.0,0.0,0.0,0.0,0.0
70,Pouso Alegre,POU_L2,Coca_Cola_Zero,10,0.0,0.0,0.0,0.0,0.0,0.0
70,Pouso Alegre,POU_L2,Coca_Cola_Zero,11,0.0,0.0,0.0,0.0,0.0,0.0
70,Pouso Alegre,POU_L2,Coca_Cola_Zero,12,0.0,0.0,0.0,0.0,0.0,0.0
70,Pouso Alegre,POU_L2,Coca_Cola_Zero,13,0.0,0.0,0.0,0.0,0.0,0.0
70,Pouso Alegre,POU_L2,Coca_Cola_Zero,14,0.0,0.0,0.0,0.0,0.0,0.0
70,Pouso Alegre,POU_L2,Coca_Cola_Zero,15,0.0,0.0,0.0,0.0,0.0,0.0
70,Pouso Alegre,POU_L2,Antarctica_Lata,1,0.0,0.0,8179.84,0.0,0.0,8179.84
70,Pouso Alegre,POU_L2,Antarctica_Lata,2,0.0,0.0,0.0,0.0,0.0,0.0
70,Pouso Alegre,POU_L2,Antarctica_Lata,3,0.0,0.0,0.0,0.0,0.0,0.0
70,Pouso Alegre,POU_L2,Antarctica_Lata,4,0.0,0.0,0.0,0.0,0.0,0.0
70,Pouso Alegre,POU_L2,Antarctica_Lata,5,0.0,0.0,0.0,0.0,0.0,0.0
70,Pouso Alegre,POU_L2,Antarctica_Lata,6,0.0,0.0,0.0,0.0,0.0,0.0
70,Pouso Alegre,POU_L2,Antarctica_Lata,7,0.0,0.0,0.0,0.0,0.0,0.0
70,Pouso Alegre,POU_L2,Antarctica_Lata,8,0.0,0.0,0.0,0.0,0.0,0.0
70,Pouso Alegre,POU_L2,Antarctica_Lata,9,0.0,0.0,0.0,0.0,0.0,0.0
70,Pouso Alegre,POU_L2,Antarctica_Lata,10,0.0,0.0,0.0,0.0,0.0,0.0
70,Pouso Alegre,POU_L2,Antarctica_Lata,11,0.0,0.0,0.0,0.0,0.0,0.0
70,Pouso Alegre,POU_L2,Antarctica_Lata,12,0.0,0.0,0.0,0.0,0.0,0.0
70,Pouso Alegre,POU_L2,Antarctica_Lata,13,0.0,0.0,0.0,0.0,0.0,0.0
70,Pouso Alegre,POU_L2,Antarctica_Lata,14,0.0,0.0,0.0,0.0,0.0,10742.57
70,Pouso Alegre,POU_L2,Antarctica_Lata,15,0.0,0.0,0.0,0.0,0.0,0.0
70,Pouso Alegre,POU_L2,Spaten_Lata,1,0.0,0.0,0.0,0.0,0.0,0.0
70,Pouso Alegre,POU_L2,Spaten_Lata,2,0.0,0.0,0.0,0.0,0.0,0.0
70,Pouso Alegre,POU_L2,Spaten_Lata,3,0.0,0.0,0.0,0.0,0.0,0.0
70,Pouso Alegre,POU_L2,Spaten_Lata,4,0.0,0.0,0.0,0.0,0.0,8458.81
70,Pouso Alegre,POU_L2,Spaten_Lata,5,0.0,0.0,0.0,0.0,0.0,0.0
70,Pouso Alegre,POU_L2,Spaten_Lata,6,0.0,0.0,0.0,0.0,0.0,0.0
70,Pouso Alegre,POU_L2,Spaten_Lata,7,0.0,0.0,0.0,0.0,0.0,0.0
70,Pouso Alegre,POU_L2,Spaten_Lata,8,0.0,0.0,0.0,0.0,0.0,0.0
70,Pouso Alegre,POU_L2,Spaten_Lata,9,0.0,0.0,0.0,0.0,0.0,0.0
70,Pouso Alegre,POU_L2,Spaten_Lata,10,0.0,0.0,0.0,0.0,0.0,0.0
70,Pouso Alegre,POU_L2,Spaten_Lata,11,0.0,0.0,0.0,0.0,0.0,0.0
70,Pouso Alegre,POU_L2,Spaten_Lata,12,0.0,0.0,0.0,0.0,0.0,0.0
70,Pouso Alegre,POU_L2,Spaten_Lata,13,0.0,0.0,0.0,0.0,0.0,17430.37
70,Pouso Alegre,POU_L2,Spaten_Lata,14,0.0,0.0,0.0,0.0,0.0,18083.82
70,Pouso Alegre,POU_L2,Spaten_Lata,15,0.0,0.0,0.0,0.0,0.0,0.0
70,Pouso Alegre,POU_L2,Maguary_Caju,1,0.0,0.0,0.0,0.0,0.0,0.0
70,Pouso Alegre,POU_L2,Maguary_Caju,2,0.0,0.0,0.0,0.0,0.0,0.0
70,Pouso Alegre,POU_L2,Maguary_Caju,3,0.0,0.0,0.0,0.0,0.0,0.0
70,Pouso Alegre,POU_L2,Maguary_Caju,4,0.0,0.0,9496.95,0.0,0.0,9496.95
70,Pouso Alegre,POU_L2,Maguary_Caju,5,0.0,0.0,7673.89,0.0,0.0,16316.890000000003
70,Pouso Alegre,POU_L2,Maguary_Caju,6,0.0,0.0,0.0,0.0,0.0,363.5099999999984
70,Pouso Alegre,POU_L2,Maguary_Caju,7,0.0,0.0,0.0,0.0,0.0,0.0
70,Pouso Alegre,POU_L2,Maguary_Caju,8,0.0,0.0,0.0,0.0,0.0,25717.7
70,Pouso Alegre,POU_L2,Maguary_Caju,9,0.0,0.0,0.0,0.0,0.0,0.0
70,Pouso Alegre,POU_L2,Maguary_Caju,10,0.0,0.0,0.0,0.0,0.0,0.0
70,Pouso Alegre,POU_L2,Maguary_Caju,11,0.0,0.0,0.0,0.0,0.0,14263.22
70,Pouso Alegre,POU_L2,Maguary_Caju,12,0.0,0.0,0.0,0.0,0.0,0.0
70,Pouso Alegre,POU_L2,Maguary_Caju,13,0.0,0.0,0.0,0.0,0.0,0.0
70,Pouso Alegre,POU_L2,Maguary_Caju,14,0.0,0.0,0.0,0.0,0.0,0.0
70,Pouso Alegre,POU_L2,Maguary_Caju,15,0.0,0.0,0.0,0.0,0.0,0.0
70,Pouso Alegre,POU_L2,Del_Valle_Pessego,1,0.0,0.0,15062.99,0.0,0.0,15062.99
70,Pouso Alegre,POU_L2,Del_Valle_Pessego,2,0.0,0.0,0.0,0.0,0.0,9476.069999999996
70,Pouso Alegre,POU_L2,Del_Valle_Pessego,3,0.0,0.0,0.0,0.0,9476.069999999996,0.0
70,Pouso Alegre,POU_L2,Del_Valle_Pessego,4,0.0,0.0,0.0,0.0,0.0,823.4500000000007
70,Pouso Alegre,POU_L2,Del_Valle_Pessego,5,0.0,0.0,0.0,0.0,0.0,2576.4900000000016
70,Pouso Alegre,POU_L2,Del_Valle_Pessego,6,0.0,0.0,0.0,0.0,0.0,7088.439999999997
70,Pouso Alegre,POU_L2,Del_Valle_Pessego,7,0.0,0.0,6635.73,0.0,0.0,6635.73
70,Pouso Alegre,POU_L2,Del_Valle_Pessego,8,0.0,0.0,0.0,0.0,0.0,0.0
70,Pouso Alegre,POU_L2,Del_Valle_Pessego,9,0.0,0.0,0.0,0.0,0.0,15075.939999999991
70,Pouso Alegre,POU_L2,Del_Valle_Pessego,10,0.0,0.0,0.0,0.0,15075.939999999991,26367.76
70,Pouso Alegre,POU_L2,Del_Valle_Pessego,11,0.0,0.0,0.0,0.0,0.0,0.0
70,Pouso Alegre,POU_L2,Del_Valle_Pessego,12,0.0,0.0,0.0,0.0,0.0,0.0
70,Pouso Alegre,POU_L2,Del_Valle_Pessego,13,0.0,0.0,0.0,0.0,0.0,0.0
70,Pouso Alegre,POU_L2,Del_Valle_Pessego,14,0.0,0.0,0.0,0.0,0.0,17840.079999999987
70,Pouso Alegre,POU_L2,Del_Valle_Pessego,15,0.0,0.0,0.0,0.0,17840.079999999987,0.0
70,Pouso Alegre,POU_L2,Stella_Artois_Pure_Gold,1,0.0,0.0,0.0,0.0,0.0,0.0
70,Pouso Alegre,POU_L2,Stella_Artois_Pure_Gold,2,0.0,0.0,0.0,0.0,9454.84,9454.84
70,Pouso Alegre,POU_L2,Stella_Artois_Pure_Gold,3,0.0,0.0,0.0,0.0,0.0,0.0
70,Pouso Alegre,POU_L2,Stella_Artois_Pure_Gold,4,0.0,0.0,0.0,0.0,0.0,0.0
70,Pouso Alegre,POU_L2,Stella_Artois_Pure_Gold,5,0.0,0.0,0.0,0.0,0.0,0.0
70,Pouso Alegre,POU_L2,Stella_Artois_Pure_Gold,6,0.0,0.0,0.0,0.0,0.0,0.0
70,Pouso Alegre,POU_L2,Stella_Artois_Pure_Gold,7,0.0,0.0,0.0,0.0,0.0,0.0
70,Pouso Alegre,POU_L2,Stella_Artois_Pure_Gold,8,0.0,0.0,0.0,0.0,0.0,0.0
70,Pouso Alegre,POU_L2,Stella_Artois_Pure_Gold,9,0.0,0.0,0.0,0.0,0.0,2313.64
70,Pouso Alegre,POU_L2,Stella_Artois_Pure_Gold,10,0.0,0.0,0.0,0.0,0.0,0.0
70,Pouso Alegre,POU_L2,Stella_Artois_Pure_Gold,11,0.0,0.0,0.0,0.0,0.0,0.0
70,Pouso Alegre,POU_L2,Stella_Artois_Pure_Gold,12,0.0,0.0,9227.17,0.0,0.0,9227.17
70,Pouso Alegre,POU_L2,Stella_Artois_Pure_Gold,13,0.0,0.0,0.0,0.0,0.0,0.0
70,Pouso Alegre,POU_L2,Stella_Artois_Pure_Gold,14,0.0,0.0,0.0,0.0,0.0,0.0
70,Pouso Alegre,POU_L2,Stella_Artois_Pure_Gold,15,0.0,0.0,0.0,0.0,31096.190000000002,31096.190000000002
70,Pouso Alegre,POU_L2,Sprite_Zero,1,0.0,0.0,0.0,0.0,0.0,0.0
70,Pouso Alegre,POU_L2,Sprite_Zero,2,0.0,0.0,0.0,0.0,0.0,0.0
70,Pouso Alegre,POU_L2,Sprite_Zero,3,0.0,0.0,0.0,0.0,0.0,0.0
70,Pouso Alegre,POU_L2,Sprite_Zero,4,0.0,0.0,0.0,0.0,0.0,0.0
70,Pouso Alegre,POU_L2,Sprite_Zero,5,0.0,0.0,17706.98,0.0,0.0,27463.39
70,Pouso Alegre,POU_L2,Sprite_Zero,6,0.0,0.0,0.0,0.0,0.0,0.0
70,Pouso Alegre,POU_L2,Sprite_Zero,7,0.0,0.0,0.0,0.0,0.0,0.0
70,Pouso Alegre,POU_L2,Sprite_Zero,8,0.0,0.0,0.0,0.0,0.0,0.0
70,Pouso Alegre,POU_L2,Sprite_Zero,9,0.0,0.0,0.0,0.0,0.0,0.0
70,Pouso Alegre,POU_L2,Sprite_Zero,10,0.0,0.0,8961.45,0.0,0.0,8961.45
70,Pouso Alegre,POU_L2,Sprite_Zero,11,0.0,0.0,0.0,0.0,0.0,0.0
70,Pouso Alegre,POU_L2,Sprite_Zero,12,0.0,0.0,0.0,0.0,0.0,0.0
70,Pouso Alegre,POU_L2,Sprite_Zero,13,0.0,0.0,0.0,0.0,0.0,0.0
70,Pouso Alegre,POU_L2,Sprite_Zero,14,0.0,0.0,0.0,0.0,0.0,25712.1
70,Pouso Alegre,POU_L2,Sprite_Zero,15,0.0,0.0,0.0,0.0,0.0,0.0
70,Pouso Alegre,POU_L2,Kuat,1,0.0,0.0,0.0,0.0,0.0,0.0
70,Pouso Alegre,POU_L2,Kuat,2,0.0,0.0,0.0,0.0,0.0,0.0
70,Pouso Alegre,POU_L2,Kuat,3,0.0,0.0,0.0,0.0,0.0,0.0
70,Pouso Alegre,POU_L2,Kuat,4,0.0,0.0,0.0,0.0,0.0,0.0
70,Pouso Alegre,POU_L2,Kuat,5,0.0,0.0,0.0,0.0,0.0,0.0
70,Pouso Alegre,POU_L2,Kuat,6,0.0,0.0,0.0,0.0,0.0,0.0
70,Pouso Alegre,POU_L2,Kuat,7,0.0,0.0,0.0,0.0,0.0,0.0
70,Pouso Alegre,POU_L2,Kuat,8,0.0,0.0,0.0,0.0,0.0,0.0
70,Pouso Alegre,POU_L2,Kuat,9,0.0,0.0,0.0,0.0,0.0,0.0
70,Pouso Alegre,POU_L2,Kuat,10,0.0,0.0,0.0,0.0,0.0,28310.27
70,Pouso Alegre,POU_L2,Kuat,11,0.0,0.0,0.0,0.0,0.0,13248.95
70,Pouso Alegre,POU_L2,Kuat,12,0.0,0.0,0.0,0.0,0.0,0.0
70,Pouso Alegre,POU_L2,Kuat,13,0.0,0.0,0.0,0.0,0.0,0.0
70,Pouso Alegre,POU_L2,Kuat,14,0.0,0.0,0.0,0.0,0.0,0.0
70,Pouso Alegre,POU_L2,Kuat,15,0.0,0.0,0.0,0.0,0.0,0.0
70,Pouso Alegre,POU_L2,Sukita_Laranja,1,0.0,0.0,0.0,0.0,0.0,0.0
70,Pouso Alegre,POU_L2,Sukita_Laranja,2,0.0,0.0,0.0,0.0,0.0,26099.93
70,Pouso Alegre,POU_L2,Sukita_Laranja,3,0.0,0.0,0.0,0.0,0.0,0.0
70,Pouso Alegre,POU_L2,Sukita_Laranja,4,0.0,0.0,0.0,0.0,0.0,0.0
70,Pouso Alegre,POU_L2,Sukita_Laranja,5,0.0,0.0,0.0,0.0,0.0,19309.16
70,Pouso Alegre,POU_L2,Sukita_Laranja,6,0.0,0.0,0.0,0.0,0.0,0.0
70,Pouso Alegre,POU_L2,Sukita_Laranja,7,0.0,0.0,0.0,0.0,0.0,0.0
70,Pouso Alegre,POU_L2,Sukita_Laranja,8,0.0,0.0,0.0,0.0,0.0,16821.31
70,Pouso Alegre,POU_L2,Sukita_Laranja,9,0.0,0.0,0.0,0.0,0.0,0.0
70,Pouso Alegre,POU_L2,Sukita_Laranja,10,0.0,0.0,0.0,0.0,0.0,0.0
70,Pouso Alegre,POU_L2,Sukita_Laranja,11,0.0,0.0,0.0,0.0,0.0,0.0
70,Pouso Alegre,POU_L2,Sukita_Laranja,12,0.0,0.0,0.0,0.0,0.0,0.0
70,Pouso Alegre,POU_L2,Sukita_Laranja,13,0.0,0.0,12918.04,0.0,0.0,12918.04
70,Pouso Alegre,POU_L2,Sukita_Laranja,14,0.0,0.0,0.0,0.0,0.0,0.0
70,Pouso Alegre,POU_L2,Sukita_Laranja,15,0.0,0.0,0.0,0.0,0.0,0.0
70,Pouso Alegre,POU_L2,Budweiser_Lata,1,0.0,0.0,0.0,0.0,0.0,0.0
70,Pouso Alegre,POU_L2,Budweiser_Lata,2,0.0,0.0,0.0,0.0,0.0,0.0
70,Pouso Alegre,POU_L2,Budweiser_Lata,3,0.0,0.0,0.0,0.0,0.0,0.0
70,Pouso Alegre,POU_L2,Budweiser_Lata,4,0.0,0.0,0.0,0.0,0.0,0.0
70,Pouso Alegre,POU_L2,Budweiser_Lata,5,0.0,0.0,0.0,0.0,0.0,0.0
70,Pouso Alegre,POU_L2,Budweiser_Lata,6,0.0,0.0,0.0,0.0,0.0,5234.92
70,Pouso Alegre,POU_L2,Budweiser_Lata,7,0.0,0.0,0.0,0.0,0.0,0.0
70,Pouso Alegre,POU_L2,Budweiser_Lata,8,0.0,0.0,0.0,0.0,0.0,0.0
70,Pouso Alegre,POU_L2,Budweiser_Lata,9,0.0,0.0,0.0,0.0,0.0,0.0
70,Pouso Alegre,POU_L2,Budweiser_Lata,10,0.0,0.0,0.0,0.0,0.0,0.0
70,Pouso Alegre,POU_L2,Budweiser_Lata,11,0.0,0.0,0.0,0.0,0.0,0.0
70,Pouso Alegre,POU_L2,Budweiser_Lata,12,0.0,0.0,0.0,0.0,0.0,0.0
70,Pouso Alegre,POU_L2,Budweiser_Lata,13,0.0,0.0,0.0,0.0,0.0,0.0
70,Pouso Alegre,POU_L2,Budweiser_Lata,14,0.0,0.0,0.0,0.0,0.0,0.0
70,Pouso Alegre,POU_L2,Budweiser_Lata,15,0.0,0.0,0.0,0.0,0.0,0.0
70,Pouso Alegre,POU_L2,Guarana_Antarctica_Zero,1,0.0,0.0,0.0,0.0,32588.379999999997,0.0
70,Pouso Alegre,POU_L2,Guarana_Antarctica_Zero,2,0.0,0.0,0.0,0.0,0.0,0.0
70,Pouso Alegre,POU_L2,Guarana_Antarctica_Zero,3,0.0,0.0,0.0,0.0,0.0,0.0
70,Pouso Alegre,POU_L2,Guarana_Antarctica_Zero,4,0.0,0.0,0.0,0.0,0.0,0.0
70,Pouso Alegre,POU_L2,Guarana_Antarctica_Zero,5,0.0,0.0,0.0,0.0,0.0,0.0
70,Pouso Alegre,POU_L2,Guarana_Antarctica_Zero,6,0.0,0.0,29161.6,0.0,3424.1800000000003,29161.6
70,Pouso Alegre,POU_L2,Guarana_Antarctica_Zero,7,0.0,0.0,0.0,0.0,0.0,0.0
70,Pouso Alegre,POU_L2,Guarana_Antarctica_Zero,8,0.0,0.0,0.0,0.0,0.0,0.0
70,Pouso Alegre,POU_L2,Guarana_Antarctica_Zero,9,0.0,0.0,0.0,0.0,0.0,10795.73
70,Pouso Alegre,POU_L2,Guarana_Antarctica_Zero,10,0.0,0.0,0.0,0.0,0.0,0.0
70,Pouso Alegre,POU_L2,Guarana_Antarctica_Zero,11,0.0,0.0,18224.89,0.0,0.0,18224.89
70,Pouso Alegre,POU_L2,Guarana_Antarctica_Zero,12,0.0,0.0,0.0,0.0,0.0,0.0
70,Pouso Alegre,POU_L2,Guarana_Antarctica_Zero,13,0.0,0.0,0.0,0.0,0.0,0.0
70,Pouso Alegre,POU_L2,Guarana_Antarctica_Zero,14,0.0,0.0,0.0,0.0,0.0,638.17
70,Pouso Alegre,POU_L2,Guarana_Antarctica_Zero,15,0.0,0.0,0.0,0.0,0.0,0.0
70,Pouso Alegre,POU_L2,Itaipava_Lata,1,0.0,0.0,0.0,0.0,0.0,0.0
70,Pouso Alegre,POU_L2,Itaipava_Lata,2,0.0,0.0,0.0,0.0,0.0,0.0
70,Pouso Alegre,POU_L2,Itaipava_Lata,3,0.0,0.0,0.0,0.0,0.0,0.0
70,Pouso Alegre,POU_L2,Itaipava_Lata,4,0.0,0.0,0.0,0.0,0.0,0.0
70,Pouso Alegre,POU_L2,Itaipava_Lata,5,0.0,0.0,0.0,0.0,0.0,0.0
70,Pouso Alegre,POU_L2,Itaipava_Lata,6,0.0,0.0,0.0,0.0,0.0,0.0
70,Pouso Alegre,POU_L2,Itaipava_Lata,7,0.0,0.0,0.0,0.0,0.0,26944.96
70,Pouso Alegre,POU_L2,Itaipava_Lata,8,0.0,0.0,0.0,0.0,0.0,0.0
70,Pouso Alegre,POU_L2,Itaipava_Lata,9,0.0,0.0,0.0,0.0,0.0,13529.49
70,Pouso Alegre,POU_L2,Itaipava_Lata,10,0.0,0.0,0.0,0.0,0.0,0.0
70,Pouso Alegre,POU_L2,Itaipava_Lata,11,0.0,0.0,0.0,0.0,0.0,0.0
70,Pouso Alegre,POU_L2,Itaipava_Lata,12,0.0,0.0,0.0,0.0,0.0,0.0
70,Pouso Alegre,POU_L2,Itaipava_Lata,13,0.0,0.0,0.0,0.0,0.0,0.0
70,Pouso Alegre,POU_L2,Itaipava_Lata,14,0.0,0.0,0.0,0.0,0.0,0.0
70,Pouso Alegre,POU_L2,Itaipava_Lata,15,0.0,0.0,0.0,0.0,0.0,0.0
70,Pouso Alegre,POU_L2,Brahma_Lata,1,0.0,0.0,0.0,0.0,0.0,21707.54
70,Pouso Alegre,POU_L2,Brahma_Lata,2,0.0,0.0,0.0,0.0,0.0,0.0
70,Pouso Alegre,POU_L2,Brahma_Lata,3,0.0,0.0,0.0,0.0,0.0,0.0
70,Pouso Alegre,POU_L2,Brahma_Lata,4,0.0,0.0,0.0,0.0,0.0,0.0
70,Pouso Alegre,POU_L2,Brahma_Lata,5,0.0,0.0,0.0,0.0,0.0,0.0
70,Pouso Alegre,POU_L2,Brahma_Lata,6,0.0,0.0,0.0,0.0,0.0,0.0
70,Pouso Alegre,POU_L2,Brahma_Lata,7,0.0,0.0,0.0,0.0,0.0,0.0
70,Pouso Alegre,POU_L2,Brahma_Lata,8,0.0,0.0,0.0,0.0,0.0,0.0
70,Pouso Alegre,POU_L2,Brahma_Lata,9,0.0,0.0,0.0,0.0,0.0,0.0
70,Pouso Alegre,POU_L2,Brahma_Lata,10,0.0,0.0,0.0,0.0,0.0,0.0
70,Pouso Alegre,POU_L2,Brahma_Lata,11,0.0,0.0,0.0,0.0,0.0,0.0
70,Pouso Alegre,POU_L2,Brahma_Lata,12,0.0,0.0,0.0,0.0,0.0,0.0
70,Pouso Alegre,POU_L2,Brahma_Lata,13,0.0,0.0,0.0,0.0,0.0,0.0
70,Pouso Alegre,POU_L2,Brahma_Lata,14,0.0,0.0,0.0,0.0,0.0,0.0
70,Pouso Alegre,POU_L2,Brahma_Lata,15,0.0,0.0,24138.22,0.0,0.0,24138.22
70,Pouso Alegre,POU_L2,Eisenbahn_Pilsen,1,0.0,0.0,0.0,0.0,7059.620000000002,0.0
70,Pouso Alegre,POU_L2,Eisenbahn_Pilsen,2,0.0,0.0,0.0,0.0,0.0,0.0
70,Pouso Alegre,POU_L2,Eisenbahn_Pilsen,3,0.0,0.0,0.0,0.0,18571.750000000007,0.0
70,Pouso Alegre,POU_L2,Eisenbahn_Pilsen,4,0.0,0.0,0.0,0.0,16784.820000000007,0.0
70,Pouso Alegre,POU_L2,Eisenbahn_Pilsen,5,0.0,0.0,0.0,0.0,40845.51,4845.510000000002
70,Pouso Alegre,POU_L2,Eisenbahn_Pilsen,6,0.0,0.0,0.0,0.0,26579.9,0.0
70,Pouso Alegre,POU_L2,Eisenbahn_Pilsen,7,0.0,0.0,0.0,0.0,12101.670000000002,0.0
70,Pouso Alegre,POU_L2,Eisenbahn_Pilsen,8,0.0,0.0,0.0,0.0,0.0,0.0
70,Pouso Alegre,POU_L2,Eisenbahn_Pilsen,9,0.0,0.0,0.0,0.0,0.0,0.0
70,Pouso Alegre,POU_L2,Eisenbahn_Pilsen,10,0.0,0.0,0.0,0.0,6588.46,0.0
70,Pouso Alegre,POU_L2,Eisenbahn_Pilsen,11,0.0,0.0,9290.04,0.0,0.0,9290.04
70,Pouso Alegre,POU_L2,Eisenbahn_Pilsen,12,0.0,0.0,0.0,0.0,33112.87,0.0
70,Pouso Alegre,POU_L2,Eisenbahn_Pilsen,13,0.0,0.0,0.0,0.0,7462.3499999999985,0.0
70,Pouso Alegre,POU_L2,Eisenbahn_Pilsen,14,0.0,0.0,0.0,0.0,30478.710000000006,0.0
70,Pouso Alegre,POU_L2,Eisenbahn_Pilsen,15,0.0,0.0,0.0,0.0,0.0,0.0
70,Pouso Alegre,POU_L2,Pepsi_Black,1,0.0,0.0,0.0,0.0,0.0,0.0
70,Pouso Alegre,POU_L2,Pepsi_Black,2,0.0,0.0,14441.25,0.0,0.0,14441.25
70,Pouso Alegre,POU_L2,Pepsi_Black,3,0.0,0.0,0.0,0.0,0.0,0.0
70,Pouso Alegre,POU_L2,Pepsi_Black,4,0.0,0.0,0.0,0.0,0.0,0.0
70,Pouso Alegre,POU_L2,Pepsi_Black,5,0.0,0.0,0.0,0.0,0.0,0.0
70,Pouso Alegre,POU_L2,Pepsi_Black,6,0.0,0.0,0.0,0.0,0.0,0.0
70,Pouso Alegre,POU_L2,Pepsi_Black,7,0.0,0.0,0.0,0.0,0.0,0.0
70,Pouso Alegre,POU_L2,Pepsi_Black,8,0.0,0.0,0.0,0.0,0.0,0.0
70,Pouso Alegre,POU_L2,Pepsi_Black,9,0.0,0.0,0.0,0.0,0.0,0.0
70,Pouso Alegre,POU_L2,Pepsi_Black,10,0.0,0.0,8348.23,0.0,0.0,8348.23
70,Pouso Alegre,POU_L2,Pepsi_Black,11,0.0,0.0,0.0,0.0,0.0,0.0
70,Pouso Alegre,POU_L2,Pepsi_Black,12,0.0,0.0,0.0,0.0,0.0,0.0
70,Pouso Alegre,POU_L2,Pepsi_Black,13,0.0,0.0,0.0,0.0,0.0,0.0
70,Pouso Alegre,POU_L2,Pepsi_Black,14,0.0,0.0,0.0,0.0,0.0,0.0
70,Pouso Alegre,POU_L2,Pepsi_Black,15,0.0,0.0,0.0,0.0,0.0,0.0
70,Pouso Alegre,POU_L2,Guarana_Antarctica,1,0.0,0.0,0.0,0.0,0.0,27771.18
70,Pouso Alegre,POU_L2,Guarana_Antarctica,2,15036.480000000003,0.0,0.0,0.0,15036.480000000003,23553.87
70,Pouso Alegre,POU_L2,Guarana_Antarctica,3,0.0,0.0,0.0,0.0,0.0,0.0
70,Pouso Alegre,POU_L2,Guarana_Antarctica,4,0.0,0.0,10489.4,0.0,0.0,10489.4
70,Pouso Alegre,POU_L2,Guarana_Antarctica,5,0.0,0.0,0.0,0.0,0.0,0.0
70,Pouso Alegre,POU_L2,Guarana_Antarctica,6,0.0,0.0,0.0,0.0,0.0,0.0
70,Pouso Alegre,POU_L2,Guarana_Antarctica,7,0.0,0.0,0.0,0.0,0.0,0.0
70,Pouso Alegre,POU_L2,Guarana_Antarctica,8,0.0,0.0,0.0,0.0,0.0,0.0
70,Pouso Alegre,POU_L2,Guarana_Antarctica,9,0.0,0.0,0.0,0.0,0.0,0.0
70,Pouso Alegre,POU_L2,Guarana_Antarctica,10,0.0,0.0,0.0,0.0,0.0,0.0
70,Pouso Alegre,POU_L2,Guarana_Antarctica,11,0.0,0.0,0.0,0.0,0.0,0.0
70,Pouso Alegre,POU_L2,Guarana_Antarctica,12,0.0,0.0,0.0,0.0,0.0,0.0
70,Pouso Alegre,POU_L2,Guarana_Antarctica,13,0.0,0.0,0.0,0.0,0.0,0.0
70,Pouso Alegre,POU_L2,Guarana_Antarctica,14,0.0,0.0,29453.7,0.0,0.0,29453.7
70,Pouso Alegre,POU_L2,Guarana_Antarctica,15,0.0,0.0,0.0,0.0,0.0,0.0
70,Pouso Alegre,POU_L2,Amstel_Lata,1,0.0,0.0,0.0,0.0,0.0,0.0
70,Pouso Alegre,POU_L2,Amstel_Lata,2,0.0,0.0,1866.92,0.0,0.0,1866.92
70,Pouso Alegre,POU_L2,Amstel_Lata,3,26376.699999999997,0.0,26583.68,0.0,0.0,206.98000000000684
70,Pouso Alegre,POU_L2,Amstel_Lata,4,0.0,0.0,0.0,0.0,0.0,0.0
70,Pouso Alegre,POU_L2,Amstel_Lata,5,0.0,0.0,0.0,0.0,0.0,2724.2
70,Pouso Alegre,POU_L2,Amstel_Lata,6,31692.5,0.0,0.0,0.0,31692.5,0.0
70,Pouso Alegre,POU_L2,Amstel_Lata,7,15523.710000000001,0.0,0.0,0.0,15523.71,0.0
70,Pouso Alegre,POU_L2,Amstel_Lata,8,36810.41,0.0,0.0,0.0,36810.41,0.0
70,Pouso Alegre,POU_L2,Amstel_Lata,9,0.0,0.0,0.0,0.0,0.0,0.0
70,Pouso Alegre,POU_L2,Amstel_Lata,10,0.0,0.0,0.0,0.0,0.0,0.0
70,Pouso Alegre,POU_L2,Amstel_Lata,11,0.0,0.0,0.0,0.0,0.0,0.0
70,Pouso Alegre,POU_L2,Amstel_Lata,12,25602.919999999987,0.0,0.0,0.0,25602.919999999987,0.0
70,Pouso Alegre,POU_L2,Amstel_Lata,13,40104.0,0.0,0.0,0.0,40104.0,0.0
70,Pouso Alegre,POU_L2,Amstel_Lata,14,0.0,0.0,0.0,0.0,0.0,0.0
70,Pouso Alegre,POU_L2,Amstel_Lata,15,14858.179999999995,0.0,0.0,0.0,14858.179999999995,0.0
70,Pouso Alegre,POU_L2,Del_Valle_Laranja,1,0.0,0.0,0.0,0.0,0.0,5174.15
70,Pouso Alegre,POU_L2,Del_Valle_Laranja,2,0.0,0.0,0.0,0.0,0.0,0.0
70,Pouso Alegre,POU_L2,Del_Valle_Laranja,3,0.0,0.0,0.0,0.0,0.0,0.0
70,Pouso Alegre,POU_L2,Del_Valle_Laranja,4,0.0,0.0,0.0,0.0,0.0,0.0
70,Pouso Alegre,POU_L2,Del_Valle_Laranja,5,0.0,0.0,0.0,0.0,0.0,0.0
70,Pouso Alegre,POU_L2,Del_Valle_Laranja,6,0.0,0.0,0.0,0.0,0.0,0.0
70,Pouso Alegre,POU_L2,Del_Valle_Laranja,7,0.0,0.0,0.0,0.0,0.0,0.0
70,Pouso Alegre,POU_L2,Del_Valle_Laranja,8,0.0,0.0,0.0,0.0,0.0,0.0
70,Pouso Alegre,POU_L2,Del_Valle_Laranja,9,0.0,0.0,0.0,0.0,0.0,0.0
70,Pouso Alegre,POU_L2,Del_Valle_Laranja,10,0.0,0.0,0.0,0.0,0.0,0.0
70,Pouso Alegre,POU_L2,Del_Valle_Laranja,11,0.0,0.0,0.0,0.0,0.0,0.0
70,Pouso Alegre,POU_L2,Del_Valle_Laranja,12,0.0,0.0,0.0,0.0,0.0,0.0
70,Pouso Alegre,POU_L2,Del_Valle_Laranja,13,0.0,0.0,0.0,0.0,0.0,0.0
70,Pouso Alegre,POU_L2,Del_Valle_Laranja,14,0.0,0.0,0.0,0.0,0.0,0.0
70,Pouso Alegre,POU_L2,Del_Valle_Laranja,15,0.0,0.0,0.0,0.0,0.0,0.0
70,Pouso Alegre,POU_L2,Fanta_Uva,1,0.0,0.0,3819.45,0.0,0.0,3819.45
70,Pouso Alegre,POU_L2,Fanta_Uva,2,0.0,0.0,0.0,0.0,0.0,0.0
70,Pouso Alegre,POU_L2,Fanta_Uva,3,0.0,0.0,0.0,0.0,0.0,6542.99
70,Pouso Alegre,POU_L2,Fanta_Uva,4,0.0,0.0,0.0,0.0,0.0,0.0
70,Pouso Alegre,POU_L2,Fanta_Uva,5,0.0,0.0,0.0,0.0,0.0,0.0
70,Pouso Alegre,POU_L2,Fanta_Uva,6,0.0,0.0,0.0,0.0,0.0,0.0
70,Pouso Alegre,POU_L2,Fanta_Uva,7,0.0,0.0,0.0,0.0,0.0,0.0
70,Pouso Alegre,POU_L2,Fanta_Uva,8,0.0,0.0,0.0,0.0,0.0,0.0
70,Pouso Alegre,POU_L2,Fanta_Uva,9,0.0,0.0,0.0,0.0,0.0,0.0
70,Pouso Alegre,POU_L2,Fanta_Uva,10,0.0,0.0,9216.7,0.0,0.0,9216.7
70,Pouso Alegre,POU_L2,Fanta_Uva,11,0.0,0.0,0.0,0.0,0.0,27271.35
70,Pouso Alegre,POU_L2,Fanta_Uva,12,0.0,0.0,0.0,0.0,0.0,0.0
70,Pouso Alegre,POU_L2,Fanta_Uva,13,0.0,0.0,0.0,0.0,0.0,0.0
70,Pouso Alegre,POU_L2,Fanta_Uva,14,0.0,0.0,0.0,0.0,0.0,0.0
70,Pouso Alegre,POU_L2,Fanta_Uva,15,0.0,0.0,0.0,0.0,0.0,15986.04
70,Pouso Alegre,POU_L2,Maguary_Maracuja,1,0.0,0.0,0.0,0.0,0.0,0.0
70,Pouso Alegre,POU_L2,Maguary_Maracuja,2,0.0,0.0,0.0,0.0,0.0,0.0
70,Pouso Alegre,POU_L2,Maguary_Maracuja,3,0.0,0.0,0.0,0.0,0.0,0.0
70,Pouso Alegre,POU_L2,Maguary_Maracuja,4,0.0,0.0,0.0,0.0,0.0,0.0
70,Pouso Alegre,POU_L2,Maguary_Maracuja,5,0.0,0.0,0.0,0.0,0.0,0.0
70,Pouso Alegre,POU_L2,Maguary_Maracuja,6,0.0,0.0,0.0,0.0,12011.33,12011.33
70,Pouso Alegre,POU_L2,Maguary_Maracuja,7,0.0,526.630000000001,0.0,0.0,7399.34,7925.970000000001
70,Pouso Alegre,POU_L2,Maguary_Maracuja,8,0.0,0.0,0.0,0.0,2802.12,2275.489999999999
70,Pouso Alegre,POU_L2,Maguary_Maracuja,9,0.0,0.0,0.0,0.0,0.0,3943.01
70,Pouso Alegre,POU_L2,Maguary_Maracuja,10,0.0,0.0,0.0,0.0,0.0,0.0
70,Pouso Alegre,POU_L2,Maguary_Maracuja,11,0.0,0.0,0.0,0.0,0.0,0.0
70,Pouso Alegre,POU_L2,Maguary_Maracuja,12,0.0,0.0,17108.06,0.0,0.0,17108.06
70,Pouso Alegre,POU_L2,Maguary_Maracuja,13,0.0,0.0,4283.35,0.0,0.0,4283.35
70,Pouso Alegre,POU_L2,Maguary_Maracuja,14,0.0,0.0,0.0,0.0,0.0,0.0
70,Pouso Alegre,POU_L2,Maguary_Maracuja,15,0.0,0.0,0.0,0.0,0.0,9206.43
70,Pouso Alegre,POU_L2,Coca_Cola,1,0.0,0.0,0.0,0.0,0.0,0.0
70,Pouso Alegre,POU_L2,Coca_Cola,2,0.0,0.0,0.0,0.0,0.0,0.0
70,Pouso Alegre,POU_L2,Coca_Cola,3,0.0,0.0,0.0,0.0,0.0,0.0
70,Pouso Alegre,POU_L2,Coca_Cola,4,0.0,0.0,0.0,0.0,0.0,0.0
70,Pouso Alegre,POU_L2,Coca_Cola,5,0.0,0.0,0.0,0.0,0.0,0.0
70,Pouso Alegre,POU_L2,Coca_Cola,6,0.0,0.0,0.0,0.0,0.0,0.0
70,Pouso Alegre,POU_L2,Coca_Cola,7,0.0,0.0,0.0,0.0,0.0,0.0
70,Pouso Alegre,POU_L2,Coca_Cola,8,0.0,0.0,0.0,0.0,0.0,0.0
70,Pouso Alegre,POU_L2,Coca_Cola,9,0.0,0.0,0.0,0.0,0.0,0.0
70,Pouso Alegre,POU_L2,Coca_Cola,10,0.0,0.0,0.0,0.0,0.0,0.0
70,Pouso Alegre,POU_L2,Coca_Cola,11,0.0,0.0,0.0,0.0,0.0,0.0
70,Pouso Alegre,POU_L2,Coca_Cola,12,0.0,0.0,0.0,0.0,0.0,27911.83
70,Pouso Alegre,POU_L2,Coca_Cola,13,0.0,0.0,0.0,0.0,0.0,0.0
70,Pouso Alegre,POU_L2,Coca_Cola,14,0.0,0.0,0.0,0.0,0.0,0.0
70,Pouso Alegre,POU_L2,Coca_Cola,15,0.0,0.0,0.0,0.0,0.0,0.0
70,Pouso Alegre,POU_L2,H2OH_Limao,1,0.0,0.0,0.0,0.0,1229.8600000000079,1229.8600000000079
70,Pouso Alegre,POU_L2,H2OH_Limao,2,0.0,0.0,0.0,0.0,0.0,0.0
70,Pouso Alegre,POU_L2,H2OH_Limao,3,0.0,0.0,0.0,0.0,0.0,0.0
70,Pouso Alegre,POU_L2,H2OH_Limao,4,0.0,0.0,0.0,0.0,0.0,0.0
70,Pouso Alegre,POU_L2,H2OH_Limao,5,0.0,0.0,0.0,0.0,0.0,0.0
70,Pouso Alegre,POU_L2,H2OH_Limao,6,0.0,0.0,0.0,0.0,0.0,0.0
70,Pouso Alegre,POU_L2,H2OH_Limao,7,0.0,0.0,0.0,0.0,0.0,0.0
70,Pouso Alegre,POU_L2,H2OH_Limao,8,0.0,0.0,0.0,0.0,0.0,0.0
70,Pouso Alegre,POU_L2,H2OH_Limao,9,0.0,0.0,0.0,0.0,0.0,0.0
70,Pouso Alegre,POU_L2,H2OH_Limao,10,0.0,0.0,0.0,0.0,0.0,0.0
70,Pouso Alegre,POU_L2,H2OH_Limao,11,0.0,0.0,0.0,0.0,0.0,0.0
70,Pouso Alegre,POU_L2,H2OH_Limao,12,0.0,0.0,0.0,0.0,0.0,0.0
70,Pouso Alegre,POU_L2,H2OH_Limao,13,0.0,0.0,0.0,0.0,0.0,13530.69
70,Pouso Alegre,POU_L2,H2OH_Limao,14,0.0,0.0,0.0,0.0,0.0,0.0
70,Pouso Alegre,POU_L2,H2OH_Limao,15,0.0,0.0,0.0,0.0,0.0,0.0
70,Pouso Alegre,POU_L2,Schweppes_Citrus,1,0.0,0.0,0.0,0.0,0.0,0.0
70,Pouso Alegre,POU_L2,Schweppes_Citrus,2,0.0,0.0,0.0,0.0,0.0,0.0
70,Pouso Alegre,POU_L2,Schweppes_Citrus,3,0.0,0.0,0.0,0.0,0.0,14503.22
70,Pouso Alegre,POU_L2,Schweppes_Citrus,4,0.0,6326.550000000003,0.0,0.0,0.0,33379.55
70,Pouso Alegre,POU_L2,Schweppes_Citrus,5,0.0,0.0,0.0,0.0,6326.550000000003,2539.83
70,Pouso Alegre,POU_L2,Schweppes_Citrus,6,0.0,0.0,0.0,0.0,0.0,0.0
70,Pouso Alegre,POU_L2,Schweppes_Citrus,7,0.0,0.0,0.0,0.0,0.0,0.0
70,Pouso Alegre,POU_L2,Schweppes_Citrus,8,0.0,0.0,0.0,0.0,0.0,0.0
70,Pouso Alegre,POU_L2,Schweppes_Citrus,9,0.0,0.0,12554.14,0.0,0.0,12554.14
70,Pouso Alegre,POU_L2,Schweppes_Citrus,10,0.0,0.0,0.0,0.0,0.0,0.0
70,Pouso Alegre,POU_L2,Schweppes_Citrus,11,0.0,0.0,0.0,0.0,0.0,0.0
70,Pouso Alegre,POU_L2,Schweppes_Citrus,12,0.0,0.0,0.0,0.0,0.0,0.0
70,Pouso Alegre,POU_L2,Schweppes_Citrus,13,0.0,0.0,0.0,0.0,0.0,9200.45
70,Pouso Alegre,POU_L2,Schweppes_Citrus,14,0.0,0.0,0.0,0.0,0.0,0.0
70,Pouso Alegre,POU_L2,Schweppes_Citrus,15,0.0,0.0,0.0,0.0,0.0,0.0
70,Pouso Alegre,POU_L2,Sprite,1,0.0,0.0,0.0,0.0,0.0,0.0
70,Pouso Alegre,POU_L2,Sprite,2,0.0,0.0,0.0,0.0,0.0,0.0
70,Pouso Alegre,POU_L2,Sprite,3,0.0,0.0,0.0,0.0,0.0,0.0
70,Pouso Alegre,POU_L2,Sprite,4,0.0,0.0,0.0,0.0,0.0,0.0
70,Pouso Alegre,POU_L2,Sprite,5,0.0,0.0,0.0,0.0,0.0,0.0
70,Pouso Alegre,POU_L2,Sprite,6,0.0,0.0,0.0,0.0,0.0,0.0
70,Pouso Alegre,POU_L2,Sprite,7,0.0,0.0,0.0,0.0,0.0,0.0
70,Pouso Alegre,POU_L2,Sprite,8,0.0,0.0,2067.83,0.0,0.0,2067.83
70,Pouso Alegre,POU_L2,Sprite,9,0.0,4628.479999999991,0.0,0.0,0.0,4628.479999999991
70,Pouso Alegre,POU_L2,Sprite,10,0.0,0.0,0.0,0.0,4628.479999999991,0.0
70,Pouso Alegre,POU_L2,Sprite,11,0.0,0.0,0.0,0.0,0.0,0.0
70,Pouso Alegre,POU_L2,Sprite,12,0.0,0.0,0.0,0.0,0.0,0.0
70,Pouso Alegre,POU_L2,Sprite,13,0.0,0.0,0.0,0.0,0.0,0.0
70,Pouso Alegre,POU_L2,Sprite,14,0.0,0.0,0.0,0.0,0.0,0.0
70,Pouso Alegre,POU_L2,Sprite,15,0.0,0.0,0.0,0.0,0.0,0.0
70,Pouso Alegre,POU_L2,Del_Valle_Uva,1,0.0,0.0,0.0,0.0,0.0,0.0
70,Pouso Alegre,POU_L2,Del_Valle_Uva,2,0.0,0.0,0.0,0.0,0.0,0.0
70,Pouso Alegre,POU_L2,Del_Valle_Uva,3,0.0,0.0,0.0,0.0,0.0,0.0
70,Pouso Alegre,POU_L2,Del_Valle_Uva,4,0.0,0.0,0.0,0.0,0.0,7092.1
70,Pouso Alegre,POU_L2,Del_Valle_Uva,5,0.0,0.0,0.0,0.0,0.0,0.0
70,Pouso Alegre,POU_L2,Del_Valle_Uva,6,0.0,0.0,0.0,0.0,0.0,0.0
70,Pouso Alegre,POU_L2,Del_Valle_Uva,7,0.0,0.0,0.0,0.0,0.0,0.0
70,Pouso Alegre,POU_L2,Del_Valle_Uva,8,0.0,0.0,0.0,0.0,0.0,9848.95
70,Pouso Alegre,POU_L2,Del_Valle_Uva,9,0.0,0.0,0.0,0.0,0.0,0.0
70,Pouso Alegre,POU_L2,Del_Valle_Uva,10,0.0,0.0,0.0,0.0,0.0,0.0
70,Pouso Alegre,POU_L2,Del_Valle_Uva,11,0.0,0.0,0.0,0.0,0.0,0.0
70,Pouso Alegre,POU_L2,Del_Valle_Uva,12,0.0,0.0,0.0,0.0,0.0,27185.63
70,Pouso Alegre,POU_L2,Del_Valle_Uva,13,0.0,0.0,0.0,0.0,0.0,0.0
70,Pouso Alegre,POU_L2,Del_Valle_Uva,14,0.0,0.0,0.0,0.0,0.0,0.0
70,Pouso Alegre,POU_L2,Del_Valle_Uva,15,0.0,0.0,0.0,0.0,0.0,0.0
70,Pouso Alegre,POU_L2,Pepsi,1,0.0,0.0,0.0,0.0,0.0,0.0
70,Pouso Alegre,POU_L2,Pepsi,2,0.0,0.0,0.0,0.0,13079.119999999999,0.0
70,Pouso Alegre,POU_L2,Pepsi,3,0.0,0.0,0.0,0.0,0.0,0.0
70,Pouso Alegre,POU_L2,Pepsi,4,0.0,0.0,0.0,0.0,0.0,0.0
70,Pouso Alegre,POU_L2,Pepsi,5,0.0,0.0,0.0,0.0,0.0,0.0
70,Pouso Alegre,POU_L2,Pepsi,6,0.0,0.0,0.0,0.0,21275.52,0.0
70,Pouso Alegre,POU_L2,Pepsi,7,0.0,0.0,0.0,0.0,2793.0700000000015,0.0
70,Pouso Alegre,POU_L2,Pepsi,8,0.0,0.0,0.0,0.0,0.0,0.0
70,Pouso Alegre,POU_L2,Pepsi,9,0.0,0.0,0.0,0.0,24844.039999999997,0.0
70,Pouso Alegre,POU_L2,Pepsi,10,0.0,0.0,0.0,0.0,13975.2,0.0
70,Pouso Alegre,POU_L2,Pepsi,11,0.0,0.0,0.0,0.0,0.0,0.0
70,Pouso Alegre,POU_L2,Pepsi,12,0.0,0.0,0.0,0.0,16790.25,0.0
70,Pouso Alegre,POU_L2,Pepsi,13,0.0,0.0,0.0,0.0,14501.1,0.0
70,Pouso Alegre,POU_L2,Pepsi,14,0.0,0.0,0.0,0.0,8972.57,0.0
70,Pouso Alegre,POU_L2,Pepsi,15,0.0,0.0,0.0,0.0,6482.04,0.0
70,Pouso Alegre,POU_L3,Fanta_Laranja,1,0.0,0.0,0.0,0.0,0.0,0.0
70,Pouso Alegre,POU_L3,Fanta_Laranja,2,0.0,0.0,0.0,0.0,0.0,0.0
70,Pouso Alegre,POU_L3,Fanta_Laranja,3,0.0,0.0,0.0,0.0,0.0,0.0
70,Pouso Alegre,POU_L3,Fanta_Laranja,4,0.0,0.0,0.0,0.0,0.0,10260.78
70,Pouso Alegre,POU_L3,Fanta_Laranja,5,0.0,0.0,0.0,0.0,0.0,0.0
70,Pouso Alegre,POU_L3,Fanta_Laranja,6,0.0,0.0,12019.47,0.0,0.0,29639.059999999998
70,Pouso Alegre,POU_L3,Fanta_Laranja,7,0.0,0.0,0.0,0.0,0.0,0.0
70,Pouso Alegre,POU_L3,Fanta_Laranja,8,0.0,0.0,0.0,0.0,0.0,0.0
70,Pouso Alegre,POU_L3,Fanta_Laranja,9,0.0,0.0,0.0,0.0,0.0,22299.14
70,Pouso Alegre,POU_L3,Fanta_Laranja,10,0.0,0.0,0.0,0.0,0.0,0.0
70,Pouso Alegre,POU_L3,Fanta_Laranja,11,0.0,0.0,0.0,0.0,0.0,0.0
70,Pouso Alegre,POU_L3,Fanta_Laranja,12,0.0,0.0,0.0,0.0,0.0,0.0
70,Pouso Alegre,POU_L3,Fanta_Laranja,13,0.0,0.0,0.0,0.0,0.0,0.0
70,Pouso Alegre,POU_L3,Fanta_Laranja,14,0.0,0.0,0.0,0.0,0.0,0.0
70,Pouso Alegre,POU_L3,Fanta_Laranja,15,0.0,0.0,26550.66,0.0,0.0,26550.66
70,Pouso Alegre,POU_L3,Itubaina,1,0.0,0.0,0.0,0.0,0.0,0.0
70,Pouso Alegre,POU_L3,Itubaina,2,0.0,0.0,0.0,0.0,0.0,12193.61
70,Pouso Alegre,POU_L3,Itubaina,3,0.0,0.0,0.0,0.0,0.0,0.0
70,Pouso Alegre,POU_L3,Itubaina,4,0.0,0.0,0.0,0.0,0.0,0.0
70,Pouso Alegre,POU_L3,Itubaina,5,0.0,0.0,0.0,0.0,0.0,18686.89
70,Pouso Alegre,POU_L3,Itubaina,6,0.0,0.0,0.0,0.0,0.0,0.0
70,Pouso Alegre,POU_L3,Itubaina,7,0.0,0.0,0.0,0.0,0.0,0.0
70,Pouso Alegre,POU_L3,Itubaina,8,0.0,0.0,0.0,0.0,0.0,0.0
70,Pouso Alegre,POU_L3,Itubaina,9,0.0,0.0,0.0,0.0,0.0,0.0
70,Pouso Alegre,POU_L3,Itubaina,10,0.0,0.0,0.0,0.0,0.0,0.0
70,Pouso Alegre,POU_L3,Itubaina,11,0.0,0.0,0.0,0.0,0.0,0.0
70,Pouso Alegre,POU_L3,Itubaina,12,0.0,0.0,0.0,0.0,0.0,0.0
70,Pouso Alegre,POU_L3,Itubaina,13,0.0,0.0,0.0,0.0,0.0,0.0
70,Pouso Alegre,POU_L3,Itubaina,14,0.0,0.0,0.0,0.0,0.0,0.0
70,Pouso Alegre,POU_L3,Itubaina,15,0.0,0.0,0.0,0.0,0.0,0.0
70,Pouso Alegre,POU_L3,Skol_Lata,1,0.0,0.0,0.0,0.0,38448.0,0.0
70,Pouso Alegre,POU_L3,Skol_Lata,2,0.0,0.0,0.0,0.0,21816.88,0.0
70,Pouso Alegre,POU_L3,Skol_Lata,3,0.0,0.0,0.0,0.0,32698.209999999992,0.0
70,Pouso Alegre,POU_L3,Skol_Lata,4,0.0,0.0,0.0,0.0,37872.0,0.0
70,Pouso Alegre,POU_L3,Skol_Lata,5,0.0,0.0,0.0,0.0,41520.0,0.0
70,Pouso Alegre,POU_L3,Skol_Lata,6,0.0,0.0,0.0,0.0,19620.48,0.0
70,Pouso Alegre,POU_L3,Skol_Lata,7,0.0,0.0,0.0,0.0,8861.21,0.0
70,Pouso Alegre,POU_L3,Skol_Lata,8,0.0,0.0,0.0,0.0,14782.94,0.0
70,Pouso Alegre,POU_L3,Skol_Lata,9,0.0,0.0,0.0,0.0,12883.96,0.0
70,Pouso Alegre,POU_L3,Skol_Lata,10,0.0,0.0,0.0,0.0,24856.800000000007,0.0
70,Pouso Alegre,POU_L3,Skol_Lata,11,0.0,0.0,0.0,0.0,39744.0,0.0
70,Pouso Alegre,POU_L3,Skol_Lata,12,0.0,0.0,0.0,0.0,4991.769999999997,0.0
70,Pouso Alegre,POU_L3,Skol_Lata,13,0.0,0.0,0.0,0.0,0.0,0.0
70,Pouso Alegre,POU_L3,Skol_Lata,14,0.0,0.0,0.0,0.0,13493.35,0.0
70,Pouso Alegre,POU_L3,Skol_Lata,15,0.0,0.0,0.0,0.0,0.0,0.0
70,Pouso Alegre,POU_L3,Heineken_Lata,1,0.0,0.0,0.0,0.0,0.0,0.0
70,Pouso Alegre,POU_L3,Heineken_Lata,2,0.0,0.0,0.0,0.0,0.0,0.0
70,Pouso Alegre,POU_L3,Heineken_Lata,3,0.0,0.0,0.0,0.0,11639.300000000001,0.0
70,Pouso Alegre,POU_L3,Heineken_Lata,4,0.0,0.0,0.0,0.0,0.0,0.0
70,Pouso Alegre,POU_L3,Heineken_Lata,5,0.0,0.0,0.0,0.0,0.0,0.0
70,Pouso Alegre,POU_L3,Heineken_Lata,6,0.0,0.0,0.0,0.0,0.0,0.0
70,Pouso Alegre,POU_L3,Heineken_Lata,7,0.0,0.0,0.0,0.0,3368.5800000000017,0.0
70,Pouso Alegre,POU_L3,Heineken_Lata,8,0.0,0.0,1356.07,0.0,4253.589999999998,1356.07
70,Pouso Alegre,POU_L3,Heineken_Lata,9,0.0,0.0,0.0,0.0,21913.55,0.0
70,Pouso Alegre,POU_L3,Heineken_Lata,10,0.0,0.0,0.0,0.0,0.0,0.0
70,Pouso Alegre,POU_L3,Heineken_Lata,11,0.0,0.0,0.0,0.0,37200.0,0.0
70,Pouso Alegre,POU_L3,Heineken_Lata,12,0.0,0.0,0.0,0.0,13517.080000000013,0.0
70,Pouso Alegre,POU_L3,Heineken_Lata,13,0.0,0.0,0.0,0.0,0.0,10247.13
70,Pouso Alegre,POU_L3,Heineken_Lata,14,0.0,0.0,0.0,0.0,39839.99999999999,0.0
70,Pouso Alegre,POU_L3,Heineken_Lata,15,0.0,0.0,0.0,0.0,0.0,0.0
70,Pouso Alegre,POU_L3,Coca_Cola_Zero,1,0.0,0.0,0.0,0.0,0.0,0.0
70,Pouso Alegre,POU_L3,Coca_Cola_Zero,2,0.0,0.0,0.0,0.0,0.0,0.0
70,Pouso Alegre,POU_L3,Coca_Cola_Zero,3,0.0,0.0,27980.08,0.0,0.0,27980.08
70,Pouso Alegre,POU_L3,Coca_Cola_Zero,4,0.0,0.0,0.0,0.0,0.0,5510.68
70,Pouso Alegre,POU_L3,Coca_Cola_Zero,5,0.0,0.0,0.0,0.0,0.0,0.0
70,Pouso Alegre,POU_L3,Coca_Cola_Zero,6,0.0,0.0,0.0,0.0,0.0,0.0
70,Pouso Alegre,POU_L3,Coca_Cola_Zero,7,0.0,0.0,0.0,0.0,0.0,0.0
70,Pouso Alegre,POU_L3,Coca_Cola_Zero,8,0.0,0.0,0.0,0.0,0.0,25440.42
70,Pouso Alegre,POU_L3,Coca_Cola_Zero,9,0.0,0.0,0.0,0.0,0.0,0.0
70,Pouso Alegre,POU_L3,Coca_Cola_Zero,10,0.0,0.0,0.0,0.0,0.0,0.0
70,Pouso Alegre,POU_L3,Coca_Cola_Zero,11,0.0,0.0,0.0,0.0,0.0,0.0
70,Pouso Alegre,POU_L3,Coca_Cola_Zero,12,0.0,0.0,0.0,0.0,0.0,0.0
70,Pouso Alegre,POU_L3,Coca_Cola_Zero,13,0.0,0.0,0.0,0.0,0.0,0.0
70,Pouso Alegre,POU_L3,Coca_Cola_Zero,14,0.0,0.0,0.0,0.0,0.0,0.0
70,Pouso Alegre,POU_L3,Coca_Cola_Zero,15,0.0,0.0,0.0,0.0,0.0,0.0
70,Pouso Alegre,POU_L3,Antarctica_Lata,1,0.0,0.0,0.0,0.0,0.0,8179.84
70,Pouso Alegre,POU_L3,Antarctica_Lata,2,0.0,0.0,0.0,0.0,0.0,0.0
70,Pouso Alegre,POU_L3,Antarctica_Lata,3,0.0,0.0,0.0,0.0,0.0,0.0
70,Pouso Alegre,POU_L3,Antarctica_Lata,4,0.0,0.0,0.0,0.0,0.0,0.0
70,Pouso Alegre,POU_L3,Antarctica_Lata,5,0.0,0.0,0.0,0.0,0.0,0.0
70,Pouso Alegre,POU_L3,Antarctica_Lata,6,0.0,0.0,0.0,0.0,0.0,0.0
70,Pouso Alegre,POU_L3,Antarctica_Lata,7,0.0,0.0,0.0,0.0,0.0,0.0
70,Pouso Alegre,POU_L3,Antarctica_Lata,8,0.0,0.0,0.0,0.0,0.0,0.0
70,Pouso Alegre,POU_L3,Antarctica_Lata,9,0.0,0.0,0.0,0.0,0.0,0.0
70,Pouso Alegre,POU_L3,Antarctica_Lata,10,0.0,0.0,0.0,0.0,0.0,0.0
70,Pouso Alegre,POU_L3,Antarctica_Lata,11,0.0,0.0,0.0,0.0,0.0,0.0
70,Pouso Alegre,POU_L3,Antarctica_Lata,12,0.0,0.0,0.0,0.0,0.0,0.0
70,Pouso Alegre,POU_L3,Antarctica_Lata,13,0.0,0.0,0.0,0.0,0.0,0.0
70,Pouso Alegre,POU_L3,Antarctica_Lata,14,0.0,0.0,10742.57,0.0,0.0,10742.57
70,Pouso Alegre,POU_L3,Antarctica_Lata,15,0.0,0.0,0.0,0.0,0.0,0.0
70,Pouso Alegre,POU_L3,Spaten_Lata,1,0.0,0.0,0.0,0.0,0.0,0.0
70,Pouso Alegre,POU_L3,Spaten_Lata,2,0.0,0.0,0.0,0.0,0.0,0.0
70,Pouso Alegre,POU_L3,Spaten_Lata,3,0.0,0.0,0.0,0.0,0.0,0.0
70,Pouso Alegre,POU_L3,Spaten_Lata,4,0.0,0.0,0.0,0.0,0.0,8458.81
70,Pouso Alegre,POU_L3,Spaten_Lata,5,0.0,0.0,0.0,0.0,0.0,0.0
70,Pouso Alegre,POU_L3,Spaten_Lata,6,0.0,0.0,0.0,0.0,0.0,0.0
70,Pouso Alegre,POU_L3,Spaten_Lata,7,0.0,0.0,0.0,0.0,0.0,0.0
70,Pouso Alegre,POU_L3,Spaten_Lata,8,0.0,0.0,0.0,0.0,0.0,0.0
70,Pouso Alegre,POU_L3,Spaten_Lata,9,0.0,0.0,0.0,0.0,0.0,0.0
70,Pouso Alegre,POU_L3,Spaten_Lata,10,0.0,0.0,0.0,0.0,0.0,0.0
70,Pouso Alegre,POU_L3,Spaten_Lata,11,0.0,0.0,0.0,0.0,0.0,0.0
70,Pouso Alegre,POU_L3,Spaten_Lata,12,0.0,0.0,0.0,0.0,0.0,0.0
70,Pouso Alegre,POU_L3,Spaten_Lata,13,0.0,0.0,0.0,0.0,0.0,17430.37
70,Pouso Alegre,POU_L3,Spaten_Lata,14,0.0,0.0,18083.82,0.0,0.0,18083.82
70,Pouso Alegre,POU_L3,Spaten_Lata,15,0.0,0.0,0.0,0.0,0.0,0.0
70,Pouso Alegre,POU_L3,Maguary_Caju,1,0.0,0.0,0.0,0.0,0.0,0.0
70,Pouso Alegre,POU_L3,Maguary_Caju,2,0.0,0.0,0.0,0.0,0.0,0.0
70,Pouso Alegre,POU_L3,Maguary_Caju,3,0.0,0.0,0.0,0.0,0.0,0.0
70,Pouso Alegre,POU_L3,Maguary_Caju,4,0.0,0.0,0.0,0.0,0.0,9496.95
70,Pouso Alegre,POU_L3,Maguary_Caju,5,0.0,8643.000000000002,0.0,0.0,0.0,16316.890000000003
70,Pouso Alegre,POU_L3,Maguary_Caju,6,0.0,0.0,9006.51,0.0,0.0,363.5099999999984
70,Pouso Alegre,POU_L3,Maguary_Caju,7,0.0,0.0,0.0,0.0,0.0,0.0
70,Pouso Alegre,POU_L3,Maguary_Caju,8,0.0,0.0,25717.7,0.0,0.0,25717.7
70,Pouso Alegre,POU_L3,Maguary_Caju,9,0.0,0.0,0.0,0.0,0.0,0.0
70,Pouso Alegre,POU_L3,Maguary_Caju,10,0.0,0.0,0.0,0.0,0.0,0.0
70,Pouso Alegre,POU_L3,Maguary_Caju,11,0.0,0.0,14263.22,0.0,0.0,14263.22
70,Pouso Alegre,POU_L3,Maguary_Caju,12,0.0,0.0,0.0,0.0,0.0,0.0
70,Pouso Alegre,POU_L3,Maguary_Caju,13,0.0,0.0,0.0,0.0,0.0,0.0
70,Pouso Alegre,POU_L3,Maguary_Caju,14,0.0,0.0,0.0,0.0,0.0,0.0
70,Pouso Alegre,POU_L3,Maguary_Caju,15,0.0,0.0,0.0,0.0,0.0,0.0
70,Pouso Alegre,POU_L3,Del_Valle_Pessego,1,0.0,0.0,0.0,0.0,0.0,15062.99
70,Pouso Alegre,POU_L3,Del_Valle_Pessego,2,0.0,0.0,0.0,0.0,0.0,9476.069999999996
70,Pouso Alegre,POU_L3,Del_Valle_Pessego,3,0.0,0.0,0.0,0.0,9476.069999999996,0.0
70,Pouso Alegre,POU_L3,Del_Valle_Pessego,4,0.0,0.0,0.0,0.0,0.0,823.4500000000007
70,Pouso Alegre,POU_L3,Del_Valle_Pessego,5,0.0,0.0,0.0,0.0,0.0,2576.4900000000016
70,Pouso Alegre,POU_L3,Del_Valle_Pessego,6,0.0,0.0,0.0,0.0,0.0,7088.439999999997
70,Pouso Alegre,POU_L3,Del_Valle_Pessego,7,0.0,0.0,0.0,0.0,0.0,6635.73
70,Pouso Alegre,POU_L3,Del_Valle_Pessego,8,0.0,0.0,0.0,0.0,0.0,0.0
70,Pouso Alegre,POU_L3,Del_Valle_Pessego,9,0.0,0.0,0.0,0.0,0.0,15075.939999999991
70,Pouso Alegre,POU_L3,Del_Valle_Pessego,10,0.0,0.0,26367.76,0.0,15075.939999999991,26367.76
70,Pouso Alegre,POU_L3,Del_Valle_Pessego,11,0.0,0.0,0.0,0.0,0.0,0.0
70,Pouso Alegre,POU_L3,Del_Valle_Pessego,12,0.0,0.0,0.0,0.0,0.0,0.0
70,Pouso Alegre,POU_L3,Del_Valle_Pessego,13,0.0,0.0,0.0,0.0,0.0,0.0
70,Pouso Alegre,POU_L3,Del_Valle_Pessego,14,0.0,0.0,0.0,0.0,0.0,17840.079999999987
70,Pouso Alegre,POU_L3,Del_Valle_Pessego,15,0.0,0.0,0.0,0.0,17840.079999999987,0.0
70,Pouso Alegre,POU_L3,Stella_Artois_Pure_Gold,1,0.0,0.0,0.0,0.0,0.0,0.0
70,Pouso Alegre,POU_L3,Stella_Artois_Pure_Gold,2,0.0,0.0,0.0,0.0,9454.84,9454.84
70,Pouso Alegre,POU_L3,Stella_Artois_Pure_Gold,3,0.0,0.0,0.0,0.0,0.0,0.0
70,Pouso Alegre,POU_L3,Stella_Artois_Pure_Gold,4,0.0,0.0,0.0,0.0,0.0,0.0
70,Pouso Alegre,POU_L3,Stella_Artois_Pure_Gold,5,0.0,0.0,0.0,0.0,0.0,0.0
70,Pouso Alegre,POU_L3,Stella_Artois_Pure_Gold,6,0.0,0.0,0.0,0.0,0.0,0.0
70,Pouso Alegre,POU_L3,Stella_Artois_Pure_Gold,7,0.0,0.0,0.0,0.0,0.0,0.0
70,Pouso Alegre,POU_L3,Stella_Artois_Pure_Gold,8,0.0,0.0,0.0,0.0,0.0,0.0
70,Pouso Alegre,POU_L3,Stella_Artois_Pure_Gold,9,0.0,0.0,2313.64,0.0,0.0,2313.64
70,Pouso Alegre,POU_L3,Stella_Artois_Pure_Gold,10,0.0,0.0,0.0,0.0,0.0,0.0
70,Pouso Alegre,POU_L3,Stella_Artois_Pure_Gold,11,0.0,0.0,0.0,0.0,0.0,0.0
70,Pouso Alegre,POU_L3,Stella_Artois_Pure_Gold,12,0.0,0.0,0.0,0.0,0.0,9227.17
70,Pouso Alegre,POU_L3,Stella_Artois_Pure_Gold,13,0.0,0.0,0.0,0.0,0.0,0.0
70,Pouso Alegre,POU_L3,Stella_Artois_Pure_Gold,14,0.0,0.0,0.0,0.0,0.0,0.0
70,Pouso Alegre,POU_L3,Stella_Artois_Pure_Gold,15,0.0,0.0,0.0,0.0,31096.190000000002,31096.190000000002
70,Pouso Alegre,POU_L3,Sprite_Zero,1,0.0,0.0,0.0,0.0,0.0,0.0
70,Pouso Alegre,POU_L3,Sprite_Zero,2,0.0,0.0,0.0,0.0,0.0,0.0
70,Pouso Alegre,POU_L3,Sprite_Zero,3,0.0,0.0,0.0,0.0,0.0,0.0
70,Pouso Alegre,POU_L3,Sprite_Zero,4,0.0,0.0,0.0,0.0,0.0,0.0
70,Pouso Alegre,POU_L3,Sprite_Zero,5,0.0,0.0,0.0,0.0,0.0,27463.39
70,Pouso Alegre,POU_L3,Sprite_Zero,6,0.0,0.0,0.0,0.0,0.0,0.0
70,Pouso Alegre,POU_L3,Sprite_Zero,7,0.0,0.0,0.0,0.0,0.0,0.0
70,Pouso Alegre,POU_L3,Sprite_Zero,8,0.0,0.0,0.0,0.0,0.0,0.0
70,Pouso Alegre,POU_L3,Sprite_Zero,9,0.0,0.0,0.0,0.0,0.0,0.0
70,Pouso Alegre,POU_L3,Sprite_Zero,10,0.0,0.0,0.0,0.0,0.0,8961.45
70,Pouso Alegre,POU_L3,Sprite_Zero,11,0.0,0.0,0.0,0.0,0.0,0.0
70,Pouso Alegre,POU_L3,Sprite_Zero,12,0.0,0.0,0.0,0.0,0.0,0.0
70,Pouso Alegre,POU_L3,Sprite_Zero,13,0.0,0.0,0.0,0.0,0.0,0.0
70,Pouso Alegre,POU_L3,Sprite_Zero,14,0.0,0.0,0.0,0.0,0.0,25712.1
70,Pouso Alegre,POU_L3,Sprite_Zero,15,0.0,0.0,0.0,0.0,0.0,0.0
70,Pouso Alegre,POU_L3,Kuat,1,0.0,0.0,0.0,0.0,0.0,0.0
70,Pouso Alegre,POU_L3,Kuat,2,0.0,0.0,0.0,0.0,0.0,0.0
70,Pouso Alegre,POU_L3,Kuat,3,0.0,0.0,0.0,0.0,0.0,0.0
70,Pouso Alegre,POU_L3,Kuat,4,0.0,0.0,0.0,0.0,0.0,0.0
70,Pouso Alegre,POU_L3,Kuat,5,0.0,0.0,0.0,0.0,0.0,0.0
70,Pouso Alegre,POU_L3,Kuat,6,0.0,0.0,0.0,0.0,0.0,0.0
70,Pouso Alegre,POU_L3,Kuat,7,0.0,0.0,0.0,0.0,0.0,0.0
70,Pouso Alegre,POU_L3,Kuat,8,0.0,0.0,0.0,0.0,0.0,0.0
70,Pouso Alegre,POU_L3,Kuat,9,0.0,0.0,0.0,0.0,0.0,0.0
70,Pouso Alegre,POU_L3,Kuat,10,0.0,0.0,0.0,0.0,0.0,28310.27
70,Pouso Alegre,POU_L3,Kuat,11,0.0,0.0,13248.95,0.0,0.0,13248.95
70,Pouso Alegre,POU_L3,Kuat,12,0.0,0.0,0.0,0.0,0.0,0.0
70,Pouso Alegre,POU_L3,Kuat,13,0.0,0.0,0.0,0.0,0.0,0.0
70,Pouso Alegre,POU_L3,Kuat,14,0.0,0.0,0.0,0.0,0.0,0.0
70,Pouso Alegre,POU_L3,Kuat,15,0.0,0.0,0.0,0.0,0.0,0.0
70,Pouso Alegre,POU_L3,Sukita_Laranja,1,0.0,0.0,0.0,0.0,0.0,0.0
70,Pouso Alegre,POU_L3,Sukita_Laranja,2,0.0,0.0,26099.93,0.0,0.0,26099.93
70,Pouso Alegre,POU_L3,Sukita_Laranja,3,0.0,0.0,0.0,0.0,0.0,0.0
70,Pouso Alegre,POU_L3,Sukita_Laranja,4,0.0,0.0,0.0,0.0,0.0,0.0
70,Pouso Alegre,POU_L3,Sukita_Laranja,5,0.0,0.0,19309.16,0.0,0.0,19309.16
70,Pouso Alegre,POU_L3,Sukita_Laranja,6,0.0,0.0,0.0,0.0,0.0,0.0
70,Pouso Alegre,POU_L3,Sukita_Laranja,7,0.0,0.0,0.0,0.0,0.0,0.0
70,Pouso Alegre,POU_L3,Sukita_Laranja,8,0.0,0.0,0.0,0.0,0.0,16821.31
70,Pouso Alegre,POU_L3,Sukita_Laranja,9,0.0,0.0,0.0,0.0,0.0,0.0
70,Pouso Alegre,POU_L3,Sukita_Laranja,10,0.0,0.0,0.0,0.0,0.0,0.0
70,Pouso Alegre,POU_L3,Sukita_Laranja,11,0.0,0.0,0.0,0.0,0.0,0.0
70,Pouso Alegre,POU_L3,Sukita_Laranja,12,0.0,0.0,0.0,0.0,0.0,0.0
70,Pouso Alegre,POU_L3,Sukita_Laranja,13,0.0,0.0,0.0,0.0,0.0,12918.04
70,Pouso Alegre,POU_L3,Sukita_Laranja,14,0.0,0.0,0.0,0.0,0.0,0.0
70,Pouso Alegre,POU_L3,Sukita_Laranja,15,0.0,0.0,0.0,0.0,0.0,0.0
70,Pouso Alegre,POU_L3,Budweiser_Lata,1,0.0,0.0,0.0,0.0,0.0,0.0
70,Pouso Alegre,POU_L3,Budweiser_Lata,2,0.0,0.0,0.0,0.0,0.0,0.0
70,Pouso Alegre,POU_L3,Budweiser_Lata,3,0.0,0.0,0.0,0.0,0.0,0.0
70,Pouso Alegre,POU_L3,Budweiser_Lata,4,0.0,0.0,0.0,0.0,0.0,0.0
70,Pouso Alegre,POU_L3,Budweiser_Lata,5,0.0,0.0,0.0,0.0,0.0,0.0
70,Pouso Alegre,POU_L3,Budweiser_Lata,6,0.0,0.0,5234.92,0.0,0.0,5234.92
70,Pouso Alegre,POU_L3,Budweiser_Lata,7,0.0,0.0,0.0,0.0,0.0,0.0
70,Pouso Alegre,POU_L3,Budweiser_Lata,8,0.0,0.0,0.0,0.0,0.0,0.0
70,Pouso Alegre,POU_L3,Budweiser_Lata,9,0.0,0.0,0.0,0.0,0.0,0.0
70,Pouso Alegre,POU_L3,Budweiser_Lata,10,0.0,0.0,0.0,0.0,0.0,0.0
70,Pouso Alegre,POU_L3,Budweiser_Lata,11,0.0,0.0,0.0,0.0,0.0,0.0
70,Pouso Alegre,POU_L3,Budweiser_Lata,12,0.0,0.0,0.0,0.0,0.0,0.0
70,Pouso Alegre,POU_L3,Budweiser_Lata,13,0.0,0.0,0.0,0.0,0.0,0.0
70,Pouso Alegre,POU_L3,Budweiser_Lata,14,0.0,0.0,0.0,0.0,0.0,0.0
70,Pouso Alegre,POU_L3,Budweiser_Lata,15,0.0,0.0,0.0,0.0,0.0,0.0
70,Pouso Alegre,POU_L3,Guarana_Antarctica_Zero,1,32588.379999999997,0.0,0.0,0.0,32588.379999999997,0.0
70,Pouso Alegre,POU_L3,Guarana_Antarctica_Zero,2,0.0,0.0,0.0,0.0,0.0,0.0
70,Pouso Alegre,POU_L3,Guarana_Antarctica_Zero,3,0.0,0.0,0.0,0.0,0.0,0.0
70,Pouso Alegre,POU_L3,Guarana_Antarctica_Zero,4,0.0,0.0,0.0,0.0,0.0,0.0
70,Pouso Alegre,POU_L3,Guarana_Antarctica_Zero,5,0.0,0.0,0.0,0.0,0.0,0.0
70,Pouso Alegre,POU_L3,Guarana_Antarctica_Zero,6,3424.1800000000003,0.0,0.0,0.0,3424.1800000000003,29161.6
70,Pouso Alegre,POU_L3,Guarana_Antarctica_Zero,7,0.0,0.0,0.0,0.0,0.0,0.0
70,Pouso Alegre,POU_L3,Guarana_Antarctica_Zero,8,0.0,0.0,0.0,0.0,0.0,0.0
70,Pouso Alegre,POU_L3,Guarana_Antarctica_Zero,9,0.0,0.0,10795.73,0.0,0.0,10795.73
70,Pouso Alegre,POU_L3,Guarana_Antarctica_Zero,10,0.0,0.0,0.0,0.0,0.0,0.0
70,Pouso Alegre,POU_L3,Guarana_Antarctica_Zero,11,0.0,0.0,0.0,0.0,0.0,18224.89
70,Pouso Alegre,POU_L3,Guarana_Antarctica_Zero,12,0.0,0.0,0.0,0.0,0.0,0.0
70,Pouso Alegre,POU_L3,Guarana_Antarctica_Zero,13,0.0,0.0,0.0,0.0,0.0,0.0
70,Pouso Alegre,POU_L3,Guarana_Antarctica_Zero,14,0.0,0.0,0.0,0.0,0.0,638.17
70,Pouso Alegre,POU_L3,Guarana_Antarctica_Zero,15,0.0,0.0,0.0,0.0,0.0,0.0
70,Pouso Alegre,POU_L3,Itaipava_Lata,1,0.0,0.0,0.0,0.0,0.0,0.0
70,Pouso Alegre,POU_L3,Itaipava_Lata,2,0.0,0.0,0.0,0.0,0.0,0.0
70,Pouso Alegre,POU_L3,Itaipava_Lata,3,0.0,0.0,0.0,0.0,0.0,0.0
70,Pouso Alegre,POU_L3,Itaipava_Lata,4,0.0,0.0,0.0,0.0,0.0,0.0
70,Pouso Alegre,POU_L3,Itaipava_Lata,5,0.0,0.0,0.0,0.0,0.0,0.0
70,Pouso Alegre,POU_L3,Itaipava_Lata,6,0.0,0.0,0.0,0.0,0.0,0.0
70,Pouso Alegre,POU_L3,Itaipava_Lata,7,0.0,0.0,26944.96,0.0,0.0,26944.96
70,Pouso Alegre,POU_L3,Itaipava_Lata,8,0.0,0.0,0.0,0.0,0.0,0.0
70,Pouso Alegre,POU_L3,Itaipava_Lata,9,0.0,0.0,13529.49,0.0,0.0,13529.49
70,Pouso Alegre,POU_L3,Itaipava_Lata,10,0.0,0.0,0.0,0.0,0.0,0.0
70,Pouso Alegre,POU_L3,Itaipava_Lata,11,0.0,0.0,0.0,0.0,0.0,0.0
70,Pouso Alegre,POU_L3,Itaipava_Lata,12,0.0,0.0,0.0,0.0,0.0,0.0
70,Pouso Alegre,POU_L3,Itaipava_Lata,13,0.0,0.0,0.0,0.0,0.0,0.0
70,Pouso Alegre,POU_L3,Itaipava_Lata,14,0.0,0.0,0.0,0.0,0.0,0.0
70,Pouso Alegre,POU_L3,Itaipava_Lata,15,0.0,0.0,0.0,0.0,0.0,0.0
70,Pouso Alegre,POU_L3,Brahma_Lata,1,0.0,0.0,0.0,0.0,0.0,21707.54
70,Pouso Alegre,POU_L3,Brahma_Lata,2,0.0,0.0,0.0,0.0,0.0,0.0
70,Pouso Alegre,POU_L3,Brahma_Lata,3,0.0,0.0,0.0,0.0,0.0,0.0
70,Pouso Alegre,POU_L3,Brahma_Lata,4,0.0,0.0,0.0,0.0,0.0,0.0
70,Pouso Alegre,POU_L3,Brahma_Lata,5,0.0,0.0,0.0,0.0,0.0,0.0
70,Pouso Alegre,POU_L3,Brahma_Lata,6,0.0,0.0,0.0,0.0,0.0,0.0
70,Pouso Alegre,POU_L3,Brahma_Lata,7,0.0,0.0,0.0,0.0,0.0,0.0
70,Pouso Alegre,POU_L3,Brahma_Lata,8,0.0,0.0,0.0,0.0,0.0,0.0
70,Pouso Alegre,POU_L3,Brahma_Lata,9,0.0,0.0,0.0,0.0,0.0,0.0
70,Pouso Alegre,POU_L3,Brahma_Lata,10,0.0,0.0,0.0,0.0,0.0,0.0
70,Pouso Alegre,POU_L3,Brahma_Lata,11,0.0,0.0,0.0,0.0,0.0,0.0
70,Pouso Alegre,POU_L3,Brahma_Lata,12,0.0,0.0,0.0,0.0,0.0,0.0
70,Pouso Alegre,POU_L3,Brahma_Lata,13,0.0,0.0,0.0,0.0,0.0,0.0
70,Pouso Alegre,POU_L3,Brahma_Lata,14,0.0,0.0,0.0,0.0,0.0,0.0
70,Pouso Alegre,POU_L3,Brahma_Lata,15,0.0,0.0,0.0,0.0,0.0,24138.22
70,Pouso Alegre,POU_L3,Eisenbahn_Pilsen,1,7059.620000000002,0.0,0.0,0.0,7059.620000000002,0.0
70,Pouso Alegre,POU_L3,Eisenbahn_Pilsen,2,0.0,0.0,0.0,0.0,0.0,0.0
70,Pouso Alegre,POU_L3,Eisenbahn_Pilsen,3,18571.750000000007,0.0,0.0,0.0,18571.750000000007,0.0
70,Pouso Alegre,POU_L3,Eisenbahn_Pilsen,4,16784.820000000007,0.0,0.0,0.0,16784.820000000007,0.0
70,Pouso Alegre,POU_L3,Eisenbahn_Pilsen,5,36000.0,0.0,0.0,0.0,40845.51,4845.510000000002
70,Pouso Alegre,POU_L3,Eisenbahn_Pilsen,6,26579.9,0.0,0.0,0.0,26579.9,0.0
70,Pouso Alegre,POU_L3,Eisenbahn_Pilsen,7,12101.670000000002,0.0,0.0,0.0,12101.670000000002,0.0
70,Pouso Alegre,POU_L3,Eisenbahn_Pilsen,8,0.0,0.0,0.0,0.0,0.0,0.0
70,Pouso Alegre,POU_L3,Eisenbahn_Pilsen,9,0.0,0.0,0.0,0.0,0.0,0.0
70,Pouso Alegre,POU_L3,Eisenbahn_Pilsen,10,6588.46,0.0,0.0,0.0,6588.46,0.0
70,Pouso Alegre,POU_L3,Eisenbahn_Pilsen,11,0.0,0.0,0.0,0.0,0.0,9290.04
70,Pouso Alegre,POU_L3,Eisenbahn_Pilsen,12,33112.87,0.0,0.0,0.0,33112.87,0.0
70,Pouso Alegre,POU_L3,Eisenbahn_Pilsen,13,23509.309999999998,0.0,16046.96,0.0,7462.3499999999985,0.0
70,Pouso Alegre,POU_L3,Eisenbahn_Pilsen,14,30478.71000000001,0.0,0.0,0.0,30478.710000000006,0.0
70,Pouso Alegre,POU_L3,Eisenbahn_Pilsen,15,0.0,0.0,0.0,0.0,0.0,0.0
70,Pouso Alegre,POU_L3,Pepsi_Black,1,0.0,0.0,0.0,0.0,0.0,0.0
70,Pouso Alegre,POU_L3,Pepsi_Black,2,0.0,0.0,0.0,0.0,0.0,14441.25
70,Pouso Alegre,POU_L3,Pepsi_Black,3,0.0,0.0,0.0,0.0,0.0,0.0
70,Pouso Alegre,POU_L3,Pepsi_Black,4,0.0,0.0,0.0,0.0,0.0,0.0
70,Pouso Alegre,POU_L3,Pepsi_Black,5,0.0,0.0,0.0,0.0,0.0,0.0
70,Pouso Alegre,POU_L3,Pepsi_Black,6,0.0,0.0,0.0,0.0,0.0,0.0
70,Pouso Alegre,POU_L3,Pepsi_Black,7,0.0,0.0,0.0,0.0,0.0,0.0
70,Pouso Alegre,POU_L3,Pepsi_Black,8,0.0,0.0,0.0,0.0,0.0,0.0
70,Pouso Alegre,POU_L3,Pepsi_Black,9,0.0,0.0,0.0,0.0,0.0,0.0
70,Pouso Alegre,POU_L3,Pepsi_Black,10,0.0,0.0,0.0,0.0,0.0,8348.23
70,Pouso Alegre,POU_L3,Pepsi_Black,11,0.0,0.0,0.0,0.0,0.0,0.0
70,Pouso Alegre,POU_L3,Pepsi_Black,12,0.0,0.0,0.0,0.0,0.0,0.0
70,Pouso Alegre,POU_L3,Pepsi_Black,13,0.0,0.0,0.0,0.0,0.0,0.0
70,Pouso Alegre,POU_L3,Pepsi_Black,14,0.0,0.0,0.0,0.0,0.0,0.0
70,Pouso Alegre,POU_L3,Pepsi_Black,15,0.0,0.0,0.0,0.0,0.0,0.0
70,Pouso Alegre,POU_L3,Guarana_Antarctica,1,0.0,0.0,27771.18,0.0,0.0,27771.18
70,Pouso Alegre,POU_L3,Guarana_Antarctica,2,0.0,0.0,0.0,0.0,15036.480000000003,23553.87
70,Pouso Alegre,POU_L3,Guarana_Antarctica,3,0.0,0.0,0.0,0.0,0.0,0.0
70,Pouso Alegre,POU_L3,Guarana_Antarctica,4,0.0,0.0,0.0,0.0,0.0,10489.4
70,Pouso Alegre,POU_L3,Guarana_Antarctica,5,0.0,0.0,0.0,0.0,0.0,0.0
70,Pouso Alegre,POU_L3,Guarana_Antarctica,6,0.0,0.0,0.0,0.0,0.0,0.0
70,Pouso Alegre,POU_L3,Guarana_Antarctica,7,0.0,0.0,0.0,0.0,0.0,0.0
70,Pouso Alegre,POU_L3,Guarana_Antarctica,8,0.0,0.0,0.0,0.0,0.0,0.0
70,Pouso Alegre,POU_L3,Guarana_Antarctica,9,0.0,0.0,0.0,0.0,0.0,0.0
70,Pouso Alegre,POU_L3,Guarana_Antarctica,10,0.0,0.0,0.0,0.0,0.0,0.0
70,Pouso Alegre,POU_L3,Guarana_Antarctica,11,0.0,0.0,0.0,0.0,0.0,0.0
70,Pouso Alegre,POU_L3,Guarana_Antarctica,12,0.0,0.0,0.0,0.0,0.0,0.0
70,Pouso Alegre,POU_L3,Guarana_Antarctica,13,0.0,0.0,0.0,0.0,0.0,0.0
70,Pouso Alegre,POU_L3,Guarana_Antarctica,14,0.0,0.0,0.0,0.0,0.0,29453.7
70,Pouso Alegre,POU_L3,Guarana_Antarctica,15,0.0,0.0,0.0,0.0,0.0,0.0
70,Pouso Alegre,POU_L3,Amstel_Lata,1,0.0,0.0,0.0,0.0,0.0,0.0
70,Pouso Alegre,POU_L3,Amstel_Lata,2,0.0,0.0,0.0,0.0,0.0,1866.92
70,Pouso Alegre,POU_L3,Amstel_Lata,3,0.0,0.0,0.0,0.0,0.0,206.98000000000684
70,Pouso Alegre,POU_L3,Amstel_Lata,4,0.0,0.0,0.0,0.0,0.0,0.0
70,Pouso Alegre,POU_L3,Amstel_Lata,5,0.0,0.0,2724.2,0.0,0.0,2724.2
70,Pouso Alegre,POU_L3,Amstel_Lata,6,0.0,0.0,0.0,0.0,31692.5,0.0
70,Pouso Alegre,POU_L3,Amstel_Lata,7,0.0,0.0,0.0,0.0,15523.71,0.0
70,Pouso Alegre,POU_L3,Amstel_Lata,8,0.0,0.0,0.0,0.0,36810.41,0.0
70,Pouso Alegre,POU_L3,Amstel_Lata,9,0.0,0.0,0.0,0.0,0.0,0.0
70,Pouso Alegre,POU_L3,Amstel_Lata,10,0.0,0.0,0.0,0.0,0.0,0.0
70,Pouso Alegre,POU_L3,Amstel_Lata,11,0.0,0.0,0.0,0.0,0.0,0.0
70,Pouso Alegre,POU_L3,Amstel_Lata,12,0.0,0.0,0.0,0.0,25602.919999999987,0.0
70,Pouso Alegre,POU_L3,Amstel_Lata,13,0.0,0.0,0.0,0.0,40104.0,0.0
70,Pouso Alegre,POU_L3,Amstel_Lata,14,0.0,0.0,0.0,0.0,0.0,0.0
70,Pouso Alegre,POU_L3,Amstel_Lata,15,0.0,0.0,0.0,0.0,14858.179999999995,0.0
70,Pouso Alegre,POU_L3,Del_Valle_Laranja,1,0.0,0.0,0.0,0.0,0.0,5174.15
70,Pouso Alegre,POU_L3,Del_Valle_Laranja,2,0.0,0.0,0.0,0.0,0.0,0.0
70,Pouso Alegre,POU_L3,Del_Valle_Laranja,3,0.0,0.0,0.0,0.0,0.0,0.0
70,Pouso Alegre,POU_L3,Del_Valle_Laranja,4,0.0,0.0,0.0,0.0,0.0,0.0
70,Pouso Alegre,POU_L3,Del_Valle_Laranja,5,0.0,0.0,0.0,0.0,0.0,0.0
70,Pouso Alegre,POU_L3,Del_Valle_Laranja,6,0.0,0.0,0.0,0.0,0.0,0.0
70,Pouso Alegre,POU_L3,Del_Valle_Laranja,7,0.0,0.0,0.0,0.0,0.0,0.0
70,Pouso Alegre,POU_L3,Del_Valle_Laranja,8,0.0,0.0,0.0,0.0,0.0,0.0
70,Pouso Alegre,POU_L3,Del_Valle_Laranja,9,0.0,0.0,0.0,0.0,0.0,0.0
70,Pouso Alegre,POU_L3,Del_Valle_Laranja,10,0.0,0.0,0.0,0.0,0.0,0.0
70,Pouso Alegre,POU_L3,Del_Valle_Laranja,11,0.0,0.0,0.0,0.0,0.0,0.0
70,Pouso Alegre,POU_L3,Del_Valle_Laranja,12,0.0,0.0,0.0,0.0,0.0,0.0
70,Pouso Alegre,POU_L3,Del_Valle_Laranja,13,0.0,0.0,0.0,0.0,0.0,0.0
70,Pouso Alegre,POU_L3,Del_Valle_Laranja,14,0.0,0.0,0.0,0.0,0.0,0.0
70,Pouso Alegre,POU_L3,Del_Valle_Laranja,15,0.0,0.0,0.0,0.0,0.0,0.0
70,Pouso Alegre,POU_L3,Fanta_Uva,1,0.0,0.0,0.0,0.0,0.0,3819.45
70,Pouso Alegre,POU_L3,Fanta_Uva,2,0.0,0.0,0.0,0.0,0.0,0.0
70,Pouso Alegre,POU_L3,Fanta_Uva,3,0.0,0.0,0.0,0.0,0.0,6542.99
70,Pouso Alegre,POU_L3,Fanta_Uva,4,0.0,0.0,0.0,0.0,0.0,0.0
70,Pouso Alegre,POU_L3,Fanta_Uva,5,0.0,0.0,0.0,0.0,0.0,0.0
70,Pouso Alegre,POU_L3,Fanta_Uva,6,0.0,0.0,0.0,0.0,0.0,0.0
70,Pouso Alegre,POU_L3,Fanta_Uva,7,0.0,0.0,0.0,0.0,0.0,0.0
70,Pouso Alegre,POU_L3,Fanta_Uva,8,0.0,0.0,0.0,0.0,0.0,0.0
70,Pouso Alegre,POU_L3,Fanta_Uva,9,0.0,0.0,0.0,0.0,0.0,0.0
70,Pouso Alegre,POU_L3,Fanta_Uva,10,0.0,0.0,0.0,0.0,0.0,9216.7
70,Pouso Alegre,POU_L3,Fanta_Uva,11,0.0,0.0,0.0,0.0,0.0,27271.35
70,Pouso Alegre,POU_L3,Fanta_Uva,12,0.0,0.0,0.0,0.0,0.0,0.0
70,Pouso Alegre,POU_L3,Fanta_Uva,13,0.0,0.0,0.0,0.0,0.0,0.0
70,Pouso Alegre,POU_L3,Fanta_Uva,14,0.0,0.0,0.0,0.0,0.0,0.0
70,Pouso Alegre,POU_L3,Fanta_Uva,15,0.0,0.0,0.0,0.0,0.0,15986.04
70,Pouso Alegre,POU_L3,Maguary_Maracuja,1,0.0,0.0,0.0,0.0,0.0,0.0
70,Pouso Alegre,POU_L3,Maguary_Maracuja,2,0.0,0.0,0.0,0.0,0.0,0.0
70,Pouso Alegre,POU_L3,Maguary_Maracuja,3,0.0,0.0,0.0,0.0,0.0,0.0
70,Pouso Alegre,POU_L3,Maguary_Maracuja,4,0.0,0.0,0.0,0.0,0.0,0.0
70,Pouso Alegre,POU_L3,Maguary_Maracuja,5,0.0,0.0,0.0,0.0,0.0,0.0
70,Pouso Alegre,POU_L3,Maguary_Maracuja,6,0.0,0.0,0.0,0.0,12011.33,12011.33
70,Pouso Alegre,POU_L3,Maguary_Maracuja,7,0.0,0.0,0.0,0.0,7399.34,7925.970000000001
70,Pouso Alegre,POU_L3,Maguary_Maracuja,8,0.0,0.0,0.0,0.0,2802.12,2275.489999999999
70,Pouso Alegre,POU_L3,Maguary_Maracuja,9,0.0,0.0,0.0,0.0,0.0,3943.01
70,Pouso Alegre,POU_L3,Maguary_Maracuja,10,0.0,0.0,0.0,0.0,0.0,0.0
70,Pouso Alegre,POU_L3,Maguary_Maracuja,11,0.0,0.0,0.0,0.0,0.0,0.0
70,Pouso Alegre,POU_L3,Maguary_Maracuja,12,0.0,0.0,0.0,0.0,0.0,17108.06
70,Pouso Alegre,POU_L3,Maguary_Maracuja,13,0.0,0.0,0.0,0.0,0.0,4283.35
70,Pouso Alegre,POU_L3,Maguary_Maracuja,14,0.0,0.0,0.0,0.0,0.0,0.0
70,Pouso Alegre,POU_L3,Maguary_Maracuja,15,0.0,0.0,0.0,0.0,0.0,9206.43
70,Pouso Alegre,POU_L3,Coca_Cola,1,0.0,0.0,0.0,0.0,0.0,0.0
70,Pouso Alegre,POU_L3,Coca_Cola,2,0.0,0.0,0.0,0.0,0.0,0.0
70,Pouso Alegre,POU_L3,Coca_Cola,3,0.0,0.0,0.0,0.0,0.0,0.0
70,Pouso Alegre,POU_L3,Coca_Cola,4,0.0,0.0,0.0,0.0,0.0,0.0
70,Pouso Alegre,POU_L3,Coca_Cola,5,0.0,0.0,0.0,0.0,0.0,0.0
70,Pouso Alegre,POU_L3,Coca_Cola,6,0.0,0.0,0.0,0.0,0.0,0.0
70,Pouso Alegre,POU_L3,Coca_Cola,7,0.0,0.0,0.0,0.0,0.0,0.0
70,Pouso Alegre,POU_L3,Coca_Cola,8,0.0,0.0,0.0,0.0,0.0,0.0
70,Pouso Alegre,POU_L3,Coca_Cola,9,0.0,0.0,0.0,0.0,0.0,0.0
70,Pouso Alegre,POU_L3,Coca_Cola,10,0.0,0.0,0.0,0.0,0.0,0.0
70,Pouso Alegre,POU_L3,Coca_Cola,11,0.0,0.0,0.0,0.0,0.0,0.0
70,Pouso Alegre,POU_L3,Coca_Cola,12,0.0,0.0,27911.83,0.0,0.0,27911.83
70,Pouso Alegre,POU_L3,Coca_Cola,13,0.0,0.0,0.0,0.0,0.0,0.0
70,Pouso Alegre,POU_L3,Coca_Cola,14,0.0,0.0,0.0,0.0,0.0,0.0
70,Pouso Alegre,POU_L3,Coca_Cola,15,0.0,0.0,0.0,0.0,0.0,0.0
70,Pouso Alegre,POU_L3,H2OH_Limao,1,0.0,0.0,0.0,0.0,1229.8600000000079,1229.8600000000079
70,Pouso Alegre,POU_L3,H2OH_Limao,2,0.0,0.0,0.0,0.0,0.0,0.0
70,Pouso Alegre,POU_L3,H2OH_Limao,3,0.0,0.0,0.0,0.0,0.0,0.0
70,Pouso Alegre,POU_L3,H2OH_Limao,4,0.0,0.0,0.0,0.0,0.0,0.0
70,Pouso Alegre,POU_L3,H2OH_Limao,5,0.0,0.0,0.0,0.0,0.0,0.0
70,Pouso Alegre,POU_L3,H2OH_Limao,6,0.0,0.0,0.0,0.0,0.0,0.0
70,Pouso Alegre,POU_L3,H2OH_Limao,7,0.0,0.0,0.0,0.0,0.0,0.0
70,Pouso Alegre,POU_L3,H2OH_Limao,8,0.0,0.0,0.0,0.0,0.0,0.0
70,Pouso Alegre,POU_L3,H2OH_Limao,9,0.0,0.0,0.0,0.0,0.0,0.0
70,Pouso Alegre,POU_L3,H2OH_Limao,10,0.0,0.0,0.0,0.0,0.0,0.0
70,Pouso Alegre,POU_L3,H2OH_Limao,11,0.0,0.0,0.0,0.0,0.0,0.0
70,Pouso Alegre,POU_L3,H2OH_Limao,12,0.0,0.0,0.0,0.0,0.0,0.0
70,Pouso Alegre,POU_L3,H2OH_Limao,13,0.0,0.0,0.0,0.0,0.0,13530.69
70,Pouso Alegre,POU_L3,H2OH_Limao,14,0.0,0.0,0.0,0.0,0.0,0.0
70,Pouso Alegre,POU_L3,H2OH_Limao,15,0.0,0.0,0.0,0.0,0.0,0.0
70,Pouso Alegre,POU_L3,Schweppes_Citrus,1,0.0,0.0,0.0,0.0,0.0,0.0
70,Pouso Alegre,POU_L3,Schweppes_Citrus,2,0.0,0.0,0.0,0.0,0.0,0.0
70,Pouso Alegre,POU_L3,Schweppes_Citrus,3,0.0,0.0,0.0,0.0,0.0,14503.22
70,Pouso Alegre,POU_L3,Schweppes_Citrus,4,0.0,0.0,27053.0,0.0,0.0,33379.55
70,Pouso Alegre,POU_L3,Schweppes_Citrus,5,0.0,0.0,2539.83,0.0,6326.550000000003,2539.83
70,Pouso Alegre,POU_L3,Schweppes_Citrus,6,0.0,0.0,0.0,0.0,0.0,0.0
70,Pouso Alegre,POU_L3,Schweppes_Citrus,7,0.0,0.0,0.0,0.0,0.0,0.0
70,Pouso Alegre,POU_L3,Schweppes_Citrus,8,0.0,0.0,0.0,0.0,0.0,0.0
70,Pouso Alegre,POU_L3,Schweppes_Citrus,9,0.0,0.0,0.0,0.0,0.0,12554.14
70,Pouso Alegre,POU_L3,Schweppes_Citrus,10,0.0,0.0,0.0,0.0,0.0,0.0
70,Pouso Alegre,POU_L3,Schweppes_Citrus,11,0.0,0.0,0.0,0.0,0.0,0.0
70,Pouso Alegre,POU_L3,Schweppes_Citrus,12,0.0,0.0,0.0,0.0,0.0,0.0
70,Pouso Alegre,POU_L3,Schweppes_Citrus,13,0.0,0.0,9200.45,0.0,0.0,9200.45
70,Pouso Alegre,POU_L3,Schweppes_Citrus,14,0.0,0.0,0.0,0.0,0.0,0.0
70,Pouso Alegre,POU_L3,Schweppes_Citrus,15,0.0,0.0,0.0,0.0,0.0,0.0
70,Pouso Alegre,POU_L3,Sprite,1,0.0,0.0,0.0,0.0,0.0,0.0
70,Pouso Alegre,POU_L3,Sprite,2,0.0,0.0,0.0,0.0,0.0,0.0
70,Pouso Alegre,POU_L3,Sprite,3,0.0,0.0,0.0,0.0,0.0,0.0
70,Pouso Alegre,POU_L3,Sprite,4,0.0,0.0,0.0,0.0,0.0,0.0
70,Pouso Alegre,POU_L3,Sprite,5,0.0,0.0,0.0,0.0,0.0,0.0
70,Pouso Alegre,POU_L3,Sprite,6,0.0,0.0,0.0,0.0,0.0,0.0
70,Pouso Alegre,POU_L3,Sprite,7,0.0,0.0,0.0,0.0,0.0,0.0
70,Pouso Alegre,POU_L3,Sprite,8,0.0,0.0,0.0,0.0,0.0,2067.83
70,Pouso Alegre,POU_L3,Sprite,9,0.0,0.0,0.0,0.0,0.0,4628.479999999991
70,Pouso Alegre,POU_L3,Sprite,10,0.0,0.0,0.0,0.0,4628.479999999991,0.0
70,Pouso Alegre,POU_L3,Sprite,11,0.0,0.0,0.0,0.0,0.0,0.0
70,Pouso Alegre,POU_L3,Sprite,12,0.0,0.0,0.0,0.0,0.0,0.0
70,Pouso Alegre,POU_L3,Sprite,13,0.0,0.0,0.0,0.0,0.0,0.0
70,Pouso Alegre,POU_L3,Sprite,14,0.0,0.0,0.0,0.0,0.0,0.0
70,Pouso Alegre,POU_L3,Sprite,15,0.0,0.0,0.0,0.0,0.0,0.0
70,Pouso Alegre,POU_L3,Del_Valle_Uva,1,0.0,0.0,0.0,0.0,0.0,0.0
70,Pouso Alegre,POU_L3,Del_Valle_Uva,2,0.0,0.0,0.0,0.0,0.0,0.0
70,Pouso Alegre,POU_L3,Del_Valle_Uva,3,0.0,0.0,0.0,0.0,0.0,0.0
70,Pouso Alegre,POU_L3,Del_Valle_Uva,4,0.0,0.0,0.0,0.0,0.0,7092.1
70,Pouso Alegre,POU_L3,Del_Valle_Uva,5,0.0,0.0,0.0,0.0,0.0,0.0
70,Pouso Alegre,POU_L3,Del_Valle_Uva,6,0.0,0.0,0.0,0.0,0.0,0.0
70,Pouso Alegre,POU_L3,Del_Valle_Uva,7,0.0,0.0,0.0,0.0,0.0,0.0
70,Pouso Alegre,POU_L3,Del_Valle_Uva,8,0.0,0.0,0.0,0.0,0.0,9848.95
70,Pouso Alegre,POU_L3,Del_Valle_Uva,9,0.0,0.0,0.0,0.0,0.0,0.0
70,Pouso Alegre,POU_L3,Del_Valle_Uva,10,0.0,0.0,0.0,0.0,0.0,0.0
70,Pouso Alegre,POU_L3,Del_Valle_Uva,11,0.0,0.0,0.0,0.0,0.0,0.0
70,Pouso Alegre,POU_L3,Del_Valle_Uva,12,0.0,0.0,0.0,0.0,0.0,27185.63
70,Pouso Alegre,POU_L3,Del_Valle_Uva,13,0.0,0.0,0.0,0.0,0.0,0.0
70,Pouso Alegre,POU_L3,Del_Valle_Uva,14,0.0,0.0,0.0,0.0,0.0,0.0
70,Pouso Alegre,POU_L3,Del_Valle_Uva,15,0.0,0.0,0.0,0.0,0.0,0.0
70,Pouso Alegre,POU_L3,Pepsi,1,0.0,0.0,0.0,0.0,0.0,0.0
70,Pouso Alegre,POU_L3,Pepsi,2,0.0,0.0,0.0,0.0,13079.119999999999,0.0
70,Pouso Alegre,POU_L3,Pepsi,3,0.0,0.0,0.0,0.0,0.0,0.0
70,Pouso Alegre,POU_L3,Pepsi,4,0.0,0.0,0.0,0.0,0.0,0.0
70,Pouso Alegre,POU_L3,Pepsi,5,0.0,0.0,0.0,0.0,0.0,0.0
70,Pouso Alegre,POU_L3,Pepsi,6,0.0,0.0,0.0,0.0,21275.52,0.0
70,Pouso Alegre,POU_L3,Pepsi,7,0.0,0.0,0.0,0.0,2793.0700000000015,0.0
70,Pouso Alegre,POU_L3,Pepsi,8,0.0,0.0,0.0,0.0,0.0,0.0
70,Pouso Alegre,POU_L3,Pepsi,9,0.0,0.0,0.0,0.0,24844.039999999997,0.0
70,Pouso Alegre,POU_L3,Pepsi,10,0.0,0.0,0.0,0.0,13975.2,0.0
70,Pouso Alegre,POU_L3,Pepsi,11,0.0,0.0,0.0,0.0,0.0,0.0
70,Pouso Alegre,POU_L3,Pepsi,12,0.0,0.0,0.0,0.0,16790.25,0.0
70,Pouso Alegre,POU_L3,Pepsi,13,0.0,0.0,0.0,0.0,14501.1,0.0
70,Pouso Alegre,POU_L3,Pepsi,14,0.0,0.0,0.0,0.0,8972.57,0.0
70,Pouso Alegre,POU_L3,Pepsi,15,0.0,0.0,0.0,0.0,6482.04,0.0
70,Gama,GAM_L1,Fanta_Laranja,1,0.0,0.0,0.0,0.0,0.0,0.0
70,Gama,GAM_L1,Fanta_Laranja,2,0.0,0.0,0.0,0.0,0.0,0.0
70,Gama,GAM_L1,Fanta_Laranja,3,0.0,0.0,0.0,0.0,0.0,0.0
70,Gama,GAM_L1,Fanta_Laranja,4,0.0,0.0,9399.78,0.0,0.0,9399.78
70,Gama,GAM_L1,Fanta_Laranja,5,0.0,0.0,0.0,0.0,0.0,0.0
70,Gama,GAM_L1,Fanta_Laranja,6,0.0,0.0,0.0,0.0,0.0,0.0
70,Gama,GAM_L1,Fanta_Laranja,7,0.0,0.0,6324.69,0.0,0.0,6324.69
70,Gama,GAM_L1,Fanta_Laranja,8,0.0,0.0,0.0,0.0,0.0,5607.33
70,Gama,GAM_L1,Fanta_Laranja,9,0.0,0.0,0.0,0.0,0.0,0.0
70,Gama,GAM_L1,Fanta_Laranja,10,0.0,0.0,0.0,0.0,0.0,0.0
70,Gama,GAM_L1,Fanta_Laranja,11,0.0,0.0,22753.26,0.0,0.0,22753.26
70,Gama,GAM_L1,Fanta_Laranja,12,0.0,0.0,0.0,0.0,0.0,0.0
70,Gama,GAM_L1,Fanta_Laranja,13,0.0,0.0,0.0,0.0,0.0,26973.99
70,Gama,GAM_L1,Fanta_Laranja,14,0.0,0.0,0.0,0.0,0.0,0.0
70,Gama,GAM_L1,Fanta_Laranja,15,0.0,0.0,0.0,0.0,0.0,0.0
70,Gama,GAM_L1,Itubaina,1,0.0,0.0,0.0,0.0,0.0,437.92
70,Gama,GAM_L1,Itubaina,2,0.0,0.0,0.0,0.0,0.0,0.0
70,Gama,GAM_L1,Itubaina,3,0.0,0.0,0.0,0.0,0.0,0.0
70,Gama,GAM_L1,Itubaina,4,0.0,0.0,10437.68,0.0,0.0,10437.68
70,Gama,GAM_L1,Itubaina,5,0.0,0.0,0.0,0.0,0.0,0.0
70,Gama,GAM_L1,Itubaina,6,0.0,0.0,0.0,0.0,0.0,0.0
70,Gama,GAM_L1,Itubaina,7,0.0,0.0,0.0,0.0,0.0,15049.27
70,Gama,GAM_L1,Itubaina,8,0.0,0.0,0.0,0.0,0.0,0.0
70,Gama,GAM_L1,Itubaina,9,0.0,0.0,0.0,0.0,0.0,0.0
70,Gama,GAM_L1,Itubaina,10,0.0,0.0,0.0,0.0,0.0,17658.57
70,Gama,GAM_L1,Itubaina,11,0.0,0.0,0.0,0.0,0.0,0.0
70,Gama,GAM_L1,Itubaina,12,0.0,0.0,0.0,0.0,0.0,0.0
70,Gama,GAM_L1,Itubaina,13,0.0,0.0,0.0,0.0,0.0,0.0
70,Gama,GAM_L1,Itubaina,14,0.0,0.0,0.0,0.0,0.0,7403.79
70,Gama,GAM_L1,Itubaina,15,0.0,0.0,0.0,0.0,0.0,0.0
70,Gama,GAM_L1,Skol_Lata,1,0.0,0.0,0.0,0.0,20010.51,0.0
70,Gama,GAM_L1,Skol_Lata,2,0.0,0.0,0.0,0.0,0.0,0.0
70,Gama,GAM_L1,Skol_Lata,3,0.0,0.0,0.0,0.0,0.0,0.0
70,Gama,GAM_L1,Skol_Lata,4,0.0,0.0,0.0,0.0,0.0,0.0
70,Gama,GAM_L1,Skol_Lata,5,0.0,0.0,0.0,0.0,0.0,14874.55
70,Gama,GAM_L1,Skol_Lata,6,0.0,0.0,0.0,0.0,0.0,0.0
70,Gama,GAM_L1,Skol_Lata,7,0.0,0.0,12548.25,0.0,0.0,12548.25
70,Gama,GAM_L1,Skol_Lata,8,0.0,0.0,0.0,0.0,0.0,0.0
70,Gama,GAM_L1,Skol_Lata,9,0.0,0.0,0.0,0.0,0.0,0.0
70,Gama,GAM_L1,Skol_Lata,10,0.0,0.0,0.0,0.0,0.0,0.0
70,Gama,GAM_L1,Skol_Lata,11,0.0,0.0,0.0,0.0,0.0,0.0
70,Gama,GAM_L1,Skol_Lata,12,0.0,0.0,0.0,0.0,0.0,0.0
70,Gama,GAM_L1,Skol_Lata,13,0.0,0.0,0.0,0.0,0.0,0.0
70,Gama,GAM_L1,Skol_Lata,14,0.0,0.0,0.0,0.0,0.0,0.0
70,Gama,GAM_L1,Skol_Lata,15,0.0,0.0,0.0,0.0,0.0,1111.39
70,Gama,GAM_L1,Heineken_Lata,1,0.0,0.0,0.0,0.0,0.0,0.0
70,Gama,GAM_L1,Heineken_Lata,2,0.0,0.0,0.0,0.0,0.0,0.0
70,Gama,GAM_L1,Heineken_Lata,3,0.0,0.0,0.0,0.0,0.0,0.0
70,Gama,GAM_L1,Heineken_Lata,4,0.0,0.0,0.0,0.0,0.0,0.0
70,Gama,GAM_L1,Heineken_Lata,5,0.0,0.0,0.0,0.0,0.0,0.0
70,Gama,GAM_L1,Heineken_Lata,6,0.0,0.0,0.0,0.0,0.0,0.0
70,Gama,GAM_L1,Heineken_Lata,7,0.0,0.0,0.0,0.0,0.0,1169.19
70,Gama,GAM_L1,Heineken_Lata,8,0.0,0.0,0.0,0.0,0.0,0.0
70,Gama,GAM_L1,Heineken_Lata,9,0.0,0.0,21913.55,0.0,0.0,21913.55
70,Gama,GAM_L1,Heineken_Lata,10,0.0,0.0,0.0,0.0,0.0,0.0
70,Gama,GAM_L1,Heineken_Lata,11,0.0,0.0,0.0,0.0,0.0,14023.73999999999
70,Gama,GAM_L1,Heineken_Lata,12,0.0,0.0,0.0,0.0,0.0,37027.10000000001
70,Gama,GAM_L1,Heineken_Lata,13,0.0,0.0,0.0,0.0,0.0,2449.9599999999955
70,Gama,GAM_L1,Heineken_Lata,14,0.0,0.0,0.0,0.0,0.0,0.0
70,Gama,GAM_L1,Heineken_Lata,15,0.0,0.0,0.0,0.0,0.0,0.0
70,Gama,GAM_L1,Coca_Cola_Zero,1,0.0,0.0,0.0,0.0,0.0,0.0
70,Gama,GAM_L1,Coca_Cola_Zero,2,0.0,0.0,0.0,0.0,10938.18,0.0
70,Gama,GAM_L1,Coca_Cola_Zero,3,0.0,0.0,0.0,0.0,37535.99999999999,25574.14
70,Gama,GAM_L1,Coca_Cola_Zero,4,0.0,0.0,0.0,0.0,0.0,0.0
70,Gama,GAM_L1,Coca_Cola_Zero,5,0.0,0.0,10151.94,0.0,0.0,10151.94
70,Gama,GAM_L1,Coca_Cola_Zero,6,0.0,0.0,4479.86,0.0,0.0,4479.86
70,Gama,GAM_L1,Coca_Cola_Zero,7,0.0,0.0,0.0,0.0,0.0,0.0
70,Gama,GAM_L1,Coca_Cola_Zero,8,0.0,0.0,0.0,0.0,11284.259999999998,0.0
70,Gama,GAM_L1,Coca_Cola_Zero,9,0.0,0.0,0.0,0.0,23153.520000000004,0.0
70,Gama,GAM_L1,Coca_Cola_Zero,10,0.0,0.0,0.0,0.0,0.0,0.0
70,Gama,GAM_L1,Coca_Cola_Zero,11,0.0,0.0,0.0,0.0,0.0,0.0
70,Gama,GAM_L1,Coca_Cola_Zero,12,0.0,0.0,0.0,0.0,0.0,4071.319999999998
70,Gama,GAM_L1,Coca_Cola_Zero,13,0.0,0.0,29969.48,0.0,13400.8,29969.48
70,Gama,GAM_L1,Coca_Cola_Zero,14,0.0,0.0,0.0,0.0,0.0,0.0
70,Gama,GAM_L1,Coca_Cola_Zero,15,0.0,0.0,0.0,0.0,0.0,0.0
70,Gama,GAM_L1,Antarctica_Lata,1,0.0,0.0,0.0,0.0,0.0,0.0
70,Gama,GAM_L1,Antarctica_Lata,2,0.0,0.0,0.0,0.0,0.0,0.0
70,Gama,GAM_L1,Antarctica_Lata,3,0.0,0.0,22578.91,0.0,0.0,22578.91
70,Gama,GAM_L1,Antarctica_Lata,4,0.0,0.0,0.0,0.0,0.0,0.0
70,Gama,GAM_L1,Antarctica_Lata,5,0.0,0.0,0.0,0.0,0.0,0.0
70,Gama,GAM_L1,Antarctica_Lata,6,0.0,0.0,0.0,0.0,0.0,0.0
70,Gama,GAM_L1,Antarctica_Lata,7,0.0,0.0,0.0,0.0,0.0,0.0
70,Gama,GAM_L1,Antarctica_Lata,8,0.0,0.0,0.0,0.0,0.0,0.0
70,Gama,GAM_L1,Antarctica_Lata,9,0.0,0.0,0.0,0.0,0.0,0.0
70,Gama,GAM_L1,Antarctica_Lata,10,0.0,0.0,0.0,0.0,0.0,0.0
70,Gama,GAM_L1,Antarctica_Lata,11,0.0,0.0,0.0,0.0,0.0,0.0
70,Gama,GAM_L1,Antarctica_Lata,12,0.0,0.0,0.0,0.0,0.0,0.0
70,Gama,GAM_L1,Antarctica_Lata,13,0.0,0.0,0.0,0.0,0.0,0.0
70,Gama,GAM_L1,Antarctica_Lata,14,0.0,0.0,8259.48,0.0,0.0,8259.48
70,Gama,GAM_L1,Antarctica_Lata,15,0.0,0.0,0.0,0.0,0.0,0.0
70,Gama,GAM_L1,Spaten_Lata,1,0.0,0.0,0.0,0.0,0.0,0.0
70,Gama,GAM_L1,Spaten_Lata,2,0.0,0.0,0.0,0.0,0.0,0.0
70,Gama,GAM_L1,Spaten_Lata,3,0.0,0.0,0.0,0.0,0.0,0.0
70,Gama,GAM_L1,Spaten_Lata,4,0.0,0.0,0.0,0.0,0.0,0.0
70,Gama,GAM_L1,Spaten_Lata,5,0.0,0.0,0.0,0.0,0.0,0.0
70,Gama,GAM_L1,Spaten_Lata,6,0.0,0.0,0.0,0.0,0.0,0.0
70,Gama,GAM_L1,Spaten_Lata,7,0.0,0.0,0.0,0.0,0.0,0.0
70,Gama,GAM_L1,Spaten_Lata,8,0.0,0.0,0.0,0.0,0.0,0.0
70,Gama,GAM_L1,Spaten_Lata,9,0.0,0.0,8247.02,0.0,0.0,8247.02
70,Gama,GAM_L1,Spaten_Lata,10,0.0,0.0,0.0,0.0,0.0,0.0
70,Gama,GAM_L1,Spaten_Lata,11,0.0,0.0,0.0,0.0,0.0,0.0
70,Gama,GAM_L1,Spaten_Lata,12,0.0,0.0,0.0,0.0,0.0,0.0
70,Gama,GAM_L1,Spaten_Lata,13,0.0,0.0,0.0,0.0,0.0,0.0
70,Gama,GAM_L1,Spaten_Lata,14,0.0,0.0,11091.59,0.0,0.0,11091.59
70,Gama,GAM_L1,Spaten_Lata,15,0.0,0.0,0.0,0.0,0.0,0.0
70,Gama,GAM_L1,Maguary_Caju,1,0.0,0.0,0.0,0.0,0.0,28815.17
70,Gama,GAM_L1,Maguary_Caju,2,0.0,0.0,0.0,0.0,0.0,0.0
70,Gama,GAM_L1,Maguary_Caju,3,0.0,0.0,0.0,0.0,0.0,0.0
70,Gama,GAM_L1,Maguary_Caju,4,0.0,0.0,0.0,0.0,0.0,0.0
70,Gama,GAM_L1,Maguary_Caju,5,0.0,0.0,0.0,0.0,0.0,0.0
70,Gama,GAM_L1,Maguary_Caju,6,0.0,0.0,0.0,0.0,0.0,0.0
70,Gama,GAM_L1,Maguary_Caju,7,0.0,0.0,0.0,0.0,0.0,0.0
70,Gama,GAM_L1,Maguary_Caju,8,0.0,0.0,0.0,0.0,0.0,0.0
70,Gama,GAM_L1,Maguary_Caju,9,0.0,0.0,0.0,0.0,0.0,10710.89
70,Gama,GAM_L1,Maguary_Caju,10,0.0,0.0,0.0,0.0,0.0,0.0
70,Gama,GAM_L1,Maguary_Caju,11,0.0,0.0,0.0,0.0,0.0,0.0
70,Gama,GAM_L1,Maguary_Caju,12,0.0,0.0,0.0,0.0,0.0,0.0
70,Gama,GAM_L1,Maguary_Caju,13,0.0,0.0,0.0,0.0,0.0,0.0
70,Gama,GAM_L1,Maguary_Caju,14,0.0,0.0,0.0,0.0,0.0,0.0
70,Gama,GAM_L1,Maguary_Caju,15,0.0,0.0,0.0,0.0,0.0,0.0
70,Gama,GAM_L1,Del_Valle_Pessego,1,0.0,0.0,0.0,0.0,0.0,18202.92
70,Gama,GAM_L1,Del_Valle_Pessego,2,0.0,0.0,0.0,0.0,0.0,0.0
70,Gama,GAM_L1,Del_Valle_Pessego,3,0.0,0.0,0.0,0.0,0.0,0.0
70,Gama,GAM_L1,Del_Valle_Pessego,4,0.0,0.0,0.0,0.0,0.0,0.0
70,Gama,GAM_L1,Del_Valle_Pessego,5,0.0,0.0,0.0,0.0,0.0,0.0
70,Gama,GAM_L1,Del_Valle_Pessego,6,0.0,0.0,0.0,0.0,0.0,0.0
70,Gama,GAM_L1,Del_Valle_Pessego,7,0.0,0.0,0.0,0.0,0.0,0.0
70,Gama,GAM_L1,Del_Valle_Pessego,8,0.0,0.0,0.0,0.0,0.0,0.0
70,Gama,GAM_L1,Del_Valle_Pessego,9,0.0,0.0,0.0,0.0,0.0,0.0
70,Gama,GAM_L1,Del_Valle_Pessego,10,0.0,0.0,0.0,0.0,0.0,0.0
70,Gama,GAM_L1,Del_Valle_Pessego,11,0.0,0.0,0.0,0.0,0.0,0.0
70,Gama,GAM_L1,Del_Valle_Pessego,12,0.0,0.0,0.0,0.0,0.0,0.0
70,Gama,GAM_L1,Del_Valle_Pessego,13,0.0,0.0,0.0,0.0,0.0,0.0
70,Gama,GAM_L1,Del_Valle_Pessego,14,0.0,0.0,0.0,0.0,0.0,0.0
70,Gama,GAM_L1,Del_Valle_Pessego,15,0.0,0.0,0.0,0.0,0.0,0.0
70,Gama,GAM_L1,Stella_Artois_Pure_Gold,1,0.0,0.0,0.0,0.0,0.0,0.0
70,Gama,GAM_L1,Stella_Artois_Pure_Gold,2,0.0,0.0,0.0,0.0,0.0,15625.61
70,Gama,GAM_L1,Stella_Artois_Pure_Gold,3,0.0,0.0,0.0,0.0,0.0,0.0
70,Gama,GAM_L1,Stella_Artois_Pure_Gold,4,0.0,0.0,0.0,0.0,0.0,0.0
70,Gama,GAM_L1,Stella_Artois_Pure_Gold,5,0.0,0.0,0.0,0.0,0.0,0.0
70,Gama,GAM_L1,Stella_Artois_Pure_Gold,6,0.0,0.0,0.0,0.0,0.0,0.0
70,Gama,GAM_L1,Stella_Artois_Pure_Gold,7,0.0,0.0,0.0,0.0,0.0,0.0
70,Gama,GAM_L1,Stella_Artois_Pure_Gold,8,0.0,0.0,0.0,0.0,0.0,0.0
70,Gama,GAM_L1,Stella_Artois_Pure_Gold,9,0.0,0.0,0.0,0.0,0.0,0.0
70,Gama,GAM_L1,Stella_Artois_Pure_Gold,10,0.0,0.0,0.0,0.0,0.0,7767.72
70,Gama,GAM_L1,Stella_Artois_Pure_Gold,11,0.0,0.0,0.0,0.0,0.0,30029.76
70,Gama,GAM_L1,Stella_Artois_Pure_Gold,12,0.0,0.0,0.0,0.0,0.0,0.0
70,Gama,GAM_L1,Stella_Artois_Pure_Gold,13,0.0,0.0,0.0,0.0,0.0,0.0
70,Gama,GAM_L1,Stella_Artois_Pure_Gold,14,0.0,0.0,0.0,0.0,0.0,10171.42
70,Gama,GAM_L1,Stella_Artois_Pure_Gold,15,0.0,0.0,0.0,0.0,0.0,0.0
70,Gama,GAM_L1,Sprite_Zero,1,0.0,0.0,0.0,0.0,0.0,9439.71
70,Gama,GAM_L1,Sprite_Zero,2,0.0,0.0,0.0,0.0,0.0,0.0
70,Gama,GAM_L1,Sprite_Zero,3,0.0,0.0,0.0,0.0,0.0,15201.58
70,Gama,GAM_L1,Sprite_Zero,4,0.0,0.0,0.0,0.0,0.0,0.0
70,Gama,GAM_L1,Sprite_Zero,5,0.0,0.0,0.0,0.0,0.0,0.0
70,Gama,GAM_L1,Sprite_Zero,6,0.0,0.0,0.0,0.0,0.0,0.0
70,Gama,GAM_L1,Sprite_Zero,7,0.0,0.0,0.0,0.0,0.0,0.0
70,Gama,GAM_L1,Sprite_Zero,8,0.0,0.0,0.0,0.0,0.0,0.0
70,Gama,GAM_L1,Sprite_Zero,9,0.0,0.0,0.0,0.0,0.0,0.0
70,Gama,GAM_L1,Sprite_Zero,10,0.0,0.0,0.0,0.0,0.0,0.0
70,Gama,GAM_L1,Sprite_Zero,11,0.0,0.0,0.0,0.0,0.0,0.0
70,Gama,GAM_L1,Sprite_Zero,12,0.0,0.0,0.0,0.0,0.0,0.0
70,Gama,GAM_L1,Sprite_Zero,13,0.0,0.0,0.0,0.0,0.0,0.0
70,Gama,GAM_L1,Sprite_Zero,14,0.0,0.0,0.0,0.0,0.0,0.0
70,Gama,GAM_L1,Sprite_Zero,15,0.0,0.0,0.0,0.0,0.0,0.0
70,Gama,GAM_L1,Kuat,1,0.0,0.0,0.0,0.0,0.0,0.0
70,Gama,GAM_L1,Kuat,2,0.0,0.0,0.0,0.0,26033.33999999999,0.0
70,Gama,GAM_L1,Kuat,3,0.0,0.0,0.0,0.0,0.0,1322.81
70,Gama,GAM_L1,Kuat,4,0.0,0.0,0.0,0.0,0.0,0.0
70,Gama,GAM_L1,Kuat,5,0.0,0.0,0.0,0.0,0.0,0.0
70,Gama,GAM_L1,Kuat,6,0.0,0.0,0.0,0.0,13890.310000000003,28080.37
70,Gama,GAM_L1,Kuat,7,0.0,0.0,0.0,0.0,8080.709999999999,0.0
70,Gama,GAM_L1,Kuat,8,0.0,0.0,0.0,0.0,0.0,0.0
70,Gama,GAM_L1,Kuat,9,0.0,0.0,0.0,0.0,0.32,0.0
70,Gama,GAM_L1,Kuat,10,0.0,0.0,0.0,0.0,10936.870000000006,0.0
70,Gama,GAM_L1,Kuat,11,0.0,0.0,0.0,0.0,0.0,0.0
70,Gama,GAM_L1,Kuat,12,0.0,0.0,0.0,0.0,0.0,0.0
70,Gama,GAM_L1,Kuat,13,0.0,0.0,0.0,0.0,0.0,383.59
70,Gama,GAM_L1,Kuat,14,0.0,0.0,0.0,0.0,0.0,0.0
70,Gama,GAM_L1,Kuat,15,0.0,0.0,0.0,0.0,0.0,0.0
70,Gama,GAM_L1,Sukita_Laranja,1,0.0,0.0,0.0,0.0,0.0,0.0
70,Gama,GAM_L1,Sukita_Laranja,2,0.0,0.0,0.0,0.0,0.0,0.0
70,Gama,GAM_L1,Sukita_Laranja,3,0.0,0.0,0.0,0.0,0.0,0.0
70,Gama,GAM_L1,Sukita_Laranja,4,0.0,0.0,0.0,0.0,0.0,0.0
70,Gama,GAM_L1,Sukita_Laranja,5,0.0,0.0,0.0,0.0,0.0,9113.69
70,Gama,GAM_L1,Sukita_Laranja,6,0.0,0.0,0.0,0.0,0.0,0.0
70,Gama,GAM_L1,Sukita_Laranja,7,0.0,0.0,0.0,0.0,0.0,0.0
70,Gama,GAM_L1,Sukita_Laranja,8,0.0,0.0,0.0,0.0,0.0,0.0
70,Gama,GAM_L1,Sukita_Laranja,9,0.0,0.0,0.0,0.0,0.0,0.0
70,Gama,GAM_L1,Sukita_Laranja,10,0.0,0.0,0.0,0.0,0.0,0.0
70,Gama,GAM_L1,Sukita_Laranja,11,0.0,0.0,0.0,0.0,0.0,0.0
70,Gama,GAM_L1,Sukita_Laranja,12,0.0,0.0,0.0,0.0,0.0,11330.15
70,Gama,GAM_L1,Sukita_Laranja,13,0.0,0.0,0.0,0.0,0.0,0.0
70,Gama,GAM_L1,Sukita_Laranja,14,0.0,0.0,0.0,0.0,0.0,0.0
70,Gama,GAM_L1,Sukita_Laranja,15,0.0,0.0,0.0,0.0,0.0,8059.59
70,Gama,GAM_L1,Budweiser_Lata,1,0.0,0.0,0.0,0.0,0.0,0.0
70,Gama,GAM_L1,Budweiser_Lata,2,0.0,0.0,0.0,0.0,0.0,0.0
70,Gama,GAM_L1,Budweiser_Lata,3,0.0,0.0,0.0,0.0,0.0,0.0
70,Gama,GAM_L1,Budweiser_Lata,4,0.0,0.0,0.0,0.0,0.0,0.0
70,Gama,GAM_L1,Budweiser_Lata,5,0.0,0.0,0.0,0.0,0.0,0.0
70,Gama,GAM_L1,Budweiser_Lata,6,0.0,0.0,0.0,0.0,0.0,0.0
70,Gama,GAM_L1,Budweiser_Lata,7,0.0,0.0,0.0,0.0,0.0,0.0
70,Gama,GAM_L1,Budweiser_Lata,8,0.0,0.0,0.0,0.0,0.0,0.0
70,Gama,GAM_L1,Budweiser_Lata,9,0.0,0.0,0.0,0.0,0.0,0.0
70,Gama,GAM_L1,Budweiser_Lata,10,0.0,0.0,18895.3,0.0,0.0,18895.3
70,Gama,GAM_L1,Budweiser_Lata,11,0.0,0.0,0.0,0.0,0.0,0.0
70,Gama,GAM_L1,Budweiser_Lata,12,0.0,0.0,0.0,0.0,0.0,0.0
70,Gama,GAM_L1,Budweiser_Lata,13,0.0,0.0,0.0,0.0,0.0,0.0
70,Gama,GAM_L1,Budweiser_Lata,14,0.0,0.0,7675.99,0.0,0.0,7675.99
70,Gama,GAM_L1,Budweiser_Lata,15,0.0,0.0,0.0,0.0,0.0,0.0
70,Gama,GAM_L1,Guarana_Antarctica_Zero,1,0.0,0.0,0.0,0.0,0.0,0.0
70,Gama,GAM_L1,Guarana_Antarctica_Zero,2,0.0,0.0,0.0,0.0,0.0,0.0
70,Gama,GAM_L1,Guarana_Antarctica_Zero,3,0.0,0.0,0.0,0.0,0.0,0.0
70,Gama,GAM_L1,Guarana_Antarctica_Zero,4,0.0,0.0,0.0,0.0,0.0,10190.24
70,Gama,GAM_L1,Guarana_Antarctica_Zero,5,0.0,0.0,0.0,0.0,0.0,0.0
70,Gama,GAM_L1,Guarana_Antarctica_Zero,6,0.0,0.0,0.0,0.0,0.0,0.0
70,Gama,GAM_L1,Guarana_Antarctica_Zero,7,0.0,0.0,0.0,0.0,0.0,0.0
70,Gama,GAM_L1,Guarana_Antarctica_Zero,8,0.0,0.0,0.0,0.0,0.0,0.0
70,Gama,GAM_L1,Guarana_Antarctica_Zero,9,0.0,0.0,0.0,0.0,0.0,11540.72
70,Gama,GAM_L1,Guarana_Antarctica_Zero,10,0.0,0.0,0.0,0.0,0.0,0.0
70,Gama,GAM_L1,Guarana_Antarctica_Zero,11,0.0,0.0,0.0,0.0,0.0,0.0
70,Gama,GAM_L1,Guarana_Antarctica_Zero,12,0.0,0.0,0.0,0.0,0.0,0.0
70,Gama,GAM_L1,Guarana_Antarctica_Zero,13,0.0,0.0,0.0,0.0,0.0,0.0
70,Gama,GAM_L1,Guarana_Antarctica_Zero,14,0.0,0.0,0.0,0.0,0.0,0.0
70,Gama,GAM_L1,Guarana_Antarctica_Zero,15,0.0,0.0,0.0,0.0,0.0,0.0
70,Gama,GAM_L1,Itaipava_Lata,1,0.0,0.0,0.0,0.0,0.0,0.0
70,Gama,GAM_L1,Itaipava_Lata,2,0.0,0.0,0.0,0.0,0.0,8988.08
70,Gama,GAM_L1,Itaipava_Lata,3,0.0,0.0,0.0,0.0,0.0,0.0
70,Gama,GAM_L1,Itaipava_Lata,4,0.0,0.0,6355.63,0.0,0.0,6355.63
70,Gama,GAM_L1,Itaipava_Lata,5,0.0,0.0,0.0,0.0,0.0,0.0
70,Gama,GAM_L1,Itaipava_Lata,6,0.0,0.0,0.0,0.0,0.0,0.0
70,Gama,GAM_L1,Itaipava_Lata,7,0.0,0.0,0.0,0.0,0.0,5642.36
70,Gama,GAM_L1,Itaipava_Lata,8,0.0,0.0,10599.52,0.0,0.0,10599.52
70,Gama,GAM_L1,Itaipava_Lata,9,0.0,0.0,0.0,0.0,0.0,0.0
70,Gama,GAM_L1,Itaipava_Lata,10,0.0,0.0,0.0,0.0,0.0,19237.38
70,Gama,GAM_L1,Itaipava_Lata,11,0.0,0.0,0.0,0.0,0.0,0.0
70,Gama,GAM_L1,Itaipava_Lata,12,0.0,0.0,11825.05,0.0,0.0,11825.05
70,Gama,GAM_L1,Itaipava_Lata,13,0.0,0.0,0.0,0.0,0.0,0.0
70,Gama,GAM_L1,Itaipava_Lata,14,0.0,0.0,0.0,0.0,0.0,0.0
70,Gama,GAM_L1,Itaipava_Lata,15,0.0,0.0,0.0,0.0,0.0,0.0
70,Gama,GAM_L1,Brahma_Lata,1,37680.0,0.0,0.0,0.0,37680.0,0.0
70,Gama,GAM_L1,Brahma_Lata,2,10840.779999999988,0.0,0.0,0.0,10840.779999999988,1000.9399999999871
70,Gama,GAM_L1,Brahma_Lata,3,28067.8,0.0,0.0,0.0,28067.8,0.0
70,Gama,GAM_L1,Brahma_Lata,4,36912.0,0.0,0.0,0.0,37488.73999999999,0.0
70,Gama,GAM_L1,Brahma_Lata,5,14791.28999999999,0.0,0.0,0.0,14791.28999999999,14791.28999999999
70,Gama,GAM_L1,Brahma_Lata,6,19802.239999999998,0.0,0.0,0.0,19802.239999999998,2899.2899999999972
70,Gama,GAM_L1,Brahma_Lata,7,16354.089999999993,0.0,0.0,0.0,16354.089999999993,0.0
70,Gama,GAM_L1,Brahma_Lata,8,24502.26000000001,0.0,0.0,0.0,42192.84,0.0
70,Gama,GAM_L1,Brahma_Lata,9,18134.17,0.0,0.0,0.0,18134.170000000002,3469.1
70,Gama,GAM_L1,Brahma_Lata,10,0.0,0.0,0.0,0.0,0.0,0.0
70,Gama,GAM_L1,Brahma_Lata,11,13837.589999999978,0.0,0.0,0.0,13837.589999999978,0.0
70,Gama,GAM_L1,Brahma_Lata,12,20185.97,0.0,0.0,0.0,20185.970000000005,0.0
70,Gama,GAM_L1,Brahma_Lata,13,0.0,0.0,0.0,0.0,0.0,0.0
70,Gama,GAM_L1,Brahma_Lata,14,26295.55,0.0,0.0,0.0,26295.55,0.0
70,Gama,GAM_L1,Brahma_Lata,15,26621.56,0.0,27614.18,0.0,0.0,992.619999999999
70,Gama,GAM_L1,Eisenbahn_Pilsen,1,0.0,0.0,0.0,0.0,0.0,0.0
70,Gama,GAM_L1,Eisenbahn_Pilsen,2,0.0,0.0,0.0,0.0,0.0,0.0
70,Gama,GAM_L1,Eisenbahn_Pilsen,3,0.0,0.0,0.0,0.0,0.0,0.0
70,Gama,GAM_L1,Eisenbahn_Pilsen,4,0.0,0.0,0.0,0.0,0.0,0.0
70,Gama,GAM_L1,Eisenbahn_Pilsen,5,0.0,0.0,0.0,0.0,0.0,0.0
70,Gama,GAM_L1,Eisenbahn_Pilsen,6,0.0,0.0,0.0,0.0,0.0,0.0
70,Gama,GAM_L1,Eisenbahn_Pilsen,7,0.0,0.0,0.0,0.0,0.0,19459.86
70,Gama,GAM_L1,Eisenbahn_Pilsen,8,0.0,0.0,0.0,0.0,0.0,12586.66
70,Gama,GAM_L1,Eisenbahn_Pilsen,9,0.0,0.0,0.0,0.0,0.0,0.0
70,Gama,GAM_L1,Eisenbahn_Pilsen,10,0.0,0.0,0.0,0.0,0.0,0.0
70,Gama,GAM_L1,Eisenbahn_Pilsen,11,0.0,0.0,0.0,0.0,0.0,0.0
70,Gama,GAM_L1,Eisenbahn_Pilsen,12,0.0,0.0,9415.43,0.0,0.0,9415.43
70,Gama,GAM_L1,Eisenbahn_Pilsen,13,0.0,0.0,0.0,0.0,0.0,0.0
70,Gama,GAM_L1,Eisenbahn_Pilsen,14,0.0,0.0,0.0,0.0,0.0,0.0
70,Gama,GAM_L1,Eisenbahn_Pilsen,15,0.0,0.0,0.0,0.0,0.0,0.0
70,Gama,GAM_L1,Pepsi_Black,1,0.0,0.0,0.0,0.0,0.0,0.0
70,Gama,GAM_L1,Pepsi_Black,2,0.0,0.0,3482.2,0.0,0.0,3482.2
70,Gama,GAM_L1,Pepsi_Black,3,0.0,0.0,0.0,0.0,0.0,0.0
70,Gama,GAM_L1,Pepsi_Black,4,0.0,0.0,0.0,0.0,0.0,0.0
70,Gama,GAM_L1,Pepsi_Black,5,0.0,0.0,0.0,0.0,0.0,0.0
70,Gama,GAM_L1,Pepsi_Black,6,0.0,0.0,0.0,0.0,0.0,0.0
70,Gama,GAM_L1,Pepsi_Black,7,0.0,0.0,0.0,0.0,0.0,0.0
70,Gama,GAM_L1,Pepsi_Black,8,0.0,0.0,0.0,0.0,0.0,0.0
70,Gama,GAM_L1,Pepsi_Black,9,0.0,0.0,0.0,0.0,0.0,0.0
70,Gama,GAM_L1,Pepsi_Black,10,0.0,0.0,0.0,0.0,0.0,0.0
70,Gama,GAM_L1,Pepsi_Black,11,0.0,0.0,4161.46,0.0,0.0,4161.46
70,Gama,GAM_L1,Pepsi_Black,12,0.0,0.0,0.0,0.0,0.0,0.0
70,Gama,GAM_L1,Pepsi_Black,13,0.0,0.0,0.0,0.0,0.0,0.0
70,Gama,GAM_L1,Pepsi_Black,14,0.0,0.0,0.0,0.0,0.0,0.0
70,Gama,GAM_L1,Pepsi_Black,15,0.0,0.0,0.0,0.0,0.0,17413.0
70,Gama,GAM_L1,Guarana_Antarctica,1,0.0,0.0,15668.75,0.0,0.0,15668.75
70,Gama,GAM_L1,Guarana_Antarctica,2,0.0,0.0,0.0,0.0,0.0,0.0
70,Gama,GAM_L1,Guarana_Antarctica,3,0.0,0.0,0.0,0.0,0.0,0.0
70,Gama,GAM_L1,Guarana_Antarctica,4,0.0,0.0,0.0,0.0,0.0,0.0
70,Gama,GAM_L1,Guarana_Antarctica,5,0.0,0.0,0.0,0.0,0.0,0.0
70,Gama,GAM_L1,Guarana_Antarctica,6,0.0,0.0,18930.39,0.0,0.0,18930.39
70,Gama,GAM_L1,Guarana_Antarctica,7,0.0,0.0,0.0,0.0,0.0,0.0
70,Gama,GAM_L1,Guarana_Antarctica,8,0.0,0.0,0.0,0.0,0.0,25843.66
70,Gama,GAM_L1,Guarana_Antarctica,9,0.0,0.0,0.0,0.0,0.0,0.0
70,Gama,GAM_L1,Guarana_Antarctica,10,0.0,0.0,0.0,0.0,0.0,2204.27
70,Gama,GAM_L1,Guarana_Antarctica,11,0.0,0.0,0.0,0.0,0.0,0.0
70,Gama,GAM_L1,Guarana_Antarctica,12,0.0,0.0,0.0,0.0,0.0,0.0
70,Gama,GAM_L1,Guarana_Antarctica,13,0.0,0.0,0.0,0.0,0.0,0.0
70,Gama,GAM_L1,Guarana_Antarctica,14,0.0,0.0,0.0,0.0,0.0,23637.19
70,Gama,GAM_L1,Guarana_Antarctica,15,0.0,0.0,0.0,0.0,0.0,0.0
70,Gama,GAM_L1,Amstel_Lata,1,0.0,2130.550000000001,0.0,0.0,0.0,2130.550000000001
70,Gama,GAM_L1,Amstel_Lata,2,0.0,14195.700000000003,0.0,0.0,0.0,12065.150000000001
70,Gama,GAM_L1,Amstel_Lata,3,0.0,0.0,0.0,0.0,14195.700000000003,0.0
70,Gama,GAM_L1,Amstel_Lata,4,0.0,0.0,0.0,0.0,0.0,0.0
70,Gama,GAM_L1,Amstel_Lata,5,0.0,0.0,0.0,0.0,0.0,0.0
70,Gama,GAM_L1,Amstel_Lata,6,0.0,0.0,0.0,0.0,0.0,0.0
70,Gama,GAM_L1,Amstel_Lata,7,0.0,0.0,0.0,0.0,0.0,0.0
70,Gama,GAM_L1,Amstel_Lata,8,0.0,0.0,0.0,0.0,0.0,0.0
70,Gama,GAM_L1,Amstel_Lata,9,0.0,0.0,0.0,0.0,0.0,0.0
70,Gama,GAM_L1,Amstel_Lata,10,0.0,0.0,0.0,0.0,0.0,5137.54
70,Gama,GAM_L1,Amstel_Lata,11,0.0,0.0,0.0,0.0,0.0,0.0
70,Gama,GAM_L1,Amstel_Lata,12,0.0,0.0,0.0,0.0,0.0,0.0
70,Gama,GAM_L1,Amstel_Lata,13,0.0,0.0,0.0,0.0,0.0,0.0
70,Gama,GAM_L1,Amstel_Lata,14,0.0,0.0,0.0,0.0,0.0,0.0
70,Gama,GAM_L1,Amstel_Lata,15,0.0,0.0,0.0,0.0,0.0,0.0
70,Gama,GAM_L1,Del_Valle_Laranja,1,0.0,0.0,0.0,0.0,8585.38,0.0
70,Gama,GAM_L1,Del_Valle_Laranja,2,0.0,0.0,0.0,0.0,0.0,0.0
70,Gama,GAM_L1,Del_Valle_Laranja,3,0.0,0.0,0.0,0.0,33129.81,8291.75
70,Gama,GAM_L1,Del_Valle_Laranja,4,0.0,0.0,0.0,0.0,19293.84,0.0
70,Gama,GAM_L1,Del_Valle_Laranja,5,0.0,0.0,4409.77,0.0,17391.0,4409.77
70,Gama,GAM_L1,Del_Valle_Laranja,6,0.0,0.0,0.0,0.0,0.0,0.0
70,Gama,GAM_L1,Del_Valle_Laranja,7,0.0,0.0,0.0,0.0,30871.29,0.0
70,Gama,GAM_L1,Del_Valle_Laranja,8,0.0,0.0,0.0,0.0,25281.98,0.0
70,Gama,GAM_L1,Del_Valle_Laranja,9,0.0,0.0,0.0,0.0,35573.9,0.0
70,Gama,GAM_L1,Del_Valle_Laranja,10,0.0,0.0,0.0,0.0,28192.25,0.0
70,Gama,GAM_L1,Del_Valle_Laranja,11,0.0,0.0,0.0,0.0,7001.85,0.0
70,Gama,GAM_L1,Del_Valle_Laranja,12,0.0,0.0,0.0,0.0,7935.04,0.0
70,Gama,GAM_L1,Del_Valle_Laranja,13,0.0,0.0,0.0,0.0,2258.58,0.0
70,Gama,GAM_L1,Del_Valle_Laranja,14,0.0,0.0,0.0,0.0,0.0,0.0
70,Gama,GAM_L1,Del_Valle_Laranja,15,0.0,0.0,0.0,0.0,9677.66,0.0
70,Gama,GAM_L1,Fanta_Uva,1,0.0,0.0,0.0,0.0,0.0,0.0
70,Gama,GAM_L1,Fanta_Uva,2,25495.220000000012,0.0,23602.83,0.0,1892.3900000000103,0.0
70,Gama,GAM_L1,Fanta_Uva,3,6780.199999999998,0.0,0.0,0.0,6780.199999999998,0.0
70,Gama,GAM_L1,Fanta_Uva,4,0.0,0.0,0.0,0.0,0.0,0.0
70,Gama,GAM_L1,Fanta_Uva,5,14726.869999999999,0.0,0.0,0.0,14726.87,2499.67
70,Gama,GAM_L1,Fanta_Uva,6,16005.76,0.0,0.0,0.0,16005.76,0.0
70,Gama,GAM_L1,Fanta_Uva,7,20989.91000000001,0.0,0.0,0.0,20989.91000000001,0.0
70,Gama,GAM_L1,Fanta_Uva,8,13945.73999999999,0.0,0.0,0.0,13945.73999999999,0.0
70,Gama,GAM_L1,Fanta_Uva,9,24129.829999999998,0.0,0.0,0.0,24129.829999999998,0.0
70,Gama,GAM_L1,Fanta_Uva,10,37992.0,0.0,0.0,0.0,37992.0,0.0
70,Gama,GAM_L1,Fanta_Uva,11,24250.41000000002,0.0,0.0,0.0,24250.41000000002,0.0
70,Gama,GAM_L1,Fanta_Uva,12,16510.029999999995,0.0,0.0,0.0,16510.029999999995,0.0
70,Gama,GAM_L1,Fanta_Uva,13,41880.0,0.0,0.0,0.0,41880.00000000001,0.0
70,Gama,GAM_L1,Fanta_Uva,14,13304.45,0.0,0.0,0.0,13304.45,0.0
70,Gama,GAM_L1,Fanta_Uva,15,11754.44,0.0,0.0,0.0,11754.44,0.0
70,Gama,GAM_L1,Maguary_Maracuja,1,0.0,0.0,0.0,0.0,0.0,0.0
70,Gama,GAM_L1,Maguary_Maracuja,2,0.0,0.0,0.0,0.0,0.0,0.0
70,Gama,GAM_L1,Maguary_Maracuja,3,0.0,0.0,0.0,0.0,0.0,0.0
70,Gama,GAM_L1,Maguary_Maracuja,4,0.0,0.0,0.0,0.0,0.0,14749.56
70,Gama,GAM_L1,Maguary_Maracuja,5,0.0,0.0,0.0,0.0,0.0,28589.22
70,Gama,GAM_L1,Maguary_Maracuja,6,0.0,0.0,0.0,0.0,0.0,0.0
70,Gama,GAM_L1,Maguary_Maracuja,7,0.0,0.0,7874.94,0.0,0.0,7874.94
70,Gama,GAM_L1,Maguary_Maracuja,8,0.0,0.0,0.0,0.0,0.0,0.0
70,Gama,GAM_L1,Maguary_Maracuja,9,0.0,0.0,0.0,0.0,0.0,0.0
70,Gama,GAM_L1,Maguary_Maracuja,10,0.0,0.0,0.0,0.0,0.0,0.0
70,Gama,GAM_L1,Maguary_Maracuja,11,0.0,0.0,0.0,0.0,0.0,0.0
70,Gama,GAM_L1,Maguary_Maracuja,12,0.0,0.0,0.0,0.0,0.0,0.0
70,Gama,GAM_L1,Maguary_Maracuja,13,0.0,0.0,0.0,0.0,0.0,0.0
70,Gama,GAM_L1,Maguary_Maracuja,14,0.0,0.0,0.0,0.0,0.0,0.0
70,Gama,GAM_L1,Maguary_Maracuja,15,0.0,0.0,0.0,0.0,0.0,0.0
70,Gama,GAM_L1,Coca_Cola,1,0.0,0.0,0.0,0.0,0.0,0.0
70,Gama,GAM_L1,Coca_Cola,2,0.0,0.0,0.0,0.0,0.0,0.0
70,Gama,GAM_L1,Coca_Cola,3,0.0,0.0,0.0,0.0,0.0,0.0
70,Gama,GAM_L1,Coca_Cola,4,0.0,0.0,0.0,0.0,0.0,0.0
70,Gama,GAM_L1,Coca_Cola,5,0.0,0.0,0.0,0.0,0.0,0.0
70,Gama,GAM_L1,Coca_Cola,6,0.0,0.0,0.0,0.0,0.0,0.0
70,Gama,GAM_L1,Coca_Cola,7,0.0,0.0,0.0,0.0,0.0,0.0
70,Gama,GAM_L1,Coca_Cola,8,0.0,0.0,0.0,0.0,0.0,0.0
70,Gama,GAM_L1,Coca_Cola,9,0.0,0.0,0.0,0.0,0.0,0.0
70,Gama,GAM_L1,Coca_Cola,10,0.0,0.0,0.0,0.0,0.0,0.0
70,Gama,GAM_L1,Coca_Cola,11,0.0,0.0,0.0,0.0,0.0,8553.03
70,Gama,GAM_L1,Coca_Cola,12,0.0,0.0,3271.88,0.0,0.0,3271.88
70,Gama,GAM_L1,Coca_Cola,13,0.0,0.0,0.0,0.0,0.0,0.0
70,Gama,GAM_L1,Coca_Cola,14,0.0,0.0,0.0,0.0,0.0,0.0
70,Gama,GAM_L1,Coca_Cola,15,0.0,0.0,0.0,0.0,0.0,0.0
70,Gama,GAM_L1,H2OH_Limao,1,0.0,0.0,0.0,0.0,0.0,0.0
70,Gama,GAM_L1,H2OH_Limao,2,0.0,0.0,0.0,0.0,0.0,0.0
70,Gama,GAM_L1,H2OH_Limao,3,0.0,0.0,0.0,0.0,0.0,0.0
70,Gama,GAM_L1,H2OH_Limao,4,0.0,0.0,0.0,0.0,0.0,29879.6
70,Gama,GAM_L1,H2OH_Limao,5,0.0,0.0,0.0,0.0,0.0,0.0
70,Gama,GAM_L1,H2OH_Limao,6,0.0,0.0,0.0,0.0,0.0,0.0
70,Gama,GAM_L1,H2OH_Limao,7,0.0,0.0,0.0,0.0,0.0,0.0
70,Gama,GAM_L1,H2OH_Limao,8,0.0,0.0,0.0,0.0,0.0,5763.89
70,Gama,GAM_L1,H2OH_Limao,9,0.0,0.0,0.0,0.0,0.0,0.0
70,Gama,GAM_L1,H2OH_Limao,10,0.0,0.0,0.0,0.0,0.0,0.0
70,Gama,GAM_L1,H2OH_Limao,11,0.0,0.0,0.0,0.0,0.0,0.0
70,Gama,GAM_L1,H2OH_Limao,12,0.0,0.0,0.0,0.0,0.0,0.0
70,Gama,GAM_L1,H2OH_Limao,13,0.0,0.0,0.0,0.0,0.0,0.0
70,Gama,GAM_L1,H2OH_Limao,14,0.0,0.0,0.0,0.0,0.0,0.0
70,Gama,GAM_L1,H2OH_Limao,15,0.0,0.0,0.0,0.0,0.0,28892.5
70,Gama,GAM_L1,Schweppes_Citrus,1,0.0,0.0,0.0,0.0,0.0,0.0
70,Gama,GAM_L1,Schweppes_Citrus,2,0.0,0.0,0.0,0.0,0.0,0.0
70,Gama,GAM_L1,Schweppes_Citrus,3,0.0,0.0,0.0,0.0,0.0,0.0
70,Gama,GAM_L1,Schweppes_Citrus,4,0.0,0.0,0.0,0.0,0.0,0.0
70,Gama,GAM_L1,Schweppes_Citrus,5,0.0,0.0,0.0,0.0,0.0,0.0
70,Gama,GAM_L1,Schweppes_Citrus,6,0.0,0.0,0.0,0.0,0.0,27537.41
70,Gama,GAM_L1,Schweppes_Citrus,7,0.0,0.0,0.0,0.0,0.0,0.0
70,Gama,GAM_L1,Schweppes_Citrus,8,0.0,0.0,15956.53,0.0,0.0,15956.53
70,Gama,GAM_L1,Schweppes_Citrus,9,0.0,0.0,0.0,0.0,0.0,0.0
70,Gama,GAM_L1,Schweppes_Citrus,10,0.0,0.0,0.0,0.0,0.0,0.0
70,Gama,GAM_L1,Schweppes_Citrus,11,0.0,0.0,0.0,0.0,0.0,0.0
70,Gama,GAM_L1,Schweppes_Citrus,12,0.0,0.0,0.0,0.0,0.0,0.0
70,Gama,GAM_L1,Schweppes_Citrus,13,0.0,0.0,0.0,0.0,0.0,0.0
70,Gama,GAM_L1,Schweppes_Citrus,14,0.0,0.0,0.0,0.0,0.0,0.0
70,Gama,GAM_L1,Schweppes_Citrus,15,0.0,0.0,0.0,0.0,0.0,0.0
70,Gama,GAM_L1,Sprite,1,0.0,0.0,12718.43,0.0,12718.43,12718.43
70,Gama,GAM_L1,Sprite,2,0.0,0.0,0.0,0.0,6589.199999999992,15443.97
70,Gama,GAM_L1,Sprite,3,0.0,0.0,0.0,0.0,0.0,0.0
70,Gama,GAM_L1,Sprite,4,0.0,0.0,0.0,0.0,0.0,0.0
70,Gama,GAM_L1,Sprite,5,0.0,0.0,11127.6,0.0,15714.52,11127.6
70,Gama,GAM_L1,Sprite,6,0.0,0.0,0.0,0.0,10411.89,0.0
70,Gama,GAM_L1,Sprite,7,0.0,0.0,0.0,0.0,16260.880000000001,12841.6
70,Gama,GAM_L1,Sprite,8,0.0,0.0,0.0,0.0,0.0,0.0
70,Gama,GAM_L1,Sprite,9,0.0,0.0,0.0,0.0,0.0,0.0
70,Gama,GAM_L1,Sprite,10,0.0,0.0,7218.29,0.0,0.0,7218.29
70,Gama,GAM_L1,Sprite,11,0.0,0.0,0.0,0.0,0.0,0.0
70,Gama,GAM_L1,Sprite,12,0.0,0.0,0.0,0.0,0.0,6766.94
70,Gama,GAM_L1,Sprite,13,0.0,0.0,135.57,0.0,0.0,135.57
70,Gama,GAM_L1,Sprite,14,0.0,0.0,0.0,0.0,0.0,10039.58
70,Gama,GAM_L1,Sprite,15,0.0,0.0,0.0,0.0,0.0,0.0
70,Gama,GAM_L1,Del_Valle_Uva,1,0.0,0.0,0.0,0.0,0.0,4266.1
70,Gama,GAM_L1,Del_Valle_Uva,2,0.0,0.0,0.0,0.0,4266.1,0.0
70,Gama,GAM_L1,Del_Valle_Uva,3,0.0,0.0,0.0,0.0,0.0,2398.9799999999923
70,Gama,GAM_L1,Del_Valle_Uva,4,0.0,0.0,0.0,0.0,0.0,4802.930000000004
70,Gama,GAM_L1,Del_Valle_Uva,5,0.0,0.0,0.0,0.0,7201.909999999996,0.0
70,Gama,GAM_L1,Del_Valle_Uva,6,0.0,0.0,0.0,0.0,0.0,0.0
70,Gama,GAM_L1,Del_Valle_Uva,7,0.0,0.0,0.0,0.0,0.0,0.0
70,Gama,GAM_L1,Del_Valle_Uva,8,0.0,0.0,0.0,0.0,0.0,0.0
70,Gama,GAM_L1,Del_Valle_Uva,9,0.0,0.0,0.0,0.0,0.0,13961.19
70,Gama,GAM_L1,Del_Valle_Uva,10,0.0,0.0,0.0,0.0,0.0,0.0
70,Gama,GAM_L1,Del_Valle_Uva,11,0.0,0.0,0.0,0.0,0.0,0.0
70,Gama,GAM_L1,Del_Valle_Uva,12,0.0,0.0,0.0,0.0,0.0,0.0
70,Gama,GAM_L1,Del_Valle_Uva,13,0.0,0.0,0.0,0.0,0.0,9023.25
70,Gama,GAM_L1,Del_Valle_Uva,14,0.0,0.0,0.0,0.0,9023.25,0.0
70,Gama,GAM_L1,Del_Valle_Uva,15,0.0,0.0,0.0,0.0,0.0,0.0
70,Gama,GAM_L1,Pepsi,1,0.0,0.0,0.0,0.0,0.0,0.0
70,Gama,GAM_L1,Pepsi,2,0.0,0.0,0.0,0.0,0.0,0.0
70,Gama,GAM_L1,Pepsi,3,0.0,0.0,0.0,0.0,0.0,0.0
70,Gama,GAM_L1,Pepsi,4,0.0,0.0,0.0,0.0,0.0,0.0
70,Gama,GAM_L1,Pepsi,5,0.0,0.0,0.0,0.0,0.0,0.0
70,Gama,GAM_L1,Pepsi,6,0.0,0.0,0.0,0.0,0.0,0.0
70,Gama,GAM_L1,Pepsi,7,0.0,0.0,0.0,0.0,0.0,0.0
70,Gama,GAM_L1,Pepsi,8,0.0,0.0,0.0,0.0,0.0,0.0
70,Gama,GAM_L1,Pepsi,9,0.0,0.0,0.0,0.0,0.0,16260.51
70,Gama,GAM_L1,Pepsi,10,0.0,0.0,0.0,0.0,0.0,0.0
70,Gama,GAM_L1,Pepsi,11,0.0,0.0,0.0,0.0,0.0,0.0
70,Gama,GAM_L1,Pepsi,12,0.0,0.0,0.0,0.0,0.0,0.0
70,Gama,GAM_L1,Pepsi,13,0.0,0.0,0.0,0.0,0.0,0.0
70,Gama,GAM_L1,Pepsi,14,0.0,0.0,0.0,0.0,0.0,0.0
70,Gama,GAM_L1,Pepsi,15,0.0,0.0,0.0,0.0,0.0,0.0
70,Gama,GAM_L2,Fanta_Laranja,1,0.0,0.0,0.0,0.0,0.0,0.0
70,Gama,GAM_L2,Fanta_Laranja,2,0.0,0.0,0.0,0.0,0.0,0.0
70,Gama,GAM_L2,Fanta_Laranja,3,0.0,0.0,0.0,0.0,0.0,0.0
70,Gama,GAM_L2,Fanta_Laranja,4,0.0,0.0,0.0,0.0,0.0,9399.78
70,Gama,GAM_L2,Fanta_Laranja,5,0.0,0.0,0.0,0.0,0.0,0.0
70,Gama,GAM_L2,Fanta_Laranja,6,0.0,0.0,0.0,0.0,0.0,0.0
70,Gama,GAM_L2,Fanta_Laranja,7,0.0,0.0,0.0,0.0,0.0,6324.69
70,Gama,GAM_L2,Fanta_Laranja,8,0.0,0.0,0.0,0.0,0.0,5607.33
70,Gama,GAM_L2,Fanta_Laranja,9,0.0,0.0,0.0,0.0,0.0,0.0
70,Gama,GAM_L2,Fanta_Laranja,10,0.0,0.0,0.0,0.0,0.0,0.0
70,Gama,GAM_L2,Fanta_Laranja,11,0.0,0.0,0.0,0.0,0.0,22753.26
70,Gama,GAM_L2,Fanta_Laranja,12,0.0,0.0,0.0,0.0,0.0,0.0
70,Gama,GAM_L2,Fanta_Laranja,13,0.0,0.0,0.0,0.0,0.0,26973.99
70,Gama,GAM_L2,Fanta_Laranja,14,0.0,0.0,0.0,0.0,0.0,0.0
70,Gama,GAM_L2,Fanta_Laranja,15,0.0,0.0,0.0,0.0,0.0,0.0
70,Gama,GAM_L2,Itubaina,1,0.0,0.0,437.92,0.0,0.0,437.92
70,Gama,GAM_L2,Itubaina,2,0.0,0.0,0.0,0.0,0.0,0.0
70,Gama,GAM_L2,Itubaina,3,0.0,0.0,0.0,0.0,0.0,0.0
70,Gama,GAM_L2,Itubaina,4,0.0,0.0,0.0,0.0,0.0,10437.68
70,Gama,GAM_L2,Itubaina,5,0.0,0.0,0.0,0.0,0.0,0.0
70,Gama,GAM_L2,Itubaina,6,0.0,0.0,0.0,0.0,0.0,0.0
70,Gama,GAM_L2,Itubaina,7,0.0,0.0,15049.27,0.0,0.0,15049.27
70,Gama,GAM_L2,Itubaina,8,0.0,0.0,0.0,0.0,0.0,0.0
70,Gama,GAM_L2,Itubaina,9,0.0,0.0,0.0,0.0,0.0,0.0
70,Gama,GAM_L2,Itubaina,10,0.0,0.0,0.0,0.0,0.0,17658.57
70,Gama,GAM_L2,Itubaina,11,0.0,0.0,0.0,0.0,0.0,0.0
70,Gama,GAM_L2,Itubaina,12,0.0,0.0,0.0,0.0,0.0,0.0
70,Gama,GAM_L2,Itubaina,13,0.0,0.0,0.0,0.0,0.0,0.0
70,Gama,GAM_L2,Itubaina,14,0.0,0.0,7403.79,0.0,0.0,7403.79
70,Gama,GAM_L2,Itubaina,15,0.0,0.0,0.0,0.0,0.0,0.0
70,Gama,GAM_L2,Skol_Lata,1,20010.51,0.0,0.0,0.0,20010.51,0.0
70,Gama,GAM_L2,Skol_Lata,2,0.0,0.0,0.0,0.0,0.0,0.0
70,Gama,GAM_L2,Skol_Lata,3,0.0,0.0,0.0,0.0,0.0,0.0
70,Gama,GAM_L2,Skol_Lata,4,0.0,0.0,0.0,0.0,0.0,0.0
70,Gama,GAM_L2,Skol_Lata,5,0.0,0.0,0.0,0.0,0.0,14874.55
70,Gama,GAM_L2,Skol_Lata,6,0.0,0.0,0.0,0.0,0.0,0.0
70,Gama,GAM_L2,Skol_Lata,7,0.0,0.0,0.0,0.0,0.0,12548.25
70,Gama,GAM_L2,Skol_Lata,8,0.0,0.0,0.0,0.0,0.0,0.0
70,Gama,GAM_L2,Skol_Lata,9,0.0,0.0,0.0,0.0,0.0,0.0
70,Gama,GAM_L2,Skol_Lata,10,0.0,0.0,0.0,0.0,0.0,0.0
70,Gama,GAM_L2,Skol_Lata,11,0.0,0.0,0.0,0.0,0.0,0.0
70,Gama,GAM_L2,Skol_Lata,12,0.0,0.0,0.0,0.0,0.0,0.0
70,Gama,GAM_L2,Skol_Lata,13,0.0,0.0,0.0,0.0,0.0,0.0
70,Gama,GAM_L2,Skol_Lata,14,0.0,0.0,0.0,0.0,0.0,0.0
70,Gama,GAM_L2,Skol_Lata,15,0.0,0.0,1111.39,0.0,0.0,1111.39
70,Gama,GAM_L2,Heineken_Lata,1,0.0,0.0,0.0,0.0,0.0,0.0
70,Gama,GAM_L2,Heineken_Lata,2,0.0,0.0,0.0,0.0,0.0,0.0
70,Gama,GAM_L2,Heineken_Lata,3,0.0,0.0,0.0,0.0,0.0,0.0
70,Gama,GAM_L2,Heineken_Lata,4,0.0,0.0,0.0,0.0,0.0,0.0
70,Gama,GAM_L2,Heineken_Lata,5,0.0,0.0,0.0,0.0,0.0,0.0
70,Gama,GAM_L2,Heineken_Lata,6,0.0,0.0,0.0,0.0,0.0,0.0
70,Gama,GAM_L2,Heineken_Lata,7,0.0,0.0,0.0,0.0,0.0,1169.19
70,Gama,GAM_L2,Heineken_Lata,8,0.0,0.0,0.0,0.0,0.0,0.0
70,Gama,GAM_L2,Heineken_Lata,9,0.0,0.0,0.0,0.0,0.0,21913.55
70,Gama,GAM_L2,Heineken_Lata,10,0.0,0.0,0.0,0.0,0.0,0.0
70,Gama,GAM_L2,Heineken_Lata,11,0.0,14023.73999999999,0.0,0.0,0.0,14023.73999999999
70,Gama,GAM_L2,Heineken_Lata,12,0.0,24961.400000000005,26089.44,0.0,0.0,37027.10000000001
70,Gama,GAM_L2,Heineken_Lata,13,0.0,0.0,27411.36,0.0,0.0,2449.9599999999955
70,Gama,GAM_L2,Heineken_Lata,14,0.0,0.0,0.0,0.0,0.0,0.0
70,Gama,GAM_L2,Heineken_Lata,15,0.0,0.0,0.0,0.0,0.0,0.0
70,Gama,GAM_L2,Coca_Cola_Zero,1,0.0,0.0,0.0,0.0,0.0,0.0
70,Gama,GAM_L2,Coca_Cola_Zero,2,0.0,0.0,0.0,0.0,10938.18,0.0
70,Gama,GAM_L2,Coca_Cola_Zero,3,0.0,0.0,25574.14,0.0,37535.99999999999,25574.14
70,Gama,GAM_L2,Coca_Cola_Zero,4,0.0,0.0,0.0,0.0,0.0,0.0
70,Gama,GAM_L2,Coca_Cola_Zero,5,0.0,0.0,0.0,0.0,0.0,10151.94
70,Gama,GAM_L2,Coca_Cola_Zero,6,0.0,0.0,0.0,0.0,0.0,4479.86
70,Gama,GAM_L2,Coca_Cola_Zero,7,0.0,0.0,0.0,0.0,0.0,0.0
70,Gama,GAM_L2,Coca_Cola_Zero,8,0.0,0.0,0.0,0.0,11284.259999999998,0.0
70,Gama,GAM_L2,Coca_Cola_Zero,9,0.0,0.0,0.0,0.0,23153.520000000004,0.0
70,Gama,GAM_L2,Coca_Cola_Zero,10,0.0,0.0,0.0,0.0,0.0,0.0
70,Gama,GAM_L2,Coca_Cola_Zero,11,0.0,0.0,0.0,0.0,0.0,0.0
70,Gama,GAM_L2,Coca_Cola_Zero,12,0.0,0.0,0.0,0.0,0.0,4071.319999999998
70,Gama,GAM_L2,Coca_Cola_Zero,13,0.0,0.0,0.0,0.0,13400.8,29969.48
70,Gama,GAM_L2,Coca_Cola_Zero,14,0.0,0.0,0.0,0.0,0.0,0.0
70,Gama,GAM_L2,Coca_Cola_Zero,15,0.0,0.0,0.0,0.0,0.0,0.0
70,Gama,GAM_L2,Antarctica_Lata,1,0.0,0.0,0.0,0.0,0.0,0.0
70,Gama,GAM_L2,Antarctica_Lata,2,0.0,0.0,0.0,0.0,0.0,0.0
70,Gama,GAM_L2,Antarctica_Lata,3,0.0,0.0,0.0,0.0,0.0,22578.91
70,Gama,GAM_L2,Antarctica_Lata,4,0.0,0.0,0.0,0.0,0.0,0.0
70,Gama,GAM_L2,Antarctica_Lata,5,0.0,0.0,0.0,0.0,0.0,0.0
70,Gama,GAM_L2,Antarctica_Lata,6,0.0,0.0,0.0,0.0,0.0,0.0
70,Gama,GAM_L2,Antarctica_Lata,7,0.0,0.0,0.0,0.0,0.0,0.0
70,Gama,GAM_L2,Antarctica_Lata,8,0.0,0.0,0.0,0.0,0.0,0.0
70,Gama,GAM_L2,Antarctica_Lata,9,0.0,0.0,0.0,0.0,0.0,0.0
70,Gama,GAM_L2,Antarctica_Lata,10,0.0,0.0,0.0,0.0,0.0,0.0
70,Gama,GAM_L2,Antarctica_Lata,11,0.0,0.0,0.0,0.0,0.0,0.0
70,Gama,GAM_L2,Antarctica_Lata,12,0.0,0.0,0.0,0.0,0.0,0.0
70,Gama,GAM_L2,Antarctica_Lata,13,0.0,0.0,0.0,0.0,0.0,0.0
70,Gama,GAM_L2,Antarctica_Lata,14,0.0,0.0,0.0,0.0,0.0,8259.48
70,Gama,GAM_L2,Antarctica_Lata,15,0.0,0.0,0.0,0.0,0.0,0.0
70,Gama,GAM_L2,Spaten_Lata,1,0.0,0.0,0.0,0.0,0.0,0.0
70,Gama,GAM_L2,Spaten_Lata,2,0.0,0.0,0.0,0.0,0.0,0.0
70,Gama,GAM_L2,Spaten_Lata,3,0.0,0.0,0.0,0.0,0.0,0.0
70,Gama,GAM_L2,Spaten_Lata,4,0.0,0.0,0.0,0.0,0.0,0.0
70,Gama,GAM_L2,Spaten_Lata,5,0.0,0.0,0.0,0.0,0.0,0.0
70,Gama,GAM_L2,Spaten_Lata,6,0.0,0.0,0.0,0.0,0.0,0.0
70,Gama,GAM_L2,Spaten_Lata,7,0.0,0.0,0.0,0.0,0.0,0.0
70,Gama,GAM_L2,Spaten_Lata,8,0.0,0.0,0.0,0.0,0.0,0.0
70,Gama,GAM_L2,Spaten_Lata,9,0.0,0.0,0.0,0.0,0.0,8247.02
70,Gama,GAM_L2,Spaten_Lata,10,0.0,0.0,0.0,0.0,0.0,0.0
70,Gama,GAM_L2,Spaten_Lata,11,0.0,0.0,0.0,0.0,0.0,0.0
70,Gama,GAM_L2,Spaten_Lata,12,0.0,0.0,0.0,0.0,0.0,0.0
70,Gama,GAM_L2,Spaten_Lata,13,0.0,0.0,0.0,0.0,0.0,0.0
70,Gama,GAM_L2,Spaten_Lata,14,0.0,0.0,0.0,0.0,0.0,11091.59
70,Gama,GAM_L2,Spaten_Lata,15,0.0,0.0,0.0,0.0,0.0,0.0
70,Gama,GAM_L2,Maguary_Caju,1,0.0,0.0,0.0,0.0,0.0,28815.17
70,Gama,GAM_L2,Maguary_Caju,2,0.0,0.0,0.0,0.0,0.0,0.0
70,Gama,GAM_L2,Maguary_Caju,3,0.0,0.0,0.0,0.0,0.0,0.0
70,Gama,GAM_L2,Maguary_Caju,4,0.0,0.0,0.0,0.0,0.0,0.0
70,Gama,GAM_L2,Maguary_Caju,5,0.0,0.0,0.0,0.0,0.0,0.0
70,Gama,GAM_L2,Maguary_Caju,6,0.0,0.0,0.0,0.0,0.0,0.0
70,Gama,GAM_L2,Maguary_Caju,7,0.0,0.0,0.0,0.0,0.0,0.0
70,Gama,GAM_L2,Maguary_Caju,8,0.0,0.0,0.0,0.0,0.0,0.0
70,Gama,GAM_L2,Maguary_Caju,9,0.0,0.0,10710.89,0.0,0.0,10710.89
70,Gama,GAM_L2,Maguary_Caju,10,0.0,0.0,0.0,0.0,0.0,0.0
70,Gama,GAM_L2,Maguary_Caju,11,0.0,0.0,0.0,0.0,0.0,0.0
70,Gama,GAM_L2,Maguary_Caju,12,0.0,0.0,0.0,0.0,0.0,0.0
70,Gama,GAM_L2,Maguary_Caju,13,0.0,0.0,0.0,0.0,0.0,0.0
70,Gama,GAM_L2,Maguary_Caju,14,0.0,0.0,0.0,0.0,0.0,0.0
70,Gama,GAM_L2,Maguary_Caju,15,0.0,0.0,0.0,0.0,0.0,0.0
70,Gama,GAM_L2,Del_Valle_Pessego,1,0.0,0.0,18202.92,0.0,0.0,18202.92
70,Gama,GAM_L2,Del_Valle_Pessego,2,0.0,0.0,0.0,0.0,0.0,0.0
70,Gama,GAM_L2,Del_Valle_Pessego,3,0.0,0.0,0.0,0.0,0.0,0.0
70,Gama,GAM_L2,Del_Valle_Pessego,4,0.0,0.0,0.0,0.0,0.0,0.0
70,Gama,GAM_L2,Del_Valle_Pessego,5,0.0,0.0,0.0,0.0,0.0,0.0
70,Gama,GAM_L2,Del_Valle_Pessego,6,0.0,0.0,0.0,0.0,0.0,0.0
70,Gama,GAM_L2,Del_Valle_Pessego,7,0.0,0.0,0.0,0.0,0.0,0.0
70,Gama,GAM_L2,Del_Valle_Pessego,8,0.0,0.0,0.0,0.0,0.0,0.0
70,Gama,GAM_L2,Del_Valle_Pessego,9,0.0,0.0,0.0,0.0,0.0,0.0
70,Gama,GAM_L2,Del_Valle_Pessego,10,0.0,0.0,0.0,0.0,0.0,0.0
70,Gama,GAM_L2,Del_Valle_Pessego,11,0.0,0.0,0.0,0.0,0.0,0.0
70,Gama,GAM_L2,Del_Valle_Pessego,12,0.0,0.0,0.0,0.0,0.0,0.0
70,Gama,GAM_L2,Del_Valle_Pessego,13,0.0,0.0,0.0,0.0,0.0,0.0
70,Gama,GAM_L2,Del_Valle_Pessego,14,0.0,0.0,0.0,0.0,0.0,0.0
70,Gama,GAM_L2,Del_Valle_Pessego,15,0.0,0.0,0.0,0.0,0.0,0.0
70,Gama,GAM_L2,Stella_Artois_Pure_Gold,1,0.0,0.0,0.0,0.0,0.0,0.0
70,Gama,GAM_L2,Stella_Artois_Pure_Gold,2,0.0,0.0,0.0,0.0,0.0,15625.61
70,Gama,GAM_L2,Stella_Artois_Pure_Gold,3,0.0,0.0,0.0,0.0,0.0,0.0
70,Gama,GAM_L2,Stella_Artois_Pure_Gold,4,0.0,0.0,0.0,0.0,0.0,0.0
70,Gama,GAM_L2,Stella_Artois_Pure_Gold,5,0.0,0.0,0.0,0.0,0.0,0.0
70,Gama,GAM_L2,Stella_Artois_Pure_Gold,6,0.0,0.0,0.0,0.0,0.0,0.0
70,Gama,GAM_L2,Stella_Artois_Pure_Gold,7,0.0,0.0,0.0,0.0,0.0,0.0
70,Gama,GAM_L2,Stella_Artois_Pure_Gold,8,0.0,0.0,0.0,0.0,0.0,0.0
70,Gama,GAM_L2,Stella_Artois_Pure_Gold,9,0.0,0.0,0.0,0.0,0.0,0.0
70,Gama,GAM_L2,Stella_Artois_Pure_Gold,10,0.0,0.0,0.0,0.0,0.0,7767.72
70,Gama,GAM_L2,Stella_Artois_Pure_Gold,11,0.0,0.0,0.0,0.0,0.0,30029.76
70,Gama,GAM_L2,Stella_Artois_Pure_Gold,12,0.0,0.0,0.0,0.0,0.0,0.0
70,Gama,GAM_L2,Stella_Artois_Pure_Gold,13,0.0,0.0,0.0,0.0,0.0,0.0
70,Gama,GAM_L2,Stella_Artois_Pure_Gold,14,0.0,0.0,10171.42,0.0,0.0,10171.42
70,Gama,GAM_L2,Stella_Artois_Pure_Gold,15,0.0,0.0,0.0,0.0,0.0,0.0
70,Gama,GAM_L2,Sprite_Zero,1,0.0,0.0,9439.71,0.0,0.0,9439.71
70,Gama,GAM_L2,Sprite_Zero,2,0.0,0.0,0.0,0.0,0.0,0.0
70,Gama,GAM_L2,Sprite_Zero,3,0.0,0.0,0.0,0.0,0.0,15201.58
70,Gama,GAM_L2,Sprite_Zero,4,0.0,0.0,0.0,0.0,0.0,0.0
70,Gama,GAM_L2,Sprite_Zero,5,0.0,0.0,0.0,0.0,0.0,0.0
70,Gama,GAM_L2,Sprite_Zero,6,0.0,0.0,0.0,0.0,0.0,0.0
70,Gama,GAM_L2,Sprite_Zero,7,0.0,0.0,0.0,0.0,0.0,0.0
70,Gama,GAM_L2,Sprite_Zero,8,0.0,0.0,0.0,0.0,0.0,0.0
70,Gama,GAM_L2,Sprite_Zero,9,0.0,0.0,0.0,0.0,0.0,0.0
70,Gama,GAM_L2,Sprite_Zero,10,0.0,0.0,0.0,0.0,0.0,0.0
70,Gama,GAM_L2,Sprite_Zero,11,0.0,0.0,0.0,0.0,0.0,0.0
70,Gama,GAM_L2,Sprite_Zero,12,0.0,0.0,0.0,0.0,0.0,0.0
70,Gama,GAM_L2,Sprite_Zero,13,0.0,0.0,0.0,0.0,0.0,0.0
70,Gama,GAM_L2,Sprite_Zero,14,0.0,0.0,0.0,0.0,0.0,0.0
70,Gama,GAM_L2,Sprite_Zero,15,0.0,0.0,0.0,0.0,0.0,0.0
70,Gama,GAM_L2,Kuat,1,0.0,0.0,0.0,0.0,0.0,0.0
70,Gama,GAM_L2,Kuat,2,26033.33999999999,0.0,0.0,0.0,26033.33999999999,0.0
70,Gama,GAM_L2,Kuat,3,0.0,0.0,0.0,0.0,0.0,1322.81
70,Gama,GAM_L2,Kuat,4,0.0,0.0,0.0,0.0,0.0,0.0
70,Gama,GAM_L2,Kuat,5,0.0,0.0,0.0,0.0,0.0,0.0
70,Gama,GAM_L2,Kuat,6,13890.310000000003,0.0,0.0,0.0,13890.310000000003,28080.37
70,Gama,GAM_L2,Kuat,7,8080.709999999999,0.0,0.0,0.0,8080.709999999999,0.0
70,Gama,GAM_L2,Kuat,8,0.0,0.0,0.0,0.0,0.0,0.0
70,Gama,GAM_L2,Kuat,9,0.32,0.0,0.0,0.0,0.32,0.0
70,Gama,GAM_L2,Kuat,10,10936.870000000006,0.0,0.0,0.0,10936.870000000006,0.0
70,Gama,GAM_L2,Kuat,11,0.0,0.0,0.0,0.0,0.0,0.0
70,Gama,GAM_L2,Kuat,12,0.0,0.0,0.0,0.0,0.0,0.0
70,Gama,GAM_L2,Kuat,13,0.0,0.0,383.59,0.0,0.0,383.59
70,Gama,GAM_L2,Kuat,14,0.0,0.0,0.0,0.0,0.0,0.0
70,Gama,GAM_L2,Kuat,15,0.0,0.0,0.0,0.0,0.0,0.0
70,Gama,GAM_L2,Sukita_Laranja,1,0.0,0.0,0.0,0.0,0.0,0.0
70,Gama,GAM_L2,Sukita_Laranja,2,0.0,0.0,0.0,0.0,0.0,0.0
70,Gama,GAM_L2,Sukita_Laranja,3,0.0,0.0,0.0,0.0,0.0,0.0
70,Gama,GAM_L2,Sukita_Laranja,4,0.0,0.0,0.0,0.0,0.0,0.0
70,Gama,GAM_L2,Sukita_Laranja,5,0.0,0.0,0.0,0.0,0.0,9113.69
70,Gama,GAM_L2,Sukita_Laranja,6,0.0,0.0,0.0,0.0,0.0,0.0
70,Gama,GAM_L2,Sukita_Laranja,7,0.0,0.0,0.0,0.0,0.0,0.0
70,Gama,GAM_L2,Sukita_Laranja,8,0.0,0.0,0.0,0.0,0.0,0.0
70,Gama,GAM_L2,Sukita_Laranja,9,0.0,0.0,0.0,0.0,0.0,0.0
70,Gama,GAM_L2,Sukita_Laranja,10,0.0,0.0,0.0,0.0,0.0,0.0
70,Gama,GAM_L2,Sukita_Laranja,11,0.0,0.0,0.0,0.0,0.0,0.0
70,Gama,GAM_L2,Sukita_Laranja,12,0.0,0.0,0.0,0.0,0.0,11330.15
70,Gama,GAM_L2,Sukita_Laranja,13,0.0,0.0,0.0,0.0,0.0,0.0
70,Gama,GAM_L2,Sukita_Laranja,14,0.0,0.0,0.0,0.0,0.0,0.0
70,Gama,GAM_L2,Sukita_Laranja,15,0.0,0.0,8059.59,0.0,0.0,8059.59
70,Gama,GAM_L2,Budweiser_Lata,1,0.0,0.0,0.0,0.0,0.0,0.0
70,Gama,GAM_L2,Budweiser_Lata,2,0.0,0.0,0.0,0.0,0.0,0.0
70,Gama,GAM_L2,Budweiser_Lata,3,0.0,0.0,0.0,0.0,0.0,0.0
70,Gama,GAM_L2,Budweiser_Lata,4,0.0,0.0,0.0,0.0,0.0,0.0
70,Gama,GAM_L2,Budweiser_Lata,5,0.0,0.0,0.0,0.0,0.0,0.0
70,Gama,GAM_L2,Budweiser_Lata,6,0.0,0.0,0.0,0.0,0.0,0.0
70,Gama,GAM_L2,Budweiser_Lata,7,0.0,0.0,0.0,0.0,0.0,0.0
70,Gama,GAM_L2,Budweiser_Lata,8,0.0,0.0,0.0,0.0,0.0,0.0
70,Gama,GAM_L2,Budweiser_Lata,9,0.0,0.0,0.0,0.0,0.0,0.0
70,Gama,GAM_L2,Budweiser_Lata,10,0.0,0.0,0.0,0.0,0.0,18895.3
70,Gama,GAM_L2,Budweiser_Lata,11,0.0,0.0,0.0,0.0,0.0,0.0
70,Gama,GAM_L2,Budweiser_Lata,12,0.0,0.0,0.0,0.0,0.0,0.0
70,Gama,GAM_L2,Budweiser_Lata,13,0.0,0.0,0.0,0.0,0.0,0.0
70,Gama,GAM_L2,Budweiser_Lata,14,0.0,0.0,0.0,0.0,0.0,7675.99
70,Gama,GAM_L2,Budweiser_Lata,15,0.0,0.0,0.0,0.0,0.0,0.0
70,Gama,GAM_L2,Guarana_Antarctica_Zero,1,0.0,0.0,0.0,0.0,0.0,0.0
70,Gama,GAM_L2,Guarana_Antarctica_Zero,2,0.0,0.0,0.0,0.0,0.0,0.0
70,Gama,GAM_L2,Guarana_Antarctica_Zero,3,0.0,0.0,0.0,0.0,0.0,0.0
70,Gama,GAM_L2,Guarana_Antarctica_Zero,4,0.0,0.0,0.0,0.0,0.0,10190.24
70,Gama,GAM_L2,Guarana_Antarctica_Zero,5,0.0,0.0,0.0,0.0,0.0,0.0
70,Gama,GAM_L2,Guarana_Antarctica_Zero,6,0.0,0.0,0.0,0.0,0.0,0.0
70,Gama,GAM_L2,Guarana_Antarctica_Zero,7,0.0,0.0,0.0,0.0,0.0,0.0
70,Gama,GAM_L2,Guarana_Antarctica_Zero,8,0.0,0.0,0.0,0.0,0.0,0.0
70,Gama,GAM_L2,Guarana_Antarctica_Zero,9,0.0,0.0,0.0,0.0,0.0,11540.72
70,Gama,GAM_L2,Guarana_Antarctica_Zero,10,0.0,0.0,0.0,0.0,0.0,0.0
70,Gama,GAM_L2,Guarana_Antarctica_Zero,11,0.0,0.0,0.0,0.0,0.0,0.0
70,Gama,GAM_L2,Guarana_Antarctica_Zero,12,0.0,0.0,0.0,0.0,0.0,0.0
70,Gama,GAM_L2,Guarana_Antarctica_Zero,13,0.0,0.0,0.0,0.0,0.0,0.0
70,Gama,GAM_L2,Guarana_Antarctica_Zero,14,0.0,0.0,0.0,0.0,0.0,0.0
70,Gama,GAM_L2,Guarana_Antarctica_Zero,15,0.0,0.0,0.0,0.0,0.0,0.0
70,Gama,GAM_L2,Itaipava_Lata,1,0.0,0.0,0.0,0.0,0.0,0.0
70,Gama,GAM_L2,Itaipava_Lata,2,0.0,0.0,8988.08,0.0,0.0,8988.08
70,Gama,GAM_L2,Itaipava_Lata,3,0.0,0.0,0.0,0.0,0.0,0.0
70,Gama,GAM_L2,Itaipava_Lata,4,0.0,0.0,0.0,0.0,0.0,6355.63
70,Gama,GAM_L2,Itaipava_Lata,5,0.0,0.0,0.0,0.0,0.0,0.0
70,Gama,GAM_L2,Itaipava_Lata,6,0.0,0.0,0.0,0.0,0.0,0.0
70,Gama,GAM_L2,Itaipava_Lata,7,0.0,0.0,0.0,0.0,0.0,5642.36
70,Gama,GAM_L2,Itaipava_Lata,8,0.0,0.0,0.0,0.0,0.0,10599.52
70,Gama,GAM_L2,Itaipava_Lata,9,0.0,0.0,0.0,0.0,0.0,0.0
70,Gama,GAM_L2,Itaipava_Lata,10,0.0,0.0,19237.38,0.0,0.0,19237.38
70,Gama,GAM_L2,Itaipava_Lata,11,0.0,0.0,0.0,0.0,0.0,0.0
70,Gama,GAM_L2,Itaipava_Lata,12,0.0,0.0,0.0,0.0,0.0,11825.05
70,Gama,GAM_L2,Itaipava_Lata,13,0.0,0.0,0.0,0.0,0.0,0.0
70,Gama,GAM_L2,Itaipava_Lata,14,0.0,0.0,0.0,0.0,0.0,0.0
70,Gama,GAM_L2,Itaipava_Lata,15,0.0,0.0,0.0,0.0,0.0,0.0
70,Gama,GAM_L2,Brahma_Lata,1,0.0,0.0,0.0,0.0,37680.0,0.0
70,Gama,GAM_L2,Brahma_Lata,2,0.0,576.739999999987,0.0,0.0,10840.779999999988,1000.9399999999871
70,Gama,GAM_L2,Brahma_Lata,3,0.0,576.739999999987,0.0,0.0,28067.8,0.0
70,Gama,GAM_L2,Brahma_Lata,4,0.0,0.0,0.0,0.0,37488.73999999999,0.0
70,Gama,GAM_L2,Brahma_Lata,5,0.0,14791.28999999999,0.0,0.0,14791.28999999999,14791.28999999999
70,Gama,GAM_L2,Brahma_Lata,6,0.0,17690.579999999987,0.0,0.0,19802.239999999998,2899.2899999999972
70,Gama,GAM_L2,Brahma_Lata,7,0.0,17690.579999999987,0.0,0.0,16354.089999999993,0.0
70,Gama,GAM_L2,Brahma_Lata,8,0.0,0.0,0.0,0.0,42192.84,0.0
70,Gama,GAM_L2,Brahma_Lata,9,0.0,0.0,3469.1,0.0,18134.170000000002,3469.1
70,Gama,GAM_L2,Brahma_Lata,10,0.0,0.0,0.0,0.0,0.0,0.0
70,Gama,GAM_L2,Brahma_Lata,11,0.0,0.0,0.0,0.0,13837.589999999978,0.0
70,Gama,GAM_L2,Brahma_Lata,12,0.0,0.0,0.0,0.0,20185.970000000005,0.0
70,Gama,GAM_L2,Brahma_Lata,13,0.0,0.0,0.0,0.0,0.0,0.0
70,Gama,GAM_L2,Brahma_Lata,14,0.0,0.0,0.0,0.0,26295.55,0.0
70,Gama,GAM_L2,Brahma_Lata,15,0.0,0.0,0.0,0.0,0.0,992.619999999999
70,Gama,GAM_L2,Eisenbahn_Pilsen,1,0.0,0.0,0.0,0.0,0.0,0.0
70,Gama,GAM_L2,Eisenbahn_Pilsen,2,0.0,0.0,0.0,0.0,0.0,0.0
70,Gama,GAM_L2,Eisenbahn_Pilsen,3,0.0,0.0,0.0,0.0,0.0,0.0
70,Gama,GAM_L2,Eisenbahn_Pilsen,4,0.0,0.0,0.0,0.0,0.0,0.0
70,Gama,GAM_L2,Eisenbahn_Pilsen,5,0.0,0.0,0.0,0.0,0.0,0.0
70,Gama,GAM_L2,Eisenbahn_Pilsen,6,0.0,0.0,0.0,0.0,0.0,0.0
70,Gama,GAM_L2,Eisenbahn_Pilsen,7,0.0,0.0,0.0,0.0,0.0,19459.86
70,Gama,GAM_L2,Eisenbahn_Pilsen,8,0.0,0.0,0.0,0.0,0.0,12586.66
70,Gama,GAM_L2,Eisenbahn_Pilsen,9,0.0,0.0,0.0,0.0,0.0,0.0
70,Gama,GAM_L2,Eisenbahn_Pilsen,10,0.0,0.0,0.0,0.0,0.0,0.0
70,Gama,GAM_L2,Eisenbahn_Pilsen,11,0.0,0.0,0.0,0.0,0.0,0.0
70,Gama,GAM_L2,Eisenbahn_Pilsen,12,0.0,0.0,0.0,0.0,0.0,9415.43
70,Gama,GAM_L2,Eisenbahn_Pilsen,13,0.0,0.0,0.0,0.0,0.0,0.0
70,Gama,GAM_L2,Eisenbahn_Pilsen,14,0.0,0.0,0.0,0.0,0.0,0.0
70,Gama,GAM_L2,Eisenbahn_Pilsen,15,0.0,0.0,0.0,0.0,0.0,0.0
70,Gama,GAM_L2,Pepsi_Black,1,0.0,0.0,0.0,0.0,0.0,0.0
70,Gama,GAM_L2,Pepsi_Black,2,0.0,0.0,0.0,0.0,0.0,3482.2
70,Gama,GAM_L2,Pepsi_Black,3,0.0,0.0,0.0,0.0,0.0,0.0
70,Gama,GAM_L2,Pepsi_Black,4,0.0,0.0,0.0,0.0,0.0,0.0
70,Gama,GAM_L2,Pepsi_Black,5,0.0,0.0,0.0,0.0,0.0,0.0
70,Gama,GAM_L2,Pepsi_Black,6,0.0,0.0,0.0,0.0,0.0,0.0
70,Gama,GAM_L2,Pepsi_Black,7,0.0,0.0,0.0,0.0,0.0,0.0
70,Gama,GAM_L2,Pepsi_Black,8,0.0,0.0,0.0,0.0,0.0,0.0
70,Gama,GAM_L2,Pepsi_Black,9,0.0,0.0,0.0,0.0,0.0,0.0
70,Gama,GAM_L2,Pepsi_Black,10,0.0,0.0,0.0,0.0,0.0,0.0
70,Gama,GAM_L2,Pepsi_Black,11,0.0,0.0,0.0,0.0,0.0,4161.46
70,Gama,GAM_L2,Pepsi_Black,12,0.0,0.0,0.0,0.0,0.0,0.0
70,Gama,GAM_L2,Pepsi_Black,13,0.0,0.0,0.0,0.0,0.0,0.0
70,Gama,GAM_L2,Pepsi_Black,14,0.0,0.0,0.0,0.0,0.0,0.0
70,Gama,GAM_L2,Pepsi_Black,15,0.0,0.0,17413.0,0.0,0.0,17413.0
70,Gama,GAM_L2,Guarana_Antarctica,1,0.0,0.0,0.0,0.0,0.0,15668.75
70,Gama,GAM_L2,Guarana_Antarctica,2,0.0,0.0,0.0,0.0,0.0,0.0
70,Gama,GAM_L2,Guarana_Antarctica,3,0.0,0.0,0.0,0.0,0.0,0.0
70,Gama,GAM_L2,Guarana_Antarctica,4,0.0,0.0,0.0,0.0,0.0,0.0
70,Gama,GAM_L2,Guarana_Antarctica,5,0.0,0.0,0.0,0.0,0.0,0.0
70,Gama,GAM_L2,Guarana_Antarctica,6,0.0,0.0,0.0,0.0,0.0,18930.39
70,Gama,GAM_L2,Guarana_Antarctica,7,0.0,0.0,0.0,0.0,0.0,0.0
70,Gama,GAM_L2,Guarana_Antarctica,8,0.0,0.0,25843.66,0.0,0.0,25843.66
70,Gama,GAM_L2,Guarana_Antarctica,9,0.0,0.0,0.0,0.0,0.0,0.0
70,Gama,GAM_L2,Guarana_Antarctica,10,0.0,0.0,2204.27,0.0,0.0,2204.27
70,Gama,GAM_L2,Guarana_Antarctica,11,0.0,0.0,0.0,0.0,0.0,0.0
70,Gama,GAM_L2,Guarana_Antarctica,12,0.0,0.0,0.0,0.0,0.0,0.0
70,Gama,GAM_L2,Guarana_Antarctica,13,0.0,0.0,0.0,0.0,0.0,0.0
70,Gama,GAM_L2,Guarana_Antarctica,14,0.0,0.0,0.0,0.0,0.0,23637.19
70,Gama,GAM_L2,Guarana_Antarctica,15,0.0,0.0,0.0,0.0,0.0,0.0
70,Gama,GAM_L2,Amstel_Lata,1,0.0,0.0,0.0,0.0,0.0,2130.550000000001
70,Gama,GAM_L2,Amstel_Lata,2,0.0,0.0,0.0,0.0,0.0,12065.150000000001
70,Gama,GAM_L2,Amstel_Lata,3,0.0,0.0,0.0,0.0,14195.700000000003,0.0
70,Gama,GAM_L2,Amstel_Lata,4,0.0,0.0,0.0,0.0,0.0,0.0
70,Gama,GAM_L2,Amstel_Lata,5,0.0,0.0,0.0,0.0,0.0,0.0
70,Gama,GAM_L2,Amstel_Lata,6,0.0,0.0,0.0,0.0,0.0,0.0
70,Gama,GAM_L2,Amstel_Lata,7,0.0,0.0,0.0,0.0,0.0,0.0
70,Gama,GAM_L2,Amstel_Lata,8,0.0,0.0,0.0,0.0,0.0,0.0
70,Gama,GAM_L2,Amstel_Lata,9,0.0,0.0,0.0,0.0,0.0,0.0
70,Gama,GAM_L2,Amstel_Lata,10,0.0,0.0,5137.54,0.0,0.0,5137.54
70,Gama,GAM_L2,Amstel_Lata,11,0.0,0.0,0.0,0.0,0.0,0.0
70,Gama,GAM_L2,Amstel_Lata,12,0.0,0.0,0.0,0.0,0.0,0.0
70,Gama,GAM_L2,Amstel_Lata,13,0.0,0.0,0.0,0.0,0.0,0.0
70,Gama,GAM_L2,Amstel_Lata,14,0.0,0.0,0.0,0.0,0.0,0.0
70,Gama,GAM_L2,Amstel_Lata,15,0.0,0.0,0.0,0.0,0.0,0.0
70,Gama,GAM_L2,Del_Valle_Laranja,1,8585.38,0.0,0.0,0.0,8585.38,0.0
70,Gama,GAM_L2,Del_Valle_Laranja,2,0.0,0.0,0.0,0.0,0.0,0.0
70,Gama,GAM_L2,Del_Valle_Laranja,3,33129.81,0.0,0.0,0.0,33129.81,8291.75
70,Gama,GAM_L2,Del_Valle_Laranja,4,19293.84,0.0,0.0,0.0,19293.84,0.0
70,Gama,GAM_L2,Del_Valle_Laranja,5,17391.0,0.0,0.0,0.0,17391.0,4409.77
70,Gama,GAM_L2,Del_Valle_Laranja,6,0.0,0.0,0.0,0.0,0.0,0.0
70,Gama,GAM_L2,Del_Valle_Laranja,7,30871.29,0.0,0.0,0.0,30871.29,0.0
70,Gama,GAM_L2,Del_Valle_Laranja,8,25281.98,0.0,0.0,0.0,25281.98,0.0
70,Gama,GAM_L2,Del_Valle_Laranja,9,36015.020000000004,441.12000000000626,0.0,0.0,35573.9,0.0
70,Gama,GAM_L2,Del_Valle_Laranja,10,27751.129999999994,0.0,0.0,0.0,28192.25,0.0
70,Gama,GAM_L2,Del_Valle_Laranja,11,24625.93,0.0,17624.08,0.0,7001.85,0.0
70,Gama,GAM_L2,Del_Valle_Laranja,12,7935.04,0.0,0.0,0.0,7935.04,0.0
70,Gama,GAM_L2,Del_Valle_Laranja,13,2258.58,0.0,0.0,0.0,2258.58,0.0
70,Gama,GAM_L2,Del_Valle_Laranja,14,0.0,0.0,0.0,0.0,0.0,0.0
70,Gama,GAM_L2,Del_Valle_Laranja,15,9677.66,0.0,0.0,0.0,9677.66,0.0
70,Gama,GAM_L2,Fanta_Uva,1,0.0,0.0,0.0,0.0,0.0,0.0
70,Gama,GAM_L2,Fanta_Uva,2,0.0,0.0,0.0,0.0,1892.3900000000103,0.0
70,Gama,GAM_L2,Fanta_Uva,3,0.0,0.0,0.0,0.0,6780.199999999998,0.0
70,Gama,GAM_L2,Fanta_Uva,4,0.0,0.0,0.0,0.0,0.0,0.0
70,Gama,GAM_L2,Fanta_Uva,5,0.0,0.0,0.0,0.0,14726.87,2499.67
70,Gama,GAM_L2,Fanta_Uva,6,0.0,0.0,0.0,0.0,16005.76,0.0
70,Gama,GAM_L2,Fanta_Uva,7,0.0,0.0,0.0,0.0,20989.91000000001,0.0
70,Gama,GAM_L2,Fanta_Uva,8,0.0,0.0,0.0,0.0,13945.73999999999,0.0
70,Gama,GAM_L2,Fanta_Uva,9,0.0,0.0,0.0,0.0,24129.829999999998,0.0
70,Gama,GAM_L2,Fanta_Uva,10,0.0,0.0,0.0,0.0,37992.0,0.0
70,Gama,GAM_L2,Fanta_Uva,11,0.0,0.0,0.0,0.0,24250.41000000002,0.0
70,Gama,GAM_L2,Fanta_Uva,12,0.0,0.0,0.0,0.0,16510.029999999995,0.0
70,Gama,GAM_L2,Fanta_Uva,13,0.0,0.0,0.0,0.0,41880.00000000001,0.0
70,Gama,GAM_L2,Fanta_Uva,14,0.0,0.0,0.0,0.0,13304.45,0.0
70,Gama,GAM_L2,Fanta_Uva,15,0.0,0.0,0.0,0.0,11754.44,0.0
70,Gama,GAM_L2,Maguary_Maracuja,1,0.0,0.0,0.0,0.0,0.0,0.0
70,Gama,GAM_L2,Maguary_Maracuja,2,0.0,0.0,0.0,0.0,0.0,0.0
70,Gama,GAM_L2,Maguary_Maracuja,3,0.0,0.0,0.0,0.0,0.0,0.0
70,Gama,GAM_L2,Maguary_Maracuja,4,0.0,0.0,0.0,0.0,0.0,14749.56
70,Gama,GAM_L2,Maguary_Maracuja,5,0.0,0.0,28589.22,0.0,0.0,28589.22
70,Gama,GAM_L2,Maguary_Maracuja,6,0.0,0.0,0.0,0.0,0.0,0.0
70,Gama,GAM_L2,Maguary_Maracuja,7,0.0,0.0,0.0,0.0,0.0,7874.94
70,Gama,GAM_L2,Maguary_Maracuja,8,0.0,0.0,0.0,0.0,0.0,0.0
70,Gama,GAM_L2,Maguary_Maracuja,9,0.0,0.0,0.0,0.0,0.0,0.0
70,Gama,GAM_L2,Maguary_Maracuja,10,0.0,0.0,0.0,0.0,0.0,0.0
70,Gama,GAM_L2,Maguary_Maracuja,11,0.0,0.0,0.0,0.0,0.0,0.0
70,Gama,GAM_L2,Maguary_Maracuja,12,0.0,0.0,0.0,0.0,0.0,0.0
70,Gama,GAM_L2,Maguary_Maracuja,13,0.0,0.0,0.0,0.0,0.0,0.0
70,Gama,GAM_L2,Maguary_Maracuja,14,0.0,0.0,0.0,0.0,0.0,0.0
70,Gama,GAM_L2,Maguary_Maracuja,15,0.0,0.0,0.0,0.0,0.0,0.0
70,Gama,GAM_L2,Coca_Cola,1,0.0,0.0,0.0,0.0,0.0,0.0
70,Gama,GAM_L2,Coca_Cola,2,0.0,0.0,0.0,0.0,0.0,0.0
70,Gama,GAM_L2,Coca_Cola,3,0.0,0.0,0.0,0.0,0.0,0.0
70,Gama,GAM_L2,Coca_Cola,4,0.0,0.0,0.0,0.0,0.0,0.0
70,Gama,GAM_L2,Coca_Cola,5,0.0,0.0,0.0,0.0,0.0,0.0
70,Gama,GAM_L2,Coca_Cola,6,0.0,0.0,0.0,0.0,0.0,0.0
70,Gama,GAM_L2,Coca_Cola,7,0.0,0.0,0.0,0.0,0.0,0.0
70,Gama,GAM_L2,Coca_Cola,8,0.0,0.0,0.0,0.0,0.0,0.0
70,Gama,GAM_L2,Coca_Cola,9,0.0,0.0,0.0,0.0,0.0,0.0
70,Gama,GAM_L2,Coca_Cola,10,0.0,0.0,0.0,0.0,0.0,0.0
70,Gama,GAM_L2,Coca_Cola,11,0.0,0.0,8553.03,0.0,0.0,8553.03
70,Gama,GAM_L2,Coca_Cola,12,0.0,0.0,0.0,0.0,0.0,3271.88
70,Gama,GAM_L2,Coca_Cola,13,0.0,0.0,0.0,0.0,0.0,0.0
70,Gama,GAM_L2,Coca_Cola,14,0.0,0.0,0.0,0.0,0.0,0.0
70,Gama,GAM_L2,Coca_Cola,15,0.0,0.0,0.0,0.0,0.0,0.0
70,Gama,GAM_L2,H2OH_Limao,1,0.0,0.0,0.0,0.0,0.0,0.0
70,Gama,GAM_L2,H2OH_Limao,2,0.0,0.0,0.0,0.0,0.0,0.0
70,Gama,GAM_L2,H2OH_Limao,3,0.0,0.0,0.0,0.0,0.0,0.0
70,Gama,GAM_L2,H2OH_Limao,4,0.0,0.0,29879.6,0.0,0.0,29879.6
70,Gama,GAM_L2,H2OH_Limao,5,0.0,0.0,0.0,0.0,0.0,0.0
70,Gama,GAM_L2,H2OH_Limao,6,0.0,0.0,0.0,0.0,0.0,0.0
70,Gama,GAM_L2,H2OH_Limao,7,0.0,0.0,0.0,0.0,0.0,0.0
70,Gama,GAM_L2,H2OH_Limao,8,0.0,0.0,0.0,0.0,0.0,5763.89
70,Gama,GAM_L2,H2OH_Limao,9,0.0,0.0,0.0,0.0,0.0,0.0
70,Gama,GAM_L2,H2OH_Limao,10,0.0,0.0,0.0,0.0,0.0,0.0
70,Gama,GAM_L2,H2OH_Limao,11,0.0,0.0,0.0,0.0,0.0,0.0
70,Gama,GAM_L2,H2OH_Limao,12,0.0,0.0,0.0,0.0,0.0,0.0
70,Gama,GAM_L2,H2OH_Limao,13,0.0,0.0,0.0,0.0,0.0,0.0
70,Gama,GAM_L2,H2OH_Limao,14,0.0,0.0,0.0,0.0,0.0,0.0
70,Gama,GAM_L2,H2OH_Limao,15,0.0,0.0,0.0,0.0,0.0,28892.5
70,Gama,GAM_L2,Schweppes_Citrus,1,0.0,0.0,0.0,0.0,0.0,0.0
70,Gama,GAM_L2,Schweppes_Citrus,2,0.0,0.0,0.0,0.0,0.0,0.0
70,Gama,GAM_L2,Schweppes_Citrus,3,0.0,0.0,0.0,0.0,0.0,0.0
70,Gama,GAM_L2,Schweppes_Citrus,4,0.0,0.0,0.0,0.0,0.0,0.0
70,Gama,GAM_L2,Schweppes_Citrus,5,0.0,0.0,0.0,0.0,0.0,0.0
70,Gama,GAM_L2,Schweppes_Citrus,6,0.0,0.0,27537.41,0.0,0.0,27537.41
70,Gama,GAM_L2,Schweppes_Citrus,7,0.0,0.0,0.0,0.0,0.0,0.0
70,Gama,GAM_L2,Schweppes_Citrus,8,0.0,0.0,0.0,0.0,0.0,15956.53
70,Gama,GAM_L2,Schweppes_Citrus,9,0.0,0.0,0.0,0.0,0.0,0.0
70,Gama,GAM_L2,Schweppes_Citrus,10,0.0,0.0,0.0,0.0,0.0,0.0
70,Gama,GAM_L2,Schweppes_Citrus,11,0.0,0.0,0.0,0.0,0.0,0.0
70,Gama,GAM_L2,Schweppes_Citrus,12,0.0,0.0,0.0,0.0,0.0,0.0
70,Gama,GAM_L2,Schweppes_Citrus,13,0.0,0.0,0.0,0.0,0.0,0.0
70,Gama,GAM_L2,Schweppes_Citrus,14,0.0,0.0,0.0,0.0,0.0,0.0
70,Gama,GAM_L2,Schweppes_Citrus,15,0.0,0.0,0.0,0.0,0.0,0.0
70,Gama,GAM_L2,Sprite,1,0.0,0.0,0.0,0.0,12718.43,12718.43
70,Gama,GAM_L2,Sprite,2,0.0,0.0,15443.97,0.0,6589.199999999992,15443.97
70,Gama,GAM_L2,Sprite,3,0.0,0.0,0.0,0.0,0.0,0.0
70,Gama,GAM_L2,Sprite,4,0.0,0.0,0.0,0.0,0.0,0.0
70,Gama,GAM_L2,Sprite,5,0.0,0.0,0.0,0.0,15714.52,11127.6
70,Gama,GAM_L2,Sprite,6,0.0,0.0,0.0,0.0,10411.89,0.0
70,Gama,GAM_L2,Sprite,7,0.0,0.0,12841.6,0.0,16260.880000000001,12841.6
70,Gama,GAM_L2,Sprite,8,0.0,0.0,0.0,0.0,0.0,0.0
70,Gama,GAM_L2,Sprite,9,0.0,0.0,0.0,0.0,0.0,0.0
70,Gama,GAM_L2,Sprite,10,0.0,0.0,0.0,0.0,0.0,7218.29
70,Gama,GAM_L2,Sprite,11,0.0,0.0,0.0,0.0,0.0,0.0
70,Gama,GAM_L2,Sprite,12,0.0,0.0,0.0,0.0,0.0,6766.94
70,Gama,GAM_L2,Sprite,13,0.0,0.0,0.0,0.0,0.0,135.57
70,Gama,GAM_L2,Sprite,14,0.0,0.0,10039.58,0.0,0.0,10039.58
70,Gama,GAM_L2,Sprite,15,0.0,0.0,0.0,0.0,0.0,0.0
70,Gama,GAM_L2,Del_Valle_Uva,1,0.0,0.0,0.0,0.0,0.0,4266.1
70,Gama,GAM_L2,Del_Valle_Uva,2,0.0,0.0,0.0,0.0,4266.1,0.0
70,Gama,GAM_L2,Del_Valle_Uva,3,0.0,0.0,0.0,0.0,0.0,2398.9799999999923
70,Gama,GAM_L2,Del_Valle_Uva,4,0.0,0.0,0.0,0.0,0.0,4802.930000000004
70,Gama,GAM_L2,Del_Valle_Uva,5,0.0,0.0,0.0,0.0,7201.909999999996,0.0
70,Gama,GAM_L2,Del_Valle_Uva,6,0.0,0.0,0.0,0.0,0.0,0.0
70,Gama,GAM_L2,Del_Valle_Uva,7,0.0,0.0,0.0,0.0,0.0,0.0
70,Gama,GAM_L2,Del_Valle_Uva,8,0.0,0.0,0.0,0.0,0.0,0.0
70,Gama,GAM_L2,Del_Valle_Uva,9,0.0,0.0,13961.19,0.0,0.0,13961.19
70,Gama,GAM_L2,Del_Valle_Uva,10,0.0,0.0,0.0,0.0,0.0,0.0
70,Gama,GAM_L2,Del_Valle_Uva,11,0.0,0.0,0.0,0.0,0.0,0.0
70,Gama,GAM_L2,Del_Valle_Uva,12,0.0,0.0,0.0,0.0,0.0,0.0
70,Gama,GAM_L2,Del_Valle_Uva,13,0.0,0.0,0.0,0.0,0.0,9023.25
70,Gama,GAM_L2,Del_Valle_Uva,14,0.0,0.0,0.0,0.0,9023.25,0.0
70,Gama,GAM_L2,Del_Valle_Uva,15,0.0,0.0,0.0,0.0,0.0,0.0
70,Gama,GAM_L2,Pepsi,1,0.0,0.0,0.0,0.0,0.0,0.0
70,Gama,GAM_L2,Pepsi,2,0.0,0.0,0.0,0.0,0.0,0.0
70,Gama,GAM_L2,Pepsi,3,0.0,0.0,0.0,0.0,0.0,0.0
70,Gama,GAM_L2,Pepsi,4,0.0,0.0,0.0,0.0,0.0,0.0
70,Gama,GAM_L2,Pepsi,5,0.0,0.0,0.0,0.0,0.0,0.0
70,Gama,GAM_L2,Pepsi,6,0.0,0.0,0.0,0.0,0.0,0.0
70,Gama,GAM_L2,Pepsi,7,0.0,0.0,0.0,0.0,0.0,0.0
70,Gama,GAM_L2,Pepsi,8,0.0,0.0,0.0,0.0,0.0,0.0
70,Gama,GAM_L2,Pepsi,9,0.0,0.0,0.0,0.0,0.0,16260.51
70,Gama,GAM_L2,Pepsi,10,0.0,0.0,0.0,0.0,0.0,0.0
70,Gama,GAM_L2,Pepsi,11,0.0,0.0,0.0,0.0,0.0,0.0
70,Gama,GAM_L2,Pepsi,12,0.0,0.0,0.0,0.0,0.0,0.0
70,Gama,GAM_L2,Pepsi,13,0.0,0.0,0.0,0.0,0.0,0.0
70,Gama,GAM_L2,Pepsi,14,0.0,0.0,0.0,0.0,0.0,0.0
70,Gama,GAM_L2,Pepsi,15,0.0,0.0,0.0,0.0,0.0,0.0
70,Gama,GAM_L3,Fanta_Laranja,1,0.0,0.0,0.0,0.0,0.0,0.0
70,Gama,GAM_L3,Fanta_Laranja,2,0.0,0.0,0.0,0.0,0.0,0.0
70,Gama,GAM_L3,Fanta_Laranja,3,0.0,0.0,0.0,0.0,0.0,0.0
70,Gama,GAM_L3,Fanta_Laranja,4,0.0,0.0,0.0,0.0,0.0,9399.78
70,Gama,GAM_L3,Fanta_Laranja,5,0.0,0.0,0.0,0.0,0.0,0.0
70,Gama,GAM_L3,Fanta_Laranja,6,0.0,0.0,0.0,0.0,0.0,0.0
70,Gama,GAM_L3,Fanta_Laranja,7,0.0,0.0,0.0,0.0,0.0,6324.69
70,Gama,GAM_L3,Fanta_Laranja,8,0.0,0.0,5607.33,0.0,0.0,5607.33
70,Gama,GAM_L3,Fanta_Laranja,9,0.0,0.0,0.0,0.0,0.0,0.0
70,Gama,GAM_L3,Fanta_Laranja,10,0.0,0.0,0.0,0.0,0.0,0.0
70,Gama,GAM_L3,Fanta_Laranja,11,0.0,0.0,0.0,0.0,0.0,22753.26
70,Gama,GAM_L3,Fanta_Laranja,12,0.0,0.0,0.0,0.0,0.0,0.0
70,Gama,GAM_L3,Fanta_Laranja,13,0.0,0.0,26973.99,0.0,0.0,26973.99
70,Gama,GAM_L3,Fanta_Laranja,14,0.0,0.0,0.0,0.0,0.0,0.0
70,Gama,GAM_L3,Fanta_Laranja,15,0.0,0.0,0.0,0.0,0.0,0.0
70,Gama,GAM_L3,Itubaina,1,0.0,0.0,0.0,0.0,0.0,437.92
70,Gama,GAM_L3,Itubaina,2,0.0,0.0,0.0,0.0,0.0,0.0
70,Gama,GAM_L3,Itubaina,3,0.0,0.0,0.0,0.0,0.0,0.0
70,Gama,GAM_L3,Itubaina,4,0.0,0.0,0.0,0.0,0.0,10437.68
70,Gama,GAM_L3,Itubaina,5,0.0,0.0,0.0,0.0,0.0,0.0
70,Gama,GAM_L3,Itubaina,6,0.0,0.0,0.0,0.0,0.0,0.0
70,Gama,GAM_L3,Itubaina,7,0.0,0.0,0.0,0.0,0.0,15049.27
70,Gama,GAM_L3,Itubaina,8,0.0,0.0,0.0,0.0,0.0,0.0
70,Gama,GAM_L3,Itubaina,9,0.0,0.0,0.0,0.0,0.0,0.0
70,Gama,GAM_L3,Itubaina,10,0.0,0.0,17658.57,0.0,0.0,17658.57
70,Gama,GAM_L3,Itubaina,11,0.0,0.0,0.0,0.0,0.0,0.0
70,Gama,GAM_L3,Itubaina,12,0.0,0.0,0.0,0.0,0.0,0.0
70,Gama,GAM_L3,Itubaina,13,0.0,0.0,0.0,0.0,0.0,0.0
70,Gama,GAM_L3,Itubaina,14,0.0,0.0,0.0,0.0,0.0,7403.79
70,Gama,GAM_L3,Itubaina,15,0.0,0.0,0.0,0.0,0.0,0.0
70,Gama,GAM_L3,Skol_Lata,1,0.0,0.0,0.0,0.0,20010.51,0.0
70,Gama,GAM_L3,Skol_Lata,2,0.0,0.0,0.0,0.0,0.0,0.0
70,Gama,GAM_L3,Skol_Lata,3,0.0,0.0,0.0,0.0,0.0,0.0
70,Gama,GAM_L3,Skol_Lata,4,0.0,0.0,0.0,0.0,0.0,0.0
70,Gama,GAM_L3,Skol_Lata,5,0.0,0.0,14874.55,0.0,0.0,14874.55
70,Gama,GAM_L3,Skol_Lata,6,0.0,0.0,0.0,0.0,0.0,0.0
70,Gama,GAM_L3,Skol_Lata,7,0.0,0.0,0.0,0.0,0.0,12548.25
70,Gama,GAM_L3,Skol_Lata,8,0.0,0.0,0.0,0.0,0.0,0.0
70,Gama,GAM_L3,Skol_Lata,9,0.0,0.0,0.0,0.0,0.0,0.0
70,Gama,GAM_L3,Skol_Lata,10,0.0,0.0,0.0,0.0,0.0,0.0
70,Gama,GAM_L3,Skol_Lata,11,0.0,0.0,0.0,0.0,0.0,0.0
70,Gama,GAM_L3,Skol_Lata,12,0.0,0.0,0.0,0.0,0.0,0.0
70,Gama,GAM_L3,Skol_Lata,13,0.0,0.0,0.0,0.0,0.0,0.0
70,Gama,GAM_L3,Skol_Lata,14,0.0,0.0,0.0,0.0,0.0,0.0
70,Gama,GAM_L3,Skol_Lata,15,0.0,0.0,0.0,0.0,0.0,1111.39
70,Gama,GAM_L3,Heineken_Lata,1,0.0,0.0,0.0,0.0,0.0,0.0
70,Gama,GAM_L3,Heineken_Lata,2,0.0,0.0,0.0,0.0,0.0,0.0
70,Gama,GAM_L3,Heineken_Lata,3,0.0,0.0,0.0,0.0,0.0,0.0
70,Gama,GAM_L3,Heineken_Lata,4,0.0,0.0,0.0,0.0,0.0,0.0
70,Gama,GAM_L3,Heineken_Lata,5,0.0,0.0,0.0,0.0,0.0,0.0
70,Gama,GAM_L3,Heineken_Lata,6,0.0,0.0,0.0,0.0,0.0,0.0
70,Gama,GAM_L3,Heineken_Lata,7,0.0,0.0,1169.19,0.0,0.0,1169.19
70,Gama,GAM_L3,Heineken_Lata,8,0.0,0.0,0.0,0.0,0.0,0.0
70,Gama,GAM_L3,Heineken_Lata,9,0.0,0.0,0.0,0.0,0.0,21913.55
70,Gama,GAM_L3,Heineken_Lata,10,0.0,0.0,0.0,0.0,0.0,0.0
70,Gama,GAM_L3,Heineken_Lata,11,0.0,0.0,0.0,0.0,0.0,14023.73999999999
70,Gama,GAM_L3,Heineken_Lata,12,0.0,0.0,0.0,0.0,0.0,37027.10000000001
70,Gama,GAM_L3,Heineken_Lata,13,0.0,0.0,0.0,0.0,0.0,2449.9599999999955
70,Gama,GAM_L3,Heineken_Lata,14,0.0,0.0,0.0,0.0,0.0,0.0
70,Gama,GAM_L3,Heineken_Lata,15,0.0,0.0,0.0,0.0,0.0,0.0
70,Gama,GAM_L3,Coca_Cola_Zero,1,0.0,0.0,0.0,0.0,0.0,0.0
70,Gama,GAM_L3,Coca_Cola_Zero,2,10938.18,0.0,0.0,0.0,10938.18,0.0
70,Gama,GAM_L3,Coca_Cola_Zero,3,37536.0,0.0,0.0,0.0,37535.99999999999,25574.14
70,Gama,GAM_L3,Coca_Cola_Zero,4,0.0,0.0,0.0,0.0,0.0,0.0
70,Gama,GAM_L3,Coca_Cola_Zero,5,0.0,0.0,0.0,0.0,0.0,10151.94
70,Gama,GAM_L3,Coca_Cola_Zero,6,0.0,0.0,0.0,0.0,0.0,4479.86
70,Gama,GAM_L3,Coca_Cola_Zero,7,0.0,0.0,0.0,0.0,0.0,0.0
70,Gama,GAM_L3,Coca_Cola_Zero,8,11284.259999999998,0.0,0.0,0.0,11284.259999999998,0.0
70,Gama,GAM_L3,Coca_Cola_Zero,9,23153.520000000004,0.0,0.0,0.0,23153.520000000004,0.0
70,Gama,GAM_L3,Coca_Cola_Zero,10,0.0,0.0,0.0,0.0,0.0,0.0
70,Gama,GAM_L3,Coca_Cola_Zero,11,0.0,0.0,0.0,0.0,0.0,0.0
70,Gama,GAM_L3,Coca_Cola_Zero,12,4660.040000000003,0.0,8731.36,0.0,0.0,4071.319999999998
70,Gama,GAM_L3,Coca_Cola_Zero,13,13400.8,0.0,0.0,0.0,13400.8,29969.48
70,Gama,GAM_L3,Coca_Cola_Zero,14,0.0,0.0,0.0,0.0,0.0,0.0
70,Gama,GAM_L3,Coca_Cola_Zero,15,0.0,0.0,0.0,0.0,0.0,0.0
70,Gama,GAM_L3,Antarctica_Lata,1,0.0,0.0,0.0,0.0,0.0,0.0
70,Gama,GAM_L3,Antarctica_Lata,2,0.0,0.0,0.0,0.0,0.0,0.0
70,Gama,GAM_L3,Antarctica_Lata,3,0.0,0.0,0.0,0.0,0.0,22578.91
70,Gama,GAM_L3,Antarctica_Lata,4,0.0,0.0,0.0,0.0,0.0,0.0
70,Gama,GAM_L3,Antarctica_Lata,5,0.0,0.0,0.0,0.0,0.0,0.0
70,Gama,GAM_L3,Antarctica_Lata,6,0.0,0.0,0.0,0.0,0.0,0.0
70,Gama,GAM_L3,Antarctica_Lata,7,0.0,0.0,0.0,0.0,0.0,0.0
70,Gama,GAM_L3,Antarctica_Lata,8,0.0,0.0,0.0,0.0,0.0,0.0
70,Gama,GAM_L3,Antarctica_Lata,9,0.0,0.0,0.0,0.0,0.0,0.0
70,Gama,GAM_L3,Antarctica_Lata,10,0.0,0.0,0.0,0.0,0.0,0.0
70,Gama,GAM_L3,Antarctica_Lata,11,0.0,0.0,0.0,0.0,0.0,0.0
70,Gama,GAM_L3,Antarctica_Lata,12,0.0,0.0,0.0,0.0,0.0,0.0
70,Gama,GAM_L3,Antarctica_Lata,13,0.0,0.0,0.0,0.0,0.0,0.0
70,Gama,GAM_L3,Antarctica_Lata,14,0.0,0.0,0.0,0.0,0.0,8259.48
70,Gama,GAM_L3,Antarctica_Lata,15,0.0,0.0,0.0,0.0,0.0,0.0
70,Gama,GAM_L3,Spaten_Lata,1,0.0,0.0,0.0,0.0,0.0,0.0
70,Gama,GAM_L3,Spaten_Lata,2,0.0,0.0,0.0,0.0,0.0,0.0
70,Gama,GAM_L3,Spaten_Lata,3,0.0,0.0,0.0,0.0,0.0,0.0
70,Gama,GAM_L3,Spaten_Lata,4,0.0,0.0,0.0,0.0,0.0,0.0
70,Gama,GAM_L3,Spaten_Lata,5,0.0,0.0,0.0,0.0,0.0,0.0
70,Gama,GAM_L3,Spaten_Lata,6,0.0,0.0,0.0,0.0,0.0,0.0
70,Gama,GAM_L3,Spaten_Lata,7,0.0,0.0,0.0,0.0,0.0,0.0
70,Gama,GAM_L3,Spaten_Lata,8,0.0,0.0,0.0,0.0,0.0,0.0
70,Gama,GAM_L3,Spaten_Lata,9,0.0,0.0,0.0,0.0,0.0,8247.02
70,Gama,GAM_L3,Spaten_Lata,10,0.0,0.0,0.0,0.0,0.0,0.0
70,Gama,GAM_L3,Spaten_Lata,11,0.0,0.0,0.0,0.0,0.0,0.0
70,Gama,GAM_L3,Spaten_Lata,12,0.0,0.0,0.0,0.0,0.0,0.0
70,Gama,GAM_L3,Spaten_Lata,13,0.0,0.0,0.0,0.0,0.0,0.0
70,Gama,GAM_L3,Spaten_Lata,14,0.0,0.0,0.0,0.0,0.0,11091.59
70,Gama,GAM_L3,Spaten_Lata,15,0.0,0.0,0.0,0.0,0.0,0.0
70,Gama,GAM_L3,Maguary_Caju,1,0.0,0.0,28815.17,0.0,0.0,28815.17
70,Gama,GAM_L3,Maguary_Caju,2,0.0,0.0,0.0,0.0,0.0,0.0
70,Gama,GAM_L3,Maguary_Caju,3,0.0,0.0,0.0,0.0,0.0,0.0
70,Gama,GAM_L3,Maguary_Caju,4,0.0,0.0,0.0,0.0,0.0,0.0
70,Gama,GAM_L3,Maguary_Caju,5,0.0,0.0,0.0,0.0,0.0,0.0
70,Gama,GAM_L3,Maguary_Caju,6,0.0,0.0,0.0,0.0,0.0,0.0
70,Gama,GAM_L3,Maguary_Caju,7,0.0,0.0,0.0,0.0,0.0,0.0
70,Gama,GAM_L3,Maguary_Caju,8,0.0,0.0,0.0,0.0,0.0,0.0
70,Gama,GAM_L3,Maguary_Caju,9,0.0,0.0,0.0,0.0,0.0,10710.89
70,Gama,GAM_L3,Maguary_Caju,10,0.0,0.0,0.0,0.0,0.0,0.0
70,Gama,GAM_L3,Maguary_Caju,11,0.0,0.0,0.0,0.0,0.0,0.0
70,Gama,GAM_L3,Maguary_Caju,12,0.0,0.0,0.0,0.0,0.0,0.0
70,Gama,GAM_L3,Maguary_Caju,13,0.0,0.0,0.0,0.0,0.0,0.0
70,Gama,GAM_L3,Maguary_Caju,14,0.0,0.0,0.0,0.0,0.0,0.0
70,Gama,GAM_L3,Maguary_Caju,15,0.0,0.0,0.0,0.0,0.0,0.0
70,Gama,GAM_L3,Del_Valle_Pessego,1,0.0,0.0,0.0,0.0,0.0,18202.92
70,Gama,GAM_L3,Del_Valle_Pessego,2,0.0,0.0,0.0,0.0,0.0,0.0
70,Gama,GAM_L3,Del_Valle_Pessego,3,0.0,0.0,0.0,0.0,0.0,0.0
70,Gama,GAM_L3,Del_Valle_Pessego,4,0.0,0.0,0.0,0.0,0.0,0.0
70,Gama,GAM_L3,Del_Valle_Pessego,5,0.0,0.0,0.0,0.0,0.0,0.0
70,Gama,GAM_L3,Del_Valle_Pessego,6,0.0,0.0,0.0,0.0,0.0,0.0
70,Gama,GAM_L3,Del_Valle_Pessego,7,0.0,0.0,0.0,0.0,0.0,0.0
70,Gama,GAM_L3,Del_Valle_Pessego,8,0.0,0.0,0.0,0.0,0.0,0.0
70,Gama,GAM_L3,Del_Valle_Pessego,9,0.0,0.0,0.0,0.0,0.0,0.0
70,Gama,GAM_L3,Del_Valle_Pessego,10,0.0,0.0,0.0,0.0,0.0,0.0
70,Gama,GAM_L3,Del_Valle_Pessego,11,0.0,0.0,0.0,0.0,0.0,0.0
70,Gama,GAM_L3,Del_Valle_Pessego,12,0.0,0.0,0.0,0.0,0.0,0.0
70,Gama,GAM_L3,Del_Valle_Pessego,13,0.0,0.0,0.0,0.0,0.0,0.0
70,Gama,GAM_L3,Del_Valle_Pessego,14,0.0,0.0,0.0,0.0,0.0,0.0
70,Gama,GAM_L3,Del_Valle_Pessego,15,0.0,0.0,0.0,0.0,0.0,0.0
70,Gama,GAM_L3,Stella_Artois_Pure_Gold,1,0.0,0.0,0.0,0.0,0.0,0.0
70,Gama,GAM_L3,Stella_Artois_Pure_Gold,2,0.0,0.0,15625.61,0.0,0.0,15625.61
70,Gama,GAM_L3,Stella_Artois_Pure_Gold,3,0.0,0.0,0.0,0.0,0.0,0.0
70,Gama,GAM_L3,Stella_Artois_Pure_Gold,4,0.0,0.0,0.0,0.0,0.0,0.0
70,Gama,GAM_L3,Stella_Artois_Pure_Gold,5,0.0,0.0,0.0,0.0,0.0,0.0
70,Gama,GAM_L3,Stella_Artois_Pure_Gold,6,0.0,0.0,0.0,0.0,0.0,0.0
70,Gama,GAM_L3,Stella_Artois_Pure_Gold,7,0.0,0.0,0.0,0.0,0.0,0.0
70,Gama,GAM_L3,Stella_Artois_Pure_Gold,8,0.0,0.0,0.0,0.0,0.0,0.0
70,Gama,GAM_L3,Stella_Artois_Pure_Gold,9,0.0,0.0,0.0,0.0,0.0,0.0
70,Gama,GAM_L3,Stella_Artois_Pure_Gold,10,0.0,0.0,7767.72,0.0,0.0,7767.72
70,Gama,GAM_L3,Stella_Artois_Pure_Gold,11,0.0,0.0,30029.76,0.0,0.0,30029.76
70,Gama,GAM_L3,Stella_Artois_Pure_Gold,12,0.0,0.0,0.0,0.0,0.0,0.0
70,Gama,GAM_L3,Stella_Artois_Pure_Gold,13,0.0,0.0,0.0,0.0,0.0,0.0
70,Gama,GAM_L3,Stella_Artois_Pure_Gold,14,0.0,0.0,0.0,0.0,0.0,10171.42
70,Gama,GAM_L3,Stella_Artois_Pure_Gold,15,0.0,0.0,0.0,0.0,0.0,0.0
70,Gama,GAM_L3,Sprite_Zero,1,0.0,0.0,0.0,0.0,0.0,9439.71
70,Gama,GAM_L3,Sprite_Zero,2,0.0,0.0,0.0,0.0,0.0,0.0
70,Gama,GAM_L3,Sprite_Zero,3,0.0,0.0,15201.58,0.0,0.0,15201.58
70,Gama,GAM_L3,Sprite_Zero,4,0.0,0.0,0.0,0.0,0.0,0.0
70,Gama,GAM_L3,Sprite_Zero,5,0.0,0.0,0.0,0.0,0.0,0.0
70,Gama,GAM_L3,Sprite_Zero,6,0.0,0.0,0.0,0.0,0.0,0.0
70,Gama,GAM_L3,Sprite_Zero,7,0.0,0.0,0.0,0.0,0.0,0.0
70,Gama,GAM_L3,Sprite_Zero,8,0.0,0.0,0.0,0.0,0.0,0.0
70,Gama,GAM_L3,Sprite_Zero,9,0.0,0.0,0.0,0.0,0.0,0.0
70,Gama,GAM_L3,Sprite_Zero,10,0.0,0.0,0.0,0.0,0.0,0.0
70,Gama,GAM_L3,Sprite_Zero,11,0.0,0.0,0.0,0.0,0.0,0.0
70,Gama,GAM_L3,Sprite_Zero,12,0.0,0.0,0.0,0.0,0.0,0.0
70,Gama,GAM_L3,Sprite_Zero,13,0.0,0.0,0.0,0.0,0.0,0.0
70,Gama,GAM_L3,Sprite_Zero,14,0.0,0.0,0.0,0.0,0.0,0.0
70,Gama,GAM_L3,Sprite_Zero,15,0.0,0.0,0.0,0.0,0.0,0.0
70,Gama,GAM_L3,Kuat,1,0.0,0.0,0.0,0.0,0.0,0.0
70,Gama,GAM_L3,Kuat,2,0.0,0.0,0.0,0.0,26033.33999999999,0.0
70,Gama,GAM_L3,Kuat,3,0.0,0.0,1322.81,0.0,0.0,1322.81
70,Gama,GAM_L3,Kuat,4,0.0,0.0,0.0,0.0,0.0,0.0
70,Gama,GAM_L3,Kuat,5,0.0,0.0,0.0,0.0,0.0,0.0
70,Gama,GAM_L3,Kuat,6,0.0,0.0,28080.37,0.0,13890.310000000003,28080.37
70,Gama,GAM_L3,Kuat,7,0.0,0.0,0.0,0.0,8080.709999999999,0.0
70,Gama,GAM_L3,Kuat,8,0.0,0.0,0.0,0.0,0.0,0.0
70,Gama,GAM_L3,Kuat,9,0.0,0.0,0.0,0.0,0.32,0.0
70,Gama,GAM_L3,Kuat,10,0.0,0.0,0.0,0.0,10936.870000000006,0.0
70,Gama,GAM_L3,Kuat,11,0.0,0.0,0.0,0.0,0.0,0.0
70,Gama,GAM_L3,Kuat,12,0.0,0.0,0.0,0.0,0.0,0.0
70,Gama,GAM_L3,Kuat,13,0.0,0.0,0.0,0.0,0.0,383.59
70,Gama,GAM_L3,Kuat,14,0.0,0.0,0.0,0.0,0.0,0.0
70,Gama,GAM_L3,Kuat,15,0.0,0.0,0.0,0.0,0.0,0.0
70,Gama,GAM_L3,Sukita_Laranja,1,0.0,0.0,0.0,0.0,0.0,0.0
70,Gama,GAM_L3,Sukita_Laranja,2,0.0,0.0,0.0,0.0,0.0,0.0
70,Gama,GAM_L3,Sukita_Laranja,3,0.0,0.0,0.0,0.0,0.0,0.0
70,Gama,GAM_L3,Sukita_Laranja,4,0.0,0.0,0.0,0.0,0.0,0.0
70,Gama,GAM_L3,Sukita_Laranja,5,0.0,0.0,9113.69,0.0,0.0,9113.69
70,Gama,GAM_L3,Sukita_Laranja,6,0.0,0.0,0.0,0.0,0.0,0.0
70,Gama,GAM_L3,Sukita_Laranja,7,0.0,0.0,0.0,0.0,0.0,0.0
70,Gama,GAM_L3,Sukita_Laranja,8,0.0,0.0,0.0,0.0,0.0,0.0
70,Gama,GAM_L3,Sukita_Laranja,9,0.0,0.0,0.0,0.0,0.0,0.0
70,Gama,GAM_L3,Sukita_Laranja,10,0.0,0.0,0.0,0.0,0.0,0.0
70,Gama,GAM_L3,Sukita_Laranja,11,0.0,0.0,0.0,0.0,0.0,0.0
70,Gama,GAM_L3,Sukita_Laranja,12,0.0,0.0,11330.15,0.0,0.0,11330.15
70,Gama,GAM_L3,Sukita_Laranja,13,0.0,0.0,0.0,0.0,0.0,0.0
70,Gama,GAM_L3,Sukita_Laranja,14,0.0,0.0,0.0,0.0,0.0,0.0
70,Gama,GAM_L3,Sukita_Laranja,15,0.0,0.0,0.0,0.0,0.0,8059.59
70,Gama,GAM_L3,Budweiser_Lata,1,0.0,0.0,0.0,0.0,0.0,0.0
70,Gama,GAM_L3,Budweiser_Lata,2,0.0,0.0,0.0,0.0,0.0,0.0
70,Gama,GAM_L3,Budweiser_Lata,3,0.0,0.0,0.0,0.0,0.0,0.0
70,Gama,GAM_L3,Budweiser_Lata,4,0.0,0.0,0.0,0.0,0.0,0.0
70,Gama,GAM_L3,Budweiser_Lata,5,0.0,0.0,0.0,0.0,0.0,0.0
70,Gama,GAM_L3,Budweiser_Lata,6,0.0,0.0,0.0,0.0,0.0,0.0
70,Gama,GAM_L3,Budweiser_Lata,7,0.0,0.0,0.0,0.0,0.0,0.0
70,Gama,GAM_L3,Budweiser_Lata,8,0.0,0.0,0.0,0.0,0.0,0.0
70,Gama,GAM_L3,Budweiser_Lata,9,0.0,0.0,0.0,0.0,0.0,0.0
70,Gama,GAM_L3,Budweiser_Lata,10,0.0,0.0,0.0,0.0,0.0,18895.3
70,Gama,GAM_L3,Budweiser_Lata,11,0.0,0.0,0.0,0.0,0.0,0.0
70,Gama,GAM_L3,Budweiser_Lata,12,0.0,0.0,0.0,0.0,0.0,0.0
70,Gama,GAM_L3,Budweiser_Lata,13,0.0,0.0,0.0,0.0,0.0,0.0
70,Gama,GAM_L3,Budweiser_Lata,14,0.0,0.0,0.0,0.0,0.0,7675.99
70,Gama,GAM_L3,Budweiser_Lata,15,0.0,0.0,0.0,0.0,0.0,0.0
70,Gama,GAM_L3,Guarana_Antarctica_Zero,1,0.0,0.0,0.0,0.0,0.0,0.0
70,Gama,GAM_L3,Guarana_Antarctica_Zero,2,0.0,0.0,0.0,0.0,0.0,0.0
70,Gama,GAM_L3,Guarana_Antarctica_Zero,3,0.0,0.0,0.0,0.0,0.0,0.0
70,Gama,GAM_L3,Guarana_Antarctica_Zero,4,0.0,0.0,10190.24,0.0,0.0,10190.24
70,Gama,GAM_L3,Guarana_Antarctica_Zero,5,0.0,0.0,0.0,0.0,0.0,0.0
70,Gama,GAM_L3,Guarana_Antarctica_Zero,6,0.0,0.0,0.0,0.0,0.0,0.0
70,Gama,GAM_L3,Guarana_Antarctica_Zero,7,0.0,0.0,0.0,0.0,0.0,0.0
70,Gama,GAM_L3,Guarana_Antarctica_Zero,8,0.0,0.0,0.0,0.0,0.0,0.0
70,Gama,GAM_L3,Guarana_Antarctica_Zero,9,0.0,0.0,11540.72,0.0,0.0,11540.72
70,Gama,GAM_L3,Guarana_Antarctica_Zero,10,0.0,0.0,0.0,0.0,0.0,0.0
70,Gama,GAM_L3,Guarana_Antarctica_Zero,11,0.0,0.0,0.0,0.0,0.0,0.0
70,Gama,GAM_L3,Guarana_Antarctica_Zero,12,0.0,0.0,0.0,0.0,0.0,0.0
70,Gama,GAM_L3,Guarana_Antarctica_Zero,13,0.0,0.0,0.0,0.0,0.0,0.0
70,Gama,GAM_L3,Guarana_Antarctica_Zero,14,0.0,0.0,0.0,0.0,0.0,0.0
70,Gama,GAM_L3,Guarana_Antarctica_Zero,15,0.0,0.0,0.0,0.0,0.0,0.0
70,Gama,GAM_L3,Itaipava_Lata,1,0.0,0.0,0.0,0.0,0.0,0.0
70,Gama,GAM_L3,Itaipava_Lata,2,0.0,0.0,0.0,0.0,0.0,8988.08
70,Gama,GAM_L3,Itaipava_Lata,3,0.0,0.0,0.0,0.0,0.0,0.0
70,Gama,GAM_L3,Itaipava_Lata,4,0.0,0.0,0.0,0.0,0.0,6355.63
70,Gama,GAM_L3,Itaipava_Lata,5,0.0,0.0,0.0,0.0,0.0,0.0
70,Gama,GAM_L3,Itaipava_Lata,6,0.0,0.0,0.0,0.0,0.0,0.0
70,Gama,GAM_L3,Itaipava_Lata,7,0.0,0.0,5642.36,0.0,0.0,5642.36
70,Gama,GAM_L3,Itaipava_Lata,8,0.0,0.0,0.0,0.0,0.0,10599.52
70,Gama,GAM_L3,Itaipava_Lata,9,0.0,0.0,0.0,0.0,0.0,0.0
70,Gama,GAM_L3,Itaipava_Lata,10,0.0,0.0,0.0,0.0,0.0,19237.38
70,Gama,GAM_L3,Itaipava_Lata,11,0.0,0.0,0.0,0.0,0.0,0.0
70,Gama,GAM_L3,Itaipava_Lata,12,0.0,0.0,0.0,0.0,0.0,11825.05
70,Gama,GAM_L3,Itaipava_Lata,13,0.0,0.0,0.0,0.0,0.0,0.0
70,Gama,GAM_L3,Itaipava_Lata,14,0.0,0.0,0.0,0.0,0.0,0.0
70,Gama,GAM_L3,Itaipava_Lata,15,0.0,0.0,0.0,0.0,0.0,0.0
70,Gama,GAM_L3,Brahma_Lata,1,0.0,0.0,0.0,0.0,37680.0,0.0
70,Gama,GAM_L3,Brahma_Lata,2,0.0,0.0,424.2,0.0,10840.779999999988,1000.9399999999871
70,Gama,GAM_L3,Brahma_Lata,3,0.0,0.0,0.0,0.0,28067.8,0.0
70,Gama,GAM_L3,Brahma_Lata,4,0.0,0.0,0.0,0.0,37488.73999999999,0.0
70,Gama,GAM_L3,Brahma_Lata,5,0.0,0.0,0.0,0.0,14791.28999999999,14791.28999999999
70,Gama,GAM_L3,Brahma_Lata,6,0.0,0.0,0.0,0.0,19802.239999999998,2899.2899999999972
70,Gama,GAM_L3,Brahma_Lata,7,0.0,0.0,0.0,0.0,16354.089999999993,0.0
70,Gama,GAM_L3,Brahma_Lata,8,0.0,0.0,0.0,0.0,42192.84,0.0
70,Gama,GAM_L3,Brahma_Lata,9,0.0,0.0,0.0,0.0,18134.170000000002,3469.1
70,Gama,GAM_L3,Brahma_Lata,10,0.0,0.0,0.0,0.0,0.0,0.0
70,Gama,GAM_L3,Brahma_Lata,11,0.0,0.0,0.0,0.0,13837.589999999978,0.0
70,Gama,GAM_L3,Brahma_Lata,12,0.0,0.0,0.0,0.0,20185.970000000005,0.0
70,Gama,GAM_L3,Brahma_Lata,13,0.0,0.0,0.0,0.0,0.0,0.0
70,Gama,GAM_L3,Brahma_Lata,14,0.0,0.0,0.0,0.0,26295.55,0.0
70,Gama,GAM_L3,Brahma_Lata,15,0.0,0.0,0.0,0.0,0.0,992.619999999999
70,Gama,GAM_L3,Eisenbahn_Pilsen,1,0.0,0.0,0.0,0.0,0.0,0.0
70,Gama,GAM_L3,Eisenbahn_Pilsen,2,0.0,0.0,0.0,0.0,0.0,0.0
70,Gama,GAM_L3,Eisenbahn_Pilsen,3,0.0,0.0,0.0,0.0,0.0,0.0
70,Gama,GAM_L3,Eisenbahn_Pilsen,4,0.0,0.0,0.0,0.0,0.0,0.0
70,Gama,GAM_L3,Eisenbahn_Pilsen,5,0.0,0.0,0.0,0.0,0.0,0.0
70,Gama,GAM_L3,Eisenbahn_Pilsen,6,0.0,0.0,0.0,0.0,0.0,0.0
70,Gama,GAM_L3,Eisenbahn_Pilsen,7,0.0,0.0,19459.86,0.0,0.0,19459.86
70,Gama,GAM_L3,Eisenbahn_Pilsen,8,0.0,0.0,12586.66,0.0,0.0,12586.66
70,Gama,GAM_L3,Eisenbahn_Pilsen,9,0.0,0.0,0.0,0.0,0.0,0.0
70,Gama,GAM_L3,Eisenbahn_Pilsen,10,0.0,0.0,0.0,0.0,0.0,0.0
70,Gama,GAM_L3,Eisenbahn_Pilsen,11,0.0,0.0,0.0,0.0,0.0,0.0
70,Gama,GAM_L3,Eisenbahn_Pilsen,12,0.0,0.0,0.0,0.0,0.0,9415.43
70,Gama,GAM_L3,Eisenbahn_Pilsen,13,0.0,0.0,0.0,0.0,0.0,0.0
70,Gama,GAM_L3,Eisenbahn_Pilsen,14,0.0,0.0,0.0,0.0,0.0,0.0
70,Gama,GAM_L3,Eisenbahn_Pilsen,15,0.0,0.0,0.0,0.0,0.0,0.0
70,Gama,GAM_L3,Pepsi_Black,1,0.0,0.0,0.0,0.0,0.0,0.0
70,Gama,GAM_L3,Pepsi_Black,2,0.0,0.0,0.0,0.0,0.0,3482.2
70,Gama,GAM_L3,Pepsi_Black,3,0.0,0.0,0.0,0.0,0.0,0.0
70,Gama,GAM_L3,Pepsi_Black,4,0.0,0.0,0.0,0.0,0.0,0.0
70,Gama,GAM_L3,Pepsi_Black,5,0.0,0.0,0.0,0.0,0.0,0.0
70,Gama,GAM_L3,Pepsi_Black,6,0.0,0.0,0.0,0.0,0.0,0.0
70,Gama,GAM_L3,Pepsi_Black,7,0.0,0.0,0.0,0.0,0.0,0.0
70,Gama,GAM_L3,Pepsi_Black,8,0.0,0.0,0.0,0.0,0.0,0.0
70,Gama,GAM_L3,Pepsi_Black,9,0.0,0.0,0.0,0.0,0.0,0.0
70,Gama,GAM_L3,Pepsi_Black,10,0.0,0.0,0.0,0.0,0.0,0.0
70,Gama,GAM_L3,Pepsi_Black,11,0.0,0.0,0.0,0.0,0.0,4161.46
70,Gama,GAM_L3,Pepsi_Black,12,0.0,0.0,0.0,0.0,0.0,0.0
70,Gama,GAM_L3,Pepsi_Black,13,0.0,0.0,0.0,0.0,0.0,0.0
70,Gama,GAM_L3,Pepsi_Black,14,0.0,0.0,0.0,0.0,0.0,0.0
70,Gama,GAM_L3,Pepsi_Black,15,0.0,0.0,0.0,0.0,0.0,17413.0
70,Gama,GAM_L3,Guarana_Antarctica,1,0.0,0.0,0.0,0.0,0.0,15668.75
70,Gama,GAM_L3,Guarana_Antarctica,2,0.0,0.0,0.0,0.0,0.0,0.0
70,Gama,GAM_L3,Guarana_Antarctica,3,0.0,0.0,0.0,0.0,0.0,0.0
70,Gama,GAM_L3,Guarana_Antarctica,4,0.0,0.0,0.0,0.0,0.0,0.0
70,Gama,GAM_L3,Guarana_Antarctica,5,0.0,0.0,0.0,0.0,0.0,0.0
70,Gama,GAM_L3,Guarana_Antarctica,6,0.0,0.0,0.0,0.0,0.0,18930.39
70,Gama,GAM_L3,Guarana_Antarctica,7,0.0,0.0,0.0,0.0,0.0,0.0
70,Gama,GAM_L3,Guarana_Antarctica,8,0.0,0.0,0.0,0.0,0.0,25843.66
70,Gama,GAM_L3,Guarana_Antarctica,9,0.0,0.0,0.0,0.0,0.0,0.0
70,Gama,GAM_L3,Guarana_Antarctica,10,0.0,0.0,0.0,0.0,0.0,2204.27
70,Gama,GAM_L3,Guarana_Antarctica,11,0.0,0.0,0.0,0.0,0.0,0.0
70,Gama,GAM_L3,Guarana_Antarctica,12,0.0,0.0,0.0,0.0,0.0,0.0
70,Gama,GAM_L3,Guarana_Antarctica,13,0.0,0.0,0.0,0.0,0.0,0.0
70,Gama,GAM_L3,Guarana_Antarctica,14,0.0,0.0,23637.19,0.0,0.0,23637.19
70,Gama,GAM_L3,Guarana_Antarctica,15,0.0,0.0,0.0,0.0,0.0,0.0
70,Gama,GAM_L3,Amstel_Lata,1,0.0,0.0,0.0,0.0,0.0,2130.550000000001
70,Gama,GAM_L3,Amstel_Lata,2,0.0,0.0,0.0,0.0,0.0,12065.150000000001
70,Gama,GAM_L3,Amstel_Lata,3,0.0,0.0,0.0,0.0,14195.700000000003,0.0
70,Gama,GAM_L3,Amstel_Lata,4,0.0,0.0,0.0,0.0,0.0,0.0
70,Gama,GAM_L3,Amstel_Lata,5,0.0,0.0,0.0,0.0,0.0,0.0
70,Gama,GAM_L3,Amstel_Lata,6,0.0,0.0,0.0,0.0,0.0,0.0
70,Gama,GAM_L3,Amstel_Lata,7,0.0,0.0,0.0,0.0,0.0,0.0
70,Gama,GAM_L3,Amstel_Lata,8,0.0,0.0,0.0,0.0,0.0,0.0
70,Gama,GAM_L3,Amstel_Lata,9,0.0,0.0,0.0,0.0,0.0,0.0
70,Gama,GAM_L3,Amstel_Lata,10,0.0,0.0,0.0,0.0,0.0,5137.54
70,Gama,GAM_L3,Amstel_Lata,11,0.0,0.0,0.0,0.0,0.0,0.0
70,Gama,GAM_L3,Amstel_Lata,12,0.0,0.0,0.0,0.0,0.0,0.0
70,Gama,GAM_L3,Amstel_Lata,13,0.0,0.0,0.0,0.0,0.0,0.0
70,Gama,GAM_L3,Amstel_Lata,14,0.0,0.0,0.0,0.0,0.0,0.0
70,Gama,GAM_L3,Amstel_Lata,15,0.0,0.0,0.0,0.0,0.0,0.0
70,Gama,GAM_L3,Del_Valle_Laranja,1,0.0,0.0,0.0,0.0,8585.38,0.0
70,Gama,GAM_L3,Del_Valle_Laranja,2,0.0,0.0,0.0,0.0,0.0,0.0
70,Gama,GAM_L3,Del_Valle_Laranja,3,0.0,0.0,8291.75,0.0,33129.81,8291.75
70,Gama,GAM_L3,Del_Valle_Laranja,4,0.0,0.0,0.0,0.0,19293.84,0.0
70,Gama,GAM_L3,Del_Valle_Laranja,5,0.0,0.0,0.0,0.0,17391.0,4409.77
70,Gama,GAM_L3,Del_Valle_Laranja,6,0.0,0.0,0.0,0.0,0.0,0.0
70,Gama,GAM_L3,Del_Valle_Laranja,7,0.0,0.0,0.0,0.0,30871.29,0.0
70,Gama,GAM_L3,Del_Valle_Laranja,8,0.0,0.0,0.0,0.0,25281.98,0.0
70,Gama,GAM_L3,Del_Valle_Laranja,9,0.0,0.0,0.0,0.0,35573.9,0.0
70,Gama,GAM_L3,Del_Valle_Laranja,10,0.0,0.0,0.0,0.0,28192.25,0.0
70,Gama,GAM_L3,Del_Valle_Laranja,11,0.0,0.0,0.0,0.0,7001.85,0.0
70,Gama,GAM_L3,Del_Valle_Laranja,12,0.0,0.0,0.0,0.0,7935.04,0.0
70,Gama,GAM_L3,Del_Valle_Laranja,13,0.0,0.0,0.0,0.0,2258.58,0.0
70,Gama,GAM_L3,Del_Valle_Laranja,14,0.0,0.0,0.0,0.0,0.0,0.0
70,Gama,GAM_L3,Del_Valle_Laranja,15,0.0,0.0,0.0,0.0,9677.66,0.0
70,Gama,GAM_L3,Fanta_Uva,1,0.0,0.0,0.0,0.0,0.0,0.0
70,Gama,GAM_L3,Fanta_Uva,2,0.0,0.0,0.0,0.0,1892.3900000000103,0.0
70,Gama,GAM_L3,Fanta_Uva,3,0.0,0.0,0.0,0.0,6780.199999999998,0.0
70,Gama,GAM_L3,Fanta_Uva,4,0.0,0.0,0.0,0.0,0.0,0.0
70,Gama,GAM_L3,Fanta_Uva,5,0.0,0.0,2499.67,0.0,14726.87,2499.67
70,Gama,GAM_L3,Fanta_Uva,6,0.0,0.0,0.0,0.0,16005.76,0.0
70,Gama,GAM_L3,Fanta_Uva,7,0.0,0.0,0.0,0.0,20989.91000000001,0.0
70,Gama,GAM_L3,Fanta_Uva,8,0.0,0.0,0.0,0.0,13945.73999999999,0.0
70,Gama,GAM_L3,Fanta_Uva,9,0.0,0.0,0.0,0.0,24129.829999999998,0.0
70,Gama,GAM_L3,Fanta_Uva,10,0.0,0.0,0.0,0.0,37992.0,0.0
70,Gama,GAM_L3,Fanta_Uva,11,0.0,0.0,0.0,0.0,24250.41000000002,0.0
70,Gama,GAM_L3,Fanta_Uva,12,0.0,0.0,0.0,0.0,16510.029999999995,0.0
70,Gama,GAM_L3,Fanta_Uva,13,0.0,0.0,0.0,0.0,41880.00000000001,0.0
70,Gama,GAM_L3,Fanta_Uva,14,0.0,0.0,0.0,0.0,13304.45,0.0
70,Gama,GAM_L3,Fanta_Uva,15,0.0,0.0,0.0,0.0,11754.44,0.0
70,Gama,GAM_L3,Maguary_Maracuja,1,0.0,0.0,0.0,0.0,0.0,0.0
70,Gama,GAM_L3,Maguary_Maracuja,2,0.0,0.0,0.0,0.0,0.0,0.0
70,Gama,GAM_L3,Maguary_Maracuja,3,0.0,0.0,0.0,0.0,0.0,0.0
70,Gama,GAM_L3,Maguary_Maracuja,4,0.0,0.0,14749.56,0.0,0.0,14749.56
70,Gama,GAM_L3,Maguary_Maracuja,5,0.0,0.0,0.0,0.0,0.0,28589.22
70,Gama,GAM_L3,Maguary_Maracuja,6,0.0,0.0,0.0,0.0,0.0,0.0
70,Gama,GAM_L3,Maguary_Maracuja,7,0.0,0.0,0.0,0.0,0.0,7874.94
70,Gama,GAM_L3,Maguary_Maracuja,8,0.0,0.0,0.0,0.0,0.0,0.0
70,Gama,GAM_L3,Maguary_Maracuja,9,0.0,0.0,0.0,0.0,0.0,0.0
70,Gama,GAM_L3,Maguary_Maracuja,10,0.0,0.0,0.0,0.0,0.0,0.0
70,Gama,GAM_L3,Maguary_Maracuja,11,0.0,0.0,0.0,0.0,0.0,0.0
70,Gama,GAM_L3,Maguary_Maracuja,12,0.0,0.0,0.0,0.0,0.0,0.0
70,Gama,GAM_L3,Maguary_Maracuja,13,0.0,0.0,0.0,0.0,0.0,0.0
70,Gama,GAM_L3,Maguary_Maracuja,14,0.0,0.0,0.0,0.0,0.0,0.0
70,Gama,GAM_L3,Maguary_Maracuja,15,0.0,0.0,0.0,0.0,0.0,0.0
70,Gama,GAM_L3,Coca_Cola,1,0.0,0.0,0.0,0.0,0.0,0.0
70,Gama,GAM_L3,Coca_Cola,2,0.0,0.0,0.0,0.0,0.0,0.0
70,Gama,GAM_L3,Coca_Cola,3,0.0,0.0,0.0,0.0,0.0,0.0
70,Gama,GAM_L3,Coca_Cola,4,0.0,0.0,0.0,0.0,0.0,0.0
70,Gama,GAM_L3,Coca_Cola,5,0.0,0.0,0.0,0.0,0.0,0.0
70,Gama,GAM_L3,Coca_Cola,6,0.0,0.0,0.0,0.0,0.0,0.0
70,Gama,GAM_L3,Coca_Cola,7,0.0,0.0,0.0,0.0,0.0,0.0
70,Gama,GAM_L3,Coca_Cola,8,0.0,0.0,0.0,0.0,0.0,0.0
70,Gama,GAM_L3,Coca_Cola,9,0.0,0.0,0.0,0.0,0.0,0.0
70,Gama,GAM_L3,Coca_Cola,10,0.0,0.0,0.0,0.0,0.0,0.0
70,Gama,GAM_L3,Coca_Cola,11,0.0,0.0,0.0,0.0,0.0,8553.03
70,Gama,GAM_L3,Coca_Cola,12,0.0,0.0,0.0,0.0,0.0,3271.88
70,Gama,GAM_L3,Coca_Cola,13,0.0,0.0,0.0,0.0,0.0,0.0
70,Gama,GAM_L3,Coca_Cola,14,0.0,0.0,0.0,0.0,0.0,0.0
70,Gama,GAM_L3,Coca_Cola,15,0.0,0.0,0.0,0.0,0.0,0.0
70,Gama,GAM_L3,H2OH_Limao,1,0.0,0.0,0.0,0.0,0.0,0.0
70,Gama,GAM_L3,H2OH_Limao,2,0.0,0.0,0.0,0.0,0.0,0.0
70,Gama,GAM_L3,H2OH_Limao,3,0.0,0.0,0.0,0.0,0.0,0.0
70,Gama,GAM_L3,H2OH_Limao,4,0.0,0.0,0.0,0.0,0.0,29879.6
70,Gama,GAM_L3,H2OH_Limao,5,0.0,0.0,0.0,0.0,0.0,0.0
70,Gama,GAM_L3,H2OH_Limao,6,0.0,0.0,0.0,0.0,0.0,0.0
70,Gama,GAM_L3,H2OH_Limao,7,0.0,0.0,0.0,0.0,0.0,0.0
70,Gama,GAM_L3,H2OH_Limao,8,0.0,0.0,5763.89,0.0,0.0,5763.89
70,Gama,GAM_L3,H2OH_Limao,9,0.0,0.0,0.0,0.0,0.0,0.0
70,Gama,GAM_L3,H2OH_Limao,10,0.0,0.0,0.0,0.0,0.0,0.0
70,Gama,GAM_L3,H2OH_Limao,11,0.0,0.0,0.0,0.0,0.0,0.0
70,Gama,GAM_L3,H2OH_Limao,12,0.0,0.0,0.0,0.0,0.0,0.0
70,Gama,GAM_L3,H2OH_Limao,13,0.0,0.0,0.0,0.0,0.0,0.0
70,Gama,GAM_L3,H2OH_Limao,14,0.0,0.0,0.0,0.0,0.0,0.0
70,Gama,GAM_L3,H2OH_Limao,15,0.0,0.0,28892.5,0.0,0.0,28892.5
70,Gama,GAM_L3,Schweppes_Citrus,1,0.0,0.0,0.0,0.0,0.0,0.0
70,Gama,GAM_L3,Schweppes_Citrus,2,0.0,0.0,0.0,0.0,0.0,0.0
70,Gama,GAM_L3,Schweppes_Citrus,3,0.0,0.0,0.0,0.0,0.0,0.0
70,Gama,GAM_L3,Schweppes_Citrus,4,0.0,0.0,0.0,0.0,0.0,0.0
70,Gama,GAM_L3,Schweppes_Citrus,5,0.0,0.0,0.0,0.0,0.0,0.0
70,Gama,GAM_L3,Schweppes_Citrus,6,0.0,0.0,0.0,0.0,0.0,27537.41
70,Gama,GAM_L3,Schweppes_Citrus,7,0.0,0.0,0.0,0.0,0.0,0.0
70,Gama,GAM_L3,Schweppes_Citrus,8,0.0,0.0,0.0,0.0,0.0,15956.53
70,Gama,GAM_L3,Schweppes_Citrus,9,0.0,0.0,0.0,0.0,0.0,0.0
70,Gama,GAM_L3,Schweppes_Citrus,10,0.0,0.0,0.0,0.0,0.0,0.0
70,Gama,GAM_L3,Schweppes_Citrus,11,0.0,0.0,0.0,0.0,0.0,0.0
70,Gama,GAM_L3,Schweppes_Citrus,12,0.0,0.0,0.0,0.0,0.0,0.0
70,Gama,GAM_L3,Schweppes_Citrus,13,0.0,0.0,0.0,0.0,0.0,0.0
70,Gama,GAM_L3,Schweppes_Citrus,14,0.0,0.0,0.0,0.0,0.0,0.0
70,Gama,GAM_L3,Schweppes_Citrus,15,0.0,0.0,0.0,0.0,0.0,0.0
70,Gama,GAM_L3,Sprite,1,12718.43,0.0,0.0,0.0,12718.43,12718.43
70,Gama,GAM_L3,Sprite,2,17704.539999999994,0.0,11115.34,0.0,6589.199999999992,15443.97
70,Gama,GAM_L3,Sprite,3,0.0,0.0,0.0,0.0,0.0,0.0
70,Gama,GAM_L3,Sprite,4,0.0,0.0,0.0,0.0,0.0,0.0
70,Gama,GAM_L3,Sprite,5,15714.52,0.0,0.0,0.0,15714.52,11127.6
70,Gama,GAM_L3,Sprite,6,10411.89,0.0,0.0,0.0,10411.89,0.0
70,Gama,GAM_L3,Sprite,7,16260.880000000001,0.0,0.0,0.0,16260.880000000001,12841.6
70,Gama,GAM_L3,Sprite,8,0.0,0.0,0.0,0.0,0.0,0.0
70,Gama,GAM_L3,Sprite,9,0.0,0.0,0.0,0.0,0.0,0.0
70,Gama,GAM_L3,Sprite,10,0.0,0.0,0.0,0.0,0.0,7218.29
70,Gama,GAM_L3,Sprite,11,0.0,0.0,0.0,0.0,0.0,0.0
70,Gama,GAM_L3,Sprite,12,0.0,0.0,6766.94,0.0,0.0,6766.94
70,Gama,GAM_L3,Sprite,13,0.0,0.0,0.0,0.0,0.0,135.57
70,Gama,GAM_L3,Sprite,14,0.0,0.0,0.0,0.0,0.0,10039.58
70,Gama,GAM_L3,Sprite,15,0.0,0.0,0.0,0.0,0.0,0.0
70,Gama,GAM_L3,Del_Valle_Uva,1,0.0,4266.1,0.0,0.0,0.0,4266.1
70,Gama,GAM_L3,Del_Valle_Uva,2,0.0,0.0,0.0,0.0,4266.1,0.0
70,Gama,GAM_L3,Del_Valle_Uva,3,0.0,2398.9799999999923,0.0,0.0,0.0,2398.9799999999923
70,Gama,GAM_L3,Del_Valle_Uva,4,0.0,7201.909999999996,0.0,0.0,0.0,4802.930000000004
70,Gama,GAM_L3,Del_Valle_Uva,5,0.0,0.0,0.0,0.0,7201.909999999996,0.0
70,Gama,GAM_L3,Del_Valle_Uva,6,0.0,0.0,0.0,0.0,0.0,0.0
70,Gama,GAM_L3,Del_Valle_Uva,7,0.0,0.0,0.0,0.0,0.0,0.0
70,Gama,GAM_L3,Del_Valle_Uva,8,0.0,0.0,0.0,0.0,0.0,0.0
70,Gama,GAM_L3,Del_Valle_Uva,9,0.0,0.0,0.0,0.0,0.0,13961.19
70,Gama,GAM_L3,Del_Valle_Uva,10,0.0,0.0,0.0,0.0,0.0,0.0
70,Gama,GAM_L3,Del_Valle_Uva,11,0.0,0.0,0.0,0.0,0.0,0.0
70,Gama,GAM_L3,Del_Valle_Uva,12,0.0,0.0,0.0,0.0,0.0,0.0
70,Gama,GAM_L3,Del_Valle_Uva,13,0.0,9023.25,0.0,0.0,0.0,9023.25
70,Gama,GAM_L3,Del_Valle_Uva,14,0.0,0.0,0.0,0.0,9023.25,0.0
70,Gama,GAM_L3,Del_Valle_Uva,15,0.0,0.0,0.0,0.0,0.0,0.0
70,Gama,GAM_L3,Pepsi,1,0.0,0.0,0.0,0.0,0.0,0.0
70,Gama,GAM_L3,Pepsi,2,0.0,0.0,0.0,0.0,0.0,0.0
70,Gama,GAM_L3,Pepsi,3,0.0,0.0,0.0,0.0,0.0,0.0
70,Gama,GAM_L3,Pepsi,4,0.0,0.0,0.0,0.0,0.0,0.0
70,Gama,GAM_L3,Pepsi,5,0.0,0.0,0.0,0.0,0.0,0.0
70,Gama,GAM_L3,Pepsi,6,0.0,0.0,0.0,0.0,0.0,0.0
70,Gama,GAM_L3,Pepsi,7,0.0,0.0,0.0,0.0,0.0,0.0
70,Gama,GAM_L3,Pepsi,8,0.0,0.0,0.0,0.0,0.0,0.0
70,Gama,GAM_L3,Pepsi,9,0.0,0.0,16260.51,0.0,0.0,16260.51
70,Gama,GAM_L3,Pepsi,10,0.0,0.0,0.0,0.0,0.0,0.0
70,Gama,GAM_L3,Pepsi,11,0.0,0.0,0.0,0.0,0.0,0.0
70,Gama,GAM_L3,Pepsi,12,0.0,0.0,0.0,0.0,0.0,0.0
70,Gama,GAM_L3,Pepsi,13,0.0,0.0,0.0,0.0,0.0,0.0
70,Gama,GAM_L3,Pepsi,14,0.0,0.0,0.0,0.0,0.0,0.0
70,Gama,GAM_L3,Pepsi,15,0.0,0.0,0.0,0.0,0.0,0.0
70,Viamao,VIA_L1,Fanta_Laranja,1,0.0,0.0,0.0,0.0,0.0,0.0
70,Viamao,VIA_L1,Fanta_Laranja,2,0.0,0.0,0.0,0.0,0.0,0.0
70,Viamao,VIA_L1,Fanta_Laranja,3,0.0,0.0,0.0,0.0,0.0,0.0
70,Viamao,VIA_L1,Fanta_Laranja,4,0.0,0.0,0.0,0.0,0.0,0.0
70,Viamao,VIA_L1,Fanta_Laranja,5,0.0,0.0,0.0,0.0,0.0,10188.0
70,Viamao,VIA_L1,Fanta_Laranja,6,0.0,0.0,0.0,0.0,0.0,0.0
70,Viamao,VIA_L1,Fanta_Laranja,7,0.0,0.0,0.0,0.0,0.0,0.0
70,Viamao,VIA_L1,Fanta_Laranja,8,0.0,0.0,27664.99,0.0,0.0,27664.99
70,Viamao,VIA_L1,Fanta_Laranja,9,0.0,0.0,0.0,0.0,0.0,0.0
70,Viamao,VIA_L1,Fanta_Laranja,10,0.0,0.0,0.0,0.0,0.0,0.0
70,Viamao,VIA_L1,Fanta_Laranja,11,0.0,0.0,6975.1,0.0,0.0,6975.1
70,Viamao,VIA_L1,Fanta_Laranja,12,0.0,0.0,0.0,0.0,0.0,0.0
70,Viamao,VIA_L1,Fanta_Laranja,13,0.0,0.0,0.0,0.0,0.0,0.0
70,Viamao,VIA_L1,Fanta_Laranja,14,0.0,0.0,0.0,0.0,0.0,0.0
70,Viamao,VIA_L1,Fanta_Laranja,15,0.0,0.0,0.0,0.0,0.0,0.0
70,Viamao,VIA_L1,Itubaina,1,0.0,0.0,0.0,0.0,0.0,0.0
70,Viamao,VIA_L1,Itubaina,2,0.0,0.0,0.0,0.0,0.0,0.0
70,Viamao,VIA_L1,Itubaina,3,0.0,0.0,0.0,0.0,0.0,292.92
70,Viamao,VIA_L1,Itubaina,4,0.0,0.0,0.0,0.0,0.0,0.0
70,Viamao,VIA_L1,Itubaina,5,0.0,0.0,0.0,0.0,0.0,0.0
70,Viamao,VIA_L1,Itubaina,6,0.0,0.0,0.0,0.0,0.0,0.0
70,Viamao,VIA_L1,Itubaina,7,0.0,0.0,0.0,0.0,0.0,0.0
70,Viamao,VIA_L1,Itubaina,8,0.0,0.0,0.0,0.0,0.0,0.0
70,Viamao,VIA_L1,Itubaina,9,0.0,0.0,0.0,0.0,0.0,753.13
70,Viamao,VIA_L1,Itubaina,10,0.0,0.0,0.0,0.0,0.0,0.0
70,Viamao,VIA_L1,Itubaina,11,0.0,0.0,0.0,0.0,0.0,0.0
70,Viamao,VIA_L1,Itubaina,12,0.0,0.0,0.0,0.0,0.0,0.0
70,Viamao,VIA_L1,Itubaina,13,0.0,0.0,0.0,0.0,0.0,0.0
70,Viamao,VIA_L1,Itubaina,14,0.0,0.0,0.0,0.0,0.0,0.0
70,Viamao,VIA_L1,Itubaina,15,0.0,0.0,0.0,0.0,0.0,0.0
70,Viamao,VIA_L1,Skol_Lata,1,0.0,0.0,0.0,0.0,0.0,0.0
70,Viamao,VIA_L1,Skol_Lata,2,0.0,0.0,0.0,0.0,0.0,0.0
70,Viamao,VIA_L1,Skol_Lata,3,0.0,0.0,0.0,0.0,0.0,6138.02
70,Viamao,VIA_L1,Skol_Lata,4,0.0,0.0,0.0,0.0,0.0,0.0
70,Viamao,VIA_L1,Skol_Lata,5,0.0,0.0,0.0,0.0,0.0,0.0
70,Viamao,VIA_L1,Skol_Lata,6,0.0,0.0,0.0,0.0,0.0,0.0
70,Viamao,VIA_L1,Skol_Lata,7,0.0,0.0,0.0,0.0,0.0,0.0
70,Viamao,VIA_L1,Skol_Lata,8,0.0,0.0,0.0,0.0,0.0,14782.94
70,Viamao,VIA_L1,Skol_Lata,9,0.0,0.0,0.0,0.0,0.0,0.0
70,Viamao,VIA_L1,Skol_Lata,10,0.0,0.0,0.0,0.0,0.0,0.0
70,Viamao,VIA_L1,Skol_Lata,11,0.0,0.0,0.0,0.0,0.0,0.0
70,Viamao,VIA_L1,Skol_Lata,12,0.0,0.0,0.0,0.0,0.0,0.0
70,Viamao,VIA_L1,Skol_Lata,13,0.0,0.0,0.0,0.0,0.0,0.0
70,Viamao,VIA_L1,Skol_Lata,14,0.0,0.0,0.0,0.0,0.0,0.0
70,Viamao,VIA_L1,Skol_Lata,15,0.0,0.0,5419.19,0.0,0.0,5419.19
70,Viamao,VIA_L1,Heineken_Lata,1,0.0,0.0,0.0,0.0,0.0,0.0
70,Viamao,VIA_L1,Heineken_Lata,2,0.0,0.0,0.0,0.0,0.0,0.0
70,Viamao,VIA_L1,Heineken_Lata,3,0.0,0.0,0.0,0.0,0.0,0.0
70,Viamao,VIA_L1,Heineken_Lata,4,0.0,0.0,0.0,0.0,0.0,0.0
70,Viamao,VIA_L1,Heineken_Lata,5,0.0,0.0,0.0,0.0,0.0,0.0
70,Viamao,VIA_L1,Heineken_Lata,6,0.0,0.0,0.0,0.0,0.0,0.0
70,Viamao,VIA_L1,Heineken_Lata,7,0.0,0.0,0.0,0.0,0.0,0.0
70,Viamao,VIA_L1,Heineken_Lata,8,0.0,0.0,0.0,0.0,0.0,12437.51
70,Viamao,VIA_L1,Heineken_Lata,9,0.0,0.0,0.0,0.0,0.0,0.0
70,Viamao,VIA_L1,Heineken_Lata,10,0.0,0.0,0.0,0.0,0.0,0.0
70,Viamao,VIA_L1,Heineken_Lata,11,0.0,0.0,0.0,0.0,0.0,0.0
70,Viamao,VIA_L1,Heineken_Lata,12,0.0,0.0,0.0,0.0,0.0,0.0
70,Viamao,VIA_L1,Heineken_Lata,13,0.0,0.0,0.0,0.0,0.0,0.0
70,Viamao,VIA_L1,Heineken_Lata,14,0.0,0.0,0.0,0.0,0.0,0.0
70,Viamao,VIA_L1,Heineken_Lata,15,0.0,0.0,0.0,0.0,0.0,0.0
70,Viamao,VIA_L1,Coca_Cola_Zero,1,0.0,0.0,0.0,0.0,0.0,0.0
70,Viamao,VIA_L1,Coca_Cola_Zero,2,0.0,0.0,0.0,0.0,0.0,0.0
70,Viamao,VIA_L1,Coca_Cola_Zero,3,0.0,0.0,0.0,0.0,0.0,0.0
70,Viamao,VIA_L1,Coca_Cola_Zero,4,0.0,0.0,0.0,0.0,0.0,0.0
70,Viamao,VIA_L1,Coca_Cola_Zero,5,0.0,0.0,0.0,0.0,0.0,0.0
70,Viamao,VIA_L1,Coca_Cola_Zero,6,0.0,0.0,0.0,0.0,0.0,7069.52
70,Viamao,VIA_L1,Coca_Cola_Zero,7,0.0,0.0,0.0,0.0,0.0,0.0
70,Viamao,VIA_L1,Coca_Cola_Zero,8,0.0,0.0,0.0,0.0,0.0,3092.84
70,Viamao,VIA_L1,Coca_Cola_Zero,9,0.0,0.0,0.0,0.0,0.0,27523.11
70,Viamao,VIA_L1,Coca_Cola_Zero,10,0.0,0.0,0.0,0.0,0.0,0.0
70,Viamao,VIA_L1,Coca_Cola_Zero,11,0.0,0.0,0.0,0.0,10366.92,0.0
70,Viamao,VIA_L1,Coca_Cola_Zero,12,0.0,0.0,0.0,0.0,14494.229999999998,0.0
70,Viamao,VIA_L1,Coca_Cola_Zero,13,0.0,0.0,0.0,0.0,0.0,0.0
70,Viamao,VIA_L1,Coca_Cola_Zero,14,0.0,0.0,0.0,0.0,0.0,0.0
70,Viamao,VIA_L1,Coca_Cola_Zero,15,0.0,0.0,0.0,0.0,0.0,0.0
70,Viamao,VIA_L1,Antarctica_Lata,1,0.0,0.0,0.0,0.0,0.0,0.0
70,Viamao,VIA_L1,Antarctica_Lata,2,0.0,0.0,0.0,0.0,0.0,0.0
70,Viamao,VIA_L1,Antarctica_Lata,3,0.0,0.0,0.0,0.0,0.0,0.0
70,Viamao,VIA_L1,Antarctica_Lata,4,0.0,0.0,0.0,0.0,0.0,0.0
70,Viamao,VIA_L1,Antarctica_Lata,5,0.0,0.0,0.0,0.0,0.0,28240.34
70,Viamao,VIA_L1,Antarctica_Lata,6,0.0,0.0,0.0,0.0,0.0,0.0
70,Viamao,VIA_L1,Antarctica_Lata,7,0.0,0.0,0.0,0.0,0.0,0.0
70,Viamao,VIA_L1,Antarctica_Lata,8,0.0,0.0,0.0,0.0,0.0,0.0
70,Viamao,VIA_L1,Antarctica_Lata,9,0.0,0.0,0.0,0.0,0.0,17493.86
70,Viamao,VIA_L1,Antarctica_Lata,10,0.0,0.0,0.0,0.0,0.0,0.0
70,Viamao,VIA_L1,Antarctica_Lata,11,0.0,0.0,0.0,0.0,0.0,0.0
70,Viamao,VIA_L1,Antarctica_Lata,12,0.0,0.0,0.0,0.0,0.0,0.0
70,Viamao,VIA_L1,Antarctica_Lata,13,0.0,0.0,0.0,0.0,0.0,0.0
70,Viamao,VIA_L1,Antarctica_Lata,14,0.0,0.0,10877.96,0.0,0.0,15535.119999999999
70,Viamao,VIA_L1,Antarctica_Lata,15,0.0,0.0,0.0,0.0,0.0,0.0
70,Viamao,VIA_L1,Spaten_Lata,1,0.0,0.0,0.0,0.0,0.0,0.0
70,Viamao,VIA_L1,Spaten_Lata,2,0.0,0.0,0.0,0.0,0.0,0.0
70,Viamao,VIA_L1,Spaten_Lata,3,0.0,0.0,0.0,0.0,0.0,0.0
70,Viamao,VIA_L1,Spaten_Lata,4,0.0,0.0,0.0,0.0,0.0,12282.01
70,Viamao,VIA_L1,Spaten_Lata,5,0.0,0.0,0.0,0.0,0.0,0.0
70,Viamao,VIA_L1,Spaten_Lata,6,0.0,0.0,0.0,0.0,0.0,0.0
70,Viamao,VIA_L1,Spaten_Lata,7,0.0,0.0,0.0,0.0,0.0,0.0
70,Viamao,VIA_L1,Spaten_Lata,8,0.0,0.0,0.0,0.0,0.0,0.0
70,Viamao,VIA_L1,Spaten_Lata,9,0.0,0.0,7167.34,0.0,0.0,7167.34
70,Viamao,VIA_L1,Spaten_Lata,10,0.0,0.0,0.0,0.0,0.0,0.0
70,Viamao,VIA_L1,Spaten_Lata,11,0.0,0.0,0.0,0.0,0.0,0.0
70,Viamao,VIA_L1,Spaten_Lata,12,0.0,0.0,0.0,0.0,0.0,0.0
70,Viamao,VIA_L1,Spaten_Lata,13,0.0,0.0,10806.09,0.0,0.0,10806.09
70,Viamao,VIA_L1,Spaten_Lata,14,0.0,0.0,0.0,0.0,0.0,0.0
70,Viamao,VIA_L1,Spaten_Lata,15,0.0,0.0,0.0,0.0,0.0,0.0
70,Viamao,VIA_L1,Maguary_Caju,1,0.0,0.0,0.0,0.0,0.0,0.0
70,Viamao,VIA_L1,Maguary_Caju,2,0.0,0.0,0.0,0.0,0.0,0.0
70,Viamao,VIA_L1,Maguary_Caju,3,0.0,0.0,0.0,0.0,0.0,19979.54
70,Viamao,VIA_L1,Maguary_Caju,4,0.0,0.0,0.0,0.0,0.0,0.0
70,Viamao,VIA_L1,Maguary_Caju,5,0.0,0.0,11448.14,0.0,0.0,11448.14
70,Viamao,VIA_L1,Maguary_Caju,6,0.0,0.0,19367.43,0.0,0.0,19367.43
70,Viamao,VIA_L1,Maguary_Caju,7,0.0,0.0,0.0,0.0,0.0,0.0
70,Viamao,VIA_L1,Maguary_Caju,8,0.0,0.0,0.0,0.0,0.0,0.0
70,Viamao,VIA_L1,Maguary_Caju,9,0.0,0.0,0.0,0.0,0.0,9618.33
70,Viamao,VIA_L1,Maguary_Caju,10,0.0,0.0,0.0,0.0,0.0,0.0
70,Viamao,VIA_L1,Maguary_Caju,11,0.0,0.0,0.0,0.0,0.0,0.0
70,Viamao,VIA_L1,Maguary_Caju,12,0.0,0.0,17998.11,0.0,0.0,17998.11
70,Viamao,VIA_L1,Maguary_Caju,13,0.0,0.0,0.0,0.0,0.0,0.0
70,Viamao,VIA_L1,Maguary_Caju,14,0.0,0.0,0.0,0.0,0.0,0.0
70,Viamao,VIA_L1,Maguary_Caju,15,0.0,0.0,0.0,0.0,0.0,0.0
70,Viamao,VIA_L1,Del_Valle_Pessego,1,0.0,0.0,27321.76,0.0,0.0,27321.76
70,Viamao,VIA_L1,Del_Valle_Pessego,2,0.0,0.0,0.0,0.0,0.0,0.0
70,Viamao,VIA_L1,Del_Valle_Pessego,3,0.0,0.0,0.0,0.0,0.0,0.0
70,Viamao,VIA_L1,Del_Valle_Pessego,4,0.0,0.0,0.0,0.0,0.0,0.0
70,Viamao,VIA_L1,Del_Valle_Pessego,5,0.0,0.0,0.0,0.0,0.0,12472.13
70,Viamao,VIA_L1,Del_Valle_Pessego,6,0.0,0.0,0.0,0.0,0.0,0.0
70,Viamao,VIA_L1,Del_Valle_Pessego,7,0.0,0.0,0.0,0.0,0.0,0.0
70,Viamao,VIA_L1,Del_Valle_Pessego,8,0.0,0.0,0.0,0.0,0.0,0.0
70,Viamao,VIA_L1,Del_Valle_Pessego,9,0.0,0.0,0.0,0.0,0.0,0.0
70,Viamao,VIA_L1,Del_Valle_Pessego,10,0.0,0.0,0.0,0.0,0.0,0.0
70,Viamao,VIA_L1,Del_Valle_Pessego,11,0.0,0.0,0.0,0.0,0.0,25832.65
70,Viamao,VIA_L1,Del_Valle_Pessego,12,0.0,0.0,0.0,0.0,0.0,0.0
70,Viamao,VIA_L1,Del_Valle_Pessego,13,0.0,0.0,0.0,0.0,0.0,0.0
70,Viamao,VIA_L1,Del_Valle_Pessego,14,0.0,0.0,0.0,0.0,0.0,0.0
70,Viamao,VIA_L1,Del_Valle_Pessego,15,0.0,0.0,0.0,0.0,0.0,0.0
70,Viamao,VIA_L1,Stella_Artois_Pure_Gold,1,0.0,0.0,0.0,0.0,0.0,14818.48
70,Viamao,VIA_L1,Stella_Artois_Pure_Gold,2,0.0,0.0,0.0,0.0,0.0,1923.1599999999999
70,Viamao,VIA_L1,Stella_Artois_Pure_Gold,3,0.0,0.0,0.0,0.0,0.0,20282.14
70,Viamao,VIA_L1,Stella_Artois_Pure_Gold,4,0.0,0.0,29617.73,0.0,20282.14,29617.73
70,Viamao,VIA_L1,Stella_Artois_Pure_Gold,5,0.0,0.0,0.0,0.0,0.0,0.0
70,Viamao,VIA_L1,Stella_Artois_Pure_Gold,6,0.0,0.0,0.0,0.0,0.0,0.0
70,Viamao,VIA_L1,Stella_Artois_Pure_Gold,7,0.0,0.0,0.0,0.0,0.0,18579.629999999997
70,Viamao,VIA_L1,Stella_Artois_Pure_Gold,8,0.0,0.0,0.0,0.0,18579.629999999997,0.0
70,Viamao,VIA_L1,Stella_Artois_Pure_Gold,9,0.0,0.0,0.0,0.0,0.0,0.0
70,Viamao,VIA_L1,Stella_Artois_Pure_Gold,10,0.0,0.0,0.0,0.0,0.0,22122.389999999992
70,Viamao,VIA_L1,Stella_Artois_Pure_Gold,11,0.0,0.0,2373.44,0.0,22122.389999999992,2373.44
70,Viamao,VIA_L1,Stella_Artois_Pure_Gold,12,0.0,0.0,0.0,0.0,0.0,7195.4
70,Viamao,VIA_L1,Stella_Artois_Pure_Gold,13,0.0,0.0,0.0,0.0,0.0,25336.19
70,Viamao,VIA_L1,Stella_Artois_Pure_Gold,14,0.0,0.0,7781.38,0.0,25336.19,7781.38
70,Viamao,VIA_L1,Stella_Artois_Pure_Gold,15,0.0,0.0,0.0,0.0,0.0,0.0
70,Viamao,VIA_L1,Sprite_Zero,1,0.0,0.0,0.0,0.0,0.0,0.0
70,Viamao,VIA_L1,Sprite_Zero,2,0.0,0.0,0.0,0.0,0.0,10213.23
70,Viamao,VIA_L1,Sprite_Zero,3,0.0,0.0,0.0,0.0,0.0,0.0
70,Viamao,VIA_L1,Sprite_Zero,4,0.0,0.0,0.0,0.0,0.0,0.0
70,Viamao,VIA_L1,Sprite_Zero,5,0.0,0.0,0.0,0.0,0.0,0.0
70,Viamao,VIA_L1,Sprite_Zero,6,0.0,0.0,0.0,0.0,0.0,0.0
70,Viamao,VIA_L1,Sprite_Zero,7,0.0,0.0,15812.81,0.0,0.0,15812.81
70,Viamao,VIA_L1,Sprite_Zero,8,0.0,0.0,0.0,0.0,0.0,0.0
70,Viamao,VIA_L1,Sprite_Zero,9,0.0,0.0,0.0,0.0,0.0,0.0
70,Viamao,VIA_L1,Sprite_Zero,10,0.0,0.0,0.0,0.0,0.0,0.0
70,Viamao,VIA_L1,Sprite_Zero,11,0.0,0.0,0.0,0.0,0.0,0.0
70,Viamao,VIA_L1,Sprite_Zero,12,0.0,0.0,0.0,0.0,0.0,0.0
70,Viamao,VIA_L1,Sprite_Zero,13,0.0,0.0,0.0,0.0,0.0,0.0
70,Viamao,VIA_L1,Sprite_Zero,14,0.0,0.0,0.0,0.0,0.0,21537.21
70,Viamao,VIA_L1,Sprite_Zero,15,0.0,0.0,0.0,0.0,0.0,0.0
70,Viamao,VIA_L1,Kuat,1,0.0,0.0,0.0,0.0,0.0,0.0
70,Viamao,VIA_L1,Kuat,2,0.0,0.0,0.0,0.0,48137.41000000002,0.0
70,Viamao,VIA_L1,Kuat,3,0.0,0.0,0.0,0.0,22063.190000000002,0.0
70,Viamao,VIA_L1,Kuat,4,0.0,0.0,0.0,0.0,13117.669999999993,0.0
70,Viamao,VIA_L1,Kuat,5,0.0,0.0,0.0,0.0,19891.880000000005,0.0
70,Viamao,VIA_L1,Kuat,6,0.0,0.0,0.0,0.0,42168.0,0.0
70,Viamao,VIA_L1,Kuat,7,0.0,0.0,0.0,0.0,11170.04,0.0
70,Viamao,VIA_L1,Kuat,8,0.0,0.0,0.0,0.0,12136.719999999994,0.0
70,Viamao,VIA_L1,Kuat,9,0.0,0.0,0.0,0.0,7706.200000000006,0.0
70,Viamao,VIA_L1,Kuat,10,0.0,0.0,0.0,0.0,69381.79999999999,0.0
70,Viamao,VIA_L1,Kuat,11,0.0,0.0,0.0,0.0,26593.08,0.0
70,Viamao,VIA_L1,Kuat,12,0.0,0.0,0.0,0.0,22393.77,0.0
70,Viamao,VIA_L1,Kuat,13,0.0,0.0,0.0,0.0,23720.72,0.0
70,Viamao,VIA_L1,Kuat,14,0.0,0.0,0.0,0.0,0.0,0.0
70,Viamao,VIA_L1,Kuat,15,0.0,0.0,0.0,0.0,24222.340000000004,0.0
70,Viamao,VIA_L1,Sukita_Laranja,1,0.0,0.0,0.0,0.0,0.0,0.0
70,Viamao,VIA_L1,Sukita_Laranja,2,0.0,0.0,0.0,0.0,0.0,0.0
70,Viamao,VIA_L1,Sukita_Laranja,3,0.0,0.0,0.0,0.0,0.0,0.0
70,Viamao,VIA_L1,Sukita_Laranja,4,0.0,0.0,0.0,0.0,0.0,0.0
70,Viamao,VIA_L1,Sukita_Laranja,5,0.0,0.0,0.0,0.0,0.0,0.0
70,Viamao,VIA_L1,Sukita_Laranja,6,0.0,0.0,0.0,0.0,0.0,10140.53
70,Viamao,VIA_L1,Sukita_Laranja,7,0.0,0.0,0.0,0.0,0.0,0.0
70,Viamao,VIA_L1,Sukita_Laranja,8,0.0,0.0,0.0,0.0,0.0,0.0
70,Viamao,VIA_L1,Sukita_Laranja,9,0.0,0.0,0.0,0.0,0.0,0.0
70,Viamao,VIA_L1,Sukita_Laranja,10,0.0,0.0,0.0,0.0,0.0,0.0
70,Viamao,VIA_L1,Sukita_Laranja,11,0.0,0.0,0.0,0.0,0.0,0.0
70,Viamao,VIA_L1,Sukita_Laranja,12,0.0,0.0,0.0,0.0,0.0,0.0
70,Viamao,VIA_L1,Sukita_Laranja,13,0.0,0.0,0.0,0.0,0.0,0.0
70,Viamao,VIA_L1,Sukita_Laranja,14,0.0,0.0,0.0,0.0,0.0,0.0
70,Viamao,VIA_L1,Sukita_Laranja,15,0.0,0.0,0.0,0.0,0.0,0.0
70,Viamao,VIA_L1,Budweiser_Lata,1,0.0,0.0,0.0,0.0,0.0,0.0
70,Viamao,VIA_L1,Budweiser_Lata,2,0.0,0.0,0.0,0.0,0.0,0.0
70,Viamao,VIA_L1,Budweiser_Lata,3,0.0,0.0,11011.89,0.0,0.0,11011.89
70,Viamao,VIA_L1,Budweiser_Lata,4,0.0,0.0,0.0,0.0,0.0,0.0
70,Viamao,VIA_L1,Budweiser_Lata,5,0.0,0.0,0.0,0.0,0.0,0.0
70,Viamao,VIA_L1,Budweiser_Lata,6,0.0,0.0,0.0,0.0,0.0,0.0
70,Viamao,VIA_L1,Budweiser_Lata,7,0.0,0.0,0.0,0.0,0.0,0.0
70,Viamao,VIA_L1,Budweiser_Lata,8,0.0,0.0,0.0,0.0,0.0,0.0
70,Viamao,VIA_L1,Budweiser_Lata,9,0.0,0.0,0.0,0.0,0.0,0.0
70,Viamao,VIA_L1,Budweiser_Lata,10,0.0,0.0,16992.37,0.0,0.0,33135.64
70,Viamao,VIA_L1,Budweiser_Lata,11,0.0,0.0,0.0,0.0,0.0,0.0
70,Viamao,VIA_L1,Budweiser_Lata,12,0.0,0.0,0.0,0.0,0.0,0.0
70,Viamao,VIA_L1,Budweiser_Lata,13,0.0,0.0,0.0,0.0,0.0,0.0
70,Viamao,VIA_L1,Budweiser_Lata,14,0.0,0.0,0.0,0.0,0.0,0.0
70,Viamao,VIA_L1,Budweiser_Lata,15,0.0,0.0,0.0,0.0,0.0,21017.15
70,Viamao,VIA_L1,Guarana_Antarctica_Zero,1,0.0,0.0,0.0,0.0,0.0,0.0
70,Viamao,VIA_L1,Guarana_Antarctica_Zero,2,0.0,0.0,28588.13,0.0,0.0,28588.13
70,Viamao,VIA_L1,Guarana_Antarctica_Zero,3,0.0,0.0,0.0,0.0,0.0,0.0
70,Viamao,VIA_L1,Guarana_Antarctica_Zero,4,0.0,0.0,0.0,0.0,0.0,0.0
70,Viamao,VIA_L1,Guarana_Antarctica_Zero,5,0.0,0.0,0.0,0.0,0.0,0.0
70,Viamao,VIA_L1,Guarana_Antarctica_Zero,6,0.0,0.0,0.0,0.0,0.0,0.0
70,Viamao,VIA_L1,Guarana_Antarctica_Zero,7,0.0,0.0,0.0,0.0,0.0,0.0
70,Viamao,VIA_L1,Guarana_Antarctica_Zero,8,0.0,0.0,0.0,0.0,0.0,0.0
70,Viamao,VIA_L1,Guarana_Antarctica_Zero,9,0.0,0.0,0.0,0.0,0.0,0.0
70,Viamao,VIA_L1,Guarana_Antarctica_Zero,10,0.0,0.0,0.0,0.0,0.0,0.0
70,Viamao,VIA_L1,Guarana_Antarctica_Zero,11,0.0,0.0,0.0,0.0,0.0,0.0
70,Viamao,VIA_L1,Guarana_Antarctica_Zero,12,0.0,0.0,0.0,0.0,0.0,18975.86
70,Viamao,VIA_L1,Guarana_Antarctica_Zero,13,0.0,0.0,0.0,0.0,0.0,0.0
70,Viamao,VIA_L1,Guarana_Antarctica_Zero,14,0.0,0.0,0.0,0.0,0.0,0.0
70,Viamao,VIA_L1,Guarana_Antarctica_Zero,15,0.0,0.0,0.0,0.0,0.0,0.0
70,Viamao,VIA_L1,Itaipava_Lata,1,0.0,0.0,0.0,0.0,0.0,0.0
70,Viamao,VIA_L1,Itaipava_Lata,2,0.0,0.0,0.0,0.0,0.0,0.0
70,Viamao,VIA_L1,Itaipava_Lata,3,0.0,0.0,0.0,0.0,0.0,0.0
70,Viamao,VIA_L1,Itaipava_Lata,4,0.0,0.0,0.0,0.0,0.0,0.0
70,Viamao,VIA_L1,Itaipava_Lata,5,0.0,0.0,0.0,0.0,0.0,0.0
70,Viamao,VIA_L1,Itaipava_Lata,6,0.0,0.0,0.0,0.0,0.0,0.0
70,Viamao,VIA_L1,Itaipava_Lata,7,0.0,0.0,0.0,0.0,0.0,27152.62
70,Viamao,VIA_L1,Itaipava_Lata,8,0.0,0.0,0.0,0.0,0.0,0.0
70,Viamao,VIA_L1,Itaipava_Lata,9,0.0,0.0,0.0,0.0,0.0,0.0
70,Viamao,VIA_L1,Itaipava_Lata,10,0.0,0.0,0.0,0.0,0.0,0.0
70,Viamao,VIA_L1,Itaipava_Lata,11,0.0,0.0,0.0,0.0,0.0,0.0
70,Viamao,VIA_L1,Itaipava_Lata,12,0.0,0.0,0.0,0.0,0.0,0.0
70,Viamao,VIA_L1,Itaipava_Lata,13,0.0,0.0,0.0,0.0,0.0,7072.78
70,Viamao,VIA_L1,Itaipava_Lata,14,0.0,0.0,0.0,0.0,0.0,29301.44
70,Viamao,VIA_L1,Itaipava_Lata,15,0.0,0.0,0.0,0.0,0.0,0.0
70,Viamao,VIA_L1,Brahma_Lata,1,0.0,0.0,0.0,0.0,0.0,0.0
70,Viamao,VIA_L1,Brahma_Lata,2,0.0,0.0,0.0,0.0,0.0,0.0
70,Viamao,VIA_L1,Brahma_Lata,3,0.0,0.0,0.0,0.0,0.0,29088.79
70,Viamao,VIA_L1,Brahma_Lata,4,0.0,0.0,0.0,0.0,0.0,0.0
70,Viamao,VIA_L1,Brahma_Lata,5,0.0,0.0,0.0,0.0,0.0,0.0
70,Viamao,VIA_L1,Brahma_Lata,6,0.0,0.0,0.0,0.0,0.0,0.0
70,Viamao,VIA_L1,Brahma_Lata,7,0.0,0.0,0.0,0.0,0.0,0.0
70,Viamao,VIA_L1,Brahma_Lata,8,0.0,0.0,0.0,0.0,0.0,0.0
70,Viamao,VIA_L1,Brahma_Lata,9,0.0,0.0,0.0,0.0,0.0,0.0
70,Viamao,VIA_L1,Brahma_Lata,10,0.0,0.0,0.0,0.0,0.0,0.0
70,Viamao,VIA_L1,Brahma_Lata,11,0.0,0.0,0.0,0.0,0.0,0.0
70,Viamao,VIA_L1,Brahma_Lata,12,0.0,0.0,0.0,0.0,0.0,0.0
70,Viamao,VIA_L1,Brahma_Lata,13,0.0,0.0,0.0,0.0,0.0,0.0
70,Viamao,VIA_L1,Brahma_Lata,14,0.0,0.0,0.0,0.0,0.0,0.0
70,Viamao,VIA_L1,Brahma_Lata,15,0.0,0.0,0.0,0.0,0.0,0.0
70,Viamao,VIA_L1,Eisenbahn_Pilsen,1,0.0,0.0,0.0,0.0,0.0,0.0
70,Viamao,VIA_L1,Eisenbahn_Pilsen,2,0.0,0.0,0.0,0.0,0.0,0.0
70,Viamao,VIA_L1,Eisenbahn_Pilsen,3,0.0,0.0,0.0,0.0,0.0,0.0
70,Viamao,VIA_L1,Eisenbahn_Pilsen,4,0.0,0.0,0.0,0.0,0.0,0.0
70,Viamao,VIA_L1,Eisenbahn_Pilsen,5,0.0,0.0,0.0,0.0,0.0,0.0
70,Viamao,VIA_L1,Eisenbahn_Pilsen,6,0.0,0.0,0.0,0.0,0.0,0.0
70,Viamao,VIA_L1,Eisenbahn_Pilsen,7,0.0,0.0,0.0,0.0,0.0,0.0
70,Viamao,VIA_L1,Eisenbahn_Pilsen,8,0.0,0.0,0.0,0.0,0.0,0.0
70,Viamao,VIA_L1,Eisenbahn_Pilsen,9,0.0,0.0,0.0,0.0,0.0,0.0
70,Viamao,VIA_L1,Eisenbahn_Pilsen,10,0.0,0.0,0.0,0.0,0.0,0.0
70,Viamao,VIA_L1,Eisenbahn_Pilsen,11,0.0,0.0,0.0,0.0,0.0,0.0
70,Viamao,VIA_L1,Eisenbahn_Pilsen,12,0.0,0.0,0.0,0.0,0.0,0.0
70,Viamao,VIA_L1,Eisenbahn_Pilsen,13,0.0,0.0,0.0,0.0,0.0,0.0
70,Viamao,VIA_L1,Eisenbahn_Pilsen,14,0.0,0.0,0.0,0.0,0.0,0.0
70,Viamao,VIA_L1,Eisenbahn_Pilsen,15,0.0,0.0,0.0,0.0,0.0,0.0
70,Viamao,VIA_L1,Pepsi_Black,1,0.0,0.0,0.0,0.0,28491.800000000003,0.0
70,Viamao,VIA_L1,Pepsi_Black,2,0.0,0.0,299.94,0.0,299.94,299.94
70,Viamao,VIA_L1,Pepsi_Black,3,0.0,0.0,0.0,0.0,0.0,0.0
70,Viamao,VIA_L1,Pepsi_Black,4,0.0,0.0,0.0,0.0,0.0,0.0
70,Viamao,VIA_L1,Pepsi_Black,5,0.0,0.0,0.0,0.0,4087.199999999997,0.0
70,Viamao,VIA_L1,Pepsi_Black,6,0.0,0.0,0.0,0.0,0.0,15260.52
70,Viamao,VIA_L1,Pepsi_Black,7,0.0,0.0,0.0,0.0,0.0,0.0
70,Viamao,VIA_L1,Pepsi_Black,8,0.0,0.0,0.0,0.0,26719.280000000002,0.0
70,Viamao,VIA_L1,Pepsi_Black,9,0.0,0.0,0.0,0.0,0.0,0.0
70,Viamao,VIA_L1,Pepsi_Black,10,0.0,0.0,0.0,0.0,0.0,0.0
70,Viamao,VIA_L1,Pepsi_Black,11,0.0,0.0,0.0,0.0,0.0,0.0
70,Viamao,VIA_L1,Pepsi_Black,12,0.0,0.0,0.0,0.0,0.0,0.0
70,Viamao,VIA_L1,Pepsi_Black,13,0.0,0.0,0.0,0.0,15263.71,6782.61
70,Viamao,VIA_L1,Pepsi_Black,14,0.0,0.0,0.0,0.0,27315.230000000003,0.0
70,Viamao,VIA_L1,Pepsi_Black,15,0.0,0.0,0.0,0.0,12233.660000000002,0.0
70,Viamao,VIA_L1,Guarana_Antarctica,1,0.0,0.0,0.0,0.0,0.0,0.0
70,Viamao,VIA_L1,Guarana_Antarctica,2,0.0,0.0,0.0,0.0,0.0,0.0
70,Viamao,VIA_L1,Guarana_Antarctica,3,0.0,0.0,0.0,0.0,0.0,0.0
70,Viamao,VIA_L1,Guarana_Antarctica,4,0.0,0.0,0.0,0.0,0.0,0.0
70,Viamao,VIA_L1,Guarana_Antarctica,5,0.0,0.0,0.0,0.0,0.0,0.0
70,Viamao,VIA_L1,Guarana_Antarctica,6,0.0,0.0,0.0,0.0,0.0,0.0
70,Viamao,VIA_L1,Guarana_Antarctica,7,0.0,0.0,0.0,0.0,0.0,0.0
70,Viamao,VIA_L1,Guarana_Antarctica,8,0.0,0.0,1860.19,0.0,0.0,9606.0
70,Viamao,VIA_L1,Guarana_Antarctica,9,0.0,0.0,0.0,0.0,0.0,0.0
70,Viamao,VIA_L1,Guarana_Antarctica,10,0.0,0.0,0.0,0.0,0.0,3203.59
70,Viamao,VIA_L1,Guarana_Antarctica,11,0.0,0.0,0.0,0.0,0.0,0.0
70,Viamao,VIA_L1,Guarana_Antarctica,12,0.0,0.0,0.0,0.0,0.0,0.0
70,Viamao,VIA_L1,Guarana_Antarctica,13,0.0,0.0,0.0,0.0,0.0,0.0
70,Viamao,VIA_L1,Guarana_Antarctica,14,0.0,0.0,0.0,0.0,0.0,0.0
70,Viamao,VIA_L1,Guarana_Antarctica,15,0.0,0.0,0.0,0.0,0.0,0.0
70,Viamao,VIA_L1,Amstel_Lata,1,0.0,0.0,0.0,0.0,0.0,0.0
70,Viamao,VIA_L1,Amstel_Lata,2,0.0,0.0,0.0,0.0,0.0,0.0
70,Viamao,VIA_L1,Amstel_Lata,3,0.0,0.0,0.0,0.0,0.0,0.0
70,Viamao,VIA_L1,Amstel_Lata,4,0.0,2123.649999999996,0.0,0.0,0.0,2123.649999999996
70,Viamao,VIA_L1,Amstel_Lata,5,0.0,0.0,6183.44,0.0,0.0,4059.7900000000036
70,Viamao,VIA_L1,Amstel_Lata,6,0.0,0.0,0.0,0.0,0.0,0.0
70,Viamao,VIA_L1,Amstel_Lata,7,0.0,0.0,0.0,0.0,0.0,0.0
70,Viamao,VIA_L1,Amstel_Lata,8,0.0,0.0,0.0,0.0,0.0,0.0
70,Viamao,VIA_L1,Amstel_Lata,9,0.0,7861.019999999997,0.0,0.0,0.0,7861.019999999997
70,Viamao,VIA_L1,Amstel_Lata,10,0.0,7861.019999999997,0.0,0.0,0.0,0.0
70,Viamao,VIA_L1,Amstel_Lata,11,0.0,0.0,20004.84,0.0,0.0,12143.820000000003
70,Viamao,VIA_L1,Amstel_Lata,12,0.0,0.0,0.0,0.0,0.0,0.0
70,Viamao,VIA_L1,Amstel_Lata,13,0.0,0.0,0.0,0.0,0.0,39045.259999999995
70,Viamao,VIA_L1,Amstel_Lata,14,0.0,0.0,0.0,0.0,0.0,0.0
70,Viamao,VIA_L1,Amstel_Lata,15,0.0,0.0,0.0,0.0,0.0,0.0
70,Viamao,VIA_L1,Del_Valle_Laranja,1,0.0,0.0,0.0,0.0,0.0,0.0
70,Viamao,VIA_L1,Del_Valle_Laranja,2,0.0,0.0,0.0,0.0,0.0,0.0
70,Viamao,VIA_L1,Del_Valle_Laranja,3,0.0,0.0,0.0,0.0,0.0,0.0
70,Viamao,VIA_L1,Del_Valle_Laranja,4,0.0,0.0,0.0,0.0,0.0,12819.94
70,Viamao,VIA_L1,Del_Valle_Laranja,5,0.0,0.0,0.0,0.0,0.0,0.0
70,Viamao,VIA_L1,Del_Valle_Laranja,6,0.0,0.0,0.0,0.0,0.0,0.0
70,Viamao,VIA_L1,Del_Valle_Laranja,7,0.0,0.0,0.0,0.0,0.0,0.0
70,Viamao,VIA_L1,Del_Valle_Laranja,8,0.0,0.0,0.0,0.0,0.0,0.0
70,Viamao,VIA_L1,Del_Valle_Laranja,9,0.0,0.0,0.0,0.0,0.0,0.0
70,Viamao,VIA_L1,Del_Valle_Laranja,10,0.0,0.0,0.0,0.0,0.0,0.0
70,Viamao,VIA_L1,Del_Valle_Laranja,11,0.0,0.0,0.0,0.0,0.0,0.0
70,Viamao,VIA_L1,Del_Valle_Laranja,12,0.0,0.0,0.0,0.0,0.0,0.0
70,Viamao,VIA_L1,Del_Valle_Laranja,13,0.0,0.0,0.0,0.0,0.0,2258.58
70,Viamao,VIA_L1,Del_Valle_Laranja,14,0.0,0.0,0.0,0.0,0.0,0.0
70,Viamao,VIA_L1,Del_Valle_Laranja,15,0.0,0.0,0.0,0.0,0.0,0.0
70,Viamao,VIA_L1,Fanta_Uva,1,0.0,0.0,0.0,0.0,0.0,0.0
70,Viamao,VIA_L1,Fanta_Uva,2,0.0,0.0,0.0,0.0,0.0,0.0
70,Viamao,VIA_L1,Fanta_Uva,3,0.0,0.0,0.0,0.0,0.0,2273.28
70,Viamao,VIA_L1,Fanta_Uva,4,0.0,0.0,0.0,0.0,0.0,0.0
70,Viamao,VIA_L1,Fanta_Uva,5,0.0,0.0,0.0,0.0,0.0,0.0
70,Viamao,VIA_L1,Fanta_Uva,6,0.0,0.0,0.0,0.0,0.0,0.0
70,Viamao,VIA_L1,Fanta_Uva,7,0.0,0.0,0.0,0.0,0.0,0.0
70,Viamao,VIA_L1,Fanta_Uva,8,0.0,0.0,0.0,0.0,0.0,0.0
70,Viamao,VIA_L1,Fanta_Uva,9,0.0,0.0,17796.62,0.0,0.0,17796.62
70,Viamao,VIA_L1,Fanta_Uva,10,0.0,0.0,6697.37,0.0,0.0,8220.34
70,Viamao,VIA_L1,Fanta_Uva,11,0.0,0.0,0.0,0.0,0.0,0.0
70,Viamao,VIA_L1,Fanta_Uva,12,0.0,0.0,0.0,0.0,0.0,0.0
70,Viamao,VIA_L1,Fanta_Uva,13,0.0,0.0,0.0,0.0,0.0,0.0
70,Viamao,VIA_L1,Fanta_Uva,14,0.0,0.0,0.0,0.0,0.0,0.0
70,Viamao,VIA_L1,Fanta_Uva,15,0.0,0.0,0.0,0.0,0.0,0.0
70,Viamao,VIA_L1,Maguary_Maracuja,1,0.0,0.0,0.0,0.0,0.0,0.0
70,Viamao,VIA_L1,Maguary_Maracuja,2,0.0,0.0,0.0,0.0,0.0,0.0
70,Viamao,VIA_L1,Maguary_Maracuja,3,0.0,0.0,14549.97,0.0,0.0,14549.97
70,Viamao,VIA_L1,Maguary_Maracuja,4,0.0,0.0,0.0,0.0,0.0,0.0
70,Viamao,VIA_L1,Maguary_Maracuja,5,0.0,0.0,0.0,0.0,0.0,0.0
70,Viamao,VIA_L1,Maguary_Maracuja,6,0.0,0.0,0.0,0.0,0.0,0.0
70,Viamao,VIA_L1,Maguary_Maracuja,7,0.0,0.0,0.0,0.0,0.0,0.0
70,Viamao,VIA_L1,Maguary_Maracuja,8,0.0,0.0,0.0,0.0,10946.600000000002,0.0
70,Viamao,VIA_L1,Maguary_Maracuja,9,0.0,0.0,0.0,0.0,30945.740000000005,0.0
70,Viamao,VIA_L1,Maguary_Maracuja,10,0.0,0.0,0.0,0.0,0.0,6352.66
70,Viamao,VIA_L1,Maguary_Maracuja,11,0.0,0.0,0.0,0.0,0.0,0.0
70,Viamao,VIA_L1,Maguary_Maracuja,12,0.0,0.0,0.0,0.0,0.0,21675.94
70,Viamao,VIA_L1,Maguary_Maracuja,13,0.0,0.0,15740.52,0.0,0.0,15740.52
70,Viamao,VIA_L1,Maguary_Maracuja,14,0.0,0.0,0.0,0.0,0.0,0.0
70,Viamao,VIA_L1,Maguary_Maracuja,15,0.0,0.0,12132.62,0.0,0.0,12132.62
70,Viamao,VIA_L1,Coca_Cola,1,0.0,0.0,0.0,0.0,0.0,0.0
70,Viamao,VIA_L1,Coca_Cola,2,0.0,0.0,0.0,0.0,0.0,0.0
70,Viamao,VIA_L1,Coca_Cola,3,0.0,0.0,0.0,0.0,0.0,0.0
70,Viamao,VIA_L1,Coca_Cola,4,0.0,0.0,0.0,0.0,0.0,11012.19
70,Viamao,VIA_L1,Coca_Cola,5,0.0,0.0,0.0,0.0,0.0,0.0
70,Viamao,VIA_L1,Coca_Cola,6,0.0,0.0,0.0,0.0,0.0,0.0
70,Viamao,VIA_L1,Coca_Cola,7,0.0,0.0,0.0,0.0,0.0,0.0
70,Viamao,VIA_L1,Coca_Cola,8,0.0,0.0,0.0,0.0,0.0,0.0
70,Viamao,VIA_L1,Coca_Cola,9,0.0,0.0,0.0,0.0,0.0,0.0
70,Viamao,VIA_L1,Coca_Cola,10,0.0,0.0,0.0,0.0,0.0,26965.78
70,Viamao,VIA_L1,Coca_Cola,11,0.0,0.0,0.0,0.0,0.0,0.0
70,Viamao,VIA_L1,Coca_Cola,12,0.0,0.0,8585.93,0.0,0.0,8585.93
70,Viamao,VIA_L1,Coca_Cola,13,0.0,0.0,0.0,0.0,0.0,0.0
70,Viamao,VIA_L1,Coca_Cola,14,0.0,0.0,0.0,0.0,0.0,0.0
70,Viamao,VIA_L1,Coca_Cola,15,0.0,0.0,0.0,0.0,0.0,0.0
70,Viamao,VIA_L1,H2OH_Limao,1,38064.0,0.0,0.0,0.0,38064.0,13624.48
70,Viamao,VIA_L1,H2OH_Limao,2,39096.0,0.0,0.0,0.0,39096.00000000001,0.0
70,Viamao,VIA_L1,H2OH_Limao,3,36144.0,0.0,0.0,0.0,36144.0,12261.93
70,Viamao,VIA_L1,H2OH_Limao,4,29879.6,0.0,0.0,0.0,29879.6,0.0
70,Viamao,VIA_L1,H2OH_Limao,5,18901.84,0.0,0.0,0.0,18901.84,0.0
70,Viamao,VIA_L1,H2OH_Limao,6,25533.340000000004,0.0,0.0,0.0,25533.340000000004,0.0
70,Viamao,VIA_L1,H2OH_Limao,7,39120.0,0.0,0.0,0.0,39120.0,0.0
70,Viamao,VIA_L1,H2OH_Limao,8,15136.060000000001,0.0,0.0,0.0,15136.060000000001,0.0
70,Viamao,VIA_L1,H2OH_Limao,9,7622.83,0.0,0.0,0.0,7622.83,0.0
70,Viamao,VIA_L1,H2OH_Limao,10,29073.41,0.0,0.0,0.0,29073.41,0.0
70,Viamao,VIA_L1,H2OH_Limao,11,20055.98,0.0,0.0,0.0,20055.98,0.0
70,Viamao,VIA_L1,H2OH_Limao,12,0.0,0.0,0.0,0.0,0.0,0.0
70,Viamao,VIA_L1,H2OH_Limao,13,13530.69,0.0,0.0,0.0,13530.69,0.0
70,Viamao,VIA_L1,H2OH_Limao,14,38138.66,0.0,0.0,0.0,38138.66,0.0
70,Viamao,VIA_L1,H2OH_Limao,15,37992.0,0.0,8502.93,0.0,29489.07,0.0
70,Viamao,VIA_L1,Schweppes_Citrus,1,0.0,0.0,0.0,0.0,0.0,42055.619999999995
70,Viamao,VIA_L1,Schweppes_Citrus,2,0.0,0.0,0.0,0.0,0.0,0.0
70,Viamao,VIA_L1,Schweppes_Citrus,3,0.0,0.0,0.0,0.0,0.0,0.0
70,Viamao,VIA_L1,Schweppes_Citrus,4,0.0,0.0,0.0,0.0,0.0,0.0
70,Viamao,VIA_L1,Schweppes_Citrus,5,0.0,0.0,0.0,0.0,0.0,0.0
70,Viamao,VIA_L1,Schweppes_Citrus,6,0.0,0.0,0.0,0.0,0.0,13244.65
70,Viamao,VIA_L1,Schweppes_Citrus,7,0.0,0.0,0.0,0.0,0.0,0.0
70,Viamao,VIA_L1,Schweppes_Citrus,8,0.0,0.0,0.0,0.0,0.0,0.0
70,Viamao,VIA_L1,Schweppes_Citrus,9,0.0,0.0,0.0,0.0,0.0,0.0
70,Viamao,VIA_L1,Schweppes_Citrus,10,0.0,0.0,0.0,0.0,0.0,0.0
70,Viamao,VIA_L1,Schweppes_Citrus,11,0.0,0.0,0.0,0.0,0.0,21196.4
70,Viamao,VIA_L1,Schweppes_Citrus,12,0.0,0.0,0.0,0.0,0.0,0.0
70,Viamao,VIA_L1,Schweppes_Citrus,13,0.0,0.0,0.0,0.0,0.0,0.0
70,Viamao,VIA_L1,Schweppes_Citrus,14,0.0,0.0,8595.97,0.0,0.0,8595.97
70,Viamao,VIA_L1,Schweppes_Citrus,15,0.0,0.0,0.0,0.0,0.0,0.0
70,Viamao,VIA_L1,Sprite,1,0.0,0.0,0.0,0.0,2390.849999999993,0.0
70,Viamao,VIA_L1,Sprite,2,0.0,0.0,0.0,0.0,0.0,0.0
70,Viamao,VIA_L1,Sprite,3,0.0,0.0,0.0,0.0,16504.809999999998,0.0
70,Viamao,VIA_L1,Sprite,4,0.0,0.0,0.0,0.0,22859.420000000002,0.0
70,Viamao,VIA_L1,Sprite,5,0.0,0.0,0.0,0.0,0.0,0.0
70,Viamao,VIA_L1,Sprite,6,0.0,0.0,0.0,0.0,0.0,0.0
70,Viamao,VIA_L1,Sprite,7,0.0,0.0,0.0,0.0,0.0,0.0
70,Viamao,VIA_L1,Sprite,8,0.0,0.0,0.0,0.0,0.0,0.0
70,Viamao,VIA_L1,Sprite,9,0.0,0.0,0.0,0.0,0.0,0.0
70,Viamao,VIA_L1,Sprite,10,0.0,0.0,0.0,0.0,0.0,0.0
70,Viamao,VIA_L1,Sprite,11,0.0,0.0,0.0,0.0,0.0,0.0
70,Viamao,VIA_L1,Sprite,12,0.0,0.0,0.0,0.0,0.0,0.0
70,Viamao,VIA_L1,Sprite,13,0.0,0.0,0.0,0.0,135.57,0.0
70,Viamao,VIA_L1,Sprite,14,0.0,0.0,0.0,0.0,0.0,0.0
70,Viamao,VIA_L1,Sprite,15,0.0,0.0,0.0,0.0,0.0,5065.05
70,Viamao,VIA_L1,Del_Valle_Uva,1,0.0,0.0,0.0,0.0,0.0,0.0
70,Viamao,VIA_L1,Del_Valle_Uva,2,0.0,0.0,0.0,0.0,0.0,0.0
70,Viamao,VIA_L1,Del_Valle_Uva,3,0.0,0.0,0.0,0.0,0.0,0.0
70,Viamao,VIA_L1,Del_Valle_Uva,4,0.0,0.0,0.0,0.0,0.0,0.0
70,Viamao,VIA_L1,Del_Valle_Uva,5,0.0,0.0,0.0,0.0,0.0,0.0
70,Viamao,VIA_L1,Del_Valle_Uva,6,0.0,0.0,0.0,0.0,0.0,0.0
70,Viamao,VIA_L1,Del_Valle_Uva,7,0.0,0.0,11570.57,0.0,0.0,11570.57
70,Viamao,VIA_L1,Del_Valle_Uva,8,0.0,0.0,0.0,0.0,0.0,16031.5
70,Viamao,VIA_L1,Del_Valle_Uva,9,0.0,0.0,0.0,0.0,0.0,0.0
70,Viamao,VIA_L1,Del_Valle_Uva,10,0.0,0.0,0.0,0.0,0.0,0.0
70,Viamao,VIA_L1,Del_Valle_Uva,11,0.0,0.0,0.0,0.0,0.0,0.0
70,Viamao,VIA_L1,Del_Valle_Uva,12,0.0,0.0,0.0,0.0,0.0,559.94
70,Viamao,VIA_L1,Del_Valle_Uva,13,0.0,0.0,0.0,0.0,0.0,0.0
70,Viamao,VIA_L1,Del_Valle_Uva,14,0.0,0.0,0.0,0.0,0.0,0.0
70,Viamao,VIA_L1,Del_Valle_Uva,15,0.0,0.0,0.0,0.0,0.0,26447.38
70,Viamao,VIA_L1,Pepsi,1,0.0,0.0,0.0,0.0,0.0,0.0
70,Viamao,VIA_L1,Pepsi,2,0.0,0.0,0.0,0.0,0.0,28190.92
70,Viamao,VIA_L1,Pepsi,3,0.0,0.0,0.0,0.0,0.0,0.0
70,Viamao,VIA_L1,Pepsi,4,0.0,0.0,0.0,0.0,0.0,0.0
70,Viamao,VIA_L1,Pepsi,5,0.0,0.0,10840.55,0.0,0.0,10840.55
70,Viamao,VIA_L1,Pepsi,6,0.0,0.0,7117.69,0.0,0.0,7117.69
70,Viamao,VIA_L1,Pepsi,7,0.0,0.0,0.0,0.0,0.0,0.0
70,Viamao,VIA_L1,Pepsi,8,0.0,0.0,0.0,0.0,0.0,0.0
70,Viamao,VIA_L1,Pepsi,9,0.0,0.0,0.0,0.0,0.0,0.0
70,Viamao,VIA_L1,Pepsi,10,0.0,0.0,0.0,0.0,0.0,0.0
70,Viamao,VIA_L1,Pepsi,11,0.0,0.0,0.0,0.0,0.0,0.0
70,Viamao,VIA_L1,Pepsi,12,0.0,0.0,0.0,0.0,0.0,0.0
70,Viamao,VIA_L1,Pepsi,13,0.0,0.0,0.0,0.0,0.0,0.0
70,Viamao,VIA_L1,Pepsi,14,0.0,0.0,0.0,0.0,0.0,0.0
70,Viamao,VIA_L1,Pepsi,15,0.0,0.0,0.0,0.0,0.0,0.0
70,Viamao,VIA_L2,Fanta_Laranja,1,0.0,0.0,0.0,0.0,0.0,0.0
70,Viamao,VIA_L2,Fanta_Laranja,2,0.0,0.0,0.0,0.0,0.0,0.0
70,Viamao,VIA_L2,Fanta_Laranja,3,0.0,0.0,0.0,0.0,0.0,0.0
70,Viamao,VIA_L2,Fanta_Laranja,4,0.0,0.0,0.0,0.0,0.0,0.0
70,Viamao,VIA_L2,Fanta_Laranja,5,0.0,0.0,0.0,0.0,0.0,10188.0
70,Viamao,VIA_L2,Fanta_Laranja,6,0.0,0.0,0.0,0.0,0.0,0.0
70,Viamao,VIA_L2,Fanta_Laranja,7,0.0,0.0,0.0,0.0,0.0,0.0
70,Viamao,VIA_L2,Fanta_Laranja,8,0.0,0.0,0.0,0.0,0.0,27664.99
70,Viamao,VIA_L2,Fanta_Laranja,9,0.0,0.0,0.0,0.0,0.0,0.0
70,Viamao,VIA_L2,Fanta_Laranja,10,0.0,0.0,0.0,0.0,0.0,0.0
70,Viamao,VIA_L2,Fanta_Laranja,11,0.0,0.0,0.0,0.0,0.0,6975.1
70,Viamao,VIA_L2,Fanta_Laranja,12,0.0,0.0,0.0,0.0,0.0,0.0
70,Viamao,VIA_L2,Fanta_Laranja,13,0.0,0.0,0.0,0.0,0.0,0.0
70,Viamao,VIA_L2,Fanta_Laranja,14,0.0,0.0,0.0,0.0,0.0,0.0
70,Viamao,VIA_L2,Fanta_Laranja,15,0.0,0.0,0.0,0.0,0.0,0.0
70,Viamao,VIA_L2,Itubaina,1,0.0,0.0,0.0,0.0,0.0,0.0
70,Viamao,VIA_L2,Itubaina,2,0.0,0.0,0.0,0.0,0.0,0.0
70,Viamao,VIA_L2,Itubaina,3,0.0,0.0,292.92,0.0,0.0,292.92
70,Viamao,VIA_L2,Itubaina,4,0.0,0.0,0.0,0.0,0.0,0.0
70,Viamao,VIA_L2,Itubaina,5,0.0,0.0,0.0,0.0,0.0,0.0
70,Viamao,VIA_L2,Itubaina,6,0.0,0.0,0.0,0.0,0.0,0.0
70,Viamao,VIA_L2,Itubaina,7,0.0,0.0,0.0,0.0,0.0,0.0
70,Viamao,VIA_L2,Itubaina,8,0.0,0.0,0.0,0.0,0.0,0.0
70,Viamao,VIA_L2,Itubaina,9,0.0,0.0,0.0,0.0,0.0,753.13
70,Viamao,VIA_L2,Itubaina,10,0.0,0.0,0.0,0.0,0.0,0.0
70,Viamao,VIA_L2,Itubaina,11,0.0,0.0,0.0,0.0,0.0,0.0
70,Viamao,VIA_L2,Itubaina,12,0.0,0.0,0.0,0.0,0.0,0.0
70,Viamao,VIA_L2,Itubaina,13,0.0,0.0,0.0,0.0,0.0,0.0
70,Viamao,VIA_L2,Itubaina,14,0.0,0.0,0.0,0.0,0.0,0.0
70,Viamao,VIA_L2,Itubaina,15,0.0,0.0,0.0,0.0,0.0,0.0
70,Viamao,VIA_L2,Skol_Lata,1,0.0,0.0,0.0,0.0,0.0,0.0
70,Viamao,VIA_L2,Skol_Lata,2,0.0,0.0,0.0,0.0,0.0,0.0
70,Viamao,VIA_L2,Skol_Lata,3,0.0,0.0,0.0,0.0,0.0,6138.02
70,Viamao,VIA_L2,Skol_Lata,4,0.0,0.0,0.0,0.0,0.0,0.0
70,Viamao,VIA_L2,Skol_Lata,5,0.0,0.0,0.0,0.0,0.0,0.0
70,Viamao,VIA_L2,Skol_Lata,6,0.0,0.0,0.0,0.0,0.0,0.0
70,Viamao,VIA_L2,Skol_Lata,7,0.0,0.0,0.0,0.0,0.0,0.0
70,Viamao,VIA_L2,Skol_Lata,8,0.0,0.0,14782.94,0.0,0.0,14782.94
70,Viamao,VIA_L2,Skol_Lata,9,0.0,0.0,0.0,0.0,0.0,0.0
70,Viamao,VIA_L2,Skol_Lata,10,0.0,0.0,0.0,0.0,0.0,0.0
70,Viamao,VIA_L2,Skol_Lata,11,0.0,0.0,0.0,0.0,0.0,0.0
70,Viamao,VIA_L2,Skol_Lata,12,0.0,0.0,0.0,0.0,0.0,0.0
70,Viamao,VIA_L2,Skol_Lata,13,0.0,0.0,0.0,0.0,0.0,0.0
70,Viamao,VIA_L2,Skol_Lata,14,0.0,0.0,0.0,0.0,0.0,0.0
70,Viamao,VIA_L2,Skol_Lata,15,0.0,0.0,0.0,0.0,0.0,5419.19
70,Viamao,VIA_L2,Heineken_Lata,1,0.0,0.0,0.0,0.0,0.0,0.0
70,Viamao,VIA_L2,Heineken_Lata,2,0.0,0.0,0.0,0.0,0.0,0.0
70,Viamao,VIA_L2,Heineken_Lata,3,0.0,0.0,0.0,0.0,0.0,0.0
70,Viamao,VIA_L2,Heineken_Lata,4,0.0,0.0,0.0,0.0,0.0,0.0
70,Viamao,VIA_L2,Heineken_Lata,5,0.0,0.0,0.0,0.0,0.0,0.0
70,Viamao,VIA_L2,Heineken_Lata,6,0.0,0.0,0.0,0.0,0.0,0.0
70,Viamao,VIA_L2,Heineken_Lata,7,0.0,0.0,0.0,0.0,0.0,0.0
70,Viamao,VIA_L2,Heineken_Lata,8,0.0,0.0,12437.51,0.0,0.0,12437.51
70,Viamao,VIA_L2,Heineken_Lata,9,0.0,0.0,0.0,0.0,0.0,0.0
70,Viamao,VIA_L2,Heineken_Lata,10,0.0,0.0,0.0,0.0,0.0,0.0
70,Viamao,VIA_L2,Heineken_Lata,11,0.0,0.0,0.0,0.0,0.0,0.0
70,Viamao,VIA_L2,Heineken_Lata,12,0.0,0.0,0.0,0.0,0.0,0.0
70,Viamao,VIA_L2,Heineken_Lata,13,0.0,0.0,0.0,0.0,0.0,0.0
70,Viamao,VIA_L2,Heineken_Lata,14,0.0,0.0,0.0,0.0,0.0,0.0
70,Viamao,VIA_L2,Heineken_Lata,15,0.0,0.0,0.0,0.0,0.0,0.0
70,Viamao,VIA_L2,Coca_Cola_Zero,1,0.0,0.0,0.0,0.0,0.0,0.0
70,Viamao,VIA_L2,Coca_Cola_Zero,2,0.0,0.0,0.0,0.0,0.0,0.0
70,Viamao,VIA_L2,Coca_Cola_Zero,3,0.0,0.0,0.0,0.0,0.0,0.0
70,Viamao,VIA_L2,Coca_Cola_Zero,4,0.0,0.0,0.0,0.0,0.0,0.0
70,Viamao,VIA_L2,Coca_Cola_Zero,5,0.0,0.0,0.0,0.0,0.0,0.0
70,Viamao,VIA_L2,Coca_Cola_Zero,6,0.0,0.0,0.0,0.0,0.0,7069.52
70,Viamao,VIA_L2,Coca_Cola_Zero,7,0.0,0.0,0.0,0.0,0.0,0.0
70,Viamao,VIA_L2,Coca_Cola_Zero,8,0.0,0.0,0.0,0.0,0.0,3092.84
70,Viamao,VIA_L2,Coca_Cola_Zero,9,0.0,0.0,27523.11,0.0,0.0,27523.11
70,Viamao,VIA_L2,Coca_Cola_Zero,10,0.0,0.0,0.0,0.0,0.0,0.0
70,Viamao,VIA_L2,Coca_Cola_Zero,11,10366.92,0.0,0.0,0.0,10366.92,0.0
70,Viamao,VIA_L2,Coca_Cola_Zero,12,14494.229999999996,0.0,0.0,0.0,14494.229999999998,0.0
70,Viamao,VIA_L2,Coca_Cola_Zero,13,0.0,0.0,0.0,0.0,0.0,0.0
70,Viamao,VIA_L2,Coca_Cola_Zero,14,0.0,0.0,0.0,0.0,0.0,0.0
70,Viamao,VIA_L2,Coca_Cola_Zero,15,0.0,0.0,0.0,0.0,0.0,0.0
70,Viamao,VIA_L2,Antarctica_Lata,1,0.0,0.0,0.0,0.0,0.0,0.0
70,Viamao,VIA_L2,Antarctica_Lata,2,0.0,0.0,0.0,0.0,0.0,0.0
70,Viamao,VIA_L2,Antarctica_Lata,3,0.0,0.0,0.0,0.0,0.0,0.0
70,Viamao,VIA_L2,Antarctica_Lata,4,0.0,0.0,0.0,0.0,0.0,0.0
70,Viamao,VIA_L2,Antarctica_Lata,5,0.0,0.0,0.0,0.0,0.0,28240.34
70,Viamao,VIA_L2,Antarctica_Lata,6,0.0,0.0,0.0,0.0,0.0,0.0
70,Viamao,VIA_L2,Antarctica_Lata,7,0.0,0.0,0.0,0.0,0.0,0.0
70,Viamao,VIA_L2,Antarctica_Lata,8,0.0,0.0,0.0,0.0,0.0,0.0
70,Viamao,VIA_L2,Antarctica_Lata,9,0.0,0.0,0.0,0.0,0.0,17493.86
70,Viamao,VIA_L2,Antarctica_Lata,10,0.0,0.0,0.0,0.0,0.0,0.0
70,Viamao,VIA_L2,Antarctica_Lata,11,0.0,0.0,0.0,0.0,0.0,0.0
70,Viamao,VIA_L2,Antarctica_Lata,12,0.0,0.0,0.0,0.0,0.0,0.0
70,Viamao,VIA_L2,Antarctica_Lata,13,0.0,0.0,0.0,0.0,0.0,0.0
70,Viamao,VIA_L2,Antarctica_Lata,14,0.0,0.0,0.0,0.0,0.0,15535.119999999999
70,Viamao,VIA_L2,Antarctica_Lata,15,0.0,0.0,0.0,0.0,0.0,0.0
70,Viamao,VIA_L2,Spaten_Lata,1,0.0,0.0,0.0,0.0,0.0,0.0
70,Viamao,VIA_L2,Spaten_Lata,2,0.0,0.0,0.0,0.0,0.0,0.0
70,Viamao,VIA_L2,Spaten_Lata,3,0.0,0.0,0.0,0.0,0.0,0.0
70,Viamao,VIA_L2,Spaten_Lata,4,0.0,0.0,0.0,0.0,0.0,12282.01
70,Viamao,VIA_L2,Spaten_Lata,5,0.0,0.0,0.0,0.0,0.0,0.0
70,Viamao,VIA_L2,Spaten_Lata,6,0.0,0.0,0.0,0.0,0.0,0.0
70,Viamao,VIA_L2,Spaten_Lata,7,0.0,0.0,0.0,0.0,0.0,0.0
70,Viamao,VIA_L2,Spaten_Lata,8,0.0,0.0,0.0,0.0,0.0,0.0
70,Viamao,VIA_L2,Spaten_Lata,9,0.0,0.0,0.0,0.0,0.0,7167.34
70,Viamao,VIA_L2,Spaten_Lata,10,0.0,0.0,0.0,0.0,0.0,0.0
70,Viamao,VIA_L2,Spaten_Lata,11,0.0,0.0,0.0,0.0,0.0,0.0
70,Viamao,VIA_L2,Spaten_Lata,12,0.0,0.0,0.0,0.0,0.0,0.0
70,Viamao,VIA_L2,Spaten_Lata,13,0.0,0.0,0.0,0.0,0.0,10806.09
70,Viamao,VIA_L2,Spaten_Lata,14,0.0,0.0,0.0,0.0,0.0,0.0
70,Viamao,VIA_L2,Spaten_Lata,15,0.0,0.0,0.0,0.0,0.0,0.0
70,Viamao,VIA_L2,Maguary_Caju,1,0.0,0.0,0.0,0.0,0.0,0.0
70,Viamao,VIA_L2,Maguary_Caju,2,0.0,0.0,0.0,0.0,0.0,0.0
70,Viamao,VIA_L2,Maguary_Caju,3,0.0,0.0,0.0,0.0,0.0,19979.54
70,Viamao,VIA_L2,Maguary_Caju,4,0.0,0.0,0.0,0.0,0.0,0.0
70,Viamao,VIA_L2,Maguary_Caju,5,0.0,0.0,0.0,0.0,0.0,11448.14
70,Viamao,VIA_L2,Maguary_Caju,6,0.0,0.0,0.0,0.0,0.0,19367.43
70,Viamao,VIA_L2,Maguary_Caju,7,0.0,0.0,0.0,0.0,0.0,0.0
70,Viamao,VIA_L2,Maguary_Caju,8,0.0,0.0,0.0,0.0,0.0,0.0
70,Viamao,VIA_L2,Maguary_Caju,9,0.0,0.0,0.0,0.0,0.0,9618.33
70,Viamao,VIA_L2,Maguary_Caju,10,0.0,0.0,0.0,0.0,0.0,0.0
70,Viamao,VIA_L2,Maguary_Caju,11,0.0,0.0,0.0,0.0,0.0,0.0
70,Viamao,VIA_L2,Maguary_Caju,12,0.0,0.0,0.0,0.0,0.0,17998.11
70,Viamao,VIA_L2,Maguary_Caju,13,0.0,0.0,0.0,0.0,0.0,0.0
70,Viamao,VIA_L2,Maguary_Caju,14,0.0,0.0,0.0,0.0,0.0,0.0
70,Viamao,VIA_L2,Maguary_Caju,15,0.0,0.0,0.0,0.0,0.0,0.0
70,Viamao,VIA_L2,Del_Valle_Pessego,1,0.0,0.0,0.0,0.0,0.0,27321.76
70,Viamao,VIA_L2,Del_Valle_Pessego,2,0.0,0.0,0.0,0.0,0.0,0.0
70,Viamao,VIA_L2,Del_Valle_Pessego,3,0.0,0.0,0.0,0.0,0.0,0.0
70,Viamao,VIA_L2,Del_Valle_Pessego,4,0.0,0.0,0.0,0.0,0.0,0.0
70,Viamao,VIA_L2,Del_Valle_Pessego,5,0.0,0.0,12472.13,0.0,0.0,12472.13
70,Viamao,VIA_L2,Del_Valle_Pessego,6,0.0,0.0,0.0,0.0,0.0,0.0
70,Viamao,VIA_L2,Del_Valle_Pessego,7,0.0,0.0,0.0,0.0,0.0,0.0
70,Viamao,VIA_L2,Del_Valle_Pessego,8,0.0,0.0,0.0,0.0,0.0,0.0
70,Viamao,VIA_L2,Del_Valle_Pessego,9,0.0,0.0,0.0,0.0,0.0,0.0
70,Viamao,VIA_L2,Del_Valle_Pessego,10,0.0,0.0,0.0,0.0,0.0,0.0
70,Viamao,VIA_L2,Del_Valle_Pessego,11,0.0,0.0,25832.65,0.0,0.0,25832.65
70,Viamao,VIA_L2,Del_Valle_Pessego,12,0.0,0.0,0.0,0.0,0.0,0.0
70,Viamao,VIA_L2,Del_Valle_Pessego,13,0.0,0.0,0.0,0.0,0.0,0.0
70,Viamao,VIA_L2,Del_Valle_Pessego,14,0.0,0.0,0.0,0.0,0.0,0.0
70,Viamao,VIA_L2,Del_Valle_Pessego,15,0.0,0.0,0.0,0.0,0.0,0.0
70,Viamao,VIA_L2,Stella_Artois_Pure_Gold,1,0.0,14818.48,0.0,0.0,0.0,14818.48
70,Viamao,VIA_L2,Stella_Artois_Pure_Gold,2,0.0,0.0,16741.64,0.0,0.0,1923.1599999999999
70,Viamao,VIA_L2,Stella_Artois_Pure_Gold,3,0.0,20282.14,0.0,0.0,0.0,20282.14
70,Viamao,VIA_L2,Stella_Artois_Pure_Gold,4,0.0,0.0,0.0,0.0,20282.14,29617.73
70,Viamao,VIA_L2,Stella_Artois_Pure_Gold,5,0.0,0.0,0.0,0.0,0.0,0.0
70,Viamao,VIA_L2,Stella_Artois_Pure_Gold,6,0.0,0.0,0.0,0.0,0.0,0.0
70,Viamao,VIA_L2,Stella_Artois_Pure_Gold,7,0.0,18579.629999999997,0.0,0.0,0.0,18579.629999999997
70,Viamao,VIA_L2,Stella_Artois_Pure_Gold,8,0.0,0.0,0.0,0.0,18579.629999999997,0.0
70,Viamao,VIA_L2,Stella_Artois_Pure_Gold,9,0.0,0.0,0.0,0.0,0.0,0.0
70,Viamao,VIA_L2,Stella_Artois_Pure_Gold,10,0.0,22122.389999999992,0.0,0.0,0.0,22122.389999999992
70,Viamao,VIA_L2,Stella_Artois_Pure_Gold,11,0.0,0.0,0.0,0.0,22122.389999999992,2373.44
70,Viamao,VIA_L2,Stella_Artois_Pure_Gold,12,0.0,0.0,7195.4,0.0,0.0,7195.4
70,Viamao,VIA_L2,Stella_Artois_Pure_Gold,13,0.0,25336.19,0.0,0.0,0.0,25336.19
70,Viamao,VIA_L2,Stella_Artois_Pure_Gold,14,0.0,0.0,0.0,0.0,25336.19,7781.38
70,Viamao,VIA_L2,Stella_Artois_Pure_Gold,15,0.0,0.0,0.0,0.0,0.0,0.0
70,Viamao,VIA_L2,Sprite_Zero,1,0.0,0.0,0.0,0.0,0.0,0.0
70,Viamao,VIA_L2,Sprite_Zero,2,0.0,0.0,10213.23,0.0,0.0,10213.23
70,Viamao,VIA_L2,Sprite_Zero,3,0.0,0.0,0.0,0.0,0.0,0.0
70,Viamao,VIA_L2,Sprite_Zero,4,0.0,0.0,0.0,0.0,0.0,0.0
70,Viamao,VIA_L2,Sprite_Zero,5,0.0,0.0,0.0,0.0,0.0,0.0
70,Viamao,VIA_L2,Sprite_Zero,6,0.0,0.0,0.0,0.0,0.0,0.0
70,Viamao,VIA_L2,Sprite_Zero,7,0.0,0.0,0.0,0.0,0.0,15812.81
70,Viamao,VIA_L2,Sprite_Zero,8,0.0,0.0,0.0,0.0,0.0,0.0
70,Viamao,VIA_L2,Sprite_Zero,9,0.0,0.0,0.0,0.0,0.0,0.0
70,Viamao,VIA_L2,Sprite_Zero,10,0.0,0.0,0.0,0.0,0.0,0.0
70,Viamao,VIA_L2,Sprite_Zero,11,0.0,0.0,0.0,0.0,0.0,0.0
70,Viamao,VIA_L2,Sprite_Zero,12,0.0,0.0,0.0,0.0,0.0,0.0
70,Viamao,VIA_L2,Sprite_Zero,13,0.0,0.0,0.0,0.0,0.0,0.0
70,Viamao,VIA_L2,Sprite_Zero,14,0.0,0.0,0.0,0.0,0.0,21537.21
70,Viamao,VIA_L2,Sprite_Zero,15,0.0,0.0,0.0,0.0,0.0,0.0
70,Viamao,VIA_L2,Kuat,1,8669.35000000001,8669.350000000011,0.0,0.0,0.0,0.0
70,Viamao,VIA_L2,Kuat,2,39468.060000000005,0.0,0.0,0.0,48137.41000000002,0.0
70,Viamao,VIA_L2,Kuat,3,22063.190000000002,0.0,0.0,0.0,22063.190000000002,0.0
70,Viamao,VIA_L2,Kuat,4,13117.669999999993,0.0,0.0,0.0,13117.669999999993,0.0
70,Viamao,VIA_L2,Kuat,5,34000.8,0.0,14108.92,0.0,19891.880000000005,0.0
70,Viamao,VIA_L2,Kuat,6,42168.0,0.0,0.0,0.0,42168.0,0.0
70,Viamao,VIA_L2,Kuat,7,11170.040000000003,0.0,0.0,0.0,11170.04,0.0
70,Viamao,VIA_L2,Kuat,8,12136.719999999992,0.0,0.0,0.0,12136.719999999994,0.0
70,Viamao,VIA_L2,Kuat,9,38664.0,30957.799999999996,0.0,0.0,7706.200000000006,0.0
70,Viamao,VIA_L2,Kuat,10,38424.0,0.0,0.0,0.0,69381.79999999999,0.0
70,Viamao,VIA_L2,Kuat,11,26593.08,0.0,0.0,0.0,26593.08,0.0
70,Viamao,VIA_L2,Kuat,12,22393.77,0.0,0.0,0.0,22393.77,0.0
70,Viamao,VIA_L2,Kuat,13,23720.72,0.0,0.0,0.0,23720.72,0.0
70,Viamao,VIA_L2,Kuat,14,0.0,0.0,0.0,0.0,0.0,0.0
70,Viamao,VIA_L2,Kuat,15,24222.34,0.0,0.0,0.0,24222.340000000004,0.0
70,Viamao,VIA_L2,Sukita_Laranja,1,0.0,0.0,0.0,0.0,0.0,0.0
70,Viamao,VIA_L2,Sukita_Laranja,2,0.0,0.0,0.0,0.0,0.0,0.0
70,Viamao,VIA_L2,Sukita_Laranja,3,0.0,0.0,0.0,0.0,0.0,0.0
70,Viamao,VIA_L2,Sukita_Laranja,4,0.0,0.0,0.0,0.0,0.0,0.0
70,Viamao,VIA_L2,Sukita_Laranja,5,0.0,0.0,0.0,0.0,0.0,0.0
70,Viamao,VIA_L2,Sukita_Laranja,6,0.0,0.0,0.0,0.0,0.0,10140.53
70,Viamao,VIA_L2,Sukita_Laranja,7,0.0,0.0,0.0,0.0,0.0,0.0
70,Viamao,VIA_L2,Sukita_Laranja,8,0.0,0.0,0.0,0.0,0.0,0.0
70,Viamao,VIA_L2,Sukita_Laranja,9,0.0,0.0,0.0,0.0,0.0,0.0
70,Viamao,VIA_L2,Sukita_Laranja,10,0.0,0.0,0.0,0.0,0.0,0.0
70,Viamao,VIA_L2,Sukita_Laranja,11,0.0,0.0,0.0,0.0,0.0,0.0
70,Viamao,VIA_L2,Sukita_Laranja,12,0.0,0.0,0.0,0.0,0.0,0.0
70,Viamao,VIA_L2,Sukita_Laranja,13,0.0,0.0,0.0,0.0,0.0,0.0
70,Viamao,VIA_L2,Sukita_Laranja,14,0.0,0.0,0.0,0.0,0.0,0.0
70,Viamao,VIA_L2,Sukita_Laranja,15,0.0,0.0,0.0,0.0,0.0,0.0
70,Viamao,VIA_L2,Budweiser_Lata,1,0.0,0.0,0.0,0.0,0.0,0.0
70,Viamao,VIA_L2,Budweiser_Lata,2,0.0,0.0,0.0,0.0,0.0,0.0
70,Viamao,VIA_L2,Budweiser_Lata,3,0.0,0.0,0.0,0.0,0.0,11011.89
70,Viamao,VIA_L2,Budweiser_Lata,4,0.0,0.0,0.0,0.0,0.0,0.0
70,Viamao,VIA_L2,Budweiser_Lata,5,0.0,0.0,0.0,0.0,0.0,0.0
70,Viamao,VIA_L2,Budweiser_Lata,6,0.0,0.0,0.0,0.0,0.0,0.0
70,Viamao,VIA_L2,Budweiser_Lata,7,0.0,0.0,0.0,0.0,0.0,0.0
70,Viamao,VIA_L2,Budweiser_Lata,8,0.0,0.0,0.0,0.0,0.0,0.0
70,Viamao,VIA_L2,Budweiser_Lata,9,0.0,0.0,0.0,0.0,0.0,0.0
70,Viamao,VIA_L2,Budweiser_Lata,10,0.0,0.0,0.0,0.0,0.0,33135.64
70,Viamao,VIA_L2,Budweiser_Lata,11,0.0,0.0,0.0,0.0,0.0,0.0
70,Viamao,VIA_L2,Budweiser_Lata,12,0.0,0.0,0.0,0.0,0.0,0.0
70,Viamao,VIA_L2,Budweiser_Lata,13,0.0,0.0,0.0,0.0,0.0,0.0
70,Viamao,VIA_L2,Budweiser_Lata,14,0.0,0.0,0.0,0.0,0.0,0.0
70,Viamao,VIA_L2,Budweiser_Lata,15,0.0,0.0,21017.15,0.0,0.0,21017.15
70,Viamao,VIA_L2,Guarana_Antarctica_Zero,1,0.0,0.0,0.0,0.0,0.0,0.0
70,Viamao,VIA_L2,Guarana_Antarctica_Zero,2,0.0,0.0,0.0,0.0,0.0,28588.13
70,Viamao,VIA_L2,Guarana_Antarctica_Zero,3,0.0,0.0,0.0,0.0,0.0,0.0
70,Viamao,VIA_L2,Guarana_Antarctica_Zero,4,0.0,0.0,0.0,0.0,0.0,0.0
70,Viamao,VIA_L2,Guarana_Antarctica_Zero,5,0.0,0.0,0.0,0.0,0.0,0.0
70,Viamao,VIA_L2,Guarana_Antarctica_Zero,6,0.0,0.0,0.0,0.0,0.0,0.0
70,Viamao,VIA_L2,Guarana_Antarctica_Zero,7,0.0,0.0,0.0,0.0,0.0,0.0
70,Viamao,VIA_L2,Guarana_Antarctica_Zero,8,0.0,0.0,0.0,0.0,0.0,0.0
70,Viamao,VIA_L2,Guarana_Antarctica_Zero,9,0.0,0.0,0.0,0.0,0.0,0.0
70,Viamao,VIA_L2,Guarana_Antarctica_Zero,10,0.0,0.0,0.0,0.0,0.0,0.0
70,Viamao,VIA_L2,Guarana_Antarctica_Zero,11,0.0,0.0,0.0,0.0,0.0,0.0
70,Viamao,VIA_L2,Guarana_Antarctica_Zero,12,0.0,0.0,18975.86,0.0,0.0,18975.86
70,Viamao,VIA_L2,Guarana_Antarctica_Zero,13,0.0,0.0,0.0,0.0,0.0,0.0
70,Viamao,VIA_L2,Guarana_Antarctica_Zero,14,0.0,0.0,0.0,0.0,0.0,0.0
70,Viamao,VIA_L2,Guarana_Antarctica_Zero,15,0.0,0.0,0.0,0.0,0.0,0.0
70,Viamao,VIA_L2,Itaipava_Lata,1,0.0,0.0,0.0,0.0,0.0,0.0
70,Viamao,VIA_L2,Itaipava_Lata,2,0.0,0.0,0.0,0.0,0.0,0.0
70,Viamao,VIA_L2,Itaipava_Lata,3,0.0,0.0,0.0,0.0,0.0,0.0
70,Viamao,VIA_L2,Itaipava_Lata,4,0.0,0.0,0.0,0.0,0.0,0.0
70,Viamao,VIA_L2,Itaipava_Lata,5,0.0,0.0,0.0,0.0,0.0,0.0
70,Viamao,VIA_L2,Itaipava_Lata,6,0.0,0.0,0.0,0.0,0.0,0.0
70,Viamao,VIA_L2,Itaipava_Lata,7,0.0,0.0,0.0,0.0,0.0,27152.62
70,Viamao,VIA_L2,Itaipava_Lata,8,0.0,0.0,0.0,0.0,0.0,0.0
70,Viamao,VIA_L2,Itaipava_Lata,9,0.0,0.0,0.0,0.0,0.0,0.0
70,Viamao,VIA_L2,Itaipava_Lata,10,0.0,0.0,0.0,0.0,0.0,0.0
70,Viamao,VIA_L2,Itaipava_Lata,11,0.0,0.0,0.0,0.0,0.0,0.0
70,Viamao,VIA_L2,Itaipava_Lata,12,0.0,0.0,0.0,0.0,0.0,0.0
70,Viamao,VIA_L2,Itaipava_Lata,13,0.0,0.0,0.0,0.0,0.0,7072.78
70,Viamao,VIA_L2,Itaipava_Lata,14,0.0,0.0,29301.44,0.0,0.0,29301.44
70,Viamao,VIA_L2,Itaipava_Lata,15,0.0,0.0,0.0,0.0,0.0,0.0
70,Viamao,VIA_L2,Brahma_Lata,1,0.0,0.0,0.0,0.0,0.0,0.0
70,Viamao,VIA_L2,Brahma_Lata,2,0.0,0.0,0.0,0.0,0.0,0.0
70,Viamao,VIA_L2,Brahma_Lata,3,0.0,0.0,15253.62,0.0,0.0,29088.79
70,Viamao,VIA_L2,Brahma_Lata,4,0.0,0.0,0.0,0.0,0.0,0.0
70,Viamao,VIA_L2,Brahma_Lata,5,0.0,0.0,0.0,0.0,0.0,0.0
70,Viamao,VIA_L2,Brahma_Lata,6,0.0,0.0,0.0,0.0,0.0,0.0
70,Viamao,VIA_L2,Brahma_Lata,7,0.0,0.0,0.0,0.0,0.0,0.0
70,Viamao,VIA_L2,Brahma_Lata,8,0.0,0.0,0.0,0.0,0.0,0.0
70,Viamao,VIA_L2,Brahma_Lata,9,0.0,0.0,0.0,0.0,0.0,0.0
70,Viamao,VIA_L2,Brahma_Lata,10,0.0,0.0,0.0,0.0,0.0,0.0
70,Viamao,VIA_L2,Brahma_Lata,11,0.0,0.0,0.0,0.0,0.0,0.0
70,Viamao,VIA_L2,Brahma_Lata,12,0.0,0.0,0.0,0.0,0.0,0.0
70,Viamao,VIA_L2,Brahma_Lata,13,0.0,0.0,0.0,0.0,0.0,0.0
70,Viamao,VIA_L2,Brahma_Lata,14,0.0,0.0,0.0,0.0,0.0,0.0
70,Viamao,VIA_L2,Brahma_Lata,15,0.0,0.0,0.0,0.0,0.0,0.0
70,Viamao,VIA_L2,Eisenbahn_Pilsen,1,0.0,0.0,0.0,0.0,0.0,0.0
70,Viamao,VIA_L2,Eisenbahn_Pilsen,2,0.0,0.0,0.0,0.0,0.0,0.0
70,Viamao,VIA_L2,Eisenbahn_Pilsen,3,0.0,0.0,0.0,0.0,0.0,0.0
70,Viamao,VIA_L2,Eisenbahn_Pilsen,4,0.0,0.0,0.0,0.0,0.0,0.0
70,Viamao,VIA_L2,Eisenbahn_Pilsen,5,0.0,0.0,0.0,0.0,0.0,0.0
70,Viamao,VIA_L2,Eisenbahn_Pilsen,6,0.0,0.0,0.0,0.0,0.0,0.0
70,Viamao,VIA_L2,Eisenbahn_Pilsen,7,0.0,0.0,0.0,0.0,0.0,0.0
70,Viamao,VIA_L2,Eisenbahn_Pilsen,8,0.0,0.0,0.0,0.0,0.0,0.0
70,Viamao,VIA_L2,Eisenbahn_Pilsen,9,0.0,0.0,0.0,0.0,0.0,0.0
70,Viamao,VIA_L2,Eisenbahn_Pilsen,10,0.0,0.0,0.0,0.0,0.0,0.0
70,Viamao,VIA_L2,Eisenbahn_Pilsen,11,0.0,0.0,0.0,0.0,0.0,0.0
70,Viamao,VIA_L2,Eisenbahn_Pilsen,12,0.0,0.0,0.0,0.0,0.0,0.0
70,Viamao,VIA_L2,Eisenbahn_Pilsen,13,0.0,0.0,0.0,0.0,0.0,0.0
70,Viamao,VIA_L2,Eisenbahn_Pilsen,14,0.0,0.0,0.0,0.0,0.0,0.0
70,Viamao,VIA_L2,Eisenbahn_Pilsen,15,0.0,0.0,0.0,0.0,0.0,0.0
70,Viamao,VIA_L2,Pepsi_Black,1,28491.800000000003,0.0,0.0,0.0,28491.800000000003,0.0
70,Viamao,VIA_L2,Pepsi_Black,2,299.94,0.0,0.0,0.0,299.94,299.94
70,Viamao,VIA_L2,Pepsi_Black,3,0.0,0.0,0.0,0.0,0.0,0.0
70,Viamao,VIA_L2,Pepsi_Black,4,0.0,0.0,0.0,0.0,0.0,0.0
70,Viamao,VIA_L2,Pepsi_Black,5,4087.199999999997,0.0,0.0,0.0,4087.199999999997,0.0
70,Viamao,VIA_L2,Pepsi_Black,6,0.0,0.0,15260.52,0.0,0.0,15260.52
70,Viamao,VIA_L2,Pepsi_Black,7,26245.96,0.0,26245.96,0.0,0.0,0.0
70,Viamao,VIA_L2,Pepsi_Black,8,26719.280000000002,0.0,0.0,0.0,26719.280000000002,0.0
70,Viamao,VIA_L2,Pepsi_Black,9,0.0,0.0,0.0,0.0,0.0,0.0
70,Viamao,VIA_L2,Pepsi_Black,10,0.0,0.0,0.0,0.0,0.0,0.0
70,Viamao,VIA_L2,Pepsi_Black,11,0.0,0.0,0.0,0.0,0.0,0.0
70,Viamao,VIA_L2,Pepsi_Black,12,0.0,0.0,0.0,0.0,0.0,0.0
70,Viamao,VIA_L2,Pepsi_Black,13,15263.71,0.0,0.0,0.0,15263.71,6782.61
70,Viamao,VIA_L2,Pepsi_Black,14,27315.230000000007,0.0,0.0,0.0,27315.230000000003,0.0
70,Viamao,VIA_L2,Pepsi_Black,15,12233.660000000003,0.0,0.0,0.0,12233.660000000002,0.0
70,Viamao,VIA_L2,Guarana_Antarctica,1,0.0,0.0,0.0,0.0,0.0,0.0
70,Viamao,VIA_L2,Guarana_Antarctica,2,0.0,0.0,0.0,0.0,0.0,0.0
70,Viamao,VIA_L2,Guarana_Antarctica,3,0.0,0.0,0.0,0.0,0.0,0.0
70,Viamao,VIA_L2,Guarana_Antarctica,4,0.0,0.0,0.0,0.0,0.0,0.0
70,Viamao,VIA_L2,Guarana_Antarctica,5,0.0,0.0,0.0,0.0,0.0,0.0
70,Viamao,VIA_L2,Guarana_Antarctica,6,0.0,0.0,0.0,0.0,0.0,0.0
70,Viamao,VIA_L2,Guarana_Antarctica,7,0.0,0.0,0.0,0.0,0.0,0.0
70,Viamao,VIA_L2,Guarana_Antarctica,8,0.0,0.0,0.0,0.0,0.0,9606.0
70,Viamao,VIA_L2,Guarana_Antarctica,9,0.0,0.0,0.0,0.0,0.0,0.0
70,Viamao,VIA_L2,Guarana_Antarctica,10,0.0,0.0,0.0,0.0,0.0,3203.59
70,Viamao,VIA_L2,Guarana_Antarctica,11,0.0,0.0,0.0,0.0,0.0,0.0
70,Viamao,VIA_L2,Guarana_Antarctica,12,0.0,0.0,0.0,0.0,0.0,0.0
70,Viamao,VIA_L2,Guarana_Antarctica,13,0.0,0.0,0.0,0.0,0.0,0.0
70,Viamao,VIA_L2,Guarana_Antarctica,14,0.0,0.0,0.0,0.0,0.0,0.0
70,Viamao,VIA_L2,Guarana_Antarctica,15,0.0,0.0,0.0,0.0,0.0,0.0
70,Viamao,VIA_L2,Amstel_Lata,1,0.0,0.0,0.0,0.0,0.0,0.0
70,Viamao,VIA_L2,Amstel_Lata,2,0.0,0.0,0.0,0.0,0.0,0.0
70,Viamao,VIA_L2,Amstel_Lata,3,0.0,0.0,0.0,0.0,0.0,0.0
70,Viamao,VIA_L2,Amstel_Lata,4,0.0,0.0,0.0,0.0,0.0,2123.649999999996
70,Viamao,VIA_L2,Amstel_Lata,5,0.0,0.0,0.0,0.0,0.0,4059.7900000000036
70,Viamao,VIA_L2,Amstel_Lata,6,0.0,0.0,0.0,0.0,0.0,0.0
70,Viamao,VIA_L2,Amstel_Lata,7,0.0,0.0,0.0,0.0,0.0,0.0
70,Viamao,VIA_L2,Amstel_Lata,8,0.0,0.0,0.0,0.0,0.0,0.0
70,Viamao,VIA_L2,Amstel_Lata,9,0.0,0.0,0.0,0.0,0.0,7861.019999999997
70,Viamao,VIA_L2,Amstel_Lata,10,0.0,0.0,0.0,0.0,0.0,0.0
70,Viamao,VIA_L2,Amstel_Lata,11,0.0,0.0,0.0,0.0,0.0,12143.820000000003
70,Viamao,VIA_L2,Amstel_Lata,12,0.0,0.0,0.0,0.0,0.0,0.0
70,Viamao,VIA_L2,Amstel_Lata,13,0.0,0.0,24092.51,0.0,0.0,39045.259999999995
70,Viamao,VIA_L2,Amstel_Lata,14,0.0,0.0,0.0,0.0,0.0,0.0
70,Viamao,VIA_L2,Amstel_Lata,15,0.0,0.0,0.0,0.0,0.0,0.0
70,Viamao,VIA_L2,Del_Valle_Laranja,1,0.0,0.0,0.0,0.0,0.0,0.0
70,Viamao,VIA_L2,Del_Valle_Laranja,2,0.0,0.0,0.0,0.0,0.0,0.0
70,Viamao,VIA_L2,Del_Valle_Laranja,3,0.0,0.0,0.0,0.0,0.0,0.0
70,Viamao,VIA_L2,Del_Valle_Laranja,4,0.0,0.0,12819.94,0.0,0.0,12819.94
70,Viamao,VIA_L2,Del_Valle_Laranja,5,0.0,0.0,0.0,0.0,0.0,0.0
70,Viamao,VIA_L2,Del_Valle_Laranja,6,0.0,0.0,0.0,0.0,0.0,0.0
70,Viamao,VIA_L2,Del_Valle_Laranja,7,0.0,0.0,0.0,0.0,0.0,0.0
70,Viamao,VIA_L2,Del_Valle_Laranja,8,0.0,0.0,0.0,0.0,0.0,0.0
70,Viamao,VIA_L2,Del_Valle_Laranja,9,0.0,0.0,0.0,0.0,0.0,0.0
70,Viamao,VIA_L2,Del_Valle_Laranja,10,0.0,0.0,0.0,0.0,0.0,0.0
70,Viamao,VIA_L2,Del_Valle_Laranja,11,0.0,0.0,0.0,0.0,0.0,0.0
70,Viamao,VIA_L2,Del_Valle_Laranja,12,0.0,0.0,0.0,0.0,0.0,0.0
70,Viamao,VIA_L2,Del_Valle_Laranja,13,0.0,0.0,2258.58,0.0,0.0,2258.58
70,Viamao,VIA_L2,Del_Valle_Laranja,14,0.0,0.0,0.0,0.0,0.0,0.0
70,Viamao,VIA_L2,Del_Valle_Laranja,15,0.0,0.0,0.0,0.0,0.0,0.0
70,Viamao,VIA_L2,Fanta_Uva,1,0.0,0.0,0.0,0.0,0.0,0.0
70,Viamao,VIA_L2,Fanta_Uva,2,0.0,0.0,0.0,0.0,0.0,0.0
70,Viamao,VIA_L2,Fanta_Uva,3,0.0,0.0,0.0,0.0,0.0,2273.28
70,Viamao,VIA_L2,Fanta_Uva,4,0.0,0.0,0.0,0.0,0.0,0.0
70,Viamao,VIA_L2,Fanta_Uva,5,0.0,0.0,0.0,0.0,0.0,0.0
70,Viamao,VIA_L2,Fanta_Uva,6,0.0,0.0,0.0,0.0,0.0,0.0
70,Viamao,VIA_L2,Fanta_Uva,7,0.0,0.0,0.0,0.0,0.0,0.0
70,Viamao,VIA_L2,Fanta_Uva,8,0.0,0.0,0.0,0.0,0.0,0.0
70,Viamao,VIA_L2,Fanta_Uva,9,0.0,0.0,0.0,0.0,0.0,17796.62
70,Viamao,VIA_L2,Fanta_Uva,10,0.0,0.0,1522.97,0.0,0.0,8220.34
70,Viamao,VIA_L2,Fanta_Uva,11,0.0,0.0,0.0,0.0,0.0,0.0
70,Viamao,VIA_L2,Fanta_Uva,12,0.0,0.0,0.0,0.0,0.0,0.0
70,Viamao,VIA_L2,Fanta_Uva,13,0.0,0.0,0.0,0.0,0.0,0.0
70,Viamao,VIA_L2,Fanta_Uva,14,0.0,0.0,0.0,0.0,0.0,0.0
70,Viamao,VIA_L2,Fanta_Uva,15,0.0,0.0,0.0,0.0,0.0,0.0
70,Viamao,VIA_L2,Maguary_Maracuja,1,0.0,0.0,0.0,0.0,0.0,0.0
70,Viamao,VIA_L2,Maguary_Maracuja,2,0.0,0.0,0.0,0.0,0.0,0.0
70,Viamao,VIA_L2,Maguary_Maracuja,3,0.0,0.0,0.0,0.0,0.0,14549.97
70,Viamao,VIA_L2,Maguary_Maracuja,4,0.0,0.0,0.0,0.0,0.0,0.0
70,Viamao,VIA_L2,Maguary_Maracuja,5,0.0,0.0,0.0,0.0,0.0,0.0
70,Viamao,VIA_L2,Maguary_Maracuja,6,0.0,0.0,0.0,0.0,0.0,0.0
70,Viamao,VIA_L2,Maguary_Maracuja,7,0.0,0.0,0.0,0.0,0.0,0.0
70,Viamao,VIA_L2,Maguary_Maracuja,8,0.0,0.0,0.0,0.0,10946.600000000002,0.0
70,Viamao,VIA_L2,Maguary_Maracuja,9,0.0,0.0,0.0,0.0,30945.740000000005,0.0
70,Viamao,VIA_L2,Maguary_Maracuja,10,0.0,0.0,0.0,0.0,0.0,6352.66
70,Viamao,VIA_L2,Maguary_Maracuja,11,0.0,0.0,0.0,0.0,0.0,0.0
70,Viamao,VIA_L2,Maguary_Maracuja,12,0.0,0.0,0.0,0.0,0.0,21675.94
70,Viamao,VIA_L2,Maguary_Maracuja,13,0.0,0.0,0.0,0.0,0.0,15740.52
70,Viamao,VIA_L2,Maguary_Maracuja,14,0.0,0.0,0.0,0.0,0.0,0.0
70,Viamao,VIA_L2,Maguary_Maracuja,15,0.0,0.0,0.0,0.0,0.0,12132.62
70,Viamao,VIA_L2,Coca_Cola,1,0.0,0.0,0.0,0.0,0.0,0.0
70,Viamao,VIA_L2,Coca_Cola,2,0.0,0.0,0.0,0.0,0.0,0.0
70,Viamao,VIA_L2,Coca_Cola,3,0.0,0.0,0.0,0.0,0.0,0.0
70,Viamao,VIA_L2,Coca_Cola,4,0.0,0.0,11012.19,0.0,0.0,11012.19
70,Viamao,VIA_L2,Coca_Cola,5,0.0,0.0,0.0,0.0,0.0,0.0
70,Viamao,VIA_L2,Coca_Cola,6,0.0,0.0,0.0,0.0,0.0,0.0
70,Viamao,VIA_L2,Coca_Cola,7,0.0,0.0,0.0,0.0,0.0,0.0
70,Viamao,VIA_L2,Coca_Cola,8,0.0,0.0,0.0,0.0,0.0,0.0
70,Viamao,VIA_L2,Coca_Cola,9,0.0,0.0,0.0,0.0,0.0,0.0
70,Viamao,VIA_L2,Coca_Cola,10,0.0,0.0,26965.78,0.0,0.0,26965.78
70,Viamao,VIA_L2,Coca_Cola,11,0.0,0.0,0.0,0.0,0.0,0.0
70,Viamao,VIA_L2,Coca_Cola,12,0.0,0.0,0.0,0.0,0.0,8585.93
70,Viamao,VIA_L2,Coca_Cola,13,0.0,0.0,0.0,0.0,0.0,0.0
70,Viamao,VIA_L2,Coca_Cola,14,0.0,0.0,0.0,0.0,0.0,0.0
70,Viamao,VIA_L2,Coca_Cola,15,0.0,0.0,0.0,0.0,0.0,0.0
70,Viamao,VIA_L2,H2OH_Limao,1,0.0,0.0,13624.48,0.0,38064.0,13624.48
70,Viamao,VIA_L2,H2OH_Limao,2,0.0,0.0,0.0,0.0,39096.00000000001,0.0
70,Viamao,VIA_L2,H2OH_Limao,3,0.0,0.0,12261.93,0.0,36144.0,12261.93
70,Viamao,VIA_L2,H2OH_Limao,4,0.0,0.0,0.0,0.0,29879.6,0.0
70,Viamao,VIA_L2,H2OH_Limao,5,0.0,0.0,0.0,0.0,18901.84,0.0
70,Viamao,VIA_L2,H2OH_Limao,6,0.0,0.0,0.0,0.0,25533.340000000004,0.0
70,Viamao,VIA_L2,H2OH_Limao,7,0.0,0.0,0.0,0.0,39120.0,0.0
70,Viamao,VIA_L2,H2OH_Limao,8,0.0,0.0,0.0,0.0,15136.060000000001,0.0
70,Viamao,VIA_L2,H2OH_Limao,9,0.0,0.0,0.0,0.0,7622.83,0.0
70,Viamao,VIA_L2,H2OH_Limao,10,0.0,0.0,0.0,0.0,29073.41,0.0
70,Viamao,VIA_L2,H2OH_Limao,11,0.0,0.0,0.0,0.0,20055.98,0.0
70,Viamao,VIA_L2,H2OH_Limao,12,0.0,0.0,0.0,0.0,0.0,0.0
70,Viamao,VIA_L2,H2OH_Limao,13,0.0,0.0,0.0,0.0,13530.69,0.0
70,Viamao,VIA_L2,H2OH_Limao,14,0.0,0.0,0.0,0.0,38138.66,0.0
70,Viamao,VIA_L2,H2OH_Limao,15,0.0,0.0,0.0,0.0,29489.07,0.0
70,Viamao,VIA_L2,Schweppes_Citrus,1,0.0,0.0,14073.09,0.0,0.0,42055.619999999995
70,Viamao,VIA_L2,Schweppes_Citrus,2,0.0,0.0,0.0,0.0,0.0,0.0
70,Viamao,VIA_L2,Schweppes_Citrus,3,0.0,0.0,0.0,0.0,0.0,0.0
70,Viamao,VIA_L2,Schweppes_Citrus,4,0.0,0.0,0.0,0.0,0.0,0.0
70,Viamao,VIA_L2,Schweppes_Citrus,5,0.0,0.0,0.0,0.0,0.0,0.0
70,Viamao,VIA_L2,Schweppes_Citrus,6,0.0,0.0,13244.65,0.0,0.0,13244.65
70,Viamao,VIA_L2,Schweppes_Citrus,7,0.0,0.0,0.0,0.0,0.0,0.0
70,Viamao,VIA_L2,Schweppes_Citrus,8,0.0,0.0,0.0,0.0,0.0,0.0
70,Viamao,VIA_L2,Schweppes_Citrus,9,0.0,0.0,0.0,0.0,0.0,0.0
70,Viamao,VIA_L2,Schweppes_Citrus,10,0.0,0.0,0.0,0.0,0.0,0.0
70,Viamao,VIA_L2,Schweppes_Citrus,11,0.0,0.0,0.0,0.0,0.0,21196.4
70,Viamao,VIA_L2,Schweppes_Citrus,12,0.0,0.0,0.0,0.0,0.0,0.0
70,Viamao,VIA_L2,Schweppes_Citrus,13,0.0,0.0,0.0,0.0,0.0,0.0
70,Viamao,VIA_L2,Schweppes_Citrus,14,0.0,0.0,0.0,0.0,0.0,8595.97
70,Viamao,VIA_L2,Schweppes_Citrus,15,0.0,0.0,0.0,0.0,0.0,0.0
70,Viamao,VIA_L2,Sprite,1,2390.849999999993,0.0,0.0,0.0,2390.849999999993,0.0
70,Viamao,VIA_L2,Sprite,2,0.0,0.0,0.0,0.0,0.0,0.0
70,Viamao,VIA_L2,Sprite,3,16504.809999999998,0.0,0.0,0.0,16504.809999999998,0.0
70,Viamao,VIA_L2,Sprite,4,27346.33,0.0,4486.91,0.0,22859.420000000002,0.0
70,Viamao,VIA_L2,Sprite,5,0.0,0.0,0.0,0.0,0.0,0.0
70,Viamao,VIA_L2,Sprite,6,0.0,0.0,0.0,0.0,0.0,0.0
70,Viamao,VIA_L2,Sprite,7,0.0,0.0,0.0,0.0,0.0,0.0
70,Viamao,VIA_L2,Sprite,8,0.0,0.0,0.0,0.0,0.0,0.0
70,Viamao,VIA_L2,Sprite,9,0.0,0.0,0.0,0.0,0.0,0.0
70,Viamao,VIA_L2,Sprite,10,0.0,0.0,0.0,0.0,0.0,0.0
70,Viamao,VIA_L2,Sprite,11,0.0,0.0,0.0,0.0,0.0,0.0
70,Viamao,VIA_L2,Sprite,12,0.0,0.0,0.0,0.0,0.0,0.0
70,Viamao,VIA_L2,Sprite,13,135.57,0.0,0.0,0.0,135.57,0.0
70,Viamao,VIA_L2,Sprite,14,0.0,0.0,0.0,0.0,0.0,0.0
70,Viamao,VIA_L2,Sprite,15,0.0,0.0,5065.05,0.0,0.0,5065.05
70,Viamao,VIA_L2,Del_Valle_Uva,1,0.0,0.0,0.0,0.0,0.0,0.0
70,Viamao,VIA_L2,Del_Valle_Uva,2,0.0,0.0,0.0,0.0,0.0,0.0
70,Viamao,VIA_L2,Del_Valle_Uva,3,0.0,0.0,0.0,0.0,0.0,0.0
70,Viamao,VIA_L2,Del_Valle_Uva,4,0.0,0.0,0.0,0.0,0.0,0.0
70,Viamao,VIA_L2,Del_Valle_Uva,5,0.0,0.0,0.0,0.0,0.0,0.0
70,Viamao,VIA_L2,Del_Valle_Uva,6,0.0,0.0,0.0,0.0,0.0,0.0
70,Viamao,VIA_L2,Del_Valle_Uva,7,0.0,0.0,0.0,0.0,0.0,11570.57
70,Viamao,VIA_L2,Del_Valle_Uva,8,0.0,0.0,0.0,0.0,0.0,16031.5
70,Viamao,VIA_L2,Del_Valle_Uva,9,0.0,0.0,0.0,0.0,0.0,0.0
70,Viamao,VIA_L2,Del_Valle_Uva,10,0.0,0.0,0.0,0.0,0.0,0.0
70,Viamao,VIA_L2,Del_Valle_Uva,11,0.0,0.0,0.0,0.0,0.0,0.0
70,Viamao,VIA_L2,Del_Valle_Uva,12,0.0,0.0,559.94,0.0,0.0,559.94
70,Viamao,VIA_L2,Del_Valle_Uva,13,0.0,0.0,0.0,0.0,0.0,0.0
70,Viamao,VIA_L2,Del_Valle_Uva,14,0.0,0.0,0.0,0.0,0.0,0.0
70,Viamao,VIA_L2,Del_Valle_Uva,15,0.0,0.0,0.0,0.0,0.0,26447.38
70,Viamao,VIA_L2,Pepsi,1,0.0,0.0,0.0,0.0,0.0,0.0
70,Viamao,VIA_L2,Pepsi,2,0.0,0.0,0.0,0.0,0.0,28190.92
70,Viamao,VIA_L2,Pepsi,3,0.0,0.0,0.0,0.0,0.0,0.0
70,Viamao,VIA_L2,Pepsi,4,0.0,0.0,0.0,0.0,0.0,0.0
70,Viamao,VIA_L2,Pepsi,5,0.0,0.0,0.0,0.0,0.0,10840.55
70,Viamao,VIA_L2,Pepsi,6,0.0,0.0,0.0,0.0,0.0,7117.69
70,Viamao,VIA_L2,Pepsi,7,0.0,0.0,0.0,0.0,0.0,0.0
70,Viamao,VIA_L2,Pepsi,8,0.0,0.0,0.0,0.0,0.0,0.0
70,Viamao,VIA_L2,Pepsi,9,0.0,0.0,0.0,0.0,0.0,0.0
70,Viamao,VIA_L2,Pepsi,10,0.0,0.0,0.0,0.0,0.0,0.0
70,Viamao,VIA_L2,Pepsi,11,0.0,0.0,0.0,0.0,0.0,0.0
70,Viamao,VIA_L2,Pepsi,12,0.0,0.0,0.0,0.0,0.0,0.0
70,Viamao,VIA_L2,Pepsi,13,0.0,0.0,0.0,0.0,0.0,0.0
70,Viamao,VIA_L2,Pepsi,14,0.0,0.0,0.0,0.0,0.0,0.0
70,Viamao,VIA_L2,Pepsi,15,0.0,0.0,0.0,0.0,0.0,0.0
70,Viamao,VIA_L3,Fanta_Laranja,1,0.0,0.0,0.0,0.0,0.0,0.0
70,Viamao,VIA_L3,Fanta_Laranja,2,0.0,0.0,0.0,0.0,0.0,0.0
70,Viamao,VIA_L3,Fanta_Laranja,3,0.0,0.0,0.0,0.0,0.0,0.0
70,Viamao,VIA_L3,Fanta_Laranja,4,0.0,0.0,0.0,0.0,0.0,0.0
70,Viamao,VIA_L3,Fanta_Laranja,5,0.0,10188.0,0.0,0.0,0.0,10188.0
70,Viamao,VIA_L3,Fanta_Laranja,6,0.0,0.0,10188.0,0.0,0.0,0.0
70,Viamao,VIA_L3,Fanta_Laranja,7,0.0,0.0,0.0,0.0,0.0,0.0
70,Viamao,VIA_L3,Fanta_Laranja,8,0.0,0.0,0.0,0.0,0.0,27664.99
70,Viamao,VIA_L3,Fanta_Laranja,9,0.0,0.0,0.0,0.0,0.0,0.0
70,Viamao,VIA_L3,Fanta_Laranja,10,0.0,0.0,0.0,0.0,0.0,0.0
70,Viamao,VIA_L3,Fanta_Laranja,11,0.0,0.0,0.0,0.0,0.0,6975.1
70,Viamao,VIA_L3,Fanta_Laranja,12,0.0,0.0,0.0,0.0,0.0,0.0
70,Viamao,VIA_L3,Fanta_Laranja,13,0.0,0.0,0.0,0.0,0.0,0.0
70,Viamao,VIA_L3,Fanta_Laranja,14,0.0,0.0,0.0,0.0,0.0,0.0
70,Viamao,VIA_L3,Fanta_Laranja,15,0.0,0.0,0.0,0.0,0.0,0.0
70,Viamao,VIA_L3,Itubaina,1,0.0,0.0,0.0,0.0,0.0,0.0
70,Viamao,VIA_L3,Itubaina,2,0.0,0.0,0.0,0.0,0.0,0.0
70,Viamao,VIA_L3,Itubaina,3,0.0,0.0,0.0,0.0,0.0,292.92
70,Viamao,VIA_L3,Itubaina,4,0.0,0.0,0.0,0.0,0.0,0.0
70,Viamao,VIA_L3,Itubaina,5,0.0,0.0,0.0,0.0,0.0,0.0
70,Viamao,VIA_L3,Itubaina,6,0.0,0.0,0.0,0.0,0.0,0.0
70,Viamao,VIA_L3,Itubaina,7,0.0,0.0,0.0,0.0,0.0,0.0
70,Viamao,VIA_L3,Itubaina,8,0.0,0.0,0.0,0.0,0.0,0.0
70,Viamao,VIA_L3,Itubaina,9,0.0,0.0,753.13,0.0,0.0,753.13
70,Viamao,VIA_L3,Itubaina,10,0.0,0.0,0.0,0.0,0.0,0.0
70,Viamao,VIA_L3,Itubaina,11,0.0,0.0,0.0,0.0,0.0,0.0
70,Viamao,VIA_L3,Itubaina,12,0.0,0.0,0.0,0.0,0.0,0.0
70,Viamao,VIA_L3,Itubaina,13,0.0,0.0,0.0,0.0,0.0,0.0
70,Viamao,VIA_L3,Itubaina,14,0.0,0.0,0.0,0.0,0.0,0.0
70,Viamao,VIA_L3,Itubaina,15,0.0,0.0,0.0,0.0,0.0,0.0
70,Viamao,VIA_L3,Skol_Lata,1,0.0,0.0,0.0,0.0,0.0,0.0
70,Viamao,VIA_L3,Skol_Lata,2,0.0,0.0,0.0,0.0,0.0,0.0
70,Viamao,VIA_L3,Skol_Lata,3,0.0,0.0,6138.02,0.0,0.0,6138.02
70,Viamao,VIA_L3,Skol_Lata,4,0.0,0.0,0.0,0.0,0.0,0.0
70,Viamao,VIA_L3,Skol_Lata,5,0.0,0.0,0.0,0.0,0.0,0.0
70,Viamao,VIA_L3,Skol_Lata,6,0.0,0.0,0.0,0.0,0.0,0.0
70,Viamao,VIA_L3,Skol_Lata,7,0.0,0.0,0.0,0.0,0.0,0.0
70,Viamao,VIA_L3,Skol_Lata,8,0.0,0.0,0.0,0.0,0.0,14782.94
70,Viamao,VIA_L3,Skol_Lata,9,0.0,0.0,0.0,0.0,0.0,0.0
70,Viamao,VIA_L3,Skol_Lata,10,0.0,0.0,0.0,0.0,0.0,0.0
70,Viamao,VIA_L3,Skol_Lata,11,0.0,0.0,0.0,0.0,0.0,0.0
70,Viamao,VIA_L3,Skol_Lata,12,0.0,0.0,0.0,0.0,0.0,0.0
70,Viamao,VIA_L3,Skol_Lata,13,0.0,0.0,0.0,0.0,0.0,0.0
70,Viamao,VIA_L3,Skol_Lata,14,0.0,0.0,0.0,0.0,0.0,0.0
70,Viamao,VIA_L3,Skol_Lata,15,0.0,0.0,0.0,0.0,0.0,5419.19
70,Viamao,VIA_L3,Heineken_Lata,1,0.0,0.0,0.0,0.0,0.0,0.0
70,Viamao,VIA_L3,Heineken_Lata,2,0.0,0.0,0.0,0.0,0.0,0.0
70,Viamao,VIA_L3,Heineken_Lata,3,0.0,0.0,0.0,0.0,0.0,0.0
70,Viamao,VIA_L3,Heineken_Lata,4,0.0,0.0,0.0,0.0,0.0,0.0
70,Viamao,VIA_L3,Heineken_Lata,5,0.0,0.0,0.0,0.0,0.0,0.0
70,Viamao,VIA_L3,Heineken_Lata,6,0.0,0.0,0.0,0.0,0.0,0.0
70,Viamao,VIA_L3,Heineken_Lata,7,0.0,0.0,0.0,0.0,0.0,0.0
70,Viamao,VIA_L3,Heineken_Lata,8,0.0,0.0,0.0,0.0,0.0,12437.51
70,Viamao,VIA_L3,Heineken_Lata,9,0.0,0.0,0.0,0.0,0.0,0.0
70,Viamao,VIA_L3,Heineken_Lata,10,0.0,0.0,0.0,0.0,0.0,0.0
70,Viamao,VIA_L3,Heineken_Lata,11,0.0,0.0,0.0,0.0,0.0,0.0
70,Viamao,VIA_L3,Heineken_Lata,12,0.0,0.0,0.0,0.0,0.0,0.0
70,Viamao,VIA_L3,Heineken_Lata,13,0.0,0.0,0.0,0.0,0.0,0.0
70,Viamao,VIA_L3,Heineken_Lata,14,0.0,0.0,0.0,0.0,0.0,0.0
70,Viamao,VIA_L3,Heineken_Lata,15,0.0,0.0,0.0,0.0,0.0,0.0
70,Viamao,VIA_L3,Coca_Cola_Zero,1,0.0,0.0,0.0,0.0,0.0,0.0
70,Viamao,VIA_L3,Coca_Cola_Zero,2,0.0,0.0,0.0,0.0,0.0,0.0
70,Viamao,VIA_L3,Coca_Cola_Zero,3,0.0,0.0,0.0,0.0,0.0,0.0
70,Viamao,VIA_L3,Coca_Cola_Zero,4,0.0,0.0,0.0,0.0,0.0,0.0
70,Viamao,VIA_L3,Coca_Cola_Zero,5,0.0,0.0,0.0,0.0,0.0,0.0
70,Viamao,VIA_L3,Coca_Cola_Zero,6,0.0,0.0,7069.52,0.0,0.0,7069.52
70,Viamao,VIA_L3,Coca_Cola_Zero,7,0.0,0.0,0.0,0.0,0.0,0.0
70,Viamao,VIA_L3,Coca_Cola_Zero,8,0.0,0.0,3092.84,0.0,0.0,3092.84
70,Viamao,VIA_L3,Coca_Cola_Zero,9,0.0,0.0,0.0,0.0,0.0,27523.11
70,Viamao,VIA_L3,Coca_Cola_Zero,10,0.0,0.0,0.0,0.0,0.0,0.0
70,Viamao,VIA_L3,Coca_Cola_Zero,11,0.0,0.0,0.0,0.0,10366.92,0.0
70,Viamao,VIA_L3,Coca_Cola_Zero,12,0.0,0.0,0.0,0.0,14494.229999999998,0.0
70,Viamao,VIA_L3,Coca_Cola_Zero,13,0.0,0.0,0.0,0.0,0.0,0.0
70,Viamao,VIA_L3,Coca_Cola_Zero,14,0.0,0.0,0.0,0.0,0.0,0.0
70,Viamao,VIA_L3,Coca_Cola_Zero,15,0.0,0.0,0.0,0.0,0.0,0.0
70,Viamao,VIA_L3,Antarctica_Lata,1,0.0,0.0,0.0,0.0,0.0,0.0
70,Viamao,VIA_L3,Antarctica_Lata,2,0.0,0.0,0.0,0.0,0.0,0.0
70,Viamao,VIA_L3,Antarctica_Lata,3,0.0,0.0,0.0,0.0,0.0,0.0
70,Viamao,VIA_L3,Antarctica_Lata,4,0.0,0.0,0.0,0.0,0.0,0.0
70,Viamao,VIA_L3,Antarctica_Lata,5,0.0,0.0,28240.34,0.0,0.0,28240.34
70,Viamao,VIA_L3,Antarctica_Lata,6,0.0,0.0,0.0,0.0,0.0,0.0
70,Viamao,VIA_L3,Antarctica_Lata,7,0.0,0.0,0.0,0.0,0.0,0.0
70,Viamao,VIA_L3,Antarctica_Lata,8,0.0,0.0,0.0,0.0,0.0,0.0
70,Viamao,VIA_L3,Antarctica_Lata,9,0.0,0.0,17493.86,0.0,0.0,17493.86
70,Viamao,VIA_L3,Antarctica_Lata,10,0.0,0.0,0.0,0.0,0.0,0.0
70,Viamao,VIA_L3,Antarctica_Lata,11,0.0,0.0,0.0,0.0,0.0,0.0
70,Viamao,VIA_L3,Antarctica_Lata,12,0.0,0.0,0.0,0.0,0.0,0.0
70,Viamao,VIA_L3,Antarctica_Lata,13,0.0,0.0,0.0,0.0,0.0,0.0
70,Viamao,VIA_L3,Antarctica_Lata,14,0.0,0.0,4657.16,0.0,0.0,15535.119999999999
70,Viamao,VIA_L3,Antarctica_Lata,15,0.0,0.0,0.0,0.0,0.0,0.0
70,Viamao,VIA_L3,Spaten_Lata,1,0.0,0.0,0.0,0.0,0.0,0.0
70,Viamao,VIA_L3,Spaten_Lata,2,0.0,0.0,0.0,0.0,0.0,0.0
70,Viamao,VIA_L3,Spaten_Lata,3,0.0,0.0,0.0,0.0,0.0,0.0
70,Viamao,VIA_L3,Spaten_Lata,4,0.0,0.0,12282.01,0.0,0.0,12282.01
70,Viamao,VIA_L3,Spaten_Lata,5,0.0,0.0,0.0,0.0,0.0,0.0
70,Viamao,VIA_L3,Spaten_Lata,6,0.0,0.0,0.0,0.0,0.0,0.0
70,Viamao,VIA_L3,Spaten_Lata,7,0.0,0.0,0.0,0.0,0.0,0.0
70,Viamao,VIA_L3,Spaten_Lata,8,0.0,0.0,0.0,0.0,0.0,0.0
70,Viamao,VIA_L3,Spaten_Lata,9,0.0,0.0,0.0,0.0,0.0,7167.34
70,Viamao,VIA_L3,Spaten_Lata,10,0.0,0.0,0.0,0.0,0.0,0.0
70,Viamao,VIA_L3,Spaten_Lata,11,0.0,0.0,0.0,0.0,0.0,0.0
70,Viamao,VIA_L3,Spaten_Lata,12,0.0,0.0,0.0,0.0,0.0,0.0
70,Viamao,VIA_L3,Spaten_Lata,13,0.0,0.0,0.0,0.0,0.0,10806.09
70,Viamao,VIA_L3,Spaten_Lata,14,0.0,0.0,0.0,0.0,0.0,0.0
70,Viamao,VIA_L3,Spaten_Lata,15,0.0,0.0,0.0,0.0,0.0,0.0
70,Viamao,VIA_L3,Maguary_Caju,1,0.0,0.0,0.0,0.0,0.0,0.0
70,Viamao,VIA_L3,Maguary_Caju,2,0.0,0.0,0.0,0.0,0.0,0.0
70,Viamao,VIA_L3,Maguary_Caju,3,0.0,0.0,19979.54,0.0,0.0,19979.54
70,Viamao,VIA_L3,Maguary_Caju,4,0.0,0.0,0.0,0.0,0.0,0.0
70,Viamao,VIA_L3,Maguary_Caju,5,0.0,0.0,0.0,0.0,0.0,11448.14
70,Viamao,VIA_L3,Maguary_Caju,6,0.0,0.0,0.0,0.0,0.0,19367.43
70,Viamao,VIA_L3,Maguary_Caju,7,0.0,0.0,0.0,0.0,0.0,0.0
70,Viamao,VIA_L3,Maguary_Caju,8,0.0,0.0,0.0,0.0,0.0,0.0
70,Viamao,VIA_L3,Maguary_Caju,9,0.0,0.0,9618.33,0.0,0.0,9618.33
70,Viamao,VIA_L3,Maguary_Caju,10,0.0,0.0,0.0,0.0,0.0,0.0
70,Viamao,VIA_L3,Maguary_Caju,11,0.0,0.0,0.0,0.0,0.0,0.0
70,Viamao,VIA_L3,Maguary_Caju,12,0.0,0.0,0.0,0.0,0.0,17998.11
70,Viamao,VIA_L3,Maguary_Caju,13,0.0,0.0,0.0,0.0,0.0,0.0
70,Viamao,VIA_L3,Maguary_Caju,14,0.0,0.0,0.0,0.0,0.0,0.0
70,Viamao,VIA_L3,Maguary_Caju,15,0.0,0.0,0.0,0.0,0.0,0.0
70,Viamao,VIA_L3,Del_Valle_Pessego,1,0.0,0.0,0.0,0.0,0.0,27321.76
70,Viamao,VIA_L3,Del_Valle_Pessego,2,0.0,0.0,0.0,0.0,0.0,0.0
70,Viamao,VIA_L3,Del_Valle_Pessego,3,0.0,0.0,0.0,0.0,0.0,0.0
70,Viamao,VIA_L3,Del_Valle_Pessego,4,0.0,0.0,0.0,0.0,0.0,0.0
70,Viamao,VIA_L3,Del_Valle_Pessego,5,0.0,0.0,0.0,0.0,0.0,12472.13
70,Viamao,VIA_L3,Del_Valle_Pessego,6,0.0,0.0,0.0,0.0,0.0,0.0
70,Viamao,VIA_L3,Del_Valle_Pessego,7,0.0,0.0,0.0,0.0,0.0,0.0
70,Viamao,VIA_L3,Del_Valle_Pessego,8,0.0,0.0,0.0,0.0,0.0,0.0
70,Viamao,VIA_L3,Del_Valle_Pessego,9,0.0,0.0,0.0,0.0,0.0,0.0
70,Viamao,VIA_L3,Del_Valle_Pessego,10,0.0,0.0,0.0,0.0,0.0,0.0
70,Viamao,VIA_L3,Del_Valle_Pessego,11,0.0,0.0,0.0,0.0,0.0,25832.65
70,Viamao,VIA_L3,Del_Valle_Pessego,12,0.0,0.0,0.0,0.0,0.0,0.0
70,Viamao,VIA_L3,Del_Valle_Pessego,13,0.0,0.0,0.0,0.0,0.0,0.0
70,Viamao,VIA_L3,Del_Valle_Pessego,14,0.0,0.0,0.0,0.0,0.0,0.0
70,Viamao,VIA_L3,Del_Valle_Pessego,15,0.0,0.0,0.0,0.0,0.0,0.0
70,Viamao,VIA_L3,Stella_Artois_Pure_Gold,1,0.0,0.0,0.0,0.0,0.0,14818.48
70,Viamao,VIA_L3,Stella_Artois_Pure_Gold,2,0.0,0.0,0.0,0.0,0.0,1923.1599999999999
70,Viamao,VIA_L3,Stella_Artois_Pure_Gold,3,0.0,0.0,0.0,0.0,0.0,20282.14
70,Viamao,VIA_L3,Stella_Artois_Pure_Gold,4,0.0,0.0,0.0,0.0,20282.14,29617.73
70,Viamao,VIA_L3,Stella_Artois_Pure_Gold,5,0.0,0.0,0.0,0.0,0.0,0.0
70,Viamao,VIA_L3,Stella_Artois_Pure_Gold,6,0.0,0.0,0.0,0.0,0.0,0.0
70,Viamao,VIA_L3,Stella_Artois_Pure_Gold,7,0.0,0.0,0.0,0.0,0.0,18579.629999999997
70,Viamao,VIA_L3,Stella_Artois_Pure_Gold,8,0.0,0.0,0.0,0.0,18579.629999999997,0.0
70,Viamao,VIA_L3,Stella_Artois_Pure_Gold,9,0.0,0.0,0.0,0.0,0.0,0.0
70,Viamao,VIA_L3,Stella_Artois_Pure_Gold,10,0.0,0.0,0.0,0.0,0.0,22122.389999999992
70,Viamao,VIA_L3,Stella_Artois_Pure_Gold,11,0.0,0.0,0.0,0.0,22122.389999999992,2373.44
70,Viamao,VIA_L3,Stella_Artois_Pure_Gold,12,0.0,0.0,0.0,0.0,0.0,7195.4
70,Viamao,VIA_L3,Stella_Artois_Pure_Gold,13,0.0,0.0,0.0,0.0,0.0,25336.19
70,Viamao,VIA_L3,Stella_Artois_Pure_Gold,14,0.0,0.0,0.0,0.0,25336.19,7781.38
70,Viamao,VIA_L3,Stella_Artois_Pure_Gold,15,0.0,0.0,0.0,0.0,0.0,0.0
70,Viamao,VIA_L3,Sprite_Zero,1,0.0,0.0,0.0,0.0,0.0,0.0
70,Viamao,VIA_L3,Sprite_Zero,2,0.0,0.0,0.0,0.0,0.0,10213.23
70,Viamao,VIA_L3,Sprite_Zero,3,0.0,0.0,0.0,0.0,0.0,0.0
70,Viamao,VIA_L3,Sprite_Zero,4,0.0,0.0,0.0,0.0,0.0,0.0
70,Viamao,VIA_L3,Sprite_Zero,5,0.0,0.0,0.0,0.0,0.0,0.0
70,Viamao,VIA_L3,Sprite_Zero,6,0.0,0.0,0.0,0.0,0.0,0.0
70,Viamao,VIA_L3,Sprite_Zero,7,0.0,0.0,0.0,0.0,0.0,15812.81
70,Viamao,VIA_L3,Sprite_Zero,8,0.0,0.0,0.0,0.0,0.0,0.0
70,Viamao,VIA_L3,Sprite_Zero,9,0.0,0.0,0.0,0.0,0.0,0.0
70,Viamao,VIA_L3,Sprite_Zero,10,0.0,0.0,0.0,0.0,0.0,0.0
70,Viamao,VIA_L3,Sprite_Zero,11,0.0,0.0,0.0,0.0,0.0,0.0
70,Viamao,VIA_L3,Sprite_Zero,12,0.0,0.0,0.0,0.0,0.0,0.0
70,Viamao,VIA_L3,Sprite_Zero,13,0.0,0.0,0.0,0.0,0.0,0.0
70,Viamao,VIA_L3,Sprite_Zero,14,0.0,0.0,21537.21,0.0,0.0,21537.21
70,Viamao,VIA_L3,Sprite_Zero,15,0.0,0.0,0.0,0.0,0.0,0.0
70,Viamao,VIA_L3,Kuat,1,0.0,0.0,0.0,0.0,0.0,0.0
70,Viamao,VIA_L3,Kuat,2,0.0,0.0,0.0,0.0,48137.41000000002,0.0
70,Viamao,VIA_L3,Kuat,3,0.0,0.0,0.0,0.0,22063.190000000002,0.0
70,Viamao,VIA_L3,Kuat,4,0.0,0.0,0.0,0.0,13117.669999999993,0.0
70,Viamao,VIA_L3,Kuat,5,0.0,0.0,0.0,0.0,19891.880000000005,0.0
70,Viamao,VIA_L3,Kuat,6,0.0,0.0,0.0,0.0,42168.0,0.0
70,Viamao,VIA_L3,Kuat,7,0.0,0.0,0.0,0.0,11170.04,0.0
70,Viamao,VIA_L3,Kuat,8,0.0,0.0,0.0,0.0,12136.719999999994,0.0
70,Viamao,VIA_L3,Kuat,9,0.0,0.0,0.0,0.0,7706.200000000006,0.0
70,Viamao,VIA_L3,Kuat,10,0.0,0.0,0.0,0.0,69381.79999999999,0.0
70,Viamao,VIA_L3,Kuat,11,0.0,0.0,0.0,0.0,26593.08,0.0
70,Viamao,VIA_L3,Kuat,12,0.0,0.0,0.0,0.0,22393.77,0.0
70,Viamao,VIA_L3,Kuat,13,0.0,0.0,0.0,0.0,23720.72,0.0
70,Viamao,VIA_L3,Kuat,14,0.0,0.0,0.0,0.0,0.0,0.0
70,Viamao,VIA_L3,Kuat,15,0.0,0.0,0.0,0.0,24222.340000000004,0.0
70,Viamao,VIA_L3,Sukita_Laranja,1,0.0,0.0,0.0,0.0,0.0,0.0
70,Viamao,VIA_L3,Sukita_Laranja,2,0.0,0.0,0.0,0.0,0.0,0.0
70,Viamao,VIA_L3,Sukita_Laranja,3,0.0,0.0,0.0,0.0,0.0,0.0
70,Viamao,VIA_L3,Sukita_Laranja,4,0.0,0.0,0.0,0.0,0.0,0.0
70,Viamao,VIA_L3,Sukita_Laranja,5,0.0,0.0,0.0,0.0,0.0,0.0
70,Viamao,VIA_L3,Sukita_Laranja,6,0.0,0.0,10140.53,0.0,0.0,10140.53
70,Viamao,VIA_L3,Sukita_Laranja,7,0.0,0.0,0.0,0.0,0.0,0.0
70,Viamao,VIA_L3,Sukita_Laranja,8,0.0,0.0,0.0,0.0,0.0,0.0
70,Viamao,VIA_L3,Sukita_Laranja,9,0.0,0.0,0.0,0.0,0.0,0.0
70,Viamao,VIA_L3,Sukita_Laranja,10,0.0,0.0,0.0,0.0,0.0,0.0
70,Viamao,VIA_L3,Sukita_Laranja,11,0.0,0.0,0.0,0.0,0.0,0.0
70,Viamao,VIA_L3,Sukita_Laranja,12,0.0,0.0,0.0,0.0,0.0,0.0
70,Viamao,VIA_L3,Sukita_Laranja,13,0.0,0.0,0.0,0.0,0.0,0.0
70,Viamao,VIA_L3,Sukita_Laranja,14,0.0,0.0,0.0,0.0,0.0,0.0
70,Viamao,VIA_L3,Sukita_Laranja,15,0.0,0.0,0.0,0.0,0.0,0.0
70,Viamao,VIA_L3,Budweiser_Lata,1,0.0,0.0,0.0,0.0,0.0,0.0
70,Viamao,VIA_L3,Budweiser_Lata,2,0.0,0.0,0.0,0.0,0.0,0.0
70,Viamao,VIA_L3,Budweiser_Lata,3,0.0,0.0,0.0,0.0,0.0,11011.89
70,Viamao,VIA_L3,Budweiser_Lata,4,0.0,0.0,0.0,0.0,0.0,0.0
70,Viamao,VIA_L3,Budweiser_Lata,5,0.0,0.0,0.0,0.0,0.0,0.0
70,Viamao,VIA_L3,Budweiser_Lata,6,0.0,0.0,0.0,0.0,0.0,0.0
70,Viamao,VIA_L3,Budweiser_Lata,7,0.0,0.0,0.0,0.0,0.0,0.0
70,Viamao,VIA_L3,Budweiser_Lata,8,0.0,0.0,0.0,0.0,0.0,0.0
70,Viamao,VIA_L3,Budweiser_Lata,9,0.0,0.0,0.0,0.0,0.0,0.0
70,Viamao,VIA_L3,Budweiser_Lata,10,0.0,0.0,16143.27,0.0,0.0,33135.64
70,Viamao,VIA_L3,Budweiser_Lata,11,0.0,0.0,0.0,0.0,0.0,0.0
70,Viamao,VIA_L3,Budweiser_Lata,12,0.0,0.0,0.0,0.0,0.0,0.0
70,Viamao,VIA_L3,Budweiser_Lata,13,0.0,0.0,0.0,0.0,0.0,0.0
70,Viamao,VIA_L3,Budweiser_Lata,14,0.0,0.0,0.0,0.0,0.0,0.0
70,Viamao,VIA_L3,Budweiser_Lata,15,0.0,0.0,0.0,0.0,0.0,21017.15
70,Viamao,VIA_L3,Guarana_Antarctica_Zero,1,0.0,0.0,0.0,0.0,0.0,0.0
70,Viamao,VIA_L3,Guarana_Antarctica_Zero,2,0.0,0.0,0.0,0.0,0.0,28588.13
70,Viamao,VIA_L3,Guarana_Antarctica_Zero,3,0.0,0.0,0.0,0.0,0.0,0.0
70,Viamao,VIA_L3,Guarana_Antarctica_Zero,4,0.0,0.0,0.0,0.0,0.0,0.0
70,Viamao,VIA_L3,Guarana_Antarctica_Zero,5,0.0,0.0,0.0,0.0,0.0,0.0
70,Viamao,VIA_L3,Guarana_Antarctica_Zero,6,0.0,0.0,0.0,0.0,0.0,0.0
70,Viamao,VIA_L3,Guarana_Antarctica_Zero,7,0.0,0.0,0.0,0.0,0.0,0.0
70,Viamao,VIA_L3,Guarana_Antarctica_Zero,8,0.0,0.0,0.0,0.0,0.0,0.0
70,Viamao,VIA_L3,Guarana_Antarctica_Zero,9,0.0,0.0,0.0,0.0,0.0,0.0
70,Viamao,VIA_L3,Guarana_Antarctica_Zero,10,0.0,0.0,0.0,0.0,0.0,0.0
70,Viamao,VIA_L3,Guarana_Antarctica_Zero,11,0.0,0.0,0.0,0.0,0.0,0.0
70,Viamao,VIA_L3,Guarana_Antarctica_Zero,12,0.0,0.0,0.0,0.0,0.0,18975.86
70,Viamao,VIA_L3,Guarana_Antarctica_Zero,13,0.0,0.0,0.0,0.0,0.0,0.0
70,Viamao,VIA_L3,Guarana_Antarctica_Zero,14,0.0,0.0,0.0,0.0,0.0,0.0
70,Viamao,VIA_L3,Guarana_Antarctica_Zero,15,0.0,0.0,0.0,0.0,0.0,0.0
70,Viamao,VIA_L3,Itaipava_Lata,1,0.0,0.0,0.0,0.0,0.0,0.0
70,Viamao,VIA_L3,Itaipava_Lata,2,0.0,0.0,0.0,0.0,0.0,0.0
70,Viamao,VIA_L3,Itaipava_Lata,3,0.0,0.0,0.0,0.0,0.0,0.0
70,Viamao,VIA_L3,Itaipava_Lata,4,0.0,0.0,0.0,0.0,0.0,0.0
70,Viamao,VIA_L3,Itaipava_Lata,5,0.0,0.0,0.0,0.0,0.0,0.0
70,Viamao,VIA_L3,Itaipava_Lata,6,0.0,0.0,0.0,0.0,0.0,0.0
70,Viamao,VIA_L3,Itaipava_Lata,7,0.0,0.0,27152.62,0.0,0.0,27152.62
70,Viamao,VIA_L3,Itaipava_Lata,8,0.0,0.0,0.0,0.0,0.0,0.0
70,Viamao,VIA_L3,Itaipava_Lata,9,0.0,0.0,0.0,0.0,0.0,0.0
70,Viamao,VIA_L3,Itaipava_Lata,10,0.0,0.0,0.0,0.0,0.0,0.0
70,Viamao,VIA_L3,Itaipava_Lata,11,0.0,0.0,0.0,0.0,0.0,0.0
70,Viamao,VIA_L3,Itaipava_Lata,12,0.0,0.0,0.0,0.0,0.0,0.0
70,Viamao,VIA_L3,Itaipava_Lata,13,0.0,0.0,7072.78,0.0,0.0,7072.78
70,Viamao,VIA_L3,Itaipava_Lata,14,0.0,0.0,0.0,0.0,0.0,29301.44
70,Viamao,VIA_L3,Itaipava_Lata,15,0.0,0.0,0.0,0.0,0.0,0.0
70,Viamao,VIA_L3,Brahma_Lata,1,0.0,0.0,0.0,0.0,0.0,0.0
70,Viamao,VIA_L3,Brahma_Lata,2,0.0,0.0,0.0,0.0,0.0,0.0
70,Viamao,VIA_L3,Brahma_Lata,3,0.0,13835.17,0.0,0.0,0.0,29088.79
70,Viamao,VIA_L3,Brahma_Lata,4,0.0,0.0,13835.17,0.0,0.0,0.0
70,Viamao,VIA_L3,Brahma_Lata,5,0.0,0.0,0.0,0.0,0.0,0.0
70,Viamao,VIA_L3,Brahma_Lata,6,0.0,0.0,0.0,0.0,0.0,0.0
70,Viamao,VIA_L3,Brahma_Lata,7,0.0,0.0,0.0,0.0,0.0,0.0
70,Viamao,VIA_L3,Brahma_Lata,8,0.0,0.0,0.0,0.0,0.0,0.0
70,Viamao,VIA_L3,Brahma_Lata,9,0.0,0.0,0.0,0.0,0.0,0.0
70,Viamao,VIA_L3,Brahma_Lata,10,0.0,0.0,0.0,0.0,0.0,0.0
70,Viamao,VIA_L3,Brahma_Lata,11,0.0,0.0,0.0,0.0,0.0,0.0
70,Viamao,VIA_L3,Brahma_Lata,12,0.0,0.0,0.0,0.0,0.0,0.0
70,Viamao,VIA_L3,Brahma_Lata,13,0.0,0.0,0.0,0.0,0.0,0.0
70,Viamao,VIA_L3,Brahma_Lata,14,0.0,0.0,0.0,0.0,0.0,0.0
70,Viamao,VIA_L3,Brahma_Lata,15,0.0,0.0,0.0,0.0,0.0,0.0
70,Viamao,VIA_L3,Eisenbahn_Pilsen,1,0.0,0.0,0.0,0.0,0.0,0.0
70,Viamao,VIA_L3,Eisenbahn_Pilsen,2,0.0,0.0,0.0,0.0,0.0,0.0
70,Viamao,VIA_L3,Eisenbahn_Pilsen,3,0.0,0.0,0.0,0.0,0.0,0.0
70,Viamao,VIA_L3,Eisenbahn_Pilsen,4,0.0,0.0,0.0,0.0,0.0,0.0
70,Viamao,VIA_L3,Eisenbahn_Pilsen,5,0.0,0.0,0.0,0.0,0.0,0.0
70,Viamao,VIA_L3,Eisenbahn_Pilsen,6,0.0,0.0,0.0,0.0,0.0,0.0
70,Viamao,VIA_L3,Eisenbahn_Pilsen,7,0.0,0.0,0.0,0.0,0.0,0.0
70,Viamao,VIA_L3,Eisenbahn_Pilsen,8,0.0,0.0,0.0,0.0,0.0,0.0
70,Viamao,VIA_L3,Eisenbahn_Pilsen,9,0.0,0.0,0.0,0.0,0.0,0.0
70,Viamao,VIA_L3,Eisenbahn_Pilsen,10,0.0,0.0,0.0,0.0,0.0,0.0
70,Viamao,VIA_L3,Eisenbahn_Pilsen,11,0.0,0.0,0.0,0.0,0.0,0.0
70,Viamao,VIA_L3,Eisenbahn_Pilsen,12,0.0,0.0,0.0,0.0,0.0,0.0
70,Viamao,VIA_L3,Eisenbahn_Pilsen,13,0.0,0.0,0.0,0.0,0.0,0.0
70,Viamao,VIA_L3,Eisenbahn_Pilsen,14,0.0,0.0,0.0,0.0,0.0,0.0
70,Viamao,VIA_L3,Eisenbahn_Pilsen,15,0.0,0.0,0.0,0.0,0.0,0.0
70,Viamao,VIA_L3,Pepsi_Black,1,0.0,0.0,0.0,0.0,28491.800000000003,0.0
70,Viamao,VIA_L3,Pepsi_Black,2,0.0,0.0,0.0,0.0,299.94,299.94
70,Viamao,VIA_L3,Pepsi_Black,3,0.0,0.0,0.0,0.0,0.0,0.0
70,Viamao,VIA_L3,Pepsi_Black,4,0.0,0.0,0.0,0.0,0.0,0.0
70,Viamao,VIA_L3,Pepsi_Black,5,0.0,0.0,0.0,0.0,4087.199999999997,0.0
70,Viamao,VIA_L3,Pepsi_Black,6,0.0,0.0,0.0,0.0,0.0,15260.52
70,Viamao,VIA_L3,Pepsi_Black,7,0.0,0.0,0.0,0.0,0.0,0.0
70,Viamao,VIA_L3,Pepsi_Black,8,0.0,0.0,0.0,0.0,26719.280000000002,0.0
70,Viamao,VIA_L3,Pepsi_Black,9,0.0,0.0,0.0,0.0,0.0,0.0
70,Viamao,VIA_L3,Pepsi_Black,10,0.0,0.0,0.0,0.0,0.0,0.0
70,Viamao,VIA_L3,Pepsi_Black,11,0.0,0.0,0.0,0.0,0.0,0.0
70,Viamao,VIA_L3,Pepsi_Black,12,0.0,0.0,0.0,0.0,0.0,0.0
70,Viamao,VIA_L3,Pepsi_Black,13,0.0,0.0,6782.61,0.0,15263.71,6782.61
70,Viamao,VIA_L3,Pepsi_Black,14,0.0,0.0,0.0,0.0,27315.230000000003,0.0
70,Viamao,VIA_L3,Pepsi_Black,15,0.0,0.0,0.0,0.0,12233.660000000002,0.0
70,Viamao,VIA_L3,Guarana_Antarctica,1,0.0,0.0,0.0,0.0,0.0,0.0
70,Viamao,VIA_L3,Guarana_Antarctica,2,0.0,0.0,0.0,0.0,0.0,0.0
70,Viamao,VIA_L3,Guarana_Antarctica,3,0.0,0.0,0.0,0.0,0.0,0.0
70,Viamao,VIA_L3,Guarana_Antarctica,4,0.0,0.0,0.0,0.0,0.0,0.0
70,Viamao,VIA_L3,Guarana_Antarctica,5,0.0,0.0,0.0,0.0,0.0,0.0
70,Viamao,VIA_L3,Guarana_Antarctica,6,0.0,0.0,0.0,0.0,0.0,0.0
70,Viamao,VIA_L3,Guarana_Antarctica,7,0.0,0.0,0.0,0.0,0.0,0.0
70,Viamao,VIA_L3,Guarana_Antarctica,8,0.0,0.0,7745.81,0.0,0.0,9606.0
70,Viamao,VIA_L3,Guarana_Antarctica,9,0.0,0.0,0.0,0.0,0.0,0.0
70,Viamao,VIA_L3,Guarana_Antarctica,10,0.0,0.0,3203.59,0.0,0.0,3203.59
70,Viamao,VIA_L3,Guarana_Antarctica,11,0.0,0.0,0.0,0.0,0.0,0.0
70,Viamao,VIA_L3,Guarana_Antarctica,12,0.0,0.0,0.0,0.0,0.0,0.0
70,Viamao,VIA_L3,Guarana_Antarctica,13,0.0,0.0,0.0,0.0,0.0,0.0
70,Viamao,VIA_L3,Guarana_Antarctica,14,0.0,0.0,0.0,0.0,0.0,0.0
70,Viamao,VIA_L3,Guarana_Antarctica,15,0.0,0.0,0.0,0.0,0.0,0.0
70,Viamao,VIA_L3,Amstel_Lata,1,0.0,0.0,0.0,0.0,0.0,0.0
70,Viamao,VIA_L3,Amstel_Lata,2,0.0,0.0,0.0,0.0,0.0,0.0
70,Viamao,VIA_L3,Amstel_Lata,3,0.0,0.0,0.0,0.0,0.0,0.0
70,Viamao,VIA_L3,Amstel_Lata,4,0.0,0.0,0.0,0.0,0.0,2123.649999999996
70,Viamao,VIA_L3,Amstel_Lata,5,0.0,0.0,0.0,0.0,0.0,4059.7900000000036
70,Viamao,VIA_L3,Amstel_Lata,6,0.0,0.0,0.0,0.0,0.0,0.0
70,Viamao,VIA_L3,Amstel_Lata,7,0.0,0.0,0.0,0.0,0.0,0.0
70,Viamao,VIA_L3,Amstel_Lata,8,0.0,0.0,0.0,0.0,0.0,0.0
70,Viamao,VIA_L3,Amstel_Lata,9,0.0,0.0,0.0,0.0,0.0,7861.019999999997
70,Viamao,VIA_L3,Amstel_Lata,10,0.0,0.0,0.0,0.0,0.0,0.0
70,Viamao,VIA_L3,Amstel_Lata,11,0.0,0.0,0.0,0.0,0.0,12143.820000000003
70,Viamao,VIA_L3,Amstel_Lata,12,0.0,0.0,0.0,0.0,0.0,0.0
70,Viamao,VIA_L3,Amstel_Lata,13,0.0,0.0,14952.75,0.0,0.0,39045.259999999995
70,Viamao,VIA_L3,Amstel_Lata,14,0.0,0.0,0.0,0.0,0.0,0.0
70,Viamao,VIA_L3,Amstel_Lata,15,0.0,0.0,0.0,0.0,0.0,0.0
70,Viamao,VIA_L3,Del_Valle_Laranja,1,0.0,0.0,0.0,0.0,0.0,0.0
70,Viamao,VIA_L3,Del_Valle_Laranja,2,0.0,0.0,0.0,0.0,0.0,0.0
70,Viamao,VIA_L3,Del_Valle_Laranja,3,0.0,0.0,0.0,0.0,0.0,0.0
70,Viamao,VIA_L3,Del_Valle_Laranja,4,0.0,0.0,0.0,0.0,0.0,12819.94
70,Viamao,VIA_L3,Del_Valle_Laranja,5,0.0,0.0,0.0,0.0,0.0,0.0
70,Viamao,VIA_L3,Del_Valle_Laranja,6,0.0,0.0,0.0,0.0,0.0,0.0
70,Viamao,VIA_L3,Del_Valle_Laranja,7,0.0,0.0,0.0,0.0,0.0,0.0
70,Viamao,VIA_L3,Del_Valle_Laranja,8,0.0,0.0,0.0,0.0,0.0,0.0
70,Viamao,VIA_L3,Del_Valle_Laranja,9,0.0,0.0,0.0,0.0,0.0,0.0
70,Viamao,VIA_L3,Del_Valle_Laranja,10,0.0,0.0,0.0,0.0,0.0,0.0
70,Viamao,VIA_L3,Del_Valle_Laranja,11,0.0,0.0,0.0,0.0,0.0,0.0
70,Viamao,VIA_L3,Del_Valle_Laranja,12,0.0,0.0,0.0,0.0,0.0,0.0
70,Viamao,VIA_L3,Del_Valle_Laranja,13,0.0,0.0,0.0,0.0,0.0,2258.58
70,Viamao,VIA_L3,Del_Valle_Laranja,14,0.0,0.0,0.0,0.0,0.0,0.0
70,Viamao,VIA_L3,Del_Valle_Laranja,15,0.0,0.0,0.0,0.0,0.0,0.0
70,Viamao,VIA_L3,Fanta_Uva,1,0.0,0.0,0.0,0.0,0.0,0.0
70,Viamao,VIA_L3,Fanta_Uva,2,0.0,0.0,0.0,0.0,0.0,0.0
70,Viamao,VIA_L3,Fanta_Uva,3,0.0,0.0,2273.28,0.0,0.0,2273.28
70,Viamao,VIA_L3,Fanta_Uva,4,0.0,0.0,0.0,0.0,0.0,0.0
70,Viamao,VIA_L3,Fanta_Uva,5,0.0,0.0,0.0,0.0,0.0,0.0
70,Viamao,VIA_L3,Fanta_Uva,6,0.0,0.0,0.0,0.0,0.0,0.0
70,Viamao,VIA_L3,Fanta_Uva,7,0.0,0.0,0.0,0.0,0.0,0.0
70,Viamao,VIA_L3,Fanta_Uva,8,0.0,0.0,0.0,0.0,0.0,0.0
70,Viamao,VIA_L3,Fanta_Uva,9,0.0,0.0,0.0,0.0,0.0,17796.62
70,Viamao,VIA_L3,Fanta_Uva,10,0.0,0.0,0.0,0.0,0.0,8220.34
70,Viamao,VIA_L3,Fanta_Uva,11,0.0,0.0,0.0,0.0,0.0,0.0
70,Viamao,VIA_L3,Fanta_Uva,12,0.0,0.0,0.0,0.0,0.0,0.0
70,Viamao,VIA_L3,Fanta_Uva,13,0.0,0.0,0.0,0.0,0.0,0.0
70,Viamao,VIA_L3,Fanta_Uva,14,0.0,0.0,0.0,0.0,0.0,0.0
70,Viamao,VIA_L3,Fanta_Uva,15,0.0,0.0,0.0,0.0,0.0,0.0
70,Viamao,VIA_L3,Maguary_Maracuja,1,0.0,0.0,0.0,0.0,0.0,0.0
70,Viamao,VIA_L3,Maguary_Maracuja,2,0.0,0.0,0.0,0.0,0.0,0.0
70,Viamao,VIA_L3,Maguary_Maracuja,3,0.0,0.0,0.0,0.0,0.0,14549.97
70,Viamao,VIA_L3,Maguary_Maracuja,4,0.0,0.0,0.0,0.0,0.0,0.0
70,Viamao,VIA_L3,Maguary_Maracuja,5,0.0,0.0,0.0,0.0,0.0,0.0
70,Viamao,VIA_L3,Maguary_Maracuja,6,0.0,0.0,0.0,0.0,0.0,0.0
70,Viamao,VIA_L3,Maguary_Maracuja,7,0.0,0.0,0.0,0.0,0.0,0.0
70,Viamao,VIA_L3,Maguary_Maracuja,8,10946.600000000002,0.0,0.0,0.0,10946.600000000002,0.0
70,Viamao,VIA_L3,Maguary_Maracuja,9,30945.740000000005,0.0,0.0,0.0,30945.740000000005,0.0
70,Viamao,VIA_L3,Maguary_Maracuja,10,0.0,0.0,6352.66,0.0,0.0,6352.66
70,Viamao,VIA_L3,Maguary_Maracuja,11,0.0,0.0,0.0,0.0,0.0,0.0
70,Viamao,VIA_L3,Maguary_Maracuja,12,2910.300000000003,0.0,24586.24,0.0,0.0,21675.94
70,Viamao,VIA_L3,Maguary_Maracuja,13,0.0,0.0,0.0,0.0,0.0,15740.52
70,Viamao,VIA_L3,Maguary_Maracuja,14,0.0,0.0,0.0,0.0,0.0,0.0
70,Viamao,VIA_L3,Maguary_Maracuja,15,0.0,0.0,0.0,0.0,0.0,12132.62
70,Viamao,VIA_L3,Coca_Cola,1,0.0,0.0,0.0,0.0,0.0,0.0
70,Viamao,VIA_L3,Coca_Cola,2,0.0,0.0,0.0,0.0,0.0,0.0
70,Viamao,VIA_L3,Coca_Cola,3,0.0,0.0,0.0,0.0,0.0,0.0
70,Viamao,VIA_L3,Coca_Cola,4,0.0,0.0,0.0,0.0,0.0,11012.19
70,Viamao,VIA_L3,Coca_Cola,5,0.0,0.0,0.0,0.0,0.0,0.0
70,Viamao,VIA_L3,Coca_Cola,6,0.0,0.0,0.0,0.0,0.0,0.0
70,Viamao,VIA_L3,Coca_Cola,7,0.0,0.0,0.0,0.0,0.0,0.0
70,Viamao,VIA_L3,Coca_Cola,8,0.0,0.0,0.0,0.0,0.0,0.0
70,Viamao,VIA_L3,Coca_Cola,9,0.0,0.0,0.0,0.0,0.0,0.0
70,Viamao,VIA_L3,Coca_Cola,10,0.0,0.0,0.0,0.0,0.0,26965.78
70,Viamao,VIA_L3,Coca_Cola,11,0.0,0.0,0.0,0.0,0.0,0.0
70,Viamao,VIA_L3,Coca_Cola,12,0.0,0.0,0.0,0.0,0.0,8585.93
70,Viamao,VIA_L3,Coca_Cola,13,0.0,0.0,0.0,0.0,0.0,0.0
70,Viamao,VIA_L3,Coca_Cola,14,0.0,0.0,0.0,0.0,0.0,0.0
70,Viamao,VIA_L3,Coca_Cola,15,0.0,0.0,0.0,0.0,0.0,0.0
70,Viamao,VIA_L3,H2OH_Limao,1,0.0,0.0,0.0,0.0,38064.0,13624.48
70,Viamao,VIA_L3,H2OH_Limao,2,0.0,0.0,0.0,0.0,39096.00000000001,0.0
70,Viamao,VIA_L3,H2OH_Limao,3,0.0,0.0,0.0,0.0,36144.0,12261.93
70,Viamao,VIA_L3,H2OH_Limao,4,0.0,0.0,0.0,0.0,29879.6,0.0
70,Viamao,VIA_L3,H2OH_Limao,5,0.0,0.0,0.0,0.0,18901.84,0.0
70,Viamao,VIA_L3,H2OH_Limao,6,0.0,0.0,0.0,0.0,25533.340000000004,0.0
70,Viamao,VIA_L3,H2OH_Limao,7,0.0,0.0,0.0,0.0,39120.0,0.0
70,Viamao,VIA_L3,H2OH_Limao,8,0.0,0.0,0.0,0.0,15136.060000000001,0.0
70,Viamao,VIA_L3,H2OH_Limao,9,0.0,0.0,0.0,0.0,7622.83,0.0
70,Viamao,VIA_L3,H2OH_Limao,10,0.0,0.0,0.0,0.0,29073.41,0.0
70,Viamao,VIA_L3,H2OH_Limao,11,0.0,0.0,0.0,0.0,20055.98,0.0
70,Viamao,VIA_L3,H2OH_Limao,12,0.0,0.0,0.0,0.0,0.0,0.0
70,Viamao,VIA_L3,H2OH_Limao,13,0.0,0.0,0.0,0.0,13530.69,0.0
70,Viamao,VIA_L3,H2OH_Limao,14,0.0,0.0,0.0,0.0,38138.66,0.0
70,Viamao,VIA_L3,H2OH_Limao,15,0.0,0.0,0.0,0.0,29489.07,0.0
70,Viamao,VIA_L3,Schweppes_Citrus,1,0.0,0.0,27982.53,0.0,0.0,42055.619999999995
70,Viamao,VIA_L3,Schweppes_Citrus,2,0.0,0.0,0.0,0.0,0.0,0.0
70,Viamao,VIA_L3,Schweppes_Citrus,3,0.0,0.0,0.0,0.0,0.0,0.0
70,Viamao,VIA_L3,Schweppes_Citrus,4,0.0,0.0,0.0,0.0,0.0,0.0
70,Viamao,VIA_L3,Schweppes_Citrus,5,0.0,0.0,0.0,0.0,0.0,0.0
70,Viamao,VIA_L3,Schweppes_Citrus,6,0.0,0.0,0.0,0.0,0.0,13244.65
70,Viamao,VIA_L3,Schweppes_Citrus,7,0.0,0.0,0.0,0.0,0.0,0.0
70,Viamao,VIA_L3,Schweppes_Citrus,8,0.0,0.0,0.0,0.0,0.0,0.0
70,Viamao,VIA_L3,Schweppes_Citrus,9,0.0,0.0,0.0,0.0,0.0,0.0
70,Viamao,VIA_L3,Schweppes_Citrus,10,0.0,0.0,0.0,0.0,0.0,0.0
70,Viamao,VIA_L3,Schweppes_Citrus,11,4150.439999999999,0.0,25346.84,0.0,0.0,21196.4
70,Viamao,VIA_L3,Schweppes_Citrus,12,0.0,0.0,0.0,0.0,0.0,0.0
70,Viamao,VIA_L3,Schweppes_Citrus,13,0.0,0.0,0.0,0.0,0.0,0.0
70,Viamao,VIA_L3,Schweppes_Citrus,14,0.0,0.0,0.0,0.0,0.0,8595.97
70,Viamao,VIA_L3,Schweppes_Citrus,15,0.0,0.0,0.0,0.0,0.0,0.0
70,Viamao,VIA_L3,Sprite,1,0.0,0.0,0.0,0.0,2390.849999999993,0.0
70,Viamao,VIA_L3,Sprite,2,0.0,0.0,0.0,0.0,0.0,0.0
70,Viamao,VIA_L3,Sprite,3,0.0,0.0,0.0,0.0,16504.809999999998,0.0
70,Viamao,VIA_L3,Sprite,4,0.0,0.0,0.0,0.0,22859.420000000002,0.0
70,Viamao,VIA_L3,Sprite,5,0.0,0.0,0.0,0.0,0.0,0.0
70,Viamao,VIA_L3,Sprite,6,0.0,0.0,0.0,0.0,0.0,0.0
70,Viamao,VIA_L3,Sprite,7,0.0,0.0,0.0,0.0,0.0,0.0
70,Viamao,VIA_L3,Sprite,8,0.0,0.0,0.0,0.0,0.0,0.0
70,Viamao,VIA_L3,Sprite,9,0.0,0.0,0.0,0.0,0.0,0.0
70,Viamao,VIA_L3,Sprite,10,0.0,0.0,0.0,0.0,0.0,0.0
70,Viamao,VIA_L3,Sprite,11,0.0,0.0,0.0,0.0,0.0,0.0
70,Viamao,VIA_L3,Sprite,12,0.0,0.0,0.0,0.0,0.0,0.0
70,Viamao,VIA_L3,Sprite,13,0.0,0.0,0.0,0.0,135.57,0.0
70,Viamao,VIA_L3,Sprite,14,0.0,0.0,0.0,0.0,0.0,0.0
70,Viamao,VIA_L3,Sprite,15,0.0,0.0,0.0,0.0,0.0,5065.05
70,Viamao,VIA_L3,Del_Valle_Uva,1,0.0,0.0,0.0,0.0,0.0,0.0
70,Viamao,VIA_L3,Del_Valle_Uva,2,0.0,0.0,0.0,0.0,0.0,0.0
70,Viamao,VIA_L3,Del_Valle_Uva,3,0.0,0.0,0.0,0.0,0.0,0.0
70,Viamao,VIA_L3,Del_Valle_Uva,4,0.0,0.0,0.0,0.0,0.0,0.0
70,Viamao,VIA_L3,Del_Valle_Uva,5,0.0,0.0,0.0,0.0,0.0,0.0
70,Viamao,VIA_L3,Del_Valle_Uva,6,0.0,0.0,0.0,0.0,0.0,0.0
70,Viamao,VIA_L3,Del_Valle_Uva,7,0.0,0.0,0.0,0.0,0.0,11570.57
70,Viamao,VIA_L3,Del_Valle_Uva,8,0.0,0.0,16031.5,0.0,0.0,16031.5
70,Viamao,VIA_L3,Del_Valle_Uva,9,0.0,0.0,0.0,0.0,0.0,0.0
70,Viamao,VIA_L3,Del_Valle_Uva,10,0.0,0.0,0.0,0.0,0.0,0.0
70,Viamao,VIA_L3,Del_Valle_Uva,11,0.0,0.0,0.0,0.0,0.0,0.0
70,Viamao,VIA_L3,Del_Valle_Uva,12,0.0,0.0,0.0,0.0,0.0,559.94
70,Viamao,VIA_L3,Del_Valle_Uva,13,0.0,0.0,0.0,0.0,0.0,0.0
70,Viamao,VIA_L3,Del_Valle_Uva,14,0.0,0.0,0.0,0.0,0.0,0.0
70,Viamao,VIA_L3,Del_Valle_Uva,15,0.0,0.0,26447.38,0.0,0.0,26447.38
70,Viamao,VIA_L3,Pepsi,1,0.0,0.0,0.0,0.0,0.0,0.0
70,Viamao,VIA_L3,Pepsi,2,0.0,0.0,28190.92,0.0,0.0,28190.92
70,Viamao,VIA_L3,Pepsi,3,0.0,0.0,0.0,0.0,0.0,0.0
70,Viamao,VIA_L3,Pepsi,4,0.0,0.0,0.0,0.0,0.0,0.0
70,Viamao,VIA_L3,Pepsi,5,0.0,0.0,0.0,0.0,0.0,10840.55
70,Viamao,VIA_L3,Pepsi,6,0.0,0.0,0.0,0.0,0.0,7117.69
70,Viamao,VIA_L3,Pepsi,7,0.0,0.0,0.0,0.0,0.0,0.0
70,Viamao,VIA_L3,Pepsi,8,0.0,0.0,0.0,0.0,0.0,0.0
70,Viamao,VIA_L3,Pepsi,9,0.0,0.0,0.0,0.0,0.0,0.0
70,Viamao,VIA_L3,Pepsi,10,0.0,0.0,0.0,0.0,0.0,0.0
70,Viamao,VIA_L3,Pepsi,11,0.0,0.0,0.0,0.0,0.0,0.0
70,Viamao,VIA_L3,Pepsi,12,0.0,0.0,0.0,0.0,0.0,0.0
70,Viamao,VIA_L3,Pepsi,13,0.0,0.0,0.0,0.0,0.0,0.0
70,Viamao,VIA_L3,Pepsi,14,0.0,0.0,0.0,0.0,0.0,0.0
70,Viamao,VIA_L3,Pepsi,15,0.0,0.0,0.0,0.0,0.0,0.0
70,Itupeva,ITU_L1,Fanta_Laranja,1,0.0,0.0,0.0,0.0,0.0,0.0
70,Itupeva,ITU_L1,Fanta_Laranja,2,0.0,0.0,0.0,0.0,0.0,0.0
70,Itupeva,ITU_L1,Fanta_Laranja,3,0.0,0.0,0.0,0.0,0.0,0.0
70,Itupeva,ITU_L1,Fanta_Laranja,4,0.0,0.0,0.0,0.0,0.0,0.0
70,Itupeva,ITU_L1,Fanta_Laranja,5,0.0,0.0,0.0,0.0,0.0,0.0
70,Itupeva,ITU_L1,Fanta_Laranja,6,0.0,0.0,0.0,0.0,0.0,0.0
70,Itupeva,ITU_L1,Fanta_Laranja,7,0.0,0.0,0.0,0.0,0.0,6976.36
70,Itupeva,ITU_L1,Fanta_Laranja,8,0.0,0.0,0.0,0.0,0.0,0.0
70,Itupeva,ITU_L1,Fanta_Laranja,9,0.0,0.0,0.0,0.0,0.0,0.0
70,Itupeva,ITU_L1,Fanta_Laranja,10,0.0,0.0,0.0,0.0,0.0,0.0
70,Itupeva,ITU_L1,Fanta_Laranja,11,0.0,0.0,0.0,0.0,0.0,0.0
70,Itupeva,ITU_L1,Fanta_Laranja,12,0.0,0.0,0.0,0.0,0.0,0.0
70,Itupeva,ITU_L1,Fanta_Laranja,13,0.0,0.0,0.0,0.0,0.0,14513.33
70,Itupeva,ITU_L1,Fanta_Laranja,14,0.0,0.0,0.0,0.0,0.0,14689.18
70,Itupeva,ITU_L1,Fanta_Laranja,15,0.0,0.0,0.0,0.0,0.0,0.0
70,Itupeva,ITU_L1,Itubaina,1,0.0,0.0,0.0,0.0,0.0,0.0
70,Itupeva,ITU_L1,Itubaina,2,0.0,0.0,0.0,0.0,0.0,0.0
70,Itupeva,ITU_L1,Itubaina,3,0.0,0.0,0.0,0.0,0.0,0.0
70,Itupeva,ITU_L1,Itubaina,4,0.0,0.0,0.0,0.0,0.0,0.0
70,Itupeva,ITU_L1,Itubaina,5,0.0,0.0,0.0,0.0,0.0,0.0
70,Itupeva,ITU_L1,Itubaina,6,0.0,0.0,0.0,0.0,0.0,2819.1
70,Itupeva,ITU_L1,Itubaina,7,0.0,0.0,0.0,0.0,0.0,0.0
70,Itupeva,ITU_L1,Itubaina,8,0.0,0.0,0.0,0.0,0.0,0.0
70,Itupeva,ITU_L1,Itubaina,9,0.0,0.0,0.0,0.0,0.0,0.0
70,Itupeva,ITU_L1,Itubaina,10,0.0,0.0,0.0,0.0,0.0,0.0
70,Itupeva,ITU_L1,Itubaina,11,0.0,0.0,0.0,0.0,0.0,0.0
70,Itupeva,ITU_L1,Itubaina,12,0.0,0.0,0.0,0.0,0.0,0.0
70,Itupeva,ITU_L1,Itubaina,13,0.0,0.0,0.0,0.0,0.0,0.0
70,Itupeva,ITU_L1,Itubaina,14,0.0,0.0,0.0,0.0,0.0,0.0
70,Itupeva,ITU_L1,Itubaina,15,0.0,0.0,0.0,0.0,0.0,0.0
70,Itupeva,ITU_L1,Skol_Lata,1,0.0,0.0,0.0,0.0,7523.380000000003,0.0
70,Itupeva,ITU_L1,Skol_Lata,2,0.0,0.0,0.0,0.0,17879.89,0.0
70,Itupeva,ITU_L1,Skol_Lata,3,0.0,0.0,0.0,0.0,11625.17000000001,0.0
70,Itupeva,ITU_L1,Skol_Lata,4,0.0,0.0,0.0,0.0,0.0,9148.64
70,Itupeva,ITU_L1,Skol_Lata,5,0.0,0.0,0.0,0.0,3865.319999999998,0.0
70,Itupeva,ITU_L1,Skol_Lata,6,0.0,0.0,0.0,0.0,2200.289999999999,0.0
70,Itupeva,ITU_L1,Skol_Lata,7,0.0,0.0,0.0,0.0,3687.040000000001,0.0
70,Itupeva,ITU_L1,Skol_Lata,8,0.0,0.0,0.0,0.0,0.0,0.0
70,Itupeva,ITU_L1,Skol_Lata,9,0.0,0.0,0.0,0.0,0.0,12883.96
70,Itupeva,ITU_L1,Skol_Lata,10,0.0,0.0,0.0,0.0,0.0,0.0
70,Itupeva,ITU_L1,Skol_Lata,11,0.0,0.0,0.0,0.0,13521.46999999999,22312.23
70,Itupeva,ITU_L1,Skol_Lata,12,0.0,0.0,0.0,0.0,5700.370000000003,0.0
70,Itupeva,ITU_L1,Skol_Lata,13,0.0,0.0,0.0,0.0,0.0,0.0
70,Itupeva,ITU_L1,Skol_Lata,14,0.0,0.0,0.0,0.0,0.0,0.0
70,Itupeva,ITU_L1,Skol_Lata,15,0.0,0.0,0.0,0.0,26054.55,0.0
70,Itupeva,ITU_L1,Heineken_Lata,1,0.0,0.0,0.0,0.0,0.0,14275.19
70,Itupeva,ITU_L1,Heineken_Lata,2,0.0,0.0,0.0,0.0,0.0,0.0
70,Itupeva,ITU_L1,Heineken_Lata,3,0.0,0.0,0.0,0.0,0.0,0.0
70,Itupeva,ITU_L1,Heineken_Lata,4,0.0,0.0,0.0,0.0,0.0,0.0
70,Itupeva,ITU_L1,Heineken_Lata,5,0.0,0.0,0.0,0.0,0.0,0.0
70,Itupeva,ITU_L1,Heineken_Lata,6,0.0,0.0,0.0,0.0,0.0,0.0
70,Itupeva,ITU_L1,Heineken_Lata,7,0.0,0.0,0.0,0.0,0.0,9773.9
70,Itupeva,ITU_L1,Heineken_Lata,8,0.0,0.0,0.0,0.0,0.0,0.0
70,Itupeva,ITU_L1,Heineken_Lata,9,0.0,0.0,0.0,0.0,0.0,0.0
70,Itupeva,ITU_L1,Heineken_Lata,10,0.0,0.0,0.0,0.0,0.0,0.0
70,Itupeva,ITU_L1,Heineken_Lata,11,0.0,0.0,0.0,0.0,0.0,0.0
70,Itupeva,ITU_L1,Heineken_Lata,12,0.0,0.0,0.0,0.0,0.0,0.0
70,Itupeva,ITU_L1,Heineken_Lata,13,0.0,0.0,0.0,0.0,0.0,0.0
70,Itupeva,ITU_L1,Heineken_Lata,14,0.0,0.0,0.0,0.0,0.0,0.0
70,Itupeva,ITU_L1,Heineken_Lata,15,0.0,0.0,0.0,0.0,0.0,0.0
70,Itupeva,ITU_L1,Coca_Cola_Zero,1,0.0,0.0,0.0,0.0,0.0,0.0
70,Itupeva,ITU_L1,Coca_Cola_Zero,2,0.0,0.0,0.0,0.0,0.0,0.0
70,Itupeva,ITU_L1,Coca_Cola_Zero,3,0.0,0.0,15041.76,0.0,0.0,15041.76
70,Itupeva,ITU_L1,Coca_Cola_Zero,4,0.0,0.0,0.0,0.0,0.0,0.0
70,Itupeva,ITU_L1,Coca_Cola_Zero,5,0.0,0.0,0.0,0.0,0.0,0.0
70,Itupeva,ITU_L1,Coca_Cola_Zero,6,0.0,0.0,0.0,0.0,0.0,0.0
70,Itupeva,ITU_L1,Coca_Cola_Zero,7,0.0,0.0,0.0,0.0,0.0,0.0
70,Itupeva,ITU_L1,Coca_Cola_Zero,8,0.0,0.0,0.0,0.0,0.0,0.0
70,Itupeva,ITU_L1,Coca_Cola_Zero,9,0.0,0.0,0.0,0.0,0.0,0.0
70,Itupeva,ITU_L1,Coca_Cola_Zero,10,0.0,0.0,0.0,0.0,0.0,0.0
70,Itupeva,ITU_L1,Coca_Cola_Zero,11,0.0,0.0,0.0,0.0,0.0,0.0
70,Itupeva,ITU_L1,Coca_Cola_Zero,12,0.0,0.0,0.0,0.0,0.0,4092.16
70,Itupeva,ITU_L1,Coca_Cola_Zero,13,0.0,0.0,0.0,0.0,0.0,0.0
70,Itupeva,ITU_L1,Coca_Cola_Zero,14,0.0,0.0,0.0,0.0,0.0,0.0
70,Itupeva,ITU_L1,Coca_Cola_Zero,15,0.0,0.0,0.0,0.0,0.0,0.0
70,Itupeva,ITU_L1,Antarctica_Lata,1,0.0,0.0,0.0,0.0,0.0,11845.29
70,Itupeva,ITU_L1,Antarctica_Lata,2,0.0,0.0,0.0,0.0,0.0,0.0
70,Itupeva,ITU_L1,Antarctica_Lata,3,0.0,0.0,0.0,0.0,0.0,0.0
70,Itupeva,ITU_L1,Antarctica_Lata,4,0.0,0.0,16169.4,0.0,0.0,16169.4
70,Itupeva,ITU_L1,Antarctica_Lata,5,0.0,0.0,0.0,0.0,0.0,0.0
70,Itupeva,ITU_L1,Antarctica_Lata,6,0.0,0.0,0.0,0.0,0.0,0.0
70,Itupeva,ITU_L1,Antarctica_Lata,7,0.0,0.0,0.0,0.0,0.0,7285.32
70,Itupeva,ITU_L1,Antarctica_Lata,8,0.0,0.0,0.0,0.0,0.0,0.0
70,Itupeva,ITU_L1,Antarctica_Lata,9,0.0,0.0,0.0,0.0,0.0,0.0
70,Itupeva,ITU_L1,Antarctica_Lata,10,0.0,0.0,0.0,0.0,0.0,0.0
70,Itupeva,ITU_L1,Antarctica_Lata,11,0.0,0.0,0.0,0.0,0.0,0.0
70,Itupeva,ITU_L1,Antarctica_Lata,12,0.0,0.0,0.0,0.0,0.0,0.0
70,Itupeva,ITU_L1,Antarctica_Lata,13,0.0,0.0,0.0,0.0,0.0,8909.26
70,Itupeva,ITU_L1,Antarctica_Lata,14,0.0,0.0,0.0,0.0,0.0,0.0
70,Itupeva,ITU_L1,Antarctica_Lata,15,0.0,0.0,0.0,0.0,0.0,0.0
70,Itupeva,ITU_L1,Spaten_Lata,1,0.0,0.0,3674.44,0.0,0.0,3674.44
70,Itupeva,ITU_L1,Spaten_Lata,2,0.0,0.0,0.0,0.0,0.0,0.0
70,Itupeva,ITU_L1,Spaten_Lata,3,0.0,0.0,0.0,0.0,0.0,0.0
70,Itupeva,ITU_L1,Spaten_Lata,4,0.0,0.0,0.0,0.0,0.0,0.0
70,Itupeva,ITU_L1,Spaten_Lata,5,0.0,0.0,0.0,0.0,0.0,0.0
70,Itupeva,ITU_L1,Spaten_Lata,6,0.0,0.0,0.0,0.0,0.0,0.0
70,Itupeva,ITU_L1,Spaten_Lata,7,0.0,0.0,0.0,0.0,0.0,0.0
70,Itupeva,ITU_L1,Spaten_Lata,8,0.0,0.0,0.0,0.0,0.0,0.0
70,Itupeva,ITU_L1,Spaten_Lata,9,0.0,0.0,0.0,0.0,0.0,0.0
70,Itupeva,ITU_L1,Spaten_Lata,10,0.0,0.0,0.0,0.0,0.0,0.0
70,Itupeva,ITU_L1,Spaten_Lata,11,0.0,0.0,0.0,0.0,0.0,0.0
70,Itupeva,ITU_L1,Spaten_Lata,12,0.0,0.0,0.0,0.0,0.0,0.0
70,Itupeva,ITU_L1,Spaten_Lata,13,0.0,0.0,0.0,0.0,0.0,0.0
70,Itupeva,ITU_L1,Spaten_Lata,14,0.0,0.0,0.0,0.0,0.0,0.0
70,Itupeva,ITU_L1,Spaten_Lata,15,0.0,0.0,0.0,0.0,0.0,0.0
70,Itupeva,ITU_L1,Maguary_Caju,1,0.0,0.0,0.0,0.0,0.0,6336.16
70,Itupeva,ITU_L1,Maguary_Caju,2,0.0,0.0,0.0,0.0,0.0,0.0
70,Itupeva,ITU_L1,Maguary_Caju,3,0.0,0.0,0.0,0.0,0.0,5423.0
70,Itupeva,ITU_L1,Maguary_Caju,4,0.0,0.0,0.0,0.0,0.0,0.0
70,Itupeva,ITU_L1,Maguary_Caju,5,0.0,0.0,0.0,0.0,0.0,0.0
70,Itupeva,ITU_L1,Maguary_Caju,6,0.0,0.0,0.0,0.0,0.0,0.0
70,Itupeva,ITU_L1,Maguary_Caju,7,0.0,0.0,0.0,0.0,0.0,0.0
70,Itupeva,ITU_L1,Maguary_Caju,8,0.0,0.0,0.0,0.0,0.0,0.0
70,Itupeva,ITU_L1,Maguary_Caju,9,0.0,0.0,16048.86,0.0,0.0,16048.86
70,Itupeva,ITU_L1,Maguary_Caju,10,0.0,0.0,0.0,0.0,0.0,0.0
70,Itupeva,ITU_L1,Maguary_Caju,11,0.0,0.0,0.0,0.0,0.0,0.0
70,Itupeva,ITU_L1,Maguary_Caju,12,0.0,0.0,0.0,0.0,0.0,0.0
70,Itupeva,ITU_L1,Maguary_Caju,13,0.0,0.0,0.0,0.0,0.0,0.0
70,Itupeva,ITU_L1,Maguary_Caju,14,0.0,0.0,0.0,0.0,0.0,0.0
70,Itupeva,ITU_L1,Maguary_Caju,15,0.0,0.0,0.0,0.0,0.0,0.0
70,Itupeva,ITU_L1,Del_Valle_Pessego,1,36792.0,0.0,0.0,0.0,36792.0,0.0
70,Itupeva,ITU_L1,Del_Valle_Pessego,2,37165.049999999996,0.0,0.0,0.0,37165.049999999996,27688.98
70,Itupeva,ITU_L1,Del_Valle_Pessego,3,38280.0,0.0,0.0,0.0,38280.0,0.0
70,Itupeva,ITU_L1,Del_Valle_Pessego,4,19988.13,0.0,0.0,0.0,19988.13,0.0
70,Itupeva,ITU_L1,Del_Valle_Pessego,5,37392.0,0.0,0.0,0.0,37392.0,0.0
70,Itupeva,ITU_L1,Del_Valle_Pessego,6,18615.759999999995,0.0,0.0,0.0,18615.759999999995,415.82
70,Itupeva,ITU_L1,Del_Valle_Pessego,7,6635.73,0.0,0.0,0.0,6635.73,0.0
70,Itupeva,ITU_L1,Del_Valle_Pessego,8,0.0,0.0,0.0,0.0,0.0,0.0
70,Itupeva,ITU_L1,Del_Valle_Pessego,9,15075.939999999991,0.0,0.0,0.0,15075.939999999991,0.0
70,Itupeva,ITU_L1,Del_Valle_Pessego,10,38256.0,0.0,0.0,0.0,38256.00000000001,26312.21
70,Itupeva,ITU_L1,Del_Valle_Pessego,11,38904.0,0.0,0.0,0.0,38904.0,0.0
70,Itupeva,ITU_L1,Del_Valle_Pessego,12,4690.440000000001,0.0,0.0,0.0,4690.440000000001,14643.55
70,Itupeva,ITU_L1,Del_Valle_Pessego,13,27467.940000000002,0.0,0.0,0.0,27467.940000000002,0.0
70,Itupeva,ITU_L1,Del_Valle_Pessego,14,26871.819999999985,0.0,9031.74,0.0,17840.079999999987,0.0
70,Itupeva,ITU_L1,Del_Valle_Pessego,15,37632.0,0.0,0.0,0.0,37632.00000000001,32842.479999999996
70,Itupeva,ITU_L1,Stella_Artois_Pure_Gold,1,0.0,0.0,0.0,0.0,0.0,0.0
70,Itupeva,ITU_L1,Stella_Artois_Pure_Gold,2,0.0,0.0,0.0,0.0,0.0,0.0
70,Itupeva,ITU_L1,Stella_Artois_Pure_Gold,3,0.0,0.0,0.0,0.0,0.0,0.0
70,Itupeva,ITU_L1,Stella_Artois_Pure_Gold,4,0.0,0.0,0.0,0.0,20282.14,20282.14
70,Itupeva,ITU_L1,Stella_Artois_Pure_Gold,5,0.0,0.0,0.0,0.0,0.0,0.0
70,Itupeva,ITU_L1,Stella_Artois_Pure_Gold,6,0.0,0.0,0.0,0.0,0.0,0.0
70,Itupeva,ITU_L1,Stella_Artois_Pure_Gold,7,0.0,0.0,0.0,0.0,0.0,0.0
70,Itupeva,ITU_L1,Stella_Artois_Pure_Gold,8,0.0,0.0,0.0,0.0,0.0,0.0
70,Itupeva,ITU_L1,Stella_Artois_Pure_Gold,9,0.0,0.0,0.0,0.0,0.0,0.0
70,Itupeva,ITU_L1,Stella_Artois_Pure_Gold,10,0.0,0.0,0.0,0.0,0.0,0.0
70,Itupeva,ITU_L1,Stella_Artois_Pure_Gold,11,0.0,0.0,0.0,0.0,0.0,0.0
70,Itupeva,ITU_L1,Stella_Artois_Pure_Gold,12,0.0,0.0,0.0,0.0,0.0,0.0
70,Itupeva,ITU_L1,Stella_Artois_Pure_Gold,13,0.0,0.0,0.0,0.0,0.0,0.0
70,Itupeva,ITU_L1,Stella_Artois_Pure_Gold,14,0.0,0.0,0.0,0.0,5527.529999999998,5527.529999999998
70,Itupeva,ITU_L1,Stella_Artois_Pure_Gold,15,0.0,0.0,0.0,0.0,0.0,0.0
70,Itupeva,ITU_L1,Sprite_Zero,1,0.0,0.0,0.0,0.0,0.0,0.0
70,Itupeva,ITU_L1,Sprite_Zero,2,0.0,0.0,0.0,0.0,0.0,0.0
70,Itupeva,ITU_L1,Sprite_Zero,3,0.0,0.0,0.0,0.0,0.0,0.0
70,Itupeva,ITU_L1,Sprite_Zero,4,0.0,6842.079999999998,0.0,0.0,0.0,6842.079999999998
70,Itupeva,ITU_L1,Sprite_Zero,5,0.0,0.0,0.0,0.0,6842.079999999998,0.0
70,Itupeva,ITU_L1,Sprite_Zero,6,0.0,0.0,0.0,0.0,0.0,0.0
70,Itupeva,ITU_L1,Sprite_Zero,7,0.0,0.0,0.0,0.0,0.0,0.0
70,Itupeva,ITU_L1,Sprite_Zero,8,0.0,0.0,0.0,0.0,0.0,0.0
70,Itupeva,ITU_L1,Sprite_Zero,9,0.0,0.0,0.0,0.0,0.0,0.0
70,Itupeva,ITU_L1,Sprite_Zero,10,0.0,0.0,0.0,0.0,0.0,0.0
70,Itupeva,ITU_L1,Sprite_Zero,11,0.0,0.0,0.0,0.0,0.0,0.0
70,Itupeva,ITU_L1,Sprite_Zero,12,0.0,0.0,0.0,0.0,0.0,0.0
70,Itupeva,ITU_L1,Sprite_Zero,13,0.0,10865.309999999998,0.0,0.0,0.0,10865.309999999998
70,Itupeva,ITU_L1,Sprite_Zero,14,0.0,0.0,0.0,0.0,10865.309999999998,0.0
70,Itupeva,ITU_L1,Sprite_Zero,15,0.0,0.0,0.0,0.0,0.0,0.0
70,Itupeva,ITU_L1,Kuat,1,0.0,0.0,0.0,0.0,0.0,0.0
70,Itupeva,ITU_L1,Kuat,2,0.0,0.0,0.0,0.0,0.0,0.0
70,Itupeva,ITU_L1,Kuat,3,0.0,0.0,0.0,0.0,0.0,0.0
70,Itupeva,ITU_L1,Kuat,4,0.0,0.0,0.0,0.0,0.0,0.0
70,Itupeva,ITU_L1,Kuat,5,0.0,0.0,0.0,0.0,0.0,0.0
70,Itupeva,ITU_L1,Kuat,6,0.0,0.0,0.0,0.0,0.0,11852.65
70,Itupeva,ITU_L1,Kuat,7,0.0,0.0,0.0,0.0,0.0,0.0
70,Itupeva,ITU_L1,Kuat,8,0.0,0.0,0.0,0.0,0.0,0.0
70,Itupeva,ITU_L1,Kuat,9,0.0,0.0,0.0,0.0,0.0,0.0
70,Itupeva,ITU_L1,Kuat,10,0.0,0.0,0.0,0.0,0.0,8215.1
70,Itupeva,ITU_L1,Kuat,11,0.0,0.0,0.0,0.0,0.0,0.0
70,Itupeva,ITU_L1,Kuat,12,0.0,0.0,0.0,0.0,0.0,0.0
70,Itupeva,ITU_L1,Kuat,13,0.0,0.0,10604.84,0.0,0.0,10604.84
70,Itupeva,ITU_L1,Kuat,14,0.0,0.0,0.0,0.0,0.0,0.0
70,Itupeva,ITU_L1,Kuat,15,0.0,0.0,2016.51,0.0,0.0,8123.17
70,Itupeva,ITU_L1,Sukita_Laranja,1,0.0,0.0,0.0,0.0,0.0,0.0
70,Itupeva,ITU_L1,Sukita_Laranja,2,0.0,0.0,0.0,0.0,0.0,0.0
70,Itupeva,ITU_L1,Sukita_Laranja,3,0.0,0.0,0.0,0.0,0.0,0.0
70,Itupeva,ITU_L1,Sukita_Laranja,4,0.0,0.0,0.0,0.0,0.0,18107.13
70,Itupeva,ITU_L1,Sukita_Laranja,5,0.0,0.0,0.0,0.0,0.0,0.0
70,Itupeva,ITU_L1,Sukita_Laranja,6,0.0,0.0,0.0,0.0,0.0,0.0
70,Itupeva,ITU_L1,Sukita_Laranja,7,0.0,0.0,0.0,0.0,0.0,0.0
70,Itupeva,ITU_L1,Sukita_Laranja,8,0.0,0.0,0.0,0.0,0.0,11230.32
70,Itupeva,ITU_L1,Sukita_Laranja,9,0.0,0.0,0.0,0.0,0.0,0.0
70,Itupeva,ITU_L1,Sukita_Laranja,10,0.0,0.0,0.0,0.0,0.0,0.0
70,Itupeva,ITU_L1,Sukita_Laranja,11,0.0,0.0,0.0,0.0,0.0,0.0
70,Itupeva,ITU_L1,Sukita_Laranja,12,0.0,0.0,0.0,0.0,0.0,3648.41
70,Itupeva,ITU_L1,Sukita_Laranja,13,0.0,0.0,0.0,0.0,0.0,12719.09
70,Itupeva,ITU_L1,Sukita_Laranja,14,0.0,0.0,0.0,0.0,0.0,0.0
70,Itupeva,ITU_L1,Sukita_Laranja,15,0.0,0.0,10403.69,0.0,0.0,10403.69
70,Itupeva,ITU_L1,Budweiser_Lata,1,0.0,0.0,0.0,0.0,0.0,0.0
70,Itupeva,ITU_L1,Budweiser_Lata,2,0.0,0.0,0.0,0.0,0.0,0.0
70,Itupeva,ITU_L1,Budweiser_Lata,3,0.0,0.0,0.0,0.0,0.0,0.0
70,Itupeva,ITU_L1,Budweiser_Lata,4,0.0,0.0,0.0,0.0,0.0,0.0
70,Itupeva,ITU_L1,Budweiser_Lata,5,0.0,0.0,0.0,0.0,0.0,0.0
70,Itupeva,ITU_L1,Budweiser_Lata,6,0.0,0.0,0.0,0.0,0.0,0.0
70,Itupeva,ITU_L1,Budweiser_Lata,7,0.0,0.0,0.0,0.0,0.0,0.0
70,Itupeva,ITU_L1,Budweiser_Lata,8,0.0,0.0,0.0,0.0,0.0,0.0
70,Itupeva,ITU_L1,Budweiser_Lata,9,0.0,0.0,0.0,0.0,0.0,0.0
70,Itupeva,ITU_L1,Budweiser_Lata,10,0.0,0.0,0.0,0.0,0.0,0.0
70,Itupeva,ITU_L1,Budweiser_Lata,11,0.0,0.0,15837.48,0.0,0.0,15837.48
70,Itupeva,ITU_L1,Budweiser_Lata,12,0.0,0.0,0.0,0.0,0.0,0.0
70,Itupeva,ITU_L1,Budweiser_Lata,13,0.0,0.0,0.0,0.0,0.0,0.0
70,Itupeva,ITU_L1,Budweiser_Lata,14,0.0,0.0,0.0,0.0,0.0,0.0
70,Itupeva,ITU_L1,Budweiser_Lata,15,0.0,0.0,0.0,0.0,0.0,0.0
70,Itupeva,ITU_L1,Guarana_Antarctica_Zero,1,0.0,0.0,11554.6,0.0,0.0,11554.6
70,Itupeva,ITU_L1,Guarana_Antarctica_Zero,2,990.7599999999984,0.0,0.0,0.0,990.7599999999984,0.0
70,Itupeva,ITU_L1,Guarana_Antarctica_Zero,3,0.0,0.0,0.0,0.0,0.0,0.0
70,Itupeva,ITU_L1,Guarana_Antarctica_Zero,4,15747.869999999999,0.0,0.0,0.0,15747.869999999999,0.0
70,Itupeva,ITU_L1,Guarana_Antarctica_Zero,5,0.0,0.0,0.0,0.0,0.0,0.0
70,Itupeva,ITU_L1,Guarana_Antarctica_Zero,6,18944.240000000005,0.0,20928.04,0.0,0.0,1983.7999999999956
70,Itupeva,ITU_L1,Guarana_Antarctica_Zero,7,0.0,0.0,0.0,0.0,0.0,0.0
70,Itupeva,ITU_L1,Guarana_Antarctica_Zero,8,0.0,0.0,0.0,0.0,0.0,0.0
70,Itupeva,ITU_L1,Guarana_Antarctica_Zero,9,0.0,0.0,0.0,0.0,0.0,0.0
70,Itupeva,ITU_L1,Guarana_Antarctica_Zero,10,0.0,0.0,0.0,0.0,0.0,0.0
70,Itupeva,ITU_L1,Guarana_Antarctica_Zero,11,0.0,0.0,0.0,0.0,0.0,0.0
70,Itupeva,ITU_L1,Guarana_Antarctica_Zero,12,33685.56,0.0,25427.58,0.0,8257.98,0.0
70,Itupeva,ITU_L1,Guarana_Antarctica_Zero,13,0.0,0.0,0.0,0.0,0.0,0.0
70,Itupeva,ITU_L1,Guarana_Antarctica_Zero,14,0.0,0.0,0.0,0.0,0.0,12536.81
70,Itupeva,ITU_L1,Guarana_Antarctica_Zero,15,0.0,0.0,0.0,0.0,0.0,0.0
70,Itupeva,ITU_L1,Itaipava_Lata,1,0.0,0.0,0.0,0.0,29220.62,0.0
70,Itupeva,ITU_L1,Itaipava_Lata,2,0.0,0.0,0.0,0.0,8988.08,0.0
70,Itupeva,ITU_L1,Itaipava_Lata,3,0.0,0.0,0.0,0.0,32351.07,0.0
70,Itupeva,ITU_L1,Itaipava_Lata,4,0.0,0.0,0.0,0.0,35784.0,0.0
70,Itupeva,ITU_L1,Itaipava_Lata,5,0.0,0.0,24842.4,0.0,38376.0,24842.4
70,Itupeva,ITU_L1,Itaipava_Lata,6,0.0,0.0,0.0,0.0,40224.00000000001,0.0
70,Itupeva,ITU_L1,Itaipava_Lata,7,0.0,0.0,0.0,0.0,38064.0,0.0
70,Itupeva,ITU_L1,Itaipava_Lata,8,0.0,0.0,0.0,0.0,34504.84,0.0
70,Itupeva,ITU_L1,Itaipava_Lata,9,0.0,0.0,0.0,0.0,38640.0,8275.57
70,Itupeva,ITU_L1,Itaipava_Lata,10,0.0,0.0,0.0,0.0,39432.0,0.0
70,Itupeva,ITU_L1,Itaipava_Lata,11,0.0,0.0,0.0,0.0,32105.21,0.0
70,Itupeva,ITU_L1,Itaipava_Lata,12,0.0,0.0,0.0,0.0,32339.629999999994,0.0
70,Itupeva,ITU_L1,Itaipava_Lata,13,0.0,0.0,0.0,0.0,38520.0,0.0
70,Itupeva,ITU_L1,Itaipava_Lata,14,0.0,0.0,0.0,0.0,38376.0,0.0
70,Itupeva,ITU_L1,Itaipava_Lata,15,0.0,0.0,0.0,0.0,5992.93,5992.93
70,Itupeva,ITU_L1,Brahma_Lata,1,0.0,0.0,0.0,0.0,0.0,18621.49
70,Itupeva,ITU_L1,Brahma_Lata,2,0.0,0.0,0.0,0.0,0.0,0.0
70,Itupeva,ITU_L1,Brahma_Lata,3,0.0,0.0,0.0,0.0,0.0,0.0
70,Itupeva,ITU_L1,Brahma_Lata,4,0.0,0.0,5378.44,0.0,0.0,17410.579999999998
70,Itupeva,ITU_L1,Brahma_Lata,5,0.0,0.0,0.0,0.0,0.0,0.0
70,Itupeva,ITU_L1,Brahma_Lata,6,0.0,0.0,0.0,0.0,0.0,0.0
70,Itupeva,ITU_L1,Brahma_Lata,7,0.0,0.0,0.0,0.0,0.0,7809.18
70,Itupeva,ITU_L1,Brahma_Lata,8,0.0,0.0,0.0,0.0,0.0,42192.84
70,Itupeva,ITU_L1,Brahma_Lata,9,0.0,0.0,0.0,0.0,0.0,0.0
70,Itupeva,ITU_L1,Brahma_Lata,10,0.0,0.0,0.0,0.0,0.0,0.0
70,Itupeva,ITU_L1,Brahma_Lata,11,0.0,0.0,0.0,0.0,0.0,0.0
70,Itupeva,ITU_L1,Brahma_Lata,12,0.0,0.0,0.0,0.0,0.0,10488.7
70,Itupeva,ITU_L1,Brahma_Lata,13,6118.4299999999885,0.0,0.0,0.0,6118.4299999999885,0.0
70,Itupeva,ITU_L1,Brahma_Lata,14,0.0,0.0,0.0,0.0,0.0,0.0
70,Itupeva,ITU_L1,Brahma_Lata,15,0.0,0.0,0.0,0.0,0.0,0.0
70,Itupeva,ITU_L1,Eisenbahn_Pilsen,1,0.0,0.0,0.0,0.0,0.0,0.0
70,Itupeva,ITU_L1,Eisenbahn_Pilsen,2,0.0,0.0,0.0,0.0,0.0,0.0
70,Itupeva,ITU_L1,Eisenbahn_Pilsen,3,0.0,0.0,0.0,0.0,0.0,0.0
70,Itupeva,ITU_L1,Eisenbahn_Pilsen,4,0.0,0.0,4157.38,0.0,0.0,4157.38
70,Itupeva,ITU_L1,Eisenbahn_Pilsen,5,0.0,0.0,0.0,0.0,0.0,0.0
70,Itupeva,ITU_L1,Eisenbahn_Pilsen,6,0.0,0.0,0.0,0.0,0.0,0.0
70,Itupeva,ITU_L1,Eisenbahn_Pilsen,7,0.0,0.0,0.0,0.0,0.0,0.0
70,Itupeva,ITU_L1,Eisenbahn_Pilsen,8,0.0,0.0,0.0,0.0,0.0,0.0
70,Itupeva,ITU_L1,Eisenbahn_Pilsen,9,0.0,0.0,0.0,0.0,0.0,0.0
70,Itupeva,ITU_L1,Eisenbahn_Pilsen,10,0.0,0.0,0.0,0.0,0.0,0.0
70,Itupeva,ITU_L1,Eisenbahn_Pilsen,11,0.0,0.0,0.0,0.0,0.0,0.0
70,Itupeva,ITU_L1,Eisenbahn_Pilsen,12,0.0,0.0,0.0,0.0,0.0,0.0
70,Itupeva,ITU_L1,Eisenbahn_Pilsen,13,0.0,0.0,0.0,0.0,0.0,0.0
70,Itupeva,ITU_L1,Eisenbahn_Pilsen,14,0.0,0.0,0.0,0.0,0.0,12512.62
70,Itupeva,ITU_L1,Eisenbahn_Pilsen,15,0.0,0.0,12648.1,0.0,0.0,12648.1
70,Itupeva,ITU_L1,Pepsi_Black,1,0.0,0.0,0.0,0.0,0.0,0.0
70,Itupeva,ITU_L1,Pepsi_Black,2,0.0,0.0,0.0,0.0,299.94,299.94
70,Itupeva,ITU_L1,Pepsi_Black,3,0.0,0.0,0.0,0.0,0.0,0.0
70,Itupeva,ITU_L1,Pepsi_Black,4,0.0,0.0,0.0,0.0,0.0,0.0
70,Itupeva,ITU_L1,Pepsi_Black,5,0.0,0.0,0.0,0.0,0.0,25000.63
70,Itupeva,ITU_L1,Pepsi_Black,6,0.0,0.0,0.0,0.0,0.0,0.0
70,Itupeva,ITU_L1,Pepsi_Black,7,29964.27,0.0,0.0,0.0,29964.27,0.0
70,Itupeva,ITU_L1,Pepsi_Black,8,0.0,0.0,0.0,0.0,0.0,0.0
70,Itupeva,ITU_L1,Pepsi_Black,9,16477.21,0.0,0.0,0.0,16477.21,0.0
70,Itupeva,ITU_L1,Pepsi_Black,10,0.0,0.0,0.0,0.0,0.0,0.0
70,Itupeva,ITU_L1,Pepsi_Black,11,0.0,0.0,0.0,0.0,0.0,0.0
70,Itupeva,ITU_L1,Pepsi_Black,12,0.0,0.0,0.0,0.0,0.0,0.0
70,Itupeva,ITU_L1,Pepsi_Black,13,0.0,0.0,0.0,0.0,6782.61,6782.61
70,Itupeva,ITU_L1,Pepsi_Black,14,0.0,0.0,10524.03,0.0,0.0,10524.03
70,Itupeva,ITU_L1,Pepsi_Black,15,0.0,0.0,0.0,0.0,0.0,0.0
70,Itupeva,ITU_L1,Guarana_Antarctica,1,0.0,0.0,0.0,0.0,33823.700000000004,0.0
70,Itupeva,ITU_L1,Guarana_Antarctica,2,0.0,0.0,12178.58,0.0,838.8600000000012,27126.629999999997
70,Itupeva,ITU_L1,Guarana_Antarctica,3,0.0,0.0,0.0,0.0,0.0,9234.880000000001
70,Itupeva,ITU_L1,Guarana_Antarctica,4,0.0,0.0,0.0,0.0,36843.85,0.0
70,Itupeva,ITU_L1,Guarana_Antarctica,5,0.0,0.0,0.0,0.0,0.0,0.0
70,Itupeva,ITU_L1,Guarana_Antarctica,6,0.0,0.0,0.0,0.0,0.0,3432.5600000000013
70,Itupeva,ITU_L1,Guarana_Antarctica,7,0.0,0.0,27164.44,0.0,22254.390000000003,44807.27
70,Itupeva,ITU_L1,Guarana_Antarctica,8,0.0,0.0,0.0,0.0,31266.94,0.0
70,Itupeva,ITU_L1,Guarana_Antarctica,9,0.0,0.0,0.0,0.0,0.0,0.0
70,Itupeva,ITU_L1,Guarana_Antarctica,10,0.0,0.0,0.0,0.0,0.0,0.0
70,Itupeva,ITU_L1,Guarana_Antarctica,11,0.0,0.0,0.0,0.0,20804.81000000001,0.0
70,Itupeva,ITU_L1,Guarana_Antarctica,12,0.0,0.0,0.0,0.0,0.0,0.0
70,Itupeva,ITU_L1,Guarana_Antarctica,13,0.0,0.0,0.0,0.0,191.9300000000014,2181.6699999999882
70,Itupeva,ITU_L1,Guarana_Antarctica,14,0.0,0.0,0.0,0.0,26195.09999999999,0.0
70,Itupeva,ITU_L1,Guarana_Antarctica,15,0.0,0.0,0.0,0.0,8088.65,0.0
70,Itupeva,ITU_L1,Amstel_Lata,1,0.0,0.0,11177.76,0.0,0.0,11177.76
70,Itupeva,ITU_L1,Amstel_Lata,2,0.0,0.0,0.0,0.0,0.0,0.0
70,Itupeva,ITU_L1,Amstel_Lata,3,0.0,0.0,0.0,0.0,0.0,0.0
70,Itupeva,ITU_L1,Amstel_Lata,4,0.0,0.0,0.0,0.0,0.0,0.0
70,Itupeva,ITU_L1,Amstel_Lata,5,0.0,0.0,0.0,0.0,0.0,0.0
70,Itupeva,ITU_L1,Amstel_Lata,6,0.0,0.0,0.0,0.0,0.0,12801.07
70,Itupeva,ITU_L1,Amstel_Lata,7,0.0,0.0,0.0,0.0,0.0,8219.66
70,Itupeva,ITU_L1,Amstel_Lata,8,0.0,0.0,0.0,0.0,0.0,0.0
70,Itupeva,ITU_L1,Amstel_Lata,9,0.0,0.0,0.0,0.0,0.0,0.0
70,Itupeva,ITU_L1,Amstel_Lata,10,0.0,0.0,27698.33,0.0,0.0,27698.33
70,Itupeva,ITU_L1,Amstel_Lata,11,0.0,0.0,3594.44,0.0,0.0,3594.44
70,Itupeva,ITU_L1,Amstel_Lata,12,0.0,0.0,0.0,0.0,0.0,0.0
70,Itupeva,ITU_L1,Amstel_Lata,13,3613.6300000000074,0.0,14271.55,0.0,0.0,18258.89999999999
70,Itupeva,ITU_L1,Amstel_Lata,14,0.0,0.0,0.0,0.0,0.0,0.0
70,Itupeva,ITU_L1,Amstel_Lata,15,0.0,0.0,0.0,0.0,0.0,0.0
70,Itupeva,ITU_L1,Del_Valle_Laranja,1,0.0,0.0,0.0,0.0,0.0,0.0
70,Itupeva,ITU_L1,Del_Valle_Laranja,2,0.0,0.0,0.0,0.0,0.0,0.0
70,Itupeva,ITU_L1,Del_Valle_Laranja,3,0.0,0.0,0.0,0.0,0.0,9090.18
70,Itupeva,ITU_L1,Del_Valle_Laranja,4,0.0,0.0,0.0,0.0,0.0,0.0
70,Itupeva,ITU_L1,Del_Valle_Laranja,5,0.0,0.0,0.0,0.0,0.0,0.0
70,Itupeva,ITU_L1,Del_Valle_Laranja,6,0.0,0.0,0.0,0.0,0.0,0.0
70,Itupeva,ITU_L1,Del_Valle_Laranja,7,0.0,0.0,0.0,0.0,0.0,0.0
70,Itupeva,ITU_L1,Del_Valle_Laranja,8,0.0,0.0,25281.98,0.0,0.0,25281.98
70,Itupeva,ITU_L1,Del_Valle_Laranja,9,0.0,0.0,0.0,0.0,0.0,0.0
70,Itupeva,ITU_L1,Del_Valle_Laranja,10,0.0,0.0,0.0,0.0,0.0,0.0
70,Itupeva,ITU_L1,Del_Valle_Laranja,11,0.0,0.0,7001.85,0.0,0.0,7001.85
70,Itupeva,ITU_L1,Del_Valle_Laranja,12,0.0,0.0,0.0,0.0,0.0,0.0
70,Itupeva,ITU_L1,Del_Valle_Laranja,13,0.0,0.0,0.0,0.0,0.0,0.0
70,Itupeva,ITU_L1,Del_Valle_Laranja,14,0.0,0.0,0.0,0.0,0.0,0.0
70,Itupeva,ITU_L1,Del_Valle_Laranja,15,0.0,0.0,0.0,0.0,0.0,0.0
70,Itupeva,ITU_L1,Fanta_Uva,1,0.0,0.0,0.0,0.0,0.0,0.0
70,Itupeva,ITU_L1,Fanta_Uva,2,0.0,0.0,0.0,0.0,0.0,0.0
70,Itupeva,ITU_L1,Fanta_Uva,3,0.0,0.0,0.0,0.0,0.0,0.0
70,Itupeva,ITU_L1,Fanta_Uva,4,0.0,0.0,0.0,0.0,0.0,0.0
70,Itupeva,ITU_L1,Fanta_Uva,5,0.0,0.0,0.0,0.0,0.0,0.0
70,Itupeva,ITU_L1,Fanta_Uva,6,0.0,0.0,0.0,0.0,0.0,0.0
70,Itupeva,ITU_L1,Fanta_Uva,7,0.0,0.0,0.0,0.0,0.0,0.0
70,Itupeva,ITU_L1,Fanta_Uva,8,0.0,0.0,0.0,0.0,0.0,0.0
70,Itupeva,ITU_L1,Fanta_Uva,9,0.0,0.0,0.0,0.0,0.0,6333.21
70,Itupeva,ITU_L1,Fanta_Uva,10,0.0,0.0,0.0,0.0,0.0,0.0
70,Itupeva,ITU_L1,Fanta_Uva,11,0.0,0.0,0.0,0.0,0.0,28821.22
70,Itupeva,ITU_L1,Fanta_Uva,12,0.0,0.0,0.0,0.0,0.0,0.0
70,Itupeva,ITU_L1,Fanta_Uva,13,0.0,0.0,0.0,0.0,0.0,0.0
70,Itupeva,ITU_L1,Fanta_Uva,14,0.0,0.0,8800.84,0.0,0.0,8800.84
70,Itupeva,ITU_L1,Fanta_Uva,15,0.0,0.0,0.0,0.0,0.0,0.0
70,Itupeva,ITU_L1,Maguary_Maracuja,1,0.0,0.0,0.0,0.0,0.0,0.0
70,Itupeva,ITU_L1,Maguary_Maracuja,2,0.0,0.0,6218.75,0.0,0.0,6218.75
70,Itupeva,ITU_L1,Maguary_Maracuja,3,0.0,0.0,0.0,0.0,0.0,17635.65
70,Itupeva,ITU_L1,Maguary_Maracuja,4,0.0,0.0,0.0,0.0,0.0,1310.05
70,Itupeva,ITU_L1,Maguary_Maracuja,5,0.0,0.0,0.0,0.0,0.0,0.0
70,Itupeva,ITU_L1,Maguary_Maracuja,6,0.0,0.0,0.0,0.0,0.0,0.0
70,Itupeva,ITU_L1,Maguary_Maracuja,7,0.0,0.0,0.0,0.0,0.0,0.0
70,Itupeva,ITU_L1,Maguary_Maracuja,8,0.0,0.0,0.0,0.0,4975.1600000000035,0.0
70,Itupeva,ITU_L1,Maguary_Maracuja,9,0.0,0.0,0.0,0.0,0.0,0.0
70,Itupeva,ITU_L1,Maguary_Maracuja,10,0.0,0.0,0.0,0.0,0.0,9252.85
70,Itupeva,ITU_L1,Maguary_Maracuja,11,0.0,0.0,0.0,0.0,0.0,0.0
70,Itupeva,ITU_L1,Maguary_Maracuja,12,0.0,0.0,0.0,0.0,0.0,0.0
70,Itupeva,ITU_L1,Maguary_Maracuja,13,0.0,0.0,0.0,0.0,0.0,9370.83
70,Itupeva,ITU_L1,Maguary_Maracuja,14,0.0,0.0,0.0,0.0,0.0,0.0
70,Itupeva,ITU_L1,Maguary_Maracuja,15,0.0,0.0,0.0,0.0,0.0,0.0
70,Itupeva,ITU_L1,Coca_Cola,1,0.0,0.0,0.0,0.0,0.0,0.0
70,Itupeva,ITU_L1,Coca_Cola,2,0.0,0.0,0.0,0.0,0.0,0.0
70,Itupeva,ITU_L1,Coca_Cola,3,0.0,0.0,0.0,0.0,0.0,0.0
70,Itupeva,ITU_L1,Coca_Cola,4,0.0,0.0,0.0,0.0,0.0,0.0
70,Itupeva,ITU_L1,Coca_Cola,5,0.0,0.0,0.0,0.0,0.0,0.0
70,Itupeva,ITU_L1,Coca_Cola,6,0.0,0.0,5863.86,0.0,0.0,21114.63
70,Itupeva,ITU_L1,Coca_Cola,7,0.0,0.0,0.0,0.0,0.0,0.0
70,Itupeva,ITU_L1,Coca_Cola,8,0.0,0.0,0.0,0.0,0.0,0.0
70,Itupeva,ITU_L1,Coca_Cola,9,0.0,0.0,0.0,0.0,0.0,28082.06
70,Itupeva,ITU_L1,Coca_Cola,10,0.0,0.0,0.0,0.0,0.0,0.0
70,Itupeva,ITU_L1,Coca_Cola,11,0.0,0.0,0.0,0.0,0.0,0.0
70,Itupeva,ITU_L1,Coca_Cola,12,0.0,0.0,0.0,0.0,0.0,0.0
70,Itupeva,ITU_L1,Coca_Cola,13,0.0,0.0,0.0,0.0,0.0,0.0
70,Itupeva,ITU_L1,Coca_Cola,14,0.0,0.0,0.0,0.0,0.0,0.0
70,Itupeva,ITU_L1,Coca_Cola,15,0.0,0.0,0.0,0.0,0.0,8716.57
70,Itupeva,ITU_L1,H2OH_Limao,1,0.0,0.0,0.0,0.0,13624.48,13624.48
70,Itupeva,ITU_L1,H2OH_Limao,2,0.0,0.0,0.0,0.0,0.0,0.0
70,Itupeva,ITU_L1,H2OH_Limao,3,0.0,0.0,9068.22,0.0,12261.93,21330.15
70,Itupeva,ITU_L1,H2OH_Limao,4,0.0,0.0,0.0,0.0,0.0,0.0
70,Itupeva,ITU_L1,H2OH_Limao,5,0.0,0.0,0.0,0.0,0.0,0.0
70,Itupeva,ITU_L1,H2OH_Limao,6,0.0,0.0,0.0,0.0,0.0,0.0
70,Itupeva,ITU_L1,H2OH_Limao,7,0.0,0.0,0.0,0.0,0.0,0.0
70,Itupeva,ITU_L1,H2OH_Limao,8,0.0,0.0,0.0,0.0,0.0,0.0
70,Itupeva,ITU_L1,H2OH_Limao,9,0.0,0.0,0.0,0.0,0.0,0.0
70,Itupeva,ITU_L1,H2OH_Limao,10,0.0,0.0,0.0,0.0,0.0,10985.5
70,Itupeva,ITU_L1,H2OH_Limao,11,0.0,0.0,0.0,0.0,0.0,0.0
70,Itupeva,ITU_L1,H2OH_Limao,12,0.0,0.0,0.0,0.0,0.0,0.0
70,Itupeva,ITU_L1,H2OH_Limao,13,0.0,0.0,0.0,0.0,0.0,0.0
70,Itupeva,ITU_L1,H2OH_Limao,14,0.0,0.0,0.0,0.0,0.0,0.0
70,Itupeva,ITU_L1,H2OH_Limao,15,0.0,0.0,0.0,0.0,0.0,0.0
70,Itupeva,ITU_L1,Schweppes_Citrus,1,0.0,0.0,0.0,0.0,0.0,0.0
70,Itupeva,ITU_L1,Schweppes_Citrus,2,0.0,0.0,0.0,0.0,0.0,0.0
70,Itupeva,ITU_L1,Schweppes_Citrus,3,0.0,0.0,0.0,0.0,0.0,11484.6
70,Itupeva,ITU_L1,Schweppes_Citrus,4,0.0,0.0,0.0,0.0,0.0,0.0
70,Itupeva,ITU_L1,Schweppes_Citrus,5,0.0,0.0,0.0,0.0,0.0,0.0
70,Itupeva,ITU_L1,Schweppes_Citrus,6,0.0,0.0,0.0,0.0,0.0,0.0
70,Itupeva,ITU_L1,Schweppes_Citrus,7,0.0,0.0,0.0,0.0,0.0,0.0
70,Itupeva,ITU_L1,Schweppes_Citrus,8,0.0,0.0,0.0,0.0,0.0,0.0
70,Itupeva,ITU_L1,Schweppes_Citrus,9,0.0,0.0,11330.27,0.0,0.0,11330.27
70,Itupeva,ITU_L1,Schweppes_Citrus,10,0.0,0.0,0.0,0.0,0.0,0.0
70,Itupeva,ITU_L1,Schweppes_Citrus,11,0.0,0.0,0.0,0.0,0.0,0.0
70,Itupeva,ITU_L1,Schweppes_Citrus,12,0.0,0.0,0.0,0.0,0.0,0.0
70,Itupeva,ITU_L1,Schweppes_Citrus,13,0.0,0.0,0.0,0.0,0.0,0.0
70,Itupeva,ITU_L1,Schweppes_Citrus,14,0.0,0.0,0.0,0.0,0.0,0.0
70,Itupeva,ITU_L1,Schweppes_Citrus,15,0.0,0.0,0.0,0.0,0.0,0.0
70,Itupeva,ITU_L1,Sprite,1,0.0,0.0,0.0,0.0,0.0,0.0
70,Itupeva,ITU_L1,Sprite,2,0.0,0.0,0.0,0.0,0.0,0.0
70,Itupeva,ITU_L1,Sprite,3,0.0,0.0,0.0,0.0,0.0,0.0
70,Itupeva,ITU_L1,Sprite,4,0.0,0.0,0.0,0.0,0.0,0.0
70,Itupeva,ITU_L1,Sprite,5,0.0,0.0,0.0,0.0,0.0,0.0
70,Itupeva,ITU_L1,Sprite,6,0.0,0.0,0.0,0.0,0.0,0.0
70,Itupeva,ITU_L1,Sprite,7,0.0,0.0,0.0,0.0,0.0,0.0
70,Itupeva,ITU_L1,Sprite,8,0.0,0.0,0.0,0.0,0.0,0.0
70,Itupeva,ITU_L1,Sprite,9,0.0,0.0,0.0,0.0,0.0,0.0
70,Itupeva,ITU_L1,Sprite,10,0.0,0.0,0.0,0.0,0.0,0.0
70,Itupeva,ITU_L1,Sprite,11,0.0,0.0,0.0,0.0,0.0,0.0
70,Itupeva,ITU_L1,Sprite,12,0.0,0.0,0.0,0.0,0.0,19783.09
70,Itupeva,ITU_L1,Sprite,13,0.0,0.0,0.0,0.0,0.0,0.0
70,Itupeva,ITU_L1,Sprite,14,0.0,0.0,0.0,0.0,0.0,0.0
70,Itupeva,ITU_L1,Sprite,15,0.0,0.0,0.0,0.0,0.0,0.0
70,Itupeva,ITU_L1,Del_Valle_Uva,1,0.0,0.0,0.0,0.0,4266.1,0.0
70,Itupeva,ITU_L1,Del_Valle_Uva,2,0.0,0.0,8929.59,0.0,36577.14,8929.59
70,Itupeva,ITU_L1,Del_Valle_Uva,3,0.0,0.0,3441.16,0.0,21864.249999999993,3441.16
70,Itupeva,ITU_L1,Del_Valle_Uva,4,0.0,0.0,0.0,0.0,11895.030000000004,0.0
70,Itupeva,ITU_L1,Del_Valle_Uva,5,0.0,0.0,0.0,0.0,31894.680000000004,26284.0
70,Itupeva,ITU_L1,Del_Valle_Uva,6,0.0,0.0,0.0,0.0,19204.36,0.0
70,Itupeva,ITU_L1,Del_Valle_Uva,7,0.0,0.0,0.0,0.0,11570.57,0.0
70,Itupeva,ITU_L1,Del_Valle_Uva,8,0.0,0.0,0.0,0.0,25880.45,0.0
70,Itupeva,ITU_L1,Del_Valle_Uva,9,0.0,0.0,0.0,0.0,28424.7,0.0
70,Itupeva,ITU_L1,Del_Valle_Uva,10,0.0,0.0,0.0,0.0,5899.47,0.0
70,Itupeva,ITU_L1,Del_Valle_Uva,11,0.0,0.0,0.0,0.0,3281.720000000003,0.0
70,Itupeva,ITU_L1,Del_Valle_Uva,12,0.0,0.0,0.0,0.0,37992.0,0.0
70,Itupeva,ITU_L1,Del_Valle_Uva,13,0.0,0.0,0.0,0.0,37200.07,0.0
70,Itupeva,ITU_L1,Del_Valle_Uva,14,0.0,0.0,0.0,0.0,1927.22,0.0
70,Itupeva,ITU_L1,Del_Valle_Uva,15,0.0,0.0,0.0,0.0,26447.38,0.0
70,Itupeva,ITU_L1,Pepsi,1,0.0,0.0,0.0,0.0,0.0,0.0
70,Itupeva,ITU_L1,Pepsi,2,0.0,0.0,0.0,0.0,0.0,0.0
70,Itupeva,ITU_L1,Pepsi,3,0.0,0.0,0.0,0.0,0.0,0.0
70,Itupeva,ITU_L1,Pepsi,4,0.0,0.0,0.0,0.0,0.0,10761.86
70,Itupeva,ITU_L1,Pepsi,5,0.0,0.0,0.0,0.0,16551.180000000008,16551.180000000008
70,Itupeva,ITU_L1,Pepsi,6,0.0,0.0,0.0,0.0,0.0,13138.41
70,Itupeva,ITU_L1,Pepsi,7,0.0,0.0,0.0,0.0,0.0,11968.48
70,Itupeva,ITU_L1,Pepsi,8,0.0,0.0,0.0,0.0,0.0,0.0
70,Itupeva,ITU_L1,Pepsi,9,0.0,0.0,0.0,0.0,0.0,0.0
70,Itupeva,ITU_L1,Pepsi,10,0.0,0.0,0.0,0.0,0.0,0.0
70,Itupeva,ITU_L1,Pepsi,11,0.0,0.0,0.0,0.0,0.0,0.0
70,Itupeva,ITU_L1,Pepsi,12,0.0,0.0,0.0,0.0,0.0,0.0
70,Itupeva,ITU_L1,Pepsi,13,0.0,0.0,0.0,0.0,0.0,0.0
70,Itupeva,ITU_L1,Pepsi,14,0.0,0.0,0.0,0.0,0.0,0.0
70,Itupeva,ITU_L1,Pepsi,15,0.0,0.0,0.0,0.0,0.0,0.0
70,Itupeva,ITU_L2,Fanta_Laranja,1,0.0,0.0,0.0,0.0,0.0,0.0
70,Itupeva,ITU_L2,Fanta_Laranja,2,0.0,0.0,0.0,0.0,0.0,0.0
70,Itupeva,ITU_L2,Fanta_Laranja,3,0.0,0.0,0.0,0.0,0.0,0.0
70,Itupeva,ITU_L2,Fanta_Laranja,4,0.0,0.0,0.0,0.0,0.0,0.0
70,Itupeva,ITU_L2,Fanta_Laranja,5,0.0,0.0,0.0,0.0,0.0,0.0
70,Itupeva,ITU_L2,Fanta_Laranja,6,0.0,0.0,0.0,0.0,0.0,0.0
70,Itupeva,ITU_L2,Fanta_Laranja,7,0.0,0.0,6976.36,0.0,0.0,6976.36
70,Itupeva,ITU_L2,Fanta_Laranja,8,0.0,0.0,0.0,0.0,0.0,0.0
70,Itupeva,ITU_L2,Fanta_Laranja,9,0.0,0.0,0.0,0.0,0.0,0.0
70,Itupeva,ITU_L2,Fanta_Laranja,10,0.0,0.0,0.0,0.0,0.0,0.0
70,Itupeva,ITU_L2,Fanta_Laranja,11,0.0,0.0,0.0,0.0,0.0,0.0
70,Itupeva,ITU_L2,Fanta_Laranja,12,0.0,0.0,0.0,0.0,0.0,0.0
70,Itupeva,ITU_L2,Fanta_Laranja,13,0.0,0.0,14513.33,0.0,0.0,14513.33
70,Itupeva,ITU_L2,Fanta_Laranja,14,0.0,0.0,14689.18,0.0,0.0,14689.18
70,Itupeva,ITU_L2,Fanta_Laranja,15,0.0,0.0,0.0,0.0,0.0,0.0
70,Itupeva,ITU_L2,Itubaina,1,0.0,0.0,0.0,0.0,0.0,0.0
70,Itupeva,ITU_L2,Itubaina,2,0.0,0.0,0.0,0.0,0.0,0.0
70,Itupeva,ITU_L2,Itubaina,3,0.0,0.0,0.0,0.0,0.0,0.0
70,Itupeva,ITU_L2,Itubaina,4,0.0,0.0,0.0,0.0,0.0,0.0
70,Itupeva,ITU_L2,Itubaina,5,0.0,0.0,0.0,0.0,0.0,0.0
70,Itupeva,ITU_L2,Itubaina,6,0.0,0.0,0.0,0.0,0.0,2819.1
70,Itupeva,ITU_L2,Itubaina,7,0.0,0.0,0.0,0.0,0.0,0.0
70,Itupeva,ITU_L2,Itubaina,8,0.0,0.0,0.0,0.0,0.0,0.0
70,Itupeva,ITU_L2,Itubaina,9,0.0,0.0,0.0,0.0,0.0,0.0
70,Itupeva,ITU_L2,Itubaina,10,0.0,0.0,0.0,0.0,0.0,0.0
70,Itupeva,ITU_L2,Itubaina,11,0.0,0.0,0.0,0.0,0.0,0.0
70,Itupeva,ITU_L2,Itubaina,12,0.0,0.0,0.0,0.0,0.0,0.0
70,Itupeva,ITU_L2,Itubaina,13,0.0,0.0,0.0,0.0,0.0,0.0
70,Itupeva,ITU_L2,Itubaina,14,0.0,0.0,0.0,0.0,0.0,0.0
70,Itupeva,ITU_L2,Itubaina,15,0.0,0.0,0.0,0.0,0.0,0.0
70,Itupeva,ITU_L2,Skol_Lata,1,7523.380000000002,0.0,0.0,0.0,7523.380000000003,0.0
70,Itupeva,ITU_L2,Skol_Lata,2,17879.89,0.0,0.0,0.0,17879.89,0.0
70,Itupeva,ITU_L2,Skol_Lata,3,4920.93,0.0,0.0,0.0,11625.17000000001,0.0
70,Itupeva,ITU_L2,Skol_Lata,4,0.0,0.0,0.0,0.0,0.0,9148.64
70,Itupeva,ITU_L2,Skol_Lata,5,0.0,0.0,0.0,0.0,3865.319999999998,0.0
70,Itupeva,ITU_L2,Skol_Lata,6,0.0,0.0,0.0,0.0,2200.289999999999,0.0
70,Itupeva,ITU_L2,Skol_Lata,7,0.0,0.0,0.0,0.0,3687.040000000001,0.0
70,Itupeva,ITU_L2,Skol_Lata,8,0.0,0.0,0.0,0.0,0.0,0.0
70,Itupeva,ITU_L2,Skol_Lata,9,0.0,0.0,0.0,0.0,0.0,12883.96
70,Itupeva,ITU_L2,Skol_Lata,10,0.0,0.0,0.0,0.0,0.0,0.0
70,Itupeva,ITU_L2,Skol_Lata,11,7710.79,0.0,30023.02,0.0,13521.46999999999,22312.23
70,Itupeva,ITU_L2,Skol_Lata,12,5700.370000000003,0.0,0.0,0.0,5700.370000000003,0.0
70,Itupeva,ITU_L2,Skol_Lata,13,0.0,0.0,0.0,0.0,0.0,0.0
70,Itupeva,ITU_L2,Skol_Lata,14,0.0,0.0,0.0,0.0,0.0,0.0
70,Itupeva,ITU_L2,Skol_Lata,15,26054.550000000003,0.0,0.0,0.0,26054.55,0.0
70,Itupeva,ITU_L2,Heineken_Lata,1,0.0,0.0,0.0,0.0,0.0,14275.19
70,Itupeva,ITU_L2,Heineken_Lata,2,0.0,0.0,0.0,0.0,0.0,0.0
70,Itupeva,ITU_L2,Heineken_Lata,3,0.0,0.0,0.0,0.0,0.0,0.0
70,Itupeva,ITU_L2,Heineken_Lata,4,0.0,0.0,0.0,0.0,0.0,0.0
70,Itupeva,ITU_L2,Heineken_Lata,5,0.0,0.0,0.0,0.0,0.0,0.0
70,Itupeva,ITU_L2,Heineken_Lata,6,0.0,0.0,0.0,0.0,0.0,0.0
70,Itupeva,ITU_L2,Heineken_Lata,7,0.0,0.0,0.0,0.0,0.0,9773.9
70,Itupeva,ITU_L2,Heineken_Lata,8,0.0,0.0,0.0,0.0,0.0,0.0
70,Itupeva,ITU_L2,Heineken_Lata,9,0.0,0.0,0.0,0.0,0.0,0.0
70,Itupeva,ITU_L2,Heineken_Lata,10,0.0,0.0,0.0,0.0,0.0,0.0
70,Itupeva,ITU_L2,Heineken_Lata,11,0.0,0.0,0.0,0.0,0.0,0.0
70,Itupeva,ITU_L2,Heineken_Lata,12,0.0,0.0,0.0,0.0,0.0,0.0
70,Itupeva,ITU_L2,Heineken_Lata,13,0.0,0.0,0.0,0.0,0.0,0.0
70,Itupeva,ITU_L2,Heineken_Lata,14,0.0,0.0,0.0,0.0,0.0,0.0
70,Itupeva,ITU_L2,Heineken_Lata,15,0.0,0.0,0.0,0.0,0.0,0.0
70,Itupeva,ITU_L2,Coca_Cola_Zero,1,0.0,0.0,0.0,0.0,0.0,0.0
70,Itupeva,ITU_L2,Coca_Cola_Zero,2,0.0,0.0,0.0,0.0,0.0,0.0
70,Itupeva,ITU_L2,Coca_Cola_Zero,3,0.0,0.0,0.0,0.0,0.0,15041.76
70,Itupeva,ITU_L2,Coca_Cola_Zero,4,0.0,0.0,0.0,0.0,0.0,0.0
70,Itupeva,ITU_L2,Coca_Cola_Zero,5,0.0,0.0,0.0,0.0,0.0,0.0
70,Itupeva,ITU_L2,Coca_Cola_Zero,6,0.0,0.0,0.0,0.0,0.0,0.0
70,Itupeva,ITU_L2,Coca_Cola_Zero,7,0.0,0.0,0.0,0.0,0.0,0.0
70,Itupeva,ITU_L2,Coca_Cola_Zero,8,0.0,0.0,0.0,0.0,0.0,0.0
70,Itupeva,ITU_L2,Coca_Cola_Zero,9,0.0,0.0,0.0,0.0,0.0,0.0
70,Itupeva,ITU_L2,Coca_Cola_Zero,10,0.0,0.0,0.0,0.0,0.0,0.0
70,Itupeva,ITU_L2,Coca_Cola_Zero,11,0.0,0.0,0.0,0.0,0.0,0.0
70,Itupeva,ITU_L2,Coca_Cola_Zero,12,0.0,0.0,4092.16,0.0,0.0,4092.16
70,Itupeva,ITU_L2,Coca_Cola_Zero,13,0.0,0.0,0.0,0.0,0.0,0.0
70,Itupeva,ITU_L2,Coca_Cola_Zero,14,0.0,0.0,0.0,0.0,0.0,0.0
70,Itupeva,ITU_L2,Coca_Cola_Zero,15,0.0,0.0,0.0,0.0,0.0,0.0
70,Itupeva,ITU_L2,Antarctica_Lata,1,0.0,0.0,0.0,0.0,0.0,11845.29
70,Itupeva,ITU_L2,Antarctica_Lata,2,0.0,0.0,0.0,0.0,0.0,0.0
70,Itupeva,ITU_L2,Antarctica_Lata,3,0.0,0.0,0.0,0.0,0.0,0.0
70,Itupeva,ITU_L2,Antarctica_Lata,4,0.0,0.0,0.0,0.0,0.0,16169.4
70,Itupeva,ITU_L2,Antarctica_Lata,5,0.0,0.0,0.0,0.0,0.0,0.0
70,Itupeva,ITU_L2,Antarctica_Lata,6,0.0,0.0,0.0,0.0,0.0,0.0
70,Itupeva,ITU_L2,Antarctica_Lata,7,0.0,0.0,0.0,0.0,0.0,7285.32
70,Itupeva,ITU_L2,Antarctica_Lata,8,0.0,0.0,0.0,0.0,0.0,0.0
70,Itupeva,ITU_L2,Antarctica_Lata,9,0.0,0.0,0.0,0.0,0.0,0.0
70,Itupeva,ITU_L2,Antarctica_Lata,10,0.0,0.0,0.0,0.0,0.0,0.0
70,Itupeva,ITU_L2,Antarctica_Lata,11,0.0,0.0,0.0,0.0,0.0,0.0
70,Itupeva,ITU_L2,Antarctica_Lata,12,0.0,0.0,0.0,0.0,0.0,0.0
70,Itupeva,ITU_L2,Antarctica_Lata,13,0.0,0.0,0.0,0.0,0.0,8909.26
70,Itupeva,ITU_L2,Antarctica_Lata,14,0.0,0.0,0.0,0.0,0.0,0.0
70,Itupeva,ITU_L2,Antarctica_Lata,15,0.0,0.0,0.0,0.0,0.0,0.0
70,Itupeva,ITU_L2,Spaten_Lata,1,0.0,0.0,0.0,0.0,0.0,3674.44
70,Itupeva,ITU_L2,Spaten_Lata,2,0.0,0.0,0.0,0.0,0.0,0.0
70,Itupeva,ITU_L2,Spaten_Lata,3,0.0,0.0,0.0,0.0,0.0,0.0
70,Itupeva,ITU_L2,Spaten_Lata,4,0.0,0.0,0.0,0.0,0.0,0.0
70,Itupeva,ITU_L2,Spaten_Lata,5,0.0,0.0,0.0,0.0,0.0,0.0
70,Itupeva,ITU_L2,Spaten_Lata,6,0.0,0.0,0.0,0.0,0.0,0.0
70,Itupeva,ITU_L2,Spaten_Lata,7,0.0,0.0,0.0,0.0,0.0,0.0
70,Itupeva,ITU_L2,Spaten_Lata,8,0.0,0.0,0.0,0.0,0.0,0.0
70,Itupeva,ITU_L2,Spaten_Lata,9,0.0,0.0,0.0,0.0,0.0,0.0
70,Itupeva,ITU_L2,Spaten_Lata,10,0.0,0.0,0.0,0.0,0.0,0.0
70,Itupeva,ITU_L2,Spaten_Lata,11,0.0,0.0,0.0,0.0,0.0,0.0
70,Itupeva,ITU_L2,Spaten_Lata,12,0.0,0.0,0.0,0.0,0.0,0.0
70,Itupeva,ITU_L2,Spaten_Lata,13,0.0,0.0,0.0,0.0,0.0,0.0
70,Itupeva,ITU_L2,Spaten_Lata,14,0.0,0.0,0.0,0.0,0.0,0.0
70,Itupeva,ITU_L2,Spaten_Lata,15,0.0,0.0,0.0,0.0,0.0,0.0
70,Itupeva,ITU_L2,Maguary_Caju,1,0.0,0.0,6336.16,0.0,0.0,6336.16
70,Itupeva,ITU_L2,Maguary_Caju,2,0.0,0.0,0.0,0.0,0.0,0.0
70,Itupeva,ITU_L2,Maguary_Caju,3,0.0,0.0,0.0,0.0,0.0,5423.0
70,Itupeva,ITU_L2,Maguary_Caju,4,0.0,0.0,0.0,0.0,0.0,0.0
70,Itupeva,ITU_L2,Maguary_Caju,5,0.0,0.0,0.0,0.0,0.0,0.0
70,Itupeva,ITU_L2,Maguary_Caju,6,0.0,0.0,0.0,0.0,0.0,0.0
70,Itupeva,ITU_L2,Maguary_Caju,7,0.0,0.0,0.0,0.0,0.0,0.0
70,Itupeva,ITU_L2,Maguary_Caju,8,0.0,0.0,0.0,0.0,0.0,0.0
70,Itupeva,ITU_L2,Maguary_Caju,9,0.0,0.0,0.0,0.0,0.0,16048.86
70,Itupeva,ITU_L2,Maguary_Caju,10,0.0,0.0,0.0,0.0,0.0,0.0
70,Itupeva,ITU_L2,Maguary_Caju,11,0.0,0.0,0.0,0.0,0.0,0.0
70,Itupeva,ITU_L2,Maguary_Caju,12,0.0,0.0,0.0,0.0,0.0,0.0
70,Itupeva,ITU_L2,Maguary_Caju,13,0.0,0.0,0.0,0.0,0.0,0.0
70,Itupeva,ITU_L2,Maguary_Caju,14,0.0,0.0,0.0,0.0,0.0,0.0
70,Itupeva,ITU_L2,Maguary_Caju,15,0.0,0.0,0.0,0.0,0.0,0.0
70,Itupeva,ITU_L2,Del_Valle_Pessego,1,0.0,0.0,0.0,0.0,36792.0,0.0
70,Itupeva,ITU_L2,Del_Valle_Pessego,2,0.0,0.0,0.0,0.0,37165.049999999996,27688.98
70,Itupeva,ITU_L2,Del_Valle_Pessego,3,0.0,0.0,0.0,0.0,38280.0,0.0
70,Itupeva,ITU_L2,Del_Valle_Pessego,4,0.0,0.0,0.0,0.0,19988.13,0.0
70,Itupeva,ITU_L2,Del_Valle_Pessego,5,0.0,0.0,0.0,0.0,37392.0,0.0
70,Itupeva,ITU_L2,Del_Valle_Pessego,6,0.0,0.0,415.82,0.0,18615.759999999995,415.82
70,Itupeva,ITU_L2,Del_Valle_Pessego,7,0.0,0.0,0.0,0.0,6635.73,0.0
70,Itupeva,ITU_L2,Del_Valle_Pessego,8,0.0,0.0,0.0,0.0,0.0,0.0
70,Itupeva,ITU_L2,Del_Valle_Pessego,9,0.0,0.0,0.0,0.0,15075.939999999991,0.0
70,Itupeva,ITU_L2,Del_Valle_Pessego,10,0.0,0.0,0.0,0.0,38256.00000000001,26312.21
70,Itupeva,ITU_L2,Del_Valle_Pessego,11,0.0,0.0,0.0,0.0,38904.0,0.0
70,Itupeva,ITU_L2,Del_Valle_Pessego,12,0.0,0.0,0.0,0.0,4690.440000000001,14643.55
70,Itupeva,ITU_L2,Del_Valle_Pessego,13,0.0,0.0,0.0,0.0,27467.940000000002,0.0
70,Itupeva,ITU_L2,Del_Valle_Pessego,14,0.0,0.0,0.0,0.0,17840.079999999987,0.0
70,Itupeva,ITU_L2,Del_Valle_Pessego,15,0.0,0.0,21545.75,0.0,37632.00000000001,32842.479999999996
70,Itupeva,ITU_L2,Stella_Artois_Pure_Gold,1,0.0,0.0,0.0,0.0,0.0,0.0
70,Itupeva,ITU_L2,Stella_Artois_Pure_Gold,2,0.0,0.0,0.0,0.0,0.0,0.0
70,Itupeva,ITU_L2,Stella_Artois_Pure_Gold,3,0.0,0.0,0.0,0.0,0.0,0.0
70,Itupeva,ITU_L2,Stella_Artois_Pure_Gold,4,0.0,0.0,0.0,0.0,20282.14,20282.14
70,Itupeva,ITU_L2,Stella_Artois_Pure_Gold,5,0.0,0.0,0.0,0.0,0.0,0.0
70,Itupeva,ITU_L2,Stella_Artois_Pure_Gold,6,0.0,0.0,0.0,0.0,0.0,0.0
70,Itupeva,ITU_L2,Stella_Artois_Pure_Gold,7,0.0,0.0,0.0,0.0,0.0,0.0
70,Itupeva,ITU_L2,Stella_Artois_Pure_Gold,8,0.0,0.0,0.0,0.0,0.0,0.0
70,Itupeva,ITU_L2,Stella_Artois_Pure_Gold,9,0.0,0.0,0.0,0.0,0.0,0.0
70,Itupeva,ITU_L2,Stella_Artois_Pure_Gold,10,0.0,0.0,0.0,0.0,0.0,0.0
70,Itupeva,ITU_L2,Stella_Artois_Pure_Gold,11,0.0,0.0,0.0,0.0,0.0,0.0
70,Itupeva,ITU_L2,Stella_Artois_Pure_Gold,12,0.0,0.0,0.0,0.0,0.0,0.0
70,Itupeva,ITU_L2,Stella_Artois_Pure_Gold,13,0.0,0.0,0.0,0.0,0.0,0.0
70,Itupeva,ITU_L2,Stella_Artois_Pure_Gold,14,0.0,0.0,0.0,0.0,5527.529999999998,5527.529999999998
70,Itupeva,ITU_L2,Stella_Artois_Pure_Gold,15,0.0,0.0,0.0,0.0,0.0,0.0
70,Itupeva,ITU_L2,Sprite_Zero,1,0.0,0.0,0.0,0.0,0.0,0.0
70,Itupeva,ITU_L2,Sprite_Zero,2,0.0,0.0,0.0,0.0,0.0,0.0
70,Itupeva,ITU_L2,Sprite_Zero,3,0.0,0.0,0.0,0.0,0.0,0.0
70,Itupeva,ITU_L2,Sprite_Zero,4,0.0,0.0,0.0,0.0,0.0,6842.079999999998
70,Itupeva,ITU_L2,Sprite_Zero,5,0.0,0.0,0.0,0.0,6842.079999999998,0.0
70,Itupeva,ITU_L2,Sprite_Zero,6,0.0,0.0,0.0,0.0,0.0,0.0
70,Itupeva,ITU_L2,Sprite_Zero,7,0.0,0.0,0.0,0.0,0.0,0.0
70,Itupeva,ITU_L2,Sprite_Zero,8,0.0,0.0,0.0,0.0,0.0,0.0
70,Itupeva,ITU_L2,Sprite_Zero,9,0.0,0.0,0.0,0.0,0.0,0.0
70,Itupeva,ITU_L2,Sprite_Zero,10,0.0,0.0,0.0,0.0,0.0,0.0
70,Itupeva,ITU_L2,Sprite_Zero,11,0.0,0.0,0.0,0.0,0.0,0.0
70,Itupeva,ITU_L2,Sprite_Zero,12,0.0,0.0,0.0,0.0,0.0,0.0
70,Itupeva,ITU_L2,Sprite_Zero,13,0.0,0.0,0.0,0.0,0.0,10865.309999999998
70,Itupeva,ITU_L2,Sprite_Zero,14,0.0,0.0,0.0,0.0,10865.309999999998,0.0
70,Itupeva,ITU_L2,Sprite_Zero,15,0.0,0.0,0.0,0.0,0.0,0.0
70,Itupeva,ITU_L2,Kuat,1,0.0,0.0,0.0,0.0,0.0,0.0
70,Itupeva,ITU_L2,Kuat,2,0.0,0.0,0.0,0.0,0.0,0.0
70,Itupeva,ITU_L2,Kuat,3,0.0,0.0,0.0,0.0,0.0,0.0
70,Itupeva,ITU_L2,Kuat,4,0.0,0.0,0.0,0.0,0.0,0.0
70,Itupeva,ITU_L2,Kuat,5,0.0,0.0,0.0,0.0,0.0,0.0
70,Itupeva,ITU_L2,Kuat,6,0.0,0.0,0.0,0.0,0.0,11852.65
70,Itupeva,ITU_L2,Kuat,7,0.0,0.0,0.0,0.0,0.0,0.0
70,Itupeva,ITU_L2,Kuat,8,0.0,0.0,0.0,0.0,0.0,0.0
70,Itupeva,ITU_L2,Kuat,9,0.0,0.0,0.0,0.0,0.0,0.0
70,Itupeva,ITU_L2,Kuat,10,0.0,0.0,8215.1,0.0,0.0,8215.1
70,Itupeva,ITU_L2,Kuat,11,0.0,0.0,0.0,0.0,0.0,0.0
70,Itupeva,ITU_L2,Kuat,12,0.0,0.0,0.0,0.0,0.0,0.0
70,Itupeva,ITU_L2,Kuat,13,0.0,0.0,0.0,0.0,0.0,10604.84
70,Itupeva,ITU_L2,Kuat,14,0.0,0.0,0.0,0.0,0.0,0.0
70,Itupeva,ITU_L2,Kuat,15,0.0,0.0,6106.66,0.0,0.0,8123.17
70,Itupeva,ITU_L2,Sukita_Laranja,1,0.0,0.0,0.0,0.0,0.0,0.0
70,Itupeva,ITU_L2,Sukita_Laranja,2,0.0,0.0,0.0,0.0,0.0,0.0
70,Itupeva,ITU_L2,Sukita_Laranja,3,0.0,0.0,0.0,0.0,0.0,0.0
70,Itupeva,ITU_L2,Sukita_Laranja,4,0.0,0.0,0.0,0.0,0.0,18107.13
70,Itupeva,ITU_L2,Sukita_Laranja,5,0.0,0.0,0.0,0.0,0.0,0.0
70,Itupeva,ITU_L2,Sukita_Laranja,6,0.0,0.0,0.0,0.0,0.0,0.0
70,Itupeva,ITU_L2,Sukita_Laranja,7,0.0,0.0,0.0,0.0,0.0,0.0
70,Itupeva,ITU_L2,Sukita_Laranja,8,0.0,0.0,11230.32,0.0,0.0,11230.32
70,Itupeva,ITU_L2,Sukita_Laranja,9,0.0,0.0,0.0,0.0,0.0,0.0
70,Itupeva,ITU_L2,Sukita_Laranja,10,0.0,0.0,0.0,0.0,0.0,0.0
70,Itupeva,ITU_L2,Sukita_Laranja,11,0.0,0.0,0.0,0.0,0.0,0.0
70,Itupeva,ITU_L2,Sukita_Laranja,12,0.0,0.0,3648.41,0.0,0.0,3648.41
70,Itupeva,ITU_L2,Sukita_Laranja,13,0.0,0.0,12719.09,0.0,0.0,12719.09
70,Itupeva,ITU_L2,Sukita_Laranja,14,0.0,0.0,0.0,0.0,0.0,0.0
70,Itupeva,ITU_L2,Sukita_Laranja,15,0.0,0.0,0.0,0.0,0.0,10403.69
70,Itupeva,ITU_L2,Budweiser_Lata,1,0.0,0.0,0.0,0.0,0.0,0.0
70,Itupeva,ITU_L2,Budweiser_Lata,2,0.0,0.0,0.0,0.0,0.0,0.0
70,Itupeva,ITU_L2,Budweiser_Lata,3,0.0,0.0,0.0,0.0,0.0,0.0
70,Itupeva,ITU_L2,Budweiser_Lata,4,0.0,0.0,0.0,0.0,0.0,0.0
70,Itupeva,ITU_L2,Budweiser_Lata,5,0.0,0.0,0.0,0.0,0.0,0.0
70,Itupeva,ITU_L2,Budweiser_Lata,6,0.0,0.0,0.0,0.0,0.0,0.0
70,Itupeva,ITU_L2,Budweiser_Lata,7,0.0,0.0,0.0,0.0,0.0,0.0
70,Itupeva,ITU_L2,Budweiser_Lata,8,0.0,0.0,0.0,0.0,0.0,0.0
70,Itupeva,ITU_L2,Budweiser_Lata,9,0.0,0.0,0.0,0.0,0.0,0.0
70,Itupeva,ITU_L2,Budweiser_Lata,10,0.0,0.0,0.0,0.0,0.0,0.0
70,Itupeva,ITU_L2,Budweiser_Lata,11,0.0,0.0,0.0,0.0,0.0,15837.48
70,Itupeva,ITU_L2,Budweiser_Lata,12,0.0,0.0,0.0,0.0,0.0,0.0
70,Itupeva,ITU_L2,Budweiser_Lata,13,0.0,0.0,0.0,0.0,0.0,0.0
70,Itupeva,ITU_L2,Budweiser_Lata,14,0.0,0.0,0.0,0.0,0.0,0.0
70,Itupeva,ITU_L2,Budweiser_Lata,15,0.0,0.0,0.0,0.0,0.0,0.0
70,Itupeva,ITU_L2,Guarana_Antarctica_Zero,1,0.0,0.0,0.0,0.0,0.0,11554.6
70,Itupeva,ITU_L2,Guarana_Antarctica_Zero,2,0.0,0.0,0.0,0.0,990.7599999999984,0.0
70,Itupeva,ITU_L2,Guarana_Antarctica_Zero,3,0.0,0.0,0.0,0.0,0.0,0.0
70,Itupeva,ITU_L2,Guarana_Antarctica_Zero,4,0.0,0.0,0.0,0.0,15747.869999999999,0.0
70,Itupeva,ITU_L2,Guarana_Antarctica_Zero,5,0.0,0.0,0.0,0.0,0.0,0.0
70,Itupeva,ITU_L2,Guarana_Antarctica_Zero,6,0.0,0.0,0.0,0.0,0.0,1983.7999999999956
70,Itupeva,ITU_L2,Guarana_Antarctica_Zero,7,0.0,0.0,0.0,0.0,0.0,0.0
70,Itupeva,ITU_L2,Guarana_Antarctica_Zero,8,0.0,0.0,0.0,0.0,0.0,0.0
70,Itupeva,ITU_L2,Guarana_Antarctica_Zero,9,0.0,0.0,0.0,0.0,0.0,0.0
70,Itupeva,ITU_L2,Guarana_Antarctica_Zero,10,0.0,0.0,0.0,0.0,0.0,0.0
70,Itupeva,ITU_L2,Guarana_Antarctica_Zero,11,0.0,0.0,0.0,0.0,0.0,0.0
70,Itupeva,ITU_L2,Guarana_Antarctica_Zero,12,0.0,0.0,0.0,0.0,8257.98,0.0
70,Itupeva,ITU_L2,Guarana_Antarctica_Zero,13,0.0,0.0,0.0,0.0,0.0,0.0
70,Itupeva,ITU_L2,Guarana_Antarctica_Zero,14,0.0,0.0,0.0,0.0,0.0,12536.81
70,Itupeva,ITU_L2,Guarana_Antarctica_Zero,15,0.0,0.0,0.0,0.0,0.0,0.0
70,Itupeva,ITU_L2,Itaipava_Lata,1,29220.62,0.0,0.0,0.0,29220.62,0.0
70,Itupeva,ITU_L2,Itaipava_Lata,2,23280.11,0.0,14292.03,0.0,8988.08,0.0
70,Itupeva,ITU_L2,Itaipava_Lata,3,32351.07,0.0,0.0,0.0,32351.07,0.0
70,Itupeva,ITU_L2,Itaipava_Lata,4,35784.0,0.0,0.0,0.0,35784.0,0.0
70,Itupeva,ITU_L2,Itaipava_Lata,5,38376.0,0.0,0.0,0.0,38376.0,24842.4
70,Itupeva,ITU_L2,Itaipava_Lata,6,40224.0,0.0,0.0,0.0,40224.00000000001,0.0
70,Itupeva,ITU_L2,Itaipava_Lata,7,38064.0,0.0,0.0,0.0,38064.0,0.0
70,Itupeva,ITU_L2,Itaipava_Lata,8,34504.84,0.0,0.0,0.0,34504.84,0.0
70,Itupeva,ITU_L2,Itaipava_Lata,9,38640.0,0.0,0.0,0.0,38640.0,8275.57
70,Itupeva,ITU_L2,Itaipava_Lata,10,39432.0,0.0,0.0,0.0,39432.0,0.0
70,Itupeva,ITU_L2,Itaipava_Lata,11,32105.21,0.0,0.0,0.0,32105.21,0.0
70,Itupeva,ITU_L2,Itaipava_Lata,12,32339.629999999997,0.0,0.0,0.0,32339.629999999994,0.0
70,Itupeva,ITU_L2,Itaipava_Lata,13,38520.0,0.0,0.0,0.0,38520.0,0.0
70,Itupeva,ITU_L2,Itaipava_Lata,14,38376.0,0.0,0.0,0.0,38376.0,0.0
70,Itupeva,ITU_L2,Itaipava_Lata,15,5992.93,0.0,0.0,0.0,5992.93,5992.93
70,Itupeva,ITU_L2,Brahma_Lata,1,0.0,0.0,18621.49,0.0,0.0,18621.49
70,Itupeva,ITU_L2,Brahma_Lata,2,0.0,0.0,0.0,0.0,0.0,0.0
70,Itupeva,ITU_L2,Brahma_Lata,3,0.0,0.0,0.0,0.0,0.0,0.0
70,Itupeva,ITU_L2,Brahma_Lata,4,0.0,0.0,12032.14,0.0,0.0,17410.579999999998
70,Itupeva,ITU_L2,Brahma_Lata,5,0.0,0.0,0.0,0.0,0.0,0.0
70,Itupeva,ITU_L2,Brahma_Lata,6,0.0,0.0,0.0,0.0,0.0,0.0
70,Itupeva,ITU_L2,Brahma_Lata,7,0.0,0.0,7809.18,0.0,0.0,7809.18
70,Itupeva,ITU_L2,Brahma_Lata,8,0.0,0.0,16706.04,0.0,0.0,42192.84
70,Itupeva,ITU_L2,Brahma_Lata,9,0.0,0.0,0.0,0.0,0.0,0.0
70,Itupeva,ITU_L2,Brahma_Lata,10,0.0,0.0,0.0,0.0,0.0,0.0
70,Itupeva,ITU_L2,Brahma_Lata,11,0.0,0.0,0.0,0.0,0.0,0.0
70,Itupeva,ITU_L2,Brahma_Lata,12,0.0,0.0,0.0,0.0,0.0,10488.7
70,Itupeva,ITU_L2,Brahma_Lata,13,0.0,0.0,0.0,0.0,6118.4299999999885,0.0
70,Itupeva,ITU_L2,Brahma_Lata,14,0.0,0.0,0.0,0.0,0.0,0.0
70,Itupeva,ITU_L2,Brahma_Lata,15,0.0,0.0,0.0,0.0,0.0,0.0
70,Itupeva,ITU_L2,Eisenbahn_Pilsen,1,0.0,0.0,0.0,0.0,0.0,0.0
70,Itupeva,ITU_L2,Eisenbahn_Pilsen,2,0.0,0.0,0.0,0.0,0.0,0.0
70,Itupeva,ITU_L2,Eisenbahn_Pilsen,3,0.0,0.0,0.0,0.0,0.0,0.0
70,Itupeva,ITU_L2,Eisenbahn_Pilsen,4,0.0,0.0,0.0,0.0,0.0,4157.38
70,Itupeva,ITU_L2,Eisenbahn_Pilsen,5,0.0,0.0,0.0,0.0,0.0,0.0
70,Itupeva,ITU_L2,Eisenbahn_Pilsen,6,0.0,0.0,0.0,0.0,0.0,0.0
70,Itupeva,ITU_L2,Eisenbahn_Pilsen,7,0.0,0.0,0.0,0.0,0.0,0.0
70,Itupeva,ITU_L2,Eisenbahn_Pilsen,8,0.0,0.0,0.0,0.0,0.0,0.0
70,Itupeva,ITU_L2,Eisenbahn_Pilsen,9,0.0,0.0,0.0,0.0,0.0,0.0
70,Itupeva,ITU_L2,Eisenbahn_Pilsen,10,0.0,0.0,0.0,0.0,0.0,0.0
70,Itupeva,ITU_L2,Eisenbahn_Pilsen,11,0.0,0.0,0.0,0.0,0.0,0.0
70,Itupeva,ITU_L2,Eisenbahn_Pilsen,12,0.0,0.0,0.0,0.0,0.0,0.0
70,Itupeva,ITU_L2,Eisenbahn_Pilsen,13,0.0,0.0,0.0,0.0,0.0,0.0
70,Itupeva,ITU_L2,Eisenbahn_Pilsen,14,0.0,0.0,12512.62,0.0,0.0,12512.62
70,Itupeva,ITU_L2,Eisenbahn_Pilsen,15,0.0,0.0,0.0,0.0,0.0,12648.1
70,Itupeva,ITU_L2,Pepsi_Black,1,0.0,0.0,0.0,0.0,0.0,0.0
70,Itupeva,ITU_L2,Pepsi_Black,2,0.0,0.0,0.0,0.0,299.94,299.94
70,Itupeva,ITU_L2,Pepsi_Black,3,0.0,0.0,0.0,0.0,0.0,0.0
70,Itupeva,ITU_L2,Pepsi_Black,4,0.0,0.0,0.0,0.0,0.0,0.0
70,Itupeva,ITU_L2,Pepsi_Black,5,0.0,0.0,0.0,0.0,0.0,25000.63
70,Itupeva,ITU_L2,Pepsi_Black,6,0.0,0.0,0.0,0.0,0.0,0.0
70,Itupeva,ITU_L2,Pepsi_Black,7,0.0,0.0,0.0,0.0,29964.27,0.0
70,Itupeva,ITU_L2,Pepsi_Black,8,0.0,0.0,0.0,0.0,0.0,0.0
70,Itupeva,ITU_L2,Pepsi_Black,9,0.0,0.0,0.0,0.0,16477.21,0.0
70,Itupeva,ITU_L2,Pepsi_Black,10,0.0,0.0,0.0,0.0,0.0,0.0
70,Itupeva,ITU_L2,Pepsi_Black,11,0.0,0.0,0.0,0.0,0.0,0.0
70,Itupeva,ITU_L2,Pepsi_Black,12,0.0,0.0,0.0,0.0,0.0,0.0
70,Itupeva,ITU_L2,Pepsi_Black,13,0.0,0.0,0.0,0.0,6782.61,6782.61
70,Itupeva,ITU_L2,Pepsi_Black,14,0.0,0.0,0.0,0.0,0.0,10524.03
70,Itupeva,ITU_L2,Pepsi_Black,15,0.0,0.0,0.0,0.0,0.0,0.0
70,Itupeva,ITU_L2,Guarana_Antarctica,1,0.0,0.0,0.0,0.0,33823.700000000004,0.0
70,Itupeva,ITU_L2,Guarana_Antarctica,2,0.0,0.0,14948.05,0.0,838.8600000000012,27126.629999999997
70,Itupeva,ITU_L2,Guarana_Antarctica,3,0.0,9234.880000000001,0.0,0.0,0.0,9234.880000000001
70,Itupeva,ITU_L2,Guarana_Antarctica,4,0.0,0.0,0.0,0.0,36843.85,0.0
70,Itupeva,ITU_L2,Guarana_Antarctica,5,0.0,0.0,0.0,0.0,0.0,0.0
70,Itupeva,ITU_L2,Guarana_Antarctica,6,0.0,3432.5600000000013,0.0,0.0,0.0,3432.5600000000013
70,Itupeva,ITU_L2,Guarana_Antarctica,7,0.0,21075.39,0.0,0.0,22254.390000000003,44807.27
70,Itupeva,ITU_L2,Guarana_Antarctica,8,0.0,0.0,0.0,0.0,31266.94,0.0
70,Itupeva,ITU_L2,Guarana_Antarctica,9,0.0,0.0,0.0,0.0,0.0,0.0
70,Itupeva,ITU_L2,Guarana_Antarctica,10,0.0,0.0,0.0,0.0,0.0,0.0
70,Itupeva,ITU_L2,Guarana_Antarctica,11,0.0,0.0,0.0,0.0,20804.81000000001,0.0
70,Itupeva,ITU_L2,Guarana_Antarctica,12,0.0,0.0,0.0,0.0,0.0,0.0
70,Itupeva,ITU_L2,Guarana_Antarctica,13,0.0,2181.6699999999882,0.0,0.0,191.9300000000014,2181.6699999999882
70,Itupeva,ITU_L2,Guarana_Antarctica,14,0.0,0.0,0.0,0.0,26195.09999999999,0.0
70,Itupeva,ITU_L2,Guarana_Antarctica,15,0.0,0.0,0.0,0.0,8088.65,0.0
70,Itupeva,ITU_L2,Amstel_Lata,1,0.0,0.0,0.0,0.0,0.0,11177.76
70,Itupeva,ITU_L2,Amstel_Lata,2,0.0,0.0,0.0,0.0,0.0,0.0
70,Itupeva,ITU_L2,Amstel_Lata,3,0.0,0.0,0.0,0.0,0.0,0.0
70,Itupeva,ITU_L2,Amstel_Lata,4,0.0,0.0,0.0,0.0,0.0,0.0
70,Itupeva,ITU_L2,Amstel_Lata,5,0.0,0.0,0.0,0.0,0.0,0.0
70,Itupeva,ITU_L2,Amstel_Lata,6,0.0,0.0,0.0,0.0,0.0,12801.07
70,Itupeva,ITU_L2,Amstel_Lata,7,0.0,0.0,0.0,0.0,0.0,8219.66
70,Itupeva,ITU_L2,Amstel_Lata,8,0.0,0.0,0.0,0.0,0.0,0.0
70,Itupeva,ITU_L2,Amstel_Lata,9,0.0,0.0,0.0,0.0,0.0,0.0
70,Itupeva,ITU_L2,Amstel_Lata,10,0.0,0.0,0.0,0.0,0.0,27698.33
70,Itupeva,ITU_L2,Amstel_Lata,11,0.0,0.0,0.0,0.0,0.0,3594.44
70,Itupeva,ITU_L2,Amstel_Lata,12,0.0,0.0,0.0,0.0,0.0,0.0
70,Itupeva,ITU_L2,Amstel_Lata,13,0.0,0.0,0.0,0.0,0.0,18258.89999999999
70,Itupeva,ITU_L2,Amstel_Lata,14,0.0,0.0,0.0,0.0,0.0,0.0
70,Itupeva,ITU_L2,Amstel_Lata,15,0.0,0.0,0.0,0.0,0.0,0.0
70,Itupeva,ITU_L2,Del_Valle_Laranja,1,0.0,0.0,0.0,0.0,0.0,0.0
70,Itupeva,ITU_L2,Del_Valle_Laranja,2,0.0,0.0,0.0,0.0,0.0,0.0
70,Itupeva,ITU_L2,Del_Valle_Laranja,3,0.0,0.0,9090.18,0.0,0.0,9090.18
70,Itupeva,ITU_L2,Del_Valle_Laranja,4,0.0,0.0,0.0,0.0,0.0,0.0
70,Itupeva,ITU_L2,Del_Valle_Laranja,5,0.0,0.0,0.0,0.0,0.0,0.0
70,Itupeva,ITU_L2,Del_Valle_Laranja,6,0.0,0.0,0.0,0.0,0.0,0.0
70,Itupeva,ITU_L2,Del_Valle_Laranja,7,0.0,0.0,0.0,0.0,0.0,0.0
70,Itupeva,ITU_L2,Del_Valle_Laranja,8,0.0,0.0,0.0,0.0,0.0,25281.98
70,Itupeva,ITU_L2,Del_Valle_Laranja,9,0.0,0.0,0.0,0.0,0.0,0.0
70,Itupeva,ITU_L2,Del_Valle_Laranja,10,0.0,0.0,0.0,0.0,0.0,0.0
70,Itupeva,ITU_L2,Del_Valle_Laranja,11,0.0,0.0,0.0,0.0,0.0,7001.85
70,Itupeva,ITU_L2,Del_Valle_Laranja,12,0.0,0.0,0.0,0.0,0.0,0.0
70,Itupeva,ITU_L2,Del_Valle_Laranja,13,0.0,0.0,0.0,0.0,0.0,0.0
70,Itupeva,ITU_L2,Del_Valle_Laranja,14,0.0,0.0,0.0,0.0,0.0,0.0
70,Itupeva,ITU_L2,Del_Valle_Laranja,15,0.0,0.0,0.0,0.0,0.0,0.0
70,Itupeva,ITU_L2,Fanta_Uva,1,0.0,0.0,0.0,0.0,0.0,0.0
70,Itupeva,ITU_L2,Fanta_Uva,2,0.0,0.0,0.0,0.0,0.0,0.0
70,Itupeva,ITU_L2,Fanta_Uva,3,0.0,0.0,0.0,0.0,0.0,0.0
70,Itupeva,ITU_L2,Fanta_Uva,4,0.0,0.0,0.0,0.0,0.0,0.0
70,Itupeva,ITU_L2,Fanta_Uva,5,0.0,0.0,0.0,0.0,0.0,0.0
70,Itupeva,ITU_L2,Fanta_Uva,6,0.0,0.0,0.0,0.0,0.0,0.0
70,Itupeva,ITU_L2,Fanta_Uva,7,0.0,0.0,0.0,0.0,0.0,0.0
70,Itupeva,ITU_L2,Fanta_Uva,8,0.0,0.0,0.0,0.0,0.0,0.0
70,Itupeva,ITU_L2,Fanta_Uva,9,0.0,0.0,0.0,0.0,0.0,6333.21
70,Itupeva,ITU_L2,Fanta_Uva,10,0.0,0.0,0.0,0.0,0.0,0.0
70,Itupeva,ITU_L2,Fanta_Uva,11,0.0,0.0,0.0,0.0,0.0,28821.22
70,Itupeva,ITU_L2,Fanta_Uva,12,0.0,0.0,0.0,0.0,0.0,0.0
70,Itupeva,ITU_L2,Fanta_Uva,13,0.0,0.0,0.0,0.0,0.0,0.0
70,Itupeva,ITU_L2,Fanta_Uva,14,0.0,0.0,0.0,0.0,0.0,8800.84
70,Itupeva,ITU_L2,Fanta_Uva,15,0.0,0.0,0.0,0.0,0.0,0.0
70,Itupeva,ITU_L2,Maguary_Maracuja,1,0.0,0.0,0.0,0.0,0.0,0.0
70,Itupeva,ITU_L2,Maguary_Maracuja,2,0.0,0.0,0.0,0.0,0.0,6218.75
70,Itupeva,ITU_L2,Maguary_Maracuja,3,0.0,0.0,17635.65,0.0,0.0,17635.65
70,Itupeva,ITU_L2,Maguary_Maracuja,4,0.0,0.0,1310.05,0.0,0.0,1310.05
70,Itupeva,ITU_L2,Maguary_Maracuja,5,0.0,0.0,0.0,0.0,0.0,0.0
70,Itupeva,ITU_L2,Maguary_Maracuja,6,0.0,0.0,0.0,0.0,0.0,0.0
70,Itupeva,ITU_L2,Maguary_Maracuja,7,0.0,0.0,0.0,0.0,0.0,0.0
70,Itupeva,ITU_L2,Maguary_Maracuja,8,4975.1600000000035,0.0,0.0,0.0,4975.1600000000035,0.0
70,Itupeva,ITU_L2,Maguary_Maracuja,9,0.0,0.0,0.0,0.0,0.0,0.0
70,Itupeva,ITU_L2,Maguary_Maracuja,10,0.0,0.0,9252.85,0.0,0.0,9252.85
70,Itupeva,ITU_L2,Maguary_Maracuja,11,0.0,0.0,0.0,0.0,0.0,0.0
70,Itupeva,ITU_L2,Maguary_Maracuja,12,0.0,0.0,0.0,0.0,0.0,0.0
70,Itupeva,ITU_L2,Maguary_Maracuja,13,0.0,0.0,0.0,0.0,0.0,9370.83
70,Itupeva,ITU_L2,Maguary_Maracuja,14,0.0,0.0,0.0,0.0,0.0,0.0
70,Itupeva,ITU_L2,Maguary_Maracuja,15,0.0,0.0,0.0,0.0,0.0,0.0
70,Itupeva,ITU_L2,Coca_Cola,1,0.0,0.0,0.0,0.0,0.0,0.0
70,Itupeva,ITU_L2,Coca_Cola,2,0.0,0.0,0.0,0.0,0.0,0.0
70,Itupeva,ITU_L2,Coca_Cola,3,0.0,0.0,0.0,0.0,0.0,0.0
70,Itupeva,ITU_L2,Coca_Cola,4,0.0,0.0,0.0,0.0,0.0,0.0
70,Itupeva,ITU_L2,Coca_Cola,5,0.0,0.0,0.0,0.0,0.0,0.0
70,Itupeva,ITU_L2,Coca_Cola,6,0.0,0.0,15250.77,0.0,0.0,21114.63
70,Itupeva,ITU_L2,Coca_Cola,7,0.0,0.0,0.0,0.0,0.0,0.0
70,Itupeva,ITU_L2,Coca_Cola,8,0.0,0.0,0.0,0.0,0.0,0.0
70,Itupeva,ITU_L2,Coca_Cola,9,0.0,0.0,28082.06,0.0,0.0,28082.06
70,Itupeva,ITU_L2,Coca_Cola,10,0.0,0.0,0.0,0.0,0.0,0.0
70,Itupeva,ITU_L2,Coca_Cola,11,0.0,0.0,0.0,0.0,0.0,0.0
70,Itupeva,ITU_L2,Coca_Cola,12,0.0,0.0,0.0,0.0,0.0,0.0
70,Itupeva,ITU_L2,Coca_Cola,13,0.0,0.0,0.0,0.0,0.0,0.0
70,Itupeva,ITU_L2,Coca_Cola,14,0.0,0.0,0.0,0.0,0.0,0.0
70,Itupeva,ITU_L2,Coca_Cola,15,0.0,0.0,0.0,0.0,0.0,8716.57
70,Itupeva,ITU_L2,H2OH_Limao,1,0.0,0.0,0.0,0.0,13624.48,13624.48
70,Itupeva,ITU_L2,H2OH_Limao,2,0.0,0.0,0.0,0.0,0.0,0.0
70,Itupeva,ITU_L2,H2OH_Limao,3,0.0,0.0,0.0,0.0,12261.93,21330.15
70,Itupeva,ITU_L2,H2OH_Limao,4,0.0,0.0,0.0,0.0,0.0,0.0
70,Itupeva,ITU_L2,H2OH_Limao,5,0.0,0.0,0.0,0.0,0.0,0.0
70,Itupeva,ITU_L2,H2OH_Limao,6,0.0,0.0,0.0,0.0,0.0,0.0
70,Itupeva,ITU_L2,H2OH_Limao,7,0.0,0.0,0.0,0.0,0.0,0.0
70,Itupeva,ITU_L2,H2OH_Limao,8,0.0,0.0,0.0,0.0,0.0,0.0
70,Itupeva,ITU_L2,H2OH_Limao,9,0.0,0.0,0.0,0.0,0.0,0.0
70,Itupeva,ITU_L2,H2OH_Limao,10,0.0,0.0,10985.5,0.0,0.0,10985.5
70,Itupeva,ITU_L2,H2OH_Limao,11,0.0,0.0,0.0,0.0,0.0,0.0
70,Itupeva,ITU_L2,H2OH_Limao,12,0.0,0.0,0.0,0.0,0.0,0.0
70,Itupeva,ITU_L2,H2OH_Limao,13,0.0,0.0,0.0,0.0,0.0,0.0
70,Itupeva,ITU_L2,H2OH_Limao,14,0.0,0.0,0.0,0.0,0.0,0.0
70,Itupeva,ITU_L2,H2OH_Limao,15,0.0,0.0,0.0,0.0,0.0,0.0
70,Itupeva,ITU_L2,Schweppes_Citrus,1,0.0,0.0,0.0,0.0,0.0,0.0
70,Itupeva,ITU_L2,Schweppes_Citrus,2,0.0,0.0,0.0,0.0,0.0,0.0
70,Itupeva,ITU_L2,Schweppes_Citrus,3,0.0,0.0,0.0,0.0,0.0,11484.6
70,Itupeva,ITU_L2,Schweppes_Citrus,4,0.0,0.0,0.0,0.0,0.0,0.0
70,Itupeva,ITU_L2,Schweppes_Citrus,5,0.0,0.0,0.0,0.0,0.0,0.0
70,Itupeva,ITU_L2,Schweppes_Citrus,6,0.0,0.0,0.0,0.0,0.0,0.0
70,Itupeva,ITU_L2,Schweppes_Citrus,7,0.0,0.0,0.0,0.0,0.0,0.0
70,Itupeva,ITU_L2,Schweppes_Citrus,8,0.0,0.0,0.0,0.0,0.0,0.0
70,Itupeva,ITU_L2,Schweppes_Citrus,9,0.0,0.0,0.0,0.0,0.0,11330.27
70,Itupeva,ITU_L2,Schweppes_Citrus,10,0.0,0.0,0.0,0.0,0.0,0.0
70,Itupeva,ITU_L2,Schweppes_Citrus,11,0.0,0.0,0.0,0.0,0.0,0.0
70,Itupeva,ITU_L2,Schweppes_Citrus,12,0.0,0.0,0.0,0.0,0.0,0.0
70,Itupeva,ITU_L2,Schweppes_Citrus,13,0.0,0.0,0.0,0.0,0.0,0.0
70,Itupeva,ITU_L2,Schweppes_Citrus,14,0.0,0.0,0.0,0.0,0.0,0.0
70,Itupeva,ITU_L2,Schweppes_Citrus,15,0.0,0.0,0.0,0.0,0.0,0.0
70,Itupeva,ITU_L2,Sprite,1,0.0,0.0,0.0,0.0,0.0,0.0
70,Itupeva,ITU_L2,Sprite,2,0.0,0.0,0.0,0.0,0.0,0.0
70,Itupeva,ITU_L2,Sprite,3,0.0,0.0,0.0,0.0,0.0,0.0
70,Itupeva,ITU_L2,Sprite,4,0.0,0.0,0.0,0.0,0.0,0.0
70,Itupeva,ITU_L2,Sprite,5,0.0,0.0,0.0,0.0,0.0,0.0
70,Itupeva,ITU_L2,Sprite,6,0.0,0.0,0.0,0.0,0.0,0.0
70,Itupeva,ITU_L2,Sprite,7,0.0,0.0,0.0,0.0,0.0,0.0
70,Itupeva,ITU_L2,Sprite,8,0.0,0.0,0.0,0.0,0.0,0.0
70,Itupeva,ITU_L2,Sprite,9,0.0,0.0,0.0,0.0,0.0,0.0
70,Itupeva,ITU_L2,Sprite,10,0.0,0.0,0.0,0.0,0.0,0.0
70,Itupeva,ITU_L2,Sprite,11,0.0,0.0,0.0,0.0,0.0,0.0
70,Itupeva,ITU_L2,Sprite,12,0.0,0.0,19783.09,0.0,0.0,19783.09
70,Itupeva,ITU_L2,Sprite,13,0.0,0.0,0.0,0.0,0.0,0.0
70,Itupeva,ITU_L2,Sprite,14,0.0,0.0,0.0,0.0,0.0,0.0
70,Itupeva,ITU_L2,Sprite,15,0.0,0.0,0.0,0.0,0.0,0.0
70,Itupeva,ITU_L2,Del_Valle_Uva,1,0.0,0.0,0.0,0.0,4266.1,0.0
70,Itupeva,ITU_L2,Del_Valle_Uva,2,0.0,0.0,0.0,0.0,36577.14,8929.59
70,Itupeva,ITU_L2,Del_Valle_Uva,3,0.0,0.0,0.0,0.0,21864.249999999993,3441.16
70,Itupeva,ITU_L2,Del_Valle_Uva,4,0.0,0.0,0.0,0.0,11895.030000000004,0.0
70,Itupeva,ITU_L2,Del_Valle_Uva,5,0.0,0.0,26284.0,0.0,31894.680000000004,26284.0
70,Itupeva,ITU_L2,Del_Valle_Uva,6,0.0,0.0,0.0,0.0,19204.36,0.0
70,Itupeva,ITU_L2,Del_Valle_Uva,7,0.0,0.0,0.0,0.0,11570.57,0.0
70,Itupeva,ITU_L2,Del_Valle_Uva,8,0.0,0.0,0.0,0.0,25880.45,0.0
70,Itupeva,ITU_L2,Del_Valle_Uva,9,0.0,0.0,0.0,0.0,28424.7,0.0
70,Itupeva,ITU_L2,Del_Valle_Uva,10,0.0,0.0,0.0,0.0,5899.47,0.0
70,Itupeva,ITU_L2,Del_Valle_Uva,11,0.0,0.0,0.0,0.0,3281.720000000003,0.0
70,Itupeva,ITU_L2,Del_Valle_Uva,12,0.0,0.0,0.0,0.0,37992.0,0.0
70,Itupeva,ITU_L2,Del_Valle_Uva,13,0.0,0.0,0.0,0.0,37200.07,0.0
70,Itupeva,ITU_L2,Del_Valle_Uva,14,0.0,0.0,0.0,0.0,1927.22,0.0
70,Itupeva,ITU_L2,Del_Valle_Uva,15,0.0,0.0,0.0,0.0,26447.38,0.0
70,Itupeva,ITU_L2,Pepsi,1,0.0,0.0,0.0,0.0,0.0,0.0
70,Itupeva,ITU_L2,Pepsi,2,0.0,0.0,0.0,0.0,0.0,0.0
70,Itupeva,ITU_L2,Pepsi,3,0.0,0.0,0.0,0.0,0.0,0.0
70,Itupeva,ITU_L2,Pepsi,4,0.0,0.0,10761.86,0.0,0.0,10761.86
70,Itupeva,ITU_L2,Pepsi,5,0.0,0.0,0.0,0.0,16551.180000000008,16551.180000000008
70,Itupeva,ITU_L2,Pepsi,6,0.0,0.0,13138.41,0.0,0.0,13138.41
70,Itupeva,ITU_L2,Pepsi,7,0.0,0.0,11968.48,0.0,0.0,11968.48
70,Itupeva,ITU_L2,Pepsi,8,0.0,0.0,0.0,0.0,0.0,0.0
70,Itupeva,ITU_L2,Pepsi,9,0.0,0.0,0.0,0.0,0.0,0.0
70,Itupeva,ITU_L2,Pepsi,10,0.0,0.0,0.0,0.0,0.0,0.0
70,Itupeva,ITU_L2,Pepsi,11,0.0,0.0,0.0,0.0,0.0,0.0
70,Itupeva,ITU_L2,Pepsi,12,0.0,0.0,0.0,0.0,0.0,0.0
70,Itupeva,ITU_L2,Pepsi,13,0.0,0.0,0.0,0.0,0.0,0.0
70,Itupeva,ITU_L2,Pepsi,14,0.0,0.0,0.0,0.0,0.0,0.0
70,Itupeva,ITU_L2,Pepsi,15,0.0,0.0,0.0,0.0,0.0,0.0
70,Itupeva,ITU_L3,Fanta_Laranja,1,0.0,0.0,0.0,0.0,0.0,0.0
70,Itupeva,ITU_L3,Fanta_Laranja,2,0.0,0.0,0.0,0.0,0.0,0.0
70,Itupeva,ITU_L3,Fanta_Laranja,3,0.0,0.0,0.0,0.0,0.0,0.0
70,Itupeva,ITU_L3,Fanta_Laranja,4,0.0,0.0,0.0,0.0,0.0,0.0
70,Itupeva,ITU_L3,Fanta_Laranja,5,0.0,0.0,0.0,0.0,0.0,0.0
70,Itupeva,ITU_L3,Fanta_Laranja,6,0.0,0.0,0.0,0.0,0.0,0.0
70,Itupeva,ITU_L3,Fanta_Laranja,7,0.0,0.0,0.0,0.0,0.0,6976.36
70,Itupeva,ITU_L3,Fanta_Laranja,8,0.0,0.0,0.0,0.0,0.0,0.0
70,Itupeva,ITU_L3,Fanta_Laranja,9,0.0,0.0,0.0,0.0,0.0,0.0
70,Itupeva,ITU_L3,Fanta_Laranja,10,0.0,0.0,0.0,0.0,0.0,0.0
70,Itupeva,ITU_L3,Fanta_Laranja,11,0.0,0.0,0.0,0.0,0.0,0.0
70,Itupeva,ITU_L3,Fanta_Laranja,12,0.0,0.0,0.0,0.0,0.0,0.0
70,Itupeva,ITU_L3,Fanta_Laranja,13,0.0,0.0,0.0,0.0,0.0,14513.33
70,Itupeva,ITU_L3,Fanta_Laranja,14,0.0,0.0,0.0,0.0,0.0,14689.18
70,Itupeva,ITU_L3,Fanta_Laranja,15,0.0,0.0,0.0,0.0,0.0,0.0
70,Itupeva,ITU_L3,Itubaina,1,0.0,0.0,0.0,0.0,0.0,0.0
70,Itupeva,ITU_L3,Itubaina,2,0.0,0.0,0.0,0.0,0.0,0.0
70,Itupeva,ITU_L3,Itubaina,3,0.0,0.0,0.0,0.0,0.0,0.0
70,Itupeva,ITU_L3,Itubaina,4,0.0,0.0,0.0,0.0,0.0,0.0
70,Itupeva,ITU_L3,Itubaina,5,0.0,0.0,0.0,0.0,0.0,0.0
70,Itupeva,ITU_L3,Itubaina,6,0.0,0.0,2819.1,0.0,0.0,2819.1
70,Itupeva,ITU_L3,Itubaina,7,0.0,0.0,0.0,0.0,0.0,0.0
70,Itupeva,ITU_L3,Itubaina,8,0.0,0.0,0.0,0.0,0.0,0.0
70,Itupeva,ITU_L3,Itubaina,9,0.0,0.0,0.0,0.0,0.0,0.0
70,Itupeva,ITU_L3,Itubaina,10,0.0,0.0,0.0,0.0,0.0,0.0
70,Itupeva,ITU_L3,Itubaina,11,0.0,0.0,0.0,0.0,0.0,0.0
70,Itupeva,ITU_L3,Itubaina,12,0.0,0.0,0.0,0.0,0.0,0.0
70,Itupeva,ITU_L3,Itubaina,13,0.0,0.0,0.0,0.0,0.0,0.0
70,Itupeva,ITU_L3,Itubaina,14,0.0,0.0,0.0,0.0,0.0,0.0
70,Itupeva,ITU_L3,Itubaina,15,0.0,0.0,0.0,0.0,0.0,0.0
70,Itupeva,ITU_L3,Skol_Lata,1,0.0,0.0,0.0,0.0,7523.380000000003,0.0
70,Itupeva,ITU_L3,Skol_Lata,2,0.0,0.0,0.0,0.0,17879.89,0.0
70,Itupeva,ITU_L3,Skol_Lata,3,18551.750000000007,0.0,11847.51,0.0,11625.17000000001,0.0
70,Itupeva,ITU_L3,Skol_Lata,4,0.0,0.0,9148.64,0.0,0.0,9148.64
70,Itupeva,ITU_L3,Skol_Lata,5,3865.319999999998,0.0,0.0,0.0,3865.319999999998,0.0
70,Itupeva,ITU_L3,Skol_Lata,6,2200.289999999999,0.0,0.0,0.0,2200.289999999999,0.0
70,Itupeva,ITU_L3,Skol_Lata,7,3687.040000000001,0.0,0.0,0.0,3687.040000000001,0.0
70,Itupeva,ITU_L3,Skol_Lata,8,0.0,0.0,0.0,0.0,0.0,0.0
70,Itupeva,ITU_L3,Skol_Lata,9,841.1000000000004,0.0,13725.06,0.0,0.0,12883.96
70,Itupeva,ITU_L3,Skol_Lata,10,0.0,0.0,0.0,0.0,0.0,0.0
70,Itupeva,ITU_L3,Skol_Lata,11,13521.46999999999,0.0,0.0,0.0,13521.46999999999,22312.23
70,Itupeva,ITU_L3,Skol_Lata,12,0.0,0.0,0.0,0.0,5700.370000000003,0.0
70,Itupeva,ITU_L3,Skol_Lata,13,0.0,0.0,0.0,0.0,0.0,0.0
70,Itupeva,ITU_L3,Skol_Lata,14,0.0,0.0,0.0,0.0,0.0,0.0
70,Itupeva,ITU_L3,Skol_Lata,15,0.0,0.0,0.0,0.0,26054.55,0.0
70,Itupeva,ITU_L3,Heineken_Lata,1,0.0,0.0,14275.19,0.0,0.0,14275.19
70,Itupeva,ITU_L3,Heineken_Lata,2,0.0,0.0,0.0,0.0,0.0,0.0
70,Itupeva,ITU_L3,Heineken_Lata,3,0.0,0.0,0.0,0.0,0.0,0.0
70,Itupeva,ITU_L3,Heineken_Lata,4,0.0,0.0,0.0,0.0,0.0,0.0
70,Itupeva,ITU_L3,Heineken_Lata,5,0.0,0.0,0.0,0.0,0.0,0.0
70,Itupeva,ITU_L3,Heineken_Lata,6,0.0,0.0,0.0,0.0,0.0,0.0
70,Itupeva,ITU_L3,Heineken_Lata,7,0.0,0.0,9773.9,0.0,0.0,9773.9
70,Itupeva,ITU_L3,Heineken_Lata,8,0.0,0.0,0.0,0.0,0.0,0.0
70,Itupeva,ITU_L3,Heineken_Lata,9,0.0,0.0,0.0,0.0,0.0,0.0
70,Itupeva,ITU_L3,Heineken_Lata,10,0.0,0.0,0.0,0.0,0.0,0.0
70,Itupeva,ITU_L3,Heineken_Lata,11,0.0,0.0,0.0,0.0,0.0,0.0
70,Itupeva,ITU_L3,Heineken_Lata,12,0.0,0.0,0.0,0.0,0.0,0.0
70,Itupeva,ITU_L3,Heineken_Lata,13,0.0,0.0,0.0,0.0,0.0,0.0
70,Itupeva,ITU_L3,Heineken_Lata,14,0.0,0.0,0.0,0.0,0.0,0.0
70,Itupeva,ITU_L3,Heineken_Lata,15,0.0,0.0,0.0,0.0,0.0,0.0
70,Itupeva,ITU_L3,Coca_Cola_Zero,1,0.0,0.0,0.0,0.0,0.0,0.0
70,Itupeva,ITU_L3,Coca_Cola_Zero,2,0.0,0.0,0.0,0.0,0.0,0.0
70,Itupeva,ITU_L3,Coca_Cola_Zero,3,0.0,0.0,0.0,0.0,0.0,15041.76
70,Itupeva,ITU_L3,Coca_Cola_Zero,4,0.0,0.0,0.0,0.0,0.0,0.0
70,Itupeva,ITU_L3,Coca_Cola_Zero,5,0.0,0.0,0.0,0.0,0.0,0.0
70,Itupeva,ITU_L3,Coca_Cola_Zero,6,0.0,0.0,0.0,0.0,0.0,0.0
70,Itupeva,ITU_L3,Coca_Cola_Zero,7,0.0,0.0,0.0,0.0,0.0,0.0
70,Itupeva,ITU_L3,Coca_Cola_Zero,8,0.0,0.0,0.0,0.0,0.0,0.0
70,Itupeva,ITU_L3,Coca_Cola_Zero,9,0.0,0.0,0.0,0.0,0.0,0.0
70,Itupeva,ITU_L3,Coca_Cola_Zero,10,0.0,0.0,0.0,0.0,0.0,0.0
70,Itupeva,ITU_L3,Coca_Cola_Zero,11,0.0,0.0,0.0,0.0,0.0,0.0
70,Itupeva,ITU_L3,Coca_Cola_Zero,12,0.0,0.0,0.0,0.0,0.0,4092.16
70,Itupeva,ITU_L3,Coca_Cola_Zero,13,0.0,0.0,0.0,0.0,0.0,0.0
70,Itupeva,ITU_L3,Coca_Cola_Zero,14,0.0,0.0,0.0,0.0,0.0,0.0
70,Itupeva,ITU_L3,Coca_Cola_Zero,15,0.0,0.0,0.0,0.0,0.0,0.0
70,Itupeva,ITU_L3,Antarctica_Lata,1,0.0,0.0,11845.29,0.0,0.0,11845.29
70,Itupeva,ITU_L3,Antarctica_Lata,2,0.0,0.0,0.0,0.0,0.0,0.0
70,Itupeva,ITU_L3,Antarctica_Lata,3,0.0,0.0,0.0,0.0,0.0,0.0
70,Itupeva,ITU_L3,Antarctica_Lata,4,0.0,0.0,0.0,0.0,0.0,16169.4
70,Itupeva,ITU_L3,Antarctica_Lata,5,0.0,0.0,0.0,0.0,0.0,0.0
70,Itupeva,ITU_L3,Antarctica_Lata,6,0.0,0.0,0.0,0.0,0.0,0.0
70,Itupeva,ITU_L3,Antarctica_Lata,7,0.0,0.0,7285.32,0.0,0.0,7285.32
70,Itupeva,ITU_L3,Antarctica_Lata,8,0.0,0.0,0.0,0.0,0.0,0.0
70,Itupeva,ITU_L3,Antarctica_Lata,9,0.0,0.0,0.0,0.0,0.0,0.0
70,Itupeva,ITU_L3,Antarctica_Lata,10,0.0,0.0,0.0,0.0,0.0,0.0
70,Itupeva,ITU_L3,Antarctica_Lata,11,0.0,0.0,0.0,0.0,0.0,0.0
70,Itupeva,ITU_L3,Antarctica_Lata,12,0.0,0.0,0.0,0.0,0.0,0.0
70,Itupeva,ITU_L3,Antarctica_Lata,13,0.0,0.0,8909.26,0.0,0.0,8909.26
70,Itupeva,ITU_L3,Antarctica_Lata,14,0.0,0.0,0.0,0.0,0.0,0.0
70,Itupeva,ITU_L3,Antarctica_Lata,15,0.0,0.0,0.0,0.0,0.0,0.0
70,Itupeva,ITU_L3,Spaten_Lata,1,0.0,0.0,0.0,0.0,0.0,3674.44
70,Itupeva,ITU_L3,Spaten_Lata,2,0.0,0.0,0.0,0.0,0.0,0.0
70,Itupeva,ITU_L3,Spaten_Lata,3,0.0,0.0,0.0,0.0,0.0,0.0
70,Itupeva,ITU_L3,Spaten_Lata,4,0.0,0.0,0.0,0.0,0.0,0.0
70,Itupeva,ITU_L3,Spaten_Lata,5,0.0,0.0,0.0,0.0,0.0,0.0
70,Itupeva,ITU_L3,Spaten_Lata,6,0.0,0.0,0.0,0.0,0.0,0.0
70,Itupeva,ITU_L3,Spaten_Lata,7,0.0,0.0,0.0,0.0,0.0,0.0
70,Itupeva,ITU_L3,Spaten_Lata,8,0.0,0.0,0.0,0.0,0.0,0.0
70,Itupeva,ITU_L3,Spaten_Lata,9,0.0,0.0,0.0,0.0,0.0,0.0
70,Itupeva,ITU_L3,Spaten_Lata,10,0.0,0.0,0.0,0.0,0.0,0.0
70,Itupeva,ITU_L3,Spaten_Lata,11,0.0,0.0,0.0,0.0,0.0,0.0
70,Itupeva,ITU_L3,Spaten_Lata,12,0.0,0.0,0.0,0.0,0.0,0.0
70,Itupeva,ITU_L3,Spaten_Lata,13,0.0,0.0,0.0,0.0,0.0,0.0
70,Itupeva,ITU_L3,Spaten_Lata,14,0.0,0.0,0.0,0.0,0.0,0.0
70,Itupeva,ITU_L3,Spaten_Lata,15,0.0,0.0,0.0,0.0,0.0,0.0
70,Itupeva,ITU_L3,Maguary_Caju,1,0.0,0.0,0.0,0.0,0.0,6336.16
70,Itupeva,ITU_L3,Maguary_Caju,2,0.0,0.0,0.0,0.0,0.0,0.0
70,Itupeva,ITU_L3,Maguary_Caju,3,0.0,0.0,5423.0,0.0,0.0,5423.0
70,Itupeva,ITU_L3,Maguary_Caju,4,0.0,0.0,0.0,0.0,0.0,0.0
70,Itupeva,ITU_L3,Maguary_Caju,5,0.0,0.0,0.0,0.0,0.0,0.0
70,Itupeva,ITU_L3,Maguary_Caju,6,0.0,0.0,0.0,0.0,0.0,0.0
70,Itupeva,ITU_L3,Maguary_Caju,7,0.0,0.0,0.0,0.0,0.0,0.0
70,Itupeva,ITU_L3,Maguary_Caju,8,0.0,0.0,0.0,0.0,0.0,0.0
70,Itupeva,ITU_L3,Maguary_Caju,9,0.0,0.0,0.0,0.0,0.0,16048.86
70,Itupeva,ITU_L3,Maguary_Caju,10,0.0,0.0,0.0,0.0,0.0,0.0
70,Itupeva,ITU_L3,Maguary_Caju,11,0.0,0.0,0.0,0.0,0.0,0.0
70,Itupeva,ITU_L3,Maguary_Caju,12,0.0,0.0,0.0,0.0,0.0,0.0
70,Itupeva,ITU_L3,Maguary_Caju,13,0.0,0.0,0.0,0.0,0.0,0.0
70,Itupeva,ITU_L3,Maguary_Caju,14,0.0,0.0,0.0,0.0,0.0,0.0
70,Itupeva,ITU_L3,Maguary_Caju,15,0.0,0.0,0.0,0.0,0.0,0.0
70,Itupeva,ITU_L3,Del_Valle_Pessego,1,0.0,0.0,0.0,0.0,36792.0,0.0
70,Itupeva,ITU_L3,Del_Valle_Pessego,2,0.0,0.0,27688.98,0.0,37165.049999999996,27688.98
70,Itupeva,ITU_L3,Del_Valle_Pessego,3,0.0,0.0,0.0,0.0,38280.0,0.0
70,Itupeva,ITU_L3,Del_Valle_Pessego,4,0.0,0.0,0.0,0.0,19988.13,0.0
70,Itupeva,ITU_L3,Del_Valle_Pessego,5,0.0,0.0,0.0,0.0,37392.0,0.0
70,Itupeva,ITU_L3,Del_Valle_Pessego,6,0.0,0.0,0.0,0.0,18615.759999999995,415.82
70,Itupeva,ITU_L3,Del_Valle_Pessego,7,0.0,0.0,0.0,0.0,6635.73,0.0
70,Itupeva,ITU_L3,Del_Valle_Pessego,8,0.0,0.0,0.0,0.0,0.0,0.0
70,Itupeva,ITU_L3,Del_Valle_Pessego,9,0.0,0.0,0.0,0.0,15075.939999999991,0.0
70,Itupeva,ITU_L3,Del_Valle_Pessego,10,0.0,0.0,26312.21,0.0,38256.00000000001,26312.21
70,Itupeva,ITU_L3,Del_Valle_Pessego,11,0.0,0.0,0.0,0.0,38904.0,0.0
70,Itupeva,ITU_L3,Del_Valle_Pessego,12,0.0,0.0,14643.55,0.0,4690.440000000001,14643.55
70,Itupeva,ITU_L3,Del_Valle_Pessego,13,0.0,0.0,0.0,0.0,27467.940000000002,0.0
70,Itupeva,ITU_L3,Del_Valle_Pessego,14,0.0,0.0,0.0,0.0,17840.079999999987,0.0
70,Itupeva,ITU_L3,Del_Valle_Pessego,15,0.0,0.0,11296.73,0.0,37632.00000000001,32842.479999999996
70,Itupeva,ITU_L3,Stella_Artois_Pure_Gold,1,0.0,0.0,0.0,0.0,0.0,0.0
70,Itupeva,ITU_L3,Stella_Artois_Pure_Gold,2,0.0,0.0,0.0,0.0,0.0,0.0
70,Itupeva,ITU_L3,Stella_Artois_Pure_Gold,3,0.0,0.0,0.0,0.0,0.0,0.0
70,Itupeva,ITU_L3,Stella_Artois_Pure_Gold,4,0.0,0.0,0.0,0.0,20282.14,20282.14
70,Itupeva,ITU_L3,Stella_Artois_Pure_Gold,5,0.0,0.0,0.0,0.0,0.0,0.0
70,Itupeva,ITU_L3,Stella_Artois_Pure_Gold,6,0.0,0.0,0.0,0.0,0.0,0.0
70,Itupeva,ITU_L3,Stella_Artois_Pure_Gold,7,0.0,0.0,0.0,0.0,0.0,0.0
70,Itupeva,ITU_L3,Stella_Artois_Pure_Gold,8,0.0,0.0,0.0,0.0,0.0,0.0
70,Itupeva,ITU_L3,Stella_Artois_Pure_Gold,9,0.0,0.0,0.0,0.0,0.0,0.0
70,Itupeva,ITU_L3,Stella_Artois_Pure_Gold,10,0.0,0.0,0.0,0.0,0.0,0.0
70,Itupeva,ITU_L3,Stella_Artois_Pure_Gold,11,0.0,0.0,0.0,0.0,0.0,0.0
70,Itupeva,ITU_L3,Stella_Artois_Pure_Gold,12,0.0,0.0,0.0,0.0,0.0,0.0
70,Itupeva,ITU_L3,Stella_Artois_Pure_Gold,13,0.0,0.0,0.0,0.0,0.0,0.0
70,Itupeva,ITU_L3,Stella_Artois_Pure_Gold,14,0.0,0.0,0.0,0.0,5527.529999999998,5527.529999999998
70,Itupeva,ITU_L3,Stella_Artois_Pure_Gold,15,0.0,0.0,0.0,0.0,0.0,0.0
70,Itupeva,ITU_L3,Sprite_Zero,1,0.0,0.0,0.0,0.0,0.0,0.0
70,Itupeva,ITU_L3,Sprite_Zero,2,0.0,0.0,0.0,0.0,0.0,0.0
70,Itupeva,ITU_L3,Sprite_Zero,3,0.0,0.0,0.0,0.0,0.0,0.0
70,Itupeva,ITU_L3,Sprite_Zero,4,0.0,0.0,0.0,0.0,0.0,6842.079999999998
70,Itupeva,ITU_L3,Sprite_Zero,5,0.0,0.0,0.0,0.0,6842.079999999998,0.0
70,Itupeva,ITU_L3,Sprite_Zero,6,0.0,0.0,0.0,0.0,0.0,0.0
70,Itupeva,ITU_L3,Sprite_Zero,7,0.0,0.0,0.0,0.0,0.0,0.0
70,Itupeva,ITU_L3,Sprite_Zero,8,0.0,0.0,0.0,0.0,0.0,0.0
70,Itupeva,ITU_L3,Sprite_Zero,9,0.0,0.0,0.0,0.0,0.0,0.0
70,Itupeva,ITU_L3,Sprite_Zero,10,0.0,0.0,0.0,0.0,0.0,0.0
70,Itupeva,ITU_L3,Sprite_Zero,11,0.0,0.0,0.0,0.0,0.0,0.0
70,Itupeva,ITU_L3,Sprite_Zero,12,0.0,0.0,0.0,0.0,0.0,0.0
70,Itupeva,ITU_L3,Sprite_Zero,13,0.0,0.0,0.0,0.0,0.0,10865.309999999998
70,Itupeva,ITU_L3,Sprite_Zero,14,0.0,0.0,0.0,0.0,10865.309999999998,0.0
70,Itupeva,ITU_L3,Sprite_Zero,15,0.0,0.0,0.0,0.0,0.0,0.0
70,Itupeva,ITU_L3,Kuat,1,0.0,0.0,0.0,0.0,0.0,0.0
70,Itupeva,ITU_L3,Kuat,2,0.0,0.0,0.0,0.0,0.0,0.0
70,Itupeva,ITU_L3,Kuat,3,0.0,0.0,0.0,0.0,0.0,0.0
70,Itupeva,ITU_L3,Kuat,4,0.0,0.0,0.0,0.0,0.0,0.0
70,Itupeva,ITU_L3,Kuat,5,0.0,0.0,0.0,0.0,0.0,0.0
70,Itupeva,ITU_L3,Kuat,6,0.0,0.0,11852.65,0.0,0.0,11852.65
70,Itupeva,ITU_L3,Kuat,7,0.0,0.0,0.0,0.0,0.0,0.0
70,Itupeva,ITU_L3,Kuat,8,0.0,0.0,0.0,0.0,0.0,0.0
70,Itupeva,ITU_L3,Kuat,9,0.0,0.0,0.0,0.0,0.0,0.0
70,Itupeva,ITU_L3,Kuat,10,0.0,0.0,0.0,0.0,0.0,8215.1
70,Itupeva,ITU_L3,Kuat,11,0.0,0.0,0.0,0.0,0.0,0.0
70,Itupeva,ITU_L3,Kuat,12,0.0,0.0,0.0,0.0,0.0,0.0
70,Itupeva,ITU_L3,Kuat,13,0.0,0.0,0.0,0.0,0.0,10604.84
70,Itupeva,ITU_L3,Kuat,14,0.0,0.0,0.0,0.0,0.0,0.0
70,Itupeva,ITU_L3,Kuat,15,0.0,0.0,0.0,0.0,0.0,8123.17
70,Itupeva,ITU_L3,Sukita_Laranja,1,0.0,0.0,0.0,0.0,0.0,0.0
70,Itupeva,ITU_L3,Sukita_Laranja,2,0.0,0.0,0.0,0.0,0.0,0.0
70,Itupeva,ITU_L3,Sukita_Laranja,3,0.0,0.0,0.0,0.0,0.0,0.0
70,Itupeva,ITU_L3,Sukita_Laranja,4,0.0,0.0,18107.13,0.0,0.0,18107.13
70,Itupeva,ITU_L3,Sukita_Laranja,5,0.0,0.0,0.0,0.0,0.0,0.0
70,Itupeva,ITU_L3,Sukita_Laranja,6,0.0,0.0,0.0,0.0,0.0,0.0
70,Itupeva,ITU_L3,Sukita_Laranja,7,0.0,0.0,0.0,0.0,0.0,0.0
70,Itupeva,ITU_L3,Sukita_Laranja,8,0.0,0.0,0.0,0.0,0.0,11230.32
70,Itupeva,ITU_L3,Sukita_Laranja,9,0.0,0.0,0.0,0.0,0.0,0.0
70,Itupeva,ITU_L3,Sukita_Laranja,10,0.0,0.0,0.0,0.0,0.0,0.0
70,Itupeva,ITU_L3,Sukita_Laranja,11,0.0,0.0,0.0,0.0,0.0,0.0
70,Itupeva,ITU_L3,Sukita_Laranja,12,0.0,0.0,0.0,0.0,0.0,3648.41
70,Itupeva,ITU_L3,Sukita_Laranja,13,0.0,0.0,0.0,0.0,0.0,12719.09
70,Itupeva,ITU_L3,Sukita_Laranja,14,0.0,0.0,0.0,0.0,0.0,0.0
70,Itupeva,ITU_L3,Sukita_Laranja,15,0.0,0.0,0.0,0.0,0.0,10403.69
70,Itupeva,ITU_L3,Budweiser_Lata,1,0.0,0.0,0.0,0.0,0.0,0.0
70,Itupeva,ITU_L3,Budweiser_Lata,2,0.0,0.0,0.0,0.0,0.0,0.0
70,Itupeva,ITU_L3,Budweiser_Lata,3,0.0,0.0,0.0,0.0,0.0,0.0
70,Itupeva,ITU_L3,Budweiser_Lata,4,0.0,0.0,0.0,0.0,0.0,0.0
70,Itupeva,ITU_L3,Budweiser_Lata,5,0.0,0.0,0.0,0.0,0.0,0.0
70,Itupeva,ITU_L3,Budweiser_Lata,6,0.0,0.0,0.0,0.0,0.0,0.0
70,Itupeva,ITU_L3,Budweiser_Lata,7,0.0,0.0,0.0,0.0,0.0,0.0
70,Itupeva,ITU_L3,Budweiser_Lata,8,0.0,0.0,0.0,0.0,0.0,0.0
70,Itupeva,ITU_L3,Budweiser_Lata,9,0.0,0.0,0.0,0.0,0.0,0.0
70,Itupeva,ITU_L3,Budweiser_Lata,10,0.0,0.0,0.0,0.0,0.0,0.0
70,Itupeva,ITU_L3,Budweiser_Lata,11,0.0,0.0,0.0,0.0,0.0,15837.48
70,Itupeva,ITU_L3,Budweiser_Lata,12,0.0,0.0,0.0,0.0,0.0,0.0
70,Itupeva,ITU_L3,Budweiser_Lata,13,0.0,0.0,0.0,0.0,0.0,0.0
70,Itupeva,ITU_L3,Budweiser_Lata,14,0.0,0.0,0.0,0.0,0.0,0.0
70,Itupeva,ITU_L3,Budweiser_Lata,15,0.0,0.0,0.0,0.0,0.0,0.0
70,Itupeva,ITU_L3,Guarana_Antarctica_Zero,1,0.0,0.0,0.0,0.0,0.0,11554.6
70,Itupeva,ITU_L3,Guarana_Antarctica_Zero,2,0.0,0.0,0.0,0.0,990.7599999999984,0.0
70,Itupeva,ITU_L3,Guarana_Antarctica_Zero,3,0.0,0.0,0.0,0.0,0.0,0.0
70,Itupeva,ITU_L3,Guarana_Antarctica_Zero,4,0.0,0.0,0.0,0.0,15747.869999999999,0.0
70,Itupeva,ITU_L3,Guarana_Antarctica_Zero,5,0.0,0.0,0.0,0.0,0.0,0.0
70,Itupeva,ITU_L3,Guarana_Antarctica_Zero,6,0.0,0.0,0.0,0.0,0.0,1983.7999999999956
70,Itupeva,ITU_L3,Guarana_Antarctica_Zero,7,0.0,0.0,0.0,0.0,0.0,0.0
70,Itupeva,ITU_L3,Guarana_Antarctica_Zero,8,0.0,0.0,0.0,0.0,0.0,0.0
70,Itupeva,ITU_L3,Guarana_Antarctica_Zero,9,0.0,0.0,0.0,0.0,0.0,0.0
70,Itupeva,ITU_L3,Guarana_Antarctica_Zero,10,0.0,0.0,0.0,0.0,0.0,0.0
70,Itupeva,ITU_L3,Guarana_Antarctica_Zero,11,0.0,0.0,0.0,0.0,0.0,0.0
70,Itupeva,ITU_L3,Guarana_Antarctica_Zero,12,0.0,0.0,0.0,0.0,8257.98,0.0
70,Itupeva,ITU_L3,Guarana_Antarctica_Zero,13,0.0,0.0,0.0,0.0,0.0,0.0
70,Itupeva,ITU_L3,Guarana_Antarctica_Zero,14,0.0,0.0,12536.81,0.0,0.0,12536.81
70,Itupeva,ITU_L3,Guarana_Antarctica_Zero,15,0.0,0.0,0.0,0.0,0.0,0.0
70,Itupeva,ITU_L3,Itaipava_Lata,1,0.0,0.0,0.0,0.0,29220.62,0.0
70,Itupeva,ITU_L3,Itaipava_Lata,2,0.0,0.0,0.0,0.0,8988.08,0.0
70,Itupeva,ITU_L3,Itaipava_Lata,3,0.0,0.0,0.0,0.0,32351.07,0.0
70,Itupeva,ITU_L3,Itaipava_Lata,4,0.0,0.0,0.0,0.0,35784.0,0.0
70,Itupeva,ITU_L3,Itaipava_Lata,5,0.0,0.0,0.0,0.0,38376.0,24842.4
70,Itupeva,ITU_L3,Itaipava_Lata,6,0.0,0.0,0.0,0.0,40224.00000000001,0.0
70,Itupeva,ITU_L3,Itaipava_Lata,7,0.0,0.0,0.0,0.0,38064.0,0.0
70,Itupeva,ITU_L3,Itaipava_Lata,8,0.0,0.0,0.0,0.0,34504.84,0.0
70,Itupeva,ITU_L3,Itaipava_Lata,9,0.0,0.0,8275.57,0.0,38640.0,8275.57
70,Itupeva,ITU_L3,Itaipava_Lata,10,0.0,0.0,0.0,0.0,39432.0,0.0
70,Itupeva,ITU_L3,Itaipava_Lata,11,0.0,0.0,0.0,0.0,32105.21,0.0
70,Itupeva,ITU_L3,Itaipava_Lata,12,0.0,0.0,0.0,0.0,32339.629999999994,0.0
70,Itupeva,ITU_L3,Itaipava_Lata,13,0.0,0.0,0.0,0.0,38520.0,0.0
70,Itupeva,ITU_L3,Itaipava_Lata,14,0.0,0.0,0.0,0.0,38376.0,0.0
70,Itupeva,ITU_L3,Itaipava_Lata,15,0.0,0.0,5992.93,0.0,5992.93,5992.93
70,Itupeva,ITU_L3,Brahma_Lata,1,0.0,0.0,0.0,0.0,0.0,18621.49
70,Itupeva,ITU_L3,Brahma_Lata,2,0.0,0.0,0.0,0.0,0.0,0.0
70,Itupeva,ITU_L3,Brahma_Lata,3,0.0,0.0,0.0,0.0,0.0,0.0
70,Itupeva,ITU_L3,Brahma_Lata,4,0.0,0.0,0.0,0.0,0.0,17410.579999999998
70,Itupeva,ITU_L3,Brahma_Lata,5,0.0,0.0,0.0,0.0,0.0,0.0
70,Itupeva,ITU_L3,Brahma_Lata,6,0.0,0.0,0.0,0.0,0.0,0.0
70,Itupeva,ITU_L3,Brahma_Lata,7,0.0,0.0,0.0,0.0,0.0,7809.18
70,Itupeva,ITU_L3,Brahma_Lata,8,0.0,0.0,25486.8,0.0,0.0,42192.84
70,Itupeva,ITU_L3,Brahma_Lata,9,0.0,0.0,0.0,0.0,0.0,0.0
70,Itupeva,ITU_L3,Brahma_Lata,10,0.0,0.0,0.0,0.0,0.0,0.0
70,Itupeva,ITU_L3,Brahma_Lata,11,0.0,0.0,0.0,0.0,0.0,0.0
70,Itupeva,ITU_L3,Brahma_Lata,12,0.0,0.0,10488.7,0.0,0.0,10488.7
70,Itupeva,ITU_L3,Brahma_Lata,13,0.0,0.0,0.0,0.0,6118.4299999999885,0.0
70,Itupeva,ITU_L3,Brahma_Lata,14,0.0,0.0,0.0,0.0,0.0,0.0
70,Itupeva,ITU_L3,Brahma_Lata,15,0.0,0.0,0.0,0.0,0.0,0.0
70,Itupeva,ITU_L3,Eisenbahn_Pilsen,1,0.0,0.0,0.0,0.0,0.0,0.0
70,Itupeva,ITU_L3,Eisenbahn_Pilsen,2,0.0,0.0,0.0,0.0,0.0,0.0
70,Itupeva,ITU_L3,Eisenbahn_Pilsen,3,0.0,0.0,0.0,0.0,0.0,0.0
70,Itupeva,ITU_L3,Eisenbahn_Pilsen,4,0.0,0.0,0.0,0.0,0.0,4157.38
70,Itupeva,ITU_L3,Eisenbahn_Pilsen,5,0.0,0.0,0.0,0.0,0.0,0.0
70,Itupeva,ITU_L3,Eisenbahn_Pilsen,6,0.0,0.0,0.0,0.0,0.0,0.0
70,Itupeva,ITU_L3,Eisenbahn_Pilsen,7,0.0,0.0,0.0,0.0,0.0,0.0
70,Itupeva,ITU_L3,Eisenbahn_Pilsen,8,0.0,0.0,0.0,0.0,0.0,0.0
70,Itupeva,ITU_L3,Eisenbahn_Pilsen,9,0.0,0.0,0.0,0.0,0.0,0.0
70,Itupeva,ITU_L3,Eisenbahn_Pilsen,10,0.0,0.0,0.0,0.0,0.0,0.0
70,Itupeva,ITU_L3,Eisenbahn_Pilsen,11,0.0,0.0,0.0,0.0,0.0,0.0
70,Itupeva,ITU_L3,Eisenbahn_Pilsen,12,0.0,0.0,0.0,0.0,0.0,0.0
70,Itupeva,ITU_L3,Eisenbahn_Pilsen,13,0.0,0.0,0.0,0.0,0.0,0.0
70,Itupeva,ITU_L3,Eisenbahn_Pilsen,14,0.0,0.0,0.0,0.0,0.0,12512.62
70,Itupeva,ITU_L3,Eisenbahn_Pilsen,15,0.0,0.0,0.0,0.0,0.0,12648.1
70,Itupeva,ITU_L3,Pepsi_Black,1,0.0,0.0,0.0,0.0,0.0,0.0
70,Itupeva,ITU_L3,Pepsi_Black,2,0.0,0.0,0.0,0.0,299.94,299.94
70,Itupeva,ITU_L3,Pepsi_Black,3,0.0,0.0,0.0,0.0,0.0,0.0
70,Itupeva,ITU_L3,Pepsi_Black,4,0.0,0.0,0.0,0.0,0.0,0.0
70,Itupeva,ITU_L3,Pepsi_Black,5,0.0,0.0,25000.63,0.0,0.0,25000.63
70,Itupeva,ITU_L3,Pepsi_Black,6,0.0,0.0,0.0,0.0,0.0,0.0
70,Itupeva,ITU_L3,Pepsi_Black,7,0.0,0.0,0.0,0.0,29964.27,0.0
70,Itupeva,ITU_L3,Pepsi_Black,8,0.0,0.0,0.0,0.0,0.0,0.0
70,Itupeva,ITU_L3,Pepsi_Black,9,0.0,0.0,0.0,0.0,16477.21,0.0
70,Itupeva,ITU_L3,Pepsi_Black,10,0.0,0.0,0.0,0.0,0.0,0.0
70,Itupeva,ITU_L3,Pepsi_Black,11,0.0,0.0,0.0,0.0,0.0,0.0
70,Itupeva,ITU_L3,Pepsi_Black,12,0.0,0.0,0.0,0.0,0.0,0.0
70,Itupeva,ITU_L3,Pepsi_Black,13,0.0,0.0,0.0,0.0,6782.61,6782.61
70,Itupeva,ITU_L3,Pepsi_Black,14,0.0,0.0,0.0,0.0,0.0,10524.03
70,Itupeva,ITU_L3,Pepsi_Black,15,0.0,0.0,0.0,0.0,0.0,0.0
70,Itupeva,ITU_L3,Guarana_Antarctica,1,35933.9,0.0,2110.2,0.0,33823.700000000004,0.0
70,Itupeva,ITU_L3,Guarana_Antarctica,2,838.8600000000013,0.0,0.0,0.0,838.8600000000012,27126.629999999997
70,Itupeva,ITU_L3,Guarana_Antarctica,3,0.0,0.0,0.0,0.0,0.0,9234.880000000001
70,Itupeva,ITU_L3,Guarana_Antarctica,4,27608.969999999998,0.0,0.0,0.0,36843.85,0.0
70,Itupeva,ITU_L3,Guarana_Antarctica,5,0.0,0.0,0.0,0.0,0.0,0.0
70,Itupeva,ITU_L3,Guarana_Antarctica,6,0.0,0.0,0.0,0.0,0.0,3432.5600000000013
70,Itupeva,ITU_L3,Guarana_Antarctica,7,22254.390000000003,0.0,0.0,0.0,22254.390000000003,44807.27
70,Itupeva,ITU_L3,Guarana_Antarctica,8,10191.549999999996,0.0,0.0,0.0,31266.94,0.0
70,Itupeva,ITU_L3,Guarana_Antarctica,9,0.0,0.0,0.0,0.0,0.0,0.0
70,Itupeva,ITU_L3,Guarana_Antarctica,10,0.0,0.0,0.0,0.0,0.0,0.0
70,Itupeva,ITU_L3,Guarana_Antarctica,11,20804.810000000005,0.0,0.0,0.0,20804.81000000001,0.0
70,Itupeva,ITU_L3,Guarana_Antarctica,12,0.0,0.0,0.0,0.0,0.0,0.0
70,Itupeva,ITU_L3,Guarana_Antarctica,13,191.9300000000014,0.0,0.0,0.0,191.9300000000014,2181.6699999999882
70,Itupeva,ITU_L3,Guarana_Antarctica,14,24013.43,0.0,0.0,0.0,26195.09999999999,0.0
70,Itupeva,ITU_L3,Guarana_Antarctica,15,8088.65,0.0,0.0,0.0,8088.65,0.0
70,Itupeva,ITU_L3,Amstel_Lata,1,0.0,0.0,0.0,0.0,0.0,11177.76
70,Itupeva,ITU_L3,Amstel_Lata,2,0.0,0.0,0.0,0.0,0.0,0.0
70,Itupeva,ITU_L3,Amstel_Lata,3,0.0,0.0,0.0,0.0,0.0,0.0
70,Itupeva,ITU_L3,Amstel_Lata,4,0.0,0.0,0.0,0.0,0.0,0.0
70,Itupeva,ITU_L3,Amstel_Lata,5,0.0,0.0,0.0,0.0,0.0,0.0
70,Itupeva,ITU_L3,Amstel_Lata,6,0.0,0.0,12801.07,0.0,0.0,12801.07
70,Itupeva,ITU_L3,Amstel_Lata,7,0.0,0.0,8219.66,0.0,0.0,8219.66
70,Itupeva,ITU_L3,Amstel_Lata,8,0.0,0.0,0.0,0.0,0.0,0.0
70,Itupeva,ITU_L3,Amstel_Lata,9,0.0,0.0,0.0,0.0,0.0,0.0
70,Itupeva,ITU_L3,Amstel_Lata,10,0.0,0.0,0.0,0.0,0.0,27698.33
70,Itupeva,ITU_L3,Amstel_Lata,11,0.0,0.0,0.0,0.0,0.0,3594.44
70,Itupeva,ITU_L3,Amstel_Lata,12,0.0,0.0,0.0,0.0,0.0,0.0
70,Itupeva,ITU_L3,Amstel_Lata,13,0.0,0.0,7600.98,0.0,0.0,18258.89999999999
70,Itupeva,ITU_L3,Amstel_Lata,14,0.0,0.0,0.0,0.0,0.0,0.0
70,Itupeva,ITU_L3,Amstel_Lata,15,0.0,0.0,0.0,0.0,0.0,0.0
70,Itupeva,ITU_L3,Del_Valle_Laranja,1,0.0,0.0,0.0,0.0,0.0,0.0
70,Itupeva,ITU_L3,Del_Valle_Laranja,2,0.0,0.0,0.0,0.0,0.0,0.0
70,Itupeva,ITU_L3,Del_Valle_Laranja,3,0.0,0.0,0.0,0.0,0.0,9090.18
70,Itupeva,ITU_L3,Del_Valle_Laranja,4,0.0,0.0,0.0,0.0,0.0,0.0
70,Itupeva,ITU_L3,Del_Valle_Laranja,5,0.0,0.0,0.0,0.0,0.0,0.0
70,Itupeva,ITU_L3,Del_Valle_Laranja,6,0.0,0.0,0.0,0.0,0.0,0.0
70,Itupeva,ITU_L3,Del_Valle_Laranja,7,0.0,0.0,0.0,0.0,0.0,0.0
70,Itupeva,ITU_L3,Del_Valle_Laranja,8,0.0,0.0,0.0,0.0,0.0,25281.98
70,Itupeva,ITU_L3,Del_Valle_Laranja,9,0.0,0.0,0.0,0.0,0.0,0.0
70,Itupeva,ITU_L3,Del_Valle_Laranja,10,0.0,0.0,0.0,0.0,0.0,0.0
70,Itupeva,ITU_L3,Del_Valle_Laranja,11,0.0,0.0,0.0,0.0,0.0,7001.85
70,Itupeva,ITU_L3,Del_Valle_Laranja,12,0.0,0.0,0.0,0.0,0.0,0.0
70,Itupeva,ITU_L3,Del_Valle_Laranja,13,0.0,0.0,0.0,0.0,0.0,0.0
70,Itupeva,ITU_L3,Del_Valle_Laranja,14,0.0,0.0,0.0,0.0,0.0,0.0
70,Itupeva,ITU_L3,Del_Valle_Laranja,15,0.0,0.0,0.0,0.0,0.0,0.0
70,Itupeva,ITU_L3,Fanta_Uva,1,0.0,0.0,0.0,0.0,0.0,0.0
70,Itupeva,ITU_L3,Fanta_Uva,2,0.0,0.0,0.0,0.0,0.0,0.0
70,Itupeva,ITU_L3,Fanta_Uva,3,0.0,0.0,0.0,0.0,0.0,0.0
70,Itupeva,ITU_L3,Fanta_Uva,4,0.0,0.0,0.0,0.0,0.0,0.0
70,Itupeva,ITU_L3,Fanta_Uva,5,0.0,0.0,0.0,0.0,0.0,0.0
70,Itupeva,ITU_L3,Fanta_Uva,6,0.0,0.0,0.0,0.0,0.0,0.0
70,Itupeva,ITU_L3,Fanta_Uva,7,0.0,0.0,0.0,0.0,0.0,0.0
70,Itupeva,ITU_L3,Fanta_Uva,8,0.0,0.0,0.0,0.0,0.0,0.0
70,Itupeva,ITU_L3,Fanta_Uva,9,0.0,0.0,6333.21,0.0,0.0,6333.21
70,Itupeva,ITU_L3,Fanta_Uva,10,0.0,0.0,0.0,0.0,0.0,0.0
70,Itupeva,ITU_L3,Fanta_Uva,11,0.0,0.0,28821.22,0.0,0.0,28821.22
70,Itupeva,ITU_L3,Fanta_Uva,12,0.0,0.0,0.0,0.0,0.0,0.0
70,Itupeva,ITU_L3,Fanta_Uva,13,0.0,0.0,0.0,0.0,0.0,0.0
70,Itupeva,ITU_L3,Fanta_Uva,14,0.0,0.0,0.0,0.0,0.0,8800.84
70,Itupeva,ITU_L3,Fanta_Uva,15,0.0,0.0,0.0,0.0,0.0,0.0
70,Itupeva,ITU_L3,Maguary_Maracuja,1,0.0,0.0,0.0,0.0,0.0,0.0
70,Itupeva,ITU_L3,Maguary_Maracuja,2,0.0,0.0,0.0,0.0,0.0,6218.75
70,Itupeva,ITU_L3,Maguary_Maracuja,3,0.0,0.0,0.0,0.0,0.0,17635.65
70,Itupeva,ITU_L3,Maguary_Maracuja,4,0.0,0.0,0.0,0.0,0.0,1310.05
70,Itupeva,ITU_L3,Maguary_Maracuja,5,0.0,0.0,0.0,0.0,0.0,0.0
70,Itupeva,ITU_L3,Maguary_Maracuja,6,0.0,0.0,0.0,0.0,0.0,0.0
70,Itupeva,ITU_L3,Maguary_Maracuja,7,0.0,0.0,0.0,0.0,0.0,0.0
70,Itupeva,ITU_L3,Maguary_Maracuja,8,0.0,0.0,0.0,0.0,4975.1600000000035,0.0
70,Itupeva,ITU_L3,Maguary_Maracuja,9,0.0,0.0,0.0,0.0,0.0,0.0
70,Itupeva,ITU_L3,Maguary_Maracuja,10,0.0,0.0,0.0,0.0,0.0,9252.85
70,Itupeva,ITU_L3,Maguary_Maracuja,11,0.0,0.0,0.0,0.0,0.0,0.0
70,Itupeva,ITU_L3,Maguary_Maracuja,12,0.0,0.0,0.0,0.0,0.0,0.0
70,Itupeva,ITU_L3,Maguary_Maracuja,13,0.0,0.0,9370.83,0.0,0.0,9370.83
70,Itupeva,ITU_L3,Maguary_Maracuja,14,0.0,0.0,0.0,0.0,0.0,0.0
70,Itupeva,ITU_L3,Maguary_Maracuja,15,0.0,0.0,0.0,0.0,0.0,0.0
70,Itupeva,ITU_L3,Coca_Cola,1,0.0,0.0,0.0,0.0,0.0,0.0
70,Itupeva,ITU_L3,Coca_Cola,2,0.0,0.0,0.0,0.0,0.0,0.0
70,Itupeva,ITU_L3,Coca_Cola,3,0.0,0.0,0.0,0.0,0.0,0.0
70,Itupeva,ITU_L3,Coca_Cola,4,0.0,0.0,0.0,0.0,0.0,0.0
70,Itupeva,ITU_L3,Coca_Cola,5,0.0,0.0,0.0,0.0,0.0,0.0
70,Itupeva,ITU_L3,Coca_Cola,6,0.0,0.0,0.0,0.0,0.0,21114.63
70,Itupeva,ITU_L3,Coca_Cola,7,0.0,0.0,0.0,0.0,0.0,0.0
70,Itupeva,ITU_L3,Coca_Cola,8,0.0,0.0,0.0,0.0,0.0,0.0
70,Itupeva,ITU_L3,Coca_Cola,9,0.0,0.0,0.0,0.0,0.0,28082.06
70,Itupeva,ITU_L3,Coca_Cola,10,0.0,0.0,0.0,0.0,0.0,0.0
70,Itupeva,ITU_L3,Coca_Cola,11,0.0,0.0,0.0,0.0,0.0,0.0
70,Itupeva,ITU_L3,Coca_Cola,12,0.0,0.0,0.0,0.0,0.0,0.0
70,Itupeva,ITU_L3,Coca_Cola,13,0.0,0.0,0.0,0.0,0.0,0.0
70,Itupeva,ITU_L3,Coca_Cola,14,0.0,0.0,0.0,0.0,0.0,0.0
70,Itupeva,ITU_L3,Coca_Cola,15,0.0,0.0,8716.57,0.0,0.0,8716.57
70,Itupeva,ITU_L3,H2OH_Limao,1,0.0,0.0,0.0,0.0,13624.48,13624.48
70,Itupeva,ITU_L3,H2OH_Limao,2,0.0,0.0,0.0,0.0,0.0,0.0
70,Itupeva,ITU_L3,H2OH_Limao,3,0.0,0.0,0.0,0.0,12261.93,21330.15
70,Itupeva,ITU_L3,H2OH_Limao,4,0.0,0.0,0.0,0.0,0.0,0.0
70,Itupeva,ITU_L3,H2OH_Limao,5,0.0,0.0,0.0,0.0,0.0,0.0
70,Itupeva,ITU_L3,H2OH_Limao,6,0.0,0.0,0.0,0.0,0.0,0.0
70,Itupeva,ITU_L3,H2OH_Limao,7,0.0,0.0,0.0,0.0,0.0,0.0
70,Itupeva,ITU_L3,H2OH_Limao,8,0.0,0.0,0.0,0.0,0.0,0.0
70,Itupeva,ITU_L3,H2OH_Limao,9,0.0,0.0,0.0,0.0,0.0,0.0
70,Itupeva,ITU_L3,H2OH_Limao,10,0.0,0.0,0.0,0.0,0.0,10985.5
70,Itupeva,ITU_L3,H2OH_Limao,11,0.0,0.0,0.0,0.0,0.0,0.0
70,Itupeva,ITU_L3,H2OH_Limao,12,0.0,0.0,0.0,0.0,0.0,0.0
70,Itupeva,ITU_L3,H2OH_Limao,13,0.0,0.0,0.0,0.0,0.0,0.0
70,Itupeva,ITU_L3,H2OH_Limao,14,0.0,0.0,0.0,0.0,0.0,0.0
70,Itupeva,ITU_L3,H2OH_Limao,15,0.0,0.0,0.0,0.0,0.0,0.0
70,Itupeva,ITU_L3,Schweppes_Citrus,1,0.0,0.0,0.0,0.0,0.0,0.0
70,Itupeva,ITU_L3,Schweppes_Citrus,2,0.0,0.0,0.0,0.0,0.0,0.0
70,Itupeva,ITU_L3,Schweppes_Citrus,3,0.0,0.0,11484.6,0.0,0.0,11484.6
70,Itupeva,ITU_L3,Schweppes_Citrus,4,0.0,0.0,0.0,0.0,0.0,0.0
70,Itupeva,ITU_L3,Schweppes_Citrus,5,0.0,0.0,0.0,0.0,0.0,0.0
70,Itupeva,ITU_L3,Schweppes_Citrus,6,0.0,0.0,0.0,0.0,0.0,0.0
70,Itupeva,ITU_L3,Schweppes_Citrus,7,0.0,0.0,0.0,0.0,0.0,0.0
70,Itupeva,ITU_L3,Schweppes_Citrus,8,0.0,0.0,0.0,0.0,0.0,0.0
70,Itupeva,ITU_L3,Schweppes_Citrus,9,0.0,0.0,0.0,0.0,0.0,11330.27
70,Itupeva,ITU_L3,Schweppes_Citrus,10,0.0,0.0,0.0,0.0,0.0,0.0
70,Itupeva,ITU_L3,Schweppes_Citrus,11,0.0,0.0,0.0,0.0,0.0,0.0
70,Itupeva,ITU_L3,Schweppes_Citrus,12,0.0,0.0,0.0,0.0,0.0,0.0
70,Itupeva,ITU_L3,Schweppes_Citrus,13,0.0,0.0,0.0,0.0,0.0,0.0
70,Itupeva,ITU_L3,Schweppes_Citrus,14,0.0,0.0,0.0,0.0,0.0,0.0
70,Itupeva,ITU_L3,Schweppes_Citrus,15,0.0,0.0,0.0,0.0,0.0,0.0
70,Itupeva,ITU_L3,Sprite,1,0.0,0.0,0.0,0.0,0.0,0.0
70,Itupeva,ITU_L3,Sprite,2,0.0,0.0,0.0,0.0,0.0,0.0
70,Itupeva,ITU_L3,Sprite,3,0.0,0.0,0.0,0.0,0.0,0.0
70,Itupeva,ITU_L3,Sprite,4,0.0,0.0,0.0,0.0,0.0,0.0
70,Itupeva,ITU_L3,Sprite,5,0.0,0.0,0.0,0.0,0.0,0.0
70,Itupeva,ITU_L3,Sprite,6,0.0,0.0,0.0,0.0,0.0,0.0
70,Itupeva,ITU_L3,Sprite,7,0.0,0.0,0.0,0.0,0.0,0.0
70,Itupeva,ITU_L3,Sprite,8,0.0,0.0,0.0,0.0,0.0,0.0
70,Itupeva,ITU_L3,Sprite,9,0.0,0.0,0.0,0.0,0.0,0.0
70,Itupeva,ITU_L3,Sprite,10,0.0,0.0,0.0,0.0,0.0,0.0
70,Itupeva,ITU_L3,Sprite,11,0.0,0.0,0.0,0.0,0.0,0.0
70,Itupeva,ITU_L3,Sprite,12,0.0,0.0,0.0,0.0,0.0,19783.09
70,Itupeva,ITU_L3,Sprite,13,0.0,0.0,0.0,0.0,0.0,0.0
70,Itupeva,ITU_L3,Sprite,14,0.0,0.0,0.0,0.0,0.0,0.0
70,Itupeva,ITU_L3,Sprite,15,0.0,0.0,0.0,0.0,0.0,0.0
70,Itupeva,ITU_L3,Del_Valle_Uva,1,4266.1,0.0,0.0,0.0,4266.1,0.0
70,Itupeva,ITU_L3,Del_Valle_Uva,2,36577.14,0.0,0.0,0.0,36577.14,8929.59
70,Itupeva,ITU_L3,Del_Valle_Uva,3,21864.249999999993,0.0,0.0,0.0,21864.249999999993,3441.16
70,Itupeva,ITU_L3,Del_Valle_Uva,4,11895.030000000004,0.0,0.0,0.0,11895.030000000004,0.0
70,Itupeva,ITU_L3,Del_Valle_Uva,5,31894.680000000008,0.0,0.0,0.0,31894.680000000004,26284.0
70,Itupeva,ITU_L3,Del_Valle_Uva,6,19204.36,0.0,0.0,0.0,19204.36,0.0
70,Itupeva,ITU_L3,Del_Valle_Uva,7,11570.57,0.0,0.0,0.0,11570.57,0.0
70,Itupeva,ITU_L3,Del_Valle_Uva,8,25880.45,0.0,0.0,0.0,25880.45,0.0
70,Itupeva,ITU_L3,Del_Valle_Uva,9,28424.7,0.0,0.0,0.0,28424.7,0.0
70,Itupeva,ITU_L3,Del_Valle_Uva,10,5899.47,0.0,0.0,0.0,5899.47,0.0
70,Itupeva,ITU_L3,Del_Valle_Uva,11,3281.720000000003,0.0,0.0,0.0,3281.720000000003,0.0
70,Itupeva,ITU_L3,Del_Valle_Uva,12,37992.0,0.0,0.0,0.0,37992.0,0.0
70,Itupeva,ITU_L3,Del_Valle_Uva,13,37200.07,0.0,0.0,0.0,37200.07,0.0
70,Itupeva,ITU_L3,Del_Valle_Uva,14,17482.57,0.0,15555.35,0.0,1927.22,0.0
70,Itupeva,ITU_L3,Del_Valle_Uva,15,26447.38,0.0,0.0,0.0,26447.38,0.0
70,Itupeva,ITU_L3,Pepsi,1,0.0,0.0,0.0,0.0,0.0,0.0
70,Itupeva,ITU_L3,Pepsi,2,0.0,0.0,0.0,0.0,0.0,0.0
70,Itupeva,ITU_L3,Pepsi,3,0.0,0.0,0.0,0.0,0.0,0.0
70,Itupeva,ITU_L3,Pepsi,4,0.0,0.0,0.0,0.0,0.0,10761.86
70,Itupeva,ITU_L3,Pepsi,5,0.0,0.0,0.0,0.0,16551.180000000008,16551.180000000008
70,Itupeva,ITU_L3,Pepsi,6,0.0,0.0,0.0,0.0,0.0,13138.41
70,Itupeva,ITU_L3,Pepsi,7,0.0,0.0,0.0,0.0,0.0,11968.48
70,Itupeva,ITU_L3,Pepsi,8,0.0,0.0,0.0,0.0,0.0,0.0
70,Itupeva,ITU_L3,Pepsi,9,0.0,0.0,0.0,0.0,0.0,0.0
70,Itupeva,ITU_L3,Pepsi,10,0.0,0.0,0.0,0.0,0.0,0.0
70,Itupeva,ITU_L3,Pepsi,11,0.0,0.0,0.0,0.0,0.0,0.0
70,Itupeva,ITU_L3,Pepsi,12,0.0,0.0,0.0,0.0,0.0,0.0
70,Itupeva,ITU_L3,Pepsi,13,0.0,0.0,0.0,0.0,0.0,0.0
70,Itupeva,ITU_L3,Pepsi,14,0.0,0.0,0.0,0.0,0.0,0.0
70,Itupeva,ITU_L3,Pepsi,15,0.0,0.0,0.0,0.0,0.0,0.0
70,Cabo de Santo Agostinho,CAB_L1,Fanta_Laranja,1,0.0,0.0,0.0,0.0,0.0,9669.53
70,Cabo de Santo Agostinho,CAB_L1,Fanta_Laranja,2,0.0,0.0,0.0,0.0,0.0,0.0
70,Cabo de Santo Agostinho,CAB_L1,Fanta_Laranja,3,0.0,0.0,0.0,0.0,0.0,0.0
70,Cabo de Santo Agostinho,CAB_L1,Fanta_Laranja,4,0.0,0.0,0.0,0.0,0.0,0.0
70,Cabo de Santo Agostinho,CAB_L1,Fanta_Laranja,5,0.0,0.0,25580.67,0.0,0.0,25580.67
70,Cabo de Santo Agostinho,CAB_L1,Fanta_Laranja,6,0.0,0.0,0.0,0.0,0.0,16168.270000000019
70,Cabo de Santo Agostinho,CAB_L1,Fanta_Laranja,7,0.0,0.0,0.0,0.0,0.0,0.0
70,Cabo de Santo Agostinho,CAB_L1,Fanta_Laranja,8,0.0,0.0,0.0,0.0,0.0,0.0
70,Cabo de Santo Agostinho,CAB_L1,Fanta_Laranja,9,0.0,0.0,0.0,0.0,0.0,0.0
70,Cabo de Santo Agostinho,CAB_L1,Fanta_Laranja,10,0.0,0.0,0.0,0.0,0.0,0.0
70,Cabo de Santo Agostinho,CAB_L1,Fanta_Laranja,11,0.0,0.0,0.0,0.0,0.0,0.0
70,Cabo de Santo Agostinho,CAB_L1,Fanta_Laranja,12,0.0,0.0,0.0,0.0,0.0,0.0
70,Cabo de Santo Agostinho,CAB_L1,Fanta_Laranja,13,0.0,0.0,0.0,0.0,0.0,0.0
70,Cabo de Santo Agostinho,CAB_L1,Fanta_Laranja,14,0.0,0.0,0.0,0.0,13800.679999999995,0.0
70,Cabo de Santo Agostinho,CAB_L1,Fanta_Laranja,15,0.0,0.0,11142.4,0.0,0.0,11142.4
70,Cabo de Santo Agostinho,CAB_L1,Itubaina,1,0.0,0.0,0.0,0.0,0.0,0.0
70,Cabo de Santo Agostinho,CAB_L1,Itubaina,2,0.0,0.0,0.0,0.0,0.0,0.0
70,Cabo de Santo Agostinho,CAB_L1,Itubaina,3,0.0,0.0,0.0,0.0,0.0,0.0
70,Cabo de Santo Agostinho,CAB_L1,Itubaina,4,0.0,0.0,13475.29,0.0,0.0,13475.29
70,Cabo de Santo Agostinho,CAB_L1,Itubaina,5,0.0,0.0,0.0,0.0,14120.93,14120.93
70,Cabo de Santo Agostinho,CAB_L1,Itubaina,6,0.0,0.0,0.0,0.0,0.0,17028.84
70,Cabo de Santo Agostinho,CAB_L1,Itubaina,7,0.0,0.0,0.0,0.0,0.0,0.0
70,Cabo de Santo Agostinho,CAB_L1,Itubaina,8,0.0,0.0,0.0,0.0,0.0,0.0
70,Cabo de Santo Agostinho,CAB_L1,Itubaina,9,0.0,0.0,0.0,0.0,28739.52,28739.52
70,Cabo de Santo Agostinho,CAB_L1,Itubaina,10,0.0,0.0,0.0,0.0,0.0,0.0
70,Cabo de Santo Agostinho,CAB_L1,Itubaina,11,0.0,0.0,0.0,0.0,0.0,0.0
70,Cabo de Santo Agostinho,CAB_L1,Itubaina,12,0.0,0.0,0.0,0.0,7419.1,7419.1
70,Cabo de Santo Agostinho,CAB_L1,Itubaina,13,0.0,0.0,0.0,0.0,8629.05,8629.05
70,Cabo de Santo Agostinho,CAB_L1,Itubaina,14,0.0,0.0,0.0,0.0,0.0,0.0
70,Cabo de Santo Agostinho,CAB_L1,Itubaina,15,0.0,0.0,0.0,0.0,0.0,0.0
70,Cabo de Santo Agostinho,CAB_L1,Skol_Lata,1,0.0,0.0,0.0,0.0,0.0,16416.3
70,Cabo de Santo Agostinho,CAB_L1,Skol_Lata,2,0.0,0.0,0.0,0.0,0.0,0.0
70,Cabo de Santo Agostinho,CAB_L1,Skol_Lata,3,0.0,0.0,8739.04,0.0,0.0,8739.04
70,Cabo de Santo Agostinho,CAB_L1,Skol_Lata,4,0.0,0.0,0.0,0.0,0.0,15205.91
70,Cabo de Santo Agostinho,CAB_L1,Skol_Lata,5,0.0,0.0,0.0,0.0,0.0,0.0
70,Cabo de Santo Agostinho,CAB_L1,Skol_Lata,6,0.0,0.0,0.0,0.0,0.0,0.0
70,Cabo de Santo Agostinho,CAB_L1,Skol_Lata,7,0.0,0.0,0.0,0.0,0.0,0.0
70,Cabo de Santo Agostinho,CAB_L1,Skol_Lata,8,0.0,0.0,0.0,0.0,0.0,0.0
70,Cabo de Santo Agostinho,CAB_L1,Skol_Lata,9,0.0,0.0,0.0,0.0,0.0,0.0
70,Cabo de Santo Agostinho,CAB_L1,Skol_Lata,10,0.0,0.0,7829.3,0.0,0.0,7829.3
70,Cabo de Santo Agostinho,CAB_L1,Skol_Lata,11,0.0,0.0,0.0,0.0,0.0,16554.88
70,Cabo de Santo Agostinho,CAB_L1,Skol_Lata,12,0.0,0.0,0.0,0.0,0.0,0.0
70,Cabo de Santo Agostinho,CAB_L1,Skol_Lata,13,0.0,0.0,0.0,0.0,0.0,0.0
70,Cabo de Santo Agostinho,CAB_L1,Skol_Lata,14,0.0,0.0,0.0,0.0,0.0,13493.35
70,Cabo de Santo Agostinho,CAB_L1,Skol_Lata,15,0.0,0.0,0.0,0.0,0.0,0.0
70,Cabo de Santo Agostinho,CAB_L1,Heineken_Lata,1,14275.19,0.0,0.0,0.0,14275.19,0.0
70,Cabo de Santo Agostinho,CAB_L1,Heineken_Lata,2,14934.740000000002,0.0,0.0,0.0,14934.740000000002,689.71
70,Cabo de Santo Agostinho,CAB_L1,Heineken_Lata,3,18703.67,0.0,0.0,0.0,18703.67,0.0
70,Cabo de Santo Agostinho,CAB_L1,Heineken_Lata,4,0.0,0.0,0.0,0.0,0.0,0.0
70,Cabo de Santo Agostinho,CAB_L1,Heineken_Lata,5,11719.12,0.0,0.0,0.0,11719.12,0.0
70,Cabo de Santo Agostinho,CAB_L1,Heineken_Lata,6,0.0,0.0,0.0,0.0,0.0,0.0
70,Cabo de Santo Agostinho,CAB_L1,Heineken_Lata,7,7574.509999999998,0.0,0.0,0.0,7574.509999999998,0.0
70,Cabo de Santo Agostinho,CAB_L1,Heineken_Lata,8,7261.559999999998,0.0,0.0,0.0,7261.559999999998,0.0
70,Cabo de Santo Agostinho,CAB_L1,Heineken_Lata,9,0.0,0.0,0.0,0.0,0.0,0.0
70,Cabo de Santo Agostinho,CAB_L1,Heineken_Lata,10,1857.2399999999907,0.0,0.0,0.0,1857.2399999999907,0.0
70,Cabo de Santo Agostinho,CAB_L1,Heineken_Lata,11,25734.68,0.0,5887.86,0.0,19846.82,29663.74
70,Cabo de Santo Agostinho,CAB_L1,Heineken_Lata,12,35832.0,0.0,0.0,0.0,35832.0,0.0
70,Cabo de Santo Agostinho,CAB_L1,Heineken_Lata,13,2165.579999999992,0.0,0.0,0.0,2165.579999999992,0.0
70,Cabo de Santo Agostinho,CAB_L1,Heineken_Lata,14,0.0,0.0,0.0,0.0,0.0,26418.97
70,Cabo de Santo Agostinho,CAB_L1,Heineken_Lata,15,28206.199999999997,0.0,0.0,0.0,28206.199999999997,0.0
70,Cabo de Santo Agostinho,CAB_L1,Coca_Cola_Zero,1,0.0,0.0,0.0,0.0,0.0,0.0
70,Cabo de Santo Agostinho,CAB_L1,Coca_Cola_Zero,2,0.0,0.0,0.0,0.0,0.0,0.0
70,Cabo de Santo Agostinho,CAB_L1,Coca_Cola_Zero,3,0.0,0.0,0.0,0.0,2345.9500000000044,0.0
70,Cabo de Santo Agostinho,CAB_L1,Coca_Cola_Zero,4,0.0,0.0,0.0,0.0,0.0,0.0
70,Cabo de Santo Agostinho,CAB_L1,Coca_Cola_Zero,5,0.0,0.0,0.0,0.0,0.0,5657.41
70,Cabo de Santo Agostinho,CAB_L1,Coca_Cola_Zero,6,0.0,0.0,0.0,0.0,0.0,0.0
70,Cabo de Santo Agostinho,CAB_L1,Coca_Cola_Zero,7,0.0,0.0,0.0,0.0,0.0,0.0
70,Cabo de Santo Agostinho,CAB_L1,Coca_Cola_Zero,8,0.0,0.0,0.0,0.0,0.0,0.0
70,Cabo de Santo Agostinho,CAB_L1,Coca_Cola_Zero,9,0.0,0.0,0.0,0.0,0.0,15150.4
70,Cabo de Santo Agostinho,CAB_L1,Coca_Cola_Zero,10,0.0,0.0,0.0,0.0,28143.24,28143.24
70,Cabo de Santo Agostinho,CAB_L1,Coca_Cola_Zero,11,0.0,0.0,0.0,0.0,0.0,0.0
70,Cabo de Santo Agostinho,CAB_L1,Coca_Cola_Zero,12,0.0,0.0,0.0,0.0,0.0,0.0
70,Cabo de Santo Agostinho,CAB_L1,Coca_Cola_Zero,13,0.0,0.0,0.0,0.0,0.0,0.0
70,Cabo de Santo Agostinho,CAB_L1,Coca_Cola_Zero,14,0.0,0.0,0.0,0.0,0.0,0.0
70,Cabo de Santo Agostinho,CAB_L1,Coca_Cola_Zero,15,0.0,0.0,0.0,0.0,0.0,0.0
70,Cabo de Santo Agostinho,CAB_L1,Antarctica_Lata,1,0.0,0.0,0.0,0.0,30833.68,0.0
70,Cabo de Santo Agostinho,CAB_L1,Antarctica_Lata,2,0.0,0.0,0.0,0.0,37344.0,0.0
70,Cabo de Santo Agostinho,CAB_L1,Antarctica_Lata,3,0.0,0.0,0.0,0.0,26411.04,0.0
70,Cabo de Santo Agostinho,CAB_L1,Antarctica_Lata,4,0.0,0.0,0.0,0.0,16169.4,0.0
70,Cabo de Santo Agostinho,CAB_L1,Antarctica_Lata,5,0.0,0.0,0.0,0.0,28240.34,0.0
70,Cabo de Santo Agostinho,CAB_L1,Antarctica_Lata,6,0.0,0.0,0.0,0.0,10594.810000000003,0.0
70,Cabo de Santo Agostinho,CAB_L1,Antarctica_Lata,7,0.0,0.0,0.0,0.0,20074.539999999997,0.0
70,Cabo de Santo Agostinho,CAB_L1,Antarctica_Lata,8,0.0,0.0,0.0,0.0,19595.84,0.0
70,Cabo de Santo Agostinho,CAB_L1,Antarctica_Lata,9,0.0,0.0,0.0,0.0,17493.86,0.0
70,Cabo de Santo Agostinho,CAB_L1,Antarctica_Lata,10,0.0,0.0,0.0,0.0,12559.27,0.0
70,Cabo de Santo Agostinho,CAB_L1,Antarctica_Lata,11,0.0,0.0,0.0,0.0,11561.13,0.0
70,Cabo de Santo Agostinho,CAB_L1,Antarctica_Lata,12,0.0,0.0,0.0,0.0,23104.72,0.0
70,Cabo de Santo Agostinho,CAB_L1,Antarctica_Lata,13,0.0,0.0,0.0,0.0,37176.0,0.0
70,Cabo de Santo Agostinho,CAB_L1,Antarctica_Lata,14,0.0,0.0,0.0,0.0,36792.0,0.0
70,Cabo de Santo Agostinho,CAB_L1,Antarctica_Lata,15,0.0,0.0,0.0,0.0,18335.260000000002,0.0
70,Cabo de Santo Agostinho,CAB_L1,Spaten_Lata,1,3674.44,0.0,0.0,0.0,3674.44,0.0
70,Cabo de Santo Agostinho,CAB_L1,Spaten_Lata,2,26157.28,0.0,0.0,0.0,26157.28,0.0
70,Cabo de Santo Agostinho,CAB_L1,Spaten_Lata,3,19720.33,0.0,0.0,0.0,19720.33,0.0
70,Cabo de Santo Agostinho,CAB_L1,Spaten_Lata,4,37440.0,0.0,0.0,0.0,37440.0,0.0
70,Cabo de Santo Agostinho,CAB_L1,Spaten_Lata,5,7885.0,0.0,0.0,0.0,7885.0,0.0
70,Cabo de Santo Agostinho,CAB_L1,Spaten_Lata,6,10340.6,0.0,10340.6,0.0,0.0,0.0
70,Cabo de Santo Agostinho,CAB_L1,Spaten_Lata,7,29889.490000000005,0.0,0.0,0.0,29889.49,0.0
70,Cabo de Santo Agostinho,CAB_L1,Spaten_Lata,8,33970.44,0.0,0.0,0.0,33970.44,0.0
70,Cabo de Santo Agostinho,CAB_L1,Spaten_Lata,9,40320.0,0.0,0.0,0.0,40319.99999999999,0.0
70,Cabo de Santo Agostinho,CAB_L1,Spaten_Lata,10,25020.510000000002,0.0,0.0,0.0,25020.510000000002,0.0
70,Cabo de Santo Agostinho,CAB_L1,Spaten_Lata,11,13985.32,0.0,0.0,0.0,13985.32,0.0
70,Cabo de Santo Agostinho,CAB_L1,Spaten_Lata,12,0.0,0.0,0.0,0.0,0.0,0.0
70,Cabo de Santo Agostinho,CAB_L1,Spaten_Lata,13,37098.420000000006,0.0,0.0,0.0,37098.420000000006,0.0
70,Cabo de Santo Agostinho,CAB_L1,Spaten_Lata,14,33912.0,0.0,0.0,0.0,33912.0,0.0
70,Cabo de Santo Agostinho,CAB_L1,Spaten_Lata,15,0.0,0.0,0.0,0.0,0.0,0.0
70,Cabo de Santo Agostinho,CAB_L1,Maguary_Caju,1,0.0,0.0,20337.4,0.0,0.0,20337.4
70,Cabo de Santo Agostinho,CAB_L1,Maguary_Caju,2,0.0,0.0,0.0,0.0,0.0,0.0
70,Cabo de Santo Agostinho,CAB_L1,Maguary_Caju,3,0.0,0.0,0.0,0.0,0.0,0.0
70,Cabo de Santo Agostinho,CAB_L1,Maguary_Caju,4,0.0,0.0,0.0,0.0,0.0,0.0
70,Cabo de Santo Agostinho,CAB_L1,Maguary_Caju,5,0.0,0.0,0.0,0.0,0.0,0.0
70,Cabo de Santo Agostinho,CAB_L1,Maguary_Caju,6,0.0,0.0,0.0,0.0,0.0,0.0
70,Cabo de Santo Agostinho,CAB_L1,Maguary_Caju,7,0.0,0.0,0.0,0.0,0.0,0.0
70,Cabo de Santo Agostinho,CAB_L1,Maguary_Caju,8,0.0,0.0,0.0,0.0,0.0,0.0
70,Cabo de Santo Agostinho,CAB_L1,Maguary_Caju,9,0.0,0.0,0.0,0.0,0.0,0.0
70,Cabo de Santo Agostinho,CAB_L1,Maguary_Caju,10,0.0,0.0,0.0,0.0,0.0,0.0
70,Cabo de Santo Agostinho,CAB_L1,Maguary_Caju,11,0.0,0.0,0.0,0.0,0.0,0.0
70,Cabo de Santo Agostinho,CAB_L1,Maguary_Caju,12,0.0,0.0,0.0,0.0,0.0,0.0
70,Cabo de Santo Agostinho,CAB_L1,Maguary_Caju,13,0.0,0.0,0.0,0.0,0.0,0.0
70,Cabo de Santo Agostinho,CAB_L1,Maguary_Caju,14,0.0,0.0,0.0,0.0,0.0,0.0
70,Cabo de Santo Agostinho,CAB_L1,Maguary_Caju,15,0.0,0.0,0.0,0.0,0.0,0.0
70,Cabo de Santo Agostinho,CAB_L1,Del_Valle_Pessego,1,0.0,0.0,6849.33,0.0,0.0,6849.33
70,Cabo de Santo Agostinho,CAB_L1,Del_Valle_Pessego,2,0.0,0.0,0.0,0.0,0.0,0.0
70,Cabo de Santo Agostinho,CAB_L1,Del_Valle_Pessego,3,0.0,0.0,0.0,0.0,0.0,0.0
70,Cabo de Santo Agostinho,CAB_L1,Del_Valle_Pessego,4,0.0,0.0,0.0,0.0,0.0,0.0
70,Cabo de Santo Agostinho,CAB_L1,Del_Valle_Pessego,5,0.0,0.0,0.0,0.0,0.0,0.0
70,Cabo de Santo Agostinho,CAB_L1,Del_Valle_Pessego,6,0.0,0.0,0.0,0.0,0.0,0.0
70,Cabo de Santo Agostinho,CAB_L1,Del_Valle_Pessego,7,0.0,0.0,0.0,0.0,0.0,0.0
70,Cabo de Santo Agostinho,CAB_L1,Del_Valle_Pessego,8,0.0,0.0,0.0,0.0,0.0,0.0
70,Cabo de Santo Agostinho,CAB_L1,Del_Valle_Pessego,9,0.0,0.0,0.0,0.0,0.0,0.0
70,Cabo de Santo Agostinho,CAB_L1,Del_Valle_Pessego,10,0.0,0.0,0.0,0.0,0.0,0.0
70,Cabo de Santo Agostinho,CAB_L1,Del_Valle_Pessego,11,0.0,0.0,0.0,0.0,0.0,0.0
70,Cabo de Santo Agostinho,CAB_L1,Del_Valle_Pessego,12,0.0,0.0,0.0,0.0,0.0,0.0
70,Cabo de Santo Agostinho,CAB_L1,Del_Valle_Pessego,13,0.0,0.0,0.0,0.0,0.0,0.0
70,Cabo de Santo Agostinho,CAB_L1,Del_Valle_Pessego,14,0.0,0.0,0.0,0.0,0.0,0.0
70,Cabo de Santo Agostinho,CAB_L1,Del_Valle_Pessego,15,0.0,0.0,0.0,0.0,0.0,0.0
70,Cabo de Santo Agostinho,CAB_L1,Stella_Artois_Pure_Gold,1,0.0,0.0,0.0,0.0,0.0,0.0
70,Cabo de Santo Agostinho,CAB_L1,Stella_Artois_Pure_Gold,2,0.0,0.0,0.0,0.0,0.0,0.0
70,Cabo de Santo Agostinho,CAB_L1,Stella_Artois_Pure_Gold,3,0.0,0.0,0.0,0.0,0.0,0.0
70,Cabo de Santo Agostinho,CAB_L1,Stella_Artois_Pure_Gold,4,0.0,0.0,0.0,0.0,0.0,0.0
70,Cabo de Santo Agostinho,CAB_L1,Stella_Artois_Pure_Gold,5,0.0,0.0,0.0,0.0,0.0,0.0
70,Cabo de Santo Agostinho,CAB_L1,Stella_Artois_Pure_Gold,6,0.0,0.0,0.0,0.0,0.0,0.0
70,Cabo de Santo Agostinho,CAB_L1,Stella_Artois_Pure_Gold,7,0.0,0.0,0.0,0.0,0.0,0.0
70,Cabo de Santo Agostinho,CAB_L1,Stella_Artois_Pure_Gold,8,0.0,0.0,0.0,0.0,0.0,0.0
70,Cabo de Santo Agostinho,CAB_L1,Stella_Artois_Pure_Gold,9,0.0,0.0,0.0,0.0,0.0,0.0
70,Cabo de Santo Agostinho,CAB_L1,Stella_Artois_Pure_Gold,10,0.0,0.0,0.0,0.0,0.0,0.0
70,Cabo de Santo Agostinho,CAB_L1,Stella_Artois_Pure_Gold,11,0.0,0.0,0.0,0.0,0.0,0.0
70,Cabo de Santo Agostinho,CAB_L1,Stella_Artois_Pure_Gold,12,0.0,0.0,0.0,0.0,0.0,0.0
70,Cabo de Santo Agostinho,CAB_L1,Stella_Artois_Pure_Gold,13,0.0,0.0,0.0,0.0,0.0,0.0
70,Cabo de Santo Agostinho,CAB_L1,Stella_Artois_Pure_Gold,14,0.0,0.0,0.0,0.0,0.0,0.0
70,Cabo de Santo Agostinho,CAB_L1,Stella_Artois_Pure_Gold,15,0.0,0.0,0.0,0.0,0.0,0.0
70,Cabo de Santo Agostinho,CAB_L1,Sprite_Zero,1,0.0,0.0,0.0,0.0,0.0,0.0
70,Cabo de Santo Agostinho,CAB_L1,Sprite_Zero,2,0.0,0.0,0.0,0.0,0.0,0.0
70,Cabo de Santo Agostinho,CAB_L1,Sprite_Zero,3,0.0,0.0,0.0,0.0,0.0,0.0
70,Cabo de Santo Agostinho,CAB_L1,Sprite_Zero,4,0.0,0.0,3862.58,0.0,0.0,3862.58
70,Cabo de Santo Agostinho,CAB_L1,Sprite_Zero,5,0.0,0.0,0.0,0.0,0.0,0.0
70,Cabo de Santo Agostinho,CAB_L1,Sprite_Zero,6,0.0,0.0,0.0,0.0,0.0,0.0
70,Cabo de Santo Agostinho,CAB_L1,Sprite_Zero,7,0.0,0.0,0.0,0.0,0.0,0.0
70,Cabo de Santo Agostinho,CAB_L1,Sprite_Zero,8,0.0,0.0,0.0,0.0,0.0,0.0
70,Cabo de Santo Agostinho,CAB_L1,Sprite_Zero,9,0.0,0.0,19118.06,0.0,0.0,46037.9
70,Cabo de Santo Agostinho,CAB_L1,Sprite_Zero,10,0.0,0.0,16030.53,0.0,0.0,16030.53
70,Cabo de Santo Agostinho,CAB_L1,Sprite_Zero,11,0.0,0.0,0.0,0.0,0.0,0.0
70,Cabo de Santo Agostinho,CAB_L1,Sprite_Zero,12,0.0,0.0,0.0,0.0,0.0,0.0
70,Cabo de Santo Agostinho,CAB_L1,Sprite_Zero,13,0.0,0.0,0.0,0.0,0.0,0.0
70,Cabo de Santo Agostinho,CAB_L1,Sprite_Zero,14,0.0,0.0,0.0,0.0,0.0,0.0
70,Cabo de Santo Agostinho,CAB_L1,Sprite_Zero,15,0.0,0.0,9337.88,0.0,0.0,36730.32
70,Cabo de Santo Agostinho,CAB_L1,Kuat,1,0.0,0.0,0.0,0.0,0.0,0.0
70,Cabo de Santo Agostinho,CAB_L1,Kuat,2,0.0,0.0,16638.64,0.0,0.0,16638.64
70,Cabo de Santo Agostinho,CAB_L1,Kuat,3,0.0,0.0,0.0,0.0,0.0,0.0
70,Cabo de Santo Agostinho,CAB_L1,Kuat,4,0.0,0.0,0.0,0.0,0.0,0.0
70,Cabo de Santo Agostinho,CAB_L1,Kuat,5,0.0,0.0,0.0,0.0,0.0,0.0
70,Cabo de Santo Agostinho,CAB_L1,Kuat,6,0.0,0.0,0.0,0.0,0.0,0.0
70,Cabo de Santo Agostinho,CAB_L1,Kuat,7,0.0,0.0,0.0,0.0,0.0,0.0
70,Cabo de Santo Agostinho,CAB_L1,Kuat,8,0.0,0.0,0.0,0.0,0.0,0.0
70,Cabo de Santo Agostinho,CAB_L1,Kuat,9,0.0,0.0,0.0,0.0,0.0,0.0
70,Cabo de Santo Agostinho,CAB_L1,Kuat,10,0.0,0.0,0.0,0.0,0.0,25914.310000000005
70,Cabo de Santo Agostinho,CAB_L1,Kuat,11,0.0,0.0,0.0,0.0,0.0,0.0
70,Cabo de Santo Agostinho,CAB_L1,Kuat,12,0.0,0.0,22393.77,0.0,0.0,22393.77
70,Cabo de Santo Agostinho,CAB_L1,Kuat,13,0.0,0.0,12732.29,0.0,0.0,12732.29
70,Cabo de Santo Agostinho,CAB_L1,Kuat,14,0.0,0.0,0.0,0.0,0.0,0.0
70,Cabo de Santo Agostinho,CAB_L1,Kuat,15,0.0,0.0,0.0,0.0,0.0,0.0
70,Cabo de Santo Agostinho,CAB_L1,Sukita_Laranja,1,0.0,0.0,0.0,0.0,0.0,0.0
70,Cabo de Santo Agostinho,CAB_L1,Sukita_Laranja,2,0.0,0.0,0.0,0.0,0.0,0.0
70,Cabo de Santo Agostinho,CAB_L1,Sukita_Laranja,3,0.0,0.0,0.0,0.0,0.0,0.0
70,Cabo de Santo Agostinho,CAB_L1,Sukita_Laranja,4,0.0,0.0,0.0,0.0,0.0,0.0
70,Cabo de Santo Agostinho,CAB_L1,Sukita_Laranja,5,0.0,0.0,0.0,0.0,0.0,0.0
70,Cabo de Santo Agostinho,CAB_L1,Sukita_Laranja,6,0.0,0.0,0.0,0.0,0.0,0.0
70,Cabo de Santo Agostinho,CAB_L1,Sukita_Laranja,7,0.0,0.0,0.0,0.0,0.0,0.0
70,Cabo de Santo Agostinho,CAB_L1,Sukita_Laranja,8,0.0,0.0,0.0,0.0,0.0,0.0
70,Cabo de Santo Agostinho,CAB_L1,Sukita_Laranja,9,0.0,0.0,0.0,0.0,0.0,0.0
70,Cabo de Santo Agostinho,CAB_L1,Sukita_Laranja,10,0.0,0.0,0.0,0.0,0.0,0.0
70,Cabo de Santo Agostinho,CAB_L1,Sukita_Laranja,11,0.0,0.0,0.0,0.0,0.0,0.0
70,Cabo de Santo Agostinho,CAB_L1,Sukita_Laranja,12,0.0,0.0,0.0,0.0,0.0,0.0
70,Cabo de Santo Agostinho,CAB_L1,Sukita_Laranja,13,0.0,0.0,0.0,0.0,0.0,0.0
70,Cabo de Santo Agostinho,CAB_L1,Sukita_Laranja,14,0.0,0.0,0.0,0.0,0.0,0.0
70,Cabo de Santo Agostinho,CAB_L1,Sukita_Laranja,15,0.0,0.0,0.0,0.0,0.0,0.0
70,Cabo de Santo Agostinho,CAB_L1,Budweiser_Lata,1,0.0,0.0,0.0,0.0,0.0,0.0
70,Cabo de Santo Agostinho,CAB_L1,Budweiser_Lata,2,0.0,0.0,0.0,0.0,28101.26,0.0
70,Cabo de Santo Agostinho,CAB_L1,Budweiser_Lata,3,0.0,0.0,0.0,0.0,11011.89,0.0
70,Cabo de Santo Agostinho,CAB_L1,Budweiser_Lata,4,0.0,0.0,0.0,0.0,10984.8,0.0
70,Cabo de Santo Agostinho,CAB_L1,Budweiser_Lata,5,0.0,0.0,0.0,0.0,8585.73,0.0
70,Cabo de Santo Agostinho,CAB_L1,Budweiser_Lata,6,0.0,0.0,0.0,0.0,16152.62,10917.7
70,Cabo de Santo Agostinho,CAB_L1,Budweiser_Lata,7,0.0,0.0,0.0,0.0,3372.2700000000004,0.0
70,Cabo de Santo Agostinho,CAB_L1,Budweiser_Lata,8,0.0,0.0,830.32,0.0,21055.000000000007,830.32
70,Cabo de Santo Agostinho,CAB_L1,Budweiser_Lata,9,0.0,0.0,0.0,0.0,42887.99999999999,4775.58
70,Cabo de Santo Agostinho,CAB_L1,Budweiser_Lata,10,0.0,0.0,0.0,0.0,37464.0,0.0
70,Cabo de Santo Agostinho,CAB_L1,Budweiser_Lata,11,0.0,0.0,0.0,0.0,27726.42,0.0
70,Cabo de Santo Agostinho,CAB_L1,Budweiser_Lata,12,0.0,0.0,0.0,0.0,14842.919999999998,0.0
70,Cabo de Santo Agostinho,CAB_L1,Budweiser_Lata,13,0.0,0.0,0.0,0.0,38304.0,13176.32
70,Cabo de Santo Agostinho,CAB_L1,Budweiser_Lata,14,0.0,0.0,0.0,0.0,23231.32,0.0
70,Cabo de Santo Agostinho,CAB_L1,Budweiser_Lata,15,0.0,0.0,0.0,0.0,11710.45,0.0
70,Cabo de Santo Agostinho,CAB_L1,Guarana_Antarctica_Zero,1,0.0,0.0,0.0,0.0,0.0,10716.47
70,Cabo de Santo Agostinho,CAB_L1,Guarana_Antarctica_Zero,2,0.0,0.0,8304.15,0.0,0.0,12122.63
70,Cabo de Santo Agostinho,CAB_L1,Guarana_Antarctica_Zero,3,0.0,0.0,0.0,0.0,0.0,0.0
70,Cabo de Santo Agostinho,CAB_L1,Guarana_Antarctica_Zero,4,0.0,0.0,0.0,0.0,0.0,5557.63
70,Cabo de Santo Agostinho,CAB_L1,Guarana_Antarctica_Zero,5,0.0,0.0,0.0,0.0,0.0,0.0
70,Cabo de Santo Agostinho,CAB_L1,Guarana_Antarctica_Zero,6,0.0,0.0,0.0,0.0,0.0,0.0
70,Cabo de Santo Agostinho,CAB_L1,Guarana_Antarctica_Zero,7,0.0,0.0,0.0,0.0,0.0,26872.59
70,Cabo de Santo Agostinho,CAB_L1,Guarana_Antarctica_Zero,8,0.0,0.0,0.0,0.0,0.0,0.0
70,Cabo de Santo Agostinho,CAB_L1,Guarana_Antarctica_Zero,9,0.0,0.0,0.0,0.0,0.0,0.0
70,Cabo de Santo Agostinho,CAB_L1,Guarana_Antarctica_Zero,10,0.0,0.0,0.0,0.0,0.0,0.0
70,Cabo de Santo Agostinho,CAB_L1,Guarana_Antarctica_Zero,11,0.0,0.0,0.0,0.0,0.0,0.0
70,Cabo de Santo Agostinho,CAB_L1,Guarana_Antarctica_Zero,12,0.0,0.0,0.0,0.0,0.0,0.0
70,Cabo de Santo Agostinho,CAB_L1,Guarana_Antarctica_Zero,13,0.0,0.0,0.0,0.0,0.0,0.0
70,Cabo de Santo Agostinho,CAB_L1,Guarana_Antarctica_Zero,14,0.0,0.0,0.0,0.0,0.0,0.0
70,Cabo de Santo Agostinho,CAB_L1,Guarana_Antarctica_Zero,15,0.0,0.0,0.0,0.0,0.0,0.0
70,Cabo de Santo Agostinho,CAB_L1,Itaipava_Lata,1,0.0,0.0,0.0,0.0,0.0,0.0
70,Cabo de Santo Agostinho,CAB_L1,Itaipava_Lata,2,0.0,0.0,0.0,0.0,0.0,0.0
70,Cabo de Santo Agostinho,CAB_L1,Itaipava_Lata,3,0.0,0.0,0.0,0.0,0.0,0.0
70,Cabo de Santo Agostinho,CAB_L1,Itaipava_Lata,4,0.0,0.0,0.0,0.0,0.0,0.0
70,Cabo de Santo Agostinho,CAB_L1,Itaipava_Lata,5,0.0,0.0,0.0,0.0,0.0,0.0
70,Cabo de Santo Agostinho,CAB_L1,Itaipava_Lata,6,0.0,0.0,2863.98,0.0,0.0,2863.98
70,Cabo de Santo Agostinho,CAB_L1,Itaipava_Lata,7,0.0,0.0,0.0,0.0,0.0,0.0
70,Cabo de Santo Agostinho,CAB_L1,Itaipava_Lata,8,0.0,0.0,0.0,0.0,0.0,0.0
70,Cabo de Santo Agostinho,CAB_L1,Itaipava_Lata,9,0.0,0.0,0.0,0.0,0.0,0.0
70,Cabo de Santo Agostinho,CAB_L1,Itaipava_Lata,10,0.0,0.0,0.0,0.0,0.0,0.0
70,Cabo de Santo Agostinho,CAB_L1,Itaipava_Lata,11,0.0,0.0,0.0,0.0,0.0,0.0
70,Cabo de Santo Agostinho,CAB_L1,Itaipava_Lata,12,0.0,0.0,0.0,0.0,0.0,0.0
70,Cabo de Santo Agostinho,CAB_L1,Itaipava_Lata,13,0.0,0.0,0.0,0.0,0.0,11996.34
70,Cabo de Santo Agostinho,CAB_L1,Itaipava_Lata,14,0.0,0.0,14986.01,0.0,0.0,14986.01
70,Cabo de Santo Agostinho,CAB_L1,Itaipava_Lata,15,0.0,0.0,0.0,0.0,0.0,0.0
70,Cabo de Santo Agostinho,CAB_L1,Brahma_Lata,1,0.0,0.0,0.0,0.0,0.0,0.0
70,Cabo de Santo Agostinho,CAB_L1,Brahma_Lata,2,0.0,0.0,0.0,0.0,0.0,0.0
70,Cabo de Santo Agostinho,CAB_L1,Brahma_Lata,3,0.0,0.0,0.0,0.0,0.0,6885.88
70,Cabo de Santo Agostinho,CAB_L1,Brahma_Lata,4,0.0,0.0,0.0,0.0,0.0,10655.57
70,Cabo de Santo Agostinho,CAB_L1,Brahma_Lata,5,0.0,0.0,0.0,0.0,0.0,0.0
70,Cabo de Santo Agostinho,CAB_L1,Brahma_Lata,6,0.0,0.0,0.0,0.0,0.0,0.0
70,Cabo de Santo Agostinho,CAB_L1,Brahma_Lata,7,0.0,0.0,0.0,0.0,0.0,0.0
70,Cabo de Santo Agostinho,CAB_L1,Brahma_Lata,8,0.0,0.0,0.0,0.0,0.0,0.0
70,Cabo de Santo Agostinho,CAB_L1,Brahma_Lata,9,0.0,0.0,0.0,0.0,0.0,0.0
70,Cabo de Santo Agostinho,CAB_L1,Brahma_Lata,10,0.0,0.0,0.0,0.0,0.0,0.0
70,Cabo de Santo Agostinho,CAB_L1,Brahma_Lata,11,0.0,0.0,0.0,0.0,0.0,0.0
70,Cabo de Santo Agostinho,CAB_L1,Brahma_Lata,12,0.0,0.0,0.0,0.0,0.0,0.0
70,Cabo de Santo Agostinho,CAB_L1,Brahma_Lata,13,0.0,0.0,0.0,0.0,0.0,0.0
70,Cabo de Santo Agostinho,CAB_L1,Brahma_Lata,14,0.0,0.0,0.0,0.0,0.0,0.0
70,Cabo de Santo Agostinho,CAB_L1,Brahma_Lata,15,0.0,0.0,0.0,0.0,0.0,0.0
70,Cabo de Santo Agostinho,CAB_L1,Eisenbahn_Pilsen,1,0.0,0.0,0.0,0.0,0.0,0.0
70,Cabo de Santo Agostinho,CAB_L1,Eisenbahn_Pilsen,2,0.0,0.0,0.0,0.0,0.0,0.0
70,Cabo de Santo Agostinho,CAB_L1,Eisenbahn_Pilsen,3,0.0,0.0,0.0,0.0,0.0,0.0
70,Cabo de Santo Agostinho,CAB_L1,Eisenbahn_Pilsen,4,0.0,0.0,0.0,0.0,4883.279999999994,4883.279999999994
70,Cabo de Santo Agostinho,CAB_L1,Eisenbahn_Pilsen,5,0.0,0.0,0.0,0.0,0.0,0.0
70,Cabo de Santo Agostinho,CAB_L1,Eisenbahn_Pilsen,6,0.0,0.0,13461.09,0.0,0.0,13461.09
70,Cabo de Santo Agostinho,CAB_L1,Eisenbahn_Pilsen,7,0.0,0.0,0.0,0.0,0.0,0.0
70,Cabo de Santo Agostinho,CAB_L1,Eisenbahn_Pilsen,8,0.0,0.0,0.0,0.0,0.0,0.0
70,Cabo de Santo Agostinho,CAB_L1,Eisenbahn_Pilsen,9,0.0,0.0,0.0,0.0,0.0,0.0
70,Cabo de Santo Agostinho,CAB_L1,Eisenbahn_Pilsen,10,0.0,0.0,0.0,0.0,0.0,0.0
70,Cabo de Santo Agostinho,CAB_L1,Eisenbahn_Pilsen,11,0.0,0.0,0.0,0.0,0.0,0.0
70,Cabo de Santo Agostinho,CAB_L1,Eisenbahn_Pilsen,12,0.0,0.0,0.0,0.0,1673.6399999999999,1673.6399999999999
70,Cabo de Santo Agostinho,CAB_L1,Eisenbahn_Pilsen,13,0.0,0.0,14280.7,0.0,0.0,39825.3
70,Cabo de Santo Agostinho,CAB_L1,Eisenbahn_Pilsen,14,0.0,0.0,0.0,0.0,7594.18,7594.18
70,Cabo de Santo Agostinho,CAB_L1,Eisenbahn_Pilsen,15,0.0,0.0,0.0,0.0,0.0,0.0
70,Cabo de Santo Agostinho,CAB_L1,Pepsi_Black,1,0.0,0.0,0.0,0.0,6558.319999999999,0.0
70,Cabo de Santo Agostinho,CAB_L1,Pepsi_Black,2,0.0,0.0,0.0,0.0,0.0,0.0
70,Cabo de Santo Agostinho,CAB_L1,Pepsi_Black,3,0.0,0.0,0.0,0.0,10980.960000000001,10980.960000000001
70,Cabo de Santo Agostinho,CAB_L1,Pepsi_Black,4,0.0,0.0,0.0,0.0,20790.600000000002,0.0
70,Cabo de Santo Agostinho,CAB_L1,Pepsi_Black,5,0.0,0.0,0.0,0.0,20634.61,0.0
70,Cabo de Santo Agostinho,CAB_L1,Pepsi_Black,6,0.0,0.0,0.0,0.0,29101.19,0.0
70,Cabo de Santo Agostinho,CAB_L1,Pepsi_Black,7,0.0,0.0,0.0,0.0,15111.47,0.0
70,Cabo de Santo Agostinho,CAB_L1,Pepsi_Black,8,0.0,0.0,28930.93,0.0,3612.83,28930.93
70,Cabo de Santo Agostinho,CAB_L1,Pepsi_Black,9,0.0,0.0,0.0,0.0,21242.14,0.0
70,Cabo de Santo Agostinho,CAB_L1,Pepsi_Black,10,0.0,0.0,0.0,0.0,25408.729999999996,0.0
70,Cabo de Santo Agostinho,CAB_L1,Pepsi_Black,11,0.0,0.0,0.0,0.0,27214.13,23052.670000000002
70,Cabo de Santo Agostinho,CAB_L1,Pepsi_Black,12,0.0,0.0,0.0,0.0,13975.279999999999,0.0
70,Cabo de Santo Agostinho,CAB_L1,Pepsi_Black,13,0.0,0.0,0.0,0.0,23052.670000000002,0.0
70,Cabo de Santo Agostinho,CAB_L1,Pepsi_Black,14,0.0,0.0,0.0,0.0,0.0,0.0
70,Cabo de Santo Agostinho,CAB_L1,Pepsi_Black,15,0.0,0.0,0.0,0.0,21984.739999999994,0.0
70,Cabo de Santo Agostinho,CAB_L1,Guarana_Antarctica,1,0.0,0.0,0.0,0.0,0.0,0.0
70,Cabo de Santo Agostinho,CAB_L1,Guarana_Antarctica,2,0.0,0.0,0.0,0.0,0.0,0.0
70,Cabo de Santo Agostinho,CAB_L1,Guarana_Antarctica,3,0.0,0.0,0.0,0.0,0.0,0.0
70,Cabo de Santo Agostinho,CAB_L1,Guarana_Antarctica,4,0.0,0.0,7724.77,0.0,0.0,7724.77
70,Cabo de Santo Agostinho,CAB_L1,Guarana_Antarctica,5,0.0,0.0,0.0,0.0,0.0,0.0
70,Cabo de Santo Agostinho,CAB_L1,Guarana_Antarctica,6,0.0,0.0,0.0,0.0,0.0,0.0
70,Cabo de Santo Agostinho,CAB_L1,Guarana_Antarctica,7,0.0,0.0,0.0,0.0,0.0,14381.05
70,Cabo de Santo Agostinho,CAB_L1,Guarana_Antarctica,8,0.0,0.0,0.0,0.0,0.0,0.0
70,Cabo de Santo Agostinho,CAB_L1,Guarana_Antarctica,9,0.0,0.0,8794.11,0.0,0.0,8794.11
70,Cabo de Santo Agostinho,CAB_L1,Guarana_Antarctica,10,0.0,0.0,0.0,0.0,0.0,0.0
70,Cabo de Santo Agostinho,CAB_L1,Guarana_Antarctica,11,0.0,0.0,0.0,0.0,0.0,660.01
70,Cabo de Santo Agostinho,CAB_L1,Guarana_Antarctica,12,0.0,0.0,0.0,0.0,0.0,25920.12
70,Cabo de Santo Agostinho,CAB_L1,Guarana_Antarctica,13,0.0,0.0,0.0,0.0,0.0,0.0
70,Cabo de Santo Agostinho,CAB_L1,Guarana_Antarctica,14,0.0,0.0,0.0,0.0,0.0,0.0
70,Cabo de Santo Agostinho,CAB_L1,Guarana_Antarctica,15,0.0,0.0,0.0,0.0,0.0,0.0
70,Cabo de Santo Agostinho,CAB_L1,Amstel_Lata,1,0.0,0.0,0.0,0.0,0.0,0.0
70,Cabo de Santo Agostinho,CAB_L1,Amstel_Lata,2,0.0,0.0,0.0,0.0,0.0,0.0
70,Cabo de Santo Agostinho,CAB_L1,Amstel_Lata,3,0.0,0.0,15568.61,0.0,0.0,15568.61
70,Cabo de Santo Agostinho,CAB_L1,Amstel_Lata,4,0.0,0.0,0.0,0.0,0.0,14825.38
70,Cabo de Santo Agostinho,CAB_L1,Amstel_Lata,5,0.0,0.0,0.0,0.0,0.0,1705.16
70,Cabo de Santo Agostinho,CAB_L1,Amstel_Lata,6,0.0,0.0,0.0,0.0,0.0,2240.78
70,Cabo de Santo Agostinho,CAB_L1,Amstel_Lata,7,0.0,0.0,0.0,0.0,0.0,0.0
70,Cabo de Santo Agostinho,CAB_L1,Amstel_Lata,8,0.0,0.0,0.0,0.0,0.0,0.0
70,Cabo de Santo Agostinho,CAB_L1,Amstel_Lata,9,0.0,0.0,0.0,0.0,0.0,0.0
70,Cabo de Santo Agostinho,CAB_L1,Amstel_Lata,10,0.0,0.0,0.0,0.0,0.0,0.0
70,Cabo de Santo Agostinho,CAB_L1,Amstel_Lata,11,0.0,0.0,2423.38,0.0,0.0,2423.38
70,Cabo de Santo Agostinho,CAB_L1,Amstel_Lata,12,0.0,0.0,0.0,0.0,0.0,0.0
70,Cabo de Santo Agostinho,CAB_L1,Amstel_Lata,13,0.0,0.0,0.0,0.0,0.0,0.0
70,Cabo de Santo Agostinho,CAB_L1,Amstel_Lata,14,0.0,0.0,0.0,0.0,0.0,0.0
70,Cabo de Santo Agostinho,CAB_L1,Amstel_Lata,15,0.0,0.0,0.0,0.0,0.0,0.0
70,Cabo de Santo Agostinho,CAB_L1,Del_Valle_Laranja,1,0.0,0.0,0.0,0.0,0.0,0.0
70,Cabo de Santo Agostinho,CAB_L1,Del_Valle_Laranja,2,0.0,0.0,0.0,0.0,0.0,0.0
70,Cabo de Santo Agostinho,CAB_L1,Del_Valle_Laranja,3,0.0,0.0,0.0,0.0,0.0,7166.39
70,Cabo de Santo Agostinho,CAB_L1,Del_Valle_Laranja,4,0.0,0.0,0.0,0.0,0.0,0.0
70,Cabo de Santo Agostinho,CAB_L1,Del_Valle_Laranja,5,0.0,0.0,0.0,0.0,0.0,0.0
70,Cabo de Santo Agostinho,CAB_L1,Del_Valle_Laranja,6,0.0,0.0,0.0,0.0,0.0,0.0
70,Cabo de Santo Agostinho,CAB_L1,Del_Valle_Laranja,7,0.0,0.0,0.0,0.0,4964.559999999998,0.0
70,Cabo de Santo Agostinho,CAB_L1,Del_Valle_Laranja,8,0.0,0.0,0.0,0.0,0.0,0.0
70,Cabo de Santo Agostinho,CAB_L1,Del_Valle_Laranja,9,0.0,0.0,0.0,0.0,0.0,0.0
70,Cabo de Santo Agostinho,CAB_L1,Del_Valle_Laranja,10,0.0,0.0,0.0,0.0,0.0,28192.25
70,Cabo de Santo Agostinho,CAB_L1,Del_Valle_Laranja,11,0.0,0.0,0.0,0.0,0.0,0.0
70,Cabo de Santo Agostinho,CAB_L1,Del_Valle_Laranja,12,0.0,0.0,0.0,0.0,0.0,0.0
70,Cabo de Santo Agostinho,CAB_L1,Del_Valle_Laranja,13,0.0,0.0,0.0,0.0,0.0,0.0
70,Cabo de Santo Agostinho,CAB_L1,Del_Valle_Laranja,14,0.0,0.0,0.0,0.0,0.0,0.0
70,Cabo de Santo Agostinho,CAB_L1,Del_Valle_Laranja,15,0.0,0.0,0.0,0.0,0.0,1908.78
70,Cabo de Santo Agostinho,CAB_L1,Fanta_Uva,1,0.0,0.0,0.0,0.0,0.0,0.0
70,Cabo de Santo Agostinho,CAB_L1,Fanta_Uva,2,0.0,0.0,0.0,0.0,0.0,0.0
70,Cabo de Santo Agostinho,CAB_L1,Fanta_Uva,3,0.0,0.0,0.0,0.0,0.0,0.0
70,Cabo de Santo Agostinho,CAB_L1,Fanta_Uva,4,0.0,0.0,0.0,0.0,0.0,0.0
70,Cabo de Santo Agostinho,CAB_L1,Fanta_Uva,5,0.0,0.0,0.0,0.0,0.0,0.0
70,Cabo de Santo Agostinho,CAB_L1,Fanta_Uva,6,0.0,0.0,0.0,0.0,0.0,0.0
70,Cabo de Santo Agostinho,CAB_L1,Fanta_Uva,7,0.0,0.0,0.0,0.0,0.0,0.0
70,Cabo de Santo Agostinho,CAB_L1,Fanta_Uva,8,0.0,0.0,0.0,0.0,0.0,10835.37
70,Cabo de Santo Agostinho,CAB_L1,Fanta_Uva,9,0.0,0.0,0.0,0.0,0.0,0.0
70,Cabo de Santo Agostinho,CAB_L1,Fanta_Uva,10,0.0,0.0,0.0,0.0,0.0,0.0
70,Cabo de Santo Agostinho,CAB_L1,Fanta_Uva,11,0.0,0.0,0.0,0.0,0.0,0.0
70,Cabo de Santo Agostinho,CAB_L1,Fanta_Uva,12,0.0,0.0,0.0,0.0,0.0,23290.43
70,Cabo de Santo Agostinho,CAB_L1,Fanta_Uva,13,0.0,0.0,0.0,0.0,0.0,0.0
70,Cabo de Santo Agostinho,CAB_L1,Fanta_Uva,14,0.0,0.0,0.0,0.0,0.0,0.0
70,Cabo de Santo Agostinho,CAB_L1,Fanta_Uva,15,0.0,0.0,0.0,0.0,0.0,0.0
70,Cabo de Santo Agostinho,CAB_L1,Maguary_Maracuja,1,0.0,0.0,0.0,0.0,0.0,0.0
70,Cabo de Santo Agostinho,CAB_L1,Maguary_Maracuja,2,0.0,0.0,0.0,0.0,0.0,0.0
70,Cabo de Santo Agostinho,CAB_L1,Maguary_Maracuja,3,0.0,0.0,0.0,0.0,0.0,0.0
70,Cabo de Santo Agostinho,CAB_L1,Maguary_Maracuja,4,0.0,0.0,0.0,0.0,0.0,0.0
70,Cabo de Santo Agostinho,CAB_L1,Maguary_Maracuja,5,0.0,0.0,0.0,0.0,0.0,0.0
70,Cabo de Santo Agostinho,CAB_L1,Maguary_Maracuja,6,0.0,0.0,0.0,0.0,0.0,0.0
70,Cabo de Santo Agostinho,CAB_L1,Maguary_Maracuja,7,0.0,0.0,0.0,0.0,0.0,0.0
70,Cabo de Santo Agostinho,CAB_L1,Maguary_Maracuja,8,0.0,0.0,0.0,0.0,0.0,0.0
70,Cabo de Santo Agostinho,CAB_L1,Maguary_Maracuja,9,0.0,0.0,0.0,0.0,0.0,9359.16
70,Cabo de Santo Agostinho,CAB_L1,Maguary_Maracuja,10,0.0,0.0,0.0,0.0,0.0,0.0
70,Cabo de Santo Agostinho,CAB_L1,Maguary_Maracuja,11,0.0,0.0,0.0,0.0,0.0,0.0
70,Cabo de Santo Agostinho,CAB_L1,Maguary_Maracuja,12,0.0,0.0,0.0,0.0,0.0,0.0
70,Cabo de Santo Agostinho,CAB_L1,Maguary_Maracuja,13,0.0,0.0,0.0,0.0,0.0,0.0
70,Cabo de Santo Agostinho,CAB_L1,Maguary_Maracuja,14,0.0,0.0,7535.24,0.0,0.0,7535.24
70,Cabo de Santo Agostinho,CAB_L1,Maguary_Maracuja,15,0.0,0.0,0.0,0.0,0.0,0.0
70,Cabo de Santo Agostinho,CAB_L1,Coca_Cola,1,0.0,0.0,0.0,0.0,11711.57,0.0
70,Cabo de Santo Agostinho,CAB_L1,Coca_Cola,2,0.0,0.0,0.0,0.0,0.0,0.0
70,Cabo de Santo Agostinho,CAB_L1,Coca_Cola,3,0.0,0.0,0.0,0.0,0.0,0.0
70,Cabo de Santo Agostinho,CAB_L1,Coca_Cola,4,0.0,0.0,0.0,0.0,25711.2,0.0
70,Cabo de Santo Agostinho,CAB_L1,Coca_Cola,5,0.0,0.0,0.0,0.0,4865.3,0.0
70,Cabo de Santo Agostinho,CAB_L1,Coca_Cola,6,0.0,0.0,0.0,0.0,12533.320000000014,0.0
70,Cabo de Santo Agostinho,CAB_L1,Coca_Cola,7,0.0,0.0,0.0,0.0,7854.94,0.0
70,Cabo de Santo Agostinho,CAB_L1,Coca_Cola,8,0.0,0.0,0.0,0.0,0.0,0.0
70,Cabo de Santo Agostinho,CAB_L1,Coca_Cola,9,0.0,0.0,0.0,0.0,0.0,0.0
70,Cabo de Santo Agostinho,CAB_L1,Coca_Cola,10,0.0,0.0,0.0,0.0,0.0,0.0
70,Cabo de Santo Agostinho,CAB_L1,Coca_Cola,11,0.0,0.0,0.0,0.0,0.0,0.0
70,Cabo de Santo Agostinho,CAB_L1,Coca_Cola,12,0.0,0.0,0.0,0.0,20581.08,0.0
70,Cabo de Santo Agostinho,CAB_L1,Coca_Cola,13,0.0,0.0,0.0,0.0,0.0,0.0
70,Cabo de Santo Agostinho,CAB_L1,Coca_Cola,14,0.0,0.0,0.0,0.0,0.0,0.0
70,Cabo de Santo Agostinho,CAB_L1,Coca_Cola,15,0.0,0.0,6355.54,0.0,0.0,6355.54
70,Cabo de Santo Agostinho,CAB_L1,H2OH_Limao,1,0.0,0.0,0.0,0.0,0.0,5709.65
70,Cabo de Santo Agostinho,CAB_L1,H2OH_Limao,2,0.0,0.0,0.0,0.0,0.0,23311.8
70,Cabo de Santo Agostinho,CAB_L1,H2OH_Limao,3,0.0,0.0,3344.16,0.0,0.0,31077.2
70,Cabo de Santo Agostinho,CAB_L1,H2OH_Limao,4,0.0,0.0,0.0,0.0,0.0,0.0
70,Cabo de Santo Agostinho,CAB_L1,H2OH_Limao,5,0.0,0.0,0.0,0.0,0.0,0.0
70,Cabo de Santo Agostinho,CAB_L1,H2OH_Limao,6,0.0,0.0,0.0,0.0,0.0,0.0
70,Cabo de Santo Agostinho,CAB_L1,H2OH_Limao,7,0.0,0.0,26817.61,0.0,0.0,26817.61
70,Cabo de Santo Agostinho,CAB_L1,H2OH_Limao,8,0.0,0.0,0.0,0.0,0.0,9372.17
70,Cabo de Santo Agostinho,CAB_L1,H2OH_Limao,9,0.0,0.0,0.0,0.0,0.0,0.0
70,Cabo de Santo Agostinho,CAB_L1,H2OH_Limao,10,0.0,0.0,0.0,0.0,0.0,0.0
70,Cabo de Santo Agostinho,CAB_L1,H2OH_Limao,11,0.0,0.0,20055.98,0.0,0.0,20055.98
70,Cabo de Santo Agostinho,CAB_L1,H2OH_Limao,12,0.0,0.0,0.0,0.0,0.0,0.0
70,Cabo de Santo Agostinho,CAB_L1,H2OH_Limao,13,0.0,0.0,0.0,0.0,0.0,0.0
70,Cabo de Santo Agostinho,CAB_L1,H2OH_Limao,14,0.0,0.0,0.0,0.0,0.0,0.0
70,Cabo de Santo Agostinho,CAB_L1,H2OH_Limao,15,0.0,0.0,0.0,0.0,0.0,0.0
70,Cabo de Santo Agostinho,CAB_L1,Schweppes_Citrus,1,0.0,0.0,0.0,0.0,0.0,6846.72
70,Cabo de Santo Agostinho,CAB_L1,Schweppes_Citrus,2,0.0,0.0,0.0,0.0,0.0,0.0
70,Cabo de Santo Agostinho,CAB_L1,Schweppes_Citrus,3,0.0,0.0,0.0,0.0,0.0,0.0
70,Cabo de Santo Agostinho,CAB_L1,Schweppes_Citrus,4,0.0,0.0,0.0,0.0,0.0,0.0
70,Cabo de Santo Agostinho,CAB_L1,Schweppes_Citrus,5,0.0,0.0,0.0,0.0,0.0,42114.72
70,Cabo de Santo Agostinho,CAB_L1,Schweppes_Citrus,6,0.0,0.0,0.0,0.0,0.0,0.0
70,Cabo de Santo Agostinho,CAB_L1,Schweppes_Citrus,7,0.0,0.0,0.0,0.0,0.0,0.0
70,Cabo de Santo Agostinho,CAB_L1,Schweppes_Citrus,8,0.0,0.0,0.0,0.0,0.0,0.0
70,Cabo de Santo Agostinho,CAB_L1,Schweppes_Citrus,9,0.0,0.0,0.0,0.0,0.0,0.0
70,Cabo de Santo Agostinho,CAB_L1,Schweppes_Citrus,10,0.0,0.0,0.0,0.0,0.0,0.0
70,Cabo de Santo Agostinho,CAB_L1,Schweppes_Citrus,11,0.0,0.0,0.0,0.0,0.0,0.0
70,Cabo de Santo Agostinho,CAB_L1,Schweppes_Citrus,12,0.0,0.0,0.0,0.0,0.0,0.0
70,Cabo de Santo Agostinho,CAB_L1,Schweppes_Citrus,13,0.0,0.0,0.0,0.0,0.0,0.0
70,Cabo de Santo Agostinho,CAB_L1,Schweppes_Citrus,14,0.0,0.0,0.0,0.0,0.0,11146.27
70,Cabo de Santo Agostinho,CAB_L1,Schweppes_Citrus,15,0.0,0.0,0.0,0.0,0.0,0.0
70,Cabo de Santo Agostinho,CAB_L1,Sprite,1,0.0,0.0,0.0,0.0,0.0,0.0
70,Cabo de Santo Agostinho,CAB_L1,Sprite,2,0.0,0.0,0.0,0.0,0.0,0.0
70,Cabo de Santo Agostinho,CAB_L1,Sprite,3,0.0,0.0,0.0,0.0,0.0,0.0
70,Cabo de Santo Agostinho,CAB_L1,Sprite,4,0.0,0.0,0.0,0.0,0.0,0.0
70,Cabo de Santo Agostinho,CAB_L1,Sprite,5,0.0,0.0,0.0,0.0,0.0,0.0
70,Cabo de Santo Agostinho,CAB_L1,Sprite,6,0.0,0.0,0.0,0.0,0.0,0.0
70,Cabo de Santo Agostinho,CAB_L1,Sprite,7,0.0,0.0,0.0,0.0,0.0,11198.95
70,Cabo de Santo Agostinho,CAB_L1,Sprite,8,0.0,0.0,0.0,0.0,0.0,0.0
70,Cabo de Santo Agostinho,CAB_L1,Sprite,9,0.0,0.0,0.0,0.0,0.0,0.0
70,Cabo de Santo Agostinho,CAB_L1,Sprite,10,0.0,0.0,0.0,0.0,0.0,0.0
70,Cabo de Santo Agostinho,CAB_L1,Sprite,11,0.0,0.0,0.0,0.0,0.0,0.0
70,Cabo de Santo Agostinho,CAB_L1,Sprite,12,0.0,0.0,0.0,0.0,0.0,0.0
70,Cabo de Santo Agostinho,CAB_L1,Sprite,13,0.0,0.0,0.0,0.0,0.0,0.0
70,Cabo de Santo Agostinho,CAB_L1,Sprite,14,0.0,0.0,0.0,0.0,0.0,0.0
70,Cabo de Santo Agostinho,CAB_L1,Sprite,15,0.0,0.0,0.0,0.0,0.0,0.0
70,Cabo de Santo Agostinho,CAB_L1,Del_Valle_Uva,1,0.0,0.0,0.0,0.0,0.0,0.0
70,Cabo de Santo Agostinho,CAB_L1,Del_Valle_Uva,2,0.0,0.0,3019.2,0.0,0.0,31913.65
70,Cabo de Santo Agostinho,CAB_L1,Del_Valle_Uva,3,0.0,0.0,0.0,0.0,0.0,0.0
70,Cabo de Santo Agostinho,CAB_L1,Del_Valle_Uva,4,0.0,0.0,0.0,0.0,0.0,0.0
70,Cabo de Santo Agostinho,CAB_L1,Del_Valle_Uva,5,0.0,0.0,0.0,0.0,0.0,0.0
70,Cabo de Santo Agostinho,CAB_L1,Del_Valle_Uva,6,0.0,0.0,0.0,0.0,0.0,0.0
70,Cabo de Santo Agostinho,CAB_L1,Del_Valle_Uva,7,0.0,0.0,0.0,0.0,0.0,0.0
70,Cabo de Santo Agostinho,CAB_L1,Del_Valle_Uva,8,0.0,0.0,0.0,0.0,0.0,0.0
70,Cabo de Santo Agostinho,CAB_L1,Del_Valle_Uva,9,0.0,0.0,0.0,0.0,0.0,0.0
70,Cabo de Santo Agostinho,CAB_L1,Del_Valle_Uva,10,0.0,0.0,0.0,0.0,0.0,0.0
70,Cabo de Santo Agostinho,CAB_L1,Del_Valle_Uva,11,0.0,0.0,0.0,0.0,0.0,0.0
70,Cabo de Santo Agostinho,CAB_L1,Del_Valle_Uva,12,0.0,0.0,0.0,0.0,0.0,0.0
70,Cabo de Santo Agostinho,CAB_L1,Del_Valle_Uva,13,0.0,0.0,0.0,0.0,0.0,0.0
70,Cabo de Santo Agostinho,CAB_L1,Del_Valle_Uva,14,0.0,0.0,0.0,0.0,0.0,0.0
70,Cabo de Santo Agostinho,CAB_L1,Del_Valle_Uva,15,0.0,0.0,0.0,0.0,0.0,0.0
70,Cabo de Santo Agostinho,CAB_L1,Pepsi,1,0.0,0.0,0.0,0.0,0.0,794.94
70,Cabo de Santo Agostinho,CAB_L1,Pepsi,2,0.0,0.0,0.0,0.0,0.0,0.0
70,Cabo de Santo Agostinho,CAB_L1,Pepsi,3,0.0,0.0,0.0,0.0,0.0,9048.8
70,Cabo de Santo Agostinho,CAB_L1,Pepsi,4,0.0,0.0,0.0,0.0,0.0,0.0
70,Cabo de Santo Agostinho,CAB_L1,Pepsi,5,0.0,0.0,0.0,0.0,0.0,0.0
70,Cabo de Santo Agostinho,CAB_L1,Pepsi,6,0.0,0.0,0.0,0.0,0.0,0.0
70,Cabo de Santo Agostinho,CAB_L1,Pepsi,7,0.0,0.0,0.0,0.0,0.0,0.0
70,Cabo de Santo Agostinho,CAB_L1,Pepsi,8,0.0,0.0,0.0,0.0,0.0,0.0
70,Cabo de Santo Agostinho,CAB_L1,Pepsi,9,0.0,0.0,0.0,0.0,0.0,0.0
70,Cabo de Santo Agostinho,CAB_L1,Pepsi,10,0.0,0.0,0.0,0.0,0.0,0.0
70,Cabo de Santo Agostinho,CAB_L1,Pepsi,11,0.0,0.0,0.0,0.0,16121.05,16121.05
70,Cabo de Santo Agostinho,CAB_L1,Pepsi,12,0.0,0.0,0.0,0.0,0.0,0.0
70,Cabo de Santo Agostinho,CAB_L1,Pepsi,13,0.0,0.0,0.0,0.0,0.0,0.0
70,Cabo de Santo Agostinho,CAB_L1,Pepsi,14,0.0,0.0,0.0,0.0,0.0,0.0
70,Cabo de Santo Agostinho,CAB_L1,Pepsi,15,0.0,0.0,0.0,0.0,0.0,0.0
70,Cabo de Santo Agostinho,CAB_L2,Fanta_Laranja,1,0.0,0.0,0.0,0.0,0.0,9669.53
70,Cabo de Santo Agostinho,CAB_L2,Fanta_Laranja,2,0.0,0.0,0.0,0.0,0.0,0.0
70,Cabo de Santo Agostinho,CAB_L2,Fanta_Laranja,3,0.0,0.0,0.0,0.0,0.0,0.0
70,Cabo de Santo Agostinho,CAB_L2,Fanta_Laranja,4,0.0,0.0,0.0,0.0,0.0,0.0
70,Cabo de Santo Agostinho,CAB_L2,Fanta_Laranja,5,0.0,0.0,0.0,0.0,0.0,25580.67
70,Cabo de Santo Agostinho,CAB_L2,Fanta_Laranja,6,9090.059999999983,0.0,25258.33,0.0,0.0,16168.270000000019
70,Cabo de Santo Agostinho,CAB_L2,Fanta_Laranja,7,0.0,0.0,0.0,0.0,0.0,0.0
70,Cabo de Santo Agostinho,CAB_L2,Fanta_Laranja,8,0.0,0.0,0.0,0.0,0.0,0.0
70,Cabo de Santo Agostinho,CAB_L2,Fanta_Laranja,9,0.0,0.0,0.0,0.0,0.0,0.0
70,Cabo de Santo Agostinho,CAB_L2,Fanta_Laranja,10,0.0,0.0,0.0,0.0,0.0,0.0
70,Cabo de Santo Agostinho,CAB_L2,Fanta_Laranja,11,0.0,0.0,0.0,0.0,0.0,0.0
70,Cabo de Santo Agostinho,CAB_L2,Fanta_Laranja,12,0.0,0.0,0.0,0.0,0.0,0.0
70,Cabo de Santo Agostinho,CAB_L2,Fanta_Laranja,13,0.0,0.0,0.0,0.0,0.0,0.0
70,Cabo de Santo Agostinho,CAB_L2,Fanta_Laranja,14,13800.679999999995,0.0,0.0,0.0,13800.679999999995,0.0
70,Cabo de Santo Agostinho,CAB_L2,Fanta_Laranja,15,0.0,0.0,0.0,0.0,0.0,11142.4
70,Cabo de Santo Agostinho,CAB_L2,Itubaina,1,0.0,0.0,0.0,0.0,0.0,0.0
70,Cabo de Santo Agostinho,CAB_L2,Itubaina,2,0.0,0.0,0.0,0.0,0.0,0.0
70,Cabo de Santo Agostinho,CAB_L2,Itubaina,3,0.0,0.0,0.0,0.0,0.0,0.0
70,Cabo de Santo Agostinho,CAB_L2,Itubaina,4,0.0,0.0,0.0,0.0,0.0,13475.29
70,Cabo de Santo Agostinho,CAB_L2,Itubaina,5,0.0,0.0,0.0,0.0,14120.93,14120.93
70,Cabo de Santo Agostinho,CAB_L2,Itubaina,6,0.0,0.0,0.0,0.0,0.0,17028.84
70,Cabo de Santo Agostinho,CAB_L2,Itubaina,7,0.0,0.0,0.0,0.0,0.0,0.0
70,Cabo de Santo Agostinho,CAB_L2,Itubaina,8,0.0,0.0,0.0,0.0,0.0,0.0
70,Cabo de Santo Agostinho,CAB_L2,Itubaina,9,0.0,0.0,0.0,0.0,28739.52,28739.52
70,Cabo de Santo Agostinho,CAB_L2,Itubaina,10,0.0,0.0,0.0,0.0,0.0,0.0
70,Cabo de Santo Agostinho,CAB_L2,Itubaina,11,0.0,0.0,0.0,0.0,0.0,0.0
70,Cabo de Santo Agostinho,CAB_L2,Itubaina,12,0.0,0.0,0.0,0.0,7419.1,7419.1
70,Cabo de Santo Agostinho,CAB_L2,Itubaina,13,0.0,0.0,0.0,0.0,8629.05,8629.05
70,Cabo de Santo Agostinho,CAB_L2,Itubaina,14,0.0,0.0,0.0,0.0,0.0,0.0
70,Cabo de Santo Agostinho,CAB_L2,Itubaina,15,0.0,0.0,0.0,0.0,0.0,0.0
70,Cabo de Santo Agostinho,CAB_L2,Skol_Lata,1,0.0,0.0,16416.3,0.0,0.0,16416.3
70,Cabo de Santo Agostinho,CAB_L2,Skol_Lata,2,0.0,0.0,0.0,0.0,0.0,0.0
70,Cabo de Santo Agostinho,CAB_L2,Skol_Lata,3,0.0,0.0,0.0,0.0,0.0,8739.04
70,Cabo de Santo Agostinho,CAB_L2,Skol_Lata,4,0.0,0.0,0.0,0.0,0.0,15205.91
70,Cabo de Santo Agostinho,CAB_L2,Skol_Lata,5,0.0,0.0,0.0,0.0,0.0,0.0
70,Cabo de Santo Agostinho,CAB_L2,Skol_Lata,6,0.0,0.0,0.0,0.0,0.0,0.0
70,Cabo de Santo Agostinho,CAB_L2,Skol_Lata,7,0.0,0.0,0.0,0.0,0.0,0.0
70,Cabo de Santo Agostinho,CAB_L2,Skol_Lata,8,0.0,0.0,0.0,0.0,0.0,0.0
70,Cabo de Santo Agostinho,CAB_L2,Skol_Lata,9,0.0,0.0,0.0,0.0,0.0,0.0
70,Cabo de Santo Agostinho,CAB_L2,Skol_Lata,10,0.0,0.0,0.0,0.0,0.0,7829.3
70,Cabo de Santo Agostinho,CAB_L2,Skol_Lata,11,0.0,0.0,16554.88,0.0,0.0,16554.88
70,Cabo de Santo Agostinho,CAB_L2,Skol_Lata,12,0.0,0.0,0.0,0.0,0.0,0.0
70,Cabo de Santo Agostinho,CAB_L2,Skol_Lata,13,0.0,0.0,0.0,0.0,0.0,0.0
70,Cabo de Santo Agostinho,CAB_L2,Skol_Lata,14,0.0,0.0,0.0,0.0,0.0,13493.35
70,Cabo de Santo Agostinho,CAB_L2,Skol_Lata,15,0.0,0.0,0.0,0.0,0.0,0.0
70,Cabo de Santo Agostinho,CAB_L2,Heineken_Lata,1,0.0,0.0,0.0,0.0,14275.19,0.0
70,Cabo de Santo Agostinho,CAB_L2,Heineken_Lata,2,0.0,0.0,689.71,0.0,14934.740000000002,689.71
70,Cabo de Santo Agostinho,CAB_L2,Heineken_Lata,3,0.0,0.0,0.0,0.0,18703.67,0.0
70,Cabo de Santo Agostinho,CAB_L2,Heineken_Lata,4,0.0,0.0,0.0,0.0,0.0,0.0
70,Cabo de Santo Agostinho,CAB_L2,Heineken_Lata,5,0.0,0.0,0.0,0.0,11719.12,0.0
70,Cabo de Santo Agostinho,CAB_L2,Heineken_Lata,6,0.0,0.0,0.0,0.0,0.0,0.0
70,Cabo de Santo Agostinho,CAB_L2,Heineken_Lata,7,0.0,0.0,0.0,0.0,7574.509999999998,0.0
70,Cabo de Santo Agostinho,CAB_L2,Heineken_Lata,8,0.0,0.0,0.0,0.0,7261.559999999998,0.0
70,Cabo de Santo Agostinho,CAB_L2,Heineken_Lata,9,0.0,0.0,0.0,0.0,0.0,0.0
70,Cabo de Santo Agostinho,CAB_L2,Heineken_Lata,10,0.0,0.0,0.0,0.0,1857.2399999999907,0.0
70,Cabo de Santo Agostinho,CAB_L2,Heineken_Lata,11,0.0,0.0,0.0,0.0,19846.82,29663.74
70,Cabo de Santo Agostinho,CAB_L2,Heineken_Lata,12,0.0,0.0,0.0,0.0,35832.0,0.0
70,Cabo de Santo Agostinho,CAB_L2,Heineken_Lata,13,0.0,0.0,0.0,0.0,2165.579999999992,0.0
70,Cabo de Santo Agostinho,CAB_L2,Heineken_Lata,14,0.0,0.0,26418.97,0.0,0.0,26418.97
70,Cabo de Santo Agostinho,CAB_L2,Heineken_Lata,15,0.0,0.0,0.0,0.0,28206.199999999997,0.0
70,Cabo de Santo Agostinho,CAB_L2,Coca_Cola_Zero,1,0.0,0.0,0.0,0.0,0.0,0.0
70,Cabo de Santo Agostinho,CAB_L2,Coca_Cola_Zero,2,0.0,0.0,0.0,0.0,0.0,0.0
70,Cabo de Santo Agostinho,CAB_L2,Coca_Cola_Zero,3,2345.9500000000044,0.0,0.0,0.0,2345.9500000000044,0.0
70,Cabo de Santo Agostinho,CAB_L2,Coca_Cola_Zero,4,0.0,0.0,0.0,0.0,0.0,0.0
70,Cabo de Santo Agostinho,CAB_L2,Coca_Cola_Zero,5,0.0,0.0,0.0,0.0,0.0,5657.41
70,Cabo de Santo Agostinho,CAB_L2,Coca_Cola_Zero,6,0.0,0.0,0.0,0.0,0.0,0.0
70,Cabo de Santo Agostinho,CAB_L2,Coca_Cola_Zero,7,0.0,0.0,0.0,0.0,0.0,0.0
70,Cabo de Santo Agostinho,CAB_L2,Coca_Cola_Zero,8,0.0,0.0,0.0,0.0,0.0,0.0
70,Cabo de Santo Agostinho,CAB_L2,Coca_Cola_Zero,9,0.0,0.0,15150.4,0.0,0.0,15150.4
70,Cabo de Santo Agostinho,CAB_L2,Coca_Cola_Zero,10,0.0,0.0,0.0,0.0,28143.24,28143.24
70,Cabo de Santo Agostinho,CAB_L2,Coca_Cola_Zero,11,0.0,0.0,0.0,0.0,0.0,0.0
70,Cabo de Santo Agostinho,CAB_L2,Coca_Cola_Zero,12,0.0,0.0,0.0,0.0,0.0,0.0
70,Cabo de Santo Agostinho,CAB_L2,Coca_Cola_Zero,13,0.0,0.0,0.0,0.0,0.0,0.0
70,Cabo de Santo Agostinho,CAB_L2,Coca_Cola_Zero,14,0.0,0.0,0.0,0.0,0.0,0.0
70,Cabo de Santo Agostinho,CAB_L2,Coca_Cola_Zero,15,0.0,0.0,0.0,0.0,0.0,0.0
70,Cabo de Santo Agostinho,CAB_L2,Antarctica_Lata,1,0.0,0.0,0.0,0.0,30833.68,0.0
70,Cabo de Santo Agostinho,CAB_L2,Antarctica_Lata,2,0.0,0.0,0.0,0.0,37344.0,0.0
70,Cabo de Santo Agostinho,CAB_L2,Antarctica_Lata,3,0.0,0.0,0.0,0.0,26411.04,0.0
70,Cabo de Santo Agostinho,CAB_L2,Antarctica_Lata,4,0.0,0.0,0.0,0.0,16169.4,0.0
70,Cabo de Santo Agostinho,CAB_L2,Antarctica_Lata,5,0.0,0.0,0.0,0.0,28240.34,0.0
70,Cabo de Santo Agostinho,CAB_L2,Antarctica_Lata,6,0.0,0.0,0.0,0.0,10594.810000000003,0.0
70,Cabo de Santo Agostinho,CAB_L2,Antarctica_Lata,7,0.0,0.0,0.0,0.0,20074.539999999997,0.0
70,Cabo de Santo Agostinho,CAB_L2,Antarctica_Lata,8,0.0,0.0,0.0,0.0,19595.84,0.0
70,Cabo de Santo Agostinho,CAB_L2,Antarctica_Lata,9,0.0,0.0,0.0,0.0,17493.86,0.0
70,Cabo de Santo Agostinho,CAB_L2,Antarctica_Lata,10,0.0,0.0,0.0,0.0,12559.27,0.0
70,Cabo de Santo Agostinho,CAB_L2,Antarctica_Lata,11,0.0,0.0,0.0,0.0,11561.13,0.0
70,Cabo de Santo Agostinho,CAB_L2,Antarctica_Lata,12,0.0,0.0,0.0,0.0,23104.72,0.0
70,Cabo de Santo Agostinho,CAB_L2,Antarctica_Lata,13,0.0,0.0,0.0,0.0,37176.0,0.0
70,Cabo de Santo Agostinho,CAB_L2,Antarctica_Lata,14,0.0,0.0,0.0,0.0,36792.0,0.0
70,Cabo de Santo Agostinho,CAB_L2,Antarctica_Lata,15,0.0,0.0,0.0,0.0,18335.260000000002,0.0
70,Cabo de Santo Agostinho,CAB_L2,Spaten_Lata,1,0.0,0.0,0.0,0.0,3674.44,0.0
70,Cabo de Santo Agostinho,CAB_L2,Spaten_Lata,2,0.0,0.0,0.0,0.0,26157.28,0.0
70,Cabo de Santo Agostinho,CAB_L2,Spaten_Lata,3,0.0,0.0,0.0,0.0,19720.33,0.0
70,Cabo de Santo Agostinho,CAB_L2,Spaten_Lata,4,0.0,0.0,0.0,0.0,37440.0,0.0
70,Cabo de Santo Agostinho,CAB_L2,Spaten_Lata,5,0.0,0.0,0.0,0.0,7885.0,0.0
70,Cabo de Santo Agostinho,CAB_L2,Spaten_Lata,6,0.0,0.0,0.0,0.0,0.0,0.0
70,Cabo de Santo Agostinho,CAB_L2,Spaten_Lata,7,0.0,0.0,0.0,0.0,29889.49,0.0
70,Cabo de Santo Agostinho,CAB_L2,Spaten_Lata,8,0.0,0.0,0.0,0.0,33970.44,0.0
70,Cabo de Santo Agostinho,CAB_L2,Spaten_Lata,9,0.0,0.0,0.0,0.0,40319.99999999999,0.0
70,Cabo de Santo Agostinho,CAB_L2,Spaten_Lata,10,0.0,0.0,0.0,0.0,25020.510000000002,0.0
70,Cabo de Santo Agostinho,CAB_L2,Spaten_Lata,11,0.0,0.0,0.0,0.0,13985.32,0.0
70,Cabo de Santo Agostinho,CAB_L2,Spaten_Lata,12,0.0,0.0,0.0,0.0,0.0,0.0
70,Cabo de Santo Agostinho,CAB_L2,Spaten_Lata,13,0.0,0.0,0.0,0.0,37098.420000000006,0.0
70,Cabo de Santo Agostinho,CAB_L2,Spaten_Lata,14,0.0,0.0,0.0,0.0,33912.0,0.0
70,Cabo de Santo Agostinho,CAB_L2,Spaten_Lata,15,0.0,0.0,0.0,0.0,0.0,0.0
70,Cabo de Santo Agostinho,CAB_L2,Maguary_Caju,1,0.0,0.0,0.0,0.0,0.0,20337.4
70,Cabo de Santo Agostinho,CAB_L2,Maguary_Caju,2,0.0,0.0,0.0,0.0,0.0,0.0
70,Cabo de Santo Agostinho,CAB_L2,Maguary_Caju,3,0.0,0.0,0.0,0.0,0.0,0.0
70,Cabo de Santo Agostinho,CAB_L2,Maguary_Caju,4,0.0,0.0,0.0,0.0,0.0,0.0
70,Cabo de Santo Agostinho,CAB_L2,Maguary_Caju,5,0.0,0.0,0.0,0.0,0.0,0.0
70,Cabo de Santo Agostinho,CAB_L2,Maguary_Caju,6,0.0,0.0,0.0,0.0,0.0,0.0
70,Cabo de Santo Agostinho,CAB_L2,Maguary_Caju,7,0.0,0.0,0.0,0.0,0.0,0.0
70,Cabo de Santo Agostinho,CAB_L2,Maguary_Caju,8,0.0,0.0,0.0,0.0,0.0,0.0
70,Cabo de Santo Agostinho,CAB_L2,Maguary_Caju,9,0.0,0.0,0.0,0.0,0.0,0.0
70,Cabo de Santo Agostinho,CAB_L2,Maguary_Caju,10,0.0,0.0,0.0,0.0,0.0,0.0
70,Cabo de Santo Agostinho,CAB_L2,Maguary_Caju,11,0.0,0.0,0.0,0.0,0.0,0.0
70,Cabo de Santo Agostinho,CAB_L2,Maguary_Caju,12,0.0,0.0,0.0,0.0,0.0,0.0
70,Cabo de Santo Agostinho,CAB_L2,Maguary_Caju,13,0.0,0.0,0.0,0.0,0.0,0.0
70,Cabo de Santo Agostinho,CAB_L2,Maguary_Caju,14,0.0,0.0,0.0,0.0,0.0,0.0
70,Cabo de Santo Agostinho,CAB_L2,Maguary_Caju,15,0.0,0.0,0.0,0.0,0.0,0.0
70,Cabo de Santo Agostinho,CAB_L2,Del_Valle_Pessego,1,0.0,0.0,0.0,0.0,0.0,6849.33
70,Cabo de Santo Agostinho,CAB_L2,Del_Valle_Pessego,2,0.0,0.0,0.0,0.0,0.0,0.0
70,Cabo de Santo Agostinho,CAB_L2,Del_Valle_Pessego,3,0.0,0.0,0.0,0.0,0.0,0.0
70,Cabo de Santo Agostinho,CAB_L2,Del_Valle_Pessego,4,0.0,0.0,0.0,0.0,0.0,0.0
70,Cabo de Santo Agostinho,CAB_L2,Del_Valle_Pessego,5,0.0,0.0,0.0,0.0,0.0,0.0
70,Cabo de Santo Agostinho,CAB_L2,Del_Valle_Pessego,6,0.0,0.0,0.0,0.0,0.0,0.0
70,Cabo de Santo Agostinho,CAB_L2,Del_Valle_Pessego,7,0.0,0.0,0.0,0.0,0.0,0.0
70,Cabo de Santo Agostinho,CAB_L2,Del_Valle_Pessego,8,0.0,0.0,0.0,0.0,0.0,0.0
70,Cabo de Santo Agostinho,CAB_L2,Del_Valle_Pessego,9,0.0,0.0,0.0,0.0,0.0,0.0
70,Cabo de Santo Agostinho,CAB_L2,Del_Valle_Pessego,10,0.0,0.0,0.0,0.0,0.0,0.0
70,Cabo de Santo Agostinho,CAB_L2,Del_Valle_Pessego,11,0.0,0.0,0.0,0.0,0.0,0.0
70,Cabo de Santo Agostinho,CAB_L2,Del_Valle_Pessego,12,0.0,0.0,0.0,0.0,0.0,0.0
70,Cabo de Santo Agostinho,CAB_L2,Del_Valle_Pessego,13,0.0,0.0,0.0,0.0,0.0,0.0
70,Cabo de Santo Agostinho,CAB_L2,Del_Valle_Pessego,14,0.0,0.0,0.0,0.0,0.0,0.0
70,Cabo de Santo Agostinho,CAB_L2,Del_Valle_Pessego,15,0.0,0.0,0.0,0.0,0.0,0.0
70,Cabo de Santo Agostinho,CAB_L2,Stella_Artois_Pure_Gold,1,0.0,0.0,0.0,0.0,0.0,0.0
70,Cabo de Santo Agostinho,CAB_L2,Stella_Artois_Pure_Gold,2,0.0,0.0,0.0,0.0,0.0,0.0
70,Cabo de Santo Agostinho,CAB_L2,Stella_Artois_Pure_Gold,3,0.0,0.0,0.0,0.0,0.0,0.0
70,Cabo de Santo Agostinho,CAB_L2,Stella_Artois_Pure_Gold,4,0.0,0.0,0.0,0.0,0.0,0.0
70,Cabo de Santo Agostinho,CAB_L2,Stella_Artois_Pure_Gold,5,0.0,0.0,0.0,0.0,0.0,0.0
70,Cabo de Santo Agostinho,CAB_L2,Stella_Artois_Pure_Gold,6,0.0,0.0,0.0,0.0,0.0,0.0
70,Cabo de Santo Agostinho,CAB_L2,Stella_Artois_Pure_Gold,7,0.0,0.0,0.0,0.0,0.0,0.0
70,Cabo de Santo Agostinho,CAB_L2,Stella_Artois_Pure_Gold,8,0.0,0.0,0.0,0.0,0.0,0.0
70,Cabo de Santo Agostinho,CAB_L2,Stella_Artois_Pure_Gold,9,0.0,0.0,0.0,0.0,0.0,0.0
70,Cabo de Santo Agostinho,CAB_L2,Stella_Artois_Pure_Gold,10,0.0,0.0,0.0,0.0,0.0,0.0
70,Cabo de Santo Agostinho,CAB_L2,Stella_Artois_Pure_Gold,11,0.0,0.0,0.0,0.0,0.0,0.0
70,Cabo de Santo Agostinho,CAB_L2,Stella_Artois_Pure_Gold,12,0.0,0.0,0.0,0.0,0.0,0.0
70,Cabo de Santo Agostinho,CAB_L2,Stella_Artois_Pure_Gold,13,0.0,0.0,0.0,0.0,0.0,0.0
70,Cabo de Santo Agostinho,CAB_L2,Stella_Artois_Pure_Gold,14,0.0,0.0,0.0,0.0,0.0,0.0
70,Cabo de Santo Agostinho,CAB_L2,Stella_Artois_Pure_Gold,15,0.0,0.0,0.0,0.0,0.0,0.0
70,Cabo de Santo Agostinho,CAB_L2,Sprite_Zero,1,0.0,0.0,0.0,0.0,0.0,0.0
70,Cabo de Santo Agostinho,CAB_L2,Sprite_Zero,2,0.0,0.0,0.0,0.0,0.0,0.0
70,Cabo de Santo Agostinho,CAB_L2,Sprite_Zero,3,0.0,0.0,0.0,0.0,0.0,0.0
70,Cabo de Santo Agostinho,CAB_L2,Sprite_Zero,4,0.0,0.0,0.0,0.0,0.0,3862.58
70,Cabo de Santo Agostinho,CAB_L2,Sprite_Zero,5,0.0,0.0,0.0,0.0,0.0,0.0
70,Cabo de Santo Agostinho,CAB_L2,Sprite_Zero,6,0.0,0.0,0.0,0.0,0.0,0.0
70,Cabo de Santo Agostinho,CAB_L2,Sprite_Zero,7,0.0,0.0,0.0,0.0,0.0,0.0
70,Cabo de Santo Agostinho,CAB_L2,Sprite_Zero,8,0.0,0.0,0.0,0.0,0.0,0.0
70,Cabo de Santo Agostinho,CAB_L2,Sprite_Zero,9,0.0,0.0,14501.5,0.0,0.0,46037.9
70,Cabo de Santo Agostinho,CAB_L2,Sprite_Zero,10,0.0,0.0,0.0,0.0,0.0,16030.53
70,Cabo de Santo Agostinho,CAB_L2,Sprite_Zero,11,0.0,0.0,0.0,0.0,0.0,0.0
70,Cabo de Santo Agostinho,CAB_L2,Sprite_Zero,12,0.0,0.0,0.0,0.0,0.0,0.0
70,Cabo de Santo Agostinho,CAB_L2,Sprite_Zero,13,0.0,0.0,0.0,0.0,0.0,0.0
70,Cabo de Santo Agostinho,CAB_L2,Sprite_Zero,14,0.0,0.0,0.0,0.0,0.0,0.0
70,Cabo de Santo Agostinho,CAB_L2,Sprite_Zero,15,0.0,0.0,0.0,0.0,0.0,36730.32
70,Cabo de Santo Agostinho,CAB_L2,Kuat,1,0.0,0.0,0.0,0.0,0.0,0.0
70,Cabo de Santo Agostinho,CAB_L2,Kuat,2,0.0,0.0,0.0,0.0,0.0,16638.64
70,Cabo de Santo Agostinho,CAB_L2,Kuat,3,0.0,0.0,0.0,0.0,0.0,0.0
70,Cabo de Santo Agostinho,CAB_L2,Kuat,4,0.0,0.0,0.0,0.0,0.0,0.0
70,Cabo de Santo Agostinho,CAB_L2,Kuat,5,0.0,0.0,0.0,0.0,0.0,0.0
70,Cabo de Santo Agostinho,CAB_L2,Kuat,6,0.0,0.0,0.0,0.0,0.0,0.0
70,Cabo de Santo Agostinho,CAB_L2,Kuat,7,0.0,0.0,0.0,0.0,0.0,0.0
70,Cabo de Santo Agostinho,CAB_L2,Kuat,8,0.0,0.0,0.0,0.0,0.0,0.0
70,Cabo de Santo Agostinho,CAB_L2,Kuat,9,0.0,0.0,0.0,0.0,0.0,0.0
70,Cabo de Santo Agostinho,CAB_L2,Kuat,10,0.0,0.0,25914.31,0.0,0.0,25914.310000000005
70,Cabo de Santo Agostinho,CAB_L2,Kuat,11,0.0,0.0,0.0,0.0,0.0,0.0
70,Cabo de Santo Agostinho,CAB_L2,Kuat,12,0.0,0.0,0.0,0.0,0.0,22393.77
70,Cabo de Santo Agostinho,CAB_L2,Kuat,13,0.0,0.0,0.0,0.0,0.0,12732.29
70,Cabo de Santo Agostinho,CAB_L2,Kuat,14,0.0,0.0,0.0,0.0,0.0,0.0
70,Cabo de Santo Agostinho,CAB_L2,Kuat,15,0.0,0.0,0.0,0.0,0.0,0.0
70,Cabo de Santo Agostinho,CAB_L2,Sukita_Laranja,1,0.0,0.0,0.0,0.0,0.0,0.0
70,Cabo de Santo Agostinho,CAB_L2,Sukita_Laranja,2,0.0,0.0,0.0,0.0,0.0,0.0
70,Cabo de Santo Agostinho,CAB_L2,Sukita_Laranja,3,0.0,0.0,0.0,0.0,0.0,0.0
70,Cabo de Santo Agostinho,CAB_L2,Sukita_Laranja,4,0.0,0.0,0.0,0.0,0.0,0.0
70,Cabo de Santo Agostinho,CAB_L2,Sukita_Laranja,5,0.0,0.0,0.0,0.0,0.0,0.0
70,Cabo de Santo Agostinho,CAB_L2,Sukita_Laranja,6,0.0,0.0,0.0,0.0,0.0,0.0
70,Cabo de Santo Agostinho,CAB_L2,Sukita_Laranja,7,0.0,0.0,0.0,0.0,0.0,0.0
70,Cabo de Santo Agostinho,CAB_L2,Sukita_Laranja,8,0.0,0.0,0.0,0.0,0.0,0.0
70,Cabo de Santo Agostinho,CAB_L2,Sukita_Laranja,9,0.0,0.0,0.0,0.0,0.0,0.0
70,Cabo de Santo Agostinho,CAB_L2,Sukita_Laranja,10,0.0,0.0,0.0,0.0,0.0,0.0
70,Cabo de Santo Agostinho,CAB_L2,Sukita_Laranja,11,0.0,0.0,0.0,0.0,0.0,0.0
70,Cabo de Santo Agostinho,CAB_L2,Sukita_Laranja,12,0.0,0.0,0.0,0.0,0.0,0.0
70,Cabo de Santo Agostinho,CAB_L2,Sukita_Laranja,13,0.0,0.0,0.0,0.0,0.0,0.0
70,Cabo de Santo Agostinho,CAB_L2,Sukita_Laranja,14,0.0,0.0,0.0,0.0,0.0,0.0
70,Cabo de Santo Agostinho,CAB_L2,Sukita_Laranja,15,0.0,0.0,0.0,0.0,0.0,0.0
70,Cabo de Santo Agostinho,CAB_L2,Budweiser_Lata,1,0.0,0.0,0.0,0.0,0.0,0.0
70,Cabo de Santo Agostinho,CAB_L2,Budweiser_Lata,2,28101.26,0.0,0.0,0.0,28101.26,0.0
70,Cabo de Santo Agostinho,CAB_L2,Budweiser_Lata,3,23006.199999999997,0.0,11994.31,0.0,11011.89,0.0
70,Cabo de Santo Agostinho,CAB_L2,Budweiser_Lata,4,10984.8,0.0,0.0,0.0,10984.8,0.0
70,Cabo de Santo Agostinho,CAB_L2,Budweiser_Lata,5,8585.73,0.0,0.0,0.0,8585.73,0.0
70,Cabo de Santo Agostinho,CAB_L2,Budweiser_Lata,6,16152.62,0.0,0.0,0.0,16152.62,10917.7
70,Cabo de Santo Agostinho,CAB_L2,Budweiser_Lata,7,3372.2700000000004,0.0,0.0,0.0,3372.2700000000004,0.0
70,Cabo de Santo Agostinho,CAB_L2,Budweiser_Lata,8,35228.670000000006,0.0,14173.67,0.0,21055.000000000007,830.32
70,Cabo de Santo Agostinho,CAB_L2,Budweiser_Lata,9,42887.99999999999,0.0,0.0,0.0,42887.99999999999,4775.58
70,Cabo de Santo Agostinho,CAB_L2,Budweiser_Lata,10,37464.0,0.0,0.0,0.0,37464.0,0.0
70,Cabo de Santo Agostinho,CAB_L2,Budweiser_Lata,11,38544.0,0.0,10817.58,0.0,27726.42,0.0
70,Cabo de Santo Agostinho,CAB_L2,Budweiser_Lata,12,14842.919999999998,0.0,0.0,0.0,14842.919999999998,0.0
70,Cabo de Santo Agostinho,CAB_L2,Budweiser_Lata,13,38304.0,0.0,0.0,0.0,38304.0,13176.32
70,Cabo de Santo Agostinho,CAB_L2,Budweiser_Lata,14,23231.320000000003,0.0,0.0,0.0,23231.32,0.0
70,Cabo de Santo Agostinho,CAB_L2,Budweiser_Lata,15,39264.0,0.0,27553.55,0.0,11710.45,0.0
70,Cabo de Santo Agostinho,CAB_L2,Guarana_Antarctica_Zero,1,0.0,0.0,0.0,0.0,0.0,10716.47
70,Cabo de Santo Agostinho,CAB_L2,Guarana_Antarctica_Zero,2,0.0,0.0,3818.48,0.0,0.0,12122.63
70,Cabo de Santo Agostinho,CAB_L2,Guarana_Antarctica_Zero,3,0.0,0.0,0.0,0.0,0.0,0.0
70,Cabo de Santo Agostinho,CAB_L2,Guarana_Antarctica_Zero,4,0.0,0.0,5557.63,0.0,0.0,5557.63
70,Cabo de Santo Agostinho,CAB_L2,Guarana_Antarctica_Zero,5,0.0,0.0,0.0,0.0,0.0,0.0
70,Cabo de Santo Agostinho,CAB_L2,Guarana_Antarctica_Zero,6,0.0,0.0,0.0,0.0,0.0,0.0
70,Cabo de Santo Agostinho,CAB_L2,Guarana_Antarctica_Zero,7,0.0,0.0,0.0,0.0,0.0,26872.59
70,Cabo de Santo Agostinho,CAB_L2,Guarana_Antarctica_Zero,8,0.0,0.0,0.0,0.0,0.0,0.0
70,Cabo de Santo Agostinho,CAB_L2,Guarana_Antarctica_Zero,9,0.0,0.0,0.0,0.0,0.0,0.0
70,Cabo de Santo Agostinho,CAB_L2,Guarana_Antarctica_Zero,10,0.0,0.0,0.0,0.0,0.0,0.0
70,Cabo de Santo Agostinho,CAB_L2,Guarana_Antarctica_Zero,11,0.0,0.0,0.0,0.0,0.0,0.0
70,Cabo de Santo Agostinho,CAB_L2,Guarana_Antarctica_Zero,12,0.0,0.0,0.0,0.0,0.0,0.0
70,Cabo de Santo Agostinho,CAB_L2,Guarana_Antarctica_Zero,13,0.0,0.0,0.0,0.0,0.0,0.0
70,Cabo de Santo Agostinho,CAB_L2,Guarana_Antarctica_Zero,14,0.0,0.0,0.0,0.0,0.0,0.0
70,Cabo de Santo Agostinho,CAB_L2,Guarana_Antarctica_Zero,15,0.0,0.0,0.0,0.0,0.0,0.0
70,Cabo de Santo Agostinho,CAB_L2,Itaipava_Lata,1,0.0,0.0,0.0,0.0,0.0,0.0
70,Cabo de Santo Agostinho,CAB_L2,Itaipava_Lata,2,0.0,0.0,0.0,0.0,0.0,0.0
70,Cabo de Santo Agostinho,CAB_L2,Itaipava_Lata,3,0.0,0.0,0.0,0.0,0.0,0.0
70,Cabo de Santo Agostinho,CAB_L2,Itaipava_Lata,4,0.0,0.0,0.0,0.0,0.0,0.0
70,Cabo de Santo Agostinho,CAB_L2,Itaipava_Lata,5,0.0,0.0,0.0,0.0,0.0,0.0
70,Cabo de Santo Agostinho,CAB_L2,Itaipava_Lata,6,0.0,0.0,0.0,0.0,0.0,2863.98
70,Cabo de Santo Agostinho,CAB_L2,Itaipava_Lata,7,0.0,0.0,0.0,0.0,0.0,0.0
70,Cabo de Santo Agostinho,CAB_L2,Itaipava_Lata,8,0.0,0.0,0.0,0.0,0.0,0.0
70,Cabo de Santo Agostinho,CAB_L2,Itaipava_Lata,9,0.0,0.0,0.0,0.0,0.0,0.0
70,Cabo de Santo Agostinho,CAB_L2,Itaipava_Lata,10,0.0,0.0,0.0,0.0,0.0,0.0
70,Cabo de Santo Agostinho,CAB_L2,Itaipava_Lata,11,0.0,0.0,0.0,0.0,0.0,0.0
70,Cabo de Santo Agostinho,CAB_L2,Itaipava_Lata,12,0.0,0.0,0.0,0.0,0.0,0.0
70,Cabo de Santo Agostinho,CAB_L2,Itaipava_Lata,13,0.0,0.0,0.0,0.0,0.0,11996.34
70,Cabo de Santo Agostinho,CAB_L2,Itaipava_Lata,14,0.0,0.0,0.0,0.0,0.0,14986.01
70,Cabo de Santo Agostinho,CAB_L2,Itaipava_Lata,15,0.0,0.0,0.0,0.0,0.0,0.0
70,Cabo de Santo Agostinho,CAB_L2,Brahma_Lata,1,0.0,0.0,0.0,0.0,0.0,0.0
70,Cabo de Santo Agostinho,CAB_L2,Brahma_Lata,2,0.0,0.0,0.0,0.0,0.0,0.0
70,Cabo de Santo Agostinho,CAB_L2,Brahma_Lata,3,0.0,6885.88,0.0,0.0,0.0,6885.88
70,Cabo de Santo Agostinho,CAB_L2,Brahma_Lata,4,0.0,0.0,6885.88,0.0,0.0,10655.57
70,Cabo de Santo Agostinho,CAB_L2,Brahma_Lata,5,0.0,0.0,0.0,0.0,0.0,0.0
70,Cabo de Santo Agostinho,CAB_L2,Brahma_Lata,6,0.0,0.0,0.0,0.0,0.0,0.0
70,Cabo de Santo Agostinho,CAB_L2,Brahma_Lata,7,0.0,0.0,0.0,0.0,0.0,0.0
70,Cabo de Santo Agostinho,CAB_L2,Brahma_Lata,8,0.0,0.0,0.0,0.0,0.0,0.0
70,Cabo de Santo Agostinho,CAB_L2,Brahma_Lata,9,0.0,0.0,0.0,0.0,0.0,0.0
70,Cabo de Santo Agostinho,CAB_L2,Brahma_Lata,10,0.0,0.0,0.0,0.0,0.0,0.0
70,Cabo de Santo Agostinho,CAB_L2,Brahma_Lata,11,0.0,0.0,0.0,0.0,0.0,0.0
70,Cabo de Santo Agostinho,CAB_L2,Brahma_Lata,12,0.0,0.0,0.0,0.0,0.0,0.0
70,Cabo de Santo Agostinho,CAB_L2,Brahma_Lata,13,0.0,0.0,0.0,0.0,0.0,0.0
70,Cabo de Santo Agostinho,CAB_L2,Brahma_Lata,14,0.0,0.0,0.0,0.0,0.0,0.0
70,Cabo de Santo Agostinho,CAB_L2,Brahma_Lata,15,0.0,0.0,0.0,0.0,0.0,0.0
70,Cabo de Santo Agostinho,CAB_L2,Eisenbahn_Pilsen,1,0.0,0.0,0.0,0.0,0.0,0.0
70,Cabo de Santo Agostinho,CAB_L2,Eisenbahn_Pilsen,2,0.0,0.0,0.0,0.0,0.0,0.0
70,Cabo de Santo Agostinho,CAB_L2,Eisenbahn_Pilsen,3,0.0,0.0,0.0,0.0,0.0,0.0
70,Cabo de Santo Agostinho,CAB_L2,Eisenbahn_Pilsen,4,0.0,0.0,0.0,0.0,4883.279999999994,4883.279999999994
70,Cabo de Santo Agostinho,CAB_L2,Eisenbahn_Pilsen,5,0.0,0.0,0.0,0.0,0.0,0.0
70,Cabo de Santo Agostinho,CAB_L2,Eisenbahn_Pilsen,6,0.0,0.0,0.0,0.0,0.0,13461.09
70,Cabo de Santo Agostinho,CAB_L2,Eisenbahn_Pilsen,7,0.0,0.0,0.0,0.0,0.0,0.0
70,Cabo de Santo Agostinho,CAB_L2,Eisenbahn_Pilsen,8,0.0,0.0,0.0,0.0,0.0,0.0
70,Cabo de Santo Agostinho,CAB_L2,Eisenbahn_Pilsen,9,0.0,0.0,0.0,0.0,0.0,0.0
70,Cabo de Santo Agostinho,CAB_L2,Eisenbahn_Pilsen,10,0.0,0.0,0.0,0.0,0.0,0.0
70,Cabo de Santo Agostinho,CAB_L2,Eisenbahn_Pilsen,11,0.0,0.0,0.0,0.0,0.0,0.0
70,Cabo de Santo Agostinho,CAB_L2,Eisenbahn_Pilsen,12,0.0,0.0,0.0,0.0,1673.6399999999999,1673.6399999999999
70,Cabo de Santo Agostinho,CAB_L2,Eisenbahn_Pilsen,13,0.0,0.0,25544.6,0.0,0.0,39825.3
70,Cabo de Santo Agostinho,CAB_L2,Eisenbahn_Pilsen,14,0.0,0.0,0.0,0.0,7594.18,7594.18
70,Cabo de Santo Agostinho,CAB_L2,Eisenbahn_Pilsen,15,0.0,0.0,0.0,0.0,0.0,0.0
70,Cabo de Santo Agostinho,CAB_L2,Pepsi_Black,1,0.0,0.0,0.0,0.0,6558.319999999999,0.0
70,Cabo de Santo Agostinho,CAB_L2,Pepsi_Black,2,0.0,0.0,0.0,0.0,0.0,0.0
70,Cabo de Santo Agostinho,CAB_L2,Pepsi_Black,3,0.0,10980.960000000001,0.0,0.0,10980.960000000001,10980.960000000001
70,Cabo de Santo Agostinho,CAB_L2,Pepsi_Black,4,0.0,10980.960000000001,0.0,0.0,20790.600000000002,0.0
70,Cabo de Santo Agostinho,CAB_L2,Pepsi_Black,5,0.0,866.0099999999984,0.0,0.0,20634.61,0.0
70,Cabo de Santo Agostinho,CAB_L2,Pepsi_Black,6,0.0,866.0099999999984,0.0,0.0,29101.19,0.0
70,Cabo de Santo Agostinho,CAB_L2,Pepsi_Black,7,0.0,0.0,0.0,0.0,15111.47,0.0
70,Cabo de Santo Agostinho,CAB_L2,Pepsi_Black,8,0.0,0.0,0.0,0.0,3612.83,28930.93
70,Cabo de Santo Agostinho,CAB_L2,Pepsi_Black,9,0.0,0.0,0.0,0.0,21242.14,0.0
70,Cabo de Santo Agostinho,CAB_L2,Pepsi_Black,10,0.0,0.0,0.0,0.0,25408.729999999996,0.0
70,Cabo de Santo Agostinho,CAB_L2,Pepsi_Black,11,0.0,23052.670000000002,0.0,0.0,27214.13,23052.670000000002
70,Cabo de Santo Agostinho,CAB_L2,Pepsi_Black,12,0.0,23052.670000000002,0.0,0.0,13975.279999999999,0.0
70,Cabo de Santo Agostinho,CAB_L2,Pepsi_Black,13,0.0,0.0,0.0,0.0,23052.670000000002,0.0
70,Cabo de Santo Agostinho,CAB_L2,Pepsi_Black,14,0.0,0.0,0.0,0.0,0.0,0.0
70,Cabo de Santo Agostinho,CAB_L2,Pepsi_Black,15,0.0,0.0,0.0,0.0,21984.739999999994,0.0
70,Cabo de Santo Agostinho,CAB_L2,Guarana_Antarctica,1,0.0,0.0,0.0,0.0,0.0,0.0
70,Cabo de Santo Agostinho,CAB_L2,Guarana_Antarctica,2,0.0,0.0,0.0,0.0,0.0,0.0
70,Cabo de Santo Agostinho,CAB_L2,Guarana_Antarctica,3,0.0,0.0,0.0,0.0,0.0,0.0
70,Cabo de Santo Agostinho,CAB_L2,Guarana_Antarctica,4,0.0,0.0,0.0,0.0,0.0,7724.77
70,Cabo de Santo Agostinho,CAB_L2,Guarana_Antarctica,5,0.0,0.0,0.0,0.0,0.0,0.0
70,Cabo de Santo Agostinho,CAB_L2,Guarana_Antarctica,6,0.0,0.0,0.0,0.0,0.0,0.0
70,Cabo de Santo Agostinho,CAB_L2,Guarana_Antarctica,7,0.0,0.0,14381.05,0.0,0.0,14381.05
70,Cabo de Santo Agostinho,CAB_L2,Guarana_Antarctica,8,0.0,0.0,0.0,0.0,0.0,0.0
70,Cabo de Santo Agostinho,CAB_L2,Guarana_Antarctica,9,0.0,0.0,0.0,0.0,0.0,8794.11
70,Cabo de Santo Agostinho,CAB_L2,Guarana_Antarctica,10,0.0,0.0,0.0,0.0,0.0,0.0
70,Cabo de Santo Agostinho,CAB_L2,Guarana_Antarctica,11,0.0,0.0,660.01,0.0,0.0,660.01
70,Cabo de Santo Agostinho,CAB_L2,Guarana_Antarctica,12,0.0,0.0,0.0,0.0,0.0,25920.12
70,Cabo de Santo Agostinho,CAB_L2,Guarana_Antarctica,13,0.0,0.0,0.0,0.0,0.0,0.0
70,Cabo de Santo Agostinho,CAB_L2,Guarana_Antarctica,14,0.0,0.0,0.0,0.0,0.0,0.0
70,Cabo de Santo Agostinho,CAB_L2,Guarana_Antarctica,15,0.0,0.0,0.0,0.0,0.0,0.0
70,Cabo de Santo Agostinho,CAB_L2,Amstel_Lata,1,0.0,0.0,0.0,0.0,0.0,0.0
70,Cabo de Santo Agostinho,CAB_L2,Amstel_Lata,2,0.0,0.0,0.0,0.0,0.0,0.0
70,Cabo de Santo Agostinho,CAB_L2,Amstel_Lata,3,0.0,0.0,0.0,0.0,0.0,15568.61
70,Cabo de Santo Agostinho,CAB_L2,Amstel_Lata,4,0.0,0.0,14825.38,0.0,0.0,14825.38
70,Cabo de Santo Agostinho,CAB_L2,Amstel_Lata,5,0.0,0.0,1705.16,0.0,0.0,1705.16
70,Cabo de Santo Agostinho,CAB_L2,Amstel_Lata,6,0.0,0.0,2240.78,0.0,0.0,2240.78
70,Cabo de Santo Agostinho,CAB_L2,Amstel_Lata,7,0.0,0.0,0.0,0.0,0.0,0.0
70,Cabo de Santo Agostinho,CAB_L2,Amstel_Lata,8,0.0,0.0,0.0,0.0,0.0,0.0
70,Cabo de Santo Agostinho,CAB_L2,Amstel_Lata,9,0.0,0.0,0.0,0.0,0.0,0.0
70,Cabo de Santo Agostinho,CAB_L2,Amstel_Lata,10,0.0,0.0,0.0,0.0,0.0,0.0
70,Cabo de Santo Agostinho,CAB_L2,Amstel_Lata,11,0.0,0.0,0.0,0.0,0.0,2423.38
70,Cabo de Santo Agostinho,CAB_L2,Amstel_Lata,12,0.0,0.0,0.0,0.0,0.0,0.0
70,Cabo de Santo Agostinho,CAB_L2,Amstel_Lata,13,0.0,0.0,0.0,0.0,0.0,0.0
70,Cabo de Santo Agostinho,CAB_L2,Amstel_Lata,14,0.0,0.0,0.0,0.0,0.0,0.0
70,Cabo de Santo Agostinho,CAB_L2,Amstel_Lata,15,0.0,0.0,0.0,0.0,0.0,0.0
70,Cabo de Santo Agostinho,CAB_L2,Del_Valle_Laranja,1,0.0,0.0,0.0,0.0,0.0,0.0
70,Cabo de Santo Agostinho,CAB_L2,Del_Valle_Laranja,2,0.0,0.0,0.0,0.0,0.0,0.0
70,Cabo de Santo Agostinho,CAB_L2,Del_Valle_Laranja,3,0.0,0.0,7166.39,0.0,0.0,7166.39
70,Cabo de Santo Agostinho,CAB_L2,Del_Valle_Laranja,4,0.0,0.0,0.0,0.0,0.0,0.0
70,Cabo de Santo Agostinho,CAB_L2,Del_Valle_Laranja,5,0.0,0.0,0.0,0.0,0.0,0.0
70,Cabo de Santo Agostinho,CAB_L2,Del_Valle_Laranja,6,0.0,0.0,0.0,0.0,0.0,0.0
70,Cabo de Santo Agostinho,CAB_L2,Del_Valle_Laranja,7,4964.559999999998,0.0,0.0,0.0,4964.559999999998,0.0
70,Cabo de Santo Agostinho,CAB_L2,Del_Valle_Laranja,8,0.0,0.0,0.0,0.0,0.0,0.0
70,Cabo de Santo Agostinho,CAB_L2,Del_Valle_Laranja,9,0.0,0.0,0.0,0.0,0.0,0.0
70,Cabo de Santo Agostinho,CAB_L2,Del_Valle_Laranja,10,0.0,0.0,0.0,0.0,0.0,28192.25
70,Cabo de Santo Agostinho,CAB_L2,Del_Valle_Laranja,11,0.0,0.0,0.0,0.0,0.0,0.0
70,Cabo de Santo Agostinho,CAB_L2,Del_Valle_Laranja,12,0.0,0.0,0.0,0.0,0.0,0.0
70,Cabo de Santo Agostinho,CAB_L2,Del_Valle_Laranja,13,0.0,0.0,0.0,0.0,0.0,0.0
70,Cabo de Santo Agostinho,CAB_L2,Del_Valle_Laranja,14,0.0,0.0,0.0,0.0,0.0,0.0
70,Cabo de Santo Agostinho,CAB_L2,Del_Valle_Laranja,15,0.0,0.0,0.0,0.0,0.0,1908.78
70,Cabo de Santo Agostinho,CAB_L2,Fanta_Uva,1,0.0,0.0,0.0,0.0,0.0,0.0
70,Cabo de Santo Agostinho,CAB_L2,Fanta_Uva,2,0.0,0.0,0.0,0.0,0.0,0.0
70,Cabo de Santo Agostinho,CAB_L2,Fanta_Uva,3,0.0,0.0,0.0,0.0,0.0,0.0
70,Cabo de Santo Agostinho,CAB_L2,Fanta_Uva,4,0.0,0.0,0.0,0.0,0.0,0.0
70,Cabo de Santo Agostinho,CAB_L2,Fanta_Uva,5,0.0,0.0,0.0,0.0,0.0,0.0
70,Cabo de Santo Agostinho,CAB_L2,Fanta_Uva,6,0.0,0.0,0.0,0.0,0.0,0.0
70,Cabo de Santo Agostinho,CAB_L2,Fanta_Uva,7,0.0,0.0,0.0,0.0,0.0,0.0
70,Cabo de Santo Agostinho,CAB_L2,Fanta_Uva,8,0.0,0.0,0.0,0.0,0.0,10835.37
70,Cabo de Santo Agostinho,CAB_L2,Fanta_Uva,9,0.0,0.0,0.0,0.0,0.0,0.0
70,Cabo de Santo Agostinho,CAB_L2,Fanta_Uva,10,0.0,0.0,0.0,0.0,0.0,0.0
70,Cabo de Santo Agostinho,CAB_L2,Fanta_Uva,11,0.0,0.0,0.0,0.0,0.0,0.0
70,Cabo de Santo Agostinho,CAB_L2,Fanta_Uva,12,0.0,0.0,23290.43,0.0,0.0,23290.43
70,Cabo de Santo Agostinho,CAB_L2,Fanta_Uva,13,0.0,0.0,0.0,0.0,0.0,0.0
70,Cabo de Santo Agostinho,CAB_L2,Fanta_Uva,14,0.0,0.0,0.0,0.0,0.0,0.0
70,Cabo de Santo Agostinho,CAB_L2,Fanta_Uva,15,0.0,0.0,0.0,0.0,0.0,0.0
70,Cabo de Santo Agostinho,CAB_L2,Maguary_Maracuja,1,0.0,0.0,0.0,0.0,0.0,0.0
70,Cabo de Santo Agostinho,CAB_L2,Maguary_Maracuja,2,0.0,0.0,0.0,0.0,0.0,0.0
70,Cabo de Santo Agostinho,CAB_L2,Maguary_Maracuja,3,0.0,0.0,0.0,0.0,0.0,0.0
70,Cabo de Santo Agostinho,CAB_L2,Maguary_Maracuja,4,0.0,0.0,0.0,0.0,0.0,0.0
70,Cabo de Santo Agostinho,CAB_L2,Maguary_Maracuja,5,0.0,0.0,0.0,0.0,0.0,0.0
70,Cabo de Santo Agostinho,CAB_L2,Maguary_Maracuja,6,0.0,0.0,0.0,0.0,0.0,0.0
70,Cabo de Santo Agostinho,CAB_L2,Maguary_Maracuja,7,0.0,0.0,0.0,0.0,0.0,0.0
70,Cabo de Santo Agostinho,CAB_L2,Maguary_Maracuja,8,0.0,0.0,0.0,0.0,0.0,0.0
70,Cabo de Santo Agostinho,CAB_L2,Maguary_Maracuja,9,0.0,0.0,0.0,0.0,0.0,9359.16
70,Cabo de Santo Agostinho,CAB_L2,Maguary_Maracuja,10,0.0,0.0,0.0,0.0,0.0,0.0
70,Cabo de Santo Agostinho,CAB_L2,Maguary_Maracuja,11,0.0,0.0,0.0,0.0,0.0,0.0
70,Cabo de Santo Agostinho,CAB_L2,Maguary_Maracuja,12,0.0,0.0,0.0,0.0,0.0,0.0
70,Cabo de Santo Agostinho,CAB_L2,Maguary_Maracuja,13,0.0,0.0,0.0,0.0,0.0,0.0
70,Cabo de Santo Agostinho,CAB_L2,Maguary_Maracuja,14,0.0,0.0,0.0,0.0,0.0,7535.24
70,Cabo de Santo Agostinho,CAB_L2,Maguary_Maracuja,15,0.0,0.0,0.0,0.0,0.0,0.0
70,Cabo de Santo Agostinho,CAB_L2,Coca_Cola,1,11711.57,0.0,0.0,0.0,11711.57,0.0
70,Cabo de Santo Agostinho,CAB_L2,Coca_Cola,2,0.0,0.0,0.0,0.0,0.0,0.0
70,Cabo de Santo Agostinho,CAB_L2,Coca_Cola,3,0.0,0.0,0.0,0.0,0.0,0.0
70,Cabo de Santo Agostinho,CAB_L2,Coca_Cola,4,25711.2,0.0,0.0,0.0,25711.2,0.0
70,Cabo de Santo Agostinho,CAB_L2,Coca_Cola,5,4865.3,0.0,0.0,0.0,4865.3,0.0
70,Cabo de Santo Agostinho,CAB_L2,Coca_Cola,6,12533.320000000014,0.0,0.0,0.0,12533.320000000014,0.0
70,Cabo de Santo Agostinho,CAB_L2,Coca_Cola,7,7854.94,0.0,0.0,0.0,7854.94,0.0
70,Cabo de Santo Agostinho,CAB_L2,Coca_Cola,8,4539.33,0.0,4539.33,0.0,0.0,0.0
70,Cabo de Santo Agostinho,CAB_L2,Coca_Cola,9,0.0,0.0,0.0,0.0,0.0,0.0
70,Cabo de Santo Agostinho,CAB_L2,Coca_Cola,10,0.0,0.0,0.0,0.0,0.0,0.0
70,Cabo de Santo Agostinho,CAB_L2,Coca_Cola,11,0.0,0.0,0.0,0.0,0.0,0.0
70,Cabo de Santo Agostinho,CAB_L2,Coca_Cola,12,20581.08,0.0,0.0,0.0,20581.08,0.0
70,Cabo de Santo Agostinho,CAB_L2,Coca_Cola,13,0.0,0.0,0.0,0.0,0.0,0.0
70,Cabo de Santo Agostinho,CAB_L2,Coca_Cola,14,0.0,0.0,0.0,0.0,0.0,0.0
70,Cabo de Santo Agostinho,CAB_L2,Coca_Cola,15,0.0,0.0,0.0,0.0,0.0,6355.54
70,Cabo de Santo Agostinho,CAB_L2,H2OH_Limao,1,0.0,0.0,0.0,0.0,0.0,5709.65
70,Cabo de Santo Agostinho,CAB_L2,H2OH_Limao,2,0.0,0.0,23311.8,0.0,0.0,23311.8
70,Cabo de Santo Agostinho,CAB_L2,H2OH_Limao,3,0.0,0.0,0.0,0.0,0.0,31077.2
70,Cabo de Santo Agostinho,CAB_L2,H2OH_Limao,4,0.0,0.0,0.0,0.0,0.0,0.0
70,Cabo de Santo Agostinho,CAB_L2,H2OH_Limao,5,0.0,0.0,0.0,0.0,0.0,0.0
70,Cabo de Santo Agostinho,CAB_L2,H2OH_Limao,6,0.0,0.0,0.0,0.0,0.0,0.0
70,Cabo de Santo Agostinho,CAB_L2,H2OH_Limao,7,0.0,0.0,0.0,0.0,0.0,26817.61
70,Cabo de Santo Agostinho,CAB_L2,H2OH_Limao,8,0.0,0.0,9372.17,0.0,0.0,9372.17
70,Cabo de Santo Agostinho,CAB_L2,H2OH_Limao,9,0.0,0.0,0.0,0.0,0.0,0.0
70,Cabo de Santo Agostinho,CAB_L2,H2OH_Limao,10,0.0,0.0,0.0,0.0,0.0,0.0
70,Cabo de Santo Agostinho,CAB_L2,H2OH_Limao,11,0.0,0.0,0.0,0.0,0.0,20055.98
70,Cabo de Santo Agostinho,CAB_L2,H2OH_Limao,12,0.0,0.0,0.0,0.0,0.0,0.0
70,Cabo de Santo Agostinho,CAB_L2,H2OH_Limao,13,0.0,0.0,0.0,0.0,0.0,0.0
70,Cabo de Santo Agostinho,CAB_L2,H2OH_Limao,14,0.0,0.0,0.0,0.0,0.0,0.0
70,Cabo de Santo Agostinho,CAB_L2,H2OH_Limao,15,0.0,0.0,0.0,0.0,0.0,0.0
70,Cabo de Santo Agostinho,CAB_L2,Schweppes_Citrus,1,0.0,0.0,6846.72,0.0,0.0,6846.72
70,Cabo de Santo Agostinho,CAB_L2,Schweppes_Citrus,2,0.0,0.0,0.0,0.0,0.0,0.0
70,Cabo de Santo Agostinho,CAB_L2,Schweppes_Citrus,3,0.0,0.0,0.0,0.0,0.0,0.0
70,Cabo de Santo Agostinho,CAB_L2,Schweppes_Citrus,4,0.0,0.0,0.0,0.0,0.0,0.0
70,Cabo de Santo Agostinho,CAB_L2,Schweppes_Citrus,5,0.0,0.0,22638.75,0.0,0.0,42114.72
70,Cabo de Santo Agostinho,CAB_L2,Schweppes_Citrus,6,0.0,0.0,0.0,0.0,0.0,0.0
70,Cabo de Santo Agostinho,CAB_L2,Schweppes_Citrus,7,0.0,0.0,0.0,0.0,0.0,0.0
70,Cabo de Santo Agostinho,CAB_L2,Schweppes_Citrus,8,0.0,0.0,0.0,0.0,0.0,0.0
70,Cabo de Santo Agostinho,CAB_L2,Schweppes_Citrus,9,0.0,0.0,0.0,0.0,0.0,0.0
70,Cabo de Santo Agostinho,CAB_L2,Schweppes_Citrus,10,0.0,0.0,0.0,0.0,0.0,0.0
70,Cabo de Santo Agostinho,CAB_L2,Schweppes_Citrus,11,0.0,0.0,0.0,0.0,0.0,0.0
70,Cabo de Santo Agostinho,CAB_L2,Schweppes_Citrus,12,0.0,0.0,0.0,0.0,0.0,0.0
70,Cabo de Santo Agostinho,CAB_L2,Schweppes_Citrus,13,0.0,0.0,0.0,0.0,0.0,0.0
70,Cabo de Santo Agostinho,CAB_L2,Schweppes_Citrus,14,0.0,0.0,0.0,0.0,0.0,11146.27
70,Cabo de Santo Agostinho,CAB_L2,Schweppes_Citrus,15,0.0,0.0,0.0,0.0,0.0,0.0
70,Cabo de Santo Agostinho,CAB_L2,Sprite,1,0.0,0.0,0.0,0.0,0.0,0.0
70,Cabo de Santo Agostinho,CAB_L2,Sprite,2,0.0,0.0,0.0,0.0,0.0,0.0
70,Cabo de Santo Agostinho,CAB_L2,Sprite,3,0.0,0.0,0.0,0.0,0.0,0.0
70,Cabo de Santo Agostinho,CAB_L2,Sprite,4,0.0,0.0,0.0,0.0,0.0,0.0
70,Cabo de Santo Agostinho,CAB_L2,Sprite,5,0.0,0.0,0.0,0.0,0.0,0.0
70,Cabo de Santo Agostinho,CAB_L2,Sprite,6,0.0,0.0,0.0,0.0,0.0,0.0
70,Cabo de Santo Agostinho,CAB_L2,Sprite,7,0.0,0.0,11198.95,0.0,0.0,11198.95
70,Cabo de Santo Agostinho,CAB_L2,Sprite,8,0.0,0.0,0.0,0.0,0.0,0.0
70,Cabo de Santo Agostinho,CAB_L2,Sprite,9,0.0,0.0,0.0,0.0,0.0,0.0
70,Cabo de Santo Agostinho,CAB_L2,Sprite,10,0.0,0.0,0.0,0.0,0.0,0.0
70,Cabo de Santo Agostinho,CAB_L2,Sprite,11,0.0,0.0,0.0,0.0,0.0,0.0
70,Cabo de Santo Agostinho,CAB_L2,Sprite,12,0.0,0.0,0.0,0.0,0.0,0.0
70,Cabo de Santo Agostinho,CAB_L2,Sprite,13,0.0,0.0,0.0,0.0,0.0,0.0
70,Cabo de Santo Agostinho,CAB_L2,Sprite,14,0.0,0.0,0.0,0.0,0.0,0.0
70,Cabo de Santo Agostinho,CAB_L2,Sprite,15,0.0,0.0,0.0,0.0,0.0,0.0
70,Cabo de Santo Agostinho,CAB_L2,Del_Valle_Uva,1,0.0,0.0,0.0,0.0,0.0,0.0
70,Cabo de Santo Agostinho,CAB_L2,Del_Valle_Uva,2,0.0,0.0,0.0,0.0,0.0,31913.65
70,Cabo de Santo Agostinho,CAB_L2,Del_Valle_Uva,3,0.0,0.0,0.0,0.0,0.0,0.0
70,Cabo de Santo Agostinho,CAB_L2,Del_Valle_Uva,4,0.0,0.0,0.0,0.0,0.0,0.0
70,Cabo de Santo Agostinho,CAB_L2,Del_Valle_Uva,5,0.0,0.0,0.0,0.0,0.0,0.0
70,Cabo de Santo Agostinho,CAB_L2,Del_Valle_Uva,6,0.0,0.0,0.0,0.0,0.0,0.0
70,Cabo de Santo Agostinho,CAB_L2,Del_Valle_Uva,7,0.0,0.0,0.0,0.0,0.0,0.0
70,Cabo de Santo Agostinho,CAB_L2,Del_Valle_Uva,8,0.0,0.0,0.0,0.0,0.0,0.0
70,Cabo de Santo Agostinho,CAB_L2,Del_Valle_Uva,9,0.0,0.0,0.0,0.0,0.0,0.0
70,Cabo de Santo Agostinho,CAB_L2,Del_Valle_Uva,10,0.0,0.0,0.0,0.0,0.0,0.0
70,Cabo de Santo Agostinho,CAB_L2,Del_Valle_Uva,11,0.0,0.0,0.0,0.0,0.0,0.0
70,Cabo de Santo Agostinho,CAB_L2,Del_Valle_Uva,12,0.0,0.0,0.0,0.0,0.0,0.0
70,Cabo de Santo Agostinho,CAB_L2,Del_Valle_Uva,13,0.0,0.0,0.0,0.0,0.0,0.0
70,Cabo de Santo Agostinho,CAB_L2,Del_Valle_Uva,14,0.0,0.0,0.0,0.0,0.0,0.0
70,Cabo de Santo Agostinho,CAB_L2,Del_Valle_Uva,15,0.0,0.0,0.0,0.0,0.0,0.0
70,Cabo de Santo Agostinho,CAB_L2,Pepsi,1,0.0,0.0,794.94,0.0,0.0,794.94
70,Cabo de Santo Agostinho,CAB_L2,Pepsi,2,0.0,0.0,0.0,0.0,0.0,0.0
70,Cabo de Santo Agostinho,CAB_L2,Pepsi,3,0.0,0.0,9048.8,0.0,0.0,9048.8
70,Cabo de Santo Agostinho,CAB_L2,Pepsi,4,0.0,0.0,0.0,0.0,0.0,0.0
70,Cabo de Santo Agostinho,CAB_L2,Pepsi,5,0.0,0.0,0.0,0.0,0.0,0.0
70,Cabo de Santo Agostinho,CAB_L2,Pepsi,6,0.0,0.0,0.0,0.0,0.0,0.0
70,Cabo de Santo Agostinho,CAB_L2,Pepsi,7,0.0,0.0,0.0,0.0,0.0,0.0
70,Cabo de Santo Agostinho,CAB_L2,Pepsi,8,0.0,0.0,0.0,0.0,0.0,0.0
70,Cabo de Santo Agostinho,CAB_L2,Pepsi,9,0.0,0.0,0.0,0.0,0.0,0.0
70,Cabo de Santo Agostinho,CAB_L2,Pepsi,10,0.0,0.0,0.0,0.0,0.0,0.0
70,Cabo de Santo Agostinho,CAB_L2,Pepsi,11,0.0,0.0,0.0,0.0,16121.05,16121.05
70,Cabo de Santo Agostinho,CAB_L2,Pepsi,12,0.0,0.0,0.0,0.0,0.0,0.0
70,Cabo de Santo Agostinho,CAB_L2,Pepsi,13,0.0,0.0,0.0,0.0,0.0,0.0
70,Cabo de Santo Agostinho,CAB_L2,Pepsi,14,0.0,0.0,0.0,0.0,0.0,0.0
70,Cabo de Santo Agostinho,CAB_L2,Pepsi,15,0.0,0.0,0.0,0.0,0.0,0.0
70,Cabo de Santo Agostinho,CAB_L3,Fanta_Laranja,1,0.0,0.0,9669.53,0.0,0.0,9669.53
70,Cabo de Santo Agostinho,CAB_L3,Fanta_Laranja,2,0.0,0.0,0.0,0.0,0.0,0.0
70,Cabo de Santo Agostinho,CAB_L3,Fanta_Laranja,3,0.0,0.0,0.0,0.0,0.0,0.0
70,Cabo de Santo Agostinho,CAB_L3,Fanta_Laranja,4,0.0,0.0,0.0,0.0,0.0,0.0
70,Cabo de Santo Agostinho,CAB_L3,Fanta_Laranja,5,0.0,0.0,0.0,0.0,0.0,25580.67
70,Cabo de Santo Agostinho,CAB_L3,Fanta_Laranja,6,0.0,0.0,0.0,0.0,0.0,16168.270000000019
70,Cabo de Santo Agostinho,CAB_L3,Fanta_Laranja,7,0.0,0.0,0.0,0.0,0.0,0.0
70,Cabo de Santo Agostinho,CAB_L3,Fanta_Laranja,8,0.0,0.0,0.0,0.0,0.0,0.0
70,Cabo de Santo Agostinho,CAB_L3,Fanta_Laranja,9,0.0,0.0,0.0,0.0,0.0,0.0
70,Cabo de Santo Agostinho,CAB_L3,Fanta_Laranja,10,0.0,0.0,0.0,0.0,0.0,0.0
70,Cabo de Santo Agostinho,CAB_L3,Fanta_Laranja,11,0.0,0.0,0.0,0.0,0.0,0.0
70,Cabo de Santo Agostinho,CAB_L3,Fanta_Laranja,12,0.0,0.0,0.0,0.0,0.0,0.0
70,Cabo de Santo Agostinho,CAB_L3,Fanta_Laranja,13,0.0,0.0,0.0,0.0,0.0,0.0
70,Cabo de Santo Agostinho,CAB_L3,Fanta_Laranja,14,0.0,0.0,0.0,0.0,13800.679999999995,0.0
70,Cabo de Santo Agostinho,CAB_L3,Fanta_Laranja,15,0.0,0.0,0.0,0.0,0.0,11142.4
70,Cabo de Santo Agostinho,CAB_L3,Itubaina,1,0.0,0.0,0.0,0.0,0.0,0.0
70,Cabo de Santo Agostinho,CAB_L3,Itubaina,2,0.0,0.0,0.0,0.0,0.0,0.0
70,Cabo de Santo Agostinho,CAB_L3,Itubaina,3,0.0,0.0,0.0,0.0,0.0,0.0
70,Cabo de Santo Agostinho,CAB_L3,Itubaina,4,0.0,0.0,0.0,0.0,0.0,13475.29
70,Cabo de Santo Agostinho,CAB_L3,Itubaina,5,0.0,0.0,0.0,0.0,14120.93,14120.93
70,Cabo de Santo Agostinho,CAB_L3,Itubaina,6,0.0,0.0,17028.84,0.0,0.0,17028.84
70,Cabo de Santo Agostinho,CAB_L3,Itubaina,7,0.0,0.0,0.0,0.0,0.0,0.0
70,Cabo de Santo Agostinho,CAB_L3,Itubaina,8,0.0,0.0,0.0,0.0,0.0,0.0
70,Cabo de Santo Agostinho,CAB_L3,Itubaina,9,0.0,0.0,0.0,0.0,28739.52,28739.52
70,Cabo de Santo Agostinho,CAB_L3,Itubaina,10,0.0,0.0,0.0,0.0,0.0,0.0
70,Cabo de Santo Agostinho,CAB_L3,Itubaina,11,0.0,0.0,0.0,0.0,0.0,0.0
70,Cabo de Santo Agostinho,CAB_L3,Itubaina,12,0.0,0.0,0.0,0.0,7419.1,7419.1
70,Cabo de Santo Agostinho,CAB_L3,Itubaina,13,0.0,0.0,0.0,0.0,8629.05,8629.05
70,Cabo de Santo Agostinho,CAB_L3,Itubaina,14,0.0,0.0,0.0,0.0,0.0,0.0
70,Cabo de Santo Agostinho,CAB_L3,Itubaina,15,0.0,0.0,0.0,0.0,0.0,0.0
70,Cabo de Santo Agostinho,CAB_L3,Skol_Lata,1,0.0,0.0,0.0,0.0,0.0,16416.3
70,Cabo de Santo Agostinho,CAB_L3,Skol_Lata,2,0.0,0.0,0.0,0.0,0.0,0.0
70,Cabo de Santo Agostinho,CAB_L3,Skol_Lata,3,0.0,0.0,0.0,0.0,0.0,8739.04
70,Cabo de Santo Agostinho,CAB_L3,Skol_Lata,4,0.0,0.0,15205.91,0.0,0.0,15205.91
70,Cabo de Santo Agostinho,CAB_L3,Skol_Lata,5,0.0,0.0,0.0,0.0,0.0,0.0
70,Cabo de Santo Agostinho,CAB_L3,Skol_Lata,6,0.0,0.0,0.0,0.0,0.0,0.0
70,Cabo de Santo Agostinho,CAB_L3,Skol_Lata,7,0.0,0.0,0.0,0.0,0.0,0.0
70,Cabo de Santo Agostinho,CAB_L3,Skol_Lata,8,0.0,0.0,0.0,0.0,0.0,0.0
70,Cabo de Santo Agostinho,CAB_L3,Skol_Lata,9,0.0,0.0,0.0,0.0,0.0,0.0
70,Cabo de Santo Agostinho,CAB_L3,Skol_Lata,10,0.0,0.0,0.0,0.0,0.0,7829.3
70,Cabo de Santo Agostinho,CAB_L3,Skol_Lata,11,0.0,0.0,0.0,0.0,0.0,16554.88
70,Cabo de Santo Agostinho,CAB_L3,Skol_Lata,12,0.0,0.0,0.0,0.0,0.0,0.0
70,Cabo de Santo Agostinho,CAB_L3,Skol_Lata,13,0.0,0.0,0.0,0.0,0.0,0.0
70,Cabo de Santo Agostinho,CAB_L3,Skol_Lata,14,0.0,0.0,13493.35,0.0,0.0,13493.35
70,Cabo de Santo Agostinho,CAB_L3,Skol_Lata,15,0.0,0.0,0.0,0.0,0.0,0.0
70,Cabo de Santo Agostinho,CAB_L3,Heineken_Lata,1,0.0,0.0,0.0,0.0,14275.19,0.0
70,Cabo de Santo Agostinho,CAB_L3,Heineken_Lata,2,0.0,0.0,0.0,0.0,14934.740000000002,689.71
70,Cabo de Santo Agostinho,CAB_L3,Heineken_Lata,3,0.0,0.0,0.0,0.0,18703.67,0.0
70,Cabo de Santo Agostinho,CAB_L3,Heineken_Lata,4,0.0,0.0,0.0,0.0,0.0,0.0
70,Cabo de Santo Agostinho,CAB_L3,Heineken_Lata,5,0.0,0.0,0.0,0.0,11719.12,0.0
70,Cabo de Santo Agostinho,CAB_L3,Heineken_Lata,6,0.0,0.0,0.0,0.0,0.0,0.0
70,Cabo de Santo Agostinho,CAB_L3,Heineken_Lata,7,0.0,0.0,0.0,0.0,7574.509999999998,0.0
70,Cabo de Santo Agostinho,CAB_L3,Heineken_Lata,8,0.0,0.0,0.0,0.0,7261.559999999998,0.0
70,Cabo de Santo Agostinho,CAB_L3,Heineken_Lata,9,0.0,0.0,0.0,0.0,0.0,0.0
70,Cabo de Santo Agostinho,CAB_L3,Heineken_Lata,10,0.0,0.0,0.0,0.0,1857.2399999999907,0.0
70,Cabo de Santo Agostinho,CAB_L3,Heineken_Lata,11,0.0,0.0,29663.74,0.0,19846.82,29663.74
70,Cabo de Santo Agostinho,CAB_L3,Heineken_Lata,12,0.0,0.0,0.0,0.0,35832.0,0.0
70,Cabo de Santo Agostinho,CAB_L3,Heineken_Lata,13,0.0,0.0,0.0,0.0,2165.579999999992,0.0
70,Cabo de Santo Agostinho,CAB_L3,Heineken_Lata,14,0.0,0.0,0.0,0.0,0.0,26418.97
70,Cabo de Santo Agostinho,CAB_L3,Heineken_Lata,15,0.0,0.0,0.0,0.0,28206.199999999997,0.0
70,Cabo de Santo Agostinho,CAB_L3,Coca_Cola_Zero,1,0.0,0.0,0.0,0.0,0.0,0.0
70,Cabo de Santo Agostinho,CAB_L3,Coca_Cola_Zero,2,0.0,0.0,0.0,0.0,0.0,0.0
70,Cabo de Santo Agostinho,CAB_L3,Coca_Cola_Zero,3,0.0,0.0,0.0,0.0,2345.9500000000044,0.0
70,Cabo de Santo Agostinho,CAB_L3,Coca_Cola_Zero,4,0.0,0.0,0.0,0.0,0.0,0.0
70,Cabo de Santo Agostinho,CAB_L3,Coca_Cola_Zero,5,0.0,0.0,5657.41,0.0,0.0,5657.41
70,Cabo de Santo Agostinho,CAB_L3,Coca_Cola_Zero,6,0.0,0.0,0.0,0.0,0.0,0.0
70,Cabo de Santo Agostinho,CAB_L3,Coca_Cola_Zero,7,0.0,0.0,0.0,0.0,0.0,0.0
70,Cabo de Santo Agostinho,CAB_L3,Coca_Cola_Zero,8,0.0,0.0,0.0,0.0,0.0,0.0
70,Cabo de Santo Agostinho,CAB_L3,Coca_Cola_Zero,9,0.0,0.0,0.0,0.0,0.0,15150.4
70,Cabo de Santo Agostinho,CAB_L3,Coca_Cola_Zero,10,0.0,0.0,0.0,0.0,28143.24,28143.24
70,Cabo de Santo Agostinho,CAB_L3,Coca_Cola_Zero,11,0.0,0.0,0.0,0.0,0.0,0.0
70,Cabo de Santo Agostinho,CAB_L3,Coca_Cola_Zero,12,0.0,0.0,0.0,0.0,0.0,0.0
70,Cabo de Santo Agostinho,CAB_L3,Coca_Cola_Zero,13,0.0,0.0,0.0,0.0,0.0,0.0
70,Cabo de Santo Agostinho,CAB_L3,Coca_Cola_Zero,14,0.0,0.0,0.0,0.0,0.0,0.0
70,Cabo de Santo Agostinho,CAB_L3,Coca_Cola_Zero,15,0.0,0.0,0.0,0.0,0.0,0.0
70,Cabo de Santo Agostinho,CAB_L3,Antarctica_Lata,1,30833.680000000004,0.0,0.0,0.0,30833.68,0.0
70,Cabo de Santo Agostinho,CAB_L3,Antarctica_Lata,2,37344.0,0.0,0.0,0.0,37344.0,0.0
70,Cabo de Santo Agostinho,CAB_L3,Antarctica_Lata,3,26411.04,0.0,0.0,0.0,26411.04,0.0
70,Cabo de Santo Agostinho,CAB_L3,Antarctica_Lata,4,16169.4,0.0,0.0,0.0,16169.4,0.0
70,Cabo de Santo Agostinho,CAB_L3,Antarctica_Lata,5,28240.34,0.0,0.0,0.0,28240.34,0.0
70,Cabo de Santo Agostinho,CAB_L3,Antarctica_Lata,6,10594.810000000003,0.0,0.0,0.0,10594.810000000003,0.0
70,Cabo de Santo Agostinho,CAB_L3,Antarctica_Lata,7,20074.539999999997,0.0,0.0,0.0,20074.539999999997,0.0
70,Cabo de Santo Agostinho,CAB_L3,Antarctica_Lata,8,23201.68,0.0,3605.84,0.0,19595.84,0.0
70,Cabo de Santo Agostinho,CAB_L3,Antarctica_Lata,9,17493.86,0.0,0.0,0.0,17493.86,0.0
70,Cabo de Santo Agostinho,CAB_L3,Antarctica_Lata,10,12559.27,0.0,0.0,0.0,12559.27,0.0
70,Cabo de Santo Agostinho,CAB_L3,Antarctica_Lata,11,11561.13,0.0,0.0,0.0,11561.13,0.0
70,Cabo de Santo Agostinho,CAB_L3,Antarctica_Lata,12,23104.72,0.0,0.0,0.0,23104.72,0.0
70,Cabo de Santo Agostinho,CAB_L3,Antarctica_Lata,13,37176.0,0.0,0.0,0.0,37176.0,0.0
70,Cabo de Santo Agostinho,CAB_L3,Antarctica_Lata,14,36792.0,0.0,0.0,0.0,36792.0,0.0
70,Cabo de Santo Agostinho,CAB_L3,Antarctica_Lata,15,18335.260000000002,0.0,0.0,0.0,18335.260000000002,0.0
70,Cabo de Santo Agostinho,CAB_L3,Spaten_Lata,1,0.0,0.0,0.0,0.0,3674.44,0.0
70,Cabo de Santo Agostinho,CAB_L3,Spaten_Lata,2,0.0,0.0,0.0,0.0,26157.28,0.0
70,Cabo de Santo Agostinho,CAB_L3,Spaten_Lata,3,0.0,0.0,0.0,0.0,19720.33,0.0
70,Cabo de Santo Agostinho,CAB_L3,Spaten_Lata,4,0.0,0.0,0.0,0.0,37440.0,0.0
70,Cabo de Santo Agostinho,CAB_L3,Spaten_Lata,5,0.0,0.0,0.0,0.0,7885.0,0.0
70,Cabo de Santo Agostinho,CAB_L3,Spaten_Lata,6,0.0,0.0,0.0,0.0,0.0,0.0
70,Cabo de Santo Agostinho,CAB_L3,Spaten_Lata,7,0.0,0.0,0.0,0.0,29889.49,0.0
70,Cabo de Santo Agostinho,CAB_L3,Spaten_Lata,8,0.0,0.0,0.0,0.0,33970.44,0.0
70,Cabo de Santo Agostinho,CAB_L3,Spaten_Lata,9,0.0,0.0,0.0,0.0,40319.99999999999,0.0
70,Cabo de Santo Agostinho,CAB_L3,Spaten_Lata,10,0.0,0.0,0.0,0.0,25020.510000000002,0.0
70,Cabo de Santo Agostinho,CAB_L3,Spaten_Lata,11,0.0,0.0,0.0,0.0,13985.32,0.0
70,Cabo de Santo Agostinho,CAB_L3,Spaten_Lata,12,0.0,0.0,0.0,0.0,0.0,0.0
70,Cabo de Santo Agostinho,CAB_L3,Spaten_Lata,13,0.0,0.0,0.0,0.0,37098.420000000006,0.0
70,Cabo de Santo Agostinho,CAB_L3,Spaten_Lata,14,0.0,0.0,0.0,0.0,33912.0,0.0
70,Cabo de Santo Agostinho,CAB_L3,Spaten_Lata,15,0.0,0.0,0.0,0.0,0.0,0.0
70,Cabo de Santo Agostinho,CAB_L3,Maguary_Caju,1,0.0,0.0,0.0,0.0,0.0,20337.4
70,Cabo de Santo Agostinho,CAB_L3,Maguary_Caju,2,0.0,0.0,0.0,0.0,0.0,0.0
70,Cabo de Santo Agostinho,CAB_L3,Maguary_Caju,3,0.0,0.0,0.0,0.0,0.0,0.0
70,Cabo de Santo Agostinho,CAB_L3,Maguary_Caju,4,0.0,0.0,0.0,0.0,0.0,0.0
70,Cabo de Santo Agostinho,CAB_L3,Maguary_Caju,5,0.0,0.0,0.0,0.0,0.0,0.0
70,Cabo de Santo Agostinho,CAB_L3,Maguary_Caju,6,0.0,0.0,0.0,0.0,0.0,0.0
70,Cabo de Santo Agostinho,CAB_L3,Maguary_Caju,7,0.0,0.0,0.0,0.0,0.0,0.0
70,Cabo de Santo Agostinho,CAB_L3,Maguary_Caju,8,0.0,0.0,0.0,0.0,0.0,0.0
70,Cabo de Santo Agostinho,CAB_L3,Maguary_Caju,9,0.0,0.0,0.0,0.0,0.0,0.0
70,Cabo de Santo Agostinho,CAB_L3,Maguary_Caju,10,0.0,0.0,0.0,0.0,0.0,0.0
70,Cabo de Santo Agostinho,CAB_L3,Maguary_Caju,11,0.0,0.0,0.0,0.0,0.0,0.0
70,Cabo de Santo Agostinho,CAB_L3,Maguary_Caju,12,0.0,0.0,0.0,0.0,0.0,0.0
70,Cabo de Santo Agostinho,CAB_L3,Maguary_Caju,13,0.0,0.0,0.0,0.0,0.0,0.0
70,Cabo de Santo Agostinho,CAB_L3,Maguary_Caju,14,0.0,0.0,0.0,0.0,0.0,0.0
70,Cabo de Santo Agostinho,CAB_L3,Maguary_Caju,15,0.0,0.0,0.0,0.0,0.0,0.0
70,Cabo de Santo Agostinho,CAB_L3,Del_Valle_Pessego,1,0.0,0.0,0.0,0.0,0.0,6849.33
70,Cabo de Santo Agostinho,CAB_L3,Del_Valle_Pessego,2,0.0,0.0,0.0,0.0,0.0,0.0
70,Cabo de Santo Agostinho,CAB_L3,Del_Valle_Pessego,3,0.0,0.0,0.0,0.0,0.0,0.0
70,Cabo de Santo Agostinho,CAB_L3,Del_Valle_Pessego,4,0.0,0.0,0.0,0.0,0.0,0.0
70,Cabo de Santo Agostinho,CAB_L3,Del_Valle_Pessego,5,0.0,0.0,0.0,0.0,0.0,0.0
70,Cabo de Santo Agostinho,CAB_L3,Del_Valle_Pessego,6,0.0,0.0,0.0,0.0,0.0,0.0
70,Cabo de Santo Agostinho,CAB_L3,Del_Valle_Pessego,7,0.0,0.0,0.0,0.0,0.0,0.0
70,Cabo de Santo Agostinho,CAB_L3,Del_Valle_Pessego,8,0.0,0.0,0.0,0.0,0.0,0.0
70,Cabo de Santo Agostinho,CAB_L3,Del_Valle_Pessego,9,0.0,0.0,0.0,0.0,0.0,0.0
70,Cabo de Santo Agostinho,CAB_L3,Del_Valle_Pessego,10,0.0,0.0,0.0,0.0,0.0,0.0
70,Cabo de Santo Agostinho,CAB_L3,Del_Valle_Pessego,11,0.0,0.0,0.0,0.0,0.0,0.0
70,Cabo de Santo Agostinho,CAB_L3,Del_Valle_Pessego,12,0.0,0.0,0.0,0.0,0.0,0.0
70,Cabo de Santo Agostinho,CAB_L3,Del_Valle_Pessego,13,0.0,0.0,0.0,0.0,0.0,0.0
70,Cabo de Santo Agostinho,CAB_L3,Del_Valle_Pessego,14,0.0,0.0,0.0,0.0,0.0,0.0
70,Cabo de Santo Agostinho,CAB_L3,Del_Valle_Pessego,15,0.0,0.0,0.0,0.0,0.0,0.0
70,Cabo de Santo Agostinho,CAB_L3,Stella_Artois_Pure_Gold,1,0.0,0.0,0.0,0.0,0.0,0.0
70,Cabo de Santo Agostinho,CAB_L3,Stella_Artois_Pure_Gold,2,0.0,0.0,0.0,0.0,0.0,0.0
70,Cabo de Santo Agostinho,CAB_L3,Stella_Artois_Pure_Gold,3,0.0,0.0,0.0,0.0,0.0,0.0
70,Cabo de Santo Agostinho,CAB_L3,Stella_Artois_Pure_Gold,4,0.0,0.0,0.0,0.0,0.0,0.0
70,Cabo de Santo Agostinho,CAB_L3,Stella_Artois_Pure_Gold,5,0.0,0.0,0.0,0.0,0.0,0.0
70,Cabo de Santo Agostinho,CAB_L3,Stella_Artois_Pure_Gold,6,0.0,0.0,0.0,0.0,0.0,0.0
70,Cabo de Santo Agostinho,CAB_L3,Stella_Artois_Pure_Gold,7,0.0,0.0,0.0,0.0,0.0,0.0
70,Cabo de Santo Agostinho,CAB_L3,Stella_Artois_Pure_Gold,8,0.0,0.0,0.0,0.0,0.0,0.0
70,Cabo de Santo Agostinho,CAB_L3,Stella_Artois_Pure_Gold,9,0.0,0.0,0.0,0.0,0.0,0.0
70,Cabo de Santo Agostinho,CAB_L3,Stella_Artois_Pure_Gold,10,0.0,0.0,0.0,0.0,0.0,0.0
70,Cabo de Santo Agostinho,CAB_L3,Stella_Artois_Pure_Gold,11,0.0,0.0,0.0,0.0,0.0,0.0
70,Cabo de Santo Agostinho,CAB_L3,Stella_Artois_Pure_Gold,12,0.0,0.0,0.0,0.0,0.0,0.0
70,Cabo de Santo Agostinho,CAB_L3,Stella_Artois_Pure_Gold,13,0.0,0.0,0.0,0.0,0.0,0.0
70,Cabo de Santo Agostinho,CAB_L3,Stella_Artois_Pure_Gold,14,0.0,0.0,0.0,0.0,0.0,0.0
70,Cabo de Santo Agostinho,CAB_L3,Stella_Artois_Pure_Gold,15,0.0,0.0,0.0,0.0,0.0,0.0
70,Cabo de Santo Agostinho,CAB_L3,Sprite_Zero,1,0.0,0.0,0.0,0.0,0.0,0.0
70,Cabo de Santo Agostinho,CAB_L3,Sprite_Zero,2,0.0,0.0,0.0,0.0,0.0,0.0
70,Cabo de Santo Agostinho,CAB_L3,Sprite_Zero,3,0.0,0.0,0.0,0.0,0.0,0.0
70,Cabo de Santo Agostinho,CAB_L3,Sprite_Zero,4,0.0,0.0,0.0,0.0,0.0,3862.58
70,Cabo de Santo Agostinho,CAB_L3,Sprite_Zero,5,0.0,0.0,0.0,0.0,0.0,0.0
70,Cabo de Santo Agostinho,CAB_L3,Sprite_Zero,6,0.0,0.0,0.0,0.0,0.0,0.0
70,Cabo de Santo Agostinho,CAB_L3,Sprite_Zero,7,0.0,0.0,0.0,0.0,0.0,0.0
70,Cabo de Santo Agostinho,CAB_L3,Sprite_Zero,8,0.0,0.0,0.0,0.0,0.0,0.0
70,Cabo de Santo Agostinho,CAB_L3,Sprite_Zero,9,0.0,0.0,12418.34,0.0,0.0,46037.9
70,Cabo de Santo Agostinho,CAB_L3,Sprite_Zero,10,0.0,0.0,0.0,0.0,0.0,16030.53
70,Cabo de Santo Agostinho,CAB_L3,Sprite_Zero,11,0.0,0.0,0.0,0.0,0.0,0.0
70,Cabo de Santo Agostinho,CAB_L3,Sprite_Zero,12,0.0,0.0,0.0,0.0,0.0,0.0
70,Cabo de Santo Agostinho,CAB_L3,Sprite_Zero,13,0.0,0.0,0.0,0.0,0.0,0.0
70,Cabo de Santo Agostinho,CAB_L3,Sprite_Zero,14,0.0,0.0,0.0,0.0,0.0,0.0
70,Cabo de Santo Agostinho,CAB_L3,Sprite_Zero,15,0.0,0.0,27392.44,0.0,0.0,36730.32
70,Cabo de Santo Agostinho,CAB_L3,Kuat,1,0.0,0.0,0.0,0.0,0.0,0.0
70,Cabo de Santo Agostinho,CAB_L3,Kuat,2,0.0,0.0,0.0,0.0,0.0,16638.64
70,Cabo de Santo Agostinho,CAB_L3,Kuat,3,0.0,0.0,0.0,0.0,0.0,0.0
70,Cabo de Santo Agostinho,CAB_L3,Kuat,4,0.0,0.0,0.0,0.0,0.0,0.0
70,Cabo de Santo Agostinho,CAB_L3,Kuat,5,0.0,0.0,0.0,0.0,0.0,0.0
70,Cabo de Santo Agostinho,CAB_L3,Kuat,6,0.0,0.0,0.0,0.0,0.0,0.0
70,Cabo de Santo Agostinho,CAB_L3,Kuat,7,0.0,0.0,0.0,0.0,0.0,0.0
70,Cabo de Santo Agostinho,CAB_L3,Kuat,8,0.0,0.0,0.0,0.0,0.0,0.0
70,Cabo de Santo Agostinho,CAB_L3,Kuat,9,0.0,0.0,0.0,0.0,0.0,0.0
70,Cabo de Santo Agostinho,CAB_L3,Kuat,10,0.0,0.0,0.0,0.0,0.0,25914.310000000005
70,Cabo de Santo Agostinho,CAB_L3,Kuat,11,0.0,0.0,0.0,0.0,0.0,0.0
70,Cabo de Santo Agostinho,CAB_L3,Kuat,12,0.0,0.0,0.0,0.0,0.0,22393.77
70,Cabo de Santo Agostinho,CAB_L3,Kuat,13,0.0,0.0,0.0,0.0,0.0,12732.29
70,Cabo de Santo Agostinho,CAB_L3,Kuat,14,0.0,0.0,0.0,0.0,0.0,0.0
70,Cabo de Santo Agostinho,CAB_L3,Kuat,15,0.0,0.0,0.0,0.0,0.0,0.0
70,Cabo de Santo Agostinho,CAB_L3,Sukita_Laranja,1,0.0,0.0,0.0,0.0,0.0,0.0
70,Cabo de Santo Agostinho,CAB_L3,Sukita_Laranja,2,0.0,0.0,0.0,0.0,0.0,0.0
70,Cabo de Santo Agostinho,CAB_L3,Sukita_Laranja,3,0.0,0.0,0.0,0.0,0.0,0.0
70,Cabo de Santo Agostinho,CAB_L3,Sukita_Laranja,4,0.0,0.0,0.0,0.0,0.0,0.0
70,Cabo de Santo Agostinho,CAB_L3,Sukita_Laranja,5,0.0,0.0,0.0,0.0,0.0,0.0
70,Cabo de Santo Agostinho,CAB_L3,Sukita_Laranja,6,0.0,0.0,0.0,0.0,0.0,0.0
70,Cabo de Santo Agostinho,CAB_L3,Sukita_Laranja,7,0.0,0.0,0.0,0.0,0.0,0.0
70,Cabo de Santo Agostinho,CAB_L3,Sukita_Laranja,8,0.0,0.0,0.0,0.0,0.0,0.0
70,Cabo de Santo Agostinho,CAB_L3,Sukita_Laranja,9,0.0,0.0,0.0,0.0,0.0,0.0
70,Cabo de Santo Agostinho,CAB_L3,Sukita_Laranja,10,0.0,0.0,0.0,0.0,0.0,0.0
70,Cabo de Santo Agostinho,CAB_L3,Sukita_Laranja,11,0.0,0.0,0.0,0.0,0.0,0.0
70,Cabo de Santo Agostinho,CAB_L3,Sukita_Laranja,12,0.0,0.0,0.0,0.0,0.0,0.0
70,Cabo de Santo Agostinho,CAB_L3,Sukita_Laranja,13,0.0,0.0,0.0,0.0,0.0,0.0
70,Cabo de Santo Agostinho,CAB_L3,Sukita_Laranja,14,0.0,0.0,0.0,0.0,0.0,0.0
70,Cabo de Santo Agostinho,CAB_L3,Sukita_Laranja,15,0.0,0.0,0.0,0.0,0.0,0.0
70,Cabo de Santo Agostinho,CAB_L3,Budweiser_Lata,1,0.0,0.0,0.0,0.0,0.0,0.0
70,Cabo de Santo Agostinho,CAB_L3,Budweiser_Lata,2,0.0,0.0,0.0,0.0,28101.26,0.0
70,Cabo de Santo Agostinho,CAB_L3,Budweiser_Lata,3,0.0,0.0,0.0,0.0,11011.89,0.0
70,Cabo de Santo Agostinho,CAB_L3,Budweiser_Lata,4,0.0,0.0,0.0,0.0,10984.8,0.0
70,Cabo de Santo Agostinho,CAB_L3,Budweiser_Lata,5,0.0,0.0,0.0,0.0,8585.73,0.0
70,Cabo de Santo Agostinho,CAB_L3,Budweiser_Lata,6,0.0,0.0,10917.7,0.0,16152.62,10917.7
70,Cabo de Santo Agostinho,CAB_L3,Budweiser_Lata,7,0.0,0.0,0.0,0.0,3372.2700000000004,0.0
70,Cabo de Santo Agostinho,CAB_L3,Budweiser_Lata,8,0.0,0.0,0.0,0.0,21055.000000000007,830.32
70,Cabo de Santo Agostinho,CAB_L3,Budweiser_Lata,9,0.0,0.0,4775.58,0.0,42887.99999999999,4775.58
70,Cabo de Santo Agostinho,CAB_L3,Budweiser_Lata,10,0.0,0.0,0.0,0.0,37464.0,0.0
70,Cabo de Santo Agostinho,CAB_L3,Budweiser_Lata,11,0.0,0.0,0.0,0.0,27726.42,0.0
70,Cabo de Santo Agostinho,CAB_L3,Budweiser_Lata,12,0.0,0.0,0.0,0.0,14842.919999999998,0.0
70,Cabo de Santo Agostinho,CAB_L3,Budweiser_Lata,13,0.0,0.0,13176.32,0.0,38304.0,13176.32
70,Cabo de Santo Agostinho,CAB_L3,Budweiser_Lata,14,0.0,0.0,0.0,0.0,23231.32,0.0
70,Cabo de Santo Agostinho,CAB_L3,Budweiser_Lata,15,0.0,0.0,0.0,0.0,11710.45,0.0
70,Cabo de Santo Agostinho,CAB_L3,Guarana_Antarctica_Zero,1,0.0,0.0,10716.47,0.0,0.0,10716.47
70,Cabo de Santo Agostinho,CAB_L3,Guarana_Antarctica_Zero,2,0.0,0.0,0.0,0.0,0.0,12122.63
70,Cabo de Santo Agostinho,CAB_L3,Guarana_Antarctica_Zero,3,0.0,0.0,0.0,0.0,0.0,0.0
70,Cabo de Santo Agostinho,CAB_L3,Guarana_Antarctica_Zero,4,0.0,0.0,0.0,0.0,0.0,5557.63
70,Cabo de Santo Agostinho,CAB_L3,Guarana_Antarctica_Zero,5,0.0,0.0,0.0,0.0,0.0,0.0
70,Cabo de Santo Agostinho,CAB_L3,Guarana_Antarctica_Zero,6,0.0,0.0,0.0,0.0,0.0,0.0
70,Cabo de Santo Agostinho,CAB_L3,Guarana_Antarctica_Zero,7,0.0,0.0,26872.59,0.0,0.0,26872.59
70,Cabo de Santo Agostinho,CAB_L3,Guarana_Antarctica_Zero,8,0.0,0.0,0.0,0.0,0.0,0.0
70,Cabo de Santo Agostinho,CAB_L3,Guarana_Antarctica_Zero,9,0.0,0.0,0.0,0.0,0.0,0.0
70,Cabo de Santo Agostinho,CAB_L3,Guarana_Antarctica_Zero,10,0.0,0.0,0.0,0.0,0.0,0.0
70,Cabo de Santo Agostinho,CAB_L3,Guarana_Antarctica_Zero,11,0.0,0.0,0.0,0.0,0.0,0.0
70,Cabo de Santo Agostinho,CAB_L3,Guarana_Antarctica_Zero,12,0.0,0.0,0.0,0.0,0.0,0.0
70,Cabo de Santo Agostinho,CAB_L3,Guarana_Antarctica_Zero,13,0.0,0.0,0.0,0.0,0.0,0.0
70,Cabo de Santo Agostinho,CAB_L3,Guarana_Antarctica_Zero,14,0.0,0.0,0.0,0.0,0.0,0.0
70,Cabo de Santo Agostinho,CAB_L3,Guarana_Antarctica_Zero,15,0.0,0.0,0.0,0.0,0.0,0.0
70,Cabo de Santo Agostinho,CAB_L3,Itaipava_Lata,1,0.0,0.0,0.0,0.0,0.0,0.0
70,Cabo de Santo Agostinho,CAB_L3,Itaipava_Lata,2,0.0,0.0,0.0,0.0,0.0,0.0
70,Cabo de Santo Agostinho,CAB_L3,Itaipava_Lata,3,0.0,0.0,0.0,0.0,0.0,0.0
70,Cabo de Santo Agostinho,CAB_L3,Itaipava_Lata,4,0.0,0.0,0.0,0.0,0.0,0.0
70,Cabo de Santo Agostinho,CAB_L3,Itaipava_Lata,5,0.0,0.0,0.0,0.0,0.0,0.0
70,Cabo de Santo Agostinho,CAB_L3,Itaipava_Lata,6,0.0,0.0,0.0,0.0,0.0,2863.98
70,Cabo de Santo Agostinho,CAB_L3,Itaipava_Lata,7,0.0,0.0,0.0,0.0,0.0,0.0
70,Cabo de Santo Agostinho,CAB_L3,Itaipava_Lata,8,0.0,0.0,0.0,0.0,0.0,0.0
70,Cabo de Santo Agostinho,CAB_L3,Itaipava_Lata,9,0.0,0.0,0.0,0.0,0.0,0.0
70,Cabo de Santo Agostinho,CAB_L3,Itaipava_Lata,10,0.0,0.0,0.0,0.0,0.0,0.0
70,Cabo de Santo Agostinho,CAB_L3,Itaipava_Lata,11,0.0,0.0,0.0,0.0,0.0,0.0
70,Cabo de Santo Agostinho,CAB_L3,Itaipava_Lata,12,0.0,0.0,0.0,0.0,0.0,0.0
70,Cabo de Santo Agostinho,CAB_L3,Itaipava_Lata,13,0.0,0.0,11996.34,0.0,0.0,11996.34
70,Cabo de Santo Agostinho,CAB_L3,Itaipava_Lata,14,0.0,0.0,0.0,0.0,0.0,14986.01
70,Cabo de Santo Agostinho,CAB_L3,Itaipava_Lata,15,0.0,0.0,0.0,0.0,0.0,0.0
70,Cabo de Santo Agostinho,CAB_L3,Brahma_Lata,1,0.0,0.0,0.0,0.0,0.0,0.0
70,Cabo de Santo Agostinho,CAB_L3,Brahma_Lata,2,0.0,0.0,0.0,0.0,0.0,0.0
70,Cabo de Santo Agostinho,CAB_L3,Brahma_Lata,3,0.0,0.0,0.0,0.0,0.0,6885.88
70,Cabo de Santo Agostinho,CAB_L3,Brahma_Lata,4,0.0,0.0,10655.57,0.0,0.0,10655.57
70,Cabo de Santo Agostinho,CAB_L3,Brahma_Lata,5,0.0,0.0,0.0,0.0,0.0,0.0
70,Cabo de Santo Agostinho,CAB_L3,Brahma_Lata,6,0.0,0.0,0.0,0.0,0.0,0.0
70,Cabo de Santo Agostinho,CAB_L3,Brahma_Lata,7,0.0,0.0,0.0,0.0,0.0,0.0
70,Cabo de Santo Agostinho,CAB_L3,Brahma_Lata,8,0.0,0.0,0.0,0.0,0.0,0.0
70,Cabo de Santo Agostinho,CAB_L3,Brahma_Lata,9,0.0,0.0,0.0,0.0,0.0,0.0
70,Cabo de Santo Agostinho,CAB_L3,Brahma_Lata,10,0.0,0.0,0.0,0.0,0.0,0.0
70,Cabo de Santo Agostinho,CAB_L3,Brahma_Lata,11,0.0,0.0,0.0,0.0,0.0,0.0
70,Cabo de Santo Agostinho,CAB_L3,Brahma_Lata,12,0.0,0.0,0.0,0.0,0.0,0.0
70,Cabo de Santo Agostinho,CAB_L3,Brahma_Lata,13,0.0,0.0,0.0,0.0,0.0,0.0
70,Cabo de Santo Agostinho,CAB_L3,Brahma_Lata,14,0.0,0.0,0.0,0.0,0.0,0.0
70,Cabo de Santo Agostinho,CAB_L3,Brahma_Lata,15,0.0,0.0,0.0,0.0,0.0,0.0
70,Cabo de Santo Agostinho,CAB_L3,Eisenbahn_Pilsen,1,0.0,0.0,0.0,0.0,0.0,0.0
70,Cabo de Santo Agostinho,CAB_L3,Eisenbahn_Pilsen,2,0.0,0.0,0.0,0.0,0.0,0.0
70,Cabo de Santo Agostinho,CAB_L3,Eisenbahn_Pilsen,3,0.0,0.0,0.0,0.0,0.0,0.0
70,Cabo de Santo Agostinho,CAB_L3,Eisenbahn_Pilsen,4,0.0,0.0,0.0,0.0,4883.279999999994,4883.279999999994
70,Cabo de Santo Agostinho,CAB_L3,Eisenbahn_Pilsen,5,0.0,0.0,0.0,0.0,0.0,0.0
70,Cabo de Santo Agostinho,CAB_L3,Eisenbahn_Pilsen,6,0.0,0.0,0.0,0.0,0.0,13461.09
70,Cabo de Santo Agostinho,CAB_L3,Eisenbahn_Pilsen,7,0.0,0.0,0.0,0.0,0.0,0.0
70,Cabo de Santo Agostinho,CAB_L3,Eisenbahn_Pilsen,8,0.0,0.0,0.0,0.0,0.0,0.0
70,Cabo de Santo Agostinho,CAB_L3,Eisenbahn_Pilsen,9,0.0,0.0,0.0,0.0,0.0,0.0
70,Cabo de Santo Agostinho,CAB_L3,Eisenbahn_Pilsen,10,0.0,0.0,0.0,0.0,0.0,0.0
70,Cabo de Santo Agostinho,CAB_L3,Eisenbahn_Pilsen,11,0.0,0.0,0.0,0.0,0.0,0.0
70,Cabo de Santo Agostinho,CAB_L3,Eisenbahn_Pilsen,12,0.0,0.0,0.0,0.0,1673.6399999999999,1673.6399999999999
70,Cabo de Santo Agostinho,CAB_L3,Eisenbahn_Pilsen,13,0.0,0.0,0.0,0.0,0.0,39825.3
70,Cabo de Santo Agostinho,CAB_L3,Eisenbahn_Pilsen,14,0.0,0.0,0.0,0.0,7594.18,7594.18
70,Cabo de Santo Agostinho,CAB_L3,Eisenbahn_Pilsen,15,0.0,0.0,0.0,0.0,0.0,0.0
70,Cabo de Santo Agostinho,CAB_L3,Pepsi_Black,1,6558.319999999999,0.0,0.0,0.0,6558.319999999999,0.0
70,Cabo de Santo Agostinho,CAB_L3,Pepsi_Black,2,0.0,0.0,0.0,0.0,0.0,0.0
70,Cabo de Santo Agostinho,CAB_L3,Pepsi_Black,3,10980.960000000003,0.0,0.0,0.0,10980.960000000001,10980.960000000001
70,Cabo de Santo Agostinho,CAB_L3,Pepsi_Black,4,20790.600000000002,0.0,0.0,0.0,20790.600000000002,0.0
70,Cabo de Santo Agostinho,CAB_L3,Pepsi_Black,5,10519.66,0.0,0.0,0.0,20634.61,0.0
70,Cabo de Santo Agostinho,CAB_L3,Pepsi_Black,6,29101.19,0.0,0.0,0.0,29101.19,0.0
70,Cabo de Santo Agostinho,CAB_L3,Pepsi_Black,7,14245.460000000001,0.0,0.0,0.0,15111.47,0.0
70,Cabo de Santo Agostinho,CAB_L3,Pepsi_Black,8,17958.32,0.0,14345.49,0.0,3612.83,28930.93
70,Cabo de Santo Agostinho,CAB_L3,Pepsi_Black,9,21242.14,0.0,0.0,0.0,21242.14,0.0
70,Cabo de Santo Agostinho,CAB_L3,Pepsi_Black,10,25408.729999999996,0.0,0.0,0.0,25408.729999999996,0.0
70,Cabo de Santo Agostinho,CAB_L3,Pepsi_Black,11,27214.13,0.0,0.0,0.0,27214.13,23052.670000000002
70,Cabo de Santo Agostinho,CAB_L3,Pepsi_Black,12,13975.279999999999,0.0,0.0,0.0,13975.279999999999,0.0
70,Cabo de Santo Agostinho,CAB_L3,Pepsi_Black,13,0.0,0.0,0.0,0.0,23052.670000000002,0.0
70,Cabo de Santo Agostinho,CAB_L3,Pepsi_Black,14,0.0,0.0,0.0,0.0,0.0,0.0
70,Cabo de Santo Agostinho,CAB_L3,Pepsi_Black,15,21984.739999999994,0.0,0.0,0.0,21984.739999999994,0.0
70,Cabo de Santo Agostinho,CAB_L3,Guarana_Antarctica,1,0.0,0.0,0.0,0.0,0.0,0.0
70,Cabo de Santo Agostinho,CAB_L3,Guarana_Antarctica,2,0.0,0.0,0.0,0.0,0.0,0.0
70,Cabo de Santo Agostinho,CAB_L3,Guarana_Antarctica,3,0.0,0.0,0.0,0.0,0.0,0.0
70,Cabo de Santo Agostinho,CAB_L3,Guarana_Antarctica,4,0.0,0.0,0.0,0.0,0.0,7724.77
70,Cabo de Santo Agostinho,CAB_L3,Guarana_Antarctica,5,0.0,0.0,0.0,0.0,0.0,0.0
70,Cabo de Santo Agostinho,CAB_L3,Guarana_Antarctica,6,0.0,0.0,0.0,0.0,0.0,0.0
70,Cabo de Santo Agostinho,CAB_L3,Guarana_Antarctica,7,0.0,0.0,0.0,0.0,0.0,14381.05
70,Cabo de Santo Agostinho,CAB_L3,Guarana_Antarctica,8,0.0,0.0,0.0,0.0,0.0,0.0
70,Cabo de Santo Agostinho,CAB_L3,Guarana_Antarctica,9,0.0,0.0,0.0,0.0,0.0,8794.11
70,Cabo de Santo Agostinho,CAB_L3,Guarana_Antarctica,10,0.0,0.0,0.0,0.0,0.0,0.0
70,Cabo de Santo Agostinho,CAB_L3,Guarana_Antarctica,11,0.0,0.0,0.0,0.0,0.0,660.01
70,Cabo de Santo Agostinho,CAB_L3,Guarana_Antarctica,12,0.0,0.0,25920.12,0.0,0.0,25920.12
70,Cabo de Santo Agostinho,CAB_L3,Guarana_Antarctica,13,0.0,0.0,0.0,0.0,0.0,0.0
70,Cabo de Santo Agostinho,CAB_L3,Guarana_Antarctica,14,0.0,0.0,0.0,0.0,0.0,0.0
70,Cabo de Santo Agostinho,CAB_L3,Guarana_Antarctica,15,0.0,0.0,0.0,0.0,0.0,0.0
70,Cabo de Santo Agostinho,CAB_L3,Amstel_Lata,1,0.0,0.0,0.0,0.0,0.0,0.0
70,Cabo de Santo Agostinho,CAB_L3,Amstel_Lata,2,0.0,0.0,0.0,0.0,0.0,0.0
70,Cabo de Santo Agostinho,CAB_L3,Amstel_Lata,3,0.0,0.0,0.0,0.0,0.0,15568.61
70,Cabo de Santo Agostinho,CAB_L3,Amstel_Lata,4,0.0,0.0,0.0,0.0,0.0,14825.38
70,Cabo de Santo Agostinho,CAB_L3,Amstel_Lata,5,0.0,0.0,0.0,0.0,0.0,1705.16
70,Cabo de Santo Agostinho,CAB_L3,Amstel_Lata,6,0.0,0.0,0.0,0.0,0.0,2240.78
70,Cabo de Santo Agostinho,CAB_L3,Amstel_Lata,7,0.0,0.0,0.0,0.0,0.0,0.0
70,Cabo de Santo Agostinho,CAB_L3,Amstel_Lata,8,0.0,0.0,0.0,0.0,0.0,0.0
70,Cabo de Santo Agostinho,CAB_L3,Amstel_Lata,9,0.0,0.0,0.0,0.0,0.0,0.0
70,Cabo de Santo Agostinho,CAB_L3,Amstel_Lata,10,0.0,0.0,0.0,0.0,0.0,0.0
70,Cabo de Santo Agostinho,CAB_L3,Amstel_Lata,11,0.0,0.0,0.0,0.0,0.0,2423.38
70,Cabo de Santo Agostinho,CAB_L3,Amstel_Lata,12,0.0,0.0,0.0,0.0,0.0,0.0
70,Cabo de Santo Agostinho,CAB_L3,Amstel_Lata,13,0.0,0.0,0.0,0.0,0.0,0.0
70,Cabo de Santo Agostinho,CAB_L3,Amstel_Lata,14,0.0,0.0,0.0,0.0,0.0,0.0
70,Cabo de Santo Agostinho,CAB_L3,Amstel_Lata,15,0.0,0.0,0.0,0.0,0.0,0.0
70,Cabo de Santo Agostinho,CAB_L3,Del_Valle_Laranja,1,0.0,0.0,0.0,0.0,0.0,0.0
70,Cabo de Santo Agostinho,CAB_L3,Del_Valle_Laranja,2,0.0,0.0,0.0,0.0,0.0,0.0
70,Cabo de Santo Agostinho,CAB_L3,Del_Valle_Laranja,3,0.0,0.0,0.0,0.0,0.0,7166.39
70,Cabo de Santo Agostinho,CAB_L3,Del_Valle_Laranja,4,0.0,0.0,0.0,0.0,0.0,0.0
70,Cabo de Santo Agostinho,CAB_L3,Del_Valle_Laranja,5,0.0,0.0,0.0,0.0,0.0,0.0
70,Cabo de Santo Agostinho,CAB_L3,Del_Valle_Laranja,6,0.0,0.0,0.0,0.0,0.0,0.0
70,Cabo de Santo Agostinho,CAB_L3,Del_Valle_Laranja,7,0.0,0.0,0.0,0.0,4964.559999999998,0.0
70,Cabo de Santo Agostinho,CAB_L3,Del_Valle_Laranja,8,0.0,0.0,0.0,0.0,0.0,0.0
70,Cabo de Santo Agostinho,CAB_L3,Del_Valle_Laranja,9,0.0,0.0,0.0,0.0,0.0,0.0
70,Cabo de Santo Agostinho,CAB_L3,Del_Valle_Laranja,10,0.0,0.0,28192.25,0.0,0.0,28192.25
70,Cabo de Santo Agostinho,CAB_L3,Del_Valle_Laranja,11,0.0,0.0,0.0,0.0,0.0,0.0
70,Cabo de Santo Agostinho,CAB_L3,Del_Valle_Laranja,12,0.0,0.0,0.0,0.0,0.0,0.0
70,Cabo de Santo Agostinho,CAB_L3,Del_Valle_Laranja,13,0.0,0.0,0.0,0.0,0.0,0.0
70,Cabo de Santo Agostinho,CAB_L3,Del_Valle_Laranja,14,0.0,0.0,0.0,0.0,0.0,0.0
70,Cabo de Santo Agostinho,CAB_L3,Del_Valle_Laranja,15,0.0,0.0,1908.78,0.0,0.0,1908.78
70,Cabo de Santo Agostinho,CAB_L3,Fanta_Uva,1,0.0,0.0,0.0,0.0,0.0,0.0
70,Cabo de Santo Agostinho,CAB_L3,Fanta_Uva,2,0.0,0.0,0.0,0.0,0.0,0.0
70,Cabo de Santo Agostinho,CAB_L3,Fanta_Uva,3,0.0,0.0,0.0,0.0,0.0,0.0
70,Cabo de Santo Agostinho,CAB_L3,Fanta_Uva,4,0.0,0.0,0.0,0.0,0.0,0.0
70,Cabo de Santo Agostinho,CAB_L3,Fanta_Uva,5,0.0,0.0,0.0,0.0,0.0,0.0
70,Cabo de Santo Agostinho,CAB_L3,Fanta_Uva,6,0.0,0.0,0.0,0.0,0.0,0.0
70,Cabo de Santo Agostinho,CAB_L3,Fanta_Uva,7,0.0,0.0,0.0,0.0,0.0,0.0
70,Cabo de Santo Agostinho,CAB_L3,Fanta_Uva,8,0.0,0.0,10835.37,0.0,0.0,10835.37
70,Cabo de Santo Agostinho,CAB_L3,Fanta_Uva,9,0.0,0.0,0.0,0.0,0.0,0.0
70,Cabo de Santo Agostinho,CAB_L3,Fanta_Uva,10,0.0,0.0,0.0,0.0,0.0,0.0
70,Cabo de Santo Agostinho,CAB_L3,Fanta_Uva,11,0.0,0.0,0.0,0.0,0.0,0.0
70,Cabo de Santo Agostinho,CAB_L3,Fanta_Uva,12,0.0,0.0,0.0,0.0,0.0,23290.43
70,Cabo de Santo Agostinho,CAB_L3,Fanta_Uva,13,0.0,0.0,0.0,0.0,0.0,0.0
70,Cabo de Santo Agostinho,CAB_L3,Fanta_Uva,14,0.0,0.0,0.0,0.0,0.0,0.0
70,Cabo de Santo Agostinho,CAB_L3,Fanta_Uva,15,0.0,0.0,0.0,0.0,0.0,0.0
70,Cabo de Santo Agostinho,CAB_L3,Maguary_Maracuja,1,0.0,0.0,0.0,0.0,0.0,0.0
70,Cabo de Santo Agostinho,CAB_L3,Maguary_Maracuja,2,0.0,0.0,0.0,0.0,0.0,0.0
70,Cabo de Santo Agostinho,CAB_L3,Maguary_Maracuja,3,0.0,0.0,0.0,0.0,0.0,0.0
70,Cabo de Santo Agostinho,CAB_L3,Maguary_Maracuja,4,0.0,0.0,0.0,0.0,0.0,0.0
70,Cabo de Santo Agostinho,CAB_L3,Maguary_Maracuja,5,0.0,0.0,0.0,0.0,0.0,0.0
70,Cabo de Santo Agostinho,CAB_L3,Maguary_Maracuja,6,0.0,0.0,0.0,0.0,0.0,0.0
70,Cabo de Santo Agostinho,CAB_L3,Maguary_Maracuja,7,0.0,0.0,0.0,0.0,0.0,0.0
70,Cabo de Santo Agostinho,CAB_L3,Maguary_Maracuja,8,0.0,0.0,0.0,0.0,0.0,0.0
70,Cabo de Santo Agostinho,CAB_L3,Maguary_Maracuja,9,0.0,0.0,9359.16,0.0,0.0,9359.16
70,Cabo de Santo Agostinho,CAB_L3,Maguary_Maracuja,10,0.0,0.0,0.0,0.0,0.0,0.0
70,Cabo de Santo Agostinho,CAB_L3,Maguary_Maracuja,11,0.0,0.0,0.0,0.0,0.0,0.0
70,Cabo de Santo Agostinho,CAB_L3,Maguary_Maracuja,12,0.0,0.0,0.0,0.0,0.0,0.0
70,Cabo de Santo Agostinho,CAB_L3,Maguary_Maracuja,13,0.0,0.0,0.0,0.0,0.0,0.0
70,Cabo de Santo Agostinho,CAB_L3,Maguary_Maracuja,14,0.0,0.0,0.0,0.0,0.0,7535.24
70,Cabo de Santo Agostinho,CAB_L3,Maguary_Maracuja,15,0.0,0.0,0.0,0.0,0.0,0.0
70,Cabo de Santo Agostinho,CAB_L3,Coca_Cola,1,0.0,0.0,0.0,0.0,11711.57,0.0
70,Cabo de Santo Agostinho,CAB_L3,Coca_Cola,2,0.0,0.0,0.0,0.0,0.0,0.0
70,Cabo de Santo Agostinho,CAB_L3,Coca_Cola,3,0.0,0.0,0.0,0.0,0.0,0.0
70,Cabo de Santo Agostinho,CAB_L3,Coca_Cola,4,0.0,0.0,0.0,0.0,25711.2,0.0
70,Cabo de Santo Agostinho,CAB_L3,Coca_Cola,5,0.0,0.0,0.0,0.0,4865.3,0.0
70,Cabo de Santo Agostinho,CAB_L3,Coca_Cola,6,0.0,0.0,0.0,0.0,12533.320000000014,0.0
70,Cabo de Santo Agostinho,CAB_L3,Coca_Cola,7,0.0,0.0,0.0,0.0,7854.94,0.0
70,Cabo de Santo Agostinho,CAB_L3,Coca_Cola,8,0.0,0.0,0.0,0.0,0.0,0.0
70,Cabo de Santo Agostinho,CAB_L3,Coca_Cola,9,0.0,0.0,0.0,0.0,0.0,0.0
70,Cabo de Santo Agostinho,CAB_L3,Coca_Cola,10,0.0,0.0,0.0,0.0,0.0,0.0
70,Cabo de Santo Agostinho,CAB_L3,Coca_Cola,11,0.0,0.0,0.0,0.0,0.0,0.0
70,Cabo de Santo Agostinho,CAB_L3,Coca_Cola,12,0.0,0.0,0.0,0.0,20581.08,0.0
70,Cabo de Santo Agostinho,CAB_L3,Coca_Cola,13,0.0,0.0,0.0,0.0,0.0,0.0
70,Cabo de Santo Agostinho,CAB_L3,Coca_Cola,14,0.0,0.0,0.0,0.0,0.0,0.0
70,Cabo de Santo Agostinho,CAB_L3,Coca_Cola,15,0.0,0.0,0.0,0.0,0.0,6355.54
70,Cabo de Santo Agostinho,CAB_L3,H2OH_Limao,1,0.0,0.0,5709.65,0.0,0.0,5709.65
70,Cabo de Santo Agostinho,CAB_L3,H2OH_Limao,2,0.0,0.0,0.0,0.0,0.0,23311.8
70,Cabo de Santo Agostinho,CAB_L3,H2OH_Limao,3,0.0,0.0,27733.04,0.0,0.0,31077.2
70,Cabo de Santo Agostinho,CAB_L3,H2OH_Limao,4,0.0,0.0,0.0,0.0,0.0,0.0
70,Cabo de Santo Agostinho,CAB_L3,H2OH_Limao,5,0.0,0.0,0.0,0.0,0.0,0.0
70,Cabo de Santo Agostinho,CAB_L3,H2OH_Limao,6,0.0,0.0,0.0,0.0,0.0,0.0
70,Cabo de Santo Agostinho,CAB_L3,H2OH_Limao,7,0.0,0.0,0.0,0.0,0.0,26817.61
70,Cabo de Santo Agostinho,CAB_L3,H2OH_Limao,8,0.0,0.0,0.0,0.0,0.0,9372.17
70,Cabo de Santo Agostinho,CAB_L3,H2OH_Limao,9,0.0,0.0,0.0,0.0,0.0,0.0
70,Cabo de Santo Agostinho,CAB_L3,H2OH_Limao,10,0.0,0.0,0.0,0.0,0.0,0.0
70,Cabo de Santo Agostinho,CAB_L3,H2OH_Limao,11,0.0,0.0,0.0,0.0,0.0,20055.98
70,Cabo de Santo Agostinho,CAB_L3,H2OH_Limao,12,0.0,0.0,0.0,0.0,0.0,0.0
70,Cabo de Santo Agostinho,CAB_L3,H2OH_Limao,13,0.0,0.0,0.0,0.0,0.0,0.0
70,Cabo de Santo Agostinho,CAB_L3,H2OH_Limao,14,0.0,0.0,0.0,0.0,0.0,0.0
70,Cabo de Santo Agostinho,CAB_L3,H2OH_Limao,15,0.0,0.0,0.0,0.0,0.0,0.0
70,Cabo de Santo Agostinho,CAB_L3,Schweppes_Citrus,1,0.0,0.0,0.0,0.0,0.0,6846.72
70,Cabo de Santo Agostinho,CAB_L3,Schweppes_Citrus,2,0.0,0.0,0.0,0.0,0.0,0.0
70,Cabo de Santo Agostinho,CAB_L3,Schweppes_Citrus,3,0.0,0.0,0.0,0.0,0.0,0.0
70,Cabo de Santo Agostinho,CAB_L3,Schweppes_Citrus,4,0.0,0.0,0.0,0.0,0.0,0.0
70,Cabo de Santo Agostinho,CAB_L3,Schweppes_Citrus,5,0.0,0.0,19475.97,0.0,0.0,42114.72
70,Cabo de Santo Agostinho,CAB_L3,Schweppes_Citrus,6,0.0,0.0,0.0,0.0,0.0,0.0
70,Cabo de Santo Agostinho,CAB_L3,Schweppes_Citrus,7,0.0,0.0,0.0,0.0,0.0,0.0
70,Cabo de Santo Agostinho,CAB_L3,Schweppes_Citrus,8,0.0,0.0,0.0,0.0,0.0,0.0
70,Cabo de Santo Agostinho,CAB_L3,Schweppes_Citrus,9,0.0,0.0,0.0,0.0,0.0,0.0
70,Cabo de Santo Agostinho,CAB_L3,Schweppes_Citrus,10,0.0,0.0,0.0,0.0,0.0,0.0
70,Cabo de Santo Agostinho,CAB_L3,Schweppes_Citrus,11,0.0,0.0,0.0,0.0,0.0,0.0
70,Cabo de Santo Agostinho,CAB_L3,Schweppes_Citrus,12,0.0,0.0,0.0,0.0,0.0,0.0
70,Cabo de Santo Agostinho,CAB_L3,Schweppes_Citrus,13,0.0,0.0,0.0,0.0,0.0,0.0
70,Cabo de Santo Agostinho,CAB_L3,Schweppes_Citrus,14,0.0,0.0,11146.27,0.0,0.0,11146.27
70,Cabo de Santo Agostinho,CAB_L3,Schweppes_Citrus,15,0.0,0.0,0.0,0.0,0.0,0.0
70,Cabo de Santo Agostinho,CAB_L3,Sprite,1,0.0,0.0,0.0,0.0,0.0,0.0
70,Cabo de Santo Agostinho,CAB_L3,Sprite,2,0.0,0.0,0.0,0.0,0.0,0.0
70,Cabo de Santo Agostinho,CAB_L3,Sprite,3,0.0,0.0,0.0,0.0,0.0,0.0
70,Cabo de Santo Agostinho,CAB_L3,Sprite,4,0.0,0.0,0.0,0.0,0.0,0.0
70,Cabo de Santo Agostinho,CAB_L3,Sprite,5,0.0,0.0,0.0,0.0,0.0,0.0
70,Cabo de Santo Agostinho,CAB_L3,Sprite,6,0.0,0.0,0.0,0.0,0.0,0.0
70,Cabo de Santo Agostinho,CAB_L3,Sprite,7,0.0,0.0,0.0,0.0,0.0,11198.95
70,Cabo de Santo Agostinho,CAB_L3,Sprite,8,0.0,0.0,0.0,0.0,0.0,0.0
70,Cabo de Santo Agostinho,CAB_L3,Sprite,9,0.0,0.0,0.0,0.0,0.0,0.0
70,Cabo de Santo Agostinho,CAB_L3,Sprite,10,0.0,0.0,0.0,0.0,0.0,0.0
70,Cabo de Santo Agostinho,CAB_L3,Sprite,11,0.0,0.0,0.0,0.0,0.0,0.0
70,Cabo de Santo Agostinho,CAB_L3,Sprite,12,0.0,0.0,0.0,0.0,0.0,0.0
70,Cabo de Santo Agostinho,CAB_L3,Sprite,13,0.0,0.0,0.0,0.0,0.0,0.0
70,Cabo de Santo Agostinho,CAB_L3,Sprite,14,0.0,0.0,0.0,0.0,0.0,0.0
70,Cabo de Santo Agostinho,CAB_L3,Sprite,15,0.0,0.0,0.0,0.0,0.0,0.0
70,Cabo de Santo Agostinho,CAB_L3,Del_Valle_Uva,1,0.0,0.0,0.0,0.0,0.0,0.0
70,Cabo de Santo Agostinho,CAB_L3,Del_Valle_Uva,2,0.0,0.0,28894.45,0.0,0.0,31913.65
70,Cabo de Santo Agostinho,CAB_L3,Del_Valle_Uva,3,0.0,0.0,0.0,0.0,0.0,0.0
70,Cabo de Santo Agostinho,CAB_L3,Del_Valle_Uva,4,0.0,0.0,0.0,0.0,0.0,0.0
70,Cabo de Santo Agostinho,CAB_L3,Del_Valle_Uva,5,0.0,0.0,0.0,0.0,0.0,0.0
70,Cabo de Santo Agostinho,CAB_L3,Del_Valle_Uva,6,0.0,0.0,0.0,0.0,0.0,0.0
70,Cabo de Santo Agostinho,CAB_L3,Del_Valle_Uva,7,0.0,0.0,0.0,0.0,0.0,0.0
70,Cabo de Santo Agostinho,CAB_L3,Del_Valle_Uva,8,0.0,0.0,0.0,0.0,0.0,0.0
70,Cabo de Santo Agostinho,CAB_L3,Del_Valle_Uva,9,0.0,0.0,0.0,0.0,0.0,0.0
70,Cabo de Santo Agostinho,CAB_L3,Del_Valle_Uva,10,0.0,0.0,0.0,0.0,0.0,0.0
70,Cabo de Santo Agostinho,CAB_L3,Del_Valle_Uva,11,0.0,0.0,0.0,0.0,0.0,0.0
70,Cabo de Santo Agostinho,CAB_L3,Del_Valle_Uva,12,0.0,0.0,0.0,0.0,0.0,0.0
70,Cabo de Santo Agostinho,CAB_L3,Del_Valle_Uva,13,0.0,0.0,0.0,0.0,0.0,0.0
70,Cabo de Santo Agostinho,CAB_L3,Del_Valle_Uva,14,0.0,0.0,0.0,0.0,0.0,0.0
70,Cabo de Santo Agostinho,CAB_L3,Del_Valle_Uva,15,0.0,0.0,0.0,0.0,0.0,0.0
70,Cabo de Santo Agostinho,CAB_L3,Pepsi,1,0.0,0.0,0.0,0.0,0.0,794.94
70,Cabo de Santo Agostinho,CAB_L3,Pepsi,2,0.0,0.0,0.0,0.0,0.0,0.0
70,Cabo de Santo Agostinho,CAB_L3,Pepsi,3,0.0,0.0,0.0,0.0,0.0,9048.8
70,Cabo de Santo Agostinho,CAB_L3,Pepsi,4,0.0,0.0,0.0,0.0,0.0,0.0
70,Cabo de Santo Agostinho,CAB_L3,Pepsi,5,0.0,0.0,0.0,0.0,0.0,0.0
70,Cabo de Santo Agostinho,CAB_L3,Pepsi,6,0.0,0.0,0.0,0.0,0.0,0.0
70,Cabo de Santo Agostinho,CAB_L3,Pepsi,7,0.0,0.0,0.0,0.0,0.0,0.0
70,Cabo de Santo Agostinho,CAB_L3,Pepsi,8,0.0,0.0,0.0,0.0,0.0,0.0
70,Cabo de Santo Agostinho,CAB_L3,Pepsi,9,0.0,0.0,0.0,0.0,0.0,0.0
70,Cabo de Santo Agostinho,CAB_L3,Pepsi,10,0.0,0.0,0.0,0.0,0.0,0.0
70,Cabo de Santo Agostinho,CAB_L3,Pepsi,11,0.0,0.0,0.0,0.0,16121.05,16121.05
70,Cabo de Santo Agostinho,CAB_L3,Pepsi,12,0.0,0.0,0.0,0.0,0.0,0.0
70,Cabo de Santo Agostinho,CAB_L3,Pepsi,13,0.0,0.0,0.0,0.0,0.0,0.0
70,Cabo de Santo Agostinho,CAB_L3,Pepsi,14,0.0,0.0,0.0,0.0,0.0,0.0
70,Cabo de Santo Agostinho,CAB_L3,Pepsi,15,0.0,0.0,0.0,0.0,0.0,0.0
