cenario,plant,linha,produto,periodo,producao,estoque,atendido,nao_atend,enviado,recebido
125,Jacarei,JAC_L1,Maguary_Maracuja,1,0.0,0.0,42478.34,0.0,14384.639999999989,42478.34
125,Jacarei,JAC_L1,Maguary_Maracuja,2,0.0,0.0,0.0,0.0,0.0,0.0
125,Jacarei,JAC_L1,Maguary_Maracuja,3,0.0,0.0,0.0,0.0,0.0,0.0
125,Jacarei,JAC_L1,Maguary_Maracuja,4,0.0,0.0,0.0,0.0,14263.39,0.0
125,Jacarei,JAC_L1,Maguary_Maracuja,5,0.0,0.0,0.0,0.0,40656.0,0.0
125,Jacarei,JAC_L1,Maguary_Maracuja,6,0.0,0.0,0.0,0.0,25207.17000000001,0.0
125,Jacarei,JAC_L1,Maguary_Maracuja,7,0.0,0.0,0.0,0.0,0.0,0.0
125,Jacarei,JAC_L1,Maguary_Maracuja,8,0.0,0.0,0.0,0.0,39024.0,0.0
125,Jacarei,JAC_L1,Maguary_Maracuja,9,0.0,0.0,0.0,0.0,12162.769999999993,0.0
125,Jacarei,JAC_L1,Maguary_Maracuja,10,0.0,0.0,0.0,0.0,38328.0,0.0
125,Jacarei,JAC_L1,Maguary_Maracuja,11,0.0,0.0,20540.29,0.0,0.0,37943.41
125,Jacarei,JAC_L1,Maguary_Maracuja,12,0.0,0.0,0.0,0.0,0.0,0.0
125,Jacarei,JAC_L1,Maguary_Maracuja,13,0.0,0.0,0.0,0.0,0.0,46608.25
125,Jacarei,JAC_L1,Maguary_Maracuja,14,0.0,0.0,0.0,0.0,0.0,0.0
125,Jacarei,JAC_L1,Maguary_Maracuja,15,0.0,0.0,0.0,0.0,0.0,0.0
125,Jacarei,JAC_L1,Fanta_Laranja,1,0.0,0.0,0.0,0.0,0.0,0.0
125,Jacarei,JAC_L1,Fanta_Laranja,2,0.0,0.0,17038.38,0.0,0.0,17038.38
125,Jacarei,JAC_L1,Fanta_Laranja,3,0.0,0.0,0.0,0.0,0.0,0.0
125,Jacarei,JAC_L1,Fanta_Laranja,4,0.0,0.0,0.0,0.0,0.0,0.0
125,Jacarei,JAC_L1,Fanta_Laranja,5,0.0,0.0,0.0,0.0,0.0,0.0
125,Jacarei,JAC_L1,Fanta_Laranja,6,0.0,0.0,41704.95,0.0,0.0,41704.95
125,Jacarei,JAC_L1,Fanta_Laranja,7,0.0,0.0,0.0,0.0,0.0,0.0
125,Jacarei,JAC_L1,Fanta_Laranja,8,0.0,0.0,0.0,0.0,0.0,0.0
125,Jacarei,JAC_L1,Fanta_Laranja,9,0.0,0.0,0.0,0.0,0.0,0.0
125,Jacarei,JAC_L1,Fanta_Laranja,10,0.0,0.0,0.0,0.0,0.0,0.0
125,Jacarei,JAC_L1,Fanta_Laranja,11,0.0,0.0,0.0,0.0,0.0,0.0
125,Jacarei,JAC_L1,Fanta_Laranja,12,0.0,0.0,0.0,0.0,0.0,0.0
125,Jacarei,JAC_L1,Fanta_Laranja,13,0.0,0.0,3130.39,0.0,0.0,3130.39
125,Jacarei,JAC_L1,Fanta_Laranja,14,0.0,0.0,0.0,0.0,0.0,0.0
125,Jacarei,JAC_L1,Fanta_Laranja,15,0.0,0.0,0.0,0.0,0.0,0.0
125,Jacarei,JAC_L1,Schweppes_Citrus,1,0.0,0.0,0.0,0.0,0.0,0.0
125,Jacarei,JAC_L1,Schweppes_Citrus,2,0.0,0.0,12747.23,0.0,0.0,12747.23
125,Jacarei,JAC_L1,Schweppes_Citrus,3,0.0,0.0,0.0,0.0,0.0,0.0
125,Jacarei,JAC_L1,Schweppes_Citrus,4,0.0,0.0,0.0,0.0,0.0,0.0
125,Jacarei,JAC_L1,Schweppes_Citrus,5,0.0,0.0,0.0,0.0,0.0,0.0
125,Jacarei,JAC_L1,Schweppes_Citrus,6,0.0,0.0,0.0,0.0,0.0,56194.250000000015
125,Jacarei,JAC_L1,Schweppes_Citrus,7,0.0,0.0,25455.86,0.0,56194.250000000015,72917.98000000001
125,Jacarei,JAC_L1,Schweppes_Citrus,8,0.0,0.0,0.0,0.0,0.0,0.0
125,Jacarei,JAC_L1,Schweppes_Citrus,9,0.0,0.0,0.0,0.0,0.0,0.0
125,Jacarei,JAC_L1,Schweppes_Citrus,10,0.0,0.0,0.0,0.0,0.0,0.0
125,Jacarei,JAC_L1,Schweppes_Citrus,11,0.0,0.0,0.0,0.0,0.0,9652.509999999998
125,Jacarei,JAC_L1,Schweppes_Citrus,12,0.0,0.0,0.0,0.0,0.0,16170.869999999992
125,Jacarei,JAC_L1,Schweppes_Citrus,13,0.0,0.0,0.0,0.0,25823.37999999999,0.0
125,Jacarei,JAC_L1,Schweppes_Citrus,14,0.0,0.0,0.0,0.0,0.0,0.0
125,Jacarei,JAC_L1,Schweppes_Citrus,15,0.0,0.0,0.0,0.0,0.0,0.0
125,Jacarei,JAC_L1,Sprite_Zero,1,0.0,0.0,0.0,0.0,0.0,20427.63
125,Jacarei,JAC_L1,Sprite_Zero,2,0.0,0.0,22273.89,0.0,0.0,22273.89
125,Jacarei,JAC_L1,Sprite_Zero,3,0.0,0.0,0.0,0.0,0.0,17765.54
125,Jacarei,JAC_L1,Sprite_Zero,4,0.0,0.0,0.0,0.0,0.0,0.0
125,Jacarei,JAC_L1,Sprite_Zero,5,0.0,0.0,0.0,0.0,0.0,0.0
125,Jacarei,JAC_L1,Sprite_Zero,6,0.0,0.0,0.0,0.0,0.0,0.0
125,Jacarei,JAC_L1,Sprite_Zero,7,0.0,0.0,11825.03,0.0,0.0,11825.03
125,Jacarei,JAC_L1,Sprite_Zero,8,0.0,0.0,0.0,0.0,0.0,0.0
125,Jacarei,JAC_L1,Sprite_Zero,9,0.0,0.0,7373.8,0.0,0.0,47682.03
125,Jacarei,JAC_L1,Sprite_Zero,10,0.0,0.0,0.0,0.0,0.0,0.0
125,Jacarei,JAC_L1,Sprite_Zero,11,0.0,0.0,0.0,0.0,0.0,0.0
125,Jacarei,JAC_L1,Sprite_Zero,12,0.0,0.0,0.0,0.0,0.0,0.0
125,Jacarei,JAC_L1,Sprite_Zero,13,0.0,0.0,0.0,0.0,0.0,0.0
125,Jacarei,JAC_L1,Sprite_Zero,14,0.0,0.0,0.0,0.0,0.0,0.0
125,Jacarei,JAC_L1,Sprite_Zero,15,0.0,0.0,0.0,0.0,0.0,21170.83
125,Jacarei,JAC_L1,Eisenbahn_Pilsen,1,0.0,0.0,0.0,0.0,0.0,24407.209999999992
125,Jacarei,JAC_L1,Eisenbahn_Pilsen,2,0.0,0.0,0.0,0.0,0.0,7899.909999999996
125,Jacarei,JAC_L1,Eisenbahn_Pilsen,3,0.0,0.0,23336.24,0.0,15719.689999999986,23336.24
125,Jacarei,JAC_L1,Eisenbahn_Pilsen,4,0.0,0.0,0.0,0.0,16587.43,0.0
125,Jacarei,JAC_L1,Eisenbahn_Pilsen,5,0.0,0.0,0.0,0.0,0.0,0.0
125,Jacarei,JAC_L1,Eisenbahn_Pilsen,6,0.0,0.0,0.0,0.0,0.0,5609.58
125,Jacarei,JAC_L1,Eisenbahn_Pilsen,7,0.0,0.0,0.0,0.0,0.0,0.0
125,Jacarei,JAC_L1,Eisenbahn_Pilsen,8,0.0,0.0,0.0,0.0,0.0,0.0
125,Jacarei,JAC_L1,Eisenbahn_Pilsen,9,0.0,0.0,0.0,0.0,0.0,0.0
125,Jacarei,JAC_L1,Eisenbahn_Pilsen,10,0.0,0.0,0.0,0.0,0.0,5363.86
125,Jacarei,JAC_L1,Eisenbahn_Pilsen,11,0.0,0.0,0.0,0.0,0.0,0.0
125,Jacarei,JAC_L1,Eisenbahn_Pilsen,12,0.0,0.0,0.0,0.0,0.0,0.0
125,Jacarei,JAC_L1,Eisenbahn_Pilsen,13,0.0,0.0,0.0,0.0,0.0,51783.61
125,Jacarei,JAC_L1,Eisenbahn_Pilsen,14,0.0,0.0,0.0,0.0,0.0,0.0
125,Jacarei,JAC_L1,Eisenbahn_Pilsen,15,0.0,0.0,0.0,0.0,0.0,0.0
125,Jacarei,JAC_L1,Del_Valle_Pessego,1,0.0,0.0,0.0,0.0,0.0,0.0
125,Jacarei,JAC_L1,Del_Valle_Pessego,2,0.0,0.0,0.0,0.0,0.0,0.0
125,Jacarei,JAC_L1,Del_Valle_Pessego,3,0.0,0.0,19045.86,0.0,0.0,19045.86
125,Jacarei,JAC_L1,Del_Valle_Pessego,4,0.0,0.0,0.0,0.0,0.0,0.0
125,Jacarei,JAC_L1,Del_Valle_Pessego,5,0.0,0.0,18641.06,0.0,15244.169999999998,18641.06
125,Jacarei,JAC_L1,Del_Valle_Pessego,6,0.0,0.0,0.0,0.0,0.0,41856.0
125,Jacarei,JAC_L1,Del_Valle_Pessego,7,0.0,0.0,0.0,0.0,0.0,0.0
125,Jacarei,JAC_L1,Del_Valle_Pessego,8,0.0,0.0,0.0,0.0,0.0,0.0
125,Jacarei,JAC_L1,Del_Valle_Pessego,9,0.0,0.0,0.0,0.0,0.0,0.0
125,Jacarei,JAC_L1,Del_Valle_Pessego,10,0.0,0.0,0.0,0.0,0.0,0.0
125,Jacarei,JAC_L1,Del_Valle_Pessego,11,0.0,0.0,0.0,0.0,0.0,0.0
125,Jacarei,JAC_L1,Del_Valle_Pessego,12,0.0,0.0,0.0,0.0,0.0,0.0
125,Jacarei,JAC_L1,Del_Valle_Pessego,13,0.0,0.0,0.0,0.0,0.0,0.0
125,Jacarei,JAC_L1,Del_Valle_Pessego,14,0.0,0.0,0.0,0.0,0.0,0.0
125,Jacarei,JAC_L1,Del_Valle_Pessego,15,0.0,0.0,0.0,0.0,0.0,0.0
125,Jacarei,JAC_L1,Coca_Cola,1,0.0,0.0,0.0,0.0,0.0,0.0
125,Jacarei,JAC_L1,Coca_Cola,2,0.0,0.0,0.0,0.0,0.0,0.0
125,Jacarei,JAC_L1,Coca_Cola,3,0.0,0.0,0.0,0.0,0.0,0.0
125,Jacarei,JAC_L1,Coca_Cola,4,0.0,0.0,0.0,29516.41,0.0,0.0
125,Jacarei,JAC_L1,Coca_Cola,5,0.0,0.0,0.0,0.0,0.0,0.0
125,Jacarei,JAC_L1,Coca_Cola,6,0.0,0.0,0.0,0.0,0.0,0.0
125,Jacarei,JAC_L1,Coca_Cola,7,0.0,0.0,0.0,0.0,0.0,0.0
125,Jacarei,JAC_L1,Coca_Cola,8,0.0,0.0,0.0,0.0,0.0,0.0
125,Jacarei,JAC_L1,Coca_Cola,9,0.0,0.0,0.0,23465.21,0.0,0.0
125,Jacarei,JAC_L1,Coca_Cola,10,0.0,0.0,0.0,0.0,0.0,0.0
125,Jacarei,JAC_L1,Coca_Cola,11,0.0,0.0,0.0,0.0,0.0,0.0
125,Jacarei,JAC_L1,Coca_Cola,12,0.0,0.0,0.0,30308.25,0.0,0.0
125,Jacarei,JAC_L1,Coca_Cola,13,0.0,0.0,0.0,0.0,0.0,0.0
125,Jacarei,JAC_L1,Coca_Cola,14,0.0,0.0,0.0,0.0,0.0,0.0
125,Jacarei,JAC_L1,Coca_Cola,15,0.0,0.0,0.0,0.0,0.0,0.0
125,Jacarei,JAC_L1,Amstel_Lata,1,0.0,0.0,0.0,0.0,8745.93,0.0
125,Jacarei,JAC_L1,Amstel_Lata,2,0.0,0.0,0.0,0.0,11519.260000000002,0.0
125,Jacarei,JAC_L1,Amstel_Lata,3,0.0,0.0,0.0,0.0,35640.0,0.0
125,Jacarei,JAC_L1,Amstel_Lata,4,0.0,0.0,20008.61,0.0,20008.61,20008.61
125,Jacarei,JAC_L1,Amstel_Lata,5,0.0,0.0,0.0,0.0,0.0,0.0
125,Jacarei,JAC_L1,Amstel_Lata,6,0.0,0.0,0.0,0.0,17680.829999999987,0.0
125,Jacarei,JAC_L1,Amstel_Lata,7,0.0,0.0,0.0,0.0,39120.0,0.0
125,Jacarei,JAC_L1,Amstel_Lata,8,0.0,0.0,0.0,0.0,0.0,0.0
125,Jacarei,JAC_L1,Amstel_Lata,9,0.0,0.0,0.0,0.0,25709.230000000007,0.0
125,Jacarei,JAC_L1,Amstel_Lata,10,0.0,0.0,0.0,0.0,0.0,27335.23
125,Jacarei,JAC_L1,Amstel_Lata,11,0.0,0.0,0.0,0.0,16189.23,0.0
125,Jacarei,JAC_L1,Amstel_Lata,12,0.0,0.0,0.0,0.0,16715.360000000015,0.0
125,Jacarei,JAC_L1,Amstel_Lata,13,0.0,0.0,43008.5,0.0,38568.0,43008.5
125,Jacarei,JAC_L1,Amstel_Lata,14,0.0,0.0,0.0,0.0,16895.39,0.0
125,Jacarei,JAC_L1,Amstel_Lata,15,0.0,0.0,0.0,0.0,0.0,0.0
125,Jacarei,JAC_L1,Pepsi_Black,1,0.0,0.0,0.0,0.0,0.0,19378.72
125,Jacarei,JAC_L1,Pepsi_Black,2,0.0,0.0,0.0,0.0,0.0,0.0
125,Jacarei,JAC_L1,Pepsi_Black,3,0.0,0.0,0.0,0.0,0.0,0.0
125,Jacarei,JAC_L1,Pepsi_Black,4,0.0,0.0,0.0,0.0,0.0,0.0
125,Jacarei,JAC_L1,Pepsi_Black,5,0.0,0.0,32469.49,0.0,8379.84,32469.49
125,Jacarei,JAC_L1,Pepsi_Black,6,0.0,0.0,0.0,0.0,0.0,0.0
125,Jacarei,JAC_L1,Pepsi_Black,7,0.0,0.0,0.0,0.0,0.0,0.0
125,Jacarei,JAC_L1,Pepsi_Black,8,0.0,0.0,0.0,0.0,0.0,34274.369999999995
125,Jacarei,JAC_L1,Pepsi_Black,9,0.0,0.0,0.0,0.0,29199.569999999996,0.0
125,Jacarei,JAC_L1,Pepsi_Black,10,0.0,0.0,0.0,0.0,0.0,2575.739999999998
125,Jacarei,JAC_L1,Pepsi_Black,11,0.0,0.0,0.0,0.0,7650.539999999994,0.0
125,Jacarei,JAC_L1,Pepsi_Black,12,0.0,0.0,0.0,0.0,0.0,23409.760000000002
125,Jacarei,JAC_L1,Pepsi_Black,13,0.0,0.0,0.0,0.0,14236.330000000002,0.0
125,Jacarei,JAC_L1,Pepsi_Black,14,0.0,0.0,0.0,0.0,0.0,0.0
125,Jacarei,JAC_L1,Pepsi_Black,15,0.0,0.0,41929.29,0.0,0.0,41929.29
125,Jacarei,JAC_L1,Del_Valle_Laranja,1,26738.28,0.0,0.0,0.0,26738.28,7243.87
125,Jacarei,JAC_L1,Del_Valle_Laranja,2,40440.0,0.0,0.0,0.0,40440.0,21630.24
125,Jacarei,JAC_L1,Del_Valle_Laranja,3,16431.48,0.0,0.0,0.0,31370.37,14938.89
125,Jacarei,JAC_L1,Del_Valle_Laranja,4,0.0,0.0,0.0,0.0,0.0,0.0
125,Jacarei,JAC_L1,Del_Valle_Laranja,5,41448.0,0.0,0.0,0.0,41448.00000000001,0.0
125,Jacarei,JAC_L1,Del_Valle_Laranja,6,39072.0,0.0,9019.03,0.0,30052.97,0.0
125,Jacarei,JAC_L1,Del_Valle_Laranja,7,35880.0,0.0,5551.65,0.0,34945.77,4617.419999999998
125,Jacarei,JAC_L1,Del_Valle_Laranja,8,39552.0,0.0,0.0,0.0,39552.00000000001,0.0
125,Jacarei,JAC_L1,Del_Valle_Laranja,9,40296.0,0.0,0.0,0.0,40295.99999999999,14246.02
125,Jacarei,JAC_L1,Del_Valle_Laranja,10,41544.0,0.0,0.0,0.0,41544.0,0.0
125,Jacarei,JAC_L1,Del_Valle_Laranja,11,35880.0,0.0,0.0,0.0,35880.0,52902.24
125,Jacarei,JAC_L1,Del_Valle_Laranja,12,37824.0,0.0,0.0,0.0,37824.00000000001,0.0
125,Jacarei,JAC_L1,Del_Valle_Laranja,13,37104.0,0.0,0.0,0.0,37103.99999999999,0.0
125,Jacarei,JAC_L1,Del_Valle_Laranja,14,18705.559999999998,0.0,0.0,0.0,18705.559999999998,0.0
125,Jacarei,JAC_L1,Del_Valle_Laranja,15,36573.91,0.0,0.0,0.0,36573.91,0.0
125,Jacarei,JAC_L1,Itubaina,1,0.0,0.0,0.0,0.0,0.0,41544.0
125,Jacarei,JAC_L1,Itubaina,2,0.0,0.0,0.0,0.0,12728.779999999999,0.0
125,Jacarei,JAC_L1,Itubaina,3,0.0,0.0,0.0,0.0,28815.22,0.0
125,Jacarei,JAC_L1,Itubaina,4,0.0,0.0,0.0,0.0,0.0,31715.35
125,Jacarei,JAC_L1,Itubaina,5,0.0,0.0,0.0,0.0,31715.35,15230.759999999998
125,Jacarei,JAC_L1,Itubaina,6,0.0,0.0,0.0,0.0,12947.919999999998,0.0
125,Jacarei,JAC_L1,Itubaina,7,0.0,0.0,0.0,0.0,0.0,1886.979999999996
125,Jacarei,JAC_L1,Itubaina,8,0.0,0.0,36465.45,0.0,1886.979999999996,47217.24
125,Jacarei,JAC_L1,Itubaina,9,0.0,0.0,0.0,0.0,0.0,23429.120000000003
125,Jacarei,JAC_L1,Itubaina,10,0.0,0.0,0.0,0.0,23429.120000000003,0.0
125,Jacarei,JAC_L1,Itubaina,11,0.0,0.0,0.0,0.0,0.0,0.0
125,Jacarei,JAC_L1,Itubaina,12,0.0,0.0,0.0,0.0,0.0,0.0
125,Jacarei,JAC_L1,Itubaina,13,0.0,0.0,0.0,0.0,0.0,13306.550000000001
125,Jacarei,JAC_L1,Itubaina,14,0.0,0.0,0.0,0.0,13306.550000000001,0.0
125,Jacarei,JAC_L1,Itubaina,15,0.0,0.0,0.0,0.0,0.0,0.0
125,Jacarei,JAC_L1,Stella_Artois_Pure_Gold,1,0.0,0.0,0.0,0.0,0.0,0.0
125,Jacarei,JAC_L1,Stella_Artois_Pure_Gold,2,0.0,0.0,0.0,0.0,0.0,0.0
125,Jacarei,JAC_L1,Stella_Artois_Pure_Gold,3,0.0,0.0,0.0,0.0,0.0,32747.59
125,Jacarei,JAC_L1,Stella_Artois_Pure_Gold,4,0.0,10347.54,0.0,0.0,0.0,23676.68
125,Jacarei,JAC_L1,Stella_Artois_Pure_Gold,5,0.0,0.0,0.0,0.0,10347.54,28169.02
125,Jacarei,JAC_L1,Stella_Artois_Pure_Gold,6,0.0,0.0,0.0,0.0,0.0,0.0
125,Jacarei,JAC_L1,Stella_Artois_Pure_Gold,7,0.0,0.0,0.0,0.0,0.0,0.0
125,Jacarei,JAC_L1,Stella_Artois_Pure_Gold,8,0.0,0.0,14263.82,0.0,789.4500000000153,15053.270000000015
125,Jacarei,JAC_L1,Stella_Artois_Pure_Gold,9,0.0,0.0,0.0,0.0,0.0,0.0
125,Jacarei,JAC_L1,Stella_Artois_Pure_Gold,10,0.0,0.0,0.0,0.0,0.0,0.0
125,Jacarei,JAC_L1,Stella_Artois_Pure_Gold,11,0.0,0.0,0.0,0.0,0.0,0.0
125,Jacarei,JAC_L1,Stella_Artois_Pure_Gold,12,0.0,31044.89,0.0,0.0,0.0,31044.89
125,Jacarei,JAC_L1,Stella_Artois_Pure_Gold,13,0.0,0.0,0.0,0.0,31044.89,0.0
125,Jacarei,JAC_L1,Stella_Artois_Pure_Gold,14,0.0,0.0,0.0,0.0,0.0,0.0
125,Jacarei,JAC_L1,Stella_Artois_Pure_Gold,15,0.0,0.0,3113.63,0.0,0.0,3113.63
125,Jacarei,JAC_L1,Maguary_Caju,1,11013.720000000001,0.0,0.0,0.0,11013.720000000001,0.0
125,Jacarei,JAC_L1,Maguary_Caju,2,0.0,0.0,0.0,0.0,0.0,0.0
125,Jacarei,JAC_L1,Maguary_Caju,3,17936.52,0.0,0.0,0.0,17936.52,0.0
125,Jacarei,JAC_L1,Maguary_Caju,4,36336.0,0.0,0.0,0.0,36336.0,0.0
125,Jacarei,JAC_L1,Maguary_Caju,5,0.0,0.0,0.0,0.0,0.0,0.0
125,Jacarei,JAC_L1,Maguary_Caju,6,0.0,0.0,0.0,0.0,0.0,0.0
125,Jacarei,JAC_L1,Maguary_Caju,7,0.0,0.0,0.0,0.0,0.0,0.0
125,Jacarei,JAC_L1,Maguary_Caju,8,0.0,0.0,0.0,0.0,0.0,0.0
125,Jacarei,JAC_L1,Maguary_Caju,9,0.0,0.0,0.0,17611.77,0.0,0.0
125,Jacarei,JAC_L1,Maguary_Caju,10,0.0,0.0,0.0,0.0,0.0,0.0
125,Jacarei,JAC_L1,Maguary_Caju,11,0.0,0.0,0.0,0.0,0.0,0.0
125,Jacarei,JAC_L1,Maguary_Caju,12,0.0,0.0,0.0,0.0,0.0,0.0
125,Jacarei,JAC_L1,Maguary_Caju,13,0.0,0.0,0.0,0.0,0.0,0.0
125,Jacarei,JAC_L1,Maguary_Caju,14,21278.440000000006,0.0,0.0,0.0,21278.440000000006,866.8000000000065
125,Jacarei,JAC_L1,Maguary_Caju,15,3674.0899999999974,0.0,3674.0899999999974,2556.5800000000027,0.0,0.0
125,Jacarei,JAC_L1,Coca_Cola_Zero,1,0.0,0.0,0.0,0.0,0.0,0.0
125,Jacarei,JAC_L1,Coca_Cola_Zero,2,0.0,0.0,0.0,0.0,0.0,32287.310000000005
125,Jacarei,JAC_L1,Coca_Cola_Zero,3,0.0,0.0,0.0,0.0,0.0,0.0
125,Jacarei,JAC_L1,Coca_Cola_Zero,4,0.0,0.0,0.0,0.0,0.0,0.0
125,Jacarei,JAC_L1,Coca_Cola_Zero,5,0.0,0.0,0.0,0.0,0.0,0.0
125,Jacarei,JAC_L1,Coca_Cola_Zero,6,0.0,0.0,0.0,0.0,0.0,0.0
125,Jacarei,JAC_L1,Coca_Cola_Zero,7,0.0,0.0,0.0,0.0,0.0,0.0
125,Jacarei,JAC_L1,Coca_Cola_Zero,8,0.0,0.0,0.0,0.0,0.0,0.0
125,Jacarei,JAC_L1,Coca_Cola_Zero,9,0.0,0.0,0.0,0.0,0.0,0.0
125,Jacarei,JAC_L1,Coca_Cola_Zero,10,0.0,0.0,52773.67,0.0,0.0,52773.67
125,Jacarei,JAC_L1,Coca_Cola_Zero,11,0.0,0.0,24441.99,0.0,0.0,24441.99
125,Jacarei,JAC_L1,Coca_Cola_Zero,12,0.0,0.0,0.0,0.0,0.0,41396.39
125,Jacarei,JAC_L1,Coca_Cola_Zero,13,0.0,0.0,0.0,0.0,0.0,0.0
125,Jacarei,JAC_L1,Coca_Cola_Zero,14,0.0,0.0,0.0,0.0,0.0,0.0
125,Jacarei,JAC_L1,Coca_Cola_Zero,15,0.0,0.0,0.0,0.0,0.0,6726.35
125,Jacarei,JAC_L1,Pepsi,1,0.0,0.0,0.0,0.0,0.0,0.0
125,Jacarei,JAC_L1,Pepsi,2,0.0,0.0,0.0,0.0,0.0,0.0
125,Jacarei,JAC_L1,Pepsi,3,0.0,0.0,0.0,0.0,0.0,0.0
125,Jacarei,JAC_L1,Pepsi,4,0.0,0.0,0.0,0.0,0.0,0.0
125,Jacarei,JAC_L1,Pepsi,5,0.0,0.0,0.0,0.0,0.0,0.0
125,Jacarei,JAC_L1,Pepsi,6,0.0,0.0,0.0,0.0,0.0,0.0
125,Jacarei,JAC_L1,Pepsi,7,0.0,0.0,0.0,0.0,0.0,0.0
125,Jacarei,JAC_L1,Pepsi,8,0.0,0.0,0.0,0.0,3029.31,3029.31
125,Jacarei,JAC_L1,Pepsi,9,0.0,0.0,0.0,0.0,0.0,0.0
125,Jacarei,JAC_L1,Pepsi,10,0.0,0.0,0.0,0.0,0.0,0.0
125,Jacarei,JAC_L1,Pepsi,11,0.0,0.0,0.0,0.0,0.0,0.0
125,Jacarei,JAC_L1,Pepsi,12,0.0,0.0,13921.25,0.0,0.0,13921.25
125,Jacarei,JAC_L1,Pepsi,13,0.0,0.0,0.0,0.0,0.0,0.0
125,Jacarei,JAC_L1,Pepsi,14,0.0,0.0,0.0,0.0,0.0,0.0
125,Jacarei,JAC_L1,Pepsi,15,0.0,0.0,0.0,0.0,0.0,0.0
125,Jacarei,JAC_L1,Antarctica_Lata,1,0.0,0.0,0.0,0.0,0.0,0.0
125,Jacarei,JAC_L1,Antarctica_Lata,2,0.0,0.0,0.0,0.0,0.0,0.0
125,Jacarei,JAC_L1,Antarctica_Lata,3,0.0,0.0,0.0,0.0,0.0,0.0
125,Jacarei,JAC_L1,Antarctica_Lata,4,0.0,0.0,0.0,0.0,0.0,0.0
125,Jacarei,JAC_L1,Antarctica_Lata,5,0.0,0.0,0.0,0.0,0.0,0.0
125,Jacarei,JAC_L1,Antarctica_Lata,6,0.0,0.0,0.0,0.0,0.0,0.0
125,Jacarei,JAC_L1,Antarctica_Lata,7,0.0,0.0,0.0,0.0,0.0,0.0
125,Jacarei,JAC_L1,Antarctica_Lata,8,0.0,0.0,0.0,0.0,0.0,0.0
125,Jacarei,JAC_L1,Antarctica_Lata,9,0.0,0.0,0.0,0.0,0.0,14919.9
125,Jacarei,JAC_L1,Antarctica_Lata,10,0.0,0.0,0.0,0.0,0.0,0.0
125,Jacarei,JAC_L1,Antarctica_Lata,11,0.0,0.0,0.0,0.0,0.0,0.0
125,Jacarei,JAC_L1,Antarctica_Lata,12,0.0,0.0,0.0,0.0,0.0,0.0
125,Jacarei,JAC_L1,Antarctica_Lata,13,0.0,0.0,0.0,0.0,0.0,0.0
125,Jacarei,JAC_L1,Antarctica_Lata,14,0.0,0.0,17044.59,0.0,0.0,17044.59
125,Jacarei,JAC_L1,Antarctica_Lata,15,0.0,0.0,0.0,0.0,0.0,0.0
125,Jacarei,JAC_L1,Spaten_Lata,1,0.0,0.0,0.0,0.0,0.0,31435.5
125,Jacarei,JAC_L1,Spaten_Lata,2,0.0,0.0,0.0,0.0,0.0,0.0
125,Jacarei,JAC_L1,Spaten_Lata,3,0.0,0.0,0.0,0.0,0.0,0.0
125,Jacarei,JAC_L1,Spaten_Lata,4,0.0,0.0,0.0,0.0,0.0,0.0
125,Jacarei,JAC_L1,Spaten_Lata,5,0.0,0.0,0.0,0.0,0.0,0.0
125,Jacarei,JAC_L1,Spaten_Lata,6,0.0,0.0,0.0,0.0,0.0,0.0
125,Jacarei,JAC_L1,Spaten_Lata,7,0.0,0.0,0.0,0.0,0.0,0.0
125,Jacarei,JAC_L1,Spaten_Lata,8,0.0,0.0,0.0,0.0,0.0,0.0
125,Jacarei,JAC_L1,Spaten_Lata,9,0.0,0.0,0.0,0.0,0.0,0.0
125,Jacarei,JAC_L1,Spaten_Lata,10,0.0,0.0,0.0,0.0,0.0,0.0
125,Jacarei,JAC_L1,Spaten_Lata,11,0.0,0.0,0.0,0.0,0.0,0.0
125,Jacarei,JAC_L1,Spaten_Lata,12,0.0,0.0,0.0,0.0,0.0,0.0
125,Jacarei,JAC_L1,Spaten_Lata,13,0.0,0.0,0.0,0.0,0.0,0.0
125,Jacarei,JAC_L1,Spaten_Lata,14,0.0,0.0,34198.49,0.0,0.0,34198.49
125,Jacarei,JAC_L1,Spaten_Lata,15,0.0,0.0,0.0,0.0,0.0,12321.76
125,Jacarei,JAC_L1,Heineken_Lata,1,0.0,0.0,0.0,0.0,0.0,3679.82
125,Jacarei,JAC_L1,Heineken_Lata,2,0.0,0.0,0.0,0.0,0.0,0.0
125,Jacarei,JAC_L1,Heineken_Lata,3,0.0,0.0,0.0,0.0,0.0,0.0
125,Jacarei,JAC_L1,Heineken_Lata,4,0.0,0.0,0.0,0.0,0.0,9520.87
125,Jacarei,JAC_L1,Heineken_Lata,5,0.0,0.0,0.0,0.0,0.0,0.0
125,Jacarei,JAC_L1,Heineken_Lata,6,0.0,0.0,0.0,0.0,0.0,0.0
125,Jacarei,JAC_L1,Heineken_Lata,7,0.0,0.0,0.0,0.0,0.0,0.0
125,Jacarei,JAC_L1,Heineken_Lata,8,0.0,0.0,0.0,0.0,0.0,0.0
125,Jacarei,JAC_L1,Heineken_Lata,9,0.0,0.0,0.0,0.0,0.0,0.0
125,Jacarei,JAC_L1,Heineken_Lata,10,0.0,0.0,0.0,0.0,0.0,0.0
125,Jacarei,JAC_L1,Heineken_Lata,11,0.0,0.0,0.0,0.0,0.0,0.0
125,Jacarei,JAC_L1,Heineken_Lata,12,0.0,0.0,0.0,0.0,0.0,0.0
125,Jacarei,JAC_L1,Heineken_Lata,13,0.0,0.0,0.0,0.0,0.0,0.0
125,Jacarei,JAC_L1,Heineken_Lata,14,0.0,0.0,0.0,0.0,0.0,0.0
125,Jacarei,JAC_L1,Heineken_Lata,15,0.0,0.0,0.0,0.0,0.0,0.0
125,Jacarei,JAC_L1,Sukita_Laranja,1,0.0,0.0,0.0,0.0,0.0,0.0
125,Jacarei,JAC_L1,Sukita_Laranja,2,0.0,0.0,0.0,0.0,0.0,0.0
125,Jacarei,JAC_L1,Sukita_Laranja,3,0.0,0.0,0.0,0.0,0.0,0.0
125,Jacarei,JAC_L1,Sukita_Laranja,4,0.0,0.0,0.0,0.0,0.0,32436.88
125,Jacarei,JAC_L1,Sukita_Laranja,5,0.0,0.0,0.0,0.0,0.0,0.0
125,Jacarei,JAC_L1,Sukita_Laranja,6,0.0,0.0,0.0,0.0,0.0,0.0
125,Jacarei,JAC_L1,Sukita_Laranja,7,0.0,0.0,0.0,0.0,0.0,0.0
125,Jacarei,JAC_L1,Sukita_Laranja,8,0.0,0.0,0.0,0.0,0.0,0.0
125,Jacarei,JAC_L1,Sukita_Laranja,9,0.0,0.0,0.0,0.0,0.0,0.0
125,Jacarei,JAC_L1,Sukita_Laranja,10,0.0,0.0,0.0,0.0,0.0,0.0
125,Jacarei,JAC_L1,Sukita_Laranja,11,0.0,0.0,0.0,0.0,0.0,0.0
125,Jacarei,JAC_L1,Sukita_Laranja,12,0.0,0.0,0.0,0.0,0.0,0.0
125,Jacarei,JAC_L1,Sukita_Laranja,13,0.0,0.0,0.0,0.0,0.0,0.0
125,Jacarei,JAC_L1,Sukita_Laranja,14,0.0,0.0,0.0,0.0,0.0,0.0
125,Jacarei,JAC_L1,Sukita_Laranja,15,0.0,0.0,0.0,0.0,0.0,0.0
125,Jacarei,JAC_L1,H2OH_Limao,1,0.0,0.0,0.0,0.0,0.0,0.0
125,Jacarei,JAC_L1,H2OH_Limao,2,0.0,0.0,0.0,0.0,0.0,0.0
125,Jacarei,JAC_L1,H2OH_Limao,3,0.0,0.0,0.0,0.0,0.0,0.0
125,Jacarei,JAC_L1,H2OH_Limao,4,0.0,0.0,0.0,0.0,0.0,14508.21
125,Jacarei,JAC_L1,H2OH_Limao,5,0.0,0.0,0.0,0.0,0.0,0.0
125,Jacarei,JAC_L1,H2OH_Limao,6,0.0,0.0,0.0,0.0,0.0,0.0
125,Jacarei,JAC_L1,H2OH_Limao,7,0.0,0.0,0.0,0.0,0.0,0.0
125,Jacarei,JAC_L1,H2OH_Limao,8,0.0,0.0,0.0,0.0,0.0,0.0
125,Jacarei,JAC_L1,H2OH_Limao,9,0.0,0.0,0.0,0.0,0.0,0.0
125,Jacarei,JAC_L1,H2OH_Limao,10,0.0,0.0,0.0,0.0,0.0,0.0
125,Jacarei,JAC_L1,H2OH_Limao,11,0.0,0.0,0.0,0.0,0.0,0.0
125,Jacarei,JAC_L1,H2OH_Limao,12,0.0,0.0,0.0,0.0,0.0,0.0
125,Jacarei,JAC_L1,H2OH_Limao,13,0.0,0.0,0.0,0.0,0.0,0.0
125,Jacarei,JAC_L1,H2OH_Limao,14,0.0,0.0,0.0,0.0,0.0,0.0
125,Jacarei,JAC_L1,H2OH_Limao,15,0.0,0.0,0.0,0.0,0.0,0.0
125,Jacarei,JAC_L1,Budweiser_Lata,1,0.0,0.0,0.0,0.0,0.0,0.0
125,Jacarei,JAC_L1,Budweiser_Lata,2,0.0,0.0,0.0,0.0,0.0,0.0
125,Jacarei,JAC_L1,Budweiser_Lata,3,0.0,0.0,0.0,0.0,0.0,0.0
125,Jacarei,JAC_L1,Budweiser_Lata,4,0.0,0.0,0.0,0.0,0.0,0.0
125,Jacarei,JAC_L1,Budweiser_Lata,5,0.0,0.0,0.0,0.0,0.0,0.0
125,Jacarei,JAC_L1,Budweiser_Lata,6,0.0,0.0,0.0,0.0,0.0,0.0
125,Jacarei,JAC_L1,Budweiser_Lata,7,0.0,0.0,0.0,0.0,0.0,0.0
125,Jacarei,JAC_L1,Budweiser_Lata,8,0.0,0.0,0.0,0.0,0.0,27835.18
125,Jacarei,JAC_L1,Budweiser_Lata,9,0.0,0.0,0.0,0.0,0.0,0.0
125,Jacarei,JAC_L1,Budweiser_Lata,10,0.0,0.0,0.0,0.0,0.0,0.0
125,Jacarei,JAC_L1,Budweiser_Lata,11,0.0,0.0,0.0,0.0,0.0,0.0
125,Jacarei,JAC_L1,Budweiser_Lata,12,0.0,0.0,0.0,0.0,0.0,0.0
125,Jacarei,JAC_L1,Budweiser_Lata,13,0.0,0.0,0.0,0.0,644.5999999999949,0.0
125,Jacarei,JAC_L1,Budweiser_Lata,14,0.0,0.0,0.0,0.0,0.0,0.0
125,Jacarei,JAC_L1,Budweiser_Lata,15,0.0,0.0,0.0,0.0,5077.249999999998,0.0
125,Jacarei,JAC_L1,Kuat,1,0.0,0.0,0.0,0.0,0.0,0.0
125,Jacarei,JAC_L1,Kuat,2,0.0,0.0,0.0,0.0,0.0,0.0
125,Jacarei,JAC_L1,Kuat,3,0.0,0.0,0.0,0.0,0.0,0.0
125,Jacarei,JAC_L1,Kuat,4,0.0,0.0,0.0,0.0,0.0,0.0
125,Jacarei,JAC_L1,Kuat,5,0.0,0.0,0.0,0.0,0.0,0.0
125,Jacarei,JAC_L1,Kuat,6,0.0,0.0,0.0,0.0,0.0,0.0
125,Jacarei,JAC_L1,Kuat,7,0.0,0.0,0.0,0.0,0.0,0.0
125,Jacarei,JAC_L1,Kuat,8,0.0,0.0,0.0,0.0,0.0,0.0
125,Jacarei,JAC_L1,Kuat,9,0.0,0.0,0.0,0.0,0.0,21861.36
125,Jacarei,JAC_L1,Kuat,10,0.0,0.0,0.0,0.0,0.0,0.0
125,Jacarei,JAC_L1,Kuat,11,0.0,0.0,0.0,0.0,0.0,0.0
125,Jacarei,JAC_L1,Kuat,12,0.0,0.0,0.0,0.0,0.0,51240.7
125,Jacarei,JAC_L1,Kuat,13,0.0,0.0,0.0,0.0,0.0,0.0
125,Jacarei,JAC_L1,Kuat,14,0.0,0.0,0.0,0.0,0.0,0.0
125,Jacarei,JAC_L1,Kuat,15,0.0,0.0,0.0,0.0,0.0,0.0
125,Jacarei,JAC_L1,Fanta_Uva,1,0.0,0.0,0.0,0.0,0.0,0.0
125,Jacarei,JAC_L1,Fanta_Uva,2,0.0,0.0,0.0,0.0,0.0,0.0
125,Jacarei,JAC_L1,Fanta_Uva,3,0.0,0.0,0.0,0.0,0.0,0.0
125,Jacarei,JAC_L1,Fanta_Uva,4,0.0,0.0,0.0,0.0,0.0,0.0
125,Jacarei,JAC_L1,Fanta_Uva,5,0.0,0.0,0.0,0.0,0.0,0.0
125,Jacarei,JAC_L1,Fanta_Uva,6,0.0,0.0,0.0,0.0,0.0,54524.25
125,Jacarei,JAC_L1,Fanta_Uva,7,0.0,0.0,0.0,0.0,0.0,0.0
125,Jacarei,JAC_L1,Fanta_Uva,8,0.0,0.0,0.0,0.0,0.0,26863.34
125,Jacarei,JAC_L1,Fanta_Uva,9,0.0,0.0,0.0,0.0,0.0,0.0
125,Jacarei,JAC_L1,Fanta_Uva,10,0.0,0.0,0.0,0.0,0.0,16511.18
125,Jacarei,JAC_L1,Fanta_Uva,11,0.0,0.0,0.0,0.0,5891.190000000007,0.0
125,Jacarei,JAC_L1,Fanta_Uva,12,0.0,0.0,0.0,0.0,22212.639999999985,0.0
125,Jacarei,JAC_L1,Fanta_Uva,13,0.0,0.0,0.0,0.0,8818.589999999997,0.0
125,Jacarei,JAC_L1,Fanta_Uva,14,0.0,0.0,0.0,0.0,21456.61,22438.23
125,Jacarei,JAC_L1,Fanta_Uva,15,0.0,0.0,0.0,0.0,0.0,18446.84
125,Jacarei,JAC_L1,Sprite,1,0.0,0.0,0.0,0.0,36072.0,0.0
125,Jacarei,JAC_L1,Sprite,2,0.0,0.0,0.0,0.0,38112.0,0.0
125,Jacarei,JAC_L1,Sprite,3,0.0,0.0,0.0,0.0,41448.00000000001,24629.21
125,Jacarei,JAC_L1,Sprite,4,0.0,0.0,0.0,0.0,37248.0,0.0
125,Jacarei,JAC_L1,Sprite,5,0.0,0.0,0.0,0.0,8990.08,0.0
125,Jacarei,JAC_L1,Sprite,6,0.0,0.0,0.0,0.0,29292.08,17875.350000000002
125,Jacarei,JAC_L1,Sprite,7,0.0,0.0,0.0,0.0,37824.00000000001,37824.00000000001
125,Jacarei,JAC_L1,Sprite,8,0.0,0.0,0.0,0.0,59052.93,0.0
125,Jacarei,JAC_L1,Sprite,9,0.0,0.0,0.0,0.0,67926.42000000001,0.0
125,Jacarei,JAC_L1,Sprite,10,0.0,0.0,0.0,0.0,39936.0,49959.1
125,Jacarei,JAC_L1,Sprite,11,0.0,0.0,0.0,0.0,41088.00000000001,0.0
125,Jacarei,JAC_L1,Sprite,12,0.0,0.0,0.0,0.0,38160.0,0.0
125,Jacarei,JAC_L1,Sprite,13,0.0,0.0,0.0,0.0,29848.81000000001,19498.65000000001
125,Jacarei,JAC_L1,Sprite,14,0.0,0.0,0.0,0.0,44522.82,0.0
125,Jacarei,JAC_L1,Sprite,15,0.0,0.0,0.0,0.0,34546.75,0.0
125,Jacarei,JAC_L1,Skol_Lata,1,0.0,0.0,0.0,0.0,16421.430000000015,0.0
125,Jacarei,JAC_L1,Skol_Lata,2,0.0,0.0,0.0,0.0,0.0,8782.420000000006
125,Jacarei,JAC_L1,Skol_Lata,3,0.0,0.0,0.0,0.0,0.0,36395.46
125,Jacarei,JAC_L1,Skol_Lata,4,0.0,0.0,0.0,0.0,18462.37,0.0
125,Jacarei,JAC_L1,Skol_Lata,5,0.0,0.0,0.0,0.0,0.0,0.0
125,Jacarei,JAC_L1,Skol_Lata,6,0.0,0.0,0.0,0.0,0.0,12225.899999999994
125,Jacarei,JAC_L1,Skol_Lata,7,0.0,0.0,0.0,0.0,0.0,37082.29000000001
125,Jacarei,JAC_L1,Skol_Lata,8,0.0,0.0,0.0,0.0,0.0,0.0
125,Jacarei,JAC_L1,Skol_Lata,9,0.0,0.0,0.0,0.0,0.0,27319.629999999994
125,Jacarei,JAC_L1,Skol_Lata,10,0.0,0.0,0.0,0.0,0.0,38208.0
125,Jacarei,JAC_L1,Skol_Lata,11,0.0,0.0,0.0,0.0,55106.649999999994,0.0
125,Jacarei,JAC_L1,Skol_Lata,12,0.0,0.0,0.0,0.0,0.0,17887.81
125,Jacarei,JAC_L1,Skol_Lata,13,0.0,0.0,0.0,0.0,28005.710000000003,0.0
125,Jacarei,JAC_L1,Skol_Lata,14,0.0,0.0,0.0,0.0,303.07999999999447,0.0
125,Jacarei,JAC_L1,Skol_Lata,15,0.0,0.0,0.0,0.0,0.0,0.0
125,Jacarei,JAC_L1,Guarana_Antarctica,1,0.0,0.0,0.0,0.0,0.0,0.0
125,Jacarei,JAC_L1,Guarana_Antarctica,2,0.0,0.0,0.0,0.0,0.0,0.0
125,Jacarei,JAC_L1,Guarana_Antarctica,3,0.0,0.0,0.0,0.0,0.0,0.0
125,Jacarei,JAC_L1,Guarana_Antarctica,4,0.0,0.0,0.0,0.0,0.0,0.0
125,Jacarei,JAC_L1,Guarana_Antarctica,5,0.0,0.0,0.0,0.0,0.0,0.0
125,Jacarei,JAC_L1,Guarana_Antarctica,6,0.0,0.0,0.0,0.0,0.0,0.0
125,Jacarei,JAC_L1,Guarana_Antarctica,7,0.0,0.0,0.0,0.0,0.0,0.0
125,Jacarei,JAC_L1,Guarana_Antarctica,8,0.0,0.0,0.0,0.0,0.0,0.0
125,Jacarei,JAC_L1,Guarana_Antarctica,9,0.0,0.0,0.0,0.0,0.0,0.0
125,Jacarei,JAC_L1,Guarana_Antarctica,10,0.0,0.0,0.0,0.0,0.0,0.0
125,Jacarei,JAC_L1,Guarana_Antarctica,11,0.0,0.0,0.0,0.0,0.0,0.0
125,Jacarei,JAC_L1,Guarana_Antarctica,12,0.0,0.0,0.0,0.0,0.0,0.0
125,Jacarei,JAC_L1,Guarana_Antarctica,13,0.0,0.0,0.0,0.0,0.0,0.0
125,Jacarei,JAC_L1,Guarana_Antarctica,14,0.0,0.0,0.0,0.0,0.0,0.0
125,Jacarei,JAC_L1,Guarana_Antarctica,15,0.0,0.0,0.0,0.0,0.0,0.0
125,Jacarei,JAC_L1,Guarana_Antarctica_Zero,1,0.0,0.0,0.0,0.0,0.0,0.0
125,Jacarei,JAC_L1,Guarana_Antarctica_Zero,2,0.0,0.0,0.0,0.0,0.0,0.0
125,Jacarei,JAC_L1,Guarana_Antarctica_Zero,3,0.0,0.0,0.0,0.0,0.0,0.0
125,Jacarei,JAC_L1,Guarana_Antarctica_Zero,4,0.0,0.0,0.0,0.0,0.0,0.0
125,Jacarei,JAC_L1,Guarana_Antarctica_Zero,5,0.0,0.0,0.0,0.0,0.0,48592.48
125,Jacarei,JAC_L1,Guarana_Antarctica_Zero,6,0.0,0.0,0.0,0.0,0.0,0.0
125,Jacarei,JAC_L1,Guarana_Antarctica_Zero,7,0.0,0.0,0.0,0.0,0.0,0.0
125,Jacarei,JAC_L1,Guarana_Antarctica_Zero,8,0.0,0.0,0.0,0.0,0.0,0.0
125,Jacarei,JAC_L1,Guarana_Antarctica_Zero,9,0.0,0.0,0.0,0.0,0.0,0.0
125,Jacarei,JAC_L1,Guarana_Antarctica_Zero,10,0.0,0.0,0.0,0.0,0.0,0.0
125,Jacarei,JAC_L1,Guarana_Antarctica_Zero,11,0.0,0.0,0.0,0.0,0.0,0.0
125,Jacarei,JAC_L1,Guarana_Antarctica_Zero,12,0.0,0.0,0.0,0.0,0.0,0.0
125,Jacarei,JAC_L1,Guarana_Antarctica_Zero,13,0.0,0.0,0.0,0.0,0.0,0.0
125,Jacarei,JAC_L1,Guarana_Antarctica_Zero,14,0.0,0.0,0.0,0.0,0.0,0.0
125,Jacarei,JAC_L1,Guarana_Antarctica_Zero,15,0.0,0.0,0.0,0.0,0.0,0.0
125,Jacarei,JAC_L1,Del_Valle_Uva,1,0.0,0.0,0.0,0.0,0.0,0.0
125,Jacarei,JAC_L1,Del_Valle_Uva,2,0.0,0.0,0.0,0.0,9405.520000000002,0.0
125,Jacarei,JAC_L1,Del_Valle_Uva,3,0.0,0.0,0.0,0.0,0.0,0.0
125,Jacarei,JAC_L1,Del_Valle_Uva,4,0.0,0.0,0.0,0.0,0.0,0.0
125,Jacarei,JAC_L1,Del_Valle_Uva,5,0.0,0.0,0.0,0.0,0.0,0.0
125,Jacarei,JAC_L1,Del_Valle_Uva,6,0.0,0.0,0.0,0.0,0.0,0.0
125,Jacarei,JAC_L1,Del_Valle_Uva,7,0.0,0.0,0.0,0.0,0.0,0.0
125,Jacarei,JAC_L1,Del_Valle_Uva,8,0.0,0.0,0.0,0.0,0.0,0.0
125,Jacarei,JAC_L1,Del_Valle_Uva,9,0.0,0.0,0.0,0.0,0.0,0.0
125,Jacarei,JAC_L1,Del_Valle_Uva,10,0.0,0.0,0.0,0.0,0.0,0.0
125,Jacarei,JAC_L1,Del_Valle_Uva,11,0.0,0.0,0.0,0.0,0.0,0.0
125,Jacarei,JAC_L1,Del_Valle_Uva,12,0.0,0.0,0.0,0.0,0.0,0.0
125,Jacarei,JAC_L1,Del_Valle_Uva,13,0.0,0.0,0.0,0.0,0.0,0.0
125,Jacarei,JAC_L1,Del_Valle_Uva,14,0.0,0.0,0.0,0.0,0.0,37817.85999999999
125,Jacarei,JAC_L1,Del_Valle_Uva,15,0.0,0.0,0.0,0.0,38784.0,0.0
125,Jacarei,JAC_L1,Brahma_Lata,1,0.0,0.0,0.0,0.0,0.0,0.0
125,Jacarei,JAC_L1,Brahma_Lata,2,0.0,0.0,0.0,0.0,0.0,0.0
125,Jacarei,JAC_L1,Brahma_Lata,3,0.0,0.0,0.0,0.0,0.0,0.0
125,Jacarei,JAC_L1,Brahma_Lata,4,0.0,0.0,0.0,0.0,0.0,0.0
125,Jacarei,JAC_L1,Brahma_Lata,5,0.0,0.0,0.0,0.0,0.0,0.0
125,Jacarei,JAC_L1,Brahma_Lata,6,0.0,0.0,0.0,0.0,0.0,0.0
125,Jacarei,JAC_L1,Brahma_Lata,7,0.0,0.0,0.0,0.0,0.0,0.0
125,Jacarei,JAC_L1,Brahma_Lata,8,0.0,0.0,0.0,0.0,0.0,0.0
125,Jacarei,JAC_L1,Brahma_Lata,9,0.0,0.0,0.0,0.0,0.0,0.0
125,Jacarei,JAC_L1,Brahma_Lata,10,0.0,0.0,0.0,0.0,0.0,0.0
125,Jacarei,JAC_L1,Brahma_Lata,11,0.0,0.0,0.0,0.0,0.0,0.0
125,Jacarei,JAC_L1,Brahma_Lata,12,0.0,0.0,0.0,0.0,0.0,0.0
125,Jacarei,JAC_L1,Brahma_Lata,13,0.0,0.0,0.0,0.0,0.0,0.0
125,Jacarei,JAC_L1,Brahma_Lata,14,0.0,0.0,0.0,0.0,0.0,0.0
125,Jacarei,JAC_L1,Brahma_Lata,15,0.0,0.0,0.0,0.0,0.0,0.0
125,Jacarei,JAC_L1,Itaipava_Lata,1,0.0,0.0,0.0,0.0,0.0,0.0
125,Jacarei,JAC_L1,Itaipava_Lata,2,0.0,0.0,0.0,0.0,0.0,0.0
125,Jacarei,JAC_L1,Itaipava_Lata,3,0.0,0.0,0.0,0.0,0.0,0.0
125,Jacarei,JAC_L1,Itaipava_Lata,4,0.0,0.0,0.0,0.0,0.0,0.0
125,Jacarei,JAC_L1,Itaipava_Lata,5,0.0,0.0,0.0,0.0,0.0,0.0
125,Jacarei,JAC_L1,Itaipava_Lata,6,0.0,0.0,0.0,0.0,0.0,0.0
125,Jacarei,JAC_L1,Itaipava_Lata,7,0.0,0.0,0.0,0.0,0.0,0.0
125,Jacarei,JAC_L1,Itaipava_Lata,8,0.0,0.0,0.0,0.0,0.0,0.0
125,Jacarei,JAC_L1,Itaipava_Lata,9,0.0,0.0,0.0,0.0,0.0,0.0
125,Jacarei,JAC_L1,Itaipava_Lata,10,0.0,0.0,0.0,0.0,0.0,0.0
125,Jacarei,JAC_L1,Itaipava_Lata,11,0.0,0.0,0.0,0.0,0.0,0.0
125,Jacarei,JAC_L1,Itaipava_Lata,12,0.0,0.0,0.0,0.0,0.0,0.0
125,Jacarei,JAC_L1,Itaipava_Lata,13,0.0,0.0,0.0,0.0,0.0,0.0
125,Jacarei,JAC_L1,Itaipava_Lata,14,0.0,0.0,0.0,0.0,0.0,0.0
125,Jacarei,JAC_L1,Itaipava_Lata,15,0.0,0.0,0.0,0.0,0.0,0.0
125,Jacarei,JAC_L2,Maguary_Maracuja,1,0.0,0.0,0.0,0.0,14384.639999999989,42478.34
125,Jacarei,JAC_L2,Maguary_Maracuja,2,0.0,0.0,0.0,0.0,0.0,0.0
125,Jacarei,JAC_L2,Maguary_Maracuja,3,0.0,0.0,0.0,0.0,0.0,0.0
125,Jacarei,JAC_L2,Maguary_Maracuja,4,0.0,0.0,0.0,0.0,14263.39,0.0
125,Jacarei,JAC_L2,Maguary_Maracuja,5,0.0,0.0,0.0,0.0,40656.0,0.0
125,Jacarei,JAC_L2,Maguary_Maracuja,6,0.0,0.0,0.0,0.0,25207.17000000001,0.0
125,Jacarei,JAC_L2,Maguary_Maracuja,7,0.0,0.0,0.0,0.0,0.0,0.0
125,Jacarei,JAC_L2,Maguary_Maracuja,8,0.0,0.0,0.0,0.0,39024.0,0.0
125,Jacarei,JAC_L2,Maguary_Maracuja,9,0.0,0.0,0.0,0.0,12162.769999999993,0.0
125,Jacarei,JAC_L2,Maguary_Maracuja,10,0.0,0.0,0.0,0.0,38328.0,0.0
125,Jacarei,JAC_L2,Maguary_Maracuja,11,0.0,0.0,0.0,0.0,0.0,37943.41
125,Jacarei,JAC_L2,Maguary_Maracuja,12,0.0,0.0,0.0,0.0,0.0,0.0
125,Jacarei,JAC_L2,Maguary_Maracuja,13,0.0,0.0,0.0,0.0,0.0,46608.25
125,Jacarei,JAC_L2,Maguary_Maracuja,14,0.0,0.0,0.0,0.0,0.0,0.0
125,Jacarei,JAC_L2,Maguary_Maracuja,15,0.0,0.0,0.0,0.0,0.0,0.0
125,Jacarei,JAC_L2,Fanta_Laranja,1,0.0,0.0,0.0,0.0,0.0,0.0
125,Jacarei,JAC_L2,Fanta_Laranja,2,0.0,0.0,0.0,0.0,0.0,17038.38
125,Jacarei,JAC_L2,Fanta_Laranja,3,0.0,0.0,0.0,0.0,0.0,0.0
125,Jacarei,JAC_L2,Fanta_Laranja,4,0.0,0.0,0.0,0.0,0.0,0.0
125,Jacarei,JAC_L2,Fanta_Laranja,5,0.0,0.0,0.0,0.0,0.0,0.0
125,Jacarei,JAC_L2,Fanta_Laranja,6,0.0,0.0,0.0,0.0,0.0,41704.95
125,Jacarei,JAC_L2,Fanta_Laranja,7,0.0,0.0,0.0,0.0,0.0,0.0
125,Jacarei,JAC_L2,Fanta_Laranja,8,0.0,0.0,0.0,0.0,0.0,0.0
125,Jacarei,JAC_L2,Fanta_Laranja,9,0.0,0.0,0.0,0.0,0.0,0.0
125,Jacarei,JAC_L2,Fanta_Laranja,10,0.0,0.0,0.0,0.0,0.0,0.0
125,Jacarei,JAC_L2,Fanta_Laranja,11,0.0,0.0,0.0,0.0,0.0,0.0
125,Jacarei,JAC_L2,Fanta_Laranja,12,0.0,0.0,0.0,0.0,0.0,0.0
125,Jacarei,JAC_L2,Fanta_Laranja,13,0.0,0.0,0.0,0.0,0.0,3130.39
125,Jacarei,JAC_L2,Fanta_Laranja,14,0.0,0.0,0.0,0.0,0.0,0.0
125,Jacarei,JAC_L2,Fanta_Laranja,15,0.0,0.0,0.0,0.0,0.0,0.0
125,Jacarei,JAC_L2,Schweppes_Citrus,1,0.0,0.0,0.0,0.0,0.0,0.0
125,Jacarei,JAC_L2,Schweppes_Citrus,2,0.0,0.0,0.0,0.0,0.0,12747.23
125,Jacarei,JAC_L2,Schweppes_Citrus,3,0.0,0.0,0.0,0.0,0.0,0.0
125,Jacarei,JAC_L2,Schweppes_Citrus,4,0.0,0.0,0.0,0.0,0.0,0.0
125,Jacarei,JAC_L2,Schweppes_Citrus,5,0.0,0.0,0.0,0.0,0.0,0.0
125,Jacarei,JAC_L2,Schweppes_Citrus,6,0.0,0.0,0.0,0.0,0.0,56194.250000000015
125,Jacarei,JAC_L2,Schweppes_Citrus,7,0.0,0.0,47462.12,0.0,56194.250000000015,72917.98000000001
125,Jacarei,JAC_L2,Schweppes_Citrus,8,0.0,0.0,0.0,0.0,0.0,0.0
125,Jacarei,JAC_L2,Schweppes_Citrus,9,0.0,0.0,0.0,0.0,0.0,0.0
125,Jacarei,JAC_L2,Schweppes_Citrus,10,0.0,0.0,0.0,0.0,0.0,0.0
125,Jacarei,JAC_L2,Schweppes_Citrus,11,0.0,0.0,0.0,0.0,0.0,9652.509999999998
125,Jacarei,JAC_L2,Schweppes_Citrus,12,0.0,0.0,0.0,0.0,0.0,16170.869999999992
125,Jacarei,JAC_L2,Schweppes_Citrus,13,0.0,0.0,0.0,0.0,25823.37999999999,0.0
125,Jacarei,JAC_L2,Schweppes_Citrus,14,0.0,0.0,0.0,0.0,0.0,0.0
125,Jacarei,JAC_L2,Schweppes_Citrus,15,0.0,0.0,0.0,0.0,0.0,0.0
125,Jacarei,JAC_L2,Sprite_Zero,1,0.0,0.0,20427.63,0.0,0.0,20427.63
125,Jacarei,JAC_L2,Sprite_Zero,2,0.0,0.0,0.0,0.0,0.0,22273.89
125,Jacarei,JAC_L2,Sprite_Zero,3,0.0,0.0,17765.54,0.0,0.0,17765.54
125,Jacarei,JAC_L2,Sprite_Zero,4,0.0,0.0,0.0,0.0,0.0,0.0
125,Jacarei,JAC_L2,Sprite_Zero,5,0.0,0.0,0.0,0.0,0.0,0.0
125,Jacarei,JAC_L2,Sprite_Zero,6,0.0,0.0,0.0,0.0,0.0,0.0
125,Jacarei,JAC_L2,Sprite_Zero,7,0.0,0.0,0.0,0.0,0.0,11825.03
125,Jacarei,JAC_L2,Sprite_Zero,8,0.0,0.0,0.0,0.0,0.0,0.0
125,Jacarei,JAC_L2,Sprite_Zero,9,0.0,0.0,23502.25,0.0,0.0,47682.03
125,Jacarei,JAC_L2,Sprite_Zero,10,0.0,0.0,0.0,0.0,0.0,0.0
125,Jacarei,JAC_L2,Sprite_Zero,11,0.0,0.0,0.0,0.0,0.0,0.0
125,Jacarei,JAC_L2,Sprite_Zero,12,0.0,0.0,0.0,0.0,0.0,0.0
125,Jacarei,JAC_L2,Sprite_Zero,13,0.0,0.0,0.0,0.0,0.0,0.0
125,Jacarei,JAC_L2,Sprite_Zero,14,0.0,0.0,0.0,0.0,0.0,0.0
125,Jacarei,JAC_L2,Sprite_Zero,15,0.0,0.0,21170.83,0.0,0.0,21170.83
125,Jacarei,JAC_L2,Eisenbahn_Pilsen,1,0.0,0.0,0.0,0.0,0.0,24407.209999999992
125,Jacarei,JAC_L2,Eisenbahn_Pilsen,2,0.0,0.0,0.0,0.0,0.0,7899.909999999996
125,Jacarei,JAC_L2,Eisenbahn_Pilsen,3,0.0,0.0,0.0,0.0,15719.689999999986,23336.24
125,Jacarei,JAC_L2,Eisenbahn_Pilsen,4,0.0,0.0,0.0,0.0,16587.43,0.0
125,Jacarei,JAC_L2,Eisenbahn_Pilsen,5,0.0,0.0,0.0,0.0,0.0,0.0
125,Jacarei,JAC_L2,Eisenbahn_Pilsen,6,0.0,0.0,5609.58,0.0,0.0,5609.58
125,Jacarei,JAC_L2,Eisenbahn_Pilsen,7,0.0,0.0,0.0,0.0,0.0,0.0
125,Jacarei,JAC_L2,Eisenbahn_Pilsen,8,0.0,0.0,0.0,0.0,0.0,0.0
125,Jacarei,JAC_L2,Eisenbahn_Pilsen,9,0.0,0.0,0.0,0.0,0.0,0.0
125,Jacarei,JAC_L2,Eisenbahn_Pilsen,10,0.0,0.0,5363.86,0.0,0.0,5363.86
125,Jacarei,JAC_L2,Eisenbahn_Pilsen,11,0.0,0.0,0.0,0.0,0.0,0.0
125,Jacarei,JAC_L2,Eisenbahn_Pilsen,12,0.0,0.0,0.0,0.0,0.0,0.0
125,Jacarei,JAC_L2,Eisenbahn_Pilsen,13,0.0,0.0,51783.61,0.0,0.0,51783.61
125,Jacarei,JAC_L2,Eisenbahn_Pilsen,14,0.0,0.0,0.0,0.0,0.0,0.0
125,Jacarei,JAC_L2,Eisenbahn_Pilsen,15,0.0,0.0,0.0,0.0,0.0,0.0
125,Jacarei,JAC_L2,Del_Valle_Pessego,1,0.0,0.0,0.0,0.0,0.0,0.0
125,Jacarei,JAC_L2,Del_Valle_Pessego,2,0.0,0.0,0.0,0.0,0.0,0.0
125,Jacarei,JAC_L2,Del_Valle_Pessego,3,0.0,0.0,0.0,0.0,0.0,19045.86
125,Jacarei,JAC_L2,Del_Valle_Pessego,4,0.0,0.0,0.0,0.0,0.0,0.0
125,Jacarei,JAC_L2,Del_Valle_Pessego,5,15244.169999999996,0.0,0.0,0.0,15244.169999999998,18641.06
125,Jacarei,JAC_L2,Del_Valle_Pessego,6,0.0,0.0,41856.0,3404.5599999999977,0.0,41856.0
125,Jacarei,JAC_L2,Del_Valle_Pessego,7,0.0,0.0,0.0,0.0,0.0,0.0
125,Jacarei,JAC_L2,Del_Valle_Pessego,8,0.0,0.0,0.0,0.0,0.0,0.0
125,Jacarei,JAC_L2,Del_Valle_Pessego,9,0.0,0.0,0.0,0.0,0.0,0.0
125,Jacarei,JAC_L2,Del_Valle_Pessego,10,0.0,0.0,0.0,0.0,0.0,0.0
125,Jacarei,JAC_L2,Del_Valle_Pessego,11,0.0,0.0,0.0,0.0,0.0,0.0
125,Jacarei,JAC_L2,Del_Valle_Pessego,12,0.0,0.0,0.0,0.0,0.0,0.0
125,Jacarei,JAC_L2,Del_Valle_Pessego,13,0.0,0.0,0.0,0.0,0.0,0.0
125,Jacarei,JAC_L2,Del_Valle_Pessego,14,0.0,0.0,0.0,0.0,0.0,0.0
125,Jacarei,JAC_L2,Del_Valle_Pessego,15,0.0,0.0,0.0,0.0,0.0,0.0
125,Jacarei,JAC_L2,Coca_Cola,1,0.0,0.0,0.0,0.0,0.0,0.0
125,Jacarei,JAC_L2,Coca_Cola,2,0.0,0.0,0.0,0.0,0.0,0.0
125,Jacarei,JAC_L2,Coca_Cola,3,0.0,0.0,0.0,5038.55,0.0,0.0
125,Jacarei,JAC_L2,Coca_Cola,4,0.0,0.0,0.0,0.0,0.0,0.0
125,Jacarei,JAC_L2,Coca_Cola,5,0.0,0.0,0.0,0.0,0.0,0.0
125,Jacarei,JAC_L2,Coca_Cola,6,0.0,0.0,0.0,0.0,0.0,0.0
125,Jacarei,JAC_L2,Coca_Cola,7,0.0,0.0,0.0,0.0,0.0,0.0
125,Jacarei,JAC_L2,Coca_Cola,8,0.0,0.0,0.0,0.0,0.0,0.0
125,Jacarei,JAC_L2,Coca_Cola,9,0.0,0.0,0.0,0.0,0.0,0.0
125,Jacarei,JAC_L2,Coca_Cola,10,0.0,0.0,0.0,0.0,0.0,0.0
125,Jacarei,JAC_L2,Coca_Cola,11,0.0,0.0,0.0,0.0,0.0,0.0
125,Jacarei,JAC_L2,Coca_Cola,12,0.0,0.0,0.0,0.0,0.0,0.0
125,Jacarei,JAC_L2,Coca_Cola,13,0.0,0.0,0.0,0.0,0.0,0.0
125,Jacarei,JAC_L2,Coca_Cola,14,0.0,0.0,0.0,0.0,0.0,0.0
125,Jacarei,JAC_L2,Coca_Cola,15,0.0,0.0,0.0,0.0,0.0,0.0
125,Jacarei,JAC_L2,Amstel_Lata,1,0.0,0.0,0.0,0.0,8745.93,0.0
125,Jacarei,JAC_L2,Amstel_Lata,2,0.0,0.0,0.0,0.0,11519.260000000002,0.0
125,Jacarei,JAC_L2,Amstel_Lata,3,0.0,0.0,0.0,0.0,35640.0,0.0
125,Jacarei,JAC_L2,Amstel_Lata,4,0.0,0.0,0.0,0.0,20008.61,20008.61
125,Jacarei,JAC_L2,Amstel_Lata,5,0.0,0.0,0.0,0.0,0.0,0.0
125,Jacarei,JAC_L2,Amstel_Lata,6,0.0,0.0,0.0,0.0,17680.829999999987,0.0
125,Jacarei,JAC_L2,Amstel_Lata,7,0.0,0.0,0.0,0.0,39120.0,0.0
125,Jacarei,JAC_L2,Amstel_Lata,8,0.0,0.0,0.0,0.0,0.0,0.0
125,Jacarei,JAC_L2,Amstel_Lata,9,0.0,0.0,0.0,0.0,25709.230000000007,0.0
125,Jacarei,JAC_L2,Amstel_Lata,10,0.0,0.0,27335.23,0.0,0.0,27335.23
125,Jacarei,JAC_L2,Amstel_Lata,11,0.0,0.0,0.0,0.0,16189.23,0.0
125,Jacarei,JAC_L2,Amstel_Lata,12,0.0,0.0,0.0,0.0,16715.360000000015,0.0
125,Jacarei,JAC_L2,Amstel_Lata,13,0.0,0.0,0.0,0.0,38568.0,43008.5
125,Jacarei,JAC_L2,Amstel_Lata,14,0.0,0.0,0.0,0.0,16895.39,0.0
125,Jacarei,JAC_L2,Amstel_Lata,15,0.0,0.0,0.0,0.0,0.0,0.0
125,Jacarei,JAC_L2,Pepsi_Black,1,0.0,0.0,19378.72,0.0,0.0,19378.72
125,Jacarei,JAC_L2,Pepsi_Black,2,0.0,0.0,0.0,0.0,0.0,0.0
125,Jacarei,JAC_L2,Pepsi_Black,3,0.0,0.0,0.0,0.0,0.0,0.0
125,Jacarei,JAC_L2,Pepsi_Black,4,0.0,0.0,0.0,0.0,0.0,0.0
125,Jacarei,JAC_L2,Pepsi_Black,5,8379.84,0.0,0.0,0.0,8379.84,32469.49
125,Jacarei,JAC_L2,Pepsi_Black,6,0.0,0.0,0.0,0.0,0.0,0.0
125,Jacarei,JAC_L2,Pepsi_Black,7,0.0,0.0,0.0,0.0,0.0,0.0
125,Jacarei,JAC_L2,Pepsi_Black,8,0.0,34274.369999999995,0.0,0.0,0.0,34274.369999999995
125,Jacarei,JAC_L2,Pepsi_Black,9,0.0,5074.799999999996,0.0,0.0,29199.569999999996,0.0
125,Jacarei,JAC_L2,Pepsi_Black,10,0.0,7650.539999999994,0.0,0.0,0.0,2575.739999999998
125,Jacarei,JAC_L2,Pepsi_Black,11,0.0,0.0,0.0,0.0,7650.539999999994,0.0
125,Jacarei,JAC_L2,Pepsi_Black,12,0.0,14236.330000000002,9173.43,0.0,0.0,23409.760000000002
125,Jacarei,JAC_L2,Pepsi_Black,13,0.0,0.0,0.0,0.0,14236.330000000002,0.0
125,Jacarei,JAC_L2,Pepsi_Black,14,0.0,0.0,0.0,0.0,0.0,0.0
125,Jacarei,JAC_L2,Pepsi_Black,15,0.0,0.0,0.0,0.0,0.0,41929.29
125,Jacarei,JAC_L2,Del_Valle_Laranja,1,0.0,0.0,0.0,0.0,26738.28,7243.87
125,Jacarei,JAC_L2,Del_Valle_Laranja,2,0.0,0.0,0.0,0.0,40440.0,21630.24
125,Jacarei,JAC_L2,Del_Valle_Laranja,3,0.0,0.0,0.0,0.0,31370.37,14938.89
125,Jacarei,JAC_L2,Del_Valle_Laranja,4,0.0,0.0,0.0,0.0,0.0,0.0
125,Jacarei,JAC_L2,Del_Valle_Laranja,5,0.0,0.0,0.0,0.0,41448.00000000001,0.0
125,Jacarei,JAC_L2,Del_Valle_Laranja,6,0.0,0.0,0.0,0.0,30052.97,0.0
125,Jacarei,JAC_L2,Del_Valle_Laranja,7,0.0,0.0,0.0,0.0,34945.77,4617.419999999998
125,Jacarei,JAC_L2,Del_Valle_Laranja,8,0.0,0.0,0.0,0.0,39552.00000000001,0.0
125,Jacarei,JAC_L2,Del_Valle_Laranja,9,0.0,0.0,0.0,0.0,40295.99999999999,14246.02
125,Jacarei,JAC_L2,Del_Valle_Laranja,10,0.0,0.0,0.0,0.0,41544.0,0.0
125,Jacarei,JAC_L2,Del_Valle_Laranja,11,0.0,0.0,52902.24,0.0,35880.0,52902.24
125,Jacarei,JAC_L2,Del_Valle_Laranja,12,0.0,0.0,0.0,0.0,37824.00000000001,0.0
125,Jacarei,JAC_L2,Del_Valle_Laranja,13,0.0,0.0,0.0,0.0,37103.99999999999,0.0
125,Jacarei,JAC_L2,Del_Valle_Laranja,14,0.0,0.0,0.0,0.0,18705.559999999998,0.0
125,Jacarei,JAC_L2,Del_Valle_Laranja,15,0.0,0.0,0.0,0.0,36573.91,0.0
125,Jacarei,JAC_L2,Itubaina,1,0.0,0.0,0.0,0.0,0.0,41544.0
125,Jacarei,JAC_L2,Itubaina,2,0.0,0.0,0.0,0.0,12728.779999999999,0.0
125,Jacarei,JAC_L2,Itubaina,3,0.0,0.0,0.0,0.0,28815.22,0.0
125,Jacarei,JAC_L2,Itubaina,4,0.0,0.0,0.0,0.0,0.0,31715.35
125,Jacarei,JAC_L2,Itubaina,5,6961.91,0.0,22192.67,0.0,31715.35,15230.759999999998
125,Jacarei,JAC_L2,Itubaina,6,12947.919999999998,0.0,0.0,0.0,12947.919999999998,0.0
125,Jacarei,JAC_L2,Itubaina,7,0.0,0.0,0.0,0.0,0.0,1886.979999999996
125,Jacarei,JAC_L2,Itubaina,8,0.0,0.0,10751.79,0.0,1886.979999999996,47217.24
125,Jacarei,JAC_L2,Itubaina,9,0.0,0.0,0.0,0.0,0.0,23429.120000000003
125,Jacarei,JAC_L2,Itubaina,10,0.0,0.0,0.0,0.0,23429.120000000003,0.0
125,Jacarei,JAC_L2,Itubaina,11,0.0,0.0,0.0,0.0,0.0,0.0
125,Jacarei,JAC_L2,Itubaina,12,0.0,0.0,0.0,0.0,0.0,0.0
125,Jacarei,JAC_L2,Itubaina,13,0.0,0.0,0.0,0.0,0.0,13306.550000000001
125,Jacarei,JAC_L2,Itubaina,14,0.0,0.0,0.0,0.0,13306.550000000001,0.0
125,Jacarei,JAC_L2,Itubaina,15,0.0,0.0,0.0,0.0,0.0,0.0
125,Jacarei,JAC_L2,Stella_Artois_Pure_Gold,1,0.0,0.0,0.0,0.0,0.0,0.0
125,Jacarei,JAC_L2,Stella_Artois_Pure_Gold,2,0.0,0.0,0.0,0.0,0.0,0.0
125,Jacarei,JAC_L2,Stella_Artois_Pure_Gold,3,0.0,0.0,32747.59,0.0,0.0,32747.59
125,Jacarei,JAC_L2,Stella_Artois_Pure_Gold,4,0.0,0.0,0.0,0.0,0.0,23676.68
125,Jacarei,JAC_L2,Stella_Artois_Pure_Gold,5,0.0,0.0,28169.02,0.0,10347.54,28169.02
125,Jacarei,JAC_L2,Stella_Artois_Pure_Gold,6,0.0,0.0,0.0,0.0,0.0,0.0
125,Jacarei,JAC_L2,Stella_Artois_Pure_Gold,7,0.0,0.0,0.0,0.0,0.0,0.0
125,Jacarei,JAC_L2,Stella_Artois_Pure_Gold,8,0.0,0.0,0.0,0.0,789.4500000000153,15053.270000000015
125,Jacarei,JAC_L2,Stella_Artois_Pure_Gold,9,0.0,0.0,0.0,0.0,0.0,0.0
125,Jacarei,JAC_L2,Stella_Artois_Pure_Gold,10,0.0,0.0,0.0,0.0,0.0,0.0
125,Jacarei,JAC_L2,Stella_Artois_Pure_Gold,11,0.0,0.0,0.0,0.0,0.0,0.0
125,Jacarei,JAC_L2,Stella_Artois_Pure_Gold,12,0.0,0.0,0.0,0.0,0.0,31044.89
125,Jacarei,JAC_L2,Stella_Artois_Pure_Gold,13,0.0,0.0,0.0,0.0,31044.89,0.0
125,Jacarei,JAC_L2,Stella_Artois_Pure_Gold,14,0.0,0.0,0.0,0.0,0.0,0.0
125,Jacarei,JAC_L2,Stella_Artois_Pure_Gold,15,0.0,0.0,0.0,0.0,0.0,3113.63
125,Jacarei,JAC_L2,Maguary_Caju,1,0.0,0.0,0.0,0.0,11013.720000000001,0.0
125,Jacarei,JAC_L2,Maguary_Caju,2,0.0,0.0,0.0,0.0,0.0,0.0
125,Jacarei,JAC_L2,Maguary_Caju,3,0.0,0.0,0.0,0.0,17936.52,0.0
125,Jacarei,JAC_L2,Maguary_Caju,4,0.0,0.0,0.0,0.0,36336.0,0.0
125,Jacarei,JAC_L2,Maguary_Caju,5,0.0,0.0,0.0,0.0,0.0,0.0
125,Jacarei,JAC_L2,Maguary_Caju,6,0.0,0.0,0.0,0.0,0.0,0.0
125,Jacarei,JAC_L2,Maguary_Caju,7,0.0,0.0,0.0,0.0,0.0,0.0
125,Jacarei,JAC_L2,Maguary_Caju,8,0.0,0.0,0.0,0.0,0.0,0.0
125,Jacarei,JAC_L2,Maguary_Caju,9,0.0,0.0,0.0,0.0,0.0,0.0
125,Jacarei,JAC_L2,Maguary_Caju,10,0.0,0.0,0.0,0.0,0.0,0.0
125,Jacarei,JAC_L2,Maguary_Caju,11,0.0,0.0,0.0,0.0,0.0,0.0
125,Jacarei,JAC_L2,Maguary_Caju,12,0.0,0.0,0.0,0.0,0.0,0.0
125,Jacarei,JAC_L2,Maguary_Caju,13,0.0,0.0,0.0,0.0,0.0,0.0
125,Jacarei,JAC_L2,Maguary_Caju,14,0.0,0.0,866.8000000000065,9890.909999999993,21278.440000000006,866.8000000000065
125,Jacarei,JAC_L2,Maguary_Caju,15,0.0,0.0,0.0,0.0,0.0,0.0
125,Jacarei,JAC_L2,Coca_Cola_Zero,1,0.0,0.0,0.0,0.0,0.0,0.0
125,Jacarei,JAC_L2,Coca_Cola_Zero,2,0.0,0.0,32287.31,0.0,0.0,32287.310000000005
125,Jacarei,JAC_L2,Coca_Cola_Zero,3,0.0,0.0,0.0,0.0,0.0,0.0
125,Jacarei,JAC_L2,Coca_Cola_Zero,4,0.0,0.0,0.0,0.0,0.0,0.0
125,Jacarei,JAC_L2,Coca_Cola_Zero,5,0.0,0.0,0.0,0.0,0.0,0.0
125,Jacarei,JAC_L2,Coca_Cola_Zero,6,0.0,0.0,0.0,0.0,0.0,0.0
125,Jacarei,JAC_L2,Coca_Cola_Zero,7,0.0,0.0,0.0,0.0,0.0,0.0
125,Jacarei,JAC_L2,Coca_Cola_Zero,8,0.0,0.0,0.0,0.0,0.0,0.0
125,Jacarei,JAC_L2,Coca_Cola_Zero,9,0.0,0.0,0.0,0.0,0.0,0.0
125,Jacarei,JAC_L2,Coca_Cola_Zero,10,0.0,0.0,0.0,0.0,0.0,52773.67
125,Jacarei,JAC_L2,Coca_Cola_Zero,11,0.0,0.0,0.0,0.0,0.0,24441.99
125,Jacarei,JAC_L2,Coca_Cola_Zero,12,0.0,0.0,41396.39,0.0,0.0,41396.39
125,Jacarei,JAC_L2,Coca_Cola_Zero,13,0.0,0.0,0.0,0.0,0.0,0.0
125,Jacarei,JAC_L2,Coca_Cola_Zero,14,0.0,0.0,0.0,0.0,0.0,0.0
125,Jacarei,JAC_L2,Coca_Cola_Zero,15,0.0,0.0,0.0,0.0,0.0,6726.35
125,Jacarei,JAC_L2,Pepsi,1,0.0,0.0,0.0,0.0,0.0,0.0
125,Jacarei,JAC_L2,Pepsi,2,0.0,0.0,0.0,0.0,0.0,0.0
125,Jacarei,JAC_L2,Pepsi,3,0.0,0.0,0.0,0.0,0.0,0.0
125,Jacarei,JAC_L2,Pepsi,4,0.0,0.0,0.0,0.0,0.0,0.0
125,Jacarei,JAC_L2,Pepsi,5,0.0,0.0,0.0,0.0,0.0,0.0
125,Jacarei,JAC_L2,Pepsi,6,0.0,0.0,0.0,0.0,0.0,0.0
125,Jacarei,JAC_L2,Pepsi,7,0.0,0.0,0.0,0.0,0.0,0.0
125,Jacarei,JAC_L2,Pepsi,8,0.0,0.0,0.0,0.0,3029.31,3029.31
125,Jacarei,JAC_L2,Pepsi,9,0.0,0.0,0.0,0.0,0.0,0.0
125,Jacarei,JAC_L2,Pepsi,10,0.0,0.0,0.0,0.0,0.0,0.0
125,Jacarei,JAC_L2,Pepsi,11,0.0,0.0,0.0,0.0,0.0,0.0
125,Jacarei,JAC_L2,Pepsi,12,0.0,0.0,0.0,0.0,0.0,13921.25
125,Jacarei,JAC_L2,Pepsi,13,0.0,0.0,0.0,0.0,0.0,0.0
125,Jacarei,JAC_L2,Pepsi,14,0.0,0.0,0.0,0.0,0.0,0.0
125,Jacarei,JAC_L2,Pepsi,15,0.0,0.0,0.0,0.0,0.0,0.0
125,Jacarei,JAC_L2,Antarctica_Lata,1,0.0,0.0,0.0,0.0,0.0,0.0
125,Jacarei,JAC_L2,Antarctica_Lata,2,0.0,0.0,0.0,0.0,0.0,0.0
125,Jacarei,JAC_L2,Antarctica_Lata,3,0.0,0.0,0.0,0.0,0.0,0.0
125,Jacarei,JAC_L2,Antarctica_Lata,4,0.0,0.0,0.0,0.0,0.0,0.0
125,Jacarei,JAC_L2,Antarctica_Lata,5,0.0,0.0,0.0,0.0,0.0,0.0
125,Jacarei,JAC_L2,Antarctica_Lata,6,0.0,0.0,0.0,0.0,0.0,0.0
125,Jacarei,JAC_L2,Antarctica_Lata,7,0.0,0.0,0.0,0.0,0.0,0.0
125,Jacarei,JAC_L2,Antarctica_Lata,8,0.0,0.0,0.0,0.0,0.0,0.0
125,Jacarei,JAC_L2,Antarctica_Lata,9,0.0,0.0,0.0,0.0,0.0,14919.9
125,Jacarei,JAC_L2,Antarctica_Lata,10,0.0,0.0,0.0,0.0,0.0,0.0
125,Jacarei,JAC_L2,Antarctica_Lata,11,0.0,0.0,0.0,0.0,0.0,0.0
125,Jacarei,JAC_L2,Antarctica_Lata,12,0.0,0.0,0.0,0.0,0.0,0.0
125,Jacarei,JAC_L2,Antarctica_Lata,13,0.0,0.0,0.0,0.0,0.0,0.0
125,Jacarei,JAC_L2,Antarctica_Lata,14,0.0,0.0,0.0,0.0,0.0,17044.59
125,Jacarei,JAC_L2,Antarctica_Lata,15,0.0,0.0,0.0,0.0,0.0,0.0
125,Jacarei,JAC_L2,Spaten_Lata,1,0.0,0.0,0.0,0.0,0.0,31435.5
125,Jacarei,JAC_L2,Spaten_Lata,2,0.0,0.0,0.0,0.0,0.0,0.0
125,Jacarei,JAC_L2,Spaten_Lata,3,0.0,0.0,0.0,0.0,0.0,0.0
125,Jacarei,JAC_L2,Spaten_Lata,4,0.0,0.0,0.0,0.0,0.0,0.0
125,Jacarei,JAC_L2,Spaten_Lata,5,0.0,0.0,0.0,0.0,0.0,0.0
125,Jacarei,JAC_L2,Spaten_Lata,6,0.0,0.0,0.0,0.0,0.0,0.0
125,Jacarei,JAC_L2,Spaten_Lata,7,0.0,0.0,0.0,0.0,0.0,0.0
125,Jacarei,JAC_L2,Spaten_Lata,8,0.0,0.0,0.0,0.0,0.0,0.0
125,Jacarei,JAC_L2,Spaten_Lata,9,0.0,0.0,0.0,0.0,0.0,0.0
125,Jacarei,JAC_L2,Spaten_Lata,10,0.0,0.0,0.0,0.0,0.0,0.0
125,Jacarei,JAC_L2,Spaten_Lata,11,0.0,0.0,0.0,0.0,0.0,0.0
125,Jacarei,JAC_L2,Spaten_Lata,12,0.0,0.0,0.0,0.0,0.0,0.0
125,Jacarei,JAC_L2,Spaten_Lata,13,0.0,0.0,0.0,0.0,0.0,0.0
125,Jacarei,JAC_L2,Spaten_Lata,14,0.0,0.0,0.0,0.0,0.0,34198.49
125,Jacarei,JAC_L2,Spaten_Lata,15,0.0,0.0,12321.76,0.0,0.0,12321.76
125,Jacarei,JAC_L2,Heineken_Lata,1,0.0,0.0,3679.82,0.0,0.0,3679.82
125,Jacarei,JAC_L2,Heineken_Lata,2,0.0,0.0,0.0,0.0,0.0,0.0
125,Jacarei,JAC_L2,Heineken_Lata,3,0.0,0.0,0.0,0.0,0.0,0.0
125,Jacarei,JAC_L2,Heineken_Lata,4,0.0,0.0,0.0,0.0,0.0,9520.87
125,Jacarei,JAC_L2,Heineken_Lata,5,0.0,0.0,0.0,0.0,0.0,0.0
125,Jacarei,JAC_L2,Heineken_Lata,6,0.0,0.0,0.0,0.0,0.0,0.0
125,Jacarei,JAC_L2,Heineken_Lata,7,0.0,0.0,0.0,0.0,0.0,0.0
125,Jacarei,JAC_L2,Heineken_Lata,8,0.0,0.0,0.0,0.0,0.0,0.0
125,Jacarei,JAC_L2,Heineken_Lata,9,0.0,0.0,0.0,0.0,0.0,0.0
125,Jacarei,JAC_L2,Heineken_Lata,10,0.0,0.0,0.0,0.0,0.0,0.0
125,Jacarei,JAC_L2,Heineken_Lata,11,0.0,0.0,0.0,0.0,0.0,0.0
125,Jacarei,JAC_L2,Heineken_Lata,12,0.0,0.0,0.0,0.0,0.0,0.0
125,Jacarei,JAC_L2,Heineken_Lata,13,0.0,0.0,0.0,0.0,0.0,0.0
125,Jacarei,JAC_L2,Heineken_Lata,14,0.0,0.0,0.0,0.0,0.0,0.0
125,Jacarei,JAC_L2,Heineken_Lata,15,0.0,0.0,0.0,0.0,0.0,0.0
125,Jacarei,JAC_L2,Sukita_Laranja,1,0.0,0.0,0.0,0.0,0.0,0.0
125,Jacarei,JAC_L2,Sukita_Laranja,2,0.0,0.0,0.0,14760.29,0.0,0.0
125,Jacarei,JAC_L2,Sukita_Laranja,3,0.0,0.0,0.0,0.0,0.0,0.0
125,Jacarei,JAC_L2,Sukita_Laranja,4,0.0,0.0,32436.88,0.0,0.0,32436.88
125,Jacarei,JAC_L2,Sukita_Laranja,5,0.0,0.0,0.0,0.0,0.0,0.0
125,Jacarei,JAC_L2,Sukita_Laranja,6,0.0,0.0,0.0,0.0,0.0,0.0
125,Jacarei,JAC_L2,Sukita_Laranja,7,0.0,0.0,0.0,0.0,0.0,0.0
125,Jacarei,JAC_L2,Sukita_Laranja,8,0.0,0.0,0.0,0.0,0.0,0.0
125,Jacarei,JAC_L2,Sukita_Laranja,9,0.0,0.0,0.0,0.0,0.0,0.0
125,Jacarei,JAC_L2,Sukita_Laranja,10,0.0,0.0,0.0,0.0,0.0,0.0
125,Jacarei,JAC_L2,Sukita_Laranja,11,0.0,0.0,0.0,0.0,0.0,0.0
125,Jacarei,JAC_L2,Sukita_Laranja,12,0.0,0.0,0.0,0.0,0.0,0.0
125,Jacarei,JAC_L2,Sukita_Laranja,13,0.0,0.0,0.0,0.0,0.0,0.0
125,Jacarei,JAC_L2,Sukita_Laranja,14,0.0,0.0,0.0,0.0,0.0,0.0
125,Jacarei,JAC_L2,Sukita_Laranja,15,0.0,0.0,0.0,0.0,0.0,0.0
125,Jacarei,JAC_L2,H2OH_Limao,1,0.0,0.0,0.0,0.0,0.0,0.0
125,Jacarei,JAC_L2,H2OH_Limao,2,0.0,0.0,0.0,0.0,0.0,0.0
125,Jacarei,JAC_L2,H2OH_Limao,3,0.0,0.0,0.0,0.0,0.0,0.0
125,Jacarei,JAC_L2,H2OH_Limao,4,0.0,0.0,14508.21,0.0,0.0,14508.21
125,Jacarei,JAC_L2,H2OH_Limao,5,0.0,0.0,0.0,0.0,0.0,0.0
125,Jacarei,JAC_L2,H2OH_Limao,6,0.0,0.0,0.0,0.0,0.0,0.0
125,Jacarei,JAC_L2,H2OH_Limao,7,0.0,0.0,0.0,0.0,0.0,0.0
125,Jacarei,JAC_L2,H2OH_Limao,8,0.0,0.0,0.0,0.0,0.0,0.0
125,Jacarei,JAC_L2,H2OH_Limao,9,0.0,0.0,0.0,0.0,0.0,0.0
125,Jacarei,JAC_L2,H2OH_Limao,10,0.0,0.0,0.0,0.0,0.0,0.0
125,Jacarei,JAC_L2,H2OH_Limao,11,0.0,0.0,0.0,0.0,0.0,0.0
125,Jacarei,JAC_L2,H2OH_Limao,12,0.0,0.0,0.0,0.0,0.0,0.0
125,Jacarei,JAC_L2,H2OH_Limao,13,0.0,0.0,0.0,0.0,0.0,0.0
125,Jacarei,JAC_L2,H2OH_Limao,14,0.0,0.0,0.0,0.0,0.0,0.0
125,Jacarei,JAC_L2,H2OH_Limao,15,0.0,0.0,0.0,0.0,0.0,0.0
125,Jacarei,JAC_L2,Budweiser_Lata,1,0.0,0.0,0.0,0.0,0.0,0.0
125,Jacarei,JAC_L2,Budweiser_Lata,2,0.0,0.0,0.0,0.0,0.0,0.0
125,Jacarei,JAC_L2,Budweiser_Lata,3,0.0,0.0,0.0,0.0,0.0,0.0
125,Jacarei,JAC_L2,Budweiser_Lata,4,0.0,0.0,0.0,0.0,0.0,0.0
125,Jacarei,JAC_L2,Budweiser_Lata,5,0.0,0.0,0.0,0.0,0.0,0.0
125,Jacarei,JAC_L2,Budweiser_Lata,6,0.0,0.0,0.0,0.0,0.0,0.0
125,Jacarei,JAC_L2,Budweiser_Lata,7,0.0,0.0,0.0,0.0,0.0,0.0
125,Jacarei,JAC_L2,Budweiser_Lata,8,0.0,0.0,27835.18,0.0,0.0,27835.18
125,Jacarei,JAC_L2,Budweiser_Lata,9,0.0,0.0,0.0,0.0,0.0,0.0
125,Jacarei,JAC_L2,Budweiser_Lata,10,0.0,0.0,0.0,0.0,0.0,0.0
125,Jacarei,JAC_L2,Budweiser_Lata,11,0.0,0.0,0.0,0.0,0.0,0.0
125,Jacarei,JAC_L2,Budweiser_Lata,12,0.0,0.0,0.0,0.0,0.0,0.0
125,Jacarei,JAC_L2,Budweiser_Lata,13,644.5999999999949,0.0,0.0,0.0,644.5999999999949,0.0
125,Jacarei,JAC_L2,Budweiser_Lata,14,0.0,0.0,0.0,0.0,0.0,0.0
125,Jacarei,JAC_L2,Budweiser_Lata,15,5077.249999999998,0.0,0.0,0.0,5077.249999999998,0.0
125,Jacarei,JAC_L2,Kuat,1,0.0,0.0,0.0,0.0,0.0,0.0
125,Jacarei,JAC_L2,Kuat,2,0.0,0.0,0.0,0.0,0.0,0.0
125,Jacarei,JAC_L2,Kuat,3,0.0,0.0,0.0,0.0,0.0,0.0
125,Jacarei,JAC_L2,Kuat,4,0.0,0.0,0.0,0.0,0.0,0.0
125,Jacarei,JAC_L2,Kuat,5,0.0,0.0,0.0,0.0,0.0,0.0
125,Jacarei,JAC_L2,Kuat,6,0.0,0.0,0.0,0.0,0.0,0.0
125,Jacarei,JAC_L2,Kuat,7,0.0,0.0,0.0,0.0,0.0,0.0
125,Jacarei,JAC_L2,Kuat,8,0.0,0.0,0.0,0.0,0.0,0.0
125,Jacarei,JAC_L2,Kuat,9,0.0,0.0,21861.36,0.0,0.0,21861.36
125,Jacarei,JAC_L2,Kuat,10,0.0,0.0,0.0,0.0,0.0,0.0
125,Jacarei,JAC_L2,Kuat,11,0.0,0.0,0.0,0.0,0.0,0.0
125,Jacarei,JAC_L2,Kuat,12,0.0,0.0,0.0,0.0,0.0,51240.7
125,Jacarei,JAC_L2,Kuat,13,0.0,0.0,0.0,0.0,0.0,0.0
125,Jacarei,JAC_L2,Kuat,14,0.0,0.0,0.0,0.0,0.0,0.0
125,Jacarei,JAC_L2,Kuat,15,0.0,0.0,0.0,0.0,0.0,0.0
125,Jacarei,JAC_L2,Fanta_Uva,1,0.0,0.0,0.0,0.0,0.0,0.0
125,Jacarei,JAC_L2,Fanta_Uva,2,0.0,0.0,0.0,0.0,0.0,0.0
125,Jacarei,JAC_L2,Fanta_Uva,3,0.0,0.0,0.0,0.0,0.0,0.0
125,Jacarei,JAC_L2,Fanta_Uva,4,0.0,0.0,0.0,0.0,0.0,0.0
125,Jacarei,JAC_L2,Fanta_Uva,5,0.0,0.0,0.0,0.0,0.0,0.0
125,Jacarei,JAC_L2,Fanta_Uva,6,0.0,0.0,0.0,0.0,0.0,54524.25
125,Jacarei,JAC_L2,Fanta_Uva,7,0.0,0.0,0.0,0.0,0.0,0.0
125,Jacarei,JAC_L2,Fanta_Uva,8,0.0,0.0,0.0,0.0,0.0,26863.34
125,Jacarei,JAC_L2,Fanta_Uva,9,0.0,0.0,0.0,0.0,0.0,0.0
125,Jacarei,JAC_L2,Fanta_Uva,10,0.0,0.0,16511.18,0.0,0.0,16511.18
125,Jacarei,JAC_L2,Fanta_Uva,11,0.0,0.0,0.0,0.0,5891.190000000007,0.0
125,Jacarei,JAC_L2,Fanta_Uva,12,0.0,0.0,0.0,0.0,22212.639999999985,0.0
125,Jacarei,JAC_L2,Fanta_Uva,13,8818.589999999997,0.0,0.0,0.0,8818.589999999997,0.0
125,Jacarei,JAC_L2,Fanta_Uva,14,0.0,0.0,22438.23,0.0,21456.61,22438.23
125,Jacarei,JAC_L2,Fanta_Uva,15,0.0,0.0,18446.84,0.0,0.0,18446.84
125,Jacarei,JAC_L2,Sprite,1,36072.0,0.0,0.0,0.0,36072.0,0.0
125,Jacarei,JAC_L2,Sprite,2,38112.0,0.0,0.0,0.0,38112.0,0.0
125,Jacarei,JAC_L2,Sprite,3,41448.0,0.0,0.0,0.0,41448.00000000001,24629.21
125,Jacarei,JAC_L2,Sprite,4,37248.0,0.0,0.0,0.0,37248.0,0.0
125,Jacarei,JAC_L2,Sprite,5,8990.08,0.0,0.0,0.0,8990.08,0.0
125,Jacarei,JAC_L2,Sprite,6,29292.08,0.0,0.0,0.0,29292.08,17875.350000000002
125,Jacarei,JAC_L2,Sprite,7,37824.0,0.0,0.0,0.0,37824.00000000001,37824.00000000001
125,Jacarei,JAC_L2,Sprite,8,33408.0,0.0,0.0,0.0,59052.93,0.0
125,Jacarei,JAC_L2,Sprite,9,37872.0,0.0,0.0,0.0,67926.42000000001,0.0
125,Jacarei,JAC_L2,Sprite,10,39936.0,0.0,0.0,0.0,39936.0,49959.1
125,Jacarei,JAC_L2,Sprite,11,41088.0,0.0,0.0,0.0,41088.00000000001,0.0
125,Jacarei,JAC_L2,Sprite,12,38160.0,0.0,0.0,0.0,38160.0,0.0
125,Jacarei,JAC_L2,Sprite,13,29848.81000000001,0.0,0.0,0.0,29848.81000000001,19498.65000000001
125,Jacarei,JAC_L2,Sprite,14,37104.0,0.0,12079.83,0.0,44522.82,0.0
125,Jacarei,JAC_L2,Sprite,15,34546.75,0.0,0.0,0.0,34546.75,0.0
125,Jacarei,JAC_L2,Skol_Lata,1,0.0,0.0,0.0,0.0,16421.430000000015,0.0
125,Jacarei,JAC_L2,Skol_Lata,2,0.0,0.0,0.0,0.0,0.0,8782.420000000006
125,Jacarei,JAC_L2,Skol_Lata,3,0.0,0.0,0.0,0.0,0.0,36395.46
125,Jacarei,JAC_L2,Skol_Lata,4,0.0,0.0,0.0,0.0,18462.37,0.0
125,Jacarei,JAC_L2,Skol_Lata,5,0.0,0.0,0.0,0.0,0.0,0.0
125,Jacarei,JAC_L2,Skol_Lata,6,0.0,0.0,0.0,0.0,0.0,12225.899999999994
125,Jacarei,JAC_L2,Skol_Lata,7,0.0,0.0,0.0,0.0,0.0,37082.29000000001
125,Jacarei,JAC_L2,Skol_Lata,8,0.0,0.0,0.0,0.0,0.0,0.0
125,Jacarei,JAC_L2,Skol_Lata,9,0.0,0.0,0.0,0.0,0.0,27319.629999999994
125,Jacarei,JAC_L2,Skol_Lata,10,0.0,0.0,0.0,0.0,0.0,38208.0
125,Jacarei,JAC_L2,Skol_Lata,11,0.0,0.0,0.0,0.0,55106.649999999994,0.0
125,Jacarei,JAC_L2,Skol_Lata,12,0.0,0.0,0.0,0.0,0.0,17887.81
125,Jacarei,JAC_L2,Skol_Lata,13,0.0,0.0,0.0,0.0,28005.710000000003,0.0
125,Jacarei,JAC_L2,Skol_Lata,14,0.0,0.0,0.0,0.0,303.07999999999447,0.0
125,Jacarei,JAC_L2,Skol_Lata,15,0.0,0.0,0.0,0.0,0.0,0.0
125,Jacarei,JAC_L2,Guarana_Antarctica,1,0.0,0.0,0.0,0.0,0.0,0.0
125,Jacarei,JAC_L2,Guarana_Antarctica,2,0.0,0.0,0.0,0.0,0.0,0.0
125,Jacarei,JAC_L2,Guarana_Antarctica,3,0.0,0.0,0.0,0.0,0.0,0.0
125,Jacarei,JAC_L2,Guarana_Antarctica,4,0.0,0.0,0.0,0.0,0.0,0.0
125,Jacarei,JAC_L2,Guarana_Antarctica,5,0.0,0.0,0.0,0.0,0.0,0.0
125,Jacarei,JAC_L2,Guarana_Antarctica,6,0.0,0.0,0.0,0.0,0.0,0.0
125,Jacarei,JAC_L2,Guarana_Antarctica,7,0.0,0.0,0.0,0.0,0.0,0.0
125,Jacarei,JAC_L2,Guarana_Antarctica,8,0.0,0.0,0.0,0.0,0.0,0.0
125,Jacarei,JAC_L2,Guarana_Antarctica,9,0.0,0.0,0.0,0.0,0.0,0.0
125,Jacarei,JAC_L2,Guarana_Antarctica,10,0.0,0.0,0.0,0.0,0.0,0.0
125,Jacarei,JAC_L2,Guarana_Antarctica,11,0.0,0.0,0.0,0.0,0.0,0.0
125,Jacarei,JAC_L2,Guarana_Antarctica,12,0.0,0.0,0.0,0.0,0.0,0.0
125,Jacarei,JAC_L2,Guarana_Antarctica,13,0.0,0.0,0.0,0.0,0.0,0.0
125,Jacarei,JAC_L2,Guarana_Antarctica,14,0.0,0.0,0.0,0.0,0.0,0.0
125,Jacarei,JAC_L2,Guarana_Antarctica,15,0.0,0.0,0.0,0.0,0.0,0.0
125,Jacarei,JAC_L2,Guarana_Antarctica_Zero,1,0.0,0.0,0.0,0.0,0.0,0.0
125,Jacarei,JAC_L2,Guarana_Antarctica_Zero,2,0.0,0.0,0.0,0.0,0.0,0.0
125,Jacarei,JAC_L2,Guarana_Antarctica_Zero,3,0.0,0.0,0.0,0.0,0.0,0.0
125,Jacarei,JAC_L2,Guarana_Antarctica_Zero,4,0.0,0.0,0.0,0.0,0.0,0.0
125,Jacarei,JAC_L2,Guarana_Antarctica_Zero,5,0.0,0.0,0.0,0.0,0.0,48592.48
125,Jacarei,JAC_L2,Guarana_Antarctica_Zero,6,0.0,0.0,0.0,0.0,0.0,0.0
125,Jacarei,JAC_L2,Guarana_Antarctica_Zero,7,0.0,0.0,0.0,0.0,0.0,0.0
125,Jacarei,JAC_L2,Guarana_Antarctica_Zero,8,0.0,0.0,0.0,0.0,0.0,0.0
125,Jacarei,JAC_L2,Guarana_Antarctica_Zero,9,0.0,0.0,0.0,0.0,0.0,0.0
125,Jacarei,JAC_L2,Guarana_Antarctica_Zero,10,0.0,0.0,0.0,0.0,0.0,0.0
125,Jacarei,JAC_L2,Guarana_Antarctica_Zero,11,0.0,0.0,0.0,0.0,0.0,0.0
125,Jacarei,JAC_L2,Guarana_Antarctica_Zero,12,0.0,0.0,0.0,0.0,0.0,0.0
125,Jacarei,JAC_L2,Guarana_Antarctica_Zero,13,0.0,0.0,0.0,0.0,0.0,0.0
125,Jacarei,JAC_L2,Guarana_Antarctica_Zero,14,0.0,0.0,0.0,0.0,0.0,0.0
125,Jacarei,JAC_L2,Guarana_Antarctica_Zero,15,0.0,0.0,0.0,0.0,0.0,0.0
125,Jacarei,JAC_L2,Del_Valle_Uva,1,0.0,0.0,0.0,0.0,0.0,0.0
125,Jacarei,JAC_L2,Del_Valle_Uva,2,0.0,0.0,0.0,0.0,9405.520000000002,0.0
125,Jacarei,JAC_L2,Del_Valle_Uva,3,0.0,0.0,0.0,0.0,0.0,0.0
125,Jacarei,JAC_L2,Del_Valle_Uva,4,0.0,0.0,0.0,0.0,0.0,0.0
125,Jacarei,JAC_L2,Del_Valle_Uva,5,0.0,0.0,0.0,0.0,0.0,0.0
125,Jacarei,JAC_L2,Del_Valle_Uva,6,0.0,0.0,0.0,0.0,0.0,0.0
125,Jacarei,JAC_L2,Del_Valle_Uva,7,0.0,0.0,0.0,0.0,0.0,0.0
125,Jacarei,JAC_L2,Del_Valle_Uva,8,0.0,0.0,0.0,0.0,0.0,0.0
125,Jacarei,JAC_L2,Del_Valle_Uva,9,0.0,0.0,0.0,0.0,0.0,0.0
125,Jacarei,JAC_L2,Del_Valle_Uva,10,0.0,0.0,0.0,0.0,0.0,0.0
125,Jacarei,JAC_L2,Del_Valle_Uva,11,0.0,0.0,0.0,0.0,0.0,0.0
125,Jacarei,JAC_L2,Del_Valle_Uva,12,0.0,0.0,0.0,0.0,0.0,0.0
125,Jacarei,JAC_L2,Del_Valle_Uva,13,0.0,0.0,0.0,0.0,0.0,0.0
125,Jacarei,JAC_L2,Del_Valle_Uva,14,0.0,0.0,0.0,0.0,0.0,37817.85999999999
125,Jacarei,JAC_L2,Del_Valle_Uva,15,0.0,0.0,0.0,0.0,38784.0,0.0
125,Jacarei,JAC_L2,Brahma_Lata,1,0.0,0.0,0.0,0.0,0.0,0.0
125,Jacarei,JAC_L2,Brahma_Lata,2,0.0,0.0,0.0,0.0,0.0,0.0
125,Jacarei,JAC_L2,Brahma_Lata,3,0.0,0.0,0.0,0.0,0.0,0.0
125,Jacarei,JAC_L2,Brahma_Lata,4,0.0,0.0,0.0,0.0,0.0,0.0
125,Jacarei,JAC_L2,Brahma_Lata,5,0.0,0.0,0.0,0.0,0.0,0.0
125,Jacarei,JAC_L2,Brahma_Lata,6,0.0,0.0,0.0,0.0,0.0,0.0
125,Jacarei,JAC_L2,Brahma_Lata,7,0.0,0.0,0.0,0.0,0.0,0.0
125,Jacarei,JAC_L2,Brahma_Lata,8,0.0,0.0,0.0,0.0,0.0,0.0
125,Jacarei,JAC_L2,Brahma_Lata,9,0.0,0.0,0.0,0.0,0.0,0.0
125,Jacarei,JAC_L2,Brahma_Lata,10,0.0,0.0,0.0,0.0,0.0,0.0
125,Jacarei,JAC_L2,Brahma_Lata,11,0.0,0.0,0.0,0.0,0.0,0.0
125,Jacarei,JAC_L2,Brahma_Lata,12,0.0,0.0,0.0,0.0,0.0,0.0
125,Jacarei,JAC_L2,Brahma_Lata,13,0.0,0.0,0.0,0.0,0.0,0.0
125,Jacarei,JAC_L2,Brahma_Lata,14,0.0,0.0,0.0,0.0,0.0,0.0
125,Jacarei,JAC_L2,Brahma_Lata,15,0.0,0.0,0.0,0.0,0.0,0.0
125,Jacarei,JAC_L2,Itaipava_Lata,1,0.0,0.0,0.0,0.0,0.0,0.0
125,Jacarei,JAC_L2,Itaipava_Lata,2,0.0,0.0,0.0,0.0,0.0,0.0
125,Jacarei,JAC_L2,Itaipava_Lata,3,0.0,0.0,0.0,0.0,0.0,0.0
125,Jacarei,JAC_L2,Itaipava_Lata,4,0.0,0.0,0.0,0.0,0.0,0.0
125,Jacarei,JAC_L2,Itaipava_Lata,5,0.0,0.0,0.0,0.0,0.0,0.0
125,Jacarei,JAC_L2,Itaipava_Lata,6,0.0,0.0,0.0,0.0,0.0,0.0
125,Jacarei,JAC_L2,Itaipava_Lata,7,0.0,0.0,0.0,0.0,0.0,0.0
125,Jacarei,JAC_L2,Itaipava_Lata,8,0.0,0.0,0.0,0.0,0.0,0.0
125,Jacarei,JAC_L2,Itaipava_Lata,9,0.0,0.0,0.0,0.0,0.0,0.0
125,Jacarei,JAC_L2,Itaipava_Lata,10,0.0,0.0,0.0,0.0,0.0,0.0
125,Jacarei,JAC_L2,Itaipava_Lata,11,0.0,0.0,0.0,0.0,0.0,0.0
125,Jacarei,JAC_L2,Itaipava_Lata,12,0.0,0.0,0.0,0.0,0.0,0.0
125,Jacarei,JAC_L2,Itaipava_Lata,13,0.0,0.0,0.0,0.0,0.0,0.0
125,Jacarei,JAC_L2,Itaipava_Lata,14,0.0,0.0,0.0,0.0,0.0,0.0
125,Jacarei,JAC_L2,Itaipava_Lata,15,0.0,0.0,0.0,0.0,0.0,0.0
125,Jacarei,JAC_L3,Maguary_Maracuja,1,14384.639999999989,0.0,0.0,0.0,14384.639999999989,42478.34
125,Jacarei,JAC_L3,Maguary_Maracuja,2,0.0,0.0,0.0,0.0,0.0,0.0
125,Jacarei,JAC_L3,Maguary_Maracuja,3,0.0,0.0,0.0,0.0,0.0,0.0
125,Jacarei,JAC_L3,Maguary_Maracuja,4,14263.39,0.0,0.0,0.0,14263.39,0.0
125,Jacarei,JAC_L3,Maguary_Maracuja,5,40656.0,0.0,0.0,0.0,40656.0,0.0
125,Jacarei,JAC_L3,Maguary_Maracuja,6,25207.17000000001,0.0,0.0,0.0,25207.17000000001,0.0
125,Jacarei,JAC_L3,Maguary_Maracuja,7,0.0,0.0,0.0,0.0,0.0,0.0
125,Jacarei,JAC_L3,Maguary_Maracuja,8,39024.0,0.0,0.0,0.0,39024.0,0.0
125,Jacarei,JAC_L3,Maguary_Maracuja,9,12162.769999999993,0.0,0.0,0.0,12162.769999999993,0.0
125,Jacarei,JAC_L3,Maguary_Maracuja,10,38328.0,0.0,0.0,0.0,38328.0,0.0
125,Jacarei,JAC_L3,Maguary_Maracuja,11,15719.579999999994,0.0,33122.7,0.0,0.0,37943.41
125,Jacarei,JAC_L3,Maguary_Maracuja,12,0.0,0.0,0.0,0.0,0.0,0.0
125,Jacarei,JAC_L3,Maguary_Maracuja,13,0.0,0.0,46608.25,0.0,0.0,46608.25
125,Jacarei,JAC_L3,Maguary_Maracuja,14,0.0,0.0,0.0,0.0,0.0,0.0
125,Jacarei,JAC_L3,Maguary_Maracuja,15,0.0,0.0,0.0,0.0,0.0,0.0
125,Jacarei,JAC_L3,Fanta_Laranja,1,0.0,0.0,0.0,0.0,0.0,0.0
125,Jacarei,JAC_L3,Fanta_Laranja,2,0.0,0.0,0.0,0.0,0.0,17038.38
125,Jacarei,JAC_L3,Fanta_Laranja,3,0.0,0.0,0.0,0.0,0.0,0.0
125,Jacarei,JAC_L3,Fanta_Laranja,4,0.0,0.0,0.0,0.0,0.0,0.0
125,Jacarei,JAC_L3,Fanta_Laranja,5,0.0,0.0,0.0,0.0,0.0,0.0
125,Jacarei,JAC_L3,Fanta_Laranja,6,0.0,0.0,0.0,0.0,0.0,41704.95
125,Jacarei,JAC_L3,Fanta_Laranja,7,0.0,0.0,0.0,0.0,0.0,0.0
125,Jacarei,JAC_L3,Fanta_Laranja,8,0.0,0.0,0.0,0.0,0.0,0.0
125,Jacarei,JAC_L3,Fanta_Laranja,9,0.0,0.0,0.0,0.0,0.0,0.0
125,Jacarei,JAC_L3,Fanta_Laranja,10,0.0,0.0,0.0,0.0,0.0,0.0
125,Jacarei,JAC_L3,Fanta_Laranja,11,0.0,0.0,0.0,0.0,0.0,0.0
125,Jacarei,JAC_L3,Fanta_Laranja,12,0.0,0.0,0.0,0.0,0.0,0.0
125,Jacarei,JAC_L3,Fanta_Laranja,13,0.0,0.0,0.0,0.0,0.0,3130.39
125,Jacarei,JAC_L3,Fanta_Laranja,14,0.0,0.0,0.0,0.0,0.0,0.0
125,Jacarei,JAC_L3,Fanta_Laranja,15,0.0,0.0,0.0,0.0,0.0,0.0
125,Jacarei,JAC_L3,Schweppes_Citrus,1,0.0,0.0,0.0,0.0,0.0,0.0
125,Jacarei,JAC_L3,Schweppes_Citrus,2,0.0,0.0,0.0,0.0,0.0,12747.23
125,Jacarei,JAC_L3,Schweppes_Citrus,3,0.0,0.0,0.0,0.0,0.0,0.0
125,Jacarei,JAC_L3,Schweppes_Citrus,4,0.0,0.0,0.0,0.0,0.0,0.0
125,Jacarei,JAC_L3,Schweppes_Citrus,5,0.0,0.0,0.0,0.0,0.0,0.0
125,Jacarei,JAC_L3,Schweppes_Citrus,6,0.0,56194.250000000015,0.0,0.0,0.0,56194.250000000015
125,Jacarei,JAC_L3,Schweppes_Citrus,7,0.0,0.0,0.0,0.0,56194.250000000015,72917.98000000001
125,Jacarei,JAC_L3,Schweppes_Citrus,8,0.0,0.0,0.0,0.0,0.0,0.0
125,Jacarei,JAC_L3,Schweppes_Citrus,9,0.0,0.0,0.0,0.0,0.0,0.0
125,Jacarei,JAC_L3,Schweppes_Citrus,10,0.0,0.0,0.0,0.0,0.0,0.0
125,Jacarei,JAC_L3,Schweppes_Citrus,11,0.0,9652.509999999998,0.0,0.0,0.0,9652.509999999998
125,Jacarei,JAC_L3,Schweppes_Citrus,12,0.0,25823.37999999999,0.0,0.0,0.0,16170.869999999992
125,Jacarei,JAC_L3,Schweppes_Citrus,13,0.0,0.0,0.0,0.0,25823.37999999999,0.0
125,Jacarei,JAC_L3,Schweppes_Citrus,14,0.0,0.0,0.0,0.0,0.0,0.0
125,Jacarei,JAC_L3,Schweppes_Citrus,15,0.0,0.0,0.0,0.0,0.0,0.0
125,Jacarei,JAC_L3,Sprite_Zero,1,0.0,0.0,0.0,0.0,0.0,20427.63
125,Jacarei,JAC_L3,Sprite_Zero,2,0.0,0.0,0.0,0.0,0.0,22273.89
125,Jacarei,JAC_L3,Sprite_Zero,3,0.0,0.0,0.0,0.0,0.0,17765.54
125,Jacarei,JAC_L3,Sprite_Zero,4,0.0,0.0,0.0,0.0,0.0,0.0
125,Jacarei,JAC_L3,Sprite_Zero,5,0.0,0.0,0.0,0.0,0.0,0.0
125,Jacarei,JAC_L3,Sprite_Zero,6,0.0,0.0,0.0,0.0,0.0,0.0
125,Jacarei,JAC_L3,Sprite_Zero,7,0.0,0.0,0.0,0.0,0.0,11825.03
125,Jacarei,JAC_L3,Sprite_Zero,8,0.0,0.0,0.0,0.0,0.0,0.0
125,Jacarei,JAC_L3,Sprite_Zero,9,0.0,0.0,16805.98,0.0,0.0,47682.03
125,Jacarei,JAC_L3,Sprite_Zero,10,0.0,0.0,0.0,0.0,0.0,0.0
125,Jacarei,JAC_L3,Sprite_Zero,11,0.0,0.0,0.0,0.0,0.0,0.0
125,Jacarei,JAC_L3,Sprite_Zero,12,0.0,0.0,0.0,0.0,0.0,0.0
125,Jacarei,JAC_L3,Sprite_Zero,13,0.0,0.0,0.0,0.0,0.0,0.0
125,Jacarei,JAC_L3,Sprite_Zero,14,0.0,0.0,0.0,0.0,0.0,0.0
125,Jacarei,JAC_L3,Sprite_Zero,15,0.0,0.0,0.0,0.0,0.0,21170.83
125,Jacarei,JAC_L3,Eisenbahn_Pilsen,1,0.0,24407.209999999992,0.0,0.0,0.0,24407.209999999992
125,Jacarei,JAC_L3,Eisenbahn_Pilsen,2,0.0,32307.119999999988,0.0,0.0,0.0,7899.909999999996
125,Jacarei,JAC_L3,Eisenbahn_Pilsen,3,0.0,16587.43,0.0,0.0,15719.689999999986,23336.24
125,Jacarei,JAC_L3,Eisenbahn_Pilsen,4,0.0,0.0,0.0,0.0,16587.43,0.0
125,Jacarei,JAC_L3,Eisenbahn_Pilsen,5,0.0,0.0,0.0,0.0,0.0,0.0
125,Jacarei,JAC_L3,Eisenbahn_Pilsen,6,0.0,0.0,0.0,0.0,0.0,5609.58
125,Jacarei,JAC_L3,Eisenbahn_Pilsen,7,0.0,0.0,0.0,0.0,0.0,0.0
125,Jacarei,JAC_L3,Eisenbahn_Pilsen,8,0.0,0.0,0.0,0.0,0.0,0.0
125,Jacarei,JAC_L3,Eisenbahn_Pilsen,9,0.0,0.0,0.0,0.0,0.0,0.0
125,Jacarei,JAC_L3,Eisenbahn_Pilsen,10,0.0,0.0,0.0,0.0,0.0,5363.86
125,Jacarei,JAC_L3,Eisenbahn_Pilsen,11,0.0,0.0,0.0,0.0,0.0,0.0
125,Jacarei,JAC_L3,Eisenbahn_Pilsen,12,0.0,0.0,0.0,0.0,0.0,0.0
125,Jacarei,JAC_L3,Eisenbahn_Pilsen,13,0.0,0.0,0.0,0.0,0.0,51783.61
125,Jacarei,JAC_L3,Eisenbahn_Pilsen,14,0.0,0.0,0.0,0.0,0.0,0.0
125,Jacarei,JAC_L3,Eisenbahn_Pilsen,15,0.0,0.0,0.0,0.0,0.0,0.0
125,Jacarei,JAC_L3,Del_Valle_Pessego,1,0.0,0.0,0.0,0.0,0.0,0.0
125,Jacarei,JAC_L3,Del_Valle_Pessego,2,0.0,0.0,0.0,0.0,0.0,0.0
125,Jacarei,JAC_L3,Del_Valle_Pessego,3,0.0,0.0,0.0,0.0,0.0,19045.86
125,Jacarei,JAC_L3,Del_Valle_Pessego,4,0.0,0.0,0.0,0.0,0.0,0.0
125,Jacarei,JAC_L3,Del_Valle_Pessego,5,0.0,0.0,0.0,0.0,15244.169999999998,18641.06
125,Jacarei,JAC_L3,Del_Valle_Pessego,6,0.0,0.0,0.0,0.0,0.0,41856.0
125,Jacarei,JAC_L3,Del_Valle_Pessego,7,0.0,0.0,0.0,0.0,0.0,0.0
125,Jacarei,JAC_L3,Del_Valle_Pessego,8,0.0,0.0,0.0,0.0,0.0,0.0
125,Jacarei,JAC_L3,Del_Valle_Pessego,9,0.0,0.0,0.0,0.0,0.0,0.0
125,Jacarei,JAC_L3,Del_Valle_Pessego,10,0.0,0.0,0.0,0.0,0.0,0.0
125,Jacarei,JAC_L3,Del_Valle_Pessego,11,0.0,0.0,0.0,0.0,0.0,0.0
125,Jacarei,JAC_L3,Del_Valle_Pessego,12,0.0,0.0,0.0,0.0,0.0,0.0
125,Jacarei,JAC_L3,Del_Valle_Pessego,13,0.0,0.0,0.0,0.0,0.0,0.0
125,Jacarei,JAC_L3,Del_Valle_Pessego,14,0.0,0.0,0.0,0.0,0.0,0.0
125,Jacarei,JAC_L3,Del_Valle_Pessego,15,0.0,0.0,0.0,0.0,0.0,0.0
125,Jacarei,JAC_L3,Coca_Cola,1,0.0,0.0,0.0,0.0,0.0,0.0
125,Jacarei,JAC_L3,Coca_Cola,2,0.0,0.0,0.0,0.0,0.0,0.0
125,Jacarei,JAC_L3,Coca_Cola,3,0.0,0.0,0.0,0.0,0.0,0.0
125,Jacarei,JAC_L3,Coca_Cola,4,0.0,0.0,0.0,0.0,0.0,0.0
125,Jacarei,JAC_L3,Coca_Cola,5,0.0,0.0,0.0,0.0,0.0,0.0
125,Jacarei,JAC_L3,Coca_Cola,6,0.0,0.0,0.0,0.0,0.0,0.0
125,Jacarei,JAC_L3,Coca_Cola,7,0.0,0.0,0.0,0.0,0.0,0.0
125,Jacarei,JAC_L3,Coca_Cola,8,0.0,0.0,0.0,0.0,0.0,0.0
125,Jacarei,JAC_L3,Coca_Cola,9,0.0,0.0,0.0,0.0,0.0,0.0
125,Jacarei,JAC_L3,Coca_Cola,10,0.0,0.0,0.0,0.0,0.0,0.0
125,Jacarei,JAC_L3,Coca_Cola,11,0.0,0.0,0.0,13507.14,0.0,0.0
125,Jacarei,JAC_L3,Coca_Cola,12,0.0,0.0,0.0,0.0,0.0,0.0
125,Jacarei,JAC_L3,Coca_Cola,13,0.0,0.0,0.0,0.0,0.0,0.0
125,Jacarei,JAC_L3,Coca_Cola,14,0.0,0.0,0.0,0.0,0.0,0.0
125,Jacarei,JAC_L3,Coca_Cola,15,0.0,0.0,0.0,42773.88,0.0,0.0
125,Jacarei,JAC_L3,Amstel_Lata,1,8745.93,0.0,0.0,0.0,8745.93,0.0
125,Jacarei,JAC_L3,Amstel_Lata,2,23864.600000000002,0.0,12345.34,0.0,11519.260000000002,0.0
125,Jacarei,JAC_L3,Amstel_Lata,3,35640.0,0.0,0.0,0.0,35640.0,0.0
125,Jacarei,JAC_L3,Amstel_Lata,4,20008.61,0.0,0.0,0.0,20008.61,20008.61
125,Jacarei,JAC_L3,Amstel_Lata,5,0.0,0.0,0.0,0.0,0.0,0.0
125,Jacarei,JAC_L3,Amstel_Lata,6,17680.829999999987,0.0,0.0,0.0,17680.829999999987,0.0
125,Jacarei,JAC_L3,Amstel_Lata,7,39120.0,0.0,0.0,0.0,39120.0,0.0
125,Jacarei,JAC_L3,Amstel_Lata,8,0.0,0.0,0.0,0.0,0.0,0.0
125,Jacarei,JAC_L3,Amstel_Lata,9,25709.23000000001,0.0,0.0,0.0,25709.230000000007,0.0
125,Jacarei,JAC_L3,Amstel_Lata,10,0.0,0.0,0.0,0.0,0.0,27335.23
125,Jacarei,JAC_L3,Amstel_Lata,11,16189.23,0.0,0.0,0.0,16189.23,0.0
125,Jacarei,JAC_L3,Amstel_Lata,12,16715.360000000015,0.0,0.0,0.0,16715.360000000015,0.0
125,Jacarei,JAC_L3,Amstel_Lata,13,38568.0,0.0,0.0,0.0,38568.0,43008.5
125,Jacarei,JAC_L3,Amstel_Lata,14,16895.39,0.0,0.0,0.0,16895.39,0.0
125,Jacarei,JAC_L3,Amstel_Lata,15,0.0,0.0,0.0,0.0,0.0,0.0
125,Jacarei,JAC_L3,Pepsi_Black,1,0.0,0.0,0.0,0.0,0.0,19378.72
125,Jacarei,JAC_L3,Pepsi_Black,2,0.0,0.0,0.0,0.0,0.0,0.0
125,Jacarei,JAC_L3,Pepsi_Black,3,0.0,0.0,0.0,0.0,0.0,0.0
125,Jacarei,JAC_L3,Pepsi_Black,4,0.0,0.0,0.0,0.0,0.0,0.0
125,Jacarei,JAC_L3,Pepsi_Black,5,0.0,0.0,0.0,0.0,8379.84,32469.49
125,Jacarei,JAC_L3,Pepsi_Black,6,0.0,0.0,0.0,0.0,0.0,0.0
125,Jacarei,JAC_L3,Pepsi_Black,7,0.0,0.0,0.0,0.0,0.0,0.0
125,Jacarei,JAC_L3,Pepsi_Black,8,0.0,0.0,0.0,0.0,0.0,34274.369999999995
125,Jacarei,JAC_L3,Pepsi_Black,9,0.0,0.0,0.0,0.0,29199.569999999996,0.0
125,Jacarei,JAC_L3,Pepsi_Black,10,0.0,0.0,0.0,0.0,0.0,2575.739999999998
125,Jacarei,JAC_L3,Pepsi_Black,11,0.0,0.0,0.0,0.0,7650.539999999994,0.0
125,Jacarei,JAC_L3,Pepsi_Black,12,0.0,0.0,0.0,0.0,0.0,23409.760000000002
125,Jacarei,JAC_L3,Pepsi_Black,13,0.0,0.0,0.0,0.0,14236.330000000002,0.0
125,Jacarei,JAC_L3,Pepsi_Black,14,0.0,0.0,0.0,0.0,0.0,0.0
125,Jacarei,JAC_L3,Pepsi_Black,15,0.0,0.0,0.0,0.0,0.0,41929.29
125,Jacarei,JAC_L3,Del_Valle_Laranja,1,0.0,0.0,7243.87,0.0,26738.28,7243.87
125,Jacarei,JAC_L3,Del_Valle_Laranja,2,0.0,0.0,21630.24,0.0,40440.0,21630.24
125,Jacarei,JAC_L3,Del_Valle_Laranja,3,0.0,0.0,0.0,0.0,31370.37,14938.89
125,Jacarei,JAC_L3,Del_Valle_Laranja,4,0.0,0.0,0.0,0.0,0.0,0.0
125,Jacarei,JAC_L3,Del_Valle_Laranja,5,0.0,0.0,0.0,0.0,41448.00000000001,0.0
125,Jacarei,JAC_L3,Del_Valle_Laranja,6,0.0,0.0,0.0,0.0,30052.97,0.0
125,Jacarei,JAC_L3,Del_Valle_Laranja,7,0.0,0.0,0.0,0.0,34945.77,4617.419999999998
125,Jacarei,JAC_L3,Del_Valle_Laranja,8,0.0,0.0,0.0,0.0,39552.00000000001,0.0
125,Jacarei,JAC_L3,Del_Valle_Laranja,9,0.0,0.0,14246.02,0.0,40295.99999999999,14246.02
125,Jacarei,JAC_L3,Del_Valle_Laranja,10,0.0,0.0,0.0,0.0,41544.0,0.0
125,Jacarei,JAC_L3,Del_Valle_Laranja,11,0.0,0.0,0.0,0.0,35880.0,52902.24
125,Jacarei,JAC_L3,Del_Valle_Laranja,12,0.0,0.0,0.0,0.0,37824.00000000001,0.0
125,Jacarei,JAC_L3,Del_Valle_Laranja,13,0.0,0.0,0.0,0.0,37103.99999999999,0.0
125,Jacarei,JAC_L3,Del_Valle_Laranja,14,0.0,0.0,0.0,0.0,18705.559999999998,0.0
125,Jacarei,JAC_L3,Del_Valle_Laranja,15,0.0,0.0,0.0,0.0,36573.91,0.0
125,Jacarei,JAC_L3,Itubaina,1,0.0,41544.0,0.0,0.0,0.0,41544.0
125,Jacarei,JAC_L3,Itubaina,2,0.0,28815.22,0.0,0.0,12728.779999999999,0.0
125,Jacarei,JAC_L3,Itubaina,3,0.0,0.0,0.0,0.0,28815.22,0.0
125,Jacarei,JAC_L3,Itubaina,4,0.0,31715.35,0.0,0.0,0.0,31715.35
125,Jacarei,JAC_L3,Itubaina,5,0.0,0.0,0.0,0.0,31715.35,15230.759999999998
125,Jacarei,JAC_L3,Itubaina,6,0.0,0.0,0.0,0.0,12947.919999999998,0.0
125,Jacarei,JAC_L3,Itubaina,7,0.0,1886.979999999996,0.0,0.0,0.0,1886.979999999996
125,Jacarei,JAC_L3,Itubaina,8,0.0,0.0,0.0,0.0,1886.979999999996,47217.24
125,Jacarei,JAC_L3,Itubaina,9,0.0,23429.120000000003,0.0,0.0,0.0,23429.120000000003
125,Jacarei,JAC_L3,Itubaina,10,0.0,0.0,0.0,0.0,23429.120000000003,0.0
125,Jacarei,JAC_L3,Itubaina,11,0.0,0.0,0.0,0.0,0.0,0.0
125,Jacarei,JAC_L3,Itubaina,12,0.0,0.0,0.0,0.0,0.0,0.0
125,Jacarei,JAC_L3,Itubaina,13,0.0,13306.550000000001,0.0,0.0,0.0,13306.550000000001
125,Jacarei,JAC_L3,Itubaina,14,0.0,0.0,0.0,0.0,13306.550000000001,0.0
125,Jacarei,JAC_L3,Itubaina,15,0.0,0.0,0.0,0.0,0.0,0.0
125,Jacarei,JAC_L3,Stella_Artois_Pure_Gold,1,0.0,0.0,0.0,0.0,0.0,0.0
125,Jacarei,JAC_L3,Stella_Artois_Pure_Gold,2,0.0,0.0,0.0,0.0,0.0,0.0
125,Jacarei,JAC_L3,Stella_Artois_Pure_Gold,3,0.0,0.0,0.0,0.0,0.0,32747.59
125,Jacarei,JAC_L3,Stella_Artois_Pure_Gold,4,0.0,0.0,13329.14,0.0,0.0,23676.68
125,Jacarei,JAC_L3,Stella_Artois_Pure_Gold,5,0.0,0.0,0.0,0.0,10347.54,28169.02
125,Jacarei,JAC_L3,Stella_Artois_Pure_Gold,6,0.0,0.0,0.0,0.0,0.0,0.0
125,Jacarei,JAC_L3,Stella_Artois_Pure_Gold,7,0.0,0.0,0.0,0.0,0.0,0.0
125,Jacarei,JAC_L3,Stella_Artois_Pure_Gold,8,0.0,0.0,0.0,0.0,789.4500000000153,15053.270000000015
125,Jacarei,JAC_L3,Stella_Artois_Pure_Gold,9,0.0,0.0,0.0,0.0,0.0,0.0
125,Jacarei,JAC_L3,Stella_Artois_Pure_Gold,10,0.0,0.0,0.0,0.0,0.0,0.0
125,Jacarei,JAC_L3,Stella_Artois_Pure_Gold,11,0.0,0.0,0.0,0.0,0.0,0.0
125,Jacarei,JAC_L3,Stella_Artois_Pure_Gold,12,0.0,0.0,0.0,0.0,0.0,31044.89
125,Jacarei,JAC_L3,Stella_Artois_Pure_Gold,13,0.0,0.0,0.0,0.0,31044.89,0.0
125,Jacarei,JAC_L3,Stella_Artois_Pure_Gold,14,0.0,0.0,0.0,0.0,0.0,0.0
125,Jacarei,JAC_L3,Stella_Artois_Pure_Gold,15,0.0,0.0,0.0,0.0,0.0,3113.63
125,Jacarei,JAC_L3,Maguary_Caju,1,0.0,0.0,0.0,0.0,11013.720000000001,0.0
125,Jacarei,JAC_L3,Maguary_Caju,2,0.0,0.0,0.0,0.0,0.0,0.0
125,Jacarei,JAC_L3,Maguary_Caju,3,0.0,0.0,0.0,0.0,17936.52,0.0
125,Jacarei,JAC_L3,Maguary_Caju,4,0.0,0.0,0.0,0.0,36336.0,0.0
125,Jacarei,JAC_L3,Maguary_Caju,5,0.0,0.0,0.0,0.0,0.0,0.0
125,Jacarei,JAC_L3,Maguary_Caju,6,0.0,0.0,0.0,0.0,0.0,0.0
125,Jacarei,JAC_L3,Maguary_Caju,7,0.0,0.0,0.0,0.0,0.0,0.0
125,Jacarei,JAC_L3,Maguary_Caju,8,0.0,0.0,0.0,0.0,0.0,0.0
125,Jacarei,JAC_L3,Maguary_Caju,9,0.0,0.0,0.0,0.0,0.0,0.0
125,Jacarei,JAC_L3,Maguary_Caju,10,0.0,0.0,0.0,0.0,0.0,0.0
125,Jacarei,JAC_L3,Maguary_Caju,11,0.0,0.0,0.0,0.0,0.0,0.0
125,Jacarei,JAC_L3,Maguary_Caju,12,0.0,0.0,0.0,0.0,0.0,0.0
125,Jacarei,JAC_L3,Maguary_Caju,13,0.0,0.0,0.0,0.0,0.0,0.0
125,Jacarei,JAC_L3,Maguary_Caju,14,0.0,0.0,0.0,0.0,21278.440000000006,866.8000000000065
125,Jacarei,JAC_L3,Maguary_Caju,15,0.0,0.0,0.0,0.0,0.0,0.0
125,Jacarei,JAC_L3,Coca_Cola_Zero,1,0.0,0.0,0.0,0.0,0.0,0.0
125,Jacarei,JAC_L3,Coca_Cola_Zero,2,0.0,0.0,0.0,0.0,0.0,32287.310000000005
125,Jacarei,JAC_L3,Coca_Cola_Zero,3,0.0,0.0,0.0,0.0,0.0,0.0
125,Jacarei,JAC_L3,Coca_Cola_Zero,4,0.0,0.0,0.0,0.0,0.0,0.0
125,Jacarei,JAC_L3,Coca_Cola_Zero,5,0.0,0.0,0.0,0.0,0.0,0.0
125,Jacarei,JAC_L3,Coca_Cola_Zero,6,0.0,0.0,0.0,0.0,0.0,0.0
125,Jacarei,JAC_L3,Coca_Cola_Zero,7,0.0,0.0,0.0,0.0,0.0,0.0
125,Jacarei,JAC_L3,Coca_Cola_Zero,8,0.0,0.0,0.0,0.0,0.0,0.0
125,Jacarei,JAC_L3,Coca_Cola_Zero,9,0.0,0.0,0.0,0.0,0.0,0.0
125,Jacarei,JAC_L3,Coca_Cola_Zero,10,0.0,0.0,0.0,0.0,0.0,52773.67
125,Jacarei,JAC_L3,Coca_Cola_Zero,11,0.0,0.0,0.0,0.0,0.0,24441.99
125,Jacarei,JAC_L3,Coca_Cola_Zero,12,0.0,0.0,0.0,0.0,0.0,41396.39
125,Jacarei,JAC_L3,Coca_Cola_Zero,13,0.0,0.0,0.0,0.0,0.0,0.0
125,Jacarei,JAC_L3,Coca_Cola_Zero,14,0.0,0.0,0.0,0.0,0.0,0.0
125,Jacarei,JAC_L3,Coca_Cola_Zero,15,0.0,0.0,6726.35,0.0,0.0,6726.35
125,Jacarei,JAC_L3,Pepsi,1,0.0,0.0,0.0,0.0,0.0,0.0
125,Jacarei,JAC_L3,Pepsi,2,0.0,0.0,0.0,0.0,0.0,0.0
125,Jacarei,JAC_L3,Pepsi,3,0.0,0.0,0.0,0.0,0.0,0.0
125,Jacarei,JAC_L3,Pepsi,4,0.0,0.0,0.0,0.0,0.0,0.0
125,Jacarei,JAC_L3,Pepsi,5,0.0,0.0,0.0,0.0,0.0,0.0
125,Jacarei,JAC_L3,Pepsi,6,0.0,0.0,0.0,0.0,0.0,0.0
125,Jacarei,JAC_L3,Pepsi,7,0.0,0.0,0.0,0.0,0.0,0.0
125,Jacarei,JAC_L3,Pepsi,8,0.0,0.0,0.0,0.0,3029.31,3029.31
125,Jacarei,JAC_L3,Pepsi,9,0.0,0.0,0.0,0.0,0.0,0.0
125,Jacarei,JAC_L3,Pepsi,10,0.0,0.0,0.0,0.0,0.0,0.0
125,Jacarei,JAC_L3,Pepsi,11,0.0,0.0,0.0,0.0,0.0,0.0
125,Jacarei,JAC_L3,Pepsi,12,0.0,0.0,0.0,0.0,0.0,13921.25
125,Jacarei,JAC_L3,Pepsi,13,0.0,0.0,0.0,0.0,0.0,0.0
125,Jacarei,JAC_L3,Pepsi,14,0.0,0.0,0.0,0.0,0.0,0.0
125,Jacarei,JAC_L3,Pepsi,15,0.0,0.0,0.0,0.0,0.0,0.0
125,Jacarei,JAC_L3,Antarctica_Lata,1,0.0,0.0,0.0,0.0,0.0,0.0
125,Jacarei,JAC_L3,Antarctica_Lata,2,0.0,0.0,0.0,0.0,0.0,0.0
125,Jacarei,JAC_L3,Antarctica_Lata,3,0.0,0.0,0.0,0.0,0.0,0.0
125,Jacarei,JAC_L3,Antarctica_Lata,4,0.0,0.0,0.0,0.0,0.0,0.0
125,Jacarei,JAC_L3,Antarctica_Lata,5,0.0,0.0,0.0,0.0,0.0,0.0
125,Jacarei,JAC_L3,Antarctica_Lata,6,0.0,0.0,0.0,0.0,0.0,0.0
125,Jacarei,JAC_L3,Antarctica_Lata,7,0.0,0.0,0.0,0.0,0.0,0.0
125,Jacarei,JAC_L3,Antarctica_Lata,8,0.0,0.0,0.0,0.0,0.0,0.0
125,Jacarei,JAC_L3,Antarctica_Lata,9,0.0,0.0,14919.9,0.0,0.0,14919.9
125,Jacarei,JAC_L3,Antarctica_Lata,10,0.0,0.0,0.0,0.0,0.0,0.0
125,Jacarei,JAC_L3,Antarctica_Lata,11,0.0,0.0,0.0,0.0,0.0,0.0
125,Jacarei,JAC_L3,Antarctica_Lata,12,0.0,0.0,0.0,0.0,0.0,0.0
125,Jacarei,JAC_L3,Antarctica_Lata,13,0.0,0.0,0.0,0.0,0.0,0.0
125,Jacarei,JAC_L3,Antarctica_Lata,14,0.0,0.0,0.0,0.0,0.0,17044.59
125,Jacarei,JAC_L3,Antarctica_Lata,15,0.0,0.0,0.0,0.0,0.0,0.0
125,Jacarei,JAC_L3,Spaten_Lata,1,0.0,0.0,31435.5,0.0,0.0,31435.5
125,Jacarei,JAC_L3,Spaten_Lata,2,0.0,0.0,0.0,0.0,0.0,0.0
125,Jacarei,JAC_L3,Spaten_Lata,3,0.0,0.0,0.0,0.0,0.0,0.0
125,Jacarei,JAC_L3,Spaten_Lata,4,0.0,0.0,0.0,0.0,0.0,0.0
125,Jacarei,JAC_L3,Spaten_Lata,5,0.0,0.0,0.0,0.0,0.0,0.0
125,Jacarei,JAC_L3,Spaten_Lata,6,0.0,0.0,0.0,0.0,0.0,0.0
125,Jacarei,JAC_L3,Spaten_Lata,7,0.0,0.0,0.0,0.0,0.0,0.0
125,Jacarei,JAC_L3,Spaten_Lata,8,0.0,0.0,0.0,0.0,0.0,0.0
125,Jacarei,JAC_L3,Spaten_Lata,9,0.0,0.0,0.0,0.0,0.0,0.0
125,Jacarei,JAC_L3,Spaten_Lata,10,0.0,0.0,0.0,0.0,0.0,0.0
125,Jacarei,JAC_L3,Spaten_Lata,11,0.0,0.0,0.0,0.0,0.0,0.0
125,Jacarei,JAC_L3,Spaten_Lata,12,0.0,0.0,0.0,0.0,0.0,0.0
125,Jacarei,JAC_L3,Spaten_Lata,13,0.0,0.0,0.0,0.0,0.0,0.0
125,Jacarei,JAC_L3,Spaten_Lata,14,0.0,0.0,0.0,0.0,0.0,34198.49
125,Jacarei,JAC_L3,Spaten_Lata,15,0.0,0.0,0.0,0.0,0.0,12321.76
125,Jacarei,JAC_L3,Heineken_Lata,1,0.0,0.0,0.0,0.0,0.0,3679.82
125,Jacarei,JAC_L3,Heineken_Lata,2,0.0,0.0,0.0,0.0,0.0,0.0
125,Jacarei,JAC_L3,Heineken_Lata,3,0.0,0.0,0.0,0.0,0.0,0.0
125,Jacarei,JAC_L3,Heineken_Lata,4,0.0,0.0,9520.87,0.0,0.0,9520.87
125,Jacarei,JAC_L3,Heineken_Lata,5,0.0,0.0,0.0,0.0,0.0,0.0
125,Jacarei,JAC_L3,Heineken_Lata,6,0.0,0.0,0.0,0.0,0.0,0.0
125,Jacarei,JAC_L3,Heineken_Lata,7,0.0,0.0,0.0,0.0,0.0,0.0
125,Jacarei,JAC_L3,Heineken_Lata,8,0.0,0.0,0.0,0.0,0.0,0.0
125,Jacarei,JAC_L3,Heineken_Lata,9,0.0,0.0,0.0,0.0,0.0,0.0
125,Jacarei,JAC_L3,Heineken_Lata,10,0.0,0.0,0.0,0.0,0.0,0.0
125,Jacarei,JAC_L3,Heineken_Lata,11,0.0,0.0,0.0,0.0,0.0,0.0
125,Jacarei,JAC_L3,Heineken_Lata,12,0.0,0.0,0.0,0.0,0.0,0.0
125,Jacarei,JAC_L3,Heineken_Lata,13,0.0,0.0,0.0,0.0,0.0,0.0
125,Jacarei,JAC_L3,Heineken_Lata,14,0.0,0.0,0.0,0.0,0.0,0.0
125,Jacarei,JAC_L3,Heineken_Lata,15,0.0,0.0,0.0,0.0,0.0,0.0
125,Jacarei,JAC_L3,Sukita_Laranja,1,0.0,0.0,0.0,12532.74,0.0,0.0
125,Jacarei,JAC_L3,Sukita_Laranja,2,0.0,0.0,0.0,0.0,0.0,0.0
125,Jacarei,JAC_L3,Sukita_Laranja,3,0.0,0.0,0.0,0.0,0.0,0.0
125,Jacarei,JAC_L3,Sukita_Laranja,4,0.0,0.0,0.0,0.0,0.0,32436.88
125,Jacarei,JAC_L3,Sukita_Laranja,5,0.0,0.0,0.0,0.0,0.0,0.0
125,Jacarei,JAC_L3,Sukita_Laranja,6,0.0,0.0,0.0,0.0,0.0,0.0
125,Jacarei,JAC_L3,Sukita_Laranja,7,0.0,0.0,0.0,0.0,0.0,0.0
125,Jacarei,JAC_L3,Sukita_Laranja,8,0.0,0.0,0.0,0.0,0.0,0.0
125,Jacarei,JAC_L3,Sukita_Laranja,9,0.0,0.0,0.0,0.0,0.0,0.0
125,Jacarei,JAC_L3,Sukita_Laranja,10,0.0,0.0,0.0,0.0,0.0,0.0
125,Jacarei,JAC_L3,Sukita_Laranja,11,0.0,0.0,0.0,0.0,0.0,0.0
125,Jacarei,JAC_L3,Sukita_Laranja,12,0.0,0.0,0.0,0.0,0.0,0.0
125,Jacarei,JAC_L3,Sukita_Laranja,13,0.0,0.0,0.0,0.0,0.0,0.0
125,Jacarei,JAC_L3,Sukita_Laranja,14,0.0,0.0,0.0,0.0,0.0,0.0
125,Jacarei,JAC_L3,Sukita_Laranja,15,0.0,0.0,0.0,0.0,0.0,0.0
125,Jacarei,JAC_L3,H2OH_Limao,1,0.0,0.0,0.0,0.0,0.0,0.0
125,Jacarei,JAC_L3,H2OH_Limao,2,0.0,0.0,0.0,0.0,0.0,0.0
125,Jacarei,JAC_L3,H2OH_Limao,3,0.0,0.0,0.0,0.0,0.0,0.0
125,Jacarei,JAC_L3,H2OH_Limao,4,0.0,0.0,0.0,0.0,0.0,14508.21
125,Jacarei,JAC_L3,H2OH_Limao,5,0.0,0.0,0.0,0.0,0.0,0.0
125,Jacarei,JAC_L3,H2OH_Limao,6,0.0,0.0,0.0,0.0,0.0,0.0
125,Jacarei,JAC_L3,H2OH_Limao,7,0.0,0.0,0.0,0.0,0.0,0.0
125,Jacarei,JAC_L3,H2OH_Limao,8,0.0,0.0,0.0,0.0,0.0,0.0
125,Jacarei,JAC_L3,H2OH_Limao,9,0.0,0.0,0.0,0.0,0.0,0.0
125,Jacarei,JAC_L3,H2OH_Limao,10,0.0,0.0,0.0,0.0,0.0,0.0
125,Jacarei,JAC_L3,H2OH_Limao,11,0.0,0.0,0.0,0.0,0.0,0.0
125,Jacarei,JAC_L3,H2OH_Limao,12,0.0,0.0,0.0,0.0,0.0,0.0
125,Jacarei,JAC_L3,H2OH_Limao,13,0.0,0.0,0.0,0.0,0.0,0.0
125,Jacarei,JAC_L3,H2OH_Limao,14,0.0,0.0,0.0,0.0,0.0,0.0
125,Jacarei,JAC_L3,H2OH_Limao,15,0.0,0.0,0.0,0.0,0.0,0.0
125,Jacarei,JAC_L3,Budweiser_Lata,1,0.0,0.0,0.0,0.0,0.0,0.0
125,Jacarei,JAC_L3,Budweiser_Lata,2,0.0,0.0,0.0,0.0,0.0,0.0
125,Jacarei,JAC_L3,Budweiser_Lata,3,0.0,0.0,0.0,0.0,0.0,0.0
125,Jacarei,JAC_L3,Budweiser_Lata,4,0.0,0.0,0.0,0.0,0.0,0.0
125,Jacarei,JAC_L3,Budweiser_Lata,5,0.0,0.0,0.0,0.0,0.0,0.0
125,Jacarei,JAC_L3,Budweiser_Lata,6,0.0,0.0,0.0,0.0,0.0,0.0
125,Jacarei,JAC_L3,Budweiser_Lata,7,0.0,0.0,0.0,0.0,0.0,0.0
125,Jacarei,JAC_L3,Budweiser_Lata,8,0.0,0.0,0.0,0.0,0.0,27835.18
125,Jacarei,JAC_L3,Budweiser_Lata,9,0.0,0.0,0.0,0.0,0.0,0.0
125,Jacarei,JAC_L3,Budweiser_Lata,10,0.0,0.0,0.0,0.0,0.0,0.0
125,Jacarei,JAC_L3,Budweiser_Lata,11,0.0,0.0,0.0,0.0,0.0,0.0
125,Jacarei,JAC_L3,Budweiser_Lata,12,0.0,0.0,0.0,0.0,0.0,0.0
125,Jacarei,JAC_L3,Budweiser_Lata,13,0.0,0.0,0.0,0.0,644.5999999999949,0.0
125,Jacarei,JAC_L3,Budweiser_Lata,14,0.0,0.0,0.0,0.0,0.0,0.0
125,Jacarei,JAC_L3,Budweiser_Lata,15,0.0,0.0,0.0,0.0,5077.249999999998,0.0
125,Jacarei,JAC_L3,Kuat,1,0.0,0.0,0.0,0.0,0.0,0.0
125,Jacarei,JAC_L3,Kuat,2,0.0,0.0,0.0,0.0,0.0,0.0
125,Jacarei,JAC_L3,Kuat,3,0.0,0.0,0.0,0.0,0.0,0.0
125,Jacarei,JAC_L3,Kuat,4,0.0,0.0,0.0,0.0,0.0,0.0
125,Jacarei,JAC_L3,Kuat,5,0.0,0.0,0.0,0.0,0.0,0.0
125,Jacarei,JAC_L3,Kuat,6,0.0,0.0,0.0,0.0,0.0,0.0
125,Jacarei,JAC_L3,Kuat,7,0.0,0.0,0.0,0.0,0.0,0.0
125,Jacarei,JAC_L3,Kuat,8,0.0,0.0,0.0,0.0,0.0,0.0
125,Jacarei,JAC_L3,Kuat,9,0.0,0.0,0.0,0.0,0.0,21861.36
125,Jacarei,JAC_L3,Kuat,10,0.0,0.0,0.0,0.0,0.0,0.0
125,Jacarei,JAC_L3,Kuat,11,0.0,0.0,0.0,0.0,0.0,0.0
125,Jacarei,JAC_L3,Kuat,12,0.0,0.0,51240.7,0.0,0.0,51240.7
125,Jacarei,JAC_L3,Kuat,13,0.0,0.0,0.0,0.0,0.0,0.0
125,Jacarei,JAC_L3,Kuat,14,0.0,0.0,0.0,0.0,0.0,0.0
125,Jacarei,JAC_L3,Kuat,15,0.0,0.0,0.0,0.0,0.0,0.0
125,Jacarei,JAC_L3,Fanta_Uva,1,0.0,0.0,0.0,0.0,0.0,0.0
125,Jacarei,JAC_L3,Fanta_Uva,2,0.0,0.0,0.0,0.0,0.0,0.0
125,Jacarei,JAC_L3,Fanta_Uva,3,0.0,0.0,0.0,0.0,0.0,0.0
125,Jacarei,JAC_L3,Fanta_Uva,4,0.0,0.0,0.0,0.0,0.0,0.0
125,Jacarei,JAC_L3,Fanta_Uva,5,0.0,0.0,0.0,0.0,0.0,0.0
125,Jacarei,JAC_L3,Fanta_Uva,6,0.0,0.0,54524.25,0.0,0.0,54524.25
125,Jacarei,JAC_L3,Fanta_Uva,7,0.0,0.0,0.0,0.0,0.0,0.0
125,Jacarei,JAC_L3,Fanta_Uva,8,0.0,0.0,26863.34,0.0,0.0,26863.34
125,Jacarei,JAC_L3,Fanta_Uva,9,0.0,0.0,0.0,0.0,0.0,0.0
125,Jacarei,JAC_L3,Fanta_Uva,10,0.0,0.0,0.0,0.0,0.0,16511.18
125,Jacarei,JAC_L3,Fanta_Uva,11,5891.190000000007,0.0,0.0,0.0,5891.190000000007,0.0
125,Jacarei,JAC_L3,Fanta_Uva,12,22212.63999999998,0.0,0.0,0.0,22212.639999999985,0.0
125,Jacarei,JAC_L3,Fanta_Uva,13,0.0,0.0,0.0,0.0,8818.589999999997,0.0
125,Jacarei,JAC_L3,Fanta_Uva,14,21456.61,0.0,0.0,0.0,21456.61,22438.23
125,Jacarei,JAC_L3,Fanta_Uva,15,0.0,0.0,0.0,0.0,0.0,18446.84
125,Jacarei,JAC_L3,Sprite,1,0.0,0.0,0.0,0.0,36072.0,0.0
125,Jacarei,JAC_L3,Sprite,2,0.0,0.0,0.0,0.0,38112.0,0.0
125,Jacarei,JAC_L3,Sprite,3,0.0,0.0,24629.21,0.0,41448.00000000001,24629.21
125,Jacarei,JAC_L3,Sprite,4,0.0,0.0,0.0,0.0,37248.0,0.0
125,Jacarei,JAC_L3,Sprite,5,0.0,0.0,0.0,0.0,8990.08,0.0
125,Jacarei,JAC_L3,Sprite,6,0.0,17875.350000000002,0.0,0.0,29292.08,17875.350000000002
125,Jacarei,JAC_L3,Sprite,7,0.0,55699.350000000006,0.0,0.0,37824.00000000001,37824.00000000001
125,Jacarei,JAC_L3,Sprite,8,0.0,30054.420000000006,0.0,0.0,59052.93,0.0
125,Jacarei,JAC_L3,Sprite,9,0.0,0.0,0.0,0.0,67926.42000000001,0.0
125,Jacarei,JAC_L3,Sprite,10,0.0,0.0,49959.1,0.0,39936.0,49959.1
125,Jacarei,JAC_L3,Sprite,11,0.0,0.0,0.0,0.0,41088.00000000001,0.0
125,Jacarei,JAC_L3,Sprite,12,0.0,0.0,0.0,0.0,38160.0,0.0
125,Jacarei,JAC_L3,Sprite,13,0.0,19498.65000000001,0.0,0.0,29848.81000000001,19498.65000000001
125,Jacarei,JAC_L3,Sprite,14,0.0,0.0,0.0,0.0,44522.82,0.0
125,Jacarei,JAC_L3,Sprite,15,0.0,0.0,0.0,0.0,34546.75,0.0
125,Jacarei,JAC_L3,Skol_Lata,1,16421.430000000015,0.0,0.0,0.0,16421.430000000015,0.0
125,Jacarei,JAC_L3,Skol_Lata,2,3881.8799999999937,0.0,12664.3,0.0,0.0,8782.420000000006
125,Jacarei,JAC_L3,Skol_Lata,3,0.0,18462.37,17933.09,0.0,0.0,36395.46
125,Jacarei,JAC_L3,Skol_Lata,4,0.0,0.0,0.0,0.0,18462.37,0.0
125,Jacarei,JAC_L3,Skol_Lata,5,0.0,0.0,0.0,0.0,0.0,0.0
125,Jacarei,JAC_L3,Skol_Lata,6,0.0,12225.899999999994,0.0,0.0,0.0,12225.899999999994
125,Jacarei,JAC_L3,Skol_Lata,7,0.0,0.0,49308.19,0.0,0.0,37082.29000000001
125,Jacarei,JAC_L3,Skol_Lata,8,0.0,0.0,0.0,0.0,0.0,0.0
125,Jacarei,JAC_L3,Skol_Lata,9,0.0,27319.629999999994,0.0,0.0,0.0,27319.629999999994
125,Jacarei,JAC_L3,Skol_Lata,10,0.0,65527.62999999999,0.0,0.0,0.0,38208.0
125,Jacarei,JAC_L3,Skol_Lata,11,0.0,10420.979999999996,0.0,0.0,55106.649999999994,0.0
125,Jacarei,JAC_L3,Skol_Lata,12,0.0,28308.789999999997,0.0,0.0,0.0,17887.81
125,Jacarei,JAC_L3,Skol_Lata,13,0.0,303.07999999999447,0.0,0.0,28005.710000000003,0.0
125,Jacarei,JAC_L3,Skol_Lata,14,0.0,0.0,0.0,0.0,303.07999999999447,0.0
125,Jacarei,JAC_L3,Skol_Lata,15,0.0,0.0,0.0,0.0,0.0,0.0
125,Jacarei,JAC_L3,Guarana_Antarctica,1,0.0,0.0,0.0,0.0,0.0,0.0
125,Jacarei,JAC_L3,Guarana_Antarctica,2,0.0,0.0,0.0,0.0,0.0,0.0
125,Jacarei,JAC_L3,Guarana_Antarctica,3,0.0,0.0,0.0,0.0,0.0,0.0
125,Jacarei,JAC_L3,Guarana_Antarctica,4,0.0,0.0,0.0,18836.11,0.0,0.0
125,Jacarei,JAC_L3,Guarana_Antarctica,5,0.0,0.0,0.0,0.0,0.0,0.0
125,Jacarei,JAC_L3,Guarana_Antarctica,6,0.0,0.0,0.0,0.0,0.0,0.0
125,Jacarei,JAC_L3,Guarana_Antarctica,7,0.0,0.0,0.0,0.0,0.0,0.0
125,Jacarei,JAC_L3,Guarana_Antarctica,8,0.0,0.0,0.0,0.0,0.0,0.0
125,Jacarei,JAC_L3,Guarana_Antarctica,9,0.0,0.0,0.0,0.0,0.0,0.0
125,Jacarei,JAC_L3,Guarana_Antarctica,10,0.0,0.0,0.0,0.0,0.0,0.0
125,Jacarei,JAC_L3,Guarana_Antarctica,11,0.0,0.0,0.0,0.0,0.0,0.0
125,Jacarei,JAC_L3,Guarana_Antarctica,12,0.0,0.0,0.0,0.0,0.0,0.0
125,Jacarei,JAC_L3,Guarana_Antarctica,13,0.0,0.0,0.0,0.0,0.0,0.0
125,Jacarei,JAC_L3,Guarana_Antarctica,14,0.0,0.0,0.0,0.0,0.0,0.0
125,Jacarei,JAC_L3,Guarana_Antarctica,15,0.0,0.0,0.0,0.0,0.0,0.0
125,Jacarei,JAC_L3,Guarana_Antarctica_Zero,1,0.0,0.0,0.0,0.0,0.0,0.0
125,Jacarei,JAC_L3,Guarana_Antarctica_Zero,2,0.0,0.0,0.0,0.0,0.0,0.0
125,Jacarei,JAC_L3,Guarana_Antarctica_Zero,3,0.0,0.0,0.0,0.0,0.0,0.0
125,Jacarei,JAC_L3,Guarana_Antarctica_Zero,4,0.0,0.0,0.0,0.0,0.0,0.0
125,Jacarei,JAC_L3,Guarana_Antarctica_Zero,5,0.0,0.0,48592.48,0.0,0.0,48592.48
125,Jacarei,JAC_L3,Guarana_Antarctica_Zero,6,0.0,0.0,0.0,0.0,0.0,0.0
125,Jacarei,JAC_L3,Guarana_Antarctica_Zero,7,0.0,0.0,0.0,0.0,0.0,0.0
125,Jacarei,JAC_L3,Guarana_Antarctica_Zero,8,0.0,0.0,0.0,0.0,0.0,0.0
125,Jacarei,JAC_L3,Guarana_Antarctica_Zero,9,0.0,0.0,0.0,0.0,0.0,0.0
125,Jacarei,JAC_L3,Guarana_Antarctica_Zero,10,0.0,0.0,0.0,0.0,0.0,0.0
125,Jacarei,JAC_L3,Guarana_Antarctica_Zero,11,0.0,0.0,0.0,0.0,0.0,0.0
125,Jacarei,JAC_L3,Guarana_Antarctica_Zero,12,0.0,0.0,0.0,0.0,0.0,0.0
125,Jacarei,JAC_L3,Guarana_Antarctica_Zero,13,0.0,0.0,0.0,0.0,0.0,0.0
125,Jacarei,JAC_L3,Guarana_Antarctica_Zero,14,0.0,0.0,0.0,0.0,0.0,0.0
125,Jacarei,JAC_L3,Guarana_Antarctica_Zero,15,0.0,0.0,0.0,0.0,0.0,0.0
125,Jacarei,JAC_L3,Del_Valle_Uva,1,0.0,0.0,0.0,0.0,0.0,0.0
125,Jacarei,JAC_L3,Del_Valle_Uva,2,9405.520000000002,0.0,0.0,0.0,9405.520000000002,0.0
125,Jacarei,JAC_L3,Del_Valle_Uva,3,0.0,0.0,0.0,0.0,0.0,0.0
125,Jacarei,JAC_L3,Del_Valle_Uva,4,0.0,0.0,0.0,0.0,0.0,0.0
125,Jacarei,JAC_L3,Del_Valle_Uva,5,0.0,0.0,0.0,0.0,0.0,0.0
125,Jacarei,JAC_L3,Del_Valle_Uva,6,0.0,0.0,0.0,0.0,0.0,0.0
125,Jacarei,JAC_L3,Del_Valle_Uva,7,0.0,0.0,0.0,0.0,0.0,0.0
125,Jacarei,JAC_L3,Del_Valle_Uva,8,0.0,0.0,0.0,20596.5,0.0,0.0
125,Jacarei,JAC_L3,Del_Valle_Uva,9,0.0,0.0,0.0,0.0,0.0,0.0
125,Jacarei,JAC_L3,Del_Valle_Uva,10,0.0,0.0,0.0,0.0,0.0,0.0
125,Jacarei,JAC_L3,Del_Valle_Uva,11,0.0,0.0,0.0,0.0,0.0,0.0
125,Jacarei,JAC_L3,Del_Valle_Uva,12,0.0,0.0,0.0,0.0,0.0,0.0
125,Jacarei,JAC_L3,Del_Valle_Uva,13,0.0,0.0,0.0,0.0,0.0,0.0
125,Jacarei,JAC_L3,Del_Valle_Uva,14,0.0,0.0,37817.85999999999,9696.920000000006,0.0,37817.85999999999
125,Jacarei,JAC_L3,Del_Valle_Uva,15,38784.0,0.0,0.0,0.0,38784.0,0.0
125,Jacarei,JAC_L3,Brahma_Lata,1,0.0,0.0,0.0,0.0,0.0,0.0
125,Jacarei,JAC_L3,Brahma_Lata,2,0.0,0.0,0.0,0.0,0.0,0.0
125,Jacarei,JAC_L3,Brahma_Lata,3,0.0,0.0,0.0,0.0,0.0,0.0
125,Jacarei,JAC_L3,Brahma_Lata,4,0.0,0.0,0.0,0.0,0.0,0.0
125,Jacarei,JAC_L3,Brahma_Lata,5,0.0,0.0,0.0,0.0,0.0,0.0
125,Jacarei,JAC_L3,Brahma_Lata,6,0.0,0.0,0.0,0.0,0.0,0.0
125,Jacarei,JAC_L3,Brahma_Lata,7,0.0,0.0,0.0,0.0,0.0,0.0
125,Jacarei,JAC_L3,Brahma_Lata,8,0.0,0.0,0.0,0.0,0.0,0.0
125,Jacarei,JAC_L3,Brahma_Lata,9,0.0,0.0,0.0,0.0,0.0,0.0
125,Jacarei,JAC_L3,Brahma_Lata,10,0.0,0.0,0.0,0.0,0.0,0.0
125,Jacarei,JAC_L3,Brahma_Lata,11,0.0,0.0,0.0,0.0,0.0,0.0
125,Jacarei,JAC_L3,Brahma_Lata,12,0.0,0.0,0.0,0.0,0.0,0.0
125,Jacarei,JAC_L3,Brahma_Lata,13,0.0,0.0,0.0,0.0,0.0,0.0
125,Jacarei,JAC_L3,Brahma_Lata,14,0.0,0.0,0.0,0.0,0.0,0.0
125,Jacarei,JAC_L3,Brahma_Lata,15,0.0,0.0,0.0,0.0,0.0,0.0
125,Jacarei,JAC_L3,Itaipava_Lata,1,0.0,0.0,0.0,0.0,0.0,0.0
125,Jacarei,JAC_L3,Itaipava_Lata,2,0.0,0.0,0.0,0.0,0.0,0.0
125,Jacarei,JAC_L3,Itaipava_Lata,3,0.0,0.0,0.0,0.0,0.0,0.0
125,Jacarei,JAC_L3,Itaipava_Lata,4,0.0,0.0,0.0,0.0,0.0,0.0
125,Jacarei,JAC_L3,Itaipava_Lata,5,0.0,0.0,0.0,0.0,0.0,0.0
125,Jacarei,JAC_L3,Itaipava_Lata,6,0.0,0.0,0.0,0.0,0.0,0.0
125,Jacarei,JAC_L3,Itaipava_Lata,7,0.0,0.0,0.0,0.0,0.0,0.0
125,Jacarei,JAC_L3,Itaipava_Lata,8,0.0,0.0,0.0,0.0,0.0,0.0
125,Jacarei,JAC_L3,Itaipava_Lata,9,0.0,0.0,0.0,0.0,0.0,0.0
125,Jacarei,JAC_L3,Itaipava_Lata,10,0.0,0.0,0.0,0.0,0.0,0.0
125,Jacarei,JAC_L3,Itaipava_Lata,11,0.0,0.0,0.0,0.0,0.0,0.0
125,Jacarei,JAC_L3,Itaipava_Lata,12,0.0,0.0,0.0,0.0,0.0,0.0
125,Jacarei,JAC_L3,Itaipava_Lata,13,0.0,0.0,0.0,0.0,0.0,0.0
125,Jacarei,JAC_L3,Itaipava_Lata,14,0.0,0.0,0.0,0.0,0.0,0.0
125,Jacarei,JAC_L3,Itaipava_Lata,15,0.0,0.0,0.0,0.0,0.0,0.0
125,Extrema,EXT_L1,Maguary_Maracuja,1,0.0,0.0,29589.73,0.0,0.0,29589.73
125,Extrema,EXT_L1,Maguary_Maracuja,2,0.0,0.0,0.0,0.0,0.0,0.0
125,Extrema,EXT_L1,Maguary_Maracuja,3,0.0,0.0,0.0,0.0,0.0,0.0
125,Extrema,EXT_L1,Maguary_Maracuja,4,0.0,0.0,0.0,0.0,0.0,0.0
125,Extrema,EXT_L1,Maguary_Maracuja,5,0.0,0.0,0.0,0.0,0.0,79425.6
125,Extrema,EXT_L1,Maguary_Maracuja,6,0.0,0.0,0.0,0.0,0.0,29487.3
125,Extrema,EXT_L1,Maguary_Maracuja,7,0.0,0.0,51145.0,0.0,0.0,63138.0
125,Extrema,EXT_L1,Maguary_Maracuja,8,0.0,0.0,0.0,0.0,0.0,24473.55
125,Extrema,EXT_L1,Maguary_Maracuja,9,0.0,0.0,0.0,0.0,0.0,16255.59
125,Extrema,EXT_L1,Maguary_Maracuja,10,0.0,0.0,0.0,0.0,0.0,0.0
125,Extrema,EXT_L1,Maguary_Maracuja,11,0.0,0.0,0.0,0.0,0.0,0.0
125,Extrema,EXT_L1,Maguary_Maracuja,12,0.0,0.0,0.0,0.0,0.0,0.0
125,Extrema,EXT_L1,Maguary_Maracuja,13,0.0,0.0,0.0,0.0,0.0,0.0
125,Extrema,EXT_L1,Maguary_Maracuja,14,0.0,0.0,0.0,0.0,0.0,0.0
125,Extrema,EXT_L1,Maguary_Maracuja,15,0.0,0.0,0.0,0.0,0.0,0.0
125,Extrema,EXT_L1,Fanta_Laranja,1,0.0,0.0,0.0,0.0,0.0,0.0
125,Extrema,EXT_L1,Fanta_Laranja,2,0.0,0.0,0.0,0.0,0.0,0.0
125,Extrema,EXT_L1,Fanta_Laranja,3,0.0,0.0,0.0,0.0,0.0,0.0
125,Extrema,EXT_L1,Fanta_Laranja,4,0.0,0.0,0.0,0.0,0.0,0.0
125,Extrema,EXT_L1,Fanta_Laranja,5,0.0,0.0,0.0,0.0,0.0,0.0
125,Extrema,EXT_L1,Fanta_Laranja,6,0.0,0.0,0.0,0.0,0.0,0.0
125,Extrema,EXT_L1,Fanta_Laranja,7,0.0,0.0,0.0,0.0,0.0,0.0
125,Extrema,EXT_L1,Fanta_Laranja,8,0.0,0.0,0.0,0.0,0.0,0.0
125,Extrema,EXT_L1,Fanta_Laranja,9,0.0,0.0,0.0,0.0,0.0,0.0
125,Extrema,EXT_L1,Fanta_Laranja,10,0.0,0.0,0.0,0.0,0.0,72739.41
125,Extrema,EXT_L1,Fanta_Laranja,11,0.0,0.0,0.0,0.0,0.0,0.0
125,Extrema,EXT_L1,Fanta_Laranja,12,0.0,0.0,0.0,0.0,0.0,0.0
125,Extrema,EXT_L1,Fanta_Laranja,13,0.0,0.0,0.0,0.0,0.0,0.0
125,Extrema,EXT_L1,Fanta_Laranja,14,0.0,0.0,0.0,0.0,0.0,0.0
125,Extrema,EXT_L1,Fanta_Laranja,15,0.0,0.0,0.0,0.0,0.0,24406.440000000002
125,Extrema,EXT_L1,Schweppes_Citrus,1,0.0,0.0,0.0,0.0,0.0,0.0
125,Extrema,EXT_L1,Schweppes_Citrus,2,0.0,0.0,0.0,0.0,0.0,0.0
125,Extrema,EXT_L1,Schweppes_Citrus,3,0.0,0.0,30840.21,0.0,0.0,30840.21
125,Extrema,EXT_L1,Schweppes_Citrus,4,0.0,0.0,0.0,0.0,0.0,0.0
125,Extrema,EXT_L1,Schweppes_Citrus,5,0.0,0.0,0.0,0.0,0.0,0.0
125,Extrema,EXT_L1,Schweppes_Citrus,6,0.0,0.0,0.0,0.0,0.0,0.0
125,Extrema,EXT_L1,Schweppes_Citrus,7,0.0,0.0,0.0,0.0,35165.98000000001,35165.98000000001
125,Extrema,EXT_L1,Schweppes_Citrus,8,0.0,0.0,0.0,0.0,0.0,0.0
125,Extrema,EXT_L1,Schweppes_Citrus,9,0.0,0.0,0.0,0.0,0.0,0.0
125,Extrema,EXT_L1,Schweppes_Citrus,10,0.0,0.0,0.0,0.0,0.0,0.0
125,Extrema,EXT_L1,Schweppes_Citrus,11,0.0,0.0,0.0,0.0,0.0,26395.49
125,Extrema,EXT_L1,Schweppes_Citrus,12,0.0,0.0,0.0,0.0,0.0,0.0
125,Extrema,EXT_L1,Schweppes_Citrus,13,0.0,0.0,0.0,0.0,0.0,46191.17
125,Extrema,EXT_L1,Schweppes_Citrus,14,0.0,0.0,0.0,0.0,0.0,0.0
125,Extrema,EXT_L1,Schweppes_Citrus,15,0.0,0.0,0.0,0.0,0.0,4157.14
125,Extrema,EXT_L1,Sprite_Zero,1,0.0,0.0,0.0,0.0,0.0,0.0
125,Extrema,EXT_L1,Sprite_Zero,2,0.0,0.0,0.0,0.0,0.0,0.0
125,Extrema,EXT_L1,Sprite_Zero,3,0.0,0.0,0.0,0.0,0.0,0.0
125,Extrema,EXT_L1,Sprite_Zero,4,0.0,0.0,0.0,0.0,0.0,0.0
125,Extrema,EXT_L1,Sprite_Zero,5,0.0,0.0,0.0,0.0,40224.0,40224.0
125,Extrema,EXT_L1,Sprite_Zero,6,0.0,0.0,0.0,0.0,0.0,0.0
125,Extrema,EXT_L1,Sprite_Zero,7,0.0,0.0,0.0,0.0,0.0,0.0
125,Extrema,EXT_L1,Sprite_Zero,8,0.0,0.0,0.0,0.0,0.0,0.0
125,Extrema,EXT_L1,Sprite_Zero,9,0.0,0.0,0.0,0.0,0.0,0.0
125,Extrema,EXT_L1,Sprite_Zero,10,0.0,0.0,0.0,0.0,0.0,0.0
125,Extrema,EXT_L1,Sprite_Zero,11,0.0,0.0,0.0,0.0,0.0,0.0
125,Extrema,EXT_L1,Sprite_Zero,12,0.0,0.0,13897.82,0.0,0.0,62822.33
125,Extrema,EXT_L1,Sprite_Zero,13,0.0,0.0,0.0,0.0,0.0,0.0
125,Extrema,EXT_L1,Sprite_Zero,14,0.0,0.0,0.0,0.0,0.0,0.0
125,Extrema,EXT_L1,Sprite_Zero,15,0.0,0.0,0.0,0.0,0.0,0.0
125,Extrema,EXT_L1,Eisenbahn_Pilsen,1,0.0,0.0,0.0,0.0,0.0,0.0
125,Extrema,EXT_L1,Eisenbahn_Pilsen,2,0.0,0.0,0.0,0.0,0.0,0.0
125,Extrema,EXT_L1,Eisenbahn_Pilsen,3,0.0,0.0,0.0,0.0,0.0,0.0
125,Extrema,EXT_L1,Eisenbahn_Pilsen,4,0.0,0.0,23302.15,0.0,0.0,23302.15
125,Extrema,EXT_L1,Eisenbahn_Pilsen,5,0.0,0.0,0.0,0.0,0.0,14362.7
125,Extrema,EXT_L1,Eisenbahn_Pilsen,6,0.0,0.0,0.0,0.0,0.0,0.0
125,Extrema,EXT_L1,Eisenbahn_Pilsen,7,0.0,0.0,0.0,0.0,0.0,0.0
125,Extrema,EXT_L1,Eisenbahn_Pilsen,8,0.0,0.0,31392.6,0.0,0.0,31392.6
125,Extrema,EXT_L1,Eisenbahn_Pilsen,9,0.0,0.0,16136.94,0.0,0.0,16136.94
125,Extrema,EXT_L1,Eisenbahn_Pilsen,10,0.0,0.0,21101.53,0.0,0.0,21101.53
125,Extrema,EXT_L1,Eisenbahn_Pilsen,11,0.0,0.0,0.0,0.0,0.0,24323.31
125,Extrema,EXT_L1,Eisenbahn_Pilsen,12,0.0,0.0,28099.0,0.0,0.0,28099.0
125,Extrema,EXT_L1,Eisenbahn_Pilsen,13,0.0,0.0,0.0,0.0,0.0,0.0
125,Extrema,EXT_L1,Eisenbahn_Pilsen,14,0.0,0.0,12583.88,0.0,0.0,12583.88
125,Extrema,EXT_L1,Eisenbahn_Pilsen,15,0.0,0.0,0.0,0.0,0.0,0.0
125,Extrema,EXT_L1,Del_Valle_Pessego,1,0.0,0.0,0.0,0.0,0.0,0.0
125,Extrema,EXT_L1,Del_Valle_Pessego,2,0.0,0.0,0.0,0.0,0.0,4891.29
125,Extrema,EXT_L1,Del_Valle_Pessego,3,0.0,0.0,0.0,0.0,0.0,0.0
125,Extrema,EXT_L1,Del_Valle_Pessego,4,0.0,0.0,0.0,0.0,0.0,0.0
125,Extrema,EXT_L1,Del_Valle_Pessego,5,0.0,0.0,0.0,0.0,15244.169999999998,15244.169999999998
125,Extrema,EXT_L1,Del_Valle_Pessego,6,0.0,0.0,0.0,0.0,0.0,0.0
125,Extrema,EXT_L1,Del_Valle_Pessego,7,0.0,0.0,0.0,0.0,0.0,0.0
125,Extrema,EXT_L1,Del_Valle_Pessego,8,0.0,0.0,0.0,0.0,0.0,0.0
125,Extrema,EXT_L1,Del_Valle_Pessego,9,0.0,0.0,0.0,0.0,0.0,0.0
125,Extrema,EXT_L1,Del_Valle_Pessego,10,0.0,0.0,0.0,0.0,0.0,0.0
125,Extrema,EXT_L1,Del_Valle_Pessego,11,0.0,0.0,0.0,0.0,0.0,0.0
125,Extrema,EXT_L1,Del_Valle_Pessego,12,0.0,0.0,0.0,0.0,0.0,0.0
125,Extrema,EXT_L1,Del_Valle_Pessego,13,0.0,0.0,0.0,0.0,0.0,0.0
125,Extrema,EXT_L1,Del_Valle_Pessego,14,0.0,0.0,0.0,0.0,0.0,0.0
125,Extrema,EXT_L1,Del_Valle_Pessego,15,0.0,0.0,0.0,0.0,0.0,0.0
125,Extrema,EXT_L1,Coca_Cola,1,0.0,0.0,0.0,0.0,0.0,0.0
125,Extrema,EXT_L1,Coca_Cola,2,0.0,0.0,0.0,0.0,0.0,0.0
125,Extrema,EXT_L1,Coca_Cola,3,0.0,0.0,0.0,0.0,0.0,0.0
125,Extrema,EXT_L1,Coca_Cola,4,0.0,0.0,0.0,0.0,0.0,0.0
125,Extrema,EXT_L1,Coca_Cola,5,0.0,0.0,0.0,0.0,0.0,0.0
125,Extrema,EXT_L1,Coca_Cola,6,0.0,0.0,0.0,22231.21,0.0,0.0
125,Extrema,EXT_L1,Coca_Cola,7,0.0,0.0,0.0,0.0,0.0,0.0
125,Extrema,EXT_L1,Coca_Cola,8,0.0,0.0,0.0,0.0,0.0,0.0
125,Extrema,EXT_L1,Coca_Cola,9,0.0,0.0,0.0,0.0,0.0,0.0
125,Extrema,EXT_L1,Coca_Cola,10,0.0,0.0,0.0,0.0,0.0,0.0
125,Extrema,EXT_L1,Coca_Cola,11,0.0,0.0,0.0,0.0,0.0,0.0
125,Extrema,EXT_L1,Coca_Cola,12,0.0,0.0,0.0,0.0,0.0,0.0
125,Extrema,EXT_L1,Coca_Cola,13,0.0,0.0,0.0,0.0,0.0,0.0
125,Extrema,EXT_L1,Coca_Cola,14,0.0,0.0,0.0,9691.2,0.0,0.0
125,Extrema,EXT_L1,Coca_Cola,15,0.0,0.0,0.0,0.0,0.0,0.0
125,Extrema,EXT_L1,Amstel_Lata,1,0.0,0.0,0.0,0.0,0.0,0.0
125,Extrema,EXT_L1,Amstel_Lata,2,0.0,0.0,0.0,0.0,0.0,0.0
125,Extrema,EXT_L1,Amstel_Lata,3,0.0,0.0,0.0,0.0,0.0,0.0
125,Extrema,EXT_L1,Amstel_Lata,4,0.0,0.0,0.0,0.0,20008.61,20008.61
125,Extrema,EXT_L1,Amstel_Lata,5,0.0,0.0,0.0,0.0,0.0,0.0
125,Extrema,EXT_L1,Amstel_Lata,6,0.0,0.0,0.0,0.0,0.0,0.0
125,Extrema,EXT_L1,Amstel_Lata,7,0.0,0.0,0.0,0.0,0.0,52643.99
125,Extrema,EXT_L1,Amstel_Lata,8,0.0,0.0,0.0,0.0,0.0,0.0
125,Extrema,EXT_L1,Amstel_Lata,9,0.0,0.0,0.0,0.0,0.0,0.0
125,Extrema,EXT_L1,Amstel_Lata,10,0.0,0.0,0.0,0.0,0.0,0.0
125,Extrema,EXT_L1,Amstel_Lata,11,0.0,0.0,0.0,0.0,0.0,0.0
125,Extrema,EXT_L1,Amstel_Lata,12,0.0,0.0,0.0,0.0,0.0,0.0
125,Extrema,EXT_L1,Amstel_Lata,13,0.0,0.0,0.0,0.0,34592.19,34592.19
125,Extrema,EXT_L1,Amstel_Lata,14,0.0,0.0,0.0,0.0,0.0,0.0
125,Extrema,EXT_L1,Amstel_Lata,15,0.0,0.0,0.0,0.0,0.0,0.0
125,Extrema,EXT_L1,Pepsi_Black,1,0.0,0.0,0.0,0.0,0.0,0.0
125,Extrema,EXT_L1,Pepsi_Black,2,0.0,0.0,0.0,0.0,0.0,0.0
125,Extrema,EXT_L1,Pepsi_Black,3,0.0,0.0,0.0,0.0,0.0,0.0
125,Extrema,EXT_L1,Pepsi_Black,4,0.0,0.0,0.0,0.0,0.0,0.0
125,Extrema,EXT_L1,Pepsi_Black,5,0.0,0.0,0.0,0.0,8379.84,8379.84
125,Extrema,EXT_L1,Pepsi_Black,6,0.0,0.0,0.0,0.0,0.0,0.0
125,Extrema,EXT_L1,Pepsi_Black,7,0.0,0.0,0.0,0.0,0.0,0.0
125,Extrema,EXT_L1,Pepsi_Black,8,0.0,0.0,0.0,0.0,0.0,0.0
125,Extrema,EXT_L1,Pepsi_Black,9,0.0,0.0,0.0,0.0,0.0,0.0
125,Extrema,EXT_L1,Pepsi_Black,10,0.0,0.0,0.0,0.0,0.0,0.0
125,Extrema,EXT_L1,Pepsi_Black,11,0.0,0.0,0.0,0.0,0.0,0.0
125,Extrema,EXT_L1,Pepsi_Black,12,0.0,0.0,0.0,0.0,0.0,0.0
125,Extrema,EXT_L1,Pepsi_Black,13,0.0,0.0,0.0,0.0,0.0,0.0
125,Extrema,EXT_L1,Pepsi_Black,14,0.0,0.0,0.0,0.0,0.0,0.0
125,Extrema,EXT_L1,Pepsi_Black,15,0.0,0.0,0.0,0.0,0.0,5462.48
125,Extrema,EXT_L1,Del_Valle_Laranja,1,0.0,0.0,0.0,0.0,7243.87,7243.87
125,Extrema,EXT_L1,Del_Valle_Laranja,2,38736.0,0.0,0.0,0.0,38736.0,24924.04
125,Extrema,EXT_L1,Del_Valle_Laranja,3,25381.069999999996,0.0,0.0,0.0,25381.07,31370.37
125,Extrema,EXT_L1,Del_Valle_Laranja,4,7441.379999999997,0.0,0.0,0.0,9326.73,0.0
125,Extrema,EXT_L1,Del_Valle_Laranja,5,11284.009999999995,0.0,0.0,0.0,46557.48999999999,0.0
125,Extrema,EXT_L1,Del_Valle_Laranja,6,0.0,0.0,0.0,0.0,24714.620000000006,2344.790000000012
125,Extrema,EXT_L1,Del_Valle_Laranja,7,38832.0,0.0,0.0,0.0,41176.79000000002,34945.77
125,Extrema,EXT_L1,Del_Valle_Laranja,8,19868.859999999993,0.0,0.0,0.0,50862.53999999999,0.0
125,Extrema,EXT_L1,Del_Valle_Laranja,9,0.0,0.0,0.0,0.0,14246.02,5109.649999999994
125,Extrema,EXT_L1,Del_Valle_Laranja,10,4647.860000000001,0.0,0.0,0.0,4647.860000000001,0.0
125,Extrema,EXT_L1,Del_Valle_Laranja,11,40824.0,0.0,0.0,0.0,52902.24,35880.0
125,Extrema,EXT_L1,Del_Valle_Laranja,12,11366.819999999987,0.0,9766.65,0.0,25401.92999999999,0.0
125,Extrema,EXT_L1,Del_Valle_Laranja,13,0.0,0.0,0.0,0.0,0.0,10923.009999999995
125,Extrema,EXT_L1,Del_Valle_Laranja,14,0.0,0.0,0.0,0.0,10923.009999999995,0.0
125,Extrema,EXT_L1,Del_Valle_Laranja,15,0.0,0.0,0.0,0.0,0.0,0.0
125,Extrema,EXT_L1,Itubaina,1,0.0,0.0,0.0,0.0,0.0,0.0
125,Extrema,EXT_L1,Itubaina,2,0.0,0.0,0.0,0.0,0.0,0.0
125,Extrema,EXT_L1,Itubaina,3,0.0,0.0,0.0,0.0,0.0,0.0
125,Extrema,EXT_L1,Itubaina,4,0.0,0.0,0.0,0.0,0.0,0.0
125,Extrema,EXT_L1,Itubaina,5,0.0,0.0,0.0,0.0,11436.14,11436.14
125,Extrema,EXT_L1,Itubaina,6,0.0,0.0,18063.72,0.0,0.0,18063.72
125,Extrema,EXT_L1,Itubaina,7,0.0,0.0,0.0,0.0,0.0,0.0
125,Extrema,EXT_L1,Itubaina,8,0.0,0.0,0.0,0.0,0.0,0.0
125,Extrema,EXT_L1,Itubaina,9,0.0,0.0,0.0,0.0,0.0,0.0
125,Extrema,EXT_L1,Itubaina,10,0.0,0.0,4950.16,0.0,0.0,4950.16
125,Extrema,EXT_L1,Itubaina,11,0.0,0.0,0.0,0.0,0.0,0.0
125,Extrema,EXT_L1,Itubaina,12,0.0,0.0,0.0,0.0,0.0,0.0
125,Extrema,EXT_L1,Itubaina,13,0.0,0.0,0.0,0.0,0.0,0.0
125,Extrema,EXT_L1,Itubaina,14,0.0,0.0,0.0,0.0,0.0,16261.67
125,Extrema,EXT_L1,Itubaina,15,0.0,0.0,0.0,0.0,0.0,0.0
125,Extrema,EXT_L1,Stella_Artois_Pure_Gold,1,0.0,0.0,0.0,0.0,0.0,0.0
125,Extrema,EXT_L1,Stella_Artois_Pure_Gold,2,0.0,0.0,0.0,0.0,0.0,0.0
125,Extrema,EXT_L1,Stella_Artois_Pure_Gold,3,0.0,0.0,0.0,0.0,0.0,0.0
125,Extrema,EXT_L1,Stella_Artois_Pure_Gold,4,0.0,0.0,0.0,0.0,0.0,0.0
125,Extrema,EXT_L1,Stella_Artois_Pure_Gold,5,0.0,0.0,0.0,0.0,0.0,10495.21
125,Extrema,EXT_L1,Stella_Artois_Pure_Gold,6,0.0,0.0,0.0,0.0,0.0,0.0
125,Extrema,EXT_L1,Stella_Artois_Pure_Gold,7,0.0,0.0,0.0,0.0,1123.2200000000041,1123.2200000000041
125,Extrema,EXT_L1,Stella_Artois_Pure_Gold,8,0.0,0.0,0.0,0.0,16940.040000000005,25802.83
125,Extrema,EXT_L1,Stella_Artois_Pure_Gold,9,0.0,0.0,0.0,0.0,37827.04000000001,16479.21
125,Extrema,EXT_L1,Stella_Artois_Pure_Gold,10,0.0,0.0,0.0,0.0,0.0,0.0
125,Extrema,EXT_L1,Stella_Artois_Pure_Gold,11,0.0,0.0,0.0,0.0,8561.569999999992,0.0
125,Extrema,EXT_L1,Stella_Artois_Pure_Gold,12,0.0,0.0,0.0,0.0,0.0,0.0
125,Extrema,EXT_L1,Stella_Artois_Pure_Gold,13,0.0,0.0,0.0,0.0,0.0,31044.89
125,Extrema,EXT_L1,Stella_Artois_Pure_Gold,14,0.0,0.0,0.0,0.0,0.0,0.0
125,Extrema,EXT_L1,Stella_Artois_Pure_Gold,15,0.0,0.0,0.0,0.0,0.0,0.0
125,Extrema,EXT_L1,Maguary_Caju,1,0.0,0.0,0.0,0.0,0.0,0.0
125,Extrema,EXT_L1,Maguary_Caju,2,0.0,0.0,0.0,0.0,0.0,0.0
125,Extrema,EXT_L1,Maguary_Caju,3,0.0,0.0,0.0,0.0,0.0,0.0
125,Extrema,EXT_L1,Maguary_Caju,4,0.0,0.0,20461.79,0.0,0.0,20461.79
125,Extrema,EXT_L1,Maguary_Caju,5,0.0,0.0,0.0,0.0,0.0,0.0
125,Extrema,EXT_L1,Maguary_Caju,6,0.0,0.0,0.0,0.0,0.0,0.0
125,Extrema,EXT_L1,Maguary_Caju,7,0.0,0.0,0.0,0.0,0.0,0.0
125,Extrema,EXT_L1,Maguary_Caju,8,0.0,0.0,0.0,0.0,0.0,0.0
125,Extrema,EXT_L1,Maguary_Caju,9,0.0,0.0,0.0,20733.35,0.0,0.0
125,Extrema,EXT_L1,Maguary_Caju,10,0.0,0.0,0.0,0.0,0.0,0.0
125,Extrema,EXT_L1,Maguary_Caju,11,0.0,0.0,0.0,0.0,0.0,0.0
125,Extrema,EXT_L1,Maguary_Caju,12,0.0,0.0,0.0,0.0,0.0,0.0
125,Extrema,EXT_L1,Maguary_Caju,13,0.0,0.0,0.0,0.0,0.0,0.0
125,Extrema,EXT_L1,Maguary_Caju,14,0.0,0.0,0.0,0.0,866.8000000000065,866.8000000000065
125,Extrema,EXT_L1,Maguary_Caju,15,0.0,0.0,0.0,7213.22,0.0,0.0
125,Extrema,EXT_L1,Coca_Cola_Zero,1,0.0,0.0,0.0,0.0,0.0,0.0
125,Extrema,EXT_L1,Coca_Cola_Zero,2,0.0,0.0,0.0,0.0,0.0,0.0
125,Extrema,EXT_L1,Coca_Cola_Zero,3,0.0,0.0,0.0,0.0,0.0,0.0
125,Extrema,EXT_L1,Coca_Cola_Zero,4,0.0,0.0,0.0,0.0,0.0,0.0
125,Extrema,EXT_L1,Coca_Cola_Zero,5,0.0,0.0,0.0,0.0,0.0,0.0
125,Extrema,EXT_L1,Coca_Cola_Zero,6,0.0,0.0,0.0,0.0,0.0,0.0
125,Extrema,EXT_L1,Coca_Cola_Zero,7,0.0,0.0,0.0,0.0,0.0,0.0
125,Extrema,EXT_L1,Coca_Cola_Zero,8,0.0,0.0,0.0,0.0,0.0,0.0
125,Extrema,EXT_L1,Coca_Cola_Zero,9,0.0,0.0,0.0,0.0,0.0,0.0
125,Extrema,EXT_L1,Coca_Cola_Zero,10,0.0,0.0,0.0,0.0,0.0,0.0
125,Extrema,EXT_L1,Coca_Cola_Zero,11,0.0,0.0,0.0,0.0,0.0,0.0
125,Extrema,EXT_L1,Coca_Cola_Zero,12,0.0,0.0,0.0,0.0,0.0,0.0
125,Extrema,EXT_L1,Coca_Cola_Zero,13,0.0,0.0,0.0,0.0,0.0,0.0
125,Extrema,EXT_L1,Coca_Cola_Zero,14,0.0,0.0,0.0,0.0,15662.48,21717.96
125,Extrema,EXT_L1,Coca_Cola_Zero,15,0.0,0.0,0.0,0.0,0.0,0.0
125,Extrema,EXT_L1,Pepsi,1,0.0,0.0,0.0,0.0,35664.0,0.0
125,Extrema,EXT_L1,Pepsi,2,0.0,0.0,0.0,0.0,12655.809999999998,0.0
125,Extrema,EXT_L1,Pepsi,3,0.0,0.0,0.0,0.0,38280.0,0.0
125,Extrema,EXT_L1,Pepsi,4,0.0,0.0,0.0,0.0,33792.0,0.0
125,Extrema,EXT_L1,Pepsi,5,0.0,0.0,0.0,0.0,40800.00000000001,0.0
125,Extrema,EXT_L1,Pepsi,6,0.0,0.0,0.0,0.0,38664.0,0.0
125,Extrema,EXT_L1,Pepsi,7,0.0,0.0,0.0,0.0,40056.0,0.0
125,Extrema,EXT_L1,Pepsi,8,0.0,0.0,3029.31,0.0,23211.96,3029.31
125,Extrema,EXT_L1,Pepsi,9,0.0,0.0,0.0,0.0,18636.17,0.0
125,Extrema,EXT_L1,Pepsi,10,0.0,0.0,0.0,0.0,38568.0,0.0
125,Extrema,EXT_L1,Pepsi,11,0.0,0.0,0.0,0.0,0.0,0.0
125,Extrema,EXT_L1,Pepsi,12,0.0,0.0,0.0,0.0,27007.489999999998,0.0
125,Extrema,EXT_L1,Pepsi,13,0.0,0.0,0.0,0.0,24734.019999999997,0.0
125,Extrema,EXT_L1,Pepsi,14,0.0,0.0,0.0,0.0,0.0,5995.25
125,Extrema,EXT_L1,Pepsi,15,0.0,0.0,0.0,0.0,0.0,0.0
125,Extrema,EXT_L1,Antarctica_Lata,1,40536.0,0.0,0.0,0.0,40536.00000000001,0.0
125,Extrema,EXT_L1,Antarctica_Lata,2,0.0,0.0,0.0,0.0,0.0,0.0
125,Extrema,EXT_L1,Antarctica_Lata,3,16522.93,0.0,0.0,0.0,16522.93,0.0
125,Extrema,EXT_L1,Antarctica_Lata,4,28558.620000000003,0.0,0.0,0.0,28558.620000000003,0.0
125,Extrema,EXT_L1,Antarctica_Lata,5,24043.990000000005,8637.949999999995,0.0,0.0,15406.04000000001,0.0
125,Extrema,EXT_L1,Antarctica_Lata,6,38184.0,0.0,7810.71,0.0,39011.24,0.0
125,Extrema,EXT_L1,Antarctica_Lata,7,0.0,0.0,0.0,0.0,0.0,0.0
125,Extrema,EXT_L1,Antarctica_Lata,8,18795.140000000007,0.0,0.0,0.0,41876.840000000004,23081.699999999997
125,Extrema,EXT_L1,Antarctica_Lata,9,37512.0,0.0,0.0,0.0,37512.0,0.0
125,Extrema,EXT_L1,Antarctica_Lata,10,31640.14,0.0,20793.47,0.0,10846.669999999998,0.0
125,Extrema,EXT_L1,Antarctica_Lata,11,0.0,4866.329999999997,0.0,0.0,0.0,4866.329999999997
125,Extrema,EXT_L1,Antarctica_Lata,12,28329.180000000015,0.0,0.0,0.0,33195.51000000001,0.0
125,Extrema,EXT_L1,Antarctica_Lata,13,36936.0,42945.17,0.0,0.0,0.0,6009.169999999998
125,Extrema,EXT_L1,Antarctica_Lata,14,37032.0,0.0,0.0,0.0,79977.16999999998,0.0
125,Extrema,EXT_L1,Antarctica_Lata,15,38040.0,0.0,0.0,0.0,38039.99999999999,0.0
125,Extrema,EXT_L1,Spaten_Lata,1,0.0,0.0,0.0,0.0,0.0,19277.9
125,Extrema,EXT_L1,Spaten_Lata,2,0.0,0.0,0.0,0.0,0.0,0.0
125,Extrema,EXT_L1,Spaten_Lata,3,0.0,0.0,0.0,0.0,0.0,0.0
125,Extrema,EXT_L1,Spaten_Lata,4,0.0,0.0,0.0,0.0,5907.62,5907.62
125,Extrema,EXT_L1,Spaten_Lata,5,0.0,0.0,0.0,0.0,0.0,0.0
125,Extrema,EXT_L1,Spaten_Lata,6,0.0,0.0,0.0,0.0,0.0,0.0
125,Extrema,EXT_L1,Spaten_Lata,7,0.0,0.0,0.0,0.0,0.0,0.0
125,Extrema,EXT_L1,Spaten_Lata,8,0.0,0.0,12512.64,0.0,0.0,12512.64
125,Extrema,EXT_L1,Spaten_Lata,9,0.0,0.0,0.0,0.0,0.0,45459.85
125,Extrema,EXT_L1,Spaten_Lata,10,0.0,0.0,0.0,0.0,0.0,0.0
125,Extrema,EXT_L1,Spaten_Lata,11,0.0,0.0,3974.3,0.0,0.0,3974.3
125,Extrema,EXT_L1,Spaten_Lata,12,0.0,0.0,0.0,0.0,0.0,0.0
125,Extrema,EXT_L1,Spaten_Lata,13,0.0,0.0,0.0,0.0,0.0,0.0
125,Extrema,EXT_L1,Spaten_Lata,14,0.0,0.0,0.0,0.0,0.0,0.0
125,Extrema,EXT_L1,Spaten_Lata,15,0.0,0.0,0.0,0.0,0.0,18209.98
125,Extrema,EXT_L1,Heineken_Lata,1,0.0,0.0,0.0,0.0,0.0,0.0
125,Extrema,EXT_L1,Heineken_Lata,2,0.0,0.0,0.0,0.0,0.0,0.0
125,Extrema,EXT_L1,Heineken_Lata,3,0.0,0.0,0.0,0.0,0.0,0.0
125,Extrema,EXT_L1,Heineken_Lata,4,0.0,0.0,1191.09,0.0,0.0,1191.09
125,Extrema,EXT_L1,Heineken_Lata,5,0.0,0.0,0.0,0.0,0.0,0.0
125,Extrema,EXT_L1,Heineken_Lata,6,0.0,0.0,0.0,0.0,0.0,0.0
125,Extrema,EXT_L1,Heineken_Lata,7,0.0,0.0,0.0,0.0,0.0,0.0
125,Extrema,EXT_L1,Heineken_Lata,8,0.0,0.0,0.0,0.0,0.0,0.0
125,Extrema,EXT_L1,Heineken_Lata,9,0.0,0.0,0.0,0.0,0.0,0.0
125,Extrema,EXT_L1,Heineken_Lata,10,0.0,0.0,0.0,0.0,0.0,0.0
125,Extrema,EXT_L1,Heineken_Lata,11,0.0,0.0,0.0,0.0,0.0,0.0
125,Extrema,EXT_L1,Heineken_Lata,12,0.0,0.0,0.0,0.0,0.0,7738.16
125,Extrema,EXT_L1,Heineken_Lata,13,0.0,0.0,0.0,0.0,0.0,0.0
125,Extrema,EXT_L1,Heineken_Lata,14,0.0,0.0,0.0,0.0,0.0,0.0
125,Extrema,EXT_L1,Heineken_Lata,15,0.0,0.0,0.0,0.0,0.0,0.0
125,Extrema,EXT_L1,Sukita_Laranja,1,0.0,0.0,0.0,0.0,0.0,0.0
125,Extrema,EXT_L1,Sukita_Laranja,2,0.0,0.0,36652.71000000001,1515.9899999999907,0.0,36652.71000000001
125,Extrema,EXT_L1,Sukita_Laranja,3,0.0,0.0,0.0,0.0,0.0,0.0
125,Extrema,EXT_L1,Sukita_Laranja,4,0.0,0.0,0.0,0.0,41713.57000000001,41713.57000000001
125,Extrema,EXT_L1,Sukita_Laranja,5,0.0,0.0,0.0,19213.61,0.0,0.0
125,Extrema,EXT_L1,Sukita_Laranja,6,0.0,0.0,0.0,0.0,0.0,0.0
125,Extrema,EXT_L1,Sukita_Laranja,7,0.0,0.0,0.0,0.0,0.0,0.0
125,Extrema,EXT_L1,Sukita_Laranja,8,0.0,0.0,0.0,0.0,0.0,0.0
125,Extrema,EXT_L1,Sukita_Laranja,9,0.0,0.0,0.0,0.0,0.0,0.0
125,Extrema,EXT_L1,Sukita_Laranja,10,0.0,0.0,0.0,0.0,0.0,0.0
125,Extrema,EXT_L1,Sukita_Laranja,11,0.0,0.0,0.0,0.0,0.0,0.0
125,Extrema,EXT_L1,Sukita_Laranja,12,0.0,0.0,0.0,0.0,0.0,0.0
125,Extrema,EXT_L1,Sukita_Laranja,13,0.0,0.0,0.0,0.0,0.0,4355.739999999999
125,Extrema,EXT_L1,Sukita_Laranja,14,0.0,0.0,0.0,0.0,4355.739999999999,0.0
125,Extrema,EXT_L1,Sukita_Laranja,15,0.0,0.0,0.0,0.0,0.0,0.0
125,Extrema,EXT_L1,H2OH_Limao,1,0.0,0.0,0.0,0.0,0.0,0.0
125,Extrema,EXT_L1,H2OH_Limao,2,0.0,0.0,0.0,0.0,0.0,45630.53
125,Extrema,EXT_L1,H2OH_Limao,3,0.0,0.0,0.0,0.0,1905.6699999999946,1905.6699999999946
125,Extrema,EXT_L1,H2OH_Limao,4,0.0,0.0,0.0,0.0,0.0,0.0
125,Extrema,EXT_L1,H2OH_Limao,5,0.0,0.0,23411.71,0.0,12437.059999999998,35848.77
125,Extrema,EXT_L1,H2OH_Limao,6,0.0,0.0,0.0,0.0,11416.05,11416.05
125,Extrema,EXT_L1,H2OH_Limao,7,0.0,0.0,0.0,0.0,19983.26000000001,19983.26000000001
125,Extrema,EXT_L1,H2OH_Limao,8,0.0,0.0,0.0,0.0,0.0,0.0
125,Extrema,EXT_L1,H2OH_Limao,9,0.0,0.0,0.0,0.0,34344.0,34344.0
125,Extrema,EXT_L1,H2OH_Limao,10,0.0,0.0,0.0,0.0,0.0,0.0
125,Extrema,EXT_L1,H2OH_Limao,11,0.0,0.0,0.0,0.0,0.0,0.0
125,Extrema,EXT_L1,H2OH_Limao,12,0.0,0.0,0.0,0.0,0.0,0.0
125,Extrema,EXT_L1,H2OH_Limao,13,0.0,0.0,0.0,0.0,21127.87,21127.87
125,Extrema,EXT_L1,H2OH_Limao,14,0.0,0.0,0.0,0.0,0.0,26071.15
125,Extrema,EXT_L1,H2OH_Limao,15,0.0,0.0,0.0,0.0,38544.0,0.0
125,Extrema,EXT_L1,Budweiser_Lata,1,0.0,0.0,0.0,0.0,0.0,0.0
125,Extrema,EXT_L1,Budweiser_Lata,2,0.0,0.0,7795.96,0.0,0.0,7795.96
125,Extrema,EXT_L1,Budweiser_Lata,3,0.0,0.0,0.0,0.0,0.0,47393.48
125,Extrema,EXT_L1,Budweiser_Lata,4,0.0,0.0,0.0,0.0,0.0,47401.49
125,Extrema,EXT_L1,Budweiser_Lata,5,0.0,0.0,0.0,0.0,0.0,0.0
125,Extrema,EXT_L1,Budweiser_Lata,6,0.0,0.0,0.0,0.0,0.0,0.0
125,Extrema,EXT_L1,Budweiser_Lata,7,0.0,0.0,0.0,0.0,0.0,0.0
125,Extrema,EXT_L1,Budweiser_Lata,8,0.0,0.0,0.0,0.0,0.0,0.0
125,Extrema,EXT_L1,Budweiser_Lata,9,0.0,0.0,9859.6,0.0,0.0,9859.6
125,Extrema,EXT_L1,Budweiser_Lata,10,0.0,0.0,0.0,0.0,0.0,0.0
125,Extrema,EXT_L1,Budweiser_Lata,11,0.0,0.0,0.0,0.0,0.0,0.0
125,Extrema,EXT_L1,Budweiser_Lata,12,0.0,0.0,0.0,0.0,0.0,0.0
125,Extrema,EXT_L1,Budweiser_Lata,13,0.0,0.0,0.0,0.0,0.0,0.0
125,Extrema,EXT_L1,Budweiser_Lata,14,0.0,0.0,0.0,0.0,0.0,0.0
125,Extrema,EXT_L1,Budweiser_Lata,15,0.0,0.0,23372.5,0.0,0.0,23372.5
125,Extrema,EXT_L1,Kuat,1,0.0,0.0,0.0,0.0,0.0,0.0
125,Extrema,EXT_L1,Kuat,2,0.0,0.0,0.0,0.0,0.0,0.0
125,Extrema,EXT_L1,Kuat,3,0.0,0.0,0.0,0.0,2508.5399999999977,0.0
125,Extrema,EXT_L1,Kuat,4,0.0,0.0,0.0,0.0,25377.55,0.0
125,Extrema,EXT_L1,Kuat,5,0.0,0.0,0.0,0.0,0.0,0.0
125,Extrema,EXT_L1,Kuat,6,0.0,0.0,0.0,0.0,0.0,0.0
125,Extrema,EXT_L1,Kuat,7,0.0,0.0,0.0,0.0,0.0,0.0
125,Extrema,EXT_L1,Kuat,8,0.0,0.0,0.0,0.0,0.0,0.0
125,Extrema,EXT_L1,Kuat,9,0.0,0.0,0.0,0.0,0.0,0.0
125,Extrema,EXT_L1,Kuat,10,0.0,0.0,0.0,0.0,0.0,0.0
125,Extrema,EXT_L1,Kuat,11,0.0,0.0,0.0,0.0,0.0,0.0
125,Extrema,EXT_L1,Kuat,12,0.0,0.0,0.0,0.0,0.0,0.0
125,Extrema,EXT_L1,Kuat,13,0.0,0.0,0.0,0.0,0.0,2460.91
125,Extrema,EXT_L1,Kuat,14,0.0,0.0,0.0,0.0,0.0,0.0
125,Extrema,EXT_L1,Kuat,15,0.0,0.0,0.0,0.0,0.0,47281.36
125,Extrema,EXT_L1,Fanta_Uva,1,0.0,0.0,0.0,0.0,0.0,2167.91
125,Extrema,EXT_L1,Fanta_Uva,2,0.0,0.0,0.0,0.0,0.0,1223.4500000000698
125,Extrema,EXT_L1,Fanta_Uva,3,0.0,0.0,0.0,0.0,0.0,46229.96999999993
125,Extrema,EXT_L1,Fanta_Uva,4,0.0,0.0,0.0,0.0,0.0,3292.349999999999
125,Extrema,EXT_L1,Fanta_Uva,5,0.0,0.0,0.0,0.0,0.0,14291.69000000001
125,Extrema,EXT_L1,Fanta_Uva,6,0.0,0.0,0.0,0.0,0.0,28567.039999999994
125,Extrema,EXT_L1,Fanta_Uva,7,0.0,0.0,0.0,0.0,37386.26,0.0
125,Extrema,EXT_L1,Fanta_Uva,8,0.0,0.0,0.0,0.0,0.0,0.0
125,Extrema,EXT_L1,Fanta_Uva,9,0.0,0.0,0.0,0.0,0.0,0.0
125,Extrema,EXT_L1,Fanta_Uva,10,0.0,0.0,0.0,0.0,0.0,0.0
125,Extrema,EXT_L1,Fanta_Uva,11,0.0,0.0,10324.42,0.0,0.0,10324.42
125,Extrema,EXT_L1,Fanta_Uva,12,0.0,0.0,0.0,0.0,0.0,0.0
125,Extrema,EXT_L1,Fanta_Uva,13,0.0,0.0,0.0,0.0,0.0,0.0
125,Extrema,EXT_L1,Fanta_Uva,14,0.0,0.0,0.0,0.0,21456.61,21456.61
125,Extrema,EXT_L1,Fanta_Uva,15,0.0,0.0,0.0,0.0,0.0,0.0
125,Extrema,EXT_L1,Sprite,1,0.0,0.0,0.0,0.0,0.0,36072.0
125,Extrema,EXT_L1,Sprite,2,0.0,0.0,0.0,0.0,0.0,0.0
125,Extrema,EXT_L1,Sprite,3,0.0,0.0,21897.12,0.0,19550.88000000001,41448.00000000001
125,Extrema,EXT_L1,Sprite,4,0.0,0.0,0.0,0.0,0.0,0.0
125,Extrema,EXT_L1,Sprite,5,0.0,0.0,0.0,0.0,0.0,0.0
125,Extrema,EXT_L1,Sprite,6,0.0,0.0,0.0,0.0,17875.350000000002,29292.08
125,Extrema,EXT_L1,Sprite,7,0.0,0.0,0.0,0.0,37824.00000000001,37824.00000000001
125,Extrema,EXT_L1,Sprite,8,0.0,0.0,0.0,0.0,0.0,0.0
125,Extrema,EXT_L1,Sprite,9,0.0,0.0,0.0,0.0,0.0,33530.36
125,Extrema,EXT_L1,Sprite,10,0.0,0.0,0.0,0.0,39936.0,39936.0
125,Extrema,EXT_L1,Sprite,11,0.0,0.0,36494.67,0.0,0.0,36494.67
125,Extrema,EXT_L1,Sprite,12,0.0,0.0,0.0,0.0,0.0,18344.62
125,Extrema,EXT_L1,Sprite,13,0.0,0.0,0.0,0.0,19498.65000000001,19498.65000000001
125,Extrema,EXT_L1,Sprite,14,0.0,0.0,0.0,0.0,0.0,0.0
125,Extrema,EXT_L1,Sprite,15,0.0,0.0,15464.11,0.0,0.0,22690.49
125,Extrema,EXT_L1,Skol_Lata,1,0.0,0.0,0.0,0.0,36600.0,0.0
125,Extrema,EXT_L1,Skol_Lata,2,0.0,0.0,0.0,0.0,40008.00000000001,0.0
125,Extrema,EXT_L1,Skol_Lata,3,0.0,0.0,0.0,0.0,36395.46,0.0
125,Extrema,EXT_L1,Skol_Lata,4,0.0,0.0,0.0,0.0,0.0,0.0
125,Extrema,EXT_L1,Skol_Lata,5,0.0,0.0,0.0,0.0,33523.54,0.0
125,Extrema,EXT_L1,Skol_Lata,6,0.0,0.0,0.0,0.0,16349.379999999994,0.0
125,Extrema,EXT_L1,Skol_Lata,7,0.0,0.0,0.0,0.0,37082.29000000001,0.0
125,Extrema,EXT_L1,Skol_Lata,8,0.0,0.0,0.0,0.0,10622.32,0.0
125,Extrema,EXT_L1,Skol_Lata,9,0.0,0.0,0.0,0.0,27319.629999999994,0.0
125,Extrema,EXT_L1,Skol_Lata,10,0.0,0.0,0.0,0.0,38208.0,0.0
125,Extrema,EXT_L1,Skol_Lata,11,0.0,0.0,0.0,0.0,39072.0,0.0
125,Extrema,EXT_L1,Skol_Lata,12,0.0,0.0,0.0,0.0,17887.81,0.0
125,Extrema,EXT_L1,Skol_Lata,13,0.0,0.0,0.0,0.0,40992.0,0.0
125,Extrema,EXT_L1,Skol_Lata,14,0.0,0.0,0.0,0.0,37800.0,0.0
125,Extrema,EXT_L1,Skol_Lata,15,0.0,0.0,0.0,0.0,41568.0,0.0
125,Extrema,EXT_L1,Guarana_Antarctica,1,0.0,0.0,0.0,23774.49,0.0,0.0
125,Extrema,EXT_L1,Guarana_Antarctica,2,0.0,0.0,0.0,0.0,23488.190000000002,0.0
125,Extrema,EXT_L1,Guarana_Antarctica,3,0.0,0.0,0.0,0.0,0.0,0.0
125,Extrema,EXT_L1,Guarana_Antarctica,4,0.0,0.0,0.0,0.0,0.0,0.0
125,Extrema,EXT_L1,Guarana_Antarctica,5,0.0,0.0,0.0,0.0,0.0,0.0
125,Extrema,EXT_L1,Guarana_Antarctica,6,0.0,0.0,0.0,0.0,0.0,0.0
125,Extrema,EXT_L1,Guarana_Antarctica,7,0.0,0.0,0.0,0.0,0.0,0.0
125,Extrema,EXT_L1,Guarana_Antarctica,8,0.0,0.0,0.0,0.0,0.0,0.0
125,Extrema,EXT_L1,Guarana_Antarctica,9,0.0,0.0,0.0,0.0,0.0,0.0
125,Extrema,EXT_L1,Guarana_Antarctica,10,0.0,0.0,0.0,0.0,0.0,0.0
125,Extrema,EXT_L1,Guarana_Antarctica,11,0.0,0.0,0.0,0.0,21015.980000000007,0.0
125,Extrema,EXT_L1,Guarana_Antarctica,12,0.0,0.0,0.0,0.0,13096.510000000004,0.0
125,Extrema,EXT_L1,Guarana_Antarctica,13,0.0,0.0,0.0,23601.66,0.0,0.0
125,Extrema,EXT_L1,Guarana_Antarctica,14,0.0,0.0,0.0,0.0,0.0,0.0
125,Extrema,EXT_L1,Guarana_Antarctica,15,0.0,0.0,0.0,0.0,0.0,0.0
125,Extrema,EXT_L1,Guarana_Antarctica_Zero,1,0.0,0.0,0.0,0.0,0.0,0.0
125,Extrema,EXT_L1,Guarana_Antarctica_Zero,2,0.0,0.0,0.0,0.0,0.0,0.0
125,Extrema,EXT_L1,Guarana_Antarctica_Zero,3,0.0,0.0,0.0,0.0,0.0,0.0
125,Extrema,EXT_L1,Guarana_Antarctica_Zero,4,0.0,0.0,0.0,0.0,0.0,0.0
125,Extrema,EXT_L1,Guarana_Antarctica_Zero,5,0.0,0.0,0.0,0.0,0.0,0.0
125,Extrema,EXT_L1,Guarana_Antarctica_Zero,6,0.0,0.0,0.0,0.0,0.0,0.0
125,Extrema,EXT_L1,Guarana_Antarctica_Zero,7,0.0,0.0,0.0,0.0,0.0,0.0
125,Extrema,EXT_L1,Guarana_Antarctica_Zero,8,0.0,0.0,0.0,0.0,0.0,0.0
125,Extrema,EXT_L1,Guarana_Antarctica_Zero,9,0.0,0.0,0.0,0.0,0.0,0.0
125,Extrema,EXT_L1,Guarana_Antarctica_Zero,10,0.0,0.0,0.0,0.0,0.0,0.0
125,Extrema,EXT_L1,Guarana_Antarctica_Zero,11,0.0,0.0,0.0,0.0,0.0,0.0
125,Extrema,EXT_L1,Guarana_Antarctica_Zero,12,0.0,0.0,0.0,0.0,0.0,0.0
125,Extrema,EXT_L1,Guarana_Antarctica_Zero,13,0.0,0.0,0.0,0.0,0.0,0.0
125,Extrema,EXT_L1,Guarana_Antarctica_Zero,14,0.0,0.0,21145.93,0.0,0.0,21145.93
125,Extrema,EXT_L1,Guarana_Antarctica_Zero,15,0.0,0.0,0.0,0.0,0.0,0.0
125,Extrema,EXT_L1,Del_Valle_Uva,1,0.0,0.0,0.0,0.0,0.0,0.0
125,Extrema,EXT_L1,Del_Valle_Uva,2,0.0,0.0,0.0,0.0,0.0,0.0
125,Extrema,EXT_L1,Del_Valle_Uva,3,0.0,0.0,0.0,0.0,0.0,0.0
125,Extrema,EXT_L1,Del_Valle_Uva,4,0.0,0.0,0.0,0.0,0.0,0.0
125,Extrema,EXT_L1,Del_Valle_Uva,5,0.0,0.0,0.0,0.0,0.0,0.0
125,Extrema,EXT_L1,Del_Valle_Uva,6,0.0,0.0,0.0,0.0,0.0,0.0
125,Extrema,EXT_L1,Del_Valle_Uva,7,0.0,0.0,0.0,0.0,0.0,0.0
125,Extrema,EXT_L1,Del_Valle_Uva,8,0.0,0.0,0.0,0.0,0.0,0.0
125,Extrema,EXT_L1,Del_Valle_Uva,9,0.0,0.0,0.0,0.0,0.0,0.0
125,Extrema,EXT_L1,Del_Valle_Uva,10,0.0,0.0,0.0,0.0,0.0,0.0
125,Extrema,EXT_L1,Del_Valle_Uva,11,0.0,0.0,0.0,0.0,0.0,2434.7700000000077
125,Extrema,EXT_L1,Del_Valle_Uva,12,0.0,0.0,0.0,0.0,0.0,0.0
125,Extrema,EXT_L1,Del_Valle_Uva,13,0.0,0.0,22996.6,0.0,0.0,22996.6
125,Extrema,EXT_L1,Del_Valle_Uva,14,0.0,0.0,0.0,0.0,0.0,0.0
125,Extrema,EXT_L1,Del_Valle_Uva,15,0.0,0.0,0.0,0.0,0.0,0.0
125,Extrema,EXT_L1,Brahma_Lata,1,0.0,0.0,0.0,0.0,0.0,23194.16
125,Extrema,EXT_L1,Brahma_Lata,2,0.0,0.0,0.0,0.0,0.0,0.0
125,Extrema,EXT_L1,Brahma_Lata,3,0.0,0.0,0.0,0.0,0.0,0.0
125,Extrema,EXT_L1,Brahma_Lata,4,0.0,0.0,0.0,0.0,0.0,0.0
125,Extrema,EXT_L1,Brahma_Lata,5,0.0,0.0,0.0,0.0,0.0,0.0
125,Extrema,EXT_L1,Brahma_Lata,6,0.0,0.0,0.0,0.0,0.0,11214.92
125,Extrema,EXT_L1,Brahma_Lata,7,0.0,0.0,0.0,0.0,0.0,0.0
125,Extrema,EXT_L1,Brahma_Lata,8,0.0,0.0,0.0,0.0,0.0,0.0
125,Extrema,EXT_L1,Brahma_Lata,9,0.0,0.0,0.0,0.0,0.0,0.0
125,Extrema,EXT_L1,Brahma_Lata,10,0.0,0.0,0.0,0.0,0.0,0.0
125,Extrema,EXT_L1,Brahma_Lata,11,0.0,0.0,0.0,0.0,0.0,0.0
125,Extrema,EXT_L1,Brahma_Lata,12,0.0,0.0,0.0,0.0,0.0,0.0
125,Extrema,EXT_L1,Brahma_Lata,13,0.0,0.0,0.0,0.0,0.0,0.0
125,Extrema,EXT_L1,Brahma_Lata,14,0.0,0.0,0.0,0.0,0.0,0.0
125,Extrema,EXT_L1,Brahma_Lata,15,0.0,0.0,0.0,0.0,6242.5099999999875,6242.5099999999875
125,Extrema,EXT_L1,Itaipava_Lata,1,0.0,0.0,0.0,0.0,0.0,0.0
125,Extrema,EXT_L1,Itaipava_Lata,2,0.0,0.0,0.0,0.0,0.0,0.0
125,Extrema,EXT_L1,Itaipava_Lata,3,0.0,0.0,0.0,0.0,0.0,0.0
125,Extrema,EXT_L1,Itaipava_Lata,4,0.0,0.0,0.0,0.0,0.0,16447.48
125,Extrema,EXT_L1,Itaipava_Lata,5,0.0,0.0,0.0,0.0,0.0,0.0
125,Extrema,EXT_L1,Itaipava_Lata,6,0.0,0.0,0.0,0.0,0.0,0.0
125,Extrema,EXT_L1,Itaipava_Lata,7,0.0,0.0,0.0,0.0,0.0,0.0
125,Extrema,EXT_L1,Itaipava_Lata,8,0.0,0.0,0.0,0.0,0.0,0.0
125,Extrema,EXT_L1,Itaipava_Lata,9,0.0,0.0,0.0,0.0,0.0,0.0
125,Extrema,EXT_L1,Itaipava_Lata,10,0.0,0.0,0.0,0.0,0.0,0.0
125,Extrema,EXT_L1,Itaipava_Lata,11,0.0,0.0,0.0,0.0,0.0,0.0
125,Extrema,EXT_L1,Itaipava_Lata,12,0.0,0.0,0.0,0.0,0.0,0.0
125,Extrema,EXT_L1,Itaipava_Lata,13,0.0,0.0,0.0,0.0,0.0,0.0
125,Extrema,EXT_L1,Itaipava_Lata,14,0.0,0.0,0.0,0.0,0.0,0.0
125,Extrema,EXT_L1,Itaipava_Lata,15,0.0,0.0,0.0,0.0,0.0,0.0
125,Extrema,EXT_L2,Maguary_Maracuja,1,0.0,0.0,0.0,0.0,0.0,29589.73
125,Extrema,EXT_L2,Maguary_Maracuja,2,0.0,0.0,0.0,0.0,0.0,0.0
125,Extrema,EXT_L2,Maguary_Maracuja,3,0.0,0.0,0.0,0.0,0.0,0.0
125,Extrema,EXT_L2,Maguary_Maracuja,4,0.0,0.0,0.0,0.0,0.0,0.0
125,Extrema,EXT_L2,Maguary_Maracuja,5,0.0,0.0,25066.06,0.0,0.0,79425.6
125,Extrema,EXT_L2,Maguary_Maracuja,6,0.0,0.0,29487.3,0.0,0.0,29487.3
125,Extrema,EXT_L2,Maguary_Maracuja,7,0.0,0.0,11993.0,0.0,0.0,63138.0
125,Extrema,EXT_L2,Maguary_Maracuja,8,0.0,0.0,24473.55,0.0,0.0,24473.55
125,Extrema,EXT_L2,Maguary_Maracuja,9,0.0,0.0,0.0,0.0,0.0,16255.59
125,Extrema,EXT_L2,Maguary_Maracuja,10,0.0,0.0,0.0,0.0,0.0,0.0
125,Extrema,EXT_L2,Maguary_Maracuja,11,0.0,0.0,0.0,0.0,0.0,0.0
125,Extrema,EXT_L2,Maguary_Maracuja,12,0.0,0.0,0.0,0.0,0.0,0.0
125,Extrema,EXT_L2,Maguary_Maracuja,13,0.0,0.0,0.0,0.0,0.0,0.0
125,Extrema,EXT_L2,Maguary_Maracuja,14,0.0,0.0,0.0,0.0,0.0,0.0
125,Extrema,EXT_L2,Maguary_Maracuja,15,0.0,0.0,0.0,0.0,0.0,0.0
125,Extrema,EXT_L2,Fanta_Laranja,1,0.0,0.0,0.0,0.0,0.0,0.0
125,Extrema,EXT_L2,Fanta_Laranja,2,0.0,0.0,0.0,0.0,0.0,0.0
125,Extrema,EXT_L2,Fanta_Laranja,3,0.0,0.0,0.0,0.0,0.0,0.0
125,Extrema,EXT_L2,Fanta_Laranja,4,0.0,0.0,0.0,0.0,0.0,0.0
125,Extrema,EXT_L2,Fanta_Laranja,5,0.0,0.0,0.0,0.0,0.0,0.0
125,Extrema,EXT_L2,Fanta_Laranja,6,0.0,0.0,0.0,0.0,0.0,0.0
125,Extrema,EXT_L2,Fanta_Laranja,7,0.0,0.0,0.0,0.0,0.0,0.0
125,Extrema,EXT_L2,Fanta_Laranja,8,0.0,0.0,0.0,0.0,0.0,0.0
125,Extrema,EXT_L2,Fanta_Laranja,9,0.0,0.0,0.0,0.0,0.0,0.0
125,Extrema,EXT_L2,Fanta_Laranja,10,0.0,0.0,47379.77,0.0,0.0,72739.41
125,Extrema,EXT_L2,Fanta_Laranja,11,0.0,0.0,0.0,0.0,0.0,0.0
125,Extrema,EXT_L2,Fanta_Laranja,12,0.0,0.0,0.0,0.0,0.0,0.0
125,Extrema,EXT_L2,Fanta_Laranja,13,0.0,0.0,0.0,0.0,0.0,0.0
125,Extrema,EXT_L2,Fanta_Laranja,14,0.0,0.0,0.0,0.0,0.0,0.0
125,Extrema,EXT_L2,Fanta_Laranja,15,0.0,0.0,0.0,0.0,0.0,24406.440000000002
125,Extrema,EXT_L2,Schweppes_Citrus,1,0.0,0.0,0.0,0.0,0.0,0.0
125,Extrema,EXT_L2,Schweppes_Citrus,2,0.0,0.0,0.0,0.0,0.0,0.0
125,Extrema,EXT_L2,Schweppes_Citrus,3,0.0,0.0,0.0,0.0,0.0,30840.21
125,Extrema,EXT_L2,Schweppes_Citrus,4,0.0,0.0,0.0,0.0,0.0,0.0
125,Extrema,EXT_L2,Schweppes_Citrus,5,0.0,0.0,0.0,0.0,0.0,0.0
125,Extrema,EXT_L2,Schweppes_Citrus,6,0.0,0.0,0.0,0.0,0.0,0.0
125,Extrema,EXT_L2,Schweppes_Citrus,7,0.0,0.0,0.0,0.0,35165.98000000001,35165.98000000001
125,Extrema,EXT_L2,Schweppes_Citrus,8,0.0,0.0,0.0,0.0,0.0,0.0
125,Extrema,EXT_L2,Schweppes_Citrus,9,0.0,0.0,0.0,0.0,0.0,0.0
125,Extrema,EXT_L2,Schweppes_Citrus,10,0.0,0.0,0.0,0.0,0.0,0.0
125,Extrema,EXT_L2,Schweppes_Citrus,11,0.0,0.0,26395.49,0.0,0.0,26395.49
125,Extrema,EXT_L2,Schweppes_Citrus,12,0.0,0.0,0.0,0.0,0.0,0.0
125,Extrema,EXT_L2,Schweppes_Citrus,13,0.0,0.0,46191.17,0.0,0.0,46191.17
125,Extrema,EXT_L2,Schweppes_Citrus,14,0.0,0.0,0.0,0.0,0.0,0.0
125,Extrema,EXT_L2,Schweppes_Citrus,15,0.0,0.0,4157.14,0.0,0.0,4157.14
125,Extrema,EXT_L2,Sprite_Zero,1,0.0,0.0,0.0,0.0,0.0,0.0
125,Extrema,EXT_L2,Sprite_Zero,2,0.0,0.0,0.0,0.0,0.0,0.0
125,Extrema,EXT_L2,Sprite_Zero,3,0.0,0.0,0.0,0.0,0.0,0.0
125,Extrema,EXT_L2,Sprite_Zero,4,0.0,0.0,0.0,0.0,0.0,0.0
125,Extrema,EXT_L2,Sprite_Zero,5,0.0,0.0,0.0,0.0,40224.0,40224.0
125,Extrema,EXT_L2,Sprite_Zero,6,0.0,0.0,0.0,0.0,0.0,0.0
125,Extrema,EXT_L2,Sprite_Zero,7,0.0,0.0,0.0,0.0,0.0,0.0
125,Extrema,EXT_L2,Sprite_Zero,8,0.0,0.0,0.0,0.0,0.0,0.0
125,Extrema,EXT_L2,Sprite_Zero,9,0.0,0.0,0.0,0.0,0.0,0.0
125,Extrema,EXT_L2,Sprite_Zero,10,0.0,0.0,0.0,0.0,0.0,0.0
125,Extrema,EXT_L2,Sprite_Zero,11,0.0,0.0,0.0,0.0,0.0,0.0
125,Extrema,EXT_L2,Sprite_Zero,12,0.0,0.0,0.0,0.0,0.0,62822.33
125,Extrema,EXT_L2,Sprite_Zero,13,0.0,0.0,0.0,0.0,0.0,0.0
125,Extrema,EXT_L2,Sprite_Zero,14,0.0,0.0,0.0,0.0,0.0,0.0
125,Extrema,EXT_L2,Sprite_Zero,15,0.0,0.0,0.0,0.0,0.0,0.0
125,Extrema,EXT_L2,Eisenbahn_Pilsen,1,0.0,0.0,0.0,0.0,0.0,0.0
125,Extrema,EXT_L2,Eisenbahn_Pilsen,2,0.0,0.0,0.0,0.0,0.0,0.0
125,Extrema,EXT_L2,Eisenbahn_Pilsen,3,0.0,0.0,0.0,0.0,0.0,0.0
125,Extrema,EXT_L2,Eisenbahn_Pilsen,4,0.0,0.0,0.0,0.0,0.0,23302.15
125,Extrema,EXT_L2,Eisenbahn_Pilsen,5,0.0,0.0,14362.7,0.0,0.0,14362.7
125,Extrema,EXT_L2,Eisenbahn_Pilsen,6,0.0,0.0,0.0,0.0,0.0,0.0
125,Extrema,EXT_L2,Eisenbahn_Pilsen,7,0.0,0.0,0.0,0.0,0.0,0.0
125,Extrema,EXT_L2,Eisenbahn_Pilsen,8,0.0,0.0,0.0,0.0,0.0,31392.6
125,Extrema,EXT_L2,Eisenbahn_Pilsen,9,0.0,0.0,0.0,0.0,0.0,16136.94
125,Extrema,EXT_L2,Eisenbahn_Pilsen,10,0.0,0.0,0.0,0.0,0.0,21101.53
125,Extrema,EXT_L2,Eisenbahn_Pilsen,11,0.0,0.0,24323.31,0.0,0.0,24323.31
125,Extrema,EXT_L2,Eisenbahn_Pilsen,12,0.0,0.0,0.0,0.0,0.0,28099.0
125,Extrema,EXT_L2,Eisenbahn_Pilsen,13,0.0,0.0,0.0,0.0,0.0,0.0
125,Extrema,EXT_L2,Eisenbahn_Pilsen,14,0.0,0.0,0.0,0.0,0.0,12583.88
125,Extrema,EXT_L2,Eisenbahn_Pilsen,15,0.0,0.0,0.0,0.0,0.0,0.0
125,Extrema,EXT_L2,Del_Valle_Pessego,1,0.0,0.0,0.0,0.0,0.0,0.0
125,Extrema,EXT_L2,Del_Valle_Pessego,2,0.0,0.0,4891.29,0.0,0.0,4891.29
125,Extrema,EXT_L2,Del_Valle_Pessego,3,0.0,0.0,0.0,0.0,0.0,0.0
125,Extrema,EXT_L2,Del_Valle_Pessego,4,0.0,0.0,0.0,0.0,0.0,0.0
125,Extrema,EXT_L2,Del_Valle_Pessego,5,0.0,0.0,0.0,0.0,15244.169999999998,15244.169999999998
125,Extrema,EXT_L2,Del_Valle_Pessego,6,0.0,0.0,0.0,0.0,0.0,0.0
125,Extrema,EXT_L2,Del_Valle_Pessego,7,0.0,0.0,0.0,0.0,0.0,0.0
125,Extrema,EXT_L2,Del_Valle_Pessego,8,0.0,0.0,0.0,0.0,0.0,0.0
125,Extrema,EXT_L2,Del_Valle_Pessego,9,0.0,0.0,0.0,0.0,0.0,0.0
125,Extrema,EXT_L2,Del_Valle_Pessego,10,0.0,0.0,0.0,0.0,0.0,0.0
125,Extrema,EXT_L2,Del_Valle_Pessego,11,0.0,0.0,0.0,0.0,0.0,0.0
125,Extrema,EXT_L2,Del_Valle_Pessego,12,0.0,0.0,0.0,0.0,0.0,0.0
125,Extrema,EXT_L2,Del_Valle_Pessego,13,0.0,0.0,0.0,0.0,0.0,0.0
125,Extrema,EXT_L2,Del_Valle_Pessego,14,0.0,0.0,0.0,0.0,0.0,0.0
125,Extrema,EXT_L2,Del_Valle_Pessego,15,0.0,0.0,0.0,0.0,0.0,0.0
125,Extrema,EXT_L2,Coca_Cola,1,0.0,0.0,0.0,0.0,0.0,0.0
125,Extrema,EXT_L2,Coca_Cola,2,0.0,0.0,0.0,0.0,0.0,0.0
125,Extrema,EXT_L2,Coca_Cola,3,0.0,0.0,0.0,0.0,0.0,0.0
125,Extrema,EXT_L2,Coca_Cola,4,0.0,0.0,0.0,17998.5,0.0,0.0
125,Extrema,EXT_L2,Coca_Cola,5,0.0,0.0,0.0,0.0,0.0,0.0
125,Extrema,EXT_L2,Coca_Cola,6,0.0,0.0,0.0,0.0,0.0,0.0
125,Extrema,EXT_L2,Coca_Cola,7,0.0,0.0,0.0,0.0,0.0,0.0
125,Extrema,EXT_L2,Coca_Cola,8,0.0,0.0,0.0,0.0,0.0,0.0
125,Extrema,EXT_L2,Coca_Cola,9,0.0,0.0,0.0,0.0,0.0,0.0
125,Extrema,EXT_L2,Coca_Cola,10,0.0,0.0,0.0,0.0,0.0,0.0
125,Extrema,EXT_L2,Coca_Cola,11,0.0,0.0,0.0,0.0,0.0,0.0
125,Extrema,EXT_L2,Coca_Cola,12,0.0,0.0,0.0,0.0,0.0,0.0
125,Extrema,EXT_L2,Coca_Cola,13,0.0,0.0,0.0,0.0,0.0,0.0
125,Extrema,EXT_L2,Coca_Cola,14,0.0,0.0,0.0,0.0,0.0,0.0
125,Extrema,EXT_L2,Coca_Cola,15,0.0,0.0,0.0,0.0,0.0,0.0
125,Extrema,EXT_L2,Amstel_Lata,1,0.0,0.0,0.0,0.0,0.0,0.0
125,Extrema,EXT_L2,Amstel_Lata,2,0.0,0.0,0.0,0.0,0.0,0.0
125,Extrema,EXT_L2,Amstel_Lata,3,0.0,0.0,0.0,0.0,0.0,0.0
125,Extrema,EXT_L2,Amstel_Lata,4,0.0,0.0,0.0,0.0,20008.61,20008.61
125,Extrema,EXT_L2,Amstel_Lata,5,0.0,0.0,0.0,0.0,0.0,0.0
125,Extrema,EXT_L2,Amstel_Lata,6,0.0,0.0,0.0,0.0,0.0,0.0
125,Extrema,EXT_L2,Amstel_Lata,7,0.0,0.0,0.0,0.0,0.0,52643.99
125,Extrema,EXT_L2,Amstel_Lata,8,0.0,0.0,0.0,0.0,0.0,0.0
125,Extrema,EXT_L2,Amstel_Lata,9,0.0,0.0,0.0,0.0,0.0,0.0
125,Extrema,EXT_L2,Amstel_Lata,10,0.0,0.0,0.0,0.0,0.0,0.0
125,Extrema,EXT_L2,Amstel_Lata,11,0.0,0.0,0.0,0.0,0.0,0.0
125,Extrema,EXT_L2,Amstel_Lata,12,0.0,0.0,0.0,0.0,0.0,0.0
125,Extrema,EXT_L2,Amstel_Lata,13,0.0,0.0,0.0,0.0,34592.19,34592.19
125,Extrema,EXT_L2,Amstel_Lata,14,0.0,0.0,0.0,0.0,0.0,0.0
125,Extrema,EXT_L2,Amstel_Lata,15,0.0,0.0,0.0,0.0,0.0,0.0
125,Extrema,EXT_L2,Pepsi_Black,1,0.0,0.0,0.0,0.0,0.0,0.0
125,Extrema,EXT_L2,Pepsi_Black,2,0.0,0.0,0.0,0.0,0.0,0.0
125,Extrema,EXT_L2,Pepsi_Black,3,0.0,0.0,0.0,0.0,0.0,0.0
125,Extrema,EXT_L2,Pepsi_Black,4,0.0,0.0,0.0,0.0,0.0,0.0
125,Extrema,EXT_L2,Pepsi_Black,5,0.0,0.0,0.0,0.0,8379.84,8379.84
125,Extrema,EXT_L2,Pepsi_Black,6,0.0,0.0,0.0,0.0,0.0,0.0
125,Extrema,EXT_L2,Pepsi_Black,7,0.0,0.0,0.0,0.0,0.0,0.0
125,Extrema,EXT_L2,Pepsi_Black,8,0.0,0.0,0.0,0.0,0.0,0.0
125,Extrema,EXT_L2,Pepsi_Black,9,0.0,0.0,0.0,0.0,0.0,0.0
125,Extrema,EXT_L2,Pepsi_Black,10,0.0,0.0,0.0,0.0,0.0,0.0
125,Extrema,EXT_L2,Pepsi_Black,11,0.0,0.0,0.0,0.0,0.0,0.0
125,Extrema,EXT_L2,Pepsi_Black,12,0.0,0.0,0.0,0.0,0.0,0.0
125,Extrema,EXT_L2,Pepsi_Black,13,0.0,0.0,0.0,0.0,0.0,0.0
125,Extrema,EXT_L2,Pepsi_Black,14,0.0,0.0,0.0,0.0,0.0,0.0
125,Extrema,EXT_L2,Pepsi_Black,15,0.0,0.0,5462.48,0.0,0.0,5462.48
125,Extrema,EXT_L2,Del_Valle_Laranja,1,0.0,0.0,0.0,0.0,7243.87,7243.87
125,Extrema,EXT_L2,Del_Valle_Laranja,2,0.0,0.0,24924.04,0.0,38736.0,24924.04
125,Extrema,EXT_L2,Del_Valle_Laranja,3,0.0,0.0,0.0,0.0,25381.07,31370.37
125,Extrema,EXT_L2,Del_Valle_Laranja,4,0.0,0.0,0.0,0.0,9326.73,0.0
125,Extrema,EXT_L2,Del_Valle_Laranja,5,5788.460000000001,0.0,0.0,0.0,46557.48999999999,0.0
125,Extrema,EXT_L2,Del_Valle_Laranja,6,24714.62000000001,0.0,0.0,0.0,24714.620000000006,2344.790000000012
125,Extrema,EXT_L2,Del_Valle_Laranja,7,0.0,0.0,34945.77,0.0,41176.79000000002,34945.77
125,Extrema,EXT_L2,Del_Valle_Laranja,8,30993.679999999997,0.0,0.0,0.0,50862.53999999999,0.0
125,Extrema,EXT_L2,Del_Valle_Laranja,9,9136.370000000006,0.0,0.0,0.0,14246.02,5109.649999999994
125,Extrema,EXT_L2,Del_Valle_Laranja,10,0.0,0.0,0.0,0.0,4647.860000000001,0.0
125,Extrema,EXT_L2,Del_Valle_Laranja,11,0.0,0.0,0.0,0.0,52902.24,35880.0
125,Extrema,EXT_L2,Del_Valle_Laranja,12,0.0,0.0,0.0,0.0,25401.92999999999,0.0
125,Extrema,EXT_L2,Del_Valle_Laranja,13,0.0,0.0,0.0,0.0,0.0,10923.009999999995
125,Extrema,EXT_L2,Del_Valle_Laranja,14,0.0,0.0,0.0,0.0,10923.009999999995,0.0
125,Extrema,EXT_L2,Del_Valle_Laranja,15,0.0,0.0,0.0,0.0,0.0,0.0
125,Extrema,EXT_L2,Itubaina,1,0.0,0.0,0.0,0.0,0.0,0.0
125,Extrema,EXT_L2,Itubaina,2,0.0,0.0,0.0,0.0,0.0,0.0
125,Extrema,EXT_L2,Itubaina,3,0.0,0.0,0.0,0.0,0.0,0.0
125,Extrema,EXT_L2,Itubaina,4,0.0,0.0,0.0,0.0,0.0,0.0
125,Extrema,EXT_L2,Itubaina,5,0.0,0.0,0.0,0.0,11436.14,11436.14
125,Extrema,EXT_L2,Itubaina,6,0.0,0.0,0.0,0.0,0.0,18063.72
125,Extrema,EXT_L2,Itubaina,7,0.0,0.0,0.0,0.0,0.0,0.0
125,Extrema,EXT_L2,Itubaina,8,0.0,0.0,0.0,0.0,0.0,0.0
125,Extrema,EXT_L2,Itubaina,9,0.0,0.0,0.0,0.0,0.0,0.0
125,Extrema,EXT_L2,Itubaina,10,0.0,0.0,0.0,0.0,0.0,4950.16
125,Extrema,EXT_L2,Itubaina,11,0.0,0.0,0.0,0.0,0.0,0.0
125,Extrema,EXT_L2,Itubaina,12,0.0,0.0,0.0,0.0,0.0,0.0
125,Extrema,EXT_L2,Itubaina,13,0.0,0.0,0.0,0.0,0.0,0.0
125,Extrema,EXT_L2,Itubaina,14,0.0,0.0,16261.67,0.0,0.0,16261.67
125,Extrema,EXT_L2,Itubaina,15,0.0,0.0,0.0,0.0,0.0,0.0
125,Extrema,EXT_L2,Stella_Artois_Pure_Gold,1,0.0,0.0,0.0,0.0,0.0,0.0
125,Extrema,EXT_L2,Stella_Artois_Pure_Gold,2,0.0,0.0,0.0,0.0,0.0,0.0
125,Extrema,EXT_L2,Stella_Artois_Pure_Gold,3,0.0,0.0,0.0,0.0,0.0,0.0
125,Extrema,EXT_L2,Stella_Artois_Pure_Gold,4,0.0,0.0,0.0,0.0,0.0,0.0
125,Extrema,EXT_L2,Stella_Artois_Pure_Gold,5,0.0,0.0,10495.21,0.0,0.0,10495.21
125,Extrema,EXT_L2,Stella_Artois_Pure_Gold,6,0.0,0.0,0.0,0.0,0.0,0.0
125,Extrema,EXT_L2,Stella_Artois_Pure_Gold,7,0.0,0.0,0.0,0.0,1123.2200000000041,1123.2200000000041
125,Extrema,EXT_L2,Stella_Artois_Pure_Gold,8,0.0,0.0,25802.83,0.0,16940.040000000005,25802.83
125,Extrema,EXT_L2,Stella_Artois_Pure_Gold,9,0.0,0.0,0.0,0.0,37827.04000000001,16479.21
125,Extrema,EXT_L2,Stella_Artois_Pure_Gold,10,0.0,0.0,0.0,0.0,0.0,0.0
125,Extrema,EXT_L2,Stella_Artois_Pure_Gold,11,0.0,0.0,0.0,0.0,8561.569999999992,0.0
125,Extrema,EXT_L2,Stella_Artois_Pure_Gold,12,0.0,0.0,0.0,0.0,0.0,0.0
125,Extrema,EXT_L2,Stella_Artois_Pure_Gold,13,0.0,0.0,0.0,0.0,0.0,31044.89
125,Extrema,EXT_L2,Stella_Artois_Pure_Gold,14,0.0,0.0,0.0,0.0,0.0,0.0
125,Extrema,EXT_L2,Stella_Artois_Pure_Gold,15,0.0,0.0,0.0,0.0,0.0,0.0
125,Extrema,EXT_L2,Maguary_Caju,1,0.0,0.0,0.0,0.0,0.0,0.0
125,Extrema,EXT_L2,Maguary_Caju,2,0.0,0.0,0.0,0.0,0.0,0.0
125,Extrema,EXT_L2,Maguary_Caju,3,0.0,0.0,0.0,0.0,0.0,0.0
125,Extrema,EXT_L2,Maguary_Caju,4,0.0,0.0,0.0,0.0,0.0,20461.79
125,Extrema,EXT_L2,Maguary_Caju,5,0.0,0.0,0.0,0.0,0.0,0.0
125,Extrema,EXT_L2,Maguary_Caju,6,0.0,0.0,0.0,0.0,0.0,0.0
125,Extrema,EXT_L2,Maguary_Caju,7,0.0,0.0,0.0,0.0,0.0,0.0
125,Extrema,EXT_L2,Maguary_Caju,8,0.0,0.0,0.0,0.0,0.0,0.0
125,Extrema,EXT_L2,Maguary_Caju,9,0.0,0.0,0.0,0.0,0.0,0.0
125,Extrema,EXT_L2,Maguary_Caju,10,0.0,0.0,0.0,0.0,0.0,0.0
125,Extrema,EXT_L2,Maguary_Caju,11,0.0,0.0,0.0,0.0,0.0,0.0
125,Extrema,EXT_L2,Maguary_Caju,12,0.0,0.0,0.0,0.0,0.0,0.0
125,Extrema,EXT_L2,Maguary_Caju,13,0.0,0.0,0.0,0.0,0.0,0.0
125,Extrema,EXT_L2,Maguary_Caju,14,0.0,0.0,0.0,0.0,866.8000000000065,866.8000000000065
125,Extrema,EXT_L2,Maguary_Caju,15,0.0,0.0,0.0,0.0,0.0,0.0
125,Extrema,EXT_L2,Coca_Cola_Zero,1,0.0,0.0,0.0,0.0,0.0,0.0
125,Extrema,EXT_L2,Coca_Cola_Zero,2,0.0,0.0,0.0,0.0,0.0,0.0
125,Extrema,EXT_L2,Coca_Cola_Zero,3,0.0,0.0,0.0,0.0,0.0,0.0
125,Extrema,EXT_L2,Coca_Cola_Zero,4,0.0,0.0,0.0,0.0,0.0,0.0
125,Extrema,EXT_L2,Coca_Cola_Zero,5,0.0,0.0,0.0,0.0,0.0,0.0
125,Extrema,EXT_L2,Coca_Cola_Zero,6,0.0,0.0,0.0,0.0,0.0,0.0
125,Extrema,EXT_L2,Coca_Cola_Zero,7,0.0,0.0,0.0,0.0,0.0,0.0
125,Extrema,EXT_L2,Coca_Cola_Zero,8,0.0,0.0,0.0,0.0,0.0,0.0
125,Extrema,EXT_L2,Coca_Cola_Zero,9,0.0,0.0,0.0,0.0,0.0,0.0
125,Extrema,EXT_L2,Coca_Cola_Zero,10,0.0,0.0,0.0,0.0,0.0,0.0
125,Extrema,EXT_L2,Coca_Cola_Zero,11,0.0,0.0,0.0,0.0,0.0,0.0
125,Extrema,EXT_L2,Coca_Cola_Zero,12,0.0,0.0,0.0,0.0,0.0,0.0
125,Extrema,EXT_L2,Coca_Cola_Zero,13,0.0,0.0,0.0,0.0,0.0,0.0
125,Extrema,EXT_L2,Coca_Cola_Zero,14,0.0,0.0,6055.48,0.0,15662.48,21717.96
125,Extrema,EXT_L2,Coca_Cola_Zero,15,0.0,0.0,0.0,0.0,0.0,0.0
125,Extrema,EXT_L2,Pepsi,1,0.0,0.0,0.0,0.0,35664.0,0.0
125,Extrema,EXT_L2,Pepsi,2,0.0,0.0,0.0,0.0,12655.809999999998,0.0
125,Extrema,EXT_L2,Pepsi,3,0.0,0.0,0.0,0.0,38280.0,0.0
125,Extrema,EXT_L2,Pepsi,4,0.0,0.0,0.0,0.0,33792.0,0.0
125,Extrema,EXT_L2,Pepsi,5,0.0,0.0,0.0,0.0,40800.00000000001,0.0
125,Extrema,EXT_L2,Pepsi,6,0.0,0.0,0.0,0.0,38664.0,0.0
125,Extrema,EXT_L2,Pepsi,7,0.0,0.0,0.0,0.0,40056.0,0.0
125,Extrema,EXT_L2,Pepsi,8,0.0,0.0,0.0,0.0,23211.96,3029.31
125,Extrema,EXT_L2,Pepsi,9,0.0,0.0,0.0,0.0,18636.17,0.0
125,Extrema,EXT_L2,Pepsi,10,0.0,0.0,0.0,0.0,38568.0,0.0
125,Extrema,EXT_L2,Pepsi,11,0.0,0.0,0.0,0.0,0.0,0.0
125,Extrema,EXT_L2,Pepsi,12,0.0,0.0,0.0,0.0,27007.489999999998,0.0
125,Extrema,EXT_L2,Pepsi,13,0.0,0.0,0.0,0.0,24734.019999999997,0.0
125,Extrema,EXT_L2,Pepsi,14,0.0,0.0,0.0,0.0,0.0,5995.25
125,Extrema,EXT_L2,Pepsi,15,0.0,0.0,0.0,0.0,0.0,0.0
125,Extrema,EXT_L2,Antarctica_Lata,1,0.0,0.0,0.0,0.0,40536.00000000001,0.0
125,Extrema,EXT_L2,Antarctica_Lata,2,0.0,0.0,0.0,0.0,0.0,0.0
125,Extrema,EXT_L2,Antarctica_Lata,3,0.0,0.0,0.0,0.0,16522.93,0.0
125,Extrema,EXT_L2,Antarctica_Lata,4,0.0,0.0,0.0,0.0,28558.620000000003,0.0
125,Extrema,EXT_L2,Antarctica_Lata,5,0.0,0.0,0.0,0.0,15406.04000000001,0.0
125,Extrema,EXT_L2,Antarctica_Lata,6,0.0,0.0,0.0,0.0,39011.24,0.0
125,Extrema,EXT_L2,Antarctica_Lata,7,0.0,0.0,0.0,0.0,0.0,0.0
125,Extrema,EXT_L2,Antarctica_Lata,8,0.0,0.0,0.0,0.0,41876.840000000004,23081.699999999997
125,Extrema,EXT_L2,Antarctica_Lata,9,0.0,0.0,0.0,0.0,37512.0,0.0
125,Extrema,EXT_L2,Antarctica_Lata,10,0.0,0.0,0.0,0.0,10846.669999999998,0.0
125,Extrema,EXT_L2,Antarctica_Lata,11,0.0,0.0,0.0,0.0,0.0,4866.329999999997
125,Extrema,EXT_L2,Antarctica_Lata,12,0.0,0.0,0.0,0.0,33195.51000000001,0.0
125,Extrema,EXT_L2,Antarctica_Lata,13,0.0,0.0,0.0,0.0,0.0,6009.169999999998
125,Extrema,EXT_L2,Antarctica_Lata,14,0.0,0.0,0.0,0.0,79977.16999999998,0.0
125,Extrema,EXT_L2,Antarctica_Lata,15,0.0,0.0,0.0,0.0,38039.99999999999,0.0
125,Extrema,EXT_L2,Spaten_Lata,1,0.0,0.0,19277.9,0.0,0.0,19277.9
125,Extrema,EXT_L2,Spaten_Lata,2,0.0,0.0,0.0,0.0,0.0,0.0
125,Extrema,EXT_L2,Spaten_Lata,3,0.0,0.0,0.0,0.0,0.0,0.0
125,Extrema,EXT_L2,Spaten_Lata,4,0.0,0.0,0.0,0.0,5907.62,5907.62
125,Extrema,EXT_L2,Spaten_Lata,5,0.0,0.0,0.0,0.0,0.0,0.0
125,Extrema,EXT_L2,Spaten_Lata,6,0.0,0.0,0.0,0.0,0.0,0.0
125,Extrema,EXT_L2,Spaten_Lata,7,0.0,0.0,0.0,0.0,0.0,0.0
125,Extrema,EXT_L2,Spaten_Lata,8,0.0,0.0,0.0,0.0,0.0,12512.64
125,Extrema,EXT_L2,Spaten_Lata,9,0.0,0.0,45459.85,0.0,0.0,45459.85
125,Extrema,EXT_L2,Spaten_Lata,10,0.0,0.0,0.0,0.0,0.0,0.0
125,Extrema,EXT_L2,Spaten_Lata,11,0.0,0.0,0.0,0.0,0.0,3974.3
125,Extrema,EXT_L2,Spaten_Lata,12,0.0,0.0,0.0,0.0,0.0,0.0
125,Extrema,EXT_L2,Spaten_Lata,13,0.0,0.0,0.0,0.0,0.0,0.0
125,Extrema,EXT_L2,Spaten_Lata,14,0.0,0.0,0.0,0.0,0.0,0.0
125,Extrema,EXT_L2,Spaten_Lata,15,0.0,0.0,0.0,0.0,0.0,18209.98
125,Extrema,EXT_L2,Heineken_Lata,1,0.0,0.0,0.0,0.0,0.0,0.0
125,Extrema,EXT_L2,Heineken_Lata,2,0.0,0.0,0.0,0.0,0.0,0.0
125,Extrema,EXT_L2,Heineken_Lata,3,0.0,0.0,0.0,0.0,0.0,0.0
125,Extrema,EXT_L2,Heineken_Lata,4,0.0,0.0,0.0,0.0,0.0,1191.09
125,Extrema,EXT_L2,Heineken_Lata,5,0.0,0.0,0.0,0.0,0.0,0.0
125,Extrema,EXT_L2,Heineken_Lata,6,0.0,0.0,0.0,0.0,0.0,0.0
125,Extrema,EXT_L2,Heineken_Lata,7,0.0,0.0,0.0,0.0,0.0,0.0
125,Extrema,EXT_L2,Heineken_Lata,8,0.0,0.0,0.0,0.0,0.0,0.0
125,Extrema,EXT_L2,Heineken_Lata,9,0.0,0.0,0.0,0.0,0.0,0.0
125,Extrema,EXT_L2,Heineken_Lata,10,0.0,0.0,0.0,0.0,0.0,0.0
125,Extrema,EXT_L2,Heineken_Lata,11,0.0,0.0,0.0,0.0,0.0,0.0
125,Extrema,EXT_L2,Heineken_Lata,12,0.0,0.0,7738.16,0.0,0.0,7738.16
125,Extrema,EXT_L2,Heineken_Lata,13,0.0,0.0,0.0,0.0,0.0,0.0
125,Extrema,EXT_L2,Heineken_Lata,14,0.0,0.0,0.0,0.0,0.0,0.0
125,Extrema,EXT_L2,Heineken_Lata,15,0.0,0.0,0.0,0.0,0.0,0.0
125,Extrema,EXT_L2,Sukita_Laranja,1,0.0,0.0,0.0,0.0,0.0,0.0
125,Extrema,EXT_L2,Sukita_Laranja,2,0.0,0.0,0.0,0.0,0.0,36652.71000000001
125,Extrema,EXT_L2,Sukita_Laranja,3,0.0,0.0,0.0,0.0,0.0,0.0
125,Extrema,EXT_L2,Sukita_Laranja,4,0.0,0.0,0.0,0.0,41713.57000000001,41713.57000000001
125,Extrema,EXT_L2,Sukita_Laranja,5,0.0,0.0,0.0,0.0,0.0,0.0
125,Extrema,EXT_L2,Sukita_Laranja,6,0.0,0.0,0.0,0.0,0.0,0.0
125,Extrema,EXT_L2,Sukita_Laranja,7,0.0,0.0,0.0,0.0,0.0,0.0
125,Extrema,EXT_L2,Sukita_Laranja,8,0.0,0.0,0.0,0.0,0.0,0.0
125,Extrema,EXT_L2,Sukita_Laranja,9,0.0,0.0,0.0,0.0,0.0,0.0
125,Extrema,EXT_L2,Sukita_Laranja,10,0.0,0.0,0.0,0.0,0.0,0.0
125,Extrema,EXT_L2,Sukita_Laranja,11,0.0,0.0,0.0,0.0,0.0,0.0
125,Extrema,EXT_L2,Sukita_Laranja,12,0.0,0.0,0.0,0.0,0.0,0.0
125,Extrema,EXT_L2,Sukita_Laranja,13,0.0,4355.739999999999,0.0,0.0,0.0,4355.739999999999
125,Extrema,EXT_L2,Sukita_Laranja,14,0.0,0.0,0.0,0.0,4355.739999999999,0.0
125,Extrema,EXT_L2,Sukita_Laranja,15,0.0,0.0,0.0,0.0,0.0,0.0
125,Extrema,EXT_L2,H2OH_Limao,1,0.0,0.0,0.0,0.0,0.0,0.0
125,Extrema,EXT_L2,H2OH_Limao,2,0.0,0.0,0.0,0.0,0.0,45630.53
125,Extrema,EXT_L2,H2OH_Limao,3,0.0,0.0,0.0,0.0,1905.6699999999946,1905.6699999999946
125,Extrema,EXT_L2,H2OH_Limao,4,0.0,0.0,0.0,0.0,0.0,0.0
125,Extrema,EXT_L2,H2OH_Limao,5,0.0,0.0,0.0,0.0,12437.059999999998,35848.77
125,Extrema,EXT_L2,H2OH_Limao,6,0.0,0.0,0.0,0.0,11416.05,11416.05
125,Extrema,EXT_L2,H2OH_Limao,7,0.0,0.0,0.0,0.0,19983.26000000001,19983.26000000001
125,Extrema,EXT_L2,H2OH_Limao,8,0.0,0.0,0.0,0.0,0.0,0.0
125,Extrema,EXT_L2,H2OH_Limao,9,0.0,0.0,0.0,0.0,34344.0,34344.0
125,Extrema,EXT_L2,H2OH_Limao,10,0.0,0.0,0.0,0.0,0.0,0.0
125,Extrema,EXT_L2,H2OH_Limao,11,0.0,0.0,0.0,0.0,0.0,0.0
125,Extrema,EXT_L2,H2OH_Limao,12,0.0,0.0,0.0,0.0,0.0,0.0
125,Extrema,EXT_L2,H2OH_Limao,13,0.0,0.0,0.0,0.0,21127.87,21127.87
125,Extrema,EXT_L2,H2OH_Limao,14,0.0,0.0,26071.15,0.0,0.0,26071.15
125,Extrema,EXT_L2,H2OH_Limao,15,0.0,0.0,0.0,0.0,38544.0,0.0
125,Extrema,EXT_L2,Budweiser_Lata,1,0.0,0.0,0.0,0.0,0.0,0.0
125,Extrema,EXT_L2,Budweiser_Lata,2,0.0,0.0,0.0,0.0,0.0,7795.96
125,Extrema,EXT_L2,Budweiser_Lata,3,0.0,0.0,47393.48,0.0,0.0,47393.48
125,Extrema,EXT_L2,Budweiser_Lata,4,0.0,0.0,0.0,0.0,0.0,47401.49
125,Extrema,EXT_L2,Budweiser_Lata,5,0.0,0.0,0.0,0.0,0.0,0.0
125,Extrema,EXT_L2,Budweiser_Lata,6,0.0,0.0,0.0,0.0,0.0,0.0
125,Extrema,EXT_L2,Budweiser_Lata,7,0.0,0.0,0.0,0.0,0.0,0.0
125,Extrema,EXT_L2,Budweiser_Lata,8,0.0,0.0,0.0,0.0,0.0,0.0
125,Extrema,EXT_L2,Budweiser_Lata,9,0.0,0.0,0.0,0.0,0.0,9859.6
125,Extrema,EXT_L2,Budweiser_Lata,10,0.0,0.0,0.0,0.0,0.0,0.0
125,Extrema,EXT_L2,Budweiser_Lata,11,0.0,0.0,0.0,0.0,0.0,0.0
125,Extrema,EXT_L2,Budweiser_Lata,12,0.0,0.0,0.0,0.0,0.0,0.0
125,Extrema,EXT_L2,Budweiser_Lata,13,0.0,0.0,0.0,0.0,0.0,0.0
125,Extrema,EXT_L2,Budweiser_Lata,14,0.0,0.0,0.0,0.0,0.0,0.0
125,Extrema,EXT_L2,Budweiser_Lata,15,0.0,0.0,0.0,0.0,0.0,23372.5
125,Extrema,EXT_L2,Kuat,1,0.0,0.0,0.0,0.0,0.0,0.0
125,Extrema,EXT_L2,Kuat,2,0.0,0.0,0.0,0.0,0.0,0.0
125,Extrema,EXT_L2,Kuat,3,2508.5399999999977,0.0,0.0,0.0,2508.5399999999977,0.0
125,Extrema,EXT_L2,Kuat,4,41784.0,0.0,16406.45,0.0,25377.55,0.0
125,Extrema,EXT_L2,Kuat,5,0.0,0.0,0.0,0.0,0.0,0.0
125,Extrema,EXT_L2,Kuat,6,0.0,0.0,0.0,0.0,0.0,0.0
125,Extrema,EXT_L2,Kuat,7,0.0,0.0,0.0,0.0,0.0,0.0
125,Extrema,EXT_L2,Kuat,8,0.0,0.0,0.0,0.0,0.0,0.0
125,Extrema,EXT_L2,Kuat,9,0.0,0.0,0.0,0.0,0.0,0.0
125,Extrema,EXT_L2,Kuat,10,0.0,0.0,0.0,0.0,0.0,0.0
125,Extrema,EXT_L2,Kuat,11,0.0,0.0,0.0,0.0,0.0,0.0
125,Extrema,EXT_L2,Kuat,12,0.0,0.0,0.0,0.0,0.0,0.0
125,Extrema,EXT_L2,Kuat,13,0.0,0.0,2460.91,0.0,0.0,2460.91
125,Extrema,EXT_L2,Kuat,14,0.0,0.0,0.0,0.0,0.0,0.0
125,Extrema,EXT_L2,Kuat,15,0.0,0.0,47281.36,0.0,0.0,47281.36
125,Extrema,EXT_L2,Fanta_Uva,1,0.0,0.0,2167.91,0.0,0.0,2167.91
125,Extrema,EXT_L2,Fanta_Uva,2,0.0,0.0,0.0,0.0,0.0,1223.4500000000698
125,Extrema,EXT_L2,Fanta_Uva,3,0.0,0.0,0.0,0.0,0.0,46229.96999999993
125,Extrema,EXT_L2,Fanta_Uva,4,0.0,0.0,0.0,0.0,0.0,3292.349999999999
125,Extrema,EXT_L2,Fanta_Uva,5,0.0,0.0,0.0,0.0,0.0,14291.69000000001
125,Extrema,EXT_L2,Fanta_Uva,6,0.0,0.0,8764.82,0.0,0.0,28567.039999999994
125,Extrema,EXT_L2,Fanta_Uva,7,0.0,0.0,0.0,0.0,37386.26,0.0
125,Extrema,EXT_L2,Fanta_Uva,8,0.0,0.0,0.0,0.0,0.0,0.0
125,Extrema,EXT_L2,Fanta_Uva,9,0.0,0.0,0.0,0.0,0.0,0.0
125,Extrema,EXT_L2,Fanta_Uva,10,0.0,0.0,0.0,0.0,0.0,0.0
125,Extrema,EXT_L2,Fanta_Uva,11,0.0,0.0,0.0,0.0,0.0,10324.42
125,Extrema,EXT_L2,Fanta_Uva,12,0.0,0.0,0.0,0.0,0.0,0.0
125,Extrema,EXT_L2,Fanta_Uva,13,0.0,0.0,0.0,0.0,0.0,0.0
125,Extrema,EXT_L2,Fanta_Uva,14,0.0,0.0,0.0,0.0,21456.61,21456.61
125,Extrema,EXT_L2,Fanta_Uva,15,0.0,0.0,0.0,0.0,0.0,0.0
125,Extrema,EXT_L2,Sprite,1,0.0,0.0,0.0,0.0,0.0,36072.0
125,Extrema,EXT_L2,Sprite,2,0.0,0.0,0.0,0.0,0.0,0.0
125,Extrema,EXT_L2,Sprite,3,0.0,0.0,0.0,0.0,19550.88000000001,41448.00000000001
125,Extrema,EXT_L2,Sprite,4,0.0,0.0,0.0,0.0,0.0,0.0
125,Extrema,EXT_L2,Sprite,5,0.0,0.0,0.0,0.0,0.0,0.0
125,Extrema,EXT_L2,Sprite,6,0.0,0.0,0.0,0.0,17875.350000000002,29292.08
125,Extrema,EXT_L2,Sprite,7,0.0,0.0,0.0,0.0,37824.00000000001,37824.00000000001
125,Extrema,EXT_L2,Sprite,8,0.0,0.0,0.0,0.0,0.0,0.0
125,Extrema,EXT_L2,Sprite,9,0.0,0.0,0.0,0.0,0.0,33530.36
125,Extrema,EXT_L2,Sprite,10,0.0,0.0,0.0,0.0,39936.0,39936.0
125,Extrema,EXT_L2,Sprite,11,0.0,0.0,0.0,0.0,0.0,36494.67
125,Extrema,EXT_L2,Sprite,12,0.0,0.0,18344.62,0.0,0.0,18344.62
125,Extrema,EXT_L2,Sprite,13,0.0,0.0,0.0,0.0,19498.65000000001,19498.65000000001
125,Extrema,EXT_L2,Sprite,14,0.0,0.0,0.0,0.0,0.0,0.0
125,Extrema,EXT_L2,Sprite,15,0.0,0.0,0.0,0.0,0.0,22690.49
125,Extrema,EXT_L2,Skol_Lata,1,36600.0,0.0,0.0,0.0,36600.0,0.0
125,Extrema,EXT_L2,Skol_Lata,2,40008.0,0.0,0.0,0.0,40008.00000000001,0.0
125,Extrema,EXT_L2,Skol_Lata,3,36395.46,0.0,0.0,0.0,36395.46,0.0
125,Extrema,EXT_L2,Skol_Lata,4,0.0,0.0,0.0,0.0,0.0,0.0
125,Extrema,EXT_L2,Skol_Lata,5,33523.54,0.0,0.0,0.0,33523.54,0.0
125,Extrema,EXT_L2,Skol_Lata,6,16349.379999999994,0.0,0.0,0.0,16349.379999999994,0.0
125,Extrema,EXT_L2,Skol_Lata,7,42072.0,0.0,4989.71,0.0,37082.29000000001,0.0
125,Extrema,EXT_L2,Skol_Lata,8,10622.32,0.0,0.0,0.0,10622.32,0.0
125,Extrema,EXT_L2,Skol_Lata,9,27319.629999999994,0.0,0.0,0.0,27319.629999999994,0.0
125,Extrema,EXT_L2,Skol_Lata,10,38208.0,0.0,0.0,0.0,38208.0,0.0
125,Extrema,EXT_L2,Skol_Lata,11,39072.0,0.0,0.0,0.0,39072.0,0.0
125,Extrema,EXT_L2,Skol_Lata,12,36864.0,0.0,18976.19,0.0,17887.81,0.0
125,Extrema,EXT_L2,Skol_Lata,13,40992.0,0.0,0.0,0.0,40992.0,0.0
125,Extrema,EXT_L2,Skol_Lata,14,37800.0,0.0,0.0,0.0,37800.0,0.0
125,Extrema,EXT_L2,Skol_Lata,15,41568.0,0.0,0.0,0.0,41568.0,0.0
125,Extrema,EXT_L2,Guarana_Antarctica,1,0.0,0.0,0.0,0.0,0.0,0.0
125,Extrema,EXT_L2,Guarana_Antarctica,2,0.0,0.0,0.0,0.0,23488.190000000002,0.0
125,Extrema,EXT_L2,Guarana_Antarctica,3,0.0,0.0,0.0,0.0,0.0,0.0
125,Extrema,EXT_L2,Guarana_Antarctica,4,0.0,0.0,0.0,0.0,0.0,0.0
125,Extrema,EXT_L2,Guarana_Antarctica,5,0.0,0.0,0.0,0.0,0.0,0.0
125,Extrema,EXT_L2,Guarana_Antarctica,6,0.0,0.0,0.0,0.0,0.0,0.0
125,Extrema,EXT_L2,Guarana_Antarctica,7,0.0,0.0,0.0,0.0,0.0,0.0
125,Extrema,EXT_L2,Guarana_Antarctica,8,0.0,0.0,0.0,0.0,0.0,0.0
125,Extrema,EXT_L2,Guarana_Antarctica,9,0.0,0.0,0.0,0.0,0.0,0.0
125,Extrema,EXT_L2,Guarana_Antarctica,10,0.0,0.0,0.0,0.0,0.0,0.0
125,Extrema,EXT_L2,Guarana_Antarctica,11,0.0,0.0,0.0,0.0,21015.980000000007,0.0
125,Extrema,EXT_L2,Guarana_Antarctica,12,0.0,0.0,0.0,0.0,13096.510000000004,0.0
125,Extrema,EXT_L2,Guarana_Antarctica,13,0.0,0.0,0.0,0.0,0.0,0.0
125,Extrema,EXT_L2,Guarana_Antarctica,14,0.0,0.0,0.0,0.0,0.0,0.0
125,Extrema,EXT_L2,Guarana_Antarctica,15,0.0,0.0,0.0,0.0,0.0,0.0
125,Extrema,EXT_L2,Guarana_Antarctica_Zero,1,0.0,0.0,0.0,0.0,0.0,0.0
125,Extrema,EXT_L2,Guarana_Antarctica_Zero,2,0.0,0.0,0.0,0.0,0.0,0.0
125,Extrema,EXT_L2,Guarana_Antarctica_Zero,3,0.0,0.0,0.0,0.0,0.0,0.0
125,Extrema,EXT_L2,Guarana_Antarctica_Zero,4,0.0,0.0,0.0,0.0,0.0,0.0
125,Extrema,EXT_L2,Guarana_Antarctica_Zero,5,0.0,0.0,0.0,0.0,0.0,0.0
125,Extrema,EXT_L2,Guarana_Antarctica_Zero,6,0.0,0.0,0.0,0.0,0.0,0.0
125,Extrema,EXT_L2,Guarana_Antarctica_Zero,7,0.0,0.0,0.0,0.0,0.0,0.0
125,Extrema,EXT_L2,Guarana_Antarctica_Zero,8,0.0,0.0,0.0,0.0,0.0,0.0
125,Extrema,EXT_L2,Guarana_Antarctica_Zero,9,0.0,0.0,0.0,0.0,0.0,0.0
125,Extrema,EXT_L2,Guarana_Antarctica_Zero,10,0.0,0.0,0.0,0.0,0.0,0.0
125,Extrema,EXT_L2,Guarana_Antarctica_Zero,11,0.0,0.0,0.0,0.0,0.0,0.0
125,Extrema,EXT_L2,Guarana_Antarctica_Zero,12,0.0,0.0,0.0,0.0,0.0,0.0
125,Extrema,EXT_L2,Guarana_Antarctica_Zero,13,0.0,0.0,0.0,0.0,0.0,0.0
125,Extrema,EXT_L2,Guarana_Antarctica_Zero,14,0.0,0.0,0.0,0.0,0.0,21145.93
125,Extrema,EXT_L2,Guarana_Antarctica_Zero,15,0.0,0.0,0.0,0.0,0.0,0.0
125,Extrema,EXT_L2,Del_Valle_Uva,1,0.0,0.0,0.0,0.0,0.0,0.0
125,Extrema,EXT_L2,Del_Valle_Uva,2,0.0,0.0,0.0,0.0,0.0,0.0
125,Extrema,EXT_L2,Del_Valle_Uva,3,0.0,0.0,0.0,0.0,0.0,0.0
125,Extrema,EXT_L2,Del_Valle_Uva,4,0.0,0.0,0.0,0.0,0.0,0.0
125,Extrema,EXT_L2,Del_Valle_Uva,5,0.0,0.0,0.0,0.0,0.0,0.0
125,Extrema,EXT_L2,Del_Valle_Uva,6,0.0,0.0,0.0,0.0,0.0,0.0
125,Extrema,EXT_L2,Del_Valle_Uva,7,0.0,0.0,0.0,0.0,0.0,0.0
125,Extrema,EXT_L2,Del_Valle_Uva,8,0.0,0.0,0.0,0.0,0.0,0.0
125,Extrema,EXT_L2,Del_Valle_Uva,9,0.0,0.0,0.0,0.0,0.0,0.0
125,Extrema,EXT_L2,Del_Valle_Uva,10,0.0,0.0,0.0,0.0,0.0,0.0
125,Extrema,EXT_L2,Del_Valle_Uva,11,0.0,0.0,0.0,0.0,0.0,2434.7700000000077
125,Extrema,EXT_L2,Del_Valle_Uva,12,0.0,0.0,0.0,0.0,0.0,0.0
125,Extrema,EXT_L2,Del_Valle_Uva,13,0.0,0.0,0.0,0.0,0.0,22996.6
125,Extrema,EXT_L2,Del_Valle_Uva,14,0.0,0.0,0.0,0.0,0.0,0.0
125,Extrema,EXT_L2,Del_Valle_Uva,15,0.0,0.0,0.0,0.0,0.0,0.0
125,Extrema,EXT_L2,Brahma_Lata,1,0.0,0.0,23194.16,0.0,0.0,23194.16
125,Extrema,EXT_L2,Brahma_Lata,2,0.0,0.0,0.0,0.0,0.0,0.0
125,Extrema,EXT_L2,Brahma_Lata,3,0.0,0.0,0.0,0.0,0.0,0.0
125,Extrema,EXT_L2,Brahma_Lata,4,0.0,0.0,0.0,0.0,0.0,0.0
125,Extrema,EXT_L2,Brahma_Lata,5,0.0,0.0,0.0,0.0,0.0,0.0
125,Extrema,EXT_L2,Brahma_Lata,6,0.0,0.0,11214.92,0.0,0.0,11214.92
125,Extrema,EXT_L2,Brahma_Lata,7,0.0,0.0,0.0,0.0,0.0,0.0
125,Extrema,EXT_L2,Brahma_Lata,8,0.0,0.0,0.0,0.0,0.0,0.0
125,Extrema,EXT_L2,Brahma_Lata,9,0.0,0.0,0.0,0.0,0.0,0.0
125,Extrema,EXT_L2,Brahma_Lata,10,0.0,0.0,0.0,0.0,0.0,0.0
125,Extrema,EXT_L2,Brahma_Lata,11,0.0,0.0,0.0,0.0,0.0,0.0
125,Extrema,EXT_L2,Brahma_Lata,12,0.0,0.0,0.0,0.0,0.0,0.0
125,Extrema,EXT_L2,Brahma_Lata,13,0.0,0.0,0.0,0.0,0.0,0.0
125,Extrema,EXT_L2,Brahma_Lata,14,0.0,0.0,0.0,0.0,0.0,0.0
125,Extrema,EXT_L2,Brahma_Lata,15,0.0,0.0,0.0,0.0,6242.5099999999875,6242.5099999999875
125,Extrema,EXT_L2,Itaipava_Lata,1,0.0,0.0,0.0,0.0,0.0,0.0
125,Extrema,EXT_L2,Itaipava_Lata,2,0.0,0.0,0.0,20896.82,0.0,0.0
125,Extrema,EXT_L2,Itaipava_Lata,3,0.0,0.0,0.0,0.0,0.0,0.0
125,Extrema,EXT_L2,Itaipava_Lata,4,0.0,0.0,16447.48,0.0,0.0,16447.48
125,Extrema,EXT_L2,Itaipava_Lata,5,0.0,0.0,0.0,0.0,0.0,0.0
125,Extrema,EXT_L2,Itaipava_Lata,6,0.0,0.0,0.0,0.0,0.0,0.0
125,Extrema,EXT_L2,Itaipava_Lata,7,0.0,0.0,0.0,0.0,0.0,0.0
125,Extrema,EXT_L2,Itaipava_Lata,8,0.0,0.0,0.0,0.0,0.0,0.0
125,Extrema,EXT_L2,Itaipava_Lata,9,0.0,0.0,0.0,0.0,0.0,0.0
125,Extrema,EXT_L2,Itaipava_Lata,10,0.0,0.0,0.0,0.0,0.0,0.0
125,Extrema,EXT_L2,Itaipava_Lata,11,0.0,0.0,0.0,0.0,0.0,0.0
125,Extrema,EXT_L2,Itaipava_Lata,12,0.0,0.0,0.0,0.0,0.0,0.0
125,Extrema,EXT_L2,Itaipava_Lata,13,0.0,0.0,0.0,0.0,0.0,0.0
125,Extrema,EXT_L2,Itaipava_Lata,14,0.0,0.0,0.0,0.0,0.0,0.0
125,Extrema,EXT_L2,Itaipava_Lata,15,0.0,0.0,0.0,0.0,0.0,0.0
125,Extrema,EXT_L3,Maguary_Maracuja,1,0.0,0.0,0.0,0.0,0.0,29589.73
125,Extrema,EXT_L3,Maguary_Maracuja,2,0.0,0.0,0.0,0.0,0.0,0.0
125,Extrema,EXT_L3,Maguary_Maracuja,3,0.0,0.0,0.0,0.0,0.0,0.0
125,Extrema,EXT_L3,Maguary_Maracuja,4,0.0,0.0,0.0,0.0,0.0,0.0
125,Extrema,EXT_L3,Maguary_Maracuja,5,0.0,0.0,54359.54,0.0,0.0,79425.6
125,Extrema,EXT_L3,Maguary_Maracuja,6,0.0,0.0,0.0,0.0,0.0,29487.3
125,Extrema,EXT_L3,Maguary_Maracuja,7,0.0,0.0,0.0,0.0,0.0,63138.0
125,Extrema,EXT_L3,Maguary_Maracuja,8,0.0,0.0,0.0,0.0,0.0,24473.55
125,Extrema,EXT_L3,Maguary_Maracuja,9,0.0,0.0,16255.59,0.0,0.0,16255.59
125,Extrema,EXT_L3,Maguary_Maracuja,10,0.0,0.0,0.0,0.0,0.0,0.0
125,Extrema,EXT_L3,Maguary_Maracuja,11,0.0,0.0,0.0,0.0,0.0,0.0
125,Extrema,EXT_L3,Maguary_Maracuja,12,0.0,0.0,0.0,0.0,0.0,0.0
125,Extrema,EXT_L3,Maguary_Maracuja,13,0.0,0.0,0.0,0.0,0.0,0.0
125,Extrema,EXT_L3,Maguary_Maracuja,14,0.0,0.0,0.0,0.0,0.0,0.0
125,Extrema,EXT_L3,Maguary_Maracuja,15,0.0,0.0,0.0,0.0,0.0,0.0
125,Extrema,EXT_L3,Fanta_Laranja,1,0.0,0.0,0.0,0.0,0.0,0.0
125,Extrema,EXT_L3,Fanta_Laranja,2,0.0,0.0,0.0,0.0,0.0,0.0
125,Extrema,EXT_L3,Fanta_Laranja,3,0.0,0.0,0.0,0.0,0.0,0.0
125,Extrema,EXT_L3,Fanta_Laranja,4,0.0,0.0,0.0,0.0,0.0,0.0
125,Extrema,EXT_L3,Fanta_Laranja,5,0.0,0.0,0.0,0.0,0.0,0.0
125,Extrema,EXT_L3,Fanta_Laranja,6,0.0,0.0,0.0,0.0,0.0,0.0
125,Extrema,EXT_L3,Fanta_Laranja,7,0.0,0.0,0.0,0.0,0.0,0.0
125,Extrema,EXT_L3,Fanta_Laranja,8,0.0,0.0,0.0,0.0,0.0,0.0
125,Extrema,EXT_L3,Fanta_Laranja,9,0.0,0.0,0.0,0.0,0.0,0.0
125,Extrema,EXT_L3,Fanta_Laranja,10,0.0,0.0,25359.64,0.0,0.0,72739.41
125,Extrema,EXT_L3,Fanta_Laranja,11,0.0,0.0,0.0,0.0,0.0,0.0
125,Extrema,EXT_L3,Fanta_Laranja,12,0.0,0.0,0.0,0.0,0.0,0.0
125,Extrema,EXT_L3,Fanta_Laranja,13,0.0,0.0,0.0,0.0,0.0,0.0
125,Extrema,EXT_L3,Fanta_Laranja,14,0.0,0.0,0.0,0.0,0.0,0.0
125,Extrema,EXT_L3,Fanta_Laranja,15,0.0,0.0,24406.44,0.0,0.0,24406.440000000002
125,Extrema,EXT_L3,Schweppes_Citrus,1,0.0,0.0,0.0,0.0,0.0,0.0
125,Extrema,EXT_L3,Schweppes_Citrus,2,0.0,0.0,0.0,0.0,0.0,0.0
125,Extrema,EXT_L3,Schweppes_Citrus,3,0.0,0.0,0.0,0.0,0.0,30840.21
125,Extrema,EXT_L3,Schweppes_Citrus,4,0.0,0.0,0.0,0.0,0.0,0.0
125,Extrema,EXT_L3,Schweppes_Citrus,5,0.0,0.0,0.0,0.0,0.0,0.0
125,Extrema,EXT_L3,Schweppes_Citrus,6,0.0,0.0,0.0,0.0,0.0,0.0
125,Extrema,EXT_L3,Schweppes_Citrus,7,0.0,0.0,0.0,0.0,35165.98000000001,35165.98000000001
125,Extrema,EXT_L3,Schweppes_Citrus,8,0.0,0.0,0.0,0.0,0.0,0.0
125,Extrema,EXT_L3,Schweppes_Citrus,9,0.0,0.0,0.0,0.0,0.0,0.0
125,Extrema,EXT_L3,Schweppes_Citrus,10,0.0,0.0,0.0,0.0,0.0,0.0
125,Extrema,EXT_L3,Schweppes_Citrus,11,0.0,0.0,0.0,0.0,0.0,26395.49
125,Extrema,EXT_L3,Schweppes_Citrus,12,0.0,0.0,0.0,0.0,0.0,0.0
125,Extrema,EXT_L3,Schweppes_Citrus,13,0.0,0.0,0.0,0.0,0.0,46191.17
125,Extrema,EXT_L3,Schweppes_Citrus,14,0.0,0.0,0.0,0.0,0.0,0.0
125,Extrema,EXT_L3,Schweppes_Citrus,15,0.0,0.0,0.0,0.0,0.0,4157.14
125,Extrema,EXT_L3,Sprite_Zero,1,0.0,0.0,0.0,0.0,0.0,0.0
125,Extrema,EXT_L3,Sprite_Zero,2,0.0,0.0,0.0,0.0,0.0,0.0
125,Extrema,EXT_L3,Sprite_Zero,3,0.0,0.0,0.0,0.0,0.0,0.0
125,Extrema,EXT_L3,Sprite_Zero,4,0.0,0.0,0.0,0.0,0.0,0.0
125,Extrema,EXT_L3,Sprite_Zero,5,0.0,0.0,0.0,0.0,40224.0,40224.0
125,Extrema,EXT_L3,Sprite_Zero,6,0.0,0.0,0.0,0.0,0.0,0.0
125,Extrema,EXT_L3,Sprite_Zero,7,0.0,0.0,0.0,0.0,0.0,0.0
125,Extrema,EXT_L3,Sprite_Zero,8,0.0,0.0,0.0,0.0,0.0,0.0
125,Extrema,EXT_L3,Sprite_Zero,9,0.0,0.0,0.0,0.0,0.0,0.0
125,Extrema,EXT_L3,Sprite_Zero,10,0.0,0.0,0.0,0.0,0.0,0.0
125,Extrema,EXT_L3,Sprite_Zero,11,0.0,0.0,0.0,0.0,0.0,0.0
125,Extrema,EXT_L3,Sprite_Zero,12,0.0,0.0,48924.51,0.0,0.0,62822.33
125,Extrema,EXT_L3,Sprite_Zero,13,0.0,0.0,0.0,0.0,0.0,0.0
125,Extrema,EXT_L3,Sprite_Zero,14,0.0,0.0,0.0,0.0,0.0,0.0
125,Extrema,EXT_L3,Sprite_Zero,15,0.0,0.0,0.0,0.0,0.0,0.0
125,Extrema,EXT_L3,Eisenbahn_Pilsen,1,0.0,0.0,0.0,0.0,0.0,0.0
125,Extrema,EXT_L3,Eisenbahn_Pilsen,2,0.0,0.0,0.0,0.0,0.0,0.0
125,Extrema,EXT_L3,Eisenbahn_Pilsen,3,0.0,0.0,0.0,0.0,0.0,0.0
125,Extrema,EXT_L3,Eisenbahn_Pilsen,4,0.0,0.0,0.0,0.0,0.0,23302.15
125,Extrema,EXT_L3,Eisenbahn_Pilsen,5,0.0,0.0,0.0,0.0,0.0,14362.7
125,Extrema,EXT_L3,Eisenbahn_Pilsen,6,0.0,0.0,0.0,0.0,0.0,0.0
125,Extrema,EXT_L3,Eisenbahn_Pilsen,7,0.0,0.0,0.0,0.0,0.0,0.0
125,Extrema,EXT_L3,Eisenbahn_Pilsen,8,0.0,0.0,0.0,0.0,0.0,31392.6
125,Extrema,EXT_L3,Eisenbahn_Pilsen,9,0.0,0.0,0.0,0.0,0.0,16136.94
125,Extrema,EXT_L3,Eisenbahn_Pilsen,10,0.0,0.0,0.0,0.0,0.0,21101.53
125,Extrema,EXT_L3,Eisenbahn_Pilsen,11,0.0,0.0,0.0,0.0,0.0,24323.31
125,Extrema,EXT_L3,Eisenbahn_Pilsen,12,0.0,0.0,0.0,0.0,0.0,28099.0
125,Extrema,EXT_L3,Eisenbahn_Pilsen,13,0.0,0.0,0.0,0.0,0.0,0.0
125,Extrema,EXT_L3,Eisenbahn_Pilsen,14,0.0,0.0,0.0,0.0,0.0,12583.88
125,Extrema,EXT_L3,Eisenbahn_Pilsen,15,0.0,0.0,0.0,0.0,0.0,0.0
125,Extrema,EXT_L3,Del_Valle_Pessego,1,0.0,0.0,0.0,0.0,0.0,0.0
125,Extrema,EXT_L3,Del_Valle_Pessego,2,0.0,0.0,0.0,0.0,0.0,4891.29
125,Extrema,EXT_L3,Del_Valle_Pessego,3,0.0,0.0,0.0,0.0,0.0,0.0
125,Extrema,EXT_L3,Del_Valle_Pessego,4,0.0,0.0,0.0,0.0,0.0,0.0
125,Extrema,EXT_L3,Del_Valle_Pessego,5,0.0,0.0,0.0,0.0,15244.169999999998,15244.169999999998
125,Extrema,EXT_L3,Del_Valle_Pessego,6,0.0,0.0,0.0,0.0,0.0,0.0
125,Extrema,EXT_L3,Del_Valle_Pessego,7,0.0,0.0,0.0,0.0,0.0,0.0
125,Extrema,EXT_L3,Del_Valle_Pessego,8,0.0,0.0,0.0,0.0,0.0,0.0
125,Extrema,EXT_L3,Del_Valle_Pessego,9,0.0,0.0,0.0,0.0,0.0,0.0
125,Extrema,EXT_L3,Del_Valle_Pessego,10,0.0,0.0,0.0,0.0,0.0,0.0
125,Extrema,EXT_L3,Del_Valle_Pessego,11,0.0,0.0,0.0,0.0,0.0,0.0
125,Extrema,EXT_L3,Del_Valle_Pessego,12,0.0,0.0,0.0,0.0,0.0,0.0
125,Extrema,EXT_L3,Del_Valle_Pessego,13,0.0,0.0,0.0,0.0,0.0,0.0
125,Extrema,EXT_L3,Del_Valle_Pessego,14,0.0,0.0,0.0,0.0,0.0,0.0
125,Extrema,EXT_L3,Del_Valle_Pessego,15,0.0,0.0,0.0,0.0,0.0,0.0
125,Extrema,EXT_L3,Coca_Cola,1,0.0,0.0,0.0,0.0,0.0,0.0
125,Extrema,EXT_L3,Coca_Cola,2,0.0,0.0,0.0,0.0,0.0,0.0
125,Extrema,EXT_L3,Coca_Cola,3,0.0,0.0,0.0,0.0,0.0,0.0
125,Extrema,EXT_L3,Coca_Cola,4,0.0,0.0,0.0,0.0,0.0,0.0
125,Extrema,EXT_L3,Coca_Cola,5,0.0,0.0,0.0,0.0,0.0,0.0
125,Extrema,EXT_L3,Coca_Cola,6,0.0,0.0,0.0,0.0,0.0,0.0
125,Extrema,EXT_L3,Coca_Cola,7,0.0,0.0,0.0,0.0,0.0,0.0
125,Extrema,EXT_L3,Coca_Cola,8,0.0,0.0,0.0,0.0,0.0,0.0
125,Extrema,EXT_L3,Coca_Cola,9,0.0,0.0,0.0,0.0,0.0,0.0
125,Extrema,EXT_L3,Coca_Cola,10,0.0,0.0,0.0,14022.99,0.0,0.0
125,Extrema,EXT_L3,Coca_Cola,11,0.0,0.0,0.0,0.0,0.0,0.0
125,Extrema,EXT_L3,Coca_Cola,12,0.0,0.0,0.0,0.0,0.0,0.0
125,Extrema,EXT_L3,Coca_Cola,13,0.0,0.0,0.0,0.0,0.0,0.0
125,Extrema,EXT_L3,Coca_Cola,14,0.0,0.0,0.0,0.0,0.0,0.0
125,Extrema,EXT_L3,Coca_Cola,15,0.0,0.0,0.0,0.0,0.0,0.0
125,Extrema,EXT_L3,Amstel_Lata,1,0.0,0.0,0.0,0.0,0.0,0.0
125,Extrema,EXT_L3,Amstel_Lata,2,0.0,0.0,0.0,0.0,0.0,0.0
125,Extrema,EXT_L3,Amstel_Lata,3,0.0,0.0,0.0,0.0,0.0,0.0
125,Extrema,EXT_L3,Amstel_Lata,4,0.0,0.0,0.0,0.0,20008.61,20008.61
125,Extrema,EXT_L3,Amstel_Lata,5,0.0,0.0,0.0,0.0,0.0,0.0
125,Extrema,EXT_L3,Amstel_Lata,6,0.0,0.0,0.0,0.0,0.0,0.0
125,Extrema,EXT_L3,Amstel_Lata,7,0.0,0.0,52643.99,0.0,0.0,52643.99
125,Extrema,EXT_L3,Amstel_Lata,8,0.0,0.0,0.0,0.0,0.0,0.0
125,Extrema,EXT_L3,Amstel_Lata,9,0.0,0.0,0.0,0.0,0.0,0.0
125,Extrema,EXT_L3,Amstel_Lata,10,0.0,0.0,0.0,0.0,0.0,0.0
125,Extrema,EXT_L3,Amstel_Lata,11,0.0,0.0,0.0,0.0,0.0,0.0
125,Extrema,EXT_L3,Amstel_Lata,12,0.0,0.0,0.0,0.0,0.0,0.0
125,Extrema,EXT_L3,Amstel_Lata,13,0.0,0.0,0.0,0.0,34592.19,34592.19
125,Extrema,EXT_L3,Amstel_Lata,14,0.0,0.0,0.0,0.0,0.0,0.0
125,Extrema,EXT_L3,Amstel_Lata,15,0.0,0.0,0.0,0.0,0.0,0.0
125,Extrema,EXT_L3,Pepsi_Black,1,0.0,0.0,0.0,0.0,0.0,0.0
125,Extrema,EXT_L3,Pepsi_Black,2,0.0,0.0,0.0,0.0,0.0,0.0
125,Extrema,EXT_L3,Pepsi_Black,3,0.0,0.0,0.0,0.0,0.0,0.0
125,Extrema,EXT_L3,Pepsi_Black,4,0.0,0.0,0.0,0.0,0.0,0.0
125,Extrema,EXT_L3,Pepsi_Black,5,0.0,0.0,0.0,0.0,8379.84,8379.84
125,Extrema,EXT_L3,Pepsi_Black,6,0.0,0.0,0.0,0.0,0.0,0.0
125,Extrema,EXT_L3,Pepsi_Black,7,0.0,0.0,0.0,0.0,0.0,0.0
125,Extrema,EXT_L3,Pepsi_Black,8,0.0,0.0,0.0,0.0,0.0,0.0
125,Extrema,EXT_L3,Pepsi_Black,9,0.0,0.0,0.0,0.0,0.0,0.0
125,Extrema,EXT_L3,Pepsi_Black,10,0.0,0.0,0.0,0.0,0.0,0.0
125,Extrema,EXT_L3,Pepsi_Black,11,0.0,0.0,0.0,0.0,0.0,0.0
125,Extrema,EXT_L3,Pepsi_Black,12,0.0,0.0,0.0,0.0,0.0,0.0
125,Extrema,EXT_L3,Pepsi_Black,13,0.0,0.0,0.0,0.0,0.0,0.0
125,Extrema,EXT_L3,Pepsi_Black,14,0.0,0.0,0.0,0.0,0.0,0.0
125,Extrema,EXT_L3,Pepsi_Black,15,0.0,0.0,0.0,0.0,0.0,5462.48
125,Extrema,EXT_L3,Del_Valle_Laranja,1,0.0,0.0,0.0,0.0,7243.87,7243.87
125,Extrema,EXT_L3,Del_Valle_Laranja,2,0.0,0.0,0.0,0.0,38736.0,24924.04
125,Extrema,EXT_L3,Del_Valle_Laranja,3,0.0,31370.37,0.0,0.0,25381.07,31370.37
125,Extrema,EXT_L3,Del_Valle_Laranja,4,0.0,29485.019999999997,0.0,0.0,9326.73,0.0
125,Extrema,EXT_L3,Del_Valle_Laranja,5,0.0,0.0,0.0,0.0,46557.48999999999,0.0
125,Extrema,EXT_L3,Del_Valle_Laranja,6,0.0,2344.790000000012,0.0,0.0,24714.620000000006,2344.790000000012
125,Extrema,EXT_L3,Del_Valle_Laranja,7,0.0,0.0,0.0,0.0,41176.79000000002,34945.77
125,Extrema,EXT_L3,Del_Valle_Laranja,8,0.0,0.0,0.0,0.0,50862.53999999999,0.0
125,Extrema,EXT_L3,Del_Valle_Laranja,9,0.0,0.0,0.0,0.0,14246.02,5109.649999999994
125,Extrema,EXT_L3,Del_Valle_Laranja,10,0.0,0.0,0.0,0.0,4647.860000000001,0.0
125,Extrema,EXT_L3,Del_Valle_Laranja,11,0.0,23801.760000000002,0.0,0.0,52902.24,35880.0
125,Extrema,EXT_L3,Del_Valle_Laranja,12,0.0,0.0,0.0,0.0,25401.92999999999,0.0
125,Extrema,EXT_L3,Del_Valle_Laranja,13,0.0,10923.009999999995,0.0,0.0,0.0,10923.009999999995
125,Extrema,EXT_L3,Del_Valle_Laranja,14,0.0,0.0,0.0,0.0,10923.009999999995,0.0
125,Extrema,EXT_L3,Del_Valle_Laranja,15,0.0,0.0,0.0,0.0,0.0,0.0
125,Extrema,EXT_L3,Itubaina,1,0.0,0.0,0.0,0.0,0.0,0.0
125,Extrema,EXT_L3,Itubaina,2,0.0,0.0,0.0,0.0,0.0,0.0
125,Extrema,EXT_L3,Itubaina,3,0.0,0.0,0.0,0.0,0.0,0.0
125,Extrema,EXT_L3,Itubaina,4,0.0,0.0,0.0,0.0,0.0,0.0
125,Extrema,EXT_L3,Itubaina,5,0.0,0.0,0.0,0.0,11436.14,11436.14
125,Extrema,EXT_L3,Itubaina,6,0.0,0.0,0.0,0.0,0.0,18063.72
125,Extrema,EXT_L3,Itubaina,7,0.0,0.0,0.0,0.0,0.0,0.0
125,Extrema,EXT_L3,Itubaina,8,0.0,0.0,0.0,0.0,0.0,0.0
125,Extrema,EXT_L3,Itubaina,9,0.0,0.0,0.0,0.0,0.0,0.0
125,Extrema,EXT_L3,Itubaina,10,0.0,0.0,0.0,0.0,0.0,4950.16
125,Extrema,EXT_L3,Itubaina,11,0.0,0.0,0.0,0.0,0.0,0.0
125,Extrema,EXT_L3,Itubaina,12,0.0,0.0,0.0,0.0,0.0,0.0
125,Extrema,EXT_L3,Itubaina,13,0.0,0.0,0.0,0.0,0.0,0.0
125,Extrema,EXT_L3,Itubaina,14,0.0,0.0,0.0,0.0,0.0,16261.67
125,Extrema,EXT_L3,Itubaina,15,0.0,0.0,0.0,0.0,0.0,0.0
125,Extrema,EXT_L3,Stella_Artois_Pure_Gold,1,0.0,0.0,0.0,0.0,0.0,0.0
125,Extrema,EXT_L3,Stella_Artois_Pure_Gold,2,0.0,0.0,0.0,0.0,0.0,0.0
125,Extrema,EXT_L3,Stella_Artois_Pure_Gold,3,0.0,0.0,0.0,0.0,0.0,0.0
125,Extrema,EXT_L3,Stella_Artois_Pure_Gold,4,0.0,0.0,0.0,0.0,0.0,0.0
125,Extrema,EXT_L3,Stella_Artois_Pure_Gold,5,0.0,0.0,0.0,0.0,0.0,10495.21
125,Extrema,EXT_L3,Stella_Artois_Pure_Gold,6,0.0,0.0,0.0,0.0,0.0,0.0
125,Extrema,EXT_L3,Stella_Artois_Pure_Gold,7,0.0,0.0,0.0,0.0,1123.2200000000041,1123.2200000000041
125,Extrema,EXT_L3,Stella_Artois_Pure_Gold,8,16940.040000000005,0.0,0.0,0.0,16940.040000000005,25802.83
125,Extrema,EXT_L3,Stella_Artois_Pure_Gold,9,21347.830000000005,0.0,0.0,0.0,37827.04000000001,16479.21
125,Extrema,EXT_L3,Stella_Artois_Pure_Gold,10,0.0,0.0,0.0,0.0,0.0,0.0
125,Extrema,EXT_L3,Stella_Artois_Pure_Gold,11,8561.569999999992,0.0,0.0,0.0,8561.569999999992,0.0
125,Extrema,EXT_L3,Stella_Artois_Pure_Gold,12,0.0,0.0,0.0,0.0,0.0,0.0
125,Extrema,EXT_L3,Stella_Artois_Pure_Gold,13,15153.980000000003,0.0,46198.87,0.0,0.0,31044.89
125,Extrema,EXT_L3,Stella_Artois_Pure_Gold,14,0.0,0.0,0.0,0.0,0.0,0.0
125,Extrema,EXT_L3,Stella_Artois_Pure_Gold,15,0.0,0.0,0.0,0.0,0.0,0.0
125,Extrema,EXT_L3,Maguary_Caju,1,0.0,0.0,0.0,0.0,0.0,0.0
125,Extrema,EXT_L3,Maguary_Caju,2,0.0,0.0,0.0,0.0,0.0,0.0
125,Extrema,EXT_L3,Maguary_Caju,3,0.0,0.0,0.0,0.0,0.0,0.0
125,Extrema,EXT_L3,Maguary_Caju,4,0.0,0.0,0.0,0.0,0.0,20461.79
125,Extrema,EXT_L3,Maguary_Caju,5,0.0,0.0,0.0,0.0,0.0,0.0
125,Extrema,EXT_L3,Maguary_Caju,6,0.0,0.0,0.0,0.0,0.0,0.0
125,Extrema,EXT_L3,Maguary_Caju,7,0.0,0.0,0.0,0.0,0.0,0.0
125,Extrema,EXT_L3,Maguary_Caju,8,0.0,0.0,0.0,0.0,0.0,0.0
125,Extrema,EXT_L3,Maguary_Caju,9,0.0,0.0,0.0,0.0,0.0,0.0
125,Extrema,EXT_L3,Maguary_Caju,10,0.0,0.0,0.0,0.0,0.0,0.0
125,Extrema,EXT_L3,Maguary_Caju,11,0.0,0.0,0.0,0.0,0.0,0.0
125,Extrema,EXT_L3,Maguary_Caju,12,0.0,0.0,0.0,0.0,0.0,0.0
125,Extrema,EXT_L3,Maguary_Caju,13,0.0,0.0,0.0,0.0,0.0,0.0
125,Extrema,EXT_L3,Maguary_Caju,14,0.0,0.0,0.0,0.0,866.8000000000065,866.8000000000065
125,Extrema,EXT_L3,Maguary_Caju,15,0.0,0.0,0.0,0.0,0.0,0.0
125,Extrema,EXT_L3,Coca_Cola_Zero,1,0.0,0.0,0.0,0.0,0.0,0.0
125,Extrema,EXT_L3,Coca_Cola_Zero,2,0.0,0.0,0.0,0.0,0.0,0.0
125,Extrema,EXT_L3,Coca_Cola_Zero,3,0.0,0.0,0.0,0.0,0.0,0.0
125,Extrema,EXT_L3,Coca_Cola_Zero,4,0.0,0.0,0.0,0.0,0.0,0.0
125,Extrema,EXT_L3,Coca_Cola_Zero,5,0.0,0.0,0.0,0.0,0.0,0.0
125,Extrema,EXT_L3,Coca_Cola_Zero,6,0.0,0.0,0.0,0.0,0.0,0.0
125,Extrema,EXT_L3,Coca_Cola_Zero,7,0.0,0.0,0.0,0.0,0.0,0.0
125,Extrema,EXT_L3,Coca_Cola_Zero,8,0.0,0.0,0.0,0.0,0.0,0.0
125,Extrema,EXT_L3,Coca_Cola_Zero,9,0.0,0.0,0.0,0.0,0.0,0.0
125,Extrema,EXT_L3,Coca_Cola_Zero,10,0.0,0.0,0.0,0.0,0.0,0.0
125,Extrema,EXT_L3,Coca_Cola_Zero,11,0.0,0.0,0.0,0.0,0.0,0.0
125,Extrema,EXT_L3,Coca_Cola_Zero,12,0.0,0.0,0.0,0.0,0.0,0.0
125,Extrema,EXT_L3,Coca_Cola_Zero,13,0.0,0.0,0.0,0.0,0.0,0.0
125,Extrema,EXT_L3,Coca_Cola_Zero,14,0.0,0.0,0.0,0.0,15662.48,21717.96
125,Extrema,EXT_L3,Coca_Cola_Zero,15,0.0,0.0,0.0,0.0,0.0,0.0
125,Extrema,EXT_L3,Pepsi,1,35664.0,0.0,0.0,0.0,35664.0,0.0
125,Extrema,EXT_L3,Pepsi,2,12655.809999999998,0.0,0.0,0.0,12655.809999999998,0.0
125,Extrema,EXT_L3,Pepsi,3,38280.0,0.0,0.0,0.0,38280.0,0.0
125,Extrema,EXT_L3,Pepsi,4,33792.0,0.0,0.0,0.0,33792.0,0.0
125,Extrema,EXT_L3,Pepsi,5,40800.0,0.0,0.0,0.0,40800.00000000001,0.0
125,Extrema,EXT_L3,Pepsi,6,38664.0,0.0,0.0,0.0,38664.0,0.0
125,Extrema,EXT_L3,Pepsi,7,40056.0,0.0,0.0,0.0,40056.0,0.0
125,Extrema,EXT_L3,Pepsi,8,23211.96,0.0,0.0,0.0,23211.96,3029.31
125,Extrema,EXT_L3,Pepsi,9,18636.17,0.0,0.0,0.0,18636.17,0.0
125,Extrema,EXT_L3,Pepsi,10,38568.0,0.0,0.0,0.0,38568.0,0.0
125,Extrema,EXT_L3,Pepsi,11,0.0,0.0,0.0,0.0,0.0,0.0
125,Extrema,EXT_L3,Pepsi,12,27007.489999999998,0.0,0.0,0.0,27007.489999999998,0.0
125,Extrema,EXT_L3,Pepsi,13,24734.019999999997,0.0,0.0,0.0,24734.019999999997,0.0
125,Extrema,EXT_L3,Pepsi,14,38400.0,0.0,44395.25,0.0,0.0,5995.25
125,Extrema,EXT_L3,Pepsi,15,0.0,0.0,0.0,0.0,0.0,0.0
125,Extrema,EXT_L3,Antarctica_Lata,1,0.0,0.0,0.0,0.0,40536.00000000001,0.0
125,Extrema,EXT_L3,Antarctica_Lata,2,0.0,0.0,0.0,0.0,0.0,0.0
125,Extrema,EXT_L3,Antarctica_Lata,3,0.0,0.0,0.0,0.0,16522.93,0.0
125,Extrema,EXT_L3,Antarctica_Lata,4,0.0,0.0,0.0,0.0,28558.620000000003,0.0
125,Extrema,EXT_L3,Antarctica_Lata,5,0.0,0.0,0.0,0.0,15406.04000000001,0.0
125,Extrema,EXT_L3,Antarctica_Lata,6,0.0,0.0,0.0,0.0,39011.24,0.0
125,Extrema,EXT_L3,Antarctica_Lata,7,0.0,0.0,0.0,0.0,0.0,0.0
125,Extrema,EXT_L3,Antarctica_Lata,8,0.0,0.0,0.0,0.0,41876.840000000004,23081.699999999997
125,Extrema,EXT_L3,Antarctica_Lata,9,0.0,0.0,0.0,0.0,37512.0,0.0
125,Extrema,EXT_L3,Antarctica_Lata,10,0.0,0.0,0.0,0.0,10846.669999999998,0.0
125,Extrema,EXT_L3,Antarctica_Lata,11,0.0,0.0,0.0,0.0,0.0,4866.329999999997
125,Extrema,EXT_L3,Antarctica_Lata,12,0.0,0.0,0.0,0.0,33195.51000000001,0.0
125,Extrema,EXT_L3,Antarctica_Lata,13,0.0,0.0,0.0,0.0,0.0,6009.169999999998
125,Extrema,EXT_L3,Antarctica_Lata,14,0.0,0.0,0.0,0.0,79977.16999999998,0.0
125,Extrema,EXT_L3,Antarctica_Lata,15,0.0,0.0,0.0,0.0,38039.99999999999,0.0
125,Extrema,EXT_L3,Spaten_Lata,1,0.0,0.0,0.0,0.0,0.0,19277.9
125,Extrema,EXT_L3,Spaten_Lata,2,0.0,0.0,0.0,0.0,0.0,0.0
125,Extrema,EXT_L3,Spaten_Lata,3,0.0,0.0,0.0,0.0,0.0,0.0
125,Extrema,EXT_L3,Spaten_Lata,4,0.0,0.0,0.0,0.0,5907.62,5907.62
125,Extrema,EXT_L3,Spaten_Lata,5,0.0,0.0,0.0,0.0,0.0,0.0
125,Extrema,EXT_L3,Spaten_Lata,6,0.0,0.0,0.0,0.0,0.0,0.0
125,Extrema,EXT_L3,Spaten_Lata,7,0.0,0.0,0.0,0.0,0.0,0.0
125,Extrema,EXT_L3,Spaten_Lata,8,0.0,0.0,0.0,0.0,0.0,12512.64
125,Extrema,EXT_L3,Spaten_Lata,9,0.0,0.0,0.0,0.0,0.0,45459.85
125,Extrema,EXT_L3,Spaten_Lata,10,0.0,0.0,0.0,0.0,0.0,0.0
125,Extrema,EXT_L3,Spaten_Lata,11,0.0,0.0,0.0,0.0,0.0,3974.3
125,Extrema,EXT_L3,Spaten_Lata,12,0.0,0.0,0.0,0.0,0.0,0.0
125,Extrema,EXT_L3,Spaten_Lata,13,0.0,0.0,0.0,0.0,0.0,0.0
125,Extrema,EXT_L3,Spaten_Lata,14,0.0,0.0,0.0,0.0,0.0,0.0
125,Extrema,EXT_L3,Spaten_Lata,15,0.0,0.0,18209.98,0.0,0.0,18209.98
125,Extrema,EXT_L3,Heineken_Lata,1,0.0,0.0,0.0,0.0,0.0,0.0
125,Extrema,EXT_L3,Heineken_Lata,2,0.0,0.0,0.0,0.0,0.0,0.0
125,Extrema,EXT_L3,Heineken_Lata,3,0.0,0.0,0.0,0.0,0.0,0.0
125,Extrema,EXT_L3,Heineken_Lata,4,0.0,0.0,0.0,0.0,0.0,1191.09
125,Extrema,EXT_L3,Heineken_Lata,5,0.0,0.0,0.0,0.0,0.0,0.0
125,Extrema,EXT_L3,Heineken_Lata,6,0.0,0.0,0.0,0.0,0.0,0.0
125,Extrema,EXT_L3,Heineken_Lata,7,0.0,0.0,0.0,0.0,0.0,0.0
125,Extrema,EXT_L3,Heineken_Lata,8,0.0,0.0,0.0,0.0,0.0,0.0
125,Extrema,EXT_L3,Heineken_Lata,9,0.0,0.0,0.0,0.0,0.0,0.0
125,Extrema,EXT_L3,Heineken_Lata,10,0.0,0.0,0.0,0.0,0.0,0.0
125,Extrema,EXT_L3,Heineken_Lata,11,0.0,0.0,0.0,0.0,0.0,0.0
125,Extrema,EXT_L3,Heineken_Lata,12,0.0,0.0,0.0,0.0,0.0,7738.16
125,Extrema,EXT_L3,Heineken_Lata,13,0.0,0.0,0.0,0.0,0.0,0.0
125,Extrema,EXT_L3,Heineken_Lata,14,0.0,0.0,0.0,0.0,0.0,0.0
125,Extrema,EXT_L3,Heineken_Lata,15,0.0,0.0,0.0,0.0,0.0,0.0
125,Extrema,EXT_L3,Sukita_Laranja,1,0.0,0.0,0.0,0.0,0.0,0.0
125,Extrema,EXT_L3,Sukita_Laranja,2,0.0,0.0,0.0,0.0,0.0,36652.71000000001
125,Extrema,EXT_L3,Sukita_Laranja,3,0.0,0.0,0.0,0.0,0.0,0.0
125,Extrema,EXT_L3,Sukita_Laranja,4,0.0,0.0,0.0,0.0,41713.57000000001,41713.57000000001
125,Extrema,EXT_L3,Sukita_Laranja,5,0.0,0.0,0.0,0.0,0.0,0.0
125,Extrema,EXT_L3,Sukita_Laranja,6,0.0,0.0,0.0,0.0,0.0,0.0
125,Extrema,EXT_L3,Sukita_Laranja,7,0.0,0.0,0.0,0.0,0.0,0.0
125,Extrema,EXT_L3,Sukita_Laranja,8,0.0,0.0,0.0,0.0,0.0,0.0
125,Extrema,EXT_L3,Sukita_Laranja,9,0.0,0.0,0.0,0.0,0.0,0.0
125,Extrema,EXT_L3,Sukita_Laranja,10,0.0,0.0,0.0,0.0,0.0,0.0
125,Extrema,EXT_L3,Sukita_Laranja,11,0.0,0.0,0.0,0.0,0.0,0.0
125,Extrema,EXT_L3,Sukita_Laranja,12,0.0,0.0,0.0,0.0,0.0,0.0
125,Extrema,EXT_L3,Sukita_Laranja,13,0.0,0.0,0.0,0.0,0.0,4355.739999999999
125,Extrema,EXT_L3,Sukita_Laranja,14,0.0,0.0,0.0,0.0,4355.739999999999,0.0
125,Extrema,EXT_L3,Sukita_Laranja,15,0.0,0.0,0.0,0.0,0.0,0.0
125,Extrema,EXT_L3,H2OH_Limao,1,0.0,0.0,0.0,0.0,0.0,0.0
125,Extrema,EXT_L3,H2OH_Limao,2,0.0,0.0,45630.53,0.0,0.0,45630.53
125,Extrema,EXT_L3,H2OH_Limao,3,0.0,0.0,0.0,0.0,1905.6699999999946,1905.6699999999946
125,Extrema,EXT_L3,H2OH_Limao,4,0.0,0.0,0.0,0.0,0.0,0.0
125,Extrema,EXT_L3,H2OH_Limao,5,0.0,0.0,0.0,0.0,12437.059999999998,35848.77
125,Extrema,EXT_L3,H2OH_Limao,6,0.0,0.0,0.0,0.0,11416.05,11416.05
125,Extrema,EXT_L3,H2OH_Limao,7,0.0,0.0,0.0,0.0,19983.26000000001,19983.26000000001
125,Extrema,EXT_L3,H2OH_Limao,8,0.0,0.0,0.0,0.0,0.0,0.0
125,Extrema,EXT_L3,H2OH_Limao,9,0.0,0.0,0.0,0.0,34344.0,34344.0
125,Extrema,EXT_L3,H2OH_Limao,10,0.0,0.0,0.0,0.0,0.0,0.0
125,Extrema,EXT_L3,H2OH_Limao,11,0.0,0.0,0.0,0.0,0.0,0.0
125,Extrema,EXT_L3,H2OH_Limao,12,0.0,0.0,0.0,0.0,0.0,0.0
125,Extrema,EXT_L3,H2OH_Limao,13,0.0,0.0,0.0,0.0,21127.87,21127.87
125,Extrema,EXT_L3,H2OH_Limao,14,0.0,0.0,0.0,0.0,0.0,26071.15
125,Extrema,EXT_L3,H2OH_Limao,15,38544.0,0.0,0.0,0.0,38544.0,0.0
125,Extrema,EXT_L3,Budweiser_Lata,1,0.0,0.0,0.0,0.0,0.0,0.0
125,Extrema,EXT_L3,Budweiser_Lata,2,0.0,0.0,0.0,0.0,0.0,7795.96
125,Extrema,EXT_L3,Budweiser_Lata,3,0.0,0.0,0.0,0.0,0.0,47393.48
125,Extrema,EXT_L3,Budweiser_Lata,4,0.0,0.0,47401.49,0.0,0.0,47401.49
125,Extrema,EXT_L3,Budweiser_Lata,5,0.0,0.0,0.0,0.0,0.0,0.0
125,Extrema,EXT_L3,Budweiser_Lata,6,0.0,0.0,0.0,0.0,0.0,0.0
125,Extrema,EXT_L3,Budweiser_Lata,7,0.0,0.0,0.0,0.0,0.0,0.0
125,Extrema,EXT_L3,Budweiser_Lata,8,0.0,0.0,0.0,0.0,0.0,0.0
125,Extrema,EXT_L3,Budweiser_Lata,9,0.0,0.0,0.0,0.0,0.0,9859.6
125,Extrema,EXT_L3,Budweiser_Lata,10,0.0,0.0,0.0,0.0,0.0,0.0
125,Extrema,EXT_L3,Budweiser_Lata,11,0.0,0.0,0.0,0.0,0.0,0.0
125,Extrema,EXT_L3,Budweiser_Lata,12,0.0,0.0,0.0,0.0,0.0,0.0
125,Extrema,EXT_L3,Budweiser_Lata,13,0.0,0.0,0.0,0.0,0.0,0.0
125,Extrema,EXT_L3,Budweiser_Lata,14,0.0,0.0,0.0,0.0,0.0,0.0
125,Extrema,EXT_L3,Budweiser_Lata,15,0.0,0.0,0.0,0.0,0.0,23372.5
125,Extrema,EXT_L3,Kuat,1,0.0,0.0,0.0,0.0,0.0,0.0
125,Extrema,EXT_L3,Kuat,2,0.0,0.0,0.0,0.0,0.0,0.0
125,Extrema,EXT_L3,Kuat,3,0.0,0.0,0.0,0.0,2508.5399999999977,0.0
125,Extrema,EXT_L3,Kuat,4,0.0,0.0,0.0,0.0,25377.55,0.0
125,Extrema,EXT_L3,Kuat,5,0.0,0.0,0.0,0.0,0.0,0.0
125,Extrema,EXT_L3,Kuat,6,0.0,0.0,0.0,0.0,0.0,0.0
125,Extrema,EXT_L3,Kuat,7,0.0,0.0,0.0,0.0,0.0,0.0
125,Extrema,EXT_L3,Kuat,8,0.0,0.0,0.0,0.0,0.0,0.0
125,Extrema,EXT_L3,Kuat,9,0.0,0.0,0.0,0.0,0.0,0.0
125,Extrema,EXT_L3,Kuat,10,0.0,0.0,0.0,0.0,0.0,0.0
125,Extrema,EXT_L3,Kuat,11,0.0,0.0,0.0,0.0,0.0,0.0
125,Extrema,EXT_L3,Kuat,12,0.0,0.0,0.0,0.0,0.0,0.0
125,Extrema,EXT_L3,Kuat,13,0.0,0.0,0.0,0.0,0.0,2460.91
125,Extrema,EXT_L3,Kuat,14,0.0,0.0,0.0,0.0,0.0,0.0
125,Extrema,EXT_L3,Kuat,15,0.0,0.0,0.0,0.0,0.0,47281.36
125,Extrema,EXT_L3,Fanta_Uva,1,0.0,0.0,0.0,0.0,0.0,2167.91
125,Extrema,EXT_L3,Fanta_Uva,2,0.0,1223.4500000000698,0.0,0.0,0.0,1223.4500000000698
125,Extrema,EXT_L3,Fanta_Uva,3,0.0,0.0,47453.42,0.0,0.0,46229.96999999993
125,Extrema,EXT_L3,Fanta_Uva,4,0.0,3292.349999999999,0.0,0.0,0.0,3292.349999999999
125,Extrema,EXT_L3,Fanta_Uva,5,0.0,17584.040000000008,0.0,0.0,0.0,14291.69000000001
125,Extrema,EXT_L3,Fanta_Uva,6,0.0,37386.26,0.0,0.0,0.0,28567.039999999994
125,Extrema,EXT_L3,Fanta_Uva,7,0.0,0.0,0.0,0.0,37386.26,0.0
125,Extrema,EXT_L3,Fanta_Uva,8,0.0,0.0,0.0,0.0,0.0,0.0
125,Extrema,EXT_L3,Fanta_Uva,9,0.0,0.0,0.0,0.0,0.0,0.0
125,Extrema,EXT_L3,Fanta_Uva,10,0.0,0.0,0.0,0.0,0.0,0.0
125,Extrema,EXT_L3,Fanta_Uva,11,0.0,0.0,0.0,0.0,0.0,10324.42
125,Extrema,EXT_L3,Fanta_Uva,12,0.0,0.0,0.0,0.0,0.0,0.0
125,Extrema,EXT_L3,Fanta_Uva,13,0.0,0.0,0.0,0.0,0.0,0.0
125,Extrema,EXT_L3,Fanta_Uva,14,0.0,0.0,0.0,0.0,21456.61,21456.61
125,Extrema,EXT_L3,Fanta_Uva,15,0.0,0.0,0.0,0.0,0.0,0.0
125,Extrema,EXT_L3,Sprite,1,0.0,0.0,36072.0,10860.989999999998,0.0,36072.0
125,Extrema,EXT_L3,Sprite,2,0.0,0.0,0.0,0.0,0.0,0.0
125,Extrema,EXT_L3,Sprite,3,0.0,0.0,0.0,0.0,19550.88000000001,41448.00000000001
125,Extrema,EXT_L3,Sprite,4,0.0,0.0,0.0,0.0,0.0,0.0
125,Extrema,EXT_L3,Sprite,5,0.0,0.0,0.0,0.0,0.0,0.0
125,Extrema,EXT_L3,Sprite,6,0.0,0.0,11416.73,0.0,17875.350000000002,29292.08
125,Extrema,EXT_L3,Sprite,7,0.0,0.0,0.0,0.0,37824.00000000001,37824.00000000001
125,Extrema,EXT_L3,Sprite,8,0.0,0.0,0.0,0.0,0.0,0.0
125,Extrema,EXT_L3,Sprite,9,0.0,0.0,33530.36,0.0,0.0,33530.36
125,Extrema,EXT_L3,Sprite,10,0.0,0.0,0.0,0.0,39936.0,39936.0
125,Extrema,EXT_L3,Sprite,11,0.0,0.0,0.0,0.0,0.0,36494.67
125,Extrema,EXT_L3,Sprite,12,0.0,0.0,0.0,0.0,0.0,18344.62
125,Extrema,EXT_L3,Sprite,13,0.0,0.0,0.0,0.0,19498.65000000001,19498.65000000001
125,Extrema,EXT_L3,Sprite,14,0.0,0.0,0.0,0.0,0.0,0.0
125,Extrema,EXT_L3,Sprite,15,0.0,0.0,7226.38,0.0,0.0,22690.49
125,Extrema,EXT_L3,Skol_Lata,1,0.0,0.0,0.0,0.0,36600.0,0.0
125,Extrema,EXT_L3,Skol_Lata,2,0.0,0.0,0.0,0.0,40008.00000000001,0.0
125,Extrema,EXT_L3,Skol_Lata,3,0.0,0.0,0.0,0.0,36395.46,0.0
125,Extrema,EXT_L3,Skol_Lata,4,0.0,0.0,0.0,0.0,0.0,0.0
125,Extrema,EXT_L3,Skol_Lata,5,0.0,0.0,0.0,0.0,33523.54,0.0
125,Extrema,EXT_L3,Skol_Lata,6,0.0,0.0,0.0,0.0,16349.379999999994,0.0
125,Extrema,EXT_L3,Skol_Lata,7,0.0,0.0,0.0,0.0,37082.29000000001,0.0
125,Extrema,EXT_L3,Skol_Lata,8,0.0,0.0,0.0,0.0,10622.32,0.0
125,Extrema,EXT_L3,Skol_Lata,9,0.0,0.0,0.0,0.0,27319.629999999994,0.0
125,Extrema,EXT_L3,Skol_Lata,10,0.0,0.0,0.0,0.0,38208.0,0.0
125,Extrema,EXT_L3,Skol_Lata,11,0.0,0.0,0.0,0.0,39072.0,0.0
125,Extrema,EXT_L3,Skol_Lata,12,0.0,0.0,0.0,0.0,17887.81,0.0
125,Extrema,EXT_L3,Skol_Lata,13,0.0,0.0,0.0,0.0,40992.0,0.0
125,Extrema,EXT_L3,Skol_Lata,14,0.0,0.0,0.0,0.0,37800.0,0.0
125,Extrema,EXT_L3,Skol_Lata,15,0.0,0.0,0.0,0.0,41568.0,0.0
125,Extrema,EXT_L3,Guarana_Antarctica,1,0.0,0.0,0.0,0.0,0.0,0.0
125,Extrema,EXT_L3,Guarana_Antarctica,2,23488.190000000006,0.0,0.0,0.0,23488.190000000002,0.0
125,Extrema,EXT_L3,Guarana_Antarctica,3,0.0,0.0,0.0,0.0,0.0,0.0
125,Extrema,EXT_L3,Guarana_Antarctica,4,0.0,0.0,0.0,0.0,0.0,0.0
125,Extrema,EXT_L3,Guarana_Antarctica,5,0.0,0.0,0.0,0.0,0.0,0.0
125,Extrema,EXT_L3,Guarana_Antarctica,6,0.0,0.0,0.0,39296.18,0.0,0.0
125,Extrema,EXT_L3,Guarana_Antarctica,7,0.0,0.0,0.0,0.0,0.0,0.0
125,Extrema,EXT_L3,Guarana_Antarctica,8,0.0,0.0,0.0,53478.47,0.0,0.0
125,Extrema,EXT_L3,Guarana_Antarctica,9,0.0,0.0,0.0,0.0,0.0,0.0
125,Extrema,EXT_L3,Guarana_Antarctica,10,0.0,0.0,0.0,9957.39,0.0,0.0
125,Extrema,EXT_L3,Guarana_Antarctica,11,28518.430000000008,0.0,7502.45,0.0,21015.980000000007,0.0
125,Extrema,EXT_L3,Guarana_Antarctica,12,13096.510000000006,0.0,0.0,0.0,13096.510000000004,0.0
125,Extrema,EXT_L3,Guarana_Antarctica,13,0.0,0.0,0.0,0.0,0.0,0.0
125,Extrema,EXT_L3,Guarana_Antarctica,14,0.0,0.0,0.0,0.0,0.0,0.0
125,Extrema,EXT_L3,Guarana_Antarctica,15,0.0,0.0,0.0,0.0,0.0,0.0
125,Extrema,EXT_L3,Guarana_Antarctica_Zero,1,0.0,0.0,0.0,0.0,0.0,0.0
125,Extrema,EXT_L3,Guarana_Antarctica_Zero,2,0.0,0.0,0.0,0.0,0.0,0.0
125,Extrema,EXT_L3,Guarana_Antarctica_Zero,3,0.0,0.0,0.0,0.0,0.0,0.0
125,Extrema,EXT_L3,Guarana_Antarctica_Zero,4,0.0,0.0,0.0,0.0,0.0,0.0
125,Extrema,EXT_L3,Guarana_Antarctica_Zero,5,0.0,0.0,0.0,0.0,0.0,0.0
125,Extrema,EXT_L3,Guarana_Antarctica_Zero,6,0.0,0.0,0.0,0.0,0.0,0.0
125,Extrema,EXT_L3,Guarana_Antarctica_Zero,7,0.0,0.0,0.0,0.0,0.0,0.0
125,Extrema,EXT_L3,Guarana_Antarctica_Zero,8,0.0,0.0,0.0,0.0,0.0,0.0
125,Extrema,EXT_L3,Guarana_Antarctica_Zero,9,0.0,0.0,0.0,0.0,0.0,0.0
125,Extrema,EXT_L3,Guarana_Antarctica_Zero,10,0.0,0.0,0.0,0.0,0.0,0.0
125,Extrema,EXT_L3,Guarana_Antarctica_Zero,11,0.0,0.0,0.0,0.0,0.0,0.0
125,Extrema,EXT_L3,Guarana_Antarctica_Zero,12,0.0,0.0,0.0,0.0,0.0,0.0
125,Extrema,EXT_L3,Guarana_Antarctica_Zero,13,0.0,0.0,0.0,0.0,0.0,0.0
125,Extrema,EXT_L3,Guarana_Antarctica_Zero,14,0.0,0.0,0.0,0.0,0.0,21145.93
125,Extrema,EXT_L3,Guarana_Antarctica_Zero,15,0.0,0.0,0.0,0.0,0.0,0.0
125,Extrema,EXT_L3,Del_Valle_Uva,1,0.0,0.0,0.0,0.0,0.0,0.0
125,Extrema,EXT_L3,Del_Valle_Uva,2,0.0,0.0,0.0,0.0,0.0,0.0
125,Extrema,EXT_L3,Del_Valle_Uva,3,0.0,0.0,0.0,0.0,0.0,0.0
125,Extrema,EXT_L3,Del_Valle_Uva,4,0.0,0.0,0.0,0.0,0.0,0.0
125,Extrema,EXT_L3,Del_Valle_Uva,5,0.0,0.0,0.0,0.0,0.0,0.0
125,Extrema,EXT_L3,Del_Valle_Uva,6,0.0,0.0,0.0,0.0,0.0,0.0
125,Extrema,EXT_L3,Del_Valle_Uva,7,0.0,0.0,0.0,0.0,0.0,0.0
125,Extrema,EXT_L3,Del_Valle_Uva,8,0.0,0.0,0.0,0.0,0.0,0.0
125,Extrema,EXT_L3,Del_Valle_Uva,9,0.0,0.0,0.0,0.0,0.0,0.0
125,Extrema,EXT_L3,Del_Valle_Uva,10,0.0,0.0,0.0,0.0,0.0,0.0
125,Extrema,EXT_L3,Del_Valle_Uva,11,0.0,0.0,2434.7700000000077,35550.37999999999,0.0,2434.7700000000077
125,Extrema,EXT_L3,Del_Valle_Uva,12,0.0,0.0,0.0,0.0,0.0,0.0
125,Extrema,EXT_L3,Del_Valle_Uva,13,0.0,0.0,0.0,0.0,0.0,22996.6
125,Extrema,EXT_L3,Del_Valle_Uva,14,0.0,0.0,0.0,0.0,0.0,0.0
125,Extrema,EXT_L3,Del_Valle_Uva,15,0.0,0.0,0.0,0.0,0.0,0.0
125,Extrema,EXT_L3,Brahma_Lata,1,0.0,0.0,0.0,0.0,0.0,23194.16
125,Extrema,EXT_L3,Brahma_Lata,2,0.0,0.0,0.0,0.0,0.0,0.0
125,Extrema,EXT_L3,Brahma_Lata,3,0.0,0.0,0.0,0.0,0.0,0.0
125,Extrema,EXT_L3,Brahma_Lata,4,0.0,0.0,0.0,0.0,0.0,0.0
125,Extrema,EXT_L3,Brahma_Lata,5,0.0,0.0,0.0,0.0,0.0,0.0
125,Extrema,EXT_L3,Brahma_Lata,6,0.0,0.0,0.0,0.0,0.0,11214.92
125,Extrema,EXT_L3,Brahma_Lata,7,0.0,0.0,0.0,0.0,0.0,0.0
125,Extrema,EXT_L3,Brahma_Lata,8,0.0,0.0,0.0,0.0,0.0,0.0
125,Extrema,EXT_L3,Brahma_Lata,9,0.0,0.0,0.0,0.0,0.0,0.0
125,Extrema,EXT_L3,Brahma_Lata,10,0.0,0.0,0.0,0.0,0.0,0.0
125,Extrema,EXT_L3,Brahma_Lata,11,0.0,0.0,0.0,0.0,0.0,0.0
125,Extrema,EXT_L3,Brahma_Lata,12,0.0,0.0,0.0,0.0,0.0,0.0
125,Extrema,EXT_L3,Brahma_Lata,13,0.0,0.0,0.0,0.0,0.0,0.0
125,Extrema,EXT_L3,Brahma_Lata,14,0.0,0.0,0.0,0.0,0.0,0.0
125,Extrema,EXT_L3,Brahma_Lata,15,0.0,0.0,0.0,0.0,6242.5099999999875,6242.5099999999875
125,Extrema,EXT_L3,Itaipava_Lata,1,0.0,0.0,0.0,0.0,0.0,0.0
125,Extrema,EXT_L3,Itaipava_Lata,2,0.0,0.0,0.0,0.0,0.0,0.0
125,Extrema,EXT_L3,Itaipava_Lata,3,0.0,0.0,0.0,0.0,0.0,0.0
125,Extrema,EXT_L3,Itaipava_Lata,4,0.0,0.0,0.0,0.0,0.0,16447.48
125,Extrema,EXT_L3,Itaipava_Lata,5,0.0,0.0,0.0,0.0,0.0,0.0
125,Extrema,EXT_L3,Itaipava_Lata,6,0.0,0.0,0.0,0.0,0.0,0.0
125,Extrema,EXT_L3,Itaipava_Lata,7,0.0,0.0,0.0,0.0,0.0,0.0
125,Extrema,EXT_L3,Itaipava_Lata,8,0.0,0.0,0.0,0.0,0.0,0.0
125,Extrema,EXT_L3,Itaipava_Lata,9,0.0,0.0,0.0,0.0,0.0,0.0
125,Extrema,EXT_L3,Itaipava_Lata,10,0.0,0.0,0.0,0.0,0.0,0.0
125,Extrema,EXT_L3,Itaipava_Lata,11,0.0,0.0,0.0,0.0,0.0,0.0
125,Extrema,EXT_L3,Itaipava_Lata,12,0.0,0.0,0.0,0.0,0.0,0.0
125,Extrema,EXT_L3,Itaipava_Lata,13,0.0,0.0,0.0,0.0,0.0,0.0
125,Extrema,EXT_L3,Itaipava_Lata,14,0.0,0.0,0.0,0.0,0.0,0.0
125,Extrema,EXT_L3,Itaipava_Lata,15,0.0,0.0,0.0,0.0,0.0,0.0
125,Tres Rios,TRE_L1,Maguary_Maracuja,1,0.0,0.0,0.0,0.0,0.0,0.0
125,Tres Rios,TRE_L1,Maguary_Maracuja,2,0.0,0.0,9533.68,0.0,0.0,9533.68
125,Tres Rios,TRE_L1,Maguary_Maracuja,3,0.0,0.0,0.0,0.0,0.0,0.0
125,Tres Rios,TRE_L1,Maguary_Maracuja,4,0.0,0.0,17556.35,0.0,0.0,17556.35
125,Tres Rios,TRE_L1,Maguary_Maracuja,5,0.0,0.0,0.0,0.0,0.0,0.0
125,Tres Rios,TRE_L1,Maguary_Maracuja,6,0.0,0.0,0.0,0.0,0.0,0.0
125,Tres Rios,TRE_L1,Maguary_Maracuja,7,0.0,0.0,0.0,0.0,0.0,0.0
125,Tres Rios,TRE_L1,Maguary_Maracuja,8,0.0,0.0,0.0,0.0,0.0,0.0
125,Tres Rios,TRE_L1,Maguary_Maracuja,9,0.0,0.0,0.0,0.0,0.0,0.0
125,Tres Rios,TRE_L1,Maguary_Maracuja,10,0.0,0.0,0.0,0.0,0.0,7457.15
125,Tres Rios,TRE_L1,Maguary_Maracuja,11,0.0,0.0,0.0,0.0,0.0,0.0
125,Tres Rios,TRE_L1,Maguary_Maracuja,12,0.0,0.0,0.0,0.0,0.0,0.0
125,Tres Rios,TRE_L1,Maguary_Maracuja,13,0.0,0.0,0.0,0.0,0.0,0.0
125,Tres Rios,TRE_L1,Maguary_Maracuja,14,0.0,0.0,0.0,0.0,0.0,9826.0
125,Tres Rios,TRE_L1,Maguary_Maracuja,15,0.0,0.0,0.0,0.0,0.0,0.0
125,Tres Rios,TRE_L1,Fanta_Laranja,1,0.0,0.0,0.0,0.0,0.0,0.0
125,Tres Rios,TRE_L1,Fanta_Laranja,2,0.0,0.0,0.0,0.0,30186.679999999993,0.0
125,Tres Rios,TRE_L1,Fanta_Laranja,3,0.0,0.0,0.0,0.0,13593.240000000002,0.0
125,Tres Rios,TRE_L1,Fanta_Laranja,4,0.0,0.0,0.0,0.0,0.0,0.0
125,Tres Rios,TRE_L1,Fanta_Laranja,5,0.0,0.0,0.0,0.0,0.0,0.0
125,Tres Rios,TRE_L1,Fanta_Laranja,6,0.0,0.0,0.0,0.0,4648.949999999997,0.0
125,Tres Rios,TRE_L1,Fanta_Laranja,7,0.0,0.0,0.0,0.0,12929.819999999998,0.0
125,Tres Rios,TRE_L1,Fanta_Laranja,8,0.0,0.0,0.0,0.0,4749.490000000002,0.0
125,Tres Rios,TRE_L1,Fanta_Laranja,9,0.0,0.0,0.0,0.0,0.0,0.0
125,Tres Rios,TRE_L1,Fanta_Laranja,10,0.0,0.0,0.0,0.0,0.0,0.0
125,Tres Rios,TRE_L1,Fanta_Laranja,11,0.0,0.0,0.0,0.0,0.0,0.0
125,Tres Rios,TRE_L1,Fanta_Laranja,12,0.0,0.0,0.0,0.0,0.0,0.0
125,Tres Rios,TRE_L1,Fanta_Laranja,13,0.0,0.0,0.0,0.0,0.0,0.0
125,Tres Rios,TRE_L1,Fanta_Laranja,14,0.0,0.0,0.0,0.0,0.0,10771.68
125,Tres Rios,TRE_L1,Fanta_Laranja,15,0.0,0.0,0.0,0.0,0.0,0.0
125,Tres Rios,TRE_L1,Schweppes_Citrus,1,0.0,0.0,0.0,0.0,0.0,0.0
125,Tres Rios,TRE_L1,Schweppes_Citrus,2,0.0,0.0,0.0,0.0,0.0,0.0
125,Tres Rios,TRE_L1,Schweppes_Citrus,3,0.0,0.0,0.0,0.0,0.0,0.0
125,Tres Rios,TRE_L1,Schweppes_Citrus,4,0.0,0.0,6638.71,0.0,0.0,6638.71
125,Tres Rios,TRE_L1,Schweppes_Citrus,5,0.0,0.0,0.0,0.0,0.0,0.0
125,Tres Rios,TRE_L1,Schweppes_Citrus,6,0.0,0.0,0.0,0.0,0.0,0.0
125,Tres Rios,TRE_L1,Schweppes_Citrus,7,0.0,0.0,0.0,0.0,0.0,0.0
125,Tres Rios,TRE_L1,Schweppes_Citrus,8,0.0,0.0,0.0,0.0,0.0,0.0
125,Tres Rios,TRE_L1,Schweppes_Citrus,9,0.0,0.0,0.0,0.0,0.0,25959.53
125,Tres Rios,TRE_L1,Schweppes_Citrus,10,0.0,0.0,0.0,0.0,0.0,0.0
125,Tres Rios,TRE_L1,Schweppes_Citrus,11,0.0,0.0,0.0,0.0,0.0,0.0
125,Tres Rios,TRE_L1,Schweppes_Citrus,12,0.0,0.0,0.0,0.0,0.0,0.0
125,Tres Rios,TRE_L1,Schweppes_Citrus,13,0.0,0.0,0.0,0.0,0.0,0.0
125,Tres Rios,TRE_L1,Schweppes_Citrus,14,0.0,0.0,0.0,0.0,0.0,0.0
125,Tres Rios,TRE_L1,Schweppes_Citrus,15,0.0,0.0,0.0,0.0,0.0,0.0
125,Tres Rios,TRE_L1,Sprite_Zero,1,0.0,0.0,0.0,0.0,0.0,0.0
125,Tres Rios,TRE_L1,Sprite_Zero,2,0.0,0.0,0.0,0.0,0.0,0.0
125,Tres Rios,TRE_L1,Sprite_Zero,3,0.0,0.0,0.0,0.0,0.0,0.0
125,Tres Rios,TRE_L1,Sprite_Zero,4,0.0,0.0,0.0,0.0,0.0,0.0
125,Tres Rios,TRE_L1,Sprite_Zero,5,0.0,0.0,0.0,0.0,0.0,0.0
125,Tres Rios,TRE_L1,Sprite_Zero,6,0.0,0.0,0.0,0.0,0.0,0.0
125,Tres Rios,TRE_L1,Sprite_Zero,7,0.0,0.0,0.0,0.0,0.0,0.0
125,Tres Rios,TRE_L1,Sprite_Zero,8,0.0,0.0,0.0,0.0,0.0,0.0
125,Tres Rios,TRE_L1,Sprite_Zero,9,0.0,0.0,0.0,0.0,0.0,0.0
125,Tres Rios,TRE_L1,Sprite_Zero,10,0.0,0.0,22696.11,0.0,0.0,22696.11
125,Tres Rios,TRE_L1,Sprite_Zero,11,0.0,0.0,0.0,0.0,0.0,0.0
125,Tres Rios,TRE_L1,Sprite_Zero,12,0.0,0.0,0.0,0.0,0.0,0.0
125,Tres Rios,TRE_L1,Sprite_Zero,13,0.0,0.0,0.0,0.0,0.0,16372.84
125,Tres Rios,TRE_L1,Sprite_Zero,14,0.0,0.0,0.0,0.0,0.0,0.0
125,Tres Rios,TRE_L1,Sprite_Zero,15,0.0,0.0,0.0,0.0,0.0,0.0
125,Tres Rios,TRE_L1,Eisenbahn_Pilsen,1,0.0,0.0,0.0,0.0,0.0,0.0
125,Tres Rios,TRE_L1,Eisenbahn_Pilsen,2,0.0,0.0,0.0,0.0,0.0,0.0
125,Tres Rios,TRE_L1,Eisenbahn_Pilsen,3,0.0,0.0,0.0,0.0,0.0,20096.4
125,Tres Rios,TRE_L1,Eisenbahn_Pilsen,4,0.0,0.0,22706.87,0.0,0.0,22706.87
125,Tres Rios,TRE_L1,Eisenbahn_Pilsen,5,0.0,0.0,0.0,0.0,0.0,0.0
125,Tres Rios,TRE_L1,Eisenbahn_Pilsen,6,0.0,0.0,0.0,0.0,0.0,0.0
125,Tres Rios,TRE_L1,Eisenbahn_Pilsen,7,0.0,0.0,0.0,0.0,0.0,0.0
125,Tres Rios,TRE_L1,Eisenbahn_Pilsen,8,0.0,0.0,0.0,0.0,0.0,0.0
125,Tres Rios,TRE_L1,Eisenbahn_Pilsen,9,0.0,0.0,0.0,0.0,0.0,0.0
125,Tres Rios,TRE_L1,Eisenbahn_Pilsen,10,0.0,0.0,0.0,0.0,0.0,0.0
125,Tres Rios,TRE_L1,Eisenbahn_Pilsen,11,0.0,0.0,0.0,0.0,0.0,0.0
125,Tres Rios,TRE_L1,Eisenbahn_Pilsen,12,0.0,0.0,0.0,0.0,0.0,0.0
125,Tres Rios,TRE_L1,Eisenbahn_Pilsen,13,0.0,0.0,0.0,0.0,0.0,0.0
125,Tres Rios,TRE_L1,Eisenbahn_Pilsen,14,0.0,0.0,0.0,0.0,0.0,0.0
125,Tres Rios,TRE_L1,Eisenbahn_Pilsen,15,0.0,0.0,0.0,0.0,0.0,0.0
125,Tres Rios,TRE_L1,Del_Valle_Pessego,1,0.0,0.0,0.0,0.0,0.0,0.0
125,Tres Rios,TRE_L1,Del_Valle_Pessego,2,0.0,0.0,0.0,0.0,0.0,0.0
125,Tres Rios,TRE_L1,Del_Valle_Pessego,3,0.0,0.0,0.0,0.0,0.0,0.0
125,Tres Rios,TRE_L1,Del_Valle_Pessego,4,0.0,0.0,0.0,0.0,0.0,0.0
125,Tres Rios,TRE_L1,Del_Valle_Pessego,5,0.0,0.0,0.0,0.0,0.0,13747.26
125,Tres Rios,TRE_L1,Del_Valle_Pessego,6,0.0,0.0,0.0,56881.53,0.0,0.0
125,Tres Rios,TRE_L1,Del_Valle_Pessego,7,0.0,0.0,0.0,0.0,0.0,0.0
125,Tres Rios,TRE_L1,Del_Valle_Pessego,8,0.0,0.0,0.0,0.0,0.0,0.0
125,Tres Rios,TRE_L1,Del_Valle_Pessego,9,0.0,0.0,0.0,0.0,0.0,0.0
125,Tres Rios,TRE_L1,Del_Valle_Pessego,10,0.0,0.0,0.0,0.0,0.0,12865.21
125,Tres Rios,TRE_L1,Del_Valle_Pessego,11,0.0,0.0,0.0,0.0,0.0,0.0
125,Tres Rios,TRE_L1,Del_Valle_Pessego,12,0.0,0.0,0.0,0.0,0.0,0.0
125,Tres Rios,TRE_L1,Del_Valle_Pessego,13,0.0,0.0,0.0,0.0,0.0,0.0
125,Tres Rios,TRE_L1,Del_Valle_Pessego,14,0.0,0.0,0.0,0.0,0.0,4341.46
125,Tres Rios,TRE_L1,Del_Valle_Pessego,15,0.0,0.0,0.0,0.0,0.0,0.0
125,Tres Rios,TRE_L1,Coca_Cola,1,0.0,0.0,0.0,0.0,0.0,0.0
125,Tres Rios,TRE_L1,Coca_Cola,2,0.0,0.0,0.0,0.0,0.0,0.0
125,Tres Rios,TRE_L1,Coca_Cola,3,0.0,0.0,0.0,0.0,0.0,0.0
125,Tres Rios,TRE_L1,Coca_Cola,4,0.0,0.0,0.0,0.0,0.0,0.0
125,Tres Rios,TRE_L1,Coca_Cola,5,0.0,0.0,0.0,0.0,0.0,0.0
125,Tres Rios,TRE_L1,Coca_Cola,6,0.0,0.0,0.0,0.0,0.0,0.0
125,Tres Rios,TRE_L1,Coca_Cola,7,0.0,0.0,0.0,0.0,0.0,0.0
125,Tres Rios,TRE_L1,Coca_Cola,8,0.0,0.0,0.0,0.0,0.0,0.0
125,Tres Rios,TRE_L1,Coca_Cola,9,0.0,0.0,0.0,0.0,0.0,0.0
125,Tres Rios,TRE_L1,Coca_Cola,10,0.0,0.0,0.0,0.0,0.0,0.0
125,Tres Rios,TRE_L1,Coca_Cola,11,0.0,0.0,0.0,0.0,0.0,0.0
125,Tres Rios,TRE_L1,Coca_Cola,12,0.0,0.0,0.0,0.0,0.0,0.0
125,Tres Rios,TRE_L1,Coca_Cola,13,0.0,0.0,0.0,0.0,0.0,0.0
125,Tres Rios,TRE_L1,Coca_Cola,14,0.0,0.0,0.0,0.0,0.0,0.0
125,Tres Rios,TRE_L1,Coca_Cola,15,0.0,0.0,0.0,0.0,0.0,0.0
125,Tres Rios,TRE_L1,Amstel_Lata,1,0.0,0.0,0.0,0.0,0.0,8745.93
125,Tres Rios,TRE_L1,Amstel_Lata,2,0.0,0.0,0.0,0.0,0.0,0.0
125,Tres Rios,TRE_L1,Amstel_Lata,3,0.0,0.0,0.0,0.0,0.0,0.0
125,Tres Rios,TRE_L1,Amstel_Lata,4,0.0,0.0,0.0,0.0,0.0,0.0
125,Tres Rios,TRE_L1,Amstel_Lata,5,0.0,0.0,0.0,0.0,0.0,0.0
125,Tres Rios,TRE_L1,Amstel_Lata,6,0.0,0.0,0.0,0.0,0.0,13523.989999999998
125,Tres Rios,TRE_L1,Amstel_Lata,7,0.0,0.0,0.0,0.0,13523.989999999998,0.0
125,Tres Rios,TRE_L1,Amstel_Lata,8,0.0,0.0,0.0,0.0,0.0,18517.98000000003
125,Tres Rios,TRE_L1,Amstel_Lata,9,0.0,0.0,0.0,0.0,18517.98000000003,0.0
125,Tres Rios,TRE_L1,Amstel_Lata,10,0.0,0.0,0.0,0.0,0.0,0.0
125,Tres Rios,TRE_L1,Amstel_Lata,11,0.0,0.0,0.0,0.0,0.0,0.0
125,Tres Rios,TRE_L1,Amstel_Lata,12,0.0,0.0,0.0,0.0,0.0,7517.8
125,Tres Rios,TRE_L1,Amstel_Lata,13,0.0,0.0,0.0,0.0,0.0,0.0
125,Tres Rios,TRE_L1,Amstel_Lata,14,0.0,0.0,0.0,0.0,0.0,0.0
125,Tres Rios,TRE_L1,Amstel_Lata,15,0.0,0.0,0.0,0.0,0.0,0.0
125,Tres Rios,TRE_L1,Pepsi_Black,1,0.0,0.0,0.0,0.0,41640.0,0.0
125,Tres Rios,TRE_L1,Pepsi_Black,2,0.0,0.0,0.0,0.0,9719.54,0.0
125,Tres Rios,TRE_L1,Pepsi_Black,3,0.0,0.0,0.0,0.0,24542.76,0.0
125,Tres Rios,TRE_L1,Pepsi_Black,4,0.0,0.0,0.0,0.0,38088.0,0.0
125,Tres Rios,TRE_L1,Pepsi_Black,5,0.0,0.0,0.0,0.0,36409.72,0.0
125,Tres Rios,TRE_L1,Pepsi_Black,6,0.0,0.0,0.0,0.0,35115.56,0.0
125,Tres Rios,TRE_L1,Pepsi_Black,7,0.0,0.0,0.0,0.0,15550.04,0.0
125,Tres Rios,TRE_L1,Pepsi_Black,8,0.0,0.0,0.0,0.0,37994.509999999995,0.0
125,Tres Rios,TRE_L1,Pepsi_Black,9,0.0,0.0,0.0,0.0,38304.0,0.0
125,Tres Rios,TRE_L1,Pepsi_Black,10,0.0,0.0,0.0,0.0,36912.0,0.0
125,Tres Rios,TRE_L1,Pepsi_Black,11,0.0,0.0,0.0,0.0,38352.0,0.0
125,Tres Rios,TRE_L1,Pepsi_Black,12,0.0,0.0,0.0,0.0,37488.0,0.0
125,Tres Rios,TRE_L1,Pepsi_Black,13,0.0,0.0,0.0,0.0,43463.99999999999,0.0
125,Tres Rios,TRE_L1,Pepsi_Black,14,0.0,0.0,0.0,0.0,21611.52,0.0
125,Tres Rios,TRE_L1,Pepsi_Black,15,0.0,0.0,0.0,0.0,37535.99999999999,0.0
125,Tres Rios,TRE_L1,Del_Valle_Laranja,1,0.0,0.0,0.0,0.0,0.0,0.0
125,Tres Rios,TRE_L1,Del_Valle_Laranja,2,0.0,0.0,0.0,0.0,0.0,0.0
125,Tres Rios,TRE_L1,Del_Valle_Laranja,3,0.0,0.0,0.0,0.0,0.0,0.0
125,Tres Rios,TRE_L1,Del_Valle_Laranja,4,0.0,0.0,0.0,0.0,0.0,0.0
125,Tres Rios,TRE_L1,Del_Valle_Laranja,5,0.0,0.0,0.0,0.0,0.0,0.0
125,Tres Rios,TRE_L1,Del_Valle_Laranja,6,0.0,0.0,0.0,0.0,0.0,52422.799999999996
125,Tres Rios,TRE_L1,Del_Valle_Laranja,7,0.0,0.0,0.0,0.0,6832.340000000001,0.0
125,Tres Rios,TRE_L1,Del_Valle_Laranja,8,0.0,0.0,0.0,0.0,0.0,0.0
125,Tres Rios,TRE_L1,Del_Valle_Laranja,9,0.0,0.0,0.0,0.0,0.0,0.0
125,Tres Rios,TRE_L1,Del_Valle_Laranja,10,0.0,0.0,68.0,0.0,0.0,68.0
125,Tres Rios,TRE_L1,Del_Valle_Laranja,11,0.0,0.0,0.0,0.0,0.0,0.0
125,Tres Rios,TRE_L1,Del_Valle_Laranja,12,0.0,0.0,0.0,0.0,0.0,0.0
125,Tres Rios,TRE_L1,Del_Valle_Laranja,13,0.0,0.0,0.0,0.0,0.0,0.0
125,Tres Rios,TRE_L1,Del_Valle_Laranja,14,0.0,0.0,0.0,0.0,0.0,0.0
125,Tres Rios,TRE_L1,Del_Valle_Laranja,15,0.0,0.0,0.0,0.0,0.0,0.0
125,Tres Rios,TRE_L1,Itubaina,1,0.0,0.0,0.0,0.0,0.0,0.0
125,Tres Rios,TRE_L1,Itubaina,2,0.0,0.0,0.0,0.0,0.0,0.0
125,Tres Rios,TRE_L1,Itubaina,3,0.0,0.0,0.0,0.0,0.0,0.0
125,Tres Rios,TRE_L1,Itubaina,4,0.0,0.0,0.0,0.0,0.0,0.0
125,Tres Rios,TRE_L1,Itubaina,5,0.0,0.0,0.0,0.0,0.0,23956.12
125,Tres Rios,TRE_L1,Itubaina,6,0.0,0.0,0.0,0.0,0.0,0.0
125,Tres Rios,TRE_L1,Itubaina,7,0.0,0.0,0.0,0.0,0.0,0.0
125,Tres Rios,TRE_L1,Itubaina,8,0.0,0.0,0.0,0.0,0.0,11051.7
125,Tres Rios,TRE_L1,Itubaina,9,0.0,0.0,0.0,0.0,0.0,0.0
125,Tres Rios,TRE_L1,Itubaina,10,0.0,0.0,0.0,0.0,0.0,0.0
125,Tres Rios,TRE_L1,Itubaina,11,0.0,0.0,0.0,0.0,0.0,0.0
125,Tres Rios,TRE_L1,Itubaina,12,0.0,0.0,0.0,0.0,0.0,0.0
125,Tres Rios,TRE_L1,Itubaina,13,0.0,0.0,0.0,0.0,0.0,0.0
125,Tres Rios,TRE_L1,Itubaina,14,0.0,0.0,0.0,0.0,0.0,0.0
125,Tres Rios,TRE_L1,Itubaina,15,0.0,0.0,0.0,0.0,0.0,13936.84
125,Tres Rios,TRE_L1,Stella_Artois_Pure_Gold,1,40008.0,0.0,0.0,0.0,40008.00000000001,18549.27
125,Tres Rios,TRE_L1,Stella_Artois_Pure_Gold,2,33195.83,0.0,33195.83,0.0,0.0,0.0
125,Tres Rios,TRE_L1,Stella_Artois_Pure_Gold,3,37453.14,0.0,0.0,0.0,37453.14,0.0
125,Tres Rios,TRE_L1,Stella_Artois_Pure_Gold,4,23676.68,0.0,0.0,0.0,23676.68,0.0
125,Tres Rios,TRE_L1,Stella_Artois_Pure_Gold,5,37776.0,0.0,0.0,0.0,39939.049999999996,0.0
125,Tres Rios,TRE_L1,Stella_Artois_Pure_Gold,6,14915.18,0.0,0.0,0.0,14915.18,0.0
125,Tres Rios,TRE_L1,Stella_Artois_Pure_Gold,7,41904.0,0.0,0.0,0.0,41904.0,0.0
125,Tres Rios,TRE_L1,Stella_Artois_Pure_Gold,8,38112.0,0.0,0.0,0.0,38112.0,0.0
125,Tres Rios,TRE_L1,Stella_Artois_Pure_Gold,9,40512.0,0.0,46425.11,0.0,0.0,5913.110000000008
125,Tres Rios,TRE_L1,Stella_Artois_Pure_Gold,10,39216.0,0.0,0.0,0.0,39216.00000000001,0.0
125,Tres Rios,TRE_L1,Stella_Artois_Pure_Gold,11,38832.0,0.0,0.0,0.0,38832.00000000001,23059.1
125,Tres Rios,TRE_L1,Stella_Artois_Pure_Gold,12,39000.0,0.0,0.0,0.0,39000.0,0.0
125,Tres Rios,TRE_L1,Stella_Artois_Pure_Gold,13,38976.0,0.0,0.0,0.0,38976.0,0.0
125,Tres Rios,TRE_L1,Stella_Artois_Pure_Gold,14,35787.070000000014,0.0,0.0,0.0,35787.070000000014,0.0
125,Tres Rios,TRE_L1,Stella_Artois_Pure_Gold,15,6952.46000000001,0.0,0.0,0.0,6952.46000000001,0.0
125,Tres Rios,TRE_L1,Maguary_Caju,1,0.0,0.0,0.0,0.0,0.0,0.0
125,Tres Rios,TRE_L1,Maguary_Caju,2,0.0,0.0,0.0,0.0,0.0,0.0
125,Tres Rios,TRE_L1,Maguary_Caju,3,0.0,0.0,0.0,0.0,0.0,0.0
125,Tres Rios,TRE_L1,Maguary_Caju,4,0.0,0.0,0.0,0.0,0.0,0.0
125,Tres Rios,TRE_L1,Maguary_Caju,5,0.0,0.0,0.0,0.0,0.0,0.0
125,Tres Rios,TRE_L1,Maguary_Caju,6,0.0,0.0,0.0,0.0,0.0,0.0
125,Tres Rios,TRE_L1,Maguary_Caju,7,0.0,0.0,0.0,0.0,0.0,0.0
125,Tres Rios,TRE_L1,Maguary_Caju,8,0.0,0.0,0.0,0.0,0.0,0.0
125,Tres Rios,TRE_L1,Maguary_Caju,9,0.0,0.0,0.0,0.0,0.0,0.0
125,Tres Rios,TRE_L1,Maguary_Caju,10,0.0,0.0,0.0,0.0,0.0,0.0
125,Tres Rios,TRE_L1,Maguary_Caju,11,0.0,0.0,0.0,0.0,0.0,0.0
125,Tres Rios,TRE_L1,Maguary_Caju,12,0.0,0.0,0.0,0.0,0.0,0.0
125,Tres Rios,TRE_L1,Maguary_Caju,13,0.0,0.0,0.0,0.0,0.0,0.0
125,Tres Rios,TRE_L1,Maguary_Caju,14,0.0,0.0,0.0,0.0,0.0,0.0
125,Tres Rios,TRE_L1,Maguary_Caju,15,0.0,0.0,0.0,0.0,0.0,0.0
125,Tres Rios,TRE_L1,Coca_Cola_Zero,1,0.0,0.0,0.0,0.0,0.0,0.0
125,Tres Rios,TRE_L1,Coca_Cola_Zero,2,0.0,17475.239999999998,0.0,0.0,0.0,17475.239999999998
125,Tres Rios,TRE_L1,Coca_Cola_Zero,3,0.0,0.0,0.0,0.0,17475.239999999998,41433.53
125,Tres Rios,TRE_L1,Coca_Cola_Zero,4,0.0,0.0,0.0,0.0,0.0,0.0
125,Tres Rios,TRE_L1,Coca_Cola_Zero,5,0.0,40295.99999999999,0.0,0.0,0.0,40295.99999999999
125,Tres Rios,TRE_L1,Coca_Cola_Zero,6,0.0,0.0,0.0,0.0,40295.99999999999,0.0
125,Tres Rios,TRE_L1,Coca_Cola_Zero,7,0.0,0.0,0.0,0.0,0.0,0.0
125,Tres Rios,TRE_L1,Coca_Cola_Zero,8,0.0,25525.93999999996,0.0,0.0,0.0,25525.93999999996
125,Tres Rios,TRE_L1,Coca_Cola_Zero,9,0.0,26578.209999999992,0.0,0.0,0.0,1052.2700000000327
125,Tres Rios,TRE_L1,Coca_Cola_Zero,10,0.0,3346.849999999995,0.0,0.0,23231.359999999997,0.0
125,Tres Rios,TRE_L1,Coca_Cola_Zero,11,0.0,9185.379999999997,0.0,0.0,0.0,5838.5300000000025
125,Tres Rios,TRE_L1,Coca_Cola_Zero,12,0.0,0.0,0.0,0.0,9185.379999999997,0.0
125,Tres Rios,TRE_L1,Coca_Cola_Zero,13,0.0,0.0,0.0,0.0,0.0,20731.85
125,Tres Rios,TRE_L1,Coca_Cola_Zero,14,0.0,0.0,0.0,0.0,0.0,0.0
125,Tres Rios,TRE_L1,Coca_Cola_Zero,15,0.0,0.0,0.0,0.0,0.0,0.0
125,Tres Rios,TRE_L1,Pepsi,1,0.0,0.0,0.0,0.0,0.0,0.0
125,Tres Rios,TRE_L1,Pepsi,2,0.0,0.0,0.0,0.0,0.0,0.0
125,Tres Rios,TRE_L1,Pepsi,3,0.0,0.0,0.0,0.0,0.0,0.0
125,Tres Rios,TRE_L1,Pepsi,4,0.0,0.0,0.0,0.0,0.0,0.0
125,Tres Rios,TRE_L1,Pepsi,5,0.0,0.0,0.0,0.0,0.0,29864.45
125,Tres Rios,TRE_L1,Pepsi,6,0.0,0.0,0.0,0.0,0.0,0.0
125,Tres Rios,TRE_L1,Pepsi,7,0.0,0.0,0.0,0.0,0.0,0.0
125,Tres Rios,TRE_L1,Pepsi,8,0.0,0.0,0.0,0.0,0.0,0.0
125,Tres Rios,TRE_L1,Pepsi,9,0.0,0.0,0.0,0.0,0.0,0.0
125,Tres Rios,TRE_L1,Pepsi,10,0.0,0.0,0.0,0.0,0.0,0.0
125,Tres Rios,TRE_L1,Pepsi,11,0.0,0.0,0.0,0.0,0.0,0.0
125,Tres Rios,TRE_L1,Pepsi,12,0.0,0.0,0.0,0.0,0.0,0.0
125,Tres Rios,TRE_L1,Pepsi,13,0.0,0.0,0.0,0.0,0.0,0.0
125,Tres Rios,TRE_L1,Pepsi,14,0.0,0.0,0.0,0.0,0.0,24155.02
125,Tres Rios,TRE_L1,Pepsi,15,0.0,0.0,0.0,0.0,0.0,0.0
125,Tres Rios,TRE_L1,Antarctica_Lata,1,0.0,0.0,0.0,0.0,0.0,0.0
125,Tres Rios,TRE_L1,Antarctica_Lata,2,0.0,0.0,0.0,0.0,0.0,0.0
125,Tres Rios,TRE_L1,Antarctica_Lata,3,0.0,0.0,0.0,0.0,0.0,0.0
125,Tres Rios,TRE_L1,Antarctica_Lata,4,0.0,0.0,0.0,0.0,0.0,0.0
125,Tres Rios,TRE_L1,Antarctica_Lata,5,0.0,0.0,0.0,0.0,0.0,0.0
125,Tres Rios,TRE_L1,Antarctica_Lata,6,0.0,0.0,0.0,0.0,0.0,39011.24
125,Tres Rios,TRE_L1,Antarctica_Lata,7,0.0,0.0,0.0,0.0,0.0,0.0
125,Tres Rios,TRE_L1,Antarctica_Lata,8,0.0,0.0,0.0,17899.83,0.0,0.0
125,Tres Rios,TRE_L1,Antarctica_Lata,9,0.0,0.0,0.0,0.0,0.0,0.0
125,Tres Rios,TRE_L1,Antarctica_Lata,10,0.0,0.0,0.0,0.0,0.0,0.0
125,Tres Rios,TRE_L1,Antarctica_Lata,11,0.0,0.0,0.0,0.0,0.0,0.0
125,Tres Rios,TRE_L1,Antarctica_Lata,12,0.0,0.0,17944.46,0.0,0.0,17944.46
125,Tres Rios,TRE_L1,Antarctica_Lata,13,0.0,0.0,0.0,0.0,0.0,0.0
125,Tres Rios,TRE_L1,Antarctica_Lata,14,0.0,0.0,0.0,0.0,0.0,0.0
125,Tres Rios,TRE_L1,Antarctica_Lata,15,0.0,0.0,0.0,0.0,0.0,34550.33
125,Tres Rios,TRE_L1,Spaten_Lata,1,0.0,0.0,0.0,0.0,0.0,0.0
125,Tres Rios,TRE_L1,Spaten_Lata,2,0.0,0.0,0.0,0.0,0.0,0.0
125,Tres Rios,TRE_L1,Spaten_Lata,3,0.0,0.0,0.0,0.0,0.0,0.0
125,Tres Rios,TRE_L1,Spaten_Lata,4,0.0,0.0,0.0,0.0,0.0,0.0
125,Tres Rios,TRE_L1,Spaten_Lata,5,0.0,0.0,0.0,0.0,0.0,0.0
125,Tres Rios,TRE_L1,Spaten_Lata,6,0.0,0.0,0.0,0.0,0.0,0.0
125,Tres Rios,TRE_L1,Spaten_Lata,7,0.0,0.0,0.0,0.0,0.0,16747.04
125,Tres Rios,TRE_L1,Spaten_Lata,8,0.0,0.0,0.0,0.0,0.0,0.0
125,Tres Rios,TRE_L1,Spaten_Lata,9,0.0,0.0,0.0,0.0,0.0,19826.78
125,Tres Rios,TRE_L1,Spaten_Lata,10,0.0,10618.310000000001,0.0,0.0,0.0,26253.9
125,Tres Rios,TRE_L1,Spaten_Lata,11,0.0,0.0,50933.05,0.0,0.0,40314.740000000005
125,Tres Rios,TRE_L1,Spaten_Lata,12,0.0,0.0,15730.95,0.0,0.0,15730.95
125,Tres Rios,TRE_L1,Spaten_Lata,13,0.0,0.0,0.0,0.0,0.0,0.0
125,Tres Rios,TRE_L1,Spaten_Lata,14,0.0,598.6199999999972,0.0,0.0,0.0,598.6199999999972
125,Tres Rios,TRE_L1,Spaten_Lata,15,0.0,0.0,0.0,0.0,598.6199999999972,9230.81
125,Tres Rios,TRE_L1,Heineken_Lata,1,0.0,0.0,0.0,0.0,0.0,0.0
125,Tres Rios,TRE_L1,Heineken_Lata,2,0.0,0.0,0.0,0.0,0.0,0.0
125,Tres Rios,TRE_L1,Heineken_Lata,3,0.0,0.0,0.0,0.0,0.0,0.0
125,Tres Rios,TRE_L1,Heineken_Lata,4,0.0,0.0,0.0,0.0,0.0,0.0
125,Tres Rios,TRE_L1,Heineken_Lata,5,0.0,0.0,0.0,0.0,0.0,0.0
125,Tres Rios,TRE_L1,Heineken_Lata,6,0.0,0.0,0.0,0.0,0.0,0.0
125,Tres Rios,TRE_L1,Heineken_Lata,7,0.0,0.0,0.0,0.0,0.0,0.0
125,Tres Rios,TRE_L1,Heineken_Lata,8,0.0,0.0,0.0,0.0,0.0,0.0
125,Tres Rios,TRE_L1,Heineken_Lata,9,0.0,0.0,0.0,0.0,0.0,0.0
125,Tres Rios,TRE_L1,Heineken_Lata,10,0.0,0.0,0.0,0.0,0.0,0.0
125,Tres Rios,TRE_L1,Heineken_Lata,11,0.0,0.0,0.0,0.0,0.0,17442.84
125,Tres Rios,TRE_L1,Heineken_Lata,12,0.0,0.0,0.0,0.0,0.0,0.0
125,Tres Rios,TRE_L1,Heineken_Lata,13,0.0,0.0,0.0,0.0,0.0,0.0
125,Tres Rios,TRE_L1,Heineken_Lata,14,0.0,0.0,0.0,0.0,0.0,0.0
125,Tres Rios,TRE_L1,Heineken_Lata,15,0.0,0.0,0.0,0.0,0.0,0.0
125,Tres Rios,TRE_L1,Sukita_Laranja,1,0.0,0.0,0.0,0.0,0.0,0.0
125,Tres Rios,TRE_L1,Sukita_Laranja,2,0.0,0.0,0.0,0.0,0.0,0.0
125,Tres Rios,TRE_L1,Sukita_Laranja,3,0.0,0.0,0.0,0.0,0.0,0.0
125,Tres Rios,TRE_L1,Sukita_Laranja,4,0.0,0.0,0.0,0.0,0.0,0.0
125,Tres Rios,TRE_L1,Sukita_Laranja,5,0.0,0.0,0.0,0.0,0.0,0.0
125,Tres Rios,TRE_L1,Sukita_Laranja,6,0.0,0.0,0.0,0.0,0.0,0.0
125,Tres Rios,TRE_L1,Sukita_Laranja,7,0.0,0.0,0.0,0.0,0.0,25776.0
125,Tres Rios,TRE_L1,Sukita_Laranja,8,0.0,0.0,0.0,0.0,0.0,0.0
125,Tres Rios,TRE_L1,Sukita_Laranja,9,0.0,0.0,0.0,0.0,0.0,38136.0
125,Tres Rios,TRE_L1,Sukita_Laranja,10,0.0,0.0,0.0,0.0,0.0,37742.36
125,Tres Rios,TRE_L1,Sukita_Laranja,11,0.0,0.0,0.0,0.0,0.0,0.0
125,Tres Rios,TRE_L1,Sukita_Laranja,12,0.0,0.0,0.0,0.0,0.0,0.0
125,Tres Rios,TRE_L1,Sukita_Laranja,13,0.0,0.0,0.0,0.0,0.0,0.0
125,Tres Rios,TRE_L1,Sukita_Laranja,14,0.0,0.0,0.0,0.0,0.0,0.0
125,Tres Rios,TRE_L1,Sukita_Laranja,15,0.0,0.0,0.0,0.0,0.0,0.0
125,Tres Rios,TRE_L1,H2OH_Limao,1,0.0,0.0,0.0,0.0,0.0,0.0
125,Tres Rios,TRE_L1,H2OH_Limao,2,0.0,0.0,0.0,0.0,0.0,0.0
125,Tres Rios,TRE_L1,H2OH_Limao,3,0.0,0.0,27887.0,16579.309999999998,0.0,40766.33
125,Tres Rios,TRE_L1,H2OH_Limao,4,0.0,0.0,0.0,0.0,0.0,0.0
125,Tres Rios,TRE_L1,H2OH_Limao,5,0.0,0.0,0.0,0.0,0.0,0.0
125,Tres Rios,TRE_L1,H2OH_Limao,6,0.0,0.0,0.0,0.0,0.0,0.0
125,Tres Rios,TRE_L1,H2OH_Limao,7,0.0,0.0,0.0,0.0,0.0,0.0
125,Tres Rios,TRE_L1,H2OH_Limao,8,0.0,0.0,0.0,0.0,0.0,0.0
125,Tres Rios,TRE_L1,H2OH_Limao,9,0.0,0.0,0.0,0.0,0.0,0.0
125,Tres Rios,TRE_L1,H2OH_Limao,10,0.0,0.0,0.0,0.0,0.0,0.0
125,Tres Rios,TRE_L1,H2OH_Limao,11,0.0,0.0,0.0,0.0,0.0,8833.98
125,Tres Rios,TRE_L1,H2OH_Limao,12,0.0,0.0,0.0,0.0,0.0,0.0
125,Tres Rios,TRE_L1,H2OH_Limao,13,0.0,0.0,0.0,0.0,0.0,0.0
125,Tres Rios,TRE_L1,H2OH_Limao,14,0.0,0.0,0.0,0.0,0.0,0.0
125,Tres Rios,TRE_L1,H2OH_Limao,15,0.0,0.0,0.0,0.0,0.0,12685.8
125,Tres Rios,TRE_L1,Budweiser_Lata,1,0.0,0.0,0.0,0.0,0.0,0.0
125,Tres Rios,TRE_L1,Budweiser_Lata,2,0.0,0.0,0.0,0.0,0.0,0.0
125,Tres Rios,TRE_L1,Budweiser_Lata,3,0.0,0.0,0.0,0.0,0.0,0.0
125,Tres Rios,TRE_L1,Budweiser_Lata,4,0.0,0.0,0.0,0.0,0.0,0.0
125,Tres Rios,TRE_L1,Budweiser_Lata,5,0.0,0.0,0.0,0.0,0.0,0.0
125,Tres Rios,TRE_L1,Budweiser_Lata,6,0.0,0.0,0.0,0.0,0.0,0.0
125,Tres Rios,TRE_L1,Budweiser_Lata,7,0.0,0.0,0.0,0.0,0.0,2502.73
125,Tres Rios,TRE_L1,Budweiser_Lata,8,0.0,0.0,0.0,0.0,0.0,0.0
125,Tres Rios,TRE_L1,Budweiser_Lata,9,0.0,0.0,0.0,0.0,0.0,0.0
125,Tres Rios,TRE_L1,Budweiser_Lata,10,0.0,0.0,0.0,0.0,0.0,0.0
125,Tres Rios,TRE_L1,Budweiser_Lata,11,0.0,0.0,0.0,0.0,0.0,15920.23
125,Tres Rios,TRE_L1,Budweiser_Lata,12,0.0,0.0,0.0,0.0,0.0,0.0
125,Tres Rios,TRE_L1,Budweiser_Lata,13,0.0,0.0,48324.28,0.0,0.0,70397.22999999998
125,Tres Rios,TRE_L1,Budweiser_Lata,14,0.0,0.0,0.0,0.0,0.0,0.0
125,Tres Rios,TRE_L1,Budweiser_Lata,15,0.0,0.0,0.0,0.0,0.0,0.0
125,Tres Rios,TRE_L1,Kuat,1,0.0,0.0,0.0,0.0,0.0,21323.36
125,Tres Rios,TRE_L1,Kuat,2,0.0,0.0,0.0,0.0,1493.7800000000025,0.0
125,Tres Rios,TRE_L1,Kuat,3,0.0,0.0,0.0,0.0,0.0,2186.820000000007
125,Tres Rios,TRE_L1,Kuat,4,0.0,0.0,0.0,0.0,0.0,48148.369999999995
125,Tres Rios,TRE_L1,Kuat,5,0.0,0.0,0.0,0.0,0.0,0.0
125,Tres Rios,TRE_L1,Kuat,6,0.0,0.0,0.0,0.0,0.0,0.0
125,Tres Rios,TRE_L1,Kuat,7,0.0,0.0,0.0,0.0,0.0,0.0
125,Tres Rios,TRE_L1,Kuat,8,0.0,0.0,0.0,0.0,0.0,0.0
125,Tres Rios,TRE_L1,Kuat,9,0.0,0.0,0.0,0.0,0.0,1130.329999999998
125,Tres Rios,TRE_L1,Kuat,10,0.0,0.0,0.0,0.0,0.0,17574.72
125,Tres Rios,TRE_L1,Kuat,11,0.0,0.0,0.0,0.0,0.0,12912.699999999997
125,Tres Rios,TRE_L1,Kuat,12,0.0,0.0,0.0,0.0,12912.699999999997,0.0
125,Tres Rios,TRE_L1,Kuat,13,0.0,0.0,0.0,0.0,0.0,0.0
125,Tres Rios,TRE_L1,Kuat,14,0.0,0.0,0.0,0.0,0.0,34080.0
125,Tres Rios,TRE_L1,Kuat,15,0.0,0.0,25995.26,0.0,16619.8,25995.26
125,Tres Rios,TRE_L1,Fanta_Uva,1,0.0,0.0,0.0,0.0,34098.56,0.0
125,Tres Rios,TRE_L1,Fanta_Uva,2,0.0,0.0,0.0,0.0,1309.7300000000796,0.0
125,Tres Rios,TRE_L1,Fanta_Uva,3,0.0,0.0,0.0,0.0,30674.00999999995,0.0
125,Tres Rios,TRE_L1,Fanta_Uva,4,0.0,0.0,0.0,0.0,3292.349999999999,0.0
125,Tres Rios,TRE_L1,Fanta_Uva,5,0.0,0.0,0.0,0.0,20099.290000000008,0.0
125,Tres Rios,TRE_L1,Fanta_Uva,6,0.0,0.0,0.0,0.0,42048.0,0.0
125,Tres Rios,TRE_L1,Fanta_Uva,7,0.0,0.0,0.0,0.0,0.0,46305.18
125,Tres Rios,TRE_L1,Fanta_Uva,8,0.0,0.0,0.0,0.0,23834.58,0.0
125,Tres Rios,TRE_L1,Fanta_Uva,9,0.0,0.0,0.0,0.0,35688.0,0.0
125,Tres Rios,TRE_L1,Fanta_Uva,10,0.0,0.0,0.0,0.0,36840.0,0.0
125,Tres Rios,TRE_L1,Fanta_Uva,11,0.0,0.0,0.0,0.0,3159.7500000000123,0.0
125,Tres Rios,TRE_L1,Fanta_Uva,12,0.0,0.0,0.0,0.0,37824.00000000001,40386.01
125,Tres Rios,TRE_L1,Fanta_Uva,13,0.0,0.0,0.0,0.0,0.0,0.0
125,Tres Rios,TRE_L1,Fanta_Uva,14,0.0,0.0,0.0,0.0,35927.99999999999,0.0
125,Tres Rios,TRE_L1,Fanta_Uva,15,0.0,0.0,0.0,0.0,14441.939999999999,0.0
125,Tres Rios,TRE_L1,Sprite,1,0.0,0.0,0.0,0.0,0.0,0.0
125,Tres Rios,TRE_L1,Sprite,2,0.0,0.0,0.0,0.0,0.0,31886.49
125,Tres Rios,TRE_L1,Sprite,3,0.0,0.0,0.0,0.0,0.0,0.0
125,Tres Rios,TRE_L1,Sprite,4,0.0,0.0,0.0,0.0,0.0,0.0
125,Tres Rios,TRE_L1,Sprite,5,0.0,0.0,0.0,0.0,0.0,0.0
125,Tres Rios,TRE_L1,Sprite,6,0.0,0.0,0.0,0.0,0.0,0.0
125,Tres Rios,TRE_L1,Sprite,7,0.0,0.0,0.0,0.0,0.0,0.0
125,Tres Rios,TRE_L1,Sprite,8,0.0,0.0,33473.5,0.0,0.0,59052.93
125,Tres Rios,TRE_L1,Sprite,9,0.0,0.0,0.0,0.0,0.0,0.0
125,Tres Rios,TRE_L1,Sprite,10,0.0,0.0,0.0,0.0,0.0,0.0
125,Tres Rios,TRE_L1,Sprite,11,0.0,0.0,0.0,0.0,0.0,0.0
125,Tres Rios,TRE_L1,Sprite,12,0.0,0.0,0.0,0.0,0.0,0.0
125,Tres Rios,TRE_L1,Sprite,13,0.0,0.0,0.0,0.0,0.0,10350.16
125,Tres Rios,TRE_L1,Sprite,14,0.0,0.0,0.0,0.0,0.0,0.0
125,Tres Rios,TRE_L1,Sprite,15,0.0,0.0,0.0,0.0,0.0,0.0
125,Tres Rios,TRE_L1,Skol_Lata,1,0.0,0.0,38387.49000000001,6653.469999999987,0.0,38387.49000000001
125,Tres Rios,TRE_L1,Skol_Lata,2,0.0,0.0,0.0,0.0,0.0,0.0
125,Tres Rios,TRE_L1,Skol_Lata,3,0.0,0.0,0.0,0.0,0.0,0.0
125,Tres Rios,TRE_L1,Skol_Lata,4,0.0,0.0,0.0,0.0,0.0,0.0
125,Tres Rios,TRE_L1,Skol_Lata,5,0.0,0.0,0.0,0.0,0.0,0.0
125,Tres Rios,TRE_L1,Skol_Lata,6,0.0,0.0,0.0,0.0,0.0,0.0
125,Tres Rios,TRE_L1,Skol_Lata,7,0.0,0.0,0.0,0.0,0.0,0.0
125,Tres Rios,TRE_L1,Skol_Lata,8,0.0,0.0,0.0,0.0,0.0,0.0
125,Tres Rios,TRE_L1,Skol_Lata,9,0.0,0.0,0.0,0.0,0.0,0.0
125,Tres Rios,TRE_L1,Skol_Lata,10,0.0,0.0,0.0,0.0,0.0,0.0
125,Tres Rios,TRE_L1,Skol_Lata,11,0.0,0.0,0.0,0.0,0.0,31902.7
125,Tres Rios,TRE_L1,Skol_Lata,12,0.0,0.0,0.0,0.0,0.0,0.0
125,Tres Rios,TRE_L1,Skol_Lata,13,0.0,0.0,0.0,0.0,0.0,0.0
125,Tres Rios,TRE_L1,Skol_Lata,14,0.0,0.0,38103.079999999994,7434.9200000000055,0.0,38103.079999999994
125,Tres Rios,TRE_L1,Skol_Lata,15,0.0,0.0,0.0,0.0,0.0,0.0
125,Tres Rios,TRE_L1,Guarana_Antarctica,1,0.0,0.0,0.0,0.0,0.0,0.0
125,Tres Rios,TRE_L1,Guarana_Antarctica,2,0.0,0.0,0.0,0.0,0.0,17282.25
125,Tres Rios,TRE_L1,Guarana_Antarctica,3,0.0,0.0,0.0,0.0,0.0,0.0
125,Tres Rios,TRE_L1,Guarana_Antarctica,4,0.0,0.0,0.0,0.0,0.0,0.0
125,Tres Rios,TRE_L1,Guarana_Antarctica,5,0.0,0.0,0.0,0.0,0.0,0.0
125,Tres Rios,TRE_L1,Guarana_Antarctica,6,0.0,0.0,0.0,0.0,0.0,0.0
125,Tres Rios,TRE_L1,Guarana_Antarctica,7,0.0,0.0,0.0,0.0,0.0,0.0
125,Tres Rios,TRE_L1,Guarana_Antarctica,8,0.0,0.0,0.0,0.0,0.0,0.0
125,Tres Rios,TRE_L1,Guarana_Antarctica,9,0.0,0.0,0.0,0.0,0.0,0.0
125,Tres Rios,TRE_L1,Guarana_Antarctica,10,0.0,0.0,0.0,0.0,0.0,0.0
125,Tres Rios,TRE_L1,Guarana_Antarctica,11,0.0,0.0,0.0,0.0,0.0,0.0
125,Tres Rios,TRE_L1,Guarana_Antarctica,12,0.0,0.0,0.0,0.0,0.0,0.0
125,Tres Rios,TRE_L1,Guarana_Antarctica,13,0.0,0.0,0.0,0.0,0.0,0.0
125,Tres Rios,TRE_L1,Guarana_Antarctica,14,0.0,0.0,0.0,0.0,0.0,0.0
125,Tres Rios,TRE_L1,Guarana_Antarctica,15,0.0,0.0,0.0,0.0,0.0,0.0
125,Tres Rios,TRE_L1,Guarana_Antarctica_Zero,1,0.0,0.0,0.0,0.0,3773.440000000005,28457.11
125,Tres Rios,TRE_L1,Guarana_Antarctica_Zero,2,0.0,0.0,0.0,0.0,20314.77999999992,17623.42
125,Tres Rios,TRE_L1,Guarana_Antarctica_Zero,3,0.0,0.0,0.0,0.0,3429.990000000049,16450.97
125,Tres Rios,TRE_L1,Guarana_Antarctica_Zero,4,0.0,0.0,0.0,0.0,40531.65,0.0
125,Tres Rios,TRE_L1,Guarana_Antarctica_Zero,5,0.0,0.0,0.0,0.0,16401.659999999993,0.0
125,Tres Rios,TRE_L1,Guarana_Antarctica_Zero,6,0.0,0.0,0.0,0.0,0.0,0.0
125,Tres Rios,TRE_L1,Guarana_Antarctica_Zero,7,0.0,0.0,54219.67,0.0,34680.0,54219.67
125,Tres Rios,TRE_L1,Guarana_Antarctica_Zero,8,0.0,0.0,0.0,0.0,0.0,0.0
125,Tres Rios,TRE_L1,Guarana_Antarctica_Zero,9,0.0,0.0,0.0,0.0,0.0,0.0
125,Tres Rios,TRE_L1,Guarana_Antarctica_Zero,10,0.0,0.0,0.0,0.0,0.0,0.0
125,Tres Rios,TRE_L1,Guarana_Antarctica_Zero,11,0.0,0.0,0.0,0.0,34880.249999999985,0.0
125,Tres Rios,TRE_L1,Guarana_Antarctica_Zero,12,0.0,0.0,0.0,0.0,0.0,0.0
125,Tres Rios,TRE_L1,Guarana_Antarctica_Zero,13,0.0,0.0,0.0,0.0,38952.0,0.0
125,Tres Rios,TRE_L1,Guarana_Antarctica_Zero,14,0.0,0.0,0.0,0.0,0.0,12680.41
125,Tres Rios,TRE_L1,Guarana_Antarctica_Zero,15,0.0,0.0,0.0,0.0,0.0,0.0
125,Tres Rios,TRE_L1,Del_Valle_Uva,1,0.0,0.0,0.0,0.0,0.0,0.0
125,Tres Rios,TRE_L1,Del_Valle_Uva,2,0.0,0.0,0.0,0.0,0.0,0.0
125,Tres Rios,TRE_L1,Del_Valle_Uva,3,1138.8599999999985,0.0,0.0,0.0,1138.8599999999985,0.0
125,Tres Rios,TRE_L1,Del_Valle_Uva,4,0.0,0.0,0.0,0.0,0.0,0.0
125,Tres Rios,TRE_L1,Del_Valle_Uva,5,0.0,0.0,0.0,0.0,0.0,0.0
125,Tres Rios,TRE_L1,Del_Valle_Uva,6,0.0,0.0,0.0,0.0,0.0,0.0
125,Tres Rios,TRE_L1,Del_Valle_Uva,7,0.0,0.0,0.0,0.0,0.0,0.0
125,Tres Rios,TRE_L1,Del_Valle_Uva,8,0.0,0.0,0.0,0.0,0.0,0.0
125,Tres Rios,TRE_L1,Del_Valle_Uva,9,0.0,0.0,0.0,0.0,0.0,0.0
125,Tres Rios,TRE_L1,Del_Valle_Uva,10,0.0,0.0,0.0,0.0,0.0,0.0
125,Tres Rios,TRE_L1,Del_Valle_Uva,11,0.0,0.0,0.0,0.0,0.0,0.0
125,Tres Rios,TRE_L1,Del_Valle_Uva,12,0.0,0.0,17614.33,0.0,0.0,17614.33
125,Tres Rios,TRE_L1,Del_Valle_Uva,13,0.0,0.0,0.0,0.0,0.0,0.0
125,Tres Rios,TRE_L1,Del_Valle_Uva,14,0.0,0.0,0.0,0.0,0.0,0.0
125,Tres Rios,TRE_L1,Del_Valle_Uva,15,0.0,0.0,0.0,0.0,0.0,0.0
125,Tres Rios,TRE_L1,Brahma_Lata,1,0.0,0.0,0.0,0.0,0.0,0.0
125,Tres Rios,TRE_L1,Brahma_Lata,2,2588.1699999999996,0.0,0.0,0.0,2588.1699999999996,0.0
125,Tres Rios,TRE_L1,Brahma_Lata,3,0.0,0.0,0.0,0.0,0.0,0.0
125,Tres Rios,TRE_L1,Brahma_Lata,4,14195.320000000002,0.0,0.0,0.0,14195.320000000002,0.0
125,Tres Rios,TRE_L1,Brahma_Lata,5,0.0,0.0,16953.120000000006,31602.609999999997,0.0,16953.120000000006
125,Tres Rios,TRE_L1,Brahma_Lata,6,28164.819999999996,0.0,0.0,0.0,28164.819999999996,0.0
125,Tres Rios,TRE_L1,Brahma_Lata,7,0.0,0.0,0.0,0.0,0.0,0.0
125,Tres Rios,TRE_L1,Brahma_Lata,8,0.0,0.0,0.0,0.0,0.0,0.0
125,Tres Rios,TRE_L1,Brahma_Lata,9,0.0,0.0,0.0,0.0,0.0,0.0
125,Tres Rios,TRE_L1,Brahma_Lata,10,0.0,0.0,26744.82,0.0,0.0,26744.82
125,Tres Rios,TRE_L1,Brahma_Lata,11,0.0,0.0,0.0,0.0,0.0,0.0
125,Tres Rios,TRE_L1,Brahma_Lata,12,0.0,0.0,0.0,0.0,0.0,0.0
125,Tres Rios,TRE_L1,Brahma_Lata,13,0.0,0.0,0.0,0.0,0.0,0.0
125,Tres Rios,TRE_L1,Brahma_Lata,14,68.92999999998811,0.0,0.0,0.0,68.9299999999881,0.0
125,Tres Rios,TRE_L1,Brahma_Lata,15,34279.539999999986,0.0,24629.52,0.0,9650.019999999986,0.0
125,Tres Rios,TRE_L1,Itaipava_Lata,1,0.0,0.0,0.0,0.0,0.0,0.0
125,Tres Rios,TRE_L1,Itaipava_Lata,2,0.0,0.0,0.0,0.0,0.0,0.0
125,Tres Rios,TRE_L1,Itaipava_Lata,3,0.0,0.0,0.0,0.0,0.0,0.0
125,Tres Rios,TRE_L1,Itaipava_Lata,4,0.0,0.0,0.0,0.0,0.0,0.0
125,Tres Rios,TRE_L1,Itaipava_Lata,5,0.0,0.0,0.0,0.0,0.0,0.0
125,Tres Rios,TRE_L1,Itaipava_Lata,6,0.0,0.0,0.0,0.0,0.0,0.0
125,Tres Rios,TRE_L1,Itaipava_Lata,7,0.0,0.0,0.0,0.0,0.0,0.0
125,Tres Rios,TRE_L1,Itaipava_Lata,8,0.0,0.0,0.0,0.0,0.0,43120.66
125,Tres Rios,TRE_L1,Itaipava_Lata,9,0.0,0.0,0.0,0.0,0.0,0.0
125,Tres Rios,TRE_L1,Itaipava_Lata,10,0.0,0.0,0.0,0.0,0.0,0.0
125,Tres Rios,TRE_L1,Itaipava_Lata,11,0.0,0.0,0.0,0.0,0.0,0.0
125,Tres Rios,TRE_L1,Itaipava_Lata,12,0.0,0.0,0.0,0.0,0.0,0.0
125,Tres Rios,TRE_L1,Itaipava_Lata,13,0.0,0.0,0.0,0.0,0.0,0.0
125,Tres Rios,TRE_L1,Itaipava_Lata,14,0.0,0.0,0.0,0.0,0.0,0.0
125,Tres Rios,TRE_L1,Itaipava_Lata,15,0.0,0.0,0.0,0.0,0.0,0.0
125,Tres Rios,TRE_L2,Maguary_Maracuja,1,0.0,0.0,0.0,0.0,0.0,0.0
125,Tres Rios,TRE_L2,Maguary_Maracuja,2,0.0,0.0,0.0,0.0,0.0,9533.68
125,Tres Rios,TRE_L2,Maguary_Maracuja,3,0.0,0.0,0.0,0.0,0.0,0.0
125,Tres Rios,TRE_L2,Maguary_Maracuja,4,0.0,0.0,0.0,0.0,0.0,17556.35
125,Tres Rios,TRE_L2,Maguary_Maracuja,5,0.0,0.0,0.0,0.0,0.0,0.0
125,Tres Rios,TRE_L2,Maguary_Maracuja,6,0.0,0.0,0.0,0.0,0.0,0.0
125,Tres Rios,TRE_L2,Maguary_Maracuja,7,0.0,0.0,0.0,0.0,0.0,0.0
125,Tres Rios,TRE_L2,Maguary_Maracuja,8,0.0,0.0,0.0,0.0,0.0,0.0
125,Tres Rios,TRE_L2,Maguary_Maracuja,9,0.0,0.0,0.0,0.0,0.0,0.0
125,Tres Rios,TRE_L2,Maguary_Maracuja,10,0.0,0.0,0.0,0.0,0.0,7457.15
125,Tres Rios,TRE_L2,Maguary_Maracuja,11,0.0,0.0,0.0,0.0,0.0,0.0
125,Tres Rios,TRE_L2,Maguary_Maracuja,12,0.0,0.0,0.0,0.0,0.0,0.0
125,Tres Rios,TRE_L2,Maguary_Maracuja,13,0.0,0.0,0.0,0.0,0.0,0.0
125,Tres Rios,TRE_L2,Maguary_Maracuja,14,0.0,0.0,0.0,0.0,0.0,9826.0
125,Tres Rios,TRE_L2,Maguary_Maracuja,15,0.0,0.0,0.0,0.0,0.0,0.0
125,Tres Rios,TRE_L2,Fanta_Laranja,1,0.0,0.0,0.0,0.0,0.0,0.0
125,Tres Rios,TRE_L2,Fanta_Laranja,2,30186.679999999993,0.0,0.0,0.0,30186.679999999993,0.0
125,Tres Rios,TRE_L2,Fanta_Laranja,3,13593.24,0.0,0.0,0.0,13593.240000000002,0.0
125,Tres Rios,TRE_L2,Fanta_Laranja,4,0.0,0.0,0.0,0.0,0.0,0.0
125,Tres Rios,TRE_L2,Fanta_Laranja,5,0.0,0.0,0.0,0.0,0.0,0.0
125,Tres Rios,TRE_L2,Fanta_Laranja,6,4648.949999999997,0.0,0.0,0.0,4648.949999999997,0.0
125,Tres Rios,TRE_L2,Fanta_Laranja,7,12929.819999999998,0.0,0.0,0.0,12929.819999999998,0.0
125,Tres Rios,TRE_L2,Fanta_Laranja,8,4749.490000000002,0.0,0.0,0.0,4749.490000000002,0.0
125,Tres Rios,TRE_L2,Fanta_Laranja,9,0.0,0.0,0.0,0.0,0.0,0.0
125,Tres Rios,TRE_L2,Fanta_Laranja,10,0.0,0.0,0.0,0.0,0.0,0.0
125,Tres Rios,TRE_L2,Fanta_Laranja,11,0.0,0.0,0.0,0.0,0.0,0.0
125,Tres Rios,TRE_L2,Fanta_Laranja,12,0.0,0.0,0.0,0.0,0.0,0.0
125,Tres Rios,TRE_L2,Fanta_Laranja,13,0.0,0.0,0.0,0.0,0.0,0.0
125,Tres Rios,TRE_L2,Fanta_Laranja,14,19668.48,0.0,30440.16,0.0,0.0,10771.68
125,Tres Rios,TRE_L2,Fanta_Laranja,15,0.0,0.0,0.0,0.0,0.0,0.0
125,Tres Rios,TRE_L2,Schweppes_Citrus,1,0.0,0.0,0.0,0.0,0.0,0.0
125,Tres Rios,TRE_L2,Schweppes_Citrus,2,0.0,0.0,0.0,0.0,0.0,0.0
125,Tres Rios,TRE_L2,Schweppes_Citrus,3,0.0,0.0,0.0,0.0,0.0,0.0
125,Tres Rios,TRE_L2,Schweppes_Citrus,4,0.0,0.0,0.0,0.0,0.0,6638.71
125,Tres Rios,TRE_L2,Schweppes_Citrus,5,0.0,0.0,0.0,0.0,0.0,0.0
125,Tres Rios,TRE_L2,Schweppes_Citrus,6,0.0,0.0,0.0,0.0,0.0,0.0
125,Tres Rios,TRE_L2,Schweppes_Citrus,7,0.0,0.0,0.0,0.0,0.0,0.0
125,Tres Rios,TRE_L2,Schweppes_Citrus,8,0.0,0.0,0.0,0.0,0.0,0.0
125,Tres Rios,TRE_L2,Schweppes_Citrus,9,0.0,0.0,0.0,0.0,0.0,25959.53
125,Tres Rios,TRE_L2,Schweppes_Citrus,10,0.0,0.0,0.0,0.0,0.0,0.0
125,Tres Rios,TRE_L2,Schweppes_Citrus,11,0.0,0.0,0.0,0.0,0.0,0.0
125,Tres Rios,TRE_L2,Schweppes_Citrus,12,0.0,0.0,0.0,0.0,0.0,0.0
125,Tres Rios,TRE_L2,Schweppes_Citrus,13,0.0,0.0,0.0,0.0,0.0,0.0
125,Tres Rios,TRE_L2,Schweppes_Citrus,14,0.0,0.0,0.0,0.0,0.0,0.0
125,Tres Rios,TRE_L2,Schweppes_Citrus,15,0.0,0.0,0.0,0.0,0.0,0.0
125,Tres Rios,TRE_L2,Sprite_Zero,1,0.0,0.0,0.0,0.0,0.0,0.0
125,Tres Rios,TRE_L2,Sprite_Zero,2,0.0,0.0,0.0,0.0,0.0,0.0
125,Tres Rios,TRE_L2,Sprite_Zero,3,0.0,0.0,0.0,0.0,0.0,0.0
125,Tres Rios,TRE_L2,Sprite_Zero,4,0.0,0.0,0.0,0.0,0.0,0.0
125,Tres Rios,TRE_L2,Sprite_Zero,5,0.0,0.0,0.0,0.0,0.0,0.0
125,Tres Rios,TRE_L2,Sprite_Zero,6,0.0,0.0,0.0,0.0,0.0,0.0
125,Tres Rios,TRE_L2,Sprite_Zero,7,0.0,0.0,0.0,0.0,0.0,0.0
125,Tres Rios,TRE_L2,Sprite_Zero,8,0.0,0.0,0.0,0.0,0.0,0.0
125,Tres Rios,TRE_L2,Sprite_Zero,9,0.0,0.0,0.0,0.0,0.0,0.0
125,Tres Rios,TRE_L2,Sprite_Zero,10,0.0,0.0,0.0,0.0,0.0,22696.11
125,Tres Rios,TRE_L2,Sprite_Zero,11,0.0,0.0,0.0,0.0,0.0,0.0
125,Tres Rios,TRE_L2,Sprite_Zero,12,0.0,0.0,0.0,0.0,0.0,0.0
125,Tres Rios,TRE_L2,Sprite_Zero,13,0.0,0.0,0.0,0.0,0.0,16372.84
125,Tres Rios,TRE_L2,Sprite_Zero,14,0.0,0.0,0.0,0.0,0.0,0.0
125,Tres Rios,TRE_L2,Sprite_Zero,15,0.0,0.0,0.0,0.0,0.0,0.0
125,Tres Rios,TRE_L2,Eisenbahn_Pilsen,1,0.0,0.0,0.0,0.0,0.0,0.0
125,Tres Rios,TRE_L2,Eisenbahn_Pilsen,2,0.0,0.0,0.0,0.0,0.0,0.0
125,Tres Rios,TRE_L2,Eisenbahn_Pilsen,3,0.0,0.0,20096.4,0.0,0.0,20096.4
125,Tres Rios,TRE_L2,Eisenbahn_Pilsen,4,0.0,0.0,0.0,0.0,0.0,22706.87
125,Tres Rios,TRE_L2,Eisenbahn_Pilsen,5,0.0,0.0,0.0,0.0,0.0,0.0
125,Tres Rios,TRE_L2,Eisenbahn_Pilsen,6,0.0,0.0,0.0,0.0,0.0,0.0
125,Tres Rios,TRE_L2,Eisenbahn_Pilsen,7,0.0,0.0,0.0,0.0,0.0,0.0
125,Tres Rios,TRE_L2,Eisenbahn_Pilsen,8,0.0,0.0,0.0,0.0,0.0,0.0
125,Tres Rios,TRE_L2,Eisenbahn_Pilsen,9,0.0,0.0,0.0,0.0,0.0,0.0
125,Tres Rios,TRE_L2,Eisenbahn_Pilsen,10,0.0,0.0,0.0,0.0,0.0,0.0
125,Tres Rios,TRE_L2,Eisenbahn_Pilsen,11,0.0,0.0,0.0,0.0,0.0,0.0
125,Tres Rios,TRE_L2,Eisenbahn_Pilsen,12,0.0,0.0,0.0,0.0,0.0,0.0
125,Tres Rios,TRE_L2,Eisenbahn_Pilsen,13,0.0,0.0,0.0,0.0,0.0,0.0
125,Tres Rios,TRE_L2,Eisenbahn_Pilsen,14,0.0,0.0,0.0,0.0,0.0,0.0
125,Tres Rios,TRE_L2,Eisenbahn_Pilsen,15,0.0,0.0,0.0,0.0,0.0,0.0
125,Tres Rios,TRE_L2,Del_Valle_Pessego,1,0.0,0.0,0.0,0.0,0.0,0.0
125,Tres Rios,TRE_L2,Del_Valle_Pessego,2,0.0,0.0,0.0,0.0,0.0,0.0
125,Tres Rios,TRE_L2,Del_Valle_Pessego,3,0.0,0.0,0.0,0.0,0.0,0.0
125,Tres Rios,TRE_L2,Del_Valle_Pessego,4,0.0,0.0,0.0,0.0,0.0,0.0
125,Tres Rios,TRE_L2,Del_Valle_Pessego,5,0.0,0.0,0.0,0.0,0.0,13747.26
125,Tres Rios,TRE_L2,Del_Valle_Pessego,6,0.0,0.0,0.0,0.0,0.0,0.0
125,Tres Rios,TRE_L2,Del_Valle_Pessego,7,0.0,0.0,0.0,0.0,0.0,0.0
125,Tres Rios,TRE_L2,Del_Valle_Pessego,8,0.0,0.0,0.0,0.0,0.0,0.0
125,Tres Rios,TRE_L2,Del_Valle_Pessego,9,0.0,0.0,0.0,0.0,0.0,0.0
125,Tres Rios,TRE_L2,Del_Valle_Pessego,10,0.0,0.0,12865.21,0.0,0.0,12865.21
125,Tres Rios,TRE_L2,Del_Valle_Pessego,11,0.0,0.0,0.0,0.0,0.0,0.0
125,Tres Rios,TRE_L2,Del_Valle_Pessego,12,0.0,0.0,0.0,0.0,0.0,0.0
125,Tres Rios,TRE_L2,Del_Valle_Pessego,13,0.0,0.0,0.0,0.0,0.0,0.0
125,Tres Rios,TRE_L2,Del_Valle_Pessego,14,0.0,0.0,4341.46,0.0,0.0,4341.46
125,Tres Rios,TRE_L2,Del_Valle_Pessego,15,0.0,0.0,0.0,0.0,0.0,0.0
125,Tres Rios,TRE_L2,Coca_Cola,1,0.0,0.0,0.0,0.0,0.0,0.0
125,Tres Rios,TRE_L2,Coca_Cola,2,0.0,0.0,0.0,0.0,0.0,0.0
125,Tres Rios,TRE_L2,Coca_Cola,3,0.0,0.0,0.0,0.0,0.0,0.0
125,Tres Rios,TRE_L2,Coca_Cola,4,0.0,0.0,0.0,0.0,0.0,0.0
125,Tres Rios,TRE_L2,Coca_Cola,5,0.0,0.0,0.0,0.0,0.0,0.0
125,Tres Rios,TRE_L2,Coca_Cola,6,0.0,0.0,0.0,0.0,0.0,0.0
125,Tres Rios,TRE_L2,Coca_Cola,7,0.0,0.0,0.0,0.0,0.0,0.0
125,Tres Rios,TRE_L2,Coca_Cola,8,0.0,0.0,0.0,0.0,0.0,0.0
125,Tres Rios,TRE_L2,Coca_Cola,9,0.0,0.0,0.0,0.0,0.0,0.0
125,Tres Rios,TRE_L2,Coca_Cola,10,0.0,0.0,0.0,0.0,0.0,0.0
125,Tres Rios,TRE_L2,Coca_Cola,11,0.0,0.0,0.0,0.0,0.0,0.0
125,Tres Rios,TRE_L2,Coca_Cola,12,0.0,0.0,0.0,0.0,0.0,0.0
125,Tres Rios,TRE_L2,Coca_Cola,13,0.0,0.0,0.0,0.0,0.0,0.0
125,Tres Rios,TRE_L2,Coca_Cola,14,0.0,0.0,0.0,0.0,0.0,0.0
125,Tres Rios,TRE_L2,Coca_Cola,15,0.0,0.0,0.0,0.0,0.0,0.0
125,Tres Rios,TRE_L2,Amstel_Lata,1,0.0,0.0,0.0,0.0,0.0,8745.93
125,Tres Rios,TRE_L2,Amstel_Lata,2,0.0,0.0,0.0,0.0,0.0,0.0
125,Tres Rios,TRE_L2,Amstel_Lata,3,0.0,0.0,0.0,0.0,0.0,0.0
125,Tres Rios,TRE_L2,Amstel_Lata,4,0.0,0.0,0.0,0.0,0.0,0.0
125,Tres Rios,TRE_L2,Amstel_Lata,5,0.0,0.0,0.0,0.0,0.0,0.0
125,Tres Rios,TRE_L2,Amstel_Lata,6,0.0,13523.989999999998,0.0,0.0,0.0,13523.989999999998
125,Tres Rios,TRE_L2,Amstel_Lata,7,0.0,0.0,0.0,0.0,13523.989999999998,0.0
125,Tres Rios,TRE_L2,Amstel_Lata,8,0.0,18517.98000000003,0.0,0.0,0.0,18517.98000000003
125,Tres Rios,TRE_L2,Amstel_Lata,9,0.0,0.0,0.0,0.0,18517.98000000003,0.0
125,Tres Rios,TRE_L2,Amstel_Lata,10,0.0,0.0,0.0,0.0,0.0,0.0
125,Tres Rios,TRE_L2,Amstel_Lata,11,0.0,0.0,0.0,0.0,0.0,0.0
125,Tres Rios,TRE_L2,Amstel_Lata,12,0.0,0.0,7517.8,0.0,0.0,7517.8
125,Tres Rios,TRE_L2,Amstel_Lata,13,0.0,0.0,0.0,0.0,0.0,0.0
125,Tres Rios,TRE_L2,Amstel_Lata,14,0.0,0.0,0.0,0.0,0.0,0.0
125,Tres Rios,TRE_L2,Amstel_Lata,15,0.0,0.0,0.0,0.0,0.0,0.0
125,Tres Rios,TRE_L2,Pepsi_Black,1,41640.0,0.0,0.0,0.0,41640.0,0.0
125,Tres Rios,TRE_L2,Pepsi_Black,2,9719.54,0.0,0.0,0.0,9719.54,0.0
125,Tres Rios,TRE_L2,Pepsi_Black,3,24542.76,0.0,0.0,0.0,24542.76,0.0
125,Tres Rios,TRE_L2,Pepsi_Black,4,38088.0,0.0,0.0,0.0,38088.0,0.0
125,Tres Rios,TRE_L2,Pepsi_Black,5,37488.0,0.0,1078.28,0.0,36409.72,0.0
125,Tres Rios,TRE_L2,Pepsi_Black,6,35115.56,0.0,0.0,0.0,35115.56,0.0
125,Tres Rios,TRE_L2,Pepsi_Black,7,15550.04,0.0,0.0,0.0,15550.04,0.0
125,Tres Rios,TRE_L2,Pepsi_Black,8,37994.509999999995,0.0,0.0,0.0,37994.509999999995,0.0
125,Tres Rios,TRE_L2,Pepsi_Black,9,38304.0,0.0,0.0,0.0,38304.0,0.0
125,Tres Rios,TRE_L2,Pepsi_Black,10,36912.0,0.0,0.0,0.0,36912.0,0.0
125,Tres Rios,TRE_L2,Pepsi_Black,11,38352.0,0.0,0.0,0.0,38352.0,0.0
125,Tres Rios,TRE_L2,Pepsi_Black,12,37488.0,0.0,0.0,0.0,37488.0,0.0
125,Tres Rios,TRE_L2,Pepsi_Black,13,43463.99999999999,0.0,0.0,0.0,43463.99999999999,0.0
125,Tres Rios,TRE_L2,Pepsi_Black,14,21611.52,0.0,0.0,0.0,21611.52,0.0
125,Tres Rios,TRE_L2,Pepsi_Black,15,37536.0,0.0,0.0,0.0,37535.99999999999,0.0
125,Tres Rios,TRE_L2,Del_Valle_Laranja,1,0.0,0.0,0.0,0.0,0.0,0.0
125,Tres Rios,TRE_L2,Del_Valle_Laranja,2,0.0,0.0,0.0,0.0,0.0,0.0
125,Tres Rios,TRE_L2,Del_Valle_Laranja,3,0.0,0.0,0.0,0.0,0.0,0.0
125,Tres Rios,TRE_L2,Del_Valle_Laranja,4,0.0,0.0,0.0,0.0,0.0,0.0
125,Tres Rios,TRE_L2,Del_Valle_Laranja,5,0.0,0.0,0.0,0.0,0.0,0.0
125,Tres Rios,TRE_L2,Del_Valle_Laranja,6,3.4900000000032874,0.0,52426.29,0.0,0.0,52422.799999999996
125,Tres Rios,TRE_L2,Del_Valle_Laranja,7,10304.140000000001,0.0,3471.8,0.0,6832.340000000001,0.0
125,Tres Rios,TRE_L2,Del_Valle_Laranja,8,0.0,0.0,0.0,0.0,0.0,0.0
125,Tres Rios,TRE_L2,Del_Valle_Laranja,9,0.0,0.0,0.0,0.0,0.0,0.0
125,Tres Rios,TRE_L2,Del_Valle_Laranja,10,0.0,0.0,0.0,0.0,0.0,68.0
125,Tres Rios,TRE_L2,Del_Valle_Laranja,11,0.0,0.0,0.0,0.0,0.0,0.0
125,Tres Rios,TRE_L2,Del_Valle_Laranja,12,0.0,0.0,0.0,0.0,0.0,0.0
125,Tres Rios,TRE_L2,Del_Valle_Laranja,13,0.0,0.0,0.0,0.0,0.0,0.0
125,Tres Rios,TRE_L2,Del_Valle_Laranja,14,0.0,0.0,0.0,0.0,0.0,0.0
125,Tres Rios,TRE_L2,Del_Valle_Laranja,15,0.0,0.0,0.0,0.0,0.0,0.0
125,Tres Rios,TRE_L2,Itubaina,1,0.0,0.0,0.0,0.0,0.0,0.0
125,Tres Rios,TRE_L2,Itubaina,2,0.0,0.0,0.0,0.0,0.0,0.0
125,Tres Rios,TRE_L2,Itubaina,3,0.0,0.0,0.0,0.0,0.0,0.0
125,Tres Rios,TRE_L2,Itubaina,4,0.0,0.0,0.0,0.0,0.0,0.0
125,Tres Rios,TRE_L2,Itubaina,5,0.0,0.0,0.0,0.0,0.0,23956.12
125,Tres Rios,TRE_L2,Itubaina,6,0.0,0.0,0.0,0.0,0.0,0.0
125,Tres Rios,TRE_L2,Itubaina,7,0.0,0.0,0.0,0.0,0.0,0.0
125,Tres Rios,TRE_L2,Itubaina,8,0.0,0.0,11051.7,0.0,0.0,11051.7
125,Tres Rios,TRE_L2,Itubaina,9,0.0,0.0,0.0,0.0,0.0,0.0
125,Tres Rios,TRE_L2,Itubaina,10,0.0,0.0,0.0,0.0,0.0,0.0
125,Tres Rios,TRE_L2,Itubaina,11,0.0,0.0,0.0,0.0,0.0,0.0
125,Tres Rios,TRE_L2,Itubaina,12,0.0,0.0,0.0,0.0,0.0,0.0
125,Tres Rios,TRE_L2,Itubaina,13,0.0,0.0,0.0,0.0,0.0,0.0
125,Tres Rios,TRE_L2,Itubaina,14,0.0,0.0,0.0,0.0,0.0,0.0
125,Tres Rios,TRE_L2,Itubaina,15,0.0,0.0,0.0,0.0,0.0,13936.84
125,Tres Rios,TRE_L2,Stella_Artois_Pure_Gold,1,0.0,0.0,0.0,0.0,40008.00000000001,18549.27
125,Tres Rios,TRE_L2,Stella_Artois_Pure_Gold,2,0.0,0.0,0.0,0.0,0.0,0.0
125,Tres Rios,TRE_L2,Stella_Artois_Pure_Gold,3,0.0,0.0,0.0,0.0,37453.14,0.0
125,Tres Rios,TRE_L2,Stella_Artois_Pure_Gold,4,0.0,0.0,0.0,0.0,23676.68,0.0
125,Tres Rios,TRE_L2,Stella_Artois_Pure_Gold,5,0.0,0.0,0.0,0.0,39939.049999999996,0.0
125,Tres Rios,TRE_L2,Stella_Artois_Pure_Gold,6,0.0,0.0,0.0,0.0,14915.18,0.0
125,Tres Rios,TRE_L2,Stella_Artois_Pure_Gold,7,0.0,0.0,0.0,0.0,41904.0,0.0
125,Tres Rios,TRE_L2,Stella_Artois_Pure_Gold,8,0.0,0.0,0.0,0.0,38112.0,0.0
125,Tres Rios,TRE_L2,Stella_Artois_Pure_Gold,9,0.0,0.0,0.0,0.0,0.0,5913.110000000008
125,Tres Rios,TRE_L2,Stella_Artois_Pure_Gold,10,0.0,0.0,0.0,0.0,39216.00000000001,0.0
125,Tres Rios,TRE_L2,Stella_Artois_Pure_Gold,11,0.0,0.0,0.0,0.0,38832.00000000001,23059.1
125,Tres Rios,TRE_L2,Stella_Artois_Pure_Gold,12,0.0,0.0,0.0,0.0,39000.0,0.0
125,Tres Rios,TRE_L2,Stella_Artois_Pure_Gold,13,0.0,0.0,0.0,0.0,38976.0,0.0
125,Tres Rios,TRE_L2,Stella_Artois_Pure_Gold,14,0.0,0.0,0.0,0.0,35787.070000000014,0.0
125,Tres Rios,TRE_L2,Stella_Artois_Pure_Gold,15,0.0,0.0,0.0,0.0,6952.46000000001,0.0
125,Tres Rios,TRE_L2,Maguary_Caju,1,0.0,0.0,0.0,0.0,0.0,0.0
125,Tres Rios,TRE_L2,Maguary_Caju,2,0.0,0.0,0.0,17648.22,0.0,0.0
125,Tres Rios,TRE_L2,Maguary_Caju,3,0.0,0.0,0.0,0.0,0.0,0.0
125,Tres Rios,TRE_L2,Maguary_Caju,4,0.0,0.0,0.0,0.0,0.0,0.0
125,Tres Rios,TRE_L2,Maguary_Caju,5,0.0,0.0,0.0,0.0,0.0,0.0
125,Tres Rios,TRE_L2,Maguary_Caju,6,0.0,0.0,0.0,0.0,0.0,0.0
125,Tres Rios,TRE_L2,Maguary_Caju,7,0.0,0.0,0.0,0.0,0.0,0.0
125,Tres Rios,TRE_L2,Maguary_Caju,8,0.0,0.0,0.0,0.0,0.0,0.0
125,Tres Rios,TRE_L2,Maguary_Caju,9,0.0,0.0,0.0,0.0,0.0,0.0
125,Tres Rios,TRE_L2,Maguary_Caju,10,0.0,0.0,0.0,0.0,0.0,0.0
125,Tres Rios,TRE_L2,Maguary_Caju,11,0.0,0.0,0.0,0.0,0.0,0.0
125,Tres Rios,TRE_L2,Maguary_Caju,12,0.0,0.0,0.0,0.0,0.0,0.0
125,Tres Rios,TRE_L2,Maguary_Caju,13,0.0,0.0,0.0,0.0,0.0,0.0
125,Tres Rios,TRE_L2,Maguary_Caju,14,0.0,0.0,0.0,0.0,0.0,0.0
125,Tres Rios,TRE_L2,Maguary_Caju,15,0.0,0.0,0.0,0.0,0.0,0.0
125,Tres Rios,TRE_L2,Coca_Cola_Zero,1,0.0,0.0,0.0,0.0,0.0,0.0
125,Tres Rios,TRE_L2,Coca_Cola_Zero,2,0.0,0.0,0.0,0.0,0.0,17475.239999999998
125,Tres Rios,TRE_L2,Coca_Cola_Zero,3,0.0,0.0,0.0,0.0,17475.239999999998,41433.53
125,Tres Rios,TRE_L2,Coca_Cola_Zero,4,0.0,0.0,0.0,0.0,0.0,0.0
125,Tres Rios,TRE_L2,Coca_Cola_Zero,5,0.0,0.0,0.0,0.0,0.0,40295.99999999999
125,Tres Rios,TRE_L2,Coca_Cola_Zero,6,0.0,0.0,0.0,0.0,40295.99999999999,0.0
125,Tres Rios,TRE_L2,Coca_Cola_Zero,7,0.0,0.0,0.0,0.0,0.0,0.0
125,Tres Rios,TRE_L2,Coca_Cola_Zero,8,0.0,0.0,0.0,0.0,0.0,25525.93999999996
125,Tres Rios,TRE_L2,Coca_Cola_Zero,9,0.0,0.0,0.0,0.0,0.0,1052.2700000000327
125,Tres Rios,TRE_L2,Coca_Cola_Zero,10,0.0,0.0,0.0,0.0,23231.359999999997,0.0
125,Tres Rios,TRE_L2,Coca_Cola_Zero,11,0.0,0.0,0.0,0.0,0.0,5838.5300000000025
125,Tres Rios,TRE_L2,Coca_Cola_Zero,12,0.0,0.0,0.0,0.0,9185.379999999997,0.0
125,Tres Rios,TRE_L2,Coca_Cola_Zero,13,0.0,0.0,0.0,0.0,0.0,20731.85
125,Tres Rios,TRE_L2,Coca_Cola_Zero,14,0.0,0.0,0.0,0.0,0.0,0.0
125,Tres Rios,TRE_L2,Coca_Cola_Zero,15,0.0,0.0,0.0,0.0,0.0,0.0
125,Tres Rios,TRE_L2,Pepsi,1,0.0,0.0,0.0,0.0,0.0,0.0
125,Tres Rios,TRE_L2,Pepsi,2,0.0,0.0,0.0,0.0,0.0,0.0
125,Tres Rios,TRE_L2,Pepsi,3,0.0,0.0,0.0,0.0,0.0,0.0
125,Tres Rios,TRE_L2,Pepsi,4,0.0,0.0,0.0,0.0,0.0,0.0
125,Tres Rios,TRE_L2,Pepsi,5,0.0,0.0,29864.45,0.0,0.0,29864.45
125,Tres Rios,TRE_L2,Pepsi,6,0.0,0.0,0.0,0.0,0.0,0.0
125,Tres Rios,TRE_L2,Pepsi,7,0.0,0.0,0.0,0.0,0.0,0.0
125,Tres Rios,TRE_L2,Pepsi,8,0.0,0.0,0.0,0.0,0.0,0.0
125,Tres Rios,TRE_L2,Pepsi,9,0.0,0.0,0.0,0.0,0.0,0.0
125,Tres Rios,TRE_L2,Pepsi,10,0.0,0.0,0.0,0.0,0.0,0.0
125,Tres Rios,TRE_L2,Pepsi,11,0.0,0.0,0.0,0.0,0.0,0.0
125,Tres Rios,TRE_L2,Pepsi,12,0.0,0.0,0.0,0.0,0.0,0.0
125,Tres Rios,TRE_L2,Pepsi,13,0.0,0.0,0.0,0.0,0.0,0.0
125,Tres Rios,TRE_L2,Pepsi,14,0.0,0.0,0.0,0.0,0.0,24155.02
125,Tres Rios,TRE_L2,Pepsi,15,0.0,0.0,0.0,0.0,0.0,0.0
125,Tres Rios,TRE_L2,Antarctica_Lata,1,0.0,0.0,0.0,0.0,0.0,0.0
125,Tres Rios,TRE_L2,Antarctica_Lata,2,0.0,0.0,0.0,0.0,0.0,0.0
125,Tres Rios,TRE_L2,Antarctica_Lata,3,0.0,0.0,0.0,0.0,0.0,0.0
125,Tres Rios,TRE_L2,Antarctica_Lata,4,0.0,0.0,0.0,0.0,0.0,0.0
125,Tres Rios,TRE_L2,Antarctica_Lata,5,0.0,0.0,0.0,0.0,0.0,0.0
125,Tres Rios,TRE_L2,Antarctica_Lata,6,0.0,0.0,0.0,0.0,0.0,39011.24
125,Tres Rios,TRE_L2,Antarctica_Lata,7,0.0,0.0,0.0,0.0,0.0,0.0
125,Tres Rios,TRE_L2,Antarctica_Lata,8,0.0,0.0,0.0,0.0,0.0,0.0
125,Tres Rios,TRE_L2,Antarctica_Lata,9,0.0,0.0,0.0,0.0,0.0,0.0
125,Tres Rios,TRE_L2,Antarctica_Lata,10,0.0,0.0,0.0,0.0,0.0,0.0
125,Tres Rios,TRE_L2,Antarctica_Lata,11,0.0,0.0,0.0,0.0,0.0,0.0
125,Tres Rios,TRE_L2,Antarctica_Lata,12,0.0,0.0,0.0,0.0,0.0,17944.46
125,Tres Rios,TRE_L2,Antarctica_Lata,13,0.0,0.0,0.0,0.0,0.0,0.0
125,Tres Rios,TRE_L2,Antarctica_Lata,14,0.0,0.0,0.0,0.0,0.0,0.0
125,Tres Rios,TRE_L2,Antarctica_Lata,15,0.0,0.0,34550.33,0.0,0.0,34550.33
125,Tres Rios,TRE_L2,Spaten_Lata,1,0.0,0.0,0.0,0.0,0.0,0.0
125,Tres Rios,TRE_L2,Spaten_Lata,2,0.0,0.0,0.0,0.0,0.0,0.0
125,Tres Rios,TRE_L2,Spaten_Lata,3,0.0,0.0,0.0,0.0,0.0,0.0
125,Tres Rios,TRE_L2,Spaten_Lata,4,0.0,0.0,0.0,0.0,0.0,0.0
125,Tres Rios,TRE_L2,Spaten_Lata,5,0.0,0.0,0.0,0.0,0.0,0.0
125,Tres Rios,TRE_L2,Spaten_Lata,6,0.0,0.0,0.0,0.0,0.0,0.0
125,Tres Rios,TRE_L2,Spaten_Lata,7,0.0,0.0,0.0,0.0,0.0,16747.04
125,Tres Rios,TRE_L2,Spaten_Lata,8,0.0,0.0,0.0,0.0,0.0,0.0
125,Tres Rios,TRE_L2,Spaten_Lata,9,0.0,0.0,0.0,0.0,0.0,19826.78
125,Tres Rios,TRE_L2,Spaten_Lata,10,0.0,0.0,15635.59,0.0,0.0,26253.9
125,Tres Rios,TRE_L2,Spaten_Lata,11,0.0,0.0,0.0,0.0,0.0,40314.740000000005
125,Tres Rios,TRE_L2,Spaten_Lata,12,0.0,0.0,0.0,0.0,0.0,15730.95
125,Tres Rios,TRE_L2,Spaten_Lata,13,0.0,0.0,0.0,0.0,0.0,0.0
125,Tres Rios,TRE_L2,Spaten_Lata,14,0.0,0.0,0.0,0.0,0.0,598.6199999999972
125,Tres Rios,TRE_L2,Spaten_Lata,15,0.0,0.0,0.0,0.0,598.6199999999972,9230.81
125,Tres Rios,TRE_L2,Heineken_Lata,1,0.0,0.0,0.0,0.0,0.0,0.0
125,Tres Rios,TRE_L2,Heineken_Lata,2,0.0,0.0,0.0,0.0,0.0,0.0
125,Tres Rios,TRE_L2,Heineken_Lata,3,0.0,0.0,0.0,0.0,0.0,0.0
125,Tres Rios,TRE_L2,Heineken_Lata,4,0.0,0.0,0.0,0.0,0.0,0.0
125,Tres Rios,TRE_L2,Heineken_Lata,5,0.0,0.0,0.0,0.0,0.0,0.0
125,Tres Rios,TRE_L2,Heineken_Lata,6,0.0,0.0,0.0,0.0,0.0,0.0
125,Tres Rios,TRE_L2,Heineken_Lata,7,0.0,0.0,0.0,0.0,0.0,0.0
125,Tres Rios,TRE_L2,Heineken_Lata,8,0.0,0.0,0.0,0.0,0.0,0.0
125,Tres Rios,TRE_L2,Heineken_Lata,9,0.0,0.0,0.0,0.0,0.0,0.0
125,Tres Rios,TRE_L2,Heineken_Lata,10,0.0,0.0,0.0,0.0,0.0,0.0
125,Tres Rios,TRE_L2,Heineken_Lata,11,0.0,0.0,17442.84,0.0,0.0,17442.84
125,Tres Rios,TRE_L2,Heineken_Lata,12,0.0,0.0,0.0,0.0,0.0,0.0
125,Tres Rios,TRE_L2,Heineken_Lata,13,0.0,0.0,0.0,0.0,0.0,0.0
125,Tres Rios,TRE_L2,Heineken_Lata,14,0.0,0.0,0.0,0.0,0.0,0.0
125,Tres Rios,TRE_L2,Heineken_Lata,15,0.0,0.0,0.0,0.0,0.0,0.0
125,Tres Rios,TRE_L2,Sukita_Laranja,1,0.0,0.0,0.0,0.0,0.0,0.0
125,Tres Rios,TRE_L2,Sukita_Laranja,2,0.0,0.0,0.0,0.0,0.0,0.0
125,Tres Rios,TRE_L2,Sukita_Laranja,3,0.0,0.0,0.0,0.0,0.0,0.0
125,Tres Rios,TRE_L2,Sukita_Laranja,4,0.0,0.0,0.0,0.0,0.0,0.0
125,Tres Rios,TRE_L2,Sukita_Laranja,5,0.0,0.0,0.0,0.0,0.0,0.0
125,Tres Rios,TRE_L2,Sukita_Laranja,6,0.0,0.0,0.0,0.0,0.0,0.0
125,Tres Rios,TRE_L2,Sukita_Laranja,7,0.0,0.0,0.0,0.0,0.0,25776.0
125,Tres Rios,TRE_L2,Sukita_Laranja,8,0.0,0.0,0.0,0.0,0.0,0.0
125,Tres Rios,TRE_L2,Sukita_Laranja,9,0.0,0.0,38136.0,7284.040000000001,0.0,38136.0
125,Tres Rios,TRE_L2,Sukita_Laranja,10,0.0,0.0,0.0,0.0,0.0,37742.36
125,Tres Rios,TRE_L2,Sukita_Laranja,11,0.0,0.0,0.0,0.0,0.0,0.0
125,Tres Rios,TRE_L2,Sukita_Laranja,12,0.0,0.0,0.0,0.0,0.0,0.0
125,Tres Rios,TRE_L2,Sukita_Laranja,13,0.0,0.0,0.0,0.0,0.0,0.0
125,Tres Rios,TRE_L2,Sukita_Laranja,14,0.0,0.0,0.0,0.0,0.0,0.0
125,Tres Rios,TRE_L2,Sukita_Laranja,15,0.0,0.0,0.0,0.0,0.0,0.0
125,Tres Rios,TRE_L2,H2OH_Limao,1,0.0,0.0,0.0,0.0,0.0,0.0
125,Tres Rios,TRE_L2,H2OH_Limao,2,0.0,0.0,0.0,0.0,0.0,0.0
125,Tres Rios,TRE_L2,H2OH_Limao,3,0.0,0.0,12879.33,0.0,0.0,40766.33
125,Tres Rios,TRE_L2,H2OH_Limao,4,0.0,0.0,0.0,0.0,0.0,0.0
125,Tres Rios,TRE_L2,H2OH_Limao,5,0.0,0.0,0.0,0.0,0.0,0.0
125,Tres Rios,TRE_L2,H2OH_Limao,6,0.0,0.0,0.0,0.0,0.0,0.0
125,Tres Rios,TRE_L2,H2OH_Limao,7,0.0,0.0,0.0,0.0,0.0,0.0
125,Tres Rios,TRE_L2,H2OH_Limao,8,0.0,0.0,0.0,0.0,0.0,0.0
125,Tres Rios,TRE_L2,H2OH_Limao,9,0.0,0.0,0.0,0.0,0.0,0.0
125,Tres Rios,TRE_L2,H2OH_Limao,10,0.0,0.0,0.0,0.0,0.0,0.0
125,Tres Rios,TRE_L2,H2OH_Limao,11,0.0,0.0,0.0,0.0,0.0,8833.98
125,Tres Rios,TRE_L2,H2OH_Limao,12,0.0,0.0,0.0,0.0,0.0,0.0
125,Tres Rios,TRE_L2,H2OH_Limao,13,0.0,0.0,0.0,0.0,0.0,0.0
125,Tres Rios,TRE_L2,H2OH_Limao,14,0.0,0.0,0.0,0.0,0.0,0.0
125,Tres Rios,TRE_L2,H2OH_Limao,15,0.0,0.0,12685.8,0.0,0.0,12685.8
125,Tres Rios,TRE_L2,Budweiser_Lata,1,0.0,0.0,0.0,0.0,0.0,0.0
125,Tres Rios,TRE_L2,Budweiser_Lata,2,0.0,0.0,0.0,0.0,0.0,0.0
125,Tres Rios,TRE_L2,Budweiser_Lata,3,0.0,0.0,0.0,0.0,0.0,0.0
125,Tres Rios,TRE_L2,Budweiser_Lata,4,0.0,0.0,0.0,0.0,0.0,0.0
125,Tres Rios,TRE_L2,Budweiser_Lata,5,0.0,0.0,0.0,0.0,0.0,0.0
125,Tres Rios,TRE_L2,Budweiser_Lata,6,0.0,0.0,0.0,0.0,0.0,0.0
125,Tres Rios,TRE_L2,Budweiser_Lata,7,0.0,0.0,0.0,0.0,0.0,2502.73
125,Tres Rios,TRE_L2,Budweiser_Lata,8,0.0,0.0,0.0,0.0,0.0,0.0
125,Tres Rios,TRE_L2,Budweiser_Lata,9,0.0,0.0,0.0,0.0,0.0,0.0
125,Tres Rios,TRE_L2,Budweiser_Lata,10,0.0,0.0,0.0,0.0,0.0,0.0
125,Tres Rios,TRE_L2,Budweiser_Lata,11,0.0,0.0,0.0,0.0,0.0,15920.23
125,Tres Rios,TRE_L2,Budweiser_Lata,12,0.0,0.0,0.0,0.0,0.0,0.0
125,Tres Rios,TRE_L2,Budweiser_Lata,13,0.0,0.0,22072.95,0.0,0.0,70397.22999999998
125,Tres Rios,TRE_L2,Budweiser_Lata,14,0.0,0.0,0.0,0.0,0.0,0.0
125,Tres Rios,TRE_L2,Budweiser_Lata,15,0.0,0.0,0.0,0.0,0.0,0.0
125,Tres Rios,TRE_L2,Kuat,1,0.0,0.0,0.0,0.0,0.0,21323.36
125,Tres Rios,TRE_L2,Kuat,2,1493.7800000000025,0.0,0.0,0.0,1493.7800000000025,0.0
125,Tres Rios,TRE_L2,Kuat,3,0.0,2186.820000000007,0.0,0.0,0.0,2186.820000000007
125,Tres Rios,TRE_L2,Kuat,4,0.0,0.0,50335.19,0.0,0.0,48148.369999999995
125,Tres Rios,TRE_L2,Kuat,5,0.0,0.0,0.0,0.0,0.0,0.0
125,Tres Rios,TRE_L2,Kuat,6,0.0,0.0,0.0,0.0,0.0,0.0
125,Tres Rios,TRE_L2,Kuat,7,0.0,0.0,0.0,0.0,0.0,0.0
125,Tres Rios,TRE_L2,Kuat,8,0.0,0.0,0.0,0.0,0.0,0.0
125,Tres Rios,TRE_L2,Kuat,9,0.0,1130.329999999998,0.0,0.0,0.0,1130.329999999998
125,Tres Rios,TRE_L2,Kuat,10,0.0,0.0,18705.05,0.0,0.0,17574.72
125,Tres Rios,TRE_L2,Kuat,11,0.0,12912.699999999997,0.0,0.0,0.0,12912.699999999997
125,Tres Rios,TRE_L2,Kuat,12,0.0,0.0,0.0,0.0,12912.699999999997,0.0
125,Tres Rios,TRE_L2,Kuat,13,0.0,0.0,0.0,0.0,0.0,0.0
125,Tres Rios,TRE_L2,Kuat,14,0.0,16619.8,17460.2,0.0,0.0,34080.0
125,Tres Rios,TRE_L2,Kuat,15,0.0,0.0,0.0,0.0,16619.8,25995.26
125,Tres Rios,TRE_L2,Fanta_Uva,1,0.0,0.0,0.0,0.0,34098.56,0.0
125,Tres Rios,TRE_L2,Fanta_Uva,2,0.0,0.0,0.0,0.0,1309.7300000000796,0.0
125,Tres Rios,TRE_L2,Fanta_Uva,3,0.0,0.0,0.0,0.0,30674.00999999995,0.0
125,Tres Rios,TRE_L2,Fanta_Uva,4,0.0,0.0,0.0,0.0,3292.349999999999,0.0
125,Tres Rios,TRE_L2,Fanta_Uva,5,0.0,0.0,0.0,0.0,20099.290000000008,0.0
125,Tres Rios,TRE_L2,Fanta_Uva,6,0.0,0.0,0.0,0.0,42048.0,0.0
125,Tres Rios,TRE_L2,Fanta_Uva,7,0.0,0.0,46305.18,0.0,0.0,46305.18
125,Tres Rios,TRE_L2,Fanta_Uva,8,0.0,0.0,0.0,0.0,23834.58,0.0
125,Tres Rios,TRE_L2,Fanta_Uva,9,0.0,0.0,0.0,0.0,35688.0,0.0
125,Tres Rios,TRE_L2,Fanta_Uva,10,0.0,0.0,0.0,0.0,36840.0,0.0
125,Tres Rios,TRE_L2,Fanta_Uva,11,0.0,0.0,0.0,0.0,3159.7500000000123,0.0
125,Tres Rios,TRE_L2,Fanta_Uva,12,0.0,0.0,40386.01,0.0,37824.00000000001,40386.01
125,Tres Rios,TRE_L2,Fanta_Uva,13,0.0,0.0,0.0,0.0,0.0,0.0
125,Tres Rios,TRE_L2,Fanta_Uva,14,0.0,0.0,0.0,0.0,35927.99999999999,0.0
125,Tres Rios,TRE_L2,Fanta_Uva,15,0.0,0.0,0.0,0.0,14441.939999999999,0.0
125,Tres Rios,TRE_L2,Sprite,1,0.0,0.0,0.0,23133.86,0.0,0.0
125,Tres Rios,TRE_L2,Sprite,2,0.0,0.0,0.0,0.0,0.0,31886.49
125,Tres Rios,TRE_L2,Sprite,3,0.0,0.0,0.0,0.0,0.0,0.0
125,Tres Rios,TRE_L2,Sprite,4,0.0,0.0,0.0,0.0,0.0,0.0
125,Tres Rios,TRE_L2,Sprite,5,0.0,0.0,0.0,0.0,0.0,0.0
125,Tres Rios,TRE_L2,Sprite,6,0.0,0.0,0.0,0.0,0.0,0.0
125,Tres Rios,TRE_L2,Sprite,7,0.0,0.0,0.0,0.0,0.0,0.0
125,Tres Rios,TRE_L2,Sprite,8,0.0,0.0,0.0,0.0,0.0,59052.93
125,Tres Rios,TRE_L2,Sprite,9,0.0,0.0,0.0,0.0,0.0,0.0
125,Tres Rios,TRE_L2,Sprite,10,0.0,0.0,0.0,0.0,0.0,0.0
125,Tres Rios,TRE_L2,Sprite,11,0.0,0.0,0.0,0.0,0.0,0.0
125,Tres Rios,TRE_L2,Sprite,12,0.0,0.0,0.0,0.0,0.0,0.0
125,Tres Rios,TRE_L2,Sprite,13,0.0,0.0,0.0,0.0,0.0,10350.16
125,Tres Rios,TRE_L2,Sprite,14,0.0,0.0,0.0,0.0,0.0,0.0
125,Tres Rios,TRE_L2,Sprite,15,0.0,0.0,0.0,0.0,0.0,0.0
125,Tres Rios,TRE_L2,Skol_Lata,1,0.0,0.0,0.0,0.0,0.0,38387.49000000001
125,Tres Rios,TRE_L2,Skol_Lata,2,0.0,0.0,0.0,0.0,0.0,0.0
125,Tres Rios,TRE_L2,Skol_Lata,3,0.0,0.0,0.0,0.0,0.0,0.0
125,Tres Rios,TRE_L2,Skol_Lata,4,0.0,0.0,0.0,0.0,0.0,0.0
125,Tres Rios,TRE_L2,Skol_Lata,5,0.0,0.0,0.0,0.0,0.0,0.0
125,Tres Rios,TRE_L2,Skol_Lata,6,0.0,0.0,0.0,0.0,0.0,0.0
125,Tres Rios,TRE_L2,Skol_Lata,7,0.0,0.0,0.0,0.0,0.0,0.0
125,Tres Rios,TRE_L2,Skol_Lata,8,0.0,0.0,0.0,0.0,0.0,0.0
125,Tres Rios,TRE_L2,Skol_Lata,9,0.0,0.0,0.0,0.0,0.0,0.0
125,Tres Rios,TRE_L2,Skol_Lata,10,0.0,0.0,0.0,0.0,0.0,0.0
125,Tres Rios,TRE_L2,Skol_Lata,11,0.0,0.0,31902.7,0.0,0.0,31902.7
125,Tres Rios,TRE_L2,Skol_Lata,12,0.0,0.0,0.0,0.0,0.0,0.0
125,Tres Rios,TRE_L2,Skol_Lata,13,0.0,0.0,0.0,0.0,0.0,0.0
125,Tres Rios,TRE_L2,Skol_Lata,14,0.0,0.0,0.0,0.0,0.0,38103.079999999994
125,Tres Rios,TRE_L2,Skol_Lata,15,0.0,0.0,0.0,0.0,0.0,0.0
125,Tres Rios,TRE_L2,Guarana_Antarctica,1,0.0,0.0,0.0,0.0,0.0,0.0
125,Tres Rios,TRE_L2,Guarana_Antarctica,2,0.0,0.0,17282.25,0.0,0.0,17282.25
125,Tres Rios,TRE_L2,Guarana_Antarctica,3,0.0,0.0,0.0,0.0,0.0,0.0
125,Tres Rios,TRE_L2,Guarana_Antarctica,4,0.0,0.0,0.0,0.0,0.0,0.0
125,Tres Rios,TRE_L2,Guarana_Antarctica,5,0.0,0.0,0.0,0.0,0.0,0.0
125,Tres Rios,TRE_L2,Guarana_Antarctica,6,0.0,0.0,0.0,0.0,0.0,0.0
125,Tres Rios,TRE_L2,Guarana_Antarctica,7,0.0,0.0,0.0,0.0,0.0,0.0
125,Tres Rios,TRE_L2,Guarana_Antarctica,8,0.0,0.0,0.0,0.0,0.0,0.0
125,Tres Rios,TRE_L2,Guarana_Antarctica,9,0.0,0.0,0.0,0.0,0.0,0.0
125,Tres Rios,TRE_L2,Guarana_Antarctica,10,0.0,0.0,0.0,0.0,0.0,0.0
125,Tres Rios,TRE_L2,Guarana_Antarctica,11,0.0,0.0,0.0,0.0,0.0,0.0
125,Tres Rios,TRE_L2,Guarana_Antarctica,12,0.0,0.0,0.0,0.0,0.0,0.0
125,Tres Rios,TRE_L2,Guarana_Antarctica,13,0.0,0.0,0.0,0.0,0.0,0.0
125,Tres Rios,TRE_L2,Guarana_Antarctica,14,0.0,0.0,0.0,0.0,0.0,0.0
125,Tres Rios,TRE_L2,Guarana_Antarctica,15,0.0,0.0,0.0,0.0,0.0,0.0
125,Tres Rios,TRE_L2,Guarana_Antarctica_Zero,1,0.0,0.0,28457.11,0.0,3773.440000000005,28457.11
125,Tres Rios,TRE_L2,Guarana_Antarctica_Zero,2,0.0,0.0,17623.42,0.0,20314.77999999992,17623.42
125,Tres Rios,TRE_L2,Guarana_Antarctica_Zero,3,0.0,0.0,16450.97,0.0,3429.990000000049,16450.97
125,Tres Rios,TRE_L2,Guarana_Antarctica_Zero,4,0.0,0.0,0.0,0.0,40531.65,0.0
125,Tres Rios,TRE_L2,Guarana_Antarctica_Zero,5,0.0,0.0,0.0,0.0,16401.659999999993,0.0
125,Tres Rios,TRE_L2,Guarana_Antarctica_Zero,6,0.0,0.0,0.0,0.0,0.0,0.0
125,Tres Rios,TRE_L2,Guarana_Antarctica_Zero,7,0.0,0.0,0.0,0.0,34680.0,54219.67
125,Tres Rios,TRE_L2,Guarana_Antarctica_Zero,8,0.0,0.0,0.0,0.0,0.0,0.0
125,Tres Rios,TRE_L2,Guarana_Antarctica_Zero,9,0.0,0.0,0.0,0.0,0.0,0.0
125,Tres Rios,TRE_L2,Guarana_Antarctica_Zero,10,0.0,0.0,0.0,0.0,0.0,0.0
125,Tres Rios,TRE_L2,Guarana_Antarctica_Zero,11,0.0,0.0,0.0,0.0,34880.249999999985,0.0
125,Tres Rios,TRE_L2,Guarana_Antarctica_Zero,12,0.0,0.0,0.0,0.0,0.0,0.0
125,Tres Rios,TRE_L2,Guarana_Antarctica_Zero,13,0.0,0.0,0.0,34547.11,38952.0,0.0
125,Tres Rios,TRE_L2,Guarana_Antarctica_Zero,14,0.0,0.0,0.0,0.0,0.0,12680.41
125,Tres Rios,TRE_L2,Guarana_Antarctica_Zero,15,0.0,0.0,0.0,0.0,0.0,0.0
125,Tres Rios,TRE_L2,Del_Valle_Uva,1,0.0,0.0,0.0,0.0,0.0,0.0
125,Tres Rios,TRE_L2,Del_Valle_Uva,2,0.0,0.0,0.0,0.0,0.0,0.0
125,Tres Rios,TRE_L2,Del_Valle_Uva,3,0.0,0.0,0.0,0.0,1138.8599999999985,0.0
125,Tres Rios,TRE_L2,Del_Valle_Uva,4,0.0,0.0,0.0,0.0,0.0,0.0
125,Tres Rios,TRE_L2,Del_Valle_Uva,5,0.0,0.0,0.0,15746.02,0.0,0.0
125,Tres Rios,TRE_L2,Del_Valle_Uva,6,0.0,0.0,0.0,0.0,0.0,0.0
125,Tres Rios,TRE_L2,Del_Valle_Uva,7,0.0,0.0,0.0,0.0,0.0,0.0
125,Tres Rios,TRE_L2,Del_Valle_Uva,8,0.0,0.0,0.0,0.0,0.0,0.0
125,Tres Rios,TRE_L2,Del_Valle_Uva,9,0.0,0.0,0.0,0.0,0.0,0.0
125,Tres Rios,TRE_L2,Del_Valle_Uva,10,0.0,0.0,0.0,0.0,0.0,0.0
125,Tres Rios,TRE_L2,Del_Valle_Uva,11,0.0,0.0,0.0,0.0,0.0,0.0
125,Tres Rios,TRE_L2,Del_Valle_Uva,12,0.0,0.0,0.0,0.0,0.0,17614.33
125,Tres Rios,TRE_L2,Del_Valle_Uva,13,0.0,0.0,0.0,0.0,0.0,0.0
125,Tres Rios,TRE_L2,Del_Valle_Uva,14,0.0,0.0,0.0,0.0,0.0,0.0
125,Tres Rios,TRE_L2,Del_Valle_Uva,15,0.0,0.0,0.0,0.0,0.0,0.0
125,Tres Rios,TRE_L2,Brahma_Lata,1,0.0,0.0,0.0,0.0,0.0,0.0
125,Tres Rios,TRE_L2,Brahma_Lata,2,0.0,0.0,0.0,0.0,2588.1699999999996,0.0
125,Tres Rios,TRE_L2,Brahma_Lata,3,0.0,0.0,0.0,0.0,0.0,0.0
125,Tres Rios,TRE_L2,Brahma_Lata,4,0.0,0.0,0.0,0.0,14195.320000000002,0.0
125,Tres Rios,TRE_L2,Brahma_Lata,5,0.0,0.0,0.0,0.0,0.0,16953.120000000006
125,Tres Rios,TRE_L2,Brahma_Lata,6,0.0,0.0,0.0,0.0,28164.819999999996,0.0
125,Tres Rios,TRE_L2,Brahma_Lata,7,0.0,0.0,0.0,0.0,0.0,0.0
125,Tres Rios,TRE_L2,Brahma_Lata,8,0.0,0.0,0.0,0.0,0.0,0.0
125,Tres Rios,TRE_L2,Brahma_Lata,9,0.0,0.0,0.0,0.0,0.0,0.0
125,Tres Rios,TRE_L2,Brahma_Lata,10,0.0,0.0,0.0,0.0,0.0,26744.82
125,Tres Rios,TRE_L2,Brahma_Lata,11,0.0,0.0,0.0,0.0,0.0,0.0
125,Tres Rios,TRE_L2,Brahma_Lata,12,0.0,0.0,0.0,0.0,0.0,0.0
125,Tres Rios,TRE_L2,Brahma_Lata,13,0.0,0.0,0.0,0.0,0.0,0.0
125,Tres Rios,TRE_L2,Brahma_Lata,14,0.0,0.0,0.0,0.0,68.9299999999881,0.0
125,Tres Rios,TRE_L2,Brahma_Lata,15,0.0,0.0,0.0,0.0,9650.019999999986,0.0
125,Tres Rios,TRE_L2,Itaipava_Lata,1,0.0,0.0,0.0,0.0,0.0,0.0
125,Tres Rios,TRE_L2,Itaipava_Lata,2,0.0,0.0,0.0,0.0,0.0,0.0
125,Tres Rios,TRE_L2,Itaipava_Lata,3,0.0,0.0,0.0,0.0,0.0,0.0
125,Tres Rios,TRE_L2,Itaipava_Lata,4,0.0,0.0,0.0,0.0,0.0,0.0
125,Tres Rios,TRE_L2,Itaipava_Lata,5,0.0,0.0,0.0,0.0,0.0,0.0
125,Tres Rios,TRE_L2,Itaipava_Lata,6,0.0,0.0,0.0,0.0,0.0,0.0
125,Tres Rios,TRE_L2,Itaipava_Lata,7,0.0,0.0,0.0,0.0,0.0,0.0
125,Tres Rios,TRE_L2,Itaipava_Lata,8,0.0,0.0,43120.66,0.0,0.0,43120.66
125,Tres Rios,TRE_L2,Itaipava_Lata,9,0.0,0.0,0.0,0.0,0.0,0.0
125,Tres Rios,TRE_L2,Itaipava_Lata,10,0.0,0.0,0.0,0.0,0.0,0.0
125,Tres Rios,TRE_L2,Itaipava_Lata,11,0.0,0.0,0.0,0.0,0.0,0.0
125,Tres Rios,TRE_L2,Itaipava_Lata,12,0.0,0.0,0.0,0.0,0.0,0.0
125,Tres Rios,TRE_L2,Itaipava_Lata,13,0.0,0.0,0.0,0.0,0.0,0.0
125,Tres Rios,TRE_L2,Itaipava_Lata,14,0.0,0.0,0.0,0.0,0.0,0.0
125,Tres Rios,TRE_L2,Itaipava_Lata,15,0.0,0.0,0.0,0.0,0.0,0.0
125,Tres Rios,TRE_L3,Maguary_Maracuja,1,0.0,0.0,0.0,0.0,0.0,0.0
125,Tres Rios,TRE_L3,Maguary_Maracuja,2,0.0,0.0,0.0,0.0,0.0,9533.68
125,Tres Rios,TRE_L3,Maguary_Maracuja,3,0.0,0.0,0.0,0.0,0.0,0.0
125,Tres Rios,TRE_L3,Maguary_Maracuja,4,0.0,0.0,0.0,0.0,0.0,17556.35
125,Tres Rios,TRE_L3,Maguary_Maracuja,5,0.0,0.0,0.0,0.0,0.0,0.0
125,Tres Rios,TRE_L3,Maguary_Maracuja,6,0.0,0.0,0.0,0.0,0.0,0.0
125,Tres Rios,TRE_L3,Maguary_Maracuja,7,0.0,0.0,0.0,0.0,0.0,0.0
125,Tres Rios,TRE_L3,Maguary_Maracuja,8,0.0,0.0,0.0,0.0,0.0,0.0
125,Tres Rios,TRE_L3,Maguary_Maracuja,9,0.0,0.0,0.0,0.0,0.0,0.0
125,Tres Rios,TRE_L3,Maguary_Maracuja,10,0.0,0.0,7457.15,0.0,0.0,7457.15
125,Tres Rios,TRE_L3,Maguary_Maracuja,11,0.0,0.0,0.0,0.0,0.0,0.0
125,Tres Rios,TRE_L3,Maguary_Maracuja,12,0.0,0.0,0.0,0.0,0.0,0.0
125,Tres Rios,TRE_L3,Maguary_Maracuja,13,0.0,0.0,0.0,0.0,0.0,0.0
125,Tres Rios,TRE_L3,Maguary_Maracuja,14,0.0,0.0,9826.0,0.0,0.0,9826.0
125,Tres Rios,TRE_L3,Maguary_Maracuja,15,0.0,0.0,0.0,0.0,0.0,0.0
125,Tres Rios,TRE_L3,Fanta_Laranja,1,0.0,0.0,0.0,0.0,0.0,0.0
125,Tres Rios,TRE_L3,Fanta_Laranja,2,0.0,0.0,0.0,0.0,30186.679999999993,0.0
125,Tres Rios,TRE_L3,Fanta_Laranja,3,0.0,0.0,0.0,0.0,13593.240000000002,0.0
125,Tres Rios,TRE_L3,Fanta_Laranja,4,0.0,0.0,0.0,0.0,0.0,0.0
125,Tres Rios,TRE_L3,Fanta_Laranja,5,0.0,0.0,0.0,0.0,0.0,0.0
125,Tres Rios,TRE_L3,Fanta_Laranja,6,0.0,0.0,0.0,0.0,4648.949999999997,0.0
125,Tres Rios,TRE_L3,Fanta_Laranja,7,0.0,0.0,0.0,0.0,12929.819999999998,0.0
125,Tres Rios,TRE_L3,Fanta_Laranja,8,0.0,0.0,0.0,0.0,4749.490000000002,0.0
125,Tres Rios,TRE_L3,Fanta_Laranja,9,0.0,0.0,0.0,0.0,0.0,0.0
125,Tres Rios,TRE_L3,Fanta_Laranja,10,0.0,0.0,0.0,0.0,0.0,0.0
125,Tres Rios,TRE_L3,Fanta_Laranja,11,0.0,0.0,0.0,0.0,0.0,0.0
125,Tres Rios,TRE_L3,Fanta_Laranja,12,0.0,0.0,0.0,0.0,0.0,0.0
125,Tres Rios,TRE_L3,Fanta_Laranja,13,0.0,0.0,0.0,0.0,0.0,0.0
125,Tres Rios,TRE_L3,Fanta_Laranja,14,0.0,0.0,0.0,0.0,0.0,10771.68
125,Tres Rios,TRE_L3,Fanta_Laranja,15,0.0,0.0,0.0,0.0,0.0,0.0
125,Tres Rios,TRE_L3,Schweppes_Citrus,1,0.0,0.0,0.0,0.0,0.0,0.0
125,Tres Rios,TRE_L3,Schweppes_Citrus,2,0.0,0.0,0.0,0.0,0.0,0.0
125,Tres Rios,TRE_L3,Schweppes_Citrus,3,0.0,0.0,0.0,0.0,0.0,0.0
125,Tres Rios,TRE_L3,Schweppes_Citrus,4,0.0,0.0,0.0,0.0,0.0,6638.71
125,Tres Rios,TRE_L3,Schweppes_Citrus,5,0.0,0.0,0.0,0.0,0.0,0.0
125,Tres Rios,TRE_L3,Schweppes_Citrus,6,0.0,0.0,0.0,0.0,0.0,0.0
125,Tres Rios,TRE_L3,Schweppes_Citrus,7,0.0,0.0,0.0,0.0,0.0,0.0
125,Tres Rios,TRE_L3,Schweppes_Citrus,8,0.0,0.0,0.0,0.0,0.0,0.0
125,Tres Rios,TRE_L3,Schweppes_Citrus,9,0.0,0.0,25959.53,0.0,0.0,25959.53
125,Tres Rios,TRE_L3,Schweppes_Citrus,10,0.0,0.0,0.0,0.0,0.0,0.0
125,Tres Rios,TRE_L3,Schweppes_Citrus,11,0.0,0.0,0.0,0.0,0.0,0.0
125,Tres Rios,TRE_L3,Schweppes_Citrus,12,0.0,0.0,0.0,0.0,0.0,0.0
125,Tres Rios,TRE_L3,Schweppes_Citrus,13,0.0,0.0,0.0,0.0,0.0,0.0
125,Tres Rios,TRE_L3,Schweppes_Citrus,14,0.0,0.0,0.0,0.0,0.0,0.0
125,Tres Rios,TRE_L3,Schweppes_Citrus,15,0.0,0.0,0.0,0.0,0.0,0.0
125,Tres Rios,TRE_L3,Sprite_Zero,1,0.0,0.0,0.0,0.0,0.0,0.0
125,Tres Rios,TRE_L3,Sprite_Zero,2,0.0,0.0,0.0,0.0,0.0,0.0
125,Tres Rios,TRE_L3,Sprite_Zero,3,0.0,0.0,0.0,0.0,0.0,0.0
125,Tres Rios,TRE_L3,Sprite_Zero,4,0.0,0.0,0.0,0.0,0.0,0.0
125,Tres Rios,TRE_L3,Sprite_Zero,5,0.0,0.0,0.0,0.0,0.0,0.0
125,Tres Rios,TRE_L3,Sprite_Zero,6,0.0,0.0,0.0,0.0,0.0,0.0
125,Tres Rios,TRE_L3,Sprite_Zero,7,0.0,0.0,0.0,0.0,0.0,0.0
125,Tres Rios,TRE_L3,Sprite_Zero,8,0.0,0.0,0.0,0.0,0.0,0.0
125,Tres Rios,TRE_L3,Sprite_Zero,9,0.0,0.0,0.0,0.0,0.0,0.0
125,Tres Rios,TRE_L3,Sprite_Zero,10,0.0,0.0,0.0,0.0,0.0,22696.11
125,Tres Rios,TRE_L3,Sprite_Zero,11,0.0,0.0,0.0,0.0,0.0,0.0
125,Tres Rios,TRE_L3,Sprite_Zero,12,0.0,0.0,0.0,0.0,0.0,0.0
125,Tres Rios,TRE_L3,Sprite_Zero,13,0.0,0.0,16372.84,0.0,0.0,16372.84
125,Tres Rios,TRE_L3,Sprite_Zero,14,0.0,0.0,0.0,0.0,0.0,0.0
125,Tres Rios,TRE_L3,Sprite_Zero,15,0.0,0.0,0.0,0.0,0.0,0.0
125,Tres Rios,TRE_L3,Eisenbahn_Pilsen,1,0.0,0.0,0.0,0.0,0.0,0.0
125,Tres Rios,TRE_L3,Eisenbahn_Pilsen,2,0.0,0.0,0.0,0.0,0.0,0.0
125,Tres Rios,TRE_L3,Eisenbahn_Pilsen,3,0.0,0.0,0.0,0.0,0.0,20096.4
125,Tres Rios,TRE_L3,Eisenbahn_Pilsen,4,0.0,0.0,0.0,0.0,0.0,22706.87
125,Tres Rios,TRE_L3,Eisenbahn_Pilsen,5,0.0,0.0,0.0,0.0,0.0,0.0
125,Tres Rios,TRE_L3,Eisenbahn_Pilsen,6,0.0,0.0,0.0,0.0,0.0,0.0
125,Tres Rios,TRE_L3,Eisenbahn_Pilsen,7,0.0,0.0,0.0,0.0,0.0,0.0
125,Tres Rios,TRE_L3,Eisenbahn_Pilsen,8,0.0,0.0,0.0,0.0,0.0,0.0
125,Tres Rios,TRE_L3,Eisenbahn_Pilsen,9,0.0,0.0,0.0,0.0,0.0,0.0
125,Tres Rios,TRE_L3,Eisenbahn_Pilsen,10,0.0,0.0,0.0,0.0,0.0,0.0
125,Tres Rios,TRE_L3,Eisenbahn_Pilsen,11,0.0,0.0,0.0,0.0,0.0,0.0
125,Tres Rios,TRE_L3,Eisenbahn_Pilsen,12,0.0,0.0,0.0,0.0,0.0,0.0
125,Tres Rios,TRE_L3,Eisenbahn_Pilsen,13,0.0,0.0,0.0,0.0,0.0,0.0
125,Tres Rios,TRE_L3,Eisenbahn_Pilsen,14,0.0,0.0,0.0,0.0,0.0,0.0
125,Tres Rios,TRE_L3,Eisenbahn_Pilsen,15,0.0,0.0,0.0,0.0,0.0,0.0
125,Tres Rios,TRE_L3,Del_Valle_Pessego,1,0.0,0.0,0.0,0.0,0.0,0.0
125,Tres Rios,TRE_L3,Del_Valle_Pessego,2,0.0,0.0,0.0,0.0,0.0,0.0
125,Tres Rios,TRE_L3,Del_Valle_Pessego,3,0.0,0.0,0.0,0.0,0.0,0.0
125,Tres Rios,TRE_L3,Del_Valle_Pessego,4,0.0,0.0,0.0,0.0,0.0,0.0
125,Tres Rios,TRE_L3,Del_Valle_Pessego,5,0.0,0.0,13747.26,0.0,0.0,13747.26
125,Tres Rios,TRE_L3,Del_Valle_Pessego,6,0.0,0.0,0.0,0.0,0.0,0.0
125,Tres Rios,TRE_L3,Del_Valle_Pessego,7,0.0,0.0,0.0,0.0,0.0,0.0
125,Tres Rios,TRE_L3,Del_Valle_Pessego,8,0.0,0.0,0.0,0.0,0.0,0.0
125,Tres Rios,TRE_L3,Del_Valle_Pessego,9,0.0,0.0,0.0,0.0,0.0,0.0
125,Tres Rios,TRE_L3,Del_Valle_Pessego,10,0.0,0.0,0.0,0.0,0.0,12865.21
125,Tres Rios,TRE_L3,Del_Valle_Pessego,11,0.0,0.0,0.0,0.0,0.0,0.0
125,Tres Rios,TRE_L3,Del_Valle_Pessego,12,0.0,0.0,0.0,0.0,0.0,0.0
125,Tres Rios,TRE_L3,Del_Valle_Pessego,13,0.0,0.0,0.0,0.0,0.0,0.0
125,Tres Rios,TRE_L3,Del_Valle_Pessego,14,0.0,0.0,0.0,0.0,0.0,4341.46
125,Tres Rios,TRE_L3,Del_Valle_Pessego,15,0.0,0.0,0.0,0.0,0.0,0.0
125,Tres Rios,TRE_L3,Coca_Cola,1,0.0,0.0,0.0,0.0,0.0,0.0
125,Tres Rios,TRE_L3,Coca_Cola,2,0.0,0.0,0.0,0.0,0.0,0.0
125,Tres Rios,TRE_L3,Coca_Cola,3,0.0,0.0,0.0,0.0,0.0,0.0
125,Tres Rios,TRE_L3,Coca_Cola,4,0.0,0.0,0.0,0.0,0.0,0.0
125,Tres Rios,TRE_L3,Coca_Cola,5,0.0,0.0,0.0,0.0,0.0,0.0
125,Tres Rios,TRE_L3,Coca_Cola,6,0.0,0.0,0.0,0.0,0.0,0.0
125,Tres Rios,TRE_L3,Coca_Cola,7,0.0,0.0,0.0,0.0,0.0,0.0
125,Tres Rios,TRE_L3,Coca_Cola,8,0.0,0.0,0.0,0.0,0.0,0.0
125,Tres Rios,TRE_L3,Coca_Cola,9,0.0,0.0,0.0,0.0,0.0,0.0
125,Tres Rios,TRE_L3,Coca_Cola,10,0.0,0.0,0.0,0.0,0.0,0.0
125,Tres Rios,TRE_L3,Coca_Cola,11,0.0,0.0,0.0,0.0,0.0,0.0
125,Tres Rios,TRE_L3,Coca_Cola,12,0.0,0.0,0.0,0.0,0.0,0.0
125,Tres Rios,TRE_L3,Coca_Cola,13,0.0,0.0,0.0,0.0,0.0,0.0
125,Tres Rios,TRE_L3,Coca_Cola,14,0.0,0.0,0.0,0.0,0.0,0.0
125,Tres Rios,TRE_L3,Coca_Cola,15,0.0,0.0,0.0,0.0,0.0,0.0
125,Tres Rios,TRE_L3,Amstel_Lata,1,0.0,0.0,8745.93,0.0,0.0,8745.93
125,Tres Rios,TRE_L3,Amstel_Lata,2,0.0,0.0,0.0,0.0,0.0,0.0
125,Tres Rios,TRE_L3,Amstel_Lata,3,0.0,0.0,0.0,0.0,0.0,0.0
125,Tres Rios,TRE_L3,Amstel_Lata,4,0.0,0.0,0.0,0.0,0.0,0.0
125,Tres Rios,TRE_L3,Amstel_Lata,5,0.0,0.0,0.0,0.0,0.0,0.0
125,Tres Rios,TRE_L3,Amstel_Lata,6,0.0,0.0,0.0,0.0,0.0,13523.989999999998
125,Tres Rios,TRE_L3,Amstel_Lata,7,0.0,0.0,0.0,0.0,13523.989999999998,0.0
125,Tres Rios,TRE_L3,Amstel_Lata,8,0.0,0.0,0.0,0.0,0.0,18517.98000000003
125,Tres Rios,TRE_L3,Amstel_Lata,9,0.0,0.0,0.0,0.0,18517.98000000003,0.0
125,Tres Rios,TRE_L3,Amstel_Lata,10,0.0,0.0,0.0,0.0,0.0,0.0
125,Tres Rios,TRE_L3,Amstel_Lata,11,0.0,0.0,0.0,0.0,0.0,0.0
125,Tres Rios,TRE_L3,Amstel_Lata,12,0.0,0.0,0.0,0.0,0.0,7517.8
125,Tres Rios,TRE_L3,Amstel_Lata,13,0.0,0.0,0.0,0.0,0.0,0.0
125,Tres Rios,TRE_L3,Amstel_Lata,14,0.0,0.0,0.0,0.0,0.0,0.0
125,Tres Rios,TRE_L3,Amstel_Lata,15,0.0,0.0,0.0,0.0,0.0,0.0
125,Tres Rios,TRE_L3,Pepsi_Black,1,0.0,0.0,0.0,0.0,41640.0,0.0
125,Tres Rios,TRE_L3,Pepsi_Black,2,0.0,0.0,0.0,0.0,9719.54,0.0
125,Tres Rios,TRE_L3,Pepsi_Black,3,0.0,0.0,0.0,0.0,24542.76,0.0
125,Tres Rios,TRE_L3,Pepsi_Black,4,0.0,0.0,0.0,0.0,38088.0,0.0
125,Tres Rios,TRE_L3,Pepsi_Black,5,0.0,0.0,0.0,0.0,36409.72,0.0
125,Tres Rios,TRE_L3,Pepsi_Black,6,0.0,0.0,0.0,0.0,35115.56,0.0
125,Tres Rios,TRE_L3,Pepsi_Black,7,0.0,0.0,0.0,0.0,15550.04,0.0
125,Tres Rios,TRE_L3,Pepsi_Black,8,0.0,0.0,0.0,0.0,37994.509999999995,0.0
125,Tres Rios,TRE_L3,Pepsi_Black,9,0.0,0.0,0.0,0.0,38304.0,0.0
125,Tres Rios,TRE_L3,Pepsi_Black,10,0.0,0.0,0.0,0.0,36912.0,0.0
125,Tres Rios,TRE_L3,Pepsi_Black,11,0.0,0.0,0.0,0.0,38352.0,0.0
125,Tres Rios,TRE_L3,Pepsi_Black,12,0.0,0.0,0.0,0.0,37488.0,0.0
125,Tres Rios,TRE_L3,Pepsi_Black,13,0.0,0.0,0.0,0.0,43463.99999999999,0.0
125,Tres Rios,TRE_L3,Pepsi_Black,14,0.0,0.0,0.0,0.0,21611.52,0.0
125,Tres Rios,TRE_L3,Pepsi_Black,15,0.0,0.0,0.0,0.0,37535.99999999999,0.0
125,Tres Rios,TRE_L3,Del_Valle_Laranja,1,0.0,0.0,0.0,0.0,0.0,0.0
125,Tres Rios,TRE_L3,Del_Valle_Laranja,2,0.0,0.0,0.0,0.0,0.0,0.0
125,Tres Rios,TRE_L3,Del_Valle_Laranja,3,0.0,0.0,0.0,0.0,0.0,0.0
125,Tres Rios,TRE_L3,Del_Valle_Laranja,4,0.0,0.0,0.0,0.0,0.0,0.0
125,Tres Rios,TRE_L3,Del_Valle_Laranja,5,0.0,0.0,0.0,0.0,0.0,0.0
125,Tres Rios,TRE_L3,Del_Valle_Laranja,6,0.0,0.0,0.0,0.0,0.0,52422.799999999996
125,Tres Rios,TRE_L3,Del_Valle_Laranja,7,0.0,0.0,0.0,0.0,6832.340000000001,0.0
125,Tres Rios,TRE_L3,Del_Valle_Laranja,8,0.0,0.0,0.0,0.0,0.0,0.0
125,Tres Rios,TRE_L3,Del_Valle_Laranja,9,0.0,0.0,0.0,0.0,0.0,0.0
125,Tres Rios,TRE_L3,Del_Valle_Laranja,10,0.0,0.0,0.0,0.0,0.0,68.0
125,Tres Rios,TRE_L3,Del_Valle_Laranja,11,0.0,0.0,0.0,0.0,0.0,0.0
125,Tres Rios,TRE_L3,Del_Valle_Laranja,12,0.0,0.0,0.0,0.0,0.0,0.0
125,Tres Rios,TRE_L3,Del_Valle_Laranja,13,0.0,0.0,0.0,0.0,0.0,0.0
125,Tres Rios,TRE_L3,Del_Valle_Laranja,14,0.0,0.0,0.0,0.0,0.0,0.0
125,Tres Rios,TRE_L3,Del_Valle_Laranja,15,0.0,0.0,0.0,0.0,0.0,0.0
125,Tres Rios,TRE_L3,Itubaina,1,0.0,0.0,0.0,0.0,0.0,0.0
125,Tres Rios,TRE_L3,Itubaina,2,0.0,0.0,0.0,0.0,0.0,0.0
125,Tres Rios,TRE_L3,Itubaina,3,0.0,0.0,0.0,0.0,0.0,0.0
125,Tres Rios,TRE_L3,Itubaina,4,0.0,0.0,0.0,0.0,0.0,0.0
125,Tres Rios,TRE_L3,Itubaina,5,0.0,0.0,23956.12,0.0,0.0,23956.12
125,Tres Rios,TRE_L3,Itubaina,6,0.0,0.0,0.0,0.0,0.0,0.0
125,Tres Rios,TRE_L3,Itubaina,7,0.0,0.0,0.0,0.0,0.0,0.0
125,Tres Rios,TRE_L3,Itubaina,8,0.0,0.0,0.0,0.0,0.0,11051.7
125,Tres Rios,TRE_L3,Itubaina,9,0.0,0.0,0.0,0.0,0.0,0.0
125,Tres Rios,TRE_L3,Itubaina,10,0.0,0.0,0.0,0.0,0.0,0.0
125,Tres Rios,TRE_L3,Itubaina,11,0.0,0.0,0.0,0.0,0.0,0.0
125,Tres Rios,TRE_L3,Itubaina,12,0.0,0.0,0.0,0.0,0.0,0.0
125,Tres Rios,TRE_L3,Itubaina,13,0.0,0.0,0.0,0.0,0.0,0.0
125,Tres Rios,TRE_L3,Itubaina,14,0.0,0.0,0.0,0.0,0.0,0.0
125,Tres Rios,TRE_L3,Itubaina,15,0.0,0.0,13936.84,0.0,0.0,13936.84
125,Tres Rios,TRE_L3,Stella_Artois_Pure_Gold,1,0.0,0.0,18549.27,0.0,40008.00000000001,18549.27
125,Tres Rios,TRE_L3,Stella_Artois_Pure_Gold,2,0.0,0.0,0.0,0.0,0.0,0.0
125,Tres Rios,TRE_L3,Stella_Artois_Pure_Gold,3,0.0,0.0,0.0,0.0,37453.14,0.0
125,Tres Rios,TRE_L3,Stella_Artois_Pure_Gold,4,0.0,0.0,0.0,0.0,23676.68,0.0
125,Tres Rios,TRE_L3,Stella_Artois_Pure_Gold,5,2163.0499999999993,0.0,0.0,0.0,39939.049999999996,0.0
125,Tres Rios,TRE_L3,Stella_Artois_Pure_Gold,6,0.0,0.0,0.0,0.0,14915.18,0.0
125,Tres Rios,TRE_L3,Stella_Artois_Pure_Gold,7,0.0,0.0,0.0,0.0,41904.0,0.0
125,Tres Rios,TRE_L3,Stella_Artois_Pure_Gold,8,0.0,0.0,0.0,0.0,38112.0,0.0
125,Tres Rios,TRE_L3,Stella_Artois_Pure_Gold,9,0.0,0.0,0.0,0.0,0.0,5913.110000000008
125,Tres Rios,TRE_L3,Stella_Artois_Pure_Gold,10,0.0,0.0,0.0,0.0,39216.00000000001,0.0
125,Tres Rios,TRE_L3,Stella_Artois_Pure_Gold,11,0.0,0.0,23059.1,0.0,38832.00000000001,23059.1
125,Tres Rios,TRE_L3,Stella_Artois_Pure_Gold,12,0.0,0.0,0.0,0.0,39000.0,0.0
125,Tres Rios,TRE_L3,Stella_Artois_Pure_Gold,13,0.0,0.0,0.0,0.0,38976.0,0.0
125,Tres Rios,TRE_L3,Stella_Artois_Pure_Gold,14,0.0,0.0,0.0,0.0,35787.070000000014,0.0
125,Tres Rios,TRE_L3,Stella_Artois_Pure_Gold,15,0.0,0.0,0.0,0.0,6952.46000000001,0.0
125,Tres Rios,TRE_L3,Maguary_Caju,1,0.0,0.0,0.0,0.0,0.0,0.0
125,Tres Rios,TRE_L3,Maguary_Caju,2,0.0,0.0,0.0,0.0,0.0,0.0
125,Tres Rios,TRE_L3,Maguary_Caju,3,0.0,0.0,0.0,0.0,0.0,0.0
125,Tres Rios,TRE_L3,Maguary_Caju,4,0.0,0.0,0.0,0.0,0.0,0.0
125,Tres Rios,TRE_L3,Maguary_Caju,5,0.0,0.0,0.0,0.0,0.0,0.0
125,Tres Rios,TRE_L3,Maguary_Caju,6,0.0,0.0,0.0,0.0,0.0,0.0
125,Tres Rios,TRE_L3,Maguary_Caju,7,0.0,0.0,0.0,0.0,0.0,0.0
125,Tres Rios,TRE_L3,Maguary_Caju,8,0.0,0.0,0.0,0.0,0.0,0.0
125,Tres Rios,TRE_L3,Maguary_Caju,9,0.0,0.0,0.0,0.0,0.0,0.0
125,Tres Rios,TRE_L3,Maguary_Caju,10,0.0,0.0,0.0,0.0,0.0,0.0
125,Tres Rios,TRE_L3,Maguary_Caju,11,0.0,0.0,0.0,0.0,0.0,0.0
125,Tres Rios,TRE_L3,Maguary_Caju,12,0.0,0.0,0.0,0.0,0.0,0.0
125,Tres Rios,TRE_L3,Maguary_Caju,13,0.0,0.0,0.0,0.0,0.0,0.0
125,Tres Rios,TRE_L3,Maguary_Caju,14,0.0,0.0,0.0,0.0,0.0,0.0
125,Tres Rios,TRE_L3,Maguary_Caju,15,0.0,0.0,0.0,0.0,0.0,0.0
125,Tres Rios,TRE_L3,Coca_Cola_Zero,1,0.0,0.0,0.0,0.0,0.0,0.0
125,Tres Rios,TRE_L3,Coca_Cola_Zero,2,0.0,0.0,0.0,0.0,0.0,17475.239999999998
125,Tres Rios,TRE_L3,Coca_Cola_Zero,3,0.0,0.0,41433.53,0.0,17475.239999999998,41433.53
125,Tres Rios,TRE_L3,Coca_Cola_Zero,4,0.0,0.0,0.0,0.0,0.0,0.0
125,Tres Rios,TRE_L3,Coca_Cola_Zero,5,0.0,0.0,0.0,0.0,0.0,40295.99999999999
125,Tres Rios,TRE_L3,Coca_Cola_Zero,6,0.0,0.0,0.0,0.0,40295.99999999999,0.0
125,Tres Rios,TRE_L3,Coca_Cola_Zero,7,0.0,0.0,0.0,0.0,0.0,0.0
125,Tres Rios,TRE_L3,Coca_Cola_Zero,8,0.0,0.0,0.0,0.0,0.0,25525.93999999996
125,Tres Rios,TRE_L3,Coca_Cola_Zero,9,0.0,0.0,0.0,0.0,0.0,1052.2700000000327
125,Tres Rios,TRE_L3,Coca_Cola_Zero,10,0.0,0.0,0.0,0.0,23231.359999999997,0.0
125,Tres Rios,TRE_L3,Coca_Cola_Zero,11,0.0,0.0,0.0,0.0,0.0,5838.5300000000025
125,Tres Rios,TRE_L3,Coca_Cola_Zero,12,0.0,0.0,0.0,0.0,9185.379999999997,0.0
125,Tres Rios,TRE_L3,Coca_Cola_Zero,13,0.0,0.0,20731.85,0.0,0.0,20731.85
125,Tres Rios,TRE_L3,Coca_Cola_Zero,14,0.0,0.0,0.0,0.0,0.0,0.0
125,Tres Rios,TRE_L3,Coca_Cola_Zero,15,0.0,0.0,0.0,0.0,0.0,0.0
125,Tres Rios,TRE_L3,Pepsi,1,0.0,0.0,0.0,0.0,0.0,0.0
125,Tres Rios,TRE_L3,Pepsi,2,0.0,0.0,0.0,0.0,0.0,0.0
125,Tres Rios,TRE_L3,Pepsi,3,0.0,0.0,0.0,0.0,0.0,0.0
125,Tres Rios,TRE_L3,Pepsi,4,0.0,0.0,0.0,0.0,0.0,0.0
125,Tres Rios,TRE_L3,Pepsi,5,0.0,0.0,0.0,0.0,0.0,29864.45
125,Tres Rios,TRE_L3,Pepsi,6,0.0,0.0,0.0,0.0,0.0,0.0
125,Tres Rios,TRE_L3,Pepsi,7,0.0,0.0,0.0,0.0,0.0,0.0
125,Tres Rios,TRE_L3,Pepsi,8,0.0,0.0,0.0,0.0,0.0,0.0
125,Tres Rios,TRE_L3,Pepsi,9,0.0,0.0,0.0,0.0,0.0,0.0
125,Tres Rios,TRE_L3,Pepsi,10,0.0,0.0,0.0,0.0,0.0,0.0
125,Tres Rios,TRE_L3,Pepsi,11,0.0,0.0,0.0,0.0,0.0,0.0
125,Tres Rios,TRE_L3,Pepsi,12,0.0,0.0,0.0,0.0,0.0,0.0
125,Tres Rios,TRE_L3,Pepsi,13,0.0,0.0,0.0,0.0,0.0,0.0
125,Tres Rios,TRE_L3,Pepsi,14,0.0,0.0,24155.02,0.0,0.0,24155.02
125,Tres Rios,TRE_L3,Pepsi,15,0.0,0.0,0.0,0.0,0.0,0.0
125,Tres Rios,TRE_L3,Antarctica_Lata,1,0.0,0.0,0.0,0.0,0.0,0.0
125,Tres Rios,TRE_L3,Antarctica_Lata,2,0.0,0.0,0.0,0.0,0.0,0.0
125,Tres Rios,TRE_L3,Antarctica_Lata,3,0.0,0.0,0.0,0.0,0.0,0.0
125,Tres Rios,TRE_L3,Antarctica_Lata,4,0.0,0.0,0.0,0.0,0.0,0.0
125,Tres Rios,TRE_L3,Antarctica_Lata,5,0.0,0.0,0.0,0.0,0.0,0.0
125,Tres Rios,TRE_L3,Antarctica_Lata,6,0.0,0.0,39011.24,14424.010000000002,0.0,39011.24
125,Tres Rios,TRE_L3,Antarctica_Lata,7,0.0,0.0,0.0,0.0,0.0,0.0
125,Tres Rios,TRE_L3,Antarctica_Lata,8,0.0,0.0,0.0,10680.4,0.0,0.0
125,Tres Rios,TRE_L3,Antarctica_Lata,9,0.0,0.0,0.0,0.0,0.0,0.0
125,Tres Rios,TRE_L3,Antarctica_Lata,10,0.0,0.0,0.0,0.0,0.0,0.0
125,Tres Rios,TRE_L3,Antarctica_Lata,11,0.0,0.0,0.0,0.0,0.0,0.0
125,Tres Rios,TRE_L3,Antarctica_Lata,12,0.0,0.0,0.0,0.0,0.0,17944.46
125,Tres Rios,TRE_L3,Antarctica_Lata,13,0.0,0.0,0.0,0.0,0.0,0.0
125,Tres Rios,TRE_L3,Antarctica_Lata,14,0.0,0.0,0.0,0.0,0.0,0.0
125,Tres Rios,TRE_L3,Antarctica_Lata,15,0.0,0.0,0.0,0.0,0.0,34550.33
125,Tres Rios,TRE_L3,Spaten_Lata,1,0.0,0.0,0.0,0.0,0.0,0.0
125,Tres Rios,TRE_L3,Spaten_Lata,2,0.0,0.0,0.0,0.0,0.0,0.0
125,Tres Rios,TRE_L3,Spaten_Lata,3,0.0,0.0,0.0,0.0,0.0,0.0
125,Tres Rios,TRE_L3,Spaten_Lata,4,0.0,0.0,0.0,0.0,0.0,0.0
125,Tres Rios,TRE_L3,Spaten_Lata,5,0.0,0.0,0.0,0.0,0.0,0.0
125,Tres Rios,TRE_L3,Spaten_Lata,6,0.0,0.0,0.0,0.0,0.0,0.0
125,Tres Rios,TRE_L3,Spaten_Lata,7,0.0,0.0,16747.04,0.0,0.0,16747.04
125,Tres Rios,TRE_L3,Spaten_Lata,8,0.0,0.0,0.0,0.0,0.0,0.0
125,Tres Rios,TRE_L3,Spaten_Lata,9,0.0,0.0,19826.78,0.0,0.0,19826.78
125,Tres Rios,TRE_L3,Spaten_Lata,10,0.0,0.0,0.0,0.0,0.0,26253.9
125,Tres Rios,TRE_L3,Spaten_Lata,11,0.0,0.0,0.0,0.0,0.0,40314.740000000005
125,Tres Rios,TRE_L3,Spaten_Lata,12,0.0,0.0,0.0,0.0,0.0,15730.95
125,Tres Rios,TRE_L3,Spaten_Lata,13,0.0,0.0,0.0,0.0,0.0,0.0
125,Tres Rios,TRE_L3,Spaten_Lata,14,0.0,0.0,0.0,0.0,0.0,598.6199999999972
125,Tres Rios,TRE_L3,Spaten_Lata,15,0.0,0.0,9230.81,0.0,598.6199999999972,9230.81
125,Tres Rios,TRE_L3,Heineken_Lata,1,0.0,0.0,0.0,0.0,0.0,0.0
125,Tres Rios,TRE_L3,Heineken_Lata,2,0.0,0.0,0.0,0.0,0.0,0.0
125,Tres Rios,TRE_L3,Heineken_Lata,3,0.0,0.0,0.0,0.0,0.0,0.0
125,Tres Rios,TRE_L3,Heineken_Lata,4,0.0,0.0,0.0,0.0,0.0,0.0
125,Tres Rios,TRE_L3,Heineken_Lata,5,0.0,0.0,0.0,0.0,0.0,0.0
125,Tres Rios,TRE_L3,Heineken_Lata,6,0.0,0.0,0.0,0.0,0.0,0.0
125,Tres Rios,TRE_L3,Heineken_Lata,7,0.0,0.0,0.0,0.0,0.0,0.0
125,Tres Rios,TRE_L3,Heineken_Lata,8,0.0,0.0,0.0,0.0,0.0,0.0
125,Tres Rios,TRE_L3,Heineken_Lata,9,0.0,0.0,0.0,0.0,0.0,0.0
125,Tres Rios,TRE_L3,Heineken_Lata,10,0.0,0.0,0.0,0.0,0.0,0.0
125,Tres Rios,TRE_L3,Heineken_Lata,11,0.0,0.0,0.0,0.0,0.0,17442.84
125,Tres Rios,TRE_L3,Heineken_Lata,12,0.0,0.0,0.0,0.0,0.0,0.0
125,Tres Rios,TRE_L3,Heineken_Lata,13,0.0,0.0,0.0,0.0,0.0,0.0
125,Tres Rios,TRE_L3,Heineken_Lata,14,0.0,0.0,0.0,0.0,0.0,0.0
125,Tres Rios,TRE_L3,Heineken_Lata,15,0.0,0.0,0.0,0.0,0.0,0.0
125,Tres Rios,TRE_L3,Sukita_Laranja,1,0.0,0.0,0.0,0.0,0.0,0.0
125,Tres Rios,TRE_L3,Sukita_Laranja,2,0.0,0.0,0.0,0.0,0.0,0.0
125,Tres Rios,TRE_L3,Sukita_Laranja,3,0.0,0.0,0.0,0.0,0.0,0.0
125,Tres Rios,TRE_L3,Sukita_Laranja,4,0.0,0.0,0.0,60299.11,0.0,0.0
125,Tres Rios,TRE_L3,Sukita_Laranja,5,0.0,0.0,0.0,0.0,0.0,0.0
125,Tres Rios,TRE_L3,Sukita_Laranja,6,0.0,0.0,0.0,0.0,0.0,0.0
125,Tres Rios,TRE_L3,Sukita_Laranja,7,0.0,0.0,25776.0,0.0,0.0,25776.0
125,Tres Rios,TRE_L3,Sukita_Laranja,8,0.0,0.0,0.0,0.0,0.0,0.0
125,Tres Rios,TRE_L3,Sukita_Laranja,9,0.0,0.0,0.0,0.0,0.0,38136.0
125,Tres Rios,TRE_L3,Sukita_Laranja,10,0.0,0.0,37742.36,0.0,0.0,37742.36
125,Tres Rios,TRE_L3,Sukita_Laranja,11,0.0,0.0,0.0,0.0,0.0,0.0
125,Tres Rios,TRE_L3,Sukita_Laranja,12,0.0,0.0,0.0,0.0,0.0,0.0
125,Tres Rios,TRE_L3,Sukita_Laranja,13,0.0,0.0,0.0,0.0,0.0,0.0
125,Tres Rios,TRE_L3,Sukita_Laranja,14,0.0,0.0,0.0,0.0,0.0,0.0
125,Tres Rios,TRE_L3,Sukita_Laranja,15,0.0,0.0,0.0,0.0,0.0,0.0
125,Tres Rios,TRE_L3,H2OH_Limao,1,0.0,0.0,0.0,0.0,0.0,0.0
125,Tres Rios,TRE_L3,H2OH_Limao,2,0.0,0.0,0.0,0.0,0.0,0.0
125,Tres Rios,TRE_L3,H2OH_Limao,3,0.0,0.0,0.0,0.0,0.0,40766.33
125,Tres Rios,TRE_L3,H2OH_Limao,4,0.0,0.0,0.0,0.0,0.0,0.0
125,Tres Rios,TRE_L3,H2OH_Limao,5,0.0,0.0,0.0,0.0,0.0,0.0
125,Tres Rios,TRE_L3,H2OH_Limao,6,0.0,0.0,0.0,0.0,0.0,0.0
125,Tres Rios,TRE_L3,H2OH_Limao,7,0.0,0.0,0.0,0.0,0.0,0.0
125,Tres Rios,TRE_L3,H2OH_Limao,8,0.0,0.0,0.0,0.0,0.0,0.0
125,Tres Rios,TRE_L3,H2OH_Limao,9,0.0,0.0,0.0,0.0,0.0,0.0
125,Tres Rios,TRE_L3,H2OH_Limao,10,0.0,0.0,0.0,0.0,0.0,0.0
125,Tres Rios,TRE_L3,H2OH_Limao,11,0.0,0.0,8833.98,0.0,0.0,8833.98
125,Tres Rios,TRE_L3,H2OH_Limao,12,0.0,0.0,0.0,47401.12,0.0,0.0
125,Tres Rios,TRE_L3,H2OH_Limao,13,0.0,0.0,0.0,0.0,0.0,0.0
125,Tres Rios,TRE_L3,H2OH_Limao,14,0.0,0.0,0.0,0.0,0.0,0.0
125,Tres Rios,TRE_L3,H2OH_Limao,15,0.0,0.0,0.0,0.0,0.0,12685.8
125,Tres Rios,TRE_L3,Budweiser_Lata,1,0.0,0.0,0.0,0.0,0.0,0.0
125,Tres Rios,TRE_L3,Budweiser_Lata,2,0.0,0.0,0.0,0.0,0.0,0.0
125,Tres Rios,TRE_L3,Budweiser_Lata,3,0.0,0.0,0.0,0.0,0.0,0.0
125,Tres Rios,TRE_L3,Budweiser_Lata,4,0.0,0.0,0.0,0.0,0.0,0.0
125,Tres Rios,TRE_L3,Budweiser_Lata,5,0.0,0.0,0.0,0.0,0.0,0.0
125,Tres Rios,TRE_L3,Budweiser_Lata,6,0.0,0.0,0.0,0.0,0.0,0.0
125,Tres Rios,TRE_L3,Budweiser_Lata,7,0.0,0.0,2502.73,0.0,0.0,2502.73
125,Tres Rios,TRE_L3,Budweiser_Lata,8,0.0,0.0,0.0,0.0,0.0,0.0
125,Tres Rios,TRE_L3,Budweiser_Lata,9,0.0,0.0,0.0,0.0,0.0,0.0
125,Tres Rios,TRE_L3,Budweiser_Lata,10,0.0,0.0,0.0,0.0,0.0,0.0
125,Tres Rios,TRE_L3,Budweiser_Lata,11,0.0,0.0,15920.23,0.0,0.0,15920.23
125,Tres Rios,TRE_L3,Budweiser_Lata,12,0.0,0.0,0.0,0.0,0.0,0.0
125,Tres Rios,TRE_L3,Budweiser_Lata,13,0.0,0.0,0.0,0.0,0.0,70397.22999999998
125,Tres Rios,TRE_L3,Budweiser_Lata,14,0.0,0.0,0.0,0.0,0.0,0.0
125,Tres Rios,TRE_L3,Budweiser_Lata,15,0.0,0.0,0.0,0.0,0.0,0.0
125,Tres Rios,TRE_L3,Kuat,1,0.0,0.0,21323.36,0.0,0.0,21323.36
125,Tres Rios,TRE_L3,Kuat,2,0.0,0.0,0.0,0.0,1493.7800000000025,0.0
125,Tres Rios,TRE_L3,Kuat,3,0.0,0.0,0.0,0.0,0.0,2186.820000000007
125,Tres Rios,TRE_L3,Kuat,4,0.0,0.0,0.0,0.0,0.0,48148.369999999995
125,Tres Rios,TRE_L3,Kuat,5,0.0,0.0,0.0,0.0,0.0,0.0
125,Tres Rios,TRE_L3,Kuat,6,0.0,0.0,0.0,0.0,0.0,0.0
125,Tres Rios,TRE_L3,Kuat,7,0.0,0.0,0.0,0.0,0.0,0.0
125,Tres Rios,TRE_L3,Kuat,8,0.0,0.0,0.0,0.0,0.0,0.0
125,Tres Rios,TRE_L3,Kuat,9,0.0,0.0,0.0,0.0,0.0,1130.329999999998
125,Tres Rios,TRE_L3,Kuat,10,0.0,0.0,0.0,0.0,0.0,17574.72
125,Tres Rios,TRE_L3,Kuat,11,0.0,0.0,0.0,0.0,0.0,12912.699999999997
125,Tres Rios,TRE_L3,Kuat,12,0.0,0.0,0.0,0.0,12912.699999999997,0.0
125,Tres Rios,TRE_L3,Kuat,13,0.0,0.0,0.0,0.0,0.0,0.0
125,Tres Rios,TRE_L3,Kuat,14,0.0,0.0,0.0,0.0,0.0,34080.0
125,Tres Rios,TRE_L3,Kuat,15,0.0,0.0,0.0,0.0,16619.8,25995.26
125,Tres Rios,TRE_L3,Fanta_Uva,1,34098.56,0.0,0.0,0.0,34098.56,0.0
125,Tres Rios,TRE_L3,Fanta_Uva,2,1309.7300000000796,0.0,0.0,0.0,1309.7300000000796,0.0
125,Tres Rios,TRE_L3,Fanta_Uva,3,30674.00999999995,0.0,0.0,0.0,30674.00999999995,0.0
125,Tres Rios,TRE_L3,Fanta_Uva,4,3292.349999999999,0.0,0.0,0.0,3292.349999999999,0.0
125,Tres Rios,TRE_L3,Fanta_Uva,5,20099.290000000008,0.0,0.0,0.0,20099.290000000008,0.0
125,Tres Rios,TRE_L3,Fanta_Uva,6,42048.0,0.0,0.0,0.0,42048.0,0.0
125,Tres Rios,TRE_L3,Fanta_Uva,7,0.0,0.0,0.0,0.0,0.0,46305.18
125,Tres Rios,TRE_L3,Fanta_Uva,8,41016.0,0.0,17181.42,0.0,23834.58,0.0
125,Tres Rios,TRE_L3,Fanta_Uva,9,35688.0,0.0,0.0,0.0,35688.0,0.0
125,Tres Rios,TRE_L3,Fanta_Uva,10,36840.0,0.0,0.0,0.0,36840.0,0.0
125,Tres Rios,TRE_L3,Fanta_Uva,11,3159.7500000000127,0.0,0.0,0.0,3159.7500000000123,0.0
125,Tres Rios,TRE_L3,Fanta_Uva,12,37824.0,0.0,0.0,0.0,37824.00000000001,40386.01
125,Tres Rios,TRE_L3,Fanta_Uva,13,0.0,0.0,0.0,0.0,0.0,0.0
125,Tres Rios,TRE_L3,Fanta_Uva,14,35928.0,0.0,0.0,0.0,35927.99999999999,0.0
125,Tres Rios,TRE_L3,Fanta_Uva,15,37032.0,0.0,22590.06,0.0,14441.939999999999,0.0
125,Tres Rios,TRE_L3,Sprite,1,0.0,0.0,0.0,0.0,0.0,0.0
125,Tres Rios,TRE_L3,Sprite,2,0.0,0.0,31886.49,0.0,0.0,31886.49
125,Tres Rios,TRE_L3,Sprite,3,0.0,0.0,0.0,0.0,0.0,0.0
125,Tres Rios,TRE_L3,Sprite,4,0.0,0.0,0.0,0.0,0.0,0.0
125,Tres Rios,TRE_L3,Sprite,5,0.0,0.0,0.0,0.0,0.0,0.0
125,Tres Rios,TRE_L3,Sprite,6,0.0,0.0,0.0,0.0,0.0,0.0
125,Tres Rios,TRE_L3,Sprite,7,0.0,0.0,0.0,0.0,0.0,0.0
125,Tres Rios,TRE_L3,Sprite,8,0.0,0.0,25579.43,0.0,0.0,59052.93
125,Tres Rios,TRE_L3,Sprite,9,0.0,0.0,0.0,0.0,0.0,0.0
125,Tres Rios,TRE_L3,Sprite,10,0.0,0.0,0.0,0.0,0.0,0.0
125,Tres Rios,TRE_L3,Sprite,11,0.0,0.0,0.0,0.0,0.0,0.0
125,Tres Rios,TRE_L3,Sprite,12,0.0,0.0,0.0,0.0,0.0,0.0
125,Tres Rios,TRE_L3,Sprite,13,0.0,0.0,10350.16,0.0,0.0,10350.16
125,Tres Rios,TRE_L3,Sprite,14,0.0,0.0,0.0,0.0,0.0,0.0
125,Tres Rios,TRE_L3,Sprite,15,0.0,0.0,0.0,0.0,0.0,0.0
125,Tres Rios,TRE_L3,Skol_Lata,1,0.0,0.0,0.0,0.0,0.0,38387.49000000001
125,Tres Rios,TRE_L3,Skol_Lata,2,0.0,0.0,0.0,0.0,0.0,0.0
125,Tres Rios,TRE_L3,Skol_Lata,3,0.0,0.0,0.0,0.0,0.0,0.0
125,Tres Rios,TRE_L3,Skol_Lata,4,0.0,0.0,0.0,0.0,0.0,0.0
125,Tres Rios,TRE_L3,Skol_Lata,5,0.0,0.0,0.0,0.0,0.0,0.0
125,Tres Rios,TRE_L3,Skol_Lata,6,0.0,0.0,0.0,0.0,0.0,0.0
125,Tres Rios,TRE_L3,Skol_Lata,7,0.0,0.0,0.0,0.0,0.0,0.0
125,Tres Rios,TRE_L3,Skol_Lata,8,0.0,0.0,0.0,0.0,0.0,0.0
125,Tres Rios,TRE_L3,Skol_Lata,9,0.0,0.0,0.0,0.0,0.0,0.0
125,Tres Rios,TRE_L3,Skol_Lata,10,0.0,0.0,0.0,0.0,0.0,0.0
125,Tres Rios,TRE_L3,Skol_Lata,11,0.0,0.0,0.0,0.0,0.0,31902.7
125,Tres Rios,TRE_L3,Skol_Lata,12,0.0,0.0,0.0,0.0,0.0,0.0
125,Tres Rios,TRE_L3,Skol_Lata,13,0.0,0.0,0.0,0.0,0.0,0.0
125,Tres Rios,TRE_L3,Skol_Lata,14,0.0,0.0,0.0,0.0,0.0,38103.079999999994
125,Tres Rios,TRE_L3,Skol_Lata,15,0.0,0.0,0.0,0.0,0.0,0.0
125,Tres Rios,TRE_L3,Guarana_Antarctica,1,0.0,0.0,0.0,0.0,0.0,0.0
125,Tres Rios,TRE_L3,Guarana_Antarctica,2,0.0,0.0,0.0,0.0,0.0,17282.25
125,Tres Rios,TRE_L3,Guarana_Antarctica,3,0.0,0.0,0.0,0.0,0.0,0.0
125,Tres Rios,TRE_L3,Guarana_Antarctica,4,0.0,0.0,0.0,0.0,0.0,0.0
125,Tres Rios,TRE_L3,Guarana_Antarctica,5,0.0,0.0,0.0,0.0,0.0,0.0
125,Tres Rios,TRE_L3,Guarana_Antarctica,6,0.0,0.0,0.0,0.0,0.0,0.0
125,Tres Rios,TRE_L3,Guarana_Antarctica,7,0.0,0.0,0.0,0.0,0.0,0.0
125,Tres Rios,TRE_L3,Guarana_Antarctica,8,0.0,0.0,0.0,0.0,0.0,0.0
125,Tres Rios,TRE_L3,Guarana_Antarctica,9,0.0,0.0,0.0,0.0,0.0,0.0
125,Tres Rios,TRE_L3,Guarana_Antarctica,10,0.0,0.0,0.0,0.0,0.0,0.0
125,Tres Rios,TRE_L3,Guarana_Antarctica,11,0.0,0.0,0.0,0.0,0.0,0.0
125,Tres Rios,TRE_L3,Guarana_Antarctica,12,0.0,0.0,0.0,0.0,0.0,0.0
125,Tres Rios,TRE_L3,Guarana_Antarctica,13,0.0,0.0,0.0,0.0,0.0,0.0
125,Tres Rios,TRE_L3,Guarana_Antarctica,14,0.0,0.0,0.0,0.0,0.0,0.0
125,Tres Rios,TRE_L3,Guarana_Antarctica,15,0.0,0.0,0.0,0.0,0.0,0.0
125,Tres Rios,TRE_L3,Guarana_Antarctica_Zero,1,3773.4400000000055,0.0,0.0,0.0,3773.440000000005,28457.11
125,Tres Rios,TRE_L3,Guarana_Antarctica_Zero,2,35266.26999999992,0.0,14951.49,0.0,20314.77999999992,17623.42
125,Tres Rios,TRE_L3,Guarana_Antarctica_Zero,3,3429.990000000049,0.0,0.0,0.0,3429.990000000049,16450.97
125,Tres Rios,TRE_L3,Guarana_Antarctica_Zero,4,40531.65,0.0,0.0,0.0,40531.65,0.0
125,Tres Rios,TRE_L3,Guarana_Antarctica_Zero,5,16401.659999999993,0.0,0.0,0.0,16401.659999999993,0.0
125,Tres Rios,TRE_L3,Guarana_Antarctica_Zero,6,0.0,0.0,0.0,0.0,0.0,0.0
125,Tres Rios,TRE_L3,Guarana_Antarctica_Zero,7,34680.0,0.0,0.0,0.0,34680.0,54219.67
125,Tres Rios,TRE_L3,Guarana_Antarctica_Zero,8,0.0,0.0,0.0,0.0,0.0,0.0
125,Tres Rios,TRE_L3,Guarana_Antarctica_Zero,9,0.0,0.0,0.0,0.0,0.0,0.0
125,Tres Rios,TRE_L3,Guarana_Antarctica_Zero,10,0.0,0.0,0.0,0.0,0.0,0.0
125,Tres Rios,TRE_L3,Guarana_Antarctica_Zero,11,34880.249999999985,0.0,0.0,0.0,34880.249999999985,0.0
125,Tres Rios,TRE_L3,Guarana_Antarctica_Zero,12,0.0,0.0,0.0,0.0,0.0,0.0
125,Tres Rios,TRE_L3,Guarana_Antarctica_Zero,13,38952.0,0.0,0.0,0.0,38952.0,0.0
125,Tres Rios,TRE_L3,Guarana_Antarctica_Zero,14,0.0,0.0,12680.41,0.0,0.0,12680.41
125,Tres Rios,TRE_L3,Guarana_Antarctica_Zero,15,0.0,0.0,0.0,0.0,0.0,0.0
125,Tres Rios,TRE_L3,Del_Valle_Uva,1,0.0,0.0,0.0,0.0,0.0,0.0
125,Tres Rios,TRE_L3,Del_Valle_Uva,2,0.0,0.0,0.0,0.0,0.0,0.0
125,Tres Rios,TRE_L3,Del_Valle_Uva,3,0.0,0.0,0.0,0.0,1138.8599999999985,0.0
125,Tres Rios,TRE_L3,Del_Valle_Uva,4,0.0,0.0,0.0,0.0,0.0,0.0
125,Tres Rios,TRE_L3,Del_Valle_Uva,5,0.0,0.0,0.0,11094.93,0.0,0.0
125,Tres Rios,TRE_L3,Del_Valle_Uva,6,0.0,0.0,0.0,0.0,0.0,0.0
125,Tres Rios,TRE_L3,Del_Valle_Uva,7,0.0,0.0,0.0,0.0,0.0,0.0
125,Tres Rios,TRE_L3,Del_Valle_Uva,8,0.0,0.0,0.0,0.0,0.0,0.0
125,Tres Rios,TRE_L3,Del_Valle_Uva,9,0.0,0.0,0.0,0.0,0.0,0.0
125,Tres Rios,TRE_L3,Del_Valle_Uva,10,0.0,0.0,0.0,0.0,0.0,0.0
125,Tres Rios,TRE_L3,Del_Valle_Uva,11,0.0,0.0,0.0,0.0,0.0,0.0
125,Tres Rios,TRE_L3,Del_Valle_Uva,12,0.0,0.0,0.0,0.0,0.0,17614.33
125,Tres Rios,TRE_L3,Del_Valle_Uva,13,0.0,0.0,0.0,0.0,0.0,0.0
125,Tres Rios,TRE_L3,Del_Valle_Uva,14,0.0,0.0,0.0,0.0,0.0,0.0
125,Tres Rios,TRE_L3,Del_Valle_Uva,15,0.0,0.0,0.0,0.0,0.0,0.0
125,Tres Rios,TRE_L3,Brahma_Lata,1,0.0,0.0,0.0,0.0,0.0,0.0
125,Tres Rios,TRE_L3,Brahma_Lata,2,0.0,0.0,0.0,0.0,2588.1699999999996,0.0
125,Tres Rios,TRE_L3,Brahma_Lata,3,0.0,0.0,0.0,0.0,0.0,0.0
125,Tres Rios,TRE_L3,Brahma_Lata,4,0.0,0.0,0.0,0.0,14195.320000000002,0.0
125,Tres Rios,TRE_L3,Brahma_Lata,5,0.0,0.0,0.0,0.0,0.0,16953.120000000006
125,Tres Rios,TRE_L3,Brahma_Lata,6,0.0,0.0,0.0,0.0,28164.819999999996,0.0
125,Tres Rios,TRE_L3,Brahma_Lata,7,0.0,0.0,0.0,0.0,0.0,0.0
125,Tres Rios,TRE_L3,Brahma_Lata,8,0.0,0.0,0.0,0.0,0.0,0.0
125,Tres Rios,TRE_L3,Brahma_Lata,9,0.0,0.0,0.0,0.0,0.0,0.0
125,Tres Rios,TRE_L3,Brahma_Lata,10,0.0,0.0,0.0,0.0,0.0,26744.82
125,Tres Rios,TRE_L3,Brahma_Lata,11,0.0,0.0,0.0,0.0,0.0,0.0
125,Tres Rios,TRE_L3,Brahma_Lata,12,0.0,0.0,0.0,0.0,0.0,0.0
125,Tres Rios,TRE_L3,Brahma_Lata,13,0.0,0.0,0.0,0.0,0.0,0.0
125,Tres Rios,TRE_L3,Brahma_Lata,14,0.0,0.0,0.0,0.0,68.9299999999881,0.0
125,Tres Rios,TRE_L3,Brahma_Lata,15,0.0,0.0,0.0,0.0,9650.019999999986,0.0
125,Tres Rios,TRE_L3,Itaipava_Lata,1,0.0,0.0,0.0,0.0,0.0,0.0
125,Tres Rios,TRE_L3,Itaipava_Lata,2,0.0,0.0,0.0,0.0,0.0,0.0
125,Tres Rios,TRE_L3,Itaipava_Lata,3,0.0,0.0,0.0,0.0,0.0,0.0
125,Tres Rios,TRE_L3,Itaipava_Lata,4,0.0,0.0,0.0,0.0,0.0,0.0
125,Tres Rios,TRE_L3,Itaipava_Lata,5,0.0,0.0,0.0,0.0,0.0,0.0
125,Tres Rios,TRE_L3,Itaipava_Lata,6,0.0,0.0,0.0,0.0,0.0,0.0
125,Tres Rios,TRE_L3,Itaipava_Lata,7,0.0,0.0,0.0,0.0,0.0,0.0
125,Tres Rios,TRE_L3,Itaipava_Lata,8,0.0,0.0,0.0,0.0,0.0,43120.66
125,Tres Rios,TRE_L3,Itaipava_Lata,9,0.0,0.0,0.0,0.0,0.0,0.0
125,Tres Rios,TRE_L3,Itaipava_Lata,10,0.0,0.0,0.0,0.0,0.0,0.0
125,Tres Rios,TRE_L3,Itaipava_Lata,11,0.0,0.0,0.0,0.0,0.0,0.0
125,Tres Rios,TRE_L3,Itaipava_Lata,12,0.0,0.0,0.0,0.0,0.0,0.0
125,Tres Rios,TRE_L3,Itaipava_Lata,13,0.0,0.0,0.0,0.0,0.0,0.0
125,Tres Rios,TRE_L3,Itaipava_Lata,14,0.0,0.0,0.0,0.0,0.0,0.0
125,Tres Rios,TRE_L3,Itaipava_Lata,15,0.0,0.0,0.0,0.0,0.0,0.0
125,Alagoinhas,ALA_L1,Maguary_Maracuja,1,0.0,0.0,0.0,0.0,0.0,0.0
125,Alagoinhas,ALA_L1,Maguary_Maracuja,2,0.0,0.0,0.0,0.0,0.0,0.0
125,Alagoinhas,ALA_L1,Maguary_Maracuja,3,0.0,0.0,0.0,0.0,0.0,0.0
125,Alagoinhas,ALA_L1,Maguary_Maracuja,4,0.0,0.0,0.0,0.0,0.0,0.0
125,Alagoinhas,ALA_L1,Maguary_Maracuja,5,0.0,0.0,0.0,0.0,0.0,8904.66
125,Alagoinhas,ALA_L1,Maguary_Maracuja,6,0.0,0.0,0.0,0.0,0.0,0.0
125,Alagoinhas,ALA_L1,Maguary_Maracuja,7,0.0,0.0,0.0,0.0,0.0,0.0
125,Alagoinhas,ALA_L1,Maguary_Maracuja,8,0.0,0.0,0.0,0.0,0.0,0.0
125,Alagoinhas,ALA_L1,Maguary_Maracuja,9,0.0,0.0,0.0,0.0,0.0,0.0
125,Alagoinhas,ALA_L1,Maguary_Maracuja,10,0.0,0.0,0.0,0.0,0.0,0.0
125,Alagoinhas,ALA_L1,Maguary_Maracuja,11,0.0,0.0,0.0,0.0,0.0,0.0
125,Alagoinhas,ALA_L1,Maguary_Maracuja,12,0.0,0.0,0.0,0.0,0.0,0.0
125,Alagoinhas,ALA_L1,Maguary_Maracuja,13,0.0,0.0,0.0,0.0,0.0,28861.86
125,Alagoinhas,ALA_L1,Maguary_Maracuja,14,0.0,0.0,0.0,0.0,0.0,0.0
125,Alagoinhas,ALA_L1,Maguary_Maracuja,15,0.0,0.0,0.0,0.0,0.0,0.0
125,Alagoinhas,ALA_L1,Fanta_Laranja,1,0.0,0.0,0.0,0.0,0.0,0.0
125,Alagoinhas,ALA_L1,Fanta_Laranja,2,6784.350000000014,0.0,0.0,0.0,6784.350000000014,0.0
125,Alagoinhas,ALA_L1,Fanta_Laranja,3,328.0300000000061,0.0,0.0,0.0,328.0300000000061,0.0
125,Alagoinhas,ALA_L1,Fanta_Laranja,4,0.0,0.0,0.0,0.0,0.0,48276.35
125,Alagoinhas,ALA_L1,Fanta_Laranja,5,31452.309999999998,0.0,15390.98,0.0,16061.329999999998,0.0
125,Alagoinhas,ALA_L1,Fanta_Laranja,6,0.0,0.0,0.0,0.0,0.0,0.0
125,Alagoinhas,ALA_L1,Fanta_Laranja,7,0.0,0.0,0.0,0.0,8857.699999999999,8857.699999999999
125,Alagoinhas,ALA_L1,Fanta_Laranja,8,0.0,0.0,0.0,0.0,0.0,0.0
125,Alagoinhas,ALA_L1,Fanta_Laranja,9,34413.22000000005,0.0,0.0,0.0,34413.22000000005,0.0
125,Alagoinhas,ALA_L1,Fanta_Laranja,10,25115.199999999953,0.0,0.0,0.0,25115.199999999953,0.0
125,Alagoinhas,ALA_L1,Fanta_Laranja,11,7224.120000000003,0.0,0.0,0.0,7224.120000000003,0.0
125,Alagoinhas,ALA_L1,Fanta_Laranja,12,0.0,0.0,0.0,0.0,0.0,0.0
125,Alagoinhas,ALA_L1,Fanta_Laranja,13,0.0,0.0,0.0,0.0,0.0,0.0
125,Alagoinhas,ALA_L1,Fanta_Laranja,14,0.0,0.0,0.0,0.0,0.0,0.0
125,Alagoinhas,ALA_L1,Fanta_Laranja,15,11556.369999999999,0.0,0.0,0.0,11556.369999999999,0.0
125,Alagoinhas,ALA_L1,Schweppes_Citrus,1,0.0,0.0,0.0,0.0,8454.36,8454.36
125,Alagoinhas,ALA_L1,Schweppes_Citrus,2,0.0,0.0,0.0,0.0,0.0,0.0
125,Alagoinhas,ALA_L1,Schweppes_Citrus,3,0.0,0.0,0.0,0.0,0.0,0.0
125,Alagoinhas,ALA_L1,Schweppes_Citrus,4,0.0,0.0,0.0,0.0,0.0,0.0
125,Alagoinhas,ALA_L1,Schweppes_Citrus,5,0.0,0.0,0.0,0.0,6695.6,6695.6
125,Alagoinhas,ALA_L1,Schweppes_Citrus,6,0.0,0.0,0.0,0.0,0.0,0.0
125,Alagoinhas,ALA_L1,Schweppes_Citrus,7,0.0,0.0,0.0,0.0,0.0,0.0
125,Alagoinhas,ALA_L1,Schweppes_Citrus,8,0.0,0.0,0.0,0.0,0.0,0.0
125,Alagoinhas,ALA_L1,Schweppes_Citrus,9,0.0,0.0,0.0,0.0,12750.46,12750.46
125,Alagoinhas,ALA_L1,Schweppes_Citrus,10,0.0,0.0,0.0,0.0,0.0,0.0
125,Alagoinhas,ALA_L1,Schweppes_Citrus,11,0.0,0.0,0.0,0.0,0.0,0.0
125,Alagoinhas,ALA_L1,Schweppes_Citrus,12,0.0,0.0,0.0,0.0,0.0,20933.13
125,Alagoinhas,ALA_L1,Schweppes_Citrus,13,0.0,0.0,0.0,0.0,0.0,0.0
125,Alagoinhas,ALA_L1,Schweppes_Citrus,14,0.0,0.0,0.0,0.0,16717.4,16717.4
125,Alagoinhas,ALA_L1,Schweppes_Citrus,15,0.0,0.0,0.0,0.0,0.0,0.0
125,Alagoinhas,ALA_L1,Sprite_Zero,1,0.0,0.0,0.0,0.0,0.0,0.0
125,Alagoinhas,ALA_L1,Sprite_Zero,2,0.0,0.0,0.0,0.0,0.0,0.0
125,Alagoinhas,ALA_L1,Sprite_Zero,3,13379.17,0.0,0.0,0.0,13379.17,13379.17
125,Alagoinhas,ALA_L1,Sprite_Zero,4,0.0,0.0,0.0,0.0,0.0,0.0
125,Alagoinhas,ALA_L1,Sprite_Zero,5,7859.690000000002,0.0,0.0,0.0,7859.690000000002,0.0
125,Alagoinhas,ALA_L1,Sprite_Zero,6,0.0,0.0,0.0,0.0,0.0,0.0
125,Alagoinhas,ALA_L1,Sprite_Zero,7,0.0,0.0,0.0,0.0,0.0,0.0
125,Alagoinhas,ALA_L1,Sprite_Zero,8,0.0,0.0,0.0,0.0,0.0,0.0
125,Alagoinhas,ALA_L1,Sprite_Zero,9,0.0,0.0,0.0,0.0,0.0,0.0
125,Alagoinhas,ALA_L1,Sprite_Zero,10,5043.8399999999965,0.0,31541.81,0.0,0.0,26497.970000000005
125,Alagoinhas,ALA_L1,Sprite_Zero,11,0.0,0.0,0.0,0.0,0.0,0.0
125,Alagoinhas,ALA_L1,Sprite_Zero,12,0.0,0.0,0.0,0.0,0.0,0.0
125,Alagoinhas,ALA_L1,Sprite_Zero,13,0.0,0.0,0.0,0.0,0.0,0.0
125,Alagoinhas,ALA_L1,Sprite_Zero,14,0.0,0.0,0.0,0.0,0.0,0.0
125,Alagoinhas,ALA_L1,Sprite_Zero,15,0.0,0.0,0.0,0.0,0.0,0.0
125,Alagoinhas,ALA_L1,Eisenbahn_Pilsen,1,0.0,0.0,0.0,0.0,0.0,0.0
125,Alagoinhas,ALA_L1,Eisenbahn_Pilsen,2,0.0,0.0,7106.09,0.0,37464.0,32808.69
125,Alagoinhas,ALA_L1,Eisenbahn_Pilsen,3,0.0,0.0,0.0,0.0,40680.0,0.0
125,Alagoinhas,ALA_L1,Eisenbahn_Pilsen,4,0.0,0.0,0.0,0.0,35832.0,0.0
125,Alagoinhas,ALA_L1,Eisenbahn_Pilsen,5,0.0,0.0,0.0,0.0,0.0,0.0
125,Alagoinhas,ALA_L1,Eisenbahn_Pilsen,6,0.0,0.0,0.0,0.0,0.0,0.0
125,Alagoinhas,ALA_L1,Eisenbahn_Pilsen,7,0.0,0.0,0.0,0.0,0.0,0.0
125,Alagoinhas,ALA_L1,Eisenbahn_Pilsen,8,0.0,0.0,0.0,0.0,0.0,0.0
125,Alagoinhas,ALA_L1,Eisenbahn_Pilsen,9,0.0,0.0,0.0,0.0,0.0,0.0
125,Alagoinhas,ALA_L1,Eisenbahn_Pilsen,10,0.0,0.0,0.0,0.0,14154.870000000003,0.0
125,Alagoinhas,ALA_L1,Eisenbahn_Pilsen,11,0.0,0.0,0.0,0.0,25544.739999999998,0.0
125,Alagoinhas,ALA_L1,Eisenbahn_Pilsen,12,0.0,0.0,0.0,0.0,0.0,0.0
125,Alagoinhas,ALA_L1,Eisenbahn_Pilsen,13,0.0,0.0,0.0,0.0,38544.56,9880.869999999999
125,Alagoinhas,ALA_L1,Eisenbahn_Pilsen,14,0.0,0.0,0.0,0.0,0.0,0.0
125,Alagoinhas,ALA_L1,Eisenbahn_Pilsen,15,0.0,0.0,0.0,0.0,32759.21,0.0
125,Alagoinhas,ALA_L1,Del_Valle_Pessego,1,0.0,0.0,0.0,0.0,0.0,0.0
125,Alagoinhas,ALA_L1,Del_Valle_Pessego,2,0.0,0.0,0.0,0.0,0.0,0.0
125,Alagoinhas,ALA_L1,Del_Valle_Pessego,3,0.0,0.0,0.0,0.0,0.0,0.0
125,Alagoinhas,ALA_L1,Del_Valle_Pessego,4,0.0,0.0,0.0,0.0,0.0,0.0
125,Alagoinhas,ALA_L1,Del_Valle_Pessego,5,0.0,0.0,0.0,0.0,0.0,0.0
125,Alagoinhas,ALA_L1,Del_Valle_Pessego,6,0.0,0.0,0.0,0.0,0.0,0.0
125,Alagoinhas,ALA_L1,Del_Valle_Pessego,7,0.0,0.0,0.0,0.0,0.0,0.0
125,Alagoinhas,ALA_L1,Del_Valle_Pessego,8,0.0,0.0,0.0,0.0,0.0,0.0
125,Alagoinhas,ALA_L1,Del_Valle_Pessego,9,0.0,0.0,0.0,0.0,0.0,0.0
125,Alagoinhas,ALA_L1,Del_Valle_Pessego,10,0.0,0.0,0.0,0.0,0.0,0.0
125,Alagoinhas,ALA_L1,Del_Valle_Pessego,11,0.0,0.0,0.0,0.0,0.0,0.0
125,Alagoinhas,ALA_L1,Del_Valle_Pessego,12,0.0,0.0,0.0,0.0,0.0,0.0
125,Alagoinhas,ALA_L1,Del_Valle_Pessego,13,0.0,0.0,0.0,0.0,0.0,0.0
125,Alagoinhas,ALA_L1,Del_Valle_Pessego,14,0.0,0.0,0.0,0.0,0.0,0.0
125,Alagoinhas,ALA_L1,Del_Valle_Pessego,15,0.0,0.0,0.0,0.0,0.0,0.0
125,Alagoinhas,ALA_L1,Coca_Cola,1,0.0,0.0,0.0,0.0,0.0,0.0
125,Alagoinhas,ALA_L1,Coca_Cola,2,0.0,0.0,0.0,27891.58,0.0,0.0
125,Alagoinhas,ALA_L1,Coca_Cola,3,0.0,0.0,0.0,0.0,0.0,0.0
125,Alagoinhas,ALA_L1,Coca_Cola,4,0.0,0.0,0.0,0.0,0.0,0.0
125,Alagoinhas,ALA_L1,Coca_Cola,5,0.0,0.0,0.0,0.0,0.0,0.0
125,Alagoinhas,ALA_L1,Coca_Cola,6,0.0,0.0,0.0,0.0,0.0,0.0
125,Alagoinhas,ALA_L1,Coca_Cola,7,0.0,0.0,0.0,0.0,0.0,0.0
125,Alagoinhas,ALA_L1,Coca_Cola,8,0.0,0.0,0.0,0.0,0.0,0.0
125,Alagoinhas,ALA_L1,Coca_Cola,9,0.0,0.0,0.0,0.0,0.0,0.0
125,Alagoinhas,ALA_L1,Coca_Cola,10,0.0,0.0,0.0,0.0,0.0,0.0
125,Alagoinhas,ALA_L1,Coca_Cola,11,0.0,0.0,0.0,32378.1,0.0,0.0
125,Alagoinhas,ALA_L1,Coca_Cola,12,0.0,0.0,0.0,0.0,0.0,0.0
125,Alagoinhas,ALA_L1,Coca_Cola,13,0.0,0.0,0.0,0.0,0.0,0.0
125,Alagoinhas,ALA_L1,Coca_Cola,14,0.0,0.0,0.0,0.0,0.0,0.0
125,Alagoinhas,ALA_L1,Coca_Cola,15,0.0,0.0,0.0,0.0,0.0,0.0
125,Alagoinhas,ALA_L1,Amstel_Lata,1,0.0,0.0,0.0,0.0,0.0,0.0
125,Alagoinhas,ALA_L1,Amstel_Lata,2,0.0,11519.260000000002,0.0,0.0,0.0,11519.260000000002
125,Alagoinhas,ALA_L1,Amstel_Lata,3,0.0,0.0,0.0,0.0,11519.260000000002,0.0
125,Alagoinhas,ALA_L1,Amstel_Lata,4,0.0,0.0,0.0,0.0,0.0,0.0
125,Alagoinhas,ALA_L1,Amstel_Lata,5,0.0,0.0,0.0,0.0,0.0,0.0
125,Alagoinhas,ALA_L1,Amstel_Lata,6,0.0,0.0,0.0,0.0,13917.880000000026,0.0
125,Alagoinhas,ALA_L1,Amstel_Lata,7,0.0,0.0,0.0,0.0,4329.9,0.0
125,Alagoinhas,ALA_L1,Amstel_Lata,8,0.0,0.0,0.0,0.0,38832.00000000001,10315.46
125,Alagoinhas,ALA_L1,Amstel_Lata,9,0.0,0.0,0.0,0.0,41952.0,0.0
125,Alagoinhas,ALA_L1,Amstel_Lata,10,0.0,0.0,0.0,0.0,15879.489999999998,0.0
125,Alagoinhas,ALA_L1,Amstel_Lata,11,0.0,0.0,0.0,0.0,0.0,0.0
125,Alagoinhas,ALA_L1,Amstel_Lata,12,0.0,0.0,0.0,0.0,38928.0,18124.46
125,Alagoinhas,ALA_L1,Amstel_Lata,13,0.0,0.0,0.0,0.0,8416.309999999998,0.0
125,Alagoinhas,ALA_L1,Amstel_Lata,14,0.0,0.0,0.0,0.0,0.0,0.0
125,Alagoinhas,ALA_L1,Amstel_Lata,15,0.0,0.0,0.0,0.0,0.0,0.0
125,Alagoinhas,ALA_L1,Pepsi_Black,1,0.0,0.0,0.0,0.0,0.0,0.0
125,Alagoinhas,ALA_L1,Pepsi_Black,2,0.0,0.0,0.0,0.0,0.0,0.0
125,Alagoinhas,ALA_L1,Pepsi_Black,3,0.0,0.0,0.0,0.0,0.0,0.0
125,Alagoinhas,ALA_L1,Pepsi_Black,4,0.0,0.0,0.0,0.0,0.0,0.0
125,Alagoinhas,ALA_L1,Pepsi_Black,5,0.0,0.0,14243.97,0.0,0.0,14243.97
125,Alagoinhas,ALA_L1,Pepsi_Black,6,0.0,0.0,0.0,0.0,0.0,0.0
125,Alagoinhas,ALA_L1,Pepsi_Black,7,0.0,0.0,0.0,0.0,0.0,0.0
125,Alagoinhas,ALA_L1,Pepsi_Black,8,0.0,0.0,0.0,0.0,0.0,0.0
125,Alagoinhas,ALA_L1,Pepsi_Black,9,0.0,0.0,0.0,0.0,0.0,28520.06
125,Alagoinhas,ALA_L1,Pepsi_Black,10,0.0,0.0,0.0,0.0,0.0,0.0
125,Alagoinhas,ALA_L1,Pepsi_Black,11,0.0,0.0,0.0,0.0,0.0,0.0
125,Alagoinhas,ALA_L1,Pepsi_Black,12,0.0,0.0,0.0,0.0,0.0,0.0
125,Alagoinhas,ALA_L1,Pepsi_Black,13,0.0,0.0,0.0,0.0,0.0,0.0
125,Alagoinhas,ALA_L1,Pepsi_Black,14,0.0,0.0,0.0,0.0,0.0,0.0
125,Alagoinhas,ALA_L1,Pepsi_Black,15,0.0,0.0,0.0,0.0,0.0,0.0
125,Alagoinhas,ALA_L1,Del_Valle_Laranja,1,0.0,0.0,0.0,0.0,0.0,19494.41
125,Alagoinhas,ALA_L1,Del_Valle_Laranja,2,0.0,0.0,0.0,0.0,0.0,0.0
125,Alagoinhas,ALA_L1,Del_Valle_Laranja,3,0.0,0.0,0.0,0.0,0.0,0.0
125,Alagoinhas,ALA_L1,Del_Valle_Laranja,4,0.0,0.0,0.0,0.0,0.0,0.0
125,Alagoinhas,ALA_L1,Del_Valle_Laranja,5,0.0,0.0,0.0,0.0,0.0,0.0
125,Alagoinhas,ALA_L1,Del_Valle_Laranja,6,0.0,0.0,0.0,0.0,0.0,0.0
125,Alagoinhas,ALA_L1,Del_Valle_Laranja,7,0.0,0.0,43391.71000000003,2413.669999999969,0.0,43391.71000000003
125,Alagoinhas,ALA_L1,Del_Valle_Laranja,8,0.0,0.0,0.0,0.0,0.0,0.0
125,Alagoinhas,ALA_L1,Del_Valle_Laranja,9,0.0,0.0,0.0,0.0,0.0,18757.51
125,Alagoinhas,ALA_L1,Del_Valle_Laranja,10,0.0,0.0,0.0,0.0,0.0,0.0
125,Alagoinhas,ALA_L1,Del_Valle_Laranja,11,0.0,0.0,0.0,0.0,0.0,0.0
125,Alagoinhas,ALA_L1,Del_Valle_Laranja,12,0.0,0.0,0.0,0.0,0.0,0.0
125,Alagoinhas,ALA_L1,Del_Valle_Laranja,13,0.0,0.0,0.0,0.0,0.0,18369.64
125,Alagoinhas,ALA_L1,Del_Valle_Laranja,14,0.0,0.0,0.0,0.0,0.0,0.0
125,Alagoinhas,ALA_L1,Del_Valle_Laranja,15,0.0,0.0,0.0,0.0,0.0,0.0
125,Alagoinhas,ALA_L1,Itubaina,1,0.0,0.0,0.0,0.0,0.0,0.0
125,Alagoinhas,ALA_L1,Itubaina,2,0.0,0.0,0.0,0.0,0.0,0.0
125,Alagoinhas,ALA_L1,Itubaina,3,0.0,0.0,0.0,0.0,20086.410000000007,0.0
125,Alagoinhas,ALA_L1,Itubaina,4,0.0,0.0,6015.46,0.0,6015.46,6015.46
125,Alagoinhas,ALA_L1,Itubaina,5,0.0,0.0,0.0,0.0,0.0,0.0
125,Alagoinhas,ALA_L1,Itubaina,6,0.0,0.0,0.0,0.0,0.0,0.0
125,Alagoinhas,ALA_L1,Itubaina,7,0.0,0.0,0.0,0.0,16789.5,0.0
125,Alagoinhas,ALA_L1,Itubaina,8,0.0,0.0,0.0,0.0,41160.0,0.0
125,Alagoinhas,ALA_L1,Itubaina,9,0.0,0.0,0.0,0.0,0.0,0.0
125,Alagoinhas,ALA_L1,Itubaina,10,0.0,0.0,0.0,0.0,0.0,17922.19
125,Alagoinhas,ALA_L1,Itubaina,11,0.0,0.0,0.0,0.0,0.0,0.0
125,Alagoinhas,ALA_L1,Itubaina,12,0.0,0.0,2112.21,0.0,0.0,27284.969999999998
125,Alagoinhas,ALA_L1,Itubaina,13,0.0,0.0,0.0,0.0,0.0,0.0
125,Alagoinhas,ALA_L1,Itubaina,14,0.0,0.0,0.0,0.0,0.0,0.0
125,Alagoinhas,ALA_L1,Itubaina,15,0.0,0.0,0.0,0.0,0.0,0.0
125,Alagoinhas,ALA_L1,Stella_Artois_Pure_Gold,1,0.0,0.0,0.0,0.0,0.0,0.0
125,Alagoinhas,ALA_L1,Stella_Artois_Pure_Gold,2,0.0,0.0,0.0,0.0,0.0,0.0
125,Alagoinhas,ALA_L1,Stella_Artois_Pure_Gold,3,0.0,0.0,0.0,0.0,0.0,3537.76
125,Alagoinhas,ALA_L1,Stella_Artois_Pure_Gold,4,0.0,0.0,0.0,0.0,0.0,0.0
125,Alagoinhas,ALA_L1,Stella_Artois_Pure_Gold,5,0.0,0.0,0.0,0.0,0.0,0.0
125,Alagoinhas,ALA_L1,Stella_Artois_Pure_Gold,6,0.0,0.0,0.0,0.0,0.0,0.0
125,Alagoinhas,ALA_L1,Stella_Artois_Pure_Gold,7,0.0,0.0,0.0,0.0,0.0,0.0
125,Alagoinhas,ALA_L1,Stella_Artois_Pure_Gold,8,0.0,0.0,0.0,0.0,0.0,20486.87
125,Alagoinhas,ALA_L1,Stella_Artois_Pure_Gold,9,0.0,0.0,0.0,0.0,9432.530000000052,9432.530000000052
125,Alagoinhas,ALA_L1,Stella_Artois_Pure_Gold,10,0.0,0.0,0.0,0.0,0.0,0.0
125,Alagoinhas,ALA_L1,Stella_Artois_Pure_Gold,11,0.0,0.0,0.0,0.0,0.0,0.0
125,Alagoinhas,ALA_L1,Stella_Artois_Pure_Gold,12,0.0,0.0,0.0,0.0,0.0,0.0
125,Alagoinhas,ALA_L1,Stella_Artois_Pure_Gold,13,0.0,0.0,0.0,0.0,0.0,46931.11
125,Alagoinhas,ALA_L1,Stella_Artois_Pure_Gold,14,0.0,0.0,24430.2,0.0,0.0,24430.2
125,Alagoinhas,ALA_L1,Stella_Artois_Pure_Gold,15,0.0,0.0,0.0,0.0,0.0,0.0
125,Alagoinhas,ALA_L1,Maguary_Caju,1,0.0,0.0,0.0,0.0,0.0,0.0
125,Alagoinhas,ALA_L1,Maguary_Caju,2,0.0,0.0,0.0,0.0,0.0,0.0
125,Alagoinhas,ALA_L1,Maguary_Caju,3,0.0,0.0,0.0,0.0,0.0,0.0
125,Alagoinhas,ALA_L1,Maguary_Caju,4,0.0,0.0,0.0,0.0,0.0,0.0
125,Alagoinhas,ALA_L1,Maguary_Caju,5,0.0,0.0,0.0,0.0,0.0,0.0
125,Alagoinhas,ALA_L1,Maguary_Caju,6,0.0,0.0,12724.2,0.0,0.0,12724.2
125,Alagoinhas,ALA_L1,Maguary_Caju,7,0.0,0.0,0.0,0.0,0.0,0.0
125,Alagoinhas,ALA_L1,Maguary_Caju,8,0.0,0.0,16289.439999999997,38525.32000000001,0.0,16289.439999999997
125,Alagoinhas,ALA_L1,Maguary_Caju,9,0.0,0.0,0.0,0.0,3074.0099999999984,3074.0099999999984
125,Alagoinhas,ALA_L1,Maguary_Caju,10,0.0,0.0,0.0,0.0,8759.19,15308.36
125,Alagoinhas,ALA_L1,Maguary_Caju,11,0.0,0.0,0.0,0.0,0.0,0.0
125,Alagoinhas,ALA_L1,Maguary_Caju,12,0.0,0.0,0.0,0.0,0.0,0.0
125,Alagoinhas,ALA_L1,Maguary_Caju,13,0.0,0.0,0.0,0.0,0.0,0.0
125,Alagoinhas,ALA_L1,Maguary_Caju,14,0.0,0.0,0.0,0.0,0.0,0.0
125,Alagoinhas,ALA_L1,Maguary_Caju,15,0.0,0.0,0.0,0.0,0.0,0.0
125,Alagoinhas,ALA_L1,Coca_Cola_Zero,1,26439.76,0.0,0.0,0.0,26439.76,0.0
125,Alagoinhas,ALA_L1,Coca_Cola_Zero,2,0.0,0.0,0.0,0.0,0.0,0.0
125,Alagoinhas,ALA_L1,Coca_Cola_Zero,3,8276.51000000001,0.0,0.0,0.0,8276.51000000001,0.0
125,Alagoinhas,ALA_L1,Coca_Cola_Zero,4,39168.0,0.0,0.0,0.0,39168.0,12166.45
125,Alagoinhas,ALA_L1,Coca_Cola_Zero,5,0.0,0.0,0.0,0.0,0.0,0.0
125,Alagoinhas,ALA_L1,Coca_Cola_Zero,6,12368.580000000005,0.0,33025.93,0.0,0.0,20657.349999999995
125,Alagoinhas,ALA_L1,Coca_Cola_Zero,7,0.0,0.0,0.0,0.0,0.0,0.0
125,Alagoinhas,ALA_L1,Coca_Cola_Zero,8,0.0,0.0,0.0,0.0,0.0,0.0
125,Alagoinhas,ALA_L1,Coca_Cola_Zero,9,0.0,0.0,0.0,0.0,0.0,0.0
125,Alagoinhas,ALA_L1,Coca_Cola_Zero,10,0.0,0.0,0.0,0.0,0.0,0.0
125,Alagoinhas,ALA_L1,Coca_Cola_Zero,11,0.0,0.0,0.0,0.0,0.0,0.0
125,Alagoinhas,ALA_L1,Coca_Cola_Zero,12,0.0,0.0,0.0,0.0,0.0,0.0
125,Alagoinhas,ALA_L1,Coca_Cola_Zero,13,17316.759999999995,0.0,0.0,0.0,17316.759999999995,0.0
125,Alagoinhas,ALA_L1,Coca_Cola_Zero,14,34692.99,0.0,0.0,0.0,34692.99,23064.68
125,Alagoinhas,ALA_L1,Coca_Cola_Zero,15,0.0,0.0,0.0,0.0,0.0,0.0
125,Alagoinhas,ALA_L1,Pepsi,1,0.0,0.0,52136.1,0.0,20815.829999999998,52136.1
125,Alagoinhas,ALA_L1,Pepsi,2,0.0,0.0,0.0,0.0,0.0,0.0
125,Alagoinhas,ALA_L1,Pepsi,3,0.0,0.0,0.0,0.0,0.0,0.0
125,Alagoinhas,ALA_L1,Pepsi,4,0.0,0.0,0.0,0.0,31352.539999999997,15470.86
125,Alagoinhas,ALA_L1,Pepsi,5,0.0,0.0,0.0,0.0,21517.14,3689.3099999999904
125,Alagoinhas,ALA_L1,Pepsi,6,0.0,0.0,0.0,0.0,39504.00000000001,0.0
125,Alagoinhas,ALA_L1,Pepsi,7,0.0,0.0,0.0,0.0,23266.5,0.0
125,Alagoinhas,ALA_L1,Pepsi,8,0.0,0.0,0.0,0.0,0.0,0.0
125,Alagoinhas,ALA_L1,Pepsi,9,0.0,0.0,0.0,0.0,0.0,0.0
125,Alagoinhas,ALA_L1,Pepsi,10,0.0,0.0,0.0,0.0,12739.800000000003,0.0
125,Alagoinhas,ALA_L1,Pepsi,11,0.0,0.0,0.0,0.0,0.0,0.0
125,Alagoinhas,ALA_L1,Pepsi,12,0.0,0.0,0.0,0.0,0.0,0.0
125,Alagoinhas,ALA_L1,Pepsi,13,0.0,0.0,0.0,0.0,0.0,0.0
125,Alagoinhas,ALA_L1,Pepsi,14,0.0,0.0,0.0,0.0,5416.250000000004,0.0
125,Alagoinhas,ALA_L1,Pepsi,15,0.0,0.0,0.0,0.0,0.0,0.0
125,Alagoinhas,ALA_L1,Antarctica_Lata,1,0.0,0.0,0.0,0.0,0.0,20774.859999999997
125,Alagoinhas,ALA_L1,Antarctica_Lata,2,0.0,0.0,0.0,0.0,0.0,0.0
125,Alagoinhas,ALA_L1,Antarctica_Lata,3,0.0,0.0,0.0,0.0,0.0,0.0
125,Alagoinhas,ALA_L1,Antarctica_Lata,4,0.0,0.0,0.0,0.0,0.0,16022.83
125,Alagoinhas,ALA_L1,Antarctica_Lata,5,0.0,0.0,0.0,0.0,0.0,15658.64
125,Alagoinhas,ALA_L1,Antarctica_Lata,6,0.0,0.0,0.0,0.0,0.0,38064.0
125,Alagoinhas,ALA_L1,Antarctica_Lata,7,0.0,0.0,0.0,0.0,0.0,16214.349999999999
125,Alagoinhas,ALA_L1,Antarctica_Lata,8,0.0,0.0,0.0,0.0,0.0,385.37000000000324
125,Alagoinhas,ALA_L1,Antarctica_Lata,9,0.0,0.0,0.0,0.0,0.0,0.0
125,Alagoinhas,ALA_L1,Antarctica_Lata,10,0.0,0.0,0.0,0.0,0.0,0.0
125,Alagoinhas,ALA_L1,Antarctica_Lata,11,0.0,0.0,0.0,0.0,0.0,0.0
125,Alagoinhas,ALA_L1,Antarctica_Lata,12,0.0,0.0,15080.23,0.0,0.0,20496.760000000013
125,Alagoinhas,ALA_L1,Antarctica_Lata,13,0.0,0.0,0.0,0.0,0.0,0.0
125,Alagoinhas,ALA_L1,Antarctica_Lata,14,0.0,0.0,0.0,0.0,0.0,0.0
125,Alagoinhas,ALA_L1,Antarctica_Lata,15,0.0,0.0,39200.3,0.0,0.0,39200.3
125,Alagoinhas,ALA_L1,Spaten_Lata,1,0.0,0.0,0.0,0.0,0.0,0.0
125,Alagoinhas,ALA_L1,Spaten_Lata,2,0.0,0.0,12636.81,0.0,0.0,12636.81
125,Alagoinhas,ALA_L1,Spaten_Lata,3,0.0,0.0,0.0,0.0,0.0,0.0
125,Alagoinhas,ALA_L1,Spaten_Lata,4,0.0,0.0,0.0,0.0,0.0,0.0
125,Alagoinhas,ALA_L1,Spaten_Lata,5,0.0,0.0,0.0,0.0,0.0,0.0
125,Alagoinhas,ALA_L1,Spaten_Lata,6,0.0,0.0,0.0,0.0,0.0,0.0
125,Alagoinhas,ALA_L1,Spaten_Lata,7,0.0,0.0,0.0,0.0,0.0,0.0
125,Alagoinhas,ALA_L1,Spaten_Lata,8,0.0,0.0,0.0,0.0,5820.430000000004,5820.430000000004
125,Alagoinhas,ALA_L1,Spaten_Lata,9,0.0,0.0,0.0,0.0,0.0,0.0
125,Alagoinhas,ALA_L1,Spaten_Lata,10,0.0,0.0,0.0,0.0,0.0,0.0
125,Alagoinhas,ALA_L1,Spaten_Lata,11,0.0,0.0,0.0,0.0,0.0,0.0
125,Alagoinhas,ALA_L1,Spaten_Lata,12,0.0,0.0,0.0,0.0,0.0,0.0
125,Alagoinhas,ALA_L1,Spaten_Lata,13,0.0,0.0,0.0,0.0,0.0,0.0
125,Alagoinhas,ALA_L1,Spaten_Lata,14,0.0,0.0,0.0,0.0,0.0,0.0
125,Alagoinhas,ALA_L1,Spaten_Lata,15,0.0,0.0,0.0,0.0,0.0,0.0
125,Alagoinhas,ALA_L1,Heineken_Lata,1,0.0,0.0,0.0,0.0,0.0,0.0
125,Alagoinhas,ALA_L1,Heineken_Lata,2,0.0,0.0,0.0,0.0,0.0,0.0
125,Alagoinhas,ALA_L1,Heineken_Lata,3,0.0,0.0,0.0,0.0,0.0,0.0
125,Alagoinhas,ALA_L1,Heineken_Lata,4,0.0,0.0,0.0,0.0,0.0,0.0
125,Alagoinhas,ALA_L1,Heineken_Lata,5,0.0,0.0,19693.56,0.0,0.0,19693.56
125,Alagoinhas,ALA_L1,Heineken_Lata,6,0.0,0.0,0.0,0.0,0.0,0.0
125,Alagoinhas,ALA_L1,Heineken_Lata,7,0.0,0.0,0.0,0.0,0.0,0.0
125,Alagoinhas,ALA_L1,Heineken_Lata,8,0.0,0.0,0.0,0.0,0.0,0.0
125,Alagoinhas,ALA_L1,Heineken_Lata,9,0.0,0.0,0.0,0.0,0.0,0.0
125,Alagoinhas,ALA_L1,Heineken_Lata,10,0.0,0.0,0.0,0.0,0.0,0.0
125,Alagoinhas,ALA_L1,Heineken_Lata,11,0.0,0.0,0.0,0.0,0.0,0.0
125,Alagoinhas,ALA_L1,Heineken_Lata,12,0.0,0.0,0.0,0.0,0.0,0.0
125,Alagoinhas,ALA_L1,Heineken_Lata,13,0.0,0.0,0.0,0.0,0.0,0.0
125,Alagoinhas,ALA_L1,Heineken_Lata,14,0.0,0.0,130.93,0.0,0.0,130.93
125,Alagoinhas,ALA_L1,Heineken_Lata,15,0.0,0.0,0.0,0.0,0.0,0.0
125,Alagoinhas,ALA_L1,Sukita_Laranja,1,0.0,0.0,0.0,0.0,0.0,0.0
125,Alagoinhas,ALA_L1,Sukita_Laranja,2,0.0,0.0,0.0,0.0,0.0,0.0
125,Alagoinhas,ALA_L1,Sukita_Laranja,3,0.0,0.0,0.0,0.0,0.0,0.0
125,Alagoinhas,ALA_L1,Sukita_Laranja,4,0.0,0.0,0.0,0.0,0.0,0.0
125,Alagoinhas,ALA_L1,Sukita_Laranja,5,0.0,0.0,0.0,0.0,0.0,0.0
125,Alagoinhas,ALA_L1,Sukita_Laranja,6,0.0,0.0,0.0,0.0,0.0,0.0
125,Alagoinhas,ALA_L1,Sukita_Laranja,7,0.0,0.0,0.0,0.0,0.0,17635.22
125,Alagoinhas,ALA_L1,Sukita_Laranja,8,0.0,0.0,0.0,0.0,0.0,0.0
125,Alagoinhas,ALA_L1,Sukita_Laranja,9,0.0,0.0,0.0,0.0,0.0,0.0
125,Alagoinhas,ALA_L1,Sukita_Laranja,10,0.0,0.0,0.0,0.0,0.0,0.0
125,Alagoinhas,ALA_L1,Sukita_Laranja,11,0.0,0.0,0.0,0.0,0.0,0.0
125,Alagoinhas,ALA_L1,Sukita_Laranja,12,0.0,0.0,0.0,0.0,0.0,0.0
125,Alagoinhas,ALA_L1,Sukita_Laranja,13,0.0,0.0,0.0,0.0,0.0,0.0
125,Alagoinhas,ALA_L1,Sukita_Laranja,14,0.0,0.0,0.0,0.0,0.0,0.0
125,Alagoinhas,ALA_L1,Sukita_Laranja,15,0.0,0.0,0.0,0.0,0.0,0.0
125,Alagoinhas,ALA_L1,H2OH_Limao,1,0.0,0.0,0.0,0.0,0.0,0.0
125,Alagoinhas,ALA_L1,H2OH_Limao,2,0.0,0.0,0.0,0.0,0.0,0.0
125,Alagoinhas,ALA_L1,H2OH_Limao,3,0.0,0.0,0.0,0.0,0.0,0.0
125,Alagoinhas,ALA_L1,H2OH_Limao,4,0.0,0.0,0.0,0.0,0.0,0.0
125,Alagoinhas,ALA_L1,H2OH_Limao,5,0.0,0.0,0.0,0.0,0.0,0.0
125,Alagoinhas,ALA_L1,H2OH_Limao,6,0.0,0.0,0.0,0.0,0.0,0.0
125,Alagoinhas,ALA_L1,H2OH_Limao,7,0.0,0.0,0.0,0.0,0.0,0.0
125,Alagoinhas,ALA_L1,H2OH_Limao,8,0.0,0.0,0.0,0.0,0.0,0.0
125,Alagoinhas,ALA_L1,H2OH_Limao,9,0.0,0.0,0.0,0.0,0.0,0.0
125,Alagoinhas,ALA_L1,H2OH_Limao,10,0.0,0.0,15603.56,0.0,0.0,15603.56
125,Alagoinhas,ALA_L1,H2OH_Limao,11,0.0,0.0,0.0,0.0,0.0,11834.41
125,Alagoinhas,ALA_L1,H2OH_Limao,12,0.0,0.0,0.0,0.0,0.0,0.0
125,Alagoinhas,ALA_L1,H2OH_Limao,13,0.0,0.0,0.0,0.0,0.0,0.0
125,Alagoinhas,ALA_L1,H2OH_Limao,14,0.0,0.0,0.0,0.0,0.0,0.0
125,Alagoinhas,ALA_L1,H2OH_Limao,15,0.0,0.0,0.0,0.0,0.0,0.0
125,Alagoinhas,ALA_L1,Budweiser_Lata,1,0.0,0.0,0.0,0.0,0.0,16356.31
125,Alagoinhas,ALA_L1,Budweiser_Lata,2,0.0,0.0,0.0,0.0,0.0,0.0
125,Alagoinhas,ALA_L1,Budweiser_Lata,3,0.0,0.0,0.0,0.0,0.0,0.0
125,Alagoinhas,ALA_L1,Budweiser_Lata,4,0.0,0.0,0.0,0.0,0.0,0.0
125,Alagoinhas,ALA_L1,Budweiser_Lata,5,0.0,0.0,0.0,0.0,0.0,0.0
125,Alagoinhas,ALA_L1,Budweiser_Lata,6,0.0,0.0,0.0,0.0,0.0,18865.53
125,Alagoinhas,ALA_L1,Budweiser_Lata,7,0.0,0.0,0.0,0.0,0.0,0.0
125,Alagoinhas,ALA_L1,Budweiser_Lata,8,0.0,0.0,0.0,0.0,0.0,0.0
125,Alagoinhas,ALA_L1,Budweiser_Lata,9,0.0,0.0,43832.1,0.0,0.0,43832.1
125,Alagoinhas,ALA_L1,Budweiser_Lata,10,0.0,0.0,0.0,0.0,0.0,0.0
125,Alagoinhas,ALA_L1,Budweiser_Lata,11,0.0,0.0,0.0,0.0,0.0,0.0
125,Alagoinhas,ALA_L1,Budweiser_Lata,12,0.0,0.0,0.0,0.0,0.0,0.0
125,Alagoinhas,ALA_L1,Budweiser_Lata,13,0.0,0.0,0.0,0.0,0.0,0.0
125,Alagoinhas,ALA_L1,Budweiser_Lata,14,0.0,0.0,30829.15,0.0,0.0,30829.15
125,Alagoinhas,ALA_L1,Budweiser_Lata,15,0.0,0.0,0.0,0.0,0.0,31548.82
125,Alagoinhas,ALA_L1,Kuat,1,0.0,0.0,0.0,0.0,0.0,0.0
125,Alagoinhas,ALA_L1,Kuat,2,0.0,0.0,0.0,0.0,0.0,0.0
125,Alagoinhas,ALA_L1,Kuat,3,0.0,0.0,0.0,0.0,0.0,21630.84
125,Alagoinhas,ALA_L1,Kuat,4,0.0,0.0,0.0,0.0,0.0,0.0
125,Alagoinhas,ALA_L1,Kuat,5,0.0,0.0,0.0,0.0,0.0,0.0
125,Alagoinhas,ALA_L1,Kuat,6,0.0,0.0,0.0,0.0,0.0,0.0
125,Alagoinhas,ALA_L1,Kuat,7,0.0,0.0,0.0,0.0,0.0,0.0
125,Alagoinhas,ALA_L1,Kuat,8,0.0,0.0,0.0,0.0,0.0,0.0
125,Alagoinhas,ALA_L1,Kuat,9,0.0,0.0,0.0,0.0,0.0,0.0
125,Alagoinhas,ALA_L1,Kuat,10,0.0,0.0,0.0,0.0,0.0,20729.28
125,Alagoinhas,ALA_L1,Kuat,11,0.0,0.0,0.0,0.0,0.0,5997.47
125,Alagoinhas,ALA_L1,Kuat,12,0.0,0.0,0.0,0.0,0.0,0.0
125,Alagoinhas,ALA_L1,Kuat,13,0.0,0.0,0.0,0.0,0.0,0.0
125,Alagoinhas,ALA_L1,Kuat,14,0.0,0.0,0.0,0.0,0.0,0.0
125,Alagoinhas,ALA_L1,Kuat,15,0.0,0.0,0.0,0.0,0.0,0.0
125,Alagoinhas,ALA_L1,Fanta_Uva,1,14096.240000000003,0.0,0.0,0.0,14096.240000000005,0.0
125,Alagoinhas,ALA_L1,Fanta_Uva,2,31543.64999999999,0.0,0.0,0.0,31543.64999999999,0.0
125,Alagoinhas,ALA_L1,Fanta_Uva,3,14544.289999999985,0.0,0.0,0.0,14544.289999999985,0.0
125,Alagoinhas,ALA_L1,Fanta_Uva,4,0.0,0.0,0.0,0.0,0.0,0.0
125,Alagoinhas,ALA_L1,Fanta_Uva,5,0.0,0.0,0.0,0.0,0.0,0.0
125,Alagoinhas,ALA_L1,Fanta_Uva,6,25143.42,0.0,0.0,0.0,25143.419999999995,0.0
125,Alagoinhas,ALA_L1,Fanta_Uva,7,37128.0,0.0,0.0,0.0,37128.0,0.0
125,Alagoinhas,ALA_L1,Fanta_Uva,8,39120.0,0.0,0.0,0.0,39120.0,0.0
125,Alagoinhas,ALA_L1,Fanta_Uva,9,1322.779999999948,0.0,0.0,0.0,1322.779999999948,0.0
125,Alagoinhas,ALA_L1,Fanta_Uva,10,7784.96000000005,0.0,0.0,0.0,7784.96000000005,0.0
125,Alagoinhas,ALA_L1,Fanta_Uva,11,29759.88,0.0,0.0,0.0,29759.879999999997,0.0
125,Alagoinhas,ALA_L1,Fanta_Uva,12,38688.0,0.0,34087.76,0.0,4600.239999999998,0.0
125,Alagoinhas,ALA_L1,Fanta_Uva,13,17771.240000000005,0.0,0.0,0.0,17771.240000000005,0.0
125,Alagoinhas,ALA_L1,Fanta_Uva,14,7163.010000000002,0.0,0.0,0.0,7163.010000000002,22630.989999999994
125,Alagoinhas,ALA_L1,Fanta_Uva,15,24251.63,0.0,0.0,0.0,24251.63,0.0
125,Alagoinhas,ALA_L1,Sprite,1,0.0,0.0,0.0,0.0,0.0,0.0
125,Alagoinhas,ALA_L1,Sprite,2,0.0,0.0,0.0,0.0,0.0,0.0
125,Alagoinhas,ALA_L1,Sprite,3,0.0,0.0,0.0,0.0,0.0,0.0
125,Alagoinhas,ALA_L1,Sprite,4,0.0,0.0,0.0,0.0,0.0,0.0
125,Alagoinhas,ALA_L1,Sprite,5,0.0,0.0,0.0,0.0,0.0,0.0
125,Alagoinhas,ALA_L1,Sprite,6,0.0,0.0,0.0,0.0,0.0,0.0
125,Alagoinhas,ALA_L1,Sprite,7,0.0,0.0,0.0,0.0,0.0,0.0
125,Alagoinhas,ALA_L1,Sprite,8,0.0,0.0,0.0,0.0,0.0,0.0
125,Alagoinhas,ALA_L1,Sprite,9,0.0,0.0,0.0,0.0,0.0,0.0
125,Alagoinhas,ALA_L1,Sprite,10,0.0,0.0,0.0,0.0,0.0,0.0
125,Alagoinhas,ALA_L1,Sprite,11,0.0,0.0,0.0,0.0,0.0,0.0
125,Alagoinhas,ALA_L1,Sprite,12,0.0,0.0,0.0,0.0,0.0,0.0
125,Alagoinhas,ALA_L1,Sprite,13,0.0,0.0,0.0,0.0,0.0,0.0
125,Alagoinhas,ALA_L1,Sprite,14,0.0,0.0,0.0,0.0,0.0,9052.65
125,Alagoinhas,ALA_L1,Sprite,15,0.0,0.0,0.0,0.0,0.0,0.0
125,Alagoinhas,ALA_L1,Skol_Lata,1,0.0,0.0,0.0,0.0,39024.0,0.0
125,Alagoinhas,ALA_L1,Skol_Lata,2,0.0,0.0,0.0,0.0,0.0,0.0
125,Alagoinhas,ALA_L1,Skol_Lata,3,0.0,0.0,0.0,0.0,0.0,0.0
125,Alagoinhas,ALA_L1,Skol_Lata,4,0.0,0.0,0.0,0.0,0.0,0.0
125,Alagoinhas,ALA_L1,Skol_Lata,5,0.0,0.0,0.0,0.0,0.0,0.0
125,Alagoinhas,ALA_L1,Skol_Lata,6,0.0,0.0,0.0,0.0,0.0,0.0
125,Alagoinhas,ALA_L1,Skol_Lata,7,0.0,0.0,0.0,0.0,0.0,0.0
125,Alagoinhas,ALA_L1,Skol_Lata,8,0.0,0.0,0.0,0.0,0.0,0.0
125,Alagoinhas,ALA_L1,Skol_Lata,9,0.0,0.0,0.0,0.0,0.0,0.0
125,Alagoinhas,ALA_L1,Skol_Lata,10,0.0,0.0,0.0,0.0,0.0,0.0
125,Alagoinhas,ALA_L1,Skol_Lata,11,0.0,0.0,13259.18,0.0,0.0,13259.18
125,Alagoinhas,ALA_L1,Skol_Lata,12,0.0,0.0,0.0,0.0,0.0,0.0
125,Alagoinhas,ALA_L1,Skol_Lata,13,0.0,0.0,41013.26,0.0,0.0,41013.26
125,Alagoinhas,ALA_L1,Skol_Lata,14,0.0,0.0,0.0,0.0,0.0,0.0
125,Alagoinhas,ALA_L1,Skol_Lata,15,0.0,0.0,0.0,0.0,0.0,41568.0
125,Alagoinhas,ALA_L1,Guarana_Antarctica,1,0.0,0.0,0.0,0.0,0.0,0.0
125,Alagoinhas,ALA_L1,Guarana_Antarctica,2,0.0,0.0,0.0,0.0,0.0,0.0
125,Alagoinhas,ALA_L1,Guarana_Antarctica,3,0.0,0.0,0.0,0.0,0.0,0.0
125,Alagoinhas,ALA_L1,Guarana_Antarctica,4,0.0,0.0,0.0,0.0,0.0,0.0
125,Alagoinhas,ALA_L1,Guarana_Antarctica,5,0.0,0.0,0.0,0.0,0.0,0.0
125,Alagoinhas,ALA_L1,Guarana_Antarctica,6,0.0,0.0,0.0,0.0,0.0,0.0
125,Alagoinhas,ALA_L1,Guarana_Antarctica,7,0.0,0.0,0.0,0.0,0.0,0.0
125,Alagoinhas,ALA_L1,Guarana_Antarctica,8,0.0,0.0,0.0,0.0,0.0,0.0
125,Alagoinhas,ALA_L1,Guarana_Antarctica,9,0.0,0.0,0.0,0.0,0.0,0.0
125,Alagoinhas,ALA_L1,Guarana_Antarctica,10,0.0,0.0,0.0,0.0,0.0,0.0
125,Alagoinhas,ALA_L1,Guarana_Antarctica,11,0.0,0.0,0.0,0.0,0.0,0.0
125,Alagoinhas,ALA_L1,Guarana_Antarctica,12,0.0,0.0,0.0,0.0,0.0,0.0
125,Alagoinhas,ALA_L1,Guarana_Antarctica,13,0.0,0.0,0.0,0.0,0.0,0.0
125,Alagoinhas,ALA_L1,Guarana_Antarctica,14,0.0,0.0,0.0,0.0,0.0,0.0
125,Alagoinhas,ALA_L1,Guarana_Antarctica,15,0.0,0.0,0.0,0.0,0.0,0.0
125,Alagoinhas,ALA_L1,Guarana_Antarctica_Zero,1,0.0,0.0,0.0,0.0,0.0,0.0
125,Alagoinhas,ALA_L1,Guarana_Antarctica_Zero,2,0.0,0.0,0.0,0.0,0.0,0.0
125,Alagoinhas,ALA_L1,Guarana_Antarctica_Zero,3,0.0,0.0,0.0,0.0,0.0,25562.99
125,Alagoinhas,ALA_L1,Guarana_Antarctica_Zero,4,0.0,0.0,40531.65,0.0,0.0,40531.65
125,Alagoinhas,ALA_L1,Guarana_Antarctica_Zero,5,0.0,0.0,0.0,0.0,22363.94,0.0
125,Alagoinhas,ALA_L1,Guarana_Antarctica_Zero,6,0.0,0.0,0.0,0.0,48324.12,24058.00000000003
125,Alagoinhas,ALA_L1,Guarana_Antarctica_Zero,7,0.0,0.0,0.0,0.0,20325.94,27138.35
125,Alagoinhas,ALA_L1,Guarana_Antarctica_Zero,8,0.0,0.0,0.0,0.0,0.0,0.0
125,Alagoinhas,ALA_L1,Guarana_Antarctica_Zero,9,0.0,0.0,0.0,0.0,0.0,0.0
125,Alagoinhas,ALA_L1,Guarana_Antarctica_Zero,10,0.0,0.0,0.0,0.0,0.0,0.0
125,Alagoinhas,ALA_L1,Guarana_Antarctica_Zero,11,0.0,0.0,0.0,0.0,29811.840000000007,39024.0
125,Alagoinhas,ALA_L1,Guarana_Antarctica_Zero,12,0.0,0.0,0.0,0.0,0.0,0.0
125,Alagoinhas,ALA_L1,Guarana_Antarctica_Zero,13,0.0,0.0,0.0,0.0,0.0,0.0
125,Alagoinhas,ALA_L1,Guarana_Antarctica_Zero,14,0.0,0.0,0.0,0.0,38807.99999999999,0.0
125,Alagoinhas,ALA_L1,Guarana_Antarctica_Zero,15,0.0,0.0,0.0,0.0,0.0,12710.32
125,Alagoinhas,ALA_L1,Del_Valle_Uva,1,0.0,0.0,0.0,0.0,4059.8600000000024,0.0
125,Alagoinhas,ALA_L1,Del_Valle_Uva,2,0.0,1563.5600000000031,0.0,0.0,33202.47,1563.5600000000031
125,Alagoinhas,ALA_L1,Del_Valle_Uva,3,0.0,0.0,1563.5600000000031,43625.42999999999,17689.589999999993,0.0
125,Alagoinhas,ALA_L1,Del_Valle_Uva,4,0.0,0.0,0.0,0.0,0.0,0.0
125,Alagoinhas,ALA_L1,Del_Valle_Uva,5,0.0,0.0,0.0,0.0,0.0,0.0
125,Alagoinhas,ALA_L1,Del_Valle_Uva,6,0.0,0.0,0.0,0.0,0.0,0.0
125,Alagoinhas,ALA_L1,Del_Valle_Uva,7,0.0,0.0,0.0,0.0,0.0,0.0
125,Alagoinhas,ALA_L1,Del_Valle_Uva,8,0.0,0.0,0.0,0.0,0.0,0.0
125,Alagoinhas,ALA_L1,Del_Valle_Uva,9,0.0,0.0,0.0,0.0,38184.0,0.0
125,Alagoinhas,ALA_L1,Del_Valle_Uva,10,0.0,0.0,0.0,0.0,24052.199999999997,24052.199999999997
125,Alagoinhas,ALA_L1,Del_Valle_Uva,11,0.0,0.0,0.0,0.0,21415.110000000008,0.0
125,Alagoinhas,ALA_L1,Del_Valle_Uva,12,0.0,0.0,0.0,0.0,35028.4,0.0
125,Alagoinhas,ALA_L1,Del_Valle_Uva,13,0.0,0.0,0.0,0.0,39408.0,0.0
125,Alagoinhas,ALA_L1,Del_Valle_Uva,14,0.0,0.0,0.0,0.0,35287.74999999999,0.0
125,Alagoinhas,ALA_L1,Del_Valle_Uva,15,0.0,0.0,0.0,0.0,35856.0,0.0
125,Alagoinhas,ALA_L1,Brahma_Lata,1,0.0,0.0,0.0,0.0,0.0,0.0
125,Alagoinhas,ALA_L1,Brahma_Lata,2,0.0,0.0,0.0,0.0,0.0,0.0
125,Alagoinhas,ALA_L1,Brahma_Lata,3,0.0,0.0,0.0,0.0,0.0,0.0
125,Alagoinhas,ALA_L1,Brahma_Lata,4,0.0,0.0,0.0,0.0,0.0,0.0
125,Alagoinhas,ALA_L1,Brahma_Lata,5,0.0,0.0,0.0,0.0,0.0,0.0
125,Alagoinhas,ALA_L1,Brahma_Lata,6,0.0,0.0,0.0,0.0,0.0,0.0
125,Alagoinhas,ALA_L1,Brahma_Lata,7,0.0,0.0,0.0,0.0,0.0,0.0
125,Alagoinhas,ALA_L1,Brahma_Lata,8,0.0,0.0,0.0,0.0,0.0,21557.86
125,Alagoinhas,ALA_L1,Brahma_Lata,9,0.0,0.0,0.0,0.0,0.0,0.0
125,Alagoinhas,ALA_L1,Brahma_Lata,10,0.0,0.0,0.0,0.0,0.0,0.0
125,Alagoinhas,ALA_L1,Brahma_Lata,11,0.0,0.0,0.0,0.0,0.0,0.0
125,Alagoinhas,ALA_L1,Brahma_Lata,12,0.0,0.0,0.0,0.0,0.0,0.0
125,Alagoinhas,ALA_L1,Brahma_Lata,13,0.0,0.0,0.0,0.0,0.0,0.0
125,Alagoinhas,ALA_L1,Brahma_Lata,14,0.0,0.0,0.0,0.0,0.0,0.0
125,Alagoinhas,ALA_L1,Brahma_Lata,15,0.0,0.0,0.0,0.0,0.0,0.0
125,Alagoinhas,ALA_L1,Itaipava_Lata,1,0.0,0.0,0.0,0.0,0.0,0.0
125,Alagoinhas,ALA_L1,Itaipava_Lata,2,0.0,0.0,0.0,0.0,0.0,0.0
125,Alagoinhas,ALA_L1,Itaipava_Lata,3,0.0,0.0,0.0,0.0,0.0,0.0
125,Alagoinhas,ALA_L1,Itaipava_Lata,4,0.0,0.0,0.0,0.0,0.0,0.0
125,Alagoinhas,ALA_L1,Itaipava_Lata,5,0.0,0.0,0.0,0.0,0.0,0.0
125,Alagoinhas,ALA_L1,Itaipava_Lata,6,0.0,0.0,0.0,0.0,0.0,0.0
125,Alagoinhas,ALA_L1,Itaipava_Lata,7,0.0,0.0,0.0,0.0,0.0,0.0
125,Alagoinhas,ALA_L1,Itaipava_Lata,8,0.0,0.0,0.0,0.0,0.0,0.0
125,Alagoinhas,ALA_L1,Itaipava_Lata,9,0.0,0.0,0.0,0.0,0.0,0.0
125,Alagoinhas,ALA_L1,Itaipava_Lata,10,0.0,0.0,0.0,0.0,0.0,0.0
125,Alagoinhas,ALA_L1,Itaipava_Lata,11,0.0,0.0,0.0,0.0,0.0,0.0
125,Alagoinhas,ALA_L1,Itaipava_Lata,12,0.0,0.0,0.0,0.0,0.0,0.0
125,Alagoinhas,ALA_L1,Itaipava_Lata,13,0.0,0.0,0.0,0.0,0.0,0.0
125,Alagoinhas,ALA_L1,Itaipava_Lata,14,0.0,0.0,0.0,0.0,0.0,0.0
125,Alagoinhas,ALA_L1,Itaipava_Lata,15,0.0,0.0,0.0,0.0,0.0,0.0
125,Alagoinhas,ALA_L2,Maguary_Maracuja,1,0.0,0.0,0.0,0.0,0.0,0.0
125,Alagoinhas,ALA_L2,Maguary_Maracuja,2,0.0,0.0,0.0,0.0,0.0,0.0
125,Alagoinhas,ALA_L2,Maguary_Maracuja,3,0.0,0.0,0.0,0.0,0.0,0.0
125,Alagoinhas,ALA_L2,Maguary_Maracuja,4,0.0,0.0,0.0,0.0,0.0,0.0
125,Alagoinhas,ALA_L2,Maguary_Maracuja,5,0.0,0.0,0.0,0.0,0.0,8904.66
125,Alagoinhas,ALA_L2,Maguary_Maracuja,6,0.0,0.0,0.0,0.0,0.0,0.0
125,Alagoinhas,ALA_L2,Maguary_Maracuja,7,0.0,0.0,0.0,0.0,0.0,0.0
125,Alagoinhas,ALA_L2,Maguary_Maracuja,8,0.0,0.0,0.0,0.0,0.0,0.0
125,Alagoinhas,ALA_L2,Maguary_Maracuja,9,0.0,0.0,0.0,0.0,0.0,0.0
125,Alagoinhas,ALA_L2,Maguary_Maracuja,10,0.0,0.0,0.0,0.0,0.0,0.0
125,Alagoinhas,ALA_L2,Maguary_Maracuja,11,0.0,0.0,0.0,0.0,0.0,0.0
125,Alagoinhas,ALA_L2,Maguary_Maracuja,12,0.0,0.0,0.0,0.0,0.0,0.0
125,Alagoinhas,ALA_L2,Maguary_Maracuja,13,0.0,0.0,0.0,0.0,0.0,28861.86
125,Alagoinhas,ALA_L2,Maguary_Maracuja,14,0.0,0.0,0.0,0.0,0.0,0.0
125,Alagoinhas,ALA_L2,Maguary_Maracuja,15,0.0,0.0,0.0,0.0,0.0,0.0
125,Alagoinhas,ALA_L2,Fanta_Laranja,1,0.0,0.0,0.0,0.0,0.0,0.0
125,Alagoinhas,ALA_L2,Fanta_Laranja,2,0.0,0.0,0.0,0.0,6784.350000000014,0.0
125,Alagoinhas,ALA_L2,Fanta_Laranja,3,0.0,0.0,0.0,0.0,328.0300000000061,0.0
125,Alagoinhas,ALA_L2,Fanta_Laranja,4,0.0,0.0,0.0,0.0,0.0,48276.35
125,Alagoinhas,ALA_L2,Fanta_Laranja,5,0.0,0.0,0.0,0.0,16061.329999999998,0.0
125,Alagoinhas,ALA_L2,Fanta_Laranja,6,0.0,0.0,0.0,0.0,0.0,0.0
125,Alagoinhas,ALA_L2,Fanta_Laranja,7,0.0,0.0,0.0,0.0,8857.699999999999,8857.699999999999
125,Alagoinhas,ALA_L2,Fanta_Laranja,8,0.0,0.0,0.0,0.0,0.0,0.0
125,Alagoinhas,ALA_L2,Fanta_Laranja,9,0.0,0.0,0.0,0.0,34413.22000000005,0.0
125,Alagoinhas,ALA_L2,Fanta_Laranja,10,0.0,0.0,0.0,0.0,25115.199999999953,0.0
125,Alagoinhas,ALA_L2,Fanta_Laranja,11,0.0,0.0,0.0,0.0,7224.120000000003,0.0
125,Alagoinhas,ALA_L2,Fanta_Laranja,12,0.0,0.0,0.0,0.0,0.0,0.0
125,Alagoinhas,ALA_L2,Fanta_Laranja,13,0.0,0.0,0.0,0.0,0.0,0.0
125,Alagoinhas,ALA_L2,Fanta_Laranja,14,0.0,0.0,0.0,0.0,0.0,0.0
125,Alagoinhas,ALA_L2,Fanta_Laranja,15,0.0,0.0,0.0,0.0,11556.369999999999,0.0
125,Alagoinhas,ALA_L2,Schweppes_Citrus,1,0.0,0.0,0.0,0.0,8454.36,8454.36
125,Alagoinhas,ALA_L2,Schweppes_Citrus,2,0.0,0.0,0.0,0.0,0.0,0.0
125,Alagoinhas,ALA_L2,Schweppes_Citrus,3,0.0,0.0,0.0,0.0,0.0,0.0
125,Alagoinhas,ALA_L2,Schweppes_Citrus,4,0.0,0.0,0.0,0.0,0.0,0.0
125,Alagoinhas,ALA_L2,Schweppes_Citrus,5,0.0,0.0,0.0,0.0,6695.6,6695.6
125,Alagoinhas,ALA_L2,Schweppes_Citrus,6,0.0,0.0,0.0,0.0,0.0,0.0
125,Alagoinhas,ALA_L2,Schweppes_Citrus,7,0.0,0.0,0.0,0.0,0.0,0.0
125,Alagoinhas,ALA_L2,Schweppes_Citrus,8,0.0,0.0,0.0,0.0,0.0,0.0
125,Alagoinhas,ALA_L2,Schweppes_Citrus,9,0.0,0.0,0.0,0.0,12750.46,12750.46
125,Alagoinhas,ALA_L2,Schweppes_Citrus,10,0.0,0.0,0.0,0.0,0.0,0.0
125,Alagoinhas,ALA_L2,Schweppes_Citrus,11,0.0,0.0,0.0,0.0,0.0,0.0
125,Alagoinhas,ALA_L2,Schweppes_Citrus,12,0.0,0.0,20933.13,0.0,0.0,20933.13
125,Alagoinhas,ALA_L2,Schweppes_Citrus,13,0.0,0.0,0.0,0.0,0.0,0.0
125,Alagoinhas,ALA_L2,Schweppes_Citrus,14,0.0,0.0,0.0,0.0,16717.4,16717.4
125,Alagoinhas,ALA_L2,Schweppes_Citrus,15,0.0,0.0,0.0,0.0,0.0,0.0
125,Alagoinhas,ALA_L2,Sprite_Zero,1,0.0,0.0,0.0,0.0,0.0,0.0
125,Alagoinhas,ALA_L2,Sprite_Zero,2,0.0,0.0,0.0,0.0,0.0,0.0
125,Alagoinhas,ALA_L2,Sprite_Zero,3,0.0,0.0,0.0,0.0,13379.17,13379.17
125,Alagoinhas,ALA_L2,Sprite_Zero,4,0.0,0.0,0.0,0.0,0.0,0.0
125,Alagoinhas,ALA_L2,Sprite_Zero,5,0.0,0.0,0.0,0.0,7859.690000000002,0.0
125,Alagoinhas,ALA_L2,Sprite_Zero,6,0.0,0.0,0.0,0.0,0.0,0.0
125,Alagoinhas,ALA_L2,Sprite_Zero,7,0.0,0.0,0.0,0.0,0.0,0.0
125,Alagoinhas,ALA_L2,Sprite_Zero,8,0.0,0.0,0.0,0.0,0.0,0.0
125,Alagoinhas,ALA_L2,Sprite_Zero,9,0.0,0.0,0.0,0.0,0.0,0.0
125,Alagoinhas,ALA_L2,Sprite_Zero,10,0.0,0.0,0.0,0.0,0.0,26497.970000000005
125,Alagoinhas,ALA_L2,Sprite_Zero,11,0.0,0.0,0.0,0.0,0.0,0.0
125,Alagoinhas,ALA_L2,Sprite_Zero,12,0.0,0.0,0.0,0.0,0.0,0.0
125,Alagoinhas,ALA_L2,Sprite_Zero,13,0.0,0.0,0.0,0.0,0.0,0.0
125,Alagoinhas,ALA_L2,Sprite_Zero,14,0.0,0.0,0.0,0.0,0.0,0.0
125,Alagoinhas,ALA_L2,Sprite_Zero,15,0.0,0.0,0.0,0.0,0.0,0.0
125,Alagoinhas,ALA_L2,Eisenbahn_Pilsen,1,0.0,0.0,0.0,0.0,0.0,0.0
125,Alagoinhas,ALA_L2,Eisenbahn_Pilsen,2,37464.0,0.0,0.0,0.0,37464.0,32808.69
125,Alagoinhas,ALA_L2,Eisenbahn_Pilsen,3,40680.0,0.0,0.0,0.0,40680.0,0.0
125,Alagoinhas,ALA_L2,Eisenbahn_Pilsen,4,35832.0,0.0,0.0,0.0,35832.0,0.0
125,Alagoinhas,ALA_L2,Eisenbahn_Pilsen,5,0.0,0.0,0.0,0.0,0.0,0.0
125,Alagoinhas,ALA_L2,Eisenbahn_Pilsen,6,0.0,0.0,0.0,0.0,0.0,0.0
125,Alagoinhas,ALA_L2,Eisenbahn_Pilsen,7,0.0,0.0,0.0,0.0,0.0,0.0
125,Alagoinhas,ALA_L2,Eisenbahn_Pilsen,8,0.0,0.0,0.0,0.0,0.0,0.0
125,Alagoinhas,ALA_L2,Eisenbahn_Pilsen,9,0.0,0.0,0.0,0.0,0.0,0.0
125,Alagoinhas,ALA_L2,Eisenbahn_Pilsen,10,22808.510000000002,0.0,8653.64,0.0,14154.870000000003,0.0
125,Alagoinhas,ALA_L2,Eisenbahn_Pilsen,11,25544.739999999998,0.0,0.0,0.0,25544.739999999998,0.0
125,Alagoinhas,ALA_L2,Eisenbahn_Pilsen,12,0.0,0.0,0.0,0.0,0.0,0.0
125,Alagoinhas,ALA_L2,Eisenbahn_Pilsen,13,28663.69,0.0,0.0,0.0,38544.56,9880.869999999999
125,Alagoinhas,ALA_L2,Eisenbahn_Pilsen,14,0.0,0.0,0.0,0.0,0.0,0.0
125,Alagoinhas,ALA_L2,Eisenbahn_Pilsen,15,32759.21,0.0,0.0,0.0,32759.21,0.0
125,Alagoinhas,ALA_L2,Del_Valle_Pessego,1,0.0,0.0,0.0,0.0,0.0,0.0
125,Alagoinhas,ALA_L2,Del_Valle_Pessego,2,0.0,0.0,0.0,0.0,0.0,0.0
125,Alagoinhas,ALA_L2,Del_Valle_Pessego,3,0.0,0.0,0.0,0.0,0.0,0.0
125,Alagoinhas,ALA_L2,Del_Valle_Pessego,4,0.0,0.0,0.0,0.0,0.0,0.0
125,Alagoinhas,ALA_L2,Del_Valle_Pessego,5,0.0,0.0,0.0,13365.42,0.0,0.0
125,Alagoinhas,ALA_L2,Del_Valle_Pessego,6,0.0,0.0,0.0,0.0,0.0,0.0
125,Alagoinhas,ALA_L2,Del_Valle_Pessego,7,0.0,0.0,0.0,0.0,0.0,0.0
125,Alagoinhas,ALA_L2,Del_Valle_Pessego,8,0.0,0.0,0.0,0.0,0.0,0.0
125,Alagoinhas,ALA_L2,Del_Valle_Pessego,9,0.0,0.0,0.0,0.0,0.0,0.0
125,Alagoinhas,ALA_L2,Del_Valle_Pessego,10,0.0,0.0,0.0,0.0,0.0,0.0
125,Alagoinhas,ALA_L2,Del_Valle_Pessego,11,0.0,0.0,0.0,0.0,0.0,0.0
125,Alagoinhas,ALA_L2,Del_Valle_Pessego,12,0.0,0.0,0.0,0.0,0.0,0.0
125,Alagoinhas,ALA_L2,Del_Valle_Pessego,13,0.0,0.0,0.0,0.0,0.0,0.0
125,Alagoinhas,ALA_L2,Del_Valle_Pessego,14,0.0,0.0,0.0,0.0,0.0,0.0
125,Alagoinhas,ALA_L2,Del_Valle_Pessego,15,0.0,0.0,0.0,0.0,0.0,0.0
125,Alagoinhas,ALA_L2,Coca_Cola,1,0.0,0.0,0.0,0.0,0.0,0.0
125,Alagoinhas,ALA_L2,Coca_Cola,2,0.0,0.0,0.0,0.0,0.0,0.0
125,Alagoinhas,ALA_L2,Coca_Cola,3,0.0,0.0,0.0,0.0,0.0,0.0
125,Alagoinhas,ALA_L2,Coca_Cola,4,0.0,0.0,0.0,0.0,0.0,0.0
125,Alagoinhas,ALA_L2,Coca_Cola,5,0.0,0.0,0.0,0.0,0.0,0.0
125,Alagoinhas,ALA_L2,Coca_Cola,6,0.0,0.0,0.0,0.0,0.0,0.0
125,Alagoinhas,ALA_L2,Coca_Cola,7,0.0,0.0,0.0,0.0,0.0,0.0
125,Alagoinhas,ALA_L2,Coca_Cola,8,0.0,0.0,0.0,0.0,0.0,0.0
125,Alagoinhas,ALA_L2,Coca_Cola,9,0.0,0.0,0.0,31607.36,0.0,0.0
125,Alagoinhas,ALA_L2,Coca_Cola,10,0.0,0.0,0.0,0.0,0.0,0.0
125,Alagoinhas,ALA_L2,Coca_Cola,11,0.0,0.0,0.0,32114.99,0.0,0.0
125,Alagoinhas,ALA_L2,Coca_Cola,12,0.0,0.0,0.0,0.0,0.0,0.0
125,Alagoinhas,ALA_L2,Coca_Cola,13,0.0,0.0,0.0,0.0,0.0,0.0
125,Alagoinhas,ALA_L2,Coca_Cola,14,0.0,0.0,0.0,0.0,0.0,0.0
125,Alagoinhas,ALA_L2,Coca_Cola,15,0.0,0.0,0.0,0.0,0.0,0.0
125,Alagoinhas,ALA_L2,Amstel_Lata,1,0.0,0.0,0.0,0.0,0.0,0.0
125,Alagoinhas,ALA_L2,Amstel_Lata,2,0.0,0.0,0.0,0.0,0.0,11519.260000000002
125,Alagoinhas,ALA_L2,Amstel_Lata,3,0.0,0.0,0.0,0.0,11519.260000000002,0.0
125,Alagoinhas,ALA_L2,Amstel_Lata,4,0.0,0.0,0.0,0.0,0.0,0.0
125,Alagoinhas,ALA_L2,Amstel_Lata,5,14932.06,0.0,14932.06,0.0,0.0,0.0
125,Alagoinhas,ALA_L2,Amstel_Lata,6,13917.880000000026,0.0,0.0,0.0,13917.880000000026,0.0
125,Alagoinhas,ALA_L2,Amstel_Lata,7,4329.9,0.0,0.0,0.0,4329.9,0.0
125,Alagoinhas,ALA_L2,Amstel_Lata,8,38832.0,0.0,0.0,0.0,38832.00000000001,10315.46
125,Alagoinhas,ALA_L2,Amstel_Lata,9,41952.0,0.0,0.0,0.0,41952.0,0.0
125,Alagoinhas,ALA_L2,Amstel_Lata,10,15879.489999999998,0.0,0.0,0.0,15879.489999999998,0.0
125,Alagoinhas,ALA_L2,Amstel_Lata,11,0.0,0.0,0.0,0.0,0.0,0.0
125,Alagoinhas,ALA_L2,Amstel_Lata,12,38928.0,0.0,0.0,0.0,38928.0,18124.46
125,Alagoinhas,ALA_L2,Amstel_Lata,13,8416.309999999998,0.0,0.0,0.0,8416.309999999998,0.0
125,Alagoinhas,ALA_L2,Amstel_Lata,14,0.0,0.0,0.0,0.0,0.0,0.0
125,Alagoinhas,ALA_L2,Amstel_Lata,15,0.0,0.0,0.0,0.0,0.0,0.0
125,Alagoinhas,ALA_L2,Pepsi_Black,1,0.0,0.0,0.0,0.0,0.0,0.0
125,Alagoinhas,ALA_L2,Pepsi_Black,2,0.0,0.0,0.0,0.0,0.0,0.0
125,Alagoinhas,ALA_L2,Pepsi_Black,3,0.0,0.0,0.0,0.0,0.0,0.0
125,Alagoinhas,ALA_L2,Pepsi_Black,4,0.0,0.0,0.0,0.0,0.0,0.0
125,Alagoinhas,ALA_L2,Pepsi_Black,5,0.0,0.0,0.0,0.0,0.0,14243.97
125,Alagoinhas,ALA_L2,Pepsi_Black,6,0.0,0.0,0.0,0.0,0.0,0.0
125,Alagoinhas,ALA_L2,Pepsi_Black,7,0.0,0.0,0.0,0.0,0.0,0.0
125,Alagoinhas,ALA_L2,Pepsi_Black,8,0.0,0.0,0.0,0.0,0.0,0.0
125,Alagoinhas,ALA_L2,Pepsi_Black,9,0.0,0.0,0.0,0.0,0.0,28520.06
125,Alagoinhas,ALA_L2,Pepsi_Black,10,0.0,0.0,0.0,0.0,0.0,0.0
125,Alagoinhas,ALA_L2,Pepsi_Black,11,0.0,0.0,0.0,0.0,0.0,0.0
125,Alagoinhas,ALA_L2,Pepsi_Black,12,0.0,0.0,0.0,0.0,0.0,0.0
125,Alagoinhas,ALA_L2,Pepsi_Black,13,0.0,0.0,0.0,0.0,0.0,0.0
125,Alagoinhas,ALA_L2,Pepsi_Black,14,0.0,0.0,0.0,0.0,0.0,0.0
125,Alagoinhas,ALA_L2,Pepsi_Black,15,0.0,0.0,0.0,0.0,0.0,0.0
125,Alagoinhas,ALA_L2,Del_Valle_Laranja,1,0.0,0.0,0.0,0.0,0.0,19494.41
125,Alagoinhas,ALA_L2,Del_Valle_Laranja,2,0.0,0.0,0.0,0.0,0.0,0.0
125,Alagoinhas,ALA_L2,Del_Valle_Laranja,3,0.0,0.0,0.0,0.0,0.0,0.0
125,Alagoinhas,ALA_L2,Del_Valle_Laranja,4,0.0,0.0,0.0,0.0,0.0,0.0
125,Alagoinhas,ALA_L2,Del_Valle_Laranja,5,0.0,0.0,0.0,0.0,0.0,0.0
125,Alagoinhas,ALA_L2,Del_Valle_Laranja,6,0.0,0.0,0.0,0.0,0.0,0.0
125,Alagoinhas,ALA_L2,Del_Valle_Laranja,7,0.0,0.0,0.0,0.0,0.0,43391.71000000003
125,Alagoinhas,ALA_L2,Del_Valle_Laranja,8,0.0,0.0,0.0,0.0,0.0,0.0
125,Alagoinhas,ALA_L2,Del_Valle_Laranja,9,0.0,0.0,0.0,0.0,0.0,18757.51
125,Alagoinhas,ALA_L2,Del_Valle_Laranja,10,0.0,0.0,0.0,0.0,0.0,0.0
125,Alagoinhas,ALA_L2,Del_Valle_Laranja,11,0.0,0.0,0.0,0.0,0.0,0.0
125,Alagoinhas,ALA_L2,Del_Valle_Laranja,12,0.0,0.0,0.0,0.0,0.0,0.0
125,Alagoinhas,ALA_L2,Del_Valle_Laranja,13,0.0,0.0,0.0,0.0,0.0,18369.64
125,Alagoinhas,ALA_L2,Del_Valle_Laranja,14,0.0,0.0,0.0,0.0,0.0,0.0
125,Alagoinhas,ALA_L2,Del_Valle_Laranja,15,0.0,0.0,0.0,0.0,0.0,0.0
125,Alagoinhas,ALA_L2,Itubaina,1,0.0,0.0,0.0,0.0,0.0,0.0
125,Alagoinhas,ALA_L2,Itubaina,2,0.0,0.0,0.0,0.0,0.0,0.0
125,Alagoinhas,ALA_L2,Itubaina,3,0.0,0.0,0.0,0.0,20086.410000000007,0.0
125,Alagoinhas,ALA_L2,Itubaina,4,0.0,0.0,0.0,0.0,6015.46,6015.46
125,Alagoinhas,ALA_L2,Itubaina,5,0.0,0.0,0.0,0.0,0.0,0.0
125,Alagoinhas,ALA_L2,Itubaina,6,0.0,0.0,0.0,0.0,0.0,0.0
125,Alagoinhas,ALA_L2,Itubaina,7,0.0,0.0,0.0,0.0,16789.5,0.0
125,Alagoinhas,ALA_L2,Itubaina,8,0.0,0.0,0.0,0.0,41160.0,0.0
125,Alagoinhas,ALA_L2,Itubaina,9,0.0,0.0,0.0,0.0,0.0,0.0
125,Alagoinhas,ALA_L2,Itubaina,10,0.0,0.0,0.0,0.0,0.0,17922.19
125,Alagoinhas,ALA_L2,Itubaina,11,0.0,0.0,0.0,0.0,0.0,0.0
125,Alagoinhas,ALA_L2,Itubaina,12,0.0,0.0,0.0,0.0,0.0,27284.969999999998
125,Alagoinhas,ALA_L2,Itubaina,13,0.0,0.0,0.0,0.0,0.0,0.0
125,Alagoinhas,ALA_L2,Itubaina,14,0.0,0.0,0.0,0.0,0.0,0.0
125,Alagoinhas,ALA_L2,Itubaina,15,0.0,0.0,0.0,0.0,0.0,0.0
125,Alagoinhas,ALA_L2,Stella_Artois_Pure_Gold,1,0.0,0.0,0.0,0.0,0.0,0.0
125,Alagoinhas,ALA_L2,Stella_Artois_Pure_Gold,2,0.0,0.0,0.0,0.0,0.0,0.0
125,Alagoinhas,ALA_L2,Stella_Artois_Pure_Gold,3,0.0,0.0,3537.76,0.0,0.0,3537.76
125,Alagoinhas,ALA_L2,Stella_Artois_Pure_Gold,4,0.0,0.0,0.0,0.0,0.0,0.0
125,Alagoinhas,ALA_L2,Stella_Artois_Pure_Gold,5,0.0,0.0,0.0,0.0,0.0,0.0
125,Alagoinhas,ALA_L2,Stella_Artois_Pure_Gold,6,0.0,0.0,0.0,0.0,0.0,0.0
125,Alagoinhas,ALA_L2,Stella_Artois_Pure_Gold,7,0.0,0.0,0.0,0.0,0.0,0.0
125,Alagoinhas,ALA_L2,Stella_Artois_Pure_Gold,8,0.0,0.0,0.0,0.0,0.0,20486.87
125,Alagoinhas,ALA_L2,Stella_Artois_Pure_Gold,9,0.0,0.0,0.0,0.0,9432.530000000052,9432.530000000052
125,Alagoinhas,ALA_L2,Stella_Artois_Pure_Gold,10,0.0,0.0,0.0,0.0,0.0,0.0
125,Alagoinhas,ALA_L2,Stella_Artois_Pure_Gold,11,0.0,0.0,0.0,0.0,0.0,0.0
125,Alagoinhas,ALA_L2,Stella_Artois_Pure_Gold,12,0.0,0.0,0.0,0.0,0.0,0.0
125,Alagoinhas,ALA_L2,Stella_Artois_Pure_Gold,13,0.0,0.0,46931.11,0.0,0.0,46931.11
125,Alagoinhas,ALA_L2,Stella_Artois_Pure_Gold,14,0.0,0.0,0.0,0.0,0.0,24430.2
125,Alagoinhas,ALA_L2,Stella_Artois_Pure_Gold,15,0.0,0.0,0.0,0.0,0.0,0.0
125,Alagoinhas,ALA_L2,Maguary_Caju,1,0.0,0.0,0.0,0.0,0.0,0.0
125,Alagoinhas,ALA_L2,Maguary_Caju,2,0.0,0.0,0.0,0.0,0.0,0.0
125,Alagoinhas,ALA_L2,Maguary_Caju,3,0.0,0.0,0.0,0.0,0.0,0.0
125,Alagoinhas,ALA_L2,Maguary_Caju,4,0.0,0.0,0.0,0.0,0.0,0.0
125,Alagoinhas,ALA_L2,Maguary_Caju,5,0.0,0.0,0.0,0.0,0.0,0.0
125,Alagoinhas,ALA_L2,Maguary_Caju,6,0.0,0.0,0.0,0.0,0.0,12724.2
125,Alagoinhas,ALA_L2,Maguary_Caju,7,0.0,0.0,0.0,0.0,0.0,0.0
125,Alagoinhas,ALA_L2,Maguary_Caju,8,0.0,0.0,0.0,0.0,0.0,16289.439999999997
125,Alagoinhas,ALA_L2,Maguary_Caju,9,0.0,0.0,0.0,0.0,3074.0099999999984,3074.0099999999984
125,Alagoinhas,ALA_L2,Maguary_Caju,10,0.0,0.0,0.0,0.0,8759.19,15308.36
125,Alagoinhas,ALA_L2,Maguary_Caju,11,0.0,0.0,0.0,0.0,0.0,0.0
125,Alagoinhas,ALA_L2,Maguary_Caju,12,0.0,0.0,0.0,0.0,0.0,0.0
125,Alagoinhas,ALA_L2,Maguary_Caju,13,0.0,0.0,0.0,0.0,0.0,0.0
125,Alagoinhas,ALA_L2,Maguary_Caju,14,0.0,0.0,0.0,0.0,0.0,0.0
125,Alagoinhas,ALA_L2,Maguary_Caju,15,0.0,0.0,0.0,0.0,0.0,0.0
125,Alagoinhas,ALA_L2,Coca_Cola_Zero,1,0.0,0.0,0.0,0.0,26439.76,0.0
125,Alagoinhas,ALA_L2,Coca_Cola_Zero,2,0.0,0.0,0.0,0.0,0.0,0.0
125,Alagoinhas,ALA_L2,Coca_Cola_Zero,3,0.0,0.0,0.0,0.0,8276.51000000001,0.0
125,Alagoinhas,ALA_L2,Coca_Cola_Zero,4,0.0,0.0,12166.45,0.0,39168.0,12166.45
125,Alagoinhas,ALA_L2,Coca_Cola_Zero,5,0.0,0.0,0.0,0.0,0.0,0.0
125,Alagoinhas,ALA_L2,Coca_Cola_Zero,6,0.0,0.0,0.0,0.0,0.0,20657.349999999995
125,Alagoinhas,ALA_L2,Coca_Cola_Zero,7,0.0,0.0,0.0,0.0,0.0,0.0
125,Alagoinhas,ALA_L2,Coca_Cola_Zero,8,0.0,0.0,0.0,0.0,0.0,0.0
125,Alagoinhas,ALA_L2,Coca_Cola_Zero,9,0.0,0.0,0.0,0.0,0.0,0.0
125,Alagoinhas,ALA_L2,Coca_Cola_Zero,10,0.0,0.0,0.0,0.0,0.0,0.0
125,Alagoinhas,ALA_L2,Coca_Cola_Zero,11,0.0,0.0,0.0,0.0,0.0,0.0
125,Alagoinhas,ALA_L2,Coca_Cola_Zero,12,0.0,0.0,0.0,0.0,0.0,0.0
125,Alagoinhas,ALA_L2,Coca_Cola_Zero,13,0.0,0.0,0.0,0.0,17316.759999999995,0.0
125,Alagoinhas,ALA_L2,Coca_Cola_Zero,14,0.0,0.0,0.0,0.0,34692.99,23064.68
125,Alagoinhas,ALA_L2,Coca_Cola_Zero,15,0.0,0.0,0.0,0.0,0.0,0.0
125,Alagoinhas,ALA_L2,Pepsi,1,0.0,0.0,0.0,0.0,20815.829999999998,52136.1
125,Alagoinhas,ALA_L2,Pepsi,2,0.0,0.0,0.0,0.0,0.0,0.0
125,Alagoinhas,ALA_L2,Pepsi,3,0.0,0.0,0.0,0.0,0.0,0.0
125,Alagoinhas,ALA_L2,Pepsi,4,0.0,0.0,15470.86,0.0,31352.539999999997,15470.86
125,Alagoinhas,ALA_L2,Pepsi,5,0.0,0.0,0.0,0.0,21517.14,3689.3099999999904
125,Alagoinhas,ALA_L2,Pepsi,6,0.0,0.0,0.0,0.0,39504.00000000001,0.0
125,Alagoinhas,ALA_L2,Pepsi,7,0.0,0.0,0.0,0.0,23266.5,0.0
125,Alagoinhas,ALA_L2,Pepsi,8,0.0,0.0,0.0,0.0,0.0,0.0
125,Alagoinhas,ALA_L2,Pepsi,9,0.0,0.0,0.0,0.0,0.0,0.0
125,Alagoinhas,ALA_L2,Pepsi,10,0.0,0.0,0.0,0.0,12739.800000000003,0.0
125,Alagoinhas,ALA_L2,Pepsi,11,0.0,0.0,0.0,0.0,0.0,0.0
125,Alagoinhas,ALA_L2,Pepsi,12,0.0,0.0,0.0,0.0,0.0,0.0
125,Alagoinhas,ALA_L2,Pepsi,13,0.0,0.0,0.0,0.0,0.0,0.0
125,Alagoinhas,ALA_L2,Pepsi,14,0.0,0.0,0.0,0.0,5416.250000000004,0.0
125,Alagoinhas,ALA_L2,Pepsi,15,0.0,0.0,0.0,0.0,0.0,0.0
125,Alagoinhas,ALA_L2,Antarctica_Lata,1,0.0,0.0,20774.859999999997,25609.900000000005,0.0,20774.859999999997
125,Alagoinhas,ALA_L2,Antarctica_Lata,2,0.0,0.0,0.0,0.0,0.0,0.0
125,Alagoinhas,ALA_L2,Antarctica_Lata,3,0.0,0.0,0.0,0.0,0.0,0.0
125,Alagoinhas,ALA_L2,Antarctica_Lata,4,0.0,0.0,16022.83,0.0,0.0,16022.83
125,Alagoinhas,ALA_L2,Antarctica_Lata,5,0.0,0.0,15658.64,0.0,0.0,15658.64
125,Alagoinhas,ALA_L2,Antarctica_Lata,6,0.0,0.0,38064.0,10748.599999999999,0.0,38064.0
125,Alagoinhas,ALA_L2,Antarctica_Lata,7,0.0,0.0,16214.35,0.0,0.0,16214.349999999999
125,Alagoinhas,ALA_L2,Antarctica_Lata,8,0.0,0.0,385.37000000000324,50341.88,0.0,385.37000000000324
125,Alagoinhas,ALA_L2,Antarctica_Lata,9,0.0,0.0,0.0,0.0,0.0,0.0
125,Alagoinhas,ALA_L2,Antarctica_Lata,10,0.0,0.0,0.0,0.0,0.0,0.0
125,Alagoinhas,ALA_L2,Antarctica_Lata,11,0.0,0.0,0.0,0.0,0.0,0.0
125,Alagoinhas,ALA_L2,Antarctica_Lata,12,0.0,0.0,5416.530000000013,15722.649999999987,0.0,20496.760000000013
125,Alagoinhas,ALA_L2,Antarctica_Lata,13,0.0,0.0,0.0,0.0,0.0,0.0
125,Alagoinhas,ALA_L2,Antarctica_Lata,14,0.0,0.0,0.0,0.0,0.0,0.0
125,Alagoinhas,ALA_L2,Antarctica_Lata,15,0.0,0.0,0.0,0.0,0.0,39200.3
125,Alagoinhas,ALA_L2,Spaten_Lata,1,0.0,0.0,0.0,0.0,0.0,0.0
125,Alagoinhas,ALA_L2,Spaten_Lata,2,0.0,0.0,0.0,0.0,0.0,12636.81
125,Alagoinhas,ALA_L2,Spaten_Lata,3,0.0,0.0,0.0,0.0,0.0,0.0
125,Alagoinhas,ALA_L2,Spaten_Lata,4,0.0,0.0,0.0,0.0,0.0,0.0
125,Alagoinhas,ALA_L2,Spaten_Lata,5,0.0,0.0,0.0,0.0,0.0,0.0
125,Alagoinhas,ALA_L2,Spaten_Lata,6,0.0,0.0,0.0,0.0,0.0,0.0
125,Alagoinhas,ALA_L2,Spaten_Lata,7,0.0,0.0,0.0,0.0,0.0,0.0
125,Alagoinhas,ALA_L2,Spaten_Lata,8,0.0,0.0,0.0,0.0,5820.430000000004,5820.430000000004
125,Alagoinhas,ALA_L2,Spaten_Lata,9,0.0,0.0,0.0,0.0,0.0,0.0
125,Alagoinhas,ALA_L2,Spaten_Lata,10,0.0,0.0,0.0,0.0,0.0,0.0
125,Alagoinhas,ALA_L2,Spaten_Lata,11,0.0,0.0,0.0,0.0,0.0,0.0
125,Alagoinhas,ALA_L2,Spaten_Lata,12,0.0,0.0,0.0,0.0,0.0,0.0
125,Alagoinhas,ALA_L2,Spaten_Lata,13,0.0,0.0,0.0,0.0,0.0,0.0
125,Alagoinhas,ALA_L2,Spaten_Lata,14,0.0,0.0,0.0,0.0,0.0,0.0
125,Alagoinhas,ALA_L2,Spaten_Lata,15,0.0,0.0,0.0,0.0,0.0,0.0
125,Alagoinhas,ALA_L2,Heineken_Lata,1,0.0,0.0,0.0,0.0,0.0,0.0
125,Alagoinhas,ALA_L2,Heineken_Lata,2,0.0,0.0,0.0,0.0,0.0,0.0
125,Alagoinhas,ALA_L2,Heineken_Lata,3,0.0,0.0,0.0,0.0,0.0,0.0
125,Alagoinhas,ALA_L2,Heineken_Lata,4,0.0,0.0,0.0,0.0,0.0,0.0
125,Alagoinhas,ALA_L2,Heineken_Lata,5,0.0,0.0,0.0,0.0,0.0,19693.56
125,Alagoinhas,ALA_L2,Heineken_Lata,6,0.0,0.0,0.0,0.0,0.0,0.0
125,Alagoinhas,ALA_L2,Heineken_Lata,7,0.0,0.0,0.0,0.0,0.0,0.0
125,Alagoinhas,ALA_L2,Heineken_Lata,8,0.0,0.0,0.0,0.0,0.0,0.0
125,Alagoinhas,ALA_L2,Heineken_Lata,9,0.0,0.0,0.0,0.0,0.0,0.0
125,Alagoinhas,ALA_L2,Heineken_Lata,10,0.0,0.0,0.0,0.0,0.0,0.0
125,Alagoinhas,ALA_L2,Heineken_Lata,11,0.0,0.0,0.0,0.0,0.0,0.0
125,Alagoinhas,ALA_L2,Heineken_Lata,12,0.0,0.0,0.0,0.0,0.0,0.0
125,Alagoinhas,ALA_L2,Heineken_Lata,13,0.0,0.0,0.0,0.0,0.0,0.0
125,Alagoinhas,ALA_L2,Heineken_Lata,14,0.0,0.0,0.0,0.0,0.0,130.93
125,Alagoinhas,ALA_L2,Heineken_Lata,15,0.0,0.0,0.0,0.0,0.0,0.0
125,Alagoinhas,ALA_L2,Sukita_Laranja,1,0.0,0.0,0.0,0.0,0.0,0.0
125,Alagoinhas,ALA_L2,Sukita_Laranja,2,0.0,0.0,0.0,0.0,0.0,0.0
125,Alagoinhas,ALA_L2,Sukita_Laranja,3,0.0,0.0,0.0,0.0,0.0,0.0
125,Alagoinhas,ALA_L2,Sukita_Laranja,4,0.0,0.0,0.0,0.0,0.0,0.0
125,Alagoinhas,ALA_L2,Sukita_Laranja,5,0.0,0.0,0.0,0.0,0.0,0.0
125,Alagoinhas,ALA_L2,Sukita_Laranja,6,0.0,0.0,0.0,0.0,0.0,0.0
125,Alagoinhas,ALA_L2,Sukita_Laranja,7,0.0,0.0,17635.22,0.0,0.0,17635.22
125,Alagoinhas,ALA_L2,Sukita_Laranja,8,0.0,0.0,0.0,0.0,0.0,0.0
125,Alagoinhas,ALA_L2,Sukita_Laranja,9,0.0,0.0,0.0,0.0,0.0,0.0
125,Alagoinhas,ALA_L2,Sukita_Laranja,10,0.0,0.0,0.0,0.0,0.0,0.0
125,Alagoinhas,ALA_L2,Sukita_Laranja,11,0.0,0.0,0.0,0.0,0.0,0.0
125,Alagoinhas,ALA_L2,Sukita_Laranja,12,0.0,0.0,0.0,0.0,0.0,0.0
125,Alagoinhas,ALA_L2,Sukita_Laranja,13,0.0,0.0,0.0,0.0,0.0,0.0
125,Alagoinhas,ALA_L2,Sukita_Laranja,14,0.0,0.0,0.0,0.0,0.0,0.0
125,Alagoinhas,ALA_L2,Sukita_Laranja,15,0.0,0.0,0.0,0.0,0.0,0.0
125,Alagoinhas,ALA_L2,H2OH_Limao,1,0.0,0.0,0.0,0.0,0.0,0.0
125,Alagoinhas,ALA_L2,H2OH_Limao,2,0.0,0.0,0.0,47235.88,0.0,0.0
125,Alagoinhas,ALA_L2,H2OH_Limao,3,0.0,0.0,0.0,0.0,0.0,0.0
125,Alagoinhas,ALA_L2,H2OH_Limao,4,0.0,0.0,0.0,0.0,0.0,0.0
125,Alagoinhas,ALA_L2,H2OH_Limao,5,0.0,0.0,0.0,0.0,0.0,0.0
125,Alagoinhas,ALA_L2,H2OH_Limao,6,0.0,0.0,0.0,0.0,0.0,0.0
125,Alagoinhas,ALA_L2,H2OH_Limao,7,0.0,0.0,0.0,0.0,0.0,0.0
125,Alagoinhas,ALA_L2,H2OH_Limao,8,0.0,0.0,0.0,0.0,0.0,0.0
125,Alagoinhas,ALA_L2,H2OH_Limao,9,0.0,0.0,0.0,0.0,0.0,0.0
125,Alagoinhas,ALA_L2,H2OH_Limao,10,0.0,0.0,0.0,0.0,0.0,15603.56
125,Alagoinhas,ALA_L2,H2OH_Limao,11,0.0,0.0,11834.41,3070.34,0.0,11834.41
125,Alagoinhas,ALA_L2,H2OH_Limao,12,0.0,0.0,0.0,0.0,0.0,0.0
125,Alagoinhas,ALA_L2,H2OH_Limao,13,0.0,0.0,0.0,0.0,0.0,0.0
125,Alagoinhas,ALA_L2,H2OH_Limao,14,0.0,0.0,0.0,0.0,0.0,0.0
125,Alagoinhas,ALA_L2,H2OH_Limao,15,0.0,0.0,0.0,0.0,0.0,0.0
125,Alagoinhas,ALA_L2,Budweiser_Lata,1,0.0,0.0,0.0,0.0,0.0,16356.31
125,Alagoinhas,ALA_L2,Budweiser_Lata,2,0.0,0.0,0.0,0.0,0.0,0.0
125,Alagoinhas,ALA_L2,Budweiser_Lata,3,0.0,0.0,0.0,0.0,0.0,0.0
125,Alagoinhas,ALA_L2,Budweiser_Lata,4,0.0,0.0,0.0,0.0,0.0,0.0
125,Alagoinhas,ALA_L2,Budweiser_Lata,5,0.0,0.0,0.0,0.0,0.0,0.0
125,Alagoinhas,ALA_L2,Budweiser_Lata,6,0.0,0.0,0.0,0.0,0.0,18865.53
125,Alagoinhas,ALA_L2,Budweiser_Lata,7,0.0,0.0,0.0,0.0,0.0,0.0
125,Alagoinhas,ALA_L2,Budweiser_Lata,8,0.0,0.0,0.0,0.0,0.0,0.0
125,Alagoinhas,ALA_L2,Budweiser_Lata,9,0.0,0.0,0.0,0.0,0.0,43832.1
125,Alagoinhas,ALA_L2,Budweiser_Lata,10,0.0,0.0,0.0,0.0,0.0,0.0
125,Alagoinhas,ALA_L2,Budweiser_Lata,11,0.0,0.0,0.0,0.0,0.0,0.0
125,Alagoinhas,ALA_L2,Budweiser_Lata,12,0.0,0.0,0.0,0.0,0.0,0.0
125,Alagoinhas,ALA_L2,Budweiser_Lata,13,0.0,0.0,0.0,0.0,0.0,0.0
125,Alagoinhas,ALA_L2,Budweiser_Lata,14,0.0,0.0,0.0,0.0,0.0,30829.15
125,Alagoinhas,ALA_L2,Budweiser_Lata,15,0.0,0.0,0.0,0.0,0.0,31548.82
125,Alagoinhas,ALA_L2,Kuat,1,0.0,0.0,0.0,0.0,0.0,0.0
125,Alagoinhas,ALA_L2,Kuat,2,0.0,0.0,0.0,0.0,0.0,0.0
125,Alagoinhas,ALA_L2,Kuat,3,0.0,0.0,21630.84,0.0,0.0,21630.84
125,Alagoinhas,ALA_L2,Kuat,4,0.0,0.0,0.0,0.0,0.0,0.0
125,Alagoinhas,ALA_L2,Kuat,5,0.0,0.0,0.0,0.0,0.0,0.0
125,Alagoinhas,ALA_L2,Kuat,6,0.0,0.0,0.0,0.0,0.0,0.0
125,Alagoinhas,ALA_L2,Kuat,7,0.0,0.0,0.0,0.0,0.0,0.0
125,Alagoinhas,ALA_L2,Kuat,8,0.0,0.0,0.0,0.0,0.0,0.0
125,Alagoinhas,ALA_L2,Kuat,9,0.0,0.0,0.0,0.0,0.0,0.0
125,Alagoinhas,ALA_L2,Kuat,10,0.0,0.0,0.0,0.0,0.0,20729.28
125,Alagoinhas,ALA_L2,Kuat,11,0.0,0.0,0.0,0.0,0.0,5997.47
125,Alagoinhas,ALA_L2,Kuat,12,0.0,0.0,0.0,0.0,0.0,0.0
125,Alagoinhas,ALA_L2,Kuat,13,0.0,0.0,0.0,0.0,0.0,0.0
125,Alagoinhas,ALA_L2,Kuat,14,0.0,0.0,0.0,0.0,0.0,0.0
125,Alagoinhas,ALA_L2,Kuat,15,0.0,0.0,0.0,0.0,0.0,0.0
125,Alagoinhas,ALA_L2,Fanta_Uva,1,0.0,0.0,0.0,0.0,14096.240000000005,0.0
125,Alagoinhas,ALA_L2,Fanta_Uva,2,0.0,0.0,0.0,0.0,31543.64999999999,0.0
125,Alagoinhas,ALA_L2,Fanta_Uva,3,0.0,0.0,0.0,0.0,14544.289999999985,0.0
125,Alagoinhas,ALA_L2,Fanta_Uva,4,0.0,0.0,0.0,0.0,0.0,0.0
125,Alagoinhas,ALA_L2,Fanta_Uva,5,0.0,0.0,0.0,0.0,0.0,0.0
125,Alagoinhas,ALA_L2,Fanta_Uva,6,0.0,0.0,0.0,0.0,25143.419999999995,0.0
125,Alagoinhas,ALA_L2,Fanta_Uva,7,0.0,0.0,0.0,0.0,37128.0,0.0
125,Alagoinhas,ALA_L2,Fanta_Uva,8,0.0,0.0,0.0,0.0,39120.0,0.0
125,Alagoinhas,ALA_L2,Fanta_Uva,9,0.0,0.0,0.0,0.0,1322.779999999948,0.0
125,Alagoinhas,ALA_L2,Fanta_Uva,10,0.0,0.0,0.0,0.0,7784.96000000005,0.0
125,Alagoinhas,ALA_L2,Fanta_Uva,11,0.0,0.0,0.0,0.0,29759.879999999997,0.0
125,Alagoinhas,ALA_L2,Fanta_Uva,12,0.0,0.0,0.0,0.0,4600.239999999998,0.0
125,Alagoinhas,ALA_L2,Fanta_Uva,13,0.0,0.0,0.0,0.0,17771.240000000005,0.0
125,Alagoinhas,ALA_L2,Fanta_Uva,14,0.0,0.0,22630.989999999994,18124.930000000004,7163.010000000002,22630.989999999994
125,Alagoinhas,ALA_L2,Fanta_Uva,15,0.0,0.0,0.0,0.0,24251.63,0.0
125,Alagoinhas,ALA_L2,Sprite,1,0.0,0.0,0.0,0.0,0.0,0.0
125,Alagoinhas,ALA_L2,Sprite,2,0.0,0.0,0.0,0.0,0.0,0.0
125,Alagoinhas,ALA_L2,Sprite,3,0.0,0.0,0.0,0.0,0.0,0.0
125,Alagoinhas,ALA_L2,Sprite,4,0.0,0.0,0.0,0.0,0.0,0.0
125,Alagoinhas,ALA_L2,Sprite,5,0.0,0.0,0.0,0.0,0.0,0.0
125,Alagoinhas,ALA_L2,Sprite,6,0.0,0.0,0.0,0.0,0.0,0.0
125,Alagoinhas,ALA_L2,Sprite,7,0.0,0.0,0.0,0.0,0.0,0.0
125,Alagoinhas,ALA_L2,Sprite,8,0.0,0.0,0.0,0.0,0.0,0.0
125,Alagoinhas,ALA_L2,Sprite,9,0.0,0.0,0.0,0.0,0.0,0.0
125,Alagoinhas,ALA_L2,Sprite,10,0.0,0.0,0.0,0.0,0.0,0.0
125,Alagoinhas,ALA_L2,Sprite,11,0.0,0.0,0.0,0.0,0.0,0.0
125,Alagoinhas,ALA_L2,Sprite,12,0.0,0.0,0.0,0.0,0.0,0.0
125,Alagoinhas,ALA_L2,Sprite,13,0.0,0.0,0.0,0.0,0.0,0.0
125,Alagoinhas,ALA_L2,Sprite,14,0.0,0.0,9052.65,0.0,0.0,9052.65
125,Alagoinhas,ALA_L2,Sprite,15,0.0,0.0,0.0,0.0,0.0,0.0
125,Alagoinhas,ALA_L2,Skol_Lata,1,39024.0,0.0,0.0,0.0,39024.0,0.0
125,Alagoinhas,ALA_L2,Skol_Lata,2,0.0,0.0,0.0,0.0,0.0,0.0
125,Alagoinhas,ALA_L2,Skol_Lata,3,0.0,0.0,0.0,0.0,0.0,0.0
125,Alagoinhas,ALA_L2,Skol_Lata,4,0.0,0.0,0.0,0.0,0.0,0.0
125,Alagoinhas,ALA_L2,Skol_Lata,5,0.0,0.0,0.0,0.0,0.0,0.0
125,Alagoinhas,ALA_L2,Skol_Lata,6,0.0,0.0,0.0,0.0,0.0,0.0
125,Alagoinhas,ALA_L2,Skol_Lata,7,0.0,0.0,0.0,0.0,0.0,0.0
125,Alagoinhas,ALA_L2,Skol_Lata,8,0.0,0.0,0.0,0.0,0.0,0.0
125,Alagoinhas,ALA_L2,Skol_Lata,9,0.0,0.0,0.0,0.0,0.0,0.0
125,Alagoinhas,ALA_L2,Skol_Lata,10,0.0,0.0,0.0,0.0,0.0,0.0
125,Alagoinhas,ALA_L2,Skol_Lata,11,0.0,0.0,0.0,0.0,0.0,13259.18
125,Alagoinhas,ALA_L2,Skol_Lata,12,0.0,0.0,0.0,0.0,0.0,0.0
125,Alagoinhas,ALA_L2,Skol_Lata,13,0.0,0.0,0.0,0.0,0.0,41013.26
125,Alagoinhas,ALA_L2,Skol_Lata,14,0.0,0.0,0.0,0.0,0.0,0.0
125,Alagoinhas,ALA_L2,Skol_Lata,15,1872.7900000000009,0.0,43440.79,0.0,0.0,41568.0
125,Alagoinhas,ALA_L2,Guarana_Antarctica,1,0.0,0.0,0.0,0.0,0.0,0.0
125,Alagoinhas,ALA_L2,Guarana_Antarctica,2,0.0,0.0,0.0,0.0,0.0,0.0
125,Alagoinhas,ALA_L2,Guarana_Antarctica,3,0.0,0.0,0.0,0.0,0.0,0.0
125,Alagoinhas,ALA_L2,Guarana_Antarctica,4,0.0,0.0,0.0,0.0,0.0,0.0
125,Alagoinhas,ALA_L2,Guarana_Antarctica,5,0.0,0.0,0.0,0.0,0.0,0.0
125,Alagoinhas,ALA_L2,Guarana_Antarctica,6,0.0,0.0,0.0,0.0,0.0,0.0
125,Alagoinhas,ALA_L2,Guarana_Antarctica,7,0.0,0.0,0.0,0.0,0.0,0.0
125,Alagoinhas,ALA_L2,Guarana_Antarctica,8,0.0,0.0,0.0,0.0,0.0,0.0
125,Alagoinhas,ALA_L2,Guarana_Antarctica,9,0.0,0.0,0.0,0.0,0.0,0.0
125,Alagoinhas,ALA_L2,Guarana_Antarctica,10,0.0,0.0,0.0,0.0,0.0,0.0
125,Alagoinhas,ALA_L2,Guarana_Antarctica,11,0.0,0.0,0.0,0.0,0.0,0.0
125,Alagoinhas,ALA_L2,Guarana_Antarctica,12,0.0,0.0,0.0,0.0,0.0,0.0
125,Alagoinhas,ALA_L2,Guarana_Antarctica,13,0.0,0.0,0.0,0.0,0.0,0.0
125,Alagoinhas,ALA_L2,Guarana_Antarctica,14,0.0,0.0,0.0,0.0,0.0,0.0
125,Alagoinhas,ALA_L2,Guarana_Antarctica,15,0.0,0.0,0.0,0.0,0.0,0.0
125,Alagoinhas,ALA_L2,Guarana_Antarctica_Zero,1,0.0,0.0,0.0,0.0,0.0,0.0
125,Alagoinhas,ALA_L2,Guarana_Antarctica_Zero,2,0.0,0.0,0.0,0.0,0.0,0.0
125,Alagoinhas,ALA_L2,Guarana_Antarctica_Zero,3,0.0,0.0,25562.99,0.0,0.0,25562.99
125,Alagoinhas,ALA_L2,Guarana_Antarctica_Zero,4,0.0,0.0,0.0,0.0,0.0,40531.65
125,Alagoinhas,ALA_L2,Guarana_Antarctica_Zero,5,22363.940000000002,0.0,0.0,0.0,22363.94,0.0
125,Alagoinhas,ALA_L2,Guarana_Antarctica_Zero,6,24266.119999999974,0.0,0.0,0.0,48324.12,24058.00000000003
125,Alagoinhas,ALA_L2,Guarana_Antarctica_Zero,7,30854.1,0.0,10528.16,0.0,20325.94,27138.35
125,Alagoinhas,ALA_L2,Guarana_Antarctica_Zero,8,0.0,0.0,0.0,0.0,0.0,0.0
125,Alagoinhas,ALA_L2,Guarana_Antarctica_Zero,9,0.0,0.0,0.0,0.0,0.0,0.0
125,Alagoinhas,ALA_L2,Guarana_Antarctica_Zero,10,0.0,0.0,0.0,0.0,0.0,0.0
125,Alagoinhas,ALA_L2,Guarana_Antarctica_Zero,11,11751.260000000006,0.0,0.0,0.0,29811.840000000007,39024.0
125,Alagoinhas,ALA_L2,Guarana_Antarctica_Zero,12,0.0,0.0,0.0,0.0,0.0,0.0
125,Alagoinhas,ALA_L2,Guarana_Antarctica_Zero,13,0.0,0.0,0.0,0.0,0.0,0.0
125,Alagoinhas,ALA_L2,Guarana_Antarctica_Zero,14,38808.0,0.0,0.0,0.0,38807.99999999999,0.0
125,Alagoinhas,ALA_L2,Guarana_Antarctica_Zero,15,0.0,0.0,0.0,0.0,0.0,12710.32
125,Alagoinhas,ALA_L2,Del_Valle_Uva,1,0.0,0.0,0.0,0.0,4059.8600000000024,0.0
125,Alagoinhas,ALA_L2,Del_Valle_Uva,2,0.0,0.0,0.0,0.0,33202.47,1563.5600000000031
125,Alagoinhas,ALA_L2,Del_Valle_Uva,3,0.0,0.0,0.0,0.0,17689.589999999993,0.0
125,Alagoinhas,ALA_L2,Del_Valle_Uva,4,0.0,0.0,0.0,0.0,0.0,0.0
125,Alagoinhas,ALA_L2,Del_Valle_Uva,5,0.0,0.0,0.0,0.0,0.0,0.0
125,Alagoinhas,ALA_L2,Del_Valle_Uva,6,0.0,0.0,0.0,0.0,0.0,0.0
125,Alagoinhas,ALA_L2,Del_Valle_Uva,7,0.0,0.0,0.0,0.0,0.0,0.0
125,Alagoinhas,ALA_L2,Del_Valle_Uva,8,0.0,0.0,0.0,0.0,0.0,0.0
125,Alagoinhas,ALA_L2,Del_Valle_Uva,9,0.0,0.0,0.0,22448.3,38184.0,0.0
125,Alagoinhas,ALA_L2,Del_Valle_Uva,10,0.0,0.0,24052.199999999997,5912.370000000003,24052.199999999997,24052.199999999997
125,Alagoinhas,ALA_L2,Del_Valle_Uva,11,0.0,0.0,0.0,0.0,21415.110000000008,0.0
125,Alagoinhas,ALA_L2,Del_Valle_Uva,12,0.0,0.0,0.0,0.0,35028.4,0.0
125,Alagoinhas,ALA_L2,Del_Valle_Uva,13,0.0,0.0,0.0,0.0,39408.0,0.0
125,Alagoinhas,ALA_L2,Del_Valle_Uva,14,0.0,0.0,0.0,0.0,35287.74999999999,0.0
125,Alagoinhas,ALA_L2,Del_Valle_Uva,15,0.0,0.0,0.0,0.0,35856.0,0.0
125,Alagoinhas,ALA_L2,Brahma_Lata,1,0.0,0.0,0.0,0.0,0.0,0.0
125,Alagoinhas,ALA_L2,Brahma_Lata,2,0.0,0.0,0.0,0.0,0.0,0.0
125,Alagoinhas,ALA_L2,Brahma_Lata,3,0.0,0.0,0.0,0.0,0.0,0.0
125,Alagoinhas,ALA_L2,Brahma_Lata,4,0.0,0.0,0.0,0.0,0.0,0.0
125,Alagoinhas,ALA_L2,Brahma_Lata,5,0.0,0.0,0.0,0.0,0.0,0.0
125,Alagoinhas,ALA_L2,Brahma_Lata,6,0.0,0.0,0.0,0.0,0.0,0.0
125,Alagoinhas,ALA_L2,Brahma_Lata,7,0.0,0.0,0.0,0.0,0.0,0.0
125,Alagoinhas,ALA_L2,Brahma_Lata,8,0.0,0.0,0.0,0.0,0.0,21557.86
125,Alagoinhas,ALA_L2,Brahma_Lata,9,0.0,0.0,0.0,0.0,0.0,0.0
125,Alagoinhas,ALA_L2,Brahma_Lata,10,0.0,0.0,0.0,0.0,0.0,0.0
125,Alagoinhas,ALA_L2,Brahma_Lata,11,0.0,0.0,0.0,0.0,0.0,0.0
125,Alagoinhas,ALA_L2,Brahma_Lata,12,0.0,0.0,0.0,0.0,0.0,0.0
125,Alagoinhas,ALA_L2,Brahma_Lata,13,0.0,0.0,0.0,0.0,0.0,0.0
125,Alagoinhas,ALA_L2,Brahma_Lata,14,0.0,0.0,0.0,0.0,0.0,0.0
125,Alagoinhas,ALA_L2,Brahma_Lata,15,0.0,0.0,0.0,0.0,0.0,0.0
125,Alagoinhas,ALA_L2,Itaipava_Lata,1,0.0,0.0,0.0,0.0,0.0,0.0
125,Alagoinhas,ALA_L2,Itaipava_Lata,2,0.0,0.0,0.0,0.0,0.0,0.0
125,Alagoinhas,ALA_L2,Itaipava_Lata,3,0.0,0.0,0.0,0.0,0.0,0.0
125,Alagoinhas,ALA_L2,Itaipava_Lata,4,0.0,0.0,0.0,0.0,0.0,0.0
125,Alagoinhas,ALA_L2,Itaipava_Lata,5,0.0,0.0,0.0,0.0,0.0,0.0
125,Alagoinhas,ALA_L2,Itaipava_Lata,6,0.0,0.0,0.0,0.0,0.0,0.0
125,Alagoinhas,ALA_L2,Itaipava_Lata,7,0.0,0.0,0.0,0.0,0.0,0.0
125,Alagoinhas,ALA_L2,Itaipava_Lata,8,0.0,0.0,0.0,0.0,0.0,0.0
125,Alagoinhas,ALA_L2,Itaipava_Lata,9,0.0,0.0,0.0,0.0,0.0,0.0
125,Alagoinhas,ALA_L2,Itaipava_Lata,10,0.0,0.0,0.0,8720.54,0.0,0.0
125,Alagoinhas,ALA_L2,Itaipava_Lata,11,0.0,0.0,0.0,0.0,0.0,0.0
125,Alagoinhas,ALA_L2,Itaipava_Lata,12,0.0,0.0,0.0,6612.4,0.0,0.0
125,Alagoinhas,ALA_L2,Itaipava_Lata,13,0.0,0.0,0.0,0.0,0.0,0.0
125,Alagoinhas,ALA_L2,Itaipava_Lata,14,0.0,0.0,0.0,0.0,0.0,0.0
125,Alagoinhas,ALA_L2,Itaipava_Lata,15,0.0,0.0,0.0,0.0,0.0,0.0
125,Alagoinhas,ALA_L3,Maguary_Maracuja,1,0.0,0.0,0.0,0.0,0.0,0.0
125,Alagoinhas,ALA_L3,Maguary_Maracuja,2,0.0,0.0,0.0,0.0,0.0,0.0
125,Alagoinhas,ALA_L3,Maguary_Maracuja,3,0.0,0.0,0.0,0.0,0.0,0.0
125,Alagoinhas,ALA_L3,Maguary_Maracuja,4,0.0,0.0,0.0,0.0,0.0,0.0
125,Alagoinhas,ALA_L3,Maguary_Maracuja,5,0.0,0.0,8904.66,0.0,0.0,8904.66
125,Alagoinhas,ALA_L3,Maguary_Maracuja,6,0.0,0.0,0.0,0.0,0.0,0.0
125,Alagoinhas,ALA_L3,Maguary_Maracuja,7,0.0,0.0,0.0,0.0,0.0,0.0
125,Alagoinhas,ALA_L3,Maguary_Maracuja,8,0.0,0.0,0.0,0.0,0.0,0.0
125,Alagoinhas,ALA_L3,Maguary_Maracuja,9,0.0,0.0,0.0,0.0,0.0,0.0
125,Alagoinhas,ALA_L3,Maguary_Maracuja,10,0.0,0.0,0.0,0.0,0.0,0.0
125,Alagoinhas,ALA_L3,Maguary_Maracuja,11,0.0,0.0,0.0,0.0,0.0,0.0
125,Alagoinhas,ALA_L3,Maguary_Maracuja,12,0.0,0.0,0.0,0.0,0.0,0.0
125,Alagoinhas,ALA_L3,Maguary_Maracuja,13,0.0,0.0,28861.86,0.0,0.0,28861.86
125,Alagoinhas,ALA_L3,Maguary_Maracuja,14,0.0,0.0,0.0,0.0,0.0,0.0
125,Alagoinhas,ALA_L3,Maguary_Maracuja,15,0.0,0.0,0.0,0.0,0.0,0.0
125,Alagoinhas,ALA_L3,Fanta_Laranja,1,0.0,0.0,0.0,0.0,0.0,0.0
125,Alagoinhas,ALA_L3,Fanta_Laranja,2,0.0,0.0,0.0,0.0,6784.350000000014,0.0
125,Alagoinhas,ALA_L3,Fanta_Laranja,3,0.0,0.0,0.0,0.0,328.0300000000061,0.0
125,Alagoinhas,ALA_L3,Fanta_Laranja,4,0.0,0.0,48276.35,0.0,0.0,48276.35
125,Alagoinhas,ALA_L3,Fanta_Laranja,5,0.0,0.0,0.0,0.0,16061.329999999998,0.0
125,Alagoinhas,ALA_L3,Fanta_Laranja,6,0.0,0.0,0.0,0.0,0.0,0.0
125,Alagoinhas,ALA_L3,Fanta_Laranja,7,0.0,0.0,0.0,0.0,8857.699999999999,8857.699999999999
125,Alagoinhas,ALA_L3,Fanta_Laranja,8,0.0,0.0,0.0,0.0,0.0,0.0
125,Alagoinhas,ALA_L3,Fanta_Laranja,9,0.0,0.0,0.0,0.0,34413.22000000005,0.0
125,Alagoinhas,ALA_L3,Fanta_Laranja,10,0.0,0.0,0.0,0.0,25115.199999999953,0.0
125,Alagoinhas,ALA_L3,Fanta_Laranja,11,0.0,0.0,0.0,0.0,7224.120000000003,0.0
125,Alagoinhas,ALA_L3,Fanta_Laranja,12,0.0,0.0,0.0,0.0,0.0,0.0
125,Alagoinhas,ALA_L3,Fanta_Laranja,13,0.0,0.0,0.0,0.0,0.0,0.0
125,Alagoinhas,ALA_L3,Fanta_Laranja,14,0.0,0.0,0.0,0.0,0.0,0.0
125,Alagoinhas,ALA_L3,Fanta_Laranja,15,0.0,0.0,0.0,0.0,11556.369999999999,0.0
125,Alagoinhas,ALA_L3,Schweppes_Citrus,1,0.0,0.0,0.0,0.0,8454.36,8454.36
125,Alagoinhas,ALA_L3,Schweppes_Citrus,2,0.0,0.0,0.0,0.0,0.0,0.0
125,Alagoinhas,ALA_L3,Schweppes_Citrus,3,0.0,0.0,0.0,0.0,0.0,0.0
125,Alagoinhas,ALA_L3,Schweppes_Citrus,4,0.0,0.0,0.0,0.0,0.0,0.0
125,Alagoinhas,ALA_L3,Schweppes_Citrus,5,0.0,0.0,0.0,0.0,6695.6,6695.6
125,Alagoinhas,ALA_L3,Schweppes_Citrus,6,0.0,0.0,0.0,0.0,0.0,0.0
125,Alagoinhas,ALA_L3,Schweppes_Citrus,7,0.0,0.0,0.0,0.0,0.0,0.0
125,Alagoinhas,ALA_L3,Schweppes_Citrus,8,0.0,0.0,0.0,0.0,0.0,0.0
125,Alagoinhas,ALA_L3,Schweppes_Citrus,9,0.0,0.0,0.0,0.0,12750.46,12750.46
125,Alagoinhas,ALA_L3,Schweppes_Citrus,10,0.0,0.0,0.0,0.0,0.0,0.0
125,Alagoinhas,ALA_L3,Schweppes_Citrus,11,0.0,0.0,0.0,0.0,0.0,0.0
125,Alagoinhas,ALA_L3,Schweppes_Citrus,12,0.0,0.0,0.0,0.0,0.0,20933.13
125,Alagoinhas,ALA_L3,Schweppes_Citrus,13,0.0,0.0,0.0,0.0,0.0,0.0
125,Alagoinhas,ALA_L3,Schweppes_Citrus,14,0.0,0.0,0.0,0.0,16717.4,16717.4
125,Alagoinhas,ALA_L3,Schweppes_Citrus,15,0.0,0.0,0.0,0.0,0.0,0.0
125,Alagoinhas,ALA_L3,Sprite_Zero,1,0.0,0.0,0.0,0.0,0.0,0.0
125,Alagoinhas,ALA_L3,Sprite_Zero,2,0.0,0.0,0.0,0.0,0.0,0.0
125,Alagoinhas,ALA_L3,Sprite_Zero,3,0.0,0.0,13379.17,0.0,13379.17,13379.17
125,Alagoinhas,ALA_L3,Sprite_Zero,4,0.0,0.0,0.0,0.0,0.0,0.0
125,Alagoinhas,ALA_L3,Sprite_Zero,5,0.0,0.0,0.0,0.0,7859.690000000002,0.0
125,Alagoinhas,ALA_L3,Sprite_Zero,6,0.0,0.0,0.0,0.0,0.0,0.0
125,Alagoinhas,ALA_L3,Sprite_Zero,7,0.0,0.0,0.0,0.0,0.0,0.0
125,Alagoinhas,ALA_L3,Sprite_Zero,8,0.0,0.0,0.0,0.0,0.0,0.0
125,Alagoinhas,ALA_L3,Sprite_Zero,9,0.0,0.0,0.0,0.0,0.0,0.0
125,Alagoinhas,ALA_L3,Sprite_Zero,10,0.0,0.0,0.0,0.0,0.0,26497.970000000005
125,Alagoinhas,ALA_L3,Sprite_Zero,11,0.0,0.0,0.0,0.0,0.0,0.0
125,Alagoinhas,ALA_L3,Sprite_Zero,12,0.0,0.0,0.0,0.0,0.0,0.0
125,Alagoinhas,ALA_L3,Sprite_Zero,13,0.0,0.0,0.0,0.0,0.0,0.0
125,Alagoinhas,ALA_L3,Sprite_Zero,14,0.0,0.0,0.0,0.0,0.0,0.0
125,Alagoinhas,ALA_L3,Sprite_Zero,15,0.0,0.0,0.0,0.0,0.0,0.0
125,Alagoinhas,ALA_L3,Eisenbahn_Pilsen,1,0.0,0.0,0.0,0.0,0.0,0.0
125,Alagoinhas,ALA_L3,Eisenbahn_Pilsen,2,0.0,0.0,25702.6,0.0,37464.0,32808.69
125,Alagoinhas,ALA_L3,Eisenbahn_Pilsen,3,0.0,0.0,0.0,0.0,40680.0,0.0
125,Alagoinhas,ALA_L3,Eisenbahn_Pilsen,4,0.0,0.0,0.0,0.0,35832.0,0.0
125,Alagoinhas,ALA_L3,Eisenbahn_Pilsen,5,0.0,0.0,0.0,0.0,0.0,0.0
125,Alagoinhas,ALA_L3,Eisenbahn_Pilsen,6,0.0,0.0,0.0,0.0,0.0,0.0
125,Alagoinhas,ALA_L3,Eisenbahn_Pilsen,7,0.0,0.0,0.0,0.0,0.0,0.0
125,Alagoinhas,ALA_L3,Eisenbahn_Pilsen,8,0.0,0.0,0.0,0.0,0.0,0.0
125,Alagoinhas,ALA_L3,Eisenbahn_Pilsen,9,0.0,0.0,0.0,0.0,0.0,0.0
125,Alagoinhas,ALA_L3,Eisenbahn_Pilsen,10,0.0,0.0,0.0,0.0,14154.870000000003,0.0
125,Alagoinhas,ALA_L3,Eisenbahn_Pilsen,11,0.0,0.0,0.0,0.0,25544.739999999998,0.0
125,Alagoinhas,ALA_L3,Eisenbahn_Pilsen,12,0.0,0.0,0.0,0.0,0.0,0.0
125,Alagoinhas,ALA_L3,Eisenbahn_Pilsen,13,0.0,0.0,0.0,0.0,38544.56,9880.869999999999
125,Alagoinhas,ALA_L3,Eisenbahn_Pilsen,14,0.0,0.0,0.0,0.0,0.0,0.0
125,Alagoinhas,ALA_L3,Eisenbahn_Pilsen,15,0.0,0.0,0.0,0.0,32759.21,0.0
125,Alagoinhas,ALA_L3,Del_Valle_Pessego,1,0.0,0.0,0.0,0.0,0.0,0.0
125,Alagoinhas,ALA_L3,Del_Valle_Pessego,2,0.0,0.0,0.0,0.0,0.0,0.0
125,Alagoinhas,ALA_L3,Del_Valle_Pessego,3,0.0,0.0,0.0,0.0,0.0,0.0
125,Alagoinhas,ALA_L3,Del_Valle_Pessego,4,0.0,0.0,0.0,0.0,0.0,0.0
125,Alagoinhas,ALA_L3,Del_Valle_Pessego,5,0.0,0.0,0.0,0.0,0.0,0.0
125,Alagoinhas,ALA_L3,Del_Valle_Pessego,6,0.0,0.0,0.0,0.0,0.0,0.0
125,Alagoinhas,ALA_L3,Del_Valle_Pessego,7,0.0,0.0,0.0,0.0,0.0,0.0
125,Alagoinhas,ALA_L3,Del_Valle_Pessego,8,0.0,0.0,0.0,0.0,0.0,0.0
125,Alagoinhas,ALA_L3,Del_Valle_Pessego,9,0.0,0.0,0.0,0.0,0.0,0.0
125,Alagoinhas,ALA_L3,Del_Valle_Pessego,10,0.0,0.0,0.0,0.0,0.0,0.0
125,Alagoinhas,ALA_L3,Del_Valle_Pessego,11,0.0,0.0,0.0,0.0,0.0,0.0
125,Alagoinhas,ALA_L3,Del_Valle_Pessego,12,0.0,0.0,0.0,0.0,0.0,0.0
125,Alagoinhas,ALA_L3,Del_Valle_Pessego,13,0.0,0.0,0.0,0.0,0.0,0.0
125,Alagoinhas,ALA_L3,Del_Valle_Pessego,14,0.0,0.0,0.0,0.0,0.0,0.0
125,Alagoinhas,ALA_L3,Del_Valle_Pessego,15,0.0,0.0,0.0,0.0,0.0,0.0
125,Alagoinhas,ALA_L3,Coca_Cola,1,0.0,0.0,0.0,0.0,0.0,0.0
125,Alagoinhas,ALA_L3,Coca_Cola,2,0.0,0.0,0.0,16888.35,0.0,0.0
125,Alagoinhas,ALA_L3,Coca_Cola,3,0.0,0.0,0.0,0.0,0.0,0.0
125,Alagoinhas,ALA_L3,Coca_Cola,4,0.0,0.0,0.0,0.0,0.0,0.0
125,Alagoinhas,ALA_L3,Coca_Cola,5,0.0,0.0,0.0,0.0,0.0,0.0
125,Alagoinhas,ALA_L3,Coca_Cola,6,0.0,0.0,0.0,30894.07,0.0,0.0
125,Alagoinhas,ALA_L3,Coca_Cola,7,0.0,0.0,0.0,0.0,0.0,0.0
125,Alagoinhas,ALA_L3,Coca_Cola,8,0.0,0.0,0.0,0.0,0.0,0.0
125,Alagoinhas,ALA_L3,Coca_Cola,9,0.0,0.0,0.0,0.0,0.0,0.0
125,Alagoinhas,ALA_L3,Coca_Cola,10,0.0,0.0,0.0,0.0,0.0,0.0
125,Alagoinhas,ALA_L3,Coca_Cola,11,0.0,0.0,0.0,0.0,0.0,0.0
125,Alagoinhas,ALA_L3,Coca_Cola,12,0.0,0.0,0.0,0.0,0.0,0.0
125,Alagoinhas,ALA_L3,Coca_Cola,13,0.0,0.0,0.0,0.0,0.0,0.0
125,Alagoinhas,ALA_L3,Coca_Cola,14,0.0,0.0,0.0,0.0,0.0,0.0
125,Alagoinhas,ALA_L3,Coca_Cola,15,0.0,0.0,0.0,0.0,0.0,0.0
125,Alagoinhas,ALA_L3,Amstel_Lata,1,0.0,0.0,0.0,0.0,0.0,0.0
125,Alagoinhas,ALA_L3,Amstel_Lata,2,0.0,0.0,0.0,0.0,0.0,11519.260000000002
125,Alagoinhas,ALA_L3,Amstel_Lata,3,0.0,0.0,0.0,0.0,11519.260000000002,0.0
125,Alagoinhas,ALA_L3,Amstel_Lata,4,0.0,0.0,0.0,0.0,0.0,0.0
125,Alagoinhas,ALA_L3,Amstel_Lata,5,0.0,0.0,0.0,0.0,0.0,0.0
125,Alagoinhas,ALA_L3,Amstel_Lata,6,0.0,0.0,0.0,0.0,13917.880000000026,0.0
125,Alagoinhas,ALA_L3,Amstel_Lata,7,0.0,0.0,0.0,0.0,4329.9,0.0
125,Alagoinhas,ALA_L3,Amstel_Lata,8,0.0,0.0,10315.46,0.0,38832.00000000001,10315.46
125,Alagoinhas,ALA_L3,Amstel_Lata,9,0.0,0.0,0.0,0.0,41952.0,0.0
125,Alagoinhas,ALA_L3,Amstel_Lata,10,0.0,0.0,0.0,0.0,15879.489999999998,0.0
125,Alagoinhas,ALA_L3,Amstel_Lata,11,0.0,0.0,0.0,0.0,0.0,0.0
125,Alagoinhas,ALA_L3,Amstel_Lata,12,0.0,0.0,18124.46,0.0,38928.0,18124.46
125,Alagoinhas,ALA_L3,Amstel_Lata,13,0.0,0.0,0.0,0.0,8416.309999999998,0.0
125,Alagoinhas,ALA_L3,Amstel_Lata,14,0.0,0.0,0.0,0.0,0.0,0.0
125,Alagoinhas,ALA_L3,Amstel_Lata,15,0.0,0.0,0.0,0.0,0.0,0.0
125,Alagoinhas,ALA_L3,Pepsi_Black,1,0.0,0.0,0.0,0.0,0.0,0.0
125,Alagoinhas,ALA_L3,Pepsi_Black,2,0.0,0.0,0.0,0.0,0.0,0.0
125,Alagoinhas,ALA_L3,Pepsi_Black,3,0.0,0.0,0.0,0.0,0.0,0.0
125,Alagoinhas,ALA_L3,Pepsi_Black,4,0.0,0.0,0.0,0.0,0.0,0.0
125,Alagoinhas,ALA_L3,Pepsi_Black,5,0.0,0.0,0.0,0.0,0.0,14243.97
125,Alagoinhas,ALA_L3,Pepsi_Black,6,0.0,0.0,0.0,0.0,0.0,0.0
125,Alagoinhas,ALA_L3,Pepsi_Black,7,0.0,0.0,0.0,0.0,0.0,0.0
125,Alagoinhas,ALA_L3,Pepsi_Black,8,0.0,0.0,0.0,0.0,0.0,0.0
125,Alagoinhas,ALA_L3,Pepsi_Black,9,0.0,0.0,28520.06,0.0,0.0,28520.06
125,Alagoinhas,ALA_L3,Pepsi_Black,10,0.0,0.0,0.0,0.0,0.0,0.0
125,Alagoinhas,ALA_L3,Pepsi_Black,11,0.0,0.0,0.0,0.0,0.0,0.0
125,Alagoinhas,ALA_L3,Pepsi_Black,12,0.0,0.0,0.0,0.0,0.0,0.0
125,Alagoinhas,ALA_L3,Pepsi_Black,13,0.0,0.0,0.0,0.0,0.0,0.0
125,Alagoinhas,ALA_L3,Pepsi_Black,14,0.0,0.0,0.0,0.0,0.0,0.0
125,Alagoinhas,ALA_L3,Pepsi_Black,15,0.0,0.0,0.0,0.0,0.0,0.0
125,Alagoinhas,ALA_L3,Del_Valle_Laranja,1,0.0,0.0,19494.41,0.0,0.0,19494.41
125,Alagoinhas,ALA_L3,Del_Valle_Laranja,2,0.0,0.0,0.0,0.0,0.0,0.0
125,Alagoinhas,ALA_L3,Del_Valle_Laranja,3,0.0,0.0,0.0,0.0,0.0,0.0
125,Alagoinhas,ALA_L3,Del_Valle_Laranja,4,0.0,0.0,0.0,0.0,0.0,0.0
125,Alagoinhas,ALA_L3,Del_Valle_Laranja,5,0.0,0.0,0.0,0.0,0.0,0.0
125,Alagoinhas,ALA_L3,Del_Valle_Laranja,6,0.0,0.0,0.0,0.0,0.0,0.0
125,Alagoinhas,ALA_L3,Del_Valle_Laranja,7,0.0,0.0,0.0,19041.19,0.0,43391.71000000003
125,Alagoinhas,ALA_L3,Del_Valle_Laranja,8,0.0,0.0,0.0,0.0,0.0,0.0
125,Alagoinhas,ALA_L3,Del_Valle_Laranja,9,0.0,0.0,18757.51,0.0,0.0,18757.51
125,Alagoinhas,ALA_L3,Del_Valle_Laranja,10,0.0,0.0,0.0,0.0,0.0,0.0
125,Alagoinhas,ALA_L3,Del_Valle_Laranja,11,0.0,0.0,0.0,0.0,0.0,0.0
125,Alagoinhas,ALA_L3,Del_Valle_Laranja,12,0.0,0.0,0.0,0.0,0.0,0.0
125,Alagoinhas,ALA_L3,Del_Valle_Laranja,13,0.0,0.0,18369.64,0.0,0.0,18369.64
125,Alagoinhas,ALA_L3,Del_Valle_Laranja,14,0.0,0.0,0.0,0.0,0.0,0.0
125,Alagoinhas,ALA_L3,Del_Valle_Laranja,15,0.0,0.0,0.0,0.0,0.0,0.0
125,Alagoinhas,ALA_L3,Itubaina,1,0.0,0.0,0.0,0.0,0.0,0.0
125,Alagoinhas,ALA_L3,Itubaina,2,7261.53,0.0,7261.53,0.0,0.0,0.0
125,Alagoinhas,ALA_L3,Itubaina,3,20086.410000000007,0.0,0.0,0.0,20086.410000000007,0.0
125,Alagoinhas,ALA_L3,Itubaina,4,6015.46,0.0,0.0,0.0,6015.46,6015.46
125,Alagoinhas,ALA_L3,Itubaina,5,0.0,0.0,0.0,0.0,0.0,0.0
125,Alagoinhas,ALA_L3,Itubaina,6,0.0,0.0,0.0,0.0,0.0,0.0
125,Alagoinhas,ALA_L3,Itubaina,7,16789.499999999996,0.0,0.0,0.0,16789.5,0.0
125,Alagoinhas,ALA_L3,Itubaina,8,41160.0,0.0,0.0,0.0,41160.0,0.0
125,Alagoinhas,ALA_L3,Itubaina,9,0.0,0.0,0.0,0.0,0.0,0.0
125,Alagoinhas,ALA_L3,Itubaina,10,0.0,0.0,17922.19,0.0,0.0,17922.19
125,Alagoinhas,ALA_L3,Itubaina,11,0.0,0.0,0.0,0.0,0.0,0.0
125,Alagoinhas,ALA_L3,Itubaina,12,0.0,0.0,25172.76,0.0,0.0,27284.969999999998
125,Alagoinhas,ALA_L3,Itubaina,13,0.0,0.0,0.0,0.0,0.0,0.0
125,Alagoinhas,ALA_L3,Itubaina,14,0.0,0.0,0.0,0.0,0.0,0.0
125,Alagoinhas,ALA_L3,Itubaina,15,0.0,0.0,0.0,0.0,0.0,0.0
125,Alagoinhas,ALA_L3,Stella_Artois_Pure_Gold,1,0.0,0.0,0.0,0.0,0.0,0.0
125,Alagoinhas,ALA_L3,Stella_Artois_Pure_Gold,2,0.0,0.0,0.0,0.0,0.0,0.0
125,Alagoinhas,ALA_L3,Stella_Artois_Pure_Gold,3,0.0,0.0,0.0,0.0,0.0,3537.76
125,Alagoinhas,ALA_L3,Stella_Artois_Pure_Gold,4,0.0,0.0,0.0,0.0,0.0,0.0
125,Alagoinhas,ALA_L3,Stella_Artois_Pure_Gold,5,0.0,0.0,0.0,0.0,0.0,0.0
125,Alagoinhas,ALA_L3,Stella_Artois_Pure_Gold,6,0.0,0.0,0.0,0.0,0.0,0.0
125,Alagoinhas,ALA_L3,Stella_Artois_Pure_Gold,7,0.0,0.0,0.0,0.0,0.0,0.0
125,Alagoinhas,ALA_L3,Stella_Artois_Pure_Gold,8,0.0,0.0,20486.87,0.0,0.0,20486.87
125,Alagoinhas,ALA_L3,Stella_Artois_Pure_Gold,9,0.0,0.0,0.0,0.0,9432.530000000052,9432.530000000052
125,Alagoinhas,ALA_L3,Stella_Artois_Pure_Gold,10,0.0,0.0,0.0,0.0,0.0,0.0
125,Alagoinhas,ALA_L3,Stella_Artois_Pure_Gold,11,0.0,0.0,0.0,0.0,0.0,0.0
125,Alagoinhas,ALA_L3,Stella_Artois_Pure_Gold,12,0.0,0.0,0.0,0.0,0.0,0.0
125,Alagoinhas,ALA_L3,Stella_Artois_Pure_Gold,13,0.0,0.0,0.0,0.0,0.0,46931.11
125,Alagoinhas,ALA_L3,Stella_Artois_Pure_Gold,14,0.0,0.0,0.0,0.0,0.0,24430.2
125,Alagoinhas,ALA_L3,Stella_Artois_Pure_Gold,15,0.0,0.0,0.0,0.0,0.0,0.0
125,Alagoinhas,ALA_L3,Maguary_Caju,1,0.0,0.0,0.0,0.0,0.0,0.0
125,Alagoinhas,ALA_L3,Maguary_Caju,2,0.0,0.0,0.0,0.0,0.0,0.0
125,Alagoinhas,ALA_L3,Maguary_Caju,3,0.0,0.0,0.0,0.0,0.0,0.0
125,Alagoinhas,ALA_L3,Maguary_Caju,4,0.0,0.0,0.0,0.0,0.0,0.0
125,Alagoinhas,ALA_L3,Maguary_Caju,5,0.0,0.0,0.0,17682.1,0.0,0.0
125,Alagoinhas,ALA_L3,Maguary_Caju,6,0.0,0.0,0.0,0.0,0.0,12724.2
125,Alagoinhas,ALA_L3,Maguary_Caju,7,0.0,0.0,0.0,0.0,0.0,0.0
125,Alagoinhas,ALA_L3,Maguary_Caju,8,0.0,0.0,0.0,0.0,0.0,16289.439999999997
125,Alagoinhas,ALA_L3,Maguary_Caju,9,0.0,0.0,0.0,0.0,3074.0099999999984,3074.0099999999984
125,Alagoinhas,ALA_L3,Maguary_Caju,10,0.0,0.0,6549.17,0.0,8759.19,15308.36
125,Alagoinhas,ALA_L3,Maguary_Caju,11,0.0,0.0,0.0,0.0,0.0,0.0
125,Alagoinhas,ALA_L3,Maguary_Caju,12,0.0,0.0,0.0,0.0,0.0,0.0
125,Alagoinhas,ALA_L3,Maguary_Caju,13,0.0,0.0,0.0,0.0,0.0,0.0
125,Alagoinhas,ALA_L3,Maguary_Caju,14,0.0,0.0,0.0,0.0,0.0,0.0
125,Alagoinhas,ALA_L3,Maguary_Caju,15,0.0,0.0,0.0,0.0,0.0,0.0
125,Alagoinhas,ALA_L3,Coca_Cola_Zero,1,0.0,0.0,0.0,0.0,26439.76,0.0
125,Alagoinhas,ALA_L3,Coca_Cola_Zero,2,0.0,0.0,0.0,0.0,0.0,0.0
125,Alagoinhas,ALA_L3,Coca_Cola_Zero,3,0.0,0.0,0.0,0.0,8276.51000000001,0.0
125,Alagoinhas,ALA_L3,Coca_Cola_Zero,4,0.0,0.0,0.0,0.0,39168.0,12166.45
125,Alagoinhas,ALA_L3,Coca_Cola_Zero,5,0.0,0.0,0.0,0.0,0.0,0.0
125,Alagoinhas,ALA_L3,Coca_Cola_Zero,6,0.0,0.0,0.0,0.0,0.0,20657.349999999995
125,Alagoinhas,ALA_L3,Coca_Cola_Zero,7,0.0,0.0,0.0,0.0,0.0,0.0
125,Alagoinhas,ALA_L3,Coca_Cola_Zero,8,0.0,0.0,0.0,0.0,0.0,0.0
125,Alagoinhas,ALA_L3,Coca_Cola_Zero,9,0.0,0.0,0.0,0.0,0.0,0.0
125,Alagoinhas,ALA_L3,Coca_Cola_Zero,10,0.0,0.0,0.0,0.0,0.0,0.0
125,Alagoinhas,ALA_L3,Coca_Cola_Zero,11,0.0,0.0,0.0,0.0,0.0,0.0
125,Alagoinhas,ALA_L3,Coca_Cola_Zero,12,0.0,0.0,0.0,0.0,0.0,0.0
125,Alagoinhas,ALA_L3,Coca_Cola_Zero,13,0.0,0.0,0.0,0.0,17316.759999999995,0.0
125,Alagoinhas,ALA_L3,Coca_Cola_Zero,14,0.0,0.0,23064.68,0.0,34692.99,23064.68
125,Alagoinhas,ALA_L3,Coca_Cola_Zero,15,0.0,0.0,0.0,0.0,0.0,0.0
125,Alagoinhas,ALA_L3,Pepsi,1,20815.829999999998,0.0,0.0,0.0,20815.829999999998,52136.1
125,Alagoinhas,ALA_L3,Pepsi,2,0.0,0.0,0.0,0.0,0.0,0.0
125,Alagoinhas,ALA_L3,Pepsi,3,0.0,0.0,0.0,0.0,0.0,0.0
125,Alagoinhas,ALA_L3,Pepsi,4,31352.54,0.0,0.0,0.0,31352.539999999997,15470.86
125,Alagoinhas,ALA_L3,Pepsi,5,40008.0,0.0,22180.17,0.0,21517.14,3689.3099999999904
125,Alagoinhas,ALA_L3,Pepsi,6,39504.0,0.0,0.0,0.0,39504.00000000001,0.0
125,Alagoinhas,ALA_L3,Pepsi,7,23266.5,0.0,0.0,0.0,23266.5,0.0
125,Alagoinhas,ALA_L3,Pepsi,8,0.0,0.0,0.0,0.0,0.0,0.0
125,Alagoinhas,ALA_L3,Pepsi,9,0.0,0.0,0.0,0.0,0.0,0.0
125,Alagoinhas,ALA_L3,Pepsi,10,12739.800000000003,0.0,0.0,0.0,12739.800000000003,0.0
125,Alagoinhas,ALA_L3,Pepsi,11,0.0,0.0,0.0,0.0,0.0,0.0
125,Alagoinhas,ALA_L3,Pepsi,12,0.0,0.0,0.0,0.0,0.0,0.0
125,Alagoinhas,ALA_L3,Pepsi,13,0.0,0.0,0.0,0.0,0.0,0.0
125,Alagoinhas,ALA_L3,Pepsi,14,5416.250000000004,0.0,0.0,0.0,5416.250000000004,0.0
125,Alagoinhas,ALA_L3,Pepsi,15,0.0,0.0,0.0,0.0,0.0,0.0
125,Alagoinhas,ALA_L3,Antarctica_Lata,1,0.0,0.0,0.0,0.0,0.0,20774.859999999997
125,Alagoinhas,ALA_L3,Antarctica_Lata,2,0.0,0.0,0.0,0.0,0.0,0.0
125,Alagoinhas,ALA_L3,Antarctica_Lata,3,0.0,0.0,0.0,0.0,0.0,0.0
125,Alagoinhas,ALA_L3,Antarctica_Lata,4,0.0,0.0,0.0,0.0,0.0,16022.83
125,Alagoinhas,ALA_L3,Antarctica_Lata,5,0.0,0.0,0.0,0.0,0.0,15658.64
125,Alagoinhas,ALA_L3,Antarctica_Lata,6,0.0,0.0,0.0,0.0,0.0,38064.0
125,Alagoinhas,ALA_L3,Antarctica_Lata,7,0.0,0.0,0.0,0.0,0.0,16214.349999999999
125,Alagoinhas,ALA_L3,Antarctica_Lata,8,0.0,0.0,0.0,0.0,0.0,385.37000000000324
125,Alagoinhas,ALA_L3,Antarctica_Lata,9,0.0,0.0,0.0,0.0,0.0,0.0
125,Alagoinhas,ALA_L3,Antarctica_Lata,10,0.0,0.0,0.0,0.0,0.0,0.0
125,Alagoinhas,ALA_L3,Antarctica_Lata,11,0.0,0.0,0.0,0.0,0.0,0.0
125,Alagoinhas,ALA_L3,Antarctica_Lata,12,0.0,0.0,0.0,0.0,0.0,20496.760000000013
125,Alagoinhas,ALA_L3,Antarctica_Lata,13,0.0,0.0,0.0,0.0,0.0,0.0
125,Alagoinhas,ALA_L3,Antarctica_Lata,14,0.0,0.0,0.0,0.0,0.0,0.0
125,Alagoinhas,ALA_L3,Antarctica_Lata,15,0.0,0.0,0.0,0.0,0.0,39200.3
125,Alagoinhas,ALA_L3,Spaten_Lata,1,0.0,0.0,0.0,0.0,0.0,0.0
125,Alagoinhas,ALA_L3,Spaten_Lata,2,0.0,0.0,0.0,0.0,0.0,12636.81
125,Alagoinhas,ALA_L3,Spaten_Lata,3,0.0,0.0,0.0,0.0,0.0,0.0
125,Alagoinhas,ALA_L3,Spaten_Lata,4,0.0,0.0,0.0,0.0,0.0,0.0
125,Alagoinhas,ALA_L3,Spaten_Lata,5,0.0,0.0,0.0,0.0,0.0,0.0
125,Alagoinhas,ALA_L3,Spaten_Lata,6,0.0,0.0,0.0,0.0,0.0,0.0
125,Alagoinhas,ALA_L3,Spaten_Lata,7,0.0,0.0,0.0,0.0,0.0,0.0
125,Alagoinhas,ALA_L3,Spaten_Lata,8,0.0,0.0,0.0,0.0,5820.430000000004,5820.430000000004
125,Alagoinhas,ALA_L3,Spaten_Lata,9,0.0,0.0,0.0,0.0,0.0,0.0
125,Alagoinhas,ALA_L3,Spaten_Lata,10,0.0,0.0,0.0,0.0,0.0,0.0
125,Alagoinhas,ALA_L3,Spaten_Lata,11,0.0,0.0,0.0,0.0,0.0,0.0
125,Alagoinhas,ALA_L3,Spaten_Lata,12,0.0,0.0,0.0,0.0,0.0,0.0
125,Alagoinhas,ALA_L3,Spaten_Lata,13,0.0,0.0,0.0,0.0,0.0,0.0
125,Alagoinhas,ALA_L3,Spaten_Lata,14,0.0,0.0,0.0,0.0,0.0,0.0
125,Alagoinhas,ALA_L3,Spaten_Lata,15,0.0,0.0,0.0,0.0,0.0,0.0
125,Alagoinhas,ALA_L3,Heineken_Lata,1,0.0,0.0,0.0,0.0,0.0,0.0
125,Alagoinhas,ALA_L3,Heineken_Lata,2,0.0,0.0,0.0,0.0,0.0,0.0
125,Alagoinhas,ALA_L3,Heineken_Lata,3,0.0,0.0,0.0,0.0,0.0,0.0
125,Alagoinhas,ALA_L3,Heineken_Lata,4,0.0,0.0,0.0,0.0,0.0,0.0
125,Alagoinhas,ALA_L3,Heineken_Lata,5,0.0,0.0,0.0,0.0,0.0,19693.56
125,Alagoinhas,ALA_L3,Heineken_Lata,6,0.0,0.0,0.0,0.0,0.0,0.0
125,Alagoinhas,ALA_L3,Heineken_Lata,7,0.0,0.0,0.0,0.0,0.0,0.0
125,Alagoinhas,ALA_L3,Heineken_Lata,8,0.0,0.0,0.0,0.0,0.0,0.0
125,Alagoinhas,ALA_L3,Heineken_Lata,9,0.0,0.0,0.0,0.0,0.0,0.0
125,Alagoinhas,ALA_L3,Heineken_Lata,10,0.0,0.0,0.0,0.0,0.0,0.0
125,Alagoinhas,ALA_L3,Heineken_Lata,11,0.0,0.0,0.0,0.0,0.0,0.0
125,Alagoinhas,ALA_L3,Heineken_Lata,12,0.0,0.0,0.0,0.0,0.0,0.0
125,Alagoinhas,ALA_L3,Heineken_Lata,13,0.0,0.0,0.0,0.0,0.0,0.0
125,Alagoinhas,ALA_L3,Heineken_Lata,14,0.0,0.0,0.0,0.0,0.0,130.93
125,Alagoinhas,ALA_L3,Heineken_Lata,15,0.0,0.0,0.0,0.0,0.0,0.0
125,Alagoinhas,ALA_L3,Sukita_Laranja,1,0.0,0.0,0.0,0.0,0.0,0.0
125,Alagoinhas,ALA_L3,Sukita_Laranja,2,0.0,0.0,0.0,0.0,0.0,0.0
125,Alagoinhas,ALA_L3,Sukita_Laranja,3,0.0,0.0,0.0,0.0,0.0,0.0
125,Alagoinhas,ALA_L3,Sukita_Laranja,4,0.0,0.0,0.0,0.0,0.0,0.0
125,Alagoinhas,ALA_L3,Sukita_Laranja,5,0.0,0.0,0.0,0.0,0.0,0.0
125,Alagoinhas,ALA_L3,Sukita_Laranja,6,0.0,0.0,0.0,0.0,0.0,0.0
125,Alagoinhas,ALA_L3,Sukita_Laranja,7,0.0,0.0,0.0,0.0,0.0,17635.22
125,Alagoinhas,ALA_L3,Sukita_Laranja,8,0.0,0.0,0.0,0.0,0.0,0.0
125,Alagoinhas,ALA_L3,Sukita_Laranja,9,0.0,0.0,0.0,0.0,0.0,0.0
125,Alagoinhas,ALA_L3,Sukita_Laranja,10,0.0,0.0,0.0,0.0,0.0,0.0
125,Alagoinhas,ALA_L3,Sukita_Laranja,11,0.0,0.0,0.0,0.0,0.0,0.0
125,Alagoinhas,ALA_L3,Sukita_Laranja,12,0.0,0.0,0.0,0.0,0.0,0.0
125,Alagoinhas,ALA_L3,Sukita_Laranja,13,0.0,0.0,0.0,0.0,0.0,0.0
125,Alagoinhas,ALA_L3,Sukita_Laranja,14,0.0,0.0,0.0,0.0,0.0,0.0
125,Alagoinhas,ALA_L3,Sukita_Laranja,15,0.0,0.0,0.0,0.0,0.0,0.0
125,Alagoinhas,ALA_L3,H2OH_Limao,1,0.0,0.0,0.0,0.0,0.0,0.0
125,Alagoinhas,ALA_L3,H2OH_Limao,2,0.0,0.0,0.0,0.0,0.0,0.0
125,Alagoinhas,ALA_L3,H2OH_Limao,3,0.0,0.0,0.0,0.0,0.0,0.0
125,Alagoinhas,ALA_L3,H2OH_Limao,4,0.0,0.0,0.0,0.0,0.0,0.0
125,Alagoinhas,ALA_L3,H2OH_Limao,5,0.0,0.0,0.0,0.0,0.0,0.0
125,Alagoinhas,ALA_L3,H2OH_Limao,6,0.0,0.0,0.0,0.0,0.0,0.0
125,Alagoinhas,ALA_L3,H2OH_Limao,7,0.0,0.0,0.0,0.0,0.0,0.0
125,Alagoinhas,ALA_L3,H2OH_Limao,8,0.0,0.0,0.0,0.0,0.0,0.0
125,Alagoinhas,ALA_L3,H2OH_Limao,9,0.0,0.0,0.0,0.0,0.0,0.0
125,Alagoinhas,ALA_L3,H2OH_Limao,10,0.0,0.0,0.0,0.0,0.0,15603.56
125,Alagoinhas,ALA_L3,H2OH_Limao,11,0.0,0.0,0.0,0.0,0.0,11834.41
125,Alagoinhas,ALA_L3,H2OH_Limao,12,0.0,0.0,0.0,0.0,0.0,0.0
125,Alagoinhas,ALA_L3,H2OH_Limao,13,0.0,0.0,0.0,0.0,0.0,0.0
125,Alagoinhas,ALA_L3,H2OH_Limao,14,0.0,0.0,0.0,0.0,0.0,0.0
125,Alagoinhas,ALA_L3,H2OH_Limao,15,0.0,0.0,0.0,0.0,0.0,0.0
125,Alagoinhas,ALA_L3,Budweiser_Lata,1,0.0,0.0,16356.31,0.0,0.0,16356.31
125,Alagoinhas,ALA_L3,Budweiser_Lata,2,0.0,0.0,0.0,0.0,0.0,0.0
125,Alagoinhas,ALA_L3,Budweiser_Lata,3,0.0,0.0,0.0,0.0,0.0,0.0
125,Alagoinhas,ALA_L3,Budweiser_Lata,4,0.0,0.0,0.0,0.0,0.0,0.0
125,Alagoinhas,ALA_L3,Budweiser_Lata,5,0.0,0.0,0.0,0.0,0.0,0.0
125,Alagoinhas,ALA_L3,Budweiser_Lata,6,0.0,0.0,18865.53,0.0,0.0,18865.53
125,Alagoinhas,ALA_L3,Budweiser_Lata,7,0.0,0.0,0.0,0.0,0.0,0.0
125,Alagoinhas,ALA_L3,Budweiser_Lata,8,0.0,0.0,0.0,0.0,0.0,0.0
125,Alagoinhas,ALA_L3,Budweiser_Lata,9,0.0,0.0,0.0,0.0,0.0,43832.1
125,Alagoinhas,ALA_L3,Budweiser_Lata,10,0.0,0.0,0.0,0.0,0.0,0.0
125,Alagoinhas,ALA_L3,Budweiser_Lata,11,0.0,0.0,0.0,0.0,0.0,0.0
125,Alagoinhas,ALA_L3,Budweiser_Lata,12,0.0,0.0,0.0,0.0,0.0,0.0
125,Alagoinhas,ALA_L3,Budweiser_Lata,13,0.0,0.0,0.0,0.0,0.0,0.0
125,Alagoinhas,ALA_L3,Budweiser_Lata,14,0.0,0.0,0.0,0.0,0.0,30829.15
125,Alagoinhas,ALA_L3,Budweiser_Lata,15,0.0,0.0,31548.82,0.0,0.0,31548.82
125,Alagoinhas,ALA_L3,Kuat,1,0.0,0.0,0.0,0.0,0.0,0.0
125,Alagoinhas,ALA_L3,Kuat,2,0.0,0.0,0.0,0.0,0.0,0.0
125,Alagoinhas,ALA_L3,Kuat,3,0.0,0.0,0.0,0.0,0.0,21630.84
125,Alagoinhas,ALA_L3,Kuat,4,0.0,0.0,0.0,0.0,0.0,0.0
125,Alagoinhas,ALA_L3,Kuat,5,0.0,0.0,0.0,0.0,0.0,0.0
125,Alagoinhas,ALA_L3,Kuat,6,0.0,0.0,0.0,0.0,0.0,0.0
125,Alagoinhas,ALA_L3,Kuat,7,0.0,0.0,0.0,0.0,0.0,0.0
125,Alagoinhas,ALA_L3,Kuat,8,0.0,0.0,0.0,0.0,0.0,0.0
125,Alagoinhas,ALA_L3,Kuat,9,0.0,0.0,0.0,0.0,0.0,0.0
125,Alagoinhas,ALA_L3,Kuat,10,0.0,0.0,20729.28,0.0,0.0,20729.28
125,Alagoinhas,ALA_L3,Kuat,11,0.0,0.0,5997.47,0.0,0.0,5997.47
125,Alagoinhas,ALA_L3,Kuat,12,0.0,0.0,0.0,0.0,0.0,0.0
125,Alagoinhas,ALA_L3,Kuat,13,0.0,0.0,0.0,0.0,0.0,0.0
125,Alagoinhas,ALA_L3,Kuat,14,0.0,0.0,0.0,0.0,0.0,0.0
125,Alagoinhas,ALA_L3,Kuat,15,0.0,0.0,0.0,0.0,0.0,0.0
125,Alagoinhas,ALA_L3,Fanta_Uva,1,0.0,0.0,0.0,0.0,14096.240000000005,0.0
125,Alagoinhas,ALA_L3,Fanta_Uva,2,0.0,0.0,0.0,0.0,31543.64999999999,0.0
125,Alagoinhas,ALA_L3,Fanta_Uva,3,0.0,0.0,0.0,0.0,14544.289999999985,0.0
125,Alagoinhas,ALA_L3,Fanta_Uva,4,0.0,0.0,0.0,0.0,0.0,0.0
125,Alagoinhas,ALA_L3,Fanta_Uva,5,0.0,0.0,0.0,0.0,0.0,0.0
125,Alagoinhas,ALA_L3,Fanta_Uva,6,0.0,0.0,0.0,0.0,25143.419999999995,0.0
125,Alagoinhas,ALA_L3,Fanta_Uva,7,0.0,0.0,0.0,0.0,37128.0,0.0
125,Alagoinhas,ALA_L3,Fanta_Uva,8,0.0,0.0,0.0,0.0,39120.0,0.0
125,Alagoinhas,ALA_L3,Fanta_Uva,9,0.0,0.0,0.0,0.0,1322.779999999948,0.0
125,Alagoinhas,ALA_L3,Fanta_Uva,10,0.0,0.0,0.0,0.0,7784.96000000005,0.0
125,Alagoinhas,ALA_L3,Fanta_Uva,11,0.0,0.0,0.0,0.0,29759.879999999997,0.0
125,Alagoinhas,ALA_L3,Fanta_Uva,12,0.0,0.0,0.0,0.0,4600.239999999998,0.0
125,Alagoinhas,ALA_L3,Fanta_Uva,13,0.0,0.0,0.0,0.0,17771.240000000005,0.0
125,Alagoinhas,ALA_L3,Fanta_Uva,14,0.0,0.0,0.0,24976.48,7163.010000000002,22630.989999999994
125,Alagoinhas,ALA_L3,Fanta_Uva,15,0.0,0.0,0.0,0.0,24251.63,0.0
125,Alagoinhas,ALA_L3,Sprite,1,0.0,0.0,0.0,0.0,0.0,0.0
125,Alagoinhas,ALA_L3,Sprite,2,0.0,0.0,0.0,0.0,0.0,0.0
125,Alagoinhas,ALA_L3,Sprite,3,0.0,0.0,0.0,0.0,0.0,0.0
125,Alagoinhas,ALA_L3,Sprite,4,0.0,0.0,0.0,0.0,0.0,0.0
125,Alagoinhas,ALA_L3,Sprite,5,0.0,0.0,0.0,0.0,0.0,0.0
125,Alagoinhas,ALA_L3,Sprite,6,0.0,0.0,0.0,0.0,0.0,0.0
125,Alagoinhas,ALA_L3,Sprite,7,0.0,0.0,0.0,0.0,0.0,0.0
125,Alagoinhas,ALA_L3,Sprite,8,0.0,0.0,0.0,0.0,0.0,0.0
125,Alagoinhas,ALA_L3,Sprite,9,0.0,0.0,0.0,0.0,0.0,0.0
125,Alagoinhas,ALA_L3,Sprite,10,0.0,0.0,0.0,0.0,0.0,0.0
125,Alagoinhas,ALA_L3,Sprite,11,0.0,0.0,0.0,0.0,0.0,0.0
125,Alagoinhas,ALA_L3,Sprite,12,0.0,0.0,0.0,0.0,0.0,0.0
125,Alagoinhas,ALA_L3,Sprite,13,0.0,0.0,0.0,0.0,0.0,0.0
125,Alagoinhas,ALA_L3,Sprite,14,0.0,0.0,0.0,0.0,0.0,9052.65
125,Alagoinhas,ALA_L3,Sprite,15,0.0,0.0,0.0,0.0,0.0,0.0
125,Alagoinhas,ALA_L3,Skol_Lata,1,0.0,0.0,0.0,0.0,39024.0,0.0
125,Alagoinhas,ALA_L3,Skol_Lata,2,0.0,0.0,0.0,0.0,0.0,0.0
125,Alagoinhas,ALA_L3,Skol_Lata,3,0.0,0.0,0.0,0.0,0.0,0.0
125,Alagoinhas,ALA_L3,Skol_Lata,4,0.0,0.0,0.0,0.0,0.0,0.0
125,Alagoinhas,ALA_L3,Skol_Lata,5,0.0,0.0,0.0,0.0,0.0,0.0
125,Alagoinhas,ALA_L3,Skol_Lata,6,0.0,0.0,0.0,0.0,0.0,0.0
125,Alagoinhas,ALA_L3,Skol_Lata,7,0.0,0.0,0.0,0.0,0.0,0.0
125,Alagoinhas,ALA_L3,Skol_Lata,8,0.0,0.0,0.0,0.0,0.0,0.0
125,Alagoinhas,ALA_L3,Skol_Lata,9,0.0,0.0,0.0,0.0,0.0,0.0
125,Alagoinhas,ALA_L3,Skol_Lata,10,0.0,0.0,0.0,0.0,0.0,0.0
125,Alagoinhas,ALA_L3,Skol_Lata,11,0.0,0.0,0.0,0.0,0.0,13259.18
125,Alagoinhas,ALA_L3,Skol_Lata,12,0.0,0.0,0.0,0.0,0.0,0.0
125,Alagoinhas,ALA_L3,Skol_Lata,13,0.0,0.0,0.0,0.0,0.0,41013.26
125,Alagoinhas,ALA_L3,Skol_Lata,14,0.0,0.0,0.0,0.0,0.0,0.0
125,Alagoinhas,ALA_L3,Skol_Lata,15,0.0,0.0,0.0,0.0,0.0,41568.0
125,Alagoinhas,ALA_L3,Guarana_Antarctica,1,0.0,0.0,0.0,0.0,0.0,0.0
125,Alagoinhas,ALA_L3,Guarana_Antarctica,2,0.0,0.0,0.0,0.0,0.0,0.0
125,Alagoinhas,ALA_L3,Guarana_Antarctica,3,0.0,0.0,0.0,31808.35,0.0,0.0
125,Alagoinhas,ALA_L3,Guarana_Antarctica,4,0.0,0.0,0.0,0.0,0.0,0.0
125,Alagoinhas,ALA_L3,Guarana_Antarctica,5,0.0,0.0,0.0,0.0,0.0,0.0
125,Alagoinhas,ALA_L3,Guarana_Antarctica,6,0.0,0.0,0.0,0.0,0.0,0.0
125,Alagoinhas,ALA_L3,Guarana_Antarctica,7,0.0,0.0,0.0,0.0,0.0,0.0
125,Alagoinhas,ALA_L3,Guarana_Antarctica,8,0.0,0.0,0.0,0.0,0.0,0.0
125,Alagoinhas,ALA_L3,Guarana_Antarctica,9,0.0,0.0,0.0,0.0,0.0,0.0
125,Alagoinhas,ALA_L3,Guarana_Antarctica,10,0.0,0.0,0.0,0.0,0.0,0.0
125,Alagoinhas,ALA_L3,Guarana_Antarctica,11,0.0,0.0,0.0,0.0,0.0,0.0
125,Alagoinhas,ALA_L3,Guarana_Antarctica,12,0.0,0.0,0.0,0.0,0.0,0.0
125,Alagoinhas,ALA_L3,Guarana_Antarctica,13,0.0,0.0,0.0,0.0,0.0,0.0
125,Alagoinhas,ALA_L3,Guarana_Antarctica,14,0.0,0.0,0.0,0.0,0.0,0.0
125,Alagoinhas,ALA_L3,Guarana_Antarctica,15,0.0,0.0,0.0,0.0,0.0,0.0
125,Alagoinhas,ALA_L3,Guarana_Antarctica_Zero,1,0.0,0.0,0.0,0.0,0.0,0.0
125,Alagoinhas,ALA_L3,Guarana_Antarctica_Zero,2,0.0,0.0,0.0,0.0,0.0,0.0
125,Alagoinhas,ALA_L3,Guarana_Antarctica_Zero,3,0.0,0.0,0.0,0.0,0.0,25562.99
125,Alagoinhas,ALA_L3,Guarana_Antarctica_Zero,4,0.0,0.0,0.0,0.0,0.0,40531.65
125,Alagoinhas,ALA_L3,Guarana_Antarctica_Zero,5,0.0,0.0,0.0,0.0,22363.94,0.0
125,Alagoinhas,ALA_L3,Guarana_Antarctica_Zero,6,0.0,0.0,0.0,0.0,48324.12,24058.00000000003
125,Alagoinhas,ALA_L3,Guarana_Antarctica_Zero,7,0.0,0.0,27138.35,0.0,20325.94,27138.35
125,Alagoinhas,ALA_L3,Guarana_Antarctica_Zero,8,0.0,0.0,0.0,0.0,0.0,0.0
125,Alagoinhas,ALA_L3,Guarana_Antarctica_Zero,9,0.0,0.0,0.0,0.0,0.0,0.0
125,Alagoinhas,ALA_L3,Guarana_Antarctica_Zero,10,0.0,0.0,0.0,0.0,0.0,0.0
125,Alagoinhas,ALA_L3,Guarana_Antarctica_Zero,11,0.0,0.0,20963.42,0.0,29811.840000000007,39024.0
125,Alagoinhas,ALA_L3,Guarana_Antarctica_Zero,12,0.0,0.0,0.0,0.0,0.0,0.0
125,Alagoinhas,ALA_L3,Guarana_Antarctica_Zero,13,0.0,0.0,0.0,0.0,0.0,0.0
125,Alagoinhas,ALA_L3,Guarana_Antarctica_Zero,14,0.0,0.0,0.0,0.0,38807.99999999999,0.0
125,Alagoinhas,ALA_L3,Guarana_Antarctica_Zero,15,0.0,0.0,12710.32,0.0,0.0,12710.32
125,Alagoinhas,ALA_L3,Del_Valle_Uva,1,18472.17,0.0,14412.31,0.0,4059.8600000000024,0.0
125,Alagoinhas,ALA_L3,Del_Valle_Uva,2,33202.47,0.0,0.0,0.0,33202.47,1563.5600000000031
125,Alagoinhas,ALA_L3,Del_Valle_Uva,3,17689.58999999999,0.0,0.0,0.0,17689.589999999993,0.0
125,Alagoinhas,ALA_L3,Del_Valle_Uva,4,0.0,0.0,0.0,0.0,0.0,0.0
125,Alagoinhas,ALA_L3,Del_Valle_Uva,5,0.0,0.0,0.0,0.0,0.0,0.0
125,Alagoinhas,ALA_L3,Del_Valle_Uva,6,0.0,0.0,0.0,0.0,0.0,0.0
125,Alagoinhas,ALA_L3,Del_Valle_Uva,7,0.0,0.0,0.0,0.0,0.0,0.0
125,Alagoinhas,ALA_L3,Del_Valle_Uva,8,0.0,0.0,0.0,0.0,0.0,0.0
125,Alagoinhas,ALA_L3,Del_Valle_Uva,9,38184.0,0.0,0.0,0.0,38184.0,0.0
125,Alagoinhas,ALA_L3,Del_Valle_Uva,10,24052.2,0.0,0.0,0.0,24052.199999999997,24052.199999999997
125,Alagoinhas,ALA_L3,Del_Valle_Uva,11,39504.0,0.0,18088.89,0.0,21415.110000000008,0.0
125,Alagoinhas,ALA_L3,Del_Valle_Uva,12,36000.0,0.0,971.6,0.0,35028.4,0.0
125,Alagoinhas,ALA_L3,Del_Valle_Uva,13,39408.0,0.0,0.0,0.0,39408.0,0.0
125,Alagoinhas,ALA_L3,Del_Valle_Uva,14,35287.74999999999,0.0,0.0,0.0,35287.74999999999,0.0
125,Alagoinhas,ALA_L3,Del_Valle_Uva,15,35856.0,0.0,0.0,0.0,35856.0,0.0
125,Alagoinhas,ALA_L3,Brahma_Lata,1,0.0,0.0,0.0,0.0,0.0,0.0
125,Alagoinhas,ALA_L3,Brahma_Lata,2,0.0,0.0,0.0,0.0,0.0,0.0
125,Alagoinhas,ALA_L3,Brahma_Lata,3,0.0,0.0,0.0,0.0,0.0,0.0
125,Alagoinhas,ALA_L3,Brahma_Lata,4,0.0,0.0,0.0,0.0,0.0,0.0
125,Alagoinhas,ALA_L3,Brahma_Lata,5,0.0,0.0,0.0,0.0,0.0,0.0
125,Alagoinhas,ALA_L3,Brahma_Lata,6,0.0,0.0,0.0,0.0,0.0,0.0
125,Alagoinhas,ALA_L3,Brahma_Lata,7,0.0,0.0,0.0,0.0,0.0,0.0
125,Alagoinhas,ALA_L3,Brahma_Lata,8,0.0,0.0,21557.86,0.0,0.0,21557.86
125,Alagoinhas,ALA_L3,Brahma_Lata,9,0.0,0.0,0.0,0.0,0.0,0.0
125,Alagoinhas,ALA_L3,Brahma_Lata,10,0.0,0.0,0.0,0.0,0.0,0.0
125,Alagoinhas,ALA_L3,Brahma_Lata,11,0.0,0.0,0.0,0.0,0.0,0.0
125,Alagoinhas,ALA_L3,Brahma_Lata,12,0.0,0.0,0.0,0.0,0.0,0.0
125,Alagoinhas,ALA_L3,Brahma_Lata,13,0.0,0.0,0.0,0.0,0.0,0.0
125,Alagoinhas,ALA_L3,Brahma_Lata,14,0.0,0.0,0.0,0.0,0.0,0.0
125,Alagoinhas,ALA_L3,Brahma_Lata,15,0.0,0.0,0.0,0.0,0.0,0.0
125,Alagoinhas,ALA_L3,Itaipava_Lata,1,0.0,0.0,0.0,0.0,0.0,0.0
125,Alagoinhas,ALA_L3,Itaipava_Lata,2,0.0,0.0,0.0,0.0,0.0,0.0
125,Alagoinhas,ALA_L3,Itaipava_Lata,3,0.0,0.0,0.0,0.0,0.0,0.0
125,Alagoinhas,ALA_L3,Itaipava_Lata,4,0.0,0.0,0.0,0.0,0.0,0.0
125,Alagoinhas,ALA_L3,Itaipava_Lata,5,0.0,0.0,0.0,0.0,0.0,0.0
125,Alagoinhas,ALA_L3,Itaipava_Lata,6,0.0,0.0,0.0,0.0,0.0,0.0
125,Alagoinhas,ALA_L3,Itaipava_Lata,7,0.0,0.0,0.0,0.0,0.0,0.0
125,Alagoinhas,ALA_L3,Itaipava_Lata,8,0.0,0.0,0.0,0.0,0.0,0.0
125,Alagoinhas,ALA_L3,Itaipava_Lata,9,0.0,0.0,0.0,0.0,0.0,0.0
125,Alagoinhas,ALA_L3,Itaipava_Lata,10,0.0,0.0,0.0,0.0,0.0,0.0
125,Alagoinhas,ALA_L3,Itaipava_Lata,11,0.0,0.0,0.0,0.0,0.0,0.0
125,Alagoinhas,ALA_L3,Itaipava_Lata,12,0.0,0.0,0.0,0.0,0.0,0.0
125,Alagoinhas,ALA_L3,Itaipava_Lata,13,0.0,0.0,0.0,0.0,0.0,0.0
125,Alagoinhas,ALA_L3,Itaipava_Lata,14,0.0,0.0,0.0,0.0,0.0,0.0
125,Alagoinhas,ALA_L3,Itaipava_Lata,15,0.0,0.0,0.0,0.0,0.0,0.0
125,Frutal,FRU_L1,Maguary_Maracuja,1,39312.0,0.0,0.0,0.0,57683.43000000001,0.0
125,Frutal,FRU_L1,Maguary_Maracuja,2,41112.0,0.0,0.0,0.0,43891.88,0.0
125,Frutal,FRU_L1,Maguary_Maracuja,3,23564.780000000046,0.0,0.0,0.0,23564.780000000046,0.0
125,Frutal,FRU_L1,Maguary_Maracuja,4,34056.0,0.0,0.0,0.0,34056.0,0.0
125,Frutal,FRU_L1,Maguary_Maracuja,5,37560.0,0.0,0.0,0.0,55173.649999999965,0.0
125,Frutal,FRU_L1,Maguary_Maracuja,6,36600.0,0.0,398.79,0.0,72993.20999999999,0.0
125,Frutal,FRU_L1,Maguary_Maracuja,7,38352.0,0.0,24094.07,0.0,54817.93,0.0
125,Frutal,FRU_L1,Maguary_Maracuja,8,38400.0,0.0,0.0,0.0,88084.81999999999,0.0
125,Frutal,FRU_L1,Maguary_Maracuja,9,40824.0,0.0,0.0,0.0,79656.00000000001,0.0
125,Frutal,FRU_L1,Maguary_Maracuja,10,41328.0,0.0,0.0,0.0,81288.0,43012.51
125,Frutal,FRU_L1,Maguary_Maracuja,11,42216.0,0.0,0.0,0.0,42216.0,0.0
125,Frutal,FRU_L1,Maguary_Maracuja,12,36888.0,0.0,0.0,0.0,69505.48999999999,0.0
125,Frutal,FRU_L1,Maguary_Maracuja,13,41760.0,0.0,0.0,0.0,55600.39,0.0
125,Frutal,FRU_L1,Maguary_Maracuja,14,0.0,0.0,0.0,0.0,9826.0,0.0
125,Frutal,FRU_L1,Maguary_Maracuja,15,0.0,0.0,0.0,0.0,9196.32,0.0
125,Frutal,FRU_L1,Fanta_Laranja,1,0.0,0.0,0.0,0.0,0.0,0.0
125,Frutal,FRU_L1,Fanta_Laranja,2,0.0,0.0,0.0,0.0,0.0,0.0
125,Frutal,FRU_L1,Fanta_Laranja,3,0.0,0.0,0.0,0.0,0.0,0.0
125,Frutal,FRU_L1,Fanta_Laranja,4,0.0,0.0,1213.02,0.0,0.0,1213.02
125,Frutal,FRU_L1,Fanta_Laranja,5,0.0,0.0,0.0,0.0,0.0,29658.68
125,Frutal,FRU_L1,Fanta_Laranja,6,0.0,0.0,0.0,0.0,0.0,0.0
125,Frutal,FRU_L1,Fanta_Laranja,7,0.0,0.0,0.0,0.0,0.0,23221.66
125,Frutal,FRU_L1,Fanta_Laranja,8,0.0,0.0,0.0,0.0,0.0,0.0
125,Frutal,FRU_L1,Fanta_Laranja,9,0.0,0.0,0.0,0.0,0.0,35685.13
125,Frutal,FRU_L1,Fanta_Laranja,10,0.0,0.0,0.0,0.0,0.0,0.0
125,Frutal,FRU_L1,Fanta_Laranja,11,0.0,0.0,0.0,0.0,0.0,0.0
125,Frutal,FRU_L1,Fanta_Laranja,12,0.0,0.0,0.0,0.0,0.0,0.0
125,Frutal,FRU_L1,Fanta_Laranja,13,0.0,0.0,0.0,0.0,0.0,0.0
125,Frutal,FRU_L1,Fanta_Laranja,14,0.0,0.0,0.0,0.0,0.0,0.0
125,Frutal,FRU_L1,Fanta_Laranja,15,0.0,0.0,0.0,0.0,0.0,0.0
125,Frutal,FRU_L1,Schweppes_Citrus,1,0.0,0.0,0.0,0.0,0.0,0.0
125,Frutal,FRU_L1,Schweppes_Citrus,2,0.0,0.0,0.0,0.0,0.0,0.0
125,Frutal,FRU_L1,Schweppes_Citrus,3,0.0,0.0,0.0,0.0,0.0,0.0
125,Frutal,FRU_L1,Schweppes_Citrus,4,0.0,0.0,0.0,0.0,0.0,0.0
125,Frutal,FRU_L1,Schweppes_Citrus,5,0.0,0.0,0.0,0.0,0.0,0.0
125,Frutal,FRU_L1,Schweppes_Citrus,6,0.0,0.0,0.0,0.0,0.0,0.0
125,Frutal,FRU_L1,Schweppes_Citrus,7,0.0,0.0,0.0,0.0,0.0,0.0
125,Frutal,FRU_L1,Schweppes_Citrus,8,0.0,0.0,0.0,0.0,0.0,0.0
125,Frutal,FRU_L1,Schweppes_Citrus,9,0.0,0.0,0.0,0.0,0.0,0.0
125,Frutal,FRU_L1,Schweppes_Citrus,10,0.0,0.0,0.0,0.0,0.0,0.0
125,Frutal,FRU_L1,Schweppes_Citrus,11,0.0,0.0,0.0,0.0,0.0,0.0
125,Frutal,FRU_L1,Schweppes_Citrus,12,0.0,0.0,0.0,0.0,0.0,0.0
125,Frutal,FRU_L1,Schweppes_Citrus,13,0.0,0.0,0.0,0.0,0.0,0.0
125,Frutal,FRU_L1,Schweppes_Citrus,14,0.0,0.0,0.0,0.0,0.0,0.0
125,Frutal,FRU_L1,Schweppes_Citrus,15,0.0,0.0,0.0,0.0,0.0,0.0
125,Frutal,FRU_L1,Sprite_Zero,1,0.0,0.0,0.0,0.0,0.0,0.0
125,Frutal,FRU_L1,Sprite_Zero,2,0.0,0.0,0.0,0.0,0.0,0.0
125,Frutal,FRU_L1,Sprite_Zero,3,0.0,0.0,0.0,0.0,0.0,0.0
125,Frutal,FRU_L1,Sprite_Zero,4,0.0,0.0,0.0,0.0,0.0,0.0
125,Frutal,FRU_L1,Sprite_Zero,5,0.0,0.0,0.0,0.0,0.0,0.0
125,Frutal,FRU_L1,Sprite_Zero,6,0.0,0.0,0.0,0.0,0.0,0.0
125,Frutal,FRU_L1,Sprite_Zero,7,0.0,0.0,0.0,0.0,0.0,0.0
125,Frutal,FRU_L1,Sprite_Zero,8,0.0,0.0,0.0,0.0,0.0,0.0
125,Frutal,FRU_L1,Sprite_Zero,9,0.0,0.0,0.0,0.0,0.0,0.0
125,Frutal,FRU_L1,Sprite_Zero,10,0.0,0.0,0.0,0.0,0.0,0.0
125,Frutal,FRU_L1,Sprite_Zero,11,0.0,0.0,45284.53,0.0,0.0,45284.53
125,Frutal,FRU_L1,Sprite_Zero,12,0.0,0.0,0.0,0.0,17983.75,17983.75
125,Frutal,FRU_L1,Sprite_Zero,13,0.0,0.0,0.0,0.0,0.0,0.0
125,Frutal,FRU_L1,Sprite_Zero,14,0.0,0.0,0.0,0.0,0.0,46645.35
125,Frutal,FRU_L1,Sprite_Zero,15,0.0,0.0,0.0,0.0,0.0,0.0
125,Frutal,FRU_L1,Eisenbahn_Pilsen,1,0.0,0.0,0.0,0.0,0.0,0.0
125,Frutal,FRU_L1,Eisenbahn_Pilsen,2,0.0,0.0,0.0,0.0,0.0,15164.07
125,Frutal,FRU_L1,Eisenbahn_Pilsen,3,0.0,0.0,15126.23,0.0,0.0,15126.23
125,Frutal,FRU_L1,Eisenbahn_Pilsen,4,0.0,0.0,0.0,0.0,0.0,3282.86
125,Frutal,FRU_L1,Eisenbahn_Pilsen,5,0.0,0.0,0.0,0.0,0.0,0.0
125,Frutal,FRU_L1,Eisenbahn_Pilsen,6,0.0,0.0,0.0,0.0,0.0,0.0
125,Frutal,FRU_L1,Eisenbahn_Pilsen,7,0.0,0.0,0.0,0.0,0.0,20532.63
125,Frutal,FRU_L1,Eisenbahn_Pilsen,8,0.0,0.0,0.0,0.0,0.0,0.0
125,Frutal,FRU_L1,Eisenbahn_Pilsen,9,0.0,0.0,0.0,0.0,0.0,0.0
125,Frutal,FRU_L1,Eisenbahn_Pilsen,10,0.0,0.0,0.0,0.0,0.0,12800.99
125,Frutal,FRU_L1,Eisenbahn_Pilsen,11,0.0,0.0,0.0,0.0,0.0,19213.02
125,Frutal,FRU_L1,Eisenbahn_Pilsen,12,0.0,0.0,0.0,0.0,0.0,0.0
125,Frutal,FRU_L1,Eisenbahn_Pilsen,13,0.0,0.0,0.0,0.0,0.0,0.0
125,Frutal,FRU_L1,Eisenbahn_Pilsen,14,0.0,0.0,0.0,0.0,0.0,11407.05
125,Frutal,FRU_L1,Eisenbahn_Pilsen,15,0.0,0.0,0.0,0.0,0.0,0.0
125,Frutal,FRU_L1,Del_Valle_Pessego,1,0.0,0.0,0.0,0.0,0.0,8761.680000000004
125,Frutal,FRU_L1,Del_Valle_Pessego,2,0.0,0.0,0.0,0.0,0.0,0.0
125,Frutal,FRU_L1,Del_Valle_Pessego,3,0.0,0.0,0.0,0.0,0.0,0.0
125,Frutal,FRU_L1,Del_Valle_Pessego,4,0.0,0.0,0.0,0.0,0.0,0.0
125,Frutal,FRU_L1,Del_Valle_Pessego,5,0.0,0.0,19431.849999999995,25726.690000000006,0.0,19431.849999999995
125,Frutal,FRU_L1,Del_Valle_Pessego,6,0.0,0.0,0.0,0.0,0.0,0.0
125,Frutal,FRU_L1,Del_Valle_Pessego,7,0.0,0.0,0.0,0.0,0.0,0.0
125,Frutal,FRU_L1,Del_Valle_Pessego,8,0.0,0.0,0.0,0.0,0.0,33235.56
125,Frutal,FRU_L1,Del_Valle_Pessego,9,0.0,0.0,0.0,0.0,0.0,0.0
125,Frutal,FRU_L1,Del_Valle_Pessego,10,0.0,0.0,0.0,0.0,0.0,0.0
125,Frutal,FRU_L1,Del_Valle_Pessego,11,0.0,0.0,0.0,0.0,0.0,0.0
125,Frutal,FRU_L1,Del_Valle_Pessego,12,0.0,0.0,0.0,0.0,0.0,17137.32
125,Frutal,FRU_L1,Del_Valle_Pessego,13,0.0,0.0,0.0,0.0,0.0,15192.060000000001
125,Frutal,FRU_L1,Del_Valle_Pessego,14,0.0,0.0,0.0,0.0,0.0,16960.21
125,Frutal,FRU_L1,Del_Valle_Pessego,15,0.0,0.0,0.0,0.0,0.0,20069.329999999987
125,Frutal,FRU_L1,Coca_Cola,1,0.0,0.0,0.0,0.0,0.0,0.0
125,Frutal,FRU_L1,Coca_Cola,2,0.0,0.0,0.0,0.0,0.0,0.0
125,Frutal,FRU_L1,Coca_Cola,3,0.0,0.0,0.0,0.0,0.0,0.0
125,Frutal,FRU_L1,Coca_Cola,4,0.0,0.0,0.0,0.0,0.0,0.0
125,Frutal,FRU_L1,Coca_Cola,5,0.0,0.0,0.0,0.0,0.0,0.0
125,Frutal,FRU_L1,Coca_Cola,6,0.0,0.0,0.0,16691.95,0.0,0.0
125,Frutal,FRU_L1,Coca_Cola,7,0.0,0.0,0.0,0.0,0.0,0.0
125,Frutal,FRU_L1,Coca_Cola,8,0.0,0.0,0.0,0.0,0.0,0.0
125,Frutal,FRU_L1,Coca_Cola,9,0.0,0.0,0.0,0.0,0.0,0.0
125,Frutal,FRU_L1,Coca_Cola,10,0.0,0.0,0.0,0.0,0.0,0.0
125,Frutal,FRU_L1,Coca_Cola,11,0.0,0.0,0.0,0.0,0.0,0.0
125,Frutal,FRU_L1,Coca_Cola,12,0.0,0.0,0.0,0.0,0.0,0.0
125,Frutal,FRU_L1,Coca_Cola,13,0.0,0.0,0.0,0.0,0.0,0.0
125,Frutal,FRU_L1,Coca_Cola,14,0.0,0.0,0.0,0.0,0.0,0.0
125,Frutal,FRU_L1,Coca_Cola,15,0.0,0.0,0.0,0.0,0.0,0.0
125,Frutal,FRU_L1,Amstel_Lata,1,0.0,0.0,0.0,0.0,0.0,0.0
125,Frutal,FRU_L1,Amstel_Lata,2,0.0,0.0,0.0,0.0,0.0,0.0
125,Frutal,FRU_L1,Amstel_Lata,3,0.0,0.0,0.0,0.0,0.0,0.0
125,Frutal,FRU_L1,Amstel_Lata,4,0.0,0.0,0.0,0.0,0.0,0.0
125,Frutal,FRU_L1,Amstel_Lata,5,0.0,0.0,0.0,0.0,0.0,0.0
125,Frutal,FRU_L1,Amstel_Lata,6,0.0,0.0,0.0,0.0,0.0,0.0
125,Frutal,FRU_L1,Amstel_Lata,7,0.0,0.0,0.0,0.0,0.0,0.0
125,Frutal,FRU_L1,Amstel_Lata,8,0.0,0.0,0.0,0.0,0.0,0.0
125,Frutal,FRU_L1,Amstel_Lata,9,0.0,0.0,0.0,0.0,0.0,12791.34
125,Frutal,FRU_L1,Amstel_Lata,10,0.0,0.0,0.0,0.0,0.0,0.0
125,Frutal,FRU_L1,Amstel_Lata,11,0.0,0.0,0.0,0.0,0.0,14200.15
125,Frutal,FRU_L1,Amstel_Lata,12,0.0,0.0,0.0,0.0,0.0,0.0
125,Frutal,FRU_L1,Amstel_Lata,13,0.0,0.0,0.0,0.0,0.0,0.0
125,Frutal,FRU_L1,Amstel_Lata,14,0.0,0.0,0.0,0.0,0.0,0.0
125,Frutal,FRU_L1,Amstel_Lata,15,0.0,0.0,0.0,0.0,0.0,0.0
125,Frutal,FRU_L1,Pepsi_Black,1,0.0,0.0,0.0,0.0,19500.57,0.0
125,Frutal,FRU_L1,Pepsi_Black,2,0.0,0.0,22803.44,0.0,13083.899999999998,22803.44
125,Frutal,FRU_L1,Pepsi_Black,3,0.0,0.0,0.0,0.0,39792.0,28865.88
125,Frutal,FRU_L1,Pepsi_Black,4,0.0,0.0,0.0,0.0,38208.0,0.0
125,Frutal,FRU_L1,Pepsi_Black,5,0.0,0.0,0.0,0.0,37752.0,0.0
125,Frutal,FRU_L1,Pepsi_Black,6,0.0,0.0,26328.6,0.0,0.0,26328.6
125,Frutal,FRU_L1,Pepsi_Black,7,0.0,0.0,0.0,0.0,0.0,0.0
125,Frutal,FRU_L1,Pepsi_Black,8,0.0,0.0,0.0,0.0,0.0,0.0
125,Frutal,FRU_L1,Pepsi_Black,9,0.0,0.0,22080.39,0.0,0.0,38983.509999999995
125,Frutal,FRU_L1,Pepsi_Black,10,0.0,0.0,0.0,0.0,0.0,0.0
125,Frutal,FRU_L1,Pepsi_Black,11,0.0,0.0,0.0,0.0,38832.00000000001,0.0
125,Frutal,FRU_L1,Pepsi_Black,12,0.0,0.0,0.0,0.0,0.0,14078.24
125,Frutal,FRU_L1,Pepsi_Black,13,0.0,0.0,0.0,0.0,25687.61,30187.91
125,Frutal,FRU_L1,Pepsi_Black,14,0.0,0.0,0.0,0.0,16952.51,0.0
125,Frutal,FRU_L1,Pepsi_Black,15,0.0,0.0,0.0,0.0,9855.770000000008,0.0
125,Frutal,FRU_L1,Del_Valle_Laranja,1,0.0,0.0,0.0,0.0,0.0,0.0
125,Frutal,FRU_L1,Del_Valle_Laranja,2,0.0,0.0,0.0,0.0,20616.220000000005,0.0
125,Frutal,FRU_L1,Del_Valle_Laranja,3,0.0,0.0,0.0,0.0,0.0,0.0
125,Frutal,FRU_L1,Del_Valle_Laranja,4,0.0,0.0,0.0,0.0,0.0,9326.73
125,Frutal,FRU_L1,Del_Valle_Laranja,5,0.0,0.0,0.0,0.0,0.0,0.0
125,Frutal,FRU_L1,Del_Valle_Laranja,6,0.0,0.0,0.0,0.0,0.0,0.0
125,Frutal,FRU_L1,Del_Valle_Laranja,7,0.0,0.0,0.0,0.0,0.0,0.0
125,Frutal,FRU_L1,Del_Valle_Laranja,8,0.0,0.0,45682.69,0.0,0.0,45682.69
125,Frutal,FRU_L1,Del_Valle_Laranja,9,0.0,0.0,0.0,0.0,0.0,0.0
125,Frutal,FRU_L1,Del_Valle_Laranja,10,0.0,0.0,34916.76,0.0,0.0,34916.76
125,Frutal,FRU_L1,Del_Valle_Laranja,11,0.0,0.0,0.0,0.0,0.0,0.0
125,Frutal,FRU_L1,Del_Valle_Laranja,12,0.0,0.0,0.0,0.0,0.0,7904.419999999998
125,Frutal,FRU_L1,Del_Valle_Laranja,13,0.0,0.0,0.0,0.0,0.0,0.0
125,Frutal,FRU_L1,Del_Valle_Laranja,14,0.0,0.0,0.0,0.0,11837.490000000003,0.0
125,Frutal,FRU_L1,Del_Valle_Laranja,15,0.0,0.0,0.0,0.0,10860.909999999993,0.0
125,Frutal,FRU_L1,Itubaina,1,0.0,0.0,0.0,0.0,0.0,0.0
125,Frutal,FRU_L1,Itubaina,2,0.0,0.0,0.0,0.0,0.0,0.0
125,Frutal,FRU_L1,Itubaina,3,0.0,0.0,0.0,0.0,0.0,50456.5
125,Frutal,FRU_L1,Itubaina,4,0.0,0.0,0.0,0.0,0.0,0.0
125,Frutal,FRU_L1,Itubaina,5,0.0,0.0,0.0,0.0,0.0,0.0
125,Frutal,FRU_L1,Itubaina,6,0.0,0.0,0.0,0.0,0.0,0.0
125,Frutal,FRU_L1,Itubaina,7,0.0,0.0,0.0,0.0,0.0,42613.98
125,Frutal,FRU_L1,Itubaina,8,0.0,0.0,0.0,0.0,0.0,0.0
125,Frutal,FRU_L1,Itubaina,9,0.0,0.0,0.0,0.0,0.0,0.0
125,Frutal,FRU_L1,Itubaina,10,0.0,0.0,0.0,0.0,0.0,30655.41
125,Frutal,FRU_L1,Itubaina,11,0.0,0.0,0.0,0.0,0.0,26023.06
125,Frutal,FRU_L1,Itubaina,12,0.0,0.0,0.0,0.0,0.0,0.0
125,Frutal,FRU_L1,Itubaina,13,0.0,0.0,0.0,0.0,0.0,0.0
125,Frutal,FRU_L1,Itubaina,14,0.0,0.0,0.0,0.0,0.0,0.0
125,Frutal,FRU_L1,Itubaina,15,0.0,0.0,0.0,0.0,0.0,0.0
125,Frutal,FRU_L1,Stella_Artois_Pure_Gold,1,0.0,0.0,0.0,0.0,23602.309999999994,23602.309999999994
125,Frutal,FRU_L1,Stella_Artois_Pure_Gold,2,0.0,0.0,0.0,0.0,0.0,0.0
125,Frutal,FRU_L1,Stella_Artois_Pure_Gold,3,0.0,0.0,0.0,0.0,0.0,0.0
125,Frutal,FRU_L1,Stella_Artois_Pure_Gold,4,0.0,0.0,0.0,0.0,0.0,0.0
125,Frutal,FRU_L1,Stella_Artois_Pure_Gold,5,0.0,0.0,0.0,0.0,0.0,0.0
125,Frutal,FRU_L1,Stella_Artois_Pure_Gold,6,0.0,0.0,0.0,0.0,0.0,14915.18
125,Frutal,FRU_L1,Stella_Artois_Pure_Gold,7,0.0,0.0,0.0,0.0,20929.720000000012,20929.720000000012
125,Frutal,FRU_L1,Stella_Artois_Pure_Gold,8,0.0,0.0,0.0,0.0,0.0,35084.17
125,Frutal,FRU_L1,Stella_Artois_Pure_Gold,9,0.0,0.0,0.0,0.0,0.0,0.0
125,Frutal,FRU_L1,Stella_Artois_Pure_Gold,10,0.0,0.0,0.0,0.0,0.0,0.0
125,Frutal,FRU_L1,Stella_Artois_Pure_Gold,11,0.0,0.0,0.0,0.0,0.0,0.0
125,Frutal,FRU_L1,Stella_Artois_Pure_Gold,12,0.0,0.0,0.0,0.0,0.0,0.0
125,Frutal,FRU_L1,Stella_Artois_Pure_Gold,13,0.0,0.0,0.0,0.0,0.0,0.0
125,Frutal,FRU_L1,Stella_Artois_Pure_Gold,14,11990.909999999987,0.0,0.0,0.0,11990.909999999987,0.0
125,Frutal,FRU_L1,Stella_Artois_Pure_Gold,15,42276.05999999999,0.0,15641.96,0.0,26634.09999999999,0.0
125,Frutal,FRU_L1,Maguary_Caju,1,0.0,0.0,0.0,0.0,0.0,0.0
125,Frutal,FRU_L1,Maguary_Caju,2,0.0,0.0,0.0,0.0,0.0,0.0
125,Frutal,FRU_L1,Maguary_Caju,3,0.0,0.0,0.0,0.0,0.0,0.0
125,Frutal,FRU_L1,Maguary_Caju,4,0.0,0.0,0.0,0.0,0.0,0.0
125,Frutal,FRU_L1,Maguary_Caju,5,0.0,0.0,0.0,0.0,0.0,36432.0
125,Frutal,FRU_L1,Maguary_Caju,6,0.0,0.0,0.0,0.0,0.0,0.0
125,Frutal,FRU_L1,Maguary_Caju,7,0.0,0.0,0.0,0.0,0.0,0.0
125,Frutal,FRU_L1,Maguary_Caju,8,0.0,0.0,0.0,0.0,0.0,0.0
125,Frutal,FRU_L1,Maguary_Caju,9,0.0,0.0,0.0,0.0,0.0,0.0
125,Frutal,FRU_L1,Maguary_Caju,10,0.0,0.0,0.0,0.0,0.0,0.0
125,Frutal,FRU_L1,Maguary_Caju,11,0.0,0.0,0.0,0.0,0.0,0.0
125,Frutal,FRU_L1,Maguary_Caju,12,0.0,0.0,0.0,0.0,0.0,0.0
125,Frutal,FRU_L1,Maguary_Caju,13,0.0,0.0,0.0,0.0,0.0,0.0
125,Frutal,FRU_L1,Maguary_Caju,14,0.0,0.0,0.0,20822.37,0.0,0.0
125,Frutal,FRU_L1,Maguary_Caju,15,0.0,0.0,0.0,0.0,0.0,0.0
125,Frutal,FRU_L1,Coca_Cola_Zero,1,0.0,0.0,0.0,0.0,0.0,0.0
125,Frutal,FRU_L1,Coca_Cola_Zero,2,0.0,0.0,0.0,0.0,0.0,0.0
125,Frutal,FRU_L1,Coca_Cola_Zero,3,0.0,0.0,0.0,0.0,0.0,0.0
125,Frutal,FRU_L1,Coca_Cola_Zero,4,0.0,0.0,40667.3,0.0,0.0,40667.3
125,Frutal,FRU_L1,Coca_Cola_Zero,5,0.0,0.0,0.0,0.0,0.0,0.0
125,Frutal,FRU_L1,Coca_Cola_Zero,6,0.0,0.0,0.0,0.0,0.0,69749.26999999999
125,Frutal,FRU_L1,Coca_Cola_Zero,7,0.0,0.0,23150.92,0.0,0.0,23150.92
125,Frutal,FRU_L1,Coca_Cola_Zero,8,0.0,0.0,0.0,0.0,0.0,0.0
125,Frutal,FRU_L1,Coca_Cola_Zero,9,0.0,0.0,0.0,0.0,0.0,0.0
125,Frutal,FRU_L1,Coca_Cola_Zero,10,0.0,0.0,0.0,0.0,0.0,0.0
125,Frutal,FRU_L1,Coca_Cola_Zero,11,0.0,0.0,0.0,0.0,0.0,0.0
125,Frutal,FRU_L1,Coca_Cola_Zero,12,0.0,0.0,0.0,0.0,0.0,0.0
125,Frutal,FRU_L1,Coca_Cola_Zero,13,0.0,0.0,16179.61,0.0,0.0,69824.65
125,Frutal,FRU_L1,Coca_Cola_Zero,14,0.0,0.0,0.0,0.0,26953.11,26953.11
125,Frutal,FRU_L1,Coca_Cola_Zero,15,0.0,0.0,0.0,0.0,0.0,0.0
125,Frutal,FRU_L1,Pepsi,1,0.0,0.0,0.0,0.0,0.0,0.0
125,Frutal,FRU_L1,Pepsi,2,0.0,0.0,0.0,0.0,0.0,12655.809999999998
125,Frutal,FRU_L1,Pepsi,3,0.0,0.0,0.0,0.0,12655.809999999998,0.0
125,Frutal,FRU_L1,Pepsi,4,0.0,0.0,0.0,0.0,0.0,17873.250000000007
125,Frutal,FRU_L1,Pepsi,5,0.0,0.0,0.0,0.0,8255.119999999992,0.0
125,Frutal,FRU_L1,Pepsi,6,0.0,0.0,0.0,0.0,9618.130000000016,0.0
125,Frutal,FRU_L1,Pepsi,7,0.0,0.0,0.0,0.0,0.0,0.0
125,Frutal,FRU_L1,Pepsi,8,0.0,0.0,0.0,0.0,0.0,0.0
125,Frutal,FRU_L1,Pepsi,9,0.0,0.0,0.0,0.0,0.0,0.0
125,Frutal,FRU_L1,Pepsi,10,0.0,0.0,0.0,0.0,0.0,0.0
125,Frutal,FRU_L1,Pepsi,11,0.0,0.0,0.0,0.0,0.0,0.0
125,Frutal,FRU_L1,Pepsi,12,0.0,0.0,0.0,0.0,0.0,0.0
125,Frutal,FRU_L1,Pepsi,13,0.0,0.0,0.0,0.0,0.0,24734.019999999997
125,Frutal,FRU_L1,Pepsi,14,0.0,0.0,0.0,0.0,24734.019999999997,0.0
125,Frutal,FRU_L1,Pepsi,15,0.0,0.0,0.0,0.0,0.0,0.0
125,Frutal,FRU_L1,Antarctica_Lata,1,0.0,0.0,0.0,0.0,0.0,43908.39
125,Frutal,FRU_L1,Antarctica_Lata,2,0.0,0.0,0.0,0.0,0.0,0.0
125,Frutal,FRU_L1,Antarctica_Lata,3,0.0,0.0,0.0,0.0,0.0,0.0
125,Frutal,FRU_L1,Antarctica_Lata,4,0.0,0.0,0.0,0.0,0.0,0.0
125,Frutal,FRU_L1,Antarctica_Lata,5,0.0,0.0,0.0,0.0,0.0,0.0
125,Frutal,FRU_L1,Antarctica_Lata,6,0.0,0.0,0.0,0.0,0.0,0.0
125,Frutal,FRU_L1,Antarctica_Lata,7,0.0,0.0,0.0,0.0,0.0,0.0
125,Frutal,FRU_L1,Antarctica_Lata,8,0.0,0.0,0.0,0.0,0.0,0.0
125,Frutal,FRU_L1,Antarctica_Lata,9,0.0,0.0,3067.93,0.0,0.0,3067.93
125,Frutal,FRU_L1,Antarctica_Lata,10,0.0,0.0,0.0,0.0,0.0,0.0
125,Frutal,FRU_L1,Antarctica_Lata,11,0.0,0.0,0.0,0.0,0.0,0.0
125,Frutal,FRU_L1,Antarctica_Lata,12,0.0,0.0,0.0,0.0,0.0,0.0
125,Frutal,FRU_L1,Antarctica_Lata,13,0.0,0.0,0.0,0.0,0.0,0.0
125,Frutal,FRU_L1,Antarctica_Lata,14,0.0,0.0,0.0,0.0,0.0,0.0
125,Frutal,FRU_L1,Antarctica_Lata,15,0.0,0.0,0.0,0.0,0.0,0.0
125,Frutal,FRU_L1,Spaten_Lata,1,0.0,0.0,0.0,0.0,0.0,0.0
125,Frutal,FRU_L1,Spaten_Lata,2,0.0,0.0,0.0,0.0,0.0,1710.93
125,Frutal,FRU_L1,Spaten_Lata,3,0.0,0.0,0.0,0.0,0.0,0.0
125,Frutal,FRU_L1,Spaten_Lata,4,0.0,0.0,0.0,0.0,0.0,0.0
125,Frutal,FRU_L1,Spaten_Lata,5,0.0,0.0,0.0,0.0,0.0,0.0
125,Frutal,FRU_L1,Spaten_Lata,6,0.0,0.0,0.0,0.0,0.0,429.6499999999978
125,Frutal,FRU_L1,Spaten_Lata,7,0.0,0.0,0.0,0.0,429.6499999999978,0.0
125,Frutal,FRU_L1,Spaten_Lata,8,0.0,0.0,0.0,0.0,0.0,0.0
125,Frutal,FRU_L1,Spaten_Lata,9,0.0,0.0,0.0,0.0,0.0,0.0
125,Frutal,FRU_L1,Spaten_Lata,10,0.0,0.0,0.0,0.0,0.0,0.0
125,Frutal,FRU_L1,Spaten_Lata,11,0.0,0.0,0.0,0.0,0.0,13968.55
125,Frutal,FRU_L1,Spaten_Lata,12,0.0,0.0,0.0,0.0,0.0,0.0
125,Frutal,FRU_L1,Spaten_Lata,13,0.0,0.0,0.0,0.0,0.0,0.0
125,Frutal,FRU_L1,Spaten_Lata,14,0.0,0.0,0.0,0.0,0.0,0.0
125,Frutal,FRU_L1,Spaten_Lata,15,0.0,0.0,0.0,0.0,0.0,0.0
125,Frutal,FRU_L1,Heineken_Lata,1,0.0,0.0,0.0,0.0,0.0,0.0
125,Frutal,FRU_L1,Heineken_Lata,2,0.0,0.0,0.0,0.0,0.0,13686.479999999998
125,Frutal,FRU_L1,Heineken_Lata,3,0.0,0.0,0.0,0.0,0.0,6743.920000000011
125,Frutal,FRU_L1,Heineken_Lata,4,0.0,0.0,0.0,0.0,20430.40000000001,0.0
125,Frutal,FRU_L1,Heineken_Lata,5,0.0,0.0,0.0,0.0,0.0,9646.460000000003
125,Frutal,FRU_L1,Heineken_Lata,6,0.0,0.0,0.0,0.0,9646.460000000003,0.0
125,Frutal,FRU_L1,Heineken_Lata,7,0.0,0.0,0.0,0.0,0.0,0.0
125,Frutal,FRU_L1,Heineken_Lata,8,0.0,0.0,0.0,0.0,0.0,0.0
125,Frutal,FRU_L1,Heineken_Lata,9,0.0,0.0,0.0,0.0,0.0,9416.79
125,Frutal,FRU_L1,Heineken_Lata,10,0.0,0.0,0.0,0.0,9416.79,0.0
125,Frutal,FRU_L1,Heineken_Lata,11,0.0,0.0,0.0,0.0,0.0,0.0
125,Frutal,FRU_L1,Heineken_Lata,12,0.0,0.0,0.0,0.0,0.0,0.0
125,Frutal,FRU_L1,Heineken_Lata,13,0.0,0.0,0.0,0.0,0.0,0.0
125,Frutal,FRU_L1,Heineken_Lata,14,0.0,0.0,0.0,0.0,0.0,0.0
125,Frutal,FRU_L1,Heineken_Lata,15,2867.9400000000023,0.0,41987.94,0.0,0.0,39120.0
125,Frutal,FRU_L1,Sukita_Laranja,1,0.0,0.0,0.0,0.0,0.0,0.0
125,Frutal,FRU_L1,Sukita_Laranja,2,0.0,0.0,0.0,0.0,0.0,0.0
125,Frutal,FRU_L1,Sukita_Laranja,3,0.0,0.0,0.0,0.0,0.0,0.0
125,Frutal,FRU_L1,Sukita_Laranja,4,0.0,0.0,0.0,0.0,0.0,0.0
125,Frutal,FRU_L1,Sukita_Laranja,5,0.0,0.0,0.0,0.0,0.0,0.0
125,Frutal,FRU_L1,Sukita_Laranja,6,0.0,0.0,0.0,0.0,0.0,0.0
125,Frutal,FRU_L1,Sukita_Laranja,7,0.0,0.0,0.0,0.0,0.0,0.0
125,Frutal,FRU_L1,Sukita_Laranja,8,0.0,0.0,0.0,0.0,0.0,29428.67
125,Frutal,FRU_L1,Sukita_Laranja,9,0.0,0.0,0.0,0.0,0.0,0.0
125,Frutal,FRU_L1,Sukita_Laranja,10,0.0,0.0,0.0,0.0,0.0,0.0
125,Frutal,FRU_L1,Sukita_Laranja,11,0.0,0.0,0.0,0.0,0.0,0.0
125,Frutal,FRU_L1,Sukita_Laranja,12,0.0,0.0,0.0,21343.39,0.0,0.0
125,Frutal,FRU_L1,Sukita_Laranja,13,0.0,0.0,0.0,0.0,0.0,0.0
125,Frutal,FRU_L1,Sukita_Laranja,14,0.0,0.0,0.0,0.0,0.0,0.0
125,Frutal,FRU_L1,Sukita_Laranja,15,0.0,0.0,0.0,0.0,0.0,0.0
125,Frutal,FRU_L1,H2OH_Limao,1,0.0,0.0,0.0,0.0,0.0,0.0
125,Frutal,FRU_L1,H2OH_Limao,2,0.0,0.0,0.0,0.0,0.0,0.0
125,Frutal,FRU_L1,H2OH_Limao,3,0.0,0.0,0.0,0.0,0.0,0.0
125,Frutal,FRU_L1,H2OH_Limao,4,0.0,0.0,0.0,0.0,0.0,0.0
125,Frutal,FRU_L1,H2OH_Limao,5,0.0,0.0,0.0,0.0,0.0,0.0
125,Frutal,FRU_L1,H2OH_Limao,6,0.0,0.0,0.0,0.0,0.0,0.0
125,Frutal,FRU_L1,H2OH_Limao,7,0.0,0.0,0.0,0.0,0.0,0.0
125,Frutal,FRU_L1,H2OH_Limao,8,0.0,0.0,0.0,0.0,0.0,0.0
125,Frutal,FRU_L1,H2OH_Limao,9,0.0,0.0,0.0,0.0,0.0,0.0
125,Frutal,FRU_L1,H2OH_Limao,10,0.0,0.0,0.0,0.0,0.0,0.0
125,Frutal,FRU_L1,H2OH_Limao,11,0.0,0.0,0.0,0.0,0.0,0.0
125,Frutal,FRU_L1,H2OH_Limao,12,0.0,0.0,0.0,0.0,0.0,0.0
125,Frutal,FRU_L1,H2OH_Limao,13,0.0,0.0,0.0,23824.56,0.0,16432.13
125,Frutal,FRU_L1,H2OH_Limao,14,0.0,0.0,0.0,0.0,0.0,0.0
125,Frutal,FRU_L1,H2OH_Limao,15,0.0,0.0,0.0,0.0,0.0,0.0
125,Frutal,FRU_L1,Budweiser_Lata,1,0.0,0.0,0.0,0.0,33861.47,0.0
125,Frutal,FRU_L1,Budweiser_Lata,2,0.0,0.0,0.0,0.0,36936.0,0.0
125,Frutal,FRU_L1,Budweiser_Lata,3,0.0,0.0,0.0,0.0,41837.14,3053.1399999999994
125,Frutal,FRU_L1,Budweiser_Lata,4,0.0,0.0,0.0,0.0,38231.99999999999,0.0
125,Frutal,FRU_L1,Budweiser_Lata,5,0.0,0.0,0.0,0.0,0.0,0.0
125,Frutal,FRU_L1,Budweiser_Lata,6,0.0,0.0,0.0,0.0,230.5099999999984,0.0
125,Frutal,FRU_L1,Budweiser_Lata,7,0.0,0.0,0.0,0.0,0.0,0.0
125,Frutal,FRU_L1,Budweiser_Lata,8,0.0,0.0,0.0,0.0,27835.18,0.0
125,Frutal,FRU_L1,Budweiser_Lata,9,0.0,0.0,0.0,0.0,39240.0,0.0
125,Frutal,FRU_L1,Budweiser_Lata,10,0.0,0.0,0.0,0.0,38928.0,0.0
125,Frutal,FRU_L1,Budweiser_Lata,11,0.0,0.0,0.0,0.0,16305.34,0.0
125,Frutal,FRU_L1,Budweiser_Lata,12,0.0,0.0,0.0,0.0,36960.0,0.0
125,Frutal,FRU_L1,Budweiser_Lata,13,0.0,0.0,0.0,0.0,37272.0,0.0
125,Frutal,FRU_L1,Budweiser_Lata,14,0.0,0.0,0.0,0.0,15872.740000000009,0.0
125,Frutal,FRU_L1,Budweiser_Lata,15,0.0,0.0,0.0,0.0,37608.0,0.0
125,Frutal,FRU_L1,Kuat,1,0.0,0.0,47738.87,0.0,0.0,47738.87
125,Frutal,FRU_L1,Kuat,2,0.0,0.0,0.0,0.0,20950.38,20950.38
125,Frutal,FRU_L1,Kuat,3,0.0,0.0,0.0,0.0,0.0,18791.21
125,Frutal,FRU_L1,Kuat,4,0.0,0.0,0.0,0.0,18101.18,18101.18
125,Frutal,FRU_L1,Kuat,5,0.0,0.0,0.0,0.0,0.0,0.0
125,Frutal,FRU_L1,Kuat,6,0.0,0.0,0.0,0.0,0.0,0.0
125,Frutal,FRU_L1,Kuat,7,0.0,0.0,0.0,0.0,0.0,7166.45
125,Frutal,FRU_L1,Kuat,8,0.0,0.0,0.0,0.0,0.0,0.0
125,Frutal,FRU_L1,Kuat,9,0.0,0.0,0.0,0.0,0.0,4618.15
125,Frutal,FRU_L1,Kuat,10,0.0,0.0,0.0,0.0,0.0,0.0
125,Frutal,FRU_L1,Kuat,11,0.0,0.0,0.0,0.0,0.0,0.0
125,Frutal,FRU_L1,Kuat,12,0.0,0.0,0.0,0.0,0.0,0.0
125,Frutal,FRU_L1,Kuat,13,0.0,0.0,0.0,0.0,24681.94,24681.94
125,Frutal,FRU_L1,Kuat,14,0.0,0.0,0.0,0.0,0.0,0.0
125,Frutal,FRU_L1,Kuat,15,0.0,0.0,0.0,0.0,0.0,0.0
125,Frutal,FRU_L1,Fanta_Uva,1,0.0,0.0,0.0,0.0,0.0,0.0
125,Frutal,FRU_L1,Fanta_Uva,2,0.0,0.0,0.0,0.0,0.0,0.0
125,Frutal,FRU_L1,Fanta_Uva,3,0.0,0.0,0.0,0.0,0.0,0.0
125,Frutal,FRU_L1,Fanta_Uva,4,0.0,0.0,0.0,0.0,0.0,0.0
125,Frutal,FRU_L1,Fanta_Uva,5,0.0,0.0,0.0,0.0,0.0,0.0
125,Frutal,FRU_L1,Fanta_Uva,6,0.0,0.0,0.0,0.0,0.0,0.0
125,Frutal,FRU_L1,Fanta_Uva,7,0.0,0.0,0.0,0.0,0.0,0.0
125,Frutal,FRU_L1,Fanta_Uva,8,0.0,0.0,0.0,0.0,0.0,0.0
125,Frutal,FRU_L1,Fanta_Uva,9,0.0,0.0,0.0,0.0,0.0,0.0
125,Frutal,FRU_L1,Fanta_Uva,10,0.0,0.0,0.0,0.0,0.0,0.0
125,Frutal,FRU_L1,Fanta_Uva,11,0.0,0.0,0.0,0.0,0.0,0.0
125,Frutal,FRU_L1,Fanta_Uva,12,0.0,0.0,10849.569999999989,15037.73000000001,0.0,24250.869999999988
125,Frutal,FRU_L1,Fanta_Uva,13,0.0,0.0,0.0,0.0,0.0,0.0
125,Frutal,FRU_L1,Fanta_Uva,14,0.0,0.0,0.0,0.0,0.0,0.0
125,Frutal,FRU_L1,Fanta_Uva,15,0.0,0.0,0.0,0.0,0.0,0.0
125,Frutal,FRU_L1,Sprite,1,0.0,0.0,0.0,0.0,0.0,0.0
125,Frutal,FRU_L1,Sprite,2,0.0,0.0,0.0,0.0,0.0,6261.160000000003
125,Frutal,FRU_L1,Sprite,3,0.0,0.0,0.0,0.0,0.0,0.0
125,Frutal,FRU_L1,Sprite,4,0.0,0.0,0.0,0.0,0.0,37248.0
125,Frutal,FRU_L1,Sprite,5,0.0,0.0,0.0,0.0,0.0,0.0
125,Frutal,FRU_L1,Sprite,6,0.0,0.0,0.0,0.0,0.0,0.0
125,Frutal,FRU_L1,Sprite,7,0.0,0.0,0.0,0.0,0.0,0.0
125,Frutal,FRU_L1,Sprite,8,0.0,0.0,0.0,0.0,0.0,0.0
125,Frutal,FRU_L1,Sprite,9,0.0,0.0,0.0,0.0,0.0,0.0
125,Frutal,FRU_L1,Sprite,10,0.0,0.0,0.0,0.0,0.0,3491.0
125,Frutal,FRU_L1,Sprite,11,0.0,0.0,0.0,0.0,0.0,0.0
125,Frutal,FRU_L1,Sprite,12,0.0,0.0,0.0,0.0,0.0,21597.61
125,Frutal,FRU_L1,Sprite,13,0.0,0.0,0.0,0.0,0.0,0.0
125,Frutal,FRU_L1,Sprite,14,0.0,0.0,0.0,0.0,0.0,0.0
125,Frutal,FRU_L1,Sprite,15,0.0,0.0,0.0,0.0,0.0,0.0
125,Frutal,FRU_L1,Skol_Lata,1,0.0,0.0,0.0,0.0,0.0,0.0
125,Frutal,FRU_L1,Skol_Lata,2,0.0,0.0,0.0,0.0,0.0,0.0
125,Frutal,FRU_L1,Skol_Lata,3,0.0,0.0,0.0,0.0,0.0,0.0
125,Frutal,FRU_L1,Skol_Lata,4,0.0,0.0,0.0,0.0,0.0,4448.94
125,Frutal,FRU_L1,Skol_Lata,5,0.0,0.0,0.0,0.0,0.0,0.0
125,Frutal,FRU_L1,Skol_Lata,6,0.0,0.0,0.0,0.0,0.0,0.0
125,Frutal,FRU_L1,Skol_Lata,7,0.0,0.0,0.0,0.0,0.0,0.0
125,Frutal,FRU_L1,Skol_Lata,8,0.0,0.0,0.0,0.0,0.0,0.0
125,Frutal,FRU_L1,Skol_Lata,9,0.0,0.0,0.0,0.0,0.0,0.0
125,Frutal,FRU_L1,Skol_Lata,10,0.0,0.0,0.0,0.0,0.0,0.0
125,Frutal,FRU_L1,Skol_Lata,11,0.0,0.0,0.0,0.0,0.0,0.0
125,Frutal,FRU_L1,Skol_Lata,12,0.0,0.0,0.0,0.0,0.0,0.0
125,Frutal,FRU_L1,Skol_Lata,13,0.0,0.0,0.0,0.0,0.0,0.0
125,Frutal,FRU_L1,Skol_Lata,14,0.0,0.0,0.0,0.0,0.0,0.0
125,Frutal,FRU_L1,Skol_Lata,15,0.0,0.0,0.0,0.0,0.0,0.0
125,Frutal,FRU_L1,Guarana_Antarctica,1,0.0,0.0,0.0,0.0,0.0,0.0
125,Frutal,FRU_L1,Guarana_Antarctica,2,0.0,0.0,0.0,0.0,0.0,0.0
125,Frutal,FRU_L1,Guarana_Antarctica,3,0.0,0.0,0.0,0.0,0.0,0.0
125,Frutal,FRU_L1,Guarana_Antarctica,4,0.0,0.0,0.0,0.0,0.0,0.0
125,Frutal,FRU_L1,Guarana_Antarctica,5,0.0,0.0,0.0,0.0,0.0,0.0
125,Frutal,FRU_L1,Guarana_Antarctica,6,0.0,0.0,0.0,0.0,0.0,0.0
125,Frutal,FRU_L1,Guarana_Antarctica,7,0.0,0.0,0.0,0.0,0.0,0.0
125,Frutal,FRU_L1,Guarana_Antarctica,8,0.0,0.0,0.0,0.0,0.0,0.0
125,Frutal,FRU_L1,Guarana_Antarctica,9,0.0,0.0,0.0,0.0,0.0,0.0
125,Frutal,FRU_L1,Guarana_Antarctica,10,0.0,0.0,0.0,0.0,0.0,0.0
125,Frutal,FRU_L1,Guarana_Antarctica,11,0.0,0.0,0.0,0.0,0.0,0.0
125,Frutal,FRU_L1,Guarana_Antarctica,12,0.0,0.0,0.0,0.0,0.0,0.0
125,Frutal,FRU_L1,Guarana_Antarctica,13,0.0,0.0,0.0,0.0,0.0,0.0
125,Frutal,FRU_L1,Guarana_Antarctica,14,0.0,0.0,0.0,0.0,0.0,0.0
125,Frutal,FRU_L1,Guarana_Antarctica,15,0.0,0.0,0.0,0.0,0.0,0.0
125,Frutal,FRU_L1,Guarana_Antarctica_Zero,1,0.0,0.0,0.0,0.0,5618.529999999997,0.0
125,Frutal,FRU_L1,Guarana_Antarctica_Zero,2,0.0,0.0,0.0,0.0,0.0,0.0
125,Frutal,FRU_L1,Guarana_Antarctica_Zero,3,14571.219999999952,0.0,0.0,0.0,14571.219999999954,0.0
125,Frutal,FRU_L1,Guarana_Antarctica_Zero,4,0.0,0.0,0.0,0.0,0.0,0.0
125,Frutal,FRU_L1,Guarana_Antarctica_Zero,5,0.0,0.0,0.0,0.0,23114.35000000004,0.0
125,Frutal,FRU_L1,Guarana_Antarctica_Zero,6,0.0,0.0,0.0,0.0,26513.399999999998,0.0
125,Frutal,FRU_L1,Guarana_Antarctica_Zero,7,0.0,0.0,0.0,0.0,36528.0,0.0
125,Frutal,FRU_L1,Guarana_Antarctica_Zero,8,0.0,0.0,0.0,0.0,0.0,0.0
125,Frutal,FRU_L1,Guarana_Antarctica_Zero,9,0.0,0.0,0.0,0.0,0.0,0.0
125,Frutal,FRU_L1,Guarana_Antarctica_Zero,10,0.0,0.0,17489.03,0.0,0.0,17489.03
125,Frutal,FRU_L1,Guarana_Antarctica_Zero,11,0.0,0.0,0.0,0.0,1495.7400000000011,0.0
125,Frutal,FRU_L1,Guarana_Antarctica_Zero,12,0.0,0.0,0.0,0.0,0.0,0.0
125,Frutal,FRU_L1,Guarana_Antarctica_Zero,13,0.0,0.0,0.0,0.0,0.0,0.0
125,Frutal,FRU_L1,Guarana_Antarctica_Zero,14,26337.090000000015,0.0,0.0,0.0,46944.350000000006,0.0
125,Frutal,FRU_L1,Guarana_Antarctica_Zero,15,0.0,0.0,0.0,0.0,0.0,0.0
125,Frutal,FRU_L1,Del_Valle_Uva,1,0.0,0.0,0.0,0.0,0.0,0.0
125,Frutal,FRU_L1,Del_Valle_Uva,2,0.0,0.0,0.0,0.0,0.0,18318.44
125,Frutal,FRU_L1,Del_Valle_Uva,3,0.0,0.0,0.0,29890.37,0.0,0.0
125,Frutal,FRU_L1,Del_Valle_Uva,4,0.0,0.0,0.0,0.0,0.0,0.0
125,Frutal,FRU_L1,Del_Valle_Uva,5,0.0,0.0,0.0,0.0,0.0,0.0
125,Frutal,FRU_L1,Del_Valle_Uva,6,0.0,0.0,0.0,0.0,0.0,0.0
125,Frutal,FRU_L1,Del_Valle_Uva,7,0.0,0.0,0.0,0.0,0.0,0.0
125,Frutal,FRU_L1,Del_Valle_Uva,8,0.0,0.0,0.0,0.0,0.0,0.0
125,Frutal,FRU_L1,Del_Valle_Uva,9,0.0,0.0,0.0,0.0,0.0,0.0
125,Frutal,FRU_L1,Del_Valle_Uva,10,0.0,0.0,0.0,0.0,0.0,0.0
125,Frutal,FRU_L1,Del_Valle_Uva,11,0.0,0.0,0.0,0.0,0.0,0.0
125,Frutal,FRU_L1,Del_Valle_Uva,12,0.0,0.0,0.0,0.0,0.0,0.0
125,Frutal,FRU_L1,Del_Valle_Uva,13,0.0,0.0,13403.04,0.0,0.0,13403.04
125,Frutal,FRU_L1,Del_Valle_Uva,14,0.0,0.0,0.0,0.0,0.0,0.0
125,Frutal,FRU_L1,Del_Valle_Uva,15,0.0,0.0,0.0,0.0,0.0,46448.88
125,Frutal,FRU_L1,Brahma_Lata,1,0.0,0.0,0.0,0.0,0.0,0.0
125,Frutal,FRU_L1,Brahma_Lata,2,0.0,0.0,0.0,0.0,0.0,30729.62
125,Frutal,FRU_L1,Brahma_Lata,3,0.0,0.0,0.0,0.0,0.0,0.0
125,Frutal,FRU_L1,Brahma_Lata,4,0.0,0.0,0.0,0.0,0.0,0.0
125,Frutal,FRU_L1,Brahma_Lata,5,0.0,0.0,0.0,0.0,0.0,22598.88
125,Frutal,FRU_L1,Brahma_Lata,6,0.0,0.0,0.0,0.0,0.0,0.0
125,Frutal,FRU_L1,Brahma_Lata,7,0.0,0.0,0.0,0.0,0.0,0.0
125,Frutal,FRU_L1,Brahma_Lata,8,0.0,0.0,0.0,0.0,0.0,0.0
125,Frutal,FRU_L1,Brahma_Lata,9,0.0,0.0,0.0,0.0,0.0,0.0
125,Frutal,FRU_L1,Brahma_Lata,10,0.0,0.0,0.0,0.0,0.0,0.0
125,Frutal,FRU_L1,Brahma_Lata,11,0.0,0.0,0.0,0.0,0.0,0.0
125,Frutal,FRU_L1,Brahma_Lata,12,0.0,0.0,0.0,0.0,0.0,0.0
125,Frutal,FRU_L1,Brahma_Lata,13,0.0,0.0,0.0,0.0,0.0,0.0
125,Frutal,FRU_L1,Brahma_Lata,14,0.0,0.0,68.9299999999881,27619.01000000001,0.0,68.9299999999881
125,Frutal,FRU_L1,Brahma_Lata,15,0.0,0.0,0.0,0.0,0.0,0.0
125,Frutal,FRU_L1,Itaipava_Lata,1,0.0,0.0,0.0,0.0,0.0,0.0
125,Frutal,FRU_L1,Itaipava_Lata,2,0.0,0.0,0.0,26170.48,0.0,0.0
125,Frutal,FRU_L1,Itaipava_Lata,3,0.0,0.0,0.0,0.0,0.0,0.0
125,Frutal,FRU_L1,Itaipava_Lata,4,0.0,0.0,0.0,0.0,0.0,13263.150000000016
125,Frutal,FRU_L1,Itaipava_Lata,5,0.0,0.0,0.0,0.0,3144.72,3144.72
125,Frutal,FRU_L1,Itaipava_Lata,6,0.0,0.0,0.0,0.0,0.0,0.0
125,Frutal,FRU_L1,Itaipava_Lata,7,0.0,0.0,0.0,0.0,0.0,0.0
125,Frutal,FRU_L1,Itaipava_Lata,8,0.0,0.0,0.0,0.0,0.0,0.0
125,Frutal,FRU_L1,Itaipava_Lata,9,0.0,0.0,11606.160000000005,15142.409999999994,0.0,11606.160000000005
125,Frutal,FRU_L1,Itaipava_Lata,10,0.0,0.0,0.0,0.0,0.0,0.0
125,Frutal,FRU_L1,Itaipava_Lata,11,0.0,0.0,3904.73,0.0,0.0,3904.73
125,Frutal,FRU_L1,Itaipava_Lata,12,0.0,0.0,0.0,0.0,0.0,0.0
125,Frutal,FRU_L1,Itaipava_Lata,13,0.0,0.0,0.0,0.0,0.0,0.0
125,Frutal,FRU_L1,Itaipava_Lata,14,0.0,0.0,0.0,0.0,0.0,0.0
125,Frutal,FRU_L1,Itaipava_Lata,15,0.0,0.0,0.0,0.0,0.0,0.0
125,Frutal,FRU_L2,Maguary_Maracuja,1,0.0,0.0,0.0,0.0,57683.43000000001,0.0
125,Frutal,FRU_L2,Maguary_Maracuja,2,0.0,0.0,0.0,0.0,43891.88,0.0
125,Frutal,FRU_L2,Maguary_Maracuja,3,0.0,0.0,0.0,0.0,23564.780000000046,0.0
125,Frutal,FRU_L2,Maguary_Maracuja,4,0.0,0.0,0.0,0.0,34056.0,0.0
125,Frutal,FRU_L2,Maguary_Maracuja,5,17613.64999999996,0.0,0.0,0.0,55173.649999999965,0.0
125,Frutal,FRU_L2,Maguary_Maracuja,6,0.0,0.0,0.0,0.0,72993.20999999999,0.0
125,Frutal,FRU_L2,Maguary_Maracuja,7,0.0,0.0,0.0,0.0,54817.93,0.0
125,Frutal,FRU_L2,Maguary_Maracuja,8,11836.819999999994,0.0,0.0,0.0,88084.81999999999,0.0
125,Frutal,FRU_L2,Maguary_Maracuja,9,0.0,0.0,0.0,0.0,79656.00000000001,0.0
125,Frutal,FRU_L2,Maguary_Maracuja,10,0.0,0.0,43012.51,5075.949999999997,81288.0,43012.51
125,Frutal,FRU_L2,Maguary_Maracuja,11,0.0,0.0,0.0,0.0,42216.0,0.0
125,Frutal,FRU_L2,Maguary_Maracuja,12,0.0,0.0,0.0,0.0,69505.48999999999,0.0
125,Frutal,FRU_L2,Maguary_Maracuja,13,0.0,0.0,0.0,0.0,55600.39,0.0
125,Frutal,FRU_L2,Maguary_Maracuja,14,0.0,0.0,0.0,0.0,9826.0,0.0
125,Frutal,FRU_L2,Maguary_Maracuja,15,0.0,0.0,0.0,0.0,9196.32,0.0
125,Frutal,FRU_L2,Fanta_Laranja,1,0.0,0.0,0.0,0.0,0.0,0.0
125,Frutal,FRU_L2,Fanta_Laranja,2,0.0,0.0,0.0,0.0,0.0,0.0
125,Frutal,FRU_L2,Fanta_Laranja,3,0.0,0.0,0.0,0.0,0.0,0.0
125,Frutal,FRU_L2,Fanta_Laranja,4,0.0,0.0,0.0,0.0,0.0,1213.02
125,Frutal,FRU_L2,Fanta_Laranja,5,0.0,0.0,29658.68,0.0,0.0,29658.68
125,Frutal,FRU_L2,Fanta_Laranja,6,0.0,0.0,0.0,0.0,0.0,0.0
125,Frutal,FRU_L2,Fanta_Laranja,7,0.0,0.0,0.0,0.0,0.0,23221.66
125,Frutal,FRU_L2,Fanta_Laranja,8,0.0,0.0,0.0,0.0,0.0,0.0
125,Frutal,FRU_L2,Fanta_Laranja,9,0.0,0.0,35685.13,0.0,0.0,35685.13
125,Frutal,FRU_L2,Fanta_Laranja,10,0.0,0.0,0.0,0.0,0.0,0.0
125,Frutal,FRU_L2,Fanta_Laranja,11,0.0,0.0,0.0,0.0,0.0,0.0
125,Frutal,FRU_L2,Fanta_Laranja,12,0.0,0.0,0.0,0.0,0.0,0.0
125,Frutal,FRU_L2,Fanta_Laranja,13,0.0,0.0,0.0,0.0,0.0,0.0
125,Frutal,FRU_L2,Fanta_Laranja,14,0.0,0.0,0.0,0.0,0.0,0.0
125,Frutal,FRU_L2,Fanta_Laranja,15,0.0,0.0,0.0,0.0,0.0,0.0
125,Frutal,FRU_L2,Schweppes_Citrus,1,0.0,0.0,0.0,0.0,0.0,0.0
125,Frutal,FRU_L2,Schweppes_Citrus,2,0.0,0.0,0.0,0.0,0.0,0.0
125,Frutal,FRU_L2,Schweppes_Citrus,3,0.0,0.0,0.0,0.0,0.0,0.0
125,Frutal,FRU_L2,Schweppes_Citrus,4,0.0,0.0,0.0,0.0,0.0,0.0
125,Frutal,FRU_L2,Schweppes_Citrus,5,0.0,0.0,0.0,0.0,0.0,0.0
125,Frutal,FRU_L2,Schweppes_Citrus,6,0.0,0.0,0.0,0.0,0.0,0.0
125,Frutal,FRU_L2,Schweppes_Citrus,7,0.0,0.0,0.0,0.0,0.0,0.0
125,Frutal,FRU_L2,Schweppes_Citrus,8,0.0,0.0,0.0,0.0,0.0,0.0
125,Frutal,FRU_L2,Schweppes_Citrus,9,0.0,0.0,0.0,0.0,0.0,0.0
125,Frutal,FRU_L2,Schweppes_Citrus,10,0.0,0.0,0.0,0.0,0.0,0.0
125,Frutal,FRU_L2,Schweppes_Citrus,11,0.0,0.0,0.0,0.0,0.0,0.0
125,Frutal,FRU_L2,Schweppes_Citrus,12,0.0,0.0,0.0,0.0,0.0,0.0
125,Frutal,FRU_L2,Schweppes_Citrus,13,0.0,0.0,0.0,0.0,0.0,0.0
125,Frutal,FRU_L2,Schweppes_Citrus,14,0.0,0.0,0.0,0.0,0.0,0.0
125,Frutal,FRU_L2,Schweppes_Citrus,15,0.0,0.0,0.0,0.0,0.0,0.0
125,Frutal,FRU_L2,Sprite_Zero,1,0.0,0.0,0.0,0.0,0.0,0.0
125,Frutal,FRU_L2,Sprite_Zero,2,0.0,0.0,0.0,0.0,0.0,0.0
125,Frutal,FRU_L2,Sprite_Zero,3,0.0,0.0,0.0,0.0,0.0,0.0
125,Frutal,FRU_L2,Sprite_Zero,4,0.0,0.0,0.0,0.0,0.0,0.0
125,Frutal,FRU_L2,Sprite_Zero,5,0.0,0.0,0.0,0.0,0.0,0.0
125,Frutal,FRU_L2,Sprite_Zero,6,0.0,0.0,0.0,0.0,0.0,0.0
125,Frutal,FRU_L2,Sprite_Zero,7,0.0,0.0,0.0,0.0,0.0,0.0
125,Frutal,FRU_L2,Sprite_Zero,8,0.0,0.0,0.0,0.0,0.0,0.0
125,Frutal,FRU_L2,Sprite_Zero,9,0.0,0.0,0.0,0.0,0.0,0.0
125,Frutal,FRU_L2,Sprite_Zero,10,0.0,0.0,0.0,0.0,0.0,0.0
125,Frutal,FRU_L2,Sprite_Zero,11,0.0,0.0,0.0,0.0,0.0,45284.53
125,Frutal,FRU_L2,Sprite_Zero,12,0.0,0.0,0.0,0.0,17983.75,17983.75
125,Frutal,FRU_L2,Sprite_Zero,13,0.0,0.0,0.0,0.0,0.0,0.0
125,Frutal,FRU_L2,Sprite_Zero,14,0.0,0.0,0.0,0.0,0.0,46645.35
125,Frutal,FRU_L2,Sprite_Zero,15,0.0,0.0,0.0,0.0,0.0,0.0
125,Frutal,FRU_L2,Eisenbahn_Pilsen,1,0.0,0.0,0.0,0.0,0.0,0.0
125,Frutal,FRU_L2,Eisenbahn_Pilsen,2,0.0,0.0,0.0,0.0,0.0,15164.07
125,Frutal,FRU_L2,Eisenbahn_Pilsen,3,0.0,0.0,0.0,0.0,0.0,15126.23
125,Frutal,FRU_L2,Eisenbahn_Pilsen,4,0.0,0.0,0.0,0.0,0.0,3282.86
125,Frutal,FRU_L2,Eisenbahn_Pilsen,5,0.0,0.0,0.0,0.0,0.0,0.0
125,Frutal,FRU_L2,Eisenbahn_Pilsen,6,0.0,0.0,0.0,0.0,0.0,0.0
125,Frutal,FRU_L2,Eisenbahn_Pilsen,7,0.0,0.0,0.0,0.0,0.0,20532.63
125,Frutal,FRU_L2,Eisenbahn_Pilsen,8,0.0,0.0,0.0,0.0,0.0,0.0
125,Frutal,FRU_L2,Eisenbahn_Pilsen,9,0.0,0.0,0.0,0.0,0.0,0.0
125,Frutal,FRU_L2,Eisenbahn_Pilsen,10,0.0,0.0,0.0,0.0,0.0,12800.99
125,Frutal,FRU_L2,Eisenbahn_Pilsen,11,0.0,0.0,0.0,0.0,0.0,19213.02
125,Frutal,FRU_L2,Eisenbahn_Pilsen,12,0.0,0.0,0.0,0.0,0.0,0.0
125,Frutal,FRU_L2,Eisenbahn_Pilsen,13,0.0,0.0,0.0,0.0,0.0,0.0
125,Frutal,FRU_L2,Eisenbahn_Pilsen,14,0.0,0.0,11407.05,0.0,0.0,11407.05
125,Frutal,FRU_L2,Eisenbahn_Pilsen,15,0.0,0.0,0.0,0.0,0.0,0.0
125,Frutal,FRU_L2,Del_Valle_Pessego,1,0.0,0.0,0.0,0.0,0.0,8761.680000000004
125,Frutal,FRU_L2,Del_Valle_Pessego,2,0.0,0.0,0.0,0.0,0.0,0.0
125,Frutal,FRU_L2,Del_Valle_Pessego,3,0.0,0.0,0.0,0.0,0.0,0.0
125,Frutal,FRU_L2,Del_Valle_Pessego,4,0.0,0.0,0.0,0.0,0.0,0.0
125,Frutal,FRU_L2,Del_Valle_Pessego,5,0.0,0.0,0.0,0.0,0.0,19431.849999999995
125,Frutal,FRU_L2,Del_Valle_Pessego,6,0.0,0.0,0.0,0.0,0.0,0.0
125,Frutal,FRU_L2,Del_Valle_Pessego,7,0.0,0.0,0.0,0.0,0.0,0.0
125,Frutal,FRU_L2,Del_Valle_Pessego,8,0.0,0.0,20544.41,0.0,0.0,33235.56
125,Frutal,FRU_L2,Del_Valle_Pessego,9,0.0,0.0,0.0,0.0,0.0,0.0
125,Frutal,FRU_L2,Del_Valle_Pessego,10,0.0,0.0,0.0,0.0,0.0,0.0
125,Frutal,FRU_L2,Del_Valle_Pessego,11,0.0,0.0,0.0,0.0,0.0,0.0
125,Frutal,FRU_L2,Del_Valle_Pessego,12,0.0,0.0,17137.32,0.0,0.0,17137.32
125,Frutal,FRU_L2,Del_Valle_Pessego,13,0.0,15192.060000000001,0.0,0.0,0.0,15192.060000000001
125,Frutal,FRU_L2,Del_Valle_Pessego,14,0.0,0.0,32152.27,0.0,0.0,16960.21
125,Frutal,FRU_L2,Del_Valle_Pessego,15,0.0,0.0,0.0,0.0,0.0,20069.329999999987
125,Frutal,FRU_L2,Coca_Cola,1,0.0,0.0,0.0,0.0,0.0,0.0
125,Frutal,FRU_L2,Coca_Cola,2,0.0,0.0,0.0,0.0,0.0,0.0
125,Frutal,FRU_L2,Coca_Cola,3,0.0,0.0,0.0,0.0,0.0,0.0
125,Frutal,FRU_L2,Coca_Cola,4,0.0,0.0,0.0,0.0,0.0,0.0
125,Frutal,FRU_L2,Coca_Cola,5,0.0,0.0,0.0,0.0,0.0,0.0
125,Frutal,FRU_L2,Coca_Cola,6,0.0,0.0,0.0,0.0,0.0,0.0
125,Frutal,FRU_L2,Coca_Cola,7,0.0,0.0,0.0,0.0,0.0,0.0
125,Frutal,FRU_L2,Coca_Cola,8,0.0,0.0,0.0,0.0,0.0,0.0
125,Frutal,FRU_L2,Coca_Cola,9,0.0,0.0,0.0,0.0,0.0,0.0
125,Frutal,FRU_L2,Coca_Cola,10,0.0,0.0,0.0,0.0,0.0,0.0
125,Frutal,FRU_L2,Coca_Cola,11,0.0,0.0,0.0,0.0,0.0,0.0
125,Frutal,FRU_L2,Coca_Cola,12,0.0,0.0,0.0,0.0,0.0,0.0
125,Frutal,FRU_L2,Coca_Cola,13,0.0,0.0,0.0,0.0,0.0,0.0
125,Frutal,FRU_L2,Coca_Cola,14,0.0,0.0,0.0,0.0,0.0,0.0
125,Frutal,FRU_L2,Coca_Cola,15,0.0,0.0,0.0,0.0,0.0,0.0
125,Frutal,FRU_L2,Amstel_Lata,1,0.0,0.0,0.0,0.0,0.0,0.0
125,Frutal,FRU_L2,Amstel_Lata,2,0.0,0.0,0.0,0.0,0.0,0.0
125,Frutal,FRU_L2,Amstel_Lata,3,0.0,0.0,0.0,0.0,0.0,0.0
125,Frutal,FRU_L2,Amstel_Lata,4,0.0,0.0,0.0,0.0,0.0,0.0
125,Frutal,FRU_L2,Amstel_Lata,5,0.0,0.0,0.0,0.0,0.0,0.0
125,Frutal,FRU_L2,Amstel_Lata,6,0.0,0.0,0.0,0.0,0.0,0.0
125,Frutal,FRU_L2,Amstel_Lata,7,0.0,0.0,0.0,0.0,0.0,0.0
125,Frutal,FRU_L2,Amstel_Lata,8,0.0,0.0,0.0,0.0,0.0,0.0
125,Frutal,FRU_L2,Amstel_Lata,9,0.0,0.0,0.0,0.0,0.0,12791.34
125,Frutal,FRU_L2,Amstel_Lata,10,0.0,0.0,0.0,0.0,0.0,0.0
125,Frutal,FRU_L2,Amstel_Lata,11,0.0,0.0,0.0,0.0,0.0,14200.15
125,Frutal,FRU_L2,Amstel_Lata,12,0.0,0.0,0.0,0.0,0.0,0.0
125,Frutal,FRU_L2,Amstel_Lata,13,0.0,0.0,0.0,0.0,0.0,0.0
125,Frutal,FRU_L2,Amstel_Lata,14,0.0,0.0,0.0,0.0,0.0,0.0
125,Frutal,FRU_L2,Amstel_Lata,15,0.0,0.0,0.0,0.0,0.0,0.0
125,Frutal,FRU_L2,Pepsi_Black,1,0.0,0.0,0.0,0.0,19500.57,0.0
125,Frutal,FRU_L2,Pepsi_Black,2,0.0,0.0,0.0,0.0,13083.899999999998,22803.44
125,Frutal,FRU_L2,Pepsi_Black,3,0.0,0.0,28865.88,0.0,39792.0,28865.88
125,Frutal,FRU_L2,Pepsi_Black,4,0.0,0.0,0.0,0.0,38208.0,0.0
125,Frutal,FRU_L2,Pepsi_Black,5,0.0,0.0,0.0,0.0,37752.0,0.0
125,Frutal,FRU_L2,Pepsi_Black,6,0.0,0.0,0.0,0.0,0.0,26328.6
125,Frutal,FRU_L2,Pepsi_Black,7,0.0,0.0,0.0,0.0,0.0,0.0
125,Frutal,FRU_L2,Pepsi_Black,8,0.0,0.0,0.0,0.0,0.0,0.0
125,Frutal,FRU_L2,Pepsi_Black,9,0.0,0.0,0.0,0.0,0.0,38983.509999999995
125,Frutal,FRU_L2,Pepsi_Black,10,0.0,0.0,0.0,0.0,0.0,0.0
125,Frutal,FRU_L2,Pepsi_Black,11,0.0,0.0,0.0,0.0,38832.00000000001,0.0
125,Frutal,FRU_L2,Pepsi_Black,12,0.0,0.0,14078.24,0.0,0.0,14078.24
125,Frutal,FRU_L2,Pepsi_Black,13,0.0,0.0,30187.91,0.0,25687.61,30187.91
125,Frutal,FRU_L2,Pepsi_Black,14,0.0,0.0,0.0,0.0,16952.51,0.0
125,Frutal,FRU_L2,Pepsi_Black,15,0.0,0.0,0.0,0.0,9855.770000000008,0.0
125,Frutal,FRU_L2,Del_Valle_Laranja,1,0.0,0.0,0.0,0.0,0.0,0.0
125,Frutal,FRU_L2,Del_Valle_Laranja,2,0.0,0.0,0.0,0.0,20616.220000000005,0.0
125,Frutal,FRU_L2,Del_Valle_Laranja,3,0.0,0.0,0.0,0.0,0.0,0.0
125,Frutal,FRU_L2,Del_Valle_Laranja,4,0.0,0.0,9326.73,0.0,0.0,9326.73
125,Frutal,FRU_L2,Del_Valle_Laranja,5,0.0,0.0,0.0,0.0,0.0,0.0
125,Frutal,FRU_L2,Del_Valle_Laranja,6,0.0,0.0,0.0,0.0,0.0,0.0
125,Frutal,FRU_L2,Del_Valle_Laranja,7,0.0,0.0,0.0,0.0,0.0,0.0
125,Frutal,FRU_L2,Del_Valle_Laranja,8,0.0,0.0,0.0,0.0,0.0,45682.69
125,Frutal,FRU_L2,Del_Valle_Laranja,9,0.0,0.0,0.0,0.0,0.0,0.0
125,Frutal,FRU_L2,Del_Valle_Laranja,10,0.0,0.0,0.0,0.0,0.0,34916.76
125,Frutal,FRU_L2,Del_Valle_Laranja,11,0.0,0.0,0.0,0.0,0.0,0.0
125,Frutal,FRU_L2,Del_Valle_Laranja,12,0.0,0.0,0.0,0.0,0.0,7904.419999999998
125,Frutal,FRU_L2,Del_Valle_Laranja,13,0.0,0.0,0.0,0.0,0.0,0.0
125,Frutal,FRU_L2,Del_Valle_Laranja,14,0.0,0.0,0.0,0.0,11837.490000000003,0.0
125,Frutal,FRU_L2,Del_Valle_Laranja,15,0.0,0.0,0.0,0.0,10860.909999999993,0.0
125,Frutal,FRU_L2,Itubaina,1,0.0,0.0,0.0,0.0,0.0,0.0
125,Frutal,FRU_L2,Itubaina,2,0.0,0.0,0.0,0.0,0.0,0.0
125,Frutal,FRU_L2,Itubaina,3,0.0,0.0,0.0,0.0,0.0,50456.5
125,Frutal,FRU_L2,Itubaina,4,0.0,0.0,0.0,0.0,0.0,0.0
125,Frutal,FRU_L2,Itubaina,5,0.0,0.0,0.0,0.0,0.0,0.0
125,Frutal,FRU_L2,Itubaina,6,0.0,0.0,0.0,0.0,0.0,0.0
125,Frutal,FRU_L2,Itubaina,7,0.0,0.0,42613.98,0.0,0.0,42613.98
125,Frutal,FRU_L2,Itubaina,8,0.0,0.0,0.0,0.0,0.0,0.0
125,Frutal,FRU_L2,Itubaina,9,0.0,0.0,0.0,0.0,0.0,0.0
125,Frutal,FRU_L2,Itubaina,10,0.0,0.0,0.0,0.0,0.0,30655.41
125,Frutal,FRU_L2,Itubaina,11,0.0,0.0,26023.06,0.0,0.0,26023.06
125,Frutal,FRU_L2,Itubaina,12,0.0,0.0,0.0,0.0,0.0,0.0
125,Frutal,FRU_L2,Itubaina,13,0.0,0.0,0.0,0.0,0.0,0.0
125,Frutal,FRU_L2,Itubaina,14,0.0,0.0,0.0,0.0,0.0,0.0
125,Frutal,FRU_L2,Itubaina,15,0.0,0.0,0.0,0.0,0.0,0.0
125,Frutal,FRU_L2,Stella_Artois_Pure_Gold,1,0.0,0.0,0.0,0.0,23602.309999999994,23602.309999999994
125,Frutal,FRU_L2,Stella_Artois_Pure_Gold,2,0.0,0.0,0.0,0.0,0.0,0.0
125,Frutal,FRU_L2,Stella_Artois_Pure_Gold,3,0.0,0.0,0.0,0.0,0.0,0.0
125,Frutal,FRU_L2,Stella_Artois_Pure_Gold,4,0.0,0.0,0.0,0.0,0.0,0.0
125,Frutal,FRU_L2,Stella_Artois_Pure_Gold,5,0.0,0.0,0.0,0.0,0.0,0.0
125,Frutal,FRU_L2,Stella_Artois_Pure_Gold,6,0.0,0.0,14915.18,0.0,0.0,14915.18
125,Frutal,FRU_L2,Stella_Artois_Pure_Gold,7,0.0,0.0,0.0,0.0,20929.720000000012,20929.720000000012
125,Frutal,FRU_L2,Stella_Artois_Pure_Gold,8,0.0,0.0,0.0,0.0,0.0,35084.17
125,Frutal,FRU_L2,Stella_Artois_Pure_Gold,9,0.0,0.0,0.0,0.0,0.0,0.0
125,Frutal,FRU_L2,Stella_Artois_Pure_Gold,10,0.0,0.0,0.0,0.0,0.0,0.0
125,Frutal,FRU_L2,Stella_Artois_Pure_Gold,11,0.0,0.0,0.0,0.0,0.0,0.0
125,Frutal,FRU_L2,Stella_Artois_Pure_Gold,12,0.0,0.0,0.0,0.0,0.0,0.0
125,Frutal,FRU_L2,Stella_Artois_Pure_Gold,13,0.0,0.0,0.0,0.0,0.0,0.0
125,Frutal,FRU_L2,Stella_Artois_Pure_Gold,14,0.0,0.0,0.0,0.0,11990.909999999987,0.0
125,Frutal,FRU_L2,Stella_Artois_Pure_Gold,15,0.0,0.0,0.0,0.0,26634.09999999999,0.0
125,Frutal,FRU_L2,Maguary_Caju,1,0.0,0.0,0.0,0.0,0.0,0.0
125,Frutal,FRU_L2,Maguary_Caju,2,0.0,0.0,0.0,0.0,0.0,0.0
125,Frutal,FRU_L2,Maguary_Caju,3,0.0,0.0,0.0,0.0,0.0,0.0
125,Frutal,FRU_L2,Maguary_Caju,4,0.0,0.0,0.0,0.0,0.0,0.0
125,Frutal,FRU_L2,Maguary_Caju,5,0.0,0.0,0.0,0.0,0.0,36432.0
125,Frutal,FRU_L2,Maguary_Caju,6,0.0,0.0,0.0,0.0,0.0,0.0
125,Frutal,FRU_L2,Maguary_Caju,7,0.0,0.0,0.0,0.0,0.0,0.0
125,Frutal,FRU_L2,Maguary_Caju,8,0.0,0.0,0.0,0.0,0.0,0.0
125,Frutal,FRU_L2,Maguary_Caju,9,0.0,0.0,0.0,9844.53,0.0,0.0
125,Frutal,FRU_L2,Maguary_Caju,10,0.0,0.0,0.0,0.0,0.0,0.0
125,Frutal,FRU_L2,Maguary_Caju,11,0.0,0.0,0.0,0.0,0.0,0.0
125,Frutal,FRU_L2,Maguary_Caju,12,0.0,0.0,0.0,0.0,0.0,0.0
125,Frutal,FRU_L2,Maguary_Caju,13,0.0,0.0,0.0,0.0,0.0,0.0
125,Frutal,FRU_L2,Maguary_Caju,14,0.0,0.0,0.0,0.0,0.0,0.0
125,Frutal,FRU_L2,Maguary_Caju,15,0.0,0.0,0.0,0.0,0.0,0.0
125,Frutal,FRU_L2,Coca_Cola_Zero,1,0.0,0.0,0.0,0.0,0.0,0.0
125,Frutal,FRU_L2,Coca_Cola_Zero,2,0.0,0.0,0.0,0.0,0.0,0.0
125,Frutal,FRU_L2,Coca_Cola_Zero,3,0.0,0.0,0.0,0.0,0.0,0.0
125,Frutal,FRU_L2,Coca_Cola_Zero,4,0.0,0.0,0.0,0.0,0.0,40667.3
125,Frutal,FRU_L2,Coca_Cola_Zero,5,0.0,0.0,0.0,0.0,0.0,0.0
125,Frutal,FRU_L2,Coca_Cola_Zero,6,0.0,0.0,22591.93,0.0,0.0,69749.26999999999
125,Frutal,FRU_L2,Coca_Cola_Zero,7,0.0,0.0,0.0,0.0,0.0,23150.92
125,Frutal,FRU_L2,Coca_Cola_Zero,8,0.0,0.0,0.0,0.0,0.0,0.0
125,Frutal,FRU_L2,Coca_Cola_Zero,9,0.0,0.0,0.0,0.0,0.0,0.0
125,Frutal,FRU_L2,Coca_Cola_Zero,10,0.0,0.0,0.0,0.0,0.0,0.0
125,Frutal,FRU_L2,Coca_Cola_Zero,11,0.0,0.0,0.0,0.0,0.0,0.0
125,Frutal,FRU_L2,Coca_Cola_Zero,12,0.0,0.0,0.0,0.0,0.0,0.0
125,Frutal,FRU_L2,Coca_Cola_Zero,13,0.0,0.0,0.0,0.0,0.0,69824.65
125,Frutal,FRU_L2,Coca_Cola_Zero,14,0.0,0.0,0.0,0.0,26953.11,26953.11
125,Frutal,FRU_L2,Coca_Cola_Zero,15,0.0,0.0,0.0,0.0,0.0,0.0
125,Frutal,FRU_L2,Pepsi,1,0.0,0.0,0.0,0.0,0.0,0.0
125,Frutal,FRU_L2,Pepsi,2,0.0,0.0,0.0,0.0,0.0,12655.809999999998
125,Frutal,FRU_L2,Pepsi,3,0.0,0.0,0.0,0.0,12655.809999999998,0.0
125,Frutal,FRU_L2,Pepsi,4,0.0,0.0,0.0,0.0,0.0,17873.250000000007
125,Frutal,FRU_L2,Pepsi,5,0.0,0.0,0.0,0.0,8255.119999999992,0.0
125,Frutal,FRU_L2,Pepsi,6,0.0,0.0,0.0,0.0,9618.130000000016,0.0
125,Frutal,FRU_L2,Pepsi,7,0.0,0.0,0.0,0.0,0.0,0.0
125,Frutal,FRU_L2,Pepsi,8,0.0,0.0,0.0,0.0,0.0,0.0
125,Frutal,FRU_L2,Pepsi,9,0.0,0.0,0.0,0.0,0.0,0.0
125,Frutal,FRU_L2,Pepsi,10,0.0,0.0,0.0,0.0,0.0,0.0
125,Frutal,FRU_L2,Pepsi,11,0.0,0.0,0.0,0.0,0.0,0.0
125,Frutal,FRU_L2,Pepsi,12,0.0,0.0,0.0,0.0,0.0,0.0
125,Frutal,FRU_L2,Pepsi,13,0.0,0.0,0.0,0.0,0.0,24734.019999999997
125,Frutal,FRU_L2,Pepsi,14,0.0,0.0,0.0,0.0,24734.019999999997,0.0
125,Frutal,FRU_L2,Pepsi,15,0.0,0.0,0.0,0.0,0.0,0.0
125,Frutal,FRU_L2,Antarctica_Lata,1,0.0,0.0,43908.39,7587.82,0.0,43908.39
125,Frutal,FRU_L2,Antarctica_Lata,2,0.0,0.0,0.0,0.0,0.0,0.0
125,Frutal,FRU_L2,Antarctica_Lata,3,0.0,0.0,0.0,0.0,0.0,0.0
125,Frutal,FRU_L2,Antarctica_Lata,4,0.0,0.0,0.0,0.0,0.0,0.0
125,Frutal,FRU_L2,Antarctica_Lata,5,0.0,0.0,0.0,0.0,0.0,0.0
125,Frutal,FRU_L2,Antarctica_Lata,6,0.0,0.0,0.0,0.0,0.0,0.0
125,Frutal,FRU_L2,Antarctica_Lata,7,0.0,0.0,0.0,0.0,0.0,0.0
125,Frutal,FRU_L2,Antarctica_Lata,8,0.0,0.0,0.0,0.0,0.0,0.0
125,Frutal,FRU_L2,Antarctica_Lata,9,0.0,0.0,0.0,0.0,0.0,3067.93
125,Frutal,FRU_L2,Antarctica_Lata,10,0.0,0.0,0.0,0.0,0.0,0.0
125,Frutal,FRU_L2,Antarctica_Lata,11,0.0,0.0,0.0,0.0,0.0,0.0
125,Frutal,FRU_L2,Antarctica_Lata,12,0.0,0.0,0.0,0.0,0.0,0.0
125,Frutal,FRU_L2,Antarctica_Lata,13,0.0,0.0,0.0,0.0,0.0,0.0
125,Frutal,FRU_L2,Antarctica_Lata,14,0.0,0.0,0.0,0.0,0.0,0.0
125,Frutal,FRU_L2,Antarctica_Lata,15,0.0,0.0,0.0,0.0,0.0,0.0
125,Frutal,FRU_L2,Spaten_Lata,1,0.0,0.0,0.0,0.0,0.0,0.0
125,Frutal,FRU_L2,Spaten_Lata,2,0.0,0.0,1710.93,0.0,0.0,1710.93
125,Frutal,FRU_L2,Spaten_Lata,3,0.0,0.0,0.0,0.0,0.0,0.0
125,Frutal,FRU_L2,Spaten_Lata,4,0.0,0.0,0.0,0.0,0.0,0.0
125,Frutal,FRU_L2,Spaten_Lata,5,0.0,0.0,0.0,0.0,0.0,0.0
125,Frutal,FRU_L2,Spaten_Lata,6,0.0,429.6499999999978,0.0,0.0,0.0,429.6499999999978
125,Frutal,FRU_L2,Spaten_Lata,7,0.0,0.0,0.0,0.0,429.6499999999978,0.0
125,Frutal,FRU_L2,Spaten_Lata,8,0.0,0.0,0.0,0.0,0.0,0.0
125,Frutal,FRU_L2,Spaten_Lata,9,0.0,0.0,0.0,0.0,0.0,0.0
125,Frutal,FRU_L2,Spaten_Lata,10,0.0,0.0,0.0,0.0,0.0,0.0
125,Frutal,FRU_L2,Spaten_Lata,11,0.0,0.0,0.0,0.0,0.0,13968.55
125,Frutal,FRU_L2,Spaten_Lata,12,0.0,0.0,0.0,0.0,0.0,0.0
125,Frutal,FRU_L2,Spaten_Lata,13,0.0,0.0,0.0,0.0,0.0,0.0
125,Frutal,FRU_L2,Spaten_Lata,14,0.0,0.0,0.0,0.0,0.0,0.0
125,Frutal,FRU_L2,Spaten_Lata,15,0.0,0.0,0.0,0.0,0.0,0.0
125,Frutal,FRU_L2,Heineken_Lata,1,0.0,0.0,0.0,0.0,0.0,0.0
125,Frutal,FRU_L2,Heineken_Lata,2,0.0,13686.479999999998,0.0,0.0,0.0,13686.479999999998
125,Frutal,FRU_L2,Heineken_Lata,3,0.0,20430.40000000001,0.0,0.0,0.0,6743.920000000011
125,Frutal,FRU_L2,Heineken_Lata,4,0.0,0.0,0.0,0.0,20430.40000000001,0.0
125,Frutal,FRU_L2,Heineken_Lata,5,0.0,9646.460000000003,0.0,0.0,0.0,9646.460000000003
125,Frutal,FRU_L2,Heineken_Lata,6,0.0,0.0,0.0,0.0,9646.460000000003,0.0
125,Frutal,FRU_L2,Heineken_Lata,7,0.0,0.0,0.0,0.0,0.0,0.0
125,Frutal,FRU_L2,Heineken_Lata,8,0.0,0.0,0.0,0.0,0.0,0.0
125,Frutal,FRU_L2,Heineken_Lata,9,0.0,9416.79,0.0,0.0,0.0,9416.79
125,Frutal,FRU_L2,Heineken_Lata,10,0.0,0.0,0.0,0.0,9416.79,0.0
125,Frutal,FRU_L2,Heineken_Lata,11,0.0,0.0,0.0,0.0,0.0,0.0
125,Frutal,FRU_L2,Heineken_Lata,12,0.0,0.0,0.0,0.0,0.0,0.0
125,Frutal,FRU_L2,Heineken_Lata,13,0.0,0.0,0.0,0.0,0.0,0.0
125,Frutal,FRU_L2,Heineken_Lata,14,0.0,0.0,0.0,0.0,0.0,0.0
125,Frutal,FRU_L2,Heineken_Lata,15,0.0,0.0,0.0,0.0,0.0,39120.0
125,Frutal,FRU_L2,Sukita_Laranja,1,0.0,0.0,0.0,0.0,0.0,0.0
125,Frutal,FRU_L2,Sukita_Laranja,2,0.0,0.0,0.0,0.0,0.0,0.0
125,Frutal,FRU_L2,Sukita_Laranja,3,0.0,0.0,0.0,0.0,0.0,0.0
125,Frutal,FRU_L2,Sukita_Laranja,4,0.0,0.0,0.0,0.0,0.0,0.0
125,Frutal,FRU_L2,Sukita_Laranja,5,0.0,0.0,0.0,0.0,0.0,0.0
125,Frutal,FRU_L2,Sukita_Laranja,6,0.0,0.0,0.0,0.0,0.0,0.0
125,Frutal,FRU_L2,Sukita_Laranja,7,0.0,0.0,0.0,0.0,0.0,0.0
125,Frutal,FRU_L2,Sukita_Laranja,8,0.0,0.0,29428.67,0.0,0.0,29428.67
125,Frutal,FRU_L2,Sukita_Laranja,9,0.0,0.0,0.0,0.0,0.0,0.0
125,Frutal,FRU_L2,Sukita_Laranja,10,0.0,0.0,0.0,0.0,0.0,0.0
125,Frutal,FRU_L2,Sukita_Laranja,11,0.0,0.0,0.0,0.0,0.0,0.0
125,Frutal,FRU_L2,Sukita_Laranja,12,0.0,0.0,0.0,0.0,0.0,0.0
125,Frutal,FRU_L2,Sukita_Laranja,13,0.0,0.0,0.0,0.0,0.0,0.0
125,Frutal,FRU_L2,Sukita_Laranja,14,0.0,0.0,0.0,0.0,0.0,0.0
125,Frutal,FRU_L2,Sukita_Laranja,15,0.0,0.0,0.0,0.0,0.0,0.0
125,Frutal,FRU_L2,H2OH_Limao,1,0.0,0.0,0.0,0.0,0.0,0.0
125,Frutal,FRU_L2,H2OH_Limao,2,0.0,0.0,0.0,0.0,0.0,0.0
125,Frutal,FRU_L2,H2OH_Limao,3,0.0,0.0,0.0,0.0,0.0,0.0
125,Frutal,FRU_L2,H2OH_Limao,4,0.0,0.0,0.0,0.0,0.0,0.0
125,Frutal,FRU_L2,H2OH_Limao,5,0.0,0.0,0.0,0.0,0.0,0.0
125,Frutal,FRU_L2,H2OH_Limao,6,0.0,0.0,0.0,0.0,0.0,0.0
125,Frutal,FRU_L2,H2OH_Limao,7,0.0,0.0,0.0,0.0,0.0,0.0
125,Frutal,FRU_L2,H2OH_Limao,8,0.0,0.0,0.0,0.0,0.0,0.0
125,Frutal,FRU_L2,H2OH_Limao,9,0.0,0.0,0.0,0.0,0.0,0.0
125,Frutal,FRU_L2,H2OH_Limao,10,0.0,0.0,0.0,0.0,0.0,0.0
125,Frutal,FRU_L2,H2OH_Limao,11,0.0,0.0,0.0,0.0,0.0,0.0
125,Frutal,FRU_L2,H2OH_Limao,12,0.0,0.0,0.0,0.0,0.0,0.0
125,Frutal,FRU_L2,H2OH_Limao,13,0.0,0.0,16432.13,466.15999999999985,0.0,16432.13
125,Frutal,FRU_L2,H2OH_Limao,14,0.0,0.0,0.0,0.0,0.0,0.0
125,Frutal,FRU_L2,H2OH_Limao,15,0.0,0.0,0.0,0.0,0.0,0.0
125,Frutal,FRU_L2,Budweiser_Lata,1,33861.47,0.0,0.0,0.0,33861.47,0.0
125,Frutal,FRU_L2,Budweiser_Lata,2,36936.0,0.0,0.0,0.0,36936.0,0.0
125,Frutal,FRU_L2,Budweiser_Lata,3,38784.0,0.0,0.0,0.0,41837.14,3053.1399999999994
125,Frutal,FRU_L2,Budweiser_Lata,4,38232.0,0.0,0.0,0.0,38231.99999999999,0.0
125,Frutal,FRU_L2,Budweiser_Lata,5,0.0,0.0,0.0,0.0,0.0,0.0
125,Frutal,FRU_L2,Budweiser_Lata,6,230.5099999999984,0.0,0.0,0.0,230.5099999999984,0.0
125,Frutal,FRU_L2,Budweiser_Lata,7,0.0,0.0,0.0,0.0,0.0,0.0
125,Frutal,FRU_L2,Budweiser_Lata,8,27835.18,0.0,0.0,0.0,27835.18,0.0
125,Frutal,FRU_L2,Budweiser_Lata,9,39240.0,0.0,0.0,0.0,39240.0,0.0
125,Frutal,FRU_L2,Budweiser_Lata,10,38928.0,0.0,0.0,0.0,38928.0,0.0
125,Frutal,FRU_L2,Budweiser_Lata,11,36472.259999999995,0.0,20166.92,0.0,16305.34,0.0
125,Frutal,FRU_L2,Budweiser_Lata,12,36960.0,0.0,0.0,0.0,36960.0,0.0
125,Frutal,FRU_L2,Budweiser_Lata,13,37272.0,0.0,0.0,0.0,37272.0,0.0
125,Frutal,FRU_L2,Budweiser_Lata,14,15872.740000000009,0.0,0.0,0.0,15872.740000000009,0.0
125,Frutal,FRU_L2,Budweiser_Lata,15,37608.0,0.0,0.0,0.0,37608.0,0.0
125,Frutal,FRU_L2,Kuat,1,0.0,0.0,0.0,0.0,0.0,47738.87
125,Frutal,FRU_L2,Kuat,2,0.0,0.0,0.0,0.0,20950.38,20950.38
125,Frutal,FRU_L2,Kuat,3,0.0,0.0,18791.21,0.0,0.0,18791.21
125,Frutal,FRU_L2,Kuat,4,0.0,0.0,0.0,0.0,18101.18,18101.18
125,Frutal,FRU_L2,Kuat,5,0.0,0.0,0.0,0.0,0.0,0.0
125,Frutal,FRU_L2,Kuat,6,0.0,0.0,0.0,0.0,0.0,0.0
125,Frutal,FRU_L2,Kuat,7,0.0,0.0,0.0,0.0,0.0,7166.45
125,Frutal,FRU_L2,Kuat,8,0.0,0.0,0.0,0.0,0.0,0.0
125,Frutal,FRU_L2,Kuat,9,0.0,0.0,4618.15,0.0,0.0,4618.15
125,Frutal,FRU_L2,Kuat,10,0.0,0.0,0.0,0.0,0.0,0.0
125,Frutal,FRU_L2,Kuat,11,0.0,0.0,0.0,0.0,0.0,0.0
125,Frutal,FRU_L2,Kuat,12,0.0,0.0,0.0,0.0,0.0,0.0
125,Frutal,FRU_L2,Kuat,13,0.0,0.0,0.0,0.0,24681.94,24681.94
125,Frutal,FRU_L2,Kuat,14,0.0,0.0,0.0,0.0,0.0,0.0
125,Frutal,FRU_L2,Kuat,15,0.0,0.0,0.0,0.0,0.0,0.0
125,Frutal,FRU_L2,Fanta_Uva,1,0.0,0.0,0.0,0.0,0.0,0.0
125,Frutal,FRU_L2,Fanta_Uva,2,0.0,0.0,0.0,0.0,0.0,0.0
125,Frutal,FRU_L2,Fanta_Uva,3,0.0,0.0,0.0,0.0,0.0,0.0
125,Frutal,FRU_L2,Fanta_Uva,4,0.0,0.0,0.0,0.0,0.0,0.0
125,Frutal,FRU_L2,Fanta_Uva,5,0.0,0.0,0.0,0.0,0.0,0.0
125,Frutal,FRU_L2,Fanta_Uva,6,0.0,0.0,0.0,0.0,0.0,0.0
125,Frutal,FRU_L2,Fanta_Uva,7,0.0,0.0,0.0,0.0,0.0,0.0
125,Frutal,FRU_L2,Fanta_Uva,8,0.0,0.0,0.0,0.0,0.0,0.0
125,Frutal,FRU_L2,Fanta_Uva,9,0.0,0.0,0.0,0.0,0.0,0.0
125,Frutal,FRU_L2,Fanta_Uva,10,0.0,0.0,0.0,0.0,0.0,0.0
125,Frutal,FRU_L2,Fanta_Uva,11,0.0,0.0,0.0,0.0,0.0,0.0
125,Frutal,FRU_L2,Fanta_Uva,12,0.0,0.0,13401.3,0.0,0.0,24250.869999999988
125,Frutal,FRU_L2,Fanta_Uva,13,0.0,0.0,0.0,0.0,0.0,0.0
125,Frutal,FRU_L2,Fanta_Uva,14,0.0,0.0,0.0,0.0,0.0,0.0
125,Frutal,FRU_L2,Fanta_Uva,15,0.0,0.0,0.0,0.0,0.0,0.0
125,Frutal,FRU_L2,Sprite,1,0.0,0.0,0.0,0.0,0.0,0.0
125,Frutal,FRU_L2,Sprite,2,0.0,0.0,6261.160000000003,16853.17,0.0,6261.160000000003
125,Frutal,FRU_L2,Sprite,3,0.0,0.0,0.0,0.0,0.0,0.0
125,Frutal,FRU_L2,Sprite,4,0.0,0.0,0.0,0.0,0.0,37248.0
125,Frutal,FRU_L2,Sprite,5,0.0,0.0,0.0,0.0,0.0,0.0
125,Frutal,FRU_L2,Sprite,6,0.0,0.0,0.0,0.0,0.0,0.0
125,Frutal,FRU_L2,Sprite,7,0.0,0.0,0.0,0.0,0.0,0.0
125,Frutal,FRU_L2,Sprite,8,0.0,0.0,0.0,0.0,0.0,0.0
125,Frutal,FRU_L2,Sprite,9,0.0,0.0,0.0,0.0,0.0,0.0
125,Frutal,FRU_L2,Sprite,10,0.0,0.0,0.0,0.0,0.0,3491.0
125,Frutal,FRU_L2,Sprite,11,0.0,0.0,0.0,0.0,0.0,0.0
125,Frutal,FRU_L2,Sprite,12,0.0,0.0,0.0,0.0,0.0,21597.61
125,Frutal,FRU_L2,Sprite,13,0.0,0.0,0.0,0.0,0.0,0.0
125,Frutal,FRU_L2,Sprite,14,0.0,0.0,0.0,0.0,0.0,0.0
125,Frutal,FRU_L2,Sprite,15,0.0,0.0,0.0,0.0,0.0,0.0
125,Frutal,FRU_L2,Skol_Lata,1,0.0,0.0,0.0,0.0,0.0,0.0
125,Frutal,FRU_L2,Skol_Lata,2,0.0,0.0,0.0,0.0,0.0,0.0
125,Frutal,FRU_L2,Skol_Lata,3,0.0,0.0,0.0,0.0,0.0,0.0
125,Frutal,FRU_L2,Skol_Lata,4,0.0,0.0,4448.94,0.0,0.0,4448.94
125,Frutal,FRU_L2,Skol_Lata,5,0.0,0.0,0.0,0.0,0.0,0.0
125,Frutal,FRU_L2,Skol_Lata,6,0.0,0.0,0.0,0.0,0.0,0.0
125,Frutal,FRU_L2,Skol_Lata,7,0.0,0.0,0.0,0.0,0.0,0.0
125,Frutal,FRU_L2,Skol_Lata,8,0.0,0.0,0.0,0.0,0.0,0.0
125,Frutal,FRU_L2,Skol_Lata,9,0.0,0.0,0.0,0.0,0.0,0.0
125,Frutal,FRU_L2,Skol_Lata,10,0.0,0.0,0.0,0.0,0.0,0.0
125,Frutal,FRU_L2,Skol_Lata,11,0.0,0.0,0.0,0.0,0.0,0.0
125,Frutal,FRU_L2,Skol_Lata,12,0.0,0.0,0.0,0.0,0.0,0.0
125,Frutal,FRU_L2,Skol_Lata,13,0.0,0.0,0.0,0.0,0.0,0.0
125,Frutal,FRU_L2,Skol_Lata,14,0.0,0.0,0.0,0.0,0.0,0.0
125,Frutal,FRU_L2,Skol_Lata,15,0.0,0.0,0.0,0.0,0.0,0.0
125,Frutal,FRU_L2,Guarana_Antarctica,1,0.0,0.0,0.0,0.0,0.0,0.0
125,Frutal,FRU_L2,Guarana_Antarctica,2,0.0,0.0,0.0,0.0,0.0,0.0
125,Frutal,FRU_L2,Guarana_Antarctica,3,0.0,0.0,0.0,0.0,0.0,0.0
125,Frutal,FRU_L2,Guarana_Antarctica,4,0.0,0.0,0.0,0.0,0.0,0.0
125,Frutal,FRU_L2,Guarana_Antarctica,5,0.0,0.0,0.0,0.0,0.0,0.0
125,Frutal,FRU_L2,Guarana_Antarctica,6,0.0,0.0,0.0,0.0,0.0,0.0
125,Frutal,FRU_L2,Guarana_Antarctica,7,0.0,0.0,0.0,0.0,0.0,0.0
125,Frutal,FRU_L2,Guarana_Antarctica,8,0.0,0.0,0.0,0.0,0.0,0.0
125,Frutal,FRU_L2,Guarana_Antarctica,9,0.0,0.0,0.0,0.0,0.0,0.0
125,Frutal,FRU_L2,Guarana_Antarctica,10,0.0,0.0,0.0,0.0,0.0,0.0
125,Frutal,FRU_L2,Guarana_Antarctica,11,0.0,0.0,0.0,0.0,0.0,0.0
125,Frutal,FRU_L2,Guarana_Antarctica,12,0.0,0.0,0.0,0.0,0.0,0.0
125,Frutal,FRU_L2,Guarana_Antarctica,13,0.0,0.0,0.0,0.0,0.0,0.0
125,Frutal,FRU_L2,Guarana_Antarctica,14,0.0,0.0,0.0,0.0,0.0,0.0
125,Frutal,FRU_L2,Guarana_Antarctica,15,0.0,0.0,0.0,0.0,0.0,0.0
125,Frutal,FRU_L2,Guarana_Antarctica_Zero,1,5618.529999999997,0.0,0.0,0.0,5618.529999999997,0.0
125,Frutal,FRU_L2,Guarana_Antarctica_Zero,2,0.0,0.0,0.0,0.0,0.0,0.0
125,Frutal,FRU_L2,Guarana_Antarctica_Zero,3,0.0,0.0,0.0,0.0,14571.219999999954,0.0
125,Frutal,FRU_L2,Guarana_Antarctica_Zero,4,0.0,0.0,0.0,0.0,0.0,0.0
125,Frutal,FRU_L2,Guarana_Antarctica_Zero,5,23114.35000000004,0.0,0.0,0.0,23114.35000000004,0.0
125,Frutal,FRU_L2,Guarana_Antarctica_Zero,6,37065.49,0.0,10552.09,0.0,26513.399999999998,0.0
125,Frutal,FRU_L2,Guarana_Antarctica_Zero,7,36528.0,0.0,0.0,0.0,36528.0,0.0
125,Frutal,FRU_L2,Guarana_Antarctica_Zero,8,0.0,0.0,0.0,0.0,0.0,0.0
125,Frutal,FRU_L2,Guarana_Antarctica_Zero,9,0.0,0.0,0.0,0.0,0.0,0.0
125,Frutal,FRU_L2,Guarana_Antarctica_Zero,10,0.0,0.0,0.0,0.0,0.0,17489.03
125,Frutal,FRU_L2,Guarana_Antarctica_Zero,11,1495.7400000000014,0.0,0.0,0.0,1495.7400000000011,0.0
125,Frutal,FRU_L2,Guarana_Antarctica_Zero,12,0.0,0.0,0.0,0.0,0.0,0.0
125,Frutal,FRU_L2,Guarana_Antarctica_Zero,13,0.0,0.0,0.0,0.0,0.0,0.0
125,Frutal,FRU_L2,Guarana_Antarctica_Zero,14,20607.25999999999,0.0,0.0,0.0,46944.350000000006,0.0
125,Frutal,FRU_L2,Guarana_Antarctica_Zero,15,0.0,0.0,0.0,0.0,0.0,0.0
125,Frutal,FRU_L2,Del_Valle_Uva,1,0.0,0.0,0.0,0.0,0.0,0.0
125,Frutal,FRU_L2,Del_Valle_Uva,2,0.0,0.0,18318.44,0.0,0.0,18318.44
125,Frutal,FRU_L2,Del_Valle_Uva,3,0.0,0.0,0.0,0.0,0.0,0.0
125,Frutal,FRU_L2,Del_Valle_Uva,4,0.0,0.0,0.0,0.0,0.0,0.0
125,Frutal,FRU_L2,Del_Valle_Uva,5,0.0,0.0,0.0,0.0,0.0,0.0
125,Frutal,FRU_L2,Del_Valle_Uva,6,0.0,0.0,0.0,0.0,0.0,0.0
125,Frutal,FRU_L2,Del_Valle_Uva,7,0.0,0.0,0.0,0.0,0.0,0.0
125,Frutal,FRU_L2,Del_Valle_Uva,8,0.0,0.0,0.0,0.0,0.0,0.0
125,Frutal,FRU_L2,Del_Valle_Uva,9,0.0,0.0,0.0,0.0,0.0,0.0
125,Frutal,FRU_L2,Del_Valle_Uva,10,0.0,0.0,0.0,0.0,0.0,0.0
125,Frutal,FRU_L2,Del_Valle_Uva,11,0.0,0.0,0.0,0.0,0.0,0.0
125,Frutal,FRU_L2,Del_Valle_Uva,12,0.0,0.0,0.0,0.0,0.0,0.0
125,Frutal,FRU_L2,Del_Valle_Uva,13,0.0,0.0,0.0,0.0,0.0,13403.04
125,Frutal,FRU_L2,Del_Valle_Uva,14,0.0,0.0,0.0,0.0,0.0,0.0
125,Frutal,FRU_L2,Del_Valle_Uva,15,0.0,0.0,46448.88,0.0,0.0,46448.88
125,Frutal,FRU_L2,Brahma_Lata,1,0.0,0.0,0.0,0.0,0.0,0.0
125,Frutal,FRU_L2,Brahma_Lata,2,0.0,0.0,0.0,0.0,0.0,30729.62
125,Frutal,FRU_L2,Brahma_Lata,3,0.0,0.0,0.0,0.0,0.0,0.0
125,Frutal,FRU_L2,Brahma_Lata,4,0.0,0.0,0.0,0.0,0.0,0.0
125,Frutal,FRU_L2,Brahma_Lata,5,0.0,0.0,22598.88,0.0,0.0,22598.88
125,Frutal,FRU_L2,Brahma_Lata,6,0.0,0.0,0.0,0.0,0.0,0.0
125,Frutal,FRU_L2,Brahma_Lata,7,0.0,0.0,0.0,0.0,0.0,0.0
125,Frutal,FRU_L2,Brahma_Lata,8,0.0,0.0,0.0,0.0,0.0,0.0
125,Frutal,FRU_L2,Brahma_Lata,9,0.0,0.0,0.0,0.0,0.0,0.0
125,Frutal,FRU_L2,Brahma_Lata,10,0.0,0.0,0.0,0.0,0.0,0.0
125,Frutal,FRU_L2,Brahma_Lata,11,0.0,0.0,0.0,0.0,0.0,0.0
125,Frutal,FRU_L2,Brahma_Lata,12,0.0,0.0,0.0,0.0,0.0,0.0
125,Frutal,FRU_L2,Brahma_Lata,13,0.0,0.0,0.0,0.0,0.0,0.0
125,Frutal,FRU_L2,Brahma_Lata,14,0.0,0.0,0.0,0.0,0.0,68.9299999999881
125,Frutal,FRU_L2,Brahma_Lata,15,0.0,0.0,0.0,0.0,0.0,0.0
125,Frutal,FRU_L2,Itaipava_Lata,1,0.0,0.0,0.0,0.0,0.0,0.0
125,Frutal,FRU_L2,Itaipava_Lata,2,0.0,0.0,0.0,0.0,0.0,0.0
125,Frutal,FRU_L2,Itaipava_Lata,3,0.0,0.0,0.0,0.0,0.0,0.0
125,Frutal,FRU_L2,Itaipava_Lata,4,0.0,0.0,13263.150000000016,20822.179999999986,0.0,13263.150000000016
125,Frutal,FRU_L2,Itaipava_Lata,5,0.0,0.0,0.0,0.0,3144.72,3144.72
125,Frutal,FRU_L2,Itaipava_Lata,6,0.0,0.0,0.0,0.0,0.0,0.0
125,Frutal,FRU_L2,Itaipava_Lata,7,0.0,0.0,0.0,0.0,0.0,0.0
125,Frutal,FRU_L2,Itaipava_Lata,8,0.0,0.0,0.0,0.0,0.0,0.0
125,Frutal,FRU_L2,Itaipava_Lata,9,0.0,0.0,0.0,0.0,0.0,11606.160000000005
125,Frutal,FRU_L2,Itaipava_Lata,10,0.0,0.0,0.0,0.0,0.0,0.0
125,Frutal,FRU_L2,Itaipava_Lata,11,0.0,0.0,0.0,0.0,0.0,3904.73
125,Frutal,FRU_L2,Itaipava_Lata,12,0.0,0.0,0.0,0.0,0.0,0.0
125,Frutal,FRU_L2,Itaipava_Lata,13,0.0,0.0,0.0,0.0,0.0,0.0
125,Frutal,FRU_L2,Itaipava_Lata,14,0.0,0.0,0.0,0.0,0.0,0.0
125,Frutal,FRU_L2,Itaipava_Lata,15,0.0,0.0,0.0,0.0,0.0,0.0
125,Frutal,FRU_L3,Maguary_Maracuja,1,18371.430000000004,0.0,0.0,0.0,57683.43000000001,0.0
125,Frutal,FRU_L3,Maguary_Maracuja,2,2779.8799999999974,0.0,0.0,0.0,43891.88,0.0
125,Frutal,FRU_L3,Maguary_Maracuja,3,0.0,0.0,0.0,0.0,23564.780000000046,0.0
125,Frutal,FRU_L3,Maguary_Maracuja,4,0.0,0.0,0.0,0.0,34056.0,0.0
125,Frutal,FRU_L3,Maguary_Maracuja,5,0.0,0.0,0.0,0.0,55173.649999999965,0.0
125,Frutal,FRU_L3,Maguary_Maracuja,6,36792.0,0.0,0.0,0.0,72993.20999999999,0.0
125,Frutal,FRU_L3,Maguary_Maracuja,7,40560.0,0.0,0.0,0.0,54817.93,0.0
125,Frutal,FRU_L3,Maguary_Maracuja,8,37848.0,0.0,0.0,0.0,88084.81999999999,0.0
125,Frutal,FRU_L3,Maguary_Maracuja,9,38832.0,0.0,0.0,0.0,79656.00000000001,0.0
125,Frutal,FRU_L3,Maguary_Maracuja,10,39960.0,0.0,0.0,0.0,81288.0,43012.51
125,Frutal,FRU_L3,Maguary_Maracuja,11,0.0,0.0,0.0,0.0,42216.0,0.0
125,Frutal,FRU_L3,Maguary_Maracuja,12,32617.489999999998,0.0,0.0,0.0,69505.48999999999,0.0
125,Frutal,FRU_L3,Maguary_Maracuja,13,13840.389999999998,0.0,0.0,0.0,55600.39,0.0
125,Frutal,FRU_L3,Maguary_Maracuja,14,9826.0,0.0,0.0,0.0,9826.0,0.0
125,Frutal,FRU_L3,Maguary_Maracuja,15,17179.32,0.0,7983.0,0.0,9196.32,0.0
125,Frutal,FRU_L3,Fanta_Laranja,1,0.0,0.0,0.0,0.0,0.0,0.0
125,Frutal,FRU_L3,Fanta_Laranja,2,0.0,0.0,0.0,0.0,0.0,0.0
125,Frutal,FRU_L3,Fanta_Laranja,3,0.0,0.0,0.0,0.0,0.0,0.0
125,Frutal,FRU_L3,Fanta_Laranja,4,0.0,0.0,0.0,0.0,0.0,1213.02
125,Frutal,FRU_L3,Fanta_Laranja,5,0.0,0.0,0.0,0.0,0.0,29658.68
125,Frutal,FRU_L3,Fanta_Laranja,6,0.0,0.0,0.0,0.0,0.0,0.0
125,Frutal,FRU_L3,Fanta_Laranja,7,0.0,0.0,23221.66,0.0,0.0,23221.66
125,Frutal,FRU_L3,Fanta_Laranja,8,0.0,0.0,0.0,0.0,0.0,0.0
125,Frutal,FRU_L3,Fanta_Laranja,9,0.0,0.0,0.0,0.0,0.0,35685.13
125,Frutal,FRU_L3,Fanta_Laranja,10,0.0,0.0,0.0,0.0,0.0,0.0
125,Frutal,FRU_L3,Fanta_Laranja,11,0.0,0.0,0.0,0.0,0.0,0.0
125,Frutal,FRU_L3,Fanta_Laranja,12,0.0,0.0,0.0,0.0,0.0,0.0
125,Frutal,FRU_L3,Fanta_Laranja,13,0.0,0.0,0.0,0.0,0.0,0.0
125,Frutal,FRU_L3,Fanta_Laranja,14,0.0,0.0,0.0,0.0,0.0,0.0
125,Frutal,FRU_L3,Fanta_Laranja,15,0.0,0.0,0.0,0.0,0.0,0.0
125,Frutal,FRU_L3,Schweppes_Citrus,1,0.0,0.0,0.0,0.0,0.0,0.0
125,Frutal,FRU_L3,Schweppes_Citrus,2,0.0,0.0,0.0,0.0,0.0,0.0
125,Frutal,FRU_L3,Schweppes_Citrus,3,0.0,0.0,0.0,0.0,0.0,0.0
125,Frutal,FRU_L3,Schweppes_Citrus,4,0.0,0.0,0.0,0.0,0.0,0.0
125,Frutal,FRU_L3,Schweppes_Citrus,5,0.0,0.0,0.0,0.0,0.0,0.0
125,Frutal,FRU_L3,Schweppes_Citrus,6,0.0,0.0,0.0,0.0,0.0,0.0
125,Frutal,FRU_L3,Schweppes_Citrus,7,0.0,0.0,0.0,0.0,0.0,0.0
125,Frutal,FRU_L3,Schweppes_Citrus,8,0.0,0.0,0.0,0.0,0.0,0.0
125,Frutal,FRU_L3,Schweppes_Citrus,9,0.0,0.0,0.0,0.0,0.0,0.0
125,Frutal,FRU_L3,Schweppes_Citrus,10,0.0,0.0,0.0,0.0,0.0,0.0
125,Frutal,FRU_L3,Schweppes_Citrus,11,0.0,0.0,0.0,0.0,0.0,0.0
125,Frutal,FRU_L3,Schweppes_Citrus,12,0.0,0.0,0.0,0.0,0.0,0.0
125,Frutal,FRU_L3,Schweppes_Citrus,13,0.0,0.0,0.0,0.0,0.0,0.0
125,Frutal,FRU_L3,Schweppes_Citrus,14,0.0,0.0,0.0,0.0,0.0,0.0
125,Frutal,FRU_L3,Schweppes_Citrus,15,0.0,0.0,0.0,0.0,0.0,0.0
125,Frutal,FRU_L3,Sprite_Zero,1,0.0,0.0,0.0,0.0,0.0,0.0
125,Frutal,FRU_L3,Sprite_Zero,2,0.0,0.0,0.0,0.0,0.0,0.0
125,Frutal,FRU_L3,Sprite_Zero,3,0.0,0.0,0.0,0.0,0.0,0.0
125,Frutal,FRU_L3,Sprite_Zero,4,0.0,0.0,0.0,0.0,0.0,0.0
125,Frutal,FRU_L3,Sprite_Zero,5,0.0,0.0,0.0,0.0,0.0,0.0
125,Frutal,FRU_L3,Sprite_Zero,6,0.0,0.0,0.0,0.0,0.0,0.0
125,Frutal,FRU_L3,Sprite_Zero,7,0.0,0.0,0.0,0.0,0.0,0.0
125,Frutal,FRU_L3,Sprite_Zero,8,0.0,0.0,0.0,0.0,0.0,0.0
125,Frutal,FRU_L3,Sprite_Zero,9,0.0,0.0,0.0,0.0,0.0,0.0
125,Frutal,FRU_L3,Sprite_Zero,10,0.0,0.0,0.0,0.0,0.0,0.0
125,Frutal,FRU_L3,Sprite_Zero,11,0.0,0.0,0.0,0.0,0.0,45284.53
125,Frutal,FRU_L3,Sprite_Zero,12,0.0,0.0,0.0,0.0,17983.75,17983.75
125,Frutal,FRU_L3,Sprite_Zero,13,0.0,0.0,0.0,0.0,0.0,0.0
125,Frutal,FRU_L3,Sprite_Zero,14,0.0,0.0,46645.35,0.0,0.0,46645.35
125,Frutal,FRU_L3,Sprite_Zero,15,0.0,0.0,0.0,0.0,0.0,0.0
125,Frutal,FRU_L3,Eisenbahn_Pilsen,1,0.0,0.0,0.0,0.0,0.0,0.0
125,Frutal,FRU_L3,Eisenbahn_Pilsen,2,0.0,0.0,15164.07,0.0,0.0,15164.07
125,Frutal,FRU_L3,Eisenbahn_Pilsen,3,0.0,0.0,0.0,0.0,0.0,15126.23
125,Frutal,FRU_L3,Eisenbahn_Pilsen,4,0.0,0.0,3282.86,0.0,0.0,3282.86
125,Frutal,FRU_L3,Eisenbahn_Pilsen,5,0.0,0.0,0.0,0.0,0.0,0.0
125,Frutal,FRU_L3,Eisenbahn_Pilsen,6,0.0,0.0,0.0,0.0,0.0,0.0
125,Frutal,FRU_L3,Eisenbahn_Pilsen,7,0.0,0.0,20532.63,0.0,0.0,20532.63
125,Frutal,FRU_L3,Eisenbahn_Pilsen,8,0.0,0.0,0.0,0.0,0.0,0.0
125,Frutal,FRU_L3,Eisenbahn_Pilsen,9,0.0,0.0,0.0,0.0,0.0,0.0
125,Frutal,FRU_L3,Eisenbahn_Pilsen,10,0.0,0.0,12800.99,0.0,0.0,12800.99
125,Frutal,FRU_L3,Eisenbahn_Pilsen,11,0.0,0.0,19213.02,0.0,0.0,19213.02
125,Frutal,FRU_L3,Eisenbahn_Pilsen,12,0.0,0.0,0.0,0.0,0.0,0.0
125,Frutal,FRU_L3,Eisenbahn_Pilsen,13,0.0,0.0,0.0,0.0,0.0,0.0
125,Frutal,FRU_L3,Eisenbahn_Pilsen,14,0.0,0.0,0.0,0.0,0.0,11407.05
125,Frutal,FRU_L3,Eisenbahn_Pilsen,15,0.0,0.0,0.0,0.0,0.0,0.0
125,Frutal,FRU_L3,Del_Valle_Pessego,1,0.0,0.0,8761.680000000004,37908.619999999995,0.0,8761.680000000004
125,Frutal,FRU_L3,Del_Valle_Pessego,2,0.0,0.0,0.0,0.0,0.0,0.0
125,Frutal,FRU_L3,Del_Valle_Pessego,3,0.0,0.0,0.0,0.0,0.0,0.0
125,Frutal,FRU_L3,Del_Valle_Pessego,4,0.0,0.0,0.0,0.0,0.0,0.0
125,Frutal,FRU_L3,Del_Valle_Pessego,5,0.0,0.0,0.0,0.0,0.0,19431.849999999995
125,Frutal,FRU_L3,Del_Valle_Pessego,6,0.0,0.0,0.0,0.0,0.0,0.0
125,Frutal,FRU_L3,Del_Valle_Pessego,7,0.0,0.0,0.0,0.0,0.0,0.0
125,Frutal,FRU_L3,Del_Valle_Pessego,8,0.0,0.0,12691.15,0.0,0.0,33235.56
125,Frutal,FRU_L3,Del_Valle_Pessego,9,0.0,0.0,0.0,0.0,0.0,0.0
125,Frutal,FRU_L3,Del_Valle_Pessego,10,0.0,0.0,0.0,0.0,0.0,0.0
125,Frutal,FRU_L3,Del_Valle_Pessego,11,0.0,0.0,0.0,0.0,0.0,0.0
125,Frutal,FRU_L3,Del_Valle_Pessego,12,0.0,0.0,0.0,0.0,0.0,17137.32
125,Frutal,FRU_L3,Del_Valle_Pessego,13,0.0,0.0,0.0,0.0,0.0,15192.060000000001
125,Frutal,FRU_L3,Del_Valle_Pessego,14,0.0,0.0,0.0,0.0,0.0,16960.21
125,Frutal,FRU_L3,Del_Valle_Pessego,15,0.0,0.0,20069.329999999987,4033.2800000000134,0.0,20069.329999999987
125,Frutal,FRU_L3,Coca_Cola,1,0.0,0.0,0.0,0.0,0.0,0.0
125,Frutal,FRU_L3,Coca_Cola,2,0.0,0.0,0.0,0.0,0.0,0.0
125,Frutal,FRU_L3,Coca_Cola,3,0.0,0.0,0.0,0.0,0.0,0.0
125,Frutal,FRU_L3,Coca_Cola,4,0.0,0.0,0.0,0.0,0.0,0.0
125,Frutal,FRU_L3,Coca_Cola,5,0.0,0.0,0.0,0.0,0.0,0.0
125,Frutal,FRU_L3,Coca_Cola,6,0.0,0.0,0.0,0.0,0.0,0.0
125,Frutal,FRU_L3,Coca_Cola,7,0.0,0.0,0.0,0.0,0.0,0.0
125,Frutal,FRU_L3,Coca_Cola,8,0.0,0.0,0.0,0.0,0.0,0.0
125,Frutal,FRU_L3,Coca_Cola,9,0.0,0.0,0.0,0.0,0.0,0.0
125,Frutal,FRU_L3,Coca_Cola,10,0.0,0.0,0.0,0.0,0.0,0.0
125,Frutal,FRU_L3,Coca_Cola,11,0.0,0.0,0.0,0.0,0.0,0.0
125,Frutal,FRU_L3,Coca_Cola,12,0.0,0.0,0.0,0.0,0.0,0.0
125,Frutal,FRU_L3,Coca_Cola,13,0.0,0.0,0.0,0.0,0.0,0.0
125,Frutal,FRU_L3,Coca_Cola,14,0.0,0.0,0.0,0.0,0.0,0.0
125,Frutal,FRU_L3,Coca_Cola,15,0.0,0.0,0.0,15224.8,0.0,0.0
125,Frutal,FRU_L3,Amstel_Lata,1,0.0,0.0,0.0,0.0,0.0,0.0
125,Frutal,FRU_L3,Amstel_Lata,2,0.0,0.0,0.0,0.0,0.0,0.0
125,Frutal,FRU_L3,Amstel_Lata,3,0.0,0.0,0.0,0.0,0.0,0.0
125,Frutal,FRU_L3,Amstel_Lata,4,0.0,0.0,0.0,0.0,0.0,0.0
125,Frutal,FRU_L3,Amstel_Lata,5,0.0,0.0,0.0,0.0,0.0,0.0
125,Frutal,FRU_L3,Amstel_Lata,6,0.0,0.0,0.0,0.0,0.0,0.0
125,Frutal,FRU_L3,Amstel_Lata,7,0.0,0.0,0.0,0.0,0.0,0.0
125,Frutal,FRU_L3,Amstel_Lata,8,0.0,0.0,0.0,0.0,0.0,0.0
125,Frutal,FRU_L3,Amstel_Lata,9,0.0,0.0,12791.34,0.0,0.0,12791.34
125,Frutal,FRU_L3,Amstel_Lata,10,0.0,0.0,0.0,0.0,0.0,0.0
125,Frutal,FRU_L3,Amstel_Lata,11,0.0,0.0,14200.15,0.0,0.0,14200.15
125,Frutal,FRU_L3,Amstel_Lata,12,0.0,0.0,0.0,0.0,0.0,0.0
125,Frutal,FRU_L3,Amstel_Lata,13,0.0,0.0,0.0,0.0,0.0,0.0
125,Frutal,FRU_L3,Amstel_Lata,14,0.0,0.0,0.0,0.0,0.0,0.0
125,Frutal,FRU_L3,Amstel_Lata,15,0.0,0.0,0.0,0.0,0.0,0.0
125,Frutal,FRU_L3,Pepsi_Black,1,19500.57,0.0,0.0,0.0,19500.57,0.0
125,Frutal,FRU_L3,Pepsi_Black,2,13083.899999999998,0.0,0.0,0.0,13083.899999999998,22803.44
125,Frutal,FRU_L3,Pepsi_Black,3,39792.0,0.0,0.0,0.0,39792.0,28865.88
125,Frutal,FRU_L3,Pepsi_Black,4,38208.0,0.0,0.0,0.0,38208.0,0.0
125,Frutal,FRU_L3,Pepsi_Black,5,37752.0,0.0,0.0,0.0,37752.0,0.0
125,Frutal,FRU_L3,Pepsi_Black,6,0.0,0.0,0.0,0.0,0.0,26328.6
125,Frutal,FRU_L3,Pepsi_Black,7,0.0,0.0,0.0,0.0,0.0,0.0
125,Frutal,FRU_L3,Pepsi_Black,8,0.0,0.0,0.0,0.0,0.0,0.0
125,Frutal,FRU_L3,Pepsi_Black,9,0.0,0.0,16903.12,0.0,0.0,38983.509999999995
125,Frutal,FRU_L3,Pepsi_Black,10,0.0,0.0,0.0,0.0,0.0,0.0
125,Frutal,FRU_L3,Pepsi_Black,11,38832.0,0.0,0.0,0.0,38832.00000000001,0.0
125,Frutal,FRU_L3,Pepsi_Black,12,0.0,0.0,0.0,0.0,0.0,14078.24
125,Frutal,FRU_L3,Pepsi_Black,13,25687.61,0.0,0.0,0.0,25687.61,30187.91
125,Frutal,FRU_L3,Pepsi_Black,14,16952.51,0.0,0.0,0.0,16952.51,0.0
125,Frutal,FRU_L3,Pepsi_Black,15,9855.770000000008,0.0,0.0,0.0,9855.770000000008,0.0
125,Frutal,FRU_L3,Del_Valle_Laranja,1,0.0,0.0,0.0,0.0,0.0,0.0
125,Frutal,FRU_L3,Del_Valle_Laranja,2,20616.220000000005,0.0,0.0,0.0,20616.220000000005,0.0
125,Frutal,FRU_L3,Del_Valle_Laranja,3,0.0,0.0,0.0,0.0,0.0,0.0
125,Frutal,FRU_L3,Del_Valle_Laranja,4,0.0,0.0,0.0,0.0,0.0,9326.73
125,Frutal,FRU_L3,Del_Valle_Laranja,5,0.0,0.0,0.0,0.0,0.0,0.0
125,Frutal,FRU_L3,Del_Valle_Laranja,6,0.0,0.0,0.0,0.0,0.0,0.0
125,Frutal,FRU_L3,Del_Valle_Laranja,7,0.0,0.0,0.0,0.0,0.0,0.0
125,Frutal,FRU_L3,Del_Valle_Laranja,8,0.0,0.0,0.0,0.0,0.0,45682.69
125,Frutal,FRU_L3,Del_Valle_Laranja,9,0.0,0.0,0.0,0.0,0.0,0.0
125,Frutal,FRU_L3,Del_Valle_Laranja,10,0.0,0.0,0.0,0.0,0.0,34916.76
125,Frutal,FRU_L3,Del_Valle_Laranja,11,0.0,0.0,0.0,0.0,0.0,0.0
125,Frutal,FRU_L3,Del_Valle_Laranja,12,8494.510000000002,0.0,16398.93,0.0,0.0,7904.419999999998
125,Frutal,FRU_L3,Del_Valle_Laranja,13,0.0,0.0,0.0,0.0,0.0,0.0
125,Frutal,FRU_L3,Del_Valle_Laranja,14,11837.490000000005,0.0,0.0,0.0,11837.490000000003,0.0
125,Frutal,FRU_L3,Del_Valle_Laranja,15,10860.909999999993,0.0,0.0,0.0,10860.909999999993,0.0
125,Frutal,FRU_L3,Itubaina,1,0.0,0.0,0.0,0.0,0.0,0.0
125,Frutal,FRU_L3,Itubaina,2,0.0,0.0,0.0,0.0,0.0,0.0
125,Frutal,FRU_L3,Itubaina,3,0.0,0.0,50456.5,0.0,0.0,50456.5
125,Frutal,FRU_L3,Itubaina,4,0.0,0.0,0.0,0.0,0.0,0.0
125,Frutal,FRU_L3,Itubaina,5,0.0,0.0,0.0,0.0,0.0,0.0
125,Frutal,FRU_L3,Itubaina,6,0.0,0.0,0.0,0.0,0.0,0.0
125,Frutal,FRU_L3,Itubaina,7,0.0,0.0,0.0,0.0,0.0,42613.98
125,Frutal,FRU_L3,Itubaina,8,0.0,0.0,0.0,0.0,0.0,0.0
125,Frutal,FRU_L3,Itubaina,9,0.0,0.0,0.0,0.0,0.0,0.0
125,Frutal,FRU_L3,Itubaina,10,0.0,0.0,30655.41,0.0,0.0,30655.41
125,Frutal,FRU_L3,Itubaina,11,0.0,0.0,0.0,0.0,0.0,26023.06
125,Frutal,FRU_L3,Itubaina,12,0.0,0.0,0.0,0.0,0.0,0.0
125,Frutal,FRU_L3,Itubaina,13,0.0,0.0,0.0,0.0,0.0,0.0
125,Frutal,FRU_L3,Itubaina,14,0.0,0.0,0.0,0.0,0.0,0.0
125,Frutal,FRU_L3,Itubaina,15,0.0,0.0,0.0,0.0,0.0,0.0
125,Frutal,FRU_L3,Stella_Artois_Pure_Gold,1,0.0,0.0,0.0,0.0,23602.309999999994,23602.309999999994
125,Frutal,FRU_L3,Stella_Artois_Pure_Gold,2,0.0,0.0,0.0,0.0,0.0,0.0
125,Frutal,FRU_L3,Stella_Artois_Pure_Gold,3,0.0,0.0,0.0,0.0,0.0,0.0
125,Frutal,FRU_L3,Stella_Artois_Pure_Gold,4,0.0,0.0,0.0,0.0,0.0,0.0
125,Frutal,FRU_L3,Stella_Artois_Pure_Gold,5,0.0,0.0,0.0,0.0,0.0,0.0
125,Frutal,FRU_L3,Stella_Artois_Pure_Gold,6,0.0,0.0,0.0,0.0,0.0,14915.18
125,Frutal,FRU_L3,Stella_Artois_Pure_Gold,7,0.0,0.0,0.0,0.0,20929.720000000012,20929.720000000012
125,Frutal,FRU_L3,Stella_Artois_Pure_Gold,8,0.0,0.0,35084.17,0.0,0.0,35084.17
125,Frutal,FRU_L3,Stella_Artois_Pure_Gold,9,0.0,0.0,0.0,0.0,0.0,0.0
125,Frutal,FRU_L3,Stella_Artois_Pure_Gold,10,0.0,0.0,0.0,0.0,0.0,0.0
125,Frutal,FRU_L3,Stella_Artois_Pure_Gold,11,0.0,0.0,0.0,0.0,0.0,0.0
125,Frutal,FRU_L3,Stella_Artois_Pure_Gold,12,0.0,0.0,0.0,0.0,0.0,0.0
125,Frutal,FRU_L3,Stella_Artois_Pure_Gold,13,0.0,0.0,0.0,0.0,0.0,0.0
125,Frutal,FRU_L3,Stella_Artois_Pure_Gold,14,0.0,0.0,0.0,0.0,11990.909999999987,0.0
125,Frutal,FRU_L3,Stella_Artois_Pure_Gold,15,0.0,0.0,0.0,0.0,26634.09999999999,0.0
125,Frutal,FRU_L3,Maguary_Caju,1,0.0,0.0,0.0,0.0,0.0,0.0
125,Frutal,FRU_L3,Maguary_Caju,2,0.0,0.0,0.0,0.0,0.0,0.0
125,Frutal,FRU_L3,Maguary_Caju,3,0.0,0.0,0.0,0.0,0.0,0.0
125,Frutal,FRU_L3,Maguary_Caju,4,0.0,0.0,0.0,0.0,0.0,0.0
125,Frutal,FRU_L3,Maguary_Caju,5,0.0,0.0,36432.0,814.2300000000032,0.0,36432.0
125,Frutal,FRU_L3,Maguary_Caju,6,0.0,0.0,0.0,0.0,0.0,0.0
125,Frutal,FRU_L3,Maguary_Caju,7,0.0,0.0,0.0,0.0,0.0,0.0
125,Frutal,FRU_L3,Maguary_Caju,8,0.0,0.0,0.0,0.0,0.0,0.0
125,Frutal,FRU_L3,Maguary_Caju,9,0.0,0.0,0.0,18552.35,0.0,0.0
125,Frutal,FRU_L3,Maguary_Caju,10,0.0,0.0,0.0,0.0,0.0,0.0
125,Frutal,FRU_L3,Maguary_Caju,11,0.0,0.0,0.0,0.0,0.0,0.0
125,Frutal,FRU_L3,Maguary_Caju,12,0.0,0.0,0.0,0.0,0.0,0.0
125,Frutal,FRU_L3,Maguary_Caju,13,0.0,0.0,0.0,0.0,0.0,0.0
125,Frutal,FRU_L3,Maguary_Caju,14,0.0,0.0,0.0,0.0,0.0,0.0
125,Frutal,FRU_L3,Maguary_Caju,15,0.0,0.0,0.0,0.0,0.0,0.0
125,Frutal,FRU_L3,Coca_Cola_Zero,1,0.0,0.0,0.0,0.0,0.0,0.0
125,Frutal,FRU_L3,Coca_Cola_Zero,2,0.0,0.0,0.0,0.0,0.0,0.0
125,Frutal,FRU_L3,Coca_Cola_Zero,3,0.0,0.0,0.0,0.0,0.0,0.0
125,Frutal,FRU_L3,Coca_Cola_Zero,4,0.0,0.0,0.0,0.0,0.0,40667.3
125,Frutal,FRU_L3,Coca_Cola_Zero,5,0.0,0.0,0.0,0.0,0.0,0.0
125,Frutal,FRU_L3,Coca_Cola_Zero,6,0.0,0.0,47157.34,0.0,0.0,69749.26999999999
125,Frutal,FRU_L3,Coca_Cola_Zero,7,0.0,0.0,0.0,0.0,0.0,23150.92
125,Frutal,FRU_L3,Coca_Cola_Zero,8,0.0,0.0,0.0,0.0,0.0,0.0
125,Frutal,FRU_L3,Coca_Cola_Zero,9,0.0,0.0,0.0,0.0,0.0,0.0
125,Frutal,FRU_L3,Coca_Cola_Zero,10,0.0,0.0,0.0,0.0,0.0,0.0
125,Frutal,FRU_L3,Coca_Cola_Zero,11,0.0,0.0,0.0,0.0,0.0,0.0
125,Frutal,FRU_L3,Coca_Cola_Zero,12,0.0,0.0,0.0,0.0,0.0,0.0
125,Frutal,FRU_L3,Coca_Cola_Zero,13,0.0,0.0,53645.04,0.0,0.0,69824.65
125,Frutal,FRU_L3,Coca_Cola_Zero,14,0.0,0.0,0.0,0.0,26953.11,26953.11
125,Frutal,FRU_L3,Coca_Cola_Zero,15,0.0,0.0,0.0,0.0,0.0,0.0
125,Frutal,FRU_L3,Pepsi,1,0.0,0.0,0.0,0.0,0.0,0.0
125,Frutal,FRU_L3,Pepsi,2,0.0,12655.809999999998,0.0,0.0,0.0,12655.809999999998
125,Frutal,FRU_L3,Pepsi,3,0.0,0.0,0.0,0.0,12655.809999999998,0.0
125,Frutal,FRU_L3,Pepsi,4,0.0,17873.250000000007,0.0,0.0,0.0,17873.250000000007
125,Frutal,FRU_L3,Pepsi,5,0.0,9618.130000000016,0.0,0.0,8255.119999999992,0.0
125,Frutal,FRU_L3,Pepsi,6,0.0,0.0,0.0,0.0,9618.130000000016,0.0
125,Frutal,FRU_L3,Pepsi,7,0.0,0.0,0.0,0.0,0.0,0.0
125,Frutal,FRU_L3,Pepsi,8,0.0,0.0,0.0,0.0,0.0,0.0
125,Frutal,FRU_L3,Pepsi,9,0.0,0.0,0.0,0.0,0.0,0.0
125,Frutal,FRU_L3,Pepsi,10,0.0,0.0,0.0,0.0,0.0,0.0
125,Frutal,FRU_L3,Pepsi,11,0.0,0.0,0.0,0.0,0.0,0.0
125,Frutal,FRU_L3,Pepsi,12,0.0,0.0,0.0,0.0,0.0,0.0
125,Frutal,FRU_L3,Pepsi,13,0.0,24734.019999999997,0.0,0.0,0.0,24734.019999999997
125,Frutal,FRU_L3,Pepsi,14,0.0,0.0,0.0,0.0,24734.019999999997,0.0
125,Frutal,FRU_L3,Pepsi,15,0.0,0.0,0.0,0.0,0.0,0.0
125,Frutal,FRU_L3,Antarctica_Lata,1,0.0,0.0,0.0,0.0,0.0,43908.39
125,Frutal,FRU_L3,Antarctica_Lata,2,0.0,0.0,0.0,0.0,0.0,0.0
125,Frutal,FRU_L3,Antarctica_Lata,3,0.0,0.0,0.0,0.0,0.0,0.0
125,Frutal,FRU_L3,Antarctica_Lata,4,0.0,0.0,0.0,0.0,0.0,0.0
125,Frutal,FRU_L3,Antarctica_Lata,5,0.0,0.0,0.0,0.0,0.0,0.0
125,Frutal,FRU_L3,Antarctica_Lata,6,0.0,0.0,0.0,0.0,0.0,0.0
125,Frutal,FRU_L3,Antarctica_Lata,7,0.0,0.0,0.0,0.0,0.0,0.0
125,Frutal,FRU_L3,Antarctica_Lata,8,0.0,0.0,0.0,0.0,0.0,0.0
125,Frutal,FRU_L3,Antarctica_Lata,9,0.0,0.0,0.0,0.0,0.0,3067.93
125,Frutal,FRU_L3,Antarctica_Lata,10,0.0,0.0,0.0,0.0,0.0,0.0
125,Frutal,FRU_L3,Antarctica_Lata,11,0.0,0.0,0.0,0.0,0.0,0.0
125,Frutal,FRU_L3,Antarctica_Lata,12,0.0,0.0,0.0,0.0,0.0,0.0
125,Frutal,FRU_L3,Antarctica_Lata,13,0.0,0.0,0.0,0.0,0.0,0.0
125,Frutal,FRU_L3,Antarctica_Lata,14,0.0,0.0,0.0,0.0,0.0,0.0
125,Frutal,FRU_L3,Antarctica_Lata,15,0.0,0.0,0.0,0.0,0.0,0.0
125,Frutal,FRU_L3,Spaten_Lata,1,0.0,0.0,0.0,0.0,0.0,0.0
125,Frutal,FRU_L3,Spaten_Lata,2,0.0,0.0,0.0,0.0,0.0,1710.93
125,Frutal,FRU_L3,Spaten_Lata,3,0.0,0.0,0.0,0.0,0.0,0.0
125,Frutal,FRU_L3,Spaten_Lata,4,0.0,0.0,0.0,0.0,0.0,0.0
125,Frutal,FRU_L3,Spaten_Lata,5,0.0,0.0,0.0,0.0,0.0,0.0
125,Frutal,FRU_L3,Spaten_Lata,6,0.0,0.0,0.0,0.0,0.0,429.6499999999978
125,Frutal,FRU_L3,Spaten_Lata,7,0.0,0.0,0.0,0.0,429.6499999999978,0.0
125,Frutal,FRU_L3,Spaten_Lata,8,0.0,0.0,0.0,0.0,0.0,0.0
125,Frutal,FRU_L3,Spaten_Lata,9,0.0,0.0,0.0,0.0,0.0,0.0
125,Frutal,FRU_L3,Spaten_Lata,10,0.0,0.0,0.0,0.0,0.0,0.0
125,Frutal,FRU_L3,Spaten_Lata,11,0.0,0.0,13968.55,0.0,0.0,13968.55
125,Frutal,FRU_L3,Spaten_Lata,12,0.0,0.0,0.0,0.0,0.0,0.0
125,Frutal,FRU_L3,Spaten_Lata,13,0.0,0.0,0.0,0.0,0.0,0.0
125,Frutal,FRU_L3,Spaten_Lata,14,0.0,0.0,0.0,0.0,0.0,0.0
125,Frutal,FRU_L3,Spaten_Lata,15,0.0,0.0,0.0,0.0,0.0,0.0
125,Frutal,FRU_L3,Heineken_Lata,1,0.0,0.0,0.0,0.0,0.0,0.0
125,Frutal,FRU_L3,Heineken_Lata,2,0.0,0.0,0.0,0.0,0.0,13686.479999999998
125,Frutal,FRU_L3,Heineken_Lata,3,0.0,0.0,0.0,0.0,0.0,6743.920000000011
125,Frutal,FRU_L3,Heineken_Lata,4,0.0,0.0,0.0,0.0,20430.40000000001,0.0
125,Frutal,FRU_L3,Heineken_Lata,5,0.0,0.0,0.0,0.0,0.0,9646.460000000003
125,Frutal,FRU_L3,Heineken_Lata,6,0.0,0.0,0.0,0.0,9646.460000000003,0.0
125,Frutal,FRU_L3,Heineken_Lata,7,0.0,0.0,0.0,0.0,0.0,0.0
125,Frutal,FRU_L3,Heineken_Lata,8,0.0,0.0,0.0,0.0,0.0,0.0
125,Frutal,FRU_L3,Heineken_Lata,9,0.0,0.0,0.0,0.0,0.0,9416.79
125,Frutal,FRU_L3,Heineken_Lata,10,0.0,0.0,0.0,0.0,9416.79,0.0
125,Frutal,FRU_L3,Heineken_Lata,11,0.0,0.0,0.0,0.0,0.0,0.0
125,Frutal,FRU_L3,Heineken_Lata,12,0.0,0.0,0.0,0.0,0.0,0.0
125,Frutal,FRU_L3,Heineken_Lata,13,0.0,0.0,0.0,0.0,0.0,0.0
125,Frutal,FRU_L3,Heineken_Lata,14,0.0,0.0,0.0,0.0,0.0,0.0
125,Frutal,FRU_L3,Heineken_Lata,15,0.0,0.0,0.0,0.0,0.0,39120.0
125,Frutal,FRU_L3,Sukita_Laranja,1,0.0,0.0,0.0,0.0,0.0,0.0
125,Frutal,FRU_L3,Sukita_Laranja,2,0.0,0.0,0.0,0.0,0.0,0.0
125,Frutal,FRU_L3,Sukita_Laranja,3,0.0,0.0,0.0,0.0,0.0,0.0
125,Frutal,FRU_L3,Sukita_Laranja,4,0.0,0.0,0.0,0.0,0.0,0.0
125,Frutal,FRU_L3,Sukita_Laranja,5,0.0,0.0,0.0,9214.85,0.0,0.0
125,Frutal,FRU_L3,Sukita_Laranja,6,0.0,0.0,0.0,0.0,0.0,0.0
125,Frutal,FRU_L3,Sukita_Laranja,7,0.0,0.0,0.0,0.0,0.0,0.0
125,Frutal,FRU_L3,Sukita_Laranja,8,0.0,0.0,0.0,0.0,0.0,29428.67
125,Frutal,FRU_L3,Sukita_Laranja,9,0.0,0.0,0.0,0.0,0.0,0.0
125,Frutal,FRU_L3,Sukita_Laranja,10,0.0,0.0,0.0,0.0,0.0,0.0
125,Frutal,FRU_L3,Sukita_Laranja,11,0.0,0.0,0.0,0.0,0.0,0.0
125,Frutal,FRU_L3,Sukita_Laranja,12,0.0,0.0,0.0,0.0,0.0,0.0
125,Frutal,FRU_L3,Sukita_Laranja,13,0.0,0.0,0.0,0.0,0.0,0.0
125,Frutal,FRU_L3,Sukita_Laranja,14,0.0,0.0,0.0,0.0,0.0,0.0
125,Frutal,FRU_L3,Sukita_Laranja,15,0.0,0.0,0.0,0.0,0.0,0.0
125,Frutal,FRU_L3,H2OH_Limao,1,0.0,0.0,0.0,0.0,0.0,0.0
125,Frutal,FRU_L3,H2OH_Limao,2,0.0,0.0,0.0,0.0,0.0,0.0
125,Frutal,FRU_L3,H2OH_Limao,3,0.0,0.0,0.0,0.0,0.0,0.0
125,Frutal,FRU_L3,H2OH_Limao,4,0.0,0.0,0.0,0.0,0.0,0.0
125,Frutal,FRU_L3,H2OH_Limao,5,0.0,0.0,0.0,0.0,0.0,0.0
125,Frutal,FRU_L3,H2OH_Limao,6,0.0,0.0,0.0,0.0,0.0,0.0
125,Frutal,FRU_L3,H2OH_Limao,7,0.0,0.0,0.0,0.0,0.0,0.0
125,Frutal,FRU_L3,H2OH_Limao,8,0.0,0.0,0.0,0.0,0.0,0.0
125,Frutal,FRU_L3,H2OH_Limao,9,0.0,0.0,0.0,0.0,0.0,0.0
125,Frutal,FRU_L3,H2OH_Limao,10,0.0,0.0,0.0,0.0,0.0,0.0
125,Frutal,FRU_L3,H2OH_Limao,11,0.0,0.0,0.0,0.0,0.0,0.0
125,Frutal,FRU_L3,H2OH_Limao,12,0.0,0.0,0.0,0.0,0.0,0.0
125,Frutal,FRU_L3,H2OH_Limao,13,0.0,0.0,0.0,0.0,0.0,16432.13
125,Frutal,FRU_L3,H2OH_Limao,14,0.0,0.0,0.0,0.0,0.0,0.0
125,Frutal,FRU_L3,H2OH_Limao,15,0.0,0.0,0.0,0.0,0.0,0.0
125,Frutal,FRU_L3,Budweiser_Lata,1,0.0,0.0,0.0,0.0,33861.47,0.0
125,Frutal,FRU_L3,Budweiser_Lata,2,0.0,0.0,0.0,0.0,36936.0,0.0
125,Frutal,FRU_L3,Budweiser_Lata,3,0.0,0.0,0.0,0.0,41837.14,3053.1399999999994
125,Frutal,FRU_L3,Budweiser_Lata,4,0.0,0.0,0.0,0.0,38231.99999999999,0.0
125,Frutal,FRU_L3,Budweiser_Lata,5,0.0,0.0,0.0,0.0,0.0,0.0
125,Frutal,FRU_L3,Budweiser_Lata,6,0.0,0.0,0.0,0.0,230.5099999999984,0.0
125,Frutal,FRU_L3,Budweiser_Lata,7,0.0,0.0,0.0,0.0,0.0,0.0
125,Frutal,FRU_L3,Budweiser_Lata,8,0.0,0.0,0.0,0.0,27835.18,0.0
125,Frutal,FRU_L3,Budweiser_Lata,9,0.0,0.0,0.0,0.0,39240.0,0.0
125,Frutal,FRU_L3,Budweiser_Lata,10,0.0,0.0,0.0,0.0,38928.0,0.0
125,Frutal,FRU_L3,Budweiser_Lata,11,0.0,0.0,0.0,0.0,16305.34,0.0
125,Frutal,FRU_L3,Budweiser_Lata,12,0.0,0.0,0.0,0.0,36960.0,0.0
125,Frutal,FRU_L3,Budweiser_Lata,13,0.0,0.0,0.0,0.0,37272.0,0.0
125,Frutal,FRU_L3,Budweiser_Lata,14,0.0,0.0,0.0,0.0,15872.740000000009,0.0
125,Frutal,FRU_L3,Budweiser_Lata,15,0.0,0.0,0.0,0.0,37608.0,0.0
125,Frutal,FRU_L3,Kuat,1,0.0,0.0,0.0,0.0,0.0,47738.87
125,Frutal,FRU_L3,Kuat,2,0.0,0.0,0.0,0.0,20950.38,20950.38
125,Frutal,FRU_L3,Kuat,3,0.0,0.0,0.0,0.0,0.0,18791.21
125,Frutal,FRU_L3,Kuat,4,0.0,0.0,0.0,0.0,18101.18,18101.18
125,Frutal,FRU_L3,Kuat,5,0.0,0.0,0.0,0.0,0.0,0.0
125,Frutal,FRU_L3,Kuat,6,0.0,0.0,0.0,0.0,0.0,0.0
125,Frutal,FRU_L3,Kuat,7,0.0,0.0,7166.45,0.0,0.0,7166.45
125,Frutal,FRU_L3,Kuat,8,0.0,0.0,0.0,0.0,0.0,0.0
125,Frutal,FRU_L3,Kuat,9,0.0,0.0,0.0,0.0,0.0,4618.15
125,Frutal,FRU_L3,Kuat,10,0.0,0.0,0.0,0.0,0.0,0.0
125,Frutal,FRU_L3,Kuat,11,0.0,0.0,0.0,0.0,0.0,0.0
125,Frutal,FRU_L3,Kuat,12,0.0,0.0,0.0,0.0,0.0,0.0
125,Frutal,FRU_L3,Kuat,13,0.0,0.0,0.0,0.0,24681.94,24681.94
125,Frutal,FRU_L3,Kuat,14,0.0,0.0,0.0,0.0,0.0,0.0
125,Frutal,FRU_L3,Kuat,15,0.0,0.0,0.0,0.0,0.0,0.0
125,Frutal,FRU_L3,Fanta_Uva,1,0.0,0.0,0.0,0.0,0.0,0.0
125,Frutal,FRU_L3,Fanta_Uva,2,0.0,0.0,0.0,0.0,0.0,0.0
125,Frutal,FRU_L3,Fanta_Uva,3,0.0,0.0,0.0,0.0,0.0,0.0
125,Frutal,FRU_L3,Fanta_Uva,4,0.0,0.0,0.0,0.0,0.0,0.0
125,Frutal,FRU_L3,Fanta_Uva,5,0.0,0.0,0.0,0.0,0.0,0.0
125,Frutal,FRU_L3,Fanta_Uva,6,0.0,0.0,0.0,0.0,0.0,0.0
125,Frutal,FRU_L3,Fanta_Uva,7,0.0,0.0,0.0,0.0,0.0,0.0
125,Frutal,FRU_L3,Fanta_Uva,8,0.0,0.0,0.0,0.0,0.0,0.0
125,Frutal,FRU_L3,Fanta_Uva,9,0.0,0.0,0.0,0.0,0.0,0.0
125,Frutal,FRU_L3,Fanta_Uva,10,0.0,0.0,0.0,0.0,0.0,0.0
125,Frutal,FRU_L3,Fanta_Uva,11,0.0,0.0,0.0,0.0,0.0,0.0
125,Frutal,FRU_L3,Fanta_Uva,12,0.0,0.0,0.0,0.0,0.0,24250.869999999988
125,Frutal,FRU_L3,Fanta_Uva,13,0.0,0.0,0.0,0.0,0.0,0.0
125,Frutal,FRU_L3,Fanta_Uva,14,0.0,0.0,0.0,0.0,0.0,0.0
125,Frutal,FRU_L3,Fanta_Uva,15,0.0,0.0,0.0,0.0,0.0,0.0
125,Frutal,FRU_L3,Sprite,1,0.0,0.0,0.0,0.0,0.0,0.0
125,Frutal,FRU_L3,Sprite,2,0.0,0.0,0.0,0.0,0.0,6261.160000000003
125,Frutal,FRU_L3,Sprite,3,0.0,0.0,0.0,0.0,0.0,0.0
125,Frutal,FRU_L3,Sprite,4,0.0,0.0,37248.0,6022.040000000001,0.0,37248.0
125,Frutal,FRU_L3,Sprite,5,0.0,0.0,0.0,0.0,0.0,0.0
125,Frutal,FRU_L3,Sprite,6,0.0,0.0,0.0,0.0,0.0,0.0
125,Frutal,FRU_L3,Sprite,7,0.0,0.0,0.0,0.0,0.0,0.0
125,Frutal,FRU_L3,Sprite,8,0.0,0.0,0.0,0.0,0.0,0.0
125,Frutal,FRU_L3,Sprite,9,0.0,0.0,0.0,0.0,0.0,0.0
125,Frutal,FRU_L3,Sprite,10,0.0,0.0,3491.0,0.0,0.0,3491.0
125,Frutal,FRU_L3,Sprite,11,0.0,0.0,0.0,0.0,0.0,0.0
125,Frutal,FRU_L3,Sprite,12,0.0,0.0,21597.61,15041.900000000001,0.0,21597.61
125,Frutal,FRU_L3,Sprite,13,0.0,0.0,0.0,0.0,0.0,0.0
125,Frutal,FRU_L3,Sprite,14,0.0,0.0,0.0,0.0,0.0,0.0
125,Frutal,FRU_L3,Sprite,15,0.0,0.0,0.0,0.0,0.0,0.0
125,Frutal,FRU_L3,Skol_Lata,1,0.0,0.0,0.0,0.0,0.0,0.0
125,Frutal,FRU_L3,Skol_Lata,2,0.0,0.0,0.0,0.0,0.0,0.0
125,Frutal,FRU_L3,Skol_Lata,3,0.0,0.0,0.0,0.0,0.0,0.0
125,Frutal,FRU_L3,Skol_Lata,4,0.0,0.0,0.0,0.0,0.0,4448.94
125,Frutal,FRU_L3,Skol_Lata,5,0.0,0.0,0.0,0.0,0.0,0.0
125,Frutal,FRU_L3,Skol_Lata,6,0.0,0.0,0.0,0.0,0.0,0.0
125,Frutal,FRU_L3,Skol_Lata,7,0.0,0.0,0.0,0.0,0.0,0.0
125,Frutal,FRU_L3,Skol_Lata,8,0.0,0.0,0.0,0.0,0.0,0.0
125,Frutal,FRU_L3,Skol_Lata,9,0.0,0.0,0.0,0.0,0.0,0.0
125,Frutal,FRU_L3,Skol_Lata,10,0.0,0.0,0.0,0.0,0.0,0.0
125,Frutal,FRU_L3,Skol_Lata,11,0.0,0.0,0.0,0.0,0.0,0.0
125,Frutal,FRU_L3,Skol_Lata,12,0.0,0.0,0.0,0.0,0.0,0.0
125,Frutal,FRU_L3,Skol_Lata,13,0.0,0.0,0.0,0.0,0.0,0.0
125,Frutal,FRU_L3,Skol_Lata,14,0.0,0.0,0.0,1964.71,0.0,0.0
125,Frutal,FRU_L3,Skol_Lata,15,0.0,0.0,0.0,0.0,0.0,0.0
125,Frutal,FRU_L3,Guarana_Antarctica,1,0.0,0.0,0.0,0.0,0.0,0.0
125,Frutal,FRU_L3,Guarana_Antarctica,2,0.0,0.0,0.0,0.0,0.0,0.0
125,Frutal,FRU_L3,Guarana_Antarctica,3,0.0,0.0,0.0,0.0,0.0,0.0
125,Frutal,FRU_L3,Guarana_Antarctica,4,0.0,0.0,0.0,0.0,0.0,0.0
125,Frutal,FRU_L3,Guarana_Antarctica,5,0.0,0.0,0.0,0.0,0.0,0.0
125,Frutal,FRU_L3,Guarana_Antarctica,6,0.0,0.0,0.0,0.0,0.0,0.0
125,Frutal,FRU_L3,Guarana_Antarctica,7,0.0,0.0,0.0,0.0,0.0,0.0
125,Frutal,FRU_L3,Guarana_Antarctica,8,0.0,0.0,0.0,0.0,0.0,0.0
125,Frutal,FRU_L3,Guarana_Antarctica,9,0.0,0.0,0.0,0.0,0.0,0.0
125,Frutal,FRU_L3,Guarana_Antarctica,10,0.0,0.0,0.0,0.0,0.0,0.0
125,Frutal,FRU_L3,Guarana_Antarctica,11,0.0,0.0,0.0,0.0,0.0,0.0
125,Frutal,FRU_L3,Guarana_Antarctica,12,0.0,0.0,0.0,0.0,0.0,0.0
125,Frutal,FRU_L3,Guarana_Antarctica,13,0.0,0.0,0.0,0.0,0.0,0.0
125,Frutal,FRU_L3,Guarana_Antarctica,14,0.0,0.0,0.0,0.0,0.0,0.0
125,Frutal,FRU_L3,Guarana_Antarctica,15,0.0,0.0,0.0,0.0,0.0,0.0
125,Frutal,FRU_L3,Guarana_Antarctica_Zero,1,0.0,0.0,0.0,0.0,5618.529999999997,0.0
125,Frutal,FRU_L3,Guarana_Antarctica_Zero,2,0.0,0.0,0.0,0.0,0.0,0.0
125,Frutal,FRU_L3,Guarana_Antarctica_Zero,3,0.0,0.0,0.0,0.0,14571.219999999954,0.0
125,Frutal,FRU_L3,Guarana_Antarctica_Zero,4,0.0,0.0,0.0,0.0,0.0,0.0
125,Frutal,FRU_L3,Guarana_Antarctica_Zero,5,0.0,0.0,0.0,0.0,23114.35000000004,0.0
125,Frutal,FRU_L3,Guarana_Antarctica_Zero,6,0.0,0.0,0.0,0.0,26513.399999999998,0.0
125,Frutal,FRU_L3,Guarana_Antarctica_Zero,7,0.0,0.0,0.0,0.0,36528.0,0.0
125,Frutal,FRU_L3,Guarana_Antarctica_Zero,8,0.0,0.0,0.0,0.0,0.0,0.0
125,Frutal,FRU_L3,Guarana_Antarctica_Zero,9,0.0,0.0,0.0,0.0,0.0,0.0
125,Frutal,FRU_L3,Guarana_Antarctica_Zero,10,0.0,0.0,0.0,0.0,0.0,17489.03
125,Frutal,FRU_L3,Guarana_Antarctica_Zero,11,0.0,0.0,0.0,0.0,1495.7400000000011,0.0
125,Frutal,FRU_L3,Guarana_Antarctica_Zero,12,0.0,0.0,0.0,0.0,0.0,0.0
125,Frutal,FRU_L3,Guarana_Antarctica_Zero,13,0.0,0.0,0.0,0.0,0.0,0.0
125,Frutal,FRU_L3,Guarana_Antarctica_Zero,14,0.0,0.0,0.0,0.0,46944.350000000006,0.0
125,Frutal,FRU_L3,Guarana_Antarctica_Zero,15,0.0,0.0,0.0,0.0,0.0,0.0
125,Frutal,FRU_L3,Del_Valle_Uva,1,0.0,0.0,0.0,0.0,0.0,0.0
125,Frutal,FRU_L3,Del_Valle_Uva,2,0.0,0.0,0.0,0.0,0.0,18318.44
125,Frutal,FRU_L3,Del_Valle_Uva,3,0.0,0.0,0.0,0.0,0.0,0.0
125,Frutal,FRU_L3,Del_Valle_Uva,4,0.0,0.0,0.0,0.0,0.0,0.0
125,Frutal,FRU_L3,Del_Valle_Uva,5,0.0,0.0,0.0,0.0,0.0,0.0
125,Frutal,FRU_L3,Del_Valle_Uva,6,0.0,0.0,0.0,0.0,0.0,0.0
125,Frutal,FRU_L3,Del_Valle_Uva,7,0.0,0.0,0.0,0.0,0.0,0.0
125,Frutal,FRU_L3,Del_Valle_Uva,8,0.0,0.0,0.0,0.0,0.0,0.0
125,Frutal,FRU_L3,Del_Valle_Uva,9,0.0,0.0,0.0,0.0,0.0,0.0
125,Frutal,FRU_L3,Del_Valle_Uva,10,0.0,0.0,0.0,0.0,0.0,0.0
125,Frutal,FRU_L3,Del_Valle_Uva,11,0.0,0.0,0.0,0.0,0.0,0.0
125,Frutal,FRU_L3,Del_Valle_Uva,12,0.0,0.0,0.0,0.0,0.0,0.0
125,Frutal,FRU_L3,Del_Valle_Uva,13,0.0,0.0,0.0,0.0,0.0,13403.04
125,Frutal,FRU_L3,Del_Valle_Uva,14,0.0,0.0,0.0,0.0,0.0,0.0
125,Frutal,FRU_L3,Del_Valle_Uva,15,0.0,0.0,0.0,0.0,0.0,46448.88
125,Frutal,FRU_L3,Brahma_Lata,1,0.0,0.0,0.0,0.0,0.0,0.0
125,Frutal,FRU_L3,Brahma_Lata,2,0.0,0.0,30729.62,0.0,0.0,30729.62
125,Frutal,FRU_L3,Brahma_Lata,3,0.0,0.0,0.0,0.0,0.0,0.0
125,Frutal,FRU_L3,Brahma_Lata,4,0.0,0.0,0.0,0.0,0.0,0.0
125,Frutal,FRU_L3,Brahma_Lata,5,0.0,0.0,0.0,0.0,0.0,22598.88
125,Frutal,FRU_L3,Brahma_Lata,6,0.0,0.0,0.0,0.0,0.0,0.0
125,Frutal,FRU_L3,Brahma_Lata,7,0.0,0.0,0.0,0.0,0.0,0.0
125,Frutal,FRU_L3,Brahma_Lata,8,0.0,0.0,0.0,0.0,0.0,0.0
125,Frutal,FRU_L3,Brahma_Lata,9,0.0,0.0,0.0,0.0,0.0,0.0
125,Frutal,FRU_L3,Brahma_Lata,10,0.0,0.0,0.0,0.0,0.0,0.0
125,Frutal,FRU_L3,Brahma_Lata,11,0.0,0.0,0.0,0.0,0.0,0.0
125,Frutal,FRU_L3,Brahma_Lata,12,0.0,0.0,0.0,0.0,0.0,0.0
125,Frutal,FRU_L3,Brahma_Lata,13,0.0,0.0,0.0,0.0,0.0,0.0
125,Frutal,FRU_L3,Brahma_Lata,14,0.0,0.0,0.0,0.0,0.0,68.9299999999881
125,Frutal,FRU_L3,Brahma_Lata,15,0.0,0.0,0.0,0.0,0.0,0.0
125,Frutal,FRU_L3,Itaipava_Lata,1,0.0,0.0,0.0,0.0,0.0,0.0
125,Frutal,FRU_L3,Itaipava_Lata,2,0.0,0.0,0.0,0.0,0.0,0.0
125,Frutal,FRU_L3,Itaipava_Lata,3,0.0,0.0,0.0,0.0,0.0,0.0
125,Frutal,FRU_L3,Itaipava_Lata,4,0.0,0.0,0.0,0.0,0.0,13263.150000000016
125,Frutal,FRU_L3,Itaipava_Lata,5,0.0,0.0,0.0,0.0,3144.72,3144.72
125,Frutal,FRU_L3,Itaipava_Lata,6,0.0,0.0,0.0,0.0,0.0,0.0
125,Frutal,FRU_L3,Itaipava_Lata,7,0.0,0.0,0.0,0.0,0.0,0.0
125,Frutal,FRU_L3,Itaipava_Lata,8,0.0,0.0,0.0,0.0,0.0,0.0
125,Frutal,FRU_L3,Itaipava_Lata,9,0.0,0.0,0.0,0.0,0.0,11606.160000000005
125,Frutal,FRU_L3,Itaipava_Lata,10,0.0,0.0,0.0,0.0,0.0,0.0
125,Frutal,FRU_L3,Itaipava_Lata,11,0.0,0.0,0.0,0.0,0.0,3904.73
125,Frutal,FRU_L3,Itaipava_Lata,12,0.0,0.0,0.0,0.0,0.0,0.0
125,Frutal,FRU_L3,Itaipava_Lata,13,0.0,0.0,0.0,0.0,0.0,0.0
125,Frutal,FRU_L3,Itaipava_Lata,14,0.0,0.0,0.0,0.0,0.0,0.0
125,Frutal,FRU_L3,Itaipava_Lata,15,0.0,0.0,0.0,0.0,0.0,0.0
125,Pouso Alegre,POU_L1,Maguary_Maracuja,1,0.0,0.0,0.0,0.0,0.0,0.0
125,Pouso Alegre,POU_L1,Maguary_Maracuja,2,0.0,0.0,0.0,0.0,0.0,0.0
125,Pouso Alegre,POU_L1,Maguary_Maracuja,3,0.0,0.0,0.0,0.0,0.0,0.0
125,Pouso Alegre,POU_L1,Maguary_Maracuja,4,0.0,0.0,11609.4,0.0,0.0,11609.4
125,Pouso Alegre,POU_L1,Maguary_Maracuja,5,0.0,0.0,0.0,0.0,0.0,0.0
125,Pouso Alegre,POU_L1,Maguary_Maracuja,6,0.0,0.0,0.0,0.0,0.0,0.0
125,Pouso Alegre,POU_L1,Maguary_Maracuja,7,0.0,0.0,0.0,0.0,0.0,0.0
125,Pouso Alegre,POU_L1,Maguary_Maracuja,8,0.0,0.0,0.0,0.0,0.0,0.0
125,Pouso Alegre,POU_L1,Maguary_Maracuja,9,0.0,0.0,0.0,0.0,0.0,44003.66
125,Pouso Alegre,POU_L1,Maguary_Maracuja,10,0.0,0.0,46436.65,0.0,0.0,69146.34
125,Pouso Alegre,POU_L1,Maguary_Maracuja,11,0.0,0.0,0.0,0.0,0.0,0.0
125,Pouso Alegre,POU_L1,Maguary_Maracuja,12,0.0,0.0,0.0,0.0,0.0,0.0
125,Pouso Alegre,POU_L1,Maguary_Maracuja,13,0.0,0.0,0.0,0.0,0.0,0.0
125,Pouso Alegre,POU_L1,Maguary_Maracuja,14,0.0,0.0,0.0,0.0,0.0,0.0
125,Pouso Alegre,POU_L1,Maguary_Maracuja,15,0.0,0.0,0.0,0.0,0.0,0.0
125,Pouso Alegre,POU_L1,Fanta_Laranja,1,0.0,0.0,0.0,0.0,0.0,0.0
125,Pouso Alegre,POU_L1,Fanta_Laranja,2,0.0,0.0,0.0,0.0,0.0,17839.25
125,Pouso Alegre,POU_L1,Fanta_Laranja,3,0.0,0.0,0.0,0.0,0.0,0.0
125,Pouso Alegre,POU_L1,Fanta_Laranja,4,0.0,0.0,0.0,0.0,0.0,0.0
125,Pouso Alegre,POU_L1,Fanta_Laranja,5,0.0,0.0,0.0,0.0,0.0,0.0
125,Pouso Alegre,POU_L1,Fanta_Laranja,6,0.0,0.0,0.0,0.0,0.0,0.0
125,Pouso Alegre,POU_L1,Fanta_Laranja,7,0.0,0.0,0.0,0.0,0.0,0.0
125,Pouso Alegre,POU_L1,Fanta_Laranja,8,0.0,0.0,3421.38,0.0,0.0,3421.38
125,Pouso Alegre,POU_L1,Fanta_Laranja,9,0.0,0.0,0.0,0.0,0.0,0.0
125,Pouso Alegre,POU_L1,Fanta_Laranja,10,0.0,0.0,0.0,0.0,0.0,0.0
125,Pouso Alegre,POU_L1,Fanta_Laranja,11,0.0,0.0,0.0,0.0,0.0,0.0
125,Pouso Alegre,POU_L1,Fanta_Laranja,12,0.0,0.0,0.0,0.0,0.0,0.0
125,Pouso Alegre,POU_L1,Fanta_Laranja,13,0.0,0.0,0.0,0.0,0.0,11925.31
125,Pouso Alegre,POU_L1,Fanta_Laranja,14,0.0,0.0,0.0,0.0,0.0,0.0
125,Pouso Alegre,POU_L1,Fanta_Laranja,15,0.0,0.0,0.0,0.0,0.0,0.0
125,Pouso Alegre,POU_L1,Schweppes_Citrus,1,0.0,0.0,0.0,0.0,0.0,0.0
125,Pouso Alegre,POU_L1,Schweppes_Citrus,2,0.0,0.0,0.0,0.0,0.0,0.0
125,Pouso Alegre,POU_L1,Schweppes_Citrus,3,0.0,0.0,0.0,0.0,0.0,0.0
125,Pouso Alegre,POU_L1,Schweppes_Citrus,4,0.0,0.0,0.0,0.0,0.0,0.0
125,Pouso Alegre,POU_L1,Schweppes_Citrus,5,0.0,0.0,0.0,0.0,0.0,0.0
125,Pouso Alegre,POU_L1,Schweppes_Citrus,6,0.0,0.0,0.0,0.0,0.0,0.0
125,Pouso Alegre,POU_L1,Schweppes_Citrus,7,0.0,0.0,0.0,0.0,0.0,0.0
125,Pouso Alegre,POU_L1,Schweppes_Citrus,8,0.0,0.0,0.0,0.0,0.0,19110.56
125,Pouso Alegre,POU_L1,Schweppes_Citrus,9,0.0,0.0,0.0,0.0,0.0,0.0
125,Pouso Alegre,POU_L1,Schweppes_Citrus,10,0.0,0.0,0.0,0.0,0.0,0.0
125,Pouso Alegre,POU_L1,Schweppes_Citrus,11,0.0,0.0,0.0,0.0,0.0,0.0
125,Pouso Alegre,POU_L1,Schweppes_Citrus,12,0.0,0.0,0.0,0.0,0.0,0.0
125,Pouso Alegre,POU_L1,Schweppes_Citrus,13,0.0,0.0,0.0,0.0,0.0,0.0
125,Pouso Alegre,POU_L1,Schweppes_Citrus,14,0.0,0.0,0.0,0.0,0.0,0.0
125,Pouso Alegre,POU_L1,Schweppes_Citrus,15,0.0,0.0,0.0,0.0,0.0,0.0
125,Pouso Alegre,POU_L1,Sprite_Zero,1,0.0,0.0,0.0,0.0,0.0,0.0
125,Pouso Alegre,POU_L1,Sprite_Zero,2,0.0,0.0,0.0,0.0,0.0,1479.63
125,Pouso Alegre,POU_L1,Sprite_Zero,3,0.0,0.0,0.0,0.0,0.0,0.0
125,Pouso Alegre,POU_L1,Sprite_Zero,4,0.0,0.0,0.0,0.0,0.0,0.0
125,Pouso Alegre,POU_L1,Sprite_Zero,5,0.0,0.0,0.0,0.0,0.0,0.0
125,Pouso Alegre,POU_L1,Sprite_Zero,6,0.0,0.0,6746.37,0.0,0.0,6746.37
125,Pouso Alegre,POU_L1,Sprite_Zero,7,0.0,0.0,6146.5,0.0,0.0,6146.5
125,Pouso Alegre,POU_L1,Sprite_Zero,8,0.0,0.0,0.0,0.0,0.0,0.0
125,Pouso Alegre,POU_L1,Sprite_Zero,9,0.0,0.0,0.0,0.0,0.0,0.0
125,Pouso Alegre,POU_L1,Sprite_Zero,10,0.0,0.0,0.0,0.0,0.0,0.0
125,Pouso Alegre,POU_L1,Sprite_Zero,11,0.0,0.0,0.0,0.0,0.0,0.0
125,Pouso Alegre,POU_L1,Sprite_Zero,12,0.0,0.0,0.0,0.0,0.0,0.0
125,Pouso Alegre,POU_L1,Sprite_Zero,13,0.0,0.0,0.0,0.0,0.0,0.0
125,Pouso Alegre,POU_L1,Sprite_Zero,14,0.0,0.0,0.0,0.0,0.0,0.0
125,Pouso Alegre,POU_L1,Sprite_Zero,15,0.0,0.0,0.0,0.0,0.0,0.0
125,Pouso Alegre,POU_L1,Eisenbahn_Pilsen,1,0.0,0.0,0.0,0.0,0.0,0.0
125,Pouso Alegre,POU_L1,Eisenbahn_Pilsen,2,0.0,0.0,0.0,0.0,0.0,31499.9
125,Pouso Alegre,POU_L1,Eisenbahn_Pilsen,3,0.0,3241.3499999999876,0.0,0.0,0.0,3241.3499999999876
125,Pouso Alegre,POU_L1,Eisenbahn_Pilsen,4,0.0,0.0,0.0,0.0,3241.3499999999876,0.0
125,Pouso Alegre,POU_L1,Eisenbahn_Pilsen,5,0.0,0.0,0.0,0.0,0.0,0.0
125,Pouso Alegre,POU_L1,Eisenbahn_Pilsen,6,0.0,0.0,0.0,0.0,0.0,0.0
125,Pouso Alegre,POU_L1,Eisenbahn_Pilsen,7,0.0,0.0,0.0,0.0,0.0,0.0
125,Pouso Alegre,POU_L1,Eisenbahn_Pilsen,8,0.0,0.0,0.0,0.0,0.0,16450.41
125,Pouso Alegre,POU_L1,Eisenbahn_Pilsen,9,0.0,0.0,0.0,0.0,0.0,0.0
125,Pouso Alegre,POU_L1,Eisenbahn_Pilsen,10,0.0,0.0,0.0,0.0,0.0,0.0
125,Pouso Alegre,POU_L1,Eisenbahn_Pilsen,11,0.0,0.0,0.0,0.0,0.0,0.0
125,Pouso Alegre,POU_L1,Eisenbahn_Pilsen,12,0.0,9011.739999999998,0.0,0.0,0.0,9011.739999999998
125,Pouso Alegre,POU_L1,Eisenbahn_Pilsen,13,0.0,0.0,0.0,0.0,9011.739999999998,17038.06
125,Pouso Alegre,POU_L1,Eisenbahn_Pilsen,14,0.0,0.0,30208.96,0.0,0.0,30208.96
125,Pouso Alegre,POU_L1,Eisenbahn_Pilsen,15,0.0,0.0,0.0,0.0,0.0,41221.0
125,Pouso Alegre,POU_L1,Del_Valle_Pessego,1,37080.0,0.0,1203.63,0.0,35876.37,0.0
125,Pouso Alegre,POU_L1,Del_Valle_Pessego,2,4891.29,0.0,0.0,0.0,4891.29,0.0
125,Pouso Alegre,POU_L1,Del_Valle_Pessego,3,37296.0,0.0,0.0,0.0,37296.0,0.0
125,Pouso Alegre,POU_L1,Del_Valle_Pessego,4,0.0,0.0,0.0,0.0,0.0,0.0
125,Pouso Alegre,POU_L1,Del_Valle_Pessego,5,36576.0,0.0,0.0,0.0,36576.0,0.0
125,Pouso Alegre,POU_L1,Del_Valle_Pessego,6,41856.0,0.0,0.0,0.0,41856.0,0.0
125,Pouso Alegre,POU_L1,Del_Valle_Pessego,7,0.0,0.0,0.0,0.0,0.0,0.0
125,Pouso Alegre,POU_L1,Del_Valle_Pessego,8,33235.56,0.0,0.0,0.0,33235.56,0.0
125,Pouso Alegre,POU_L1,Del_Valle_Pessego,9,0.0,0.0,0.0,0.0,0.0,0.0
125,Pouso Alegre,POU_L1,Del_Valle_Pessego,10,12865.21,0.0,0.0,0.0,12865.21,0.0
125,Pouso Alegre,POU_L1,Del_Valle_Pessego,11,38640.0,0.0,0.0,0.0,44436.75,0.0
125,Pouso Alegre,POU_L1,Del_Valle_Pessego,12,39528.0,0.0,0.0,0.0,50187.03,0.0
125,Pouso Alegre,POU_L1,Del_Valle_Pessego,13,35892.26,0.0,0.0,0.0,35892.26,0.0
125,Pouso Alegre,POU_L1,Del_Valle_Pessego,14,41184.0,0.0,0.0,0.0,41184.0,0.0
125,Pouso Alegre,POU_L1,Del_Valle_Pessego,15,36120.0,0.0,33254.99,0.0,20069.329999999987,0.0
125,Pouso Alegre,POU_L1,Coca_Cola,1,0.0,0.0,0.0,0.0,0.0,0.0
125,Pouso Alegre,POU_L1,Coca_Cola,2,0.0,0.0,0.0,25155.18,0.0,0.0
125,Pouso Alegre,POU_L1,Coca_Cola,3,0.0,0.0,0.0,0.0,0.0,0.0
125,Pouso Alegre,POU_L1,Coca_Cola,4,0.0,0.0,0.0,0.0,0.0,0.0
125,Pouso Alegre,POU_L1,Coca_Cola,5,0.0,0.0,0.0,0.0,0.0,0.0
125,Pouso Alegre,POU_L1,Coca_Cola,6,0.0,0.0,0.0,0.0,0.0,0.0
125,Pouso Alegre,POU_L1,Coca_Cola,7,0.0,0.0,0.0,0.0,0.0,0.0
125,Pouso Alegre,POU_L1,Coca_Cola,8,0.0,0.0,0.0,0.0,0.0,0.0
125,Pouso Alegre,POU_L1,Coca_Cola,9,0.0,0.0,0.0,0.0,0.0,0.0
125,Pouso Alegre,POU_L1,Coca_Cola,10,0.0,0.0,0.0,0.0,0.0,0.0
125,Pouso Alegre,POU_L1,Coca_Cola,11,0.0,0.0,0.0,0.0,0.0,0.0
125,Pouso Alegre,POU_L1,Coca_Cola,12,0.0,0.0,0.0,0.0,0.0,0.0
125,Pouso Alegre,POU_L1,Coca_Cola,13,0.0,0.0,0.0,0.0,0.0,0.0
125,Pouso Alegre,POU_L1,Coca_Cola,14,0.0,0.0,0.0,0.0,0.0,0.0
125,Pouso Alegre,POU_L1,Coca_Cola,15,0.0,0.0,0.0,0.0,0.0,0.0
125,Pouso Alegre,POU_L1,Amstel_Lata,1,0.0,0.0,0.0,0.0,0.0,0.0
125,Pouso Alegre,POU_L1,Amstel_Lata,2,0.0,0.0,0.0,0.0,0.0,0.0
125,Pouso Alegre,POU_L1,Amstel_Lata,3,0.0,0.0,0.0,0.0,0.0,0.0
125,Pouso Alegre,POU_L1,Amstel_Lata,4,0.0,0.0,0.0,0.0,0.0,0.0
125,Pouso Alegre,POU_L1,Amstel_Lata,5,0.0,0.0,0.0,0.0,0.0,0.0
125,Pouso Alegre,POU_L1,Amstel_Lata,6,0.0,0.0,0.0,0.0,0.0,0.0
125,Pouso Alegre,POU_L1,Amstel_Lata,7,0.0,0.0,0.0,0.0,0.0,0.0
125,Pouso Alegre,POU_L1,Amstel_Lata,8,0.0,0.0,0.0,0.0,0.0,0.0
125,Pouso Alegre,POU_L1,Amstel_Lata,9,0.0,0.0,0.0,0.0,0.0,0.0
125,Pouso Alegre,POU_L1,Amstel_Lata,10,0.0,0.0,0.0,0.0,0.0,0.0
125,Pouso Alegre,POU_L1,Amstel_Lata,11,0.0,0.0,1989.08,0.0,0.0,1989.08
125,Pouso Alegre,POU_L1,Amstel_Lata,12,0.0,0.0,0.0,0.0,0.0,0.0
125,Pouso Alegre,POU_L1,Amstel_Lata,13,0.0,0.0,0.0,0.0,0.0,0.0
125,Pouso Alegre,POU_L1,Amstel_Lata,14,0.0,0.0,0.0,0.0,0.0,0.0
125,Pouso Alegre,POU_L1,Amstel_Lata,15,0.0,0.0,0.0,0.0,0.0,0.0
125,Pouso Alegre,POU_L1,Pepsi_Black,1,0.0,0.0,0.0,0.0,0.0,0.0
125,Pouso Alegre,POU_L1,Pepsi_Black,2,0.0,0.0,0.0,0.0,0.0,0.0
125,Pouso Alegre,POU_L1,Pepsi_Black,3,0.0,0.0,0.0,0.0,0.0,0.0
125,Pouso Alegre,POU_L1,Pepsi_Black,4,0.0,0.0,33363.95,0.0,0.0,33363.95
125,Pouso Alegre,POU_L1,Pepsi_Black,5,0.0,0.0,0.0,0.0,0.0,20386.07
125,Pouso Alegre,POU_L1,Pepsi_Black,6,0.0,0.0,0.0,0.0,0.0,0.0
125,Pouso Alegre,POU_L1,Pepsi_Black,7,0.0,0.0,0.0,0.0,0.0,0.0
125,Pouso Alegre,POU_L1,Pepsi_Black,8,0.0,0.0,0.0,0.0,0.0,0.0
125,Pouso Alegre,POU_L1,Pepsi_Black,9,0.0,0.0,0.0,0.0,0.0,0.0
125,Pouso Alegre,POU_L1,Pepsi_Black,10,0.0,0.0,0.0,0.0,0.0,0.0
125,Pouso Alegre,POU_L1,Pepsi_Black,11,0.0,0.0,23926.13,0.0,0.0,33844.32
125,Pouso Alegre,POU_L1,Pepsi_Black,12,0.0,0.0,0.0,0.0,0.0,0.0
125,Pouso Alegre,POU_L1,Pepsi_Black,13,0.0,0.0,53200.03,0.0,0.0,53200.03
125,Pouso Alegre,POU_L1,Pepsi_Black,14,0.0,0.0,0.0,0.0,0.0,33240.21
125,Pouso Alegre,POU_L1,Pepsi_Black,15,0.0,0.0,0.0,0.0,0.0,0.0
125,Pouso Alegre,POU_L1,Del_Valle_Laranja,1,0.0,0.0,0.0,0.0,0.0,0.0
125,Pouso Alegre,POU_L1,Del_Valle_Laranja,2,0.0,0.0,0.0,0.0,0.0,29060.7
125,Pouso Alegre,POU_L1,Del_Valle_Laranja,3,0.0,0.0,0.0,0.0,0.0,0.0
125,Pouso Alegre,POU_L1,Del_Valle_Laranja,4,0.0,0.0,0.0,0.0,0.0,0.0
125,Pouso Alegre,POU_L1,Del_Valle_Laranja,5,0.0,0.0,0.0,0.0,0.0,20540.74
125,Pouso Alegre,POU_L1,Del_Valle_Laranja,6,0.0,0.0,0.0,0.0,0.0,0.0
125,Pouso Alegre,POU_L1,Del_Valle_Laranja,7,0.0,0.0,0.0,0.0,0.0,0.0
125,Pouso Alegre,POU_L1,Del_Valle_Laranja,8,0.0,0.0,0.0,0.0,0.0,0.0
125,Pouso Alegre,POU_L1,Del_Valle_Laranja,9,0.0,0.0,0.0,0.0,0.0,0.0
125,Pouso Alegre,POU_L1,Del_Valle_Laranja,10,0.0,0.0,0.0,0.0,0.0,0.0
125,Pouso Alegre,POU_L1,Del_Valle_Laranja,11,0.0,0.0,0.0,0.0,0.0,0.0
125,Pouso Alegre,POU_L1,Del_Valle_Laranja,12,0.0,0.0,6230.41,0.0,0.0,6230.41
125,Pouso Alegre,POU_L1,Del_Valle_Laranja,13,0.0,0.0,0.0,0.0,0.0,0.0
125,Pouso Alegre,POU_L1,Del_Valle_Laranja,14,0.0,0.0,0.0,0.0,0.0,0.0
125,Pouso Alegre,POU_L1,Del_Valle_Laranja,15,0.0,0.0,0.0,0.0,0.0,0.0
125,Pouso Alegre,POU_L1,Itubaina,1,0.0,0.0,0.0,0.0,41544.0,0.0
125,Pouso Alegre,POU_L1,Itubaina,2,0.0,0.0,0.0,0.0,37560.0,0.0
125,Pouso Alegre,POU_L1,Itubaina,3,0.0,0.0,0.0,0.0,22854.679999999993,0.0
125,Pouso Alegre,POU_L1,Itubaina,4,0.0,0.0,0.0,0.0,38952.0,0.0
125,Pouso Alegre,POU_L1,Itubaina,5,0.0,0.0,0.0,0.0,36864.0,15745.61
125,Pouso Alegre,POU_L1,Itubaina,6,0.0,0.0,0.0,0.0,41952.0,0.0
125,Pouso Alegre,POU_L1,Itubaina,7,0.0,0.0,0.0,0.0,39936.0,0.0
125,Pouso Alegre,POU_L1,Itubaina,8,0.0,0.0,0.0,0.0,38688.0,0.0
125,Pouso Alegre,POU_L1,Itubaina,9,0.0,0.0,0.0,0.0,23429.120000000003,0.0
125,Pouso Alegre,POU_L1,Itubaina,10,0.0,0.0,0.0,0.0,30098.639999999996,0.0
125,Pouso Alegre,POU_L1,Itubaina,11,0.0,0.0,0.0,0.0,26846.890000000003,0.0
125,Pouso Alegre,POU_L1,Itubaina,12,0.0,0.0,0.0,0.0,27284.969999999998,0.0
125,Pouso Alegre,POU_L1,Itubaina,13,0.0,0.0,0.0,0.0,37420.96,0.0
125,Pouso Alegre,POU_L1,Itubaina,14,0.0,0.0,0.0,0.0,38976.0,0.0
125,Pouso Alegre,POU_L1,Itubaina,15,0.0,0.0,0.0,0.0,13936.84,0.0
125,Pouso Alegre,POU_L1,Stella_Artois_Pure_Gold,1,0.0,0.0,0.0,0.0,18549.27,18549.27
125,Pouso Alegre,POU_L1,Stella_Artois_Pure_Gold,2,0.0,0.0,0.0,0.0,0.0,0.0
125,Pouso Alegre,POU_L1,Stella_Artois_Pure_Gold,3,0.0,0.0,0.0,0.0,0.0,0.0
125,Pouso Alegre,POU_L1,Stella_Artois_Pure_Gold,4,0.0,0.0,0.0,0.0,0.0,0.0
125,Pouso Alegre,POU_L1,Stella_Artois_Pure_Gold,5,0.0,0.0,0.0,0.0,0.0,0.0
125,Pouso Alegre,POU_L1,Stella_Artois_Pure_Gold,6,0.0,0.0,0.0,0.0,0.0,0.0
125,Pouso Alegre,POU_L1,Stella_Artois_Pure_Gold,7,0.0,0.0,0.0,0.0,0.0,37264.229999999996
125,Pouso Alegre,POU_L1,Stella_Artois_Pure_Gold,8,0.0,0.0,0.0,0.0,0.0,0.0
125,Pouso Alegre,POU_L1,Stella_Artois_Pure_Gold,9,0.0,0.0,0.0,0.0,0.0,0.0
125,Pouso Alegre,POU_L1,Stella_Artois_Pure_Gold,10,0.0,0.0,0.0,0.0,0.0,0.0
125,Pouso Alegre,POU_L1,Stella_Artois_Pure_Gold,11,0.0,0.0,0.0,0.0,23059.1,23059.1
125,Pouso Alegre,POU_L1,Stella_Artois_Pure_Gold,12,0.0,0.0,0.0,0.0,0.0,0.0
125,Pouso Alegre,POU_L1,Stella_Artois_Pure_Gold,13,0.0,0.0,0.0,0.0,0.0,0.0
125,Pouso Alegre,POU_L1,Stella_Artois_Pure_Gold,14,0.0,0.0,0.0,0.0,0.0,0.0
125,Pouso Alegre,POU_L1,Stella_Artois_Pure_Gold,15,0.0,0.0,0.0,0.0,0.0,0.0
125,Pouso Alegre,POU_L1,Maguary_Caju,1,0.0,0.0,0.0,0.0,0.0,0.0
125,Pouso Alegre,POU_L1,Maguary_Caju,2,0.0,0.0,0.0,0.0,0.0,0.0
125,Pouso Alegre,POU_L1,Maguary_Caju,3,0.0,0.0,0.0,0.0,0.0,0.0
125,Pouso Alegre,POU_L1,Maguary_Caju,4,0.0,0.0,0.0,0.0,0.0,0.0
125,Pouso Alegre,POU_L1,Maguary_Caju,5,0.0,0.0,0.0,0.0,0.0,0.0
125,Pouso Alegre,POU_L1,Maguary_Caju,6,0.0,0.0,0.0,0.0,0.0,0.0
125,Pouso Alegre,POU_L1,Maguary_Caju,7,0.0,0.0,0.0,0.0,0.0,0.0
125,Pouso Alegre,POU_L1,Maguary_Caju,8,0.0,0.0,0.0,0.0,0.0,0.0
125,Pouso Alegre,POU_L1,Maguary_Caju,9,0.0,0.0,0.0,0.0,0.0,0.0
125,Pouso Alegre,POU_L1,Maguary_Caju,10,0.0,0.0,0.0,0.0,0.0,0.0
125,Pouso Alegre,POU_L1,Maguary_Caju,11,0.0,0.0,0.0,0.0,0.0,0.0
125,Pouso Alegre,POU_L1,Maguary_Caju,12,0.0,0.0,0.0,0.0,0.0,0.0
125,Pouso Alegre,POU_L1,Maguary_Caju,13,0.0,0.0,0.0,0.0,0.0,0.0
125,Pouso Alegre,POU_L1,Maguary_Caju,14,0.0,0.0,0.0,0.0,0.0,0.0
125,Pouso Alegre,POU_L1,Maguary_Caju,15,0.0,0.0,0.0,0.0,0.0,0.0
125,Pouso Alegre,POU_L1,Coca_Cola_Zero,1,0.0,0.0,0.0,0.0,0.0,53021.39
125,Pouso Alegre,POU_L1,Coca_Cola_Zero,2,0.0,0.0,0.0,0.0,0.0,0.0
125,Pouso Alegre,POU_L1,Coca_Cola_Zero,3,0.0,0.0,0.0,0.0,3393.530000000006,3393.530000000006
125,Pouso Alegre,POU_L1,Coca_Cola_Zero,4,0.0,0.0,0.0,0.0,0.0,0.0
125,Pouso Alegre,POU_L1,Coca_Cola_Zero,5,0.0,0.0,0.0,0.0,0.0,0.0
125,Pouso Alegre,POU_L1,Coca_Cola_Zero,6,0.0,0.0,0.0,0.0,0.0,0.0
125,Pouso Alegre,POU_L1,Coca_Cola_Zero,7,0.0,0.0,21535.14,0.0,0.0,36124.78
125,Pouso Alegre,POU_L1,Coca_Cola_Zero,8,0.0,0.0,0.0,0.0,0.0,0.0
125,Pouso Alegre,POU_L1,Coca_Cola_Zero,9,0.0,0.0,0.0,0.0,0.0,0.0
125,Pouso Alegre,POU_L1,Coca_Cola_Zero,10,0.0,0.0,0.0,0.0,0.0,0.0
125,Pouso Alegre,POU_L1,Coca_Cola_Zero,11,0.0,0.0,0.0,0.0,0.0,12494.14
125,Pouso Alegre,POU_L1,Coca_Cola_Zero,12,0.0,0.0,0.0,0.0,0.0,0.0
125,Pouso Alegre,POU_L1,Coca_Cola_Zero,13,0.0,0.0,0.0,0.0,0.0,0.0
125,Pouso Alegre,POU_L1,Coca_Cola_Zero,14,0.0,0.0,0.0,0.0,0.0,0.0
125,Pouso Alegre,POU_L1,Coca_Cola_Zero,15,0.0,0.0,0.0,0.0,0.0,0.0
125,Pouso Alegre,POU_L1,Pepsi,1,0.0,0.0,0.0,0.0,0.0,0.0
125,Pouso Alegre,POU_L1,Pepsi,2,0.0,0.0,0.0,0.0,0.0,0.0
125,Pouso Alegre,POU_L1,Pepsi,3,0.0,0.0,0.0,0.0,0.0,0.0
125,Pouso Alegre,POU_L1,Pepsi,4,0.0,0.0,0.0,0.0,0.0,0.0
125,Pouso Alegre,POU_L1,Pepsi,5,0.0,0.0,0.0,0.0,0.0,0.0
125,Pouso Alegre,POU_L1,Pepsi,6,0.0,0.0,42508.34,0.0,0.0,51751.220000000016
125,Pouso Alegre,POU_L1,Pepsi,7,0.0,0.0,0.0,0.0,0.0,0.0
125,Pouso Alegre,POU_L1,Pepsi,8,0.0,0.0,0.0,0.0,0.0,0.0
125,Pouso Alegre,POU_L1,Pepsi,9,0.0,0.0,0.0,0.0,0.0,18636.17
125,Pouso Alegre,POU_L1,Pepsi,10,0.0,0.0,0.0,0.0,0.0,51307.8
125,Pouso Alegre,POU_L1,Pepsi,11,0.0,0.0,0.0,0.0,0.0,0.0
125,Pouso Alegre,POU_L1,Pepsi,12,0.0,0.0,0.0,0.0,0.0,0.0
125,Pouso Alegre,POU_L1,Pepsi,13,0.0,0.0,0.0,0.0,0.0,0.0
125,Pouso Alegre,POU_L1,Pepsi,14,0.0,0.0,0.0,0.0,0.0,0.0
125,Pouso Alegre,POU_L1,Pepsi,15,0.0,0.0,0.0,0.0,0.0,0.0
125,Pouso Alegre,POU_L1,Antarctica_Lata,1,0.0,0.0,0.0,0.0,0.0,0.0
125,Pouso Alegre,POU_L1,Antarctica_Lata,2,0.0,0.0,0.0,0.0,0.0,0.0
125,Pouso Alegre,POU_L1,Antarctica_Lata,3,0.0,0.0,0.0,0.0,0.0,0.0
125,Pouso Alegre,POU_L1,Antarctica_Lata,4,0.0,0.0,0.0,0.0,0.0,0.0
125,Pouso Alegre,POU_L1,Antarctica_Lata,5,0.0,0.0,0.0,0.0,0.0,0.0
125,Pouso Alegre,POU_L1,Antarctica_Lata,6,0.0,0.0,0.0,0.0,0.0,0.0
125,Pouso Alegre,POU_L1,Antarctica_Lata,7,0.0,0.0,0.0,0.0,0.0,0.0
125,Pouso Alegre,POU_L1,Antarctica_Lata,8,0.0,0.0,0.0,0.0,0.0,0.0
125,Pouso Alegre,POU_L1,Antarctica_Lata,9,0.0,0.0,0.0,0.0,0.0,0.0
125,Pouso Alegre,POU_L1,Antarctica_Lata,10,0.0,0.0,0.0,0.0,0.0,0.0
125,Pouso Alegre,POU_L1,Antarctica_Lata,11,0.0,0.0,0.0,0.0,0.0,0.0
125,Pouso Alegre,POU_L1,Antarctica_Lata,12,0.0,0.0,0.0,0.0,0.0,0.0
125,Pouso Alegre,POU_L1,Antarctica_Lata,13,0.0,0.0,0.0,0.0,0.0,0.0
125,Pouso Alegre,POU_L1,Antarctica_Lata,14,0.0,0.0,0.0,0.0,0.0,14709.66
125,Pouso Alegre,POU_L1,Antarctica_Lata,15,0.0,0.0,0.0,0.0,0.0,0.0
125,Pouso Alegre,POU_L1,Spaten_Lata,1,0.0,0.0,0.0,0.0,0.0,19164.79
125,Pouso Alegre,POU_L1,Spaten_Lata,2,0.0,0.0,0.0,0.0,0.0,0.0
125,Pouso Alegre,POU_L1,Spaten_Lata,3,0.0,0.0,0.0,0.0,0.0,14053.470000000005
125,Pouso Alegre,POU_L1,Spaten_Lata,4,0.0,0.0,0.0,0.0,14053.470000000005,5907.62
125,Pouso Alegre,POU_L1,Spaten_Lata,5,0.0,0.0,0.0,0.0,0.0,0.0
125,Pouso Alegre,POU_L1,Spaten_Lata,6,0.0,0.0,0.0,0.0,0.0,0.0
125,Pouso Alegre,POU_L1,Spaten_Lata,7,0.0,0.0,0.0,0.0,0.0,0.0
125,Pouso Alegre,POU_L1,Spaten_Lata,8,0.0,0.0,0.0,0.0,0.0,7852.309999999998
125,Pouso Alegre,POU_L1,Spaten_Lata,9,0.0,0.0,0.0,0.0,7852.309999999998,0.0
125,Pouso Alegre,POU_L1,Spaten_Lata,10,0.0,0.0,0.0,0.0,0.0,0.0
125,Pouso Alegre,POU_L1,Spaten_Lata,11,0.0,0.0,0.0,0.0,0.0,0.0
125,Pouso Alegre,POU_L1,Spaten_Lata,12,0.0,0.0,0.0,0.0,0.0,0.0
125,Pouso Alegre,POU_L1,Spaten_Lata,13,0.0,0.0,0.0,0.0,0.0,0.0
125,Pouso Alegre,POU_L1,Spaten_Lata,14,0.0,0.0,0.0,0.0,0.0,0.0
125,Pouso Alegre,POU_L1,Spaten_Lata,15,0.0,0.0,0.0,0.0,0.0,0.0
125,Pouso Alegre,POU_L1,Heineken_Lata,1,0.0,0.0,0.0,0.0,0.0,0.0
125,Pouso Alegre,POU_L1,Heineken_Lata,2,0.0,0.0,0.0,0.0,0.0,0.0
125,Pouso Alegre,POU_L1,Heineken_Lata,3,0.0,0.0,0.0,0.0,0.0,0.0
125,Pouso Alegre,POU_L1,Heineken_Lata,4,0.0,0.0,0.0,0.0,0.0,51406.44
125,Pouso Alegre,POU_L1,Heineken_Lata,5,0.0,0.0,0.0,0.0,0.0,0.0
125,Pouso Alegre,POU_L1,Heineken_Lata,6,0.0,0.0,0.0,0.0,0.0,17698.88
125,Pouso Alegre,POU_L1,Heineken_Lata,7,0.0,0.0,0.0,0.0,0.0,28843.32
125,Pouso Alegre,POU_L1,Heineken_Lata,8,0.0,0.0,0.0,0.0,0.0,14886.3
125,Pouso Alegre,POU_L1,Heineken_Lata,9,0.0,0.0,0.0,0.0,0.0,0.0
125,Pouso Alegre,POU_L1,Heineken_Lata,10,0.0,0.0,0.0,0.0,0.0,23396.56
125,Pouso Alegre,POU_L1,Heineken_Lata,11,0.0,0.0,0.0,0.0,0.0,0.0
125,Pouso Alegre,POU_L1,Heineken_Lata,12,0.0,0.0,0.0,0.0,0.0,0.0
125,Pouso Alegre,POU_L1,Heineken_Lata,13,0.0,0.0,0.0,0.0,0.0,0.0
125,Pouso Alegre,POU_L1,Heineken_Lata,14,0.0,0.0,0.0,0.0,0.0,0.0
125,Pouso Alegre,POU_L1,Heineken_Lata,15,0.0,0.0,0.0,0.0,0.0,0.0
125,Pouso Alegre,POU_L1,Sukita_Laranja,1,0.0,0.0,0.0,31527.24,0.0,0.0
125,Pouso Alegre,POU_L1,Sukita_Laranja,2,36652.71000000001,0.0,0.0,0.0,36652.71000000001,0.0
125,Pouso Alegre,POU_L1,Sukita_Laranja,3,0.0,0.0,0.0,45742.08,0.0,0.0
125,Pouso Alegre,POU_L1,Sukita_Laranja,4,35496.0,0.0,0.0,0.0,74150.45000000001,41713.57000000001
125,Pouso Alegre,POU_L1,Sukita_Laranja,5,0.0,0.0,0.0,0.0,0.0,0.0
125,Pouso Alegre,POU_L1,Sukita_Laranja,6,0.0,0.0,0.0,0.0,16976.25,0.0
125,Pouso Alegre,POU_L1,Sukita_Laranja,7,39552.0,0.0,0.0,0.0,43411.22,0.0
125,Pouso Alegre,POU_L1,Sukita_Laranja,8,3772.440000000003,0.0,0.0,0.0,29428.67,0.0
125,Pouso Alegre,POU_L1,Sukita_Laranja,9,38136.0,0.0,0.0,0.0,38136.0,0.0
125,Pouso Alegre,POU_L1,Sukita_Laranja,10,27238.79,0.0,0.0,0.0,50899.229999999996,0.0
125,Pouso Alegre,POU_L1,Sukita_Laranja,11,0.0,0.0,0.0,0.0,0.0,0.0
125,Pouso Alegre,POU_L1,Sukita_Laranja,12,0.0,0.0,0.0,0.0,0.0,0.0
125,Pouso Alegre,POU_L1,Sukita_Laranja,13,4355.74,0.0,0.0,0.0,4355.739999999999,0.0
125,Pouso Alegre,POU_L1,Sukita_Laranja,14,0.0,0.0,0.0,0.0,11752.850000000002,0.0
125,Pouso Alegre,POU_L1,Sukita_Laranja,15,0.0,0.0,0.0,0.0,0.0,8589.179999999975
125,Pouso Alegre,POU_L1,H2OH_Limao,1,0.0,0.0,0.0,0.0,35664.0,0.0
125,Pouso Alegre,POU_L1,H2OH_Limao,2,0.0,0.0,0.0,0.0,40224.0,0.0
125,Pouso Alegre,POU_L1,H2OH_Limao,3,0.0,0.0,0.0,0.0,42672.0,15939.33
125,Pouso Alegre,POU_L1,H2OH_Limao,4,0.0,0.0,0.0,0.0,561.5499999999975,0.0
125,Pouso Alegre,POU_L1,H2OH_Limao,5,0.0,0.0,46607.18,0.0,36408.00000000001,46607.18
125,Pouso Alegre,POU_L1,H2OH_Limao,6,0.0,0.0,0.0,0.0,20391.75,11416.05
125,Pouso Alegre,POU_L1,H2OH_Limao,7,0.0,0.0,0.0,0.0,19983.26000000001,19983.26000000001
125,Pouso Alegre,POU_L1,H2OH_Limao,8,0.0,0.0,0.0,0.0,42967.080000000016,0.0
125,Pouso Alegre,POU_L1,H2OH_Limao,9,0.0,0.0,34344.0,13934.900000000001,34344.0,34344.0
125,Pouso Alegre,POU_L1,H2OH_Limao,10,0.0,0.0,0.0,0.0,15603.56,0.0
125,Pouso Alegre,POU_L1,H2OH_Limao,11,0.0,0.0,0.0,0.0,4381.980000000003,0.0
125,Pouso Alegre,POU_L1,H2OH_Limao,12,0.0,0.0,0.0,20668.56,0.0,0.0
125,Pouso Alegre,POU_L1,H2OH_Limao,13,0.0,0.0,0.0,0.0,37560.0,21127.87
125,Pouso Alegre,POU_L1,H2OH_Limao,14,0.0,0.0,0.0,0.0,26071.15,0.0
125,Pouso Alegre,POU_L1,H2OH_Limao,15,0.0,0.0,0.0,0.0,22698.73,0.0
125,Pouso Alegre,POU_L1,Budweiser_Lata,1,0.0,15848.480000000018,0.0,0.0,0.0,15848.480000000018
125,Pouso Alegre,POU_L1,Budweiser_Lata,2,0.0,15408.63000000002,0.0,0.0,439.84999999999945,0.0
125,Pouso Alegre,POU_L1,Budweiser_Lata,3,0.0,844.3400000000038,0.0,0.0,14564.290000000015,0.0
125,Pouso Alegre,POU_L1,Budweiser_Lata,4,0.0,0.0,0.0,0.0,844.3400000000038,0.0
125,Pouso Alegre,POU_L1,Budweiser_Lata,5,0.0,0.0,0.0,0.0,0.0,0.0
125,Pouso Alegre,POU_L1,Budweiser_Lata,6,0.0,0.0,0.0,0.0,0.0,17940.98
125,Pouso Alegre,POU_L1,Budweiser_Lata,7,0.0,0.0,0.0,0.0,0.0,0.0
125,Pouso Alegre,POU_L1,Budweiser_Lata,8,0.0,0.0,0.0,0.0,0.0,0.0
125,Pouso Alegre,POU_L1,Budweiser_Lata,9,0.0,0.0,0.0,0.0,0.0,0.0
125,Pouso Alegre,POU_L1,Budweiser_Lata,10,0.0,0.0,0.0,0.0,0.0,0.0
125,Pouso Alegre,POU_L1,Budweiser_Lata,11,0.0,0.0,0.0,0.0,0.0,0.0
125,Pouso Alegre,POU_L1,Budweiser_Lata,12,0.0,16541.12,20418.88,0.0,0.0,36960.0
125,Pouso Alegre,POU_L1,Budweiser_Lata,13,0.0,0.0,0.0,0.0,16541.12,0.0
125,Pouso Alegre,POU_L1,Budweiser_Lata,14,0.0,15235.250000000007,0.0,0.0,0.0,20467.590000000007
125,Pouso Alegre,POU_L1,Budweiser_Lata,15,0.0,0.0,0.0,0.0,15235.250000000007,0.0
125,Pouso Alegre,POU_L1,Kuat,1,0.0,0.0,0.0,0.0,0.0,0.0
125,Pouso Alegre,POU_L1,Kuat,2,0.0,0.0,0.0,0.0,0.0,18007.4
125,Pouso Alegre,POU_L1,Kuat,3,0.0,0.0,0.0,0.0,0.0,0.0
125,Pouso Alegre,POU_L1,Kuat,4,0.0,0.0,0.0,0.0,0.0,0.0
125,Pouso Alegre,POU_L1,Kuat,5,0.0,0.0,0.0,0.0,0.0,0.0
125,Pouso Alegre,POU_L1,Kuat,6,0.0,0.0,0.0,0.0,0.0,0.0
125,Pouso Alegre,POU_L1,Kuat,7,0.0,0.0,0.0,0.0,0.0,0.0
125,Pouso Alegre,POU_L1,Kuat,8,0.0,0.0,0.0,0.0,0.0,0.0
125,Pouso Alegre,POU_L1,Kuat,9,0.0,0.0,0.0,0.0,0.0,0.0
125,Pouso Alegre,POU_L1,Kuat,10,0.0,0.0,0.0,0.0,0.0,0.0
125,Pouso Alegre,POU_L1,Kuat,11,0.0,0.0,0.0,0.0,0.0,0.0
125,Pouso Alegre,POU_L1,Kuat,12,0.0,0.0,0.0,0.0,0.0,0.0
125,Pouso Alegre,POU_L1,Kuat,13,0.0,0.0,0.0,0.0,0.0,0.0
125,Pouso Alegre,POU_L1,Kuat,14,0.0,0.0,0.0,0.0,0.0,0.0
125,Pouso Alegre,POU_L1,Kuat,15,0.0,0.0,0.0,0.0,0.0,0.0
125,Pouso Alegre,POU_L1,Fanta_Uva,1,0.0,0.0,0.0,0.0,0.0,0.0
125,Pouso Alegre,POU_L1,Fanta_Uva,2,0.0,0.0,30481.55,0.0,0.0,30481.55
125,Pouso Alegre,POU_L1,Fanta_Uva,3,0.0,0.0,0.0,0.0,0.0,0.0
125,Pouso Alegre,POU_L1,Fanta_Uva,4,0.0,0.0,0.0,0.0,0.0,0.0
125,Pouso Alegre,POU_L1,Fanta_Uva,5,0.0,0.0,0.0,0.0,0.0,5807.6
125,Pouso Alegre,POU_L1,Fanta_Uva,6,0.0,0.0,0.0,0.0,0.0,0.0
125,Pouso Alegre,POU_L1,Fanta_Uva,7,0.0,0.0,0.0,0.0,0.0,0.0
125,Pouso Alegre,POU_L1,Fanta_Uva,8,0.0,0.0,45716.44,0.0,0.0,45716.44
125,Pouso Alegre,POU_L1,Fanta_Uva,9,0.0,0.0,0.0,0.0,0.0,0.0
125,Pouso Alegre,POU_L1,Fanta_Uva,10,0.0,0.0,0.0,0.0,0.0,0.0
125,Pouso Alegre,POU_L1,Fanta_Uva,11,0.0,0.0,0.0,0.0,0.0,23433.38
125,Pouso Alegre,POU_L1,Fanta_Uva,12,0.0,0.0,0.0,0.0,13573.13000000002,13573.13000000002
125,Pouso Alegre,POU_L1,Fanta_Uva,13,0.0,0.0,0.0,0.0,0.0,0.0
125,Pouso Alegre,POU_L1,Fanta_Uva,14,0.0,0.0,0.0,0.0,0.0,0.0
125,Pouso Alegre,POU_L1,Fanta_Uva,15,0.0,0.0,0.0,0.0,0.0,0.0
125,Pouso Alegre,POU_L1,Sprite,1,0.0,0.0,0.0,0.0,0.0,0.0
125,Pouso Alegre,POU_L1,Sprite,2,0.0,0.0,0.0,0.0,0.0,0.0
125,Pouso Alegre,POU_L1,Sprite,3,0.0,0.0,0.0,0.0,0.0,0.0
125,Pouso Alegre,POU_L1,Sprite,4,0.0,0.0,0.0,0.0,0.0,0.0
125,Pouso Alegre,POU_L1,Sprite,5,0.0,0.0,0.0,0.0,0.0,0.0
125,Pouso Alegre,POU_L1,Sprite,6,0.0,0.0,0.0,0.0,0.0,0.0
125,Pouso Alegre,POU_L1,Sprite,7,0.0,0.0,0.0,0.0,0.0,0.0
125,Pouso Alegre,POU_L1,Sprite,8,0.0,0.0,0.0,0.0,0.0,0.0
125,Pouso Alegre,POU_L1,Sprite,9,0.0,0.0,0.0,0.0,0.0,0.0
125,Pouso Alegre,POU_L1,Sprite,10,0.0,0.0,0.0,0.0,0.0,0.0
125,Pouso Alegre,POU_L1,Sprite,11,0.0,0.0,0.0,0.0,0.0,4593.330000000009
125,Pouso Alegre,POU_L1,Sprite,12,0.0,0.0,0.0,0.0,0.0,3604.43
125,Pouso Alegre,POU_L1,Sprite,13,0.0,0.0,0.0,0.0,0.0,0.0
125,Pouso Alegre,POU_L1,Sprite,14,0.0,0.0,0.0,0.0,0.0,31676.23
125,Pouso Alegre,POU_L1,Sprite,15,0.0,0.0,0.0,0.0,0.0,0.0
125,Pouso Alegre,POU_L1,Skol_Lata,1,0.0,0.0,0.0,0.0,0.0,25270.18
125,Pouso Alegre,POU_L1,Skol_Lata,2,0.0,0.0,0.0,0.0,0.0,0.0
125,Pouso Alegre,POU_L1,Skol_Lata,3,0.0,0.0,0.0,0.0,0.0,0.0
125,Pouso Alegre,POU_L1,Skol_Lata,4,0.0,0.0,0.0,0.0,0.0,0.0
125,Pouso Alegre,POU_L1,Skol_Lata,5,0.0,0.0,0.0,0.0,0.0,0.0
125,Pouso Alegre,POU_L1,Skol_Lata,6,0.0,0.0,0.0,0.0,0.0,0.0
125,Pouso Alegre,POU_L1,Skol_Lata,7,0.0,0.0,0.0,0.0,0.0,0.0
125,Pouso Alegre,POU_L1,Skol_Lata,8,0.0,0.0,0.0,0.0,0.0,0.0
125,Pouso Alegre,POU_L1,Skol_Lata,9,0.0,0.0,0.0,0.0,0.0,0.0
125,Pouso Alegre,POU_L1,Skol_Lata,10,0.0,0.0,0.0,0.0,0.0,0.0
125,Pouso Alegre,POU_L1,Skol_Lata,11,0.0,0.0,0.0,0.0,0.0,0.0
125,Pouso Alegre,POU_L1,Skol_Lata,12,0.0,0.0,0.0,0.0,0.0,0.0
125,Pouso Alegre,POU_L1,Skol_Lata,13,0.0,0.0,0.0,0.0,0.0,0.0
125,Pouso Alegre,POU_L1,Skol_Lata,14,0.0,0.0,0.0,0.0,0.0,0.0
125,Pouso Alegre,POU_L1,Skol_Lata,15,0.0,0.0,0.0,0.0,0.0,0.0
125,Pouso Alegre,POU_L1,Guarana_Antarctica,1,0.0,0.0,0.0,0.0,0.0,0.0
125,Pouso Alegre,POU_L1,Guarana_Antarctica,2,0.0,0.0,0.0,0.0,0.0,0.0
125,Pouso Alegre,POU_L1,Guarana_Antarctica,3,0.0,0.0,0.0,0.0,0.0,0.0
125,Pouso Alegre,POU_L1,Guarana_Antarctica,4,0.0,0.0,0.0,0.0,0.0,0.0
125,Pouso Alegre,POU_L1,Guarana_Antarctica,5,0.0,0.0,0.0,0.0,0.0,0.0
125,Pouso Alegre,POU_L1,Guarana_Antarctica,6,0.0,0.0,0.0,0.0,0.0,0.0
125,Pouso Alegre,POU_L1,Guarana_Antarctica,7,0.0,0.0,0.0,0.0,0.0,0.0
125,Pouso Alegre,POU_L1,Guarana_Antarctica,8,0.0,0.0,0.0,0.0,0.0,0.0
125,Pouso Alegre,POU_L1,Guarana_Antarctica,9,0.0,0.0,0.0,0.0,0.0,0.0
125,Pouso Alegre,POU_L1,Guarana_Antarctica,10,0.0,0.0,0.0,0.0,0.0,0.0
125,Pouso Alegre,POU_L1,Guarana_Antarctica,11,0.0,0.0,0.0,0.0,0.0,0.0
125,Pouso Alegre,POU_L1,Guarana_Antarctica,12,0.0,0.0,0.0,0.0,0.0,9624.24
125,Pouso Alegre,POU_L1,Guarana_Antarctica,13,0.0,0.0,0.0,0.0,0.0,0.0
125,Pouso Alegre,POU_L1,Guarana_Antarctica,14,0.0,0.0,0.0,0.0,0.0,0.0
125,Pouso Alegre,POU_L1,Guarana_Antarctica,15,0.0,0.0,0.0,0.0,0.0,0.0
125,Pouso Alegre,POU_L1,Guarana_Antarctica_Zero,1,0.0,0.0,0.0,0.0,3773.440000000005,3773.440000000005
125,Pouso Alegre,POU_L1,Guarana_Antarctica_Zero,2,0.0,0.0,0.0,0.0,17623.42,17623.42
125,Pouso Alegre,POU_L1,Guarana_Antarctica_Zero,3,0.0,0.0,0.0,0.0,0.0,15299.25
125,Pouso Alegre,POU_L1,Guarana_Antarctica_Zero,4,0.0,0.0,0.0,0.0,0.0,0.0
125,Pouso Alegre,POU_L1,Guarana_Antarctica_Zero,5,0.0,0.0,0.0,0.0,0.0,0.0
125,Pouso Alegre,POU_L1,Guarana_Antarctica_Zero,6,0.0,0.0,0.0,0.0,0.0,0.0
125,Pouso Alegre,POU_L1,Guarana_Antarctica_Zero,7,0.0,0.0,0.0,0.0,32797.16,32797.16
125,Pouso Alegre,POU_L1,Guarana_Antarctica_Zero,8,0.0,0.0,0.0,0.0,0.0,27147.79
125,Pouso Alegre,POU_L1,Guarana_Antarctica_Zero,9,0.0,0.0,0.0,0.0,12258.88,0.0
125,Pouso Alegre,POU_L1,Guarana_Antarctica_Zero,10,0.0,0.0,0.0,0.0,5973.360000000002,0.0
125,Pouso Alegre,POU_L1,Guarana_Antarctica_Zero,11,0.0,0.0,25567.07,0.0,4868.359999999999,25567.07
125,Pouso Alegre,POU_L1,Guarana_Antarctica_Zero,12,0.0,0.0,0.0,0.0,0.0,0.0
125,Pouso Alegre,POU_L1,Guarana_Antarctica_Zero,13,0.0,0.0,0.0,0.0,0.0,40353.15000000001
125,Pouso Alegre,POU_L1,Guarana_Antarctica_Zero,14,0.0,0.0,19638.3,0.0,0.0,29117.04
125,Pouso Alegre,POU_L1,Guarana_Antarctica_Zero,15,0.0,0.0,0.0,0.0,0.0,0.0
125,Pouso Alegre,POU_L1,Del_Valle_Uva,1,0.0,0.0,0.0,0.0,0.0,0.0
125,Pouso Alegre,POU_L1,Del_Valle_Uva,2,0.0,0.0,0.0,0.0,0.0,22725.99
125,Pouso Alegre,POU_L1,Del_Valle_Uva,3,0.0,0.0,613.99,0.0,22725.99,613.99
125,Pouso Alegre,POU_L1,Del_Valle_Uva,4,0.0,0.0,0.0,0.0,0.0,0.0
125,Pouso Alegre,POU_L1,Del_Valle_Uva,5,0.0,0.0,0.0,0.0,0.0,0.0
125,Pouso Alegre,POU_L1,Del_Valle_Uva,6,0.0,0.0,0.0,0.0,0.0,0.0
125,Pouso Alegre,POU_L1,Del_Valle_Uva,7,0.0,0.0,0.0,22680.92,0.0,0.0
125,Pouso Alegre,POU_L1,Del_Valle_Uva,8,0.0,0.0,0.0,0.0,0.0,0.0
125,Pouso Alegre,POU_L1,Del_Valle_Uva,9,0.0,0.0,0.0,0.0,0.0,0.0
125,Pouso Alegre,POU_L1,Del_Valle_Uva,10,0.0,0.0,0.0,0.0,0.0,0.0
125,Pouso Alegre,POU_L1,Del_Valle_Uva,11,0.0,0.0,0.0,0.0,0.0,0.0
125,Pouso Alegre,POU_L1,Del_Valle_Uva,12,0.0,0.0,0.0,0.0,0.0,0.0
125,Pouso Alegre,POU_L1,Del_Valle_Uva,13,0.0,0.0,0.0,0.0,0.0,2530.1100000000024
125,Pouso Alegre,POU_L1,Del_Valle_Uva,14,0.0,0.0,0.0,0.0,2530.1100000000024,0.0
125,Pouso Alegre,POU_L1,Del_Valle_Uva,15,0.0,0.0,0.0,0.0,0.0,0.0
125,Pouso Alegre,POU_L1,Brahma_Lata,1,0.0,0.0,11072.68,0.0,0.0,11072.68
125,Pouso Alegre,POU_L1,Brahma_Lata,2,0.0,0.0,0.0,0.0,0.0,0.0
125,Pouso Alegre,POU_L1,Brahma_Lata,3,0.0,0.0,0.0,0.0,0.0,0.0
125,Pouso Alegre,POU_L1,Brahma_Lata,4,0.0,0.0,0.0,0.0,0.0,0.0
125,Pouso Alegre,POU_L1,Brahma_Lata,5,0.0,0.0,0.0,0.0,0.0,0.0
125,Pouso Alegre,POU_L1,Brahma_Lata,6,0.0,0.0,0.0,0.0,0.0,18342.05
125,Pouso Alegre,POU_L1,Brahma_Lata,7,0.0,0.0,0.0,0.0,0.0,0.0
125,Pouso Alegre,POU_L1,Brahma_Lata,8,0.0,0.0,0.0,0.0,0.0,0.0
125,Pouso Alegre,POU_L1,Brahma_Lata,9,0.0,0.0,0.0,0.0,0.0,21896.79
125,Pouso Alegre,POU_L1,Brahma_Lata,10,0.0,0.0,0.0,0.0,0.0,0.0
125,Pouso Alegre,POU_L1,Brahma_Lata,11,0.0,0.0,0.0,0.0,0.0,0.0
125,Pouso Alegre,POU_L1,Brahma_Lata,12,0.0,0.0,0.0,0.0,0.0,0.0
125,Pouso Alegre,POU_L1,Brahma_Lata,13,0.0,0.0,0.0,0.0,0.0,0.0
125,Pouso Alegre,POU_L1,Brahma_Lata,14,0.0,0.0,0.0,0.0,0.0,0.0
125,Pouso Alegre,POU_L1,Brahma_Lata,15,0.0,0.0,9971.3,0.0,1467.0300000000125,9971.3
125,Pouso Alegre,POU_L1,Itaipava_Lata,1,0.0,0.0,0.0,0.0,0.0,0.0
125,Pouso Alegre,POU_L1,Itaipava_Lata,2,0.0,0.0,0.0,0.0,0.0,0.0
125,Pouso Alegre,POU_L1,Itaipava_Lata,3,0.0,0.0,0.0,0.0,0.0,0.0
125,Pouso Alegre,POU_L1,Itaipava_Lata,4,0.0,0.0,0.0,0.0,0.0,0.0
125,Pouso Alegre,POU_L1,Itaipava_Lata,5,0.0,0.0,0.0,0.0,0.0,0.0
125,Pouso Alegre,POU_L1,Itaipava_Lata,6,0.0,0.0,0.0,0.0,0.0,0.0
125,Pouso Alegre,POU_L1,Itaipava_Lata,7,0.0,0.0,0.0,0.0,0.0,0.0
125,Pouso Alegre,POU_L1,Itaipava_Lata,8,0.0,0.0,0.0,0.0,0.0,0.0
125,Pouso Alegre,POU_L1,Itaipava_Lata,9,0.0,0.0,0.0,0.0,0.0,0.0
125,Pouso Alegre,POU_L1,Itaipava_Lata,10,0.0,0.0,0.0,0.0,0.0,0.0
125,Pouso Alegre,POU_L1,Itaipava_Lata,11,0.0,0.0,0.0,0.0,0.0,0.0
125,Pouso Alegre,POU_L1,Itaipava_Lata,12,0.0,0.0,0.0,0.0,0.0,0.0
125,Pouso Alegre,POU_L1,Itaipava_Lata,13,0.0,0.0,0.0,0.0,0.0,0.0
125,Pouso Alegre,POU_L1,Itaipava_Lata,14,0.0,0.0,0.0,0.0,0.0,0.0
125,Pouso Alegre,POU_L1,Itaipava_Lata,15,0.0,0.0,0.0,0.0,0.0,0.0
125,Pouso Alegre,POU_L2,Maguary_Maracuja,1,0.0,0.0,0.0,0.0,0.0,0.0
125,Pouso Alegre,POU_L2,Maguary_Maracuja,2,0.0,0.0,0.0,0.0,0.0,0.0
125,Pouso Alegre,POU_L2,Maguary_Maracuja,3,0.0,0.0,0.0,0.0,0.0,0.0
125,Pouso Alegre,POU_L2,Maguary_Maracuja,4,0.0,0.0,0.0,0.0,0.0,11609.4
125,Pouso Alegre,POU_L2,Maguary_Maracuja,5,0.0,0.0,0.0,0.0,0.0,0.0
125,Pouso Alegre,POU_L2,Maguary_Maracuja,6,0.0,0.0,0.0,0.0,0.0,0.0
125,Pouso Alegre,POU_L2,Maguary_Maracuja,7,0.0,0.0,0.0,0.0,0.0,0.0
125,Pouso Alegre,POU_L2,Maguary_Maracuja,8,0.0,0.0,0.0,0.0,0.0,0.0
125,Pouso Alegre,POU_L2,Maguary_Maracuja,9,0.0,0.0,44003.66,0.0,0.0,44003.66
125,Pouso Alegre,POU_L2,Maguary_Maracuja,10,0.0,0.0,22709.69,0.0,0.0,69146.34
125,Pouso Alegre,POU_L2,Maguary_Maracuja,11,0.0,0.0,0.0,0.0,0.0,0.0
125,Pouso Alegre,POU_L2,Maguary_Maracuja,12,0.0,0.0,0.0,0.0,0.0,0.0
125,Pouso Alegre,POU_L2,Maguary_Maracuja,13,0.0,0.0,0.0,0.0,0.0,0.0
125,Pouso Alegre,POU_L2,Maguary_Maracuja,14,0.0,0.0,0.0,0.0,0.0,0.0
125,Pouso Alegre,POU_L2,Maguary_Maracuja,15,0.0,0.0,0.0,0.0,0.0,0.0
125,Pouso Alegre,POU_L2,Fanta_Laranja,1,0.0,0.0,0.0,0.0,0.0,0.0
125,Pouso Alegre,POU_L2,Fanta_Laranja,2,0.0,0.0,0.0,0.0,0.0,17839.25
125,Pouso Alegre,POU_L2,Fanta_Laranja,3,0.0,0.0,0.0,0.0,0.0,0.0
125,Pouso Alegre,POU_L2,Fanta_Laranja,4,0.0,0.0,0.0,0.0,0.0,0.0
125,Pouso Alegre,POU_L2,Fanta_Laranja,5,0.0,0.0,0.0,0.0,0.0,0.0
125,Pouso Alegre,POU_L2,Fanta_Laranja,6,0.0,0.0,0.0,0.0,0.0,0.0
125,Pouso Alegre,POU_L2,Fanta_Laranja,7,0.0,0.0,0.0,0.0,0.0,0.0
125,Pouso Alegre,POU_L2,Fanta_Laranja,8,0.0,0.0,0.0,0.0,0.0,3421.38
125,Pouso Alegre,POU_L2,Fanta_Laranja,9,0.0,0.0,0.0,0.0,0.0,0.0
125,Pouso Alegre,POU_L2,Fanta_Laranja,10,0.0,0.0,0.0,0.0,0.0,0.0
125,Pouso Alegre,POU_L2,Fanta_Laranja,11,0.0,0.0,0.0,0.0,0.0,0.0
125,Pouso Alegre,POU_L2,Fanta_Laranja,12,0.0,0.0,0.0,0.0,0.0,0.0
125,Pouso Alegre,POU_L2,Fanta_Laranja,13,0.0,0.0,0.0,0.0,0.0,11925.31
125,Pouso Alegre,POU_L2,Fanta_Laranja,14,0.0,0.0,0.0,0.0,0.0,0.0
125,Pouso Alegre,POU_L2,Fanta_Laranja,15,0.0,0.0,0.0,0.0,0.0,0.0
125,Pouso Alegre,POU_L2,Schweppes_Citrus,1,0.0,0.0,0.0,0.0,0.0,0.0
125,Pouso Alegre,POU_L2,Schweppes_Citrus,2,0.0,0.0,0.0,0.0,0.0,0.0
125,Pouso Alegre,POU_L2,Schweppes_Citrus,3,0.0,0.0,0.0,0.0,0.0,0.0
125,Pouso Alegre,POU_L2,Schweppes_Citrus,4,0.0,0.0,0.0,0.0,0.0,0.0
125,Pouso Alegre,POU_L2,Schweppes_Citrus,5,0.0,0.0,0.0,0.0,0.0,0.0
125,Pouso Alegre,POU_L2,Schweppes_Citrus,6,0.0,0.0,0.0,0.0,0.0,0.0
125,Pouso Alegre,POU_L2,Schweppes_Citrus,7,0.0,0.0,0.0,0.0,0.0,0.0
125,Pouso Alegre,POU_L2,Schweppes_Citrus,8,0.0,0.0,0.0,0.0,0.0,19110.56
125,Pouso Alegre,POU_L2,Schweppes_Citrus,9,0.0,0.0,0.0,0.0,0.0,0.0
125,Pouso Alegre,POU_L2,Schweppes_Citrus,10,0.0,0.0,0.0,0.0,0.0,0.0
125,Pouso Alegre,POU_L2,Schweppes_Citrus,11,0.0,0.0,0.0,0.0,0.0,0.0
125,Pouso Alegre,POU_L2,Schweppes_Citrus,12,0.0,0.0,0.0,0.0,0.0,0.0
125,Pouso Alegre,POU_L2,Schweppes_Citrus,13,0.0,0.0,0.0,0.0,0.0,0.0
125,Pouso Alegre,POU_L2,Schweppes_Citrus,14,0.0,0.0,0.0,0.0,0.0,0.0
125,Pouso Alegre,POU_L2,Schweppes_Citrus,15,0.0,0.0,0.0,0.0,0.0,0.0
125,Pouso Alegre,POU_L2,Sprite_Zero,1,0.0,0.0,0.0,0.0,0.0,0.0
125,Pouso Alegre,POU_L2,Sprite_Zero,2,0.0,0.0,1479.63,0.0,0.0,1479.63
125,Pouso Alegre,POU_L2,Sprite_Zero,3,0.0,0.0,0.0,0.0,0.0,0.0
125,Pouso Alegre,POU_L2,Sprite_Zero,4,0.0,0.0,0.0,0.0,0.0,0.0
125,Pouso Alegre,POU_L2,Sprite_Zero,5,0.0,0.0,0.0,0.0,0.0,0.0
125,Pouso Alegre,POU_L2,Sprite_Zero,6,0.0,0.0,0.0,0.0,0.0,6746.37
125,Pouso Alegre,POU_L2,Sprite_Zero,7,0.0,0.0,0.0,0.0,0.0,6146.5
125,Pouso Alegre,POU_L2,Sprite_Zero,8,0.0,0.0,0.0,0.0,0.0,0.0
125,Pouso Alegre,POU_L2,Sprite_Zero,9,0.0,0.0,0.0,0.0,0.0,0.0
125,Pouso Alegre,POU_L2,Sprite_Zero,10,0.0,0.0,0.0,0.0,0.0,0.0
125,Pouso Alegre,POU_L2,Sprite_Zero,11,0.0,0.0,0.0,0.0,0.0,0.0
125,Pouso Alegre,POU_L2,Sprite_Zero,12,0.0,0.0,0.0,0.0,0.0,0.0
125,Pouso Alegre,POU_L2,Sprite_Zero,13,0.0,0.0,0.0,0.0,0.0,0.0
125,Pouso Alegre,POU_L2,Sprite_Zero,14,0.0,0.0,0.0,0.0,0.0,0.0
125,Pouso Alegre,POU_L2,Sprite_Zero,15,0.0,0.0,0.0,0.0,0.0,0.0
125,Pouso Alegre,POU_L2,Eisenbahn_Pilsen,1,0.0,0.0,0.0,0.0,0.0,0.0
125,Pouso Alegre,POU_L2,Eisenbahn_Pilsen,2,0.0,0.0,0.0,0.0,0.0,31499.9
125,Pouso Alegre,POU_L2,Eisenbahn_Pilsen,3,0.0,0.0,0.0,0.0,0.0,3241.3499999999876
125,Pouso Alegre,POU_L2,Eisenbahn_Pilsen,4,0.0,0.0,0.0,0.0,3241.3499999999876,0.0
125,Pouso Alegre,POU_L2,Eisenbahn_Pilsen,5,0.0,0.0,0.0,0.0,0.0,0.0
125,Pouso Alegre,POU_L2,Eisenbahn_Pilsen,6,0.0,0.0,0.0,0.0,0.0,0.0
125,Pouso Alegre,POU_L2,Eisenbahn_Pilsen,7,0.0,0.0,0.0,0.0,0.0,0.0
125,Pouso Alegre,POU_L2,Eisenbahn_Pilsen,8,0.0,0.0,16450.41,0.0,0.0,16450.41
125,Pouso Alegre,POU_L2,Eisenbahn_Pilsen,9,0.0,0.0,0.0,0.0,0.0,0.0
125,Pouso Alegre,POU_L2,Eisenbahn_Pilsen,10,0.0,0.0,0.0,0.0,0.0,0.0
125,Pouso Alegre,POU_L2,Eisenbahn_Pilsen,11,0.0,0.0,0.0,0.0,0.0,0.0
125,Pouso Alegre,POU_L2,Eisenbahn_Pilsen,12,0.0,0.0,0.0,0.0,0.0,9011.739999999998
125,Pouso Alegre,POU_L2,Eisenbahn_Pilsen,13,0.0,0.0,0.0,0.0,9011.739999999998,17038.06
125,Pouso Alegre,POU_L2,Eisenbahn_Pilsen,14,0.0,0.0,0.0,0.0,0.0,30208.96
125,Pouso Alegre,POU_L2,Eisenbahn_Pilsen,15,0.0,0.0,41221.0,0.0,0.0,41221.0
125,Pouso Alegre,POU_L2,Del_Valle_Pessego,1,0.0,0.0,0.0,0.0,35876.37,0.0
125,Pouso Alegre,POU_L2,Del_Valle_Pessego,2,0.0,0.0,0.0,0.0,4891.29,0.0
125,Pouso Alegre,POU_L2,Del_Valle_Pessego,3,0.0,0.0,0.0,0.0,37296.0,0.0
125,Pouso Alegre,POU_L2,Del_Valle_Pessego,4,0.0,0.0,0.0,0.0,0.0,0.0
125,Pouso Alegre,POU_L2,Del_Valle_Pessego,5,0.0,0.0,0.0,0.0,36576.0,0.0
125,Pouso Alegre,POU_L2,Del_Valle_Pessego,6,0.0,0.0,0.0,16508.62,41856.0,0.0
125,Pouso Alegre,POU_L2,Del_Valle_Pessego,7,0.0,0.0,0.0,0.0,0.0,0.0
125,Pouso Alegre,POU_L2,Del_Valle_Pessego,8,0.0,0.0,0.0,0.0,33235.56,0.0
125,Pouso Alegre,POU_L2,Del_Valle_Pessego,9,0.0,0.0,0.0,0.0,0.0,0.0
125,Pouso Alegre,POU_L2,Del_Valle_Pessego,10,0.0,0.0,0.0,0.0,12865.21,0.0
125,Pouso Alegre,POU_L2,Del_Valle_Pessego,11,5796.75,0.0,0.0,0.0,44436.75,0.0
125,Pouso Alegre,POU_L2,Del_Valle_Pessego,12,10659.03,0.0,0.0,0.0,50187.03,0.0
125,Pouso Alegre,POU_L2,Del_Valle_Pessego,13,0.0,0.0,0.0,0.0,35892.26,0.0
125,Pouso Alegre,POU_L2,Del_Valle_Pessego,14,0.0,0.0,0.0,0.0,41184.0,0.0
125,Pouso Alegre,POU_L2,Del_Valle_Pessego,15,17204.319999999985,0.0,0.0,0.0,20069.329999999987,0.0
125,Pouso Alegre,POU_L2,Coca_Cola,1,0.0,0.0,0.0,989.73,0.0,0.0
125,Pouso Alegre,POU_L2,Coca_Cola,2,0.0,0.0,0.0,0.0,0.0,0.0
125,Pouso Alegre,POU_L2,Coca_Cola,3,0.0,0.0,0.0,0.0,0.0,0.0
125,Pouso Alegre,POU_L2,Coca_Cola,4,0.0,0.0,0.0,0.0,0.0,0.0
125,Pouso Alegre,POU_L2,Coca_Cola,5,0.0,0.0,0.0,0.0,0.0,0.0
125,Pouso Alegre,POU_L2,Coca_Cola,6,0.0,0.0,0.0,0.0,0.0,0.0
125,Pouso Alegre,POU_L2,Coca_Cola,7,0.0,0.0,0.0,0.0,0.0,0.0
125,Pouso Alegre,POU_L2,Coca_Cola,8,0.0,0.0,0.0,14829.83,0.0,0.0
125,Pouso Alegre,POU_L2,Coca_Cola,9,0.0,0.0,0.0,0.0,0.0,0.0
125,Pouso Alegre,POU_L2,Coca_Cola,10,0.0,0.0,0.0,0.0,0.0,0.0
125,Pouso Alegre,POU_L2,Coca_Cola,11,0.0,0.0,0.0,0.0,0.0,0.0
125,Pouso Alegre,POU_L2,Coca_Cola,12,0.0,0.0,0.0,39171.68,0.0,0.0
125,Pouso Alegre,POU_L2,Coca_Cola,13,0.0,0.0,0.0,0.0,0.0,0.0
125,Pouso Alegre,POU_L2,Coca_Cola,14,0.0,0.0,0.0,0.0,0.0,0.0
125,Pouso Alegre,POU_L2,Coca_Cola,15,0.0,0.0,0.0,0.0,0.0,0.0
125,Pouso Alegre,POU_L2,Amstel_Lata,1,0.0,0.0,0.0,0.0,0.0,0.0
125,Pouso Alegre,POU_L2,Amstel_Lata,2,0.0,0.0,0.0,0.0,0.0,0.0
125,Pouso Alegre,POU_L2,Amstel_Lata,3,0.0,0.0,0.0,0.0,0.0,0.0
125,Pouso Alegre,POU_L2,Amstel_Lata,4,0.0,0.0,0.0,0.0,0.0,0.0
125,Pouso Alegre,POU_L2,Amstel_Lata,5,0.0,0.0,0.0,0.0,0.0,0.0
125,Pouso Alegre,POU_L2,Amstel_Lata,6,0.0,0.0,0.0,0.0,0.0,0.0
125,Pouso Alegre,POU_L2,Amstel_Lata,7,0.0,0.0,0.0,0.0,0.0,0.0
125,Pouso Alegre,POU_L2,Amstel_Lata,8,0.0,0.0,0.0,0.0,0.0,0.0
125,Pouso Alegre,POU_L2,Amstel_Lata,9,0.0,0.0,0.0,0.0,0.0,0.0
125,Pouso Alegre,POU_L2,Amstel_Lata,10,0.0,0.0,0.0,0.0,0.0,0.0
125,Pouso Alegre,POU_L2,Amstel_Lata,11,0.0,0.0,0.0,0.0,0.0,1989.08
125,Pouso Alegre,POU_L2,Amstel_Lata,12,0.0,0.0,0.0,0.0,0.0,0.0
125,Pouso Alegre,POU_L2,Amstel_Lata,13,0.0,0.0,0.0,0.0,0.0,0.0
125,Pouso Alegre,POU_L2,Amstel_Lata,14,0.0,0.0,0.0,0.0,0.0,0.0
125,Pouso Alegre,POU_L2,Amstel_Lata,15,0.0,0.0,0.0,0.0,0.0,0.0
125,Pouso Alegre,POU_L2,Pepsi_Black,1,0.0,0.0,0.0,0.0,0.0,0.0
125,Pouso Alegre,POU_L2,Pepsi_Black,2,0.0,0.0,0.0,0.0,0.0,0.0
125,Pouso Alegre,POU_L2,Pepsi_Black,3,0.0,0.0,0.0,0.0,0.0,0.0
125,Pouso Alegre,POU_L2,Pepsi_Black,4,0.0,0.0,0.0,0.0,0.0,33363.95
125,Pouso Alegre,POU_L2,Pepsi_Black,5,0.0,0.0,20386.07,0.0,0.0,20386.07
125,Pouso Alegre,POU_L2,Pepsi_Black,6,0.0,0.0,0.0,0.0,0.0,0.0
125,Pouso Alegre,POU_L2,Pepsi_Black,7,0.0,0.0,0.0,0.0,0.0,0.0
125,Pouso Alegre,POU_L2,Pepsi_Black,8,0.0,0.0,0.0,0.0,0.0,0.0
125,Pouso Alegre,POU_L2,Pepsi_Black,9,0.0,0.0,0.0,0.0,0.0,0.0
125,Pouso Alegre,POU_L2,Pepsi_Black,10,0.0,0.0,0.0,0.0,0.0,0.0
125,Pouso Alegre,POU_L2,Pepsi_Black,11,0.0,0.0,9918.19,0.0,0.0,33844.32
125,Pouso Alegre,POU_L2,Pepsi_Black,12,0.0,0.0,0.0,0.0,0.0,0.0
125,Pouso Alegre,POU_L2,Pepsi_Black,13,0.0,0.0,0.0,0.0,0.0,53200.03
125,Pouso Alegre,POU_L2,Pepsi_Black,14,0.0,0.0,33240.21,0.0,0.0,33240.21
125,Pouso Alegre,POU_L2,Pepsi_Black,15,0.0,0.0,0.0,0.0,0.0,0.0
125,Pouso Alegre,POU_L2,Del_Valle_Laranja,1,0.0,0.0,0.0,0.0,0.0,0.0
125,Pouso Alegre,POU_L2,Del_Valle_Laranja,2,0.0,0.0,29060.7,0.0,0.0,29060.7
125,Pouso Alegre,POU_L2,Del_Valle_Laranja,3,0.0,0.0,0.0,0.0,0.0,0.0
125,Pouso Alegre,POU_L2,Del_Valle_Laranja,4,0.0,0.0,0.0,0.0,0.0,0.0
125,Pouso Alegre,POU_L2,Del_Valle_Laranja,5,0.0,0.0,20540.74,0.0,0.0,20540.74
125,Pouso Alegre,POU_L2,Del_Valle_Laranja,6,0.0,0.0,0.0,0.0,0.0,0.0
125,Pouso Alegre,POU_L2,Del_Valle_Laranja,7,0.0,0.0,0.0,0.0,0.0,0.0
125,Pouso Alegre,POU_L2,Del_Valle_Laranja,8,0.0,0.0,0.0,0.0,0.0,0.0
125,Pouso Alegre,POU_L2,Del_Valle_Laranja,9,0.0,0.0,0.0,0.0,0.0,0.0
125,Pouso Alegre,POU_L2,Del_Valle_Laranja,10,0.0,0.0,0.0,0.0,0.0,0.0
125,Pouso Alegre,POU_L2,Del_Valle_Laranja,11,0.0,0.0,0.0,0.0,0.0,0.0
125,Pouso Alegre,POU_L2,Del_Valle_Laranja,12,0.0,0.0,0.0,0.0,0.0,6230.41
125,Pouso Alegre,POU_L2,Del_Valle_Laranja,13,0.0,0.0,0.0,0.0,0.0,0.0
125,Pouso Alegre,POU_L2,Del_Valle_Laranja,14,0.0,0.0,0.0,0.0,0.0,0.0
125,Pouso Alegre,POU_L2,Del_Valle_Laranja,15,0.0,0.0,0.0,0.0,0.0,0.0
125,Pouso Alegre,POU_L2,Itubaina,1,41544.0,0.0,0.0,0.0,41544.0,0.0
125,Pouso Alegre,POU_L2,Itubaina,2,37560.0,0.0,0.0,0.0,37560.0,0.0
125,Pouso Alegre,POU_L2,Itubaina,3,37728.0,0.0,14873.32,0.0,22854.679999999993,0.0
125,Pouso Alegre,POU_L2,Itubaina,4,38952.0,0.0,0.0,0.0,38952.0,0.0
125,Pouso Alegre,POU_L2,Itubaina,5,36864.0,0.0,0.0,0.0,36864.0,15745.61
125,Pouso Alegre,POU_L2,Itubaina,6,41952.0,0.0,0.0,0.0,41952.0,0.0
125,Pouso Alegre,POU_L2,Itubaina,7,39936.0,0.0,0.0,0.0,39936.0,0.0
125,Pouso Alegre,POU_L2,Itubaina,8,38688.0,0.0,0.0,0.0,38688.0,0.0
125,Pouso Alegre,POU_L2,Itubaina,9,23429.120000000003,0.0,0.0,0.0,23429.120000000003,0.0
125,Pouso Alegre,POU_L2,Itubaina,10,30098.639999999996,0.0,0.0,0.0,30098.639999999996,0.0
125,Pouso Alegre,POU_L2,Itubaina,11,26846.890000000003,0.0,0.0,0.0,26846.890000000003,0.0
125,Pouso Alegre,POU_L2,Itubaina,12,27284.969999999998,0.0,0.0,0.0,27284.969999999998,0.0
125,Pouso Alegre,POU_L2,Itubaina,13,37420.96,0.0,0.0,0.0,37420.96,0.0
125,Pouso Alegre,POU_L2,Itubaina,14,38976.0,0.0,0.0,0.0,38976.0,0.0
125,Pouso Alegre,POU_L2,Itubaina,15,19128.65,0.0,5191.81,0.0,13936.84,0.0
125,Pouso Alegre,POU_L2,Stella_Artois_Pure_Gold,1,0.0,0.0,0.0,0.0,18549.27,18549.27
125,Pouso Alegre,POU_L2,Stella_Artois_Pure_Gold,2,0.0,0.0,0.0,0.0,0.0,0.0
125,Pouso Alegre,POU_L2,Stella_Artois_Pure_Gold,3,0.0,0.0,0.0,0.0,0.0,0.0
125,Pouso Alegre,POU_L2,Stella_Artois_Pure_Gold,4,0.0,0.0,0.0,0.0,0.0,0.0
125,Pouso Alegre,POU_L2,Stella_Artois_Pure_Gold,5,0.0,0.0,0.0,0.0,0.0,0.0
125,Pouso Alegre,POU_L2,Stella_Artois_Pure_Gold,6,0.0,0.0,0.0,0.0,0.0,0.0
125,Pouso Alegre,POU_L2,Stella_Artois_Pure_Gold,7,0.0,0.0,20300.04,0.0,0.0,37264.229999999996
125,Pouso Alegre,POU_L2,Stella_Artois_Pure_Gold,8,0.0,0.0,0.0,0.0,0.0,0.0
125,Pouso Alegre,POU_L2,Stella_Artois_Pure_Gold,9,0.0,0.0,0.0,0.0,0.0,0.0
125,Pouso Alegre,POU_L2,Stella_Artois_Pure_Gold,10,0.0,0.0,0.0,0.0,0.0,0.0
125,Pouso Alegre,POU_L2,Stella_Artois_Pure_Gold,11,0.0,0.0,0.0,0.0,23059.1,23059.1
125,Pouso Alegre,POU_L2,Stella_Artois_Pure_Gold,12,0.0,0.0,0.0,0.0,0.0,0.0
125,Pouso Alegre,POU_L2,Stella_Artois_Pure_Gold,13,0.0,0.0,0.0,0.0,0.0,0.0
125,Pouso Alegre,POU_L2,Stella_Artois_Pure_Gold,14,0.0,0.0,0.0,0.0,0.0,0.0
125,Pouso Alegre,POU_L2,Stella_Artois_Pure_Gold,15,0.0,0.0,0.0,0.0,0.0,0.0
125,Pouso Alegre,POU_L2,Maguary_Caju,1,0.0,0.0,0.0,0.0,0.0,0.0
125,Pouso Alegre,POU_L2,Maguary_Caju,2,0.0,0.0,0.0,0.0,0.0,0.0
125,Pouso Alegre,POU_L2,Maguary_Caju,3,0.0,0.0,0.0,0.0,0.0,0.0
125,Pouso Alegre,POU_L2,Maguary_Caju,4,0.0,0.0,0.0,0.0,0.0,0.0
125,Pouso Alegre,POU_L2,Maguary_Caju,5,0.0,0.0,0.0,0.0,0.0,0.0
125,Pouso Alegre,POU_L2,Maguary_Caju,6,0.0,0.0,0.0,0.0,0.0,0.0
125,Pouso Alegre,POU_L2,Maguary_Caju,7,0.0,0.0,0.0,0.0,0.0,0.0
125,Pouso Alegre,POU_L2,Maguary_Caju,8,0.0,0.0,0.0,0.0,0.0,0.0
125,Pouso Alegre,POU_L2,Maguary_Caju,9,0.0,0.0,0.0,0.0,0.0,0.0
125,Pouso Alegre,POU_L2,Maguary_Caju,10,0.0,0.0,0.0,0.0,0.0,0.0
125,Pouso Alegre,POU_L2,Maguary_Caju,11,0.0,0.0,0.0,0.0,0.0,0.0
125,Pouso Alegre,POU_L2,Maguary_Caju,12,0.0,0.0,0.0,0.0,0.0,0.0
125,Pouso Alegre,POU_L2,Maguary_Caju,13,0.0,0.0,0.0,0.0,0.0,0.0
125,Pouso Alegre,POU_L2,Maguary_Caju,14,0.0,0.0,0.0,0.0,0.0,0.0
125,Pouso Alegre,POU_L2,Maguary_Caju,15,0.0,0.0,0.0,0.0,0.0,0.0
125,Pouso Alegre,POU_L2,Coca_Cola_Zero,1,0.0,0.0,53021.39,0.0,0.0,53021.39
125,Pouso Alegre,POU_L2,Coca_Cola_Zero,2,0.0,0.0,0.0,0.0,0.0,0.0
125,Pouso Alegre,POU_L2,Coca_Cola_Zero,3,0.0,0.0,0.0,0.0,3393.530000000006,3393.530000000006
125,Pouso Alegre,POU_L2,Coca_Cola_Zero,4,0.0,0.0,0.0,0.0,0.0,0.0
125,Pouso Alegre,POU_L2,Coca_Cola_Zero,5,0.0,0.0,0.0,0.0,0.0,0.0
125,Pouso Alegre,POU_L2,Coca_Cola_Zero,6,0.0,0.0,0.0,0.0,0.0,0.0
125,Pouso Alegre,POU_L2,Coca_Cola_Zero,7,0.0,0.0,0.0,0.0,0.0,36124.78
125,Pouso Alegre,POU_L2,Coca_Cola_Zero,8,0.0,0.0,0.0,0.0,0.0,0.0
125,Pouso Alegre,POU_L2,Coca_Cola_Zero,9,0.0,0.0,0.0,0.0,0.0,0.0
125,Pouso Alegre,POU_L2,Coca_Cola_Zero,10,0.0,0.0,0.0,0.0,0.0,0.0
125,Pouso Alegre,POU_L2,Coca_Cola_Zero,11,0.0,0.0,0.0,0.0,0.0,12494.14
125,Pouso Alegre,POU_L2,Coca_Cola_Zero,12,0.0,0.0,0.0,0.0,0.0,0.0
125,Pouso Alegre,POU_L2,Coca_Cola_Zero,13,0.0,0.0,0.0,0.0,0.0,0.0
125,Pouso Alegre,POU_L2,Coca_Cola_Zero,14,0.0,0.0,0.0,0.0,0.0,0.0
125,Pouso Alegre,POU_L2,Coca_Cola_Zero,15,0.0,0.0,0.0,0.0,0.0,0.0
125,Pouso Alegre,POU_L2,Pepsi,1,0.0,0.0,0.0,0.0,0.0,0.0
125,Pouso Alegre,POU_L2,Pepsi,2,0.0,0.0,0.0,0.0,0.0,0.0
125,Pouso Alegre,POU_L2,Pepsi,3,0.0,0.0,0.0,0.0,0.0,0.0
125,Pouso Alegre,POU_L2,Pepsi,4,0.0,0.0,0.0,0.0,0.0,0.0
125,Pouso Alegre,POU_L2,Pepsi,5,0.0,0.0,0.0,0.0,0.0,0.0
125,Pouso Alegre,POU_L2,Pepsi,6,0.0,0.0,0.0,0.0,0.0,51751.220000000016
125,Pouso Alegre,POU_L2,Pepsi,7,0.0,0.0,0.0,0.0,0.0,0.0
125,Pouso Alegre,POU_L2,Pepsi,8,0.0,0.0,0.0,0.0,0.0,0.0
125,Pouso Alegre,POU_L2,Pepsi,9,0.0,0.0,0.0,0.0,0.0,18636.17
125,Pouso Alegre,POU_L2,Pepsi,10,0.0,0.0,0.0,0.0,0.0,51307.8
125,Pouso Alegre,POU_L2,Pepsi,11,0.0,0.0,0.0,0.0,0.0,0.0
125,Pouso Alegre,POU_L2,Pepsi,12,0.0,0.0,0.0,0.0,0.0,0.0
125,Pouso Alegre,POU_L2,Pepsi,13,0.0,0.0,0.0,0.0,0.0,0.0
125,Pouso Alegre,POU_L2,Pepsi,14,0.0,0.0,0.0,0.0,0.0,0.0
125,Pouso Alegre,POU_L2,Pepsi,15,0.0,0.0,0.0,0.0,0.0,0.0
125,Pouso Alegre,POU_L2,Antarctica_Lata,1,0.0,0.0,0.0,0.0,0.0,0.0
125,Pouso Alegre,POU_L2,Antarctica_Lata,2,0.0,0.0,0.0,0.0,0.0,0.0
125,Pouso Alegre,POU_L2,Antarctica_Lata,3,0.0,0.0,0.0,0.0,0.0,0.0
125,Pouso Alegre,POU_L2,Antarctica_Lata,4,0.0,0.0,0.0,0.0,0.0,0.0
125,Pouso Alegre,POU_L2,Antarctica_Lata,5,0.0,0.0,0.0,0.0,0.0,0.0
125,Pouso Alegre,POU_L2,Antarctica_Lata,6,0.0,0.0,0.0,0.0,0.0,0.0
125,Pouso Alegre,POU_L2,Antarctica_Lata,7,0.0,0.0,0.0,0.0,0.0,0.0
125,Pouso Alegre,POU_L2,Antarctica_Lata,8,0.0,0.0,0.0,0.0,0.0,0.0
125,Pouso Alegre,POU_L2,Antarctica_Lata,9,0.0,0.0,0.0,0.0,0.0,0.0
125,Pouso Alegre,POU_L2,Antarctica_Lata,10,0.0,0.0,0.0,0.0,0.0,0.0
125,Pouso Alegre,POU_L2,Antarctica_Lata,11,0.0,0.0,0.0,0.0,0.0,0.0
125,Pouso Alegre,POU_L2,Antarctica_Lata,12,0.0,0.0,0.0,0.0,0.0,0.0
125,Pouso Alegre,POU_L2,Antarctica_Lata,13,0.0,0.0,0.0,0.0,0.0,0.0
125,Pouso Alegre,POU_L2,Antarctica_Lata,14,0.0,0.0,0.0,0.0,0.0,14709.66
125,Pouso Alegre,POU_L2,Antarctica_Lata,15,0.0,0.0,0.0,0.0,0.0,0.0
125,Pouso Alegre,POU_L2,Spaten_Lata,1,0.0,0.0,0.0,0.0,0.0,19164.79
125,Pouso Alegre,POU_L2,Spaten_Lata,2,0.0,0.0,0.0,0.0,0.0,0.0
125,Pouso Alegre,POU_L2,Spaten_Lata,3,0.0,0.0,0.0,0.0,0.0,14053.470000000005
125,Pouso Alegre,POU_L2,Spaten_Lata,4,0.0,0.0,5907.62,0.0,14053.470000000005,5907.62
125,Pouso Alegre,POU_L2,Spaten_Lata,5,0.0,0.0,0.0,0.0,0.0,0.0
125,Pouso Alegre,POU_L2,Spaten_Lata,6,0.0,0.0,0.0,0.0,0.0,0.0
125,Pouso Alegre,POU_L2,Spaten_Lata,7,0.0,0.0,0.0,0.0,0.0,0.0
125,Pouso Alegre,POU_L2,Spaten_Lata,8,0.0,0.0,0.0,0.0,0.0,7852.309999999998
125,Pouso Alegre,POU_L2,Spaten_Lata,9,0.0,0.0,0.0,0.0,7852.309999999998,0.0
125,Pouso Alegre,POU_L2,Spaten_Lata,10,0.0,0.0,0.0,0.0,0.0,0.0
125,Pouso Alegre,POU_L2,Spaten_Lata,11,0.0,0.0,0.0,0.0,0.0,0.0
125,Pouso Alegre,POU_L2,Spaten_Lata,12,0.0,0.0,0.0,0.0,0.0,0.0
125,Pouso Alegre,POU_L2,Spaten_Lata,13,0.0,0.0,0.0,0.0,0.0,0.0
125,Pouso Alegre,POU_L2,Spaten_Lata,14,0.0,0.0,0.0,0.0,0.0,0.0
125,Pouso Alegre,POU_L2,Spaten_Lata,15,0.0,0.0,0.0,0.0,0.0,0.0
125,Pouso Alegre,POU_L2,Heineken_Lata,1,0.0,0.0,0.0,0.0,0.0,0.0
125,Pouso Alegre,POU_L2,Heineken_Lata,2,0.0,0.0,0.0,0.0,0.0,0.0
125,Pouso Alegre,POU_L2,Heineken_Lata,3,0.0,0.0,0.0,0.0,0.0,0.0
125,Pouso Alegre,POU_L2,Heineken_Lata,4,0.0,0.0,0.0,0.0,0.0,51406.44
125,Pouso Alegre,POU_L2,Heineken_Lata,5,0.0,0.0,0.0,0.0,0.0,0.0
125,Pouso Alegre,POU_L2,Heineken_Lata,6,0.0,0.0,17698.88,0.0,0.0,17698.88
125,Pouso Alegre,POU_L2,Heineken_Lata,7,0.0,0.0,28843.32,0.0,0.0,28843.32
125,Pouso Alegre,POU_L2,Heineken_Lata,8,0.0,0.0,14886.3,0.0,0.0,14886.3
125,Pouso Alegre,POU_L2,Heineken_Lata,9,0.0,0.0,0.0,0.0,0.0,0.0
125,Pouso Alegre,POU_L2,Heineken_Lata,10,0.0,0.0,23396.56,0.0,0.0,23396.56
125,Pouso Alegre,POU_L2,Heineken_Lata,11,0.0,0.0,0.0,0.0,0.0,0.0
125,Pouso Alegre,POU_L2,Heineken_Lata,12,0.0,0.0,0.0,0.0,0.0,0.0
125,Pouso Alegre,POU_L2,Heineken_Lata,13,0.0,0.0,0.0,0.0,0.0,0.0
125,Pouso Alegre,POU_L2,Heineken_Lata,14,0.0,0.0,0.0,0.0,0.0,0.0
125,Pouso Alegre,POU_L2,Heineken_Lata,15,0.0,0.0,0.0,0.0,0.0,0.0
125,Pouso Alegre,POU_L2,Sukita_Laranja,1,0.0,0.0,0.0,0.0,0.0,0.0
125,Pouso Alegre,POU_L2,Sukita_Laranja,2,0.0,0.0,0.0,0.0,36652.71000000001,0.0
125,Pouso Alegre,POU_L2,Sukita_Laranja,3,0.0,0.0,0.0,0.0,0.0,0.0
125,Pouso Alegre,POU_L2,Sukita_Laranja,4,0.0,0.0,41713.57000000001,469.11999999999534,74150.45000000001,41713.57000000001
125,Pouso Alegre,POU_L2,Sukita_Laranja,5,0.0,0.0,0.0,0.0,0.0,0.0
125,Pouso Alegre,POU_L2,Sukita_Laranja,6,0.0,0.0,0.0,0.0,16976.25,0.0
125,Pouso Alegre,POU_L2,Sukita_Laranja,7,0.0,0.0,0.0,0.0,43411.22,0.0
125,Pouso Alegre,POU_L2,Sukita_Laranja,8,0.0,0.0,0.0,0.0,29428.67,0.0
125,Pouso Alegre,POU_L2,Sukita_Laranja,9,0.0,0.0,0.0,0.0,38136.0,0.0
125,Pouso Alegre,POU_L2,Sukita_Laranja,10,0.0,0.0,0.0,0.0,50899.229999999996,0.0
125,Pouso Alegre,POU_L2,Sukita_Laranja,11,0.0,0.0,0.0,0.0,0.0,0.0
125,Pouso Alegre,POU_L2,Sukita_Laranja,12,0.0,0.0,0.0,0.0,0.0,0.0
125,Pouso Alegre,POU_L2,Sukita_Laranja,13,0.0,0.0,0.0,0.0,4355.739999999999,0.0
125,Pouso Alegre,POU_L2,Sukita_Laranja,14,0.0,0.0,0.0,0.0,11752.850000000002,0.0
125,Pouso Alegre,POU_L2,Sukita_Laranja,15,0.0,0.0,0.0,0.0,0.0,8589.179999999975
125,Pouso Alegre,POU_L2,H2OH_Limao,1,0.0,0.0,0.0,0.0,35664.0,0.0
125,Pouso Alegre,POU_L2,H2OH_Limao,2,0.0,0.0,0.0,0.0,40224.0,0.0
125,Pouso Alegre,POU_L2,H2OH_Limao,3,0.0,0.0,15939.33,0.0,42672.0,15939.33
125,Pouso Alegre,POU_L2,H2OH_Limao,4,0.0,0.0,0.0,0.0,561.5499999999975,0.0
125,Pouso Alegre,POU_L2,H2OH_Limao,5,0.0,0.0,0.0,0.0,36408.00000000001,46607.18
125,Pouso Alegre,POU_L2,H2OH_Limao,6,0.0,11416.05,0.0,0.0,20391.75,11416.05
125,Pouso Alegre,POU_L2,H2OH_Limao,7,0.0,31399.31000000001,0.0,0.0,19983.26000000001,19983.26000000001
125,Pouso Alegre,POU_L2,H2OH_Limao,8,0.0,0.0,0.0,0.0,42967.080000000016,0.0
125,Pouso Alegre,POU_L2,H2OH_Limao,9,0.0,0.0,0.0,0.0,34344.0,34344.0
125,Pouso Alegre,POU_L2,H2OH_Limao,10,0.0,0.0,0.0,0.0,15603.56,0.0
125,Pouso Alegre,POU_L2,H2OH_Limao,11,0.0,0.0,0.0,0.0,4381.980000000003,0.0
125,Pouso Alegre,POU_L2,H2OH_Limao,12,0.0,0.0,0.0,0.0,0.0,0.0
125,Pouso Alegre,POU_L2,H2OH_Limao,13,0.0,0.0,21127.87,0.0,37560.0,21127.87
125,Pouso Alegre,POU_L2,H2OH_Limao,14,0.0,0.0,0.0,0.0,26071.15,0.0
125,Pouso Alegre,POU_L2,H2OH_Limao,15,0.0,0.0,0.0,0.0,22698.73,0.0
125,Pouso Alegre,POU_L2,Budweiser_Lata,1,0.0,0.0,0.0,0.0,0.0,15848.480000000018
125,Pouso Alegre,POU_L2,Budweiser_Lata,2,0.0,0.0,0.0,0.0,439.84999999999945,0.0
125,Pouso Alegre,POU_L2,Budweiser_Lata,3,0.0,0.0,0.0,0.0,14564.290000000015,0.0
125,Pouso Alegre,POU_L2,Budweiser_Lata,4,0.0,0.0,0.0,0.0,844.3400000000038,0.0
125,Pouso Alegre,POU_L2,Budweiser_Lata,5,0.0,0.0,0.0,0.0,0.0,0.0
125,Pouso Alegre,POU_L2,Budweiser_Lata,6,0.0,0.0,0.0,0.0,0.0,17940.98
125,Pouso Alegre,POU_L2,Budweiser_Lata,7,0.0,0.0,0.0,0.0,0.0,0.0
125,Pouso Alegre,POU_L2,Budweiser_Lata,8,0.0,0.0,0.0,0.0,0.0,0.0
125,Pouso Alegre,POU_L2,Budweiser_Lata,9,0.0,0.0,0.0,0.0,0.0,0.0
125,Pouso Alegre,POU_L2,Budweiser_Lata,10,0.0,0.0,0.0,0.0,0.0,0.0
125,Pouso Alegre,POU_L2,Budweiser_Lata,11,0.0,0.0,0.0,0.0,0.0,0.0
125,Pouso Alegre,POU_L2,Budweiser_Lata,12,0.0,0.0,0.0,0.0,0.0,36960.0
125,Pouso Alegre,POU_L2,Budweiser_Lata,13,0.0,0.0,0.0,0.0,16541.12,0.0
125,Pouso Alegre,POU_L2,Budweiser_Lata,14,0.0,0.0,5232.34,0.0,0.0,20467.590000000007
125,Pouso Alegre,POU_L2,Budweiser_Lata,15,0.0,0.0,0.0,0.0,15235.250000000007,0.0
125,Pouso Alegre,POU_L2,Kuat,1,0.0,0.0,0.0,0.0,0.0,0.0
125,Pouso Alegre,POU_L2,Kuat,2,0.0,0.0,18007.4,0.0,0.0,18007.4
125,Pouso Alegre,POU_L2,Kuat,3,0.0,0.0,0.0,0.0,0.0,0.0
125,Pouso Alegre,POU_L2,Kuat,4,0.0,0.0,0.0,0.0,0.0,0.0
125,Pouso Alegre,POU_L2,Kuat,5,0.0,0.0,0.0,0.0,0.0,0.0
125,Pouso Alegre,POU_L2,Kuat,6,0.0,0.0,0.0,0.0,0.0,0.0
125,Pouso Alegre,POU_L2,Kuat,7,0.0,0.0,0.0,0.0,0.0,0.0
125,Pouso Alegre,POU_L2,Kuat,8,0.0,0.0,0.0,0.0,0.0,0.0
125,Pouso Alegre,POU_L2,Kuat,9,0.0,0.0,0.0,0.0,0.0,0.0
125,Pouso Alegre,POU_L2,Kuat,10,0.0,0.0,0.0,0.0,0.0,0.0
125,Pouso Alegre,POU_L2,Kuat,11,0.0,0.0,0.0,0.0,0.0,0.0
125,Pouso Alegre,POU_L2,Kuat,12,0.0,0.0,0.0,0.0,0.0,0.0
125,Pouso Alegre,POU_L2,Kuat,13,0.0,0.0,0.0,0.0,0.0,0.0
125,Pouso Alegre,POU_L2,Kuat,14,0.0,0.0,0.0,0.0,0.0,0.0
125,Pouso Alegre,POU_L2,Kuat,15,0.0,0.0,0.0,0.0,0.0,0.0
125,Pouso Alegre,POU_L2,Fanta_Uva,1,0.0,0.0,0.0,0.0,0.0,0.0
125,Pouso Alegre,POU_L2,Fanta_Uva,2,0.0,0.0,0.0,0.0,0.0,30481.55
125,Pouso Alegre,POU_L2,Fanta_Uva,3,0.0,0.0,0.0,0.0,0.0,0.0
125,Pouso Alegre,POU_L2,Fanta_Uva,4,0.0,0.0,0.0,0.0,0.0,0.0
125,Pouso Alegre,POU_L2,Fanta_Uva,5,0.0,0.0,5807.6,0.0,0.0,5807.6
125,Pouso Alegre,POU_L2,Fanta_Uva,6,0.0,0.0,0.0,0.0,0.0,0.0
125,Pouso Alegre,POU_L2,Fanta_Uva,7,0.0,0.0,0.0,0.0,0.0,0.0
125,Pouso Alegre,POU_L2,Fanta_Uva,8,0.0,0.0,0.0,0.0,0.0,45716.44
125,Pouso Alegre,POU_L2,Fanta_Uva,9,0.0,0.0,0.0,0.0,0.0,0.0
125,Pouso Alegre,POU_L2,Fanta_Uva,10,0.0,0.0,0.0,0.0,0.0,0.0
125,Pouso Alegre,POU_L2,Fanta_Uva,11,0.0,0.0,23433.38,0.0,0.0,23433.38
125,Pouso Alegre,POU_L2,Fanta_Uva,12,0.0,0.0,0.0,0.0,13573.13000000002,13573.13000000002
125,Pouso Alegre,POU_L2,Fanta_Uva,13,0.0,0.0,0.0,0.0,0.0,0.0
125,Pouso Alegre,POU_L2,Fanta_Uva,14,0.0,0.0,0.0,0.0,0.0,0.0
125,Pouso Alegre,POU_L2,Fanta_Uva,15,0.0,0.0,0.0,0.0,0.0,0.0
125,Pouso Alegre,POU_L2,Sprite,1,0.0,0.0,0.0,0.0,0.0,0.0
125,Pouso Alegre,POU_L2,Sprite,2,0.0,0.0,0.0,0.0,0.0,0.0
125,Pouso Alegre,POU_L2,Sprite,3,0.0,0.0,0.0,0.0,0.0,0.0
125,Pouso Alegre,POU_L2,Sprite,4,0.0,0.0,0.0,0.0,0.0,0.0
125,Pouso Alegre,POU_L2,Sprite,5,0.0,0.0,0.0,0.0,0.0,0.0
125,Pouso Alegre,POU_L2,Sprite,6,0.0,0.0,0.0,0.0,0.0,0.0
125,Pouso Alegre,POU_L2,Sprite,7,0.0,0.0,0.0,0.0,0.0,0.0
125,Pouso Alegre,POU_L2,Sprite,8,0.0,0.0,0.0,0.0,0.0,0.0
125,Pouso Alegre,POU_L2,Sprite,9,0.0,0.0,0.0,0.0,0.0,0.0
125,Pouso Alegre,POU_L2,Sprite,10,0.0,0.0,0.0,0.0,0.0,0.0
125,Pouso Alegre,POU_L2,Sprite,11,0.0,0.0,4593.330000000009,8034.739999999991,0.0,4593.330000000009
125,Pouso Alegre,POU_L2,Sprite,12,0.0,0.0,0.0,0.0,0.0,3604.43
125,Pouso Alegre,POU_L2,Sprite,13,0.0,0.0,0.0,0.0,0.0,0.0
125,Pouso Alegre,POU_L2,Sprite,14,0.0,0.0,0.0,0.0,0.0,31676.23
125,Pouso Alegre,POU_L2,Sprite,15,0.0,0.0,0.0,0.0,0.0,0.0
125,Pouso Alegre,POU_L2,Skol_Lata,1,0.0,0.0,0.0,0.0,0.0,25270.18
125,Pouso Alegre,POU_L2,Skol_Lata,2,0.0,0.0,0.0,0.0,0.0,0.0
125,Pouso Alegre,POU_L2,Skol_Lata,3,0.0,0.0,0.0,0.0,0.0,0.0
125,Pouso Alegre,POU_L2,Skol_Lata,4,0.0,0.0,0.0,0.0,0.0,0.0
125,Pouso Alegre,POU_L2,Skol_Lata,5,0.0,0.0,0.0,0.0,0.0,0.0
125,Pouso Alegre,POU_L2,Skol_Lata,6,0.0,0.0,0.0,0.0,0.0,0.0
125,Pouso Alegre,POU_L2,Skol_Lata,7,0.0,0.0,0.0,0.0,0.0,0.0
125,Pouso Alegre,POU_L2,Skol_Lata,8,0.0,0.0,0.0,0.0,0.0,0.0
125,Pouso Alegre,POU_L2,Skol_Lata,9,0.0,0.0,0.0,0.0,0.0,0.0
125,Pouso Alegre,POU_L2,Skol_Lata,10,0.0,0.0,0.0,0.0,0.0,0.0
125,Pouso Alegre,POU_L2,Skol_Lata,11,0.0,0.0,0.0,0.0,0.0,0.0
125,Pouso Alegre,POU_L2,Skol_Lata,12,0.0,0.0,0.0,0.0,0.0,0.0
125,Pouso Alegre,POU_L2,Skol_Lata,13,0.0,0.0,0.0,0.0,0.0,0.0
125,Pouso Alegre,POU_L2,Skol_Lata,14,0.0,0.0,0.0,0.0,0.0,0.0
125,Pouso Alegre,POU_L2,Skol_Lata,15,0.0,0.0,0.0,0.0,0.0,0.0
125,Pouso Alegre,POU_L2,Guarana_Antarctica,1,0.0,0.0,0.0,0.0,0.0,0.0
125,Pouso Alegre,POU_L2,Guarana_Antarctica,2,0.0,0.0,0.0,0.0,0.0,0.0
125,Pouso Alegre,POU_L2,Guarana_Antarctica,3,0.0,0.0,0.0,0.0,0.0,0.0
125,Pouso Alegre,POU_L2,Guarana_Antarctica,4,0.0,0.0,0.0,0.0,0.0,0.0
125,Pouso Alegre,POU_L2,Guarana_Antarctica,5,0.0,0.0,0.0,0.0,0.0,0.0
125,Pouso Alegre,POU_L2,Guarana_Antarctica,6,0.0,0.0,0.0,0.0,0.0,0.0
125,Pouso Alegre,POU_L2,Guarana_Antarctica,7,0.0,0.0,0.0,0.0,0.0,0.0
125,Pouso Alegre,POU_L2,Guarana_Antarctica,8,0.0,0.0,0.0,0.0,0.0,0.0
125,Pouso Alegre,POU_L2,Guarana_Antarctica,9,0.0,0.0,0.0,0.0,0.0,0.0
125,Pouso Alegre,POU_L2,Guarana_Antarctica,10,0.0,0.0,0.0,0.0,0.0,0.0
125,Pouso Alegre,POU_L2,Guarana_Antarctica,11,0.0,0.0,0.0,0.0,0.0,0.0
125,Pouso Alegre,POU_L2,Guarana_Antarctica,12,0.0,0.0,9624.24,0.0,0.0,9624.24
125,Pouso Alegre,POU_L2,Guarana_Antarctica,13,0.0,0.0,0.0,0.0,0.0,0.0
125,Pouso Alegre,POU_L2,Guarana_Antarctica,14,0.0,0.0,0.0,0.0,0.0,0.0
125,Pouso Alegre,POU_L2,Guarana_Antarctica,15,0.0,0.0,0.0,0.0,0.0,0.0
125,Pouso Alegre,POU_L2,Guarana_Antarctica_Zero,1,0.0,0.0,0.0,0.0,3773.440000000005,3773.440000000005
125,Pouso Alegre,POU_L2,Guarana_Antarctica_Zero,2,0.0,0.0,0.0,0.0,17623.42,17623.42
125,Pouso Alegre,POU_L2,Guarana_Antarctica_Zero,3,0.0,0.0,15299.25,0.0,0.0,15299.25
125,Pouso Alegre,POU_L2,Guarana_Antarctica_Zero,4,0.0,0.0,0.0,0.0,0.0,0.0
125,Pouso Alegre,POU_L2,Guarana_Antarctica_Zero,5,0.0,0.0,0.0,0.0,0.0,0.0
125,Pouso Alegre,POU_L2,Guarana_Antarctica_Zero,6,0.0,0.0,0.0,0.0,0.0,0.0
125,Pouso Alegre,POU_L2,Guarana_Antarctica_Zero,7,0.0,0.0,0.0,0.0,32797.16,32797.16
125,Pouso Alegre,POU_L2,Guarana_Antarctica_Zero,8,0.0,0.0,0.0,0.0,0.0,27147.79
125,Pouso Alegre,POU_L2,Guarana_Antarctica_Zero,9,12258.88,0.0,0.0,0.0,12258.88,0.0
125,Pouso Alegre,POU_L2,Guarana_Antarctica_Zero,10,5973.3600000000015,0.0,0.0,0.0,5973.360000000002,0.0
125,Pouso Alegre,POU_L2,Guarana_Antarctica_Zero,11,4868.359999999999,0.0,0.0,0.0,4868.359999999999,25567.07
125,Pouso Alegre,POU_L2,Guarana_Antarctica_Zero,12,0.0,0.0,0.0,0.0,0.0,0.0
125,Pouso Alegre,POU_L2,Guarana_Antarctica_Zero,13,2683.040000000003,0.0,27131.39,0.0,0.0,40353.15000000001
125,Pouso Alegre,POU_L2,Guarana_Antarctica_Zero,14,0.0,0.0,8139.46,0.0,0.0,29117.04
125,Pouso Alegre,POU_L2,Guarana_Antarctica_Zero,15,0.0,0.0,0.0,0.0,0.0,0.0
125,Pouso Alegre,POU_L2,Del_Valle_Uva,1,0.0,0.0,0.0,0.0,0.0,0.0
125,Pouso Alegre,POU_L2,Del_Valle_Uva,2,0.0,22725.99,0.0,0.0,0.0,22725.99
125,Pouso Alegre,POU_L2,Del_Valle_Uva,3,0.0,0.0,0.0,0.0,22725.99,613.99
125,Pouso Alegre,POU_L2,Del_Valle_Uva,4,0.0,0.0,0.0,0.0,0.0,0.0
125,Pouso Alegre,POU_L2,Del_Valle_Uva,5,0.0,0.0,0.0,0.0,0.0,0.0
125,Pouso Alegre,POU_L2,Del_Valle_Uva,6,0.0,0.0,0.0,0.0,0.0,0.0
125,Pouso Alegre,POU_L2,Del_Valle_Uva,7,0.0,0.0,0.0,0.0,0.0,0.0
125,Pouso Alegre,POU_L2,Del_Valle_Uva,8,0.0,0.0,0.0,0.0,0.0,0.0
125,Pouso Alegre,POU_L2,Del_Valle_Uva,9,0.0,0.0,0.0,0.0,0.0,0.0
125,Pouso Alegre,POU_L2,Del_Valle_Uva,10,0.0,0.0,0.0,0.0,0.0,0.0
125,Pouso Alegre,POU_L2,Del_Valle_Uva,11,0.0,0.0,0.0,0.0,0.0,0.0
125,Pouso Alegre,POU_L2,Del_Valle_Uva,12,0.0,0.0,0.0,0.0,0.0,0.0
125,Pouso Alegre,POU_L2,Del_Valle_Uva,13,0.0,2530.1100000000024,0.0,0.0,0.0,2530.1100000000024
125,Pouso Alegre,POU_L2,Del_Valle_Uva,14,0.0,0.0,0.0,0.0,2530.1100000000024,0.0
125,Pouso Alegre,POU_L2,Del_Valle_Uva,15,0.0,0.0,0.0,0.0,0.0,0.0
125,Pouso Alegre,POU_L2,Brahma_Lata,1,0.0,0.0,0.0,0.0,0.0,11072.68
125,Pouso Alegre,POU_L2,Brahma_Lata,2,0.0,0.0,0.0,0.0,0.0,0.0
125,Pouso Alegre,POU_L2,Brahma_Lata,3,0.0,0.0,0.0,0.0,0.0,0.0
125,Pouso Alegre,POU_L2,Brahma_Lata,4,0.0,0.0,0.0,0.0,0.0,0.0
125,Pouso Alegre,POU_L2,Brahma_Lata,5,0.0,0.0,0.0,0.0,0.0,0.0
125,Pouso Alegre,POU_L2,Brahma_Lata,6,0.0,0.0,18342.05,0.0,0.0,18342.05
125,Pouso Alegre,POU_L2,Brahma_Lata,7,0.0,0.0,0.0,0.0,0.0,0.0
125,Pouso Alegre,POU_L2,Brahma_Lata,8,0.0,0.0,0.0,0.0,0.0,0.0
125,Pouso Alegre,POU_L2,Brahma_Lata,9,0.0,0.0,0.0,0.0,0.0,21896.79
125,Pouso Alegre,POU_L2,Brahma_Lata,10,0.0,0.0,0.0,0.0,0.0,0.0
125,Pouso Alegre,POU_L2,Brahma_Lata,11,0.0,0.0,0.0,0.0,0.0,0.0
125,Pouso Alegre,POU_L2,Brahma_Lata,12,0.0,0.0,0.0,0.0,0.0,0.0
125,Pouso Alegre,POU_L2,Brahma_Lata,13,0.0,0.0,0.0,0.0,0.0,0.0
125,Pouso Alegre,POU_L2,Brahma_Lata,14,0.0,0.0,0.0,0.0,0.0,0.0
125,Pouso Alegre,POU_L2,Brahma_Lata,15,1467.0300000000125,0.0,0.0,0.0,1467.0300000000125,9971.3
125,Pouso Alegre,POU_L2,Itaipava_Lata,1,0.0,0.0,0.0,0.0,0.0,0.0
125,Pouso Alegre,POU_L2,Itaipava_Lata,2,0.0,0.0,0.0,0.0,0.0,0.0
125,Pouso Alegre,POU_L2,Itaipava_Lata,3,0.0,0.0,0.0,0.0,0.0,0.0
125,Pouso Alegre,POU_L2,Itaipava_Lata,4,0.0,0.0,0.0,0.0,0.0,0.0
125,Pouso Alegre,POU_L2,Itaipava_Lata,5,0.0,0.0,0.0,0.0,0.0,0.0
125,Pouso Alegre,POU_L2,Itaipava_Lata,6,0.0,0.0,0.0,0.0,0.0,0.0
125,Pouso Alegre,POU_L2,Itaipava_Lata,7,0.0,0.0,0.0,0.0,0.0,0.0
125,Pouso Alegre,POU_L2,Itaipava_Lata,8,0.0,0.0,0.0,0.0,0.0,0.0
125,Pouso Alegre,POU_L2,Itaipava_Lata,9,0.0,0.0,0.0,0.0,0.0,0.0
125,Pouso Alegre,POU_L2,Itaipava_Lata,10,0.0,0.0,0.0,0.0,0.0,0.0
125,Pouso Alegre,POU_L2,Itaipava_Lata,11,0.0,0.0,0.0,0.0,0.0,0.0
125,Pouso Alegre,POU_L2,Itaipava_Lata,12,0.0,0.0,0.0,0.0,0.0,0.0
125,Pouso Alegre,POU_L2,Itaipava_Lata,13,0.0,0.0,0.0,0.0,0.0,0.0
125,Pouso Alegre,POU_L2,Itaipava_Lata,14,0.0,0.0,0.0,0.0,0.0,0.0
125,Pouso Alegre,POU_L2,Itaipava_Lata,15,0.0,0.0,0.0,0.0,0.0,0.0
125,Pouso Alegre,POU_L3,Maguary_Maracuja,1,0.0,0.0,0.0,0.0,0.0,0.0
125,Pouso Alegre,POU_L3,Maguary_Maracuja,2,0.0,0.0,0.0,0.0,0.0,0.0
125,Pouso Alegre,POU_L3,Maguary_Maracuja,3,0.0,0.0,0.0,0.0,0.0,0.0
125,Pouso Alegre,POU_L3,Maguary_Maracuja,4,0.0,0.0,0.0,0.0,0.0,11609.4
125,Pouso Alegre,POU_L3,Maguary_Maracuja,5,0.0,0.0,0.0,0.0,0.0,0.0
125,Pouso Alegre,POU_L3,Maguary_Maracuja,6,0.0,0.0,0.0,0.0,0.0,0.0
125,Pouso Alegre,POU_L3,Maguary_Maracuja,7,0.0,0.0,0.0,0.0,0.0,0.0
125,Pouso Alegre,POU_L3,Maguary_Maracuja,8,0.0,0.0,0.0,0.0,0.0,0.0
125,Pouso Alegre,POU_L3,Maguary_Maracuja,9,0.0,0.0,0.0,0.0,0.0,44003.66
125,Pouso Alegre,POU_L3,Maguary_Maracuja,10,0.0,0.0,0.0,0.0,0.0,69146.34
125,Pouso Alegre,POU_L3,Maguary_Maracuja,11,0.0,0.0,0.0,0.0,0.0,0.0
125,Pouso Alegre,POU_L3,Maguary_Maracuja,12,0.0,0.0,0.0,0.0,0.0,0.0
125,Pouso Alegre,POU_L3,Maguary_Maracuja,13,0.0,0.0,0.0,0.0,0.0,0.0
125,Pouso Alegre,POU_L3,Maguary_Maracuja,14,0.0,0.0,0.0,0.0,0.0,0.0
125,Pouso Alegre,POU_L3,Maguary_Maracuja,15,0.0,0.0,0.0,0.0,0.0,0.0
125,Pouso Alegre,POU_L3,Fanta_Laranja,1,0.0,0.0,0.0,0.0,0.0,0.0
125,Pouso Alegre,POU_L3,Fanta_Laranja,2,0.0,0.0,17839.25,0.0,0.0,17839.25
125,Pouso Alegre,POU_L3,Fanta_Laranja,3,0.0,0.0,0.0,0.0,0.0,0.0
125,Pouso Alegre,POU_L3,Fanta_Laranja,4,0.0,0.0,0.0,0.0,0.0,0.0
125,Pouso Alegre,POU_L3,Fanta_Laranja,5,0.0,0.0,0.0,0.0,0.0,0.0
125,Pouso Alegre,POU_L3,Fanta_Laranja,6,0.0,0.0,0.0,0.0,0.0,0.0
125,Pouso Alegre,POU_L3,Fanta_Laranja,7,0.0,0.0,0.0,0.0,0.0,0.0
125,Pouso Alegre,POU_L3,Fanta_Laranja,8,0.0,0.0,0.0,0.0,0.0,3421.38
125,Pouso Alegre,POU_L3,Fanta_Laranja,9,0.0,0.0,0.0,0.0,0.0,0.0
125,Pouso Alegre,POU_L3,Fanta_Laranja,10,0.0,0.0,0.0,0.0,0.0,0.0
125,Pouso Alegre,POU_L3,Fanta_Laranja,11,0.0,0.0,0.0,0.0,0.0,0.0
125,Pouso Alegre,POU_L3,Fanta_Laranja,12,0.0,0.0,0.0,0.0,0.0,0.0
125,Pouso Alegre,POU_L3,Fanta_Laranja,13,0.0,0.0,11925.31,0.0,0.0,11925.31
125,Pouso Alegre,POU_L3,Fanta_Laranja,14,0.0,0.0,0.0,0.0,0.0,0.0
125,Pouso Alegre,POU_L3,Fanta_Laranja,15,0.0,0.0,0.0,0.0,0.0,0.0
125,Pouso Alegre,POU_L3,Schweppes_Citrus,1,0.0,0.0,0.0,0.0,0.0,0.0
125,Pouso Alegre,POU_L3,Schweppes_Citrus,2,0.0,0.0,0.0,0.0,0.0,0.0
125,Pouso Alegre,POU_L3,Schweppes_Citrus,3,0.0,0.0,0.0,0.0,0.0,0.0
125,Pouso Alegre,POU_L3,Schweppes_Citrus,4,0.0,0.0,0.0,0.0,0.0,0.0
125,Pouso Alegre,POU_L3,Schweppes_Citrus,5,0.0,0.0,0.0,0.0,0.0,0.0
125,Pouso Alegre,POU_L3,Schweppes_Citrus,6,0.0,0.0,0.0,0.0,0.0,0.0
125,Pouso Alegre,POU_L3,Schweppes_Citrus,7,0.0,0.0,0.0,0.0,0.0,0.0
125,Pouso Alegre,POU_L3,Schweppes_Citrus,8,0.0,0.0,19110.56,0.0,0.0,19110.56
125,Pouso Alegre,POU_L3,Schweppes_Citrus,9,0.0,0.0,0.0,0.0,0.0,0.0
125,Pouso Alegre,POU_L3,Schweppes_Citrus,10,0.0,0.0,0.0,0.0,0.0,0.0
125,Pouso Alegre,POU_L3,Schweppes_Citrus,11,0.0,0.0,0.0,0.0,0.0,0.0
125,Pouso Alegre,POU_L3,Schweppes_Citrus,12,0.0,0.0,0.0,0.0,0.0,0.0
125,Pouso Alegre,POU_L3,Schweppes_Citrus,13,0.0,0.0,0.0,0.0,0.0,0.0
125,Pouso Alegre,POU_L3,Schweppes_Citrus,14,0.0,0.0,0.0,0.0,0.0,0.0
125,Pouso Alegre,POU_L3,Schweppes_Citrus,15,0.0,0.0,0.0,0.0,0.0,0.0
125,Pouso Alegre,POU_L3,Sprite_Zero,1,0.0,0.0,0.0,0.0,0.0,0.0
125,Pouso Alegre,POU_L3,Sprite_Zero,2,0.0,0.0,0.0,0.0,0.0,1479.63
125,Pouso Alegre,POU_L3,Sprite_Zero,3,0.0,0.0,0.0,0.0,0.0,0.0
125,Pouso Alegre,POU_L3,Sprite_Zero,4,0.0,0.0,0.0,0.0,0.0,0.0
125,Pouso Alegre,POU_L3,Sprite_Zero,5,0.0,0.0,0.0,0.0,0.0,0.0
125,Pouso Alegre,POU_L3,Sprite_Zero,6,0.0,0.0,0.0,0.0,0.0,6746.37
125,Pouso Alegre,POU_L3,Sprite_Zero,7,0.0,0.0,0.0,0.0,0.0,6146.5
125,Pouso Alegre,POU_L3,Sprite_Zero,8,0.0,0.0,0.0,0.0,0.0,0.0
125,Pouso Alegre,POU_L3,Sprite_Zero,9,0.0,0.0,0.0,0.0,0.0,0.0
125,Pouso Alegre,POU_L3,Sprite_Zero,10,0.0,0.0,0.0,0.0,0.0,0.0
125,Pouso Alegre,POU_L3,Sprite_Zero,11,0.0,0.0,0.0,0.0,0.0,0.0
125,Pouso Alegre,POU_L3,Sprite_Zero,12,0.0,0.0,0.0,0.0,0.0,0.0
125,Pouso Alegre,POU_L3,Sprite_Zero,13,0.0,0.0,0.0,0.0,0.0,0.0
125,Pouso Alegre,POU_L3,Sprite_Zero,14,0.0,0.0,0.0,0.0,0.0,0.0
125,Pouso Alegre,POU_L3,Sprite_Zero,15,0.0,0.0,0.0,0.0,0.0,0.0
125,Pouso Alegre,POU_L3,Eisenbahn_Pilsen,1,0.0,0.0,0.0,0.0,0.0,0.0
125,Pouso Alegre,POU_L3,Eisenbahn_Pilsen,2,0.0,0.0,31499.9,0.0,0.0,31499.9
125,Pouso Alegre,POU_L3,Eisenbahn_Pilsen,3,0.0,0.0,0.0,0.0,0.0,3241.3499999999876
125,Pouso Alegre,POU_L3,Eisenbahn_Pilsen,4,0.0,0.0,0.0,0.0,3241.3499999999876,0.0
125,Pouso Alegre,POU_L3,Eisenbahn_Pilsen,5,0.0,0.0,0.0,0.0,0.0,0.0
125,Pouso Alegre,POU_L3,Eisenbahn_Pilsen,6,0.0,0.0,0.0,0.0,0.0,0.0
125,Pouso Alegre,POU_L3,Eisenbahn_Pilsen,7,0.0,0.0,0.0,0.0,0.0,0.0
125,Pouso Alegre,POU_L3,Eisenbahn_Pilsen,8,0.0,0.0,0.0,0.0,0.0,16450.41
125,Pouso Alegre,POU_L3,Eisenbahn_Pilsen,9,0.0,0.0,0.0,0.0,0.0,0.0
125,Pouso Alegre,POU_L3,Eisenbahn_Pilsen,10,0.0,0.0,0.0,0.0,0.0,0.0
125,Pouso Alegre,POU_L3,Eisenbahn_Pilsen,11,0.0,0.0,0.0,0.0,0.0,0.0
125,Pouso Alegre,POU_L3,Eisenbahn_Pilsen,12,0.0,0.0,0.0,0.0,0.0,9011.739999999998
125,Pouso Alegre,POU_L3,Eisenbahn_Pilsen,13,0.0,0.0,17038.06,0.0,9011.739999999998,17038.06
125,Pouso Alegre,POU_L3,Eisenbahn_Pilsen,14,0.0,0.0,0.0,0.0,0.0,30208.96
125,Pouso Alegre,POU_L3,Eisenbahn_Pilsen,15,0.0,0.0,0.0,0.0,0.0,41221.0
125,Pouso Alegre,POU_L3,Del_Valle_Pessego,1,0.0,0.0,0.0,0.0,35876.37,0.0
125,Pouso Alegre,POU_L3,Del_Valle_Pessego,2,0.0,0.0,0.0,0.0,4891.29,0.0
125,Pouso Alegre,POU_L3,Del_Valle_Pessego,3,0.0,0.0,0.0,0.0,37296.0,0.0
125,Pouso Alegre,POU_L3,Del_Valle_Pessego,4,0.0,0.0,0.0,0.0,0.0,0.0
125,Pouso Alegre,POU_L3,Del_Valle_Pessego,5,0.0,0.0,0.0,0.0,36576.0,0.0
125,Pouso Alegre,POU_L3,Del_Valle_Pessego,6,0.0,0.0,0.0,0.0,41856.0,0.0
125,Pouso Alegre,POU_L3,Del_Valle_Pessego,7,0.0,0.0,0.0,0.0,0.0,0.0
125,Pouso Alegre,POU_L3,Del_Valle_Pessego,8,0.0,0.0,0.0,0.0,33235.56,0.0
125,Pouso Alegre,POU_L3,Del_Valle_Pessego,9,0.0,0.0,0.0,0.0,0.0,0.0
125,Pouso Alegre,POU_L3,Del_Valle_Pessego,10,0.0,0.0,0.0,0.0,12865.21,0.0
125,Pouso Alegre,POU_L3,Del_Valle_Pessego,11,0.0,0.0,0.0,0.0,44436.75,0.0
125,Pouso Alegre,POU_L3,Del_Valle_Pessego,12,0.0,0.0,0.0,0.0,50187.03,0.0
125,Pouso Alegre,POU_L3,Del_Valle_Pessego,13,0.0,0.0,0.0,0.0,35892.26,0.0
125,Pouso Alegre,POU_L3,Del_Valle_Pessego,14,0.0,0.0,0.0,0.0,41184.0,0.0
125,Pouso Alegre,POU_L3,Del_Valle_Pessego,15,0.0,0.0,0.0,0.0,20069.329999999987,0.0
125,Pouso Alegre,POU_L3,Coca_Cola,1,0.0,0.0,0.0,0.0,0.0,0.0
125,Pouso Alegre,POU_L3,Coca_Cola,2,0.0,0.0,0.0,0.0,0.0,0.0
125,Pouso Alegre,POU_L3,Coca_Cola,3,0.0,0.0,0.0,0.0,0.0,0.0
125,Pouso Alegre,POU_L3,Coca_Cola,4,0.0,0.0,0.0,0.0,0.0,0.0
125,Pouso Alegre,POU_L3,Coca_Cola,5,0.0,0.0,0.0,0.0,0.0,0.0
125,Pouso Alegre,POU_L3,Coca_Cola,6,0.0,0.0,0.0,0.0,0.0,0.0
125,Pouso Alegre,POU_L3,Coca_Cola,7,0.0,0.0,0.0,0.0,0.0,0.0
125,Pouso Alegre,POU_L3,Coca_Cola,8,0.0,0.0,0.0,0.0,0.0,0.0
125,Pouso Alegre,POU_L3,Coca_Cola,9,0.0,0.0,0.0,0.0,0.0,0.0
125,Pouso Alegre,POU_L3,Coca_Cola,10,0.0,0.0,0.0,0.0,0.0,0.0
125,Pouso Alegre,POU_L3,Coca_Cola,11,0.0,0.0,0.0,0.0,0.0,0.0
125,Pouso Alegre,POU_L3,Coca_Cola,12,0.0,0.0,0.0,0.0,0.0,0.0
125,Pouso Alegre,POU_L3,Coca_Cola,13,0.0,0.0,0.0,0.0,0.0,0.0
125,Pouso Alegre,POU_L3,Coca_Cola,14,0.0,0.0,0.0,0.0,0.0,0.0
125,Pouso Alegre,POU_L3,Coca_Cola,15,0.0,0.0,0.0,0.0,0.0,0.0
125,Pouso Alegre,POU_L3,Amstel_Lata,1,0.0,0.0,0.0,0.0,0.0,0.0
125,Pouso Alegre,POU_L3,Amstel_Lata,2,0.0,0.0,0.0,0.0,0.0,0.0
125,Pouso Alegre,POU_L3,Amstel_Lata,3,0.0,0.0,0.0,0.0,0.0,0.0
125,Pouso Alegre,POU_L3,Amstel_Lata,4,0.0,0.0,0.0,0.0,0.0,0.0
125,Pouso Alegre,POU_L3,Amstel_Lata,5,0.0,0.0,0.0,0.0,0.0,0.0
125,Pouso Alegre,POU_L3,Amstel_Lata,6,0.0,0.0,0.0,0.0,0.0,0.0
125,Pouso Alegre,POU_L3,Amstel_Lata,7,0.0,0.0,0.0,0.0,0.0,0.0
125,Pouso Alegre,POU_L3,Amstel_Lata,8,0.0,0.0,0.0,0.0,0.0,0.0
125,Pouso Alegre,POU_L3,Amstel_Lata,9,0.0,0.0,0.0,0.0,0.0,0.0
125,Pouso Alegre,POU_L3,Amstel_Lata,10,0.0,0.0,0.0,0.0,0.0,0.0
125,Pouso Alegre,POU_L3,Amstel_Lata,11,0.0,0.0,0.0,0.0,0.0,1989.08
125,Pouso Alegre,POU_L3,Amstel_Lata,12,0.0,0.0,0.0,0.0,0.0,0.0
125,Pouso Alegre,POU_L3,Amstel_Lata,13,0.0,0.0,0.0,0.0,0.0,0.0
125,Pouso Alegre,POU_L3,Amstel_Lata,14,0.0,0.0,0.0,0.0,0.0,0.0
125,Pouso Alegre,POU_L3,Amstel_Lata,15,0.0,0.0,0.0,0.0,0.0,0.0
125,Pouso Alegre,POU_L3,Pepsi_Black,1,0.0,0.0,0.0,0.0,0.0,0.0
125,Pouso Alegre,POU_L3,Pepsi_Black,2,0.0,0.0,0.0,0.0,0.0,0.0
125,Pouso Alegre,POU_L3,Pepsi_Black,3,0.0,0.0,0.0,0.0,0.0,0.0
125,Pouso Alegre,POU_L3,Pepsi_Black,4,0.0,0.0,0.0,0.0,0.0,33363.95
125,Pouso Alegre,POU_L3,Pepsi_Black,5,0.0,0.0,0.0,0.0,0.0,20386.07
125,Pouso Alegre,POU_L3,Pepsi_Black,6,0.0,0.0,0.0,0.0,0.0,0.0
125,Pouso Alegre,POU_L3,Pepsi_Black,7,0.0,0.0,0.0,0.0,0.0,0.0
125,Pouso Alegre,POU_L3,Pepsi_Black,8,0.0,0.0,0.0,0.0,0.0,0.0
125,Pouso Alegre,POU_L3,Pepsi_Black,9,0.0,0.0,0.0,0.0,0.0,0.0
125,Pouso Alegre,POU_L3,Pepsi_Black,10,0.0,0.0,0.0,0.0,0.0,0.0
125,Pouso Alegre,POU_L3,Pepsi_Black,11,0.0,0.0,0.0,0.0,0.0,33844.32
125,Pouso Alegre,POU_L3,Pepsi_Black,12,0.0,0.0,0.0,0.0,0.0,0.0
125,Pouso Alegre,POU_L3,Pepsi_Black,13,0.0,0.0,0.0,0.0,0.0,53200.03
125,Pouso Alegre,POU_L3,Pepsi_Black,14,0.0,0.0,0.0,0.0,0.0,33240.21
125,Pouso Alegre,POU_L3,Pepsi_Black,15,0.0,0.0,0.0,0.0,0.0,0.0
125,Pouso Alegre,POU_L3,Del_Valle_Laranja,1,0.0,0.0,0.0,0.0,0.0,0.0
125,Pouso Alegre,POU_L3,Del_Valle_Laranja,2,0.0,0.0,0.0,0.0,0.0,29060.7
125,Pouso Alegre,POU_L3,Del_Valle_Laranja,3,0.0,0.0,0.0,0.0,0.0,0.0
125,Pouso Alegre,POU_L3,Del_Valle_Laranja,4,0.0,0.0,0.0,0.0,0.0,0.0
125,Pouso Alegre,POU_L3,Del_Valle_Laranja,5,0.0,0.0,0.0,0.0,0.0,20540.74
125,Pouso Alegre,POU_L3,Del_Valle_Laranja,6,0.0,0.0,0.0,0.0,0.0,0.0
125,Pouso Alegre,POU_L3,Del_Valle_Laranja,7,0.0,0.0,0.0,0.0,0.0,0.0
125,Pouso Alegre,POU_L3,Del_Valle_Laranja,8,0.0,0.0,0.0,0.0,0.0,0.0
125,Pouso Alegre,POU_L3,Del_Valle_Laranja,9,0.0,0.0,0.0,0.0,0.0,0.0
125,Pouso Alegre,POU_L3,Del_Valle_Laranja,10,0.0,0.0,0.0,0.0,0.0,0.0
125,Pouso Alegre,POU_L3,Del_Valle_Laranja,11,0.0,0.0,0.0,0.0,0.0,0.0
125,Pouso Alegre,POU_L3,Del_Valle_Laranja,12,0.0,0.0,0.0,0.0,0.0,6230.41
125,Pouso Alegre,POU_L3,Del_Valle_Laranja,13,0.0,0.0,0.0,0.0,0.0,0.0
125,Pouso Alegre,POU_L3,Del_Valle_Laranja,14,0.0,0.0,0.0,0.0,0.0,0.0
125,Pouso Alegre,POU_L3,Del_Valle_Laranja,15,0.0,0.0,0.0,0.0,0.0,0.0
125,Pouso Alegre,POU_L3,Itubaina,1,0.0,0.0,0.0,0.0,41544.0,0.0
125,Pouso Alegre,POU_L3,Itubaina,2,0.0,0.0,0.0,0.0,37560.0,0.0
125,Pouso Alegre,POU_L3,Itubaina,3,0.0,0.0,0.0,0.0,22854.679999999993,0.0
125,Pouso Alegre,POU_L3,Itubaina,4,0.0,0.0,0.0,0.0,38952.0,0.0
125,Pouso Alegre,POU_L3,Itubaina,5,0.0,0.0,15745.61,0.0,36864.0,15745.61
125,Pouso Alegre,POU_L3,Itubaina,6,0.0,0.0,0.0,0.0,41952.0,0.0
125,Pouso Alegre,POU_L3,Itubaina,7,0.0,0.0,0.0,0.0,39936.0,0.0
125,Pouso Alegre,POU_L3,Itubaina,8,0.0,0.0,0.0,0.0,38688.0,0.0
125,Pouso Alegre,POU_L3,Itubaina,9,0.0,0.0,0.0,0.0,23429.120000000003,0.0
125,Pouso Alegre,POU_L3,Itubaina,10,0.0,0.0,0.0,0.0,30098.639999999996,0.0
125,Pouso Alegre,POU_L3,Itubaina,11,0.0,0.0,0.0,0.0,26846.890000000003,0.0
125,Pouso Alegre,POU_L3,Itubaina,12,0.0,0.0,0.0,0.0,27284.969999999998,0.0
125,Pouso Alegre,POU_L3,Itubaina,13,0.0,0.0,0.0,0.0,37420.96,0.0
125,Pouso Alegre,POU_L3,Itubaina,14,0.0,0.0,0.0,0.0,38976.0,0.0
125,Pouso Alegre,POU_L3,Itubaina,15,0.0,0.0,0.0,0.0,13936.84,0.0
125,Pouso Alegre,POU_L3,Stella_Artois_Pure_Gold,1,0.0,0.0,0.0,0.0,18549.27,18549.27
125,Pouso Alegre,POU_L3,Stella_Artois_Pure_Gold,2,0.0,0.0,0.0,0.0,0.0,0.0
125,Pouso Alegre,POU_L3,Stella_Artois_Pure_Gold,3,0.0,0.0,0.0,0.0,0.0,0.0
125,Pouso Alegre,POU_L3,Stella_Artois_Pure_Gold,4,0.0,0.0,0.0,0.0,0.0,0.0
125,Pouso Alegre,POU_L3,Stella_Artois_Pure_Gold,5,0.0,0.0,0.0,0.0,0.0,0.0
125,Pouso Alegre,POU_L3,Stella_Artois_Pure_Gold,6,0.0,0.0,0.0,0.0,0.0,0.0
125,Pouso Alegre,POU_L3,Stella_Artois_Pure_Gold,7,0.0,0.0,16964.19,0.0,0.0,37264.229999999996
125,Pouso Alegre,POU_L3,Stella_Artois_Pure_Gold,8,0.0,0.0,0.0,0.0,0.0,0.0
125,Pouso Alegre,POU_L3,Stella_Artois_Pure_Gold,9,0.0,0.0,0.0,0.0,0.0,0.0
125,Pouso Alegre,POU_L3,Stella_Artois_Pure_Gold,10,0.0,0.0,0.0,0.0,0.0,0.0
125,Pouso Alegre,POU_L3,Stella_Artois_Pure_Gold,11,0.0,0.0,0.0,0.0,23059.1,23059.1
125,Pouso Alegre,POU_L3,Stella_Artois_Pure_Gold,12,0.0,0.0,0.0,0.0,0.0,0.0
125,Pouso Alegre,POU_L3,Stella_Artois_Pure_Gold,13,0.0,0.0,0.0,0.0,0.0,0.0
125,Pouso Alegre,POU_L3,Stella_Artois_Pure_Gold,14,0.0,0.0,0.0,0.0,0.0,0.0
125,Pouso Alegre,POU_L3,Stella_Artois_Pure_Gold,15,0.0,0.0,0.0,0.0,0.0,0.0
125,Pouso Alegre,POU_L3,Maguary_Caju,1,0.0,0.0,0.0,0.0,0.0,0.0
125,Pouso Alegre,POU_L3,Maguary_Caju,2,0.0,0.0,0.0,0.0,0.0,0.0
125,Pouso Alegre,POU_L3,Maguary_Caju,3,0.0,0.0,0.0,0.0,0.0,0.0
125,Pouso Alegre,POU_L3,Maguary_Caju,4,0.0,0.0,0.0,0.0,0.0,0.0
125,Pouso Alegre,POU_L3,Maguary_Caju,5,0.0,0.0,0.0,0.0,0.0,0.0
125,Pouso Alegre,POU_L3,Maguary_Caju,6,0.0,0.0,0.0,0.0,0.0,0.0
125,Pouso Alegre,POU_L3,Maguary_Caju,7,0.0,0.0,0.0,0.0,0.0,0.0
125,Pouso Alegre,POU_L3,Maguary_Caju,8,0.0,0.0,0.0,0.0,0.0,0.0
125,Pouso Alegre,POU_L3,Maguary_Caju,9,0.0,0.0,0.0,0.0,0.0,0.0
125,Pouso Alegre,POU_L3,Maguary_Caju,10,0.0,0.0,0.0,0.0,0.0,0.0
125,Pouso Alegre,POU_L3,Maguary_Caju,11,0.0,0.0,0.0,0.0,0.0,0.0
125,Pouso Alegre,POU_L3,Maguary_Caju,12,0.0,0.0,0.0,0.0,0.0,0.0
125,Pouso Alegre,POU_L3,Maguary_Caju,13,0.0,0.0,0.0,0.0,0.0,0.0
125,Pouso Alegre,POU_L3,Maguary_Caju,14,0.0,0.0,0.0,0.0,0.0,0.0
125,Pouso Alegre,POU_L3,Maguary_Caju,15,0.0,0.0,0.0,0.0,0.0,0.0
125,Pouso Alegre,POU_L3,Coca_Cola_Zero,1,0.0,0.0,0.0,0.0,0.0,53021.39
125,Pouso Alegre,POU_L3,Coca_Cola_Zero,2,0.0,0.0,0.0,0.0,0.0,0.0
125,Pouso Alegre,POU_L3,Coca_Cola_Zero,3,0.0,0.0,0.0,0.0,3393.530000000006,3393.530000000006
125,Pouso Alegre,POU_L3,Coca_Cola_Zero,4,0.0,0.0,0.0,0.0,0.0,0.0
125,Pouso Alegre,POU_L3,Coca_Cola_Zero,5,0.0,0.0,0.0,0.0,0.0,0.0
125,Pouso Alegre,POU_L3,Coca_Cola_Zero,6,0.0,0.0,0.0,0.0,0.0,0.0
125,Pouso Alegre,POU_L3,Coca_Cola_Zero,7,0.0,0.0,14589.64,0.0,0.0,36124.78
125,Pouso Alegre,POU_L3,Coca_Cola_Zero,8,0.0,0.0,0.0,0.0,0.0,0.0
125,Pouso Alegre,POU_L3,Coca_Cola_Zero,9,0.0,0.0,0.0,0.0,0.0,0.0
125,Pouso Alegre,POU_L3,Coca_Cola_Zero,10,0.0,0.0,0.0,0.0,0.0,0.0
125,Pouso Alegre,POU_L3,Coca_Cola_Zero,11,0.0,0.0,12494.14,0.0,0.0,12494.14
125,Pouso Alegre,POU_L3,Coca_Cola_Zero,12,0.0,0.0,0.0,0.0,0.0,0.0
125,Pouso Alegre,POU_L3,Coca_Cola_Zero,13,0.0,0.0,0.0,0.0,0.0,0.0
125,Pouso Alegre,POU_L3,Coca_Cola_Zero,14,0.0,0.0,0.0,0.0,0.0,0.0
125,Pouso Alegre,POU_L3,Coca_Cola_Zero,15,0.0,0.0,0.0,0.0,0.0,0.0
125,Pouso Alegre,POU_L3,Pepsi,1,0.0,0.0,0.0,0.0,0.0,0.0
125,Pouso Alegre,POU_L3,Pepsi,2,0.0,0.0,0.0,0.0,0.0,0.0
125,Pouso Alegre,POU_L3,Pepsi,3,0.0,0.0,0.0,0.0,0.0,0.0
125,Pouso Alegre,POU_L3,Pepsi,4,0.0,0.0,0.0,0.0,0.0,0.0
125,Pouso Alegre,POU_L3,Pepsi,5,0.0,0.0,0.0,0.0,0.0,0.0
125,Pouso Alegre,POU_L3,Pepsi,6,0.0,0.0,9242.880000000023,18763.549999999977,0.0,51751.220000000016
125,Pouso Alegre,POU_L3,Pepsi,7,0.0,0.0,0.0,0.0,0.0,0.0
125,Pouso Alegre,POU_L3,Pepsi,8,0.0,0.0,0.0,0.0,0.0,0.0
125,Pouso Alegre,POU_L3,Pepsi,9,0.0,0.0,18636.17,0.0,0.0,18636.17
125,Pouso Alegre,POU_L3,Pepsi,10,0.0,0.0,51307.8,0.0,0.0,51307.8
125,Pouso Alegre,POU_L3,Pepsi,11,0.0,0.0,0.0,0.0,0.0,0.0
125,Pouso Alegre,POU_L3,Pepsi,12,0.0,0.0,0.0,0.0,0.0,0.0
125,Pouso Alegre,POU_L3,Pepsi,13,0.0,0.0,0.0,0.0,0.0,0.0
125,Pouso Alegre,POU_L3,Pepsi,14,0.0,0.0,0.0,0.0,0.0,0.0
125,Pouso Alegre,POU_L3,Pepsi,15,0.0,0.0,0.0,0.0,0.0,0.0
125,Pouso Alegre,POU_L3,Antarctica_Lata,1,0.0,0.0,0.0,0.0,0.0,0.0
125,Pouso Alegre,POU_L3,Antarctica_Lata,2,0.0,0.0,0.0,0.0,0.0,0.0
125,Pouso Alegre,POU_L3,Antarctica_Lata,3,0.0,0.0,0.0,0.0,0.0,0.0
125,Pouso Alegre,POU_L3,Antarctica_Lata,4,0.0,0.0,0.0,0.0,0.0,0.0
125,Pouso Alegre,POU_L3,Antarctica_Lata,5,0.0,0.0,0.0,0.0,0.0,0.0
125,Pouso Alegre,POU_L3,Antarctica_Lata,6,0.0,0.0,0.0,0.0,0.0,0.0
125,Pouso Alegre,POU_L3,Antarctica_Lata,7,0.0,0.0,0.0,0.0,0.0,0.0
125,Pouso Alegre,POU_L3,Antarctica_Lata,8,0.0,0.0,0.0,0.0,0.0,0.0
125,Pouso Alegre,POU_L3,Antarctica_Lata,9,0.0,0.0,0.0,0.0,0.0,0.0
125,Pouso Alegre,POU_L3,Antarctica_Lata,10,0.0,0.0,0.0,0.0,0.0,0.0
125,Pouso Alegre,POU_L3,Antarctica_Lata,11,0.0,0.0,0.0,0.0,0.0,0.0
125,Pouso Alegre,POU_L3,Antarctica_Lata,12,0.0,0.0,0.0,0.0,0.0,0.0
125,Pouso Alegre,POU_L3,Antarctica_Lata,13,0.0,0.0,0.0,0.0,0.0,0.0
125,Pouso Alegre,POU_L3,Antarctica_Lata,14,0.0,0.0,14709.66,0.0,0.0,14709.66
125,Pouso Alegre,POU_L3,Antarctica_Lata,15,0.0,0.0,0.0,0.0,0.0,0.0
125,Pouso Alegre,POU_L3,Spaten_Lata,1,0.0,0.0,19164.79,0.0,0.0,19164.79
125,Pouso Alegre,POU_L3,Spaten_Lata,2,0.0,0.0,0.0,0.0,0.0,0.0
125,Pouso Alegre,POU_L3,Spaten_Lata,3,0.0,14053.470000000005,0.0,0.0,0.0,14053.470000000005
125,Pouso Alegre,POU_L3,Spaten_Lata,4,0.0,0.0,0.0,0.0,14053.470000000005,5907.62
125,Pouso Alegre,POU_L3,Spaten_Lata,5,0.0,0.0,0.0,0.0,0.0,0.0
125,Pouso Alegre,POU_L3,Spaten_Lata,6,0.0,0.0,0.0,0.0,0.0,0.0
125,Pouso Alegre,POU_L3,Spaten_Lata,7,0.0,0.0,0.0,0.0,0.0,0.0
125,Pouso Alegre,POU_L3,Spaten_Lata,8,0.0,7852.309999999998,0.0,0.0,0.0,7852.309999999998
125,Pouso Alegre,POU_L3,Spaten_Lata,9,0.0,0.0,0.0,0.0,7852.309999999998,0.0
125,Pouso Alegre,POU_L3,Spaten_Lata,10,0.0,0.0,0.0,0.0,0.0,0.0
125,Pouso Alegre,POU_L3,Spaten_Lata,11,0.0,0.0,0.0,0.0,0.0,0.0
125,Pouso Alegre,POU_L3,Spaten_Lata,12,0.0,0.0,0.0,0.0,0.0,0.0
125,Pouso Alegre,POU_L3,Spaten_Lata,13,0.0,0.0,0.0,0.0,0.0,0.0
125,Pouso Alegre,POU_L3,Spaten_Lata,14,0.0,0.0,0.0,0.0,0.0,0.0
125,Pouso Alegre,POU_L3,Spaten_Lata,15,0.0,0.0,0.0,0.0,0.0,0.0
125,Pouso Alegre,POU_L3,Heineken_Lata,1,0.0,0.0,0.0,0.0,0.0,0.0
125,Pouso Alegre,POU_L3,Heineken_Lata,2,0.0,0.0,0.0,0.0,0.0,0.0
125,Pouso Alegre,POU_L3,Heineken_Lata,3,0.0,0.0,0.0,0.0,0.0,0.0
125,Pouso Alegre,POU_L3,Heineken_Lata,4,0.0,0.0,51406.44,0.0,0.0,51406.44
125,Pouso Alegre,POU_L3,Heineken_Lata,5,0.0,0.0,0.0,0.0,0.0,0.0
125,Pouso Alegre,POU_L3,Heineken_Lata,6,0.0,0.0,0.0,0.0,0.0,17698.88
125,Pouso Alegre,POU_L3,Heineken_Lata,7,0.0,0.0,0.0,0.0,0.0,28843.32
125,Pouso Alegre,POU_L3,Heineken_Lata,8,0.0,0.0,0.0,0.0,0.0,14886.3
125,Pouso Alegre,POU_L3,Heineken_Lata,9,0.0,0.0,0.0,0.0,0.0,0.0
125,Pouso Alegre,POU_L3,Heineken_Lata,10,0.0,0.0,0.0,0.0,0.0,23396.56
125,Pouso Alegre,POU_L3,Heineken_Lata,11,0.0,0.0,0.0,0.0,0.0,0.0
125,Pouso Alegre,POU_L3,Heineken_Lata,12,0.0,0.0,0.0,0.0,0.0,0.0
125,Pouso Alegre,POU_L3,Heineken_Lata,13,0.0,0.0,0.0,0.0,0.0,0.0
125,Pouso Alegre,POU_L3,Heineken_Lata,14,0.0,0.0,0.0,0.0,0.0,0.0
125,Pouso Alegre,POU_L3,Heineken_Lata,15,0.0,0.0,0.0,0.0,0.0,0.0
125,Pouso Alegre,POU_L3,Sukita_Laranja,1,0.0,0.0,0.0,0.0,0.0,0.0
125,Pouso Alegre,POU_L3,Sukita_Laranja,2,0.0,0.0,0.0,0.0,36652.71000000001,0.0
125,Pouso Alegre,POU_L3,Sukita_Laranja,3,0.0,0.0,0.0,53500.89,0.0,0.0
125,Pouso Alegre,POU_L3,Sukita_Laranja,4,38654.450000000004,0.0,0.0,0.0,74150.45000000001,41713.57000000001
125,Pouso Alegre,POU_L3,Sukita_Laranja,5,0.0,0.0,0.0,29658.91,0.0,0.0
125,Pouso Alegre,POU_L3,Sukita_Laranja,6,16976.25,0.0,0.0,0.0,16976.25,0.0
125,Pouso Alegre,POU_L3,Sukita_Laranja,7,3859.219999999994,0.0,0.0,0.0,43411.22,0.0
125,Pouso Alegre,POU_L3,Sukita_Laranja,8,25656.229999999996,0.0,0.0,0.0,29428.67,0.0
125,Pouso Alegre,POU_L3,Sukita_Laranja,9,0.0,0.0,0.0,0.0,38136.0,0.0
125,Pouso Alegre,POU_L3,Sukita_Laranja,10,23660.44,0.0,0.0,0.0,50899.229999999996,0.0
125,Pouso Alegre,POU_L3,Sukita_Laranja,11,0.0,0.0,0.0,0.0,0.0,0.0
125,Pouso Alegre,POU_L3,Sukita_Laranja,12,0.0,0.0,0.0,0.0,0.0,0.0
125,Pouso Alegre,POU_L3,Sukita_Laranja,13,0.0,0.0,0.0,0.0,4355.739999999999,0.0
125,Pouso Alegre,POU_L3,Sukita_Laranja,14,11752.85,0.0,0.0,0.0,11752.850000000002,0.0
125,Pouso Alegre,POU_L3,Sukita_Laranja,15,14669.270000000002,0.0,23258.449999999975,23292.82000000002,0.0,8589.179999999975
125,Pouso Alegre,POU_L3,H2OH_Limao,1,35664.0,0.0,0.0,0.0,35664.0,0.0
125,Pouso Alegre,POU_L3,H2OH_Limao,2,40224.0,0.0,0.0,0.0,40224.0,0.0
125,Pouso Alegre,POU_L3,H2OH_Limao,3,42671.99999999999,0.0,0.0,0.0,42672.0,15939.33
125,Pouso Alegre,POU_L3,H2OH_Limao,4,561.5499999999975,0.0,0.0,0.0,561.5499999999975,0.0
125,Pouso Alegre,POU_L3,H2OH_Limao,5,36408.0,0.0,0.0,0.0,36408.00000000001,46607.18
125,Pouso Alegre,POU_L3,H2OH_Limao,6,20391.750000000004,0.0,0.0,0.0,20391.75,11416.05
125,Pouso Alegre,POU_L3,H2OH_Limao,7,30052.780000000006,0.0,10069.52,0.0,19983.26000000001,19983.26000000001
125,Pouso Alegre,POU_L3,H2OH_Limao,8,11567.770000000004,0.0,0.0,0.0,42967.080000000016,0.0
125,Pouso Alegre,POU_L3,H2OH_Limao,9,34344.0,0.0,0.0,0.0,34344.0,34344.0
125,Pouso Alegre,POU_L3,H2OH_Limao,10,15603.56,0.0,0.0,0.0,15603.56,0.0
125,Pouso Alegre,POU_L3,H2OH_Limao,11,39696.0,0.0,35314.02,0.0,4381.980000000003,0.0
125,Pouso Alegre,POU_L3,H2OH_Limao,12,38448.0,0.0,38448.0,7307.120000000003,0.0,0.0
125,Pouso Alegre,POU_L3,H2OH_Limao,13,37560.0,0.0,0.0,0.0,37560.0,21127.87
125,Pouso Alegre,POU_L3,H2OH_Limao,14,26071.15,0.0,0.0,0.0,26071.15,0.0
125,Pouso Alegre,POU_L3,H2OH_Limao,15,22698.73,0.0,0.0,0.0,22698.73,0.0
125,Pouso Alegre,POU_L3,Budweiser_Lata,1,0.0,0.0,0.0,0.0,0.0,15848.480000000018
125,Pouso Alegre,POU_L3,Budweiser_Lata,2,0.0,0.0,0.0,0.0,439.84999999999945,0.0
125,Pouso Alegre,POU_L3,Budweiser_Lata,3,0.0,0.0,0.0,0.0,14564.290000000015,0.0
125,Pouso Alegre,POU_L3,Budweiser_Lata,4,0.0,0.0,0.0,0.0,844.3400000000038,0.0
125,Pouso Alegre,POU_L3,Budweiser_Lata,5,0.0,0.0,0.0,0.0,0.0,0.0
125,Pouso Alegre,POU_L3,Budweiser_Lata,6,0.0,0.0,17940.98,0.0,0.0,17940.98
125,Pouso Alegre,POU_L3,Budweiser_Lata,7,0.0,0.0,0.0,0.0,0.0,0.0
125,Pouso Alegre,POU_L3,Budweiser_Lata,8,0.0,0.0,0.0,0.0,0.0,0.0
125,Pouso Alegre,POU_L3,Budweiser_Lata,9,0.0,0.0,0.0,0.0,0.0,0.0
125,Pouso Alegre,POU_L3,Budweiser_Lata,10,0.0,0.0,0.0,0.0,0.0,0.0
125,Pouso Alegre,POU_L3,Budweiser_Lata,11,0.0,0.0,0.0,0.0,0.0,0.0
125,Pouso Alegre,POU_L3,Budweiser_Lata,12,0.0,0.0,0.0,0.0,0.0,36960.0
125,Pouso Alegre,POU_L3,Budweiser_Lata,13,0.0,0.0,0.0,0.0,16541.12,0.0
125,Pouso Alegre,POU_L3,Budweiser_Lata,14,0.0,0.0,0.0,0.0,0.0,20467.590000000007
125,Pouso Alegre,POU_L3,Budweiser_Lata,15,0.0,0.0,0.0,0.0,15235.250000000007,0.0
125,Pouso Alegre,POU_L3,Kuat,1,0.0,0.0,0.0,0.0,0.0,0.0
125,Pouso Alegre,POU_L3,Kuat,2,0.0,0.0,0.0,0.0,0.0,18007.4
125,Pouso Alegre,POU_L3,Kuat,3,0.0,0.0,0.0,0.0,0.0,0.0
125,Pouso Alegre,POU_L3,Kuat,4,0.0,0.0,0.0,0.0,0.0,0.0
125,Pouso Alegre,POU_L3,Kuat,5,0.0,0.0,0.0,0.0,0.0,0.0
125,Pouso Alegre,POU_L3,Kuat,6,0.0,0.0,0.0,0.0,0.0,0.0
125,Pouso Alegre,POU_L3,Kuat,7,0.0,0.0,0.0,0.0,0.0,0.0
125,Pouso Alegre,POU_L3,Kuat,8,0.0,0.0,0.0,0.0,0.0,0.0
125,Pouso Alegre,POU_L3,Kuat,9,0.0,0.0,0.0,0.0,0.0,0.0
125,Pouso Alegre,POU_L3,Kuat,10,0.0,0.0,0.0,0.0,0.0,0.0
125,Pouso Alegre,POU_L3,Kuat,11,0.0,0.0,0.0,0.0,0.0,0.0
125,Pouso Alegre,POU_L3,Kuat,12,0.0,0.0,0.0,0.0,0.0,0.0
125,Pouso Alegre,POU_L3,Kuat,13,0.0,0.0,0.0,0.0,0.0,0.0
125,Pouso Alegre,POU_L3,Kuat,14,0.0,0.0,0.0,0.0,0.0,0.0
125,Pouso Alegre,POU_L3,Kuat,15,0.0,0.0,0.0,0.0,0.0,0.0
125,Pouso Alegre,POU_L3,Fanta_Uva,1,0.0,0.0,0.0,0.0,0.0,0.0
125,Pouso Alegre,POU_L3,Fanta_Uva,2,0.0,0.0,0.0,0.0,0.0,30481.55
125,Pouso Alegre,POU_L3,Fanta_Uva,3,0.0,0.0,0.0,0.0,0.0,0.0
125,Pouso Alegre,POU_L3,Fanta_Uva,4,0.0,0.0,0.0,0.0,0.0,0.0
125,Pouso Alegre,POU_L3,Fanta_Uva,5,0.0,0.0,0.0,0.0,0.0,5807.6
125,Pouso Alegre,POU_L3,Fanta_Uva,6,0.0,0.0,0.0,0.0,0.0,0.0
125,Pouso Alegre,POU_L3,Fanta_Uva,7,0.0,0.0,0.0,0.0,0.0,0.0
125,Pouso Alegre,POU_L3,Fanta_Uva,8,0.0,0.0,0.0,0.0,0.0,45716.44
125,Pouso Alegre,POU_L3,Fanta_Uva,9,0.0,0.0,0.0,0.0,0.0,0.0
125,Pouso Alegre,POU_L3,Fanta_Uva,10,0.0,0.0,0.0,0.0,0.0,0.0
125,Pouso Alegre,POU_L3,Fanta_Uva,11,0.0,0.0,0.0,0.0,0.0,23433.38
125,Pouso Alegre,POU_L3,Fanta_Uva,12,0.0,0.0,0.0,0.0,13573.13000000002,13573.13000000002
125,Pouso Alegre,POU_L3,Fanta_Uva,13,0.0,0.0,0.0,0.0,0.0,0.0
125,Pouso Alegre,POU_L3,Fanta_Uva,14,0.0,0.0,0.0,0.0,0.0,0.0
125,Pouso Alegre,POU_L3,Fanta_Uva,15,0.0,0.0,0.0,0.0,0.0,0.0
125,Pouso Alegre,POU_L3,Sprite,1,0.0,0.0,0.0,0.0,0.0,0.0
125,Pouso Alegre,POU_L3,Sprite,2,0.0,0.0,0.0,0.0,0.0,0.0
125,Pouso Alegre,POU_L3,Sprite,3,0.0,0.0,0.0,0.0,0.0,0.0
125,Pouso Alegre,POU_L3,Sprite,4,0.0,0.0,0.0,0.0,0.0,0.0
125,Pouso Alegre,POU_L3,Sprite,5,0.0,0.0,0.0,0.0,0.0,0.0
125,Pouso Alegre,POU_L3,Sprite,6,0.0,0.0,0.0,0.0,0.0,0.0
125,Pouso Alegre,POU_L3,Sprite,7,0.0,0.0,0.0,0.0,0.0,0.0
125,Pouso Alegre,POU_L3,Sprite,8,0.0,0.0,0.0,0.0,0.0,0.0
125,Pouso Alegre,POU_L3,Sprite,9,0.0,0.0,0.0,0.0,0.0,0.0
125,Pouso Alegre,POU_L3,Sprite,10,0.0,0.0,0.0,0.0,0.0,0.0
125,Pouso Alegre,POU_L3,Sprite,11,0.0,0.0,0.0,0.0,0.0,4593.330000000009
125,Pouso Alegre,POU_L3,Sprite,12,0.0,0.0,3604.43,0.0,0.0,3604.43
125,Pouso Alegre,POU_L3,Sprite,13,0.0,0.0,0.0,0.0,0.0,0.0
125,Pouso Alegre,POU_L3,Sprite,14,0.0,0.0,31676.23,0.0,0.0,31676.23
125,Pouso Alegre,POU_L3,Sprite,15,0.0,0.0,0.0,0.0,0.0,0.0
125,Pouso Alegre,POU_L3,Skol_Lata,1,0.0,0.0,25270.18,0.0,0.0,25270.18
125,Pouso Alegre,POU_L3,Skol_Lata,2,0.0,0.0,0.0,0.0,0.0,0.0
125,Pouso Alegre,POU_L3,Skol_Lata,3,0.0,0.0,0.0,0.0,0.0,0.0
125,Pouso Alegre,POU_L3,Skol_Lata,4,0.0,0.0,0.0,0.0,0.0,0.0
125,Pouso Alegre,POU_L3,Skol_Lata,5,0.0,0.0,0.0,0.0,0.0,0.0
125,Pouso Alegre,POU_L3,Skol_Lata,6,0.0,0.0,0.0,0.0,0.0,0.0
125,Pouso Alegre,POU_L3,Skol_Lata,7,0.0,0.0,0.0,0.0,0.0,0.0
125,Pouso Alegre,POU_L3,Skol_Lata,8,0.0,0.0,0.0,0.0,0.0,0.0
125,Pouso Alegre,POU_L3,Skol_Lata,9,0.0,0.0,0.0,0.0,0.0,0.0
125,Pouso Alegre,POU_L3,Skol_Lata,10,0.0,0.0,0.0,0.0,0.0,0.0
125,Pouso Alegre,POU_L3,Skol_Lata,11,0.0,0.0,0.0,0.0,0.0,0.0
125,Pouso Alegre,POU_L3,Skol_Lata,12,0.0,0.0,0.0,0.0,0.0,0.0
125,Pouso Alegre,POU_L3,Skol_Lata,13,0.0,0.0,0.0,0.0,0.0,0.0
125,Pouso Alegre,POU_L3,Skol_Lata,14,0.0,0.0,0.0,0.0,0.0,0.0
125,Pouso Alegre,POU_L3,Skol_Lata,15,0.0,0.0,0.0,0.0,0.0,0.0
125,Pouso Alegre,POU_L3,Guarana_Antarctica,1,0.0,0.0,0.0,0.0,0.0,0.0
125,Pouso Alegre,POU_L3,Guarana_Antarctica,2,0.0,0.0,0.0,0.0,0.0,0.0
125,Pouso Alegre,POU_L3,Guarana_Antarctica,3,0.0,0.0,0.0,0.0,0.0,0.0
125,Pouso Alegre,POU_L3,Guarana_Antarctica,4,0.0,0.0,0.0,0.0,0.0,0.0
125,Pouso Alegre,POU_L3,Guarana_Antarctica,5,0.0,0.0,0.0,0.0,0.0,0.0
125,Pouso Alegre,POU_L3,Guarana_Antarctica,6,0.0,0.0,0.0,0.0,0.0,0.0
125,Pouso Alegre,POU_L3,Guarana_Antarctica,7,0.0,0.0,0.0,0.0,0.0,0.0
125,Pouso Alegre,POU_L3,Guarana_Antarctica,8,0.0,0.0,0.0,0.0,0.0,0.0
125,Pouso Alegre,POU_L3,Guarana_Antarctica,9,0.0,0.0,0.0,0.0,0.0,0.0
125,Pouso Alegre,POU_L3,Guarana_Antarctica,10,0.0,0.0,0.0,0.0,0.0,0.0
125,Pouso Alegre,POU_L3,Guarana_Antarctica,11,0.0,0.0,0.0,0.0,0.0,0.0
125,Pouso Alegre,POU_L3,Guarana_Antarctica,12,0.0,0.0,0.0,0.0,0.0,9624.24
125,Pouso Alegre,POU_L3,Guarana_Antarctica,13,0.0,0.0,0.0,0.0,0.0,0.0
125,Pouso Alegre,POU_L3,Guarana_Antarctica,14,0.0,0.0,0.0,0.0,0.0,0.0
125,Pouso Alegre,POU_L3,Guarana_Antarctica,15,0.0,0.0,0.0,0.0,0.0,0.0
125,Pouso Alegre,POU_L3,Guarana_Antarctica_Zero,1,0.0,0.0,0.0,0.0,3773.440000000005,3773.440000000005
125,Pouso Alegre,POU_L3,Guarana_Antarctica_Zero,2,0.0,0.0,0.0,0.0,17623.42,17623.42
125,Pouso Alegre,POU_L3,Guarana_Antarctica_Zero,3,0.0,0.0,0.0,0.0,0.0,15299.25
125,Pouso Alegre,POU_L3,Guarana_Antarctica_Zero,4,0.0,0.0,0.0,0.0,0.0,0.0
125,Pouso Alegre,POU_L3,Guarana_Antarctica_Zero,5,0.0,0.0,0.0,0.0,0.0,0.0
125,Pouso Alegre,POU_L3,Guarana_Antarctica_Zero,6,0.0,0.0,0.0,0.0,0.0,0.0
125,Pouso Alegre,POU_L3,Guarana_Antarctica_Zero,7,0.0,0.0,0.0,0.0,32797.16,32797.16
125,Pouso Alegre,POU_L3,Guarana_Antarctica_Zero,8,0.0,0.0,27147.79,0.0,0.0,27147.79
125,Pouso Alegre,POU_L3,Guarana_Antarctica_Zero,9,0.0,0.0,0.0,0.0,12258.88,0.0
125,Pouso Alegre,POU_L3,Guarana_Antarctica_Zero,10,0.0,0.0,0.0,0.0,5973.360000000002,0.0
125,Pouso Alegre,POU_L3,Guarana_Antarctica_Zero,11,0.0,0.0,0.0,0.0,4868.359999999999,25567.07
125,Pouso Alegre,POU_L3,Guarana_Antarctica_Zero,12,0.0,0.0,0.0,0.0,0.0,0.0
125,Pouso Alegre,POU_L3,Guarana_Antarctica_Zero,13,0.0,0.0,15904.80000000001,1314.8499999999913,0.0,40353.15000000001
125,Pouso Alegre,POU_L3,Guarana_Antarctica_Zero,14,0.0,0.0,1339.28,0.0,0.0,29117.04
125,Pouso Alegre,POU_L3,Guarana_Antarctica_Zero,15,0.0,0.0,0.0,0.0,0.0,0.0
125,Pouso Alegre,POU_L3,Del_Valle_Uva,1,0.0,0.0,0.0,0.0,0.0,0.0
125,Pouso Alegre,POU_L3,Del_Valle_Uva,2,0.0,0.0,0.0,0.0,0.0,22725.99
125,Pouso Alegre,POU_L3,Del_Valle_Uva,3,0.0,0.0,0.0,0.0,22725.99,613.99
125,Pouso Alegre,POU_L3,Del_Valle_Uva,4,0.0,0.0,0.0,0.0,0.0,0.0
125,Pouso Alegre,POU_L3,Del_Valle_Uva,5,0.0,0.0,0.0,0.0,0.0,0.0
125,Pouso Alegre,POU_L3,Del_Valle_Uva,6,0.0,0.0,0.0,0.0,0.0,0.0
125,Pouso Alegre,POU_L3,Del_Valle_Uva,7,0.0,0.0,0.0,0.0,0.0,0.0
125,Pouso Alegre,POU_L3,Del_Valle_Uva,8,0.0,0.0,0.0,0.0,0.0,0.0
125,Pouso Alegre,POU_L3,Del_Valle_Uva,9,0.0,0.0,0.0,0.0,0.0,0.0
125,Pouso Alegre,POU_L3,Del_Valle_Uva,10,0.0,0.0,0.0,0.0,0.0,0.0
125,Pouso Alegre,POU_L3,Del_Valle_Uva,11,0.0,0.0,0.0,0.0,0.0,0.0
125,Pouso Alegre,POU_L3,Del_Valle_Uva,12,0.0,0.0,0.0,0.0,0.0,0.0
125,Pouso Alegre,POU_L3,Del_Valle_Uva,13,0.0,0.0,0.0,0.0,0.0,2530.1100000000024
125,Pouso Alegre,POU_L3,Del_Valle_Uva,14,0.0,0.0,0.0,0.0,2530.1100000000024,0.0
125,Pouso Alegre,POU_L3,Del_Valle_Uva,15,0.0,0.0,0.0,0.0,0.0,0.0
125,Pouso Alegre,POU_L3,Brahma_Lata,1,0.0,0.0,0.0,0.0,0.0,11072.68
125,Pouso Alegre,POU_L3,Brahma_Lata,2,0.0,0.0,0.0,0.0,0.0,0.0
125,Pouso Alegre,POU_L3,Brahma_Lata,3,0.0,0.0,0.0,0.0,0.0,0.0
125,Pouso Alegre,POU_L3,Brahma_Lata,4,0.0,0.0,0.0,0.0,0.0,0.0
125,Pouso Alegre,POU_L3,Brahma_Lata,5,0.0,0.0,0.0,0.0,0.0,0.0
125,Pouso Alegre,POU_L3,Brahma_Lata,6,0.0,0.0,0.0,0.0,0.0,18342.05
125,Pouso Alegre,POU_L3,Brahma_Lata,7,0.0,0.0,0.0,0.0,0.0,0.0
125,Pouso Alegre,POU_L3,Brahma_Lata,8,0.0,0.0,0.0,0.0,0.0,0.0
125,Pouso Alegre,POU_L3,Brahma_Lata,9,0.0,0.0,21896.79,0.0,0.0,21896.79
125,Pouso Alegre,POU_L3,Brahma_Lata,10,0.0,0.0,0.0,0.0,0.0,0.0
125,Pouso Alegre,POU_L3,Brahma_Lata,11,0.0,0.0,0.0,0.0,0.0,0.0
125,Pouso Alegre,POU_L3,Brahma_Lata,12,0.0,0.0,0.0,0.0,0.0,0.0
125,Pouso Alegre,POU_L3,Brahma_Lata,13,0.0,0.0,0.0,0.0,0.0,0.0
125,Pouso Alegre,POU_L3,Brahma_Lata,14,0.0,0.0,0.0,0.0,0.0,0.0
125,Pouso Alegre,POU_L3,Brahma_Lata,15,0.0,0.0,0.0,0.0,1467.0300000000125,9971.3
125,Pouso Alegre,POU_L3,Itaipava_Lata,1,0.0,0.0,0.0,0.0,0.0,0.0
125,Pouso Alegre,POU_L3,Itaipava_Lata,2,0.0,0.0,0.0,0.0,0.0,0.0
125,Pouso Alegre,POU_L3,Itaipava_Lata,3,0.0,0.0,0.0,0.0,0.0,0.0
125,Pouso Alegre,POU_L3,Itaipava_Lata,4,0.0,0.0,0.0,0.0,0.0,0.0
125,Pouso Alegre,POU_L3,Itaipava_Lata,5,0.0,0.0,0.0,0.0,0.0,0.0
125,Pouso Alegre,POU_L3,Itaipava_Lata,6,0.0,0.0,0.0,0.0,0.0,0.0
125,Pouso Alegre,POU_L3,Itaipava_Lata,7,0.0,0.0,0.0,0.0,0.0,0.0
125,Pouso Alegre,POU_L3,Itaipava_Lata,8,0.0,0.0,0.0,0.0,0.0,0.0
125,Pouso Alegre,POU_L3,Itaipava_Lata,9,0.0,0.0,0.0,0.0,0.0,0.0
125,Pouso Alegre,POU_L3,Itaipava_Lata,10,0.0,0.0,0.0,0.0,0.0,0.0
125,Pouso Alegre,POU_L3,Itaipava_Lata,11,0.0,0.0,0.0,0.0,0.0,0.0
125,Pouso Alegre,POU_L3,Itaipava_Lata,12,0.0,0.0,0.0,0.0,0.0,0.0
125,Pouso Alegre,POU_L3,Itaipava_Lata,13,0.0,0.0,0.0,0.0,0.0,0.0
125,Pouso Alegre,POU_L3,Itaipava_Lata,14,0.0,0.0,0.0,0.0,0.0,0.0
125,Pouso Alegre,POU_L3,Itaipava_Lata,15,0.0,0.0,0.0,0.0,0.0,0.0
125,Gama,GAM_L1,Maguary_Maracuja,1,0.0,0.0,0.0,0.0,0.0,0.0
125,Gama,GAM_L1,Maguary_Maracuja,2,0.0,0.0,0.0,0.0,0.0,0.0
125,Gama,GAM_L1,Maguary_Maracuja,3,0.0,0.0,0.0,0.0,0.0,0.0
125,Gama,GAM_L1,Maguary_Maracuja,4,0.0,0.0,0.0,0.0,0.0,0.0
125,Gama,GAM_L1,Maguary_Maracuja,5,0.0,0.0,0.0,0.0,0.0,15282.98
125,Gama,GAM_L1,Maguary_Maracuja,6,0.0,0.0,0.0,0.0,0.0,0.0
125,Gama,GAM_L1,Maguary_Maracuja,7,0.0,0.0,3551.43,0.0,0.0,3551.43
125,Gama,GAM_L1,Maguary_Maracuja,8,0.0,0.0,0.0,0.0,0.0,42478.59
125,Gama,GAM_L1,Maguary_Maracuja,9,0.0,0.0,0.0,0.0,0.0,0.0
125,Gama,GAM_L1,Maguary_Maracuja,10,0.0,0.0,0.0,0.0,0.0,0.0
125,Gama,GAM_L1,Maguary_Maracuja,11,0.0,0.0,0.0,0.0,0.0,0.0
125,Gama,GAM_L1,Maguary_Maracuja,12,0.0,0.0,0.0,0.0,0.0,16677.71
125,Gama,GAM_L1,Maguary_Maracuja,13,0.0,0.0,0.0,0.0,0.0,22408.72
125,Gama,GAM_L1,Maguary_Maracuja,14,0.0,0.0,0.0,0.0,0.0,0.0
125,Gama,GAM_L1,Maguary_Maracuja,15,0.0,0.0,0.0,0.0,0.0,9196.32
125,Gama,GAM_L1,Fanta_Laranja,1,0.0,0.0,0.0,0.0,0.0,0.0
125,Gama,GAM_L1,Fanta_Laranja,2,0.0,0.0,0.0,0.0,0.0,0.0
125,Gama,GAM_L1,Fanta_Laranja,3,0.0,0.0,0.0,0.0,0.0,0.0
125,Gama,GAM_L1,Fanta_Laranja,4,0.0,0.0,0.0,0.0,0.0,0.0
125,Gama,GAM_L1,Fanta_Laranja,5,0.0,0.0,0.0,0.0,0.0,0.0
125,Gama,GAM_L1,Fanta_Laranja,6,0.0,0.0,0.0,0.0,0.0,0.0
125,Gama,GAM_L1,Fanta_Laranja,7,12476.550000000003,0.0,0.0,0.0,12476.550000000003,0.0
125,Gama,GAM_L1,Fanta_Laranja,8,10594.060000000036,0.0,33748.96,0.0,0.0,23154.89999999996
125,Gama,GAM_L1,Fanta_Laranja,9,0.0,0.0,0.0,0.0,0.0,42848.05
125,Gama,GAM_L1,Fanta_Laranja,10,0.0,0.0,0.0,0.0,0.0,0.0
125,Gama,GAM_L1,Fanta_Laranja,11,0.0,0.0,0.0,0.0,0.0,0.0
125,Gama,GAM_L1,Fanta_Laranja,12,0.0,0.0,0.0,0.0,0.0,0.0
125,Gama,GAM_L1,Fanta_Laranja,13,0.0,0.0,0.0,0.0,0.0,0.0
125,Gama,GAM_L1,Fanta_Laranja,14,0.0,0.0,0.0,0.0,0.0,0.0
125,Gama,GAM_L1,Fanta_Laranja,15,0.0,0.0,0.0,0.0,0.0,0.0
125,Gama,GAM_L1,Schweppes_Citrus,1,0.0,0.0,0.0,0.0,0.0,0.0
125,Gama,GAM_L1,Schweppes_Citrus,2,0.0,0.0,0.0,0.0,0.0,40570.08
125,Gama,GAM_L1,Schweppes_Citrus,3,0.0,0.0,0.0,0.0,0.0,0.0
125,Gama,GAM_L1,Schweppes_Citrus,4,0.0,0.0,0.0,0.0,0.0,0.0
125,Gama,GAM_L1,Schweppes_Citrus,5,0.0,0.0,0.0,0.0,0.0,0.0
125,Gama,GAM_L1,Schweppes_Citrus,6,0.0,0.0,0.0,0.0,0.0,0.0
125,Gama,GAM_L1,Schweppes_Citrus,7,0.0,0.0,0.0,0.0,0.0,0.0
125,Gama,GAM_L1,Schweppes_Citrus,8,0.0,0.0,0.0,0.0,0.0,0.0
125,Gama,GAM_L1,Schweppes_Citrus,9,0.0,0.0,0.0,0.0,0.0,0.0
125,Gama,GAM_L1,Schweppes_Citrus,10,0.0,0.0,0.0,0.0,0.0,0.0
125,Gama,GAM_L1,Schweppes_Citrus,11,0.0,0.0,0.0,0.0,0.0,0.0
125,Gama,GAM_L1,Schweppes_Citrus,12,0.0,0.0,0.0,0.0,0.0,0.0
125,Gama,GAM_L1,Schweppes_Citrus,13,0.0,0.0,0.0,0.0,0.0,0.0
125,Gama,GAM_L1,Schweppes_Citrus,14,0.0,0.0,0.0,0.0,0.0,0.0
125,Gama,GAM_L1,Schweppes_Citrus,15,0.0,0.0,0.0,0.0,0.0,51190.44
125,Gama,GAM_L1,Sprite_Zero,1,0.0,0.0,0.0,0.0,8100.509999999993,0.0
125,Gama,GAM_L1,Sprite_Zero,2,0.0,0.0,0.0,0.0,0.0,0.0
125,Gama,GAM_L1,Sprite_Zero,3,0.0,0.0,0.0,0.0,2397.670000000013,0.0
125,Gama,GAM_L1,Sprite_Zero,4,0.0,0.0,0.0,0.0,0.0,0.0
125,Gama,GAM_L1,Sprite_Zero,5,0.0,0.0,0.0,0.0,0.0,0.0
125,Gama,GAM_L1,Sprite_Zero,6,0.0,0.0,0.0,0.0,0.0,0.0
125,Gama,GAM_L1,Sprite_Zero,7,0.0,0.0,0.0,0.0,0.0,0.0
125,Gama,GAM_L1,Sprite_Zero,8,0.0,0.0,0.0,0.0,0.0,0.0
125,Gama,GAM_L1,Sprite_Zero,9,0.0,0.0,0.0,0.0,9453.380000000005,0.0
125,Gama,GAM_L1,Sprite_Zero,10,0.0,0.0,0.0,0.0,30850.070000000003,0.0
125,Gama,GAM_L1,Sprite_Zero,11,0.0,0.0,0.0,0.0,38231.99999999999,0.0
125,Gama,GAM_L1,Sprite_Zero,12,0.0,0.0,0.0,0.0,36360.0,17983.75
125,Gama,GAM_L1,Sprite_Zero,13,0.0,0.0,0.0,0.0,0.0,0.0
125,Gama,GAM_L1,Sprite_Zero,14,0.0,0.0,0.0,0.0,0.0,0.0
125,Gama,GAM_L1,Sprite_Zero,15,0.0,0.0,0.0,0.0,0.0,0.0
125,Gama,GAM_L1,Eisenbahn_Pilsen,1,0.0,0.0,0.0,0.0,0.0,0.0
125,Gama,GAM_L1,Eisenbahn_Pilsen,2,0.0,0.0,0.0,0.0,0.0,0.0
125,Gama,GAM_L1,Eisenbahn_Pilsen,3,0.0,0.0,0.0,0.0,0.0,0.0
125,Gama,GAM_L1,Eisenbahn_Pilsen,4,0.0,0.0,3149.88,0.0,0.0,54070.479999999996
125,Gama,GAM_L1,Eisenbahn_Pilsen,5,0.0,0.0,0.0,0.0,0.0,21059.04
125,Gama,GAM_L1,Eisenbahn_Pilsen,6,0.0,0.0,0.0,0.0,0.0,18736.27
125,Gama,GAM_L1,Eisenbahn_Pilsen,7,0.0,0.0,0.0,0.0,0.0,0.0
125,Gama,GAM_L1,Eisenbahn_Pilsen,8,0.0,0.0,0.0,0.0,0.0,3371.92
125,Gama,GAM_L1,Eisenbahn_Pilsen,9,0.0,0.0,0.0,0.0,0.0,0.0
125,Gama,GAM_L1,Eisenbahn_Pilsen,10,0.0,0.0,0.0,0.0,0.0,0.0
125,Gama,GAM_L1,Eisenbahn_Pilsen,11,0.0,0.0,0.0,0.0,0.0,16359.3
125,Gama,GAM_L1,Eisenbahn_Pilsen,12,0.0,0.0,0.0,0.0,0.0,2273.26
125,Gama,GAM_L1,Eisenbahn_Pilsen,13,0.0,0.0,0.0,0.0,0.0,4469.2
125,Gama,GAM_L1,Eisenbahn_Pilsen,14,0.0,0.0,0.0,0.0,0.0,0.0
125,Gama,GAM_L1,Eisenbahn_Pilsen,15,0.0,0.0,0.0,0.0,0.0,0.0
125,Gama,GAM_L1,Del_Valle_Pessego,1,0.0,0.0,0.0,0.0,0.0,0.0
125,Gama,GAM_L1,Del_Valle_Pessego,2,0.0,0.0,0.0,0.0,0.0,0.0
125,Gama,GAM_L1,Del_Valle_Pessego,3,0.0,0.0,0.0,0.0,0.0,0.0
125,Gama,GAM_L1,Del_Valle_Pessego,4,0.0,0.0,0.0,0.0,0.0,0.0
125,Gama,GAM_L1,Del_Valle_Pessego,5,0.0,0.0,0.0,0.0,0.0,0.0
125,Gama,GAM_L1,Del_Valle_Pessego,6,0.0,0.0,0.0,52597.98,0.0,0.0
125,Gama,GAM_L1,Del_Valle_Pessego,7,0.0,0.0,0.0,0.0,0.0,0.0
125,Gama,GAM_L1,Del_Valle_Pessego,8,0.0,0.0,0.0,0.0,0.0,0.0
125,Gama,GAM_L1,Del_Valle_Pessego,9,0.0,0.0,0.0,0.0,0.0,0.0
125,Gama,GAM_L1,Del_Valle_Pessego,10,0.0,0.0,0.0,0.0,0.0,0.0
125,Gama,GAM_L1,Del_Valle_Pessego,11,0.0,0.0,0.0,0.0,0.0,0.0
125,Gama,GAM_L1,Del_Valle_Pessego,12,0.0,0.0,0.0,0.0,0.0,28556.24
125,Gama,GAM_L1,Del_Valle_Pessego,13,0.0,0.0,20700.2,0.0,0.0,20700.2
125,Gama,GAM_L1,Del_Valle_Pessego,14,0.0,0.0,0.0,0.0,0.0,0.0
125,Gama,GAM_L1,Del_Valle_Pessego,15,0.0,0.0,0.0,0.0,0.0,0.0
125,Gama,GAM_L1,Coca_Cola,1,0.0,0.0,0.0,0.0,0.0,0.0
125,Gama,GAM_L1,Coca_Cola,2,0.0,0.0,0.0,0.0,0.0,0.0
125,Gama,GAM_L1,Coca_Cola,3,0.0,0.0,0.0,0.0,0.0,0.0
125,Gama,GAM_L1,Coca_Cola,4,0.0,0.0,0.0,0.0,0.0,0.0
125,Gama,GAM_L1,Coca_Cola,5,0.0,0.0,0.0,0.0,0.0,0.0
125,Gama,GAM_L1,Coca_Cola,6,0.0,0.0,0.0,0.0,0.0,0.0
125,Gama,GAM_L1,Coca_Cola,7,0.0,0.0,0.0,0.0,0.0,0.0
125,Gama,GAM_L1,Coca_Cola,8,0.0,0.0,0.0,0.0,0.0,0.0
125,Gama,GAM_L1,Coca_Cola,9,0.0,0.0,0.0,0.0,0.0,0.0
125,Gama,GAM_L1,Coca_Cola,10,0.0,0.0,0.0,0.0,0.0,0.0
125,Gama,GAM_L1,Coca_Cola,11,0.0,0.0,0.0,0.0,0.0,0.0
125,Gama,GAM_L1,Coca_Cola,12,0.0,0.0,0.0,0.0,0.0,0.0
125,Gama,GAM_L1,Coca_Cola,13,0.0,0.0,0.0,0.0,0.0,0.0
125,Gama,GAM_L1,Coca_Cola,14,0.0,0.0,0.0,0.0,0.0,0.0
125,Gama,GAM_L1,Coca_Cola,15,0.0,0.0,0.0,0.0,0.0,0.0
125,Gama,GAM_L1,Amstel_Lata,1,0.0,0.0,0.0,0.0,0.0,0.0
125,Gama,GAM_L1,Amstel_Lata,2,0.0,0.0,0.0,0.0,0.0,0.0
125,Gama,GAM_L1,Amstel_Lata,3,0.0,0.0,0.0,0.0,0.0,0.0
125,Gama,GAM_L1,Amstel_Lata,4,0.0,0.0,0.0,0.0,0.0,0.0
125,Gama,GAM_L1,Amstel_Lata,5,0.0,0.0,0.0,0.0,0.0,0.0
125,Gama,GAM_L1,Amstel_Lata,6,0.0,0.0,0.0,0.0,0.0,0.0
125,Gama,GAM_L1,Amstel_Lata,7,0.0,0.0,0.0,0.0,0.0,4329.9
125,Gama,GAM_L1,Amstel_Lata,8,0.0,0.0,0.0,0.0,0.0,0.0
125,Gama,GAM_L1,Amstel_Lata,9,0.0,0.0,18101.36,0.0,0.0,18101.36
125,Gama,GAM_L1,Amstel_Lata,10,0.0,0.0,0.0,0.0,0.0,0.0
125,Gama,GAM_L1,Amstel_Lata,11,0.0,0.0,0.0,0.0,0.0,0.0
125,Gama,GAM_L1,Amstel_Lata,12,0.0,0.0,0.0,0.0,0.0,0.0
125,Gama,GAM_L1,Amstel_Lata,13,0.0,0.0,0.0,0.0,0.0,0.0
125,Gama,GAM_L1,Amstel_Lata,14,0.0,0.0,0.0,0.0,0.0,0.0
125,Gama,GAM_L1,Amstel_Lata,15,0.0,0.0,0.0,0.0,0.0,0.0
125,Gama,GAM_L1,Pepsi_Black,1,0.0,0.0,0.0,0.0,0.0,0.0
125,Gama,GAM_L1,Pepsi_Black,2,0.0,0.0,0.0,0.0,0.0,0.0
125,Gama,GAM_L1,Pepsi_Black,3,0.0,19789.839999999997,0.0,0.0,0.0,19789.839999999997
125,Gama,GAM_L1,Pepsi_Black,4,0.0,0.0,0.0,0.0,19789.839999999997,0.0
125,Gama,GAM_L1,Pepsi_Black,5,0.0,0.0,0.0,0.0,0.0,0.0
125,Gama,GAM_L1,Pepsi_Black,6,0.0,0.0,0.0,0.0,0.0,0.0
125,Gama,GAM_L1,Pepsi_Black,7,0.0,0.0,0.0,0.0,0.0,15550.04
125,Gama,GAM_L1,Pepsi_Black,8,0.0,0.0,0.0,0.0,0.0,0.0
125,Gama,GAM_L1,Pepsi_Black,9,0.0,0.0,0.0,0.0,0.0,0.0
125,Gama,GAM_L1,Pepsi_Black,10,0.0,0.0,0.0,0.0,0.0,34336.26
125,Gama,GAM_L1,Pepsi_Black,11,0.0,0.0,0.0,0.0,0.0,0.0
125,Gama,GAM_L1,Pepsi_Black,12,0.0,0.0,0.0,0.0,0.0,0.0
125,Gama,GAM_L1,Pepsi_Black,13,0.0,0.0,0.0,0.0,0.0,0.0
125,Gama,GAM_L1,Pepsi_Black,14,0.0,0.0,0.0,0.0,0.0,0.0
125,Gama,GAM_L1,Pepsi_Black,15,0.0,0.0,0.0,0.0,0.0,0.0
125,Gama,GAM_L1,Del_Valle_Laranja,1,0.0,0.0,0.0,0.0,0.0,0.0
125,Gama,GAM_L1,Del_Valle_Laranja,2,0.0,0.0,0.0,0.0,0.0,0.0
125,Gama,GAM_L1,Del_Valle_Laranja,3,0.0,0.0,0.0,0.0,0.0,0.0
125,Gama,GAM_L1,Del_Valle_Laranja,4,0.0,0.0,0.0,0.0,0.0,0.0
125,Gama,GAM_L1,Del_Valle_Laranja,5,0.0,0.0,0.0,0.0,0.0,0.0
125,Gama,GAM_L1,Del_Valle_Laranja,6,0.0,0.0,0.0,0.0,0.0,0.0
125,Gama,GAM_L1,Del_Valle_Laranja,7,0.0,0.0,0.0,0.0,0.0,0.0
125,Gama,GAM_L1,Del_Valle_Laranja,8,0.0,0.0,0.0,0.0,0.0,0.0
125,Gama,GAM_L1,Del_Valle_Laranja,9,0.0,0.0,0.0,0.0,0.0,7459.7
125,Gama,GAM_L1,Del_Valle_Laranja,10,0.0,0.0,0.0,0.0,0.0,11207.1
125,Gama,GAM_L1,Del_Valle_Laranja,11,0.0,0.0,0.0,0.0,0.0,0.0
125,Gama,GAM_L1,Del_Valle_Laranja,12,0.0,0.0,0.0,0.0,0.0,0.0
125,Gama,GAM_L1,Del_Valle_Laranja,13,0.0,0.0,0.0,0.0,0.0,7811.35
125,Gama,GAM_L1,Del_Valle_Laranja,14,0.0,0.0,27383.1,0.0,0.0,27383.1
125,Gama,GAM_L1,Del_Valle_Laranja,15,0.0,0.0,0.0,0.0,0.0,0.0
125,Gama,GAM_L1,Itubaina,1,0.0,0.0,0.0,0.0,0.0,0.0
125,Gama,GAM_L1,Itubaina,2,0.0,0.0,0.0,0.0,0.0,0.0
125,Gama,GAM_L1,Itubaina,3,0.0,0.0,0.0,0.0,0.0,0.0
125,Gama,GAM_L1,Itubaina,4,0.0,0.0,0.0,0.0,0.0,0.0
125,Gama,GAM_L1,Itubaina,5,0.0,0.0,17441.48,0.0,0.0,17441.48
125,Gama,GAM_L1,Itubaina,6,0.0,0.0,0.0,0.0,0.0,0.0
125,Gama,GAM_L1,Itubaina,7,0.0,0.0,0.0,0.0,0.0,0.0
125,Gama,GAM_L1,Itubaina,8,0.0,0.0,0.0,0.0,0.0,4062.4
125,Gama,GAM_L1,Itubaina,9,0.0,0.0,0.0,0.0,0.0,0.0
125,Gama,GAM_L1,Itubaina,10,0.0,0.0,0.0,0.0,0.0,0.0
125,Gama,GAM_L1,Itubaina,11,0.0,0.0,0.0,0.0,0.0,823.83
125,Gama,GAM_L1,Itubaina,12,0.0,0.0,0.0,0.0,0.0,0.0
125,Gama,GAM_L1,Itubaina,13,0.0,0.0,0.0,0.0,0.0,24114.41
125,Gama,GAM_L1,Itubaina,14,0.0,0.0,20334.38,0.0,0.0,20334.38
125,Gama,GAM_L1,Itubaina,15,0.0,0.0,0.0,0.0,0.0,0.0
125,Gama,GAM_L1,Stella_Artois_Pure_Gold,1,0.0,0.0,0.0,0.0,23602.309999999994,45061.04
125,Gama,GAM_L1,Stella_Artois_Pure_Gold,2,0.0,0.0,0.0,0.0,0.0,0.0
125,Gama,GAM_L1,Stella_Artois_Pure_Gold,3,0.0,0.0,0.0,0.0,0.0,0.0
125,Gama,GAM_L1,Stella_Artois_Pure_Gold,4,0.0,0.0,0.0,0.0,0.0,0.0
125,Gama,GAM_L1,Stella_Artois_Pure_Gold,5,0.0,0.0,0.0,0.0,38592.0,0.0
125,Gama,GAM_L1,Stella_Artois_Pure_Gold,6,0.0,0.0,0.0,0.0,0.0,0.0
125,Gama,GAM_L1,Stella_Artois_Pure_Gold,7,0.0,20929.720000000012,0.0,0.0,38273.270000000004,20929.720000000012
125,Gama,GAM_L1,Stella_Artois_Pure_Gold,8,0.0,0.0,0.0,0.0,33197.40000000001,0.0
125,Gama,GAM_L1,Stella_Artois_Pure_Gold,9,0.0,0.0,0.0,0.0,14542.919999999998,0.0
125,Gama,GAM_L1,Stella_Artois_Pure_Gold,10,0.0,0.0,0.0,0.0,0.0,0.0
125,Gama,GAM_L1,Stella_Artois_Pure_Gold,11,0.0,0.0,0.0,0.0,0.0,0.0
125,Gama,GAM_L1,Stella_Artois_Pure_Gold,12,0.0,7955.110000000001,0.0,0.0,0.0,7955.110000000001
125,Gama,GAM_L1,Stella_Artois_Pure_Gold,13,0.0,0.0,0.0,0.0,7955.110000000001,0.0
125,Gama,GAM_L1,Stella_Artois_Pure_Gold,14,0.0,0.0,0.0,0.0,0.0,0.0
125,Gama,GAM_L1,Stella_Artois_Pure_Gold,15,0.0,0.0,0.0,0.0,0.0,0.0
125,Gama,GAM_L1,Maguary_Caju,1,0.0,0.0,11013.720000000001,5348.019999999999,0.0,11013.720000000001
125,Gama,GAM_L1,Maguary_Caju,2,0.0,0.0,0.0,0.0,0.0,0.0
125,Gama,GAM_L1,Maguary_Caju,3,0.0,0.0,0.0,0.0,0.0,0.0
125,Gama,GAM_L1,Maguary_Caju,4,0.0,0.0,0.0,0.0,0.0,20548.0
125,Gama,GAM_L1,Maguary_Caju,5,0.0,0.0,0.0,0.0,0.0,0.0
125,Gama,GAM_L1,Maguary_Caju,6,0.0,0.0,0.0,0.0,0.0,0.0
125,Gama,GAM_L1,Maguary_Caju,7,0.0,0.0,0.0,25485.72,0.0,0.0
125,Gama,GAM_L1,Maguary_Caju,8,0.0,0.0,0.0,0.0,0.0,0.0
125,Gama,GAM_L1,Maguary_Caju,9,0.0,0.0,0.0,0.0,0.0,0.0
125,Gama,GAM_L1,Maguary_Caju,10,0.0,0.0,0.0,0.0,0.0,0.0
125,Gama,GAM_L1,Maguary_Caju,11,0.0,0.0,0.0,0.0,0.0,0.0
125,Gama,GAM_L1,Maguary_Caju,12,0.0,0.0,0.0,0.0,0.0,0.0
125,Gama,GAM_L1,Maguary_Caju,13,0.0,0.0,0.0,0.0,0.0,0.0
125,Gama,GAM_L1,Maguary_Caju,14,0.0,0.0,0.0,0.0,0.0,0.0
125,Gama,GAM_L1,Maguary_Caju,15,0.0,0.0,0.0,0.0,0.0,0.0
125,Gama,GAM_L1,Coca_Cola_Zero,1,22640.469999999994,0.0,0.0,0.0,22640.469999999998,0.0
125,Gama,GAM_L1,Coca_Cola_Zero,2,40368.0,0.0,0.0,0.0,40368.00000000001,0.0
125,Gama,GAM_L1,Coca_Cola_Zero,3,40848.0,0.0,51569.21,0.0,0.0,22358.22
125,Gama,GAM_L1,Coca_Cola_Zero,4,39576.0,0.0,0.0,0.0,39576.0,28776.92
125,Gama,GAM_L1,Coca_Cola_Zero,5,40296.0,0.0,0.0,0.0,40295.99999999999,0.0
125,Gama,GAM_L1,Coca_Cola_Zero,6,39264.0,0.0,0.0,0.0,39264.0,20716.38
125,Gama,GAM_L1,Coca_Cola_Zero,7,26451.449999999997,0.0,0.0,0.0,26451.449999999997,0.0
125,Gama,GAM_L1,Coca_Cola_Zero,8,25525.93999999996,0.0,0.0,0.0,25525.93999999996,0.0
125,Gama,GAM_L1,Coca_Cola_Zero,9,1052.2700000000327,0.0,0.0,0.0,1052.2700000000327,0.0
125,Gama,GAM_L1,Coca_Cola_Zero,10,39648.0,0.0,0.0,0.0,39648.0,0.0
125,Gama,GAM_L1,Coca_Cola_Zero,11,36912.0,0.0,18177.64,0.0,18734.36,0.0
125,Gama,GAM_L1,Coca_Cola_Zero,12,37200.0,0.0,0.0,0.0,37200.0,0.0
125,Gama,GAM_L1,Coca_Cola_Zero,13,38256.0,0.0,0.0,0.0,38256.00000000001,0.0
125,Gama,GAM_L1,Coca_Cola_Zero,14,39408.0,0.0,0.0,0.0,39408.0,38581.42
125,Gama,GAM_L1,Coca_Cola_Zero,15,6726.35,0.0,0.0,0.0,6726.35,0.0
125,Gama,GAM_L1,Pepsi,1,0.0,0.0,0.0,0.0,0.0,0.0
125,Gama,GAM_L1,Pepsi,2,0.0,0.0,0.0,0.0,0.0,0.0
125,Gama,GAM_L1,Pepsi,3,0.0,0.0,0.0,0.0,0.0,0.0
125,Gama,GAM_L1,Pepsi,4,0.0,0.0,28111.12,0.0,0.0,28111.12
125,Gama,GAM_L1,Pepsi,5,0.0,0.0,0.0,0.0,0.0,19190.67
125,Gama,GAM_L1,Pepsi,6,0.0,0.0,0.0,0.0,0.0,36034.91
125,Gama,GAM_L1,Pepsi,7,0.0,0.0,0.0,0.0,0.0,0.0
125,Gama,GAM_L1,Pepsi,8,0.0,0.0,0.0,0.0,0.0,0.0
125,Gama,GAM_L1,Pepsi,9,0.0,0.0,0.0,0.0,0.0,0.0
125,Gama,GAM_L1,Pepsi,10,0.0,0.0,0.0,0.0,0.0,0.0
125,Gama,GAM_L1,Pepsi,11,0.0,0.0,0.0,0.0,0.0,0.0
125,Gama,GAM_L1,Pepsi,12,0.0,0.0,0.0,0.0,0.0,0.0
125,Gama,GAM_L1,Pepsi,13,0.0,0.0,0.0,0.0,0.0,0.0
125,Gama,GAM_L1,Pepsi,14,0.0,0.0,0.0,0.0,0.0,0.0
125,Gama,GAM_L1,Pepsi,15,0.0,0.0,0.0,0.0,0.0,0.0
125,Gama,GAM_L1,Antarctica_Lata,1,0.0,0.0,0.0,0.0,0.0,0.0
125,Gama,GAM_L1,Antarctica_Lata,2,0.0,0.0,0.0,0.0,0.0,0.0
125,Gama,GAM_L1,Antarctica_Lata,3,0.0,0.0,0.0,0.0,0.0,0.0
125,Gama,GAM_L1,Antarctica_Lata,4,0.0,0.0,0.0,0.0,0.0,0.0
125,Gama,GAM_L1,Antarctica_Lata,5,0.0,0.0,0.0,0.0,0.0,0.0
125,Gama,GAM_L1,Antarctica_Lata,6,0.0,0.0,0.0,0.0,0.0,0.0
125,Gama,GAM_L1,Antarctica_Lata,7,0.0,0.0,0.0,0.0,0.0,0.0
125,Gama,GAM_L1,Antarctica_Lata,8,0.0,0.0,0.0,0.0,0.0,0.0
125,Gama,GAM_L1,Antarctica_Lata,9,0.0,0.0,0.0,0.0,0.0,0.0
125,Gama,GAM_L1,Antarctica_Lata,10,0.0,0.0,10846.669999999998,5187.200000000003,0.0,10846.669999999998
125,Gama,GAM_L1,Antarctica_Lata,11,0.0,0.0,0.0,0.0,0.0,0.0
125,Gama,GAM_L1,Antarctica_Lata,12,0.0,0.0,0.0,0.0,0.0,0.0
125,Gama,GAM_L1,Antarctica_Lata,13,0.0,0.0,0.0,0.0,0.0,0.0
125,Gama,GAM_L1,Antarctica_Lata,14,0.0,0.0,0.0,0.0,0.0,0.0
125,Gama,GAM_L1,Antarctica_Lata,15,0.0,0.0,0.0,0.0,0.0,0.0
125,Gama,GAM_L1,Spaten_Lata,1,15879.530000000002,0.0,0.0,0.0,15879.530000000002,0.0
125,Gama,GAM_L1,Spaten_Lata,2,0.0,0.0,0.0,0.0,0.0,0.0
125,Gama,GAM_L1,Spaten_Lata,3,0.0,0.0,0.0,0.0,0.0,0.0
125,Gama,GAM_L1,Spaten_Lata,4,0.0,0.0,0.0,0.0,0.0,0.0
125,Gama,GAM_L1,Spaten_Lata,5,0.0,0.0,0.0,0.0,0.0,0.0
125,Gama,GAM_L1,Spaten_Lata,6,0.0,0.0,0.0,0.0,0.0,0.0
125,Gama,GAM_L1,Spaten_Lata,7,0.0,0.0,18747.41,0.0,0.0,18747.41
125,Gama,GAM_L1,Spaten_Lata,8,0.0,0.0,0.0,0.0,0.0,0.0
125,Gama,GAM_L1,Spaten_Lata,9,41859.72999999997,0.0,0.0,0.0,41859.72999999997,0.0
125,Gama,GAM_L1,Spaten_Lata,10,0.0,0.0,0.0,0.0,0.0,0.0
125,Gama,GAM_L1,Spaten_Lata,11,0.0,0.0,0.0,0.0,0.0,0.0
125,Gama,GAM_L1,Spaten_Lata,12,0.0,0.0,0.0,0.0,0.0,0.0
125,Gama,GAM_L1,Spaten_Lata,13,0.0,0.0,0.0,0.0,0.0,0.0
125,Gama,GAM_L1,Spaten_Lata,14,0.0,0.0,0.0,0.0,0.0,0.0
125,Gama,GAM_L1,Spaten_Lata,15,31265.65,0.0,30424.5,0.0,841.1499999999978,0.0
125,Gama,GAM_L1,Heineken_Lata,1,0.0,0.0,16138.26,0.0,0.0,16138.26
125,Gama,GAM_L1,Heineken_Lata,2,0.0,0.0,0.0,0.0,0.0,0.0
125,Gama,GAM_L1,Heineken_Lata,3,0.0,0.0,0.0,0.0,0.0,0.0
125,Gama,GAM_L1,Heineken_Lata,4,0.0,0.0,0.0,0.0,0.0,0.0
125,Gama,GAM_L1,Heineken_Lata,5,0.0,0.0,0.0,0.0,0.0,0.0
125,Gama,GAM_L1,Heineken_Lata,6,0.0,0.0,0.0,0.0,0.0,0.0
125,Gama,GAM_L1,Heineken_Lata,7,0.0,0.0,0.0,0.0,0.0,0.0
125,Gama,GAM_L1,Heineken_Lata,8,0.0,0.0,0.0,0.0,0.0,0.0
125,Gama,GAM_L1,Heineken_Lata,9,0.0,0.0,0.0,0.0,0.0,0.0
125,Gama,GAM_L1,Heineken_Lata,10,0.0,0.0,0.0,0.0,0.0,0.0
125,Gama,GAM_L1,Heineken_Lata,11,0.0,0.0,10046.3,0.0,0.0,10046.3
125,Gama,GAM_L1,Heineken_Lata,12,0.0,0.0,0.0,0.0,0.0,0.0
125,Gama,GAM_L1,Heineken_Lata,13,0.0,0.0,0.0,0.0,0.0,0.0
125,Gama,GAM_L1,Heineken_Lata,14,0.0,0.0,0.0,0.0,0.0,0.0
125,Gama,GAM_L1,Heineken_Lata,15,0.0,0.0,0.0,0.0,0.0,0.0
125,Gama,GAM_L1,Sukita_Laranja,1,0.0,0.0,0.0,0.0,0.0,0.0
125,Gama,GAM_L1,Sukita_Laranja,2,0.0,0.0,0.0,0.0,0.0,0.0
125,Gama,GAM_L1,Sukita_Laranja,3,0.0,0.0,0.0,0.0,0.0,0.0
125,Gama,GAM_L1,Sukita_Laranja,4,0.0,0.0,0.0,0.0,0.0,0.0
125,Gama,GAM_L1,Sukita_Laranja,5,0.0,0.0,0.0,0.0,0.0,0.0
125,Gama,GAM_L1,Sukita_Laranja,6,0.0,0.0,0.0,0.0,0.0,6208.76
125,Gama,GAM_L1,Sukita_Laranja,7,0.0,0.0,0.0,0.0,0.0,0.0
125,Gama,GAM_L1,Sukita_Laranja,8,0.0,0.0,0.0,0.0,0.0,0.0
125,Gama,GAM_L1,Sukita_Laranja,9,0.0,0.0,0.0,0.0,0.0,0.0
125,Gama,GAM_L1,Sukita_Laranja,10,0.0,0.0,0.0,0.0,0.0,13156.869999999999
125,Gama,GAM_L1,Sukita_Laranja,11,0.0,0.0,0.0,17612.1,0.0,0.0
125,Gama,GAM_L1,Sukita_Laranja,12,0.0,0.0,0.0,0.0,0.0,0.0
125,Gama,GAM_L1,Sukita_Laranja,13,0.0,0.0,0.0,0.0,0.0,0.0
125,Gama,GAM_L1,Sukita_Laranja,14,0.0,0.0,0.0,0.0,0.0,16108.59
125,Gama,GAM_L1,Sukita_Laranja,15,0.0,0.0,0.0,0.0,0.0,0.0
125,Gama,GAM_L1,H2OH_Limao,1,0.0,0.0,0.0,0.0,0.0,0.0
125,Gama,GAM_L1,H2OH_Limao,2,0.0,0.0,1988.6900000000023,29075.489999999998,0.0,1988.6900000000023
125,Gama,GAM_L1,H2OH_Limao,3,0.0,0.0,0.0,0.0,0.0,0.0
125,Gama,GAM_L1,H2OH_Limao,4,0.0,0.0,0.0,0.0,0.0,0.0
125,Gama,GAM_L1,H2OH_Limao,5,0.0,0.0,0.0,0.0,0.0,0.0
125,Gama,GAM_L1,H2OH_Limao,6,0.0,0.0,0.0,0.0,0.0,8975.7
125,Gama,GAM_L1,H2OH_Limao,7,0.0,0.0,0.0,0.0,0.0,0.0
125,Gama,GAM_L1,H2OH_Limao,8,0.0,0.0,0.0,0.0,0.0,0.0
125,Gama,GAM_L1,H2OH_Limao,9,0.0,0.0,0.0,0.0,0.0,0.0
125,Gama,GAM_L1,H2OH_Limao,10,0.0,0.0,0.0,0.0,0.0,0.0
125,Gama,GAM_L1,H2OH_Limao,11,0.0,0.0,0.0,0.0,0.0,0.0
125,Gama,GAM_L1,H2OH_Limao,12,0.0,0.0,0.0,0.0,0.0,0.0
125,Gama,GAM_L1,H2OH_Limao,13,0.0,0.0,0.0,21895.12,0.0,0.0
125,Gama,GAM_L1,H2OH_Limao,14,0.0,0.0,0.0,0.0,0.0,0.0
125,Gama,GAM_L1,H2OH_Limao,15,0.0,0.0,0.0,0.0,0.0,0.0
125,Gama,GAM_L1,Budweiser_Lata,1,0.0,0.0,0.0,0.0,0.0,1656.6799999999876
125,Gama,GAM_L1,Budweiser_Lata,2,0.0,0.0,0.0,0.0,16095.04,0.0
125,Gama,GAM_L1,Budweiser_Lata,3,0.0,0.0,0.0,0.0,35882.32999999999,41837.14
125,Gama,GAM_L1,Budweiser_Lata,4,0.0,0.0,0.0,0.0,37776.0,0.0
125,Gama,GAM_L1,Budweiser_Lata,5,0.0,0.0,0.0,0.0,0.0,0.0
125,Gama,GAM_L1,Budweiser_Lata,6,0.0,0.0,0.0,0.0,36576.0,0.0
125,Gama,GAM_L1,Budweiser_Lata,7,0.0,0.0,0.0,0.0,2502.73,0.0
125,Gama,GAM_L1,Budweiser_Lata,8,0.0,0.0,0.0,0.0,0.0,0.0
125,Gama,GAM_L1,Budweiser_Lata,9,0.0,0.0,0.0,0.0,14451.699999999997,0.0
125,Gama,GAM_L1,Budweiser_Lata,10,0.0,0.0,0.0,0.0,7693.93,0.0
125,Gama,GAM_L1,Budweiser_Lata,11,0.0,0.0,0.0,0.0,0.0,0.0
125,Gama,GAM_L1,Budweiser_Lata,12,0.0,0.0,0.0,0.0,0.0,0.0
125,Gama,GAM_L1,Budweiser_Lata,13,0.0,0.0,0.0,0.0,23698.97,0.0
125,Gama,GAM_L1,Budweiser_Lata,14,0.0,0.0,0.0,0.0,35424.0,0.0
125,Gama,GAM_L1,Budweiser_Lata,15,0.0,0.0,0.0,0.0,39671.99999999999,0.0
125,Gama,GAM_L1,Kuat,1,0.0,0.0,0.0,0.0,37392.0,0.0
125,Gama,GAM_L1,Kuat,2,0.0,0.0,0.0,0.0,37464.0,20950.38
125,Gama,GAM_L1,Kuat,3,0.0,0.0,0.0,0.0,40100.33000000001,0.0
125,Gama,GAM_L1,Kuat,4,0.0,0.0,18101.18,0.0,40872.0,18101.18
125,Gama,GAM_L1,Kuat,5,0.0,0.0,0.0,0.0,31919.28,0.0
125,Gama,GAM_L1,Kuat,6,0.0,0.0,0.0,0.0,21684.13,0.0
125,Gama,GAM_L1,Kuat,7,0.0,0.0,0.0,0.0,18417.39,0.0
125,Gama,GAM_L1,Kuat,8,0.0,0.0,0.0,0.0,0.0,0.0
125,Gama,GAM_L1,Kuat,9,0.0,0.0,0.0,0.0,27609.839999999997,0.0
125,Gama,GAM_L1,Kuat,10,0.0,0.0,0.0,0.0,38304.0,0.0
125,Gama,GAM_L1,Kuat,11,0.0,0.0,0.0,0.0,18910.17,0.0
125,Gama,GAM_L1,Kuat,12,0.0,0.0,0.0,0.0,38328.0,0.0
125,Gama,GAM_L1,Kuat,13,0.0,0.0,0.0,0.0,40457.49,24681.94
125,Gama,GAM_L1,Kuat,14,0.0,0.0,0.0,0.0,34080.0,0.0
125,Gama,GAM_L1,Kuat,15,0.0,0.0,0.0,0.0,39792.0,0.0
125,Gama,GAM_L1,Fanta_Uva,1,0.0,0.0,0.0,0.0,0.0,40857.94
125,Gama,GAM_L1,Fanta_Uva,2,0.0,0.0,0.0,0.0,0.0,1148.38
125,Gama,GAM_L1,Fanta_Uva,3,0.0,0.0,0.0,0.0,1011.6699999999927,0.0
125,Gama,GAM_L1,Fanta_Uva,4,0.0,0.0,0.0,0.0,0.0,0.0
125,Gama,GAM_L1,Fanta_Uva,5,0.0,0.0,0.0,0.0,0.0,0.0
125,Gama,GAM_L1,Fanta_Uva,6,0.0,0.0,0.0,0.0,15899.869999999997,0.0
125,Gama,GAM_L1,Fanta_Uva,7,0.0,0.0,0.0,0.0,0.0,0.0
125,Gama,GAM_L1,Fanta_Uva,8,0.0,0.0,0.0,0.0,9625.199999999997,0.0
125,Gama,GAM_L1,Fanta_Uva,9,0.0,15964.099999999948,21046.68,0.0,0.0,37010.77999999995
125,Gama,GAM_L1,Fanta_Uva,10,0.0,0.0,33104.7,0.0,0.0,17140.60000000005
125,Gama,GAM_L1,Fanta_Uva,11,0.0,0.0,0.0,0.0,2342.859999999984,0.0
125,Gama,GAM_L1,Fanta_Uva,12,0.0,0.0,0.0,0.0,0.0,0.0
125,Gama,GAM_L1,Fanta_Uva,13,0.0,0.0,0.0,0.0,1950.5099999999923,0.0
125,Gama,GAM_L1,Fanta_Uva,14,0.0,0.0,0.0,0.0,0.0,19478.4
125,Gama,GAM_L1,Fanta_Uva,15,0.0,0.0,20246.73,0.0,0.0,20246.73
125,Gama,GAM_L1,Sprite,1,0.0,0.0,0.0,0.0,0.0,0.0
125,Gama,GAM_L1,Sprite,2,0.0,0.0,0.0,5649.1,0.0,0.0
125,Gama,GAM_L1,Sprite,3,0.0,0.0,0.0,0.0,0.0,0.0
125,Gama,GAM_L1,Sprite,4,0.0,0.0,0.0,0.0,0.0,0.0
125,Gama,GAM_L1,Sprite,5,0.0,0.0,0.0,0.0,0.0,0.0
125,Gama,GAM_L1,Sprite,6,0.0,0.0,0.0,0.0,0.0,0.0
125,Gama,GAM_L1,Sprite,7,0.0,0.0,0.0,0.0,0.0,0.0
125,Gama,GAM_L1,Sprite,8,0.0,0.0,0.0,0.0,0.0,0.0
125,Gama,GAM_L1,Sprite,9,0.0,0.0,0.0,0.0,0.0,0.0
125,Gama,GAM_L1,Sprite,10,0.0,0.0,0.0,0.0,0.0,0.0
125,Gama,GAM_L1,Sprite,11,0.0,0.0,0.0,0.0,0.0,0.0
125,Gama,GAM_L1,Sprite,12,0.0,0.0,0.0,0.0,0.0,0.0
125,Gama,GAM_L1,Sprite,13,0.0,0.0,0.0,0.0,0.0,0.0
125,Gama,GAM_L1,Sprite,14,0.0,0.0,0.0,0.0,0.0,3793.94
125,Gama,GAM_L1,Sprite,15,0.0,0.0,0.0,0.0,0.0,11856.26
125,Gama,GAM_L1,Skol_Lata,1,0.0,0.0,14325.0,0.0,0.0,14325.0
125,Gama,GAM_L1,Skol_Lata,2,0.0,0.0,0.0,0.0,0.0,0.0
125,Gama,GAM_L1,Skol_Lata,3,0.0,0.0,0.0,0.0,0.0,0.0
125,Gama,GAM_L1,Skol_Lata,4,0.0,0.0,0.0,0.0,0.0,0.0
125,Gama,GAM_L1,Skol_Lata,5,0.0,0.0,0.0,0.0,0.0,27200.82
125,Gama,GAM_L1,Skol_Lata,6,0.0,0.0,0.0,0.0,0.0,0.0
125,Gama,GAM_L1,Skol_Lata,7,0.0,0.0,0.0,0.0,0.0,0.0
125,Gama,GAM_L1,Skol_Lata,8,0.0,0.0,10622.32,0.0,0.0,10622.32
125,Gama,GAM_L1,Skol_Lata,9,0.0,0.0,0.0,0.0,0.0,0.0
125,Gama,GAM_L1,Skol_Lata,10,0.0,0.0,0.0,0.0,0.0,0.0
125,Gama,GAM_L1,Skol_Lata,11,0.0,0.0,0.0,0.0,0.0,0.0
125,Gama,GAM_L1,Skol_Lata,12,0.0,0.0,0.0,0.0,0.0,0.0
125,Gama,GAM_L1,Skol_Lata,13,0.0,0.0,0.0,0.0,0.0,0.0
125,Gama,GAM_L1,Skol_Lata,14,0.0,0.0,0.0,0.0,0.0,0.0
125,Gama,GAM_L1,Skol_Lata,15,0.0,0.0,0.0,0.0,0.0,0.0
125,Gama,GAM_L1,Guarana_Antarctica,1,0.0,0.0,0.0,0.0,0.0,0.0
125,Gama,GAM_L1,Guarana_Antarctica,2,0.0,0.0,0.0,0.0,0.0,0.0
125,Gama,GAM_L1,Guarana_Antarctica,3,0.0,0.0,0.0,0.0,0.0,0.0
125,Gama,GAM_L1,Guarana_Antarctica,4,0.0,0.0,0.0,0.0,0.0,0.0
125,Gama,GAM_L1,Guarana_Antarctica,5,0.0,0.0,0.0,0.0,0.0,0.0
125,Gama,GAM_L1,Guarana_Antarctica,6,0.0,0.0,0.0,0.0,0.0,0.0
125,Gama,GAM_L1,Guarana_Antarctica,7,0.0,0.0,0.0,0.0,0.0,0.0
125,Gama,GAM_L1,Guarana_Antarctica,8,0.0,0.0,0.0,0.0,0.0,0.0
125,Gama,GAM_L1,Guarana_Antarctica,9,0.0,0.0,0.0,11637.59,0.0,0.0
125,Gama,GAM_L1,Guarana_Antarctica,10,0.0,0.0,0.0,0.0,0.0,0.0
125,Gama,GAM_L1,Guarana_Antarctica,11,0.0,0.0,0.0,0.0,0.0,0.0
125,Gama,GAM_L1,Guarana_Antarctica,12,0.0,0.0,0.0,0.0,0.0,0.0
125,Gama,GAM_L1,Guarana_Antarctica,13,0.0,0.0,0.0,0.0,0.0,0.0
125,Gama,GAM_L1,Guarana_Antarctica,14,0.0,0.0,0.0,0.0,0.0,0.0
125,Gama,GAM_L1,Guarana_Antarctica,15,0.0,0.0,0.0,0.0,0.0,0.0
125,Gama,GAM_L1,Guarana_Antarctica_Zero,1,0.0,0.0,0.0,0.0,0.0,0.0
125,Gama,GAM_L1,Guarana_Antarctica_Zero,2,0.0,0.0,13721.35,0.0,0.0,20754.41
125,Gama,GAM_L1,Guarana_Antarctica_Zero,3,0.0,0.0,0.0,0.0,0.0,0.0
125,Gama,GAM_L1,Guarana_Antarctica_Zero,4,0.0,0.0,0.0,0.0,0.0,0.0
125,Gama,GAM_L1,Guarana_Antarctica_Zero,5,0.0,13287.470000000027,0.0,0.0,0.0,13287.470000000027
125,Gama,GAM_L1,Guarana_Antarctica_Zero,6,0.0,21422.509999999995,0.0,0.0,0.0,8135.039999999968
125,Gama,GAM_L1,Guarana_Antarctica_Zero,7,0.0,0.0,0.0,0.0,21422.509999999995,42779.57
125,Gama,GAM_L1,Guarana_Antarctica_Zero,8,0.0,0.0,0.0,0.0,0.0,0.0
125,Gama,GAM_L1,Guarana_Antarctica_Zero,9,0.0,0.0,0.0,0.0,0.0,0.0
125,Gama,GAM_L1,Guarana_Antarctica_Zero,10,0.0,0.0,0.0,0.0,0.0,0.0
125,Gama,GAM_L1,Guarana_Antarctica_Zero,11,0.0,0.0,0.0,0.0,0.0,0.0
125,Gama,GAM_L1,Guarana_Antarctica_Zero,12,0.0,1401.150000000005,0.0,0.0,0.0,29078.380000000005
125,Gama,GAM_L1,Guarana_Antarctica_Zero,13,0.0,0.0,0.0,0.0,1401.150000000005,0.0
125,Gama,GAM_L1,Guarana_Antarctica_Zero,14,0.0,0.0,0.0,0.0,0.0,0.0
125,Gama,GAM_L1,Guarana_Antarctica_Zero,15,0.0,0.0,0.0,0.0,0.0,0.0
125,Gama,GAM_L1,Del_Valle_Uva,1,0.0,0.0,0.0,0.0,0.0,0.0
125,Gama,GAM_L1,Del_Valle_Uva,2,0.0,0.0,0.0,0.0,0.0,0.0
125,Gama,GAM_L1,Del_Valle_Uva,3,0.0,0.0,0.0,0.0,0.0,17689.589999999993
125,Gama,GAM_L1,Del_Valle_Uva,4,0.0,0.0,0.0,0.0,0.0,0.0
125,Gama,GAM_L1,Del_Valle_Uva,5,0.0,0.0,0.0,0.0,0.0,0.0
125,Gama,GAM_L1,Del_Valle_Uva,6,0.0,0.0,0.0,0.0,0.0,0.0
125,Gama,GAM_L1,Del_Valle_Uva,7,0.0,0.0,0.0,0.0,0.0,0.0
125,Gama,GAM_L1,Del_Valle_Uva,8,0.0,0.0,0.0,0.0,0.0,0.0
125,Gama,GAM_L1,Del_Valle_Uva,9,0.0,0.0,0.0,0.0,0.0,33654.4
125,Gama,GAM_L1,Del_Valle_Uva,10,0.0,0.0,0.0,0.0,0.0,0.0
125,Gama,GAM_L1,Del_Valle_Uva,11,0.0,0.0,0.0,0.0,0.0,18980.34
125,Gama,GAM_L1,Del_Valle_Uva,12,0.0,0.0,0.0,0.0,0.0,0.0
125,Gama,GAM_L1,Del_Valle_Uva,13,0.0,0.0,0.0,0.0,0.0,0.0
125,Gama,GAM_L1,Del_Valle_Uva,14,0.0,0.0,0.0,0.0,0.0,0.0
125,Gama,GAM_L1,Del_Valle_Uva,15,0.0,0.0,0.0,0.0,0.0,0.0
125,Gama,GAM_L1,Brahma_Lata,1,0.0,0.0,0.0,0.0,0.0,0.0
125,Gama,GAM_L1,Brahma_Lata,2,0.0,0.0,0.0,0.0,0.0,0.0
125,Gama,GAM_L1,Brahma_Lata,3,0.0,0.0,0.0,0.0,0.0,0.0
125,Gama,GAM_L1,Brahma_Lata,4,0.0,0.0,0.0,0.0,0.0,0.0
125,Gama,GAM_L1,Brahma_Lata,5,0.0,0.0,0.0,0.0,0.0,0.0
125,Gama,GAM_L1,Brahma_Lata,6,0.0,0.0,0.0,0.0,0.0,0.0
125,Gama,GAM_L1,Brahma_Lata,7,0.0,0.0,0.0,0.0,0.0,0.0
125,Gama,GAM_L1,Brahma_Lata,8,0.0,0.0,0.0,0.0,0.0,0.0
125,Gama,GAM_L1,Brahma_Lata,9,0.0,0.0,0.0,0.0,0.0,0.0
125,Gama,GAM_L1,Brahma_Lata,10,0.0,0.0,0.0,0.0,0.0,0.0
125,Gama,GAM_L1,Brahma_Lata,11,0.0,0.0,0.0,0.0,0.0,15055.7
125,Gama,GAM_L1,Brahma_Lata,12,0.0,0.0,0.0,0.0,0.0,0.0
125,Gama,GAM_L1,Brahma_Lata,13,0.0,0.0,0.0,0.0,0.0,0.0
125,Gama,GAM_L1,Brahma_Lata,14,0.0,0.0,0.0,0.0,0.0,0.0
125,Gama,GAM_L1,Brahma_Lata,15,0.0,0.0,0.0,0.0,0.0,0.0
125,Gama,GAM_L1,Itaipava_Lata,1,0.0,0.0,0.0,0.0,0.0,0.0
125,Gama,GAM_L1,Itaipava_Lata,2,0.0,0.0,0.0,0.0,0.0,0.0
125,Gama,GAM_L1,Itaipava_Lata,3,0.0,0.0,0.0,0.0,0.0,0.0
125,Gama,GAM_L1,Itaipava_Lata,4,0.0,0.0,0.0,0.0,0.0,0.0
125,Gama,GAM_L1,Itaipava_Lata,5,0.0,0.0,31992.33,0.0,3144.72,31992.33
125,Gama,GAM_L1,Itaipava_Lata,6,0.0,0.0,0.0,0.0,0.0,0.0
125,Gama,GAM_L1,Itaipava_Lata,7,0.0,0.0,0.0,0.0,0.0,10265.08
125,Gama,GAM_L1,Itaipava_Lata,8,0.0,0.0,0.0,0.0,26350.800000000007,0.0
125,Gama,GAM_L1,Itaipava_Lata,9,0.0,0.0,0.0,0.0,11606.160000000005,0.0
125,Gama,GAM_L1,Itaipava_Lata,10,0.0,0.0,0.0,0.0,0.0,0.0
125,Gama,GAM_L1,Itaipava_Lata,11,0.0,0.0,0.0,0.0,13090.97000000002,0.0
125,Gama,GAM_L1,Itaipava_Lata,12,0.0,0.0,10654.850000000006,39567.189999999995,0.0,10654.850000000006
125,Gama,GAM_L1,Itaipava_Lata,13,0.0,0.0,0.0,0.0,0.0,0.0
125,Gama,GAM_L1,Itaipava_Lata,14,0.0,0.0,0.0,0.0,0.0,0.0
125,Gama,GAM_L1,Itaipava_Lata,15,0.0,0.0,0.0,0.0,0.0,29821.3
125,Gama,GAM_L2,Maguary_Maracuja,1,0.0,0.0,0.0,0.0,0.0,0.0
125,Gama,GAM_L2,Maguary_Maracuja,2,0.0,0.0,0.0,0.0,0.0,0.0
125,Gama,GAM_L2,Maguary_Maracuja,3,0.0,0.0,0.0,0.0,0.0,0.0
125,Gama,GAM_L2,Maguary_Maracuja,4,0.0,0.0,0.0,0.0,0.0,0.0
125,Gama,GAM_L2,Maguary_Maracuja,5,0.0,0.0,0.0,0.0,0.0,15282.98
125,Gama,GAM_L2,Maguary_Maracuja,6,0.0,0.0,0.0,0.0,0.0,0.0
125,Gama,GAM_L2,Maguary_Maracuja,7,0.0,0.0,0.0,0.0,0.0,3551.43
125,Gama,GAM_L2,Maguary_Maracuja,8,0.0,0.0,0.0,0.0,0.0,42478.59
125,Gama,GAM_L2,Maguary_Maracuja,9,0.0,0.0,0.0,0.0,0.0,0.0
125,Gama,GAM_L2,Maguary_Maracuja,10,0.0,0.0,0.0,0.0,0.0,0.0
125,Gama,GAM_L2,Maguary_Maracuja,11,0.0,0.0,0.0,0.0,0.0,0.0
125,Gama,GAM_L2,Maguary_Maracuja,12,0.0,0.0,16677.71,0.0,0.0,16677.71
125,Gama,GAM_L2,Maguary_Maracuja,13,0.0,0.0,0.0,0.0,0.0,22408.72
125,Gama,GAM_L2,Maguary_Maracuja,14,0.0,0.0,0.0,0.0,0.0,0.0
125,Gama,GAM_L2,Maguary_Maracuja,15,0.0,0.0,9196.32,0.0,0.0,9196.32
125,Gama,GAM_L2,Fanta_Laranja,1,0.0,0.0,0.0,0.0,0.0,0.0
125,Gama,GAM_L2,Fanta_Laranja,2,0.0,0.0,0.0,0.0,0.0,0.0
125,Gama,GAM_L2,Fanta_Laranja,3,0.0,0.0,0.0,0.0,0.0,0.0
125,Gama,GAM_L2,Fanta_Laranja,4,0.0,0.0,0.0,0.0,0.0,0.0
125,Gama,GAM_L2,Fanta_Laranja,5,0.0,0.0,0.0,0.0,0.0,0.0
125,Gama,GAM_L2,Fanta_Laranja,6,0.0,0.0,0.0,0.0,0.0,0.0
125,Gama,GAM_L2,Fanta_Laranja,7,0.0,0.0,0.0,0.0,12476.550000000003,0.0
125,Gama,GAM_L2,Fanta_Laranja,8,0.0,0.0,0.0,0.0,0.0,23154.89999999996
125,Gama,GAM_L2,Fanta_Laranja,9,0.0,0.0,42848.05,0.0,0.0,42848.05
125,Gama,GAM_L2,Fanta_Laranja,10,0.0,0.0,0.0,0.0,0.0,0.0
125,Gama,GAM_L2,Fanta_Laranja,11,0.0,0.0,0.0,0.0,0.0,0.0
125,Gama,GAM_L2,Fanta_Laranja,12,0.0,0.0,0.0,0.0,0.0,0.0
125,Gama,GAM_L2,Fanta_Laranja,13,0.0,0.0,0.0,0.0,0.0,0.0
125,Gama,GAM_L2,Fanta_Laranja,14,0.0,0.0,0.0,0.0,0.0,0.0
125,Gama,GAM_L2,Fanta_Laranja,15,0.0,0.0,0.0,0.0,0.0,0.0
125,Gama,GAM_L2,Schweppes_Citrus,1,0.0,0.0,0.0,0.0,0.0,0.0
125,Gama,GAM_L2,Schweppes_Citrus,2,0.0,0.0,0.0,0.0,0.0,40570.08
125,Gama,GAM_L2,Schweppes_Citrus,3,0.0,0.0,0.0,0.0,0.0,0.0
125,Gama,GAM_L2,Schweppes_Citrus,4,0.0,0.0,0.0,0.0,0.0,0.0
125,Gama,GAM_L2,Schweppes_Citrus,5,0.0,0.0,0.0,0.0,0.0,0.0
125,Gama,GAM_L2,Schweppes_Citrus,6,0.0,0.0,0.0,0.0,0.0,0.0
125,Gama,GAM_L2,Schweppes_Citrus,7,0.0,0.0,0.0,0.0,0.0,0.0
125,Gama,GAM_L2,Schweppes_Citrus,8,0.0,0.0,0.0,0.0,0.0,0.0
125,Gama,GAM_L2,Schweppes_Citrus,9,0.0,0.0,0.0,0.0,0.0,0.0
125,Gama,GAM_L2,Schweppes_Citrus,10,0.0,0.0,0.0,0.0,0.0,0.0
125,Gama,GAM_L2,Schweppes_Citrus,11,0.0,0.0,0.0,0.0,0.0,0.0
125,Gama,GAM_L2,Schweppes_Citrus,12,0.0,0.0,0.0,0.0,0.0,0.0
125,Gama,GAM_L2,Schweppes_Citrus,13,0.0,0.0,0.0,0.0,0.0,0.0
125,Gama,GAM_L2,Schweppes_Citrus,14,0.0,0.0,0.0,0.0,0.0,0.0
125,Gama,GAM_L2,Schweppes_Citrus,15,0.0,0.0,0.0,0.0,0.0,51190.44
125,Gama,GAM_L2,Sprite_Zero,1,8100.509999999993,0.0,0.0,0.0,8100.509999999993,0.0
125,Gama,GAM_L2,Sprite_Zero,2,20120.96,0.0,20120.96,0.0,0.0,0.0
125,Gama,GAM_L2,Sprite_Zero,3,2397.670000000013,0.0,0.0,0.0,2397.670000000013,0.0
125,Gama,GAM_L2,Sprite_Zero,4,0.0,0.0,0.0,0.0,0.0,0.0
125,Gama,GAM_L2,Sprite_Zero,5,0.0,0.0,0.0,0.0,0.0,0.0
125,Gama,GAM_L2,Sprite_Zero,6,0.0,0.0,0.0,0.0,0.0,0.0
125,Gama,GAM_L2,Sprite_Zero,7,0.0,0.0,0.0,0.0,0.0,0.0
125,Gama,GAM_L2,Sprite_Zero,8,0.0,0.0,0.0,0.0,0.0,0.0
125,Gama,GAM_L2,Sprite_Zero,9,9453.380000000005,0.0,0.0,0.0,9453.380000000005,0.0
125,Gama,GAM_L2,Sprite_Zero,10,30850.070000000003,0.0,0.0,0.0,30850.070000000003,0.0
125,Gama,GAM_L2,Sprite_Zero,11,38232.0,0.0,0.0,0.0,38231.99999999999,0.0
125,Gama,GAM_L2,Sprite_Zero,12,36360.0,0.0,0.0,0.0,36360.0,17983.75
125,Gama,GAM_L2,Sprite_Zero,13,0.0,0.0,0.0,0.0,0.0,0.0
125,Gama,GAM_L2,Sprite_Zero,14,0.0,0.0,0.0,0.0,0.0,0.0
125,Gama,GAM_L2,Sprite_Zero,15,0.0,0.0,0.0,0.0,0.0,0.0
125,Gama,GAM_L2,Eisenbahn_Pilsen,1,0.0,0.0,0.0,0.0,0.0,0.0
125,Gama,GAM_L2,Eisenbahn_Pilsen,2,0.0,0.0,0.0,0.0,0.0,0.0
125,Gama,GAM_L2,Eisenbahn_Pilsen,3,0.0,0.0,0.0,0.0,0.0,0.0
125,Gama,GAM_L2,Eisenbahn_Pilsen,4,0.0,0.0,0.0,0.0,0.0,54070.479999999996
125,Gama,GAM_L2,Eisenbahn_Pilsen,5,0.0,0.0,21059.04,0.0,0.0,21059.04
125,Gama,GAM_L2,Eisenbahn_Pilsen,6,0.0,0.0,0.0,0.0,0.0,18736.27
125,Gama,GAM_L2,Eisenbahn_Pilsen,7,0.0,0.0,0.0,0.0,0.0,0.0
125,Gama,GAM_L2,Eisenbahn_Pilsen,8,0.0,0.0,3371.92,0.0,0.0,3371.92
125,Gama,GAM_L2,Eisenbahn_Pilsen,9,0.0,0.0,0.0,0.0,0.0,0.0
125,Gama,GAM_L2,Eisenbahn_Pilsen,10,0.0,0.0,0.0,0.0,0.0,0.0
125,Gama,GAM_L2,Eisenbahn_Pilsen,11,0.0,0.0,16359.3,0.0,0.0,16359.3
125,Gama,GAM_L2,Eisenbahn_Pilsen,12,0.0,0.0,0.0,0.0,0.0,2273.26
125,Gama,GAM_L2,Eisenbahn_Pilsen,13,0.0,0.0,0.0,0.0,0.0,4469.2
125,Gama,GAM_L2,Eisenbahn_Pilsen,14,0.0,0.0,0.0,0.0,0.0,0.0
125,Gama,GAM_L2,Eisenbahn_Pilsen,15,0.0,0.0,0.0,0.0,0.0,0.0
125,Gama,GAM_L2,Del_Valle_Pessego,1,0.0,0.0,0.0,0.0,0.0,0.0
125,Gama,GAM_L2,Del_Valle_Pessego,2,0.0,0.0,0.0,0.0,0.0,0.0
125,Gama,GAM_L2,Del_Valle_Pessego,3,0.0,0.0,0.0,0.0,0.0,0.0
125,Gama,GAM_L2,Del_Valle_Pessego,4,0.0,0.0,0.0,0.0,0.0,0.0
125,Gama,GAM_L2,Del_Valle_Pessego,5,0.0,0.0,0.0,0.0,0.0,0.0
125,Gama,GAM_L2,Del_Valle_Pessego,6,0.0,0.0,0.0,0.0,0.0,0.0
125,Gama,GAM_L2,Del_Valle_Pessego,7,0.0,0.0,0.0,0.0,0.0,0.0
125,Gama,GAM_L2,Del_Valle_Pessego,8,0.0,0.0,0.0,0.0,0.0,0.0
125,Gama,GAM_L2,Del_Valle_Pessego,9,0.0,0.0,0.0,0.0,0.0,0.0
125,Gama,GAM_L2,Del_Valle_Pessego,10,0.0,0.0,0.0,0.0,0.0,0.0
125,Gama,GAM_L2,Del_Valle_Pessego,11,0.0,0.0,0.0,0.0,0.0,0.0
125,Gama,GAM_L2,Del_Valle_Pessego,12,0.0,0.0,28556.24,0.0,0.0,28556.24
125,Gama,GAM_L2,Del_Valle_Pessego,13,0.0,0.0,0.0,0.0,0.0,20700.2
125,Gama,GAM_L2,Del_Valle_Pessego,14,0.0,0.0,0.0,0.0,0.0,0.0
125,Gama,GAM_L2,Del_Valle_Pessego,15,0.0,0.0,0.0,0.0,0.0,0.0
125,Gama,GAM_L2,Coca_Cola,1,0.0,0.0,0.0,0.0,0.0,0.0
125,Gama,GAM_L2,Coca_Cola,2,0.0,0.0,0.0,0.0,0.0,0.0
125,Gama,GAM_L2,Coca_Cola,3,0.0,0.0,0.0,0.0,0.0,0.0
125,Gama,GAM_L2,Coca_Cola,4,0.0,0.0,0.0,0.0,0.0,0.0
125,Gama,GAM_L2,Coca_Cola,5,0.0,0.0,0.0,0.0,0.0,0.0
125,Gama,GAM_L2,Coca_Cola,6,0.0,0.0,0.0,0.0,0.0,0.0
125,Gama,GAM_L2,Coca_Cola,7,0.0,0.0,0.0,0.0,0.0,0.0
125,Gama,GAM_L2,Coca_Cola,8,0.0,0.0,0.0,19878.52,0.0,0.0
125,Gama,GAM_L2,Coca_Cola,9,0.0,0.0,0.0,0.0,0.0,0.0
125,Gama,GAM_L2,Coca_Cola,10,0.0,0.0,0.0,0.0,0.0,0.0
125,Gama,GAM_L2,Coca_Cola,11,0.0,0.0,0.0,0.0,0.0,0.0
125,Gama,GAM_L2,Coca_Cola,12,0.0,0.0,0.0,0.0,0.0,0.0
125,Gama,GAM_L2,Coca_Cola,13,0.0,0.0,0.0,0.0,0.0,0.0
125,Gama,GAM_L2,Coca_Cola,14,0.0,0.0,0.0,0.0,0.0,0.0
125,Gama,GAM_L2,Coca_Cola,15,0.0,0.0,0.0,0.0,0.0,0.0
125,Gama,GAM_L2,Amstel_Lata,1,0.0,0.0,0.0,0.0,0.0,0.0
125,Gama,GAM_L2,Amstel_Lata,2,0.0,0.0,0.0,0.0,0.0,0.0
125,Gama,GAM_L2,Amstel_Lata,3,0.0,0.0,0.0,0.0,0.0,0.0
125,Gama,GAM_L2,Amstel_Lata,4,0.0,0.0,0.0,0.0,0.0,0.0
125,Gama,GAM_L2,Amstel_Lata,5,0.0,0.0,0.0,0.0,0.0,0.0
125,Gama,GAM_L2,Amstel_Lata,6,0.0,0.0,0.0,0.0,0.0,0.0
125,Gama,GAM_L2,Amstel_Lata,7,0.0,0.0,4329.9,0.0,0.0,4329.9
125,Gama,GAM_L2,Amstel_Lata,8,0.0,0.0,0.0,0.0,0.0,0.0
125,Gama,GAM_L2,Amstel_Lata,9,0.0,0.0,0.0,0.0,0.0,18101.36
125,Gama,GAM_L2,Amstel_Lata,10,0.0,0.0,0.0,0.0,0.0,0.0
125,Gama,GAM_L2,Amstel_Lata,11,0.0,0.0,0.0,0.0,0.0,0.0
125,Gama,GAM_L2,Amstel_Lata,12,0.0,0.0,0.0,0.0,0.0,0.0
125,Gama,GAM_L2,Amstel_Lata,13,0.0,0.0,0.0,0.0,0.0,0.0
125,Gama,GAM_L2,Amstel_Lata,14,0.0,0.0,0.0,0.0,0.0,0.0
125,Gama,GAM_L2,Amstel_Lata,15,0.0,0.0,0.0,0.0,0.0,0.0
125,Gama,GAM_L2,Pepsi_Black,1,0.0,0.0,0.0,0.0,0.0,0.0
125,Gama,GAM_L2,Pepsi_Black,2,0.0,0.0,0.0,0.0,0.0,0.0
125,Gama,GAM_L2,Pepsi_Black,3,0.0,0.0,0.0,0.0,0.0,19789.839999999997
125,Gama,GAM_L2,Pepsi_Black,4,0.0,0.0,0.0,0.0,19789.839999999997,0.0
125,Gama,GAM_L2,Pepsi_Black,5,0.0,0.0,0.0,0.0,0.0,0.0
125,Gama,GAM_L2,Pepsi_Black,6,0.0,0.0,0.0,0.0,0.0,0.0
125,Gama,GAM_L2,Pepsi_Black,7,0.0,0.0,0.0,0.0,0.0,15550.04
125,Gama,GAM_L2,Pepsi_Black,8,0.0,0.0,0.0,0.0,0.0,0.0
125,Gama,GAM_L2,Pepsi_Black,9,0.0,0.0,0.0,0.0,0.0,0.0
125,Gama,GAM_L2,Pepsi_Black,10,0.0,0.0,34336.26,0.0,0.0,34336.26
125,Gama,GAM_L2,Pepsi_Black,11,0.0,0.0,0.0,0.0,0.0,0.0
125,Gama,GAM_L2,Pepsi_Black,12,0.0,0.0,0.0,0.0,0.0,0.0
125,Gama,GAM_L2,Pepsi_Black,13,0.0,0.0,0.0,0.0,0.0,0.0
125,Gama,GAM_L2,Pepsi_Black,14,0.0,0.0,0.0,0.0,0.0,0.0
125,Gama,GAM_L2,Pepsi_Black,15,0.0,0.0,0.0,0.0,0.0,0.0
125,Gama,GAM_L2,Del_Valle_Laranja,1,0.0,0.0,0.0,0.0,0.0,0.0
125,Gama,GAM_L2,Del_Valle_Laranja,2,0.0,0.0,0.0,0.0,0.0,0.0
125,Gama,GAM_L2,Del_Valle_Laranja,3,0.0,0.0,0.0,0.0,0.0,0.0
125,Gama,GAM_L2,Del_Valle_Laranja,4,0.0,0.0,0.0,0.0,0.0,0.0
125,Gama,GAM_L2,Del_Valle_Laranja,5,0.0,0.0,0.0,0.0,0.0,0.0
125,Gama,GAM_L2,Del_Valle_Laranja,6,0.0,0.0,0.0,0.0,0.0,0.0
125,Gama,GAM_L2,Del_Valle_Laranja,7,0.0,0.0,0.0,0.0,0.0,0.0
125,Gama,GAM_L2,Del_Valle_Laranja,8,0.0,0.0,0.0,0.0,0.0,0.0
125,Gama,GAM_L2,Del_Valle_Laranja,9,0.0,0.0,0.0,0.0,0.0,7459.7
125,Gama,GAM_L2,Del_Valle_Laranja,10,0.0,0.0,0.0,0.0,0.0,11207.1
125,Gama,GAM_L2,Del_Valle_Laranja,11,0.0,0.0,0.0,0.0,0.0,0.0
125,Gama,GAM_L2,Del_Valle_Laranja,12,0.0,0.0,0.0,0.0,0.0,0.0
125,Gama,GAM_L2,Del_Valle_Laranja,13,0.0,0.0,7811.35,0.0,0.0,7811.35
125,Gama,GAM_L2,Del_Valle_Laranja,14,0.0,0.0,0.0,0.0,0.0,27383.1
125,Gama,GAM_L2,Del_Valle_Laranja,15,0.0,0.0,0.0,0.0,0.0,0.0
125,Gama,GAM_L2,Itubaina,1,0.0,0.0,0.0,0.0,0.0,0.0
125,Gama,GAM_L2,Itubaina,2,0.0,0.0,0.0,0.0,0.0,0.0
125,Gama,GAM_L2,Itubaina,3,0.0,0.0,0.0,0.0,0.0,0.0
125,Gama,GAM_L2,Itubaina,4,0.0,0.0,0.0,0.0,0.0,0.0
125,Gama,GAM_L2,Itubaina,5,0.0,0.0,0.0,0.0,0.0,17441.48
125,Gama,GAM_L2,Itubaina,6,0.0,0.0,0.0,0.0,0.0,0.0
125,Gama,GAM_L2,Itubaina,7,0.0,0.0,0.0,0.0,0.0,0.0
125,Gama,GAM_L2,Itubaina,8,0.0,0.0,0.0,0.0,0.0,4062.4
125,Gama,GAM_L2,Itubaina,9,0.0,0.0,0.0,0.0,0.0,0.0
125,Gama,GAM_L2,Itubaina,10,0.0,0.0,0.0,0.0,0.0,0.0
125,Gama,GAM_L2,Itubaina,11,0.0,0.0,0.0,0.0,0.0,823.83
125,Gama,GAM_L2,Itubaina,12,0.0,0.0,0.0,0.0,0.0,0.0
125,Gama,GAM_L2,Itubaina,13,0.0,0.0,0.0,0.0,0.0,24114.41
125,Gama,GAM_L2,Itubaina,14,0.0,0.0,0.0,0.0,0.0,20334.38
125,Gama,GAM_L2,Itubaina,15,0.0,0.0,0.0,0.0,0.0,0.0
125,Gama,GAM_L2,Stella_Artois_Pure_Gold,1,23602.309999999994,0.0,0.0,0.0,23602.309999999994,45061.04
125,Gama,GAM_L2,Stella_Artois_Pure_Gold,2,0.0,0.0,0.0,0.0,0.0,0.0
125,Gama,GAM_L2,Stella_Artois_Pure_Gold,3,0.0,0.0,0.0,0.0,0.0,0.0
125,Gama,GAM_L2,Stella_Artois_Pure_Gold,4,0.0,0.0,0.0,0.0,0.0,0.0
125,Gama,GAM_L2,Stella_Artois_Pure_Gold,5,38592.0,0.0,0.0,0.0,38592.0,0.0
125,Gama,GAM_L2,Stella_Artois_Pure_Gold,6,0.0,0.0,0.0,0.0,0.0,0.0
125,Gama,GAM_L2,Stella_Artois_Pure_Gold,7,38273.270000000004,0.0,0.0,0.0,38273.270000000004,20929.720000000012
125,Gama,GAM_L2,Stella_Artois_Pure_Gold,8,38712.0,0.0,26444.32,0.0,33197.40000000001,0.0
125,Gama,GAM_L2,Stella_Artois_Pure_Gold,9,14542.919999999998,0.0,0.0,0.0,14542.919999999998,0.0
125,Gama,GAM_L2,Stella_Artois_Pure_Gold,10,0.0,0.0,0.0,0.0,0.0,0.0
125,Gama,GAM_L2,Stella_Artois_Pure_Gold,11,0.0,0.0,0.0,0.0,0.0,0.0
125,Gama,GAM_L2,Stella_Artois_Pure_Gold,12,0.0,0.0,0.0,0.0,0.0,7955.110000000001
125,Gama,GAM_L2,Stella_Artois_Pure_Gold,13,0.0,0.0,0.0,0.0,7955.110000000001,0.0
125,Gama,GAM_L2,Stella_Artois_Pure_Gold,14,0.0,0.0,0.0,0.0,0.0,0.0
125,Gama,GAM_L2,Stella_Artois_Pure_Gold,15,0.0,0.0,0.0,0.0,0.0,0.0
125,Gama,GAM_L2,Maguary_Caju,1,0.0,0.0,0.0,0.0,0.0,11013.720000000001
125,Gama,GAM_L2,Maguary_Caju,2,0.0,0.0,0.0,0.0,0.0,0.0
125,Gama,GAM_L2,Maguary_Caju,3,0.0,0.0,0.0,0.0,0.0,0.0
125,Gama,GAM_L2,Maguary_Caju,4,0.0,0.0,20548.0,0.0,0.0,20548.0
125,Gama,GAM_L2,Maguary_Caju,5,0.0,0.0,0.0,0.0,0.0,0.0
125,Gama,GAM_L2,Maguary_Caju,6,0.0,0.0,0.0,0.0,0.0,0.0
125,Gama,GAM_L2,Maguary_Caju,7,0.0,0.0,0.0,0.0,0.0,0.0
125,Gama,GAM_L2,Maguary_Caju,8,0.0,0.0,0.0,0.0,0.0,0.0
125,Gama,GAM_L2,Maguary_Caju,9,0.0,0.0,0.0,0.0,0.0,0.0
125,Gama,GAM_L2,Maguary_Caju,10,0.0,0.0,0.0,0.0,0.0,0.0
125,Gama,GAM_L2,Maguary_Caju,11,0.0,0.0,0.0,0.0,0.0,0.0
125,Gama,GAM_L2,Maguary_Caju,12,0.0,0.0,0.0,0.0,0.0,0.0
125,Gama,GAM_L2,Maguary_Caju,13,0.0,0.0,0.0,0.0,0.0,0.0
125,Gama,GAM_L2,Maguary_Caju,14,0.0,0.0,0.0,0.0,0.0,0.0
125,Gama,GAM_L2,Maguary_Caju,15,0.0,0.0,0.0,0.0,0.0,0.0
125,Gama,GAM_L2,Coca_Cola_Zero,1,0.0,0.0,0.0,0.0,22640.469999999998,0.0
125,Gama,GAM_L2,Coca_Cola_Zero,2,0.0,0.0,0.0,0.0,40368.00000000001,0.0
125,Gama,GAM_L2,Coca_Cola_Zero,3,0.0,0.0,0.0,0.0,0.0,22358.22
125,Gama,GAM_L2,Coca_Cola_Zero,4,0.0,0.0,28776.92,0.0,39576.0,28776.92
125,Gama,GAM_L2,Coca_Cola_Zero,5,0.0,0.0,0.0,0.0,40295.99999999999,0.0
125,Gama,GAM_L2,Coca_Cola_Zero,6,0.0,0.0,0.0,0.0,39264.0,20716.38
125,Gama,GAM_L2,Coca_Cola_Zero,7,0.0,0.0,0.0,0.0,26451.449999999997,0.0
125,Gama,GAM_L2,Coca_Cola_Zero,8,0.0,0.0,0.0,0.0,25525.93999999996,0.0
125,Gama,GAM_L2,Coca_Cola_Zero,9,0.0,0.0,0.0,0.0,1052.2700000000327,0.0
125,Gama,GAM_L2,Coca_Cola_Zero,10,0.0,0.0,0.0,0.0,39648.0,0.0
125,Gama,GAM_L2,Coca_Cola_Zero,11,0.0,0.0,0.0,0.0,18734.36,0.0
125,Gama,GAM_L2,Coca_Cola_Zero,12,0.0,0.0,0.0,0.0,37200.0,0.0
125,Gama,GAM_L2,Coca_Cola_Zero,13,0.0,0.0,0.0,0.0,38256.00000000001,0.0
125,Gama,GAM_L2,Coca_Cola_Zero,14,0.0,0.0,38581.42,0.0,39408.0,38581.42
125,Gama,GAM_L2,Coca_Cola_Zero,15,0.0,0.0,0.0,0.0,6726.35,0.0
125,Gama,GAM_L2,Pepsi,1,0.0,0.0,0.0,0.0,0.0,0.0
125,Gama,GAM_L2,Pepsi,2,0.0,0.0,0.0,0.0,0.0,0.0
125,Gama,GAM_L2,Pepsi,3,0.0,0.0,0.0,0.0,0.0,0.0
125,Gama,GAM_L2,Pepsi,4,0.0,0.0,0.0,0.0,0.0,28111.12
125,Gama,GAM_L2,Pepsi,5,0.0,0.0,19190.67,0.0,0.0,19190.67
125,Gama,GAM_L2,Pepsi,6,0.0,0.0,36034.91,0.0,0.0,36034.91
125,Gama,GAM_L2,Pepsi,7,0.0,0.0,0.0,0.0,0.0,0.0
125,Gama,GAM_L2,Pepsi,8,0.0,0.0,0.0,0.0,0.0,0.0
125,Gama,GAM_L2,Pepsi,9,0.0,0.0,0.0,0.0,0.0,0.0
125,Gama,GAM_L2,Pepsi,10,0.0,0.0,0.0,0.0,0.0,0.0
125,Gama,GAM_L2,Pepsi,11,0.0,0.0,0.0,0.0,0.0,0.0
125,Gama,GAM_L2,Pepsi,12,0.0,0.0,0.0,0.0,0.0,0.0
125,Gama,GAM_L2,Pepsi,13,0.0,0.0,0.0,0.0,0.0,0.0
125,Gama,GAM_L2,Pepsi,14,0.0,0.0,0.0,0.0,0.0,0.0
125,Gama,GAM_L2,Pepsi,15,0.0,0.0,0.0,0.0,0.0,0.0
125,Gama,GAM_L2,Antarctica_Lata,1,0.0,0.0,0.0,0.0,0.0,0.0
125,Gama,GAM_L2,Antarctica_Lata,2,0.0,0.0,0.0,0.0,0.0,0.0
125,Gama,GAM_L2,Antarctica_Lata,3,0.0,0.0,0.0,0.0,0.0,0.0
125,Gama,GAM_L2,Antarctica_Lata,4,0.0,0.0,0.0,0.0,0.0,0.0
125,Gama,GAM_L2,Antarctica_Lata,5,0.0,0.0,0.0,0.0,0.0,0.0
125,Gama,GAM_L2,Antarctica_Lata,6,0.0,0.0,0.0,0.0,0.0,0.0
125,Gama,GAM_L2,Antarctica_Lata,7,0.0,0.0,0.0,0.0,0.0,0.0
125,Gama,GAM_L2,Antarctica_Lata,8,0.0,0.0,0.0,0.0,0.0,0.0
125,Gama,GAM_L2,Antarctica_Lata,9,0.0,0.0,0.0,0.0,0.0,0.0
125,Gama,GAM_L2,Antarctica_Lata,10,0.0,0.0,0.0,0.0,0.0,10846.669999999998
125,Gama,GAM_L2,Antarctica_Lata,11,0.0,0.0,0.0,0.0,0.0,0.0
125,Gama,GAM_L2,Antarctica_Lata,12,0.0,0.0,0.0,0.0,0.0,0.0
125,Gama,GAM_L2,Antarctica_Lata,13,0.0,0.0,0.0,0.0,0.0,0.0
125,Gama,GAM_L2,Antarctica_Lata,14,0.0,0.0,0.0,0.0,0.0,0.0
125,Gama,GAM_L2,Antarctica_Lata,15,0.0,0.0,0.0,0.0,0.0,0.0
125,Gama,GAM_L2,Spaten_Lata,1,0.0,0.0,0.0,0.0,15879.530000000002,0.0
125,Gama,GAM_L2,Spaten_Lata,2,0.0,0.0,0.0,0.0,0.0,0.0
125,Gama,GAM_L2,Spaten_Lata,3,0.0,0.0,0.0,0.0,0.0,0.0
125,Gama,GAM_L2,Spaten_Lata,4,0.0,0.0,0.0,0.0,0.0,0.0
125,Gama,GAM_L2,Spaten_Lata,5,0.0,0.0,0.0,0.0,0.0,0.0
125,Gama,GAM_L2,Spaten_Lata,6,0.0,0.0,0.0,0.0,0.0,0.0
125,Gama,GAM_L2,Spaten_Lata,7,0.0,0.0,0.0,0.0,0.0,18747.41
125,Gama,GAM_L2,Spaten_Lata,8,0.0,0.0,0.0,0.0,0.0,0.0
125,Gama,GAM_L2,Spaten_Lata,9,0.0,0.0,0.0,0.0,41859.72999999997,0.0
125,Gama,GAM_L2,Spaten_Lata,10,0.0,0.0,0.0,0.0,0.0,0.0
125,Gama,GAM_L2,Spaten_Lata,11,0.0,0.0,0.0,0.0,0.0,0.0
125,Gama,GAM_L2,Spaten_Lata,12,0.0,0.0,0.0,0.0,0.0,0.0
125,Gama,GAM_L2,Spaten_Lata,13,0.0,0.0,0.0,0.0,0.0,0.0
125,Gama,GAM_L2,Spaten_Lata,14,0.0,0.0,0.0,0.0,0.0,0.0
125,Gama,GAM_L2,Spaten_Lata,15,0.0,0.0,0.0,0.0,841.1499999999978,0.0
125,Gama,GAM_L2,Heineken_Lata,1,0.0,0.0,0.0,0.0,0.0,16138.26
125,Gama,GAM_L2,Heineken_Lata,2,0.0,0.0,0.0,0.0,0.0,0.0
125,Gama,GAM_L2,Heineken_Lata,3,0.0,0.0,0.0,0.0,0.0,0.0
125,Gama,GAM_L2,Heineken_Lata,4,0.0,0.0,0.0,0.0,0.0,0.0
125,Gama,GAM_L2,Heineken_Lata,5,0.0,0.0,0.0,0.0,0.0,0.0
125,Gama,GAM_L2,Heineken_Lata,6,0.0,0.0,0.0,0.0,0.0,0.0
125,Gama,GAM_L2,Heineken_Lata,7,0.0,0.0,0.0,0.0,0.0,0.0
125,Gama,GAM_L2,Heineken_Lata,8,0.0,0.0,0.0,0.0,0.0,0.0
125,Gama,GAM_L2,Heineken_Lata,9,0.0,0.0,0.0,0.0,0.0,0.0
125,Gama,GAM_L2,Heineken_Lata,10,0.0,0.0,0.0,0.0,0.0,0.0
125,Gama,GAM_L2,Heineken_Lata,11,0.0,0.0,0.0,0.0,0.0,10046.3
125,Gama,GAM_L2,Heineken_Lata,12,0.0,0.0,0.0,0.0,0.0,0.0
125,Gama,GAM_L2,Heineken_Lata,13,0.0,0.0,0.0,0.0,0.0,0.0
125,Gama,GAM_L2,Heineken_Lata,14,0.0,0.0,0.0,0.0,0.0,0.0
125,Gama,GAM_L2,Heineken_Lata,15,0.0,0.0,0.0,0.0,0.0,0.0
125,Gama,GAM_L2,Sukita_Laranja,1,0.0,0.0,0.0,0.0,0.0,0.0
125,Gama,GAM_L2,Sukita_Laranja,2,0.0,0.0,0.0,0.0,0.0,0.0
125,Gama,GAM_L2,Sukita_Laranja,3,0.0,0.0,0.0,0.0,0.0,0.0
125,Gama,GAM_L2,Sukita_Laranja,4,0.0,0.0,0.0,0.0,0.0,0.0
125,Gama,GAM_L2,Sukita_Laranja,5,0.0,0.0,0.0,0.0,0.0,0.0
125,Gama,GAM_L2,Sukita_Laranja,6,0.0,0.0,0.0,0.0,0.0,6208.76
125,Gama,GAM_L2,Sukita_Laranja,7,0.0,0.0,0.0,0.0,0.0,0.0
125,Gama,GAM_L2,Sukita_Laranja,8,0.0,0.0,0.0,0.0,0.0,0.0
125,Gama,GAM_L2,Sukita_Laranja,9,0.0,0.0,0.0,0.0,0.0,0.0
125,Gama,GAM_L2,Sukita_Laranja,10,0.0,0.0,0.0,0.0,0.0,13156.869999999999
125,Gama,GAM_L2,Sukita_Laranja,11,0.0,0.0,0.0,0.0,0.0,0.0
125,Gama,GAM_L2,Sukita_Laranja,12,0.0,0.0,0.0,0.0,0.0,0.0
125,Gama,GAM_L2,Sukita_Laranja,13,0.0,0.0,0.0,0.0,0.0,0.0
125,Gama,GAM_L2,Sukita_Laranja,14,0.0,0.0,0.0,0.0,0.0,16108.59
125,Gama,GAM_L2,Sukita_Laranja,15,0.0,0.0,0.0,0.0,0.0,0.0
125,Gama,GAM_L2,H2OH_Limao,1,0.0,0.0,0.0,0.0,0.0,0.0
125,Gama,GAM_L2,H2OH_Limao,2,0.0,0.0,0.0,0.0,0.0,1988.6900000000023
125,Gama,GAM_L2,H2OH_Limao,3,0.0,0.0,0.0,0.0,0.0,0.0
125,Gama,GAM_L2,H2OH_Limao,4,0.0,0.0,0.0,0.0,0.0,0.0
125,Gama,GAM_L2,H2OH_Limao,5,0.0,0.0,0.0,0.0,0.0,0.0
125,Gama,GAM_L2,H2OH_Limao,6,0.0,0.0,8975.7,0.0,0.0,8975.7
125,Gama,GAM_L2,H2OH_Limao,7,0.0,0.0,0.0,0.0,0.0,0.0
125,Gama,GAM_L2,H2OH_Limao,8,0.0,0.0,0.0,0.0,0.0,0.0
125,Gama,GAM_L2,H2OH_Limao,9,0.0,0.0,0.0,0.0,0.0,0.0
125,Gama,GAM_L2,H2OH_Limao,10,0.0,0.0,0.0,0.0,0.0,0.0
125,Gama,GAM_L2,H2OH_Limao,11,0.0,0.0,0.0,0.0,0.0,0.0
125,Gama,GAM_L2,H2OH_Limao,12,0.0,0.0,0.0,0.0,0.0,0.0
125,Gama,GAM_L2,H2OH_Limao,13,0.0,0.0,0.0,0.0,0.0,0.0
125,Gama,GAM_L2,H2OH_Limao,14,0.0,0.0,0.0,0.0,0.0,0.0
125,Gama,GAM_L2,H2OH_Limao,15,0.0,0.0,0.0,0.0,0.0,0.0
125,Gama,GAM_L2,Budweiser_Lata,1,9505.180000000013,0.0,11161.86,0.0,0.0,1656.6799999999876
125,Gama,GAM_L2,Budweiser_Lata,2,16095.04,0.0,0.0,0.0,16095.04,0.0
125,Gama,GAM_L2,Budweiser_Lata,3,35882.32999999999,0.0,0.0,0.0,35882.32999999999,41837.14
125,Gama,GAM_L2,Budweiser_Lata,4,37776.0,0.0,0.0,0.0,37776.0,0.0
125,Gama,GAM_L2,Budweiser_Lata,5,0.0,0.0,0.0,0.0,0.0,0.0
125,Gama,GAM_L2,Budweiser_Lata,6,36576.0,0.0,0.0,0.0,36576.0,0.0
125,Gama,GAM_L2,Budweiser_Lata,7,2502.73,0.0,0.0,0.0,2502.73,0.0
125,Gama,GAM_L2,Budweiser_Lata,8,0.0,0.0,0.0,0.0,0.0,0.0
125,Gama,GAM_L2,Budweiser_Lata,9,14451.699999999997,0.0,0.0,0.0,14451.699999999997,0.0
125,Gama,GAM_L2,Budweiser_Lata,10,7693.93,0.0,0.0,0.0,7693.93,0.0
125,Gama,GAM_L2,Budweiser_Lata,11,0.0,0.0,0.0,0.0,0.0,0.0
125,Gama,GAM_L2,Budweiser_Lata,12,0.0,0.0,0.0,0.0,0.0,0.0
125,Gama,GAM_L2,Budweiser_Lata,13,38400.0,0.0,14701.03,0.0,23698.97,0.0
125,Gama,GAM_L2,Budweiser_Lata,14,35424.0,0.0,0.0,0.0,35424.0,0.0
125,Gama,GAM_L2,Budweiser_Lata,15,39672.0,0.0,0.0,0.0,39671.99999999999,0.0
125,Gama,GAM_L2,Kuat,1,0.0,0.0,0.0,0.0,37392.0,0.0
125,Gama,GAM_L2,Kuat,2,0.0,0.0,20950.38,0.0,37464.0,20950.38
125,Gama,GAM_L2,Kuat,3,0.0,0.0,0.0,0.0,40100.33000000001,0.0
125,Gama,GAM_L2,Kuat,4,0.0,0.0,0.0,0.0,40872.0,18101.18
125,Gama,GAM_L2,Kuat,5,0.0,0.0,0.0,0.0,31919.28,0.0
125,Gama,GAM_L2,Kuat,6,0.0,0.0,0.0,0.0,21684.13,0.0
125,Gama,GAM_L2,Kuat,7,0.0,0.0,0.0,0.0,18417.39,0.0
125,Gama,GAM_L2,Kuat,8,0.0,0.0,0.0,0.0,0.0,0.0
125,Gama,GAM_L2,Kuat,9,0.0,0.0,0.0,0.0,27609.839999999997,0.0
125,Gama,GAM_L2,Kuat,10,0.0,0.0,0.0,0.0,38304.0,0.0
125,Gama,GAM_L2,Kuat,11,0.0,0.0,0.0,0.0,18910.17,0.0
125,Gama,GAM_L2,Kuat,12,0.0,0.0,0.0,0.0,38328.0,0.0
125,Gama,GAM_L2,Kuat,13,0.0,0.0,24681.94,0.0,40457.49,24681.94
125,Gama,GAM_L2,Kuat,14,0.0,0.0,0.0,0.0,34080.0,0.0
125,Gama,GAM_L2,Kuat,15,0.0,0.0,0.0,0.0,39792.0,0.0
125,Gama,GAM_L2,Fanta_Uva,1,0.0,0.0,40857.94,0.0,0.0,40857.94
125,Gama,GAM_L2,Fanta_Uva,2,0.0,0.0,1148.38,0.0,0.0,1148.38
125,Gama,GAM_L2,Fanta_Uva,3,0.0,0.0,0.0,0.0,1011.6699999999927,0.0
125,Gama,GAM_L2,Fanta_Uva,4,0.0,0.0,0.0,0.0,0.0,0.0
125,Gama,GAM_L2,Fanta_Uva,5,0.0,0.0,0.0,0.0,0.0,0.0
125,Gama,GAM_L2,Fanta_Uva,6,0.0,0.0,0.0,0.0,15899.869999999997,0.0
125,Gama,GAM_L2,Fanta_Uva,7,0.0,0.0,0.0,0.0,0.0,0.0
125,Gama,GAM_L2,Fanta_Uva,8,0.0,0.0,0.0,0.0,9625.199999999997,0.0
125,Gama,GAM_L2,Fanta_Uva,9,0.0,0.0,0.0,0.0,0.0,37010.77999999995
125,Gama,GAM_L2,Fanta_Uva,10,0.0,0.0,0.0,0.0,0.0,17140.60000000005
125,Gama,GAM_L2,Fanta_Uva,11,0.0,0.0,0.0,0.0,2342.859999999984,0.0
125,Gama,GAM_L2,Fanta_Uva,12,0.0,0.0,0.0,0.0,0.0,0.0
125,Gama,GAM_L2,Fanta_Uva,13,0.0,0.0,0.0,0.0,1950.5099999999923,0.0
125,Gama,GAM_L2,Fanta_Uva,14,0.0,0.0,0.0,0.0,0.0,19478.4
125,Gama,GAM_L2,Fanta_Uva,15,0.0,0.0,0.0,0.0,0.0,20246.73
125,Gama,GAM_L2,Sprite,1,0.0,0.0,0.0,0.0,0.0,0.0
125,Gama,GAM_L2,Sprite,2,0.0,0.0,0.0,0.0,0.0,0.0
125,Gama,GAM_L2,Sprite,3,0.0,0.0,0.0,0.0,0.0,0.0
125,Gama,GAM_L2,Sprite,4,0.0,0.0,0.0,0.0,0.0,0.0
125,Gama,GAM_L2,Sprite,5,0.0,0.0,0.0,0.0,0.0,0.0
125,Gama,GAM_L2,Sprite,6,0.0,0.0,0.0,0.0,0.0,0.0
125,Gama,GAM_L2,Sprite,7,0.0,0.0,0.0,0.0,0.0,0.0
125,Gama,GAM_L2,Sprite,8,0.0,0.0,0.0,0.0,0.0,0.0
125,Gama,GAM_L2,Sprite,9,0.0,0.0,0.0,0.0,0.0,0.0
125,Gama,GAM_L2,Sprite,10,0.0,0.0,0.0,0.0,0.0,0.0
125,Gama,GAM_L2,Sprite,11,0.0,0.0,0.0,0.0,0.0,0.0
125,Gama,GAM_L2,Sprite,12,0.0,0.0,0.0,0.0,0.0,0.0
125,Gama,GAM_L2,Sprite,13,0.0,0.0,0.0,0.0,0.0,0.0
125,Gama,GAM_L2,Sprite,14,0.0,0.0,3793.94,0.0,0.0,3793.94
125,Gama,GAM_L2,Sprite,15,0.0,0.0,11856.26,0.0,0.0,11856.26
125,Gama,GAM_L2,Skol_Lata,1,0.0,0.0,0.0,0.0,0.0,14325.0
125,Gama,GAM_L2,Skol_Lata,2,0.0,0.0,0.0,0.0,0.0,0.0
125,Gama,GAM_L2,Skol_Lata,3,0.0,0.0,0.0,0.0,0.0,0.0
125,Gama,GAM_L2,Skol_Lata,4,0.0,0.0,0.0,0.0,0.0,0.0
125,Gama,GAM_L2,Skol_Lata,5,0.0,0.0,0.0,0.0,0.0,27200.82
125,Gama,GAM_L2,Skol_Lata,6,0.0,0.0,0.0,0.0,0.0,0.0
125,Gama,GAM_L2,Skol_Lata,7,0.0,0.0,0.0,0.0,0.0,0.0
125,Gama,GAM_L2,Skol_Lata,8,0.0,0.0,0.0,0.0,0.0,10622.32
125,Gama,GAM_L2,Skol_Lata,9,0.0,0.0,0.0,0.0,0.0,0.0
125,Gama,GAM_L2,Skol_Lata,10,0.0,0.0,0.0,0.0,0.0,0.0
125,Gama,GAM_L2,Skol_Lata,11,0.0,0.0,0.0,0.0,0.0,0.0
125,Gama,GAM_L2,Skol_Lata,12,0.0,0.0,0.0,0.0,0.0,0.0
125,Gama,GAM_L2,Skol_Lata,13,0.0,0.0,0.0,0.0,0.0,0.0
125,Gama,GAM_L2,Skol_Lata,14,0.0,0.0,0.0,0.0,0.0,0.0
125,Gama,GAM_L2,Skol_Lata,15,0.0,0.0,0.0,0.0,0.0,0.0
125,Gama,GAM_L2,Guarana_Antarctica,1,0.0,0.0,0.0,0.0,0.0,0.0
125,Gama,GAM_L2,Guarana_Antarctica,2,0.0,0.0,0.0,0.0,0.0,0.0
125,Gama,GAM_L2,Guarana_Antarctica,3,0.0,0.0,0.0,0.0,0.0,0.0
125,Gama,GAM_L2,Guarana_Antarctica,4,0.0,0.0,0.0,0.0,0.0,0.0
125,Gama,GAM_L2,Guarana_Antarctica,5,0.0,0.0,0.0,8007.89,0.0,0.0
125,Gama,GAM_L2,Guarana_Antarctica,6,0.0,0.0,0.0,0.0,0.0,0.0
125,Gama,GAM_L2,Guarana_Antarctica,7,0.0,0.0,0.0,0.0,0.0,0.0
125,Gama,GAM_L2,Guarana_Antarctica,8,0.0,0.0,0.0,0.0,0.0,0.0
125,Gama,GAM_L2,Guarana_Antarctica,9,0.0,0.0,0.0,0.0,0.0,0.0
125,Gama,GAM_L2,Guarana_Antarctica,10,0.0,0.0,0.0,12491.42,0.0,0.0
125,Gama,GAM_L2,Guarana_Antarctica,11,0.0,0.0,0.0,0.0,0.0,0.0
125,Gama,GAM_L2,Guarana_Antarctica,12,0.0,0.0,0.0,0.0,0.0,0.0
125,Gama,GAM_L2,Guarana_Antarctica,13,0.0,0.0,0.0,0.0,0.0,0.0
125,Gama,GAM_L2,Guarana_Antarctica,14,0.0,0.0,0.0,0.0,0.0,0.0
125,Gama,GAM_L2,Guarana_Antarctica,15,0.0,0.0,0.0,0.0,0.0,0.0
125,Gama,GAM_L2,Guarana_Antarctica_Zero,1,0.0,0.0,0.0,0.0,0.0,0.0
125,Gama,GAM_L2,Guarana_Antarctica_Zero,2,0.0,0.0,0.0,0.0,0.0,20754.41
125,Gama,GAM_L2,Guarana_Antarctica_Zero,3,0.0,0.0,0.0,0.0,0.0,0.0
125,Gama,GAM_L2,Guarana_Antarctica_Zero,4,0.0,0.0,0.0,0.0,0.0,0.0
125,Gama,GAM_L2,Guarana_Antarctica_Zero,5,0.0,0.0,0.0,0.0,0.0,13287.470000000027
125,Gama,GAM_L2,Guarana_Antarctica_Zero,6,0.0,0.0,0.0,0.0,0.0,8135.039999999968
125,Gama,GAM_L2,Guarana_Antarctica_Zero,7,0.0,0.0,42779.57,0.0,21422.509999999995,42779.57
125,Gama,GAM_L2,Guarana_Antarctica_Zero,8,0.0,0.0,0.0,0.0,0.0,0.0
125,Gama,GAM_L2,Guarana_Antarctica_Zero,9,0.0,0.0,0.0,0.0,0.0,0.0
125,Gama,GAM_L2,Guarana_Antarctica_Zero,10,0.0,0.0,0.0,0.0,0.0,0.0
125,Gama,GAM_L2,Guarana_Antarctica_Zero,11,0.0,0.0,0.0,0.0,0.0,0.0
125,Gama,GAM_L2,Guarana_Antarctica_Zero,12,0.0,0.0,0.0,0.0,0.0,29078.380000000005
125,Gama,GAM_L2,Guarana_Antarctica_Zero,13,0.0,0.0,0.0,0.0,1401.150000000005,0.0
125,Gama,GAM_L2,Guarana_Antarctica_Zero,14,0.0,0.0,0.0,0.0,0.0,0.0
125,Gama,GAM_L2,Guarana_Antarctica_Zero,15,0.0,0.0,0.0,0.0,0.0,0.0
125,Gama,GAM_L2,Del_Valle_Uva,1,0.0,0.0,0.0,0.0,0.0,0.0
125,Gama,GAM_L2,Del_Valle_Uva,2,0.0,0.0,0.0,0.0,0.0,0.0
125,Gama,GAM_L2,Del_Valle_Uva,3,0.0,0.0,17689.589999999993,25355.580000000005,0.0,17689.589999999993
125,Gama,GAM_L2,Del_Valle_Uva,4,0.0,0.0,0.0,0.0,0.0,0.0
125,Gama,GAM_L2,Del_Valle_Uva,5,0.0,0.0,0.0,0.0,0.0,0.0
125,Gama,GAM_L2,Del_Valle_Uva,6,0.0,0.0,0.0,0.0,0.0,0.0
125,Gama,GAM_L2,Del_Valle_Uva,7,0.0,0.0,0.0,0.0,0.0,0.0
125,Gama,GAM_L2,Del_Valle_Uva,8,0.0,0.0,0.0,0.0,0.0,0.0
125,Gama,GAM_L2,Del_Valle_Uva,9,0.0,0.0,0.0,0.0,0.0,33654.4
125,Gama,GAM_L2,Del_Valle_Uva,10,0.0,0.0,0.0,0.0,0.0,0.0
125,Gama,GAM_L2,Del_Valle_Uva,11,0.0,0.0,18980.34,0.0,0.0,18980.34
125,Gama,GAM_L2,Del_Valle_Uva,12,0.0,0.0,0.0,0.0,0.0,0.0
125,Gama,GAM_L2,Del_Valle_Uva,13,0.0,0.0,0.0,0.0,0.0,0.0
125,Gama,GAM_L2,Del_Valle_Uva,14,0.0,0.0,0.0,0.0,0.0,0.0
125,Gama,GAM_L2,Del_Valle_Uva,15,0.0,0.0,0.0,0.0,0.0,0.0
125,Gama,GAM_L2,Brahma_Lata,1,0.0,0.0,0.0,0.0,0.0,0.0
125,Gama,GAM_L2,Brahma_Lata,2,0.0,0.0,0.0,0.0,0.0,0.0
125,Gama,GAM_L2,Brahma_Lata,3,0.0,0.0,0.0,0.0,0.0,0.0
125,Gama,GAM_L2,Brahma_Lata,4,0.0,0.0,0.0,0.0,0.0,0.0
125,Gama,GAM_L2,Brahma_Lata,5,0.0,0.0,0.0,0.0,0.0,0.0
125,Gama,GAM_L2,Brahma_Lata,6,0.0,0.0,0.0,0.0,0.0,0.0
125,Gama,GAM_L2,Brahma_Lata,7,0.0,0.0,0.0,0.0,0.0,0.0
125,Gama,GAM_L2,Brahma_Lata,8,0.0,0.0,0.0,0.0,0.0,0.0
125,Gama,GAM_L2,Brahma_Lata,9,0.0,0.0,0.0,0.0,0.0,0.0
125,Gama,GAM_L2,Brahma_Lata,10,0.0,0.0,0.0,0.0,0.0,0.0
125,Gama,GAM_L2,Brahma_Lata,11,0.0,0.0,15055.7,0.0,0.0,15055.7
125,Gama,GAM_L2,Brahma_Lata,12,0.0,0.0,0.0,0.0,0.0,0.0
125,Gama,GAM_L2,Brahma_Lata,13,0.0,0.0,0.0,0.0,0.0,0.0
125,Gama,GAM_L2,Brahma_Lata,14,0.0,0.0,0.0,0.0,0.0,0.0
125,Gama,GAM_L2,Brahma_Lata,15,0.0,0.0,0.0,0.0,0.0,0.0
125,Gama,GAM_L2,Itaipava_Lata,1,0.0,0.0,0.0,0.0,0.0,0.0
125,Gama,GAM_L2,Itaipava_Lata,2,0.0,0.0,0.0,0.0,0.0,0.0
125,Gama,GAM_L2,Itaipava_Lata,3,0.0,0.0,0.0,0.0,0.0,0.0
125,Gama,GAM_L2,Itaipava_Lata,4,0.0,0.0,0.0,0.0,0.0,0.0
125,Gama,GAM_L2,Itaipava_Lata,5,0.0,0.0,0.0,0.0,3144.72,31992.33
125,Gama,GAM_L2,Itaipava_Lata,6,0.0,0.0,0.0,0.0,0.0,0.0
125,Gama,GAM_L2,Itaipava_Lata,7,0.0,0.0,0.0,0.0,0.0,10265.08
125,Gama,GAM_L2,Itaipava_Lata,8,0.0,0.0,0.0,0.0,26350.800000000007,0.0
125,Gama,GAM_L2,Itaipava_Lata,9,0.0,0.0,0.0,0.0,11606.160000000005,0.0
125,Gama,GAM_L2,Itaipava_Lata,10,0.0,0.0,0.0,0.0,0.0,0.0
125,Gama,GAM_L2,Itaipava_Lata,11,0.0,0.0,0.0,0.0,13090.97000000002,0.0
125,Gama,GAM_L2,Itaipava_Lata,12,0.0,0.0,0.0,0.0,0.0,10654.850000000006
125,Gama,GAM_L2,Itaipava_Lata,13,0.0,0.0,0.0,0.0,0.0,0.0
125,Gama,GAM_L2,Itaipava_Lata,14,0.0,0.0,0.0,0.0,0.0,0.0
125,Gama,GAM_L2,Itaipava_Lata,15,0.0,0.0,29821.3,0.0,0.0,29821.3
125,Gama,GAM_L3,Maguary_Maracuja,1,0.0,0.0,0.0,0.0,0.0,0.0
125,Gama,GAM_L3,Maguary_Maracuja,2,0.0,0.0,0.0,0.0,0.0,0.0
125,Gama,GAM_L3,Maguary_Maracuja,3,0.0,0.0,0.0,0.0,0.0,0.0
125,Gama,GAM_L3,Maguary_Maracuja,4,0.0,0.0,0.0,0.0,0.0,0.0
125,Gama,GAM_L3,Maguary_Maracuja,5,0.0,0.0,15282.98,0.0,0.0,15282.98
125,Gama,GAM_L3,Maguary_Maracuja,6,0.0,0.0,0.0,0.0,0.0,0.0
125,Gama,GAM_L3,Maguary_Maracuja,7,0.0,0.0,0.0,0.0,0.0,3551.43
125,Gama,GAM_L3,Maguary_Maracuja,8,0.0,0.0,42478.59,0.0,0.0,42478.59
125,Gama,GAM_L3,Maguary_Maracuja,9,0.0,0.0,0.0,0.0,0.0,0.0
125,Gama,GAM_L3,Maguary_Maracuja,10,0.0,0.0,0.0,0.0,0.0,0.0
125,Gama,GAM_L3,Maguary_Maracuja,11,0.0,0.0,0.0,0.0,0.0,0.0
125,Gama,GAM_L3,Maguary_Maracuja,12,0.0,0.0,0.0,0.0,0.0,16677.71
125,Gama,GAM_L3,Maguary_Maracuja,13,0.0,0.0,22408.72,0.0,0.0,22408.72
125,Gama,GAM_L3,Maguary_Maracuja,14,0.0,0.0,0.0,0.0,0.0,0.0
125,Gama,GAM_L3,Maguary_Maracuja,15,0.0,0.0,0.0,0.0,0.0,9196.32
125,Gama,GAM_L3,Fanta_Laranja,1,0.0,0.0,0.0,0.0,0.0,0.0
125,Gama,GAM_L3,Fanta_Laranja,2,0.0,0.0,0.0,0.0,0.0,0.0
125,Gama,GAM_L3,Fanta_Laranja,3,0.0,0.0,0.0,0.0,0.0,0.0
125,Gama,GAM_L3,Fanta_Laranja,4,0.0,0.0,0.0,0.0,0.0,0.0
125,Gama,GAM_L3,Fanta_Laranja,5,0.0,0.0,0.0,0.0,0.0,0.0
125,Gama,GAM_L3,Fanta_Laranja,6,0.0,0.0,0.0,0.0,0.0,0.0
125,Gama,GAM_L3,Fanta_Laranja,7,0.0,0.0,0.0,0.0,12476.550000000003,0.0
125,Gama,GAM_L3,Fanta_Laranja,8,0.0,0.0,0.0,0.0,0.0,23154.89999999996
125,Gama,GAM_L3,Fanta_Laranja,9,0.0,0.0,0.0,0.0,0.0,42848.05
125,Gama,GAM_L3,Fanta_Laranja,10,0.0,0.0,0.0,0.0,0.0,0.0
125,Gama,GAM_L3,Fanta_Laranja,11,0.0,0.0,0.0,0.0,0.0,0.0
125,Gama,GAM_L3,Fanta_Laranja,12,0.0,0.0,0.0,0.0,0.0,0.0
125,Gama,GAM_L3,Fanta_Laranja,13,0.0,0.0,0.0,0.0,0.0,0.0
125,Gama,GAM_L3,Fanta_Laranja,14,0.0,0.0,0.0,0.0,0.0,0.0
125,Gama,GAM_L3,Fanta_Laranja,15,0.0,0.0,0.0,0.0,0.0,0.0
125,Gama,GAM_L3,Schweppes_Citrus,1,0.0,0.0,0.0,0.0,0.0,0.0
125,Gama,GAM_L3,Schweppes_Citrus,2,0.0,0.0,40570.08,0.0,0.0,40570.08
125,Gama,GAM_L3,Schweppes_Citrus,3,0.0,0.0,0.0,0.0,0.0,0.0
125,Gama,GAM_L3,Schweppes_Citrus,4,0.0,0.0,0.0,0.0,0.0,0.0
125,Gama,GAM_L3,Schweppes_Citrus,5,0.0,0.0,0.0,0.0,0.0,0.0
125,Gama,GAM_L3,Schweppes_Citrus,6,0.0,0.0,0.0,0.0,0.0,0.0
125,Gama,GAM_L3,Schweppes_Citrus,7,0.0,0.0,0.0,0.0,0.0,0.0
125,Gama,GAM_L3,Schweppes_Citrus,8,0.0,0.0,0.0,0.0,0.0,0.0
125,Gama,GAM_L3,Schweppes_Citrus,9,0.0,0.0,0.0,0.0,0.0,0.0
125,Gama,GAM_L3,Schweppes_Citrus,10,0.0,0.0,0.0,0.0,0.0,0.0
125,Gama,GAM_L3,Schweppes_Citrus,11,0.0,0.0,0.0,0.0,0.0,0.0
125,Gama,GAM_L3,Schweppes_Citrus,12,0.0,0.0,0.0,0.0,0.0,0.0
125,Gama,GAM_L3,Schweppes_Citrus,13,0.0,0.0,0.0,0.0,0.0,0.0
125,Gama,GAM_L3,Schweppes_Citrus,14,0.0,0.0,0.0,0.0,0.0,0.0
125,Gama,GAM_L3,Schweppes_Citrus,15,0.0,0.0,51190.44,0.0,0.0,51190.44
125,Gama,GAM_L3,Sprite_Zero,1,0.0,0.0,0.0,0.0,8100.509999999993,0.0
125,Gama,GAM_L3,Sprite_Zero,2,0.0,0.0,0.0,0.0,0.0,0.0
125,Gama,GAM_L3,Sprite_Zero,3,0.0,0.0,0.0,0.0,2397.670000000013,0.0
125,Gama,GAM_L3,Sprite_Zero,4,0.0,0.0,0.0,0.0,0.0,0.0
125,Gama,GAM_L3,Sprite_Zero,5,0.0,0.0,0.0,0.0,0.0,0.0
125,Gama,GAM_L3,Sprite_Zero,6,0.0,0.0,0.0,0.0,0.0,0.0
125,Gama,GAM_L3,Sprite_Zero,7,0.0,0.0,0.0,0.0,0.0,0.0
125,Gama,GAM_L3,Sprite_Zero,8,0.0,0.0,0.0,0.0,0.0,0.0
125,Gama,GAM_L3,Sprite_Zero,9,0.0,0.0,0.0,0.0,9453.380000000005,0.0
125,Gama,GAM_L3,Sprite_Zero,10,0.0,0.0,0.0,0.0,30850.070000000003,0.0
125,Gama,GAM_L3,Sprite_Zero,11,0.0,0.0,0.0,0.0,38231.99999999999,0.0
125,Gama,GAM_L3,Sprite_Zero,12,0.0,0.0,17983.75,0.0,36360.0,17983.75
125,Gama,GAM_L3,Sprite_Zero,13,0.0,0.0,0.0,0.0,0.0,0.0
125,Gama,GAM_L3,Sprite_Zero,14,0.0,0.0,0.0,0.0,0.0,0.0
125,Gama,GAM_L3,Sprite_Zero,15,0.0,0.0,0.0,0.0,0.0,0.0
125,Gama,GAM_L3,Eisenbahn_Pilsen,1,0.0,0.0,0.0,0.0,0.0,0.0
125,Gama,GAM_L3,Eisenbahn_Pilsen,2,0.0,0.0,0.0,0.0,0.0,0.0
125,Gama,GAM_L3,Eisenbahn_Pilsen,3,0.0,0.0,0.0,0.0,0.0,0.0
125,Gama,GAM_L3,Eisenbahn_Pilsen,4,0.0,0.0,50920.6,0.0,0.0,54070.479999999996
125,Gama,GAM_L3,Eisenbahn_Pilsen,5,0.0,0.0,0.0,0.0,0.0,21059.04
125,Gama,GAM_L3,Eisenbahn_Pilsen,6,0.0,0.0,18736.27,0.0,0.0,18736.27
125,Gama,GAM_L3,Eisenbahn_Pilsen,7,0.0,0.0,0.0,0.0,0.0,0.0
125,Gama,GAM_L3,Eisenbahn_Pilsen,8,0.0,0.0,0.0,0.0,0.0,3371.92
125,Gama,GAM_L3,Eisenbahn_Pilsen,9,0.0,0.0,0.0,0.0,0.0,0.0
125,Gama,GAM_L3,Eisenbahn_Pilsen,10,0.0,0.0,0.0,0.0,0.0,0.0
125,Gama,GAM_L3,Eisenbahn_Pilsen,11,0.0,0.0,0.0,0.0,0.0,16359.3
125,Gama,GAM_L3,Eisenbahn_Pilsen,12,0.0,0.0,2273.26,0.0,0.0,2273.26
125,Gama,GAM_L3,Eisenbahn_Pilsen,13,0.0,0.0,4469.2,0.0,0.0,4469.2
125,Gama,GAM_L3,Eisenbahn_Pilsen,14,0.0,0.0,0.0,0.0,0.0,0.0
125,Gama,GAM_L3,Eisenbahn_Pilsen,15,0.0,0.0,0.0,0.0,0.0,0.0
125,Gama,GAM_L3,Del_Valle_Pessego,1,0.0,0.0,0.0,0.0,0.0,0.0
125,Gama,GAM_L3,Del_Valle_Pessego,2,0.0,0.0,0.0,0.0,0.0,0.0
125,Gama,GAM_L3,Del_Valle_Pessego,3,0.0,0.0,0.0,0.0,0.0,0.0
125,Gama,GAM_L3,Del_Valle_Pessego,4,0.0,0.0,0.0,0.0,0.0,0.0
125,Gama,GAM_L3,Del_Valle_Pessego,5,0.0,0.0,0.0,0.0,0.0,0.0
125,Gama,GAM_L3,Del_Valle_Pessego,6,0.0,0.0,0.0,0.0,0.0,0.0
125,Gama,GAM_L3,Del_Valle_Pessego,7,0.0,0.0,0.0,0.0,0.0,0.0
125,Gama,GAM_L3,Del_Valle_Pessego,8,0.0,0.0,0.0,0.0,0.0,0.0
125,Gama,GAM_L3,Del_Valle_Pessego,9,0.0,0.0,0.0,0.0,0.0,0.0
125,Gama,GAM_L3,Del_Valle_Pessego,10,0.0,0.0,0.0,0.0,0.0,0.0
125,Gama,GAM_L3,Del_Valle_Pessego,11,0.0,0.0,0.0,0.0,0.0,0.0
125,Gama,GAM_L3,Del_Valle_Pessego,12,0.0,0.0,0.0,0.0,0.0,28556.24
125,Gama,GAM_L3,Del_Valle_Pessego,13,0.0,0.0,0.0,0.0,0.0,20700.2
125,Gama,GAM_L3,Del_Valle_Pessego,14,0.0,0.0,0.0,0.0,0.0,0.0
125,Gama,GAM_L3,Del_Valle_Pessego,15,0.0,0.0,0.0,0.0,0.0,0.0
125,Gama,GAM_L3,Coca_Cola,1,0.0,0.0,0.0,0.0,0.0,0.0
125,Gama,GAM_L3,Coca_Cola,2,0.0,0.0,0.0,0.0,0.0,0.0
125,Gama,GAM_L3,Coca_Cola,3,0.0,0.0,0.0,0.0,0.0,0.0
125,Gama,GAM_L3,Coca_Cola,4,0.0,0.0,0.0,0.0,0.0,0.0
125,Gama,GAM_L3,Coca_Cola,5,0.0,0.0,0.0,0.0,0.0,0.0
125,Gama,GAM_L3,Coca_Cola,6,0.0,0.0,0.0,0.0,0.0,0.0
125,Gama,GAM_L3,Coca_Cola,7,0.0,0.0,0.0,0.0,0.0,0.0
125,Gama,GAM_L3,Coca_Cola,8,0.0,0.0,0.0,0.0,0.0,0.0
125,Gama,GAM_L3,Coca_Cola,9,0.0,0.0,0.0,0.0,0.0,0.0
125,Gama,GAM_L3,Coca_Cola,10,0.0,0.0,0.0,0.0,0.0,0.0
125,Gama,GAM_L3,Coca_Cola,11,0.0,0.0,0.0,0.0,0.0,0.0
125,Gama,GAM_L3,Coca_Cola,12,0.0,0.0,0.0,0.0,0.0,0.0
125,Gama,GAM_L3,Coca_Cola,13,0.0,0.0,0.0,0.0,0.0,0.0
125,Gama,GAM_L3,Coca_Cola,14,0.0,0.0,0.0,0.0,0.0,0.0
125,Gama,GAM_L3,Coca_Cola,15,0.0,0.0,0.0,0.0,0.0,0.0
125,Gama,GAM_L3,Amstel_Lata,1,0.0,0.0,0.0,0.0,0.0,0.0
125,Gama,GAM_L3,Amstel_Lata,2,0.0,0.0,0.0,0.0,0.0,0.0
125,Gama,GAM_L3,Amstel_Lata,3,0.0,0.0,0.0,0.0,0.0,0.0
125,Gama,GAM_L3,Amstel_Lata,4,0.0,0.0,0.0,0.0,0.0,0.0
125,Gama,GAM_L3,Amstel_Lata,5,0.0,0.0,0.0,0.0,0.0,0.0
125,Gama,GAM_L3,Amstel_Lata,6,0.0,0.0,0.0,0.0,0.0,0.0
125,Gama,GAM_L3,Amstel_Lata,7,0.0,0.0,0.0,0.0,0.0,4329.9
125,Gama,GAM_L3,Amstel_Lata,8,0.0,0.0,0.0,0.0,0.0,0.0
125,Gama,GAM_L3,Amstel_Lata,9,0.0,0.0,0.0,0.0,0.0,18101.36
125,Gama,GAM_L3,Amstel_Lata,10,0.0,0.0,0.0,0.0,0.0,0.0
125,Gama,GAM_L3,Amstel_Lata,11,0.0,0.0,0.0,0.0,0.0,0.0
125,Gama,GAM_L3,Amstel_Lata,12,0.0,0.0,0.0,0.0,0.0,0.0
125,Gama,GAM_L3,Amstel_Lata,13,0.0,0.0,0.0,0.0,0.0,0.0
125,Gama,GAM_L3,Amstel_Lata,14,0.0,0.0,0.0,0.0,0.0,0.0
125,Gama,GAM_L3,Amstel_Lata,15,0.0,0.0,0.0,0.0,0.0,0.0
125,Gama,GAM_L3,Pepsi_Black,1,0.0,0.0,0.0,0.0,0.0,0.0
125,Gama,GAM_L3,Pepsi_Black,2,0.0,0.0,0.0,0.0,0.0,0.0
125,Gama,GAM_L3,Pepsi_Black,3,0.0,0.0,0.0,0.0,0.0,19789.839999999997
125,Gama,GAM_L3,Pepsi_Black,4,0.0,0.0,0.0,0.0,19789.839999999997,0.0
125,Gama,GAM_L3,Pepsi_Black,5,0.0,0.0,0.0,0.0,0.0,0.0
125,Gama,GAM_L3,Pepsi_Black,6,0.0,0.0,0.0,0.0,0.0,0.0
125,Gama,GAM_L3,Pepsi_Black,7,0.0,0.0,15550.04,0.0,0.0,15550.04
125,Gama,GAM_L3,Pepsi_Black,8,0.0,0.0,0.0,0.0,0.0,0.0
125,Gama,GAM_L3,Pepsi_Black,9,0.0,0.0,0.0,0.0,0.0,0.0
125,Gama,GAM_L3,Pepsi_Black,10,0.0,0.0,0.0,0.0,0.0,34336.26
125,Gama,GAM_L3,Pepsi_Black,11,0.0,0.0,0.0,0.0,0.0,0.0
125,Gama,GAM_L3,Pepsi_Black,12,0.0,0.0,0.0,0.0,0.0,0.0
125,Gama,GAM_L3,Pepsi_Black,13,0.0,0.0,0.0,0.0,0.0,0.0
125,Gama,GAM_L3,Pepsi_Black,14,0.0,0.0,0.0,0.0,0.0,0.0
125,Gama,GAM_L3,Pepsi_Black,15,0.0,0.0,0.0,0.0,0.0,0.0
125,Gama,GAM_L3,Del_Valle_Laranja,1,0.0,0.0,0.0,0.0,0.0,0.0
125,Gama,GAM_L3,Del_Valle_Laranja,2,0.0,0.0,0.0,0.0,0.0,0.0
125,Gama,GAM_L3,Del_Valle_Laranja,3,0.0,0.0,0.0,0.0,0.0,0.0
125,Gama,GAM_L3,Del_Valle_Laranja,4,0.0,0.0,0.0,0.0,0.0,0.0
125,Gama,GAM_L3,Del_Valle_Laranja,5,0.0,0.0,0.0,0.0,0.0,0.0
125,Gama,GAM_L3,Del_Valle_Laranja,6,0.0,0.0,0.0,0.0,0.0,0.0
125,Gama,GAM_L3,Del_Valle_Laranja,7,0.0,0.0,0.0,0.0,0.0,0.0
125,Gama,GAM_L3,Del_Valle_Laranja,8,0.0,0.0,0.0,0.0,0.0,0.0
125,Gama,GAM_L3,Del_Valle_Laranja,9,0.0,0.0,7459.7,0.0,0.0,7459.7
125,Gama,GAM_L3,Del_Valle_Laranja,10,0.0,0.0,11207.1,0.0,0.0,11207.1
125,Gama,GAM_L3,Del_Valle_Laranja,11,0.0,0.0,0.0,0.0,0.0,0.0
125,Gama,GAM_L3,Del_Valle_Laranja,12,0.0,0.0,0.0,0.0,0.0,0.0
125,Gama,GAM_L3,Del_Valle_Laranja,13,0.0,0.0,0.0,0.0,0.0,7811.35
125,Gama,GAM_L3,Del_Valle_Laranja,14,0.0,0.0,0.0,0.0,0.0,27383.1
125,Gama,GAM_L3,Del_Valle_Laranja,15,0.0,0.0,0.0,0.0,0.0,0.0
125,Gama,GAM_L3,Itubaina,1,0.0,0.0,0.0,0.0,0.0,0.0
125,Gama,GAM_L3,Itubaina,2,0.0,0.0,0.0,0.0,0.0,0.0
125,Gama,GAM_L3,Itubaina,3,0.0,0.0,0.0,0.0,0.0,0.0
125,Gama,GAM_L3,Itubaina,4,0.0,0.0,0.0,0.0,0.0,0.0
125,Gama,GAM_L3,Itubaina,5,0.0,0.0,0.0,0.0,0.0,17441.48
125,Gama,GAM_L3,Itubaina,6,0.0,0.0,0.0,0.0,0.0,0.0
125,Gama,GAM_L3,Itubaina,7,0.0,0.0,0.0,0.0,0.0,0.0
125,Gama,GAM_L3,Itubaina,8,0.0,0.0,4062.4,0.0,0.0,4062.4
125,Gama,GAM_L3,Itubaina,9,0.0,0.0,0.0,0.0,0.0,0.0
125,Gama,GAM_L3,Itubaina,10,0.0,0.0,0.0,0.0,0.0,0.0
125,Gama,GAM_L3,Itubaina,11,0.0,0.0,823.83,0.0,0.0,823.83
125,Gama,GAM_L3,Itubaina,12,0.0,0.0,0.0,0.0,0.0,0.0
125,Gama,GAM_L3,Itubaina,13,0.0,0.0,24114.41,0.0,0.0,24114.41
125,Gama,GAM_L3,Itubaina,14,0.0,0.0,0.0,0.0,0.0,20334.38
125,Gama,GAM_L3,Itubaina,15,0.0,0.0,0.0,0.0,0.0,0.0
125,Gama,GAM_L3,Stella_Artois_Pure_Gold,1,0.0,0.0,45061.04,0.0,23602.309999999994,45061.04
125,Gama,GAM_L3,Stella_Artois_Pure_Gold,2,0.0,0.0,0.0,0.0,0.0,0.0
125,Gama,GAM_L3,Stella_Artois_Pure_Gold,3,0.0,0.0,0.0,0.0,0.0,0.0
125,Gama,GAM_L3,Stella_Artois_Pure_Gold,4,0.0,0.0,0.0,0.0,0.0,0.0
125,Gama,GAM_L3,Stella_Artois_Pure_Gold,5,0.0,0.0,0.0,0.0,38592.0,0.0
125,Gama,GAM_L3,Stella_Artois_Pure_Gold,6,0.0,0.0,0.0,0.0,0.0,0.0
125,Gama,GAM_L3,Stella_Artois_Pure_Gold,7,0.0,0.0,0.0,0.0,38273.270000000004,20929.720000000012
125,Gama,GAM_L3,Stella_Artois_Pure_Gold,8,0.0,0.0,0.0,0.0,33197.40000000001,0.0
125,Gama,GAM_L3,Stella_Artois_Pure_Gold,9,0.0,0.0,0.0,0.0,14542.919999999998,0.0
125,Gama,GAM_L3,Stella_Artois_Pure_Gold,10,0.0,0.0,0.0,0.0,0.0,0.0
125,Gama,GAM_L3,Stella_Artois_Pure_Gold,11,0.0,0.0,0.0,0.0,0.0,0.0
125,Gama,GAM_L3,Stella_Artois_Pure_Gold,12,0.0,0.0,0.0,0.0,0.0,7955.110000000001
125,Gama,GAM_L3,Stella_Artois_Pure_Gold,13,0.0,0.0,0.0,0.0,7955.110000000001,0.0
125,Gama,GAM_L3,Stella_Artois_Pure_Gold,14,0.0,0.0,0.0,0.0,0.0,0.0
125,Gama,GAM_L3,Stella_Artois_Pure_Gold,15,0.0,0.0,0.0,0.0,0.0,0.0
125,Gama,GAM_L3,Maguary_Caju,1,0.0,0.0,0.0,0.0,0.0,11013.720000000001
125,Gama,GAM_L3,Maguary_Caju,2,0.0,0.0,0.0,0.0,0.0,0.0
125,Gama,GAM_L3,Maguary_Caju,3,0.0,0.0,0.0,0.0,0.0,0.0
125,Gama,GAM_L3,Maguary_Caju,4,0.0,0.0,0.0,0.0,0.0,20548.0
125,Gama,GAM_L3,Maguary_Caju,5,0.0,0.0,0.0,0.0,0.0,0.0
125,Gama,GAM_L3,Maguary_Caju,6,0.0,0.0,0.0,0.0,0.0,0.0
125,Gama,GAM_L3,Maguary_Caju,7,0.0,0.0,0.0,0.0,0.0,0.0
125,Gama,GAM_L3,Maguary_Caju,8,0.0,0.0,0.0,0.0,0.0,0.0
125,Gama,GAM_L3,Maguary_Caju,9,0.0,0.0,0.0,0.0,0.0,0.0
125,Gama,GAM_L3,Maguary_Caju,10,0.0,0.0,0.0,0.0,0.0,0.0
125,Gama,GAM_L3,Maguary_Caju,11,0.0,0.0,0.0,22383.41,0.0,0.0
125,Gama,GAM_L3,Maguary_Caju,12,0.0,0.0,0.0,0.0,0.0,0.0
125,Gama,GAM_L3,Maguary_Caju,13,0.0,0.0,0.0,0.0,0.0,0.0
125,Gama,GAM_L3,Maguary_Caju,14,0.0,0.0,0.0,0.0,0.0,0.0
125,Gama,GAM_L3,Maguary_Caju,15,0.0,0.0,0.0,0.0,0.0,0.0
125,Gama,GAM_L3,Coca_Cola_Zero,1,0.0,0.0,0.0,0.0,22640.469999999998,0.0
125,Gama,GAM_L3,Coca_Cola_Zero,2,0.0,0.0,0.0,0.0,40368.00000000001,0.0
125,Gama,GAM_L3,Coca_Cola_Zero,3,0.0,0.0,11637.01,0.0,0.0,22358.22
125,Gama,GAM_L3,Coca_Cola_Zero,4,0.0,0.0,0.0,0.0,39576.0,28776.92
125,Gama,GAM_L3,Coca_Cola_Zero,5,0.0,0.0,0.0,0.0,40295.99999999999,0.0
125,Gama,GAM_L3,Coca_Cola_Zero,6,0.0,0.0,20716.38,0.0,39264.0,20716.38
125,Gama,GAM_L3,Coca_Cola_Zero,7,0.0,0.0,0.0,0.0,26451.449999999997,0.0
125,Gama,GAM_L3,Coca_Cola_Zero,8,0.0,0.0,0.0,0.0,25525.93999999996,0.0
125,Gama,GAM_L3,Coca_Cola_Zero,9,0.0,0.0,0.0,0.0,1052.2700000000327,0.0
125,Gama,GAM_L3,Coca_Cola_Zero,10,0.0,0.0,0.0,0.0,39648.0,0.0
125,Gama,GAM_L3,Coca_Cola_Zero,11,0.0,0.0,0.0,0.0,18734.36,0.0
125,Gama,GAM_L3,Coca_Cola_Zero,12,0.0,0.0,0.0,0.0,37200.0,0.0
125,Gama,GAM_L3,Coca_Cola_Zero,13,0.0,0.0,0.0,0.0,38256.00000000001,0.0
125,Gama,GAM_L3,Coca_Cola_Zero,14,0.0,0.0,0.0,0.0,39408.0,38581.42
125,Gama,GAM_L3,Coca_Cola_Zero,15,0.0,0.0,0.0,0.0,6726.35,0.0
125,Gama,GAM_L3,Pepsi,1,0.0,0.0,0.0,0.0,0.0,0.0
125,Gama,GAM_L3,Pepsi,2,0.0,0.0,0.0,0.0,0.0,0.0
125,Gama,GAM_L3,Pepsi,3,0.0,0.0,0.0,0.0,0.0,0.0
125,Gama,GAM_L3,Pepsi,4,0.0,0.0,0.0,0.0,0.0,28111.12
125,Gama,GAM_L3,Pepsi,5,0.0,0.0,0.0,0.0,0.0,19190.67
125,Gama,GAM_L3,Pepsi,6,0.0,0.0,0.0,0.0,0.0,36034.91
125,Gama,GAM_L3,Pepsi,7,0.0,0.0,0.0,0.0,0.0,0.0
125,Gama,GAM_L3,Pepsi,8,0.0,0.0,0.0,0.0,0.0,0.0
125,Gama,GAM_L3,Pepsi,9,0.0,0.0,0.0,0.0,0.0,0.0
125,Gama,GAM_L3,Pepsi,10,0.0,0.0,0.0,0.0,0.0,0.0
125,Gama,GAM_L3,Pepsi,11,0.0,0.0,0.0,0.0,0.0,0.0
125,Gama,GAM_L3,Pepsi,12,0.0,0.0,0.0,0.0,0.0,0.0
125,Gama,GAM_L3,Pepsi,13,0.0,0.0,0.0,0.0,0.0,0.0
125,Gama,GAM_L3,Pepsi,14,0.0,0.0,0.0,0.0,0.0,0.0
125,Gama,GAM_L3,Pepsi,15,0.0,0.0,0.0,0.0,0.0,0.0
125,Gama,GAM_L3,Antarctica_Lata,1,0.0,0.0,0.0,0.0,0.0,0.0
125,Gama,GAM_L3,Antarctica_Lata,2,0.0,0.0,0.0,0.0,0.0,0.0
125,Gama,GAM_L3,Antarctica_Lata,3,0.0,0.0,0.0,0.0,0.0,0.0
125,Gama,GAM_L3,Antarctica_Lata,4,0.0,0.0,0.0,0.0,0.0,0.0
125,Gama,GAM_L3,Antarctica_Lata,5,0.0,0.0,0.0,0.0,0.0,0.0
125,Gama,GAM_L3,Antarctica_Lata,6,0.0,0.0,0.0,0.0,0.0,0.0
125,Gama,GAM_L3,Antarctica_Lata,7,0.0,0.0,0.0,0.0,0.0,0.0
125,Gama,GAM_L3,Antarctica_Lata,8,0.0,0.0,0.0,0.0,0.0,0.0
125,Gama,GAM_L3,Antarctica_Lata,9,0.0,0.0,0.0,0.0,0.0,0.0
125,Gama,GAM_L3,Antarctica_Lata,10,0.0,0.0,0.0,0.0,0.0,10846.669999999998
125,Gama,GAM_L3,Antarctica_Lata,11,0.0,0.0,0.0,0.0,0.0,0.0
125,Gama,GAM_L3,Antarctica_Lata,12,0.0,0.0,0.0,0.0,0.0,0.0
125,Gama,GAM_L3,Antarctica_Lata,13,0.0,0.0,0.0,0.0,0.0,0.0
125,Gama,GAM_L3,Antarctica_Lata,14,0.0,0.0,0.0,0.0,0.0,0.0
125,Gama,GAM_L3,Antarctica_Lata,15,0.0,0.0,0.0,0.0,0.0,0.0
125,Gama,GAM_L3,Spaten_Lata,1,0.0,0.0,0.0,0.0,15879.530000000002,0.0
125,Gama,GAM_L3,Spaten_Lata,2,0.0,0.0,0.0,0.0,0.0,0.0
125,Gama,GAM_L3,Spaten_Lata,3,0.0,0.0,0.0,0.0,0.0,0.0
125,Gama,GAM_L3,Spaten_Lata,4,0.0,0.0,0.0,0.0,0.0,0.0
125,Gama,GAM_L3,Spaten_Lata,5,0.0,0.0,0.0,0.0,0.0,0.0
125,Gama,GAM_L3,Spaten_Lata,6,0.0,0.0,0.0,0.0,0.0,0.0
125,Gama,GAM_L3,Spaten_Lata,7,0.0,0.0,0.0,0.0,0.0,18747.41
125,Gama,GAM_L3,Spaten_Lata,8,0.0,0.0,0.0,0.0,0.0,0.0
125,Gama,GAM_L3,Spaten_Lata,9,0.0,0.0,0.0,0.0,41859.72999999997,0.0
125,Gama,GAM_L3,Spaten_Lata,10,0.0,0.0,0.0,0.0,0.0,0.0
125,Gama,GAM_L3,Spaten_Lata,11,0.0,0.0,0.0,0.0,0.0,0.0
125,Gama,GAM_L3,Spaten_Lata,12,0.0,0.0,0.0,0.0,0.0,0.0
125,Gama,GAM_L3,Spaten_Lata,13,0.0,0.0,0.0,0.0,0.0,0.0
125,Gama,GAM_L3,Spaten_Lata,14,0.0,0.0,0.0,0.0,0.0,0.0
125,Gama,GAM_L3,Spaten_Lata,15,0.0,0.0,0.0,0.0,841.1499999999978,0.0
125,Gama,GAM_L3,Heineken_Lata,1,0.0,0.0,0.0,0.0,0.0,16138.26
125,Gama,GAM_L3,Heineken_Lata,2,0.0,0.0,0.0,0.0,0.0,0.0
125,Gama,GAM_L3,Heineken_Lata,3,0.0,0.0,0.0,0.0,0.0,0.0
125,Gama,GAM_L3,Heineken_Lata,4,0.0,0.0,0.0,0.0,0.0,0.0
125,Gama,GAM_L3,Heineken_Lata,5,0.0,0.0,0.0,0.0,0.0,0.0
125,Gama,GAM_L3,Heineken_Lata,6,0.0,0.0,0.0,0.0,0.0,0.0
125,Gama,GAM_L3,Heineken_Lata,7,0.0,0.0,0.0,0.0,0.0,0.0
125,Gama,GAM_L3,Heineken_Lata,8,0.0,0.0,0.0,0.0,0.0,0.0
125,Gama,GAM_L3,Heineken_Lata,9,0.0,0.0,0.0,0.0,0.0,0.0
125,Gama,GAM_L3,Heineken_Lata,10,0.0,0.0,0.0,0.0,0.0,0.0
125,Gama,GAM_L3,Heineken_Lata,11,0.0,0.0,0.0,0.0,0.0,10046.3
125,Gama,GAM_L3,Heineken_Lata,12,0.0,0.0,0.0,0.0,0.0,0.0
125,Gama,GAM_L3,Heineken_Lata,13,0.0,0.0,0.0,0.0,0.0,0.0
125,Gama,GAM_L3,Heineken_Lata,14,0.0,0.0,0.0,0.0,0.0,0.0
125,Gama,GAM_L3,Heineken_Lata,15,0.0,0.0,0.0,0.0,0.0,0.0
125,Gama,GAM_L3,Sukita_Laranja,1,0.0,0.0,0.0,0.0,0.0,0.0
125,Gama,GAM_L3,Sukita_Laranja,2,0.0,0.0,0.0,0.0,0.0,0.0
125,Gama,GAM_L3,Sukita_Laranja,3,0.0,0.0,0.0,0.0,0.0,0.0
125,Gama,GAM_L3,Sukita_Laranja,4,0.0,0.0,0.0,0.0,0.0,0.0
125,Gama,GAM_L3,Sukita_Laranja,5,0.0,0.0,0.0,0.0,0.0,0.0
125,Gama,GAM_L3,Sukita_Laranja,6,0.0,0.0,6208.76,0.0,0.0,6208.76
125,Gama,GAM_L3,Sukita_Laranja,7,0.0,0.0,0.0,0.0,0.0,0.0
125,Gama,GAM_L3,Sukita_Laranja,8,0.0,0.0,0.0,0.0,0.0,0.0
125,Gama,GAM_L3,Sukita_Laranja,9,0.0,0.0,0.0,0.0,0.0,0.0
125,Gama,GAM_L3,Sukita_Laranja,10,0.0,0.0,13156.869999999999,23746.350000000002,0.0,13156.869999999999
125,Gama,GAM_L3,Sukita_Laranja,11,0.0,0.0,0.0,0.0,0.0,0.0
125,Gama,GAM_L3,Sukita_Laranja,12,0.0,0.0,0.0,0.0,0.0,0.0
125,Gama,GAM_L3,Sukita_Laranja,13,0.0,0.0,0.0,0.0,0.0,0.0
125,Gama,GAM_L3,Sukita_Laranja,14,0.0,0.0,16108.59,6979.360000000001,0.0,16108.59
125,Gama,GAM_L3,Sukita_Laranja,15,0.0,0.0,0.0,0.0,0.0,0.0
125,Gama,GAM_L3,H2OH_Limao,1,0.0,0.0,0.0,0.0,0.0,0.0
125,Gama,GAM_L3,H2OH_Limao,2,0.0,0.0,0.0,0.0,0.0,1988.6900000000023
125,Gama,GAM_L3,H2OH_Limao,3,0.0,0.0,0.0,0.0,0.0,0.0
125,Gama,GAM_L3,H2OH_Limao,4,0.0,0.0,0.0,0.0,0.0,0.0
125,Gama,GAM_L3,H2OH_Limao,5,0.0,0.0,0.0,0.0,0.0,0.0
125,Gama,GAM_L3,H2OH_Limao,6,0.0,0.0,0.0,0.0,0.0,8975.7
125,Gama,GAM_L3,H2OH_Limao,7,0.0,0.0,0.0,0.0,0.0,0.0
125,Gama,GAM_L3,H2OH_Limao,8,0.0,0.0,0.0,0.0,0.0,0.0
125,Gama,GAM_L3,H2OH_Limao,9,0.0,0.0,0.0,0.0,0.0,0.0
125,Gama,GAM_L3,H2OH_Limao,10,0.0,0.0,0.0,0.0,0.0,0.0
125,Gama,GAM_L3,H2OH_Limao,11,0.0,0.0,0.0,0.0,0.0,0.0
125,Gama,GAM_L3,H2OH_Limao,12,0.0,0.0,0.0,0.0,0.0,0.0
125,Gama,GAM_L3,H2OH_Limao,13,0.0,0.0,0.0,0.0,0.0,0.0
125,Gama,GAM_L3,H2OH_Limao,14,0.0,0.0,0.0,0.0,0.0,0.0
125,Gama,GAM_L3,H2OH_Limao,15,0.0,0.0,0.0,0.0,0.0,0.0
125,Gama,GAM_L3,Budweiser_Lata,1,0.0,0.0,0.0,0.0,0.0,1656.6799999999876
125,Gama,GAM_L3,Budweiser_Lata,2,0.0,0.0,0.0,0.0,16095.04,0.0
125,Gama,GAM_L3,Budweiser_Lata,3,0.0,0.0,41837.14,0.0,35882.32999999999,41837.14
125,Gama,GAM_L3,Budweiser_Lata,4,0.0,0.0,0.0,0.0,37776.0,0.0
125,Gama,GAM_L3,Budweiser_Lata,5,0.0,0.0,0.0,0.0,0.0,0.0
125,Gama,GAM_L3,Budweiser_Lata,6,0.0,0.0,0.0,0.0,36576.0,0.0
125,Gama,GAM_L3,Budweiser_Lata,7,0.0,0.0,0.0,0.0,2502.73,0.0
125,Gama,GAM_L3,Budweiser_Lata,8,0.0,0.0,0.0,0.0,0.0,0.0
125,Gama,GAM_L3,Budweiser_Lata,9,0.0,0.0,0.0,0.0,14451.699999999997,0.0
125,Gama,GAM_L3,Budweiser_Lata,10,0.0,0.0,0.0,0.0,7693.93,0.0
125,Gama,GAM_L3,Budweiser_Lata,11,0.0,0.0,0.0,0.0,0.0,0.0
125,Gama,GAM_L3,Budweiser_Lata,12,0.0,0.0,0.0,0.0,0.0,0.0
125,Gama,GAM_L3,Budweiser_Lata,13,0.0,0.0,0.0,0.0,23698.97,0.0
125,Gama,GAM_L3,Budweiser_Lata,14,0.0,0.0,0.0,0.0,35424.0,0.0
125,Gama,GAM_L3,Budweiser_Lata,15,0.0,0.0,0.0,0.0,39671.99999999999,0.0
125,Gama,GAM_L3,Kuat,1,37392.0,0.0,0.0,0.0,37392.0,0.0
125,Gama,GAM_L3,Kuat,2,37464.0,0.0,0.0,0.0,37464.0,20950.38
125,Gama,GAM_L3,Kuat,3,40100.33000000001,0.0,0.0,0.0,40100.33000000001,0.0
125,Gama,GAM_L3,Kuat,4,40872.0,0.0,0.0,0.0,40872.0,18101.18
125,Gama,GAM_L3,Kuat,5,31919.28,0.0,0.0,0.0,31919.28,0.0
125,Gama,GAM_L3,Kuat,6,21684.13,0.0,0.0,0.0,21684.13,0.0
125,Gama,GAM_L3,Kuat,7,37872.0,0.0,19454.61,0.0,18417.39,0.0
125,Gama,GAM_L3,Kuat,8,0.0,0.0,0.0,0.0,0.0,0.0
125,Gama,GAM_L3,Kuat,9,27609.84,0.0,0.0,0.0,27609.839999999997,0.0
125,Gama,GAM_L3,Kuat,10,38304.0,0.0,0.0,0.0,38304.0,0.0
125,Gama,GAM_L3,Kuat,11,18910.17,0.0,0.0,0.0,18910.17,0.0
125,Gama,GAM_L3,Kuat,12,38328.0,0.0,0.0,0.0,38328.0,0.0
125,Gama,GAM_L3,Kuat,13,40457.490000000005,0.0,0.0,0.0,40457.49,24681.94
125,Gama,GAM_L3,Kuat,14,34080.0,0.0,0.0,0.0,34080.0,0.0
125,Gama,GAM_L3,Kuat,15,39792.0,0.0,0.0,0.0,39792.0,0.0
125,Gama,GAM_L3,Fanta_Uva,1,0.0,0.0,0.0,0.0,0.0,40857.94
125,Gama,GAM_L3,Fanta_Uva,2,0.0,0.0,0.0,0.0,0.0,1148.38
125,Gama,GAM_L3,Fanta_Uva,3,1011.6699999999927,0.0,0.0,0.0,1011.6699999999927,0.0
125,Gama,GAM_L3,Fanta_Uva,4,0.0,0.0,0.0,0.0,0.0,0.0
125,Gama,GAM_L3,Fanta_Uva,5,0.0,0.0,0.0,0.0,0.0,0.0
125,Gama,GAM_L3,Fanta_Uva,6,15899.869999999995,0.0,0.0,0.0,15899.869999999997,0.0
125,Gama,GAM_L3,Fanta_Uva,7,0.0,0.0,0.0,0.0,0.0,0.0
125,Gama,GAM_L3,Fanta_Uva,8,9625.199999999997,0.0,0.0,0.0,9625.199999999997,0.0
125,Gama,GAM_L3,Fanta_Uva,9,0.0,0.0,0.0,0.0,0.0,37010.77999999995
125,Gama,GAM_L3,Fanta_Uva,10,0.0,0.0,0.0,0.0,0.0,17140.60000000005
125,Gama,GAM_L3,Fanta_Uva,11,2342.859999999984,0.0,0.0,0.0,2342.859999999984,0.0
125,Gama,GAM_L3,Fanta_Uva,12,0.0,0.0,0.0,0.0,0.0,0.0
125,Gama,GAM_L3,Fanta_Uva,13,1950.5099999999923,0.0,0.0,0.0,1950.5099999999923,0.0
125,Gama,GAM_L3,Fanta_Uva,14,0.0,0.0,19478.4,0.0,0.0,19478.4
125,Gama,GAM_L3,Fanta_Uva,15,0.0,0.0,0.0,0.0,0.0,20246.73
125,Gama,GAM_L3,Sprite,1,0.0,0.0,0.0,0.0,0.0,0.0
125,Gama,GAM_L3,Sprite,2,0.0,0.0,0.0,0.0,0.0,0.0
125,Gama,GAM_L3,Sprite,3,0.0,0.0,0.0,0.0,0.0,0.0
125,Gama,GAM_L3,Sprite,4,0.0,0.0,0.0,0.0,0.0,0.0
125,Gama,GAM_L3,Sprite,5,0.0,0.0,0.0,0.0,0.0,0.0
125,Gama,GAM_L3,Sprite,6,0.0,0.0,0.0,0.0,0.0,0.0
125,Gama,GAM_L3,Sprite,7,0.0,0.0,0.0,0.0,0.0,0.0
125,Gama,GAM_L3,Sprite,8,0.0,0.0,0.0,0.0,0.0,0.0
125,Gama,GAM_L3,Sprite,9,0.0,0.0,0.0,0.0,0.0,0.0
125,Gama,GAM_L3,Sprite,10,0.0,0.0,0.0,0.0,0.0,0.0
125,Gama,GAM_L3,Sprite,11,0.0,0.0,0.0,21469.92,0.0,0.0
125,Gama,GAM_L3,Sprite,12,0.0,0.0,0.0,0.0,0.0,0.0
125,Gama,GAM_L3,Sprite,13,0.0,0.0,0.0,0.0,0.0,0.0
125,Gama,GAM_L3,Sprite,14,0.0,0.0,0.0,0.0,0.0,3793.94
125,Gama,GAM_L3,Sprite,15,0.0,0.0,0.0,0.0,0.0,11856.26
125,Gama,GAM_L3,Skol_Lata,1,0.0,0.0,0.0,0.0,0.0,14325.0
125,Gama,GAM_L3,Skol_Lata,2,0.0,0.0,0.0,0.0,0.0,0.0
125,Gama,GAM_L3,Skol_Lata,3,0.0,0.0,0.0,0.0,0.0,0.0
125,Gama,GAM_L3,Skol_Lata,4,0.0,0.0,0.0,0.0,0.0,0.0
125,Gama,GAM_L3,Skol_Lata,5,0.0,0.0,27200.82,0.0,0.0,27200.82
125,Gama,GAM_L3,Skol_Lata,6,0.0,0.0,0.0,0.0,0.0,0.0
125,Gama,GAM_L3,Skol_Lata,7,0.0,0.0,0.0,0.0,0.0,0.0
125,Gama,GAM_L3,Skol_Lata,8,0.0,0.0,0.0,0.0,0.0,10622.32
125,Gama,GAM_L3,Skol_Lata,9,0.0,0.0,0.0,0.0,0.0,0.0
125,Gama,GAM_L3,Skol_Lata,10,0.0,0.0,0.0,0.0,0.0,0.0
125,Gama,GAM_L3,Skol_Lata,11,0.0,0.0,0.0,0.0,0.0,0.0
125,Gama,GAM_L3,Skol_Lata,12,0.0,0.0,0.0,0.0,0.0,0.0
125,Gama,GAM_L3,Skol_Lata,13,0.0,0.0,0.0,0.0,0.0,0.0
125,Gama,GAM_L3,Skol_Lata,14,0.0,0.0,0.0,0.0,0.0,0.0
125,Gama,GAM_L3,Skol_Lata,15,0.0,0.0,0.0,0.0,0.0,0.0
125,Gama,GAM_L3,Guarana_Antarctica,1,0.0,0.0,0.0,0.0,0.0,0.0
125,Gama,GAM_L3,Guarana_Antarctica,2,0.0,0.0,0.0,0.0,0.0,0.0
125,Gama,GAM_L3,Guarana_Antarctica,3,0.0,0.0,0.0,0.0,0.0,0.0
125,Gama,GAM_L3,Guarana_Antarctica,4,0.0,0.0,0.0,0.0,0.0,0.0
125,Gama,GAM_L3,Guarana_Antarctica,5,0.0,0.0,0.0,0.0,0.0,0.0
125,Gama,GAM_L3,Guarana_Antarctica,6,0.0,0.0,0.0,0.0,0.0,0.0
125,Gama,GAM_L3,Guarana_Antarctica,7,0.0,0.0,0.0,0.0,0.0,0.0
125,Gama,GAM_L3,Guarana_Antarctica,8,0.0,0.0,0.0,0.0,0.0,0.0
125,Gama,GAM_L3,Guarana_Antarctica,9,0.0,0.0,0.0,0.0,0.0,0.0
125,Gama,GAM_L3,Guarana_Antarctica,10,0.0,0.0,0.0,0.0,0.0,0.0
125,Gama,GAM_L3,Guarana_Antarctica,11,0.0,0.0,0.0,0.0,0.0,0.0
125,Gama,GAM_L3,Guarana_Antarctica,12,0.0,0.0,0.0,0.0,0.0,0.0
125,Gama,GAM_L3,Guarana_Antarctica,13,0.0,0.0,0.0,0.0,0.0,0.0
125,Gama,GAM_L3,Guarana_Antarctica,14,0.0,0.0,0.0,0.0,0.0,0.0
125,Gama,GAM_L3,Guarana_Antarctica,15,0.0,0.0,0.0,0.0,0.0,0.0
125,Gama,GAM_L3,Guarana_Antarctica_Zero,1,0.0,0.0,0.0,0.0,0.0,0.0
125,Gama,GAM_L3,Guarana_Antarctica_Zero,2,0.0,0.0,7033.06,0.0,0.0,20754.41
125,Gama,GAM_L3,Guarana_Antarctica_Zero,3,0.0,0.0,0.0,0.0,0.0,0.0
125,Gama,GAM_L3,Guarana_Antarctica_Zero,4,0.0,0.0,0.0,0.0,0.0,0.0
125,Gama,GAM_L3,Guarana_Antarctica_Zero,5,0.0,0.0,0.0,0.0,0.0,13287.470000000027
125,Gama,GAM_L3,Guarana_Antarctica_Zero,6,0.0,0.0,0.0,0.0,0.0,8135.039999999968
125,Gama,GAM_L3,Guarana_Antarctica_Zero,7,0.0,0.0,0.0,0.0,21422.509999999995,42779.57
125,Gama,GAM_L3,Guarana_Antarctica_Zero,8,0.0,0.0,0.0,0.0,0.0,0.0
125,Gama,GAM_L3,Guarana_Antarctica_Zero,9,0.0,0.0,0.0,0.0,0.0,0.0
125,Gama,GAM_L3,Guarana_Antarctica_Zero,10,0.0,0.0,0.0,0.0,0.0,0.0
125,Gama,GAM_L3,Guarana_Antarctica_Zero,11,0.0,0.0,0.0,0.0,0.0,0.0
125,Gama,GAM_L3,Guarana_Antarctica_Zero,12,0.0,0.0,27677.23,0.0,0.0,29078.380000000005
125,Gama,GAM_L3,Guarana_Antarctica_Zero,13,0.0,0.0,0.0,0.0,1401.150000000005,0.0
125,Gama,GAM_L3,Guarana_Antarctica_Zero,14,0.0,0.0,0.0,0.0,0.0,0.0
125,Gama,GAM_L3,Guarana_Antarctica_Zero,15,0.0,0.0,0.0,0.0,0.0,0.0
125,Gama,GAM_L3,Del_Valle_Uva,1,0.0,0.0,0.0,0.0,0.0,0.0
125,Gama,GAM_L3,Del_Valle_Uva,2,0.0,0.0,0.0,0.0,0.0,0.0
125,Gama,GAM_L3,Del_Valle_Uva,3,0.0,0.0,0.0,0.0,0.0,17689.589999999993
125,Gama,GAM_L3,Del_Valle_Uva,4,0.0,0.0,0.0,0.0,0.0,0.0
125,Gama,GAM_L3,Del_Valle_Uva,5,0.0,0.0,0.0,0.0,0.0,0.0
125,Gama,GAM_L3,Del_Valle_Uva,6,0.0,0.0,0.0,0.0,0.0,0.0
125,Gama,GAM_L3,Del_Valle_Uva,7,0.0,0.0,0.0,0.0,0.0,0.0
125,Gama,GAM_L3,Del_Valle_Uva,8,0.0,0.0,0.0,0.0,0.0,0.0
125,Gama,GAM_L3,Del_Valle_Uva,9,0.0,0.0,33654.4,9198.049999999996,0.0,33654.4
125,Gama,GAM_L3,Del_Valle_Uva,10,0.0,0.0,0.0,0.0,0.0,0.0
125,Gama,GAM_L3,Del_Valle_Uva,11,0.0,0.0,0.0,0.0,0.0,18980.34
125,Gama,GAM_L3,Del_Valle_Uva,12,0.0,0.0,0.0,0.0,0.0,0.0
125,Gama,GAM_L3,Del_Valle_Uva,13,0.0,0.0,0.0,0.0,0.0,0.0
125,Gama,GAM_L3,Del_Valle_Uva,14,0.0,0.0,0.0,0.0,0.0,0.0
125,Gama,GAM_L3,Del_Valle_Uva,15,0.0,0.0,0.0,0.0,0.0,0.0
125,Gama,GAM_L3,Brahma_Lata,1,0.0,0.0,0.0,0.0,0.0,0.0
125,Gama,GAM_L3,Brahma_Lata,2,0.0,0.0,0.0,0.0,0.0,0.0
125,Gama,GAM_L3,Brahma_Lata,3,0.0,0.0,0.0,0.0,0.0,0.0
125,Gama,GAM_L3,Brahma_Lata,4,0.0,0.0,0.0,0.0,0.0,0.0
125,Gama,GAM_L3,Brahma_Lata,5,0.0,0.0,0.0,0.0,0.0,0.0
125,Gama,GAM_L3,Brahma_Lata,6,0.0,0.0,0.0,0.0,0.0,0.0
125,Gama,GAM_L3,Brahma_Lata,7,0.0,0.0,0.0,0.0,0.0,0.0
125,Gama,GAM_L3,Brahma_Lata,8,0.0,0.0,0.0,0.0,0.0,0.0
125,Gama,GAM_L3,Brahma_Lata,9,0.0,0.0,0.0,0.0,0.0,0.0
125,Gama,GAM_L3,Brahma_Lata,10,0.0,0.0,0.0,0.0,0.0,0.0
125,Gama,GAM_L3,Brahma_Lata,11,0.0,0.0,0.0,0.0,0.0,15055.7
125,Gama,GAM_L3,Brahma_Lata,12,0.0,0.0,0.0,0.0,0.0,0.0
125,Gama,GAM_L3,Brahma_Lata,13,0.0,0.0,0.0,0.0,0.0,0.0
125,Gama,GAM_L3,Brahma_Lata,14,0.0,0.0,0.0,0.0,0.0,0.0
125,Gama,GAM_L3,Brahma_Lata,15,0.0,0.0,0.0,0.0,0.0,0.0
125,Gama,GAM_L3,Itaipava_Lata,1,0.0,0.0,0.0,0.0,0.0,0.0
125,Gama,GAM_L3,Itaipava_Lata,2,0.0,0.0,0.0,0.0,0.0,0.0
125,Gama,GAM_L3,Itaipava_Lata,3,0.0,0.0,0.0,0.0,0.0,0.0
125,Gama,GAM_L3,Itaipava_Lata,4,0.0,0.0,0.0,0.0,0.0,0.0
125,Gama,GAM_L3,Itaipava_Lata,5,3144.72,0.0,0.0,0.0,3144.72,31992.33
125,Gama,GAM_L3,Itaipava_Lata,6,0.0,0.0,0.0,0.0,0.0,0.0
125,Gama,GAM_L3,Itaipava_Lata,7,0.0,0.0,10265.08,0.0,0.0,10265.08
125,Gama,GAM_L3,Itaipava_Lata,8,26350.800000000003,0.0,0.0,0.0,26350.800000000007,0.0
125,Gama,GAM_L3,Itaipava_Lata,9,11606.160000000005,0.0,0.0,0.0,11606.160000000005,0.0
125,Gama,GAM_L3,Itaipava_Lata,10,0.0,0.0,0.0,0.0,0.0,0.0
125,Gama,GAM_L3,Itaipava_Lata,11,13090.97000000002,0.0,0.0,0.0,13090.97000000002,0.0
125,Gama,GAM_L3,Itaipava_Lata,12,0.0,0.0,0.0,0.0,0.0,10654.850000000006
125,Gama,GAM_L3,Itaipava_Lata,13,0.0,0.0,0.0,0.0,0.0,0.0
125,Gama,GAM_L3,Itaipava_Lata,14,0.0,0.0,0.0,0.0,0.0,0.0
125,Gama,GAM_L3,Itaipava_Lata,15,0.0,0.0,0.0,0.0,0.0,29821.3
125,Viamao,VIA_L1,Maguary_Maracuja,1,0.0,0.0,0.0,0.0,0.0,0.0
125,Viamao,VIA_L1,Maguary_Maracuja,2,0.0,0.0,0.0,0.0,0.0,0.0
125,Viamao,VIA_L1,Maguary_Maracuja,3,0.0,7783.590000000044,0.0,0.0,0.0,7783.590000000044
125,Viamao,VIA_L1,Maguary_Maracuja,4,0.0,7783.590000000044,0.0,0.0,0.0,34934.83
125,Viamao,VIA_L1,Maguary_Maracuja,5,0.0,0.0,0.0,0.0,7783.590000000044,0.0
125,Viamao,VIA_L1,Maguary_Maracuja,6,0.0,0.0,0.0,0.0,0.0,16092.12
125,Viamao,VIA_L1,Maguary_Maracuja,7,0.0,0.0,0.0,0.0,0.0,13850.41
125,Viamao,VIA_L1,Maguary_Maracuja,8,0.0,0.0,0.0,0.0,0.0,0.0
125,Viamao,VIA_L1,Maguary_Maracuja,9,0.0,0.0,0.0,0.0,0.0,0.0
125,Viamao,VIA_L1,Maguary_Maracuja,10,0.0,0.0,0.0,0.0,0.0,0.0
125,Viamao,VIA_L1,Maguary_Maracuja,11,0.0,0.0,0.0,0.0,0.0,0.0
125,Viamao,VIA_L1,Maguary_Maracuja,12,0.0,0.0,0.0,0.0,0.0,0.0
125,Viamao,VIA_L1,Maguary_Maracuja,13,0.0,0.0,0.0,0.0,0.0,0.0
125,Viamao,VIA_L1,Maguary_Maracuja,14,0.0,0.0,0.0,0.0,0.0,0.0
125,Viamao,VIA_L1,Maguary_Maracuja,15,0.0,0.0,0.0,0.0,0.0,0.0
125,Viamao,VIA_L1,Fanta_Laranja,1,0.0,0.0,0.0,0.0,0.0,0.0
125,Viamao,VIA_L1,Fanta_Laranja,2,0.0,0.0,0.0,0.0,0.0,1926.7100000000064
125,Viamao,VIA_L1,Fanta_Laranja,3,0.0,0.0,15682.91,0.0,37535.99999999999,15682.91
125,Viamao,VIA_L1,Fanta_Laranja,4,0.0,0.0,0.0,0.0,9337.369999999992,0.0
125,Viamao,VIA_L1,Fanta_Laranja,5,0.0,0.0,0.0,0.0,9840.39,0.0
125,Viamao,VIA_L1,Fanta_Laranja,6,0.0,0.0,0.0,0.0,37056.0,0.0
125,Viamao,VIA_L1,Fanta_Laranja,7,0.0,0.0,0.0,0.0,23221.66,0.0
125,Viamao,VIA_L1,Fanta_Laranja,8,0.0,0.0,0.0,0.0,21826.78999999996,0.0
125,Viamao,VIA_L1,Fanta_Laranja,9,0.0,0.0,0.0,0.0,35685.13,0.0
125,Viamao,VIA_L1,Fanta_Laranja,10,0.0,0.0,0.0,0.0,45118.220000000045,0.0
125,Viamao,VIA_L1,Fanta_Laranja,11,0.0,0.0,0.0,0.0,37008.0,0.0
125,Viamao,VIA_L1,Fanta_Laranja,12,0.0,0.0,0.0,0.0,18141.35,0.0
125,Viamao,VIA_L1,Fanta_Laranja,13,0.0,0.0,0.0,0.0,15055.699999999999,0.0
125,Viamao,VIA_L1,Fanta_Laranja,14,0.0,0.0,0.0,0.0,10771.68,0.0
125,Viamao,VIA_L1,Fanta_Laranja,15,0.0,0.0,0.0,0.0,11530.699999999999,0.0
125,Viamao,VIA_L1,Schweppes_Citrus,1,0.0,0.0,14368.05,0.0,0.0,14368.05
125,Viamao,VIA_L1,Schweppes_Citrus,2,0.0,0.0,0.0,0.0,12325.310000000001,0.0
125,Viamao,VIA_L1,Schweppes_Citrus,3,0.0,0.0,0.0,0.0,27342.339999999997,0.0
125,Viamao,VIA_L1,Schweppes_Citrus,4,0.0,0.0,0.0,0.0,24191.690000000002,0.0
125,Viamao,VIA_L1,Schweppes_Citrus,5,0.0,0.0,35238.28,0.0,2981.8799999999974,35238.28
125,Viamao,VIA_L1,Schweppes_Citrus,6,0.0,0.0,0.0,0.0,15466.250000000015,0.0
125,Viamao,VIA_L1,Schweppes_Citrus,7,0.0,0.0,21028.27,0.0,46050.65,21028.27
125,Viamao,VIA_L1,Schweppes_Citrus,8,0.0,0.0,0.0,0.0,0.0,0.0
125,Viamao,VIA_L1,Schweppes_Citrus,9,0.0,0.0,0.0,0.0,0.0,0.0
125,Viamao,VIA_L1,Schweppes_Citrus,10,0.0,0.0,0.0,0.0,0.0,0.0
125,Viamao,VIA_L1,Schweppes_Citrus,11,0.0,0.0,0.0,0.0,0.0,0.0
125,Viamao,VIA_L1,Schweppes_Citrus,12,0.0,0.0,0.0,0.0,0.0,0.0
125,Viamao,VIA_L1,Schweppes_Citrus,13,0.0,0.0,0.0,0.0,28995.33000000001,0.0
125,Viamao,VIA_L1,Schweppes_Citrus,14,0.0,0.0,0.0,0.0,25840.690000000002,0.0
125,Viamao,VIA_L1,Schweppes_Citrus,15,0.0,0.0,0.0,0.0,16203.580000000002,0.0
125,Viamao,VIA_L1,Sprite_Zero,1,0.0,0.0,0.0,0.0,0.0,4929.67
125,Viamao,VIA_L1,Sprite_Zero,2,0.0,0.0,0.0,0.0,0.0,0.0
125,Viamao,VIA_L1,Sprite_Zero,3,0.0,0.0,0.0,0.0,0.0,0.0
125,Viamao,VIA_L1,Sprite_Zero,4,0.0,0.0,0.0,0.0,0.0,0.0
125,Viamao,VIA_L1,Sprite_Zero,5,0.0,0.0,0.0,0.0,0.0,0.0
125,Viamao,VIA_L1,Sprite_Zero,6,0.0,0.0,0.0,0.0,0.0,0.0
125,Viamao,VIA_L1,Sprite_Zero,7,0.0,0.0,0.0,0.0,0.0,0.0
125,Viamao,VIA_L1,Sprite_Zero,8,0.0,0.0,0.0,0.0,0.0,0.0
125,Viamao,VIA_L1,Sprite_Zero,9,0.0,0.0,0.0,0.0,0.0,0.0
125,Viamao,VIA_L1,Sprite_Zero,10,0.0,0.0,0.0,0.0,0.0,0.0
125,Viamao,VIA_L1,Sprite_Zero,11,0.0,0.0,0.0,0.0,0.0,0.0
125,Viamao,VIA_L1,Sprite_Zero,12,0.0,0.0,0.0,0.0,0.0,0.0
125,Viamao,VIA_L1,Sprite_Zero,13,0.0,0.0,0.0,0.0,0.0,0.0
125,Viamao,VIA_L1,Sprite_Zero,14,0.0,0.0,0.0,0.0,0.0,0.0
125,Viamao,VIA_L1,Sprite_Zero,15,0.0,0.0,0.0,0.0,0.0,0.0
125,Viamao,VIA_L1,Eisenbahn_Pilsen,1,0.0,0.0,0.0,0.0,0.0,0.0
125,Viamao,VIA_L1,Eisenbahn_Pilsen,2,0.0,0.0,0.0,0.0,0.0,25715.43
125,Viamao,VIA_L1,Eisenbahn_Pilsen,3,0.0,0.0,0.0,0.0,0.0,14947.6
125,Viamao,VIA_L1,Eisenbahn_Pilsen,4,0.0,0.0,11568.66,0.0,0.0,11568.66
125,Viamao,VIA_L1,Eisenbahn_Pilsen,5,0.0,0.0,0.0,0.0,0.0,0.0
125,Viamao,VIA_L1,Eisenbahn_Pilsen,6,0.0,0.0,0.0,0.0,0.0,0.0
125,Viamao,VIA_L1,Eisenbahn_Pilsen,7,0.0,0.0,0.0,0.0,0.0,0.0
125,Viamao,VIA_L1,Eisenbahn_Pilsen,8,0.0,0.0,0.0,0.0,0.0,0.0
125,Viamao,VIA_L1,Eisenbahn_Pilsen,9,0.0,0.0,0.0,0.0,0.0,25770.41
125,Viamao,VIA_L1,Eisenbahn_Pilsen,10,0.0,0.0,0.0,0.0,0.0,35408.48
125,Viamao,VIA_L1,Eisenbahn_Pilsen,11,0.0,0.0,0.0,0.0,0.0,0.0
125,Viamao,VIA_L1,Eisenbahn_Pilsen,12,0.0,0.0,0.0,0.0,0.0,0.0
125,Viamao,VIA_L1,Eisenbahn_Pilsen,13,0.0,0.0,0.0,0.0,0.0,0.0
125,Viamao,VIA_L1,Eisenbahn_Pilsen,14,0.0,0.0,0.0,0.0,0.0,0.0
125,Viamao,VIA_L1,Eisenbahn_Pilsen,15,0.0,0.0,0.0,0.0,0.0,0.0
125,Viamao,VIA_L1,Del_Valle_Pessego,1,0.0,0.0,0.0,0.0,0.0,0.0
125,Viamao,VIA_L1,Del_Valle_Pessego,2,0.0,0.0,0.0,0.0,0.0,0.0
125,Viamao,VIA_L1,Del_Valle_Pessego,3,0.0,0.0,0.0,0.0,0.0,18250.14
125,Viamao,VIA_L1,Del_Valle_Pessego,4,0.0,0.0,0.0,0.0,0.0,0.0
125,Viamao,VIA_L1,Del_Valle_Pessego,5,0.0,0.0,0.0,0.0,0.0,0.0
125,Viamao,VIA_L1,Del_Valle_Pessego,6,0.0,0.0,0.0,0.0,0.0,0.0
125,Viamao,VIA_L1,Del_Valle_Pessego,7,0.0,0.0,0.0,0.0,0.0,0.0
125,Viamao,VIA_L1,Del_Valle_Pessego,8,0.0,0.0,0.0,0.0,0.0,0.0
125,Viamao,VIA_L1,Del_Valle_Pessego,9,0.0,0.0,0.0,0.0,0.0,0.0
125,Viamao,VIA_L1,Del_Valle_Pessego,10,0.0,0.0,0.0,0.0,0.0,0.0
125,Viamao,VIA_L1,Del_Valle_Pessego,11,0.0,0.0,0.0,0.0,0.0,0.0
125,Viamao,VIA_L1,Del_Valle_Pessego,12,0.0,0.0,0.0,0.0,0.0,0.0
125,Viamao,VIA_L1,Del_Valle_Pessego,13,0.0,0.0,0.0,0.0,0.0,0.0
125,Viamao,VIA_L1,Del_Valle_Pessego,14,0.0,0.0,0.0,0.0,0.0,19882.33
125,Viamao,VIA_L1,Del_Valle_Pessego,15,0.0,0.0,0.0,5463.1,0.0,0.0
125,Viamao,VIA_L1,Coca_Cola,1,0.0,0.0,0.0,0.0,0.0,0.0
125,Viamao,VIA_L1,Coca_Cola,2,0.0,0.0,0.0,0.0,0.0,0.0
125,Viamao,VIA_L1,Coca_Cola,3,0.0,0.0,0.0,0.0,0.0,0.0
125,Viamao,VIA_L1,Coca_Cola,4,0.0,0.0,0.0,0.0,0.0,0.0
125,Viamao,VIA_L1,Coca_Cola,5,0.0,0.0,0.0,0.0,0.0,0.0
125,Viamao,VIA_L1,Coca_Cola,6,0.0,0.0,0.0,0.0,0.0,0.0
125,Viamao,VIA_L1,Coca_Cola,7,0.0,0.0,0.0,0.0,0.0,0.0
125,Viamao,VIA_L1,Coca_Cola,8,0.0,0.0,0.0,0.0,0.0,0.0
125,Viamao,VIA_L1,Coca_Cola,9,0.0,0.0,0.0,0.0,0.0,0.0
125,Viamao,VIA_L1,Coca_Cola,10,0.0,0.0,0.0,0.0,0.0,0.0
125,Viamao,VIA_L1,Coca_Cola,11,0.0,0.0,0.0,0.0,0.0,0.0
125,Viamao,VIA_L1,Coca_Cola,12,0.0,0.0,0.0,0.0,0.0,0.0
125,Viamao,VIA_L1,Coca_Cola,13,0.0,0.0,0.0,0.0,0.0,0.0
125,Viamao,VIA_L1,Coca_Cola,14,0.0,0.0,0.0,0.0,0.0,0.0
125,Viamao,VIA_L1,Coca_Cola,15,0.0,0.0,0.0,0.0,0.0,0.0
125,Viamao,VIA_L1,Amstel_Lata,1,0.0,0.0,0.0,0.0,0.0,0.0
125,Viamao,VIA_L1,Amstel_Lata,2,0.0,0.0,0.0,0.0,0.0,0.0
125,Viamao,VIA_L1,Amstel_Lata,3,0.0,0.0,0.0,0.0,0.0,0.0
125,Viamao,VIA_L1,Amstel_Lata,4,0.0,0.0,0.0,0.0,0.0,0.0
125,Viamao,VIA_L1,Amstel_Lata,5,0.0,0.0,0.0,0.0,0.0,0.0
125,Viamao,VIA_L1,Amstel_Lata,6,0.0,0.0,38781.82,0.0,20707.099999999984,38781.82
125,Viamao,VIA_L1,Amstel_Lata,7,0.0,0.0,0.0,0.0,0.0,0.0
125,Viamao,VIA_L1,Amstel_Lata,8,0.0,0.0,42647.03,0.0,32648.47000000002,42647.03
125,Viamao,VIA_L1,Amstel_Lata,9,0.0,0.0,0.0,0.0,6797.65999999996,0.0
125,Viamao,VIA_L1,Amstel_Lata,10,0.0,0.0,0.0,0.0,37920.0,0.0
125,Viamao,VIA_L1,Amstel_Lata,11,0.0,0.0,0.0,0.0,0.0,0.0
125,Viamao,VIA_L1,Amstel_Lata,12,0.0,0.0,50408.65,0.0,20407.54999999999,50408.65000000001
125,Viamao,VIA_L1,Amstel_Lata,13,0.0,0.0,0.0,0.0,0.0,3975.8099999999977
125,Viamao,VIA_L1,Amstel_Lata,14,0.0,0.0,0.0,0.0,0.0,16895.39
125,Viamao,VIA_L1,Amstel_Lata,15,0.0,0.0,0.0,0.0,0.0,0.0
125,Viamao,VIA_L1,Pepsi_Black,1,0.0,0.0,0.0,0.0,0.0,41761.85
125,Viamao,VIA_L1,Pepsi_Black,2,0.0,0.0,0.0,0.0,0.0,0.0
125,Viamao,VIA_L1,Pepsi_Black,3,0.0,0.0,0.0,0.0,0.0,0.0
125,Viamao,VIA_L1,Pepsi_Black,4,0.0,0.0,0.0,0.0,0.0,0.0
125,Viamao,VIA_L1,Pepsi_Black,5,0.0,0.0,0.0,0.0,0.0,0.0
125,Viamao,VIA_L1,Pepsi_Black,6,0.0,0.0,0.0,0.0,0.0,8786.96
125,Viamao,VIA_L1,Pepsi_Black,7,0.0,0.0,0.0,0.0,0.0,0.0
125,Viamao,VIA_L1,Pepsi_Black,8,0.0,0.0,0.0,0.0,0.0,3720.14
125,Viamao,VIA_L1,Pepsi_Black,9,0.0,0.0,0.0,0.0,0.0,0.0
125,Viamao,VIA_L1,Pepsi_Black,10,0.0,0.0,0.0,0.0,0.0,0.0
125,Viamao,VIA_L1,Pepsi_Black,11,0.0,0.0,0.0,0.0,0.0,0.0
125,Viamao,VIA_L1,Pepsi_Black,12,0.0,0.0,0.0,0.0,0.0,0.0
125,Viamao,VIA_L1,Pepsi_Black,13,0.0,0.0,0.0,0.0,0.0,0.0
125,Viamao,VIA_L1,Pepsi_Black,14,0.0,0.0,0.0,0.0,0.0,0.0
125,Viamao,VIA_L1,Pepsi_Black,15,0.0,0.0,0.0,0.0,0.0,0.0
125,Viamao,VIA_L1,Del_Valle_Laranja,1,0.0,0.0,0.0,0.0,0.0,0.0
125,Viamao,VIA_L1,Del_Valle_Laranja,2,0.0,0.0,0.0,0.0,0.0,24177.24
125,Viamao,VIA_L1,Del_Valle_Laranja,3,0.0,0.0,0.0,0.0,0.0,10442.18
125,Viamao,VIA_L1,Del_Valle_Laranja,4,0.0,0.0,0.0,0.0,0.0,0.0
125,Viamao,VIA_L1,Del_Valle_Laranja,5,0.0,0.0,0.0,0.0,0.0,58808.34
125,Viamao,VIA_L1,Del_Valle_Laranja,6,0.0,0.0,0.0,0.0,0.0,0.0
125,Viamao,VIA_L1,Del_Valle_Laranja,7,0.0,0.0,0.0,0.0,0.0,0.0
125,Viamao,VIA_L1,Del_Valle_Laranja,8,0.0,0.0,0.0,0.0,0.0,0.0
125,Viamao,VIA_L1,Del_Valle_Laranja,9,0.0,0.0,0.0,0.0,0.0,8969.14
125,Viamao,VIA_L1,Del_Valle_Laranja,10,0.0,0.0,0.0,0.0,0.0,0.0
125,Viamao,VIA_L1,Del_Valle_Laranja,11,0.0,0.0,0.0,0.0,0.0,0.0
125,Viamao,VIA_L1,Del_Valle_Laranja,12,0.0,0.0,0.0,0.0,0.0,0.0
125,Viamao,VIA_L1,Del_Valle_Laranja,13,0.0,0.0,0.0,0.0,0.0,0.0
125,Viamao,VIA_L1,Del_Valle_Laranja,14,0.0,0.0,0.0,0.0,0.0,0.0
125,Viamao,VIA_L1,Del_Valle_Laranja,15,0.0,0.0,0.0,0.0,0.0,47434.81999999999
125,Viamao,VIA_L1,Itubaina,1,0.0,0.0,0.0,0.0,0.0,0.0
125,Viamao,VIA_L1,Itubaina,2,0.0,0.0,0.0,0.0,0.0,0.0
125,Viamao,VIA_L1,Itubaina,3,0.0,0.0,0.0,0.0,0.0,21299.81
125,Viamao,VIA_L1,Itubaina,4,0.0,0.0,0.0,0.0,0.0,7236.65
125,Viamao,VIA_L1,Itubaina,5,0.0,0.0,0.0,0.0,0.0,0.0
125,Viamao,VIA_L1,Itubaina,6,0.0,0.0,0.0,0.0,0.0,0.0
125,Viamao,VIA_L1,Itubaina,7,0.0,0.0,0.0,0.0,0.0,12224.54
125,Viamao,VIA_L1,Itubaina,8,0.0,0.0,0.0,0.0,0.0,0.0
125,Viamao,VIA_L1,Itubaina,9,0.0,0.0,0.0,0.0,0.0,0.0
125,Viamao,VIA_L1,Itubaina,10,0.0,0.0,0.0,0.0,0.0,0.0
125,Viamao,VIA_L1,Itubaina,11,0.0,0.0,0.0,0.0,0.0,0.0
125,Viamao,VIA_L1,Itubaina,12,0.0,0.0,0.0,0.0,0.0,0.0
125,Viamao,VIA_L1,Itubaina,13,0.0,0.0,0.0,0.0,0.0,0.0
125,Viamao,VIA_L1,Itubaina,14,0.0,0.0,15686.5,0.0,0.0,15686.5
125,Viamao,VIA_L1,Itubaina,15,0.0,0.0,0.0,0.0,0.0,0.0
125,Viamao,VIA_L1,Stella_Artois_Pure_Gold,1,0.0,0.0,0.0,0.0,0.0,0.0
125,Viamao,VIA_L1,Stella_Artois_Pure_Gold,2,0.0,0.0,0.0,0.0,0.0,0.0
125,Viamao,VIA_L1,Stella_Artois_Pure_Gold,3,0.0,0.0,0.0,0.0,0.0,1167.79
125,Viamao,VIA_L1,Stella_Artois_Pure_Gold,4,0.0,0.0,0.0,0.0,0.0,0.0
125,Viamao,VIA_L1,Stella_Artois_Pure_Gold,5,0.0,0.0,0.0,0.0,0.0,0.0
125,Viamao,VIA_L1,Stella_Artois_Pure_Gold,6,0.0,0.0,0.0,0.0,0.0,0.0
125,Viamao,VIA_L1,Stella_Artois_Pure_Gold,7,0.0,0.0,0.0,0.0,0.0,0.0
125,Viamao,VIA_L1,Stella_Artois_Pure_Gold,8,0.0,0.0,0.0,0.0,0.0,0.0
125,Viamao,VIA_L1,Stella_Artois_Pure_Gold,9,0.0,0.0,0.0,0.0,0.0,0.0
125,Viamao,VIA_L1,Stella_Artois_Pure_Gold,10,0.0,0.0,0.0,0.0,0.0,0.0
125,Viamao,VIA_L1,Stella_Artois_Pure_Gold,11,0.0,0.0,24334.47,0.0,0.0,24334.47
125,Viamao,VIA_L1,Stella_Artois_Pure_Gold,12,0.0,0.0,0.0,0.0,0.0,0.0
125,Viamao,VIA_L1,Stella_Artois_Pure_Gold,13,0.0,0.0,0.0,0.0,0.0,0.0
125,Viamao,VIA_L1,Stella_Artois_Pure_Gold,14,0.0,0.0,0.0,0.0,0.0,0.0
125,Viamao,VIA_L1,Stella_Artois_Pure_Gold,15,0.0,0.0,29528.06,0.0,0.0,29528.06
125,Viamao,VIA_L1,Maguary_Caju,1,0.0,0.0,0.0,0.0,0.0,0.0
125,Viamao,VIA_L1,Maguary_Caju,2,0.0,0.0,0.0,0.0,0.0,0.0
125,Viamao,VIA_L1,Maguary_Caju,3,0.0,0.0,0.0,0.0,0.0,0.0
125,Viamao,VIA_L1,Maguary_Caju,4,0.0,0.0,0.0,0.0,0.0,13262.73
125,Viamao,VIA_L1,Maguary_Caju,5,36432.0,0.0,0.0,0.0,36432.0,0.0
125,Viamao,VIA_L1,Maguary_Caju,6,12724.2,0.0,0.0,0.0,12724.2,0.0
125,Viamao,VIA_L1,Maguary_Caju,7,0.0,0.0,0.0,0.0,0.0,0.0
125,Viamao,VIA_L1,Maguary_Caju,8,0.0,0.0,0.0,0.0,0.0,0.0
125,Viamao,VIA_L1,Maguary_Caju,9,0.0,0.0,0.0,0.0,0.0,0.0
125,Viamao,VIA_L1,Maguary_Caju,10,0.0,0.0,0.0,0.0,0.0,0.0
125,Viamao,VIA_L1,Maguary_Caju,11,0.0,0.0,0.0,0.0,0.0,0.0
125,Viamao,VIA_L1,Maguary_Caju,12,0.0,0.0,0.0,0.0,0.0,0.0
125,Viamao,VIA_L1,Maguary_Caju,13,0.0,0.0,0.0,0.0,0.0,0.0
125,Viamao,VIA_L1,Maguary_Caju,14,2594.8900000000067,0.0,2594.8900000000067,27871.199999999993,0.0,0.0
125,Viamao,VIA_L1,Maguary_Caju,15,0.0,0.0,0.0,0.0,0.0,0.0
125,Viamao,VIA_L1,Coca_Cola_Zero,1,0.0,0.0,0.0,0.0,0.0,0.0
125,Viamao,VIA_L1,Coca_Cola_Zero,2,0.0,0.0,0.0,0.0,0.0,0.0
125,Viamao,VIA_L1,Coca_Cola_Zero,3,0.0,0.0,0.0,0.0,0.0,0.0
125,Viamao,VIA_L1,Coca_Cola_Zero,4,0.0,0.0,0.0,0.0,0.0,0.0
125,Viamao,VIA_L1,Coca_Cola_Zero,5,0.0,0.0,0.0,0.0,0.0,0.0
125,Viamao,VIA_L1,Coca_Cola_Zero,6,0.0,0.0,0.0,0.0,0.0,0.0
125,Viamao,VIA_L1,Coca_Cola_Zero,7,0.0,0.0,0.0,0.0,0.0,0.0
125,Viamao,VIA_L1,Coca_Cola_Zero,8,0.0,0.0,0.0,0.0,0.0,0.0
125,Viamao,VIA_L1,Coca_Cola_Zero,9,0.0,0.0,0.0,0.0,0.0,0.0
125,Viamao,VIA_L1,Coca_Cola_Zero,10,0.0,0.0,0.0,0.0,0.0,0.0
125,Viamao,VIA_L1,Coca_Cola_Zero,11,0.0,0.0,0.0,0.0,0.0,0.0
125,Viamao,VIA_L1,Coca_Cola_Zero,12,0.0,0.0,0.0,0.0,0.0,41276.99
125,Viamao,VIA_L1,Coca_Cola_Zero,13,0.0,0.0,0.0,0.0,0.0,4808.26
125,Viamao,VIA_L1,Coca_Cola_Zero,14,0.0,0.0,0.0,0.0,0.0,15122.04
125,Viamao,VIA_L1,Coca_Cola_Zero,15,0.0,0.0,0.0,0.0,0.0,0.0
125,Viamao,VIA_L1,Pepsi,1,0.0,0.0,0.0,0.0,0.0,0.0
125,Viamao,VIA_L1,Pepsi,2,0.0,0.0,0.0,0.0,0.0,0.0
125,Viamao,VIA_L1,Pepsi,3,0.0,0.0,0.0,0.0,0.0,0.0
125,Viamao,VIA_L1,Pepsi,4,0.0,0.0,0.0,0.0,0.0,0.0
125,Viamao,VIA_L1,Pepsi,5,0.0,0.0,0.0,0.0,0.0,0.0
125,Viamao,VIA_L1,Pepsi,6,0.0,0.0,0.0,0.0,0.0,0.0
125,Viamao,VIA_L1,Pepsi,7,0.0,0.0,0.0,0.0,0.0,0.0
125,Viamao,VIA_L1,Pepsi,8,0.0,0.0,5486.59,0.0,0.0,5486.59
125,Viamao,VIA_L1,Pepsi,9,0.0,0.0,0.0,0.0,0.0,0.0
125,Viamao,VIA_L1,Pepsi,10,0.0,0.0,0.0,0.0,0.0,0.0
125,Viamao,VIA_L1,Pepsi,11,0.0,0.0,0.0,0.0,0.0,0.0
125,Viamao,VIA_L1,Pepsi,12,0.0,0.0,0.0,0.0,0.0,0.0
125,Viamao,VIA_L1,Pepsi,13,0.0,0.0,0.0,0.0,0.0,0.0
125,Viamao,VIA_L1,Pepsi,14,0.0,0.0,0.0,0.0,0.0,0.0
125,Viamao,VIA_L1,Pepsi,15,0.0,0.0,0.0,0.0,0.0,0.0
125,Viamao,VIA_L1,Antarctica_Lata,1,0.0,0.0,0.0,0.0,0.0,0.0
125,Viamao,VIA_L1,Antarctica_Lata,2,0.0,0.0,0.0,0.0,0.0,0.0
125,Viamao,VIA_L1,Antarctica_Lata,3,0.0,0.0,0.0,0.0,0.0,0.0
125,Viamao,VIA_L1,Antarctica_Lata,4,0.0,0.0,0.0,0.0,0.0,0.0
125,Viamao,VIA_L1,Antarctica_Lata,5,0.0,0.0,0.0,0.0,0.0,0.0
125,Viamao,VIA_L1,Antarctica_Lata,6,0.0,0.0,0.0,0.0,0.0,0.0
125,Viamao,VIA_L1,Antarctica_Lata,7,0.0,0.0,0.0,0.0,0.0,0.0
125,Viamao,VIA_L1,Antarctica_Lata,8,0.0,0.0,0.0,0.0,0.0,0.0
125,Viamao,VIA_L1,Antarctica_Lata,9,0.0,0.0,0.0,0.0,0.0,10598.649999999996
125,Viamao,VIA_L1,Antarctica_Lata,10,0.0,0.0,0.0,0.0,0.0,0.0
125,Viamao,VIA_L1,Antarctica_Lata,11,0.0,0.0,0.0,0.0,0.0,0.0
125,Viamao,VIA_L1,Antarctica_Lata,12,0.0,0.0,0.0,0.0,0.0,0.0
125,Viamao,VIA_L1,Antarctica_Lata,13,0.0,0.0,0.0,0.0,0.0,0.0
125,Viamao,VIA_L1,Antarctica_Lata,14,0.0,0.0,0.0,0.0,0.0,0.0
125,Viamao,VIA_L1,Antarctica_Lata,15,0.0,0.0,0.0,0.0,0.0,0.0
125,Viamao,VIA_L1,Spaten_Lata,1,38592.0,0.0,0.0,0.0,78528.0,24529.34
125,Viamao,VIA_L1,Spaten_Lata,2,39228.35,0.0,0.0,0.0,39228.35,0.0
125,Viamao,VIA_L1,Spaten_Lata,3,35793.670000000006,0.0,0.0,0.0,35793.670000000006,21740.2
125,Viamao,VIA_L1,Spaten_Lata,4,38208.0,0.0,33694.69,0.0,5110.959999999995,13256.81
125,Viamao,VIA_L1,Spaten_Lata,5,0.0,0.0,0.0,0.0,0.0,0.0
125,Viamao,VIA_L1,Spaten_Lata,6,28939.800000000003,0.0,0.0,0.0,28939.800000000003,0.0
125,Viamao,VIA_L1,Spaten_Lata,7,37872.0,0.0,0.0,0.0,37872.0,2807.2
125,Viamao,VIA_L1,Spaten_Lata,8,40464.0,0.0,0.0,0.0,40463.99999999999,0.0
125,Viamao,VIA_L1,Spaten_Lata,9,39240.0,0.0,54907.75,0.0,31242.340000000037,15667.75
125,Viamao,VIA_L1,Spaten_Lata,10,26253.9,0.0,0.0,0.0,26253.9,0.0
125,Viamao,VIA_L1,Spaten_Lata,11,35856.0,0.0,0.0,0.0,58257.59000000001,0.0
125,Viamao,VIA_L1,Spaten_Lata,12,32557.34,0.0,0.0,0.0,32557.34,0.0
125,Viamao,VIA_L1,Spaten_Lata,13,24183.48,0.0,0.0,0.0,24183.48,0.0
125,Viamao,VIA_L1,Spaten_Lata,14,34797.10999999999,0.0,0.0,0.0,34797.10999999999,0.0
125,Viamao,VIA_L1,Spaten_Lata,15,37128.0,0.0,0.0,0.0,43299.6,0.0
125,Viamao,VIA_L1,Heineken_Lata,1,0.0,0.0,0.0,0.0,0.0,0.0
125,Viamao,VIA_L1,Heineken_Lata,2,0.0,0.0,0.0,0.0,0.0,0.0
125,Viamao,VIA_L1,Heineken_Lata,3,0.0,0.0,17848.21,0.0,0.0,17848.21
125,Viamao,VIA_L1,Heineken_Lata,4,0.0,0.0,0.0,0.0,0.0,0.0
125,Viamao,VIA_L1,Heineken_Lata,5,0.0,0.0,0.0,0.0,0.0,2745.36
125,Viamao,VIA_L1,Heineken_Lata,6,0.0,0.0,0.0,0.0,0.0,27947.58
125,Viamao,VIA_L1,Heineken_Lata,7,0.0,0.0,0.0,0.0,0.0,0.0
125,Viamao,VIA_L1,Heineken_Lata,8,0.0,0.0,0.0,0.0,0.0,0.0
125,Viamao,VIA_L1,Heineken_Lata,9,0.0,0.0,0.0,0.0,0.0,0.0
125,Viamao,VIA_L1,Heineken_Lata,10,0.0,0.0,0.0,0.0,0.0,0.0
125,Viamao,VIA_L1,Heineken_Lata,11,0.0,0.0,0.0,0.0,0.0,0.0
125,Viamao,VIA_L1,Heineken_Lata,12,0.0,0.0,0.0,0.0,0.0,0.0
125,Viamao,VIA_L1,Heineken_Lata,13,0.0,0.0,0.0,0.0,0.0,1077.26
125,Viamao,VIA_L1,Heineken_Lata,14,0.0,0.0,0.0,0.0,0.0,0.0
125,Viamao,VIA_L1,Heineken_Lata,15,0.0,0.0,0.0,0.0,0.0,0.0
125,Viamao,VIA_L1,Sukita_Laranja,1,0.0,0.0,0.0,29402.35,0.0,0.0
125,Viamao,VIA_L1,Sukita_Laranja,2,0.0,0.0,0.0,0.0,0.0,0.0
125,Viamao,VIA_L1,Sukita_Laranja,3,0.0,0.0,0.0,0.0,0.0,0.0
125,Viamao,VIA_L1,Sukita_Laranja,4,0.0,0.0,0.0,0.0,0.0,0.0
125,Viamao,VIA_L1,Sukita_Laranja,5,0.0,0.0,0.0,0.0,0.0,0.0
125,Viamao,VIA_L1,Sukita_Laranja,6,0.0,0.0,10767.49,0.0,0.0,10767.49
125,Viamao,VIA_L1,Sukita_Laranja,7,0.0,0.0,0.0,0.0,0.0,0.0
125,Viamao,VIA_L1,Sukita_Laranja,8,0.0,0.0,0.0,0.0,0.0,0.0
125,Viamao,VIA_L1,Sukita_Laranja,9,0.0,0.0,0.0,0.0,0.0,0.0
125,Viamao,VIA_L1,Sukita_Laranja,10,0.0,0.0,0.0,0.0,0.0,0.0
125,Viamao,VIA_L1,Sukita_Laranja,11,0.0,0.0,0.0,0.0,0.0,0.0
125,Viamao,VIA_L1,Sukita_Laranja,12,0.0,0.0,0.0,0.0,0.0,0.0
125,Viamao,VIA_L1,Sukita_Laranja,13,0.0,0.0,0.0,0.0,0.0,0.0
125,Viamao,VIA_L1,Sukita_Laranja,14,0.0,0.0,0.0,0.0,0.0,0.0
125,Viamao,VIA_L1,Sukita_Laranja,15,0.0,0.0,0.0,0.0,0.0,0.0
125,Viamao,VIA_L1,H2OH_Limao,1,0.0,0.0,0.0,0.0,0.0,0.0
125,Viamao,VIA_L1,H2OH_Limao,2,0.0,0.0,0.0,0.0,20734.1,0.0
125,Viamao,VIA_L1,H2OH_Limao,3,0.0,0.0,0.0,0.0,14033.660000000005,0.0
125,Viamao,VIA_L1,H2OH_Limao,4,0.0,0.0,0.0,0.0,13946.660000000002,0.0
125,Viamao,VIA_L1,H2OH_Limao,5,0.0,0.0,0.0,0.0,34170.12,0.0
125,Viamao,VIA_L1,H2OH_Limao,6,0.0,0.0,0.0,0.0,0.0,0.0
125,Viamao,VIA_L1,H2OH_Limao,7,0.0,0.0,0.0,0.0,0.0,0.0
125,Viamao,VIA_L1,H2OH_Limao,8,0.0,0.0,0.0,0.0,0.0,42967.080000000016
125,Viamao,VIA_L1,H2OH_Limao,9,0.0,0.0,0.0,0.0,0.0,0.0
125,Viamao,VIA_L1,H2OH_Limao,10,0.0,0.0,0.0,0.0,0.0,0.0
125,Viamao,VIA_L1,H2OH_Limao,11,0.0,0.0,0.0,0.0,16286.409999999996,0.0
125,Viamao,VIA_L1,H2OH_Limao,12,0.0,0.0,0.0,0.0,0.0,0.0
125,Viamao,VIA_L1,H2OH_Limao,13,0.0,0.0,0.0,0.0,0.0,0.0
125,Viamao,VIA_L1,H2OH_Limao,14,0.0,0.0,0.0,0.0,0.0,0.0
125,Viamao,VIA_L1,H2OH_Limao,15,0.0,0.0,0.0,0.0,0.0,0.0
125,Viamao,VIA_L1,Budweiser_Lata,1,0.0,0.0,0.0,0.0,0.0,0.0
125,Viamao,VIA_L1,Budweiser_Lata,2,0.0,0.0,29475.88,0.0,0.0,29475.88
125,Viamao,VIA_L1,Budweiser_Lata,3,0.0,0.0,0.0,0.0,0.0,0.0
125,Viamao,VIA_L1,Budweiser_Lata,4,0.0,0.0,0.0,0.0,0.0,29450.85
125,Viamao,VIA_L1,Budweiser_Lata,5,0.0,0.0,0.0,0.0,0.0,0.0
125,Viamao,VIA_L1,Budweiser_Lata,6,0.0,0.0,0.0,0.0,0.0,0.0
125,Viamao,VIA_L1,Budweiser_Lata,7,0.0,0.0,0.0,0.0,0.0,0.0
125,Viamao,VIA_L1,Budweiser_Lata,8,0.0,0.0,0.0,0.0,0.0,0.0
125,Viamao,VIA_L1,Budweiser_Lata,9,0.0,0.0,0.0,0.0,0.0,0.0
125,Viamao,VIA_L1,Budweiser_Lata,10,0.0,0.0,0.0,0.0,0.0,0.0
125,Viamao,VIA_L1,Budweiser_Lata,11,0.0,0.0,0.0,0.0,0.0,0.0
125,Viamao,VIA_L1,Budweiser_Lata,12,0.0,0.0,0.0,0.0,0.0,0.0
125,Viamao,VIA_L1,Budweiser_Lata,13,0.0,0.0,0.0,0.0,0.0,0.0
125,Viamao,VIA_L1,Budweiser_Lata,14,0.0,0.0,0.0,0.0,0.0,0.0
125,Viamao,VIA_L1,Budweiser_Lata,15,0.0,0.0,0.0,0.0,0.0,0.0
125,Viamao,VIA_L1,Kuat,1,0.0,0.0,0.0,0.0,31670.230000000003,0.0
125,Viamao,VIA_L1,Kuat,2,0.0,0.0,0.0,0.0,6012.59,0.0
125,Viamao,VIA_L1,Kuat,3,0.0,0.0,0.0,0.0,0.0,0.0
125,Viamao,VIA_L1,Kuat,4,0.0,0.0,0.0,0.0,0.0,0.0
125,Viamao,VIA_L1,Kuat,5,0.0,0.0,0.0,0.0,0.0,0.0
125,Viamao,VIA_L1,Kuat,6,0.0,0.0,0.0,0.0,0.0,21684.13
125,Viamao,VIA_L1,Kuat,7,0.0,0.0,0.0,0.0,0.0,11250.939999999999
125,Viamao,VIA_L1,Kuat,8,0.0,0.0,0.0,0.0,0.0,0.0
125,Viamao,VIA_L1,Kuat,9,0.0,0.0,0.0,0.0,0.0,0.0
125,Viamao,VIA_L1,Kuat,10,0.0,0.0,0.0,0.0,0.0,0.0
125,Viamao,VIA_L1,Kuat,11,0.0,0.0,0.0,0.0,0.0,0.0
125,Viamao,VIA_L1,Kuat,12,0.0,0.0,0.0,0.0,0.0,0.0
125,Viamao,VIA_L1,Kuat,13,0.0,0.0,0.0,0.0,0.0,13314.64
125,Viamao,VIA_L1,Kuat,14,0.0,0.0,0.0,0.0,0.0,0.0
125,Viamao,VIA_L1,Kuat,15,0.0,0.0,0.0,0.0,16864.819999999996,0.0
125,Viamao,VIA_L1,Fanta_Uva,1,0.0,0.0,5168.95,0.0,0.0,5168.95
125,Viamao,VIA_L1,Fanta_Uva,2,0.0,0.0,0.0,0.0,0.0,0.0
125,Viamao,VIA_L1,Fanta_Uva,3,0.0,0.0,0.0,0.0,0.0,0.0
125,Viamao,VIA_L1,Fanta_Uva,4,0.0,0.0,0.0,0.0,0.0,0.0
125,Viamao,VIA_L1,Fanta_Uva,5,0.0,0.0,0.0,0.0,0.0,0.0
125,Viamao,VIA_L1,Fanta_Uva,6,0.0,0.0,0.0,0.0,0.0,0.0
125,Viamao,VIA_L1,Fanta_Uva,7,0.0,0.0,0.0,0.0,0.0,0.0
125,Viamao,VIA_L1,Fanta_Uva,8,0.0,0.0,0.0,0.0,0.0,0.0
125,Viamao,VIA_L1,Fanta_Uva,9,0.0,0.0,0.0,0.0,0.0,0.0
125,Viamao,VIA_L1,Fanta_Uva,10,0.0,0.0,0.0,0.0,0.0,0.0
125,Viamao,VIA_L1,Fanta_Uva,11,0.0,0.0,0.0,0.0,0.0,0.0
125,Viamao,VIA_L1,Fanta_Uva,12,0.0,0.0,0.0,0.0,0.0,0.0
125,Viamao,VIA_L1,Fanta_Uva,13,12896.52,0.0,41436.86,3952.0699999999997,0.0,28540.339999999993
125,Viamao,VIA_L1,Fanta_Uva,14,0.0,0.0,0.0,0.0,0.0,0.0
125,Viamao,VIA_L1,Fanta_Uva,15,0.0,0.0,0.0,0.0,0.0,0.0
125,Viamao,VIA_L1,Sprite,1,0.0,0.0,0.0,0.0,0.0,0.0
125,Viamao,VIA_L1,Sprite,2,35.65000000000441,0.0,0.0,0.0,35.65000000000441,0.0
125,Viamao,VIA_L1,Sprite,3,5078.329999999991,0.0,0.0,0.0,5078.329999999991,0.0
125,Viamao,VIA_L1,Sprite,4,0.0,0.0,0.0,0.0,0.0,0.0
125,Viamao,VIA_L1,Sprite,5,0.0,0.0,8990.08,0.0,0.0,8990.08
125,Viamao,VIA_L1,Sprite,6,0.0,0.0,0.0,0.0,0.0,0.0
125,Viamao,VIA_L1,Sprite,7,0.0,0.0,0.0,0.0,0.0,0.0
125,Viamao,VIA_L1,Sprite,8,0.0,0.0,0.0,0.0,0.0,0.0
125,Viamao,VIA_L1,Sprite,9,0.0,0.0,0.0,0.0,0.0,0.0
125,Viamao,VIA_L1,Sprite,10,13514.099999999999,0.0,0.0,0.0,13514.099999999999,0.0
125,Viamao,VIA_L1,Sprite,11,0.0,0.0,0.0,0.0,0.0,0.0
125,Viamao,VIA_L1,Sprite,12,5386.659999999999,0.0,0.0,0.0,5386.659999999999,0.0
125,Viamao,VIA_L1,Sprite,13,0.0,0.0,0.0,0.0,0.0,0.0
125,Viamao,VIA_L1,Sprite,14,0.0,0.0,0.0,0.0,0.0,0.0
125,Viamao,VIA_L1,Sprite,15,0.0,0.0,0.0,0.0,0.0,0.0
125,Viamao,VIA_L1,Skol_Lata,1,0.0,0.0,0.0,0.0,0.0,0.0
125,Viamao,VIA_L1,Skol_Lata,2,0.0,0.0,0.0,0.0,0.0,0.0
125,Viamao,VIA_L1,Skol_Lata,3,0.0,0.0,0.0,0.0,0.0,0.0
125,Viamao,VIA_L1,Skol_Lata,4,0.0,0.0,0.0,0.0,0.0,0.0
125,Viamao,VIA_L1,Skol_Lata,5,0.0,0.0,0.0,0.0,0.0,0.0
125,Viamao,VIA_L1,Skol_Lata,6,0.0,0.0,4123.48,0.0,0.0,4123.48
125,Viamao,VIA_L1,Skol_Lata,7,0.0,0.0,0.0,0.0,0.0,0.0
125,Viamao,VIA_L1,Skol_Lata,8,0.0,0.0,0.0,0.0,0.0,0.0
125,Viamao,VIA_L1,Skol_Lata,9,0.0,0.0,0.0,0.0,0.0,0.0
125,Viamao,VIA_L1,Skol_Lata,10,0.0,0.0,0.0,0.0,0.0,0.0
125,Viamao,VIA_L1,Skol_Lata,11,0.0,0.0,0.0,0.0,0.0,0.0
125,Viamao,VIA_L1,Skol_Lata,12,0.0,0.0,0.0,0.0,0.0,0.0
125,Viamao,VIA_L1,Skol_Lata,13,0.0,0.0,0.0,0.0,0.0,0.0
125,Viamao,VIA_L1,Skol_Lata,14,0.0,0.0,0.0,0.0,0.0,0.0
125,Viamao,VIA_L1,Skol_Lata,15,0.0,0.0,0.0,0.0,0.0,0.0
125,Viamao,VIA_L1,Guarana_Antarctica,1,0.0,0.0,0.0,0.0,0.0,0.0
125,Viamao,VIA_L1,Guarana_Antarctica,2,0.0,0.0,0.0,0.0,0.0,0.0
125,Viamao,VIA_L1,Guarana_Antarctica,3,0.0,0.0,0.0,17980.25,0.0,0.0
125,Viamao,VIA_L1,Guarana_Antarctica,4,0.0,0.0,0.0,0.0,0.0,0.0
125,Viamao,VIA_L1,Guarana_Antarctica,5,0.0,0.0,0.0,0.0,0.0,0.0
125,Viamao,VIA_L1,Guarana_Antarctica,6,0.0,0.0,0.0,0.0,0.0,0.0
125,Viamao,VIA_L1,Guarana_Antarctica,7,0.0,0.0,0.0,0.0,0.0,0.0
125,Viamao,VIA_L1,Guarana_Antarctica,8,0.0,0.0,0.0,0.0,0.0,0.0
125,Viamao,VIA_L1,Guarana_Antarctica,9,0.0,0.0,0.0,0.0,0.0,0.0
125,Viamao,VIA_L1,Guarana_Antarctica,10,0.0,0.0,0.0,0.0,0.0,0.0
125,Viamao,VIA_L1,Guarana_Antarctica,11,0.0,0.0,21015.980000000007,304.1699999999946,0.0,21015.980000000007
125,Viamao,VIA_L1,Guarana_Antarctica,12,0.0,0.0,0.0,0.0,0.0,3472.270000000004
125,Viamao,VIA_L1,Guarana_Antarctica,13,0.0,0.0,0.0,0.0,0.0,0.0
125,Viamao,VIA_L1,Guarana_Antarctica,14,0.0,0.0,0.0,0.0,0.0,0.0
125,Viamao,VIA_L1,Guarana_Antarctica,15,0.0,0.0,0.0,0.0,0.0,0.0
125,Viamao,VIA_L1,Guarana_Antarctica_Zero,1,0.0,0.0,0.0,0.0,0.0,0.0
125,Viamao,VIA_L1,Guarana_Antarctica_Zero,2,0.0,0.0,0.0,0.0,0.0,0.0
125,Viamao,VIA_L1,Guarana_Antarctica_Zero,3,0.0,0.0,0.0,0.0,0.0,0.0
125,Viamao,VIA_L1,Guarana_Antarctica_Zero,4,0.0,0.0,0.0,0.0,0.0,0.0
125,Viamao,VIA_L1,Guarana_Antarctica_Zero,5,0.0,0.0,0.0,0.0,0.0,0.0
125,Viamao,VIA_L1,Guarana_Antarctica_Zero,6,0.0,0.0,0.0,0.0,0.0,0.0
125,Viamao,VIA_L1,Guarana_Antarctica_Zero,7,0.0,0.0,0.0,0.0,0.0,0.0
125,Viamao,VIA_L1,Guarana_Antarctica_Zero,8,0.0,0.0,0.0,0.0,0.0,0.0
125,Viamao,VIA_L1,Guarana_Antarctica_Zero,9,0.0,0.0,0.0,0.0,0.0,12258.88
125,Viamao,VIA_L1,Guarana_Antarctica_Zero,10,0.0,0.0,24882.34,0.0,0.0,24882.339999999997
125,Viamao,VIA_L1,Guarana_Antarctica_Zero,11,0.0,0.0,0.0,0.0,0.0,0.0
125,Viamao,VIA_L1,Guarana_Antarctica_Zero,12,0.0,0.0,0.0,0.0,0.0,0.0
125,Viamao,VIA_L1,Guarana_Antarctica_Zero,13,0.0,0.0,0.0,0.0,0.0,0.0
125,Viamao,VIA_L1,Guarana_Antarctica_Zero,14,0.0,0.0,0.0,0.0,0.0,0.0
125,Viamao,VIA_L1,Guarana_Antarctica_Zero,15,0.0,0.0,0.0,0.0,0.0,0.0
125,Viamao,VIA_L1,Del_Valle_Uva,1,0.0,0.0,0.0,0.0,0.0,4059.8600000000024
125,Viamao,VIA_L1,Del_Valle_Uva,2,0.0,0.0,0.0,0.0,0.0,0.0
125,Viamao,VIA_L1,Del_Valle_Uva,3,0.0,0.0,0.0,0.0,0.0,0.0
125,Viamao,VIA_L1,Del_Valle_Uva,4,0.0,0.0,0.0,0.0,0.0,0.0
125,Viamao,VIA_L1,Del_Valle_Uva,5,0.0,0.0,0.0,0.0,0.0,0.0
125,Viamao,VIA_L1,Del_Valle_Uva,6,0.0,0.0,0.0,0.0,0.0,0.0
125,Viamao,VIA_L1,Del_Valle_Uva,7,0.0,0.0,0.0,0.0,0.0,0.0
125,Viamao,VIA_L1,Del_Valle_Uva,8,0.0,0.0,0.0,0.0,0.0,0.0
125,Viamao,VIA_L1,Del_Valle_Uva,9,0.0,0.0,0.0,0.0,0.0,0.0
125,Viamao,VIA_L1,Del_Valle_Uva,10,0.0,0.0,0.0,0.0,0.0,0.0
125,Viamao,VIA_L1,Del_Valle_Uva,11,0.0,0.0,0.0,0.0,0.0,0.0
125,Viamao,VIA_L1,Del_Valle_Uva,12,0.0,0.0,0.0,0.0,0.0,0.0
125,Viamao,VIA_L1,Del_Valle_Uva,13,0.0,0.0,0.0,0.0,0.0,0.0
125,Viamao,VIA_L1,Del_Valle_Uva,14,0.0,0.0,0.0,0.0,0.0,0.0
125,Viamao,VIA_L1,Del_Valle_Uva,15,0.0,0.0,0.0,10531.21,0.0,28191.120000000003
125,Viamao,VIA_L1,Brahma_Lata,1,0.0,0.0,0.0,0.0,0.0,0.0
125,Viamao,VIA_L1,Brahma_Lata,2,0.0,0.0,0.0,0.0,0.0,0.0
125,Viamao,VIA_L1,Brahma_Lata,3,0.0,0.0,0.0,0.0,0.0,0.0
125,Viamao,VIA_L1,Brahma_Lata,4,0.0,0.0,0.0,0.0,0.0,0.0
125,Viamao,VIA_L1,Brahma_Lata,5,0.0,0.0,0.0,0.0,0.0,0.0
125,Viamao,VIA_L1,Brahma_Lata,6,0.0,0.0,0.0,0.0,0.0,0.0
125,Viamao,VIA_L1,Brahma_Lata,7,0.0,0.0,0.0,0.0,0.0,0.0
125,Viamao,VIA_L1,Brahma_Lata,8,0.0,0.0,0.0,0.0,0.0,0.0
125,Viamao,VIA_L1,Brahma_Lata,9,0.0,0.0,0.0,0.0,0.0,0.0
125,Viamao,VIA_L1,Brahma_Lata,10,0.0,0.0,0.0,0.0,0.0,12860.71
125,Viamao,VIA_L1,Brahma_Lata,11,0.0,0.0,0.0,0.0,0.0,0.0
125,Viamao,VIA_L1,Brahma_Lata,12,0.0,0.0,0.0,0.0,0.0,0.0
125,Viamao,VIA_L1,Brahma_Lata,13,0.0,0.0,0.0,0.0,0.0,0.0
125,Viamao,VIA_L1,Brahma_Lata,14,0.0,0.0,0.0,0.0,0.0,0.0
125,Viamao,VIA_L1,Brahma_Lata,15,0.0,0.0,0.0,0.0,0.0,0.0
125,Viamao,VIA_L1,Itaipava_Lata,1,0.0,0.0,0.0,0.0,0.0,0.0
125,Viamao,VIA_L1,Itaipava_Lata,2,0.0,0.0,0.0,20258.3,0.0,0.0
125,Viamao,VIA_L1,Itaipava_Lata,3,0.0,0.0,0.0,0.0,0.0,0.0
125,Viamao,VIA_L1,Itaipava_Lata,4,0.0,0.0,0.0,0.0,29710.630000000016,0.0
125,Viamao,VIA_L1,Itaipava_Lata,5,0.0,0.0,0.0,0.0,28847.61,0.0
125,Viamao,VIA_L1,Itaipava_Lata,6,0.0,0.0,0.0,0.0,0.0,0.0
125,Viamao,VIA_L1,Itaipava_Lata,7,0.0,0.0,4817.26,20476.409999999996,15082.34,4817.26
125,Viamao,VIA_L1,Itaipava_Lata,8,0.0,0.0,0.0,0.0,16769.859999999997,0.0
125,Viamao,VIA_L1,Itaipava_Lata,9,0.0,0.0,0.0,0.0,0.0,0.0
125,Viamao,VIA_L1,Itaipava_Lata,10,0.0,0.0,0.0,23145.13,0.0,0.0
125,Viamao,VIA_L1,Itaipava_Lata,11,0.0,0.0,0.0,0.0,0.0,9186.24000000002
125,Viamao,VIA_L1,Itaipava_Lata,12,0.0,0.0,0.0,0.0,10654.850000000006,0.0
125,Viamao,VIA_L1,Itaipava_Lata,13,0.0,0.0,0.0,0.0,0.0,0.0
125,Viamao,VIA_L1,Itaipava_Lata,14,0.0,0.0,0.0,0.0,0.0,0.0
125,Viamao,VIA_L1,Itaipava_Lata,15,0.0,0.0,0.0,0.0,29821.3,0.0
125,Viamao,VIA_L2,Maguary_Maracuja,1,0.0,0.0,0.0,0.0,0.0,0.0
125,Viamao,VIA_L2,Maguary_Maracuja,2,0.0,0.0,0.0,0.0,0.0,0.0
125,Viamao,VIA_L2,Maguary_Maracuja,3,0.0,0.0,0.0,0.0,0.0,7783.590000000044
125,Viamao,VIA_L2,Maguary_Maracuja,4,0.0,0.0,0.0,0.0,0.0,34934.83
125,Viamao,VIA_L2,Maguary_Maracuja,5,0.0,0.0,0.0,0.0,7783.590000000044,0.0
125,Viamao,VIA_L2,Maguary_Maracuja,6,0.0,0.0,0.0,0.0,0.0,16092.12
125,Viamao,VIA_L2,Maguary_Maracuja,7,0.0,0.0,0.0,0.0,0.0,13850.41
125,Viamao,VIA_L2,Maguary_Maracuja,8,0.0,0.0,0.0,0.0,0.0,0.0
125,Viamao,VIA_L2,Maguary_Maracuja,9,0.0,0.0,0.0,0.0,0.0,0.0
125,Viamao,VIA_L2,Maguary_Maracuja,10,0.0,0.0,0.0,0.0,0.0,0.0
125,Viamao,VIA_L2,Maguary_Maracuja,11,0.0,0.0,0.0,0.0,0.0,0.0
125,Viamao,VIA_L2,Maguary_Maracuja,12,0.0,0.0,0.0,0.0,0.0,0.0
125,Viamao,VIA_L2,Maguary_Maracuja,13,0.0,0.0,0.0,0.0,0.0,0.0
125,Viamao,VIA_L2,Maguary_Maracuja,14,0.0,0.0,0.0,0.0,0.0,0.0
125,Viamao,VIA_L2,Maguary_Maracuja,15,0.0,0.0,0.0,0.0,0.0,0.0
125,Viamao,VIA_L2,Fanta_Laranja,1,0.0,0.0,0.0,0.0,0.0,0.0
125,Viamao,VIA_L2,Fanta_Laranja,2,0.0,0.0,0.0,0.0,0.0,1926.7100000000064
125,Viamao,VIA_L2,Fanta_Laranja,3,0.0,0.0,0.0,0.0,37535.99999999999,15682.91
125,Viamao,VIA_L2,Fanta_Laranja,4,0.0,0.0,0.0,0.0,9337.369999999992,0.0
125,Viamao,VIA_L2,Fanta_Laranja,5,0.0,0.0,0.0,0.0,9840.39,0.0
125,Viamao,VIA_L2,Fanta_Laranja,6,0.0,0.0,0.0,0.0,37056.0,0.0
125,Viamao,VIA_L2,Fanta_Laranja,7,0.0,0.0,0.0,0.0,23221.66,0.0
125,Viamao,VIA_L2,Fanta_Laranja,8,0.0,0.0,0.0,0.0,21826.78999999996,0.0
125,Viamao,VIA_L2,Fanta_Laranja,9,0.0,0.0,0.0,0.0,35685.13,0.0
125,Viamao,VIA_L2,Fanta_Laranja,10,0.0,0.0,0.0,0.0,45118.220000000045,0.0
125,Viamao,VIA_L2,Fanta_Laranja,11,0.0,0.0,0.0,0.0,37008.0,0.0
125,Viamao,VIA_L2,Fanta_Laranja,12,0.0,0.0,0.0,0.0,18141.35,0.0
125,Viamao,VIA_L2,Fanta_Laranja,13,0.0,0.0,0.0,0.0,15055.699999999999,0.0
125,Viamao,VIA_L2,Fanta_Laranja,14,0.0,0.0,0.0,0.0,10771.68,0.0
125,Viamao,VIA_L2,Fanta_Laranja,15,0.0,0.0,0.0,0.0,11530.699999999999,0.0
125,Viamao,VIA_L2,Schweppes_Citrus,1,0.0,0.0,0.0,0.0,0.0,14368.05
125,Viamao,VIA_L2,Schweppes_Citrus,2,12325.310000000001,0.0,0.0,0.0,12325.310000000001,0.0
125,Viamao,VIA_L2,Schweppes_Citrus,3,27342.339999999997,0.0,0.0,0.0,27342.339999999997,0.0
125,Viamao,VIA_L2,Schweppes_Citrus,4,24191.690000000002,0.0,0.0,0.0,24191.690000000002,0.0
125,Viamao,VIA_L2,Schweppes_Citrus,5,2981.8799999999974,0.0,0.0,0.0,2981.8799999999974,35238.28
125,Viamao,VIA_L2,Schweppes_Citrus,6,17476.900000000016,2010.6500000000015,0.0,0.0,15466.250000000015,0.0
125,Viamao,VIA_L2,Schweppes_Citrus,7,44040.0,0.0,0.0,0.0,46050.65,21028.27
125,Viamao,VIA_L2,Schweppes_Citrus,8,0.0,0.0,0.0,0.0,0.0,0.0
125,Viamao,VIA_L2,Schweppes_Citrus,9,0.0,0.0,0.0,0.0,0.0,0.0
125,Viamao,VIA_L2,Schweppes_Citrus,10,0.0,0.0,0.0,0.0,0.0,0.0
125,Viamao,VIA_L2,Schweppes_Citrus,11,0.0,0.0,0.0,0.0,0.0,0.0
125,Viamao,VIA_L2,Schweppes_Citrus,12,20032.45000000001,20032.45000000001,0.0,0.0,0.0,0.0
125,Viamao,VIA_L2,Schweppes_Citrus,13,8962.879999999997,0.0,0.0,0.0,28995.33000000001,0.0
125,Viamao,VIA_L2,Schweppes_Citrus,14,36576.0,0.0,10735.31,0.0,25840.690000000002,0.0
125,Viamao,VIA_L2,Schweppes_Citrus,15,16203.580000000002,0.0,0.0,0.0,16203.580000000002,0.0
125,Viamao,VIA_L2,Sprite_Zero,1,0.0,0.0,0.0,0.0,0.0,4929.67
125,Viamao,VIA_L2,Sprite_Zero,2,0.0,0.0,0.0,0.0,0.0,0.0
125,Viamao,VIA_L2,Sprite_Zero,3,0.0,0.0,0.0,0.0,0.0,0.0
125,Viamao,VIA_L2,Sprite_Zero,4,0.0,0.0,0.0,0.0,0.0,0.0
125,Viamao,VIA_L2,Sprite_Zero,5,0.0,0.0,0.0,0.0,0.0,0.0
125,Viamao,VIA_L2,Sprite_Zero,6,0.0,0.0,0.0,0.0,0.0,0.0
125,Viamao,VIA_L2,Sprite_Zero,7,0.0,0.0,0.0,0.0,0.0,0.0
125,Viamao,VIA_L2,Sprite_Zero,8,0.0,0.0,0.0,0.0,0.0,0.0
125,Viamao,VIA_L2,Sprite_Zero,9,0.0,0.0,0.0,0.0,0.0,0.0
125,Viamao,VIA_L2,Sprite_Zero,10,0.0,0.0,0.0,0.0,0.0,0.0
125,Viamao,VIA_L2,Sprite_Zero,11,0.0,0.0,0.0,0.0,0.0,0.0
125,Viamao,VIA_L2,Sprite_Zero,12,0.0,0.0,0.0,0.0,0.0,0.0
125,Viamao,VIA_L2,Sprite_Zero,13,0.0,0.0,0.0,0.0,0.0,0.0
125,Viamao,VIA_L2,Sprite_Zero,14,0.0,0.0,0.0,0.0,0.0,0.0
125,Viamao,VIA_L2,Sprite_Zero,15,0.0,0.0,0.0,0.0,0.0,0.0
125,Viamao,VIA_L2,Eisenbahn_Pilsen,1,0.0,0.0,0.0,0.0,0.0,0.0
125,Viamao,VIA_L2,Eisenbahn_Pilsen,2,0.0,0.0,25715.43,0.0,0.0,25715.43
125,Viamao,VIA_L2,Eisenbahn_Pilsen,3,0.0,0.0,14947.6,0.0,0.0,14947.6
125,Viamao,VIA_L2,Eisenbahn_Pilsen,4,0.0,0.0,0.0,0.0,0.0,11568.66
125,Viamao,VIA_L2,Eisenbahn_Pilsen,5,0.0,0.0,0.0,0.0,0.0,0.0
125,Viamao,VIA_L2,Eisenbahn_Pilsen,6,0.0,0.0,0.0,0.0,0.0,0.0
125,Viamao,VIA_L2,Eisenbahn_Pilsen,7,0.0,0.0,0.0,0.0,0.0,0.0
125,Viamao,VIA_L2,Eisenbahn_Pilsen,8,0.0,0.0,0.0,0.0,0.0,0.0
125,Viamao,VIA_L2,Eisenbahn_Pilsen,9,0.0,0.0,25770.41,0.0,0.0,25770.41
125,Viamao,VIA_L2,Eisenbahn_Pilsen,10,0.0,0.0,0.0,0.0,0.0,35408.48
125,Viamao,VIA_L2,Eisenbahn_Pilsen,11,0.0,0.0,0.0,0.0,0.0,0.0
125,Viamao,VIA_L2,Eisenbahn_Pilsen,12,0.0,0.0,0.0,0.0,0.0,0.0
125,Viamao,VIA_L2,Eisenbahn_Pilsen,13,0.0,0.0,0.0,0.0,0.0,0.0
125,Viamao,VIA_L2,Eisenbahn_Pilsen,14,0.0,0.0,0.0,0.0,0.0,0.0
125,Viamao,VIA_L2,Eisenbahn_Pilsen,15,0.0,0.0,0.0,0.0,0.0,0.0
125,Viamao,VIA_L2,Del_Valle_Pessego,1,0.0,0.0,0.0,0.0,0.0,0.0
125,Viamao,VIA_L2,Del_Valle_Pessego,2,0.0,0.0,0.0,0.0,0.0,0.0
125,Viamao,VIA_L2,Del_Valle_Pessego,3,0.0,0.0,18250.14,9105.440000000002,0.0,18250.14
125,Viamao,VIA_L2,Del_Valle_Pessego,4,0.0,0.0,0.0,0.0,0.0,0.0
125,Viamao,VIA_L2,Del_Valle_Pessego,5,0.0,0.0,0.0,0.0,0.0,0.0
125,Viamao,VIA_L2,Del_Valle_Pessego,6,0.0,0.0,0.0,0.0,0.0,0.0
125,Viamao,VIA_L2,Del_Valle_Pessego,7,0.0,0.0,0.0,0.0,0.0,0.0
125,Viamao,VIA_L2,Del_Valle_Pessego,8,0.0,0.0,0.0,0.0,0.0,0.0
125,Viamao,VIA_L2,Del_Valle_Pessego,9,0.0,0.0,0.0,0.0,0.0,0.0
125,Viamao,VIA_L2,Del_Valle_Pessego,10,0.0,0.0,0.0,0.0,0.0,0.0
125,Viamao,VIA_L2,Del_Valle_Pessego,11,0.0,0.0,0.0,0.0,0.0,0.0
125,Viamao,VIA_L2,Del_Valle_Pessego,12,0.0,0.0,0.0,0.0,0.0,0.0
125,Viamao,VIA_L2,Del_Valle_Pessego,13,0.0,0.0,0.0,0.0,0.0,0.0
125,Viamao,VIA_L2,Del_Valle_Pessego,14,0.0,0.0,19882.33,0.0,0.0,19882.33
125,Viamao,VIA_L2,Del_Valle_Pessego,15,0.0,0.0,0.0,0.0,0.0,0.0
125,Viamao,VIA_L2,Coca_Cola,1,0.0,0.0,0.0,0.0,0.0,0.0
125,Viamao,VIA_L2,Coca_Cola,2,0.0,0.0,0.0,0.0,0.0,0.0
125,Viamao,VIA_L2,Coca_Cola,3,0.0,0.0,0.0,0.0,0.0,0.0
125,Viamao,VIA_L2,Coca_Cola,4,0.0,0.0,0.0,0.0,0.0,0.0
125,Viamao,VIA_L2,Coca_Cola,5,0.0,0.0,0.0,0.0,0.0,0.0
125,Viamao,VIA_L2,Coca_Cola,6,0.0,0.0,0.0,0.0,0.0,0.0
125,Viamao,VIA_L2,Coca_Cola,7,0.0,0.0,0.0,0.0,0.0,0.0
125,Viamao,VIA_L2,Coca_Cola,8,0.0,0.0,0.0,0.0,0.0,0.0
125,Viamao,VIA_L2,Coca_Cola,9,0.0,0.0,0.0,0.0,0.0,0.0
125,Viamao,VIA_L2,Coca_Cola,10,0.0,0.0,0.0,0.0,0.0,0.0
125,Viamao,VIA_L2,Coca_Cola,11,0.0,0.0,0.0,0.0,0.0,0.0
125,Viamao,VIA_L2,Coca_Cola,12,0.0,0.0,0.0,0.0,0.0,0.0
125,Viamao,VIA_L2,Coca_Cola,13,0.0,0.0,0.0,0.0,0.0,0.0
125,Viamao,VIA_L2,Coca_Cola,14,0.0,0.0,0.0,0.0,0.0,0.0
125,Viamao,VIA_L2,Coca_Cola,15,0.0,0.0,0.0,0.0,0.0,0.0
125,Viamao,VIA_L2,Amstel_Lata,1,0.0,0.0,0.0,0.0,0.0,0.0
125,Viamao,VIA_L2,Amstel_Lata,2,0.0,0.0,0.0,0.0,0.0,0.0
125,Viamao,VIA_L2,Amstel_Lata,3,0.0,0.0,0.0,0.0,0.0,0.0
125,Viamao,VIA_L2,Amstel_Lata,4,0.0,0.0,0.0,0.0,0.0,0.0
125,Viamao,VIA_L2,Amstel_Lata,5,0.0,0.0,0.0,0.0,0.0,0.0
125,Viamao,VIA_L2,Amstel_Lata,6,20707.099999999984,0.0,0.0,0.0,20707.099999999984,38781.82
125,Viamao,VIA_L2,Amstel_Lata,7,0.0,0.0,0.0,0.0,0.0,0.0
125,Viamao,VIA_L2,Amstel_Lata,8,32648.470000000016,0.0,0.0,0.0,32648.47000000002,42647.03
125,Viamao,VIA_L2,Amstel_Lata,9,6797.65999999996,0.0,0.0,0.0,6797.65999999996,0.0
125,Viamao,VIA_L2,Amstel_Lata,10,37920.0,0.0,0.0,0.0,37920.0,0.0
125,Viamao,VIA_L2,Amstel_Lata,11,0.0,0.0,0.0,0.0,0.0,0.0
125,Viamao,VIA_L2,Amstel_Lata,12,20407.54999999999,0.0,0.0,0.0,20407.54999999999,50408.65000000001
125,Viamao,VIA_L2,Amstel_Lata,13,29701.120000000003,0.0,33676.93,0.0,0.0,3975.8099999999977
125,Viamao,VIA_L2,Amstel_Lata,14,0.0,0.0,0.0,0.0,0.0,16895.39
125,Viamao,VIA_L2,Amstel_Lata,15,0.0,0.0,0.0,0.0,0.0,0.0
125,Viamao,VIA_L2,Pepsi_Black,1,0.0,0.0,41761.85,0.0,0.0,41761.85
125,Viamao,VIA_L2,Pepsi_Black,2,0.0,0.0,0.0,0.0,0.0,0.0
125,Viamao,VIA_L2,Pepsi_Black,3,0.0,0.0,0.0,0.0,0.0,0.0
125,Viamao,VIA_L2,Pepsi_Black,4,0.0,0.0,0.0,0.0,0.0,0.0
125,Viamao,VIA_L2,Pepsi_Black,5,0.0,0.0,0.0,0.0,0.0,0.0
125,Viamao,VIA_L2,Pepsi_Black,6,0.0,0.0,8786.96,0.0,0.0,8786.96
125,Viamao,VIA_L2,Pepsi_Black,7,0.0,0.0,0.0,0.0,0.0,0.0
125,Viamao,VIA_L2,Pepsi_Black,8,0.0,0.0,0.0,0.0,0.0,3720.14
125,Viamao,VIA_L2,Pepsi_Black,9,0.0,0.0,0.0,0.0,0.0,0.0
125,Viamao,VIA_L2,Pepsi_Black,10,0.0,0.0,0.0,0.0,0.0,0.0
125,Viamao,VIA_L2,Pepsi_Black,11,0.0,0.0,0.0,0.0,0.0,0.0
125,Viamao,VIA_L2,Pepsi_Black,12,0.0,0.0,0.0,0.0,0.0,0.0
125,Viamao,VIA_L2,Pepsi_Black,13,0.0,0.0,0.0,0.0,0.0,0.0
125,Viamao,VIA_L2,Pepsi_Black,14,0.0,0.0,0.0,0.0,0.0,0.0
125,Viamao,VIA_L2,Pepsi_Black,15,0.0,0.0,0.0,0.0,0.0,0.0
125,Viamao,VIA_L2,Del_Valle_Laranja,1,0.0,0.0,0.0,0.0,0.0,0.0
125,Viamao,VIA_L2,Del_Valle_Laranja,2,0.0,0.0,24177.24,0.0,0.0,24177.24
125,Viamao,VIA_L2,Del_Valle_Laranja,3,0.0,0.0,10442.18,0.0,0.0,10442.18
125,Viamao,VIA_L2,Del_Valle_Laranja,4,0.0,0.0,0.0,0.0,0.0,0.0
125,Viamao,VIA_L2,Del_Valle_Laranja,5,0.0,0.0,46694.06,0.0,0.0,58808.34
125,Viamao,VIA_L2,Del_Valle_Laranja,6,0.0,0.0,0.0,0.0,0.0,0.0
125,Viamao,VIA_L2,Del_Valle_Laranja,7,0.0,0.0,0.0,0.0,0.0,0.0
125,Viamao,VIA_L2,Del_Valle_Laranja,8,0.0,0.0,0.0,0.0,0.0,0.0
125,Viamao,VIA_L2,Del_Valle_Laranja,9,0.0,0.0,8969.14,0.0,0.0,8969.14
125,Viamao,VIA_L2,Del_Valle_Laranja,10,0.0,0.0,0.0,0.0,0.0,0.0
125,Viamao,VIA_L2,Del_Valle_Laranja,11,0.0,0.0,0.0,0.0,0.0,0.0
125,Viamao,VIA_L2,Del_Valle_Laranja,12,0.0,0.0,0.0,0.0,0.0,0.0
125,Viamao,VIA_L2,Del_Valle_Laranja,13,0.0,0.0,0.0,0.0,0.0,0.0
125,Viamao,VIA_L2,Del_Valle_Laranja,14,0.0,0.0,0.0,0.0,0.0,0.0
125,Viamao,VIA_L2,Del_Valle_Laranja,15,0.0,0.0,47434.82,0.0,0.0,47434.81999999999
125,Viamao,VIA_L2,Itubaina,1,0.0,0.0,0.0,0.0,0.0,0.0
125,Viamao,VIA_L2,Itubaina,2,0.0,0.0,0.0,0.0,0.0,0.0
125,Viamao,VIA_L2,Itubaina,3,0.0,0.0,0.0,0.0,0.0,21299.81
125,Viamao,VIA_L2,Itubaina,4,0.0,0.0,7236.65,0.0,0.0,7236.65
125,Viamao,VIA_L2,Itubaina,5,0.0,0.0,0.0,0.0,0.0,0.0
125,Viamao,VIA_L2,Itubaina,6,0.0,0.0,0.0,0.0,0.0,0.0
125,Viamao,VIA_L2,Itubaina,7,0.0,0.0,12224.54,0.0,0.0,12224.54
125,Viamao,VIA_L2,Itubaina,8,0.0,0.0,0.0,0.0,0.0,0.0
125,Viamao,VIA_L2,Itubaina,9,0.0,0.0,0.0,0.0,0.0,0.0
125,Viamao,VIA_L2,Itubaina,10,0.0,0.0,0.0,0.0,0.0,0.0
125,Viamao,VIA_L2,Itubaina,11,0.0,0.0,0.0,0.0,0.0,0.0
125,Viamao,VIA_L2,Itubaina,12,0.0,0.0,0.0,0.0,0.0,0.0
125,Viamao,VIA_L2,Itubaina,13,0.0,0.0,0.0,0.0,0.0,0.0
125,Viamao,VIA_L2,Itubaina,14,0.0,0.0,0.0,0.0,0.0,15686.5
125,Viamao,VIA_L2,Itubaina,15,0.0,0.0,0.0,0.0,0.0,0.0
125,Viamao,VIA_L2,Stella_Artois_Pure_Gold,1,0.0,0.0,0.0,0.0,0.0,0.0
125,Viamao,VIA_L2,Stella_Artois_Pure_Gold,2,0.0,0.0,0.0,0.0,0.0,0.0
125,Viamao,VIA_L2,Stella_Artois_Pure_Gold,3,0.0,0.0,0.0,0.0,0.0,1167.79
125,Viamao,VIA_L2,Stella_Artois_Pure_Gold,4,0.0,0.0,0.0,0.0,0.0,0.0
125,Viamao,VIA_L2,Stella_Artois_Pure_Gold,5,0.0,0.0,0.0,0.0,0.0,0.0
125,Viamao,VIA_L2,Stella_Artois_Pure_Gold,6,0.0,0.0,0.0,0.0,0.0,0.0
125,Viamao,VIA_L2,Stella_Artois_Pure_Gold,7,0.0,0.0,0.0,0.0,0.0,0.0
125,Viamao,VIA_L2,Stella_Artois_Pure_Gold,8,0.0,0.0,0.0,0.0,0.0,0.0
125,Viamao,VIA_L2,Stella_Artois_Pure_Gold,9,0.0,0.0,0.0,0.0,0.0,0.0
125,Viamao,VIA_L2,Stella_Artois_Pure_Gold,10,0.0,0.0,0.0,0.0,0.0,0.0
125,Viamao,VIA_L2,Stella_Artois_Pure_Gold,11,0.0,0.0,0.0,0.0,0.0,24334.47
125,Viamao,VIA_L2,Stella_Artois_Pure_Gold,12,0.0,0.0,0.0,0.0,0.0,0.0
125,Viamao,VIA_L2,Stella_Artois_Pure_Gold,13,0.0,0.0,0.0,0.0,0.0,0.0
125,Viamao,VIA_L2,Stella_Artois_Pure_Gold,14,0.0,0.0,0.0,0.0,0.0,0.0
125,Viamao,VIA_L2,Stella_Artois_Pure_Gold,15,0.0,0.0,0.0,0.0,0.0,29528.06
125,Viamao,VIA_L2,Maguary_Caju,1,0.0,0.0,0.0,0.0,0.0,0.0
125,Viamao,VIA_L2,Maguary_Caju,2,0.0,0.0,0.0,0.0,0.0,0.0
125,Viamao,VIA_L2,Maguary_Caju,3,0.0,0.0,0.0,0.0,0.0,0.0
125,Viamao,VIA_L2,Maguary_Caju,4,0.0,0.0,13262.73,0.0,0.0,13262.73
125,Viamao,VIA_L2,Maguary_Caju,5,0.0,0.0,0.0,0.0,36432.0,0.0
125,Viamao,VIA_L2,Maguary_Caju,6,0.0,0.0,0.0,0.0,12724.2,0.0
125,Viamao,VIA_L2,Maguary_Caju,7,0.0,0.0,0.0,37360.54,0.0,0.0
125,Viamao,VIA_L2,Maguary_Caju,8,0.0,0.0,0.0,0.0,0.0,0.0
125,Viamao,VIA_L2,Maguary_Caju,9,0.0,0.0,0.0,0.0,0.0,0.0
125,Viamao,VIA_L2,Maguary_Caju,10,0.0,0.0,0.0,0.0,0.0,0.0
125,Viamao,VIA_L2,Maguary_Caju,11,0.0,0.0,0.0,0.0,0.0,0.0
125,Viamao,VIA_L2,Maguary_Caju,12,0.0,0.0,0.0,0.0,0.0,0.0
125,Viamao,VIA_L2,Maguary_Caju,13,0.0,0.0,0.0,0.0,0.0,0.0
125,Viamao,VIA_L2,Maguary_Caju,14,0.0,0.0,0.0,0.0,0.0,0.0
125,Viamao,VIA_L2,Maguary_Caju,15,0.0,0.0,0.0,0.0,0.0,0.0
125,Viamao,VIA_L2,Coca_Cola_Zero,1,0.0,0.0,0.0,0.0,0.0,0.0
125,Viamao,VIA_L2,Coca_Cola_Zero,2,0.0,0.0,0.0,0.0,0.0,0.0
125,Viamao,VIA_L2,Coca_Cola_Zero,3,0.0,0.0,0.0,0.0,0.0,0.0
125,Viamao,VIA_L2,Coca_Cola_Zero,4,0.0,0.0,0.0,0.0,0.0,0.0
125,Viamao,VIA_L2,Coca_Cola_Zero,5,0.0,0.0,0.0,0.0,0.0,0.0
125,Viamao,VIA_L2,Coca_Cola_Zero,6,0.0,0.0,0.0,0.0,0.0,0.0
125,Viamao,VIA_L2,Coca_Cola_Zero,7,0.0,0.0,0.0,0.0,0.0,0.0
125,Viamao,VIA_L2,Coca_Cola_Zero,8,0.0,0.0,0.0,0.0,0.0,0.0
125,Viamao,VIA_L2,Coca_Cola_Zero,9,0.0,0.0,0.0,0.0,0.0,0.0
125,Viamao,VIA_L2,Coca_Cola_Zero,10,0.0,0.0,0.0,0.0,0.0,0.0
125,Viamao,VIA_L2,Coca_Cola_Zero,11,0.0,0.0,0.0,0.0,0.0,0.0
125,Viamao,VIA_L2,Coca_Cola_Zero,12,0.0,0.0,0.0,0.0,0.0,41276.99
125,Viamao,VIA_L2,Coca_Cola_Zero,13,0.0,0.0,0.0,0.0,0.0,4808.26
125,Viamao,VIA_L2,Coca_Cola_Zero,14,0.0,0.0,15122.04,0.0,0.0,15122.04
125,Viamao,VIA_L2,Coca_Cola_Zero,15,0.0,0.0,0.0,0.0,0.0,0.0
125,Viamao,VIA_L2,Pepsi,1,0.0,0.0,0.0,0.0,0.0,0.0
125,Viamao,VIA_L2,Pepsi,2,0.0,0.0,0.0,0.0,0.0,0.0
125,Viamao,VIA_L2,Pepsi,3,0.0,0.0,0.0,0.0,0.0,0.0
125,Viamao,VIA_L2,Pepsi,4,0.0,0.0,0.0,0.0,0.0,0.0
125,Viamao,VIA_L2,Pepsi,5,0.0,0.0,0.0,0.0,0.0,0.0
125,Viamao,VIA_L2,Pepsi,6,0.0,0.0,0.0,0.0,0.0,0.0
125,Viamao,VIA_L2,Pepsi,7,0.0,0.0,0.0,0.0,0.0,0.0
125,Viamao,VIA_L2,Pepsi,8,0.0,0.0,0.0,0.0,0.0,5486.59
125,Viamao,VIA_L2,Pepsi,9,0.0,0.0,0.0,0.0,0.0,0.0
125,Viamao,VIA_L2,Pepsi,10,0.0,0.0,0.0,0.0,0.0,0.0
125,Viamao,VIA_L2,Pepsi,11,0.0,0.0,0.0,0.0,0.0,0.0
125,Viamao,VIA_L2,Pepsi,12,0.0,0.0,0.0,0.0,0.0,0.0
125,Viamao,VIA_L2,Pepsi,13,0.0,0.0,0.0,0.0,0.0,0.0
125,Viamao,VIA_L2,Pepsi,14,0.0,0.0,0.0,0.0,0.0,0.0
125,Viamao,VIA_L2,Pepsi,15,0.0,0.0,0.0,0.0,0.0,0.0
125,Viamao,VIA_L2,Antarctica_Lata,1,0.0,0.0,0.0,5955.43,0.0,0.0
125,Viamao,VIA_L2,Antarctica_Lata,2,0.0,0.0,0.0,0.0,0.0,0.0
125,Viamao,VIA_L2,Antarctica_Lata,3,0.0,0.0,0.0,0.0,0.0,0.0
125,Viamao,VIA_L2,Antarctica_Lata,4,0.0,0.0,0.0,0.0,0.0,0.0
125,Viamao,VIA_L2,Antarctica_Lata,5,0.0,0.0,0.0,0.0,0.0,0.0
125,Viamao,VIA_L2,Antarctica_Lata,6,0.0,0.0,0.0,32336.71,0.0,0.0
125,Viamao,VIA_L2,Antarctica_Lata,7,0.0,0.0,0.0,0.0,0.0,0.0
125,Viamao,VIA_L2,Antarctica_Lata,8,0.0,0.0,0.0,0.0,0.0,0.0
125,Viamao,VIA_L2,Antarctica_Lata,9,0.0,0.0,0.0,0.0,0.0,10598.649999999996
125,Viamao,VIA_L2,Antarctica_Lata,10,0.0,0.0,0.0,0.0,0.0,0.0
125,Viamao,VIA_L2,Antarctica_Lata,11,0.0,0.0,0.0,0.0,0.0,0.0
125,Viamao,VIA_L2,Antarctica_Lata,12,0.0,0.0,0.0,0.0,0.0,0.0
125,Viamao,VIA_L2,Antarctica_Lata,13,0.0,0.0,0.0,0.0,0.0,0.0
125,Viamao,VIA_L2,Antarctica_Lata,14,0.0,0.0,0.0,0.0,0.0,0.0
125,Viamao,VIA_L2,Antarctica_Lata,15,0.0,0.0,0.0,0.0,0.0,0.0
125,Viamao,VIA_L2,Spaten_Lata,1,39936.0,0.0,0.0,0.0,78528.0,24529.34
125,Viamao,VIA_L2,Spaten_Lata,2,0.0,0.0,0.0,0.0,39228.35,0.0
125,Viamao,VIA_L2,Spaten_Lata,3,0.0,0.0,0.0,0.0,35793.670000000006,21740.2
125,Viamao,VIA_L2,Spaten_Lata,4,597.6499999999969,0.0,0.0,0.0,5110.959999999995,13256.81
125,Viamao,VIA_L2,Spaten_Lata,5,0.0,0.0,0.0,0.0,0.0,0.0
125,Viamao,VIA_L2,Spaten_Lata,6,0.0,0.0,0.0,0.0,28939.800000000003,0.0
125,Viamao,VIA_L2,Spaten_Lata,7,0.0,0.0,2807.2,0.0,37872.0,2807.2
125,Viamao,VIA_L2,Spaten_Lata,8,0.0,0.0,0.0,0.0,40463.99999999999,0.0
125,Viamao,VIA_L2,Spaten_Lata,9,31242.340000000037,0.0,0.0,0.0,31242.340000000037,15667.75
125,Viamao,VIA_L2,Spaten_Lata,10,0.0,0.0,0.0,0.0,26253.9,0.0
125,Viamao,VIA_L2,Spaten_Lata,11,22401.590000000004,0.0,0.0,0.0,58257.59000000001,0.0
125,Viamao,VIA_L2,Spaten_Lata,12,0.0,0.0,0.0,0.0,32557.34,0.0
125,Viamao,VIA_L2,Spaten_Lata,13,0.0,0.0,0.0,0.0,24183.48,0.0
125,Viamao,VIA_L2,Spaten_Lata,14,0.0,0.0,0.0,0.0,34797.10999999999,0.0
125,Viamao,VIA_L2,Spaten_Lata,15,6171.600000000002,0.0,0.0,0.0,43299.6,0.0
125,Viamao,VIA_L2,Heineken_Lata,1,0.0,0.0,0.0,0.0,0.0,0.0
125,Viamao,VIA_L2,Heineken_Lata,2,0.0,0.0,0.0,0.0,0.0,0.0
125,Viamao,VIA_L2,Heineken_Lata,3,0.0,0.0,0.0,0.0,0.0,17848.21
125,Viamao,VIA_L2,Heineken_Lata,4,0.0,0.0,0.0,0.0,0.0,0.0
125,Viamao,VIA_L2,Heineken_Lata,5,0.0,0.0,0.0,0.0,0.0,2745.36
125,Viamao,VIA_L2,Heineken_Lata,6,0.0,0.0,4539.4,0.0,0.0,27947.58
125,Viamao,VIA_L2,Heineken_Lata,7,0.0,0.0,0.0,0.0,0.0,0.0
125,Viamao,VIA_L2,Heineken_Lata,8,0.0,0.0,0.0,0.0,0.0,0.0
125,Viamao,VIA_L2,Heineken_Lata,9,0.0,0.0,0.0,0.0,0.0,0.0
125,Viamao,VIA_L2,Heineken_Lata,10,0.0,0.0,0.0,0.0,0.0,0.0
125,Viamao,VIA_L2,Heineken_Lata,11,0.0,0.0,0.0,0.0,0.0,0.0
125,Viamao,VIA_L2,Heineken_Lata,12,0.0,0.0,0.0,0.0,0.0,0.0
125,Viamao,VIA_L2,Heineken_Lata,13,0.0,0.0,1077.26,0.0,0.0,1077.26
125,Viamao,VIA_L2,Heineken_Lata,14,0.0,0.0,0.0,0.0,0.0,0.0
125,Viamao,VIA_L2,Heineken_Lata,15,0.0,0.0,0.0,0.0,0.0,0.0
125,Viamao,VIA_L2,Sukita_Laranja,1,0.0,0.0,0.0,0.0,0.0,0.0
125,Viamao,VIA_L2,Sukita_Laranja,2,0.0,0.0,0.0,0.0,0.0,0.0
125,Viamao,VIA_L2,Sukita_Laranja,3,0.0,0.0,0.0,0.0,0.0,0.0
125,Viamao,VIA_L2,Sukita_Laranja,4,0.0,0.0,0.0,0.0,0.0,0.0
125,Viamao,VIA_L2,Sukita_Laranja,5,0.0,0.0,0.0,0.0,0.0,0.0
125,Viamao,VIA_L2,Sukita_Laranja,6,0.0,0.0,0.0,0.0,0.0,10767.49
125,Viamao,VIA_L2,Sukita_Laranja,7,0.0,0.0,0.0,0.0,0.0,0.0
125,Viamao,VIA_L2,Sukita_Laranja,8,0.0,0.0,0.0,0.0,0.0,0.0
125,Viamao,VIA_L2,Sukita_Laranja,9,0.0,0.0,0.0,0.0,0.0,0.0
125,Viamao,VIA_L2,Sukita_Laranja,10,0.0,0.0,0.0,49055.33,0.0,0.0
125,Viamao,VIA_L2,Sukita_Laranja,11,0.0,0.0,0.0,0.0,0.0,0.0
125,Viamao,VIA_L2,Sukita_Laranja,12,0.0,0.0,0.0,0.0,0.0,0.0
125,Viamao,VIA_L2,Sukita_Laranja,13,0.0,0.0,0.0,0.0,0.0,0.0
125,Viamao,VIA_L2,Sukita_Laranja,14,0.0,0.0,0.0,0.0,0.0,0.0
125,Viamao,VIA_L2,Sukita_Laranja,15,0.0,0.0,0.0,0.0,0.0,0.0
125,Viamao,VIA_L2,H2OH_Limao,1,0.0,0.0,0.0,0.0,0.0,0.0
125,Viamao,VIA_L2,H2OH_Limao,2,20734.100000000002,0.0,0.0,0.0,20734.1,0.0
125,Viamao,VIA_L2,H2OH_Limao,3,14033.660000000005,0.0,0.0,0.0,14033.660000000005,0.0
125,Viamao,VIA_L2,H2OH_Limao,4,13946.660000000002,0.0,0.0,0.0,13946.660000000002,0.0
125,Viamao,VIA_L2,H2OH_Limao,5,34170.12,0.0,0.0,0.0,34170.12,0.0
125,Viamao,VIA_L2,H2OH_Limao,6,0.0,0.0,0.0,0.0,0.0,0.0
125,Viamao,VIA_L2,H2OH_Limao,7,0.0,0.0,0.0,0.0,0.0,0.0
125,Viamao,VIA_L2,H2OH_Limao,8,4503.529999999984,0.0,47470.61,0.0,0.0,42967.080000000016
125,Viamao,VIA_L2,H2OH_Limao,9,0.0,0.0,0.0,0.0,0.0,0.0
125,Viamao,VIA_L2,H2OH_Limao,10,0.0,0.0,0.0,0.0,0.0,0.0
125,Viamao,VIA_L2,H2OH_Limao,11,16286.409999999996,0.0,0.0,0.0,16286.409999999996,0.0
125,Viamao,VIA_L2,H2OH_Limao,12,0.0,0.0,0.0,0.0,0.0,0.0
125,Viamao,VIA_L2,H2OH_Limao,13,0.0,0.0,0.0,0.0,0.0,0.0
125,Viamao,VIA_L2,H2OH_Limao,14,0.0,0.0,0.0,0.0,0.0,0.0
125,Viamao,VIA_L2,H2OH_Limao,15,0.0,0.0,0.0,0.0,0.0,0.0
125,Viamao,VIA_L2,Budweiser_Lata,1,0.0,0.0,0.0,0.0,0.0,0.0
125,Viamao,VIA_L2,Budweiser_Lata,2,0.0,0.0,0.0,0.0,0.0,29475.88
125,Viamao,VIA_L2,Budweiser_Lata,3,0.0,0.0,0.0,0.0,0.0,0.0
125,Viamao,VIA_L2,Budweiser_Lata,4,0.0,0.0,29450.85,0.0,0.0,29450.85
125,Viamao,VIA_L2,Budweiser_Lata,5,0.0,0.0,0.0,0.0,0.0,0.0
125,Viamao,VIA_L2,Budweiser_Lata,6,0.0,0.0,0.0,0.0,0.0,0.0
125,Viamao,VIA_L2,Budweiser_Lata,7,0.0,0.0,0.0,0.0,0.0,0.0
125,Viamao,VIA_L2,Budweiser_Lata,8,0.0,0.0,0.0,0.0,0.0,0.0
125,Viamao,VIA_L2,Budweiser_Lata,9,0.0,0.0,0.0,0.0,0.0,0.0
125,Viamao,VIA_L2,Budweiser_Lata,10,0.0,0.0,0.0,0.0,0.0,0.0
125,Viamao,VIA_L2,Budweiser_Lata,11,0.0,0.0,0.0,0.0,0.0,0.0
125,Viamao,VIA_L2,Budweiser_Lata,12,0.0,0.0,0.0,0.0,0.0,0.0
125,Viamao,VIA_L2,Budweiser_Lata,13,0.0,0.0,0.0,0.0,0.0,0.0
125,Viamao,VIA_L2,Budweiser_Lata,14,0.0,0.0,0.0,0.0,0.0,0.0
125,Viamao,VIA_L2,Budweiser_Lata,15,0.0,0.0,0.0,0.0,0.0,0.0
125,Viamao,VIA_L2,Kuat,1,0.0,0.0,0.0,0.0,31670.230000000003,0.0
125,Viamao,VIA_L2,Kuat,2,6012.59,0.0,0.0,0.0,6012.59,0.0
125,Viamao,VIA_L2,Kuat,3,0.0,0.0,0.0,0.0,0.0,0.0
125,Viamao,VIA_L2,Kuat,4,0.0,0.0,0.0,0.0,0.0,0.0
125,Viamao,VIA_L2,Kuat,5,0.0,0.0,0.0,0.0,0.0,0.0
125,Viamao,VIA_L2,Kuat,6,0.0,0.0,0.0,0.0,0.0,21684.13
125,Viamao,VIA_L2,Kuat,7,0.0,0.0,0.0,0.0,0.0,11250.939999999999
125,Viamao,VIA_L2,Kuat,8,0.0,0.0,0.0,0.0,0.0,0.0
125,Viamao,VIA_L2,Kuat,9,0.0,0.0,0.0,0.0,0.0,0.0
125,Viamao,VIA_L2,Kuat,10,0.0,0.0,0.0,0.0,0.0,0.0
125,Viamao,VIA_L2,Kuat,11,0.0,0.0,0.0,0.0,0.0,0.0
125,Viamao,VIA_L2,Kuat,12,0.0,0.0,0.0,0.0,0.0,0.0
125,Viamao,VIA_L2,Kuat,13,0.0,0.0,13314.64,0.0,0.0,13314.64
125,Viamao,VIA_L2,Kuat,14,0.0,0.0,0.0,0.0,0.0,0.0
125,Viamao,VIA_L2,Kuat,15,16864.819999999996,0.0,0.0,0.0,16864.819999999996,0.0
125,Viamao,VIA_L2,Fanta_Uva,1,0.0,0.0,0.0,0.0,0.0,5168.95
125,Viamao,VIA_L2,Fanta_Uva,2,0.0,0.0,0.0,0.0,0.0,0.0
125,Viamao,VIA_L2,Fanta_Uva,3,0.0,0.0,0.0,0.0,0.0,0.0
125,Viamao,VIA_L2,Fanta_Uva,4,0.0,0.0,0.0,0.0,0.0,0.0
125,Viamao,VIA_L2,Fanta_Uva,5,0.0,0.0,0.0,0.0,0.0,0.0
125,Viamao,VIA_L2,Fanta_Uva,6,0.0,0.0,0.0,0.0,0.0,0.0
125,Viamao,VIA_L2,Fanta_Uva,7,0.0,0.0,0.0,0.0,0.0,0.0
125,Viamao,VIA_L2,Fanta_Uva,8,0.0,0.0,0.0,0.0,0.0,0.0
125,Viamao,VIA_L2,Fanta_Uva,9,0.0,0.0,0.0,0.0,0.0,0.0
125,Viamao,VIA_L2,Fanta_Uva,10,0.0,0.0,0.0,0.0,0.0,0.0
125,Viamao,VIA_L2,Fanta_Uva,11,0.0,0.0,0.0,0.0,0.0,0.0
125,Viamao,VIA_L2,Fanta_Uva,12,0.0,0.0,0.0,0.0,0.0,0.0
125,Viamao,VIA_L2,Fanta_Uva,13,0.0,0.0,0.0,0.0,0.0,28540.339999999993
125,Viamao,VIA_L2,Fanta_Uva,14,0.0,0.0,0.0,0.0,0.0,0.0
125,Viamao,VIA_L2,Fanta_Uva,15,0.0,0.0,0.0,0.0,0.0,0.0
125,Viamao,VIA_L2,Sprite,1,0.0,0.0,0.0,0.0,0.0,0.0
125,Viamao,VIA_L2,Sprite,2,0.0,0.0,0.0,0.0,35.65000000000441,0.0
125,Viamao,VIA_L2,Sprite,3,0.0,0.0,0.0,0.0,5078.329999999991,0.0
125,Viamao,VIA_L2,Sprite,4,0.0,0.0,0.0,0.0,0.0,0.0
125,Viamao,VIA_L2,Sprite,5,0.0,0.0,0.0,0.0,0.0,8990.08
125,Viamao,VIA_L2,Sprite,6,0.0,0.0,0.0,0.0,0.0,0.0
125,Viamao,VIA_L2,Sprite,7,0.0,0.0,0.0,0.0,0.0,0.0
125,Viamao,VIA_L2,Sprite,8,0.0,0.0,0.0,0.0,0.0,0.0
125,Viamao,VIA_L2,Sprite,9,0.0,0.0,0.0,0.0,0.0,0.0
125,Viamao,VIA_L2,Sprite,10,0.0,0.0,0.0,0.0,13514.099999999999,0.0
125,Viamao,VIA_L2,Sprite,11,0.0,0.0,0.0,0.0,0.0,0.0
125,Viamao,VIA_L2,Sprite,12,0.0,0.0,0.0,0.0,5386.659999999999,0.0
125,Viamao,VIA_L2,Sprite,13,0.0,0.0,0.0,0.0,0.0,0.0
125,Viamao,VIA_L2,Sprite,14,0.0,0.0,0.0,0.0,0.0,0.0
125,Viamao,VIA_L2,Sprite,15,0.0,0.0,0.0,0.0,0.0,0.0
125,Viamao,VIA_L2,Skol_Lata,1,0.0,0.0,0.0,0.0,0.0,0.0
125,Viamao,VIA_L2,Skol_Lata,2,0.0,0.0,0.0,0.0,0.0,0.0
125,Viamao,VIA_L2,Skol_Lata,3,0.0,0.0,0.0,0.0,0.0,0.0
125,Viamao,VIA_L2,Skol_Lata,4,0.0,0.0,0.0,0.0,0.0,0.0
125,Viamao,VIA_L2,Skol_Lata,5,0.0,0.0,0.0,0.0,0.0,0.0
125,Viamao,VIA_L2,Skol_Lata,6,0.0,0.0,0.0,0.0,0.0,4123.48
125,Viamao,VIA_L2,Skol_Lata,7,0.0,0.0,0.0,0.0,0.0,0.0
125,Viamao,VIA_L2,Skol_Lata,8,0.0,0.0,0.0,0.0,0.0,0.0
125,Viamao,VIA_L2,Skol_Lata,9,0.0,0.0,0.0,0.0,0.0,0.0
125,Viamao,VIA_L2,Skol_Lata,10,0.0,0.0,0.0,0.0,0.0,0.0
125,Viamao,VIA_L2,Skol_Lata,11,0.0,0.0,0.0,0.0,0.0,0.0
125,Viamao,VIA_L2,Skol_Lata,12,0.0,0.0,0.0,0.0,0.0,0.0
125,Viamao,VIA_L2,Skol_Lata,13,0.0,0.0,0.0,0.0,0.0,0.0
125,Viamao,VIA_L2,Skol_Lata,14,0.0,0.0,0.0,0.0,0.0,0.0
125,Viamao,VIA_L2,Skol_Lata,15,0.0,0.0,0.0,0.0,0.0,0.0
125,Viamao,VIA_L2,Guarana_Antarctica,1,0.0,0.0,0.0,0.0,0.0,0.0
125,Viamao,VIA_L2,Guarana_Antarctica,2,0.0,0.0,0.0,0.0,0.0,0.0
125,Viamao,VIA_L2,Guarana_Antarctica,3,0.0,0.0,0.0,0.0,0.0,0.0
125,Viamao,VIA_L2,Guarana_Antarctica,4,0.0,0.0,0.0,0.0,0.0,0.0
125,Viamao,VIA_L2,Guarana_Antarctica,5,0.0,0.0,0.0,0.0,0.0,0.0
125,Viamao,VIA_L2,Guarana_Antarctica,6,0.0,0.0,0.0,0.0,0.0,0.0
125,Viamao,VIA_L2,Guarana_Antarctica,7,0.0,0.0,0.0,0.0,0.0,0.0
125,Viamao,VIA_L2,Guarana_Antarctica,8,0.0,0.0,0.0,0.0,0.0,0.0
125,Viamao,VIA_L2,Guarana_Antarctica,9,0.0,0.0,0.0,0.0,0.0,0.0
125,Viamao,VIA_L2,Guarana_Antarctica,10,0.0,0.0,0.0,0.0,0.0,0.0
125,Viamao,VIA_L2,Guarana_Antarctica,11,0.0,0.0,0.0,0.0,0.0,21015.980000000007
125,Viamao,VIA_L2,Guarana_Antarctica,12,0.0,0.0,3472.270000000004,45687.81999999999,0.0,3472.270000000004
125,Viamao,VIA_L2,Guarana_Antarctica,13,0.0,0.0,0.0,0.0,0.0,0.0
125,Viamao,VIA_L2,Guarana_Antarctica,14,0.0,0.0,0.0,0.0,0.0,0.0
125,Viamao,VIA_L2,Guarana_Antarctica,15,0.0,0.0,0.0,0.0,0.0,0.0
125,Viamao,VIA_L2,Guarana_Antarctica_Zero,1,0.0,0.0,0.0,0.0,0.0,0.0
125,Viamao,VIA_L2,Guarana_Antarctica_Zero,2,0.0,0.0,0.0,0.0,0.0,0.0
125,Viamao,VIA_L2,Guarana_Antarctica_Zero,3,0.0,0.0,0.0,0.0,0.0,0.0
125,Viamao,VIA_L2,Guarana_Antarctica_Zero,4,0.0,0.0,0.0,0.0,0.0,0.0
125,Viamao,VIA_L2,Guarana_Antarctica_Zero,5,0.0,0.0,0.0,0.0,0.0,0.0
125,Viamao,VIA_L2,Guarana_Antarctica_Zero,6,0.0,0.0,0.0,0.0,0.0,0.0
125,Viamao,VIA_L2,Guarana_Antarctica_Zero,7,0.0,0.0,0.0,0.0,0.0,0.0
125,Viamao,VIA_L2,Guarana_Antarctica_Zero,8,0.0,0.0,0.0,0.0,0.0,0.0
125,Viamao,VIA_L2,Guarana_Antarctica_Zero,9,0.0,0.0,12258.88,0.0,0.0,12258.88
125,Viamao,VIA_L2,Guarana_Antarctica_Zero,10,0.0,0.0,0.0,0.0,0.0,24882.339999999997
125,Viamao,VIA_L2,Guarana_Antarctica_Zero,11,0.0,0.0,0.0,0.0,0.0,0.0
125,Viamao,VIA_L2,Guarana_Antarctica_Zero,12,0.0,0.0,0.0,0.0,0.0,0.0
125,Viamao,VIA_L2,Guarana_Antarctica_Zero,13,0.0,0.0,0.0,0.0,0.0,0.0
125,Viamao,VIA_L2,Guarana_Antarctica_Zero,14,0.0,0.0,0.0,0.0,0.0,0.0
125,Viamao,VIA_L2,Guarana_Antarctica_Zero,15,0.0,0.0,0.0,0.0,0.0,0.0
125,Viamao,VIA_L2,Del_Valle_Uva,1,0.0,0.0,0.0,0.0,0.0,4059.8600000000024
125,Viamao,VIA_L2,Del_Valle_Uva,2,0.0,0.0,0.0,0.0,0.0,0.0
125,Viamao,VIA_L2,Del_Valle_Uva,3,0.0,0.0,0.0,0.0,0.0,0.0
125,Viamao,VIA_L2,Del_Valle_Uva,4,0.0,0.0,0.0,0.0,0.0,0.0
125,Viamao,VIA_L2,Del_Valle_Uva,5,0.0,0.0,0.0,0.0,0.0,0.0
125,Viamao,VIA_L2,Del_Valle_Uva,6,0.0,0.0,0.0,0.0,0.0,0.0
125,Viamao,VIA_L2,Del_Valle_Uva,7,0.0,0.0,0.0,0.0,0.0,0.0
125,Viamao,VIA_L2,Del_Valle_Uva,8,0.0,0.0,0.0,0.0,0.0,0.0
125,Viamao,VIA_L2,Del_Valle_Uva,9,0.0,0.0,0.0,0.0,0.0,0.0
125,Viamao,VIA_L2,Del_Valle_Uva,10,0.0,0.0,0.0,0.0,0.0,0.0
125,Viamao,VIA_L2,Del_Valle_Uva,11,0.0,0.0,0.0,0.0,0.0,0.0
125,Viamao,VIA_L2,Del_Valle_Uva,12,0.0,0.0,0.0,0.0,0.0,0.0
125,Viamao,VIA_L2,Del_Valle_Uva,13,0.0,0.0,0.0,0.0,0.0,0.0
125,Viamao,VIA_L2,Del_Valle_Uva,14,0.0,0.0,0.0,0.0,0.0,0.0
125,Viamao,VIA_L2,Del_Valle_Uva,15,0.0,0.0,0.0,0.0,0.0,28191.120000000003
125,Viamao,VIA_L2,Brahma_Lata,1,0.0,0.0,0.0,0.0,0.0,0.0
125,Viamao,VIA_L2,Brahma_Lata,2,0.0,0.0,0.0,0.0,0.0,0.0
125,Viamao,VIA_L2,Brahma_Lata,3,0.0,0.0,0.0,0.0,0.0,0.0
125,Viamao,VIA_L2,Brahma_Lata,4,0.0,0.0,0.0,0.0,0.0,0.0
125,Viamao,VIA_L2,Brahma_Lata,5,0.0,0.0,0.0,0.0,0.0,0.0
125,Viamao,VIA_L2,Brahma_Lata,6,0.0,0.0,0.0,0.0,0.0,0.0
125,Viamao,VIA_L2,Brahma_Lata,7,0.0,0.0,0.0,0.0,0.0,0.0
125,Viamao,VIA_L2,Brahma_Lata,8,0.0,0.0,0.0,0.0,0.0,0.0
125,Viamao,VIA_L2,Brahma_Lata,9,0.0,0.0,0.0,0.0,0.0,0.0
125,Viamao,VIA_L2,Brahma_Lata,10,0.0,0.0,0.0,0.0,0.0,12860.71
125,Viamao,VIA_L2,Brahma_Lata,11,0.0,0.0,0.0,0.0,0.0,0.0
125,Viamao,VIA_L2,Brahma_Lata,12,0.0,0.0,0.0,0.0,0.0,0.0
125,Viamao,VIA_L2,Brahma_Lata,13,0.0,0.0,0.0,0.0,0.0,0.0
125,Viamao,VIA_L2,Brahma_Lata,14,0.0,0.0,0.0,0.0,0.0,0.0
125,Viamao,VIA_L2,Brahma_Lata,15,0.0,0.0,0.0,0.0,0.0,0.0
125,Viamao,VIA_L2,Itaipava_Lata,1,0.0,0.0,0.0,0.0,0.0,0.0
125,Viamao,VIA_L2,Itaipava_Lata,2,0.0,0.0,0.0,0.0,0.0,0.0
125,Viamao,VIA_L2,Itaipava_Lata,3,0.0,0.0,0.0,0.0,0.0,0.0
125,Viamao,VIA_L2,Itaipava_Lata,4,0.0,0.0,0.0,0.0,29710.630000000016,0.0
125,Viamao,VIA_L2,Itaipava_Lata,5,0.0,0.0,0.0,0.0,28847.61,0.0
125,Viamao,VIA_L2,Itaipava_Lata,6,0.0,0.0,0.0,0.0,0.0,0.0
125,Viamao,VIA_L2,Itaipava_Lata,7,0.0,0.0,0.0,0.0,15082.34,4817.26
125,Viamao,VIA_L2,Itaipava_Lata,8,0.0,0.0,0.0,0.0,16769.859999999997,0.0
125,Viamao,VIA_L2,Itaipava_Lata,9,0.0,0.0,0.0,0.0,0.0,0.0
125,Viamao,VIA_L2,Itaipava_Lata,10,0.0,0.0,0.0,0.0,0.0,0.0
125,Viamao,VIA_L2,Itaipava_Lata,11,0.0,0.0,9186.24000000002,36382.13999999998,0.0,9186.24000000002
125,Viamao,VIA_L2,Itaipava_Lata,12,0.0,0.0,0.0,0.0,10654.850000000006,0.0
125,Viamao,VIA_L2,Itaipava_Lata,13,0.0,0.0,0.0,0.0,0.0,0.0
125,Viamao,VIA_L2,Itaipava_Lata,14,0.0,0.0,0.0,0.0,0.0,0.0
125,Viamao,VIA_L2,Itaipava_Lata,15,0.0,0.0,0.0,0.0,29821.3,0.0
125,Viamao,VIA_L3,Maguary_Maracuja,1,0.0,0.0,0.0,0.0,0.0,0.0
125,Viamao,VIA_L3,Maguary_Maracuja,2,0.0,0.0,0.0,0.0,0.0,0.0
125,Viamao,VIA_L3,Maguary_Maracuja,3,0.0,0.0,0.0,0.0,0.0,7783.590000000044
125,Viamao,VIA_L3,Maguary_Maracuja,4,0.0,0.0,34934.83,0.0,0.0,34934.83
125,Viamao,VIA_L3,Maguary_Maracuja,5,0.0,0.0,0.0,0.0,7783.590000000044,0.0
125,Viamao,VIA_L3,Maguary_Maracuja,6,0.0,0.0,16092.12,0.0,0.0,16092.12
125,Viamao,VIA_L3,Maguary_Maracuja,7,0.0,0.0,13850.41,0.0,0.0,13850.41
125,Viamao,VIA_L3,Maguary_Maracuja,8,0.0,0.0,0.0,0.0,0.0,0.0
125,Viamao,VIA_L3,Maguary_Maracuja,9,0.0,0.0,0.0,0.0,0.0,0.0
125,Viamao,VIA_L3,Maguary_Maracuja,10,0.0,0.0,0.0,0.0,0.0,0.0
125,Viamao,VIA_L3,Maguary_Maracuja,11,0.0,0.0,0.0,0.0,0.0,0.0
125,Viamao,VIA_L3,Maguary_Maracuja,12,0.0,0.0,0.0,0.0,0.0,0.0
125,Viamao,VIA_L3,Maguary_Maracuja,13,0.0,0.0,0.0,0.0,0.0,0.0
125,Viamao,VIA_L3,Maguary_Maracuja,14,0.0,0.0,0.0,0.0,0.0,0.0
125,Viamao,VIA_L3,Maguary_Maracuja,15,0.0,0.0,0.0,0.0,0.0,0.0
125,Viamao,VIA_L3,Fanta_Laranja,1,6945.769999999998,6945.769999999997,0.0,0.0,0.0,0.0
125,Viamao,VIA_L3,Fanta_Laranja,2,36936.0,0.0,45808.48,0.0,0.0,1926.7100000000064
125,Viamao,VIA_L3,Fanta_Laranja,3,37536.0,0.0,0.0,0.0,37535.99999999999,15682.91
125,Viamao,VIA_L3,Fanta_Laranja,4,9337.369999999992,0.0,0.0,0.0,9337.369999999992,0.0
125,Viamao,VIA_L3,Fanta_Laranja,5,9840.39,0.0,0.0,0.0,9840.39,0.0
125,Viamao,VIA_L3,Fanta_Laranja,6,37056.0,0.0,0.0,0.0,37056.0,0.0
125,Viamao,VIA_L3,Fanta_Laranja,7,23221.66,0.0,0.0,0.0,23221.66,0.0
125,Viamao,VIA_L3,Fanta_Laranja,8,23574.140000000003,1747.3500000000422,0.0,0.0,21826.78999999996,0.0
125,Viamao,VIA_L3,Fanta_Laranja,9,40344.0,6406.220000000045,0.0,0.0,35685.13,0.0
125,Viamao,VIA_L3,Fanta_Laranja,10,38712.0,0.0,0.0,0.0,45118.220000000045,0.0
125,Viamao,VIA_L3,Fanta_Laranja,11,37008.0,0.0,0.0,0.0,37008.0,0.0
125,Viamao,VIA_L3,Fanta_Laranja,12,26209.149999999998,0.0,8067.8,0.0,18141.35,0.0
125,Viamao,VIA_L3,Fanta_Laranja,13,24027.079999999998,0.0,8971.38,0.0,15055.699999999999,0.0
125,Viamao,VIA_L3,Fanta_Laranja,14,10771.68,0.0,0.0,0.0,10771.68,0.0
125,Viamao,VIA_L3,Fanta_Laranja,15,11530.699999999999,0.0,0.0,0.0,11530.699999999999,0.0
125,Viamao,VIA_L3,Schweppes_Citrus,1,0.0,0.0,0.0,0.0,0.0,14368.05
125,Viamao,VIA_L3,Schweppes_Citrus,2,0.0,0.0,0.0,0.0,12325.310000000001,0.0
125,Viamao,VIA_L3,Schweppes_Citrus,3,0.0,0.0,0.0,0.0,27342.339999999997,0.0
125,Viamao,VIA_L3,Schweppes_Citrus,4,0.0,0.0,0.0,0.0,24191.690000000002,0.0
125,Viamao,VIA_L3,Schweppes_Citrus,5,0.0,0.0,0.0,0.0,2981.8799999999974,35238.28
125,Viamao,VIA_L3,Schweppes_Citrus,6,0.0,0.0,0.0,0.0,15466.250000000015,0.0
125,Viamao,VIA_L3,Schweppes_Citrus,7,0.0,0.0,0.0,0.0,46050.65,21028.27
125,Viamao,VIA_L3,Schweppes_Citrus,8,0.0,0.0,0.0,0.0,0.0,0.0
125,Viamao,VIA_L3,Schweppes_Citrus,9,0.0,0.0,0.0,0.0,0.0,0.0
125,Viamao,VIA_L3,Schweppes_Citrus,10,0.0,0.0,0.0,0.0,0.0,0.0
125,Viamao,VIA_L3,Schweppes_Citrus,11,0.0,0.0,0.0,0.0,0.0,0.0
125,Viamao,VIA_L3,Schweppes_Citrus,12,0.0,0.0,0.0,0.0,0.0,0.0
125,Viamao,VIA_L3,Schweppes_Citrus,13,0.0,0.0,0.0,0.0,28995.33000000001,0.0
125,Viamao,VIA_L3,Schweppes_Citrus,14,0.0,0.0,0.0,0.0,25840.690000000002,0.0
125,Viamao,VIA_L3,Schweppes_Citrus,15,0.0,0.0,0.0,0.0,16203.580000000002,0.0
125,Viamao,VIA_L3,Sprite_Zero,1,0.0,0.0,4929.67,0.0,0.0,4929.67
125,Viamao,VIA_L3,Sprite_Zero,2,0.0,0.0,0.0,0.0,0.0,0.0
125,Viamao,VIA_L3,Sprite_Zero,3,0.0,0.0,0.0,0.0,0.0,0.0
125,Viamao,VIA_L3,Sprite_Zero,4,0.0,0.0,0.0,0.0,0.0,0.0
125,Viamao,VIA_L3,Sprite_Zero,5,0.0,0.0,0.0,0.0,0.0,0.0
125,Viamao,VIA_L3,Sprite_Zero,6,0.0,0.0,0.0,0.0,0.0,0.0
125,Viamao,VIA_L3,Sprite_Zero,7,0.0,0.0,0.0,0.0,0.0,0.0
125,Viamao,VIA_L3,Sprite_Zero,8,0.0,0.0,0.0,0.0,0.0,0.0
125,Viamao,VIA_L3,Sprite_Zero,9,0.0,0.0,0.0,0.0,0.0,0.0
125,Viamao,VIA_L3,Sprite_Zero,10,0.0,0.0,0.0,0.0,0.0,0.0
125,Viamao,VIA_L3,Sprite_Zero,11,0.0,0.0,0.0,0.0,0.0,0.0
125,Viamao,VIA_L3,Sprite_Zero,12,0.0,0.0,0.0,0.0,0.0,0.0
125,Viamao,VIA_L3,Sprite_Zero,13,0.0,0.0,0.0,0.0,0.0,0.0
125,Viamao,VIA_L3,Sprite_Zero,14,0.0,0.0,0.0,0.0,0.0,0.0
125,Viamao,VIA_L3,Sprite_Zero,15,0.0,0.0,0.0,0.0,0.0,0.0
125,Viamao,VIA_L3,Eisenbahn_Pilsen,1,0.0,0.0,0.0,0.0,0.0,0.0
125,Viamao,VIA_L3,Eisenbahn_Pilsen,2,0.0,0.0,0.0,0.0,0.0,25715.43
125,Viamao,VIA_L3,Eisenbahn_Pilsen,3,0.0,0.0,0.0,0.0,0.0,14947.6
125,Viamao,VIA_L3,Eisenbahn_Pilsen,4,0.0,0.0,0.0,0.0,0.0,11568.66
125,Viamao,VIA_L3,Eisenbahn_Pilsen,5,0.0,0.0,0.0,0.0,0.0,0.0
125,Viamao,VIA_L3,Eisenbahn_Pilsen,6,0.0,0.0,0.0,0.0,0.0,0.0
125,Viamao,VIA_L3,Eisenbahn_Pilsen,7,0.0,0.0,0.0,0.0,0.0,0.0
125,Viamao,VIA_L3,Eisenbahn_Pilsen,8,0.0,0.0,0.0,0.0,0.0,0.0
125,Viamao,VIA_L3,Eisenbahn_Pilsen,9,0.0,0.0,0.0,0.0,0.0,25770.41
125,Viamao,VIA_L3,Eisenbahn_Pilsen,10,0.0,0.0,35408.48,0.0,0.0,35408.48
125,Viamao,VIA_L3,Eisenbahn_Pilsen,11,0.0,0.0,0.0,0.0,0.0,0.0
125,Viamao,VIA_L3,Eisenbahn_Pilsen,12,0.0,0.0,0.0,0.0,0.0,0.0
125,Viamao,VIA_L3,Eisenbahn_Pilsen,13,0.0,0.0,0.0,0.0,0.0,0.0
125,Viamao,VIA_L3,Eisenbahn_Pilsen,14,0.0,0.0,0.0,0.0,0.0,0.0
125,Viamao,VIA_L3,Eisenbahn_Pilsen,15,0.0,0.0,0.0,0.0,0.0,0.0
125,Viamao,VIA_L3,Del_Valle_Pessego,1,0.0,0.0,0.0,0.0,0.0,0.0
125,Viamao,VIA_L3,Del_Valle_Pessego,2,0.0,0.0,0.0,0.0,0.0,0.0
125,Viamao,VIA_L3,Del_Valle_Pessego,3,0.0,0.0,0.0,0.0,0.0,18250.14
125,Viamao,VIA_L3,Del_Valle_Pessego,4,0.0,0.0,0.0,0.0,0.0,0.0
125,Viamao,VIA_L3,Del_Valle_Pessego,5,0.0,0.0,0.0,0.0,0.0,0.0
125,Viamao,VIA_L3,Del_Valle_Pessego,6,0.0,0.0,0.0,0.0,0.0,0.0
125,Viamao,VIA_L3,Del_Valle_Pessego,7,0.0,0.0,0.0,0.0,0.0,0.0
125,Viamao,VIA_L3,Del_Valle_Pessego,8,0.0,0.0,0.0,0.0,0.0,0.0
125,Viamao,VIA_L3,Del_Valle_Pessego,9,0.0,0.0,0.0,0.0,0.0,0.0
125,Viamao,VIA_L3,Del_Valle_Pessego,10,0.0,0.0,0.0,0.0,0.0,0.0
125,Viamao,VIA_L3,Del_Valle_Pessego,11,0.0,0.0,0.0,21877.31,0.0,0.0
125,Viamao,VIA_L3,Del_Valle_Pessego,12,0.0,0.0,0.0,0.0,0.0,0.0
125,Viamao,VIA_L3,Del_Valle_Pessego,13,0.0,0.0,0.0,0.0,0.0,0.0
125,Viamao,VIA_L3,Del_Valle_Pessego,14,0.0,0.0,0.0,0.0,0.0,19882.33
125,Viamao,VIA_L3,Del_Valle_Pessego,15,0.0,0.0,0.0,0.0,0.0,0.0
125,Viamao,VIA_L3,Coca_Cola,1,0.0,0.0,0.0,0.0,0.0,0.0
125,Viamao,VIA_L3,Coca_Cola,2,0.0,0.0,0.0,0.0,0.0,0.0
125,Viamao,VIA_L3,Coca_Cola,3,0.0,0.0,0.0,0.0,0.0,0.0
125,Viamao,VIA_L3,Coca_Cola,4,0.0,0.0,0.0,0.0,0.0,0.0
125,Viamao,VIA_L3,Coca_Cola,5,0.0,0.0,0.0,31527.45,0.0,0.0
125,Viamao,VIA_L3,Coca_Cola,6,0.0,0.0,0.0,5998.26,0.0,0.0
125,Viamao,VIA_L3,Coca_Cola,7,0.0,0.0,0.0,0.0,0.0,0.0
125,Viamao,VIA_L3,Coca_Cola,8,0.0,0.0,0.0,0.0,0.0,0.0
125,Viamao,VIA_L3,Coca_Cola,9,0.0,0.0,0.0,0.0,0.0,0.0
125,Viamao,VIA_L3,Coca_Cola,10,0.0,0.0,0.0,0.0,0.0,0.0
125,Viamao,VIA_L3,Coca_Cola,11,0.0,0.0,0.0,0.0,0.0,0.0
125,Viamao,VIA_L3,Coca_Cola,12,0.0,0.0,0.0,0.0,0.0,0.0
125,Viamao,VIA_L3,Coca_Cola,13,0.0,0.0,0.0,0.0,0.0,0.0
125,Viamao,VIA_L3,Coca_Cola,14,0.0,0.0,0.0,0.0,0.0,0.0
125,Viamao,VIA_L3,Coca_Cola,15,0.0,0.0,0.0,0.0,0.0,0.0
125,Viamao,VIA_L3,Amstel_Lata,1,0.0,0.0,0.0,0.0,0.0,0.0
125,Viamao,VIA_L3,Amstel_Lata,2,0.0,0.0,0.0,0.0,0.0,0.0
125,Viamao,VIA_L3,Amstel_Lata,3,0.0,0.0,0.0,0.0,0.0,0.0
125,Viamao,VIA_L3,Amstel_Lata,4,0.0,0.0,0.0,0.0,0.0,0.0
125,Viamao,VIA_L3,Amstel_Lata,5,0.0,0.0,0.0,0.0,0.0,0.0
125,Viamao,VIA_L3,Amstel_Lata,6,0.0,0.0,0.0,0.0,20707.099999999984,38781.82
125,Viamao,VIA_L3,Amstel_Lata,7,0.0,0.0,0.0,0.0,0.0,0.0
125,Viamao,VIA_L3,Amstel_Lata,8,0.0,0.0,0.0,0.0,32648.47000000002,42647.03
125,Viamao,VIA_L3,Amstel_Lata,9,0.0,0.0,0.0,0.0,6797.65999999996,0.0
125,Viamao,VIA_L3,Amstel_Lata,10,0.0,0.0,0.0,0.0,37920.0,0.0
125,Viamao,VIA_L3,Amstel_Lata,11,0.0,0.0,0.0,0.0,0.0,0.0
125,Viamao,VIA_L3,Amstel_Lata,12,0.0,0.0,0.0,0.0,20407.54999999999,50408.65000000001
125,Viamao,VIA_L3,Amstel_Lata,13,0.0,0.0,0.0,0.0,0.0,3975.8099999999977
125,Viamao,VIA_L3,Amstel_Lata,14,0.0,0.0,16895.39,0.0,0.0,16895.39
125,Viamao,VIA_L3,Amstel_Lata,15,0.0,0.0,0.0,0.0,0.0,0.0
125,Viamao,VIA_L3,Pepsi_Black,1,0.0,0.0,0.0,0.0,0.0,41761.85
125,Viamao,VIA_L3,Pepsi_Black,2,0.0,0.0,0.0,0.0,0.0,0.0
125,Viamao,VIA_L3,Pepsi_Black,3,0.0,0.0,0.0,0.0,0.0,0.0
125,Viamao,VIA_L3,Pepsi_Black,4,0.0,0.0,0.0,0.0,0.0,0.0
125,Viamao,VIA_L3,Pepsi_Black,5,0.0,0.0,0.0,0.0,0.0,0.0
125,Viamao,VIA_L3,Pepsi_Black,6,0.0,0.0,0.0,0.0,0.0,8786.96
125,Viamao,VIA_L3,Pepsi_Black,7,0.0,0.0,0.0,0.0,0.0,0.0
125,Viamao,VIA_L3,Pepsi_Black,8,0.0,0.0,3720.14,0.0,0.0,3720.14
125,Viamao,VIA_L3,Pepsi_Black,9,0.0,0.0,0.0,0.0,0.0,0.0
125,Viamao,VIA_L3,Pepsi_Black,10,0.0,0.0,0.0,0.0,0.0,0.0
125,Viamao,VIA_L3,Pepsi_Black,11,0.0,0.0,0.0,0.0,0.0,0.0
125,Viamao,VIA_L3,Pepsi_Black,12,0.0,0.0,0.0,0.0,0.0,0.0
125,Viamao,VIA_L3,Pepsi_Black,13,0.0,0.0,0.0,0.0,0.0,0.0
125,Viamao,VIA_L3,Pepsi_Black,14,0.0,0.0,0.0,0.0,0.0,0.0
125,Viamao,VIA_L3,Pepsi_Black,15,0.0,0.0,0.0,0.0,0.0,0.0
125,Viamao,VIA_L3,Del_Valle_Laranja,1,0.0,0.0,0.0,0.0,0.0,0.0
125,Viamao,VIA_L3,Del_Valle_Laranja,2,0.0,0.0,0.0,0.0,0.0,24177.24
125,Viamao,VIA_L3,Del_Valle_Laranja,3,0.0,0.0,0.0,0.0,0.0,10442.18
125,Viamao,VIA_L3,Del_Valle_Laranja,4,0.0,0.0,0.0,0.0,0.0,0.0
125,Viamao,VIA_L3,Del_Valle_Laranja,5,0.0,0.0,12114.28,0.0,0.0,58808.34
125,Viamao,VIA_L3,Del_Valle_Laranja,6,0.0,0.0,0.0,0.0,0.0,0.0
125,Viamao,VIA_L3,Del_Valle_Laranja,7,0.0,0.0,0.0,0.0,0.0,0.0
125,Viamao,VIA_L3,Del_Valle_Laranja,8,0.0,0.0,0.0,0.0,0.0,0.0
125,Viamao,VIA_L3,Del_Valle_Laranja,9,0.0,0.0,0.0,0.0,0.0,8969.14
125,Viamao,VIA_L3,Del_Valle_Laranja,10,0.0,0.0,0.0,0.0,0.0,0.0
125,Viamao,VIA_L3,Del_Valle_Laranja,11,0.0,0.0,0.0,0.0,0.0,0.0
125,Viamao,VIA_L3,Del_Valle_Laranja,12,0.0,0.0,0.0,0.0,0.0,0.0
125,Viamao,VIA_L3,Del_Valle_Laranja,13,0.0,0.0,0.0,0.0,0.0,0.0
125,Viamao,VIA_L3,Del_Valle_Laranja,14,0.0,0.0,0.0,0.0,0.0,0.0
125,Viamao,VIA_L3,Del_Valle_Laranja,15,0.0,0.0,0.0,0.0,0.0,47434.81999999999
125,Viamao,VIA_L3,Itubaina,1,0.0,0.0,0.0,0.0,0.0,0.0
125,Viamao,VIA_L3,Itubaina,2,0.0,0.0,0.0,0.0,0.0,0.0
125,Viamao,VIA_L3,Itubaina,3,0.0,0.0,21299.81,0.0,0.0,21299.81
125,Viamao,VIA_L3,Itubaina,4,0.0,0.0,0.0,0.0,0.0,7236.65
125,Viamao,VIA_L3,Itubaina,5,0.0,0.0,0.0,0.0,0.0,0.0
125,Viamao,VIA_L3,Itubaina,6,0.0,0.0,0.0,0.0,0.0,0.0
125,Viamao,VIA_L3,Itubaina,7,0.0,0.0,0.0,0.0,0.0,12224.54
125,Viamao,VIA_L3,Itubaina,8,0.0,0.0,0.0,0.0,0.0,0.0
125,Viamao,VIA_L3,Itubaina,9,0.0,0.0,0.0,0.0,0.0,0.0
125,Viamao,VIA_L3,Itubaina,10,0.0,0.0,0.0,0.0,0.0,0.0
125,Viamao,VIA_L3,Itubaina,11,0.0,0.0,0.0,0.0,0.0,0.0
125,Viamao,VIA_L3,Itubaina,12,0.0,0.0,0.0,0.0,0.0,0.0
125,Viamao,VIA_L3,Itubaina,13,0.0,0.0,0.0,0.0,0.0,0.0
125,Viamao,VIA_L3,Itubaina,14,0.0,0.0,0.0,0.0,0.0,15686.5
125,Viamao,VIA_L3,Itubaina,15,0.0,0.0,0.0,0.0,0.0,0.0
125,Viamao,VIA_L3,Stella_Artois_Pure_Gold,1,0.0,0.0,0.0,0.0,0.0,0.0
125,Viamao,VIA_L3,Stella_Artois_Pure_Gold,2,0.0,0.0,0.0,0.0,0.0,0.0
125,Viamao,VIA_L3,Stella_Artois_Pure_Gold,3,0.0,0.0,1167.79,0.0,0.0,1167.79
125,Viamao,VIA_L3,Stella_Artois_Pure_Gold,4,0.0,0.0,0.0,0.0,0.0,0.0
125,Viamao,VIA_L3,Stella_Artois_Pure_Gold,5,0.0,0.0,0.0,0.0,0.0,0.0
125,Viamao,VIA_L3,Stella_Artois_Pure_Gold,6,0.0,0.0,0.0,0.0,0.0,0.0
125,Viamao,VIA_L3,Stella_Artois_Pure_Gold,7,0.0,0.0,0.0,0.0,0.0,0.0
125,Viamao,VIA_L3,Stella_Artois_Pure_Gold,8,0.0,0.0,0.0,0.0,0.0,0.0
125,Viamao,VIA_L3,Stella_Artois_Pure_Gold,9,0.0,0.0,0.0,0.0,0.0,0.0
125,Viamao,VIA_L3,Stella_Artois_Pure_Gold,10,0.0,0.0,0.0,0.0,0.0,0.0
125,Viamao,VIA_L3,Stella_Artois_Pure_Gold,11,0.0,0.0,0.0,0.0,0.0,24334.47
125,Viamao,VIA_L3,Stella_Artois_Pure_Gold,12,0.0,0.0,0.0,0.0,0.0,0.0
125,Viamao,VIA_L3,Stella_Artois_Pure_Gold,13,0.0,0.0,0.0,0.0,0.0,0.0
125,Viamao,VIA_L3,Stella_Artois_Pure_Gold,14,0.0,0.0,0.0,0.0,0.0,0.0
125,Viamao,VIA_L3,Stella_Artois_Pure_Gold,15,0.0,0.0,0.0,0.0,0.0,29528.06
125,Viamao,VIA_L3,Maguary_Caju,1,0.0,0.0,0.0,0.0,0.0,0.0
125,Viamao,VIA_L3,Maguary_Caju,2,0.0,0.0,0.0,0.0,0.0,0.0
125,Viamao,VIA_L3,Maguary_Caju,3,0.0,0.0,0.0,0.0,0.0,0.0
125,Viamao,VIA_L3,Maguary_Caju,4,0.0,0.0,0.0,0.0,0.0,13262.73
125,Viamao,VIA_L3,Maguary_Caju,5,0.0,0.0,0.0,0.0,36432.0,0.0
125,Viamao,VIA_L3,Maguary_Caju,6,0.0,0.0,0.0,0.0,12724.2,0.0
125,Viamao,VIA_L3,Maguary_Caju,7,0.0,0.0,0.0,0.0,0.0,0.0
125,Viamao,VIA_L3,Maguary_Caju,8,0.0,0.0,0.0,47891.31,0.0,0.0
125,Viamao,VIA_L3,Maguary_Caju,9,0.0,0.0,0.0,0.0,0.0,0.0
125,Viamao,VIA_L3,Maguary_Caju,10,0.0,0.0,0.0,0.0,0.0,0.0
125,Viamao,VIA_L3,Maguary_Caju,11,0.0,0.0,0.0,0.0,0.0,0.0
125,Viamao,VIA_L3,Maguary_Caju,12,0.0,0.0,0.0,0.0,0.0,0.0
125,Viamao,VIA_L3,Maguary_Caju,13,0.0,0.0,0.0,0.0,0.0,0.0
125,Viamao,VIA_L3,Maguary_Caju,14,0.0,0.0,0.0,0.0,0.0,0.0
125,Viamao,VIA_L3,Maguary_Caju,15,0.0,0.0,0.0,0.0,0.0,0.0
125,Viamao,VIA_L3,Coca_Cola_Zero,1,0.0,0.0,0.0,0.0,0.0,0.0
125,Viamao,VIA_L3,Coca_Cola_Zero,2,0.0,0.0,0.0,0.0,0.0,0.0
125,Viamao,VIA_L3,Coca_Cola_Zero,3,0.0,0.0,0.0,0.0,0.0,0.0
125,Viamao,VIA_L3,Coca_Cola_Zero,4,0.0,0.0,0.0,0.0,0.0,0.0
125,Viamao,VIA_L3,Coca_Cola_Zero,5,0.0,0.0,0.0,0.0,0.0,0.0
125,Viamao,VIA_L3,Coca_Cola_Zero,6,0.0,0.0,0.0,0.0,0.0,0.0
125,Viamao,VIA_L3,Coca_Cola_Zero,7,0.0,0.0,0.0,0.0,0.0,0.0
125,Viamao,VIA_L3,Coca_Cola_Zero,8,0.0,0.0,0.0,0.0,0.0,0.0
125,Viamao,VIA_L3,Coca_Cola_Zero,9,0.0,0.0,0.0,0.0,0.0,0.0
125,Viamao,VIA_L3,Coca_Cola_Zero,10,0.0,0.0,0.0,0.0,0.0,0.0
125,Viamao,VIA_L3,Coca_Cola_Zero,11,0.0,0.0,0.0,0.0,0.0,0.0
125,Viamao,VIA_L3,Coca_Cola_Zero,12,0.0,0.0,41276.99,0.0,0.0,41276.99
125,Viamao,VIA_L3,Coca_Cola_Zero,13,0.0,0.0,4808.26,0.0,0.0,4808.26
125,Viamao,VIA_L3,Coca_Cola_Zero,14,0.0,0.0,0.0,0.0,0.0,15122.04
125,Viamao,VIA_L3,Coca_Cola_Zero,15,0.0,0.0,0.0,0.0,0.0,0.0
125,Viamao,VIA_L3,Pepsi,1,0.0,0.0,0.0,0.0,0.0,0.0
125,Viamao,VIA_L3,Pepsi,2,0.0,0.0,0.0,0.0,0.0,0.0
125,Viamao,VIA_L3,Pepsi,3,0.0,0.0,0.0,0.0,0.0,0.0
125,Viamao,VIA_L3,Pepsi,4,0.0,0.0,0.0,0.0,0.0,0.0
125,Viamao,VIA_L3,Pepsi,5,0.0,0.0,0.0,0.0,0.0,0.0
125,Viamao,VIA_L3,Pepsi,6,0.0,0.0,0.0,0.0,0.0,0.0
125,Viamao,VIA_L3,Pepsi,7,0.0,0.0,0.0,0.0,0.0,0.0
125,Viamao,VIA_L3,Pepsi,8,0.0,0.0,0.0,0.0,0.0,5486.59
125,Viamao,VIA_L3,Pepsi,9,0.0,0.0,0.0,0.0,0.0,0.0
125,Viamao,VIA_L3,Pepsi,10,0.0,0.0,0.0,0.0,0.0,0.0
125,Viamao,VIA_L3,Pepsi,11,0.0,0.0,0.0,0.0,0.0,0.0
125,Viamao,VIA_L3,Pepsi,12,0.0,0.0,0.0,0.0,0.0,0.0
125,Viamao,VIA_L3,Pepsi,13,0.0,0.0,0.0,0.0,0.0,0.0
125,Viamao,VIA_L3,Pepsi,14,0.0,0.0,0.0,0.0,0.0,0.0
125,Viamao,VIA_L3,Pepsi,15,0.0,0.0,0.0,0.0,0.0,0.0
125,Viamao,VIA_L3,Antarctica_Lata,1,0.0,0.0,0.0,0.0,0.0,0.0
125,Viamao,VIA_L3,Antarctica_Lata,2,0.0,0.0,0.0,0.0,0.0,0.0
125,Viamao,VIA_L3,Antarctica_Lata,3,0.0,0.0,0.0,0.0,0.0,0.0
125,Viamao,VIA_L3,Antarctica_Lata,4,0.0,0.0,0.0,0.0,0.0,0.0
125,Viamao,VIA_L3,Antarctica_Lata,5,0.0,0.0,0.0,0.0,0.0,0.0
125,Viamao,VIA_L3,Antarctica_Lata,6,0.0,0.0,0.0,0.0,0.0,0.0
125,Viamao,VIA_L3,Antarctica_Lata,7,0.0,0.0,0.0,0.0,0.0,0.0
125,Viamao,VIA_L3,Antarctica_Lata,8,0.0,0.0,0.0,0.0,0.0,0.0
125,Viamao,VIA_L3,Antarctica_Lata,9,0.0,0.0,10598.649999999996,19886.190000000002,0.0,10598.649999999996
125,Viamao,VIA_L3,Antarctica_Lata,10,0.0,0.0,0.0,0.0,0.0,0.0
125,Viamao,VIA_L3,Antarctica_Lata,11,0.0,0.0,0.0,0.0,0.0,0.0
125,Viamao,VIA_L3,Antarctica_Lata,12,0.0,0.0,0.0,0.0,0.0,0.0
125,Viamao,VIA_L3,Antarctica_Lata,13,0.0,0.0,0.0,0.0,0.0,0.0
125,Viamao,VIA_L3,Antarctica_Lata,14,0.0,0.0,0.0,0.0,0.0,0.0
125,Viamao,VIA_L3,Antarctica_Lata,15,0.0,0.0,0.0,0.0,0.0,0.0
125,Viamao,VIA_L3,Spaten_Lata,1,0.0,0.0,24529.34,0.0,78528.0,24529.34
125,Viamao,VIA_L3,Spaten_Lata,2,0.0,0.0,0.0,0.0,39228.35,0.0
125,Viamao,VIA_L3,Spaten_Lata,3,0.0,0.0,21740.2,0.0,35793.670000000006,21740.2
125,Viamao,VIA_L3,Spaten_Lata,4,0.0,0.0,13256.81,0.0,5110.959999999995,13256.81
125,Viamao,VIA_L3,Spaten_Lata,5,0.0,0.0,0.0,0.0,0.0,0.0
125,Viamao,VIA_L3,Spaten_Lata,6,0.0,0.0,0.0,0.0,28939.800000000003,0.0
125,Viamao,VIA_L3,Spaten_Lata,7,0.0,0.0,0.0,0.0,37872.0,2807.2
125,Viamao,VIA_L3,Spaten_Lata,8,0.0,0.0,0.0,0.0,40463.99999999999,0.0
125,Viamao,VIA_L3,Spaten_Lata,9,0.0,0.0,0.0,0.0,31242.340000000037,15667.75
125,Viamao,VIA_L3,Spaten_Lata,10,0.0,0.0,0.0,0.0,26253.9,0.0
125,Viamao,VIA_L3,Spaten_Lata,11,0.0,0.0,0.0,0.0,58257.59000000001,0.0
125,Viamao,VIA_L3,Spaten_Lata,12,0.0,0.0,0.0,0.0,32557.34,0.0
125,Viamao,VIA_L3,Spaten_Lata,13,0.0,0.0,0.0,0.0,24183.48,0.0
125,Viamao,VIA_L3,Spaten_Lata,14,0.0,0.0,0.0,0.0,34797.10999999999,0.0
125,Viamao,VIA_L3,Spaten_Lata,15,0.0,0.0,0.0,0.0,43299.6,0.0
125,Viamao,VIA_L3,Heineken_Lata,1,0.0,0.0,0.0,0.0,0.0,0.0
125,Viamao,VIA_L3,Heineken_Lata,2,0.0,0.0,0.0,0.0,0.0,0.0
125,Viamao,VIA_L3,Heineken_Lata,3,0.0,0.0,0.0,0.0,0.0,17848.21
125,Viamao,VIA_L3,Heineken_Lata,4,0.0,0.0,0.0,0.0,0.0,0.0
125,Viamao,VIA_L3,Heineken_Lata,5,0.0,0.0,2745.36,0.0,0.0,2745.36
125,Viamao,VIA_L3,Heineken_Lata,6,0.0,0.0,23408.18,0.0,0.0,27947.58
125,Viamao,VIA_L3,Heineken_Lata,7,0.0,0.0,0.0,0.0,0.0,0.0
125,Viamao,VIA_L3,Heineken_Lata,8,0.0,0.0,0.0,0.0,0.0,0.0
125,Viamao,VIA_L3,Heineken_Lata,9,0.0,0.0,0.0,0.0,0.0,0.0
125,Viamao,VIA_L3,Heineken_Lata,10,0.0,0.0,0.0,0.0,0.0,0.0
125,Viamao,VIA_L3,Heineken_Lata,11,0.0,0.0,0.0,0.0,0.0,0.0
125,Viamao,VIA_L3,Heineken_Lata,12,0.0,0.0,0.0,0.0,0.0,0.0
125,Viamao,VIA_L3,Heineken_Lata,13,0.0,0.0,0.0,0.0,0.0,1077.26
125,Viamao,VIA_L3,Heineken_Lata,14,0.0,0.0,0.0,0.0,0.0,0.0
125,Viamao,VIA_L3,Heineken_Lata,15,0.0,0.0,0.0,0.0,0.0,0.0
125,Viamao,VIA_L3,Sukita_Laranja,1,0.0,0.0,0.0,0.0,0.0,0.0
125,Viamao,VIA_L3,Sukita_Laranja,2,0.0,0.0,0.0,0.0,0.0,0.0
125,Viamao,VIA_L3,Sukita_Laranja,3,0.0,0.0,0.0,0.0,0.0,0.0
125,Viamao,VIA_L3,Sukita_Laranja,4,0.0,0.0,0.0,0.0,0.0,0.0
125,Viamao,VIA_L3,Sukita_Laranja,5,0.0,0.0,0.0,0.0,0.0,0.0
125,Viamao,VIA_L3,Sukita_Laranja,6,0.0,0.0,0.0,0.0,0.0,10767.49
125,Viamao,VIA_L3,Sukita_Laranja,7,0.0,0.0,0.0,0.0,0.0,0.0
125,Viamao,VIA_L3,Sukita_Laranja,8,0.0,0.0,0.0,0.0,0.0,0.0
125,Viamao,VIA_L3,Sukita_Laranja,9,0.0,0.0,0.0,0.0,0.0,0.0
125,Viamao,VIA_L3,Sukita_Laranja,10,0.0,0.0,0.0,0.0,0.0,0.0
125,Viamao,VIA_L3,Sukita_Laranja,11,0.0,0.0,0.0,0.0,0.0,0.0
125,Viamao,VIA_L3,Sukita_Laranja,12,0.0,0.0,0.0,0.0,0.0,0.0
125,Viamao,VIA_L3,Sukita_Laranja,13,0.0,0.0,0.0,0.0,0.0,0.0
125,Viamao,VIA_L3,Sukita_Laranja,14,0.0,0.0,0.0,0.0,0.0,0.0
125,Viamao,VIA_L3,Sukita_Laranja,15,0.0,0.0,0.0,0.0,0.0,0.0
125,Viamao,VIA_L3,H2OH_Limao,1,0.0,0.0,0.0,0.0,0.0,0.0
125,Viamao,VIA_L3,H2OH_Limao,2,0.0,0.0,0.0,0.0,20734.1,0.0
125,Viamao,VIA_L3,H2OH_Limao,3,0.0,0.0,0.0,0.0,14033.660000000005,0.0
125,Viamao,VIA_L3,H2OH_Limao,4,0.0,0.0,0.0,0.0,13946.660000000002,0.0
125,Viamao,VIA_L3,H2OH_Limao,5,0.0,0.0,0.0,0.0,34170.12,0.0
125,Viamao,VIA_L3,H2OH_Limao,6,0.0,0.0,0.0,0.0,0.0,0.0
125,Viamao,VIA_L3,H2OH_Limao,7,0.0,0.0,0.0,0.0,0.0,0.0
125,Viamao,VIA_L3,H2OH_Limao,8,0.0,0.0,0.0,0.0,0.0,42967.080000000016
125,Viamao,VIA_L3,H2OH_Limao,9,0.0,0.0,0.0,0.0,0.0,0.0
125,Viamao,VIA_L3,H2OH_Limao,10,0.0,0.0,0.0,0.0,0.0,0.0
125,Viamao,VIA_L3,H2OH_Limao,11,0.0,0.0,0.0,0.0,16286.409999999996,0.0
125,Viamao,VIA_L3,H2OH_Limao,12,0.0,0.0,0.0,0.0,0.0,0.0
125,Viamao,VIA_L3,H2OH_Limao,13,0.0,0.0,0.0,0.0,0.0,0.0
125,Viamao,VIA_L3,H2OH_Limao,14,0.0,0.0,0.0,0.0,0.0,0.0
125,Viamao,VIA_L3,H2OH_Limao,15,0.0,0.0,0.0,0.0,0.0,0.0
125,Viamao,VIA_L3,Budweiser_Lata,1,0.0,0.0,0.0,0.0,0.0,0.0
125,Viamao,VIA_L3,Budweiser_Lata,2,0.0,0.0,0.0,0.0,0.0,29475.88
125,Viamao,VIA_L3,Budweiser_Lata,3,0.0,0.0,0.0,0.0,0.0,0.0
125,Viamao,VIA_L3,Budweiser_Lata,4,0.0,0.0,0.0,0.0,0.0,29450.85
125,Viamao,VIA_L3,Budweiser_Lata,5,0.0,0.0,0.0,0.0,0.0,0.0
125,Viamao,VIA_L3,Budweiser_Lata,6,0.0,0.0,0.0,0.0,0.0,0.0
125,Viamao,VIA_L3,Budweiser_Lata,7,0.0,0.0,0.0,0.0,0.0,0.0
125,Viamao,VIA_L3,Budweiser_Lata,8,0.0,0.0,0.0,0.0,0.0,0.0
125,Viamao,VIA_L3,Budweiser_Lata,9,0.0,0.0,0.0,0.0,0.0,0.0
125,Viamao,VIA_L3,Budweiser_Lata,10,0.0,0.0,0.0,0.0,0.0,0.0
125,Viamao,VIA_L3,Budweiser_Lata,11,0.0,0.0,0.0,0.0,0.0,0.0
125,Viamao,VIA_L3,Budweiser_Lata,12,0.0,0.0,0.0,0.0,0.0,0.0
125,Viamao,VIA_L3,Budweiser_Lata,13,0.0,0.0,0.0,0.0,0.0,0.0
125,Viamao,VIA_L3,Budweiser_Lata,14,0.0,0.0,0.0,0.0,0.0,0.0
125,Viamao,VIA_L3,Budweiser_Lata,15,0.0,0.0,0.0,0.0,0.0,0.0
125,Viamao,VIA_L3,Kuat,1,31670.230000000003,0.0,0.0,0.0,31670.230000000003,0.0
125,Viamao,VIA_L3,Kuat,2,0.0,0.0,0.0,0.0,6012.59,0.0
125,Viamao,VIA_L3,Kuat,3,0.0,0.0,0.0,0.0,0.0,0.0
125,Viamao,VIA_L3,Kuat,4,0.0,0.0,0.0,0.0,0.0,0.0
125,Viamao,VIA_L3,Kuat,5,0.0,0.0,0.0,0.0,0.0,0.0
125,Viamao,VIA_L3,Kuat,6,0.0,21684.13,0.0,0.0,0.0,21684.13
125,Viamao,VIA_L3,Kuat,7,0.0,0.0,32935.07,0.0,0.0,11250.939999999999
125,Viamao,VIA_L3,Kuat,8,0.0,0.0,0.0,0.0,0.0,0.0
125,Viamao,VIA_L3,Kuat,9,0.0,0.0,0.0,0.0,0.0,0.0
125,Viamao,VIA_L3,Kuat,10,0.0,0.0,0.0,0.0,0.0,0.0
125,Viamao,VIA_L3,Kuat,11,0.0,0.0,0.0,0.0,0.0,0.0
125,Viamao,VIA_L3,Kuat,12,0.0,0.0,0.0,0.0,0.0,0.0
125,Viamao,VIA_L3,Kuat,13,0.0,0.0,0.0,0.0,0.0,13314.64
125,Viamao,VIA_L3,Kuat,14,0.0,0.0,0.0,0.0,0.0,0.0
125,Viamao,VIA_L3,Kuat,15,0.0,0.0,0.0,0.0,16864.819999999996,0.0
125,Viamao,VIA_L3,Fanta_Uva,1,0.0,0.0,0.0,0.0,0.0,5168.95
125,Viamao,VIA_L3,Fanta_Uva,2,0.0,0.0,0.0,0.0,0.0,0.0
125,Viamao,VIA_L3,Fanta_Uva,3,0.0,0.0,0.0,0.0,0.0,0.0
125,Viamao,VIA_L3,Fanta_Uva,4,0.0,0.0,0.0,0.0,0.0,0.0
125,Viamao,VIA_L3,Fanta_Uva,5,0.0,0.0,0.0,0.0,0.0,0.0
125,Viamao,VIA_L3,Fanta_Uva,6,0.0,0.0,0.0,0.0,0.0,0.0
125,Viamao,VIA_L3,Fanta_Uva,7,0.0,0.0,0.0,0.0,0.0,0.0
125,Viamao,VIA_L3,Fanta_Uva,8,0.0,0.0,0.0,0.0,0.0,0.0
125,Viamao,VIA_L3,Fanta_Uva,9,0.0,0.0,0.0,0.0,0.0,0.0
125,Viamao,VIA_L3,Fanta_Uva,10,0.0,0.0,0.0,0.0,0.0,0.0
125,Viamao,VIA_L3,Fanta_Uva,11,0.0,0.0,0.0,0.0,0.0,0.0
125,Viamao,VIA_L3,Fanta_Uva,12,0.0,0.0,0.0,0.0,0.0,0.0
125,Viamao,VIA_L3,Fanta_Uva,13,0.0,0.0,0.0,0.0,0.0,28540.339999999993
125,Viamao,VIA_L3,Fanta_Uva,14,0.0,0.0,0.0,0.0,0.0,0.0
125,Viamao,VIA_L3,Fanta_Uva,15,0.0,0.0,0.0,0.0,0.0,0.0
125,Viamao,VIA_L3,Sprite,1,0.0,0.0,0.0,0.0,0.0,0.0
125,Viamao,VIA_L3,Sprite,2,0.0,0.0,0.0,0.0,35.65000000000441,0.0
125,Viamao,VIA_L3,Sprite,3,0.0,0.0,0.0,0.0,5078.329999999991,0.0
125,Viamao,VIA_L3,Sprite,4,0.0,0.0,0.0,0.0,0.0,0.0
125,Viamao,VIA_L3,Sprite,5,0.0,0.0,0.0,0.0,0.0,8990.08
125,Viamao,VIA_L3,Sprite,6,0.0,0.0,0.0,0.0,0.0,0.0
125,Viamao,VIA_L3,Sprite,7,0.0,0.0,0.0,0.0,0.0,0.0
125,Viamao,VIA_L3,Sprite,8,0.0,0.0,0.0,0.0,0.0,0.0
125,Viamao,VIA_L3,Sprite,9,0.0,0.0,0.0,0.0,0.0,0.0
125,Viamao,VIA_L3,Sprite,10,0.0,0.0,0.0,0.0,13514.099999999999,0.0
125,Viamao,VIA_L3,Sprite,11,0.0,0.0,0.0,0.0,0.0,0.0
125,Viamao,VIA_L3,Sprite,12,0.0,0.0,0.0,0.0,5386.659999999999,0.0
125,Viamao,VIA_L3,Sprite,13,0.0,0.0,0.0,0.0,0.0,0.0
125,Viamao,VIA_L3,Sprite,14,0.0,0.0,0.0,0.0,0.0,0.0
125,Viamao,VIA_L3,Sprite,15,0.0,0.0,0.0,0.0,0.0,0.0
125,Viamao,VIA_L3,Skol_Lata,1,0.0,0.0,0.0,0.0,0.0,0.0
125,Viamao,VIA_L3,Skol_Lata,2,0.0,0.0,0.0,0.0,0.0,0.0
125,Viamao,VIA_L3,Skol_Lata,3,0.0,0.0,0.0,0.0,0.0,0.0
125,Viamao,VIA_L3,Skol_Lata,4,0.0,0.0,0.0,0.0,0.0,0.0
125,Viamao,VIA_L3,Skol_Lata,5,0.0,0.0,0.0,0.0,0.0,0.0
125,Viamao,VIA_L3,Skol_Lata,6,0.0,0.0,0.0,0.0,0.0,4123.48
125,Viamao,VIA_L3,Skol_Lata,7,0.0,0.0,0.0,0.0,0.0,0.0
125,Viamao,VIA_L3,Skol_Lata,8,0.0,0.0,0.0,0.0,0.0,0.0
125,Viamao,VIA_L3,Skol_Lata,9,0.0,0.0,0.0,0.0,0.0,0.0
125,Viamao,VIA_L3,Skol_Lata,10,0.0,0.0,0.0,0.0,0.0,0.0
125,Viamao,VIA_L3,Skol_Lata,11,0.0,0.0,0.0,0.0,0.0,0.0
125,Viamao,VIA_L3,Skol_Lata,12,0.0,0.0,0.0,0.0,0.0,0.0
125,Viamao,VIA_L3,Skol_Lata,13,0.0,0.0,0.0,0.0,0.0,0.0
125,Viamao,VIA_L3,Skol_Lata,14,0.0,0.0,0.0,0.0,0.0,0.0
125,Viamao,VIA_L3,Skol_Lata,15,0.0,0.0,0.0,0.0,0.0,0.0
125,Viamao,VIA_L3,Guarana_Antarctica,1,0.0,0.0,0.0,0.0,0.0,0.0
125,Viamao,VIA_L3,Guarana_Antarctica,2,0.0,0.0,0.0,0.0,0.0,0.0
125,Viamao,VIA_L3,Guarana_Antarctica,3,0.0,0.0,0.0,0.0,0.0,0.0
125,Viamao,VIA_L3,Guarana_Antarctica,4,0.0,0.0,0.0,0.0,0.0,0.0
125,Viamao,VIA_L3,Guarana_Antarctica,5,0.0,0.0,0.0,0.0,0.0,0.0
125,Viamao,VIA_L3,Guarana_Antarctica,6,0.0,0.0,0.0,0.0,0.0,0.0
125,Viamao,VIA_L3,Guarana_Antarctica,7,0.0,0.0,0.0,0.0,0.0,0.0
125,Viamao,VIA_L3,Guarana_Antarctica,8,0.0,0.0,0.0,0.0,0.0,0.0
125,Viamao,VIA_L3,Guarana_Antarctica,9,0.0,0.0,0.0,23663.25,0.0,0.0
125,Viamao,VIA_L3,Guarana_Antarctica,10,0.0,0.0,0.0,0.0,0.0,0.0
125,Viamao,VIA_L3,Guarana_Antarctica,11,0.0,0.0,0.0,0.0,0.0,21015.980000000007
125,Viamao,VIA_L3,Guarana_Antarctica,12,0.0,0.0,0.0,0.0,0.0,3472.270000000004
125,Viamao,VIA_L3,Guarana_Antarctica,13,0.0,0.0,0.0,0.0,0.0,0.0
125,Viamao,VIA_L3,Guarana_Antarctica,14,0.0,0.0,0.0,0.0,0.0,0.0
125,Viamao,VIA_L3,Guarana_Antarctica,15,0.0,0.0,0.0,0.0,0.0,0.0
125,Viamao,VIA_L3,Guarana_Antarctica_Zero,1,0.0,0.0,0.0,0.0,0.0,0.0
125,Viamao,VIA_L3,Guarana_Antarctica_Zero,2,0.0,0.0,0.0,0.0,0.0,0.0
125,Viamao,VIA_L3,Guarana_Antarctica_Zero,3,0.0,0.0,0.0,0.0,0.0,0.0
125,Viamao,VIA_L3,Guarana_Antarctica_Zero,4,0.0,0.0,0.0,0.0,0.0,0.0
125,Viamao,VIA_L3,Guarana_Antarctica_Zero,5,0.0,0.0,0.0,0.0,0.0,0.0
125,Viamao,VIA_L3,Guarana_Antarctica_Zero,6,0.0,0.0,0.0,0.0,0.0,0.0
125,Viamao,VIA_L3,Guarana_Antarctica_Zero,7,0.0,0.0,0.0,0.0,0.0,0.0
125,Viamao,VIA_L3,Guarana_Antarctica_Zero,8,0.0,0.0,0.0,0.0,0.0,0.0
125,Viamao,VIA_L3,Guarana_Antarctica_Zero,9,0.0,0.0,0.0,0.0,0.0,12258.88
125,Viamao,VIA_L3,Guarana_Antarctica_Zero,10,0.0,0.0,0.0,0.0,0.0,24882.339999999997
125,Viamao,VIA_L3,Guarana_Antarctica_Zero,11,0.0,0.0,0.0,0.0,0.0,0.0
125,Viamao,VIA_L3,Guarana_Antarctica_Zero,12,0.0,0.0,0.0,0.0,0.0,0.0
125,Viamao,VIA_L3,Guarana_Antarctica_Zero,13,0.0,0.0,0.0,0.0,0.0,0.0
125,Viamao,VIA_L3,Guarana_Antarctica_Zero,14,0.0,0.0,0.0,0.0,0.0,0.0
125,Viamao,VIA_L3,Guarana_Antarctica_Zero,15,0.0,0.0,0.0,0.0,0.0,0.0
125,Viamao,VIA_L3,Del_Valle_Uva,1,0.0,0.0,4059.8600000000024,14820.099999999997,0.0,4059.8600000000024
125,Viamao,VIA_L3,Del_Valle_Uva,2,0.0,0.0,0.0,0.0,0.0,0.0
125,Viamao,VIA_L3,Del_Valle_Uva,3,0.0,0.0,0.0,0.0,0.0,0.0
125,Viamao,VIA_L3,Del_Valle_Uva,4,0.0,0.0,0.0,0.0,0.0,0.0
125,Viamao,VIA_L3,Del_Valle_Uva,5,0.0,0.0,0.0,0.0,0.0,0.0
125,Viamao,VIA_L3,Del_Valle_Uva,6,0.0,0.0,0.0,0.0,0.0,0.0
125,Viamao,VIA_L3,Del_Valle_Uva,7,0.0,0.0,0.0,0.0,0.0,0.0
125,Viamao,VIA_L3,Del_Valle_Uva,8,0.0,0.0,0.0,0.0,0.0,0.0
125,Viamao,VIA_L3,Del_Valle_Uva,9,0.0,0.0,0.0,0.0,0.0,0.0
125,Viamao,VIA_L3,Del_Valle_Uva,10,0.0,0.0,0.0,0.0,0.0,0.0
125,Viamao,VIA_L3,Del_Valle_Uva,11,0.0,0.0,0.0,0.0,0.0,0.0
125,Viamao,VIA_L3,Del_Valle_Uva,12,0.0,0.0,0.0,0.0,0.0,0.0
125,Viamao,VIA_L3,Del_Valle_Uva,13,0.0,0.0,0.0,0.0,0.0,0.0
125,Viamao,VIA_L3,Del_Valle_Uva,14,0.0,0.0,0.0,0.0,0.0,0.0
125,Viamao,VIA_L3,Del_Valle_Uva,15,0.0,0.0,28191.120000000003,21970.21,0.0,28191.120000000003
125,Viamao,VIA_L3,Brahma_Lata,1,0.0,0.0,0.0,0.0,0.0,0.0
125,Viamao,VIA_L3,Brahma_Lata,2,0.0,0.0,0.0,0.0,0.0,0.0
125,Viamao,VIA_L3,Brahma_Lata,3,0.0,0.0,0.0,0.0,0.0,0.0
125,Viamao,VIA_L3,Brahma_Lata,4,0.0,0.0,0.0,0.0,0.0,0.0
125,Viamao,VIA_L3,Brahma_Lata,5,0.0,0.0,0.0,0.0,0.0,0.0
125,Viamao,VIA_L3,Brahma_Lata,6,0.0,0.0,0.0,0.0,0.0,0.0
125,Viamao,VIA_L3,Brahma_Lata,7,0.0,0.0,0.0,0.0,0.0,0.0
125,Viamao,VIA_L3,Brahma_Lata,8,0.0,0.0,0.0,0.0,0.0,0.0
125,Viamao,VIA_L3,Brahma_Lata,9,0.0,0.0,0.0,0.0,0.0,0.0
125,Viamao,VIA_L3,Brahma_Lata,10,0.0,0.0,12860.71,0.0,0.0,12860.71
125,Viamao,VIA_L3,Brahma_Lata,11,0.0,0.0,0.0,0.0,0.0,0.0
125,Viamao,VIA_L3,Brahma_Lata,12,0.0,0.0,0.0,0.0,0.0,0.0
125,Viamao,VIA_L3,Brahma_Lata,13,0.0,0.0,0.0,0.0,0.0,0.0
125,Viamao,VIA_L3,Brahma_Lata,14,0.0,0.0,0.0,0.0,0.0,0.0
125,Viamao,VIA_L3,Brahma_Lata,15,0.0,0.0,0.0,0.0,0.0,0.0
125,Viamao,VIA_L3,Itaipava_Lata,1,0.0,0.0,0.0,0.0,0.0,0.0
125,Viamao,VIA_L3,Itaipava_Lata,2,0.0,0.0,0.0,0.0,0.0,0.0
125,Viamao,VIA_L3,Itaipava_Lata,3,0.0,0.0,0.0,0.0,0.0,0.0
125,Viamao,VIA_L3,Itaipava_Lata,4,29710.630000000016,0.0,0.0,0.0,29710.630000000016,0.0
125,Viamao,VIA_L3,Itaipava_Lata,5,28847.61,0.0,0.0,0.0,28847.61,0.0
125,Viamao,VIA_L3,Itaipava_Lata,6,0.0,0.0,0.0,0.0,0.0,0.0
125,Viamao,VIA_L3,Itaipava_Lata,7,15082.340000000002,0.0,0.0,0.0,15082.34,4817.26
125,Viamao,VIA_L3,Itaipava_Lata,8,16769.859999999997,0.0,0.0,0.0,16769.859999999997,0.0
125,Viamao,VIA_L3,Itaipava_Lata,9,0.0,0.0,0.0,0.0,0.0,0.0
125,Viamao,VIA_L3,Itaipava_Lata,10,0.0,0.0,0.0,0.0,0.0,0.0
125,Viamao,VIA_L3,Itaipava_Lata,11,0.0,0.0,0.0,23974.88,0.0,9186.24000000002
125,Viamao,VIA_L3,Itaipava_Lata,12,10654.850000000006,0.0,0.0,0.0,10654.850000000006,0.0
125,Viamao,VIA_L3,Itaipava_Lata,13,15428.92,0.0,15428.92,20806.810000000005,0.0,0.0
125,Viamao,VIA_L3,Itaipava_Lata,14,24292.32,0.0,24292.32,0.0,0.0,0.0
125,Viamao,VIA_L3,Itaipava_Lata,15,29821.3,0.0,0.0,0.0,29821.3,0.0
125,Itupeva,ITU_L1,Maguary_Maracuja,1,0.0,0.0,0.0,0.0,0.0,0.0
125,Itupeva,ITU_L1,Maguary_Maracuja,2,0.0,0.0,0.0,0.0,0.0,0.0
125,Itupeva,ITU_L1,Maguary_Maracuja,3,0.0,0.0,0.0,0.0,0.0,15781.190000000002
125,Itupeva,ITU_L1,Maguary_Maracuja,4,0.0,0.0,0.0,0.0,15781.190000000002,0.0
125,Itupeva,ITU_L1,Maguary_Maracuja,5,0.0,0.0,0.0,0.0,0.0,0.0
125,Itupeva,ITU_L1,Maguary_Maracuja,6,0.0,0.0,0.0,0.0,0.0,52620.96000000001
125,Itupeva,ITU_L1,Maguary_Maracuja,7,0.0,0.0,0.0,0.0,81509.21,0.0
125,Itupeva,ITU_L1,Maguary_Maracuja,8,0.0,0.0,0.0,0.0,0.0,23957.48
125,Itupeva,ITU_L1,Maguary_Maracuja,9,0.0,0.0,0.0,0.0,0.0,0.0
125,Itupeva,ITU_L1,Maguary_Maracuja,10,0.0,0.0,0.0,0.0,12141.660000000003,12141.660000000003
125,Itupeva,ITU_L1,Maguary_Maracuja,11,0.0,0.0,0.0,0.0,0.0,0.0
125,Itupeva,ITU_L1,Maguary_Maracuja,12,0.0,0.0,0.0,0.0,0.0,52827.78
125,Itupeva,ITU_L1,Maguary_Maracuja,13,0.0,0.0,0.0,0.0,52827.78,0.0
125,Itupeva,ITU_L1,Maguary_Maracuja,14,0.0,0.0,0.0,0.0,0.0,0.0
125,Itupeva,ITU_L1,Maguary_Maracuja,15,0.0,0.0,0.0,0.0,0.0,0.0
125,Itupeva,ITU_L1,Fanta_Laranja,1,0.0,0.0,0.0,0.0,0.0,0.0
125,Itupeva,ITU_L1,Fanta_Laranja,2,0.0,0.0,0.0,0.0,0.0,0.0
125,Itupeva,ITU_L1,Fanta_Laranja,3,0.0,0.0,0.0,0.0,15682.91,15682.91
125,Itupeva,ITU_L1,Fanta_Laranja,4,0.0,0.0,0.0,0.0,0.0,0.0
125,Itupeva,ITU_L1,Fanta_Laranja,5,0.0,0.0,0.0,0.0,0.0,0.0
125,Itupeva,ITU_L1,Fanta_Laranja,6,0.0,0.0,0.0,0.0,0.0,0.0
125,Itupeva,ITU_L1,Fanta_Laranja,7,0.0,0.0,0.0,0.0,0.0,0.0
125,Itupeva,ITU_L1,Fanta_Laranja,8,0.0,0.0,0.0,0.0,0.0,0.0
125,Itupeva,ITU_L1,Fanta_Laranja,9,0.0,0.0,0.0,0.0,0.0,0.0
125,Itupeva,ITU_L1,Fanta_Laranja,10,0.0,0.0,0.0,0.0,0.0,0.0
125,Itupeva,ITU_L1,Fanta_Laranja,11,0.0,0.0,0.0,0.0,0.0,0.0
125,Itupeva,ITU_L1,Fanta_Laranja,12,0.0,0.0,0.0,0.0,0.0,0.0
125,Itupeva,ITU_L1,Fanta_Laranja,13,0.0,0.0,0.0,0.0,0.0,0.0
125,Itupeva,ITU_L1,Fanta_Laranja,14,0.0,0.0,0.0,0.0,0.0,0.0
125,Itupeva,ITU_L1,Fanta_Laranja,15,0.0,0.0,0.0,0.0,0.0,0.0
125,Itupeva,ITU_L1,Schweppes_Citrus,1,0.0,0.0,49168.42,0.0,0.0,49168.42
125,Itupeva,ITU_L1,Schweppes_Citrus,2,0.0,0.0,0.0,0.0,0.0,0.0
125,Itupeva,ITU_L1,Schweppes_Citrus,3,0.0,0.0,23341.94,0.0,0.0,37230.13
125,Itupeva,ITU_L1,Schweppes_Citrus,4,0.0,0.0,0.0,0.0,0.0,56192.98
125,Itupeva,ITU_L1,Schweppes_Citrus,5,0.0,0.0,0.0,0.0,2981.8799999999974,2981.8799999999974
125,Itupeva,ITU_L1,Schweppes_Citrus,6,0.0,0.0,0.0,0.0,0.0,0.0
125,Itupeva,ITU_L1,Schweppes_Citrus,7,0.0,0.0,46050.65,0.0,0.0,46050.65
125,Itupeva,ITU_L1,Schweppes_Citrus,8,0.0,0.0,0.0,0.0,0.0,0.0
125,Itupeva,ITU_L1,Schweppes_Citrus,9,0.0,0.0,0.0,0.0,0.0,0.0
125,Itupeva,ITU_L1,Schweppes_Citrus,10,0.0,0.0,0.0,0.0,0.0,21435.64
125,Itupeva,ITU_L1,Schweppes_Citrus,11,0.0,0.0,0.0,0.0,0.0,0.0
125,Itupeva,ITU_L1,Schweppes_Citrus,12,0.0,0.0,0.0,0.0,0.0,0.0
125,Itupeva,ITU_L1,Schweppes_Citrus,13,0.0,0.0,0.0,0.0,0.0,46499.54
125,Itupeva,ITU_L1,Schweppes_Citrus,14,0.0,0.0,25388.93,0.0,0.0,25388.93
125,Itupeva,ITU_L1,Schweppes_Citrus,15,0.0,0.0,0.0,0.0,0.0,0.0
125,Itupeva,ITU_L1,Sprite_Zero,1,0.0,0.0,0.0,0.0,17256.790000000008,0.0
125,Itupeva,ITU_L1,Sprite_Zero,2,0.0,0.0,0.0,0.0,23753.52,0.0
125,Itupeva,ITU_L1,Sprite_Zero,3,0.0,0.0,0.0,0.0,15367.869999999988,0.0
125,Itupeva,ITU_L1,Sprite_Zero,4,0.0,0.0,0.0,0.0,0.0,0.0
125,Itupeva,ITU_L1,Sprite_Zero,5,0.0,0.0,0.0,0.0,40224.0,48083.69
125,Itupeva,ITU_L1,Sprite_Zero,6,0.0,0.0,0.0,0.0,6746.37,0.0
125,Itupeva,ITU_L1,Sprite_Zero,7,0.0,0.0,0.0,0.0,17971.53,0.0
125,Itupeva,ITU_L1,Sprite_Zero,8,0.0,0.0,0.0,0.0,805.58,0.0
125,Itupeva,ITU_L1,Sprite_Zero,9,0.0,0.0,0.0,0.0,38228.649999999994,0.0
125,Itupeva,ITU_L1,Sprite_Zero,10,0.0,0.0,0.0,0.0,18344.010000000002,0.0
125,Itupeva,ITU_L1,Sprite_Zero,11,0.0,0.0,0.0,0.0,7052.530000000006,0.0
125,Itupeva,ITU_L1,Sprite_Zero,12,0.0,0.0,0.0,0.0,44446.08,0.0
125,Itupeva,ITU_L1,Sprite_Zero,13,0.0,0.0,0.0,0.0,16372.84,0.0
125,Itupeva,ITU_L1,Sprite_Zero,14,0.0,0.0,0.0,0.0,46645.35,0.0
125,Itupeva,ITU_L1,Sprite_Zero,15,0.0,0.0,0.0,0.0,21170.83,0.0
125,Itupeva,ITU_L1,Eisenbahn_Pilsen,1,0.0,0.0,0.0,0.0,24407.209999999992,0.0
125,Itupeva,ITU_L1,Eisenbahn_Pilsen,2,0.0,0.0,0.0,0.0,36432.0,0.0
125,Itupeva,ITU_L1,Eisenbahn_Pilsen,3,0.0,0.0,21477.14,0.0,4817.270000000004,21477.14
125,Itupeva,ITU_L1,Eisenbahn_Pilsen,4,0.0,0.0,14649.76,0.0,36216.0,14649.76
125,Itupeva,ITU_L1,Eisenbahn_Pilsen,5,0.0,0.0,0.0,0.0,0.0,0.0
125,Itupeva,ITU_L1,Eisenbahn_Pilsen,6,0.0,0.0,0.0,0.0,24345.85,0.0
125,Itupeva,ITU_L1,Eisenbahn_Pilsen,7,0.0,0.0,0.0,0.0,0.0,0.0
125,Itupeva,ITU_L1,Eisenbahn_Pilsen,8,0.0,0.0,0.0,0.0,10680.300000000001,0.0
125,Itupeva,ITU_L1,Eisenbahn_Pilsen,9,0.0,0.0,0.0,0.0,2835.350000000002,0.0
125,Itupeva,ITU_L1,Eisenbahn_Pilsen,10,0.0,0.0,0.0,0.0,19839.989999999998,0.0
125,Itupeva,ITU_L1,Eisenbahn_Pilsen,11,0.0,0.0,0.0,0.0,5288.080000000002,0.0
125,Itupeva,ITU_L1,Eisenbahn_Pilsen,12,0.0,0.0,0.0,0.0,0.0,0.0
125,Itupeva,ITU_L1,Eisenbahn_Pilsen,13,0.0,0.0,0.0,0.0,36384.0,0.0
125,Itupeva,ITU_L1,Eisenbahn_Pilsen,14,0.0,0.0,0.0,0.0,20755.049999999996,0.0
125,Itupeva,ITU_L1,Eisenbahn_Pilsen,15,0.0,0.0,0.0,0.0,7775.99000000002,0.0
125,Itupeva,ITU_L1,Del_Valle_Pessego,1,0.0,0.0,0.0,0.0,0.0,27114.69
125,Itupeva,ITU_L1,Del_Valle_Pessego,2,0.0,0.0,0.0,0.0,0.0,0.0
125,Itupeva,ITU_L1,Del_Valle_Pessego,3,0.0,0.0,0.0,0.0,0.0,0.0
125,Itupeva,ITU_L1,Del_Valle_Pessego,4,0.0,0.0,0.0,0.0,0.0,0.0
125,Itupeva,ITU_L1,Del_Valle_Pessego,5,0.0,0.0,0.0,0.0,0.0,0.0
125,Itupeva,ITU_L1,Del_Valle_Pessego,6,0.0,0.0,0.0,0.0,0.0,0.0
125,Itupeva,ITU_L1,Del_Valle_Pessego,7,0.0,0.0,0.0,0.0,0.0,0.0
125,Itupeva,ITU_L1,Del_Valle_Pessego,8,0.0,0.0,0.0,0.0,0.0,0.0
125,Itupeva,ITU_L1,Del_Valle_Pessego,9,0.0,0.0,0.0,0.0,0.0,0.0
125,Itupeva,ITU_L1,Del_Valle_Pessego,10,0.0,0.0,0.0,0.0,0.0,0.0
125,Itupeva,ITU_L1,Del_Valle_Pessego,11,0.0,0.0,44436.75,0.0,0.0,44436.75
125,Itupeva,ITU_L1,Del_Valle_Pessego,12,0.0,0.0,0.0,0.0,0.0,0.0
125,Itupeva,ITU_L1,Del_Valle_Pessego,13,0.0,0.0,0.0,0.0,0.0,0.0
125,Itupeva,ITU_L1,Del_Valle_Pessego,14,0.0,0.0,0.0,0.0,0.0,0.0
125,Itupeva,ITU_L1,Del_Valle_Pessego,15,0.0,0.0,0.0,0.0,0.0,0.0
125,Itupeva,ITU_L1,Coca_Cola,1,0.0,0.0,0.0,0.0,0.0,0.0
125,Itupeva,ITU_L1,Coca_Cola,2,0.0,0.0,0.0,0.0,0.0,0.0
125,Itupeva,ITU_L1,Coca_Cola,3,0.0,0.0,0.0,0.0,0.0,0.0
125,Itupeva,ITU_L1,Coca_Cola,4,0.0,0.0,0.0,0.0,0.0,0.0
125,Itupeva,ITU_L1,Coca_Cola,5,0.0,0.0,0.0,0.0,0.0,0.0
125,Itupeva,ITU_L1,Coca_Cola,6,0.0,0.0,0.0,0.0,0.0,0.0
125,Itupeva,ITU_L1,Coca_Cola,7,0.0,0.0,0.0,0.0,0.0,0.0
125,Itupeva,ITU_L1,Coca_Cola,8,0.0,0.0,0.0,0.0,0.0,0.0
125,Itupeva,ITU_L1,Coca_Cola,9,0.0,0.0,0.0,0.0,0.0,0.0
125,Itupeva,ITU_L1,Coca_Cola,10,0.0,0.0,0.0,0.0,0.0,0.0
125,Itupeva,ITU_L1,Coca_Cola,11,0.0,0.0,0.0,0.0,0.0,0.0
125,Itupeva,ITU_L1,Coca_Cola,12,0.0,0.0,0.0,27471.54,0.0,0.0
125,Itupeva,ITU_L1,Coca_Cola,13,0.0,0.0,0.0,0.0,0.0,0.0
125,Itupeva,ITU_L1,Coca_Cola,14,0.0,0.0,0.0,0.0,0.0,0.0
125,Itupeva,ITU_L1,Coca_Cola,15,0.0,0.0,0.0,0.0,0.0,0.0
125,Itupeva,ITU_L1,Amstel_Lata,1,0.0,0.0,0.0,0.0,0.0,0.0
125,Itupeva,ITU_L1,Amstel_Lata,2,0.0,0.0,0.0,0.0,0.0,0.0
125,Itupeva,ITU_L1,Amstel_Lata,3,0.0,0.0,0.0,0.0,0.0,0.0
125,Itupeva,ITU_L1,Amstel_Lata,4,0.0,0.0,0.0,0.0,0.0,0.0
125,Itupeva,ITU_L1,Amstel_Lata,5,0.0,0.0,0.0,0.0,0.0,0.0
125,Itupeva,ITU_L1,Amstel_Lata,6,0.0,0.0,0.0,0.0,20707.099999999984,20707.099999999984
125,Itupeva,ITU_L1,Amstel_Lata,7,0.0,0.0,0.0,0.0,0.0,0.0
125,Itupeva,ITU_L1,Amstel_Lata,8,0.0,0.0,0.0,0.0,32648.47000000002,32648.47000000002
125,Itupeva,ITU_L1,Amstel_Lata,9,0.0,0.0,9213.38,0.0,0.0,62084.17
125,Itupeva,ITU_L1,Amstel_Lata,10,0.0,0.0,0.0,0.0,0.0,26464.26
125,Itupeva,ITU_L1,Amstel_Lata,11,0.0,0.0,0.0,0.0,0.0,0.0
125,Itupeva,ITU_L1,Amstel_Lata,12,0.0,0.0,0.0,0.0,20407.54999999999,20407.54999999999
125,Itupeva,ITU_L1,Amstel_Lata,13,0.0,0.0,0.0,0.0,0.0,0.0
125,Itupeva,ITU_L1,Amstel_Lata,14,0.0,0.0,0.0,0.0,0.0,0.0
125,Itupeva,ITU_L1,Amstel_Lata,15,0.0,0.0,0.0,0.0,0.0,0.0
125,Itupeva,ITU_L1,Pepsi_Black,1,0.0,0.0,0.0,0.0,0.0,0.0
125,Itupeva,ITU_L1,Pepsi_Black,2,0.0,0.0,0.0,0.0,13083.899999999998,13083.899999999998
125,Itupeva,ITU_L1,Pepsi_Black,3,0.0,0.0,0.0,0.0,4323.120000000003,20002.160000000003
125,Itupeva,ITU_L1,Pepsi_Black,4,0.0,0.0,0.0,0.0,0.0,0.0
125,Itupeva,ITU_L1,Pepsi_Black,5,0.0,0.0,0.0,0.0,0.0,15442.03
125,Itupeva,ITU_L1,Pepsi_Black,6,0.0,0.0,0.0,0.0,0.0,0.0
125,Itupeva,ITU_L1,Pepsi_Black,7,0.0,0.0,0.0,0.0,0.0,0.0
125,Itupeva,ITU_L1,Pepsi_Black,8,0.0,0.0,0.0,0.0,0.0,0.0
125,Itupeva,ITU_L1,Pepsi_Black,9,0.0,0.0,0.0,0.0,0.0,0.0
125,Itupeva,ITU_L1,Pepsi_Black,10,0.0,0.0,0.0,0.0,0.0,0.0
125,Itupeva,ITU_L1,Pepsi_Black,11,0.0,0.0,0.0,0.0,0.0,50990.22
125,Itupeva,ITU_L1,Pepsi_Black,12,0.0,0.0,0.0,0.0,0.0,0.0
125,Itupeva,ITU_L1,Pepsi_Black,13,0.0,0.0,0.0,0.0,0.0,0.0
125,Itupeva,ITU_L1,Pepsi_Black,14,0.0,0.0,5323.82,0.0,0.0,5323.82
125,Itupeva,ITU_L1,Pepsi_Black,15,0.0,0.0,0.0,0.0,0.0,0.0
125,Itupeva,ITU_L1,Del_Valle_Laranja,1,0.0,0.0,0.0,0.0,0.0,0.0
125,Itupeva,ITU_L1,Del_Valle_Laranja,2,0.0,0.0,0.0,0.0,0.0,0.0
125,Itupeva,ITU_L1,Del_Valle_Laranja,3,0.0,0.0,0.0,0.0,0.0,0.0
125,Itupeva,ITU_L1,Del_Valle_Laranja,4,0.0,0.0,0.0,0.0,0.0,0.0
125,Itupeva,ITU_L1,Del_Valle_Laranja,5,0.0,0.0,0.0,0.0,0.0,0.0
125,Itupeva,ITU_L1,Del_Valle_Laranja,6,0.0,0.0,0.0,0.0,0.0,0.0
125,Itupeva,ITU_L1,Del_Valle_Laranja,7,0.0,0.0,0.0,0.0,0.0,0.0
125,Itupeva,ITU_L1,Del_Valle_Laranja,8,0.0,0.0,0.0,0.0,0.0,0.0
125,Itupeva,ITU_L1,Del_Valle_Laranja,9,0.0,0.0,0.0,0.0,0.0,0.0
125,Itupeva,ITU_L1,Del_Valle_Laranja,10,0.0,0.0,0.0,0.0,0.0,0.0
125,Itupeva,ITU_L1,Del_Valle_Laranja,11,0.0,0.0,0.0,0.0,0.0,0.0
125,Itupeva,ITU_L1,Del_Valle_Laranja,12,0.0,0.0,0.0,0.0,0.0,0.0
125,Itupeva,ITU_L1,Del_Valle_Laranja,13,0.0,0.0,0.0,0.0,0.0,0.0
125,Itupeva,ITU_L1,Del_Valle_Laranja,14,0.0,0.0,14082.96,0.0,0.0,14082.96
125,Itupeva,ITU_L1,Del_Valle_Laranja,15,0.0,0.0,0.0,0.0,0.0,0.0
125,Itupeva,ITU_L1,Itubaina,1,0.0,0.0,0.0,0.0,0.0,0.0
125,Itupeva,ITU_L1,Itubaina,2,0.0,0.0,50288.78,0.0,0.0,50288.78
125,Itupeva,ITU_L1,Itubaina,3,0.0,0.0,0.0,0.0,0.0,0.0
125,Itupeva,ITU_L1,Itubaina,4,0.0,0.0,0.0,0.0,0.0,0.0
125,Itupeva,ITU_L1,Itubaina,5,0.0,0.0,0.0,0.0,3794.619999999998,0.0
125,Itupeva,ITU_L1,Itubaina,6,0.0,0.0,0.0,0.0,0.0,36836.2
125,Itupeva,ITU_L1,Itubaina,7,0.0,0.0,0.0,0.0,0.0,0.0
125,Itupeva,ITU_L1,Itubaina,8,0.0,0.0,0.0,0.0,0.0,19403.639999999996
125,Itupeva,ITU_L1,Itubaina,9,0.0,0.0,0.0,0.0,0.0,0.0
125,Itupeva,ITU_L1,Itubaina,10,0.0,0.0,0.0,0.0,0.0,0.0
125,Itupeva,ITU_L1,Itubaina,11,0.0,0.0,0.0,0.0,0.0,0.0
125,Itupeva,ITU_L1,Itubaina,12,0.0,0.0,0.0,0.0,0.0,0.0
125,Itupeva,ITU_L1,Itubaina,13,0.0,0.0,0.0,0.0,0.0,0.0
125,Itupeva,ITU_L1,Itubaina,14,0.0,0.0,0.0,0.0,0.0,0.0
125,Itupeva,ITU_L1,Itubaina,15,0.0,0.0,0.0,0.0,0.0,0.0
125,Itupeva,ITU_L1,Stella_Artois_Pure_Gold,1,0.0,0.0,0.0,0.0,0.0,0.0
125,Itupeva,ITU_L1,Stella_Artois_Pure_Gold,2,0.0,0.0,0.0,0.0,0.0,0.0
125,Itupeva,ITU_L1,Stella_Artois_Pure_Gold,3,0.0,0.0,0.0,0.0,0.0,0.0
125,Itupeva,ITU_L1,Stella_Artois_Pure_Gold,4,0.0,0.0,0.0,0.0,0.0,0.0
125,Itupeva,ITU_L1,Stella_Artois_Pure_Gold,5,0.0,0.0,50214.36,0.0,0.0,50214.36
125,Itupeva,ITU_L1,Stella_Artois_Pure_Gold,6,0.0,0.0,0.0,0.0,0.0,0.0
125,Itupeva,ITU_L1,Stella_Artois_Pure_Gold,7,1123.2200000000041,0.0,0.0,0.0,1123.2200000000041,23106.54
125,Itupeva,ITU_L1,Stella_Artois_Pure_Gold,8,16386.14,0.0,0.0,0.0,16386.14,0.0
125,Itupeva,ITU_L1,Stella_Artois_Pure_Gold,9,16479.21,0.0,0.0,0.0,16479.21,45245.27
125,Itupeva,ITU_L1,Stella_Artois_Pure_Gold,10,0.0,0.0,39216.00000000001,9524.619999999995,0.0,39216.00000000001
125,Itupeva,ITU_L1,Stella_Artois_Pure_Gold,11,0.0,0.0,0.0,0.0,0.0,0.0
125,Itupeva,ITU_L1,Stella_Artois_Pure_Gold,12,0.0,0.0,0.0,0.0,0.0,0.0
125,Itupeva,ITU_L1,Stella_Artois_Pure_Gold,13,0.0,0.0,0.0,0.0,0.0,0.0
125,Itupeva,ITU_L1,Stella_Artois_Pure_Gold,14,0.0,0.0,0.0,0.0,0.0,0.0
125,Itupeva,ITU_L1,Stella_Artois_Pure_Gold,15,0.0,0.0,944.87,0.0,0.0,944.87
125,Itupeva,ITU_L1,Maguary_Caju,1,0.0,0.0,0.0,0.0,0.0,0.0
125,Itupeva,ITU_L1,Maguary_Caju,2,0.0,0.0,0.0,0.0,0.0,0.0
125,Itupeva,ITU_L1,Maguary_Caju,3,0.0,17936.52,0.0,0.0,0.0,17936.52
125,Itupeva,ITU_L1,Maguary_Caju,4,0.0,0.0,0.0,0.0,17936.52,0.0
125,Itupeva,ITU_L1,Maguary_Caju,5,0.0,0.0,0.0,0.0,0.0,0.0
125,Itupeva,ITU_L1,Maguary_Caju,6,0.0,0.0,0.0,0.0,0.0,0.0
125,Itupeva,ITU_L1,Maguary_Caju,7,0.0,0.0,0.0,0.0,0.0,0.0
125,Itupeva,ITU_L1,Maguary_Caju,8,0.0,0.0,0.0,0.0,0.0,0.0
125,Itupeva,ITU_L1,Maguary_Caju,9,0.0,0.0,0.0,0.0,0.0,0.0
125,Itupeva,ITU_L1,Maguary_Caju,10,0.0,0.0,0.0,0.0,0.0,0.0
125,Itupeva,ITU_L1,Maguary_Caju,11,0.0,0.0,0.0,0.0,0.0,0.0
125,Itupeva,ITU_L1,Maguary_Caju,12,0.0,0.0,0.0,0.0,0.0,0.0
125,Itupeva,ITU_L1,Maguary_Caju,13,0.0,0.0,0.0,0.0,0.0,0.0
125,Itupeva,ITU_L1,Maguary_Caju,14,0.0,0.0,0.0,0.0,0.0,20411.64
125,Itupeva,ITU_L1,Maguary_Caju,15,0.0,0.0,0.0,0.0,0.0,0.0
125,Itupeva,ITU_L1,Coca_Cola_Zero,1,3941.160000000003,0.0,0.0,0.0,3941.160000000003,0.0
125,Itupeva,ITU_L1,Coca_Cola_Zero,2,9394.549999999994,0.0,0.0,0.0,9394.549999999994,0.0
125,Itupeva,ITU_L1,Coca_Cola_Zero,3,38040.0,0.0,0.0,0.0,38039.99999999999,0.0
125,Itupeva,ITU_L1,Coca_Cola_Zero,4,34909.26,0.0,32042.59,0.0,2866.670000000002,0.0
125,Itupeva,ITU_L1,Coca_Cola_Zero,5,0.0,0.0,0.0,0.0,0.0,0.0
125,Itupeva,ITU_L1,Coca_Cola_Zero,6,33429.969999999994,0.0,1866.97,0.0,31562.999999999993,0.0
125,Itupeva,ITU_L1,Coca_Cola_Zero,7,36124.78,0.0,0.0,0.0,36124.78,0.0
125,Itupeva,ITU_L1,Coca_Cola_Zero,8,0.0,0.0,0.0,0.0,0.0,0.0
125,Itupeva,ITU_L1,Coca_Cola_Zero,9,0.0,0.0,0.0,0.0,0.0,0.0
125,Itupeva,ITU_L1,Coca_Cola_Zero,10,666.4700000000024,0.0,0.0,0.0,666.4700000000024,10772.16
125,Itupeva,ITU_L1,Coca_Cola_Zero,11,24040.300000000003,0.0,0.0,0.0,24040.300000000003,0.0
125,Itupeva,ITU_L1,Coca_Cola_Zero,12,36288.0,0.0,0.0,0.0,36288.0,0.0
125,Itupeva,ITU_L1,Coca_Cola_Zero,13,39792.0,0.0,0.0,0.0,39792.0,0.0
125,Itupeva,ITU_L1,Coca_Cola_Zero,14,36840.0,0.0,0.0,0.0,36840.0,28117.37
125,Itupeva,ITU_L1,Coca_Cola_Zero,15,0.0,0.0,0.0,0.0,0.0,0.0
125,Itupeva,ITU_L1,Pepsi,1,0.0,0.0,0.0,0.0,0.0,4343.73
125,Itupeva,ITU_L1,Pepsi,2,0.0,0.0,0.0,0.0,0.0,0.0
125,Itupeva,ITU_L1,Pepsi,3,0.0,0.0,0.0,0.0,0.0,0.0
125,Itupeva,ITU_L1,Pepsi,4,0.0,0.0,0.0,0.0,0.0,0.0
125,Itupeva,ITU_L1,Pepsi,5,0.0,0.0,0.0,0.0,0.0,0.0
125,Itupeva,ITU_L1,Pepsi,6,0.0,0.0,0.0,0.0,0.0,0.0
125,Itupeva,ITU_L1,Pepsi,7,0.0,0.0,0.0,0.0,0.0,17356.64
125,Itupeva,ITU_L1,Pepsi,8,0.0,0.0,0.0,0.0,0.0,0.0
125,Itupeva,ITU_L1,Pepsi,9,0.0,0.0,0.0,0.0,0.0,0.0
125,Itupeva,ITU_L1,Pepsi,10,0.0,0.0,0.0,0.0,0.0,0.0
125,Itupeva,ITU_L1,Pepsi,11,0.0,0.0,0.0,0.0,0.0,0.0
125,Itupeva,ITU_L1,Pepsi,12,0.0,0.0,0.0,0.0,0.0,0.0
125,Itupeva,ITU_L1,Pepsi,13,0.0,0.0,0.0,0.0,0.0,0.0
125,Itupeva,ITU_L1,Pepsi,14,0.0,0.0,0.0,0.0,0.0,0.0
125,Itupeva,ITU_L1,Pepsi,15,0.0,0.0,0.0,0.0,0.0,0.0
125,Itupeva,ITU_L1,Antarctica_Lata,1,0.0,0.0,0.0,0.0,22901.919999999995,19529.53
125,Itupeva,ITU_L1,Antarctica_Lata,2,0.0,0.0,0.0,0.0,0.0,0.0
125,Itupeva,ITU_L1,Antarctica_Lata,3,0.0,0.0,0.0,0.0,0.0,16522.93
125,Itupeva,ITU_L1,Antarctica_Lata,4,0.0,0.0,0.0,0.0,0.0,12535.79
125,Itupeva,ITU_L1,Antarctica_Lata,5,0.0,0.0,0.0,0.0,0.0,0.0
125,Itupeva,ITU_L1,Antarctica_Lata,6,0.0,0.0,0.0,0.0,0.0,0.0
125,Itupeva,ITU_L1,Antarctica_Lata,7,0.0,0.0,0.0,0.0,7684.679999999998,0.0
125,Itupeva,ITU_L1,Antarctica_Lata,8,0.0,0.0,41876.840000000004,5056.709999999999,23081.699999999997,41876.840000000004
125,Itupeva,ITU_L1,Antarctica_Lata,9,0.0,0.0,35172.73,0.0,26247.21,35172.73
125,Itupeva,ITU_L1,Antarctica_Lata,10,0.0,0.0,0.0,0.0,0.0,0.0
125,Itupeva,ITU_L1,Antarctica_Lata,11,0.0,0.0,0.0,0.0,4866.329999999997,0.0
125,Itupeva,ITU_L1,Antarctica_Lata,12,0.0,0.0,0.0,0.0,5245.710000000004,0.0
125,Itupeva,ITU_L1,Antarctica_Lata,13,0.0,0.0,0.0,0.0,6009.169999999998,0.0
125,Itupeva,ITU_L1,Antarctica_Lata,14,0.0,0.0,0.0,0.0,9892.670000000006,47246.09
125,Itupeva,ITU_L1,Antarctica_Lata,15,0.0,0.0,0.0,0.0,0.0,0.0
125,Itupeva,ITU_L1,Spaten_Lata,1,0.0,0.0,0.0,0.0,24529.34,24529.34
125,Itupeva,ITU_L1,Spaten_Lata,2,0.0,0.0,0.0,0.0,0.0,24880.61
125,Itupeva,ITU_L1,Spaten_Lata,3,0.0,0.0,0.0,0.0,21740.2,21740.2
125,Itupeva,ITU_L1,Spaten_Lata,4,0.0,0.0,0.0,0.0,5110.959999999995,5110.959999999995
125,Itupeva,ITU_L1,Spaten_Lata,5,0.0,0.0,0.0,0.0,0.0,0.0
125,Itupeva,ITU_L1,Spaten_Lata,6,0.0,0.0,0.0,0.0,0.0,0.0
125,Itupeva,ITU_L1,Spaten_Lata,7,0.0,0.0,0.0,0.0,2807.2,2807.2
125,Itupeva,ITU_L1,Spaten_Lata,8,0.0,0.0,0.0,0.0,0.0,0.0
125,Itupeva,ITU_L1,Spaten_Lata,9,0.0,0.0,0.0,0.0,15667.75,15667.75
125,Itupeva,ITU_L1,Spaten_Lata,10,0.0,0.0,0.0,0.0,0.0,0.0
125,Itupeva,ITU_L1,Spaten_Lata,11,0.0,0.0,0.0,0.0,0.0,0.0
125,Itupeva,ITU_L1,Spaten_Lata,12,0.0,0.0,16826.39,0.0,0.0,16826.39
125,Itupeva,ITU_L1,Spaten_Lata,13,0.0,0.0,0.0,0.0,0.0,4472.59
125,Itupeva,ITU_L1,Spaten_Lata,14,0.0,0.0,0.0,0.0,0.0,0.0
125,Itupeva,ITU_L1,Spaten_Lata,15,0.0,0.0,0.0,0.0,0.0,0.0
125,Itupeva,ITU_L1,Heineken_Lata,1,0.0,0.0,0.0,0.0,19818.08,0.0
125,Itupeva,ITU_L1,Heineken_Lata,2,0.0,0.0,0.0,0.0,13686.479999999998,0.0
125,Itupeva,ITU_L1,Heineken_Lata,3,0.0,0.0,0.0,0.0,24592.130000000012,0.0
125,Itupeva,ITU_L1,Heineken_Lata,4,0.0,0.0,0.0,0.0,41687.99999999999,0.0
125,Itupeva,ITU_L1,Heineken_Lata,5,0.0,0.0,0.0,0.0,32085.380000000005,0.0
125,Itupeva,ITU_L1,Heineken_Lata,6,0.0,0.0,0.0,0.0,36000.0,0.0
125,Itupeva,ITU_L1,Heineken_Lata,7,0.0,0.0,0.0,0.0,28843.32,0.0
125,Itupeva,ITU_L1,Heineken_Lata,8,0.0,0.0,0.0,0.0,14886.3,0.0
125,Itupeva,ITU_L1,Heineken_Lata,9,0.0,0.0,0.0,0.0,9416.79,0.0
125,Itupeva,ITU_L1,Heineken_Lata,10,0.0,0.0,0.0,0.0,13979.77,0.0
125,Itupeva,ITU_L1,Heineken_Lata,11,0.0,0.0,0.0,0.0,27489.14,0.0
125,Itupeva,ITU_L1,Heineken_Lata,12,0.0,0.0,0.0,0.0,7738.16,0.0
125,Itupeva,ITU_L1,Heineken_Lata,13,0.0,0.0,0.0,0.0,1077.26,0.0
125,Itupeva,ITU_L1,Heineken_Lata,14,0.0,0.0,0.0,0.0,130.93,0.0
125,Itupeva,ITU_L1,Heineken_Lata,15,0.0,0.0,0.0,0.0,39120.0,0.0
125,Itupeva,ITU_L1,Sukita_Laranja,1,0.0,0.0,0.0,0.0,0.0,0.0
125,Itupeva,ITU_L1,Sukita_Laranja,2,0.0,0.0,0.0,0.0,0.0,0.0
125,Itupeva,ITU_L1,Sukita_Laranja,3,0.0,0.0,0.0,0.0,0.0,0.0
125,Itupeva,ITU_L1,Sukita_Laranja,4,0.0,0.0,0.0,0.0,0.0,0.0
125,Itupeva,ITU_L1,Sukita_Laranja,5,0.0,0.0,0.0,0.0,0.0,0.0
125,Itupeva,ITU_L1,Sukita_Laranja,6,0.0,0.0,0.0,0.0,0.0,0.0
125,Itupeva,ITU_L1,Sukita_Laranja,7,0.0,0.0,0.0,0.0,0.0,0.0
125,Itupeva,ITU_L1,Sukita_Laranja,8,0.0,0.0,0.0,0.0,0.0,0.0
125,Itupeva,ITU_L1,Sukita_Laranja,9,0.0,0.0,0.0,0.0,0.0,0.0
125,Itupeva,ITU_L1,Sukita_Laranja,10,0.0,0.0,0.0,0.0,0.0,0.0
125,Itupeva,ITU_L1,Sukita_Laranja,11,0.0,0.0,0.0,0.0,0.0,0.0
125,Itupeva,ITU_L1,Sukita_Laranja,12,0.0,0.0,0.0,0.0,0.0,0.0
125,Itupeva,ITU_L1,Sukita_Laranja,13,0.0,0.0,0.0,0.0,0.0,0.0
125,Itupeva,ITU_L1,Sukita_Laranja,14,0.0,0.0,0.0,0.0,0.0,0.0
125,Itupeva,ITU_L1,Sukita_Laranja,15,0.0,0.0,0.0,0.0,8589.179999999975,0.0
125,Itupeva,ITU_L1,H2OH_Limao,1,0.0,0.0,0.0,0.0,0.0,0.0
125,Itupeva,ITU_L1,H2OH_Limao,2,0.0,0.0,0.0,0.0,0.0,13338.88
125,Itupeva,ITU_L1,H2OH_Limao,3,0.0,0.0,0.0,0.0,0.0,0.0
125,Itupeva,ITU_L1,H2OH_Limao,4,0.0,0.0,0.0,0.0,0.0,0.0
125,Itupeva,ITU_L1,H2OH_Limao,5,0.0,0.0,0.0,0.0,0.0,0.0
125,Itupeva,ITU_L1,H2OH_Limao,6,0.0,0.0,0.0,0.0,0.0,0.0
125,Itupeva,ITU_L1,H2OH_Limao,7,0.0,0.0,0.0,0.0,0.0,0.0
125,Itupeva,ITU_L1,H2OH_Limao,8,0.0,0.0,0.0,0.0,0.0,0.0
125,Itupeva,ITU_L1,H2OH_Limao,9,0.0,0.0,0.0,0.0,0.0,0.0
125,Itupeva,ITU_L1,H2OH_Limao,10,0.0,0.0,0.0,0.0,0.0,0.0
125,Itupeva,ITU_L1,H2OH_Limao,11,0.0,0.0,0.0,0.0,0.0,0.0
125,Itupeva,ITU_L1,H2OH_Limao,12,0.0,0.0,0.0,0.0,0.0,0.0
125,Itupeva,ITU_L1,H2OH_Limao,13,0.0,0.0,0.0,0.0,0.0,0.0
125,Itupeva,ITU_L1,H2OH_Limao,14,0.0,0.0,0.0,0.0,0.0,0.0
125,Itupeva,ITU_L1,H2OH_Limao,15,0.0,0.0,0.0,0.0,0.0,48556.93
125,Itupeva,ITU_L1,Budweiser_Lata,1,0.0,0.0,0.0,0.0,0.0,0.0
125,Itupeva,ITU_L1,Budweiser_Lata,2,0.0,0.0,0.0,0.0,0.0,0.0
125,Itupeva,ITU_L1,Budweiser_Lata,3,0.0,0.0,0.0,0.0,0.0,0.0
125,Itupeva,ITU_L1,Budweiser_Lata,4,0.0,0.0,0.0,0.0,0.0,0.0
125,Itupeva,ITU_L1,Budweiser_Lata,5,0.0,0.0,0.0,0.0,0.0,0.0
125,Itupeva,ITU_L1,Budweiser_Lata,6,0.0,0.0,0.0,0.0,0.0,0.0
125,Itupeva,ITU_L1,Budweiser_Lata,7,0.0,0.0,0.0,0.0,0.0,0.0
125,Itupeva,ITU_L1,Budweiser_Lata,8,0.0,0.0,0.0,0.0,0.0,0.0
125,Itupeva,ITU_L1,Budweiser_Lata,9,0.0,0.0,0.0,0.0,0.0,0.0
125,Itupeva,ITU_L1,Budweiser_Lata,10,0.0,0.0,0.0,0.0,0.0,0.0
125,Itupeva,ITU_L1,Budweiser_Lata,11,0.0,0.0,0.0,0.0,0.0,385.11
125,Itupeva,ITU_L1,Budweiser_Lata,12,0.0,0.0,0.0,0.0,0.0,0.0
125,Itupeva,ITU_L1,Budweiser_Lata,13,0.0,0.0,0.0,0.0,0.0,0.0
125,Itupeva,ITU_L1,Budweiser_Lata,14,0.0,0.0,0.0,0.0,0.0,0.0
125,Itupeva,ITU_L1,Budweiser_Lata,15,0.0,0.0,0.0,0.0,0.0,42671.18
125,Itupeva,ITU_L1,Kuat,1,0.0,0.0,0.0,0.0,0.0,0.0
125,Itupeva,ITU_L1,Kuat,2,0.0,0.0,0.0,0.0,0.0,6012.59
125,Itupeva,ITU_L1,Kuat,3,0.0,0.0,0.0,0.0,0.0,0.0
125,Itupeva,ITU_L1,Kuat,4,0.0,0.0,0.0,0.0,0.0,0.0
125,Itupeva,ITU_L1,Kuat,5,0.0,0.0,0.0,0.0,0.0,31919.28
125,Itupeva,ITU_L1,Kuat,6,0.0,0.0,0.0,0.0,0.0,0.0
125,Itupeva,ITU_L1,Kuat,7,0.0,0.0,0.0,0.0,0.0,0.0
125,Itupeva,ITU_L1,Kuat,8,0.0,0.0,0.0,0.0,0.0,0.0
125,Itupeva,ITU_L1,Kuat,9,0.0,0.0,0.0,0.0,0.0,0.0
125,Itupeva,ITU_L1,Kuat,10,0.0,0.0,0.0,0.0,0.0,0.0
125,Itupeva,ITU_L1,Kuat,11,0.0,0.0,0.0,0.0,0.0,0.0
125,Itupeva,ITU_L1,Kuat,12,0.0,0.0,0.0,0.0,0.0,0.0
125,Itupeva,ITU_L1,Kuat,13,0.0,0.0,0.0,0.0,0.0,0.0
125,Itupeva,ITU_L1,Kuat,14,0.0,0.0,0.0,0.0,0.0,0.0
125,Itupeva,ITU_L1,Kuat,15,0.0,0.0,0.0,0.0,0.0,0.0
125,Itupeva,ITU_L1,Fanta_Uva,1,0.0,0.0,0.0,0.0,0.0,0.0
125,Itupeva,ITU_L1,Fanta_Uva,2,0.0,0.0,0.0,0.0,0.0,0.0
125,Itupeva,ITU_L1,Fanta_Uva,3,0.0,0.0,0.0,0.0,0.0,0.0
125,Itupeva,ITU_L1,Fanta_Uva,4,0.0,0.0,0.0,0.0,0.0,0.0
125,Itupeva,ITU_L1,Fanta_Uva,5,0.0,0.0,0.0,0.0,0.0,0.0
125,Itupeva,ITU_L1,Fanta_Uva,6,0.0,0.0,0.0,0.0,0.0,0.0
125,Itupeva,ITU_L1,Fanta_Uva,7,0.0,0.0,0.0,0.0,0.0,28209.08
125,Itupeva,ITU_L1,Fanta_Uva,8,0.0,0.0,0.0,0.0,0.0,0.0
125,Itupeva,ITU_L1,Fanta_Uva,9,0.0,0.0,0.0,0.0,0.0,0.0
125,Itupeva,ITU_L1,Fanta_Uva,10,0.0,0.0,0.0,0.0,0.0,10973.18
125,Itupeva,ITU_L1,Fanta_Uva,11,0.0,0.0,7395.88,0.0,0.0,7395.88
125,Itupeva,ITU_L1,Fanta_Uva,12,0.0,0.0,0.0,0.0,0.0,0.0
125,Itupeva,ITU_L1,Fanta_Uva,13,0.0,0.0,0.0,0.0,0.0,0.0
125,Itupeva,ITU_L1,Fanta_Uva,14,0.0,0.0,0.0,0.0,0.0,0.0
125,Itupeva,ITU_L1,Fanta_Uva,15,0.0,0.0,0.0,0.0,0.0,0.0
125,Itupeva,ITU_L1,Sprite,1,0.0,0.0,0.0,0.0,0.0,0.0
125,Itupeva,ITU_L1,Sprite,2,0.0,0.0,0.0,0.0,0.0,0.0
125,Itupeva,ITU_L1,Sprite,3,0.0,0.0,0.0,0.0,0.0,0.0
125,Itupeva,ITU_L1,Sprite,4,0.0,0.0,0.0,0.0,0.0,0.0
125,Itupeva,ITU_L1,Sprite,5,0.0,0.0,0.0,0.0,0.0,0.0
125,Itupeva,ITU_L1,Sprite,6,0.0,0.0,0.0,0.0,0.0,0.0
125,Itupeva,ITU_L1,Sprite,7,0.0,0.0,0.0,0.0,0.0,0.0
125,Itupeva,ITU_L1,Sprite,8,0.0,0.0,0.0,0.0,0.0,0.0
125,Itupeva,ITU_L1,Sprite,9,0.0,0.0,0.0,0.0,0.0,0.0
125,Itupeva,ITU_L1,Sprite,10,0.0,0.0,0.0,0.0,0.0,0.0
125,Itupeva,ITU_L1,Sprite,11,0.0,0.0,0.0,0.0,0.0,0.0
125,Itupeva,ITU_L1,Sprite,12,0.0,0.0,0.0,0.0,0.0,0.0
125,Itupeva,ITU_L1,Sprite,13,0.0,0.0,0.0,0.0,0.0,0.0
125,Itupeva,ITU_L1,Sprite,14,0.0,0.0,0.0,0.0,0.0,0.0
125,Itupeva,ITU_L1,Sprite,15,0.0,0.0,0.0,0.0,0.0,0.0
125,Itupeva,ITU_L1,Skol_Lata,1,0.0,0.0,0.0,0.0,0.0,0.0
125,Itupeva,ITU_L1,Skol_Lata,2,0.0,0.0,0.0,0.0,0.0,31225.58
125,Itupeva,ITU_L1,Skol_Lata,3,0.0,0.0,0.0,0.0,0.0,0.0
125,Itupeva,ITU_L1,Skol_Lata,4,0.0,0.0,0.0,0.0,0.0,0.0
125,Itupeva,ITU_L1,Skol_Lata,5,0.0,0.0,0.0,0.0,0.0,0.0
125,Itupeva,ITU_L1,Skol_Lata,6,0.0,0.0,0.0,0.0,0.0,0.0
125,Itupeva,ITU_L1,Skol_Lata,7,0.0,0.0,0.0,0.0,0.0,0.0
125,Itupeva,ITU_L1,Skol_Lata,8,0.0,0.0,0.0,0.0,0.0,0.0
125,Itupeva,ITU_L1,Skol_Lata,9,0.0,0.0,0.0,0.0,0.0,0.0
125,Itupeva,ITU_L1,Skol_Lata,10,0.0,0.0,0.0,0.0,0.0,0.0
125,Itupeva,ITU_L1,Skol_Lata,11,0.0,0.0,0.0,0.0,0.0,0.0
125,Itupeva,ITU_L1,Skol_Lata,12,0.0,0.0,0.0,0.0,0.0,0.0
125,Itupeva,ITU_L1,Skol_Lata,13,0.0,0.0,27984.45,0.0,0.0,27984.45
125,Itupeva,ITU_L1,Skol_Lata,14,0.0,0.0,0.0,0.0,0.0,0.0
125,Itupeva,ITU_L1,Skol_Lata,15,0.0,0.0,0.0,0.0,0.0,0.0
125,Itupeva,ITU_L1,Guarana_Antarctica,1,0.0,0.0,0.0,0.0,0.0,0.0
125,Itupeva,ITU_L1,Guarana_Antarctica,2,0.0,0.0,0.0,0.0,0.0,0.0
125,Itupeva,ITU_L1,Guarana_Antarctica,3,0.0,0.0,0.0,0.0,0.0,0.0
125,Itupeva,ITU_L1,Guarana_Antarctica,4,0.0,0.0,0.0,0.0,0.0,0.0
125,Itupeva,ITU_L1,Guarana_Antarctica,5,0.0,0.0,0.0,0.0,0.0,0.0
125,Itupeva,ITU_L1,Guarana_Antarctica,6,0.0,0.0,0.0,16877.82,0.0,0.0
125,Itupeva,ITU_L1,Guarana_Antarctica,7,0.0,0.0,0.0,0.0,0.0,0.0
125,Itupeva,ITU_L1,Guarana_Antarctica,8,0.0,0.0,0.0,0.0,0.0,0.0
125,Itupeva,ITU_L1,Guarana_Antarctica,9,0.0,0.0,0.0,0.0,0.0,0.0
125,Itupeva,ITU_L1,Guarana_Antarctica,10,0.0,0.0,0.0,0.0,0.0,0.0
125,Itupeva,ITU_L1,Guarana_Antarctica,11,0.0,0.0,0.0,0.0,0.0,0.0
125,Itupeva,ITU_L1,Guarana_Antarctica,12,0.0,0.0,0.0,0.0,0.0,0.0
125,Itupeva,ITU_L1,Guarana_Antarctica,13,0.0,0.0,0.0,0.0,0.0,0.0
125,Itupeva,ITU_L1,Guarana_Antarctica,14,0.0,0.0,0.0,0.0,0.0,0.0
125,Itupeva,ITU_L1,Guarana_Antarctica,15,0.0,0.0,0.0,0.0,0.0,0.0
125,Itupeva,ITU_L1,Guarana_Antarctica_Zero,1,0.0,0.0,0.0,0.0,0.0,0.0
125,Itupeva,ITU_L1,Guarana_Antarctica_Zero,2,0.0,0.0,0.0,0.0,0.0,0.0
125,Itupeva,ITU_L1,Guarana_Antarctica_Zero,3,0.0,0.0,0.0,0.0,0.0,0.0
125,Itupeva,ITU_L1,Guarana_Antarctica_Zero,4,0.0,0.0,0.0,0.0,0.0,0.0
125,Itupeva,ITU_L1,Guarana_Antarctica_Zero,5,0.0,0.0,0.0,0.0,0.0,0.0
125,Itupeva,ITU_L1,Guarana_Antarctica_Zero,6,0.0,0.0,31112.36,0.0,0.0,31112.36
125,Itupeva,ITU_L1,Guarana_Antarctica_Zero,7,0.0,0.0,0.0,0.0,0.0,27434.86
125,Itupeva,ITU_L1,Guarana_Antarctica_Zero,8,0.0,0.0,0.0,0.0,0.0,0.0
125,Itupeva,ITU_L1,Guarana_Antarctica_Zero,9,0.0,0.0,0.0,0.0,0.0,0.0
125,Itupeva,ITU_L1,Guarana_Antarctica_Zero,10,0.0,0.0,0.0,0.0,0.0,0.0
125,Itupeva,ITU_L1,Guarana_Antarctica_Zero,11,0.0,0.0,0.0,0.0,0.0,14496.26
125,Itupeva,ITU_L1,Guarana_Antarctica_Zero,12,0.0,0.0,0.0,0.0,0.0,0.0
125,Itupeva,ITU_L1,Guarana_Antarctica_Zero,13,0.0,0.0,0.0,0.0,0.0,0.0
125,Itupeva,ITU_L1,Guarana_Antarctica_Zero,14,0.0,0.0,0.0,0.0,0.0,0.0
125,Itupeva,ITU_L1,Guarana_Antarctica_Zero,15,0.0,0.0,16970.31,0.0,0.0,16970.31
125,Itupeva,ITU_L1,Del_Valle_Uva,1,0.0,0.0,0.0,0.0,0.0,0.0
125,Itupeva,ITU_L1,Del_Valle_Uva,2,0.0,0.0,0.0,0.0,0.0,0.0
125,Itupeva,ITU_L1,Del_Valle_Uva,3,0.0,0.0,2721.02,0.0,0.0,23250.86
125,Itupeva,ITU_L1,Del_Valle_Uva,4,0.0,0.0,0.0,0.0,0.0,0.0
125,Itupeva,ITU_L1,Del_Valle_Uva,5,0.0,0.0,0.0,0.0,0.0,0.0
125,Itupeva,ITU_L1,Del_Valle_Uva,6,0.0,0.0,0.0,0.0,0.0,0.0
125,Itupeva,ITU_L1,Del_Valle_Uva,7,0.0,0.0,0.0,0.0,0.0,0.0
125,Itupeva,ITU_L1,Del_Valle_Uva,8,0.0,0.0,0.0,0.0,0.0,0.0
125,Itupeva,ITU_L1,Del_Valle_Uva,9,0.0,0.0,0.0,0.0,0.0,0.0
125,Itupeva,ITU_L1,Del_Valle_Uva,10,0.0,0.0,0.0,0.0,0.0,0.0
125,Itupeva,ITU_L1,Del_Valle_Uva,11,0.0,0.0,0.0,0.0,0.0,0.0
125,Itupeva,ITU_L1,Del_Valle_Uva,12,0.0,0.0,0.0,0.0,0.0,17414.07
125,Itupeva,ITU_L1,Del_Valle_Uva,13,0.0,0.0,0.0,0.0,14940.730000000001,0.0
125,Itupeva,ITU_L1,Del_Valle_Uva,14,0.0,0.0,0.0,0.0,0.0,0.0
125,Itupeva,ITU_L1,Del_Valle_Uva,15,0.0,0.0,0.0,0.0,0.0,0.0
125,Itupeva,ITU_L1,Brahma_Lata,1,34266.84,0.0,0.0,0.0,34266.84,0.0
125,Itupeva,ITU_L1,Brahma_Lata,2,28141.45,0.0,0.0,0.0,28141.45,0.0
125,Itupeva,ITU_L1,Brahma_Lata,3,0.0,0.0,0.0,0.0,0.0,0.0
125,Itupeva,ITU_L1,Brahma_Lata,4,2890.7399999999993,0.0,0.0,0.0,2890.7399999999993,0.0
125,Itupeva,ITU_L1,Brahma_Lata,5,39552.0,0.0,0.0,0.0,39552.00000000001,0.0
125,Itupeva,ITU_L1,Brahma_Lata,6,5210.030000000004,0.0,0.0,0.0,5210.030000000004,0.0
125,Itupeva,ITU_L1,Brahma_Lata,7,0.0,0.0,0.0,0.0,0.0,0.0
125,Itupeva,ITU_L1,Brahma_Lata,8,21557.86,0.0,0.0,0.0,21557.86,0.0
125,Itupeva,ITU_L1,Brahma_Lata,9,21896.79,0.0,0.0,0.0,21896.79,0.0
125,Itupeva,ITU_L1,Brahma_Lata,10,39605.53,0.0,0.0,0.0,39605.53,0.0
125,Itupeva,ITU_L1,Brahma_Lata,11,15055.7,0.0,0.0,0.0,15055.7,0.0
125,Itupeva,ITU_L1,Brahma_Lata,12,0.0,0.0,0.0,0.0,0.0,0.0
125,Itupeva,ITU_L1,Brahma_Lata,13,0.0,0.0,0.0,0.0,0.0,0.0
125,Itupeva,ITU_L1,Brahma_Lata,14,0.0,0.0,0.0,0.0,0.0,0.0
125,Itupeva,ITU_L1,Brahma_Lata,15,41640.0,0.0,35076.21,0.0,6563.790000000001,7709.54
125,Itupeva,ITU_L1,Itaipava_Lata,1,0.0,0.0,0.0,0.0,0.0,0.0
125,Itupeva,ITU_L1,Itaipava_Lata,2,0.0,0.0,0.0,0.0,0.0,0.0
125,Itupeva,ITU_L1,Itaipava_Lata,3,0.0,0.0,0.0,0.0,0.0,0.0
125,Itupeva,ITU_L1,Itaipava_Lata,4,0.0,0.0,0.0,0.0,0.0,0.0
125,Itupeva,ITU_L1,Itaipava_Lata,5,0.0,0.0,0.0,0.0,0.0,0.0
125,Itupeva,ITU_L1,Itaipava_Lata,6,0.0,0.0,0.0,0.0,0.0,0.0
125,Itupeva,ITU_L1,Itaipava_Lata,7,0.0,0.0,0.0,0.0,4817.26,4817.26
125,Itupeva,ITU_L1,Itaipava_Lata,8,0.0,0.0,0.0,0.0,0.0,0.0
125,Itupeva,ITU_L1,Itaipava_Lata,9,0.0,0.0,0.0,0.0,0.0,0.0
125,Itupeva,ITU_L1,Itaipava_Lata,10,0.0,0.0,0.0,0.0,0.0,0.0
125,Itupeva,ITU_L1,Itaipava_Lata,11,0.0,0.0,0.0,0.0,0.0,0.0
125,Itupeva,ITU_L1,Itaipava_Lata,12,0.0,0.0,0.0,0.0,0.0,0.0
125,Itupeva,ITU_L1,Itaipava_Lata,13,0.0,0.0,0.0,23742.08,0.0,0.0
125,Itupeva,ITU_L1,Itaipava_Lata,14,0.0,0.0,0.0,0.0,0.0,0.0
125,Itupeva,ITU_L1,Itaipava_Lata,15,0.0,0.0,0.0,0.0,0.0,0.0
125,Itupeva,ITU_L2,Maguary_Maracuja,1,0.0,0.0,0.0,0.0,0.0,0.0
125,Itupeva,ITU_L2,Maguary_Maracuja,2,0.0,0.0,0.0,0.0,0.0,0.0
125,Itupeva,ITU_L2,Maguary_Maracuja,3,0.0,15781.190000000002,0.0,0.0,0.0,15781.190000000002
125,Itupeva,ITU_L2,Maguary_Maracuja,4,0.0,0.0,0.0,0.0,15781.190000000002,0.0
125,Itupeva,ITU_L2,Maguary_Maracuja,5,0.0,0.0,0.0,0.0,0.0,0.0
125,Itupeva,ITU_L2,Maguary_Maracuja,6,7691.780000000001,60312.740000000005,0.0,0.0,0.0,52620.96000000001
125,Itupeva,ITU_L2,Maguary_Maracuja,7,21196.47,0.0,0.0,0.0,81509.21,0.0
125,Itupeva,ITU_L2,Maguary_Maracuja,8,0.0,0.0,23957.48,0.0,0.0,23957.48
125,Itupeva,ITU_L2,Maguary_Maracuja,9,0.0,0.0,0.0,0.0,0.0,0.0
125,Itupeva,ITU_L2,Maguary_Maracuja,10,0.0,0.0,0.0,0.0,12141.660000000003,12141.660000000003
125,Itupeva,ITU_L2,Maguary_Maracuja,11,0.0,0.0,0.0,0.0,0.0,0.0
125,Itupeva,ITU_L2,Maguary_Maracuja,12,0.0,52827.78,0.0,0.0,0.0,52827.78
125,Itupeva,ITU_L2,Maguary_Maracuja,13,0.0,0.0,0.0,0.0,52827.78,0.0
125,Itupeva,ITU_L2,Maguary_Maracuja,14,0.0,0.0,0.0,0.0,0.0,0.0
125,Itupeva,ITU_L2,Maguary_Maracuja,15,0.0,0.0,0.0,0.0,0.0,0.0
125,Itupeva,ITU_L2,Fanta_Laranja,1,0.0,0.0,0.0,0.0,0.0,0.0
125,Itupeva,ITU_L2,Fanta_Laranja,2,0.0,0.0,0.0,0.0,0.0,0.0
125,Itupeva,ITU_L2,Fanta_Laranja,3,0.0,0.0,0.0,0.0,15682.91,15682.91
125,Itupeva,ITU_L2,Fanta_Laranja,4,0.0,0.0,0.0,0.0,0.0,0.0
125,Itupeva,ITU_L2,Fanta_Laranja,5,0.0,0.0,0.0,0.0,0.0,0.0
125,Itupeva,ITU_L2,Fanta_Laranja,6,0.0,0.0,0.0,0.0,0.0,0.0
125,Itupeva,ITU_L2,Fanta_Laranja,7,0.0,0.0,0.0,0.0,0.0,0.0
125,Itupeva,ITU_L2,Fanta_Laranja,8,0.0,0.0,0.0,0.0,0.0,0.0
125,Itupeva,ITU_L2,Fanta_Laranja,9,0.0,0.0,0.0,0.0,0.0,0.0
125,Itupeva,ITU_L2,Fanta_Laranja,10,0.0,0.0,0.0,0.0,0.0,0.0
125,Itupeva,ITU_L2,Fanta_Laranja,11,0.0,0.0,0.0,0.0,0.0,0.0
125,Itupeva,ITU_L2,Fanta_Laranja,12,0.0,0.0,0.0,0.0,0.0,0.0
125,Itupeva,ITU_L2,Fanta_Laranja,13,0.0,0.0,0.0,0.0,0.0,0.0
125,Itupeva,ITU_L2,Fanta_Laranja,14,0.0,0.0,0.0,0.0,0.0,0.0
125,Itupeva,ITU_L2,Fanta_Laranja,15,0.0,0.0,0.0,0.0,0.0,0.0
125,Itupeva,ITU_L2,Schweppes_Citrus,1,0.0,0.0,0.0,0.0,0.0,49168.42
125,Itupeva,ITU_L2,Schweppes_Citrus,2,0.0,0.0,0.0,0.0,0.0,0.0
125,Itupeva,ITU_L2,Schweppes_Citrus,3,0.0,0.0,0.0,0.0,0.0,37230.13
125,Itupeva,ITU_L2,Schweppes_Citrus,4,0.0,0.0,0.0,0.0,0.0,56192.98
125,Itupeva,ITU_L2,Schweppes_Citrus,5,0.0,0.0,0.0,0.0,2981.8799999999974,2981.8799999999974
125,Itupeva,ITU_L2,Schweppes_Citrus,6,0.0,0.0,0.0,0.0,0.0,0.0
125,Itupeva,ITU_L2,Schweppes_Citrus,7,0.0,0.0,0.0,0.0,0.0,46050.65
125,Itupeva,ITU_L2,Schweppes_Citrus,8,0.0,0.0,0.0,0.0,0.0,0.0
125,Itupeva,ITU_L2,Schweppes_Citrus,9,0.0,0.0,0.0,0.0,0.0,0.0
125,Itupeva,ITU_L2,Schweppes_Citrus,10,0.0,0.0,0.0,0.0,0.0,21435.64
125,Itupeva,ITU_L2,Schweppes_Citrus,11,0.0,0.0,0.0,0.0,0.0,0.0
125,Itupeva,ITU_L2,Schweppes_Citrus,12,0.0,0.0,0.0,0.0,0.0,0.0
125,Itupeva,ITU_L2,Schweppes_Citrus,13,0.0,0.0,46499.54,0.0,0.0,46499.54
125,Itupeva,ITU_L2,Schweppes_Citrus,14,0.0,0.0,0.0,0.0,0.0,25388.93
125,Itupeva,ITU_L2,Schweppes_Citrus,15,0.0,0.0,0.0,0.0,0.0,0.0
125,Itupeva,ITU_L2,Sprite_Zero,1,17256.790000000008,0.0,0.0,0.0,17256.790000000008,0.0
125,Itupeva,ITU_L2,Sprite_Zero,2,0.0,0.0,0.0,0.0,23753.52,0.0
125,Itupeva,ITU_L2,Sprite_Zero,3,0.0,0.0,0.0,0.0,15367.869999999988,0.0
125,Itupeva,ITU_L2,Sprite_Zero,4,0.0,0.0,0.0,0.0,0.0,0.0
125,Itupeva,ITU_L2,Sprite_Zero,5,40224.0,0.0,0.0,0.0,40224.0,48083.69
125,Itupeva,ITU_L2,Sprite_Zero,6,6746.37,0.0,0.0,0.0,6746.37,0.0
125,Itupeva,ITU_L2,Sprite_Zero,7,17971.53,0.0,0.0,0.0,17971.53,0.0
125,Itupeva,ITU_L2,Sprite_Zero,8,26135.7,0.0,25330.12,0.0,805.58,0.0
125,Itupeva,ITU_L2,Sprite_Zero,9,38228.65,0.0,0.0,0.0,38228.649999999994,0.0
125,Itupeva,ITU_L2,Sprite_Zero,10,18344.010000000002,0.0,0.0,0.0,18344.010000000002,0.0
125,Itupeva,ITU_L2,Sprite_Zero,11,0.0,0.0,0.0,0.0,7052.530000000006,0.0
125,Itupeva,ITU_L2,Sprite_Zero,12,38448.0,0.0,0.0,0.0,44446.08,0.0
125,Itupeva,ITU_L2,Sprite_Zero,13,0.0,0.0,0.0,0.0,16372.84,0.0
125,Itupeva,ITU_L2,Sprite_Zero,14,16564.950000000004,0.0,0.0,0.0,46645.35,0.0
125,Itupeva,ITU_L2,Sprite_Zero,15,21170.83,0.0,0.0,0.0,21170.83,0.0
125,Itupeva,ITU_L2,Eisenbahn_Pilsen,1,24407.209999999992,0.0,0.0,0.0,24407.209999999992,0.0
125,Itupeva,ITU_L2,Eisenbahn_Pilsen,2,36432.0,0.0,0.0,0.0,36432.0,0.0
125,Itupeva,ITU_L2,Eisenbahn_Pilsen,3,37704.0,0.0,32886.73,0.0,4817.270000000004,21477.14
125,Itupeva,ITU_L2,Eisenbahn_Pilsen,4,36216.0,0.0,0.0,0.0,36216.0,14649.76
125,Itupeva,ITU_L2,Eisenbahn_Pilsen,5,0.0,0.0,0.0,0.0,0.0,0.0
125,Itupeva,ITU_L2,Eisenbahn_Pilsen,6,24345.85,0.0,0.0,0.0,24345.85,0.0
125,Itupeva,ITU_L2,Eisenbahn_Pilsen,7,0.0,0.0,0.0,0.0,0.0,0.0
125,Itupeva,ITU_L2,Eisenbahn_Pilsen,8,10680.300000000001,0.0,0.0,0.0,10680.300000000001,0.0
125,Itupeva,ITU_L2,Eisenbahn_Pilsen,9,2835.350000000002,0.0,0.0,0.0,2835.350000000002,0.0
125,Itupeva,ITU_L2,Eisenbahn_Pilsen,10,19839.989999999998,0.0,0.0,0.0,19839.989999999998,0.0
125,Itupeva,ITU_L2,Eisenbahn_Pilsen,11,36456.0,0.0,31167.92,0.0,5288.080000000002,0.0
125,Itupeva,ITU_L2,Eisenbahn_Pilsen,12,0.0,0.0,0.0,0.0,0.0,0.0
125,Itupeva,ITU_L2,Eisenbahn_Pilsen,13,36384.0,0.0,0.0,0.0,36384.0,0.0
125,Itupeva,ITU_L2,Eisenbahn_Pilsen,14,20755.049999999996,0.0,0.0,0.0,20755.049999999996,0.0
125,Itupeva,ITU_L2,Eisenbahn_Pilsen,15,7775.99000000002,0.0,0.0,0.0,7775.99000000002,0.0
125,Itupeva,ITU_L2,Del_Valle_Pessego,1,0.0,0.0,27114.69,0.0,0.0,27114.69
125,Itupeva,ITU_L2,Del_Valle_Pessego,2,0.0,0.0,0.0,0.0,0.0,0.0
125,Itupeva,ITU_L2,Del_Valle_Pessego,3,0.0,0.0,0.0,0.0,0.0,0.0
125,Itupeva,ITU_L2,Del_Valle_Pessego,4,0.0,0.0,0.0,0.0,0.0,0.0
125,Itupeva,ITU_L2,Del_Valle_Pessego,5,0.0,0.0,0.0,0.0,0.0,0.0
125,Itupeva,ITU_L2,Del_Valle_Pessego,6,0.0,0.0,0.0,0.0,0.0,0.0
125,Itupeva,ITU_L2,Del_Valle_Pessego,7,0.0,0.0,0.0,0.0,0.0,0.0
125,Itupeva,ITU_L2,Del_Valle_Pessego,8,0.0,0.0,0.0,0.0,0.0,0.0
125,Itupeva,ITU_L2,Del_Valle_Pessego,9,0.0,0.0,0.0,0.0,0.0,0.0
125,Itupeva,ITU_L2,Del_Valle_Pessego,10,0.0,0.0,0.0,0.0,0.0,0.0
125,Itupeva,ITU_L2,Del_Valle_Pessego,11,0.0,0.0,0.0,0.0,0.0,44436.75
125,Itupeva,ITU_L2,Del_Valle_Pessego,12,0.0,0.0,0.0,0.0,0.0,0.0
125,Itupeva,ITU_L2,Del_Valle_Pessego,13,0.0,0.0,0.0,0.0,0.0,0.0
125,Itupeva,ITU_L2,Del_Valle_Pessego,14,0.0,0.0,0.0,0.0,0.0,0.0
125,Itupeva,ITU_L2,Del_Valle_Pessego,15,0.0,0.0,0.0,0.0,0.0,0.0
125,Itupeva,ITU_L2,Coca_Cola,1,0.0,0.0,0.0,0.0,0.0,0.0
125,Itupeva,ITU_L2,Coca_Cola,2,0.0,0.0,0.0,0.0,0.0,0.0
125,Itupeva,ITU_L2,Coca_Cola,3,0.0,0.0,0.0,0.0,0.0,0.0
125,Itupeva,ITU_L2,Coca_Cola,4,0.0,0.0,0.0,0.0,0.0,0.0
125,Itupeva,ITU_L2,Coca_Cola,5,0.0,0.0,0.0,0.0,0.0,0.0
125,Itupeva,ITU_L2,Coca_Cola,6,0.0,0.0,0.0,51792.45,0.0,0.0
125,Itupeva,ITU_L2,Coca_Cola,7,0.0,0.0,0.0,0.0,0.0,0.0
125,Itupeva,ITU_L2,Coca_Cola,8,0.0,0.0,0.0,0.0,0.0,0.0
125,Itupeva,ITU_L2,Coca_Cola,9,0.0,0.0,0.0,0.0,0.0,0.0
125,Itupeva,ITU_L2,Coca_Cola,10,0.0,0.0,0.0,0.0,0.0,0.0
125,Itupeva,ITU_L2,Coca_Cola,11,0.0,0.0,0.0,0.0,0.0,0.0
125,Itupeva,ITU_L2,Coca_Cola,12,0.0,0.0,0.0,0.0,0.0,0.0
125,Itupeva,ITU_L2,Coca_Cola,13,0.0,0.0,0.0,0.0,0.0,0.0
125,Itupeva,ITU_L2,Coca_Cola,14,0.0,0.0,0.0,0.0,0.0,0.0
125,Itupeva,ITU_L2,Coca_Cola,15,0.0,0.0,0.0,0.0,0.0,0.0
125,Itupeva,ITU_L2,Amstel_Lata,1,0.0,0.0,0.0,0.0,0.0,0.0
125,Itupeva,ITU_L2,Amstel_Lata,2,0.0,0.0,0.0,0.0,0.0,0.0
125,Itupeva,ITU_L2,Amstel_Lata,3,0.0,0.0,0.0,0.0,0.0,0.0
125,Itupeva,ITU_L2,Amstel_Lata,4,0.0,0.0,0.0,0.0,0.0,0.0
125,Itupeva,ITU_L2,Amstel_Lata,5,0.0,0.0,0.0,0.0,0.0,0.0
125,Itupeva,ITU_L2,Amstel_Lata,6,0.0,0.0,0.0,0.0,20707.099999999984,20707.099999999984
125,Itupeva,ITU_L2,Amstel_Lata,7,0.0,0.0,0.0,0.0,0.0,0.0
125,Itupeva,ITU_L2,Amstel_Lata,8,0.0,0.0,0.0,0.0,32648.47000000002,32648.47000000002
125,Itupeva,ITU_L2,Amstel_Lata,9,0.0,0.0,52870.79,0.0,0.0,62084.17
125,Itupeva,ITU_L2,Amstel_Lata,10,0.0,0.0,26464.26,0.0,0.0,26464.26
125,Itupeva,ITU_L2,Amstel_Lata,11,0.0,0.0,0.0,0.0,0.0,0.0
125,Itupeva,ITU_L2,Amstel_Lata,12,0.0,0.0,0.0,0.0,20407.54999999999,20407.54999999999
125,Itupeva,ITU_L2,Amstel_Lata,13,0.0,0.0,0.0,0.0,0.0,0.0
125,Itupeva,ITU_L2,Amstel_Lata,14,0.0,0.0,0.0,0.0,0.0,0.0
125,Itupeva,ITU_L2,Amstel_Lata,15,0.0,0.0,0.0,0.0,0.0,0.0
125,Itupeva,ITU_L2,Pepsi_Black,1,0.0,0.0,0.0,0.0,0.0,0.0
125,Itupeva,ITU_L2,Pepsi_Black,2,0.0,0.0,0.0,0.0,13083.899999999998,13083.899999999998
125,Itupeva,ITU_L2,Pepsi_Black,3,0.0,0.0,15679.04,0.0,4323.120000000003,20002.160000000003
125,Itupeva,ITU_L2,Pepsi_Black,4,0.0,0.0,0.0,0.0,0.0,0.0
125,Itupeva,ITU_L2,Pepsi_Black,5,0.0,0.0,15442.03,0.0,0.0,15442.03
125,Itupeva,ITU_L2,Pepsi_Black,6,0.0,0.0,0.0,0.0,0.0,0.0
125,Itupeva,ITU_L2,Pepsi_Black,7,0.0,0.0,0.0,0.0,0.0,0.0
125,Itupeva,ITU_L2,Pepsi_Black,8,0.0,0.0,0.0,0.0,0.0,0.0
125,Itupeva,ITU_L2,Pepsi_Black,9,0.0,0.0,0.0,0.0,0.0,0.0
125,Itupeva,ITU_L2,Pepsi_Black,10,0.0,0.0,0.0,0.0,0.0,0.0
125,Itupeva,ITU_L2,Pepsi_Black,11,0.0,0.0,0.0,0.0,0.0,50990.22
125,Itupeva,ITU_L2,Pepsi_Black,12,0.0,0.0,0.0,0.0,0.0,0.0
125,Itupeva,ITU_L2,Pepsi_Black,13,0.0,0.0,0.0,0.0,0.0,0.0
125,Itupeva,ITU_L2,Pepsi_Black,14,0.0,0.0,0.0,0.0,0.0,5323.82
125,Itupeva,ITU_L2,Pepsi_Black,15,0.0,0.0,0.0,0.0,0.0,0.0
125,Itupeva,ITU_L2,Del_Valle_Laranja,1,0.0,0.0,0.0,0.0,0.0,0.0
125,Itupeva,ITU_L2,Del_Valle_Laranja,2,0.0,0.0,0.0,0.0,0.0,0.0
125,Itupeva,ITU_L2,Del_Valle_Laranja,3,0.0,0.0,0.0,0.0,0.0,0.0
125,Itupeva,ITU_L2,Del_Valle_Laranja,4,0.0,0.0,0.0,0.0,0.0,0.0
125,Itupeva,ITU_L2,Del_Valle_Laranja,5,0.0,0.0,0.0,0.0,0.0,0.0
125,Itupeva,ITU_L2,Del_Valle_Laranja,6,0.0,0.0,0.0,0.0,0.0,0.0
125,Itupeva,ITU_L2,Del_Valle_Laranja,7,0.0,0.0,0.0,0.0,0.0,0.0
125,Itupeva,ITU_L2,Del_Valle_Laranja,8,0.0,0.0,0.0,0.0,0.0,0.0
125,Itupeva,ITU_L2,Del_Valle_Laranja,9,0.0,0.0,0.0,0.0,0.0,0.0
125,Itupeva,ITU_L2,Del_Valle_Laranja,10,0.0,0.0,0.0,0.0,0.0,0.0
125,Itupeva,ITU_L2,Del_Valle_Laranja,11,0.0,0.0,0.0,0.0,0.0,0.0
125,Itupeva,ITU_L2,Del_Valle_Laranja,12,0.0,0.0,0.0,0.0,0.0,0.0
125,Itupeva,ITU_L2,Del_Valle_Laranja,13,0.0,0.0,0.0,0.0,0.0,0.0
125,Itupeva,ITU_L2,Del_Valle_Laranja,14,0.0,0.0,0.0,0.0,0.0,14082.96
125,Itupeva,ITU_L2,Del_Valle_Laranja,15,0.0,0.0,0.0,0.0,0.0,0.0
125,Itupeva,ITU_L2,Itubaina,1,0.0,0.0,0.0,0.0,0.0,0.0
125,Itupeva,ITU_L2,Itubaina,2,0.0,0.0,0.0,0.0,0.0,50288.78
125,Itupeva,ITU_L2,Itubaina,3,0.0,0.0,0.0,0.0,0.0,0.0
125,Itupeva,ITU_L2,Itubaina,4,0.0,0.0,0.0,0.0,0.0,0.0
125,Itupeva,ITU_L2,Itubaina,5,0.0,0.0,0.0,0.0,3794.619999999998,0.0
125,Itupeva,ITU_L2,Itubaina,6,0.0,0.0,0.0,0.0,0.0,36836.2
125,Itupeva,ITU_L2,Itubaina,7,0.0,0.0,0.0,0.0,0.0,0.0
125,Itupeva,ITU_L2,Itubaina,8,0.0,0.0,0.0,0.0,0.0,19403.639999999996
125,Itupeva,ITU_L2,Itubaina,9,0.0,0.0,0.0,0.0,0.0,0.0
125,Itupeva,ITU_L2,Itubaina,10,0.0,0.0,0.0,0.0,0.0,0.0
125,Itupeva,ITU_L2,Itubaina,11,0.0,0.0,0.0,0.0,0.0,0.0
125,Itupeva,ITU_L2,Itubaina,12,0.0,0.0,0.0,0.0,0.0,0.0
125,Itupeva,ITU_L2,Itubaina,13,0.0,0.0,0.0,0.0,0.0,0.0
125,Itupeva,ITU_L2,Itubaina,14,0.0,0.0,0.0,0.0,0.0,0.0
125,Itupeva,ITU_L2,Itubaina,15,0.0,0.0,0.0,0.0,0.0,0.0
125,Itupeva,ITU_L2,Stella_Artois_Pure_Gold,1,0.0,0.0,0.0,0.0,0.0,0.0
125,Itupeva,ITU_L2,Stella_Artois_Pure_Gold,2,0.0,0.0,0.0,0.0,0.0,0.0
125,Itupeva,ITU_L2,Stella_Artois_Pure_Gold,3,0.0,0.0,0.0,0.0,0.0,0.0
125,Itupeva,ITU_L2,Stella_Artois_Pure_Gold,4,0.0,0.0,0.0,0.0,0.0,0.0
125,Itupeva,ITU_L2,Stella_Artois_Pure_Gold,5,0.0,0.0,0.0,0.0,0.0,50214.36
125,Itupeva,ITU_L2,Stella_Artois_Pure_Gold,6,0.0,0.0,0.0,0.0,0.0,0.0
125,Itupeva,ITU_L2,Stella_Artois_Pure_Gold,7,0.0,0.0,23106.54,0.0,1123.2200000000041,23106.54
125,Itupeva,ITU_L2,Stella_Artois_Pure_Gold,8,0.0,0.0,0.0,0.0,16386.14,0.0
125,Itupeva,ITU_L2,Stella_Artois_Pure_Gold,9,0.0,0.0,0.0,0.0,16479.21,45245.27
125,Itupeva,ITU_L2,Stella_Artois_Pure_Gold,10,0.0,0.0,0.0,0.0,0.0,39216.00000000001
125,Itupeva,ITU_L2,Stella_Artois_Pure_Gold,11,0.0,0.0,0.0,0.0,0.0,0.0
125,Itupeva,ITU_L2,Stella_Artois_Pure_Gold,12,0.0,0.0,0.0,0.0,0.0,0.0
125,Itupeva,ITU_L2,Stella_Artois_Pure_Gold,13,0.0,0.0,0.0,0.0,0.0,0.0
125,Itupeva,ITU_L2,Stella_Artois_Pure_Gold,14,0.0,0.0,0.0,0.0,0.0,0.0
125,Itupeva,ITU_L2,Stella_Artois_Pure_Gold,15,0.0,0.0,0.0,0.0,0.0,944.87
125,Itupeva,ITU_L2,Maguary_Caju,1,0.0,0.0,0.0,0.0,0.0,0.0
125,Itupeva,ITU_L2,Maguary_Caju,2,0.0,0.0,0.0,0.0,0.0,0.0
125,Itupeva,ITU_L2,Maguary_Caju,3,0.0,0.0,0.0,0.0,0.0,17936.52
125,Itupeva,ITU_L2,Maguary_Caju,4,0.0,0.0,0.0,0.0,17936.52,0.0
125,Itupeva,ITU_L2,Maguary_Caju,5,0.0,0.0,0.0,0.0,0.0,0.0
125,Itupeva,ITU_L2,Maguary_Caju,6,0.0,0.0,0.0,0.0,0.0,0.0
125,Itupeva,ITU_L2,Maguary_Caju,7,0.0,0.0,0.0,0.0,0.0,0.0
125,Itupeva,ITU_L2,Maguary_Caju,8,0.0,0.0,0.0,0.0,0.0,0.0
125,Itupeva,ITU_L2,Maguary_Caju,9,0.0,0.0,0.0,0.0,0.0,0.0
125,Itupeva,ITU_L2,Maguary_Caju,10,0.0,0.0,0.0,0.0,0.0,0.0
125,Itupeva,ITU_L2,Maguary_Caju,11,0.0,0.0,0.0,0.0,0.0,0.0
125,Itupeva,ITU_L2,Maguary_Caju,12,0.0,0.0,0.0,0.0,0.0,0.0
125,Itupeva,ITU_L2,Maguary_Caju,13,0.0,0.0,0.0,0.0,0.0,0.0
125,Itupeva,ITU_L2,Maguary_Caju,14,0.0,0.0,0.0,0.0,0.0,20411.64
125,Itupeva,ITU_L2,Maguary_Caju,15,0.0,0.0,0.0,0.0,0.0,0.0
125,Itupeva,ITU_L2,Coca_Cola_Zero,1,0.0,0.0,0.0,0.0,3941.160000000003,0.0
125,Itupeva,ITU_L2,Coca_Cola_Zero,2,0.0,0.0,0.0,0.0,9394.549999999994,0.0
125,Itupeva,ITU_L2,Coca_Cola_Zero,3,0.0,0.0,0.0,0.0,38039.99999999999,0.0
125,Itupeva,ITU_L2,Coca_Cola_Zero,4,0.0,0.0,0.0,0.0,2866.670000000002,0.0
125,Itupeva,ITU_L2,Coca_Cola_Zero,5,0.0,0.0,0.0,0.0,0.0,0.0
125,Itupeva,ITU_L2,Coca_Cola_Zero,6,0.0,0.0,0.0,0.0,31562.999999999993,0.0
125,Itupeva,ITU_L2,Coca_Cola_Zero,7,0.0,0.0,0.0,0.0,36124.78,0.0
125,Itupeva,ITU_L2,Coca_Cola_Zero,8,0.0,0.0,0.0,0.0,0.0,0.0
125,Itupeva,ITU_L2,Coca_Cola_Zero,9,0.0,0.0,0.0,0.0,0.0,0.0
125,Itupeva,ITU_L2,Coca_Cola_Zero,10,0.0,0.0,10772.16,0.0,666.4700000000024,10772.16
125,Itupeva,ITU_L2,Coca_Cola_Zero,11,0.0,0.0,0.0,0.0,24040.300000000003,0.0
125,Itupeva,ITU_L2,Coca_Cola_Zero,12,0.0,0.0,0.0,0.0,36288.0,0.0
125,Itupeva,ITU_L2,Coca_Cola_Zero,13,0.0,0.0,0.0,0.0,39792.0,0.0
125,Itupeva,ITU_L2,Coca_Cola_Zero,14,0.0,0.0,0.0,0.0,36840.0,28117.37
125,Itupeva,ITU_L2,Coca_Cola_Zero,15,0.0,0.0,0.0,0.0,0.0,0.0
125,Itupeva,ITU_L2,Pepsi,1,0.0,0.0,4343.73,0.0,0.0,4343.73
125,Itupeva,ITU_L2,Pepsi,2,0.0,0.0,0.0,0.0,0.0,0.0
125,Itupeva,ITU_L2,Pepsi,3,0.0,0.0,0.0,0.0,0.0,0.0
125,Itupeva,ITU_L2,Pepsi,4,0.0,0.0,0.0,0.0,0.0,0.0
125,Itupeva,ITU_L2,Pepsi,5,0.0,0.0,0.0,0.0,0.0,0.0
125,Itupeva,ITU_L2,Pepsi,6,0.0,0.0,0.0,0.0,0.0,0.0
125,Itupeva,ITU_L2,Pepsi,7,0.0,0.0,0.0,0.0,0.0,17356.64
125,Itupeva,ITU_L2,Pepsi,8,0.0,0.0,0.0,0.0,0.0,0.0
125,Itupeva,ITU_L2,Pepsi,9,0.0,0.0,0.0,0.0,0.0,0.0
125,Itupeva,ITU_L2,Pepsi,10,0.0,0.0,0.0,0.0,0.0,0.0
125,Itupeva,ITU_L2,Pepsi,11,0.0,0.0,0.0,0.0,0.0,0.0
125,Itupeva,ITU_L2,Pepsi,12,0.0,0.0,0.0,0.0,0.0,0.0
125,Itupeva,ITU_L2,Pepsi,13,0.0,0.0,0.0,0.0,0.0,0.0
125,Itupeva,ITU_L2,Pepsi,14,0.0,0.0,0.0,0.0,0.0,0.0
125,Itupeva,ITU_L2,Pepsi,15,0.0,0.0,0.0,0.0,0.0,0.0
125,Itupeva,ITU_L2,Antarctica_Lata,1,0.0,0.0,19529.53,0.0,22901.919999999995,19529.53
125,Itupeva,ITU_L2,Antarctica_Lata,2,0.0,0.0,0.0,0.0,0.0,0.0
125,Itupeva,ITU_L2,Antarctica_Lata,3,0.0,0.0,0.0,0.0,0.0,16522.93
125,Itupeva,ITU_L2,Antarctica_Lata,4,0.0,0.0,12535.79,0.0,0.0,12535.79
125,Itupeva,ITU_L2,Antarctica_Lata,5,0.0,0.0,0.0,0.0,0.0,0.0
125,Itupeva,ITU_L2,Antarctica_Lata,6,0.0,0.0,0.0,0.0,0.0,0.0
125,Itupeva,ITU_L2,Antarctica_Lata,7,0.0,0.0,0.0,0.0,7684.679999999998,0.0
125,Itupeva,ITU_L2,Antarctica_Lata,8,0.0,0.0,0.0,0.0,23081.699999999997,41876.840000000004
125,Itupeva,ITU_L2,Antarctica_Lata,9,0.0,0.0,0.0,0.0,26247.21,35172.73
125,Itupeva,ITU_L2,Antarctica_Lata,10,0.0,0.0,0.0,0.0,0.0,0.0
125,Itupeva,ITU_L2,Antarctica_Lata,11,0.0,0.0,0.0,0.0,4866.329999999997,0.0
125,Itupeva,ITU_L2,Antarctica_Lata,12,0.0,0.0,0.0,0.0,5245.710000000004,0.0
125,Itupeva,ITU_L2,Antarctica_Lata,13,0.0,0.0,0.0,0.0,6009.169999999998,0.0
125,Itupeva,ITU_L2,Antarctica_Lata,14,0.0,0.0,47246.09,0.0,9892.670000000006,47246.09
125,Itupeva,ITU_L2,Antarctica_Lata,15,0.0,0.0,0.0,0.0,0.0,0.0
125,Itupeva,ITU_L2,Spaten_Lata,1,0.0,0.0,0.0,0.0,24529.34,24529.34
125,Itupeva,ITU_L2,Spaten_Lata,2,0.0,0.0,0.0,0.0,0.0,24880.61
125,Itupeva,ITU_L2,Spaten_Lata,3,0.0,0.0,0.0,0.0,21740.2,21740.2
125,Itupeva,ITU_L2,Spaten_Lata,4,0.0,0.0,0.0,0.0,5110.959999999995,5110.959999999995
125,Itupeva,ITU_L2,Spaten_Lata,5,0.0,0.0,0.0,0.0,0.0,0.0
125,Itupeva,ITU_L2,Spaten_Lata,6,0.0,0.0,0.0,0.0,0.0,0.0
125,Itupeva,ITU_L2,Spaten_Lata,7,0.0,0.0,0.0,0.0,2807.2,2807.2
125,Itupeva,ITU_L2,Spaten_Lata,8,0.0,0.0,0.0,0.0,0.0,0.0
125,Itupeva,ITU_L2,Spaten_Lata,9,0.0,0.0,0.0,0.0,15667.75,15667.75
125,Itupeva,ITU_L2,Spaten_Lata,10,0.0,0.0,0.0,0.0,0.0,0.0
125,Itupeva,ITU_L2,Spaten_Lata,11,0.0,0.0,0.0,0.0,0.0,0.0
125,Itupeva,ITU_L2,Spaten_Lata,12,0.0,0.0,0.0,0.0,0.0,16826.39
125,Itupeva,ITU_L2,Spaten_Lata,13,0.0,0.0,0.0,0.0,0.0,4472.59
125,Itupeva,ITU_L2,Spaten_Lata,14,0.0,0.0,0.0,0.0,0.0,0.0
125,Itupeva,ITU_L2,Spaten_Lata,15,0.0,0.0,0.0,0.0,0.0,0.0
125,Itupeva,ITU_L2,Heineken_Lata,1,0.0,0.0,0.0,0.0,19818.08,0.0
125,Itupeva,ITU_L2,Heineken_Lata,2,0.0,0.0,0.0,0.0,13686.479999999998,0.0
125,Itupeva,ITU_L2,Heineken_Lata,3,0.0,0.0,0.0,0.0,24592.130000000012,0.0
125,Itupeva,ITU_L2,Heineken_Lata,4,0.0,0.0,0.0,0.0,41687.99999999999,0.0
125,Itupeva,ITU_L2,Heineken_Lata,5,0.0,0.0,0.0,0.0,32085.380000000005,0.0
125,Itupeva,ITU_L2,Heineken_Lata,6,0.0,0.0,0.0,0.0,36000.0,0.0
125,Itupeva,ITU_L2,Heineken_Lata,7,0.0,0.0,0.0,0.0,28843.32,0.0
125,Itupeva,ITU_L2,Heineken_Lata,8,0.0,0.0,0.0,0.0,14886.3,0.0
125,Itupeva,ITU_L2,Heineken_Lata,9,0.0,0.0,0.0,0.0,9416.79,0.0
125,Itupeva,ITU_L2,Heineken_Lata,10,0.0,0.0,0.0,0.0,13979.77,0.0
125,Itupeva,ITU_L2,Heineken_Lata,11,0.0,0.0,0.0,0.0,27489.14,0.0
125,Itupeva,ITU_L2,Heineken_Lata,12,0.0,0.0,0.0,0.0,7738.16,0.0
125,Itupeva,ITU_L2,Heineken_Lata,13,0.0,0.0,0.0,0.0,1077.26,0.0
125,Itupeva,ITU_L2,Heineken_Lata,14,0.0,0.0,0.0,0.0,130.93,0.0
125,Itupeva,ITU_L2,Heineken_Lata,15,0.0,0.0,0.0,0.0,39120.0,0.0
125,Itupeva,ITU_L2,Sukita_Laranja,1,0.0,0.0,0.0,0.0,0.0,0.0
125,Itupeva,ITU_L2,Sukita_Laranja,2,0.0,0.0,0.0,0.0,0.0,0.0
125,Itupeva,ITU_L2,Sukita_Laranja,3,0.0,0.0,0.0,0.0,0.0,0.0
125,Itupeva,ITU_L2,Sukita_Laranja,4,0.0,0.0,0.0,32917.78,0.0,0.0
125,Itupeva,ITU_L2,Sukita_Laranja,5,0.0,0.0,0.0,0.0,0.0,0.0
125,Itupeva,ITU_L2,Sukita_Laranja,6,0.0,0.0,0.0,0.0,0.0,0.0
125,Itupeva,ITU_L2,Sukita_Laranja,7,0.0,0.0,0.0,0.0,0.0,0.0
125,Itupeva,ITU_L2,Sukita_Laranja,8,0.0,0.0,0.0,0.0,0.0,0.0
125,Itupeva,ITU_L2,Sukita_Laranja,9,0.0,0.0,0.0,0.0,0.0,0.0
125,Itupeva,ITU_L2,Sukita_Laranja,10,0.0,0.0,0.0,0.0,0.0,0.0
125,Itupeva,ITU_L2,Sukita_Laranja,11,0.0,0.0,0.0,0.0,0.0,0.0
125,Itupeva,ITU_L2,Sukita_Laranja,12,0.0,0.0,0.0,0.0,0.0,0.0
125,Itupeva,ITU_L2,Sukita_Laranja,13,0.0,0.0,0.0,0.0,0.0,0.0
125,Itupeva,ITU_L2,Sukita_Laranja,14,0.0,0.0,0.0,0.0,0.0,0.0
125,Itupeva,ITU_L2,Sukita_Laranja,15,8589.179999999977,0.0,0.0,0.0,8589.179999999975,0.0
125,Itupeva,ITU_L2,H2OH_Limao,1,0.0,0.0,0.0,0.0,0.0,0.0
125,Itupeva,ITU_L2,H2OH_Limao,2,0.0,0.0,13338.88,0.0,0.0,13338.88
125,Itupeva,ITU_L2,H2OH_Limao,3,0.0,0.0,0.0,0.0,0.0,0.0
125,Itupeva,ITU_L2,H2OH_Limao,4,0.0,0.0,0.0,0.0,0.0,0.0
125,Itupeva,ITU_L2,H2OH_Limao,5,0.0,0.0,0.0,0.0,0.0,0.0
125,Itupeva,ITU_L2,H2OH_Limao,6,0.0,0.0,0.0,0.0,0.0,0.0
125,Itupeva,ITU_L2,H2OH_Limao,7,0.0,0.0,0.0,0.0,0.0,0.0
125,Itupeva,ITU_L2,H2OH_Limao,8,0.0,0.0,0.0,0.0,0.0,0.0
125,Itupeva,ITU_L2,H2OH_Limao,9,0.0,0.0,0.0,0.0,0.0,0.0
125,Itupeva,ITU_L2,H2OH_Limao,10,0.0,0.0,0.0,0.0,0.0,0.0
125,Itupeva,ITU_L2,H2OH_Limao,11,0.0,0.0,0.0,0.0,0.0,0.0
125,Itupeva,ITU_L2,H2OH_Limao,12,0.0,0.0,0.0,0.0,0.0,0.0
125,Itupeva,ITU_L2,H2OH_Limao,13,0.0,0.0,0.0,0.0,0.0,0.0
125,Itupeva,ITU_L2,H2OH_Limao,14,0.0,0.0,0.0,0.0,0.0,0.0
125,Itupeva,ITU_L2,H2OH_Limao,15,0.0,0.0,48556.93,0.0,0.0,48556.93
125,Itupeva,ITU_L2,Budweiser_Lata,1,0.0,0.0,0.0,0.0,0.0,0.0
125,Itupeva,ITU_L2,Budweiser_Lata,2,0.0,0.0,0.0,0.0,0.0,0.0
125,Itupeva,ITU_L2,Budweiser_Lata,3,0.0,0.0,0.0,0.0,0.0,0.0
125,Itupeva,ITU_L2,Budweiser_Lata,4,0.0,0.0,0.0,0.0,0.0,0.0
125,Itupeva,ITU_L2,Budweiser_Lata,5,0.0,0.0,0.0,0.0,0.0,0.0
125,Itupeva,ITU_L2,Budweiser_Lata,6,0.0,0.0,0.0,0.0,0.0,0.0
125,Itupeva,ITU_L2,Budweiser_Lata,7,0.0,0.0,0.0,0.0,0.0,0.0
125,Itupeva,ITU_L2,Budweiser_Lata,8,0.0,0.0,0.0,0.0,0.0,0.0
125,Itupeva,ITU_L2,Budweiser_Lata,9,0.0,0.0,0.0,0.0,0.0,0.0
125,Itupeva,ITU_L2,Budweiser_Lata,10,0.0,0.0,0.0,0.0,0.0,0.0
125,Itupeva,ITU_L2,Budweiser_Lata,11,0.0,0.0,385.11,0.0,0.0,385.11
125,Itupeva,ITU_L2,Budweiser_Lata,12,0.0,0.0,0.0,0.0,0.0,0.0
125,Itupeva,ITU_L2,Budweiser_Lata,13,0.0,0.0,0.0,0.0,0.0,0.0
125,Itupeva,ITU_L2,Budweiser_Lata,14,0.0,0.0,0.0,0.0,0.0,0.0
125,Itupeva,ITU_L2,Budweiser_Lata,15,0.0,0.0,0.0,0.0,0.0,42671.18
125,Itupeva,ITU_L2,Kuat,1,0.0,0.0,0.0,0.0,0.0,0.0
125,Itupeva,ITU_L2,Kuat,2,0.0,0.0,0.0,0.0,0.0,6012.59
125,Itupeva,ITU_L2,Kuat,3,0.0,0.0,0.0,0.0,0.0,0.0
125,Itupeva,ITU_L2,Kuat,4,0.0,0.0,0.0,0.0,0.0,0.0
125,Itupeva,ITU_L2,Kuat,5,0.0,0.0,31919.28,0.0,0.0,31919.28
125,Itupeva,ITU_L2,Kuat,6,0.0,0.0,0.0,0.0,0.0,0.0
125,Itupeva,ITU_L2,Kuat,7,0.0,0.0,0.0,0.0,0.0,0.0
125,Itupeva,ITU_L2,Kuat,8,0.0,0.0,0.0,0.0,0.0,0.0
125,Itupeva,ITU_L2,Kuat,9,0.0,0.0,0.0,0.0,0.0,0.0
125,Itupeva,ITU_L2,Kuat,10,0.0,0.0,0.0,0.0,0.0,0.0
125,Itupeva,ITU_L2,Kuat,11,0.0,0.0,0.0,0.0,0.0,0.0
125,Itupeva,ITU_L2,Kuat,12,0.0,0.0,0.0,0.0,0.0,0.0
125,Itupeva,ITU_L2,Kuat,13,0.0,0.0,0.0,0.0,0.0,0.0
125,Itupeva,ITU_L2,Kuat,14,0.0,0.0,0.0,0.0,0.0,0.0
125,Itupeva,ITU_L2,Kuat,15,0.0,0.0,0.0,0.0,0.0,0.0
125,Itupeva,ITU_L2,Fanta_Uva,1,0.0,0.0,0.0,0.0,0.0,0.0
125,Itupeva,ITU_L2,Fanta_Uva,2,0.0,0.0,0.0,0.0,0.0,0.0
125,Itupeva,ITU_L2,Fanta_Uva,3,0.0,0.0,0.0,0.0,0.0,0.0
125,Itupeva,ITU_L2,Fanta_Uva,4,0.0,0.0,0.0,0.0,0.0,0.0
125,Itupeva,ITU_L2,Fanta_Uva,5,0.0,0.0,0.0,0.0,0.0,0.0
125,Itupeva,ITU_L2,Fanta_Uva,6,0.0,0.0,0.0,0.0,0.0,0.0
125,Itupeva,ITU_L2,Fanta_Uva,7,0.0,0.0,0.0,0.0,0.0,28209.08
125,Itupeva,ITU_L2,Fanta_Uva,8,0.0,0.0,0.0,0.0,0.0,0.0
125,Itupeva,ITU_L2,Fanta_Uva,9,0.0,0.0,0.0,0.0,0.0,0.0
125,Itupeva,ITU_L2,Fanta_Uva,10,0.0,0.0,10973.18,0.0,0.0,10973.18
125,Itupeva,ITU_L2,Fanta_Uva,11,0.0,0.0,0.0,0.0,0.0,7395.88
125,Itupeva,ITU_L2,Fanta_Uva,12,0.0,0.0,0.0,0.0,0.0,0.0
125,Itupeva,ITU_L2,Fanta_Uva,13,0.0,0.0,0.0,0.0,0.0,0.0
125,Itupeva,ITU_L2,Fanta_Uva,14,0.0,0.0,0.0,0.0,0.0,0.0
125,Itupeva,ITU_L2,Fanta_Uva,15,0.0,0.0,0.0,0.0,0.0,0.0
125,Itupeva,ITU_L2,Sprite,1,0.0,0.0,0.0,0.0,0.0,0.0
125,Itupeva,ITU_L2,Sprite,2,0.0,0.0,0.0,0.0,0.0,0.0
125,Itupeva,ITU_L2,Sprite,3,0.0,0.0,0.0,0.0,0.0,0.0
125,Itupeva,ITU_L2,Sprite,4,0.0,0.0,0.0,0.0,0.0,0.0
125,Itupeva,ITU_L2,Sprite,5,0.0,0.0,0.0,0.0,0.0,0.0
125,Itupeva,ITU_L2,Sprite,6,0.0,0.0,0.0,0.0,0.0,0.0
125,Itupeva,ITU_L2,Sprite,7,0.0,0.0,0.0,0.0,0.0,0.0
125,Itupeva,ITU_L2,Sprite,8,0.0,0.0,0.0,0.0,0.0,0.0
125,Itupeva,ITU_L2,Sprite,9,0.0,0.0,0.0,0.0,0.0,0.0
125,Itupeva,ITU_L2,Sprite,10,0.0,0.0,0.0,0.0,0.0,0.0
125,Itupeva,ITU_L2,Sprite,11,0.0,0.0,0.0,0.0,0.0,0.0
125,Itupeva,ITU_L2,Sprite,12,0.0,0.0,0.0,0.0,0.0,0.0
125,Itupeva,ITU_L2,Sprite,13,0.0,0.0,0.0,0.0,0.0,0.0
125,Itupeva,ITU_L2,Sprite,14,0.0,0.0,0.0,0.0,0.0,0.0
125,Itupeva,ITU_L2,Sprite,15,0.0,0.0,0.0,0.0,0.0,0.0
125,Itupeva,ITU_L2,Skol_Lata,1,0.0,0.0,0.0,0.0,0.0,0.0
125,Itupeva,ITU_L2,Skol_Lata,2,0.0,0.0,31225.58,0.0,0.0,31225.58
125,Itupeva,ITU_L2,Skol_Lata,3,0.0,0.0,0.0,0.0,0.0,0.0
125,Itupeva,ITU_L2,Skol_Lata,4,0.0,0.0,0.0,0.0,0.0,0.0
125,Itupeva,ITU_L2,Skol_Lata,5,0.0,0.0,0.0,0.0,0.0,0.0
125,Itupeva,ITU_L2,Skol_Lata,6,0.0,0.0,0.0,0.0,0.0,0.0
125,Itupeva,ITU_L2,Skol_Lata,7,0.0,0.0,0.0,0.0,0.0,0.0
125,Itupeva,ITU_L2,Skol_Lata,8,0.0,0.0,0.0,0.0,0.0,0.0
125,Itupeva,ITU_L2,Skol_Lata,9,0.0,0.0,0.0,0.0,0.0,0.0
125,Itupeva,ITU_L2,Skol_Lata,10,0.0,0.0,0.0,0.0,0.0,0.0
125,Itupeva,ITU_L2,Skol_Lata,11,0.0,0.0,0.0,0.0,0.0,0.0
125,Itupeva,ITU_L2,Skol_Lata,12,0.0,0.0,0.0,0.0,0.0,0.0
125,Itupeva,ITU_L2,Skol_Lata,13,0.0,0.0,0.0,0.0,0.0,27984.45
125,Itupeva,ITU_L2,Skol_Lata,14,0.0,0.0,0.0,0.0,0.0,0.0
125,Itupeva,ITU_L2,Skol_Lata,15,0.0,0.0,0.0,0.0,0.0,0.0
125,Itupeva,ITU_L2,Guarana_Antarctica,1,0.0,0.0,0.0,0.0,0.0,0.0
125,Itupeva,ITU_L2,Guarana_Antarctica,2,0.0,0.0,0.0,0.0,0.0,0.0
125,Itupeva,ITU_L2,Guarana_Antarctica,3,0.0,0.0,0.0,0.0,0.0,0.0
125,Itupeva,ITU_L2,Guarana_Antarctica,4,0.0,0.0,0.0,0.0,0.0,0.0
125,Itupeva,ITU_L2,Guarana_Antarctica,5,0.0,0.0,0.0,0.0,0.0,0.0
125,Itupeva,ITU_L2,Guarana_Antarctica,6,0.0,0.0,0.0,0.0,0.0,0.0
125,Itupeva,ITU_L2,Guarana_Antarctica,7,0.0,0.0,0.0,0.0,0.0,0.0
125,Itupeva,ITU_L2,Guarana_Antarctica,8,0.0,0.0,0.0,0.0,0.0,0.0
125,Itupeva,ITU_L2,Guarana_Antarctica,9,0.0,0.0,0.0,0.0,0.0,0.0
125,Itupeva,ITU_L2,Guarana_Antarctica,10,0.0,0.0,0.0,0.0,0.0,0.0
125,Itupeva,ITU_L2,Guarana_Antarctica,11,0.0,0.0,0.0,0.0,0.0,0.0
125,Itupeva,ITU_L2,Guarana_Antarctica,12,0.0,0.0,0.0,0.0,0.0,0.0
125,Itupeva,ITU_L2,Guarana_Antarctica,13,0.0,0.0,0.0,0.0,0.0,0.0
125,Itupeva,ITU_L2,Guarana_Antarctica,14,0.0,0.0,0.0,0.0,0.0,0.0
125,Itupeva,ITU_L2,Guarana_Antarctica,15,0.0,0.0,0.0,0.0,0.0,0.0
125,Itupeva,ITU_L2,Guarana_Antarctica_Zero,1,0.0,0.0,0.0,0.0,0.0,0.0
125,Itupeva,ITU_L2,Guarana_Antarctica_Zero,2,0.0,0.0,0.0,0.0,0.0,0.0
125,Itupeva,ITU_L2,Guarana_Antarctica_Zero,3,0.0,0.0,0.0,0.0,0.0,0.0
125,Itupeva,ITU_L2,Guarana_Antarctica_Zero,4,0.0,0.0,0.0,0.0,0.0,0.0
125,Itupeva,ITU_L2,Guarana_Antarctica_Zero,5,0.0,0.0,0.0,0.0,0.0,0.0
125,Itupeva,ITU_L2,Guarana_Antarctica_Zero,6,0.0,0.0,0.0,0.0,0.0,31112.36
125,Itupeva,ITU_L2,Guarana_Antarctica_Zero,7,0.0,0.0,27434.86,0.0,0.0,27434.86
125,Itupeva,ITU_L2,Guarana_Antarctica_Zero,8,0.0,0.0,0.0,0.0,0.0,0.0
125,Itupeva,ITU_L2,Guarana_Antarctica_Zero,9,0.0,0.0,0.0,0.0,0.0,0.0
125,Itupeva,ITU_L2,Guarana_Antarctica_Zero,10,0.0,0.0,0.0,0.0,0.0,0.0
125,Itupeva,ITU_L2,Guarana_Antarctica_Zero,11,0.0,0.0,14496.26,0.0,0.0,14496.26
125,Itupeva,ITU_L2,Guarana_Antarctica_Zero,12,0.0,0.0,0.0,0.0,0.0,0.0
125,Itupeva,ITU_L2,Guarana_Antarctica_Zero,13,0.0,0.0,0.0,0.0,0.0,0.0
125,Itupeva,ITU_L2,Guarana_Antarctica_Zero,14,0.0,0.0,0.0,0.0,0.0,0.0
125,Itupeva,ITU_L2,Guarana_Antarctica_Zero,15,0.0,0.0,0.0,0.0,0.0,16970.31
125,Itupeva,ITU_L2,Del_Valle_Uva,1,0.0,0.0,0.0,0.0,0.0,0.0
125,Itupeva,ITU_L2,Del_Valle_Uva,2,0.0,0.0,0.0,0.0,0.0,0.0
125,Itupeva,ITU_L2,Del_Valle_Uva,3,0.0,0.0,0.0,0.0,0.0,23250.86
125,Itupeva,ITU_L2,Del_Valle_Uva,4,0.0,0.0,0.0,0.0,0.0,0.0
125,Itupeva,ITU_L2,Del_Valle_Uva,5,0.0,0.0,0.0,0.0,0.0,0.0
125,Itupeva,ITU_L2,Del_Valle_Uva,6,0.0,0.0,0.0,0.0,0.0,0.0
125,Itupeva,ITU_L2,Del_Valle_Uva,7,0.0,0.0,0.0,0.0,0.0,0.0
125,Itupeva,ITU_L2,Del_Valle_Uva,8,0.0,0.0,0.0,0.0,0.0,0.0
125,Itupeva,ITU_L2,Del_Valle_Uva,9,0.0,0.0,0.0,0.0,0.0,0.0
125,Itupeva,ITU_L2,Del_Valle_Uva,10,0.0,0.0,0.0,0.0,0.0,0.0
125,Itupeva,ITU_L2,Del_Valle_Uva,11,0.0,0.0,0.0,0.0,0.0,0.0
125,Itupeva,ITU_L2,Del_Valle_Uva,12,0.0,0.0,17414.07,30901.370000000003,0.0,17414.07
125,Itupeva,ITU_L2,Del_Valle_Uva,13,0.0,0.0,0.0,0.0,14940.730000000001,0.0
125,Itupeva,ITU_L2,Del_Valle_Uva,14,0.0,0.0,0.0,0.0,0.0,0.0
125,Itupeva,ITU_L2,Del_Valle_Uva,15,0.0,0.0,0.0,0.0,0.0,0.0
125,Itupeva,ITU_L2,Brahma_Lata,1,0.0,0.0,0.0,0.0,34266.84,0.0
125,Itupeva,ITU_L2,Brahma_Lata,2,0.0,0.0,0.0,0.0,28141.45,0.0
125,Itupeva,ITU_L2,Brahma_Lata,3,0.0,0.0,0.0,0.0,0.0,0.0
125,Itupeva,ITU_L2,Brahma_Lata,4,0.0,0.0,0.0,0.0,2890.7399999999993,0.0
125,Itupeva,ITU_L2,Brahma_Lata,5,0.0,0.0,0.0,0.0,39552.00000000001,0.0
125,Itupeva,ITU_L2,Brahma_Lata,6,0.0,0.0,0.0,0.0,5210.030000000004,0.0
125,Itupeva,ITU_L2,Brahma_Lata,7,0.0,0.0,0.0,0.0,0.0,0.0
125,Itupeva,ITU_L2,Brahma_Lata,8,0.0,0.0,0.0,0.0,21557.86,0.0
125,Itupeva,ITU_L2,Brahma_Lata,9,0.0,0.0,0.0,0.0,21896.79,0.0
125,Itupeva,ITU_L2,Brahma_Lata,10,0.0,0.0,0.0,0.0,39605.53,0.0
125,Itupeva,ITU_L2,Brahma_Lata,11,0.0,0.0,0.0,0.0,15055.7,0.0
125,Itupeva,ITU_L2,Brahma_Lata,12,0.0,0.0,0.0,0.0,0.0,0.0
125,Itupeva,ITU_L2,Brahma_Lata,13,0.0,0.0,0.0,0.0,0.0,0.0
125,Itupeva,ITU_L2,Brahma_Lata,14,0.0,0.0,0.0,0.0,0.0,0.0
125,Itupeva,ITU_L2,Brahma_Lata,15,0.0,0.0,0.0,0.0,6563.790000000001,7709.54
125,Itupeva,ITU_L2,Itaipava_Lata,1,0.0,0.0,0.0,0.0,0.0,0.0
125,Itupeva,ITU_L2,Itaipava_Lata,2,0.0,0.0,0.0,0.0,0.0,0.0
125,Itupeva,ITU_L2,Itaipava_Lata,3,0.0,0.0,0.0,0.0,0.0,0.0
125,Itupeva,ITU_L2,Itaipava_Lata,4,0.0,0.0,0.0,0.0,0.0,0.0
125,Itupeva,ITU_L2,Itaipava_Lata,5,0.0,0.0,0.0,0.0,0.0,0.0
125,Itupeva,ITU_L2,Itaipava_Lata,6,0.0,0.0,0.0,0.0,0.0,0.0
125,Itupeva,ITU_L2,Itaipava_Lata,7,0.0,0.0,0.0,0.0,4817.26,4817.26
125,Itupeva,ITU_L2,Itaipava_Lata,8,0.0,0.0,0.0,0.0,0.0,0.0
125,Itupeva,ITU_L2,Itaipava_Lata,9,0.0,0.0,0.0,0.0,0.0,0.0
125,Itupeva,ITU_L2,Itaipava_Lata,10,0.0,0.0,0.0,0.0,0.0,0.0
125,Itupeva,ITU_L2,Itaipava_Lata,11,0.0,0.0,0.0,0.0,0.0,0.0
125,Itupeva,ITU_L2,Itaipava_Lata,12,0.0,0.0,0.0,0.0,0.0,0.0
125,Itupeva,ITU_L2,Itaipava_Lata,13,0.0,0.0,0.0,0.0,0.0,0.0
125,Itupeva,ITU_L2,Itaipava_Lata,14,0.0,0.0,0.0,0.0,0.0,0.0
125,Itupeva,ITU_L2,Itaipava_Lata,15,0.0,0.0,0.0,0.0,0.0,0.0
125,Itupeva,ITU_L3,Maguary_Maracuja,1,0.0,0.0,0.0,0.0,0.0,0.0
125,Itupeva,ITU_L3,Maguary_Maracuja,2,0.0,0.0,0.0,0.0,0.0,0.0
125,Itupeva,ITU_L3,Maguary_Maracuja,3,0.0,0.0,0.0,0.0,0.0,15781.190000000002
125,Itupeva,ITU_L3,Maguary_Maracuja,4,0.0,0.0,0.0,0.0,15781.190000000002,0.0
125,Itupeva,ITU_L3,Maguary_Maracuja,5,0.0,0.0,0.0,0.0,0.0,0.0
125,Itupeva,ITU_L3,Maguary_Maracuja,6,0.0,0.0,0.0,0.0,0.0,52620.96000000001
125,Itupeva,ITU_L3,Maguary_Maracuja,7,0.0,0.0,0.0,0.0,81509.21,0.0
125,Itupeva,ITU_L3,Maguary_Maracuja,8,0.0,0.0,0.0,0.0,0.0,23957.48
125,Itupeva,ITU_L3,Maguary_Maracuja,9,0.0,0.0,0.0,0.0,0.0,0.0
125,Itupeva,ITU_L3,Maguary_Maracuja,10,0.0,0.0,0.0,0.0,12141.660000000003,12141.660000000003
125,Itupeva,ITU_L3,Maguary_Maracuja,11,0.0,0.0,0.0,0.0,0.0,0.0
125,Itupeva,ITU_L3,Maguary_Maracuja,12,0.0,0.0,0.0,0.0,0.0,52827.78
125,Itupeva,ITU_L3,Maguary_Maracuja,13,0.0,0.0,0.0,0.0,52827.78,0.0
125,Itupeva,ITU_L3,Maguary_Maracuja,14,0.0,0.0,0.0,0.0,0.0,0.0
125,Itupeva,ITU_L3,Maguary_Maracuja,15,0.0,0.0,0.0,0.0,0.0,0.0
125,Itupeva,ITU_L3,Fanta_Laranja,1,0.0,0.0,0.0,0.0,0.0,0.0
125,Itupeva,ITU_L3,Fanta_Laranja,2,0.0,0.0,0.0,0.0,0.0,0.0
125,Itupeva,ITU_L3,Fanta_Laranja,3,0.0,0.0,0.0,0.0,15682.91,15682.91
125,Itupeva,ITU_L3,Fanta_Laranja,4,0.0,0.0,0.0,0.0,0.0,0.0
125,Itupeva,ITU_L3,Fanta_Laranja,5,0.0,0.0,0.0,0.0,0.0,0.0
125,Itupeva,ITU_L3,Fanta_Laranja,6,0.0,0.0,0.0,0.0,0.0,0.0
125,Itupeva,ITU_L3,Fanta_Laranja,7,0.0,0.0,0.0,0.0,0.0,0.0
125,Itupeva,ITU_L3,Fanta_Laranja,8,0.0,0.0,0.0,0.0,0.0,0.0
125,Itupeva,ITU_L3,Fanta_Laranja,9,0.0,0.0,0.0,0.0,0.0,0.0
125,Itupeva,ITU_L3,Fanta_Laranja,10,0.0,0.0,0.0,0.0,0.0,0.0
125,Itupeva,ITU_L3,Fanta_Laranja,11,0.0,0.0,0.0,0.0,0.0,0.0
125,Itupeva,ITU_L3,Fanta_Laranja,12,0.0,0.0,0.0,0.0,0.0,0.0
125,Itupeva,ITU_L3,Fanta_Laranja,13,0.0,0.0,0.0,0.0,0.0,0.0
125,Itupeva,ITU_L3,Fanta_Laranja,14,0.0,0.0,0.0,0.0,0.0,0.0
125,Itupeva,ITU_L3,Fanta_Laranja,15,0.0,0.0,0.0,0.0,0.0,0.0
125,Itupeva,ITU_L3,Schweppes_Citrus,1,0.0,0.0,0.0,0.0,0.0,49168.42
125,Itupeva,ITU_L3,Schweppes_Citrus,2,0.0,0.0,0.0,0.0,0.0,0.0
125,Itupeva,ITU_L3,Schweppes_Citrus,3,0.0,0.0,13888.19,0.0,0.0,37230.13
125,Itupeva,ITU_L3,Schweppes_Citrus,4,0.0,0.0,56192.98,0.0,0.0,56192.98
125,Itupeva,ITU_L3,Schweppes_Citrus,5,0.0,0.0,0.0,0.0,2981.8799999999974,2981.8799999999974
125,Itupeva,ITU_L3,Schweppes_Citrus,6,0.0,0.0,0.0,0.0,0.0,0.0
125,Itupeva,ITU_L3,Schweppes_Citrus,7,0.0,0.0,0.0,0.0,0.0,46050.65
125,Itupeva,ITU_L3,Schweppes_Citrus,8,0.0,0.0,0.0,0.0,0.0,0.0
125,Itupeva,ITU_L3,Schweppes_Citrus,9,0.0,0.0,0.0,0.0,0.0,0.0
125,Itupeva,ITU_L3,Schweppes_Citrus,10,0.0,0.0,21435.64,0.0,0.0,21435.64
125,Itupeva,ITU_L3,Schweppes_Citrus,11,0.0,0.0,0.0,0.0,0.0,0.0
125,Itupeva,ITU_L3,Schweppes_Citrus,12,0.0,0.0,0.0,0.0,0.0,0.0
125,Itupeva,ITU_L3,Schweppes_Citrus,13,0.0,0.0,0.0,0.0,0.0,46499.54
125,Itupeva,ITU_L3,Schweppes_Citrus,14,0.0,0.0,0.0,0.0,0.0,25388.93
125,Itupeva,ITU_L3,Schweppes_Citrus,15,0.0,0.0,0.0,0.0,0.0,0.0
125,Itupeva,ITU_L3,Sprite_Zero,1,0.0,0.0,0.0,0.0,17256.790000000008,0.0
125,Itupeva,ITU_L3,Sprite_Zero,2,23753.52,0.0,0.0,0.0,23753.52,0.0
125,Itupeva,ITU_L3,Sprite_Zero,3,15367.869999999988,0.0,0.0,0.0,15367.869999999988,0.0
125,Itupeva,ITU_L3,Sprite_Zero,4,0.0,0.0,0.0,0.0,0.0,0.0
125,Itupeva,ITU_L3,Sprite_Zero,5,0.0,0.0,48083.69,0.0,40224.0,48083.69
125,Itupeva,ITU_L3,Sprite_Zero,6,0.0,0.0,0.0,0.0,6746.37,0.0
125,Itupeva,ITU_L3,Sprite_Zero,7,0.0,0.0,0.0,0.0,17971.53,0.0
125,Itupeva,ITU_L3,Sprite_Zero,8,0.0,0.0,0.0,0.0,805.58,0.0
125,Itupeva,ITU_L3,Sprite_Zero,9,0.0,0.0,0.0,0.0,38228.649999999994,0.0
125,Itupeva,ITU_L3,Sprite_Zero,10,0.0,0.0,0.0,0.0,18344.010000000002,0.0
125,Itupeva,ITU_L3,Sprite_Zero,11,7052.530000000006,0.0,0.0,0.0,7052.530000000006,0.0
125,Itupeva,ITU_L3,Sprite_Zero,12,24888.13,0.0,18890.05,0.0,44446.08,0.0
125,Itupeva,ITU_L3,Sprite_Zero,13,16372.84,0.0,0.0,0.0,16372.84,0.0
125,Itupeva,ITU_L3,Sprite_Zero,14,30080.399999999994,0.0,0.0,0.0,46645.35,0.0
125,Itupeva,ITU_L3,Sprite_Zero,15,0.0,0.0,0.0,0.0,21170.83,0.0
125,Itupeva,ITU_L3,Eisenbahn_Pilsen,1,0.0,0.0,0.0,0.0,24407.209999999992,0.0
125,Itupeva,ITU_L3,Eisenbahn_Pilsen,2,0.0,0.0,0.0,0.0,36432.0,0.0
125,Itupeva,ITU_L3,Eisenbahn_Pilsen,3,0.0,0.0,0.0,0.0,4817.270000000004,21477.14
125,Itupeva,ITU_L3,Eisenbahn_Pilsen,4,0.0,0.0,0.0,0.0,36216.0,14649.76
125,Itupeva,ITU_L3,Eisenbahn_Pilsen,5,0.0,0.0,0.0,0.0,0.0,0.0
125,Itupeva,ITU_L3,Eisenbahn_Pilsen,6,0.0,0.0,0.0,0.0,24345.85,0.0
125,Itupeva,ITU_L3,Eisenbahn_Pilsen,7,0.0,0.0,0.0,0.0,0.0,0.0
125,Itupeva,ITU_L3,Eisenbahn_Pilsen,8,0.0,0.0,0.0,0.0,10680.300000000001,0.0
125,Itupeva,ITU_L3,Eisenbahn_Pilsen,9,0.0,0.0,0.0,0.0,2835.350000000002,0.0
125,Itupeva,ITU_L3,Eisenbahn_Pilsen,10,0.0,0.0,0.0,0.0,19839.989999999998,0.0
125,Itupeva,ITU_L3,Eisenbahn_Pilsen,11,0.0,0.0,0.0,0.0,5288.080000000002,0.0
125,Itupeva,ITU_L3,Eisenbahn_Pilsen,12,0.0,0.0,0.0,0.0,0.0,0.0
125,Itupeva,ITU_L3,Eisenbahn_Pilsen,13,0.0,0.0,0.0,0.0,36384.0,0.0
125,Itupeva,ITU_L3,Eisenbahn_Pilsen,14,0.0,0.0,0.0,0.0,20755.049999999996,0.0
125,Itupeva,ITU_L3,Eisenbahn_Pilsen,15,0.0,0.0,0.0,0.0,7775.99000000002,0.0
125,Itupeva,ITU_L3,Del_Valle_Pessego,1,0.0,0.0,0.0,0.0,0.0,27114.69
125,Itupeva,ITU_L3,Del_Valle_Pessego,2,0.0,0.0,0.0,0.0,0.0,0.0
125,Itupeva,ITU_L3,Del_Valle_Pessego,3,0.0,0.0,0.0,0.0,0.0,0.0
125,Itupeva,ITU_L3,Del_Valle_Pessego,4,0.0,0.0,0.0,0.0,0.0,0.0
125,Itupeva,ITU_L3,Del_Valle_Pessego,5,0.0,0.0,0.0,0.0,0.0,0.0
125,Itupeva,ITU_L3,Del_Valle_Pessego,6,0.0,0.0,0.0,0.0,0.0,0.0
125,Itupeva,ITU_L3,Del_Valle_Pessego,7,0.0,0.0,0.0,0.0,0.0,0.0
125,Itupeva,ITU_L3,Del_Valle_Pessego,8,0.0,0.0,0.0,0.0,0.0,0.0
125,Itupeva,ITU_L3,Del_Valle_Pessego,9,0.0,0.0,0.0,0.0,0.0,0.0
125,Itupeva,ITU_L3,Del_Valle_Pessego,10,0.0,0.0,0.0,0.0,0.0,0.0
125,Itupeva,ITU_L3,Del_Valle_Pessego,11,0.0,0.0,0.0,0.0,0.0,44436.75
125,Itupeva,ITU_L3,Del_Valle_Pessego,12,0.0,0.0,0.0,0.0,0.0,0.0
125,Itupeva,ITU_L3,Del_Valle_Pessego,13,0.0,0.0,0.0,0.0,0.0,0.0
125,Itupeva,ITU_L3,Del_Valle_Pessego,14,0.0,0.0,0.0,0.0,0.0,0.0
125,Itupeva,ITU_L3,Del_Valle_Pessego,15,0.0,0.0,0.0,0.0,0.0,0.0
125,Itupeva,ITU_L3,Coca_Cola,1,0.0,0.0,0.0,59708.91,0.0,0.0
125,Itupeva,ITU_L3,Coca_Cola,2,0.0,0.0,0.0,0.0,0.0,0.0
125,Itupeva,ITU_L3,Coca_Cola,3,0.0,0.0,0.0,0.0,0.0,0.0
125,Itupeva,ITU_L3,Coca_Cola,4,0.0,0.0,0.0,0.0,0.0,0.0
125,Itupeva,ITU_L3,Coca_Cola,5,0.0,0.0,0.0,284.2,0.0,0.0
125,Itupeva,ITU_L3,Coca_Cola,6,0.0,0.0,0.0,7684.28,0.0,0.0
125,Itupeva,ITU_L3,Coca_Cola,7,0.0,0.0,0.0,0.0,0.0,0.0
125,Itupeva,ITU_L3,Coca_Cola,8,0.0,0.0,0.0,0.0,0.0,0.0
125,Itupeva,ITU_L3,Coca_Cola,9,0.0,0.0,0.0,0.0,0.0,0.0
125,Itupeva,ITU_L3,Coca_Cola,10,0.0,0.0,0.0,0.0,0.0,0.0
125,Itupeva,ITU_L3,Coca_Cola,11,0.0,0.0,0.0,0.0,0.0,0.0
125,Itupeva,ITU_L3,Coca_Cola,12,0.0,0.0,0.0,0.0,0.0,0.0
125,Itupeva,ITU_L3,Coca_Cola,13,0.0,0.0,0.0,0.0,0.0,0.0
125,Itupeva,ITU_L3,Coca_Cola,14,0.0,0.0,0.0,0.0,0.0,0.0
125,Itupeva,ITU_L3,Coca_Cola,15,0.0,0.0,0.0,0.0,0.0,0.0
125,Itupeva,ITU_L3,Amstel_Lata,1,0.0,0.0,0.0,0.0,0.0,0.0
125,Itupeva,ITU_L3,Amstel_Lata,2,0.0,0.0,0.0,0.0,0.0,0.0
125,Itupeva,ITU_L3,Amstel_Lata,3,0.0,0.0,0.0,0.0,0.0,0.0
125,Itupeva,ITU_L3,Amstel_Lata,4,0.0,0.0,0.0,0.0,0.0,0.0
125,Itupeva,ITU_L3,Amstel_Lata,5,0.0,0.0,0.0,0.0,0.0,0.0
125,Itupeva,ITU_L3,Amstel_Lata,6,0.0,0.0,0.0,0.0,20707.099999999984,20707.099999999984
125,Itupeva,ITU_L3,Amstel_Lata,7,0.0,0.0,0.0,0.0,0.0,0.0
125,Itupeva,ITU_L3,Amstel_Lata,8,0.0,0.0,0.0,0.0,32648.47000000002,32648.47000000002
125,Itupeva,ITU_L3,Amstel_Lata,9,0.0,0.0,0.0,0.0,0.0,62084.17
125,Itupeva,ITU_L3,Amstel_Lata,10,0.0,0.0,0.0,0.0,0.0,26464.26
125,Itupeva,ITU_L3,Amstel_Lata,11,0.0,0.0,0.0,0.0,0.0,0.0
125,Itupeva,ITU_L3,Amstel_Lata,12,0.0,0.0,0.0,0.0,20407.54999999999,20407.54999999999
125,Itupeva,ITU_L3,Amstel_Lata,13,0.0,0.0,0.0,0.0,0.0,0.0
125,Itupeva,ITU_L3,Amstel_Lata,14,0.0,0.0,0.0,0.0,0.0,0.0
125,Itupeva,ITU_L3,Amstel_Lata,15,0.0,0.0,0.0,0.0,0.0,0.0
125,Itupeva,ITU_L3,Pepsi_Black,1,0.0,0.0,0.0,0.0,0.0,0.0
125,Itupeva,ITU_L3,Pepsi_Black,2,0.0,0.0,0.0,0.0,13083.899999999998,13083.899999999998
125,Itupeva,ITU_L3,Pepsi_Black,3,0.0,0.0,0.0,0.0,4323.120000000003,20002.160000000003
125,Itupeva,ITU_L3,Pepsi_Black,4,0.0,0.0,0.0,0.0,0.0,0.0
125,Itupeva,ITU_L3,Pepsi_Black,5,0.0,0.0,0.0,0.0,0.0,15442.03
125,Itupeva,ITU_L3,Pepsi_Black,6,0.0,0.0,0.0,0.0,0.0,0.0
125,Itupeva,ITU_L3,Pepsi_Black,7,0.0,0.0,0.0,0.0,0.0,0.0
125,Itupeva,ITU_L3,Pepsi_Black,8,0.0,0.0,0.0,0.0,0.0,0.0
125,Itupeva,ITU_L3,Pepsi_Black,9,0.0,0.0,0.0,0.0,0.0,0.0
125,Itupeva,ITU_L3,Pepsi_Black,10,0.0,0.0,0.0,0.0,0.0,0.0
125,Itupeva,ITU_L3,Pepsi_Black,11,0.0,0.0,50990.22,0.0,0.0,50990.22
125,Itupeva,ITU_L3,Pepsi_Black,12,0.0,0.0,0.0,0.0,0.0,0.0
125,Itupeva,ITU_L3,Pepsi_Black,13,0.0,0.0,0.0,0.0,0.0,0.0
125,Itupeva,ITU_L3,Pepsi_Black,14,0.0,0.0,0.0,0.0,0.0,5323.82
125,Itupeva,ITU_L3,Pepsi_Black,15,0.0,0.0,0.0,0.0,0.0,0.0
125,Itupeva,ITU_L3,Del_Valle_Laranja,1,0.0,0.0,0.0,0.0,0.0,0.0
125,Itupeva,ITU_L3,Del_Valle_Laranja,2,0.0,0.0,0.0,0.0,0.0,0.0
125,Itupeva,ITU_L3,Del_Valle_Laranja,3,0.0,0.0,0.0,0.0,0.0,0.0
125,Itupeva,ITU_L3,Del_Valle_Laranja,4,0.0,0.0,0.0,0.0,0.0,0.0
125,Itupeva,ITU_L3,Del_Valle_Laranja,5,0.0,0.0,0.0,0.0,0.0,0.0
125,Itupeva,ITU_L3,Del_Valle_Laranja,6,0.0,0.0,0.0,0.0,0.0,0.0
125,Itupeva,ITU_L3,Del_Valle_Laranja,7,0.0,0.0,0.0,0.0,0.0,0.0
125,Itupeva,ITU_L3,Del_Valle_Laranja,8,0.0,0.0,0.0,0.0,0.0,0.0
125,Itupeva,ITU_L3,Del_Valle_Laranja,9,0.0,0.0,0.0,0.0,0.0,0.0
125,Itupeva,ITU_L3,Del_Valle_Laranja,10,0.0,0.0,0.0,0.0,0.0,0.0
125,Itupeva,ITU_L3,Del_Valle_Laranja,11,0.0,0.0,0.0,0.0,0.0,0.0
125,Itupeva,ITU_L3,Del_Valle_Laranja,12,0.0,0.0,0.0,0.0,0.0,0.0
125,Itupeva,ITU_L3,Del_Valle_Laranja,13,0.0,0.0,0.0,0.0,0.0,0.0
125,Itupeva,ITU_L3,Del_Valle_Laranja,14,0.0,0.0,0.0,0.0,0.0,14082.96
125,Itupeva,ITU_L3,Del_Valle_Laranja,15,0.0,0.0,0.0,0.0,0.0,0.0
125,Itupeva,ITU_L3,Itubaina,1,0.0,0.0,0.0,0.0,0.0,0.0
125,Itupeva,ITU_L3,Itubaina,2,0.0,0.0,0.0,0.0,0.0,50288.78
125,Itupeva,ITU_L3,Itubaina,3,0.0,0.0,0.0,0.0,0.0,0.0
125,Itupeva,ITU_L3,Itubaina,4,0.0,0.0,0.0,0.0,0.0,0.0
125,Itupeva,ITU_L3,Itubaina,5,3794.619999999998,0.0,0.0,0.0,3794.619999999998,0.0
125,Itupeva,ITU_L3,Itubaina,6,0.0,0.0,36836.2,0.0,0.0,36836.2
125,Itupeva,ITU_L3,Itubaina,7,0.0,0.0,0.0,0.0,0.0,0.0
125,Itupeva,ITU_L3,Itubaina,8,0.0,0.0,19403.639999999996,28850.020000000008,0.0,19403.639999999996
125,Itupeva,ITU_L3,Itubaina,9,0.0,0.0,0.0,0.0,0.0,0.0
125,Itupeva,ITU_L3,Itubaina,10,0.0,0.0,0.0,0.0,0.0,0.0
125,Itupeva,ITU_L3,Itubaina,11,0.0,0.0,0.0,0.0,0.0,0.0
125,Itupeva,ITU_L3,Itubaina,12,0.0,0.0,0.0,0.0,0.0,0.0
125,Itupeva,ITU_L3,Itubaina,13,0.0,0.0,0.0,0.0,0.0,0.0
125,Itupeva,ITU_L3,Itubaina,14,0.0,0.0,0.0,0.0,0.0,0.0
125,Itupeva,ITU_L3,Itubaina,15,0.0,0.0,0.0,0.0,0.0,0.0
125,Itupeva,ITU_L3,Stella_Artois_Pure_Gold,1,0.0,0.0,0.0,0.0,0.0,0.0
125,Itupeva,ITU_L3,Stella_Artois_Pure_Gold,2,0.0,0.0,0.0,0.0,0.0,0.0
125,Itupeva,ITU_L3,Stella_Artois_Pure_Gold,3,0.0,0.0,0.0,0.0,0.0,0.0
125,Itupeva,ITU_L3,Stella_Artois_Pure_Gold,4,0.0,0.0,0.0,0.0,0.0,0.0
125,Itupeva,ITU_L3,Stella_Artois_Pure_Gold,5,0.0,0.0,0.0,0.0,0.0,50214.36
125,Itupeva,ITU_L3,Stella_Artois_Pure_Gold,6,0.0,0.0,0.0,0.0,0.0,0.0
125,Itupeva,ITU_L3,Stella_Artois_Pure_Gold,7,0.0,0.0,0.0,0.0,1123.2200000000041,23106.54
125,Itupeva,ITU_L3,Stella_Artois_Pure_Gold,8,0.0,0.0,0.0,0.0,16386.14,0.0
125,Itupeva,ITU_L3,Stella_Artois_Pure_Gold,9,0.0,0.0,45245.27,0.0,16479.21,45245.27
125,Itupeva,ITU_L3,Stella_Artois_Pure_Gold,10,0.0,0.0,0.0,0.0,0.0,39216.00000000001
125,Itupeva,ITU_L3,Stella_Artois_Pure_Gold,11,0.0,0.0,0.0,0.0,0.0,0.0
125,Itupeva,ITU_L3,Stella_Artois_Pure_Gold,12,0.0,0.0,0.0,0.0,0.0,0.0
125,Itupeva,ITU_L3,Stella_Artois_Pure_Gold,13,0.0,0.0,0.0,0.0,0.0,0.0
125,Itupeva,ITU_L3,Stella_Artois_Pure_Gold,14,0.0,0.0,0.0,0.0,0.0,0.0
125,Itupeva,ITU_L3,Stella_Artois_Pure_Gold,15,0.0,0.0,0.0,0.0,0.0,944.87
125,Itupeva,ITU_L3,Maguary_Caju,1,0.0,0.0,0.0,0.0,0.0,0.0
125,Itupeva,ITU_L3,Maguary_Caju,2,0.0,0.0,0.0,0.0,0.0,0.0
125,Itupeva,ITU_L3,Maguary_Caju,3,0.0,0.0,0.0,0.0,0.0,17936.52
125,Itupeva,ITU_L3,Maguary_Caju,4,0.0,0.0,0.0,0.0,17936.52,0.0
125,Itupeva,ITU_L3,Maguary_Caju,5,0.0,0.0,0.0,0.0,0.0,0.0
125,Itupeva,ITU_L3,Maguary_Caju,6,0.0,0.0,0.0,0.0,0.0,0.0
125,Itupeva,ITU_L3,Maguary_Caju,7,0.0,0.0,0.0,0.0,0.0,0.0
125,Itupeva,ITU_L3,Maguary_Caju,8,0.0,0.0,0.0,0.0,0.0,0.0
125,Itupeva,ITU_L3,Maguary_Caju,9,0.0,0.0,0.0,0.0,0.0,0.0
125,Itupeva,ITU_L3,Maguary_Caju,10,0.0,0.0,0.0,0.0,0.0,0.0
125,Itupeva,ITU_L3,Maguary_Caju,11,0.0,0.0,0.0,0.0,0.0,0.0
125,Itupeva,ITU_L3,Maguary_Caju,12,0.0,0.0,0.0,0.0,0.0,0.0
125,Itupeva,ITU_L3,Maguary_Caju,13,0.0,0.0,0.0,0.0,0.0,0.0
125,Itupeva,ITU_L3,Maguary_Caju,14,0.0,0.0,20411.64,0.0,0.0,20411.64
125,Itupeva,ITU_L3,Maguary_Caju,15,0.0,0.0,0.0,0.0,0.0,0.0
125,Itupeva,ITU_L3,Coca_Cola_Zero,1,0.0,0.0,0.0,0.0,3941.160000000003,0.0
125,Itupeva,ITU_L3,Coca_Cola_Zero,2,0.0,0.0,0.0,0.0,9394.549999999994,0.0
125,Itupeva,ITU_L3,Coca_Cola_Zero,3,0.0,0.0,0.0,0.0,38039.99999999999,0.0
125,Itupeva,ITU_L3,Coca_Cola_Zero,4,0.0,0.0,0.0,0.0,2866.670000000002,0.0
125,Itupeva,ITU_L3,Coca_Cola_Zero,5,0.0,0.0,0.0,0.0,0.0,0.0
125,Itupeva,ITU_L3,Coca_Cola_Zero,6,0.0,0.0,0.0,0.0,31562.999999999993,0.0
125,Itupeva,ITU_L3,Coca_Cola_Zero,7,0.0,0.0,0.0,0.0,36124.78,0.0
125,Itupeva,ITU_L3,Coca_Cola_Zero,8,0.0,0.0,0.0,0.0,0.0,0.0
125,Itupeva,ITU_L3,Coca_Cola_Zero,9,0.0,0.0,0.0,0.0,0.0,0.0
125,Itupeva,ITU_L3,Coca_Cola_Zero,10,0.0,0.0,0.0,0.0,666.4700000000024,10772.16
125,Itupeva,ITU_L3,Coca_Cola_Zero,11,0.0,0.0,0.0,0.0,24040.300000000003,0.0
125,Itupeva,ITU_L3,Coca_Cola_Zero,12,0.0,0.0,0.0,0.0,36288.0,0.0
125,Itupeva,ITU_L3,Coca_Cola_Zero,13,0.0,0.0,0.0,0.0,39792.0,0.0
125,Itupeva,ITU_L3,Coca_Cola_Zero,14,0.0,0.0,28117.37,0.0,36840.0,28117.37
125,Itupeva,ITU_L3,Coca_Cola_Zero,15,0.0,0.0,0.0,0.0,0.0,0.0
125,Itupeva,ITU_L3,Pepsi,1,0.0,0.0,0.0,0.0,0.0,4343.73
125,Itupeva,ITU_L3,Pepsi,2,0.0,0.0,0.0,0.0,0.0,0.0
125,Itupeva,ITU_L3,Pepsi,3,0.0,0.0,0.0,0.0,0.0,0.0
125,Itupeva,ITU_L3,Pepsi,4,0.0,0.0,0.0,0.0,0.0,0.0
125,Itupeva,ITU_L3,Pepsi,5,0.0,0.0,0.0,0.0,0.0,0.0
125,Itupeva,ITU_L3,Pepsi,6,0.0,0.0,0.0,0.0,0.0,0.0
125,Itupeva,ITU_L3,Pepsi,7,0.0,0.0,17356.64,0.0,0.0,17356.64
125,Itupeva,ITU_L3,Pepsi,8,0.0,0.0,0.0,0.0,0.0,0.0
125,Itupeva,ITU_L3,Pepsi,9,0.0,0.0,0.0,0.0,0.0,0.0
125,Itupeva,ITU_L3,Pepsi,10,0.0,0.0,0.0,0.0,0.0,0.0
125,Itupeva,ITU_L3,Pepsi,11,0.0,0.0,0.0,0.0,0.0,0.0
125,Itupeva,ITU_L3,Pepsi,12,0.0,0.0,0.0,0.0,0.0,0.0
125,Itupeva,ITU_L3,Pepsi,13,0.0,0.0,0.0,0.0,0.0,0.0
125,Itupeva,ITU_L3,Pepsi,14,0.0,0.0,0.0,0.0,0.0,0.0
125,Itupeva,ITU_L3,Pepsi,15,0.0,0.0,0.0,0.0,0.0,0.0
125,Itupeva,ITU_L3,Antarctica_Lata,1,22901.919999999995,0.0,0.0,0.0,22901.919999999995,19529.53
125,Itupeva,ITU_L3,Antarctica_Lata,2,0.0,0.0,0.0,0.0,0.0,0.0
125,Itupeva,ITU_L3,Antarctica_Lata,3,0.0,0.0,16522.93,0.0,0.0,16522.93
125,Itupeva,ITU_L3,Antarctica_Lata,4,0.0,0.0,0.0,0.0,0.0,12535.79
125,Itupeva,ITU_L3,Antarctica_Lata,5,0.0,0.0,0.0,0.0,0.0,0.0
125,Itupeva,ITU_L3,Antarctica_Lata,6,0.0,0.0,0.0,0.0,0.0,0.0
125,Itupeva,ITU_L3,Antarctica_Lata,7,7684.679999999998,0.0,0.0,0.0,7684.679999999998,0.0
125,Itupeva,ITU_L3,Antarctica_Lata,8,23081.699999999997,0.0,0.0,0.0,23081.699999999997,41876.840000000004
125,Itupeva,ITU_L3,Antarctica_Lata,9,26247.21,0.0,0.0,0.0,26247.21,35172.73
125,Itupeva,ITU_L3,Antarctica_Lata,10,0.0,0.0,0.0,0.0,0.0,0.0
125,Itupeva,ITU_L3,Antarctica_Lata,11,4866.329999999997,0.0,0.0,0.0,4866.329999999997,0.0
125,Itupeva,ITU_L3,Antarctica_Lata,12,5245.710000000005,0.0,0.0,0.0,5245.710000000004,0.0
125,Itupeva,ITU_L3,Antarctica_Lata,13,6009.169999999998,0.0,0.0,0.0,6009.169999999998,0.0
125,Itupeva,ITU_L3,Antarctica_Lata,14,9892.670000000006,0.0,0.0,0.0,9892.670000000006,47246.09
125,Itupeva,ITU_L3,Antarctica_Lata,15,0.0,0.0,0.0,0.0,0.0,0.0
125,Itupeva,ITU_L3,Spaten_Lata,1,0.0,0.0,0.0,0.0,24529.34,24529.34
125,Itupeva,ITU_L3,Spaten_Lata,2,0.0,0.0,24880.61,0.0,0.0,24880.61
125,Itupeva,ITU_L3,Spaten_Lata,3,0.0,0.0,0.0,0.0,21740.2,21740.2
125,Itupeva,ITU_L3,Spaten_Lata,4,0.0,0.0,0.0,0.0,5110.959999999995,5110.959999999995
125,Itupeva,ITU_L3,Spaten_Lata,5,0.0,0.0,0.0,0.0,0.0,0.0
125,Itupeva,ITU_L3,Spaten_Lata,6,0.0,0.0,0.0,0.0,0.0,0.0
125,Itupeva,ITU_L3,Spaten_Lata,7,0.0,0.0,0.0,0.0,2807.2,2807.2
125,Itupeva,ITU_L3,Spaten_Lata,8,0.0,0.0,0.0,0.0,0.0,0.0
125,Itupeva,ITU_L3,Spaten_Lata,9,0.0,0.0,0.0,0.0,15667.75,15667.75
125,Itupeva,ITU_L3,Spaten_Lata,10,0.0,0.0,0.0,0.0,0.0,0.0
125,Itupeva,ITU_L3,Spaten_Lata,11,0.0,0.0,0.0,0.0,0.0,0.0
125,Itupeva,ITU_L3,Spaten_Lata,12,0.0,0.0,0.0,0.0,0.0,16826.39
125,Itupeva,ITU_L3,Spaten_Lata,13,0.0,0.0,4472.59,0.0,0.0,4472.59
125,Itupeva,ITU_L3,Spaten_Lata,14,0.0,0.0,0.0,0.0,0.0,0.0
125,Itupeva,ITU_L3,Spaten_Lata,15,0.0,0.0,0.0,0.0,0.0,0.0
125,Itupeva,ITU_L3,Heineken_Lata,1,19818.08,0.0,0.0,0.0,19818.08,0.0
125,Itupeva,ITU_L3,Heineken_Lata,2,13686.479999999998,0.0,0.0,0.0,13686.479999999998,0.0
125,Itupeva,ITU_L3,Heineken_Lata,3,24592.130000000012,0.0,0.0,0.0,24592.130000000012,0.0
125,Itupeva,ITU_L3,Heineken_Lata,4,41688.0,0.0,0.0,0.0,41687.99999999999,0.0
125,Itupeva,ITU_L3,Heineken_Lata,5,32085.380000000005,0.0,0.0,0.0,32085.380000000005,0.0
125,Itupeva,ITU_L3,Heineken_Lata,6,36000.0,0.0,0.0,0.0,36000.0,0.0
125,Itupeva,ITU_L3,Heineken_Lata,7,28843.32,0.0,0.0,0.0,28843.32,0.0
125,Itupeva,ITU_L3,Heineken_Lata,8,14886.3,0.0,0.0,0.0,14886.3,0.0
125,Itupeva,ITU_L3,Heineken_Lata,9,9416.79,0.0,0.0,0.0,9416.79,0.0
125,Itupeva,ITU_L3,Heineken_Lata,10,34872.0,0.0,20892.23,0.0,13979.77,0.0
125,Itupeva,ITU_L3,Heineken_Lata,11,27489.14,0.0,0.0,0.0,27489.14,0.0
125,Itupeva,ITU_L3,Heineken_Lata,12,7738.16,0.0,0.0,0.0,7738.16,0.0
125,Itupeva,ITU_L3,Heineken_Lata,13,1077.26,0.0,0.0,0.0,1077.26,0.0
125,Itupeva,ITU_L3,Heineken_Lata,14,130.93,0.0,0.0,0.0,130.93,0.0
125,Itupeva,ITU_L3,Heineken_Lata,15,39120.0,0.0,0.0,0.0,39120.0,0.0
125,Itupeva,ITU_L3,Sukita_Laranja,1,0.0,0.0,0.0,0.0,0.0,0.0
125,Itupeva,ITU_L3,Sukita_Laranja,2,0.0,0.0,0.0,0.0,0.0,0.0
125,Itupeva,ITU_L3,Sukita_Laranja,3,0.0,0.0,0.0,0.0,0.0,0.0
125,Itupeva,ITU_L3,Sukita_Laranja,4,0.0,0.0,0.0,0.0,0.0,0.0
125,Itupeva,ITU_L3,Sukita_Laranja,5,0.0,0.0,0.0,0.0,0.0,0.0
125,Itupeva,ITU_L3,Sukita_Laranja,6,0.0,0.0,0.0,0.0,0.0,0.0
125,Itupeva,ITU_L3,Sukita_Laranja,7,0.0,0.0,0.0,0.0,0.0,0.0
125,Itupeva,ITU_L3,Sukita_Laranja,8,0.0,0.0,0.0,0.0,0.0,0.0
125,Itupeva,ITU_L3,Sukita_Laranja,9,0.0,0.0,0.0,0.0,0.0,0.0
125,Itupeva,ITU_L3,Sukita_Laranja,10,0.0,0.0,0.0,0.0,0.0,0.0
125,Itupeva,ITU_L3,Sukita_Laranja,11,0.0,0.0,0.0,0.0,0.0,0.0
125,Itupeva,ITU_L3,Sukita_Laranja,12,0.0,0.0,0.0,28957.91,0.0,0.0
125,Itupeva,ITU_L3,Sukita_Laranja,13,0.0,0.0,0.0,0.0,0.0,0.0
125,Itupeva,ITU_L3,Sukita_Laranja,14,0.0,0.0,0.0,0.0,0.0,0.0
125,Itupeva,ITU_L3,Sukita_Laranja,15,0.0,0.0,0.0,0.0,8589.179999999975,0.0
125,Itupeva,ITU_L3,H2OH_Limao,1,0.0,0.0,0.0,0.0,0.0,0.0
125,Itupeva,ITU_L3,H2OH_Limao,2,0.0,0.0,0.0,0.0,0.0,13338.88
125,Itupeva,ITU_L3,H2OH_Limao,3,0.0,0.0,0.0,0.0,0.0,0.0
125,Itupeva,ITU_L3,H2OH_Limao,4,0.0,0.0,0.0,0.0,0.0,0.0
125,Itupeva,ITU_L3,H2OH_Limao,5,0.0,0.0,0.0,0.0,0.0,0.0
125,Itupeva,ITU_L3,H2OH_Limao,6,0.0,0.0,0.0,0.0,0.0,0.0
125,Itupeva,ITU_L3,H2OH_Limao,7,0.0,0.0,0.0,0.0,0.0,0.0
125,Itupeva,ITU_L3,H2OH_Limao,8,0.0,0.0,0.0,0.0,0.0,0.0
125,Itupeva,ITU_L3,H2OH_Limao,9,0.0,0.0,0.0,0.0,0.0,0.0
125,Itupeva,ITU_L3,H2OH_Limao,10,0.0,0.0,0.0,0.0,0.0,0.0
125,Itupeva,ITU_L3,H2OH_Limao,11,0.0,0.0,0.0,0.0,0.0,0.0
125,Itupeva,ITU_L3,H2OH_Limao,12,0.0,0.0,0.0,0.0,0.0,0.0
125,Itupeva,ITU_L3,H2OH_Limao,13,0.0,0.0,0.0,0.0,0.0,0.0
125,Itupeva,ITU_L3,H2OH_Limao,14,0.0,0.0,0.0,0.0,0.0,0.0
125,Itupeva,ITU_L3,H2OH_Limao,15,0.0,0.0,0.0,0.0,0.0,48556.93
125,Itupeva,ITU_L3,Budweiser_Lata,1,0.0,0.0,0.0,0.0,0.0,0.0
125,Itupeva,ITU_L3,Budweiser_Lata,2,0.0,0.0,0.0,0.0,0.0,0.0
125,Itupeva,ITU_L3,Budweiser_Lata,3,0.0,0.0,0.0,0.0,0.0,0.0
125,Itupeva,ITU_L3,Budweiser_Lata,4,0.0,0.0,0.0,0.0,0.0,0.0
125,Itupeva,ITU_L3,Budweiser_Lata,5,0.0,0.0,0.0,0.0,0.0,0.0
125,Itupeva,ITU_L3,Budweiser_Lata,6,0.0,0.0,0.0,0.0,0.0,0.0
125,Itupeva,ITU_L3,Budweiser_Lata,7,0.0,0.0,0.0,0.0,0.0,0.0
125,Itupeva,ITU_L3,Budweiser_Lata,8,0.0,0.0,0.0,0.0,0.0,0.0
125,Itupeva,ITU_L3,Budweiser_Lata,9,0.0,0.0,0.0,0.0,0.0,0.0
125,Itupeva,ITU_L3,Budweiser_Lata,10,0.0,0.0,0.0,0.0,0.0,0.0
125,Itupeva,ITU_L3,Budweiser_Lata,11,0.0,0.0,0.0,0.0,0.0,385.11
125,Itupeva,ITU_L3,Budweiser_Lata,12,0.0,0.0,0.0,0.0,0.0,0.0
125,Itupeva,ITU_L3,Budweiser_Lata,13,0.0,0.0,0.0,0.0,0.0,0.0
125,Itupeva,ITU_L3,Budweiser_Lata,14,0.0,0.0,0.0,0.0,0.0,0.0
125,Itupeva,ITU_L3,Budweiser_Lata,15,0.0,0.0,42671.18,0.0,0.0,42671.18
125,Itupeva,ITU_L3,Kuat,1,0.0,0.0,0.0,0.0,0.0,0.0
125,Itupeva,ITU_L3,Kuat,2,0.0,0.0,6012.59,0.0,0.0,6012.59
125,Itupeva,ITU_L3,Kuat,3,0.0,0.0,0.0,0.0,0.0,0.0
125,Itupeva,ITU_L3,Kuat,4,0.0,0.0,0.0,0.0,0.0,0.0
125,Itupeva,ITU_L3,Kuat,5,0.0,0.0,0.0,0.0,0.0,31919.28
125,Itupeva,ITU_L3,Kuat,6,0.0,0.0,0.0,0.0,0.0,0.0
125,Itupeva,ITU_L3,Kuat,7,0.0,0.0,0.0,0.0,0.0,0.0
125,Itupeva,ITU_L3,Kuat,8,0.0,0.0,0.0,0.0,0.0,0.0
125,Itupeva,ITU_L3,Kuat,9,0.0,0.0,0.0,0.0,0.0,0.0
125,Itupeva,ITU_L3,Kuat,10,0.0,0.0,0.0,0.0,0.0,0.0
125,Itupeva,ITU_L3,Kuat,11,0.0,0.0,0.0,0.0,0.0,0.0
125,Itupeva,ITU_L3,Kuat,12,0.0,0.0,0.0,0.0,0.0,0.0
125,Itupeva,ITU_L3,Kuat,13,0.0,0.0,0.0,0.0,0.0,0.0
125,Itupeva,ITU_L3,Kuat,14,0.0,0.0,0.0,0.0,0.0,0.0
125,Itupeva,ITU_L3,Kuat,15,0.0,0.0,0.0,0.0,0.0,0.0
125,Itupeva,ITU_L3,Fanta_Uva,1,0.0,0.0,0.0,0.0,0.0,0.0
125,Itupeva,ITU_L3,Fanta_Uva,2,0.0,0.0,0.0,0.0,0.0,0.0
125,Itupeva,ITU_L3,Fanta_Uva,3,0.0,0.0,0.0,0.0,0.0,0.0
125,Itupeva,ITU_L3,Fanta_Uva,4,0.0,0.0,0.0,0.0,0.0,0.0
125,Itupeva,ITU_L3,Fanta_Uva,5,0.0,0.0,0.0,0.0,0.0,0.0
125,Itupeva,ITU_L3,Fanta_Uva,6,0.0,0.0,0.0,0.0,0.0,0.0
125,Itupeva,ITU_L3,Fanta_Uva,7,0.0,0.0,28209.08,0.0,0.0,28209.08
125,Itupeva,ITU_L3,Fanta_Uva,8,0.0,0.0,0.0,0.0,0.0,0.0
125,Itupeva,ITU_L3,Fanta_Uva,9,0.0,0.0,0.0,0.0,0.0,0.0
125,Itupeva,ITU_L3,Fanta_Uva,10,0.0,0.0,0.0,0.0,0.0,10973.18
125,Itupeva,ITU_L3,Fanta_Uva,11,0.0,0.0,0.0,0.0,0.0,7395.88
125,Itupeva,ITU_L3,Fanta_Uva,12,0.0,0.0,0.0,0.0,0.0,0.0
125,Itupeva,ITU_L3,Fanta_Uva,13,0.0,0.0,0.0,0.0,0.0,0.0
125,Itupeva,ITU_L3,Fanta_Uva,14,0.0,0.0,0.0,0.0,0.0,0.0
125,Itupeva,ITU_L3,Fanta_Uva,15,0.0,0.0,0.0,0.0,0.0,0.0
125,Itupeva,ITU_L3,Sprite,1,0.0,0.0,0.0,0.0,0.0,0.0
125,Itupeva,ITU_L3,Sprite,2,0.0,0.0,0.0,0.0,0.0,0.0
125,Itupeva,ITU_L3,Sprite,3,0.0,0.0,0.0,0.0,0.0,0.0
125,Itupeva,ITU_L3,Sprite,4,0.0,0.0,0.0,0.0,0.0,0.0
125,Itupeva,ITU_L3,Sprite,5,0.0,0.0,0.0,0.0,0.0,0.0
125,Itupeva,ITU_L3,Sprite,6,0.0,0.0,0.0,0.0,0.0,0.0
125,Itupeva,ITU_L3,Sprite,7,0.0,0.0,0.0,0.0,0.0,0.0
125,Itupeva,ITU_L3,Sprite,8,0.0,0.0,0.0,0.0,0.0,0.0
125,Itupeva,ITU_L3,Sprite,9,0.0,0.0,0.0,0.0,0.0,0.0
125,Itupeva,ITU_L3,Sprite,10,0.0,0.0,0.0,0.0,0.0,0.0
125,Itupeva,ITU_L3,Sprite,11,0.0,0.0,0.0,0.0,0.0,0.0
125,Itupeva,ITU_L3,Sprite,12,0.0,0.0,0.0,0.0,0.0,0.0
125,Itupeva,ITU_L3,Sprite,13,0.0,0.0,0.0,0.0,0.0,0.0
125,Itupeva,ITU_L3,Sprite,14,0.0,0.0,0.0,0.0,0.0,0.0
125,Itupeva,ITU_L3,Sprite,15,0.0,0.0,0.0,0.0,0.0,0.0
125,Itupeva,ITU_L3,Skol_Lata,1,0.0,0.0,0.0,0.0,0.0,0.0
125,Itupeva,ITU_L3,Skol_Lata,2,0.0,0.0,0.0,0.0,0.0,31225.58
125,Itupeva,ITU_L3,Skol_Lata,3,0.0,0.0,0.0,0.0,0.0,0.0
125,Itupeva,ITU_L3,Skol_Lata,4,0.0,0.0,0.0,0.0,0.0,0.0
125,Itupeva,ITU_L3,Skol_Lata,5,0.0,0.0,0.0,0.0,0.0,0.0
125,Itupeva,ITU_L3,Skol_Lata,6,0.0,0.0,0.0,0.0,0.0,0.0
125,Itupeva,ITU_L3,Skol_Lata,7,0.0,0.0,0.0,0.0,0.0,0.0
125,Itupeva,ITU_L3,Skol_Lata,8,0.0,0.0,0.0,0.0,0.0,0.0
125,Itupeva,ITU_L3,Skol_Lata,9,0.0,0.0,0.0,0.0,0.0,0.0
125,Itupeva,ITU_L3,Skol_Lata,10,0.0,0.0,0.0,0.0,0.0,0.0
125,Itupeva,ITU_L3,Skol_Lata,11,0.0,0.0,0.0,0.0,0.0,0.0
125,Itupeva,ITU_L3,Skol_Lata,12,0.0,0.0,0.0,0.0,0.0,0.0
125,Itupeva,ITU_L3,Skol_Lata,13,0.0,0.0,0.0,0.0,0.0,27984.45
125,Itupeva,ITU_L3,Skol_Lata,14,0.0,0.0,0.0,0.0,0.0,0.0
125,Itupeva,ITU_L3,Skol_Lata,15,0.0,0.0,0.0,0.0,0.0,0.0
125,Itupeva,ITU_L3,Guarana_Antarctica,1,0.0,0.0,0.0,0.0,0.0,0.0
125,Itupeva,ITU_L3,Guarana_Antarctica,2,0.0,0.0,0.0,0.0,0.0,0.0
125,Itupeva,ITU_L3,Guarana_Antarctica,3,0.0,0.0,0.0,0.0,0.0,0.0
125,Itupeva,ITU_L3,Guarana_Antarctica,4,0.0,0.0,0.0,0.0,0.0,0.0
125,Itupeva,ITU_L3,Guarana_Antarctica,5,0.0,0.0,0.0,0.0,0.0,0.0
125,Itupeva,ITU_L3,Guarana_Antarctica,6,0.0,0.0,0.0,0.0,0.0,0.0
125,Itupeva,ITU_L3,Guarana_Antarctica,7,0.0,0.0,0.0,0.0,0.0,0.0
125,Itupeva,ITU_L3,Guarana_Antarctica,8,0.0,0.0,0.0,0.0,0.0,0.0
125,Itupeva,ITU_L3,Guarana_Antarctica,9,0.0,0.0,0.0,2196.91,0.0,0.0
125,Itupeva,ITU_L3,Guarana_Antarctica,10,0.0,0.0,0.0,0.0,0.0,0.0
125,Itupeva,ITU_L3,Guarana_Antarctica,11,0.0,0.0,0.0,0.0,0.0,0.0
125,Itupeva,ITU_L3,Guarana_Antarctica,12,0.0,0.0,0.0,0.0,0.0,0.0
125,Itupeva,ITU_L3,Guarana_Antarctica,13,0.0,0.0,0.0,0.0,0.0,0.0
125,Itupeva,ITU_L3,Guarana_Antarctica,14,0.0,0.0,0.0,0.0,0.0,0.0
125,Itupeva,ITU_L3,Guarana_Antarctica,15,0.0,0.0,0.0,0.0,0.0,0.0
125,Itupeva,ITU_L3,Guarana_Antarctica_Zero,1,0.0,0.0,0.0,0.0,0.0,0.0
125,Itupeva,ITU_L3,Guarana_Antarctica_Zero,2,0.0,0.0,0.0,0.0,0.0,0.0
125,Itupeva,ITU_L3,Guarana_Antarctica_Zero,3,0.0,0.0,0.0,0.0,0.0,0.0
125,Itupeva,ITU_L3,Guarana_Antarctica_Zero,4,0.0,0.0,0.0,0.0,0.0,0.0
125,Itupeva,ITU_L3,Guarana_Antarctica_Zero,5,0.0,0.0,0.0,0.0,0.0,0.0
125,Itupeva,ITU_L3,Guarana_Antarctica_Zero,6,0.0,0.0,0.0,0.0,0.0,31112.36
125,Itupeva,ITU_L3,Guarana_Antarctica_Zero,7,0.0,0.0,0.0,0.0,0.0,27434.86
125,Itupeva,ITU_L3,Guarana_Antarctica_Zero,8,0.0,0.0,0.0,0.0,0.0,0.0
125,Itupeva,ITU_L3,Guarana_Antarctica_Zero,9,0.0,0.0,0.0,0.0,0.0,0.0
125,Itupeva,ITU_L3,Guarana_Antarctica_Zero,10,0.0,0.0,0.0,0.0,0.0,0.0
125,Itupeva,ITU_L3,Guarana_Antarctica_Zero,11,0.0,0.0,0.0,0.0,0.0,14496.26
125,Itupeva,ITU_L3,Guarana_Antarctica_Zero,12,0.0,0.0,0.0,0.0,0.0,0.0
125,Itupeva,ITU_L3,Guarana_Antarctica_Zero,13,0.0,0.0,0.0,0.0,0.0,0.0
125,Itupeva,ITU_L3,Guarana_Antarctica_Zero,14,0.0,0.0,0.0,0.0,0.0,0.0
125,Itupeva,ITU_L3,Guarana_Antarctica_Zero,15,0.0,0.0,0.0,0.0,0.0,16970.31
125,Itupeva,ITU_L3,Del_Valle_Uva,1,0.0,0.0,0.0,0.0,0.0,0.0
125,Itupeva,ITU_L3,Del_Valle_Uva,2,0.0,0.0,0.0,0.0,0.0,0.0
125,Itupeva,ITU_L3,Del_Valle_Uva,3,0.0,0.0,20529.84,0.0,0.0,23250.86
125,Itupeva,ITU_L3,Del_Valle_Uva,4,0.0,0.0,0.0,0.0,0.0,0.0
125,Itupeva,ITU_L3,Del_Valle_Uva,5,0.0,0.0,0.0,0.0,0.0,0.0
125,Itupeva,ITU_L3,Del_Valle_Uva,6,0.0,0.0,0.0,0.0,0.0,0.0
125,Itupeva,ITU_L3,Del_Valle_Uva,7,0.0,0.0,0.0,0.0,0.0,0.0
125,Itupeva,ITU_L3,Del_Valle_Uva,8,0.0,0.0,0.0,0.0,0.0,0.0
125,Itupeva,ITU_L3,Del_Valle_Uva,9,0.0,0.0,0.0,0.0,0.0,0.0
125,Itupeva,ITU_L3,Del_Valle_Uva,10,0.0,0.0,0.0,0.0,0.0,0.0
125,Itupeva,ITU_L3,Del_Valle_Uva,11,0.0,0.0,0.0,0.0,0.0,0.0
125,Itupeva,ITU_L3,Del_Valle_Uva,12,0.0,0.0,0.0,0.0,0.0,17414.07
125,Itupeva,ITU_L3,Del_Valle_Uva,13,14940.730000000001,0.0,0.0,0.0,14940.730000000001,0.0
125,Itupeva,ITU_L3,Del_Valle_Uva,14,0.0,0.0,0.0,0.0,0.0,0.0
125,Itupeva,ITU_L3,Del_Valle_Uva,15,0.0,0.0,0.0,0.0,0.0,0.0
125,Itupeva,ITU_L3,Brahma_Lata,1,0.0,0.0,0.0,0.0,34266.84,0.0
125,Itupeva,ITU_L3,Brahma_Lata,2,0.0,0.0,0.0,0.0,28141.45,0.0
125,Itupeva,ITU_L3,Brahma_Lata,3,0.0,0.0,0.0,0.0,0.0,0.0
125,Itupeva,ITU_L3,Brahma_Lata,4,0.0,0.0,0.0,0.0,2890.7399999999993,0.0
125,Itupeva,ITU_L3,Brahma_Lata,5,0.0,0.0,0.0,0.0,39552.00000000001,0.0
125,Itupeva,ITU_L3,Brahma_Lata,6,0.0,0.0,0.0,0.0,5210.030000000004,0.0
125,Itupeva,ITU_L3,Brahma_Lata,7,0.0,0.0,0.0,0.0,0.0,0.0
125,Itupeva,ITU_L3,Brahma_Lata,8,0.0,0.0,0.0,0.0,21557.86,0.0
125,Itupeva,ITU_L3,Brahma_Lata,9,0.0,0.0,0.0,0.0,21896.79,0.0
125,Itupeva,ITU_L3,Brahma_Lata,10,0.0,0.0,0.0,0.0,39605.53,0.0
125,Itupeva,ITU_L3,Brahma_Lata,11,0.0,0.0,0.0,0.0,15055.7,0.0
125,Itupeva,ITU_L3,Brahma_Lata,12,0.0,0.0,0.0,0.0,0.0,0.0
125,Itupeva,ITU_L3,Brahma_Lata,13,0.0,0.0,0.0,0.0,0.0,0.0
125,Itupeva,ITU_L3,Brahma_Lata,14,0.0,0.0,0.0,0.0,0.0,0.0
125,Itupeva,ITU_L3,Brahma_Lata,15,0.0,0.0,7709.54,0.0,6563.790000000001,7709.54
125,Itupeva,ITU_L3,Itaipava_Lata,1,0.0,0.0,0.0,0.0,0.0,0.0
125,Itupeva,ITU_L3,Itaipava_Lata,2,0.0,0.0,0.0,16251.21,0.0,0.0
125,Itupeva,ITU_L3,Itaipava_Lata,3,0.0,0.0,0.0,0.0,0.0,0.0
125,Itupeva,ITU_L3,Itaipava_Lata,4,0.0,0.0,0.0,0.0,0.0,0.0
125,Itupeva,ITU_L3,Itaipava_Lata,5,0.0,0.0,0.0,0.0,0.0,0.0
125,Itupeva,ITU_L3,Itaipava_Lata,6,0.0,0.0,0.0,0.0,0.0,0.0
125,Itupeva,ITU_L3,Itaipava_Lata,7,0.0,0.0,0.0,0.0,4817.26,4817.26
125,Itupeva,ITU_L3,Itaipava_Lata,8,0.0,0.0,0.0,0.0,0.0,0.0
125,Itupeva,ITU_L3,Itaipava_Lata,9,0.0,0.0,0.0,0.0,0.0,0.0
125,Itupeva,ITU_L3,Itaipava_Lata,10,0.0,0.0,0.0,0.0,0.0,0.0
125,Itupeva,ITU_L3,Itaipava_Lata,11,0.0,0.0,0.0,0.0,0.0,0.0
125,Itupeva,ITU_L3,Itaipava_Lata,12,0.0,0.0,0.0,0.0,0.0,0.0
125,Itupeva,ITU_L3,Itaipava_Lata,13,0.0,0.0,0.0,44607.94,0.0,0.0
125,Itupeva,ITU_L3,Itaipava_Lata,14,0.0,0.0,0.0,0.0,0.0,0.0
125,Itupeva,ITU_L3,Itaipava_Lata,15,0.0,0.0,0.0,0.0,0.0,0.0
125,Cabo de Santo Agostinho,CAB_L1,Maguary_Maracuja,1,0.0,0.0,0.0,0.0,0.0,0.0
125,Cabo de Santo Agostinho,CAB_L1,Maguary_Maracuja,2,0.0,0.0,34358.2,0.0,0.0,34358.2
125,Cabo de Santo Agostinho,CAB_L1,Maguary_Maracuja,3,0.0,0.0,0.0,0.0,0.0,0.0
125,Cabo de Santo Agostinho,CAB_L1,Maguary_Maracuja,4,0.0,0.0,0.0,0.0,0.0,0.0
125,Cabo de Santo Agostinho,CAB_L1,Maguary_Maracuja,5,0.0,0.0,0.0,0.0,0.0,0.0
125,Cabo de Santo Agostinho,CAB_L1,Maguary_Maracuja,6,0.0,0.0,0.0,0.0,0.0,0.0
125,Cabo de Santo Agostinho,CAB_L1,Maguary_Maracuja,7,0.0,0.0,42551.18,0.0,0.0,55787.3
125,Cabo de Santo Agostinho,CAB_L1,Maguary_Maracuja,8,0.0,0.0,36199.2,1587.3700000000026,0.0,36199.2
125,Cabo de Santo Agostinho,CAB_L1,Maguary_Maracuja,9,0.0,0.0,16973.29,0.0,0.0,31559.52
125,Cabo de Santo Agostinho,CAB_L1,Maguary_Maracuja,10,0.0,0.0,0.0,0.0,0.0,0.0
125,Cabo de Santo Agostinho,CAB_L1,Maguary_Maracuja,11,0.0,0.0,0.0,0.0,0.0,4272.59
125,Cabo de Santo Agostinho,CAB_L1,Maguary_Maracuja,12,0.0,0.0,0.0,0.0,0.0,0.0
125,Cabo de Santo Agostinho,CAB_L1,Maguary_Maracuja,13,0.0,0.0,10549.34,0.0,0.0,10549.34
125,Cabo de Santo Agostinho,CAB_L1,Maguary_Maracuja,14,0.0,0.0,0.0,0.0,0.0,0.0
125,Cabo de Santo Agostinho,CAB_L1,Maguary_Maracuja,15,0.0,0.0,0.0,0.0,0.0,0.0
125,Cabo de Santo Agostinho,CAB_L1,Fanta_Laranja,1,0.0,0.0,0.0,0.0,0.0,0.0
125,Cabo de Santo Agostinho,CAB_L1,Fanta_Laranja,2,0.0,0.0,0.0,0.0,0.0,166.69
125,Cabo de Santo Agostinho,CAB_L1,Fanta_Laranja,3,0.0,0.0,0.0,0.0,0.0,35774.36
125,Cabo de Santo Agostinho,CAB_L1,Fanta_Laranja,4,0.0,0.0,0.0,0.0,40152.00000000001,0.0
125,Cabo de Santo Agostinho,CAB_L1,Fanta_Laranja,5,6013.660000000005,0.0,0.0,0.0,6013.660000000005,2256.7000000000025
125,Cabo de Santo Agostinho,CAB_L1,Fanta_Laranja,6,0.0,0.0,0.0,0.0,0.0,0.0
125,Cabo de Santo Agostinho,CAB_L1,Fanta_Laranja,7,8857.699999999999,0.0,0.0,0.0,8857.699999999999,34264.07
125,Cabo de Santo Agostinho,CAB_L1,Fanta_Laranja,8,0.0,0.0,0.0,0.0,0.0,0.0
125,Cabo de Santo Agostinho,CAB_L1,Fanta_Laranja,9,0.0,0.0,0.0,0.0,8434.82999999995,0.0
125,Cabo de Santo Agostinho,CAB_L1,Fanta_Laranja,10,0.0,0.0,0.0,0.0,2505.990000000005,0.0
125,Cabo de Santo Agostinho,CAB_L1,Fanta_Laranja,11,0.0,0.0,44232.12,0.0,0.0,44232.12
125,Cabo de Santo Agostinho,CAB_L1,Fanta_Laranja,12,0.0,0.0,0.0,0.0,0.0,18141.35
125,Cabo de Santo Agostinho,CAB_L1,Fanta_Laranja,13,0.0,0.0,0.0,0.0,0.0,0.0
125,Cabo de Santo Agostinho,CAB_L1,Fanta_Laranja,14,0.0,0.0,0.0,0.0,0.0,0.0
125,Cabo de Santo Agostinho,CAB_L1,Fanta_Laranja,15,0.0,0.0,0.0,0.0,1319.3700000000008,0.0
125,Cabo de Santo Agostinho,CAB_L1,Schweppes_Citrus,1,31598.829999999998,0.0,0.0,0.0,71990.83,8454.36
125,Cabo de Santo Agostinho,CAB_L1,Schweppes_Citrus,2,0.0,0.0,0.0,0.0,40992.0,0.0
125,Cabo de Santo Agostinho,CAB_L1,Schweppes_Citrus,3,0.0,0.0,0.0,0.0,40728.0,0.0
125,Cabo de Santo Agostinho,CAB_L1,Schweppes_Citrus,4,0.0,0.0,0.0,0.0,38640.0,0.0
125,Cabo de Santo Agostinho,CAB_L1,Schweppes_Citrus,5,0.0,0.0,0.0,0.0,38952.0,6695.6
125,Cabo de Santo Agostinho,CAB_L1,Schweppes_Citrus,6,0.0,0.0,0.0,0.0,40728.0,0.0
125,Cabo de Santo Agostinho,CAB_L1,Schweppes_Citrus,7,0.0,0.0,0.0,0.0,37752.0,0.0
125,Cabo de Santo Agostinho,CAB_L1,Schweppes_Citrus,8,0.0,0.0,0.0,0.0,19110.56,0.0
125,Cabo de Santo Agostinho,CAB_L1,Schweppes_Citrus,9,0.0,0.0,12750.46,0.0,38709.99,12750.46
125,Cabo de Santo Agostinho,CAB_L1,Schweppes_Citrus,10,0.0,0.0,0.0,0.0,21435.64,0.0
125,Cabo de Santo Agostinho,CAB_L1,Schweppes_Citrus,11,0.0,0.0,0.0,0.0,36048.0,0.0
125,Cabo de Santo Agostinho,CAB_L1,Schweppes_Citrus,12,0.0,0.0,0.0,0.0,37103.99999999999,0.0
125,Cabo de Santo Agostinho,CAB_L1,Schweppes_Citrus,13,0.0,0.0,0.0,0.0,37872.0,0.0
125,Cabo de Santo Agostinho,CAB_L1,Schweppes_Citrus,14,5291.159999999996,0.0,22460.32,0.0,16717.4,17169.160000000003
125,Cabo de Santo Agostinho,CAB_L1,Schweppes_Citrus,15,0.0,0.0,0.0,0.0,39144.0,0.0
125,Cabo de Santo Agostinho,CAB_L1,Sprite_Zero,1,0.0,0.0,0.0,0.0,0.0,0.0
125,Cabo de Santo Agostinho,CAB_L1,Sprite_Zero,2,0.0,0.0,0.0,0.0,0.0,0.0
125,Cabo de Santo Agostinho,CAB_L1,Sprite_Zero,3,0.0,0.0,0.0,0.0,13379.17,13379.17
125,Cabo de Santo Agostinho,CAB_L1,Sprite_Zero,4,0.0,0.0,0.0,0.0,0.0,0.0
125,Cabo de Santo Agostinho,CAB_L1,Sprite_Zero,5,0.0,0.0,0.0,0.0,0.0,0.0
125,Cabo de Santo Agostinho,CAB_L1,Sprite_Zero,6,0.0,0.0,0.0,0.0,0.0,0.0
125,Cabo de Santo Agostinho,CAB_L1,Sprite_Zero,7,0.0,0.0,0.0,0.0,0.0,0.0
125,Cabo de Santo Agostinho,CAB_L1,Sprite_Zero,8,0.0,0.0,0.0,0.0,0.0,805.58
125,Cabo de Santo Agostinho,CAB_L1,Sprite_Zero,9,0.0,0.0,0.0,0.0,0.0,0.0
125,Cabo de Santo Agostinho,CAB_L1,Sprite_Zero,10,0.0,0.0,0.0,0.0,0.0,0.0
125,Cabo de Santo Agostinho,CAB_L1,Sprite_Zero,11,0.0,0.0,0.0,0.0,0.0,0.0
125,Cabo de Santo Agostinho,CAB_L1,Sprite_Zero,12,0.0,0.0,0.0,0.0,0.0,0.0
125,Cabo de Santo Agostinho,CAB_L1,Sprite_Zero,13,0.0,0.0,0.0,0.0,0.0,0.0
125,Cabo de Santo Agostinho,CAB_L1,Sprite_Zero,14,0.0,0.0,0.0,0.0,0.0,0.0
125,Cabo de Santo Agostinho,CAB_L1,Sprite_Zero,15,0.0,0.0,0.0,0.0,0.0,0.0
125,Cabo de Santo Agostinho,CAB_L1,Eisenbahn_Pilsen,1,0.0,0.0,0.0,0.0,0.0,0.0
125,Cabo de Santo Agostinho,CAB_L1,Eisenbahn_Pilsen,2,39192.0,0.0,0.0,0.0,39192.0,0.0
125,Cabo de Santo Agostinho,CAB_L1,Eisenbahn_Pilsen,3,37008.0,0.0,0.0,0.0,37008.0,0.0
125,Cabo de Santo Agostinho,CAB_L1,Eisenbahn_Pilsen,4,37704.0,0.0,0.0,0.0,37704.00000000001,0.0
125,Cabo de Santo Agostinho,CAB_L1,Eisenbahn_Pilsen,5,35421.740000000005,0.0,0.0,0.0,35421.740000000005,0.0
125,Cabo de Santo Agostinho,CAB_L1,Eisenbahn_Pilsen,6,0.0,0.0,0.0,0.0,0.0,0.0
125,Cabo de Santo Agostinho,CAB_L1,Eisenbahn_Pilsen,7,20532.63,0.0,0.0,0.0,20532.63,0.0
125,Cabo de Santo Agostinho,CAB_L1,Eisenbahn_Pilsen,8,40534.63,0.0,0.0,0.0,40534.62999999999,0.0
125,Cabo de Santo Agostinho,CAB_L1,Eisenbahn_Pilsen,9,39072.0,0.0,0.0,0.0,39072.0,0.0
125,Cabo de Santo Agostinho,CAB_L1,Eisenbahn_Pilsen,10,40680.0,0.0,0.0,0.0,40680.0,0.0
125,Cabo de Santo Agostinho,CAB_L1,Eisenbahn_Pilsen,11,38208.0,0.0,0.0,0.0,38208.0,9145.19
125,Cabo de Santo Agostinho,CAB_L1,Eisenbahn_Pilsen,12,39384.0,0.0,0.0,0.0,39384.0,0.0
125,Cabo de Santo Agostinho,CAB_L1,Eisenbahn_Pilsen,13,37776.0,0.0,0.0,0.0,37776.0,38544.56
125,Cabo de Santo Agostinho,CAB_L1,Eisenbahn_Pilsen,14,33444.840000000004,0.0,0.0,0.0,33444.840000000004,0.0
125,Cabo de Santo Agostinho,CAB_L1,Eisenbahn_Pilsen,15,9489.369999999983,0.0,8803.57,0.0,685.7999999999811,0.0
125,Cabo de Santo Agostinho,CAB_L1,Del_Valle_Pessego,1,0.0,0.0,0.0,0.0,0.0,0.0
125,Cabo de Santo Agostinho,CAB_L1,Del_Valle_Pessego,2,0.0,0.0,0.0,0.0,0.0,0.0
125,Cabo de Santo Agostinho,CAB_L1,Del_Valle_Pessego,3,0.0,0.0,0.0,0.0,0.0,0.0
125,Cabo de Santo Agostinho,CAB_L1,Del_Valle_Pessego,4,0.0,0.0,0.0,0.0,0.0,0.0
125,Cabo de Santo Agostinho,CAB_L1,Del_Valle_Pessego,5,0.0,0.0,0.0,0.0,0.0,0.0
125,Cabo de Santo Agostinho,CAB_L1,Del_Valle_Pessego,6,0.0,0.0,0.0,0.0,0.0,0.0
125,Cabo de Santo Agostinho,CAB_L1,Del_Valle_Pessego,7,0.0,0.0,0.0,0.0,0.0,0.0
125,Cabo de Santo Agostinho,CAB_L1,Del_Valle_Pessego,8,0.0,0.0,0.0,0.0,0.0,0.0
125,Cabo de Santo Agostinho,CAB_L1,Del_Valle_Pessego,9,0.0,0.0,0.0,0.0,0.0,0.0
125,Cabo de Santo Agostinho,CAB_L1,Del_Valle_Pessego,10,0.0,0.0,0.0,0.0,0.0,0.0
125,Cabo de Santo Agostinho,CAB_L1,Del_Valle_Pessego,11,0.0,0.0,0.0,0.0,0.0,0.0
125,Cabo de Santo Agostinho,CAB_L1,Del_Valle_Pessego,12,0.0,0.0,0.0,0.0,0.0,4493.470000000001
125,Cabo de Santo Agostinho,CAB_L1,Del_Valle_Pessego,13,0.0,0.0,0.0,0.0,0.0,0.0
125,Cabo de Santo Agostinho,CAB_L1,Del_Valle_Pessego,14,0.0,0.0,0.0,0.0,0.0,0.0
125,Cabo de Santo Agostinho,CAB_L1,Del_Valle_Pessego,15,0.0,0.0,0.0,39626.13,0.0,0.0
125,Cabo de Santo Agostinho,CAB_L1,Coca_Cola,1,0.0,0.0,0.0,1341.94,0.0,0.0
125,Cabo de Santo Agostinho,CAB_L1,Coca_Cola,2,0.0,0.0,0.0,0.0,0.0,0.0
125,Cabo de Santo Agostinho,CAB_L1,Coca_Cola,3,0.0,0.0,0.0,0.0,0.0,0.0
125,Cabo de Santo Agostinho,CAB_L1,Coca_Cola,4,0.0,0.0,0.0,36479.16,0.0,0.0
125,Cabo de Santo Agostinho,CAB_L1,Coca_Cola,5,0.0,0.0,0.0,0.0,0.0,0.0
125,Cabo de Santo Agostinho,CAB_L1,Coca_Cola,6,0.0,0.0,0.0,0.0,0.0,0.0
125,Cabo de Santo Agostinho,CAB_L1,Coca_Cola,7,0.0,0.0,0.0,0.0,0.0,0.0
125,Cabo de Santo Agostinho,CAB_L1,Coca_Cola,8,0.0,0.0,0.0,0.0,0.0,0.0
125,Cabo de Santo Agostinho,CAB_L1,Coca_Cola,9,0.0,0.0,0.0,0.0,0.0,0.0
125,Cabo de Santo Agostinho,CAB_L1,Coca_Cola,10,0.0,0.0,0.0,0.0,0.0,0.0
125,Cabo de Santo Agostinho,CAB_L1,Coca_Cola,11,0.0,0.0,0.0,0.0,0.0,0.0
125,Cabo de Santo Agostinho,CAB_L1,Coca_Cola,12,0.0,0.0,0.0,3486.99,0.0,0.0
125,Cabo de Santo Agostinho,CAB_L1,Coca_Cola,13,0.0,0.0,0.0,0.0,0.0,0.0
125,Cabo de Santo Agostinho,CAB_L1,Coca_Cola,14,0.0,0.0,0.0,0.0,0.0,0.0
125,Cabo de Santo Agostinho,CAB_L1,Coca_Cola,15,0.0,0.0,0.0,0.0,0.0,0.0
125,Cabo de Santo Agostinho,CAB_L1,Amstel_Lata,1,0.0,0.0,0.0,0.0,0.0,0.0
125,Cabo de Santo Agostinho,CAB_L1,Amstel_Lata,2,0.0,0.0,0.0,0.0,0.0,0.0
125,Cabo de Santo Agostinho,CAB_L1,Amstel_Lata,3,0.0,0.0,47159.26,0.0,0.0,47159.26
125,Cabo de Santo Agostinho,CAB_L1,Amstel_Lata,4,0.0,0.0,0.0,0.0,0.0,0.0
125,Cabo de Santo Agostinho,CAB_L1,Amstel_Lata,5,0.0,0.0,0.0,0.0,0.0,0.0
125,Cabo de Santo Agostinho,CAB_L1,Amstel_Lata,6,0.0,0.0,0.0,0.0,0.0,0.0
125,Cabo de Santo Agostinho,CAB_L1,Amstel_Lata,7,0.0,0.0,0.0,0.0,0.0,0.0
125,Cabo de Santo Agostinho,CAB_L1,Amstel_Lata,8,0.0,0.0,0.0,0.0,10315.46,10315.46
125,Cabo de Santo Agostinho,CAB_L1,Amstel_Lata,9,0.0,0.0,0.0,0.0,0.0,0.0
125,Cabo de Santo Agostinho,CAB_L1,Amstel_Lata,10,0.0,0.0,0.0,0.0,0.0,0.0
125,Cabo de Santo Agostinho,CAB_L1,Amstel_Lata,11,0.0,0.0,0.0,0.0,0.0,0.0
125,Cabo de Santo Agostinho,CAB_L1,Amstel_Lata,12,0.0,0.0,0.0,0.0,18124.46,18124.46
125,Cabo de Santo Agostinho,CAB_L1,Amstel_Lata,13,0.0,0.0,0.0,0.0,0.0,0.0
125,Cabo de Santo Agostinho,CAB_L1,Amstel_Lata,14,0.0,0.0,0.0,0.0,0.0,0.0
125,Cabo de Santo Agostinho,CAB_L1,Amstel_Lata,15,0.0,0.0,0.0,0.0,0.0,0.0
125,Cabo de Santo Agostinho,CAB_L1,Pepsi_Black,1,0.0,0.0,0.0,0.0,0.0,0.0
125,Cabo de Santo Agostinho,CAB_L1,Pepsi_Black,2,0.0,0.0,0.0,0.0,0.0,0.0
125,Cabo de Santo Agostinho,CAB_L1,Pepsi_Black,3,0.0,0.0,0.0,0.0,0.0,0.0
125,Cabo de Santo Agostinho,CAB_L1,Pepsi_Black,4,0.0,0.0,0.0,0.0,0.0,62721.89
125,Cabo de Santo Agostinho,CAB_L1,Pepsi_Black,5,0.0,0.0,0.0,0.0,0.0,0.0
125,Cabo de Santo Agostinho,CAB_L1,Pepsi_Black,6,0.0,0.0,0.0,0.0,0.0,0.0
125,Cabo de Santo Agostinho,CAB_L1,Pepsi_Black,7,0.0,0.0,0.0,0.0,0.0,0.0
125,Cabo de Santo Agostinho,CAB_L1,Pepsi_Black,8,0.0,0.0,0.0,0.0,0.0,0.0
125,Cabo de Santo Agostinho,CAB_L1,Pepsi_Black,9,0.0,0.0,0.0,0.0,0.0,0.0
125,Cabo de Santo Agostinho,CAB_L1,Pepsi_Black,10,0.0,0.0,0.0,0.0,0.0,0.0
125,Cabo de Santo Agostinho,CAB_L1,Pepsi_Black,11,0.0,0.0,0.0,0.0,0.0,0.0
125,Cabo de Santo Agostinho,CAB_L1,Pepsi_Black,12,0.0,0.0,0.0,0.0,0.0,0.0
125,Cabo de Santo Agostinho,CAB_L1,Pepsi_Black,13,0.0,0.0,0.0,0.0,0.0,0.0
125,Cabo de Santo Agostinho,CAB_L1,Pepsi_Black,14,0.0,0.0,0.0,0.0,0.0,0.0
125,Cabo de Santo Agostinho,CAB_L1,Pepsi_Black,15,0.0,0.0,0.0,0.0,0.0,0.0
125,Cabo de Santo Agostinho,CAB_L1,Del_Valle_Laranja,1,0.0,0.0,0.0,0.0,0.0,0.0
125,Cabo de Santo Agostinho,CAB_L1,Del_Valle_Laranja,2,0.0,0.0,0.0,0.0,0.0,0.0
125,Cabo de Santo Agostinho,CAB_L1,Del_Valle_Laranja,3,0.0,0.0,0.0,0.0,0.0,0.0
125,Cabo de Santo Agostinho,CAB_L1,Del_Valle_Laranja,4,0.0,0.0,0.0,0.0,0.0,0.0
125,Cabo de Santo Agostinho,CAB_L1,Del_Valle_Laranja,5,0.0,0.0,0.0,0.0,0.0,8656.41
125,Cabo de Santo Agostinho,CAB_L1,Del_Valle_Laranja,6,0.0,0.0,0.0,0.0,0.0,0.0
125,Cabo de Santo Agostinho,CAB_L1,Del_Valle_Laranja,7,0.0,0.0,0.0,0.0,0.0,0.0
125,Cabo de Santo Agostinho,CAB_L1,Del_Valle_Laranja,8,0.0,0.0,0.0,0.0,0.0,44731.85
125,Cabo de Santo Agostinho,CAB_L1,Del_Valle_Laranja,9,0.0,0.0,0.0,0.0,0.0,0.0
125,Cabo de Santo Agostinho,CAB_L1,Del_Valle_Laranja,10,0.0,0.0,0.0,0.0,0.0,0.0
125,Cabo de Santo Agostinho,CAB_L1,Del_Valle_Laranja,11,0.0,0.0,0.0,0.0,0.0,0.0
125,Cabo de Santo Agostinho,CAB_L1,Del_Valle_Laranja,12,0.0,0.0,49091.1,0.0,0.0,49091.1
125,Cabo de Santo Agostinho,CAB_L1,Del_Valle_Laranja,13,0.0,0.0,0.0,0.0,0.0,0.0
125,Cabo de Santo Agostinho,CAB_L1,Del_Valle_Laranja,14,0.0,0.0,0.0,0.0,0.0,0.0
125,Cabo de Santo Agostinho,CAB_L1,Del_Valle_Laranja,15,0.0,0.0,0.0,0.0,0.0,0.0
125,Cabo de Santo Agostinho,CAB_L1,Itubaina,1,0.0,0.0,0.0,0.0,0.0,0.0
125,Cabo de Santo Agostinho,CAB_L1,Itubaina,2,0.0,0.0,0.0,0.0,0.0,0.0
125,Cabo de Santo Agostinho,CAB_L1,Itubaina,3,0.0,0.0,0.0,0.0,0.0,0.0
125,Cabo de Santo Agostinho,CAB_L1,Itubaina,4,0.0,0.0,0.0,0.0,6015.46,6015.46
125,Cabo de Santo Agostinho,CAB_L1,Itubaina,5,0.0,0.0,0.0,0.0,0.0,0.0
125,Cabo de Santo Agostinho,CAB_L1,Itubaina,6,0.0,0.0,0.0,0.0,0.0,0.0
125,Cabo de Santo Agostinho,CAB_L1,Itubaina,7,0.0,0.0,0.0,0.0,0.0,0.0
125,Cabo de Santo Agostinho,CAB_L1,Itubaina,8,0.0,0.0,0.0,0.0,0.0,0.0
125,Cabo de Santo Agostinho,CAB_L1,Itubaina,9,0.0,0.0,0.0,0.0,0.0,0.0
125,Cabo de Santo Agostinho,CAB_L1,Itubaina,10,0.0,0.0,0.0,0.0,0.0,0.0
125,Cabo de Santo Agostinho,CAB_L1,Itubaina,11,0.0,0.0,0.0,0.0,0.0,0.0
125,Cabo de Santo Agostinho,CAB_L1,Itubaina,12,0.0,0.0,0.0,0.0,0.0,0.0
125,Cabo de Santo Agostinho,CAB_L1,Itubaina,13,0.0,0.0,0.0,0.0,0.0,0.0
125,Cabo de Santo Agostinho,CAB_L1,Itubaina,14,0.0,0.0,0.0,0.0,0.0,0.0
125,Cabo de Santo Agostinho,CAB_L1,Itubaina,15,0.0,0.0,0.0,0.0,0.0,0.0
125,Cabo de Santo Agostinho,CAB_L1,Stella_Artois_Pure_Gold,1,0.0,0.0,0.0,0.0,0.0,0.0
125,Cabo de Santo Agostinho,CAB_L1,Stella_Artois_Pure_Gold,2,0.0,0.0,0.0,0.0,0.0,0.0
125,Cabo de Santo Agostinho,CAB_L1,Stella_Artois_Pure_Gold,3,0.0,0.0,0.0,0.0,0.0,0.0
125,Cabo de Santo Agostinho,CAB_L1,Stella_Artois_Pure_Gold,4,0.0,0.0,0.0,0.0,0.0,0.0
125,Cabo de Santo Agostinho,CAB_L1,Stella_Artois_Pure_Gold,5,0.0,0.0,0.0,0.0,0.0,0.0
125,Cabo de Santo Agostinho,CAB_L1,Stella_Artois_Pure_Gold,6,0.0,0.0,0.0,0.0,0.0,0.0
125,Cabo de Santo Agostinho,CAB_L1,Stella_Artois_Pure_Gold,7,0.0,0.0,0.0,0.0,0.0,0.0
125,Cabo de Santo Agostinho,CAB_L1,Stella_Artois_Pure_Gold,8,0.0,0.0,0.0,0.0,0.0,8997.890000000014
125,Cabo de Santo Agostinho,CAB_L1,Stella_Artois_Pure_Gold,9,0.0,0.0,10644.110000000053,9199.709999999946,9432.530000000052,10644.110000000053
125,Cabo de Santo Agostinho,CAB_L1,Stella_Artois_Pure_Gold,10,0.0,0.0,0.0,0.0,0.0,0.0
125,Cabo de Santo Agostinho,CAB_L1,Stella_Artois_Pure_Gold,11,0.0,0.0,0.0,0.0,0.0,0.0
125,Cabo de Santo Agostinho,CAB_L1,Stella_Artois_Pure_Gold,12,0.0,0.0,0.0,0.0,0.0,0.0
125,Cabo de Santo Agostinho,CAB_L1,Stella_Artois_Pure_Gold,13,0.0,0.0,0.0,0.0,0.0,0.0
125,Cabo de Santo Agostinho,CAB_L1,Stella_Artois_Pure_Gold,14,0.0,0.0,23347.78,0.0,0.0,23347.78
125,Cabo de Santo Agostinho,CAB_L1,Stella_Artois_Pure_Gold,15,0.0,0.0,0.0,0.0,0.0,0.0
125,Cabo de Santo Agostinho,CAB_L1,Maguary_Caju,1,0.0,0.0,0.0,0.0,0.0,0.0
125,Cabo de Santo Agostinho,CAB_L1,Maguary_Caju,2,0.0,0.0,0.0,0.0,0.0,0.0
125,Cabo de Santo Agostinho,CAB_L1,Maguary_Caju,3,0.0,0.0,0.0,0.0,0.0,0.0
125,Cabo de Santo Agostinho,CAB_L1,Maguary_Caju,4,0.0,0.0,0.0,0.0,0.0,0.0
125,Cabo de Santo Agostinho,CAB_L1,Maguary_Caju,5,0.0,0.0,0.0,0.0,0.0,0.0
125,Cabo de Santo Agostinho,CAB_L1,Maguary_Caju,6,0.0,0.0,0.0,0.0,0.0,0.0
125,Cabo de Santo Agostinho,CAB_L1,Maguary_Caju,7,0.0,0.0,0.0,0.0,0.0,0.0
125,Cabo de Santo Agostinho,CAB_L1,Maguary_Caju,8,0.0,0.0,0.0,0.0,16289.439999999997,0.0
125,Cabo de Santo Agostinho,CAB_L1,Maguary_Caju,9,0.0,0.0,0.0,0.0,3074.0099999999984,3074.0099999999984
125,Cabo de Santo Agostinho,CAB_L1,Maguary_Caju,10,0.0,0.0,8759.19,42358.85,15308.36,8759.19
125,Cabo de Santo Agostinho,CAB_L1,Maguary_Caju,11,0.0,0.0,0.0,0.0,0.0,0.0
125,Cabo de Santo Agostinho,CAB_L1,Maguary_Caju,12,0.0,0.0,0.0,0.0,0.0,0.0
125,Cabo de Santo Agostinho,CAB_L1,Maguary_Caju,13,0.0,0.0,0.0,0.0,0.0,0.0
125,Cabo de Santo Agostinho,CAB_L1,Maguary_Caju,14,0.0,0.0,0.0,0.0,0.0,0.0
125,Cabo de Santo Agostinho,CAB_L1,Maguary_Caju,15,0.0,0.0,0.0,0.0,0.0,0.0
125,Cabo de Santo Agostinho,CAB_L1,Coca_Cola_Zero,1,0.0,0.0,0.0,0.0,0.0,0.0
125,Cabo de Santo Agostinho,CAB_L1,Coca_Cola_Zero,2,0.0,0.0,0.0,0.0,0.0,0.0
125,Cabo de Santo Agostinho,CAB_L1,Coca_Cola_Zero,3,0.0,0.0,0.0,0.0,0.0,0.0
125,Cabo de Santo Agostinho,CAB_L1,Coca_Cola_Zero,4,0.0,0.0,0.0,0.0,12166.45,12166.45
125,Cabo de Santo Agostinho,CAB_L1,Coca_Cola_Zero,5,0.0,0.0,0.0,0.0,0.0,0.0
125,Cabo de Santo Agostinho,CAB_L1,Coca_Cola_Zero,6,0.0,0.0,0.0,0.0,0.0,0.0
125,Cabo de Santo Agostinho,CAB_L1,Coca_Cola_Zero,7,0.0,0.0,3300.53,0.0,0.0,3300.53
125,Cabo de Santo Agostinho,CAB_L1,Coca_Cola_Zero,8,0.0,0.0,0.0,0.0,0.0,0.0
125,Cabo de Santo Agostinho,CAB_L1,Coca_Cola_Zero,9,0.0,0.0,0.0,0.0,0.0,0.0
125,Cabo de Santo Agostinho,CAB_L1,Coca_Cola_Zero,10,0.0,0.0,0.0,0.0,0.0,0.0
125,Cabo de Santo Agostinho,CAB_L1,Coca_Cola_Zero,11,0.0,0.0,0.0,0.0,0.0,0.0
125,Cabo de Santo Agostinho,CAB_L1,Coca_Cola_Zero,12,0.0,0.0,0.0,0.0,0.0,0.0
125,Cabo de Santo Agostinho,CAB_L1,Coca_Cola_Zero,13,0.0,0.0,0.0,0.0,0.0,0.0
125,Cabo de Santo Agostinho,CAB_L1,Coca_Cola_Zero,14,0.0,0.0,0.0,0.0,23064.68,23064.68
125,Cabo de Santo Agostinho,CAB_L1,Coca_Cola_Zero,15,0.0,0.0,0.0,0.0,0.0,0.0
125,Cabo de Santo Agostinho,CAB_L1,Pepsi,1,0.0,0.0,0.0,0.0,20815.829999999998,20815.829999999998
125,Cabo de Santo Agostinho,CAB_L1,Pepsi,2,0.0,0.0,0.0,0.0,0.0,0.0
125,Cabo de Santo Agostinho,CAB_L1,Pepsi,3,0.0,0.0,0.0,0.0,0.0,50935.81
125,Cabo de Santo Agostinho,CAB_L1,Pepsi,4,0.0,0.0,0.0,0.0,15470.86,19160.16999999999
125,Cabo de Santo Agostinho,CAB_L1,Pepsi,5,0.0,0.0,21517.14,0.0,3689.3099999999904,21517.14
125,Cabo de Santo Agostinho,CAB_L1,Pepsi,6,0.0,0.0,0.0,0.0,0.0,0.0
125,Cabo de Santo Agostinho,CAB_L1,Pepsi,7,0.0,0.0,0.0,0.0,0.0,45965.86
125,Cabo de Santo Agostinho,CAB_L1,Pepsi,8,0.0,0.0,14696.06,0.0,0.0,14696.06
125,Cabo de Santo Agostinho,CAB_L1,Pepsi,9,0.0,0.0,0.0,0.0,0.0,0.0
125,Cabo de Santo Agostinho,CAB_L1,Pepsi,10,0.0,0.0,0.0,0.0,0.0,0.0
125,Cabo de Santo Agostinho,CAB_L1,Pepsi,11,0.0,0.0,0.0,0.0,0.0,0.0
125,Cabo de Santo Agostinho,CAB_L1,Pepsi,12,0.0,0.0,0.0,0.0,0.0,13086.24
125,Cabo de Santo Agostinho,CAB_L1,Pepsi,13,0.0,0.0,0.0,0.0,0.0,0.0
125,Cabo de Santo Agostinho,CAB_L1,Pepsi,14,0.0,0.0,0.0,0.0,0.0,0.0
125,Cabo de Santo Agostinho,CAB_L1,Pepsi,15,0.0,0.0,0.0,0.0,0.0,0.0
125,Cabo de Santo Agostinho,CAB_L1,Antarctica_Lata,1,6777.170000000002,0.0,6777.170000000002,20232.78,20774.859999999997,0.0
125,Cabo de Santo Agostinho,CAB_L1,Antarctica_Lata,2,0.0,0.0,0.0,0.0,0.0,0.0
125,Cabo de Santo Agostinho,CAB_L1,Antarctica_Lata,3,0.0,0.0,0.0,0.0,0.0,0.0
125,Cabo de Santo Agostinho,CAB_L1,Antarctica_Lata,4,0.0,0.0,0.0,0.0,0.0,0.0
125,Cabo de Santo Agostinho,CAB_L1,Antarctica_Lata,5,252.59999999998894,0.0,0.0,0.0,252.59999999998894,0.0
125,Cabo de Santo Agostinho,CAB_L1,Antarctica_Lata,6,38064.0,0.0,0.0,0.0,38064.0,0.0
125,Cabo de Santo Agostinho,CAB_L1,Antarctica_Lata,7,8529.670000000002,0.0,0.0,0.0,8529.670000000002,0.0
125,Cabo de Santo Agostinho,CAB_L1,Antarctica_Lata,8,385.37000000000324,0.0,0.0,0.0,385.37000000000324,0.0
125,Cabo de Santo Agostinho,CAB_L1,Antarctica_Lata,9,0.0,0.0,0.0,0.0,0.0,0.0
125,Cabo de Santo Agostinho,CAB_L1,Antarctica_Lata,10,0.0,0.0,0.0,0.0,0.0,0.0
125,Cabo de Santo Agostinho,CAB_L1,Antarctica_Lata,11,0.0,0.0,0.0,0.0,0.0,0.0
125,Cabo de Santo Agostinho,CAB_L1,Antarctica_Lata,12,0.0,0.0,0.0,0.0,0.0,0.0
125,Cabo de Santo Agostinho,CAB_L1,Antarctica_Lata,13,0.0,0.0,0.0,0.0,0.0,0.0
125,Cabo de Santo Agostinho,CAB_L1,Antarctica_Lata,14,0.0,0.0,0.0,0.0,0.0,10869.5
125,Cabo de Santo Agostinho,CAB_L1,Antarctica_Lata,15,29654.63000000002,0.0,0.0,0.0,35710.63000000001,0.0
125,Cabo de Santo Agostinho,CAB_L1,Spaten_Lata,1,0.0,0.0,0.0,0.0,0.0,0.0
125,Cabo de Santo Agostinho,CAB_L1,Spaten_Lata,2,0.0,0.0,0.0,0.0,0.0,0.0
125,Cabo de Santo Agostinho,CAB_L1,Spaten_Lata,3,0.0,0.0,0.0,0.0,0.0,0.0
125,Cabo de Santo Agostinho,CAB_L1,Spaten_Lata,4,0.0,0.0,0.0,0.0,0.0,0.0
125,Cabo de Santo Agostinho,CAB_L1,Spaten_Lata,5,0.0,0.0,0.0,0.0,0.0,0.0
125,Cabo de Santo Agostinho,CAB_L1,Spaten_Lata,6,0.0,5820.430000000004,0.0,0.0,0.0,28510.150000000005
125,Cabo de Santo Agostinho,CAB_L1,Spaten_Lata,7,0.0,5820.430000000004,0.0,0.0,0.0,0.0
125,Cabo de Santo Agostinho,CAB_L1,Spaten_Lata,8,0.0,0.0,0.0,0.0,5820.430000000004,25919.48
125,Cabo de Santo Agostinho,CAB_L1,Spaten_Lata,9,0.0,0.0,0.0,0.0,0.0,0.0
125,Cabo de Santo Agostinho,CAB_L1,Spaten_Lata,10,0.0,0.0,0.0,0.0,0.0,0.0
125,Cabo de Santo Agostinho,CAB_L1,Spaten_Lata,11,0.0,0.0,0.0,0.0,0.0,0.0
125,Cabo de Santo Agostinho,CAB_L1,Spaten_Lata,12,0.0,0.0,0.0,0.0,0.0,0.0
125,Cabo de Santo Agostinho,CAB_L1,Spaten_Lata,13,0.0,0.0,19710.89,0.0,0.0,19710.89
125,Cabo de Santo Agostinho,CAB_L1,Spaten_Lata,14,0.0,0.0,0.0,0.0,0.0,0.0
125,Cabo de Santo Agostinho,CAB_L1,Spaten_Lata,15,0.0,0.0,0.0,0.0,0.0,4976.82
125,Cabo de Santo Agostinho,CAB_L1,Heineken_Lata,1,0.0,0.0,0.0,0.0,0.0,0.0
125,Cabo de Santo Agostinho,CAB_L1,Heineken_Lata,2,0.0,0.0,0.0,0.0,0.0,0.0
125,Cabo de Santo Agostinho,CAB_L1,Heineken_Lata,3,0.0,0.0,0.0,0.0,0.0,0.0
125,Cabo de Santo Agostinho,CAB_L1,Heineken_Lata,4,0.0,0.0,0.0,0.0,0.0,0.0
125,Cabo de Santo Agostinho,CAB_L1,Heineken_Lata,5,0.0,0.0,0.0,0.0,0.0,0.0
125,Cabo de Santo Agostinho,CAB_L1,Heineken_Lata,6,0.0,0.0,0.0,0.0,0.0,0.0
125,Cabo de Santo Agostinho,CAB_L1,Heineken_Lata,7,0.0,0.0,0.0,0.0,0.0,0.0
125,Cabo de Santo Agostinho,CAB_L1,Heineken_Lata,8,0.0,0.0,0.0,0.0,0.0,0.0
125,Cabo de Santo Agostinho,CAB_L1,Heineken_Lata,9,0.0,0.0,0.0,0.0,0.0,0.0
125,Cabo de Santo Agostinho,CAB_L1,Heineken_Lata,10,0.0,0.0,0.0,0.0,0.0,0.0
125,Cabo de Santo Agostinho,CAB_L1,Heineken_Lata,11,0.0,0.0,0.0,0.0,0.0,0.0
125,Cabo de Santo Agostinho,CAB_L1,Heineken_Lata,12,0.0,0.0,0.0,0.0,0.0,0.0
125,Cabo de Santo Agostinho,CAB_L1,Heineken_Lata,13,0.0,0.0,0.0,0.0,0.0,0.0
125,Cabo de Santo Agostinho,CAB_L1,Heineken_Lata,14,0.0,0.0,0.0,0.0,0.0,0.0
125,Cabo de Santo Agostinho,CAB_L1,Heineken_Lata,15,0.0,0.0,0.0,0.0,0.0,0.0
125,Cabo de Santo Agostinho,CAB_L1,Sukita_Laranja,1,0.0,0.0,0.0,0.0,0.0,0.0
125,Cabo de Santo Agostinho,CAB_L1,Sukita_Laranja,2,0.0,0.0,0.0,0.0,0.0,0.0
125,Cabo de Santo Agostinho,CAB_L1,Sukita_Laranja,3,0.0,0.0,0.0,0.0,0.0,0.0
125,Cabo de Santo Agostinho,CAB_L1,Sukita_Laranja,4,0.0,0.0,0.0,0.0,0.0,0.0
125,Cabo de Santo Agostinho,CAB_L1,Sukita_Laranja,5,0.0,0.0,0.0,0.0,0.0,0.0
125,Cabo de Santo Agostinho,CAB_L1,Sukita_Laranja,6,0.0,0.0,0.0,0.0,0.0,0.0
125,Cabo de Santo Agostinho,CAB_L1,Sukita_Laranja,7,0.0,0.0,0.0,0.0,0.0,0.0
125,Cabo de Santo Agostinho,CAB_L1,Sukita_Laranja,8,0.0,0.0,0.0,0.0,0.0,0.0
125,Cabo de Santo Agostinho,CAB_L1,Sukita_Laranja,9,0.0,0.0,0.0,0.0,0.0,0.0
125,Cabo de Santo Agostinho,CAB_L1,Sukita_Laranja,10,0.0,0.0,0.0,0.0,0.0,0.0
125,Cabo de Santo Agostinho,CAB_L1,Sukita_Laranja,11,0.0,0.0,0.0,0.0,0.0,0.0
125,Cabo de Santo Agostinho,CAB_L1,Sukita_Laranja,12,0.0,0.0,0.0,0.0,0.0,0.0
125,Cabo de Santo Agostinho,CAB_L1,Sukita_Laranja,13,0.0,0.0,0.0,0.0,0.0,0.0
125,Cabo de Santo Agostinho,CAB_L1,Sukita_Laranja,14,0.0,0.0,0.0,0.0,0.0,0.0
125,Cabo de Santo Agostinho,CAB_L1,Sukita_Laranja,15,0.0,0.0,0.0,0.0,0.0,0.0
125,Cabo de Santo Agostinho,CAB_L1,H2OH_Limao,1,0.0,0.0,0.0,20306.05,0.0,35664.0
125,Cabo de Santo Agostinho,CAB_L1,H2OH_Limao,2,0.0,0.0,0.0,0.0,0.0,0.0
125,Cabo de Santo Agostinho,CAB_L1,H2OH_Limao,3,0.0,0.0,0.0,0.0,0.0,0.0
125,Cabo de Santo Agostinho,CAB_L1,H2OH_Limao,4,0.0,0.0,0.0,0.0,0.0,0.0
125,Cabo de Santo Agostinho,CAB_L1,H2OH_Limao,5,0.0,0.0,559.2300000000105,23815.58999999999,0.0,559.2300000000105
125,Cabo de Santo Agostinho,CAB_L1,H2OH_Limao,6,0.0,0.0,0.0,0.0,0.0,0.0
125,Cabo de Santo Agostinho,CAB_L1,H2OH_Limao,7,0.0,0.0,0.0,0.0,0.0,0.0
125,Cabo de Santo Agostinho,CAB_L1,H2OH_Limao,8,0.0,0.0,0.0,0.0,0.0,0.0
125,Cabo de Santo Agostinho,CAB_L1,H2OH_Limao,9,0.0,0.0,0.0,0.0,0.0,0.0
125,Cabo de Santo Agostinho,CAB_L1,H2OH_Limao,10,0.0,0.0,0.0,0.0,0.0,0.0
125,Cabo de Santo Agostinho,CAB_L1,H2OH_Limao,11,0.0,0.0,0.0,0.0,0.0,0.0
125,Cabo de Santo Agostinho,CAB_L1,H2OH_Limao,12,0.0,0.0,0.0,0.0,0.0,0.0
125,Cabo de Santo Agostinho,CAB_L1,H2OH_Limao,13,0.0,0.0,0.0,0.0,0.0,0.0
125,Cabo de Santo Agostinho,CAB_L1,H2OH_Limao,14,0.0,0.0,0.0,0.0,0.0,0.0
125,Cabo de Santo Agostinho,CAB_L1,H2OH_Limao,15,0.0,0.0,0.0,0.0,0.0,0.0
125,Cabo de Santo Agostinho,CAB_L1,Budweiser_Lata,1,0.0,0.0,0.0,0.0,0.0,0.0
125,Cabo de Santo Agostinho,CAB_L1,Budweiser_Lata,2,0.0,0.0,16199.05,0.0,0.0,16199.05
125,Cabo de Santo Agostinho,CAB_L1,Budweiser_Lata,3,0.0,0.0,0.0,0.0,0.0,0.0
125,Cabo de Santo Agostinho,CAB_L1,Budweiser_Lata,4,0.0,0.0,0.0,0.0,0.0,0.0
125,Cabo de Santo Agostinho,CAB_L1,Budweiser_Lata,5,0.0,0.0,0.0,0.0,0.0,0.0
125,Cabo de Santo Agostinho,CAB_L1,Budweiser_Lata,6,0.0,0.0,0.0,0.0,0.0,0.0
125,Cabo de Santo Agostinho,CAB_L1,Budweiser_Lata,7,0.0,0.0,0.0,0.0,0.0,0.0
125,Cabo de Santo Agostinho,CAB_L1,Budweiser_Lata,8,0.0,0.0,0.0,0.0,0.0,0.0
125,Cabo de Santo Agostinho,CAB_L1,Budweiser_Lata,9,0.0,0.0,0.0,0.0,0.0,0.0
125,Cabo de Santo Agostinho,CAB_L1,Budweiser_Lata,10,0.0,0.0,0.0,0.0,0.0,46621.93
125,Cabo de Santo Agostinho,CAB_L1,Budweiser_Lata,11,0.0,0.0,0.0,0.0,0.0,0.0
125,Cabo de Santo Agostinho,CAB_L1,Budweiser_Lata,12,0.0,0.0,0.0,0.0,0.0,0.0
125,Cabo de Santo Agostinho,CAB_L1,Budweiser_Lata,13,0.0,0.0,0.0,0.0,0.0,7759.46
125,Cabo de Santo Agostinho,CAB_L1,Budweiser_Lata,14,0.0,0.0,0.0,0.0,0.0,0.0
125,Cabo de Santo Agostinho,CAB_L1,Budweiser_Lata,15,0.0,0.0,0.0,0.0,0.0,0.0
125,Cabo de Santo Agostinho,CAB_L1,Kuat,1,0.0,0.0,0.0,0.0,0.0,0.0
125,Cabo de Santo Agostinho,CAB_L1,Kuat,2,0.0,0.0,0.0,0.0,0.0,0.0
125,Cabo de Santo Agostinho,CAB_L1,Kuat,3,0.0,0.0,0.0,0.0,0.0,0.0
125,Cabo de Santo Agostinho,CAB_L1,Kuat,4,0.0,0.0,0.0,0.0,0.0,0.0
125,Cabo de Santo Agostinho,CAB_L1,Kuat,5,0.0,0.0,0.0,0.0,0.0,0.0
125,Cabo de Santo Agostinho,CAB_L1,Kuat,6,0.0,0.0,0.0,0.0,0.0,0.0
125,Cabo de Santo Agostinho,CAB_L1,Kuat,7,0.0,0.0,0.0,0.0,0.0,0.0
125,Cabo de Santo Agostinho,CAB_L1,Kuat,8,0.0,0.0,0.0,0.0,0.0,0.0
125,Cabo de Santo Agostinho,CAB_L1,Kuat,9,0.0,0.0,0.0,0.0,0.0,0.0
125,Cabo de Santo Agostinho,CAB_L1,Kuat,10,0.0,0.0,0.0,0.0,0.0,0.0
125,Cabo de Santo Agostinho,CAB_L1,Kuat,11,0.0,0.0,0.0,0.0,0.0,0.0
125,Cabo de Santo Agostinho,CAB_L1,Kuat,12,0.0,0.0,0.0,0.0,0.0,0.0
125,Cabo de Santo Agostinho,CAB_L1,Kuat,13,0.0,0.0,0.0,0.0,0.0,0.0
125,Cabo de Santo Agostinho,CAB_L1,Kuat,14,0.0,0.0,0.0,0.0,0.0,0.0
125,Cabo de Santo Agostinho,CAB_L1,Kuat,15,0.0,0.0,0.0,0.0,0.0,0.0
125,Cabo de Santo Agostinho,CAB_L1,Fanta_Uva,1,0.0,0.0,0.0,0.0,0.0,0.0
125,Cabo de Santo Agostinho,CAB_L1,Fanta_Uva,2,0.0,0.0,0.0,0.0,0.0,0.0
125,Cabo de Santo Agostinho,CAB_L1,Fanta_Uva,3,0.0,0.0,0.0,0.0,0.0,0.0
125,Cabo de Santo Agostinho,CAB_L1,Fanta_Uva,4,0.0,0.0,0.0,0.0,0.0,0.0
125,Cabo de Santo Agostinho,CAB_L1,Fanta_Uva,5,0.0,0.0,0.0,0.0,0.0,0.0
125,Cabo de Santo Agostinho,CAB_L1,Fanta_Uva,6,0.0,0.0,0.0,0.0,0.0,0.0
125,Cabo de Santo Agostinho,CAB_L1,Fanta_Uva,7,0.0,0.0,0.0,0.0,0.0,0.0
125,Cabo de Santo Agostinho,CAB_L1,Fanta_Uva,8,0.0,0.0,0.0,0.0,0.0,0.0
125,Cabo de Santo Agostinho,CAB_L1,Fanta_Uva,9,0.0,0.0,0.0,0.0,0.0,0.0
125,Cabo de Santo Agostinho,CAB_L1,Fanta_Uva,10,0.0,0.0,0.0,0.0,0.0,0.0
125,Cabo de Santo Agostinho,CAB_L1,Fanta_Uva,11,0.0,0.0,0.0,0.0,0.0,0.0
125,Cabo de Santo Agostinho,CAB_L1,Fanta_Uva,12,0.0,0.0,0.0,0.0,0.0,0.0
125,Cabo de Santo Agostinho,CAB_L1,Fanta_Uva,13,0.0,0.0,0.0,0.0,0.0,0.0
125,Cabo de Santo Agostinho,CAB_L1,Fanta_Uva,14,0.0,0.0,0.0,0.0,7163.010000000002,7163.010000000002
125,Cabo de Santo Agostinho,CAB_L1,Fanta_Uva,15,0.0,0.0,0.0,0.0,0.0,0.0
125,Cabo de Santo Agostinho,CAB_L1,Sprite,1,0.0,0.0,0.0,0.0,0.0,0.0
125,Cabo de Santo Agostinho,CAB_L1,Sprite,2,0.0,0.0,0.0,0.0,0.0,0.0
125,Cabo de Santo Agostinho,CAB_L1,Sprite,3,0.0,0.0,0.0,0.0,0.0,0.0
125,Cabo de Santo Agostinho,CAB_L1,Sprite,4,0.0,0.0,0.0,0.0,0.0,0.0
125,Cabo de Santo Agostinho,CAB_L1,Sprite,5,0.0,0.0,0.0,0.0,0.0,0.0
125,Cabo de Santo Agostinho,CAB_L1,Sprite,6,0.0,0.0,0.0,0.0,0.0,0.0
125,Cabo de Santo Agostinho,CAB_L1,Sprite,7,0.0,0.0,0.0,0.0,0.0,0.0
125,Cabo de Santo Agostinho,CAB_L1,Sprite,8,0.0,0.0,0.0,0.0,0.0,0.0
125,Cabo de Santo Agostinho,CAB_L1,Sprite,9,0.0,0.0,0.0,0.0,0.0,34396.060000000005
125,Cabo de Santo Agostinho,CAB_L1,Sprite,10,0.0,0.0,0.0,0.0,0.0,0.0
125,Cabo de Santo Agostinho,CAB_L1,Sprite,11,0.0,0.0,0.0,0.0,0.0,0.0
125,Cabo de Santo Agostinho,CAB_L1,Sprite,12,0.0,0.0,0.0,0.0,0.0,0.0
125,Cabo de Santo Agostinho,CAB_L1,Sprite,13,0.0,0.0,0.0,0.0,0.0,0.0
125,Cabo de Santo Agostinho,CAB_L1,Sprite,14,0.0,0.0,0.0,0.0,0.0,0.0
125,Cabo de Santo Agostinho,CAB_L1,Sprite,15,0.0,0.0,0.0,0.0,0.0,0.0
125,Cabo de Santo Agostinho,CAB_L1,Skol_Lata,1,0.0,0.0,0.0,0.0,0.0,14062.76
125,Cabo de Santo Agostinho,CAB_L1,Skol_Lata,2,0.0,0.0,0.0,0.0,0.0,0.0
125,Cabo de Santo Agostinho,CAB_L1,Skol_Lata,3,0.0,0.0,0.0,0.0,0.0,0.0
125,Cabo de Santo Agostinho,CAB_L1,Skol_Lata,4,0.0,0.0,14013.43,0.0,0.0,14013.43
125,Cabo de Santo Agostinho,CAB_L1,Skol_Lata,5,0.0,0.0,6322.72,0.0,0.0,6322.72
125,Cabo de Santo Agostinho,CAB_L1,Skol_Lata,6,0.0,0.0,0.0,0.0,0.0,0.0
125,Cabo de Santo Agostinho,CAB_L1,Skol_Lata,7,0.0,0.0,0.0,0.0,0.0,0.0
125,Cabo de Santo Agostinho,CAB_L1,Skol_Lata,8,0.0,0.0,0.0,0.0,0.0,0.0
125,Cabo de Santo Agostinho,CAB_L1,Skol_Lata,9,0.0,0.0,0.0,0.0,0.0,0.0
125,Cabo de Santo Agostinho,CAB_L1,Skol_Lata,10,0.0,0.0,0.0,0.0,0.0,0.0
125,Cabo de Santo Agostinho,CAB_L1,Skol_Lata,11,0.0,0.0,0.0,0.0,0.0,49016.77
125,Cabo de Santo Agostinho,CAB_L1,Skol_Lata,12,0.0,0.0,0.0,0.0,0.0,0.0
125,Cabo de Santo Agostinho,CAB_L1,Skol_Lata,13,0.0,0.0,0.0,0.0,0.0,0.0
125,Cabo de Santo Agostinho,CAB_L1,Skol_Lata,14,0.0,0.0,0.0,0.0,0.0,0.0
125,Cabo de Santo Agostinho,CAB_L1,Skol_Lata,15,0.0,0.0,0.0,0.0,0.0,0.0
125,Cabo de Santo Agostinho,CAB_L1,Guarana_Antarctica,1,0.0,0.0,0.0,0.0,0.0,0.0
125,Cabo de Santo Agostinho,CAB_L1,Guarana_Antarctica,2,0.0,0.0,0.0,0.0,0.0,6205.940000000002
125,Cabo de Santo Agostinho,CAB_L1,Guarana_Antarctica,3,0.0,0.0,0.0,0.0,0.0,0.0
125,Cabo de Santo Agostinho,CAB_L1,Guarana_Antarctica,4,0.0,0.0,0.0,0.0,0.0,0.0
125,Cabo de Santo Agostinho,CAB_L1,Guarana_Antarctica,5,0.0,0.0,0.0,0.0,0.0,0.0
125,Cabo de Santo Agostinho,CAB_L1,Guarana_Antarctica,6,0.0,0.0,0.0,0.0,0.0,0.0
125,Cabo de Santo Agostinho,CAB_L1,Guarana_Antarctica,7,0.0,0.0,0.0,0.0,0.0,0.0
125,Cabo de Santo Agostinho,CAB_L1,Guarana_Antarctica,8,0.0,0.0,0.0,0.0,0.0,0.0
125,Cabo de Santo Agostinho,CAB_L1,Guarana_Antarctica,9,0.0,0.0,0.0,0.0,0.0,0.0
125,Cabo de Santo Agostinho,CAB_L1,Guarana_Antarctica,10,0.0,0.0,0.0,0.0,0.0,0.0
125,Cabo de Santo Agostinho,CAB_L1,Guarana_Antarctica,11,0.0,0.0,0.0,0.0,0.0,0.0
125,Cabo de Santo Agostinho,CAB_L1,Guarana_Antarctica,12,0.0,0.0,0.0,0.0,0.0,0.0
125,Cabo de Santo Agostinho,CAB_L1,Guarana_Antarctica,13,0.0,0.0,0.0,0.0,0.0,0.0
125,Cabo de Santo Agostinho,CAB_L1,Guarana_Antarctica,14,0.0,0.0,0.0,0.0,0.0,0.0
125,Cabo de Santo Agostinho,CAB_L1,Guarana_Antarctica,15,0.0,0.0,0.0,0.0,0.0,0.0
125,Cabo de Santo Agostinho,CAB_L1,Guarana_Antarctica_Zero,1,0.0,0.0,0.0,0.0,19065.14,0.0
125,Cabo de Santo Agostinho,CAB_L1,Guarana_Antarctica_Zero,2,0.0,0.0,0.0,0.0,18063.05000000008,0.0
125,Cabo de Santo Agostinho,CAB_L1,Guarana_Antarctica_Zero,3,0.0,0.0,0.0,0.0,39312.0,0.0
125,Cabo de Santo Agostinho,CAB_L1,Guarana_Antarctica_Zero,4,0.0,0.0,0.0,0.0,0.0,0.0
125,Cabo de Santo Agostinho,CAB_L1,Guarana_Antarctica_Zero,5,0.0,0.0,0.0,0.0,0.0,0.0
125,Cabo de Santo Agostinho,CAB_L1,Guarana_Antarctica_Zero,6,0.0,0.0,48324.12,0.0,36792.0,48324.12
125,Cabo de Santo Agostinho,CAB_L1,Guarana_Antarctica_Zero,7,0.0,0.0,0.0,0.0,38616.0,0.0
125,Cabo de Santo Agostinho,CAB_L1,Guarana_Antarctica_Zero,8,0.0,0.0,0.0,0.0,27147.79,0.0
125,Cabo de Santo Agostinho,CAB_L1,Guarana_Antarctica_Zero,9,0.0,0.0,0.0,0.0,0.0,0.0
125,Cabo de Santo Agostinho,CAB_L1,Guarana_Antarctica_Zero,10,0.0,0.0,0.0,0.0,36398.009999999995,0.0
125,Cabo de Santo Agostinho,CAB_L1,Guarana_Antarctica_Zero,11,0.0,0.0,0.0,0.0,39024.0,30992.86
125,Cabo de Santo Agostinho,CAB_L1,Guarana_Antarctica_Zero,12,0.0,0.0,0.0,0.0,29078.380000000005,0.0
125,Cabo de Santo Agostinho,CAB_L1,Guarana_Antarctica_Zero,13,0.0,0.0,0.0,0.0,0.0,0.0
125,Cabo de Santo Agostinho,CAB_L1,Guarana_Antarctica_Zero,14,0.0,0.0,0.0,0.0,0.0,22808.969999999998
125,Cabo de Santo Agostinho,CAB_L1,Guarana_Antarctica_Zero,15,0.0,0.0,0.0,0.0,29680.63,0.0
125,Cabo de Santo Agostinho,CAB_L1,Del_Valle_Uva,1,0.0,0.0,0.0,0.0,0.0,0.0
125,Cabo de Santo Agostinho,CAB_L1,Del_Valle_Uva,2,0.0,0.0,0.0,0.0,1563.5600000000031,1563.5600000000031
125,Cabo de Santo Agostinho,CAB_L1,Del_Valle_Uva,3,0.0,0.0,0.0,0.0,0.0,0.0
125,Cabo de Santo Agostinho,CAB_L1,Del_Valle_Uva,4,0.0,0.0,0.0,0.0,0.0,0.0
125,Cabo de Santo Agostinho,CAB_L1,Del_Valle_Uva,5,0.0,0.0,0.0,0.0,0.0,0.0
125,Cabo de Santo Agostinho,CAB_L1,Del_Valle_Uva,6,0.0,0.0,0.0,0.0,0.0,0.0
125,Cabo de Santo Agostinho,CAB_L1,Del_Valle_Uva,7,0.0,0.0,0.0,0.0,0.0,0.0
125,Cabo de Santo Agostinho,CAB_L1,Del_Valle_Uva,8,0.0,0.0,0.0,0.0,0.0,0.0
125,Cabo de Santo Agostinho,CAB_L1,Del_Valle_Uva,9,0.0,0.0,0.0,0.0,0.0,4529.6
125,Cabo de Santo Agostinho,CAB_L1,Del_Valle_Uva,10,0.0,0.0,0.0,0.0,24052.199999999997,24052.199999999997
125,Cabo de Santo Agostinho,CAB_L1,Del_Valle_Uva,11,0.0,0.0,0.0,0.0,0.0,0.0
125,Cabo de Santo Agostinho,CAB_L1,Del_Valle_Uva,12,0.0,0.0,0.0,0.0,0.0,0.0
125,Cabo de Santo Agostinho,CAB_L1,Del_Valle_Uva,13,0.0,0.0,15418.98,0.0,0.0,15418.98
125,Cabo de Santo Agostinho,CAB_L1,Del_Valle_Uva,14,0.0,0.0,0.0,0.0,0.0,0.0
125,Cabo de Santo Agostinho,CAB_L1,Del_Valle_Uva,15,0.0,0.0,0.0,0.0,0.0,0.0
125,Cabo de Santo Agostinho,CAB_L1,Brahma_Lata,1,0.0,0.0,0.0,0.0,0.0,0.0
125,Cabo de Santo Agostinho,CAB_L1,Brahma_Lata,2,0.0,0.0,0.0,0.0,0.0,0.0
125,Cabo de Santo Agostinho,CAB_L1,Brahma_Lata,3,0.0,0.0,0.0,0.0,0.0,0.0
125,Cabo de Santo Agostinho,CAB_L1,Brahma_Lata,4,0.0,0.0,0.0,0.0,0.0,17086.06
125,Cabo de Santo Agostinho,CAB_L1,Brahma_Lata,5,0.0,0.0,0.0,0.0,0.0,0.0
125,Cabo de Santo Agostinho,CAB_L1,Brahma_Lata,6,0.0,0.0,0.0,0.0,0.0,3817.88
125,Cabo de Santo Agostinho,CAB_L1,Brahma_Lata,7,0.0,0.0,0.0,0.0,0.0,0.0
125,Cabo de Santo Agostinho,CAB_L1,Brahma_Lata,8,0.0,0.0,0.0,0.0,0.0,0.0
125,Cabo de Santo Agostinho,CAB_L1,Brahma_Lata,9,0.0,0.0,0.0,0.0,0.0,0.0
125,Cabo de Santo Agostinho,CAB_L1,Brahma_Lata,10,0.0,0.0,0.0,0.0,0.0,0.0
125,Cabo de Santo Agostinho,CAB_L1,Brahma_Lata,11,0.0,0.0,0.0,0.0,0.0,0.0
125,Cabo de Santo Agostinho,CAB_L1,Brahma_Lata,12,0.0,0.0,0.0,0.0,0.0,0.0
125,Cabo de Santo Agostinho,CAB_L1,Brahma_Lata,13,0.0,0.0,0.0,0.0,0.0,0.0
125,Cabo de Santo Agostinho,CAB_L1,Brahma_Lata,14,0.0,0.0,0.0,0.0,0.0,0.0
125,Cabo de Santo Agostinho,CAB_L1,Brahma_Lata,15,0.0,0.0,0.0,0.0,0.0,0.0
125,Cabo de Santo Agostinho,CAB_L1,Itaipava_Lata,1,0.0,0.0,0.0,0.0,0.0,0.0
125,Cabo de Santo Agostinho,CAB_L1,Itaipava_Lata,2,0.0,0.0,0.0,0.0,0.0,0.0
125,Cabo de Santo Agostinho,CAB_L1,Itaipava_Lata,3,0.0,0.0,0.0,0.0,0.0,0.0
125,Cabo de Santo Agostinho,CAB_L1,Itaipava_Lata,4,0.0,0.0,0.0,0.0,0.0,0.0
125,Cabo de Santo Agostinho,CAB_L1,Itaipava_Lata,5,0.0,0.0,0.0,0.0,0.0,0.0
125,Cabo de Santo Agostinho,CAB_L1,Itaipava_Lata,6,0.0,0.0,0.0,0.0,0.0,0.0
125,Cabo de Santo Agostinho,CAB_L1,Itaipava_Lata,7,0.0,0.0,0.0,0.0,0.0,0.0
125,Cabo de Santo Agostinho,CAB_L1,Itaipava_Lata,8,0.0,0.0,0.0,0.0,0.0,0.0
125,Cabo de Santo Agostinho,CAB_L1,Itaipava_Lata,9,0.0,0.0,0.0,0.0,0.0,0.0
125,Cabo de Santo Agostinho,CAB_L1,Itaipava_Lata,10,0.0,0.0,0.0,0.0,0.0,0.0
125,Cabo de Santo Agostinho,CAB_L1,Itaipava_Lata,11,0.0,0.0,0.0,0.0,0.0,0.0
125,Cabo de Santo Agostinho,CAB_L1,Itaipava_Lata,12,0.0,0.0,0.0,0.0,0.0,0.0
125,Cabo de Santo Agostinho,CAB_L1,Itaipava_Lata,13,0.0,0.0,0.0,0.0,0.0,0.0
125,Cabo de Santo Agostinho,CAB_L1,Itaipava_Lata,14,0.0,0.0,0.0,0.0,0.0,0.0
125,Cabo de Santo Agostinho,CAB_L1,Itaipava_Lata,15,0.0,0.0,0.0,0.0,0.0,0.0
125,Cabo de Santo Agostinho,CAB_L2,Maguary_Maracuja,1,0.0,0.0,0.0,0.0,0.0,0.0
125,Cabo de Santo Agostinho,CAB_L2,Maguary_Maracuja,2,0.0,0.0,0.0,0.0,0.0,34358.2
125,Cabo de Santo Agostinho,CAB_L2,Maguary_Maracuja,3,0.0,0.0,0.0,0.0,0.0,0.0
125,Cabo de Santo Agostinho,CAB_L2,Maguary_Maracuja,4,0.0,0.0,0.0,0.0,0.0,0.0
125,Cabo de Santo Agostinho,CAB_L2,Maguary_Maracuja,5,0.0,0.0,0.0,0.0,0.0,0.0
125,Cabo de Santo Agostinho,CAB_L2,Maguary_Maracuja,6,0.0,0.0,0.0,0.0,0.0,0.0
125,Cabo de Santo Agostinho,CAB_L2,Maguary_Maracuja,7,0.0,0.0,0.0,0.0,0.0,55787.3
125,Cabo de Santo Agostinho,CAB_L2,Maguary_Maracuja,8,0.0,0.0,0.0,0.0,0.0,36199.2
125,Cabo de Santo Agostinho,CAB_L2,Maguary_Maracuja,9,0.0,0.0,0.0,0.0,0.0,31559.52
125,Cabo de Santo Agostinho,CAB_L2,Maguary_Maracuja,10,0.0,0.0,0.0,0.0,0.0,0.0
125,Cabo de Santo Agostinho,CAB_L2,Maguary_Maracuja,11,0.0,0.0,4272.59,0.0,0.0,4272.59
125,Cabo de Santo Agostinho,CAB_L2,Maguary_Maracuja,12,0.0,0.0,0.0,0.0,0.0,0.0
125,Cabo de Santo Agostinho,CAB_L2,Maguary_Maracuja,13,0.0,0.0,0.0,0.0,0.0,10549.34
125,Cabo de Santo Agostinho,CAB_L2,Maguary_Maracuja,14,0.0,0.0,0.0,0.0,0.0,0.0
125,Cabo de Santo Agostinho,CAB_L2,Maguary_Maracuja,15,0.0,0.0,0.0,0.0,0.0,0.0
125,Cabo de Santo Agostinho,CAB_L2,Fanta_Laranja,1,0.0,0.0,0.0,0.0,0.0,0.0
125,Cabo de Santo Agostinho,CAB_L2,Fanta_Laranja,2,0.0,0.0,0.0,0.0,0.0,166.69
125,Cabo de Santo Agostinho,CAB_L2,Fanta_Laranja,3,0.0,0.0,0.0,0.0,0.0,35774.36
125,Cabo de Santo Agostinho,CAB_L2,Fanta_Laranja,4,0.0,0.0,0.0,0.0,40152.00000000001,0.0
125,Cabo de Santo Agostinho,CAB_L2,Fanta_Laranja,5,0.0,0.0,0.0,0.0,6013.660000000005,2256.7000000000025
125,Cabo de Santo Agostinho,CAB_L2,Fanta_Laranja,6,0.0,0.0,0.0,0.0,0.0,0.0
125,Cabo de Santo Agostinho,CAB_L2,Fanta_Laranja,7,0.0,0.0,0.0,0.0,8857.699999999999,34264.07
125,Cabo de Santo Agostinho,CAB_L2,Fanta_Laranja,8,0.0,0.0,0.0,0.0,0.0,0.0
125,Cabo de Santo Agostinho,CAB_L2,Fanta_Laranja,9,0.0,0.0,0.0,0.0,8434.82999999995,0.0
125,Cabo de Santo Agostinho,CAB_L2,Fanta_Laranja,10,0.0,0.0,0.0,0.0,2505.990000000005,0.0
125,Cabo de Santo Agostinho,CAB_L2,Fanta_Laranja,11,0.0,0.0,0.0,0.0,0.0,44232.12
125,Cabo de Santo Agostinho,CAB_L2,Fanta_Laranja,12,0.0,0.0,18141.35,0.0,0.0,18141.35
125,Cabo de Santo Agostinho,CAB_L2,Fanta_Laranja,13,0.0,0.0,0.0,0.0,0.0,0.0
125,Cabo de Santo Agostinho,CAB_L2,Fanta_Laranja,14,0.0,0.0,0.0,0.0,0.0,0.0
125,Cabo de Santo Agostinho,CAB_L2,Fanta_Laranja,15,0.0,0.0,0.0,0.0,1319.3700000000008,0.0
125,Cabo de Santo Agostinho,CAB_L2,Schweppes_Citrus,1,40392.0,0.0,0.0,0.0,71990.83,8454.36
125,Cabo de Santo Agostinho,CAB_L2,Schweppes_Citrus,2,40992.0,0.0,0.0,0.0,40992.0,0.0
125,Cabo de Santo Agostinho,CAB_L2,Schweppes_Citrus,3,40728.0,0.0,0.0,0.0,40728.0,0.0
125,Cabo de Santo Agostinho,CAB_L2,Schweppes_Citrus,4,38640.0,0.0,0.0,0.0,38640.0,0.0
125,Cabo de Santo Agostinho,CAB_L2,Schweppes_Citrus,5,38952.0,0.0,0.0,0.0,38952.0,6695.6
125,Cabo de Santo Agostinho,CAB_L2,Schweppes_Citrus,6,40728.0,0.0,0.0,0.0,40728.0,0.0
125,Cabo de Santo Agostinho,CAB_L2,Schweppes_Citrus,7,37752.0,0.0,0.0,0.0,37752.0,0.0
125,Cabo de Santo Agostinho,CAB_L2,Schweppes_Citrus,8,19110.56,0.0,0.0,0.0,19110.56,0.0
125,Cabo de Santo Agostinho,CAB_L2,Schweppes_Citrus,9,38709.99,0.0,0.0,0.0,38709.99,12750.46
125,Cabo de Santo Agostinho,CAB_L2,Schweppes_Citrus,10,21435.64,0.0,0.0,0.0,21435.64,0.0
125,Cabo de Santo Agostinho,CAB_L2,Schweppes_Citrus,11,36048.0,0.0,0.0,0.0,36048.0,0.0
125,Cabo de Santo Agostinho,CAB_L2,Schweppes_Citrus,12,37104.0,0.0,0.0,0.0,37103.99999999999,0.0
125,Cabo de Santo Agostinho,CAB_L2,Schweppes_Citrus,13,37872.0,0.0,0.0,0.0,37872.0,0.0
125,Cabo de Santo Agostinho,CAB_L2,Schweppes_Citrus,14,35808.0,0.0,19090.6,0.0,16717.4,17169.160000000003
125,Cabo de Santo Agostinho,CAB_L2,Schweppes_Citrus,15,39144.0,0.0,0.0,0.0,39144.0,0.0
125,Cabo de Santo Agostinho,CAB_L2,Sprite_Zero,1,0.0,0.0,0.0,0.0,0.0,0.0
125,Cabo de Santo Agostinho,CAB_L2,Sprite_Zero,2,0.0,0.0,0.0,0.0,0.0,0.0
125,Cabo de Santo Agostinho,CAB_L2,Sprite_Zero,3,0.0,0.0,0.0,0.0,13379.17,13379.17
125,Cabo de Santo Agostinho,CAB_L2,Sprite_Zero,4,0.0,0.0,0.0,0.0,0.0,0.0
125,Cabo de Santo Agostinho,CAB_L2,Sprite_Zero,5,0.0,0.0,0.0,0.0,0.0,0.0
125,Cabo de Santo Agostinho,CAB_L2,Sprite_Zero,6,0.0,0.0,0.0,0.0,0.0,0.0
125,Cabo de Santo Agostinho,CAB_L2,Sprite_Zero,7,0.0,0.0,0.0,0.0,0.0,0.0
125,Cabo de Santo Agostinho,CAB_L2,Sprite_Zero,8,0.0,0.0,0.0,0.0,0.0,805.58
125,Cabo de Santo Agostinho,CAB_L2,Sprite_Zero,9,0.0,0.0,0.0,0.0,0.0,0.0
125,Cabo de Santo Agostinho,CAB_L2,Sprite_Zero,10,0.0,0.0,0.0,0.0,0.0,0.0
125,Cabo de Santo Agostinho,CAB_L2,Sprite_Zero,11,0.0,0.0,0.0,0.0,0.0,0.0
125,Cabo de Santo Agostinho,CAB_L2,Sprite_Zero,12,0.0,0.0,0.0,0.0,0.0,0.0
125,Cabo de Santo Agostinho,CAB_L2,Sprite_Zero,13,0.0,0.0,0.0,0.0,0.0,0.0
125,Cabo de Santo Agostinho,CAB_L2,Sprite_Zero,14,0.0,0.0,0.0,0.0,0.0,0.0
125,Cabo de Santo Agostinho,CAB_L2,Sprite_Zero,15,0.0,0.0,0.0,0.0,0.0,0.0
125,Cabo de Santo Agostinho,CAB_L2,Eisenbahn_Pilsen,1,0.0,0.0,0.0,0.0,0.0,0.0
125,Cabo de Santo Agostinho,CAB_L2,Eisenbahn_Pilsen,2,0.0,0.0,0.0,0.0,39192.0,0.0
125,Cabo de Santo Agostinho,CAB_L2,Eisenbahn_Pilsen,3,0.0,0.0,0.0,0.0,37008.0,0.0
125,Cabo de Santo Agostinho,CAB_L2,Eisenbahn_Pilsen,4,0.0,0.0,0.0,0.0,37704.00000000001,0.0
125,Cabo de Santo Agostinho,CAB_L2,Eisenbahn_Pilsen,5,0.0,0.0,0.0,0.0,35421.740000000005,0.0
125,Cabo de Santo Agostinho,CAB_L2,Eisenbahn_Pilsen,6,0.0,0.0,0.0,0.0,0.0,0.0
125,Cabo de Santo Agostinho,CAB_L2,Eisenbahn_Pilsen,7,0.0,0.0,0.0,0.0,20532.63,0.0
125,Cabo de Santo Agostinho,CAB_L2,Eisenbahn_Pilsen,8,0.0,0.0,0.0,0.0,40534.62999999999,0.0
125,Cabo de Santo Agostinho,CAB_L2,Eisenbahn_Pilsen,9,0.0,0.0,0.0,0.0,39072.0,0.0
125,Cabo de Santo Agostinho,CAB_L2,Eisenbahn_Pilsen,10,0.0,0.0,0.0,0.0,40680.0,0.0
125,Cabo de Santo Agostinho,CAB_L2,Eisenbahn_Pilsen,11,0.0,0.0,9145.19,0.0,38208.0,9145.19
125,Cabo de Santo Agostinho,CAB_L2,Eisenbahn_Pilsen,12,0.0,0.0,0.0,0.0,39384.0,0.0
125,Cabo de Santo Agostinho,CAB_L2,Eisenbahn_Pilsen,13,0.0,0.0,38544.56,0.0,37776.0,38544.56
125,Cabo de Santo Agostinho,CAB_L2,Eisenbahn_Pilsen,14,0.0,0.0,0.0,0.0,33444.840000000004,0.0
125,Cabo de Santo Agostinho,CAB_L2,Eisenbahn_Pilsen,15,0.0,0.0,0.0,0.0,685.7999999999811,0.0
125,Cabo de Santo Agostinho,CAB_L2,Del_Valle_Pessego,1,0.0,0.0,0.0,0.0,0.0,0.0
125,Cabo de Santo Agostinho,CAB_L2,Del_Valle_Pessego,2,0.0,0.0,0.0,0.0,0.0,0.0
125,Cabo de Santo Agostinho,CAB_L2,Del_Valle_Pessego,3,0.0,0.0,0.0,0.0,0.0,0.0
125,Cabo de Santo Agostinho,CAB_L2,Del_Valle_Pessego,4,0.0,0.0,0.0,0.0,0.0,0.0
125,Cabo de Santo Agostinho,CAB_L2,Del_Valle_Pessego,5,0.0,0.0,0.0,0.0,0.0,0.0
125,Cabo de Santo Agostinho,CAB_L2,Del_Valle_Pessego,6,0.0,0.0,0.0,0.0,0.0,0.0
125,Cabo de Santo Agostinho,CAB_L2,Del_Valle_Pessego,7,0.0,0.0,0.0,0.0,0.0,0.0
125,Cabo de Santo Agostinho,CAB_L2,Del_Valle_Pessego,8,0.0,0.0,0.0,0.0,0.0,0.0
125,Cabo de Santo Agostinho,CAB_L2,Del_Valle_Pessego,9,0.0,0.0,0.0,0.0,0.0,0.0
125,Cabo de Santo Agostinho,CAB_L2,Del_Valle_Pessego,10,0.0,0.0,0.0,0.0,0.0,0.0
125,Cabo de Santo Agostinho,CAB_L2,Del_Valle_Pessego,11,0.0,0.0,0.0,0.0,0.0,0.0
125,Cabo de Santo Agostinho,CAB_L2,Del_Valle_Pessego,12,0.0,0.0,4493.470000000001,10366.429999999998,0.0,4493.470000000001
125,Cabo de Santo Agostinho,CAB_L2,Del_Valle_Pessego,13,0.0,0.0,0.0,0.0,0.0,0.0
125,Cabo de Santo Agostinho,CAB_L2,Del_Valle_Pessego,14,0.0,0.0,0.0,0.0,0.0,0.0
125,Cabo de Santo Agostinho,CAB_L2,Del_Valle_Pessego,15,0.0,0.0,0.0,0.0,0.0,0.0
125,Cabo de Santo Agostinho,CAB_L2,Coca_Cola,1,0.0,0.0,0.0,0.0,0.0,0.0
125,Cabo de Santo Agostinho,CAB_L2,Coca_Cola,2,0.0,0.0,0.0,0.0,0.0,0.0
125,Cabo de Santo Agostinho,CAB_L2,Coca_Cola,3,0.0,0.0,0.0,0.0,0.0,0.0
125,Cabo de Santo Agostinho,CAB_L2,Coca_Cola,4,0.0,0.0,0.0,0.0,0.0,0.0
125,Cabo de Santo Agostinho,CAB_L2,Coca_Cola,5,0.0,0.0,0.0,0.0,0.0,0.0
125,Cabo de Santo Agostinho,CAB_L2,Coca_Cola,6,0.0,0.0,0.0,0.0,0.0,0.0
125,Cabo de Santo Agostinho,CAB_L2,Coca_Cola,7,0.0,0.0,0.0,0.0,0.0,0.0
125,Cabo de Santo Agostinho,CAB_L2,Coca_Cola,8,0.0,0.0,0.0,0.0,0.0,0.0
125,Cabo de Santo Agostinho,CAB_L2,Coca_Cola,9,0.0,0.0,0.0,0.0,0.0,0.0
125,Cabo de Santo Agostinho,CAB_L2,Coca_Cola,10,0.0,0.0,0.0,34392.39,0.0,0.0
125,Cabo de Santo Agostinho,CAB_L2,Coca_Cola,11,0.0,0.0,0.0,0.0,0.0,0.0
125,Cabo de Santo Agostinho,CAB_L2,Coca_Cola,12,0.0,0.0,0.0,0.0,0.0,0.0
125,Cabo de Santo Agostinho,CAB_L2,Coca_Cola,13,0.0,0.0,0.0,0.0,0.0,0.0
125,Cabo de Santo Agostinho,CAB_L2,Coca_Cola,14,0.0,0.0,0.0,0.0,0.0,0.0
125,Cabo de Santo Agostinho,CAB_L2,Coca_Cola,15,0.0,0.0,0.0,0.0,0.0,0.0
125,Cabo de Santo Agostinho,CAB_L2,Amstel_Lata,1,0.0,0.0,0.0,0.0,0.0,0.0
125,Cabo de Santo Agostinho,CAB_L2,Amstel_Lata,2,0.0,0.0,0.0,0.0,0.0,0.0
125,Cabo de Santo Agostinho,CAB_L2,Amstel_Lata,3,0.0,0.0,0.0,0.0,0.0,47159.26
125,Cabo de Santo Agostinho,CAB_L2,Amstel_Lata,4,0.0,0.0,0.0,0.0,0.0,0.0
125,Cabo de Santo Agostinho,CAB_L2,Amstel_Lata,5,0.0,0.0,0.0,0.0,0.0,0.0
125,Cabo de Santo Agostinho,CAB_L2,Amstel_Lata,6,0.0,0.0,0.0,0.0,0.0,0.0
125,Cabo de Santo Agostinho,CAB_L2,Amstel_Lata,7,0.0,0.0,0.0,0.0,0.0,0.0
125,Cabo de Santo Agostinho,CAB_L2,Amstel_Lata,8,0.0,0.0,0.0,0.0,10315.46,10315.46
125,Cabo de Santo Agostinho,CAB_L2,Amstel_Lata,9,0.0,0.0,0.0,0.0,0.0,0.0
125,Cabo de Santo Agostinho,CAB_L2,Amstel_Lata,10,0.0,0.0,0.0,0.0,0.0,0.0
125,Cabo de Santo Agostinho,CAB_L2,Amstel_Lata,11,0.0,0.0,0.0,0.0,0.0,0.0
125,Cabo de Santo Agostinho,CAB_L2,Amstel_Lata,12,0.0,0.0,0.0,0.0,18124.46,18124.46
125,Cabo de Santo Agostinho,CAB_L2,Amstel_Lata,13,0.0,0.0,0.0,0.0,0.0,0.0
125,Cabo de Santo Agostinho,CAB_L2,Amstel_Lata,14,0.0,0.0,0.0,0.0,0.0,0.0
125,Cabo de Santo Agostinho,CAB_L2,Amstel_Lata,15,0.0,0.0,0.0,0.0,0.0,0.0
125,Cabo de Santo Agostinho,CAB_L2,Pepsi_Black,1,0.0,0.0,0.0,0.0,0.0,0.0
125,Cabo de Santo Agostinho,CAB_L2,Pepsi_Black,2,0.0,0.0,0.0,0.0,0.0,0.0
125,Cabo de Santo Agostinho,CAB_L2,Pepsi_Black,3,0.0,0.0,0.0,0.0,0.0,0.0
125,Cabo de Santo Agostinho,CAB_L2,Pepsi_Black,4,0.0,0.0,46820.27,0.0,0.0,62721.89
125,Cabo de Santo Agostinho,CAB_L2,Pepsi_Black,5,0.0,0.0,0.0,0.0,0.0,0.0
125,Cabo de Santo Agostinho,CAB_L2,Pepsi_Black,6,0.0,0.0,0.0,0.0,0.0,0.0
125,Cabo de Santo Agostinho,CAB_L2,Pepsi_Black,7,0.0,0.0,0.0,0.0,0.0,0.0
125,Cabo de Santo Agostinho,CAB_L2,Pepsi_Black,8,0.0,0.0,0.0,0.0,0.0,0.0
125,Cabo de Santo Agostinho,CAB_L2,Pepsi_Black,9,0.0,0.0,0.0,0.0,0.0,0.0
125,Cabo de Santo Agostinho,CAB_L2,Pepsi_Black,10,0.0,0.0,0.0,0.0,0.0,0.0
125,Cabo de Santo Agostinho,CAB_L2,Pepsi_Black,11,0.0,0.0,0.0,0.0,0.0,0.0
125,Cabo de Santo Agostinho,CAB_L2,Pepsi_Black,12,0.0,0.0,0.0,0.0,0.0,0.0
125,Cabo de Santo Agostinho,CAB_L2,Pepsi_Black,13,0.0,0.0,0.0,0.0,0.0,0.0
125,Cabo de Santo Agostinho,CAB_L2,Pepsi_Black,14,0.0,0.0,0.0,0.0,0.0,0.0
125,Cabo de Santo Agostinho,CAB_L2,Pepsi_Black,15,0.0,0.0,0.0,0.0,0.0,0.0
125,Cabo de Santo Agostinho,CAB_L2,Del_Valle_Laranja,1,0.0,0.0,0.0,0.0,0.0,0.0
125,Cabo de Santo Agostinho,CAB_L2,Del_Valle_Laranja,2,0.0,0.0,0.0,0.0,0.0,0.0
125,Cabo de Santo Agostinho,CAB_L2,Del_Valle_Laranja,3,0.0,0.0,0.0,0.0,0.0,0.0
125,Cabo de Santo Agostinho,CAB_L2,Del_Valle_Laranja,4,0.0,0.0,0.0,0.0,0.0,0.0
125,Cabo de Santo Agostinho,CAB_L2,Del_Valle_Laranja,5,0.0,0.0,8656.41,0.0,0.0,8656.41
125,Cabo de Santo Agostinho,CAB_L2,Del_Valle_Laranja,6,0.0,0.0,0.0,0.0,0.0,0.0
125,Cabo de Santo Agostinho,CAB_L2,Del_Valle_Laranja,7,0.0,0.0,0.0,0.0,0.0,0.0
125,Cabo de Santo Agostinho,CAB_L2,Del_Valle_Laranja,8,0.0,0.0,44731.85,0.0,0.0,44731.85
125,Cabo de Santo Agostinho,CAB_L2,Del_Valle_Laranja,9,0.0,0.0,0.0,0.0,0.0,0.0
125,Cabo de Santo Agostinho,CAB_L2,Del_Valle_Laranja,10,0.0,0.0,0.0,0.0,0.0,0.0
125,Cabo de Santo Agostinho,CAB_L2,Del_Valle_Laranja,11,0.0,0.0,0.0,0.0,0.0,0.0
125,Cabo de Santo Agostinho,CAB_L2,Del_Valle_Laranja,12,0.0,0.0,0.0,0.0,0.0,49091.1
125,Cabo de Santo Agostinho,CAB_L2,Del_Valle_Laranja,13,0.0,0.0,0.0,0.0,0.0,0.0
125,Cabo de Santo Agostinho,CAB_L2,Del_Valle_Laranja,14,0.0,0.0,0.0,0.0,0.0,0.0
125,Cabo de Santo Agostinho,CAB_L2,Del_Valle_Laranja,15,0.0,0.0,0.0,0.0,0.0,0.0
125,Cabo de Santo Agostinho,CAB_L2,Itubaina,1,0.0,0.0,0.0,0.0,0.0,0.0
125,Cabo de Santo Agostinho,CAB_L2,Itubaina,2,0.0,0.0,0.0,0.0,0.0,0.0
125,Cabo de Santo Agostinho,CAB_L2,Itubaina,3,0.0,0.0,0.0,0.0,0.0,0.0
125,Cabo de Santo Agostinho,CAB_L2,Itubaina,4,0.0,0.0,0.0,0.0,6015.46,6015.46
125,Cabo de Santo Agostinho,CAB_L2,Itubaina,5,0.0,0.0,0.0,0.0,0.0,0.0
125,Cabo de Santo Agostinho,CAB_L2,Itubaina,6,0.0,0.0,0.0,22556.9,0.0,0.0
125,Cabo de Santo Agostinho,CAB_L2,Itubaina,7,0.0,0.0,0.0,0.0,0.0,0.0
125,Cabo de Santo Agostinho,CAB_L2,Itubaina,8,0.0,0.0,0.0,0.0,0.0,0.0
125,Cabo de Santo Agostinho,CAB_L2,Itubaina,9,0.0,0.0,0.0,0.0,0.0,0.0
125,Cabo de Santo Agostinho,CAB_L2,Itubaina,10,0.0,0.0,0.0,0.0,0.0,0.0
125,Cabo de Santo Agostinho,CAB_L2,Itubaina,11,0.0,0.0,0.0,0.0,0.0,0.0
125,Cabo de Santo Agostinho,CAB_L2,Itubaina,12,0.0,0.0,0.0,0.0,0.0,0.0
125,Cabo de Santo Agostinho,CAB_L2,Itubaina,13,0.0,0.0,0.0,0.0,0.0,0.0
125,Cabo de Santo Agostinho,CAB_L2,Itubaina,14,0.0,0.0,0.0,0.0,0.0,0.0
125,Cabo de Santo Agostinho,CAB_L2,Itubaina,15,0.0,0.0,0.0,0.0,0.0,0.0
125,Cabo de Santo Agostinho,CAB_L2,Stella_Artois_Pure_Gold,1,0.0,0.0,0.0,0.0,0.0,0.0
125,Cabo de Santo Agostinho,CAB_L2,Stella_Artois_Pure_Gold,2,0.0,0.0,0.0,0.0,0.0,0.0
125,Cabo de Santo Agostinho,CAB_L2,Stella_Artois_Pure_Gold,3,0.0,0.0,0.0,0.0,0.0,0.0
125,Cabo de Santo Agostinho,CAB_L2,Stella_Artois_Pure_Gold,4,0.0,0.0,0.0,0.0,0.0,0.0
125,Cabo de Santo Agostinho,CAB_L2,Stella_Artois_Pure_Gold,5,0.0,0.0,0.0,0.0,0.0,0.0
125,Cabo de Santo Agostinho,CAB_L2,Stella_Artois_Pure_Gold,6,0.0,0.0,0.0,0.0,0.0,0.0
125,Cabo de Santo Agostinho,CAB_L2,Stella_Artois_Pure_Gold,7,0.0,0.0,0.0,0.0,0.0,0.0
125,Cabo de Santo Agostinho,CAB_L2,Stella_Artois_Pure_Gold,8,0.0,0.0,0.0,0.0,0.0,8997.890000000014
125,Cabo de Santo Agostinho,CAB_L2,Stella_Artois_Pure_Gold,9,0.0,0.0,0.0,0.0,9432.530000000052,10644.110000000053
125,Cabo de Santo Agostinho,CAB_L2,Stella_Artois_Pure_Gold,10,0.0,0.0,0.0,12551.69,0.0,0.0
125,Cabo de Santo Agostinho,CAB_L2,Stella_Artois_Pure_Gold,11,0.0,0.0,0.0,0.0,0.0,0.0
125,Cabo de Santo Agostinho,CAB_L2,Stella_Artois_Pure_Gold,12,0.0,0.0,0.0,0.0,0.0,0.0
125,Cabo de Santo Agostinho,CAB_L2,Stella_Artois_Pure_Gold,13,0.0,0.0,0.0,0.0,0.0,0.0
125,Cabo de Santo Agostinho,CAB_L2,Stella_Artois_Pure_Gold,14,0.0,0.0,0.0,0.0,0.0,23347.78
125,Cabo de Santo Agostinho,CAB_L2,Stella_Artois_Pure_Gold,15,0.0,0.0,0.0,0.0,0.0,0.0
125,Cabo de Santo Agostinho,CAB_L2,Maguary_Caju,1,0.0,0.0,0.0,0.0,0.0,0.0
125,Cabo de Santo Agostinho,CAB_L2,Maguary_Caju,2,0.0,0.0,0.0,0.0,0.0,0.0
125,Cabo de Santo Agostinho,CAB_L2,Maguary_Caju,3,0.0,0.0,0.0,0.0,0.0,0.0
125,Cabo de Santo Agostinho,CAB_L2,Maguary_Caju,4,0.0,0.0,0.0,0.0,0.0,0.0
125,Cabo de Santo Agostinho,CAB_L2,Maguary_Caju,5,0.0,0.0,0.0,0.0,0.0,0.0
125,Cabo de Santo Agostinho,CAB_L2,Maguary_Caju,6,0.0,0.0,0.0,0.0,0.0,0.0
125,Cabo de Santo Agostinho,CAB_L2,Maguary_Caju,7,0.0,0.0,0.0,0.0,0.0,0.0
125,Cabo de Santo Agostinho,CAB_L2,Maguary_Caju,8,16289.439999999995,0.0,0.0,0.0,16289.439999999997,0.0
125,Cabo de Santo Agostinho,CAB_L2,Maguary_Caju,9,3074.0099999999984,0.0,0.0,0.0,3074.0099999999984,3074.0099999999984
125,Cabo de Santo Agostinho,CAB_L2,Maguary_Caju,10,15308.359999999999,0.0,0.0,0.0,15308.36,8759.19
125,Cabo de Santo Agostinho,CAB_L2,Maguary_Caju,11,0.0,0.0,0.0,0.0,0.0,0.0
125,Cabo de Santo Agostinho,CAB_L2,Maguary_Caju,12,0.0,0.0,0.0,0.0,0.0,0.0
125,Cabo de Santo Agostinho,CAB_L2,Maguary_Caju,13,0.0,0.0,0.0,0.0,0.0,0.0
125,Cabo de Santo Agostinho,CAB_L2,Maguary_Caju,14,0.0,0.0,0.0,0.0,0.0,0.0
125,Cabo de Santo Agostinho,CAB_L2,Maguary_Caju,15,0.0,0.0,0.0,49373.61,0.0,0.0
125,Cabo de Santo Agostinho,CAB_L2,Coca_Cola_Zero,1,0.0,0.0,0.0,0.0,0.0,0.0
125,Cabo de Santo Agostinho,CAB_L2,Coca_Cola_Zero,2,0.0,0.0,0.0,0.0,0.0,0.0
125,Cabo de Santo Agostinho,CAB_L2,Coca_Cola_Zero,3,0.0,0.0,0.0,0.0,0.0,0.0
125,Cabo de Santo Agostinho,CAB_L2,Coca_Cola_Zero,4,0.0,0.0,0.0,0.0,12166.45,12166.45
125,Cabo de Santo Agostinho,CAB_L2,Coca_Cola_Zero,5,0.0,0.0,0.0,0.0,0.0,0.0
125,Cabo de Santo Agostinho,CAB_L2,Coca_Cola_Zero,6,0.0,0.0,0.0,0.0,0.0,0.0
125,Cabo de Santo Agostinho,CAB_L2,Coca_Cola_Zero,7,0.0,0.0,0.0,0.0,0.0,3300.53
125,Cabo de Santo Agostinho,CAB_L2,Coca_Cola_Zero,8,0.0,0.0,0.0,0.0,0.0,0.0
125,Cabo de Santo Agostinho,CAB_L2,Coca_Cola_Zero,9,0.0,0.0,0.0,0.0,0.0,0.0
125,Cabo de Santo Agostinho,CAB_L2,Coca_Cola_Zero,10,0.0,0.0,0.0,0.0,0.0,0.0
125,Cabo de Santo Agostinho,CAB_L2,Coca_Cola_Zero,11,0.0,0.0,0.0,0.0,0.0,0.0
125,Cabo de Santo Agostinho,CAB_L2,Coca_Cola_Zero,12,0.0,0.0,0.0,0.0,0.0,0.0
125,Cabo de Santo Agostinho,CAB_L2,Coca_Cola_Zero,13,0.0,0.0,0.0,0.0,0.0,0.0
125,Cabo de Santo Agostinho,CAB_L2,Coca_Cola_Zero,14,0.0,0.0,0.0,0.0,23064.68,23064.68
125,Cabo de Santo Agostinho,CAB_L2,Coca_Cola_Zero,15,0.0,0.0,0.0,0.0,0.0,0.0
125,Cabo de Santo Agostinho,CAB_L2,Pepsi,1,0.0,0.0,0.0,0.0,20815.829999999998,20815.829999999998
125,Cabo de Santo Agostinho,CAB_L2,Pepsi,2,0.0,0.0,0.0,0.0,0.0,0.0
125,Cabo de Santo Agostinho,CAB_L2,Pepsi,3,0.0,0.0,50935.81,0.0,0.0,50935.81
125,Cabo de Santo Agostinho,CAB_L2,Pepsi,4,0.0,0.0,0.0,0.0,15470.86,19160.16999999999
125,Cabo de Santo Agostinho,CAB_L2,Pepsi,5,0.0,0.0,0.0,0.0,3689.3099999999904,21517.14
125,Cabo de Santo Agostinho,CAB_L2,Pepsi,6,0.0,0.0,0.0,0.0,0.0,0.0
125,Cabo de Santo Agostinho,CAB_L2,Pepsi,7,0.0,0.0,45965.86,0.0,0.0,45965.86
125,Cabo de Santo Agostinho,CAB_L2,Pepsi,8,0.0,0.0,0.0,0.0,0.0,14696.06
125,Cabo de Santo Agostinho,CAB_L2,Pepsi,9,0.0,0.0,0.0,0.0,0.0,0.0
125,Cabo de Santo Agostinho,CAB_L2,Pepsi,10,0.0,0.0,0.0,0.0,0.0,0.0
125,Cabo de Santo Agostinho,CAB_L2,Pepsi,11,0.0,0.0,0.0,0.0,0.0,0.0
125,Cabo de Santo Agostinho,CAB_L2,Pepsi,12,0.0,0.0,13086.24,0.0,0.0,13086.24
125,Cabo de Santo Agostinho,CAB_L2,Pepsi,13,0.0,0.0,0.0,0.0,0.0,0.0
125,Cabo de Santo Agostinho,CAB_L2,Pepsi,14,0.0,0.0,0.0,0.0,0.0,0.0
125,Cabo de Santo Agostinho,CAB_L2,Pepsi,15,0.0,0.0,0.0,0.0,0.0,0.0
125,Cabo de Santo Agostinho,CAB_L2,Antarctica_Lata,1,0.0,0.0,0.0,0.0,20774.859999999997,0.0
125,Cabo de Santo Agostinho,CAB_L2,Antarctica_Lata,2,0.0,0.0,0.0,0.0,0.0,0.0
125,Cabo de Santo Agostinho,CAB_L2,Antarctica_Lata,3,0.0,0.0,0.0,0.0,0.0,0.0
125,Cabo de Santo Agostinho,CAB_L2,Antarctica_Lata,4,0.0,0.0,0.0,0.0,0.0,0.0
125,Cabo de Santo Agostinho,CAB_L2,Antarctica_Lata,5,0.0,0.0,0.0,0.0,252.59999999998894,0.0
125,Cabo de Santo Agostinho,CAB_L2,Antarctica_Lata,6,0.0,0.0,0.0,5250.24,38064.0,0.0
125,Cabo de Santo Agostinho,CAB_L2,Antarctica_Lata,7,0.0,0.0,0.0,0.0,8529.670000000002,0.0
125,Cabo de Santo Agostinho,CAB_L2,Antarctica_Lata,8,0.0,0.0,0.0,0.0,385.37000000000324,0.0
125,Cabo de Santo Agostinho,CAB_L2,Antarctica_Lata,9,0.0,0.0,0.0,0.0,0.0,0.0
125,Cabo de Santo Agostinho,CAB_L2,Antarctica_Lata,10,0.0,0.0,0.0,0.0,0.0,0.0
125,Cabo de Santo Agostinho,CAB_L2,Antarctica_Lata,11,0.0,0.0,0.0,0.0,0.0,0.0
125,Cabo de Santo Agostinho,CAB_L2,Antarctica_Lata,12,0.0,0.0,0.0,0.0,0.0,0.0
125,Cabo de Santo Agostinho,CAB_L2,Antarctica_Lata,13,0.0,0.0,0.0,0.0,0.0,0.0
125,Cabo de Santo Agostinho,CAB_L2,Antarctica_Lata,14,0.0,0.0,10869.5,0.0,0.0,10869.5
125,Cabo de Santo Agostinho,CAB_L2,Antarctica_Lata,15,0.0,0.0,0.0,0.0,35710.63000000001,0.0
125,Cabo de Santo Agostinho,CAB_L2,Spaten_Lata,1,0.0,0.0,0.0,0.0,0.0,0.0
125,Cabo de Santo Agostinho,CAB_L2,Spaten_Lata,2,0.0,0.0,0.0,0.0,0.0,0.0
125,Cabo de Santo Agostinho,CAB_L2,Spaten_Lata,3,0.0,0.0,0.0,0.0,0.0,0.0
125,Cabo de Santo Agostinho,CAB_L2,Spaten_Lata,4,0.0,0.0,0.0,0.0,0.0,0.0
125,Cabo de Santo Agostinho,CAB_L2,Spaten_Lata,5,0.0,0.0,0.0,0.0,0.0,0.0
125,Cabo de Santo Agostinho,CAB_L2,Spaten_Lata,6,0.0,0.0,22689.72,0.0,0.0,28510.150000000005
125,Cabo de Santo Agostinho,CAB_L2,Spaten_Lata,7,0.0,0.0,0.0,0.0,0.0,0.0
125,Cabo de Santo Agostinho,CAB_L2,Spaten_Lata,8,0.0,0.0,0.0,0.0,5820.430000000004,25919.48
125,Cabo de Santo Agostinho,CAB_L2,Spaten_Lata,9,0.0,0.0,0.0,0.0,0.0,0.0
125,Cabo de Santo Agostinho,CAB_L2,Spaten_Lata,10,0.0,0.0,0.0,0.0,0.0,0.0
125,Cabo de Santo Agostinho,CAB_L2,Spaten_Lata,11,0.0,0.0,0.0,0.0,0.0,0.0
125,Cabo de Santo Agostinho,CAB_L2,Spaten_Lata,12,0.0,0.0,0.0,0.0,0.0,0.0
125,Cabo de Santo Agostinho,CAB_L2,Spaten_Lata,13,0.0,0.0,0.0,0.0,0.0,19710.89
125,Cabo de Santo Agostinho,CAB_L2,Spaten_Lata,14,0.0,0.0,0.0,0.0,0.0,0.0
125,Cabo de Santo Agostinho,CAB_L2,Spaten_Lata,15,0.0,0.0,0.0,0.0,0.0,4976.82
125,Cabo de Santo Agostinho,CAB_L2,Heineken_Lata,1,0.0,0.0,0.0,0.0,0.0,0.0
125,Cabo de Santo Agostinho,CAB_L2,Heineken_Lata,2,0.0,0.0,0.0,0.0,0.0,0.0
125,Cabo de Santo Agostinho,CAB_L2,Heineken_Lata,3,0.0,0.0,0.0,0.0,0.0,0.0
125,Cabo de Santo Agostinho,CAB_L2,Heineken_Lata,4,0.0,0.0,0.0,0.0,0.0,0.0
125,Cabo de Santo Agostinho,CAB_L2,Heineken_Lata,5,0.0,0.0,0.0,0.0,0.0,0.0
125,Cabo de Santo Agostinho,CAB_L2,Heineken_Lata,6,0.0,0.0,0.0,0.0,0.0,0.0
125,Cabo de Santo Agostinho,CAB_L2,Heineken_Lata,7,0.0,0.0,0.0,0.0,0.0,0.0
125,Cabo de Santo Agostinho,CAB_L2,Heineken_Lata,8,0.0,0.0,0.0,0.0,0.0,0.0
125,Cabo de Santo Agostinho,CAB_L2,Heineken_Lata,9,0.0,0.0,0.0,0.0,0.0,0.0
125,Cabo de Santo Agostinho,CAB_L2,Heineken_Lata,10,0.0,0.0,0.0,0.0,0.0,0.0
125,Cabo de Santo Agostinho,CAB_L2,Heineken_Lata,11,0.0,0.0,0.0,0.0,0.0,0.0
125,Cabo de Santo Agostinho,CAB_L2,Heineken_Lata,12,0.0,0.0,0.0,0.0,0.0,0.0
125,Cabo de Santo Agostinho,CAB_L2,Heineken_Lata,13,0.0,0.0,0.0,0.0,0.0,0.0
125,Cabo de Santo Agostinho,CAB_L2,Heineken_Lata,14,0.0,0.0,0.0,0.0,0.0,0.0
125,Cabo de Santo Agostinho,CAB_L2,Heineken_Lata,15,0.0,0.0,0.0,0.0,0.0,0.0
125,Cabo de Santo Agostinho,CAB_L2,Sukita_Laranja,1,0.0,0.0,0.0,0.0,0.0,0.0
125,Cabo de Santo Agostinho,CAB_L2,Sukita_Laranja,2,0.0,0.0,0.0,0.0,0.0,0.0
125,Cabo de Santo Agostinho,CAB_L2,Sukita_Laranja,3,0.0,0.0,0.0,0.0,0.0,0.0
125,Cabo de Santo Agostinho,CAB_L2,Sukita_Laranja,4,0.0,0.0,0.0,0.0,0.0,0.0
125,Cabo de Santo Agostinho,CAB_L2,Sukita_Laranja,5,0.0,0.0,0.0,0.0,0.0,0.0
125,Cabo de Santo Agostinho,CAB_L2,Sukita_Laranja,6,0.0,0.0,0.0,0.0,0.0,0.0
125,Cabo de Santo Agostinho,CAB_L2,Sukita_Laranja,7,0.0,0.0,0.0,0.0,0.0,0.0
125,Cabo de Santo Agostinho,CAB_L2,Sukita_Laranja,8,0.0,0.0,0.0,0.0,0.0,0.0
125,Cabo de Santo Agostinho,CAB_L2,Sukita_Laranja,9,0.0,0.0,0.0,0.0,0.0,0.0
125,Cabo de Santo Agostinho,CAB_L2,Sukita_Laranja,10,0.0,0.0,0.0,0.0,0.0,0.0
125,Cabo de Santo Agostinho,CAB_L2,Sukita_Laranja,11,0.0,0.0,0.0,0.0,0.0,0.0
125,Cabo de Santo Agostinho,CAB_L2,Sukita_Laranja,12,0.0,0.0,0.0,0.0,0.0,0.0
125,Cabo de Santo Agostinho,CAB_L2,Sukita_Laranja,13,0.0,0.0,0.0,0.0,0.0,0.0
125,Cabo de Santo Agostinho,CAB_L2,Sukita_Laranja,14,0.0,0.0,0.0,0.0,0.0,0.0
125,Cabo de Santo Agostinho,CAB_L2,Sukita_Laranja,15,0.0,0.0,0.0,0.0,0.0,0.0
125,Cabo de Santo Agostinho,CAB_L2,H2OH_Limao,1,0.0,0.0,35664.0,12087.800000000003,0.0,35664.0
125,Cabo de Santo Agostinho,CAB_L2,H2OH_Limao,2,0.0,0.0,0.0,0.0,0.0,0.0
125,Cabo de Santo Agostinho,CAB_L2,H2OH_Limao,3,0.0,0.0,0.0,0.0,0.0,0.0
125,Cabo de Santo Agostinho,CAB_L2,H2OH_Limao,4,0.0,0.0,0.0,0.0,0.0,0.0
125,Cabo de Santo Agostinho,CAB_L2,H2OH_Limao,5,0.0,0.0,0.0,0.0,0.0,559.2300000000105
125,Cabo de Santo Agostinho,CAB_L2,H2OH_Limao,6,0.0,0.0,0.0,0.0,0.0,0.0
125,Cabo de Santo Agostinho,CAB_L2,H2OH_Limao,7,0.0,0.0,0.0,0.0,0.0,0.0
125,Cabo de Santo Agostinho,CAB_L2,H2OH_Limao,8,0.0,0.0,0.0,0.0,0.0,0.0
125,Cabo de Santo Agostinho,CAB_L2,H2OH_Limao,9,0.0,0.0,0.0,0.0,0.0,0.0
125,Cabo de Santo Agostinho,CAB_L2,H2OH_Limao,10,0.0,0.0,0.0,0.0,0.0,0.0
125,Cabo de Santo Agostinho,CAB_L2,H2OH_Limao,11,0.0,0.0,0.0,0.0,0.0,0.0
125,Cabo de Santo Agostinho,CAB_L2,H2OH_Limao,12,0.0,0.0,0.0,0.0,0.0,0.0
125,Cabo de Santo Agostinho,CAB_L2,H2OH_Limao,13,0.0,0.0,0.0,0.0,0.0,0.0
125,Cabo de Santo Agostinho,CAB_L2,H2OH_Limao,14,0.0,0.0,0.0,0.0,0.0,0.0
125,Cabo de Santo Agostinho,CAB_L2,H2OH_Limao,15,0.0,0.0,0.0,0.0,0.0,0.0
125,Cabo de Santo Agostinho,CAB_L2,Budweiser_Lata,1,0.0,0.0,0.0,0.0,0.0,0.0
125,Cabo de Santo Agostinho,CAB_L2,Budweiser_Lata,2,0.0,0.0,0.0,0.0,0.0,16199.05
125,Cabo de Santo Agostinho,CAB_L2,Budweiser_Lata,3,0.0,0.0,0.0,0.0,0.0,0.0
125,Cabo de Santo Agostinho,CAB_L2,Budweiser_Lata,4,0.0,0.0,0.0,0.0,0.0,0.0
125,Cabo de Santo Agostinho,CAB_L2,Budweiser_Lata,5,0.0,0.0,0.0,0.0,0.0,0.0
125,Cabo de Santo Agostinho,CAB_L2,Budweiser_Lata,6,0.0,0.0,0.0,0.0,0.0,0.0
125,Cabo de Santo Agostinho,CAB_L2,Budweiser_Lata,7,0.0,0.0,0.0,0.0,0.0,0.0
125,Cabo de Santo Agostinho,CAB_L2,Budweiser_Lata,8,0.0,0.0,0.0,0.0,0.0,0.0
125,Cabo de Santo Agostinho,CAB_L2,Budweiser_Lata,9,0.0,0.0,0.0,0.0,0.0,0.0
125,Cabo de Santo Agostinho,CAB_L2,Budweiser_Lata,10,0.0,0.0,0.0,0.0,0.0,46621.93
125,Cabo de Santo Agostinho,CAB_L2,Budweiser_Lata,11,0.0,0.0,0.0,0.0,0.0,0.0
125,Cabo de Santo Agostinho,CAB_L2,Budweiser_Lata,12,0.0,0.0,0.0,0.0,0.0,0.0
125,Cabo de Santo Agostinho,CAB_L2,Budweiser_Lata,13,0.0,0.0,7759.46,0.0,0.0,7759.46
125,Cabo de Santo Agostinho,CAB_L2,Budweiser_Lata,14,0.0,0.0,0.0,0.0,0.0,0.0
125,Cabo de Santo Agostinho,CAB_L2,Budweiser_Lata,15,0.0,0.0,0.0,0.0,0.0,0.0
125,Cabo de Santo Agostinho,CAB_L2,Kuat,1,0.0,0.0,0.0,0.0,0.0,0.0
125,Cabo de Santo Agostinho,CAB_L2,Kuat,2,0.0,0.0,0.0,0.0,0.0,0.0
125,Cabo de Santo Agostinho,CAB_L2,Kuat,3,0.0,0.0,0.0,0.0,0.0,0.0
125,Cabo de Santo Agostinho,CAB_L2,Kuat,4,0.0,0.0,0.0,0.0,0.0,0.0
125,Cabo de Santo Agostinho,CAB_L2,Kuat,5,0.0,0.0,0.0,0.0,0.0,0.0
125,Cabo de Santo Agostinho,CAB_L2,Kuat,6,0.0,0.0,0.0,0.0,0.0,0.0
125,Cabo de Santo Agostinho,CAB_L2,Kuat,7,0.0,0.0,0.0,0.0,0.0,0.0
125,Cabo de Santo Agostinho,CAB_L2,Kuat,8,0.0,0.0,0.0,0.0,0.0,0.0
125,Cabo de Santo Agostinho,CAB_L2,Kuat,9,0.0,0.0,0.0,0.0,0.0,0.0
125,Cabo de Santo Agostinho,CAB_L2,Kuat,10,0.0,0.0,0.0,0.0,0.0,0.0
125,Cabo de Santo Agostinho,CAB_L2,Kuat,11,0.0,0.0,0.0,0.0,0.0,0.0
125,Cabo de Santo Agostinho,CAB_L2,Kuat,12,0.0,0.0,0.0,0.0,0.0,0.0
125,Cabo de Santo Agostinho,CAB_L2,Kuat,13,0.0,0.0,0.0,0.0,0.0,0.0
125,Cabo de Santo Agostinho,CAB_L2,Kuat,14,0.0,0.0,0.0,0.0,0.0,0.0
125,Cabo de Santo Agostinho,CAB_L2,Kuat,15,0.0,0.0,0.0,0.0,0.0,0.0
125,Cabo de Santo Agostinho,CAB_L2,Fanta_Uva,1,0.0,0.0,0.0,0.0,0.0,0.0
125,Cabo de Santo Agostinho,CAB_L2,Fanta_Uva,2,0.0,0.0,0.0,0.0,0.0,0.0
125,Cabo de Santo Agostinho,CAB_L2,Fanta_Uva,3,0.0,0.0,0.0,0.0,0.0,0.0
125,Cabo de Santo Agostinho,CAB_L2,Fanta_Uva,4,0.0,0.0,0.0,0.0,0.0,0.0
125,Cabo de Santo Agostinho,CAB_L2,Fanta_Uva,5,0.0,0.0,0.0,0.0,0.0,0.0
125,Cabo de Santo Agostinho,CAB_L2,Fanta_Uva,6,0.0,0.0,0.0,0.0,0.0,0.0
125,Cabo de Santo Agostinho,CAB_L2,Fanta_Uva,7,0.0,0.0,0.0,0.0,0.0,0.0
125,Cabo de Santo Agostinho,CAB_L2,Fanta_Uva,8,0.0,0.0,0.0,0.0,0.0,0.0
125,Cabo de Santo Agostinho,CAB_L2,Fanta_Uva,9,0.0,0.0,0.0,0.0,0.0,0.0
125,Cabo de Santo Agostinho,CAB_L2,Fanta_Uva,10,0.0,0.0,0.0,0.0,0.0,0.0
125,Cabo de Santo Agostinho,CAB_L2,Fanta_Uva,11,0.0,0.0,0.0,0.0,0.0,0.0
125,Cabo de Santo Agostinho,CAB_L2,Fanta_Uva,12,0.0,0.0,0.0,0.0,0.0,0.0
125,Cabo de Santo Agostinho,CAB_L2,Fanta_Uva,13,0.0,0.0,0.0,0.0,0.0,0.0
125,Cabo de Santo Agostinho,CAB_L2,Fanta_Uva,14,0.0,0.0,0.0,0.0,7163.010000000002,7163.010000000002
125,Cabo de Santo Agostinho,CAB_L2,Fanta_Uva,15,0.0,0.0,0.0,0.0,0.0,0.0
125,Cabo de Santo Agostinho,CAB_L2,Sprite,1,0.0,0.0,0.0,0.0,0.0,0.0
125,Cabo de Santo Agostinho,CAB_L2,Sprite,2,0.0,0.0,0.0,48224.8,0.0,0.0
125,Cabo de Santo Agostinho,CAB_L2,Sprite,3,0.0,0.0,0.0,0.0,0.0,0.0
125,Cabo de Santo Agostinho,CAB_L2,Sprite,4,0.0,0.0,0.0,0.0,0.0,0.0
125,Cabo de Santo Agostinho,CAB_L2,Sprite,5,0.0,0.0,0.0,0.0,0.0,0.0
125,Cabo de Santo Agostinho,CAB_L2,Sprite,6,0.0,0.0,0.0,0.0,0.0,0.0
125,Cabo de Santo Agostinho,CAB_L2,Sprite,7,0.0,0.0,0.0,0.0,0.0,0.0
125,Cabo de Santo Agostinho,CAB_L2,Sprite,8,0.0,0.0,0.0,0.0,0.0,0.0
125,Cabo de Santo Agostinho,CAB_L2,Sprite,9,0.0,0.0,34396.060000000005,10392.709999999992,0.0,34396.060000000005
125,Cabo de Santo Agostinho,CAB_L2,Sprite,10,0.0,0.0,0.0,0.0,0.0,0.0
125,Cabo de Santo Agostinho,CAB_L2,Sprite,11,0.0,0.0,0.0,0.0,0.0,0.0
125,Cabo de Santo Agostinho,CAB_L2,Sprite,12,0.0,0.0,0.0,0.0,0.0,0.0
125,Cabo de Santo Agostinho,CAB_L2,Sprite,13,0.0,0.0,0.0,0.0,0.0,0.0
125,Cabo de Santo Agostinho,CAB_L2,Sprite,14,0.0,0.0,0.0,0.0,0.0,0.0
125,Cabo de Santo Agostinho,CAB_L2,Sprite,15,0.0,0.0,0.0,0.0,0.0,0.0
125,Cabo de Santo Agostinho,CAB_L2,Skol_Lata,1,0.0,0.0,0.0,0.0,0.0,14062.76
125,Cabo de Santo Agostinho,CAB_L2,Skol_Lata,2,0.0,0.0,0.0,0.0,0.0,0.0
125,Cabo de Santo Agostinho,CAB_L2,Skol_Lata,3,0.0,0.0,0.0,0.0,0.0,0.0
125,Cabo de Santo Agostinho,CAB_L2,Skol_Lata,4,0.0,0.0,0.0,0.0,0.0,14013.43
125,Cabo de Santo Agostinho,CAB_L2,Skol_Lata,5,0.0,0.0,0.0,0.0,0.0,6322.72
125,Cabo de Santo Agostinho,CAB_L2,Skol_Lata,6,0.0,0.0,0.0,0.0,0.0,0.0
125,Cabo de Santo Agostinho,CAB_L2,Skol_Lata,7,0.0,0.0,0.0,0.0,0.0,0.0
125,Cabo de Santo Agostinho,CAB_L2,Skol_Lata,8,0.0,0.0,0.0,0.0,0.0,0.0
125,Cabo de Santo Agostinho,CAB_L2,Skol_Lata,9,0.0,0.0,0.0,0.0,0.0,0.0
125,Cabo de Santo Agostinho,CAB_L2,Skol_Lata,10,0.0,0.0,0.0,0.0,0.0,0.0
125,Cabo de Santo Agostinho,CAB_L2,Skol_Lata,11,0.0,0.0,0.0,0.0,0.0,49016.77
125,Cabo de Santo Agostinho,CAB_L2,Skol_Lata,12,0.0,0.0,0.0,0.0,0.0,0.0
125,Cabo de Santo Agostinho,CAB_L2,Skol_Lata,13,0.0,0.0,0.0,0.0,0.0,0.0
125,Cabo de Santo Agostinho,CAB_L2,Skol_Lata,14,0.0,0.0,0.0,0.0,0.0,0.0
125,Cabo de Santo Agostinho,CAB_L2,Skol_Lata,15,0.0,0.0,0.0,0.0,0.0,0.0
125,Cabo de Santo Agostinho,CAB_L2,Guarana_Antarctica,1,0.0,0.0,0.0,0.0,0.0,0.0
125,Cabo de Santo Agostinho,CAB_L2,Guarana_Antarctica,2,0.0,0.0,0.0,0.0,0.0,6205.940000000002
125,Cabo de Santo Agostinho,CAB_L2,Guarana_Antarctica,3,0.0,0.0,0.0,0.0,0.0,0.0
125,Cabo de Santo Agostinho,CAB_L2,Guarana_Antarctica,4,0.0,0.0,0.0,0.0,0.0,0.0
125,Cabo de Santo Agostinho,CAB_L2,Guarana_Antarctica,5,0.0,0.0,0.0,0.0,0.0,0.0
125,Cabo de Santo Agostinho,CAB_L2,Guarana_Antarctica,6,0.0,0.0,0.0,0.0,0.0,0.0
125,Cabo de Santo Agostinho,CAB_L2,Guarana_Antarctica,7,0.0,0.0,0.0,0.0,0.0,0.0
125,Cabo de Santo Agostinho,CAB_L2,Guarana_Antarctica,8,0.0,0.0,0.0,0.0,0.0,0.0
125,Cabo de Santo Agostinho,CAB_L2,Guarana_Antarctica,9,0.0,0.0,0.0,0.0,0.0,0.0
125,Cabo de Santo Agostinho,CAB_L2,Guarana_Antarctica,10,0.0,0.0,0.0,0.0,0.0,0.0
125,Cabo de Santo Agostinho,CAB_L2,Guarana_Antarctica,11,0.0,0.0,0.0,0.0,0.0,0.0
125,Cabo de Santo Agostinho,CAB_L2,Guarana_Antarctica,12,0.0,0.0,0.0,0.0,0.0,0.0
125,Cabo de Santo Agostinho,CAB_L2,Guarana_Antarctica,13,0.0,0.0,0.0,0.0,0.0,0.0
125,Cabo de Santo Agostinho,CAB_L2,Guarana_Antarctica,14,0.0,0.0,0.0,0.0,0.0,0.0
125,Cabo de Santo Agostinho,CAB_L2,Guarana_Antarctica,15,0.0,0.0,0.0,0.0,0.0,0.0
125,Cabo de Santo Agostinho,CAB_L2,Guarana_Antarctica_Zero,1,0.0,0.0,0.0,0.0,19065.14,0.0
125,Cabo de Santo Agostinho,CAB_L2,Guarana_Antarctica_Zero,2,0.0,0.0,0.0,0.0,18063.05000000008,0.0
125,Cabo de Santo Agostinho,CAB_L2,Guarana_Antarctica_Zero,3,0.0,0.0,0.0,0.0,39312.0,0.0
125,Cabo de Santo Agostinho,CAB_L2,Guarana_Antarctica_Zero,4,0.0,0.0,0.0,0.0,0.0,0.0
125,Cabo de Santo Agostinho,CAB_L2,Guarana_Antarctica_Zero,5,0.0,0.0,0.0,0.0,0.0,0.0
125,Cabo de Santo Agostinho,CAB_L2,Guarana_Antarctica_Zero,6,0.0,0.0,0.0,0.0,36792.0,48324.12
125,Cabo de Santo Agostinho,CAB_L2,Guarana_Antarctica_Zero,7,0.0,0.0,0.0,0.0,38616.0,0.0
125,Cabo de Santo Agostinho,CAB_L2,Guarana_Antarctica_Zero,8,0.0,0.0,0.0,0.0,27147.79,0.0
125,Cabo de Santo Agostinho,CAB_L2,Guarana_Antarctica_Zero,9,0.0,0.0,0.0,0.0,0.0,0.0
125,Cabo de Santo Agostinho,CAB_L2,Guarana_Antarctica_Zero,10,0.0,0.0,0.0,0.0,36398.009999999995,0.0
125,Cabo de Santo Agostinho,CAB_L2,Guarana_Antarctica_Zero,11,0.0,0.0,30992.86,0.0,39024.0,30992.86
125,Cabo de Santo Agostinho,CAB_L2,Guarana_Antarctica_Zero,12,0.0,0.0,0.0,0.0,29078.380000000005,0.0
125,Cabo de Santo Agostinho,CAB_L2,Guarana_Antarctica_Zero,13,0.0,0.0,0.0,0.0,0.0,0.0
125,Cabo de Santo Agostinho,CAB_L2,Guarana_Antarctica_Zero,14,0.0,0.0,15044.95,0.0,0.0,22808.969999999998
125,Cabo de Santo Agostinho,CAB_L2,Guarana_Antarctica_Zero,15,0.0,0.0,0.0,0.0,29680.63,0.0
125,Cabo de Santo Agostinho,CAB_L2,Del_Valle_Uva,1,0.0,0.0,0.0,0.0,0.0,0.0
125,Cabo de Santo Agostinho,CAB_L2,Del_Valle_Uva,2,0.0,0.0,0.0,0.0,1563.5600000000031,1563.5600000000031
125,Cabo de Santo Agostinho,CAB_L2,Del_Valle_Uva,3,0.0,0.0,0.0,0.0,0.0,0.0
125,Cabo de Santo Agostinho,CAB_L2,Del_Valle_Uva,4,0.0,0.0,0.0,0.0,0.0,0.0
125,Cabo de Santo Agostinho,CAB_L2,Del_Valle_Uva,5,0.0,0.0,0.0,0.0,0.0,0.0
125,Cabo de Santo Agostinho,CAB_L2,Del_Valle_Uva,6,0.0,0.0,0.0,0.0,0.0,0.0
125,Cabo de Santo Agostinho,CAB_L2,Del_Valle_Uva,7,0.0,0.0,0.0,0.0,0.0,0.0
125,Cabo de Santo Agostinho,CAB_L2,Del_Valle_Uva,8,0.0,0.0,0.0,0.0,0.0,0.0
125,Cabo de Santo Agostinho,CAB_L2,Del_Valle_Uva,9,0.0,0.0,4529.6,0.0,0.0,4529.6
125,Cabo de Santo Agostinho,CAB_L2,Del_Valle_Uva,10,0.0,0.0,0.0,0.0,24052.199999999997,24052.199999999997
125,Cabo de Santo Agostinho,CAB_L2,Del_Valle_Uva,11,0.0,0.0,0.0,0.0,0.0,0.0
125,Cabo de Santo Agostinho,CAB_L2,Del_Valle_Uva,12,0.0,0.0,0.0,0.0,0.0,0.0
125,Cabo de Santo Agostinho,CAB_L2,Del_Valle_Uva,13,0.0,0.0,0.0,0.0,0.0,15418.98
125,Cabo de Santo Agostinho,CAB_L2,Del_Valle_Uva,14,0.0,0.0,0.0,0.0,0.0,0.0
125,Cabo de Santo Agostinho,CAB_L2,Del_Valle_Uva,15,0.0,0.0,0.0,0.0,0.0,0.0
125,Cabo de Santo Agostinho,CAB_L2,Brahma_Lata,1,0.0,0.0,0.0,0.0,0.0,0.0
125,Cabo de Santo Agostinho,CAB_L2,Brahma_Lata,2,0.0,0.0,0.0,0.0,0.0,0.0
125,Cabo de Santo Agostinho,CAB_L2,Brahma_Lata,3,0.0,0.0,0.0,0.0,0.0,0.0
125,Cabo de Santo Agostinho,CAB_L2,Brahma_Lata,4,0.0,0.0,0.0,0.0,0.0,17086.06
125,Cabo de Santo Agostinho,CAB_L2,Brahma_Lata,5,0.0,0.0,0.0,41052.14,0.0,0.0
125,Cabo de Santo Agostinho,CAB_L2,Brahma_Lata,6,0.0,0.0,0.0,0.0,0.0,3817.88
125,Cabo de Santo Agostinho,CAB_L2,Brahma_Lata,7,0.0,0.0,0.0,0.0,0.0,0.0
125,Cabo de Santo Agostinho,CAB_L2,Brahma_Lata,8,0.0,0.0,0.0,0.0,0.0,0.0
125,Cabo de Santo Agostinho,CAB_L2,Brahma_Lata,9,0.0,0.0,0.0,0.0,0.0,0.0
125,Cabo de Santo Agostinho,CAB_L2,Brahma_Lata,10,0.0,0.0,0.0,0.0,0.0,0.0
125,Cabo de Santo Agostinho,CAB_L2,Brahma_Lata,11,0.0,0.0,0.0,0.0,0.0,0.0
125,Cabo de Santo Agostinho,CAB_L2,Brahma_Lata,12,0.0,0.0,0.0,0.0,0.0,0.0
125,Cabo de Santo Agostinho,CAB_L2,Brahma_Lata,13,0.0,0.0,0.0,0.0,0.0,0.0
125,Cabo de Santo Agostinho,CAB_L2,Brahma_Lata,14,0.0,0.0,0.0,0.0,0.0,0.0
125,Cabo de Santo Agostinho,CAB_L2,Brahma_Lata,15,0.0,0.0,0.0,0.0,0.0,0.0
125,Cabo de Santo Agostinho,CAB_L2,Itaipava_Lata,1,0.0,0.0,0.0,0.0,0.0,0.0
125,Cabo de Santo Agostinho,CAB_L2,Itaipava_Lata,2,0.0,0.0,0.0,0.0,0.0,0.0
125,Cabo de Santo Agostinho,CAB_L2,Itaipava_Lata,3,0.0,0.0,0.0,0.0,0.0,0.0
125,Cabo de Santo Agostinho,CAB_L2,Itaipava_Lata,4,0.0,0.0,0.0,0.0,0.0,0.0
125,Cabo de Santo Agostinho,CAB_L2,Itaipava_Lata,5,0.0,0.0,0.0,0.0,0.0,0.0
125,Cabo de Santo Agostinho,CAB_L2,Itaipava_Lata,6,0.0,0.0,0.0,0.0,0.0,0.0
125,Cabo de Santo Agostinho,CAB_L2,Itaipava_Lata,7,0.0,0.0,0.0,0.0,0.0,0.0
125,Cabo de Santo Agostinho,CAB_L2,Itaipava_Lata,8,0.0,0.0,0.0,0.0,0.0,0.0
125,Cabo de Santo Agostinho,CAB_L2,Itaipava_Lata,9,0.0,0.0,0.0,0.0,0.0,0.0
125,Cabo de Santo Agostinho,CAB_L2,Itaipava_Lata,10,0.0,0.0,0.0,0.0,0.0,0.0
125,Cabo de Santo Agostinho,CAB_L2,Itaipava_Lata,11,0.0,0.0,0.0,0.0,0.0,0.0
125,Cabo de Santo Agostinho,CAB_L2,Itaipava_Lata,12,0.0,0.0,0.0,0.0,0.0,0.0
125,Cabo de Santo Agostinho,CAB_L2,Itaipava_Lata,13,0.0,0.0,0.0,0.0,0.0,0.0
125,Cabo de Santo Agostinho,CAB_L2,Itaipava_Lata,14,0.0,0.0,0.0,0.0,0.0,0.0
125,Cabo de Santo Agostinho,CAB_L2,Itaipava_Lata,15,0.0,0.0,0.0,0.0,0.0,0.0
125,Cabo de Santo Agostinho,CAB_L3,Maguary_Maracuja,1,0.0,0.0,0.0,0.0,0.0,0.0
125,Cabo de Santo Agostinho,CAB_L3,Maguary_Maracuja,2,0.0,0.0,0.0,0.0,0.0,34358.2
125,Cabo de Santo Agostinho,CAB_L3,Maguary_Maracuja,3,0.0,0.0,0.0,0.0,0.0,0.0
125,Cabo de Santo Agostinho,CAB_L3,Maguary_Maracuja,4,0.0,0.0,0.0,0.0,0.0,0.0
125,Cabo de Santo Agostinho,CAB_L3,Maguary_Maracuja,5,0.0,0.0,0.0,0.0,0.0,0.0
125,Cabo de Santo Agostinho,CAB_L3,Maguary_Maracuja,6,0.0,0.0,0.0,0.0,0.0,0.0
125,Cabo de Santo Agostinho,CAB_L3,Maguary_Maracuja,7,0.0,0.0,13236.12,0.0,0.0,55787.3
125,Cabo de Santo Agostinho,CAB_L3,Maguary_Maracuja,8,0.0,0.0,0.0,0.0,0.0,36199.2
125,Cabo de Santo Agostinho,CAB_L3,Maguary_Maracuja,9,0.0,0.0,14586.23,0.0,0.0,31559.52
125,Cabo de Santo Agostinho,CAB_L3,Maguary_Maracuja,10,0.0,0.0,0.0,0.0,0.0,0.0
125,Cabo de Santo Agostinho,CAB_L3,Maguary_Maracuja,11,0.0,0.0,0.0,0.0,0.0,4272.59
125,Cabo de Santo Agostinho,CAB_L3,Maguary_Maracuja,12,0.0,0.0,0.0,0.0,0.0,0.0
125,Cabo de Santo Agostinho,CAB_L3,Maguary_Maracuja,13,0.0,0.0,0.0,0.0,0.0,10549.34
125,Cabo de Santo Agostinho,CAB_L3,Maguary_Maracuja,14,0.0,0.0,0.0,0.0,0.0,0.0
125,Cabo de Santo Agostinho,CAB_L3,Maguary_Maracuja,15,0.0,0.0,0.0,0.0,0.0,0.0
125,Cabo de Santo Agostinho,CAB_L3,Fanta_Laranja,1,0.0,0.0,0.0,0.0,0.0,0.0
125,Cabo de Santo Agostinho,CAB_L3,Fanta_Laranja,2,0.0,0.0,166.69,0.0,0.0,166.69
125,Cabo de Santo Agostinho,CAB_L3,Fanta_Laranja,3,0.0,0.0,35774.36,0.0,0.0,35774.36
125,Cabo de Santo Agostinho,CAB_L3,Fanta_Laranja,4,40152.0,0.0,0.0,0.0,40152.00000000001,0.0
125,Cabo de Santo Agostinho,CAB_L3,Fanta_Laranja,5,8210.699999999997,0.0,10467.4,0.0,6013.660000000005,2256.7000000000025
125,Cabo de Santo Agostinho,CAB_L3,Fanta_Laranja,6,0.0,0.0,0.0,0.0,0.0,0.0
125,Cabo de Santo Agostinho,CAB_L3,Fanta_Laranja,7,0.0,0.0,34264.07,0.0,8857.699999999999,34264.07
125,Cabo de Santo Agostinho,CAB_L3,Fanta_Laranja,8,0.0,0.0,0.0,0.0,0.0,0.0
125,Cabo de Santo Agostinho,CAB_L3,Fanta_Laranja,9,8434.82999999995,0.0,0.0,0.0,8434.82999999995,0.0
125,Cabo de Santo Agostinho,CAB_L3,Fanta_Laranja,10,2505.990000000005,0.0,0.0,0.0,2505.990000000005,0.0
125,Cabo de Santo Agostinho,CAB_L3,Fanta_Laranja,11,0.0,0.0,0.0,0.0,0.0,44232.12
125,Cabo de Santo Agostinho,CAB_L3,Fanta_Laranja,12,0.0,0.0,0.0,0.0,0.0,18141.35
125,Cabo de Santo Agostinho,CAB_L3,Fanta_Laranja,13,0.0,0.0,0.0,0.0,0.0,0.0
125,Cabo de Santo Agostinho,CAB_L3,Fanta_Laranja,14,0.0,0.0,0.0,0.0,0.0,0.0
125,Cabo de Santo Agostinho,CAB_L3,Fanta_Laranja,15,1319.3700000000008,0.0,0.0,0.0,1319.3700000000008,0.0
125,Cabo de Santo Agostinho,CAB_L3,Schweppes_Citrus,1,0.0,0.0,8454.36,0.0,71990.83,8454.36
125,Cabo de Santo Agostinho,CAB_L3,Schweppes_Citrus,2,0.0,0.0,0.0,0.0,40992.0,0.0
125,Cabo de Santo Agostinho,CAB_L3,Schweppes_Citrus,3,0.0,0.0,0.0,0.0,40728.0,0.0
125,Cabo de Santo Agostinho,CAB_L3,Schweppes_Citrus,4,0.0,0.0,0.0,0.0,38640.0,0.0
125,Cabo de Santo Agostinho,CAB_L3,Schweppes_Citrus,5,0.0,0.0,6695.6,0.0,38952.0,6695.6
125,Cabo de Santo Agostinho,CAB_L3,Schweppes_Citrus,6,0.0,0.0,0.0,0.0,40728.0,0.0
125,Cabo de Santo Agostinho,CAB_L3,Schweppes_Citrus,7,0.0,0.0,0.0,0.0,37752.0,0.0
125,Cabo de Santo Agostinho,CAB_L3,Schweppes_Citrus,8,0.0,0.0,0.0,0.0,19110.56,0.0
125,Cabo de Santo Agostinho,CAB_L3,Schweppes_Citrus,9,0.0,0.0,0.0,0.0,38709.99,12750.46
125,Cabo de Santo Agostinho,CAB_L3,Schweppes_Citrus,10,0.0,0.0,0.0,0.0,21435.64,0.0
125,Cabo de Santo Agostinho,CAB_L3,Schweppes_Citrus,11,0.0,0.0,0.0,0.0,36048.0,0.0
125,Cabo de Santo Agostinho,CAB_L3,Schweppes_Citrus,12,0.0,0.0,0.0,0.0,37103.99999999999,0.0
125,Cabo de Santo Agostinho,CAB_L3,Schweppes_Citrus,13,0.0,0.0,0.0,0.0,37872.0,0.0
125,Cabo de Santo Agostinho,CAB_L3,Schweppes_Citrus,14,0.0,0.0,0.0,0.0,16717.4,17169.160000000003
125,Cabo de Santo Agostinho,CAB_L3,Schweppes_Citrus,15,0.0,0.0,0.0,0.0,39144.0,0.0
125,Cabo de Santo Agostinho,CAB_L3,Sprite_Zero,1,0.0,0.0,0.0,0.0,0.0,0.0
125,Cabo de Santo Agostinho,CAB_L3,Sprite_Zero,2,0.0,0.0,0.0,0.0,0.0,0.0
125,Cabo de Santo Agostinho,CAB_L3,Sprite_Zero,3,0.0,0.0,0.0,0.0,13379.17,13379.17
125,Cabo de Santo Agostinho,CAB_L3,Sprite_Zero,4,0.0,0.0,0.0,0.0,0.0,0.0
125,Cabo de Santo Agostinho,CAB_L3,Sprite_Zero,5,0.0,0.0,0.0,0.0,0.0,0.0
125,Cabo de Santo Agostinho,CAB_L3,Sprite_Zero,6,0.0,0.0,0.0,0.0,0.0,0.0
125,Cabo de Santo Agostinho,CAB_L3,Sprite_Zero,7,0.0,0.0,0.0,0.0,0.0,0.0
125,Cabo de Santo Agostinho,CAB_L3,Sprite_Zero,8,0.0,0.0,805.58,0.0,0.0,805.58
125,Cabo de Santo Agostinho,CAB_L3,Sprite_Zero,9,0.0,0.0,0.0,0.0,0.0,0.0
125,Cabo de Santo Agostinho,CAB_L3,Sprite_Zero,10,0.0,0.0,0.0,0.0,0.0,0.0
125,Cabo de Santo Agostinho,CAB_L3,Sprite_Zero,11,0.0,0.0,0.0,0.0,0.0,0.0
125,Cabo de Santo Agostinho,CAB_L3,Sprite_Zero,12,0.0,0.0,0.0,0.0,0.0,0.0
125,Cabo de Santo Agostinho,CAB_L3,Sprite_Zero,13,0.0,0.0,0.0,0.0,0.0,0.0
125,Cabo de Santo Agostinho,CAB_L3,Sprite_Zero,14,0.0,0.0,0.0,0.0,0.0,0.0
125,Cabo de Santo Agostinho,CAB_L3,Sprite_Zero,15,0.0,0.0,0.0,0.0,0.0,0.0
125,Cabo de Santo Agostinho,CAB_L3,Eisenbahn_Pilsen,1,0.0,0.0,0.0,0.0,0.0,0.0
125,Cabo de Santo Agostinho,CAB_L3,Eisenbahn_Pilsen,2,0.0,0.0,0.0,0.0,39192.0,0.0
125,Cabo de Santo Agostinho,CAB_L3,Eisenbahn_Pilsen,3,0.0,0.0,0.0,0.0,37008.0,0.0
125,Cabo de Santo Agostinho,CAB_L3,Eisenbahn_Pilsen,4,0.0,0.0,0.0,0.0,37704.00000000001,0.0
125,Cabo de Santo Agostinho,CAB_L3,Eisenbahn_Pilsen,5,0.0,0.0,0.0,0.0,35421.740000000005,0.0
125,Cabo de Santo Agostinho,CAB_L3,Eisenbahn_Pilsen,6,0.0,0.0,0.0,0.0,0.0,0.0
125,Cabo de Santo Agostinho,CAB_L3,Eisenbahn_Pilsen,7,0.0,0.0,0.0,0.0,20532.63,0.0
125,Cabo de Santo Agostinho,CAB_L3,Eisenbahn_Pilsen,8,0.0,0.0,0.0,0.0,40534.62999999999,0.0
125,Cabo de Santo Agostinho,CAB_L3,Eisenbahn_Pilsen,9,0.0,0.0,0.0,0.0,39072.0,0.0
125,Cabo de Santo Agostinho,CAB_L3,Eisenbahn_Pilsen,10,0.0,0.0,0.0,0.0,40680.0,0.0
125,Cabo de Santo Agostinho,CAB_L3,Eisenbahn_Pilsen,11,0.0,0.0,0.0,0.0,38208.0,9145.19
125,Cabo de Santo Agostinho,CAB_L3,Eisenbahn_Pilsen,12,0.0,0.0,0.0,0.0,39384.0,0.0
125,Cabo de Santo Agostinho,CAB_L3,Eisenbahn_Pilsen,13,0.0,0.0,0.0,0.0,37776.0,38544.56
125,Cabo de Santo Agostinho,CAB_L3,Eisenbahn_Pilsen,14,0.0,0.0,0.0,0.0,33444.840000000004,0.0
125,Cabo de Santo Agostinho,CAB_L3,Eisenbahn_Pilsen,15,0.0,0.0,0.0,0.0,685.7999999999811,0.0
125,Cabo de Santo Agostinho,CAB_L3,Del_Valle_Pessego,1,0.0,0.0,0.0,0.0,0.0,0.0
125,Cabo de Santo Agostinho,CAB_L3,Del_Valle_Pessego,2,0.0,0.0,0.0,0.0,0.0,0.0
125,Cabo de Santo Agostinho,CAB_L3,Del_Valle_Pessego,3,0.0,0.0,0.0,0.0,0.0,0.0
125,Cabo de Santo Agostinho,CAB_L3,Del_Valle_Pessego,4,0.0,0.0,0.0,0.0,0.0,0.0
125,Cabo de Santo Agostinho,CAB_L3,Del_Valle_Pessego,5,0.0,0.0,0.0,0.0,0.0,0.0
125,Cabo de Santo Agostinho,CAB_L3,Del_Valle_Pessego,6,0.0,0.0,0.0,0.0,0.0,0.0
125,Cabo de Santo Agostinho,CAB_L3,Del_Valle_Pessego,7,0.0,0.0,0.0,0.0,0.0,0.0
125,Cabo de Santo Agostinho,CAB_L3,Del_Valle_Pessego,8,0.0,0.0,0.0,0.0,0.0,0.0
125,Cabo de Santo Agostinho,CAB_L3,Del_Valle_Pessego,9,0.0,0.0,0.0,0.0,0.0,0.0
125,Cabo de Santo Agostinho,CAB_L3,Del_Valle_Pessego,10,0.0,0.0,0.0,0.0,0.0,0.0
125,Cabo de Santo Agostinho,CAB_L3,Del_Valle_Pessego,11,0.0,0.0,0.0,0.0,0.0,0.0
125,Cabo de Santo Agostinho,CAB_L3,Del_Valle_Pessego,12,0.0,0.0,0.0,0.0,0.0,4493.470000000001
125,Cabo de Santo Agostinho,CAB_L3,Del_Valle_Pessego,13,0.0,0.0,0.0,0.0,0.0,0.0
125,Cabo de Santo Agostinho,CAB_L3,Del_Valle_Pessego,14,0.0,0.0,0.0,0.0,0.0,0.0
125,Cabo de Santo Agostinho,CAB_L3,Del_Valle_Pessego,15,0.0,0.0,0.0,0.0,0.0,0.0
125,Cabo de Santo Agostinho,CAB_L3,Coca_Cola,1,0.0,0.0,0.0,25373.65,0.0,0.0
125,Cabo de Santo Agostinho,CAB_L3,Coca_Cola,2,0.0,0.0,0.0,0.0,0.0,0.0
125,Cabo de Santo Agostinho,CAB_L3,Coca_Cola,3,0.0,0.0,0.0,11764.63,0.0,0.0
125,Cabo de Santo Agostinho,CAB_L3,Coca_Cola,4,0.0,0.0,0.0,0.0,0.0,0.0
125,Cabo de Santo Agostinho,CAB_L3,Coca_Cola,5,0.0,0.0,0.0,0.0,0.0,0.0
125,Cabo de Santo Agostinho,CAB_L3,Coca_Cola,6,0.0,0.0,0.0,3350.64,0.0,0.0
125,Cabo de Santo Agostinho,CAB_L3,Coca_Cola,7,0.0,0.0,0.0,0.0,0.0,0.0
125,Cabo de Santo Agostinho,CAB_L3,Coca_Cola,8,0.0,0.0,0.0,0.0,0.0,0.0
125,Cabo de Santo Agostinho,CAB_L3,Coca_Cola,9,0.0,0.0,0.0,0.0,0.0,0.0
125,Cabo de Santo Agostinho,CAB_L3,Coca_Cola,10,0.0,0.0,0.0,0.0,0.0,0.0
125,Cabo de Santo Agostinho,CAB_L3,Coca_Cola,11,0.0,0.0,0.0,0.0,0.0,0.0
125,Cabo de Santo Agostinho,CAB_L3,Coca_Cola,12,0.0,0.0,0.0,0.0,0.0,0.0
125,Cabo de Santo Agostinho,CAB_L3,Coca_Cola,13,0.0,0.0,0.0,0.0,0.0,0.0
125,Cabo de Santo Agostinho,CAB_L3,Coca_Cola,14,0.0,0.0,0.0,0.0,0.0,0.0
125,Cabo de Santo Agostinho,CAB_L3,Coca_Cola,15,0.0,0.0,0.0,0.0,0.0,0.0
125,Cabo de Santo Agostinho,CAB_L3,Amstel_Lata,1,0.0,0.0,0.0,0.0,0.0,0.0
125,Cabo de Santo Agostinho,CAB_L3,Amstel_Lata,2,0.0,0.0,0.0,0.0,0.0,0.0
125,Cabo de Santo Agostinho,CAB_L3,Amstel_Lata,3,0.0,0.0,0.0,0.0,0.0,47159.26
125,Cabo de Santo Agostinho,CAB_L3,Amstel_Lata,4,0.0,0.0,0.0,0.0,0.0,0.0
125,Cabo de Santo Agostinho,CAB_L3,Amstel_Lata,5,0.0,0.0,0.0,0.0,0.0,0.0
125,Cabo de Santo Agostinho,CAB_L3,Amstel_Lata,6,0.0,0.0,0.0,0.0,0.0,0.0
125,Cabo de Santo Agostinho,CAB_L3,Amstel_Lata,7,0.0,0.0,0.0,0.0,0.0,0.0
125,Cabo de Santo Agostinho,CAB_L3,Amstel_Lata,8,0.0,0.0,0.0,0.0,10315.46,10315.46
125,Cabo de Santo Agostinho,CAB_L3,Amstel_Lata,9,0.0,0.0,0.0,0.0,0.0,0.0
125,Cabo de Santo Agostinho,CAB_L3,Amstel_Lata,10,0.0,0.0,0.0,0.0,0.0,0.0
125,Cabo de Santo Agostinho,CAB_L3,Amstel_Lata,11,0.0,0.0,0.0,0.0,0.0,0.0
125,Cabo de Santo Agostinho,CAB_L3,Amstel_Lata,12,0.0,0.0,0.0,0.0,18124.46,18124.46
125,Cabo de Santo Agostinho,CAB_L3,Amstel_Lata,13,0.0,0.0,0.0,0.0,0.0,0.0
125,Cabo de Santo Agostinho,CAB_L3,Amstel_Lata,14,0.0,0.0,0.0,0.0,0.0,0.0
125,Cabo de Santo Agostinho,CAB_L3,Amstel_Lata,15,0.0,0.0,0.0,0.0,0.0,0.0
125,Cabo de Santo Agostinho,CAB_L3,Pepsi_Black,1,0.0,0.0,0.0,0.0,0.0,0.0
125,Cabo de Santo Agostinho,CAB_L3,Pepsi_Black,2,0.0,0.0,0.0,0.0,0.0,0.0
125,Cabo de Santo Agostinho,CAB_L3,Pepsi_Black,3,0.0,0.0,0.0,0.0,0.0,0.0
125,Cabo de Santo Agostinho,CAB_L3,Pepsi_Black,4,0.0,0.0,15901.62,0.0,0.0,62721.89
125,Cabo de Santo Agostinho,CAB_L3,Pepsi_Black,5,0.0,0.0,0.0,0.0,0.0,0.0
125,Cabo de Santo Agostinho,CAB_L3,Pepsi_Black,6,0.0,0.0,0.0,0.0,0.0,0.0
125,Cabo de Santo Agostinho,CAB_L3,Pepsi_Black,7,0.0,0.0,0.0,0.0,0.0,0.0
125,Cabo de Santo Agostinho,CAB_L3,Pepsi_Black,8,0.0,0.0,0.0,0.0,0.0,0.0
125,Cabo de Santo Agostinho,CAB_L3,Pepsi_Black,9,0.0,0.0,0.0,0.0,0.0,0.0
125,Cabo de Santo Agostinho,CAB_L3,Pepsi_Black,10,0.0,0.0,0.0,0.0,0.0,0.0
125,Cabo de Santo Agostinho,CAB_L3,Pepsi_Black,11,0.0,0.0,0.0,0.0,0.0,0.0
125,Cabo de Santo Agostinho,CAB_L3,Pepsi_Black,12,0.0,0.0,0.0,0.0,0.0,0.0
125,Cabo de Santo Agostinho,CAB_L3,Pepsi_Black,13,0.0,0.0,0.0,0.0,0.0,0.0
125,Cabo de Santo Agostinho,CAB_L3,Pepsi_Black,14,0.0,0.0,0.0,0.0,0.0,0.0
125,Cabo de Santo Agostinho,CAB_L3,Pepsi_Black,15,0.0,0.0,0.0,0.0,0.0,0.0
125,Cabo de Santo Agostinho,CAB_L3,Del_Valle_Laranja,1,0.0,0.0,0.0,0.0,0.0,0.0
125,Cabo de Santo Agostinho,CAB_L3,Del_Valle_Laranja,2,0.0,0.0,0.0,0.0,0.0,0.0
125,Cabo de Santo Agostinho,CAB_L3,Del_Valle_Laranja,3,0.0,0.0,0.0,0.0,0.0,0.0
125,Cabo de Santo Agostinho,CAB_L3,Del_Valle_Laranja,4,0.0,0.0,0.0,0.0,0.0,0.0
125,Cabo de Santo Agostinho,CAB_L3,Del_Valle_Laranja,5,0.0,0.0,0.0,0.0,0.0,8656.41
125,Cabo de Santo Agostinho,CAB_L3,Del_Valle_Laranja,6,0.0,0.0,0.0,0.0,0.0,0.0
125,Cabo de Santo Agostinho,CAB_L3,Del_Valle_Laranja,7,0.0,0.0,0.0,0.0,0.0,0.0
125,Cabo de Santo Agostinho,CAB_L3,Del_Valle_Laranja,8,0.0,0.0,0.0,0.0,0.0,44731.85
125,Cabo de Santo Agostinho,CAB_L3,Del_Valle_Laranja,9,0.0,0.0,0.0,0.0,0.0,0.0
125,Cabo de Santo Agostinho,CAB_L3,Del_Valle_Laranja,10,0.0,0.0,0.0,0.0,0.0,0.0
125,Cabo de Santo Agostinho,CAB_L3,Del_Valle_Laranja,11,0.0,0.0,0.0,0.0,0.0,0.0
125,Cabo de Santo Agostinho,CAB_L3,Del_Valle_Laranja,12,0.0,0.0,0.0,0.0,0.0,49091.1
125,Cabo de Santo Agostinho,CAB_L3,Del_Valle_Laranja,13,0.0,0.0,0.0,0.0,0.0,0.0
125,Cabo de Santo Agostinho,CAB_L3,Del_Valle_Laranja,14,0.0,0.0,0.0,0.0,0.0,0.0
125,Cabo de Santo Agostinho,CAB_L3,Del_Valle_Laranja,15,0.0,0.0,0.0,0.0,0.0,0.0
125,Cabo de Santo Agostinho,CAB_L3,Itubaina,1,0.0,0.0,0.0,0.0,0.0,0.0
125,Cabo de Santo Agostinho,CAB_L3,Itubaina,2,0.0,0.0,0.0,0.0,0.0,0.0
125,Cabo de Santo Agostinho,CAB_L3,Itubaina,3,0.0,0.0,0.0,0.0,0.0,0.0
125,Cabo de Santo Agostinho,CAB_L3,Itubaina,4,0.0,0.0,0.0,0.0,6015.46,6015.46
125,Cabo de Santo Agostinho,CAB_L3,Itubaina,5,0.0,0.0,0.0,0.0,0.0,0.0
125,Cabo de Santo Agostinho,CAB_L3,Itubaina,6,0.0,0.0,0.0,42042.28,0.0,0.0
125,Cabo de Santo Agostinho,CAB_L3,Itubaina,7,0.0,0.0,0.0,0.0,0.0,0.0
125,Cabo de Santo Agostinho,CAB_L3,Itubaina,8,0.0,0.0,0.0,0.0,0.0,0.0
125,Cabo de Santo Agostinho,CAB_L3,Itubaina,9,0.0,0.0,0.0,0.0,0.0,0.0
125,Cabo de Santo Agostinho,CAB_L3,Itubaina,10,0.0,0.0,0.0,0.0,0.0,0.0
125,Cabo de Santo Agostinho,CAB_L3,Itubaina,11,0.0,0.0,0.0,0.0,0.0,0.0
125,Cabo de Santo Agostinho,CAB_L3,Itubaina,12,0.0,0.0,0.0,0.0,0.0,0.0
125,Cabo de Santo Agostinho,CAB_L3,Itubaina,13,0.0,0.0,0.0,0.0,0.0,0.0
125,Cabo de Santo Agostinho,CAB_L3,Itubaina,14,0.0,0.0,0.0,0.0,0.0,0.0
125,Cabo de Santo Agostinho,CAB_L3,Itubaina,15,0.0,0.0,0.0,0.0,0.0,0.0
125,Cabo de Santo Agostinho,CAB_L3,Stella_Artois_Pure_Gold,1,0.0,0.0,0.0,0.0,0.0,0.0
125,Cabo de Santo Agostinho,CAB_L3,Stella_Artois_Pure_Gold,2,0.0,0.0,0.0,0.0,0.0,0.0
125,Cabo de Santo Agostinho,CAB_L3,Stella_Artois_Pure_Gold,3,0.0,0.0,0.0,0.0,0.0,0.0
125,Cabo de Santo Agostinho,CAB_L3,Stella_Artois_Pure_Gold,4,0.0,0.0,0.0,0.0,0.0,0.0
125,Cabo de Santo Agostinho,CAB_L3,Stella_Artois_Pure_Gold,5,0.0,0.0,0.0,0.0,0.0,0.0
125,Cabo de Santo Agostinho,CAB_L3,Stella_Artois_Pure_Gold,6,0.0,0.0,0.0,0.0,0.0,0.0
125,Cabo de Santo Agostinho,CAB_L3,Stella_Artois_Pure_Gold,7,0.0,0.0,0.0,0.0,0.0,0.0
125,Cabo de Santo Agostinho,CAB_L3,Stella_Artois_Pure_Gold,8,7508.21,0.0,16506.100000000013,821.2599999999875,0.0,8997.890000000014
125,Cabo de Santo Agostinho,CAB_L3,Stella_Artois_Pure_Gold,9,9432.530000000052,0.0,0.0,0.0,9432.530000000052,10644.110000000053
125,Cabo de Santo Agostinho,CAB_L3,Stella_Artois_Pure_Gold,10,0.0,0.0,0.0,0.0,0.0,0.0
125,Cabo de Santo Agostinho,CAB_L3,Stella_Artois_Pure_Gold,11,0.0,0.0,0.0,0.0,0.0,0.0
125,Cabo de Santo Agostinho,CAB_L3,Stella_Artois_Pure_Gold,12,0.0,0.0,0.0,0.0,0.0,0.0
125,Cabo de Santo Agostinho,CAB_L3,Stella_Artois_Pure_Gold,13,0.0,0.0,0.0,0.0,0.0,0.0
125,Cabo de Santo Agostinho,CAB_L3,Stella_Artois_Pure_Gold,14,0.0,0.0,0.0,0.0,0.0,23347.78
125,Cabo de Santo Agostinho,CAB_L3,Stella_Artois_Pure_Gold,15,0.0,0.0,0.0,0.0,0.0,0.0
125,Cabo de Santo Agostinho,CAB_L3,Maguary_Caju,1,0.0,0.0,0.0,0.0,0.0,0.0
125,Cabo de Santo Agostinho,CAB_L3,Maguary_Caju,2,0.0,0.0,0.0,0.0,0.0,0.0
125,Cabo de Santo Agostinho,CAB_L3,Maguary_Caju,3,0.0,0.0,0.0,0.0,0.0,0.0
125,Cabo de Santo Agostinho,CAB_L3,Maguary_Caju,4,0.0,0.0,0.0,0.0,0.0,0.0
125,Cabo de Santo Agostinho,CAB_L3,Maguary_Caju,5,0.0,0.0,0.0,0.0,0.0,0.0
125,Cabo de Santo Agostinho,CAB_L3,Maguary_Caju,6,0.0,0.0,0.0,0.0,0.0,0.0
125,Cabo de Santo Agostinho,CAB_L3,Maguary_Caju,7,0.0,0.0,0.0,0.0,0.0,0.0
125,Cabo de Santo Agostinho,CAB_L3,Maguary_Caju,8,0.0,0.0,0.0,0.0,16289.439999999997,0.0
125,Cabo de Santo Agostinho,CAB_L3,Maguary_Caju,9,0.0,0.0,3074.0099999999984,10931.160000000002,3074.0099999999984,3074.0099999999984
125,Cabo de Santo Agostinho,CAB_L3,Maguary_Caju,10,0.0,0.0,0.0,0.0,15308.36,8759.19
125,Cabo de Santo Agostinho,CAB_L3,Maguary_Caju,11,0.0,0.0,0.0,0.0,0.0,0.0
125,Cabo de Santo Agostinho,CAB_L3,Maguary_Caju,12,0.0,0.0,0.0,0.0,0.0,0.0
125,Cabo de Santo Agostinho,CAB_L3,Maguary_Caju,13,0.0,0.0,0.0,0.0,0.0,0.0
125,Cabo de Santo Agostinho,CAB_L3,Maguary_Caju,14,0.0,0.0,0.0,0.0,0.0,0.0
125,Cabo de Santo Agostinho,CAB_L3,Maguary_Caju,15,0.0,0.0,0.0,43343.2,0.0,0.0
125,Cabo de Santo Agostinho,CAB_L3,Coca_Cola_Zero,1,0.0,0.0,0.0,0.0,0.0,0.0
125,Cabo de Santo Agostinho,CAB_L3,Coca_Cola_Zero,2,0.0,0.0,0.0,0.0,0.0,0.0
125,Cabo de Santo Agostinho,CAB_L3,Coca_Cola_Zero,3,0.0,0.0,0.0,0.0,0.0,0.0
125,Cabo de Santo Agostinho,CAB_L3,Coca_Cola_Zero,4,0.0,0.0,0.0,0.0,12166.45,12166.45
125,Cabo de Santo Agostinho,CAB_L3,Coca_Cola_Zero,5,0.0,0.0,0.0,0.0,0.0,0.0
125,Cabo de Santo Agostinho,CAB_L3,Coca_Cola_Zero,6,0.0,0.0,0.0,0.0,0.0,0.0
125,Cabo de Santo Agostinho,CAB_L3,Coca_Cola_Zero,7,0.0,0.0,0.0,0.0,0.0,3300.53
125,Cabo de Santo Agostinho,CAB_L3,Coca_Cola_Zero,8,0.0,0.0,0.0,0.0,0.0,0.0
125,Cabo de Santo Agostinho,CAB_L3,Coca_Cola_Zero,9,0.0,0.0,0.0,0.0,0.0,0.0
125,Cabo de Santo Agostinho,CAB_L3,Coca_Cola_Zero,10,0.0,0.0,0.0,0.0,0.0,0.0
125,Cabo de Santo Agostinho,CAB_L3,Coca_Cola_Zero,11,0.0,0.0,0.0,0.0,0.0,0.0
125,Cabo de Santo Agostinho,CAB_L3,Coca_Cola_Zero,12,0.0,0.0,0.0,0.0,0.0,0.0
125,Cabo de Santo Agostinho,CAB_L3,Coca_Cola_Zero,13,0.0,0.0,0.0,0.0,0.0,0.0
125,Cabo de Santo Agostinho,CAB_L3,Coca_Cola_Zero,14,0.0,0.0,0.0,0.0,23064.68,23064.68
125,Cabo de Santo Agostinho,CAB_L3,Coca_Cola_Zero,15,0.0,0.0,0.0,0.0,0.0,0.0
125,Cabo de Santo Agostinho,CAB_L3,Pepsi,1,0.0,0.0,0.0,0.0,20815.829999999998,20815.829999999998
125,Cabo de Santo Agostinho,CAB_L3,Pepsi,2,0.0,0.0,0.0,0.0,0.0,0.0
125,Cabo de Santo Agostinho,CAB_L3,Pepsi,3,0.0,0.0,0.0,0.0,0.0,50935.81
125,Cabo de Santo Agostinho,CAB_L3,Pepsi,4,0.0,3689.3099999999904,0.0,0.0,15470.86,19160.16999999999
125,Cabo de Santo Agostinho,CAB_L3,Pepsi,5,0.0,0.0,0.0,0.0,3689.3099999999904,21517.14
125,Cabo de Santo Agostinho,CAB_L3,Pepsi,6,0.0,0.0,0.0,0.0,0.0,0.0
125,Cabo de Santo Agostinho,CAB_L3,Pepsi,7,0.0,0.0,0.0,0.0,0.0,45965.86
125,Cabo de Santo Agostinho,CAB_L3,Pepsi,8,0.0,0.0,0.0,0.0,0.0,14696.06
125,Cabo de Santo Agostinho,CAB_L3,Pepsi,9,0.0,0.0,0.0,0.0,0.0,0.0
125,Cabo de Santo Agostinho,CAB_L3,Pepsi,10,0.0,0.0,0.0,0.0,0.0,0.0
125,Cabo de Santo Agostinho,CAB_L3,Pepsi,11,0.0,0.0,0.0,0.0,0.0,0.0
125,Cabo de Santo Agostinho,CAB_L3,Pepsi,12,0.0,0.0,0.0,0.0,0.0,13086.24
125,Cabo de Santo Agostinho,CAB_L3,Pepsi,13,0.0,0.0,0.0,0.0,0.0,0.0
125,Cabo de Santo Agostinho,CAB_L3,Pepsi,14,0.0,0.0,0.0,0.0,0.0,0.0
125,Cabo de Santo Agostinho,CAB_L3,Pepsi,15,0.0,0.0,0.0,0.0,0.0,0.0
125,Cabo de Santo Agostinho,CAB_L3,Antarctica_Lata,1,20774.859999999997,0.0,0.0,0.0,20774.859999999997,0.0
125,Cabo de Santo Agostinho,CAB_L3,Antarctica_Lata,2,0.0,0.0,0.0,0.0,0.0,0.0
125,Cabo de Santo Agostinho,CAB_L3,Antarctica_Lata,3,0.0,0.0,0.0,0.0,0.0,0.0
125,Cabo de Santo Agostinho,CAB_L3,Antarctica_Lata,4,0.0,0.0,0.0,0.0,0.0,0.0
125,Cabo de Santo Agostinho,CAB_L3,Antarctica_Lata,5,0.0,0.0,0.0,0.0,252.59999999998894,0.0
125,Cabo de Santo Agostinho,CAB_L3,Antarctica_Lata,6,0.0,0.0,0.0,0.0,38064.0,0.0
125,Cabo de Santo Agostinho,CAB_L3,Antarctica_Lata,7,0.0,0.0,0.0,0.0,8529.670000000002,0.0
125,Cabo de Santo Agostinho,CAB_L3,Antarctica_Lata,8,0.0,0.0,0.0,0.0,385.37000000000324,0.0
125,Cabo de Santo Agostinho,CAB_L3,Antarctica_Lata,9,0.0,0.0,0.0,0.0,0.0,0.0
125,Cabo de Santo Agostinho,CAB_L3,Antarctica_Lata,10,0.0,0.0,0.0,0.0,0.0,0.0
125,Cabo de Santo Agostinho,CAB_L3,Antarctica_Lata,11,0.0,0.0,0.0,0.0,0.0,0.0
125,Cabo de Santo Agostinho,CAB_L3,Antarctica_Lata,12,0.0,0.0,0.0,48375.36,0.0,0.0
125,Cabo de Santo Agostinho,CAB_L3,Antarctica_Lata,13,0.0,0.0,0.0,0.0,0.0,0.0
125,Cabo de Santo Agostinho,CAB_L3,Antarctica_Lata,14,0.0,0.0,0.0,0.0,0.0,10869.5
125,Cabo de Santo Agostinho,CAB_L3,Antarctica_Lata,15,6055.999999999994,0.0,0.0,0.0,35710.63000000001,0.0
125,Cabo de Santo Agostinho,CAB_L3,Spaten_Lata,1,0.0,0.0,0.0,0.0,0.0,0.0
125,Cabo de Santo Agostinho,CAB_L3,Spaten_Lata,2,0.0,0.0,0.0,0.0,0.0,0.0
125,Cabo de Santo Agostinho,CAB_L3,Spaten_Lata,3,0.0,0.0,0.0,0.0,0.0,0.0
125,Cabo de Santo Agostinho,CAB_L3,Spaten_Lata,4,0.0,0.0,0.0,0.0,0.0,0.0
125,Cabo de Santo Agostinho,CAB_L3,Spaten_Lata,5,0.0,0.0,0.0,0.0,0.0,0.0
125,Cabo de Santo Agostinho,CAB_L3,Spaten_Lata,6,0.0,0.0,0.0,0.0,0.0,28510.150000000005
125,Cabo de Santo Agostinho,CAB_L3,Spaten_Lata,7,0.0,0.0,0.0,0.0,0.0,0.0
125,Cabo de Santo Agostinho,CAB_L3,Spaten_Lata,8,0.0,0.0,25919.48,0.0,5820.430000000004,25919.48
125,Cabo de Santo Agostinho,CAB_L3,Spaten_Lata,9,0.0,0.0,0.0,0.0,0.0,0.0
125,Cabo de Santo Agostinho,CAB_L3,Spaten_Lata,10,0.0,0.0,0.0,0.0,0.0,0.0
125,Cabo de Santo Agostinho,CAB_L3,Spaten_Lata,11,0.0,0.0,0.0,0.0,0.0,0.0
125,Cabo de Santo Agostinho,CAB_L3,Spaten_Lata,12,0.0,0.0,0.0,0.0,0.0,0.0
125,Cabo de Santo Agostinho,CAB_L3,Spaten_Lata,13,0.0,0.0,0.0,0.0,0.0,19710.89
125,Cabo de Santo Agostinho,CAB_L3,Spaten_Lata,14,0.0,0.0,0.0,0.0,0.0,0.0
125,Cabo de Santo Agostinho,CAB_L3,Spaten_Lata,15,0.0,0.0,4976.82,0.0,0.0,4976.82
125,Cabo de Santo Agostinho,CAB_L3,Heineken_Lata,1,0.0,0.0,0.0,0.0,0.0,0.0
125,Cabo de Santo Agostinho,CAB_L3,Heineken_Lata,2,0.0,0.0,0.0,0.0,0.0,0.0
125,Cabo de Santo Agostinho,CAB_L3,Heineken_Lata,3,0.0,0.0,0.0,0.0,0.0,0.0
125,Cabo de Santo Agostinho,CAB_L3,Heineken_Lata,4,0.0,0.0,0.0,0.0,0.0,0.0
125,Cabo de Santo Agostinho,CAB_L3,Heineken_Lata,5,0.0,0.0,0.0,0.0,0.0,0.0
125,Cabo de Santo Agostinho,CAB_L3,Heineken_Lata,6,0.0,0.0,0.0,0.0,0.0,0.0
125,Cabo de Santo Agostinho,CAB_L3,Heineken_Lata,7,0.0,0.0,0.0,0.0,0.0,0.0
125,Cabo de Santo Agostinho,CAB_L3,Heineken_Lata,8,0.0,0.0,0.0,0.0,0.0,0.0
125,Cabo de Santo Agostinho,CAB_L3,Heineken_Lata,9,0.0,0.0,0.0,0.0,0.0,0.0
125,Cabo de Santo Agostinho,CAB_L3,Heineken_Lata,10,0.0,0.0,0.0,0.0,0.0,0.0
125,Cabo de Santo Agostinho,CAB_L3,Heineken_Lata,11,0.0,0.0,0.0,0.0,0.0,0.0
125,Cabo de Santo Agostinho,CAB_L3,Heineken_Lata,12,0.0,0.0,0.0,0.0,0.0,0.0
125,Cabo de Santo Agostinho,CAB_L3,Heineken_Lata,13,0.0,0.0,0.0,0.0,0.0,0.0
125,Cabo de Santo Agostinho,CAB_L3,Heineken_Lata,14,0.0,0.0,0.0,0.0,0.0,0.0
125,Cabo de Santo Agostinho,CAB_L3,Heineken_Lata,15,0.0,0.0,0.0,0.0,0.0,0.0
125,Cabo de Santo Agostinho,CAB_L3,Sukita_Laranja,1,0.0,0.0,0.0,0.0,0.0,0.0
125,Cabo de Santo Agostinho,CAB_L3,Sukita_Laranja,2,0.0,0.0,0.0,0.0,0.0,0.0
125,Cabo de Santo Agostinho,CAB_L3,Sukita_Laranja,3,0.0,0.0,0.0,0.0,0.0,0.0
125,Cabo de Santo Agostinho,CAB_L3,Sukita_Laranja,4,0.0,0.0,0.0,20426.6,0.0,0.0
125,Cabo de Santo Agostinho,CAB_L3,Sukita_Laranja,5,0.0,0.0,0.0,0.0,0.0,0.0
125,Cabo de Santo Agostinho,CAB_L3,Sukita_Laranja,6,0.0,0.0,0.0,0.0,0.0,0.0
125,Cabo de Santo Agostinho,CAB_L3,Sukita_Laranja,7,0.0,0.0,0.0,0.0,0.0,0.0
125,Cabo de Santo Agostinho,CAB_L3,Sukita_Laranja,8,0.0,0.0,0.0,0.0,0.0,0.0
125,Cabo de Santo Agostinho,CAB_L3,Sukita_Laranja,9,0.0,0.0,0.0,0.0,0.0,0.0
125,Cabo de Santo Agostinho,CAB_L3,Sukita_Laranja,10,0.0,0.0,0.0,0.0,0.0,0.0
125,Cabo de Santo Agostinho,CAB_L3,Sukita_Laranja,11,0.0,0.0,0.0,0.0,0.0,0.0
125,Cabo de Santo Agostinho,CAB_L3,Sukita_Laranja,12,0.0,0.0,0.0,0.0,0.0,0.0
125,Cabo de Santo Agostinho,CAB_L3,Sukita_Laranja,13,0.0,0.0,0.0,0.0,0.0,0.0
125,Cabo de Santo Agostinho,CAB_L3,Sukita_Laranja,14,0.0,0.0,0.0,0.0,0.0,0.0
125,Cabo de Santo Agostinho,CAB_L3,Sukita_Laranja,15,0.0,0.0,0.0,0.0,0.0,0.0
125,Cabo de Santo Agostinho,CAB_L3,H2OH_Limao,1,0.0,0.0,0.0,0.0,0.0,35664.0
125,Cabo de Santo Agostinho,CAB_L3,H2OH_Limao,2,0.0,0.0,0.0,0.0,0.0,0.0
125,Cabo de Santo Agostinho,CAB_L3,H2OH_Limao,3,0.0,0.0,0.0,0.0,0.0,0.0
125,Cabo de Santo Agostinho,CAB_L3,H2OH_Limao,4,0.0,0.0,0.0,0.0,0.0,0.0
125,Cabo de Santo Agostinho,CAB_L3,H2OH_Limao,5,0.0,0.0,0.0,0.0,0.0,559.2300000000105
125,Cabo de Santo Agostinho,CAB_L3,H2OH_Limao,6,0.0,0.0,0.0,0.0,0.0,0.0
125,Cabo de Santo Agostinho,CAB_L3,H2OH_Limao,7,0.0,0.0,0.0,0.0,0.0,0.0
125,Cabo de Santo Agostinho,CAB_L3,H2OH_Limao,8,0.0,0.0,0.0,0.0,0.0,0.0
125,Cabo de Santo Agostinho,CAB_L3,H2OH_Limao,9,0.0,0.0,0.0,0.0,0.0,0.0
125,Cabo de Santo Agostinho,CAB_L3,H2OH_Limao,10,0.0,0.0,0.0,0.0,0.0,0.0
125,Cabo de Santo Agostinho,CAB_L3,H2OH_Limao,11,0.0,0.0,0.0,0.0,0.0,0.0
125,Cabo de Santo Agostinho,CAB_L3,H2OH_Limao,12,0.0,0.0,0.0,0.0,0.0,0.0
125,Cabo de Santo Agostinho,CAB_L3,H2OH_Limao,13,0.0,0.0,0.0,0.0,0.0,0.0
125,Cabo de Santo Agostinho,CAB_L3,H2OH_Limao,14,0.0,0.0,0.0,0.0,0.0,0.0
125,Cabo de Santo Agostinho,CAB_L3,H2OH_Limao,15,0.0,0.0,0.0,0.0,0.0,0.0
125,Cabo de Santo Agostinho,CAB_L3,Budweiser_Lata,1,0.0,0.0,0.0,0.0,0.0,0.0
125,Cabo de Santo Agostinho,CAB_L3,Budweiser_Lata,2,0.0,0.0,0.0,0.0,0.0,16199.05
125,Cabo de Santo Agostinho,CAB_L3,Budweiser_Lata,3,0.0,0.0,0.0,0.0,0.0,0.0
125,Cabo de Santo Agostinho,CAB_L3,Budweiser_Lata,4,0.0,0.0,0.0,0.0,0.0,0.0
125,Cabo de Santo Agostinho,CAB_L3,Budweiser_Lata,5,0.0,0.0,0.0,0.0,0.0,0.0
125,Cabo de Santo Agostinho,CAB_L3,Budweiser_Lata,6,0.0,0.0,0.0,0.0,0.0,0.0
125,Cabo de Santo Agostinho,CAB_L3,Budweiser_Lata,7,0.0,0.0,0.0,0.0,0.0,0.0
125,Cabo de Santo Agostinho,CAB_L3,Budweiser_Lata,8,0.0,0.0,0.0,0.0,0.0,0.0
125,Cabo de Santo Agostinho,CAB_L3,Budweiser_Lata,9,0.0,0.0,0.0,0.0,0.0,0.0
125,Cabo de Santo Agostinho,CAB_L3,Budweiser_Lata,10,0.0,0.0,46621.93,0.0,0.0,46621.93
125,Cabo de Santo Agostinho,CAB_L3,Budweiser_Lata,11,0.0,0.0,0.0,0.0,0.0,0.0
125,Cabo de Santo Agostinho,CAB_L3,Budweiser_Lata,12,0.0,0.0,0.0,0.0,0.0,0.0
125,Cabo de Santo Agostinho,CAB_L3,Budweiser_Lata,13,0.0,0.0,0.0,0.0,0.0,7759.46
125,Cabo de Santo Agostinho,CAB_L3,Budweiser_Lata,14,0.0,0.0,0.0,0.0,0.0,0.0
125,Cabo de Santo Agostinho,CAB_L3,Budweiser_Lata,15,0.0,0.0,0.0,0.0,0.0,0.0
125,Cabo de Santo Agostinho,CAB_L3,Kuat,1,0.0,0.0,0.0,0.0,0.0,0.0
125,Cabo de Santo Agostinho,CAB_L3,Kuat,2,0.0,0.0,0.0,0.0,0.0,0.0
125,Cabo de Santo Agostinho,CAB_L3,Kuat,3,0.0,0.0,0.0,0.0,0.0,0.0
125,Cabo de Santo Agostinho,CAB_L3,Kuat,4,0.0,0.0,0.0,0.0,0.0,0.0
125,Cabo de Santo Agostinho,CAB_L3,Kuat,5,0.0,0.0,0.0,0.0,0.0,0.0
125,Cabo de Santo Agostinho,CAB_L3,Kuat,6,0.0,0.0,0.0,0.0,0.0,0.0
125,Cabo de Santo Agostinho,CAB_L3,Kuat,7,0.0,0.0,0.0,0.0,0.0,0.0
125,Cabo de Santo Agostinho,CAB_L3,Kuat,8,0.0,0.0,0.0,0.0,0.0,0.0
125,Cabo de Santo Agostinho,CAB_L3,Kuat,9,0.0,0.0,0.0,0.0,0.0,0.0
125,Cabo de Santo Agostinho,CAB_L3,Kuat,10,0.0,0.0,0.0,0.0,0.0,0.0
125,Cabo de Santo Agostinho,CAB_L3,Kuat,11,0.0,0.0,0.0,0.0,0.0,0.0
125,Cabo de Santo Agostinho,CAB_L3,Kuat,12,0.0,0.0,0.0,0.0,0.0,0.0
125,Cabo de Santo Agostinho,CAB_L3,Kuat,13,0.0,0.0,0.0,0.0,0.0,0.0
125,Cabo de Santo Agostinho,CAB_L3,Kuat,14,0.0,0.0,0.0,0.0,0.0,0.0
125,Cabo de Santo Agostinho,CAB_L3,Kuat,15,0.0,0.0,0.0,0.0,0.0,0.0
125,Cabo de Santo Agostinho,CAB_L3,Fanta_Uva,1,0.0,0.0,0.0,0.0,0.0,0.0
125,Cabo de Santo Agostinho,CAB_L3,Fanta_Uva,2,0.0,0.0,0.0,0.0,0.0,0.0
125,Cabo de Santo Agostinho,CAB_L3,Fanta_Uva,3,0.0,0.0,0.0,0.0,0.0,0.0
125,Cabo de Santo Agostinho,CAB_L3,Fanta_Uva,4,0.0,0.0,0.0,0.0,0.0,0.0
125,Cabo de Santo Agostinho,CAB_L3,Fanta_Uva,5,0.0,0.0,0.0,0.0,0.0,0.0
125,Cabo de Santo Agostinho,CAB_L3,Fanta_Uva,6,0.0,0.0,0.0,0.0,0.0,0.0
125,Cabo de Santo Agostinho,CAB_L3,Fanta_Uva,7,0.0,0.0,0.0,0.0,0.0,0.0
125,Cabo de Santo Agostinho,CAB_L3,Fanta_Uva,8,0.0,0.0,0.0,0.0,0.0,0.0
125,Cabo de Santo Agostinho,CAB_L3,Fanta_Uva,9,0.0,0.0,0.0,0.0,0.0,0.0
125,Cabo de Santo Agostinho,CAB_L3,Fanta_Uva,10,0.0,0.0,0.0,0.0,0.0,0.0
125,Cabo de Santo Agostinho,CAB_L3,Fanta_Uva,11,0.0,0.0,0.0,0.0,0.0,0.0
125,Cabo de Santo Agostinho,CAB_L3,Fanta_Uva,12,0.0,0.0,0.0,0.0,0.0,0.0
125,Cabo de Santo Agostinho,CAB_L3,Fanta_Uva,13,0.0,0.0,0.0,0.0,0.0,0.0
125,Cabo de Santo Agostinho,CAB_L3,Fanta_Uva,14,0.0,0.0,0.0,0.0,7163.010000000002,7163.010000000002
125,Cabo de Santo Agostinho,CAB_L3,Fanta_Uva,15,0.0,0.0,0.0,0.0,0.0,0.0
125,Cabo de Santo Agostinho,CAB_L3,Sprite,1,0.0,0.0,0.0,0.0,0.0,0.0
125,Cabo de Santo Agostinho,CAB_L3,Sprite,2,0.0,0.0,0.0,17071.03,0.0,0.0
125,Cabo de Santo Agostinho,CAB_L3,Sprite,3,0.0,0.0,0.0,0.0,0.0,0.0
125,Cabo de Santo Agostinho,CAB_L3,Sprite,4,0.0,0.0,0.0,0.0,0.0,0.0
125,Cabo de Santo Agostinho,CAB_L3,Sprite,5,0.0,0.0,0.0,0.0,0.0,0.0
125,Cabo de Santo Agostinho,CAB_L3,Sprite,6,0.0,0.0,0.0,0.0,0.0,0.0
125,Cabo de Santo Agostinho,CAB_L3,Sprite,7,0.0,0.0,0.0,0.0,0.0,0.0
125,Cabo de Santo Agostinho,CAB_L3,Sprite,8,0.0,0.0,0.0,0.0,0.0,0.0
125,Cabo de Santo Agostinho,CAB_L3,Sprite,9,0.0,0.0,0.0,0.0,0.0,34396.060000000005
125,Cabo de Santo Agostinho,CAB_L3,Sprite,10,0.0,0.0,0.0,0.0,0.0,0.0
125,Cabo de Santo Agostinho,CAB_L3,Sprite,11,0.0,0.0,0.0,0.0,0.0,0.0
125,Cabo de Santo Agostinho,CAB_L3,Sprite,12,0.0,0.0,0.0,0.0,0.0,0.0
125,Cabo de Santo Agostinho,CAB_L3,Sprite,13,0.0,0.0,0.0,0.0,0.0,0.0
125,Cabo de Santo Agostinho,CAB_L3,Sprite,14,0.0,0.0,0.0,0.0,0.0,0.0
125,Cabo de Santo Agostinho,CAB_L3,Sprite,15,0.0,0.0,0.0,0.0,0.0,0.0
125,Cabo de Santo Agostinho,CAB_L3,Skol_Lata,1,0.0,0.0,14062.76,0.0,0.0,14062.76
125,Cabo de Santo Agostinho,CAB_L3,Skol_Lata,2,0.0,0.0,0.0,0.0,0.0,0.0
125,Cabo de Santo Agostinho,CAB_L3,Skol_Lata,3,0.0,0.0,0.0,0.0,0.0,0.0
125,Cabo de Santo Agostinho,CAB_L3,Skol_Lata,4,0.0,0.0,0.0,0.0,0.0,14013.43
125,Cabo de Santo Agostinho,CAB_L3,Skol_Lata,5,0.0,0.0,0.0,0.0,0.0,6322.72
125,Cabo de Santo Agostinho,CAB_L3,Skol_Lata,6,0.0,0.0,0.0,0.0,0.0,0.0
125,Cabo de Santo Agostinho,CAB_L3,Skol_Lata,7,0.0,0.0,0.0,0.0,0.0,0.0
125,Cabo de Santo Agostinho,CAB_L3,Skol_Lata,8,0.0,0.0,0.0,0.0,0.0,0.0
125,Cabo de Santo Agostinho,CAB_L3,Skol_Lata,9,0.0,0.0,0.0,0.0,0.0,0.0
125,Cabo de Santo Agostinho,CAB_L3,Skol_Lata,10,0.0,0.0,0.0,0.0,0.0,0.0
125,Cabo de Santo Agostinho,CAB_L3,Skol_Lata,11,0.0,0.0,49016.77,0.0,0.0,49016.77
125,Cabo de Santo Agostinho,CAB_L3,Skol_Lata,12,0.0,0.0,0.0,0.0,0.0,0.0
125,Cabo de Santo Agostinho,CAB_L3,Skol_Lata,13,0.0,0.0,0.0,0.0,0.0,0.0
125,Cabo de Santo Agostinho,CAB_L3,Skol_Lata,14,0.0,0.0,0.0,0.0,0.0,0.0
125,Cabo de Santo Agostinho,CAB_L3,Skol_Lata,15,0.0,0.0,0.0,0.0,0.0,0.0
125,Cabo de Santo Agostinho,CAB_L3,Guarana_Antarctica,1,0.0,0.0,0.0,0.0,0.0,0.0
125,Cabo de Santo Agostinho,CAB_L3,Guarana_Antarctica,2,19736.94999999992,0.0,25942.889999999923,6108.270000000077,0.0,6205.940000000002
125,Cabo de Santo Agostinho,CAB_L3,Guarana_Antarctica,3,0.0,0.0,0.0,0.0,0.0,0.0
125,Cabo de Santo Agostinho,CAB_L3,Guarana_Antarctica,4,0.0,0.0,0.0,0.0,0.0,0.0
125,Cabo de Santo Agostinho,CAB_L3,Guarana_Antarctica,5,0.0,0.0,0.0,0.0,0.0,0.0
125,Cabo de Santo Agostinho,CAB_L3,Guarana_Antarctica,6,0.0,0.0,0.0,0.0,0.0,0.0
125,Cabo de Santo Agostinho,CAB_L3,Guarana_Antarctica,7,0.0,0.0,0.0,0.0,0.0,0.0
125,Cabo de Santo Agostinho,CAB_L3,Guarana_Antarctica,8,0.0,0.0,0.0,0.0,0.0,0.0
125,Cabo de Santo Agostinho,CAB_L3,Guarana_Antarctica,9,0.0,0.0,0.0,0.0,0.0,0.0
125,Cabo de Santo Agostinho,CAB_L3,Guarana_Antarctica,10,0.0,0.0,0.0,0.0,0.0,0.0
125,Cabo de Santo Agostinho,CAB_L3,Guarana_Antarctica,11,0.0,0.0,0.0,0.0,0.0,0.0
125,Cabo de Santo Agostinho,CAB_L3,Guarana_Antarctica,12,0.0,0.0,0.0,0.0,0.0,0.0
125,Cabo de Santo Agostinho,CAB_L3,Guarana_Antarctica,13,0.0,0.0,0.0,0.0,0.0,0.0
125,Cabo de Santo Agostinho,CAB_L3,Guarana_Antarctica,14,0.0,0.0,0.0,0.0,0.0,0.0
125,Cabo de Santo Agostinho,CAB_L3,Guarana_Antarctica,15,0.0,0.0,0.0,0.0,0.0,0.0
125,Cabo de Santo Agostinho,CAB_L3,Guarana_Antarctica_Zero,1,19065.14,0.0,0.0,0.0,19065.14,0.0
125,Cabo de Santo Agostinho,CAB_L3,Guarana_Antarctica_Zero,2,18063.05000000008,0.0,0.0,0.0,18063.05000000008,0.0
125,Cabo de Santo Agostinho,CAB_L3,Guarana_Antarctica_Zero,3,39312.0,0.0,0.0,0.0,39312.0,0.0
125,Cabo de Santo Agostinho,CAB_L3,Guarana_Antarctica_Zero,4,0.0,0.0,0.0,0.0,0.0,0.0
125,Cabo de Santo Agostinho,CAB_L3,Guarana_Antarctica_Zero,5,29373.3,0.0,29373.3,0.0,0.0,0.0
125,Cabo de Santo Agostinho,CAB_L3,Guarana_Antarctica_Zero,6,36792.0,0.0,0.0,0.0,36792.0,48324.12
125,Cabo de Santo Agostinho,CAB_L3,Guarana_Antarctica_Zero,7,38616.0,0.0,0.0,0.0,38616.0,0.0
125,Cabo de Santo Agostinho,CAB_L3,Guarana_Antarctica_Zero,8,27147.79,0.0,0.0,0.0,27147.79,0.0
125,Cabo de Santo Agostinho,CAB_L3,Guarana_Antarctica_Zero,9,21876.64,0.0,21876.64,0.0,0.0,0.0
125,Cabo de Santo Agostinho,CAB_L3,Guarana_Antarctica_Zero,10,36398.009999999995,0.0,0.0,0.0,36398.009999999995,0.0
125,Cabo de Santo Agostinho,CAB_L3,Guarana_Antarctica_Zero,11,39024.0,0.0,0.0,0.0,39024.0,30992.86
125,Cabo de Santo Agostinho,CAB_L3,Guarana_Antarctica_Zero,12,39096.0,10017.620000000003,0.0,0.0,29078.380000000005,0.0
125,Cabo de Santo Agostinho,CAB_L3,Guarana_Antarctica_Zero,13,35112.0,0.0,45129.62,0.0,0.0,0.0
125,Cabo de Santo Agostinho,CAB_L3,Guarana_Antarctica_Zero,14,37272.0,0.0,45036.02,0.0,0.0,22808.969999999998
125,Cabo de Santo Agostinho,CAB_L3,Guarana_Antarctica_Zero,15,29680.63,0.0,0.0,0.0,29680.63,0.0
125,Cabo de Santo Agostinho,CAB_L3,Del_Valle_Uva,1,0.0,0.0,0.0,0.0,0.0,0.0
125,Cabo de Santo Agostinho,CAB_L3,Del_Valle_Uva,2,0.0,0.0,0.0,0.0,1563.5600000000031,1563.5600000000031
125,Cabo de Santo Agostinho,CAB_L3,Del_Valle_Uva,3,0.0,0.0,0.0,0.0,0.0,0.0
125,Cabo de Santo Agostinho,CAB_L3,Del_Valle_Uva,4,0.0,0.0,0.0,0.0,0.0,0.0
125,Cabo de Santo Agostinho,CAB_L3,Del_Valle_Uva,5,0.0,0.0,0.0,0.0,0.0,0.0
125,Cabo de Santo Agostinho,CAB_L3,Del_Valle_Uva,6,0.0,0.0,0.0,0.0,0.0,0.0
125,Cabo de Santo Agostinho,CAB_L3,Del_Valle_Uva,7,0.0,0.0,0.0,0.0,0.0,0.0
125,Cabo de Santo Agostinho,CAB_L3,Del_Valle_Uva,8,0.0,0.0,0.0,0.0,0.0,0.0
125,Cabo de Santo Agostinho,CAB_L3,Del_Valle_Uva,9,0.0,0.0,0.0,0.0,0.0,4529.6
125,Cabo de Santo Agostinho,CAB_L3,Del_Valle_Uva,10,0.0,0.0,0.0,0.0,24052.199999999997,24052.199999999997
125,Cabo de Santo Agostinho,CAB_L3,Del_Valle_Uva,11,0.0,0.0,0.0,0.0,0.0,0.0
125,Cabo de Santo Agostinho,CAB_L3,Del_Valle_Uva,12,0.0,0.0,0.0,0.0,0.0,0.0
125,Cabo de Santo Agostinho,CAB_L3,Del_Valle_Uva,13,0.0,0.0,0.0,0.0,0.0,15418.98
125,Cabo de Santo Agostinho,CAB_L3,Del_Valle_Uva,14,0.0,0.0,0.0,0.0,0.0,0.0
125,Cabo de Santo Agostinho,CAB_L3,Del_Valle_Uva,15,0.0,0.0,0.0,0.0,0.0,0.0
125,Cabo de Santo Agostinho,CAB_L3,Brahma_Lata,1,0.0,0.0,0.0,0.0,0.0,0.0
125,Cabo de Santo Agostinho,CAB_L3,Brahma_Lata,2,0.0,0.0,0.0,0.0,0.0,0.0
125,Cabo de Santo Agostinho,CAB_L3,Brahma_Lata,3,0.0,0.0,0.0,0.0,0.0,0.0
125,Cabo de Santo Agostinho,CAB_L3,Brahma_Lata,4,0.0,0.0,17086.06,0.0,0.0,17086.06
125,Cabo de Santo Agostinho,CAB_L3,Brahma_Lata,5,0.0,0.0,0.0,0.0,0.0,0.0
125,Cabo de Santo Agostinho,CAB_L3,Brahma_Lata,6,0.0,0.0,3817.88,0.0,0.0,3817.88
125,Cabo de Santo Agostinho,CAB_L3,Brahma_Lata,7,0.0,0.0,0.0,0.0,0.0,0.0
125,Cabo de Santo Agostinho,CAB_L3,Brahma_Lata,8,0.0,0.0,0.0,0.0,0.0,0.0
125,Cabo de Santo Agostinho,CAB_L3,Brahma_Lata,9,0.0,0.0,0.0,0.0,0.0,0.0
125,Cabo de Santo Agostinho,CAB_L3,Brahma_Lata,10,0.0,0.0,0.0,0.0,0.0,0.0
125,Cabo de Santo Agostinho,CAB_L3,Brahma_Lata,11,0.0,0.0,0.0,0.0,0.0,0.0
125,Cabo de Santo Agostinho,CAB_L3,Brahma_Lata,12,0.0,0.0,0.0,0.0,0.0,0.0
125,Cabo de Santo Agostinho,CAB_L3,Brahma_Lata,13,0.0,0.0,0.0,0.0,0.0,0.0
125,Cabo de Santo Agostinho,CAB_L3,Brahma_Lata,14,0.0,0.0,0.0,0.0,0.0,0.0
125,Cabo de Santo Agostinho,CAB_L3,Brahma_Lata,15,0.0,0.0,0.0,0.0,0.0,0.0
125,Cabo de Santo Agostinho,CAB_L3,Itaipava_Lata,1,0.0,0.0,0.0,0.0,0.0,0.0
125,Cabo de Santo Agostinho,CAB_L3,Itaipava_Lata,2,0.0,0.0,0.0,0.0,0.0,0.0
125,Cabo de Santo Agostinho,CAB_L3,Itaipava_Lata,3,0.0,0.0,0.0,0.0,0.0,0.0
125,Cabo de Santo Agostinho,CAB_L3,Itaipava_Lata,4,0.0,0.0,0.0,0.0,0.0,0.0
125,Cabo de Santo Agostinho,CAB_L3,Itaipava_Lata,5,0.0,0.0,0.0,0.0,0.0,0.0
125,Cabo de Santo Agostinho,CAB_L3,Itaipava_Lata,6,0.0,0.0,0.0,0.0,0.0,0.0
125,Cabo de Santo Agostinho,CAB_L3,Itaipava_Lata,7,0.0,0.0,0.0,0.0,0.0,0.0
125,Cabo de Santo Agostinho,CAB_L3,Itaipava_Lata,8,0.0,0.0,0.0,0.0,0.0,0.0
125,Cabo de Santo Agostinho,CAB_L3,Itaipava_Lata,9,0.0,0.0,0.0,0.0,0.0,0.0
125,Cabo de Santo Agostinho,CAB_L3,Itaipava_Lata,10,0.0,0.0,0.0,0.0,0.0,0.0
125,Cabo de Santo Agostinho,CAB_L3,Itaipava_Lata,11,0.0,0.0,0.0,0.0,0.0,0.0
125,Cabo de Santo Agostinho,CAB_L3,Itaipava_Lata,12,0.0,0.0,0.0,0.0,0.0,0.0
125,Cabo de Santo Agostinho,CAB_L3,Itaipava_Lata,13,0.0,0.0,0.0,0.0,0.0,0.0
125,Cabo de Santo Agostinho,CAB_L3,Itaipava_Lata,14,0.0,0.0,0.0,0.0,0.0,0.0
125,Cabo de Santo Agostinho,CAB_L3,Itaipava_Lata,15,0.0,0.0,0.0,0.0,0.0,0.0
