cenario,produto,plant,linha,periodo,pi_demanda,saturado,unidade
120,Guarana_Antarctica_Zero,Jacarei,JAC_L1,1,-1.0e6,true,lata
120,Guarana_Antarctica_Zero,Jacarei,JAC_L1,2,-0.0,false,lata
120,Guarana_Antarctica_Zero,Jacarei,JAC_L1,3,-0.0,false,lata
120,Guarana_Antarctica_Zero,Jacarei,JAC_L1,4,-0.0,false,lata
120,Guarana_Antarctica_Zero,Jacarei,JAC_L1,5,-0.0,false,lata
120,Guarana_Antarctica_Zero,Jacarei,JAC_L1,6,-0.0,false,lata
120,Guarana_Antarctica_Zero,Jacarei,JAC_L1,7,-0.0,false,lata
120,Guarana_Antarctica_Zero,Jacarei,JAC_L1,8,-0.0,false,lata
120,Guarana_Antarctica_Zero,Jacarei,JAC_L1,9,-0.0,false,lata
120,Guarana_Antarctica_Zero,Jacarei,JAC_L1,10,-0.0,false,lata
120,Guarana_Antarctica_Zero,Jacarei,JAC_L1,11,-999999.9928506999,false,lata
120,Guarana_Antarctica_Zero,Jacarei,JAC_L1,12,-0.0,false,lata
120,Guarana_Antarctica_Zero,Jacarei,JAC_L1,13,-0.0,false,lata
120,Guarana_Antarctica_Zero,Jacarei,JAC_L1,14,-0.0,false,lata
120,Guarana_Antarctica_Zero,Jacarei,JAC_L1,15,-0.30498585,false,lata
120,Guarana_Antarctica_Zero,Jacarei,JAC_L2,1,-0.0,false,lata
120,Guarana_Antarctica_Zero,Jacarei,JAC_L2,2,-0.0,false,lata
120,Guarana_Antarctica_Zero,Jacarei,JAC_L2,3,-0.0,false,lata
120,Guarana_Antarctica_Zero,Jacarei,JAC_L2,4,-0.0,false,lata
120,Guarana_Antarctica_Zero,Jacarei,JAC_L2,5,-0.0,false,lata
120,Guarana_Antarctica_Zero,Jacarei,JAC_L2,6,-1.0e6,true,lata
120,Guarana_Antarctica_Zero,Jacarei,JAC_L2,7,-0.0,false,lata
120,Guarana_Antarctica_Zero,Jacarei,JAC_L2,8,-999999.9957315,false,lata
120,Guarana_Antarctica_Zero,Jacarei,JAC_L2,9,-0.0,false,lata
120,Guarana_Antarctica_Zero,Jacarei,JAC_L2,10,-0.0,false,lata
120,Guarana_Antarctica_Zero,Jacarei,JAC_L2,11,-0.0,false,lata
120,Guarana_Antarctica_Zero,Jacarei,JAC_L2,12,-0.0,false,lata
120,Guarana_Antarctica_Zero,Jacarei,JAC_L2,13,-0.0,false,lata
120,Guarana_Antarctica_Zero,Jacarei,JAC_L2,14,-0.0,false,lata
120,Guarana_Antarctica_Zero,Jacarei,JAC_L2,15,-0.30498585,false,lata
120,Guarana_Antarctica_Zero,Jacarei,JAC_L3,1,-0.0,false,lata
120,Guarana_Antarctica_Zero,Jacarei,JAC_L3,2,-0.0,false,lata
120,Guarana_Antarctica_Zero,Jacarei,JAC_L3,3,-0.0,false,lata
120,Guarana_Antarctica_Zero,Jacarei,JAC_L3,4,-0.0,false,lata
120,Guarana_Antarctica_Zero,Jacarei,JAC_L3,5,-0.0,false,lata
120,Guarana_Antarctica_Zero,Jacarei,JAC_L3,6,-0.0,false,lata
120,Guarana_Antarctica_Zero,Jacarei,JAC_L3,7,-1.0e6,true,lata
120,Guarana_Antarctica_Zero,Jacarei,JAC_L3,8,-0.0,false,lata
120,Guarana_Antarctica_Zero,Jacarei,JAC_L3,9,-0.0,false,lata
120,Guarana_Antarctica_Zero,Jacarei,JAC_L3,10,-0.0,false,lata
120,Guarana_Antarctica_Zero,Jacarei,JAC_L3,11,-0.0,false,lata
120,Guarana_Antarctica_Zero,Jacarei,JAC_L3,12,-0.0,false,lata
120,Guarana_Antarctica_Zero,Jacarei,JAC_L3,13,-0.0,false,lata
120,Guarana_Antarctica_Zero,Jacarei,JAC_L3,14,-0.0,false,lata
120,Guarana_Antarctica_Zero,Jacarei,JAC_L3,15,-0.30498585,false,lata
120,Guarana_Antarctica_Zero,Extrema,EXT_L1,1,-0.0,false,lata
120,Guarana_Antarctica_Zero,Extrema,EXT_L1,2,-999999.6099999999,false,lata
120,Guarana_Antarctica_Zero,Extrema,EXT_L1,3,-0.0,false,lata
120,Guarana_Antarctica_Zero,Extrema,EXT_L1,4,-0.0,false,lata
120,Guarana_Antarctica_Zero,Extrema,EXT_L1,5,-0.0,false,lata
120,Guarana_Antarctica_Zero,Extrema,EXT_L1,6,-0.0,false,lata
120,Guarana_Antarctica_Zero,Extrema,EXT_L1,7,-0.0,false,lata
120,Guarana_Antarctica_Zero,Extrema,EXT_L1,8,-0.0,false,lata
120,Guarana_Antarctica_Zero,Extrema,EXT_L1,9,-0.0,false,lata
120,Guarana_Antarctica_Zero,Extrema,EXT_L1,10,-0.0,false,lata
120,Guarana_Antarctica_Zero,Extrema,EXT_L1,11,-0.0,false,lata
120,Guarana_Antarctica_Zero,Extrema,EXT_L1,12,-0.0,false,lata
120,Guarana_Antarctica_Zero,Extrema,EXT_L1,13,-0.0,false,lata
120,Guarana_Antarctica_Zero,Extrema,EXT_L1,14,-0.0,false,lata
120,Guarana_Antarctica_Zero,Extrema,EXT_L1,15,-0.3076717,false,lata
120,Guarana_Antarctica_Zero,Extrema,EXT_L2,1,-0.0,false,lata
120,Guarana_Antarctica_Zero,Extrema,EXT_L2,2,-0.0,false,lata
120,Guarana_Antarctica_Zero,Extrema,EXT_L2,3,-0.0,false,lata
120,Guarana_Antarctica_Zero,Extrema,EXT_L2,4,-0.0,false,lata
120,Guarana_Antarctica_Zero,Extrema,EXT_L2,5,-0.0,false,lata
120,Guarana_Antarctica_Zero,Extrema,EXT_L2,6,-0.0,false,lata
120,Guarana_Antarctica_Zero,Extrema,EXT_L2,7,-0.0,false,lata
120,Guarana_Antarctica_Zero,Extrema,EXT_L2,8,-0.0,false,lata
120,Guarana_Antarctica_Zero,Extrema,EXT_L2,9,-0.0,false,lata
120,Guarana_Antarctica_Zero,Extrema,EXT_L2,10,-0.0,false,lata
120,Guarana_Antarctica_Zero,Extrema,EXT_L2,11,-0.0,false,lata
120,Guarana_Antarctica_Zero,Extrema,EXT_L2,12,-0.0,false,lata
120,Guarana_Antarctica_Zero,Extrema,EXT_L2,13,-0.0,false,lata
120,Guarana_Antarctica_Zero,Extrema,EXT_L2,14,-0.0,false,lata
120,Guarana_Antarctica_Zero,Extrema,EXT_L2,15,-0.3023,false,lata
120,Guarana_Antarctica_Zero,Extrema,EXT_L3,1,-0.0,false,lata
120,Guarana_Antarctica_Zero,Extrema,EXT_L3,2,-0.0,false,lata
120,Guarana_Antarctica_Zero,Extrema,EXT_L3,3,-0.0,false,lata
120,Guarana_Antarctica_Zero,Extrema,EXT_L3,4,-0.0,false,lata
120,Guarana_Antarctica_Zero,Extrema,EXT_L3,5,-0.0,false,lata
120,Guarana_Antarctica_Zero,Extrema,EXT_L3,6,-0.0,false,lata
120,Guarana_Antarctica_Zero,Extrema,EXT_L3,7,-0.0,false,lata
120,Guarana_Antarctica_Zero,Extrema,EXT_L3,8,-0.0,false,lata
120,Guarana_Antarctica_Zero,Extrema,EXT_L3,9,-0.0,false,lata
120,Guarana_Antarctica_Zero,Extrema,EXT_L3,10,-0.0,false,lata
120,Guarana_Antarctica_Zero,Extrema,EXT_L3,11,-0.0,false,lata
120,Guarana_Antarctica_Zero,Extrema,EXT_L3,12,-0.0,false,lata
120,Guarana_Antarctica_Zero,Extrema,EXT_L3,13,-0.0,false,lata
120,Guarana_Antarctica_Zero,Extrema,EXT_L3,14,-0.0,false,lata
120,Guarana_Antarctica_Zero,Extrema,EXT_L3,15,-0.3076717,false,lata
120,Guarana_Antarctica_Zero,Tres Rios,TRE_L1,1,-0.0,false,lata
120,Guarana_Antarctica_Zero,Tres Rios,TRE_L1,2,-0.0,false,lata
120,Guarana_Antarctica_Zero,Tres Rios,TRE_L1,3,-0.0,false,lata
120,Guarana_Antarctica_Zero,Tres Rios,TRE_L1,4,-0.0,false,lata
120,Guarana_Antarctica_Zero,Tres Rios,TRE_L1,5,-0.0,false,lata
120,Guarana_Antarctica_Zero,Tres Rios,TRE_L1,6,-0.0,false,lata
120,Guarana_Antarctica_Zero,Tres Rios,TRE_L1,7,-0.0,false,lata
120,Guarana_Antarctica_Zero,Tres Rios,TRE_L1,8,-0.0,false,lata
120,Guarana_Antarctica_Zero,Tres Rios,TRE_L1,9,-0.0,false,lata
120,Guarana_Antarctica_Zero,Tres Rios,TRE_L1,10,-0.0,false,lata
120,Guarana_Antarctica_Zero,Tres Rios,TRE_L1,11,-0.0,false,lata
120,Guarana_Antarctica_Zero,Tres Rios,TRE_L1,12,-999999.7286368497,false,lata
120,Guarana_Antarctica_Zero,Tres Rios,TRE_L1,13,-0.0,false,lata
120,Guarana_Antarctica_Zero,Tres Rios,TRE_L1,14,-0.0,false,lata
120,Guarana_Antarctica_Zero,Tres Rios,TRE_L1,15,-0.316179,false,lata
120,Guarana_Antarctica_Zero,Tres Rios,TRE_L2,1,-0.0,false,lata
120,Guarana_Antarctica_Zero,Tres Rios,TRE_L2,2,-0.0,false,lata
120,Guarana_Antarctica_Zero,Tres Rios,TRE_L2,3,-0.0,false,lata
120,Guarana_Antarctica_Zero,Tres Rios,TRE_L2,4,-0.0,false,lata
120,Guarana_Antarctica_Zero,Tres Rios,TRE_L2,5,-0.0,false,lata
120,Guarana_Antarctica_Zero,Tres Rios,TRE_L2,6,-1.0e6,true,lata
120,Guarana_Antarctica_Zero,Tres Rios,TRE_L2,7,-0.0,false,lata
120,Guarana_Antarctica_Zero,Tres Rios,TRE_L2,8,-0.0,false,lata
120,Guarana_Antarctica_Zero,Tres Rios,TRE_L2,9,-0.0,false,lata
120,Guarana_Antarctica_Zero,Tres Rios,TRE_L2,10,-0.0,false,lata
120,Guarana_Antarctica_Zero,Tres Rios,TRE_L2,11,-1.0e6,true,lata
120,Guarana_Antarctica_Zero,Tres Rios,TRE_L2,12,-0.0,false,lata
120,Guarana_Antarctica_Zero,Tres Rios,TRE_L2,13,-0.0,false,lata
120,Guarana_Antarctica_Zero,Tres Rios,TRE_L2,14,-0.0,false,lata
120,Guarana_Antarctica_Zero,Tres Rios,TRE_L2,15,-0.316179,false,lata
120,Guarana_Antarctica_Zero,Tres Rios,TRE_L3,1,-1.0e6,true,lata
120,Guarana_Antarctica_Zero,Tres Rios,TRE_L3,2,-999999.6199397,false,lata
120,Guarana_Antarctica_Zero,Tres Rios,TRE_L3,3,-0.0,false,lata
120,Guarana_Antarctica_Zero,Tres Rios,TRE_L3,4,-0.0,false,lata
120,Guarana_Antarctica_Zero,Tres Rios,TRE_L3,5,-0.0,false,lata
120,Guarana_Antarctica_Zero,Tres Rios,TRE_L3,6,-0.0,false,lata
120,Guarana_Antarctica_Zero,Tres Rios,TRE_L3,7,-0.0,false,lata
120,Guarana_Antarctica_Zero,Tres Rios,TRE_L3,8,-0.0,false,lata
120,Guarana_Antarctica_Zero,Tres Rios,TRE_L3,9,-0.0,false,lata
120,Guarana_Antarctica_Zero,Tres Rios,TRE_L3,10,-1.0e6,true,lata
120,Guarana_Antarctica_Zero,Tres Rios,TRE_L3,11,-0.0,false,lata
120,Guarana_Antarctica_Zero,Tres Rios,TRE_L3,12,-0.0,false,lata
120,Guarana_Antarctica_Zero,Tres Rios,TRE_L3,13,-0.0,false,lata
120,Guarana_Antarctica_Zero,Tres Rios,TRE_L3,14,-0.0,false,lata
120,Guarana_Antarctica_Zero,Tres Rios,TRE_L3,15,-0.316179,false,lata
120,Guarana_Antarctica_Zero,Alagoinhas,ALA_L1,1,-0.0,false,lata
120,Guarana_Antarctica_Zero,Alagoinhas,ALA_L1,2,-0.0,false,lata
120,Guarana_Antarctica_Zero,Alagoinhas,ALA_L1,3,-0.0,false,lata
120,Guarana_Antarctica_Zero,Alagoinhas,ALA_L1,4,-0.0,false,lata
120,Guarana_Antarctica_Zero,Alagoinhas,ALA_L1,5,-0.0,false,lata
120,Guarana_Antarctica_Zero,Alagoinhas,ALA_L1,6,-0.0,false,lata
120,Guarana_Antarctica_Zero,Alagoinhas,ALA_L1,7,-0.0,false,lata
120,Guarana_Antarctica_Zero,Alagoinhas,ALA_L1,8,-0.0,false,lata
120,Guarana_Antarctica_Zero,Alagoinhas,ALA_L1,9,-999999.7867052498,false,lata
120,Guarana_Antarctica_Zero,Alagoinhas,ALA_L1,10,-0.0,false,lata
120,Guarana_Antarctica_Zero,Alagoinhas,ALA_L1,11,-0.0,false,lata
120,Guarana_Antarctica_Zero,Alagoinhas,ALA_L1,12,-0.0,false,lata
120,Guarana_Antarctica_Zero,Alagoinhas,ALA_L1,13,-1.0e6,true,lata
120,Guarana_Antarctica_Zero,Alagoinhas,ALA_L1,14,-0.0,false,lata
120,Guarana_Antarctica_Zero,Alagoinhas,ALA_L1,15,-0.3058,false,lata
120,Guarana_Antarctica_Zero,Alagoinhas,ALA_L2,1,-0.0,false,lata
120,Guarana_Antarctica_Zero,Alagoinhas,ALA_L2,2,-0.0,false,lata
120,Guarana_Antarctica_Zero,Alagoinhas,ALA_L2,3,-0.0,false,lata
120,Guarana_Antarctica_Zero,Alagoinhas,ALA_L2,4,-0.0,false,lata
120,Guarana_Antarctica_Zero,Alagoinhas,ALA_L2,5,-0.0,false,lata
120,Guarana_Antarctica_Zero,Alagoinhas,ALA_L2,6,-0.0,false,lata
120,Guarana_Antarctica_Zero,Alagoinhas,ALA_L2,7,-1.0e6,true,lata
120,Guarana_Antarctica_Zero,Alagoinhas,ALA_L2,8,-0.0,false,lata
120,Guarana_Antarctica_Zero,Alagoinhas,ALA_L2,9,-0.0,false,lata
120,Guarana_Antarctica_Zero,Alagoinhas,ALA_L2,10,-0.0,false,lata
120,Guarana_Antarctica_Zero,Alagoinhas,ALA_L2,11,-0.0,false,lata
120,Guarana_Antarctica_Zero,Alagoinhas,ALA_L2,12,-0.0,false,lata
120,Guarana_Antarctica_Zero,Alagoinhas,ALA_L2,13,-0.0,false,lata
120,Guarana_Antarctica_Zero,Alagoinhas,ALA_L2,14,-0.0,false,lata
120,Guarana_Antarctica_Zero,Alagoinhas,ALA_L2,15,-0.32864045000000003,false,lata
120,Guarana_Antarctica_Zero,Alagoinhas,ALA_L3,1,-0.0,false,lata
120,Guarana_Antarctica_Zero,Alagoinhas,ALA_L3,2,-0.0,false,lata
120,Guarana_Antarctica_Zero,Alagoinhas,ALA_L3,3,-0.0,false,lata
120,Guarana_Antarctica_Zero,Alagoinhas,ALA_L3,4,-0.0,false,lata
120,Guarana_Antarctica_Zero,Alagoinhas,ALA_L3,5,-0.0,false,lata
120,Guarana_Antarctica_Zero,Alagoinhas,ALA_L3,6,-0.0,false,lata
120,Guarana_Antarctica_Zero,Alagoinhas,ALA_L3,7,-0.0,false,lata
120,Guarana_Antarctica_Zero,Alagoinhas,ALA_L3,8,-0.0,false,lata
120,Guarana_Antarctica_Zero,Alagoinhas,ALA_L3,9,-0.0,false,lata
120,Guarana_Antarctica_Zero,Alagoinhas,ALA_L3,10,-0.0,false,lata
120,Guarana_Antarctica_Zero,Alagoinhas,ALA_L3,11,-0.0,false,lata
120,Guarana_Antarctica_Zero,Alagoinhas,ALA_L3,12,-0.0,false,lata
120,Guarana_Antarctica_Zero,Alagoinhas,ALA_L3,13,-0.0,false,lata
120,Guarana_Antarctica_Zero,Alagoinhas,ALA_L3,14,-0.0,false,lata
120,Guarana_Antarctica_Zero,Alagoinhas,ALA_L3,15,-0.32864045000000003,false,lata
120,Guarana_Antarctica_Zero,Frutal,FRU_L1,1,-0.0,false,lata
120,Guarana_Antarctica_Zero,Frutal,FRU_L1,2,-0.0,false,lata
120,Guarana_Antarctica_Zero,Frutal,FRU_L1,3,-0.0,false,lata
120,Guarana_Antarctica_Zero,Frutal,FRU_L1,4,-0.0,false,lata
120,Guarana_Antarctica_Zero,Frutal,FRU_L1,5,-0.0,false,lata
120,Guarana_Antarctica_Zero,Frutal,FRU_L1,6,-0.0,false,lata
120,Guarana_Antarctica_Zero,Frutal,FRU_L1,7,-1.0e6,true,lata
120,Guarana_Antarctica_Zero,Frutal,FRU_L1,8,-0.0,false,lata
120,Guarana_Antarctica_Zero,Frutal,FRU_L1,9,-0.0,false,lata
120,Guarana_Antarctica_Zero,Frutal,FRU_L1,10,-0.0,false,lata
120,Guarana_Antarctica_Zero,Frutal,FRU_L1,11,-0.0,false,lata
120,Guarana_Antarctica_Zero,Frutal,FRU_L1,12,-0.0,false,lata
120,Guarana_Antarctica_Zero,Frutal,FRU_L1,13,-0.0,false,lata
120,Guarana_Antarctica_Zero,Frutal,FRU_L1,14,-0.0,false,lata
120,Guarana_Antarctica_Zero,Frutal,FRU_L1,15,-0.31980085,false,lata
120,Guarana_Antarctica_Zero,Frutal,FRU_L2,1,-0.0,false,lata
120,Guarana_Antarctica_Zero,Frutal,FRU_L2,2,-0.0,false,lata
120,Guarana_Antarctica_Zero,Frutal,FRU_L2,3,-0.0,false,lata
120,Guarana_Antarctica_Zero,Frutal,FRU_L2,4,-0.0,false,lata
120,Guarana_Antarctica_Zero,Frutal,FRU_L2,5,-0.0,false,lata
120,Guarana_Antarctica_Zero,Frutal,FRU_L2,6,-0.0,false,lata
120,Guarana_Antarctica_Zero,Frutal,FRU_L2,7,-0.0,false,lata
120,Guarana_Antarctica_Zero,Frutal,FRU_L2,8,-0.0,false,lata
120,Guarana_Antarctica_Zero,Frutal,FRU_L2,9,-0.0,false,lata
120,Guarana_Antarctica_Zero,Frutal,FRU_L2,10,-0.0,false,lata
120,Guarana_Antarctica_Zero,Frutal,FRU_L2,11,-0.0,false,lata
120,Guarana_Antarctica_Zero,Frutal,FRU_L2,12,-999999.7337272996,false,lata
120,Guarana_Antarctica_Zero,Frutal,FRU_L2,13,-0.0,false,lata
120,Guarana_Antarctica_Zero,Frutal,FRU_L2,14,-0.0,false,lata
120,Guarana_Antarctica_Zero,Frutal,FRU_L2,15,-0.2905,false,lata
120,Guarana_Antarctica_Zero,Frutal,FRU_L3,1,-0.0,false,lata
120,Guarana_Antarctica_Zero,Frutal,FRU_L3,2,-0.0,false,lata
120,Guarana_Antarctica_Zero,Frutal,FRU_L3,3,-0.0,false,lata
120,Guarana_Antarctica_Zero,Frutal,FRU_L3,4,-0.0,false,lata
120,Guarana_Antarctica_Zero,Frutal,FRU_L3,5,-0.0,false,lata
120,Guarana_Antarctica_Zero,Frutal,FRU_L3,6,-0.0,false,lata
120,Guarana_Antarctica_Zero,Frutal,FRU_L3,7,-0.0,false,lata
120,Guarana_Antarctica_Zero,Frutal,FRU_L3,8,-0.0,false,lata
120,Guarana_Antarctica_Zero,Frutal,FRU_L3,9,-0.0,false,lata
120,Guarana_Antarctica_Zero,Frutal,FRU_L3,10,-0.0,false,lata
120,Guarana_Antarctica_Zero,Frutal,FRU_L3,11,-0.0,false,lata
120,Guarana_Antarctica_Zero,Frutal,FRU_L3,12,-0.0,false,lata
120,Guarana_Antarctica_Zero,Frutal,FRU_L3,13,-0.0,false,lata
120,Guarana_Antarctica_Zero,Frutal,FRU_L3,14,-0.0,false,lata
120,Guarana_Antarctica_Zero,Frutal,FRU_L3,15,-0.31980085,false,lata
120,Guarana_Antarctica_Zero,Pouso Alegre,POU_L1,1,-0.0,false,lata
120,Guarana_Antarctica_Zero,Pouso Alegre,POU_L1,2,-0.0,false,lata
120,Guarana_Antarctica_Zero,Pouso Alegre,POU_L1,3,-0.0,false,lata
120,Guarana_Antarctica_Zero,Pouso Alegre,POU_L1,4,-0.0,false,lata
120,Guarana_Antarctica_Zero,Pouso Alegre,POU_L1,5,-0.0,false,lata
120,Guarana_Antarctica_Zero,Pouso Alegre,POU_L1,6,-0.0,false,lata
120,Guarana_Antarctica_Zero,Pouso Alegre,POU_L1,7,-0.0,false,lata
120,Guarana_Antarctica_Zero,Pouso Alegre,POU_L1,8,-0.0,false,lata
120,Guarana_Antarctica_Zero,Pouso Alegre,POU_L1,9,-0.0,false,lata
120,Guarana_Antarctica_Zero,Pouso Alegre,POU_L1,10,-0.0,false,lata
120,Guarana_Antarctica_Zero,Pouso Alegre,POU_L1,11,-0.0,false,lata
120,Guarana_Antarctica_Zero,Pouso Alegre,POU_L1,12,-0.0,false,lata
120,Guarana_Antarctica_Zero,Pouso Alegre,POU_L1,13,-999999.9953384496,false,lata
120,Guarana_Antarctica_Zero,Pouso Alegre,POU_L1,14,-0.0,false,lata
120,Guarana_Antarctica_Zero,Pouso Alegre,POU_L1,15,-0.305253,false,lata
120,Guarana_Antarctica_Zero,Pouso Alegre,POU_L2,1,-0.0,false,lata
120,Guarana_Antarctica_Zero,Pouso Alegre,POU_L2,2,-0.0,false,lata
120,Guarana_Antarctica_Zero,Pouso Alegre,POU_L2,3,-0.0,false,lata
120,Guarana_Antarctica_Zero,Pouso Alegre,POU_L2,4,-0.0,false,lata
120,Guarana_Antarctica_Zero,Pouso Alegre,POU_L2,5,-0.0,false,lata
120,Guarana_Antarctica_Zero,Pouso Alegre,POU_L2,6,-0.0,false,lata
120,Guarana_Antarctica_Zero,Pouso Alegre,POU_L2,7,-0.0,false,lata
120,Guarana_Antarctica_Zero,Pouso Alegre,POU_L2,8,-999999.9943613501,false,lata
120,Guarana_Antarctica_Zero,Pouso Alegre,POU_L2,9,-0.0,false,lata
120,Guarana_Antarctica_Zero,Pouso Alegre,POU_L2,10,-0.0,false,lata
120,Guarana_Antarctica_Zero,Pouso Alegre,POU_L2,11,-0.0,false,lata
120,Guarana_Antarctica_Zero,Pouso Alegre,POU_L2,12,-0.0,false,lata
120,Guarana_Antarctica_Zero,Pouso Alegre,POU_L2,13,-0.0,false,lata
120,Guarana_Antarctica_Zero,Pouso Alegre,POU_L2,14,-0.0,false,lata
120,Guarana_Antarctica_Zero,Pouso Alegre,POU_L2,15,-0.305253,false,lata
120,Guarana_Antarctica_Zero,Pouso Alegre,POU_L3,1,-0.0,false,lata
120,Guarana_Antarctica_Zero,Pouso Alegre,POU_L3,2,-0.0,false,lata
120,Guarana_Antarctica_Zero,Pouso Alegre,POU_L3,3,-0.0,false,lata
120,Guarana_Antarctica_Zero,Pouso Alegre,POU_L3,4,-0.0,false,lata
120,Guarana_Antarctica_Zero,Pouso Alegre,POU_L3,5,-0.0,false,lata
120,Guarana_Antarctica_Zero,Pouso Alegre,POU_L3,6,-0.0,false,lata
120,Guarana_Antarctica_Zero,Pouso Alegre,POU_L3,7,-0.0,false,lata
120,Guarana_Antarctica_Zero,Pouso Alegre,POU_L3,8,-0.0,false,lata
120,Guarana_Antarctica_Zero,Pouso Alegre,POU_L3,9,-0.0,false,lata
120,Guarana_Antarctica_Zero,Pouso Alegre,POU_L3,10,-999999.99942635,false,lata
120,Guarana_Antarctica_Zero,Pouso Alegre,POU_L3,11,-0.0,false,lata
120,Guarana_Antarctica_Zero,Pouso Alegre,POU_L3,12,-0.0,false,lata
120,Guarana_Antarctica_Zero,Pouso Alegre,POU_L3,13,-0.0,false,lata
120,Guarana_Antarctica_Zero,Pouso Alegre,POU_L3,14,-0.0,false,lata
120,Guarana_Antarctica_Zero,Pouso Alegre,POU_L3,15,-0.305253,false,lata
120,Guarana_Antarctica_Zero,Gama,GAM_L1,1,-0.0,false,lata
120,Guarana_Antarctica_Zero,Gama,GAM_L1,2,-0.0,false,lata
120,Guarana_Antarctica_Zero,Gama,GAM_L1,3,-0.0,false,lata
120,Guarana_Antarctica_Zero,Gama,GAM_L1,4,-1.0e6,true,lata
120,Guarana_Antarctica_Zero,Gama,GAM_L1,5,-0.0,false,lata
120,Guarana_Antarctica_Zero,Gama,GAM_L1,6,-0.0,false,lata
120,Guarana_Antarctica_Zero,Gama,GAM_L1,7,-0.0,false,lata
120,Guarana_Antarctica_Zero,Gama,GAM_L1,8,-0.0,false,lata
120,Guarana_Antarctica_Zero,Gama,GAM_L1,9,-0.0,false,lata
120,Guarana_Antarctica_Zero,Gama,GAM_L1,10,-0.0,false,lata
120,Guarana_Antarctica_Zero,Gama,GAM_L1,11,-0.0,false,lata
120,Guarana_Antarctica_Zero,Gama,GAM_L1,12,-0.0,false,lata
120,Guarana_Antarctica_Zero,Gama,GAM_L1,13,-0.0,false,lata
120,Guarana_Antarctica_Zero,Gama,GAM_L1,14,-999999.8703516002,false,lata
120,Guarana_Antarctica_Zero,Gama,GAM_L1,15,-0.30036830000000003,false,lata
120,Guarana_Antarctica_Zero,Gama,GAM_L2,1,-1.0e6,true,lata
120,Guarana_Antarctica_Zero,Gama,GAM_L2,2,-0.0,false,lata
120,Guarana_Antarctica_Zero,Gama,GAM_L2,3,-0.0,false,lata
120,Guarana_Antarctica_Zero,Gama,GAM_L2,4,-0.0,false,lata
120,Guarana_Antarctica_Zero,Gama,GAM_L2,5,-0.0,false,lata
120,Guarana_Antarctica_Zero,Gama,GAM_L2,6,-0.0,false,lata
120,Guarana_Antarctica_Zero,Gama,GAM_L2,7,-0.0,false,lata
120,Guarana_Antarctica_Zero,Gama,GAM_L2,8,-0.0,false,lata
120,Guarana_Antarctica_Zero,Gama,GAM_L2,9,-999999.7593857498,false,lata
120,Guarana_Antarctica_Zero,Gama,GAM_L2,10,-0.0,false,lata
120,Guarana_Antarctica_Zero,Gama,GAM_L2,11,-0.0,false,lata
120,Guarana_Antarctica_Zero,Gama,GAM_L2,12,-0.0,false,lata
120,Guarana_Antarctica_Zero,Gama,GAM_L2,13,-0.0,false,lata
120,Guarana_Antarctica_Zero,Gama,GAM_L2,14,-0.0,false,lata
120,Guarana_Antarctica_Zero,Gama,GAM_L2,15,-0.30993255,false,lata
120,Guarana_Antarctica_Zero,Gama,GAM_L3,1,-0.0,false,lata
120,Guarana_Antarctica_Zero,Gama,GAM_L3,2,-0.0,false,lata
120,Guarana_Antarctica_Zero,Gama,GAM_L3,3,-0.0,false,lata
120,Guarana_Antarctica_Zero,Gama,GAM_L3,4,-0.0,false,lata
120,Guarana_Antarctica_Zero,Gama,GAM_L3,5,-0.0,false,lata
120,Guarana_Antarctica_Zero,Gama,GAM_L3,6,-0.0,false,lata
120,Guarana_Antarctica_Zero,Gama,GAM_L3,7,-0.0,false,lata
120,Guarana_Antarctica_Zero,Gama,GAM_L3,8,-0.0,false,lata
120,Guarana_Antarctica_Zero,Gama,GAM_L3,9,-0.0,false,lata
120,Guarana_Antarctica_Zero,Gama,GAM_L3,10,-0.0,false,lata
120,Guarana_Antarctica_Zero,Gama,GAM_L3,11,-0.0,false,lata
120,Guarana_Antarctica_Zero,Gama,GAM_L3,12,-0.0,false,lata
120,Guarana_Antarctica_Zero,Gama,GAM_L3,13,-0.0,false,lata
120,Guarana_Antarctica_Zero,Gama,GAM_L3,14,-0.0,false,lata
120,Guarana_Antarctica_Zero,Gama,GAM_L3,15,-0.30993255,false,lata
120,Guarana_Antarctica_Zero,Viamao,VIA_L1,1,-0.0,false,lata
120,Guarana_Antarctica_Zero,Viamao,VIA_L1,2,-0.0,false,lata
120,Guarana_Antarctica_Zero,Viamao,VIA_L1,3,-0.0,false,lata
120,Guarana_Antarctica_Zero,Viamao,VIA_L1,4,-0.0,false,lata
120,Guarana_Antarctica_Zero,Viamao,VIA_L1,5,-0.0,false,lata
120,Guarana_Antarctica_Zero,Viamao,VIA_L1,6,-0.0,false,lata
120,Guarana_Antarctica_Zero,Viamao,VIA_L1,7,-0.0,false,lata
120,Guarana_Antarctica_Zero,Viamao,VIA_L1,8,-0.0,false,lata
120,Guarana_Antarctica_Zero,Viamao,VIA_L1,9,-0.0,false,lata
120,Guarana_Antarctica_Zero,Viamao,VIA_L1,10,-0.0,false,lata
120,Guarana_Antarctica_Zero,Viamao,VIA_L1,11,-0.0,false,lata
120,Guarana_Antarctica_Zero,Viamao,VIA_L1,12,-0.0,false,lata
120,Guarana_Antarctica_Zero,Viamao,VIA_L1,13,-0.0,false,lata
120,Guarana_Antarctica_Zero,Viamao,VIA_L1,14,-0.0,false,lata
120,Guarana_Antarctica_Zero,Viamao,VIA_L1,15,-0.33913099999999996,false,lata
120,Guarana_Antarctica_Zero,Viamao,VIA_L2,1,-0.0,false,lata
120,Guarana_Antarctica_Zero,Viamao,VIA_L2,2,-0.0,false,lata
120,Guarana_Antarctica_Zero,Viamao,VIA_L2,3,-0.0,false,lata
120,Guarana_Antarctica_Zero,Viamao,VIA_L2,4,-0.0,false,lata
120,Guarana_Antarctica_Zero,Viamao,VIA_L2,5,-0.0,false,lata
120,Guarana_Antarctica_Zero,Viamao,VIA_L2,6,-0.0,false,lata
120,Guarana_Antarctica_Zero,Viamao,VIA_L2,7,-1.0e6,true,lata
120,Guarana_Antarctica_Zero,Viamao,VIA_L2,8,-0.0,false,lata
120,Guarana_Antarctica_Zero,Viamao,VIA_L2,9,-0.0,false,lata
120,Guarana_Antarctica_Zero,Viamao,VIA_L2,10,-0.0,false,lata
120,Guarana_Antarctica_Zero,Viamao,VIA_L2,11,-0.0,false,lata
120,Guarana_Antarctica_Zero,Viamao,VIA_L2,12,-0.0,false,lata
120,Guarana_Antarctica_Zero,Viamao,VIA_L2,13,-0.0,false,lata
120,Guarana_Antarctica_Zero,Viamao,VIA_L2,14,-0.0,false,lata
120,Guarana_Antarctica_Zero,Viamao,VIA_L2,15,-0.3355,false,lata
120,Guarana_Antarctica_Zero,Viamao,VIA_L3,1,-0.0,false,lata
120,Guarana_Antarctica_Zero,Viamao,VIA_L3,2,-0.0,false,lata
120,Guarana_Antarctica_Zero,Viamao,VIA_L3,3,-0.0,false,lata
120,Guarana_Antarctica_Zero,Viamao,VIA_L3,4,-0.0,false,lata
120,Guarana_Antarctica_Zero,Viamao,VIA_L3,5,-0.0,false,lata
120,Guarana_Antarctica_Zero,Viamao,VIA_L3,6,-0.0,false,lata
120,Guarana_Antarctica_Zero,Viamao,VIA_L3,7,-0.0,false,lata
120,Guarana_Antarctica_Zero,Viamao,VIA_L3,8,-0.0,false,lata
120,Guarana_Antarctica_Zero,Viamao,VIA_L3,9,-0.0,false,lata
120,Guarana_Antarctica_Zero,Viamao,VIA_L3,10,-0.0,false,lata
120,Guarana_Antarctica_Zero,Viamao,VIA_L3,11,-0.0,false,lata
120,Guarana_Antarctica_Zero,Viamao,VIA_L3,12,-0.0,false,lata
120,Guarana_Antarctica_Zero,Viamao,VIA_L3,13,-0.0,false,lata
120,Guarana_Antarctica_Zero,Viamao,VIA_L3,14,-0.0,false,lata
120,Guarana_Antarctica_Zero,Viamao,VIA_L3,15,-0.33913099999999996,false,lata
120,Guarana_Antarctica_Zero,Itupeva,ITU_L1,1,-0.0,false,lata
120,Guarana_Antarctica_Zero,Itupeva,ITU_L1,2,-0.0,false,lata
120,Guarana_Antarctica_Zero,Itupeva,ITU_L1,3,-0.0,false,lata
120,Guarana_Antarctica_Zero,Itupeva,ITU_L1,4,-0.0,false,lata
120,Guarana_Antarctica_Zero,Itupeva,ITU_L1,5,-0.0,false,lata
120,Guarana_Antarctica_Zero,Itupeva,ITU_L1,6,-0.0,false,lata
120,Guarana_Antarctica_Zero,Itupeva,ITU_L1,7,-0.0,false,lata
120,Guarana_Antarctica_Zero,Itupeva,ITU_L1,8,-1.0e6,true,lata
120,Guarana_Antarctica_Zero,Itupeva,ITU_L1,9,-0.0,false,lata
120,Guarana_Antarctica_Zero,Itupeva,ITU_L1,10,-1.0e6,true,lata
120,Guarana_Antarctica_Zero,Itupeva,ITU_L1,11,-0.0,false,lata
120,Guarana_Antarctica_Zero,Itupeva,ITU_L1,12,-0.0,false,lata
120,Guarana_Antarctica_Zero,Itupeva,ITU_L1,13,-0.0,false,lata
120,Guarana_Antarctica_Zero,Itupeva,ITU_L1,14,-0.0,false,lata
120,Guarana_Antarctica_Zero,Itupeva,ITU_L1,15,-0.30392085,false,lata
120,Guarana_Antarctica_Zero,Itupeva,ITU_L2,1,-0.0,false,lata
120,Guarana_Antarctica_Zero,Itupeva,ITU_L2,2,-0.0,false,lata
120,Guarana_Antarctica_Zero,Itupeva,ITU_L2,3,-0.0,false,lata
120,Guarana_Antarctica_Zero,Itupeva,ITU_L2,4,-0.0,false,lata
120,Guarana_Antarctica_Zero,Itupeva,ITU_L2,5,-0.0,false,lata
120,Guarana_Antarctica_Zero,Itupeva,ITU_L2,6,-0.0,false,lata
120,Guarana_Antarctica_Zero,Itupeva,ITU_L2,7,-0.0,false,lata
120,Guarana_Antarctica_Zero,Itupeva,ITU_L2,8,-0.0,false,lata
120,Guarana_Antarctica_Zero,Itupeva,ITU_L2,9,-0.0,false,lata
120,Guarana_Antarctica_Zero,Itupeva,ITU_L2,10,-0.0,false,lata
120,Guarana_Antarctica_Zero,Itupeva,ITU_L2,11,-0.0,false,lata
120,Guarana_Antarctica_Zero,Itupeva,ITU_L2,12,-0.0,false,lata
120,Guarana_Antarctica_Zero,Itupeva,ITU_L2,13,-0.0,false,lata
120,Guarana_Antarctica_Zero,Itupeva,ITU_L2,14,-0.0,false,lata
120,Guarana_Antarctica_Zero,Itupeva,ITU_L2,15,-0.30605085,false,lata
120,Guarana_Antarctica_Zero,Itupeva,ITU_L3,1,-0.0,false,lata
120,Guarana_Antarctica_Zero,Itupeva,ITU_L3,2,-0.0,false,lata
120,Guarana_Antarctica_Zero,Itupeva,ITU_L3,3,-0.0,false,lata
120,Guarana_Antarctica_Zero,Itupeva,ITU_L3,4,-0.0,false,lata
120,Guarana_Antarctica_Zero,Itupeva,ITU_L3,5,-0.0,false,lata
120,Guarana_Antarctica_Zero,Itupeva,ITU_L3,6,-0.0,false,lata
120,Guarana_Antarctica_Zero,Itupeva,ITU_L3,7,-0.0,false,lata
120,Guarana_Antarctica_Zero,Itupeva,ITU_L3,8,-0.0,false,lata
120,Guarana_Antarctica_Zero,Itupeva,ITU_L3,9,-0.0,false,lata
120,Guarana_Antarctica_Zero,Itupeva,ITU_L3,10,-0.0,false,lata
120,Guarana_Antarctica_Zero,Itupeva,ITU_L3,11,-0.0,false,lata
120,Guarana_Antarctica_Zero,Itupeva,ITU_L3,12,-0.0,false,lata
120,Guarana_Antarctica_Zero,Itupeva,ITU_L3,13,-999999.9959120996,false,lata
120,Guarana_Antarctica_Zero,Itupeva,ITU_L3,14,-0.0,false,lata
120,Guarana_Antarctica_Zero,Itupeva,ITU_L3,15,-0.30605085,false,lata
120,Guarana_Antarctica_Zero,Cabo de Santo Agostinho,CAB_L1,1,-0.0,false,lata
120,Guarana_Antarctica_Zero,Cabo de Santo Agostinho,CAB_L1,2,-0.0,false,lata
120,Guarana_Antarctica_Zero,Cabo de Santo Agostinho,CAB_L1,3,-0.0,false,lata
120,Guarana_Antarctica_Zero,Cabo de Santo Agostinho,CAB_L1,4,-0.0,false,lata
120,Guarana_Antarctica_Zero,Cabo de Santo Agostinho,CAB_L1,5,-0.0,false,lata
120,Guarana_Antarctica_Zero,Cabo de Santo Agostinho,CAB_L1,6,-0.0,false,lata
120,Guarana_Antarctica_Zero,Cabo de Santo Agostinho,CAB_L1,7,-0.0,false,lata
120,Guarana_Antarctica_Zero,Cabo de Santo Agostinho,CAB_L1,8,-0.0,false,lata
120,Guarana_Antarctica_Zero,Cabo de Santo Agostinho,CAB_L1,9,-0.0,false,lata
120,Guarana_Antarctica_Zero,Cabo de Santo Agostinho,CAB_L1,10,-0.0,false,lata
120,Guarana_Antarctica_Zero,Cabo de Santo Agostinho,CAB_L1,11,-0.0,false,lata
120,Guarana_Antarctica_Zero,Cabo de Santo Agostinho,CAB_L1,12,-0.0,false,lata
120,Guarana_Antarctica_Zero,Cabo de Santo Agostinho,CAB_L1,13,-0.0,false,lata
120,Guarana_Antarctica_Zero,Cabo de Santo Agostinho,CAB_L1,14,-0.0,false,lata
120,Guarana_Antarctica_Zero,Cabo de Santo Agostinho,CAB_L1,15,-0.3047,false,lata
120,Guarana_Antarctica_Zero,Cabo de Santo Agostinho,CAB_L2,1,-0.0,false,lata
120,Guarana_Antarctica_Zero,Cabo de Santo Agostinho,CAB_L2,2,-0.0,false,lata
120,Guarana_Antarctica_Zero,Cabo de Santo Agostinho,CAB_L2,3,-0.0,false,lata
120,Guarana_Antarctica_Zero,Cabo de Santo Agostinho,CAB_L2,4,-0.0,false,lata
120,Guarana_Antarctica_Zero,Cabo de Santo Agostinho,CAB_L2,5,-0.0,false,lata
120,Guarana_Antarctica_Zero,Cabo de Santo Agostinho,CAB_L2,6,-0.0,false,lata
120,Guarana_Antarctica_Zero,Cabo de Santo Agostinho,CAB_L2,7,-0.0,false,lata
120,Guarana_Antarctica_Zero,Cabo de Santo Agostinho,CAB_L2,8,-0.0,false,lata
120,Guarana_Antarctica_Zero,Cabo de Santo Agostinho,CAB_L2,9,-0.0,false,lata
120,Guarana_Antarctica_Zero,Cabo de Santo Agostinho,CAB_L2,10,-0.0,false,lata
120,Guarana_Antarctica_Zero,Cabo de Santo Agostinho,CAB_L2,11,-0.0,false,lata
120,Guarana_Antarctica_Zero,Cabo de Santo Agostinho,CAB_L2,12,-0.0,false,lata
120,Guarana_Antarctica_Zero,Cabo de Santo Agostinho,CAB_L2,13,-0.0,false,lata
120,Guarana_Antarctica_Zero,Cabo de Santo Agostinho,CAB_L2,14,-0.0,false,lata
120,Guarana_Antarctica_Zero,Cabo de Santo Agostinho,CAB_L2,15,-0.329,false,lata
120,Guarana_Antarctica_Zero,Cabo de Santo Agostinho,CAB_L3,1,-0.0,false,lata
120,Guarana_Antarctica_Zero,Cabo de Santo Agostinho,CAB_L3,2,-0.0,false,lata
120,Guarana_Antarctica_Zero,Cabo de Santo Agostinho,CAB_L3,3,-0.0,false,lata
120,Guarana_Antarctica_Zero,Cabo de Santo Agostinho,CAB_L3,4,-0.0,false,lata
120,Guarana_Antarctica_Zero,Cabo de Santo Agostinho,CAB_L3,5,-999999.7938857496,false,lata
120,Guarana_Antarctica_Zero,Cabo de Santo Agostinho,CAB_L3,6,-0.0,false,lata
120,Guarana_Antarctica_Zero,Cabo de Santo Agostinho,CAB_L3,7,-0.0,false,lata
120,Guarana_Antarctica_Zero,Cabo de Santo Agostinho,CAB_L3,8,-0.0,false,lata
120,Guarana_Antarctica_Zero,Cabo de Santo Agostinho,CAB_L3,9,-0.0,false,lata
120,Guarana_Antarctica_Zero,Cabo de Santo Agostinho,CAB_L3,10,-0.0,false,lata
120,Guarana_Antarctica_Zero,Cabo de Santo Agostinho,CAB_L3,11,-0.0,false,lata
120,Guarana_Antarctica_Zero,Cabo de Santo Agostinho,CAB_L3,12,-0.0,false,lata
120,Guarana_Antarctica_Zero,Cabo de Santo Agostinho,CAB_L3,13,-0.0,false,lata
120,Guarana_Antarctica_Zero,Cabo de Santo Agostinho,CAB_L3,14,-0.0,false,lata
120,Guarana_Antarctica_Zero,Cabo de Santo Agostinho,CAB_L3,15,-0.3229,false,lata
120,Del_Valle_Uva,Jacarei,JAC_L1,1,-0.0,false,lata
120,Del_Valle_Uva,Jacarei,JAC_L1,2,-999999.3854574502,false,lata
120,Del_Valle_Uva,Jacarei,JAC_L1,3,-0.0,false,lata
120,Del_Valle_Uva,Jacarei,JAC_L1,4,-0.0,false,lata
120,Del_Valle_Uva,Jacarei,JAC_L1,5,-0.0,false,lata
120,Del_Valle_Uva,Jacarei,JAC_L1,6,-0.0,false,lata
120,Del_Valle_Uva,Jacarei,JAC_L1,7,-0.0,false,lata
120,Del_Valle_Uva,Jacarei,JAC_L1,8,-0.0,false,lata
120,Del_Valle_Uva,Jacarei,JAC_L1,9,-0.0,false,lata
120,Del_Valle_Uva,Jacarei,JAC_L1,10,-0.0,false,lata
120,Del_Valle_Uva,Jacarei,JAC_L1,11,-0.0,false,lata
120,Del_Valle_Uva,Jacarei,JAC_L1,12,-0.0,false,lata
120,Del_Valle_Uva,Jacarei,JAC_L1,13,-0.0,false,lata
120,Del_Valle_Uva,Jacarei,JAC_L1,14,-0.0,false,lata
120,Del_Valle_Uva,Jacarei,JAC_L1,15,-0.0,false,lata
120,Del_Valle_Uva,Jacarei,JAC_L2,1,-0.0,false,lata
120,Del_Valle_Uva,Jacarei,JAC_L2,2,-0.0,false,lata
120,Del_Valle_Uva,Jacarei,JAC_L2,3,-0.0,false,lata
120,Del_Valle_Uva,Jacarei,JAC_L2,4,-0.0,false,lata
120,Del_Valle_Uva,Jacarei,JAC_L2,5,-0.0,false,lata
120,Del_Valle_Uva,Jacarei,JAC_L2,6,-0.0,false,lata
120,Del_Valle_Uva,Jacarei,JAC_L2,7,-0.0,false,lata
120,Del_Valle_Uva,Jacarei,JAC_L2,8,-0.0,false,lata
120,Del_Valle_Uva,Jacarei,JAC_L2,9,-0.0,false,lata
120,Del_Valle_Uva,Jacarei,JAC_L2,10,-0.0,false,lata
120,Del_Valle_Uva,Jacarei,JAC_L2,11,-0.0,false,lata
120,Del_Valle_Uva,Jacarei,JAC_L2,12,-0.0,false,lata
120,Del_Valle_Uva,Jacarei,JAC_L2,13,-0.0,false,lata
120,Del_Valle_Uva,Jacarei,JAC_L2,14,-0.0,false,lata
120,Del_Valle_Uva,Jacarei,JAC_L2,15,-0.0,false,lata
120,Del_Valle_Uva,Jacarei,JAC_L3,1,-0.0,false,lata
120,Del_Valle_Uva,Jacarei,JAC_L3,2,-0.0,false,lata
120,Del_Valle_Uva,Jacarei,JAC_L3,3,-0.0,false,lata
120,Del_Valle_Uva,Jacarei,JAC_L3,4,-0.0,false,lata
120,Del_Valle_Uva,Jacarei,JAC_L3,5,-0.0,false,lata
120,Del_Valle_Uva,Jacarei,JAC_L3,6,-0.0,false,lata
120,Del_Valle_Uva,Jacarei,JAC_L3,7,-0.0,false,lata
120,Del_Valle_Uva,Jacarei,JAC_L3,8,-0.0,false,lata
120,Del_Valle_Uva,Jacarei,JAC_L3,9,-0.0,false,lata
120,Del_Valle_Uva,Jacarei,JAC_L3,10,-0.0,false,lata
120,Del_Valle_Uva,Jacarei,JAC_L3,11,-0.0,false,lata
120,Del_Valle_Uva,Jacarei,JAC_L3,12,-0.0,false,lata
120,Del_Valle_Uva,Jacarei,JAC_L3,13,-0.0,false,lata
120,Del_Valle_Uva,Jacarei,JAC_L3,14,-0.0,false,lata
120,Del_Valle_Uva,Jacarei,JAC_L3,15,-0.0,false,lata
120,Del_Valle_Uva,Extrema,EXT_L1,1,-0.0,false,lata
120,Del_Valle_Uva,Extrema,EXT_L1,2,-0.0,false,lata
120,Del_Valle_Uva,Extrema,EXT_L1,3,-0.0,false,lata
120,Del_Valle_Uva,Extrema,EXT_L1,4,-0.0,false,lata
120,Del_Valle_Uva,Extrema,EXT_L1,5,-0.0,false,lata
120,Del_Valle_Uva,Extrema,EXT_L1,6,-0.0,false,lata
120,Del_Valle_Uva,Extrema,EXT_L1,7,-0.0,false,lata
120,Del_Valle_Uva,Extrema,EXT_L1,8,-0.0,false,lata
120,Del_Valle_Uva,Extrema,EXT_L1,9,-0.0,false,lata
120,Del_Valle_Uva,Extrema,EXT_L1,10,-0.0,false,lata
120,Del_Valle_Uva,Extrema,EXT_L1,11,-0.0,false,lata
120,Del_Valle_Uva,Extrema,EXT_L1,12,-0.0,false,lata
120,Del_Valle_Uva,Extrema,EXT_L1,13,-0.0,false,lata
120,Del_Valle_Uva,Extrema,EXT_L1,14,-0.0,false,lata
120,Del_Valle_Uva,Extrema,EXT_L1,15,-0.0,false,lata
120,Del_Valle_Uva,Extrema,EXT_L2,1,-0.0,false,lata
120,Del_Valle_Uva,Extrema,EXT_L2,2,-0.0,false,lata
120,Del_Valle_Uva,Extrema,EXT_L2,3,-0.0,false,lata
120,Del_Valle_Uva,Extrema,EXT_L2,4,-0.0,false,lata
120,Del_Valle_Uva,Extrema,EXT_L2,5,-0.0,false,lata
120,Del_Valle_Uva,Extrema,EXT_L2,6,-0.0,false,lata
120,Del_Valle_Uva,Extrema,EXT_L2,7,-0.0,false,lata
120,Del_Valle_Uva,Extrema,EXT_L2,8,-0.0,false,lata
120,Del_Valle_Uva,Extrema,EXT_L2,9,-0.0,false,lata
120,Del_Valle_Uva,Extrema,EXT_L2,10,-0.0,false,lata
120,Del_Valle_Uva,Extrema,EXT_L2,11,-0.0,false,lata
120,Del_Valle_Uva,Extrema,EXT_L2,12,-0.0,false,lata
120,Del_Valle_Uva,Extrema,EXT_L2,13,-0.0,false,lata
120,Del_Valle_Uva,Extrema,EXT_L2,14,-0.0,false,lata
120,Del_Valle_Uva,Extrema,EXT_L2,15,-0.0,false,lata
120,Del_Valle_Uva,Extrema,EXT_L3,1,-0.0,false,lata
120,Del_Valle_Uva,Extrema,EXT_L3,2,-0.0,false,lata
120,Del_Valle_Uva,Extrema,EXT_L3,3,-0.0,false,lata
120,Del_Valle_Uva,Extrema,EXT_L3,4,-0.0,false,lata
120,Del_Valle_Uva,Extrema,EXT_L3,5,-0.0,false,lata
120,Del_Valle_Uva,Extrema,EXT_L3,6,-0.0,false,lata
120,Del_Valle_Uva,Extrema,EXT_L3,7,-0.0,false,lata
120,Del_Valle_Uva,Extrema,EXT_L3,8,-0.0,false,lata
120,Del_Valle_Uva,Extrema,EXT_L3,9,-0.0,false,lata
120,Del_Valle_Uva,Extrema,EXT_L3,10,-0.0,false,lata
120,Del_Valle_Uva,Extrema,EXT_L3,11,-999999.1304952999,false,lata
120,Del_Valle_Uva,Extrema,EXT_L3,12,-0.0,false,lata
120,Del_Valle_Uva,Extrema,EXT_L3,13,-0.0,false,lata
120,Del_Valle_Uva,Extrema,EXT_L3,14,-0.0,false,lata
120,Del_Valle_Uva,Extrema,EXT_L3,15,-0.0,false,lata
120,Del_Valle_Uva,Tres Rios,TRE_L1,1,-0.0,false,lata
120,Del_Valle_Uva,Tres Rios,TRE_L1,2,-0.0,false,lata
120,Del_Valle_Uva,Tres Rios,TRE_L1,3,-0.0,false,lata
120,Del_Valle_Uva,Tres Rios,TRE_L1,4,-0.0,false,lata
120,Del_Valle_Uva,Tres Rios,TRE_L1,5,-0.0,false,lata
120,Del_Valle_Uva,Tres Rios,TRE_L1,6,-0.0,false,lata
120,Del_Valle_Uva,Tres Rios,TRE_L1,7,-0.0,false,lata
120,Del_Valle_Uva,Tres Rios,TRE_L1,8,-0.0,false,lata
120,Del_Valle_Uva,Tres Rios,TRE_L1,9,-0.0,false,lata
120,Del_Valle_Uva,Tres Rios,TRE_L1,10,-0.0,false,lata
120,Del_Valle_Uva,Tres Rios,TRE_L1,11,-0.0,false,lata
120,Del_Valle_Uva,Tres Rios,TRE_L1,12,-0.0,false,lata
120,Del_Valle_Uva,Tres Rios,TRE_L1,13,-0.0,false,lata
120,Del_Valle_Uva,Tres Rios,TRE_L1,14,-0.0,false,lata
120,Del_Valle_Uva,Tres Rios,TRE_L1,15,-0.0,false,lata
120,Del_Valle_Uva,Tres Rios,TRE_L2,1,-0.0,false,lata
120,Del_Valle_Uva,Tres Rios,TRE_L2,2,-0.0,false,lata
120,Del_Valle_Uva,Tres Rios,TRE_L2,3,-999998.8864022,false,lata
120,Del_Valle_Uva,Tres Rios,TRE_L2,4,-0.0,false,lata
120,Del_Valle_Uva,Tres Rios,TRE_L2,5,-0.0,false,lata
120,Del_Valle_Uva,Tres Rios,TRE_L2,6,-0.0,false,lata
120,Del_Valle_Uva,Tres Rios,TRE_L2,7,-0.0,false,lata
120,Del_Valle_Uva,Tres Rios,TRE_L2,8,-0.0,false,lata
120,Del_Valle_Uva,Tres Rios,TRE_L2,9,-0.0,false,lata
120,Del_Valle_Uva,Tres Rios,TRE_L2,10,-0.0,false,lata
120,Del_Valle_Uva,Tres Rios,TRE_L2,11,-0.0,false,lata
120,Del_Valle_Uva,Tres Rios,TRE_L2,12,-0.0,false,lata
120,Del_Valle_Uva,Tres Rios,TRE_L2,13,-0.0,false,lata
120,Del_Valle_Uva,Tres Rios,TRE_L2,14,-0.0,false,lata
120,Del_Valle_Uva,Tres Rios,TRE_L2,15,-0.0,false,lata
120,Del_Valle_Uva,Tres Rios,TRE_L3,1,-0.0,false,lata
120,Del_Valle_Uva,Tres Rios,TRE_L3,2,-0.0,false,lata
120,Del_Valle_Uva,Tres Rios,TRE_L3,3,-0.0,false,lata
120,Del_Valle_Uva,Tres Rios,TRE_L3,4,-0.0,false,lata
120,Del_Valle_Uva,Tres Rios,TRE_L3,5,-0.0,false,lata
120,Del_Valle_Uva,Tres Rios,TRE_L3,6,-0.0,false,lata
120,Del_Valle_Uva,Tres Rios,TRE_L3,7,-0.0,false,lata
120,Del_Valle_Uva,Tres Rios,TRE_L3,8,-0.0,false,lata
120,Del_Valle_Uva,Tres Rios,TRE_L3,9,-0.0,false,lata
120,Del_Valle_Uva,Tres Rios,TRE_L3,10,-0.0,false,lata
120,Del_Valle_Uva,Tres Rios,TRE_L3,11,-0.0,false,lata
120,Del_Valle_Uva,Tres Rios,TRE_L3,12,-0.0,false,lata
120,Del_Valle_Uva,Tres Rios,TRE_L3,13,-0.0,false,lata
120,Del_Valle_Uva,Tres Rios,TRE_L3,14,-0.0,false,lata
120,Del_Valle_Uva,Tres Rios,TRE_L3,15,-0.0,false,lata
120,Del_Valle_Uva,Alagoinhas,ALA_L1,1,-0.0,false,lata
120,Del_Valle_Uva,Alagoinhas,ALA_L1,2,-0.0,false,lata
120,Del_Valle_Uva,Alagoinhas,ALA_L1,3,-0.0,false,lata
120,Del_Valle_Uva,Alagoinhas,ALA_L1,4,-0.0,false,lata
120,Del_Valle_Uva,Alagoinhas,ALA_L1,5,-0.0,false,lata
120,Del_Valle_Uva,Alagoinhas,ALA_L1,6,-0.0,false,lata
120,Del_Valle_Uva,Alagoinhas,ALA_L1,7,-0.0,false,lata
120,Del_Valle_Uva,Alagoinhas,ALA_L1,8,-0.0,false,lata
120,Del_Valle_Uva,Alagoinhas,ALA_L1,9,-999998.9683302499,false,lata
120,Del_Valle_Uva,Alagoinhas,ALA_L1,10,-0.0,false,lata
120,Del_Valle_Uva,Alagoinhas,ALA_L1,11,-0.0,false,lata
120,Del_Valle_Uva,Alagoinhas,ALA_L1,12,-0.0,false,lata
120,Del_Valle_Uva,Alagoinhas,ALA_L1,13,-0.0,false,lata
120,Del_Valle_Uva,Alagoinhas,ALA_L1,14,-0.0,false,lata
120,Del_Valle_Uva,Alagoinhas,ALA_L1,15,-0.0,false,lata
120,Del_Valle_Uva,Alagoinhas,ALA_L2,1,-0.0,false,lata
120,Del_Valle_Uva,Alagoinhas,ALA_L2,2,-0.0,false,lata
120,Del_Valle_Uva,Alagoinhas,ALA_L2,3,-0.0,false,lata
120,Del_Valle_Uva,Alagoinhas,ALA_L2,4,-0.0,false,lata
120,Del_Valle_Uva,Alagoinhas,ALA_L2,5,-0.0,false,lata
120,Del_Valle_Uva,Alagoinhas,ALA_L2,6,-0.0,false,lata
120,Del_Valle_Uva,Alagoinhas,ALA_L2,7,-0.0,false,lata
120,Del_Valle_Uva,Alagoinhas,ALA_L2,8,-0.0,false,lata
120,Del_Valle_Uva,Alagoinhas,ALA_L2,9,-0.0,false,lata
120,Del_Valle_Uva,Alagoinhas,ALA_L2,10,-0.0,false,lata
120,Del_Valle_Uva,Alagoinhas,ALA_L2,11,-0.0,false,lata
120,Del_Valle_Uva,Alagoinhas,ALA_L2,12,-0.0,false,lata
120,Del_Valle_Uva,Alagoinhas,ALA_L2,13,-0.0,false,lata
120,Del_Valle_Uva,Alagoinhas,ALA_L2,14,-0.0,false,lata
120,Del_Valle_Uva,Alagoinhas,ALA_L2,15,-999999.29644635,false,lata
120,Del_Valle_Uva,Alagoinhas,ALA_L3,1,-0.0,false,lata
120,Del_Valle_Uva,Alagoinhas,ALA_L3,2,-0.0,false,lata
120,Del_Valle_Uva,Alagoinhas,ALA_L3,3,-0.0,false,lata
120,Del_Valle_Uva,Alagoinhas,ALA_L3,4,-0.0,false,lata
120,Del_Valle_Uva,Alagoinhas,ALA_L3,5,-0.0,false,lata
120,Del_Valle_Uva,Alagoinhas,ALA_L3,6,-0.0,false,lata
120,Del_Valle_Uva,Alagoinhas,ALA_L3,7,-0.0,false,lata
120,Del_Valle_Uva,Alagoinhas,ALA_L3,8,-0.0,false,lata
120,Del_Valle_Uva,Alagoinhas,ALA_L3,9,-0.0,false,lata
120,Del_Valle_Uva,Alagoinhas,ALA_L3,10,-0.0,false,lata
120,Del_Valle_Uva,Alagoinhas,ALA_L3,11,-0.0,false,lata
120,Del_Valle_Uva,Alagoinhas,ALA_L3,12,-0.0,false,lata
120,Del_Valle_Uva,Alagoinhas,ALA_L3,13,-0.0,false,lata
120,Del_Valle_Uva,Alagoinhas,ALA_L3,14,-0.0,false,lata
120,Del_Valle_Uva,Alagoinhas,ALA_L3,15,-999999.29644635,false,lata
120,Del_Valle_Uva,Frutal,FRU_L1,1,-1.0e6,true,lata
120,Del_Valle_Uva,Frutal,FRU_L1,2,-0.0,false,lata
120,Del_Valle_Uva,Frutal,FRU_L1,3,-0.0,false,lata
120,Del_Valle_Uva,Frutal,FRU_L1,4,-999998.2500961004,false,lata
120,Del_Valle_Uva,Frutal,FRU_L1,5,-0.0,false,lata
120,Del_Valle_Uva,Frutal,FRU_L1,6,-0.0,false,lata
120,Del_Valle_Uva,Frutal,FRU_L1,7,-999998.8752797499,false,lata
120,Del_Valle_Uva,Frutal,FRU_L1,8,-0.0,false,lata
120,Del_Valle_Uva,Frutal,FRU_L1,9,-0.0,false,lata
120,Del_Valle_Uva,Frutal,FRU_L1,10,-0.0,false,lata
120,Del_Valle_Uva,Frutal,FRU_L1,11,-0.0,false,lata
120,Del_Valle_Uva,Frutal,FRU_L1,12,-999998.4219328501,false,lata
120,Del_Valle_Uva,Frutal,FRU_L1,13,-0.0,false,lata
120,Del_Valle_Uva,Frutal,FRU_L1,14,-0.0,false,lata
120,Del_Valle_Uva,Frutal,FRU_L1,15,-0.0,false,lata
120,Del_Valle_Uva,Frutal,FRU_L2,1,-0.0,false,lata
120,Del_Valle_Uva,Frutal,FRU_L2,2,-0.0,false,lata
120,Del_Valle_Uva,Frutal,FRU_L2,3,-0.0,false,lata
120,Del_Valle_Uva,Frutal,FRU_L2,4,-0.0,false,lata
120,Del_Valle_Uva,Frutal,FRU_L2,5,-0.0,false,lata
120,Del_Valle_Uva,Frutal,FRU_L2,6,-0.0,false,lata
120,Del_Valle_Uva,Frutal,FRU_L2,7,-0.0,false,lata
120,Del_Valle_Uva,Frutal,FRU_L2,8,-0.0,false,lata
120,Del_Valle_Uva,Frutal,FRU_L2,9,-0.0,false,lata
120,Del_Valle_Uva,Frutal,FRU_L2,10,-0.0,false,lata
120,Del_Valle_Uva,Frutal,FRU_L2,11,-0.0,false,lata
120,Del_Valle_Uva,Frutal,FRU_L2,12,-0.0,false,lata
120,Del_Valle_Uva,Frutal,FRU_L2,13,-0.0,false,lata
120,Del_Valle_Uva,Frutal,FRU_L2,14,-0.0,false,lata
120,Del_Valle_Uva,Frutal,FRU_L2,15,-0.0,false,lata
120,Del_Valle_Uva,Frutal,FRU_L3,1,-0.0,false,lata
120,Del_Valle_Uva,Frutal,FRU_L3,2,-0.0,false,lata
120,Del_Valle_Uva,Frutal,FRU_L3,3,-0.0,false,lata
120,Del_Valle_Uva,Frutal,FRU_L3,4,-0.0,false,lata
120,Del_Valle_Uva,Frutal,FRU_L3,5,-0.0,false,lata
120,Del_Valle_Uva,Frutal,FRU_L3,6,-0.0,false,lata
120,Del_Valle_Uva,Frutal,FRU_L3,7,-0.0,false,lata
120,Del_Valle_Uva,Frutal,FRU_L3,8,-0.0,false,lata
120,Del_Valle_Uva,Frutal,FRU_L3,9,-0.0,false,lata
120,Del_Valle_Uva,Frutal,FRU_L3,10,-0.0,false,lata
120,Del_Valle_Uva,Frutal,FRU_L3,11,-0.0,false,lata
120,Del_Valle_Uva,Frutal,FRU_L3,12,-0.0,false,lata
120,Del_Valle_Uva,Frutal,FRU_L3,13,-0.0,false,lata
120,Del_Valle_Uva,Frutal,FRU_L3,14,-0.0,false,lata
120,Del_Valle_Uva,Frutal,FRU_L3,15,-0.0,false,lata
120,Del_Valle_Uva,Pouso Alegre,POU_L1,1,-0.0,false,lata
120,Del_Valle_Uva,Pouso Alegre,POU_L1,2,-0.0,false,lata
120,Del_Valle_Uva,Pouso Alegre,POU_L1,3,-0.0,false,lata
120,Del_Valle_Uva,Pouso Alegre,POU_L1,4,-0.0,false,lata
120,Del_Valle_Uva,Pouso Alegre,POU_L1,5,-0.0,false,lata
120,Del_Valle_Uva,Pouso Alegre,POU_L1,6,-0.0,false,lata
120,Del_Valle_Uva,Pouso Alegre,POU_L1,7,-0.0,false,lata
120,Del_Valle_Uva,Pouso Alegre,POU_L1,8,-0.0,false,lata
120,Del_Valle_Uva,Pouso Alegre,POU_L1,9,-0.0,false,lata
120,Del_Valle_Uva,Pouso Alegre,POU_L1,10,-0.0,false,lata
120,Del_Valle_Uva,Pouso Alegre,POU_L1,11,-0.0,false,lata
120,Del_Valle_Uva,Pouso Alegre,POU_L1,12,-0.0,false,lata
120,Del_Valle_Uva,Pouso Alegre,POU_L1,13,-0.0,false,lata
120,Del_Valle_Uva,Pouso Alegre,POU_L1,14,-0.0,false,lata
120,Del_Valle_Uva,Pouso Alegre,POU_L1,15,-0.0,false,lata
120,Del_Valle_Uva,Pouso Alegre,POU_L2,1,-0.0,false,lata
120,Del_Valle_Uva,Pouso Alegre,POU_L2,2,-0.0,false,lata
120,Del_Valle_Uva,Pouso Alegre,POU_L2,3,-0.0,false,lata
120,Del_Valle_Uva,Pouso Alegre,POU_L2,4,-0.0,false,lata
120,Del_Valle_Uva,Pouso Alegre,POU_L2,5,-0.0,false,lata
120,Del_Valle_Uva,Pouso Alegre,POU_L2,6,-0.0,false,lata
120,Del_Valle_Uva,Pouso Alegre,POU_L2,7,-0.0,false,lata
120,Del_Valle_Uva,Pouso Alegre,POU_L2,8,-0.0,false,lata
120,Del_Valle_Uva,Pouso Alegre,POU_L2,9,-0.0,false,lata
120,Del_Valle_Uva,Pouso Alegre,POU_L2,10,-0.0,false,lata
120,Del_Valle_Uva,Pouso Alegre,POU_L2,11,-0.0,false,lata
120,Del_Valle_Uva,Pouso Alegre,POU_L2,12,-0.0,false,lata
120,Del_Valle_Uva,Pouso Alegre,POU_L2,13,-0.0,false,lata
120,Del_Valle_Uva,Pouso Alegre,POU_L2,14,-0.0,false,lata
120,Del_Valle_Uva,Pouso Alegre,POU_L2,15,-0.0,false,lata
120,Del_Valle_Uva,Pouso Alegre,POU_L3,1,-0.0,false,lata
120,Del_Valle_Uva,Pouso Alegre,POU_L3,2,-0.0,false,lata
120,Del_Valle_Uva,Pouso Alegre,POU_L3,3,-0.0,false,lata
120,Del_Valle_Uva,Pouso Alegre,POU_L3,4,-0.0,false,lata
120,Del_Valle_Uva,Pouso Alegre,POU_L3,5,-0.0,false,lata
120,Del_Valle_Uva,Pouso Alegre,POU_L3,6,-0.0,false,lata
120,Del_Valle_Uva,Pouso Alegre,POU_L3,7,-0.0,false,lata
120,Del_Valle_Uva,Pouso Alegre,POU_L3,8,-0.0,false,lata
120,Del_Valle_Uva,Pouso Alegre,POU_L3,9,-0.0,false,lata
120,Del_Valle_Uva,Pouso Alegre,POU_L3,10,-0.0,false,lata
120,Del_Valle_Uva,Pouso Alegre,POU_L3,11,-0.0,false,lata
120,Del_Valle_Uva,Pouso Alegre,POU_L3,12,-0.0,false,lata
120,Del_Valle_Uva,Pouso Alegre,POU_L3,13,-0.0,false,lata
120,Del_Valle_Uva,Pouso Alegre,POU_L3,14,-0.0,false,lata
120,Del_Valle_Uva,Pouso Alegre,POU_L3,15,-0.0,false,lata
120,Del_Valle_Uva,Gama,GAM_L1,1,-1.0e6,true,lata
120,Del_Valle_Uva,Gama,GAM_L1,2,-0.0,false,lata
120,Del_Valle_Uva,Gama,GAM_L1,3,-0.0,false,lata
120,Del_Valle_Uva,Gama,GAM_L1,4,-0.0,false,lata
120,Del_Valle_Uva,Gama,GAM_L1,5,-0.0,false,lata
120,Del_Valle_Uva,Gama,GAM_L1,6,-0.0,false,lata
120,Del_Valle_Uva,Gama,GAM_L1,7,-0.0,false,lata
120,Del_Valle_Uva,Gama,GAM_L1,8,-0.0,false,lata
120,Del_Valle_Uva,Gama,GAM_L1,9,-0.0,false,lata
120,Del_Valle_Uva,Gama,GAM_L1,10,-0.0,false,lata
120,Del_Valle_Uva,Gama,GAM_L1,11,-0.0,false,lata
120,Del_Valle_Uva,Gama,GAM_L1,12,-0.0,false,lata
120,Del_Valle_Uva,Gama,GAM_L1,13,-0.0,false,lata
120,Del_Valle_Uva,Gama,GAM_L1,14,-0.0,false,lata
120,Del_Valle_Uva,Gama,GAM_L1,15,-0.0,false,lata
120,Del_Valle_Uva,Gama,GAM_L2,1,-0.0,false,lata
120,Del_Valle_Uva,Gama,GAM_L2,2,-0.0,false,lata
120,Del_Valle_Uva,Gama,GAM_L2,3,-0.0,false,lata
120,Del_Valle_Uva,Gama,GAM_L2,4,-0.0,false,lata
120,Del_Valle_Uva,Gama,GAM_L2,5,-0.0,false,lata
120,Del_Valle_Uva,Gama,GAM_L2,6,-999998.6187280499,false,lata
120,Del_Valle_Uva,Gama,GAM_L2,7,-0.0,false,lata
120,Del_Valle_Uva,Gama,GAM_L2,8,-0.0,false,lata
120,Del_Valle_Uva,Gama,GAM_L2,9,-0.0,false,lata
120,Del_Valle_Uva,Gama,GAM_L2,10,-0.0,false,lata
120,Del_Valle_Uva,Gama,GAM_L2,11,-0.0,false,lata
120,Del_Valle_Uva,Gama,GAM_L2,12,-0.0,false,lata
120,Del_Valle_Uva,Gama,GAM_L2,13,-0.0,false,lata
120,Del_Valle_Uva,Gama,GAM_L2,14,-0.0,false,lata
120,Del_Valle_Uva,Gama,GAM_L2,15,-0.0,false,lata
120,Del_Valle_Uva,Gama,GAM_L3,1,-0.0,false,lata
120,Del_Valle_Uva,Gama,GAM_L3,2,-0.0,false,lata
120,Del_Valle_Uva,Gama,GAM_L3,3,-0.0,false,lata
120,Del_Valle_Uva,Gama,GAM_L3,4,-0.0,false,lata
120,Del_Valle_Uva,Gama,GAM_L3,5,-0.0,false,lata
120,Del_Valle_Uva,Gama,GAM_L3,6,-0.0,false,lata
120,Del_Valle_Uva,Gama,GAM_L3,7,-0.0,false,lata
120,Del_Valle_Uva,Gama,GAM_L3,8,-0.0,false,lata
120,Del_Valle_Uva,Gama,GAM_L3,9,-0.0,false,lata
120,Del_Valle_Uva,Gama,GAM_L3,10,-0.0,false,lata
120,Del_Valle_Uva,Gama,GAM_L3,11,-0.0,false,lata
120,Del_Valle_Uva,Gama,GAM_L3,12,-0.0,false,lata
120,Del_Valle_Uva,Gama,GAM_L3,13,-0.0,false,lata
120,Del_Valle_Uva,Gama,GAM_L3,14,-0.0,false,lata
120,Del_Valle_Uva,Gama,GAM_L3,15,-0.0,false,lata
120,Del_Valle_Uva,Viamao,VIA_L1,1,-999999.951369,false,lata
120,Del_Valle_Uva,Viamao,VIA_L1,2,-0.0,false,lata
120,Del_Valle_Uva,Viamao,VIA_L1,3,-0.0,false,lata
120,Del_Valle_Uva,Viamao,VIA_L1,4,-0.0,false,lata
120,Del_Valle_Uva,Viamao,VIA_L1,5,-0.0,false,lata
120,Del_Valle_Uva,Viamao,VIA_L1,6,-0.0,false,lata
120,Del_Valle_Uva,Viamao,VIA_L1,7,-0.0,false,lata
120,Del_Valle_Uva,Viamao,VIA_L1,8,-0.0,false,lata
120,Del_Valle_Uva,Viamao,VIA_L1,9,-0.0,false,lata
120,Del_Valle_Uva,Viamao,VIA_L1,10,-0.0,false,lata
120,Del_Valle_Uva,Viamao,VIA_L1,11,-0.0,false,lata
120,Del_Valle_Uva,Viamao,VIA_L1,12,-0.0,false,lata
120,Del_Valle_Uva,Viamao,VIA_L1,13,-0.0,false,lata
120,Del_Valle_Uva,Viamao,VIA_L1,14,-0.0,false,lata
120,Del_Valle_Uva,Viamao,VIA_L1,15,-0.0,false,lata
120,Del_Valle_Uva,Viamao,VIA_L2,1,-0.0,false,lata
120,Del_Valle_Uva,Viamao,VIA_L2,2,-0.0,false,lata
120,Del_Valle_Uva,Viamao,VIA_L2,3,-0.0,false,lata
120,Del_Valle_Uva,Viamao,VIA_L2,4,-0.0,false,lata
120,Del_Valle_Uva,Viamao,VIA_L2,5,-0.0,false,lata
120,Del_Valle_Uva,Viamao,VIA_L2,6,-0.0,false,lata
120,Del_Valle_Uva,Viamao,VIA_L2,7,-0.0,false,lata
120,Del_Valle_Uva,Viamao,VIA_L2,8,-0.0,false,lata
120,Del_Valle_Uva,Viamao,VIA_L2,9,-0.0,false,lata
120,Del_Valle_Uva,Viamao,VIA_L2,10,-0.0,false,lata
120,Del_Valle_Uva,Viamao,VIA_L2,11,-0.0,false,lata
120,Del_Valle_Uva,Viamao,VIA_L2,12,-0.0,false,lata
120,Del_Valle_Uva,Viamao,VIA_L2,13,-0.0,false,lata
120,Del_Valle_Uva,Viamao,VIA_L2,14,-0.0,false,lata
120,Del_Valle_Uva,Viamao,VIA_L2,15,-0.0,false,lata
120,Del_Valle_Uva,Viamao,VIA_L3,1,-0.0,false,lata
120,Del_Valle_Uva,Viamao,VIA_L3,2,-0.0,false,lata
120,Del_Valle_Uva,Viamao,VIA_L3,3,-0.0,false,lata
120,Del_Valle_Uva,Viamao,VIA_L3,4,-0.0,false,lata
120,Del_Valle_Uva,Viamao,VIA_L3,5,-0.0,false,lata
120,Del_Valle_Uva,Viamao,VIA_L3,6,-0.0,false,lata
120,Del_Valle_Uva,Viamao,VIA_L3,7,-0.0,false,lata
120,Del_Valle_Uva,Viamao,VIA_L3,8,-0.0,false,lata
120,Del_Valle_Uva,Viamao,VIA_L3,9,-0.0,false,lata
120,Del_Valle_Uva,Viamao,VIA_L3,10,-0.0,false,lata
120,Del_Valle_Uva,Viamao,VIA_L3,11,-0.0,false,lata
120,Del_Valle_Uva,Viamao,VIA_L3,12,-0.0,false,lata
120,Del_Valle_Uva,Viamao,VIA_L3,13,-0.0,false,lata
120,Del_Valle_Uva,Viamao,VIA_L3,14,-0.0,false,lata
120,Del_Valle_Uva,Viamao,VIA_L3,15,-0.0,false,lata
120,Del_Valle_Uva,Itupeva,ITU_L1,1,-999999.9882469,false,lata
120,Del_Valle_Uva,Itupeva,ITU_L1,2,-0.0,false,lata
120,Del_Valle_Uva,Itupeva,ITU_L1,3,-0.0,false,lata
120,Del_Valle_Uva,Itupeva,ITU_L1,4,-0.0,false,lata
120,Del_Valle_Uva,Itupeva,ITU_L1,5,-0.0,false,lata
120,Del_Valle_Uva,Itupeva,ITU_L1,6,-0.0,false,lata
120,Del_Valle_Uva,Itupeva,ITU_L1,7,-0.0,false,lata
120,Del_Valle_Uva,Itupeva,ITU_L1,8,-0.0,false,lata
120,Del_Valle_Uva,Itupeva,ITU_L1,9,-0.0,false,lata
120,Del_Valle_Uva,Itupeva,ITU_L1,10,-0.0,false,lata
120,Del_Valle_Uva,Itupeva,ITU_L1,11,-999999.1274865499,false,lata
120,Del_Valle_Uva,Itupeva,ITU_L1,12,-0.0,false,lata
120,Del_Valle_Uva,Itupeva,ITU_L1,13,-0.0,false,lata
120,Del_Valle_Uva,Itupeva,ITU_L1,14,-999998.9577797501,false,lata
120,Del_Valle_Uva,Itupeva,ITU_L1,15,-999999.2321652,false,lata
120,Del_Valle_Uva,Itupeva,ITU_L2,1,-0.0,false,lata
120,Del_Valle_Uva,Itupeva,ITU_L2,2,-0.0,false,lata
120,Del_Valle_Uva,Itupeva,ITU_L2,3,-0.0,false,lata
120,Del_Valle_Uva,Itupeva,ITU_L2,4,-0.0,false,lata
120,Del_Valle_Uva,Itupeva,ITU_L2,5,-0.0,false,lata
120,Del_Valle_Uva,Itupeva,ITU_L2,6,-0.0,false,lata
120,Del_Valle_Uva,Itupeva,ITU_L2,7,-999998.8635266499,false,lata
120,Del_Valle_Uva,Itupeva,ITU_L2,8,-0.0,false,lata
120,Del_Valle_Uva,Itupeva,ITU_L2,9,-0.0,false,lata
120,Del_Valle_Uva,Itupeva,ITU_L2,10,-0.0,false,lata
120,Del_Valle_Uva,Itupeva,ITU_L2,11,-0.0,false,lata
120,Del_Valle_Uva,Itupeva,ITU_L2,12,-999998.4101797502,false,lata
120,Del_Valle_Uva,Itupeva,ITU_L2,13,-0.0,false,lata
120,Del_Valle_Uva,Itupeva,ITU_L2,14,-0.0,false,lata
120,Del_Valle_Uva,Itupeva,ITU_L2,15,-0.0,false,lata
120,Del_Valle_Uva,Itupeva,ITU_L3,1,-0.0,false,lata
120,Del_Valle_Uva,Itupeva,ITU_L3,2,-0.0,false,lata
120,Del_Valle_Uva,Itupeva,ITU_L3,3,-0.0,false,lata
120,Del_Valle_Uva,Itupeva,ITU_L3,4,-0.0,false,lata
120,Del_Valle_Uva,Itupeva,ITU_L3,5,-0.0,false,lata
120,Del_Valle_Uva,Itupeva,ITU_L3,6,-0.0,false,lata
120,Del_Valle_Uva,Itupeva,ITU_L3,7,-0.0,false,lata
120,Del_Valle_Uva,Itupeva,ITU_L3,8,-0.0,false,lata
120,Del_Valle_Uva,Itupeva,ITU_L3,9,-0.0,false,lata
120,Del_Valle_Uva,Itupeva,ITU_L3,10,-0.0,false,lata
120,Del_Valle_Uva,Itupeva,ITU_L3,11,-0.0,false,lata
120,Del_Valle_Uva,Itupeva,ITU_L3,12,-0.0,false,lata
120,Del_Valle_Uva,Itupeva,ITU_L3,13,-0.0,false,lata
120,Del_Valle_Uva,Itupeva,ITU_L3,14,-0.0,false,lata
120,Del_Valle_Uva,Itupeva,ITU_L3,15,-0.0,false,lata
120,Del_Valle_Uva,Cabo de Santo Agostinho,CAB_L1,1,-0.0,false,lata
120,Del_Valle_Uva,Cabo de Santo Agostinho,CAB_L1,2,-0.0,false,lata
120,Del_Valle_Uva,Cabo de Santo Agostinho,CAB_L1,3,-0.0,false,lata
120,Del_Valle_Uva,Cabo de Santo Agostinho,CAB_L1,4,-0.0,false,lata
120,Del_Valle_Uva,Cabo de Santo Agostinho,CAB_L1,5,-0.0,false,lata
120,Del_Valle_Uva,Cabo de Santo Agostinho,CAB_L1,6,-0.0,false,lata
120,Del_Valle_Uva,Cabo de Santo Agostinho,CAB_L1,7,-0.0,false,lata
120,Del_Valle_Uva,Cabo de Santo Agostinho,CAB_L1,8,-0.0,false,lata
120,Del_Valle_Uva,Cabo de Santo Agostinho,CAB_L1,9,-0.0,false,lata
120,Del_Valle_Uva,Cabo de Santo Agostinho,CAB_L1,10,-0.0,false,lata
120,Del_Valle_Uva,Cabo de Santo Agostinho,CAB_L1,11,-0.0,false,lata
120,Del_Valle_Uva,Cabo de Santo Agostinho,CAB_L1,12,-0.0,false,lata
120,Del_Valle_Uva,Cabo de Santo Agostinho,CAB_L1,13,-0.0,false,lata
120,Del_Valle_Uva,Cabo de Santo Agostinho,CAB_L1,14,-0.0,false,lata
120,Del_Valle_Uva,Cabo de Santo Agostinho,CAB_L1,15,-0.0,false,lata
120,Del_Valle_Uva,Cabo de Santo Agostinho,CAB_L2,1,-0.0,false,lata
120,Del_Valle_Uva,Cabo de Santo Agostinho,CAB_L2,2,-0.0,false,lata
120,Del_Valle_Uva,Cabo de Santo Agostinho,CAB_L2,3,-0.0,false,lata
120,Del_Valle_Uva,Cabo de Santo Agostinho,CAB_L2,4,-0.0,false,lata
120,Del_Valle_Uva,Cabo de Santo Agostinho,CAB_L2,5,-999998.3986411499,false,lata
120,Del_Valle_Uva,Cabo de Santo Agostinho,CAB_L2,6,-0.0,false,lata
120,Del_Valle_Uva,Cabo de Santo Agostinho,CAB_L2,7,-0.0,false,lata
120,Del_Valle_Uva,Cabo de Santo Agostinho,CAB_L2,8,-0.0,false,lata
120,Del_Valle_Uva,Cabo de Santo Agostinho,CAB_L2,9,-0.0,false,lata
120,Del_Valle_Uva,Cabo de Santo Agostinho,CAB_L2,10,-0.0,false,lata
120,Del_Valle_Uva,Cabo de Santo Agostinho,CAB_L2,11,-0.0,false,lata
120,Del_Valle_Uva,Cabo de Santo Agostinho,CAB_L2,12,-0.0,false,lata
120,Del_Valle_Uva,Cabo de Santo Agostinho,CAB_L2,13,-0.0,false,lata
120,Del_Valle_Uva,Cabo de Santo Agostinho,CAB_L2,14,-0.0,false,lata
120,Del_Valle_Uva,Cabo de Santo Agostinho,CAB_L2,15,-0.0,false,lata
120,Del_Valle_Uva,Cabo de Santo Agostinho,CAB_L3,1,-0.0,false,lata
120,Del_Valle_Uva,Cabo de Santo Agostinho,CAB_L3,2,-0.0,false,lata
120,Del_Valle_Uva,Cabo de Santo Agostinho,CAB_L3,3,-0.0,false,lata
120,Del_Valle_Uva,Cabo de Santo Agostinho,CAB_L3,4,-0.0,false,lata
120,Del_Valle_Uva,Cabo de Santo Agostinho,CAB_L3,5,-0.0,false,lata
120,Del_Valle_Uva,Cabo de Santo Agostinho,CAB_L3,6,-0.0,false,lata
120,Del_Valle_Uva,Cabo de Santo Agostinho,CAB_L3,7,-0.0,false,lata
120,Del_Valle_Uva,Cabo de Santo Agostinho,CAB_L3,8,-0.0,false,lata
120,Del_Valle_Uva,Cabo de Santo Agostinho,CAB_L3,9,-0.0,false,lata
120,Del_Valle_Uva,Cabo de Santo Agostinho,CAB_L3,10,-0.0,false,lata
120,Del_Valle_Uva,Cabo de Santo Agostinho,CAB_L3,11,-999999.2153454499,false,lata
120,Del_Valle_Uva,Cabo de Santo Agostinho,CAB_L3,12,-0.0,false,lata
120,Del_Valle_Uva,Cabo de Santo Agostinho,CAB_L3,13,-0.0,false,lata
120,Del_Valle_Uva,Cabo de Santo Agostinho,CAB_L3,14,-0.0,false,lata
120,Del_Valle_Uva,Cabo de Santo Agostinho,CAB_L3,15,-0.0,false,lata
120,Itaipava_Lata,Jacarei,JAC_L1,1,-0.0,false,lata
120,Itaipava_Lata,Jacarei,JAC_L1,2,-0.0,false,lata
120,Itaipava_Lata,Jacarei,JAC_L1,3,-999999.985185,false,lata
120,Itaipava_Lata,Jacarei,JAC_L1,4,-0.0,false,lata
120,Itaipava_Lata,Jacarei,JAC_L1,5,-0.0,false,lata
120,Itaipava_Lata,Jacarei,JAC_L1,6,-0.0,false,lata
120,Itaipava_Lata,Jacarei,JAC_L1,7,-0.0,false,lata
120,Itaipava_Lata,Jacarei,JAC_L1,8,-0.0,false,lata
120,Itaipava_Lata,Jacarei,JAC_L1,9,-999999.8584371001,false,lata
120,Itaipava_Lata,Jacarei,JAC_L1,10,-0.0,false,lata
120,Itaipava_Lata,Jacarei,JAC_L1,11,-0.0,false,lata
120,Itaipava_Lata,Jacarei,JAC_L1,12,-0.0,false,lata
120,Itaipava_Lata,Jacarei,JAC_L1,13,-0.0,false,lata
120,Itaipava_Lata,Jacarei,JAC_L1,14,-0.0,false,lata
120,Itaipava_Lata,Jacarei,JAC_L1,15,-0.0,false,lata
120,Itaipava_Lata,Jacarei,JAC_L2,1,-0.0,false,lata
120,Itaipava_Lata,Jacarei,JAC_L2,2,-0.0,false,lata
120,Itaipava_Lata,Jacarei,JAC_L2,3,-999999.985185,false,lata
120,Itaipava_Lata,Jacarei,JAC_L2,4,-0.0,false,lata
120,Itaipava_Lata,Jacarei,JAC_L2,5,-0.0,false,lata
120,Itaipava_Lata,Jacarei,JAC_L2,6,-0.0,false,lata
120,Itaipava_Lata,Jacarei,JAC_L2,7,-0.0,false,lata
120,Itaipava_Lata,Jacarei,JAC_L2,8,-0.0,false,lata
120,Itaipava_Lata,Jacarei,JAC_L2,9,-999999.8584371001,false,lata
120,Itaipava_Lata,Jacarei,JAC_L2,10,-0.0,false,lata
120,Itaipava_Lata,Jacarei,JAC_L2,11,-0.0,false,lata
120,Itaipava_Lata,Jacarei,JAC_L2,12,-0.0,false,lata
120,Itaipava_Lata,Jacarei,JAC_L2,13,-0.0,false,lata
120,Itaipava_Lata,Jacarei,JAC_L2,14,-0.0,false,lata
120,Itaipava_Lata,Jacarei,JAC_L2,15,-0.0,false,lata
120,Itaipava_Lata,Jacarei,JAC_L3,1,-0.0,false,lata
120,Itaipava_Lata,Jacarei,JAC_L3,2,-0.0,false,lata
120,Itaipava_Lata,Jacarei,JAC_L3,3,-0.0,false,lata
120,Itaipava_Lata,Jacarei,JAC_L3,4,-0.0,false,lata
120,Itaipava_Lata,Jacarei,JAC_L3,5,-0.0,false,lata
120,Itaipava_Lata,Jacarei,JAC_L3,6,-0.0,false,lata
120,Itaipava_Lata,Jacarei,JAC_L3,7,-0.0,false,lata
120,Itaipava_Lata,Jacarei,JAC_L3,8,-0.0,false,lata
120,Itaipava_Lata,Jacarei,JAC_L3,9,-0.0,false,lata
120,Itaipava_Lata,Jacarei,JAC_L3,10,-0.0,false,lata
120,Itaipava_Lata,Jacarei,JAC_L3,11,-0.0,false,lata
120,Itaipava_Lata,Jacarei,JAC_L3,12,-0.0,false,lata
120,Itaipava_Lata,Jacarei,JAC_L3,13,-0.0,false,lata
120,Itaipava_Lata,Jacarei,JAC_L3,14,-0.0,false,lata
120,Itaipava_Lata,Jacarei,JAC_L3,15,-0.0,false,lata
120,Itaipava_Lata,Extrema,EXT_L1,1,-0.0,false,lata
120,Itaipava_Lata,Extrema,EXT_L1,2,-0.0,false,lata
120,Itaipava_Lata,Extrema,EXT_L1,3,-0.0,false,lata
120,Itaipava_Lata,Extrema,EXT_L1,4,-0.0,false,lata
120,Itaipava_Lata,Extrema,EXT_L1,5,-999999.7063530002,false,lata
120,Itaipava_Lata,Extrema,EXT_L1,6,-999999.9668522,false,lata
120,Itaipava_Lata,Extrema,EXT_L1,7,-0.0,false,lata
120,Itaipava_Lata,Extrema,EXT_L1,8,-0.0,false,lata
120,Itaipava_Lata,Extrema,EXT_L1,9,-0.0,false,lata
120,Itaipava_Lata,Extrema,EXT_L1,10,-0.0,false,lata
120,Itaipava_Lata,Extrema,EXT_L1,11,-0.0,false,lata
120,Itaipava_Lata,Extrema,EXT_L1,12,-0.0,false,lata
120,Itaipava_Lata,Extrema,EXT_L1,13,-0.0,false,lata
120,Itaipava_Lata,Extrema,EXT_L1,14,-0.0,false,lata
120,Itaipava_Lata,Extrema,EXT_L1,15,-0.0,false,lata
120,Itaipava_Lata,Extrema,EXT_L2,1,-0.0,false,lata
120,Itaipava_Lata,Extrema,EXT_L2,2,-0.0,false,lata
120,Itaipava_Lata,Extrema,EXT_L2,3,-0.0,false,lata
120,Itaipava_Lata,Extrema,EXT_L2,4,-0.0,false,lata
120,Itaipava_Lata,Extrema,EXT_L2,5,-0.0,false,lata
120,Itaipava_Lata,Extrema,EXT_L2,6,-0.0,false,lata
120,Itaipava_Lata,Extrema,EXT_L2,7,-0.0,false,lata
120,Itaipava_Lata,Extrema,EXT_L2,8,-0.0,false,lata
120,Itaipava_Lata,Extrema,EXT_L2,9,-0.0,false,lata
120,Itaipava_Lata,Extrema,EXT_L2,10,-0.0,false,lata
120,Itaipava_Lata,Extrema,EXT_L2,11,-0.0,false,lata
120,Itaipava_Lata,Extrema,EXT_L2,12,-0.0,false,lata
120,Itaipava_Lata,Extrema,EXT_L2,13,-0.0,false,lata
120,Itaipava_Lata,Extrema,EXT_L2,14,-999999.5879821995,false,lata
120,Itaipava_Lata,Extrema,EXT_L2,15,-0.0,false,lata
120,Itaipava_Lata,Extrema,EXT_L3,1,-0.0,false,lata
120,Itaipava_Lata,Extrema,EXT_L3,2,-0.0,false,lata
120,Itaipava_Lata,Extrema,EXT_L3,3,-0.0,false,lata
120,Itaipava_Lata,Extrema,EXT_L3,4,-0.0,false,lata
120,Itaipava_Lata,Extrema,EXT_L3,5,-0.0,false,lata
120,Itaipava_Lata,Extrema,EXT_L3,6,-0.0,false,lata
120,Itaipava_Lata,Extrema,EXT_L3,7,-0.0,false,lata
120,Itaipava_Lata,Extrema,EXT_L3,8,-0.0,false,lata
120,Itaipava_Lata,Extrema,EXT_L3,9,-999999.8611229501,false,lata
120,Itaipava_Lata,Extrema,EXT_L3,10,-0.0,false,lata
120,Itaipava_Lata,Extrema,EXT_L3,11,-0.0,false,lata
120,Itaipava_Lata,Extrema,EXT_L3,12,-0.0,false,lata
120,Itaipava_Lata,Extrema,EXT_L3,13,-0.0,false,lata
120,Itaipava_Lata,Extrema,EXT_L3,14,-0.0,false,lata
120,Itaipava_Lata,Extrema,EXT_L3,15,-0.0,false,lata
120,Itaipava_Lata,Tres Rios,TRE_L1,1,-0.0,false,lata
120,Itaipava_Lata,Tres Rios,TRE_L1,2,-0.0,false,lata
120,Itaipava_Lata,Tres Rios,TRE_L1,3,-0.0,false,lata
120,Itaipava_Lata,Tres Rios,TRE_L1,4,-0.0,false,lata
120,Itaipava_Lata,Tres Rios,TRE_L1,5,-0.0,false,lata
120,Itaipava_Lata,Tres Rios,TRE_L1,6,-0.0,false,lata
120,Itaipava_Lata,Tres Rios,TRE_L1,7,-0.0,false,lata
120,Itaipava_Lata,Tres Rios,TRE_L1,8,-0.0,false,lata
120,Itaipava_Lata,Tres Rios,TRE_L1,9,-0.0,false,lata
120,Itaipava_Lata,Tres Rios,TRE_L1,10,-0.0,false,lata
120,Itaipava_Lata,Tres Rios,TRE_L1,11,-0.0,false,lata
120,Itaipava_Lata,Tres Rios,TRE_L1,12,-0.0,false,lata
120,Itaipava_Lata,Tres Rios,TRE_L1,13,-0.0,false,lata
120,Itaipava_Lata,Tres Rios,TRE_L1,14,-0.0,false,lata
120,Itaipava_Lata,Tres Rios,TRE_L1,15,-0.0,false,lata
120,Itaipava_Lata,Tres Rios,TRE_L2,1,-0.0,false,lata
120,Itaipava_Lata,Tres Rios,TRE_L2,2,-0.0,false,lata
120,Itaipava_Lata,Tres Rios,TRE_L2,3,-0.0,false,lata
120,Itaipava_Lata,Tres Rios,TRE_L2,4,-0.0,false,lata
120,Itaipava_Lata,Tres Rios,TRE_L2,5,-999999.7201501502,false,lata
120,Itaipava_Lata,Tres Rios,TRE_L2,6,-0.0,false,lata
120,Itaipava_Lata,Tres Rios,TRE_L2,7,-0.0,false,lata
120,Itaipava_Lata,Tres Rios,TRE_L2,8,-0.0,false,lata
120,Itaipava_Lata,Tres Rios,TRE_L2,9,-0.0,false,lata
120,Itaipava_Lata,Tres Rios,TRE_L2,10,-0.0,false,lata
120,Itaipava_Lata,Tres Rios,TRE_L2,11,-0.0,false,lata
120,Itaipava_Lata,Tres Rios,TRE_L2,12,-0.0,false,lata
120,Itaipava_Lata,Tres Rios,TRE_L2,13,-0.0,false,lata
120,Itaipava_Lata,Tres Rios,TRE_L2,14,-0.0,false,lata
120,Itaipava_Lata,Tres Rios,TRE_L2,15,-0.0,false,lata
120,Itaipava_Lata,Tres Rios,TRE_L3,1,-0.0,false,lata
120,Itaipava_Lata,Tres Rios,TRE_L3,2,-0.0,false,lata
120,Itaipava_Lata,Tres Rios,TRE_L3,3,-0.0,false,lata
120,Itaipava_Lata,Tres Rios,TRE_L3,4,-0.0,false,lata
120,Itaipava_Lata,Tres Rios,TRE_L3,5,-0.0,false,lata
120,Itaipava_Lata,Tres Rios,TRE_L3,6,-0.0,false,lata
120,Itaipava_Lata,Tres Rios,TRE_L3,7,-0.0,false,lata
120,Itaipava_Lata,Tres Rios,TRE_L3,8,-0.0,false,lata
120,Itaipava_Lata,Tres Rios,TRE_L3,9,-0.0,false,lata
120,Itaipava_Lata,Tres Rios,TRE_L3,10,-0.0,false,lata
120,Itaipava_Lata,Tres Rios,TRE_L3,11,-1.0e6,true,lata
120,Itaipava_Lata,Tres Rios,TRE_L3,12,-0.0,false,lata
120,Itaipava_Lata,Tres Rios,TRE_L3,13,-0.0,false,lata
120,Itaipava_Lata,Tres Rios,TRE_L3,14,-0.0,false,lata
120,Itaipava_Lata,Tres Rios,TRE_L3,15,-0.0,false,lata
120,Itaipava_Lata,Alagoinhas,ALA_L1,1,-0.0,false,lata
120,Itaipava_Lata,Alagoinhas,ALA_L1,2,-0.0,false,lata
120,Itaipava_Lata,Alagoinhas,ALA_L1,3,-0.0,false,lata
120,Itaipava_Lata,Alagoinhas,ALA_L1,4,-0.0,false,lata
120,Itaipava_Lata,Alagoinhas,ALA_L1,5,-0.0,false,lata
120,Itaipava_Lata,Alagoinhas,ALA_L1,6,-0.0,false,lata
120,Itaipava_Lata,Alagoinhas,ALA_L1,7,-0.0,false,lata
120,Itaipava_Lata,Alagoinhas,ALA_L1,8,-0.0,false,lata
120,Itaipava_Lata,Alagoinhas,ALA_L1,9,-0.0,false,lata
120,Itaipava_Lata,Alagoinhas,ALA_L1,10,-0.0,false,lata
120,Itaipava_Lata,Alagoinhas,ALA_L1,11,-0.0,false,lata
120,Itaipava_Lata,Alagoinhas,ALA_L1,12,-0.0,false,lata
120,Itaipava_Lata,Alagoinhas,ALA_L1,13,-0.0,false,lata
120,Itaipava_Lata,Alagoinhas,ALA_L1,14,-0.0,false,lata
120,Itaipava_Lata,Alagoinhas,ALA_L1,15,-0.0,false,lata
120,Itaipava_Lata,Alagoinhas,ALA_L2,1,-0.0,false,lata
120,Itaipava_Lata,Alagoinhas,ALA_L2,2,-0.0,false,lata
120,Itaipava_Lata,Alagoinhas,ALA_L2,3,-0.0,false,lata
120,Itaipava_Lata,Alagoinhas,ALA_L2,4,-0.0,false,lata
120,Itaipava_Lata,Alagoinhas,ALA_L2,5,-0.0,false,lata
120,Itaipava_Lata,Alagoinhas,ALA_L2,6,-0.0,false,lata
120,Itaipava_Lata,Alagoinhas,ALA_L2,7,-0.0,false,lata
120,Itaipava_Lata,Alagoinhas,ALA_L2,8,-0.0,false,lata
120,Itaipava_Lata,Alagoinhas,ALA_L2,9,-0.0,false,lata
120,Itaipava_Lata,Alagoinhas,ALA_L2,10,-0.0,false,lata
120,Itaipava_Lata,Alagoinhas,ALA_L2,11,-0.0,false,lata
120,Itaipava_Lata,Alagoinhas,ALA_L2,12,-0.0,false,lata
120,Itaipava_Lata,Alagoinhas,ALA_L2,13,-0.0,false,lata
120,Itaipava_Lata,Alagoinhas,ALA_L2,14,-0.0,false,lata
120,Itaipava_Lata,Alagoinhas,ALA_L2,15,-0.0,false,lata
120,Itaipava_Lata,Alagoinhas,ALA_L3,1,-0.0,false,lata
120,Itaipava_Lata,Alagoinhas,ALA_L3,2,-0.0,false,lata
120,Itaipava_Lata,Alagoinhas,ALA_L3,3,-0.0,false,lata
120,Itaipava_Lata,Alagoinhas,ALA_L3,4,-0.0,false,lata
120,Itaipava_Lata,Alagoinhas,ALA_L3,5,-0.0,false,lata
120,Itaipava_Lata,Alagoinhas,ALA_L3,6,-0.0,false,lata
120,Itaipava_Lata,Alagoinhas,ALA_L3,7,-0.0,false,lata
120,Itaipava_Lata,Alagoinhas,ALA_L3,8,-0.0,false,lata
120,Itaipava_Lata,Alagoinhas,ALA_L3,9,-0.0,false,lata
120,Itaipava_Lata,Alagoinhas,ALA_L3,10,-0.0,false,lata
120,Itaipava_Lata,Alagoinhas,ALA_L3,11,-0.0,false,lata
120,Itaipava_Lata,Alagoinhas,ALA_L3,12,-0.0,false,lata
120,Itaipava_Lata,Alagoinhas,ALA_L3,13,-0.0,false,lata
120,Itaipava_Lata,Alagoinhas,ALA_L3,14,-0.0,false,lata
120,Itaipava_Lata,Alagoinhas,ALA_L3,15,-0.0,false,lata
120,Itaipava_Lata,Frutal,FRU_L1,1,-0.0,false,lata
120,Itaipava_Lata,Frutal,FRU_L1,2,-0.0,false,lata
120,Itaipava_Lata,Frutal,FRU_L1,3,-0.0,false,lata
120,Itaipava_Lata,Frutal,FRU_L1,4,-0.0,false,lata
120,Itaipava_Lata,Frutal,FRU_L1,5,-0.0,false,lata
120,Itaipava_Lata,Frutal,FRU_L1,6,-0.0,false,lata
120,Itaipava_Lata,Frutal,FRU_L1,7,-0.0,false,lata
120,Itaipava_Lata,Frutal,FRU_L1,8,-0.0,false,lata
120,Itaipava_Lata,Frutal,FRU_L1,9,-0.0,false,lata
120,Itaipava_Lata,Frutal,FRU_L1,10,-0.0,false,lata
120,Itaipava_Lata,Frutal,FRU_L1,11,-0.0,false,lata
120,Itaipava_Lata,Frutal,FRU_L1,12,-0.0,false,lata
120,Itaipava_Lata,Frutal,FRU_L1,13,-999999.3157288495,false,lata
120,Itaipava_Lata,Frutal,FRU_L1,14,-0.0,false,lata
120,Itaipava_Lata,Frutal,FRU_L1,15,-0.0,false,lata
120,Itaipava_Lata,Frutal,FRU_L2,1,-0.0,false,lata
120,Itaipava_Lata,Frutal,FRU_L2,2,-0.0,false,lata
120,Itaipava_Lata,Frutal,FRU_L2,3,-1.0e6,true,lata
120,Itaipava_Lata,Frutal,FRU_L2,4,-0.0,false,lata
120,Itaipava_Lata,Frutal,FRU_L2,5,-0.0,false,lata
120,Itaipava_Lata,Frutal,FRU_L2,6,-0.0,false,lata
120,Itaipava_Lata,Frutal,FRU_L2,7,-0.0,false,lata
120,Itaipava_Lata,Frutal,FRU_L2,8,-999999.5857221001,false,lata
120,Itaipava_Lata,Frutal,FRU_L2,9,-0.0,false,lata
120,Itaipava_Lata,Frutal,FRU_L2,10,-0.0,false,lata
120,Itaipava_Lata,Frutal,FRU_L2,11,-0.0,false,lata
120,Itaipava_Lata,Frutal,FRU_L2,12,-0.0,false,lata
120,Itaipava_Lata,Frutal,FRU_L2,13,-0.0,false,lata
120,Itaipava_Lata,Frutal,FRU_L2,14,-0.0,false,lata
120,Itaipava_Lata,Frutal,FRU_L2,15,-0.0,false,lata
120,Itaipava_Lata,Frutal,FRU_L3,1,-0.0,false,lata
120,Itaipava_Lata,Frutal,FRU_L3,2,-0.0,false,lata
120,Itaipava_Lata,Frutal,FRU_L3,3,-0.0,false,lata
120,Itaipava_Lata,Frutal,FRU_L3,4,-0.0,false,lata
120,Itaipava_Lata,Frutal,FRU_L3,5,-0.0,false,lata
120,Itaipava_Lata,Frutal,FRU_L3,6,-0.0,false,lata
120,Itaipava_Lata,Frutal,FRU_L3,7,-0.0,false,lata
120,Itaipava_Lata,Frutal,FRU_L3,8,-0.0,false,lata
120,Itaipava_Lata,Frutal,FRU_L3,9,-0.0,false,lata
120,Itaipava_Lata,Frutal,FRU_L3,10,-999999.9776142,false,lata
120,Itaipava_Lata,Frutal,FRU_L3,11,-0.0,false,lata
120,Itaipava_Lata,Frutal,FRU_L3,12,-0.0,false,lata
120,Itaipava_Lata,Frutal,FRU_L3,13,-0.0,false,lata
120,Itaipava_Lata,Frutal,FRU_L3,14,-0.0,false,lata
120,Itaipava_Lata,Frutal,FRU_L3,15,-999999.8865288496,false,lata
120,Itaipava_Lata,Pouso Alegre,POU_L1,1,-0.0,false,lata
120,Itaipava_Lata,Pouso Alegre,POU_L1,2,-0.0,false,lata
120,Itaipava_Lata,Pouso Alegre,POU_L1,3,-0.0,false,lata
120,Itaipava_Lata,Pouso Alegre,POU_L1,4,-0.0,false,lata
120,Itaipava_Lata,Pouso Alegre,POU_L1,5,-0.0,false,lata
120,Itaipava_Lata,Pouso Alegre,POU_L1,6,-0.0,false,lata
120,Itaipava_Lata,Pouso Alegre,POU_L1,7,-0.0,false,lata
120,Itaipava_Lata,Pouso Alegre,POU_L1,8,-0.0,false,lata
120,Itaipava_Lata,Pouso Alegre,POU_L1,9,-0.0,false,lata
120,Itaipava_Lata,Pouso Alegre,POU_L1,10,-0.0,false,lata
120,Itaipava_Lata,Pouso Alegre,POU_L1,11,-0.0,false,lata
120,Itaipava_Lata,Pouso Alegre,POU_L1,12,-0.0,false,lata
120,Itaipava_Lata,Pouso Alegre,POU_L1,13,-0.0,false,lata
120,Itaipava_Lata,Pouso Alegre,POU_L1,14,-0.0,false,lata
120,Itaipava_Lata,Pouso Alegre,POU_L1,15,-0.0,false,lata
120,Itaipava_Lata,Pouso Alegre,POU_L2,1,-0.0,false,lata
120,Itaipava_Lata,Pouso Alegre,POU_L2,2,-0.0,false,lata
120,Itaipava_Lata,Pouso Alegre,POU_L2,3,-0.0,false,lata
120,Itaipava_Lata,Pouso Alegre,POU_L2,4,-0.0,false,lata
120,Itaipava_Lata,Pouso Alegre,POU_L2,5,-0.0,false,lata
120,Itaipava_Lata,Pouso Alegre,POU_L2,6,-0.0,false,lata
120,Itaipava_Lata,Pouso Alegre,POU_L2,7,-0.0,false,lata
120,Itaipava_Lata,Pouso Alegre,POU_L2,8,-0.0,false,lata
120,Itaipava_Lata,Pouso Alegre,POU_L2,9,-0.0,false,lata
120,Itaipava_Lata,Pouso Alegre,POU_L2,10,-0.0,false,lata
120,Itaipava_Lata,Pouso Alegre,POU_L2,11,-0.0,false,lata
120,Itaipava_Lata,Pouso Alegre,POU_L2,12,-0.0,false,lata
120,Itaipava_Lata,Pouso Alegre,POU_L2,13,-0.0,false,lata
120,Itaipava_Lata,Pouso Alegre,POU_L2,14,-0.0,false,lata
120,Itaipava_Lata,Pouso Alegre,POU_L2,15,-0.0,false,lata
120,Itaipava_Lata,Pouso Alegre,POU_L3,1,-0.0,false,lata
120,Itaipava_Lata,Pouso Alegre,POU_L3,2,-999999.70418215,false,lata
120,Itaipava_Lata,Pouso Alegre,POU_L3,3,-0.0,false,lata
120,Itaipava_Lata,Pouso Alegre,POU_L3,4,-0.0,false,lata
120,Itaipava_Lata,Pouso Alegre,POU_L3,5,-0.0,false,lata
120,Itaipava_Lata,Pouso Alegre,POU_L3,6,-0.0,false,lata
120,Itaipava_Lata,Pouso Alegre,POU_L3,7,-0.0,false,lata
120,Itaipava_Lata,Pouso Alegre,POU_L3,8,-0.0,false,lata
120,Itaipava_Lata,Pouso Alegre,POU_L3,9,-0.0,false,lata
120,Itaipava_Lata,Pouso Alegre,POU_L3,10,-0.0,false,lata
120,Itaipava_Lata,Pouso Alegre,POU_L3,11,-0.0,false,lata
120,Itaipava_Lata,Pouso Alegre,POU_L3,12,-0.0,false,lata
120,Itaipava_Lata,Pouso Alegre,POU_L3,13,-0.0,false,lata
120,Itaipava_Lata,Pouso Alegre,POU_L3,14,-0.0,false,lata
120,Itaipava_Lata,Pouso Alegre,POU_L3,15,-0.0,false,lata
120,Itaipava_Lata,Gama,GAM_L1,1,-0.0,false,lata
120,Itaipava_Lata,Gama,GAM_L1,2,-999999.7318483,false,lata
120,Itaipava_Lata,Gama,GAM_L1,3,-0.0,false,lata
120,Itaipava_Lata,Gama,GAM_L1,4,-0.0,false,lata
120,Itaipava_Lata,Gama,GAM_L1,5,-0.0,false,lata
120,Itaipava_Lata,Gama,GAM_L1,6,-0.0,false,lata
120,Itaipava_Lata,Gama,GAM_L1,7,-0.0,false,lata
120,Itaipava_Lata,Gama,GAM_L1,8,-0.0,false,lata
120,Itaipava_Lata,Gama,GAM_L1,9,-0.0,false,lata
120,Itaipava_Lata,Gama,GAM_L1,10,-0.0,false,lata
120,Itaipava_Lata,Gama,GAM_L1,11,-0.0,false,lata
120,Itaipava_Lata,Gama,GAM_L1,12,-0.0,false,lata
120,Itaipava_Lata,Gama,GAM_L1,13,-999999.3329771495,false,lata
120,Itaipava_Lata,Gama,GAM_L1,14,-0.0,false,lata
120,Itaipava_Lata,Gama,GAM_L1,15,-999999.9021757996,false,lata
120,Itaipava_Lata,Gama,GAM_L2,1,-0.0,false,lata
120,Itaipava_Lata,Gama,GAM_L2,2,-0.0,false,lata
120,Itaipava_Lata,Gama,GAM_L2,3,-1.0e6,true,lata
120,Itaipava_Lata,Gama,GAM_L2,4,-0.0,false,lata
120,Itaipava_Lata,Gama,GAM_L2,5,-0.0,false,lata
120,Itaipava_Lata,Gama,GAM_L2,6,-1.0e6,true,lata
120,Itaipava_Lata,Gama,GAM_L2,7,-0.0,false,lata
120,Itaipava_Lata,Gama,GAM_L2,8,-0.0,false,lata
120,Itaipava_Lata,Gama,GAM_L2,9,-0.0,false,lata
120,Itaipava_Lata,Gama,GAM_L2,10,-0.0,false,lata
120,Itaipava_Lata,Gama,GAM_L2,11,-0.0,false,lata
120,Itaipava_Lata,Gama,GAM_L2,12,-0.0,false,lata
120,Itaipava_Lata,Gama,GAM_L2,13,-0.0,false,lata
120,Itaipava_Lata,Gama,GAM_L2,14,-0.0,false,lata
120,Itaipava_Lata,Gama,GAM_L2,15,-0.0,false,lata
120,Itaipava_Lata,Gama,GAM_L3,1,-0.0,false,lata
120,Itaipava_Lata,Gama,GAM_L3,2,-0.0,false,lata
120,Itaipava_Lata,Gama,GAM_L3,3,-0.0,false,lata
120,Itaipava_Lata,Gama,GAM_L3,4,-0.0,false,lata
120,Itaipava_Lata,Gama,GAM_L3,5,-0.0,false,lata
120,Itaipava_Lata,Gama,GAM_L3,6,-0.0,false,lata
120,Itaipava_Lata,Gama,GAM_L3,7,-0.0,false,lata
120,Itaipava_Lata,Gama,GAM_L3,8,-0.0,false,lata
120,Itaipava_Lata,Gama,GAM_L3,9,-0.0,false,lata
120,Itaipava_Lata,Gama,GAM_L3,10,-0.0,false,lata
120,Itaipava_Lata,Gama,GAM_L3,11,-0.0,false,lata
120,Itaipava_Lata,Gama,GAM_L3,12,-0.0,false,lata
120,Itaipava_Lata,Gama,GAM_L3,13,-0.0,false,lata
120,Itaipava_Lata,Gama,GAM_L3,14,-0.0,false,lata
120,Itaipava_Lata,Gama,GAM_L3,15,-0.0,false,lata
120,Itaipava_Lata,Viamao,VIA_L1,1,-0.0,false,lata
120,Itaipava_Lata,Viamao,VIA_L1,2,-0.0,false,lata
120,Itaipava_Lata,Viamao,VIA_L1,3,-0.0,false,lata
120,Itaipava_Lata,Viamao,VIA_L1,4,-0.0,false,lata
120,Itaipava_Lata,Viamao,VIA_L1,5,-0.0,false,lata
120,Itaipava_Lata,Viamao,VIA_L1,6,-0.0,false,lata
120,Itaipava_Lata,Viamao,VIA_L1,7,-0.0,false,lata
120,Itaipava_Lata,Viamao,VIA_L1,8,-0.0,false,lata
120,Itaipava_Lata,Viamao,VIA_L1,9,-0.0,false,lata
120,Itaipava_Lata,Viamao,VIA_L1,10,-0.0,false,lata
120,Itaipava_Lata,Viamao,VIA_L1,11,-0.0,false,lata
120,Itaipava_Lata,Viamao,VIA_L1,12,-0.0,false,lata
120,Itaipava_Lata,Viamao,VIA_L1,13,-0.0,false,lata
120,Itaipava_Lata,Viamao,VIA_L1,14,-0.0,false,lata
120,Itaipava_Lata,Viamao,VIA_L1,15,-0.0,false,lata
120,Itaipava_Lata,Viamao,VIA_L2,1,-0.0,false,lata
120,Itaipava_Lata,Viamao,VIA_L2,2,-0.0,false,lata
120,Itaipava_Lata,Viamao,VIA_L2,3,-1.0e6,true,lata
120,Itaipava_Lata,Viamao,VIA_L2,4,-0.0,false,lata
120,Itaipava_Lata,Viamao,VIA_L2,5,-0.0,false,lata
120,Itaipava_Lata,Viamao,VIA_L2,6,-0.0,false,lata
120,Itaipava_Lata,Viamao,VIA_L2,7,-0.0,false,lata
120,Itaipava_Lata,Viamao,VIA_L2,8,-0.0,false,lata
120,Itaipava_Lata,Viamao,VIA_L2,9,-0.0,false,lata
120,Itaipava_Lata,Viamao,VIA_L2,10,-0.0,false,lata
120,Itaipava_Lata,Viamao,VIA_L2,11,-0.0,false,lata
120,Itaipava_Lata,Viamao,VIA_L2,12,-0.0,false,lata
120,Itaipava_Lata,Viamao,VIA_L2,13,-0.0,false,lata
120,Itaipava_Lata,Viamao,VIA_L2,14,-0.0,false,lata
120,Itaipava_Lata,Viamao,VIA_L2,15,-0.0,false,lata
120,Itaipava_Lata,Viamao,VIA_L3,1,-0.0,false,lata
120,Itaipava_Lata,Viamao,VIA_L3,2,-0.0,false,lata
120,Itaipava_Lata,Viamao,VIA_L3,3,-0.0,false,lata
120,Itaipava_Lata,Viamao,VIA_L3,4,-0.0,false,lata
120,Itaipava_Lata,Viamao,VIA_L3,5,-0.0,false,lata
120,Itaipava_Lata,Viamao,VIA_L3,6,-0.0,false,lata
120,Itaipava_Lata,Viamao,VIA_L3,7,-0.0,false,lata
120,Itaipava_Lata,Viamao,VIA_L3,8,-0.0,false,lata
120,Itaipava_Lata,Viamao,VIA_L3,9,-0.0,false,lata
120,Itaipava_Lata,Viamao,VIA_L3,10,-1.0e6,true,lata
120,Itaipava_Lata,Viamao,VIA_L3,11,-0.0,false,lata
120,Itaipava_Lata,Viamao,VIA_L3,12,-0.0,false,lata
120,Itaipava_Lata,Viamao,VIA_L3,13,-0.0,false,lata
120,Itaipava_Lata,Viamao,VIA_L3,14,-0.0,false,lata
120,Itaipava_Lata,Viamao,VIA_L3,15,-0.0,false,lata
120,Itaipava_Lata,Itupeva,ITU_L1,1,-0.0,false,lata
120,Itaipava_Lata,Itupeva,ITU_L1,2,-0.0,false,lata
120,Itaipava_Lata,Itupeva,ITU_L1,3,-0.0,false,lata
120,Itaipava_Lata,Itupeva,ITU_L1,4,-0.0,false,lata
120,Itaipava_Lata,Itupeva,ITU_L1,5,-0.0,false,lata
120,Itaipava_Lata,Itupeva,ITU_L1,6,-0.0,false,lata
120,Itaipava_Lata,Itupeva,ITU_L1,7,-0.0,false,lata
120,Itaipava_Lata,Itupeva,ITU_L1,8,-0.0,false,lata
120,Itaipava_Lata,Itupeva,ITU_L1,9,-0.0,false,lata
120,Itaipava_Lata,Itupeva,ITU_L1,10,-0.0,false,lata
120,Itaipava_Lata,Itupeva,ITU_L1,11,-0.0,false,lata
120,Itaipava_Lata,Itupeva,ITU_L1,12,-0.0,false,lata
120,Itaipava_Lata,Itupeva,ITU_L1,13,-0.0,false,lata
120,Itaipava_Lata,Itupeva,ITU_L1,14,-0.0,false,lata
120,Itaipava_Lata,Itupeva,ITU_L1,15,-0.0,false,lata
120,Itaipava_Lata,Itupeva,ITU_L2,1,-0.0,false,lata
120,Itaipava_Lata,Itupeva,ITU_L2,2,-0.0,false,lata
120,Itaipava_Lata,Itupeva,ITU_L2,3,-0.0,false,lata
120,Itaipava_Lata,Itupeva,ITU_L2,4,-0.0,false,lata
120,Itaipava_Lata,Itupeva,ITU_L2,5,-0.0,false,lata
120,Itaipava_Lata,Itupeva,ITU_L2,6,-0.0,false,lata
120,Itaipava_Lata,Itupeva,ITU_L2,7,-0.0,false,lata
120,Itaipava_Lata,Itupeva,ITU_L2,8,-0.0,false,lata
120,Itaipava_Lata,Itupeva,ITU_L2,9,-0.0,false,lata
120,Itaipava_Lata,Itupeva,ITU_L2,10,-999999.9638641999,false,lata
120,Itaipava_Lata,Itupeva,ITU_L2,11,-0.0,false,lata
120,Itaipava_Lata,Itupeva,ITU_L2,12,-0.0,false,lata
120,Itaipava_Lata,Itupeva,ITU_L2,13,-0.0,false,lata
120,Itaipava_Lata,Itupeva,ITU_L2,14,-0.0,false,lata
120,Itaipava_Lata,Itupeva,ITU_L2,15,-0.0,false,lata
120,Itaipava_Lata,Itupeva,ITU_L3,1,-0.0,false,lata
120,Itaipava_Lata,Itupeva,ITU_L3,2,-0.0,false,lata
120,Itaipava_Lata,Itupeva,ITU_L3,3,-0.0,false,lata
120,Itaipava_Lata,Itupeva,ITU_L3,4,-0.0,false,lata
120,Itaipava_Lata,Itupeva,ITU_L3,5,-0.0,false,lata
120,Itaipava_Lata,Itupeva,ITU_L3,6,-0.0,false,lata
120,Itaipava_Lata,Itupeva,ITU_L3,7,-0.0,false,lata
120,Itaipava_Lata,Itupeva,ITU_L3,8,-0.0,false,lata
120,Itaipava_Lata,Itupeva,ITU_L3,9,-0.0,false,lata
120,Itaipava_Lata,Itupeva,ITU_L3,10,-0.0,false,lata
120,Itaipava_Lata,Itupeva,ITU_L3,11,-0.0,false,lata
120,Itaipava_Lata,Itupeva,ITU_L3,12,-0.0,false,lata
120,Itaipava_Lata,Itupeva,ITU_L3,13,-0.0,false,lata
120,Itaipava_Lata,Itupeva,ITU_L3,14,-0.0,false,lata
120,Itaipava_Lata,Itupeva,ITU_L3,15,-0.0,false,lata
120,Itaipava_Lata,Cabo de Santo Agostinho,CAB_L1,1,-0.0,false,lata
120,Itaipava_Lata,Cabo de Santo Agostinho,CAB_L1,2,-0.0,false,lata
120,Itaipava_Lata,Cabo de Santo Agostinho,CAB_L1,3,-0.0,false,lata
120,Itaipava_Lata,Cabo de Santo Agostinho,CAB_L1,4,-0.0,false,lata
120,Itaipava_Lata,Cabo de Santo Agostinho,CAB_L1,5,-0.0,false,lata
120,Itaipava_Lata,Cabo de Santo Agostinho,CAB_L1,6,-0.0,false,lata
120,Itaipava_Lata,Cabo de Santo Agostinho,CAB_L1,7,-0.0,false,lata
120,Itaipava_Lata,Cabo de Santo Agostinho,CAB_L1,8,-0.0,false,lata
120,Itaipava_Lata,Cabo de Santo Agostinho,CAB_L1,9,-0.0,false,lata
120,Itaipava_Lata,Cabo de Santo Agostinho,CAB_L1,10,-0.0,false,lata
120,Itaipava_Lata,Cabo de Santo Agostinho,CAB_L1,11,-0.0,false,lata
120,Itaipava_Lata,Cabo de Santo Agostinho,CAB_L1,12,-0.0,false,lata
120,Itaipava_Lata,Cabo de Santo Agostinho,CAB_L1,13,-0.0,false,lata
120,Itaipava_Lata,Cabo de Santo Agostinho,CAB_L1,14,-0.0,false,lata
120,Itaipava_Lata,Cabo de Santo Agostinho,CAB_L1,15,-999999.9543110495,false,lata
120,Itaipava_Lata,Cabo de Santo Agostinho,CAB_L2,1,-0.0,false,lata
120,Itaipava_Lata,Cabo de Santo Agostinho,CAB_L2,2,-0.0,false,lata
120,Itaipava_Lata,Cabo de Santo Agostinho,CAB_L2,3,-0.0,false,lata
120,Itaipava_Lata,Cabo de Santo Agostinho,CAB_L2,4,-0.0,false,lata
120,Itaipava_Lata,Cabo de Santo Agostinho,CAB_L2,5,-0.0,false,lata
120,Itaipava_Lata,Cabo de Santo Agostinho,CAB_L2,6,-0.0,false,lata
120,Itaipava_Lata,Cabo de Santo Agostinho,CAB_L2,7,-0.0,false,lata
120,Itaipava_Lata,Cabo de Santo Agostinho,CAB_L2,8,-0.0,false,lata
120,Itaipava_Lata,Cabo de Santo Agostinho,CAB_L2,9,-0.0,false,lata
120,Itaipava_Lata,Cabo de Santo Agostinho,CAB_L2,10,-0.0,false,lata
120,Itaipava_Lata,Cabo de Santo Agostinho,CAB_L2,11,-0.0,false,lata
120,Itaipava_Lata,Cabo de Santo Agostinho,CAB_L2,12,-0.0,false,lata
120,Itaipava_Lata,Cabo de Santo Agostinho,CAB_L2,13,-0.0,false,lata
120,Itaipava_Lata,Cabo de Santo Agostinho,CAB_L2,14,-0.0,false,lata
120,Itaipava_Lata,Cabo de Santo Agostinho,CAB_L2,15,-0.0,false,lata
120,Itaipava_Lata,Cabo de Santo Agostinho,CAB_L3,1,-0.0,false,lata
120,Itaipava_Lata,Cabo de Santo Agostinho,CAB_L3,2,-0.0,false,lata
120,Itaipava_Lata,Cabo de Santo Agostinho,CAB_L3,3,-0.0,false,lata
120,Itaipava_Lata,Cabo de Santo Agostinho,CAB_L3,4,-0.0,false,lata
120,Itaipava_Lata,Cabo de Santo Agostinho,CAB_L3,5,-0.0,false,lata
120,Itaipava_Lata,Cabo de Santo Agostinho,CAB_L3,6,-0.0,false,lata
120,Itaipava_Lata,Cabo de Santo Agostinho,CAB_L3,7,-0.0,false,lata
120,Itaipava_Lata,Cabo de Santo Agostinho,CAB_L3,8,-0.0,false,lata
120,Itaipava_Lata,Cabo de Santo Agostinho,CAB_L3,9,-0.0,false,lata
120,Itaipava_Lata,Cabo de Santo Agostinho,CAB_L3,10,-0.0,false,lata
120,Itaipava_Lata,Cabo de Santo Agostinho,CAB_L3,11,-0.0,false,lata
120,Itaipava_Lata,Cabo de Santo Agostinho,CAB_L3,12,-0.0,false,lata
120,Itaipava_Lata,Cabo de Santo Agostinho,CAB_L3,13,-0.0,false,lata
120,Itaipava_Lata,Cabo de Santo Agostinho,CAB_L3,14,-0.0,false,lata
120,Itaipava_Lata,Cabo de Santo Agostinho,CAB_L3,15,-0.0,false,lata
120,Maguary_Maracuja,Jacarei,JAC_L1,1,-0.0,false,lata
120,Maguary_Maracuja,Jacarei,JAC_L1,2,-0.0,false,lata
120,Maguary_Maracuja,Jacarei,JAC_L1,3,-1.0e6,true,lata
120,Maguary_Maracuja,Jacarei,JAC_L1,4,-0.0,false,lata
120,Maguary_Maracuja,Jacarei,JAC_L1,5,-0.0,false,lata
120,Maguary_Maracuja,Jacarei,JAC_L1,6,-0.0,false,lata
120,Maguary_Maracuja,Jacarei,JAC_L1,7,-0.0,false,lata
120,Maguary_Maracuja,Jacarei,JAC_L1,8,-0.0,false,lata
120,Maguary_Maracuja,Jacarei,JAC_L1,9,-0.0,false,lata
120,Maguary_Maracuja,Jacarei,JAC_L1,10,-0.0,false,lata
120,Maguary_Maracuja,Jacarei,JAC_L1,11,-0.0,false,lata
120,Maguary_Maracuja,Jacarei,JAC_L1,12,-0.0,false,lata
120,Maguary_Maracuja,Jacarei,JAC_L1,13,-0.0,false,lata
120,Maguary_Maracuja,Jacarei,JAC_L1,14,-0.0,false,lata
120,Maguary_Maracuja,Jacarei,JAC_L1,15,-0.0,false,lata
120,Maguary_Maracuja,Jacarei,JAC_L2,1,-0.0,false,lata
120,Maguary_Maracuja,Jacarei,JAC_L2,2,-0.0,false,lata
120,Maguary_Maracuja,Jacarei,JAC_L2,3,-0.0,false,lata
120,Maguary_Maracuja,Jacarei,JAC_L2,4,-0.0,false,lata
120,Maguary_Maracuja,Jacarei,JAC_L2,5,-0.0,false,lata
120,Maguary_Maracuja,Jacarei,JAC_L2,6,-0.0,false,lata
120,Maguary_Maracuja,Jacarei,JAC_L2,7,-0.0,false,lata
120,Maguary_Maracuja,Jacarei,JAC_L2,8,-0.0,false,lata
120,Maguary_Maracuja,Jacarei,JAC_L2,9,-0.0,false,lata
120,Maguary_Maracuja,Jacarei,JAC_L2,10,-0.0,false,lata
120,Maguary_Maracuja,Jacarei,JAC_L2,11,-0.0,false,lata
120,Maguary_Maracuja,Jacarei,JAC_L2,12,-0.0,false,lata
120,Maguary_Maracuja,Jacarei,JAC_L2,13,-0.0,false,lata
120,Maguary_Maracuja,Jacarei,JAC_L2,14,-0.0,false,lata
120,Maguary_Maracuja,Jacarei,JAC_L2,15,-0.0,false,lata
120,Maguary_Maracuja,Jacarei,JAC_L3,1,-0.0,false,lata
120,Maguary_Maracuja,Jacarei,JAC_L3,2,-0.0,false,lata
120,Maguary_Maracuja,Jacarei,JAC_L3,3,-0.0,false,lata
120,Maguary_Maracuja,Jacarei,JAC_L3,4,-0.0,false,lata
120,Maguary_Maracuja,Jacarei,JAC_L3,5,-0.0,false,lata
120,Maguary_Maracuja,Jacarei,JAC_L3,6,-0.0,false,lata
120,Maguary_Maracuja,Jacarei,JAC_L3,7,-0.0,false,lata
120,Maguary_Maracuja,Jacarei,JAC_L3,8,-0.0,false,lata
120,Maguary_Maracuja,Jacarei,JAC_L3,9,-0.0,false,lata
120,Maguary_Maracuja,Jacarei,JAC_L3,10,-0.0,false,lata
120,Maguary_Maracuja,Jacarei,JAC_L3,11,-0.0,false,lata
120,Maguary_Maracuja,Jacarei,JAC_L3,12,-0.0,false,lata
120,Maguary_Maracuja,Jacarei,JAC_L3,13,-0.0,false,lata
120,Maguary_Maracuja,Jacarei,JAC_L3,14,-0.0,false,lata
120,Maguary_Maracuja,Jacarei,JAC_L3,15,-0.0,false,lata
120,Maguary_Maracuja,Extrema,EXT_L1,1,-0.0,false,lata
120,Maguary_Maracuja,Extrema,EXT_L1,2,-0.0,false,lata
120,Maguary_Maracuja,Extrema,EXT_L1,3,-0.0,false,lata
120,Maguary_Maracuja,Extrema,EXT_L1,4,-0.0,false,lata
120,Maguary_Maracuja,Extrema,EXT_L1,5,-0.0,false,lata
120,Maguary_Maracuja,Extrema,EXT_L1,6,-0.0,false,lata
120,Maguary_Maracuja,Extrema,EXT_L1,7,-1.0e6,true,lata
120,Maguary_Maracuja,Extrema,EXT_L1,8,-0.0,false,lata
120,Maguary_Maracuja,Extrema,EXT_L1,9,-0.0,false,lata
120,Maguary_Maracuja,Extrema,EXT_L1,10,-0.0,false,lata
120,Maguary_Maracuja,Extrema,EXT_L1,11,-1.0e6,true,lata
120,Maguary_Maracuja,Extrema,EXT_L1,12,-0.0,false,lata
120,Maguary_Maracuja,Extrema,EXT_L1,13,-0.0,false,lata
120,Maguary_Maracuja,Extrema,EXT_L1,14,-0.0,false,lata
120,Maguary_Maracuja,Extrema,EXT_L1,15,-0.0,false,lata
120,Maguary_Maracuja,Extrema,EXT_L2,1,-0.0,false,lata
120,Maguary_Maracuja,Extrema,EXT_L2,2,-0.0,false,lata
120,Maguary_Maracuja,Extrema,EXT_L2,3,-0.0,false,lata
120,Maguary_Maracuja,Extrema,EXT_L2,4,-0.0,false,lata
120,Maguary_Maracuja,Extrema,EXT_L2,5,-0.0,false,lata
120,Maguary_Maracuja,Extrema,EXT_L2,6,-0.0,false,lata
120,Maguary_Maracuja,Extrema,EXT_L2,7,-0.0,false,lata
120,Maguary_Maracuja,Extrema,EXT_L2,8,-0.0,false,lata
120,Maguary_Maracuja,Extrema,EXT_L2,9,-0.0,false,lata
120,Maguary_Maracuja,Extrema,EXT_L2,10,-0.0,false,lata
120,Maguary_Maracuja,Extrema,EXT_L2,11,-0.0,false,lata
120,Maguary_Maracuja,Extrema,EXT_L2,12,-0.0,false,lata
120,Maguary_Maracuja,Extrema,EXT_L2,13,-0.0,false,lata
120,Maguary_Maracuja,Extrema,EXT_L2,14,-0.0,false,lata
120,Maguary_Maracuja,Extrema,EXT_L2,15,-0.0,false,lata
120,Maguary_Maracuja,Extrema,EXT_L3,1,-0.0,false,lata
120,Maguary_Maracuja,Extrema,EXT_L3,2,-0.0,false,lata
120,Maguary_Maracuja,Extrema,EXT_L3,3,-1.0e6,true,lata
120,Maguary_Maracuja,Extrema,EXT_L3,4,-0.0,false,lata
120,Maguary_Maracuja,Extrema,EXT_L3,5,-0.0,false,lata
120,Maguary_Maracuja,Extrema,EXT_L3,6,-0.0,false,lata
120,Maguary_Maracuja,Extrema,EXT_L3,7,-0.0,false,lata
120,Maguary_Maracuja,Extrema,EXT_L3,8,-0.0,false,lata
120,Maguary_Maracuja,Extrema,EXT_L3,9,-0.0,false,lata
120,Maguary_Maracuja,Extrema,EXT_L3,10,-0.0,false,lata
120,Maguary_Maracuja,Extrema,EXT_L3,11,-0.0,false,lata
120,Maguary_Maracuja,Extrema,EXT_L3,12,-0.0,false,lata
120,Maguary_Maracuja,Extrema,EXT_L3,13,-0.0,false,lata
120,Maguary_Maracuja,Extrema,EXT_L3,14,-0.0,false,lata
120,Maguary_Maracuja,Extrema,EXT_L3,15,-0.0,false,lata
120,Maguary_Maracuja,Tres Rios,TRE_L1,1,-0.0,false,lata
120,Maguary_Maracuja,Tres Rios,TRE_L1,2,-0.0,false,lata
120,Maguary_Maracuja,Tres Rios,TRE_L1,3,-0.0,false,lata
120,Maguary_Maracuja,Tres Rios,TRE_L1,4,-1.0e6,true,lata
120,Maguary_Maracuja,Tres Rios,TRE_L1,5,-0.0,false,lata
120,Maguary_Maracuja,Tres Rios,TRE_L1,6,-0.0,false,lata
120,Maguary_Maracuja,Tres Rios,TRE_L1,7,-0.0,false,lata
120,Maguary_Maracuja,Tres Rios,TRE_L1,8,-0.0,false,lata
120,Maguary_Maracuja,Tres Rios,TRE_L1,9,-0.0,false,lata
120,Maguary_Maracuja,Tres Rios,TRE_L1,10,-0.0,false,lata
120,Maguary_Maracuja,Tres Rios,TRE_L1,11,-0.0,false,lata
120,Maguary_Maracuja,Tres Rios,TRE_L1,12,-0.0,false,lata
120,Maguary_Maracuja,Tres Rios,TRE_L1,13,-0.0,false,lata
120,Maguary_Maracuja,Tres Rios,TRE_L1,14,-0.0,false,lata
120,Maguary_Maracuja,Tres Rios,TRE_L1,15,-0.0,false,lata
120,Maguary_Maracuja,Tres Rios,TRE_L2,1,-0.0,false,lata
120,Maguary_Maracuja,Tres Rios,TRE_L2,2,-0.0,false,lata
120,Maguary_Maracuja,Tres Rios,TRE_L2,3,-0.0,false,lata
120,Maguary_Maracuja,Tres Rios,TRE_L2,4,-0.0,false,lata
120,Maguary_Maracuja,Tres Rios,TRE_L2,5,-999999.9884427,false,lata
120,Maguary_Maracuja,Tres Rios,TRE_L2,6,-0.0,false,lata
120,Maguary_Maracuja,Tres Rios,TRE_L2,7,-0.0,false,lata
120,Maguary_Maracuja,Tres Rios,TRE_L2,8,-0.0,false,lata
120,Maguary_Maracuja,Tres Rios,TRE_L2,9,-0.0,false,lata
120,Maguary_Maracuja,Tres Rios,TRE_L2,10,-0.0,false,lata
120,Maguary_Maracuja,Tres Rios,TRE_L2,11,-0.0,false,lata
120,Maguary_Maracuja,Tres Rios,TRE_L2,12,-1.0e6,true,lata
120,Maguary_Maracuja,Tres Rios,TRE_L2,13,-0.0,false,lata
120,Maguary_Maracuja,Tres Rios,TRE_L2,14,-0.0,false,lata
120,Maguary_Maracuja,Tres Rios,TRE_L2,15,-0.0,false,lata
120,Maguary_Maracuja,Tres Rios,TRE_L3,1,-0.0,false,lata
120,Maguary_Maracuja,Tres Rios,TRE_L3,2,-0.0,false,lata
120,Maguary_Maracuja,Tres Rios,TRE_L3,3,-0.0,false,lata
120,Maguary_Maracuja,Tres Rios,TRE_L3,4,-0.0,false,lata
120,Maguary_Maracuja,Tres Rios,TRE_L3,5,-0.0,false,lata
120,Maguary_Maracuja,Tres Rios,TRE_L3,6,-0.0,false,lata
120,Maguary_Maracuja,Tres Rios,TRE_L3,7,-0.0,false,lata
120,Maguary_Maracuja,Tres Rios,TRE_L3,8,-0.0,false,lata
120,Maguary_Maracuja,Tres Rios,TRE_L3,9,-0.0,false,lata
120,Maguary_Maracuja,Tres Rios,TRE_L3,10,-0.0,false,lata
120,Maguary_Maracuja,Tres Rios,TRE_L3,11,-0.0,false,lata
120,Maguary_Maracuja,Tres Rios,TRE_L3,12,-0.0,false,lata
120,Maguary_Maracuja,Tres Rios,TRE_L3,13,-0.0,false,lata
120,Maguary_Maracuja,Tres Rios,TRE_L3,14,-0.0,false,lata
120,Maguary_Maracuja,Tres Rios,TRE_L3,15,-0.0,false,lata
120,Maguary_Maracuja,Alagoinhas,ALA_L1,1,-0.0,false,lata
120,Maguary_Maracuja,Alagoinhas,ALA_L1,2,-1.0e6,true,lata
120,Maguary_Maracuja,Alagoinhas,ALA_L1,3,-0.0,false,lata
120,Maguary_Maracuja,Alagoinhas,ALA_L1,4,-0.0,false,lata
120,Maguary_Maracuja,Alagoinhas,ALA_L1,5,-0.0,false,lata
120,Maguary_Maracuja,Alagoinhas,ALA_L1,6,-0.0,false,lata
120,Maguary_Maracuja,Alagoinhas,ALA_L1,7,-0.0,false,lata
120,Maguary_Maracuja,Alagoinhas,ALA_L1,8,-0.0,false,lata
120,Maguary_Maracuja,Alagoinhas,ALA_L1,9,-0.0,false,lata
120,Maguary_Maracuja,Alagoinhas,ALA_L1,10,-0.0,false,lata
120,Maguary_Maracuja,Alagoinhas,ALA_L1,11,-0.0,false,lata
120,Maguary_Maracuja,Alagoinhas,ALA_L1,12,-0.0,false,lata
120,Maguary_Maracuja,Alagoinhas,ALA_L1,13,-0.0,false,lata
120,Maguary_Maracuja,Alagoinhas,ALA_L1,14,-0.0,false,lata
120,Maguary_Maracuja,Alagoinhas,ALA_L1,15,-0.0,false,lata
120,Maguary_Maracuja,Alagoinhas,ALA_L2,1,-0.0,false,lata
120,Maguary_Maracuja,Alagoinhas,ALA_L2,2,-0.0,false,lata
120,Maguary_Maracuja,Alagoinhas,ALA_L2,3,-0.0,false,lata
120,Maguary_Maracuja,Alagoinhas,ALA_L2,4,-0.0,false,lata
120,Maguary_Maracuja,Alagoinhas,ALA_L2,5,-1.0e6,true,lata
120,Maguary_Maracuja,Alagoinhas,ALA_L2,6,-0.0,false,lata
120,Maguary_Maracuja,Alagoinhas,ALA_L2,7,-0.0,false,lata
120,Maguary_Maracuja,Alagoinhas,ALA_L2,8,-0.0,false,lata
120,Maguary_Maracuja,Alagoinhas,ALA_L2,9,-0.0,false,lata
120,Maguary_Maracuja,Alagoinhas,ALA_L2,10,-0.0,false,lata
120,Maguary_Maracuja,Alagoinhas,ALA_L2,11,-0.0,false,lata
120,Maguary_Maracuja,Alagoinhas,ALA_L2,12,-0.0,false,lata
120,Maguary_Maracuja,Alagoinhas,ALA_L2,13,-999999.9686347498,false,lata
120,Maguary_Maracuja,Alagoinhas,ALA_L2,14,-0.0,false,lata
120,Maguary_Maracuja,Alagoinhas,ALA_L2,15,-0.0,false,lata
120,Maguary_Maracuja,Alagoinhas,ALA_L3,1,-0.0,false,lata
120,Maguary_Maracuja,Alagoinhas,ALA_L3,2,-0.0,false,lata
120,Maguary_Maracuja,Alagoinhas,ALA_L3,3,-0.0,false,lata
120,Maguary_Maracuja,Alagoinhas,ALA_L3,4,-0.0,false,lata
120,Maguary_Maracuja,Alagoinhas,ALA_L3,5,-0.0,false,lata
120,Maguary_Maracuja,Alagoinhas,ALA_L3,6,-0.0,false,lata
120,Maguary_Maracuja,Alagoinhas,ALA_L3,7,-0.0,false,lata
120,Maguary_Maracuja,Alagoinhas,ALA_L3,8,-0.0,false,lata
120,Maguary_Maracuja,Alagoinhas,ALA_L3,9,-0.0,false,lata
120,Maguary_Maracuja,Alagoinhas,ALA_L3,10,-0.0,false,lata
120,Maguary_Maracuja,Alagoinhas,ALA_L3,11,-0.0,false,lata
120,Maguary_Maracuja,Alagoinhas,ALA_L3,12,-0.0,false,lata
120,Maguary_Maracuja,Alagoinhas,ALA_L3,13,-0.0,false,lata
120,Maguary_Maracuja,Alagoinhas,ALA_L3,14,-0.0,false,lata
120,Maguary_Maracuja,Alagoinhas,ALA_L3,15,-0.0,false,lata
120,Maguary_Maracuja,Frutal,FRU_L1,1,-0.0,false,lata
120,Maguary_Maracuja,Frutal,FRU_L1,2,-0.0,false,lata
120,Maguary_Maracuja,Frutal,FRU_L1,3,-0.0,false,lata
120,Maguary_Maracuja,Frutal,FRU_L1,4,-0.0,false,lata
120,Maguary_Maracuja,Frutal,FRU_L1,5,-0.0,false,lata
120,Maguary_Maracuja,Frutal,FRU_L1,6,-0.0,false,lata
120,Maguary_Maracuja,Frutal,FRU_L1,7,-0.0,false,lata
120,Maguary_Maracuja,Frutal,FRU_L1,8,-0.0,false,lata
120,Maguary_Maracuja,Frutal,FRU_L1,9,-0.0,false,lata
120,Maguary_Maracuja,Frutal,FRU_L1,10,-0.0,false,lata
120,Maguary_Maracuja,Frutal,FRU_L1,11,-0.0,false,lata
120,Maguary_Maracuja,Frutal,FRU_L1,12,-999999.9832506999,false,lata
120,Maguary_Maracuja,Frutal,FRU_L1,13,-0.0,false,lata
120,Maguary_Maracuja,Frutal,FRU_L1,14,-0.0,false,lata
120,Maguary_Maracuja,Frutal,FRU_L1,15,-0.0,false,lata
120,Maguary_Maracuja,Frutal,FRU_L2,1,-0.0,false,lata
120,Maguary_Maracuja,Frutal,FRU_L2,2,-0.0,false,lata
120,Maguary_Maracuja,Frutal,FRU_L2,3,-0.0,false,lata
120,Maguary_Maracuja,Frutal,FRU_L2,4,-0.0,false,lata
120,Maguary_Maracuja,Frutal,FRU_L2,5,-0.0,false,lata
120,Maguary_Maracuja,Frutal,FRU_L2,6,-0.0,false,lata
120,Maguary_Maracuja,Frutal,FRU_L2,7,-0.0,false,lata
120,Maguary_Maracuja,Frutal,FRU_L2,8,-0.0,false,lata
120,Maguary_Maracuja,Frutal,FRU_L2,9,-0.0,false,lata
120,Maguary_Maracuja,Frutal,FRU_L2,10,-0.0,false,lata
120,Maguary_Maracuja,Frutal,FRU_L2,11,-0.0,false,lata
120,Maguary_Maracuja,Frutal,FRU_L2,12,-0.0,false,lata
120,Maguary_Maracuja,Frutal,FRU_L2,13,-0.0,false,lata
120,Maguary_Maracuja,Frutal,FRU_L2,14,-0.0,false,lata
120,Maguary_Maracuja,Frutal,FRU_L2,15,-0.0,false,lata
120,Maguary_Maracuja,Frutal,FRU_L3,1,-0.0,false,lata
120,Maguary_Maracuja,Frutal,FRU_L3,2,-999999.9716934,false,lata
120,Maguary_Maracuja,Frutal,FRU_L3,3,-0.0,false,lata
120,Maguary_Maracuja,Frutal,FRU_L3,4,-0.0,false,lata
120,Maguary_Maracuja,Frutal,FRU_L3,5,-0.0,false,lata
120,Maguary_Maracuja,Frutal,FRU_L3,6,-0.0,false,lata
120,Maguary_Maracuja,Frutal,FRU_L3,7,-0.0,false,lata
120,Maguary_Maracuja,Frutal,FRU_L3,8,-0.0,false,lata
120,Maguary_Maracuja,Frutal,FRU_L3,9,-0.0,false,lata
120,Maguary_Maracuja,Frutal,FRU_L3,10,-0.0,false,lata
120,Maguary_Maracuja,Frutal,FRU_L3,11,-0.0,false,lata
120,Maguary_Maracuja,Frutal,FRU_L3,12,-0.0,false,lata
120,Maguary_Maracuja,Frutal,FRU_L3,13,-999999.9403281497,false,lata
120,Maguary_Maracuja,Frutal,FRU_L3,14,-0.0,false,lata
120,Maguary_Maracuja,Frutal,FRU_L3,15,-999999.5393021,false,lata
120,Maguary_Maracuja,Pouso Alegre,POU_L1,1,-999999.72429795,false,lata
120,Maguary_Maracuja,Pouso Alegre,POU_L1,2,-0.0,false,lata
120,Maguary_Maracuja,Pouso Alegre,POU_L1,3,-0.0,false,lata
120,Maguary_Maracuja,Pouso Alegre,POU_L1,4,-0.0,false,lata
120,Maguary_Maracuja,Pouso Alegre,POU_L1,5,-0.0,false,lata
120,Maguary_Maracuja,Pouso Alegre,POU_L1,6,-0.0,false,lata
120,Maguary_Maracuja,Pouso Alegre,POU_L1,7,-0.0,false,lata
120,Maguary_Maracuja,Pouso Alegre,POU_L1,8,-0.0,false,lata
120,Maguary_Maracuja,Pouso Alegre,POU_L1,9,-0.0,false,lata
120,Maguary_Maracuja,Pouso Alegre,POU_L1,10,-999999.9297447,false,lata
120,Maguary_Maracuja,Pouso Alegre,POU_L1,11,-0.0,false,lata
120,Maguary_Maracuja,Pouso Alegre,POU_L1,12,-0.0,false,lata
120,Maguary_Maracuja,Pouso Alegre,POU_L1,13,-0.0,false,lata
120,Maguary_Maracuja,Pouso Alegre,POU_L1,14,-0.0,false,lata
120,Maguary_Maracuja,Pouso Alegre,POU_L1,15,-0.0,false,lata
120,Maguary_Maracuja,Pouso Alegre,POU_L2,1,-0.0,false,lata
120,Maguary_Maracuja,Pouso Alegre,POU_L2,2,-0.0,false,lata
120,Maguary_Maracuja,Pouso Alegre,POU_L2,3,-0.0,false,lata
120,Maguary_Maracuja,Pouso Alegre,POU_L2,4,-0.0,false,lata
120,Maguary_Maracuja,Pouso Alegre,POU_L2,5,-0.0,false,lata
120,Maguary_Maracuja,Pouso Alegre,POU_L2,6,-0.0,false,lata
120,Maguary_Maracuja,Pouso Alegre,POU_L2,7,-0.0,false,lata
120,Maguary_Maracuja,Pouso Alegre,POU_L2,8,-0.0,false,lata
120,Maguary_Maracuja,Pouso Alegre,POU_L2,9,-0.0,false,lata
120,Maguary_Maracuja,Pouso Alegre,POU_L2,10,-0.0,false,lata
120,Maguary_Maracuja,Pouso Alegre,POU_L2,11,-0.0,false,lata
120,Maguary_Maracuja,Pouso Alegre,POU_L2,12,-0.0,false,lata
120,Maguary_Maracuja,Pouso Alegre,POU_L2,13,-999999.9521326998,false,lata
120,Maguary_Maracuja,Pouso Alegre,POU_L2,14,-0.0,false,lata
120,Maguary_Maracuja,Pouso Alegre,POU_L2,15,-0.0,false,lata
120,Maguary_Maracuja,Pouso Alegre,POU_L3,1,-0.0,false,lata
120,Maguary_Maracuja,Pouso Alegre,POU_L3,2,-0.0,false,lata
120,Maguary_Maracuja,Pouso Alegre,POU_L3,3,-999999.9980893,false,lata
120,Maguary_Maracuja,Pouso Alegre,POU_L3,4,-0.0,false,lata
120,Maguary_Maracuja,Pouso Alegre,POU_L3,5,-999999.98349795,false,lata
120,Maguary_Maracuja,Pouso Alegre,POU_L3,6,-0.0,false,lata
120,Maguary_Maracuja,Pouso Alegre,POU_L3,7,-0.0,false,lata
120,Maguary_Maracuja,Pouso Alegre,POU_L3,8,-0.0,false,lata
120,Maguary_Maracuja,Pouso Alegre,POU_L3,9,-0.0,false,lata
120,Maguary_Maracuja,Pouso Alegre,POU_L3,10,-0.0,false,lata
120,Maguary_Maracuja,Pouso Alegre,POU_L3,11,-0.0,false,lata
120,Maguary_Maracuja,Pouso Alegre,POU_L3,12,-0.0,false,lata
120,Maguary_Maracuja,Pouso Alegre,POU_L3,13,-0.0,false,lata
120,Maguary_Maracuja,Pouso Alegre,POU_L3,14,-0.0,false,lata
120,Maguary_Maracuja,Pouso Alegre,POU_L3,15,-0.0,false,lata
120,Maguary_Maracuja,Gama,GAM_L1,1,-0.0,false,lata
120,Maguary_Maracuja,Gama,GAM_L1,2,-0.0,false,lata
120,Maguary_Maracuja,Gama,GAM_L1,3,-0.0,false,lata
120,Maguary_Maracuja,Gama,GAM_L1,4,-0.0,false,lata
120,Maguary_Maracuja,Gama,GAM_L1,5,-0.0,false,lata
120,Maguary_Maracuja,Gama,GAM_L1,6,-0.0,false,lata
120,Maguary_Maracuja,Gama,GAM_L1,7,-0.0,false,lata
120,Maguary_Maracuja,Gama,GAM_L1,8,-0.0,false,lata
120,Maguary_Maracuja,Gama,GAM_L1,9,-0.0,false,lata
120,Maguary_Maracuja,Gama,GAM_L1,10,-0.0,false,lata
120,Maguary_Maracuja,Gama,GAM_L1,11,-0.0,false,lata
120,Maguary_Maracuja,Gama,GAM_L1,12,-0.0,false,lata
120,Maguary_Maracuja,Gama,GAM_L1,13,-0.0,false,lata
120,Maguary_Maracuja,Gama,GAM_L1,14,-0.0,false,lata
120,Maguary_Maracuja,Gama,GAM_L1,15,-0.0,false,lata
120,Maguary_Maracuja,Gama,GAM_L2,1,-0.0,false,lata
120,Maguary_Maracuja,Gama,GAM_L2,2,-0.0,false,lata
120,Maguary_Maracuja,Gama,GAM_L2,3,-0.0,false,lata
120,Maguary_Maracuja,Gama,GAM_L2,4,-0.0,false,lata
120,Maguary_Maracuja,Gama,GAM_L2,5,-0.0,false,lata
120,Maguary_Maracuja,Gama,GAM_L2,6,-0.0,false,lata
120,Maguary_Maracuja,Gama,GAM_L2,7,-1.0e6,true,lata
120,Maguary_Maracuja,Gama,GAM_L2,8,-0.0,false,lata
120,Maguary_Maracuja,Gama,GAM_L2,9,-0.0,false,lata
120,Maguary_Maracuja,Gama,GAM_L2,10,-0.0,false,lata
120,Maguary_Maracuja,Gama,GAM_L2,11,-0.0,false,lata
120,Maguary_Maracuja,Gama,GAM_L2,12,-0.0,false,lata
120,Maguary_Maracuja,Gama,GAM_L2,13,-0.0,false,lata
120,Maguary_Maracuja,Gama,GAM_L2,14,-0.0,false,lata
120,Maguary_Maracuja,Gama,GAM_L2,15,-0.0,false,lata
120,Maguary_Maracuja,Gama,GAM_L3,1,-0.0,false,lata
120,Maguary_Maracuja,Gama,GAM_L3,2,-0.0,false,lata
120,Maguary_Maracuja,Gama,GAM_L3,3,-0.0,false,lata
120,Maguary_Maracuja,Gama,GAM_L3,4,-1.0e6,true,lata
120,Maguary_Maracuja,Gama,GAM_L3,5,-0.0,false,lata
120,Maguary_Maracuja,Gama,GAM_L3,6,-0.0,false,lata
120,Maguary_Maracuja,Gama,GAM_L3,7,-0.0,false,lata
120,Maguary_Maracuja,Gama,GAM_L3,8,-0.0,false,lata
120,Maguary_Maracuja,Gama,GAM_L3,9,-0.0,false,lata
120,Maguary_Maracuja,Gama,GAM_L3,10,-0.0,false,lata
120,Maguary_Maracuja,Gama,GAM_L3,11,-0.0,false,lata
120,Maguary_Maracuja,Gama,GAM_L3,12,-0.0,false,lata
120,Maguary_Maracuja,Gama,GAM_L3,13,-0.0,false,lata
120,Maguary_Maracuja,Gama,GAM_L3,14,-0.0,false,lata
120,Maguary_Maracuja,Gama,GAM_L3,15,-0.0,false,lata
120,Maguary_Maracuja,Viamao,VIA_L1,1,-0.0,false,lata
120,Maguary_Maracuja,Viamao,VIA_L1,2,-0.0,false,lata
120,Maguary_Maracuja,Viamao,VIA_L1,3,-0.0,false,lata
120,Maguary_Maracuja,Viamao,VIA_L1,4,-0.0,false,lata
120,Maguary_Maracuja,Viamao,VIA_L1,5,-1.0e6,true,lata
120,Maguary_Maracuja,Viamao,VIA_L1,6,-0.0,false,lata
120,Maguary_Maracuja,Viamao,VIA_L1,7,-0.0,false,lata
120,Maguary_Maracuja,Viamao,VIA_L1,8,-0.0,false,lata
120,Maguary_Maracuja,Viamao,VIA_L1,9,-0.0,false,lata
120,Maguary_Maracuja,Viamao,VIA_L1,10,-0.0,false,lata
120,Maguary_Maracuja,Viamao,VIA_L1,11,-0.0,false,lata
120,Maguary_Maracuja,Viamao,VIA_L1,12,-0.0,false,lata
120,Maguary_Maracuja,Viamao,VIA_L1,13,-0.0,false,lata
120,Maguary_Maracuja,Viamao,VIA_L1,14,-999999.9799901497,false,lata
120,Maguary_Maracuja,Viamao,VIA_L1,15,-0.0,false,lata
120,Maguary_Maracuja,Viamao,VIA_L2,1,-0.0,false,lata
120,Maguary_Maracuja,Viamao,VIA_L2,2,-0.0,false,lata
120,Maguary_Maracuja,Viamao,VIA_L2,3,-0.0,false,lata
120,Maguary_Maracuja,Viamao,VIA_L2,4,-0.0,false,lata
120,Maguary_Maracuja,Viamao,VIA_L2,5,-0.0,false,lata
120,Maguary_Maracuja,Viamao,VIA_L2,6,-999999.9978536,false,lata
120,Maguary_Maracuja,Viamao,VIA_L2,7,-0.0,false,lata
120,Maguary_Maracuja,Viamao,VIA_L2,8,-0.0,false,lata
120,Maguary_Maracuja,Viamao,VIA_L2,9,-999999.7073650999,false,lata
120,Maguary_Maracuja,Viamao,VIA_L2,10,-0.0,false,lata
120,Maguary_Maracuja,Viamao,VIA_L2,11,-0.0,false,lata
120,Maguary_Maracuja,Viamao,VIA_L2,12,-0.0,false,lata
120,Maguary_Maracuja,Viamao,VIA_L2,13,-0.0,false,lata
120,Maguary_Maracuja,Viamao,VIA_L2,14,-0.0,false,lata
120,Maguary_Maracuja,Viamao,VIA_L2,15,-0.0,false,lata
120,Maguary_Maracuja,Viamao,VIA_L3,1,-0.0,false,lata
120,Maguary_Maracuja,Viamao,VIA_L3,2,-0.0,false,lata
120,Maguary_Maracuja,Viamao,VIA_L3,3,-0.0,false,lata
120,Maguary_Maracuja,Viamao,VIA_L3,4,-0.0,false,lata
120,Maguary_Maracuja,Viamao,VIA_L3,5,-0.0,false,lata
120,Maguary_Maracuja,Viamao,VIA_L3,6,-0.0,false,lata
120,Maguary_Maracuja,Viamao,VIA_L3,7,-0.0,false,lata
120,Maguary_Maracuja,Viamao,VIA_L3,8,-0.0,false,lata
120,Maguary_Maracuja,Viamao,VIA_L3,9,-0.0,false,lata
120,Maguary_Maracuja,Viamao,VIA_L3,10,-0.0,false,lata
120,Maguary_Maracuja,Viamao,VIA_L3,11,-0.0,false,lata
120,Maguary_Maracuja,Viamao,VIA_L3,12,-0.0,false,lata
120,Maguary_Maracuja,Viamao,VIA_L3,13,-0.0,false,lata
120,Maguary_Maracuja,Viamao,VIA_L3,14,-0.0,false,lata
120,Maguary_Maracuja,Viamao,VIA_L3,15,-0.0,false,lata
120,Maguary_Maracuja,Itupeva,ITU_L1,1,-0.0,false,lata
120,Maguary_Maracuja,Itupeva,ITU_L1,2,-0.0,false,lata
120,Maguary_Maracuja,Itupeva,ITU_L1,3,-1.0e6,true,lata
120,Maguary_Maracuja,Itupeva,ITU_L1,4,-0.0,false,lata
120,Maguary_Maracuja,Itupeva,ITU_L1,5,-0.0,false,lata
120,Maguary_Maracuja,Itupeva,ITU_L1,6,-0.0,false,lata
120,Maguary_Maracuja,Itupeva,ITU_L1,7,-0.0,false,lata
120,Maguary_Maracuja,Itupeva,ITU_L1,8,-0.0,false,lata
120,Maguary_Maracuja,Itupeva,ITU_L1,9,-0.0,false,lata
120,Maguary_Maracuja,Itupeva,ITU_L1,10,-0.0,false,lata
120,Maguary_Maracuja,Itupeva,ITU_L1,11,-0.0,false,lata
120,Maguary_Maracuja,Itupeva,ITU_L1,12,-999999.99796395,false,lata
120,Maguary_Maracuja,Itupeva,ITU_L1,13,-0.0,false,lata
120,Maguary_Maracuja,Itupeva,ITU_L1,14,-0.0,false,lata
120,Maguary_Maracuja,Itupeva,ITU_L1,15,-0.0,false,lata
120,Maguary_Maracuja,Itupeva,ITU_L2,1,-0.0,false,lata
120,Maguary_Maracuja,Itupeva,ITU_L2,2,-999999.98640665,false,lata
120,Maguary_Maracuja,Itupeva,ITU_L2,3,-0.0,false,lata
120,Maguary_Maracuja,Itupeva,ITU_L2,4,-0.0,false,lata
120,Maguary_Maracuja,Itupeva,ITU_L2,5,-0.0,false,lata
120,Maguary_Maracuja,Itupeva,ITU_L2,6,-0.0,false,lata
120,Maguary_Maracuja,Itupeva,ITU_L2,7,-0.0,false,lata
120,Maguary_Maracuja,Itupeva,ITU_L2,8,-0.0,false,lata
120,Maguary_Maracuja,Itupeva,ITU_L2,9,-0.0,false,lata
120,Maguary_Maracuja,Itupeva,ITU_L2,10,-0.0,false,lata
120,Maguary_Maracuja,Itupeva,ITU_L2,11,-0.0,false,lata
120,Maguary_Maracuja,Itupeva,ITU_L2,12,-0.0,false,lata
120,Maguary_Maracuja,Itupeva,ITU_L2,13,-0.0,false,lata
120,Maguary_Maracuja,Itupeva,ITU_L2,14,-0.0,false,lata
120,Maguary_Maracuja,Itupeva,ITU_L2,15,-0.0,false,lata
120,Maguary_Maracuja,Itupeva,ITU_L3,1,-0.0,false,lata
120,Maguary_Maracuja,Itupeva,ITU_L3,2,-0.0,false,lata
120,Maguary_Maracuja,Itupeva,ITU_L3,3,-0.0,false,lata
120,Maguary_Maracuja,Itupeva,ITU_L3,4,-0.0,false,lata
120,Maguary_Maracuja,Itupeva,ITU_L3,5,-0.0,false,lata
120,Maguary_Maracuja,Itupeva,ITU_L3,6,-0.0,false,lata
120,Maguary_Maracuja,Itupeva,ITU_L3,7,-0.0,false,lata
120,Maguary_Maracuja,Itupeva,ITU_L3,8,-0.0,false,lata
120,Maguary_Maracuja,Itupeva,ITU_L3,9,-0.0,false,lata
120,Maguary_Maracuja,Itupeva,ITU_L3,10,-0.0,false,lata
120,Maguary_Maracuja,Itupeva,ITU_L3,11,-0.0,false,lata
120,Maguary_Maracuja,Itupeva,ITU_L3,12,-999999.99796395,false,lata
120,Maguary_Maracuja,Itupeva,ITU_L3,13,-0.0,false,lata
120,Maguary_Maracuja,Itupeva,ITU_L3,14,-0.0,false,lata
120,Maguary_Maracuja,Itupeva,ITU_L3,15,-0.0,false,lata
120,Maguary_Maracuja,Cabo de Santo Agostinho,CAB_L1,1,-0.0,false,lata
120,Maguary_Maracuja,Cabo de Santo Agostinho,CAB_L1,2,-0.0,false,lata
120,Maguary_Maracuja,Cabo de Santo Agostinho,CAB_L1,3,-0.0,false,lata
120,Maguary_Maracuja,Cabo de Santo Agostinho,CAB_L1,4,-0.0,false,lata
120,Maguary_Maracuja,Cabo de Santo Agostinho,CAB_L1,5,-0.0,false,lata
120,Maguary_Maracuja,Cabo de Santo Agostinho,CAB_L1,6,-0.0,false,lata
120,Maguary_Maracuja,Cabo de Santo Agostinho,CAB_L1,7,-0.0,false,lata
120,Maguary_Maracuja,Cabo de Santo Agostinho,CAB_L1,8,-0.0,false,lata
120,Maguary_Maracuja,Cabo de Santo Agostinho,CAB_L1,9,-0.0,false,lata
120,Maguary_Maracuja,Cabo de Santo Agostinho,CAB_L1,10,-999999.9687114999,false,lata
120,Maguary_Maracuja,Cabo de Santo Agostinho,CAB_L1,11,-0.0,false,lata
120,Maguary_Maracuja,Cabo de Santo Agostinho,CAB_L1,12,-0.0,false,lata
120,Maguary_Maracuja,Cabo de Santo Agostinho,CAB_L1,13,-0.0,false,lata
120,Maguary_Maracuja,Cabo de Santo Agostinho,CAB_L1,14,-0.0,false,lata
120,Maguary_Maracuja,Cabo de Santo Agostinho,CAB_L1,15,-0.0,false,lata
120,Maguary_Maracuja,Cabo de Santo Agostinho,CAB_L2,1,-0.0,false,lata
120,Maguary_Maracuja,Cabo de Santo Agostinho,CAB_L2,2,-0.0,false,lata
120,Maguary_Maracuja,Cabo de Santo Agostinho,CAB_L2,3,-0.0,false,lata
120,Maguary_Maracuja,Cabo de Santo Agostinho,CAB_L2,4,-0.0,false,lata
120,Maguary_Maracuja,Cabo de Santo Agostinho,CAB_L2,5,-0.0,false,lata
120,Maguary_Maracuja,Cabo de Santo Agostinho,CAB_L2,6,-0.0,false,lata
120,Maguary_Maracuja,Cabo de Santo Agostinho,CAB_L2,7,-0.0,false,lata
120,Maguary_Maracuja,Cabo de Santo Agostinho,CAB_L2,8,-0.0,false,lata
120,Maguary_Maracuja,Cabo de Santo Agostinho,CAB_L2,9,-0.0,false,lata
120,Maguary_Maracuja,Cabo de Santo Agostinho,CAB_L2,10,-0.0,false,lata
120,Maguary_Maracuja,Cabo de Santo Agostinho,CAB_L2,11,-0.0,false,lata
120,Maguary_Maracuja,Cabo de Santo Agostinho,CAB_L2,12,-0.0,false,lata
120,Maguary_Maracuja,Cabo de Santo Agostinho,CAB_L2,13,-0.0,false,lata
120,Maguary_Maracuja,Cabo de Santo Agostinho,CAB_L2,14,-0.0,false,lata
120,Maguary_Maracuja,Cabo de Santo Agostinho,CAB_L2,15,-0.0,false,lata
120,Maguary_Maracuja,Cabo de Santo Agostinho,CAB_L3,1,-0.0,false,lata
120,Maguary_Maracuja,Cabo de Santo Agostinho,CAB_L3,2,-0.0,false,lata
120,Maguary_Maracuja,Cabo de Santo Agostinho,CAB_L3,3,-0.0,false,lata
120,Maguary_Maracuja,Cabo de Santo Agostinho,CAB_L3,4,-0.0,false,lata
120,Maguary_Maracuja,Cabo de Santo Agostinho,CAB_L3,5,-0.0,false,lata
120,Maguary_Maracuja,Cabo de Santo Agostinho,CAB_L3,6,-1.0e6,true,lata
120,Maguary_Maracuja,Cabo de Santo Agostinho,CAB_L3,7,-0.0,false,lata
120,Maguary_Maracuja,Cabo de Santo Agostinho,CAB_L3,8,-0.0,false,lata
120,Maguary_Maracuja,Cabo de Santo Agostinho,CAB_L3,9,-0.0,false,lata
120,Maguary_Maracuja,Cabo de Santo Agostinho,CAB_L3,10,-0.0,false,lata
120,Maguary_Maracuja,Cabo de Santo Agostinho,CAB_L3,11,-0.0,false,lata
120,Maguary_Maracuja,Cabo de Santo Agostinho,CAB_L3,12,-0.0,false,lata
120,Maguary_Maracuja,Cabo de Santo Agostinho,CAB_L3,13,-0.0,false,lata
120,Maguary_Maracuja,Cabo de Santo Agostinho,CAB_L3,14,-0.0,false,lata
120,Maguary_Maracuja,Cabo de Santo Agostinho,CAB_L3,15,-0.0,false,lata
120,Itubaina,Jacarei,JAC_L1,1,-0.0,false,lata
120,Itubaina,Jacarei,JAC_L1,2,-0.0,false,lata
120,Itubaina,Jacarei,JAC_L1,3,-999999.3479447498,false,lata
120,Itubaina,Jacarei,JAC_L1,4,-0.0,false,lata
120,Itubaina,Jacarei,JAC_L1,5,-0.0,false,lata
120,Itubaina,Jacarei,JAC_L1,6,-0.0,false,lata
120,Itubaina,Jacarei,JAC_L1,7,-0.0,false,lata
120,Itubaina,Jacarei,JAC_L1,8,-0.0,false,lata
120,Itubaina,Jacarei,JAC_L1,9,-0.0,false,lata
120,Itubaina,Jacarei,JAC_L1,10,-0.0,false,lata
120,Itubaina,Jacarei,JAC_L1,11,-0.0,false,lata
120,Itubaina,Jacarei,JAC_L1,12,-0.0,false,lata
120,Itubaina,Jacarei,JAC_L1,13,-999999.2415165502,false,lata
120,Itubaina,Jacarei,JAC_L1,14,-0.0,false,lata
120,Itubaina,Jacarei,JAC_L1,15,-0.0,false,lata
120,Itubaina,Jacarei,JAC_L2,1,-0.0,false,lata
120,Itubaina,Jacarei,JAC_L2,2,-0.0,false,lata
120,Itubaina,Jacarei,JAC_L2,3,-999999.3479447498,false,lata
120,Itubaina,Jacarei,JAC_L2,4,-0.0,false,lata
120,Itubaina,Jacarei,JAC_L2,5,-0.0,false,lata
120,Itubaina,Jacarei,JAC_L2,6,-0.0,false,lata
120,Itubaina,Jacarei,JAC_L2,7,-0.0,false,lata
120,Itubaina,Jacarei,JAC_L2,8,-0.0,false,lata
120,Itubaina,Jacarei,JAC_L2,9,-0.0,false,lata
120,Itubaina,Jacarei,JAC_L2,10,-0.0,false,lata
120,Itubaina,Jacarei,JAC_L2,11,-0.0,false,lata
120,Itubaina,Jacarei,JAC_L2,12,-0.0,false,lata
120,Itubaina,Jacarei,JAC_L2,13,-0.0,false,lata
120,Itubaina,Jacarei,JAC_L2,14,-999999.4969213498,false,lata
120,Itubaina,Jacarei,JAC_L2,15,-0.0,false,lata
120,Itubaina,Jacarei,JAC_L3,1,-999998.7778628999,false,lata
120,Itubaina,Jacarei,JAC_L3,2,-0.0,false,lata
120,Itubaina,Jacarei,JAC_L3,3,-0.0,false,lata
120,Itubaina,Jacarei,JAC_L3,4,-0.0,false,lata
120,Itubaina,Jacarei,JAC_L3,5,-0.0,false,lata
120,Itubaina,Jacarei,JAC_L3,6,-0.0,false,lata
120,Itubaina,Jacarei,JAC_L3,7,-0.0,false,lata
120,Itubaina,Jacarei,JAC_L3,8,-0.0,false,lata
120,Itubaina,Jacarei,JAC_L3,9,-0.0,false,lata
120,Itubaina,Jacarei,JAC_L3,10,-0.0,false,lata
120,Itubaina,Jacarei,JAC_L3,11,-0.0,false,lata
120,Itubaina,Jacarei,JAC_L3,12,-0.0,false,lata
120,Itubaina,Jacarei,JAC_L3,13,-999999.2415165502,false,lata
120,Itubaina,Jacarei,JAC_L3,14,-0.0,false,lata
120,Itubaina,Jacarei,JAC_L3,15,-0.0,false,lata
120,Itubaina,Extrema,EXT_L1,1,-0.0,false,lata
120,Itubaina,Extrema,EXT_L1,2,-0.0,false,lata
120,Itubaina,Extrema,EXT_L1,3,-999999.3506305998,false,lata
120,Itubaina,Extrema,EXT_L1,4,-0.0,false,lata
120,Itubaina,Extrema,EXT_L1,5,-0.0,false,lata
120,Itubaina,Extrema,EXT_L1,6,-0.0,false,lata
120,Itubaina,Extrema,EXT_L1,7,-0.0,false,lata
120,Itubaina,Extrema,EXT_L1,8,-0.0,false,lata
120,Itubaina,Extrema,EXT_L1,9,-0.0,false,lata
120,Itubaina,Extrema,EXT_L1,10,-0.0,false,lata
120,Itubaina,Extrema,EXT_L1,11,-0.0,false,lata
120,Itubaina,Extrema,EXT_L1,12,-0.0,false,lata
120,Itubaina,Extrema,EXT_L1,13,-0.0,false,lata
120,Itubaina,Extrema,EXT_L1,14,-0.0,false,lata
120,Itubaina,Extrema,EXT_L1,15,-0.0,false,lata
120,Itubaina,Extrema,EXT_L2,1,-0.0,false,lata
120,Itubaina,Extrema,EXT_L2,2,-0.0,false,lata
120,Itubaina,Extrema,EXT_L2,3,-0.0,false,lata
120,Itubaina,Extrema,EXT_L2,4,-0.0,false,lata
120,Itubaina,Extrema,EXT_L2,5,-999999.1182537,false,lata
120,Itubaina,Extrema,EXT_L2,6,-999999.2068460998,false,lata
120,Itubaina,Extrema,EXT_L2,7,-0.0,false,lata
120,Itubaina,Extrema,EXT_L2,8,-0.0,false,lata
120,Itubaina,Extrema,EXT_L2,9,-0.0,false,lata
120,Itubaina,Extrema,EXT_L2,10,-0.0,false,lata
120,Itubaina,Extrema,EXT_L2,11,-0.0,false,lata
120,Itubaina,Extrema,EXT_L2,12,-0.0,false,lata
120,Itubaina,Extrema,EXT_L2,13,-0.0,false,lata
120,Itubaina,Extrema,EXT_L2,14,-0.0,false,lata
120,Itubaina,Extrema,EXT_L2,15,-0.0,false,lata
120,Itubaina,Extrema,EXT_L3,1,-0.0,false,lata
120,Itubaina,Extrema,EXT_L3,2,-0.0,false,lata
120,Itubaina,Extrema,EXT_L3,3,-0.0,false,lata
120,Itubaina,Extrema,EXT_L3,4,-0.0,false,lata
120,Itubaina,Extrema,EXT_L3,5,-0.0,false,lata
120,Itubaina,Extrema,EXT_L3,6,-999999.2068460998,false,lata
120,Itubaina,Extrema,EXT_L3,7,-0.0,false,lata
120,Itubaina,Extrema,EXT_L3,8,-0.0,false,lata
120,Itubaina,Extrema,EXT_L3,9,-0.0,false,lata
120,Itubaina,Extrema,EXT_L3,10,-0.0,false,lata
120,Itubaina,Extrema,EXT_L3,11,-0.0,false,lata
120,Itubaina,Extrema,EXT_L3,12,-0.0,false,lata
120,Itubaina,Extrema,EXT_L3,13,-0.0,false,lata
120,Itubaina,Extrema,EXT_L3,14,-0.0,false,lata
120,Itubaina,Extrema,EXT_L3,15,-0.0,false,lata
120,Itubaina,Tres Rios,TRE_L1,1,-0.0,false,lata
120,Itubaina,Tres Rios,TRE_L1,2,-0.0,false,lata
120,Itubaina,Tres Rios,TRE_L1,3,-0.0,false,lata
120,Itubaina,Tres Rios,TRE_L1,4,-0.0,false,lata
120,Itubaina,Tres Rios,TRE_L1,5,-0.0,false,lata
120,Itubaina,Tres Rios,TRE_L1,6,-0.0,false,lata
120,Itubaina,Tres Rios,TRE_L1,7,-0.0,false,lata
120,Itubaina,Tres Rios,TRE_L1,8,-0.0,false,lata
120,Itubaina,Tres Rios,TRE_L1,9,-0.0,false,lata
120,Itubaina,Tres Rios,TRE_L1,10,-0.0,false,lata
120,Itubaina,Tres Rios,TRE_L1,11,-0.0,false,lata
120,Itubaina,Tres Rios,TRE_L1,12,-0.0,false,lata
120,Itubaina,Tres Rios,TRE_L1,13,-0.0,false,lata
120,Itubaina,Tres Rios,TRE_L1,14,-0.0,false,lata
120,Itubaina,Tres Rios,TRE_L1,15,-0.0,false,lata
120,Itubaina,Tres Rios,TRE_L2,1,-0.0,false,lata
120,Itubaina,Tres Rios,TRE_L2,2,-999999.07597795,false,lata
120,Itubaina,Tres Rios,TRE_L2,3,-0.0,false,lata
120,Itubaina,Tres Rios,TRE_L2,4,-999999.1301281501,false,lata
120,Itubaina,Tres Rios,TRE_L2,5,-0.0,false,lata
120,Itubaina,Tres Rios,TRE_L2,6,-0.0,false,lata
120,Itubaina,Tres Rios,TRE_L2,7,-999998.9752990499,false,lata
120,Itubaina,Tres Rios,TRE_L2,8,-0.0,false,lata
120,Itubaina,Tres Rios,TRE_L2,9,-0.0,false,lata
120,Itubaina,Tres Rios,TRE_L2,10,-0.0,false,lata
120,Itubaina,Tres Rios,TRE_L2,11,-0.0,false,lata
120,Itubaina,Tres Rios,TRE_L2,12,-0.0,false,lata
120,Itubaina,Tres Rios,TRE_L2,13,-0.0,false,lata
120,Itubaina,Tres Rios,TRE_L2,14,-0.0,false,lata
120,Itubaina,Tres Rios,TRE_L2,15,-0.0,false,lata
120,Itubaina,Tres Rios,TRE_L3,1,-0.0,false,lata
120,Itubaina,Tres Rios,TRE_L3,2,-0.0,false,lata
120,Itubaina,Tres Rios,TRE_L3,3,-0.0,false,lata
120,Itubaina,Tres Rios,TRE_L3,4,-0.0,false,lata
120,Itubaina,Tres Rios,TRE_L3,5,-999999.1278328999,false,lata
120,Itubaina,Tres Rios,TRE_L3,6,-0.0,false,lata
120,Itubaina,Tres Rios,TRE_L3,7,-0.0,false,lata
120,Itubaina,Tres Rios,TRE_L3,8,-0.0,false,lata
120,Itubaina,Tres Rios,TRE_L3,9,-0.0,false,lata
120,Itubaina,Tres Rios,TRE_L3,10,-0.0,false,lata
120,Itubaina,Tres Rios,TRE_L3,11,-0.0,false,lata
120,Itubaina,Tres Rios,TRE_L3,12,-0.0,false,lata
120,Itubaina,Tres Rios,TRE_L3,13,-0.0,false,lata
120,Itubaina,Tres Rios,TRE_L3,14,-999999.5081144997,false,lata
120,Itubaina,Tres Rios,TRE_L3,15,-0.0,false,lata
120,Itubaina,Alagoinhas,ALA_L1,1,-0.0,false,lata
120,Itubaina,Alagoinhas,ALA_L1,2,-0.0,false,lata
120,Itubaina,Alagoinhas,ALA_L1,3,-0.0,false,lata
120,Itubaina,Alagoinhas,ALA_L1,4,-0.0,false,lata
120,Itubaina,Alagoinhas,ALA_L1,5,-0.0,false,lata
120,Itubaina,Alagoinhas,ALA_L1,6,-0.0,false,lata
120,Itubaina,Alagoinhas,ALA_L1,7,-0.0,false,lata
120,Itubaina,Alagoinhas,ALA_L1,8,-0.0,false,lata
120,Itubaina,Alagoinhas,ALA_L1,9,-0.0,false,lata
120,Itubaina,Alagoinhas,ALA_L1,10,-999999.4661071,false,lata
120,Itubaina,Alagoinhas,ALA_L1,11,-0.0,false,lata
120,Itubaina,Alagoinhas,ALA_L1,12,-0.0,false,lata
120,Itubaina,Alagoinhas,ALA_L1,13,-0.0,false,lata
120,Itubaina,Alagoinhas,ALA_L1,14,-0.0,false,lata
120,Itubaina,Alagoinhas,ALA_L1,15,-0.0,false,lata
120,Itubaina,Alagoinhas,ALA_L2,1,-0.0,false,lata
120,Itubaina,Alagoinhas,ALA_L2,2,-0.0,false,lata
120,Itubaina,Alagoinhas,ALA_L2,3,-0.0,false,lata
120,Itubaina,Alagoinhas,ALA_L2,4,-0.0,false,lata
120,Itubaina,Alagoinhas,ALA_L2,5,-0.0,false,lata
120,Itubaina,Alagoinhas,ALA_L2,6,-0.0,false,lata
120,Itubaina,Alagoinhas,ALA_L2,7,-0.0,false,lata
120,Itubaina,Alagoinhas,ALA_L2,8,-0.0,false,lata
120,Itubaina,Alagoinhas,ALA_L2,9,-0.0,false,lata
120,Itubaina,Alagoinhas,ALA_L2,10,-0.0,false,lata
120,Itubaina,Alagoinhas,ALA_L2,11,-0.0,false,lata
120,Itubaina,Alagoinhas,ALA_L2,12,-0.0,false,lata
120,Itubaina,Alagoinhas,ALA_L2,13,-0.0,false,lata
120,Itubaina,Alagoinhas,ALA_L2,14,-0.0,false,lata
120,Itubaina,Alagoinhas,ALA_L2,15,-0.0,false,lata
120,Itubaina,Alagoinhas,ALA_L3,1,-0.0,false,lata
120,Itubaina,Alagoinhas,ALA_L3,2,-0.0,false,lata
120,Itubaina,Alagoinhas,ALA_L3,3,-0.0,false,lata
120,Itubaina,Alagoinhas,ALA_L3,4,-0.0,false,lata
120,Itubaina,Alagoinhas,ALA_L3,5,-0.0,false,lata
120,Itubaina,Alagoinhas,ALA_L3,6,-0.0,false,lata
120,Itubaina,Alagoinhas,ALA_L3,7,-0.0,false,lata
120,Itubaina,Alagoinhas,ALA_L3,8,-0.0,false,lata
120,Itubaina,Alagoinhas,ALA_L3,9,-0.0,false,lata
120,Itubaina,Alagoinhas,ALA_L3,10,-0.0,false,lata
120,Itubaina,Alagoinhas,ALA_L3,11,-0.0,false,lata
120,Itubaina,Alagoinhas,ALA_L3,12,-0.0,false,lata
120,Itubaina,Alagoinhas,ALA_L3,13,-0.0,false,lata
120,Itubaina,Alagoinhas,ALA_L3,14,-0.0,false,lata
120,Itubaina,Alagoinhas,ALA_L3,15,-0.0,false,lata
120,Itubaina,Frutal,FRU_L1,1,-0.0,false,lata
120,Itubaina,Frutal,FRU_L1,2,-0.0,false,lata
120,Itubaina,Frutal,FRU_L1,3,-0.0,false,lata
120,Itubaina,Frutal,FRU_L1,4,-0.0,false,lata
120,Itubaina,Frutal,FRU_L1,5,-0.0,false,lata
120,Itubaina,Frutal,FRU_L1,6,-0.0,false,lata
120,Itubaina,Frutal,FRU_L1,7,-0.0,false,lata
120,Itubaina,Frutal,FRU_L1,8,-0.0,false,lata
120,Itubaina,Frutal,FRU_L1,9,-0.0,false,lata
120,Itubaina,Frutal,FRU_L1,10,-0.0,false,lata
120,Itubaina,Frutal,FRU_L1,11,-0.0,false,lata
120,Itubaina,Frutal,FRU_L1,12,-0.0,false,lata
120,Itubaina,Frutal,FRU_L1,13,-0.0,false,lata
120,Itubaina,Frutal,FRU_L1,14,-0.0,false,lata
120,Itubaina,Frutal,FRU_L1,15,-0.0,false,lata
120,Itubaina,Frutal,FRU_L2,1,-0.0,false,lata
120,Itubaina,Frutal,FRU_L2,2,-0.0,false,lata
120,Itubaina,Frutal,FRU_L2,3,-0.0,false,lata
120,Itubaina,Frutal,FRU_L2,4,-0.0,false,lata
120,Itubaina,Frutal,FRU_L2,5,-0.0,false,lata
120,Itubaina,Frutal,FRU_L2,6,-0.0,false,lata
120,Itubaina,Frutal,FRU_L2,7,-0.0,false,lata
120,Itubaina,Frutal,FRU_L2,8,-0.0,false,lata
120,Itubaina,Frutal,FRU_L2,9,-0.0,false,lata
120,Itubaina,Frutal,FRU_L2,10,-0.0,false,lata
120,Itubaina,Frutal,FRU_L2,11,-0.0,false,lata
120,Itubaina,Frutal,FRU_L2,12,-0.0,false,lata
120,Itubaina,Frutal,FRU_L2,13,-0.0,false,lata
120,Itubaina,Frutal,FRU_L2,14,-999999.4810344498,false,lata
120,Itubaina,Frutal,FRU_L2,15,-0.0,false,lata
120,Itubaina,Frutal,FRU_L3,1,-0.0,false,lata
120,Itubaina,Frutal,FRU_L3,2,-0.0,false,lata
120,Itubaina,Frutal,FRU_L3,3,-0.0,false,lata
120,Itubaina,Frutal,FRU_L3,4,-0.0,false,lata
120,Itubaina,Frutal,FRU_L3,5,-999999.13454785,false,lata
120,Itubaina,Frutal,FRU_L3,6,-0.0,false,lata
120,Itubaina,Frutal,FRU_L3,7,-0.0,false,lata
120,Itubaina,Frutal,FRU_L3,8,-0.0,false,lata
120,Itubaina,Frutal,FRU_L3,9,-0.0,false,lata
120,Itubaina,Frutal,FRU_L3,10,-0.0,false,lata
120,Itubaina,Frutal,FRU_L3,11,-0.0,false,lata
120,Itubaina,Frutal,FRU_L3,12,-0.0,false,lata
120,Itubaina,Frutal,FRU_L3,13,-0.0,false,lata
120,Itubaina,Frutal,FRU_L3,14,-0.0,false,lata
120,Itubaina,Frutal,FRU_L3,15,-0.0,false,lata
120,Itubaina,Pouso Alegre,POU_L1,1,-0.0,false,lata
120,Itubaina,Pouso Alegre,POU_L1,2,-0.0,false,lata
120,Itubaina,Pouso Alegre,POU_L1,3,-0.0,false,lata
120,Itubaina,Pouso Alegre,POU_L1,4,-0.0,false,lata
120,Itubaina,Pouso Alegre,POU_L1,5,-0.0,false,lata
120,Itubaina,Pouso Alegre,POU_L1,6,-0.0,false,lata
120,Itubaina,Pouso Alegre,POU_L1,7,-0.0,false,lata
120,Itubaina,Pouso Alegre,POU_L1,8,-0.0,false,lata
120,Itubaina,Pouso Alegre,POU_L1,9,-0.0,false,lata
120,Itubaina,Pouso Alegre,POU_L1,10,-0.0,false,lata
120,Itubaina,Pouso Alegre,POU_L1,11,-0.0,false,lata
120,Itubaina,Pouso Alegre,POU_L1,12,-0.0,false,lata
120,Itubaina,Pouso Alegre,POU_L1,13,-0.0,false,lata
120,Itubaina,Pouso Alegre,POU_L1,14,-0.0,false,lata
120,Itubaina,Pouso Alegre,POU_L1,15,-0.0,false,lata
120,Itubaina,Pouso Alegre,POU_L2,1,-0.0,false,lata
120,Itubaina,Pouso Alegre,POU_L2,2,-0.0,false,lata
120,Itubaina,Pouso Alegre,POU_L2,3,-0.0,false,lata
120,Itubaina,Pouso Alegre,POU_L2,4,-0.0,false,lata
120,Itubaina,Pouso Alegre,POU_L2,5,-999999.1177526499,false,lata
120,Itubaina,Pouso Alegre,POU_L2,6,-0.0,false,lata
120,Itubaina,Pouso Alegre,POU_L2,7,-0.0,false,lata
120,Itubaina,Pouso Alegre,POU_L2,8,-0.0,false,lata
120,Itubaina,Pouso Alegre,POU_L2,9,-0.0,false,lata
120,Itubaina,Pouso Alegre,POU_L2,10,-0.0,false,lata
120,Itubaina,Pouso Alegre,POU_L2,11,-0.0,false,lata
120,Itubaina,Pouso Alegre,POU_L2,12,-0.0,false,lata
120,Itubaina,Pouso Alegre,POU_L2,13,-0.0,false,lata
120,Itubaina,Pouso Alegre,POU_L2,14,-0.0,false,lata
120,Itubaina,Pouso Alegre,POU_L2,15,-0.0,false,lata
120,Itubaina,Pouso Alegre,POU_L3,1,-999998.7747151499,false,lata
120,Itubaina,Pouso Alegre,POU_L3,2,-0.0,false,lata
120,Itubaina,Pouso Alegre,POU_L3,3,-0.0,false,lata
120,Itubaina,Pouso Alegre,POU_L3,4,-0.0,false,lata
120,Itubaina,Pouso Alegre,POU_L3,5,-0.0,false,lata
120,Itubaina,Pouso Alegre,POU_L3,6,-0.0,false,lata
120,Itubaina,Pouso Alegre,POU_L3,7,-0.0,false,lata
120,Itubaina,Pouso Alegre,POU_L3,8,-0.0,false,lata
120,Itubaina,Pouso Alegre,POU_L3,9,-0.0,false,lata
120,Itubaina,Pouso Alegre,POU_L3,10,-0.0,false,lata
120,Itubaina,Pouso Alegre,POU_L3,11,-0.0,false,lata
120,Itubaina,Pouso Alegre,POU_L3,12,-0.0,false,lata
120,Itubaina,Pouso Alegre,POU_L3,13,-0.0,false,lata
120,Itubaina,Pouso Alegre,POU_L3,14,-0.0,false,lata
120,Itubaina,Pouso Alegre,POU_L3,15,-0.0,false,lata
120,Itubaina,Gama,GAM_L1,1,-0.0,false,lata
120,Itubaina,Gama,GAM_L1,2,-0.0,false,lata
120,Itubaina,Gama,GAM_L1,3,-999999.3563478997,false,lata
120,Itubaina,Gama,GAM_L1,4,-0.0,false,lata
120,Itubaina,Gama,GAM_L1,5,-0.0,false,lata
120,Itubaina,Gama,GAM_L1,6,-0.0,false,lata
120,Itubaina,Gama,GAM_L1,7,-0.0,false,lata
120,Itubaina,Gama,GAM_L1,8,-0.0,false,lata
120,Itubaina,Gama,GAM_L1,9,-0.0,false,lata
120,Itubaina,Gama,GAM_L1,10,-0.0,false,lata
120,Itubaina,Gama,GAM_L1,11,-0.0,false,lata
120,Itubaina,Gama,GAM_L1,12,-0.0,false,lata
120,Itubaina,Gama,GAM_L1,13,-0.0,false,lata
120,Itubaina,Gama,GAM_L1,14,-0.0,false,lata
120,Itubaina,Gama,GAM_L1,15,-0.0,false,lata
120,Itubaina,Gama,GAM_L2,1,-0.0,false,lata
120,Itubaina,Gama,GAM_L2,2,-0.0,false,lata
120,Itubaina,Gama,GAM_L2,3,-0.0,false,lata
120,Itubaina,Gama,GAM_L2,4,-0.0,false,lata
120,Itubaina,Gama,GAM_L2,5,-0.0,false,lata
120,Itubaina,Gama,GAM_L2,6,-0.0,false,lata
120,Itubaina,Gama,GAM_L2,7,-0.0,false,lata
120,Itubaina,Gama,GAM_L2,8,-0.0,false,lata
120,Itubaina,Gama,GAM_L2,9,-0.0,false,lata
120,Itubaina,Gama,GAM_L2,10,-0.0,false,lata
120,Itubaina,Gama,GAM_L2,11,-0.0,false,lata
120,Itubaina,Gama,GAM_L2,12,-0.0,false,lata
120,Itubaina,Gama,GAM_L2,13,-999999.2408015501,false,lata
120,Itubaina,Gama,GAM_L2,14,-0.0,false,lata
120,Itubaina,Gama,GAM_L2,15,-0.0,false,lata
120,Itubaina,Gama,GAM_L3,1,-0.0,false,lata
120,Itubaina,Gama,GAM_L3,2,-0.0,false,lata
120,Itubaina,Gama,GAM_L3,3,-0.0,false,lata
120,Itubaina,Gama,GAM_L3,4,-0.0,false,lata
120,Itubaina,Gama,GAM_L3,5,-0.0,false,lata
120,Itubaina,Gama,GAM_L3,6,-0.0,false,lata
120,Itubaina,Gama,GAM_L3,7,-0.0,false,lata
120,Itubaina,Gama,GAM_L3,8,-0.0,false,lata
120,Itubaina,Gama,GAM_L3,9,-0.0,false,lata
120,Itubaina,Gama,GAM_L3,10,-0.0,false,lata
120,Itubaina,Gama,GAM_L3,11,-0.0,false,lata
120,Itubaina,Gama,GAM_L3,12,-0.0,false,lata
120,Itubaina,Gama,GAM_L3,13,-0.0,false,lata
120,Itubaina,Gama,GAM_L3,14,-0.0,false,lata
120,Itubaina,Gama,GAM_L3,15,-0.0,false,lata
120,Itubaina,Viamao,VIA_L1,1,-0.0,false,lata
120,Itubaina,Viamao,VIA_L1,2,-0.0,false,lata
120,Itubaina,Viamao,VIA_L1,3,-0.0,false,lata
120,Itubaina,Viamao,VIA_L1,4,-0.0,false,lata
120,Itubaina,Viamao,VIA_L1,5,-0.0,false,lata
120,Itubaina,Viamao,VIA_L1,6,-0.0,false,lata
120,Itubaina,Viamao,VIA_L1,7,-0.0,false,lata
120,Itubaina,Viamao,VIA_L1,8,-0.0,false,lata
120,Itubaina,Viamao,VIA_L1,9,-999999.2673650999,false,lata
120,Itubaina,Viamao,VIA_L1,10,-0.0,false,lata
120,Itubaina,Viamao,VIA_L1,11,-0.0,false,lata
120,Itubaina,Viamao,VIA_L1,12,-0.0,false,lata
120,Itubaina,Viamao,VIA_L1,13,-0.0,false,lata
120,Itubaina,Viamao,VIA_L1,14,-0.0,false,lata
120,Itubaina,Viamao,VIA_L1,15,-0.0,false,lata
120,Itubaina,Viamao,VIA_L2,1,-0.0,false,lata
120,Itubaina,Viamao,VIA_L2,2,-0.0,false,lata
120,Itubaina,Viamao,VIA_L2,3,-0.0,false,lata
120,Itubaina,Viamao,VIA_L2,4,-0.0,false,lata
120,Itubaina,Viamao,VIA_L2,5,-0.0,false,lata
120,Itubaina,Viamao,VIA_L2,6,-0.0,false,lata
120,Itubaina,Viamao,VIA_L2,7,-0.0,false,lata
120,Itubaina,Viamao,VIA_L2,8,-0.0,false,lata
120,Itubaina,Viamao,VIA_L2,9,-0.0,false,lata
120,Itubaina,Viamao,VIA_L2,10,-0.0,false,lata
120,Itubaina,Viamao,VIA_L2,11,-0.0,false,lata
120,Itubaina,Viamao,VIA_L2,12,-0.0,false,lata
120,Itubaina,Viamao,VIA_L2,13,-0.0,false,lata
120,Itubaina,Viamao,VIA_L2,14,-0.0,false,lata
120,Itubaina,Viamao,VIA_L2,15,-999998.6360124003,false,lata
120,Itubaina,Viamao,VIA_L3,1,-0.0,false,lata
120,Itubaina,Viamao,VIA_L3,2,-0.0,false,lata
120,Itubaina,Viamao,VIA_L3,3,-0.0,false,lata
120,Itubaina,Viamao,VIA_L3,4,-0.0,false,lata
120,Itubaina,Viamao,VIA_L3,5,-0.0,false,lata
120,Itubaina,Viamao,VIA_L3,6,-0.0,false,lata
120,Itubaina,Viamao,VIA_L3,7,-0.0,false,lata
120,Itubaina,Viamao,VIA_L3,8,-0.0,false,lata
120,Itubaina,Viamao,VIA_L3,9,-0.0,false,lata
120,Itubaina,Viamao,VIA_L3,10,-0.0,false,lata
120,Itubaina,Viamao,VIA_L3,11,-0.0,false,lata
120,Itubaina,Viamao,VIA_L3,12,-0.0,false,lata
120,Itubaina,Viamao,VIA_L3,13,-999999.2700000001,false,lata
120,Itubaina,Viamao,VIA_L3,14,-0.0,false,lata
120,Itubaina,Viamao,VIA_L3,15,-0.0,false,lata
120,Itubaina,Itupeva,ITU_L1,1,-0.0,false,lata
120,Itubaina,Itupeva,ITU_L1,2,-0.0,false,lata
120,Itubaina,Itupeva,ITU_L1,3,-0.0,false,lata
120,Itubaina,Itupeva,ITU_L1,4,-0.0,false,lata
120,Itubaina,Itupeva,ITU_L1,5,-0.0,false,lata
120,Itubaina,Itupeva,ITU_L1,6,-999999.2105969498,false,lata
120,Itubaina,Itupeva,ITU_L1,7,-0.0,false,lata
120,Itubaina,Itupeva,ITU_L1,8,-0.0,false,lata
120,Itubaina,Itupeva,ITU_L1,9,-0.0,false,lata
120,Itubaina,Itupeva,ITU_L1,10,-0.0,false,lata
120,Itubaina,Itupeva,ITU_L1,11,-0.0,false,lata
120,Itubaina,Itupeva,ITU_L1,12,-0.0,false,lata
120,Itubaina,Itupeva,ITU_L1,13,-0.0,false,lata
120,Itubaina,Itupeva,ITU_L1,14,-0.0,false,lata
120,Itubaina,Itupeva,ITU_L1,15,-0.0,false,lata
120,Itubaina,Itupeva,ITU_L2,1,-0.0,false,lata
120,Itubaina,Itupeva,ITU_L2,2,-0.0,false,lata
120,Itubaina,Itupeva,ITU_L2,3,-0.0,false,lata
120,Itubaina,Itupeva,ITU_L2,4,-0.0,false,lata
120,Itubaina,Itupeva,ITU_L2,5,-0.0,false,lata
120,Itubaina,Itupeva,ITU_L2,6,-0.0,false,lata
120,Itubaina,Itupeva,ITU_L2,7,-0.0,false,lata
120,Itubaina,Itupeva,ITU_L2,8,-0.0,false,lata
120,Itubaina,Itupeva,ITU_L2,9,-0.0,false,lata
120,Itubaina,Itupeva,ITU_L2,10,-0.0,false,lata
120,Itubaina,Itupeva,ITU_L2,11,-0.0,false,lata
120,Itubaina,Itupeva,ITU_L2,12,-0.0,false,lata
120,Itubaina,Itupeva,ITU_L2,13,-0.0,false,lata
120,Itubaina,Itupeva,ITU_L2,14,-0.0,false,lata
120,Itubaina,Itupeva,ITU_L2,15,-0.0,false,lata
120,Itubaina,Itupeva,ITU_L3,1,-0.0,false,lata
120,Itubaina,Itupeva,ITU_L3,2,-0.0,false,lata
120,Itubaina,Itupeva,ITU_L3,3,-0.0,false,lata
120,Itubaina,Itupeva,ITU_L3,4,-0.0,false,lata
120,Itubaina,Itupeva,ITU_L3,5,-0.0,false,lata
120,Itubaina,Itupeva,ITU_L3,6,-0.0,false,lata
120,Itubaina,Itupeva,ITU_L3,7,-0.0,false,lata
120,Itubaina,Itupeva,ITU_L3,8,-0.0,false,lata
120,Itubaina,Itupeva,ITU_L3,9,-0.0,false,lata
120,Itubaina,Itupeva,ITU_L3,10,-999999.40835205,false,lata
120,Itubaina,Itupeva,ITU_L3,11,-0.0,false,lata
120,Itubaina,Itupeva,ITU_L3,12,-0.0,false,lata
120,Itubaina,Itupeva,ITU_L3,13,-0.0,false,lata
120,Itubaina,Itupeva,ITU_L3,14,-0.0,false,lata
120,Itubaina,Itupeva,ITU_L3,15,-0.0,false,lata
120,Itubaina,Cabo de Santo Agostinho,CAB_L1,1,-0.0,false,lata
120,Itubaina,Cabo de Santo Agostinho,CAB_L1,2,-0.0,false,lata
120,Itubaina,Cabo de Santo Agostinho,CAB_L1,3,-0.0,false,lata
120,Itubaina,Cabo de Santo Agostinho,CAB_L1,4,-0.0,false,lata
120,Itubaina,Cabo de Santo Agostinho,CAB_L1,5,-999999.18487455,false,lata
120,Itubaina,Cabo de Santo Agostinho,CAB_L1,6,-0.0,false,lata
120,Itubaina,Cabo de Santo Agostinho,CAB_L1,7,-0.0,false,lata
120,Itubaina,Cabo de Santo Agostinho,CAB_L1,8,-0.0,false,lata
120,Itubaina,Cabo de Santo Agostinho,CAB_L1,9,-0.0,false,lata
120,Itubaina,Cabo de Santo Agostinho,CAB_L1,10,-0.0,false,lata
120,Itubaina,Cabo de Santo Agostinho,CAB_L1,11,-0.0,false,lata
120,Itubaina,Cabo de Santo Agostinho,CAB_L1,12,-0.0,false,lata
120,Itubaina,Cabo de Santo Agostinho,CAB_L1,13,-0.0,false,lata
120,Itubaina,Cabo de Santo Agostinho,CAB_L1,14,-0.0,false,lata
120,Itubaina,Cabo de Santo Agostinho,CAB_L1,15,-0.0,false,lata
120,Itubaina,Cabo de Santo Agostinho,CAB_L2,1,-0.0,false,lata
120,Itubaina,Cabo de Santo Agostinho,CAB_L2,2,-0.0,false,lata
120,Itubaina,Cabo de Santo Agostinho,CAB_L2,3,-0.0,false,lata
120,Itubaina,Cabo de Santo Agostinho,CAB_L2,4,-0.0,false,lata
120,Itubaina,Cabo de Santo Agostinho,CAB_L2,5,-0.0,false,lata
120,Itubaina,Cabo de Santo Agostinho,CAB_L2,6,-0.0,false,lata
120,Itubaina,Cabo de Santo Agostinho,CAB_L2,7,-0.0,false,lata
120,Itubaina,Cabo de Santo Agostinho,CAB_L2,8,-0.0,false,lata
120,Itubaina,Cabo de Santo Agostinho,CAB_L2,9,-0.0,false,lata
120,Itubaina,Cabo de Santo Agostinho,CAB_L2,10,-0.0,false,lata
120,Itubaina,Cabo de Santo Agostinho,CAB_L2,11,-0.0,false,lata
120,Itubaina,Cabo de Santo Agostinho,CAB_L2,12,-0.0,false,lata
120,Itubaina,Cabo de Santo Agostinho,CAB_L2,13,-0.0,false,lata
120,Itubaina,Cabo de Santo Agostinho,CAB_L2,14,-0.0,false,lata
120,Itubaina,Cabo de Santo Agostinho,CAB_L2,15,-0.0,false,lata
120,Itubaina,Cabo de Santo Agostinho,CAB_L3,1,-0.0,false,lata
120,Itubaina,Cabo de Santo Agostinho,CAB_L3,2,-0.0,false,lata
120,Itubaina,Cabo de Santo Agostinho,CAB_L3,3,-0.0,false,lata
120,Itubaina,Cabo de Santo Agostinho,CAB_L3,4,-0.0,false,lata
120,Itubaina,Cabo de Santo Agostinho,CAB_L3,5,-0.0,false,lata
120,Itubaina,Cabo de Santo Agostinho,CAB_L3,6,-0.0,false,lata
120,Itubaina,Cabo de Santo Agostinho,CAB_L3,7,-0.0,false,lata
120,Itubaina,Cabo de Santo Agostinho,CAB_L3,8,-0.0,false,lata
120,Itubaina,Cabo de Santo Agostinho,CAB_L3,9,-0.0,false,lata
120,Itubaina,Cabo de Santo Agostinho,CAB_L3,10,-999999.4898464,false,lata
120,Itubaina,Cabo de Santo Agostinho,CAB_L3,11,-0.0,false,lata
120,Itubaina,Cabo de Santo Agostinho,CAB_L3,12,-0.0,false,lata
120,Itubaina,Cabo de Santo Agostinho,CAB_L3,13,-999999.3054907002,false,lata
120,Itubaina,Cabo de Santo Agostinho,CAB_L3,14,-0.0,false,lata
120,Itubaina,Cabo de Santo Agostinho,CAB_L3,15,-0.0,false,lata
120,Eisenbahn_Pilsen,Jacarei,JAC_L1,1,-0.0,false,lata
120,Eisenbahn_Pilsen,Jacarei,JAC_L1,2,-0.0,false,lata
120,Eisenbahn_Pilsen,Jacarei,JAC_L1,3,-0.0,false,lata
120,Eisenbahn_Pilsen,Jacarei,JAC_L1,4,-999999.2638213,false,lata
120,Eisenbahn_Pilsen,Jacarei,JAC_L1,5,-0.0,false,lata
120,Eisenbahn_Pilsen,Jacarei,JAC_L1,6,-0.0,false,lata
120,Eisenbahn_Pilsen,Jacarei,JAC_L1,7,-0.0,false,lata
120,Eisenbahn_Pilsen,Jacarei,JAC_L1,8,-999998.9959404,false,lata
120,Eisenbahn_Pilsen,Jacarei,JAC_L1,9,-0.0,false,lata
120,Eisenbahn_Pilsen,Jacarei,JAC_L1,10,-0.0,false,lata
120,Eisenbahn_Pilsen,Jacarei,JAC_L1,11,-0.0,false,lata
120,Eisenbahn_Pilsen,Jacarei,JAC_L1,12,-0.0,false,lata
120,Eisenbahn_Pilsen,Jacarei,JAC_L1,13,-0.0,false,lata
120,Eisenbahn_Pilsen,Jacarei,JAC_L1,14,-0.0,false,lata
120,Eisenbahn_Pilsen,Jacarei,JAC_L1,15,-0.0,false,lata
120,Eisenbahn_Pilsen,Jacarei,JAC_L2,1,-0.0,false,lata
120,Eisenbahn_Pilsen,Jacarei,JAC_L2,2,-0.0,false,lata
120,Eisenbahn_Pilsen,Jacarei,JAC_L2,3,-0.0,false,lata
120,Eisenbahn_Pilsen,Jacarei,JAC_L2,4,-0.0,false,lata
120,Eisenbahn_Pilsen,Jacarei,JAC_L2,5,-0.0,false,lata
120,Eisenbahn_Pilsen,Jacarei,JAC_L2,6,-0.0,false,lata
120,Eisenbahn_Pilsen,Jacarei,JAC_L2,7,-0.0,false,lata
120,Eisenbahn_Pilsen,Jacarei,JAC_L2,8,-0.0,false,lata
120,Eisenbahn_Pilsen,Jacarei,JAC_L2,9,-999999.2662427,false,lata
120,Eisenbahn_Pilsen,Jacarei,JAC_L2,10,-0.0,false,lata
120,Eisenbahn_Pilsen,Jacarei,JAC_L2,11,-0.0,false,lata
120,Eisenbahn_Pilsen,Jacarei,JAC_L2,12,-0.0,false,lata
120,Eisenbahn_Pilsen,Jacarei,JAC_L2,13,-0.0,false,lata
120,Eisenbahn_Pilsen,Jacarei,JAC_L2,14,-0.0,false,lata
120,Eisenbahn_Pilsen,Jacarei,JAC_L2,15,-0.0,false,lata
120,Eisenbahn_Pilsen,Jacarei,JAC_L3,1,-0.0,false,lata
120,Eisenbahn_Pilsen,Jacarei,JAC_L3,2,-0.0,false,lata
120,Eisenbahn_Pilsen,Jacarei,JAC_L3,3,-0.0,false,lata
120,Eisenbahn_Pilsen,Jacarei,JAC_L3,4,-0.0,false,lata
120,Eisenbahn_Pilsen,Jacarei,JAC_L3,5,-0.0,false,lata
120,Eisenbahn_Pilsen,Jacarei,JAC_L3,6,-0.0,false,lata
120,Eisenbahn_Pilsen,Jacarei,JAC_L3,7,-0.0,false,lata
120,Eisenbahn_Pilsen,Jacarei,JAC_L3,8,-0.0,false,lata
120,Eisenbahn_Pilsen,Jacarei,JAC_L3,9,-0.0,false,lata
120,Eisenbahn_Pilsen,Jacarei,JAC_L3,10,-0.0,false,lata
120,Eisenbahn_Pilsen,Jacarei,JAC_L3,11,-0.0,false,lata
120,Eisenbahn_Pilsen,Jacarei,JAC_L3,12,-0.0,false,lata
120,Eisenbahn_Pilsen,Jacarei,JAC_L3,13,-0.0,false,lata
120,Eisenbahn_Pilsen,Jacarei,JAC_L3,14,-0.0,false,lata
120,Eisenbahn_Pilsen,Jacarei,JAC_L3,15,-0.0,false,lata
120,Eisenbahn_Pilsen,Extrema,EXT_L1,1,-999999.8847328,false,lata
120,Eisenbahn_Pilsen,Extrema,EXT_L1,2,-0.0,false,lata
120,Eisenbahn_Pilsen,Extrema,EXT_L1,3,-0.0,false,lata
120,Eisenbahn_Pilsen,Extrema,EXT_L1,4,-0.0,false,lata
120,Eisenbahn_Pilsen,Extrema,EXT_L1,5,-0.0,false,lata
120,Eisenbahn_Pilsen,Extrema,EXT_L1,6,-0.0,false,lata
120,Eisenbahn_Pilsen,Extrema,EXT_L1,7,-0.0,false,lata
120,Eisenbahn_Pilsen,Extrema,EXT_L1,8,-0.0,false,lata
120,Eisenbahn_Pilsen,Extrema,EXT_L1,9,-999999.26355685,false,lata
120,Eisenbahn_Pilsen,Extrema,EXT_L1,10,-0.0,false,lata
120,Eisenbahn_Pilsen,Extrema,EXT_L1,11,-0.0,false,lata
120,Eisenbahn_Pilsen,Extrema,EXT_L1,12,-0.0,false,lata
120,Eisenbahn_Pilsen,Extrema,EXT_L1,13,-0.0,false,lata
120,Eisenbahn_Pilsen,Extrema,EXT_L1,14,-0.0,false,lata
120,Eisenbahn_Pilsen,Extrema,EXT_L1,15,-0.0,false,lata
120,Eisenbahn_Pilsen,Extrema,EXT_L2,1,-0.0,false,lata
120,Eisenbahn_Pilsen,Extrema,EXT_L2,2,-0.0,false,lata
120,Eisenbahn_Pilsen,Extrema,EXT_L2,3,-0.0,false,lata
120,Eisenbahn_Pilsen,Extrema,EXT_L2,4,-0.0,false,lata
120,Eisenbahn_Pilsen,Extrema,EXT_L2,5,-999998.9222615502,false,lata
120,Eisenbahn_Pilsen,Extrema,EXT_L2,6,-0.0,false,lata
120,Eisenbahn_Pilsen,Extrema,EXT_L2,7,-0.0,false,lata
120,Eisenbahn_Pilsen,Extrema,EXT_L2,8,-0.0,false,lata
120,Eisenbahn_Pilsen,Extrema,EXT_L2,9,-0.0,false,lata
120,Eisenbahn_Pilsen,Extrema,EXT_L2,10,-0.0,false,lata
120,Eisenbahn_Pilsen,Extrema,EXT_L2,11,-999999.5026951,false,lata
120,Eisenbahn_Pilsen,Extrema,EXT_L2,12,-0.0,false,lata
120,Eisenbahn_Pilsen,Extrema,EXT_L2,13,-0.0,false,lata
120,Eisenbahn_Pilsen,Extrema,EXT_L2,14,-0.0,false,lata
120,Eisenbahn_Pilsen,Extrema,EXT_L2,15,-0.0,false,lata
120,Eisenbahn_Pilsen,Extrema,EXT_L3,1,-0.0,false,lata
120,Eisenbahn_Pilsen,Extrema,EXT_L3,2,-0.0,false,lata
120,Eisenbahn_Pilsen,Extrema,EXT_L3,3,-0.0,false,lata
120,Eisenbahn_Pilsen,Extrema,EXT_L3,4,-0.0,false,lata
120,Eisenbahn_Pilsen,Extrema,EXT_L3,5,-0.0,false,lata
120,Eisenbahn_Pilsen,Extrema,EXT_L3,6,-0.0,false,lata
120,Eisenbahn_Pilsen,Extrema,EXT_L3,7,-999999.5076683502,false,lata
120,Eisenbahn_Pilsen,Extrema,EXT_L3,8,-0.0,false,lata
120,Eisenbahn_Pilsen,Extrema,EXT_L3,9,-0.0,false,lata
120,Eisenbahn_Pilsen,Extrema,EXT_L3,10,-0.0,false,lata
120,Eisenbahn_Pilsen,Extrema,EXT_L3,11,-0.0,false,lata
120,Eisenbahn_Pilsen,Extrema,EXT_L3,12,-0.0,false,lata
120,Eisenbahn_Pilsen,Extrema,EXT_L3,13,-0.0,false,lata
120,Eisenbahn_Pilsen,Extrema,EXT_L3,14,-0.0,false,lata
120,Eisenbahn_Pilsen,Extrema,EXT_L3,15,-0.0,false,lata
120,Eisenbahn_Pilsen,Tres Rios,TRE_L1,1,-0.0,false,lata
120,Eisenbahn_Pilsen,Tres Rios,TRE_L1,2,-0.0,false,lata
120,Eisenbahn_Pilsen,Tres Rios,TRE_L1,3,-0.0,false,lata
120,Eisenbahn_Pilsen,Tres Rios,TRE_L1,4,-0.0,false,lata
120,Eisenbahn_Pilsen,Tres Rios,TRE_L1,5,-0.0,false,lata
120,Eisenbahn_Pilsen,Tres Rios,TRE_L1,6,-999999.2037620002,false,lata
120,Eisenbahn_Pilsen,Tres Rios,TRE_L1,7,-0.0,false,lata
120,Eisenbahn_Pilsen,Tres Rios,TRE_L1,8,-0.0,false,lata
120,Eisenbahn_Pilsen,Tres Rios,TRE_L1,9,-0.0,false,lata
120,Eisenbahn_Pilsen,Tres Rios,TRE_L1,10,-0.0,false,lata
120,Eisenbahn_Pilsen,Tres Rios,TRE_L1,11,-0.0,false,lata
120,Eisenbahn_Pilsen,Tres Rios,TRE_L1,12,-0.0,false,lata
120,Eisenbahn_Pilsen,Tres Rios,TRE_L1,13,-0.0,false,lata
120,Eisenbahn_Pilsen,Tres Rios,TRE_L1,14,-999999.53543915,false,lata
120,Eisenbahn_Pilsen,Tres Rios,TRE_L1,15,-0.0,false,lata
120,Eisenbahn_Pilsen,Tres Rios,TRE_L2,1,-0.0,false,lata
120,Eisenbahn_Pilsen,Tres Rios,TRE_L2,2,-0.0,false,lata
120,Eisenbahn_Pilsen,Tres Rios,TRE_L2,3,-0.0,false,lata
120,Eisenbahn_Pilsen,Tres Rios,TRE_L2,4,-0.0,false,lata
120,Eisenbahn_Pilsen,Tres Rios,TRE_L2,5,-0.0,false,lata
120,Eisenbahn_Pilsen,Tres Rios,TRE_L2,6,-0.0,false,lata
120,Eisenbahn_Pilsen,Tres Rios,TRE_L2,7,-0.0,false,lata
120,Eisenbahn_Pilsen,Tres Rios,TRE_L2,8,-0.0,false,lata
120,Eisenbahn_Pilsen,Tres Rios,TRE_L2,9,-0.0,false,lata
120,Eisenbahn_Pilsen,Tres Rios,TRE_L2,10,-0.0,false,lata
120,Eisenbahn_Pilsen,Tres Rios,TRE_L2,11,-0.0,false,lata
120,Eisenbahn_Pilsen,Tres Rios,TRE_L2,12,-0.0,false,lata
120,Eisenbahn_Pilsen,Tres Rios,TRE_L2,13,-0.0,false,lata
120,Eisenbahn_Pilsen,Tres Rios,TRE_L2,14,-0.0,false,lata
120,Eisenbahn_Pilsen,Tres Rios,TRE_L2,15,-0.0,false,lata
120,Eisenbahn_Pilsen,Tres Rios,TRE_L3,1,-0.0,false,lata
120,Eisenbahn_Pilsen,Tres Rios,TRE_L3,2,-0.0,false,lata
120,Eisenbahn_Pilsen,Tres Rios,TRE_L3,3,-0.0,false,lata
120,Eisenbahn_Pilsen,Tres Rios,TRE_L3,4,-0.0,false,lata
120,Eisenbahn_Pilsen,Tres Rios,TRE_L3,5,-0.0,false,lata
120,Eisenbahn_Pilsen,Tres Rios,TRE_L3,6,-0.0,false,lata
120,Eisenbahn_Pilsen,Tres Rios,TRE_L3,7,-0.0,false,lata
120,Eisenbahn_Pilsen,Tres Rios,TRE_L3,8,-0.0,false,lata
120,Eisenbahn_Pilsen,Tres Rios,TRE_L3,9,-0.0,false,lata
120,Eisenbahn_Pilsen,Tres Rios,TRE_L3,10,-0.0,false,lata
120,Eisenbahn_Pilsen,Tres Rios,TRE_L3,11,-0.0,false,lata
120,Eisenbahn_Pilsen,Tres Rios,TRE_L3,12,-0.0,false,lata
120,Eisenbahn_Pilsen,Tres Rios,TRE_L3,13,-0.0,false,lata
120,Eisenbahn_Pilsen,Tres Rios,TRE_L3,14,-0.0,false,lata
120,Eisenbahn_Pilsen,Tres Rios,TRE_L3,15,-0.0,false,lata
120,Eisenbahn_Pilsen,Alagoinhas,ALA_L1,1,-0.0,false,lata
120,Eisenbahn_Pilsen,Alagoinhas,ALA_L1,2,-0.0,false,lata
120,Eisenbahn_Pilsen,Alagoinhas,ALA_L1,3,-0.0,false,lata
120,Eisenbahn_Pilsen,Alagoinhas,ALA_L1,4,-0.0,false,lata
120,Eisenbahn_Pilsen,Alagoinhas,ALA_L1,5,-0.0,false,lata
120,Eisenbahn_Pilsen,Alagoinhas,ALA_L1,6,-0.0,false,lata
120,Eisenbahn_Pilsen,Alagoinhas,ALA_L1,7,-0.0,false,lata
120,Eisenbahn_Pilsen,Alagoinhas,ALA_L1,8,-0.0,false,lata
120,Eisenbahn_Pilsen,Alagoinhas,ALA_L1,9,-0.0,false,lata
120,Eisenbahn_Pilsen,Alagoinhas,ALA_L1,10,-0.0,false,lata
120,Eisenbahn_Pilsen,Alagoinhas,ALA_L1,11,-0.0,false,lata
120,Eisenbahn_Pilsen,Alagoinhas,ALA_L1,12,-0.0,false,lata
120,Eisenbahn_Pilsen,Alagoinhas,ALA_L1,13,-0.0,false,lata
120,Eisenbahn_Pilsen,Alagoinhas,ALA_L1,14,-0.0,false,lata
120,Eisenbahn_Pilsen,Alagoinhas,ALA_L1,15,-0.0,false,lata
120,Eisenbahn_Pilsen,Alagoinhas,ALA_L2,1,-0.0,false,lata
120,Eisenbahn_Pilsen,Alagoinhas,ALA_L2,2,-999998.7680292501,false,lata
120,Eisenbahn_Pilsen,Alagoinhas,ALA_L2,3,-0.0,false,lata
120,Eisenbahn_Pilsen,Alagoinhas,ALA_L2,4,-0.0,false,lata
120,Eisenbahn_Pilsen,Alagoinhas,ALA_L2,5,-0.0,false,lata
120,Eisenbahn_Pilsen,Alagoinhas,ALA_L2,6,-0.0,false,lata
120,Eisenbahn_Pilsen,Alagoinhas,ALA_L2,7,-0.0,false,lata
120,Eisenbahn_Pilsen,Alagoinhas,ALA_L2,8,-0.0,false,lata
120,Eisenbahn_Pilsen,Alagoinhas,ALA_L2,9,-0.0,false,lata
120,Eisenbahn_Pilsen,Alagoinhas,ALA_L2,10,-0.0,false,lata
120,Eisenbahn_Pilsen,Alagoinhas,ALA_L2,11,-0.0,false,lata
120,Eisenbahn_Pilsen,Alagoinhas,ALA_L2,12,-0.0,false,lata
120,Eisenbahn_Pilsen,Alagoinhas,ALA_L2,13,-0.0,false,lata
120,Eisenbahn_Pilsen,Alagoinhas,ALA_L2,14,-0.0,false,lata
120,Eisenbahn_Pilsen,Alagoinhas,ALA_L2,15,-0.0,false,lata
120,Eisenbahn_Pilsen,Alagoinhas,ALA_L3,1,-0.0,false,lata
120,Eisenbahn_Pilsen,Alagoinhas,ALA_L3,2,-0.0,false,lata
120,Eisenbahn_Pilsen,Alagoinhas,ALA_L3,3,-0.0,false,lata
120,Eisenbahn_Pilsen,Alagoinhas,ALA_L3,4,-0.0,false,lata
120,Eisenbahn_Pilsen,Alagoinhas,ALA_L3,5,-0.0,false,lata
120,Eisenbahn_Pilsen,Alagoinhas,ALA_L3,6,-0.0,false,lata
120,Eisenbahn_Pilsen,Alagoinhas,ALA_L3,7,-0.0,false,lata
120,Eisenbahn_Pilsen,Alagoinhas,ALA_L3,8,-0.0,false,lata
120,Eisenbahn_Pilsen,Alagoinhas,ALA_L3,9,-0.0,false,lata
120,Eisenbahn_Pilsen,Alagoinhas,ALA_L3,10,-0.0,false,lata
120,Eisenbahn_Pilsen,Alagoinhas,ALA_L3,11,-0.0,false,lata
120,Eisenbahn_Pilsen,Alagoinhas,ALA_L3,12,-0.0,false,lata
120,Eisenbahn_Pilsen,Alagoinhas,ALA_L3,13,-0.0,false,lata
120,Eisenbahn_Pilsen,Alagoinhas,ALA_L3,14,-0.0,false,lata
120,Eisenbahn_Pilsen,Alagoinhas,ALA_L3,15,-0.0,false,lata
120,Eisenbahn_Pilsen,Frutal,FRU_L1,1,-0.0,false,lata
120,Eisenbahn_Pilsen,Frutal,FRU_L1,2,-0.0,false,lata
120,Eisenbahn_Pilsen,Frutal,FRU_L1,3,-0.0,false,lata
120,Eisenbahn_Pilsen,Frutal,FRU_L1,4,-0.0,false,lata
120,Eisenbahn_Pilsen,Frutal,FRU_L1,5,-0.0,false,lata
120,Eisenbahn_Pilsen,Frutal,FRU_L1,6,-0.0,false,lata
120,Eisenbahn_Pilsen,Frutal,FRU_L1,7,-0.0,false,lata
120,Eisenbahn_Pilsen,Frutal,FRU_L1,8,-0.0,false,lata
120,Eisenbahn_Pilsen,Frutal,FRU_L1,9,-0.0,false,lata
120,Eisenbahn_Pilsen,Frutal,FRU_L1,10,-0.0,false,lata
120,Eisenbahn_Pilsen,Frutal,FRU_L1,11,-0.0,false,lata
120,Eisenbahn_Pilsen,Frutal,FRU_L1,12,-0.0,false,lata
120,Eisenbahn_Pilsen,Frutal,FRU_L1,13,-0.0,false,lata
120,Eisenbahn_Pilsen,Frutal,FRU_L1,14,-0.0,false,lata
120,Eisenbahn_Pilsen,Frutal,FRU_L1,15,-0.0,false,lata
120,Eisenbahn_Pilsen,Frutal,FRU_L2,1,-0.0,false,lata
120,Eisenbahn_Pilsen,Frutal,FRU_L2,2,-0.0,false,lata
120,Eisenbahn_Pilsen,Frutal,FRU_L2,3,-0.0,false,lata
120,Eisenbahn_Pilsen,Frutal,FRU_L2,4,-0.0,false,lata
120,Eisenbahn_Pilsen,Frutal,FRU_L2,5,-0.0,false,lata
120,Eisenbahn_Pilsen,Frutal,FRU_L2,6,-0.0,false,lata
120,Eisenbahn_Pilsen,Frutal,FRU_L2,7,-0.0,false,lata
120,Eisenbahn_Pilsen,Frutal,FRU_L2,8,-0.0,false,lata
120,Eisenbahn_Pilsen,Frutal,FRU_L2,9,-0.0,false,lata
120,Eisenbahn_Pilsen,Frutal,FRU_L2,10,-0.0,false,lata
120,Eisenbahn_Pilsen,Frutal,FRU_L2,11,-0.0,false,lata
120,Eisenbahn_Pilsen,Frutal,FRU_L2,12,-0.0,false,lata
120,Eisenbahn_Pilsen,Frutal,FRU_L2,13,-0.0,false,lata
120,Eisenbahn_Pilsen,Frutal,FRU_L2,14,-0.0,false,lata
120,Eisenbahn_Pilsen,Frutal,FRU_L2,15,-0.0,false,lata
120,Eisenbahn_Pilsen,Frutal,FRU_L3,1,-999999.9021945,false,lata
120,Eisenbahn_Pilsen,Frutal,FRU_L3,2,-0.0,false,lata
120,Eisenbahn_Pilsen,Frutal,FRU_L3,3,-0.0,false,lata
120,Eisenbahn_Pilsen,Frutal,FRU_L3,4,-0.0,false,lata
120,Eisenbahn_Pilsen,Frutal,FRU_L3,5,-0.0,false,lata
120,Eisenbahn_Pilsen,Frutal,FRU_L3,6,-0.0,false,lata
120,Eisenbahn_Pilsen,Frutal,FRU_L3,7,-0.0,false,lata
120,Eisenbahn_Pilsen,Frutal,FRU_L3,8,-0.0,false,lata
120,Eisenbahn_Pilsen,Frutal,FRU_L3,9,-0.0,false,lata
120,Eisenbahn_Pilsen,Frutal,FRU_L3,10,-0.0,false,lata
120,Eisenbahn_Pilsen,Frutal,FRU_L3,11,-0.0,false,lata
120,Eisenbahn_Pilsen,Frutal,FRU_L3,12,-999999.0129071999,false,lata
120,Eisenbahn_Pilsen,Frutal,FRU_L3,13,-0.0,false,lata
120,Eisenbahn_Pilsen,Frutal,FRU_L3,14,-0.0,false,lata
120,Eisenbahn_Pilsen,Frutal,FRU_L3,15,-0.0,false,lata
120,Eisenbahn_Pilsen,Pouso Alegre,POU_L1,1,-0.0,false,lata
120,Eisenbahn_Pilsen,Pouso Alegre,POU_L1,2,-0.0,false,lata
120,Eisenbahn_Pilsen,Pouso Alegre,POU_L1,3,-0.0,false,lata
120,Eisenbahn_Pilsen,Pouso Alegre,POU_L1,4,-0.0,false,lata
120,Eisenbahn_Pilsen,Pouso Alegre,POU_L1,5,-0.0,false,lata
120,Eisenbahn_Pilsen,Pouso Alegre,POU_L1,6,-0.0,false,lata
120,Eisenbahn_Pilsen,Pouso Alegre,POU_L1,7,-999999.5106105002,false,lata
120,Eisenbahn_Pilsen,Pouso Alegre,POU_L1,8,-0.0,false,lata
120,Eisenbahn_Pilsen,Pouso Alegre,POU_L1,9,-0.0,false,lata
120,Eisenbahn_Pilsen,Pouso Alegre,POU_L1,10,-0.0,false,lata
120,Eisenbahn_Pilsen,Pouso Alegre,POU_L1,11,-0.0,false,lata
120,Eisenbahn_Pilsen,Pouso Alegre,POU_L1,12,-0.0,false,lata
120,Eisenbahn_Pilsen,Pouso Alegre,POU_L1,13,-0.0,false,lata
120,Eisenbahn_Pilsen,Pouso Alegre,POU_L1,14,-0.0,false,lata
120,Eisenbahn_Pilsen,Pouso Alegre,POU_L1,15,-0.0,false,lata
120,Eisenbahn_Pilsen,Pouso Alegre,POU_L2,1,-0.0,false,lata
120,Eisenbahn_Pilsen,Pouso Alegre,POU_L2,2,-0.0,false,lata
120,Eisenbahn_Pilsen,Pouso Alegre,POU_L2,3,-0.0,false,lata
120,Eisenbahn_Pilsen,Pouso Alegre,POU_L2,4,-0.0,false,lata
120,Eisenbahn_Pilsen,Pouso Alegre,POU_L2,5,-0.0,false,lata
120,Eisenbahn_Pilsen,Pouso Alegre,POU_L2,6,-0.0,false,lata
120,Eisenbahn_Pilsen,Pouso Alegre,POU_L2,7,-0.0,false,lata
120,Eisenbahn_Pilsen,Pouso Alegre,POU_L2,8,-999999.00070045,false,lata
120,Eisenbahn_Pilsen,Pouso Alegre,POU_L2,9,-0.0,false,lata
120,Eisenbahn_Pilsen,Pouso Alegre,POU_L2,10,-0.0,false,lata
120,Eisenbahn_Pilsen,Pouso Alegre,POU_L2,11,-0.0,false,lata
120,Eisenbahn_Pilsen,Pouso Alegre,POU_L2,12,-0.0,false,lata
120,Eisenbahn_Pilsen,Pouso Alegre,POU_L2,13,-999999.2634196999,false,lata
120,Eisenbahn_Pilsen,Pouso Alegre,POU_L2,14,-0.0,false,lata
120,Eisenbahn_Pilsen,Pouso Alegre,POU_L2,15,-0.0,false,lata
120,Eisenbahn_Pilsen,Pouso Alegre,POU_L3,1,-0.0,false,lata
120,Eisenbahn_Pilsen,Pouso Alegre,POU_L3,2,-0.0,false,lata
120,Eisenbahn_Pilsen,Pouso Alegre,POU_L3,3,-0.0,false,lata
120,Eisenbahn_Pilsen,Pouso Alegre,POU_L3,4,-0.0,false,lata
120,Eisenbahn_Pilsen,Pouso Alegre,POU_L3,5,-0.0,false,lata
120,Eisenbahn_Pilsen,Pouso Alegre,POU_L3,6,-0.0,false,lata
120,Eisenbahn_Pilsen,Pouso Alegre,POU_L3,7,-999999.5106105002,false,lata
120,Eisenbahn_Pilsen,Pouso Alegre,POU_L3,8,-0.0,false,lata
120,Eisenbahn_Pilsen,Pouso Alegre,POU_L3,9,-0.0,false,lata
120,Eisenbahn_Pilsen,Pouso Alegre,POU_L3,10,-0.0,false,lata
120,Eisenbahn_Pilsen,Pouso Alegre,POU_L3,11,-999999.5047693,false,lata
120,Eisenbahn_Pilsen,Pouso Alegre,POU_L3,12,-0.0,false,lata
120,Eisenbahn_Pilsen,Pouso Alegre,POU_L3,13,-0.0,false,lata
120,Eisenbahn_Pilsen,Pouso Alegre,POU_L3,14,-0.0,false,lata
120,Eisenbahn_Pilsen,Pouso Alegre,POU_L3,15,-0.0,false,lata
120,Eisenbahn_Pilsen,Gama,GAM_L1,1,-0.0,false,lata
120,Eisenbahn_Pilsen,Gama,GAM_L1,2,-999998.7411797001,false,lata
120,Eisenbahn_Pilsen,Gama,GAM_L1,3,-0.0,false,lata
120,Eisenbahn_Pilsen,Gama,GAM_L1,4,-0.0,false,lata
120,Eisenbahn_Pilsen,Gama,GAM_L1,5,-0.0,false,lata
120,Eisenbahn_Pilsen,Gama,GAM_L1,6,-0.0,false,lata
120,Eisenbahn_Pilsen,Gama,GAM_L1,7,-0.0,false,lata
120,Eisenbahn_Pilsen,Gama,GAM_L1,8,-0.0,false,lata
120,Eisenbahn_Pilsen,Gama,GAM_L1,9,-0.0,false,lata
120,Eisenbahn_Pilsen,Gama,GAM_L1,10,-0.0,false,lata
120,Eisenbahn_Pilsen,Gama,GAM_L1,11,-0.0,false,lata
120,Eisenbahn_Pilsen,Gama,GAM_L1,12,-0.0,false,lata
120,Eisenbahn_Pilsen,Gama,GAM_L1,13,-0.0,false,lata
120,Eisenbahn_Pilsen,Gama,GAM_L1,14,-0.0,false,lata
120,Eisenbahn_Pilsen,Gama,GAM_L1,15,-0.0,false,lata
120,Eisenbahn_Pilsen,Gama,GAM_L2,1,-0.0,false,lata
120,Eisenbahn_Pilsen,Gama,GAM_L2,2,-0.0,false,lata
120,Eisenbahn_Pilsen,Gama,GAM_L2,3,-0.0,false,lata
120,Eisenbahn_Pilsen,Gama,GAM_L2,4,-0.0,false,lata
120,Eisenbahn_Pilsen,Gama,GAM_L2,5,-0.0,false,lata
120,Eisenbahn_Pilsen,Gama,GAM_L2,6,-0.0,false,lata
120,Eisenbahn_Pilsen,Gama,GAM_L2,7,-0.0,false,lata
120,Eisenbahn_Pilsen,Gama,GAM_L2,8,-0.0,false,lata
120,Eisenbahn_Pilsen,Gama,GAM_L2,9,-0.0,false,lata
120,Eisenbahn_Pilsen,Gama,GAM_L2,10,-0.0,false,lata
120,Eisenbahn_Pilsen,Gama,GAM_L2,11,-999999.5123972999,false,lata
120,Eisenbahn_Pilsen,Gama,GAM_L2,12,-0.0,false,lata
120,Eisenbahn_Pilsen,Gama,GAM_L2,13,-0.0,false,lata
120,Eisenbahn_Pilsen,Gama,GAM_L2,14,-999999.5578819,false,lata
120,Eisenbahn_Pilsen,Gama,GAM_L2,15,-0.0,false,lata
120,Eisenbahn_Pilsen,Gama,GAM_L3,1,-0.0,false,lata
120,Eisenbahn_Pilsen,Gama,GAM_L3,2,-0.0,false,lata
120,Eisenbahn_Pilsen,Gama,GAM_L3,3,-0.0,false,lata
120,Eisenbahn_Pilsen,Gama,GAM_L3,4,-0.0,false,lata
120,Eisenbahn_Pilsen,Gama,GAM_L3,5,-0.0,false,lata
120,Eisenbahn_Pilsen,Gama,GAM_L3,6,-0.0,false,lata
120,Eisenbahn_Pilsen,Gama,GAM_L3,7,-0.0,false,lata
120,Eisenbahn_Pilsen,Gama,GAM_L3,8,-0.0,false,lata
120,Eisenbahn_Pilsen,Gama,GAM_L3,9,-0.0,false,lata
120,Eisenbahn_Pilsen,Gama,GAM_L3,10,-0.0,false,lata
120,Eisenbahn_Pilsen,Gama,GAM_L3,11,-0.0,false,lata
120,Eisenbahn_Pilsen,Gama,GAM_L3,12,-0.0,false,lata
120,Eisenbahn_Pilsen,Gama,GAM_L3,13,-999999.2943818999,false,lata
120,Eisenbahn_Pilsen,Gama,GAM_L3,14,-0.0,false,lata
120,Eisenbahn_Pilsen,Gama,GAM_L3,15,-0.0,false,lata
120,Eisenbahn_Pilsen,Viamao,VIA_L1,1,-0.0,false,lata
120,Eisenbahn_Pilsen,Viamao,VIA_L1,2,-0.0,false,lata
120,Eisenbahn_Pilsen,Viamao,VIA_L1,3,-0.0,false,lata
120,Eisenbahn_Pilsen,Viamao,VIA_L1,4,-0.0,false,lata
120,Eisenbahn_Pilsen,Viamao,VIA_L1,5,-0.0,false,lata
120,Eisenbahn_Pilsen,Viamao,VIA_L1,6,-0.0,false,lata
120,Eisenbahn_Pilsen,Viamao,VIA_L1,7,-0.0,false,lata
120,Eisenbahn_Pilsen,Viamao,VIA_L1,8,-0.0,false,lata
120,Eisenbahn_Pilsen,Viamao,VIA_L1,9,-0.0,false,lata
120,Eisenbahn_Pilsen,Viamao,VIA_L1,10,-0.0,false,lata
120,Eisenbahn_Pilsen,Viamao,VIA_L1,11,-999999.53861525,false,lata
120,Eisenbahn_Pilsen,Viamao,VIA_L1,12,-0.0,false,lata
120,Eisenbahn_Pilsen,Viamao,VIA_L1,13,-0.0,false,lata
120,Eisenbahn_Pilsen,Viamao,VIA_L1,14,-0.0,false,lata
120,Eisenbahn_Pilsen,Viamao,VIA_L1,15,-0.0,false,lata
120,Eisenbahn_Pilsen,Viamao,VIA_L2,1,-0.0,false,lata
120,Eisenbahn_Pilsen,Viamao,VIA_L2,2,-0.0,false,lata
120,Eisenbahn_Pilsen,Viamao,VIA_L2,3,-0.0,false,lata
120,Eisenbahn_Pilsen,Viamao,VIA_L2,4,-0.0,false,lata
120,Eisenbahn_Pilsen,Viamao,VIA_L2,5,-0.0,false,lata
120,Eisenbahn_Pilsen,Viamao,VIA_L2,6,-0.0,false,lata
120,Eisenbahn_Pilsen,Viamao,VIA_L2,7,-0.0,false,lata
120,Eisenbahn_Pilsen,Viamao,VIA_L2,8,-0.0,false,lata
120,Eisenbahn_Pilsen,Viamao,VIA_L2,9,-0.0,false,lata
120,Eisenbahn_Pilsen,Viamao,VIA_L2,10,-999999.28381525,false,lata
120,Eisenbahn_Pilsen,Viamao,VIA_L2,11,-0.0,false,lata
120,Eisenbahn_Pilsen,Viamao,VIA_L2,12,-0.0,false,lata
120,Eisenbahn_Pilsen,Viamao,VIA_L2,13,-999999.2972656499,false,lata
120,Eisenbahn_Pilsen,Viamao,VIA_L2,14,-0.0,false,lata
120,Eisenbahn_Pilsen,Viamao,VIA_L2,15,-0.0,false,lata
120,Eisenbahn_Pilsen,Viamao,VIA_L3,1,-0.0,false,lata
120,Eisenbahn_Pilsen,Viamao,VIA_L3,2,-0.0,false,lata
120,Eisenbahn_Pilsen,Viamao,VIA_L3,3,-0.0,false,lata
120,Eisenbahn_Pilsen,Viamao,VIA_L3,4,-0.0,false,lata
120,Eisenbahn_Pilsen,Viamao,VIA_L3,5,-0.0,false,lata
120,Eisenbahn_Pilsen,Viamao,VIA_L3,6,-0.0,false,lata
120,Eisenbahn_Pilsen,Viamao,VIA_L3,7,-0.0,false,lata
120,Eisenbahn_Pilsen,Viamao,VIA_L3,8,-0.0,false,lata
120,Eisenbahn_Pilsen,Viamao,VIA_L3,9,-0.0,false,lata
120,Eisenbahn_Pilsen,Viamao,VIA_L3,10,-0.0,false,lata
120,Eisenbahn_Pilsen,Viamao,VIA_L3,11,-0.0,false,lata
120,Eisenbahn_Pilsen,Viamao,VIA_L3,12,-0.0,false,lata
120,Eisenbahn_Pilsen,Viamao,VIA_L3,13,-0.0,false,lata
120,Eisenbahn_Pilsen,Viamao,VIA_L3,14,-0.0,false,lata
120,Eisenbahn_Pilsen,Viamao,VIA_L3,15,-0.0,false,lata
120,Eisenbahn_Pilsen,Itupeva,ITU_L1,1,-0.0,false,lata
120,Eisenbahn_Pilsen,Itupeva,ITU_L1,2,-0.0,false,lata
120,Eisenbahn_Pilsen,Itupeva,ITU_L1,3,-0.0,false,lata
120,Eisenbahn_Pilsen,Itupeva,ITU_L1,4,-0.0,false,lata
120,Eisenbahn_Pilsen,Itupeva,ITU_L1,5,-0.0,false,lata
120,Eisenbahn_Pilsen,Itupeva,ITU_L1,6,-0.0,false,lata
120,Eisenbahn_Pilsen,Itupeva,ITU_L1,7,-0.0,false,lata
120,Eisenbahn_Pilsen,Itupeva,ITU_L1,8,-0.0,false,lata
120,Eisenbahn_Pilsen,Itupeva,ITU_L1,9,-0.0,false,lata
120,Eisenbahn_Pilsen,Itupeva,ITU_L1,10,-0.0,false,lata
120,Eisenbahn_Pilsen,Itupeva,ITU_L1,11,-0.0,false,lata
120,Eisenbahn_Pilsen,Itupeva,ITU_L1,12,-0.0,false,lata
120,Eisenbahn_Pilsen,Itupeva,ITU_L1,13,-0.0,false,lata
120,Eisenbahn_Pilsen,Itupeva,ITU_L1,14,-0.0,false,lata
120,Eisenbahn_Pilsen,Itupeva,ITU_L1,15,-0.0,false,lata
120,Eisenbahn_Pilsen,Itupeva,ITU_L2,1,-0.0,false,lata
120,Eisenbahn_Pilsen,Itupeva,ITU_L2,2,-0.0,false,lata
120,Eisenbahn_Pilsen,Itupeva,ITU_L2,3,-0.0,false,lata
120,Eisenbahn_Pilsen,Itupeva,ITU_L2,4,-0.0,false,lata
120,Eisenbahn_Pilsen,Itupeva,ITU_L2,5,-0.0,false,lata
120,Eisenbahn_Pilsen,Itupeva,ITU_L2,6,-0.0,false,lata
120,Eisenbahn_Pilsen,Itupeva,ITU_L2,7,-0.0,false,lata
120,Eisenbahn_Pilsen,Itupeva,ITU_L2,8,-0.0,false,lata
120,Eisenbahn_Pilsen,Itupeva,ITU_L2,9,-0.0,false,lata
120,Eisenbahn_Pilsen,Itupeva,ITU_L2,10,-999999.2500039,false,lata
120,Eisenbahn_Pilsen,Itupeva,ITU_L2,11,-0.0,false,lata
120,Eisenbahn_Pilsen,Itupeva,ITU_L2,12,-0.0,false,lata
120,Eisenbahn_Pilsen,Itupeva,ITU_L2,13,-0.0,false,lata
120,Eisenbahn_Pilsen,Itupeva,ITU_L2,14,-0.0,false,lata
120,Eisenbahn_Pilsen,Itupeva,ITU_L2,15,-0.0,false,lata
120,Eisenbahn_Pilsen,Itupeva,ITU_L3,1,-0.0,false,lata
120,Eisenbahn_Pilsen,Itupeva,ITU_L3,2,-0.0,false,lata
120,Eisenbahn_Pilsen,Itupeva,ITU_L3,3,-999998.9829604998,false,lata
120,Eisenbahn_Pilsen,Itupeva,ITU_L3,4,-0.0,false,lata
120,Eisenbahn_Pilsen,Itupeva,ITU_L3,5,-0.0,false,lata
120,Eisenbahn_Pilsen,Itupeva,ITU_L3,6,-0.0,false,lata
120,Eisenbahn_Pilsen,Itupeva,ITU_L3,7,-0.0,false,lata
120,Eisenbahn_Pilsen,Itupeva,ITU_L3,8,-0.0,false,lata
120,Eisenbahn_Pilsen,Itupeva,ITU_L3,9,-0.0,false,lata
120,Eisenbahn_Pilsen,Itupeva,ITU_L3,10,-0.0,false,lata
120,Eisenbahn_Pilsen,Itupeva,ITU_L3,11,-0.0,false,lata
120,Eisenbahn_Pilsen,Itupeva,ITU_L3,12,-0.0,false,lata
120,Eisenbahn_Pilsen,Itupeva,ITU_L3,13,-0.0,false,lata
120,Eisenbahn_Pilsen,Itupeva,ITU_L3,14,-0.0,false,lata
120,Eisenbahn_Pilsen,Itupeva,ITU_L3,15,-0.0,false,lata
120,Eisenbahn_Pilsen,Cabo de Santo Agostinho,CAB_L1,1,-0.0,false,lata
120,Eisenbahn_Pilsen,Cabo de Santo Agostinho,CAB_L1,2,-0.0,false,lata
120,Eisenbahn_Pilsen,Cabo de Santo Agostinho,CAB_L1,3,-0.0,false,lata
120,Eisenbahn_Pilsen,Cabo de Santo Agostinho,CAB_L1,4,-0.0,false,lata
120,Eisenbahn_Pilsen,Cabo de Santo Agostinho,CAB_L1,5,-0.0,false,lata
120,Eisenbahn_Pilsen,Cabo de Santo Agostinho,CAB_L1,6,-0.0,false,lata
120,Eisenbahn_Pilsen,Cabo de Santo Agostinho,CAB_L1,7,-0.0,false,lata
120,Eisenbahn_Pilsen,Cabo de Santo Agostinho,CAB_L1,8,-0.0,false,lata
120,Eisenbahn_Pilsen,Cabo de Santo Agostinho,CAB_L1,9,-0.0,false,lata
120,Eisenbahn_Pilsen,Cabo de Santo Agostinho,CAB_L1,10,-0.0,false,lata
120,Eisenbahn_Pilsen,Cabo de Santo Agostinho,CAB_L1,11,-999999.5437361,false,lata
120,Eisenbahn_Pilsen,Cabo de Santo Agostinho,CAB_L1,12,-0.0,false,lata
120,Eisenbahn_Pilsen,Cabo de Santo Agostinho,CAB_L1,13,-0.0,false,lata
120,Eisenbahn_Pilsen,Cabo de Santo Agostinho,CAB_L1,14,-0.0,false,lata
120,Eisenbahn_Pilsen,Cabo de Santo Agostinho,CAB_L1,15,-999998.64011295,false,lata
120,Eisenbahn_Pilsen,Cabo de Santo Agostinho,CAB_L2,1,-0.0,false,lata
120,Eisenbahn_Pilsen,Cabo de Santo Agostinho,CAB_L2,2,-0.0,false,lata
120,Eisenbahn_Pilsen,Cabo de Santo Agostinho,CAB_L2,3,-0.0,false,lata
120,Eisenbahn_Pilsen,Cabo de Santo Agostinho,CAB_L2,4,-0.0,false,lata
120,Eisenbahn_Pilsen,Cabo de Santo Agostinho,CAB_L2,5,-0.0,false,lata
120,Eisenbahn_Pilsen,Cabo de Santo Agostinho,CAB_L2,6,-0.0,false,lata
120,Eisenbahn_Pilsen,Cabo de Santo Agostinho,CAB_L2,7,-0.0,false,lata
120,Eisenbahn_Pilsen,Cabo de Santo Agostinho,CAB_L2,8,-0.0,false,lata
120,Eisenbahn_Pilsen,Cabo de Santo Agostinho,CAB_L2,9,-0.0,false,lata
120,Eisenbahn_Pilsen,Cabo de Santo Agostinho,CAB_L2,10,-0.0,false,lata
120,Eisenbahn_Pilsen,Cabo de Santo Agostinho,CAB_L2,11,-0.0,false,lata
120,Eisenbahn_Pilsen,Cabo de Santo Agostinho,CAB_L2,12,-0.0,false,lata
120,Eisenbahn_Pilsen,Cabo de Santo Agostinho,CAB_L2,13,-0.0,false,lata
120,Eisenbahn_Pilsen,Cabo de Santo Agostinho,CAB_L2,14,-0.0,false,lata
120,Eisenbahn_Pilsen,Cabo de Santo Agostinho,CAB_L2,15,-0.0,false,lata
120,Eisenbahn_Pilsen,Cabo de Santo Agostinho,CAB_L3,1,-999999.95,false,lata
120,Eisenbahn_Pilsen,Cabo de Santo Agostinho,CAB_L3,2,-0.0,false,lata
120,Eisenbahn_Pilsen,Cabo de Santo Agostinho,CAB_L3,3,-0.0,false,lata
120,Eisenbahn_Pilsen,Cabo de Santo Agostinho,CAB_L3,4,-0.0,false,lata
120,Eisenbahn_Pilsen,Cabo de Santo Agostinho,CAB_L3,5,-0.0,false,lata
120,Eisenbahn_Pilsen,Cabo de Santo Agostinho,CAB_L3,6,-0.0,false,lata
120,Eisenbahn_Pilsen,Cabo de Santo Agostinho,CAB_L3,7,-0.0,false,lata
120,Eisenbahn_Pilsen,Cabo de Santo Agostinho,CAB_L3,8,-0.0,false,lata
120,Eisenbahn_Pilsen,Cabo de Santo Agostinho,CAB_L3,9,-0.0,false,lata
120,Eisenbahn_Pilsen,Cabo de Santo Agostinho,CAB_L3,10,-0.0,false,lata
120,Eisenbahn_Pilsen,Cabo de Santo Agostinho,CAB_L3,11,-0.0,false,lata
120,Eisenbahn_Pilsen,Cabo de Santo Agostinho,CAB_L3,12,-0.0,false,lata
120,Eisenbahn_Pilsen,Cabo de Santo Agostinho,CAB_L3,13,-0.0,false,lata
120,Eisenbahn_Pilsen,Cabo de Santo Agostinho,CAB_L3,14,-0.0,false,lata
120,Eisenbahn_Pilsen,Cabo de Santo Agostinho,CAB_L3,15,-0.0,false,lata
120,Coca_Cola,Jacarei,JAC_L1,1,-0.0,false,lata
120,Coca_Cola,Jacarei,JAC_L1,2,-0.0,false,lata
120,Coca_Cola,Jacarei,JAC_L1,3,-0.0,false,lata
120,Coca_Cola,Jacarei,JAC_L1,4,-999999.2412438501,false,lata
120,Coca_Cola,Jacarei,JAC_L1,5,-0.0,false,lata
120,Coca_Cola,Jacarei,JAC_L1,6,-999999.49531525,false,lata
120,Coca_Cola,Jacarei,JAC_L1,7,-0.0,false,lata
120,Coca_Cola,Jacarei,JAC_L1,8,-0.0,false,lata
120,Coca_Cola,Jacarei,JAC_L1,9,-0.0,false,lata
120,Coca_Cola,Jacarei,JAC_L1,10,-0.0,false,lata
120,Coca_Cola,Jacarei,JAC_L1,11,-0.0,false,lata
120,Coca_Cola,Jacarei,JAC_L1,12,-0.0,false,lata
120,Coca_Cola,Jacarei,JAC_L1,13,-0.0,false,lata
120,Coca_Cola,Jacarei,JAC_L1,14,-0.0,false,lata
120,Coca_Cola,Jacarei,JAC_L1,15,-0.0,false,lata
120,Coca_Cola,Jacarei,JAC_L2,1,-0.0,false,lata
120,Coca_Cola,Jacarei,JAC_L2,2,-0.0,false,lata
120,Coca_Cola,Jacarei,JAC_L2,3,-0.0,false,lata
120,Coca_Cola,Jacarei,JAC_L2,4,-0.0,false,lata
120,Coca_Cola,Jacarei,JAC_L2,5,-0.0,false,lata
120,Coca_Cola,Jacarei,JAC_L2,6,-0.0,false,lata
120,Coca_Cola,Jacarei,JAC_L2,7,-0.0,false,lata
120,Coca_Cola,Jacarei,JAC_L2,8,-0.0,false,lata
120,Coca_Cola,Jacarei,JAC_L2,9,-0.0,false,lata
120,Coca_Cola,Jacarei,JAC_L2,10,-0.0,false,lata
120,Coca_Cola,Jacarei,JAC_L2,11,-999999.0537616,false,lata
120,Coca_Cola,Jacarei,JAC_L2,12,-0.0,false,lata
120,Coca_Cola,Jacarei,JAC_L2,13,-0.0,false,lata
120,Coca_Cola,Jacarei,JAC_L2,14,-0.0,false,lata
120,Coca_Cola,Jacarei,JAC_L2,15,-0.0,false,lata
120,Coca_Cola,Jacarei,JAC_L3,1,-0.0,false,lata
120,Coca_Cola,Jacarei,JAC_L3,2,-0.0,false,lata
120,Coca_Cola,Jacarei,JAC_L3,3,-0.0,false,lata
120,Coca_Cola,Jacarei,JAC_L3,4,-999999.2412438501,false,lata
120,Coca_Cola,Jacarei,JAC_L3,5,-0.0,false,lata
120,Coca_Cola,Jacarei,JAC_L3,6,-0.0,false,lata
120,Coca_Cola,Jacarei,JAC_L3,7,-0.0,false,lata
120,Coca_Cola,Jacarei,JAC_L3,8,-0.0,false,lata
120,Coca_Cola,Jacarei,JAC_L3,9,-0.0,false,lata
120,Coca_Cola,Jacarei,JAC_L3,10,-999999.1400000001,false,lata
120,Coca_Cola,Jacarei,JAC_L3,11,-0.0,false,lata
120,Coca_Cola,Jacarei,JAC_L3,12,-0.0,false,lata
120,Coca_Cola,Jacarei,JAC_L3,13,-0.0,false,lata
120,Coca_Cola,Jacarei,JAC_L3,14,-0.0,false,lata
120,Coca_Cola,Jacarei,JAC_L3,15,-999999.1453717,false,lata
120,Coca_Cola,Extrema,EXT_L1,1,-0.0,false,lata
120,Coca_Cola,Extrema,EXT_L1,2,-0.0,false,lata
120,Coca_Cola,Extrema,EXT_L1,3,-0.0,false,lata
120,Coca_Cola,Extrema,EXT_L1,4,-0.0,false,lata
120,Coca_Cola,Extrema,EXT_L1,5,-0.0,false,lata
120,Coca_Cola,Extrema,EXT_L1,6,-0.0,false,lata
120,Coca_Cola,Extrema,EXT_L1,7,-0.0,false,lata
120,Coca_Cola,Extrema,EXT_L1,8,-0.0,false,lata
120,Coca_Cola,Extrema,EXT_L1,9,-0.0,false,lata
120,Coca_Cola,Extrema,EXT_L1,10,-999999.1373141501,false,lata
120,Coca_Cola,Extrema,EXT_L1,11,-0.0,false,lata
120,Coca_Cola,Extrema,EXT_L1,12,-0.0,false,lata
120,Coca_Cola,Extrema,EXT_L1,13,-0.0,false,lata
120,Coca_Cola,Extrema,EXT_L1,14,-0.0,false,lata
120,Coca_Cola,Extrema,EXT_L1,15,-0.0,false,lata
120,Coca_Cola,Extrema,EXT_L2,1,-0.0,false,lata
120,Coca_Cola,Extrema,EXT_L2,2,-0.0,false,lata
120,Coca_Cola,Extrema,EXT_L2,3,-0.0,false,lata
120,Coca_Cola,Extrema,EXT_L2,4,-0.0,false,lata
120,Coca_Cola,Extrema,EXT_L2,5,-0.0,false,lata
120,Coca_Cola,Extrema,EXT_L2,6,-0.0,false,lata
120,Coca_Cola,Extrema,EXT_L2,7,-0.0,false,lata
120,Coca_Cola,Extrema,EXT_L2,8,-0.0,false,lata
120,Coca_Cola,Extrema,EXT_L2,9,-0.0,false,lata
120,Coca_Cola,Extrema,EXT_L2,10,-0.0,false,lata
120,Coca_Cola,Extrema,EXT_L2,11,-0.0,false,lata
120,Coca_Cola,Extrema,EXT_L2,12,-0.0,false,lata
120,Coca_Cola,Extrema,EXT_L2,13,-0.0,false,lata
120,Coca_Cola,Extrema,EXT_L2,14,-0.0,false,lata
120,Coca_Cola,Extrema,EXT_L2,15,-0.0,false,lata
120,Coca_Cola,Extrema,EXT_L3,1,-0.0,false,lata
120,Coca_Cola,Extrema,EXT_L3,2,-0.0,false,lata
120,Coca_Cola,Extrema,EXT_L3,3,-0.0,false,lata
120,Coca_Cola,Extrema,EXT_L3,4,-999999.2385580001,false,lata
120,Coca_Cola,Extrema,EXT_L3,5,-0.0,false,lata
120,Coca_Cola,Extrema,EXT_L3,6,-999999.4926294,false,lata
120,Coca_Cola,Extrema,EXT_L3,7,-0.0,false,lata
120,Coca_Cola,Extrema,EXT_L3,8,-0.0,false,lata
120,Coca_Cola,Extrema,EXT_L3,9,-999999.5658142002,false,lata
120,Coca_Cola,Extrema,EXT_L3,10,-0.0,false,lata
120,Coca_Cola,Extrema,EXT_L3,11,-0.0,false,lata
120,Coca_Cola,Extrema,EXT_L3,12,-0.0,false,lata
120,Coca_Cola,Extrema,EXT_L3,13,-0.0,false,lata
120,Coca_Cola,Extrema,EXT_L3,14,-0.0,false,lata
120,Coca_Cola,Extrema,EXT_L3,15,-0.0,false,lata
120,Coca_Cola,Tres Rios,TRE_L1,1,-0.0,false,lata
120,Coca_Cola,Tres Rios,TRE_L1,2,-0.0,false,lata
120,Coca_Cola,Tres Rios,TRE_L1,3,-0.0,false,lata
120,Coca_Cola,Tres Rios,TRE_L1,4,-0.0,false,lata
120,Coca_Cola,Tres Rios,TRE_L1,5,-999999.2171006999,false,lata
120,Coca_Cola,Tres Rios,TRE_L1,6,-0.0,false,lata
120,Coca_Cola,Tres Rios,TRE_L1,7,-0.0,false,lata
120,Coca_Cola,Tres Rios,TRE_L1,8,-0.0,false,lata
120,Coca_Cola,Tres Rios,TRE_L1,9,-999999.5774335501,false,lata
120,Coca_Cola,Tres Rios,TRE_L1,10,-0.0,false,lata
120,Coca_Cola,Tres Rios,TRE_L1,11,-0.0,false,lata
120,Coca_Cola,Tres Rios,TRE_L1,12,-0.0,false,lata
120,Coca_Cola,Tres Rios,TRE_L1,13,-0.0,false,lata
120,Coca_Cola,Tres Rios,TRE_L1,14,-0.0,false,lata
120,Coca_Cola,Tres Rios,TRE_L1,15,-0.0,false,lata
120,Coca_Cola,Tres Rios,TRE_L2,1,-0.0,false,lata
120,Coca_Cola,Tres Rios,TRE_L2,2,-0.0,false,lata
120,Coca_Cola,Tres Rios,TRE_L2,3,-0.0,false,lata
120,Coca_Cola,Tres Rios,TRE_L2,4,-0.0,false,lata
120,Coca_Cola,Tres Rios,TRE_L2,5,-0.0,false,lata
120,Coca_Cola,Tres Rios,TRE_L2,6,-0.0,false,lata
120,Coca_Cola,Tres Rios,TRE_L2,7,-0.0,false,lata
120,Coca_Cola,Tres Rios,TRE_L2,8,-0.0,false,lata
120,Coca_Cola,Tres Rios,TRE_L2,9,-999999.5774335501,false,lata
120,Coca_Cola,Tres Rios,TRE_L2,10,-0.0,false,lata
120,Coca_Cola,Tres Rios,TRE_L2,11,-0.0,false,lata
120,Coca_Cola,Tres Rios,TRE_L2,12,-0.0,false,lata
120,Coca_Cola,Tres Rios,TRE_L2,13,-0.0,false,lata
120,Coca_Cola,Tres Rios,TRE_L2,14,-0.0,false,lata
120,Coca_Cola,Tres Rios,TRE_L2,15,-0.0,false,lata
120,Coca_Cola,Tres Rios,TRE_L3,1,-0.0,false,lata
120,Coca_Cola,Tres Rios,TRE_L3,2,-0.0,false,lata
120,Coca_Cola,Tres Rios,TRE_L3,3,-0.0,false,lata
120,Coca_Cola,Tres Rios,TRE_L3,4,-0.0,false,lata
120,Coca_Cola,Tres Rios,TRE_L3,5,-0.0,false,lata
120,Coca_Cola,Tres Rios,TRE_L3,6,-0.0,false,lata
120,Coca_Cola,Tres Rios,TRE_L3,7,-0.0,false,lata
120,Coca_Cola,Tres Rios,TRE_L3,8,-0.0,false,lata
120,Coca_Cola,Tres Rios,TRE_L3,9,-0.0,false,lata
120,Coca_Cola,Tres Rios,TRE_L3,10,-0.0,false,lata
120,Coca_Cola,Tres Rios,TRE_L3,11,-0.0,false,lata
120,Coca_Cola,Tres Rios,TRE_L3,12,-0.0,false,lata
120,Coca_Cola,Tres Rios,TRE_L3,13,-0.0,false,lata
120,Coca_Cola,Tres Rios,TRE_L3,14,-0.0,false,lata
120,Coca_Cola,Tres Rios,TRE_L3,15,-0.0,false,lata
120,Coca_Cola,Alagoinhas,ALA_L1,1,-0.0,false,lata
120,Coca_Cola,Alagoinhas,ALA_L1,2,-999999.2025718,false,lata
120,Coca_Cola,Alagoinhas,ALA_L1,3,-0.0,false,lata
120,Coca_Cola,Alagoinhas,ALA_L1,4,-0.0,false,lata
120,Coca_Cola,Alagoinhas,ALA_L1,5,-0.0,false,lata
120,Coca_Cola,Alagoinhas,ALA_L1,6,-0.0,false,lata
120,Coca_Cola,Alagoinhas,ALA_L1,7,-0.0,false,lata
120,Coca_Cola,Alagoinhas,ALA_L1,8,-0.0,false,lata
120,Coca_Cola,Alagoinhas,ALA_L1,9,-0.0,false,lata
120,Coca_Cola,Alagoinhas,ALA_L1,10,-0.0,false,lata
120,Coca_Cola,Alagoinhas,ALA_L1,11,-0.0,false,lata
120,Coca_Cola,Alagoinhas,ALA_L1,12,-0.0,false,lata
120,Coca_Cola,Alagoinhas,ALA_L1,13,-0.0,false,lata
120,Coca_Cola,Alagoinhas,ALA_L1,14,-0.0,false,lata
120,Coca_Cola,Alagoinhas,ALA_L1,15,-0.0,false,lata
120,Coca_Cola,Alagoinhas,ALA_L2,1,-0.0,false,lata
120,Coca_Cola,Alagoinhas,ALA_L2,2,-0.0,false,lata
120,Coca_Cola,Alagoinhas,ALA_L2,3,-0.0,false,lata
120,Coca_Cola,Alagoinhas,ALA_L2,4,-0.0,false,lata
120,Coca_Cola,Alagoinhas,ALA_L2,5,-999999.2663929999,false,lata
120,Coca_Cola,Alagoinhas,ALA_L2,6,-0.0,false,lata
120,Coca_Cola,Alagoinhas,ALA_L2,7,-0.0,false,lata
120,Coca_Cola,Alagoinhas,ALA_L2,8,-0.0,false,lata
120,Coca_Cola,Alagoinhas,ALA_L2,9,-0.0,false,lata
120,Coca_Cola,Alagoinhas,ALA_L2,10,-0.0,false,lata
120,Coca_Cola,Alagoinhas,ALA_L2,11,-0.0,false,lata
120,Coca_Cola,Alagoinhas,ALA_L2,12,-0.0,false,lata
120,Coca_Cola,Alagoinhas,ALA_L2,13,-0.0,false,lata
120,Coca_Cola,Alagoinhas,ALA_L2,14,-0.0,false,lata
120,Coca_Cola,Alagoinhas,ALA_L2,15,-0.0,false,lata
120,Coca_Cola,Alagoinhas,ALA_L3,1,-0.0,false,lata
120,Coca_Cola,Alagoinhas,ALA_L3,2,-0.0,false,lata
120,Coca_Cola,Alagoinhas,ALA_L3,3,-999999.4942691,false,lata
120,Coca_Cola,Alagoinhas,ALA_L3,4,-0.0,false,lata
120,Coca_Cola,Alagoinhas,ALA_L3,5,-0.0,false,lata
120,Coca_Cola,Alagoinhas,ALA_L3,6,-0.0,false,lata
120,Coca_Cola,Alagoinhas,ALA_L3,7,-0.0,false,lata
120,Coca_Cola,Alagoinhas,ALA_L3,8,-0.0,false,lata
120,Coca_Cola,Alagoinhas,ALA_L3,9,-0.0,false,lata
120,Coca_Cola,Alagoinhas,ALA_L3,10,-0.0,false,lata
120,Coca_Cola,Alagoinhas,ALA_L3,11,-0.0,false,lata
120,Coca_Cola,Alagoinhas,ALA_L3,12,-0.0,false,lata
120,Coca_Cola,Alagoinhas,ALA_L3,13,-0.0,false,lata
120,Coca_Cola,Alagoinhas,ALA_L3,14,-0.0,false,lata
120,Coca_Cola,Alagoinhas,ALA_L3,15,-0.0,false,lata
120,Coca_Cola,Frutal,FRU_L1,1,-0.0,false,lata
120,Coca_Cola,Frutal,FRU_L1,2,-0.0,false,lata
120,Coca_Cola,Frutal,FRU_L1,3,-0.0,false,lata
120,Coca_Cola,Frutal,FRU_L1,4,-0.0,false,lata
120,Coca_Cola,Frutal,FRU_L1,5,-999999.2155736999,false,lata
120,Coca_Cola,Frutal,FRU_L1,6,-0.0,false,lata
120,Coca_Cola,Frutal,FRU_L1,7,-0.0,false,lata
120,Coca_Cola,Frutal,FRU_L1,8,-0.0,false,lata
120,Coca_Cola,Frutal,FRU_L1,9,-0.0,false,lata
120,Coca_Cola,Frutal,FRU_L1,10,-0.0,false,lata
120,Coca_Cola,Frutal,FRU_L1,11,-0.0,false,lata
120,Coca_Cola,Frutal,FRU_L1,12,-0.0,false,lata
120,Coca_Cola,Frutal,FRU_L1,13,-0.0,false,lata
120,Coca_Cola,Frutal,FRU_L1,14,-0.0,false,lata
120,Coca_Cola,Frutal,FRU_L1,15,-999999.16014755,false,lata
120,Coca_Cola,Frutal,FRU_L2,1,-0.0,false,lata
120,Coca_Cola,Frutal,FRU_L2,2,-0.0,false,lata
120,Coca_Cola,Frutal,FRU_L2,3,-0.0,false,lata
120,Coca_Cola,Frutal,FRU_L2,4,-0.0,false,lata
120,Coca_Cola,Frutal,FRU_L2,5,-0.0,false,lata
120,Coca_Cola,Frutal,FRU_L2,6,-0.0,false,lata
120,Coca_Cola,Frutal,FRU_L2,7,-0.0,false,lata
120,Coca_Cola,Frutal,FRU_L2,8,-0.0,false,lata
120,Coca_Cola,Frutal,FRU_L2,9,-0.0,false,lata
120,Coca_Cola,Frutal,FRU_L2,10,-0.0,false,lata
120,Coca_Cola,Frutal,FRU_L2,11,-0.0,false,lata
120,Coca_Cola,Frutal,FRU_L2,12,-0.0,false,lata
120,Coca_Cola,Frutal,FRU_L2,13,-0.0,false,lata
120,Coca_Cola,Frutal,FRU_L2,14,-0.0,false,lata
120,Coca_Cola,Frutal,FRU_L2,15,-0.0,false,lata
120,Coca_Cola,Frutal,FRU_L3,1,-0.0,false,lata
120,Coca_Cola,Frutal,FRU_L3,2,-0.0,false,lata
120,Coca_Cola,Frutal,FRU_L3,3,-0.0,false,lata
120,Coca_Cola,Frutal,FRU_L3,4,-0.0,false,lata
120,Coca_Cola,Frutal,FRU_L3,5,-0.0,false,lata
120,Coca_Cola,Frutal,FRU_L3,6,-0.0,false,lata
120,Coca_Cola,Frutal,FRU_L3,7,-0.0,false,lata
120,Coca_Cola,Frutal,FRU_L3,8,-0.0,false,lata
120,Coca_Cola,Frutal,FRU_L3,9,-0.0,false,lata
120,Coca_Cola,Frutal,FRU_L3,10,-0.0,false,lata
120,Coca_Cola,Frutal,FRU_L3,11,-0.0,false,lata
120,Coca_Cola,Frutal,FRU_L3,12,-0.0,false,lata
120,Coca_Cola,Frutal,FRU_L3,13,-0.0,false,lata
120,Coca_Cola,Frutal,FRU_L3,14,-0.0,false,lata
120,Coca_Cola,Frutal,FRU_L3,15,-0.0,false,lata
120,Coca_Cola,Pouso Alegre,POU_L1,1,-0.0,false,lata
120,Coca_Cola,Pouso Alegre,POU_L1,2,-0.0,false,lata
120,Coca_Cola,Pouso Alegre,POU_L1,3,-0.0,false,lata
120,Coca_Cola,Pouso Alegre,POU_L1,4,-0.0,false,lata
120,Coca_Cola,Pouso Alegre,POU_L1,5,-0.0,false,lata
120,Coca_Cola,Pouso Alegre,POU_L1,6,-0.0,false,lata
120,Coca_Cola,Pouso Alegre,POU_L1,7,-0.0,false,lata
120,Coca_Cola,Pouso Alegre,POU_L1,8,-0.0,false,lata
120,Coca_Cola,Pouso Alegre,POU_L1,9,-0.0,false,lata
120,Coca_Cola,Pouso Alegre,POU_L1,10,-0.0,false,lata
120,Coca_Cola,Pouso Alegre,POU_L1,11,-0.0,false,lata
120,Coca_Cola,Pouso Alegre,POU_L1,12,-0.0,false,lata
120,Coca_Cola,Pouso Alegre,POU_L1,13,-0.0,false,lata
120,Coca_Cola,Pouso Alegre,POU_L1,14,-0.0,false,lata
120,Coca_Cola,Pouso Alegre,POU_L1,15,-0.0,false,lata
120,Coca_Cola,Pouso Alegre,POU_L2,1,-0.0,false,lata
120,Coca_Cola,Pouso Alegre,POU_L2,2,-0.0,false,lata
120,Coca_Cola,Pouso Alegre,POU_L2,3,-999999.43593885,false,lata
120,Coca_Cola,Pouso Alegre,POU_L2,4,-0.0,false,lata
120,Coca_Cola,Pouso Alegre,POU_L2,5,-0.0,false,lata
120,Coca_Cola,Pouso Alegre,POU_L2,6,-0.0,false,lata
120,Coca_Cola,Pouso Alegre,POU_L2,7,-0.0,false,lata
120,Coca_Cola,Pouso Alegre,POU_L2,8,-0.0,false,lata
120,Coca_Cola,Pouso Alegre,POU_L2,9,-0.0,false,lata
120,Coca_Cola,Pouso Alegre,POU_L2,10,-0.0,false,lata
120,Coca_Cola,Pouso Alegre,POU_L2,11,-0.0,false,lata
120,Coca_Cola,Pouso Alegre,POU_L2,12,-999999.3482882001,false,lata
120,Coca_Cola,Pouso Alegre,POU_L2,13,-0.0,false,lata
120,Coca_Cola,Pouso Alegre,POU_L2,14,-0.0,false,lata
120,Coca_Cola,Pouso Alegre,POU_L2,15,-0.0,false,lata
120,Coca_Cola,Pouso Alegre,POU_L3,1,-0.0,false,lata
120,Coca_Cola,Pouso Alegre,POU_L3,2,-0.0,false,lata
120,Coca_Cola,Pouso Alegre,POU_L3,3,-0.0,false,lata
120,Coca_Cola,Pouso Alegre,POU_L3,4,-0.0,false,lata
120,Coca_Cola,Pouso Alegre,POU_L3,5,-0.0,false,lata
120,Coca_Cola,Pouso Alegre,POU_L3,6,-0.0,false,lata
120,Coca_Cola,Pouso Alegre,POU_L3,7,-0.0,false,lata
120,Coca_Cola,Pouso Alegre,POU_L3,8,-0.0,false,lata
120,Coca_Cola,Pouso Alegre,POU_L3,9,-0.0,false,lata
120,Coca_Cola,Pouso Alegre,POU_L3,10,-0.0,false,lata
120,Coca_Cola,Pouso Alegre,POU_L3,11,-0.0,false,lata
120,Coca_Cola,Pouso Alegre,POU_L3,12,-0.0,false,lata
120,Coca_Cola,Pouso Alegre,POU_L3,13,-0.0,false,lata
120,Coca_Cola,Pouso Alegre,POU_L3,14,-0.0,false,lata
120,Coca_Cola,Pouso Alegre,POU_L3,15,-0.0,false,lata
120,Coca_Cola,Gama,GAM_L1,1,-0.0,false,lata
120,Coca_Cola,Gama,GAM_L1,2,-0.0,false,lata
120,Coca_Cola,Gama,GAM_L1,3,-0.0,false,lata
120,Coca_Cola,Gama,GAM_L1,4,-0.0,false,lata
120,Coca_Cola,Gama,GAM_L1,5,-0.0,false,lata
120,Coca_Cola,Gama,GAM_L1,6,-0.0,false,lata
120,Coca_Cola,Gama,GAM_L1,7,-0.0,false,lata
120,Coca_Cola,Gama,GAM_L1,8,-0.0,false,lata
120,Coca_Cola,Gama,GAM_L1,9,-999999.5962091503,false,lata
120,Coca_Cola,Gama,GAM_L1,10,-0.0,false,lata
120,Coca_Cola,Gama,GAM_L1,11,-0.0,false,lata
120,Coca_Cola,Gama,GAM_L1,12,-999999.37643585,false,lata
120,Coca_Cola,Gama,GAM_L1,13,-0.0,false,lata
120,Coca_Cola,Gama,GAM_L1,14,-0.0,false,lata
120,Coca_Cola,Gama,GAM_L1,15,-0.0,false,lata
120,Coca_Cola,Gama,GAM_L2,1,-0.0,false,lata
120,Coca_Cola,Gama,GAM_L2,2,-0.0,false,lata
120,Coca_Cola,Gama,GAM_L2,3,-0.0,false,lata
120,Coca_Cola,Gama,GAM_L2,4,-0.0,false,lata
120,Coca_Cola,Gama,GAM_L2,5,-0.0,false,lata
120,Coca_Cola,Gama,GAM_L2,6,-0.0,false,lata
120,Coca_Cola,Gama,GAM_L2,7,-0.0,false,lata
120,Coca_Cola,Gama,GAM_L2,8,-0.0,false,lata
120,Coca_Cola,Gama,GAM_L2,9,-0.0,false,lata
120,Coca_Cola,Gama,GAM_L2,10,-0.0,false,lata
120,Coca_Cola,Gama,GAM_L2,11,-0.0,false,lata
120,Coca_Cola,Gama,GAM_L2,12,-0.0,false,lata
120,Coca_Cola,Gama,GAM_L2,13,-0.0,false,lata
120,Coca_Cola,Gama,GAM_L2,14,-0.0,false,lata
120,Coca_Cola,Gama,GAM_L2,15,-0.0,false,lata
120,Coca_Cola,Gama,GAM_L3,1,-0.0,false,lata
120,Coca_Cola,Gama,GAM_L3,2,-0.0,false,lata
120,Coca_Cola,Gama,GAM_L3,3,-0.0,false,lata
120,Coca_Cola,Gama,GAM_L3,4,-0.0,false,lata
120,Coca_Cola,Gama,GAM_L3,5,-0.0,false,lata
120,Coca_Cola,Gama,GAM_L3,6,-0.0,false,lata
120,Coca_Cola,Gama,GAM_L3,7,-0.0,false,lata
120,Coca_Cola,Gama,GAM_L3,8,-0.0,false,lata
120,Coca_Cola,Gama,GAM_L3,9,-0.0,false,lata
120,Coca_Cola,Gama,GAM_L3,10,-0.0,false,lata
120,Coca_Cola,Gama,GAM_L3,11,-0.0,false,lata
120,Coca_Cola,Gama,GAM_L3,12,-0.0,false,lata
120,Coca_Cola,Gama,GAM_L3,13,-999999.5681779496,false,lata
120,Coca_Cola,Gama,GAM_L3,14,-0.0,false,lata
120,Coca_Cola,Gama,GAM_L3,15,-0.0,false,lata
120,Coca_Cola,Viamao,VIA_L1,1,-0.0,false,lata
120,Coca_Cola,Viamao,VIA_L1,2,-0.0,false,lata
120,Coca_Cola,Viamao,VIA_L1,3,-0.0,false,lata
120,Coca_Cola,Viamao,VIA_L1,4,-0.0,false,lata
120,Coca_Cola,Viamao,VIA_L1,5,-0.0,false,lata
120,Coca_Cola,Viamao,VIA_L1,6,-0.0,false,lata
120,Coca_Cola,Viamao,VIA_L1,7,-0.0,false,lata
120,Coca_Cola,Viamao,VIA_L1,8,-0.0,false,lata
120,Coca_Cola,Viamao,VIA_L1,9,-0.0,false,lata
120,Coca_Cola,Viamao,VIA_L1,10,-0.0,false,lata
120,Coca_Cola,Viamao,VIA_L1,11,-0.0,false,lata
120,Coca_Cola,Viamao,VIA_L1,12,-0.0,false,lata
120,Coca_Cola,Viamao,VIA_L1,13,-0.0,false,lata
120,Coca_Cola,Viamao,VIA_L1,14,-0.0,false,lata
120,Coca_Cola,Viamao,VIA_L1,15,-0.0,false,lata
120,Coca_Cola,Viamao,VIA_L2,1,-0.0,false,lata
120,Coca_Cola,Viamao,VIA_L2,2,-0.0,false,lata
120,Coca_Cola,Viamao,VIA_L2,3,-0.0,false,lata
120,Coca_Cola,Viamao,VIA_L2,4,-0.0,false,lata
120,Coca_Cola,Viamao,VIA_L2,5,-0.0,false,lata
120,Coca_Cola,Viamao,VIA_L2,6,-0.0,false,lata
120,Coca_Cola,Viamao,VIA_L2,7,-0.0,false,lata
120,Coca_Cola,Viamao,VIA_L2,8,-0.0,false,lata
120,Coca_Cola,Viamao,VIA_L2,9,-0.0,false,lata
120,Coca_Cola,Viamao,VIA_L2,10,-0.0,false,lata
120,Coca_Cola,Viamao,VIA_L2,11,-0.0,false,lata
120,Coca_Cola,Viamao,VIA_L2,12,-999999.3821341501,false,lata
120,Coca_Cola,Viamao,VIA_L2,13,-999999.5710616997,false,lata
120,Coca_Cola,Viamao,VIA_L2,14,-0.0,false,lata
120,Coca_Cola,Viamao,VIA_L2,15,-0.0,false,lata
120,Coca_Cola,Viamao,VIA_L3,1,-0.0,false,lata
120,Coca_Cola,Viamao,VIA_L3,2,-0.0,false,lata
120,Coca_Cola,Viamao,VIA_L3,3,-999999.39311005,false,lata
120,Coca_Cola,Viamao,VIA_L3,4,-0.0,false,lata
120,Coca_Cola,Viamao,VIA_L3,5,-0.0,false,lata
120,Coca_Cola,Viamao,VIA_L3,6,-0.0,false,lata
120,Coca_Cola,Viamao,VIA_L3,7,-0.0,false,lata
120,Coca_Cola,Viamao,VIA_L3,8,-0.0,false,lata
120,Coca_Cola,Viamao,VIA_L3,9,-0.0,false,lata
120,Coca_Cola,Viamao,VIA_L3,10,-0.0,false,lata
120,Coca_Cola,Viamao,VIA_L3,11,-0.0,false,lata
120,Coca_Cola,Viamao,VIA_L3,12,-0.0,false,lata
120,Coca_Cola,Viamao,VIA_L3,13,-0.0,false,lata
120,Coca_Cola,Viamao,VIA_L3,14,-999999.0365417998,false,lata
120,Coca_Cola,Viamao,VIA_L3,15,-0.0,false,lata
120,Coca_Cola,Itupeva,ITU_L1,1,-0.0,false,lata
120,Coca_Cola,Itupeva,ITU_L1,2,-0.0,false,lata
120,Coca_Cola,Itupeva,ITU_L1,3,-0.0,false,lata
120,Coca_Cola,Itupeva,ITU_L1,4,-0.0,false,lata
120,Coca_Cola,Itupeva,ITU_L1,5,-0.0,false,lata
120,Coca_Cola,Itupeva,ITU_L1,6,-0.0,false,lata
120,Coca_Cola,Itupeva,ITU_L1,7,-0.0,false,lata
120,Coca_Cola,Itupeva,ITU_L1,8,-0.0,false,lata
120,Coca_Cola,Itupeva,ITU_L1,9,-0.0,false,lata
120,Coca_Cola,Itupeva,ITU_L1,10,-0.0,false,lata
120,Coca_Cola,Itupeva,ITU_L1,11,-0.0,false,lata
120,Coca_Cola,Itupeva,ITU_L1,12,-0.0,false,lata
120,Coca_Cola,Itupeva,ITU_L1,13,-0.0,false,lata
120,Coca_Cola,Itupeva,ITU_L1,14,-0.0,false,lata
120,Coca_Cola,Itupeva,ITU_L1,15,-0.0,false,lata
120,Coca_Cola,Itupeva,ITU_L2,1,-0.0,false,lata
120,Coca_Cola,Itupeva,ITU_L2,2,-0.0,false,lata
120,Coca_Cola,Itupeva,ITU_L2,3,-999999.42998795,false,lata
120,Coca_Cola,Itupeva,ITU_L2,4,-0.0,false,lata
120,Coca_Cola,Itupeva,ITU_L2,5,-0.0,false,lata
120,Coca_Cola,Itupeva,ITU_L2,6,-0.0,false,lata
120,Coca_Cola,Itupeva,ITU_L2,7,-0.0,false,lata
120,Coca_Cola,Itupeva,ITU_L2,8,-0.0,false,lata
120,Coca_Cola,Itupeva,ITU_L2,9,-0.0,false,lata
120,Coca_Cola,Itupeva,ITU_L2,10,-0.0,false,lata
120,Coca_Cola,Itupeva,ITU_L2,11,-0.0,false,lata
120,Coca_Cola,Itupeva,ITU_L2,12,-0.0,false,lata
120,Coca_Cola,Itupeva,ITU_L2,13,-0.0,false,lata
120,Coca_Cola,Itupeva,ITU_L2,14,-0.0,false,lata
120,Coca_Cola,Itupeva,ITU_L2,15,-0.0,false,lata
120,Coca_Cola,Itupeva,ITU_L3,1,-999999.3638837998,false,lata
120,Coca_Cola,Itupeva,ITU_L3,2,-0.0,false,lata
120,Coca_Cola,Itupeva,ITU_L3,3,-0.0,false,lata
120,Coca_Cola,Itupeva,ITU_L3,4,-0.0,false,lata
120,Coca_Cola,Itupeva,ITU_L3,5,-0.0,false,lata
120,Coca_Cola,Itupeva,ITU_L3,6,-0.0,false,lata
120,Coca_Cola,Itupeva,ITU_L3,7,-0.0,false,lata
120,Coca_Cola,Itupeva,ITU_L3,8,-0.0,false,lata
120,Coca_Cola,Itupeva,ITU_L3,9,-0.0,false,lata
120,Coca_Cola,Itupeva,ITU_L3,10,-0.0,false,lata
120,Coca_Cola,Itupeva,ITU_L3,11,-0.0,false,lata
120,Coca_Cola,Itupeva,ITU_L3,12,-0.0,false,lata
120,Coca_Cola,Itupeva,ITU_L3,13,-999999.5369983497,false,lata
120,Coca_Cola,Itupeva,ITU_L3,14,-0.0,false,lata
120,Coca_Cola,Itupeva,ITU_L3,15,-0.0,false,lata
120,Coca_Cola,Cabo de Santo Agostinho,CAB_L1,1,-0.0,false,lata
120,Coca_Cola,Cabo de Santo Agostinho,CAB_L1,2,-0.0,false,lata
120,Coca_Cola,Cabo de Santo Agostinho,CAB_L1,3,-0.0,false,lata
120,Coca_Cola,Cabo de Santo Agostinho,CAB_L1,4,-0.0,false,lata
120,Coca_Cola,Cabo de Santo Agostinho,CAB_L1,5,-0.0,false,lata
120,Coca_Cola,Cabo de Santo Agostinho,CAB_L1,6,-0.0,false,lata
120,Coca_Cola,Cabo de Santo Agostinho,CAB_L1,7,-0.0,false,lata
120,Coca_Cola,Cabo de Santo Agostinho,CAB_L1,8,-0.0,false,lata
120,Coca_Cola,Cabo de Santo Agostinho,CAB_L1,9,-0.0,false,lata
120,Coca_Cola,Cabo de Santo Agostinho,CAB_L1,10,-0.0,false,lata
120,Coca_Cola,Cabo de Santo Agostinho,CAB_L1,11,-0.0,false,lata
120,Coca_Cola,Cabo de Santo Agostinho,CAB_L1,12,-0.0,false,lata
120,Coca_Cola,Cabo de Santo Agostinho,CAB_L1,13,-0.0,false,lata
120,Coca_Cola,Cabo de Santo Agostinho,CAB_L1,14,-0.0,false,lata
120,Coca_Cola,Cabo de Santo Agostinho,CAB_L1,15,-0.0,false,lata
120,Coca_Cola,Cabo de Santo Agostinho,CAB_L2,1,-0.0,false,lata
120,Coca_Cola,Cabo de Santo Agostinho,CAB_L2,2,-999999.2262384,false,lata
120,Coca_Cola,Cabo de Santo Agostinho,CAB_L2,3,-0.0,false,lata
120,Coca_Cola,Cabo de Santo Agostinho,CAB_L2,4,-0.0,false,lata
120,Coca_Cola,Cabo de Santo Agostinho,CAB_L2,5,-0.0,false,lata
120,Coca_Cola,Cabo de Santo Agostinho,CAB_L2,6,-0.0,false,lata
120,Coca_Cola,Cabo de Santo Agostinho,CAB_L2,7,-0.0,false,lata
120,Coca_Cola,Cabo de Santo Agostinho,CAB_L2,8,-0.0,false,lata
120,Coca_Cola,Cabo de Santo Agostinho,CAB_L2,9,-0.0,false,lata
120,Coca_Cola,Cabo de Santo Agostinho,CAB_L2,10,-0.0,false,lata
120,Coca_Cola,Cabo de Santo Agostinho,CAB_L2,11,-0.0,false,lata
120,Coca_Cola,Cabo de Santo Agostinho,CAB_L2,12,-0.0,false,lata
120,Coca_Cola,Cabo de Santo Agostinho,CAB_L2,13,-0.0,false,lata
120,Coca_Cola,Cabo de Santo Agostinho,CAB_L2,14,-0.0,false,lata
120,Coca_Cola,Cabo de Santo Agostinho,CAB_L2,15,-0.0,false,lata
120,Coca_Cola,Cabo de Santo Agostinho,CAB_L3,1,-0.0,false,lata
120,Coca_Cola,Cabo de Santo Agostinho,CAB_L3,2,-0.0,false,lata
120,Coca_Cola,Cabo de Santo Agostinho,CAB_L3,3,-0.0,false,lata
120,Coca_Cola,Cabo de Santo Agostinho,CAB_L3,4,-0.0,false,lata
120,Coca_Cola,Cabo de Santo Agostinho,CAB_L3,5,-0.0,false,lata
120,Coca_Cola,Cabo de Santo Agostinho,CAB_L3,6,-0.0,false,lata
120,Coca_Cola,Cabo de Santo Agostinho,CAB_L3,7,-0.0,false,lata
120,Coca_Cola,Cabo de Santo Agostinho,CAB_L3,8,-0.0,false,lata
120,Coca_Cola,Cabo de Santo Agostinho,CAB_L3,9,-0.0,false,lata
120,Coca_Cola,Cabo de Santo Agostinho,CAB_L3,10,-0.0,false,lata
120,Coca_Cola,Cabo de Santo Agostinho,CAB_L3,11,-0.0,false,lata
120,Coca_Cola,Cabo de Santo Agostinho,CAB_L3,12,-0.0,false,lata
120,Coca_Cola,Cabo de Santo Agostinho,CAB_L3,13,-999999.6186940996,false,lata
120,Coca_Cola,Cabo de Santo Agostinho,CAB_L3,14,-0.0,false,lata
120,Coca_Cola,Cabo de Santo Agostinho,CAB_L3,15,-0.0,false,lata
120,Sukita_Laranja,Jacarei,JAC_L1,1,-0.0,false,lata
120,Sukita_Laranja,Jacarei,JAC_L1,2,-0.0,false,lata
120,Sukita_Laranja,Jacarei,JAC_L1,3,-0.0,false,lata
120,Sukita_Laranja,Jacarei,JAC_L1,4,-999999.7238213,false,lata
120,Sukita_Laranja,Jacarei,JAC_L1,5,-0.0,false,lata
120,Sukita_Laranja,Jacarei,JAC_L1,6,-0.0,false,lata
120,Sukita_Laranja,Jacarei,JAC_L1,7,-0.0,false,lata
120,Sukita_Laranja,Jacarei,JAC_L1,8,-0.0,false,lata
120,Sukita_Laranja,Jacarei,JAC_L1,9,-0.0,false,lata
120,Sukita_Laranja,Jacarei,JAC_L1,10,-999999.6834581001,false,lata
120,Sukita_Laranja,Jacarei,JAC_L1,11,-999999.9600092501,false,lata
120,Sukita_Laranja,Jacarei,JAC_L1,12,-0.0,false,lata
120,Sukita_Laranja,Jacarei,JAC_L1,13,-0.0,false,lata
120,Sukita_Laranja,Jacarei,JAC_L1,14,-0.0,false,lata
120,Sukita_Laranja,Jacarei,JAC_L1,15,-0.0,false,lata
120,Sukita_Laranja,Jacarei,JAC_L2,1,-0.0,false,lata
120,Sukita_Laranja,Jacarei,JAC_L2,2,-0.0,false,lata
120,Sukita_Laranja,Jacarei,JAC_L2,3,-0.0,false,lata
120,Sukita_Laranja,Jacarei,JAC_L2,4,-999999.72590765,false,lata
120,Sukita_Laranja,Jacarei,JAC_L2,5,-0.0,false,lata
120,Sukita_Laranja,Jacarei,JAC_L2,6,-0.0,false,lata
120,Sukita_Laranja,Jacarei,JAC_L2,7,-0.0,false,lata
120,Sukita_Laranja,Jacarei,JAC_L2,8,-0.0,false,lata
120,Sukita_Laranja,Jacarei,JAC_L2,9,-0.0,false,lata
120,Sukita_Laranja,Jacarei,JAC_L2,10,-0.0,false,lata
120,Sukita_Laranja,Jacarei,JAC_L2,11,-0.0,false,lata
120,Sukita_Laranja,Jacarei,JAC_L2,12,-999999.45813135,false,lata
120,Sukita_Laranja,Jacarei,JAC_L2,13,-0.0,false,lata
120,Sukita_Laranja,Jacarei,JAC_L2,14,-0.0,false,lata
120,Sukita_Laranja,Jacarei,JAC_L2,15,-999998.62782825,false,lata
120,Sukita_Laranja,Jacarei,JAC_L3,1,-0.0,false,lata
120,Sukita_Laranja,Jacarei,JAC_L3,2,-0.0,false,lata
120,Sukita_Laranja,Jacarei,JAC_L3,3,-0.0,false,lata
120,Sukita_Laranja,Jacarei,JAC_L3,4,-0.0,false,lata
120,Sukita_Laranja,Jacarei,JAC_L3,5,-0.0,false,lata
120,Sukita_Laranja,Jacarei,JAC_L3,6,-0.0,false,lata
120,Sukita_Laranja,Jacarei,JAC_L3,7,-0.0,false,lata
120,Sukita_Laranja,Jacarei,JAC_L3,8,-0.0,false,lata
120,Sukita_Laranja,Jacarei,JAC_L3,9,-999999.39740925,false,lata
120,Sukita_Laranja,Jacarei,JAC_L3,10,-0.0,false,lata
120,Sukita_Laranja,Jacarei,JAC_L3,11,-0.0,false,lata
120,Sukita_Laranja,Jacarei,JAC_L3,12,-999999.45813135,false,lata
120,Sukita_Laranja,Jacarei,JAC_L3,13,-0.0,false,lata
120,Sukita_Laranja,Jacarei,JAC_L3,14,-0.0,false,lata
120,Sukita_Laranja,Jacarei,JAC_L3,15,-0.0,false,lata
120,Sukita_Laranja,Extrema,EXT_L1,1,-0.0,false,lata
120,Sukita_Laranja,Extrema,EXT_L1,2,-0.0,false,lata
120,Sukita_Laranja,Extrema,EXT_L1,3,-0.0,false,lata
120,Sukita_Laranja,Extrema,EXT_L1,4,-0.0,false,lata
120,Sukita_Laranja,Extrema,EXT_L1,5,-0.0,false,lata
120,Sukita_Laranja,Extrema,EXT_L1,6,-0.0,false,lata
120,Sukita_Laranja,Extrema,EXT_L1,7,-0.0,false,lata
120,Sukita_Laranja,Extrema,EXT_L1,8,-0.0,false,lata
120,Sukita_Laranja,Extrema,EXT_L1,9,-0.0,false,lata
120,Sukita_Laranja,Extrema,EXT_L1,10,-0.0,false,lata
120,Sukita_Laranja,Extrema,EXT_L1,11,-0.0,false,lata
120,Sukita_Laranja,Extrema,EXT_L1,12,-0.0,false,lata
120,Sukita_Laranja,Extrema,EXT_L1,13,-0.0,false,lata
120,Sukita_Laranja,Extrema,EXT_L1,14,-0.0,false,lata
120,Sukita_Laranja,Extrema,EXT_L1,15,-0.0,false,lata
120,Sukita_Laranja,Extrema,EXT_L2,1,-0.0,false,lata
120,Sukita_Laranja,Extrema,EXT_L2,2,-0.0,false,lata
120,Sukita_Laranja,Extrema,EXT_L2,3,-0.0,false,lata
120,Sukita_Laranja,Extrema,EXT_L2,4,-0.0,false,lata
120,Sukita_Laranja,Extrema,EXT_L2,5,-0.0,false,lata
120,Sukita_Laranja,Extrema,EXT_L2,6,-0.0,false,lata
120,Sukita_Laranja,Extrema,EXT_L2,7,-0.0,false,lata
120,Sukita_Laranja,Extrema,EXT_L2,8,-0.0,false,lata
120,Sukita_Laranja,Extrema,EXT_L2,9,-0.0,false,lata
120,Sukita_Laranja,Extrema,EXT_L2,10,-999999.68077225,false,lata
120,Sukita_Laranja,Extrema,EXT_L2,11,-0.0,false,lata
120,Sukita_Laranja,Extrema,EXT_L2,12,-0.0,false,lata
120,Sukita_Laranja,Extrema,EXT_L2,13,-0.0,false,lata
120,Sukita_Laranja,Extrema,EXT_L2,14,-0.0,false,lata
120,Sukita_Laranja,Extrema,EXT_L2,15,-0.0,false,lata
120,Sukita_Laranja,Extrema,EXT_L3,1,-0.0,false,lata
120,Sukita_Laranja,Extrema,EXT_L3,2,-0.0,false,lata
120,Sukita_Laranja,Extrema,EXT_L3,3,-0.0,false,lata
120,Sukita_Laranja,Extrema,EXT_L3,4,-0.0,false,lata
120,Sukita_Laranja,Extrema,EXT_L3,5,-0.0,false,lata
120,Sukita_Laranja,Extrema,EXT_L3,6,-0.0,false,lata
120,Sukita_Laranja,Extrema,EXT_L3,7,-0.0,false,lata
120,Sukita_Laranja,Extrema,EXT_L3,8,-0.0,false,lata
120,Sukita_Laranja,Extrema,EXT_L3,9,-0.0,false,lata
120,Sukita_Laranja,Extrema,EXT_L3,10,-0.0,false,lata
120,Sukita_Laranja,Extrema,EXT_L3,11,-0.0,false,lata
120,Sukita_Laranja,Extrema,EXT_L3,12,-0.0,false,lata
120,Sukita_Laranja,Extrema,EXT_L3,13,-0.0,false,lata
120,Sukita_Laranja,Extrema,EXT_L3,14,-0.0,false,lata
120,Sukita_Laranja,Extrema,EXT_L3,15,-0.0,false,lata
120,Sukita_Laranja,Tres Rios,TRE_L1,1,-0.0,false,lata
120,Sukita_Laranja,Tres Rios,TRE_L1,2,-0.0,false,lata
120,Sukita_Laranja,Tres Rios,TRE_L1,3,-999999.4514453498,false,lata
120,Sukita_Laranja,Tres Rios,TRE_L1,4,-0.0,false,lata
120,Sukita_Laranja,Tres Rios,TRE_L1,5,-0.0,false,lata
120,Sukita_Laranja,Tres Rios,TRE_L1,6,-999998.6807250996,false,lata
120,Sukita_Laranja,Tres Rios,TRE_L1,7,-0.0,false,lata
120,Sukita_Laranja,Tres Rios,TRE_L1,8,-0.0,false,lata
120,Sukita_Laranja,Tres Rios,TRE_L1,9,-0.0,false,lata
120,Sukita_Laranja,Tres Rios,TRE_L1,10,-0.0,false,lata
120,Sukita_Laranja,Tres Rios,TRE_L1,11,-0.0,false,lata
120,Sukita_Laranja,Tres Rios,TRE_L1,12,-0.0,false,lata
120,Sukita_Laranja,Tres Rios,TRE_L1,13,-0.0,false,lata
120,Sukita_Laranja,Tres Rios,TRE_L1,14,-0.0,false,lata
120,Sukita_Laranja,Tres Rios,TRE_L1,15,-0.0,false,lata
120,Sukita_Laranja,Tres Rios,TRE_L2,1,-0.0,false,lata
120,Sukita_Laranja,Tres Rios,TRE_L2,2,-0.0,false,lata
120,Sukita_Laranja,Tres Rios,TRE_L2,3,-0.0,false,lata
120,Sukita_Laranja,Tres Rios,TRE_L2,4,-0.0,false,lata
120,Sukita_Laranja,Tres Rios,TRE_L2,5,-0.0,false,lata
120,Sukita_Laranja,Tres Rios,TRE_L2,6,-0.0,false,lata
120,Sukita_Laranja,Tres Rios,TRE_L2,7,-0.0,false,lata
120,Sukita_Laranja,Tres Rios,TRE_L2,8,-0.0,false,lata
120,Sukita_Laranja,Tres Rios,TRE_L2,9,-0.0,false,lata
120,Sukita_Laranja,Tres Rios,TRE_L2,10,-0.0,false,lata
120,Sukita_Laranja,Tres Rios,TRE_L2,11,-0.0,false,lata
120,Sukita_Laranja,Tres Rios,TRE_L2,12,-0.0,false,lata
120,Sukita_Laranja,Tres Rios,TRE_L2,13,-999999.7319391498,false,lata
120,Sukita_Laranja,Tres Rios,TRE_L2,14,-0.0,false,lata
120,Sukita_Laranja,Tres Rios,TRE_L2,15,-0.0,false,lata
120,Sukita_Laranja,Tres Rios,TRE_L3,1,-0.0,false,lata
120,Sukita_Laranja,Tres Rios,TRE_L3,2,-999999.1686411499,false,lata
120,Sukita_Laranja,Tres Rios,TRE_L3,3,-0.0,false,lata
120,Sukita_Laranja,Tres Rios,TRE_L3,4,-999999.7371007999,false,lata
120,Sukita_Laranja,Tres Rios,TRE_L3,5,-0.0,false,lata
120,Sukita_Laranja,Tres Rios,TRE_L3,6,-0.0,false,lata
120,Sukita_Laranja,Tres Rios,TRE_L3,7,-0.0,false,lata
120,Sukita_Laranja,Tres Rios,TRE_L3,8,-0.0,false,lata
120,Sukita_Laranja,Tres Rios,TRE_L3,9,-0.0,false,lata
120,Sukita_Laranja,Tres Rios,TRE_L3,10,-0.0,false,lata
120,Sukita_Laranja,Tres Rios,TRE_L3,11,-0.0,false,lata
120,Sukita_Laranja,Tres Rios,TRE_L3,12,-0.0,false,lata
120,Sukita_Laranja,Tres Rios,TRE_L3,13,-999999.7319391498,false,lata
120,Sukita_Laranja,Tres Rios,TRE_L3,14,-0.0,false,lata
120,Sukita_Laranja,Tres Rios,TRE_L3,15,-0.0,false,lata
120,Sukita_Laranja,Alagoinhas,ALA_L1,1,-0.0,false,lata
120,Sukita_Laranja,Alagoinhas,ALA_L1,2,-0.0,false,lata
120,Sukita_Laranja,Alagoinhas,ALA_L1,3,-0.0,false,lata
120,Sukita_Laranja,Alagoinhas,ALA_L1,4,-0.0,false,lata
120,Sukita_Laranja,Alagoinhas,ALA_L1,5,-0.0,false,lata
120,Sukita_Laranja,Alagoinhas,ALA_L1,6,-0.0,false,lata
120,Sukita_Laranja,Alagoinhas,ALA_L1,7,-0.0,false,lata
120,Sukita_Laranja,Alagoinhas,ALA_L1,8,-0.0,false,lata
120,Sukita_Laranja,Alagoinhas,ALA_L1,9,-0.0,false,lata
120,Sukita_Laranja,Alagoinhas,ALA_L1,10,-0.0,false,lata
120,Sukita_Laranja,Alagoinhas,ALA_L1,11,-0.0,false,lata
120,Sukita_Laranja,Alagoinhas,ALA_L1,12,-0.0,false,lata
120,Sukita_Laranja,Alagoinhas,ALA_L1,13,-0.0,false,lata
120,Sukita_Laranja,Alagoinhas,ALA_L1,14,-0.0,false,lata
120,Sukita_Laranja,Alagoinhas,ALA_L1,15,-0.0,false,lata
120,Sukita_Laranja,Alagoinhas,ALA_L2,1,-0.0,false,lata
120,Sukita_Laranja,Alagoinhas,ALA_L2,2,-0.0,false,lata
120,Sukita_Laranja,Alagoinhas,ALA_L2,3,-0.0,false,lata
120,Sukita_Laranja,Alagoinhas,ALA_L2,4,-0.0,false,lata
120,Sukita_Laranja,Alagoinhas,ALA_L2,5,-0.0,false,lata
120,Sukita_Laranja,Alagoinhas,ALA_L2,6,-0.0,false,lata
120,Sukita_Laranja,Alagoinhas,ALA_L2,7,-0.0,false,lata
120,Sukita_Laranja,Alagoinhas,ALA_L2,8,-0.0,false,lata
120,Sukita_Laranja,Alagoinhas,ALA_L2,9,-0.0,false,lata
120,Sukita_Laranja,Alagoinhas,ALA_L2,10,-0.0,false,lata
120,Sukita_Laranja,Alagoinhas,ALA_L2,11,-0.0,false,lata
120,Sukita_Laranja,Alagoinhas,ALA_L2,12,-0.0,false,lata
120,Sukita_Laranja,Alagoinhas,ALA_L2,13,-0.0,false,lata
120,Sukita_Laranja,Alagoinhas,ALA_L2,14,-0.0,false,lata
120,Sukita_Laranja,Alagoinhas,ALA_L2,15,-0.0,false,lata
120,Sukita_Laranja,Alagoinhas,ALA_L3,1,-0.0,false,lata
120,Sukita_Laranja,Alagoinhas,ALA_L3,2,-0.0,false,lata
120,Sukita_Laranja,Alagoinhas,ALA_L3,3,-0.0,false,lata
120,Sukita_Laranja,Alagoinhas,ALA_L3,4,-999999.7847276999,false,lata
120,Sukita_Laranja,Alagoinhas,ALA_L3,5,-0.0,false,lata
120,Sukita_Laranja,Alagoinhas,ALA_L3,6,-0.0,false,lata
120,Sukita_Laranja,Alagoinhas,ALA_L3,7,-0.0,false,lata
120,Sukita_Laranja,Alagoinhas,ALA_L3,8,-0.0,false,lata
120,Sukita_Laranja,Alagoinhas,ALA_L3,9,-0.0,false,lata
120,Sukita_Laranja,Alagoinhas,ALA_L3,10,-999999.6722441502,false,lata
120,Sukita_Laranja,Alagoinhas,ALA_L3,11,-0.0,false,lata
120,Sukita_Laranja,Alagoinhas,ALA_L3,12,-0.0,false,lata
120,Sukita_Laranja,Alagoinhas,ALA_L3,13,-0.0,false,lata
120,Sukita_Laranja,Alagoinhas,ALA_L3,14,-0.0,false,lata
120,Sukita_Laranja,Alagoinhas,ALA_L3,15,-0.0,false,lata
120,Sukita_Laranja,Frutal,FRU_L1,1,-0.0,false,lata
120,Sukita_Laranja,Frutal,FRU_L1,2,-0.0,false,lata
120,Sukita_Laranja,Frutal,FRU_L1,3,-0.0,false,lata
120,Sukita_Laranja,Frutal,FRU_L1,4,-0.0,false,lata
120,Sukita_Laranja,Frutal,FRU_L1,5,-0.0,false,lata
120,Sukita_Laranja,Frutal,FRU_L1,6,-0.0,false,lata
120,Sukita_Laranja,Frutal,FRU_L1,7,-0.0,false,lata
120,Sukita_Laranja,Frutal,FRU_L1,8,-0.0,false,lata
120,Sukita_Laranja,Frutal,FRU_L1,9,-0.0,false,lata
120,Sukita_Laranja,Frutal,FRU_L1,10,-0.0,false,lata
120,Sukita_Laranja,Frutal,FRU_L1,11,-0.0,false,lata
120,Sukita_Laranja,Frutal,FRU_L1,12,-0.0,false,lata
120,Sukita_Laranja,Frutal,FRU_L1,13,-0.0,false,lata
120,Sukita_Laranja,Frutal,FRU_L1,14,-0.0,false,lata
120,Sukita_Laranja,Frutal,FRU_L1,15,-0.0,false,lata
120,Sukita_Laranja,Frutal,FRU_L2,1,-0.0,false,lata
120,Sukita_Laranja,Frutal,FRU_L2,2,-0.0,false,lata
120,Sukita_Laranja,Frutal,FRU_L2,3,-999999.4567105,false,lata
120,Sukita_Laranja,Frutal,FRU_L2,4,-0.0,false,lata
120,Sukita_Laranja,Frutal,FRU_L2,5,-0.0,false,lata
120,Sukita_Laranja,Frutal,FRU_L2,6,-0.0,false,lata
120,Sukita_Laranja,Frutal,FRU_L2,7,-0.0,false,lata
120,Sukita_Laranja,Frutal,FRU_L2,8,-0.0,false,lata
120,Sukita_Laranja,Frutal,FRU_L2,9,-0.0,false,lata
120,Sukita_Laranja,Frutal,FRU_L2,10,-0.0,false,lata
120,Sukita_Laranja,Frutal,FRU_L2,11,-0.0,false,lata
120,Sukita_Laranja,Frutal,FRU_L2,12,-0.0,false,lata
120,Sukita_Laranja,Frutal,FRU_L2,13,-0.0,false,lata
120,Sukita_Laranja,Frutal,FRU_L2,14,-0.0,false,lata
120,Sukita_Laranja,Frutal,FRU_L2,15,-0.0,false,lata
120,Sukita_Laranja,Frutal,FRU_L3,1,-0.0,false,lata
120,Sukita_Laranja,Frutal,FRU_L3,2,-0.0,false,lata
120,Sukita_Laranja,Frutal,FRU_L3,3,-0.0,false,lata
120,Sukita_Laranja,Frutal,FRU_L3,4,-0.0,false,lata
120,Sukita_Laranja,Frutal,FRU_L3,5,-0.0,false,lata
120,Sukita_Laranja,Frutal,FRU_L3,6,-0.0,false,lata
120,Sukita_Laranja,Frutal,FRU_L3,7,-0.0,false,lata
120,Sukita_Laranja,Frutal,FRU_L3,8,-0.0,false,lata
120,Sukita_Laranja,Frutal,FRU_L3,9,-0.0,false,lata
120,Sukita_Laranja,Frutal,FRU_L3,10,-0.0,false,lata
120,Sukita_Laranja,Frutal,FRU_L3,11,-999999.9722490001,false,lata
120,Sukita_Laranja,Frutal,FRU_L3,12,-0.0,false,lata
120,Sukita_Laranja,Frutal,FRU_L3,13,-0.0,false,lata
120,Sukita_Laranja,Frutal,FRU_L3,14,-0.0,false,lata
120,Sukita_Laranja,Frutal,FRU_L3,15,-0.0,false,lata
120,Sukita_Laranja,Pouso Alegre,POU_L1,1,-0.0,false,lata
120,Sukita_Laranja,Pouso Alegre,POU_L1,2,-0.0,false,lata
120,Sukita_Laranja,Pouso Alegre,POU_L1,3,-0.0,false,lata
120,Sukita_Laranja,Pouso Alegre,POU_L1,4,-0.0,false,lata
120,Sukita_Laranja,Pouso Alegre,POU_L1,5,-0.0,false,lata
120,Sukita_Laranja,Pouso Alegre,POU_L1,6,-0.0,false,lata
120,Sukita_Laranja,Pouso Alegre,POU_L1,7,-0.0,false,lata
120,Sukita_Laranja,Pouso Alegre,POU_L1,8,-0.0,false,lata
120,Sukita_Laranja,Pouso Alegre,POU_L1,9,-0.0,false,lata
120,Sukita_Laranja,Pouso Alegre,POU_L1,10,-0.0,false,lata
120,Sukita_Laranja,Pouso Alegre,POU_L1,11,-0.0,false,lata
120,Sukita_Laranja,Pouso Alegre,POU_L1,12,-0.0,false,lata
120,Sukita_Laranja,Pouso Alegre,POU_L1,13,-0.0,false,lata
120,Sukita_Laranja,Pouso Alegre,POU_L1,14,-0.0,false,lata
120,Sukita_Laranja,Pouso Alegre,POU_L1,15,-0.0,false,lata
120,Sukita_Laranja,Pouso Alegre,POU_L2,1,-0.0,false,lata
120,Sukita_Laranja,Pouso Alegre,POU_L2,2,-0.0,false,lata
120,Sukita_Laranja,Pouso Alegre,POU_L2,3,-0.0,false,lata
120,Sukita_Laranja,Pouso Alegre,POU_L2,4,-0.0,false,lata
120,Sukita_Laranja,Pouso Alegre,POU_L2,5,-0.0,false,lata
120,Sukita_Laranja,Pouso Alegre,POU_L2,6,-0.0,false,lata
120,Sukita_Laranja,Pouso Alegre,POU_L2,7,-999998.9583765997,false,lata
120,Sukita_Laranja,Pouso Alegre,POU_L2,8,-0.0,false,lata
120,Sukita_Laranja,Pouso Alegre,POU_L2,9,-0.0,false,lata
120,Sukita_Laranja,Pouso Alegre,POU_L2,10,-0.0,false,lata
120,Sukita_Laranja,Pouso Alegre,POU_L2,11,-0.0,false,lata
120,Sukita_Laranja,Pouso Alegre,POU_L2,12,-0.0,false,lata
120,Sukita_Laranja,Pouso Alegre,POU_L2,13,-0.0,false,lata
120,Sukita_Laranja,Pouso Alegre,POU_L2,14,-0.0,false,lata
120,Sukita_Laranja,Pouso Alegre,POU_L2,15,-0.0,false,lata
120,Sukita_Laranja,Pouso Alegre,POU_L3,1,-0.0,false,lata
120,Sukita_Laranja,Pouso Alegre,POU_L3,2,-0.0,false,lata
120,Sukita_Laranja,Pouso Alegre,POU_L3,3,-0.0,false,lata
120,Sukita_Laranja,Pouso Alegre,POU_L3,4,-999999.7261710999,false,lata
120,Sukita_Laranja,Pouso Alegre,POU_L3,5,-0.0,false,lata
120,Sukita_Laranja,Pouso Alegre,POU_L3,6,-0.0,false,lata
120,Sukita_Laranja,Pouso Alegre,POU_L3,7,-0.0,false,lata
120,Sukita_Laranja,Pouso Alegre,POU_L3,8,-0.0,false,lata
120,Sukita_Laranja,Pouso Alegre,POU_L3,9,-0.0,false,lata
120,Sukita_Laranja,Pouso Alegre,POU_L3,10,-0.0,false,lata
120,Sukita_Laranja,Pouso Alegre,POU_L3,11,-0.0,false,lata
120,Sukita_Laranja,Pouso Alegre,POU_L3,12,-0.0,false,lata
120,Sukita_Laranja,Pouso Alegre,POU_L3,13,-0.0,false,lata
120,Sukita_Laranja,Pouso Alegre,POU_L3,14,-0.0,false,lata
120,Sukita_Laranja,Pouso Alegre,POU_L3,15,-999998.6280954,false,lata
120,Sukita_Laranja,Gama,GAM_L1,1,-0.0,false,lata
120,Sukita_Laranja,Gama,GAM_L1,2,-0.0,false,lata
120,Sukita_Laranja,Gama,GAM_L1,3,-0.0,false,lata
120,Sukita_Laranja,Gama,GAM_L1,4,-0.0,false,lata
120,Sukita_Laranja,Gama,GAM_L1,5,-999998.6114014998,false,lata
120,Sukita_Laranja,Gama,GAM_L1,6,-0.0,false,lata
120,Sukita_Laranja,Gama,GAM_L1,7,-0.0,false,lata
120,Sukita_Laranja,Gama,GAM_L1,8,-0.0,false,lata
120,Sukita_Laranja,Gama,GAM_L1,9,-0.0,false,lata
120,Sukita_Laranja,Gama,GAM_L1,10,-999999.7139200501,false,lata
120,Sukita_Laranja,Gama,GAM_L1,11,-0.0,false,lata
120,Sukita_Laranja,Gama,GAM_L1,12,-0.0,false,lata
120,Sukita_Laranja,Gama,GAM_L1,13,-0.0,false,lata
120,Sukita_Laranja,Gama,GAM_L1,14,-0.0,false,lata
120,Sukita_Laranja,Gama,GAM_L1,15,-0.0,false,lata
120,Sukita_Laranja,Gama,GAM_L2,1,-0.0,false,lata
120,Sukita_Laranja,Gama,GAM_L2,2,-0.0,false,lata
120,Sukita_Laranja,Gama,GAM_L2,3,-0.0,false,lata
120,Sukita_Laranja,Gama,GAM_L2,4,-999999.7552588,false,lata
120,Sukita_Laranja,Gama,GAM_L2,5,-0.0,false,lata
120,Sukita_Laranja,Gama,GAM_L2,6,-0.0,false,lata
120,Sukita_Laranja,Gama,GAM_L2,7,-0.0,false,lata
120,Sukita_Laranja,Gama,GAM_L2,8,-0.0,false,lata
120,Sukita_Laranja,Gama,GAM_L2,9,-0.0,false,lata
120,Sukita_Laranja,Gama,GAM_L2,10,-999999.7139200501,false,lata
120,Sukita_Laranja,Gama,GAM_L2,11,-0.0,false,lata
120,Sukita_Laranja,Gama,GAM_L2,12,-0.0,false,lata
120,Sukita_Laranja,Gama,GAM_L2,13,-0.0,false,lata
120,Sukita_Laranja,Gama,GAM_L2,14,-0.0,false,lata
120,Sukita_Laranja,Gama,GAM_L2,15,-0.0,false,lata
120,Sukita_Laranja,Gama,GAM_L3,1,-0.0,false,lata
120,Sukita_Laranja,Gama,GAM_L3,2,-0.0,false,lata
120,Sukita_Laranja,Gama,GAM_L3,3,-999999.4723574499,false,lata
120,Sukita_Laranja,Gama,GAM_L3,4,-0.0,false,lata
120,Sukita_Laranja,Gama,GAM_L3,5,-0.0,false,lata
120,Sukita_Laranja,Gama,GAM_L3,6,-0.0,false,lata
120,Sukita_Laranja,Gama,GAM_L3,7,-0.0,false,lata
120,Sukita_Laranja,Gama,GAM_L3,8,-999999.2625938997,false,lata
120,Sukita_Laranja,Gama,GAM_L3,9,-0.0,false,lata
120,Sukita_Laranja,Gama,GAM_L3,10,-0.0,false,lata
120,Sukita_Laranja,Gama,GAM_L3,11,-0.0,false,lata
120,Sukita_Laranja,Gama,GAM_L3,12,-0.0,false,lata
120,Sukita_Laranja,Gama,GAM_L3,13,-0.0,false,lata
120,Sukita_Laranja,Gama,GAM_L3,14,-0.0,false,lata
120,Sukita_Laranja,Gama,GAM_L3,15,-0.0,false,lata
120,Sukita_Laranja,Viamao,VIA_L1,1,-0.0,false,lata
120,Sukita_Laranja,Viamao,VIA_L1,2,-0.0,false,lata
120,Sukita_Laranja,Viamao,VIA_L1,3,-0.0,false,lata
120,Sukita_Laranja,Viamao,VIA_L1,4,-0.0,false,lata
120,Sukita_Laranja,Viamao,VIA_L1,5,-0.0,false,lata
120,Sukita_Laranja,Viamao,VIA_L1,6,-0.0,false,lata
120,Sukita_Laranja,Viamao,VIA_L1,7,-0.0,false,lata
120,Sukita_Laranja,Viamao,VIA_L1,8,-0.0,false,lata
120,Sukita_Laranja,Viamao,VIA_L1,9,-0.0,false,lata
120,Sukita_Laranja,Viamao,VIA_L1,10,-0.0,false,lata
120,Sukita_Laranja,Viamao,VIA_L1,11,-0.0,false,lata
120,Sukita_Laranja,Viamao,VIA_L1,12,-0.0,false,lata
120,Sukita_Laranja,Viamao,VIA_L1,13,-0.0,false,lata
120,Sukita_Laranja,Viamao,VIA_L1,14,-999999.7628288001,false,lata
120,Sukita_Laranja,Viamao,VIA_L1,15,-0.0,false,lata
120,Sukita_Laranja,Viamao,VIA_L2,1,-0.0,false,lata
120,Sukita_Laranja,Viamao,VIA_L2,2,-0.0,false,lata
120,Sukita_Laranja,Viamao,VIA_L2,3,-999999.4766908999,false,lata
120,Sukita_Laranja,Viamao,VIA_L2,4,-0.0,false,lata
120,Sukita_Laranja,Viamao,VIA_L2,5,-0.0,false,lata
120,Sukita_Laranja,Viamao,VIA_L2,6,-999998.7067327497,false,lata
120,Sukita_Laranja,Viamao,VIA_L2,7,-0.0,false,lata
120,Sukita_Laranja,Viamao,VIA_L2,8,-0.0,false,lata
120,Sukita_Laranja,Viamao,VIA_L2,9,-0.0,false,lata
120,Sukita_Laranja,Viamao,VIA_L2,10,-0.0,false,lata
120,Sukita_Laranja,Viamao,VIA_L2,11,-0.0,false,lata
120,Sukita_Laranja,Viamao,VIA_L2,12,-0.0,false,lata
120,Sukita_Laranja,Viamao,VIA_L2,13,-0.0,false,lata
120,Sukita_Laranja,Viamao,VIA_L2,14,-999999.7628288001,false,lata
120,Sukita_Laranja,Viamao,VIA_L2,15,-0.0,false,lata
120,Sukita_Laranja,Viamao,VIA_L3,1,-0.0,false,lata
120,Sukita_Laranja,Viamao,VIA_L3,2,-0.0,false,lata
120,Sukita_Laranja,Viamao,VIA_L3,3,-0.0,false,lata
120,Sukita_Laranja,Viamao,VIA_L3,4,-0.0,false,lata
120,Sukita_Laranja,Viamao,VIA_L3,5,-0.0,false,lata
120,Sukita_Laranja,Viamao,VIA_L3,6,-0.0,false,lata
120,Sukita_Laranja,Viamao,VIA_L3,7,-0.0,false,lata
120,Sukita_Laranja,Viamao,VIA_L3,8,-0.0,false,lata
120,Sukita_Laranja,Viamao,VIA_L3,9,-0.0,false,lata
120,Sukita_Laranja,Viamao,VIA_L3,10,-0.0,false,lata
120,Sukita_Laranja,Viamao,VIA_L3,11,-0.0,false,lata
120,Sukita_Laranja,Viamao,VIA_L3,12,-0.0,false,lata
120,Sukita_Laranja,Viamao,VIA_L3,13,-0.0,false,lata
120,Sukita_Laranja,Viamao,VIA_L3,14,-0.0,false,lata
120,Sukita_Laranja,Viamao,VIA_L3,15,-0.0,false,lata
120,Sukita_Laranja,Itupeva,ITU_L1,1,-0.0,false,lata
120,Sukita_Laranja,Itupeva,ITU_L1,2,-0.0,false,lata
120,Sukita_Laranja,Itupeva,ITU_L1,3,-0.0,false,lata
120,Sukita_Laranja,Itupeva,ITU_L1,4,-0.0,false,lata
120,Sukita_Laranja,Itupeva,ITU_L1,5,-0.0,false,lata
120,Sukita_Laranja,Itupeva,ITU_L1,6,-0.0,false,lata
120,Sukita_Laranja,Itupeva,ITU_L1,7,-999998.9591744497,false,lata
120,Sukita_Laranja,Itupeva,ITU_L1,8,-0.0,false,lata
120,Sukita_Laranja,Itupeva,ITU_L1,9,-0.0,false,lata
120,Sukita_Laranja,Itupeva,ITU_L1,10,-0.0,false,lata
120,Sukita_Laranja,Itupeva,ITU_L1,11,-0.0,false,lata
120,Sukita_Laranja,Itupeva,ITU_L1,12,-0.0,false,lata
120,Sukita_Laranja,Itupeva,ITU_L1,13,-0.0,false,lata
120,Sukita_Laranja,Itupeva,ITU_L1,14,-0.0,false,lata
120,Sukita_Laranja,Itupeva,ITU_L1,15,-0.0,false,lata
120,Sukita_Laranja,Itupeva,ITU_L2,1,-0.0,false,lata
120,Sukita_Laranja,Itupeva,ITU_L2,2,-0.0,false,lata
120,Sukita_Laranja,Itupeva,ITU_L2,3,-999999.4398129999,false,lata
120,Sukita_Laranja,Itupeva,ITU_L2,4,-0.0,false,lata
120,Sukita_Laranja,Itupeva,ITU_L2,5,-0.0,false,lata
120,Sukita_Laranja,Itupeva,ITU_L2,6,-0.0,false,lata
120,Sukita_Laranja,Itupeva,ITU_L2,7,-0.0,false,lata
120,Sukita_Laranja,Itupeva,ITU_L2,8,-999999.2331969497,false,lata
120,Sukita_Laranja,Itupeva,ITU_L2,9,-0.0,false,lata
120,Sukita_Laranja,Itupeva,ITU_L2,10,-0.0,false,lata
120,Sukita_Laranja,Itupeva,ITU_L2,11,-999999.96107425,false,lata
120,Sukita_Laranja,Itupeva,ITU_L2,12,-0.0,false,lata
120,Sukita_Laranja,Itupeva,ITU_L2,13,-0.0,false,lata
120,Sukita_Laranja,Itupeva,ITU_L2,14,-0.0,false,lata
120,Sukita_Laranja,Itupeva,ITU_L2,15,-0.0,false,lata
120,Sukita_Laranja,Itupeva,ITU_L3,1,-0.0,false,lata
120,Sukita_Laranja,Itupeva,ITU_L3,2,-0.0,false,lata
120,Sukita_Laranja,Itupeva,ITU_L3,3,-999999.4429604999,false,lata
120,Sukita_Laranja,Itupeva,ITU_L3,4,-0.0,false,lata
120,Sukita_Laranja,Itupeva,ITU_L3,5,-0.0,false,lata
120,Sukita_Laranja,Itupeva,ITU_L3,6,-0.0,false,lata
120,Sukita_Laranja,Itupeva,ITU_L3,7,-0.0,false,lata
120,Sukita_Laranja,Itupeva,ITU_L3,8,-0.0,false,lata
120,Sukita_Laranja,Itupeva,ITU_L3,9,-0.0,false,lata
120,Sukita_Laranja,Itupeva,ITU_L3,10,-0.0,false,lata
120,Sukita_Laranja,Itupeva,ITU_L3,11,-0.0,false,lata
120,Sukita_Laranja,Itupeva,ITU_L3,12,-0.0,false,lata
120,Sukita_Laranja,Itupeva,ITU_L3,13,-0.0,false,lata
120,Sukita_Laranja,Itupeva,ITU_L3,14,-0.0,false,lata
120,Sukita_Laranja,Itupeva,ITU_L3,15,-0.0,false,lata
120,Sukita_Laranja,Cabo de Santo Agostinho,CAB_L1,1,-0.0,false,lata
120,Sukita_Laranja,Cabo de Santo Agostinho,CAB_L1,2,-0.0,false,lata
120,Sukita_Laranja,Cabo de Santo Agostinho,CAB_L1,3,-0.0,false,lata
120,Sukita_Laranja,Cabo de Santo Agostinho,CAB_L1,4,-0.0,false,lata
120,Sukita_Laranja,Cabo de Santo Agostinho,CAB_L1,5,-0.0,false,lata
120,Sukita_Laranja,Cabo de Santo Agostinho,CAB_L1,6,-0.0,false,lata
120,Sukita_Laranja,Cabo de Santo Agostinho,CAB_L1,7,-0.0,false,lata
120,Sukita_Laranja,Cabo de Santo Agostinho,CAB_L1,8,-0.0,false,lata
120,Sukita_Laranja,Cabo de Santo Agostinho,CAB_L1,9,-0.0,false,lata
120,Sukita_Laranja,Cabo de Santo Agostinho,CAB_L1,10,-999999.6483037001,false,lata
120,Sukita_Laranja,Cabo de Santo Agostinho,CAB_L1,11,-0.0,false,lata
120,Sukita_Laranja,Cabo de Santo Agostinho,CAB_L1,12,-0.0,false,lata
120,Sukita_Laranja,Cabo de Santo Agostinho,CAB_L1,13,-999999.8033431998,false,lata
120,Sukita_Laranja,Cabo de Santo Agostinho,CAB_L1,14,-0.0,false,lata
120,Sukita_Laranja,Cabo de Santo Agostinho,CAB_L1,15,-0.0,false,lata
120,Sukita_Laranja,Cabo de Santo Agostinho,CAB_L2,1,-0.0,false,lata
120,Sukita_Laranja,Cabo de Santo Agostinho,CAB_L2,2,-0.0,false,lata
120,Sukita_Laranja,Cabo de Santo Agostinho,CAB_L2,3,-0.0,false,lata
120,Sukita_Laranja,Cabo de Santo Agostinho,CAB_L2,4,-0.0,false,lata
120,Sukita_Laranja,Cabo de Santo Agostinho,CAB_L2,5,-0.0,false,lata
120,Sukita_Laranja,Cabo de Santo Agostinho,CAB_L2,6,-0.0,false,lata
120,Sukita_Laranja,Cabo de Santo Agostinho,CAB_L2,7,-0.0,false,lata
120,Sukita_Laranja,Cabo de Santo Agostinho,CAB_L2,8,-0.0,false,lata
120,Sukita_Laranja,Cabo de Santo Agostinho,CAB_L2,9,-0.0,false,lata
120,Sukita_Laranja,Cabo de Santo Agostinho,CAB_L2,10,-0.0,false,lata
120,Sukita_Laranja,Cabo de Santo Agostinho,CAB_L2,11,-0.0,false,lata
120,Sukita_Laranja,Cabo de Santo Agostinho,CAB_L2,12,-0.0,false,lata
120,Sukita_Laranja,Cabo de Santo Agostinho,CAB_L2,13,-999999.8033431998,false,lata
120,Sukita_Laranja,Cabo de Santo Agostinho,CAB_L2,14,-999999.8023419001,false,lata
120,Sukita_Laranja,Cabo de Santo Agostinho,CAB_L2,15,-0.0,false,lata
120,Sukita_Laranja,Cabo de Santo Agostinho,CAB_L3,1,-0.0,false,lata
120,Sukita_Laranja,Cabo de Santo Agostinho,CAB_L3,2,-0.0,false,lata
120,Sukita_Laranja,Cabo de Santo Agostinho,CAB_L3,3,-0.0,false,lata
120,Sukita_Laranja,Cabo de Santo Agostinho,CAB_L3,4,-0.0,false,lata
120,Sukita_Laranja,Cabo de Santo Agostinho,CAB_L3,5,-0.0,false,lata
120,Sukita_Laranja,Cabo de Santo Agostinho,CAB_L3,6,-0.0,false,lata
120,Sukita_Laranja,Cabo de Santo Agostinho,CAB_L3,7,-0.0,false,lata
120,Sukita_Laranja,Cabo de Santo Agostinho,CAB_L3,8,-999999.3147291497,false,lata
120,Sukita_Laranja,Cabo de Santo Agostinho,CAB_L3,9,-0.0,false,lata
120,Sukita_Laranja,Cabo de Santo Agostinho,CAB_L3,10,-0.0,false,lata
120,Sukita_Laranja,Cabo de Santo Agostinho,CAB_L3,11,-0.0,false,lata
120,Sukita_Laranja,Cabo de Santo Agostinho,CAB_L3,12,-0.0,false,lata
120,Sukita_Laranja,Cabo de Santo Agostinho,CAB_L3,13,-0.0,false,lata
120,Sukita_Laranja,Cabo de Santo Agostinho,CAB_L3,14,-0.0,false,lata
120,Sukita_Laranja,Cabo de Santo Agostinho,CAB_L3,15,-0.0,false,lata
120,H2OH_Limao,Jacarei,JAC_L1,1,-0.0,false,lata
120,H2OH_Limao,Jacarei,JAC_L1,2,-0.0,false,lata
120,H2OH_Limao,Jacarei,JAC_L1,3,-0.0,false,lata
120,H2OH_Limao,Jacarei,JAC_L1,4,-0.0,false,lata
120,H2OH_Limao,Jacarei,JAC_L1,5,-999999.8410838997,false,lata
120,H2OH_Limao,Jacarei,JAC_L1,6,-0.0,false,lata
120,H2OH_Limao,Jacarei,JAC_L1,7,-0.0,false,lata
120,H2OH_Limao,Jacarei,JAC_L1,8,-0.0,false,lata
120,H2OH_Limao,Jacarei,JAC_L1,9,-0.0,false,lata
120,H2OH_Limao,Jacarei,JAC_L1,10,-0.0,false,lata
120,H2OH_Limao,Jacarei,JAC_L1,11,-0.0,false,lata
120,H2OH_Limao,Jacarei,JAC_L1,12,-0.0,false,lata
120,H2OH_Limao,Jacarei,JAC_L1,13,-0.0,false,lata
120,H2OH_Limao,Jacarei,JAC_L1,14,-0.0,false,lata
120,H2OH_Limao,Jacarei,JAC_L1,15,-0.0,false,lata
120,H2OH_Limao,Jacarei,JAC_L2,1,-0.0,false,lata
120,H2OH_Limao,Jacarei,JAC_L2,2,-0.0,false,lata
120,H2OH_Limao,Jacarei,JAC_L2,3,-0.0,false,lata
120,H2OH_Limao,Jacarei,JAC_L2,4,-0.0,false,lata
120,H2OH_Limao,Jacarei,JAC_L2,5,-0.0,false,lata
120,H2OH_Limao,Jacarei,JAC_L2,6,-0.0,false,lata
120,H2OH_Limao,Jacarei,JAC_L2,7,-0.0,false,lata
120,H2OH_Limao,Jacarei,JAC_L2,8,-0.0,false,lata
120,H2OH_Limao,Jacarei,JAC_L2,9,-0.0,false,lata
120,H2OH_Limao,Jacarei,JAC_L2,10,-0.0,false,lata
120,H2OH_Limao,Jacarei,JAC_L2,11,-0.0,false,lata
120,H2OH_Limao,Jacarei,JAC_L2,12,-0.0,false,lata
120,H2OH_Limao,Jacarei,JAC_L2,13,-999999.97151655,false,lata
120,H2OH_Limao,Jacarei,JAC_L2,14,-0.0,false,lata
120,H2OH_Limao,Jacarei,JAC_L2,15,-0.0,false,lata
120,H2OH_Limao,Jacarei,JAC_L3,1,-0.0,false,lata
120,H2OH_Limao,Jacarei,JAC_L3,2,-0.0,false,lata
120,H2OH_Limao,Jacarei,JAC_L3,3,-0.0,false,lata
120,H2OH_Limao,Jacarei,JAC_L3,4,-999999.8473150501,false,lata
120,H2OH_Limao,Jacarei,JAC_L3,5,-0.0,false,lata
120,H2OH_Limao,Jacarei,JAC_L3,6,-0.0,false,lata
120,H2OH_Limao,Jacarei,JAC_L3,7,-0.0,false,lata
120,H2OH_Limao,Jacarei,JAC_L3,8,-999999.7048616498,false,lata
120,H2OH_Limao,Jacarei,JAC_L3,9,-0.0,false,lata
120,H2OH_Limao,Jacarei,JAC_L3,10,-0.0,false,lata
120,H2OH_Limao,Jacarei,JAC_L3,11,-0.0,false,lata
120,H2OH_Limao,Jacarei,JAC_L3,12,-0.0,false,lata
120,H2OH_Limao,Jacarei,JAC_L3,13,-0.0,false,lata
120,H2OH_Limao,Jacarei,JAC_L3,14,-0.0,false,lata
120,H2OH_Limao,Jacarei,JAC_L3,15,-0.0,false,lata
120,H2OH_Limao,Extrema,EXT_L1,1,-0.0,false,lata
120,H2OH_Limao,Extrema,EXT_L1,2,-0.0,false,lata
120,H2OH_Limao,Extrema,EXT_L1,3,-0.0,false,lata
120,H2OH_Limao,Extrema,EXT_L1,4,-0.0,false,lata
120,H2OH_Limao,Extrema,EXT_L1,5,-0.0,false,lata
120,H2OH_Limao,Extrema,EXT_L1,6,-0.0,false,lata
120,H2OH_Limao,Extrema,EXT_L1,7,-0.0,false,lata
120,H2OH_Limao,Extrema,EXT_L1,8,-0.0,false,lata
120,H2OH_Limao,Extrema,EXT_L1,9,-0.0,false,lata
120,H2OH_Limao,Extrema,EXT_L1,10,-0.0,false,lata
120,H2OH_Limao,Extrema,EXT_L1,11,-0.0,false,lata
120,H2OH_Limao,Extrema,EXT_L1,12,-0.0,false,lata
120,H2OH_Limao,Extrema,EXT_L1,13,-0.0,false,lata
120,H2OH_Limao,Extrema,EXT_L1,14,-0.0,false,lata
120,H2OH_Limao,Extrema,EXT_L1,15,-0.0,false,lata
120,H2OH_Limao,Extrema,EXT_L2,1,-0.0,false,lata
120,H2OH_Limao,Extrema,EXT_L2,2,-0.0,false,lata
120,H2OH_Limao,Extrema,EXT_L2,3,-999999.93337915,false,lata
120,H2OH_Limao,Extrema,EXT_L2,4,-0.0,false,lata
120,H2OH_Limao,Extrema,EXT_L2,5,-0.0,false,lata
120,H2OH_Limao,Extrema,EXT_L2,6,-0.0,false,lata
120,H2OH_Limao,Extrema,EXT_L2,7,-0.0,false,lata
120,H2OH_Limao,Extrema,EXT_L2,8,-0.0,false,lata
120,H2OH_Limao,Extrema,EXT_L2,9,-0.0,false,lata
120,H2OH_Limao,Extrema,EXT_L2,10,-0.0,false,lata
120,H2OH_Limao,Extrema,EXT_L2,11,-0.0,false,lata
120,H2OH_Limao,Extrema,EXT_L2,12,-0.0,false,lata
120,H2OH_Limao,Extrema,EXT_L2,13,-0.0,false,lata
120,H2OH_Limao,Extrema,EXT_L2,14,-0.0,false,lata
120,H2OH_Limao,Extrema,EXT_L2,15,-0.0,false,lata
120,H2OH_Limao,Extrema,EXT_L3,1,-0.0,false,lata
120,H2OH_Limao,Extrema,EXT_L3,2,-0.0,false,lata
120,H2OH_Limao,Extrema,EXT_L3,3,-0.0,false,lata
120,H2OH_Limao,Extrema,EXT_L3,4,-999999.8462491501,false,lata
120,H2OH_Limao,Extrema,EXT_L3,5,-0.0,false,lata
120,H2OH_Limao,Extrema,EXT_L3,6,-0.0,false,lata
120,H2OH_Limao,Extrema,EXT_L3,7,-0.0,false,lata
120,H2OH_Limao,Extrema,EXT_L3,8,-0.0,false,lata
120,H2OH_Limao,Extrema,EXT_L3,9,-0.0,false,lata
120,H2OH_Limao,Extrema,EXT_L3,10,-0.0,false,lata
120,H2OH_Limao,Extrema,EXT_L3,11,-0.0,false,lata
120,H2OH_Limao,Extrema,EXT_L3,12,-0.0,false,lata
120,H2OH_Limao,Extrema,EXT_L3,13,-0.0,false,lata
120,H2OH_Limao,Extrema,EXT_L3,14,-0.0,false,lata
120,H2OH_Limao,Extrema,EXT_L3,15,-0.0,false,lata
120,H2OH_Limao,Tres Rios,TRE_L1,1,-0.0,false,lata
120,H2OH_Limao,Tres Rios,TRE_L1,2,-0.0,false,lata
120,H2OH_Limao,Tres Rios,TRE_L1,3,-0.0,false,lata
120,H2OH_Limao,Tres Rios,TRE_L1,4,-0.0,false,lata
120,H2OH_Limao,Tres Rios,TRE_L1,5,-0.0,false,lata
120,H2OH_Limao,Tres Rios,TRE_L1,6,-0.0,false,lata
120,H2OH_Limao,Tres Rios,TRE_L1,7,-0.0,false,lata
120,H2OH_Limao,Tres Rios,TRE_L1,8,-0.0,false,lata
120,H2OH_Limao,Tres Rios,TRE_L1,9,-0.0,false,lata
120,H2OH_Limao,Tres Rios,TRE_L1,10,-0.0,false,lata
120,H2OH_Limao,Tres Rios,TRE_L1,11,-0.0,false,lata
120,H2OH_Limao,Tres Rios,TRE_L1,12,-0.0,false,lata
120,H2OH_Limao,Tres Rios,TRE_L1,13,-0.0,false,lata
120,H2OH_Limao,Tres Rios,TRE_L1,14,-0.0,false,lata
120,H2OH_Limao,Tres Rios,TRE_L1,15,-0.0,false,lata
120,H2OH_Limao,Tres Rios,TRE_L2,1,-0.0,false,lata
120,H2OH_Limao,Tres Rios,TRE_L2,2,-0.0,false,lata
120,H2OH_Limao,Tres Rios,TRE_L2,3,-0.0,false,lata
120,H2OH_Limao,Tres Rios,TRE_L2,4,-0.0,false,lata
120,H2OH_Limao,Tres Rios,TRE_L2,5,-0.0,false,lata
120,H2OH_Limao,Tres Rios,TRE_L2,6,-0.0,false,lata
120,H2OH_Limao,Tres Rios,TRE_L2,7,-0.0,false,lata
120,H2OH_Limao,Tres Rios,TRE_L2,8,-0.0,false,lata
120,H2OH_Limao,Tres Rios,TRE_L2,9,-0.0,false,lata
120,H2OH_Limao,Tres Rios,TRE_L2,10,-0.0,false,lata
120,H2OH_Limao,Tres Rios,TRE_L2,11,-0.0,false,lata
120,H2OH_Limao,Tres Rios,TRE_L2,12,-0.0,false,lata
120,H2OH_Limao,Tres Rios,TRE_L2,13,-0.0,false,lata
120,H2OH_Limao,Tres Rios,TRE_L2,14,-0.0,false,lata
120,H2OH_Limao,Tres Rios,TRE_L2,15,-999999.3400047501,false,lata
120,H2OH_Limao,Tres Rios,TRE_L3,1,-0.0,false,lata
120,H2OH_Limao,Tres Rios,TRE_L3,2,-0.0,false,lata
120,H2OH_Limao,Tres Rios,TRE_L3,3,-0.0,false,lata
120,H2OH_Limao,Tres Rios,TRE_L3,4,-0.0,false,lata
120,H2OH_Limao,Tres Rios,TRE_L3,5,-0.0,false,lata
120,H2OH_Limao,Tres Rios,TRE_L3,6,-0.0,false,lata
120,H2OH_Limao,Tres Rios,TRE_L3,7,-0.0,false,lata
120,H2OH_Limao,Tres Rios,TRE_L3,8,-0.0,false,lata
120,H2OH_Limao,Tres Rios,TRE_L3,9,-0.0,false,lata
120,H2OH_Limao,Tres Rios,TRE_L3,10,-0.0,false,lata
120,H2OH_Limao,Tres Rios,TRE_L3,11,-0.0,false,lata
120,H2OH_Limao,Tres Rios,TRE_L3,12,-0.0,false,lata
120,H2OH_Limao,Tres Rios,TRE_L3,13,-0.0,false,lata
120,H2OH_Limao,Tres Rios,TRE_L3,14,-0.0,false,lata
120,H2OH_Limao,Tres Rios,TRE_L3,15,-0.0,false,lata
120,H2OH_Limao,Alagoinhas,ALA_L1,1,-0.0,false,lata
120,H2OH_Limao,Alagoinhas,ALA_L1,2,-0.0,false,lata
120,H2OH_Limao,Alagoinhas,ALA_L1,3,-0.0,false,lata
120,H2OH_Limao,Alagoinhas,ALA_L1,4,-0.0,false,lata
120,H2OH_Limao,Alagoinhas,ALA_L1,5,-0.0,false,lata
120,H2OH_Limao,Alagoinhas,ALA_L1,6,-0.0,false,lata
120,H2OH_Limao,Alagoinhas,ALA_L1,7,-0.0,false,lata
120,H2OH_Limao,Alagoinhas,ALA_L1,8,-0.0,false,lata
120,H2OH_Limao,Alagoinhas,ALA_L1,9,-0.0,false,lata
120,H2OH_Limao,Alagoinhas,ALA_L1,10,-1.0e6,true,lata
120,H2OH_Limao,Alagoinhas,ALA_L1,11,-0.0,false,lata
120,H2OH_Limao,Alagoinhas,ALA_L1,12,-0.0,false,lata
120,H2OH_Limao,Alagoinhas,ALA_L1,13,-0.0,false,lata
120,H2OH_Limao,Alagoinhas,ALA_L1,14,-0.0,false,lata
120,H2OH_Limao,Alagoinhas,ALA_L1,15,-0.0,false,lata
120,H2OH_Limao,Alagoinhas,ALA_L2,1,-0.0,false,lata
120,H2OH_Limao,Alagoinhas,ALA_L2,2,-0.0,false,lata
120,H2OH_Limao,Alagoinhas,ALA_L2,3,-0.0,false,lata
120,H2OH_Limao,Alagoinhas,ALA_L2,4,-0.0,false,lata
120,H2OH_Limao,Alagoinhas,ALA_L2,5,-0.0,false,lata
120,H2OH_Limao,Alagoinhas,ALA_L2,6,-0.0,false,lata
120,H2OH_Limao,Alagoinhas,ALA_L2,7,-0.0,false,lata
120,H2OH_Limao,Alagoinhas,ALA_L2,8,-0.0,false,lata
120,H2OH_Limao,Alagoinhas,ALA_L2,9,-0.0,false,lata
120,H2OH_Limao,Alagoinhas,ALA_L2,10,-0.0,false,lata
120,H2OH_Limao,Alagoinhas,ALA_L2,11,-0.0,false,lata
120,H2OH_Limao,Alagoinhas,ALA_L2,12,-0.0,false,lata
120,H2OH_Limao,Alagoinhas,ALA_L2,13,-0.0,false,lata
120,H2OH_Limao,Alagoinhas,ALA_L2,14,-0.0,false,lata
120,H2OH_Limao,Alagoinhas,ALA_L2,15,-0.0,false,lata
120,H2OH_Limao,Alagoinhas,ALA_L3,1,-0.0,false,lata
120,H2OH_Limao,Alagoinhas,ALA_L3,2,-0.0,false,lata
120,H2OH_Limao,Alagoinhas,ALA_L3,3,-0.0,false,lata
120,H2OH_Limao,Alagoinhas,ALA_L3,4,-0.0,false,lata
120,H2OH_Limao,Alagoinhas,ALA_L3,5,-0.0,false,lata
120,H2OH_Limao,Alagoinhas,ALA_L3,6,-0.0,false,lata
120,H2OH_Limao,Alagoinhas,ALA_L3,7,-0.0,false,lata
120,H2OH_Limao,Alagoinhas,ALA_L3,8,-0.0,false,lata
120,H2OH_Limao,Alagoinhas,ALA_L3,9,-1.0e6,true,lata
120,H2OH_Limao,Alagoinhas,ALA_L3,10,-0.0,false,lata
120,H2OH_Limao,Alagoinhas,ALA_L3,11,-0.0,false,lata
120,H2OH_Limao,Alagoinhas,ALA_L3,12,-0.0,false,lata
120,H2OH_Limao,Alagoinhas,ALA_L3,13,-0.0,false,lata
120,H2OH_Limao,Alagoinhas,ALA_L3,14,-0.0,false,lata
120,H2OH_Limao,Alagoinhas,ALA_L3,15,-0.0,false,lata
120,H2OH_Limao,Frutal,FRU_L1,1,-0.0,false,lata
120,H2OH_Limao,Frutal,FRU_L1,2,-0.0,false,lata
120,H2OH_Limao,Frutal,FRU_L1,3,-0.0,false,lata
120,H2OH_Limao,Frutal,FRU_L1,4,-0.0,false,lata
120,H2OH_Limao,Frutal,FRU_L1,5,-0.0,false,lata
120,H2OH_Limao,Frutal,FRU_L1,6,-0.0,false,lata
120,H2OH_Limao,Frutal,FRU_L1,7,-0.0,false,lata
120,H2OH_Limao,Frutal,FRU_L1,8,-0.0,false,lata
120,H2OH_Limao,Frutal,FRU_L1,9,-999999.9749792998,false,lata
120,H2OH_Limao,Frutal,FRU_L1,10,-0.0,false,lata
120,H2OH_Limao,Frutal,FRU_L1,11,-0.0,false,lata
120,H2OH_Limao,Frutal,FRU_L1,12,-999999.7157175499,false,lata
120,H2OH_Limao,Frutal,FRU_L1,13,-0.0,false,lata
120,H2OH_Limao,Frutal,FRU_L1,14,-0.0,false,lata
120,H2OH_Limao,Frutal,FRU_L1,15,-0.0,false,lata
120,H2OH_Limao,Frutal,FRU_L2,1,-0.0,false,lata
120,H2OH_Limao,Frutal,FRU_L2,2,-0.0,false,lata
120,H2OH_Limao,Frutal,FRU_L2,3,-0.0,false,lata
120,H2OH_Limao,Frutal,FRU_L2,4,-0.0,false,lata
120,H2OH_Limao,Frutal,FRU_L2,5,-0.0,false,lata
120,H2OH_Limao,Frutal,FRU_L2,6,-0.0,false,lata
120,H2OH_Limao,Frutal,FRU_L2,7,-0.0,false,lata
120,H2OH_Limao,Frutal,FRU_L2,8,-0.0,false,lata
120,H2OH_Limao,Frutal,FRU_L2,9,-999999.9749792998,false,lata
120,H2OH_Limao,Frutal,FRU_L2,10,-0.0,false,lata
120,H2OH_Limao,Frutal,FRU_L2,11,-999999.6630791003,false,lata
120,H2OH_Limao,Frutal,FRU_L2,12,-0.0,false,lata
120,H2OH_Limao,Frutal,FRU_L2,13,-0.0,false,lata
120,H2OH_Limao,Frutal,FRU_L2,14,-0.0,false,lata
120,H2OH_Limao,Frutal,FRU_L2,15,-0.0,false,lata
120,H2OH_Limao,Frutal,FRU_L3,1,-0.0,false,lata
120,H2OH_Limao,Frutal,FRU_L3,2,-0.0,false,lata
120,H2OH_Limao,Frutal,FRU_L3,3,-0.0,false,lata
120,H2OH_Limao,Frutal,FRU_L3,4,-0.0,false,lata
120,H2OH_Limao,Frutal,FRU_L3,5,-0.0,false,lata
120,H2OH_Limao,Frutal,FRU_L3,6,-0.0,false,lata
120,H2OH_Limao,Frutal,FRU_L3,7,-0.0,false,lata
120,H2OH_Limao,Frutal,FRU_L3,8,-0.0,false,lata
120,H2OH_Limao,Frutal,FRU_L3,9,-0.0,false,lata
120,H2OH_Limao,Frutal,FRU_L3,10,-0.0,false,lata
120,H2OH_Limao,Frutal,FRU_L3,11,-0.0,false,lata
120,H2OH_Limao,Frutal,FRU_L3,12,-0.0,false,lata
120,H2OH_Limao,Frutal,FRU_L3,13,-0.0,false,lata
120,H2OH_Limao,Frutal,FRU_L3,14,-0.0,false,lata
120,H2OH_Limao,Frutal,FRU_L3,15,-0.0,false,lata
120,H2OH_Limao,Pouso Alegre,POU_L1,1,-0.0,false,lata
120,H2OH_Limao,Pouso Alegre,POU_L1,2,-0.0,false,lata
120,H2OH_Limao,Pouso Alegre,POU_L1,3,-0.0,false,lata
120,H2OH_Limao,Pouso Alegre,POU_L1,4,-0.0,false,lata
120,H2OH_Limao,Pouso Alegre,POU_L1,5,-0.0,false,lata
120,H2OH_Limao,Pouso Alegre,POU_L1,6,-0.0,false,lata
120,H2OH_Limao,Pouso Alegre,POU_L1,7,-0.0,false,lata
120,H2OH_Limao,Pouso Alegre,POU_L1,8,-0.0,false,lata
120,H2OH_Limao,Pouso Alegre,POU_L1,9,-0.0,false,lata
120,H2OH_Limao,Pouso Alegre,POU_L1,10,-0.0,false,lata
120,H2OH_Limao,Pouso Alegre,POU_L1,11,-0.0,false,lata
120,H2OH_Limao,Pouso Alegre,POU_L1,12,-0.0,false,lata
120,H2OH_Limao,Pouso Alegre,POU_L1,13,-0.0,false,lata
120,H2OH_Limao,Pouso Alegre,POU_L1,14,-0.0,false,lata
120,H2OH_Limao,Pouso Alegre,POU_L1,15,-0.0,false,lata
120,H2OH_Limao,Pouso Alegre,POU_L2,1,-0.0,false,lata
120,H2OH_Limao,Pouso Alegre,POU_L2,2,-0.0,false,lata
120,H2OH_Limao,Pouso Alegre,POU_L2,3,-0.0,false,lata
120,H2OH_Limao,Pouso Alegre,POU_L2,4,-0.0,false,lata
120,H2OH_Limao,Pouso Alegre,POU_L2,5,-0.0,false,lata
120,H2OH_Limao,Pouso Alegre,POU_L2,6,-0.0,false,lata
120,H2OH_Limao,Pouso Alegre,POU_L2,7,-0.0,false,lata
120,H2OH_Limao,Pouso Alegre,POU_L2,8,-999999.7051287998,false,lata
120,H2OH_Limao,Pouso Alegre,POU_L2,9,-0.0,false,lata
120,H2OH_Limao,Pouso Alegre,POU_L2,10,-0.0,false,lata
120,H2OH_Limao,Pouso Alegre,POU_L2,11,-0.0,false,lata
120,H2OH_Limao,Pouso Alegre,POU_L2,12,-0.0,false,lata
120,H2OH_Limao,Pouso Alegre,POU_L2,13,-0.0,false,lata
120,H2OH_Limao,Pouso Alegre,POU_L2,14,-0.0,false,lata
120,H2OH_Limao,Pouso Alegre,POU_L2,15,-0.0,false,lata
120,H2OH_Limao,Pouso Alegre,POU_L3,1,-999999.7360639498,false,lata
120,H2OH_Limao,Pouso Alegre,POU_L3,2,-0.0,false,lata
120,H2OH_Limao,Pouso Alegre,POU_L3,3,-0.0,false,lata
120,H2OH_Limao,Pouso Alegre,POU_L3,4,-0.0,false,lata
120,H2OH_Limao,Pouso Alegre,POU_L3,5,-0.0,false,lata
120,H2OH_Limao,Pouso Alegre,POU_L3,6,-0.0,false,lata
120,H2OH_Limao,Pouso Alegre,POU_L3,7,-0.0,false,lata
120,H2OH_Limao,Pouso Alegre,POU_L3,8,-999999.7051287998,false,lata
120,H2OH_Limao,Pouso Alegre,POU_L3,9,-0.0,false,lata
120,H2OH_Limao,Pouso Alegre,POU_L3,10,-0.0,false,lata
120,H2OH_Limao,Pouso Alegre,POU_L3,11,-999999.6612533003,false,lata
120,H2OH_Limao,Pouso Alegre,POU_L3,12,-0.0,false,lata
120,H2OH_Limao,Pouso Alegre,POU_L3,13,-0.0,false,lata
120,H2OH_Limao,Pouso Alegre,POU_L3,14,-0.0,false,lata
120,H2OH_Limao,Pouso Alegre,POU_L3,15,-0.0,false,lata
120,H2OH_Limao,Gama,GAM_L1,1,-0.0,false,lata
120,H2OH_Limao,Gama,GAM_L1,2,-0.0,false,lata
120,H2OH_Limao,Gama,GAM_L1,3,-0.0,false,lata
120,H2OH_Limao,Gama,GAM_L1,4,-0.0,false,lata
120,H2OH_Limao,Gama,GAM_L1,5,-0.0,false,lata
120,H2OH_Limao,Gama,GAM_L1,6,-0.0,false,lata
120,H2OH_Limao,Gama,GAM_L1,7,-0.0,false,lata
120,H2OH_Limao,Gama,GAM_L1,8,-0.0,false,lata
120,H2OH_Limao,Gama,GAM_L1,9,-0.0,false,lata
120,H2OH_Limao,Gama,GAM_L1,10,-0.0,false,lata
120,H2OH_Limao,Gama,GAM_L1,11,-0.0,false,lata
120,H2OH_Limao,Gama,GAM_L1,12,-0.0,false,lata
120,H2OH_Limao,Gama,GAM_L1,13,-0.0,false,lata
120,H2OH_Limao,Gama,GAM_L1,14,-0.0,false,lata
120,H2OH_Limao,Gama,GAM_L1,15,-0.0,false,lata
120,H2OH_Limao,Gama,GAM_L2,1,-0.0,false,lata
120,H2OH_Limao,Gama,GAM_L2,2,-0.0,false,lata
120,H2OH_Limao,Gama,GAM_L2,3,-0.0,false,lata
120,H2OH_Limao,Gama,GAM_L2,4,-0.0,false,lata
120,H2OH_Limao,Gama,GAM_L2,5,-0.0,false,lata
120,H2OH_Limao,Gama,GAM_L2,6,-0.0,false,lata
120,H2OH_Limao,Gama,GAM_L2,7,-0.0,false,lata
120,H2OH_Limao,Gama,GAM_L2,8,-0.0,false,lata
120,H2OH_Limao,Gama,GAM_L2,9,-0.0,false,lata
120,H2OH_Limao,Gama,GAM_L2,10,-0.0,false,lata
120,H2OH_Limao,Gama,GAM_L2,11,-0.0,false,lata
120,H2OH_Limao,Gama,GAM_L2,12,-0.0,false,lata
120,H2OH_Limao,Gama,GAM_L2,13,-0.0,false,lata
120,H2OH_Limao,Gama,GAM_L2,14,-0.0,false,lata
120,H2OH_Limao,Gama,GAM_L2,15,-0.0,false,lata
120,H2OH_Limao,Gama,GAM_L3,1,-0.0,false,lata
120,H2OH_Limao,Gama,GAM_L3,2,-0.0,false,lata
120,H2OH_Limao,Gama,GAM_L3,3,-0.0,false,lata
120,H2OH_Limao,Gama,GAM_L3,4,-0.0,false,lata
120,H2OH_Limao,Gama,GAM_L3,5,-0.0,false,lata
120,H2OH_Limao,Gama,GAM_L3,6,-999999.4201059499,false,lata
120,H2OH_Limao,Gama,GAM_L3,7,-0.0,false,lata
120,H2OH_Limao,Gama,GAM_L3,8,-0.0,false,lata
120,H2OH_Limao,Gama,GAM_L3,9,-0.0,false,lata
120,H2OH_Limao,Gama,GAM_L3,10,-0.0,false,lata
120,H2OH_Limao,Gama,GAM_L3,11,-0.0,false,lata
120,H2OH_Limao,Gama,GAM_L3,12,-0.0,false,lata
120,H2OH_Limao,Gama,GAM_L3,13,-0.0,false,lata
120,H2OH_Limao,Gama,GAM_L3,14,-0.0,false,lata
120,H2OH_Limao,Gama,GAM_L3,15,-0.0,false,lata
120,H2OH_Limao,Viamao,VIA_L1,1,-0.0,false,lata
120,H2OH_Limao,Viamao,VIA_L1,2,-0.0,false,lata
120,H2OH_Limao,Viamao,VIA_L1,3,-0.0,false,lata
120,H2OH_Limao,Viamao,VIA_L1,4,-999999.8773793001,false,lata
120,H2OH_Limao,Viamao,VIA_L1,5,-0.0,false,lata
120,H2OH_Limao,Viamao,VIA_L1,6,-0.0,false,lata
120,H2OH_Limao,Viamao,VIA_L1,7,-0.0,false,lata
120,H2OH_Limao,Viamao,VIA_L1,8,-0.0,false,lata
120,H2OH_Limao,Viamao,VIA_L1,9,-0.0,false,lata
120,H2OH_Limao,Viamao,VIA_L1,10,-0.0,false,lata
120,H2OH_Limao,Viamao,VIA_L1,11,-0.0,false,lata
120,H2OH_Limao,Viamao,VIA_L1,12,-0.0,false,lata
120,H2OH_Limao,Viamao,VIA_L1,13,-0.0,false,lata
120,H2OH_Limao,Viamao,VIA_L1,14,-0.0,false,lata
120,H2OH_Limao,Viamao,VIA_L1,15,-0.0,false,lata
120,H2OH_Limao,Viamao,VIA_L2,1,-0.0,false,lata
120,H2OH_Limao,Viamao,VIA_L2,2,-999999.8319856002,false,lata
120,H2OH_Limao,Viamao,VIA_L2,3,-0.0,false,lata
120,H2OH_Limao,Viamao,VIA_L2,4,-0.0,false,lata
120,H2OH_Limao,Viamao,VIA_L2,5,-0.0,false,lata
120,H2OH_Limao,Viamao,VIA_L2,6,-0.0,false,lata
120,H2OH_Limao,Viamao,VIA_L2,7,-0.0,false,lata
120,H2OH_Limao,Viamao,VIA_L2,8,-0.0,false,lata
120,H2OH_Limao,Viamao,VIA_L2,9,-0.0,false,lata
120,H2OH_Limao,Viamao,VIA_L2,10,-0.0,false,lata
120,H2OH_Limao,Viamao,VIA_L2,11,-0.0,false,lata
120,H2OH_Limao,Viamao,VIA_L2,12,-0.0,false,lata
120,H2OH_Limao,Viamao,VIA_L2,13,-0.0,false,lata
120,H2OH_Limao,Viamao,VIA_L2,14,-0.0,false,lata
120,H2OH_Limao,Viamao,VIA_L2,15,-0.0,false,lata
120,H2OH_Limao,Viamao,VIA_L3,1,-0.0,false,lata
120,H2OH_Limao,Viamao,VIA_L3,2,-0.0,false,lata
120,H2OH_Limao,Viamao,VIA_L3,3,-0.0,false,lata
120,H2OH_Limao,Viamao,VIA_L3,4,-0.0,false,lata
120,H2OH_Limao,Viamao,VIA_L3,5,-0.0,false,lata
120,H2OH_Limao,Viamao,VIA_L3,6,-0.0,false,lata
120,H2OH_Limao,Viamao,VIA_L3,7,-0.0,false,lata
120,H2OH_Limao,Viamao,VIA_L3,8,-0.0,false,lata
120,H2OH_Limao,Viamao,VIA_L3,9,-0.0,false,lata
120,H2OH_Limao,Viamao,VIA_L3,10,-0.0,false,lata
120,H2OH_Limao,Viamao,VIA_L3,11,-0.0,false,lata
120,H2OH_Limao,Viamao,VIA_L3,12,-0.0,false,lata
120,H2OH_Limao,Viamao,VIA_L3,13,-1.0e6,true,lata
120,H2OH_Limao,Viamao,VIA_L3,14,-0.0,false,lata
120,H2OH_Limao,Viamao,VIA_L3,15,-0.0,false,lata
120,H2OH_Limao,Itupeva,ITU_L1,1,-0.0,false,lata
120,H2OH_Limao,Itupeva,ITU_L1,2,-0.0,false,lata
120,H2OH_Limao,Itupeva,ITU_L1,3,-0.0,false,lata
120,H2OH_Limao,Itupeva,ITU_L1,4,-999999.8456458001,false,lata
120,H2OH_Limao,Itupeva,ITU_L1,5,-0.0,false,lata
120,H2OH_Limao,Itupeva,ITU_L1,6,-0.0,false,lata
120,H2OH_Limao,Itupeva,ITU_L1,7,-0.0,false,lata
120,H2OH_Limao,Itupeva,ITU_L1,8,-0.0,false,lata
120,H2OH_Limao,Itupeva,ITU_L1,9,-0.0,false,lata
120,H2OH_Limao,Itupeva,ITU_L1,10,-0.0,false,lata
120,H2OH_Limao,Itupeva,ITU_L1,11,-0.0,false,lata
120,H2OH_Limao,Itupeva,ITU_L1,12,-0.0,false,lata
120,H2OH_Limao,Itupeva,ITU_L1,13,-0.0,false,lata
120,H2OH_Limao,Itupeva,ITU_L1,14,-0.0,false,lata
120,H2OH_Limao,Itupeva,ITU_L1,15,-0.0,false,lata
120,H2OH_Limao,Itupeva,ITU_L2,1,-0.0,false,lata
120,H2OH_Limao,Itupeva,ITU_L2,2,-0.0,false,lata
120,H2OH_Limao,Itupeva,ITU_L2,3,-0.0,false,lata
120,H2OH_Limao,Itupeva,ITU_L2,4,-0.0,false,lata
120,H2OH_Limao,Itupeva,ITU_L2,5,-0.0,false,lata
120,H2OH_Limao,Itupeva,ITU_L2,6,-0.0,false,lata
120,H2OH_Limao,Itupeva,ITU_L2,7,-0.0,false,lata
120,H2OH_Limao,Itupeva,ITU_L2,8,-0.0,false,lata
120,H2OH_Limao,Itupeva,ITU_L2,9,-0.0,false,lata
120,H2OH_Limao,Itupeva,ITU_L2,10,-0.0,false,lata
120,H2OH_Limao,Itupeva,ITU_L2,11,-0.0,false,lata
120,H2OH_Limao,Itupeva,ITU_L2,12,-0.0,false,lata
120,H2OH_Limao,Itupeva,ITU_L2,13,-0.0,false,lata
120,H2OH_Limao,Itupeva,ITU_L2,14,-0.0,false,lata
120,H2OH_Limao,Itupeva,ITU_L2,15,-0.0,false,lata
120,H2OH_Limao,Itupeva,ITU_L3,1,-0.0,false,lata
120,H2OH_Limao,Itupeva,ITU_L3,2,-0.0,false,lata
120,H2OH_Limao,Itupeva,ITU_L3,3,-0.0,false,lata
120,H2OH_Limao,Itupeva,ITU_L3,4,-0.0,false,lata
120,H2OH_Limao,Itupeva,ITU_L3,5,-999999.8378338497,false,lata
120,H2OH_Limao,Itupeva,ITU_L3,6,-0.0,false,lata
120,H2OH_Limao,Itupeva,ITU_L3,7,-999999.6951708999,false,lata
120,H2OH_Limao,Itupeva,ITU_L3,8,-0.0,false,lata
120,H2OH_Limao,Itupeva,ITU_L3,9,-0.0,false,lata
120,H2OH_Limao,Itupeva,ITU_L3,10,-0.0,false,lata
120,H2OH_Limao,Itupeva,ITU_L3,11,-0.0,false,lata
120,H2OH_Limao,Itupeva,ITU_L3,12,-0.0,false,lata
120,H2OH_Limao,Itupeva,ITU_L3,13,-0.0,false,lata
120,H2OH_Limao,Itupeva,ITU_L3,14,-0.0,false,lata
120,H2OH_Limao,Itupeva,ITU_L3,15,-0.0,false,lata
120,H2OH_Limao,Cabo de Santo Agostinho,CAB_L1,1,-0.0,false,lata
120,H2OH_Limao,Cabo de Santo Agostinho,CAB_L1,2,-0.0,false,lata
120,H2OH_Limao,Cabo de Santo Agostinho,CAB_L1,3,-1.0e6,true,lata
120,H2OH_Limao,Cabo de Santo Agostinho,CAB_L1,4,-0.0,false,lata
120,H2OH_Limao,Cabo de Santo Agostinho,CAB_L1,5,-0.0,false,lata
120,H2OH_Limao,Cabo de Santo Agostinho,CAB_L1,6,-0.0,false,lata
120,H2OH_Limao,Cabo de Santo Agostinho,CAB_L1,7,-0.0,false,lata
120,H2OH_Limao,Cabo de Santo Agostinho,CAB_L1,8,-0.0,false,lata
120,H2OH_Limao,Cabo de Santo Agostinho,CAB_L1,9,-0.0,false,lata
120,H2OH_Limao,Cabo de Santo Agostinho,CAB_L1,10,-0.0,false,lata
120,H2OH_Limao,Cabo de Santo Agostinho,CAB_L1,11,-0.0,false,lata
120,H2OH_Limao,Cabo de Santo Agostinho,CAB_L1,12,-0.0,false,lata
120,H2OH_Limao,Cabo de Santo Agostinho,CAB_L1,13,-0.0,false,lata
120,H2OH_Limao,Cabo de Santo Agostinho,CAB_L1,14,-0.0,false,lata
120,H2OH_Limao,Cabo de Santo Agostinho,CAB_L1,15,-0.0,false,lata
120,H2OH_Limao,Cabo de Santo Agostinho,CAB_L2,1,-0.0,false,lata
120,H2OH_Limao,Cabo de Santo Agostinho,CAB_L2,2,-0.0,false,lata
120,H2OH_Limao,Cabo de Santo Agostinho,CAB_L2,3,-0.0,false,lata
120,H2OH_Limao,Cabo de Santo Agostinho,CAB_L2,4,-0.0,false,lata
120,H2OH_Limao,Cabo de Santo Agostinho,CAB_L2,5,-0.0,false,lata
120,H2OH_Limao,Cabo de Santo Agostinho,CAB_L2,6,-0.0,false,lata
120,H2OH_Limao,Cabo de Santo Agostinho,CAB_L2,7,-0.0,false,lata
120,H2OH_Limao,Cabo de Santo Agostinho,CAB_L2,8,-0.0,false,lata
120,H2OH_Limao,Cabo de Santo Agostinho,CAB_L2,9,-1.0e6,true,lata
120,H2OH_Limao,Cabo de Santo Agostinho,CAB_L2,10,-0.0,false,lata
120,H2OH_Limao,Cabo de Santo Agostinho,CAB_L2,11,-0.0,false,lata
120,H2OH_Limao,Cabo de Santo Agostinho,CAB_L2,12,-0.0,false,lata
120,H2OH_Limao,Cabo de Santo Agostinho,CAB_L2,13,-0.0,false,lata
120,H2OH_Limao,Cabo de Santo Agostinho,CAB_L2,14,-0.0,false,lata
120,H2OH_Limao,Cabo de Santo Agostinho,CAB_L2,15,-0.0,false,lata
120,H2OH_Limao,Cabo de Santo Agostinho,CAB_L3,1,-0.0,false,lata
120,H2OH_Limao,Cabo de Santo Agostinho,CAB_L3,2,-0.0,false,lata
120,H2OH_Limao,Cabo de Santo Agostinho,CAB_L3,3,-0.0,false,lata
120,H2OH_Limao,Cabo de Santo Agostinho,CAB_L3,4,-0.0,false,lata
120,H2OH_Limao,Cabo de Santo Agostinho,CAB_L3,5,-0.0,false,lata
120,H2OH_Limao,Cabo de Santo Agostinho,CAB_L3,6,-0.0,false,lata
120,H2OH_Limao,Cabo de Santo Agostinho,CAB_L3,7,-0.0,false,lata
120,H2OH_Limao,Cabo de Santo Agostinho,CAB_L3,8,-0.0,false,lata
120,H2OH_Limao,Cabo de Santo Agostinho,CAB_L3,9,-0.0,false,lata
120,H2OH_Limao,Cabo de Santo Agostinho,CAB_L3,10,-0.0,false,lata
120,H2OH_Limao,Cabo de Santo Agostinho,CAB_L3,11,-0.0,false,lata
120,H2OH_Limao,Cabo de Santo Agostinho,CAB_L3,12,-0.0,false,lata
120,H2OH_Limao,Cabo de Santo Agostinho,CAB_L3,13,-0.0,false,lata
120,H2OH_Limao,Cabo de Santo Agostinho,CAB_L3,14,-0.0,false,lata
120,H2OH_Limao,Cabo de Santo Agostinho,CAB_L3,15,-0.0,false,lata
120,Spaten_Lata,Jacarei,JAC_L1,1,-0.0,false,lata
120,Spaten_Lata,Jacarei,JAC_L1,2,-0.0,false,lata
120,Spaten_Lata,Jacarei,JAC_L1,3,-0.0,false,lata
120,Spaten_Lata,Jacarei,JAC_L1,4,-0.0,false,lata
120,Spaten_Lata,Jacarei,JAC_L1,5,-0.0,false,lata
120,Spaten_Lata,Jacarei,JAC_L1,6,-0.0,false,lata
120,Spaten_Lata,Jacarei,JAC_L1,7,-999999.96551835,false,lata
120,Spaten_Lata,Jacarei,JAC_L1,8,-0.0,false,lata
120,Spaten_Lata,Jacarei,JAC_L1,9,-0.0,false,lata
120,Spaten_Lata,Jacarei,JAC_L1,10,-0.0,false,lata
120,Spaten_Lata,Jacarei,JAC_L1,11,-0.0,false,lata
120,Spaten_Lata,Jacarei,JAC_L1,12,-0.0,false,lata
120,Spaten_Lata,Jacarei,JAC_L1,13,-0.0,false,lata
120,Spaten_Lata,Jacarei,JAC_L1,14,-999999.7276548998,false,lata
120,Spaten_Lata,Jacarei,JAC_L1,15,-0.0,false,lata
120,Spaten_Lata,Jacarei,JAC_L2,1,-0.0,false,lata
120,Spaten_Lata,Jacarei,JAC_L2,2,-0.0,false,lata
120,Spaten_Lata,Jacarei,JAC_L2,3,-0.0,false,lata
120,Spaten_Lata,Jacarei,JAC_L2,4,-0.0,false,lata
120,Spaten_Lata,Jacarei,JAC_L2,5,-0.0,false,lata
120,Spaten_Lata,Jacarei,JAC_L2,6,-0.0,false,lata
120,Spaten_Lata,Jacarei,JAC_L2,7,-0.0,false,lata
120,Spaten_Lata,Jacarei,JAC_L2,8,-0.0,false,lata
120,Spaten_Lata,Jacarei,JAC_L2,9,-0.0,false,lata
120,Spaten_Lata,Jacarei,JAC_L2,10,-0.0,false,lata
120,Spaten_Lata,Jacarei,JAC_L2,11,-0.0,false,lata
120,Spaten_Lata,Jacarei,JAC_L2,12,-0.0,false,lata
120,Spaten_Lata,Jacarei,JAC_L2,13,-0.0,false,lata
120,Spaten_Lata,Jacarei,JAC_L2,14,-0.0,false,lata
120,Spaten_Lata,Jacarei,JAC_L2,15,-0.0,false,lata
120,Spaten_Lata,Jacarei,JAC_L3,1,-0.0,false,lata
120,Spaten_Lata,Jacarei,JAC_L3,2,-0.0,false,lata
120,Spaten_Lata,Jacarei,JAC_L3,3,-0.0,false,lata
120,Spaten_Lata,Jacarei,JAC_L3,4,-0.0,false,lata
120,Spaten_Lata,Jacarei,JAC_L3,5,-999999.3806434501,false,lata
120,Spaten_Lata,Jacarei,JAC_L3,6,-0.0,false,lata
120,Spaten_Lata,Jacarei,JAC_L3,7,-0.0,false,lata
120,Spaten_Lata,Jacarei,JAC_L3,8,-0.0,false,lata
120,Spaten_Lata,Jacarei,JAC_L3,9,-0.0,false,lata
120,Spaten_Lata,Jacarei,JAC_L3,10,-0.0,false,lata
120,Spaten_Lata,Jacarei,JAC_L3,11,-0.0,false,lata
120,Spaten_Lata,Jacarei,JAC_L3,12,-0.0,false,lata
120,Spaten_Lata,Jacarei,JAC_L3,13,-0.0,false,lata
120,Spaten_Lata,Jacarei,JAC_L3,14,-0.0,false,lata
120,Spaten_Lata,Jacarei,JAC_L3,15,-0.0,false,lata
120,Spaten_Lata,Extrema,EXT_L1,1,-0.0,false,lata
120,Spaten_Lata,Extrema,EXT_L1,2,-0.0,false,lata
120,Spaten_Lata,Extrema,EXT_L1,3,-0.0,false,lata
120,Spaten_Lata,Extrema,EXT_L1,4,-0.0,false,lata
120,Spaten_Lata,Extrema,EXT_L1,5,-0.0,false,lata
120,Spaten_Lata,Extrema,EXT_L1,6,-0.0,false,lata
120,Spaten_Lata,Extrema,EXT_L1,7,-0.0,false,lata
120,Spaten_Lata,Extrema,EXT_L1,8,-0.0,false,lata
120,Spaten_Lata,Extrema,EXT_L1,9,-0.0,false,lata
120,Spaten_Lata,Extrema,EXT_L1,10,-0.0,false,lata
120,Spaten_Lata,Extrema,EXT_L1,11,-0.0,false,lata
120,Spaten_Lata,Extrema,EXT_L1,12,-999999.4417433998,false,lata
120,Spaten_Lata,Extrema,EXT_L1,13,-0.0,false,lata
120,Spaten_Lata,Extrema,EXT_L1,14,-0.0,false,lata
120,Spaten_Lata,Extrema,EXT_L1,15,-0.0,false,lata
120,Spaten_Lata,Extrema,EXT_L2,1,-0.0,false,lata
120,Spaten_Lata,Extrema,EXT_L2,2,-0.0,false,lata
120,Spaten_Lata,Extrema,EXT_L2,3,-0.0,false,lata
120,Spaten_Lata,Extrema,EXT_L2,4,-0.0,false,lata
120,Spaten_Lata,Extrema,EXT_L2,5,-0.0,false,lata
120,Spaten_Lata,Extrema,EXT_L2,6,-0.0,false,lata
120,Spaten_Lata,Extrema,EXT_L2,7,-0.0,false,lata
120,Spaten_Lata,Extrema,EXT_L2,8,-0.0,false,lata
120,Spaten_Lata,Extrema,EXT_L2,9,-0.0,false,lata
120,Spaten_Lata,Extrema,EXT_L2,10,-0.0,false,lata
120,Spaten_Lata,Extrema,EXT_L2,11,-0.0,false,lata
120,Spaten_Lata,Extrema,EXT_L2,12,-0.0,false,lata
120,Spaten_Lata,Extrema,EXT_L2,13,-0.0,false,lata
120,Spaten_Lata,Extrema,EXT_L2,14,-0.0,false,lata
120,Spaten_Lata,Extrema,EXT_L2,15,-0.0,false,lata
120,Spaten_Lata,Extrema,EXT_L3,1,-0.0,false,lata
120,Spaten_Lata,Extrema,EXT_L3,2,-0.0,false,lata
120,Spaten_Lata,Extrema,EXT_L3,3,-0.0,false,lata
120,Spaten_Lata,Extrema,EXT_L3,4,-0.0,false,lata
120,Spaten_Lata,Extrema,EXT_L3,5,-0.0,false,lata
120,Spaten_Lata,Extrema,EXT_L3,6,-0.0,false,lata
120,Spaten_Lata,Extrema,EXT_L3,7,-0.0,false,lata
120,Spaten_Lata,Extrema,EXT_L3,8,-0.0,false,lata
120,Spaten_Lata,Extrema,EXT_L3,9,-0.0,false,lata
120,Spaten_Lata,Extrema,EXT_L3,10,-0.0,false,lata
120,Spaten_Lata,Extrema,EXT_L3,11,-0.0,false,lata
120,Spaten_Lata,Extrema,EXT_L3,12,-0.0,false,lata
120,Spaten_Lata,Extrema,EXT_L3,13,-0.0,false,lata
120,Spaten_Lata,Extrema,EXT_L3,14,-0.0,false,lata
120,Spaten_Lata,Extrema,EXT_L3,15,-0.0,false,lata
120,Spaten_Lata,Tres Rios,TRE_L1,1,-0.0,false,lata
120,Spaten_Lata,Tres Rios,TRE_L1,2,-0.0,false,lata
120,Spaten_Lata,Tres Rios,TRE_L1,3,-0.0,false,lata
120,Spaten_Lata,Tres Rios,TRE_L1,4,-0.0,false,lata
120,Spaten_Lata,Tres Rios,TRE_L1,5,-0.0,false,lata
120,Spaten_Lata,Tres Rios,TRE_L1,6,-0.0,false,lata
120,Spaten_Lata,Tres Rios,TRE_L1,7,-999999.96597795,false,lata
120,Spaten_Lata,Tres Rios,TRE_L1,8,-0.0,false,lata
120,Spaten_Lata,Tres Rios,TRE_L1,9,-0.0,false,lata
120,Spaten_Lata,Tres Rios,TRE_L1,10,-0.0,false,lata
120,Spaten_Lata,Tres Rios,TRE_L1,11,-999999.95572325,false,lata
120,Spaten_Lata,Tres Rios,TRE_L1,12,-0.0,false,lata
120,Spaten_Lata,Tres Rios,TRE_L1,13,-0.0,false,lata
120,Spaten_Lata,Tres Rios,TRE_L1,14,-0.0,false,lata
120,Spaten_Lata,Tres Rios,TRE_L1,15,-0.0,false,lata
120,Spaten_Lata,Tres Rios,TRE_L2,1,-0.0,false,lata
120,Spaten_Lata,Tres Rios,TRE_L2,2,-0.0,false,lata
120,Spaten_Lata,Tres Rios,TRE_L2,3,-999999.5736646497,false,lata
120,Spaten_Lata,Tres Rios,TRE_L2,4,-0.0,false,lata
120,Spaten_Lata,Tres Rios,TRE_L2,5,-0.0,false,lata
120,Spaten_Lata,Tres Rios,TRE_L2,6,-0.0,false,lata
120,Spaten_Lata,Tres Rios,TRE_L2,7,-0.0,false,lata
120,Spaten_Lata,Tres Rios,TRE_L2,8,-0.0,false,lata
120,Spaten_Lata,Tres Rios,TRE_L2,9,-0.0,false,lata
120,Spaten_Lata,Tres Rios,TRE_L2,10,-0.0,false,lata
120,Spaten_Lata,Tres Rios,TRE_L2,11,-0.0,false,lata
120,Spaten_Lata,Tres Rios,TRE_L2,12,-0.0,false,lata
120,Spaten_Lata,Tres Rios,TRE_L2,13,-0.0,false,lata
120,Spaten_Lata,Tres Rios,TRE_L2,14,-0.0,false,lata
120,Spaten_Lata,Tres Rios,TRE_L2,15,-0.0,false,lata
120,Spaten_Lata,Tres Rios,TRE_L3,1,-0.0,false,lata
120,Spaten_Lata,Tres Rios,TRE_L3,2,-0.0,false,lata
120,Spaten_Lata,Tres Rios,TRE_L3,3,-0.0,false,lata
120,Spaten_Lata,Tres Rios,TRE_L3,4,-0.0,false,lata
120,Spaten_Lata,Tres Rios,TRE_L3,5,-0.0,false,lata
120,Spaten_Lata,Tres Rios,TRE_L3,6,-0.0,false,lata
120,Spaten_Lata,Tres Rios,TRE_L3,7,-0.0,false,lata
120,Spaten_Lata,Tres Rios,TRE_L3,8,-0.0,false,lata
120,Spaten_Lata,Tres Rios,TRE_L3,9,-0.0,false,lata
120,Spaten_Lata,Tres Rios,TRE_L3,10,-0.0,false,lata
120,Spaten_Lata,Tres Rios,TRE_L3,11,-0.0,false,lata
120,Spaten_Lata,Tres Rios,TRE_L3,12,-0.0,false,lata
120,Spaten_Lata,Tres Rios,TRE_L3,13,-999999.7370774498,false,lata
120,Spaten_Lata,Tres Rios,TRE_L3,14,-0.0,false,lata
120,Spaten_Lata,Tres Rios,TRE_L3,15,-0.0,false,lata
120,Spaten_Lata,Alagoinhas,ALA_L1,1,-999999.5208,false,lata
120,Spaten_Lata,Alagoinhas,ALA_L1,2,-0.0,false,lata
120,Spaten_Lata,Alagoinhas,ALA_L1,3,-0.0,false,lata
120,Spaten_Lata,Alagoinhas,ALA_L1,4,-0.0,false,lata
120,Spaten_Lata,Alagoinhas,ALA_L1,5,-0.0,false,lata
120,Spaten_Lata,Alagoinhas,ALA_L1,6,-0.0,false,lata
120,Spaten_Lata,Alagoinhas,ALA_L1,7,-999999.97753525,false,lata
120,Spaten_Lata,Alagoinhas,ALA_L1,8,-0.0,false,lata
120,Spaten_Lata,Alagoinhas,ALA_L1,9,-0.0,false,lata
120,Spaten_Lata,Alagoinhas,ALA_L1,10,-0.0,false,lata
120,Spaten_Lata,Alagoinhas,ALA_L1,11,-0.0,false,lata
120,Spaten_Lata,Alagoinhas,ALA_L1,12,-0.0,false,lata
120,Spaten_Lata,Alagoinhas,ALA_L1,13,-0.0,false,lata
120,Spaten_Lata,Alagoinhas,ALA_L1,14,-0.0,false,lata
120,Spaten_Lata,Alagoinhas,ALA_L1,15,-0.0,false,lata
120,Spaten_Lata,Alagoinhas,ALA_L2,1,-0.0,false,lata
120,Spaten_Lata,Alagoinhas,ALA_L2,2,-0.0,false,lata
120,Spaten_Lata,Alagoinhas,ALA_L2,3,-0.0,false,lata
120,Spaten_Lata,Alagoinhas,ALA_L2,4,-0.0,false,lata
120,Spaten_Lata,Alagoinhas,ALA_L2,5,-0.0,false,lata
120,Spaten_Lata,Alagoinhas,ALA_L2,6,-999999.7085694502,false,lata
120,Spaten_Lata,Alagoinhas,ALA_L2,7,-999999.97753525,false,lata
120,Spaten_Lata,Alagoinhas,ALA_L2,8,-999999.1995199999,false,lata
120,Spaten_Lata,Alagoinhas,ALA_L2,9,-0.0,false,lata
120,Spaten_Lata,Alagoinhas,ALA_L2,10,-0.0,false,lata
120,Spaten_Lata,Alagoinhas,ALA_L2,11,-999999.9047781501,false,lata
120,Spaten_Lata,Alagoinhas,ALA_L2,12,-0.0,false,lata
120,Spaten_Lata,Alagoinhas,ALA_L2,13,-0.0,false,lata
120,Spaten_Lata,Alagoinhas,ALA_L2,14,-0.0,false,lata
120,Spaten_Lata,Alagoinhas,ALA_L2,15,-0.0,false,lata
120,Spaten_Lata,Alagoinhas,ALA_L3,1,-0.0,false,lata
120,Spaten_Lata,Alagoinhas,ALA_L3,2,-0.0,false,lata
120,Spaten_Lata,Alagoinhas,ALA_L3,3,-0.0,false,lata
120,Spaten_Lata,Alagoinhas,ALA_L3,4,-0.0,false,lata
120,Spaten_Lata,Alagoinhas,ALA_L3,5,-0.0,false,lata
120,Spaten_Lata,Alagoinhas,ALA_L3,6,-0.0,false,lata
120,Spaten_Lata,Alagoinhas,ALA_L3,7,-0.0,false,lata
120,Spaten_Lata,Alagoinhas,ALA_L3,8,-0.0,false,lata
120,Spaten_Lata,Alagoinhas,ALA_L3,9,-0.0,false,lata
120,Spaten_Lata,Alagoinhas,ALA_L3,10,-0.0,false,lata
120,Spaten_Lata,Alagoinhas,ALA_L3,11,-0.0,false,lata
120,Spaten_Lata,Alagoinhas,ALA_L3,12,-0.0,false,lata
120,Spaten_Lata,Alagoinhas,ALA_L3,13,-0.0,false,lata
120,Spaten_Lata,Alagoinhas,ALA_L3,14,-0.0,false,lata
120,Spaten_Lata,Alagoinhas,ALA_L3,15,-999999.3476087,false,lata
120,Spaten_Lata,Frutal,FRU_L1,1,-0.0,false,lata
120,Spaten_Lata,Frutal,FRU_L1,2,-0.0,false,lata
120,Spaten_Lata,Frutal,FRU_L1,3,-0.0,false,lata
120,Spaten_Lata,Frutal,FRU_L1,4,-0.0,false,lata
120,Spaten_Lata,Frutal,FRU_L1,5,-0.0,false,lata
120,Spaten_Lata,Frutal,FRU_L1,6,-0.0,false,lata
120,Spaten_Lata,Frutal,FRU_L1,7,-0.0,false,lata
120,Spaten_Lata,Frutal,FRU_L1,8,-0.0,false,lata
120,Spaten_Lata,Frutal,FRU_L1,9,-0.0,false,lata
120,Spaten_Lata,Frutal,FRU_L1,10,-0.0,false,lata
120,Spaten_Lata,Frutal,FRU_L1,11,-0.0,false,lata
120,Spaten_Lata,Frutal,FRU_L1,12,-0.0,false,lata
120,Spaten_Lata,Frutal,FRU_L1,13,-0.0,false,lata
120,Spaten_Lata,Frutal,FRU_L1,14,-0.0,false,lata
120,Spaten_Lata,Frutal,FRU_L1,15,-0.0,false,lata
120,Spaten_Lata,Frutal,FRU_L2,1,-0.0,false,lata
120,Spaten_Lata,Frutal,FRU_L2,2,-0.0,false,lata
120,Spaten_Lata,Frutal,FRU_L2,3,-0.0,false,lata
120,Spaten_Lata,Frutal,FRU_L2,4,-0.0,false,lata
120,Spaten_Lata,Frutal,FRU_L2,5,-0.0,false,lata
120,Spaten_Lata,Frutal,FRU_L2,6,-0.0,false,lata
120,Spaten_Lata,Frutal,FRU_L2,7,-0.0,false,lata
120,Spaten_Lata,Frutal,FRU_L2,8,-0.0,false,lata
120,Spaten_Lata,Frutal,FRU_L2,9,-0.0,false,lata
120,Spaten_Lata,Frutal,FRU_L2,10,-0.0,false,lata
120,Spaten_Lata,Frutal,FRU_L2,11,-0.0,false,lata
120,Spaten_Lata,Frutal,FRU_L2,12,-0.0,false,lata
120,Spaten_Lata,Frutal,FRU_L2,13,-0.0,false,lata
120,Spaten_Lata,Frutal,FRU_L2,14,-0.0,false,lata
120,Spaten_Lata,Frutal,FRU_L2,15,-0.0,false,lata
120,Spaten_Lata,Frutal,FRU_L3,1,-0.0,false,lata
120,Spaten_Lata,Frutal,FRU_L3,2,-0.0,false,lata
120,Spaten_Lata,Frutal,FRU_L3,3,-0.0,false,lata
120,Spaten_Lata,Frutal,FRU_L3,4,-0.0,false,lata
120,Spaten_Lata,Frutal,FRU_L3,5,-0.0,false,lata
120,Spaten_Lata,Frutal,FRU_L3,6,-0.0,false,lata
120,Spaten_Lata,Frutal,FRU_L3,7,-0.0,false,lata
120,Spaten_Lata,Frutal,FRU_L3,8,-0.0,false,lata
120,Spaten_Lata,Frutal,FRU_L3,9,-0.0,false,lata
120,Spaten_Lata,Frutal,FRU_L3,10,-0.0,false,lata
120,Spaten_Lata,Frutal,FRU_L3,11,-0.0,false,lata
120,Spaten_Lata,Frutal,FRU_L3,12,-0.0,false,lata
120,Spaten_Lata,Frutal,FRU_L3,13,-0.0,false,lata
120,Spaten_Lata,Frutal,FRU_L3,14,-0.0,false,lata
120,Spaten_Lata,Frutal,FRU_L3,15,-0.0,false,lata
120,Spaten_Lata,Pouso Alegre,POU_L1,1,-0.0,false,lata
120,Spaten_Lata,Pouso Alegre,POU_L1,2,-0.0,false,lata
120,Spaten_Lata,Pouso Alegre,POU_L1,3,-0.0,false,lata
120,Spaten_Lata,Pouso Alegre,POU_L1,4,-0.0,false,lata
120,Spaten_Lata,Pouso Alegre,POU_L1,5,-0.0,false,lata
120,Spaten_Lata,Pouso Alegre,POU_L1,6,-0.0,false,lata
120,Spaten_Lata,Pouso Alegre,POU_L1,7,-0.0,false,lata
120,Spaten_Lata,Pouso Alegre,POU_L1,8,-0.0,false,lata
120,Spaten_Lata,Pouso Alegre,POU_L1,9,-0.0,false,lata
120,Spaten_Lata,Pouso Alegre,POU_L1,10,-0.0,false,lata
120,Spaten_Lata,Pouso Alegre,POU_L1,11,-0.0,false,lata
120,Spaten_Lata,Pouso Alegre,POU_L1,12,-0.0,false,lata
120,Spaten_Lata,Pouso Alegre,POU_L1,13,-0.0,false,lata
120,Spaten_Lata,Pouso Alegre,POU_L1,14,-0.0,false,lata
120,Spaten_Lata,Pouso Alegre,POU_L1,15,-0.0,false,lata
120,Spaten_Lata,Pouso Alegre,POU_L2,1,-0.0,false,lata
120,Spaten_Lata,Pouso Alegre,POU_L2,2,-0.0,false,lata
120,Spaten_Lata,Pouso Alegre,POU_L2,3,-0.0,false,lata
120,Spaten_Lata,Pouso Alegre,POU_L2,4,-0.0,false,lata
120,Spaten_Lata,Pouso Alegre,POU_L2,5,-0.0,false,lata
120,Spaten_Lata,Pouso Alegre,POU_L2,6,-0.0,false,lata
120,Spaten_Lata,Pouso Alegre,POU_L2,7,-0.0,false,lata
120,Spaten_Lata,Pouso Alegre,POU_L2,8,-0.0,false,lata
120,Spaten_Lata,Pouso Alegre,POU_L2,9,-0.0,false,lata
120,Spaten_Lata,Pouso Alegre,POU_L2,10,-0.0,false,lata
120,Spaten_Lata,Pouso Alegre,POU_L2,11,-999999.9631796001,false,lata
120,Spaten_Lata,Pouso Alegre,POU_L2,12,-0.0,false,lata
120,Spaten_Lata,Pouso Alegre,POU_L2,13,-999999.7321326998,false,lata
120,Spaten_Lata,Pouso Alegre,POU_L2,14,-0.0,false,lata
120,Spaten_Lata,Pouso Alegre,POU_L2,15,-0.0,false,lata
120,Spaten_Lata,Pouso Alegre,POU_L3,1,-0.0,false,lata
120,Spaten_Lata,Pouso Alegre,POU_L3,2,-0.0,false,lata
120,Spaten_Lata,Pouso Alegre,POU_L3,3,-0.0,false,lata
120,Spaten_Lata,Pouso Alegre,POU_L3,4,-0.0,false,lata
120,Spaten_Lata,Pouso Alegre,POU_L3,5,-0.0,false,lata
120,Spaten_Lata,Pouso Alegre,POU_L3,6,-0.0,false,lata
120,Spaten_Lata,Pouso Alegre,POU_L3,7,-0.0,false,lata
120,Spaten_Lata,Pouso Alegre,POU_L3,8,-0.0,false,lata
120,Spaten_Lata,Pouso Alegre,POU_L3,9,-0.0,false,lata
120,Spaten_Lata,Pouso Alegre,POU_L3,10,-0.0,false,lata
120,Spaten_Lata,Pouso Alegre,POU_L3,11,-999999.9631796001,false,lata
120,Spaten_Lata,Pouso Alegre,POU_L3,12,-0.0,false,lata
120,Spaten_Lata,Pouso Alegre,POU_L3,13,-0.0,false,lata
120,Spaten_Lata,Pouso Alegre,POU_L3,14,-0.0,false,lata
120,Spaten_Lata,Pouso Alegre,POU_L3,15,-0.0,false,lata
120,Spaten_Lata,Gama,GAM_L1,1,-0.0,false,lata
120,Spaten_Lata,Gama,GAM_L1,2,-0.0,false,lata
120,Spaten_Lata,Gama,GAM_L1,3,-0.0,false,lata
120,Spaten_Lata,Gama,GAM_L1,4,-0.0,false,lata
120,Spaten_Lata,Gama,GAM_L1,5,-0.0,false,lata
120,Spaten_Lata,Gama,GAM_L1,6,-999999.6996954001,false,lata
120,Spaten_Lata,Gama,GAM_L1,7,-0.0,false,lata
120,Spaten_Lata,Gama,GAM_L1,8,-0.0,false,lata
120,Spaten_Lata,Gama,GAM_L1,9,-0.0,false,lata
120,Spaten_Lata,Gama,GAM_L1,10,-0.0,false,lata
120,Spaten_Lata,Gama,GAM_L1,11,-0.0,false,lata
120,Spaten_Lata,Gama,GAM_L1,12,-0.0,false,lata
120,Spaten_Lata,Gama,GAM_L1,13,-0.0,false,lata
120,Spaten_Lata,Gama,GAM_L1,14,-999999.7307977497,false,lata
120,Spaten_Lata,Gama,GAM_L1,15,-0.0,false,lata
120,Spaten_Lata,Gama,GAM_L2,1,-0.0,false,lata
120,Spaten_Lata,Gama,GAM_L2,2,-0.0,false,lata
120,Spaten_Lata,Gama,GAM_L2,3,-0.0,false,lata
120,Spaten_Lata,Gama,GAM_L2,4,-0.0,false,lata
120,Spaten_Lata,Gama,GAM_L2,5,-0.0,false,lata
120,Spaten_Lata,Gama,GAM_L2,6,-0.0,false,lata
120,Spaten_Lata,Gama,GAM_L2,7,-0.0,false,lata
120,Spaten_Lata,Gama,GAM_L2,8,-0.0,false,lata
120,Spaten_Lata,Gama,GAM_L2,9,-0.0,false,lata
120,Spaten_Lata,Gama,GAM_L2,10,-0.0,false,lata
120,Spaten_Lata,Gama,GAM_L2,11,-0.0,false,lata
120,Spaten_Lata,Gama,GAM_L2,12,-999999.4085955998,false,lata
120,Spaten_Lata,Gama,GAM_L2,13,-0.0,false,lata
120,Spaten_Lata,Gama,GAM_L2,14,-0.0,false,lata
120,Spaten_Lata,Gama,GAM_L2,15,-0.0,false,lata
120,Spaten_Lata,Gama,GAM_L3,1,-0.0,false,lata
120,Spaten_Lata,Gama,GAM_L3,2,-0.0,false,lata
120,Spaten_Lata,Gama,GAM_L3,3,-0.0,false,lata
120,Spaten_Lata,Gama,GAM_L3,4,-0.0,false,lata
120,Spaten_Lata,Gama,GAM_L3,5,-0.0,false,lata
120,Spaten_Lata,Gama,GAM_L3,6,-0.0,false,lata
120,Spaten_Lata,Gama,GAM_L3,7,-0.0,false,lata
120,Spaten_Lata,Gama,GAM_L3,8,-0.0,false,lata
120,Spaten_Lata,Gama,GAM_L3,9,-0.0,false,lata
120,Spaten_Lata,Gama,GAM_L3,10,-999999.6785076,false,lata
120,Spaten_Lata,Gama,GAM_L3,11,-999999.9319425,false,lata
120,Spaten_Lata,Gama,GAM_L3,12,-0.0,false,lata
120,Spaten_Lata,Gama,GAM_L3,13,-0.0,false,lata
120,Spaten_Lata,Gama,GAM_L3,14,-0.0,false,lata
120,Spaten_Lata,Gama,GAM_L3,15,-0.0,false,lata
120,Spaten_Lata,Viamao,VIA_L1,1,-0.0,false,lata
120,Spaten_Lata,Viamao,VIA_L1,2,-0.0,false,lata
120,Spaten_Lata,Viamao,VIA_L1,3,-0.0,false,lata
120,Spaten_Lata,Viamao,VIA_L1,4,-0.0,false,lata
120,Spaten_Lata,Viamao,VIA_L1,5,-0.0,false,lata
120,Spaten_Lata,Viamao,VIA_L1,6,-0.0,false,lata
120,Spaten_Lata,Viamao,VIA_L1,7,-0.0,false,lata
120,Spaten_Lata,Viamao,VIA_L1,8,-0.0,false,lata
120,Spaten_Lata,Viamao,VIA_L1,9,-0.0,false,lata
120,Spaten_Lata,Viamao,VIA_L1,10,-0.0,false,lata
120,Spaten_Lata,Viamao,VIA_L1,11,-1.0e6,false,lata
120,Spaten_Lata,Viamao,VIA_L1,12,-0.0,false,lata
120,Spaten_Lata,Viamao,VIA_L1,13,-0.0,false,lata
120,Spaten_Lata,Viamao,VIA_L1,14,-0.0,false,lata
120,Spaten_Lata,Viamao,VIA_L1,15,-0.0,false,lata
120,Spaten_Lata,Viamao,VIA_L2,1,-0.0,false,lata
120,Spaten_Lata,Viamao,VIA_L2,2,-0.0,false,lata
120,Spaten_Lata,Viamao,VIA_L2,3,-0.0,false,lata
120,Spaten_Lata,Viamao,VIA_L2,4,-0.0,false,lata
120,Spaten_Lata,Viamao,VIA_L2,5,-0.0,false,lata
120,Spaten_Lata,Viamao,VIA_L2,6,-0.0,false,lata
120,Spaten_Lata,Viamao,VIA_L2,7,-0.0,false,lata
120,Spaten_Lata,Viamao,VIA_L2,8,-0.0,false,lata
120,Spaten_Lata,Viamao,VIA_L2,9,-0.0,false,lata
120,Spaten_Lata,Viamao,VIA_L2,10,-0.0,false,lata
120,Spaten_Lata,Viamao,VIA_L2,11,-1.0e6,true,lata
120,Spaten_Lata,Viamao,VIA_L2,12,-0.0,false,lata
120,Spaten_Lata,Viamao,VIA_L2,13,-999999.7689530997,false,lata
120,Spaten_Lata,Viamao,VIA_L2,14,-0.0,false,lata
120,Spaten_Lata,Viamao,VIA_L2,15,-0.0,false,lata
120,Spaten_Lata,Viamao,VIA_L3,1,-999999.54111835,false,lata
120,Spaten_Lata,Viamao,VIA_L3,2,-0.0,false,lata
120,Spaten_Lata,Viamao,VIA_L3,3,-0.0,false,lata
120,Spaten_Lata,Viamao,VIA_L3,4,-0.0,false,lata
120,Spaten_Lata,Viamao,VIA_L3,5,-0.0,false,lata
120,Spaten_Lata,Viamao,VIA_L3,6,-999999.7076449001,false,lata
120,Spaten_Lata,Viamao,VIA_L3,7,-0.0,false,lata
120,Spaten_Lata,Viamao,VIA_L3,8,-0.0,false,lata
120,Spaten_Lata,Viamao,VIA_L3,9,-0.0,false,lata
120,Spaten_Lata,Viamao,VIA_L3,10,-0.0,false,lata
120,Spaten_Lata,Viamao,VIA_L3,11,-0.0,false,lata
120,Spaten_Lata,Viamao,VIA_L3,12,-0.0,false,lata
120,Spaten_Lata,Viamao,VIA_L3,13,-0.0,false,lata
120,Spaten_Lata,Viamao,VIA_L3,14,-0.0,false,lata
120,Spaten_Lata,Viamao,VIA_L3,15,-0.0,false,lata
120,Spaten_Lata,Itupeva,ITU_L1,1,-0.0,false,lata
120,Spaten_Lata,Itupeva,ITU_L1,2,-0.0,false,lata
120,Spaten_Lata,Itupeva,ITU_L1,3,-0.0,false,lata
120,Spaten_Lata,Itupeva,ITU_L1,4,-0.0,false,lata
120,Spaten_Lata,Itupeva,ITU_L1,5,-0.0,false,lata
120,Spaten_Lata,Itupeva,ITU_L1,6,-0.0,false,lata
120,Spaten_Lata,Itupeva,ITU_L1,7,-0.0,false,lata
120,Spaten_Lata,Itupeva,ITU_L1,8,-0.0,false,lata
120,Spaten_Lata,Itupeva,ITU_L1,9,-0.0,false,lata
120,Spaten_Lata,Itupeva,ITU_L1,10,-0.0,false,lata
120,Spaten_Lata,Itupeva,ITU_L1,11,-0.0,false,lata
120,Spaten_Lata,Itupeva,ITU_L1,12,-0.0,false,lata
120,Spaten_Lata,Itupeva,ITU_L1,13,-0.0,false,lata
120,Spaten_Lata,Itupeva,ITU_L1,14,-0.0,false,lata
120,Spaten_Lata,Itupeva,ITU_L1,15,-999999.3340153501,false,lata
120,Spaten_Lata,Itupeva,ITU_L2,1,-999999.5072066501,false,lata
120,Spaten_Lata,Itupeva,ITU_L2,2,-0.0,false,lata
120,Spaten_Lata,Itupeva,ITU_L2,3,-0.0,false,lata
120,Spaten_Lata,Itupeva,ITU_L2,4,-0.0,false,lata
120,Spaten_Lata,Itupeva,ITU_L2,5,-0.0,false,lata
120,Spaten_Lata,Itupeva,ITU_L2,6,-0.0,false,lata
120,Spaten_Lata,Itupeva,ITU_L2,7,-0.0,false,lata
120,Spaten_Lata,Itupeva,ITU_L2,8,-0.0,false,lata
120,Spaten_Lata,Itupeva,ITU_L2,9,-999999.4534534,false,lata
120,Spaten_Lata,Itupeva,ITU_L2,10,-0.0,false,lata
120,Spaten_Lata,Itupeva,ITU_L2,11,-0.0,false,lata
120,Spaten_Lata,Itupeva,ITU_L2,12,-0.0,false,lata
120,Spaten_Lata,Itupeva,ITU_L2,13,-0.0,false,lata
120,Spaten_Lata,Itupeva,ITU_L2,14,-0.0,false,lata
120,Spaten_Lata,Itupeva,ITU_L2,15,-0.0,false,lata
120,Spaten_Lata,Itupeva,ITU_L3,1,-0.0,false,lata
120,Spaten_Lata,Itupeva,ITU_L3,2,-0.0,false,lata
120,Spaten_Lata,Itupeva,ITU_L3,3,-0.0,false,lata
120,Spaten_Lata,Itupeva,ITU_L3,4,-0.0,false,lata
120,Spaten_Lata,Itupeva,ITU_L3,5,-0.0,false,lata
120,Spaten_Lata,Itupeva,ITU_L3,6,-0.0,false,lata
120,Spaten_Lata,Itupeva,ITU_L3,7,-0.0,false,lata
120,Spaten_Lata,Itupeva,ITU_L3,8,-0.0,false,lata
120,Spaten_Lata,Itupeva,ITU_L3,9,-0.0,false,lata
120,Spaten_Lata,Itupeva,ITU_L3,10,-0.0,false,lata
120,Spaten_Lata,Itupeva,ITU_L3,11,-0.0,false,lata
120,Spaten_Lata,Itupeva,ITU_L3,12,-0.0,false,lata
120,Spaten_Lata,Itupeva,ITU_L3,13,-0.0,false,lata
120,Spaten_Lata,Itupeva,ITU_L3,14,-0.0,false,lata
120,Spaten_Lata,Itupeva,ITU_L3,15,-0.0,false,lata
120,Spaten_Lata,Cabo de Santo Agostinho,CAB_L1,1,-0.0,false,lata
120,Spaten_Lata,Cabo de Santo Agostinho,CAB_L1,2,-999999.2635474997,false,lata
120,Spaten_Lata,Cabo de Santo Agostinho,CAB_L1,3,-0.0,false,lata
120,Spaten_Lata,Cabo de Santo Agostinho,CAB_L1,4,-0.0,false,lata
120,Spaten_Lata,Cabo de Santo Agostinho,CAB_L1,5,-0.0,false,lata
120,Spaten_Lata,Cabo de Santo Agostinho,CAB_L1,6,-0.0,false,lata
120,Spaten_Lata,Cabo de Santo Agostinho,CAB_L1,7,-1.0e6,false,lata
120,Spaten_Lata,Cabo de Santo Agostinho,CAB_L1,8,-0.0,false,lata
120,Spaten_Lata,Cabo de Santo Agostinho,CAB_L1,9,-0.0,false,lata
120,Spaten_Lata,Cabo de Santo Agostinho,CAB_L1,10,-0.0,false,lata
120,Spaten_Lata,Cabo de Santo Agostinho,CAB_L1,11,-0.0,false,lata
120,Spaten_Lata,Cabo de Santo Agostinho,CAB_L1,12,-0.0,false,lata
120,Spaten_Lata,Cabo de Santo Agostinho,CAB_L1,13,-0.0,false,lata
120,Spaten_Lata,Cabo de Santo Agostinho,CAB_L1,14,-0.0,false,lata
120,Spaten_Lata,Cabo de Santo Agostinho,CAB_L1,15,-0.0,false,lata
120,Spaten_Lata,Cabo de Santo Agostinho,CAB_L2,1,-0.0,false,lata
120,Spaten_Lata,Cabo de Santo Agostinho,CAB_L2,2,-0.0,false,lata
120,Spaten_Lata,Cabo de Santo Agostinho,CAB_L2,3,-0.0,false,lata
120,Spaten_Lata,Cabo de Santo Agostinho,CAB_L2,4,-0.0,false,lata
120,Spaten_Lata,Cabo de Santo Agostinho,CAB_L2,5,-0.0,false,lata
120,Spaten_Lata,Cabo de Santo Agostinho,CAB_L2,6,-0.0,false,lata
120,Spaten_Lata,Cabo de Santo Agostinho,CAB_L2,7,-0.0,false,lata
120,Spaten_Lata,Cabo de Santo Agostinho,CAB_L2,8,-0.0,false,lata
120,Spaten_Lata,Cabo de Santo Agostinho,CAB_L2,9,-0.0,false,lata
120,Spaten_Lata,Cabo de Santo Agostinho,CAB_L2,10,-0.0,false,lata
120,Spaten_Lata,Cabo de Santo Agostinho,CAB_L2,11,-0.0,false,lata
120,Spaten_Lata,Cabo de Santo Agostinho,CAB_L2,12,-0.0,false,lata
120,Spaten_Lata,Cabo de Santo Agostinho,CAB_L2,13,-0.0,false,lata
120,Spaten_Lata,Cabo de Santo Agostinho,CAB_L2,14,-0.0,false,lata
120,Spaten_Lata,Cabo de Santo Agostinho,CAB_L2,15,-0.0,false,lata
120,Spaten_Lata,Cabo de Santo Agostinho,CAB_L3,1,-0.0,false,lata
120,Spaten_Lata,Cabo de Santo Agostinho,CAB_L3,2,-0.0,false,lata
120,Spaten_Lata,Cabo de Santo Agostinho,CAB_L3,3,-999999.6076866997,false,lata
120,Spaten_Lata,Cabo de Santo Agostinho,CAB_L3,4,-0.0,false,lata
120,Spaten_Lata,Cabo de Santo Agostinho,CAB_L3,5,-0.0,false,lata
120,Spaten_Lata,Cabo de Santo Agostinho,CAB_L3,6,-0.0,false,lata
120,Spaten_Lata,Cabo de Santo Agostinho,CAB_L3,7,-1.0e6,true,lata
120,Spaten_Lata,Cabo de Santo Agostinho,CAB_L3,8,-0.0,false,lata
120,Spaten_Lata,Cabo de Santo Agostinho,CAB_L3,9,-0.0,false,lata
120,Spaten_Lata,Cabo de Santo Agostinho,CAB_L3,10,-0.0,false,lata
120,Spaten_Lata,Cabo de Santo Agostinho,CAB_L3,11,-0.0,false,lata
120,Spaten_Lata,Cabo de Santo Agostinho,CAB_L3,12,-0.0,false,lata
120,Spaten_Lata,Cabo de Santo Agostinho,CAB_L3,13,-0.0,false,lata
120,Spaten_Lata,Cabo de Santo Agostinho,CAB_L3,14,-0.0,false,lata
120,Spaten_Lata,Cabo de Santo Agostinho,CAB_L3,15,-999999.37007345,false,lata
120,Pepsi,Jacarei,JAC_L1,1,-0.0,false,lata
120,Pepsi,Jacarei,JAC_L1,2,-0.0,false,lata
120,Pepsi,Jacarei,JAC_L1,3,-0.0,false,lata
120,Pepsi,Jacarei,JAC_L1,4,-0.0,false,lata
120,Pepsi,Jacarei,JAC_L1,5,-0.0,false,lata
120,Pepsi,Jacarei,JAC_L1,6,-0.0,false,lata
120,Pepsi,Jacarei,JAC_L1,7,-1.0e6,true,lata
120,Pepsi,Jacarei,JAC_L1,8,-0.0,false,lata
120,Pepsi,Jacarei,JAC_L1,9,-0.0,false,lata
120,Pepsi,Jacarei,JAC_L1,10,-0.0,false,lata
120,Pepsi,Jacarei,JAC_L1,11,-0.0,false,lata
120,Pepsi,Jacarei,JAC_L1,12,-0.0,false,lata
120,Pepsi,Jacarei,JAC_L1,13,-0.0,false,lata
120,Pepsi,Jacarei,JAC_L1,14,-0.0,false,lata
120,Pepsi,Jacarei,JAC_L1,15,-0.0,false,lata
120,Pepsi,Jacarei,JAC_L2,1,-0.0,false,lata
120,Pepsi,Jacarei,JAC_L2,2,-0.0,false,lata
120,Pepsi,Jacarei,JAC_L2,3,-0.0,false,lata
120,Pepsi,Jacarei,JAC_L2,4,-0.0,false,lata
120,Pepsi,Jacarei,JAC_L2,5,-0.0,false,lata
120,Pepsi,Jacarei,JAC_L2,6,-0.0,false,lata
120,Pepsi,Jacarei,JAC_L2,7,-0.0,false,lata
120,Pepsi,Jacarei,JAC_L2,8,-0.0,false,lata
120,Pepsi,Jacarei,JAC_L2,9,-999999.9894607998,false,lata
120,Pepsi,Jacarei,JAC_L2,10,-0.0,false,lata
120,Pepsi,Jacarei,JAC_L2,11,-0.0,false,lata
120,Pepsi,Jacarei,JAC_L2,12,-1.0e6,true,lata
120,Pepsi,Jacarei,JAC_L2,13,-0.0,false,lata
120,Pepsi,Jacarei,JAC_L2,14,-0.0,false,lata
120,Pepsi,Jacarei,JAC_L2,15,-0.0,false,lata
120,Pepsi,Jacarei,JAC_L3,1,-0.0,false,lata
120,Pepsi,Jacarei,JAC_L3,2,-0.0,false,lata
120,Pepsi,Jacarei,JAC_L3,3,-0.0,false,lata
120,Pepsi,Jacarei,JAC_L3,4,-0.0,false,lata
120,Pepsi,Jacarei,JAC_L3,5,-0.0,false,lata
120,Pepsi,Jacarei,JAC_L3,6,-0.0,false,lata
120,Pepsi,Jacarei,JAC_L3,7,-0.0,false,lata
120,Pepsi,Jacarei,JAC_L3,8,-0.0,false,lata
120,Pepsi,Jacarei,JAC_L3,9,-0.0,false,lata
120,Pepsi,Jacarei,JAC_L3,10,-0.0,false,lata
120,Pepsi,Jacarei,JAC_L3,11,-0.0,false,lata
120,Pepsi,Jacarei,JAC_L3,12,-1.0e6,true,lata
120,Pepsi,Jacarei,JAC_L3,13,-0.0,false,lata
120,Pepsi,Jacarei,JAC_L3,14,-0.0,false,lata
120,Pepsi,Jacarei,JAC_L3,15,-0.0,false,lata
120,Pepsi,Extrema,EXT_L1,1,-1.0e6,true,lata
120,Pepsi,Extrema,EXT_L1,2,-0.0,false,lata
120,Pepsi,Extrema,EXT_L1,3,-0.0,false,lata
120,Pepsi,Extrema,EXT_L1,4,-0.0,false,lata
120,Pepsi,Extrema,EXT_L1,5,-0.0,false,lata
120,Pepsi,Extrema,EXT_L1,6,-0.0,false,lata
120,Pepsi,Extrema,EXT_L1,7,-0.0,false,lata
120,Pepsi,Extrema,EXT_L1,8,-0.0,false,lata
120,Pepsi,Extrema,EXT_L1,9,-0.0,false,lata
120,Pepsi,Extrema,EXT_L1,10,-0.0,false,lata
120,Pepsi,Extrema,EXT_L1,11,-0.0,false,lata
120,Pepsi,Extrema,EXT_L1,12,-0.0,false,lata
120,Pepsi,Extrema,EXT_L1,13,-0.0,false,lata
120,Pepsi,Extrema,EXT_L1,14,-0.0,false,lata
120,Pepsi,Extrema,EXT_L1,15,-0.0,false,lata
120,Pepsi,Extrema,EXT_L2,1,-0.0,false,lata
120,Pepsi,Extrema,EXT_L2,2,-0.0,false,lata
120,Pepsi,Extrema,EXT_L2,3,-0.0,false,lata
120,Pepsi,Extrema,EXT_L2,4,-0.0,false,lata
120,Pepsi,Extrema,EXT_L2,5,-0.0,false,lata
120,Pepsi,Extrema,EXT_L2,6,-0.0,false,lata
120,Pepsi,Extrema,EXT_L2,7,-0.0,false,lata
120,Pepsi,Extrema,EXT_L2,8,-0.0,false,lata
120,Pepsi,Extrema,EXT_L2,9,-0.0,false,lata
120,Pepsi,Extrema,EXT_L2,10,-0.0,false,lata
120,Pepsi,Extrema,EXT_L2,11,-0.0,false,lata
120,Pepsi,Extrema,EXT_L2,12,-0.0,false,lata
120,Pepsi,Extrema,EXT_L2,13,-0.0,false,lata
120,Pepsi,Extrema,EXT_L2,14,-0.0,false,lata
120,Pepsi,Extrema,EXT_L2,15,-0.0,false,lata
120,Pepsi,Extrema,EXT_L3,1,-0.0,false,lata
120,Pepsi,Extrema,EXT_L3,2,-0.0,false,lata
120,Pepsi,Extrema,EXT_L3,3,-0.0,false,lata
120,Pepsi,Extrema,EXT_L3,4,-0.0,false,lata
120,Pepsi,Extrema,EXT_L3,5,-0.0,false,lata
120,Pepsi,Extrema,EXT_L3,6,-0.0,false,lata
120,Pepsi,Extrema,EXT_L3,7,-1.0e6,true,lata
120,Pepsi,Extrema,EXT_L3,8,-0.0,false,lata
120,Pepsi,Extrema,EXT_L3,9,-0.0,false,lata
120,Pepsi,Extrema,EXT_L3,10,-0.0,false,lata
120,Pepsi,Extrema,EXT_L3,11,-0.0,false,lata
120,Pepsi,Extrema,EXT_L3,12,-0.0,false,lata
120,Pepsi,Extrema,EXT_L3,13,-0.0,false,lata
120,Pepsi,Extrema,EXT_L3,14,-1.0e6,true,lata
120,Pepsi,Extrema,EXT_L3,15,-0.0,false,lata
120,Pepsi,Tres Rios,TRE_L1,1,-0.0,false,lata
120,Pepsi,Tres Rios,TRE_L1,2,-0.0,false,lata
120,Pepsi,Tres Rios,TRE_L1,3,-0.0,false,lata
120,Pepsi,Tres Rios,TRE_L1,4,-0.0,false,lata
120,Pepsi,Tres Rios,TRE_L1,5,-0.0,false,lata
120,Pepsi,Tres Rios,TRE_L1,6,-0.0,false,lata
120,Pepsi,Tres Rios,TRE_L1,7,-0.0,false,lata
120,Pepsi,Tres Rios,TRE_L1,8,-1.0e6,true,lata
120,Pepsi,Tres Rios,TRE_L1,9,-0.0,false,lata
120,Pepsi,Tres Rios,TRE_L1,10,-0.0,false,lata
120,Pepsi,Tres Rios,TRE_L1,11,-0.0,false,lata
120,Pepsi,Tres Rios,TRE_L1,12,-1.0e6,true,lata
120,Pepsi,Tres Rios,TRE_L1,13,-0.0,false,lata
120,Pepsi,Tres Rios,TRE_L1,14,-0.0,false,lata
120,Pepsi,Tres Rios,TRE_L1,15,-0.0,false,lata
120,Pepsi,Tres Rios,TRE_L2,1,-0.0,false,lata
120,Pepsi,Tres Rios,TRE_L2,2,-0.0,false,lata
120,Pepsi,Tres Rios,TRE_L2,3,-0.0,false,lata
120,Pepsi,Tres Rios,TRE_L2,4,-0.0,false,lata
120,Pepsi,Tres Rios,TRE_L2,5,-0.0,false,lata
120,Pepsi,Tres Rios,TRE_L2,6,-0.0,false,lata
120,Pepsi,Tres Rios,TRE_L2,7,-0.0,false,lata
120,Pepsi,Tres Rios,TRE_L2,8,-0.0,false,lata
120,Pepsi,Tres Rios,TRE_L2,9,-0.0,false,lata
120,Pepsi,Tres Rios,TRE_L2,10,-0.0,false,lata
120,Pepsi,Tres Rios,TRE_L2,11,-0.0,false,lata
120,Pepsi,Tres Rios,TRE_L2,12,-0.0,false,lata
120,Pepsi,Tres Rios,TRE_L2,13,-0.0,false,lata
120,Pepsi,Tres Rios,TRE_L2,14,-0.0,false,lata
120,Pepsi,Tres Rios,TRE_L2,15,-0.0,false,lata
120,Pepsi,Tres Rios,TRE_L3,1,-0.0,false,lata
120,Pepsi,Tres Rios,TRE_L3,2,-0.0,false,lata
120,Pepsi,Tres Rios,TRE_L3,3,-0.0,false,lata
120,Pepsi,Tres Rios,TRE_L3,4,-0.0,false,lata
120,Pepsi,Tres Rios,TRE_L3,5,-0.0,false,lata
120,Pepsi,Tres Rios,TRE_L3,6,-0.0,false,lata
120,Pepsi,Tres Rios,TRE_L3,7,-1.0e6,true,lata
120,Pepsi,Tres Rios,TRE_L3,8,-0.0,false,lata
120,Pepsi,Tres Rios,TRE_L3,9,-1.0e6,true,lata
120,Pepsi,Tres Rios,TRE_L3,10,-0.0,false,lata
120,Pepsi,Tres Rios,TRE_L3,11,-0.0,false,lata
120,Pepsi,Tres Rios,TRE_L3,12,-0.0,false,lata
120,Pepsi,Tres Rios,TRE_L3,13,-0.0,false,lata
120,Pepsi,Tres Rios,TRE_L3,14,-0.0,false,lata
120,Pepsi,Tres Rios,TRE_L3,15,-0.0,false,lata
120,Pepsi,Alagoinhas,ALA_L1,1,-0.0,false,lata
120,Pepsi,Alagoinhas,ALA_L1,2,-1.0e6,true,lata
120,Pepsi,Alagoinhas,ALA_L1,3,-0.0,false,lata
120,Pepsi,Alagoinhas,ALA_L1,4,-0.0,false,lata
120,Pepsi,Alagoinhas,ALA_L1,5,-0.0,false,lata
120,Pepsi,Alagoinhas,ALA_L1,6,-0.0,false,lata
120,Pepsi,Alagoinhas,ALA_L1,7,-0.0,false,lata
120,Pepsi,Alagoinhas,ALA_L1,8,-0.0,false,lata
120,Pepsi,Alagoinhas,ALA_L1,9,-0.0,false,lata
120,Pepsi,Alagoinhas,ALA_L1,10,-0.0,false,lata
120,Pepsi,Alagoinhas,ALA_L1,11,-0.0,false,lata
120,Pepsi,Alagoinhas,ALA_L1,12,-0.0,false,lata
120,Pepsi,Alagoinhas,ALA_L1,13,-0.0,false,lata
120,Pepsi,Alagoinhas,ALA_L1,14,-0.0,false,lata
120,Pepsi,Alagoinhas,ALA_L1,15,-0.0,false,lata
120,Pepsi,Alagoinhas,ALA_L2,1,-0.0,false,lata
120,Pepsi,Alagoinhas,ALA_L2,2,-0.0,false,lata
120,Pepsi,Alagoinhas,ALA_L2,3,-0.0,false,lata
120,Pepsi,Alagoinhas,ALA_L2,4,-0.0,false,lata
120,Pepsi,Alagoinhas,ALA_L2,5,-0.0,false,lata
120,Pepsi,Alagoinhas,ALA_L2,6,-0.0,false,lata
120,Pepsi,Alagoinhas,ALA_L2,7,-0.0,false,lata
120,Pepsi,Alagoinhas,ALA_L2,8,-0.0,false,lata
120,Pepsi,Alagoinhas,ALA_L2,9,-0.0,false,lata
120,Pepsi,Alagoinhas,ALA_L2,10,-0.0,false,lata
120,Pepsi,Alagoinhas,ALA_L2,11,-0.0,false,lata
120,Pepsi,Alagoinhas,ALA_L2,12,-0.0,false,lata
120,Pepsi,Alagoinhas,ALA_L2,13,-0.0,false,lata
120,Pepsi,Alagoinhas,ALA_L2,14,-0.0,false,lata
120,Pepsi,Alagoinhas,ALA_L2,15,-0.0,false,lata
120,Pepsi,Alagoinhas,ALA_L3,1,-0.0,false,lata
120,Pepsi,Alagoinhas,ALA_L3,2,-0.0,false,lata
120,Pepsi,Alagoinhas,ALA_L3,3,-0.0,false,lata
120,Pepsi,Alagoinhas,ALA_L3,4,-0.0,false,lata
120,Pepsi,Alagoinhas,ALA_L3,5,-0.0,false,lata
120,Pepsi,Alagoinhas,ALA_L3,6,-0.0,false,lata
120,Pepsi,Alagoinhas,ALA_L3,7,-0.0,false,lata
120,Pepsi,Alagoinhas,ALA_L3,8,-0.0,false,lata
120,Pepsi,Alagoinhas,ALA_L3,9,-0.0,false,lata
120,Pepsi,Alagoinhas,ALA_L3,10,-1.0e6,true,lata
120,Pepsi,Alagoinhas,ALA_L3,11,-0.0,false,lata
120,Pepsi,Alagoinhas,ALA_L3,12,-0.0,false,lata
120,Pepsi,Alagoinhas,ALA_L3,13,-0.0,false,lata
120,Pepsi,Alagoinhas,ALA_L3,14,-0.0,false,lata
120,Pepsi,Alagoinhas,ALA_L3,15,-0.0,false,lata
120,Pepsi,Frutal,FRU_L1,1,-0.0,false,lata
120,Pepsi,Frutal,FRU_L1,2,-0.0,false,lata
120,Pepsi,Frutal,FRU_L1,3,-1.0e6,true,lata
120,Pepsi,Frutal,FRU_L1,4,-0.0,false,lata
120,Pepsi,Frutal,FRU_L1,5,-0.0,false,lata
120,Pepsi,Frutal,FRU_L1,6,-0.0,false,lata
120,Pepsi,Frutal,FRU_L1,7,-0.0,false,lata
120,Pepsi,Frutal,FRU_L1,8,-0.0,false,lata
120,Pepsi,Frutal,FRU_L1,9,-0.0,false,lata
120,Pepsi,Frutal,FRU_L1,10,-0.0,false,lata
120,Pepsi,Frutal,FRU_L1,11,-0.0,false,lata
120,Pepsi,Frutal,FRU_L1,12,-0.0,false,lata
120,Pepsi,Frutal,FRU_L1,13,-0.0,false,lata
120,Pepsi,Frutal,FRU_L1,14,-0.0,false,lata
120,Pepsi,Frutal,FRU_L1,15,-0.0,false,lata
120,Pepsi,Frutal,FRU_L2,1,-0.0,false,lata
120,Pepsi,Frutal,FRU_L2,2,-1.0e6,true,lata
120,Pepsi,Frutal,FRU_L2,3,-0.0,false,lata
120,Pepsi,Frutal,FRU_L2,4,-0.0,false,lata
120,Pepsi,Frutal,FRU_L2,5,-0.0,false,lata
120,Pepsi,Frutal,FRU_L2,6,-1.0e6,true,lata
120,Pepsi,Frutal,FRU_L2,7,-0.0,false,lata
120,Pepsi,Frutal,FRU_L2,8,-0.0,false,lata
120,Pepsi,Frutal,FRU_L2,9,-0.0,false,lata
120,Pepsi,Frutal,FRU_L2,10,-0.0,false,lata
120,Pepsi,Frutal,FRU_L2,11,-0.0,false,lata
120,Pepsi,Frutal,FRU_L2,12,-0.0,false,lata
120,Pepsi,Frutal,FRU_L2,13,-0.0,false,lata
120,Pepsi,Frutal,FRU_L2,14,-0.0,false,lata
120,Pepsi,Frutal,FRU_L2,15,-0.0,false,lata
120,Pepsi,Frutal,FRU_L3,1,-0.0,false,lata
120,Pepsi,Frutal,FRU_L3,2,-0.0,false,lata
120,Pepsi,Frutal,FRU_L3,3,-0.0,false,lata
120,Pepsi,Frutal,FRU_L3,4,-0.0,false,lata
120,Pepsi,Frutal,FRU_L3,5,-0.0,false,lata
120,Pepsi,Frutal,FRU_L3,6,-0.0,false,lata
120,Pepsi,Frutal,FRU_L3,7,-0.0,false,lata
120,Pepsi,Frutal,FRU_L3,8,-0.0,false,lata
120,Pepsi,Frutal,FRU_L3,9,-0.0,false,lata
120,Pepsi,Frutal,FRU_L3,10,-0.0,false,lata
120,Pepsi,Frutal,FRU_L3,11,-0.0,false,lata
120,Pepsi,Frutal,FRU_L3,12,-0.0,false,lata
120,Pepsi,Frutal,FRU_L3,13,-0.0,false,lata
120,Pepsi,Frutal,FRU_L3,14,-0.0,false,lata
120,Pepsi,Frutal,FRU_L3,15,-0.0,false,lata
120,Pepsi,Pouso Alegre,POU_L1,1,-0.0,false,lata
120,Pepsi,Pouso Alegre,POU_L1,2,-0.0,false,lata
120,Pepsi,Pouso Alegre,POU_L1,3,-0.0,false,lata
120,Pepsi,Pouso Alegre,POU_L1,4,-0.0,false,lata
120,Pepsi,Pouso Alegre,POU_L1,5,-0.0,false,lata
120,Pepsi,Pouso Alegre,POU_L1,6,-0.0,false,lata
120,Pepsi,Pouso Alegre,POU_L1,7,-0.0,false,lata
120,Pepsi,Pouso Alegre,POU_L1,8,-0.0,false,lata
120,Pepsi,Pouso Alegre,POU_L1,9,-0.0,false,lata
120,Pepsi,Pouso Alegre,POU_L1,10,-0.0,false,lata
120,Pepsi,Pouso Alegre,POU_L1,11,-0.0,false,lata
120,Pepsi,Pouso Alegre,POU_L1,12,-0.0,false,lata
120,Pepsi,Pouso Alegre,POU_L1,13,-0.0,false,lata
120,Pepsi,Pouso Alegre,POU_L1,14,-0.0,false,lata
120,Pepsi,Pouso Alegre,POU_L1,15,-0.0,false,lata
120,Pepsi,Pouso Alegre,POU_L2,1,-1.0e6,true,lata
120,Pepsi,Pouso Alegre,POU_L2,2,-0.0,false,lata
120,Pepsi,Pouso Alegre,POU_L2,3,-0.0,false,lata
120,Pepsi,Pouso Alegre,POU_L2,4,-0.0,false,lata
120,Pepsi,Pouso Alegre,POU_L2,5,-0.0,false,lata
120,Pepsi,Pouso Alegre,POU_L2,6,-0.0,false,lata
120,Pepsi,Pouso Alegre,POU_L2,7,-0.0,false,lata
120,Pepsi,Pouso Alegre,POU_L2,8,-0.0,false,lata
120,Pepsi,Pouso Alegre,POU_L2,9,-0.0,false,lata
120,Pepsi,Pouso Alegre,POU_L2,10,-0.0,false,lata
120,Pepsi,Pouso Alegre,POU_L2,11,-0.0,false,lata
120,Pepsi,Pouso Alegre,POU_L2,12,-0.0,false,lata
120,Pepsi,Pouso Alegre,POU_L2,13,-0.0,false,lata
120,Pepsi,Pouso Alegre,POU_L2,14,-0.0,false,lata
120,Pepsi,Pouso Alegre,POU_L2,15,-0.0,false,lata
120,Pepsi,Pouso Alegre,POU_L3,1,-0.0,false,lata
120,Pepsi,Pouso Alegre,POU_L3,2,-0.0,false,lata
120,Pepsi,Pouso Alegre,POU_L3,3,-999999.9848293001,false,lata
120,Pepsi,Pouso Alegre,POU_L3,4,-0.0,false,lata
120,Pepsi,Pouso Alegre,POU_L3,5,-0.0,false,lata
120,Pepsi,Pouso Alegre,POU_L3,6,-0.0,false,lata
120,Pepsi,Pouso Alegre,POU_L3,7,-0.0,false,lata
120,Pepsi,Pouso Alegre,POU_L3,8,-0.0,false,lata
120,Pepsi,Pouso Alegre,POU_L3,9,-0.0,false,lata
120,Pepsi,Pouso Alegre,POU_L3,10,-0.0,false,lata
120,Pepsi,Pouso Alegre,POU_L3,11,-0.0,false,lata
120,Pepsi,Pouso Alegre,POU_L3,12,-0.0,false,lata
120,Pepsi,Pouso Alegre,POU_L3,13,-0.0,false,lata
120,Pepsi,Pouso Alegre,POU_L3,14,-0.0,false,lata
120,Pepsi,Pouso Alegre,POU_L3,15,-0.0,false,lata
120,Pepsi,Gama,GAM_L1,1,-0.0,false,lata
120,Pepsi,Gama,GAM_L1,2,-0.0,false,lata
120,Pepsi,Gama,GAM_L1,3,-0.0,false,lata
120,Pepsi,Gama,GAM_L1,4,-0.0,false,lata
120,Pepsi,Gama,GAM_L1,5,-0.0,false,lata
120,Pepsi,Gama,GAM_L1,6,-0.0,false,lata
120,Pepsi,Gama,GAM_L1,7,-0.0,false,lata
120,Pepsi,Gama,GAM_L1,8,-0.0,false,lata
120,Pepsi,Gama,GAM_L1,9,-0.0,false,lata
120,Pepsi,Gama,GAM_L1,10,-0.0,false,lata
120,Pepsi,Gama,GAM_L1,11,-0.0,false,lata
120,Pepsi,Gama,GAM_L1,12,-999999.9658542,false,lata
120,Pepsi,Gama,GAM_L1,13,-0.0,false,lata
120,Pepsi,Gama,GAM_L1,14,-0.0,false,lata
120,Pepsi,Gama,GAM_L1,15,-0.0,false,lata
120,Pepsi,Gama,GAM_L2,1,-0.0,false,lata
120,Pepsi,Gama,GAM_L2,2,-0.0,false,lata
120,Pepsi,Gama,GAM_L2,3,-0.0,false,lata
120,Pepsi,Gama,GAM_L2,4,-0.0,false,lata
120,Pepsi,Gama,GAM_L2,5,-0.0,false,lata
120,Pepsi,Gama,GAM_L2,6,-0.0,false,lata
120,Pepsi,Gama,GAM_L2,7,-0.0,false,lata
120,Pepsi,Gama,GAM_L2,8,-0.0,false,lata
120,Pepsi,Gama,GAM_L2,9,-0.0,false,lata
120,Pepsi,Gama,GAM_L2,10,-0.0,false,lata
120,Pepsi,Gama,GAM_L2,11,-0.0,false,lata
120,Pepsi,Gama,GAM_L2,12,-0.0,false,lata
120,Pepsi,Gama,GAM_L2,13,-0.0,false,lata
120,Pepsi,Gama,GAM_L2,14,-0.0,false,lata
120,Pepsi,Gama,GAM_L2,15,-0.0,false,lata
120,Pepsi,Gama,GAM_L3,1,-1.0e6,true,lata
120,Pepsi,Gama,GAM_L3,2,-1.0e6,true,lata
120,Pepsi,Gama,GAM_L3,3,-0.0,false,lata
120,Pepsi,Gama,GAM_L3,4,-0.0,false,lata
120,Pepsi,Gama,GAM_L3,5,-0.0,false,lata
120,Pepsi,Gama,GAM_L3,6,-1.0e6,true,lata
120,Pepsi,Gama,GAM_L3,7,-0.0,false,lata
120,Pepsi,Gama,GAM_L3,8,-1.0e6,true,lata
120,Pepsi,Gama,GAM_L3,9,-0.0,false,lata
120,Pepsi,Gama,GAM_L3,10,-0.0,false,lata
120,Pepsi,Gama,GAM_L3,11,-0.0,false,lata
120,Pepsi,Gama,GAM_L3,12,-0.0,false,lata
120,Pepsi,Gama,GAM_L3,13,-0.0,false,lata
120,Pepsi,Gama,GAM_L3,14,-0.0,false,lata
120,Pepsi,Gama,GAM_L3,15,-0.0,false,lata
120,Pepsi,Viamao,VIA_L1,1,-0.0,false,lata
120,Pepsi,Viamao,VIA_L1,2,-0.0,false,lata
120,Pepsi,Viamao,VIA_L1,3,-1.0e6,true,lata
120,Pepsi,Viamao,VIA_L1,4,-0.0,false,lata
120,Pepsi,Viamao,VIA_L1,5,-0.0,false,lata
120,Pepsi,Viamao,VIA_L1,6,-0.0,false,lata
120,Pepsi,Viamao,VIA_L1,7,-0.0,false,lata
120,Pepsi,Viamao,VIA_L1,8,-0.0,false,lata
120,Pepsi,Viamao,VIA_L1,9,-0.0,false,lata
120,Pepsi,Viamao,VIA_L1,10,-0.0,false,lata
120,Pepsi,Viamao,VIA_L1,11,-0.0,false,lata
120,Pepsi,Viamao,VIA_L1,12,-0.0,false,lata
120,Pepsi,Viamao,VIA_L1,13,-0.0,false,lata
120,Pepsi,Viamao,VIA_L1,14,-0.0,false,lata
120,Pepsi,Viamao,VIA_L1,15,-0.0,false,lata
120,Pepsi,Viamao,VIA_L2,1,-0.0,false,lata
120,Pepsi,Viamao,VIA_L2,2,-1.0e6,true,lata
120,Pepsi,Viamao,VIA_L2,3,-0.0,false,lata
120,Pepsi,Viamao,VIA_L2,4,-0.0,false,lata
120,Pepsi,Viamao,VIA_L2,5,-0.0,false,lata
120,Pepsi,Viamao,VIA_L2,6,-1.0e6,true,lata
120,Pepsi,Viamao,VIA_L2,7,-0.0,false,lata
120,Pepsi,Viamao,VIA_L2,8,-0.0,false,lata
120,Pepsi,Viamao,VIA_L2,9,-0.0,false,lata
120,Pepsi,Viamao,VIA_L2,10,-0.0,false,lata
120,Pepsi,Viamao,VIA_L2,11,-0.0,false,lata
120,Pepsi,Viamao,VIA_L2,12,-0.0,false,lata
120,Pepsi,Viamao,VIA_L2,13,-0.0,false,lata
120,Pepsi,Viamao,VIA_L2,14,-0.0,false,lata
120,Pepsi,Viamao,VIA_L2,15,-0.0,false,lata
120,Pepsi,Viamao,VIA_L3,1,-0.0,false,lata
120,Pepsi,Viamao,VIA_L3,2,-0.0,false,lata
120,Pepsi,Viamao,VIA_L3,3,-0.0,false,lata
120,Pepsi,Viamao,VIA_L3,4,-0.0,false,lata
120,Pepsi,Viamao,VIA_L3,5,-0.0,false,lata
120,Pepsi,Viamao,VIA_L3,6,-0.0,false,lata
120,Pepsi,Viamao,VIA_L3,7,-1.0e6,true,lata
120,Pepsi,Viamao,VIA_L3,8,-0.0,false,lata
120,Pepsi,Viamao,VIA_L3,9,-0.0,false,lata
120,Pepsi,Viamao,VIA_L3,10,-0.0,false,lata
120,Pepsi,Viamao,VIA_L3,11,-0.0,false,lata
120,Pepsi,Viamao,VIA_L3,12,-0.0,false,lata
120,Pepsi,Viamao,VIA_L3,13,-0.0,false,lata
120,Pepsi,Viamao,VIA_L3,14,-0.0,false,lata
120,Pepsi,Viamao,VIA_L3,15,-0.0,false,lata
120,Pepsi,Itupeva,ITU_L1,1,-0.0,false,lata
120,Pepsi,Itupeva,ITU_L1,2,-1.0e6,true,lata
120,Pepsi,Itupeva,ITU_L1,3,-0.0,false,lata
120,Pepsi,Itupeva,ITU_L1,4,-0.0,false,lata
120,Pepsi,Itupeva,ITU_L1,5,-0.0,false,lata
120,Pepsi,Itupeva,ITU_L1,6,-1.0e6,true,lata
120,Pepsi,Itupeva,ITU_L1,7,-0.0,false,lata
120,Pepsi,Itupeva,ITU_L1,8,-0.0,false,lata
120,Pepsi,Itupeva,ITU_L1,9,-0.0,false,lata
120,Pepsi,Itupeva,ITU_L1,10,-0.0,false,lata
120,Pepsi,Itupeva,ITU_L1,11,-0.0,false,lata
120,Pepsi,Itupeva,ITU_L1,12,-0.0,false,lata
120,Pepsi,Itupeva,ITU_L1,13,-0.0,false,lata
120,Pepsi,Itupeva,ITU_L1,14,-0.0,false,lata
120,Pepsi,Itupeva,ITU_L1,15,-0.0,false,lata
120,Pepsi,Itupeva,ITU_L2,1,-1.0e6,true,lata
120,Pepsi,Itupeva,ITU_L2,2,-0.0,false,lata
120,Pepsi,Itupeva,ITU_L2,3,-0.0,false,lata
120,Pepsi,Itupeva,ITU_L2,4,-0.0,false,lata
120,Pepsi,Itupeva,ITU_L2,5,-1.0e6,true,lata
120,Pepsi,Itupeva,ITU_L2,6,-0.0,false,lata
120,Pepsi,Itupeva,ITU_L2,7,-0.0,false,lata
120,Pepsi,Itupeva,ITU_L2,8,-0.0,false,lata
120,Pepsi,Itupeva,ITU_L2,9,-0.0,false,lata
120,Pepsi,Itupeva,ITU_L2,10,-0.0,false,lata
120,Pepsi,Itupeva,ITU_L2,11,-0.0,false,lata
120,Pepsi,Itupeva,ITU_L2,12,-0.0,false,lata
120,Pepsi,Itupeva,ITU_L2,13,-0.0,false,lata
120,Pepsi,Itupeva,ITU_L2,14,-0.0,false,lata
120,Pepsi,Itupeva,ITU_L2,15,-0.0,false,lata
120,Pepsi,Itupeva,ITU_L3,1,-0.0,false,lata
120,Pepsi,Itupeva,ITU_L3,2,-0.0,false,lata
120,Pepsi,Itupeva,ITU_L3,3,-0.0,false,lata
120,Pepsi,Itupeva,ITU_L3,4,-0.0,false,lata
120,Pepsi,Itupeva,ITU_L3,5,-0.0,false,lata
120,Pepsi,Itupeva,ITU_L3,6,-0.0,false,lata
120,Pepsi,Itupeva,ITU_L3,7,-0.0,false,lata
120,Pepsi,Itupeva,ITU_L3,8,-0.0,false,lata
120,Pepsi,Itupeva,ITU_L3,9,-0.0,false,lata
120,Pepsi,Itupeva,ITU_L3,10,-0.0,false,lata
120,Pepsi,Itupeva,ITU_L3,11,-0.0,false,lata
120,Pepsi,Itupeva,ITU_L3,12,-1.0e6,true,lata
120,Pepsi,Itupeva,ITU_L3,13,-0.0,false,lata
120,Pepsi,Itupeva,ITU_L3,14,-0.0,false,lata
120,Pepsi,Itupeva,ITU_L3,15,-0.0,false,lata
120,Pepsi,Cabo de Santo Agostinho,CAB_L1,1,-0.0,false,lata
120,Pepsi,Cabo de Santo Agostinho,CAB_L1,2,-0.0,false,lata
120,Pepsi,Cabo de Santo Agostinho,CAB_L1,3,-0.0,false,lata
120,Pepsi,Cabo de Santo Agostinho,CAB_L1,4,-0.0,false,lata
120,Pepsi,Cabo de Santo Agostinho,CAB_L1,5,-0.0,false,lata
120,Pepsi,Cabo de Santo Agostinho,CAB_L1,6,-0.0,false,lata
120,Pepsi,Cabo de Santo Agostinho,CAB_L1,7,-0.0,false,lata
120,Pepsi,Cabo de Santo Agostinho,CAB_L1,8,-0.0,false,lata
120,Pepsi,Cabo de Santo Agostinho,CAB_L1,9,-0.0,false,lata
120,Pepsi,Cabo de Santo Agostinho,CAB_L1,10,-0.0,false,lata
120,Pepsi,Cabo de Santo Agostinho,CAB_L1,11,-0.0,false,lata
120,Pepsi,Cabo de Santo Agostinho,CAB_L1,12,-0.0,false,lata
120,Pepsi,Cabo de Santo Agostinho,CAB_L1,13,-0.0,false,lata
120,Pepsi,Cabo de Santo Agostinho,CAB_L1,14,-0.0,false,lata
120,Pepsi,Cabo de Santo Agostinho,CAB_L1,15,-1.0e6,true,lata
120,Pepsi,Cabo de Santo Agostinho,CAB_L2,1,-0.0,false,lata
120,Pepsi,Cabo de Santo Agostinho,CAB_L2,2,-0.0,false,lata
120,Pepsi,Cabo de Santo Agostinho,CAB_L2,3,-0.0,false,lata
120,Pepsi,Cabo de Santo Agostinho,CAB_L2,4,-0.0,false,lata
120,Pepsi,Cabo de Santo Agostinho,CAB_L2,5,-0.0,false,lata
120,Pepsi,Cabo de Santo Agostinho,CAB_L2,6,-0.0,false,lata
120,Pepsi,Cabo de Santo Agostinho,CAB_L2,7,-0.0,false,lata
120,Pepsi,Cabo de Santo Agostinho,CAB_L2,8,-0.0,false,lata
120,Pepsi,Cabo de Santo Agostinho,CAB_L2,9,-0.0,false,lata
120,Pepsi,Cabo de Santo Agostinho,CAB_L2,10,-0.0,false,lata
120,Pepsi,Cabo de Santo Agostinho,CAB_L2,11,-0.0,false,lata
120,Pepsi,Cabo de Santo Agostinho,CAB_L2,12,-1.0e6,true,lata
120,Pepsi,Cabo de Santo Agostinho,CAB_L2,13,-0.0,false,lata
120,Pepsi,Cabo de Santo Agostinho,CAB_L2,14,-0.0,false,lata
120,Pepsi,Cabo de Santo Agostinho,CAB_L2,15,-0.0,false,lata
120,Pepsi,Cabo de Santo Agostinho,CAB_L3,1,-0.0,false,lata
120,Pepsi,Cabo de Santo Agostinho,CAB_L3,2,-0.0,false,lata
120,Pepsi,Cabo de Santo Agostinho,CAB_L3,3,-0.0,false,lata
120,Pepsi,Cabo de Santo Agostinho,CAB_L3,4,-0.0,false,lata
120,Pepsi,Cabo de Santo Agostinho,CAB_L3,5,-0.0,false,lata
120,Pepsi,Cabo de Santo Agostinho,CAB_L3,6,-0.0,false,lata
120,Pepsi,Cabo de Santo Agostinho,CAB_L3,7,-0.0,false,lata
120,Pepsi,Cabo de Santo Agostinho,CAB_L3,8,-0.0,false,lata
120,Pepsi,Cabo de Santo Agostinho,CAB_L3,9,-0.0,false,lata
120,Pepsi,Cabo de Santo Agostinho,CAB_L3,10,-0.0,false,lata
120,Pepsi,Cabo de Santo Agostinho,CAB_L3,11,-0.0,false,lata
120,Pepsi,Cabo de Santo Agostinho,CAB_L3,12,-0.0,false,lata
120,Pepsi,Cabo de Santo Agostinho,CAB_L3,13,-0.0,false,lata
120,Pepsi,Cabo de Santo Agostinho,CAB_L3,14,-0.0,false,lata
120,Pepsi,Cabo de Santo Agostinho,CAB_L3,15,-0.0,false,lata
120,Kuat,Jacarei,JAC_L1,1,-0.0,false,lata
120,Kuat,Jacarei,JAC_L1,2,-0.0,false,lata
120,Kuat,Jacarei,JAC_L1,3,-0.0,false,lata
120,Kuat,Jacarei,JAC_L1,4,-0.0,false,lata
120,Kuat,Jacarei,JAC_L1,5,-0.0,false,lata
120,Kuat,Jacarei,JAC_L1,6,-0.0,false,lata
120,Kuat,Jacarei,JAC_L1,7,-999999.9518070498,false,lata
120,Kuat,Jacarei,JAC_L1,8,-0.0,false,lata
120,Kuat,Jacarei,JAC_L1,9,-0.0,false,lata
120,Kuat,Jacarei,JAC_L1,10,-0.0,false,lata
120,Kuat,Jacarei,JAC_L1,11,-0.0,false,lata
120,Kuat,Jacarei,JAC_L1,12,-0.0,false,lata
120,Kuat,Jacarei,JAC_L1,13,-999999.8143030001,false,lata
120,Kuat,Jacarei,JAC_L1,14,-0.0,false,lata
120,Kuat,Jacarei,JAC_L1,15,-0.0,false,lata
120,Kuat,Jacarei,JAC_L2,1,-999999.9547600499,false,lata
120,Kuat,Jacarei,JAC_L2,2,-0.0,false,lata
120,Kuat,Jacarei,JAC_L2,3,-0.0,false,lata
120,Kuat,Jacarei,JAC_L2,4,-0.0,false,lata
120,Kuat,Jacarei,JAC_L2,5,-0.0,false,lata
120,Kuat,Jacarei,JAC_L2,6,-999999.6794440497,false,lata
120,Kuat,Jacarei,JAC_L2,7,-0.0,false,lata
120,Kuat,Jacarei,JAC_L2,8,-0.0,false,lata
120,Kuat,Jacarei,JAC_L2,9,-0.0,false,lata
120,Kuat,Jacarei,JAC_L2,10,-0.0,false,lata
120,Kuat,Jacarei,JAC_L2,11,-0.0,false,lata
120,Kuat,Jacarei,JAC_L2,12,-0.0,false,lata
120,Kuat,Jacarei,JAC_L2,13,-0.0,false,lata
120,Kuat,Jacarei,JAC_L2,14,-0.0,false,lata
120,Kuat,Jacarei,JAC_L2,15,-0.0,false,lata
120,Kuat,Jacarei,JAC_L3,1,-0.0,false,lata
120,Kuat,Jacarei,JAC_L3,2,-0.0,false,lata
120,Kuat,Jacarei,JAC_L3,3,-999999.9648502,false,lata
120,Kuat,Jacarei,JAC_L3,4,-0.0,false,lata
120,Kuat,Jacarei,JAC_L3,5,-0.0,false,lata
120,Kuat,Jacarei,JAC_L3,6,-999999.6794440497,false,lata
120,Kuat,Jacarei,JAC_L3,7,-0.0,false,lata
120,Kuat,Jacarei,JAC_L3,8,-999999.9304352499,false,lata
120,Kuat,Jacarei,JAC_L3,9,-0.0,false,lata
120,Kuat,Jacarei,JAC_L3,10,-0.0,false,lata
120,Kuat,Jacarei,JAC_L3,11,-0.0,false,lata
120,Kuat,Jacarei,JAC_L3,12,-0.0,false,lata
120,Kuat,Jacarei,JAC_L3,13,-0.0,false,lata
120,Kuat,Jacarei,JAC_L3,14,-0.0,false,lata
120,Kuat,Jacarei,JAC_L3,15,-0.0,false,lata
120,Kuat,Extrema,EXT_L1,1,-0.0,false,lata
120,Kuat,Extrema,EXT_L1,2,-0.0,false,lata
120,Kuat,Extrema,EXT_L1,3,-0.0,false,lata
120,Kuat,Extrema,EXT_L1,4,-0.0,false,lata
120,Kuat,Extrema,EXT_L1,5,-0.0,false,lata
120,Kuat,Extrema,EXT_L1,6,-0.0,false,lata
120,Kuat,Extrema,EXT_L1,7,-0.0,false,lata
120,Kuat,Extrema,EXT_L1,8,-999999.9317159,false,lata
120,Kuat,Extrema,EXT_L1,9,-0.0,false,lata
120,Kuat,Extrema,EXT_L1,10,-999999.9459532,false,lata
120,Kuat,Extrema,EXT_L1,11,-0.0,false,lata
120,Kuat,Extrema,EXT_L1,12,-0.0,false,lata
120,Kuat,Extrema,EXT_L1,13,-999999.8155836501,false,lata
120,Kuat,Extrema,EXT_L1,14,-0.0,false,lata
120,Kuat,Extrema,EXT_L1,15,-0.0,false,lata
120,Kuat,Extrema,EXT_L2,1,-0.0,false,lata
120,Kuat,Extrema,EXT_L2,2,-0.0,false,lata
120,Kuat,Extrema,EXT_L2,3,-999999.9637843,false,lata
120,Kuat,Extrema,EXT_L2,4,-0.0,false,lata
120,Kuat,Extrema,EXT_L2,5,-0.0,false,lata
120,Kuat,Extrema,EXT_L2,6,-0.0,false,lata
120,Kuat,Extrema,EXT_L2,7,-0.0,false,lata
120,Kuat,Extrema,EXT_L2,8,-0.0,false,lata
120,Kuat,Extrema,EXT_L2,9,-0.0,false,lata
120,Kuat,Extrema,EXT_L2,10,-0.0,false,lata
120,Kuat,Extrema,EXT_L2,11,-0.0,false,lata
120,Kuat,Extrema,EXT_L2,12,-0.0,false,lata
120,Kuat,Extrema,EXT_L2,13,-999999.8155836501,false,lata
120,Kuat,Extrema,EXT_L2,14,-0.0,false,lata
120,Kuat,Extrema,EXT_L2,15,-0.0,false,lata
120,Kuat,Extrema,EXT_L3,1,-0.0,false,lata
120,Kuat,Extrema,EXT_L3,2,-0.0,false,lata
120,Kuat,Extrema,EXT_L3,3,-0.0,false,lata
120,Kuat,Extrema,EXT_L3,4,-0.0,false,lata
120,Kuat,Extrema,EXT_L3,5,-0.0,false,lata
120,Kuat,Extrema,EXT_L3,6,-0.0,false,lata
120,Kuat,Extrema,EXT_L3,7,-0.0,false,lata
120,Kuat,Extrema,EXT_L3,8,-999999.9317159,false,lata
120,Kuat,Extrema,EXT_L3,9,-0.0,false,lata
120,Kuat,Extrema,EXT_L3,10,-0.0,false,lata
120,Kuat,Extrema,EXT_L3,11,-0.0,false,lata
120,Kuat,Extrema,EXT_L3,12,-0.0,false,lata
120,Kuat,Extrema,EXT_L3,13,-0.0,false,lata
120,Kuat,Extrema,EXT_L3,14,-0.0,false,lata
120,Kuat,Extrema,EXT_L3,15,-0.0,false,lata
120,Kuat,Tres Rios,TRE_L1,1,-0.0,false,lata
120,Kuat,Tres Rios,TRE_L1,2,-0.0,false,lata
120,Kuat,Tres Rios,TRE_L1,3,-0.0,false,lata
120,Kuat,Tres Rios,TRE_L1,4,-0.0,false,lata
120,Kuat,Tres Rios,TRE_L1,5,-0.0,false,lata
120,Kuat,Tres Rios,TRE_L1,6,-0.0,false,lata
120,Kuat,Tres Rios,TRE_L1,7,-0.0,false,lata
120,Kuat,Tres Rios,TRE_L1,8,-0.0,false,lata
120,Kuat,Tres Rios,TRE_L1,9,-0.0,false,lata
120,Kuat,Tres Rios,TRE_L1,10,-0.0,false,lata
120,Kuat,Tres Rios,TRE_L1,11,-0.0,false,lata
120,Kuat,Tres Rios,TRE_L1,12,-0.0,false,lata
120,Kuat,Tres Rios,TRE_L1,13,-0.0,false,lata
120,Kuat,Tres Rios,TRE_L1,14,-0.0,false,lata
120,Kuat,Tres Rios,TRE_L1,15,-0.0,false,lata
120,Kuat,Tres Rios,TRE_L2,1,-0.0,false,lata
120,Kuat,Tres Rios,TRE_L2,2,-0.0,false,lata
120,Kuat,Tres Rios,TRE_L2,3,-0.0,false,lata
120,Kuat,Tres Rios,TRE_L2,4,-0.0,false,lata
120,Kuat,Tres Rios,TRE_L2,5,-0.0,false,lata
120,Kuat,Tres Rios,TRE_L2,6,-0.0,false,lata
120,Kuat,Tres Rios,TRE_L2,7,-0.0,false,lata
120,Kuat,Tres Rios,TRE_L2,8,-0.0,false,lata
120,Kuat,Tres Rios,TRE_L2,9,-0.0,false,lata
120,Kuat,Tres Rios,TRE_L2,10,-0.0,false,lata
120,Kuat,Tres Rios,TRE_L2,11,-0.0,false,lata
120,Kuat,Tres Rios,TRE_L2,12,-0.0,false,lata
120,Kuat,Tres Rios,TRE_L2,13,-0.0,false,lata
120,Kuat,Tres Rios,TRE_L2,14,-0.0,false,lata
120,Kuat,Tres Rios,TRE_L2,15,-0.0,false,lata
120,Kuat,Tres Rios,TRE_L3,1,-0.0,false,lata
120,Kuat,Tres Rios,TRE_L3,2,-0.0,false,lata
120,Kuat,Tres Rios,TRE_L3,3,-0.0,false,lata
120,Kuat,Tres Rios,TRE_L3,4,-0.0,false,lata
120,Kuat,Tres Rios,TRE_L3,5,-0.0,false,lata
120,Kuat,Tres Rios,TRE_L3,6,-0.0,false,lata
120,Kuat,Tres Rios,TRE_L3,7,-0.0,false,lata
120,Kuat,Tres Rios,TRE_L3,8,-0.0,false,lata
120,Kuat,Tres Rios,TRE_L3,9,-0.0,false,lata
120,Kuat,Tres Rios,TRE_L3,10,-999999.9362002499,false,lata
120,Kuat,Tres Rios,TRE_L3,11,-0.0,false,lata
120,Kuat,Tres Rios,TRE_L3,12,-999999.5004496501,false,lata
120,Kuat,Tres Rios,TRE_L3,13,-0.0,false,lata
120,Kuat,Tres Rios,TRE_L3,14,-0.0,false,lata
120,Kuat,Tres Rios,TRE_L3,15,-0.0,false,lata
120,Kuat,Alagoinhas,ALA_L1,1,-0.0,false,lata
120,Kuat,Alagoinhas,ALA_L1,2,-0.0,false,lata
120,Kuat,Alagoinhas,ALA_L1,3,-0.0,false,lata
120,Kuat,Alagoinhas,ALA_L1,4,-0.0,false,lata
120,Kuat,Alagoinhas,ALA_L1,5,-0.0,false,lata
120,Kuat,Alagoinhas,ALA_L1,6,-0.0,false,lata
120,Kuat,Alagoinhas,ALA_L1,7,-999999.8892352498,false,lata
120,Kuat,Alagoinhas,ALA_L1,8,-0.0,false,lata
120,Kuat,Alagoinhas,ALA_L1,9,-0.0,false,lata
120,Kuat,Alagoinhas,ALA_L1,10,-0.0,false,lata
120,Kuat,Alagoinhas,ALA_L1,11,-0.0,false,lata
120,Kuat,Alagoinhas,ALA_L1,12,-0.0,false,lata
120,Kuat,Alagoinhas,ALA_L1,13,-0.0,false,lata
120,Kuat,Alagoinhas,ALA_L1,14,-999999.7601212503,false,lata
120,Kuat,Alagoinhas,ALA_L1,15,-999999.21976515,false,lata
120,Kuat,Alagoinhas,ALA_L2,1,-0.0,false,lata
120,Kuat,Alagoinhas,ALA_L2,2,-1.0e6,true,lata
120,Kuat,Alagoinhas,ALA_L2,3,-0.0,false,lata
120,Kuat,Alagoinhas,ALA_L2,4,-999999.3926241504,false,lata
120,Kuat,Alagoinhas,ALA_L2,5,-0.0,false,lata
120,Kuat,Alagoinhas,ALA_L2,6,-0.0,false,lata
120,Kuat,Alagoinhas,ALA_L2,7,-0.0,false,lata
120,Kuat,Alagoinhas,ALA_L2,8,-0.0,false,lata
120,Kuat,Alagoinhas,ALA_L2,9,-1.0e6,true,lata
120,Kuat,Alagoinhas,ALA_L2,10,-0.0,false,lata
120,Kuat,Alagoinhas,ALA_L2,11,-0.0,false,lata
120,Kuat,Alagoinhas,ALA_L2,12,-0.0,false,lata
120,Kuat,Alagoinhas,ALA_L2,13,-0.0,false,lata
120,Kuat,Alagoinhas,ALA_L2,14,-0.0,false,lata
120,Kuat,Alagoinhas,ALA_L2,15,-0.0,false,lata
120,Kuat,Alagoinhas,ALA_L3,1,-0.0,false,lata
120,Kuat,Alagoinhas,ALA_L3,2,-0.0,false,lata
120,Kuat,Alagoinhas,ALA_L3,3,-0.0,false,lata
120,Kuat,Alagoinhas,ALA_L3,4,-0.0,false,lata
120,Kuat,Alagoinhas,ALA_L3,5,-0.0,false,lata
120,Kuat,Alagoinhas,ALA_L3,6,-0.0,false,lata
120,Kuat,Alagoinhas,ALA_L3,7,-0.0,false,lata
120,Kuat,Alagoinhas,ALA_L3,8,-0.0,false,lata
120,Kuat,Alagoinhas,ALA_L3,9,-0.0,false,lata
120,Kuat,Alagoinhas,ALA_L3,10,-0.0,false,lata
120,Kuat,Alagoinhas,ALA_L3,11,-0.0,false,lata
120,Kuat,Alagoinhas,ALA_L3,12,-999999.4965776003,false,lata
120,Kuat,Alagoinhas,ALA_L3,13,-999999.8019586502,false,lata
120,Kuat,Alagoinhas,ALA_L3,14,-0.0,false,lata
120,Kuat,Alagoinhas,ALA_L3,15,-0.0,false,lata
120,Kuat,Frutal,FRU_L1,1,-0.0,false,lata
120,Kuat,Frutal,FRU_L1,2,-0.0,false,lata
120,Kuat,Frutal,FRU_L1,3,-0.0,false,lata
120,Kuat,Frutal,FRU_L1,4,-0.0,false,lata
120,Kuat,Frutal,FRU_L1,5,-0.0,false,lata
120,Kuat,Frutal,FRU_L1,6,-999999.6916837997,false,lata
120,Kuat,Frutal,FRU_L1,7,-0.0,false,lata
120,Kuat,Frutal,FRU_L1,8,-0.0,false,lata
120,Kuat,Frutal,FRU_L1,9,-0.0,false,lata
120,Kuat,Frutal,FRU_L1,10,-0.0,false,lata
120,Kuat,Frutal,FRU_L1,11,-0.0,false,lata
120,Kuat,Frutal,FRU_L1,12,-0.0,false,lata
120,Kuat,Frutal,FRU_L1,13,-0.0,false,lata
120,Kuat,Frutal,FRU_L1,14,-0.0,false,lata
120,Kuat,Frutal,FRU_L1,15,-0.0,false,lata
120,Kuat,Frutal,FRU_L2,1,-0.0,false,lata
120,Kuat,Frutal,FRU_L2,2,-0.0,false,lata
120,Kuat,Frutal,FRU_L2,3,-0.0,false,lata
120,Kuat,Frutal,FRU_L2,4,-0.0,false,lata
120,Kuat,Frutal,FRU_L2,5,-0.0,false,lata
120,Kuat,Frutal,FRU_L2,6,-0.0,false,lata
120,Kuat,Frutal,FRU_L2,7,-0.0,false,lata
120,Kuat,Frutal,FRU_L2,8,-0.0,false,lata
120,Kuat,Frutal,FRU_L2,9,-0.0,false,lata
120,Kuat,Frutal,FRU_L2,10,-0.0,false,lata
120,Kuat,Frutal,FRU_L2,11,-0.0,false,lata
120,Kuat,Frutal,FRU_L2,12,-0.0,false,lata
120,Kuat,Frutal,FRU_L2,13,-0.0,false,lata
120,Kuat,Frutal,FRU_L2,14,-0.0,false,lata
120,Kuat,Frutal,FRU_L2,15,-0.0,false,lata
120,Kuat,Frutal,FRU_L3,1,-999999.9669998,false,lata
120,Kuat,Frutal,FRU_L3,2,-0.0,false,lata
120,Kuat,Frutal,FRU_L3,3,-0.0,false,lata
120,Kuat,Frutal,FRU_L3,4,-0.0,false,lata
120,Kuat,Frutal,FRU_L3,5,-0.0,false,lata
120,Kuat,Frutal,FRU_L3,6,-999999.6916837997,false,lata
120,Kuat,Frutal,FRU_L3,7,-0.0,false,lata
120,Kuat,Frutal,FRU_L3,8,-0.0,false,lata
120,Kuat,Frutal,FRU_L3,9,-0.0,false,lata
120,Kuat,Frutal,FRU_L3,10,-0.0,false,lata
120,Kuat,Frutal,FRU_L3,11,-0.0,false,lata
120,Kuat,Frutal,FRU_L3,12,-0.0,false,lata
120,Kuat,Frutal,FRU_L3,13,-0.0,false,lata
120,Kuat,Frutal,FRU_L3,14,-0.0,false,lata
120,Kuat,Frutal,FRU_L3,15,-0.0,false,lata
120,Kuat,Pouso Alegre,POU_L1,1,-0.0,false,lata
120,Kuat,Pouso Alegre,POU_L1,2,-0.0,false,lata
120,Kuat,Pouso Alegre,POU_L1,3,-0.0,false,lata
120,Kuat,Pouso Alegre,POU_L1,4,-0.0,false,lata
120,Kuat,Pouso Alegre,POU_L1,5,-0.0,false,lata
120,Kuat,Pouso Alegre,POU_L1,6,-0.0,false,lata
120,Kuat,Pouso Alegre,POU_L1,7,-0.0,false,lata
120,Kuat,Pouso Alegre,POU_L1,8,-0.0,false,lata
120,Kuat,Pouso Alegre,POU_L1,9,-0.0,false,lata
120,Kuat,Pouso Alegre,POU_L1,10,-0.0,false,lata
120,Kuat,Pouso Alegre,POU_L1,11,-0.0,false,lata
120,Kuat,Pouso Alegre,POU_L1,12,-0.0,false,lata
120,Kuat,Pouso Alegre,POU_L1,13,-0.0,false,lata
120,Kuat,Pouso Alegre,POU_L1,14,-999999.8186778503,false,lata
120,Kuat,Pouso Alegre,POU_L1,15,-0.0,false,lata
120,Kuat,Pouso Alegre,POU_L2,1,-0.0,false,lata
120,Kuat,Pouso Alegre,POU_L2,2,-0.0,false,lata
120,Kuat,Pouso Alegre,POU_L2,3,-0.0,false,lata
120,Kuat,Pouso Alegre,POU_L2,4,-0.0,false,lata
120,Kuat,Pouso Alegre,POU_L2,5,-0.0,false,lata
120,Kuat,Pouso Alegre,POU_L2,6,-0.0,false,lata
120,Kuat,Pouso Alegre,POU_L2,7,-0.0,false,lata
120,Kuat,Pouso Alegre,POU_L2,8,-0.0,false,lata
120,Kuat,Pouso Alegre,POU_L2,9,-0.0,false,lata
120,Kuat,Pouso Alegre,POU_L2,10,-0.0,false,lata
120,Kuat,Pouso Alegre,POU_L2,11,-0.0,false,lata
120,Kuat,Pouso Alegre,POU_L2,12,-0.0,false,lata
120,Kuat,Pouso Alegre,POU_L2,13,-0.0,false,lata
120,Kuat,Pouso Alegre,POU_L2,14,-0.0,false,lata
120,Kuat,Pouso Alegre,POU_L2,15,-0.0,false,lata
120,Kuat,Pouso Alegre,POU_L3,1,-0.0,false,lata
120,Kuat,Pouso Alegre,POU_L3,2,-0.0,false,lata
120,Kuat,Pouso Alegre,POU_L3,3,-0.0,false,lata
120,Kuat,Pouso Alegre,POU_L3,4,-0.0,false,lata
120,Kuat,Pouso Alegre,POU_L3,5,-0.0,false,lata
120,Kuat,Pouso Alegre,POU_L3,6,-0.0,false,lata
120,Kuat,Pouso Alegre,POU_L3,7,-0.0,false,lata
120,Kuat,Pouso Alegre,POU_L3,8,-0.0,false,lata
120,Kuat,Pouso Alegre,POU_L3,9,-1.0e6,true,lata
120,Kuat,Pouso Alegre,POU_L3,10,-0.0,false,lata
120,Kuat,Pouso Alegre,POU_L3,11,-0.0,false,lata
120,Kuat,Pouso Alegre,POU_L3,12,-0.0,false,lata
120,Kuat,Pouso Alegre,POU_L3,13,-0.0,false,lata
120,Kuat,Pouso Alegre,POU_L3,14,-0.0,false,lata
120,Kuat,Pouso Alegre,POU_L3,15,-999999.2780954,false,lata
120,Kuat,Gama,GAM_L1,1,-0.0,false,lata
120,Kuat,Gama,GAM_L1,2,-0.0,false,lata
120,Kuat,Gama,GAM_L1,3,-0.0,false,lata
120,Kuat,Gama,GAM_L1,4,-0.0,false,lata
120,Kuat,Gama,GAM_L1,5,-0.0,false,lata
120,Kuat,Gama,GAM_L1,6,-0.0,false,lata
120,Kuat,Gama,GAM_L1,7,-0.0,false,lata
120,Kuat,Gama,GAM_L1,8,-0.0,false,lata
120,Kuat,Gama,GAM_L1,9,-0.0,false,lata
120,Kuat,Gama,GAM_L1,10,-0.0,false,lata
120,Kuat,Gama,GAM_L1,11,-0.0,false,lata
120,Kuat,Gama,GAM_L1,12,-0.0,false,lata
120,Kuat,Gama,GAM_L1,13,-0.0,false,lata
120,Kuat,Gama,GAM_L1,14,-0.0,false,lata
120,Kuat,Gama,GAM_L1,15,-0.0,false,lata
120,Kuat,Gama,GAM_L2,1,-0.0,false,lata
120,Kuat,Gama,GAM_L2,2,-0.0,false,lata
120,Kuat,Gama,GAM_L2,3,-0.0,false,lata
120,Kuat,Gama,GAM_L2,4,-0.0,false,lata
120,Kuat,Gama,GAM_L2,5,-0.0,false,lata
120,Kuat,Gama,GAM_L2,6,-0.0,false,lata
120,Kuat,Gama,GAM_L2,7,-0.0,false,lata
120,Kuat,Gama,GAM_L2,8,-0.0,false,lata
120,Kuat,Gama,GAM_L2,9,-0.0,false,lata
120,Kuat,Gama,GAM_L2,10,-0.0,false,lata
120,Kuat,Gama,GAM_L2,11,-0.0,false,lata
120,Kuat,Gama,GAM_L2,12,-0.0,false,lata
120,Kuat,Gama,GAM_L2,13,-0.0,false,lata
120,Kuat,Gama,GAM_L2,14,-0.0,false,lata
120,Kuat,Gama,GAM_L2,15,-0.0,false,lata
120,Kuat,Gama,GAM_L3,1,-0.0,false,lata
120,Kuat,Gama,GAM_L3,2,-0.0,false,lata
120,Kuat,Gama,GAM_L3,3,-0.0,false,lata
120,Kuat,Gama,GAM_L3,4,-0.0,false,lata
120,Kuat,Gama,GAM_L3,5,-0.0,false,lata
120,Kuat,Gama,GAM_L3,6,-0.0,false,lata
120,Kuat,Gama,GAM_L3,7,-0.0,false,lata
120,Kuat,Gama,GAM_L3,8,-0.0,false,lata
120,Kuat,Gama,GAM_L3,9,-0.0,false,lata
120,Kuat,Gama,GAM_L3,10,-0.0,false,lata
120,Kuat,Gama,GAM_L3,11,-0.0,false,lata
120,Kuat,Gama,GAM_L3,12,-0.0,false,lata
120,Kuat,Gama,GAM_L3,13,-0.0,false,lata
120,Kuat,Gama,GAM_L3,14,-0.0,false,lata
120,Kuat,Gama,GAM_L3,15,-999999.2675043,false,lata
120,Kuat,Viamao,VIA_L1,1,-0.0,false,lata
120,Kuat,Viamao,VIA_L1,2,-0.0,false,lata
120,Kuat,Viamao,VIA_L1,3,-0.0,false,lata
120,Kuat,Viamao,VIA_L1,4,-0.0,false,lata
120,Kuat,Viamao,VIA_L1,5,-0.0,false,lata
120,Kuat,Viamao,VIA_L1,6,-0.0,false,lata
120,Kuat,Viamao,VIA_L1,7,-0.0,false,lata
120,Kuat,Viamao,VIA_L1,8,-0.0,false,lata
120,Kuat,Viamao,VIA_L1,9,-999999.9571712,false,lata
120,Kuat,Viamao,VIA_L1,10,-0.0,false,lata
120,Kuat,Viamao,VIA_L1,11,-0.0,false,lata
120,Kuat,Viamao,VIA_L1,12,-0.0,false,lata
120,Kuat,Viamao,VIA_L1,13,-0.0,false,lata
120,Kuat,Viamao,VIA_L1,14,-0.0,false,lata
120,Kuat,Viamao,VIA_L1,15,-999999.3209242,false,lata
120,Kuat,Viamao,VIA_L2,1,-0.0,false,lata
120,Kuat,Viamao,VIA_L2,2,-0.0,false,lata
120,Kuat,Viamao,VIA_L2,3,-1.0e6,true,lata
120,Kuat,Viamao,VIA_L2,4,-0.0,false,lata
120,Kuat,Viamao,VIA_L2,5,-0.0,false,lata
120,Kuat,Viamao,VIA_L2,6,-0.0,false,lata
120,Kuat,Viamao,VIA_L2,7,-0.0,false,lata
120,Kuat,Viamao,VIA_L2,8,-0.0,false,lata
120,Kuat,Viamao,VIA_L2,9,-0.0,false,lata
120,Kuat,Viamao,VIA_L2,10,-0.0,false,lata
120,Kuat,Viamao,VIA_L2,11,-0.0,false,lata
120,Kuat,Viamao,VIA_L2,12,-0.0,false,lata
120,Kuat,Viamao,VIA_L2,13,-0.0,false,lata
120,Kuat,Viamao,VIA_L2,14,-0.0,false,lata
120,Kuat,Viamao,VIA_L2,15,-0.0,false,lata
120,Kuat,Viamao,VIA_L3,1,-0.0,false,lata
120,Kuat,Viamao,VIA_L3,2,-0.0,false,lata
120,Kuat,Viamao,VIA_L3,3,-0.0,false,lata
120,Kuat,Viamao,VIA_L3,4,-0.0,false,lata
120,Kuat,Viamao,VIA_L3,5,-0.0,false,lata
120,Kuat,Viamao,VIA_L3,6,-0.0,false,lata
120,Kuat,Viamao,VIA_L3,7,-999999.9898757999,false,lata
120,Kuat,Viamao,VIA_L3,8,-0.0,false,lata
120,Kuat,Viamao,VIA_L3,9,-0.0,false,lata
120,Kuat,Viamao,VIA_L3,10,-0.0,false,lata
120,Kuat,Viamao,VIA_L3,11,-0.0,false,lata
120,Kuat,Viamao,VIA_L3,12,-0.0,false,lata
120,Kuat,Viamao,VIA_L3,13,-0.0,false,lata
120,Kuat,Viamao,VIA_L3,14,-0.0,false,lata
120,Kuat,Viamao,VIA_L3,15,-0.0,false,lata
120,Kuat,Itupeva,ITU_L1,1,-0.0,false,lata
120,Kuat,Itupeva,ITU_L1,2,-0.0,false,lata
120,Kuat,Itupeva,ITU_L1,3,-0.0,false,lata
120,Kuat,Itupeva,ITU_L1,4,-0.0,false,lata
120,Kuat,Itupeva,ITU_L1,5,-0.0,false,lata
120,Kuat,Itupeva,ITU_L1,6,-999999.6799306998,false,lata
120,Kuat,Itupeva,ITU_L1,7,-999999.9535266499,false,lata
120,Kuat,Itupeva,ITU_L1,8,-0.0,false,lata
120,Kuat,Itupeva,ITU_L1,9,-0.0,false,lata
120,Kuat,Itupeva,ITU_L1,10,-0.0,false,lata
120,Kuat,Itupeva,ITU_L1,11,-0.0,false,lata
120,Kuat,Itupeva,ITU_L1,12,-0.0,false,lata
120,Kuat,Itupeva,ITU_L1,13,-0.0,false,lata
120,Kuat,Itupeva,ITU_L1,14,-0.0,false,lata
120,Kuat,Itupeva,ITU_L1,15,-0.0,false,lata
120,Kuat,Itupeva,ITU_L2,1,-0.0,false,lata
120,Kuat,Itupeva,ITU_L2,2,-0.0,false,lata
120,Kuat,Itupeva,ITU_L2,3,-0.0,false,lata
120,Kuat,Itupeva,ITU_L2,4,-0.0,false,lata
120,Kuat,Itupeva,ITU_L2,5,-0.0,false,lata
120,Kuat,Itupeva,ITU_L2,6,-0.0,false,lata
120,Kuat,Itupeva,ITU_L2,7,-0.0,false,lata
120,Kuat,Itupeva,ITU_L2,8,-0.0,false,lata
120,Kuat,Itupeva,ITU_L2,9,-0.0,false,lata
120,Kuat,Itupeva,ITU_L2,10,-0.0,false,lata
120,Kuat,Itupeva,ITU_L2,11,-0.0,false,lata
120,Kuat,Itupeva,ITU_L2,12,-0.0,false,lata
120,Kuat,Itupeva,ITU_L2,13,-0.0,false,lata
120,Kuat,Itupeva,ITU_L2,14,-0.0,false,lata
120,Kuat,Itupeva,ITU_L2,15,-0.0,false,lata
120,Kuat,Itupeva,ITU_L3,1,-0.0,false,lata
120,Kuat,Itupeva,ITU_L3,2,-0.0,false,lata
120,Kuat,Itupeva,ITU_L3,3,-0.0,false,lata
120,Kuat,Itupeva,ITU_L3,4,-0.0,false,lata
120,Kuat,Itupeva,ITU_L3,5,-0.0,false,lata
120,Kuat,Itupeva,ITU_L3,6,-0.0,false,lata
120,Kuat,Itupeva,ITU_L3,7,-0.0,false,lata
120,Kuat,Itupeva,ITU_L3,8,-0.0,false,lata
120,Kuat,Itupeva,ITU_L3,9,-0.0,false,lata
120,Kuat,Itupeva,ITU_L3,10,-0.0,false,lata
120,Kuat,Itupeva,ITU_L3,11,-0.0,false,lata
120,Kuat,Itupeva,ITU_L3,12,-0.0,false,lata
120,Kuat,Itupeva,ITU_L3,13,-0.0,false,lata
120,Kuat,Itupeva,ITU_L3,14,-0.0,false,lata
120,Kuat,Itupeva,ITU_L3,15,-0.0,false,lata
120,Kuat,Cabo de Santo Agostinho,CAB_L1,1,-0.0,false,lata
120,Kuat,Cabo de Santo Agostinho,CAB_L1,2,-0.0,false,lata
120,Kuat,Cabo de Santo Agostinho,CAB_L1,3,-0.0,false,lata
120,Kuat,Cabo de Santo Agostinho,CAB_L1,4,-0.0,false,lata
120,Kuat,Cabo de Santo Agostinho,CAB_L1,5,-0.0,false,lata
120,Kuat,Cabo de Santo Agostinho,CAB_L1,6,-0.0,false,lata
120,Kuat,Cabo de Santo Agostinho,CAB_L1,7,-0.0,false,lata
120,Kuat,Cabo de Santo Agostinho,CAB_L1,8,-0.0,false,lata
120,Kuat,Cabo de Santo Agostinho,CAB_L1,9,-0.0,false,lata
120,Kuat,Cabo de Santo Agostinho,CAB_L1,10,-0.0,false,lata
120,Kuat,Cabo de Santo Agostinho,CAB_L1,11,-0.0,false,lata
120,Kuat,Cabo de Santo Agostinho,CAB_L1,12,-0.0,false,lata
120,Kuat,Cabo de Santo Agostinho,CAB_L1,13,-0.0,false,lata
120,Kuat,Cabo de Santo Agostinho,CAB_L1,14,-0.0,false,lata
120,Kuat,Cabo de Santo Agostinho,CAB_L1,15,-0.0,false,lata
120,Kuat,Cabo de Santo Agostinho,CAB_L2,1,-999999.9305578499,false,lata
120,Kuat,Cabo de Santo Agostinho,CAB_L2,2,-0.0,false,lata
120,Kuat,Cabo de Santo Agostinho,CAB_L2,3,-0.0,false,lata
120,Kuat,Cabo de Santo Agostinho,CAB_L2,4,-0.0,false,lata
120,Kuat,Cabo de Santo Agostinho,CAB_L2,5,-0.0,false,lata
120,Kuat,Cabo de Santo Agostinho,CAB_L2,6,-0.0,false,lata
120,Kuat,Cabo de Santo Agostinho,CAB_L2,7,-0.0,false,lata
120,Kuat,Cabo de Santo Agostinho,CAB_L2,8,-0.0,false,lata
120,Kuat,Cabo de Santo Agostinho,CAB_L2,9,-0.0,false,lata
120,Kuat,Cabo de Santo Agostinho,CAB_L2,10,-0.0,false,lata
120,Kuat,Cabo de Santo Agostinho,CAB_L2,11,-0.0,false,lata
120,Kuat,Cabo de Santo Agostinho,CAB_L2,12,-0.0,false,lata
120,Kuat,Cabo de Santo Agostinho,CAB_L2,13,-0.0,false,lata
120,Kuat,Cabo de Santo Agostinho,CAB_L2,14,-0.0,false,lata
120,Kuat,Cabo de Santo Agostinho,CAB_L2,15,-0.0,false,lata
120,Kuat,Cabo de Santo Agostinho,CAB_L3,1,-0.0,false,lata
120,Kuat,Cabo de Santo Agostinho,CAB_L3,2,-999999.97605955,false,lata
120,Kuat,Cabo de Santo Agostinho,CAB_L3,3,-0.0,false,lata
120,Kuat,Cabo de Santo Agostinho,CAB_L3,4,-0.0,false,lata
120,Kuat,Cabo de Santo Agostinho,CAB_L3,5,-0.0,false,lata
120,Kuat,Cabo de Santo Agostinho,CAB_L3,6,-0.0,false,lata
120,Kuat,Cabo de Santo Agostinho,CAB_L3,7,-0.0,false,lata
120,Kuat,Cabo de Santo Agostinho,CAB_L3,8,-0.0,false,lata
120,Kuat,Cabo de Santo Agostinho,CAB_L3,9,-0.0,false,lata
120,Kuat,Cabo de Santo Agostinho,CAB_L3,10,-0.0,false,lata
120,Kuat,Cabo de Santo Agostinho,CAB_L3,11,-0.0,false,lata
120,Kuat,Cabo de Santo Agostinho,CAB_L3,12,-0.0,false,lata
120,Kuat,Cabo de Santo Agostinho,CAB_L3,13,-0.0,false,lata
120,Kuat,Cabo de Santo Agostinho,CAB_L3,14,-0.0,false,lata
120,Kuat,Cabo de Santo Agostinho,CAB_L3,15,-0.0,false,lata
120,Fanta_Uva,Jacarei,JAC_L1,1,-0.0,false,lata
120,Fanta_Uva,Jacarei,JAC_L1,2,-0.0,false,lata
120,Fanta_Uva,Jacarei,JAC_L1,3,-0.0,false,lata
120,Fanta_Uva,Jacarei,JAC_L1,4,-0.0,false,lata
120,Fanta_Uva,Jacarei,JAC_L1,5,-0.0,false,lata
120,Fanta_Uva,Jacarei,JAC_L1,6,-0.0,false,lata
120,Fanta_Uva,Jacarei,JAC_L1,7,-0.0,false,lata
120,Fanta_Uva,Jacarei,JAC_L1,8,-999999.7259404,false,lata
120,Fanta_Uva,Jacarei,JAC_L1,9,-0.0,false,lata
120,Fanta_Uva,Jacarei,JAC_L1,10,-999999.5900000001,false,lata
120,Fanta_Uva,Jacarei,JAC_L1,11,-0.0,false,lata
120,Fanta_Uva,Jacarei,JAC_L1,12,-0.0,false,lata
120,Fanta_Uva,Jacarei,JAC_L1,13,-0.0,false,lata
120,Fanta_Uva,Jacarei,JAC_L1,14,-0.0,false,lata
120,Fanta_Uva,Jacarei,JAC_L1,15,-0.0,false,lata
120,Fanta_Uva,Jacarei,JAC_L2,1,-0.0,false,lata
120,Fanta_Uva,Jacarei,JAC_L2,2,-999998.1431404003,false,lata
120,Fanta_Uva,Jacarei,JAC_L2,3,-0.0,false,lata
120,Fanta_Uva,Jacarei,JAC_L2,4,-0.0,false,lata
120,Fanta_Uva,Jacarei,JAC_L2,5,-0.0,false,lata
120,Fanta_Uva,Jacarei,JAC_L2,6,-0.0,false,lata
120,Fanta_Uva,Jacarei,JAC_L2,7,-0.0,false,lata
120,Fanta_Uva,Jacarei,JAC_L2,8,-0.0,false,lata
120,Fanta_Uva,Jacarei,JAC_L2,9,-0.0,false,lata
120,Fanta_Uva,Jacarei,JAC_L2,10,-0.0,false,lata
120,Fanta_Uva,Jacarei,JAC_L2,11,-0.0,false,lata
120,Fanta_Uva,Jacarei,JAC_L2,12,-0.0,false,lata
120,Fanta_Uva,Jacarei,JAC_L2,13,-0.0,false,lata
120,Fanta_Uva,Jacarei,JAC_L2,14,-0.0,false,lata
120,Fanta_Uva,Jacarei,JAC_L2,15,-0.0,false,lata
120,Fanta_Uva,Jacarei,JAC_L3,1,-0.0,false,lata
120,Fanta_Uva,Jacarei,JAC_L3,2,-0.0,false,lata
120,Fanta_Uva,Jacarei,JAC_L3,3,-0.0,false,lata
120,Fanta_Uva,Jacarei,JAC_L3,4,-0.0,false,lata
120,Fanta_Uva,Jacarei,JAC_L3,5,-0.0,false,lata
120,Fanta_Uva,Jacarei,JAC_L3,6,-0.0,false,lata
120,Fanta_Uva,Jacarei,JAC_L3,7,-0.0,false,lata
120,Fanta_Uva,Jacarei,JAC_L3,8,-0.0,false,lata
120,Fanta_Uva,Jacarei,JAC_L3,9,-0.0,false,lata
120,Fanta_Uva,Jacarei,JAC_L3,10,-0.0,false,lata
120,Fanta_Uva,Jacarei,JAC_L3,11,-0.0,false,lata
120,Fanta_Uva,Jacarei,JAC_L3,12,-0.0,false,lata
120,Fanta_Uva,Jacarei,JAC_L3,13,-0.0,false,lata
120,Fanta_Uva,Jacarei,JAC_L3,14,-0.0,false,lata
120,Fanta_Uva,Jacarei,JAC_L3,15,-0.0,false,lata
120,Fanta_Uva,Extrema,EXT_L1,1,-0.0,false,lata
120,Fanta_Uva,Extrema,EXT_L1,2,-0.0,false,lata
120,Fanta_Uva,Extrema,EXT_L1,3,-0.0,false,lata
120,Fanta_Uva,Extrema,EXT_L1,4,-0.0,false,lata
120,Fanta_Uva,Extrema,EXT_L1,5,-0.0,false,lata
120,Fanta_Uva,Extrema,EXT_L1,6,-0.0,false,lata
120,Fanta_Uva,Extrema,EXT_L1,7,-0.0,false,lata
120,Fanta_Uva,Extrema,EXT_L1,8,-0.0,false,lata
120,Fanta_Uva,Extrema,EXT_L1,9,-0.0,false,lata
120,Fanta_Uva,Extrema,EXT_L1,10,-0.0,false,lata
120,Fanta_Uva,Extrema,EXT_L1,11,-0.0,false,lata
120,Fanta_Uva,Extrema,EXT_L1,12,-0.0,false,lata
120,Fanta_Uva,Extrema,EXT_L1,13,-0.0,false,lata
120,Fanta_Uva,Extrema,EXT_L1,14,-0.0,false,lata
120,Fanta_Uva,Extrema,EXT_L1,15,-0.0,false,lata
120,Fanta_Uva,Extrema,EXT_L2,1,-999999.8117749998,false,lata
120,Fanta_Uva,Extrema,EXT_L2,2,-0.0,false,lata
120,Fanta_Uva,Extrema,EXT_L2,3,-0.0,false,lata
120,Fanta_Uva,Extrema,EXT_L2,4,-0.0,false,lata
120,Fanta_Uva,Extrema,EXT_L2,5,-0.0,false,lata
120,Fanta_Uva,Extrema,EXT_L2,6,-0.0,false,lata
120,Fanta_Uva,Extrema,EXT_L2,7,-0.0,false,lata
120,Fanta_Uva,Extrema,EXT_L2,8,-0.0,false,lata
120,Fanta_Uva,Extrema,EXT_L2,9,-0.0,false,lata
120,Fanta_Uva,Extrema,EXT_L2,10,-0.0,false,lata
120,Fanta_Uva,Extrema,EXT_L2,11,-0.0,false,lata
120,Fanta_Uva,Extrema,EXT_L2,12,-0.0,false,lata
120,Fanta_Uva,Extrema,EXT_L2,13,-0.0,false,lata
120,Fanta_Uva,Extrema,EXT_L2,14,-0.0,false,lata
120,Fanta_Uva,Extrema,EXT_L2,15,-0.0,false,lata
120,Fanta_Uva,Extrema,EXT_L3,1,-0.0,false,lata
120,Fanta_Uva,Extrema,EXT_L3,2,-0.0,false,lata
120,Fanta_Uva,Extrema,EXT_L3,3,-0.0,false,lata
120,Fanta_Uva,Extrema,EXT_L3,4,-0.0,false,lata
120,Fanta_Uva,Extrema,EXT_L3,5,-0.0,false,lata
120,Fanta_Uva,Extrema,EXT_L3,6,-0.0,false,lata
120,Fanta_Uva,Extrema,EXT_L3,7,-0.0,false,lata
120,Fanta_Uva,Extrema,EXT_L3,8,-0.0,false,lata
120,Fanta_Uva,Extrema,EXT_L3,9,-0.0,false,lata
120,Fanta_Uva,Extrema,EXT_L3,10,-0.0,false,lata
120,Fanta_Uva,Extrema,EXT_L3,11,-0.0,false,lata
120,Fanta_Uva,Extrema,EXT_L3,12,-0.0,false,lata
120,Fanta_Uva,Extrema,EXT_L3,13,-0.0,false,lata
120,Fanta_Uva,Extrema,EXT_L3,14,-0.0,false,lata
120,Fanta_Uva,Extrema,EXT_L3,15,-0.0,false,lata
120,Fanta_Uva,Tres Rios,TRE_L1,1,-999999.8148090498,false,lata
120,Fanta_Uva,Tres Rios,TRE_L1,2,-0.0,false,lata
120,Fanta_Uva,Tres Rios,TRE_L1,3,-0.0,false,lata
120,Fanta_Uva,Tres Rios,TRE_L1,4,-0.0,false,lata
120,Fanta_Uva,Tres Rios,TRE_L1,5,-0.0,false,lata
120,Fanta_Uva,Tres Rios,TRE_L1,6,-0.0,false,lata
120,Fanta_Uva,Tres Rios,TRE_L1,7,-0.0,false,lata
120,Fanta_Uva,Tres Rios,TRE_L1,8,-0.0,false,lata
120,Fanta_Uva,Tres Rios,TRE_L1,9,-1.0e6,true,lata
120,Fanta_Uva,Tres Rios,TRE_L1,10,-0.0,false,lata
120,Fanta_Uva,Tres Rios,TRE_L1,11,-0.0,false,lata
120,Fanta_Uva,Tres Rios,TRE_L1,12,-0.0,false,lata
120,Fanta_Uva,Tres Rios,TRE_L1,13,-0.0,false,lata
120,Fanta_Uva,Tres Rios,TRE_L1,14,-0.0,false,lata
120,Fanta_Uva,Tres Rios,TRE_L1,15,-999998.2909377498,false,lata
120,Fanta_Uva,Tres Rios,TRE_L2,1,-0.0,false,lata
120,Fanta_Uva,Tres Rios,TRE_L2,2,-0.0,false,lata
120,Fanta_Uva,Tres Rios,TRE_L2,3,-0.0,false,lata
120,Fanta_Uva,Tres Rios,TRE_L2,4,-0.0,false,lata
120,Fanta_Uva,Tres Rios,TRE_L2,5,-999998.9432662004,false,lata
120,Fanta_Uva,Tres Rios,TRE_L2,6,-0.0,false,lata
120,Fanta_Uva,Tres Rios,TRE_L2,7,-0.0,false,lata
120,Fanta_Uva,Tres Rios,TRE_L2,8,-999999.7264,false,lata
120,Fanta_Uva,Tres Rios,TRE_L2,9,-0.0,false,lata
120,Fanta_Uva,Tres Rios,TRE_L2,10,-0.0,false,lata
120,Fanta_Uva,Tres Rios,TRE_L2,11,-0.0,false,lata
120,Fanta_Uva,Tres Rios,TRE_L2,12,-0.0,false,lata
120,Fanta_Uva,Tres Rios,TRE_L2,13,-0.0,false,lata
120,Fanta_Uva,Tres Rios,TRE_L2,14,-999998.0290243999,false,lata
120,Fanta_Uva,Tres Rios,TRE_L2,15,-0.0,false,lata
120,Fanta_Uva,Tres Rios,TRE_L3,1,-0.0,false,lata
120,Fanta_Uva,Tres Rios,TRE_L3,2,-0.0,false,lata
120,Fanta_Uva,Tres Rios,TRE_L3,3,-0.0,false,lata
120,Fanta_Uva,Tres Rios,TRE_L3,4,-0.0,false,lata
120,Fanta_Uva,Tres Rios,TRE_L3,5,-0.0,false,lata
120,Fanta_Uva,Tres Rios,TRE_L3,6,-0.0,false,lata
120,Fanta_Uva,Tres Rios,TRE_L3,7,-0.0,false,lata
120,Fanta_Uva,Tres Rios,TRE_L3,8,-0.0,false,lata
120,Fanta_Uva,Tres Rios,TRE_L3,9,-0.0,false,lata
120,Fanta_Uva,Tres Rios,TRE_L3,10,-0.0,false,lata
120,Fanta_Uva,Tres Rios,TRE_L3,11,-0.0,false,lata
120,Fanta_Uva,Tres Rios,TRE_L3,12,-0.0,false,lata
120,Fanta_Uva,Tres Rios,TRE_L3,13,-0.0,false,lata
120,Fanta_Uva,Tres Rios,TRE_L3,14,-0.0,false,lata
120,Fanta_Uva,Tres Rios,TRE_L3,15,-0.0,false,lata
120,Fanta_Uva,Alagoinhas,ALA_L1,1,-0.0,false,lata
120,Fanta_Uva,Alagoinhas,ALA_L1,2,-0.0,false,lata
120,Fanta_Uva,Alagoinhas,ALA_L1,3,-0.0,false,lata
120,Fanta_Uva,Alagoinhas,ALA_L1,4,-0.0,false,lata
120,Fanta_Uva,Alagoinhas,ALA_L1,5,-999998.9548235004,false,lata
120,Fanta_Uva,Alagoinhas,ALA_L1,6,-0.0,false,lata
120,Fanta_Uva,Alagoinhas,ALA_L1,7,-0.0,false,lata
120,Fanta_Uva,Alagoinhas,ALA_L1,8,-0.0,false,lata
120,Fanta_Uva,Alagoinhas,ALA_L1,9,-0.0,false,lata
120,Fanta_Uva,Alagoinhas,ALA_L1,10,-0.0,false,lata
120,Fanta_Uva,Alagoinhas,ALA_L1,11,-0.0,false,lata
120,Fanta_Uva,Alagoinhas,ALA_L1,12,-0.0,false,lata
120,Fanta_Uva,Alagoinhas,ALA_L1,13,-0.0,false,lata
120,Fanta_Uva,Alagoinhas,ALA_L1,14,-0.0,false,lata
120,Fanta_Uva,Alagoinhas,ALA_L1,15,-0.0,false,lata
120,Fanta_Uva,Alagoinhas,ALA_L2,1,-0.0,false,lata
120,Fanta_Uva,Alagoinhas,ALA_L2,2,-0.0,false,lata
120,Fanta_Uva,Alagoinhas,ALA_L2,3,-0.0,false,lata
120,Fanta_Uva,Alagoinhas,ALA_L2,4,-0.0,false,lata
120,Fanta_Uva,Alagoinhas,ALA_L2,5,-0.0,false,lata
120,Fanta_Uva,Alagoinhas,ALA_L2,6,-0.0,false,lata
120,Fanta_Uva,Alagoinhas,ALA_L2,7,-0.0,false,lata
120,Fanta_Uva,Alagoinhas,ALA_L2,8,-0.0,false,lata
120,Fanta_Uva,Alagoinhas,ALA_L2,9,-0.0,false,lata
120,Fanta_Uva,Alagoinhas,ALA_L2,10,-0.0,false,lata
120,Fanta_Uva,Alagoinhas,ALA_L2,11,-0.0,false,lata
120,Fanta_Uva,Alagoinhas,ALA_L2,12,-0.0,false,lata
120,Fanta_Uva,Alagoinhas,ALA_L2,13,-0.0,false,lata
120,Fanta_Uva,Alagoinhas,ALA_L2,14,-0.0,false,lata
120,Fanta_Uva,Alagoinhas,ALA_L2,15,-0.0,false,lata
120,Fanta_Uva,Alagoinhas,ALA_L3,1,-0.0,false,lata
120,Fanta_Uva,Alagoinhas,ALA_L3,2,-0.0,false,lata
120,Fanta_Uva,Alagoinhas,ALA_L3,3,-0.0,false,lata
120,Fanta_Uva,Alagoinhas,ALA_L3,4,-0.0,false,lata
120,Fanta_Uva,Alagoinhas,ALA_L3,5,-0.0,false,lata
120,Fanta_Uva,Alagoinhas,ALA_L3,6,-0.0,false,lata
120,Fanta_Uva,Alagoinhas,ALA_L3,7,-999999.4905573002,false,lata
120,Fanta_Uva,Alagoinhas,ALA_L3,8,-0.0,false,lata
120,Fanta_Uva,Alagoinhas,ALA_L3,9,-0.0,false,lata
120,Fanta_Uva,Alagoinhas,ALA_L3,10,-0.0,false,lata
120,Fanta_Uva,Alagoinhas,ALA_L3,11,-0.0,false,lata
120,Fanta_Uva,Alagoinhas,ALA_L3,12,-0.0,false,lata
120,Fanta_Uva,Alagoinhas,ALA_L3,13,-0.0,false,lata
120,Fanta_Uva,Alagoinhas,ALA_L3,14,-0.0,false,lata
120,Fanta_Uva,Alagoinhas,ALA_L3,15,-0.0,false,lata
120,Fanta_Uva,Frutal,FRU_L1,1,-0.0,false,lata
120,Fanta_Uva,Frutal,FRU_L1,2,-0.0,false,lata
120,Fanta_Uva,Frutal,FRU_L1,3,-0.0,false,lata
120,Fanta_Uva,Frutal,FRU_L1,4,-0.0,false,lata
120,Fanta_Uva,Frutal,FRU_L1,5,-0.0,false,lata
120,Fanta_Uva,Frutal,FRU_L1,6,-0.0,false,lata
120,Fanta_Uva,Frutal,FRU_L1,7,-0.0,false,lata
120,Fanta_Uva,Frutal,FRU_L1,8,-0.0,false,lata
120,Fanta_Uva,Frutal,FRU_L1,9,-0.0,false,lata
120,Fanta_Uva,Frutal,FRU_L1,10,-0.0,false,lata
120,Fanta_Uva,Frutal,FRU_L1,11,-0.0,false,lata
120,Fanta_Uva,Frutal,FRU_L1,12,-0.0,false,lata
120,Fanta_Uva,Frutal,FRU_L1,13,-0.0,false,lata
120,Fanta_Uva,Frutal,FRU_L1,14,-0.0,false,lata
120,Fanta_Uva,Frutal,FRU_L1,15,-0.0,false,lata
120,Fanta_Uva,Frutal,FRU_L2,1,-0.0,false,lata
120,Fanta_Uva,Frutal,FRU_L2,2,-0.0,false,lata
120,Fanta_Uva,Frutal,FRU_L2,3,-0.0,false,lata
120,Fanta_Uva,Frutal,FRU_L2,4,-0.0,false,lata
120,Fanta_Uva,Frutal,FRU_L2,5,-0.0,false,lata
120,Fanta_Uva,Frutal,FRU_L2,6,-0.0,false,lata
120,Fanta_Uva,Frutal,FRU_L2,7,-0.0,false,lata
120,Fanta_Uva,Frutal,FRU_L2,8,-0.0,false,lata
120,Fanta_Uva,Frutal,FRU_L2,9,-0.0,false,lata
120,Fanta_Uva,Frutal,FRU_L2,10,-0.0,false,lata
120,Fanta_Uva,Frutal,FRU_L2,11,-0.0,false,lata
120,Fanta_Uva,Frutal,FRU_L2,12,-0.0,false,lata
120,Fanta_Uva,Frutal,FRU_L2,13,-0.0,false,lata
120,Fanta_Uva,Frutal,FRU_L2,14,-0.0,false,lata
120,Fanta_Uva,Frutal,FRU_L2,15,-0.0,false,lata
120,Fanta_Uva,Frutal,FRU_L3,1,-0.0,false,lata
120,Fanta_Uva,Frutal,FRU_L3,2,-0.0,false,lata
120,Fanta_Uva,Frutal,FRU_L3,3,-0.0,false,lata
120,Fanta_Uva,Frutal,FRU_L3,4,-0.0,false,lata
120,Fanta_Uva,Frutal,FRU_L3,5,-0.0,false,lata
120,Fanta_Uva,Frutal,FRU_L3,6,-0.0,false,lata
120,Fanta_Uva,Frutal,FRU_L3,7,-0.0,false,lata
120,Fanta_Uva,Frutal,FRU_L3,8,-0.0,false,lata
120,Fanta_Uva,Frutal,FRU_L3,9,-0.0,false,lata
120,Fanta_Uva,Frutal,FRU_L3,10,-0.0,false,lata
120,Fanta_Uva,Frutal,FRU_L3,11,-0.0,false,lata
120,Fanta_Uva,Frutal,FRU_L3,12,-0.0,false,lata
120,Fanta_Uva,Frutal,FRU_L3,13,-0.0,false,lata
120,Fanta_Uva,Frutal,FRU_L3,14,-0.0,false,lata
120,Fanta_Uva,Frutal,FRU_L3,15,-0.0,false,lata
120,Fanta_Uva,Pouso Alegre,POU_L1,1,-0.0,false,lata
120,Fanta_Uva,Pouso Alegre,POU_L1,2,-0.0,false,lata
120,Fanta_Uva,Pouso Alegre,POU_L1,3,-0.0,false,lata
120,Fanta_Uva,Pouso Alegre,POU_L1,4,-0.0,false,lata
120,Fanta_Uva,Pouso Alegre,POU_L1,5,-0.0,false,lata
120,Fanta_Uva,Pouso Alegre,POU_L1,6,-0.0,false,lata
120,Fanta_Uva,Pouso Alegre,POU_L1,7,-0.0,false,lata
120,Fanta_Uva,Pouso Alegre,POU_L1,8,-0.0,false,lata
120,Fanta_Uva,Pouso Alegre,POU_L1,9,-999999.9946436001,false,lata
120,Fanta_Uva,Pouso Alegre,POU_L1,10,-0.0,false,lata
120,Fanta_Uva,Pouso Alegre,POU_L1,11,-0.0,false,lata
120,Fanta_Uva,Pouso Alegre,POU_L1,12,-0.0,false,lata
120,Fanta_Uva,Pouso Alegre,POU_L1,13,-0.0,false,lata
120,Fanta_Uva,Pouso Alegre,POU_L1,14,-0.0,false,lata
120,Fanta_Uva,Pouso Alegre,POU_L1,15,-0.0,false,lata
120,Fanta_Uva,Pouso Alegre,POU_L2,1,-0.0,false,lata
120,Fanta_Uva,Pouso Alegre,POU_L2,2,-0.0,false,lata
120,Fanta_Uva,Pouso Alegre,POU_L2,3,-0.0,false,lata
120,Fanta_Uva,Pouso Alegre,POU_L2,4,-0.0,false,lata
120,Fanta_Uva,Pouso Alegre,POU_L2,5,-0.0,false,lata
120,Fanta_Uva,Pouso Alegre,POU_L2,6,-0.0,false,lata
120,Fanta_Uva,Pouso Alegre,POU_L2,7,-0.0,false,lata
120,Fanta_Uva,Pouso Alegre,POU_L2,8,-0.0,false,lata
120,Fanta_Uva,Pouso Alegre,POU_L2,9,-0.0,false,lata
120,Fanta_Uva,Pouso Alegre,POU_L2,10,-999999.5855148501,false,lata
120,Fanta_Uva,Pouso Alegre,POU_L2,11,-0.0,false,lata
120,Fanta_Uva,Pouso Alegre,POU_L2,12,-0.0,false,lata
120,Fanta_Uva,Pouso Alegre,POU_L2,13,-0.0,false,lata
120,Fanta_Uva,Pouso Alegre,POU_L2,14,-0.0,false,lata
120,Fanta_Uva,Pouso Alegre,POU_L2,15,-0.0,false,lata
120,Fanta_Uva,Pouso Alegre,POU_L3,1,-0.0,false,lata
120,Fanta_Uva,Pouso Alegre,POU_L3,2,-0.0,false,lata
120,Fanta_Uva,Pouso Alegre,POU_L3,3,-0.0,false,lata
120,Fanta_Uva,Pouso Alegre,POU_L3,4,-0.0,false,lata
120,Fanta_Uva,Pouso Alegre,POU_L3,5,-999998.9383214504,false,lata
120,Fanta_Uva,Pouso Alegre,POU_L3,6,-0.0,false,lata
120,Fanta_Uva,Pouso Alegre,POU_L3,7,-999999.4670436002,false,lata
120,Fanta_Uva,Pouso Alegre,POU_L3,8,-0.0,false,lata
120,Fanta_Uva,Pouso Alegre,POU_L3,9,-0.0,false,lata
120,Fanta_Uva,Pouso Alegre,POU_L3,10,-0.0,false,lata
120,Fanta_Uva,Pouso Alegre,POU_L3,11,-0.0,false,lata
120,Fanta_Uva,Pouso Alegre,POU_L3,12,-0.0,false,lata
120,Fanta_Uva,Pouso Alegre,POU_L3,13,-0.0,false,lata
120,Fanta_Uva,Pouso Alegre,POU_L3,14,-999998.02407965,false,lata
120,Fanta_Uva,Pouso Alegre,POU_L3,15,-0.0,false,lata
120,Fanta_Uva,Gama,GAM_L1,1,-0.0,false,lata
120,Fanta_Uva,Gama,GAM_L1,2,-0.0,false,lata
120,Fanta_Uva,Gama,GAM_L1,3,-0.0,false,lata
120,Fanta_Uva,Gama,GAM_L1,4,-0.0,false,lata
120,Fanta_Uva,Gama,GAM_L1,5,-0.0,false,lata
120,Fanta_Uva,Gama,GAM_L1,6,-0.0,false,lata
120,Fanta_Uva,Gama,GAM_L1,7,-0.0,false,lata
120,Fanta_Uva,Gama,GAM_L1,8,-0.0,false,lata
120,Fanta_Uva,Gama,GAM_L1,9,-999999.96381815,false,lata
120,Fanta_Uva,Gama,GAM_L1,10,-0.0,false,lata
120,Fanta_Uva,Gama,GAM_L1,11,-0.0,false,lata
120,Fanta_Uva,Gama,GAM_L1,12,-0.0,false,lata
120,Fanta_Uva,Gama,GAM_L1,13,-0.0,false,lata
120,Fanta_Uva,Gama,GAM_L1,14,-0.0,false,lata
120,Fanta_Uva,Gama,GAM_L1,15,-0.0,false,lata
120,Fanta_Uva,Gama,GAM_L2,1,-0.0,false,lata
120,Fanta_Uva,Gama,GAM_L2,2,-0.0,false,lata
120,Fanta_Uva,Gama,GAM_L2,3,-0.0,false,lata
120,Fanta_Uva,Gama,GAM_L2,4,-0.0,false,lata
120,Fanta_Uva,Gama,GAM_L2,5,-0.0,false,lata
120,Fanta_Uva,Gama,GAM_L2,6,-0.0,false,lata
120,Fanta_Uva,Gama,GAM_L2,7,-0.0,false,lata
120,Fanta_Uva,Gama,GAM_L2,8,-0.0,false,lata
120,Fanta_Uva,Gama,GAM_L2,9,-0.0,false,lata
120,Fanta_Uva,Gama,GAM_L2,10,-0.0,false,lata
120,Fanta_Uva,Gama,GAM_L2,11,-0.0,false,lata
120,Fanta_Uva,Gama,GAM_L2,12,-0.0,false,lata
120,Fanta_Uva,Gama,GAM_L2,13,-0.0,false,lata
120,Fanta_Uva,Gama,GAM_L2,14,-0.0,false,lata
120,Fanta_Uva,Gama,GAM_L2,15,-0.0,false,lata
120,Fanta_Uva,Gama,GAM_L3,1,-0.0,false,lata
120,Fanta_Uva,Gama,GAM_L3,2,-0.0,false,lata
120,Fanta_Uva,Gama,GAM_L3,3,-0.0,false,lata
120,Fanta_Uva,Gama,GAM_L3,4,-0.0,false,lata
120,Fanta_Uva,Gama,GAM_L3,5,-0.0,false,lata
120,Fanta_Uva,Gama,GAM_L3,6,-0.0,false,lata
120,Fanta_Uva,Gama,GAM_L3,7,-0.0,false,lata
120,Fanta_Uva,Gama,GAM_L3,8,-0.0,false,lata
120,Fanta_Uva,Gama,GAM_L3,9,-0.0,false,lata
120,Fanta_Uva,Gama,GAM_L3,10,-0.0,false,lata
120,Fanta_Uva,Gama,GAM_L3,11,-0.0,false,lata
120,Fanta_Uva,Gama,GAM_L3,12,-0.0,false,lata
120,Fanta_Uva,Gama,GAM_L3,13,-0.0,false,lata
120,Fanta_Uva,Gama,GAM_L3,14,-0.0,false,lata
120,Fanta_Uva,Gama,GAM_L3,15,-999998.2936209997,false,lata
120,Fanta_Uva,Viamao,VIA_L1,1,-0.0,false,lata
120,Fanta_Uva,Viamao,VIA_L1,2,-0.0,false,lata
120,Fanta_Uva,Viamao,VIA_L1,3,-0.0,false,lata
120,Fanta_Uva,Viamao,VIA_L1,4,-999998.7060418503,false,lata
120,Fanta_Uva,Viamao,VIA_L1,5,-0.0,false,lata
120,Fanta_Uva,Viamao,VIA_L1,6,-0.0,false,lata
120,Fanta_Uva,Viamao,VIA_L1,7,-0.0,false,lata
120,Fanta_Uva,Viamao,VIA_L1,8,-0.0,false,lata
120,Fanta_Uva,Viamao,VIA_L1,9,-0.0,false,lata
120,Fanta_Uva,Viamao,VIA_L1,10,-0.0,false,lata
120,Fanta_Uva,Viamao,VIA_L1,11,-0.0,false,lata
120,Fanta_Uva,Viamao,VIA_L1,12,-0.0,false,lata
120,Fanta_Uva,Viamao,VIA_L1,13,-0.0,false,lata
120,Fanta_Uva,Viamao,VIA_L1,14,-0.0,false,lata
120,Fanta_Uva,Viamao,VIA_L1,15,-0.0,false,lata
120,Fanta_Uva,Viamao,VIA_L2,1,-0.0,false,lata
120,Fanta_Uva,Viamao,VIA_L2,2,-0.0,false,lata
120,Fanta_Uva,Viamao,VIA_L2,3,-0.0,false,lata
120,Fanta_Uva,Viamao,VIA_L2,4,-0.0,false,lata
120,Fanta_Uva,Viamao,VIA_L2,5,-0.0,false,lata
120,Fanta_Uva,Viamao,VIA_L2,6,-0.0,false,lata
120,Fanta_Uva,Viamao,VIA_L2,7,-0.0,false,lata
120,Fanta_Uva,Viamao,VIA_L2,8,-0.0,false,lata
120,Fanta_Uva,Viamao,VIA_L2,9,-0.0,false,lata
120,Fanta_Uva,Viamao,VIA_L2,10,-0.0,false,lata
120,Fanta_Uva,Viamao,VIA_L2,11,-0.0,false,lata
120,Fanta_Uva,Viamao,VIA_L2,12,-0.0,false,lata
120,Fanta_Uva,Viamao,VIA_L2,13,-0.0,false,lata
120,Fanta_Uva,Viamao,VIA_L2,14,-0.0,false,lata
120,Fanta_Uva,Viamao,VIA_L2,15,-0.0,false,lata
120,Fanta_Uva,Viamao,VIA_L3,1,-999999.8466846998,false,lata
120,Fanta_Uva,Viamao,VIA_L3,2,-999998.1754756502,false,lata
120,Fanta_Uva,Viamao,VIA_L3,3,-0.0,false,lata
120,Fanta_Uva,Viamao,VIA_L3,4,-0.0,false,lata
120,Fanta_Uva,Viamao,VIA_L3,5,-0.0,false,lata
120,Fanta_Uva,Viamao,VIA_L3,6,-999999.2306756501,false,lata
120,Fanta_Uva,Viamao,VIA_L3,7,-0.0,false,lata
120,Fanta_Uva,Viamao,VIA_L3,8,-0.0,false,lata
120,Fanta_Uva,Viamao,VIA_L3,9,-0.0,false,lata
120,Fanta_Uva,Viamao,VIA_L3,10,-0.0,false,lata
120,Fanta_Uva,Viamao,VIA_L3,11,-0.0,false,lata
120,Fanta_Uva,Viamao,VIA_L3,12,-0.0,false,lata
120,Fanta_Uva,Viamao,VIA_L3,13,-0.0,false,lata
120,Fanta_Uva,Viamao,VIA_L3,14,-999998.0544778999,false,lata
120,Fanta_Uva,Viamao,VIA_L3,15,-0.0,false,lata
120,Fanta_Uva,Itupeva,ITU_L1,1,-0.0,false,lata
120,Fanta_Uva,Itupeva,ITU_L1,2,-0.0,false,lata
120,Fanta_Uva,Itupeva,ITU_L1,3,-0.0,false,lata
120,Fanta_Uva,Itupeva,ITU_L1,4,-0.0,false,lata
120,Fanta_Uva,Itupeva,ITU_L1,5,-0.0,false,lata
120,Fanta_Uva,Itupeva,ITU_L1,6,-0.0,false,lata
120,Fanta_Uva,Itupeva,ITU_L1,7,-0.0,false,lata
120,Fanta_Uva,Itupeva,ITU_L1,8,-0.0,false,lata
120,Fanta_Uva,Itupeva,ITU_L1,9,-999999.99566565,false,lata
120,Fanta_Uva,Itupeva,ITU_L1,10,-0.0,false,lata
120,Fanta_Uva,Itupeva,ITU_L1,11,-0.0,false,lata
120,Fanta_Uva,Itupeva,ITU_L1,12,-0.0,false,lata
120,Fanta_Uva,Itupeva,ITU_L1,13,-0.0,false,lata
120,Fanta_Uva,Itupeva,ITU_L1,14,-999998.0251016999,false,lata
120,Fanta_Uva,Itupeva,ITU_L1,15,-0.0,false,lata
120,Fanta_Uva,Itupeva,ITU_L2,1,-0.0,false,lata
120,Fanta_Uva,Itupeva,ITU_L2,2,-0.0,false,lata
120,Fanta_Uva,Itupeva,ITU_L2,3,-0.0,false,lata
120,Fanta_Uva,Itupeva,ITU_L2,4,-0.0,false,lata
120,Fanta_Uva,Itupeva,ITU_L2,5,-0.0,false,lata
120,Fanta_Uva,Itupeva,ITU_L2,6,-0.0,false,lata
120,Fanta_Uva,Itupeva,ITU_L2,7,-0.0,false,lata
120,Fanta_Uva,Itupeva,ITU_L2,8,-0.0,false,lata
120,Fanta_Uva,Itupeva,ITU_L2,9,-0.0,false,lata
120,Fanta_Uva,Itupeva,ITU_L2,10,-0.0,false,lata
120,Fanta_Uva,Itupeva,ITU_L2,11,-0.0,false,lata
120,Fanta_Uva,Itupeva,ITU_L2,12,-0.0,false,lata
120,Fanta_Uva,Itupeva,ITU_L2,13,-0.0,false,lata
120,Fanta_Uva,Itupeva,ITU_L2,14,-0.0,false,lata
120,Fanta_Uva,Itupeva,ITU_L2,15,-0.0,false,lata
120,Fanta_Uva,Itupeva,ITU_L3,1,-0.0,false,lata
120,Fanta_Uva,Itupeva,ITU_L3,2,-0.0,false,lata
120,Fanta_Uva,Itupeva,ITU_L3,3,-0.0,false,lata
120,Fanta_Uva,Itupeva,ITU_L3,4,-0.0,false,lata
120,Fanta_Uva,Itupeva,ITU_L3,5,-0.0,false,lata
120,Fanta_Uva,Itupeva,ITU_L3,6,-0.0,false,lata
120,Fanta_Uva,Itupeva,ITU_L3,7,-0.0,false,lata
120,Fanta_Uva,Itupeva,ITU_L3,8,-0.0,false,lata
120,Fanta_Uva,Itupeva,ITU_L3,9,-999999.99566565,false,lata
120,Fanta_Uva,Itupeva,ITU_L3,10,-0.0,false,lata
120,Fanta_Uva,Itupeva,ITU_L3,11,-0.0,false,lata
120,Fanta_Uva,Itupeva,ITU_L3,12,-0.0,false,lata
120,Fanta_Uva,Itupeva,ITU_L3,13,-0.0,false,lata
120,Fanta_Uva,Itupeva,ITU_L3,14,-0.0,false,lata
120,Fanta_Uva,Itupeva,ITU_L3,15,-999998.2889016998,false,lata
120,Fanta_Uva,Cabo de Santo Agostinho,CAB_L1,1,-0.0,false,lata
120,Fanta_Uva,Cabo de Santo Agostinho,CAB_L1,2,-0.0,false,lata
120,Fanta_Uva,Cabo de Santo Agostinho,CAB_L1,3,-0.0,false,lata
120,Fanta_Uva,Cabo de Santo Agostinho,CAB_L1,4,-0.0,false,lata
120,Fanta_Uva,Cabo de Santo Agostinho,CAB_L1,5,-0.0,false,lata
120,Fanta_Uva,Cabo de Santo Agostinho,CAB_L1,6,-0.0,false,lata
120,Fanta_Uva,Cabo de Santo Agostinho,CAB_L1,7,-0.0,false,lata
120,Fanta_Uva,Cabo de Santo Agostinho,CAB_L1,8,-0.0,false,lata
120,Fanta_Uva,Cabo de Santo Agostinho,CAB_L1,9,-0.0,false,lata
120,Fanta_Uva,Cabo de Santo Agostinho,CAB_L1,10,-0.0,false,lata
120,Fanta_Uva,Cabo de Santo Agostinho,CAB_L1,11,-0.0,false,lata
120,Fanta_Uva,Cabo de Santo Agostinho,CAB_L1,12,-0.0,false,lata
120,Fanta_Uva,Cabo de Santo Agostinho,CAB_L1,13,-0.0,false,lata
120,Fanta_Uva,Cabo de Santo Agostinho,CAB_L1,14,-0.0,false,lata
120,Fanta_Uva,Cabo de Santo Agostinho,CAB_L1,15,-0.0,false,lata
120,Fanta_Uva,Cabo de Santo Agostinho,CAB_L2,1,-0.0,false,lata
120,Fanta_Uva,Cabo de Santo Agostinho,CAB_L2,2,-0.0,false,lata
120,Fanta_Uva,Cabo de Santo Agostinho,CAB_L2,3,-0.0,false,lata
120,Fanta_Uva,Cabo de Santo Agostinho,CAB_L2,4,-0.0,false,lata
120,Fanta_Uva,Cabo de Santo Agostinho,CAB_L2,5,-0.0,false,lata
120,Fanta_Uva,Cabo de Santo Agostinho,CAB_L2,6,-0.0,false,lata
120,Fanta_Uva,Cabo de Santo Agostinho,CAB_L2,7,-0.0,false,lata
120,Fanta_Uva,Cabo de Santo Agostinho,CAB_L2,8,-0.0,false,lata
120,Fanta_Uva,Cabo de Santo Agostinho,CAB_L2,9,-1.0e6,true,lata
120,Fanta_Uva,Cabo de Santo Agostinho,CAB_L2,10,-0.0,false,lata
120,Fanta_Uva,Cabo de Santo Agostinho,CAB_L2,11,-0.0,false,lata
120,Fanta_Uva,Cabo de Santo Agostinho,CAB_L2,12,-0.0,false,lata
120,Fanta_Uva,Cabo de Santo Agostinho,CAB_L2,13,-0.0,false,lata
120,Fanta_Uva,Cabo de Santo Agostinho,CAB_L2,14,-0.0,false,lata
120,Fanta_Uva,Cabo de Santo Agostinho,CAB_L2,15,-0.0,false,lata
120,Fanta_Uva,Cabo de Santo Agostinho,CAB_L3,1,-0.0,false,lata
120,Fanta_Uva,Cabo de Santo Agostinho,CAB_L3,2,-0.0,false,lata
120,Fanta_Uva,Cabo de Santo Agostinho,CAB_L3,3,-0.0,false,lata
120,Fanta_Uva,Cabo de Santo Agostinho,CAB_L3,4,-0.0,false,lata
120,Fanta_Uva,Cabo de Santo Agostinho,CAB_L3,5,-0.0,false,lata
120,Fanta_Uva,Cabo de Santo Agostinho,CAB_L3,6,-0.0,false,lata
120,Fanta_Uva,Cabo de Santo Agostinho,CAB_L3,7,-0.0,false,lata
120,Fanta_Uva,Cabo de Santo Agostinho,CAB_L3,8,-0.0,false,lata
120,Fanta_Uva,Cabo de Santo Agostinho,CAB_L3,9,-0.0,false,lata
120,Fanta_Uva,Cabo de Santo Agostinho,CAB_L3,10,-0.0,false,lata
120,Fanta_Uva,Cabo de Santo Agostinho,CAB_L3,11,-0.0,false,lata
120,Fanta_Uva,Cabo de Santo Agostinho,CAB_L3,12,-0.0,false,lata
120,Fanta_Uva,Cabo de Santo Agostinho,CAB_L3,13,-0.0,false,lata
120,Fanta_Uva,Cabo de Santo Agostinho,CAB_L3,14,-0.0,false,lata
120,Fanta_Uva,Cabo de Santo Agostinho,CAB_L3,15,-0.0,false,lata
120,Stella_Artois_Pure_Gold,Jacarei,JAC_L1,1,-0.0,false,lata
120,Stella_Artois_Pure_Gold,Jacarei,JAC_L1,2,-0.0,false,lata
120,Stella_Artois_Pure_Gold,Jacarei,JAC_L1,3,-0.0,false,lata
120,Stella_Artois_Pure_Gold,Jacarei,JAC_L1,4,-0.0,false,lata
120,Stella_Artois_Pure_Gold,Jacarei,JAC_L1,5,-0.0,false,lata
120,Stella_Artois_Pure_Gold,Jacarei,JAC_L1,6,-0.0,false,lata
120,Stella_Artois_Pure_Gold,Jacarei,JAC_L1,7,-0.0,false,lata
120,Stella_Artois_Pure_Gold,Jacarei,JAC_L1,8,-0.0,false,lata
120,Stella_Artois_Pure_Gold,Jacarei,JAC_L1,9,-999999.9073954001,false,lata
120,Stella_Artois_Pure_Gold,Jacarei,JAC_L1,10,-0.0,false,lata
120,Stella_Artois_Pure_Gold,Jacarei,JAC_L1,11,-0.0,false,lata
120,Stella_Artois_Pure_Gold,Jacarei,JAC_L1,12,-0.0,false,lata
120,Stella_Artois_Pure_Gold,Jacarei,JAC_L1,13,-0.0,false,lata
120,Stella_Artois_Pure_Gold,Jacarei,JAC_L1,14,-0.0,false,lata
120,Stella_Artois_Pure_Gold,Jacarei,JAC_L1,15,-0.0,false,lata
120,Stella_Artois_Pure_Gold,Jacarei,JAC_L2,1,-1.0e6,true,lata
120,Stella_Artois_Pure_Gold,Jacarei,JAC_L2,2,-999999.97181495,false,lata
120,Stella_Artois_Pure_Gold,Jacarei,JAC_L2,3,-0.0,false,lata
120,Stella_Artois_Pure_Gold,Jacarei,JAC_L2,4,-1.0e6,false,lata
120,Stella_Artois_Pure_Gold,Jacarei,JAC_L2,5,-0.0,false,lata
120,Stella_Artois_Pure_Gold,Jacarei,JAC_L2,6,-0.0,false,lata
120,Stella_Artois_Pure_Gold,Jacarei,JAC_L2,7,-0.0,false,lata
120,Stella_Artois_Pure_Gold,Jacarei,JAC_L2,8,-0.0,false,lata
120,Stella_Artois_Pure_Gold,Jacarei,JAC_L2,9,-0.0,false,lata
120,Stella_Artois_Pure_Gold,Jacarei,JAC_L2,10,-0.0,false,lata
120,Stella_Artois_Pure_Gold,Jacarei,JAC_L2,11,-0.0,false,lata
120,Stella_Artois_Pure_Gold,Jacarei,JAC_L2,12,-0.0,false,lata
120,Stella_Artois_Pure_Gold,Jacarei,JAC_L2,13,-0.0,false,lata
120,Stella_Artois_Pure_Gold,Jacarei,JAC_L2,14,-0.0,false,lata
120,Stella_Artois_Pure_Gold,Jacarei,JAC_L2,15,-0.0,false,lata
120,Stella_Artois_Pure_Gold,Jacarei,JAC_L3,1,-0.0,false,lata
120,Stella_Artois_Pure_Gold,Jacarei,JAC_L3,2,-0.0,false,lata
120,Stella_Artois_Pure_Gold,Jacarei,JAC_L3,3,-0.0,false,lata
120,Stella_Artois_Pure_Gold,Jacarei,JAC_L3,4,-1.0e6,true,lata
120,Stella_Artois_Pure_Gold,Jacarei,JAC_L3,5,-0.0,false,lata
120,Stella_Artois_Pure_Gold,Jacarei,JAC_L3,6,-0.0,false,lata
120,Stella_Artois_Pure_Gold,Jacarei,JAC_L3,7,-0.0,false,lata
120,Stella_Artois_Pure_Gold,Jacarei,JAC_L3,8,-0.0,false,lata
120,Stella_Artois_Pure_Gold,Jacarei,JAC_L3,9,-0.0,false,lata
120,Stella_Artois_Pure_Gold,Jacarei,JAC_L3,10,-0.0,false,lata
120,Stella_Artois_Pure_Gold,Jacarei,JAC_L3,11,-0.0,false,lata
120,Stella_Artois_Pure_Gold,Jacarei,JAC_L3,12,-0.0,false,lata
120,Stella_Artois_Pure_Gold,Jacarei,JAC_L3,13,-0.0,false,lata
120,Stella_Artois_Pure_Gold,Jacarei,JAC_L3,14,-0.0,false,lata
120,Stella_Artois_Pure_Gold,Jacarei,JAC_L3,15,-0.0,false,lata
120,Stella_Artois_Pure_Gold,Extrema,EXT_L1,1,-0.0,false,lata
120,Stella_Artois_Pure_Gold,Extrema,EXT_L1,2,-0.0,false,lata
120,Stella_Artois_Pure_Gold,Extrema,EXT_L1,3,-0.0,false,lata
120,Stella_Artois_Pure_Gold,Extrema,EXT_L1,4,-0.0,false,lata
120,Stella_Artois_Pure_Gold,Extrema,EXT_L1,5,-0.0,false,lata
120,Stella_Artois_Pure_Gold,Extrema,EXT_L1,6,-0.0,false,lata
120,Stella_Artois_Pure_Gold,Extrema,EXT_L1,7,-0.0,false,lata
120,Stella_Artois_Pure_Gold,Extrema,EXT_L1,8,-0.0,false,lata
120,Stella_Artois_Pure_Gold,Extrema,EXT_L1,9,-0.0,false,lata
120,Stella_Artois_Pure_Gold,Extrema,EXT_L1,10,-0.0,false,lata
120,Stella_Artois_Pure_Gold,Extrema,EXT_L1,11,-0.0,false,lata
120,Stella_Artois_Pure_Gold,Extrema,EXT_L1,12,-0.0,false,lata
120,Stella_Artois_Pure_Gold,Extrema,EXT_L1,13,-0.0,false,lata
120,Stella_Artois_Pure_Gold,Extrema,EXT_L1,14,-0.0,false,lata
120,Stella_Artois_Pure_Gold,Extrema,EXT_L1,15,-1.0e6,true,lata
120,Stella_Artois_Pure_Gold,Extrema,EXT_L2,1,-0.0,false,lata
120,Stella_Artois_Pure_Gold,Extrema,EXT_L2,2,-0.0,false,lata
120,Stella_Artois_Pure_Gold,Extrema,EXT_L2,3,-0.0,false,lata
120,Stella_Artois_Pure_Gold,Extrema,EXT_L2,4,-0.0,false,lata
120,Stella_Artois_Pure_Gold,Extrema,EXT_L2,5,-0.0,false,lata
120,Stella_Artois_Pure_Gold,Extrema,EXT_L2,6,-0.0,false,lata
120,Stella_Artois_Pure_Gold,Extrema,EXT_L2,7,-0.0,false,lata
120,Stella_Artois_Pure_Gold,Extrema,EXT_L2,8,-0.0,false,lata
120,Stella_Artois_Pure_Gold,Extrema,EXT_L2,9,-0.0,false,lata
120,Stella_Artois_Pure_Gold,Extrema,EXT_L2,10,-999999.8370159,false,lata
120,Stella_Artois_Pure_Gold,Extrema,EXT_L2,11,-0.0,false,lata
120,Stella_Artois_Pure_Gold,Extrema,EXT_L2,12,-1.0e6,true,lata
120,Stella_Artois_Pure_Gold,Extrema,EXT_L2,13,-0.0,false,lata
120,Stella_Artois_Pure_Gold,Extrema,EXT_L2,14,-0.0,false,lata
120,Stella_Artois_Pure_Gold,Extrema,EXT_L2,15,-0.0,false,lata
120,Stella_Artois_Pure_Gold,Extrema,EXT_L3,1,-0.0,false,lata
120,Stella_Artois_Pure_Gold,Extrema,EXT_L3,2,-0.0,false,lata
120,Stella_Artois_Pure_Gold,Extrema,EXT_L3,3,-0.0,false,lata
120,Stella_Artois_Pure_Gold,Extrema,EXT_L3,4,-0.0,false,lata
120,Stella_Artois_Pure_Gold,Extrema,EXT_L3,5,-0.0,false,lata
120,Stella_Artois_Pure_Gold,Extrema,EXT_L3,6,-0.0,false,lata
120,Stella_Artois_Pure_Gold,Extrema,EXT_L3,7,-0.0,false,lata
120,Stella_Artois_Pure_Gold,Extrema,EXT_L3,8,-0.0,false,lata
120,Stella_Artois_Pure_Gold,Extrema,EXT_L3,9,-0.0,false,lata
120,Stella_Artois_Pure_Gold,Extrema,EXT_L3,10,-0.0,false,lata
120,Stella_Artois_Pure_Gold,Extrema,EXT_L3,11,-0.0,false,lata
120,Stella_Artois_Pure_Gold,Extrema,EXT_L3,12,-0.0,false,lata
120,Stella_Artois_Pure_Gold,Extrema,EXT_L3,13,-0.0,false,lata
120,Stella_Artois_Pure_Gold,Extrema,EXT_L3,14,-0.0,false,lata
120,Stella_Artois_Pure_Gold,Extrema,EXT_L3,15,-0.0,false,lata
120,Stella_Artois_Pure_Gold,Tres Rios,TRE_L1,1,-0.0,false,lata
120,Stella_Artois_Pure_Gold,Tres Rios,TRE_L1,2,-0.0,false,lata
120,Stella_Artois_Pure_Gold,Tres Rios,TRE_L1,3,-0.0,false,lata
120,Stella_Artois_Pure_Gold,Tres Rios,TRE_L1,4,-0.0,false,lata
120,Stella_Artois_Pure_Gold,Tres Rios,TRE_L1,5,-0.0,false,lata
120,Stella_Artois_Pure_Gold,Tres Rios,TRE_L1,6,-0.0,false,lata
120,Stella_Artois_Pure_Gold,Tres Rios,TRE_L1,7,-0.0,false,lata
120,Stella_Artois_Pure_Gold,Tres Rios,TRE_L1,8,-0.0,false,lata
120,Stella_Artois_Pure_Gold,Tres Rios,TRE_L1,9,-0.0,false,lata
120,Stella_Artois_Pure_Gold,Tres Rios,TRE_L1,10,-0.0,false,lata
120,Stella_Artois_Pure_Gold,Tres Rios,TRE_L1,11,-0.0,false,lata
120,Stella_Artois_Pure_Gold,Tres Rios,TRE_L1,12,-0.0,false,lata
120,Stella_Artois_Pure_Gold,Tres Rios,TRE_L1,13,-0.0,false,lata
120,Stella_Artois_Pure_Gold,Tres Rios,TRE_L1,14,-0.0,false,lata
120,Stella_Artois_Pure_Gold,Tres Rios,TRE_L1,15,-0.0,false,lata
120,Stella_Artois_Pure_Gold,Tres Rios,TRE_L2,1,-0.0,false,lata
120,Stella_Artois_Pure_Gold,Tres Rios,TRE_L2,2,-0.0,false,lata
120,Stella_Artois_Pure_Gold,Tres Rios,TRE_L2,3,-0.0,false,lata
120,Stella_Artois_Pure_Gold,Tres Rios,TRE_L2,4,-0.0,false,lata
120,Stella_Artois_Pure_Gold,Tres Rios,TRE_L2,5,-0.0,false,lata
120,Stella_Artois_Pure_Gold,Tres Rios,TRE_L2,6,-0.0,false,lata
120,Stella_Artois_Pure_Gold,Tres Rios,TRE_L2,7,-0.0,false,lata
120,Stella_Artois_Pure_Gold,Tres Rios,TRE_L2,8,-0.0,false,lata
120,Stella_Artois_Pure_Gold,Tres Rios,TRE_L2,9,-999999.9201487501,false,lata
120,Stella_Artois_Pure_Gold,Tres Rios,TRE_L2,10,-999999.8508130499,false,lata
120,Stella_Artois_Pure_Gold,Tres Rios,TRE_L2,11,-0.0,false,lata
120,Stella_Artois_Pure_Gold,Tres Rios,TRE_L2,12,-0.0,false,lata
120,Stella_Artois_Pure_Gold,Tres Rios,TRE_L2,13,-0.0,false,lata
120,Stella_Artois_Pure_Gold,Tres Rios,TRE_L2,14,-0.0,false,lata
120,Stella_Artois_Pure_Gold,Tres Rios,TRE_L2,15,-0.0,false,lata
120,Stella_Artois_Pure_Gold,Tres Rios,TRE_L3,1,-0.0,false,lata
120,Stella_Artois_Pure_Gold,Tres Rios,TRE_L3,2,-0.0,false,lata
120,Stella_Artois_Pure_Gold,Tres Rios,TRE_L3,3,-0.0,false,lata
120,Stella_Artois_Pure_Gold,Tres Rios,TRE_L3,4,-1.0e6,true,lata
120,Stella_Artois_Pure_Gold,Tres Rios,TRE_L3,5,-0.0,false,lata
120,Stella_Artois_Pure_Gold,Tres Rios,TRE_L3,6,-0.0,false,lata
120,Stella_Artois_Pure_Gold,Tres Rios,TRE_L3,7,-0.0,false,lata
120,Stella_Artois_Pure_Gold,Tres Rios,TRE_L3,8,-0.0,false,lata
120,Stella_Artois_Pure_Gold,Tres Rios,TRE_L3,9,-0.0,false,lata
120,Stella_Artois_Pure_Gold,Tres Rios,TRE_L3,10,-0.0,false,lata
120,Stella_Artois_Pure_Gold,Tres Rios,TRE_L3,11,-0.0,false,lata
120,Stella_Artois_Pure_Gold,Tres Rios,TRE_L3,12,-0.0,false,lata
120,Stella_Artois_Pure_Gold,Tres Rios,TRE_L3,13,-0.0,false,lata
120,Stella_Artois_Pure_Gold,Tres Rios,TRE_L3,14,-0.0,false,lata
120,Stella_Artois_Pure_Gold,Tres Rios,TRE_L3,15,-0.0,false,lata
120,Stella_Artois_Pure_Gold,Alagoinhas,ALA_L1,1,-0.0,false,lata
120,Stella_Artois_Pure_Gold,Alagoinhas,ALA_L1,2,-0.0,false,lata
120,Stella_Artois_Pure_Gold,Alagoinhas,ALA_L1,3,-0.0,false,lata
120,Stella_Artois_Pure_Gold,Alagoinhas,ALA_L1,4,-0.0,false,lata
120,Stella_Artois_Pure_Gold,Alagoinhas,ALA_L1,5,-0.0,false,lata
120,Stella_Artois_Pure_Gold,Alagoinhas,ALA_L1,6,-0.0,false,lata
120,Stella_Artois_Pure_Gold,Alagoinhas,ALA_L1,7,-0.0,false,lata
120,Stella_Artois_Pure_Gold,Alagoinhas,ALA_L1,8,-0.0,false,lata
120,Stella_Artois_Pure_Gold,Alagoinhas,ALA_L1,9,-0.0,false,lata
120,Stella_Artois_Pure_Gold,Alagoinhas,ALA_L1,10,-0.0,false,lata
120,Stella_Artois_Pure_Gold,Alagoinhas,ALA_L1,11,-0.0,false,lata
120,Stella_Artois_Pure_Gold,Alagoinhas,ALA_L1,12,-0.0,false,lata
120,Stella_Artois_Pure_Gold,Alagoinhas,ALA_L1,13,-0.0,false,lata
120,Stella_Artois_Pure_Gold,Alagoinhas,ALA_L1,14,-0.0,false,lata
120,Stella_Artois_Pure_Gold,Alagoinhas,ALA_L1,15,-0.0,false,lata
120,Stella_Artois_Pure_Gold,Alagoinhas,ALA_L2,1,-0.0,false,lata
120,Stella_Artois_Pure_Gold,Alagoinhas,ALA_L2,2,-0.0,false,lata
120,Stella_Artois_Pure_Gold,Alagoinhas,ALA_L2,3,-0.0,false,lata
120,Stella_Artois_Pure_Gold,Alagoinhas,ALA_L2,4,-0.0,false,lata
120,Stella_Artois_Pure_Gold,Alagoinhas,ALA_L2,5,-0.0,false,lata
120,Stella_Artois_Pure_Gold,Alagoinhas,ALA_L2,6,-0.0,false,lata
120,Stella_Artois_Pure_Gold,Alagoinhas,ALA_L2,7,-0.0,false,lata
120,Stella_Artois_Pure_Gold,Alagoinhas,ALA_L2,8,-0.0,false,lata
120,Stella_Artois_Pure_Gold,Alagoinhas,ALA_L2,9,-0.0,false,lata
120,Stella_Artois_Pure_Gold,Alagoinhas,ALA_L2,10,-0.0,false,lata
120,Stella_Artois_Pure_Gold,Alagoinhas,ALA_L2,11,-0.0,false,lata
120,Stella_Artois_Pure_Gold,Alagoinhas,ALA_L2,12,-0.0,false,lata
120,Stella_Artois_Pure_Gold,Alagoinhas,ALA_L2,13,-0.0,false,lata
120,Stella_Artois_Pure_Gold,Alagoinhas,ALA_L2,14,-0.0,false,lata
120,Stella_Artois_Pure_Gold,Alagoinhas,ALA_L2,15,-0.0,false,lata
120,Stella_Artois_Pure_Gold,Alagoinhas,ALA_L3,1,-999999.9377020501,false,lata
120,Stella_Artois_Pure_Gold,Alagoinhas,ALA_L3,2,-0.0,false,lata
120,Stella_Artois_Pure_Gold,Alagoinhas,ALA_L3,3,-0.0,false,lata
120,Stella_Artois_Pure_Gold,Alagoinhas,ALA_L3,4,-0.0,false,lata
120,Stella_Artois_Pure_Gold,Alagoinhas,ALA_L3,5,-999999.9761673,false,lata
120,Stella_Artois_Pure_Gold,Alagoinhas,ALA_L3,6,-0.0,false,lata
120,Stella_Artois_Pure_Gold,Alagoinhas,ALA_L3,7,-0.0,false,lata
120,Stella_Artois_Pure_Gold,Alagoinhas,ALA_L3,8,-0.0,false,lata
120,Stella_Artois_Pure_Gold,Alagoinhas,ALA_L3,9,-0.0,false,lata
120,Stella_Artois_Pure_Gold,Alagoinhas,ALA_L3,10,-0.0,false,lata
120,Stella_Artois_Pure_Gold,Alagoinhas,ALA_L3,11,-0.0,false,lata
120,Stella_Artois_Pure_Gold,Alagoinhas,ALA_L3,12,-0.0,false,lata
120,Stella_Artois_Pure_Gold,Alagoinhas,ALA_L3,13,-0.0,false,lata
120,Stella_Artois_Pure_Gold,Alagoinhas,ALA_L3,14,-0.0,false,lata
120,Stella_Artois_Pure_Gold,Alagoinhas,ALA_L3,15,-0.0,false,lata
120,Stella_Artois_Pure_Gold,Frutal,FRU_L1,1,-0.0,false,lata
120,Stella_Artois_Pure_Gold,Frutal,FRU_L1,2,-0.0,false,lata
120,Stella_Artois_Pure_Gold,Frutal,FRU_L1,3,-0.0,false,lata
120,Stella_Artois_Pure_Gold,Frutal,FRU_L1,4,-1.0e6,true,lata
120,Stella_Artois_Pure_Gold,Frutal,FRU_L1,5,-0.0,false,lata
120,Stella_Artois_Pure_Gold,Frutal,FRU_L1,6,-0.0,false,lata
120,Stella_Artois_Pure_Gold,Frutal,FRU_L1,7,-999999.9231466501,false,lata
120,Stella_Artois_Pure_Gold,Frutal,FRU_L1,8,-0.0,false,lata
120,Stella_Artois_Pure_Gold,Frutal,FRU_L1,9,-0.0,false,lata
120,Stella_Artois_Pure_Gold,Frutal,FRU_L1,10,-0.0,false,lata
120,Stella_Artois_Pure_Gold,Frutal,FRU_L1,11,-0.0,false,lata
120,Stella_Artois_Pure_Gold,Frutal,FRU_L1,12,-0.0,false,lata
120,Stella_Artois_Pure_Gold,Frutal,FRU_L1,13,-0.0,false,lata
120,Stella_Artois_Pure_Gold,Frutal,FRU_L1,14,-999999.8485346499,false,lata
120,Stella_Artois_Pure_Gold,Frutal,FRU_L1,15,-999999.9988765001,false,lata
120,Stella_Artois_Pure_Gold,Frutal,FRU_L2,1,-0.0,false,lata
120,Stella_Artois_Pure_Gold,Frutal,FRU_L2,2,-0.0,false,lata
120,Stella_Artois_Pure_Gold,Frutal,FRU_L2,3,-0.0,false,lata
120,Stella_Artois_Pure_Gold,Frutal,FRU_L2,4,-0.0,false,lata
120,Stella_Artois_Pure_Gold,Frutal,FRU_L2,5,-0.0,false,lata
120,Stella_Artois_Pure_Gold,Frutal,FRU_L2,6,-0.0,false,lata
120,Stella_Artois_Pure_Gold,Frutal,FRU_L2,7,-0.0,false,lata
120,Stella_Artois_Pure_Gold,Frutal,FRU_L2,8,-0.0,false,lata
120,Stella_Artois_Pure_Gold,Frutal,FRU_L2,9,-0.0,false,lata
120,Stella_Artois_Pure_Gold,Frutal,FRU_L2,10,-0.0,false,lata
120,Stella_Artois_Pure_Gold,Frutal,FRU_L2,11,-0.0,false,lata
120,Stella_Artois_Pure_Gold,Frutal,FRU_L2,12,-0.0,false,lata
120,Stella_Artois_Pure_Gold,Frutal,FRU_L2,13,-0.0,false,lata
120,Stella_Artois_Pure_Gold,Frutal,FRU_L2,14,-0.0,false,lata
120,Stella_Artois_Pure_Gold,Frutal,FRU_L2,15,-0.0,false,lata
120,Stella_Artois_Pure_Gold,Frutal,FRU_L3,1,-0.0,false,lata
120,Stella_Artois_Pure_Gold,Frutal,FRU_L3,2,-999999.9839178,false,lata
120,Stella_Artois_Pure_Gold,Frutal,FRU_L3,3,-0.0,false,lata
120,Stella_Artois_Pure_Gold,Frutal,FRU_L3,4,-0.0,false,lata
120,Stella_Artois_Pure_Gold,Frutal,FRU_L3,5,-0.0,false,lata
120,Stella_Artois_Pure_Gold,Frutal,FRU_L3,6,-0.0,false,lata
120,Stella_Artois_Pure_Gold,Frutal,FRU_L3,7,-0.0,false,lata
120,Stella_Artois_Pure_Gold,Frutal,FRU_L3,8,-0.0,false,lata
120,Stella_Artois_Pure_Gold,Frutal,FRU_L3,9,-0.0,false,lata
120,Stella_Artois_Pure_Gold,Frutal,FRU_L3,10,-0.0,false,lata
120,Stella_Artois_Pure_Gold,Frutal,FRU_L3,11,-0.0,false,lata
120,Stella_Artois_Pure_Gold,Frutal,FRU_L3,12,-1.0e6,true,lata
120,Stella_Artois_Pure_Gold,Frutal,FRU_L3,13,-0.0,false,lata
120,Stella_Artois_Pure_Gold,Frutal,FRU_L3,14,-0.0,false,lata
120,Stella_Artois_Pure_Gold,Frutal,FRU_L3,15,-0.0,false,lata
120,Stella_Artois_Pure_Gold,Pouso Alegre,POU_L1,1,-0.0,false,lata
120,Stella_Artois_Pure_Gold,Pouso Alegre,POU_L1,2,-0.0,false,lata
120,Stella_Artois_Pure_Gold,Pouso Alegre,POU_L1,3,-0.0,false,lata
120,Stella_Artois_Pure_Gold,Pouso Alegre,POU_L1,4,-0.0,false,lata
120,Stella_Artois_Pure_Gold,Pouso Alegre,POU_L1,5,-0.0,false,lata
120,Stella_Artois_Pure_Gold,Pouso Alegre,POU_L1,6,-0.0,false,lata
120,Stella_Artois_Pure_Gold,Pouso Alegre,POU_L1,7,-0.0,false,lata
120,Stella_Artois_Pure_Gold,Pouso Alegre,POU_L1,8,-0.0,false,lata
120,Stella_Artois_Pure_Gold,Pouso Alegre,POU_L1,9,-0.0,false,lata
120,Stella_Artois_Pure_Gold,Pouso Alegre,POU_L1,10,-0.0,false,lata
120,Stella_Artois_Pure_Gold,Pouso Alegre,POU_L1,11,-0.0,false,lata
120,Stella_Artois_Pure_Gold,Pouso Alegre,POU_L1,12,-0.0,false,lata
120,Stella_Artois_Pure_Gold,Pouso Alegre,POU_L1,13,-0.0,false,lata
120,Stella_Artois_Pure_Gold,Pouso Alegre,POU_L1,14,-0.0,false,lata
120,Stella_Artois_Pure_Gold,Pouso Alegre,POU_L1,15,-0.0,false,lata
120,Stella_Artois_Pure_Gold,Pouso Alegre,POU_L2,1,-0.0,false,lata
120,Stella_Artois_Pure_Gold,Pouso Alegre,POU_L2,2,-0.0,false,lata
120,Stella_Artois_Pure_Gold,Pouso Alegre,POU_L2,3,-0.0,false,lata
120,Stella_Artois_Pure_Gold,Pouso Alegre,POU_L2,4,-0.0,false,lata
120,Stella_Artois_Pure_Gold,Pouso Alegre,POU_L2,5,-0.0,false,lata
120,Stella_Artois_Pure_Gold,Pouso Alegre,POU_L2,6,-0.0,false,lata
120,Stella_Artois_Pure_Gold,Pouso Alegre,POU_L2,7,-0.0,false,lata
120,Stella_Artois_Pure_Gold,Pouso Alegre,POU_L2,8,-0.0,false,lata
120,Stella_Artois_Pure_Gold,Pouso Alegre,POU_L2,9,-0.0,false,lata
120,Stella_Artois_Pure_Gold,Pouso Alegre,POU_L2,10,-0.0,false,lata
120,Stella_Artois_Pure_Gold,Pouso Alegre,POU_L2,11,-0.0,false,lata
120,Stella_Artois_Pure_Gold,Pouso Alegre,POU_L2,12,-0.0,false,lata
120,Stella_Artois_Pure_Gold,Pouso Alegre,POU_L2,13,-0.0,false,lata
120,Stella_Artois_Pure_Gold,Pouso Alegre,POU_L2,14,-999999.8467548499,false,lata
120,Stella_Artois_Pure_Gold,Pouso Alegre,POU_L2,15,-0.0,false,lata
120,Stella_Artois_Pure_Gold,Pouso Alegre,POU_L3,1,-0.0,false,lata
120,Stella_Artois_Pure_Gold,Pouso Alegre,POU_L3,2,-0.0,false,lata
120,Stella_Artois_Pure_Gold,Pouso Alegre,POU_L3,3,-0.0,false,lata
120,Stella_Artois_Pure_Gold,Pouso Alegre,POU_L3,4,-0.0,false,lata
120,Stella_Artois_Pure_Gold,Pouso Alegre,POU_L3,5,-0.0,false,lata
120,Stella_Artois_Pure_Gold,Pouso Alegre,POU_L3,6,-999999.8295813501,false,lata
120,Stella_Artois_Pure_Gold,Pouso Alegre,POU_L3,7,-0.0,false,lata
120,Stella_Artois_Pure_Gold,Pouso Alegre,POU_L3,8,-0.0,false,lata
120,Stella_Artois_Pure_Gold,Pouso Alegre,POU_L3,9,-0.0,false,lata
120,Stella_Artois_Pure_Gold,Pouso Alegre,POU_L3,10,-0.0,false,lata
120,Stella_Artois_Pure_Gold,Pouso Alegre,POU_L3,11,-0.0,false,lata
120,Stella_Artois_Pure_Gold,Pouso Alegre,POU_L3,12,-0.0,false,lata
120,Stella_Artois_Pure_Gold,Pouso Alegre,POU_L3,13,-0.0,false,lata
120,Stella_Artois_Pure_Gold,Pouso Alegre,POU_L3,14,-0.0,false,lata
120,Stella_Artois_Pure_Gold,Pouso Alegre,POU_L3,15,-0.0,false,lata
120,Stella_Artois_Pure_Gold,Gama,GAM_L1,1,-0.0,false,lata
120,Stella_Artois_Pure_Gold,Gama,GAM_L1,2,-0.0,false,lata
120,Stella_Artois_Pure_Gold,Gama,GAM_L1,3,-0.0,false,lata
120,Stella_Artois_Pure_Gold,Gama,GAM_L1,4,-0.0,false,lata
120,Stella_Artois_Pure_Gold,Gama,GAM_L1,5,-0.0,false,lata
120,Stella_Artois_Pure_Gold,Gama,GAM_L1,6,-0.0,false,lata
120,Stella_Artois_Pure_Gold,Gama,GAM_L1,7,-0.0,false,lata
120,Stella_Artois_Pure_Gold,Gama,GAM_L1,8,-0.0,false,lata
120,Stella_Artois_Pure_Gold,Gama,GAM_L1,9,-0.0,false,lata
120,Stella_Artois_Pure_Gold,Gama,GAM_L1,10,-0.0,false,lata
120,Stella_Artois_Pure_Gold,Gama,GAM_L1,11,-0.0,false,lata
120,Stella_Artois_Pure_Gold,Gama,GAM_L1,12,-0.0,false,lata
120,Stella_Artois_Pure_Gold,Gama,GAM_L1,13,-0.0,false,lata
120,Stella_Artois_Pure_Gold,Gama,GAM_L1,14,-0.0,false,lata
120,Stella_Artois_Pure_Gold,Gama,GAM_L1,15,-0.0,false,lata
120,Stella_Artois_Pure_Gold,Gama,GAM_L2,1,-0.0,false,lata
120,Stella_Artois_Pure_Gold,Gama,GAM_L2,2,-0.0,false,lata
120,Stella_Artois_Pure_Gold,Gama,GAM_L2,3,-0.0,false,lata
120,Stella_Artois_Pure_Gold,Gama,GAM_L2,4,-999999.99531835,false,lata
120,Stella_Artois_Pure_Gold,Gama,GAM_L2,5,-0.0,false,lata
120,Stella_Artois_Pure_Gold,Gama,GAM_L2,6,-0.0,false,lata
120,Stella_Artois_Pure_Gold,Gama,GAM_L2,7,-0.0,false,lata
120,Stella_Artois_Pure_Gold,Gama,GAM_L2,8,-0.0,false,lata
120,Stella_Artois_Pure_Gold,Gama,GAM_L2,9,-0.0,false,lata
120,Stella_Artois_Pure_Gold,Gama,GAM_L2,10,-0.0,false,lata
120,Stella_Artois_Pure_Gold,Gama,GAM_L2,11,-0.0,false,lata
120,Stella_Artois_Pure_Gold,Gama,GAM_L2,12,-1.0e6,true,lata
120,Stella_Artois_Pure_Gold,Gama,GAM_L2,13,-0.0,false,lata
120,Stella_Artois_Pure_Gold,Gama,GAM_L2,14,-0.0,false,lata
120,Stella_Artois_Pure_Gold,Gama,GAM_L2,15,-0.0,false,lata
120,Stella_Artois_Pure_Gold,Gama,GAM_L3,1,-0.0,false,lata
120,Stella_Artois_Pure_Gold,Gama,GAM_L3,2,-0.0,false,lata
120,Stella_Artois_Pure_Gold,Gama,GAM_L3,3,-0.0,false,lata
120,Stella_Artois_Pure_Gold,Gama,GAM_L3,4,-0.0,false,lata
120,Stella_Artois_Pure_Gold,Gama,GAM_L3,5,-0.0,false,lata
120,Stella_Artois_Pure_Gold,Gama,GAM_L3,6,-0.0,false,lata
120,Stella_Artois_Pure_Gold,Gama,GAM_L3,7,-0.0,false,lata
120,Stella_Artois_Pure_Gold,Gama,GAM_L3,8,-0.0,false,lata
120,Stella_Artois_Pure_Gold,Gama,GAM_L3,9,-0.0,false,lata
120,Stella_Artois_Pure_Gold,Gama,GAM_L3,10,-0.0,false,lata
120,Stella_Artois_Pure_Gold,Gama,GAM_L3,11,-0.0,false,lata
120,Stella_Artois_Pure_Gold,Gama,GAM_L3,12,-0.0,false,lata
120,Stella_Artois_Pure_Gold,Gama,GAM_L3,13,-0.0,false,lata
120,Stella_Artois_Pure_Gold,Gama,GAM_L3,14,-0.0,false,lata
120,Stella_Artois_Pure_Gold,Gama,GAM_L3,15,-0.0,false,lata
120,Stella_Artois_Pure_Gold,Viamao,VIA_L1,1,-0.0,false,lata
120,Stella_Artois_Pure_Gold,Viamao,VIA_L1,2,-0.0,false,lata
120,Stella_Artois_Pure_Gold,Viamao,VIA_L1,3,-0.0,false,lata
120,Stella_Artois_Pure_Gold,Viamao,VIA_L1,4,-0.0,false,lata
120,Stella_Artois_Pure_Gold,Viamao,VIA_L1,5,-0.0,false,lata
120,Stella_Artois_Pure_Gold,Viamao,VIA_L1,6,-0.0,false,lata
120,Stella_Artois_Pure_Gold,Viamao,VIA_L1,7,-0.0,false,lata
120,Stella_Artois_Pure_Gold,Viamao,VIA_L1,8,-0.0,false,lata
120,Stella_Artois_Pure_Gold,Viamao,VIA_L1,9,-0.0,false,lata
120,Stella_Artois_Pure_Gold,Viamao,VIA_L1,10,-0.0,false,lata
120,Stella_Artois_Pure_Gold,Viamao,VIA_L1,11,-0.0,false,lata
120,Stella_Artois_Pure_Gold,Viamao,VIA_L1,12,-0.0,false,lata
120,Stella_Artois_Pure_Gold,Viamao,VIA_L1,13,-0.0,false,lata
120,Stella_Artois_Pure_Gold,Viamao,VIA_L1,14,-0.0,false,lata
120,Stella_Artois_Pure_Gold,Viamao,VIA_L1,15,-0.0,false,lata
120,Stella_Artois_Pure_Gold,Viamao,VIA_L2,1,-0.0,false,lata
120,Stella_Artois_Pure_Gold,Viamao,VIA_L2,2,-0.0,false,lata
120,Stella_Artois_Pure_Gold,Viamao,VIA_L2,3,-0.0,false,lata
120,Stella_Artois_Pure_Gold,Viamao,VIA_L2,4,-0.0,false,lata
120,Stella_Artois_Pure_Gold,Viamao,VIA_L2,5,-0.0,false,lata
120,Stella_Artois_Pure_Gold,Viamao,VIA_L2,6,-0.0,false,lata
120,Stella_Artois_Pure_Gold,Viamao,VIA_L2,7,-0.0,false,lata
120,Stella_Artois_Pure_Gold,Viamao,VIA_L2,8,-0.0,false,lata
120,Stella_Artois_Pure_Gold,Viamao,VIA_L2,9,-0.0,false,lata
120,Stella_Artois_Pure_Gold,Viamao,VIA_L2,10,-0.0,false,lata
120,Stella_Artois_Pure_Gold,Viamao,VIA_L2,11,-0.0,false,lata
120,Stella_Artois_Pure_Gold,Viamao,VIA_L2,12,-0.0,false,lata
120,Stella_Artois_Pure_Gold,Viamao,VIA_L2,13,-0.0,false,lata
120,Stella_Artois_Pure_Gold,Viamao,VIA_L2,14,-0.0,false,lata
120,Stella_Artois_Pure_Gold,Viamao,VIA_L2,15,-0.0,false,lata
120,Stella_Artois_Pure_Gold,Viamao,VIA_L3,1,-0.0,false,lata
120,Stella_Artois_Pure_Gold,Viamao,VIA_L3,2,-0.0,false,lata
120,Stella_Artois_Pure_Gold,Viamao,VIA_L3,3,-0.0,false,lata
120,Stella_Artois_Pure_Gold,Viamao,VIA_L3,4,-0.0,false,lata
120,Stella_Artois_Pure_Gold,Viamao,VIA_L3,5,-0.0,false,lata
120,Stella_Artois_Pure_Gold,Viamao,VIA_L3,6,-0.0,false,lata
120,Stella_Artois_Pure_Gold,Viamao,VIA_L3,7,-0.0,false,lata
120,Stella_Artois_Pure_Gold,Viamao,VIA_L3,8,-0.0,false,lata
120,Stella_Artois_Pure_Gold,Viamao,VIA_L3,9,-0.0,false,lata
120,Stella_Artois_Pure_Gold,Viamao,VIA_L3,10,-0.0,false,lata
120,Stella_Artois_Pure_Gold,Viamao,VIA_L3,11,-0.0,false,lata
120,Stella_Artois_Pure_Gold,Viamao,VIA_L3,12,-0.0,false,lata
120,Stella_Artois_Pure_Gold,Viamao,VIA_L3,13,-0.0,false,lata
120,Stella_Artois_Pure_Gold,Viamao,VIA_L3,14,-0.0,false,lata
120,Stella_Artois_Pure_Gold,Viamao,VIA_L3,15,-0.0,false,lata
120,Stella_Artois_Pure_Gold,Itupeva,ITU_L1,1,-0.0,false,lata
120,Stella_Artois_Pure_Gold,Itupeva,ITU_L1,2,-0.0,false,lata
120,Stella_Artois_Pure_Gold,Itupeva,ITU_L1,3,-0.0,false,lata
120,Stella_Artois_Pure_Gold,Itupeva,ITU_L1,4,-0.0,false,lata
120,Stella_Artois_Pure_Gold,Itupeva,ITU_L1,5,-0.0,false,lata
120,Stella_Artois_Pure_Gold,Itupeva,ITU_L1,6,-0.0,false,lata
120,Stella_Artois_Pure_Gold,Itupeva,ITU_L1,7,-0.0,false,lata
120,Stella_Artois_Pure_Gold,Itupeva,ITU_L1,8,-0.0,false,lata
120,Stella_Artois_Pure_Gold,Itupeva,ITU_L1,9,-0.0,false,lata
120,Stella_Artois_Pure_Gold,Itupeva,ITU_L1,10,-0.0,false,lata
120,Stella_Artois_Pure_Gold,Itupeva,ITU_L1,11,-0.0,false,lata
120,Stella_Artois_Pure_Gold,Itupeva,ITU_L1,12,-0.0,false,lata
120,Stella_Artois_Pure_Gold,Itupeva,ITU_L1,13,-0.0,false,lata
120,Stella_Artois_Pure_Gold,Itupeva,ITU_L1,14,-0.0,false,lata
120,Stella_Artois_Pure_Gold,Itupeva,ITU_L1,15,-0.0,false,lata
120,Stella_Artois_Pure_Gold,Itupeva,ITU_L2,1,-0.0,false,lata
120,Stella_Artois_Pure_Gold,Itupeva,ITU_L2,2,-0.0,false,lata
120,Stella_Artois_Pure_Gold,Itupeva,ITU_L2,3,-0.0,false,lata
120,Stella_Artois_Pure_Gold,Itupeva,ITU_L2,4,-0.0,false,lata
120,Stella_Artois_Pure_Gold,Itupeva,ITU_L2,5,-0.0,false,lata
120,Stella_Artois_Pure_Gold,Itupeva,ITU_L2,6,-0.0,false,lata
120,Stella_Artois_Pure_Gold,Itupeva,ITU_L2,7,-0.0,false,lata
120,Stella_Artois_Pure_Gold,Itupeva,ITU_L2,8,-0.0,false,lata
120,Stella_Artois_Pure_Gold,Itupeva,ITU_L2,9,-0.0,false,lata
120,Stella_Artois_Pure_Gold,Itupeva,ITU_L2,10,-0.0,false,lata
120,Stella_Artois_Pure_Gold,Itupeva,ITU_L2,11,-0.0,false,lata
120,Stella_Artois_Pure_Gold,Itupeva,ITU_L2,12,-0.0,false,lata
120,Stella_Artois_Pure_Gold,Itupeva,ITU_L2,13,-0.0,false,lata
120,Stella_Artois_Pure_Gold,Itupeva,ITU_L2,14,-999999.8531122499,false,lata
120,Stella_Artois_Pure_Gold,Itupeva,ITU_L2,15,-0.0,false,lata
120,Stella_Artois_Pure_Gold,Itupeva,ITU_L3,1,-0.0,false,lata
120,Stella_Artois_Pure_Gold,Itupeva,ITU_L3,2,-0.0,false,lata
120,Stella_Artois_Pure_Gold,Itupeva,ITU_L3,3,-0.0,false,lata
120,Stella_Artois_Pure_Gold,Itupeva,ITU_L3,4,-0.0,false,lata
120,Stella_Artois_Pure_Gold,Itupeva,ITU_L3,5,-0.0,false,lata
120,Stella_Artois_Pure_Gold,Itupeva,ITU_L3,6,-0.0,false,lata
120,Stella_Artois_Pure_Gold,Itupeva,ITU_L3,7,-0.0,false,lata
120,Stella_Artois_Pure_Gold,Itupeva,ITU_L3,8,-0.0,false,lata
120,Stella_Artois_Pure_Gold,Itupeva,ITU_L3,9,-0.0,false,lata
120,Stella_Artois_Pure_Gold,Itupeva,ITU_L3,10,-0.0,false,lata
120,Stella_Artois_Pure_Gold,Itupeva,ITU_L3,11,-0.0,false,lata
120,Stella_Artois_Pure_Gold,Itupeva,ITU_L3,12,-0.0,false,lata
120,Stella_Artois_Pure_Gold,Itupeva,ITU_L3,13,-0.0,false,lata
120,Stella_Artois_Pure_Gold,Itupeva,ITU_L3,14,-0.0,false,lata
120,Stella_Artois_Pure_Gold,Itupeva,ITU_L3,15,-0.0,false,lata
120,Stella_Artois_Pure_Gold,Cabo de Santo Agostinho,CAB_L1,1,-0.0,false,lata
120,Stella_Artois_Pure_Gold,Cabo de Santo Agostinho,CAB_L1,2,-0.0,false,lata
120,Stella_Artois_Pure_Gold,Cabo de Santo Agostinho,CAB_L1,3,-0.0,false,lata
120,Stella_Artois_Pure_Gold,Cabo de Santo Agostinho,CAB_L1,4,-0.0,false,lata
120,Stella_Artois_Pure_Gold,Cabo de Santo Agostinho,CAB_L1,5,-1.0e6,true,lata
120,Stella_Artois_Pure_Gold,Cabo de Santo Agostinho,CAB_L1,6,-0.0,false,lata
120,Stella_Artois_Pure_Gold,Cabo de Santo Agostinho,CAB_L1,7,-0.0,false,lata
120,Stella_Artois_Pure_Gold,Cabo de Santo Agostinho,CAB_L1,8,-0.0,false,lata
120,Stella_Artois_Pure_Gold,Cabo de Santo Agostinho,CAB_L1,9,-0.0,false,lata
120,Stella_Artois_Pure_Gold,Cabo de Santo Agostinho,CAB_L1,10,-0.0,false,lata
120,Stella_Artois_Pure_Gold,Cabo de Santo Agostinho,CAB_L1,11,-0.0,false,lata
120,Stella_Artois_Pure_Gold,Cabo de Santo Agostinho,CAB_L1,12,-999999.9776770001,false,lata
120,Stella_Artois_Pure_Gold,Cabo de Santo Agostinho,CAB_L1,13,-0.0,false,lata
120,Stella_Artois_Pure_Gold,Cabo de Santo Agostinho,CAB_L1,14,-0.0,false,lata
120,Stella_Artois_Pure_Gold,Cabo de Santo Agostinho,CAB_L1,15,-0.0,false,lata
120,Stella_Artois_Pure_Gold,Cabo de Santo Agostinho,CAB_L2,1,-0.0,false,lata
120,Stella_Artois_Pure_Gold,Cabo de Santo Agostinho,CAB_L2,2,-0.0,false,lata
120,Stella_Artois_Pure_Gold,Cabo de Santo Agostinho,CAB_L2,3,-0.0,false,lata
120,Stella_Artois_Pure_Gold,Cabo de Santo Agostinho,CAB_L2,4,-0.0,false,lata
120,Stella_Artois_Pure_Gold,Cabo de Santo Agostinho,CAB_L2,5,-0.0,false,lata
120,Stella_Artois_Pure_Gold,Cabo de Santo Agostinho,CAB_L2,6,-999999.7951203502,false,lata
120,Stella_Artois_Pure_Gold,Cabo de Santo Agostinho,CAB_L2,7,-999999.9278809002,false,lata
120,Stella_Artois_Pure_Gold,Cabo de Santo Agostinho,CAB_L2,8,-0.0,false,lata
120,Stella_Artois_Pure_Gold,Cabo de Santo Agostinho,CAB_L2,9,-0.0,false,lata
120,Stella_Artois_Pure_Gold,Cabo de Santo Agostinho,CAB_L2,10,-0.0,false,lata
120,Stella_Artois_Pure_Gold,Cabo de Santo Agostinho,CAB_L2,11,-0.0,false,lata
120,Stella_Artois_Pure_Gold,Cabo de Santo Agostinho,CAB_L2,12,-0.0,false,lata
120,Stella_Artois_Pure_Gold,Cabo de Santo Agostinho,CAB_L2,13,-0.0,false,lata
120,Stella_Artois_Pure_Gold,Cabo de Santo Agostinho,CAB_L2,14,-0.0,false,lata
120,Stella_Artois_Pure_Gold,Cabo de Santo Agostinho,CAB_L2,15,-0.0,false,lata
120,Stella_Artois_Pure_Gold,Cabo de Santo Agostinho,CAB_L3,1,-0.0,false,lata
120,Stella_Artois_Pure_Gold,Cabo de Santo Agostinho,CAB_L3,2,-0.0,false,lata
120,Stella_Artois_Pure_Gold,Cabo de Santo Agostinho,CAB_L3,3,-0.0,false,lata
120,Stella_Artois_Pure_Gold,Cabo de Santo Agostinho,CAB_L3,4,-0.0,false,lata
120,Stella_Artois_Pure_Gold,Cabo de Santo Agostinho,CAB_L3,5,-999999.95222685,false,lata
120,Stella_Artois_Pure_Gold,Cabo de Santo Agostinho,CAB_L3,6,-0.0,false,lata
120,Stella_Artois_Pure_Gold,Cabo de Santo Agostinho,CAB_L3,7,-0.0,false,lata
120,Stella_Artois_Pure_Gold,Cabo de Santo Agostinho,CAB_L3,8,-0.0,false,lata
120,Stella_Artois_Pure_Gold,Cabo de Santo Agostinho,CAB_L3,9,-0.0,false,lata
120,Stella_Artois_Pure_Gold,Cabo de Santo Agostinho,CAB_L3,10,-0.0,false,lata
120,Stella_Artois_Pure_Gold,Cabo de Santo Agostinho,CAB_L3,11,-0.0,false,lata
120,Stella_Artois_Pure_Gold,Cabo de Santo Agostinho,CAB_L3,12,-0.0,false,lata
120,Stella_Artois_Pure_Gold,Cabo de Santo Agostinho,CAB_L3,13,-0.0,false,lata
120,Stella_Artois_Pure_Gold,Cabo de Santo Agostinho,CAB_L3,14,-0.0,false,lata
120,Stella_Artois_Pure_Gold,Cabo de Santo Agostinho,CAB_L3,15,-0.0,false,lata
120,Guarana_Antarctica,Jacarei,JAC_L1,1,-0.0,false,lata
120,Guarana_Antarctica,Jacarei,JAC_L1,2,-0.0,false,lata
120,Guarana_Antarctica,Jacarei,JAC_L1,3,-0.0,false,lata
120,Guarana_Antarctica,Jacarei,JAC_L1,4,-0.0,false,lata
120,Guarana_Antarctica,Jacarei,JAC_L1,5,-0.0,false,lata
120,Guarana_Antarctica,Jacarei,JAC_L1,6,-0.0,false,lata
120,Guarana_Antarctica,Jacarei,JAC_L1,7,-0.0,false,lata
120,Guarana_Antarctica,Jacarei,JAC_L1,8,-0.0,false,lata
120,Guarana_Antarctica,Jacarei,JAC_L1,9,-999999.8183878496,false,lata
120,Guarana_Antarctica,Jacarei,JAC_L1,10,-0.0,false,lata
120,Guarana_Antarctica,Jacarei,JAC_L1,11,-0.0,false,lata
120,Guarana_Antarctica,Jacarei,JAC_L1,12,-0.0,false,lata
120,Guarana_Antarctica,Jacarei,JAC_L1,13,-0.0,false,lata
120,Guarana_Antarctica,Jacarei,JAC_L1,14,-0.0,false,lata
120,Guarana_Antarctica,Jacarei,JAC_L1,15,-0.0,false,lata
120,Guarana_Antarctica,Jacarei,JAC_L2,1,-0.0,false,lata
120,Guarana_Antarctica,Jacarei,JAC_L2,2,-0.0,false,lata
120,Guarana_Antarctica,Jacarei,JAC_L2,3,-0.0,false,lata
120,Guarana_Antarctica,Jacarei,JAC_L2,4,-0.0,false,lata
120,Guarana_Antarctica,Jacarei,JAC_L2,5,-0.0,false,lata
120,Guarana_Antarctica,Jacarei,JAC_L2,6,-0.0,false,lata
120,Guarana_Antarctica,Jacarei,JAC_L2,7,-0.0,false,lata
120,Guarana_Antarctica,Jacarei,JAC_L2,8,-0.0,false,lata
120,Guarana_Antarctica,Jacarei,JAC_L2,9,-0.0,false,lata
120,Guarana_Antarctica,Jacarei,JAC_L2,10,-0.0,false,lata
120,Guarana_Antarctica,Jacarei,JAC_L2,11,-0.0,false,lata
120,Guarana_Antarctica,Jacarei,JAC_L2,12,-0.0,false,lata
120,Guarana_Antarctica,Jacarei,JAC_L2,13,-0.0,false,lata
120,Guarana_Antarctica,Jacarei,JAC_L2,14,-0.0,false,lata
120,Guarana_Antarctica,Jacarei,JAC_L2,15,-0.0,false,lata
120,Guarana_Antarctica,Jacarei,JAC_L3,1,-0.0,false,lata
120,Guarana_Antarctica,Jacarei,JAC_L3,2,-0.0,false,lata
120,Guarana_Antarctica,Jacarei,JAC_L3,3,-0.0,false,lata
120,Guarana_Antarctica,Jacarei,JAC_L3,4,-0.0,false,lata
120,Guarana_Antarctica,Jacarei,JAC_L3,5,-0.0,false,lata
120,Guarana_Antarctica,Jacarei,JAC_L3,6,-0.0,false,lata
120,Guarana_Antarctica,Jacarei,JAC_L3,7,-0.0,false,lata
120,Guarana_Antarctica,Jacarei,JAC_L3,8,-0.0,false,lata
120,Guarana_Antarctica,Jacarei,JAC_L3,9,-0.0,false,lata
120,Guarana_Antarctica,Jacarei,JAC_L3,10,-0.0,false,lata
120,Guarana_Antarctica,Jacarei,JAC_L3,11,-999999.82799,false,lata
120,Guarana_Antarctica,Jacarei,JAC_L3,12,-0.0,false,lata
120,Guarana_Antarctica,Jacarei,JAC_L3,13,-0.0,false,lata
120,Guarana_Antarctica,Jacarei,JAC_L3,14,-0.0,false,lata
120,Guarana_Antarctica,Jacarei,JAC_L3,15,-0.0,false,lata
120,Guarana_Antarctica,Extrema,EXT_L1,1,-0.0,false,lata
120,Guarana_Antarctica,Extrema,EXT_L1,2,-0.0,false,lata
120,Guarana_Antarctica,Extrema,EXT_L1,3,-0.0,false,lata
120,Guarana_Antarctica,Extrema,EXT_L1,4,-0.0,false,lata
120,Guarana_Antarctica,Extrema,EXT_L1,5,-0.0,false,lata
120,Guarana_Antarctica,Extrema,EXT_L1,6,-0.0,false,lata
120,Guarana_Antarctica,Extrema,EXT_L1,7,-0.0,false,lata
120,Guarana_Antarctica,Extrema,EXT_L1,8,-0.0,false,lata
120,Guarana_Antarctica,Extrema,EXT_L1,9,-0.0,false,lata
120,Guarana_Antarctica,Extrema,EXT_L1,10,-0.0,false,lata
120,Guarana_Antarctica,Extrema,EXT_L1,11,-0.0,false,lata
120,Guarana_Antarctica,Extrema,EXT_L1,12,-0.0,false,lata
120,Guarana_Antarctica,Extrema,EXT_L1,13,-0.0,false,lata
120,Guarana_Antarctica,Extrema,EXT_L1,14,-0.0,false,lata
120,Guarana_Antarctica,Extrema,EXT_L1,15,-0.0,false,lata
120,Guarana_Antarctica,Extrema,EXT_L2,1,-0.0,false,lata
120,Guarana_Antarctica,Extrema,EXT_L2,2,-0.0,false,lata
120,Guarana_Antarctica,Extrema,EXT_L2,3,-0.0,false,lata
120,Guarana_Antarctica,Extrema,EXT_L2,4,-0.0,false,lata
120,Guarana_Antarctica,Extrema,EXT_L2,5,-0.0,false,lata
120,Guarana_Antarctica,Extrema,EXT_L2,6,-0.0,false,lata
120,Guarana_Antarctica,Extrema,EXT_L2,7,-0.0,false,lata
120,Guarana_Antarctica,Extrema,EXT_L2,8,-0.0,false,lata
120,Guarana_Antarctica,Extrema,EXT_L2,9,-0.0,false,lata
120,Guarana_Antarctica,Extrema,EXT_L2,10,-0.0,false,lata
120,Guarana_Antarctica,Extrema,EXT_L2,11,-0.0,false,lata
120,Guarana_Antarctica,Extrema,EXT_L2,12,-0.0,false,lata
120,Guarana_Antarctica,Extrema,EXT_L2,13,-0.0,false,lata
120,Guarana_Antarctica,Extrema,EXT_L2,14,-0.0,false,lata
120,Guarana_Antarctica,Extrema,EXT_L2,15,-0.0,false,lata
120,Guarana_Antarctica,Extrema,EXT_L3,1,-0.0,false,lata
120,Guarana_Antarctica,Extrema,EXT_L3,2,-0.0,false,lata
120,Guarana_Antarctica,Extrema,EXT_L3,3,-0.0,false,lata
120,Guarana_Antarctica,Extrema,EXT_L3,4,-0.0,false,lata
120,Guarana_Antarctica,Extrema,EXT_L3,5,-0.0,false,lata
120,Guarana_Antarctica,Extrema,EXT_L3,6,-0.0,false,lata
120,Guarana_Antarctica,Extrema,EXT_L3,7,-0.0,false,lata
120,Guarana_Antarctica,Extrema,EXT_L3,8,-0.0,false,lata
120,Guarana_Antarctica,Extrema,EXT_L3,9,-0.0,false,lata
120,Guarana_Antarctica,Extrema,EXT_L3,10,-0.0,false,lata
120,Guarana_Antarctica,Extrema,EXT_L3,11,-0.0,false,lata
120,Guarana_Antarctica,Extrema,EXT_L3,12,-0.0,false,lata
120,Guarana_Antarctica,Extrema,EXT_L3,13,-0.0,false,lata
120,Guarana_Antarctica,Extrema,EXT_L3,14,-0.0,false,lata
120,Guarana_Antarctica,Extrema,EXT_L3,15,-999999.2365604001,false,lata
120,Guarana_Antarctica,Tres Rios,TRE_L1,1,-0.0,false,lata
120,Guarana_Antarctica,Tres Rios,TRE_L1,2,-0.0,false,lata
120,Guarana_Antarctica,Tres Rios,TRE_L1,3,-0.0,false,lata
120,Guarana_Antarctica,Tres Rios,TRE_L1,4,-0.0,false,lata
120,Guarana_Antarctica,Tres Rios,TRE_L1,5,-0.0,false,lata
120,Guarana_Antarctica,Tres Rios,TRE_L1,6,-0.0,false,lata
120,Guarana_Antarctica,Tres Rios,TRE_L1,7,-0.0,false,lata
120,Guarana_Antarctica,Tres Rios,TRE_L1,8,-0.0,false,lata
120,Guarana_Antarctica,Tres Rios,TRE_L1,9,-0.0,false,lata
120,Guarana_Antarctica,Tres Rios,TRE_L1,10,-0.0,false,lata
120,Guarana_Antarctica,Tres Rios,TRE_L1,11,-0.0,false,lata
120,Guarana_Antarctica,Tres Rios,TRE_L1,12,-0.0,false,lata
120,Guarana_Antarctica,Tres Rios,TRE_L1,13,-999999.5654831998,false,lata
120,Guarana_Antarctica,Tres Rios,TRE_L1,14,-0.0,false,lata
120,Guarana_Antarctica,Tres Rios,TRE_L1,15,-0.0,false,lata
120,Guarana_Antarctica,Tres Rios,TRE_L2,1,-0.0,false,lata
120,Guarana_Antarctica,Tres Rios,TRE_L2,2,-0.0,false,lata
120,Guarana_Antarctica,Tres Rios,TRE_L2,3,-0.0,false,lata
120,Guarana_Antarctica,Tres Rios,TRE_L2,4,-0.0,false,lata
120,Guarana_Antarctica,Tres Rios,TRE_L2,5,-0.0,false,lata
120,Guarana_Antarctica,Tres Rios,TRE_L2,6,-0.0,false,lata
120,Guarana_Antarctica,Tres Rios,TRE_L2,7,-0.0,false,lata
120,Guarana_Antarctica,Tres Rios,TRE_L2,8,-0.0,false,lata
120,Guarana_Antarctica,Tres Rios,TRE_L2,9,-0.0,false,lata
120,Guarana_Antarctica,Tres Rios,TRE_L2,10,-0.0,false,lata
120,Guarana_Antarctica,Tres Rios,TRE_L2,11,-0.0,false,lata
120,Guarana_Antarctica,Tres Rios,TRE_L2,12,-0.0,false,lata
120,Guarana_Antarctica,Tres Rios,TRE_L2,13,-999999.5654831998,false,lata
120,Guarana_Antarctica,Tres Rios,TRE_L2,14,-0.0,false,lata
120,Guarana_Antarctica,Tres Rios,TRE_L2,15,-999999.2461396,false,lata
120,Guarana_Antarctica,Tres Rios,TRE_L3,1,-0.0,false,lata
120,Guarana_Antarctica,Tres Rios,TRE_L3,2,-0.0,false,lata
120,Guarana_Antarctica,Tres Rios,TRE_L3,3,-0.0,false,lata
120,Guarana_Antarctica,Tres Rios,TRE_L3,4,-0.0,false,lata
120,Guarana_Antarctica,Tres Rios,TRE_L3,5,-0.0,false,lata
120,Guarana_Antarctica,Tres Rios,TRE_L3,6,-0.0,false,lata
120,Guarana_Antarctica,Tres Rios,TRE_L3,7,-0.0,false,lata
120,Guarana_Antarctica,Tres Rios,TRE_L3,8,-0.0,false,lata
120,Guarana_Antarctica,Tres Rios,TRE_L3,9,-0.0,false,lata
120,Guarana_Antarctica,Tres Rios,TRE_L3,10,-0.0,false,lata
120,Guarana_Antarctica,Tres Rios,TRE_L3,11,-0.0,false,lata
120,Guarana_Antarctica,Tres Rios,TRE_L3,12,-0.0,false,lata
120,Guarana_Antarctica,Tres Rios,TRE_L3,13,-0.0,false,lata
120,Guarana_Antarctica,Tres Rios,TRE_L3,14,-0.0,false,lata
120,Guarana_Antarctica,Tres Rios,TRE_L3,15,-0.0,false,lata
120,Guarana_Antarctica,Alagoinhas,ALA_L1,1,-0.0,false,lata
120,Guarana_Antarctica,Alagoinhas,ALA_L1,2,-0.0,false,lata
120,Guarana_Antarctica,Alagoinhas,ALA_L1,3,-0.0,false,lata
120,Guarana_Antarctica,Alagoinhas,ALA_L1,4,-0.0,false,lata
120,Guarana_Antarctica,Alagoinhas,ALA_L1,5,-0.0,false,lata
120,Guarana_Antarctica,Alagoinhas,ALA_L1,6,-0.0,false,lata
120,Guarana_Antarctica,Alagoinhas,ALA_L1,7,-0.0,false,lata
120,Guarana_Antarctica,Alagoinhas,ALA_L1,8,-0.0,false,lata
120,Guarana_Antarctica,Alagoinhas,ALA_L1,9,-0.0,false,lata
120,Guarana_Antarctica,Alagoinhas,ALA_L1,10,-0.0,false,lata
120,Guarana_Antarctica,Alagoinhas,ALA_L1,11,-999999.87418195,false,lata
120,Guarana_Antarctica,Alagoinhas,ALA_L1,12,-999999.3660999499,false,lata
120,Guarana_Antarctica,Alagoinhas,ALA_L1,13,-0.0,false,lata
120,Guarana_Antarctica,Alagoinhas,ALA_L1,14,-0.0,false,lata
120,Guarana_Antarctica,Alagoinhas,ALA_L1,15,-0.0,false,lata
120,Guarana_Antarctica,Alagoinhas,ALA_L2,1,-0.0,false,lata
120,Guarana_Antarctica,Alagoinhas,ALA_L2,2,-0.0,false,lata
120,Guarana_Antarctica,Alagoinhas,ALA_L2,3,-0.0,false,lata
120,Guarana_Antarctica,Alagoinhas,ALA_L2,4,-0.0,false,lata
120,Guarana_Antarctica,Alagoinhas,ALA_L2,5,-0.0,false,lata
120,Guarana_Antarctica,Alagoinhas,ALA_L2,6,-0.0,false,lata
120,Guarana_Antarctica,Alagoinhas,ALA_L2,7,-0.0,false,lata
120,Guarana_Antarctica,Alagoinhas,ALA_L2,8,-0.0,false,lata
120,Guarana_Antarctica,Alagoinhas,ALA_L2,9,-0.0,false,lata
120,Guarana_Antarctica,Alagoinhas,ALA_L2,10,-0.0,false,lata
120,Guarana_Antarctica,Alagoinhas,ALA_L2,11,-999999.87418195,false,lata
120,Guarana_Antarctica,Alagoinhas,ALA_L2,12,-0.0,false,lata
120,Guarana_Antarctica,Alagoinhas,ALA_L2,13,-0.0,false,lata
120,Guarana_Antarctica,Alagoinhas,ALA_L2,14,-0.0,false,lata
120,Guarana_Antarctica,Alagoinhas,ALA_L2,15,-0.0,false,lata
120,Guarana_Antarctica,Alagoinhas,ALA_L3,1,-0.0,false,lata
120,Guarana_Antarctica,Alagoinhas,ALA_L3,2,-0.0,false,lata
120,Guarana_Antarctica,Alagoinhas,ALA_L3,3,-0.0,false,lata
120,Guarana_Antarctica,Alagoinhas,ALA_L3,4,-0.0,false,lata
120,Guarana_Antarctica,Alagoinhas,ALA_L3,5,-0.0,false,lata
120,Guarana_Antarctica,Alagoinhas,ALA_L3,6,-0.0,false,lata
120,Guarana_Antarctica,Alagoinhas,ALA_L3,7,-0.0,false,lata
120,Guarana_Antarctica,Alagoinhas,ALA_L3,8,-0.0,false,lata
120,Guarana_Antarctica,Alagoinhas,ALA_L3,9,-0.0,false,lata
120,Guarana_Antarctica,Alagoinhas,ALA_L3,10,-0.0,false,lata
120,Guarana_Antarctica,Alagoinhas,ALA_L3,11,-0.0,false,lata
120,Guarana_Antarctica,Alagoinhas,ALA_L3,12,-0.0,false,lata
120,Guarana_Antarctica,Alagoinhas,ALA_L3,13,-0.0,false,lata
120,Guarana_Antarctica,Alagoinhas,ALA_L3,14,-0.0,false,lata
120,Guarana_Antarctica,Alagoinhas,ALA_L3,15,-0.0,false,lata
120,Guarana_Antarctica,Frutal,FRU_L1,1,-0.0,false,lata
120,Guarana_Antarctica,Frutal,FRU_L1,2,-0.0,false,lata
120,Guarana_Antarctica,Frutal,FRU_L1,3,-0.0,false,lata
120,Guarana_Antarctica,Frutal,FRU_L1,4,-0.0,false,lata
120,Guarana_Antarctica,Frutal,FRU_L1,5,-0.0,false,lata
120,Guarana_Antarctica,Frutal,FRU_L1,6,-0.0,false,lata
120,Guarana_Antarctica,Frutal,FRU_L1,7,-0.0,false,lata
120,Guarana_Antarctica,Frutal,FRU_L1,8,-999999.5798729998,false,lata
120,Guarana_Antarctica,Frutal,FRU_L1,9,-0.0,false,lata
120,Guarana_Antarctica,Frutal,FRU_L1,10,-0.0,false,lata
120,Guarana_Antarctica,Frutal,FRU_L1,11,-0.0,false,lata
120,Guarana_Antarctica,Frutal,FRU_L1,12,-0.0,false,lata
120,Guarana_Antarctica,Frutal,FRU_L1,13,-0.0,false,lata
120,Guarana_Antarctica,Frutal,FRU_L1,14,-0.0,false,lata
120,Guarana_Antarctica,Frutal,FRU_L1,15,-0.0,false,lata
120,Guarana_Antarctica,Frutal,FRU_L2,1,-0.0,false,lata
120,Guarana_Antarctica,Frutal,FRU_L2,2,-0.0,false,lata
120,Guarana_Antarctica,Frutal,FRU_L2,3,-0.0,false,lata
120,Guarana_Antarctica,Frutal,FRU_L2,4,-0.0,false,lata
120,Guarana_Antarctica,Frutal,FRU_L2,5,-0.0,false,lata
120,Guarana_Antarctica,Frutal,FRU_L2,6,-0.0,false,lata
120,Guarana_Antarctica,Frutal,FRU_L2,7,-0.0,false,lata
120,Guarana_Antarctica,Frutal,FRU_L2,8,-0.0,false,lata
120,Guarana_Antarctica,Frutal,FRU_L2,9,-0.0,false,lata
120,Guarana_Antarctica,Frutal,FRU_L2,10,-0.0,false,lata
120,Guarana_Antarctica,Frutal,FRU_L2,11,-0.0,false,lata
120,Guarana_Antarctica,Frutal,FRU_L2,12,-0.0,false,lata
120,Guarana_Antarctica,Frutal,FRU_L2,13,-0.0,false,lata
120,Guarana_Antarctica,Frutal,FRU_L2,14,-0.0,false,lata
120,Guarana_Antarctica,Frutal,FRU_L2,15,-0.0,false,lata
120,Guarana_Antarctica,Frutal,FRU_L3,1,-0.0,false,lata
120,Guarana_Antarctica,Frutal,FRU_L3,2,-0.0,false,lata
120,Guarana_Antarctica,Frutal,FRU_L3,3,-0.0,false,lata
120,Guarana_Antarctica,Frutal,FRU_L3,4,-0.0,false,lata
120,Guarana_Antarctica,Frutal,FRU_L3,5,-0.0,false,lata
120,Guarana_Antarctica,Frutal,FRU_L3,6,-0.0,false,lata
120,Guarana_Antarctica,Frutal,FRU_L3,7,-0.0,false,lata
120,Guarana_Antarctica,Frutal,FRU_L3,8,-0.0,false,lata
120,Guarana_Antarctica,Frutal,FRU_L3,9,-0.0,false,lata
120,Guarana_Antarctica,Frutal,FRU_L3,10,-0.0,false,lata
120,Guarana_Antarctica,Frutal,FRU_L3,11,-0.0,false,lata
120,Guarana_Antarctica,Frutal,FRU_L3,12,-0.0,false,lata
120,Guarana_Antarctica,Frutal,FRU_L3,13,-0.0,false,lata
120,Guarana_Antarctica,Frutal,FRU_L3,14,-0.0,false,lata
120,Guarana_Antarctica,Frutal,FRU_L3,15,-0.0,false,lata
120,Guarana_Antarctica,Pouso Alegre,POU_L1,1,-0.0,false,lata
120,Guarana_Antarctica,Pouso Alegre,POU_L1,2,-0.0,false,lata
120,Guarana_Antarctica,Pouso Alegre,POU_L1,3,-0.0,false,lata
120,Guarana_Antarctica,Pouso Alegre,POU_L1,4,-0.0,false,lata
120,Guarana_Antarctica,Pouso Alegre,POU_L1,5,-0.0,false,lata
120,Guarana_Antarctica,Pouso Alegre,POU_L1,6,-0.0,false,lata
120,Guarana_Antarctica,Pouso Alegre,POU_L1,7,-0.0,false,lata
120,Guarana_Antarctica,Pouso Alegre,POU_L1,8,-0.0,false,lata
120,Guarana_Antarctica,Pouso Alegre,POU_L1,9,-0.0,false,lata
120,Guarana_Antarctica,Pouso Alegre,POU_L1,10,-0.0,false,lata
120,Guarana_Antarctica,Pouso Alegre,POU_L1,11,-0.0,false,lata
120,Guarana_Antarctica,Pouso Alegre,POU_L1,12,-0.0,false,lata
120,Guarana_Antarctica,Pouso Alegre,POU_L1,13,-0.0,false,lata
120,Guarana_Antarctica,Pouso Alegre,POU_L1,14,-0.0,false,lata
120,Guarana_Antarctica,Pouso Alegre,POU_L1,15,-0.0,false,lata
120,Guarana_Antarctica,Pouso Alegre,POU_L2,1,-0.0,false,lata
120,Guarana_Antarctica,Pouso Alegre,POU_L2,2,-0.0,false,lata
120,Guarana_Antarctica,Pouso Alegre,POU_L2,3,-0.0,false,lata
120,Guarana_Antarctica,Pouso Alegre,POU_L2,4,-0.0,false,lata
120,Guarana_Antarctica,Pouso Alegre,POU_L2,5,-0.0,false,lata
120,Guarana_Antarctica,Pouso Alegre,POU_L2,6,-0.0,false,lata
120,Guarana_Antarctica,Pouso Alegre,POU_L2,7,-0.0,false,lata
120,Guarana_Antarctica,Pouso Alegre,POU_L2,8,-0.0,false,lata
120,Guarana_Antarctica,Pouso Alegre,POU_L2,9,-0.0,false,lata
120,Guarana_Antarctica,Pouso Alegre,POU_L2,10,-0.0,false,lata
120,Guarana_Antarctica,Pouso Alegre,POU_L2,11,-0.0,false,lata
120,Guarana_Antarctica,Pouso Alegre,POU_L2,12,-0.0,false,lata
120,Guarana_Antarctica,Pouso Alegre,POU_L2,13,-0.0,false,lata
120,Guarana_Antarctica,Pouso Alegre,POU_L2,14,-0.0,false,lata
120,Guarana_Antarctica,Pouso Alegre,POU_L2,15,-0.0,false,lata
120,Guarana_Antarctica,Pouso Alegre,POU_L3,1,-0.0,false,lata
120,Guarana_Antarctica,Pouso Alegre,POU_L3,2,-0.0,false,lata
120,Guarana_Antarctica,Pouso Alegre,POU_L3,3,-0.0,false,lata
120,Guarana_Antarctica,Pouso Alegre,POU_L3,4,-0.0,false,lata
120,Guarana_Antarctica,Pouso Alegre,POU_L3,5,-0.0,false,lata
120,Guarana_Antarctica,Pouso Alegre,POU_L3,6,-0.0,false,lata
120,Guarana_Antarctica,Pouso Alegre,POU_L3,7,-0.0,false,lata
120,Guarana_Antarctica,Pouso Alegre,POU_L3,8,-0.0,false,lata
120,Guarana_Antarctica,Pouso Alegre,POU_L3,9,-0.0,false,lata
120,Guarana_Antarctica,Pouso Alegre,POU_L3,10,-0.0,false,lata
120,Guarana_Antarctica,Pouso Alegre,POU_L3,11,-0.0,false,lata
120,Guarana_Antarctica,Pouso Alegre,POU_L3,12,-0.0,false,lata
120,Guarana_Antarctica,Pouso Alegre,POU_L3,13,-0.0,false,lata
120,Guarana_Antarctica,Pouso Alegre,POU_L3,14,-0.0,false,lata
120,Guarana_Antarctica,Pouso Alegre,POU_L3,15,-0.0,false,lata
120,Guarana_Antarctica,Gama,GAM_L1,1,-0.0,false,lata
120,Guarana_Antarctica,Gama,GAM_L1,2,-0.0,false,lata
120,Guarana_Antarctica,Gama,GAM_L1,3,-0.0,false,lata
120,Guarana_Antarctica,Gama,GAM_L1,4,-0.0,false,lata
120,Guarana_Antarctica,Gama,GAM_L1,5,-0.0,false,lata
120,Guarana_Antarctica,Gama,GAM_L1,6,-0.0,false,lata
120,Guarana_Antarctica,Gama,GAM_L1,7,-0.0,false,lata
120,Guarana_Antarctica,Gama,GAM_L1,8,-0.0,false,lata
120,Guarana_Antarctica,Gama,GAM_L1,9,-999999.8176728495,false,lata
120,Guarana_Antarctica,Gama,GAM_L1,10,-999999.5490501499,false,lata
120,Guarana_Antarctica,Gama,GAM_L1,11,-0.0,false,lata
120,Guarana_Antarctica,Gama,GAM_L1,12,-0.0,false,lata
120,Guarana_Antarctica,Gama,GAM_L1,13,-0.0,false,lata
120,Guarana_Antarctica,Gama,GAM_L1,14,-0.0,false,lata
120,Guarana_Antarctica,Gama,GAM_L1,15,-999999.2384921,false,lata
120,Guarana_Antarctica,Gama,GAM_L2,1,-0.0,false,lata
120,Guarana_Antarctica,Gama,GAM_L2,2,-0.0,false,lata
120,Guarana_Antarctica,Gama,GAM_L2,3,-999999.4622439998,false,lata
120,Guarana_Antarctica,Gama,GAM_L2,4,-0.0,false,lata
120,Guarana_Antarctica,Gama,GAM_L2,5,-0.0,false,lata
120,Guarana_Antarctica,Gama,GAM_L2,6,-0.0,false,lata
120,Guarana_Antarctica,Gama,GAM_L2,7,-0.0,false,lata
120,Guarana_Antarctica,Gama,GAM_L2,8,-0.0,false,lata
120,Guarana_Antarctica,Gama,GAM_L2,9,-0.0,false,lata
120,Guarana_Antarctica,Gama,GAM_L2,10,-0.0,false,lata
120,Guarana_Antarctica,Gama,GAM_L2,11,-0.0,false,lata
120,Guarana_Antarctica,Gama,GAM_L2,12,-0.0,false,lata
120,Guarana_Antarctica,Gama,GAM_L2,13,-999999.5608015498,false,lata
120,Guarana_Antarctica,Gama,GAM_L2,14,-0.0,false,lata
120,Guarana_Antarctica,Gama,GAM_L2,15,-0.0,false,lata
120,Guarana_Antarctica,Gama,GAM_L3,1,-0.0,false,lata
120,Guarana_Antarctica,Gama,GAM_L3,2,-0.0,false,lata
120,Guarana_Antarctica,Gama,GAM_L3,3,-0.0,false,lata
120,Guarana_Antarctica,Gama,GAM_L3,4,-0.0,false,lata
120,Guarana_Antarctica,Gama,GAM_L3,5,-0.0,false,lata
120,Guarana_Antarctica,Gama,GAM_L3,6,-0.0,false,lata
120,Guarana_Antarctica,Gama,GAM_L3,7,-0.0,false,lata
120,Guarana_Antarctica,Gama,GAM_L3,8,-0.0,false,lata
120,Guarana_Antarctica,Gama,GAM_L3,9,-999999.8176728495,false,lata
120,Guarana_Antarctica,Gama,GAM_L3,10,-0.0,false,lata
120,Guarana_Antarctica,Gama,GAM_L3,11,-0.0,false,lata
120,Guarana_Antarctica,Gama,GAM_L3,12,-0.0,false,lata
120,Guarana_Antarctica,Gama,GAM_L3,13,-0.0,false,lata
120,Guarana_Antarctica,Gama,GAM_L3,14,-0.0,false,lata
120,Guarana_Antarctica,Gama,GAM_L3,15,-0.0,false,lata
120,Guarana_Antarctica,Viamao,VIA_L1,1,-0.0,false,lata
120,Guarana_Antarctica,Viamao,VIA_L1,2,-0.0,false,lata
120,Guarana_Antarctica,Viamao,VIA_L1,3,-0.0,false,lata
120,Guarana_Antarctica,Viamao,VIA_L1,4,-0.0,false,lata
120,Guarana_Antarctica,Viamao,VIA_L1,5,-0.0,false,lata
120,Guarana_Antarctica,Viamao,VIA_L1,6,-0.0,false,lata
120,Guarana_Antarctica,Viamao,VIA_L1,7,-0.0,false,lata
120,Guarana_Antarctica,Viamao,VIA_L1,8,-0.0,false,lata
120,Guarana_Antarctica,Viamao,VIA_L1,9,-0.0,false,lata
120,Guarana_Antarctica,Viamao,VIA_L1,10,-0.0,false,lata
120,Guarana_Antarctica,Viamao,VIA_L1,11,-0.0,false,lata
120,Guarana_Antarctica,Viamao,VIA_L1,12,-0.0,false,lata
120,Guarana_Antarctica,Viamao,VIA_L1,13,-0.0,false,lata
120,Guarana_Antarctica,Viamao,VIA_L1,14,-0.0,false,lata
120,Guarana_Antarctica,Viamao,VIA_L1,15,-0.0,false,lata
120,Guarana_Antarctica,Viamao,VIA_L2,1,-999999.3576951497,false,lata
120,Guarana_Antarctica,Viamao,VIA_L2,2,-0.0,false,lata
120,Guarana_Antarctica,Viamao,VIA_L2,3,-0.0,false,lata
120,Guarana_Antarctica,Viamao,VIA_L2,4,-0.0,false,lata
120,Guarana_Antarctica,Viamao,VIA_L2,5,-0.0,false,lata
120,Guarana_Antarctica,Viamao,VIA_L2,6,-0.0,false,lata
120,Guarana_Antarctica,Viamao,VIA_L2,7,-0.0,false,lata
120,Guarana_Antarctica,Viamao,VIA_L2,8,-0.0,false,lata
120,Guarana_Antarctica,Viamao,VIA_L2,9,-999999.8468712996,false,lata
120,Guarana_Antarctica,Viamao,VIA_L2,10,-0.0,false,lata
120,Guarana_Antarctica,Viamao,VIA_L2,11,-0.0,false,lata
120,Guarana_Antarctica,Viamao,VIA_L2,12,-0.0,false,lata
120,Guarana_Antarctica,Viamao,VIA_L2,13,-0.0,false,lata
120,Guarana_Antarctica,Viamao,VIA_L2,14,-0.0,false,lata
120,Guarana_Antarctica,Viamao,VIA_L2,15,-0.0,false,lata
120,Guarana_Antarctica,Viamao,VIA_L3,1,-0.0,false,lata
120,Guarana_Antarctica,Viamao,VIA_L3,2,-0.0,false,lata
120,Guarana_Antarctica,Viamao,VIA_L3,3,-0.0,false,lata
120,Guarana_Antarctica,Viamao,VIA_L3,4,-0.0,false,lata
120,Guarana_Antarctica,Viamao,VIA_L3,5,-0.0,false,lata
120,Guarana_Antarctica,Viamao,VIA_L3,6,-0.0,false,lata
120,Guarana_Antarctica,Viamao,VIA_L3,7,-0.0,false,lata
120,Guarana_Antarctica,Viamao,VIA_L3,8,-0.0,false,lata
120,Guarana_Antarctica,Viamao,VIA_L3,9,-0.0,false,lata
120,Guarana_Antarctica,Viamao,VIA_L3,10,-0.0,false,lata
120,Guarana_Antarctica,Viamao,VIA_L3,11,-999999.86007325,false,lata
120,Guarana_Antarctica,Viamao,VIA_L3,12,-0.0,false,lata
120,Guarana_Antarctica,Viamao,VIA_L3,13,-0.0,false,lata
120,Guarana_Antarctica,Viamao,VIA_L3,14,-0.0,false,lata
120,Guarana_Antarctica,Viamao,VIA_L3,15,-0.0,false,lata
120,Guarana_Antarctica,Itupeva,ITU_L1,1,-0.0,false,lata
120,Guarana_Antarctica,Itupeva,ITU_L1,2,-0.0,false,lata
120,Guarana_Antarctica,Itupeva,ITU_L1,3,-0.0,false,lata
120,Guarana_Antarctica,Itupeva,ITU_L1,4,-0.0,false,lata
120,Guarana_Antarctica,Itupeva,ITU_L1,5,-0.0,false,lata
120,Guarana_Antarctica,Itupeva,ITU_L1,6,-0.0,false,lata
120,Guarana_Antarctica,Itupeva,ITU_L1,7,-0.0,false,lata
120,Guarana_Antarctica,Itupeva,ITU_L1,8,-999999.5693528499,false,lata
120,Guarana_Antarctica,Itupeva,ITU_L1,9,-0.0,false,lata
120,Guarana_Antarctica,Itupeva,ITU_L1,10,-0.0,false,lata
120,Guarana_Antarctica,Itupeva,ITU_L1,11,-0.0,false,lata
120,Guarana_Antarctica,Itupeva,ITU_L1,12,-0.0,false,lata
120,Guarana_Antarctica,Itupeva,ITU_L1,13,-0.0,false,lata
120,Guarana_Antarctica,Itupeva,ITU_L1,14,-999998.95652795,false,lata
120,Guarana_Antarctica,Itupeva,ITU_L1,15,-0.0,false,lata
120,Guarana_Antarctica,Itupeva,ITU_L2,1,-0.0,false,lata
120,Guarana_Antarctica,Itupeva,ITU_L2,2,-999999.3902521002,false,lata
120,Guarana_Antarctica,Itupeva,ITU_L2,3,-0.0,false,lata
120,Guarana_Antarctica,Itupeva,ITU_L2,4,-0.0,false,lata
120,Guarana_Antarctica,Itupeva,ITU_L2,5,-0.0,false,lata
120,Guarana_Antarctica,Itupeva,ITU_L2,6,-0.0,false,lata
120,Guarana_Antarctica,Itupeva,ITU_L2,7,-0.0,false,lata
120,Guarana_Antarctica,Itupeva,ITU_L2,8,-999999.5693528499,false,lata
120,Guarana_Antarctica,Itupeva,ITU_L2,9,-0.0,false,lata
120,Guarana_Antarctica,Itupeva,ITU_L2,10,-0.0,false,lata
120,Guarana_Antarctica,Itupeva,ITU_L2,11,-999999.83069705,false,lata
120,Guarana_Antarctica,Itupeva,ITU_L2,12,-0.0,false,lata
120,Guarana_Antarctica,Itupeva,ITU_L2,13,-0.0,false,lata
120,Guarana_Antarctica,Itupeva,ITU_L2,14,-0.0,false,lata
120,Guarana_Antarctica,Itupeva,ITU_L2,15,-0.0,false,lata
120,Guarana_Antarctica,Itupeva,ITU_L3,1,-0.0,false,lata
120,Guarana_Antarctica,Itupeva,ITU_L3,2,-0.0,false,lata
120,Guarana_Antarctica,Itupeva,ITU_L3,3,-0.0,false,lata
120,Guarana_Antarctica,Itupeva,ITU_L3,4,-0.0,false,lata
120,Guarana_Antarctica,Itupeva,ITU_L3,5,-0.0,false,lata
120,Guarana_Antarctica,Itupeva,ITU_L3,6,-0.0,false,lata
120,Guarana_Antarctica,Itupeva,ITU_L3,7,-0.0,false,lata
120,Guarana_Antarctica,Itupeva,ITU_L3,8,-0.0,false,lata
120,Guarana_Antarctica,Itupeva,ITU_L3,9,-0.0,false,lata
120,Guarana_Antarctica,Itupeva,ITU_L3,10,-0.0,false,lata
120,Guarana_Antarctica,Itupeva,ITU_L3,11,-999999.83069705,false,lata
120,Guarana_Antarctica,Itupeva,ITU_L3,12,-0.0,false,lata
120,Guarana_Antarctica,Itupeva,ITU_L3,13,-0.0,false,lata
120,Guarana_Antarctica,Itupeva,ITU_L3,14,-0.0,false,lata
120,Guarana_Antarctica,Itupeva,ITU_L3,15,-999999.2359570501,false,lata
120,Guarana_Antarctica,Cabo de Santo Agostinho,CAB_L1,1,-0.0,false,lata
120,Guarana_Antarctica,Cabo de Santo Agostinho,CAB_L1,2,-0.0,false,lata
120,Guarana_Antarctica,Cabo de Santo Agostinho,CAB_L1,3,-0.0,false,lata
120,Guarana_Antarctica,Cabo de Santo Agostinho,CAB_L1,4,-0.0,false,lata
120,Guarana_Antarctica,Cabo de Santo Agostinho,CAB_L1,5,-0.0,false,lata
120,Guarana_Antarctica,Cabo de Santo Agostinho,CAB_L1,6,-0.0,false,lata
120,Guarana_Antarctica,Cabo de Santo Agostinho,CAB_L1,7,-0.0,false,lata
120,Guarana_Antarctica,Cabo de Santo Agostinho,CAB_L1,8,-0.0,false,lata
120,Guarana_Antarctica,Cabo de Santo Agostinho,CAB_L1,9,-999999.7953498496,false,lata
120,Guarana_Antarctica,Cabo de Santo Agostinho,CAB_L1,10,-0.0,false,lata
120,Guarana_Antarctica,Cabo de Santo Agostinho,CAB_L1,11,-999999.89792125,false,lata
120,Guarana_Antarctica,Cabo de Santo Agostinho,CAB_L1,12,-0.0,false,lata
120,Guarana_Antarctica,Cabo de Santo Agostinho,CAB_L1,13,-0.0,false,lata
120,Guarana_Antarctica,Cabo de Santo Agostinho,CAB_L1,14,-999999.02375215,false,lata
120,Guarana_Antarctica,Cabo de Santo Agostinho,CAB_L1,15,-0.0,false,lata
120,Guarana_Antarctica,Cabo de Santo Agostinho,CAB_L2,1,-0.0,false,lata
120,Guarana_Antarctica,Cabo de Santo Agostinho,CAB_L2,2,-999999.34628795,false,lata
120,Guarana_Antarctica,Cabo de Santo Agostinho,CAB_L2,3,-0.0,false,lata
120,Guarana_Antarctica,Cabo de Santo Agostinho,CAB_L2,4,-0.0,false,lata
120,Guarana_Antarctica,Cabo de Santo Agostinho,CAB_L2,5,-0.0,false,lata
120,Guarana_Antarctica,Cabo de Santo Agostinho,CAB_L2,6,-0.0,false,lata
120,Guarana_Antarctica,Cabo de Santo Agostinho,CAB_L2,7,-0.0,false,lata
120,Guarana_Antarctica,Cabo de Santo Agostinho,CAB_L2,8,-0.0,false,lata
120,Guarana_Antarctica,Cabo de Santo Agostinho,CAB_L2,9,-0.0,false,lata
120,Guarana_Antarctica,Cabo de Santo Agostinho,CAB_L2,10,-0.0,false,lata
120,Guarana_Antarctica,Cabo de Santo Agostinho,CAB_L2,11,-0.0,false,lata
120,Guarana_Antarctica,Cabo de Santo Agostinho,CAB_L2,12,-999999.3897665499,false,lata
120,Guarana_Antarctica,Cabo de Santo Agostinho,CAB_L2,13,-0.0,false,lata
120,Guarana_Antarctica,Cabo de Santo Agostinho,CAB_L2,14,-0.0,false,lata
120,Guarana_Antarctica,Cabo de Santo Agostinho,CAB_L2,15,-0.0,false,lata
120,Guarana_Antarctica,Cabo de Santo Agostinho,CAB_L3,1,-0.0,false,lata
120,Guarana_Antarctica,Cabo de Santo Agostinho,CAB_L3,2,-0.0,false,lata
120,Guarana_Antarctica,Cabo de Santo Agostinho,CAB_L3,3,-0.0,false,lata
120,Guarana_Antarctica,Cabo de Santo Agostinho,CAB_L3,4,-999999.3409595,false,lata
120,Guarana_Antarctica,Cabo de Santo Agostinho,CAB_L3,5,-0.0,false,lata
120,Guarana_Antarctica,Cabo de Santo Agostinho,CAB_L3,6,-0.0,false,lata
120,Guarana_Antarctica,Cabo de Santo Agostinho,CAB_L3,7,-0.0,false,lata
120,Guarana_Antarctica,Cabo de Santo Agostinho,CAB_L3,8,-0.0,false,lata
120,Guarana_Antarctica,Cabo de Santo Agostinho,CAB_L3,9,-0.0,false,lata
120,Guarana_Antarctica,Cabo de Santo Agostinho,CAB_L3,10,-0.0,false,lata
120,Guarana_Antarctica,Cabo de Santo Agostinho,CAB_L3,11,-0.0,false,lata
120,Guarana_Antarctica,Cabo de Santo Agostinho,CAB_L3,12,-0.0,false,lata
120,Guarana_Antarctica,Cabo de Santo Agostinho,CAB_L3,13,-0.0,false,lata
120,Guarana_Antarctica,Cabo de Santo Agostinho,CAB_L3,14,-0.0,false,lata
120,Guarana_Antarctica,Cabo de Santo Agostinho,CAB_L3,15,-0.0,false,lata
120,Brahma_Lata,Jacarei,JAC_L1,1,-0.0,false,lata
120,Brahma_Lata,Jacarei,JAC_L1,2,-0.0,false,lata
120,Brahma_Lata,Jacarei,JAC_L1,3,-0.0,false,lata
120,Brahma_Lata,Jacarei,JAC_L1,4,-0.0,false,lata
120,Brahma_Lata,Jacarei,JAC_L1,5,-0.0,false,lata
120,Brahma_Lata,Jacarei,JAC_L1,6,-0.0,false,lata
120,Brahma_Lata,Jacarei,JAC_L1,7,-0.0,false,lata
120,Brahma_Lata,Jacarei,JAC_L1,8,-0.0,false,lata
120,Brahma_Lata,Jacarei,JAC_L1,9,-0.0,false,lata
120,Brahma_Lata,Jacarei,JAC_L1,10,-999999.6282804,false,lata
120,Brahma_Lata,Jacarei,JAC_L1,11,-0.0,false,lata
120,Brahma_Lata,Jacarei,JAC_L1,12,-0.0,false,lata
120,Brahma_Lata,Jacarei,JAC_L1,13,-0.0,false,lata
120,Brahma_Lata,Jacarei,JAC_L1,14,-0.0,false,lata
120,Brahma_Lata,Jacarei,JAC_L1,15,-0.0,false,lata
120,Brahma_Lata,Jacarei,JAC_L2,1,-0.0,false,lata
120,Brahma_Lata,Jacarei,JAC_L2,2,-0.0,false,lata
120,Brahma_Lata,Jacarei,JAC_L2,3,-999999.9270589998,false,lata
120,Brahma_Lata,Jacarei,JAC_L2,4,-0.0,false,lata
120,Brahma_Lata,Jacarei,JAC_L2,5,-0.0,false,lata
120,Brahma_Lata,Jacarei,JAC_L2,6,-0.0,false,lata
120,Brahma_Lata,Jacarei,JAC_L2,7,-0.0,false,lata
120,Brahma_Lata,Jacarei,JAC_L2,8,-0.0,false,lata
120,Brahma_Lata,Jacarei,JAC_L2,9,-0.0,false,lata
120,Brahma_Lata,Jacarei,JAC_L2,10,-0.0,false,lata
120,Brahma_Lata,Jacarei,JAC_L2,11,-0.0,false,lata
120,Brahma_Lata,Jacarei,JAC_L2,12,-0.0,false,lata
120,Brahma_Lata,Jacarei,JAC_L2,13,-0.0,false,lata
120,Brahma_Lata,Jacarei,JAC_L2,14,-0.0,false,lata
120,Brahma_Lata,Jacarei,JAC_L2,15,-0.0,false,lata
120,Brahma_Lata,Jacarei,JAC_L3,1,-0.0,false,lata
120,Brahma_Lata,Jacarei,JAC_L3,2,-999999.9976460998,false,lata
120,Brahma_Lata,Jacarei,JAC_L3,3,-0.0,false,lata
120,Brahma_Lata,Jacarei,JAC_L3,4,-0.0,false,lata
120,Brahma_Lata,Jacarei,JAC_L3,5,-0.0,false,lata
120,Brahma_Lata,Jacarei,JAC_L3,6,-0.0,false,lata
120,Brahma_Lata,Jacarei,JAC_L3,7,-0.0,false,lata
120,Brahma_Lata,Jacarei,JAC_L3,8,-0.0,false,lata
120,Brahma_Lata,Jacarei,JAC_L3,9,-0.0,false,lata
120,Brahma_Lata,Jacarei,JAC_L3,10,-0.0,false,lata
120,Brahma_Lata,Jacarei,JAC_L3,11,-0.0,false,lata
120,Brahma_Lata,Jacarei,JAC_L3,12,-0.0,false,lata
120,Brahma_Lata,Jacarei,JAC_L3,13,-0.0,false,lata
120,Brahma_Lata,Jacarei,JAC_L3,14,-0.0,false,lata
120,Brahma_Lata,Jacarei,JAC_L3,15,-0.0,false,lata
120,Brahma_Lata,Extrema,EXT_L1,1,-0.0,false,lata
120,Brahma_Lata,Extrema,EXT_L1,2,-999999.9958390498,false,lata
120,Brahma_Lata,Extrema,EXT_L1,3,-0.0,false,lata
120,Brahma_Lata,Extrema,EXT_L1,4,-999999.7534513001,false,lata
120,Brahma_Lata,Extrema,EXT_L1,5,-0.0,false,lata
120,Brahma_Lata,Extrema,EXT_L1,6,-999999.6773143501,false,lata
120,Brahma_Lata,Extrema,EXT_L1,7,-0.0,false,lata
120,Brahma_Lata,Extrema,EXT_L1,8,-0.0,false,lata
120,Brahma_Lata,Extrema,EXT_L1,9,-0.0,false,lata
120,Brahma_Lata,Extrema,EXT_L1,10,-0.0,false,lata
120,Brahma_Lata,Extrema,EXT_L1,11,-0.0,false,lata
120,Brahma_Lata,Extrema,EXT_L1,12,-999999.3496804995,false,lata
120,Brahma_Lata,Extrema,EXT_L1,13,-0.0,false,lata
120,Brahma_Lata,Extrema,EXT_L1,14,-0.0,false,lata
120,Brahma_Lata,Extrema,EXT_L1,15,-0.0,false,lata
120,Brahma_Lata,Extrema,EXT_L2,1,-0.0,false,lata
120,Brahma_Lata,Extrema,EXT_L2,2,-0.0,false,lata
120,Brahma_Lata,Extrema,EXT_L2,3,-0.0,false,lata
120,Brahma_Lata,Extrema,EXT_L2,4,-0.0,false,lata
120,Brahma_Lata,Extrema,EXT_L2,5,-0.0,false,lata
120,Brahma_Lata,Extrema,EXT_L2,6,-0.0,false,lata
120,Brahma_Lata,Extrema,EXT_L2,7,-999999.62819295,false,lata
120,Brahma_Lata,Extrema,EXT_L2,8,-0.0,false,lata
120,Brahma_Lata,Extrema,EXT_L2,9,-0.0,false,lata
120,Brahma_Lata,Extrema,EXT_L2,10,-0.0,false,lata
120,Brahma_Lata,Extrema,EXT_L2,11,-0.0,false,lata
120,Brahma_Lata,Extrema,EXT_L2,12,-0.0,false,lata
120,Brahma_Lata,Extrema,EXT_L2,13,-0.0,false,lata
120,Brahma_Lata,Extrema,EXT_L2,14,-0.0,false,lata
120,Brahma_Lata,Extrema,EXT_L2,15,-0.0,false,lata
120,Brahma_Lata,Extrema,EXT_L3,1,-0.0,false,lata
120,Brahma_Lata,Extrema,EXT_L3,2,-999999.9958390498,false,lata
120,Brahma_Lata,Extrema,EXT_L3,3,-0.0,false,lata
120,Brahma_Lata,Extrema,EXT_L3,4,-0.0,false,lata
120,Brahma_Lata,Extrema,EXT_L3,5,-0.0,false,lata
120,Brahma_Lata,Extrema,EXT_L3,6,-0.0,false,lata
120,Brahma_Lata,Extrema,EXT_L3,7,-0.0,false,lata
120,Brahma_Lata,Extrema,EXT_L3,8,-0.0,false,lata
120,Brahma_Lata,Extrema,EXT_L3,9,-0.0,false,lata
120,Brahma_Lata,Extrema,EXT_L3,10,-0.0,false,lata
120,Brahma_Lata,Extrema,EXT_L3,11,-0.0,false,lata
120,Brahma_Lata,Extrema,EXT_L3,12,-0.0,false,lata
120,Brahma_Lata,Extrema,EXT_L3,13,-0.0,false,lata
120,Brahma_Lata,Extrema,EXT_L3,14,-0.0,false,lata
120,Brahma_Lata,Extrema,EXT_L3,15,-0.0,false,lata
120,Brahma_Lata,Tres Rios,TRE_L1,1,-0.0,false,lata
120,Brahma_Lata,Tres Rios,TRE_L1,2,-1.0e6,true,lata
120,Brahma_Lata,Tres Rios,TRE_L1,3,-0.0,false,lata
120,Brahma_Lata,Tres Rios,TRE_L1,4,-0.0,false,lata
120,Brahma_Lata,Tres Rios,TRE_L1,5,-0.0,false,lata
120,Brahma_Lata,Tres Rios,TRE_L1,6,-0.0,false,lata
120,Brahma_Lata,Tres Rios,TRE_L1,7,-0.0,false,lata
120,Brahma_Lata,Tres Rios,TRE_L1,8,-0.0,false,lata
120,Brahma_Lata,Tres Rios,TRE_L1,9,-0.0,false,lata
120,Brahma_Lata,Tres Rios,TRE_L1,10,-0.0,false,lata
120,Brahma_Lata,Tres Rios,TRE_L1,11,-0.0,false,lata
120,Brahma_Lata,Tres Rios,TRE_L1,12,-0.0,false,lata
120,Brahma_Lata,Tres Rios,TRE_L1,13,-0.0,false,lata
120,Brahma_Lata,Tres Rios,TRE_L1,14,-0.0,false,lata
120,Brahma_Lata,Tres Rios,TRE_L1,15,-0.0,false,lata
120,Brahma_Lata,Tres Rios,TRE_L2,1,-999999.7447953998,false,lata
120,Brahma_Lata,Tres Rios,TRE_L2,2,-0.0,false,lata
120,Brahma_Lata,Tres Rios,TRE_L2,3,-0.0,false,lata
120,Brahma_Lata,Tres Rios,TRE_L2,4,-0.0,false,lata
120,Brahma_Lata,Tres Rios,TRE_L2,5,-0.0,false,lata
120,Brahma_Lata,Tres Rios,TRE_L2,6,-0.0,false,lata
120,Brahma_Lata,Tres Rios,TRE_L2,7,-0.0,false,lata
120,Brahma_Lata,Tres Rios,TRE_L2,8,-0.0,false,lata
120,Brahma_Lata,Tres Rios,TRE_L2,9,-999999.370058,false,lata
120,Brahma_Lata,Tres Rios,TRE_L2,10,-0.0,false,lata
120,Brahma_Lata,Tres Rios,TRE_L2,11,-0.0,false,lata
120,Brahma_Lata,Tres Rios,TRE_L2,12,-0.0,false,lata
120,Brahma_Lata,Tres Rios,TRE_L2,13,-0.0,false,lata
120,Brahma_Lata,Tres Rios,TRE_L2,14,-0.0,false,lata
120,Brahma_Lata,Tres Rios,TRE_L2,15,-0.0,false,lata
120,Brahma_Lata,Tres Rios,TRE_L3,1,-0.0,false,lata
120,Brahma_Lata,Tres Rios,TRE_L3,2,-0.0,false,lata
120,Brahma_Lata,Tres Rios,TRE_L3,3,-0.0,false,lata
120,Brahma_Lata,Tres Rios,TRE_L3,4,-0.0,false,lata
120,Brahma_Lata,Tres Rios,TRE_L3,5,-0.0,false,lata
120,Brahma_Lata,Tres Rios,TRE_L3,6,-0.0,false,lata
120,Brahma_Lata,Tres Rios,TRE_L3,7,-0.0,false,lata
120,Brahma_Lata,Tres Rios,TRE_L3,8,-0.0,false,lata
120,Brahma_Lata,Tres Rios,TRE_L3,9,-0.0,false,lata
120,Brahma_Lata,Tres Rios,TRE_L3,10,-0.0,false,lata
120,Brahma_Lata,Tres Rios,TRE_L3,11,-0.0,false,lata
120,Brahma_Lata,Tres Rios,TRE_L3,12,-0.0,false,lata
120,Brahma_Lata,Tres Rios,TRE_L3,13,-0.0,false,lata
120,Brahma_Lata,Tres Rios,TRE_L3,14,-0.0,false,lata
120,Brahma_Lata,Tres Rios,TRE_L3,15,-0.0,false,lata
120,Brahma_Lata,Alagoinhas,ALA_L1,1,-0.0,false,lata
120,Brahma_Lata,Alagoinhas,ALA_L1,2,-0.0,false,lata
120,Brahma_Lata,Alagoinhas,ALA_L1,3,-0.0,false,lata
120,Brahma_Lata,Alagoinhas,ALA_L1,4,-0.0,false,lata
120,Brahma_Lata,Alagoinhas,ALA_L1,5,-0.0,false,lata
120,Brahma_Lata,Alagoinhas,ALA_L1,6,-0.0,false,lata
120,Brahma_Lata,Alagoinhas,ALA_L1,7,-0.0,false,lata
120,Brahma_Lata,Alagoinhas,ALA_L1,8,-0.0,false,lata
120,Brahma_Lata,Alagoinhas,ALA_L1,9,-0.0,false,lata
120,Brahma_Lata,Alagoinhas,ALA_L1,10,-0.0,false,lata
120,Brahma_Lata,Alagoinhas,ALA_L1,11,-0.0,false,lata
120,Brahma_Lata,Alagoinhas,ALA_L1,12,-0.0,false,lata
120,Brahma_Lata,Alagoinhas,ALA_L1,13,-0.0,false,lata
120,Brahma_Lata,Alagoinhas,ALA_L1,14,-0.0,false,lata
120,Brahma_Lata,Alagoinhas,ALA_L1,15,-0.0,false,lata
120,Brahma_Lata,Alagoinhas,ALA_L2,1,-0.0,false,lata
120,Brahma_Lata,Alagoinhas,ALA_L2,2,-0.0,false,lata
120,Brahma_Lata,Alagoinhas,ALA_L2,3,-0.0,false,lata
120,Brahma_Lata,Alagoinhas,ALA_L2,4,-0.0,false,lata
120,Brahma_Lata,Alagoinhas,ALA_L2,5,-0.0,false,lata
120,Brahma_Lata,Alagoinhas,ALA_L2,6,-0.0,false,lata
120,Brahma_Lata,Alagoinhas,ALA_L2,7,-0.0,false,lata
120,Brahma_Lata,Alagoinhas,ALA_L2,8,-0.0,false,lata
120,Brahma_Lata,Alagoinhas,ALA_L2,9,-0.0,false,lata
120,Brahma_Lata,Alagoinhas,ALA_L2,10,-0.0,false,lata
120,Brahma_Lata,Alagoinhas,ALA_L2,11,-0.0,false,lata
120,Brahma_Lata,Alagoinhas,ALA_L2,12,-0.0,false,lata
120,Brahma_Lata,Alagoinhas,ALA_L2,13,-0.0,false,lata
120,Brahma_Lata,Alagoinhas,ALA_L2,14,-0.0,false,lata
120,Brahma_Lata,Alagoinhas,ALA_L2,15,-0.0,false,lata
120,Brahma_Lata,Alagoinhas,ALA_L3,1,-0.0,false,lata
120,Brahma_Lata,Alagoinhas,ALA_L3,2,-0.0,false,lata
120,Brahma_Lata,Alagoinhas,ALA_L3,3,-0.0,false,lata
120,Brahma_Lata,Alagoinhas,ALA_L3,4,-0.0,false,lata
120,Brahma_Lata,Alagoinhas,ALA_L3,5,-0.0,false,lata
120,Brahma_Lata,Alagoinhas,ALA_L3,6,-0.0,false,lata
120,Brahma_Lata,Alagoinhas,ALA_L3,7,-0.0,false,lata
120,Brahma_Lata,Alagoinhas,ALA_L3,8,-0.0,false,lata
120,Brahma_Lata,Alagoinhas,ALA_L3,9,-0.0,false,lata
120,Brahma_Lata,Alagoinhas,ALA_L3,10,-0.0,false,lata
120,Brahma_Lata,Alagoinhas,ALA_L3,11,-0.0,false,lata
120,Brahma_Lata,Alagoinhas,ALA_L3,12,-0.0,false,lata
120,Brahma_Lata,Alagoinhas,ALA_L3,13,-0.0,false,lata
120,Brahma_Lata,Alagoinhas,ALA_L3,14,-0.0,false,lata
120,Brahma_Lata,Alagoinhas,ALA_L3,15,-0.0,false,lata
120,Brahma_Lata,Frutal,FRU_L1,1,-0.0,false,lata
120,Brahma_Lata,Frutal,FRU_L1,2,-0.0,false,lata
120,Brahma_Lata,Frutal,FRU_L1,3,-0.0,false,lata
120,Brahma_Lata,Frutal,FRU_L1,4,-0.0,false,lata
120,Brahma_Lata,Frutal,FRU_L1,5,-0.0,false,lata
120,Brahma_Lata,Frutal,FRU_L1,6,-0.0,false,lata
120,Brahma_Lata,Frutal,FRU_L1,7,-0.0,false,lata
120,Brahma_Lata,Frutal,FRU_L1,8,-0.0,false,lata
120,Brahma_Lata,Frutal,FRU_L1,9,-0.0,false,lata
120,Brahma_Lata,Frutal,FRU_L1,10,-0.0,false,lata
120,Brahma_Lata,Frutal,FRU_L1,11,-0.0,false,lata
120,Brahma_Lata,Frutal,FRU_L1,12,-0.0,false,lata
120,Brahma_Lata,Frutal,FRU_L1,13,-0.0,false,lata
120,Brahma_Lata,Frutal,FRU_L1,14,-0.0,false,lata
120,Brahma_Lata,Frutal,FRU_L1,15,-0.0,false,lata
120,Brahma_Lata,Frutal,FRU_L2,1,-0.0,false,lata
120,Brahma_Lata,Frutal,FRU_L2,2,-0.0,false,lata
120,Brahma_Lata,Frutal,FRU_L2,3,-0.0,false,lata
120,Brahma_Lata,Frutal,FRU_L2,4,-0.0,false,lata
120,Brahma_Lata,Frutal,FRU_L2,5,-0.0,false,lata
120,Brahma_Lata,Frutal,FRU_L2,6,-999999.6913611501,false,lata
120,Brahma_Lata,Frutal,FRU_L2,7,-0.0,false,lata
120,Brahma_Lata,Frutal,FRU_L2,8,-0.0,false,lata
120,Brahma_Lata,Frutal,FRU_L2,9,-0.0,false,lata
120,Brahma_Lata,Frutal,FRU_L2,10,-0.0,false,lata
120,Brahma_Lata,Frutal,FRU_L2,11,-0.0,false,lata
120,Brahma_Lata,Frutal,FRU_L2,12,-0.0,false,lata
120,Brahma_Lata,Frutal,FRU_L2,13,-0.0,false,lata
120,Brahma_Lata,Frutal,FRU_L2,14,-0.0,false,lata
120,Brahma_Lata,Frutal,FRU_L2,15,-0.0,false,lata
120,Brahma_Lata,Frutal,FRU_L3,1,-0.0,false,lata
120,Brahma_Lata,Frutal,FRU_L3,2,-0.0,false,lata
120,Brahma_Lata,Frutal,FRU_L3,3,-999999.9164967499,false,lata
120,Brahma_Lata,Frutal,FRU_L3,4,-0.0,false,lata
120,Brahma_Lata,Frutal,FRU_L3,5,-0.0,false,lata
120,Brahma_Lata,Frutal,FRU_L3,6,-0.0,false,lata
120,Brahma_Lata,Frutal,FRU_L3,7,-0.0,false,lata
120,Brahma_Lata,Frutal,FRU_L3,8,-999999.8157626999,false,lata
120,Brahma_Lata,Frutal,FRU_L3,9,-0.0,false,lata
120,Brahma_Lata,Frutal,FRU_L3,10,-0.0,false,lata
120,Brahma_Lata,Frutal,FRU_L3,11,-0.0,false,lata
120,Brahma_Lata,Frutal,FRU_L3,12,-0.0,false,lata
120,Brahma_Lata,Frutal,FRU_L3,13,-0.0,false,lata
120,Brahma_Lata,Frutal,FRU_L3,14,-0.0,false,lata
120,Brahma_Lata,Frutal,FRU_L3,15,-0.0,false,lata
120,Brahma_Lata,Pouso Alegre,POU_L1,1,-0.0,false,lata
120,Brahma_Lata,Pouso Alegre,POU_L1,2,-999999.9928860498,false,lata
120,Brahma_Lata,Pouso Alegre,POU_L1,3,-0.0,false,lata
120,Brahma_Lata,Pouso Alegre,POU_L1,4,-0.0,false,lata
120,Brahma_Lata,Pouso Alegre,POU_L1,5,-0.0,false,lata
120,Brahma_Lata,Pouso Alegre,POU_L1,6,-0.0,false,lata
120,Brahma_Lata,Pouso Alegre,POU_L1,7,-0.0,false,lata
120,Brahma_Lata,Pouso Alegre,POU_L1,8,-0.0,false,lata
120,Brahma_Lata,Pouso Alegre,POU_L1,9,-0.0,false,lata
120,Brahma_Lata,Pouso Alegre,POU_L1,10,-999999.6276687499,false,lata
120,Brahma_Lata,Pouso Alegre,POU_L1,11,-0.0,false,lata
120,Brahma_Lata,Pouso Alegre,POU_L1,12,-0.0,false,lata
120,Brahma_Lata,Pouso Alegre,POU_L1,13,-0.0,false,lata
120,Brahma_Lata,Pouso Alegre,POU_L1,14,-0.0,false,lata
120,Brahma_Lata,Pouso Alegre,POU_L1,15,-0.0,false,lata
120,Brahma_Lata,Pouso Alegre,POU_L2,1,-0.0,false,lata
120,Brahma_Lata,Pouso Alegre,POU_L2,2,-0.0,false,lata
120,Brahma_Lata,Pouso Alegre,POU_L2,3,-999999.9222989498,false,lata
120,Brahma_Lata,Pouso Alegre,POU_L2,4,-0.0,false,lata
120,Brahma_Lata,Pouso Alegre,POU_L2,5,-0.0,false,lata
120,Brahma_Lata,Pouso Alegre,POU_L2,6,-0.0,false,lata
120,Brahma_Lata,Pouso Alegre,POU_L2,7,-0.0,false,lata
120,Brahma_Lata,Pouso Alegre,POU_L2,8,-0.0,false,lata
120,Brahma_Lata,Pouso Alegre,POU_L2,9,-0.0,false,lata
120,Brahma_Lata,Pouso Alegre,POU_L2,10,-0.0,false,lata
120,Brahma_Lata,Pouso Alegre,POU_L2,11,-0.0,false,lata
120,Brahma_Lata,Pouso Alegre,POU_L2,12,-0.0,false,lata
120,Brahma_Lata,Pouso Alegre,POU_L2,13,-0.0,false,lata
120,Brahma_Lata,Pouso Alegre,POU_L2,14,-0.0,false,lata
120,Brahma_Lata,Pouso Alegre,POU_L2,15,-0.0,false,lata
120,Brahma_Lata,Pouso Alegre,POU_L3,1,-0.0,false,lata
120,Brahma_Lata,Pouso Alegre,POU_L3,2,-0.0,false,lata
120,Brahma_Lata,Pouso Alegre,POU_L3,3,-0.0,false,lata
120,Brahma_Lata,Pouso Alegre,POU_L3,4,-0.0,false,lata
120,Brahma_Lata,Pouso Alegre,POU_L3,5,-0.0,false,lata
120,Brahma_Lata,Pouso Alegre,POU_L3,6,-0.0,false,lata
120,Brahma_Lata,Pouso Alegre,POU_L3,7,-0.0,false,lata
120,Brahma_Lata,Pouso Alegre,POU_L3,8,-0.0,false,lata
120,Brahma_Lata,Pouso Alegre,POU_L3,9,-0.0,false,lata
120,Brahma_Lata,Pouso Alegre,POU_L3,10,-0.0,false,lata
120,Brahma_Lata,Pouso Alegre,POU_L3,11,-0.0,false,lata
120,Brahma_Lata,Pouso Alegre,POU_L3,12,-0.0,false,lata
120,Brahma_Lata,Pouso Alegre,POU_L3,13,-0.0,false,lata
120,Brahma_Lata,Pouso Alegre,POU_L3,14,-0.0,false,lata
120,Brahma_Lata,Pouso Alegre,POU_L3,15,-0.0,false,lata
120,Brahma_Lata,Gama,GAM_L1,1,-0.0,false,lata
120,Brahma_Lata,Gama,GAM_L1,2,-999999.9977707497,false,lata
120,Brahma_Lata,Gama,GAM_L1,3,-0.0,false,lata
120,Brahma_Lata,Gama,GAM_L1,4,-0.0,false,lata
120,Brahma_Lata,Gama,GAM_L1,5,-0.0,false,lata
120,Brahma_Lata,Gama,GAM_L1,6,-0.0,false,lata
120,Brahma_Lata,Gama,GAM_L1,7,-0.0,false,lata
120,Brahma_Lata,Gama,GAM_L1,8,-0.0,false,lata
120,Brahma_Lata,Gama,GAM_L1,9,-0.0,false,lata
120,Brahma_Lata,Gama,GAM_L1,10,-0.0,false,lata
120,Brahma_Lata,Gama,GAM_L1,11,-0.0,false,lata
120,Brahma_Lata,Gama,GAM_L1,12,-0.0,false,lata
120,Brahma_Lata,Gama,GAM_L1,13,-0.0,false,lata
120,Brahma_Lata,Gama,GAM_L1,14,-0.0,false,lata
120,Brahma_Lata,Gama,GAM_L1,15,-0.0,false,lata
120,Brahma_Lata,Gama,GAM_L2,1,-0.0,false,lata
120,Brahma_Lata,Gama,GAM_L2,2,-0.0,false,lata
120,Brahma_Lata,Gama,GAM_L2,3,-0.0,false,lata
120,Brahma_Lata,Gama,GAM_L2,4,-0.0,false,lata
120,Brahma_Lata,Gama,GAM_L2,5,-0.0,false,lata
120,Brahma_Lata,Gama,GAM_L2,6,-0.0,false,lata
120,Brahma_Lata,Gama,GAM_L2,7,-0.0,false,lata
120,Brahma_Lata,Gama,GAM_L2,8,-0.0,false,lata
120,Brahma_Lata,Gama,GAM_L2,9,-0.0,false,lata
120,Brahma_Lata,Gama,GAM_L2,10,-0.0,false,lata
120,Brahma_Lata,Gama,GAM_L2,11,-0.0,false,lata
120,Brahma_Lata,Gama,GAM_L2,12,-0.0,false,lata
120,Brahma_Lata,Gama,GAM_L2,13,-0.0,false,lata
120,Brahma_Lata,Gama,GAM_L2,14,-0.0,false,lata
120,Brahma_Lata,Gama,GAM_L2,15,-0.0,false,lata
120,Brahma_Lata,Gama,GAM_L3,1,-0.0,false,lata
120,Brahma_Lata,Gama,GAM_L3,2,-0.0,false,lata
120,Brahma_Lata,Gama,GAM_L3,3,-0.0,false,lata
120,Brahma_Lata,Gama,GAM_L3,4,-0.0,false,lata
120,Brahma_Lata,Gama,GAM_L3,5,-0.0,false,lata
120,Brahma_Lata,Gama,GAM_L3,6,-0.0,false,lata
120,Brahma_Lata,Gama,GAM_L3,7,-0.0,false,lata
120,Brahma_Lata,Gama,GAM_L3,8,-0.0,false,lata
120,Brahma_Lata,Gama,GAM_L3,9,-0.0,false,lata
120,Brahma_Lata,Gama,GAM_L3,10,-0.0,false,lata
120,Brahma_Lata,Gama,GAM_L3,11,-0.0,false,lata
120,Brahma_Lata,Gama,GAM_L3,12,-0.0,false,lata
120,Brahma_Lata,Gama,GAM_L3,13,-0.0,false,lata
120,Brahma_Lata,Gama,GAM_L3,14,-0.0,false,lata
120,Brahma_Lata,Gama,GAM_L3,15,-0.0,false,lata
120,Brahma_Lata,Viamao,VIA_L1,1,-0.0,false,lata
120,Brahma_Lata,Viamao,VIA_L1,2,-0.0,false,lata
120,Brahma_Lata,Viamao,VIA_L1,3,-0.0,false,lata
120,Brahma_Lata,Viamao,VIA_L1,4,-0.0,false,lata
120,Brahma_Lata,Viamao,VIA_L1,5,-0.0,false,lata
120,Brahma_Lata,Viamao,VIA_L1,6,-0.0,false,lata
120,Brahma_Lata,Viamao,VIA_L1,7,-0.0,false,lata
120,Brahma_Lata,Viamao,VIA_L1,8,-0.0,false,lata
120,Brahma_Lata,Viamao,VIA_L1,9,-0.0,false,lata
120,Brahma_Lata,Viamao,VIA_L1,10,-999999.6615146999,false,lata
120,Brahma_Lata,Viamao,VIA_L1,11,-0.0,false,lata
120,Brahma_Lata,Viamao,VIA_L1,12,-0.0,false,lata
120,Brahma_Lata,Viamao,VIA_L1,13,-0.0,false,lata
120,Brahma_Lata,Viamao,VIA_L1,14,-0.0,false,lata
120,Brahma_Lata,Viamao,VIA_L1,15,-999999.7724805501,false,lata
120,Brahma_Lata,Viamao,VIA_L2,1,-0.0,false,lata
120,Brahma_Lata,Viamao,VIA_L2,2,-0.0,false,lata
120,Brahma_Lata,Viamao,VIA_L2,3,-0.0,false,lata
120,Brahma_Lata,Viamao,VIA_L2,4,-0.0,false,lata
120,Brahma_Lata,Viamao,VIA_L2,5,-0.0,false,lata
120,Brahma_Lata,Viamao,VIA_L2,6,-0.0,false,lata
120,Brahma_Lata,Viamao,VIA_L2,7,-999999.6627079,false,lata
120,Brahma_Lata,Viamao,VIA_L2,8,-0.0,false,lata
120,Brahma_Lata,Viamao,VIA_L2,9,-0.0,false,lata
120,Brahma_Lata,Viamao,VIA_L2,10,-0.0,false,lata
120,Brahma_Lata,Viamao,VIA_L2,11,-0.0,false,lata
120,Brahma_Lata,Viamao,VIA_L2,12,-0.0,false,lata
120,Brahma_Lata,Viamao,VIA_L2,13,-0.0,false,lata
120,Brahma_Lata,Viamao,VIA_L2,14,-999999.5119433001,false,lata
120,Brahma_Lata,Viamao,VIA_L2,15,-0.0,false,lata
120,Brahma_Lata,Viamao,VIA_L3,1,-0.0,false,lata
120,Brahma_Lata,Viamao,VIA_L3,2,-0.0,false,lata
120,Brahma_Lata,Viamao,VIA_L3,3,-999999.9651277498,false,lata
120,Brahma_Lata,Viamao,VIA_L3,4,-999999.7933271001,false,lata
120,Brahma_Lata,Viamao,VIA_L3,5,-999999.8609194501,false,lata
120,Brahma_Lata,Viamao,VIA_L3,6,-0.0,false,lata
120,Brahma_Lata,Viamao,VIA_L3,7,-0.0,false,lata
120,Brahma_Lata,Viamao,VIA_L3,8,-0.0,false,lata
120,Brahma_Lata,Viamao,VIA_L3,9,-0.0,false,lata
120,Brahma_Lata,Viamao,VIA_L3,10,-0.0,false,lata
120,Brahma_Lata,Viamao,VIA_L3,11,-0.0,false,lata
120,Brahma_Lata,Viamao,VIA_L3,12,-0.0,false,lata
120,Brahma_Lata,Viamao,VIA_L3,13,-0.0,false,lata
120,Brahma_Lata,Viamao,VIA_L3,14,-0.0,false,lata
120,Brahma_Lata,Viamao,VIA_L3,15,-0.0,false,lata
120,Brahma_Lata,Itupeva,ITU_L1,1,-0.0,false,lata
120,Brahma_Lata,Itupeva,ITU_L1,2,-0.0,false,lata
120,Brahma_Lata,Itupeva,ITU_L1,3,-0.0,false,lata
120,Brahma_Lata,Itupeva,ITU_L1,4,-0.0,false,lata
120,Brahma_Lata,Itupeva,ITU_L1,5,-0.0,false,lata
120,Brahma_Lata,Itupeva,ITU_L1,6,-0.0,false,lata
120,Brahma_Lata,Itupeva,ITU_L1,7,-0.0,false,lata
120,Brahma_Lata,Itupeva,ITU_L1,8,-0.0,false,lata
120,Brahma_Lata,Itupeva,ITU_L1,9,-0.0,false,lata
120,Brahma_Lata,Itupeva,ITU_L1,10,-0.0,false,lata
120,Brahma_Lata,Itupeva,ITU_L1,11,-0.0,false,lata
120,Brahma_Lata,Itupeva,ITU_L1,12,-0.0,false,lata
120,Brahma_Lata,Itupeva,ITU_L1,13,-0.0,false,lata
120,Brahma_Lata,Itupeva,ITU_L1,14,-0.0,false,lata
120,Brahma_Lata,Itupeva,ITU_L1,15,-0.0,false,lata
120,Brahma_Lata,Itupeva,ITU_L2,1,-0.0,false,lata
120,Brahma_Lata,Itupeva,ITU_L2,2,-0.0,false,lata
120,Brahma_Lata,Itupeva,ITU_L2,3,-0.0,false,lata
120,Brahma_Lata,Itupeva,ITU_L2,4,-0.0,false,lata
120,Brahma_Lata,Itupeva,ITU_L2,5,-0.0,false,lata
120,Brahma_Lata,Itupeva,ITU_L2,6,-0.0,false,lata
120,Brahma_Lata,Itupeva,ITU_L2,7,-0.0,false,lata
120,Brahma_Lata,Itupeva,ITU_L2,8,-0.0,false,lata
120,Brahma_Lata,Itupeva,ITU_L2,9,-0.0,false,lata
120,Brahma_Lata,Itupeva,ITU_L2,10,-0.0,false,lata
120,Brahma_Lata,Itupeva,ITU_L2,11,-0.0,false,lata
120,Brahma_Lata,Itupeva,ITU_L2,12,-0.0,false,lata
120,Brahma_Lata,Itupeva,ITU_L2,13,-999999.5496216498,false,lata
120,Brahma_Lata,Itupeva,ITU_L2,14,-999999.4755941501,false,lata
120,Brahma_Lata,Itupeva,ITU_L2,15,-999999.7386692001,false,lata
120,Brahma_Lata,Itupeva,ITU_L3,1,-0.0,false,lata
120,Brahma_Lata,Itupeva,ITU_L3,2,-0.0,false,lata
120,Brahma_Lata,Itupeva,ITU_L3,3,-0.0,false,lata
120,Brahma_Lata,Itupeva,ITU_L3,4,-0.0,false,lata
120,Brahma_Lata,Itupeva,ITU_L3,5,-999999.8245703,false,lata
120,Brahma_Lata,Itupeva,ITU_L3,6,-0.0,false,lata
120,Brahma_Lata,Itupeva,ITU_L3,7,-0.0,false,lata
120,Brahma_Lata,Itupeva,ITU_L3,8,-0.0,false,lata
120,Brahma_Lata,Itupeva,ITU_L3,9,-0.0,false,lata
120,Brahma_Lata,Itupeva,ITU_L3,10,-0.0,false,lata
120,Brahma_Lata,Itupeva,ITU_L3,11,-0.0,false,lata
120,Brahma_Lata,Itupeva,ITU_L3,12,-0.0,false,lata
120,Brahma_Lata,Itupeva,ITU_L3,13,-0.0,false,lata
120,Brahma_Lata,Itupeva,ITU_L3,14,-0.0,false,lata
120,Brahma_Lata,Itupeva,ITU_L3,15,-0.0,false,lata
120,Brahma_Lata,Cabo de Santo Agostinho,CAB_L1,1,-0.0,false,lata
120,Brahma_Lata,Cabo de Santo Agostinho,CAB_L1,2,-0.0,false,lata
120,Brahma_Lata,Cabo de Santo Agostinho,CAB_L1,3,-0.0,false,lata
120,Brahma_Lata,Cabo de Santo Agostinho,CAB_L1,4,-0.0,false,lata
120,Brahma_Lata,Cabo de Santo Agostinho,CAB_L1,5,-999999.90043255,false,lata
120,Brahma_Lata,Cabo de Santo Agostinho,CAB_L1,6,-0.0,false,lata
120,Brahma_Lata,Cabo de Santo Agostinho,CAB_L1,7,-0.0,false,lata
120,Brahma_Lata,Cabo de Santo Agostinho,CAB_L1,8,-0.0,false,lata
120,Brahma_Lata,Cabo de Santo Agostinho,CAB_L1,9,-0.0,false,lata
120,Brahma_Lata,Cabo de Santo Agostinho,CAB_L1,10,-0.0,false,lata
120,Brahma_Lata,Cabo de Santo Agostinho,CAB_L1,11,-0.0,false,lata
120,Brahma_Lata,Cabo de Santo Agostinho,CAB_L1,12,-0.0,false,lata
120,Brahma_Lata,Cabo de Santo Agostinho,CAB_L1,13,-0.0,false,lata
120,Brahma_Lata,Cabo de Santo Agostinho,CAB_L1,14,-0.0,false,lata
120,Brahma_Lata,Cabo de Santo Agostinho,CAB_L1,15,-0.0,false,lata
120,Brahma_Lata,Cabo de Santo Agostinho,CAB_L2,1,-0.0,false,lata
120,Brahma_Lata,Cabo de Santo Agostinho,CAB_L2,2,-0.0,false,lata
120,Brahma_Lata,Cabo de Santo Agostinho,CAB_L2,3,-0.0,false,lata
120,Brahma_Lata,Cabo de Santo Agostinho,CAB_L2,4,-0.0,false,lata
120,Brahma_Lata,Cabo de Santo Agostinho,CAB_L2,5,-0.0,false,lata
120,Brahma_Lata,Cabo de Santo Agostinho,CAB_L2,6,-0.0,false,lata
120,Brahma_Lata,Cabo de Santo Agostinho,CAB_L2,7,-0.0,false,lata
120,Brahma_Lata,Cabo de Santo Agostinho,CAB_L2,8,-0.0,false,lata
120,Brahma_Lata,Cabo de Santo Agostinho,CAB_L2,9,-0.0,false,lata
120,Brahma_Lata,Cabo de Santo Agostinho,CAB_L2,10,-0.0,false,lata
120,Brahma_Lata,Cabo de Santo Agostinho,CAB_L2,11,-0.0,false,lata
120,Brahma_Lata,Cabo de Santo Agostinho,CAB_L2,12,-0.0,false,lata
120,Brahma_Lata,Cabo de Santo Agostinho,CAB_L2,13,-0.0,false,lata
120,Brahma_Lata,Cabo de Santo Agostinho,CAB_L2,14,-0.0,false,lata
120,Brahma_Lata,Cabo de Santo Agostinho,CAB_L2,15,-0.0,false,lata
120,Brahma_Lata,Cabo de Santo Agostinho,CAB_L3,1,-0.0,false,lata
120,Brahma_Lata,Cabo de Santo Agostinho,CAB_L3,2,-0.0,false,lata
120,Brahma_Lata,Cabo de Santo Agostinho,CAB_L3,3,-0.0,false,lata
120,Brahma_Lata,Cabo de Santo Agostinho,CAB_L3,4,-0.0,false,lata
120,Brahma_Lata,Cabo de Santo Agostinho,CAB_L3,5,-0.0,false,lata
120,Brahma_Lata,Cabo de Santo Agostinho,CAB_L3,6,-0.0,false,lata
120,Brahma_Lata,Cabo de Santo Agostinho,CAB_L3,7,-0.0,false,lata
120,Brahma_Lata,Cabo de Santo Agostinho,CAB_L3,8,-0.0,false,lata
120,Brahma_Lata,Cabo de Santo Agostinho,CAB_L3,9,-0.0,false,lata
120,Brahma_Lata,Cabo de Santo Agostinho,CAB_L3,10,-0.0,false,lata
120,Brahma_Lata,Cabo de Santo Agostinho,CAB_L3,11,-0.0,false,lata
120,Brahma_Lata,Cabo de Santo Agostinho,CAB_L3,12,-0.0,false,lata
120,Brahma_Lata,Cabo de Santo Agostinho,CAB_L3,13,-0.0,false,lata
120,Brahma_Lata,Cabo de Santo Agostinho,CAB_L3,14,-0.0,false,lata
120,Brahma_Lata,Cabo de Santo Agostinho,CAB_L3,15,-0.0,false,lata
120,Del_Valle_Pessego,Jacarei,JAC_L1,1,-0.0,false,lata
120,Del_Valle_Pessego,Jacarei,JAC_L1,2,-0.0,false,lata
120,Del_Valle_Pessego,Jacarei,JAC_L1,3,-0.0,false,lata
120,Del_Valle_Pessego,Jacarei,JAC_L1,4,-0.0,false,lata
120,Del_Valle_Pessego,Jacarei,JAC_L1,5,-0.0,false,lata
120,Del_Valle_Pessego,Jacarei,JAC_L1,6,-0.0,false,lata
120,Del_Valle_Pessego,Jacarei,JAC_L1,7,-0.0,false,lata
120,Del_Valle_Pessego,Jacarei,JAC_L1,8,-0.0,false,lata
120,Del_Valle_Pessego,Jacarei,JAC_L1,9,-0.0,false,lata
120,Del_Valle_Pessego,Jacarei,JAC_L1,10,-0.0,false,lata
120,Del_Valle_Pessego,Jacarei,JAC_L1,11,-999999.6967425002,false,lata
120,Del_Valle_Pessego,Jacarei,JAC_L1,12,-0.0,false,lata
120,Del_Valle_Pessego,Jacarei,JAC_L1,13,-0.0,false,lata
120,Del_Valle_Pessego,Jacarei,JAC_L1,14,-0.0,false,lata
120,Del_Valle_Pessego,Jacarei,JAC_L1,15,-0.0,false,lata
120,Del_Valle_Pessego,Jacarei,JAC_L2,1,-0.0,false,lata
120,Del_Valle_Pessego,Jacarei,JAC_L2,2,-0.0,false,lata
120,Del_Valle_Pessego,Jacarei,JAC_L2,3,-0.0,false,lata
120,Del_Valle_Pessego,Jacarei,JAC_L2,4,-0.0,false,lata
120,Del_Valle_Pessego,Jacarei,JAC_L2,5,-0.0,false,lata
120,Del_Valle_Pessego,Jacarei,JAC_L2,6,-0.0,false,lata
120,Del_Valle_Pessego,Jacarei,JAC_L2,7,-0.0,false,lata
120,Del_Valle_Pessego,Jacarei,JAC_L2,8,-0.0,false,lata
120,Del_Valle_Pessego,Jacarei,JAC_L2,9,-0.0,false,lata
120,Del_Valle_Pessego,Jacarei,JAC_L2,10,-0.0,false,lata
120,Del_Valle_Pessego,Jacarei,JAC_L2,11,-0.0,false,lata
120,Del_Valle_Pessego,Jacarei,JAC_L2,12,-0.0,false,lata
120,Del_Valle_Pessego,Jacarei,JAC_L2,13,-0.0,false,lata
120,Del_Valle_Pessego,Jacarei,JAC_L2,14,-0.0,false,lata
120,Del_Valle_Pessego,Jacarei,JAC_L2,15,-0.0,false,lata
120,Del_Valle_Pessego,Jacarei,JAC_L3,1,-999999.3663409499,false,lata
120,Del_Valle_Pessego,Jacarei,JAC_L3,2,-0.0,false,lata
120,Del_Valle_Pessego,Jacarei,JAC_L3,3,-0.0,false,lata
120,Del_Valle_Pessego,Jacarei,JAC_L3,4,-0.0,false,lata
120,Del_Valle_Pessego,Jacarei,JAC_L3,5,-0.0,false,lata
120,Del_Valle_Pessego,Jacarei,JAC_L3,6,-0.0,false,lata
120,Del_Valle_Pessego,Jacarei,JAC_L3,7,-0.0,false,lata
120,Del_Valle_Pessego,Jacarei,JAC_L3,8,-0.0,false,lata
120,Del_Valle_Pessego,Jacarei,JAC_L3,9,-0.0,false,lata
120,Del_Valle_Pessego,Jacarei,JAC_L3,10,-0.0,false,lata
120,Del_Valle_Pessego,Jacarei,JAC_L3,11,-0.0,false,lata
120,Del_Valle_Pessego,Jacarei,JAC_L3,12,-0.0,false,lata
120,Del_Valle_Pessego,Jacarei,JAC_L3,13,-0.0,false,lata
120,Del_Valle_Pessego,Jacarei,JAC_L3,14,-0.0,false,lata
120,Del_Valle_Pessego,Jacarei,JAC_L3,15,-0.0,false,lata
120,Del_Valle_Pessego,Extrema,EXT_L1,1,-0.0,false,lata
120,Del_Valle_Pessego,Extrema,EXT_L1,2,-0.0,false,lata
120,Del_Valle_Pessego,Extrema,EXT_L1,3,-0.0,false,lata
120,Del_Valle_Pessego,Extrema,EXT_L1,4,-0.0,false,lata
120,Del_Valle_Pessego,Extrema,EXT_L1,5,-0.0,false,lata
120,Del_Valle_Pessego,Extrema,EXT_L1,6,-0.0,false,lata
120,Del_Valle_Pessego,Extrema,EXT_L1,7,-0.0,false,lata
120,Del_Valle_Pessego,Extrema,EXT_L1,8,-0.0,false,lata
120,Del_Valle_Pessego,Extrema,EXT_L1,9,-0.0,false,lata
120,Del_Valle_Pessego,Extrema,EXT_L1,10,-0.0,false,lata
120,Del_Valle_Pessego,Extrema,EXT_L1,11,-0.0,false,lata
120,Del_Valle_Pessego,Extrema,EXT_L1,12,-0.0,false,lata
120,Del_Valle_Pessego,Extrema,EXT_L1,13,-0.0,false,lata
120,Del_Valle_Pessego,Extrema,EXT_L1,14,-0.0,false,lata
120,Del_Valle_Pessego,Extrema,EXT_L1,15,-0.0,false,lata
120,Del_Valle_Pessego,Extrema,EXT_L2,1,-0.0,false,lata
120,Del_Valle_Pessego,Extrema,EXT_L2,2,-0.0,false,lata
120,Del_Valle_Pessego,Extrema,EXT_L2,3,-0.0,false,lata
120,Del_Valle_Pessego,Extrema,EXT_L2,4,-0.0,false,lata
120,Del_Valle_Pessego,Extrema,EXT_L2,5,-0.0,false,lata
120,Del_Valle_Pessego,Extrema,EXT_L2,6,-999999.8887097503,false,lata
120,Del_Valle_Pessego,Extrema,EXT_L2,7,-0.0,false,lata
120,Del_Valle_Pessego,Extrema,EXT_L2,8,-999999.7168053495,false,lata
120,Del_Valle_Pessego,Extrema,EXT_L2,9,-0.0,false,lata
120,Del_Valle_Pessego,Extrema,EXT_L2,10,-0.0,false,lata
120,Del_Valle_Pessego,Extrema,EXT_L2,11,-0.0,false,lata
120,Del_Valle_Pessego,Extrema,EXT_L2,12,-999999.9526987001,false,lata
120,Del_Valle_Pessego,Extrema,EXT_L2,13,-0.0,false,lata
120,Del_Valle_Pessego,Extrema,EXT_L2,14,-0.0,false,lata
120,Del_Valle_Pessego,Extrema,EXT_L2,15,-0.0,false,lata
120,Del_Valle_Pessego,Extrema,EXT_L3,1,-0.0,false,lata
120,Del_Valle_Pessego,Extrema,EXT_L3,2,-0.0,false,lata
120,Del_Valle_Pessego,Extrema,EXT_L3,3,-0.0,false,lata
120,Del_Valle_Pessego,Extrema,EXT_L3,4,-0.0,false,lata
120,Del_Valle_Pessego,Extrema,EXT_L3,5,-0.0,false,lata
120,Del_Valle_Pessego,Extrema,EXT_L3,6,-0.0,false,lata
120,Del_Valle_Pessego,Extrema,EXT_L3,7,-0.0,false,lata
120,Del_Valle_Pessego,Extrema,EXT_L3,8,-0.0,false,lata
120,Del_Valle_Pessego,Extrema,EXT_L3,9,-0.0,false,lata
120,Del_Valle_Pessego,Extrema,EXT_L3,10,-0.0,false,lata
120,Del_Valle_Pessego,Extrema,EXT_L3,11,-0.0,false,lata
120,Del_Valle_Pessego,Extrema,EXT_L3,12,-0.0,false,lata
120,Del_Valle_Pessego,Extrema,EXT_L3,13,-0.0,false,lata
120,Del_Valle_Pessego,Extrema,EXT_L3,14,-0.0,false,lata
120,Del_Valle_Pessego,Extrema,EXT_L3,15,-0.0,false,lata
120,Del_Valle_Pessego,Tres Rios,TRE_L1,1,-0.0,false,lata
120,Del_Valle_Pessego,Tres Rios,TRE_L1,2,-0.0,false,lata
120,Del_Valle_Pessego,Tres Rios,TRE_L1,3,-0.0,false,lata
120,Del_Valle_Pessego,Tres Rios,TRE_L1,4,-0.0,false,lata
120,Del_Valle_Pessego,Tres Rios,TRE_L1,5,-0.0,false,lata
120,Del_Valle_Pessego,Tres Rios,TRE_L1,6,-0.0,false,lata
120,Del_Valle_Pessego,Tres Rios,TRE_L1,7,-0.0,false,lata
120,Del_Valle_Pessego,Tres Rios,TRE_L1,8,-0.0,false,lata
120,Del_Valle_Pessego,Tres Rios,TRE_L1,9,-0.0,false,lata
120,Del_Valle_Pessego,Tres Rios,TRE_L1,10,-0.0,false,lata
120,Del_Valle_Pessego,Tres Rios,TRE_L1,11,-0.0,false,lata
120,Del_Valle_Pessego,Tres Rios,TRE_L1,12,-999999.96297005,false,lata
120,Del_Valle_Pessego,Tres Rios,TRE_L1,13,-0.0,false,lata
120,Del_Valle_Pessego,Tres Rios,TRE_L1,14,-0.0,false,lata
120,Del_Valle_Pessego,Tres Rios,TRE_L1,15,-0.0,false,lata
120,Del_Valle_Pessego,Tres Rios,TRE_L2,1,-0.0,false,lata
120,Del_Valle_Pessego,Tres Rios,TRE_L2,2,-0.0,false,lata
120,Del_Valle_Pessego,Tres Rios,TRE_L2,3,-0.0,false,lata
120,Del_Valle_Pessego,Tres Rios,TRE_L2,4,-0.0,false,lata
120,Del_Valle_Pessego,Tres Rios,TRE_L2,5,-0.0,false,lata
120,Del_Valle_Pessego,Tres Rios,TRE_L2,6,-999999.8982889502,false,lata
120,Del_Valle_Pessego,Tres Rios,TRE_L2,7,-0.0,false,lata
120,Del_Valle_Pessego,Tres Rios,TRE_L2,8,-0.0,false,lata
120,Del_Valle_Pessego,Tres Rios,TRE_L2,9,-0.0,false,lata
120,Del_Valle_Pessego,Tres Rios,TRE_L2,10,-0.0,false,lata
120,Del_Valle_Pessego,Tres Rios,TRE_L2,11,-0.0,false,lata
120,Del_Valle_Pessego,Tres Rios,TRE_L2,12,-0.0,false,lata
120,Del_Valle_Pessego,Tres Rios,TRE_L2,13,-0.0,false,lata
120,Del_Valle_Pessego,Tres Rios,TRE_L2,14,-0.0,false,lata
120,Del_Valle_Pessego,Tres Rios,TRE_L2,15,-0.0,false,lata
120,Del_Valle_Pessego,Tres Rios,TRE_L3,1,-0.0,false,lata
120,Del_Valle_Pessego,Tres Rios,TRE_L3,2,-999999.6098712499,false,lata
120,Del_Valle_Pessego,Tres Rios,TRE_L3,3,-999999.5735767998,false,lata
120,Del_Valle_Pessego,Tres Rios,TRE_L3,4,-0.0,false,lata
120,Del_Valle_Pessego,Tres Rios,TRE_L3,5,-0.0,false,lata
120,Del_Valle_Pessego,Tres Rios,TRE_L3,6,-0.0,false,lata
120,Del_Valle_Pessego,Tres Rios,TRE_L3,7,-0.0,false,lata
120,Del_Valle_Pessego,Tres Rios,TRE_L3,8,-0.0,false,lata
120,Del_Valle_Pessego,Tres Rios,TRE_L3,9,-999999.96381815,false,lata
120,Del_Valle_Pessego,Tres Rios,TRE_L3,10,-0.0,false,lata
120,Del_Valle_Pessego,Tres Rios,TRE_L3,11,-0.0,false,lata
120,Del_Valle_Pessego,Tres Rios,TRE_L3,12,-0.0,false,lata
120,Del_Valle_Pessego,Tres Rios,TRE_L3,13,-0.0,false,lata
120,Del_Valle_Pessego,Tres Rios,TRE_L3,14,-0.0,false,lata
120,Del_Valle_Pessego,Tres Rios,TRE_L3,15,-0.0,false,lata
120,Del_Valle_Pessego,Alagoinhas,ALA_L1,1,-0.0,false,lata
120,Del_Valle_Pessego,Alagoinhas,ALA_L1,2,-0.0,false,lata
120,Del_Valle_Pessego,Alagoinhas,ALA_L1,3,-0.0,false,lata
120,Del_Valle_Pessego,Alagoinhas,ALA_L1,4,-0.0,false,lata
120,Del_Valle_Pessego,Alagoinhas,ALA_L1,5,-999999.6928255003,false,lata
120,Del_Valle_Pessego,Alagoinhas,ALA_L1,6,-0.0,false,lata
120,Del_Valle_Pessego,Alagoinhas,ALA_L1,7,-0.0,false,lata
120,Del_Valle_Pessego,Alagoinhas,ALA_L1,8,-0.0,false,lata
120,Del_Valle_Pessego,Alagoinhas,ALA_L1,9,-0.0,false,lata
120,Del_Valle_Pessego,Alagoinhas,ALA_L1,10,-0.0,false,lata
120,Del_Valle_Pessego,Alagoinhas,ALA_L1,11,-0.0,false,lata
120,Del_Valle_Pessego,Alagoinhas,ALA_L1,12,-0.0,false,lata
120,Del_Valle_Pessego,Alagoinhas,ALA_L1,13,-0.0,false,lata
120,Del_Valle_Pessego,Alagoinhas,ALA_L1,14,-0.0,false,lata
120,Del_Valle_Pessego,Alagoinhas,ALA_L1,15,-0.0,false,lata
120,Del_Valle_Pessego,Alagoinhas,ALA_L2,1,-0.0,false,lata
120,Del_Valle_Pessego,Alagoinhas,ALA_L2,2,-0.0,false,lata
120,Del_Valle_Pessego,Alagoinhas,ALA_L2,3,-999999.6068791499,false,lata
120,Del_Valle_Pessego,Alagoinhas,ALA_L2,4,-0.0,false,lata
120,Del_Valle_Pessego,Alagoinhas,ALA_L2,5,-0.0,false,lata
120,Del_Valle_Pessego,Alagoinhas,ALA_L2,6,-0.0,false,lata
120,Del_Valle_Pessego,Alagoinhas,ALA_L2,7,-0.0,false,lata
120,Del_Valle_Pessego,Alagoinhas,ALA_L2,8,-0.0,false,lata
120,Del_Valle_Pessego,Alagoinhas,ALA_L2,9,-0.0,false,lata
120,Del_Valle_Pessego,Alagoinhas,ALA_L2,10,-0.0,false,lata
120,Del_Valle_Pessego,Alagoinhas,ALA_L2,11,-0.0,false,lata
120,Del_Valle_Pessego,Alagoinhas,ALA_L2,12,-0.0,false,lata
120,Del_Valle_Pessego,Alagoinhas,ALA_L2,13,-0.0,false,lata
120,Del_Valle_Pessego,Alagoinhas,ALA_L2,14,-0.0,false,lata
120,Del_Valle_Pessego,Alagoinhas,ALA_L2,15,-0.0,false,lata
120,Del_Valle_Pessego,Alagoinhas,ALA_L3,1,-0.0,false,lata
120,Del_Valle_Pessego,Alagoinhas,ALA_L3,2,-0.0,false,lata
120,Del_Valle_Pessego,Alagoinhas,ALA_L3,3,-0.0,false,lata
120,Del_Valle_Pessego,Alagoinhas,ALA_L3,4,-0.0,false,lata
120,Del_Valle_Pessego,Alagoinhas,ALA_L3,5,-0.0,false,lata
120,Del_Valle_Pessego,Alagoinhas,ALA_L3,6,-999999.9265837002,false,lata
120,Del_Valle_Pessego,Alagoinhas,ALA_L3,7,-0.0,false,lata
120,Del_Valle_Pessego,Alagoinhas,ALA_L3,8,-0.0,false,lata
120,Del_Valle_Pessego,Alagoinhas,ALA_L3,9,-0.0,false,lata
120,Del_Valle_Pessego,Alagoinhas,ALA_L3,10,-999999.4992290002,false,lata
120,Del_Valle_Pessego,Alagoinhas,ALA_L3,11,-0.0,false,lata
120,Del_Valle_Pessego,Alagoinhas,ALA_L3,12,-0.0,false,lata
120,Del_Valle_Pessego,Alagoinhas,ALA_L3,13,-0.0,false,lata
120,Del_Valle_Pessego,Alagoinhas,ALA_L3,14,-0.0,false,lata
120,Del_Valle_Pessego,Alagoinhas,ALA_L3,15,-0.0,false,lata
120,Del_Valle_Pessego,Frutal,FRU_L1,1,-0.0,false,lata
120,Del_Valle_Pessego,Frutal,FRU_L1,2,-0.0,false,lata
120,Del_Valle_Pessego,Frutal,FRU_L1,3,-0.0,false,lata
120,Del_Valle_Pessego,Frutal,FRU_L1,4,-0.0,false,lata
120,Del_Valle_Pessego,Frutal,FRU_L1,5,-0.0,false,lata
120,Del_Valle_Pessego,Frutal,FRU_L1,6,-0.0,false,lata
120,Del_Valle_Pessego,Frutal,FRU_L1,7,-0.0,false,lata
120,Del_Valle_Pessego,Frutal,FRU_L1,8,-0.0,false,lata
120,Del_Valle_Pessego,Frutal,FRU_L1,9,-999999.9805735,false,lata
120,Del_Valle_Pessego,Frutal,FRU_L1,10,-0.0,false,lata
120,Del_Valle_Pessego,Frutal,FRU_L1,11,-0.0,false,lata
120,Del_Valle_Pessego,Frutal,FRU_L1,12,-0.0,false,lata
120,Del_Valle_Pessego,Frutal,FRU_L1,13,-0.0,false,lata
120,Del_Valle_Pessego,Frutal,FRU_L1,14,-999999.4248745997,false,lata
120,Del_Valle_Pessego,Frutal,FRU_L1,15,-0.0,false,lata
120,Del_Valle_Pessego,Frutal,FRU_L2,1,-0.0,false,lata
120,Del_Valle_Pessego,Frutal,FRU_L2,2,-0.0,false,lata
120,Del_Valle_Pessego,Frutal,FRU_L2,3,-0.0,false,lata
120,Del_Valle_Pessego,Frutal,FRU_L2,4,-0.0,false,lata
120,Del_Valle_Pessego,Frutal,FRU_L2,5,-0.0,false,lata
120,Del_Valle_Pessego,Frutal,FRU_L2,6,-0.0,false,lata
120,Del_Valle_Pessego,Frutal,FRU_L2,7,-0.0,false,lata
120,Del_Valle_Pessego,Frutal,FRU_L2,8,-0.0,false,lata
120,Del_Valle_Pessego,Frutal,FRU_L2,9,-0.0,false,lata
120,Del_Valle_Pessego,Frutal,FRU_L2,10,-0.0,false,lata
120,Del_Valle_Pessego,Frutal,FRU_L2,11,-0.0,false,lata
120,Del_Valle_Pessego,Frutal,FRU_L2,12,-0.0,false,lata
120,Del_Valle_Pessego,Frutal,FRU_L2,13,-0.0,false,lata
120,Del_Valle_Pessego,Frutal,FRU_L2,14,-0.0,false,lata
120,Del_Valle_Pessego,Frutal,FRU_L2,15,-0.0,false,lata
120,Del_Valle_Pessego,Frutal,FRU_L3,1,-0.0,false,lata
120,Del_Valle_Pessego,Frutal,FRU_L3,2,-0.0,false,lata
120,Del_Valle_Pessego,Frutal,FRU_L3,3,-0.0,false,lata
120,Del_Valle_Pessego,Frutal,FRU_L3,4,-0.0,false,lata
120,Del_Valle_Pessego,Frutal,FRU_L3,5,-0.0,false,lata
120,Del_Valle_Pessego,Frutal,FRU_L3,6,-0.0,false,lata
120,Del_Valle_Pessego,Frutal,FRU_L3,7,-999999.4391569995,false,lata
120,Del_Valle_Pessego,Frutal,FRU_L3,8,-0.0,false,lata
120,Del_Valle_Pessego,Frutal,FRU_L3,9,-0.0,false,lata
120,Del_Valle_Pessego,Frutal,FRU_L3,10,-0.0,false,lata
120,Del_Valle_Pessego,Frutal,FRU_L3,11,-0.0,false,lata
120,Del_Valle_Pessego,Frutal,FRU_L3,12,-0.0,false,lata
120,Del_Valle_Pessego,Frutal,FRU_L3,13,-0.0,false,lata
120,Del_Valle_Pessego,Frutal,FRU_L3,14,-999999.4248745997,false,lata
120,Del_Valle_Pessego,Frutal,FRU_L3,15,-0.0,false,lata
120,Del_Valle_Pessego,Pouso Alegre,POU_L1,1,-0.0,false,lata
120,Del_Valle_Pessego,Pouso Alegre,POU_L1,2,-0.0,false,lata
120,Del_Valle_Pessego,Pouso Alegre,POU_L1,3,-0.0,false,lata
120,Del_Valle_Pessego,Pouso Alegre,POU_L1,4,-0.0,false,lata
120,Del_Valle_Pessego,Pouso Alegre,POU_L1,5,-0.0,false,lata
120,Del_Valle_Pessego,Pouso Alegre,POU_L1,6,-0.0,false,lata
120,Del_Valle_Pessego,Pouso Alegre,POU_L1,7,-0.0,false,lata
120,Del_Valle_Pessego,Pouso Alegre,POU_L1,8,-0.0,false,lata
120,Del_Valle_Pessego,Pouso Alegre,POU_L1,9,-0.0,false,lata
120,Del_Valle_Pessego,Pouso Alegre,POU_L1,10,-0.0,false,lata
120,Del_Valle_Pessego,Pouso Alegre,POU_L1,11,-0.0,false,lata
120,Del_Valle_Pessego,Pouso Alegre,POU_L1,12,-0.0,false,lata
120,Del_Valle_Pessego,Pouso Alegre,POU_L1,13,-0.0,false,lata
120,Del_Valle_Pessego,Pouso Alegre,POU_L1,14,-0.0,false,lata
120,Del_Valle_Pessego,Pouso Alegre,POU_L1,15,-0.0,false,lata
120,Del_Valle_Pessego,Pouso Alegre,POU_L2,1,-0.0,false,lata
120,Del_Valle_Pessego,Pouso Alegre,POU_L2,2,-0.0,false,lata
120,Del_Valle_Pessego,Pouso Alegre,POU_L2,3,-0.0,false,lata
120,Del_Valle_Pessego,Pouso Alegre,POU_L2,4,-0.0,false,lata
120,Del_Valle_Pessego,Pouso Alegre,POU_L2,5,-0.0,false,lata
120,Del_Valle_Pessego,Pouso Alegre,POU_L2,6,-0.0,false,lata
120,Del_Valle_Pessego,Pouso Alegre,POU_L2,7,-0.0,false,lata
120,Del_Valle_Pessego,Pouso Alegre,POU_L2,8,-0.0,false,lata
120,Del_Valle_Pessego,Pouso Alegre,POU_L2,9,-0.0,false,lata
120,Del_Valle_Pessego,Pouso Alegre,POU_L2,10,-0.0,false,lata
120,Del_Valle_Pessego,Pouso Alegre,POU_L2,11,-0.0,false,lata
120,Del_Valle_Pessego,Pouso Alegre,POU_L2,12,-0.0,false,lata
120,Del_Valle_Pessego,Pouso Alegre,POU_L2,13,-0.0,false,lata
120,Del_Valle_Pessego,Pouso Alegre,POU_L2,14,-0.0,false,lata
120,Del_Valle_Pessego,Pouso Alegre,POU_L2,15,-999999.3708493501,false,lata
120,Del_Valle_Pessego,Pouso Alegre,POU_L3,1,-0.0,false,lata
120,Del_Valle_Pessego,Pouso Alegre,POU_L3,2,-0.0,false,lata
120,Del_Valle_Pessego,Pouso Alegre,POU_L3,3,-0.0,false,lata
120,Del_Valle_Pessego,Pouso Alegre,POU_L3,4,-0.0,false,lata
120,Del_Valle_Pessego,Pouso Alegre,POU_L3,5,-0.0,false,lata
120,Del_Valle_Pessego,Pouso Alegre,POU_L3,6,-0.0,false,lata
120,Del_Valle_Pessego,Pouso Alegre,POU_L3,7,-0.0,false,lata
120,Del_Valle_Pessego,Pouso Alegre,POU_L3,8,-999999.7195341495,false,lata
120,Del_Valle_Pessego,Pouso Alegre,POU_L3,9,-0.0,false,lata
120,Del_Valle_Pessego,Pouso Alegre,POU_L3,10,-0.0,false,lata
120,Del_Valle_Pessego,Pouso Alegre,POU_L3,11,-0.0,false,lata
120,Del_Valle_Pessego,Pouso Alegre,POU_L3,12,-0.0,false,lata
120,Del_Valle_Pessego,Pouso Alegre,POU_L3,13,-0.0,false,lata
120,Del_Valle_Pessego,Pouso Alegre,POU_L3,14,-0.0,false,lata
120,Del_Valle_Pessego,Pouso Alegre,POU_L3,15,-999999.3708493501,false,lata
120,Del_Valle_Pessego,Gama,GAM_L1,1,-0.0,false,lata
120,Del_Valle_Pessego,Gama,GAM_L1,2,-0.0,false,lata
120,Del_Valle_Pessego,Gama,GAM_L1,3,-0.0,false,lata
120,Del_Valle_Pessego,Gama,GAM_L1,4,-0.0,false,lata
120,Del_Valle_Pessego,Gama,GAM_L1,5,-999999.6597239502,false,lata
120,Del_Valle_Pessego,Gama,GAM_L1,6,-0.0,false,lata
120,Del_Valle_Pessego,Gama,GAM_L1,7,-0.0,false,lata
120,Del_Valle_Pessego,Gama,GAM_L1,8,-0.0,false,lata
120,Del_Valle_Pessego,Gama,GAM_L1,9,-0.0,false,lata
120,Del_Valle_Pessego,Gama,GAM_L1,10,-0.0,false,lata
120,Del_Valle_Pessego,Gama,GAM_L1,11,-0.0,false,lata
120,Del_Valle_Pessego,Gama,GAM_L1,12,-0.0,false,lata
120,Del_Valle_Pessego,Gama,GAM_L1,13,-0.0,false,lata
120,Del_Valle_Pessego,Gama,GAM_L1,14,-0.0,false,lata
120,Del_Valle_Pessego,Gama,GAM_L1,15,-0.0,false,lata
120,Del_Valle_Pessego,Gama,GAM_L2,1,-999999.3671478998,false,lata
120,Del_Valle_Pessego,Gama,GAM_L2,2,-999999.6277707499,false,lata
120,Del_Valle_Pessego,Gama,GAM_L2,3,-0.0,false,lata
120,Del_Valle_Pessego,Gama,GAM_L2,4,-0.0,false,lata
120,Del_Valle_Pessego,Gama,GAM_L2,5,-999999.6597239502,false,lata
120,Del_Valle_Pessego,Gama,GAM_L2,6,-0.0,false,lata
120,Del_Valle_Pessego,Gama,GAM_L2,7,-0.0,false,lata
120,Del_Valle_Pessego,Gama,GAM_L2,8,-0.0,false,lata
120,Del_Valle_Pessego,Gama,GAM_L2,9,-1.0e6,false,lata
120,Del_Valle_Pessego,Gama,GAM_L2,10,-0.0,false,lata
120,Del_Valle_Pessego,Gama,GAM_L2,11,-0.0,false,lata
120,Del_Valle_Pessego,Gama,GAM_L2,12,-0.0,false,lata
120,Del_Valle_Pessego,Gama,GAM_L2,13,-0.0,false,lata
120,Del_Valle_Pessego,Gama,GAM_L2,14,-0.0,false,lata
120,Del_Valle_Pessego,Gama,GAM_L2,15,-0.0,false,lata
120,Del_Valle_Pessego,Gama,GAM_L3,1,-0.0,false,lata
120,Del_Valle_Pessego,Gama,GAM_L3,2,-0.0,false,lata
120,Del_Valle_Pessego,Gama,GAM_L3,3,-0.0,false,lata
120,Del_Valle_Pessego,Gama,GAM_L3,4,-0.0,false,lata
120,Del_Valle_Pessego,Gama,GAM_L3,5,-0.0,false,lata
120,Del_Valle_Pessego,Gama,GAM_L3,6,-0.0,false,lata
120,Del_Valle_Pessego,Gama,GAM_L3,7,-0.0,false,lata
120,Del_Valle_Pessego,Gama,GAM_L3,8,-0.0,false,lata
120,Del_Valle_Pessego,Gama,GAM_L3,9,-1.0e6,true,lata
120,Del_Valle_Pessego,Gama,GAM_L3,10,-0.0,false,lata
120,Del_Valle_Pessego,Gama,GAM_L3,11,-0.0,false,lata
120,Del_Valle_Pessego,Gama,GAM_L3,12,-0.0,false,lata
120,Del_Valle_Pessego,Gama,GAM_L3,13,-999999.1821566996,false,lata
120,Del_Valle_Pessego,Gama,GAM_L3,14,-0.0,false,lata
120,Del_Valle_Pessego,Gama,GAM_L3,15,-0.0,false,lata
120,Del_Valle_Pessego,Viamao,VIA_L1,1,-0.0,false,lata
120,Del_Valle_Pessego,Viamao,VIA_L1,2,-0.0,false,lata
120,Del_Valle_Pessego,Viamao,VIA_L1,3,-0.0,false,lata
120,Del_Valle_Pessego,Viamao,VIA_L1,4,-0.0,false,lata
120,Del_Valle_Pessego,Viamao,VIA_L1,5,-0.0,false,lata
120,Del_Valle_Pessego,Viamao,VIA_L1,6,-0.0,false,lata
120,Del_Valle_Pessego,Viamao,VIA_L1,7,-0.0,false,lata
120,Del_Valle_Pessego,Viamao,VIA_L1,8,-0.0,false,lata
120,Del_Valle_Pessego,Viamao,VIA_L1,9,-0.0,false,lata
120,Del_Valle_Pessego,Viamao,VIA_L1,10,-0.0,false,lata
120,Del_Valle_Pessego,Viamao,VIA_L1,11,-0.0,false,lata
120,Del_Valle_Pessego,Viamao,VIA_L1,12,-0.0,false,lata
120,Del_Valle_Pessego,Viamao,VIA_L1,13,-0.0,false,lata
120,Del_Valle_Pessego,Viamao,VIA_L1,14,-0.0,false,lata
120,Del_Valle_Pessego,Viamao,VIA_L1,15,-0.0,false,lata
120,Del_Valle_Pessego,Viamao,VIA_L2,1,-0.0,false,lata
120,Del_Valle_Pessego,Viamao,VIA_L2,2,-0.0,false,lata
120,Del_Valle_Pessego,Viamao,VIA_L2,3,-0.0,false,lata
120,Del_Valle_Pessego,Viamao,VIA_L2,4,-0.0,false,lata
120,Del_Valle_Pessego,Viamao,VIA_L2,5,-0.0,false,lata
120,Del_Valle_Pessego,Viamao,VIA_L2,6,-0.0,false,lata
120,Del_Valle_Pessego,Viamao,VIA_L2,7,-0.0,false,lata
120,Del_Valle_Pessego,Viamao,VIA_L2,8,-0.0,false,lata
120,Del_Valle_Pessego,Viamao,VIA_L2,9,-0.0,false,lata
120,Del_Valle_Pessego,Viamao,VIA_L2,10,-999999.3980699502,false,lata
120,Del_Valle_Pessego,Viamao,VIA_L2,11,-999999.6625716501,false,lata
120,Del_Valle_Pessego,Viamao,VIA_L2,12,-0.0,false,lata
120,Del_Valle_Pessego,Viamao,VIA_L2,13,-0.0,false,lata
120,Del_Valle_Pessego,Viamao,VIA_L2,14,-0.0,false,lata
120,Del_Valle_Pessego,Viamao,VIA_L2,15,-0.0,false,lata
120,Del_Valle_Pessego,Viamao,VIA_L3,1,-0.0,false,lata
120,Del_Valle_Pessego,Viamao,VIA_L3,2,-0.0,false,lata
120,Del_Valle_Pessego,Viamao,VIA_L3,3,-0.0,false,lata
120,Del_Valle_Pessego,Viamao,VIA_L3,4,-0.0,false,lata
120,Del_Valle_Pessego,Viamao,VIA_L3,5,-0.0,false,lata
120,Del_Valle_Pessego,Viamao,VIA_L3,6,-0.0,false,lata
120,Del_Valle_Pessego,Viamao,VIA_L3,7,-0.0,false,lata
120,Del_Valle_Pessego,Viamao,VIA_L3,8,-0.0,false,lata
120,Del_Valle_Pessego,Viamao,VIA_L3,9,-0.0,false,lata
120,Del_Valle_Pessego,Viamao,VIA_L3,10,-0.0,false,lata
120,Del_Valle_Pessego,Viamao,VIA_L3,11,-0.0,false,lata
120,Del_Valle_Pessego,Viamao,VIA_L3,12,-0.0,false,lata
120,Del_Valle_Pessego,Viamao,VIA_L3,13,-0.0,false,lata
120,Del_Valle_Pessego,Viamao,VIA_L3,14,-0.0,false,lata
120,Del_Valle_Pessego,Viamao,VIA_L3,15,-0.0,false,lata
120,Del_Valle_Pessego,Itupeva,ITU_L1,1,-999999.3646128499,false,lata
120,Del_Valle_Pessego,Itupeva,ITU_L1,2,-0.0,false,lata
120,Del_Valle_Pessego,Itupeva,ITU_L1,3,-0.0,false,lata
120,Del_Valle_Pessego,Itupeva,ITU_L1,4,-0.0,false,lata
120,Del_Valle_Pessego,Itupeva,ITU_L1,5,-0.0,false,lata
120,Del_Valle_Pessego,Itupeva,ITU_L1,6,-0.0,false,lata
120,Del_Valle_Pessego,Itupeva,ITU_L1,7,-999999.4560544995,false,lata
120,Del_Valle_Pessego,Itupeva,ITU_L1,8,-0.0,false,lata
120,Del_Valle_Pessego,Itupeva,ITU_L1,9,-0.0,false,lata
120,Del_Valle_Pessego,Itupeva,ITU_L1,10,-0.0,false,lata
120,Del_Valle_Pessego,Itupeva,ITU_L1,11,-999999.6994495501,false,lata
120,Del_Valle_Pessego,Itupeva,ITU_L1,12,-0.0,false,lata
120,Del_Valle_Pessego,Itupeva,ITU_L1,13,-0.0,false,lata
120,Del_Valle_Pessego,Itupeva,ITU_L1,14,-0.0,false,lata
120,Del_Valle_Pessego,Itupeva,ITU_L1,15,-0.0,false,lata
120,Del_Valle_Pessego,Itupeva,ITU_L2,1,-0.0,false,lata
120,Del_Valle_Pessego,Itupeva,ITU_L2,2,-0.0,false,lata
120,Del_Valle_Pessego,Itupeva,ITU_L2,3,-0.0,false,lata
120,Del_Valle_Pessego,Itupeva,ITU_L2,4,-0.0,false,lata
120,Del_Valle_Pessego,Itupeva,ITU_L2,5,-0.0,false,lata
120,Del_Valle_Pessego,Itupeva,ITU_L2,6,-0.0,false,lata
120,Del_Valle_Pessego,Itupeva,ITU_L2,7,-0.0,false,lata
120,Del_Valle_Pessego,Itupeva,ITU_L2,8,-0.0,false,lata
120,Del_Valle_Pessego,Itupeva,ITU_L2,9,-0.0,false,lata
120,Del_Valle_Pessego,Itupeva,ITU_L2,10,-0.0,false,lata
120,Del_Valle_Pessego,Itupeva,ITU_L2,11,-0.0,false,lata
120,Del_Valle_Pessego,Itupeva,ITU_L2,12,-0.0,false,lata
120,Del_Valle_Pessego,Itupeva,ITU_L2,13,-0.0,false,lata
120,Del_Valle_Pessego,Itupeva,ITU_L2,14,-0.0,false,lata
120,Del_Valle_Pessego,Itupeva,ITU_L2,15,-0.0,false,lata
120,Del_Valle_Pessego,Itupeva,ITU_L3,1,-0.0,false,lata
120,Del_Valle_Pessego,Itupeva,ITU_L3,2,-0.0,false,lata
120,Del_Valle_Pessego,Itupeva,ITU_L3,3,-0.0,false,lata
120,Del_Valle_Pessego,Itupeva,ITU_L3,4,-0.0,false,lata
120,Del_Valle_Pessego,Itupeva,ITU_L3,5,-0.0,false,lata
120,Del_Valle_Pessego,Itupeva,ITU_L3,6,-0.0,false,lata
120,Del_Valle_Pessego,Itupeva,ITU_L3,7,-0.0,false,lata
120,Del_Valle_Pessego,Itupeva,ITU_L3,8,-0.0,false,lata
120,Del_Valle_Pessego,Itupeva,ITU_L3,9,-0.0,false,lata
120,Del_Valle_Pessego,Itupeva,ITU_L3,10,-0.0,false,lata
120,Del_Valle_Pessego,Itupeva,ITU_L3,11,-0.0,false,lata
120,Del_Valle_Pessego,Itupeva,ITU_L3,12,-0.0,false,lata
120,Del_Valle_Pessego,Itupeva,ITU_L3,13,-0.0,false,lata
120,Del_Valle_Pessego,Itupeva,ITU_L3,14,-0.0,false,lata
120,Del_Valle_Pessego,Itupeva,ITU_L3,15,-0.0,false,lata
120,Del_Valle_Pessego,Cabo de Santo Agostinho,CAB_L1,1,-0.0,false,lata
120,Del_Valle_Pessego,Cabo de Santo Agostinho,CAB_L1,2,-0.0,false,lata
120,Del_Valle_Pessego,Cabo de Santo Agostinho,CAB_L1,3,-0.0,false,lata
120,Del_Valle_Pessego,Cabo de Santo Agostinho,CAB_L1,4,-0.0,false,lata
120,Del_Valle_Pessego,Cabo de Santo Agostinho,CAB_L1,5,-0.0,false,lata
120,Del_Valle_Pessego,Cabo de Santo Agostinho,CAB_L1,6,-0.0,false,lata
120,Del_Valle_Pessego,Cabo de Santo Agostinho,CAB_L1,7,-0.0,false,lata
120,Del_Valle_Pessego,Cabo de Santo Agostinho,CAB_L1,8,-0.0,false,lata
120,Del_Valle_Pessego,Cabo de Santo Agostinho,CAB_L1,9,-0.0,false,lata
120,Del_Valle_Pessego,Cabo de Santo Agostinho,CAB_L1,10,-0.0,false,lata
120,Del_Valle_Pessego,Cabo de Santo Agostinho,CAB_L1,11,-0.0,false,lata
120,Del_Valle_Pessego,Cabo de Santo Agostinho,CAB_L1,12,-0.0,false,lata
120,Del_Valle_Pessego,Cabo de Santo Agostinho,CAB_L1,13,-0.0,false,lata
120,Del_Valle_Pessego,Cabo de Santo Agostinho,CAB_L1,14,-0.0,false,lata
120,Del_Valle_Pessego,Cabo de Santo Agostinho,CAB_L1,15,-0.0,false,lata
120,Del_Valle_Pessego,Cabo de Santo Agostinho,CAB_L2,1,-0.0,false,lata
120,Del_Valle_Pessego,Cabo de Santo Agostinho,CAB_L2,2,-0.0,false,lata
120,Del_Valle_Pessego,Cabo de Santo Agostinho,CAB_L2,3,-0.0,false,lata
120,Del_Valle_Pessego,Cabo de Santo Agostinho,CAB_L2,4,-999999.4588178003,false,lata
120,Del_Valle_Pessego,Cabo de Santo Agostinho,CAB_L2,5,-0.0,false,lata
120,Del_Valle_Pessego,Cabo de Santo Agostinho,CAB_L2,6,-0.0,false,lata
120,Del_Valle_Pessego,Cabo de Santo Agostinho,CAB_L2,7,-0.0,false,lata
120,Del_Valle_Pessego,Cabo de Santo Agostinho,CAB_L2,8,-999999.8016554994,false,lata
120,Del_Valle_Pessego,Cabo de Santo Agostinho,CAB_L2,9,-0.0,false,lata
120,Del_Valle_Pessego,Cabo de Santo Agostinho,CAB_L2,10,-0.0,false,lata
120,Del_Valle_Pessego,Cabo de Santo Agostinho,CAB_L2,11,-999999.7806471501,false,lata
120,Del_Valle_Pessego,Cabo de Santo Agostinho,CAB_L2,12,-0.0,false,lata
120,Del_Valle_Pessego,Cabo de Santo Agostinho,CAB_L2,13,-0.0,false,lata
120,Del_Valle_Pessego,Cabo de Santo Agostinho,CAB_L2,14,-0.0,false,lata
120,Del_Valle_Pessego,Cabo de Santo Agostinho,CAB_L2,15,-0.0,false,lata
120,Del_Valle_Pessego,Cabo de Santo Agostinho,CAB_L3,1,-0.0,false,lata
120,Del_Valle_Pessego,Cabo de Santo Agostinho,CAB_L3,2,-999999.6844500499,false,lata
120,Del_Valle_Pessego,Cabo de Santo Agostinho,CAB_L3,3,-0.0,false,lata
120,Del_Valle_Pessego,Cabo de Santo Agostinho,CAB_L3,4,-0.0,false,lata
120,Del_Valle_Pessego,Cabo de Santo Agostinho,CAB_L3,5,-0.0,false,lata
120,Del_Valle_Pessego,Cabo de Santo Agostinho,CAB_L3,6,-0.0,false,lata
120,Del_Valle_Pessego,Cabo de Santo Agostinho,CAB_L3,7,-0.0,false,lata
120,Del_Valle_Pessego,Cabo de Santo Agostinho,CAB_L3,8,-0.0,false,lata
120,Del_Valle_Pessego,Cabo de Santo Agostinho,CAB_L3,9,-0.0,false,lata
120,Del_Valle_Pessego,Cabo de Santo Agostinho,CAB_L3,10,-0.0,false,lata
120,Del_Valle_Pessego,Cabo de Santo Agostinho,CAB_L3,11,-0.0,false,lata
120,Del_Valle_Pessego,Cabo de Santo Agostinho,CAB_L3,12,-0.0,false,lata
120,Del_Valle_Pessego,Cabo de Santo Agostinho,CAB_L3,13,-0.0,false,lata
120,Del_Valle_Pessego,Cabo de Santo Agostinho,CAB_L3,14,-0.0,false,lata
120,Del_Valle_Pessego,Cabo de Santo Agostinho,CAB_L3,15,-0.0,false,lata
120,Maguary_Caju,Jacarei,JAC_L1,1,-0.0,false,lata
120,Maguary_Caju,Jacarei,JAC_L1,2,-0.0,false,lata
120,Maguary_Caju,Jacarei,JAC_L1,3,-0.0,false,lata
120,Maguary_Caju,Jacarei,JAC_L1,4,-0.0,false,lata
120,Maguary_Caju,Jacarei,JAC_L1,5,-0.0,false,lata
120,Maguary_Caju,Jacarei,JAC_L1,6,-0.0,false,lata
120,Maguary_Caju,Jacarei,JAC_L1,7,-0.0,false,lata
120,Maguary_Caju,Jacarei,JAC_L1,8,-0.0,false,lata
120,Maguary_Caju,Jacarei,JAC_L1,9,-0.0,false,lata
120,Maguary_Caju,Jacarei,JAC_L1,10,-0.0,false,lata
120,Maguary_Caju,Jacarei,JAC_L1,11,-0.0,false,lata
120,Maguary_Caju,Jacarei,JAC_L1,12,-1.0e6,true,lata
120,Maguary_Caju,Jacarei,JAC_L1,13,-0.0,false,lata
120,Maguary_Caju,Jacarei,JAC_L1,14,-0.0,false,lata
120,Maguary_Caju,Jacarei,JAC_L1,15,-0.0,false,lata
120,Maguary_Caju,Jacarei,JAC_L2,1,-0.0,false,lata
120,Maguary_Caju,Jacarei,JAC_L2,2,-1.0e6,true,lata
120,Maguary_Caju,Jacarei,JAC_L2,3,-0.0,false,lata
120,Maguary_Caju,Jacarei,JAC_L2,4,-0.0,false,lata
120,Maguary_Caju,Jacarei,JAC_L2,5,-0.0,false,lata
120,Maguary_Caju,Jacarei,JAC_L2,6,-0.0,false,lata
120,Maguary_Caju,Jacarei,JAC_L2,7,-0.0,false,lata
120,Maguary_Caju,Jacarei,JAC_L2,8,-0.0,false,lata
120,Maguary_Caju,Jacarei,JAC_L2,9,-0.0,false,lata
120,Maguary_Caju,Jacarei,JAC_L2,10,-0.0,false,lata
120,Maguary_Caju,Jacarei,JAC_L2,11,-0.0,false,lata
120,Maguary_Caju,Jacarei,JAC_L2,12,-0.0,false,lata
120,Maguary_Caju,Jacarei,JAC_L2,13,-0.0,false,lata
120,Maguary_Caju,Jacarei,JAC_L2,14,-999999.8579357998,false,lata
120,Maguary_Caju,Jacarei,JAC_L2,15,-1.0e6,true,lata
120,Maguary_Caju,Jacarei,JAC_L3,1,-0.0,false,lata
120,Maguary_Caju,Jacarei,JAC_L3,2,-0.0,false,lata
120,Maguary_Caju,Jacarei,JAC_L3,3,-0.0,false,lata
120,Maguary_Caju,Jacarei,JAC_L3,4,-0.0,false,lata
120,Maguary_Caju,Jacarei,JAC_L3,5,-0.0,false,lata
120,Maguary_Caju,Jacarei,JAC_L3,6,-0.0,false,lata
120,Maguary_Caju,Jacarei,JAC_L3,7,-0.0,false,lata
120,Maguary_Caju,Jacarei,JAC_L3,8,-0.0,false,lata
120,Maguary_Caju,Jacarei,JAC_L3,9,-0.0,false,lata
120,Maguary_Caju,Jacarei,JAC_L3,10,-1.0e6,true,lata
120,Maguary_Caju,Jacarei,JAC_L3,11,-0.0,false,lata
120,Maguary_Caju,Jacarei,JAC_L3,12,-0.0,false,lata
120,Maguary_Caju,Jacarei,JAC_L3,13,-0.0,false,lata
120,Maguary_Caju,Jacarei,JAC_L3,14,-999999.8633074998,false,lata
120,Maguary_Caju,Jacarei,JAC_L3,15,-0.0,false,lata
120,Maguary_Caju,Extrema,EXT_L1,1,-0.0,false,lata
120,Maguary_Caju,Extrema,EXT_L1,2,-0.0,false,lata
120,Maguary_Caju,Extrema,EXT_L1,3,-0.0,false,lata
120,Maguary_Caju,Extrema,EXT_L1,4,-0.0,false,lata
120,Maguary_Caju,Extrema,EXT_L1,5,-0.0,false,lata
120,Maguary_Caju,Extrema,EXT_L1,6,-0.0,false,lata
120,Maguary_Caju,Extrema,EXT_L1,7,-0.0,false,lata
120,Maguary_Caju,Extrema,EXT_L1,8,-0.0,false,lata
120,Maguary_Caju,Extrema,EXT_L1,9,-1.0e6,true,lata
120,Maguary_Caju,Extrema,EXT_L1,10,-0.0,false,lata
120,Maguary_Caju,Extrema,EXT_L1,11,-0.0,false,lata
120,Maguary_Caju,Extrema,EXT_L1,12,-0.0,false,lata
120,Maguary_Caju,Extrema,EXT_L1,13,-0.0,false,lata
120,Maguary_Caju,Extrema,EXT_L1,14,-0.0,false,lata
120,Maguary_Caju,Extrema,EXT_L1,15,-0.0,false,lata
120,Maguary_Caju,Extrema,EXT_L2,1,-0.0,false,lata
120,Maguary_Caju,Extrema,EXT_L2,2,-0.0,false,lata
120,Maguary_Caju,Extrema,EXT_L2,3,-0.0,false,lata
120,Maguary_Caju,Extrema,EXT_L2,4,-999999.94836165,false,lata
120,Maguary_Caju,Extrema,EXT_L2,5,-0.0,false,lata
120,Maguary_Caju,Extrema,EXT_L2,6,-0.0,false,lata
120,Maguary_Caju,Extrema,EXT_L2,7,-0.0,false,lata
120,Maguary_Caju,Extrema,EXT_L2,8,-0.0,false,lata
120,Maguary_Caju,Extrema,EXT_L2,9,-0.0,false,lata
120,Maguary_Caju,Extrema,EXT_L2,10,-0.0,false,lata
120,Maguary_Caju,Extrema,EXT_L2,11,-0.0,false,lata
120,Maguary_Caju,Extrema,EXT_L2,12,-0.0,false,lata
120,Maguary_Caju,Extrema,EXT_L2,13,-0.0,false,lata
120,Maguary_Caju,Extrema,EXT_L2,14,-0.0,false,lata
120,Maguary_Caju,Extrema,EXT_L2,15,-0.0,false,lata
120,Maguary_Caju,Extrema,EXT_L3,1,-0.0,false,lata
120,Maguary_Caju,Extrema,EXT_L3,2,-0.0,false,lata
120,Maguary_Caju,Extrema,EXT_L3,3,-0.0,false,lata
120,Maguary_Caju,Extrema,EXT_L3,4,-0.0,false,lata
120,Maguary_Caju,Extrema,EXT_L3,5,-0.0,false,lata
120,Maguary_Caju,Extrema,EXT_L3,6,-0.0,false,lata
120,Maguary_Caju,Extrema,EXT_L3,7,-0.0,false,lata
120,Maguary_Caju,Extrema,EXT_L3,8,-0.0,false,lata
120,Maguary_Caju,Extrema,EXT_L3,9,-0.0,false,lata
120,Maguary_Caju,Extrema,EXT_L3,10,-0.0,false,lata
120,Maguary_Caju,Extrema,EXT_L3,11,-0.0,false,lata
120,Maguary_Caju,Extrema,EXT_L3,12,-0.0,false,lata
120,Maguary_Caju,Extrema,EXT_L3,13,-1.0e6,true,lata
120,Maguary_Caju,Extrema,EXT_L3,14,-0.0,false,lata
120,Maguary_Caju,Extrema,EXT_L3,15,-0.0,false,lata
120,Maguary_Caju,Tres Rios,TRE_L1,1,-0.0,false,lata
120,Maguary_Caju,Tres Rios,TRE_L1,2,-0.0,false,lata
120,Maguary_Caju,Tres Rios,TRE_L1,3,-0.0,false,lata
120,Maguary_Caju,Tres Rios,TRE_L1,4,-0.0,false,lata
120,Maguary_Caju,Tres Rios,TRE_L1,5,-0.0,false,lata
120,Maguary_Caju,Tres Rios,TRE_L1,6,-0.0,false,lata
120,Maguary_Caju,Tres Rios,TRE_L1,7,-999999.9736607001,false,lata
120,Maguary_Caju,Tres Rios,TRE_L1,8,-0.0,false,lata
120,Maguary_Caju,Tres Rios,TRE_L1,9,-0.0,false,lata
120,Maguary_Caju,Tres Rios,TRE_L1,10,-0.0,false,lata
120,Maguary_Caju,Tres Rios,TRE_L1,11,-0.0,false,lata
120,Maguary_Caju,Tres Rios,TRE_L1,12,-0.0,false,lata
120,Maguary_Caju,Tres Rios,TRE_L1,13,-1.0e6,true,lata
120,Maguary_Caju,Tres Rios,TRE_L1,14,-0.0,false,lata
120,Maguary_Caju,Tres Rios,TRE_L1,15,-0.0,false,lata
120,Maguary_Caju,Tres Rios,TRE_L2,1,-0.0,false,lata
120,Maguary_Caju,Tres Rios,TRE_L2,2,-0.0,false,lata
120,Maguary_Caju,Tres Rios,TRE_L2,3,-0.0,false,lata
120,Maguary_Caju,Tres Rios,TRE_L2,4,-0.0,false,lata
120,Maguary_Caju,Tres Rios,TRE_L2,5,-0.0,false,lata
120,Maguary_Caju,Tres Rios,TRE_L2,6,-0.0,false,lata
120,Maguary_Caju,Tres Rios,TRE_L2,7,-0.0,false,lata
120,Maguary_Caju,Tres Rios,TRE_L2,8,-1.0e6,true,lata
120,Maguary_Caju,Tres Rios,TRE_L2,9,-0.0,false,lata
120,Maguary_Caju,Tres Rios,TRE_L2,10,-0.0,false,lata
120,Maguary_Caju,Tres Rios,TRE_L2,11,-0.0,false,lata
120,Maguary_Caju,Tres Rios,TRE_L2,12,-0.0,false,lata
120,Maguary_Caju,Tres Rios,TRE_L2,13,-0.0,false,lata
120,Maguary_Caju,Tres Rios,TRE_L2,14,-0.0,false,lata
120,Maguary_Caju,Tres Rios,TRE_L2,15,-0.0,false,lata
120,Maguary_Caju,Tres Rios,TRE_L3,1,-0.0,false,lata
120,Maguary_Caju,Tres Rios,TRE_L3,2,-0.0,false,lata
120,Maguary_Caju,Tres Rios,TRE_L3,3,-0.0,false,lata
120,Maguary_Caju,Tres Rios,TRE_L3,4,-0.0,false,lata
120,Maguary_Caju,Tres Rios,TRE_L3,5,-0.0,false,lata
120,Maguary_Caju,Tres Rios,TRE_L3,6,-0.0,false,lata
120,Maguary_Caju,Tres Rios,TRE_L3,7,-0.0,false,lata
120,Maguary_Caju,Tres Rios,TRE_L3,8,-1.0e6,true,lata
120,Maguary_Caju,Tres Rios,TRE_L3,9,-0.0,false,lata
120,Maguary_Caju,Tres Rios,TRE_L3,10,-0.0,false,lata
120,Maguary_Caju,Tres Rios,TRE_L3,11,-0.0,false,lata
120,Maguary_Caju,Tres Rios,TRE_L3,12,-0.0,false,lata
120,Maguary_Caju,Tres Rios,TRE_L3,13,-0.0,false,lata
120,Maguary_Caju,Tres Rios,TRE_L3,14,-0.0,false,lata
120,Maguary_Caju,Tres Rios,TRE_L3,15,-1.0e6,true,lata
120,Maguary_Caju,Alagoinhas,ALA_L1,1,-0.0,false,lata
120,Maguary_Caju,Alagoinhas,ALA_L1,2,-0.0,false,lata
120,Maguary_Caju,Alagoinhas,ALA_L1,3,-0.0,false,lata
120,Maguary_Caju,Alagoinhas,ALA_L1,4,-0.0,false,lata
120,Maguary_Caju,Alagoinhas,ALA_L1,5,-0.0,false,lata
120,Maguary_Caju,Alagoinhas,ALA_L1,6,-0.0,false,lata
120,Maguary_Caju,Alagoinhas,ALA_L1,7,-0.0,false,lata
120,Maguary_Caju,Alagoinhas,ALA_L1,8,-0.0,false,lata
120,Maguary_Caju,Alagoinhas,ALA_L1,9,-0.0,false,lata
120,Maguary_Caju,Alagoinhas,ALA_L1,10,-0.0,false,lata
120,Maguary_Caju,Alagoinhas,ALA_L1,11,-0.0,false,lata
120,Maguary_Caju,Alagoinhas,ALA_L1,12,-0.0,false,lata
120,Maguary_Caju,Alagoinhas,ALA_L1,13,-1.0e6,true,lata
120,Maguary_Caju,Alagoinhas,ALA_L1,14,-0.0,false,lata
120,Maguary_Caju,Alagoinhas,ALA_L1,15,-0.0,false,lata
120,Maguary_Caju,Alagoinhas,ALA_L2,1,-0.0,false,lata
120,Maguary_Caju,Alagoinhas,ALA_L2,2,-0.0,false,lata
120,Maguary_Caju,Alagoinhas,ALA_L2,3,-0.0,false,lata
120,Maguary_Caju,Alagoinhas,ALA_L2,4,-0.0,false,lata
120,Maguary_Caju,Alagoinhas,ALA_L2,5,-0.0,false,lata
120,Maguary_Caju,Alagoinhas,ALA_L2,6,-0.0,false,lata
120,Maguary_Caju,Alagoinhas,ALA_L2,7,-0.0,false,lata
120,Maguary_Caju,Alagoinhas,ALA_L2,8,-0.0,false,lata
120,Maguary_Caju,Alagoinhas,ALA_L2,9,-0.0,false,lata
120,Maguary_Caju,Alagoinhas,ALA_L2,10,-0.0,false,lata
120,Maguary_Caju,Alagoinhas,ALA_L2,11,-0.0,false,lata
120,Maguary_Caju,Alagoinhas,ALA_L2,12,-0.0,false,lata
120,Maguary_Caju,Alagoinhas,ALA_L2,13,-0.0,false,lata
120,Maguary_Caju,Alagoinhas,ALA_L2,14,-0.0,false,lata
120,Maguary_Caju,Alagoinhas,ALA_L2,15,-0.0,false,lata
120,Maguary_Caju,Alagoinhas,ALA_L3,1,-0.0,false,lata
120,Maguary_Caju,Alagoinhas,ALA_L3,2,-0.0,false,lata
120,Maguary_Caju,Alagoinhas,ALA_L3,3,-0.0,false,lata
120,Maguary_Caju,Alagoinhas,ALA_L3,4,-0.0,false,lata
120,Maguary_Caju,Alagoinhas,ALA_L3,5,-0.0,false,lata
120,Maguary_Caju,Alagoinhas,ALA_L3,6,-0.0,false,lata
120,Maguary_Caju,Alagoinhas,ALA_L3,7,-0.0,false,lata
120,Maguary_Caju,Alagoinhas,ALA_L3,8,-0.0,false,lata
120,Maguary_Caju,Alagoinhas,ALA_L3,9,-0.0,false,lata
120,Maguary_Caju,Alagoinhas,ALA_L3,10,-0.0,false,lata
120,Maguary_Caju,Alagoinhas,ALA_L3,11,-0.0,false,lata
120,Maguary_Caju,Alagoinhas,ALA_L3,12,-0.0,false,lata
120,Maguary_Caju,Alagoinhas,ALA_L3,13,-0.0,false,lata
120,Maguary_Caju,Alagoinhas,ALA_L3,14,-0.0,false,lata
120,Maguary_Caju,Alagoinhas,ALA_L3,15,-0.0,false,lata
120,Maguary_Caju,Frutal,FRU_L1,1,-999999.88708005,false,lata
120,Maguary_Caju,Frutal,FRU_L1,2,-0.0,false,lata
120,Maguary_Caju,Frutal,FRU_L1,3,-0.0,false,lata
120,Maguary_Caju,Frutal,FRU_L1,4,-0.0,false,lata
120,Maguary_Caju,Frutal,FRU_L1,5,-0.0,false,lata
120,Maguary_Caju,Frutal,FRU_L1,6,-0.0,false,lata
120,Maguary_Caju,Frutal,FRU_L1,7,-0.0,false,lata
120,Maguary_Caju,Frutal,FRU_L1,8,-0.0,false,lata
120,Maguary_Caju,Frutal,FRU_L1,9,-0.0,false,lata
120,Maguary_Caju,Frutal,FRU_L1,10,-0.0,false,lata
120,Maguary_Caju,Frutal,FRU_L1,11,-0.0,false,lata
120,Maguary_Caju,Frutal,FRU_L1,12,-0.0,false,lata
120,Maguary_Caju,Frutal,FRU_L1,13,-0.0,false,lata
120,Maguary_Caju,Frutal,FRU_L1,14,-0.0,false,lata
120,Maguary_Caju,Frutal,FRU_L1,15,-0.0,false,lata
120,Maguary_Caju,Frutal,FRU_L2,1,-0.0,false,lata
120,Maguary_Caju,Frutal,FRU_L2,2,-0.0,false,lata
120,Maguary_Caju,Frutal,FRU_L2,3,-0.0,false,lata
120,Maguary_Caju,Frutal,FRU_L2,4,-0.0,false,lata
120,Maguary_Caju,Frutal,FRU_L2,5,-0.0,false,lata
120,Maguary_Caju,Frutal,FRU_L2,6,-0.0,false,lata
120,Maguary_Caju,Frutal,FRU_L2,7,-0.0,false,lata
120,Maguary_Caju,Frutal,FRU_L2,8,-0.0,false,lata
120,Maguary_Caju,Frutal,FRU_L2,9,-0.0,false,lata
120,Maguary_Caju,Frutal,FRU_L2,10,-0.0,false,lata
120,Maguary_Caju,Frutal,FRU_L2,11,-0.0,false,lata
120,Maguary_Caju,Frutal,FRU_L2,12,-0.0,false,lata
120,Maguary_Caju,Frutal,FRU_L2,13,-0.0,false,lata
120,Maguary_Caju,Frutal,FRU_L2,14,-0.0,false,lata
120,Maguary_Caju,Frutal,FRU_L2,15,-0.0,false,lata
120,Maguary_Caju,Frutal,FRU_L3,1,-0.0,false,lata
120,Maguary_Caju,Frutal,FRU_L3,2,-0.0,false,lata
120,Maguary_Caju,Frutal,FRU_L3,3,-0.0,false,lata
120,Maguary_Caju,Frutal,FRU_L3,4,-0.0,false,lata
120,Maguary_Caju,Frutal,FRU_L3,5,-0.0,false,lata
120,Maguary_Caju,Frutal,FRU_L3,6,-0.0,false,lata
120,Maguary_Caju,Frutal,FRU_L3,7,-0.0,false,lata
120,Maguary_Caju,Frutal,FRU_L3,8,-0.0,false,lata
120,Maguary_Caju,Frutal,FRU_L3,9,-0.0,false,lata
120,Maguary_Caju,Frutal,FRU_L3,10,-0.0,false,lata
120,Maguary_Caju,Frutal,FRU_L3,11,-0.0,false,lata
120,Maguary_Caju,Frutal,FRU_L3,12,-0.0,false,lata
120,Maguary_Caju,Frutal,FRU_L3,13,-0.0,false,lata
120,Maguary_Caju,Frutal,FRU_L3,14,-0.0,false,lata
120,Maguary_Caju,Frutal,FRU_L3,15,-0.0,false,lata
120,Maguary_Caju,Pouso Alegre,POU_L1,1,-0.0,false,lata
120,Maguary_Caju,Pouso Alegre,POU_L1,2,-999999.9986298501,false,lata
120,Maguary_Caju,Pouso Alegre,POU_L1,3,-0.0,false,lata
120,Maguary_Caju,Pouso Alegre,POU_L1,4,-0.0,false,lata
120,Maguary_Caju,Pouso Alegre,POU_L1,5,-0.0,false,lata
120,Maguary_Caju,Pouso Alegre,POU_L1,6,-0.0,false,lata
120,Maguary_Caju,Pouso Alegre,POU_L1,7,-0.0,false,lata
120,Maguary_Caju,Pouso Alegre,POU_L1,8,-0.0,false,lata
120,Maguary_Caju,Pouso Alegre,POU_L1,9,-0.0,false,lata
120,Maguary_Caju,Pouso Alegre,POU_L1,10,-0.0,false,lata
120,Maguary_Caju,Pouso Alegre,POU_L1,11,-0.0,false,lata
120,Maguary_Caju,Pouso Alegre,POU_L1,12,-0.0,false,lata
120,Maguary_Caju,Pouso Alegre,POU_L1,13,-0.0,false,lata
120,Maguary_Caju,Pouso Alegre,POU_L1,14,-0.0,false,lata
120,Maguary_Caju,Pouso Alegre,POU_L1,15,-1.0e6,true,lata
120,Maguary_Caju,Pouso Alegre,POU_L2,1,-0.0,false,lata
120,Maguary_Caju,Pouso Alegre,POU_L2,2,-0.0,false,lata
120,Maguary_Caju,Pouso Alegre,POU_L2,3,-0.0,false,lata
120,Maguary_Caju,Pouso Alegre,POU_L2,4,-0.0,false,lata
120,Maguary_Caju,Pouso Alegre,POU_L2,5,-0.0,false,lata
120,Maguary_Caju,Pouso Alegre,POU_L2,6,-0.0,false,lata
120,Maguary_Caju,Pouso Alegre,POU_L2,7,-999999.9617513501,false,lata
120,Maguary_Caju,Pouso Alegre,POU_L2,8,-0.0,false,lata
120,Maguary_Caju,Pouso Alegre,POU_L2,9,-0.0,false,lata
120,Maguary_Caju,Pouso Alegre,POU_L2,10,-0.0,false,lata
120,Maguary_Caju,Pouso Alegre,POU_L2,11,-0.0,false,lata
120,Maguary_Caju,Pouso Alegre,POU_L2,12,-0.0,false,lata
120,Maguary_Caju,Pouso Alegre,POU_L2,13,-0.0,false,lata
120,Maguary_Caju,Pouso Alegre,POU_L2,14,-0.0,false,lata
120,Maguary_Caju,Pouso Alegre,POU_L2,15,-0.0,false,lata
120,Maguary_Caju,Pouso Alegre,POU_L3,1,-0.0,false,lata
120,Maguary_Caju,Pouso Alegre,POU_L3,2,-0.0,false,lata
120,Maguary_Caju,Pouso Alegre,POU_L3,3,-0.0,false,lata
120,Maguary_Caju,Pouso Alegre,POU_L3,4,-0.0,false,lata
120,Maguary_Caju,Pouso Alegre,POU_L3,5,-0.0,false,lata
120,Maguary_Caju,Pouso Alegre,POU_L3,6,-0.0,false,lata
120,Maguary_Caju,Pouso Alegre,POU_L3,7,-0.0,false,lata
120,Maguary_Caju,Pouso Alegre,POU_L3,8,-0.0,false,lata
120,Maguary_Caju,Pouso Alegre,POU_L3,9,-0.0,false,lata
120,Maguary_Caju,Pouso Alegre,POU_L3,10,-0.0,false,lata
120,Maguary_Caju,Pouso Alegre,POU_L3,11,-0.0,false,lata
120,Maguary_Caju,Pouso Alegre,POU_L3,12,-0.0,false,lata
120,Maguary_Caju,Pouso Alegre,POU_L3,13,-0.0,false,lata
120,Maguary_Caju,Pouso Alegre,POU_L3,14,-0.0,false,lata
120,Maguary_Caju,Pouso Alegre,POU_L3,15,-0.0,false,lata
120,Maguary_Caju,Gama,GAM_L1,1,-0.0,false,lata
120,Maguary_Caju,Gama,GAM_L1,2,-0.0,false,lata
120,Maguary_Caju,Gama,GAM_L1,3,-0.0,false,lata
120,Maguary_Caju,Gama,GAM_L1,4,-0.0,false,lata
120,Maguary_Caju,Gama,GAM_L1,5,-0.0,false,lata
120,Maguary_Caju,Gama,GAM_L1,6,-0.0,false,lata
120,Maguary_Caju,Gama,GAM_L1,7,-0.0,false,lata
120,Maguary_Caju,Gama,GAM_L1,8,-0.0,false,lata
120,Maguary_Caju,Gama,GAM_L1,9,-0.0,false,lata
120,Maguary_Caju,Gama,GAM_L1,10,-0.0,false,lata
120,Maguary_Caju,Gama,GAM_L1,11,-0.0,false,lata
120,Maguary_Caju,Gama,GAM_L1,12,-0.0,false,lata
120,Maguary_Caju,Gama,GAM_L1,13,-0.0,false,lata
120,Maguary_Caju,Gama,GAM_L1,14,-0.0,false,lata
120,Maguary_Caju,Gama,GAM_L1,15,-0.0,false,lata
120,Maguary_Caju,Gama,GAM_L2,1,-0.0,false,lata
120,Maguary_Caju,Gama,GAM_L2,2,-999999.9864918501,false,lata
120,Maguary_Caju,Gama,GAM_L2,3,-0.0,false,lata
120,Maguary_Caju,Gama,GAM_L2,4,-0.0,false,lata
120,Maguary_Caju,Gama,GAM_L2,5,-0.0,false,lata
120,Maguary_Caju,Gama,GAM_L2,6,-0.0,false,lata
120,Maguary_Caju,Gama,GAM_L2,7,-0.0,false,lata
120,Maguary_Caju,Gama,GAM_L2,8,-0.0,false,lata
120,Maguary_Caju,Gama,GAM_L2,9,-0.0,false,lata
120,Maguary_Caju,Gama,GAM_L2,10,-0.0,false,lata
120,Maguary_Caju,Gama,GAM_L2,11,-0.0,false,lata
120,Maguary_Caju,Gama,GAM_L2,12,-0.0,false,lata
120,Maguary_Caju,Gama,GAM_L2,13,-0.0,false,lata
120,Maguary_Caju,Gama,GAM_L2,14,-0.0,false,lata
120,Maguary_Caju,Gama,GAM_L2,15,-1.0e6,true,lata
120,Maguary_Caju,Gama,GAM_L3,1,-0.0,false,lata
120,Maguary_Caju,Gama,GAM_L3,2,-0.0,false,lata
120,Maguary_Caju,Gama,GAM_L3,3,-0.0,false,lata
120,Maguary_Caju,Gama,GAM_L3,4,-0.0,false,lata
120,Maguary_Caju,Gama,GAM_L3,5,-0.0,false,lata
120,Maguary_Caju,Gama,GAM_L3,6,-0.0,false,lata
120,Maguary_Caju,Gama,GAM_L3,7,-0.0,false,lata
120,Maguary_Caju,Gama,GAM_L3,8,-0.0,false,lata
120,Maguary_Caju,Gama,GAM_L3,9,-0.0,false,lata
120,Maguary_Caju,Gama,GAM_L3,10,-0.0,false,lata
120,Maguary_Caju,Gama,GAM_L3,11,-0.0,false,lata
120,Maguary_Caju,Gama,GAM_L3,12,-0.0,false,lata
120,Maguary_Caju,Gama,GAM_L3,13,-0.0,false,lata
120,Maguary_Caju,Gama,GAM_L3,14,-0.0,false,lata
120,Maguary_Caju,Gama,GAM_L3,15,-0.0,false,lata
120,Maguary_Caju,Viamao,VIA_L1,1,-999999.910158,false,lata
120,Maguary_Caju,Viamao,VIA_L1,2,-0.0,false,lata
120,Maguary_Caju,Viamao,VIA_L1,3,-0.0,false,lata
120,Maguary_Caju,Viamao,VIA_L1,4,-0.0,false,lata
120,Maguary_Caju,Viamao,VIA_L1,5,-999999.8326099999,false,lata
120,Maguary_Caju,Viamao,VIA_L1,6,-0.0,false,lata
120,Maguary_Caju,Viamao,VIA_L1,7,-1.0e6,true,lata
120,Maguary_Caju,Viamao,VIA_L1,8,-0.0,false,lata
120,Maguary_Caju,Viamao,VIA_L1,9,-0.0,false,lata
120,Maguary_Caju,Viamao,VIA_L1,10,-0.0,false,lata
120,Maguary_Caju,Viamao,VIA_L1,11,-0.0,false,lata
120,Maguary_Caju,Viamao,VIA_L1,12,-0.0,false,lata
120,Maguary_Caju,Viamao,VIA_L1,13,-0.0,false,lata
120,Maguary_Caju,Viamao,VIA_L1,14,-0.0,false,lata
120,Maguary_Caju,Viamao,VIA_L1,15,-0.0,false,lata
120,Maguary_Caju,Viamao,VIA_L2,1,-0.0,false,lata
120,Maguary_Caju,Viamao,VIA_L2,2,-0.0,false,lata
120,Maguary_Caju,Viamao,VIA_L2,3,-0.0,false,lata
120,Maguary_Caju,Viamao,VIA_L2,4,-999999.98464065,false,lata
120,Maguary_Caju,Viamao,VIA_L2,5,-0.0,false,lata
120,Maguary_Caju,Viamao,VIA_L2,6,-0.0,false,lata
120,Maguary_Caju,Viamao,VIA_L2,7,-0.0,false,lata
120,Maguary_Caju,Viamao,VIA_L2,8,-0.0,false,lata
120,Maguary_Caju,Viamao,VIA_L2,9,-0.0,false,lata
120,Maguary_Caju,Viamao,VIA_L2,10,-0.0,false,lata
120,Maguary_Caju,Viamao,VIA_L2,11,-0.0,false,lata
120,Maguary_Caju,Viamao,VIA_L2,12,-0.0,false,lata
120,Maguary_Caju,Viamao,VIA_L2,13,-0.0,false,lata
120,Maguary_Caju,Viamao,VIA_L2,14,-0.0,false,lata
120,Maguary_Caju,Viamao,VIA_L2,15,-0.0,false,lata
120,Maguary_Caju,Viamao,VIA_L3,1,-0.0,false,lata
120,Maguary_Caju,Viamao,VIA_L3,2,-1.0e6,true,lata
120,Maguary_Caju,Viamao,VIA_L3,3,-0.0,false,lata
120,Maguary_Caju,Viamao,VIA_L3,4,-0.0,false,lata
120,Maguary_Caju,Viamao,VIA_L3,5,-0.0,false,lata
120,Maguary_Caju,Viamao,VIA_L3,6,-0.0,false,lata
120,Maguary_Caju,Viamao,VIA_L3,7,-0.0,false,lata
120,Maguary_Caju,Viamao,VIA_L3,8,-1.0e6,true,lata
120,Maguary_Caju,Viamao,VIA_L3,9,-0.0,false,lata
120,Maguary_Caju,Viamao,VIA_L3,10,-0.0,false,lata
120,Maguary_Caju,Viamao,VIA_L3,11,-0.0,false,lata
120,Maguary_Caju,Viamao,VIA_L3,12,-0.0,false,lata
120,Maguary_Caju,Viamao,VIA_L3,13,-0.0,false,lata
120,Maguary_Caju,Viamao,VIA_L3,14,-0.0,false,lata
120,Maguary_Caju,Viamao,VIA_L3,15,-0.0,false,lata
120,Maguary_Caju,Itupeva,ITU_L1,1,-0.0,false,lata
120,Maguary_Caju,Itupeva,ITU_L1,2,-0.0,false,lata
120,Maguary_Caju,Itupeva,ITU_L1,3,-0.0,false,lata
120,Maguary_Caju,Itupeva,ITU_L1,4,-0.0,false,lata
120,Maguary_Caju,Itupeva,ITU_L1,5,-0.0,false,lata
120,Maguary_Caju,Itupeva,ITU_L1,6,-0.0,false,lata
120,Maguary_Caju,Itupeva,ITU_L1,7,-0.0,false,lata
120,Maguary_Caju,Itupeva,ITU_L1,8,-0.0,false,lata
120,Maguary_Caju,Itupeva,ITU_L1,9,-0.0,false,lata
120,Maguary_Caju,Itupeva,ITU_L1,10,-0.0,false,lata
120,Maguary_Caju,Itupeva,ITU_L1,11,-0.0,false,lata
120,Maguary_Caju,Itupeva,ITU_L1,12,-0.0,false,lata
120,Maguary_Caju,Itupeva,ITU_L1,13,-0.0,false,lata
120,Maguary_Caju,Itupeva,ITU_L1,14,-0.0,false,lata
120,Maguary_Caju,Itupeva,ITU_L1,15,-0.0,false,lata
120,Maguary_Caju,Itupeva,ITU_L2,1,-0.0,false,lata
120,Maguary_Caju,Itupeva,ITU_L2,2,-1.0e6,true,lata
120,Maguary_Caju,Itupeva,ITU_L2,3,-0.0,false,lata
120,Maguary_Caju,Itupeva,ITU_L2,4,-0.0,false,lata
120,Maguary_Caju,Itupeva,ITU_L2,5,-0.0,false,lata
120,Maguary_Caju,Itupeva,ITU_L2,6,-0.0,false,lata
120,Maguary_Caju,Itupeva,ITU_L2,7,-0.0,false,lata
120,Maguary_Caju,Itupeva,ITU_L2,8,-0.0,false,lata
120,Maguary_Caju,Itupeva,ITU_L2,9,-0.0,false,lata
120,Maguary_Caju,Itupeva,ITU_L2,10,-0.0,false,lata
120,Maguary_Caju,Itupeva,ITU_L2,11,-0.0,false,lata
120,Maguary_Caju,Itupeva,ITU_L2,12,-0.0,false,lata
120,Maguary_Caju,Itupeva,ITU_L2,13,-0.0,false,lata
120,Maguary_Caju,Itupeva,ITU_L2,14,-0.0,false,lata
120,Maguary_Caju,Itupeva,ITU_L2,15,-0.0,false,lata
120,Maguary_Caju,Itupeva,ITU_L3,1,-0.0,false,lata
120,Maguary_Caju,Itupeva,ITU_L3,2,-0.0,false,lata
120,Maguary_Caju,Itupeva,ITU_L3,3,-0.0,false,lata
120,Maguary_Caju,Itupeva,ITU_L3,4,-0.0,false,lata
120,Maguary_Caju,Itupeva,ITU_L3,5,-0.0,false,lata
120,Maguary_Caju,Itupeva,ITU_L3,6,-0.0,false,lata
120,Maguary_Caju,Itupeva,ITU_L3,7,-0.0,false,lata
120,Maguary_Caju,Itupeva,ITU_L3,8,-0.0,false,lata
120,Maguary_Caju,Itupeva,ITU_L3,9,-0.0,false,lata
120,Maguary_Caju,Itupeva,ITU_L3,10,-0.0,false,lata
120,Maguary_Caju,Itupeva,ITU_L3,11,-0.0,false,lata
120,Maguary_Caju,Itupeva,ITU_L3,12,-0.0,false,lata
120,Maguary_Caju,Itupeva,ITU_L3,13,-0.0,false,lata
120,Maguary_Caju,Itupeva,ITU_L3,14,-0.0,false,lata
120,Maguary_Caju,Itupeva,ITU_L3,15,-0.0,false,lata
120,Maguary_Caju,Cabo de Santo Agostinho,CAB_L1,1,-0.0,false,lata
120,Maguary_Caju,Cabo de Santo Agostinho,CAB_L1,2,-0.0,false,lata
120,Maguary_Caju,Cabo de Santo Agostinho,CAB_L1,3,-999999.8478055,false,lata
120,Maguary_Caju,Cabo de Santo Agostinho,CAB_L1,4,-0.0,false,lata
120,Maguary_Caju,Cabo de Santo Agostinho,CAB_L1,5,-0.0,false,lata
120,Maguary_Caju,Cabo de Santo Agostinho,CAB_L1,6,-0.0,false,lata
120,Maguary_Caju,Cabo de Santo Agostinho,CAB_L1,7,-0.0,false,lata
120,Maguary_Caju,Cabo de Santo Agostinho,CAB_L1,8,-0.0,false,lata
120,Maguary_Caju,Cabo de Santo Agostinho,CAB_L1,9,-0.0,false,lata
120,Maguary_Caju,Cabo de Santo Agostinho,CAB_L1,10,-0.0,false,lata
120,Maguary_Caju,Cabo de Santo Agostinho,CAB_L1,11,-0.0,false,lata
120,Maguary_Caju,Cabo de Santo Agostinho,CAB_L1,12,-0.0,false,lata
120,Maguary_Caju,Cabo de Santo Agostinho,CAB_L1,13,-0.0,false,lata
120,Maguary_Caju,Cabo de Santo Agostinho,CAB_L1,14,-0.0,false,lata
120,Maguary_Caju,Cabo de Santo Agostinho,CAB_L1,15,-0.0,false,lata
120,Maguary_Caju,Cabo de Santo Agostinho,CAB_L2,1,-0.0,false,lata
120,Maguary_Caju,Cabo de Santo Agostinho,CAB_L2,2,-0.0,false,lata
120,Maguary_Caju,Cabo de Santo Agostinho,CAB_L2,3,-0.0,false,lata
120,Maguary_Caju,Cabo de Santo Agostinho,CAB_L2,4,-0.0,false,lata
120,Maguary_Caju,Cabo de Santo Agostinho,CAB_L2,5,-0.0,false,lata
120,Maguary_Caju,Cabo de Santo Agostinho,CAB_L2,6,-999999.9897163002,false,lata
120,Maguary_Caju,Cabo de Santo Agostinho,CAB_L2,7,-0.0,false,lata
120,Maguary_Caju,Cabo de Santo Agostinho,CAB_L2,8,-0.0,false,lata
120,Maguary_Caju,Cabo de Santo Agostinho,CAB_L2,9,-0.0,false,lata
120,Maguary_Caju,Cabo de Santo Agostinho,CAB_L2,10,-0.0,false,lata
120,Maguary_Caju,Cabo de Santo Agostinho,CAB_L2,11,-1.0e6,true,lata
120,Maguary_Caju,Cabo de Santo Agostinho,CAB_L2,12,-0.0,false,lata
120,Maguary_Caju,Cabo de Santo Agostinho,CAB_L2,13,-0.0,false,lata
120,Maguary_Caju,Cabo de Santo Agostinho,CAB_L2,14,-0.0,false,lata
120,Maguary_Caju,Cabo de Santo Agostinho,CAB_L2,15,-0.0,false,lata
120,Maguary_Caju,Cabo de Santo Agostinho,CAB_L3,1,-0.0,false,lata
120,Maguary_Caju,Cabo de Santo Agostinho,CAB_L3,2,-0.0,false,lata
120,Maguary_Caju,Cabo de Santo Agostinho,CAB_L3,3,-0.0,false,lata
120,Maguary_Caju,Cabo de Santo Agostinho,CAB_L3,4,-0.0,false,lata
120,Maguary_Caju,Cabo de Santo Agostinho,CAB_L3,5,-0.0,false,lata
120,Maguary_Caju,Cabo de Santo Agostinho,CAB_L3,6,-0.0,false,lata
120,Maguary_Caju,Cabo de Santo Agostinho,CAB_L3,7,-0.0,false,lata
120,Maguary_Caju,Cabo de Santo Agostinho,CAB_L3,8,-0.0,false,lata
120,Maguary_Caju,Cabo de Santo Agostinho,CAB_L3,9,-0.0,false,lata
120,Maguary_Caju,Cabo de Santo Agostinho,CAB_L3,10,-0.0,false,lata
120,Maguary_Caju,Cabo de Santo Agostinho,CAB_L3,11,-0.0,false,lata
120,Maguary_Caju,Cabo de Santo Agostinho,CAB_L3,12,-0.0,false,lata
120,Maguary_Caju,Cabo de Santo Agostinho,CAB_L3,13,-0.0,false,lata
120,Maguary_Caju,Cabo de Santo Agostinho,CAB_L3,14,-0.0,false,lata
120,Maguary_Caju,Cabo de Santo Agostinho,CAB_L3,15,-0.0,false,lata
120,Amstel_Lata,Jacarei,JAC_L1,1,-0.0,false,lata
120,Amstel_Lata,Jacarei,JAC_L1,2,-0.0,false,lata
120,Amstel_Lata,Jacarei,JAC_L1,3,-0.0,false,lata
120,Amstel_Lata,Jacarei,JAC_L1,4,-0.0,false,lata
120,Amstel_Lata,Jacarei,JAC_L1,5,-0.0,false,lata
120,Amstel_Lata,Jacarei,JAC_L1,6,-0.0,false,lata
120,Amstel_Lata,Jacarei,JAC_L1,7,-0.0,false,lata
120,Amstel_Lata,Jacarei,JAC_L1,8,-0.0,false,lata
120,Amstel_Lata,Jacarei,JAC_L1,9,-0.0,false,lata
120,Amstel_Lata,Jacarei,JAC_L1,10,-0.0,false,lata
120,Amstel_Lata,Jacarei,JAC_L1,11,-0.0,false,lata
120,Amstel_Lata,Jacarei,JAC_L1,12,-1.0e6,true,lata
120,Amstel_Lata,Jacarei,JAC_L1,13,-0.0,false,lata
120,Amstel_Lata,Jacarei,JAC_L1,14,-0.0,false,lata
120,Amstel_Lata,Jacarei,JAC_L1,15,-0.0,false,lata
120,Amstel_Lata,Jacarei,JAC_L2,1,-0.0,false,lata
120,Amstel_Lata,Jacarei,JAC_L2,2,-0.0,false,lata
120,Amstel_Lata,Jacarei,JAC_L2,3,-0.0,false,lata
120,Amstel_Lata,Jacarei,JAC_L2,4,-0.0,false,lata
120,Amstel_Lata,Jacarei,JAC_L2,5,-0.0,false,lata
120,Amstel_Lata,Jacarei,JAC_L2,6,-0.0,false,lata
120,Amstel_Lata,Jacarei,JAC_L2,7,-1.0e6,true,lata
120,Amstel_Lata,Jacarei,JAC_L2,8,-0.0,false,lata
120,Amstel_Lata,Jacarei,JAC_L2,9,-0.0,false,lata
120,Amstel_Lata,Jacarei,JAC_L2,10,-0.0,false,lata
120,Amstel_Lata,Jacarei,JAC_L2,11,-0.0,false,lata
120,Amstel_Lata,Jacarei,JAC_L2,12,-0.0,false,lata
120,Amstel_Lata,Jacarei,JAC_L2,13,-0.0,false,lata
120,Amstel_Lata,Jacarei,JAC_L2,14,-0.0,false,lata
120,Amstel_Lata,Jacarei,JAC_L2,15,-0.0,false,lata
120,Amstel_Lata,Jacarei,JAC_L3,1,-0.0,false,lata
120,Amstel_Lata,Jacarei,JAC_L3,2,-0.0,false,lata
120,Amstel_Lata,Jacarei,JAC_L3,3,-0.0,false,lata
120,Amstel_Lata,Jacarei,JAC_L3,4,-0.0,false,lata
120,Amstel_Lata,Jacarei,JAC_L3,5,-0.0,false,lata
120,Amstel_Lata,Jacarei,JAC_L3,6,-0.0,false,lata
120,Amstel_Lata,Jacarei,JAC_L3,7,-0.0,false,lata
120,Amstel_Lata,Jacarei,JAC_L3,8,-0.0,false,lata
120,Amstel_Lata,Jacarei,JAC_L3,9,-0.0,false,lata
120,Amstel_Lata,Jacarei,JAC_L3,10,-0.0,false,lata
120,Amstel_Lata,Jacarei,JAC_L3,11,-0.0,false,lata
120,Amstel_Lata,Jacarei,JAC_L3,12,-0.0,false,lata
120,Amstel_Lata,Jacarei,JAC_L3,13,-0.0,false,lata
120,Amstel_Lata,Jacarei,JAC_L3,14,-0.0,false,lata
120,Amstel_Lata,Jacarei,JAC_L3,15,-0.0,false,lata
120,Amstel_Lata,Extrema,EXT_L1,1,-0.0,false,lata
120,Amstel_Lata,Extrema,EXT_L1,2,-0.0,false,lata
120,Amstel_Lata,Extrema,EXT_L1,3,-0.0,false,lata
120,Amstel_Lata,Extrema,EXT_L1,4,-1.0e6,true,lata
120,Amstel_Lata,Extrema,EXT_L1,5,-0.0,false,lata
120,Amstel_Lata,Extrema,EXT_L1,6,-0.0,false,lata
120,Amstel_Lata,Extrema,EXT_L1,7,-0.0,false,lata
120,Amstel_Lata,Extrema,EXT_L1,8,-0.0,false,lata
120,Amstel_Lata,Extrema,EXT_L1,9,-0.0,false,lata
120,Amstel_Lata,Extrema,EXT_L1,10,-0.0,false,lata
120,Amstel_Lata,Extrema,EXT_L1,11,-0.0,false,lata
120,Amstel_Lata,Extrema,EXT_L1,12,-0.0,false,lata
120,Amstel_Lata,Extrema,EXT_L1,13,-0.0,false,lata
120,Amstel_Lata,Extrema,EXT_L1,14,-0.0,false,lata
120,Amstel_Lata,Extrema,EXT_L1,15,-0.0,false,lata
120,Amstel_Lata,Extrema,EXT_L2,1,-0.0,false,lata
120,Amstel_Lata,Extrema,EXT_L2,2,-1.0e6,true,lata
120,Amstel_Lata,Extrema,EXT_L2,3,-0.0,false,lata
120,Amstel_Lata,Extrema,EXT_L2,4,-0.0,false,lata
120,Amstel_Lata,Extrema,EXT_L2,5,-0.0,false,lata
120,Amstel_Lata,Extrema,EXT_L2,6,-0.0,false,lata
120,Amstel_Lata,Extrema,EXT_L2,7,-0.0,false,lata
120,Amstel_Lata,Extrema,EXT_L2,8,-0.0,false,lata
120,Amstel_Lata,Extrema,EXT_L2,9,-1.0e6,true,lata
120,Amstel_Lata,Extrema,EXT_L2,10,-0.0,false,lata
120,Amstel_Lata,Extrema,EXT_L2,11,-0.0,false,lata
120,Amstel_Lata,Extrema,EXT_L2,12,-0.0,false,lata
120,Amstel_Lata,Extrema,EXT_L2,13,-0.0,false,lata
120,Amstel_Lata,Extrema,EXT_L2,14,-0.0,false,lata
120,Amstel_Lata,Extrema,EXT_L2,15,-0.0,false,lata
120,Amstel_Lata,Extrema,EXT_L3,1,-0.0,false,lata
120,Amstel_Lata,Extrema,EXT_L3,2,-0.0,false,lata
120,Amstel_Lata,Extrema,EXT_L3,3,-0.0,false,lata
120,Amstel_Lata,Extrema,EXT_L3,4,-0.0,false,lata
120,Amstel_Lata,Extrema,EXT_L3,5,-0.0,false,lata
120,Amstel_Lata,Extrema,EXT_L3,6,-0.0,false,lata
120,Amstel_Lata,Extrema,EXT_L3,7,-0.0,false,lata
120,Amstel_Lata,Extrema,EXT_L3,8,-0.0,false,lata
120,Amstel_Lata,Extrema,EXT_L3,9,-0.0,false,lata
120,Amstel_Lata,Extrema,EXT_L3,10,-0.0,false,lata
120,Amstel_Lata,Extrema,EXT_L3,11,-0.0,false,lata
120,Amstel_Lata,Extrema,EXT_L3,12,-0.0,false,lata
120,Amstel_Lata,Extrema,EXT_L3,13,-0.0,false,lata
120,Amstel_Lata,Extrema,EXT_L3,14,-1.0e6,true,lata
120,Amstel_Lata,Extrema,EXT_L3,15,-0.0,false,lata
120,Amstel_Lata,Tres Rios,TRE_L1,1,-0.0,false,lata
120,Amstel_Lata,Tres Rios,TRE_L1,2,-0.0,false,lata
120,Amstel_Lata,Tres Rios,TRE_L1,3,-0.0,false,lata
120,Amstel_Lata,Tres Rios,TRE_L1,4,-0.0,false,lata
120,Amstel_Lata,Tres Rios,TRE_L1,5,-0.0,false,lata
120,Amstel_Lata,Tres Rios,TRE_L1,6,-0.0,false,lata
120,Amstel_Lata,Tres Rios,TRE_L1,7,-0.0,false,lata
120,Amstel_Lata,Tres Rios,TRE_L1,8,-0.0,false,lata
120,Amstel_Lata,Tres Rios,TRE_L1,9,-0.0,false,lata
120,Amstel_Lata,Tres Rios,TRE_L1,10,-0.0,false,lata
120,Amstel_Lata,Tres Rios,TRE_L1,11,-0.0,false,lata
120,Amstel_Lata,Tres Rios,TRE_L1,12,-0.0,false,lata
120,Amstel_Lata,Tres Rios,TRE_L1,13,-0.0,false,lata
120,Amstel_Lata,Tres Rios,TRE_L1,14,-0.0,false,lata
120,Amstel_Lata,Tres Rios,TRE_L1,15,-0.0,false,lata
120,Amstel_Lata,Tres Rios,TRE_L2,1,-0.0,false,lata
120,Amstel_Lata,Tres Rios,TRE_L2,2,-0.0,false,lata
120,Amstel_Lata,Tres Rios,TRE_L2,3,-0.0,false,lata
120,Amstel_Lata,Tres Rios,TRE_L2,4,-0.0,false,lata
120,Amstel_Lata,Tres Rios,TRE_L2,5,-0.0,false,lata
120,Amstel_Lata,Tres Rios,TRE_L2,6,-0.0,false,lata
120,Amstel_Lata,Tres Rios,TRE_L2,7,-1.0e6,true,lata
120,Amstel_Lata,Tres Rios,TRE_L2,8,-0.0,false,lata
120,Amstel_Lata,Tres Rios,TRE_L2,9,-0.0,false,lata
120,Amstel_Lata,Tres Rios,TRE_L2,10,-0.0,false,lata
120,Amstel_Lata,Tres Rios,TRE_L2,11,-0.0,false,lata
120,Amstel_Lata,Tres Rios,TRE_L2,12,-0.0,false,lata
120,Amstel_Lata,Tres Rios,TRE_L2,13,-0.0,false,lata
120,Amstel_Lata,Tres Rios,TRE_L2,14,-0.0,false,lata
120,Amstel_Lata,Tres Rios,TRE_L2,15,-0.0,false,lata
120,Amstel_Lata,Tres Rios,TRE_L3,1,-0.0,false,lata
120,Amstel_Lata,Tres Rios,TRE_L3,2,-0.0,false,lata
120,Amstel_Lata,Tres Rios,TRE_L3,3,-0.0,false,lata
120,Amstel_Lata,Tres Rios,TRE_L3,4,-0.0,false,lata
120,Amstel_Lata,Tres Rios,TRE_L3,5,-0.0,false,lata
120,Amstel_Lata,Tres Rios,TRE_L3,6,-0.0,false,lata
120,Amstel_Lata,Tres Rios,TRE_L3,7,-1.0e6,true,lata
120,Amstel_Lata,Tres Rios,TRE_L3,8,-0.0,false,lata
120,Amstel_Lata,Tres Rios,TRE_L3,9,-0.0,false,lata
120,Amstel_Lata,Tres Rios,TRE_L3,10,-0.0,false,lata
120,Amstel_Lata,Tres Rios,TRE_L3,11,-0.0,false,lata
120,Amstel_Lata,Tres Rios,TRE_L3,12,-0.0,false,lata
120,Amstel_Lata,Tres Rios,TRE_L3,13,-0.0,false,lata
120,Amstel_Lata,Tres Rios,TRE_L3,14,-0.0,false,lata
120,Amstel_Lata,Tres Rios,TRE_L3,15,-0.0,false,lata
120,Amstel_Lata,Alagoinhas,ALA_L1,1,-0.0,false,lata
120,Amstel_Lata,Alagoinhas,ALA_L1,2,-0.0,false,lata
120,Amstel_Lata,Alagoinhas,ALA_L1,3,-1.0e6,true,lata
120,Amstel_Lata,Alagoinhas,ALA_L1,4,-1.0e6,true,lata
120,Amstel_Lata,Alagoinhas,ALA_L1,5,-0.0,false,lata
120,Amstel_Lata,Alagoinhas,ALA_L1,6,-0.0,false,lata
120,Amstel_Lata,Alagoinhas,ALA_L1,7,-0.0,false,lata
120,Amstel_Lata,Alagoinhas,ALA_L1,8,-0.0,false,lata
120,Amstel_Lata,Alagoinhas,ALA_L1,9,-0.0,false,lata
120,Amstel_Lata,Alagoinhas,ALA_L1,10,-0.0,false,lata
120,Amstel_Lata,Alagoinhas,ALA_L1,11,-0.0,false,lata
120,Amstel_Lata,Alagoinhas,ALA_L1,12,-1.0e6,true,lata
120,Amstel_Lata,Alagoinhas,ALA_L1,13,-0.0,false,lata
120,Amstel_Lata,Alagoinhas,ALA_L1,14,-1.0e6,true,lata
120,Amstel_Lata,Alagoinhas,ALA_L1,15,-1.0e6,true,lata
120,Amstel_Lata,Alagoinhas,ALA_L2,1,-0.0,false,lata
120,Amstel_Lata,Alagoinhas,ALA_L2,2,-0.0,false,lata
120,Amstel_Lata,Alagoinhas,ALA_L2,3,-0.0,false,lata
120,Amstel_Lata,Alagoinhas,ALA_L2,4,-0.0,false,lata
120,Amstel_Lata,Alagoinhas,ALA_L2,5,-0.0,false,lata
120,Amstel_Lata,Alagoinhas,ALA_L2,6,-0.0,false,lata
120,Amstel_Lata,Alagoinhas,ALA_L2,7,-0.0,false,lata
120,Amstel_Lata,Alagoinhas,ALA_L2,8,-0.0,false,lata
120,Amstel_Lata,Alagoinhas,ALA_L2,9,-0.0,false,lata
120,Amstel_Lata,Alagoinhas,ALA_L2,10,-0.0,false,lata
120,Amstel_Lata,Alagoinhas,ALA_L2,11,-0.0,false,lata
120,Amstel_Lata,Alagoinhas,ALA_L2,12,-0.0,false,lata
120,Amstel_Lata,Alagoinhas,ALA_L2,13,-0.0,false,lata
120,Amstel_Lata,Alagoinhas,ALA_L2,14,-0.0,false,lata
120,Amstel_Lata,Alagoinhas,ALA_L2,15,-1.0e6,true,lata
120,Amstel_Lata,Alagoinhas,ALA_L3,1,-0.0,false,lata
120,Amstel_Lata,Alagoinhas,ALA_L3,2,-0.0,false,lata
120,Amstel_Lata,Alagoinhas,ALA_L3,3,-0.0,false,lata
120,Amstel_Lata,Alagoinhas,ALA_L3,4,-0.0,false,lata
120,Amstel_Lata,Alagoinhas,ALA_L3,5,-0.0,false,lata
120,Amstel_Lata,Alagoinhas,ALA_L3,6,-0.0,false,lata
120,Amstel_Lata,Alagoinhas,ALA_L3,7,-0.0,false,lata
120,Amstel_Lata,Alagoinhas,ALA_L3,8,-0.0,false,lata
120,Amstel_Lata,Alagoinhas,ALA_L3,9,-1.0e6,true,lata
120,Amstel_Lata,Alagoinhas,ALA_L3,10,-0.0,false,lata
120,Amstel_Lata,Alagoinhas,ALA_L3,11,-0.0,false,lata
120,Amstel_Lata,Alagoinhas,ALA_L3,12,-0.0,false,lata
120,Amstel_Lata,Alagoinhas,ALA_L3,13,-0.0,false,lata
120,Amstel_Lata,Alagoinhas,ALA_L3,14,-0.0,false,lata
120,Amstel_Lata,Alagoinhas,ALA_L3,15,-0.0,false,lata
120,Amstel_Lata,Frutal,FRU_L1,1,-0.0,false,lata
120,Amstel_Lata,Frutal,FRU_L1,2,-0.0,false,lata
120,Amstel_Lata,Frutal,FRU_L1,3,-0.0,false,lata
120,Amstel_Lata,Frutal,FRU_L1,4,-0.0,false,lata
120,Amstel_Lata,Frutal,FRU_L1,5,-0.0,false,lata
120,Amstel_Lata,Frutal,FRU_L1,6,-0.0,false,lata
120,Amstel_Lata,Frutal,FRU_L1,7,-0.0,false,lata
120,Amstel_Lata,Frutal,FRU_L1,8,-0.0,false,lata
120,Amstel_Lata,Frutal,FRU_L1,9,-0.0,false,lata
120,Amstel_Lata,Frutal,FRU_L1,10,-0.0,false,lata
120,Amstel_Lata,Frutal,FRU_L1,11,-0.0,false,lata
120,Amstel_Lata,Frutal,FRU_L1,12,-0.0,false,lata
120,Amstel_Lata,Frutal,FRU_L1,13,-0.0,false,lata
120,Amstel_Lata,Frutal,FRU_L1,14,-0.0,false,lata
120,Amstel_Lata,Frutal,FRU_L1,15,-0.0,false,lata
120,Amstel_Lata,Frutal,FRU_L2,1,-0.0,false,lata
120,Amstel_Lata,Frutal,FRU_L2,2,-0.0,false,lata
120,Amstel_Lata,Frutal,FRU_L2,3,-0.0,false,lata
120,Amstel_Lata,Frutal,FRU_L2,4,-0.0,false,lata
120,Amstel_Lata,Frutal,FRU_L2,5,-0.0,false,lata
120,Amstel_Lata,Frutal,FRU_L2,6,-0.0,false,lata
120,Amstel_Lata,Frutal,FRU_L2,7,-0.0,false,lata
120,Amstel_Lata,Frutal,FRU_L2,8,-0.0,false,lata
120,Amstel_Lata,Frutal,FRU_L2,9,-0.0,false,lata
120,Amstel_Lata,Frutal,FRU_L2,10,-0.0,false,lata
120,Amstel_Lata,Frutal,FRU_L2,11,-1.0e6,true,lata
120,Amstel_Lata,Frutal,FRU_L2,12,-0.0,false,lata
120,Amstel_Lata,Frutal,FRU_L2,13,-0.0,false,lata
120,Amstel_Lata,Frutal,FRU_L2,14,-0.0,false,lata
120,Amstel_Lata,Frutal,FRU_L2,15,-0.0,false,lata
120,Amstel_Lata,Frutal,FRU_L3,1,-0.0,false,lata
120,Amstel_Lata,Frutal,FRU_L3,2,-0.0,false,lata
120,Amstel_Lata,Frutal,FRU_L3,3,-0.0,false,lata
120,Amstel_Lata,Frutal,FRU_L3,4,-0.0,false,lata
120,Amstel_Lata,Frutal,FRU_L3,5,-1.0e6,true,lata
120,Amstel_Lata,Frutal,FRU_L3,6,-0.0,false,lata
120,Amstel_Lata,Frutal,FRU_L3,7,-1.0e6,true,lata
120,Amstel_Lata,Frutal,FRU_L3,8,-0.0,false,lata
120,Amstel_Lata,Frutal,FRU_L3,9,-0.0,false,lata
120,Amstel_Lata,Frutal,FRU_L3,10,-0.0,false,lata
120,Amstel_Lata,Frutal,FRU_L3,11,-0.0,false,lata
120,Amstel_Lata,Frutal,FRU_L3,12,-0.0,false,lata
120,Amstel_Lata,Frutal,FRU_L3,13,-1.0e6,true,lata
120,Amstel_Lata,Frutal,FRU_L3,14,-0.0,false,lata
120,Amstel_Lata,Frutal,FRU_L3,15,-0.0,false,lata
120,Amstel_Lata,Pouso Alegre,POU_L1,1,-0.0,false,lata
120,Amstel_Lata,Pouso Alegre,POU_L1,2,-0.0,false,lata
120,Amstel_Lata,Pouso Alegre,POU_L1,3,-0.0,false,lata
120,Amstel_Lata,Pouso Alegre,POU_L1,4,-0.0,false,lata
120,Amstel_Lata,Pouso Alegre,POU_L1,5,-0.0,false,lata
120,Amstel_Lata,Pouso Alegre,POU_L1,6,-0.0,false,lata
120,Amstel_Lata,Pouso Alegre,POU_L1,7,-0.0,false,lata
120,Amstel_Lata,Pouso Alegre,POU_L1,8,-0.0,false,lata
120,Amstel_Lata,Pouso Alegre,POU_L1,9,-0.0,false,lata
120,Amstel_Lata,Pouso Alegre,POU_L1,10,-0.0,false,lata
120,Amstel_Lata,Pouso Alegre,POU_L1,11,-1.0e6,true,lata
120,Amstel_Lata,Pouso Alegre,POU_L1,12,-0.0,false,lata
120,Amstel_Lata,Pouso Alegre,POU_L1,13,-0.0,false,lata
120,Amstel_Lata,Pouso Alegre,POU_L1,14,-0.0,false,lata
120,Amstel_Lata,Pouso Alegre,POU_L1,15,-0.0,false,lata
120,Amstel_Lata,Pouso Alegre,POU_L2,1,-0.0,false,lata
120,Amstel_Lata,Pouso Alegre,POU_L2,2,-0.0,false,lata
120,Amstel_Lata,Pouso Alegre,POU_L2,3,-0.0,false,lata
120,Amstel_Lata,Pouso Alegre,POU_L2,4,-0.0,false,lata
120,Amstel_Lata,Pouso Alegre,POU_L2,5,-0.0,false,lata
120,Amstel_Lata,Pouso Alegre,POU_L2,6,-0.0,false,lata
120,Amstel_Lata,Pouso Alegre,POU_L2,7,-0.0,false,lata
120,Amstel_Lata,Pouso Alegre,POU_L2,8,-0.0,false,lata
120,Amstel_Lata,Pouso Alegre,POU_L2,9,-0.0,false,lata
120,Amstel_Lata,Pouso Alegre,POU_L2,10,-0.0,false,lata
120,Amstel_Lata,Pouso Alegre,POU_L2,11,-0.0,false,lata
120,Amstel_Lata,Pouso Alegre,POU_L2,12,-0.0,false,lata
120,Amstel_Lata,Pouso Alegre,POU_L2,13,-0.0,false,lata
120,Amstel_Lata,Pouso Alegre,POU_L2,14,-0.0,false,lata
120,Amstel_Lata,Pouso Alegre,POU_L2,15,-0.0,false,lata
120,Amstel_Lata,Pouso Alegre,POU_L3,1,-0.0,false,lata
120,Amstel_Lata,Pouso Alegre,POU_L3,2,-0.0,false,lata
120,Amstel_Lata,Pouso Alegre,POU_L3,3,-0.0,false,lata
120,Amstel_Lata,Pouso Alegre,POU_L3,4,-0.0,false,lata
120,Amstel_Lata,Pouso Alegre,POU_L3,5,-0.0,false,lata
120,Amstel_Lata,Pouso Alegre,POU_L3,6,-1.0e6,true,lata
120,Amstel_Lata,Pouso Alegre,POU_L3,7,-0.0,false,lata
120,Amstel_Lata,Pouso Alegre,POU_L3,8,-0.0,false,lata
120,Amstel_Lata,Pouso Alegre,POU_L3,9,-0.0,false,lata
120,Amstel_Lata,Pouso Alegre,POU_L3,10,-0.0,false,lata
120,Amstel_Lata,Pouso Alegre,POU_L3,11,-0.0,false,lata
120,Amstel_Lata,Pouso Alegre,POU_L3,12,-0.0,false,lata
120,Amstel_Lata,Pouso Alegre,POU_L3,13,-0.0,false,lata
120,Amstel_Lata,Pouso Alegre,POU_L3,14,-0.0,false,lata
120,Amstel_Lata,Pouso Alegre,POU_L3,15,-0.0,false,lata
120,Amstel_Lata,Gama,GAM_L1,1,-0.0,false,lata
120,Amstel_Lata,Gama,GAM_L1,2,-0.0,false,lata
120,Amstel_Lata,Gama,GAM_L1,3,-0.0,false,lata
120,Amstel_Lata,Gama,GAM_L1,4,-0.0,false,lata
120,Amstel_Lata,Gama,GAM_L1,5,-0.0,false,lata
120,Amstel_Lata,Gama,GAM_L1,6,-0.0,false,lata
120,Amstel_Lata,Gama,GAM_L1,7,-0.0,false,lata
120,Amstel_Lata,Gama,GAM_L1,8,-0.0,false,lata
120,Amstel_Lata,Gama,GAM_L1,9,-0.0,false,lata
120,Amstel_Lata,Gama,GAM_L1,10,-0.0,false,lata
120,Amstel_Lata,Gama,GAM_L1,11,-0.0,false,lata
120,Amstel_Lata,Gama,GAM_L1,12,-0.0,false,lata
120,Amstel_Lata,Gama,GAM_L1,13,-0.0,false,lata
120,Amstel_Lata,Gama,GAM_L1,14,-0.0,false,lata
120,Amstel_Lata,Gama,GAM_L1,15,-0.0,false,lata
120,Amstel_Lata,Gama,GAM_L2,1,-0.0,false,lata
120,Amstel_Lata,Gama,GAM_L2,2,-0.0,false,lata
120,Amstel_Lata,Gama,GAM_L2,3,-0.0,false,lata
120,Amstel_Lata,Gama,GAM_L2,4,-1.0e6,true,lata
120,Amstel_Lata,Gama,GAM_L2,5,-0.0,false,lata
120,Amstel_Lata,Gama,GAM_L2,6,-0.0,false,lata
120,Amstel_Lata,Gama,GAM_L2,7,-0.0,false,lata
120,Amstel_Lata,Gama,GAM_L2,8,-0.0,false,lata
120,Amstel_Lata,Gama,GAM_L2,9,-0.0,false,lata
120,Amstel_Lata,Gama,GAM_L2,10,-0.0,false,lata
120,Amstel_Lata,Gama,GAM_L2,11,-0.0,false,lata
120,Amstel_Lata,Gama,GAM_L2,12,-0.0,false,lata
120,Amstel_Lata,Gama,GAM_L2,13,-0.0,false,lata
120,Amstel_Lata,Gama,GAM_L2,14,-0.0,false,lata
120,Amstel_Lata,Gama,GAM_L2,15,-0.0,false,lata
120,Amstel_Lata,Gama,GAM_L3,1,-0.0,false,lata
120,Amstel_Lata,Gama,GAM_L3,2,-0.0,false,lata
120,Amstel_Lata,Gama,GAM_L3,3,-0.0,false,lata
120,Amstel_Lata,Gama,GAM_L3,4,-0.0,false,lata
120,Amstel_Lata,Gama,GAM_L3,5,-0.0,false,lata
120,Amstel_Lata,Gama,GAM_L3,6,-0.0,false,lata
120,Amstel_Lata,Gama,GAM_L3,7,-0.0,false,lata
120,Amstel_Lata,Gama,GAM_L3,8,-0.0,false,lata
120,Amstel_Lata,Gama,GAM_L3,9,-0.0,false,lata
120,Amstel_Lata,Gama,GAM_L3,10,-0.0,false,lata
120,Amstel_Lata,Gama,GAM_L3,11,-0.0,false,lata
120,Amstel_Lata,Gama,GAM_L3,12,-0.0,false,lata
120,Amstel_Lata,Gama,GAM_L3,13,-0.0,false,lata
120,Amstel_Lata,Gama,GAM_L3,14,-0.0,false,lata
120,Amstel_Lata,Gama,GAM_L3,15,-0.0,false,lata
120,Amstel_Lata,Viamao,VIA_L1,1,-0.0,false,lata
120,Amstel_Lata,Viamao,VIA_L1,2,-0.0,false,lata
120,Amstel_Lata,Viamao,VIA_L1,3,-0.0,false,lata
120,Amstel_Lata,Viamao,VIA_L1,4,-1.0e6,true,lata
120,Amstel_Lata,Viamao,VIA_L1,5,-0.0,false,lata
120,Amstel_Lata,Viamao,VIA_L1,6,-0.0,false,lata
120,Amstel_Lata,Viamao,VIA_L1,7,-0.0,false,lata
120,Amstel_Lata,Viamao,VIA_L1,8,-0.0,false,lata
120,Amstel_Lata,Viamao,VIA_L1,9,-0.0,false,lata
120,Amstel_Lata,Viamao,VIA_L1,10,-0.0,false,lata
120,Amstel_Lata,Viamao,VIA_L1,11,-0.0,false,lata
120,Amstel_Lata,Viamao,VIA_L1,12,-0.0,false,lata
120,Amstel_Lata,Viamao,VIA_L1,13,-1.0e6,true,lata
120,Amstel_Lata,Viamao,VIA_L1,14,-0.0,false,lata
120,Amstel_Lata,Viamao,VIA_L1,15,-0.0,false,lata
120,Amstel_Lata,Viamao,VIA_L2,1,-0.0,false,lata
120,Amstel_Lata,Viamao,VIA_L2,2,-0.0,false,lata
120,Amstel_Lata,Viamao,VIA_L2,3,-0.0,false,lata
120,Amstel_Lata,Viamao,VIA_L2,4,-0.0,false,lata
120,Amstel_Lata,Viamao,VIA_L2,5,-0.0,false,lata
120,Amstel_Lata,Viamao,VIA_L2,6,-0.0,false,lata
120,Amstel_Lata,Viamao,VIA_L2,7,-0.0,false,lata
120,Amstel_Lata,Viamao,VIA_L2,8,-0.0,false,lata
120,Amstel_Lata,Viamao,VIA_L2,9,-0.0,false,lata
120,Amstel_Lata,Viamao,VIA_L2,10,-0.0,false,lata
120,Amstel_Lata,Viamao,VIA_L2,11,-0.0,false,lata
120,Amstel_Lata,Viamao,VIA_L2,12,-0.0,false,lata
120,Amstel_Lata,Viamao,VIA_L2,13,-0.0,false,lata
120,Amstel_Lata,Viamao,VIA_L2,14,-0.0,false,lata
120,Amstel_Lata,Viamao,VIA_L2,15,-0.0,false,lata
120,Amstel_Lata,Viamao,VIA_L3,1,-0.0,false,lata
120,Amstel_Lata,Viamao,VIA_L3,2,-0.0,false,lata
120,Amstel_Lata,Viamao,VIA_L3,3,-0.0,false,lata
120,Amstel_Lata,Viamao,VIA_L3,4,-0.0,false,lata
120,Amstel_Lata,Viamao,VIA_L3,5,-0.0,false,lata
120,Amstel_Lata,Viamao,VIA_L3,6,-0.0,false,lata
120,Amstel_Lata,Viamao,VIA_L3,7,-0.0,false,lata
120,Amstel_Lata,Viamao,VIA_L3,8,-0.0,false,lata
120,Amstel_Lata,Viamao,VIA_L3,9,-0.0,false,lata
120,Amstel_Lata,Viamao,VIA_L3,10,-0.0,false,lata
120,Amstel_Lata,Viamao,VIA_L3,11,-0.0,false,lata
120,Amstel_Lata,Viamao,VIA_L3,12,-0.0,false,lata
120,Amstel_Lata,Viamao,VIA_L3,13,-1.0e6,true,lata
120,Amstel_Lata,Viamao,VIA_L3,14,-0.0,false,lata
120,Amstel_Lata,Viamao,VIA_L3,15,-0.0,false,lata
120,Amstel_Lata,Itupeva,ITU_L1,1,-0.0,false,lata
120,Amstel_Lata,Itupeva,ITU_L1,2,-0.0,false,lata
120,Amstel_Lata,Itupeva,ITU_L1,3,-0.0,false,lata
120,Amstel_Lata,Itupeva,ITU_L1,4,-0.0,false,lata
120,Amstel_Lata,Itupeva,ITU_L1,5,-0.0,false,lata
120,Amstel_Lata,Itupeva,ITU_L1,6,-0.0,false,lata
120,Amstel_Lata,Itupeva,ITU_L1,7,-0.0,false,lata
120,Amstel_Lata,Itupeva,ITU_L1,8,-0.0,false,lata
120,Amstel_Lata,Itupeva,ITU_L1,9,-0.0,false,lata
120,Amstel_Lata,Itupeva,ITU_L1,10,-0.0,false,lata
120,Amstel_Lata,Itupeva,ITU_L1,11,-0.0,false,lata
120,Amstel_Lata,Itupeva,ITU_L1,12,-0.0,false,lata
120,Amstel_Lata,Itupeva,ITU_L1,13,-0.0,false,lata
120,Amstel_Lata,Itupeva,ITU_L1,14,-0.0,false,lata
120,Amstel_Lata,Itupeva,ITU_L1,15,-0.0,false,lata
120,Amstel_Lata,Itupeva,ITU_L2,1,-0.0,false,lata
120,Amstel_Lata,Itupeva,ITU_L2,2,-0.0,false,lata
120,Amstel_Lata,Itupeva,ITU_L2,3,-0.0,false,lata
120,Amstel_Lata,Itupeva,ITU_L2,4,-0.0,false,lata
120,Amstel_Lata,Itupeva,ITU_L2,5,-0.0,false,lata
120,Amstel_Lata,Itupeva,ITU_L2,6,-0.0,false,lata
120,Amstel_Lata,Itupeva,ITU_L2,7,-0.0,false,lata
120,Amstel_Lata,Itupeva,ITU_L2,8,-0.0,false,lata
120,Amstel_Lata,Itupeva,ITU_L2,9,-0.0,false,lata
120,Amstel_Lata,Itupeva,ITU_L2,10,-0.0,false,lata
120,Amstel_Lata,Itupeva,ITU_L2,11,-0.0,false,lata
120,Amstel_Lata,Itupeva,ITU_L2,12,-0.0,false,lata
120,Amstel_Lata,Itupeva,ITU_L2,13,-0.0,false,lata
120,Amstel_Lata,Itupeva,ITU_L2,14,-0.0,false,lata
120,Amstel_Lata,Itupeva,ITU_L2,15,-0.0,false,lata
120,Amstel_Lata,Itupeva,ITU_L3,1,-0.0,false,lata
120,Amstel_Lata,Itupeva,ITU_L3,2,-0.0,false,lata
120,Amstel_Lata,Itupeva,ITU_L3,3,-0.0,false,lata
120,Amstel_Lata,Itupeva,ITU_L3,4,-0.0,false,lata
120,Amstel_Lata,Itupeva,ITU_L3,5,-0.0,false,lata
120,Amstel_Lata,Itupeva,ITU_L3,6,-0.0,false,lata
120,Amstel_Lata,Itupeva,ITU_L3,7,-0.0,false,lata
120,Amstel_Lata,Itupeva,ITU_L3,8,-0.0,false,lata
120,Amstel_Lata,Itupeva,ITU_L3,9,-0.0,false,lata
120,Amstel_Lata,Itupeva,ITU_L3,10,-1.0e6,true,lata
120,Amstel_Lata,Itupeva,ITU_L3,11,-0.0,false,lata
120,Amstel_Lata,Itupeva,ITU_L3,12,-0.0,false,lata
120,Amstel_Lata,Itupeva,ITU_L3,13,-0.0,false,lata
120,Amstel_Lata,Itupeva,ITU_L3,14,-0.0,false,lata
120,Amstel_Lata,Itupeva,ITU_L3,15,-0.0,false,lata
120,Amstel_Lata,Cabo de Santo Agostinho,CAB_L1,1,-0.0,false,lata
120,Amstel_Lata,Cabo de Santo Agostinho,CAB_L1,2,-0.0,false,lata
120,Amstel_Lata,Cabo de Santo Agostinho,CAB_L1,3,-0.0,false,lata
120,Amstel_Lata,Cabo de Santo Agostinho,CAB_L1,4,-0.0,false,lata
120,Amstel_Lata,Cabo de Santo Agostinho,CAB_L1,5,-0.0,false,lata
120,Amstel_Lata,Cabo de Santo Agostinho,CAB_L1,6,-0.0,false,lata
120,Amstel_Lata,Cabo de Santo Agostinho,CAB_L1,7,-0.0,false,lata
120,Amstel_Lata,Cabo de Santo Agostinho,CAB_L1,8,-0.0,false,lata
120,Amstel_Lata,Cabo de Santo Agostinho,CAB_L1,9,-0.0,false,lata
120,Amstel_Lata,Cabo de Santo Agostinho,CAB_L1,10,-0.0,false,lata
120,Amstel_Lata,Cabo de Santo Agostinho,CAB_L1,11,-1.0e6,true,lata
120,Amstel_Lata,Cabo de Santo Agostinho,CAB_L1,12,-0.0,false,lata
120,Amstel_Lata,Cabo de Santo Agostinho,CAB_L1,13,-0.0,false,lata
120,Amstel_Lata,Cabo de Santo Agostinho,CAB_L1,14,-0.0,false,lata
120,Amstel_Lata,Cabo de Santo Agostinho,CAB_L1,15,-0.0,false,lata
120,Amstel_Lata,Cabo de Santo Agostinho,CAB_L2,1,-0.0,false,lata
120,Amstel_Lata,Cabo de Santo Agostinho,CAB_L2,2,-0.0,false,lata
120,Amstel_Lata,Cabo de Santo Agostinho,CAB_L2,3,-1.0e6,true,lata
120,Amstel_Lata,Cabo de Santo Agostinho,CAB_L2,4,-0.0,false,lata
120,Amstel_Lata,Cabo de Santo Agostinho,CAB_L2,5,-0.0,false,lata
120,Amstel_Lata,Cabo de Santo Agostinho,CAB_L2,6,-0.0,false,lata
120,Amstel_Lata,Cabo de Santo Agostinho,CAB_L2,7,-0.0,false,lata
120,Amstel_Lata,Cabo de Santo Agostinho,CAB_L2,8,-0.0,false,lata
120,Amstel_Lata,Cabo de Santo Agostinho,CAB_L2,9,-0.0,false,lata
120,Amstel_Lata,Cabo de Santo Agostinho,CAB_L2,10,-0.0,false,lata
120,Amstel_Lata,Cabo de Santo Agostinho,CAB_L2,11,-0.0,false,lata
120,Amstel_Lata,Cabo de Santo Agostinho,CAB_L2,12,-0.0,false,lata
120,Amstel_Lata,Cabo de Santo Agostinho,CAB_L2,13,-0.0,false,lata
120,Amstel_Lata,Cabo de Santo Agostinho,CAB_L2,14,-0.0,false,lata
120,Amstel_Lata,Cabo de Santo Agostinho,CAB_L2,15,-0.0,false,lata
120,Amstel_Lata,Cabo de Santo Agostinho,CAB_L3,1,-0.0,false,lata
120,Amstel_Lata,Cabo de Santo Agostinho,CAB_L3,2,-0.0,false,lata
120,Amstel_Lata,Cabo de Santo Agostinho,CAB_L3,3,-1.0e6,true,lata
120,Amstel_Lata,Cabo de Santo Agostinho,CAB_L3,4,-0.0,false,lata
120,Amstel_Lata,Cabo de Santo Agostinho,CAB_L3,5,-0.0,false,lata
120,Amstel_Lata,Cabo de Santo Agostinho,CAB_L3,6,-0.0,false,lata
120,Amstel_Lata,Cabo de Santo Agostinho,CAB_L3,7,-0.0,false,lata
120,Amstel_Lata,Cabo de Santo Agostinho,CAB_L3,8,-0.0,false,lata
120,Amstel_Lata,Cabo de Santo Agostinho,CAB_L3,9,-0.0,false,lata
120,Amstel_Lata,Cabo de Santo Agostinho,CAB_L3,10,-0.0,false,lata
120,Amstel_Lata,Cabo de Santo Agostinho,CAB_L3,11,-0.0,false,lata
120,Amstel_Lata,Cabo de Santo Agostinho,CAB_L3,12,-0.0,false,lata
120,Amstel_Lata,Cabo de Santo Agostinho,CAB_L3,13,-0.0,false,lata
120,Amstel_Lata,Cabo de Santo Agostinho,CAB_L3,14,-0.0,false,lata
120,Amstel_Lata,Cabo de Santo Agostinho,CAB_L3,15,-0.0,false,lata
120,Del_Valle_Laranja,Jacarei,JAC_L1,1,-0.0,false,lata
120,Del_Valle_Laranja,Jacarei,JAC_L1,2,-0.0,false,lata
120,Del_Valle_Laranja,Jacarei,JAC_L1,3,-0.0,false,lata
120,Del_Valle_Laranja,Jacarei,JAC_L1,4,-0.0,false,lata
120,Del_Valle_Laranja,Jacarei,JAC_L1,5,-0.0,false,lata
120,Del_Valle_Laranja,Jacarei,JAC_L1,6,-0.0,false,lata
120,Del_Valle_Laranja,Jacarei,JAC_L1,7,-0.0,false,lata
120,Del_Valle_Laranja,Jacarei,JAC_L1,8,-0.0,false,lata
120,Del_Valle_Laranja,Jacarei,JAC_L1,9,-0.0,false,lata
120,Del_Valle_Laranja,Jacarei,JAC_L1,10,-0.0,false,lata
120,Del_Valle_Laranja,Jacarei,JAC_L1,11,-0.0,false,lata
120,Del_Valle_Laranja,Jacarei,JAC_L1,12,-0.0,false,lata
120,Del_Valle_Laranja,Jacarei,JAC_L1,13,-999999.1228716997,false,lata
120,Del_Valle_Laranja,Jacarei,JAC_L1,14,-0.0,false,lata
120,Del_Valle_Laranja,Jacarei,JAC_L1,15,-0.0,false,lata
120,Del_Valle_Laranja,Jacarei,JAC_L2,1,-0.0,false,lata
120,Del_Valle_Laranja,Jacarei,JAC_L2,2,-0.0,false,lata
120,Del_Valle_Laranja,Jacarei,JAC_L2,3,-0.0,false,lata
120,Del_Valle_Laranja,Jacarei,JAC_L2,4,-0.0,false,lata
120,Del_Valle_Laranja,Jacarei,JAC_L2,5,-0.0,false,lata
120,Del_Valle_Laranja,Jacarei,JAC_L2,6,-0.0,false,lata
120,Del_Valle_Laranja,Jacarei,JAC_L2,7,-0.0,false,lata
120,Del_Valle_Laranja,Jacarei,JAC_L2,8,-999999.6694436996,false,lata
120,Del_Valle_Laranja,Jacarei,JAC_L2,9,-0.0,false,lata
120,Del_Valle_Laranja,Jacarei,JAC_L2,10,-0.0,false,lata
120,Del_Valle_Laranja,Jacarei,JAC_L2,11,-0.0,false,lata
120,Del_Valle_Laranja,Jacarei,JAC_L2,12,-0.0,false,lata
120,Del_Valle_Laranja,Jacarei,JAC_L2,13,-0.0,false,lata
120,Del_Valle_Laranja,Jacarei,JAC_L2,14,-0.0,false,lata
120,Del_Valle_Laranja,Jacarei,JAC_L2,15,-0.0,false,lata
120,Del_Valle_Laranja,Jacarei,JAC_L3,1,-0.0,false,lata
120,Del_Valle_Laranja,Jacarei,JAC_L3,2,-0.0,false,lata
120,Del_Valle_Laranja,Jacarei,JAC_L3,3,-0.0,false,lata
120,Del_Valle_Laranja,Jacarei,JAC_L3,4,-0.0,false,lata
120,Del_Valle_Laranja,Jacarei,JAC_L3,5,-0.0,false,lata
120,Del_Valle_Laranja,Jacarei,JAC_L3,6,-0.0,false,lata
120,Del_Valle_Laranja,Jacarei,JAC_L3,7,-0.0,false,lata
120,Del_Valle_Laranja,Jacarei,JAC_L3,8,-0.0,false,lata
120,Del_Valle_Laranja,Jacarei,JAC_L3,9,-0.0,false,lata
120,Del_Valle_Laranja,Jacarei,JAC_L3,10,-0.0,false,lata
120,Del_Valle_Laranja,Jacarei,JAC_L3,11,-0.0,false,lata
120,Del_Valle_Laranja,Jacarei,JAC_L3,12,-999999.9392333,false,lata
120,Del_Valle_Laranja,Jacarei,JAC_L3,13,-0.0,false,lata
120,Del_Valle_Laranja,Jacarei,JAC_L3,14,-0.0,false,lata
120,Del_Valle_Laranja,Jacarei,JAC_L3,15,-999999.3139971001,false,lata
120,Del_Valle_Laranja,Extrema,EXT_L1,1,-0.0,false,lata
120,Del_Valle_Laranja,Extrema,EXT_L1,2,-0.0,false,lata
120,Del_Valle_Laranja,Extrema,EXT_L1,3,-0.0,false,lata
120,Del_Valle_Laranja,Extrema,EXT_L1,4,-0.0,false,lata
120,Del_Valle_Laranja,Extrema,EXT_L1,5,-0.0,false,lata
120,Del_Valle_Laranja,Extrema,EXT_L1,6,-0.0,false,lata
120,Del_Valle_Laranja,Extrema,EXT_L1,7,-0.0,false,lata
120,Del_Valle_Laranja,Extrema,EXT_L1,8,-0.0,false,lata
120,Del_Valle_Laranja,Extrema,EXT_L1,9,-0.0,false,lata
120,Del_Valle_Laranja,Extrema,EXT_L1,10,-0.0,false,lata
120,Del_Valle_Laranja,Extrema,EXT_L1,11,-0.0,false,lata
120,Del_Valle_Laranja,Extrema,EXT_L1,12,-0.0,false,lata
120,Del_Valle_Laranja,Extrema,EXT_L1,13,-0.0,false,lata
120,Del_Valle_Laranja,Extrema,EXT_L1,14,-0.0,false,lata
120,Del_Valle_Laranja,Extrema,EXT_L1,15,-0.0,false,lata
120,Del_Valle_Laranja,Extrema,EXT_L2,1,-0.0,false,lata
120,Del_Valle_Laranja,Extrema,EXT_L2,2,-0.0,false,lata
120,Del_Valle_Laranja,Extrema,EXT_L2,3,-0.0,false,lata
120,Del_Valle_Laranja,Extrema,EXT_L2,4,-0.0,false,lata
120,Del_Valle_Laranja,Extrema,EXT_L2,5,-0.0,false,lata
120,Del_Valle_Laranja,Extrema,EXT_L2,6,-0.0,false,lata
120,Del_Valle_Laranja,Extrema,EXT_L2,7,-0.0,false,lata
120,Del_Valle_Laranja,Extrema,EXT_L2,8,-0.0,false,lata
120,Del_Valle_Laranja,Extrema,EXT_L2,9,-999999.9403118996,false,lata
120,Del_Valle_Laranja,Extrema,EXT_L2,10,-0.0,false,lata
120,Del_Valle_Laranja,Extrema,EXT_L2,11,-999999.66644745,false,lata
120,Del_Valle_Laranja,Extrema,EXT_L2,12,-0.0,false,lata
120,Del_Valle_Laranja,Extrema,EXT_L2,13,-0.0,false,lata
120,Del_Valle_Laranja,Extrema,EXT_L2,14,-0.0,false,lata
120,Del_Valle_Laranja,Extrema,EXT_L2,15,-0.0,false,lata
120,Del_Valle_Laranja,Extrema,EXT_L3,1,-0.0,false,lata
120,Del_Valle_Laranja,Extrema,EXT_L3,2,-0.0,false,lata
120,Del_Valle_Laranja,Extrema,EXT_L3,3,-0.0,false,lata
120,Del_Valle_Laranja,Extrema,EXT_L3,4,-0.0,false,lata
120,Del_Valle_Laranja,Extrema,EXT_L3,5,-0.0,false,lata
120,Del_Valle_Laranja,Extrema,EXT_L3,6,-0.0,false,lata
120,Del_Valle_Laranja,Extrema,EXT_L3,7,-0.0,false,lata
120,Del_Valle_Laranja,Extrema,EXT_L3,8,-0.0,false,lata
120,Del_Valle_Laranja,Extrema,EXT_L3,9,-0.0,false,lata
120,Del_Valle_Laranja,Extrema,EXT_L3,10,-0.0,false,lata
120,Del_Valle_Laranja,Extrema,EXT_L3,11,-0.0,false,lata
120,Del_Valle_Laranja,Extrema,EXT_L3,12,-0.0,false,lata
120,Del_Valle_Laranja,Extrema,EXT_L3,13,-0.0,false,lata
120,Del_Valle_Laranja,Extrema,EXT_L3,14,-0.0,false,lata
120,Del_Valle_Laranja,Extrema,EXT_L3,15,-0.0,false,lata
120,Del_Valle_Laranja,Tres Rios,TRE_L1,1,-0.0,false,lata
120,Del_Valle_Laranja,Tres Rios,TRE_L1,2,-0.0,false,lata
120,Del_Valle_Laranja,Tres Rios,TRE_L1,3,-0.0,false,lata
120,Del_Valle_Laranja,Tres Rios,TRE_L1,4,-0.0,false,lata
120,Del_Valle_Laranja,Tres Rios,TRE_L1,5,-0.0,false,lata
120,Del_Valle_Laranja,Tres Rios,TRE_L1,6,-0.0,false,lata
120,Del_Valle_Laranja,Tres Rios,TRE_L1,7,-0.0,false,lata
120,Del_Valle_Laranja,Tres Rios,TRE_L1,8,-0.0,false,lata
120,Del_Valle_Laranja,Tres Rios,TRE_L1,9,-0.0,false,lata
120,Del_Valle_Laranja,Tres Rios,TRE_L1,10,-0.0,false,lata
120,Del_Valle_Laranja,Tres Rios,TRE_L1,11,-0.0,false,lata
120,Del_Valle_Laranja,Tres Rios,TRE_L1,12,-0.0,false,lata
120,Del_Valle_Laranja,Tres Rios,TRE_L1,13,-0.0,false,lata
120,Del_Valle_Laranja,Tres Rios,TRE_L1,14,-0.0,false,lata
120,Del_Valle_Laranja,Tres Rios,TRE_L1,15,-0.0,false,lata
120,Del_Valle_Laranja,Tres Rios,TRE_L2,1,-0.0,false,lata
120,Del_Valle_Laranja,Tres Rios,TRE_L2,2,-0.0,false,lata
120,Del_Valle_Laranja,Tres Rios,TRE_L2,3,-0.0,false,lata
120,Del_Valle_Laranja,Tres Rios,TRE_L2,4,-0.0,false,lata
120,Del_Valle_Laranja,Tres Rios,TRE_L2,5,-0.0,false,lata
120,Del_Valle_Laranja,Tres Rios,TRE_L2,6,-0.0,false,lata
120,Del_Valle_Laranja,Tres Rios,TRE_L2,7,-0.0,false,lata
120,Del_Valle_Laranja,Tres Rios,TRE_L2,8,-0.0,false,lata
120,Del_Valle_Laranja,Tres Rios,TRE_L2,9,-0.0,false,lata
120,Del_Valle_Laranja,Tres Rios,TRE_L2,10,-0.0,false,lata
120,Del_Valle_Laranja,Tres Rios,TRE_L2,11,-0.0,false,lata
120,Del_Valle_Laranja,Tres Rios,TRE_L2,12,-0.0,false,lata
120,Del_Valle_Laranja,Tres Rios,TRE_L2,13,-0.0,false,lata
120,Del_Valle_Laranja,Tres Rios,TRE_L2,14,-999999.3919546497,false,lata
120,Del_Valle_Laranja,Tres Rios,TRE_L2,15,-0.0,false,lata
120,Del_Valle_Laranja,Tres Rios,TRE_L3,1,-0.0,false,lata
120,Del_Valle_Laranja,Tres Rios,TRE_L3,2,-0.0,false,lata
120,Del_Valle_Laranja,Tres Rios,TRE_L3,3,-0.0,false,lata
120,Del_Valle_Laranja,Tres Rios,TRE_L3,4,-0.0,false,lata
120,Del_Valle_Laranja,Tres Rios,TRE_L3,5,-0.0,false,lata
120,Del_Valle_Laranja,Tres Rios,TRE_L3,6,-999999.8338322502,false,lata
120,Del_Valle_Laranja,Tres Rios,TRE_L3,7,-0.0,false,lata
120,Del_Valle_Laranja,Tres Rios,TRE_L3,8,-999999.6806368496,false,lata
120,Del_Valle_Laranja,Tres Rios,TRE_L3,9,-0.0,false,lata
120,Del_Valle_Laranja,Tres Rios,TRE_L3,10,-0.0,false,lata
120,Del_Valle_Laranja,Tres Rios,TRE_L3,11,-0.0,false,lata
120,Del_Valle_Laranja,Tres Rios,TRE_L3,12,-0.0,false,lata
120,Del_Valle_Laranja,Tres Rios,TRE_L3,13,-0.0,false,lata
120,Del_Valle_Laranja,Tres Rios,TRE_L3,14,-0.0,false,lata
120,Del_Valle_Laranja,Tres Rios,TRE_L3,15,-0.0,false,lata
120,Del_Valle_Laranja,Alagoinhas,ALA_L1,1,-0.0,false,lata
120,Del_Valle_Laranja,Alagoinhas,ALA_L1,2,-0.0,false,lata
120,Del_Valle_Laranja,Alagoinhas,ALA_L1,3,-999999.52598055,false,lata
120,Del_Valle_Laranja,Alagoinhas,ALA_L1,4,-0.0,false,lata
120,Del_Valle_Laranja,Alagoinhas,ALA_L1,5,-0.0,false,lata
120,Del_Valle_Laranja,Alagoinhas,ALA_L1,6,-0.0,false,lata
120,Del_Valle_Laranja,Alagoinhas,ALA_L1,7,-0.0,false,lata
120,Del_Valle_Laranja,Alagoinhas,ALA_L1,8,-0.0,false,lata
120,Del_Valle_Laranja,Alagoinhas,ALA_L1,9,-0.0,false,lata
120,Del_Valle_Laranja,Alagoinhas,ALA_L1,10,-0.0,false,lata
120,Del_Valle_Laranja,Alagoinhas,ALA_L1,11,-0.0,false,lata
120,Del_Valle_Laranja,Alagoinhas,ALA_L1,12,-0.0,false,lata
120,Del_Valle_Laranja,Alagoinhas,ALA_L1,13,-0.0,false,lata
120,Del_Valle_Laranja,Alagoinhas,ALA_L1,14,-0.0,false,lata
120,Del_Valle_Laranja,Alagoinhas,ALA_L1,15,-0.0,false,lata
120,Del_Valle_Laranja,Alagoinhas,ALA_L2,1,-0.0,false,lata
120,Del_Valle_Laranja,Alagoinhas,ALA_L2,2,-0.0,false,lata
120,Del_Valle_Laranja,Alagoinhas,ALA_L2,3,-0.0,false,lata
120,Del_Valle_Laranja,Alagoinhas,ALA_L2,4,-0.0,false,lata
120,Del_Valle_Laranja,Alagoinhas,ALA_L2,5,-0.0,false,lata
120,Del_Valle_Laranja,Alagoinhas,ALA_L2,6,-0.0,false,lata
120,Del_Valle_Laranja,Alagoinhas,ALA_L2,7,-0.0,false,lata
120,Del_Valle_Laranja,Alagoinhas,ALA_L2,8,-0.0,false,lata
120,Del_Valle_Laranja,Alagoinhas,ALA_L2,9,-0.0,false,lata
120,Del_Valle_Laranja,Alagoinhas,ALA_L2,10,-0.0,false,lata
120,Del_Valle_Laranja,Alagoinhas,ALA_L2,11,-0.0,false,lata
120,Del_Valle_Laranja,Alagoinhas,ALA_L2,12,-0.0,false,lata
120,Del_Valle_Laranja,Alagoinhas,ALA_L2,13,-0.0,false,lata
120,Del_Valle_Laranja,Alagoinhas,ALA_L2,14,-0.0,false,lata
120,Del_Valle_Laranja,Alagoinhas,ALA_L2,15,-0.0,false,lata
120,Del_Valle_Laranja,Alagoinhas,ALA_L3,1,-0.0,false,lata
120,Del_Valle_Laranja,Alagoinhas,ALA_L3,2,-0.0,false,lata
120,Del_Valle_Laranja,Alagoinhas,ALA_L3,3,-0.0,false,lata
120,Del_Valle_Laranja,Alagoinhas,ALA_L3,4,-0.0,false,lata
120,Del_Valle_Laranja,Alagoinhas,ALA_L3,5,-999999.4885106503,false,lata
120,Del_Valle_Laranja,Alagoinhas,ALA_L3,6,-0.0,false,lata
120,Del_Valle_Laranja,Alagoinhas,ALA_L3,7,-0.0,false,lata
120,Del_Valle_Laranja,Alagoinhas,ALA_L3,8,-0.0,false,lata
120,Del_Valle_Laranja,Alagoinhas,ALA_L3,9,-0.0,false,lata
120,Del_Valle_Laranja,Alagoinhas,ALA_L3,10,-0.0,false,lata
120,Del_Valle_Laranja,Alagoinhas,ALA_L3,11,-999999.7263334,false,lata
120,Del_Valle_Laranja,Alagoinhas,ALA_L3,12,-999999.8769353501,false,lata
120,Del_Valle_Laranja,Alagoinhas,ALA_L3,13,-0.0,false,lata
120,Del_Valle_Laranja,Alagoinhas,ALA_L3,14,-0.0,false,lata
120,Del_Valle_Laranja,Alagoinhas,ALA_L3,15,-0.0,false,lata
120,Del_Valle_Laranja,Frutal,FRU_L1,1,-0.0,false,lata
120,Del_Valle_Laranja,Frutal,FRU_L1,2,-0.0,false,lata
120,Del_Valle_Laranja,Frutal,FRU_L1,3,-0.0,false,lata
120,Del_Valle_Laranja,Frutal,FRU_L1,4,-0.0,false,lata
120,Del_Valle_Laranja,Frutal,FRU_L1,5,-0.0,false,lata
120,Del_Valle_Laranja,Frutal,FRU_L1,6,-0.0,false,lata
120,Del_Valle_Laranja,Frutal,FRU_L1,7,-0.0,false,lata
120,Del_Valle_Laranja,Frutal,FRU_L1,8,-0.0,false,lata
120,Del_Valle_Laranja,Frutal,FRU_L1,9,-0.0,false,lata
120,Del_Valle_Laranja,Frutal,FRU_L1,10,-0.0,false,lata
120,Del_Valle_Laranja,Frutal,FRU_L1,11,-0.0,false,lata
120,Del_Valle_Laranja,Frutal,FRU_L1,12,-0.0,false,lata
120,Del_Valle_Laranja,Frutal,FRU_L1,13,-0.0,false,lata
120,Del_Valle_Laranja,Frutal,FRU_L1,14,-0.0,false,lata
120,Del_Valle_Laranja,Frutal,FRU_L1,15,-0.0,false,lata
120,Del_Valle_Laranja,Frutal,FRU_L2,1,-0.0,false,lata
120,Del_Valle_Laranja,Frutal,FRU_L2,2,-0.0,false,lata
120,Del_Valle_Laranja,Frutal,FRU_L2,3,-0.0,false,lata
120,Del_Valle_Laranja,Frutal,FRU_L2,4,-0.0,false,lata
120,Del_Valle_Laranja,Frutal,FRU_L2,5,-0.0,false,lata
120,Del_Valle_Laranja,Frutal,FRU_L2,6,-0.0,false,lata
120,Del_Valle_Laranja,Frutal,FRU_L2,7,-0.0,false,lata
120,Del_Valle_Laranja,Frutal,FRU_L2,8,-999999.6575337992,false,lata
120,Del_Valle_Laranja,Frutal,FRU_L2,9,-0.0,false,lata
120,Del_Valle_Laranja,Frutal,FRU_L2,10,-0.0,false,lata
120,Del_Valle_Laranja,Frutal,FRU_L2,11,-0.0,false,lata
120,Del_Valle_Laranja,Frutal,FRU_L2,12,-0.0,false,lata
120,Del_Valle_Laranja,Frutal,FRU_L2,13,-0.0,false,lata
120,Del_Valle_Laranja,Frutal,FRU_L2,14,-999999.3986695998,false,lata
120,Del_Valle_Laranja,Frutal,FRU_L2,15,-999999.3276445501,false,lata
120,Del_Valle_Laranja,Frutal,FRU_L3,1,-0.0,false,lata
120,Del_Valle_Laranja,Frutal,FRU_L3,2,-0.0,false,lata
120,Del_Valle_Laranja,Frutal,FRU_L3,3,-999999.4819755,false,lata
120,Del_Valle_Laranja,Frutal,FRU_L3,4,-999999.3146961002,false,lata
120,Del_Valle_Laranja,Frutal,FRU_L3,5,-0.0,false,lata
120,Del_Valle_Laranja,Frutal,FRU_L3,6,-0.0,false,lata
120,Del_Valle_Laranja,Frutal,FRU_L3,7,-0.0,false,lata
120,Del_Valle_Laranja,Frutal,FRU_L3,8,-0.0,false,lata
120,Del_Valle_Laranja,Frutal,FRU_L3,9,-0.0,false,lata
120,Del_Valle_Laranja,Frutal,FRU_L3,10,-0.0,false,lata
120,Del_Valle_Laranja,Frutal,FRU_L3,11,-999999.665951,false,lata
120,Del_Valle_Laranja,Frutal,FRU_L3,12,-0.0,false,lata
120,Del_Valle_Laranja,Frutal,FRU_L3,13,-0.0,false,lata
120,Del_Valle_Laranja,Frutal,FRU_L3,14,-0.0,false,lata
120,Del_Valle_Laranja,Frutal,FRU_L3,15,-0.0,false,lata
120,Del_Valle_Laranja,Pouso Alegre,POU_L1,1,-0.0,false,lata
120,Del_Valle_Laranja,Pouso Alegre,POU_L1,2,-0.0,false,lata
120,Del_Valle_Laranja,Pouso Alegre,POU_L1,3,-0.0,false,lata
120,Del_Valle_Laranja,Pouso Alegre,POU_L1,4,-0.0,false,lata
120,Del_Valle_Laranja,Pouso Alegre,POU_L1,5,-0.0,false,lata
120,Del_Valle_Laranja,Pouso Alegre,POU_L1,6,-0.0,false,lata
120,Del_Valle_Laranja,Pouso Alegre,POU_L1,7,-0.0,false,lata
120,Del_Valle_Laranja,Pouso Alegre,POU_L1,8,-0.0,false,lata
120,Del_Valle_Laranja,Pouso Alegre,POU_L1,9,-0.0,false,lata
120,Del_Valle_Laranja,Pouso Alegre,POU_L1,10,-0.0,false,lata
120,Del_Valle_Laranja,Pouso Alegre,POU_L1,11,-0.0,false,lata
120,Del_Valle_Laranja,Pouso Alegre,POU_L1,12,-0.0,false,lata
120,Del_Valle_Laranja,Pouso Alegre,POU_L1,13,-0.0,false,lata
120,Del_Valle_Laranja,Pouso Alegre,POU_L1,14,-0.0,false,lata
120,Del_Valle_Laranja,Pouso Alegre,POU_L1,15,-0.0,false,lata
120,Del_Valle_Laranja,Pouso Alegre,POU_L2,1,-0.0,false,lata
120,Del_Valle_Laranja,Pouso Alegre,POU_L2,2,-0.0,false,lata
120,Del_Valle_Laranja,Pouso Alegre,POU_L2,3,-0.0,false,lata
120,Del_Valle_Laranja,Pouso Alegre,POU_L2,4,-0.0,false,lata
120,Del_Valle_Laranja,Pouso Alegre,POU_L2,5,-0.0,false,lata
120,Del_Valle_Laranja,Pouso Alegre,POU_L2,6,-0.0,false,lata
120,Del_Valle_Laranja,Pouso Alegre,POU_L2,7,-0.0,false,lata
120,Del_Valle_Laranja,Pouso Alegre,POU_L2,8,-0.0,false,lata
120,Del_Valle_Laranja,Pouso Alegre,POU_L2,9,-999999.9398108496,false,lata
120,Del_Valle_Laranja,Pouso Alegre,POU_L2,10,-0.0,false,lata
120,Del_Valle_Laranja,Pouso Alegre,POU_L2,11,-0.0,false,lata
120,Del_Valle_Laranja,Pouso Alegre,POU_L2,12,-0.0,false,lata
120,Del_Valle_Laranja,Pouso Alegre,POU_L2,13,-0.0,false,lata
120,Del_Valle_Laranja,Pouso Alegre,POU_L2,14,-0.0,false,lata
120,Del_Valle_Laranja,Pouso Alegre,POU_L2,15,-0.0,false,lata
120,Del_Valle_Laranja,Pouso Alegre,POU_L3,1,-0.0,false,lata
120,Del_Valle_Laranja,Pouso Alegre,POU_L3,2,-0.0,false,lata
120,Del_Valle_Laranja,Pouso Alegre,POU_L3,3,-0.0,false,lata
120,Del_Valle_Laranja,Pouso Alegre,POU_L3,4,-0.0,false,lata
120,Del_Valle_Laranja,Pouso Alegre,POU_L3,5,-0.0,false,lata
120,Del_Valle_Laranja,Pouso Alegre,POU_L3,6,-0.0,false,lata
120,Del_Valle_Laranja,Pouso Alegre,POU_L3,7,-0.0,false,lata
120,Del_Valle_Laranja,Pouso Alegre,POU_L3,8,-0.0,false,lata
120,Del_Valle_Laranja,Pouso Alegre,POU_L3,9,-999999.9398108496,false,lata
120,Del_Valle_Laranja,Pouso Alegre,POU_L3,10,-0.0,false,lata
120,Del_Valle_Laranja,Pouso Alegre,POU_L3,11,-0.0,false,lata
120,Del_Valle_Laranja,Pouso Alegre,POU_L3,12,-0.0,false,lata
120,Del_Valle_Laranja,Pouso Alegre,POU_L3,13,-999999.1197239497,false,lata
120,Del_Valle_Laranja,Pouso Alegre,POU_L3,14,-0.0,false,lata
120,Del_Valle_Laranja,Pouso Alegre,POU_L3,15,-0.0,false,lata
120,Del_Valle_Laranja,Gama,GAM_L1,1,-0.0,false,lata
120,Del_Valle_Laranja,Gama,GAM_L1,2,-0.0,false,lata
120,Del_Valle_Laranja,Gama,GAM_L1,3,-0.0,false,lata
120,Del_Valle_Laranja,Gama,GAM_L1,4,-0.0,false,lata
120,Del_Valle_Laranja,Gama,GAM_L1,5,-0.0,false,lata
120,Del_Valle_Laranja,Gama,GAM_L1,6,-0.0,false,lata
120,Del_Valle_Laranja,Gama,GAM_L1,7,-0.0,false,lata
120,Del_Valle_Laranja,Gama,GAM_L1,8,-0.0,false,lata
120,Del_Valle_Laranja,Gama,GAM_L1,9,-0.0,false,lata
120,Del_Valle_Laranja,Gama,GAM_L1,10,-0.0,false,lata
120,Del_Valle_Laranja,Gama,GAM_L1,11,-0.0,false,lata
120,Del_Valle_Laranja,Gama,GAM_L1,12,-999999.9231988001,false,lata
120,Del_Valle_Laranja,Gama,GAM_L1,13,-0.0,false,lata
120,Del_Valle_Laranja,Gama,GAM_L1,14,-0.0,false,lata
120,Del_Valle_Laranja,Gama,GAM_L1,15,-0.0,false,lata
120,Del_Valle_Laranja,Gama,GAM_L2,1,-0.0,false,lata
120,Del_Valle_Laranja,Gama,GAM_L2,2,-0.0,false,lata
120,Del_Valle_Laranja,Gama,GAM_L2,3,-0.0,false,lata
120,Del_Valle_Laranja,Gama,GAM_L2,4,-0.0,false,lata
120,Del_Valle_Laranja,Gama,GAM_L2,5,-0.0,false,lata
120,Del_Valle_Laranja,Gama,GAM_L2,6,-0.0,false,lata
120,Del_Valle_Laranja,Gama,GAM_L2,7,-0.0,false,lata
120,Del_Valle_Laranja,Gama,GAM_L2,8,-0.0,false,lata
120,Del_Valle_Laranja,Gama,GAM_L2,9,-0.0,false,lata
120,Del_Valle_Laranja,Gama,GAM_L2,10,-0.0,false,lata
120,Del_Valle_Laranja,Gama,GAM_L2,11,-0.0,false,lata
120,Del_Valle_Laranja,Gama,GAM_L2,12,-0.0,false,lata
120,Del_Valle_Laranja,Gama,GAM_L2,13,-0.0,false,lata
120,Del_Valle_Laranja,Gama,GAM_L2,14,-0.0,false,lata
120,Del_Valle_Laranja,Gama,GAM_L2,15,-0.0,false,lata
120,Del_Valle_Laranja,Gama,GAM_L3,1,-999999.3071478999,false,lata
120,Del_Valle_Laranja,Gama,GAM_L3,2,-0.0,false,lata
120,Del_Valle_Laranja,Gama,GAM_L3,3,-0.0,false,lata
120,Del_Valle_Laranja,Gama,GAM_L3,4,-0.0,false,lata
120,Del_Valle_Laranja,Gama,GAM_L3,5,-0.0,false,lata
120,Del_Valle_Laranja,Gama,GAM_L3,6,-0.0,false,lata
120,Del_Valle_Laranja,Gama,GAM_L3,7,-0.0,false,lata
120,Del_Valle_Laranja,Gama,GAM_L3,8,-0.0,false,lata
120,Del_Valle_Laranja,Gama,GAM_L3,9,-0.0,false,lata
120,Del_Valle_Laranja,Gama,GAM_L3,10,-0.0,false,lata
120,Del_Valle_Laranja,Gama,GAM_L3,11,-0.0,false,lata
120,Del_Valle_Laranja,Gama,GAM_L3,12,-0.0,false,lata
120,Del_Valle_Laranja,Gama,GAM_L3,13,-0.0,false,lata
120,Del_Valle_Laranja,Gama,GAM_L3,14,-0.0,false,lata
120,Del_Valle_Laranja,Gama,GAM_L3,15,-0.0,false,lata
120,Del_Valle_Laranja,Viamao,VIA_L1,1,-999999.3363463499,false,lata
120,Del_Valle_Laranja,Viamao,VIA_L1,2,-0.0,false,lata
120,Del_Valle_Laranja,Viamao,VIA_L1,3,-0.0,false,lata
120,Del_Valle_Laranja,Viamao,VIA_L1,4,-0.0,false,lata
120,Del_Valle_Laranja,Viamao,VIA_L1,5,-0.0,false,lata
120,Del_Valle_Laranja,Viamao,VIA_L1,6,-999999.8598399003,false,lata
120,Del_Valle_Laranja,Viamao,VIA_L1,7,-0.0,false,lata
120,Del_Valle_Laranja,Viamao,VIA_L1,8,-0.0,false,lata
120,Del_Valle_Laranja,Viamao,VIA_L1,9,-0.0,false,lata
120,Del_Valle_Laranja,Viamao,VIA_L1,10,-0.0,false,lata
120,Del_Valle_Laranja,Viamao,VIA_L1,11,-0.0,false,lata
120,Del_Valle_Laranja,Viamao,VIA_L1,12,-999999.9764341001,false,lata
120,Del_Valle_Laranja,Viamao,VIA_L1,13,-0.0,false,lata
120,Del_Valle_Laranja,Viamao,VIA_L1,14,-0.0,false,lata
120,Del_Valle_Laranja,Viamao,VIA_L1,15,-0.0,false,lata
120,Del_Valle_Laranja,Viamao,VIA_L2,1,-0.0,false,lata
120,Del_Valle_Laranja,Viamao,VIA_L2,2,-0.0,false,lata
120,Del_Valle_Laranja,Viamao,VIA_L2,3,-0.0,false,lata
120,Del_Valle_Laranja,Viamao,VIA_L2,4,-0.0,false,lata
120,Del_Valle_Laranja,Viamao,VIA_L2,5,-0.0,false,lata
120,Del_Valle_Laranja,Viamao,VIA_L2,6,-0.0,false,lata
120,Del_Valle_Laranja,Viamao,VIA_L2,7,-0.0,false,lata
120,Del_Valle_Laranja,Viamao,VIA_L2,8,-0.0,false,lata
120,Del_Valle_Laranja,Viamao,VIA_L2,9,-0.0,false,lata
120,Del_Valle_Laranja,Viamao,VIA_L2,10,-0.0,false,lata
120,Del_Valle_Laranja,Viamao,VIA_L2,11,-0.0,false,lata
120,Del_Valle_Laranja,Viamao,VIA_L2,12,-0.0,false,lata
120,Del_Valle_Laranja,Viamao,VIA_L2,13,-0.0,false,lata
120,Del_Valle_Laranja,Viamao,VIA_L2,14,-0.0,false,lata
120,Del_Valle_Laranja,Viamao,VIA_L2,15,-0.0,false,lata
120,Del_Valle_Laranja,Viamao,VIA_L3,1,-0.0,false,lata
120,Del_Valle_Laranja,Viamao,VIA_L3,2,-0.0,false,lata
120,Del_Valle_Laranja,Viamao,VIA_L3,3,-0.0,false,lata
120,Del_Valle_Laranja,Viamao,VIA_L3,4,-0.0,false,lata
120,Del_Valle_Laranja,Viamao,VIA_L3,5,-0.0,false,lata
120,Del_Valle_Laranja,Viamao,VIA_L3,6,-0.0,false,lata
120,Del_Valle_Laranja,Viamao,VIA_L3,7,-0.0,false,lata
120,Del_Valle_Laranja,Viamao,VIA_L3,8,-999999.7061647992,false,lata
120,Del_Valle_Laranja,Viamao,VIA_L3,9,-0.0,false,lata
120,Del_Valle_Laranja,Viamao,VIA_L3,10,-0.0,false,lata
120,Del_Valle_Laranja,Viamao,VIA_L3,11,-0.0,false,lata
120,Del_Valle_Laranja,Viamao,VIA_L3,12,-999999.9764341001,false,lata
120,Del_Valle_Laranja,Viamao,VIA_L3,13,-0.0,false,lata
120,Del_Valle_Laranja,Viamao,VIA_L3,14,-0.0,false,lata
120,Del_Valle_Laranja,Viamao,VIA_L3,15,-0.0,false,lata
120,Del_Valle_Laranja,Itupeva,ITU_L1,1,-0.0,false,lata
120,Del_Valle_Laranja,Itupeva,ITU_L1,2,-0.0,false,lata
120,Del_Valle_Laranja,Itupeva,ITU_L1,3,-0.0,false,lata
120,Del_Valle_Laranja,Itupeva,ITU_L1,4,-0.0,false,lata
120,Del_Valle_Laranja,Itupeva,ITU_L1,5,-0.0,false,lata
120,Del_Valle_Laranja,Itupeva,ITU_L1,6,-0.0,false,lata
120,Del_Valle_Laranja,Itupeva,ITU_L1,7,-0.0,false,lata
120,Del_Valle_Laranja,Itupeva,ITU_L1,8,-0.0,false,lata
120,Del_Valle_Laranja,Itupeva,ITU_L1,9,-0.0,false,lata
120,Del_Valle_Laranja,Itupeva,ITU_L1,10,-0.0,false,lata
120,Del_Valle_Laranja,Itupeva,ITU_L1,11,-0.0,false,lata
120,Del_Valle_Laranja,Itupeva,ITU_L1,12,-0.0,false,lata
120,Del_Valle_Laranja,Itupeva,ITU_L1,13,-0.0,false,lata
120,Del_Valle_Laranja,Itupeva,ITU_L1,14,-0.0,false,lata
120,Del_Valle_Laranja,Itupeva,ITU_L1,15,-0.0,false,lata
120,Del_Valle_Laranja,Itupeva,ITU_L2,1,-0.0,false,lata
120,Del_Valle_Laranja,Itupeva,ITU_L2,2,-0.0,false,lata
120,Del_Valle_Laranja,Itupeva,ITU_L2,3,-0.0,false,lata
120,Del_Valle_Laranja,Itupeva,ITU_L2,4,-0.0,false,lata
120,Del_Valle_Laranja,Itupeva,ITU_L2,5,-0.0,false,lata
120,Del_Valle_Laranja,Itupeva,ITU_L2,6,-0.0,false,lata
120,Del_Valle_Laranja,Itupeva,ITU_L2,7,-0.0,false,lata
120,Del_Valle_Laranja,Itupeva,ITU_L2,8,-0.0,false,lata
120,Del_Valle_Laranja,Itupeva,ITU_L2,9,-0.0,false,lata
120,Del_Valle_Laranja,Itupeva,ITU_L2,10,-0.0,false,lata
120,Del_Valle_Laranja,Itupeva,ITU_L2,11,-0.0,false,lata
120,Del_Valle_Laranja,Itupeva,ITU_L2,12,-0.0,false,lata
120,Del_Valle_Laranja,Itupeva,ITU_L2,13,-999999.1196216497,false,lata
120,Del_Valle_Laranja,Itupeva,ITU_L2,14,-0.0,false,lata
120,Del_Valle_Laranja,Itupeva,ITU_L2,15,-0.0,false,lata
120,Del_Valle_Laranja,Itupeva,ITU_L3,1,-0.0,false,lata
120,Del_Valle_Laranja,Itupeva,ITU_L3,2,-0.0,false,lata
120,Del_Valle_Laranja,Itupeva,ITU_L3,3,-0.0,false,lata
120,Del_Valle_Laranja,Itupeva,ITU_L3,4,-999999.2977986002,false,lata
120,Del_Valle_Laranja,Itupeva,ITU_L3,5,-0.0,false,lata
120,Del_Valle_Laranja,Itupeva,ITU_L3,6,-0.0,false,lata
120,Del_Valle_Laranja,Itupeva,ITU_L3,7,-999999.3960544997,false,lata
120,Del_Valle_Laranja,Itupeva,ITU_L3,8,-0.0,false,lata
120,Del_Valle_Laranja,Itupeva,ITU_L3,9,-0.0,false,lata
120,Del_Valle_Laranja,Itupeva,ITU_L3,10,-0.0,false,lata
120,Del_Valle_Laranja,Itupeva,ITU_L3,11,-0.0,false,lata
120,Del_Valle_Laranja,Itupeva,ITU_L3,12,-0.0,false,lata
120,Del_Valle_Laranja,Itupeva,ITU_L3,13,-0.0,false,lata
120,Del_Valle_Laranja,Itupeva,ITU_L3,14,-0.0,false,lata
120,Del_Valle_Laranja,Itupeva,ITU_L3,15,-0.0,false,lata
120,Del_Valle_Laranja,Cabo de Santo Agostinho,CAB_L1,1,-0.0,false,lata
120,Del_Valle_Laranja,Cabo de Santo Agostinho,CAB_L1,2,-0.0,false,lata
120,Del_Valle_Laranja,Cabo de Santo Agostinho,CAB_L1,3,-0.0,false,lata
120,Del_Valle_Laranja,Cabo de Santo Agostinho,CAB_L1,4,-0.0,false,lata
120,Del_Valle_Laranja,Cabo de Santo Agostinho,CAB_L1,5,-0.0,false,lata
120,Del_Valle_Laranja,Cabo de Santo Agostinho,CAB_L1,6,-0.0,false,lata
120,Del_Valle_Laranja,Cabo de Santo Agostinho,CAB_L1,7,-0.0,false,lata
120,Del_Valle_Laranja,Cabo de Santo Agostinho,CAB_L1,8,-0.0,false,lata
120,Del_Valle_Laranja,Cabo de Santo Agostinho,CAB_L1,9,-0.0,false,lata
120,Del_Valle_Laranja,Cabo de Santo Agostinho,CAB_L1,10,-0.0,false,lata
120,Del_Valle_Laranja,Cabo de Santo Agostinho,CAB_L1,11,-0.0,false,lata
120,Del_Valle_Laranja,Cabo de Santo Agostinho,CAB_L1,12,-0.0,false,lata
120,Del_Valle_Laranja,Cabo de Santo Agostinho,CAB_L1,13,-0.0,false,lata
120,Del_Valle_Laranja,Cabo de Santo Agostinho,CAB_L1,14,-0.0,false,lata
120,Del_Valle_Laranja,Cabo de Santo Agostinho,CAB_L1,15,-0.0,false,lata
120,Del_Valle_Laranja,Cabo de Santo Agostinho,CAB_L2,1,-0.0,false,lata
120,Del_Valle_Laranja,Cabo de Santo Agostinho,CAB_L2,2,-0.0,false,lata
120,Del_Valle_Laranja,Cabo de Santo Agostinho,CAB_L2,3,-0.0,false,lata
120,Del_Valle_Laranja,Cabo de Santo Agostinho,CAB_L2,4,-0.0,false,lata
120,Del_Valle_Laranja,Cabo de Santo Agostinho,CAB_L2,5,-0.0,false,lata
120,Del_Valle_Laranja,Cabo de Santo Agostinho,CAB_L2,6,-0.0,false,lata
120,Del_Valle_Laranja,Cabo de Santo Agostinho,CAB_L2,7,-999999.4387751502,false,lata
120,Del_Valle_Laranja,Cabo de Santo Agostinho,CAB_L2,8,-0.0,false,lata
120,Del_Valle_Laranja,Cabo de Santo Agostinho,CAB_L2,9,-0.0,false,lata
120,Del_Valle_Laranja,Cabo de Santo Agostinho,CAB_L2,10,-0.0,false,lata
120,Del_Valle_Laranja,Cabo de Santo Agostinho,CAB_L2,11,-0.0,false,lata
120,Del_Valle_Laranja,Cabo de Santo Agostinho,CAB_L2,12,-0.0,false,lata
120,Del_Valle_Laranja,Cabo de Santo Agostinho,CAB_L2,13,-0.0,false,lata
120,Del_Valle_Laranja,Cabo de Santo Agostinho,CAB_L2,14,-0.0,false,lata
120,Del_Valle_Laranja,Cabo de Santo Agostinho,CAB_L2,15,-0.0,false,lata
120,Del_Valle_Laranja,Cabo de Santo Agostinho,CAB_L3,1,-0.0,false,lata
120,Del_Valle_Laranja,Cabo de Santo Agostinho,CAB_L3,2,-0.0,false,lata
120,Del_Valle_Laranja,Cabo de Santo Agostinho,CAB_L3,3,-0.0,false,lata
120,Del_Valle_Laranja,Cabo de Santo Agostinho,CAB_L3,4,-0.0,false,lata
120,Del_Valle_Laranja,Cabo de Santo Agostinho,CAB_L3,5,-0.0,false,lata
120,Del_Valle_Laranja,Cabo de Santo Agostinho,CAB_L3,6,-0.0,false,lata
120,Del_Valle_Laranja,Cabo de Santo Agostinho,CAB_L3,7,-0.0,false,lata
120,Del_Valle_Laranja,Cabo de Santo Agostinho,CAB_L3,8,-999999.6536321997,false,lata
120,Del_Valle_Laranja,Cabo de Santo Agostinho,CAB_L3,9,-0.0,false,lata
120,Del_Valle_Laranja,Cabo de Santo Agostinho,CAB_L3,10,-999999.4629683001,false,lata
120,Del_Valle_Laranja,Cabo de Santo Agostinho,CAB_L3,11,-0.0,false,lata
120,Del_Valle_Laranja,Cabo de Santo Agostinho,CAB_L3,12,-0.0,false,lata
120,Del_Valle_Laranja,Cabo de Santo Agostinho,CAB_L3,13,-0.0,false,lata
120,Del_Valle_Laranja,Cabo de Santo Agostinho,CAB_L3,14,-0.0,false,lata
120,Del_Valle_Laranja,Cabo de Santo Agostinho,CAB_L3,15,-999999.3779712501,false,lata
120,Sprite,Jacarei,JAC_L1,1,-0.0,false,lata
120,Sprite,Jacarei,JAC_L1,2,-0.0,false,lata
120,Sprite,Jacarei,JAC_L1,3,-0.0,false,lata
120,Sprite,Jacarei,JAC_L1,4,-0.0,false,lata
120,Sprite,Jacarei,JAC_L1,5,-0.0,false,lata
120,Sprite,Jacarei,JAC_L1,6,-0.0,false,lata
120,Sprite,Jacarei,JAC_L1,7,-0.0,false,lata
120,Sprite,Jacarei,JAC_L1,8,-0.0,false,lata
120,Sprite,Jacarei,JAC_L1,9,-0.0,false,lata
120,Sprite,Jacarei,JAC_L1,10,-0.0,false,lata
120,Sprite,Jacarei,JAC_L1,11,-0.0,false,lata
120,Sprite,Jacarei,JAC_L1,12,-0.0,false,lata
120,Sprite,Jacarei,JAC_L1,13,-0.0,false,lata
120,Sprite,Jacarei,JAC_L1,14,-0.0,false,lata
120,Sprite,Jacarei,JAC_L1,15,-1.0e6,true,lata
120,Sprite,Jacarei,JAC_L2,1,-0.0,false,lata
120,Sprite,Jacarei,JAC_L2,2,-0.0,false,lata
120,Sprite,Jacarei,JAC_L2,3,-0.0,false,lata
120,Sprite,Jacarei,JAC_L2,4,-0.0,false,lata
120,Sprite,Jacarei,JAC_L2,5,-0.0,false,lata
120,Sprite,Jacarei,JAC_L2,6,-999999.998315,false,lata
120,Sprite,Jacarei,JAC_L2,7,-0.0,false,lata
120,Sprite,Jacarei,JAC_L2,8,-0.0,false,lata
120,Sprite,Jacarei,JAC_L2,9,-0.0,false,lata
120,Sprite,Jacarei,JAC_L2,10,-0.0,false,lata
120,Sprite,Jacarei,JAC_L2,11,-0.0,false,lata
120,Sprite,Jacarei,JAC_L2,12,-0.0,false,lata
120,Sprite,Jacarei,JAC_L2,13,-0.0,false,lata
120,Sprite,Jacarei,JAC_L2,14,-0.0,false,lata
120,Sprite,Jacarei,JAC_L2,15,-0.0,false,lata
120,Sprite,Jacarei,JAC_L3,1,-1.0e6,true,lata
120,Sprite,Jacarei,JAC_L3,2,-0.0,false,lata
120,Sprite,Jacarei,JAC_L3,3,-0.0,false,lata
120,Sprite,Jacarei,JAC_L3,4,-0.0,false,lata
120,Sprite,Jacarei,JAC_L3,5,-0.0,false,lata
120,Sprite,Jacarei,JAC_L3,6,-0.0,false,lata
120,Sprite,Jacarei,JAC_L3,7,-0.0,false,lata
120,Sprite,Jacarei,JAC_L3,8,-0.0,false,lata
120,Sprite,Jacarei,JAC_L3,9,-0.0,false,lata
120,Sprite,Jacarei,JAC_L3,10,-0.0,false,lata
120,Sprite,Jacarei,JAC_L3,11,-0.0,false,lata
120,Sprite,Jacarei,JAC_L3,12,-0.0,false,lata
120,Sprite,Jacarei,JAC_L3,13,-0.0,false,lata
120,Sprite,Jacarei,JAC_L3,14,-0.0,false,lata
120,Sprite,Jacarei,JAC_L3,15,-0.0,false,lata
120,Sprite,Extrema,EXT_L1,1,-0.0,false,lata
120,Sprite,Extrema,EXT_L1,2,-0.0,false,lata
120,Sprite,Extrema,EXT_L1,3,-0.0,false,lata
120,Sprite,Extrema,EXT_L1,4,-0.0,false,lata
120,Sprite,Extrema,EXT_L1,5,-0.0,false,lata
120,Sprite,Extrema,EXT_L1,6,-999999.9972712,false,lata
120,Sprite,Extrema,EXT_L1,7,-0.0,false,lata
120,Sprite,Extrema,EXT_L1,8,-999999.96687295,false,lata
120,Sprite,Extrema,EXT_L1,9,-0.0,false,lata
120,Sprite,Extrema,EXT_L1,10,-0.0,false,lata
120,Sprite,Extrema,EXT_L1,11,-0.0,false,lata
120,Sprite,Extrema,EXT_L1,12,-0.0,false,lata
120,Sprite,Extrema,EXT_L1,13,-0.0,false,lata
120,Sprite,Extrema,EXT_L1,14,-0.0,false,lata
120,Sprite,Extrema,EXT_L1,15,-0.0,false,lata
120,Sprite,Extrema,EXT_L2,1,-1.0e6,true,lata
120,Sprite,Extrema,EXT_L2,2,-0.0,false,lata
120,Sprite,Extrema,EXT_L2,3,-0.0,false,lata
120,Sprite,Extrema,EXT_L2,4,-0.0,false,lata
120,Sprite,Extrema,EXT_L2,5,-0.0,false,lata
120,Sprite,Extrema,EXT_L2,6,-0.0,false,lata
120,Sprite,Extrema,EXT_L2,7,-0.0,false,lata
120,Sprite,Extrema,EXT_L2,8,-0.0,false,lata
120,Sprite,Extrema,EXT_L2,9,-0.0,false,lata
120,Sprite,Extrema,EXT_L2,10,-0.0,false,lata
120,Sprite,Extrema,EXT_L2,11,-0.0,false,lata
120,Sprite,Extrema,EXT_L2,12,-0.0,false,lata
120,Sprite,Extrema,EXT_L2,13,-0.0,false,lata
120,Sprite,Extrema,EXT_L2,14,-0.0,false,lata
120,Sprite,Extrema,EXT_L2,15,-0.0,false,lata
120,Sprite,Extrema,EXT_L3,1,-0.0,false,lata
120,Sprite,Extrema,EXT_L3,2,-0.0,false,lata
120,Sprite,Extrema,EXT_L3,3,-0.0,false,lata
120,Sprite,Extrema,EXT_L3,4,-0.0,false,lata
120,Sprite,Extrema,EXT_L3,5,-0.0,false,lata
120,Sprite,Extrema,EXT_L3,6,-0.0,false,lata
120,Sprite,Extrema,EXT_L3,7,-0.0,false,lata
120,Sprite,Extrema,EXT_L3,8,-0.0,false,lata
120,Sprite,Extrema,EXT_L3,9,-0.0,false,lata
120,Sprite,Extrema,EXT_L3,10,-0.0,false,lata
120,Sprite,Extrema,EXT_L3,11,-0.0,false,lata
120,Sprite,Extrema,EXT_L3,12,-0.0,false,lata
120,Sprite,Extrema,EXT_L3,13,-0.0,false,lata
120,Sprite,Extrema,EXT_L3,14,-0.0,false,lata
120,Sprite,Extrema,EXT_L3,15,-0.0,false,lata
120,Sprite,Tres Rios,TRE_L1,1,-0.0,false,lata
120,Sprite,Tres Rios,TRE_L1,2,-0.0,false,lata
120,Sprite,Tres Rios,TRE_L1,3,-0.0,false,lata
120,Sprite,Tres Rios,TRE_L1,4,-0.0,false,lata
120,Sprite,Tres Rios,TRE_L1,5,-0.0,false,lata
120,Sprite,Tres Rios,TRE_L1,6,-0.0,false,lata
120,Sprite,Tres Rios,TRE_L1,7,-999999.7356684,false,lata
120,Sprite,Tres Rios,TRE_L1,8,-0.0,false,lata
120,Sprite,Tres Rios,TRE_L1,9,-0.0,false,lata
120,Sprite,Tres Rios,TRE_L1,10,-0.0,false,lata
120,Sprite,Tres Rios,TRE_L1,11,-0.0,false,lata
120,Sprite,Tres Rios,TRE_L1,12,-0.0,false,lata
120,Sprite,Tres Rios,TRE_L1,13,-0.0,false,lata
120,Sprite,Tres Rios,TRE_L1,14,-0.0,false,lata
120,Sprite,Tres Rios,TRE_L1,15,-0.0,false,lata
120,Sprite,Tres Rios,TRE_L2,1,-0.0,false,lata
120,Sprite,Tres Rios,TRE_L2,2,-0.0,false,lata
120,Sprite,Tres Rios,TRE_L2,3,-0.0,false,lata
120,Sprite,Tres Rios,TRE_L2,4,-0.0,false,lata
120,Sprite,Tres Rios,TRE_L2,5,-0.0,false,lata
120,Sprite,Tres Rios,TRE_L2,6,-0.0,false,lata
120,Sprite,Tres Rios,TRE_L2,7,-0.0,false,lata
120,Sprite,Tres Rios,TRE_L2,8,-0.0,false,lata
120,Sprite,Tres Rios,TRE_L2,9,-0.0,false,lata
120,Sprite,Tres Rios,TRE_L2,10,-0.0,false,lata
120,Sprite,Tres Rios,TRE_L2,11,-0.0,false,lata
120,Sprite,Tres Rios,TRE_L2,12,-0.0,false,lata
120,Sprite,Tres Rios,TRE_L2,13,-0.0,false,lata
120,Sprite,Tres Rios,TRE_L2,14,-0.0,false,lata
120,Sprite,Tres Rios,TRE_L2,15,-0.0,false,lata
120,Sprite,Tres Rios,TRE_L3,1,-0.0,false,lata
120,Sprite,Tres Rios,TRE_L3,2,-0.0,false,lata
120,Sprite,Tres Rios,TRE_L3,3,-0.0,false,lata
120,Sprite,Tres Rios,TRE_L3,4,-0.0,false,lata
120,Sprite,Tres Rios,TRE_L3,5,-0.0,false,lata
120,Sprite,Tres Rios,TRE_L3,6,-0.0,false,lata
120,Sprite,Tres Rios,TRE_L3,7,-0.0,false,lata
120,Sprite,Tres Rios,TRE_L3,8,-0.0,false,lata
120,Sprite,Tres Rios,TRE_L3,9,-0.0,false,lata
120,Sprite,Tres Rios,TRE_L3,10,-0.0,false,lata
120,Sprite,Tres Rios,TRE_L3,11,-0.0,false,lata
120,Sprite,Tres Rios,TRE_L3,12,-0.0,false,lata
120,Sprite,Tres Rios,TRE_L3,13,-999999.7384004999,false,lata
120,Sprite,Tres Rios,TRE_L3,14,-0.0,false,lata
120,Sprite,Tres Rios,TRE_L3,15,-0.0,false,lata
120,Sprite,Alagoinhas,ALA_L1,1,-0.0,false,lata
120,Sprite,Alagoinhas,ALA_L1,2,-0.0,false,lata
120,Sprite,Alagoinhas,ALA_L1,3,-0.0,false,lata
120,Sprite,Alagoinhas,ALA_L1,4,-0.0,false,lata
120,Sprite,Alagoinhas,ALA_L1,5,-0.0,false,lata
120,Sprite,Alagoinhas,ALA_L1,6,-0.0,false,lata
120,Sprite,Alagoinhas,ALA_L1,7,-0.0,false,lata
120,Sprite,Alagoinhas,ALA_L1,8,-0.0,false,lata
120,Sprite,Alagoinhas,ALA_L1,9,-0.0,false,lata
120,Sprite,Alagoinhas,ALA_L1,10,-0.0,false,lata
120,Sprite,Alagoinhas,ALA_L1,11,-0.0,false,lata
120,Sprite,Alagoinhas,ALA_L1,12,-0.0,false,lata
120,Sprite,Alagoinhas,ALA_L1,13,-0.0,false,lata
120,Sprite,Alagoinhas,ALA_L1,14,-0.0,false,lata
120,Sprite,Alagoinhas,ALA_L1,15,-0.0,false,lata
120,Sprite,Alagoinhas,ALA_L2,1,-0.0,false,lata
120,Sprite,Alagoinhas,ALA_L2,2,-0.0,false,lata
120,Sprite,Alagoinhas,ALA_L2,3,-0.0,false,lata
120,Sprite,Alagoinhas,ALA_L2,4,-0.0,false,lata
120,Sprite,Alagoinhas,ALA_L2,5,-0.0,false,lata
120,Sprite,Alagoinhas,ALA_L2,6,-0.0,false,lata
120,Sprite,Alagoinhas,ALA_L2,7,-0.0,false,lata
120,Sprite,Alagoinhas,ALA_L2,8,-0.0,false,lata
120,Sprite,Alagoinhas,ALA_L2,9,-0.0,false,lata
120,Sprite,Alagoinhas,ALA_L2,10,-0.0,false,lata
120,Sprite,Alagoinhas,ALA_L2,11,-0.0,false,lata
120,Sprite,Alagoinhas,ALA_L2,12,-0.0,false,lata
120,Sprite,Alagoinhas,ALA_L2,13,-0.0,false,lata
120,Sprite,Alagoinhas,ALA_L2,14,-0.0,false,lata
120,Sprite,Alagoinhas,ALA_L2,15,-0.0,false,lata
120,Sprite,Alagoinhas,ALA_L3,1,-0.0,false,lata
120,Sprite,Alagoinhas,ALA_L3,2,-0.0,false,lata
120,Sprite,Alagoinhas,ALA_L3,3,-0.0,false,lata
120,Sprite,Alagoinhas,ALA_L3,4,-0.0,false,lata
120,Sprite,Alagoinhas,ALA_L3,5,-0.0,false,lata
120,Sprite,Alagoinhas,ALA_L3,6,-0.0,false,lata
120,Sprite,Alagoinhas,ALA_L3,7,-0.0,false,lata
120,Sprite,Alagoinhas,ALA_L3,8,-0.0,false,lata
120,Sprite,Alagoinhas,ALA_L3,9,-0.0,false,lata
120,Sprite,Alagoinhas,ALA_L3,10,-0.0,false,lata
120,Sprite,Alagoinhas,ALA_L3,11,-0.0,false,lata
120,Sprite,Alagoinhas,ALA_L3,12,-0.0,false,lata
120,Sprite,Alagoinhas,ALA_L3,13,-999999.7857190999,false,lata
120,Sprite,Alagoinhas,ALA_L3,14,-0.0,false,lata
120,Sprite,Alagoinhas,ALA_L3,15,-1.0e6,true,lata
120,Sprite,Frutal,FRU_L1,1,-0.0,false,lata
120,Sprite,Frutal,FRU_L1,2,-0.0,false,lata
120,Sprite,Frutal,FRU_L1,3,-0.0,false,lata
120,Sprite,Frutal,FRU_L1,4,-0.0,false,lata
120,Sprite,Frutal,FRU_L1,5,-0.0,false,lata
120,Sprite,Frutal,FRU_L1,6,-0.0,false,lata
120,Sprite,Frutal,FRU_L1,7,-0.0,false,lata
120,Sprite,Frutal,FRU_L1,8,-0.0,false,lata
120,Sprite,Frutal,FRU_L1,9,-0.0,false,lata
120,Sprite,Frutal,FRU_L1,10,-0.0,false,lata
120,Sprite,Frutal,FRU_L1,11,-0.0,false,lata
120,Sprite,Frutal,FRU_L1,12,-0.0,false,lata
120,Sprite,Frutal,FRU_L1,13,-0.0,false,lata
120,Sprite,Frutal,FRU_L1,14,-0.0,false,lata
120,Sprite,Frutal,FRU_L1,15,-0.0,false,lata
120,Sprite,Frutal,FRU_L2,1,-0.0,false,lata
120,Sprite,Frutal,FRU_L2,2,-0.0,false,lata
120,Sprite,Frutal,FRU_L2,3,-0.0,false,lata
120,Sprite,Frutal,FRU_L2,4,-0.0,false,lata
120,Sprite,Frutal,FRU_L2,5,-0.0,false,lata
120,Sprite,Frutal,FRU_L2,6,-0.0,false,lata
120,Sprite,Frutal,FRU_L2,7,-0.0,false,lata
120,Sprite,Frutal,FRU_L2,8,-0.0,false,lata
120,Sprite,Frutal,FRU_L2,9,-0.0,false,lata
120,Sprite,Frutal,FRU_L2,10,-0.0,false,lata
120,Sprite,Frutal,FRU_L2,11,-0.0,false,lata
120,Sprite,Frutal,FRU_L2,12,-0.0,false,lata
120,Sprite,Frutal,FRU_L2,13,-0.0,false,lata
120,Sprite,Frutal,FRU_L2,14,-0.0,false,lata
120,Sprite,Frutal,FRU_L2,15,-1.0e6,true,lata
120,Sprite,Frutal,FRU_L3,1,-0.0,false,lata
120,Sprite,Frutal,FRU_L3,2,-0.0,false,lata
120,Sprite,Frutal,FRU_L3,3,-0.0,false,lata
120,Sprite,Frutal,FRU_L3,4,-999999.73775,false,lata
120,Sprite,Frutal,FRU_L3,5,-0.0,false,lata
120,Sprite,Frutal,FRU_L3,6,-0.0,false,lata
120,Sprite,Frutal,FRU_L3,7,-0.0,false,lata
120,Sprite,Frutal,FRU_L3,8,-0.0,false,lata
120,Sprite,Frutal,FRU_L3,9,-1.0e6,true,lata
120,Sprite,Frutal,FRU_L3,10,-0.0,false,lata
120,Sprite,Frutal,FRU_L3,11,-0.0,false,lata
120,Sprite,Frutal,FRU_L3,12,-0.0,false,lata
120,Sprite,Frutal,FRU_L3,13,-0.0,false,lata
120,Sprite,Frutal,FRU_L3,14,-0.0,false,lata
120,Sprite,Frutal,FRU_L3,15,-0.0,false,lata
120,Sprite,Pouso Alegre,POU_L1,1,-0.0,false,lata
120,Sprite,Pouso Alegre,POU_L1,2,-0.0,false,lata
120,Sprite,Pouso Alegre,POU_L1,3,-0.0,false,lata
120,Sprite,Pouso Alegre,POU_L1,4,-0.0,false,lata
120,Sprite,Pouso Alegre,POU_L1,5,-0.0,false,lata
120,Sprite,Pouso Alegre,POU_L1,6,-0.0,false,lata
120,Sprite,Pouso Alegre,POU_L1,7,-0.0,false,lata
120,Sprite,Pouso Alegre,POU_L1,8,-0.0,false,lata
120,Sprite,Pouso Alegre,POU_L1,9,-0.0,false,lata
120,Sprite,Pouso Alegre,POU_L1,10,-0.0,false,lata
120,Sprite,Pouso Alegre,POU_L1,11,-0.0,false,lata
120,Sprite,Pouso Alegre,POU_L1,12,-0.0,false,lata
120,Sprite,Pouso Alegre,POU_L1,13,-0.0,false,lata
120,Sprite,Pouso Alegre,POU_L1,14,-0.0,false,lata
120,Sprite,Pouso Alegre,POU_L1,15,-0.0,false,lata
120,Sprite,Pouso Alegre,POU_L2,1,-0.0,false,lata
120,Sprite,Pouso Alegre,POU_L2,2,-0.0,false,lata
120,Sprite,Pouso Alegre,POU_L2,3,-0.0,false,lata
120,Sprite,Pouso Alegre,POU_L2,4,-0.0,false,lata
120,Sprite,Pouso Alegre,POU_L2,5,-0.0,false,lata
120,Sprite,Pouso Alegre,POU_L2,6,-1.0e6,true,lata
120,Sprite,Pouso Alegre,POU_L2,7,-0.0,false,lata
120,Sprite,Pouso Alegre,POU_L2,8,-0.0,false,lata
120,Sprite,Pouso Alegre,POU_L2,9,-0.0,false,lata
120,Sprite,Pouso Alegre,POU_L2,10,-999999.3464796499,false,lata
120,Sprite,Pouso Alegre,POU_L2,11,-0.0,false,lata
120,Sprite,Pouso Alegre,POU_L2,12,-0.0,false,lata
120,Sprite,Pouso Alegre,POU_L2,13,-0.0,false,lata
120,Sprite,Pouso Alegre,POU_L2,14,-999999.97233385,false,lata
120,Sprite,Pouso Alegre,POU_L2,15,-0.0,false,lata
120,Sprite,Pouso Alegre,POU_L3,1,-0.0,false,lata
120,Sprite,Pouso Alegre,POU_L3,2,-0.0,false,lata
120,Sprite,Pouso Alegre,POU_L3,3,-0.0,false,lata
120,Sprite,Pouso Alegre,POU_L3,4,-0.0,false,lata
120,Sprite,Pouso Alegre,POU_L3,5,-0.0,false,lata
120,Sprite,Pouso Alegre,POU_L3,6,-0.0,false,lata
120,Sprite,Pouso Alegre,POU_L3,7,-0.0,false,lata
120,Sprite,Pouso Alegre,POU_L3,8,-0.0,false,lata
120,Sprite,Pouso Alegre,POU_L3,9,-0.0,false,lata
120,Sprite,Pouso Alegre,POU_L3,10,-0.0,false,lata
120,Sprite,Pouso Alegre,POU_L3,11,-0.0,false,lata
120,Sprite,Pouso Alegre,POU_L3,12,-0.0,false,lata
120,Sprite,Pouso Alegre,POU_L3,13,-0.0,false,lata
120,Sprite,Pouso Alegre,POU_L3,14,-0.0,false,lata
120,Sprite,Pouso Alegre,POU_L3,15,-0.0,false,lata
120,Sprite,Gama,GAM_L1,1,-0.0,false,lata
120,Sprite,Gama,GAM_L1,2,-0.0,false,lata
120,Sprite,Gama,GAM_L1,3,-0.0,false,lata
120,Sprite,Gama,GAM_L1,4,-0.0,false,lata
120,Sprite,Gama,GAM_L1,5,-0.0,false,lata
120,Sprite,Gama,GAM_L1,6,-0.0,false,lata
120,Sprite,Gama,GAM_L1,7,-0.0,false,lata
120,Sprite,Gama,GAM_L1,8,-999999.9972679,false,lata
120,Sprite,Gama,GAM_L1,9,-0.0,false,lata
120,Sprite,Gama,GAM_L1,10,-0.0,false,lata
120,Sprite,Gama,GAM_L1,11,-0.0,false,lata
120,Sprite,Gama,GAM_L1,12,-0.0,false,lata
120,Sprite,Gama,GAM_L1,13,-0.0,false,lata
120,Sprite,Gama,GAM_L1,14,-0.0,false,lata
120,Sprite,Gama,GAM_L1,15,-0.0,false,lata
120,Sprite,Gama,GAM_L2,1,-0.0,false,lata
120,Sprite,Gama,GAM_L2,2,-0.0,false,lata
120,Sprite,Gama,GAM_L2,3,-999999.5174983,false,lata
120,Sprite,Gama,GAM_L2,4,-0.0,false,lata
120,Sprite,Gama,GAM_L2,5,-0.0,false,lata
120,Sprite,Gama,GAM_L2,6,-0.0,false,lata
120,Sprite,Gama,GAM_L2,7,-0.0,false,lata
120,Sprite,Gama,GAM_L2,8,-0.0,false,lata
120,Sprite,Gama,GAM_L2,9,-0.0,false,lata
120,Sprite,Gama,GAM_L2,10,-999999.3741457999,false,lata
120,Sprite,Gama,GAM_L2,11,-0.0,false,lata
120,Sprite,Gama,GAM_L2,12,-0.0,false,lata
120,Sprite,Gama,GAM_L2,13,-0.0,false,lata
120,Sprite,Gama,GAM_L2,14,-0.0,false,lata
120,Sprite,Gama,GAM_L2,15,-0.0,false,lata
120,Sprite,Gama,GAM_L3,1,-0.0,false,lata
120,Sprite,Gama,GAM_L3,2,-0.0,false,lata
120,Sprite,Gama,GAM_L3,3,-0.0,false,lata
120,Sprite,Gama,GAM_L3,4,-0.0,false,lata
120,Sprite,Gama,GAM_L3,5,-1.0e6,true,lata
120,Sprite,Gama,GAM_L3,6,-0.0,false,lata
120,Sprite,Gama,GAM_L3,7,-0.0,false,lata
120,Sprite,Gama,GAM_L3,8,-0.0,false,lata
120,Sprite,Gama,GAM_L3,9,-0.0,false,lata
120,Sprite,Gama,GAM_L3,10,-0.0,false,lata
120,Sprite,Gama,GAM_L3,11,-0.0,false,lata
120,Sprite,Gama,GAM_L3,12,-0.0,false,lata
120,Sprite,Gama,GAM_L3,13,-0.0,false,lata
120,Sprite,Gama,GAM_L3,14,-1.0e6,true,lata
120,Sprite,Gama,GAM_L3,15,-0.0,false,lata
120,Sprite,Viamao,VIA_L1,1,-0.0,false,lata
120,Sprite,Viamao,VIA_L1,2,-1.0e6,true,lata
120,Sprite,Viamao,VIA_L1,3,-0.0,false,lata
120,Sprite,Viamao,VIA_L1,4,-0.0,false,lata
120,Sprite,Viamao,VIA_L1,5,-0.0,false,lata
120,Sprite,Viamao,VIA_L1,6,-0.0,false,lata
120,Sprite,Viamao,VIA_L1,7,-0.0,false,lata
120,Sprite,Viamao,VIA_L1,8,-1.0e6,true,lata
120,Sprite,Viamao,VIA_L1,9,-0.0,false,lata
120,Sprite,Viamao,VIA_L1,10,-999999.3768778999,false,lata
120,Sprite,Viamao,VIA_L1,11,-0.0,false,lata
120,Sprite,Viamao,VIA_L1,12,-0.0,false,lata
120,Sprite,Viamao,VIA_L1,13,-0.0,false,lata
120,Sprite,Viamao,VIA_L1,14,-0.0,false,lata
120,Sprite,Viamao,VIA_L1,15,-0.0,false,lata
120,Sprite,Viamao,VIA_L2,1,-0.0,false,lata
120,Sprite,Viamao,VIA_L2,2,-0.0,false,lata
120,Sprite,Viamao,VIA_L2,3,-0.0,false,lata
120,Sprite,Viamao,VIA_L2,4,-0.0,false,lata
120,Sprite,Viamao,VIA_L2,5,-0.0,false,lata
120,Sprite,Viamao,VIA_L2,6,-0.0,false,lata
120,Sprite,Viamao,VIA_L2,7,-0.0,false,lata
120,Sprite,Viamao,VIA_L2,8,-0.0,false,lata
120,Sprite,Viamao,VIA_L2,9,-0.0,false,lata
120,Sprite,Viamao,VIA_L2,10,-0.0,false,lata
120,Sprite,Viamao,VIA_L2,11,-0.0,false,lata
120,Sprite,Viamao,VIA_L2,12,-0.0,false,lata
120,Sprite,Viamao,VIA_L2,13,-0.0,false,lata
120,Sprite,Viamao,VIA_L2,14,-0.0,false,lata
120,Sprite,Viamao,VIA_L2,15,-0.0,false,lata
120,Sprite,Viamao,VIA_L3,1,-0.0,false,lata
120,Sprite,Viamao,VIA_L3,2,-0.0,false,lata
120,Sprite,Viamao,VIA_L3,3,-0.0,false,lata
120,Sprite,Viamao,VIA_L3,4,-0.0,false,lata
120,Sprite,Viamao,VIA_L3,5,-0.0,false,lata
120,Sprite,Viamao,VIA_L3,6,-0.0,false,lata
120,Sprite,Viamao,VIA_L3,7,-0.0,false,lata
120,Sprite,Viamao,VIA_L3,8,-0.0,false,lata
120,Sprite,Viamao,VIA_L3,9,-0.0,false,lata
120,Sprite,Viamao,VIA_L3,10,-0.0,false,lata
120,Sprite,Viamao,VIA_L3,11,-0.0,false,lata
120,Sprite,Viamao,VIA_L3,12,-0.0,false,lata
120,Sprite,Viamao,VIA_L3,13,-0.0,false,lata
120,Sprite,Viamao,VIA_L3,14,-0.0,false,lata
120,Sprite,Viamao,VIA_L3,15,-0.0,false,lata
120,Sprite,Itupeva,ITU_L1,1,-0.0,false,lata
120,Sprite,Itupeva,ITU_L1,2,-0.0,false,lata
120,Sprite,Itupeva,ITU_L1,3,-0.0,false,lata
120,Sprite,Itupeva,ITU_L1,4,-0.0,false,lata
120,Sprite,Itupeva,ITU_L1,5,-999999.9733558999,false,lata
120,Sprite,Itupeva,ITU_L1,6,-0.0,false,lata
120,Sprite,Itupeva,ITU_L1,7,-0.0,false,lata
120,Sprite,Itupeva,ITU_L1,8,-0.0,false,lata
120,Sprite,Itupeva,ITU_L1,9,-0.0,false,lata
120,Sprite,Itupeva,ITU_L1,10,-0.0,false,lata
120,Sprite,Itupeva,ITU_L1,11,-0.0,false,lata
120,Sprite,Itupeva,ITU_L1,12,-0.0,false,lata
120,Sprite,Itupeva,ITU_L1,13,-0.0,false,lata
120,Sprite,Itupeva,ITU_L1,14,-0.0,false,lata
120,Sprite,Itupeva,ITU_L1,15,-0.0,false,lata
120,Sprite,Itupeva,ITU_L2,1,-0.0,false,lata
120,Sprite,Itupeva,ITU_L2,2,-0.0,false,lata
120,Sprite,Itupeva,ITU_L2,3,-0.0,false,lata
120,Sprite,Itupeva,ITU_L2,4,-0.0,false,lata
120,Sprite,Itupeva,ITU_L2,5,-0.0,false,lata
120,Sprite,Itupeva,ITU_L2,6,-0.0,false,lata
120,Sprite,Itupeva,ITU_L2,7,-999999.7256220999,false,lata
120,Sprite,Itupeva,ITU_L2,8,-0.0,false,lata
120,Sprite,Itupeva,ITU_L2,9,-0.0,false,lata
120,Sprite,Itupeva,ITU_L2,10,-0.0,false,lata
120,Sprite,Itupeva,ITU_L2,11,-0.0,false,lata
120,Sprite,Itupeva,ITU_L2,12,-999999.4908541999,false,lata
120,Sprite,Itupeva,ITU_L2,13,-0.0,false,lata
120,Sprite,Itupeva,ITU_L2,14,-0.0,false,lata
120,Sprite,Itupeva,ITU_L2,15,-0.0,false,lata
120,Sprite,Itupeva,ITU_L3,1,-0.0,false,lata
120,Sprite,Itupeva,ITU_L3,2,-999999.9706238,false,lata
120,Sprite,Itupeva,ITU_L3,3,-0.0,false,lata
120,Sprite,Itupeva,ITU_L3,4,-0.0,false,lata
120,Sprite,Itupeva,ITU_L3,5,-0.0,false,lata
120,Sprite,Itupeva,ITU_L3,6,-0.0,false,lata
120,Sprite,Itupeva,ITU_L3,7,-0.0,false,lata
120,Sprite,Itupeva,ITU_L3,8,-0.0,false,lata
120,Sprite,Itupeva,ITU_L3,9,-0.0,false,lata
120,Sprite,Itupeva,ITU_L3,10,-0.0,false,lata
120,Sprite,Itupeva,ITU_L3,11,-0.0,false,lata
120,Sprite,Itupeva,ITU_L3,12,-0.0,false,lata
120,Sprite,Itupeva,ITU_L3,13,-0.0,false,lata
120,Sprite,Itupeva,ITU_L3,14,-0.0,false,lata
120,Sprite,Itupeva,ITU_L3,15,-1.0e6,true,lata
120,Sprite,Cabo de Santo Agostinho,CAB_L1,1,-0.0,false,lata
120,Sprite,Cabo de Santo Agostinho,CAB_L1,2,-0.0,false,lata
120,Sprite,Cabo de Santo Agostinho,CAB_L1,3,-0.0,false,lata
120,Sprite,Cabo de Santo Agostinho,CAB_L1,4,-0.0,false,lata
120,Sprite,Cabo de Santo Agostinho,CAB_L1,5,-0.0,false,lata
120,Sprite,Cabo de Santo Agostinho,CAB_L1,6,-0.0,false,lata
120,Sprite,Cabo de Santo Agostinho,CAB_L1,7,-0.0,false,lata
120,Sprite,Cabo de Santo Agostinho,CAB_L1,8,-0.0,false,lata
120,Sprite,Cabo de Santo Agostinho,CAB_L1,9,-0.0,false,lata
120,Sprite,Cabo de Santo Agostinho,CAB_L1,10,-0.0,false,lata
120,Sprite,Cabo de Santo Agostinho,CAB_L1,11,-0.0,false,lata
120,Sprite,Cabo de Santo Agostinho,CAB_L1,12,-0.0,false,lata
120,Sprite,Cabo de Santo Agostinho,CAB_L1,13,-0.0,false,lata
120,Sprite,Cabo de Santo Agostinho,CAB_L1,14,-1.0e6,true,lata
120,Sprite,Cabo de Santo Agostinho,CAB_L1,15,-0.0,false,lata
120,Sprite,Cabo de Santo Agostinho,CAB_L2,1,-0.0,false,lata
120,Sprite,Cabo de Santo Agostinho,CAB_L2,2,-0.0,false,lata
120,Sprite,Cabo de Santo Agostinho,CAB_L2,3,-0.0,false,lata
120,Sprite,Cabo de Santo Agostinho,CAB_L2,4,-0.0,false,lata
120,Sprite,Cabo de Santo Agostinho,CAB_L2,5,-0.0,false,lata
120,Sprite,Cabo de Santo Agostinho,CAB_L2,6,-0.0,false,lata
120,Sprite,Cabo de Santo Agostinho,CAB_L2,7,-0.0,false,lata
120,Sprite,Cabo de Santo Agostinho,CAB_L2,8,-0.0,false,lata
120,Sprite,Cabo de Santo Agostinho,CAB_L2,9,-0.0,false,lata
120,Sprite,Cabo de Santo Agostinho,CAB_L2,10,-0.0,false,lata
120,Sprite,Cabo de Santo Agostinho,CAB_L2,11,-0.0,false,lata
120,Sprite,Cabo de Santo Agostinho,CAB_L2,12,-0.0,false,lata
120,Sprite,Cabo de Santo Agostinho,CAB_L2,13,-0.0,false,lata
120,Sprite,Cabo de Santo Agostinho,CAB_L2,14,-0.0,false,lata
120,Sprite,Cabo de Santo Agostinho,CAB_L2,15,-0.0,false,lata
120,Sprite,Cabo de Santo Agostinho,CAB_L3,1,-0.0,false,lata
120,Sprite,Cabo de Santo Agostinho,CAB_L3,2,-0.0,false,lata
120,Sprite,Cabo de Santo Agostinho,CAB_L3,3,-0.0,false,lata
120,Sprite,Cabo de Santo Agostinho,CAB_L3,4,-0.0,false,lata
120,Sprite,Cabo de Santo Agostinho,CAB_L3,5,-0.0,false,lata
120,Sprite,Cabo de Santo Agostinho,CAB_L3,6,-0.0,false,lata
120,Sprite,Cabo de Santo Agostinho,CAB_L3,7,-0.0,false,lata
120,Sprite,Cabo de Santo Agostinho,CAB_L3,8,-0.0,false,lata
120,Sprite,Cabo de Santo Agostinho,CAB_L3,9,-0.0,false,lata
120,Sprite,Cabo de Santo Agostinho,CAB_L3,10,-0.0,false,lata
120,Sprite,Cabo de Santo Agostinho,CAB_L3,11,-999999.4718946499,false,lata
120,Sprite,Cabo de Santo Agostinho,CAB_L3,12,-0.0,false,lata
120,Sprite,Cabo de Santo Agostinho,CAB_L3,13,-0.0,false,lata
120,Sprite,Cabo de Santo Agostinho,CAB_L3,14,-0.0,false,lata
120,Sprite,Cabo de Santo Agostinho,CAB_L3,15,-0.0,false,lata
120,Schweppes_Citrus,Jacarei,JAC_L1,1,-0.0,false,lata
120,Schweppes_Citrus,Jacarei,JAC_L1,2,-0.0,false,lata
120,Schweppes_Citrus,Jacarei,JAC_L1,3,-0.0,false,lata
120,Schweppes_Citrus,Jacarei,JAC_L1,4,-0.0,false,lata
120,Schweppes_Citrus,Jacarei,JAC_L1,5,-0.0,false,lata
120,Schweppes_Citrus,Jacarei,JAC_L1,6,-0.0,false,lata
120,Schweppes_Citrus,Jacarei,JAC_L1,7,-0.0,false,lata
120,Schweppes_Citrus,Jacarei,JAC_L1,8,-0.0,false,lata
120,Schweppes_Citrus,Jacarei,JAC_L1,9,-0.0,false,lata
120,Schweppes_Citrus,Jacarei,JAC_L1,10,-0.0,false,lata
120,Schweppes_Citrus,Jacarei,JAC_L1,11,-0.0,false,lata
120,Schweppes_Citrus,Jacarei,JAC_L1,12,-0.0,false,lata
120,Schweppes_Citrus,Jacarei,JAC_L1,13,-0.0,false,lata
120,Schweppes_Citrus,Jacarei,JAC_L1,14,-0.0,false,lata
120,Schweppes_Citrus,Jacarei,JAC_L1,15,-0.0,false,lata
120,Schweppes_Citrus,Jacarei,JAC_L2,1,-0.0,false,lata
120,Schweppes_Citrus,Jacarei,JAC_L2,2,-0.0,false,lata
120,Schweppes_Citrus,Jacarei,JAC_L2,3,-0.0,false,lata
120,Schweppes_Citrus,Jacarei,JAC_L2,4,-0.0,false,lata
120,Schweppes_Citrus,Jacarei,JAC_L2,5,-999999.89439765,false,lata
120,Schweppes_Citrus,Jacarei,JAC_L2,6,-0.0,false,lata
120,Schweppes_Citrus,Jacarei,JAC_L2,7,-0.0,false,lata
120,Schweppes_Citrus,Jacarei,JAC_L2,8,-0.0,false,lata
120,Schweppes_Citrus,Jacarei,JAC_L2,9,-0.0,false,lata
120,Schweppes_Citrus,Jacarei,JAC_L2,10,-0.0,false,lata
120,Schweppes_Citrus,Jacarei,JAC_L2,11,-0.0,false,lata
120,Schweppes_Citrus,Jacarei,JAC_L2,12,-0.0,false,lata
120,Schweppes_Citrus,Jacarei,JAC_L2,13,-0.0,false,lata
120,Schweppes_Citrus,Jacarei,JAC_L2,14,-0.0,false,lata
120,Schweppes_Citrus,Jacarei,JAC_L2,15,-0.0,false,lata
120,Schweppes_Citrus,Jacarei,JAC_L3,1,-0.0,false,lata
120,Schweppes_Citrus,Jacarei,JAC_L3,2,-0.0,false,lata
120,Schweppes_Citrus,Jacarei,JAC_L3,3,-0.0,false,lata
120,Schweppes_Citrus,Jacarei,JAC_L3,4,-0.0,false,lata
120,Schweppes_Citrus,Jacarei,JAC_L3,5,-0.0,false,lata
120,Schweppes_Citrus,Jacarei,JAC_L3,6,-0.0,false,lata
120,Schweppes_Citrus,Jacarei,JAC_L3,7,-0.0,false,lata
120,Schweppes_Citrus,Jacarei,JAC_L3,8,-0.0,false,lata
120,Schweppes_Citrus,Jacarei,JAC_L3,9,-0.0,false,lata
120,Schweppes_Citrus,Jacarei,JAC_L3,10,-0.0,false,lata
120,Schweppes_Citrus,Jacarei,JAC_L3,11,-0.0,false,lata
120,Schweppes_Citrus,Jacarei,JAC_L3,12,-0.0,false,lata
120,Schweppes_Citrus,Jacarei,JAC_L3,13,-0.0,false,lata
120,Schweppes_Citrus,Jacarei,JAC_L3,14,-0.0,false,lata
120,Schweppes_Citrus,Jacarei,JAC_L3,15,-0.0,false,lata
120,Schweppes_Citrus,Extrema,EXT_L1,1,-0.0,false,lata
120,Schweppes_Citrus,Extrema,EXT_L1,2,-0.0,false,lata
120,Schweppes_Citrus,Extrema,EXT_L1,3,-0.0,false,lata
120,Schweppes_Citrus,Extrema,EXT_L1,4,-0.0,false,lata
120,Schweppes_Citrus,Extrema,EXT_L1,5,-0.0,false,lata
120,Schweppes_Citrus,Extrema,EXT_L1,6,-0.0,false,lata
120,Schweppes_Citrus,Extrema,EXT_L1,7,-0.0,false,lata
120,Schweppes_Citrus,Extrema,EXT_L1,8,-0.0,false,lata
120,Schweppes_Citrus,Extrema,EXT_L1,9,-0.0,false,lata
120,Schweppes_Citrus,Extrema,EXT_L1,10,-0.0,false,lata
120,Schweppes_Citrus,Extrema,EXT_L1,11,-0.0,false,lata
120,Schweppes_Citrus,Extrema,EXT_L1,12,-0.0,false,lata
120,Schweppes_Citrus,Extrema,EXT_L1,13,-0.0,false,lata
120,Schweppes_Citrus,Extrema,EXT_L1,14,-0.0,false,lata
120,Schweppes_Citrus,Extrema,EXT_L1,15,-0.0,false,lata
120,Schweppes_Citrus,Extrema,EXT_L2,1,-0.0,false,lata
120,Schweppes_Citrus,Extrema,EXT_L2,2,-0.0,false,lata
120,Schweppes_Citrus,Extrema,EXT_L2,3,-0.0,false,lata
120,Schweppes_Citrus,Extrema,EXT_L2,4,-0.0,false,lata
120,Schweppes_Citrus,Extrema,EXT_L2,5,-0.0,false,lata
120,Schweppes_Citrus,Extrema,EXT_L2,6,-0.0,false,lata
120,Schweppes_Citrus,Extrema,EXT_L2,7,-0.0,false,lata
120,Schweppes_Citrus,Extrema,EXT_L2,8,-0.0,false,lata
120,Schweppes_Citrus,Extrema,EXT_L2,9,-999999.71118655,false,lata
120,Schweppes_Citrus,Extrema,EXT_L2,10,-999999.9825383,false,lata
120,Schweppes_Citrus,Extrema,EXT_L2,11,-0.0,false,lata
120,Schweppes_Citrus,Extrema,EXT_L2,12,-0.0,false,lata
120,Schweppes_Citrus,Extrema,EXT_L2,13,-0.0,false,lata
120,Schweppes_Citrus,Extrema,EXT_L2,14,-0.0,false,lata
120,Schweppes_Citrus,Extrema,EXT_L2,15,-0.0,false,lata
120,Schweppes_Citrus,Extrema,EXT_L3,1,-999999.9631109497,false,lata
120,Schweppes_Citrus,Extrema,EXT_L3,2,-0.0,false,lata
120,Schweppes_Citrus,Extrema,EXT_L3,3,-0.0,false,lata
120,Schweppes_Citrus,Extrema,EXT_L3,4,-0.0,false,lata
120,Schweppes_Citrus,Extrema,EXT_L3,5,-0.0,false,lata
120,Schweppes_Citrus,Extrema,EXT_L3,6,-0.0,false,lata
120,Schweppes_Citrus,Extrema,EXT_L3,7,-0.0,false,lata
120,Schweppes_Citrus,Extrema,EXT_L3,8,-0.0,false,lata
120,Schweppes_Citrus,Extrema,EXT_L3,9,-0.0,false,lata
120,Schweppes_Citrus,Extrema,EXT_L3,10,-0.0,false,lata
120,Schweppes_Citrus,Extrema,EXT_L3,11,-0.0,false,lata
120,Schweppes_Citrus,Extrema,EXT_L3,12,-0.0,false,lata
120,Schweppes_Citrus,Extrema,EXT_L3,13,-0.0,false,lata
120,Schweppes_Citrus,Extrema,EXT_L3,14,-0.0,false,lata
120,Schweppes_Citrus,Extrema,EXT_L3,15,-0.0,false,lata
120,Schweppes_Citrus,Tres Rios,TRE_L1,1,-0.0,false,lata
120,Schweppes_Citrus,Tres Rios,TRE_L1,2,-0.0,false,lata
120,Schweppes_Citrus,Tres Rios,TRE_L1,3,-0.0,false,lata
120,Schweppes_Citrus,Tres Rios,TRE_L1,4,-0.0,false,lata
120,Schweppes_Citrus,Tres Rios,TRE_L1,5,-0.0,false,lata
120,Schweppes_Citrus,Tres Rios,TRE_L1,6,-0.0,false,lata
120,Schweppes_Citrus,Tres Rios,TRE_L1,7,-0.0,false,lata
120,Schweppes_Citrus,Tres Rios,TRE_L1,8,-0.0,false,lata
120,Schweppes_Citrus,Tres Rios,TRE_L1,9,-0.0,false,lata
120,Schweppes_Citrus,Tres Rios,TRE_L1,10,-999999.97291995,false,lata
120,Schweppes_Citrus,Tres Rios,TRE_L1,11,-0.0,false,lata
120,Schweppes_Citrus,Tres Rios,TRE_L1,12,-0.0,false,lata
120,Schweppes_Citrus,Tres Rios,TRE_L1,13,-0.0,false,lata
120,Schweppes_Citrus,Tres Rios,TRE_L1,14,-0.0,false,lata
120,Schweppes_Citrus,Tres Rios,TRE_L1,15,-0.0,false,lata
120,Schweppes_Citrus,Tres Rios,TRE_L2,1,-0.0,false,lata
120,Schweppes_Citrus,Tres Rios,TRE_L2,2,-0.0,false,lata
120,Schweppes_Citrus,Tres Rios,TRE_L2,3,-0.0,false,lata
120,Schweppes_Citrus,Tres Rios,TRE_L2,4,-0.0,false,lata
120,Schweppes_Citrus,Tres Rios,TRE_L2,5,-0.0,false,lata
120,Schweppes_Citrus,Tres Rios,TRE_L2,6,-0.0,false,lata
120,Schweppes_Citrus,Tres Rios,TRE_L2,7,-0.0,false,lata
120,Schweppes_Citrus,Tres Rios,TRE_L2,8,-0.0,false,lata
120,Schweppes_Citrus,Tres Rios,TRE_L2,9,-0.0,false,lata
120,Schweppes_Citrus,Tres Rios,TRE_L2,10,-0.0,false,lata
120,Schweppes_Citrus,Tres Rios,TRE_L2,11,-0.0,false,lata
120,Schweppes_Citrus,Tres Rios,TRE_L2,12,-0.0,false,lata
120,Schweppes_Citrus,Tres Rios,TRE_L2,13,-0.0,false,lata
120,Schweppes_Citrus,Tres Rios,TRE_L2,14,-0.0,false,lata
120,Schweppes_Citrus,Tres Rios,TRE_L2,15,-0.0,false,lata
120,Schweppes_Citrus,Tres Rios,TRE_L3,1,-0.0,false,lata
120,Schweppes_Citrus,Tres Rios,TRE_L3,2,-0.0,false,lata
120,Schweppes_Citrus,Tres Rios,TRE_L3,3,-0.0,false,lata
120,Schweppes_Citrus,Tres Rios,TRE_L3,4,-0.0,false,lata
120,Schweppes_Citrus,Tres Rios,TRE_L3,5,-0.0,false,lata
120,Schweppes_Citrus,Tres Rios,TRE_L3,6,-0.0,false,lata
120,Schweppes_Citrus,Tres Rios,TRE_L3,7,-0.0,false,lata
120,Schweppes_Citrus,Tres Rios,TRE_L3,8,-0.0,false,lata
120,Schweppes_Citrus,Tres Rios,TRE_L3,9,-0.0,false,lata
120,Schweppes_Citrus,Tres Rios,TRE_L3,10,-0.0,false,lata
120,Schweppes_Citrus,Tres Rios,TRE_L3,11,-0.0,false,lata
120,Schweppes_Citrus,Tres Rios,TRE_L3,12,-0.0,false,lata
120,Schweppes_Citrus,Tres Rios,TRE_L3,13,-0.0,false,lata
120,Schweppes_Citrus,Tres Rios,TRE_L3,14,-0.0,false,lata
120,Schweppes_Citrus,Tres Rios,TRE_L3,15,-0.0,false,lata
120,Schweppes_Citrus,Alagoinhas,ALA_L1,1,-0.0,false,lata
120,Schweppes_Citrus,Alagoinhas,ALA_L1,2,-0.0,false,lata
120,Schweppes_Citrus,Alagoinhas,ALA_L1,3,-0.0,false,lata
120,Schweppes_Citrus,Alagoinhas,ALA_L1,4,-0.0,false,lata
120,Schweppes_Citrus,Alagoinhas,ALA_L1,5,-0.0,false,lata
120,Schweppes_Citrus,Alagoinhas,ALA_L1,6,-0.0,false,lata
120,Schweppes_Citrus,Alagoinhas,ALA_L1,7,-0.0,false,lata
120,Schweppes_Citrus,Alagoinhas,ALA_L1,8,-0.0,false,lata
120,Schweppes_Citrus,Alagoinhas,ALA_L1,9,-0.0,false,lata
120,Schweppes_Citrus,Alagoinhas,ALA_L1,10,-0.0,false,lata
120,Schweppes_Citrus,Alagoinhas,ALA_L1,11,-0.0,false,lata
120,Schweppes_Citrus,Alagoinhas,ALA_L1,12,-0.0,false,lata
120,Schweppes_Citrus,Alagoinhas,ALA_L1,13,-0.0,false,lata
120,Schweppes_Citrus,Alagoinhas,ALA_L1,14,-0.0,false,lata
120,Schweppes_Citrus,Alagoinhas,ALA_L1,15,-0.0,false,lata
120,Schweppes_Citrus,Alagoinhas,ALA_L2,1,-0.0,false,lata
120,Schweppes_Citrus,Alagoinhas,ALA_L2,2,-0.0,false,lata
120,Schweppes_Citrus,Alagoinhas,ALA_L2,3,-0.0,false,lata
120,Schweppes_Citrus,Alagoinhas,ALA_L2,4,-0.0,false,lata
120,Schweppes_Citrus,Alagoinhas,ALA_L2,5,-0.0,false,lata
120,Schweppes_Citrus,Alagoinhas,ALA_L2,6,-0.0,false,lata
120,Schweppes_Citrus,Alagoinhas,ALA_L2,7,-0.0,false,lata
120,Schweppes_Citrus,Alagoinhas,ALA_L2,8,-0.0,false,lata
120,Schweppes_Citrus,Alagoinhas,ALA_L2,9,-0.0,false,lata
120,Schweppes_Citrus,Alagoinhas,ALA_L2,10,-1.0e6,true,lata
120,Schweppes_Citrus,Alagoinhas,ALA_L2,11,-0.0,false,lata
120,Schweppes_Citrus,Alagoinhas,ALA_L2,12,-0.0,false,lata
120,Schweppes_Citrus,Alagoinhas,ALA_L2,13,-0.0,false,lata
120,Schweppes_Citrus,Alagoinhas,ALA_L2,14,-0.0,false,lata
120,Schweppes_Citrus,Alagoinhas,ALA_L2,15,-0.0,false,lata
120,Schweppes_Citrus,Alagoinhas,ALA_L3,1,-0.0,false,lata
120,Schweppes_Citrus,Alagoinhas,ALA_L3,2,-999999.81420495,false,lata
120,Schweppes_Citrus,Alagoinhas,ALA_L3,3,-0.0,false,lata
120,Schweppes_Citrus,Alagoinhas,ALA_L3,4,-0.0,false,lata
120,Schweppes_Citrus,Alagoinhas,ALA_L3,5,-0.0,false,lata
120,Schweppes_Citrus,Alagoinhas,ALA_L3,6,-0.0,false,lata
120,Schweppes_Citrus,Alagoinhas,ALA_L3,7,-0.0,false,lata
120,Schweppes_Citrus,Alagoinhas,ALA_L3,8,-0.0,false,lata
120,Schweppes_Citrus,Alagoinhas,ALA_L3,9,-0.0,false,lata
120,Schweppes_Citrus,Alagoinhas,ALA_L3,10,-0.0,false,lata
120,Schweppes_Citrus,Alagoinhas,ALA_L3,11,-0.0,false,lata
120,Schweppes_Citrus,Alagoinhas,ALA_L3,12,-0.0,false,lata
120,Schweppes_Citrus,Alagoinhas,ALA_L3,13,-0.0,false,lata
120,Schweppes_Citrus,Alagoinhas,ALA_L3,14,-0.0,false,lata
120,Schweppes_Citrus,Alagoinhas,ALA_L3,15,-0.0,false,lata
120,Schweppes_Citrus,Frutal,FRU_L1,1,-0.0,false,lata
120,Schweppes_Citrus,Frutal,FRU_L1,2,-0.0,false,lata
120,Schweppes_Citrus,Frutal,FRU_L1,3,-1.0e6,true,lata
120,Schweppes_Citrus,Frutal,FRU_L1,4,-0.0,false,lata
120,Schweppes_Citrus,Frutal,FRU_L1,5,-999999.9055737,false,lata
120,Schweppes_Citrus,Frutal,FRU_L1,6,-0.0,false,lata
120,Schweppes_Citrus,Frutal,FRU_L1,7,-0.0,false,lata
120,Schweppes_Citrus,Frutal,FRU_L1,8,-0.0,false,lata
120,Schweppes_Citrus,Frutal,FRU_L1,9,-0.0,false,lata
120,Schweppes_Citrus,Frutal,FRU_L1,10,-0.0,false,lata
120,Schweppes_Citrus,Frutal,FRU_L1,11,-999998.9439395502,false,lata
120,Schweppes_Citrus,Frutal,FRU_L1,12,-0.0,false,lata
120,Schweppes_Citrus,Frutal,FRU_L1,13,-0.0,false,lata
120,Schweppes_Citrus,Frutal,FRU_L1,14,-0.0,false,lata
120,Schweppes_Citrus,Frutal,FRU_L1,15,-0.0,false,lata
120,Schweppes_Citrus,Frutal,FRU_L2,1,-0.0,false,lata
120,Schweppes_Citrus,Frutal,FRU_L2,2,-0.0,false,lata
120,Schweppes_Citrus,Frutal,FRU_L2,3,-0.0,false,lata
120,Schweppes_Citrus,Frutal,FRU_L2,4,-0.0,false,lata
120,Schweppes_Citrus,Frutal,FRU_L2,5,-0.0,false,lata
120,Schweppes_Citrus,Frutal,FRU_L2,6,-0.0,false,lata
120,Schweppes_Citrus,Frutal,FRU_L2,7,-0.0,false,lata
120,Schweppes_Citrus,Frutal,FRU_L2,8,-0.0,false,lata
120,Schweppes_Citrus,Frutal,FRU_L2,9,-0.0,false,lata
120,Schweppes_Citrus,Frutal,FRU_L2,10,-0.0,false,lata
120,Schweppes_Citrus,Frutal,FRU_L2,11,-0.0,false,lata
120,Schweppes_Citrus,Frutal,FRU_L2,12,-0.0,false,lata
120,Schweppes_Citrus,Frutal,FRU_L2,13,-0.0,false,lata
120,Schweppes_Citrus,Frutal,FRU_L2,14,-0.0,false,lata
120,Schweppes_Citrus,Frutal,FRU_L2,15,-0.0,false,lata
120,Schweppes_Citrus,Frutal,FRU_L3,1,-0.0,false,lata
120,Schweppes_Citrus,Frutal,FRU_L3,2,-0.0,false,lata
120,Schweppes_Citrus,Frutal,FRU_L3,3,-0.0,false,lata
120,Schweppes_Citrus,Frutal,FRU_L3,4,-0.0,false,lata
120,Schweppes_Citrus,Frutal,FRU_L3,5,-0.0,false,lata
120,Schweppes_Citrus,Frutal,FRU_L3,6,-0.0,false,lata
120,Schweppes_Citrus,Frutal,FRU_L3,7,-0.0,false,lata
120,Schweppes_Citrus,Frutal,FRU_L3,8,-0.0,false,lata
120,Schweppes_Citrus,Frutal,FRU_L3,9,-0.0,false,lata
120,Schweppes_Citrus,Frutal,FRU_L3,10,-1.0e6,true,lata
120,Schweppes_Citrus,Frutal,FRU_L3,11,-0.0,false,lata
120,Schweppes_Citrus,Frutal,FRU_L3,12,-0.0,false,lata
120,Schweppes_Citrus,Frutal,FRU_L3,13,-0.0,false,lata
120,Schweppes_Citrus,Frutal,FRU_L3,14,-0.0,false,lata
120,Schweppes_Citrus,Frutal,FRU_L3,15,-0.0,false,lata
120,Schweppes_Citrus,Pouso Alegre,POU_L1,1,-0.0,false,lata
120,Schweppes_Citrus,Pouso Alegre,POU_L1,2,-0.0,false,lata
120,Schweppes_Citrus,Pouso Alegre,POU_L1,3,-999999.9981742,false,lata
120,Schweppes_Citrus,Pouso Alegre,POU_L1,4,-0.0,false,lata
120,Schweppes_Citrus,Pouso Alegre,POU_L1,5,-0.0,false,lata
120,Schweppes_Citrus,Pouso Alegre,POU_L1,6,-999999.9943613501,false,lata
120,Schweppes_Citrus,Pouso Alegre,POU_L1,7,-0.0,false,lata
120,Schweppes_Citrus,Pouso Alegre,POU_L1,8,-0.0,false,lata
120,Schweppes_Citrus,Pouso Alegre,POU_L1,9,-0.0,false,lata
120,Schweppes_Citrus,Pouso Alegre,POU_L1,10,-999999.9846125,false,lata
120,Schweppes_Citrus,Pouso Alegre,POU_L1,11,-0.0,false,lata
120,Schweppes_Citrus,Pouso Alegre,POU_L1,12,-0.0,false,lata
120,Schweppes_Citrus,Pouso Alegre,POU_L1,13,-0.0,false,lata
120,Schweppes_Citrus,Pouso Alegre,POU_L1,14,-0.0,false,lata
120,Schweppes_Citrus,Pouso Alegre,POU_L1,15,-0.0,false,lata
120,Schweppes_Citrus,Pouso Alegre,POU_L2,1,-0.0,false,lata
120,Schweppes_Citrus,Pouso Alegre,POU_L2,2,-0.0,false,lata
120,Schweppes_Citrus,Pouso Alegre,POU_L2,3,-0.0,false,lata
120,Schweppes_Citrus,Pouso Alegre,POU_L2,4,-0.0,false,lata
120,Schweppes_Citrus,Pouso Alegre,POU_L2,5,-0.0,false,lata
120,Schweppes_Citrus,Pouso Alegre,POU_L2,6,-0.0,false,lata
120,Schweppes_Citrus,Pouso Alegre,POU_L2,7,-0.0,false,lata
120,Schweppes_Citrus,Pouso Alegre,POU_L2,8,-0.0,false,lata
120,Schweppes_Citrus,Pouso Alegre,POU_L2,9,-0.0,false,lata
120,Schweppes_Citrus,Pouso Alegre,POU_L2,10,-0.0,false,lata
120,Schweppes_Citrus,Pouso Alegre,POU_L2,11,-0.0,false,lata
120,Schweppes_Citrus,Pouso Alegre,POU_L2,12,-0.0,false,lata
120,Schweppes_Citrus,Pouso Alegre,POU_L2,13,-0.0,false,lata
120,Schweppes_Citrus,Pouso Alegre,POU_L2,14,-0.0,false,lata
120,Schweppes_Citrus,Pouso Alegre,POU_L2,15,-999998.9870507,false,lata
120,Schweppes_Citrus,Pouso Alegre,POU_L3,1,-0.0,false,lata
120,Schweppes_Citrus,Pouso Alegre,POU_L3,2,-0.0,false,lata
120,Schweppes_Citrus,Pouso Alegre,POU_L3,3,-999999.9981742,false,lata
120,Schweppes_Citrus,Pouso Alegre,POU_L3,4,-0.0,false,lata
120,Schweppes_Citrus,Pouso Alegre,POU_L3,5,-0.0,false,lata
120,Schweppes_Citrus,Pouso Alegre,POU_L3,6,-0.0,false,lata
120,Schweppes_Citrus,Pouso Alegre,POU_L3,7,-0.0,false,lata
120,Schweppes_Citrus,Pouso Alegre,POU_L3,8,-0.0,false,lata
120,Schweppes_Citrus,Pouso Alegre,POU_L3,9,-0.0,false,lata
120,Schweppes_Citrus,Pouso Alegre,POU_L3,10,-0.0,false,lata
120,Schweppes_Citrus,Pouso Alegre,POU_L3,11,-0.0,false,lata
120,Schweppes_Citrus,Pouso Alegre,POU_L3,12,-0.0,false,lata
120,Schweppes_Citrus,Pouso Alegre,POU_L3,13,-0.0,false,lata
120,Schweppes_Citrus,Pouso Alegre,POU_L3,14,-0.0,false,lata
120,Schweppes_Citrus,Pouso Alegre,POU_L3,15,-0.0,false,lata
120,Schweppes_Citrus,Gama,GAM_L1,1,-0.0,false,lata
120,Schweppes_Citrus,Gama,GAM_L1,2,-0.0,false,lata
120,Schweppes_Citrus,Gama,GAM_L1,3,-0.0,false,lata
120,Schweppes_Citrus,Gama,GAM_L1,4,-0.0,false,lata
120,Schweppes_Citrus,Gama,GAM_L1,5,-999999.8929304499,false,lata
120,Schweppes_Citrus,Gama,GAM_L1,6,-999999.9835439001,false,lata
120,Schweppes_Citrus,Gama,GAM_L1,7,-0.0,false,lata
120,Schweppes_Citrus,Gama,GAM_L1,8,-0.0,false,lata
120,Schweppes_Citrus,Gama,GAM_L1,9,-0.0,false,lata
120,Schweppes_Citrus,Gama,GAM_L1,10,-0.0,false,lata
120,Schweppes_Citrus,Gama,GAM_L1,11,-0.0,false,lata
120,Schweppes_Citrus,Gama,GAM_L1,12,-0.0,false,lata
120,Schweppes_Citrus,Gama,GAM_L1,13,-0.0,false,lata
120,Schweppes_Citrus,Gama,GAM_L1,14,-0.0,false,lata
120,Schweppes_Citrus,Gama,GAM_L1,15,-0.0,false,lata
120,Schweppes_Citrus,Gama,GAM_L2,1,-0.0,false,lata
120,Schweppes_Citrus,Gama,GAM_L2,2,-0.0,false,lata
120,Schweppes_Citrus,Gama,GAM_L2,3,-0.0,false,lata
120,Schweppes_Citrus,Gama,GAM_L2,4,-0.0,false,lata
120,Schweppes_Citrus,Gama,GAM_L2,5,-0.0,false,lata
120,Schweppes_Citrus,Gama,GAM_L2,6,-0.0,false,lata
120,Schweppes_Citrus,Gama,GAM_L2,7,-0.0,false,lata
120,Schweppes_Citrus,Gama,GAM_L2,8,-0.0,false,lata
120,Schweppes_Citrus,Gama,GAM_L2,9,-0.0,false,lata
120,Schweppes_Citrus,Gama,GAM_L2,10,-0.0,false,lata
120,Schweppes_Citrus,Gama,GAM_L2,11,-0.0,false,lata
120,Schweppes_Citrus,Gama,GAM_L2,12,-0.0,false,lata
120,Schweppes_Citrus,Gama,GAM_L2,13,-0.0,false,lata
120,Schweppes_Citrus,Gama,GAM_L2,14,-0.0,false,lata
120,Schweppes_Citrus,Gama,GAM_L2,15,-0.0,false,lata
120,Schweppes_Citrus,Gama,GAM_L3,1,-0.0,false,lata
120,Schweppes_Citrus,Gama,GAM_L3,2,-0.0,false,lata
120,Schweppes_Citrus,Gama,GAM_L3,3,-0.0,false,lata
120,Schweppes_Citrus,Gama,GAM_L3,4,-0.0,false,lata
120,Schweppes_Citrus,Gama,GAM_L3,5,-0.0,false,lata
120,Schweppes_Citrus,Gama,GAM_L3,6,-0.0,false,lata
120,Schweppes_Citrus,Gama,GAM_L3,7,-0.0,false,lata
120,Schweppes_Citrus,Gama,GAM_L3,8,-999999.4298198,false,lata
120,Schweppes_Citrus,Gama,GAM_L3,9,-0.0,false,lata
120,Schweppes_Citrus,Gama,GAM_L3,10,-0.0,false,lata
120,Schweppes_Citrus,Gama,GAM_L3,11,-0.0,false,lata
120,Schweppes_Citrus,Gama,GAM_L3,12,-0.0,false,lata
120,Schweppes_Citrus,Gama,GAM_L3,13,-0.0,false,lata
120,Schweppes_Citrus,Gama,GAM_L3,14,-0.0,false,lata
120,Schweppes_Citrus,Gama,GAM_L3,15,-0.0,false,lata
120,Schweppes_Citrus,Viamao,VIA_L1,1,-0.0,false,lata
120,Schweppes_Citrus,Viamao,VIA_L1,2,-0.0,false,lata
120,Schweppes_Citrus,Viamao,VIA_L1,3,-0.0,false,lata
120,Schweppes_Citrus,Viamao,VIA_L1,4,-0.0,false,lata
120,Schweppes_Citrus,Viamao,VIA_L1,5,-0.0,false,lata
120,Schweppes_Citrus,Viamao,VIA_L1,6,-0.0,false,lata
120,Schweppes_Citrus,Viamao,VIA_L1,7,-0.0,false,lata
120,Schweppes_Citrus,Viamao,VIA_L1,8,-0.0,false,lata
120,Schweppes_Citrus,Viamao,VIA_L1,9,-0.0,false,lata
120,Schweppes_Citrus,Viamao,VIA_L1,10,-0.0,false,lata
120,Schweppes_Citrus,Viamao,VIA_L1,11,-0.0,false,lata
120,Schweppes_Citrus,Viamao,VIA_L1,12,-0.0,false,lata
120,Schweppes_Citrus,Viamao,VIA_L1,13,-0.0,false,lata
120,Schweppes_Citrus,Viamao,VIA_L1,14,-0.0,false,lata
120,Schweppes_Citrus,Viamao,VIA_L1,15,-0.0,false,lata
120,Schweppes_Citrus,Viamao,VIA_L2,1,-0.0,false,lata
120,Schweppes_Citrus,Viamao,VIA_L2,2,-0.0,false,lata
120,Schweppes_Citrus,Viamao,VIA_L2,3,-0.0,false,lata
120,Schweppes_Citrus,Viamao,VIA_L2,4,-0.0,false,lata
120,Schweppes_Citrus,Viamao,VIA_L2,5,-0.0,false,lata
120,Schweppes_Citrus,Viamao,VIA_L2,6,-0.0,false,lata
120,Schweppes_Citrus,Viamao,VIA_L2,7,-0.0,false,lata
120,Schweppes_Citrus,Viamao,VIA_L2,8,-0.0,false,lata
120,Schweppes_Citrus,Viamao,VIA_L2,9,-0.0,false,lata
120,Schweppes_Citrus,Viamao,VIA_L2,10,-0.0,false,lata
120,Schweppes_Citrus,Viamao,VIA_L2,11,-0.0,false,lata
120,Schweppes_Citrus,Viamao,VIA_L2,12,-0.0,false,lata
120,Schweppes_Citrus,Viamao,VIA_L2,13,-0.0,false,lata
120,Schweppes_Citrus,Viamao,VIA_L2,14,-0.0,false,lata
120,Schweppes_Citrus,Viamao,VIA_L2,15,-0.0,false,lata
120,Schweppes_Citrus,Viamao,VIA_L3,1,-0.0,false,lata
120,Schweppes_Citrus,Viamao,VIA_L3,2,-0.0,false,lata
120,Schweppes_Citrus,Viamao,VIA_L3,3,-0.0,false,lata
120,Schweppes_Citrus,Viamao,VIA_L3,4,-0.0,false,lata
120,Schweppes_Citrus,Viamao,VIA_L3,5,-0.0,false,lata
120,Schweppes_Citrus,Viamao,VIA_L3,6,-0.0,false,lata
120,Schweppes_Citrus,Viamao,VIA_L3,7,-0.0,false,lata
120,Schweppes_Citrus,Viamao,VIA_L3,8,-999999.4832397,false,lata
120,Schweppes_Citrus,Viamao,VIA_L3,9,-0.0,false,lata
120,Schweppes_Citrus,Viamao,VIA_L3,10,-0.0,false,lata
120,Schweppes_Citrus,Viamao,VIA_L3,11,-0.0,false,lata
120,Schweppes_Citrus,Viamao,VIA_L3,12,-0.0,false,lata
120,Schweppes_Citrus,Viamao,VIA_L3,13,-0.0,false,lata
120,Schweppes_Citrus,Viamao,VIA_L3,14,-999998.9250590999,false,lata
120,Schweppes_Citrus,Viamao,VIA_L3,15,-0.0,false,lata
120,Schweppes_Citrus,Itupeva,ITU_L1,1,-0.0,false,lata
120,Schweppes_Citrus,Itupeva,ITU_L1,2,-0.0,false,lata
120,Schweppes_Citrus,Itupeva,ITU_L1,3,-0.0,false,lata
120,Schweppes_Citrus,Itupeva,ITU_L1,4,-0.0,false,lata
120,Schweppes_Citrus,Itupeva,ITU_L1,5,-0.0,false,lata
120,Schweppes_Citrus,Itupeva,ITU_L1,6,-0.0,false,lata
120,Schweppes_Citrus,Itupeva,ITU_L1,7,-0.0,false,lata
120,Schweppes_Citrus,Itupeva,ITU_L1,8,-0.0,false,lata
120,Schweppes_Citrus,Itupeva,ITU_L1,9,-0.0,false,lata
120,Schweppes_Citrus,Itupeva,ITU_L1,10,-0.0,false,lata
120,Schweppes_Citrus,Itupeva,ITU_L1,11,-0.0,false,lata
120,Schweppes_Citrus,Itupeva,ITU_L1,12,-0.0,false,lata
120,Schweppes_Citrus,Itupeva,ITU_L1,13,-999999.2787029999,false,lata
120,Schweppes_Citrus,Itupeva,ITU_L1,14,-0.0,false,lata
120,Schweppes_Citrus,Itupeva,ITU_L1,15,-0.0,false,lata
120,Schweppes_Citrus,Itupeva,ITU_L2,1,-0.0,false,lata
120,Schweppes_Citrus,Itupeva,ITU_L2,2,-0.0,false,lata
120,Schweppes_Citrus,Itupeva,ITU_L2,3,-0.0,false,lata
120,Schweppes_Citrus,Itupeva,ITU_L2,4,-0.0,false,lata
120,Schweppes_Citrus,Itupeva,ITU_L2,5,-999999.8938206,false,lata
120,Schweppes_Citrus,Itupeva,ITU_L2,6,-0.0,false,lata
120,Schweppes_Citrus,Itupeva,ITU_L2,7,-0.0,false,lata
120,Schweppes_Citrus,Itupeva,ITU_L2,8,-0.0,false,lata
120,Schweppes_Citrus,Itupeva,ITU_L2,9,-0.0,false,lata
120,Schweppes_Citrus,Itupeva,ITU_L2,10,-0.0,false,lata
120,Schweppes_Citrus,Itupeva,ITU_L2,11,-0.0,false,lata
120,Schweppes_Citrus,Itupeva,ITU_L2,12,-0.0,false,lata
120,Schweppes_Citrus,Itupeva,ITU_L2,13,-999999.2787029999,false,lata
120,Schweppes_Citrus,Itupeva,ITU_L2,14,-0.0,false,lata
120,Schweppes_Citrus,Itupeva,ITU_L2,15,-0.0,false,lata
120,Schweppes_Citrus,Itupeva,ITU_L3,1,-0.0,false,lata
120,Schweppes_Citrus,Itupeva,ITU_L3,2,-0.0,false,lata
120,Schweppes_Citrus,Itupeva,ITU_L3,3,-0.0,false,lata
120,Schweppes_Citrus,Itupeva,ITU_L3,4,-0.0,false,lata
120,Schweppes_Citrus,Itupeva,ITU_L3,5,-0.0,false,lata
120,Schweppes_Citrus,Itupeva,ITU_L3,6,-1.0e6,true,lata
120,Schweppes_Citrus,Itupeva,ITU_L3,7,-0.0,false,lata
120,Schweppes_Citrus,Itupeva,ITU_L3,8,-0.0,false,lata
120,Schweppes_Citrus,Itupeva,ITU_L3,9,-0.0,false,lata
120,Schweppes_Citrus,Itupeva,ITU_L3,10,-0.0,false,lata
120,Schweppes_Citrus,Itupeva,ITU_L3,11,-0.0,false,lata
120,Schweppes_Citrus,Itupeva,ITU_L3,12,-0.0,false,lata
120,Schweppes_Citrus,Itupeva,ITU_L3,13,-0.0,false,lata
120,Schweppes_Citrus,Itupeva,ITU_L3,14,-0.0,false,lata
120,Schweppes_Citrus,Itupeva,ITU_L3,15,-0.0,false,lata
120,Schweppes_Citrus,Cabo de Santo Agostinho,CAB_L1,1,-0.0,false,lata
120,Schweppes_Citrus,Cabo de Santo Agostinho,CAB_L1,2,-0.0,false,lata
120,Schweppes_Citrus,Cabo de Santo Agostinho,CAB_L1,3,-0.0,false,lata
120,Schweppes_Citrus,Cabo de Santo Agostinho,CAB_L1,4,-0.0,false,lata
120,Schweppes_Citrus,Cabo de Santo Agostinho,CAB_L1,5,-0.0,false,lata
120,Schweppes_Citrus,Cabo de Santo Agostinho,CAB_L1,6,-0.0,false,lata
120,Schweppes_Citrus,Cabo de Santo Agostinho,CAB_L1,7,-0.0,false,lata
120,Schweppes_Citrus,Cabo de Santo Agostinho,CAB_L1,8,-0.0,false,lata
120,Schweppes_Citrus,Cabo de Santo Agostinho,CAB_L1,9,-0.0,false,lata
120,Schweppes_Citrus,Cabo de Santo Agostinho,CAB_L1,10,-0.0,false,lata
120,Schweppes_Citrus,Cabo de Santo Agostinho,CAB_L1,11,-0.0,false,lata
120,Schweppes_Citrus,Cabo de Santo Agostinho,CAB_L1,12,-0.0,false,lata
120,Schweppes_Citrus,Cabo de Santo Agostinho,CAB_L1,13,-0.0,false,lata
120,Schweppes_Citrus,Cabo de Santo Agostinho,CAB_L1,14,-999998.8478405,false,lata
120,Schweppes_Citrus,Cabo de Santo Agostinho,CAB_L1,15,-0.0,false,lata
120,Schweppes_Citrus,Cabo de Santo Agostinho,CAB_L2,1,-0.0,false,lata
120,Schweppes_Citrus,Cabo de Santo Agostinho,CAB_L2,2,-0.0,false,lata
120,Schweppes_Citrus,Cabo de Santo Agostinho,CAB_L2,3,-0.0,false,lata
120,Schweppes_Citrus,Cabo de Santo Agostinho,CAB_L2,4,-0.0,false,lata
120,Schweppes_Citrus,Cabo de Santo Agostinho,CAB_L2,5,-0.0,false,lata
120,Schweppes_Citrus,Cabo de Santo Agostinho,CAB_L2,6,-999999.9597452001,false,lata
120,Schweppes_Citrus,Cabo de Santo Agostinho,CAB_L2,7,-0.0,false,lata
120,Schweppes_Citrus,Cabo de Santo Agostinho,CAB_L2,8,-0.0,false,lata
120,Schweppes_Citrus,Cabo de Santo Agostinho,CAB_L2,9,-0.0,false,lata
120,Schweppes_Citrus,Cabo de Santo Agostinho,CAB_L2,10,-0.0,false,lata
120,Schweppes_Citrus,Cabo de Santo Agostinho,CAB_L2,11,-0.0,false,lata
120,Schweppes_Citrus,Cabo de Santo Agostinho,CAB_L2,12,-0.0,false,lata
120,Schweppes_Citrus,Cabo de Santo Agostinho,CAB_L2,13,-0.0,false,lata
120,Schweppes_Citrus,Cabo de Santo Agostinho,CAB_L2,14,-0.0,false,lata
120,Schweppes_Citrus,Cabo de Santo Agostinho,CAB_L2,15,-0.0,false,lata
120,Schweppes_Citrus,Cabo de Santo Agostinho,CAB_L3,1,-0.0,false,lata
120,Schweppes_Citrus,Cabo de Santo Agostinho,CAB_L3,2,-0.0,false,lata
120,Schweppes_Citrus,Cabo de Santo Agostinho,CAB_L3,3,-0.0,false,lata
120,Schweppes_Citrus,Cabo de Santo Agostinho,CAB_L3,4,-0.0,false,lata
120,Schweppes_Citrus,Cabo de Santo Agostinho,CAB_L3,5,-0.0,false,lata
120,Schweppes_Citrus,Cabo de Santo Agostinho,CAB_L3,6,-0.0,false,lata
120,Schweppes_Citrus,Cabo de Santo Agostinho,CAB_L3,7,-0.0,false,lata
120,Schweppes_Citrus,Cabo de Santo Agostinho,CAB_L3,8,-0.0,false,lata
120,Schweppes_Citrus,Cabo de Santo Agostinho,CAB_L3,9,-0.0,false,lata
120,Schweppes_Citrus,Cabo de Santo Agostinho,CAB_L3,10,-0.0,false,lata
120,Schweppes_Citrus,Cabo de Santo Agostinho,CAB_L3,11,-0.0,false,lata
120,Schweppes_Citrus,Cabo de Santo Agostinho,CAB_L3,12,-0.0,false,lata
120,Schweppes_Citrus,Cabo de Santo Agostinho,CAB_L3,13,-0.0,false,lata
120,Schweppes_Citrus,Cabo de Santo Agostinho,CAB_L3,14,-0.0,false,lata
120,Schweppes_Citrus,Cabo de Santo Agostinho,CAB_L3,15,-0.0,false,lata
120,Pepsi_Black,Jacarei,JAC_L1,1,-0.0,false,lata
120,Pepsi_Black,Jacarei,JAC_L1,2,-0.0,false,lata
120,Pepsi_Black,Jacarei,JAC_L1,3,-0.0,false,lata
120,Pepsi_Black,Jacarei,JAC_L1,4,-0.0,false,lata
120,Pepsi_Black,Jacarei,JAC_L1,5,-0.0,false,lata
120,Pepsi_Black,Jacarei,JAC_L1,6,-0.0,false,lata
120,Pepsi_Black,Jacarei,JAC_L1,7,-0.0,false,lata
120,Pepsi_Black,Jacarei,JAC_L1,8,-0.0,false,lata
120,Pepsi_Black,Jacarei,JAC_L1,9,-0.0,false,lata
120,Pepsi_Black,Jacarei,JAC_L1,10,-0.0,false,lata
120,Pepsi_Black,Jacarei,JAC_L1,11,-0.0,false,lata
120,Pepsi_Black,Jacarei,JAC_L1,12,-0.0,false,lata
120,Pepsi_Black,Jacarei,JAC_L1,13,-0.0,false,lata
120,Pepsi_Black,Jacarei,JAC_L1,14,-0.0,false,lata
120,Pepsi_Black,Jacarei,JAC_L1,15,-0.0,false,lata
120,Pepsi_Black,Jacarei,JAC_L2,1,-0.0,false,lata
120,Pepsi_Black,Jacarei,JAC_L2,2,-0.0,false,lata
120,Pepsi_Black,Jacarei,JAC_L2,3,-0.0,false,lata
120,Pepsi_Black,Jacarei,JAC_L2,4,-0.0,false,lata
120,Pepsi_Black,Jacarei,JAC_L2,5,-0.0,false,lata
120,Pepsi_Black,Jacarei,JAC_L2,6,-0.0,false,lata
120,Pepsi_Black,Jacarei,JAC_L2,7,-0.0,false,lata
120,Pepsi_Black,Jacarei,JAC_L2,8,-999998.3330866497,false,lata
120,Pepsi_Black,Jacarei,JAC_L2,9,-0.0,false,lata
120,Pepsi_Black,Jacarei,JAC_L2,10,-0.0,false,lata
120,Pepsi_Black,Jacarei,JAC_L2,11,-999998.8732794998,false,lata
120,Pepsi_Black,Jacarei,JAC_L2,12,-0.0,false,lata
120,Pepsi_Black,Jacarei,JAC_L2,13,-0.0,false,lata
120,Pepsi_Black,Jacarei,JAC_L2,14,-0.0,false,lata
120,Pepsi_Black,Jacarei,JAC_L2,15,-0.0,false,lata
120,Pepsi_Black,Jacarei,JAC_L3,1,-0.0,false,lata
120,Pepsi_Black,Jacarei,JAC_L3,2,-0.0,false,lata
120,Pepsi_Black,Jacarei,JAC_L3,3,-0.0,false,lata
120,Pepsi_Black,Jacarei,JAC_L3,4,-0.0,false,lata
120,Pepsi_Black,Jacarei,JAC_L3,5,-0.0,false,lata
120,Pepsi_Black,Jacarei,JAC_L3,6,-0.0,false,lata
120,Pepsi_Black,Jacarei,JAC_L3,7,-0.0,false,lata
120,Pepsi_Black,Jacarei,JAC_L3,8,-0.0,false,lata
120,Pepsi_Black,Jacarei,JAC_L3,9,-0.0,false,lata
120,Pepsi_Black,Jacarei,JAC_L3,10,-0.0,false,lata
120,Pepsi_Black,Jacarei,JAC_L3,11,-0.0,false,lata
120,Pepsi_Black,Jacarei,JAC_L3,12,-0.0,false,lata
120,Pepsi_Black,Jacarei,JAC_L3,13,-0.0,false,lata
120,Pepsi_Black,Jacarei,JAC_L3,14,-0.0,false,lata
120,Pepsi_Black,Jacarei,JAC_L3,15,-0.0,false,lata
120,Pepsi_Black,Extrema,EXT_L1,1,-0.0,false,lata
120,Pepsi_Black,Extrema,EXT_L1,2,-0.0,false,lata
120,Pepsi_Black,Extrema,EXT_L1,3,-0.0,false,lata
120,Pepsi_Black,Extrema,EXT_L1,4,-0.0,false,lata
120,Pepsi_Black,Extrema,EXT_L1,5,-0.0,false,lata
120,Pepsi_Black,Extrema,EXT_L1,6,-0.0,false,lata
120,Pepsi_Black,Extrema,EXT_L1,7,-0.0,false,lata
120,Pepsi_Black,Extrema,EXT_L1,8,-0.0,false,lata
120,Pepsi_Black,Extrema,EXT_L1,9,-999998.6088312997,false,lata
120,Pepsi_Black,Extrema,EXT_L1,10,-0.0,false,lata
120,Pepsi_Black,Extrema,EXT_L1,11,-0.0,false,lata
120,Pepsi_Black,Extrema,EXT_L1,12,-0.0,false,lata
120,Pepsi_Black,Extrema,EXT_L1,13,-0.0,false,lata
120,Pepsi_Black,Extrema,EXT_L1,14,-0.0,false,lata
120,Pepsi_Black,Extrema,EXT_L1,15,-0.0,false,lata
120,Pepsi_Black,Extrema,EXT_L2,1,-0.0,false,lata
120,Pepsi_Black,Extrema,EXT_L2,2,-0.0,false,lata
120,Pepsi_Black,Extrema,EXT_L2,3,-0.0,false,lata
120,Pepsi_Black,Extrema,EXT_L2,4,-0.0,false,lata
120,Pepsi_Black,Extrema,EXT_L2,5,-0.0,false,lata
120,Pepsi_Black,Extrema,EXT_L2,6,-0.0,false,lata
120,Pepsi_Black,Extrema,EXT_L2,7,-999999.1506593998,false,lata
120,Pepsi_Black,Extrema,EXT_L2,8,-0.0,false,lata
120,Pepsi_Black,Extrema,EXT_L2,9,-0.0,false,lata
120,Pepsi_Black,Extrema,EXT_L2,10,-0.0,false,lata
120,Pepsi_Black,Extrema,EXT_L2,11,-0.0,false,lata
120,Pepsi_Black,Extrema,EXT_L2,12,-0.0,false,lata
120,Pepsi_Black,Extrema,EXT_L2,13,-999998.8573080996,false,lata
120,Pepsi_Black,Extrema,EXT_L2,14,-0.0,false,lata
120,Pepsi_Black,Extrema,EXT_L2,15,-0.0,false,lata
120,Pepsi_Black,Extrema,EXT_L3,1,-0.0,false,lata
120,Pepsi_Black,Extrema,EXT_L3,2,-0.0,false,lata
120,Pepsi_Black,Extrema,EXT_L3,3,-0.0,false,lata
120,Pepsi_Black,Extrema,EXT_L3,4,-999998.9271531997,false,lata
120,Pepsi_Black,Extrema,EXT_L3,5,-0.0,false,lata
120,Pepsi_Black,Extrema,EXT_L3,6,-0.0,false,lata
120,Pepsi_Black,Extrema,EXT_L3,7,-0.0,false,lata
120,Pepsi_Black,Extrema,EXT_L3,8,-0.0,false,lata
120,Pepsi_Black,Extrema,EXT_L3,9,-0.0,false,lata
120,Pepsi_Black,Extrema,EXT_L3,10,-0.0,false,lata
120,Pepsi_Black,Extrema,EXT_L3,11,-0.0,false,lata
120,Pepsi_Black,Extrema,EXT_L3,12,-0.0,false,lata
120,Pepsi_Black,Extrema,EXT_L3,13,-0.0,false,lata
120,Pepsi_Black,Extrema,EXT_L3,14,-0.0,false,lata
120,Pepsi_Black,Extrema,EXT_L3,15,-0.0,false,lata
120,Pepsi_Black,Tres Rios,TRE_L1,1,-0.0,false,lata
120,Pepsi_Black,Tres Rios,TRE_L1,2,-0.0,false,lata
120,Pepsi_Black,Tres Rios,TRE_L1,3,-0.0,false,lata
120,Pepsi_Black,Tres Rios,TRE_L1,4,-0.0,false,lata
120,Pepsi_Black,Tres Rios,TRE_L1,5,-0.0,false,lata
120,Pepsi_Black,Tres Rios,TRE_L1,6,-0.0,false,lata
120,Pepsi_Black,Tres Rios,TRE_L1,7,-0.0,false,lata
120,Pepsi_Black,Tres Rios,TRE_L1,8,-0.0,false,lata
120,Pepsi_Black,Tres Rios,TRE_L1,9,-0.0,false,lata
120,Pepsi_Black,Tres Rios,TRE_L1,10,-0.0,false,lata
120,Pepsi_Black,Tres Rios,TRE_L1,11,-0.0,false,lata
120,Pepsi_Black,Tres Rios,TRE_L1,12,-0.0,false,lata
120,Pepsi_Black,Tres Rios,TRE_L1,13,-0.0,false,lata
120,Pepsi_Black,Tres Rios,TRE_L1,14,-0.0,false,lata
120,Pepsi_Black,Tres Rios,TRE_L1,15,-0.0,false,lata
120,Pepsi_Black,Tres Rios,TRE_L2,1,-0.0,false,lata
120,Pepsi_Black,Tres Rios,TRE_L2,2,-0.0,false,lata
120,Pepsi_Black,Tres Rios,TRE_L2,3,-0.0,false,lata
120,Pepsi_Black,Tres Rios,TRE_L2,4,-0.0,false,lata
120,Pepsi_Black,Tres Rios,TRE_L2,5,-0.0,false,lata
120,Pepsi_Black,Tres Rios,TRE_L2,6,-999998.8599999999,false,lata
120,Pepsi_Black,Tres Rios,TRE_L2,7,-0.0,false,lata
120,Pepsi_Black,Tres Rios,TRE_L2,8,-0.0,false,lata
120,Pepsi_Black,Tres Rios,TRE_L2,9,-0.0,false,lata
120,Pepsi_Black,Tres Rios,TRE_L2,10,-0.0,false,lata
120,Pepsi_Black,Tres Rios,TRE_L2,11,-0.0,false,lata
120,Pepsi_Black,Tres Rios,TRE_L2,12,-0.0,false,lata
120,Pepsi_Black,Tres Rios,TRE_L2,13,-0.0,false,lata
120,Pepsi_Black,Tres Rios,TRE_L2,14,-0.0,false,lata
120,Pepsi_Black,Tres Rios,TRE_L2,15,-999998.41824705,false,lata
120,Pepsi_Black,Tres Rios,TRE_L3,1,-0.0,false,lata
120,Pepsi_Black,Tres Rios,TRE_L3,2,-0.0,false,lata
120,Pepsi_Black,Tres Rios,TRE_L3,3,-0.0,false,lata
120,Pepsi_Black,Tres Rios,TRE_L3,4,-0.0,false,lata
120,Pepsi_Black,Tres Rios,TRE_L3,5,-999998.5824816998,false,lata
120,Pepsi_Black,Tres Rios,TRE_L3,6,-0.0,false,lata
120,Pepsi_Black,Tres Rios,TRE_L3,7,-0.0,false,lata
120,Pepsi_Black,Tres Rios,TRE_L3,8,-0.0,false,lata
120,Pepsi_Black,Tres Rios,TRE_L3,9,-0.0,false,lata
120,Pepsi_Black,Tres Rios,TRE_L3,10,-0.0,false,lata
120,Pepsi_Black,Tres Rios,TRE_L3,11,-0.0,false,lata
120,Pepsi_Black,Tres Rios,TRE_L3,12,-0.0,false,lata
120,Pepsi_Black,Tres Rios,TRE_L3,13,-0.0,false,lata
120,Pepsi_Black,Tres Rios,TRE_L3,14,-0.0,false,lata
120,Pepsi_Black,Tres Rios,TRE_L3,15,-0.0,false,lata
120,Pepsi_Black,Alagoinhas,ALA_L1,1,-0.0,false,lata
120,Pepsi_Black,Alagoinhas,ALA_L1,2,-0.0,false,lata
120,Pepsi_Black,Alagoinhas,ALA_L1,3,-0.0,false,lata
120,Pepsi_Black,Alagoinhas,ALA_L1,4,-0.0,false,lata
120,Pepsi_Black,Alagoinhas,ALA_L1,5,-0.0,false,lata
120,Pepsi_Black,Alagoinhas,ALA_L1,6,-0.0,false,lata
120,Pepsi_Black,Alagoinhas,ALA_L1,7,-0.0,false,lata
120,Pepsi_Black,Alagoinhas,ALA_L1,8,-0.0,false,lata
120,Pepsi_Black,Alagoinhas,ALA_L1,9,-0.0,false,lata
120,Pepsi_Black,Alagoinhas,ALA_L1,10,-0.0,false,lata
120,Pepsi_Black,Alagoinhas,ALA_L1,11,-0.0,false,lata
120,Pepsi_Black,Alagoinhas,ALA_L1,12,-0.0,false,lata
120,Pepsi_Black,Alagoinhas,ALA_L1,13,-0.0,false,lata
120,Pepsi_Black,Alagoinhas,ALA_L1,14,-0.0,false,lata
120,Pepsi_Black,Alagoinhas,ALA_L1,15,-0.0,false,lata
120,Pepsi_Black,Alagoinhas,ALA_L2,1,-0.0,false,lata
120,Pepsi_Black,Alagoinhas,ALA_L2,2,-0.0,false,lata
120,Pepsi_Black,Alagoinhas,ALA_L2,3,-0.0,false,lata
120,Pepsi_Black,Alagoinhas,ALA_L2,4,-999998.9650271497,false,lata
120,Pepsi_Black,Alagoinhas,ALA_L2,5,-0.0,false,lata
120,Pepsi_Black,Alagoinhas,ALA_L2,6,-999998.8268987999,false,lata
120,Pepsi_Black,Alagoinhas,ALA_L2,7,-999999.1266987999,false,lata
120,Pepsi_Black,Alagoinhas,ALA_L2,8,-0.0,false,lata
120,Pepsi_Black,Alagoinhas,ALA_L2,9,-0.0,false,lata
120,Pepsi_Black,Alagoinhas,ALA_L2,10,-0.0,false,lata
120,Pepsi_Black,Alagoinhas,ALA_L2,11,-0.0,false,lata
120,Pepsi_Black,Alagoinhas,ALA_L2,12,-0.0,false,lata
120,Pepsi_Black,Alagoinhas,ALA_L2,13,-0.0,false,lata
120,Pepsi_Black,Alagoinhas,ALA_L2,14,-0.0,false,lata
120,Pepsi_Black,Alagoinhas,ALA_L2,15,-0.0,false,lata
120,Pepsi_Black,Alagoinhas,ALA_L3,1,-0.0,false,lata
120,Pepsi_Black,Alagoinhas,ALA_L3,2,-0.0,false,lata
120,Pepsi_Black,Alagoinhas,ALA_L3,3,-0.0,false,lata
120,Pepsi_Black,Alagoinhas,ALA_L3,4,-0.0,false,lata
120,Pepsi_Black,Alagoinhas,ALA_L3,5,-0.0,false,lata
120,Pepsi_Black,Alagoinhas,ALA_L3,6,-0.0,false,lata
120,Pepsi_Black,Alagoinhas,ALA_L3,7,-0.0,false,lata
120,Pepsi_Black,Alagoinhas,ALA_L3,8,-0.0,false,lata
120,Pepsi_Black,Alagoinhas,ALA_L3,9,-0.0,false,lata
120,Pepsi_Black,Alagoinhas,ALA_L3,10,-0.0,false,lata
120,Pepsi_Black,Alagoinhas,ALA_L3,11,-0.0,false,lata
120,Pepsi_Black,Alagoinhas,ALA_L3,12,-0.0,false,lata
120,Pepsi_Black,Alagoinhas,ALA_L3,13,-999998.8072836499,false,lata
120,Pepsi_Black,Alagoinhas,ALA_L3,14,-0.0,false,lata
120,Pepsi_Black,Alagoinhas,ALA_L3,15,-0.0,false,lata
120,Pepsi_Black,Frutal,FRU_L1,1,-0.0,false,lata
120,Pepsi_Black,Frutal,FRU_L1,2,-0.0,false,lata
120,Pepsi_Black,Frutal,FRU_L1,3,-0.0,false,lata
120,Pepsi_Black,Frutal,FRU_L1,4,-0.0,false,lata
120,Pepsi_Black,Frutal,FRU_L1,5,-0.0,false,lata
120,Pepsi_Black,Frutal,FRU_L1,6,-0.0,false,lata
120,Pepsi_Black,Frutal,FRU_L1,7,-0.0,false,lata
120,Pepsi_Black,Frutal,FRU_L1,8,-0.0,false,lata
120,Pepsi_Black,Frutal,FRU_L1,9,-0.0,false,lata
120,Pepsi_Black,Frutal,FRU_L1,10,-0.0,false,lata
120,Pepsi_Black,Frutal,FRU_L1,11,-0.0,false,lata
120,Pepsi_Black,Frutal,FRU_L1,12,-0.0,false,lata
120,Pepsi_Black,Frutal,FRU_L1,13,-0.0,false,lata
120,Pepsi_Black,Frutal,FRU_L1,14,-0.0,false,lata
120,Pepsi_Black,Frutal,FRU_L1,15,-0.0,false,lata
120,Pepsi_Black,Frutal,FRU_L2,1,-0.0,false,lata
120,Pepsi_Black,Frutal,FRU_L2,2,-0.0,false,lata
120,Pepsi_Black,Frutal,FRU_L2,3,-0.0,false,lata
120,Pepsi_Black,Frutal,FRU_L2,4,-0.0,false,lata
120,Pepsi_Black,Frutal,FRU_L2,5,-0.0,false,lata
120,Pepsi_Black,Frutal,FRU_L2,6,-0.0,false,lata
120,Pepsi_Black,Frutal,FRU_L2,7,-0.0,false,lata
120,Pepsi_Black,Frutal,FRU_L2,8,-0.0,false,lata
120,Pepsi_Black,Frutal,FRU_L2,9,-0.0,false,lata
120,Pepsi_Black,Frutal,FRU_L2,10,-0.0,false,lata
120,Pepsi_Black,Frutal,FRU_L2,11,-0.0,false,lata
120,Pepsi_Black,Frutal,FRU_L2,12,-999998.5793648997,false,lata
120,Pepsi_Black,Frutal,FRU_L2,13,-0.0,false,lata
120,Pepsi_Black,Frutal,FRU_L2,14,-999998.7345364001,false,lata
120,Pepsi_Black,Frutal,FRU_L2,15,-0.0,false,lata
120,Pepsi_Black,Frutal,FRU_L3,1,-0.0,false,lata
120,Pepsi_Black,Frutal,FRU_L3,2,-0.0,false,lata
120,Pepsi_Black,Frutal,FRU_L3,3,-0.0,false,lata
120,Pepsi_Black,Frutal,FRU_L3,4,-0.0,false,lata
120,Pepsi_Black,Frutal,FRU_L3,5,-0.0,false,lata
120,Pepsi_Black,Frutal,FRU_L3,6,-999998.8870800498,false,lata
120,Pepsi_Black,Frutal,FRU_L3,7,-0.0,false,lata
120,Pepsi_Black,Frutal,FRU_L3,8,-0.0,false,lata
120,Pepsi_Black,Frutal,FRU_L3,9,-0.0,false,lata
120,Pepsi_Black,Frutal,FRU_L3,10,-0.0,false,lata
120,Pepsi_Black,Frutal,FRU_L3,11,-0.0,false,lata
120,Pepsi_Black,Frutal,FRU_L3,12,-0.0,false,lata
120,Pepsi_Black,Frutal,FRU_L3,13,-0.0,false,lata
120,Pepsi_Black,Frutal,FRU_L3,14,-0.0,false,lata
120,Pepsi_Black,Frutal,FRU_L3,15,-0.0,false,lata
120,Pepsi_Black,Pouso Alegre,POU_L1,1,-0.0,false,lata
120,Pepsi_Black,Pouso Alegre,POU_L1,2,-0.0,false,lata
120,Pepsi_Black,Pouso Alegre,POU_L1,3,-0.0,false,lata
120,Pepsi_Black,Pouso Alegre,POU_L1,4,-0.0,false,lata
120,Pepsi_Black,Pouso Alegre,POU_L1,5,-0.0,false,lata
120,Pepsi_Black,Pouso Alegre,POU_L1,6,-0.0,false,lata
120,Pepsi_Black,Pouso Alegre,POU_L1,7,-0.0,false,lata
120,Pepsi_Black,Pouso Alegre,POU_L1,8,-0.0,false,lata
120,Pepsi_Black,Pouso Alegre,POU_L1,9,-0.0,false,lata
120,Pepsi_Black,Pouso Alegre,POU_L1,10,-0.0,false,lata
120,Pepsi_Black,Pouso Alegre,POU_L1,11,-0.0,false,lata
120,Pepsi_Black,Pouso Alegre,POU_L1,12,-0.0,false,lata
120,Pepsi_Black,Pouso Alegre,POU_L1,13,-0.0,false,lata
120,Pepsi_Black,Pouso Alegre,POU_L1,14,-0.0,false,lata
120,Pepsi_Black,Pouso Alegre,POU_L1,15,-0.0,false,lata
120,Pepsi_Black,Pouso Alegre,POU_L2,1,-0.0,false,lata
120,Pepsi_Black,Pouso Alegre,POU_L2,2,-0.0,false,lata
120,Pepsi_Black,Pouso Alegre,POU_L2,3,-0.0,false,lata
120,Pepsi_Black,Pouso Alegre,POU_L2,4,-999998.9251835498,false,lata
120,Pepsi_Black,Pouso Alegre,POU_L2,5,-0.0,false,lata
120,Pepsi_Black,Pouso Alegre,POU_L2,6,-0.0,false,lata
120,Pepsi_Black,Pouso Alegre,POU_L2,7,-0.0,false,lata
120,Pepsi_Black,Pouso Alegre,POU_L2,8,-0.0,false,lata
120,Pepsi_Black,Pouso Alegre,POU_L2,9,-0.0,false,lata
120,Pepsi_Black,Pouso Alegre,POU_L2,10,-0.0,false,lata
120,Pepsi_Black,Pouso Alegre,POU_L2,11,-0.0,false,lata
120,Pepsi_Black,Pouso Alegre,POU_L2,12,-0.0,false,lata
120,Pepsi_Black,Pouso Alegre,POU_L2,13,-0.0,false,lata
120,Pepsi_Black,Pouso Alegre,POU_L2,14,-0.0,false,lata
120,Pepsi_Black,Pouso Alegre,POU_L2,15,-0.0,false,lata
120,Pepsi_Black,Pouso Alegre,POU_L3,1,-0.0,false,lata
120,Pepsi_Black,Pouso Alegre,POU_L3,2,-0.0,false,lata
120,Pepsi_Black,Pouso Alegre,POU_L3,3,-0.0,false,lata
120,Pepsi_Black,Pouso Alegre,POU_L3,4,-0.0,false,lata
120,Pepsi_Black,Pouso Alegre,POU_L3,5,-0.0,false,lata
120,Pepsi_Black,Pouso Alegre,POU_L3,6,-0.0,false,lata
120,Pepsi_Black,Pouso Alegre,POU_L3,7,-0.0,false,lata
120,Pepsi_Black,Pouso Alegre,POU_L3,8,-0.0,false,lata
120,Pepsi_Black,Pouso Alegre,POU_L3,9,-0.0,false,lata
120,Pepsi_Black,Pouso Alegre,POU_L3,10,-0.0,false,lata
120,Pepsi_Black,Pouso Alegre,POU_L3,11,-0.0,false,lata
120,Pepsi_Black,Pouso Alegre,POU_L3,12,-0.0,false,lata
120,Pepsi_Black,Pouso Alegre,POU_L3,13,-0.0,false,lata
120,Pepsi_Black,Pouso Alegre,POU_L3,14,-0.0,false,lata
120,Pepsi_Black,Pouso Alegre,POU_L3,15,-0.0,false,lata
120,Pepsi_Black,Gama,GAM_L1,1,-0.0,false,lata
120,Pepsi_Black,Gama,GAM_L1,2,-0.0,false,lata
120,Pepsi_Black,Gama,GAM_L1,3,-0.0,false,lata
120,Pepsi_Black,Gama,GAM_L1,4,-0.0,false,lata
120,Pepsi_Black,Gama,GAM_L1,5,-0.0,false,lata
120,Pepsi_Black,Gama,GAM_L1,6,-0.0,false,lata
120,Pepsi_Black,Gama,GAM_L1,7,-0.0,false,lata
120,Pepsi_Black,Gama,GAM_L1,8,-0.0,false,lata
120,Pepsi_Black,Gama,GAM_L1,9,-0.0,false,lata
120,Pepsi_Black,Gama,GAM_L1,10,-0.0,false,lata
120,Pepsi_Black,Gama,GAM_L1,11,-0.0,false,lata
120,Pepsi_Black,Gama,GAM_L1,12,-0.0,false,lata
120,Pepsi_Black,Gama,GAM_L1,13,-0.0,false,lata
120,Pepsi_Black,Gama,GAM_L1,14,-0.0,false,lata
120,Pepsi_Black,Gama,GAM_L1,15,-999998.41387215,false,lata
120,Pepsi_Black,Gama,GAM_L2,1,-0.0,false,lata
120,Pepsi_Black,Gama,GAM_L2,2,-0.0,false,lata
120,Pepsi_Black,Gama,GAM_L2,3,-0.0,false,lata
120,Pepsi_Black,Gama,GAM_L2,4,-0.0,false,lata
120,Pepsi_Black,Gama,GAM_L2,5,-0.0,false,lata
120,Pepsi_Black,Gama,GAM_L2,6,-0.0,false,lata
120,Pepsi_Black,Gama,GAM_L2,7,-0.0,false,lata
120,Pepsi_Black,Gama,GAM_L2,8,-0.0,false,lata
120,Pepsi_Black,Gama,GAM_L2,9,-0.0,false,lata
120,Pepsi_Black,Gama,GAM_L2,10,-0.0,false,lata
120,Pepsi_Black,Gama,GAM_L2,11,-0.0,false,lata
120,Pepsi_Black,Gama,GAM_L2,12,-0.0,false,lata
120,Pepsi_Black,Gama,GAM_L2,13,-0.0,false,lata
120,Pepsi_Black,Gama,GAM_L2,14,-0.0,false,lata
120,Pepsi_Black,Gama,GAM_L2,15,-0.0,false,lata
120,Pepsi_Black,Gama,GAM_L3,1,-0.0,false,lata
120,Pepsi_Black,Gama,GAM_L3,2,-0.0,false,lata
120,Pepsi_Black,Gama,GAM_L3,3,-0.0,false,lata
120,Pepsi_Black,Gama,GAM_L3,4,-0.0,false,lata
120,Pepsi_Black,Gama,GAM_L3,5,-0.0,false,lata
120,Pepsi_Black,Gama,GAM_L3,6,-0.0,false,lata
120,Pepsi_Black,Gama,GAM_L3,7,-999999.1729622498,false,lata
120,Pepsi_Black,Gama,GAM_L3,8,-0.0,false,lata
120,Pepsi_Black,Gama,GAM_L3,9,-0.0,false,lata
120,Pepsi_Black,Gama,GAM_L3,10,-0.0,false,lata
120,Pepsi_Black,Gama,GAM_L3,11,-999998.8961818499,false,lata
120,Pepsi_Black,Gama,GAM_L3,12,-0.0,false,lata
120,Pepsi_Black,Gama,GAM_L3,13,-0.0,false,lata
120,Pepsi_Black,Gama,GAM_L3,14,-0.0,false,lata
120,Pepsi_Black,Gama,GAM_L3,15,-0.0,false,lata
120,Pepsi_Black,Viamao,VIA_L1,1,-0.0,false,lata
120,Pepsi_Black,Viamao,VIA_L1,2,-0.0,false,lata
120,Pepsi_Black,Viamao,VIA_L1,3,-999998.6818095497,false,lata
120,Pepsi_Black,Viamao,VIA_L1,4,-0.0,false,lata
120,Pepsi_Black,Viamao,VIA_L1,5,-0.0,false,lata
120,Pepsi_Black,Viamao,VIA_L1,6,-0.0,false,lata
120,Pepsi_Black,Viamao,VIA_L1,7,-0.0,false,lata
120,Pepsi_Black,Viamao,VIA_L1,8,-0.0,false,lata
120,Pepsi_Black,Viamao,VIA_L1,9,-0.0,false,lata
120,Pepsi_Black,Viamao,VIA_L1,10,-0.0,false,lata
120,Pepsi_Black,Viamao,VIA_L1,11,-0.0,false,lata
120,Pepsi_Black,Viamao,VIA_L1,12,-0.0,false,lata
120,Pepsi_Black,Viamao,VIA_L1,13,-0.0,false,lata
120,Pepsi_Black,Viamao,VIA_L1,14,-0.0,false,lata
120,Pepsi_Black,Viamao,VIA_L1,15,-0.0,false,lata
120,Pepsi_Black,Viamao,VIA_L2,1,-0.0,false,lata
120,Pepsi_Black,Viamao,VIA_L2,2,-0.0,false,lata
120,Pepsi_Black,Viamao,VIA_L2,3,-0.0,false,lata
120,Pepsi_Black,Viamao,VIA_L2,4,-0.0,false,lata
120,Pepsi_Black,Viamao,VIA_L2,5,-0.0,false,lata
120,Pepsi_Black,Viamao,VIA_L2,6,-0.0,false,lata
120,Pepsi_Black,Viamao,VIA_L2,7,-0.0,false,lata
120,Pepsi_Black,Viamao,VIA_L2,8,-0.0,false,lata
120,Pepsi_Black,Viamao,VIA_L2,9,-0.0,false,lata
120,Pepsi_Black,Viamao,VIA_L2,10,-0.0,false,lata
120,Pepsi_Black,Viamao,VIA_L2,11,-0.0,false,lata
120,Pepsi_Black,Viamao,VIA_L2,12,-0.0,false,lata
120,Pepsi_Black,Viamao,VIA_L2,13,-0.0,false,lata
120,Pepsi_Black,Viamao,VIA_L2,14,-0.0,false,lata
120,Pepsi_Black,Viamao,VIA_L2,15,-999998.46840505,false,lata
120,Pepsi_Black,Viamao,VIA_L3,1,-0.0,false,lata
120,Pepsi_Black,Viamao,VIA_L3,2,-0.0,false,lata
120,Pepsi_Black,Viamao,VIA_L3,3,-0.0,false,lata
120,Pepsi_Black,Viamao,VIA_L3,4,-0.0,false,lata
120,Pepsi_Black,Viamao,VIA_L3,5,-0.0,false,lata
120,Pepsi_Black,Viamao,VIA_L3,6,-999998.9094658499,false,lata
120,Pepsi_Black,Viamao,VIA_L3,7,-0.0,false,lata
120,Pepsi_Black,Viamao,VIA_L3,8,-0.0,false,lata
120,Pepsi_Black,Viamao,VIA_L3,9,-0.0,false,lata
120,Pepsi_Black,Viamao,VIA_L3,10,-0.0,false,lata
120,Pepsi_Black,Viamao,VIA_L3,11,-0.0,false,lata
120,Pepsi_Black,Viamao,VIA_L3,12,-0.0,false,lata
120,Pepsi_Black,Viamao,VIA_L3,13,-0.0,false,lata
120,Pepsi_Black,Viamao,VIA_L3,14,-0.0,false,lata
120,Pepsi_Black,Viamao,VIA_L3,15,-0.0,false,lata
120,Pepsi_Black,Itupeva,ITU_L1,1,-0.0,false,lata
120,Pepsi_Black,Itupeva,ITU_L1,2,-0.0,false,lata
120,Pepsi_Black,Itupeva,ITU_L1,3,-0.0,false,lata
120,Pepsi_Black,Itupeva,ITU_L1,4,-0.0,false,lata
120,Pepsi_Black,Itupeva,ITU_L1,5,-0.0,false,lata
120,Pepsi_Black,Itupeva,ITU_L1,6,-0.0,false,lata
120,Pepsi_Black,Itupeva,ITU_L1,7,-0.0,false,lata
120,Pepsi_Black,Itupeva,ITU_L1,8,-0.0,false,lata
120,Pepsi_Black,Itupeva,ITU_L1,9,-0.0,false,lata
120,Pepsi_Black,Itupeva,ITU_L1,10,-0.0,false,lata
120,Pepsi_Black,Itupeva,ITU_L1,11,-0.0,false,lata
120,Pepsi_Black,Itupeva,ITU_L1,12,-0.0,false,lata
120,Pepsi_Black,Itupeva,ITU_L1,13,-0.0,false,lata
120,Pepsi_Black,Itupeva,ITU_L1,14,-0.0,false,lata
120,Pepsi_Black,Itupeva,ITU_L1,15,-0.0,false,lata
120,Pepsi_Black,Itupeva,ITU_L2,1,-0.0,false,lata
120,Pepsi_Black,Itupeva,ITU_L2,2,-0.0,false,lata
120,Pepsi_Black,Itupeva,ITU_L2,3,-0.0,false,lata
120,Pepsi_Black,Itupeva,ITU_L2,4,-0.0,false,lata
120,Pepsi_Black,Itupeva,ITU_L2,5,-0.0,false,lata
120,Pepsi_Black,Itupeva,ITU_L2,6,-0.0,false,lata
120,Pepsi_Black,Itupeva,ITU_L2,7,-0.0,false,lata
120,Pepsi_Black,Itupeva,ITU_L2,8,-0.0,false,lata
120,Pepsi_Black,Itupeva,ITU_L2,9,-0.0,false,lata
120,Pepsi_Black,Itupeva,ITU_L2,10,-0.0,false,lata
120,Pepsi_Black,Itupeva,ITU_L2,11,-0.0,false,lata
120,Pepsi_Black,Itupeva,ITU_L2,12,-0.0,false,lata
120,Pepsi_Black,Itupeva,ITU_L2,13,-0.0,false,lata
120,Pepsi_Black,Itupeva,ITU_L2,14,-0.0,false,lata
120,Pepsi_Black,Itupeva,ITU_L2,15,-0.0,false,lata
120,Pepsi_Black,Itupeva,ITU_L3,1,-0.0,false,lata
120,Pepsi_Black,Itupeva,ITU_L3,2,-0.0,false,lata
120,Pepsi_Black,Itupeva,ITU_L3,3,-0.0,false,lata
120,Pepsi_Black,Itupeva,ITU_L3,4,-0.0,false,lata
120,Pepsi_Black,Itupeva,ITU_L3,5,-0.0,false,lata
120,Pepsi_Black,Itupeva,ITU_L3,6,-0.0,false,lata
120,Pepsi_Black,Itupeva,ITU_L3,7,-0.0,false,lata
120,Pepsi_Black,Itupeva,ITU_L3,8,-0.0,false,lata
120,Pepsi_Black,Itupeva,ITU_L3,9,-0.0,false,lata
120,Pepsi_Black,Itupeva,ITU_L3,10,-0.0,false,lata
120,Pepsi_Black,Itupeva,ITU_L3,11,-0.0,false,lata
120,Pepsi_Black,Itupeva,ITU_L3,12,-0.0,false,lata
120,Pepsi_Black,Itupeva,ITU_L3,13,-999998.8609770996,false,lata
120,Pepsi_Black,Itupeva,ITU_L3,14,-0.0,false,lata
120,Pepsi_Black,Itupeva,ITU_L3,15,-0.0,false,lata
120,Pepsi_Black,Cabo de Santo Agostinho,CAB_L1,1,-0.0,false,lata
120,Pepsi_Black,Cabo de Santo Agostinho,CAB_L1,2,-0.0,false,lata
120,Pepsi_Black,Cabo de Santo Agostinho,CAB_L1,3,-0.0,false,lata
120,Pepsi_Black,Cabo de Santo Agostinho,CAB_L1,4,-999998.9410866996,false,lata
120,Pepsi_Black,Cabo de Santo Agostinho,CAB_L1,5,-0.0,false,lata
120,Pepsi_Black,Cabo de Santo Agostinho,CAB_L1,6,-0.0,false,lata
120,Pepsi_Black,Cabo de Santo Agostinho,CAB_L1,7,-0.0,false,lata
120,Pepsi_Black,Cabo de Santo Agostinho,CAB_L1,8,-0.0,false,lata
120,Pepsi_Black,Cabo de Santo Agostinho,CAB_L1,9,-0.0,false,lata
120,Pepsi_Black,Cabo de Santo Agostinho,CAB_L1,10,-0.0,false,lata
120,Pepsi_Black,Cabo de Santo Agostinho,CAB_L1,11,-0.0,false,lata
120,Pepsi_Black,Cabo de Santo Agostinho,CAB_L1,12,-0.0,false,lata
120,Pepsi_Black,Cabo de Santo Agostinho,CAB_L1,13,-0.0,false,lata
120,Pepsi_Black,Cabo de Santo Agostinho,CAB_L1,14,-0.0,false,lata
120,Pepsi_Black,Cabo de Santo Agostinho,CAB_L1,15,-0.0,false,lata
120,Pepsi_Black,Cabo de Santo Agostinho,CAB_L2,1,-0.0,false,lata
120,Pepsi_Black,Cabo de Santo Agostinho,CAB_L2,2,-999998.3314283998,false,lata
120,Pepsi_Black,Cabo de Santo Agostinho,CAB_L2,3,-0.0,false,lata
120,Pepsi_Black,Cabo de Santo Agostinho,CAB_L2,4,-0.0,false,lata
120,Pepsi_Black,Cabo de Santo Agostinho,CAB_L2,5,-0.0,false,lata
120,Pepsi_Black,Cabo de Santo Agostinho,CAB_L2,6,-0.0,false,lata
120,Pepsi_Black,Cabo de Santo Agostinho,CAB_L2,7,-0.0,false,lata
120,Pepsi_Black,Cabo de Santo Agostinho,CAB_L2,8,-0.0,false,lata
120,Pepsi_Black,Cabo de Santo Agostinho,CAB_L2,9,-0.0,false,lata
120,Pepsi_Black,Cabo de Santo Agostinho,CAB_L2,10,-0.0,false,lata
120,Pepsi_Black,Cabo de Santo Agostinho,CAB_L2,11,-0.0,false,lata
120,Pepsi_Black,Cabo de Santo Agostinho,CAB_L2,12,-0.0,false,lata
120,Pepsi_Black,Cabo de Santo Agostinho,CAB_L2,13,-0.0,false,lata
120,Pepsi_Black,Cabo de Santo Agostinho,CAB_L2,14,-0.0,false,lata
120,Pepsi_Black,Cabo de Santo Agostinho,CAB_L2,15,-0.0,false,lata
120,Pepsi_Black,Cabo de Santo Agostinho,CAB_L3,1,-0.0,false,lata
120,Pepsi_Black,Cabo de Santo Agostinho,CAB_L3,2,-0.0,false,lata
120,Pepsi_Black,Cabo de Santo Agostinho,CAB_L3,3,-0.0,false,lata
120,Pepsi_Black,Cabo de Santo Agostinho,CAB_L3,4,-0.0,false,lata
120,Pepsi_Black,Cabo de Santo Agostinho,CAB_L3,5,-999998.5554770499,false,lata
120,Pepsi_Black,Cabo de Santo Agostinho,CAB_L3,6,-0.0,false,lata
120,Pepsi_Black,Cabo de Santo Agostinho,CAB_L3,7,-0.0,false,lata
120,Pepsi_Black,Cabo de Santo Agostinho,CAB_L3,8,-0.0,false,lata
120,Pepsi_Black,Cabo de Santo Agostinho,CAB_L3,9,-999998.6081291498,false,lata
120,Pepsi_Black,Cabo de Santo Agostinho,CAB_L3,10,-0.0,false,lata
120,Pepsi_Black,Cabo de Santo Agostinho,CAB_L3,11,-0.0,false,lata
120,Pepsi_Black,Cabo de Santo Agostinho,CAB_L3,12,-0.0,false,lata
120,Pepsi_Black,Cabo de Santo Agostinho,CAB_L3,13,-0.0,false,lata
120,Pepsi_Black,Cabo de Santo Agostinho,CAB_L3,14,-999998.7823419,false,lata
120,Pepsi_Black,Cabo de Santo Agostinho,CAB_L3,15,-0.0,false,lata
120,Antarctica_Lata,Jacarei,JAC_L1,1,-0.0,false,lata
120,Antarctica_Lata,Jacarei,JAC_L1,2,-0.0,false,lata
120,Antarctica_Lata,Jacarei,JAC_L1,3,-0.0,false,lata
120,Antarctica_Lata,Jacarei,JAC_L1,4,-0.0,false,lata
120,Antarctica_Lata,Jacarei,JAC_L1,5,-0.0,false,lata
120,Antarctica_Lata,Jacarei,JAC_L1,6,-0.0,false,lata
120,Antarctica_Lata,Jacarei,JAC_L1,7,-0.0,false,lata
120,Antarctica_Lata,Jacarei,JAC_L1,8,-0.0,false,lata
120,Antarctica_Lata,Jacarei,JAC_L1,9,-0.0,false,lata
120,Antarctica_Lata,Jacarei,JAC_L1,10,-0.0,false,lata
120,Antarctica_Lata,Jacarei,JAC_L1,11,-0.0,false,lata
120,Antarctica_Lata,Jacarei,JAC_L1,12,-0.0,false,lata
120,Antarctica_Lata,Jacarei,JAC_L1,13,-0.0,false,lata
120,Antarctica_Lata,Jacarei,JAC_L1,14,-0.0,false,lata
120,Antarctica_Lata,Jacarei,JAC_L1,15,-0.0,false,lata
120,Antarctica_Lata,Jacarei,JAC_L2,1,-0.0,false,lata
120,Antarctica_Lata,Jacarei,JAC_L2,2,-0.0,false,lata
120,Antarctica_Lata,Jacarei,JAC_L2,3,-0.0,false,lata
120,Antarctica_Lata,Jacarei,JAC_L2,4,-0.0,false,lata
120,Antarctica_Lata,Jacarei,JAC_L2,5,-0.0,false,lata
120,Antarctica_Lata,Jacarei,JAC_L2,6,-0.0,false,lata
120,Antarctica_Lata,Jacarei,JAC_L2,7,-0.0,false,lata
120,Antarctica_Lata,Jacarei,JAC_L2,8,-0.0,false,lata
120,Antarctica_Lata,Jacarei,JAC_L2,9,-0.0,false,lata
120,Antarctica_Lata,Jacarei,JAC_L2,10,-999999.9674430001,false,lata
120,Antarctica_Lata,Jacarei,JAC_L2,11,-0.0,false,lata
120,Antarctica_Lata,Jacarei,JAC_L2,12,-0.0,false,lata
120,Antarctica_Lata,Jacarei,JAC_L2,13,-0.0,false,lata
120,Antarctica_Lata,Jacarei,JAC_L2,14,-0.0,false,lata
120,Antarctica_Lata,Jacarei,JAC_L2,15,-0.0,false,lata
120,Antarctica_Lata,Jacarei,JAC_L3,1,-0.0,false,lata
120,Antarctica_Lata,Jacarei,JAC_L3,2,-0.0,false,lata
120,Antarctica_Lata,Jacarei,JAC_L3,3,-0.0,false,lata
120,Antarctica_Lata,Jacarei,JAC_L3,4,-0.0,false,lata
120,Antarctica_Lata,Jacarei,JAC_L3,5,-0.0,false,lata
120,Antarctica_Lata,Jacarei,JAC_L3,6,-0.0,false,lata
120,Antarctica_Lata,Jacarei,JAC_L3,7,-0.0,false,lata
120,Antarctica_Lata,Jacarei,JAC_L3,8,-0.0,false,lata
120,Antarctica_Lata,Jacarei,JAC_L3,9,-0.0,false,lata
120,Antarctica_Lata,Jacarei,JAC_L3,10,-0.0,false,lata
120,Antarctica_Lata,Jacarei,JAC_L3,11,-999999.96953805,false,lata
120,Antarctica_Lata,Jacarei,JAC_L3,12,-0.0,false,lata
120,Antarctica_Lata,Jacarei,JAC_L3,13,-1.0e6,true,lata
120,Antarctica_Lata,Jacarei,JAC_L3,14,-0.0,false,lata
120,Antarctica_Lata,Jacarei,JAC_L3,15,-0.0,false,lata
120,Antarctica_Lata,Extrema,EXT_L1,1,-0.0,false,lata
120,Antarctica_Lata,Extrema,EXT_L1,2,-999999.9420989502,false,lata
120,Antarctica_Lata,Extrema,EXT_L1,3,-0.0,false,lata
120,Antarctica_Lata,Extrema,EXT_L1,4,-0.0,false,lata
120,Antarctica_Lata,Extrema,EXT_L1,5,-0.0,false,lata
120,Antarctica_Lata,Extrema,EXT_L1,6,-0.0,false,lata
120,Antarctica_Lata,Extrema,EXT_L1,7,-0.0,false,lata
120,Antarctica_Lata,Extrema,EXT_L1,8,-0.0,false,lata
120,Antarctica_Lata,Extrema,EXT_L1,9,-0.0,false,lata
120,Antarctica_Lata,Extrema,EXT_L1,10,-0.0,false,lata
120,Antarctica_Lata,Extrema,EXT_L1,11,-0.0,false,lata
120,Antarctica_Lata,Extrema,EXT_L1,12,-0.0,false,lata
120,Antarctica_Lata,Extrema,EXT_L1,13,-0.0,false,lata
120,Antarctica_Lata,Extrema,EXT_L1,14,-0.0,false,lata
120,Antarctica_Lata,Extrema,EXT_L1,15,-0.0,false,lata
120,Antarctica_Lata,Extrema,EXT_L2,1,-0.0,false,lata
120,Antarctica_Lata,Extrema,EXT_L2,2,-0.0,false,lata
120,Antarctica_Lata,Extrema,EXT_L2,3,-0.0,false,lata
120,Antarctica_Lata,Extrema,EXT_L2,4,-0.0,false,lata
120,Antarctica_Lata,Extrema,EXT_L2,5,-0.0,false,lata
120,Antarctica_Lata,Extrema,EXT_L2,6,-0.0,false,lata
120,Antarctica_Lata,Extrema,EXT_L2,7,-0.0,false,lata
120,Antarctica_Lata,Extrema,EXT_L2,8,-0.0,false,lata
120,Antarctica_Lata,Extrema,EXT_L2,9,-0.0,false,lata
120,Antarctica_Lata,Extrema,EXT_L2,10,-0.0,false,lata
120,Antarctica_Lata,Extrema,EXT_L2,11,-0.0,false,lata
120,Antarctica_Lata,Extrema,EXT_L2,12,-0.0,false,lata
120,Antarctica_Lata,Extrema,EXT_L2,13,-0.0,false,lata
120,Antarctica_Lata,Extrema,EXT_L2,14,-0.0,false,lata
120,Antarctica_Lata,Extrema,EXT_L2,15,-0.0,false,lata
120,Antarctica_Lata,Extrema,EXT_L3,1,-0.0,false,lata
120,Antarctica_Lata,Extrema,EXT_L3,2,-0.0,false,lata
120,Antarctica_Lata,Extrema,EXT_L3,3,-0.0,false,lata
120,Antarctica_Lata,Extrema,EXT_L3,4,-0.0,false,lata
120,Antarctica_Lata,Extrema,EXT_L3,5,-999999.997047,false,lata
120,Antarctica_Lata,Extrema,EXT_L3,6,-0.0,false,lata
120,Antarctica_Lata,Extrema,EXT_L3,7,-0.0,false,lata
120,Antarctica_Lata,Extrema,EXT_L3,8,-0.0,false,lata
120,Antarctica_Lata,Extrema,EXT_L3,9,-0.0,false,lata
120,Antarctica_Lata,Extrema,EXT_L3,10,-0.0,false,lata
120,Antarctica_Lata,Extrema,EXT_L3,11,-0.0,false,lata
120,Antarctica_Lata,Extrema,EXT_L3,12,-999999.9206111,false,lata
120,Antarctica_Lata,Extrema,EXT_L3,13,-0.0,false,lata
120,Antarctica_Lata,Extrema,EXT_L3,14,-0.0,false,lata
120,Antarctica_Lata,Extrema,EXT_L3,15,-0.0,false,lata
120,Antarctica_Lata,Tres Rios,TRE_L1,1,-0.0,false,lata
120,Antarctica_Lata,Tres Rios,TRE_L1,2,-0.0,false,lata
120,Antarctica_Lata,Tres Rios,TRE_L1,3,-0.0,false,lata
120,Antarctica_Lata,Tres Rios,TRE_L1,4,-0.0,false,lata
120,Antarctica_Lata,Tres Rios,TRE_L1,5,-0.0,false,lata
120,Antarctica_Lata,Tres Rios,TRE_L1,6,-0.0,false,lata
120,Antarctica_Lata,Tres Rios,TRE_L1,7,-0.0,false,lata
120,Antarctica_Lata,Tres Rios,TRE_L1,8,-0.0,false,lata
120,Antarctica_Lata,Tres Rios,TRE_L1,9,-0.0,false,lata
120,Antarctica_Lata,Tres Rios,TRE_L1,10,-0.0,false,lata
120,Antarctica_Lata,Tres Rios,TRE_L1,11,-0.0,false,lata
120,Antarctica_Lata,Tres Rios,TRE_L1,12,-0.0,false,lata
120,Antarctica_Lata,Tres Rios,TRE_L1,13,-0.0,false,lata
120,Antarctica_Lata,Tres Rios,TRE_L1,14,-0.0,false,lata
120,Antarctica_Lata,Tres Rios,TRE_L1,15,-0.0,false,lata
120,Antarctica_Lata,Tres Rios,TRE_L2,1,-0.0,false,lata
120,Antarctica_Lata,Tres Rios,TRE_L2,2,-0.0,false,lata
120,Antarctica_Lata,Tres Rios,TRE_L2,3,-0.0,false,lata
120,Antarctica_Lata,Tres Rios,TRE_L2,4,-0.0,false,lata
120,Antarctica_Lata,Tres Rios,TRE_L2,5,-0.0,false,lata
120,Antarctica_Lata,Tres Rios,TRE_L2,6,-0.0,false,lata
120,Antarctica_Lata,Tres Rios,TRE_L2,7,-0.0,false,lata
120,Antarctica_Lata,Tres Rios,TRE_L2,8,-0.0,false,lata
120,Antarctica_Lata,Tres Rios,TRE_L2,9,-0.0,false,lata
120,Antarctica_Lata,Tres Rios,TRE_L2,10,-0.0,false,lata
120,Antarctica_Lata,Tres Rios,TRE_L2,11,-0.0,false,lata
120,Antarctica_Lata,Tres Rios,TRE_L2,12,-0.0,false,lata
120,Antarctica_Lata,Tres Rios,TRE_L2,13,-0.0,false,lata
120,Antarctica_Lata,Tres Rios,TRE_L2,14,-0.0,false,lata
120,Antarctica_Lata,Tres Rios,TRE_L2,15,-0.0,false,lata
120,Antarctica_Lata,Tres Rios,TRE_L3,1,-999999.8969899497,false,lata
120,Antarctica_Lata,Tres Rios,TRE_L3,2,-0.0,false,lata
120,Antarctica_Lata,Tres Rios,TRE_L3,3,-0.0,false,lata
120,Antarctica_Lata,Tres Rios,TRE_L3,4,-0.0,false,lata
120,Antarctica_Lata,Tres Rios,TRE_L3,5,-0.0,false,lata
120,Antarctica_Lata,Tres Rios,TRE_L3,6,-0.0,false,lata
120,Antarctica_Lata,Tres Rios,TRE_L3,7,-0.0,false,lata
120,Antarctica_Lata,Tres Rios,TRE_L3,8,-0.0,false,lata
120,Antarctica_Lata,Tres Rios,TRE_L3,9,-0.0,false,lata
120,Antarctica_Lata,Tres Rios,TRE_L3,10,-0.0,false,lata
120,Antarctica_Lata,Tres Rios,TRE_L3,11,-0.0,false,lata
120,Antarctica_Lata,Tres Rios,TRE_L3,12,-0.0,false,lata
120,Antarctica_Lata,Tres Rios,TRE_L3,13,-0.0,false,lata
120,Antarctica_Lata,Tres Rios,TRE_L3,14,-0.0,false,lata
120,Antarctica_Lata,Tres Rios,TRE_L3,15,-0.0,false,lata
120,Antarctica_Lata,Alagoinhas,ALA_L1,1,-0.0,false,lata
120,Antarctica_Lata,Alagoinhas,ALA_L1,2,-0.0,false,lata
120,Antarctica_Lata,Alagoinhas,ALA_L1,3,-0.0,false,lata
120,Antarctica_Lata,Alagoinhas,ALA_L1,4,-0.0,false,lata
120,Antarctica_Lata,Alagoinhas,ALA_L1,5,-0.0,false,lata
120,Antarctica_Lata,Alagoinhas,ALA_L1,6,-0.0,false,lata
120,Antarctica_Lata,Alagoinhas,ALA_L1,7,-0.0,false,lata
120,Antarctica_Lata,Alagoinhas,ALA_L1,8,-0.0,false,lata
120,Antarctica_Lata,Alagoinhas,ALA_L1,9,-0.0,false,lata
120,Antarctica_Lata,Alagoinhas,ALA_L1,10,-0.0,false,lata
120,Antarctica_Lata,Alagoinhas,ALA_L1,11,-0.0,false,lata
120,Antarctica_Lata,Alagoinhas,ALA_L1,12,-0.0,false,lata
120,Antarctica_Lata,Alagoinhas,ALA_L1,13,-0.0,false,lata
120,Antarctica_Lata,Alagoinhas,ALA_L1,14,-0.0,false,lata
120,Antarctica_Lata,Alagoinhas,ALA_L1,15,-0.0,false,lata
120,Antarctica_Lata,Alagoinhas,ALA_L2,1,-999999.9446168498,false,lata
120,Antarctica_Lata,Alagoinhas,ALA_L2,2,-0.0,false,lata
120,Antarctica_Lata,Alagoinhas,ALA_L2,3,-0.0,false,lata
120,Antarctica_Lata,Alagoinhas,ALA_L2,4,-0.0,false,lata
120,Antarctica_Lata,Alagoinhas,ALA_L2,5,-1.0e6,true,lata
120,Antarctica_Lata,Alagoinhas,ALA_L2,6,-0.0,false,lata
120,Antarctica_Lata,Alagoinhas,ALA_L2,7,-0.0,false,lata
120,Antarctica_Lata,Alagoinhas,ALA_L2,8,-0.0,false,lata
120,Antarctica_Lata,Alagoinhas,ALA_L2,9,-0.0,false,lata
120,Antarctica_Lata,Alagoinhas,ALA_L2,10,-0.0,false,lata
120,Antarctica_Lata,Alagoinhas,ALA_L2,11,-0.0,false,lata
120,Antarctica_Lata,Alagoinhas,ALA_L2,12,-0.0,false,lata
120,Antarctica_Lata,Alagoinhas,ALA_L2,13,-0.0,false,lata
120,Antarctica_Lata,Alagoinhas,ALA_L2,14,-0.0,false,lata
120,Antarctica_Lata,Alagoinhas,ALA_L2,15,-0.0,false,lata
120,Antarctica_Lata,Alagoinhas,ALA_L3,1,-999999.9446168498,false,lata
120,Antarctica_Lata,Alagoinhas,ALA_L3,2,-0.0,false,lata
120,Antarctica_Lata,Alagoinhas,ALA_L3,3,-0.0,false,lata
120,Antarctica_Lata,Alagoinhas,ALA_L3,4,-1.0e6,true,lata
120,Antarctica_Lata,Alagoinhas,ALA_L3,5,-0.0,false,lata
120,Antarctica_Lata,Alagoinhas,ALA_L3,6,-0.0,false,lata
120,Antarctica_Lata,Alagoinhas,ALA_L3,7,-0.0,false,lata
120,Antarctica_Lata,Alagoinhas,ALA_L3,8,-0.0,false,lata
120,Antarctica_Lata,Alagoinhas,ALA_L3,9,-0.0,false,lata
120,Antarctica_Lata,Alagoinhas,ALA_L3,10,-0.0,false,lata
120,Antarctica_Lata,Alagoinhas,ALA_L3,11,-1.0e6,true,lata
120,Antarctica_Lata,Alagoinhas,ALA_L3,12,-0.0,false,lata
120,Antarctica_Lata,Alagoinhas,ALA_L3,13,-0.0,false,lata
120,Antarctica_Lata,Alagoinhas,ALA_L3,14,-0.0,false,lata
120,Antarctica_Lata,Alagoinhas,ALA_L3,15,-0.0,false,lata
120,Antarctica_Lata,Frutal,FRU_L1,1,-0.0,false,lata
120,Antarctica_Lata,Frutal,FRU_L1,2,-0.0,false,lata
120,Antarctica_Lata,Frutal,FRU_L1,3,-0.0,false,lata
120,Antarctica_Lata,Frutal,FRU_L1,4,-0.0,false,lata
120,Antarctica_Lata,Frutal,FRU_L1,5,-0.0,false,lata
120,Antarctica_Lata,Frutal,FRU_L1,6,-0.0,false,lata
120,Antarctica_Lata,Frutal,FRU_L1,7,-0.0,false,lata
120,Antarctica_Lata,Frutal,FRU_L1,8,-0.0,false,lata
120,Antarctica_Lata,Frutal,FRU_L1,9,-1.0e6,true,lata
120,Antarctica_Lata,Frutal,FRU_L1,10,-0.0,false,lata
120,Antarctica_Lata,Frutal,FRU_L1,11,-0.0,false,lata
120,Antarctica_Lata,Frutal,FRU_L1,12,-0.0,false,lata
120,Antarctica_Lata,Frutal,FRU_L1,13,-0.0,false,lata
120,Antarctica_Lata,Frutal,FRU_L1,14,-1.0e6,true,lata
120,Antarctica_Lata,Frutal,FRU_L1,15,-0.0,false,lata
120,Antarctica_Lata,Frutal,FRU_L2,1,-0.0,false,lata
120,Antarctica_Lata,Frutal,FRU_L2,2,-0.0,false,lata
120,Antarctica_Lata,Frutal,FRU_L2,3,-0.0,false,lata
120,Antarctica_Lata,Frutal,FRU_L2,4,-0.0,false,lata
120,Antarctica_Lata,Frutal,FRU_L2,5,-0.0,false,lata
120,Antarctica_Lata,Frutal,FRU_L2,6,-0.0,false,lata
120,Antarctica_Lata,Frutal,FRU_L2,7,-0.0,false,lata
120,Antarctica_Lata,Frutal,FRU_L2,8,-999999.8412133998,false,lata
120,Antarctica_Lata,Frutal,FRU_L2,9,-0.0,false,lata
120,Antarctica_Lata,Frutal,FRU_L2,10,-0.0,false,lata
120,Antarctica_Lata,Frutal,FRU_L2,11,-0.0,false,lata
120,Antarctica_Lata,Frutal,FRU_L2,12,-999999.9346579,false,lata
120,Antarctica_Lata,Frutal,FRU_L2,13,-0.0,false,lata
120,Antarctica_Lata,Frutal,FRU_L2,14,-0.0,false,lata
120,Antarctica_Lata,Frutal,FRU_L2,15,-0.0,false,lata
120,Antarctica_Lata,Frutal,FRU_L3,1,-0.0,false,lata
120,Antarctica_Lata,Frutal,FRU_L3,2,-0.0,false,lata
120,Antarctica_Lata,Frutal,FRU_L3,3,-0.0,false,lata
120,Antarctica_Lata,Frutal,FRU_L3,4,-0.0,false,lata
120,Antarctica_Lata,Frutal,FRU_L3,5,-0.0,false,lata
120,Antarctica_Lata,Frutal,FRU_L3,6,-0.0,false,lata
120,Antarctica_Lata,Frutal,FRU_L3,7,-0.0,false,lata
120,Antarctica_Lata,Frutal,FRU_L3,8,-0.0,false,lata
120,Antarctica_Lata,Frutal,FRU_L3,9,-0.0,false,lata
120,Antarctica_Lata,Frutal,FRU_L3,10,-0.0,false,lata
120,Antarctica_Lata,Frutal,FRU_L3,11,-0.0,false,lata
120,Antarctica_Lata,Frutal,FRU_L3,12,-0.0,false,lata
120,Antarctica_Lata,Frutal,FRU_L3,13,-0.0,false,lata
120,Antarctica_Lata,Frutal,FRU_L3,14,-0.0,false,lata
120,Antarctica_Lata,Frutal,FRU_L3,15,-0.0,false,lata
120,Antarctica_Lata,Pouso Alegre,POU_L1,1,-0.0,false,lata
120,Antarctica_Lata,Pouso Alegre,POU_L1,2,-0.0,false,lata
120,Antarctica_Lata,Pouso Alegre,POU_L1,3,-0.0,false,lata
120,Antarctica_Lata,Pouso Alegre,POU_L1,4,-0.0,false,lata
120,Antarctica_Lata,Pouso Alegre,POU_L1,5,-1.0e6,true,lata
120,Antarctica_Lata,Pouso Alegre,POU_L1,6,-0.0,false,lata
120,Antarctica_Lata,Pouso Alegre,POU_L1,7,-0.0,false,lata
120,Antarctica_Lata,Pouso Alegre,POU_L1,8,-0.0,false,lata
120,Antarctica_Lata,Pouso Alegre,POU_L1,9,-0.0,false,lata
120,Antarctica_Lata,Pouso Alegre,POU_L1,10,-0.0,false,lata
120,Antarctica_Lata,Pouso Alegre,POU_L1,11,-0.0,false,lata
120,Antarctica_Lata,Pouso Alegre,POU_L1,12,-0.0,false,lata
120,Antarctica_Lata,Pouso Alegre,POU_L1,13,-0.0,false,lata
120,Antarctica_Lata,Pouso Alegre,POU_L1,14,-0.0,false,lata
120,Antarctica_Lata,Pouso Alegre,POU_L1,15,-0.0,false,lata
120,Antarctica_Lata,Pouso Alegre,POU_L2,1,-0.0,false,lata
120,Antarctica_Lata,Pouso Alegre,POU_L2,2,-999999.9450519502,false,lata
120,Antarctica_Lata,Pouso Alegre,POU_L2,3,-0.0,false,lata
120,Antarctica_Lata,Pouso Alegre,POU_L2,4,-0.0,false,lata
120,Antarctica_Lata,Pouso Alegre,POU_L2,5,-1.0e6,true,lata
120,Antarctica_Lata,Pouso Alegre,POU_L2,6,-0.0,false,lata
120,Antarctica_Lata,Pouso Alegre,POU_L2,7,-0.0,false,lata
120,Antarctica_Lata,Pouso Alegre,POU_L2,8,-0.0,false,lata
120,Antarctica_Lata,Pouso Alegre,POU_L2,9,-0.0,false,lata
120,Antarctica_Lata,Pouso Alegre,POU_L2,10,-0.0,false,lata
120,Antarctica_Lata,Pouso Alegre,POU_L2,11,-0.0,false,lata
120,Antarctica_Lata,Pouso Alegre,POU_L2,12,-0.0,false,lata
120,Antarctica_Lata,Pouso Alegre,POU_L2,13,-0.0,false,lata
120,Antarctica_Lata,Pouso Alegre,POU_L2,14,-0.0,false,lata
120,Antarctica_Lata,Pouso Alegre,POU_L2,15,-0.0,false,lata
120,Antarctica_Lata,Pouso Alegre,POU_L3,1,-0.0,false,lata
120,Antarctica_Lata,Pouso Alegre,POU_L3,2,-0.0,false,lata
120,Antarctica_Lata,Pouso Alegre,POU_L3,3,-0.0,false,lata
120,Antarctica_Lata,Pouso Alegre,POU_L3,4,-999999.99920215,false,lata
120,Antarctica_Lata,Pouso Alegre,POU_L3,5,-0.0,false,lata
120,Antarctica_Lata,Pouso Alegre,POU_L3,6,-0.0,false,lata
120,Antarctica_Lata,Pouso Alegre,POU_L3,7,-0.0,false,lata
120,Antarctica_Lata,Pouso Alegre,POU_L3,8,-0.0,false,lata
120,Antarctica_Lata,Pouso Alegre,POU_L3,9,-0.0,false,lata
120,Antarctica_Lata,Pouso Alegre,POU_L3,10,-0.0,false,lata
120,Antarctica_Lata,Pouso Alegre,POU_L3,11,-0.0,false,lata
120,Antarctica_Lata,Pouso Alegre,POU_L3,12,-0.0,false,lata
120,Antarctica_Lata,Pouso Alegre,POU_L3,13,-0.0,false,lata
120,Antarctica_Lata,Pouso Alegre,POU_L3,14,-1.0e6,true,lata
120,Antarctica_Lata,Pouso Alegre,POU_L3,15,-0.0,false,lata
120,Antarctica_Lata,Gama,GAM_L1,1,-0.0,false,lata
120,Antarctica_Lata,Gama,GAM_L1,2,-0.0,false,lata
120,Antarctica_Lata,Gama,GAM_L1,3,-0.0,false,lata
120,Antarctica_Lata,Gama,GAM_L1,4,-0.0,false,lata
120,Antarctica_Lata,Gama,GAM_L1,5,-0.0,false,lata
120,Antarctica_Lata,Gama,GAM_L1,6,-0.0,false,lata
120,Antarctica_Lata,Gama,GAM_L1,7,-0.0,false,lata
120,Antarctica_Lata,Gama,GAM_L1,8,-0.0,false,lata
120,Antarctica_Lata,Gama,GAM_L1,9,-0.0,false,lata
120,Antarctica_Lata,Gama,GAM_L1,10,-0.0,false,lata
120,Antarctica_Lata,Gama,GAM_L1,11,-0.0,false,lata
120,Antarctica_Lata,Gama,GAM_L1,12,-0.0,false,lata
120,Antarctica_Lata,Gama,GAM_L1,13,-0.0,false,lata
120,Antarctica_Lata,Gama,GAM_L1,14,-0.0,false,lata
120,Antarctica_Lata,Gama,GAM_L1,15,-0.0,false,lata
120,Antarctica_Lata,Gama,GAM_L2,1,-0.0,false,lata
120,Antarctica_Lata,Gama,GAM_L2,2,-0.0,false,lata
120,Antarctica_Lata,Gama,GAM_L2,3,-0.0,false,lata
120,Antarctica_Lata,Gama,GAM_L2,4,-0.0,false,lata
120,Antarctica_Lata,Gama,GAM_L2,5,-0.0,false,lata
120,Antarctica_Lata,Gama,GAM_L2,6,-0.0,false,lata
120,Antarctica_Lata,Gama,GAM_L2,7,-0.0,false,lata
120,Antarctica_Lata,Gama,GAM_L2,8,-0.0,false,lata
120,Antarctica_Lata,Gama,GAM_L2,9,-0.0,false,lata
120,Antarctica_Lata,Gama,GAM_L2,10,-0.0,false,lata
120,Antarctica_Lata,Gama,GAM_L2,11,-1.0e6,true,lata
120,Antarctica_Lata,Gama,GAM_L2,12,-0.0,false,lata
120,Antarctica_Lata,Gama,GAM_L2,13,-0.0,false,lata
120,Antarctica_Lata,Gama,GAM_L2,14,-0.0,false,lata
120,Antarctica_Lata,Gama,GAM_L2,15,-0.0,false,lata
120,Antarctica_Lata,Gama,GAM_L3,1,-0.0,false,lata
120,Antarctica_Lata,Gama,GAM_L3,2,-0.0,false,lata
120,Antarctica_Lata,Gama,GAM_L3,3,-0.0,false,lata
120,Antarctica_Lata,Gama,GAM_L3,4,-0.0,false,lata
120,Antarctica_Lata,Gama,GAM_L3,5,-0.0,false,lata
120,Antarctica_Lata,Gama,GAM_L3,6,-0.0,false,lata
120,Antarctica_Lata,Gama,GAM_L3,7,-0.0,false,lata
120,Antarctica_Lata,Gama,GAM_L3,8,-0.0,false,lata
120,Antarctica_Lata,Gama,GAM_L3,9,-0.0,false,lata
120,Antarctica_Lata,Gama,GAM_L3,10,-0.0,false,lata
120,Antarctica_Lata,Gama,GAM_L3,11,-0.0,false,lata
120,Antarctica_Lata,Gama,GAM_L3,12,-0.0,false,lata
120,Antarctica_Lata,Gama,GAM_L3,13,-0.0,false,lata
120,Antarctica_Lata,Gama,GAM_L3,14,-0.0,false,lata
120,Antarctica_Lata,Gama,GAM_L3,15,-0.0,false,lata
120,Antarctica_Lata,Viamao,VIA_L1,1,-0.0,false,lata
120,Antarctica_Lata,Viamao,VIA_L1,2,-999999.9819747502,false,lata
120,Antarctica_Lata,Viamao,VIA_L1,3,-0.0,false,lata
120,Antarctica_Lata,Viamao,VIA_L1,4,-0.0,false,lata
120,Antarctica_Lata,Viamao,VIA_L1,5,-0.0,false,lata
120,Antarctica_Lata,Viamao,VIA_L1,6,-0.0,false,lata
120,Antarctica_Lata,Viamao,VIA_L1,7,-0.0,false,lata
120,Antarctica_Lata,Viamao,VIA_L1,8,-0.0,false,lata
120,Antarctica_Lata,Viamao,VIA_L1,9,-0.0,false,lata
120,Antarctica_Lata,Viamao,VIA_L1,10,-0.0,false,lata
120,Antarctica_Lata,Viamao,VIA_L1,11,-0.0,false,lata
120,Antarctica_Lata,Viamao,VIA_L1,12,-0.0,false,lata
120,Antarctica_Lata,Viamao,VIA_L1,13,-0.0,false,lata
120,Antarctica_Lata,Viamao,VIA_L1,14,-0.0,false,lata
120,Antarctica_Lata,Viamao,VIA_L1,15,-0.0,false,lata
120,Antarctica_Lata,Viamao,VIA_L2,1,-0.0,false,lata
120,Antarctica_Lata,Viamao,VIA_L2,2,-0.0,false,lata
120,Antarctica_Lata,Viamao,VIA_L2,3,-0.0,false,lata
120,Antarctica_Lata,Viamao,VIA_L2,4,-0.0,false,lata
120,Antarctica_Lata,Viamao,VIA_L2,5,-0.0,false,lata
120,Antarctica_Lata,Viamao,VIA_L2,6,-0.0,false,lata
120,Antarctica_Lata,Viamao,VIA_L2,7,-0.0,false,lata
120,Antarctica_Lata,Viamao,VIA_L2,8,-0.0,false,lata
120,Antarctica_Lata,Viamao,VIA_L2,9,-0.0,false,lata
120,Antarctica_Lata,Viamao,VIA_L2,10,-0.0,false,lata
120,Antarctica_Lata,Viamao,VIA_L2,11,-0.0,false,lata
120,Antarctica_Lata,Viamao,VIA_L2,12,-0.0,false,lata
120,Antarctica_Lata,Viamao,VIA_L2,13,-0.0,false,lata
120,Antarctica_Lata,Viamao,VIA_L2,14,-0.0,false,lata
120,Antarctica_Lata,Viamao,VIA_L2,15,-0.0,false,lata
120,Antarctica_Lata,Viamao,VIA_L3,1,-0.0,false,lata
120,Antarctica_Lata,Viamao,VIA_L3,2,-0.0,false,lata
120,Antarctica_Lata,Viamao,VIA_L3,3,-0.0,false,lata
120,Antarctica_Lata,Viamao,VIA_L3,4,-0.0,false,lata
120,Antarctica_Lata,Viamao,VIA_L3,5,-0.0,false,lata
120,Antarctica_Lata,Viamao,VIA_L3,6,-0.0,false,lata
120,Antarctica_Lata,Viamao,VIA_L3,7,-0.0,false,lata
120,Antarctica_Lata,Viamao,VIA_L3,8,-0.0,false,lata
120,Antarctica_Lata,Viamao,VIA_L3,9,-0.0,false,lata
120,Antarctica_Lata,Viamao,VIA_L3,10,-0.0,false,lata
120,Antarctica_Lata,Viamao,VIA_L3,11,-0.0,false,lata
120,Antarctica_Lata,Viamao,VIA_L3,12,-0.0,false,lata
120,Antarctica_Lata,Viamao,VIA_L3,13,-0.0,false,lata
120,Antarctica_Lata,Viamao,VIA_L3,14,-0.0,false,lata
120,Antarctica_Lata,Viamao,VIA_L3,15,-0.0,false,lata
120,Antarctica_Lata,Itupeva,ITU_L1,1,-0.0,false,lata
120,Antarctica_Lata,Itupeva,ITU_L1,2,-0.0,false,lata
120,Antarctica_Lata,Itupeva,ITU_L1,3,-0.0,false,lata
120,Antarctica_Lata,Itupeva,ITU_L1,4,-1.0e6,true,lata
120,Antarctica_Lata,Itupeva,ITU_L1,5,-0.0,false,lata
120,Antarctica_Lata,Itupeva,ITU_L1,6,-0.0,false,lata
120,Antarctica_Lata,Itupeva,ITU_L1,7,-0.0,false,lata
120,Antarctica_Lata,Itupeva,ITU_L1,8,-0.0,false,lata
120,Antarctica_Lata,Itupeva,ITU_L1,9,-0.0,false,lata
120,Antarctica_Lata,Itupeva,ITU_L1,10,-0.0,false,lata
120,Antarctica_Lata,Itupeva,ITU_L1,11,-0.0,false,lata
120,Antarctica_Lata,Itupeva,ITU_L1,12,-0.0,false,lata
120,Antarctica_Lata,Itupeva,ITU_L1,13,-0.0,false,lata
120,Antarctica_Lata,Itupeva,ITU_L1,14,-0.0,false,lata
120,Antarctica_Lata,Itupeva,ITU_L1,15,-0.0,false,lata
120,Antarctica_Lata,Itupeva,ITU_L2,1,-0.0,false,lata
120,Antarctica_Lata,Itupeva,ITU_L2,2,-0.0,false,lata
120,Antarctica_Lata,Itupeva,ITU_L2,3,-0.0,false,lata
120,Antarctica_Lata,Itupeva,ITU_L2,4,-0.0,false,lata
120,Antarctica_Lata,Itupeva,ITU_L2,5,-0.0,false,lata
120,Antarctica_Lata,Itupeva,ITU_L2,6,-0.0,false,lata
120,Antarctica_Lata,Itupeva,ITU_L2,7,-0.0,false,lata
120,Antarctica_Lata,Itupeva,ITU_L2,8,-0.0,false,lata
120,Antarctica_Lata,Itupeva,ITU_L2,9,-0.0,false,lata
120,Antarctica_Lata,Itupeva,ITU_L2,10,-0.0,false,lata
120,Antarctica_Lata,Itupeva,ITU_L2,11,-0.0,false,lata
120,Antarctica_Lata,Itupeva,ITU_L2,12,-0.0,false,lata
120,Antarctica_Lata,Itupeva,ITU_L2,13,-0.0,false,lata
120,Antarctica_Lata,Itupeva,ITU_L2,14,-0.0,false,lata
120,Antarctica_Lata,Itupeva,ITU_L2,15,-0.0,false,lata
120,Antarctica_Lata,Itupeva,ITU_L3,1,-0.0,false,lata
120,Antarctica_Lata,Itupeva,ITU_L3,2,-0.0,false,lata
120,Antarctica_Lata,Itupeva,ITU_L3,3,-0.0,false,lata
120,Antarctica_Lata,Itupeva,ITU_L3,4,-1.0e6,true,lata
120,Antarctica_Lata,Itupeva,ITU_L3,5,-0.0,false,lata
120,Antarctica_Lata,Itupeva,ITU_L3,6,-0.0,false,lata
120,Antarctica_Lata,Itupeva,ITU_L3,7,-0.0,false,lata
120,Antarctica_Lata,Itupeva,ITU_L3,8,-999999.8559266499,false,lata
120,Antarctica_Lata,Itupeva,ITU_L3,9,-999999.98947985,false,lata
120,Antarctica_Lata,Itupeva,ITU_L3,10,-0.0,false,lata
120,Antarctica_Lata,Itupeva,ITU_L3,11,-0.0,false,lata
120,Antarctica_Lata,Itupeva,ITU_L3,12,-0.0,false,lata
120,Antarctica_Lata,Itupeva,ITU_L3,13,-0.0,false,lata
120,Antarctica_Lata,Itupeva,ITU_L3,14,-1.0e6,true,lata
120,Antarctica_Lata,Itupeva,ITU_L3,15,-0.0,false,lata
120,Antarctica_Lata,Cabo de Santo Agostinho,CAB_L1,1,-0.0,false,lata
120,Antarctica_Lata,Cabo de Santo Agostinho,CAB_L1,2,-1.0e6,true,lata
120,Antarctica_Lata,Cabo de Santo Agostinho,CAB_L1,3,-0.0,false,lata
120,Antarctica_Lata,Cabo de Santo Agostinho,CAB_L1,4,-0.0,false,lata
120,Antarctica_Lata,Cabo de Santo Agostinho,CAB_L1,5,-0.0,false,lata
120,Antarctica_Lata,Cabo de Santo Agostinho,CAB_L1,6,-0.0,false,lata
120,Antarctica_Lata,Cabo de Santo Agostinho,CAB_L1,7,-0.0,false,lata
120,Antarctica_Lata,Cabo de Santo Agostinho,CAB_L1,8,-0.0,false,lata
120,Antarctica_Lata,Cabo de Santo Agostinho,CAB_L1,9,-1.0e6,true,lata
120,Antarctica_Lata,Cabo de Santo Agostinho,CAB_L1,10,-0.0,false,lata
120,Antarctica_Lata,Cabo de Santo Agostinho,CAB_L1,11,-0.0,false,lata
120,Antarctica_Lata,Cabo de Santo Agostinho,CAB_L1,12,-1.0e6,false,lata
120,Antarctica_Lata,Cabo de Santo Agostinho,CAB_L1,13,-0.0,false,lata
120,Antarctica_Lata,Cabo de Santo Agostinho,CAB_L1,14,-0.0,false,lata
120,Antarctica_Lata,Cabo de Santo Agostinho,CAB_L1,15,-0.0,false,lata
120,Antarctica_Lata,Cabo de Santo Agostinho,CAB_L2,1,-0.0,false,lata
120,Antarctica_Lata,Cabo de Santo Agostinho,CAB_L2,2,-0.0,false,lata
120,Antarctica_Lata,Cabo de Santo Agostinho,CAB_L2,3,-0.0,false,lata
120,Antarctica_Lata,Cabo de Santo Agostinho,CAB_L2,4,-0.0,false,lata
120,Antarctica_Lata,Cabo de Santo Agostinho,CAB_L2,5,-0.0,false,lata
120,Antarctica_Lata,Cabo de Santo Agostinho,CAB_L2,6,-0.0,false,lata
120,Antarctica_Lata,Cabo de Santo Agostinho,CAB_L2,7,-0.0,false,lata
120,Antarctica_Lata,Cabo de Santo Agostinho,CAB_L2,8,-0.0,false,lata
120,Antarctica_Lata,Cabo de Santo Agostinho,CAB_L2,9,-0.0,false,lata
120,Antarctica_Lata,Cabo de Santo Agostinho,CAB_L2,10,-0.0,false,lata
120,Antarctica_Lata,Cabo de Santo Agostinho,CAB_L2,11,-0.0,false,lata
120,Antarctica_Lata,Cabo de Santo Agostinho,CAB_L2,12,-1.0e6,false,lata
120,Antarctica_Lata,Cabo de Santo Agostinho,CAB_L2,13,-0.0,false,lata
120,Antarctica_Lata,Cabo de Santo Agostinho,CAB_L2,14,-0.0,false,lata
120,Antarctica_Lata,Cabo de Santo Agostinho,CAB_L2,15,-0.0,false,lata
120,Antarctica_Lata,Cabo de Santo Agostinho,CAB_L3,1,-0.0,false,lata
120,Antarctica_Lata,Cabo de Santo Agostinho,CAB_L3,2,-0.0,false,lata
120,Antarctica_Lata,Cabo de Santo Agostinho,CAB_L3,3,-0.0,false,lata
120,Antarctica_Lata,Cabo de Santo Agostinho,CAB_L3,4,-0.0,false,lata
120,Antarctica_Lata,Cabo de Santo Agostinho,CAB_L3,5,-0.0,false,lata
120,Antarctica_Lata,Cabo de Santo Agostinho,CAB_L3,6,-0.0,false,lata
120,Antarctica_Lata,Cabo de Santo Agostinho,CAB_L3,7,-0.0,false,lata
120,Antarctica_Lata,Cabo de Santo Agostinho,CAB_L3,8,-0.0,false,lata
120,Antarctica_Lata,Cabo de Santo Agostinho,CAB_L3,9,-0.0,false,lata
120,Antarctica_Lata,Cabo de Santo Agostinho,CAB_L3,10,-0.0,false,lata
120,Antarctica_Lata,Cabo de Santo Agostinho,CAB_L3,11,-0.0,false,lata
120,Antarctica_Lata,Cabo de Santo Agostinho,CAB_L3,12,-1.0e6,true,lata
120,Antarctica_Lata,Cabo de Santo Agostinho,CAB_L3,13,-0.0,false,lata
120,Antarctica_Lata,Cabo de Santo Agostinho,CAB_L3,14,-0.0,false,lata
120,Antarctica_Lata,Cabo de Santo Agostinho,CAB_L3,15,-0.0,false,lata
120,Fanta_Laranja,Jacarei,JAC_L1,1,-0.0,false,lata
120,Fanta_Laranja,Jacarei,JAC_L1,2,-0.0,false,lata
120,Fanta_Laranja,Jacarei,JAC_L1,3,-0.0,false,lata
120,Fanta_Laranja,Jacarei,JAC_L1,4,-0.0,false,lata
120,Fanta_Laranja,Jacarei,JAC_L1,5,-0.0,false,lata
120,Fanta_Laranja,Jacarei,JAC_L1,6,-0.0,false,lata
120,Fanta_Laranja,Jacarei,JAC_L1,7,-0.0,false,lata
120,Fanta_Laranja,Jacarei,JAC_L1,8,-0.0,false,lata
120,Fanta_Laranja,Jacarei,JAC_L1,9,-0.0,false,lata
120,Fanta_Laranja,Jacarei,JAC_L1,10,-0.0,false,lata
120,Fanta_Laranja,Jacarei,JAC_L1,11,-0.0,false,lata
120,Fanta_Laranja,Jacarei,JAC_L1,12,-0.0,false,lata
120,Fanta_Laranja,Jacarei,JAC_L1,13,-0.0,false,lata
120,Fanta_Laranja,Jacarei,JAC_L1,14,-0.0,false,lata
120,Fanta_Laranja,Jacarei,JAC_L1,15,-0.0,false,lata
120,Fanta_Laranja,Jacarei,JAC_L2,1,-0.0,false,lata
120,Fanta_Laranja,Jacarei,JAC_L2,2,-0.0,false,lata
120,Fanta_Laranja,Jacarei,JAC_L2,3,-0.0,false,lata
120,Fanta_Laranja,Jacarei,JAC_L2,4,-0.0,false,lata
120,Fanta_Laranja,Jacarei,JAC_L2,5,-0.0,false,lata
120,Fanta_Laranja,Jacarei,JAC_L2,6,-0.0,false,lata
120,Fanta_Laranja,Jacarei,JAC_L2,7,-0.0,false,lata
120,Fanta_Laranja,Jacarei,JAC_L2,8,-0.0,false,lata
120,Fanta_Laranja,Jacarei,JAC_L2,9,-0.0,false,lata
120,Fanta_Laranja,Jacarei,JAC_L2,10,-999999.8058821999,false,lata
120,Fanta_Laranja,Jacarei,JAC_L2,11,-0.0,false,lata
120,Fanta_Laranja,Jacarei,JAC_L2,12,-0.0,false,lata
120,Fanta_Laranja,Jacarei,JAC_L2,13,-0.0,false,lata
120,Fanta_Laranja,Jacarei,JAC_L2,14,-0.0,false,lata
120,Fanta_Laranja,Jacarei,JAC_L2,15,-0.0,false,lata
120,Fanta_Laranja,Jacarei,JAC_L3,1,-0.0,false,lata
120,Fanta_Laranja,Jacarei,JAC_L3,2,-0.0,false,lata
120,Fanta_Laranja,Jacarei,JAC_L3,3,-0.0,false,lata
120,Fanta_Laranja,Jacarei,JAC_L3,4,-0.0,false,lata
120,Fanta_Laranja,Jacarei,JAC_L3,5,-999998.8732811498,false,lata
120,Fanta_Laranja,Jacarei,JAC_L3,6,-0.0,false,lata
120,Fanta_Laranja,Jacarei,JAC_L3,7,-0.0,false,lata
120,Fanta_Laranja,Jacarei,JAC_L3,8,-0.0,false,lata
120,Fanta_Laranja,Jacarei,JAC_L3,9,-0.0,false,lata
120,Fanta_Laranja,Jacarei,JAC_L3,10,-0.0,false,lata
120,Fanta_Laranja,Jacarei,JAC_L3,11,-0.0,false,lata
120,Fanta_Laranja,Jacarei,JAC_L3,12,-0.0,false,lata
120,Fanta_Laranja,Jacarei,JAC_L3,13,-0.0,false,lata
120,Fanta_Laranja,Jacarei,JAC_L3,14,-0.0,false,lata
120,Fanta_Laranja,Jacarei,JAC_L3,15,-0.0,false,lata
120,Fanta_Laranja,Extrema,EXT_L1,1,-0.0,false,lata
120,Fanta_Laranja,Extrema,EXT_L1,2,-0.0,false,lata
120,Fanta_Laranja,Extrema,EXT_L1,3,-0.0,false,lata
120,Fanta_Laranja,Extrema,EXT_L1,4,-0.0,false,lata
120,Fanta_Laranja,Extrema,EXT_L1,5,-0.0,false,lata
120,Fanta_Laranja,Extrema,EXT_L1,6,-0.0,false,lata
120,Fanta_Laranja,Extrema,EXT_L1,7,-0.0,false,lata
120,Fanta_Laranja,Extrema,EXT_L1,8,-0.0,false,lata
120,Fanta_Laranja,Extrema,EXT_L1,9,-0.0,false,lata
120,Fanta_Laranja,Extrema,EXT_L1,10,-0.0,false,lata
120,Fanta_Laranja,Extrema,EXT_L1,11,-0.0,false,lata
120,Fanta_Laranja,Extrema,EXT_L1,12,-0.0,false,lata
120,Fanta_Laranja,Extrema,EXT_L1,13,-0.0,false,lata
120,Fanta_Laranja,Extrema,EXT_L1,14,-0.0,false,lata
120,Fanta_Laranja,Extrema,EXT_L1,15,-0.0,false,lata
120,Fanta_Laranja,Extrema,EXT_L2,1,-0.0,false,lata
120,Fanta_Laranja,Extrema,EXT_L2,2,-0.0,false,lata
120,Fanta_Laranja,Extrema,EXT_L2,3,-0.0,false,lata
120,Fanta_Laranja,Extrema,EXT_L2,4,-999998.6115494501,false,lata
120,Fanta_Laranja,Extrema,EXT_L2,5,-999998.8722373497,false,lata
120,Fanta_Laranja,Extrema,EXT_L2,6,-0.0,false,lata
120,Fanta_Laranja,Extrema,EXT_L2,7,-0.0,false,lata
120,Fanta_Laranja,Extrema,EXT_L2,8,-0.0,false,lata
120,Fanta_Laranja,Extrema,EXT_L2,9,-0.0,false,lata
120,Fanta_Laranja,Extrema,EXT_L2,10,-0.0,false,lata
120,Fanta_Laranja,Extrema,EXT_L2,11,-0.0,false,lata
120,Fanta_Laranja,Extrema,EXT_L2,12,-0.0,false,lata
120,Fanta_Laranja,Extrema,EXT_L2,13,-0.0,false,lata
120,Fanta_Laranja,Extrema,EXT_L2,14,-0.0,false,lata
120,Fanta_Laranja,Extrema,EXT_L2,15,-999998.7510484001,false,lata
120,Fanta_Laranja,Extrema,EXT_L3,1,-0.0,false,lata
120,Fanta_Laranja,Extrema,EXT_L3,2,-0.0,false,lata
120,Fanta_Laranja,Extrema,EXT_L3,3,-0.0,false,lata
120,Fanta_Laranja,Extrema,EXT_L3,4,-0.0,false,lata
120,Fanta_Laranja,Extrema,EXT_L3,5,-0.0,false,lata
120,Fanta_Laranja,Extrema,EXT_L3,6,-0.0,false,lata
120,Fanta_Laranja,Extrema,EXT_L3,7,-0.0,false,lata
120,Fanta_Laranja,Extrema,EXT_L3,8,-0.0,false,lata
120,Fanta_Laranja,Extrema,EXT_L3,9,-0.0,false,lata
120,Fanta_Laranja,Extrema,EXT_L3,10,-0.0,false,lata
120,Fanta_Laranja,Extrema,EXT_L3,11,-0.0,false,lata
120,Fanta_Laranja,Extrema,EXT_L3,12,-0.0,false,lata
120,Fanta_Laranja,Extrema,EXT_L3,13,-0.0,false,lata
120,Fanta_Laranja,Extrema,EXT_L3,14,-0.0,false,lata
120,Fanta_Laranja,Extrema,EXT_L3,15,-0.0,false,lata
120,Fanta_Laranja,Tres Rios,TRE_L1,1,-0.0,false,lata
120,Fanta_Laranja,Tres Rios,TRE_L1,2,-0.0,false,lata
120,Fanta_Laranja,Tres Rios,TRE_L1,3,-0.0,false,lata
120,Fanta_Laranja,Tres Rios,TRE_L1,4,-0.0,false,lata
120,Fanta_Laranja,Tres Rios,TRE_L1,5,-0.0,false,lata
120,Fanta_Laranja,Tres Rios,TRE_L1,6,-0.0,false,lata
120,Fanta_Laranja,Tres Rios,TRE_L1,7,-0.0,false,lata
120,Fanta_Laranja,Tres Rios,TRE_L1,8,-0.0,false,lata
120,Fanta_Laranja,Tres Rios,TRE_L1,9,-0.0,false,lata
120,Fanta_Laranja,Tres Rios,TRE_L1,10,-0.0,false,lata
120,Fanta_Laranja,Tres Rios,TRE_L1,11,-0.0,false,lata
120,Fanta_Laranja,Tres Rios,TRE_L1,12,-0.0,false,lata
120,Fanta_Laranja,Tres Rios,TRE_L1,13,-0.0,false,lata
120,Fanta_Laranja,Tres Rios,TRE_L1,14,-0.0,false,lata
120,Fanta_Laranja,Tres Rios,TRE_L1,15,-0.0,false,lata
120,Fanta_Laranja,Tres Rios,TRE_L2,1,-0.0,false,lata
120,Fanta_Laranja,Tres Rios,TRE_L2,2,-0.0,false,lata
120,Fanta_Laranja,Tres Rios,TRE_L2,3,-0.0,false,lata
120,Fanta_Laranja,Tres Rios,TRE_L2,4,-0.0,false,lata
120,Fanta_Laranja,Tres Rios,TRE_L2,5,-0.0,false,lata
120,Fanta_Laranja,Tres Rios,TRE_L2,6,-0.0,false,lata
120,Fanta_Laranja,Tres Rios,TRE_L2,7,-0.0,false,lata
120,Fanta_Laranja,Tres Rios,TRE_L2,8,-0.0,false,lata
120,Fanta_Laranja,Tres Rios,TRE_L2,9,-0.0,false,lata
120,Fanta_Laranja,Tres Rios,TRE_L2,10,-0.0,false,lata
120,Fanta_Laranja,Tres Rios,TRE_L2,11,-0.0,false,lata
120,Fanta_Laranja,Tres Rios,TRE_L2,12,-0.0,false,lata
120,Fanta_Laranja,Tres Rios,TRE_L2,13,-0.0,false,lata
120,Fanta_Laranja,Tres Rios,TRE_L2,14,-0.0,false,lata
120,Fanta_Laranja,Tres Rios,TRE_L2,15,-0.0,false,lata
120,Fanta_Laranja,Tres Rios,TRE_L3,1,-999998.6270164498,false,lata
120,Fanta_Laranja,Tres Rios,TRE_L3,2,-0.0,false,lata
120,Fanta_Laranja,Tres Rios,TRE_L3,3,-0.0,false,lata
120,Fanta_Laranja,Tres Rios,TRE_L3,4,-0.0,false,lata
120,Fanta_Laranja,Tres Rios,TRE_L3,5,-0.0,false,lata
120,Fanta_Laranja,Tres Rios,TRE_L3,6,-0.0,false,lata
120,Fanta_Laranja,Tres Rios,TRE_L3,7,-0.0,false,lata
120,Fanta_Laranja,Tres Rios,TRE_L3,8,-0.0,false,lata
120,Fanta_Laranja,Tres Rios,TRE_L3,9,-0.0,false,lata
120,Fanta_Laranja,Tres Rios,TRE_L3,10,-0.0,false,lata
120,Fanta_Laranja,Tres Rios,TRE_L3,11,-0.0,false,lata
120,Fanta_Laranja,Tres Rios,TRE_L3,12,-999999.4967205,false,lata
120,Fanta_Laranja,Tres Rios,TRE_L3,13,-0.0,false,lata
120,Fanta_Laranja,Tres Rios,TRE_L3,14,-0.0,false,lata
120,Fanta_Laranja,Tres Rios,TRE_L3,15,-0.0,false,lata
120,Fanta_Laranja,Alagoinhas,ALA_L1,1,-0.0,false,lata
120,Fanta_Laranja,Alagoinhas,ALA_L1,2,-0.0,false,lata
120,Fanta_Laranja,Alagoinhas,ALA_L1,3,-0.0,false,lata
120,Fanta_Laranja,Alagoinhas,ALA_L1,4,-0.0,false,lata
120,Fanta_Laranja,Alagoinhas,ALA_L1,5,-0.0,false,lata
120,Fanta_Laranja,Alagoinhas,ALA_L1,6,-0.0,false,lata
120,Fanta_Laranja,Alagoinhas,ALA_L1,7,-0.0,false,lata
120,Fanta_Laranja,Alagoinhas,ALA_L1,8,-999999.7480035998,false,lata
120,Fanta_Laranja,Alagoinhas,ALA_L1,9,-0.0,false,lata
120,Fanta_Laranja,Alagoinhas,ALA_L1,10,-0.0,false,lata
120,Fanta_Laranja,Alagoinhas,ALA_L1,11,-0.0,false,lata
120,Fanta_Laranja,Alagoinhas,ALA_L1,12,-0.0,false,lata
120,Fanta_Laranja,Alagoinhas,ALA_L1,13,-0.0,false,lata
120,Fanta_Laranja,Alagoinhas,ALA_L1,14,-0.0,false,lata
120,Fanta_Laranja,Alagoinhas,ALA_L1,15,-0.0,false,lata
120,Fanta_Laranja,Alagoinhas,ALA_L2,1,-0.0,false,lata
120,Fanta_Laranja,Alagoinhas,ALA_L2,2,-0.0,false,lata
120,Fanta_Laranja,Alagoinhas,ALA_L2,3,-999998.8399445999,false,lata
120,Fanta_Laranja,Alagoinhas,ALA_L2,4,-0.0,false,lata
120,Fanta_Laranja,Alagoinhas,ALA_L2,5,-0.0,false,lata
120,Fanta_Laranja,Alagoinhas,ALA_L2,6,-999999.1994530997,false,lata
120,Fanta_Laranja,Alagoinhas,ALA_L2,7,-0.0,false,lata
120,Fanta_Laranja,Alagoinhas,ALA_L2,8,-0.0,false,lata
120,Fanta_Laranja,Alagoinhas,ALA_L2,9,-0.0,false,lata
120,Fanta_Laranja,Alagoinhas,ALA_L2,10,-0.0,false,lata
120,Fanta_Laranja,Alagoinhas,ALA_L2,11,-0.0,false,lata
120,Fanta_Laranja,Alagoinhas,ALA_L2,12,-0.0,false,lata
120,Fanta_Laranja,Alagoinhas,ALA_L2,13,-999999.8017173001,false,lata
120,Fanta_Laranja,Alagoinhas,ALA_L2,14,-999999.4117809499,false,lata
120,Fanta_Laranja,Alagoinhas,ALA_L2,15,-0.0,false,lata
120,Fanta_Laranja,Alagoinhas,ALA_L3,1,-999998.6743350498,false,lata
120,Fanta_Laranja,Alagoinhas,ALA_L3,2,-0.0,false,lata
120,Fanta_Laranja,Alagoinhas,ALA_L3,3,-0.0,false,lata
120,Fanta_Laranja,Alagoinhas,ALA_L3,4,-0.0,false,lata
120,Fanta_Laranja,Alagoinhas,ALA_L3,5,-0.0,false,lata
120,Fanta_Laranja,Alagoinhas,ALA_L3,6,-0.0,false,lata
120,Fanta_Laranja,Alagoinhas,ALA_L3,7,-0.0,false,lata
120,Fanta_Laranja,Alagoinhas,ALA_L3,8,-0.0,false,lata
120,Fanta_Laranja,Alagoinhas,ALA_L3,9,-0.0,false,lata
120,Fanta_Laranja,Alagoinhas,ALA_L3,10,-0.0,false,lata
120,Fanta_Laranja,Alagoinhas,ALA_L3,11,-0.0,false,lata
120,Fanta_Laranja,Alagoinhas,ALA_L3,12,-0.0,false,lata
120,Fanta_Laranja,Alagoinhas,ALA_L3,13,-0.0,false,lata
120,Fanta_Laranja,Alagoinhas,ALA_L3,14,-0.0,false,lata
120,Fanta_Laranja,Alagoinhas,ALA_L3,15,-0.0,false,lata
120,Fanta_Laranja,Frutal,FRU_L1,1,-0.0,false,lata
120,Fanta_Laranja,Frutal,FRU_L1,2,-0.0,false,lata
120,Fanta_Laranja,Frutal,FRU_L1,3,-0.0,false,lata
120,Fanta_Laranja,Frutal,FRU_L1,4,-0.0,false,lata
120,Fanta_Laranja,Frutal,FRU_L1,5,-0.0,false,lata
120,Fanta_Laranja,Frutal,FRU_L1,6,-0.0,false,lata
120,Fanta_Laranja,Frutal,FRU_L1,7,-0.0,false,lata
120,Fanta_Laranja,Frutal,FRU_L1,8,-0.0,false,lata
120,Fanta_Laranja,Frutal,FRU_L1,9,-0.0,false,lata
120,Fanta_Laranja,Frutal,FRU_L1,10,-0.0,false,lata
120,Fanta_Laranja,Frutal,FRU_L1,11,-999999.4540480002,false,lata
120,Fanta_Laranja,Frutal,FRU_L1,12,-0.0,false,lata
120,Fanta_Laranja,Frutal,FRU_L1,13,-999999.8142188,false,lata
120,Fanta_Laranja,Frutal,FRU_L1,14,-0.0,false,lata
120,Fanta_Laranja,Frutal,FRU_L1,15,-0.0,false,lata
120,Fanta_Laranja,Frutal,FRU_L2,1,-0.0,false,lata
120,Fanta_Laranja,Frutal,FRU_L2,2,-0.0,false,lata
120,Fanta_Laranja,Frutal,FRU_L2,3,-0.0,false,lata
120,Fanta_Laranja,Frutal,FRU_L2,4,-0.0,false,lata
120,Fanta_Laranja,Frutal,FRU_L2,5,-0.0,false,lata
120,Fanta_Laranja,Frutal,FRU_L2,6,-0.0,false,lata
120,Fanta_Laranja,Frutal,FRU_L2,7,-0.0,false,lata
120,Fanta_Laranja,Frutal,FRU_L2,8,-0.0,false,lata
120,Fanta_Laranja,Frutal,FRU_L2,9,-0.0,false,lata
120,Fanta_Laranja,Frutal,FRU_L2,10,-999999.8196827499,false,lata
120,Fanta_Laranja,Frutal,FRU_L2,11,-0.0,false,lata
120,Fanta_Laranja,Frutal,FRU_L2,12,-0.0,false,lata
120,Fanta_Laranja,Frutal,FRU_L2,13,-999999.8142188,false,lata
120,Fanta_Laranja,Frutal,FRU_L2,14,-0.0,false,lata
120,Fanta_Laranja,Frutal,FRU_L2,15,-0.0,false,lata
120,Fanta_Laranja,Frutal,FRU_L3,1,-0.0,false,lata
120,Fanta_Laranja,Frutal,FRU_L3,2,-0.0,false,lata
120,Fanta_Laranja,Frutal,FRU_L3,3,-0.0,false,lata
120,Fanta_Laranja,Frutal,FRU_L3,4,-0.0,false,lata
120,Fanta_Laranja,Frutal,FRU_L3,5,-0.0,false,lata
120,Fanta_Laranja,Frutal,FRU_L3,6,-0.0,false,lata
120,Fanta_Laranja,Frutal,FRU_L3,7,-0.0,false,lata
120,Fanta_Laranja,Frutal,FRU_L3,8,-0.0,false,lata
120,Fanta_Laranja,Frutal,FRU_L3,9,-0.0,false,lata
120,Fanta_Laranja,Frutal,FRU_L3,10,-0.0,false,lata
120,Fanta_Laranja,Frutal,FRU_L3,11,-999999.4540480002,false,lata
120,Fanta_Laranja,Frutal,FRU_L3,12,-0.0,false,lata
120,Fanta_Laranja,Frutal,FRU_L3,13,-0.0,false,lata
120,Fanta_Laranja,Frutal,FRU_L3,14,-0.0,false,lata
120,Fanta_Laranja,Frutal,FRU_L3,15,-0.0,false,lata
120,Fanta_Laranja,Pouso Alegre,POU_L1,1,-0.0,false,lata
120,Fanta_Laranja,Pouso Alegre,POU_L1,2,-0.0,false,lata
120,Fanta_Laranja,Pouso Alegre,POU_L1,3,-0.0,false,lata
120,Fanta_Laranja,Pouso Alegre,POU_L1,4,-0.0,false,lata
120,Fanta_Laranja,Pouso Alegre,POU_L1,5,-0.0,false,lata
120,Fanta_Laranja,Pouso Alegre,POU_L1,6,-0.0,false,lata
120,Fanta_Laranja,Pouso Alegre,POU_L1,7,-0.0,false,lata
120,Fanta_Laranja,Pouso Alegre,POU_L1,8,-0.0,false,lata
120,Fanta_Laranja,Pouso Alegre,POU_L1,9,-0.0,false,lata
120,Fanta_Laranja,Pouso Alegre,POU_L1,10,-0.0,false,lata
120,Fanta_Laranja,Pouso Alegre,POU_L1,11,-0.0,false,lata
120,Fanta_Laranja,Pouso Alegre,POU_L1,12,-0.0,false,lata
120,Fanta_Laranja,Pouso Alegre,POU_L1,13,-0.0,false,lata
120,Fanta_Laranja,Pouso Alegre,POU_L1,14,-0.0,false,lata
120,Fanta_Laranja,Pouso Alegre,POU_L1,15,-0.0,false,lata
120,Fanta_Laranja,Pouso Alegre,POU_L2,1,-0.0,false,lata
120,Fanta_Laranja,Pouso Alegre,POU_L2,2,-0.0,false,lata
120,Fanta_Laranja,Pouso Alegre,POU_L2,3,-0.0,false,lata
120,Fanta_Laranja,Pouso Alegre,POU_L2,4,-0.0,false,lata
120,Fanta_Laranja,Pouso Alegre,POU_L2,5,-0.0,false,lata
120,Fanta_Laranja,Pouso Alegre,POU_L2,6,-0.0,false,lata
120,Fanta_Laranja,Pouso Alegre,POU_L2,7,-0.0,false,lata
120,Fanta_Laranja,Pouso Alegre,POU_L2,8,-0.0,false,lata
120,Fanta_Laranja,Pouso Alegre,POU_L2,9,-0.0,false,lata
120,Fanta_Laranja,Pouso Alegre,POU_L2,10,-0.0,false,lata
120,Fanta_Laranja,Pouso Alegre,POU_L2,11,-0.0,false,lata
120,Fanta_Laranja,Pouso Alegre,POU_L2,12,-0.0,false,lata
120,Fanta_Laranja,Pouso Alegre,POU_L2,13,-0.0,false,lata
120,Fanta_Laranja,Pouso Alegre,POU_L2,14,-0.0,false,lata
120,Fanta_Laranja,Pouso Alegre,POU_L2,15,-0.0,false,lata
120,Fanta_Laranja,Pouso Alegre,POU_L3,1,-0.0,false,lata
120,Fanta_Laranja,Pouso Alegre,POU_L3,2,-0.0,false,lata
120,Fanta_Laranja,Pouso Alegre,POU_L3,3,-0.0,false,lata
120,Fanta_Laranja,Pouso Alegre,POU_L3,4,-0.0,false,lata
120,Fanta_Laranja,Pouso Alegre,POU_L3,5,-0.0,false,lata
120,Fanta_Laranja,Pouso Alegre,POU_L3,6,-0.0,false,lata
120,Fanta_Laranja,Pouso Alegre,POU_L3,7,-0.0,false,lata
120,Fanta_Laranja,Pouso Alegre,POU_L3,8,-999999.6894469998,false,lata
120,Fanta_Laranja,Pouso Alegre,POU_L3,9,-999999.50648405,false,lata
120,Fanta_Laranja,Pouso Alegre,POU_L3,10,-0.0,false,lata
120,Fanta_Laranja,Pouso Alegre,POU_L3,11,-0.0,false,lata
120,Fanta_Laranja,Pouso Alegre,POU_L3,12,-999999.5010201001,false,lata
120,Fanta_Laranja,Pouso Alegre,POU_L3,13,-999999.7990481001,false,lata
120,Fanta_Laranja,Pouso Alegre,POU_L3,14,-0.0,false,lata
120,Fanta_Laranja,Pouso Alegre,POU_L3,15,-0.0,false,lata
120,Fanta_Laranja,Gama,GAM_L1,1,-0.0,false,lata
120,Fanta_Laranja,Gama,GAM_L1,2,-0.0,false,lata
120,Fanta_Laranja,Gama,GAM_L1,3,-0.0,false,lata
120,Fanta_Laranja,Gama,GAM_L1,4,-0.0,false,lata
120,Fanta_Laranja,Gama,GAM_L1,5,-0.0,false,lata
120,Fanta_Laranja,Gama,GAM_L1,6,-0.0,false,lata
120,Fanta_Laranja,Gama,GAM_L1,7,-999999.4348322998,false,lata
120,Fanta_Laranja,Gama,GAM_L1,8,-999999.7172827999,false,lata
120,Fanta_Laranja,Gama,GAM_L1,9,-0.0,false,lata
120,Fanta_Laranja,Gama,GAM_L1,10,-0.0,false,lata
120,Fanta_Laranja,Gama,GAM_L1,11,-999999.4712963002,false,lata
120,Fanta_Laranja,Gama,GAM_L1,12,-0.0,false,lata
120,Fanta_Laranja,Gama,GAM_L1,13,-0.0,false,lata
120,Fanta_Laranja,Gama,GAM_L1,14,-0.0,false,lata
120,Fanta_Laranja,Gama,GAM_L1,15,-0.0,false,lata
120,Fanta_Laranja,Gama,GAM_L2,1,-0.0,false,lata
120,Fanta_Laranja,Gama,GAM_L2,2,-0.0,false,lata
120,Fanta_Laranja,Gama,GAM_L2,3,-0.0,false,lata
120,Fanta_Laranja,Gama,GAM_L2,4,-0.0,false,lata
120,Fanta_Laranja,Gama,GAM_L2,5,-0.0,false,lata
120,Fanta_Laranja,Gama,GAM_L2,6,-0.0,false,lata
120,Fanta_Laranja,Gama,GAM_L2,7,-999999.4348322998,false,lata
120,Fanta_Laranja,Gama,GAM_L2,8,-0.0,false,lata
120,Fanta_Laranja,Gama,GAM_L2,9,-0.0,false,lata
120,Fanta_Laranja,Gama,GAM_L2,10,-0.0,false,lata
120,Fanta_Laranja,Gama,GAM_L2,11,-999999.4712963002,false,lata
120,Fanta_Laranja,Gama,GAM_L2,12,-0.0,false,lata
120,Fanta_Laranja,Gama,GAM_L2,13,-0.0,false,lata
120,Fanta_Laranja,Gama,GAM_L2,14,-0.0,false,lata
120,Fanta_Laranja,Gama,GAM_L2,15,-0.0,false,lata
120,Fanta_Laranja,Gama,GAM_L3,1,-0.0,false,lata
120,Fanta_Laranja,Gama,GAM_L3,2,-0.0,false,lata
120,Fanta_Laranja,Gama,GAM_L3,3,-0.0,false,lata
120,Fanta_Laranja,Gama,GAM_L3,4,-0.0,false,lata
120,Fanta_Laranja,Gama,GAM_L3,5,-0.0,false,lata
120,Fanta_Laranja,Gama,GAM_L3,6,-0.0,false,lata
120,Fanta_Laranja,Gama,GAM_L3,7,-0.0,false,lata
120,Fanta_Laranja,Gama,GAM_L3,8,-0.0,false,lata
120,Fanta_Laranja,Gama,GAM_L3,9,-0.0,false,lata
120,Fanta_Laranja,Gama,GAM_L3,10,-0.0,false,lata
120,Fanta_Laranja,Gama,GAM_L3,11,-0.0,false,lata
120,Fanta_Laranja,Gama,GAM_L3,12,-0.0,false,lata
120,Fanta_Laranja,Gama,GAM_L3,13,-0.0,false,lata
120,Fanta_Laranja,Gama,GAM_L3,14,-999999.38106015,false,lata
120,Fanta_Laranja,Gama,GAM_L3,15,-0.0,false,lata
120,Fanta_Laranja,Viamao,VIA_L1,1,-0.0,false,lata
120,Fanta_Laranja,Viamao,VIA_L1,2,-0.0,false,lata
120,Fanta_Laranja,Viamao,VIA_L1,3,-0.0,false,lata
120,Fanta_Laranja,Viamao,VIA_L1,4,-0.0,false,lata
120,Fanta_Laranja,Viamao,VIA_L1,5,-0.0,false,lata
120,Fanta_Laranja,Viamao,VIA_L1,6,-0.0,false,lata
120,Fanta_Laranja,Viamao,VIA_L1,7,-0.0,false,lata
120,Fanta_Laranja,Viamao,VIA_L1,8,-0.0,false,lata
120,Fanta_Laranja,Viamao,VIA_L1,9,-0.0,false,lata
120,Fanta_Laranja,Viamao,VIA_L1,10,-0.0,false,lata
120,Fanta_Laranja,Viamao,VIA_L1,11,-0.0,false,lata
120,Fanta_Laranja,Viamao,VIA_L1,12,-0.0,false,lata
120,Fanta_Laranja,Viamao,VIA_L1,13,-0.0,false,lata
120,Fanta_Laranja,Viamao,VIA_L1,14,-0.0,false,lata
120,Fanta_Laranja,Viamao,VIA_L1,15,-0.0,false,lata
120,Fanta_Laranja,Viamao,VIA_L2,1,-0.0,false,lata
120,Fanta_Laranja,Viamao,VIA_L2,2,-0.0,false,lata
120,Fanta_Laranja,Viamao,VIA_L2,3,-0.0,false,lata
120,Fanta_Laranja,Viamao,VIA_L2,4,-0.0,false,lata
120,Fanta_Laranja,Viamao,VIA_L2,5,-0.0,false,lata
120,Fanta_Laranja,Viamao,VIA_L2,6,-0.0,false,lata
120,Fanta_Laranja,Viamao,VIA_L2,7,-0.0,false,lata
120,Fanta_Laranja,Viamao,VIA_L2,8,-0.0,false,lata
120,Fanta_Laranja,Viamao,VIA_L2,9,-0.0,false,lata
120,Fanta_Laranja,Viamao,VIA_L2,10,-0.0,false,lata
120,Fanta_Laranja,Viamao,VIA_L2,11,-0.0,false,lata
120,Fanta_Laranja,Viamao,VIA_L2,12,-0.0,false,lata
120,Fanta_Laranja,Viamao,VIA_L2,13,-0.0,false,lata
120,Fanta_Laranja,Viamao,VIA_L2,14,-0.0,false,lata
120,Fanta_Laranja,Viamao,VIA_L2,15,-0.0,false,lata
120,Fanta_Laranja,Viamao,VIA_L3,1,-0.0,false,lata
120,Fanta_Laranja,Viamao,VIA_L3,2,-0.0,false,lata
120,Fanta_Laranja,Viamao,VIA_L3,3,-0.0,false,lata
120,Fanta_Laranja,Viamao,VIA_L3,4,-0.0,false,lata
120,Fanta_Laranja,Viamao,VIA_L3,5,-0.0,false,lata
120,Fanta_Laranja,Viamao,VIA_L3,6,-0.0,false,lata
120,Fanta_Laranja,Viamao,VIA_L3,7,-0.0,false,lata
120,Fanta_Laranja,Viamao,VIA_L3,8,-0.0,false,lata
120,Fanta_Laranja,Viamao,VIA_L3,9,-0.0,false,lata
120,Fanta_Laranja,Viamao,VIA_L3,10,-0.0,false,lata
120,Fanta_Laranja,Viamao,VIA_L3,11,-0.0,false,lata
120,Fanta_Laranja,Viamao,VIA_L3,12,-0.0,false,lata
120,Fanta_Laranja,Viamao,VIA_L3,13,-0.0,false,lata
120,Fanta_Laranja,Viamao,VIA_L3,14,-0.0,false,lata
120,Fanta_Laranja,Viamao,VIA_L3,15,-0.0,false,lata
120,Fanta_Laranja,Itupeva,ITU_L1,1,-0.0,false,lata
120,Fanta_Laranja,Itupeva,ITU_L1,2,-0.0,false,lata
120,Fanta_Laranja,Itupeva,ITU_L1,3,-0.0,false,lata
120,Fanta_Laranja,Itupeva,ITU_L1,4,-0.0,false,lata
120,Fanta_Laranja,Itupeva,ITU_L1,5,-0.0,false,lata
120,Fanta_Laranja,Itupeva,ITU_L1,6,-0.0,false,lata
120,Fanta_Laranja,Itupeva,ITU_L1,7,-0.0,false,lata
120,Fanta_Laranja,Itupeva,ITU_L1,8,-0.0,false,lata
120,Fanta_Laranja,Itupeva,ITU_L1,9,-0.0,false,lata
120,Fanta_Laranja,Itupeva,ITU_L1,10,-0.0,false,lata
120,Fanta_Laranja,Itupeva,ITU_L1,11,-0.0,false,lata
120,Fanta_Laranja,Itupeva,ITU_L1,12,-0.0,false,lata
120,Fanta_Laranja,Itupeva,ITU_L1,13,-0.0,false,lata
120,Fanta_Laranja,Itupeva,ITU_L1,14,-0.0,false,lata
120,Fanta_Laranja,Itupeva,ITU_L1,15,-0.0,false,lata
120,Fanta_Laranja,Itupeva,ITU_L2,1,-0.0,false,lata
120,Fanta_Laranja,Itupeva,ITU_L2,2,-0.0,false,lata
120,Fanta_Laranja,Itupeva,ITU_L2,3,-0.0,false,lata
120,Fanta_Laranja,Itupeva,ITU_L2,4,-0.0,false,lata
120,Fanta_Laranja,Itupeva,ITU_L2,5,-0.0,false,lata
120,Fanta_Laranja,Itupeva,ITU_L2,6,-0.0,false,lata
120,Fanta_Laranja,Itupeva,ITU_L2,7,-0.0,false,lata
120,Fanta_Laranja,Itupeva,ITU_L2,8,-0.0,false,lata
120,Fanta_Laranja,Itupeva,ITU_L2,9,-0.0,false,lata
120,Fanta_Laranja,Itupeva,ITU_L2,10,-0.0,false,lata
120,Fanta_Laranja,Itupeva,ITU_L2,11,-0.0,false,lata
120,Fanta_Laranja,Itupeva,ITU_L2,12,-0.0,false,lata
120,Fanta_Laranja,Itupeva,ITU_L2,13,-0.0,false,lata
120,Fanta_Laranja,Itupeva,ITU_L2,14,-0.0,false,lata
120,Fanta_Laranja,Itupeva,ITU_L2,15,-0.0,false,lata
120,Fanta_Laranja,Itupeva,ITU_L3,1,-0.0,false,lata
120,Fanta_Laranja,Itupeva,ITU_L3,2,-0.0,false,lata
120,Fanta_Laranja,Itupeva,ITU_L3,3,-0.0,false,lata
120,Fanta_Laranja,Itupeva,ITU_L3,4,-0.0,false,lata
120,Fanta_Laranja,Itupeva,ITU_L3,5,-0.0,false,lata
120,Fanta_Laranja,Itupeva,ITU_L3,6,-999999.1345864998,false,lata
120,Fanta_Laranja,Itupeva,ITU_L3,7,-0.0,false,lata
120,Fanta_Laranja,Itupeva,ITU_L3,8,-0.0,false,lata
120,Fanta_Laranja,Itupeva,ITU_L3,9,-0.0,false,lata
120,Fanta_Laranja,Itupeva,ITU_L3,10,-0.0,false,lata
120,Fanta_Laranja,Itupeva,ITU_L3,11,-0.0,false,lata
120,Fanta_Laranja,Itupeva,ITU_L3,12,-0.0,false,lata
120,Fanta_Laranja,Itupeva,ITU_L3,13,-0.0,false,lata
120,Fanta_Laranja,Itupeva,ITU_L3,14,-0.0,false,lata
120,Fanta_Laranja,Itupeva,ITU_L3,15,-0.0,false,lata
120,Fanta_Laranja,Cabo de Santo Agostinho,CAB_L1,1,-0.0,false,lata
120,Fanta_Laranja,Cabo de Santo Agostinho,CAB_L1,2,-0.0,false,lata
120,Fanta_Laranja,Cabo de Santo Agostinho,CAB_L1,3,-0.0,false,lata
120,Fanta_Laranja,Cabo de Santo Agostinho,CAB_L1,4,-0.0,false,lata
120,Fanta_Laranja,Cabo de Santo Agostinho,CAB_L1,5,-0.0,false,lata
120,Fanta_Laranja,Cabo de Santo Agostinho,CAB_L1,6,-0.0,false,lata
120,Fanta_Laranja,Cabo de Santo Agostinho,CAB_L1,7,-0.0,false,lata
120,Fanta_Laranja,Cabo de Santo Agostinho,CAB_L1,8,-999999.7711361998,false,lata
120,Fanta_Laranja,Cabo de Santo Agostinho,CAB_L1,9,-0.0,false,lata
120,Fanta_Laranja,Cabo de Santo Agostinho,CAB_L1,10,-0.0,false,lata
120,Fanta_Laranja,Cabo de Santo Agostinho,CAB_L1,11,-0.0,false,lata
120,Fanta_Laranja,Cabo de Santo Agostinho,CAB_L1,12,-0.0,false,lata
120,Fanta_Laranja,Cabo de Santo Agostinho,CAB_L1,13,-0.0,false,lata
120,Fanta_Laranja,Cabo de Santo Agostinho,CAB_L1,14,-0.0,false,lata
120,Fanta_Laranja,Cabo de Santo Agostinho,CAB_L1,15,-0.0,false,lata
120,Fanta_Laranja,Cabo de Santo Agostinho,CAB_L2,1,-999998.6981677498,false,lata
120,Fanta_Laranja,Cabo de Santo Agostinho,CAB_L2,2,-0.0,false,lata
120,Fanta_Laranja,Cabo de Santo Agostinho,CAB_L2,3,-0.0,false,lata
120,Fanta_Laranja,Cabo de Santo Agostinho,CAB_L2,4,-0.0,false,lata
120,Fanta_Laranja,Cabo de Santo Agostinho,CAB_L2,5,-0.0,false,lata
120,Fanta_Laranja,Cabo de Santo Agostinho,CAB_L2,6,-0.0,false,lata
120,Fanta_Laranja,Cabo de Santo Agostinho,CAB_L2,7,-0.0,false,lata
120,Fanta_Laranja,Cabo de Santo Agostinho,CAB_L2,8,-999999.7670857997,false,lata
120,Fanta_Laranja,Cabo de Santo Agostinho,CAB_L2,9,-0.0,false,lata
120,Fanta_Laranja,Cabo de Santo Agostinho,CAB_L2,10,-999999.8664036999,false,lata
120,Fanta_Laranja,Cabo de Santo Agostinho,CAB_L2,11,-0.0,false,lata
120,Fanta_Laranja,Cabo de Santo Agostinho,CAB_L2,12,-0.0,false,lata
120,Fanta_Laranja,Cabo de Santo Agostinho,CAB_L2,13,-0.0,false,lata
120,Fanta_Laranja,Cabo de Santo Agostinho,CAB_L2,14,-0.0,false,lata
120,Fanta_Laranja,Cabo de Santo Agostinho,CAB_L2,15,-0.0,false,lata
120,Fanta_Laranja,Cabo de Santo Agostinho,CAB_L3,1,-0.0,false,lata
120,Fanta_Laranja,Cabo de Santo Agostinho,CAB_L3,2,-0.0,false,lata
120,Fanta_Laranja,Cabo de Santo Agostinho,CAB_L3,3,-0.0,false,lata
120,Fanta_Laranja,Cabo de Santo Agostinho,CAB_L3,4,-0.0,false,lata
120,Fanta_Laranja,Cabo de Santo Agostinho,CAB_L3,5,-0.0,false,lata
120,Fanta_Laranja,Cabo de Santo Agostinho,CAB_L3,6,-0.0,false,lata
120,Fanta_Laranja,Cabo de Santo Agostinho,CAB_L3,7,-0.0,false,lata
120,Fanta_Laranja,Cabo de Santo Agostinho,CAB_L3,8,-999999.7711361998,false,lata
120,Fanta_Laranja,Cabo de Santo Agostinho,CAB_L3,9,-0.0,false,lata
120,Fanta_Laranja,Cabo de Santo Agostinho,CAB_L3,10,-0.0,false,lata
120,Fanta_Laranja,Cabo de Santo Agostinho,CAB_L3,11,-0.0,false,lata
120,Fanta_Laranja,Cabo de Santo Agostinho,CAB_L3,12,-0.0,false,lata
120,Fanta_Laranja,Cabo de Santo Agostinho,CAB_L3,13,-0.0,false,lata
120,Fanta_Laranja,Cabo de Santo Agostinho,CAB_L3,14,-0.0,false,lata
120,Fanta_Laranja,Cabo de Santo Agostinho,CAB_L3,15,-0.0,false,lata
120,Coca_Cola_Zero,Jacarei,JAC_L1,1,-0.0,false,lata
120,Coca_Cola_Zero,Jacarei,JAC_L1,2,-0.0,false,lata
120,Coca_Cola_Zero,Jacarei,JAC_L1,3,-0.0,false,lata
120,Coca_Cola_Zero,Jacarei,JAC_L1,4,-0.0,false,lata
120,Coca_Cola_Zero,Jacarei,JAC_L1,5,-0.0,false,lata
120,Coca_Cola_Zero,Jacarei,JAC_L1,6,-0.0,false,lata
120,Coca_Cola_Zero,Jacarei,JAC_L1,7,-0.0,false,lata
120,Coca_Cola_Zero,Jacarei,JAC_L1,8,-0.0,false,lata
120,Coca_Cola_Zero,Jacarei,JAC_L1,9,-0.0,false,lata
120,Coca_Cola_Zero,Jacarei,JAC_L1,10,-0.0,false,lata
120,Coca_Cola_Zero,Jacarei,JAC_L1,11,-0.0,false,lata
120,Coca_Cola_Zero,Jacarei,JAC_L1,12,-0.0,false,lata
120,Coca_Cola_Zero,Jacarei,JAC_L1,13,-0.0,false,lata
120,Coca_Cola_Zero,Jacarei,JAC_L1,14,-0.0,false,lata
120,Coca_Cola_Zero,Jacarei,JAC_L1,15,-0.0,false,lata
120,Coca_Cola_Zero,Jacarei,JAC_L2,1,-0.0,false,lata
120,Coca_Cola_Zero,Jacarei,JAC_L2,2,-0.0,false,lata
120,Coca_Cola_Zero,Jacarei,JAC_L2,3,-0.0,false,lata
120,Coca_Cola_Zero,Jacarei,JAC_L2,4,-0.0,false,lata
120,Coca_Cola_Zero,Jacarei,JAC_L2,5,-0.0,false,lata
120,Coca_Cola_Zero,Jacarei,JAC_L2,6,-0.0,false,lata
120,Coca_Cola_Zero,Jacarei,JAC_L2,7,-0.0,false,lata
120,Coca_Cola_Zero,Jacarei,JAC_L2,8,-0.0,false,lata
120,Coca_Cola_Zero,Jacarei,JAC_L2,9,-0.0,false,lata
120,Coca_Cola_Zero,Jacarei,JAC_L2,10,-0.0,false,lata
120,Coca_Cola_Zero,Jacarei,JAC_L2,11,-999999.8345645502,false,lata
120,Coca_Cola_Zero,Jacarei,JAC_L2,12,-0.0,false,lata
120,Coca_Cola_Zero,Jacarei,JAC_L2,13,-0.0,false,lata
120,Coca_Cola_Zero,Jacarei,JAC_L2,14,-0.0,false,lata
120,Coca_Cola_Zero,Jacarei,JAC_L2,15,-0.0,false,lata
120,Coca_Cola_Zero,Jacarei,JAC_L3,1,-0.0,false,lata
120,Coca_Cola_Zero,Jacarei,JAC_L3,2,-0.0,false,lata
120,Coca_Cola_Zero,Jacarei,JAC_L3,3,-0.0,false,lata
120,Coca_Cola_Zero,Jacarei,JAC_L3,4,-0.0,false,lata
120,Coca_Cola_Zero,Jacarei,JAC_L3,5,-999999.9928506999,false,lata
120,Coca_Cola_Zero,Jacarei,JAC_L3,6,-999999.8491214002,false,lata
120,Coca_Cola_Zero,Jacarei,JAC_L3,7,-0.0,false,lata
120,Coca_Cola_Zero,Jacarei,JAC_L3,8,-0.0,false,lata
120,Coca_Cola_Zero,Jacarei,JAC_L3,9,-0.0,false,lata
120,Coca_Cola_Zero,Jacarei,JAC_L3,10,-0.0,false,lata
120,Coca_Cola_Zero,Jacarei,JAC_L3,11,-0.0,false,lata
120,Coca_Cola_Zero,Jacarei,JAC_L3,12,-0.0,false,lata
120,Coca_Cola_Zero,Jacarei,JAC_L3,13,-0.0,false,lata
120,Coca_Cola_Zero,Jacarei,JAC_L3,14,-0.0,false,lata
120,Coca_Cola_Zero,Jacarei,JAC_L3,15,-0.0,false,lata
120,Coca_Cola_Zero,Extrema,EXT_L1,1,-0.0,false,lata
120,Coca_Cola_Zero,Extrema,EXT_L1,2,-0.0,false,lata
120,Coca_Cola_Zero,Extrema,EXT_L1,3,-0.0,false,lata
120,Coca_Cola_Zero,Extrema,EXT_L1,4,-0.0,false,lata
120,Coca_Cola_Zero,Extrema,EXT_L1,5,-0.0,false,lata
120,Coca_Cola_Zero,Extrema,EXT_L1,6,-0.0,false,lata
120,Coca_Cola_Zero,Extrema,EXT_L1,7,-0.0,false,lata
120,Coca_Cola_Zero,Extrema,EXT_L1,8,-0.0,false,lata
120,Coca_Cola_Zero,Extrema,EXT_L1,9,-0.0,false,lata
120,Coca_Cola_Zero,Extrema,EXT_L1,10,-999999.9859532,false,lata
120,Coca_Cola_Zero,Extrema,EXT_L1,11,-0.0,false,lata
120,Coca_Cola_Zero,Extrema,EXT_L1,12,-0.0,false,lata
120,Coca_Cola_Zero,Extrema,EXT_L1,13,-0.0,false,lata
120,Coca_Cola_Zero,Extrema,EXT_L1,14,-0.0,false,lata
120,Coca_Cola_Zero,Extrema,EXT_L1,15,-0.0,false,lata
120,Coca_Cola_Zero,Extrema,EXT_L2,1,-0.0,false,lata
120,Coca_Cola_Zero,Extrema,EXT_L2,2,-0.0,false,lata
120,Coca_Cola_Zero,Extrema,EXT_L2,3,-0.0,false,lata
120,Coca_Cola_Zero,Extrema,EXT_L2,4,-999999.9234513001,false,lata
120,Coca_Cola_Zero,Extrema,EXT_L2,5,-0.0,false,lata
120,Coca_Cola_Zero,Extrema,EXT_L2,6,-0.0,false,lata
120,Coca_Cola_Zero,Extrema,EXT_L2,7,-0.0,false,lata
120,Coca_Cola_Zero,Extrema,EXT_L2,8,-0.0,false,lata
120,Coca_Cola_Zero,Extrema,EXT_L2,9,-0.0,false,lata
120,Coca_Cola_Zero,Extrema,EXT_L2,10,-0.0,false,lata
120,Coca_Cola_Zero,Extrema,EXT_L2,11,-0.0,false,lata
120,Coca_Cola_Zero,Extrema,EXT_L2,12,-0.0,false,lata
120,Coca_Cola_Zero,Extrema,EXT_L2,13,-0.0,false,lata
120,Coca_Cola_Zero,Extrema,EXT_L2,14,-0.0,false,lata
120,Coca_Cola_Zero,Extrema,EXT_L2,15,-0.0,false,lata
120,Coca_Cola_Zero,Extrema,EXT_L3,1,-0.0,false,lata
120,Coca_Cola_Zero,Extrema,EXT_L3,2,-0.0,false,lata
120,Coca_Cola_Zero,Extrema,EXT_L3,3,-0.0,false,lata
120,Coca_Cola_Zero,Extrema,EXT_L3,4,-0.0,false,lata
120,Coca_Cola_Zero,Extrema,EXT_L3,5,-0.0,false,lata
120,Coca_Cola_Zero,Extrema,EXT_L3,6,-0.0,false,lata
120,Coca_Cola_Zero,Extrema,EXT_L3,7,-0.0,false,lata
120,Coca_Cola_Zero,Extrema,EXT_L3,8,-999999.9717159,false,lata
120,Coca_Cola_Zero,Extrema,EXT_L3,9,-0.0,false,lata
120,Coca_Cola_Zero,Extrema,EXT_L3,10,-0.0,false,lata
120,Coca_Cola_Zero,Extrema,EXT_L3,11,-0.0,false,lata
120,Coca_Cola_Zero,Extrema,EXT_L3,12,-0.0,false,lata
120,Coca_Cola_Zero,Extrema,EXT_L3,13,-999999.9859532,false,lata
120,Coca_Cola_Zero,Extrema,EXT_L3,14,-0.0,false,lata
120,Coca_Cola_Zero,Extrema,EXT_L3,15,-0.0,false,lata
120,Coca_Cola_Zero,Tres Rios,TRE_L1,1,-1.0e6,true,lata
120,Coca_Cola_Zero,Tres Rios,TRE_L1,2,-0.0,false,lata
120,Coca_Cola_Zero,Tres Rios,TRE_L1,3,-0.0,false,lata
120,Coca_Cola_Zero,Tres Rios,TRE_L1,4,-0.0,false,lata
120,Coca_Cola_Zero,Tres Rios,TRE_L1,5,-0.0,false,lata
120,Coca_Cola_Zero,Tres Rios,TRE_L1,6,-0.0,false,lata
120,Coca_Cola_Zero,Tres Rios,TRE_L1,7,-0.0,false,lata
120,Coca_Cola_Zero,Tres Rios,TRE_L1,8,-0.0,false,lata
120,Coca_Cola_Zero,Tres Rios,TRE_L1,9,-0.0,false,lata
120,Coca_Cola_Zero,Tres Rios,TRE_L1,10,-999999.9949095501,false,lata
120,Coca_Cola_Zero,Tres Rios,TRE_L1,11,-0.0,false,lata
120,Coca_Cola_Zero,Tres Rios,TRE_L1,12,-0.0,false,lata
120,Coca_Cola_Zero,Tres Rios,TRE_L1,13,-999999.9949095501,false,lata
120,Coca_Cola_Zero,Tres Rios,TRE_L1,14,-0.0,false,lata
120,Coca_Cola_Zero,Tres Rios,TRE_L1,15,-999999.9949095501,false,lata
120,Coca_Cola_Zero,Tres Rios,TRE_L2,1,-0.0,false,lata
120,Coca_Cola_Zero,Tres Rios,TRE_L2,2,-0.0,false,lata
120,Coca_Cola_Zero,Tres Rios,TRE_L2,3,-0.0,false,lata
120,Coca_Cola_Zero,Tres Rios,TRE_L2,4,-0.0,false,lata
120,Coca_Cola_Zero,Tres Rios,TRE_L2,5,-0.0,false,lata
120,Coca_Cola_Zero,Tres Rios,TRE_L2,6,-0.0,false,lata
120,Coca_Cola_Zero,Tres Rios,TRE_L2,7,-0.0,false,lata
120,Coca_Cola_Zero,Tres Rios,TRE_L2,8,-0.0,false,lata
120,Coca_Cola_Zero,Tres Rios,TRE_L2,9,-0.0,false,lata
120,Coca_Cola_Zero,Tres Rios,TRE_L2,10,-0.0,false,lata
120,Coca_Cola_Zero,Tres Rios,TRE_L2,11,-0.0,false,lata
120,Coca_Cola_Zero,Tres Rios,TRE_L2,12,-0.0,false,lata
120,Coca_Cola_Zero,Tres Rios,TRE_L2,13,-0.0,false,lata
120,Coca_Cola_Zero,Tres Rios,TRE_L2,14,-0.0,false,lata
120,Coca_Cola_Zero,Tres Rios,TRE_L2,15,-0.0,false,lata
120,Coca_Cola_Zero,Tres Rios,TRE_L3,1,-0.0,false,lata
120,Coca_Cola_Zero,Tres Rios,TRE_L3,2,-0.0,false,lata
120,Coca_Cola_Zero,Tres Rios,TRE_L3,3,-0.0,false,lata
120,Coca_Cola_Zero,Tres Rios,TRE_L3,4,-0.0,false,lata
120,Coca_Cola_Zero,Tres Rios,TRE_L3,5,-1.0e6,true,lata
120,Coca_Cola_Zero,Tres Rios,TRE_L3,6,-0.0,false,lata
120,Coca_Cola_Zero,Tres Rios,TRE_L3,7,-0.0,false,lata
120,Coca_Cola_Zero,Tres Rios,TRE_L3,8,-0.0,false,lata
120,Coca_Cola_Zero,Tres Rios,TRE_L3,9,-0.0,false,lata
120,Coca_Cola_Zero,Tres Rios,TRE_L3,10,-0.0,false,lata
120,Coca_Cola_Zero,Tres Rios,TRE_L3,11,-0.0,false,lata
120,Coca_Cola_Zero,Tres Rios,TRE_L3,12,-0.0,false,lata
120,Coca_Cola_Zero,Tres Rios,TRE_L3,13,-0.0,false,lata
120,Coca_Cola_Zero,Tres Rios,TRE_L3,14,-0.0,false,lata
120,Coca_Cola_Zero,Tres Rios,TRE_L3,15,-0.0,false,lata
120,Coca_Cola_Zero,Alagoinhas,ALA_L1,1,-0.0,false,lata
120,Coca_Cola_Zero,Alagoinhas,ALA_L1,2,-0.0,false,lata
120,Coca_Cola_Zero,Alagoinhas,ALA_L1,3,-0.0,false,lata
120,Coca_Cola_Zero,Alagoinhas,ALA_L1,4,-0.0,false,lata
120,Coca_Cola_Zero,Alagoinhas,ALA_L1,5,-0.0,false,lata
120,Coca_Cola_Zero,Alagoinhas,ALA_L1,6,-0.0,false,lata
120,Coca_Cola_Zero,Alagoinhas,ALA_L1,7,-0.0,false,lata
120,Coca_Cola_Zero,Alagoinhas,ALA_L1,8,-0.0,false,lata
120,Coca_Cola_Zero,Alagoinhas,ALA_L1,9,-0.0,false,lata
120,Coca_Cola_Zero,Alagoinhas,ALA_L1,10,-0.0,false,lata
120,Coca_Cola_Zero,Alagoinhas,ALA_L1,11,-0.0,false,lata
120,Coca_Cola_Zero,Alagoinhas,ALA_L1,12,-0.0,false,lata
120,Coca_Cola_Zero,Alagoinhas,ALA_L1,13,-0.0,false,lata
120,Coca_Cola_Zero,Alagoinhas,ALA_L1,14,-0.0,false,lata
120,Coca_Cola_Zero,Alagoinhas,ALA_L1,15,-0.0,false,lata
120,Coca_Cola_Zero,Alagoinhas,ALA_L2,1,-0.0,false,lata
120,Coca_Cola_Zero,Alagoinhas,ALA_L2,2,-0.0,false,lata
120,Coca_Cola_Zero,Alagoinhas,ALA_L2,3,-999999.9415985501,false,lata
120,Coca_Cola_Zero,Alagoinhas,ALA_L2,4,-999999.9790549001,false,lata
120,Coca_Cola_Zero,Alagoinhas,ALA_L2,5,-0.0,false,lata
120,Coca_Cola_Zero,Alagoinhas,ALA_L2,6,-0.0,false,lata
120,Coca_Cola_Zero,Alagoinhas,ALA_L2,7,-0.0,false,lata
120,Coca_Cola_Zero,Alagoinhas,ALA_L2,8,-999999.9537365501,false,lata
120,Coca_Cola_Zero,Alagoinhas,ALA_L2,9,-0.0,false,lata
120,Coca_Cola_Zero,Alagoinhas,ALA_L2,10,-0.0,false,lata
120,Coca_Cola_Zero,Alagoinhas,ALA_L2,11,-0.0,false,lata
120,Coca_Cola_Zero,Alagoinhas,ALA_L2,12,-0.0,false,lata
120,Coca_Cola_Zero,Alagoinhas,ALA_L2,13,-999999.9439644502,false,lata
120,Coca_Cola_Zero,Alagoinhas,ALA_L2,14,-0.0,false,lata
120,Coca_Cola_Zero,Alagoinhas,ALA_L2,15,-0.0,false,lata
120,Coca_Cola_Zero,Alagoinhas,ALA_L3,1,-0.0,false,lata
120,Coca_Cola_Zero,Alagoinhas,ALA_L3,2,-0.0,false,lata
120,Coca_Cola_Zero,Alagoinhas,ALA_L3,3,-0.0,false,lata
120,Coca_Cola_Zero,Alagoinhas,ALA_L3,4,-999999.9790549001,false,lata
120,Coca_Cola_Zero,Alagoinhas,ALA_L3,5,-0.0,false,lata
120,Coca_Cola_Zero,Alagoinhas,ALA_L3,6,-0.0,false,lata
120,Coca_Cola_Zero,Alagoinhas,ALA_L3,7,-0.0,false,lata
120,Coca_Cola_Zero,Alagoinhas,ALA_L3,8,-0.0,false,lata
120,Coca_Cola_Zero,Alagoinhas,ALA_L3,9,-0.0,false,lata
120,Coca_Cola_Zero,Alagoinhas,ALA_L3,10,-0.0,false,lata
120,Coca_Cola_Zero,Alagoinhas,ALA_L3,11,-0.0,false,lata
120,Coca_Cola_Zero,Alagoinhas,ALA_L3,12,-0.0,false,lata
120,Coca_Cola_Zero,Alagoinhas,ALA_L3,13,-0.0,false,lata
120,Coca_Cola_Zero,Alagoinhas,ALA_L3,14,-0.0,false,lata
120,Coca_Cola_Zero,Alagoinhas,ALA_L3,15,-0.0,false,lata
120,Coca_Cola_Zero,Frutal,FRU_L1,1,-0.0,false,lata
120,Coca_Cola_Zero,Frutal,FRU_L1,2,-0.0,false,lata
120,Coca_Cola_Zero,Frutal,FRU_L1,3,-0.0,false,lata
120,Coca_Cola_Zero,Frutal,FRU_L1,4,-0.0,false,lata
120,Coca_Cola_Zero,Frutal,FRU_L1,5,-0.0,false,lata
120,Coca_Cola_Zero,Frutal,FRU_L1,6,-0.0,false,lata
120,Coca_Cola_Zero,Frutal,FRU_L1,7,-0.0,false,lata
120,Coca_Cola_Zero,Frutal,FRU_L1,8,-0.0,false,lata
120,Coca_Cola_Zero,Frutal,FRU_L1,9,-0.0,false,lata
120,Coca_Cola_Zero,Frutal,FRU_L1,10,-1.0e6,true,lata
120,Coca_Cola_Zero,Frutal,FRU_L1,11,-0.0,false,lata
120,Coca_Cola_Zero,Frutal,FRU_L1,12,-0.0,false,lata
120,Coca_Cola_Zero,Frutal,FRU_L1,13,-0.0,false,lata
120,Coca_Cola_Zero,Frutal,FRU_L1,14,-0.0,false,lata
120,Coca_Cola_Zero,Frutal,FRU_L1,15,-0.0,false,lata
120,Coca_Cola_Zero,Frutal,FRU_L2,1,-0.0,false,lata
120,Coca_Cola_Zero,Frutal,FRU_L2,2,-0.0,false,lata
120,Coca_Cola_Zero,Frutal,FRU_L2,3,-0.0,false,lata
120,Coca_Cola_Zero,Frutal,FRU_L2,4,-0.0,false,lata
120,Coca_Cola_Zero,Frutal,FRU_L2,5,-0.0,false,lata
120,Coca_Cola_Zero,Frutal,FRU_L2,6,-0.0,false,lata
120,Coca_Cola_Zero,Frutal,FRU_L2,7,-0.0,false,lata
120,Coca_Cola_Zero,Frutal,FRU_L2,8,-0.0,false,lata
120,Coca_Cola_Zero,Frutal,FRU_L2,9,-0.0,false,lata
120,Coca_Cola_Zero,Frutal,FRU_L2,10,-0.0,false,lata
120,Coca_Cola_Zero,Frutal,FRU_L2,11,-0.0,false,lata
120,Coca_Cola_Zero,Frutal,FRU_L2,12,-0.0,false,lata
120,Coca_Cola_Zero,Frutal,FRU_L2,13,-0.0,false,lata
120,Coca_Cola_Zero,Frutal,FRU_L2,14,-0.0,false,lata
120,Coca_Cola_Zero,Frutal,FRU_L2,15,-0.0,false,lata
120,Coca_Cola_Zero,Frutal,FRU_L3,1,-0.0,false,lata
120,Coca_Cola_Zero,Frutal,FRU_L3,2,-0.0,false,lata
120,Coca_Cola_Zero,Frutal,FRU_L3,3,-0.0,false,lata
120,Coca_Cola_Zero,Frutal,FRU_L3,4,-0.0,false,lata
120,Coca_Cola_Zero,Frutal,FRU_L3,5,-0.0,false,lata
120,Coca_Cola_Zero,Frutal,FRU_L3,6,-999999.8613611502,false,lata
120,Coca_Cola_Zero,Frutal,FRU_L3,7,-0.0,false,lata
120,Coca_Cola_Zero,Frutal,FRU_L3,8,-0.0,false,lata
120,Coca_Cola_Zero,Frutal,FRU_L3,9,-0.0,false,lata
120,Coca_Cola_Zero,Frutal,FRU_L3,10,-0.0,false,lata
120,Coca_Cola_Zero,Frutal,FRU_L3,11,-0.0,false,lata
120,Coca_Cola_Zero,Frutal,FRU_L3,12,-0.0,false,lata
120,Coca_Cola_Zero,Frutal,FRU_L3,13,-1.0e6,true,lata
120,Coca_Cola_Zero,Frutal,FRU_L3,14,-0.0,false,lata
120,Coca_Cola_Zero,Frutal,FRU_L3,15,-1.0e6,true,lata
120,Coca_Cola_Zero,Pouso Alegre,POU_L1,1,-0.0,false,lata
120,Coca_Cola_Zero,Pouso Alegre,POU_L1,2,-0.0,false,lata
120,Coca_Cola_Zero,Pouso Alegre,POU_L1,3,-1.0e6,true,lata
120,Coca_Cola_Zero,Pouso Alegre,POU_L1,4,-0.0,false,lata
120,Coca_Cola_Zero,Pouso Alegre,POU_L1,5,-0.0,false,lata
120,Coca_Cola_Zero,Pouso Alegre,POU_L1,6,-0.0,false,lata
120,Coca_Cola_Zero,Pouso Alegre,POU_L1,7,-0.0,false,lata
120,Coca_Cola_Zero,Pouso Alegre,POU_L1,8,-0.0,false,lata
120,Coca_Cola_Zero,Pouso Alegre,POU_L1,9,-0.0,false,lata
120,Coca_Cola_Zero,Pouso Alegre,POU_L1,10,-0.0,false,lata
120,Coca_Cola_Zero,Pouso Alegre,POU_L1,11,-0.0,false,lata
120,Coca_Cola_Zero,Pouso Alegre,POU_L1,12,-0.0,false,lata
120,Coca_Cola_Zero,Pouso Alegre,POU_L1,13,-0.0,false,lata
120,Coca_Cola_Zero,Pouso Alegre,POU_L1,14,-0.0,false,lata
120,Coca_Cola_Zero,Pouso Alegre,POU_L1,15,-0.0,false,lata
120,Coca_Cola_Zero,Pouso Alegre,POU_L2,1,-0.0,false,lata
120,Coca_Cola_Zero,Pouso Alegre,POU_L2,2,-0.0,false,lata
120,Coca_Cola_Zero,Pouso Alegre,POU_L2,3,-0.0,false,lata
120,Coca_Cola_Zero,Pouso Alegre,POU_L2,4,-0.0,false,lata
120,Coca_Cola_Zero,Pouso Alegre,POU_L2,5,-0.0,false,lata
120,Coca_Cola_Zero,Pouso Alegre,POU_L2,6,-0.0,false,lata
120,Coca_Cola_Zero,Pouso Alegre,POU_L2,7,-0.0,false,lata
120,Coca_Cola_Zero,Pouso Alegre,POU_L2,8,-0.0,false,lata
120,Coca_Cola_Zero,Pouso Alegre,POU_L2,9,-0.0,false,lata
120,Coca_Cola_Zero,Pouso Alegre,POU_L2,10,-0.0,false,lata
120,Coca_Cola_Zero,Pouso Alegre,POU_L2,11,-0.0,false,lata
120,Coca_Cola_Zero,Pouso Alegre,POU_L2,12,-0.0,false,lata
120,Coca_Cola_Zero,Pouso Alegre,POU_L2,13,-0.0,false,lata
120,Coca_Cola_Zero,Pouso Alegre,POU_L2,14,-0.0,false,lata
120,Coca_Cola_Zero,Pouso Alegre,POU_L2,15,-0.0,false,lata
120,Coca_Cola_Zero,Pouso Alegre,POU_L3,1,-0.0,false,lata
120,Coca_Cola_Zero,Pouso Alegre,POU_L3,2,-0.0,false,lata
120,Coca_Cola_Zero,Pouso Alegre,POU_L3,3,-0.0,false,lata
120,Coca_Cola_Zero,Pouso Alegre,POU_L3,4,-0.0,false,lata
120,Coca_Cola_Zero,Pouso Alegre,POU_L3,5,-0.0,false,lata
120,Coca_Cola_Zero,Pouso Alegre,POU_L3,6,-0.0,false,lata
120,Coca_Cola_Zero,Pouso Alegre,POU_L3,7,-0.0,false,lata
120,Coca_Cola_Zero,Pouso Alegre,POU_L3,8,-0.0,false,lata
120,Coca_Cola_Zero,Pouso Alegre,POU_L3,9,-0.0,false,lata
120,Coca_Cola_Zero,Pouso Alegre,POU_L3,10,-0.0,false,lata
120,Coca_Cola_Zero,Pouso Alegre,POU_L3,11,-0.0,false,lata
120,Coca_Cola_Zero,Pouso Alegre,POU_L3,12,-999999.9530772001,false,lata
120,Coca_Cola_Zero,Pouso Alegre,POU_L3,13,-0.0,false,lata
120,Coca_Cola_Zero,Pouso Alegre,POU_L3,14,-0.0,false,lata
120,Coca_Cola_Zero,Pouso Alegre,POU_L3,15,-0.0,false,lata
120,Coca_Cola_Zero,Gama,GAM_L1,1,-0.0,false,lata
120,Coca_Cola_Zero,Gama,GAM_L1,2,-0.0,false,lata
120,Coca_Cola_Zero,Gama,GAM_L1,3,-0.0,false,lata
120,Coca_Cola_Zero,Gama,GAM_L1,4,-0.0,false,lata
120,Coca_Cola_Zero,Gama,GAM_L1,5,-0.0,false,lata
120,Coca_Cola_Zero,Gama,GAM_L1,6,-0.0,false,lata
120,Coca_Cola_Zero,Gama,GAM_L1,7,-0.0,false,lata
120,Coca_Cola_Zero,Gama,GAM_L1,8,-1.0e6,false,lata
120,Coca_Cola_Zero,Gama,GAM_L1,9,-0.0,false,lata
120,Coca_Cola_Zero,Gama,GAM_L1,10,-0.0,false,lata
120,Coca_Cola_Zero,Gama,GAM_L1,11,-0.0,false,lata
120,Coca_Cola_Zero,Gama,GAM_L1,12,-0.0,false,lata
120,Coca_Cola_Zero,Gama,GAM_L1,13,-0.0,false,lata
120,Coca_Cola_Zero,Gama,GAM_L1,14,-0.0,false,lata
120,Coca_Cola_Zero,Gama,GAM_L1,15,-0.0,false,lata
120,Coca_Cola_Zero,Gama,GAM_L2,1,-0.0,false,lata
120,Coca_Cola_Zero,Gama,GAM_L2,2,-1.0e6,true,lata
120,Coca_Cola_Zero,Gama,GAM_L2,3,-0.0,false,lata
120,Coca_Cola_Zero,Gama,GAM_L2,4,-0.0,false,lata
120,Coca_Cola_Zero,Gama,GAM_L2,5,-0.0,false,lata
120,Coca_Cola_Zero,Gama,GAM_L2,6,-0.0,false,lata
120,Coca_Cola_Zero,Gama,GAM_L2,7,-0.0,false,lata
120,Coca_Cola_Zero,Gama,GAM_L2,8,-1.0e6,true,lata
120,Coca_Cola_Zero,Gama,GAM_L2,9,-0.0,false,lata
120,Coca_Cola_Zero,Gama,GAM_L2,10,-999999.9902279001,false,lata
120,Coca_Cola_Zero,Gama,GAM_L2,11,-0.0,false,lata
120,Coca_Cola_Zero,Gama,GAM_L2,12,-0.0,false,lata
120,Coca_Cola_Zero,Gama,GAM_L2,13,-999999.9902279001,false,lata
120,Coca_Cola_Zero,Gama,GAM_L2,14,-0.0,false,lata
120,Coca_Cola_Zero,Gama,GAM_L2,15,-0.0,false,lata
120,Coca_Cola_Zero,Gama,GAM_L3,1,-0.0,false,lata
120,Coca_Cola_Zero,Gama,GAM_L3,2,-0.0,false,lata
120,Coca_Cola_Zero,Gama,GAM_L3,3,-0.0,false,lata
120,Coca_Cola_Zero,Gama,GAM_L3,4,-0.0,false,lata
120,Coca_Cola_Zero,Gama,GAM_L3,5,-0.0,false,lata
120,Coca_Cola_Zero,Gama,GAM_L3,6,-0.0,false,lata
120,Coca_Cola_Zero,Gama,GAM_L3,7,-0.0,false,lata
120,Coca_Cola_Zero,Gama,GAM_L3,8,-0.0,false,lata
120,Coca_Cola_Zero,Gama,GAM_L3,9,-0.0,false,lata
120,Coca_Cola_Zero,Gama,GAM_L3,10,-0.0,false,lata
120,Coca_Cola_Zero,Gama,GAM_L3,11,-999999.8610416002,false,lata
120,Coca_Cola_Zero,Gama,GAM_L3,12,-0.0,false,lata
120,Coca_Cola_Zero,Gama,GAM_L3,13,-0.0,false,lata
120,Coca_Cola_Zero,Gama,GAM_L3,14,-0.0,false,lata
120,Coca_Cola_Zero,Gama,GAM_L3,15,-0.0,false,lata
120,Coca_Cola_Zero,Viamao,VIA_L1,1,-0.0,false,lata
120,Coca_Cola_Zero,Viamao,VIA_L1,2,-0.0,false,lata
120,Coca_Cola_Zero,Viamao,VIA_L1,3,-0.0,false,lata
120,Coca_Cola_Zero,Viamao,VIA_L1,4,-0.0,false,lata
120,Coca_Cola_Zero,Viamao,VIA_L1,5,-0.0,false,lata
120,Coca_Cola_Zero,Viamao,VIA_L1,6,-0.0,false,lata
120,Coca_Cola_Zero,Viamao,VIA_L1,7,-0.0,false,lata
120,Coca_Cola_Zero,Viamao,VIA_L1,8,-0.0,false,lata
120,Coca_Cola_Zero,Viamao,VIA_L1,9,-0.0,false,lata
120,Coca_Cola_Zero,Viamao,VIA_L1,10,-1.0e6,true,lata
120,Coca_Cola_Zero,Viamao,VIA_L1,11,-0.0,false,lata
120,Coca_Cola_Zero,Viamao,VIA_L1,12,-0.0,false,lata
120,Coca_Cola_Zero,Viamao,VIA_L1,13,-0.0,false,lata
120,Coca_Cola_Zero,Viamao,VIA_L1,14,-0.0,false,lata
120,Coca_Cola_Zero,Viamao,VIA_L1,15,-0.0,false,lata
120,Coca_Cola_Zero,Viamao,VIA_L2,1,-0.0,false,lata
120,Coca_Cola_Zero,Viamao,VIA_L2,2,-0.0,false,lata
120,Coca_Cola_Zero,Viamao,VIA_L2,3,-0.0,false,lata
120,Coca_Cola_Zero,Viamao,VIA_L2,4,-0.0,false,lata
120,Coca_Cola_Zero,Viamao,VIA_L2,5,-1.0e6,true,lata
120,Coca_Cola_Zero,Viamao,VIA_L2,6,-0.0,false,lata
120,Coca_Cola_Zero,Viamao,VIA_L2,7,-0.0,false,lata
120,Coca_Cola_Zero,Viamao,VIA_L2,8,-0.0,false,lata
120,Coca_Cola_Zero,Viamao,VIA_L2,9,-0.0,false,lata
120,Coca_Cola_Zero,Viamao,VIA_L2,10,-0.0,false,lata
120,Coca_Cola_Zero,Viamao,VIA_L2,11,-0.0,false,lata
120,Coca_Cola_Zero,Viamao,VIA_L2,12,-0.0,false,lata
120,Coca_Cola_Zero,Viamao,VIA_L2,13,-0.0,false,lata
120,Coca_Cola_Zero,Viamao,VIA_L2,14,-0.0,false,lata
120,Coca_Cola_Zero,Viamao,VIA_L2,15,-0.0,false,lata
120,Coca_Cola_Zero,Viamao,VIA_L3,1,-0.0,false,lata
120,Coca_Cola_Zero,Viamao,VIA_L3,2,-0.0,false,lata
120,Coca_Cola_Zero,Viamao,VIA_L3,3,-0.0,false,lata
120,Coca_Cola_Zero,Viamao,VIA_L3,4,-999999.9633271002,false,lata
120,Coca_Cola_Zero,Viamao,VIA_L3,5,-0.0,false,lata
120,Coca_Cola_Zero,Viamao,VIA_L3,6,-0.0,false,lata
120,Coca_Cola_Zero,Viamao,VIA_L3,7,-0.0,false,lata
120,Coca_Cola_Zero,Viamao,VIA_L3,8,-0.0,false,lata
120,Coca_Cola_Zero,Viamao,VIA_L3,9,-1.0e6,true,lata
120,Coca_Cola_Zero,Viamao,VIA_L3,10,-0.0,false,lata
120,Coca_Cola_Zero,Viamao,VIA_L3,11,-999999.8726333003,false,lata
120,Coca_Cola_Zero,Viamao,VIA_L3,12,-0.0,false,lata
120,Coca_Cola_Zero,Viamao,VIA_L3,13,-0.0,false,lata
120,Coca_Cola_Zero,Viamao,VIA_L3,14,-0.0,false,lata
120,Coca_Cola_Zero,Viamao,VIA_L3,15,-0.0,false,lata
120,Coca_Cola_Zero,Itupeva,ITU_L1,1,-999999.99647965,false,lata
120,Coca_Cola_Zero,Itupeva,ITU_L1,2,-0.0,false,lata
120,Coca_Cola_Zero,Itupeva,ITU_L1,3,-1.0e6,true,lata
120,Coca_Cola_Zero,Itupeva,ITU_L1,4,-0.0,false,lata
120,Coca_Cola_Zero,Itupeva,ITU_L1,5,-0.0,false,lata
120,Coca_Cola_Zero,Itupeva,ITU_L1,6,-0.0,false,lata
120,Coca_Cola_Zero,Itupeva,ITU_L1,7,-0.0,false,lata
120,Coca_Cola_Zero,Itupeva,ITU_L1,8,-0.0,false,lata
120,Coca_Cola_Zero,Itupeva,ITU_L1,9,-0.0,false,lata
120,Coca_Cola_Zero,Itupeva,ITU_L1,10,-0.0,false,lata
120,Coca_Cola_Zero,Itupeva,ITU_L1,11,-0.0,false,lata
120,Coca_Cola_Zero,Itupeva,ITU_L1,12,-0.0,false,lata
120,Coca_Cola_Zero,Itupeva,ITU_L1,13,-0.0,false,lata
120,Coca_Cola_Zero,Itupeva,ITU_L1,14,-0.0,false,lata
120,Coca_Cola_Zero,Itupeva,ITU_L1,15,-0.0,false,lata
120,Coca_Cola_Zero,Itupeva,ITU_L2,1,-0.0,false,lata
120,Coca_Cola_Zero,Itupeva,ITU_L2,2,-0.0,false,lata
120,Coca_Cola_Zero,Itupeva,ITU_L2,3,-0.0,false,lata
120,Coca_Cola_Zero,Itupeva,ITU_L2,4,-0.0,false,lata
120,Coca_Cola_Zero,Itupeva,ITU_L2,5,-0.0,false,lata
120,Coca_Cola_Zero,Itupeva,ITU_L2,6,-0.0,false,lata
120,Coca_Cola_Zero,Itupeva,ITU_L2,7,-0.0,false,lata
120,Coca_Cola_Zero,Itupeva,ITU_L2,8,-0.0,false,lata
120,Coca_Cola_Zero,Itupeva,ITU_L2,9,-0.0,false,lata
120,Coca_Cola_Zero,Itupeva,ITU_L2,10,-0.0,false,lata
120,Coca_Cola_Zero,Itupeva,ITU_L2,11,-0.0,false,lata
120,Coca_Cola_Zero,Itupeva,ITU_L2,12,-0.0,false,lata
120,Coca_Cola_Zero,Itupeva,ITU_L2,13,-0.0,false,lata
120,Coca_Cola_Zero,Itupeva,ITU_L2,14,-0.0,false,lata
120,Coca_Cola_Zero,Itupeva,ITU_L2,15,-0.0,false,lata
120,Coca_Cola_Zero,Itupeva,ITU_L3,1,-0.0,false,lata
120,Coca_Cola_Zero,Itupeva,ITU_L3,2,-0.0,false,lata
120,Coca_Cola_Zero,Itupeva,ITU_L3,3,-0.0,false,lata
120,Coca_Cola_Zero,Itupeva,ITU_L3,4,-0.0,false,lata
120,Coca_Cola_Zero,Itupeva,ITU_L3,5,-0.0,false,lata
120,Coca_Cola_Zero,Itupeva,ITU_L3,6,-0.0,false,lata
120,Coca_Cola_Zero,Itupeva,ITU_L3,7,-999999.9935266499,false,lata
120,Coca_Cola_Zero,Itupeva,ITU_L3,8,-0.0,false,lata
120,Coca_Cola_Zero,Itupeva,ITU_L3,9,-0.0,false,lata
120,Coca_Cola_Zero,Itupeva,ITU_L3,10,-0.0,false,lata
120,Coca_Cola_Zero,Itupeva,ITU_L3,11,-0.0,false,lata
120,Coca_Cola_Zero,Itupeva,ITU_L3,12,-0.0,false,lata
120,Coca_Cola_Zero,Itupeva,ITU_L3,13,-0.0,false,lata
120,Coca_Cola_Zero,Itupeva,ITU_L3,14,-999999.8651575004,false,lata
120,Coca_Cola_Zero,Itupeva,ITU_L3,15,-0.0,false,lata
120,Coca_Cola_Zero,Cabo de Santo Agostinho,CAB_L1,1,-0.0,false,lata
120,Coca_Cola_Zero,Cabo de Santo Agostinho,CAB_L1,2,-999999.9776770001,false,lata
120,Coca_Cola_Zero,Cabo de Santo Agostinho,CAB_L1,3,-0.0,false,lata
120,Coca_Cola_Zero,Cabo de Santo Agostinho,CAB_L1,4,-0.0,false,lata
120,Coca_Cola_Zero,Cabo de Santo Agostinho,CAB_L1,5,-0.0,false,lata
120,Coca_Cola_Zero,Cabo de Santo Agostinho,CAB_L1,6,-0.0,false,lata
120,Coca_Cola_Zero,Cabo de Santo Agostinho,CAB_L1,7,-0.0,false,lata
120,Coca_Cola_Zero,Cabo de Santo Agostinho,CAB_L1,8,-0.0,false,lata
120,Coca_Cola_Zero,Cabo de Santo Agostinho,CAB_L1,9,-0.0,false,lata
120,Coca_Cola_Zero,Cabo de Santo Agostinho,CAB_L1,10,-0.0,false,lata
120,Coca_Cola_Zero,Cabo de Santo Agostinho,CAB_L1,11,-0.0,false,lata
120,Coca_Cola_Zero,Cabo de Santo Agostinho,CAB_L1,12,-0.0,false,lata
120,Coca_Cola_Zero,Cabo de Santo Agostinho,CAB_L1,13,-0.0,false,lata
120,Coca_Cola_Zero,Cabo de Santo Agostinho,CAB_L1,14,-0.0,false,lata
120,Coca_Cola_Zero,Cabo de Santo Agostinho,CAB_L1,15,-0.0,false,lata
120,Coca_Cola_Zero,Cabo de Santo Agostinho,CAB_L2,1,-0.0,false,lata
120,Coca_Cola_Zero,Cabo de Santo Agostinho,CAB_L2,2,-0.0,false,lata
120,Coca_Cola_Zero,Cabo de Santo Agostinho,CAB_L2,3,-999999.9655390001,false,lata
120,Coca_Cola_Zero,Cabo de Santo Agostinho,CAB_L2,4,-1.0e6,true,lata
120,Coca_Cola_Zero,Cabo de Santo Agostinho,CAB_L2,5,-0.0,false,lata
120,Coca_Cola_Zero,Cabo de Santo Agostinho,CAB_L2,6,-0.0,false,lata
120,Coca_Cola_Zero,Cabo de Santo Agostinho,CAB_L2,7,-0.0,false,lata
120,Coca_Cola_Zero,Cabo de Santo Agostinho,CAB_L2,8,-0.0,false,lata
120,Coca_Cola_Zero,Cabo de Santo Agostinho,CAB_L2,9,-0.0,false,lata
120,Coca_Cola_Zero,Cabo de Santo Agostinho,CAB_L2,10,-0.0,false,lata
120,Coca_Cola_Zero,Cabo de Santo Agostinho,CAB_L2,11,-0.0,false,lata
120,Coca_Cola_Zero,Cabo de Santo Agostinho,CAB_L2,12,-0.0,false,lata
120,Coca_Cola_Zero,Cabo de Santo Agostinho,CAB_L2,13,-0.0,false,lata
120,Coca_Cola_Zero,Cabo de Santo Agostinho,CAB_L2,14,-0.0,false,lata
120,Coca_Cola_Zero,Cabo de Santo Agostinho,CAB_L2,15,-0.0,false,lata
120,Coca_Cola_Zero,Cabo de Santo Agostinho,CAB_L3,1,-0.0,false,lata
120,Coca_Cola_Zero,Cabo de Santo Agostinho,CAB_L3,2,-0.0,false,lata
120,Coca_Cola_Zero,Cabo de Santo Agostinho,CAB_L3,3,-999999.9176581,false,lata
120,Coca_Cola_Zero,Cabo de Santo Agostinho,CAB_L3,4,-0.0,false,lata
120,Coca_Cola_Zero,Cabo de Santo Agostinho,CAB_L3,5,-0.0,false,lata
120,Coca_Cola_Zero,Cabo de Santo Agostinho,CAB_L3,6,-0.0,false,lata
120,Coca_Cola_Zero,Cabo de Santo Agostinho,CAB_L3,7,-0.0,false,lata
120,Coca_Cola_Zero,Cabo de Santo Agostinho,CAB_L3,8,-0.0,false,lata
120,Coca_Cola_Zero,Cabo de Santo Agostinho,CAB_L3,9,-0.0,false,lata
120,Coca_Cola_Zero,Cabo de Santo Agostinho,CAB_L3,10,-0.0,false,lata
120,Coca_Cola_Zero,Cabo de Santo Agostinho,CAB_L3,11,-0.0,false,lata
120,Coca_Cola_Zero,Cabo de Santo Agostinho,CAB_L3,12,-0.0,false,lata
120,Coca_Cola_Zero,Cabo de Santo Agostinho,CAB_L3,13,-0.0,false,lata
120,Coca_Cola_Zero,Cabo de Santo Agostinho,CAB_L3,14,-0.0,false,lata
120,Coca_Cola_Zero,Cabo de Santo Agostinho,CAB_L3,15,-0.0,false,lata
120,Skol_Lata,Jacarei,JAC_L1,1,-0.0,false,lata
120,Skol_Lata,Jacarei,JAC_L1,2,-0.0,false,lata
120,Skol_Lata,Jacarei,JAC_L1,3,-0.0,false,lata
120,Skol_Lata,Jacarei,JAC_L1,4,-0.0,false,lata
120,Skol_Lata,Jacarei,JAC_L1,5,-0.0,false,lata
120,Skol_Lata,Jacarei,JAC_L1,6,-0.0,false,lata
120,Skol_Lata,Jacarei,JAC_L1,7,-0.0,false,lata
120,Skol_Lata,Jacarei,JAC_L1,8,-0.0,false,lata
120,Skol_Lata,Jacarei,JAC_L1,9,-0.0,false,lata
120,Skol_Lata,Jacarei,JAC_L1,10,-0.0,false,lata
120,Skol_Lata,Jacarei,JAC_L1,11,-0.0,false,lata
120,Skol_Lata,Jacarei,JAC_L1,12,-0.0,false,lata
120,Skol_Lata,Jacarei,JAC_L1,13,-0.0,false,lata
120,Skol_Lata,Jacarei,JAC_L1,14,-0.0,false,lata
120,Skol_Lata,Jacarei,JAC_L1,15,-0.0,false,lata
120,Skol_Lata,Jacarei,JAC_L2,1,-0.0,false,lata
120,Skol_Lata,Jacarei,JAC_L2,2,-0.0,false,lata
120,Skol_Lata,Jacarei,JAC_L2,3,-0.0,false,lata
120,Skol_Lata,Jacarei,JAC_L2,4,-0.0,false,lata
120,Skol_Lata,Jacarei,JAC_L2,5,-0.0,false,lata
120,Skol_Lata,Jacarei,JAC_L2,6,-0.0,false,lata
120,Skol_Lata,Jacarei,JAC_L2,7,-0.0,false,lata
120,Skol_Lata,Jacarei,JAC_L2,8,-0.0,false,lata
120,Skol_Lata,Jacarei,JAC_L2,9,-0.0,false,lata
120,Skol_Lata,Jacarei,JAC_L2,10,-0.0,false,lata
120,Skol_Lata,Jacarei,JAC_L2,11,-0.0,false,lata
120,Skol_Lata,Jacarei,JAC_L2,12,-999999.8535281501,false,lata
120,Skol_Lata,Jacarei,JAC_L2,13,-0.0,false,lata
120,Skol_Lata,Jacarei,JAC_L2,14,-999999.5079357998,false,lata
120,Skol_Lata,Jacarei,JAC_L2,15,-0.0,false,lata
120,Skol_Lata,Jacarei,JAC_L3,1,-0.0,false,lata
120,Skol_Lata,Jacarei,JAC_L3,2,-0.0,false,lata
120,Skol_Lata,Jacarei,JAC_L3,3,-0.0,false,lata
120,Skol_Lata,Jacarei,JAC_L3,4,-0.0,false,lata
120,Skol_Lata,Jacarei,JAC_L3,5,-0.0,false,lata
120,Skol_Lata,Jacarei,JAC_L3,6,-0.0,false,lata
120,Skol_Lata,Jacarei,JAC_L3,7,-0.0,false,lata
120,Skol_Lata,Jacarei,JAC_L3,8,-0.0,false,lata
120,Skol_Lata,Jacarei,JAC_L3,9,-999999.1294607999,false,lata
120,Skol_Lata,Jacarei,JAC_L3,10,-0.0,false,lata
120,Skol_Lata,Jacarei,JAC_L3,11,-0.0,false,lata
120,Skol_Lata,Jacarei,JAC_L3,12,-0.0,false,lata
120,Skol_Lata,Jacarei,JAC_L3,13,-0.0,false,lata
120,Skol_Lata,Jacarei,JAC_L3,14,-0.0,false,lata
120,Skol_Lata,Jacarei,JAC_L3,15,-0.0,false,lata
120,Skol_Lata,Extrema,EXT_L1,1,-0.0,false,lata
120,Skol_Lata,Extrema,EXT_L1,2,-0.0,false,lata
120,Skol_Lata,Extrema,EXT_L1,3,-0.0,false,lata
120,Skol_Lata,Extrema,EXT_L1,4,-0.0,false,lata
120,Skol_Lata,Extrema,EXT_L1,5,-0.0,false,lata
120,Skol_Lata,Extrema,EXT_L1,6,-0.0,false,lata
120,Skol_Lata,Extrema,EXT_L1,7,-0.0,false,lata
120,Skol_Lata,Extrema,EXT_L1,8,-0.0,false,lata
120,Skol_Lata,Extrema,EXT_L1,9,-0.0,false,lata
120,Skol_Lata,Extrema,EXT_L1,10,-0.0,false,lata
120,Skol_Lata,Extrema,EXT_L1,11,-0.0,false,lata
120,Skol_Lata,Extrema,EXT_L1,12,-0.0,false,lata
120,Skol_Lata,Extrema,EXT_L1,13,-0.0,false,lata
120,Skol_Lata,Extrema,EXT_L1,14,-999999.5085352998,false,lata
120,Skol_Lata,Extrema,EXT_L1,15,-0.0,false,lata
120,Skol_Lata,Extrema,EXT_L2,1,-0.0,false,lata
120,Skol_Lata,Extrema,EXT_L2,2,-0.0,false,lata
120,Skol_Lata,Extrema,EXT_L2,3,-999999.3601438499,false,lata
120,Skol_Lata,Extrema,EXT_L2,4,-0.0,false,lata
120,Skol_Lata,Extrema,EXT_L2,5,-0.0,false,lata
120,Skol_Lata,Extrema,EXT_L2,6,-0.0,false,lata
120,Skol_Lata,Extrema,EXT_L2,7,-0.0,false,lata
120,Skol_Lata,Extrema,EXT_L2,8,-0.0,false,lata
120,Skol_Lata,Extrema,EXT_L2,9,-0.0,false,lata
120,Skol_Lata,Extrema,EXT_L2,10,-0.0,false,lata
120,Skol_Lata,Extrema,EXT_L2,11,-0.0,false,lata
120,Skol_Lata,Extrema,EXT_L2,12,-0.0,false,lata
120,Skol_Lata,Extrema,EXT_L2,13,-0.0,false,lata
120,Skol_Lata,Extrema,EXT_L2,14,-0.0,false,lata
120,Skol_Lata,Extrema,EXT_L2,15,-0.0,false,lata
120,Skol_Lata,Extrema,EXT_L3,1,-0.0,false,lata
120,Skol_Lata,Extrema,EXT_L3,2,-0.0,false,lata
120,Skol_Lata,Extrema,EXT_L3,3,-0.0,false,lata
120,Skol_Lata,Extrema,EXT_L3,4,-0.0,false,lata
120,Skol_Lata,Extrema,EXT_L3,5,-0.0,false,lata
120,Skol_Lata,Extrema,EXT_L3,6,-0.0,false,lata
120,Skol_Lata,Extrema,EXT_L3,7,-0.0,false,lata
120,Skol_Lata,Extrema,EXT_L3,8,-0.0,false,lata
120,Skol_Lata,Extrema,EXT_L3,9,-0.0,false,lata
120,Skol_Lata,Extrema,EXT_L3,10,-0.0,false,lata
120,Skol_Lata,Extrema,EXT_L3,11,-0.0,false,lata
120,Skol_Lata,Extrema,EXT_L3,12,-0.0,false,lata
120,Skol_Lata,Extrema,EXT_L3,13,-999999.1962519498,false,lata
120,Skol_Lata,Extrema,EXT_L3,14,-0.0,false,lata
120,Skol_Lata,Extrema,EXT_L3,15,-0.0,false,lata
120,Skol_Lata,Tres Rios,TRE_L1,1,-0.0,false,lata
120,Skol_Lata,Tres Rios,TRE_L1,2,-0.0,false,lata
120,Skol_Lata,Tres Rios,TRE_L1,3,-0.0,false,lata
120,Skol_Lata,Tres Rios,TRE_L1,4,-999999.3037629499,false,lata
120,Skol_Lata,Tres Rios,TRE_L1,5,-0.0,false,lata
120,Skol_Lata,Tres Rios,TRE_L1,6,-0.0,false,lata
120,Skol_Lata,Tres Rios,TRE_L1,7,-0.0,false,lata
120,Skol_Lata,Tres Rios,TRE_L1,8,-0.0,false,lata
120,Skol_Lata,Tres Rios,TRE_L1,9,-0.0,false,lata
120,Skol_Lata,Tres Rios,TRE_L1,10,-0.0,false,lata
120,Skol_Lata,Tres Rios,TRE_L1,11,-0.0,false,lata
120,Skol_Lata,Tres Rios,TRE_L1,12,-0.0,false,lata
120,Skol_Lata,Tres Rios,TRE_L1,13,-0.0,false,lata
120,Skol_Lata,Tres Rios,TRE_L1,14,-0.0,false,lata
120,Skol_Lata,Tres Rios,TRE_L1,15,-0.0,false,lata
120,Skol_Lata,Tres Rios,TRE_L2,1,-0.0,false,lata
120,Skol_Lata,Tres Rios,TRE_L2,2,-0.0,false,lata
120,Skol_Lata,Tres Rios,TRE_L2,3,-0.0,false,lata
120,Skol_Lata,Tres Rios,TRE_L2,4,-0.0,false,lata
120,Skol_Lata,Tres Rios,TRE_L2,5,-0.0,false,lata
120,Skol_Lata,Tres Rios,TRE_L2,6,-0.0,false,lata
120,Skol_Lata,Tres Rios,TRE_L2,7,-0.0,false,lata
120,Skol_Lata,Tres Rios,TRE_L2,8,-0.0,false,lata
120,Skol_Lata,Tres Rios,TRE_L2,9,-0.0,false,lata
120,Skol_Lata,Tres Rios,TRE_L2,10,-999999.3567386501,false,lata
120,Skol_Lata,Tres Rios,TRE_L2,11,-0.0,false,lata
120,Skol_Lata,Tres Rios,TRE_L2,12,-0.0,false,lata
120,Skol_Lata,Tres Rios,TRE_L2,13,-0.0,false,lata
120,Skol_Lata,Tres Rios,TRE_L2,14,-0.0,false,lata
120,Skol_Lata,Tres Rios,TRE_L2,15,-0.0,false,lata
120,Skol_Lata,Tres Rios,TRE_L3,1,-0.0,false,lata
120,Skol_Lata,Tres Rios,TRE_L3,2,-0.0,false,lata
120,Skol_Lata,Tres Rios,TRE_L3,3,-0.0,false,lata
120,Skol_Lata,Tres Rios,TRE_L3,4,-0.0,false,lata
120,Skol_Lata,Tres Rios,TRE_L3,5,-0.0,false,lata
120,Skol_Lata,Tres Rios,TRE_L3,6,-0.0,false,lata
120,Skol_Lata,Tres Rios,TRE_L3,7,-0.0,false,lata
120,Skol_Lata,Tres Rios,TRE_L3,8,-999999.1638187,false,lata
120,Skol_Lata,Tres Rios,TRE_L3,9,-0.0,false,lata
120,Skol_Lata,Tres Rios,TRE_L3,10,-0.0,false,lata
120,Skol_Lata,Tres Rios,TRE_L3,11,-0.0,false,lata
120,Skol_Lata,Tres Rios,TRE_L3,12,-0.0,false,lata
120,Skol_Lata,Tres Rios,TRE_L3,13,-0.0,false,lata
120,Skol_Lata,Tres Rios,TRE_L3,14,-0.0,false,lata
120,Skol_Lata,Tres Rios,TRE_L3,15,-0.0,false,lata
120,Skol_Lata,Alagoinhas,ALA_L1,1,-0.0,false,lata
120,Skol_Lata,Alagoinhas,ALA_L1,2,-0.0,false,lata
120,Skol_Lata,Alagoinhas,ALA_L1,3,-0.0,false,lata
120,Skol_Lata,Alagoinhas,ALA_L1,4,-0.0,false,lata
120,Skol_Lata,Alagoinhas,ALA_L1,5,-0.0,false,lata
120,Skol_Lata,Alagoinhas,ALA_L1,6,-0.0,false,lata
120,Skol_Lata,Alagoinhas,ALA_L1,7,-999999.0186014001,false,lata
120,Skol_Lata,Alagoinhas,ALA_L1,8,-0.0,false,lata
120,Skol_Lata,Alagoinhas,ALA_L1,9,-999999.1679342499,false,lata
120,Skol_Lata,Alagoinhas,ALA_L1,10,-0.0,false,lata
120,Skol_Lata,Alagoinhas,ALA_L1,11,-0.0,false,lata
120,Skol_Lata,Alagoinhas,ALA_L1,12,-999999.8920016001,false,lata
120,Skol_Lata,Alagoinhas,ALA_L1,13,-0.0,false,lata
120,Skol_Lata,Alagoinhas,ALA_L1,14,-0.0,false,lata
120,Skol_Lata,Alagoinhas,ALA_L1,15,-0.0,false,lata
120,Skol_Lata,Alagoinhas,ALA_L2,1,-0.0,false,lata
120,Skol_Lata,Alagoinhas,ALA_L2,2,-0.0,false,lata
120,Skol_Lata,Alagoinhas,ALA_L2,3,-0.0,false,lata
120,Skol_Lata,Alagoinhas,ALA_L2,4,-0.0,false,lata
120,Skol_Lata,Alagoinhas,ALA_L2,5,-0.0,false,lata
120,Skol_Lata,Alagoinhas,ALA_L2,6,-0.0,false,lata
120,Skol_Lata,Alagoinhas,ALA_L2,7,-0.0,false,lata
120,Skol_Lata,Alagoinhas,ALA_L2,8,-0.0,false,lata
120,Skol_Lata,Alagoinhas,ALA_L2,9,-0.0,false,lata
120,Skol_Lata,Alagoinhas,ALA_L2,10,-0.0,false,lata
120,Skol_Lata,Alagoinhas,ALA_L2,11,-0.0,false,lata
120,Skol_Lata,Alagoinhas,ALA_L2,12,-0.0,false,lata
120,Skol_Lata,Alagoinhas,ALA_L2,13,-0.0,false,lata
120,Skol_Lata,Alagoinhas,ALA_L2,14,-0.0,false,lata
120,Skol_Lata,Alagoinhas,ALA_L2,15,-0.0,false,lata
120,Skol_Lata,Alagoinhas,ALA_L3,1,-0.0,false,lata
120,Skol_Lata,Alagoinhas,ALA_L3,2,-0.0,false,lata
120,Skol_Lata,Alagoinhas,ALA_L3,3,-0.0,false,lata
120,Skol_Lata,Alagoinhas,ALA_L3,4,-0.0,false,lata
120,Skol_Lata,Alagoinhas,ALA_L3,5,-0.0,false,lata
120,Skol_Lata,Alagoinhas,ALA_L3,6,-999999.3942049498,false,lata
120,Skol_Lata,Alagoinhas,ALA_L3,7,-0.0,false,lata
120,Skol_Lata,Alagoinhas,ALA_L3,8,-0.0,false,lata
120,Skol_Lata,Alagoinhas,ALA_L3,9,-0.0,false,lata
120,Skol_Lata,Alagoinhas,ALA_L3,10,-0.0,false,lata
120,Skol_Lata,Alagoinhas,ALA_L3,11,-0.0,false,lata
120,Skol_Lata,Alagoinhas,ALA_L3,12,-0.0,false,lata
120,Skol_Lata,Alagoinhas,ALA_L3,13,-0.0,false,lata
120,Skol_Lata,Alagoinhas,ALA_L3,14,-0.0,false,lata
120,Skol_Lata,Alagoinhas,ALA_L3,15,-0.0,false,lata
120,Skol_Lata,Frutal,FRU_L1,1,-0.0,false,lata
120,Skol_Lata,Frutal,FRU_L1,2,-999999.0926929002,false,lata
120,Skol_Lata,Frutal,FRU_L1,3,-0.0,false,lata
120,Skol_Lata,Frutal,FRU_L1,4,-0.0,false,lata
120,Skol_Lata,Frutal,FRU_L1,5,-0.0,false,lata
120,Skol_Lata,Frutal,FRU_L1,6,-0.0,false,lata
120,Skol_Lata,Frutal,FRU_L1,7,-0.0,false,lata
120,Skol_Lata,Frutal,FRU_L1,8,-0.0,false,lata
120,Skol_Lata,Frutal,FRU_L1,9,-0.0,false,lata
120,Skol_Lata,Frutal,FRU_L1,10,-0.0,false,lata
120,Skol_Lata,Frutal,FRU_L1,11,-0.0,false,lata
120,Skol_Lata,Frutal,FRU_L1,12,-0.0,false,lata
120,Skol_Lata,Frutal,FRU_L1,13,-0.0,false,lata
120,Skol_Lata,Frutal,FRU_L1,14,-0.0,false,lata
120,Skol_Lata,Frutal,FRU_L1,15,-0.0,false,lata
120,Skol_Lata,Frutal,FRU_L2,1,-0.0,false,lata
120,Skol_Lata,Frutal,FRU_L2,2,-0.0,false,lata
120,Skol_Lata,Frutal,FRU_L2,3,-0.0,false,lata
120,Skol_Lata,Frutal,FRU_L2,4,-999999.2766828999,false,lata
120,Skol_Lata,Frutal,FRU_L2,5,-0.0,false,lata
120,Skol_Lata,Frutal,FRU_L2,6,-0.0,false,lata
120,Skol_Lata,Frutal,FRU_L2,7,-0.0,false,lata
120,Skol_Lata,Frutal,FRU_L2,8,-0.0,false,lata
120,Skol_Lata,Frutal,FRU_L2,9,-0.0,false,lata
120,Skol_Lata,Frutal,FRU_L2,10,-0.0,false,lata
120,Skol_Lata,Frutal,FRU_L2,11,-999999.5512991501,false,lata
120,Skol_Lata,Frutal,FRU_L2,12,-0.0,false,lata
120,Skol_Lata,Frutal,FRU_L2,13,-0.0,false,lata
120,Skol_Lata,Frutal,FRU_L2,14,-0.0,false,lata
120,Skol_Lata,Frutal,FRU_L2,15,-999999.1681815505,false,lata
120,Skol_Lata,Frutal,FRU_L3,1,-0.0,false,lata
120,Skol_Lata,Frutal,FRU_L3,2,-0.0,false,lata
120,Skol_Lata,Frutal,FRU_L3,3,-0.0,false,lata
120,Skol_Lata,Frutal,FRU_L3,4,-0.0,false,lata
120,Skol_Lata,Frutal,FRU_L3,5,-0.0,false,lata
120,Skol_Lata,Frutal,FRU_L3,6,-0.0,false,lata
120,Skol_Lata,Frutal,FRU_L3,7,-0.0,false,lata
120,Skol_Lata,Frutal,FRU_L3,8,-0.0,false,lata
120,Skol_Lata,Frutal,FRU_L3,9,-0.0,false,lata
120,Skol_Lata,Frutal,FRU_L3,10,-0.0,false,lata
120,Skol_Lata,Frutal,FRU_L3,11,-0.0,false,lata
120,Skol_Lata,Frutal,FRU_L3,12,-0.0,false,lata
120,Skol_Lata,Frutal,FRU_L3,13,-0.0,false,lata
120,Skol_Lata,Frutal,FRU_L3,14,-0.0,false,lata
120,Skol_Lata,Frutal,FRU_L3,15,-0.0,false,lata
120,Skol_Lata,Pouso Alegre,POU_L1,1,-0.0,false,lata
120,Skol_Lata,Pouso Alegre,POU_L1,2,-0.0,false,lata
120,Skol_Lata,Pouso Alegre,POU_L1,3,-0.0,false,lata
120,Skol_Lata,Pouso Alegre,POU_L1,4,-0.0,false,lata
120,Skol_Lata,Pouso Alegre,POU_L1,5,-0.0,false,lata
120,Skol_Lata,Pouso Alegre,POU_L1,6,-0.0,false,lata
120,Skol_Lata,Pouso Alegre,POU_L1,7,-0.0,false,lata
120,Skol_Lata,Pouso Alegre,POU_L1,8,-0.0,false,lata
120,Skol_Lata,Pouso Alegre,POU_L1,9,-0.0,false,lata
120,Skol_Lata,Pouso Alegre,POU_L1,10,-0.0,false,lata
120,Skol_Lata,Pouso Alegre,POU_L1,11,-0.0,false,lata
120,Skol_Lata,Pouso Alegre,POU_L1,12,-0.0,false,lata
120,Skol_Lata,Pouso Alegre,POU_L1,13,-0.0,false,lata
120,Skol_Lata,Pouso Alegre,POU_L1,14,-0.0,false,lata
120,Skol_Lata,Pouso Alegre,POU_L1,15,-999999.1851813504,false,lata
120,Skol_Lata,Pouso Alegre,POU_L2,1,-0.0,false,lata
120,Skol_Lata,Pouso Alegre,POU_L2,2,-999999.0758977002,false,lata
120,Skol_Lata,Pouso Alegre,POU_L2,3,-0.0,false,lata
120,Skol_Lata,Pouso Alegre,POU_L2,4,-0.0,false,lata
120,Skol_Lata,Pouso Alegre,POU_L2,5,-0.0,false,lata
120,Skol_Lata,Pouso Alegre,POU_L2,6,-0.0,false,lata
120,Skol_Lata,Pouso Alegre,POU_L2,7,-0.0,false,lata
120,Skol_Lata,Pouso Alegre,POU_L2,8,-0.0,false,lata
120,Skol_Lata,Pouso Alegre,POU_L2,9,-0.0,false,lata
120,Skol_Lata,Pouso Alegre,POU_L2,10,-0.0,false,lata
120,Skol_Lata,Pouso Alegre,POU_L2,11,-0.0,false,lata
120,Skol_Lata,Pouso Alegre,POU_L2,12,-0.0,false,lata
120,Skol_Lata,Pouso Alegre,POU_L2,13,-0.0,false,lata
120,Skol_Lata,Pouso Alegre,POU_L2,14,-0.0,false,lata
120,Skol_Lata,Pouso Alegre,POU_L2,15,-0.0,false,lata
120,Skol_Lata,Pouso Alegre,POU_L3,1,-0.0,false,lata
120,Skol_Lata,Pouso Alegre,POU_L3,2,-0.0,false,lata
120,Skol_Lata,Pouso Alegre,POU_L3,3,-0.0,false,lata
120,Skol_Lata,Pouso Alegre,POU_L3,4,-0.0,false,lata
120,Skol_Lata,Pouso Alegre,POU_L3,5,-0.0,false,lata
120,Skol_Lata,Pouso Alegre,POU_L3,6,-0.0,false,lata
120,Skol_Lata,Pouso Alegre,POU_L3,7,-0.0,false,lata
120,Skol_Lata,Pouso Alegre,POU_L3,8,-0.0,false,lata
120,Skol_Lata,Pouso Alegre,POU_L3,9,-0.0,false,lata
120,Skol_Lata,Pouso Alegre,POU_L3,10,-0.0,false,lata
120,Skol_Lata,Pouso Alegre,POU_L3,11,-0.0,false,lata
120,Skol_Lata,Pouso Alegre,POU_L3,12,-0.0,false,lata
120,Skol_Lata,Pouso Alegre,POU_L3,13,-0.0,false,lata
120,Skol_Lata,Pouso Alegre,POU_L3,14,-0.0,false,lata
120,Skol_Lata,Pouso Alegre,POU_L3,15,-0.0,false,lata
120,Skol_Lata,Gama,GAM_L1,1,-0.0,false,lata
120,Skol_Lata,Gama,GAM_L1,2,-0.0,false,lata
120,Skol_Lata,Gama,GAM_L1,3,-0.0,false,lata
120,Skol_Lata,Gama,GAM_L1,4,-0.0,false,lata
120,Skol_Lata,Gama,GAM_L1,5,-0.0,false,lata
120,Skol_Lata,Gama,GAM_L1,6,-0.0,false,lata
120,Skol_Lata,Gama,GAM_L1,7,-0.0,false,lata
120,Skol_Lata,Gama,GAM_L1,8,-0.0,false,lata
120,Skol_Lata,Gama,GAM_L1,9,-0.0,false,lata
120,Skol_Lata,Gama,GAM_L1,10,-0.0,false,lata
120,Skol_Lata,Gama,GAM_L1,11,-0.0,false,lata
120,Skol_Lata,Gama,GAM_L1,12,-0.0,false,lata
120,Skol_Lata,Gama,GAM_L1,13,-0.0,false,lata
120,Skol_Lata,Gama,GAM_L1,14,-0.0,false,lata
120,Skol_Lata,Gama,GAM_L1,15,-0.0,false,lata
120,Skol_Lata,Gama,GAM_L2,1,-0.0,false,lata
120,Skol_Lata,Gama,GAM_L2,2,-0.0,false,lata
120,Skol_Lata,Gama,GAM_L2,3,-0.0,false,lata
120,Skol_Lata,Gama,GAM_L2,4,-0.0,false,lata
120,Skol_Lata,Gama,GAM_L2,5,-0.0,false,lata
120,Skol_Lata,Gama,GAM_L2,6,-999999.3532550997,false,lata
120,Skol_Lata,Gama,GAM_L2,7,-0.0,false,lata
120,Skol_Lata,Gama,GAM_L2,8,-0.0,false,lata
120,Skol_Lata,Gama,GAM_L2,9,-0.0,false,lata
120,Skol_Lata,Gama,GAM_L2,10,-0.0,false,lata
120,Skol_Lata,Gama,GAM_L2,11,-0.0,false,lata
120,Skol_Lata,Gama,GAM_L2,12,-0.0,false,lata
120,Skol_Lata,Gama,GAM_L2,13,-0.0,false,lata
120,Skol_Lata,Gama,GAM_L2,14,-0.0,false,lata
120,Skol_Lata,Gama,GAM_L2,15,-0.0,false,lata
120,Skol_Lata,Gama,GAM_L3,1,-0.0,false,lata
120,Skol_Lata,Gama,GAM_L3,2,-0.0,false,lata
120,Skol_Lata,Gama,GAM_L3,3,-999999.3663478998,false,lata
120,Skol_Lata,Gama,GAM_L3,4,-0.0,false,lata
120,Skol_Lata,Gama,GAM_L3,5,-0.0,false,lata
120,Skol_Lata,Gama,GAM_L3,6,-0.0,false,lata
120,Skol_Lata,Gama,GAM_L3,7,-0.0,false,lata
120,Skol_Lata,Gama,GAM_L3,8,-0.0,false,lata
120,Skol_Lata,Gama,GAM_L3,9,-0.0,false,lata
120,Skol_Lata,Gama,GAM_L3,10,-0.0,false,lata
120,Skol_Lata,Gama,GAM_L3,11,-0.0,false,lata
120,Skol_Lata,Gama,GAM_L3,12,-999999.8603317001,false,lata
120,Skol_Lata,Gama,GAM_L3,13,-0.0,false,lata
120,Skol_Lata,Gama,GAM_L3,14,-0.0,false,lata
120,Skol_Lata,Gama,GAM_L3,15,-999999.1876141004,false,lata
120,Skol_Lata,Viamao,VIA_L1,1,-0.0,false,lata
120,Skol_Lata,Viamao,VIA_L1,2,-0.0,false,lata
120,Skol_Lata,Viamao,VIA_L1,3,-0.0,false,lata
120,Skol_Lata,Viamao,VIA_L1,4,-0.0,false,lata
120,Skol_Lata,Viamao,VIA_L1,5,-0.0,false,lata
120,Skol_Lata,Viamao,VIA_L1,6,-0.0,false,lata
120,Skol_Lata,Viamao,VIA_L1,7,-0.0,false,lata
120,Skol_Lata,Viamao,VIA_L1,8,-999999.1861647991,false,lata
120,Skol_Lata,Viamao,VIA_L1,9,-0.0,false,lata
120,Skol_Lata,Viamao,VIA_L1,10,-0.0,false,lata
120,Skol_Lata,Viamao,VIA_L1,11,-0.0,false,lata
120,Skol_Lata,Viamao,VIA_L1,12,-0.0,false,lata
120,Skol_Lata,Viamao,VIA_L1,13,-0.0,false,lata
120,Skol_Lata,Viamao,VIA_L1,14,-0.0,false,lata
120,Skol_Lata,Viamao,VIA_L1,15,-0.0,false,lata
120,Skol_Lata,Viamao,VIA_L2,1,-0.0,false,lata
120,Skol_Lata,Viamao,VIA_L2,2,-0.0,false,lata
120,Skol_Lata,Viamao,VIA_L2,3,-0.0,false,lata
120,Skol_Lata,Viamao,VIA_L2,4,-0.0,false,lata
120,Skol_Lata,Viamao,VIA_L2,5,-0.0,false,lata
120,Skol_Lata,Viamao,VIA_L2,6,-0.0,false,lata
120,Skol_Lata,Viamao,VIA_L2,7,-0.0,false,lata
120,Skol_Lata,Viamao,VIA_L2,8,-0.0,false,lata
120,Skol_Lata,Viamao,VIA_L2,9,-0.0,false,lata
120,Skol_Lata,Viamao,VIA_L2,10,-0.0,false,lata
120,Skol_Lata,Viamao,VIA_L2,11,-0.0,false,lata
120,Skol_Lata,Viamao,VIA_L2,12,-0.0,false,lata
120,Skol_Lata,Viamao,VIA_L2,13,-0.0,false,lata
120,Skol_Lata,Viamao,VIA_L2,14,-0.0,false,lata
120,Skol_Lata,Viamao,VIA_L2,15,-0.0,false,lata
120,Skol_Lata,Viamao,VIA_L3,1,-0.0,false,lata
120,Skol_Lata,Viamao,VIA_L3,2,-0.0,false,lata
120,Skol_Lata,Viamao,VIA_L3,3,-0.0,false,lata
120,Skol_Lata,Viamao,VIA_L3,4,-0.0,false,lata
120,Skol_Lata,Viamao,VIA_L3,5,-0.0,false,lata
120,Skol_Lata,Viamao,VIA_L3,6,-0.0,false,lata
120,Skol_Lata,Viamao,VIA_L3,7,-0.0,false,lata
120,Skol_Lata,Viamao,VIA_L3,8,-0.0,false,lata
120,Skol_Lata,Viamao,VIA_L3,9,-0.0,false,lata
120,Skol_Lata,Viamao,VIA_L3,10,-0.0,false,lata
120,Skol_Lata,Viamao,VIA_L3,11,-999999.58470785,false,lata
120,Skol_Lata,Viamao,VIA_L3,12,-999999.8895301501,false,lata
120,Skol_Lata,Viamao,VIA_L3,13,-0.0,false,lata
120,Skol_Lata,Viamao,VIA_L3,14,-0.0,false,lata
120,Skol_Lata,Viamao,VIA_L3,15,-0.0,false,lata
120,Skol_Lata,Itupeva,ITU_L1,1,-0.0,false,lata
120,Skol_Lata,Itupeva,ITU_L1,2,-0.0,false,lata
120,Skol_Lata,Itupeva,ITU_L1,3,-0.0,false,lata
120,Skol_Lata,Itupeva,ITU_L1,4,-0.0,false,lata
120,Skol_Lata,Itupeva,ITU_L1,5,-0.0,false,lata
120,Skol_Lata,Itupeva,ITU_L1,6,-0.0,false,lata
120,Skol_Lata,Itupeva,ITU_L1,7,-0.0,false,lata
120,Skol_Lata,Itupeva,ITU_L1,8,-999999.1544312992,false,lata
120,Skol_Lata,Itupeva,ITU_L1,9,-0.0,false,lata
120,Skol_Lata,Itupeva,ITU_L1,10,-0.0,false,lata
120,Skol_Lata,Itupeva,ITU_L1,11,-0.0,false,lata
120,Skol_Lata,Itupeva,ITU_L1,12,-999999.8577966501,false,lata
120,Skol_Lata,Itupeva,ITU_L1,13,-0.0,false,lata
120,Skol_Lata,Itupeva,ITU_L1,14,-0.0,false,lata
120,Skol_Lata,Itupeva,ITU_L1,15,-0.0,false,lata
120,Skol_Lata,Itupeva,ITU_L2,1,-0.0,false,lata
120,Skol_Lata,Itupeva,ITU_L2,2,-0.0,false,lata
120,Skol_Lata,Itupeva,ITU_L2,3,-0.0,false,lata
120,Skol_Lata,Itupeva,ITU_L2,4,-0.0,false,lata
120,Skol_Lata,Itupeva,ITU_L2,5,-0.0,false,lata
120,Skol_Lata,Itupeva,ITU_L2,6,-999999.3507200498,false,lata
120,Skol_Lata,Itupeva,ITU_L2,7,-0.0,false,lata
120,Skol_Lata,Itupeva,ITU_L2,8,-0.0,false,lata
120,Skol_Lata,Itupeva,ITU_L2,9,-0.0,false,lata
120,Skol_Lata,Itupeva,ITU_L2,10,-0.0,false,lata
120,Skol_Lata,Itupeva,ITU_L2,11,-0.0,false,lata
120,Skol_Lata,Itupeva,ITU_L2,12,-0.0,false,lata
120,Skol_Lata,Itupeva,ITU_L2,13,-0.0,false,lata
120,Skol_Lata,Itupeva,ITU_L2,14,-0.0,false,lata
120,Skol_Lata,Itupeva,ITU_L2,15,-0.0,false,lata
120,Skol_Lata,Itupeva,ITU_L3,1,-0.0,false,lata
120,Skol_Lata,Itupeva,ITU_L3,2,-0.0,false,lata
120,Skol_Lata,Itupeva,ITU_L3,3,-999999.3638128499,false,lata
120,Skol_Lata,Itupeva,ITU_L3,4,-0.0,false,lata
120,Skol_Lata,Itupeva,ITU_L3,5,-0.0,false,lata
120,Skol_Lata,Itupeva,ITU_L3,6,-0.0,false,lata
120,Skol_Lata,Itupeva,ITU_L3,7,-0.0,false,lata
120,Skol_Lata,Itupeva,ITU_L3,8,-0.0,false,lata
120,Skol_Lata,Itupeva,ITU_L3,9,-0.0,false,lata
120,Skol_Lata,Itupeva,ITU_L3,10,-0.0,false,lata
120,Skol_Lata,Itupeva,ITU_L3,11,-0.0,false,lata
120,Skol_Lata,Itupeva,ITU_L3,12,-0.0,false,lata
120,Skol_Lata,Itupeva,ITU_L3,13,-0.0,false,lata
120,Skol_Lata,Itupeva,ITU_L3,14,-0.0,false,lata
120,Skol_Lata,Itupeva,ITU_L3,15,-0.0,false,lata
120,Skol_Lata,Cabo de Santo Agostinho,CAB_L1,1,-0.0,false,lata
120,Skol_Lata,Cabo de Santo Agostinho,CAB_L1,2,-0.0,false,lata
120,Skol_Lata,Cabo de Santo Agostinho,CAB_L1,3,-0.0,false,lata
120,Skol_Lata,Cabo de Santo Agostinho,CAB_L1,4,-0.0,false,lata
120,Skol_Lata,Cabo de Santo Agostinho,CAB_L1,5,-0.0,false,lata
120,Skol_Lata,Cabo de Santo Agostinho,CAB_L1,6,-0.0,false,lata
120,Skol_Lata,Cabo de Santo Agostinho,CAB_L1,7,-0.0,false,lata
120,Skol_Lata,Cabo de Santo Agostinho,CAB_L1,8,-0.0,false,lata
120,Skol_Lata,Cabo de Santo Agostinho,CAB_L1,9,-0.0,false,lata
120,Skol_Lata,Cabo de Santo Agostinho,CAB_L1,10,-0.0,false,lata
120,Skol_Lata,Cabo de Santo Agostinho,CAB_L1,11,-0.0,false,lata
120,Skol_Lata,Cabo de Santo Agostinho,CAB_L1,12,-0.0,false,lata
120,Skol_Lata,Cabo de Santo Agostinho,CAB_L1,13,-0.0,false,lata
120,Skol_Lata,Cabo de Santo Agostinho,CAB_L1,14,-0.0,false,lata
120,Skol_Lata,Cabo de Santo Agostinho,CAB_L1,15,-0.0,false,lata
120,Skol_Lata,Cabo de Santo Agostinho,CAB_L2,1,-0.0,false,lata
120,Skol_Lata,Cabo de Santo Agostinho,CAB_L2,2,-0.0,false,lata
120,Skol_Lata,Cabo de Santo Agostinho,CAB_L2,3,-0.0,false,lata
120,Skol_Lata,Cabo de Santo Agostinho,CAB_L2,4,-0.0,false,lata
120,Skol_Lata,Cabo de Santo Agostinho,CAB_L2,5,-0.0,false,lata
120,Skol_Lata,Cabo de Santo Agostinho,CAB_L2,6,-0.0,false,lata
120,Skol_Lata,Cabo de Santo Agostinho,CAB_L2,7,-0.0,false,lata
120,Skol_Lata,Cabo de Santo Agostinho,CAB_L2,8,-0.0,false,lata
120,Skol_Lata,Cabo de Santo Agostinho,CAB_L2,9,-0.0,false,lata
120,Skol_Lata,Cabo de Santo Agostinho,CAB_L2,10,-0.0,false,lata
120,Skol_Lata,Cabo de Santo Agostinho,CAB_L2,11,-0.0,false,lata
120,Skol_Lata,Cabo de Santo Agostinho,CAB_L2,12,-0.0,false,lata
120,Skol_Lata,Cabo de Santo Agostinho,CAB_L2,13,-0.0,false,lata
120,Skol_Lata,Cabo de Santo Agostinho,CAB_L2,14,-0.0,false,lata
120,Skol_Lata,Cabo de Santo Agostinho,CAB_L2,15,-0.0,false,lata
120,Skol_Lata,Cabo de Santo Agostinho,CAB_L3,1,-0.0,false,lata
120,Skol_Lata,Cabo de Santo Agostinho,CAB_L3,2,-0.0,false,lata
120,Skol_Lata,Cabo de Santo Agostinho,CAB_L3,3,-0.0,false,lata
120,Skol_Lata,Cabo de Santo Agostinho,CAB_L3,4,-0.0,false,lata
120,Skol_Lata,Cabo de Santo Agostinho,CAB_L3,5,-0.0,false,lata
120,Skol_Lata,Cabo de Santo Agostinho,CAB_L3,6,-0.0,false,lata
120,Skol_Lata,Cabo de Santo Agostinho,CAB_L3,7,-0.0,false,lata
120,Skol_Lata,Cabo de Santo Agostinho,CAB_L3,8,-0.0,false,lata
120,Skol_Lata,Cabo de Santo Agostinho,CAB_L3,9,-0.0,false,lata
120,Skol_Lata,Cabo de Santo Agostinho,CAB_L3,10,-0.0,false,lata
120,Skol_Lata,Cabo de Santo Agostinho,CAB_L3,11,-0.0,false,lata
120,Skol_Lata,Cabo de Santo Agostinho,CAB_L3,12,-0.0,false,lata
120,Skol_Lata,Cabo de Santo Agostinho,CAB_L3,13,-999999.2572584997,false,lata
120,Skol_Lata,Cabo de Santo Agostinho,CAB_L3,14,-0.0,false,lata
120,Skol_Lata,Cabo de Santo Agostinho,CAB_L3,15,-999999.2481575503,false,lata
120,Budweiser_Lata,Jacarei,JAC_L1,1,-0.0,false,lata
120,Budweiser_Lata,Jacarei,JAC_L1,2,-0.0,false,lata
120,Budweiser_Lata,Jacarei,JAC_L1,3,-0.0,false,lata
120,Budweiser_Lata,Jacarei,JAC_L1,4,-0.0,false,lata
120,Budweiser_Lata,Jacarei,JAC_L1,5,-0.0,false,lata
120,Budweiser_Lata,Jacarei,JAC_L1,6,-0.0,false,lata
120,Budweiser_Lata,Jacarei,JAC_L1,7,-0.0,false,lata
120,Budweiser_Lata,Jacarei,JAC_L1,8,-0.0,false,lata
120,Budweiser_Lata,Jacarei,JAC_L1,9,-0.0,false,lata
120,Budweiser_Lata,Jacarei,JAC_L1,10,-0.0,false,lata
120,Budweiser_Lata,Jacarei,JAC_L1,11,-0.0,false,lata
120,Budweiser_Lata,Jacarei,JAC_L1,12,-0.0,false,lata
120,Budweiser_Lata,Jacarei,JAC_L1,13,-0.0,false,lata
120,Budweiser_Lata,Jacarei,JAC_L1,14,-0.0,false,lata
120,Budweiser_Lata,Jacarei,JAC_L1,15,-0.0,false,lata
120,Budweiser_Lata,Jacarei,JAC_L2,1,-0.0,false,lata
120,Budweiser_Lata,Jacarei,JAC_L2,2,-0.0,false,lata
120,Budweiser_Lata,Jacarei,JAC_L2,3,-0.0,false,lata
120,Budweiser_Lata,Jacarei,JAC_L2,4,-0.0,false,lata
120,Budweiser_Lata,Jacarei,JAC_L2,5,-0.0,false,lata
120,Budweiser_Lata,Jacarei,JAC_L2,6,-0.0,false,lata
120,Budweiser_Lata,Jacarei,JAC_L2,7,-0.0,false,lata
120,Budweiser_Lata,Jacarei,JAC_L2,8,-0.0,false,lata
120,Budweiser_Lata,Jacarei,JAC_L2,9,-0.0,false,lata
120,Budweiser_Lata,Jacarei,JAC_L2,10,-0.0,false,lata
120,Budweiser_Lata,Jacarei,JAC_L2,11,-0.0,false,lata
120,Budweiser_Lata,Jacarei,JAC_L2,12,-0.0,false,lata
120,Budweiser_Lata,Jacarei,JAC_L2,13,-0.0,false,lata
120,Budweiser_Lata,Jacarei,JAC_L2,14,-0.0,false,lata
120,Budweiser_Lata,Jacarei,JAC_L2,15,-0.0,false,lata
120,Budweiser_Lata,Jacarei,JAC_L3,1,-0.0,false,lata
120,Budweiser_Lata,Jacarei,JAC_L3,2,-0.0,false,lata
120,Budweiser_Lata,Jacarei,JAC_L3,3,-0.0,false,lata
120,Budweiser_Lata,Jacarei,JAC_L3,4,-0.0,false,lata
120,Budweiser_Lata,Jacarei,JAC_L3,5,-0.0,false,lata
120,Budweiser_Lata,Jacarei,JAC_L3,6,-999999.0487924999,false,lata
120,Budweiser_Lata,Jacarei,JAC_L3,7,-0.0,false,lata
120,Budweiser_Lata,Jacarei,JAC_L3,8,-0.0,false,lata
120,Budweiser_Lata,Jacarei,JAC_L3,9,-0.0,false,lata
120,Budweiser_Lata,Jacarei,JAC_L3,10,-0.0,false,lata
120,Budweiser_Lata,Jacarei,JAC_L3,11,-999999.36799,false,lata
120,Budweiser_Lata,Jacarei,JAC_L3,12,-0.0,false,lata
120,Budweiser_Lata,Jacarei,JAC_L3,13,-0.0,false,lata
120,Budweiser_Lata,Jacarei,JAC_L3,14,-0.0,false,lata
120,Budweiser_Lata,Jacarei,JAC_L3,15,-0.0,false,lata
120,Budweiser_Lata,Extrema,EXT_L1,1,-0.0,false,lata
120,Budweiser_Lata,Extrema,EXT_L1,2,-0.0,false,lata
120,Budweiser_Lata,Extrema,EXT_L1,3,-0.0,false,lata
120,Budweiser_Lata,Extrema,EXT_L1,4,-0.0,false,lata
120,Budweiser_Lata,Extrema,EXT_L1,5,-0.0,false,lata
120,Budweiser_Lata,Extrema,EXT_L1,6,-0.0,false,lata
120,Budweiser_Lata,Extrema,EXT_L1,7,-0.0,false,lata
120,Budweiser_Lata,Extrema,EXT_L1,8,-0.0,false,lata
120,Budweiser_Lata,Extrema,EXT_L1,9,-0.0,false,lata
120,Budweiser_Lata,Extrema,EXT_L1,10,-0.0,false,lata
120,Budweiser_Lata,Extrema,EXT_L1,11,-0.0,false,lata
120,Budweiser_Lata,Extrema,EXT_L1,12,-0.0,false,lata
120,Budweiser_Lata,Extrema,EXT_L1,13,-0.0,false,lata
120,Budweiser_Lata,Extrema,EXT_L1,14,-0.0,false,lata
120,Budweiser_Lata,Extrema,EXT_L1,15,-0.0,false,lata
120,Budweiser_Lata,Extrema,EXT_L2,1,-0.0,false,lata
120,Budweiser_Lata,Extrema,EXT_L2,2,-0.0,false,lata
120,Budweiser_Lata,Extrema,EXT_L2,3,-0.0,false,lata
120,Budweiser_Lata,Extrema,EXT_L2,4,-0.0,false,lata
120,Budweiser_Lata,Extrema,EXT_L2,5,-0.0,false,lata
120,Budweiser_Lata,Extrema,EXT_L2,6,-0.0,false,lata
120,Budweiser_Lata,Extrema,EXT_L2,7,-0.0,false,lata
120,Budweiser_Lata,Extrema,EXT_L2,8,-999999.1453989999,false,lata
120,Budweiser_Lata,Extrema,EXT_L2,9,-0.0,false,lata
120,Budweiser_Lata,Extrema,EXT_L2,10,-0.0,false,lata
120,Budweiser_Lata,Extrema,EXT_L2,11,-0.0,false,lata
120,Budweiser_Lata,Extrema,EXT_L2,12,-0.0,false,lata
120,Budweiser_Lata,Extrema,EXT_L2,13,-0.0,false,lata
120,Budweiser_Lata,Extrema,EXT_L2,14,-0.0,false,lata
120,Budweiser_Lata,Extrema,EXT_L2,15,-0.0,false,lata
120,Budweiser_Lata,Extrema,EXT_L3,1,-0.0,false,lata
120,Budweiser_Lata,Extrema,EXT_L3,2,-0.0,false,lata
120,Budweiser_Lata,Extrema,EXT_L3,3,-0.0,false,lata
120,Budweiser_Lata,Extrema,EXT_L3,4,-0.0,false,lata
120,Budweiser_Lata,Extrema,EXT_L3,5,-0.0,false,lata
120,Budweiser_Lata,Extrema,EXT_L3,6,-0.0,false,lata
120,Budweiser_Lata,Extrema,EXT_L3,7,-0.0,false,lata
120,Budweiser_Lata,Extrema,EXT_L3,8,-0.0,false,lata
120,Budweiser_Lata,Extrema,EXT_L3,9,-999999.3557019996,false,lata
120,Budweiser_Lata,Extrema,EXT_L3,10,-999999.0845431999,false,lata
120,Budweiser_Lata,Extrema,EXT_L3,11,-0.0,false,lata
120,Budweiser_Lata,Extrema,EXT_L3,12,-0.0,false,lata
120,Budweiser_Lata,Extrema,EXT_L3,13,-0.0,false,lata
120,Budweiser_Lata,Extrema,EXT_L3,14,-0.0,false,lata
120,Budweiser_Lata,Extrema,EXT_L3,15,-0.0,false,lata
120,Budweiser_Lata,Tres Rios,TRE_L1,1,-0.0,false,lata
120,Budweiser_Lata,Tres Rios,TRE_L1,2,-999999.0509255998,false,lata
120,Budweiser_Lata,Tres Rios,TRE_L1,3,-0.0,false,lata
120,Budweiser_Lata,Tres Rios,TRE_L1,4,-0.0,false,lata
120,Budweiser_Lata,Tres Rios,TRE_L1,5,-0.0,false,lata
120,Budweiser_Lata,Tres Rios,TRE_L1,6,-0.0,false,lata
120,Budweiser_Lata,Tres Rios,TRE_L1,7,-0.0,false,lata
120,Budweiser_Lata,Tres Rios,TRE_L1,8,-0.0,false,lata
120,Budweiser_Lata,Tres Rios,TRE_L1,9,-0.0,false,lata
120,Budweiser_Lata,Tres Rios,TRE_L1,10,-0.0,false,lata
120,Budweiser_Lata,Tres Rios,TRE_L1,11,-0.0,false,lata
120,Budweiser_Lata,Tres Rios,TRE_L1,12,-0.0,false,lata
120,Budweiser_Lata,Tres Rios,TRE_L1,13,-0.0,false,lata
120,Budweiser_Lata,Tres Rios,TRE_L1,14,-999998.6679088502,false,lata
120,Budweiser_Lata,Tres Rios,TRE_L1,15,-0.0,false,lata
120,Budweiser_Lata,Tres Rios,TRE_L2,1,-0.0,false,lata
120,Budweiser_Lata,Tres Rios,TRE_L2,2,-0.0,false,lata
120,Budweiser_Lata,Tres Rios,TRE_L2,3,-0.0,false,lata
120,Budweiser_Lata,Tres Rios,TRE_L2,4,-0.0,false,lata
120,Budweiser_Lata,Tres Rios,TRE_L2,5,-0.0,false,lata
120,Budweiser_Lata,Tres Rios,TRE_L2,6,-0.0,false,lata
120,Budweiser_Lata,Tres Rios,TRE_L2,7,-0.0,false,lata
120,Budweiser_Lata,Tres Rios,TRE_L2,8,-0.0,false,lata
120,Budweiser_Lata,Tres Rios,TRE_L2,9,-0.0,false,lata
120,Budweiser_Lata,Tres Rios,TRE_L2,10,-0.0,false,lata
120,Budweiser_Lata,Tres Rios,TRE_L2,11,-0.0,false,lata
120,Budweiser_Lata,Tres Rios,TRE_L2,12,-0.0,false,lata
120,Budweiser_Lata,Tres Rios,TRE_L2,13,-0.0,false,lata
120,Budweiser_Lata,Tres Rios,TRE_L2,14,-0.0,false,lata
120,Budweiser_Lata,Tres Rios,TRE_L2,15,-0.0,false,lata
120,Budweiser_Lata,Tres Rios,TRE_L3,1,-0.0,false,lata
120,Budweiser_Lata,Tres Rios,TRE_L3,2,-0.0,false,lata
120,Budweiser_Lata,Tres Rios,TRE_L3,3,-0.0,false,lata
120,Budweiser_Lata,Tres Rios,TRE_L3,4,-0.0,false,lata
120,Budweiser_Lata,Tres Rios,TRE_L3,5,-0.0,false,lata
120,Budweiser_Lata,Tres Rios,TRE_L3,6,-0.0,false,lata
120,Budweiser_Lata,Tres Rios,TRE_L3,7,-0.0,false,lata
120,Budweiser_Lata,Tres Rios,TRE_L3,8,-0.0,false,lata
120,Budweiser_Lata,Tres Rios,TRE_L3,9,-0.0,false,lata
120,Budweiser_Lata,Tres Rios,TRE_L3,10,-0.0,false,lata
120,Budweiser_Lata,Tres Rios,TRE_L3,11,-0.0,false,lata
120,Budweiser_Lata,Tres Rios,TRE_L3,12,-0.0,false,lata
120,Budweiser_Lata,Tres Rios,TRE_L3,13,-0.0,false,lata
120,Budweiser_Lata,Tres Rios,TRE_L3,14,-0.0,false,lata
120,Budweiser_Lata,Tres Rios,TRE_L3,15,-0.0,false,lata
120,Budweiser_Lata,Alagoinhas,ALA_L1,1,-0.0,false,lata
120,Budweiser_Lata,Alagoinhas,ALA_L1,2,-0.0,false,lata
120,Budweiser_Lata,Alagoinhas,ALA_L1,3,-0.0,false,lata
120,Budweiser_Lata,Alagoinhas,ALA_L1,4,-0.0,false,lata
120,Budweiser_Lata,Alagoinhas,ALA_L1,5,-0.0,false,lata
120,Budweiser_Lata,Alagoinhas,ALA_L1,6,-0.0,false,lata
120,Budweiser_Lata,Alagoinhas,ALA_L1,7,-0.0,false,lata
120,Budweiser_Lata,Alagoinhas,ALA_L1,8,-0.0,false,lata
120,Budweiser_Lata,Alagoinhas,ALA_L1,9,-0.0,false,lata
120,Budweiser_Lata,Alagoinhas,ALA_L1,10,-0.0,false,lata
120,Budweiser_Lata,Alagoinhas,ALA_L1,11,-0.0,false,lata
120,Budweiser_Lata,Alagoinhas,ALA_L1,12,-0.0,false,lata
120,Budweiser_Lata,Alagoinhas,ALA_L1,13,-0.0,false,lata
120,Budweiser_Lata,Alagoinhas,ALA_L1,14,-0.0,false,lata
120,Budweiser_Lata,Alagoinhas,ALA_L1,15,-0.0,false,lata
120,Budweiser_Lata,Alagoinhas,ALA_L2,1,-0.0,false,lata
120,Budweiser_Lata,Alagoinhas,ALA_L2,2,-0.0,false,lata
120,Budweiser_Lata,Alagoinhas,ALA_L2,3,-0.0,false,lata
120,Budweiser_Lata,Alagoinhas,ALA_L2,4,-0.0,false,lata
120,Budweiser_Lata,Alagoinhas,ALA_L2,5,-0.0,false,lata
120,Budweiser_Lata,Alagoinhas,ALA_L2,6,-0.0,false,lata
120,Budweiser_Lata,Alagoinhas,ALA_L2,7,-0.0,false,lata
120,Budweiser_Lata,Alagoinhas,ALA_L2,8,-0.0,false,lata
120,Budweiser_Lata,Alagoinhas,ALA_L2,9,-0.0,false,lata
120,Budweiser_Lata,Alagoinhas,ALA_L2,10,-0.0,false,lata
120,Budweiser_Lata,Alagoinhas,ALA_L2,11,-0.0,false,lata
120,Budweiser_Lata,Alagoinhas,ALA_L2,12,-0.0,false,lata
120,Budweiser_Lata,Alagoinhas,ALA_L2,13,-0.0,false,lata
120,Budweiser_Lata,Alagoinhas,ALA_L2,14,-0.0,false,lata
120,Budweiser_Lata,Alagoinhas,ALA_L2,15,-0.0,false,lata
120,Budweiser_Lata,Alagoinhas,ALA_L3,1,-0.0,false,lata
120,Budweiser_Lata,Alagoinhas,ALA_L3,2,-0.0,false,lata
120,Budweiser_Lata,Alagoinhas,ALA_L3,3,-0.0,false,lata
120,Budweiser_Lata,Alagoinhas,ALA_L3,4,-0.0,false,lata
120,Budweiser_Lata,Alagoinhas,ALA_L3,5,-0.0,false,lata
120,Budweiser_Lata,Alagoinhas,ALA_L3,6,-0.0,false,lata
120,Budweiser_Lata,Alagoinhas,ALA_L3,7,-0.0,false,lata
120,Budweiser_Lata,Alagoinhas,ALA_L3,8,-0.0,false,lata
120,Budweiser_Lata,Alagoinhas,ALA_L3,9,-0.0,false,lata
120,Budweiser_Lata,Alagoinhas,ALA_L3,10,-0.0,false,lata
120,Budweiser_Lata,Alagoinhas,ALA_L3,11,-0.0,false,lata
120,Budweiser_Lata,Alagoinhas,ALA_L3,12,-0.0,false,lata
120,Budweiser_Lata,Alagoinhas,ALA_L3,13,-0.0,false,lata
120,Budweiser_Lata,Alagoinhas,ALA_L3,14,-0.0,false,lata
120,Budweiser_Lata,Alagoinhas,ALA_L3,15,-0.0,false,lata
120,Budweiser_Lata,Frutal,FRU_L1,1,-0.0,false,lata
120,Budweiser_Lata,Frutal,FRU_L1,2,-999999.0539418499,false,lata
120,Budweiser_Lata,Frutal,FRU_L1,3,-0.0,false,lata
120,Budweiser_Lata,Frutal,FRU_L1,4,-0.0,false,lata
120,Budweiser_Lata,Frutal,FRU_L1,5,-0.0,false,lata
120,Budweiser_Lata,Frutal,FRU_L1,6,-0.0,false,lata
120,Budweiser_Lata,Frutal,FRU_L1,7,-0.0,false,lata
120,Budweiser_Lata,Frutal,FRU_L1,8,-0.0,false,lata
120,Budweiser_Lata,Frutal,FRU_L1,9,-0.0,false,lata
120,Budweiser_Lata,Frutal,FRU_L1,10,-0.0,false,lata
120,Budweiser_Lata,Frutal,FRU_L1,11,-0.0,false,lata
120,Budweiser_Lata,Frutal,FRU_L1,12,-0.0,false,lata
120,Budweiser_Lata,Frutal,FRU_L1,13,-0.0,false,lata
120,Budweiser_Lata,Frutal,FRU_L1,14,-0.0,false,lata
120,Budweiser_Lata,Frutal,FRU_L1,15,-0.0,false,lata
120,Budweiser_Lata,Frutal,FRU_L2,1,-0.0,false,lata
120,Budweiser_Lata,Frutal,FRU_L2,2,-0.0,false,lata
120,Budweiser_Lata,Frutal,FRU_L2,3,-0.0,false,lata
120,Budweiser_Lata,Frutal,FRU_L2,4,-0.0,false,lata
120,Budweiser_Lata,Frutal,FRU_L2,5,-0.0,false,lata
120,Budweiser_Lata,Frutal,FRU_L2,6,-0.0,false,lata
120,Budweiser_Lata,Frutal,FRU_L2,7,-999998.8355433499,false,lata
120,Budweiser_Lata,Frutal,FRU_L2,8,-0.0,false,lata
120,Budweiser_Lata,Frutal,FRU_L2,9,-999999.3693118996,false,lata
120,Budweiser_Lata,Frutal,FRU_L2,10,-0.0,false,lata
120,Budweiser_Lata,Frutal,FRU_L2,11,-0.0,false,lata
120,Budweiser_Lata,Frutal,FRU_L2,12,-0.0,false,lata
120,Budweiser_Lata,Frutal,FRU_L2,13,-0.0,false,lata
120,Budweiser_Lata,Frutal,FRU_L2,14,-0.0,false,lata
120,Budweiser_Lata,Frutal,FRU_L2,15,-0.0,false,lata
120,Budweiser_Lata,Frutal,FRU_L3,1,-0.0,false,lata
120,Budweiser_Lata,Frutal,FRU_L3,2,-0.0,false,lata
120,Budweiser_Lata,Frutal,FRU_L3,3,-0.0,false,lata
120,Budweiser_Lata,Frutal,FRU_L3,4,-0.0,false,lata
120,Budweiser_Lata,Frutal,FRU_L3,5,-999998.7755737,false,lata
120,Budweiser_Lata,Frutal,FRU_L3,6,-0.0,false,lata
120,Budweiser_Lata,Frutal,FRU_L3,7,-0.0,false,lata
120,Budweiser_Lata,Frutal,FRU_L3,8,-0.0,false,lata
120,Budweiser_Lata,Frutal,FRU_L3,9,-0.0,false,lata
120,Budweiser_Lata,Frutal,FRU_L3,10,-0.0,false,lata
120,Budweiser_Lata,Frutal,FRU_L3,11,-0.0,false,lata
120,Budweiser_Lata,Frutal,FRU_L3,12,-0.0,false,lata
120,Budweiser_Lata,Frutal,FRU_L3,13,-0.0,false,lata
120,Budweiser_Lata,Frutal,FRU_L3,14,-0.0,false,lata
120,Budweiser_Lata,Frutal,FRU_L3,15,-0.0,false,lata
120,Budweiser_Lata,Pouso Alegre,POU_L1,1,-0.0,false,lata
120,Budweiser_Lata,Pouso Alegre,POU_L1,2,-0.0,false,lata
120,Budweiser_Lata,Pouso Alegre,POU_L1,3,-0.0,false,lata
120,Budweiser_Lata,Pouso Alegre,POU_L1,4,-0.0,false,lata
120,Budweiser_Lata,Pouso Alegre,POU_L1,5,-0.0,false,lata
120,Budweiser_Lata,Pouso Alegre,POU_L1,6,-0.0,false,lata
120,Budweiser_Lata,Pouso Alegre,POU_L1,7,-0.0,false,lata
120,Budweiser_Lata,Pouso Alegre,POU_L1,8,-999999.1483411499,false,lata
120,Budweiser_Lata,Pouso Alegre,POU_L1,9,-0.0,false,lata
120,Budweiser_Lata,Pouso Alegre,POU_L1,10,-0.0,false,lata
120,Budweiser_Lata,Pouso Alegre,POU_L1,11,-0.0,false,lata
120,Budweiser_Lata,Pouso Alegre,POU_L1,12,-0.0,false,lata
120,Budweiser_Lata,Pouso Alegre,POU_L1,13,-0.0,false,lata
120,Budweiser_Lata,Pouso Alegre,POU_L1,14,-0.0,false,lata
120,Budweiser_Lata,Pouso Alegre,POU_L1,15,-0.0,false,lata
120,Budweiser_Lata,Pouso Alegre,POU_L2,1,-0.0,false,lata
120,Budweiser_Lata,Pouso Alegre,POU_L2,2,-0.0,false,lata
120,Budweiser_Lata,Pouso Alegre,POU_L2,3,-0.0,false,lata
120,Budweiser_Lata,Pouso Alegre,POU_L2,4,-0.0,false,lata
120,Budweiser_Lata,Pouso Alegre,POU_L2,5,-0.0,false,lata
120,Budweiser_Lata,Pouso Alegre,POU_L2,6,-0.0,false,lata
120,Budweiser_Lata,Pouso Alegre,POU_L2,7,-0.0,false,lata
120,Budweiser_Lata,Pouso Alegre,POU_L2,8,-0.0,false,lata
120,Budweiser_Lata,Pouso Alegre,POU_L2,9,-0.0,false,lata
120,Budweiser_Lata,Pouso Alegre,POU_L2,10,-0.0,false,lata
120,Budweiser_Lata,Pouso Alegre,POU_L2,11,-0.0,false,lata
120,Budweiser_Lata,Pouso Alegre,POU_L2,12,-0.0,false,lata
120,Budweiser_Lata,Pouso Alegre,POU_L2,13,-0.0,false,lata
120,Budweiser_Lata,Pouso Alegre,POU_L2,14,-0.0,false,lata
120,Budweiser_Lata,Pouso Alegre,POU_L2,15,-0.0,false,lata
120,Budweiser_Lata,Pouso Alegre,POU_L3,1,-0.0,false,lata
120,Budweiser_Lata,Pouso Alegre,POU_L3,2,-0.0,false,lata
120,Budweiser_Lata,Pouso Alegre,POU_L3,3,-0.0,false,lata
120,Budweiser_Lata,Pouso Alegre,POU_L3,4,-0.0,false,lata
120,Budweiser_Lata,Pouso Alegre,POU_L3,5,-0.0,false,lata
120,Budweiser_Lata,Pouso Alegre,POU_L3,6,-0.0,false,lata
120,Budweiser_Lata,Pouso Alegre,POU_L3,7,-999998.8252731998,false,lata
120,Budweiser_Lata,Pouso Alegre,POU_L3,8,-0.0,false,lata
120,Budweiser_Lata,Pouso Alegre,POU_L3,9,-0.0,false,lata
120,Budweiser_Lata,Pouso Alegre,POU_L3,10,-0.0,false,lata
120,Budweiser_Lata,Pouso Alegre,POU_L3,11,-0.0,false,lata
120,Budweiser_Lata,Pouso Alegre,POU_L3,12,-0.0,false,lata
120,Budweiser_Lata,Pouso Alegre,POU_L3,13,-999999.0969637498,false,lata
120,Budweiser_Lata,Pouso Alegre,POU_L3,14,-0.0,false,lata
120,Budweiser_Lata,Pouso Alegre,POU_L3,15,-0.0,false,lata
120,Budweiser_Lata,Gama,GAM_L1,1,-0.0,false,lata
120,Budweiser_Lata,Gama,GAM_L1,2,-0.0,false,lata
120,Budweiser_Lata,Gama,GAM_L1,3,-0.0,false,lata
120,Budweiser_Lata,Gama,GAM_L1,4,-0.0,false,lata
120,Budweiser_Lata,Gama,GAM_L1,5,-0.0,false,lata
120,Budweiser_Lata,Gama,GAM_L1,6,-0.0,false,lata
120,Budweiser_Lata,Gama,GAM_L1,7,-0.0,false,lata
120,Budweiser_Lata,Gama,GAM_L1,8,-0.0,false,lata
120,Budweiser_Lata,Gama,GAM_L1,9,-0.0,false,lata
120,Budweiser_Lata,Gama,GAM_L1,10,-0.0,false,lata
120,Budweiser_Lata,Gama,GAM_L1,11,-0.0,false,lata
120,Budweiser_Lata,Gama,GAM_L1,12,-0.0,false,lata
120,Budweiser_Lata,Gama,GAM_L1,13,-0.0,false,lata
120,Budweiser_Lata,Gama,GAM_L1,14,-0.0,false,lata
120,Budweiser_Lata,Gama,GAM_L1,15,-0.0,false,lata
120,Budweiser_Lata,Gama,GAM_L2,1,-0.0,false,lata
120,Budweiser_Lata,Gama,GAM_L2,2,-0.0,false,lata
120,Budweiser_Lata,Gama,GAM_L2,3,-0.0,false,lata
120,Budweiser_Lata,Gama,GAM_L2,4,-0.0,false,lata
120,Budweiser_Lata,Gama,GAM_L2,5,-0.0,false,lata
120,Budweiser_Lata,Gama,GAM_L2,6,-0.0,false,lata
120,Budweiser_Lata,Gama,GAM_L2,7,-0.0,false,lata
120,Budweiser_Lata,Gama,GAM_L2,8,-0.0,false,lata
120,Budweiser_Lata,Gama,GAM_L2,9,-999999.3887383996,false,lata
120,Budweiser_Lata,Gama,GAM_L2,10,-0.0,false,lata
120,Budweiser_Lata,Gama,GAM_L2,11,-0.0,false,lata
120,Budweiser_Lata,Gama,GAM_L2,12,-0.0,false,lata
120,Budweiser_Lata,Gama,GAM_L2,13,-0.0,false,lata
120,Budweiser_Lata,Gama,GAM_L2,14,-999998.6858083502,false,lata
120,Budweiser_Lata,Gama,GAM_L2,15,-0.0,false,lata
120,Budweiser_Lata,Gama,GAM_L3,1,-0.0,false,lata
120,Budweiser_Lata,Gama,GAM_L3,2,-999999.0733683498,false,lata
120,Budweiser_Lata,Gama,GAM_L3,3,-0.0,false,lata
120,Budweiser_Lata,Gama,GAM_L3,4,-0.0,false,lata
120,Budweiser_Lata,Gama,GAM_L3,5,-0.0,false,lata
120,Budweiser_Lata,Gama,GAM_L3,6,-0.0,false,lata
120,Budweiser_Lata,Gama,GAM_L3,7,-0.0,false,lata
120,Budweiser_Lata,Gama,GAM_L3,8,-0.0,false,lata
120,Budweiser_Lata,Gama,GAM_L3,9,-0.0,false,lata
120,Budweiser_Lata,Gama,GAM_L3,10,-0.0,false,lata
120,Budweiser_Lata,Gama,GAM_L3,11,-0.0,false,lata
120,Budweiser_Lata,Gama,GAM_L3,12,-0.0,false,lata
120,Budweiser_Lata,Gama,GAM_L3,13,-0.0,false,lata
120,Budweiser_Lata,Gama,GAM_L3,14,-0.0,false,lata
120,Budweiser_Lata,Gama,GAM_L3,15,-0.0,false,lata
120,Budweiser_Lata,Viamao,VIA_L1,1,-0.0,false,lata
120,Budweiser_Lata,Viamao,VIA_L1,2,-0.0,false,lata
120,Budweiser_Lata,Viamao,VIA_L1,3,-0.0,false,lata
120,Budweiser_Lata,Viamao,VIA_L1,4,-0.0,false,lata
120,Budweiser_Lata,Viamao,VIA_L1,5,-0.0,false,lata
120,Budweiser_Lata,Viamao,VIA_L1,6,-0.0,false,lata
120,Budweiser_Lata,Viamao,VIA_L1,7,-0.0,false,lata
120,Budweiser_Lata,Viamao,VIA_L1,8,-0.0,false,lata
120,Budweiser_Lata,Viamao,VIA_L1,9,-0.0,false,lata
120,Budweiser_Lata,Viamao,VIA_L1,10,-0.0,false,lata
120,Budweiser_Lata,Viamao,VIA_L1,11,-0.0,false,lata
120,Budweiser_Lata,Viamao,VIA_L1,12,-0.0,false,lata
120,Budweiser_Lata,Viamao,VIA_L1,13,-0.0,false,lata
120,Budweiser_Lata,Viamao,VIA_L1,14,-0.0,false,lata
120,Budweiser_Lata,Viamao,VIA_L1,15,-0.0,false,lata
120,Budweiser_Lata,Viamao,VIA_L2,1,-0.0,false,lata
120,Budweiser_Lata,Viamao,VIA_L2,2,-0.0,false,lata
120,Budweiser_Lata,Viamao,VIA_L2,3,-0.0,false,lata
120,Budweiser_Lata,Viamao,VIA_L2,4,-0.0,false,lata
120,Budweiser_Lata,Viamao,VIA_L2,5,-0.0,false,lata
120,Budweiser_Lata,Viamao,VIA_L2,6,-0.0,false,lata
120,Budweiser_Lata,Viamao,VIA_L2,7,-0.0,false,lata
120,Budweiser_Lata,Viamao,VIA_L2,8,-999999.1792681499,false,lata
120,Budweiser_Lata,Viamao,VIA_L2,9,-0.0,false,lata
120,Budweiser_Lata,Viamao,VIA_L2,10,-0.0,false,lata
120,Budweiser_Lata,Viamao,VIA_L2,11,-0.0,false,lata
120,Budweiser_Lata,Viamao,VIA_L2,12,-0.0,false,lata
120,Budweiser_Lata,Viamao,VIA_L2,13,-0.0,false,lata
120,Budweiser_Lata,Viamao,VIA_L2,14,-0.0,false,lata
120,Budweiser_Lata,Viamao,VIA_L2,15,-0.0,false,lata
120,Budweiser_Lata,Viamao,VIA_L3,1,-999998.8870058998,false,lata
120,Budweiser_Lata,Viamao,VIA_L3,2,-0.0,false,lata
120,Budweiser_Lata,Viamao,VIA_L3,3,-0.0,false,lata
120,Budweiser_Lata,Viamao,VIA_L3,4,-0.0,false,lata
120,Budweiser_Lata,Viamao,VIA_L3,5,-0.0,false,lata
120,Budweiser_Lata,Viamao,VIA_L3,6,-0.0,false,lata
120,Budweiser_Lata,Viamao,VIA_L3,7,-0.0,false,lata
120,Budweiser_Lata,Viamao,VIA_L3,8,-0.0,false,lata
120,Budweiser_Lata,Viamao,VIA_L3,9,-0.0,false,lata
120,Budweiser_Lata,Viamao,VIA_L3,10,-0.0,false,lata
120,Budweiser_Lata,Viamao,VIA_L3,11,-0.0,false,lata
120,Budweiser_Lata,Viamao,VIA_L3,12,-0.0,false,lata
120,Budweiser_Lata,Viamao,VIA_L3,13,-0.0,false,lata
120,Budweiser_Lata,Viamao,VIA_L3,14,-0.0,false,lata
120,Budweiser_Lata,Viamao,VIA_L3,15,-0.0,false,lata
120,Budweiser_Lata,Itupeva,ITU_L1,1,-0.0,false,lata
120,Budweiser_Lata,Itupeva,ITU_L1,2,-0.0,false,lata
120,Budweiser_Lata,Itupeva,ITU_L1,3,-0.0,false,lata
120,Budweiser_Lata,Itupeva,ITU_L1,4,-0.0,false,lata
120,Budweiser_Lata,Itupeva,ITU_L1,5,-0.0,false,lata
120,Budweiser_Lata,Itupeva,ITU_L1,6,-0.0,false,lata
120,Budweiser_Lata,Itupeva,ITU_L1,7,-0.0,false,lata
120,Budweiser_Lata,Itupeva,ITU_L1,8,-0.0,false,lata
120,Budweiser_Lata,Itupeva,ITU_L1,9,-0.0,false,lata
120,Budweiser_Lata,Itupeva,ITU_L1,10,-0.0,false,lata
120,Budweiser_Lata,Itupeva,ITU_L1,11,-999999.3663695,false,lata
120,Budweiser_Lata,Itupeva,ITU_L1,12,-0.0,false,lata
120,Budweiser_Lata,Itupeva,ITU_L1,13,-999999.0969983499,false,lata
120,Budweiser_Lata,Itupeva,ITU_L1,14,-0.0,false,lata
120,Budweiser_Lata,Itupeva,ITU_L1,15,-0.0,false,lata
120,Budweiser_Lata,Itupeva,ITU_L2,1,-0.0,false,lata
120,Budweiser_Lata,Itupeva,ITU_L2,2,-0.0,false,lata
120,Budweiser_Lata,Itupeva,ITU_L2,3,-0.0,false,lata
120,Budweiser_Lata,Itupeva,ITU_L2,4,-999998.7995157501,false,lata
120,Budweiser_Lata,Itupeva,ITU_L2,5,-0.0,false,lata
120,Budweiser_Lata,Itupeva,ITU_L2,6,-999999.05358715,false,lata
120,Budweiser_Lata,Itupeva,ITU_L2,7,-0.0,false,lata
120,Budweiser_Lata,Itupeva,ITU_L2,8,-0.0,false,lata
120,Budweiser_Lata,Itupeva,ITU_L2,9,-0.0,false,lata
120,Budweiser_Lata,Itupeva,ITU_L2,10,-999999.0815344498,false,lata
120,Budweiser_Lata,Itupeva,ITU_L2,11,-0.0,false,lata
120,Budweiser_Lata,Itupeva,ITU_L2,12,-0.0,false,lata
120,Budweiser_Lata,Itupeva,ITU_L2,13,-0.0,false,lata
120,Budweiser_Lata,Itupeva,ITU_L2,14,-0.0,false,lata
120,Budweiser_Lata,Itupeva,ITU_L2,15,-0.0,false,lata
120,Budweiser_Lata,Itupeva,ITU_L3,1,-0.0,false,lata
120,Budweiser_Lata,Itupeva,ITU_L3,2,-0.0,false,lata
120,Budweiser_Lata,Itupeva,ITU_L3,3,-0.0,false,lata
120,Budweiser_Lata,Itupeva,ITU_L3,4,-0.0,false,lata
120,Budweiser_Lata,Itupeva,ITU_L3,5,-0.0,false,lata
120,Budweiser_Lata,Itupeva,ITU_L3,6,-0.0,false,lata
120,Budweiser_Lata,Itupeva,ITU_L3,7,-0.0,false,lata
120,Budweiser_Lata,Itupeva,ITU_L3,8,-0.0,false,lata
120,Budweiser_Lata,Itupeva,ITU_L3,9,-0.0,false,lata
120,Budweiser_Lata,Itupeva,ITU_L3,10,-0.0,false,lata
120,Budweiser_Lata,Itupeva,ITU_L3,11,-0.0,false,lata
120,Budweiser_Lata,Itupeva,ITU_L3,12,-0.0,false,lata
120,Budweiser_Lata,Itupeva,ITU_L3,13,-0.0,false,lata
120,Budweiser_Lata,Itupeva,ITU_L3,14,-0.0,false,lata
120,Budweiser_Lata,Itupeva,ITU_L3,15,-0.0,false,lata
120,Budweiser_Lata,Cabo de Santo Agostinho,CAB_L1,1,-0.0,false,lata
120,Budweiser_Lata,Cabo de Santo Agostinho,CAB_L1,2,-0.0,false,lata
120,Budweiser_Lata,Cabo de Santo Agostinho,CAB_L1,3,-0.0,false,lata
120,Budweiser_Lata,Cabo de Santo Agostinho,CAB_L1,4,-0.0,false,lata
120,Budweiser_Lata,Cabo de Santo Agostinho,CAB_L1,5,-0.0,false,lata
120,Budweiser_Lata,Cabo de Santo Agostinho,CAB_L1,6,-0.0,false,lata
120,Budweiser_Lata,Cabo de Santo Agostinho,CAB_L1,7,-0.0,false,lata
120,Budweiser_Lata,Cabo de Santo Agostinho,CAB_L1,8,-999999.2002253998,false,lata
120,Budweiser_Lata,Cabo de Santo Agostinho,CAB_L1,9,-0.0,false,lata
120,Budweiser_Lata,Cabo de Santo Agostinho,CAB_L1,10,-0.0,false,lata
120,Budweiser_Lata,Cabo de Santo Agostinho,CAB_L1,11,-0.0,false,lata
120,Budweiser_Lata,Cabo de Santo Agostinho,CAB_L1,12,-0.0,false,lata
120,Budweiser_Lata,Cabo de Santo Agostinho,CAB_L1,13,-0.0,false,lata
120,Budweiser_Lata,Cabo de Santo Agostinho,CAB_L1,14,-0.0,false,lata
120,Budweiser_Lata,Cabo de Santo Agostinho,CAB_L1,15,-0.0,false,lata
120,Budweiser_Lata,Cabo de Santo Agostinho,CAB_L2,1,-0.0,false,lata
120,Budweiser_Lata,Cabo de Santo Agostinho,CAB_L2,2,-0.0,false,lata
120,Budweiser_Lata,Cabo de Santo Agostinho,CAB_L2,3,-999999.0527601498,false,lata
120,Budweiser_Lata,Cabo de Santo Agostinho,CAB_L2,4,-0.0,false,lata
120,Budweiser_Lata,Cabo de Santo Agostinho,CAB_L2,5,-0.0,false,lata
120,Budweiser_Lata,Cabo de Santo Agostinho,CAB_L2,6,-0.0,false,lata
120,Budweiser_Lata,Cabo de Santo Agostinho,CAB_L2,7,-0.0,false,lata
120,Budweiser_Lata,Cabo de Santo Agostinho,CAB_L2,8,-0.0,false,lata
120,Budweiser_Lata,Cabo de Santo Agostinho,CAB_L2,9,-0.0,false,lata
120,Budweiser_Lata,Cabo de Santo Agostinho,CAB_L2,10,-0.0,false,lata
120,Budweiser_Lata,Cabo de Santo Agostinho,CAB_L2,11,-0.0,false,lata
120,Budweiser_Lata,Cabo de Santo Agostinho,CAB_L2,12,-0.0,false,lata
120,Budweiser_Lata,Cabo de Santo Agostinho,CAB_L2,13,-0.0,false,lata
120,Budweiser_Lata,Cabo de Santo Agostinho,CAB_L2,14,-0.0,false,lata
120,Budweiser_Lata,Cabo de Santo Agostinho,CAB_L2,15,-999998.8601129501,false,lata
120,Budweiser_Lata,Cabo de Santo Agostinho,CAB_L3,1,-999998.9453275497,false,lata
120,Budweiser_Lata,Cabo de Santo Agostinho,CAB_L3,2,-0.0,false,lata
120,Budweiser_Lata,Cabo de Santo Agostinho,CAB_L3,3,-0.0,false,lata
120,Budweiser_Lata,Cabo de Santo Agostinho,CAB_L3,4,-0.0,false,lata
120,Budweiser_Lata,Cabo de Santo Agostinho,CAB_L3,5,-0.0,false,lata
120,Budweiser_Lata,Cabo de Santo Agostinho,CAB_L3,6,-0.0,false,lata
120,Budweiser_Lata,Cabo de Santo Agostinho,CAB_L3,7,-0.0,false,lata
120,Budweiser_Lata,Cabo de Santo Agostinho,CAB_L3,8,-0.0,false,lata
120,Budweiser_Lata,Cabo de Santo Agostinho,CAB_L3,9,-0.0,false,lata
120,Budweiser_Lata,Cabo de Santo Agostinho,CAB_L3,10,-0.0,false,lata
120,Budweiser_Lata,Cabo de Santo Agostinho,CAB_L3,11,-999999.4542284,false,lata
120,Budweiser_Lata,Cabo de Santo Agostinho,CAB_L3,12,-0.0,false,lata
120,Budweiser_Lata,Cabo de Santo Agostinho,CAB_L3,13,-0.0,false,lata
120,Budweiser_Lata,Cabo de Santo Agostinho,CAB_L3,14,-0.0,false,lata
120,Budweiser_Lata,Cabo de Santo Agostinho,CAB_L3,15,-0.0,false,lata
120,Heineken_Lata,Jacarei,JAC_L1,1,-0.0,false,lata
120,Heineken_Lata,Jacarei,JAC_L1,2,-0.0,false,lata
120,Heineken_Lata,Jacarei,JAC_L1,3,-0.0,false,lata
120,Heineken_Lata,Jacarei,JAC_L1,4,-0.0,false,lata
120,Heineken_Lata,Jacarei,JAC_L1,5,-0.0,false,lata
120,Heineken_Lata,Jacarei,JAC_L1,6,-0.0,false,lata
120,Heineken_Lata,Jacarei,JAC_L1,7,-0.0,false,lata
120,Heineken_Lata,Jacarei,JAC_L1,8,-0.0,false,lata
120,Heineken_Lata,Jacarei,JAC_L1,9,-0.0,false,lata
120,Heineken_Lata,Jacarei,JAC_L1,10,-0.0,false,lata
120,Heineken_Lata,Jacarei,JAC_L1,11,-0.0,false,lata
120,Heineken_Lata,Jacarei,JAC_L1,12,-0.0,false,lata
120,Heineken_Lata,Jacarei,JAC_L1,13,-0.0,false,lata
120,Heineken_Lata,Jacarei,JAC_L1,14,-0.0,false,lata
120,Heineken_Lata,Jacarei,JAC_L1,15,-0.0,false,lata
120,Heineken_Lata,Jacarei,JAC_L2,1,-0.0,false,lata
120,Heineken_Lata,Jacarei,JAC_L2,2,-0.0,false,lata
120,Heineken_Lata,Jacarei,JAC_L2,3,-0.0,false,lata
120,Heineken_Lata,Jacarei,JAC_L2,4,-0.0,false,lata
120,Heineken_Lata,Jacarei,JAC_L2,5,-0.0,false,lata
120,Heineken_Lata,Jacarei,JAC_L2,6,-0.0,false,lata
120,Heineken_Lata,Jacarei,JAC_L2,7,-0.0,false,lata
120,Heineken_Lata,Jacarei,JAC_L2,8,-0.0,false,lata
120,Heineken_Lata,Jacarei,JAC_L2,9,-0.0,false,lata
120,Heineken_Lata,Jacarei,JAC_L2,10,-0.0,false,lata
120,Heineken_Lata,Jacarei,JAC_L2,11,-0.0,false,lata
120,Heineken_Lata,Jacarei,JAC_L2,12,-0.0,false,lata
120,Heineken_Lata,Jacarei,JAC_L2,13,-0.0,false,lata
120,Heineken_Lata,Jacarei,JAC_L2,14,-0.0,false,lata
120,Heineken_Lata,Jacarei,JAC_L2,15,-0.0,false,lata
120,Heineken_Lata,Jacarei,JAC_L3,1,-0.0,false,lata
120,Heineken_Lata,Jacarei,JAC_L3,2,-0.0,false,lata
120,Heineken_Lata,Jacarei,JAC_L3,3,-0.0,false,lata
120,Heineken_Lata,Jacarei,JAC_L3,4,-0.0,false,lata
120,Heineken_Lata,Jacarei,JAC_L3,5,-0.0,false,lata
120,Heineken_Lata,Jacarei,JAC_L3,6,-0.0,false,lata
120,Heineken_Lata,Jacarei,JAC_L3,7,-0.0,false,lata
120,Heineken_Lata,Jacarei,JAC_L3,8,-0.0,false,lata
120,Heineken_Lata,Jacarei,JAC_L3,9,-1.0e6,true,lata
120,Heineken_Lata,Jacarei,JAC_L3,10,-0.0,false,lata
120,Heineken_Lata,Jacarei,JAC_L3,11,-0.0,false,lata
120,Heineken_Lata,Jacarei,JAC_L3,12,-0.0,false,lata
120,Heineken_Lata,Jacarei,JAC_L3,13,-0.0,false,lata
120,Heineken_Lata,Jacarei,JAC_L3,14,-0.0,false,lata
120,Heineken_Lata,Jacarei,JAC_L3,15,-0.0,false,lata
120,Heineken_Lata,Extrema,EXT_L1,1,-0.0,false,lata
120,Heineken_Lata,Extrema,EXT_L1,2,-0.0,false,lata
120,Heineken_Lata,Extrema,EXT_L1,3,-0.0,false,lata
120,Heineken_Lata,Extrema,EXT_L1,4,-0.0,false,lata
120,Heineken_Lata,Extrema,EXT_L1,5,-0.0,false,lata
120,Heineken_Lata,Extrema,EXT_L1,6,-0.0,false,lata
120,Heineken_Lata,Extrema,EXT_L1,7,-0.0,false,lata
120,Heineken_Lata,Extrema,EXT_L1,8,-0.0,false,lata
120,Heineken_Lata,Extrema,EXT_L1,9,-0.0,false,lata
120,Heineken_Lata,Extrema,EXT_L1,10,-0.0,false,lata
120,Heineken_Lata,Extrema,EXT_L1,11,-0.0,false,lata
120,Heineken_Lata,Extrema,EXT_L1,12,-0.0,false,lata
120,Heineken_Lata,Extrema,EXT_L1,13,-999999.9959532,false,lata
120,Heineken_Lata,Extrema,EXT_L1,14,-0.0,false,lata
120,Heineken_Lata,Extrema,EXT_L1,15,-0.0,false,lata
120,Heineken_Lata,Extrema,EXT_L2,1,-0.0,false,lata
120,Heineken_Lata,Extrema,EXT_L2,2,-0.0,false,lata
120,Heineken_Lata,Extrema,EXT_L2,3,-0.0,false,lata
120,Heineken_Lata,Extrema,EXT_L2,4,-0.0,false,lata
120,Heineken_Lata,Extrema,EXT_L2,5,-0.0,false,lata
120,Heineken_Lata,Extrema,EXT_L2,6,-0.0,false,lata
120,Heineken_Lata,Extrema,EXT_L2,7,-1.0e6,true,lata
120,Heineken_Lata,Extrema,EXT_L2,8,-0.0,false,lata
120,Heineken_Lata,Extrema,EXT_L2,9,-0.0,false,lata
120,Heineken_Lata,Extrema,EXT_L2,10,-0.0,false,lata
120,Heineken_Lata,Extrema,EXT_L2,11,-999999.7637802997,false,lata
120,Heineken_Lata,Extrema,EXT_L2,12,-0.0,false,lata
120,Heineken_Lata,Extrema,EXT_L2,13,-0.0,false,lata
120,Heineken_Lata,Extrema,EXT_L2,14,-0.0,false,lata
120,Heineken_Lata,Extrema,EXT_L2,15,-0.0,false,lata
120,Heineken_Lata,Extrema,EXT_L3,1,-0.0,false,lata
120,Heineken_Lata,Extrema,EXT_L3,2,-0.0,false,lata
120,Heineken_Lata,Extrema,EXT_L3,3,-0.0,false,lata
120,Heineken_Lata,Extrema,EXT_L3,4,-0.0,false,lata
120,Heineken_Lata,Extrema,EXT_L3,5,-0.0,false,lata
120,Heineken_Lata,Extrema,EXT_L3,6,-0.0,false,lata
120,Heineken_Lata,Extrema,EXT_L3,7,-0.0,false,lata
120,Heineken_Lata,Extrema,EXT_L3,8,-0.0,false,lata
120,Heineken_Lata,Extrema,EXT_L3,9,-0.0,false,lata
120,Heineken_Lata,Extrema,EXT_L3,10,-0.0,false,lata
120,Heineken_Lata,Extrema,EXT_L3,11,-0.0,false,lata
120,Heineken_Lata,Extrema,EXT_L3,12,-0.0,false,lata
120,Heineken_Lata,Extrema,EXT_L3,13,-0.0,false,lata
120,Heineken_Lata,Extrema,EXT_L3,14,-0.0,false,lata
120,Heineken_Lata,Extrema,EXT_L3,15,-999999.9157230002,false,lata
120,Heineken_Lata,Tres Rios,TRE_L1,1,-0.0,false,lata
120,Heineken_Lata,Tres Rios,TRE_L1,2,-0.0,false,lata
120,Heineken_Lata,Tres Rios,TRE_L1,3,-0.0,false,lata
120,Heineken_Lata,Tres Rios,TRE_L1,4,-0.0,false,lata
120,Heineken_Lata,Tres Rios,TRE_L1,5,-0.0,false,lata
120,Heineken_Lata,Tres Rios,TRE_L1,6,-0.0,false,lata
120,Heineken_Lata,Tres Rios,TRE_L1,7,-0.0,false,lata
120,Heineken_Lata,Tres Rios,TRE_L1,8,-0.0,false,lata
120,Heineken_Lata,Tres Rios,TRE_L1,9,-0.0,false,lata
120,Heineken_Lata,Tres Rios,TRE_L1,10,-0.0,false,lata
120,Heineken_Lata,Tres Rios,TRE_L1,11,-0.0,false,lata
120,Heineken_Lata,Tres Rios,TRE_L1,12,-0.0,false,lata
120,Heineken_Lata,Tres Rios,TRE_L1,13,-0.0,false,lata
120,Heineken_Lata,Tres Rios,TRE_L1,14,-0.0,false,lata
120,Heineken_Lata,Tres Rios,TRE_L1,15,-0.0,false,lata
120,Heineken_Lata,Tres Rios,TRE_L2,1,-0.0,false,lata
120,Heineken_Lata,Tres Rios,TRE_L2,2,-0.0,false,lata
120,Heineken_Lata,Tres Rios,TRE_L2,3,-0.0,false,lata
120,Heineken_Lata,Tres Rios,TRE_L2,4,-0.0,false,lata
120,Heineken_Lata,Tres Rios,TRE_L2,5,-0.0,false,lata
120,Heineken_Lata,Tres Rios,TRE_L2,6,-0.0,false,lata
120,Heineken_Lata,Tres Rios,TRE_L2,7,-0.0,false,lata
120,Heineken_Lata,Tres Rios,TRE_L2,8,-0.0,false,lata
120,Heineken_Lata,Tres Rios,TRE_L2,9,-0.0,false,lata
120,Heineken_Lata,Tres Rios,TRE_L2,10,-0.0,false,lata
120,Heineken_Lata,Tres Rios,TRE_L2,11,-0.0,false,lata
120,Heineken_Lata,Tres Rios,TRE_L2,12,-0.0,false,lata
120,Heineken_Lata,Tres Rios,TRE_L2,13,-0.0,false,lata
120,Heineken_Lata,Tres Rios,TRE_L2,14,-0.0,false,lata
120,Heineken_Lata,Tres Rios,TRE_L2,15,-0.0,false,lata
120,Heineken_Lata,Tres Rios,TRE_L3,1,-0.0,false,lata
120,Heineken_Lata,Tres Rios,TRE_L3,2,-0.0,false,lata
120,Heineken_Lata,Tres Rios,TRE_L3,3,-0.0,false,lata
120,Heineken_Lata,Tres Rios,TRE_L3,4,-0.0,false,lata
120,Heineken_Lata,Tres Rios,TRE_L3,5,-0.0,false,lata
120,Heineken_Lata,Tres Rios,TRE_L3,6,-0.0,false,lata
120,Heineken_Lata,Tres Rios,TRE_L3,7,-0.0,false,lata
120,Heineken_Lata,Tres Rios,TRE_L3,8,-0.0,false,lata
120,Heineken_Lata,Tres Rios,TRE_L3,9,-0.0,false,lata
120,Heineken_Lata,Tres Rios,TRE_L3,10,-0.0,false,lata
120,Heineken_Lata,Tres Rios,TRE_L3,11,-0.0,false,lata
120,Heineken_Lata,Tres Rios,TRE_L3,12,-0.0,false,lata
120,Heineken_Lata,Tres Rios,TRE_L3,13,-0.0,false,lata
120,Heineken_Lata,Tres Rios,TRE_L3,14,-0.0,false,lata
120,Heineken_Lata,Tres Rios,TRE_L3,15,-0.0,false,lata
120,Heineken_Lata,Alagoinhas,ALA_L1,1,-0.0,false,lata
120,Heineken_Lata,Alagoinhas,ALA_L1,2,-0.0,false,lata
120,Heineken_Lata,Alagoinhas,ALA_L1,3,-0.0,false,lata
120,Heineken_Lata,Alagoinhas,ALA_L1,4,-0.0,false,lata
120,Heineken_Lata,Alagoinhas,ALA_L1,5,-0.0,false,lata
120,Heineken_Lata,Alagoinhas,ALA_L1,6,-0.0,false,lata
120,Heineken_Lata,Alagoinhas,ALA_L1,7,-0.0,false,lata
120,Heineken_Lata,Alagoinhas,ALA_L1,8,-0.0,false,lata
120,Heineken_Lata,Alagoinhas,ALA_L1,9,-0.0,false,lata
120,Heineken_Lata,Alagoinhas,ALA_L1,10,-0.0,false,lata
120,Heineken_Lata,Alagoinhas,ALA_L1,11,-0.0,false,lata
120,Heineken_Lata,Alagoinhas,ALA_L1,12,-0.0,false,lata
120,Heineken_Lata,Alagoinhas,ALA_L1,13,-999999.9823282001,false,lata
120,Heineken_Lata,Alagoinhas,ALA_L1,14,-0.0,false,lata
120,Heineken_Lata,Alagoinhas,ALA_L1,15,-0.0,false,lata
120,Heineken_Lata,Alagoinhas,ALA_L2,1,-0.0,false,lata
120,Heineken_Lata,Alagoinhas,ALA_L2,2,-0.0,false,lata
120,Heineken_Lata,Alagoinhas,ALA_L2,3,-0.0,false,lata
120,Heineken_Lata,Alagoinhas,ALA_L2,4,-0.0,false,lata
120,Heineken_Lata,Alagoinhas,ALA_L2,5,-0.0,false,lata
120,Heineken_Lata,Alagoinhas,ALA_L2,6,-0.0,false,lata
120,Heineken_Lata,Alagoinhas,ALA_L2,7,-0.0,false,lata
120,Heineken_Lata,Alagoinhas,ALA_L2,8,-0.0,false,lata
120,Heineken_Lata,Alagoinhas,ALA_L2,9,-0.0,false,lata
120,Heineken_Lata,Alagoinhas,ALA_L2,10,-0.0,false,lata
120,Heineken_Lata,Alagoinhas,ALA_L2,11,-0.0,false,lata
120,Heineken_Lata,Alagoinhas,ALA_L2,12,-1.0e6,true,lata
120,Heineken_Lata,Alagoinhas,ALA_L2,13,-0.0,false,lata
120,Heineken_Lata,Alagoinhas,ALA_L2,14,-0.0,false,lata
120,Heineken_Lata,Alagoinhas,ALA_L2,15,-0.0,false,lata
120,Heineken_Lata,Alagoinhas,ALA_L3,1,-0.0,false,lata
120,Heineken_Lata,Alagoinhas,ALA_L3,2,-0.0,false,lata
120,Heineken_Lata,Alagoinhas,ALA_L3,3,-0.0,false,lata
120,Heineken_Lata,Alagoinhas,ALA_L3,4,-0.0,false,lata
120,Heineken_Lata,Alagoinhas,ALA_L3,5,-0.0,false,lata
120,Heineken_Lata,Alagoinhas,ALA_L3,6,-0.0,false,lata
120,Heineken_Lata,Alagoinhas,ALA_L3,7,-0.0,false,lata
120,Heineken_Lata,Alagoinhas,ALA_L3,8,-1.0e6,true,lata
120,Heineken_Lata,Alagoinhas,ALA_L3,9,-0.0,false,lata
120,Heineken_Lata,Alagoinhas,ALA_L3,10,-0.0,false,lata
120,Heineken_Lata,Alagoinhas,ALA_L3,11,-0.0,false,lata
120,Heineken_Lata,Alagoinhas,ALA_L3,12,-0.0,false,lata
120,Heineken_Lata,Alagoinhas,ALA_L3,13,-0.0,false,lata
120,Heineken_Lata,Alagoinhas,ALA_L3,14,-999999.9272344504,false,lata
120,Heineken_Lata,Alagoinhas,ALA_L3,15,-0.0,false,lata
120,Heineken_Lata,Frutal,FRU_L1,1,-0.0,false,lata
120,Heineken_Lata,Frutal,FRU_L1,2,-0.0,false,lata
120,Heineken_Lata,Frutal,FRU_L1,3,-0.0,false,lata
120,Heineken_Lata,Frutal,FRU_L1,4,-999999.9474981001,false,lata
120,Heineken_Lata,Frutal,FRU_L1,5,-0.0,false,lata
120,Heineken_Lata,Frutal,FRU_L1,6,-0.0,false,lata
120,Heineken_Lata,Frutal,FRU_L1,7,-0.0,false,lata
120,Heineken_Lata,Frutal,FRU_L1,8,-0.0,false,lata
120,Heineken_Lata,Frutal,FRU_L1,9,-0.0,false,lata
120,Heineken_Lata,Frutal,FRU_L1,10,-0.0,false,lata
120,Heineken_Lata,Frutal,FRU_L1,11,-0.0,false,lata
120,Heineken_Lata,Frutal,FRU_L1,12,-0.0,false,lata
120,Heineken_Lata,Frutal,FRU_L1,13,-0.0,false,lata
120,Heineken_Lata,Frutal,FRU_L1,14,-0.0,false,lata
120,Heineken_Lata,Frutal,FRU_L1,15,-0.0,false,lata
120,Heineken_Lata,Frutal,FRU_L2,1,-0.0,false,lata
120,Heineken_Lata,Frutal,FRU_L2,2,-0.0,false,lata
120,Heineken_Lata,Frutal,FRU_L2,3,-0.0,false,lata
120,Heineken_Lata,Frutal,FRU_L2,4,-999999.9474981001,false,lata
120,Heineken_Lata,Frutal,FRU_L2,5,-0.0,false,lata
120,Heineken_Lata,Frutal,FRU_L2,6,-0.0,false,lata
120,Heineken_Lata,Frutal,FRU_L2,7,-1.0e6,true,lata
120,Heineken_Lata,Frutal,FRU_L2,8,-0.0,false,lata
120,Heineken_Lata,Frutal,FRU_L2,9,-999999.9978106001,false,lata
120,Heineken_Lata,Frutal,FRU_L2,10,-0.0,false,lata
120,Heineken_Lata,Frutal,FRU_L2,11,-0.0,false,lata
120,Heineken_Lata,Frutal,FRU_L2,12,-0.0,false,lata
120,Heineken_Lata,Frutal,FRU_L2,13,-0.0,false,lata
120,Heineken_Lata,Frutal,FRU_L2,14,-0.0,false,lata
120,Heineken_Lata,Frutal,FRU_L2,15,-0.0,false,lata
120,Heineken_Lata,Frutal,FRU_L3,1,-0.0,false,lata
120,Heineken_Lata,Frutal,FRU_L3,2,-0.0,false,lata
120,Heineken_Lata,Frutal,FRU_L3,3,-0.0,false,lata
120,Heineken_Lata,Frutal,FRU_L3,4,-0.0,false,lata
120,Heineken_Lata,Frutal,FRU_L3,5,-0.0,false,lata
120,Heineken_Lata,Frutal,FRU_L3,6,-0.0,false,lata
120,Heineken_Lata,Frutal,FRU_L3,7,-0.0,false,lata
120,Heineken_Lata,Frutal,FRU_L3,8,-0.0,false,lata
120,Heineken_Lata,Frutal,FRU_L3,9,-0.0,false,lata
120,Heineken_Lata,Frutal,FRU_L3,10,-0.0,false,lata
120,Heineken_Lata,Frutal,FRU_L3,11,-0.0,false,lata
120,Heineken_Lata,Frutal,FRU_L3,12,-0.0,false,lata
120,Heineken_Lata,Frutal,FRU_L3,13,-0.0,false,lata
120,Heineken_Lata,Frutal,FRU_L3,14,-0.0,false,lata
120,Heineken_Lata,Frutal,FRU_L3,15,-0.0,false,lata
120,Heineken_Lata,Pouso Alegre,POU_L1,1,-1.0e6,true,lata
120,Heineken_Lata,Pouso Alegre,POU_L1,2,-0.0,false,lata
120,Heineken_Lata,Pouso Alegre,POU_L1,3,-0.0,false,lata
120,Heineken_Lata,Pouso Alegre,POU_L1,4,-0.0,false,lata
120,Heineken_Lata,Pouso Alegre,POU_L1,5,-0.0,false,lata
120,Heineken_Lata,Pouso Alegre,POU_L1,6,-0.0,false,lata
120,Heineken_Lata,Pouso Alegre,POU_L1,7,-0.0,false,lata
120,Heineken_Lata,Pouso Alegre,POU_L1,8,-0.0,false,lata
120,Heineken_Lata,Pouso Alegre,POU_L1,9,-0.0,false,lata
120,Heineken_Lata,Pouso Alegre,POU_L1,10,-0.0,false,lata
120,Heineken_Lata,Pouso Alegre,POU_L1,11,-0.0,false,lata
120,Heineken_Lata,Pouso Alegre,POU_L1,12,-0.0,false,lata
120,Heineken_Lata,Pouso Alegre,POU_L1,13,-0.0,false,lata
120,Heineken_Lata,Pouso Alegre,POU_L1,14,-999999.8686778503,false,lata
120,Heineken_Lata,Pouso Alegre,POU_L1,15,-0.0,false,lata
120,Heineken_Lata,Pouso Alegre,POU_L2,1,-0.0,false,lata
120,Heineken_Lata,Pouso Alegre,POU_L2,2,-0.0,false,lata
120,Heineken_Lata,Pouso Alegre,POU_L2,3,-0.0,false,lata
120,Heineken_Lata,Pouso Alegre,POU_L2,4,-0.0,false,lata
120,Heineken_Lata,Pouso Alegre,POU_L2,5,-0.0,false,lata
120,Heineken_Lata,Pouso Alegre,POU_L2,6,-0.0,false,lata
120,Heineken_Lata,Pouso Alegre,POU_L2,7,-0.0,false,lata
120,Heineken_Lata,Pouso Alegre,POU_L2,8,-0.0,false,lata
120,Heineken_Lata,Pouso Alegre,POU_L2,9,-0.0,false,lata
120,Heineken_Lata,Pouso Alegre,POU_L2,10,-0.0,false,lata
120,Heineken_Lata,Pouso Alegre,POU_L2,11,-0.0,false,lata
120,Heineken_Lata,Pouso Alegre,POU_L2,12,-0.0,false,lata
120,Heineken_Lata,Pouso Alegre,POU_L2,13,-0.0,false,lata
120,Heineken_Lata,Pouso Alegre,POU_L2,14,-0.0,false,lata
120,Heineken_Lata,Pouso Alegre,POU_L2,15,-0.0,false,lata
120,Heineken_Lata,Pouso Alegre,POU_L3,1,-0.0,false,lata
120,Heineken_Lata,Pouso Alegre,POU_L3,2,-0.0,false,lata
120,Heineken_Lata,Pouso Alegre,POU_L3,3,-0.0,false,lata
120,Heineken_Lata,Pouso Alegre,POU_L3,4,-0.0,false,lata
120,Heineken_Lata,Pouso Alegre,POU_L3,5,-0.0,false,lata
120,Heineken_Lata,Pouso Alegre,POU_L3,6,-0.0,false,lata
120,Heineken_Lata,Pouso Alegre,POU_L3,7,-0.0,false,lata
120,Heineken_Lata,Pouso Alegre,POU_L3,8,-0.0,false,lata
120,Heineken_Lata,Pouso Alegre,POU_L3,9,-0.0,false,lata
120,Heineken_Lata,Pouso Alegre,POU_L3,10,-0.0,false,lata
120,Heineken_Lata,Pouso Alegre,POU_L3,11,-0.0,false,lata
120,Heineken_Lata,Pouso Alegre,POU_L3,12,-0.0,false,lata
120,Heineken_Lata,Pouso Alegre,POU_L3,13,-0.0,false,lata
120,Heineken_Lata,Pouso Alegre,POU_L3,14,-0.0,false,lata
120,Heineken_Lata,Pouso Alegre,POU_L3,15,-0.0,false,lata
120,Heineken_Lata,Gama,GAM_L1,1,-0.0,false,lata
120,Heineken_Lata,Gama,GAM_L1,2,-0.0,false,lata
120,Heineken_Lata,Gama,GAM_L1,3,-0.0,false,lata
120,Heineken_Lata,Gama,GAM_L1,4,-0.0,false,lata
120,Heineken_Lata,Gama,GAM_L1,5,-0.0,false,lata
120,Heineken_Lata,Gama,GAM_L1,6,-0.0,false,lata
120,Heineken_Lata,Gama,GAM_L1,7,-1.0e6,true,lata
120,Heineken_Lata,Gama,GAM_L1,8,-0.0,false,lata
120,Heineken_Lata,Gama,GAM_L1,9,-0.0,false,lata
120,Heineken_Lata,Gama,GAM_L1,10,-0.0,false,lata
120,Heineken_Lata,Gama,GAM_L1,11,-0.0,false,lata
120,Heineken_Lata,Gama,GAM_L1,12,-0.0,false,lata
120,Heineken_Lata,Gama,GAM_L1,13,-0.0,false,lata
120,Heineken_Lata,Gama,GAM_L1,14,-0.0,false,lata
120,Heineken_Lata,Gama,GAM_L1,15,-0.0,false,lata
120,Heineken_Lata,Gama,GAM_L2,1,-0.0,false,lata
120,Heineken_Lata,Gama,GAM_L2,2,-0.0,false,lata
120,Heineken_Lata,Gama,GAM_L2,3,-0.0,false,lata
120,Heineken_Lata,Gama,GAM_L2,4,-0.0,false,lata
120,Heineken_Lata,Gama,GAM_L2,5,-0.0,false,lata
120,Heineken_Lata,Gama,GAM_L2,6,-0.0,false,lata
120,Heineken_Lata,Gama,GAM_L2,7,-0.0,false,lata
120,Heineken_Lata,Gama,GAM_L2,8,-0.0,false,lata
120,Heineken_Lata,Gama,GAM_L2,9,-0.0,false,lata
120,Heineken_Lata,Gama,GAM_L2,10,-0.0,false,lata
120,Heineken_Lata,Gama,GAM_L2,11,-0.0,false,lata
120,Heineken_Lata,Gama,GAM_L2,12,-0.0,false,lata
120,Heineken_Lata,Gama,GAM_L2,13,-0.0,false,lata
120,Heineken_Lata,Gama,GAM_L2,14,-0.0,false,lata
120,Heineken_Lata,Gama,GAM_L2,15,-0.0,false,lata
120,Heineken_Lata,Gama,GAM_L3,1,-0.0,false,lata
120,Heineken_Lata,Gama,GAM_L3,2,-999999.6042833502,false,lata
120,Heineken_Lata,Gama,GAM_L3,3,-0.0,false,lata
120,Heineken_Lata,Gama,GAM_L3,4,-0.0,false,lata
120,Heineken_Lata,Gama,GAM_L3,5,-0.0,false,lata
120,Heineken_Lata,Gama,GAM_L3,6,-999999.8855984502,false,lata
120,Heineken_Lata,Gama,GAM_L3,7,-0.0,false,lata
120,Heineken_Lata,Gama,GAM_L3,8,-0.0,false,lata
120,Heineken_Lata,Gama,GAM_L3,9,-0.0,false,lata
120,Heineken_Lata,Gama,GAM_L3,10,-0.0,false,lata
120,Heineken_Lata,Gama,GAM_L3,11,-0.0,false,lata
120,Heineken_Lata,Gama,GAM_L3,12,-0.0,false,lata
120,Heineken_Lata,Gama,GAM_L3,13,-0.0,false,lata
120,Heineken_Lata,Gama,GAM_L3,14,-0.0,false,lata
120,Heineken_Lata,Gama,GAM_L3,15,-0.0,false,lata
120,Heineken_Lata,Viamao,VIA_L1,1,-0.0,false,lata
120,Heineken_Lata,Viamao,VIA_L1,2,-0.0,false,lata
120,Heineken_Lata,Viamao,VIA_L1,3,-0.0,false,lata
120,Heineken_Lata,Viamao,VIA_L1,4,-0.0,false,lata
120,Heineken_Lata,Viamao,VIA_L1,5,-0.0,false,lata
120,Heineken_Lata,Viamao,VIA_L1,6,-0.0,false,lata
120,Heineken_Lata,Viamao,VIA_L1,7,-0.0,false,lata
120,Heineken_Lata,Viamao,VIA_L1,8,-0.0,false,lata
120,Heineken_Lata,Viamao,VIA_L1,9,-0.0,false,lata
120,Heineken_Lata,Viamao,VIA_L1,10,-0.0,false,lata
120,Heineken_Lata,Viamao,VIA_L1,11,-0.0,false,lata
120,Heineken_Lata,Viamao,VIA_L1,12,-1.0e6,true,lata
120,Heineken_Lata,Viamao,VIA_L1,13,-0.0,false,lata
120,Heineken_Lata,Viamao,VIA_L1,14,-999999.9115066504,false,lata
120,Heineken_Lata,Viamao,VIA_L1,15,-0.0,false,lata
120,Heineken_Lata,Viamao,VIA_L2,1,-0.0,false,lata
120,Heineken_Lata,Viamao,VIA_L2,2,-0.0,false,lata
120,Heineken_Lata,Viamao,VIA_L2,3,-0.0,false,lata
120,Heineken_Lata,Viamao,VIA_L2,4,-0.0,false,lata
120,Heineken_Lata,Viamao,VIA_L2,5,-0.0,false,lata
120,Heineken_Lata,Viamao,VIA_L2,6,-0.0,false,lata
120,Heineken_Lata,Viamao,VIA_L2,7,-0.0,false,lata
120,Heineken_Lata,Viamao,VIA_L2,8,-0.0,false,lata
120,Heineken_Lata,Viamao,VIA_L2,9,-0.0,false,lata
120,Heineken_Lata,Viamao,VIA_L2,10,-999999.7236222998,false,lata
120,Heineken_Lata,Viamao,VIA_L2,11,-0.0,false,lata
120,Heineken_Lata,Viamao,VIA_L2,12,-0.0,false,lata
120,Heineken_Lata,Viamao,VIA_L2,13,-0.0,false,lata
120,Heineken_Lata,Viamao,VIA_L2,14,-0.0,false,lata
120,Heineken_Lata,Viamao,VIA_L2,15,-0.0,false,lata
120,Heineken_Lata,Viamao,VIA_L3,1,-0.0,false,lata
120,Heineken_Lata,Viamao,VIA_L3,2,-0.0,false,lata
120,Heineken_Lata,Viamao,VIA_L3,3,-0.0,false,lata
120,Heineken_Lata,Viamao,VIA_L3,4,-0.0,false,lata
120,Heineken_Lata,Viamao,VIA_L3,5,-0.0,false,lata
120,Heineken_Lata,Viamao,VIA_L3,6,-0.0,false,lata
120,Heineken_Lata,Viamao,VIA_L3,7,-0.0,false,lata
120,Heineken_Lata,Viamao,VIA_L3,8,-0.0,false,lata
120,Heineken_Lata,Viamao,VIA_L3,9,-0.0,false,lata
120,Heineken_Lata,Viamao,VIA_L3,10,-0.0,false,lata
120,Heineken_Lata,Viamao,VIA_L3,11,-0.0,false,lata
120,Heineken_Lata,Viamao,VIA_L3,12,-0.0,false,lata
120,Heineken_Lata,Viamao,VIA_L3,13,-0.0,false,lata
120,Heineken_Lata,Viamao,VIA_L3,14,-0.0,false,lata
120,Heineken_Lata,Viamao,VIA_L3,15,-999999.9553761502,false,lata
120,Heineken_Lata,Itupeva,ITU_L1,1,-0.0,false,lata
120,Heineken_Lata,Itupeva,ITU_L1,2,-0.0,false,lata
120,Heineken_Lata,Itupeva,ITU_L1,3,-0.0,false,lata
120,Heineken_Lata,Itupeva,ITU_L1,4,-0.0,false,lata
120,Heineken_Lata,Itupeva,ITU_L1,5,-0.0,false,lata
120,Heineken_Lata,Itupeva,ITU_L1,6,-0.0,false,lata
120,Heineken_Lata,Itupeva,ITU_L1,7,-0.0,false,lata
120,Heineken_Lata,Itupeva,ITU_L1,8,-0.0,false,lata
120,Heineken_Lata,Itupeva,ITU_L1,9,-0.0,false,lata
120,Heineken_Lata,Itupeva,ITU_L1,10,-0.0,false,lata
120,Heineken_Lata,Itupeva,ITU_L1,11,-0.0,false,lata
120,Heineken_Lata,Itupeva,ITU_L1,12,-999999.96365085,false,lata
120,Heineken_Lata,Itupeva,ITU_L1,13,-0.0,false,lata
120,Heineken_Lata,Itupeva,ITU_L1,14,-0.0,false,lata
120,Heineken_Lata,Itupeva,ITU_L1,15,-0.0,false,lata
120,Heineken_Lata,Itupeva,ITU_L2,1,-0.0,false,lata
120,Heineken_Lata,Itupeva,ITU_L2,2,-0.0,false,lata
120,Heineken_Lata,Itupeva,ITU_L2,3,-0.0,false,lata
120,Heineken_Lata,Itupeva,ITU_L2,4,-0.0,false,lata
120,Heineken_Lata,Itupeva,ITU_L2,5,-0.0,false,lata
120,Heineken_Lata,Itupeva,ITU_L2,6,-0.0,false,lata
120,Heineken_Lata,Itupeva,ITU_L2,7,-0.0,false,lata
120,Heineken_Lata,Itupeva,ITU_L2,8,-0.0,false,lata
120,Heineken_Lata,Itupeva,ITU_L2,9,-0.0,false,lata
120,Heineken_Lata,Itupeva,ITU_L2,10,-0.0,false,lata
120,Heineken_Lata,Itupeva,ITU_L2,11,-0.0,false,lata
120,Heineken_Lata,Itupeva,ITU_L2,12,-0.0,false,lata
120,Heineken_Lata,Itupeva,ITU_L2,13,-0.0,false,lata
120,Heineken_Lata,Itupeva,ITU_L2,14,-0.0,false,lata
120,Heineken_Lata,Itupeva,ITU_L2,15,-0.0,false,lata
120,Heineken_Lata,Itupeva,ITU_L3,1,-0.0,false,lata
120,Heineken_Lata,Itupeva,ITU_L3,2,-0.0,false,lata
120,Heineken_Lata,Itupeva,ITU_L3,3,-0.0,false,lata
120,Heineken_Lata,Itupeva,ITU_L3,4,-0.0,false,lata
120,Heineken_Lata,Itupeva,ITU_L3,5,-0.0,false,lata
120,Heineken_Lata,Itupeva,ITU_L3,6,-0.0,false,lata
120,Heineken_Lata,Itupeva,ITU_L3,7,-0.0,false,lata
120,Heineken_Lata,Itupeva,ITU_L3,8,-0.0,false,lata
120,Heineken_Lata,Itupeva,ITU_L3,9,-0.0,false,lata
120,Heineken_Lata,Itupeva,ITU_L3,10,-0.0,false,lata
120,Heineken_Lata,Itupeva,ITU_L3,11,-0.0,false,lata
120,Heineken_Lata,Itupeva,ITU_L3,12,-0.0,false,lata
120,Heineken_Lata,Itupeva,ITU_L3,13,-0.0,false,lata
120,Heineken_Lata,Itupeva,ITU_L3,14,-0.0,false,lata
120,Heineken_Lata,Itupeva,ITU_L3,15,-0.0,false,lata
120,Heineken_Lata,Cabo de Santo Agostinho,CAB_L1,1,-1.0e6,true,lata
120,Heineken_Lata,Cabo de Santo Agostinho,CAB_L1,2,-0.0,false,lata
120,Heineken_Lata,Cabo de Santo Agostinho,CAB_L1,3,-999999.8659846502,false,lata
120,Heineken_Lata,Cabo de Santo Agostinho,CAB_L1,4,-0.0,false,lata
120,Heineken_Lata,Cabo de Santo Agostinho,CAB_L1,5,-0.0,false,lata
120,Heineken_Lata,Cabo de Santo Agostinho,CAB_L1,6,-0.0,false,lata
120,Heineken_Lata,Cabo de Santo Agostinho,CAB_L1,7,-999999.9762013,false,lata
120,Heineken_Lata,Cabo de Santo Agostinho,CAB_L1,8,-0.0,false,lata
120,Heineken_Lata,Cabo de Santo Agostinho,CAB_L1,9,-0.0,false,lata
120,Heineken_Lata,Cabo de Santo Agostinho,CAB_L1,10,-0.0,false,lata
120,Heineken_Lata,Cabo de Santo Agostinho,CAB_L1,11,-0.0,false,lata
120,Heineken_Lata,Cabo de Santo Agostinho,CAB_L1,12,-0.0,false,lata
120,Heineken_Lata,Cabo de Santo Agostinho,CAB_L1,13,-0.0,false,lata
120,Heineken_Lata,Cabo de Santo Agostinho,CAB_L1,14,-0.0,false,lata
120,Heineken_Lata,Cabo de Santo Agostinho,CAB_L1,15,-0.0,false,lata
120,Heineken_Lata,Cabo de Santo Agostinho,CAB_L2,1,-0.0,false,lata
120,Heineken_Lata,Cabo de Santo Agostinho,CAB_L2,2,-0.0,false,lata
120,Heineken_Lata,Cabo de Santo Agostinho,CAB_L2,3,-0.0,false,lata
120,Heineken_Lata,Cabo de Santo Agostinho,CAB_L2,4,-0.0,false,lata
120,Heineken_Lata,Cabo de Santo Agostinho,CAB_L2,5,-0.0,false,lata
120,Heineken_Lata,Cabo de Santo Agostinho,CAB_L2,6,-0.0,false,lata
120,Heineken_Lata,Cabo de Santo Agostinho,CAB_L2,7,-0.0,false,lata
120,Heineken_Lata,Cabo de Santo Agostinho,CAB_L2,8,-0.0,false,lata
120,Heineken_Lata,Cabo de Santo Agostinho,CAB_L2,9,-0.0,false,lata
120,Heineken_Lata,Cabo de Santo Agostinho,CAB_L2,10,-0.0,false,lata
120,Heineken_Lata,Cabo de Santo Agostinho,CAB_L2,11,-0.0,false,lata
120,Heineken_Lata,Cabo de Santo Agostinho,CAB_L2,12,-0.0,false,lata
120,Heineken_Lata,Cabo de Santo Agostinho,CAB_L2,13,-0.0,false,lata
120,Heineken_Lata,Cabo de Santo Agostinho,CAB_L2,14,-0.0,false,lata
120,Heineken_Lata,Cabo de Santo Agostinho,CAB_L2,15,-0.0,false,lata
120,Heineken_Lata,Cabo de Santo Agostinho,CAB_L3,1,-0.0,false,lata
120,Heineken_Lata,Cabo de Santo Agostinho,CAB_L3,2,-0.0,false,lata
120,Heineken_Lata,Cabo de Santo Agostinho,CAB_L3,3,-0.0,false,lata
120,Heineken_Lata,Cabo de Santo Agostinho,CAB_L3,4,-0.0,false,lata
120,Heineken_Lata,Cabo de Santo Agostinho,CAB_L3,5,-0.0,false,lata
120,Heineken_Lata,Cabo de Santo Agostinho,CAB_L3,6,-999999.9367032502,false,lata
120,Heineken_Lata,Cabo de Santo Agostinho,CAB_L3,7,-0.0,false,lata
120,Heineken_Lata,Cabo de Santo Agostinho,CAB_L3,8,-0.0,false,lata
120,Heineken_Lata,Cabo de Santo Agostinho,CAB_L3,9,-0.0,false,lata
120,Heineken_Lata,Cabo de Santo Agostinho,CAB_L3,10,-0.0,false,lata
120,Heineken_Lata,Cabo de Santo Agostinho,CAB_L3,11,-0.0,false,lata
120,Heineken_Lata,Cabo de Santo Agostinho,CAB_L3,12,-0.0,false,lata
120,Heineken_Lata,Cabo de Santo Agostinho,CAB_L3,13,-0.0,false,lata
120,Heineken_Lata,Cabo de Santo Agostinho,CAB_L3,14,-0.0,false,lata
120,Heineken_Lata,Cabo de Santo Agostinho,CAB_L3,15,-0.0,false,lata
120,Sprite_Zero,Jacarei,JAC_L1,1,-0.0,false,lata
120,Sprite_Zero,Jacarei,JAC_L1,2,-0.0,false,lata
120,Sprite_Zero,Jacarei,JAC_L1,3,-0.0,false,lata
120,Sprite_Zero,Jacarei,JAC_L1,4,-0.0,false,lata
120,Sprite_Zero,Jacarei,JAC_L1,5,-0.0,false,lata
120,Sprite_Zero,Jacarei,JAC_L1,6,-0.0,false,lata
120,Sprite_Zero,Jacarei,JAC_L1,7,-0.0,false,lata
120,Sprite_Zero,Jacarei,JAC_L1,8,-0.0,false,lata
120,Sprite_Zero,Jacarei,JAC_L1,9,-0.0,false,lata
120,Sprite_Zero,Jacarei,JAC_L1,10,-0.0,false,lata
120,Sprite_Zero,Jacarei,JAC_L1,11,-0.0,false,lata
120,Sprite_Zero,Jacarei,JAC_L1,12,-0.0,false,lata
120,Sprite_Zero,Jacarei,JAC_L1,13,-0.0,false,lata
120,Sprite_Zero,Jacarei,JAC_L1,14,-0.0,false,lata
120,Sprite_Zero,Jacarei,JAC_L1,15,-0.0,false,lata
120,Sprite_Zero,Jacarei,JAC_L2,1,-0.0,false,lata
120,Sprite_Zero,Jacarei,JAC_L2,2,-0.0,false,lata
120,Sprite_Zero,Jacarei,JAC_L2,3,-0.0,false,lata
120,Sprite_Zero,Jacarei,JAC_L2,4,-0.0,false,lata
120,Sprite_Zero,Jacarei,JAC_L2,5,-0.0,false,lata
120,Sprite_Zero,Jacarei,JAC_L2,6,-0.0,false,lata
120,Sprite_Zero,Jacarei,JAC_L2,7,-0.0,false,lata
120,Sprite_Zero,Jacarei,JAC_L2,8,-0.0,false,lata
120,Sprite_Zero,Jacarei,JAC_L2,9,-0.0,false,lata
120,Sprite_Zero,Jacarei,JAC_L2,10,-0.0,false,lata
120,Sprite_Zero,Jacarei,JAC_L2,11,-0.0,false,lata
120,Sprite_Zero,Jacarei,JAC_L2,12,-0.0,false,lata
120,Sprite_Zero,Jacarei,JAC_L2,13,-0.0,false,lata
120,Sprite_Zero,Jacarei,JAC_L2,14,-0.0,false,lata
120,Sprite_Zero,Jacarei,JAC_L2,15,-0.0,false,lata
120,Sprite_Zero,Jacarei,JAC_L3,1,-0.0,false,lata
120,Sprite_Zero,Jacarei,JAC_L3,2,-0.0,false,lata
120,Sprite_Zero,Jacarei,JAC_L3,3,-0.0,false,lata
120,Sprite_Zero,Jacarei,JAC_L3,4,-0.0,false,lata
120,Sprite_Zero,Jacarei,JAC_L3,5,-0.0,false,lata
120,Sprite_Zero,Jacarei,JAC_L3,6,-0.0,false,lata
120,Sprite_Zero,Jacarei,JAC_L3,7,-0.0,false,lata
120,Sprite_Zero,Jacarei,JAC_L3,8,-0.0,false,lata
120,Sprite_Zero,Jacarei,JAC_L3,9,-0.0,false,lata
120,Sprite_Zero,Jacarei,JAC_L3,10,-0.0,false,lata
120,Sprite_Zero,Jacarei,JAC_L3,11,-0.0,false,lata
120,Sprite_Zero,Jacarei,JAC_L3,12,-0.0,false,lata
120,Sprite_Zero,Jacarei,JAC_L3,13,-999999.5056524498,false,lata
120,Sprite_Zero,Jacarei,JAC_L3,14,-0.0,false,lata
120,Sprite_Zero,Jacarei,JAC_L3,15,-0.0,false,lata
120,Sprite_Zero,Extrema,EXT_L1,1,-0.0,false,lata
120,Sprite_Zero,Extrema,EXT_L1,2,-0.0,false,lata
120,Sprite_Zero,Extrema,EXT_L1,3,-0.0,false,lata
120,Sprite_Zero,Extrema,EXT_L1,4,-0.0,false,lata
120,Sprite_Zero,Extrema,EXT_L1,5,-0.0,false,lata
120,Sprite_Zero,Extrema,EXT_L1,6,-0.0,false,lata
120,Sprite_Zero,Extrema,EXT_L1,7,-0.0,false,lata
120,Sprite_Zero,Extrema,EXT_L1,8,-0.0,false,lata
120,Sprite_Zero,Extrema,EXT_L1,9,-0.0,false,lata
120,Sprite_Zero,Extrema,EXT_L1,10,-0.0,false,lata
120,Sprite_Zero,Extrema,EXT_L1,11,-0.0,false,lata
120,Sprite_Zero,Extrema,EXT_L1,12,-0.0,false,lata
120,Sprite_Zero,Extrema,EXT_L1,13,-0.0,false,lata
120,Sprite_Zero,Extrema,EXT_L1,14,-0.0,false,lata
120,Sprite_Zero,Extrema,EXT_L1,15,-0.0,false,lata
120,Sprite_Zero,Extrema,EXT_L2,1,-0.0,false,lata
120,Sprite_Zero,Extrema,EXT_L2,2,-0.0,false,lata
120,Sprite_Zero,Extrema,EXT_L2,3,-0.0,false,lata
120,Sprite_Zero,Extrema,EXT_L2,4,-0.0,false,lata
120,Sprite_Zero,Extrema,EXT_L2,5,-0.0,false,lata
120,Sprite_Zero,Extrema,EXT_L2,6,-0.0,false,lata
120,Sprite_Zero,Extrema,EXT_L2,7,-0.0,false,lata
120,Sprite_Zero,Extrema,EXT_L2,8,-0.0,false,lata
120,Sprite_Zero,Extrema,EXT_L2,9,-0.0,false,lata
120,Sprite_Zero,Extrema,EXT_L2,10,-0.0,false,lata
120,Sprite_Zero,Extrema,EXT_L2,11,-0.0,false,lata
120,Sprite_Zero,Extrema,EXT_L2,12,-0.0,false,lata
120,Sprite_Zero,Extrema,EXT_L2,13,-0.0,false,lata
120,Sprite_Zero,Extrema,EXT_L2,14,-0.0,false,lata
120,Sprite_Zero,Extrema,EXT_L2,15,-0.0,false,lata
120,Sprite_Zero,Extrema,EXT_L3,1,-0.0,false,lata
120,Sprite_Zero,Extrema,EXT_L3,2,-0.0,false,lata
120,Sprite_Zero,Extrema,EXT_L3,3,-0.0,false,lata
120,Sprite_Zero,Extrema,EXT_L3,4,-0.0,false,lata
120,Sprite_Zero,Extrema,EXT_L3,5,-0.0,false,lata
120,Sprite_Zero,Extrema,EXT_L3,6,-0.0,false,lata
120,Sprite_Zero,Extrema,EXT_L3,7,-0.0,false,lata
120,Sprite_Zero,Extrema,EXT_L3,8,-0.0,false,lata
120,Sprite_Zero,Extrema,EXT_L3,9,-0.0,false,lata
120,Sprite_Zero,Extrema,EXT_L3,10,-0.0,false,lata
120,Sprite_Zero,Extrema,EXT_L3,11,-0.0,false,lata
120,Sprite_Zero,Extrema,EXT_L3,12,-0.0,false,lata
120,Sprite_Zero,Extrema,EXT_L3,13,-0.0,false,lata
120,Sprite_Zero,Extrema,EXT_L3,14,-0.0,false,lata
120,Sprite_Zero,Extrema,EXT_L3,15,-999999.4971510003,false,lata
120,Sprite_Zero,Tres Rios,TRE_L1,1,-0.0,false,lata
120,Sprite_Zero,Tres Rios,TRE_L1,2,-0.0,false,lata
120,Sprite_Zero,Tres Rios,TRE_L1,3,-999999.57379715,false,lata
120,Sprite_Zero,Tres Rios,TRE_L1,4,-0.0,false,lata
120,Sprite_Zero,Tres Rios,TRE_L1,5,-0.0,false,lata
120,Sprite_Zero,Tres Rios,TRE_L1,6,-0.0,false,lata
120,Sprite_Zero,Tres Rios,TRE_L1,7,-0.0,false,lata
120,Sprite_Zero,Tres Rios,TRE_L1,8,-0.0,false,lata
120,Sprite_Zero,Tres Rios,TRE_L1,9,-0.0,false,lata
120,Sprite_Zero,Tres Rios,TRE_L1,10,-0.0,false,lata
120,Sprite_Zero,Tres Rios,TRE_L1,11,-0.0,false,lata
120,Sprite_Zero,Tres Rios,TRE_L1,12,-0.0,false,lata
120,Sprite_Zero,Tres Rios,TRE_L1,13,-0.0,false,lata
120,Sprite_Zero,Tres Rios,TRE_L1,14,-0.0,false,lata
120,Sprite_Zero,Tres Rios,TRE_L1,15,-0.0,false,lata
120,Sprite_Zero,Tres Rios,TRE_L2,1,-0.0,false,lata
120,Sprite_Zero,Tres Rios,TRE_L2,2,-0.0,false,lata
120,Sprite_Zero,Tres Rios,TRE_L2,3,-999999.57379715,false,lata
120,Sprite_Zero,Tres Rios,TRE_L2,4,-0.0,false,lata
120,Sprite_Zero,Tres Rios,TRE_L2,5,-0.0,false,lata
120,Sprite_Zero,Tres Rios,TRE_L2,6,-0.0,false,lata
120,Sprite_Zero,Tres Rios,TRE_L2,7,-0.0,false,lata
120,Sprite_Zero,Tres Rios,TRE_L2,8,-0.0,false,lata
120,Sprite_Zero,Tres Rios,TRE_L2,9,-0.0,false,lata
120,Sprite_Zero,Tres Rios,TRE_L2,10,-0.0,false,lata
120,Sprite_Zero,Tres Rios,TRE_L2,11,-0.0,false,lata
120,Sprite_Zero,Tres Rios,TRE_L2,12,-0.0,false,lata
120,Sprite_Zero,Tres Rios,TRE_L2,13,-0.0,false,lata
120,Sprite_Zero,Tres Rios,TRE_L2,14,-0.0,false,lata
120,Sprite_Zero,Tres Rios,TRE_L2,15,-0.0,false,lata
120,Sprite_Zero,Tres Rios,TRE_L3,1,-0.0,false,lata
120,Sprite_Zero,Tres Rios,TRE_L3,2,-0.0,false,lata
120,Sprite_Zero,Tres Rios,TRE_L3,3,-0.0,false,lata
120,Sprite_Zero,Tres Rios,TRE_L3,4,-0.0,false,lata
120,Sprite_Zero,Tres Rios,TRE_L3,5,-0.0,false,lata
120,Sprite_Zero,Tres Rios,TRE_L3,6,-0.0,false,lata
120,Sprite_Zero,Tres Rios,TRE_L3,7,-0.0,false,lata
120,Sprite_Zero,Tres Rios,TRE_L3,8,-0.0,false,lata
120,Sprite_Zero,Tres Rios,TRE_L3,9,-0.0,false,lata
120,Sprite_Zero,Tres Rios,TRE_L3,10,-0.0,false,lata
120,Sprite_Zero,Tres Rios,TRE_L3,11,-0.0,false,lata
120,Sprite_Zero,Tres Rios,TRE_L3,12,-0.0,false,lata
120,Sprite_Zero,Tres Rios,TRE_L3,13,-0.0,false,lata
120,Sprite_Zero,Tres Rios,TRE_L3,14,-0.0,false,lata
120,Sprite_Zero,Tres Rios,TRE_L3,15,-0.0,false,lata
120,Sprite_Zero,Alagoinhas,ALA_L1,1,-0.0,false,lata
120,Sprite_Zero,Alagoinhas,ALA_L1,2,-0.0,false,lata
120,Sprite_Zero,Alagoinhas,ALA_L1,3,-0.0,false,lata
120,Sprite_Zero,Alagoinhas,ALA_L1,4,-0.0,false,lata
120,Sprite_Zero,Alagoinhas,ALA_L1,5,-0.0,false,lata
120,Sprite_Zero,Alagoinhas,ALA_L1,6,-999999.7042049499,false,lata
120,Sprite_Zero,Alagoinhas,ALA_L1,7,-0.0,false,lata
120,Sprite_Zero,Alagoinhas,ALA_L1,8,-0.0,false,lata
120,Sprite_Zero,Alagoinhas,ALA_L1,9,-0.0,false,lata
120,Sprite_Zero,Alagoinhas,ALA_L1,10,-0.0,false,lata
120,Sprite_Zero,Alagoinhas,ALA_L1,11,-0.0,false,lata
120,Sprite_Zero,Alagoinhas,ALA_L1,12,-0.0,false,lata
120,Sprite_Zero,Alagoinhas,ALA_L1,13,-0.0,false,lata
120,Sprite_Zero,Alagoinhas,ALA_L1,14,-0.0,false,lata
120,Sprite_Zero,Alagoinhas,ALA_L1,15,-0.0,false,lata
120,Sprite_Zero,Alagoinhas,ALA_L2,1,-0.0,false,lata
120,Sprite_Zero,Alagoinhas,ALA_L2,2,-999999.2365442001,false,lata
120,Sprite_Zero,Alagoinhas,ALA_L2,3,-0.0,false,lata
120,Sprite_Zero,Alagoinhas,ALA_L2,4,-0.0,false,lata
120,Sprite_Zero,Alagoinhas,ALA_L2,5,-0.0,false,lata
120,Sprite_Zero,Alagoinhas,ALA_L2,6,-0.0,false,lata
120,Sprite_Zero,Alagoinhas,ALA_L2,7,-0.0,false,lata
120,Sprite_Zero,Alagoinhas,ALA_L2,8,-999999.3412673501,false,lata
120,Sprite_Zero,Alagoinhas,ALA_L2,9,-0.0,false,lata
120,Sprite_Zero,Alagoinhas,ALA_L2,10,-0.0,false,lata
120,Sprite_Zero,Alagoinhas,ALA_L2,11,-0.0,false,lata
120,Sprite_Zero,Alagoinhas,ALA_L2,12,-0.0,false,lata
120,Sprite_Zero,Alagoinhas,ALA_L2,13,-0.0,false,lata
120,Sprite_Zero,Alagoinhas,ALA_L2,14,-0.0,false,lata
120,Sprite_Zero,Alagoinhas,ALA_L2,15,-0.0,false,lata
120,Sprite_Zero,Alagoinhas,ALA_L3,1,-0.0,false,lata
120,Sprite_Zero,Alagoinhas,ALA_L3,2,-0.0,false,lata
120,Sprite_Zero,Alagoinhas,ALA_L3,3,-0.0,false,lata
120,Sprite_Zero,Alagoinhas,ALA_L3,4,-0.0,false,lata
120,Sprite_Zero,Alagoinhas,ALA_L3,5,-0.0,false,lata
120,Sprite_Zero,Alagoinhas,ALA_L3,6,-0.0,false,lata
120,Sprite_Zero,Alagoinhas,ALA_L3,7,-0.0,false,lata
120,Sprite_Zero,Alagoinhas,ALA_L3,8,-0.0,false,lata
120,Sprite_Zero,Alagoinhas,ALA_L3,9,-0.0,false,lata
120,Sprite_Zero,Alagoinhas,ALA_L3,10,-0.0,false,lata
120,Sprite_Zero,Alagoinhas,ALA_L3,11,-0.0,false,lata
120,Sprite_Zero,Alagoinhas,ALA_L3,12,-999999.7278808999,false,lata
120,Sprite_Zero,Alagoinhas,ALA_L3,13,-0.0,false,lata
120,Sprite_Zero,Alagoinhas,ALA_L3,14,-0.0,false,lata
120,Sprite_Zero,Alagoinhas,ALA_L3,15,-0.0,false,lata
120,Sprite_Zero,Frutal,FRU_L1,1,-0.0,false,lata
120,Sprite_Zero,Frutal,FRU_L1,2,-999999.2969266002,false,lata
120,Sprite_Zero,Frutal,FRU_L1,3,-0.0,false,lata
120,Sprite_Zero,Frutal,FRU_L1,4,-0.0,false,lata
120,Sprite_Zero,Frutal,FRU_L1,5,-0.0,false,lata
120,Sprite_Zero,Frutal,FRU_L1,6,-0.0,false,lata
120,Sprite_Zero,Frutal,FRU_L1,7,-0.0,false,lata
120,Sprite_Zero,Frutal,FRU_L1,8,-0.0,false,lata
120,Sprite_Zero,Frutal,FRU_L1,9,-0.0,false,lata
120,Sprite_Zero,Frutal,FRU_L1,10,-0.0,false,lata
120,Sprite_Zero,Frutal,FRU_L1,11,-0.0,false,lata
120,Sprite_Zero,Frutal,FRU_L1,12,-0.0,false,lata
120,Sprite_Zero,Frutal,FRU_L1,13,-0.0,false,lata
120,Sprite_Zero,Frutal,FRU_L1,14,-0.0,false,lata
120,Sprite_Zero,Frutal,FRU_L1,15,-0.0,false,lata
120,Sprite_Zero,Frutal,FRU_L2,1,-999999.71644195,false,lata
120,Sprite_Zero,Frutal,FRU_L2,2,-0.0,false,lata
120,Sprite_Zero,Frutal,FRU_L2,3,-0.0,false,lata
120,Sprite_Zero,Frutal,FRU_L2,4,-0.0,false,lata
120,Sprite_Zero,Frutal,FRU_L2,5,-999999.5781982001,false,lata
120,Sprite_Zero,Frutal,FRU_L2,6,-0.0,false,lata
120,Sprite_Zero,Frutal,FRU_L2,7,-0.0,false,lata
120,Sprite_Zero,Frutal,FRU_L2,8,-0.0,false,lata
120,Sprite_Zero,Frutal,FRU_L2,9,-0.0,false,lata
120,Sprite_Zero,Frutal,FRU_L2,10,-0.0,false,lata
120,Sprite_Zero,Frutal,FRU_L2,11,-0.0,false,lata
120,Sprite_Zero,Frutal,FRU_L2,12,-0.0,false,lata
120,Sprite_Zero,Frutal,FRU_L2,13,-0.0,false,lata
120,Sprite_Zero,Frutal,FRU_L2,14,-0.0,false,lata
120,Sprite_Zero,Frutal,FRU_L2,15,-0.0,false,lata
120,Sprite_Zero,Frutal,FRU_L3,1,-0.0,false,lata
120,Sprite_Zero,Frutal,FRU_L3,2,-0.0,false,lata
120,Sprite_Zero,Frutal,FRU_L3,3,-0.0,false,lata
120,Sprite_Zero,Frutal,FRU_L3,4,-0.0,false,lata
120,Sprite_Zero,Frutal,FRU_L3,5,-0.0,false,lata
120,Sprite_Zero,Frutal,FRU_L3,6,-0.0,false,lata
120,Sprite_Zero,Frutal,FRU_L3,7,-0.0,false,lata
120,Sprite_Zero,Frutal,FRU_L3,8,-0.0,false,lata
120,Sprite_Zero,Frutal,FRU_L3,9,-0.0,false,lata
120,Sprite_Zero,Frutal,FRU_L3,10,-0.0,false,lata
120,Sprite_Zero,Frutal,FRU_L3,11,-0.0,false,lata
120,Sprite_Zero,Frutal,FRU_L3,12,-0.0,false,lata
120,Sprite_Zero,Frutal,FRU_L3,13,-0.0,false,lata
120,Sprite_Zero,Frutal,FRU_L3,14,-0.0,false,lata
120,Sprite_Zero,Frutal,FRU_L3,15,-0.0,false,lata
120,Sprite_Zero,Pouso Alegre,POU_L1,1,-0.0,false,lata
120,Sprite_Zero,Pouso Alegre,POU_L1,2,-999999.2951008001,false,lata
120,Sprite_Zero,Pouso Alegre,POU_L1,3,-0.0,false,lata
120,Sprite_Zero,Pouso Alegre,POU_L1,4,-999999.6256723,false,lata
120,Sprite_Zero,Pouso Alegre,POU_L1,5,-0.0,false,lata
120,Sprite_Zero,Pouso Alegre,POU_L1,6,-0.0,false,lata
120,Sprite_Zero,Pouso Alegre,POU_L1,7,-0.0,false,lata
120,Sprite_Zero,Pouso Alegre,POU_L1,8,-0.0,false,lata
120,Sprite_Zero,Pouso Alegre,POU_L1,9,-0.0,false,lata
120,Sprite_Zero,Pouso Alegre,POU_L1,10,-0.0,false,lata
120,Sprite_Zero,Pouso Alegre,POU_L1,11,-0.0,false,lata
120,Sprite_Zero,Pouso Alegre,POU_L1,12,-999999.7385565998,false,lata
120,Sprite_Zero,Pouso Alegre,POU_L1,13,-0.0,false,lata
120,Sprite_Zero,Pouso Alegre,POU_L1,14,-0.0,false,lata
120,Sprite_Zero,Pouso Alegre,POU_L1,15,-0.0,false,lata
120,Sprite_Zero,Pouso Alegre,POU_L2,1,-0.0,false,lata
120,Sprite_Zero,Pouso Alegre,POU_L2,2,-0.0,false,lata
120,Sprite_Zero,Pouso Alegre,POU_L2,3,-0.0,false,lata
120,Sprite_Zero,Pouso Alegre,POU_L2,4,-0.0,false,lata
120,Sprite_Zero,Pouso Alegre,POU_L2,5,-0.0,false,lata
120,Sprite_Zero,Pouso Alegre,POU_L2,6,-0.0,false,lata
120,Sprite_Zero,Pouso Alegre,POU_L2,7,-0.0,false,lata
120,Sprite_Zero,Pouso Alegre,POU_L2,8,-0.0,false,lata
120,Sprite_Zero,Pouso Alegre,POU_L2,9,-0.0,false,lata
120,Sprite_Zero,Pouso Alegre,POU_L2,10,-0.0,false,lata
120,Sprite_Zero,Pouso Alegre,POU_L2,11,-0.0,false,lata
120,Sprite_Zero,Pouso Alegre,POU_L2,12,-0.0,false,lata
120,Sprite_Zero,Pouso Alegre,POU_L2,13,-0.0,false,lata
120,Sprite_Zero,Pouso Alegre,POU_L2,14,-0.0,false,lata
120,Sprite_Zero,Pouso Alegre,POU_L2,15,-0.0,false,lata
120,Sprite_Zero,Pouso Alegre,POU_L3,1,-0.0,false,lata
120,Sprite_Zero,Pouso Alegre,POU_L3,2,-0.0,false,lata
120,Sprite_Zero,Pouso Alegre,POU_L3,3,-0.0,false,lata
120,Sprite_Zero,Pouso Alegre,POU_L3,4,-0.0,false,lata
120,Sprite_Zero,Pouso Alegre,POU_L3,5,-0.0,false,lata
120,Sprite_Zero,Pouso Alegre,POU_L3,6,-0.0,false,lata
120,Sprite_Zero,Pouso Alegre,POU_L3,7,-0.0,false,lata
120,Sprite_Zero,Pouso Alegre,POU_L3,8,-0.0,false,lata
120,Sprite_Zero,Pouso Alegre,POU_L3,9,-0.0,false,lata
120,Sprite_Zero,Pouso Alegre,POU_L3,10,-0.0,false,lata
120,Sprite_Zero,Pouso Alegre,POU_L3,11,-0.0,false,lata
120,Sprite_Zero,Pouso Alegre,POU_L3,12,-999999.7385565998,false,lata
120,Sprite_Zero,Pouso Alegre,POU_L3,13,-0.0,false,lata
120,Sprite_Zero,Pouso Alegre,POU_L3,14,-0.0,false,lata
120,Sprite_Zero,Pouso Alegre,POU_L3,15,-0.0,false,lata
120,Sprite_Zero,Gama,GAM_L1,1,-0.0,false,lata
120,Sprite_Zero,Gama,GAM_L1,2,-0.0,false,lata
120,Sprite_Zero,Gama,GAM_L1,3,-0.0,false,lata
120,Sprite_Zero,Gama,GAM_L1,4,-0.0,false,lata
120,Sprite_Zero,Gama,GAM_L1,5,-0.0,false,lata
120,Sprite_Zero,Gama,GAM_L1,6,-0.0,false,lata
120,Sprite_Zero,Gama,GAM_L1,7,-0.0,false,lata
120,Sprite_Zero,Gama,GAM_L1,8,-0.0,false,lata
120,Sprite_Zero,Gama,GAM_L1,9,-0.0,false,lata
120,Sprite_Zero,Gama,GAM_L1,10,-0.0,false,lata
120,Sprite_Zero,Gama,GAM_L1,11,-0.0,false,lata
120,Sprite_Zero,Gama,GAM_L1,12,-0.0,false,lata
120,Sprite_Zero,Gama,GAM_L1,13,-0.0,false,lata
120,Sprite_Zero,Gama,GAM_L1,14,-0.0,false,lata
120,Sprite_Zero,Gama,GAM_L1,15,-0.0,false,lata
120,Sprite_Zero,Gama,GAM_L2,1,-0.0,false,lata
120,Sprite_Zero,Gama,GAM_L2,2,-0.0,false,lata
120,Sprite_Zero,Gama,GAM_L2,3,-0.0,false,lata
120,Sprite_Zero,Gama,GAM_L2,4,-0.0,false,lata
120,Sprite_Zero,Gama,GAM_L2,5,-0.0,false,lata
120,Sprite_Zero,Gama,GAM_L2,6,-0.0,false,lata
120,Sprite_Zero,Gama,GAM_L2,7,-0.0,false,lata
120,Sprite_Zero,Gama,GAM_L2,8,-0.0,false,lata
120,Sprite_Zero,Gama,GAM_L2,9,-0.0,false,lata
120,Sprite_Zero,Gama,GAM_L2,10,-0.0,false,lata
120,Sprite_Zero,Gama,GAM_L2,11,-0.0,false,lata
120,Sprite_Zero,Gama,GAM_L2,12,-0.0,false,lata
120,Sprite_Zero,Gama,GAM_L2,13,-0.0,false,lata
120,Sprite_Zero,Gama,GAM_L2,14,-0.0,false,lata
120,Sprite_Zero,Gama,GAM_L2,15,-0.0,false,lata
120,Sprite_Zero,Gama,GAM_L3,1,-0.0,false,lata
120,Sprite_Zero,Gama,GAM_L3,2,-0.0,false,lata
120,Sprite_Zero,Gama,GAM_L3,3,-0.0,false,lata
120,Sprite_Zero,Gama,GAM_L3,4,-0.0,false,lata
120,Sprite_Zero,Gama,GAM_L3,5,-0.0,false,lata
120,Sprite_Zero,Gama,GAM_L3,6,-0.0,false,lata
120,Sprite_Zero,Gama,GAM_L3,7,-0.0,false,lata
120,Sprite_Zero,Gama,GAM_L3,8,-0.0,false,lata
120,Sprite_Zero,Gama,GAM_L3,9,-0.0,false,lata
120,Sprite_Zero,Gama,GAM_L3,10,-0.0,false,lata
120,Sprite_Zero,Gama,GAM_L3,11,-0.0,false,lata
120,Sprite_Zero,Gama,GAM_L3,12,-0.0,false,lata
120,Sprite_Zero,Gama,GAM_L3,13,-0.0,false,lata
120,Sprite_Zero,Gama,GAM_L3,14,-0.0,false,lata
120,Sprite_Zero,Gama,GAM_L3,15,-0.0,false,lata
120,Sprite_Zero,Viamao,VIA_L1,1,-0.0,false,lata
120,Sprite_Zero,Viamao,VIA_L1,2,-0.0,false,lata
120,Sprite_Zero,Viamao,VIA_L1,3,-0.0,false,lata
120,Sprite_Zero,Viamao,VIA_L1,4,-0.0,false,lata
120,Sprite_Zero,Viamao,VIA_L1,5,-0.0,false,lata
120,Sprite_Zero,Viamao,VIA_L1,6,-0.0,false,lata
120,Sprite_Zero,Viamao,VIA_L1,7,-0.0,false,lata
120,Sprite_Zero,Viamao,VIA_L1,8,-999999.3132786502,false,lata
120,Sprite_Zero,Viamao,VIA_L1,9,-0.0,false,lata
120,Sprite_Zero,Viamao,VIA_L1,10,-0.0,false,lata
120,Sprite_Zero,Viamao,VIA_L1,11,-0.0,false,lata
120,Sprite_Zero,Viamao,VIA_L1,12,-0.0,false,lata
120,Sprite_Zero,Viamao,VIA_L1,13,-999999.5425309498,false,lata
120,Sprite_Zero,Viamao,VIA_L1,14,-0.0,false,lata
120,Sprite_Zero,Viamao,VIA_L1,15,-0.0,false,lata
120,Sprite_Zero,Viamao,VIA_L2,1,-0.0,false,lata
120,Sprite_Zero,Viamao,VIA_L2,2,-0.0,false,lata
120,Sprite_Zero,Viamao,VIA_L2,3,-0.0,false,lata
120,Sprite_Zero,Viamao,VIA_L2,4,-999999.6639209499,false,lata
120,Sprite_Zero,Viamao,VIA_L2,5,-0.0,false,lata
120,Sprite_Zero,Viamao,VIA_L2,6,-0.0,false,lata
120,Sprite_Zero,Viamao,VIA_L2,7,-0.0,false,lata
120,Sprite_Zero,Viamao,VIA_L2,8,-0.0,false,lata
120,Sprite_Zero,Viamao,VIA_L2,9,-0.0,false,lata
120,Sprite_Zero,Viamao,VIA_L2,10,-0.0,false,lata
120,Sprite_Zero,Viamao,VIA_L2,11,-999999.4834334498,false,lata
120,Sprite_Zero,Viamao,VIA_L2,12,-0.0,false,lata
120,Sprite_Zero,Viamao,VIA_L2,13,-0.0,false,lata
120,Sprite_Zero,Viamao,VIA_L2,14,-0.0,false,lata
120,Sprite_Zero,Viamao,VIA_L2,15,-0.0,false,lata
120,Sprite_Zero,Viamao,VIA_L3,1,-0.0,false,lata
120,Sprite_Zero,Viamao,VIA_L3,2,-0.0,false,lata
120,Sprite_Zero,Viamao,VIA_L3,3,-0.0,false,lata
120,Sprite_Zero,Viamao,VIA_L3,4,-0.0,false,lata
120,Sprite_Zero,Viamao,VIA_L3,5,-0.0,false,lata
120,Sprite_Zero,Viamao,VIA_L3,6,-0.0,false,lata
120,Sprite_Zero,Viamao,VIA_L3,7,-0.0,false,lata
120,Sprite_Zero,Viamao,VIA_L3,8,-0.0,false,lata
120,Sprite_Zero,Viamao,VIA_L3,9,-0.0,false,lata
120,Sprite_Zero,Viamao,VIA_L3,10,-0.0,false,lata
120,Sprite_Zero,Viamao,VIA_L3,11,-0.0,false,lata
120,Sprite_Zero,Viamao,VIA_L3,12,-0.0,false,lata
120,Sprite_Zero,Viamao,VIA_L3,13,-0.0,false,lata
120,Sprite_Zero,Viamao,VIA_L3,14,-0.0,false,lata
120,Sprite_Zero,Viamao,VIA_L3,15,-0.0,false,lata
120,Sprite_Zero,Itupeva,ITU_L1,1,-0.0,false,lata
120,Sprite_Zero,Itupeva,ITU_L1,2,-0.0,false,lata
120,Sprite_Zero,Itupeva,ITU_L1,3,-0.0,false,lata
120,Sprite_Zero,Itupeva,ITU_L1,4,-0.0,false,lata
120,Sprite_Zero,Itupeva,ITU_L1,5,-0.0,false,lata
120,Sprite_Zero,Itupeva,ITU_L1,6,-0.0,false,lata
120,Sprite_Zero,Itupeva,ITU_L1,7,-0.0,false,lata
120,Sprite_Zero,Itupeva,ITU_L1,8,-0.0,false,lata
120,Sprite_Zero,Itupeva,ITU_L1,9,-0.0,false,lata
120,Sprite_Zero,Itupeva,ITU_L1,10,-0.0,false,lata
120,Sprite_Zero,Itupeva,ITU_L1,11,-0.0,false,lata
120,Sprite_Zero,Itupeva,ITU_L1,12,-0.0,false,lata
120,Sprite_Zero,Itupeva,ITU_L1,13,-0.0,false,lata
120,Sprite_Zero,Itupeva,ITU_L1,14,-0.0,false,lata
120,Sprite_Zero,Itupeva,ITU_L1,15,-0.0,false,lata
120,Sprite_Zero,Itupeva,ITU_L2,1,-0.0,false,lata
120,Sprite_Zero,Itupeva,ITU_L2,2,-0.0,false,lata
120,Sprite_Zero,Itupeva,ITU_L2,3,-0.0,false,lata
120,Sprite_Zero,Itupeva,ITU_L2,4,-0.0,false,lata
120,Sprite_Zero,Itupeva,ITU_L2,5,-0.0,false,lata
120,Sprite_Zero,Itupeva,ITU_L2,6,-0.0,false,lata
120,Sprite_Zero,Itupeva,ITU_L2,7,-999999.5562491501,false,lata
120,Sprite_Zero,Itupeva,ITU_L2,8,-0.0,false,lata
120,Sprite_Zero,Itupeva,ITU_L2,9,-0.0,false,lata
120,Sprite_Zero,Itupeva,ITU_L2,10,-0.0,false,lata
120,Sprite_Zero,Itupeva,ITU_L2,11,-0.0,false,lata
120,Sprite_Zero,Itupeva,ITU_L2,12,-0.0,false,lata
120,Sprite_Zero,Itupeva,ITU_L2,13,-0.0,false,lata
120,Sprite_Zero,Itupeva,ITU_L2,14,-0.0,false,lata
120,Sprite_Zero,Itupeva,ITU_L2,15,-0.0,false,lata
120,Sprite_Zero,Itupeva,ITU_L3,1,-0.0,false,lata
120,Sprite_Zero,Itupeva,ITU_L3,2,-0.0,false,lata
120,Sprite_Zero,Itupeva,ITU_L3,3,-0.0,false,lata
120,Sprite_Zero,Itupeva,ITU_L3,4,-0.0,false,lata
120,Sprite_Zero,Itupeva,ITU_L3,5,-0.0,false,lata
120,Sprite_Zero,Itupeva,ITU_L3,6,-0.0,false,lata
120,Sprite_Zero,Itupeva,ITU_L3,7,-0.0,false,lata
120,Sprite_Zero,Itupeva,ITU_L3,8,-0.0,false,lata
120,Sprite_Zero,Itupeva,ITU_L3,9,-0.0,false,lata
120,Sprite_Zero,Itupeva,ITU_L3,10,-0.0,false,lata
120,Sprite_Zero,Itupeva,ITU_L3,11,-0.0,false,lata
120,Sprite_Zero,Itupeva,ITU_L3,12,-0.0,false,lata
120,Sprite_Zero,Itupeva,ITU_L3,13,-0.0,false,lata
120,Sprite_Zero,Itupeva,ITU_L3,14,-0.0,false,lata
120,Sprite_Zero,Itupeva,ITU_L3,15,-0.0,false,lata
120,Sprite_Zero,Cabo de Santo Agostinho,CAB_L1,1,-0.0,false,lata
120,Sprite_Zero,Cabo de Santo Agostinho,CAB_L1,2,-0.0,false,lata
120,Sprite_Zero,Cabo de Santo Agostinho,CAB_L1,3,-0.0,false,lata
120,Sprite_Zero,Cabo de Santo Agostinho,CAB_L1,4,-0.0,false,lata
120,Sprite_Zero,Cabo de Santo Agostinho,CAB_L1,5,-0.0,false,lata
120,Sprite_Zero,Cabo de Santo Agostinho,CAB_L1,6,-999999.7273375499,false,lata
120,Sprite_Zero,Cabo de Santo Agostinho,CAB_L1,7,-999999.6135867,false,lata
120,Sprite_Zero,Cabo de Santo Agostinho,CAB_L1,8,-0.0,false,lata
120,Sprite_Zero,Cabo de Santo Agostinho,CAB_L1,9,-0.0,false,lata
120,Sprite_Zero,Cabo de Santo Agostinho,CAB_L1,10,-999999.3264036998,false,lata
120,Sprite_Zero,Cabo de Santo Agostinho,CAB_L1,11,-0.0,false,lata
120,Sprite_Zero,Cabo de Santo Agostinho,CAB_L1,12,-0.0,false,lata
120,Sprite_Zero,Cabo de Santo Agostinho,CAB_L1,13,-0.0,false,lata
120,Sprite_Zero,Cabo de Santo Agostinho,CAB_L1,14,-0.0,false,lata
120,Sprite_Zero,Cabo de Santo Agostinho,CAB_L1,15,-0.0,false,lata
120,Sprite_Zero,Cabo de Santo Agostinho,CAB_L2,1,-0.0,false,lata
120,Sprite_Zero,Cabo de Santo Agostinho,CAB_L2,2,-0.0,false,lata
120,Sprite_Zero,Cabo de Santo Agostinho,CAB_L2,3,-0.0,false,lata
120,Sprite_Zero,Cabo de Santo Agostinho,CAB_L2,4,-0.0,false,lata
120,Sprite_Zero,Cabo de Santo Agostinho,CAB_L2,5,-999999.5417562501,false,lata
120,Sprite_Zero,Cabo de Santo Agostinho,CAB_L2,6,-0.0,false,lata
120,Sprite_Zero,Cabo de Santo Agostinho,CAB_L2,7,-0.0,false,lata
120,Sprite_Zero,Cabo de Santo Agostinho,CAB_L2,8,-0.0,false,lata
120,Sprite_Zero,Cabo de Santo Agostinho,CAB_L2,9,-0.0,false,lata
120,Sprite_Zero,Cabo de Santo Agostinho,CAB_L2,10,-999999.3264036998,false,lata
120,Sprite_Zero,Cabo de Santo Agostinho,CAB_L2,11,-0.0,false,lata
120,Sprite_Zero,Cabo de Santo Agostinho,CAB_L2,12,-0.0,false,lata
120,Sprite_Zero,Cabo de Santo Agostinho,CAB_L2,13,-0.0,false,lata
120,Sprite_Zero,Cabo de Santo Agostinho,CAB_L2,14,-0.0,false,lata
120,Sprite_Zero,Cabo de Santo Agostinho,CAB_L2,15,-999999.5581575503,false,lata
120,Sprite_Zero,Cabo de Santo Agostinho,CAB_L3,1,-0.0,false,lata
120,Sprite_Zero,Cabo de Santo Agostinho,CAB_L3,2,-0.0,false,lata
120,Sprite_Zero,Cabo de Santo Agostinho,CAB_L3,3,-0.0,false,lata
120,Sprite_Zero,Cabo de Santo Agostinho,CAB_L3,4,-0.0,false,lata
120,Sprite_Zero,Cabo de Santo Agostinho,CAB_L3,5,-0.0,false,lata
120,Sprite_Zero,Cabo de Santo Agostinho,CAB_L3,6,-0.0,false,lata
120,Sprite_Zero,Cabo de Santo Agostinho,CAB_L3,7,-0.0,false,lata
120,Sprite_Zero,Cabo de Santo Agostinho,CAB_L3,8,-0.0,false,lata
120,Sprite_Zero,Cabo de Santo Agostinho,CAB_L3,9,-0.0,false,lata
120,Sprite_Zero,Cabo de Santo Agostinho,CAB_L3,10,-0.0,false,lata
120,Sprite_Zero,Cabo de Santo Agostinho,CAB_L3,11,-0.0,false,lata
120,Sprite_Zero,Cabo de Santo Agostinho,CAB_L3,12,-0.0,false,lata
120,Sprite_Zero,Cabo de Santo Agostinho,CAB_L3,13,-0.0,false,lata
120,Sprite_Zero,Cabo de Santo Agostinho,CAB_L3,14,-0.0,false,lata
120,Sprite_Zero,Cabo de Santo Agostinho,CAB_L3,15,-0.0,false,lata
