cenario,produto,plant,linha,periodo,pi_demanda,saturado,unidade
130,Stella_Artois_Pure_Gold,Jacarei,JAC_L1,1,-999999.3850654501,false,lata
130,Stella_Artois_Pure_Gold,Jacarei,JAC_L1,2,-0.0,false,lata
130,Stella_Artois_Pure_Gold,Jacarei,JAC_L1,3,-0.0,false,lata
130,Stella_Artois_Pure_Gold,Jacarei,JAC_L1,4,-0.0,false,lata
130,Stella_Artois_Pure_Gold,Jacarei,JAC_L1,5,-0.0,false,lata
130,Stella_Artois_Pure_Gold,Jacarei,JAC_L1,6,-0.0,false,lata
130,Stella_Artois_Pure_Gold,Jacarei,JAC_L1,7,-999998.4379246499,false,lata
130,Stella_Artois_Pure_Gold,Jacarei,JAC_L1,8,-0.0,false,lata
130,Stella_Artois_Pure_Gold,Jacarei,JAC_L1,9,-0.0,false,lata
130,Stella_Artois_Pure_Gold,Jacarei,JAC_L1,10,-0.0,false,lata
130,Stella_Artois_Pure_Gold,Jacarei,JAC_L1,11,-0.0,false,lata
130,Stella_Artois_Pure_Gold,Jacarei,JAC_L1,12,-0.0,false,lata
130,Stella_Artois_Pure_Gold,Jacarei,JAC_L1,13,-0.0,false,lata
130,Stella_Artois_Pure_Gold,Jacarei,JAC_L1,14,-0.0,false,lata
130,Stella_Artois_Pure_Gold,Jacarei,JAC_L1,15,-0.0,false,lata
130,Stella_Artois_Pure_Gold,Jacarei,JAC_L2,1,-0.0,false,lata
130,Stella_Artois_Pure_Gold,Jacarei,JAC_L2,2,-0.0,false,lata
130,Stella_Artois_Pure_Gold,Jacarei,JAC_L2,3,-0.0,false,lata
130,Stella_Artois_Pure_Gold,Jacarei,JAC_L2,4,-0.0,false,lata
130,Stella_Artois_Pure_Gold,Jacarei,JAC_L2,5,-0.0,false,lata
130,Stella_Artois_Pure_Gold,Jacarei,JAC_L2,6,-0.0,false,lata
130,Stella_Artois_Pure_Gold,Jacarei,JAC_L2,7,-0.0,false,lata
130,Stella_Artois_Pure_Gold,Jacarei,JAC_L2,8,-0.0,false,lata
130,Stella_Artois_Pure_Gold,Jacarei,JAC_L2,9,-0.0,false,lata
130,Stella_Artois_Pure_Gold,Jacarei,JAC_L2,10,-0.0,false,lata
130,Stella_Artois_Pure_Gold,Jacarei,JAC_L2,11,-0.0,false,lata
130,Stella_Artois_Pure_Gold,Jacarei,JAC_L2,12,-0.0,false,lata
130,Stella_Artois_Pure_Gold,Jacarei,JAC_L2,13,-0.0,false,lata
130,Stella_Artois_Pure_Gold,Jacarei,JAC_L2,14,-0.0,false,lata
130,Stella_Artois_Pure_Gold,Jacarei,JAC_L2,15,-0.0,false,lata
130,Stella_Artois_Pure_Gold,Jacarei,JAC_L3,1,-0.0,false,lata
130,Stella_Artois_Pure_Gold,Jacarei,JAC_L3,2,-0.0,false,lata
130,Stella_Artois_Pure_Gold,Jacarei,JAC_L3,3,-0.0,false,lata
130,Stella_Artois_Pure_Gold,Jacarei,JAC_L3,4,-0.0,false,lata
130,Stella_Artois_Pure_Gold,Jacarei,JAC_L3,5,-0.0,false,lata
130,Stella_Artois_Pure_Gold,Jacarei,JAC_L3,6,-0.0,false,lata
130,Stella_Artois_Pure_Gold,Jacarei,JAC_L3,7,-0.0,false,lata
130,Stella_Artois_Pure_Gold,Jacarei,JAC_L3,8,-0.0,false,lata
130,Stella_Artois_Pure_Gold,Jacarei,JAC_L3,9,-0.0,false,lata
130,Stella_Artois_Pure_Gold,Jacarei,JAC_L3,10,-0.0,false,lata
130,Stella_Artois_Pure_Gold,Jacarei,JAC_L3,11,-0.0,false,lata
130,Stella_Artois_Pure_Gold,Jacarei,JAC_L3,12,-0.0,false,lata
130,Stella_Artois_Pure_Gold,Jacarei,JAC_L3,13,-0.0,false,lata
130,Stella_Artois_Pure_Gold,Jacarei,JAC_L3,14,-0.0,false,lata
130,Stella_Artois_Pure_Gold,Jacarei,JAC_L3,15,-0.0,false,lata
130,Stella_Artois_Pure_Gold,Extrema,EXT_L1,1,-0.0,false,lata
130,Stella_Artois_Pure_Gold,Extrema,EXT_L1,2,-0.0,false,lata
130,Stella_Artois_Pure_Gold,Extrema,EXT_L1,3,-0.0,false,lata
130,Stella_Artois_Pure_Gold,Extrema,EXT_L1,4,-0.0,false,lata
130,Stella_Artois_Pure_Gold,Extrema,EXT_L1,5,-0.0,false,lata
130,Stella_Artois_Pure_Gold,Extrema,EXT_L1,6,-0.0,false,lata
130,Stella_Artois_Pure_Gold,Extrema,EXT_L1,7,-0.0,false,lata
130,Stella_Artois_Pure_Gold,Extrema,EXT_L1,8,-0.0,false,lata
130,Stella_Artois_Pure_Gold,Extrema,EXT_L1,9,-999997.8131738,false,lata
130,Stella_Artois_Pure_Gold,Extrema,EXT_L1,10,-0.0,false,lata
130,Stella_Artois_Pure_Gold,Extrema,EXT_L1,11,-999997.9416106001,false,lata
130,Stella_Artois_Pure_Gold,Extrema,EXT_L1,12,-0.0,false,lata
130,Stella_Artois_Pure_Gold,Extrema,EXT_L1,13,-0.0,false,lata
130,Stella_Artois_Pure_Gold,Extrema,EXT_L1,14,-0.0,false,lata
130,Stella_Artois_Pure_Gold,Extrema,EXT_L1,15,-0.0,false,lata
130,Stella_Artois_Pure_Gold,Extrema,EXT_L2,1,-0.0,false,lata
130,Stella_Artois_Pure_Gold,Extrema,EXT_L2,2,-0.0,false,lata
130,Stella_Artois_Pure_Gold,Extrema,EXT_L2,3,-0.0,false,lata
130,Stella_Artois_Pure_Gold,Extrema,EXT_L2,4,-0.0,false,lata
130,Stella_Artois_Pure_Gold,Extrema,EXT_L2,5,-0.0,false,lata
130,Stella_Artois_Pure_Gold,Extrema,EXT_L2,6,-0.0,false,lata
130,Stella_Artois_Pure_Gold,Extrema,EXT_L2,7,-0.0,false,lata
130,Stella_Artois_Pure_Gold,Extrema,EXT_L2,8,-999998.50775485,false,lata
130,Stella_Artois_Pure_Gold,Extrema,EXT_L2,9,-0.0,false,lata
130,Stella_Artois_Pure_Gold,Extrema,EXT_L2,10,-0.0,false,lata
130,Stella_Artois_Pure_Gold,Extrema,EXT_L2,11,-0.0,false,lata
130,Stella_Artois_Pure_Gold,Extrema,EXT_L2,12,-0.0,false,lata
130,Stella_Artois_Pure_Gold,Extrema,EXT_L2,13,-0.0,false,lata
130,Stella_Artois_Pure_Gold,Extrema,EXT_L2,14,-0.0,false,lata
130,Stella_Artois_Pure_Gold,Extrema,EXT_L2,15,-0.0,false,lata
130,Stella_Artois_Pure_Gold,Extrema,EXT_L3,1,-999999.3840216501,false,lata
130,Stella_Artois_Pure_Gold,Extrema,EXT_L3,2,-0.0,false,lata
130,Stella_Artois_Pure_Gold,Extrema,EXT_L3,3,-999998.8893139497,false,lata
130,Stella_Artois_Pure_Gold,Extrema,EXT_L3,4,-0.0,false,lata
130,Stella_Artois_Pure_Gold,Extrema,EXT_L3,5,-999998.1088842502,false,lata
130,Stella_Artois_Pure_Gold,Extrema,EXT_L3,6,-0.0,false,lata
130,Stella_Artois_Pure_Gold,Extrema,EXT_L3,7,-0.0,false,lata
130,Stella_Artois_Pure_Gold,Extrema,EXT_L3,8,-0.0,false,lata
130,Stella_Artois_Pure_Gold,Extrema,EXT_L3,9,-0.0,false,lata
130,Stella_Artois_Pure_Gold,Extrema,EXT_L3,10,-0.0,false,lata
130,Stella_Artois_Pure_Gold,Extrema,EXT_L3,11,-0.0,false,lata
130,Stella_Artois_Pure_Gold,Extrema,EXT_L3,12,-0.0,false,lata
130,Stella_Artois_Pure_Gold,Extrema,EXT_L3,13,-0.0,false,lata
130,Stella_Artois_Pure_Gold,Extrema,EXT_L3,14,-0.0,false,lata
130,Stella_Artois_Pure_Gold,Extrema,EXT_L3,15,-0.0,false,lata
130,Stella_Artois_Pure_Gold,Tres Rios,TRE_L1,1,-0.0,false,lata
130,Stella_Artois_Pure_Gold,Tres Rios,TRE_L1,2,-0.0,false,lata
130,Stella_Artois_Pure_Gold,Tres Rios,TRE_L1,3,-0.0,false,lata
130,Stella_Artois_Pure_Gold,Tres Rios,TRE_L1,4,-0.0,false,lata
130,Stella_Artois_Pure_Gold,Tres Rios,TRE_L1,5,-0.0,false,lata
130,Stella_Artois_Pure_Gold,Tres Rios,TRE_L1,6,-0.0,false,lata
130,Stella_Artois_Pure_Gold,Tres Rios,TRE_L1,7,-0.0,false,lata
130,Stella_Artois_Pure_Gold,Tres Rios,TRE_L1,8,-0.0,false,lata
130,Stella_Artois_Pure_Gold,Tres Rios,TRE_L1,9,-0.0,false,lata
130,Stella_Artois_Pure_Gold,Tres Rios,TRE_L1,10,-0.0,false,lata
130,Stella_Artois_Pure_Gold,Tres Rios,TRE_L1,11,-0.0,false,lata
130,Stella_Artois_Pure_Gold,Tres Rios,TRE_L1,12,-0.0,false,lata
130,Stella_Artois_Pure_Gold,Tres Rios,TRE_L1,13,-0.0,false,lata
130,Stella_Artois_Pure_Gold,Tres Rios,TRE_L1,14,-0.0,false,lata
130,Stella_Artois_Pure_Gold,Tres Rios,TRE_L1,15,-0.0,false,lata
130,Stella_Artois_Pure_Gold,Tres Rios,TRE_L2,1,-999999.39661745,false,lata
130,Stella_Artois_Pure_Gold,Tres Rios,TRE_L2,2,-0.0,false,lata
130,Stella_Artois_Pure_Gold,Tres Rios,TRE_L2,3,-0.0,false,lata
130,Stella_Artois_Pure_Gold,Tres Rios,TRE_L2,4,-0.0,false,lata
130,Stella_Artois_Pure_Gold,Tres Rios,TRE_L2,5,-0.0,false,lata
130,Stella_Artois_Pure_Gold,Tres Rios,TRE_L2,6,-0.0,false,lata
130,Stella_Artois_Pure_Gold,Tres Rios,TRE_L2,7,-0.0,false,lata
130,Stella_Artois_Pure_Gold,Tres Rios,TRE_L2,8,-0.0,false,lata
130,Stella_Artois_Pure_Gold,Tres Rios,TRE_L2,9,-0.0,false,lata
130,Stella_Artois_Pure_Gold,Tres Rios,TRE_L2,10,-0.0,false,lata
130,Stella_Artois_Pure_Gold,Tres Rios,TRE_L2,11,-0.0,false,lata
130,Stella_Artois_Pure_Gold,Tres Rios,TRE_L2,12,-0.0,false,lata
130,Stella_Artois_Pure_Gold,Tres Rios,TRE_L2,13,-0.0,false,lata
130,Stella_Artois_Pure_Gold,Tres Rios,TRE_L2,14,-0.0,false,lata
130,Stella_Artois_Pure_Gold,Tres Rios,TRE_L2,15,-0.0,false,lata
130,Stella_Artois_Pure_Gold,Tres Rios,TRE_L3,1,-0.0,false,lata
130,Stella_Artois_Pure_Gold,Tres Rios,TRE_L3,2,-0.0,false,lata
130,Stella_Artois_Pure_Gold,Tres Rios,TRE_L3,3,-0.0,false,lata
130,Stella_Artois_Pure_Gold,Tres Rios,TRE_L3,4,-0.0,false,lata
130,Stella_Artois_Pure_Gold,Tres Rios,TRE_L3,5,-0.0,false,lata
130,Stella_Artois_Pure_Gold,Tres Rios,TRE_L3,6,-0.0,false,lata
130,Stella_Artois_Pure_Gold,Tres Rios,TRE_L3,7,-0.0,false,lata
130,Stella_Artois_Pure_Gold,Tres Rios,TRE_L3,8,-999998.521552,false,lata
130,Stella_Artois_Pure_Gold,Tres Rios,TRE_L3,9,-0.0,false,lata
130,Stella_Artois_Pure_Gold,Tres Rios,TRE_L3,10,-0.0,false,lata
130,Stella_Artois_Pure_Gold,Tres Rios,TRE_L3,11,-0.0,false,lata
130,Stella_Artois_Pure_Gold,Tres Rios,TRE_L3,12,-0.0,false,lata
130,Stella_Artois_Pure_Gold,Tres Rios,TRE_L3,13,-0.0,false,lata
130,Stella_Artois_Pure_Gold,Tres Rios,TRE_L3,14,-0.0,false,lata
130,Stella_Artois_Pure_Gold,Tres Rios,TRE_L3,15,-0.0,false,lata
130,Stella_Artois_Pure_Gold,Alagoinhas,ALA_L1,1,-0.0,false,lata
130,Stella_Artois_Pure_Gold,Alagoinhas,ALA_L1,2,-0.0,false,lata
130,Stella_Artois_Pure_Gold,Alagoinhas,ALA_L1,3,-0.0,false,lata
130,Stella_Artois_Pure_Gold,Alagoinhas,ALA_L1,4,-0.0,false,lata
130,Stella_Artois_Pure_Gold,Alagoinhas,ALA_L1,5,-0.0,false,lata
130,Stella_Artois_Pure_Gold,Alagoinhas,ALA_L1,6,-0.0,false,lata
130,Stella_Artois_Pure_Gold,Alagoinhas,ALA_L1,7,-0.0,false,lata
130,Stella_Artois_Pure_Gold,Alagoinhas,ALA_L1,8,-0.0,false,lata
130,Stella_Artois_Pure_Gold,Alagoinhas,ALA_L1,9,-0.0,false,lata
130,Stella_Artois_Pure_Gold,Alagoinhas,ALA_L1,10,-0.0,false,lata
130,Stella_Artois_Pure_Gold,Alagoinhas,ALA_L1,11,-0.0,false,lata
130,Stella_Artois_Pure_Gold,Alagoinhas,ALA_L1,12,-0.0,false,lata
130,Stella_Artois_Pure_Gold,Alagoinhas,ALA_L1,13,-0.0,false,lata
130,Stella_Artois_Pure_Gold,Alagoinhas,ALA_L1,14,-0.0,false,lata
130,Stella_Artois_Pure_Gold,Alagoinhas,ALA_L1,15,-999998.2685033999,false,lata
130,Stella_Artois_Pure_Gold,Alagoinhas,ALA_L2,1,-0.0,false,lata
130,Stella_Artois_Pure_Gold,Alagoinhas,ALA_L2,2,-0.0,false,lata
130,Stella_Artois_Pure_Gold,Alagoinhas,ALA_L2,3,-0.0,false,lata
130,Stella_Artois_Pure_Gold,Alagoinhas,ALA_L2,4,-0.0,false,lata
130,Stella_Artois_Pure_Gold,Alagoinhas,ALA_L2,5,-0.0,false,lata
130,Stella_Artois_Pure_Gold,Alagoinhas,ALA_L2,6,-999998.2485965999,false,lata
130,Stella_Artois_Pure_Gold,Alagoinhas,ALA_L2,7,-0.0,false,lata
130,Stella_Artois_Pure_Gold,Alagoinhas,ALA_L2,8,-0.0,false,lata
130,Stella_Artois_Pure_Gold,Alagoinhas,ALA_L2,9,-0.0,false,lata
130,Stella_Artois_Pure_Gold,Alagoinhas,ALA_L2,10,-0.0,false,lata
130,Stella_Artois_Pure_Gold,Alagoinhas,ALA_L2,11,-0.0,false,lata
130,Stella_Artois_Pure_Gold,Alagoinhas,ALA_L2,12,-0.0,false,lata
130,Stella_Artois_Pure_Gold,Alagoinhas,ALA_L2,13,-0.0,false,lata
130,Stella_Artois_Pure_Gold,Alagoinhas,ALA_L2,14,-0.0,false,lata
130,Stella_Artois_Pure_Gold,Alagoinhas,ALA_L2,15,-0.0,false,lata
130,Stella_Artois_Pure_Gold,Alagoinhas,ALA_L3,1,-0.0,false,lata
130,Stella_Artois_Pure_Gold,Alagoinhas,ALA_L3,2,-0.0,false,lata
130,Stella_Artois_Pure_Gold,Alagoinhas,ALA_L3,3,-0.0,false,lata
130,Stella_Artois_Pure_Gold,Alagoinhas,ALA_L3,4,-0.0,false,lata
130,Stella_Artois_Pure_Gold,Alagoinhas,ALA_L3,5,-0.0,false,lata
130,Stella_Artois_Pure_Gold,Alagoinhas,ALA_L3,6,-0.0,false,lata
130,Stella_Artois_Pure_Gold,Alagoinhas,ALA_L3,7,-0.0,false,lata
130,Stella_Artois_Pure_Gold,Alagoinhas,ALA_L3,8,-0.0,false,lata
130,Stella_Artois_Pure_Gold,Alagoinhas,ALA_L3,9,-0.0,false,lata
130,Stella_Artois_Pure_Gold,Alagoinhas,ALA_L3,10,-0.0,false,lata
130,Stella_Artois_Pure_Gold,Alagoinhas,ALA_L3,11,-0.0,false,lata
130,Stella_Artois_Pure_Gold,Alagoinhas,ALA_L3,12,-0.0,false,lata
130,Stella_Artois_Pure_Gold,Alagoinhas,ALA_L3,13,-0.0,false,lata
130,Stella_Artois_Pure_Gold,Alagoinhas,ALA_L3,14,-0.0,false,lata
130,Stella_Artois_Pure_Gold,Alagoinhas,ALA_L3,15,-0.0,false,lata
130,Stella_Artois_Pure_Gold,Frutal,FRU_L1,1,-0.0,false,lata
130,Stella_Artois_Pure_Gold,Frutal,FRU_L1,2,-0.0,false,lata
130,Stella_Artois_Pure_Gold,Frutal,FRU_L1,3,-999998.9024605998,false,lata
130,Stella_Artois_Pure_Gold,Frutal,FRU_L1,4,-0.0,false,lata
130,Stella_Artois_Pure_Gold,Frutal,FRU_L1,5,-0.0,false,lata
130,Stella_Artois_Pure_Gold,Frutal,FRU_L1,6,-0.0,false,lata
130,Stella_Artois_Pure_Gold,Frutal,FRU_L1,7,-0.0,false,lata
130,Stella_Artois_Pure_Gold,Frutal,FRU_L1,8,-0.0,false,lata
130,Stella_Artois_Pure_Gold,Frutal,FRU_L1,9,-0.0,false,lata
130,Stella_Artois_Pure_Gold,Frutal,FRU_L1,10,-0.0,false,lata
130,Stella_Artois_Pure_Gold,Frutal,FRU_L1,11,-0.0,false,lata
130,Stella_Artois_Pure_Gold,Frutal,FRU_L1,12,-0.0,false,lata
130,Stella_Artois_Pure_Gold,Frutal,FRU_L1,13,-0.0,false,lata
130,Stella_Artois_Pure_Gold,Frutal,FRU_L1,14,-0.0,false,lata
130,Stella_Artois_Pure_Gold,Frutal,FRU_L1,15,-0.0,false,lata
130,Stella_Artois_Pure_Gold,Frutal,FRU_L2,1,-999999.3950904501,false,lata
130,Stella_Artois_Pure_Gold,Frutal,FRU_L2,2,-0.0,false,lata
130,Stella_Artois_Pure_Gold,Frutal,FRU_L2,3,-0.0,false,lata
130,Stella_Artois_Pure_Gold,Frutal,FRU_L2,4,-0.0,false,lata
130,Stella_Artois_Pure_Gold,Frutal,FRU_L2,5,-0.0,false,lata
130,Stella_Artois_Pure_Gold,Frutal,FRU_L2,6,-0.0,false,lata
130,Stella_Artois_Pure_Gold,Frutal,FRU_L2,7,-0.0,false,lata
130,Stella_Artois_Pure_Gold,Frutal,FRU_L2,8,-0.0,false,lata
130,Stella_Artois_Pure_Gold,Frutal,FRU_L2,9,-0.0,false,lata
130,Stella_Artois_Pure_Gold,Frutal,FRU_L2,10,-0.0,false,lata
130,Stella_Artois_Pure_Gold,Frutal,FRU_L2,11,-0.0,false,lata
130,Stella_Artois_Pure_Gold,Frutal,FRU_L2,12,-0.0,false,lata
130,Stella_Artois_Pure_Gold,Frutal,FRU_L2,13,-0.0,false,lata
130,Stella_Artois_Pure_Gold,Frutal,FRU_L2,14,-0.0,false,lata
130,Stella_Artois_Pure_Gold,Frutal,FRU_L2,15,-0.0,false,lata
130,Stella_Artois_Pure_Gold,Frutal,FRU_L3,1,-0.0,false,lata
130,Stella_Artois_Pure_Gold,Frutal,FRU_L3,2,-0.0,false,lata
130,Stella_Artois_Pure_Gold,Frutal,FRU_L3,3,-0.0,false,lata
130,Stella_Artois_Pure_Gold,Frutal,FRU_L3,4,-0.0,false,lata
130,Stella_Artois_Pure_Gold,Frutal,FRU_L3,5,-0.0,false,lata
130,Stella_Artois_Pure_Gold,Frutal,FRU_L3,6,-0.0,false,lata
130,Stella_Artois_Pure_Gold,Frutal,FRU_L3,7,-0.0,false,lata
130,Stella_Artois_Pure_Gold,Frutal,FRU_L3,8,-0.0,false,lata
130,Stella_Artois_Pure_Gold,Frutal,FRU_L3,9,-0.0,false,lata
130,Stella_Artois_Pure_Gold,Frutal,FRU_L3,10,-0.0,false,lata
130,Stella_Artois_Pure_Gold,Frutal,FRU_L3,11,-0.0,false,lata
130,Stella_Artois_Pure_Gold,Frutal,FRU_L3,12,-0.0,false,lata
130,Stella_Artois_Pure_Gold,Frutal,FRU_L3,13,-0.0,false,lata
130,Stella_Artois_Pure_Gold,Frutal,FRU_L3,14,-0.0,false,lata
130,Stella_Artois_Pure_Gold,Frutal,FRU_L3,15,-0.0,false,lata
130,Stella_Artois_Pure_Gold,Pouso Alegre,POU_L1,1,-0.0,false,lata
130,Stella_Artois_Pure_Gold,Pouso Alegre,POU_L1,2,-0.0,false,lata
130,Stella_Artois_Pure_Gold,Pouso Alegre,POU_L1,3,-0.0,false,lata
130,Stella_Artois_Pure_Gold,Pouso Alegre,POU_L1,4,-0.0,false,lata
130,Stella_Artois_Pure_Gold,Pouso Alegre,POU_L1,5,-0.0,false,lata
130,Stella_Artois_Pure_Gold,Pouso Alegre,POU_L1,6,-0.0,false,lata
130,Stella_Artois_Pure_Gold,Pouso Alegre,POU_L1,7,-0.0,false,lata
130,Stella_Artois_Pure_Gold,Pouso Alegre,POU_L1,8,-0.0,false,lata
130,Stella_Artois_Pure_Gold,Pouso Alegre,POU_L1,9,-0.0,false,lata
130,Stella_Artois_Pure_Gold,Pouso Alegre,POU_L1,10,-0.0,false,lata
130,Stella_Artois_Pure_Gold,Pouso Alegre,POU_L1,11,-0.0,false,lata
130,Stella_Artois_Pure_Gold,Pouso Alegre,POU_L1,12,-0.0,false,lata
130,Stella_Artois_Pure_Gold,Pouso Alegre,POU_L1,13,-0.0,false,lata
130,Stella_Artois_Pure_Gold,Pouso Alegre,POU_L1,14,-0.0,false,lata
130,Stella_Artois_Pure_Gold,Pouso Alegre,POU_L1,15,-0.0,false,lata
130,Stella_Artois_Pure_Gold,Pouso Alegre,POU_L2,1,-0.0,false,lata
130,Stella_Artois_Pure_Gold,Pouso Alegre,POU_L2,2,-0.0,false,lata
130,Stella_Artois_Pure_Gold,Pouso Alegre,POU_L2,3,-0.0,false,lata
130,Stella_Artois_Pure_Gold,Pouso Alegre,POU_L2,4,-0.0,false,lata
130,Stella_Artois_Pure_Gold,Pouso Alegre,POU_L2,5,-0.0,false,lata
130,Stella_Artois_Pure_Gold,Pouso Alegre,POU_L2,6,-0.0,false,lata
130,Stella_Artois_Pure_Gold,Pouso Alegre,POU_L2,7,-0.0,false,lata
130,Stella_Artois_Pure_Gold,Pouso Alegre,POU_L2,8,-0.0,false,lata
130,Stella_Artois_Pure_Gold,Pouso Alegre,POU_L2,9,-0.0,false,lata
130,Stella_Artois_Pure_Gold,Pouso Alegre,POU_L2,10,-0.0,false,lata
130,Stella_Artois_Pure_Gold,Pouso Alegre,POU_L2,11,-999997.9445527501,false,lata
130,Stella_Artois_Pure_Gold,Pouso Alegre,POU_L2,12,-0.0,false,lata
130,Stella_Artois_Pure_Gold,Pouso Alegre,POU_L2,13,-0.0,false,lata
130,Stella_Artois_Pure_Gold,Pouso Alegre,POU_L2,14,-0.0,false,lata
130,Stella_Artois_Pure_Gold,Pouso Alegre,POU_L2,15,-0.0,false,lata
130,Stella_Artois_Pure_Gold,Pouso Alegre,POU_L3,1,-0.0,false,lata
130,Stella_Artois_Pure_Gold,Pouso Alegre,POU_L3,2,-0.0,false,lata
130,Stella_Artois_Pure_Gold,Pouso Alegre,POU_L3,3,-0.0,false,lata
130,Stella_Artois_Pure_Gold,Pouso Alegre,POU_L3,4,-0.0,false,lata
130,Stella_Artois_Pure_Gold,Pouso Alegre,POU_L3,5,-0.0,false,lata
130,Stella_Artois_Pure_Gold,Pouso Alegre,POU_L3,6,-0.0,false,lata
130,Stella_Artois_Pure_Gold,Pouso Alegre,POU_L3,7,-999998.4396096499,false,lata
130,Stella_Artois_Pure_Gold,Pouso Alegre,POU_L3,8,-0.0,false,lata
130,Stella_Artois_Pure_Gold,Pouso Alegre,POU_L3,9,-0.0,false,lata
130,Stella_Artois_Pure_Gold,Pouso Alegre,POU_L3,10,-0.0,false,lata
130,Stella_Artois_Pure_Gold,Pouso Alegre,POU_L3,11,-0.0,false,lata
130,Stella_Artois_Pure_Gold,Pouso Alegre,POU_L3,12,-0.0,false,lata
130,Stella_Artois_Pure_Gold,Pouso Alegre,POU_L3,13,-0.0,false,lata
130,Stella_Artois_Pure_Gold,Pouso Alegre,POU_L3,14,-0.0,false,lata
130,Stella_Artois_Pure_Gold,Pouso Alegre,POU_L3,15,-0.0,false,lata
130,Stella_Artois_Pure_Gold,Gama,GAM_L1,1,-0.0,false,lata
130,Stella_Artois_Pure_Gold,Gama,GAM_L1,2,-0.0,false,lata
130,Stella_Artois_Pure_Gold,Gama,GAM_L1,3,-0.0,false,lata
130,Stella_Artois_Pure_Gold,Gama,GAM_L1,4,-0.0,false,lata
130,Stella_Artois_Pure_Gold,Gama,GAM_L1,5,-0.0,false,lata
130,Stella_Artois_Pure_Gold,Gama,GAM_L1,6,-0.0,false,lata
130,Stella_Artois_Pure_Gold,Gama,GAM_L1,7,-0.0,false,lata
130,Stella_Artois_Pure_Gold,Gama,GAM_L1,8,-0.0,false,lata
130,Stella_Artois_Pure_Gold,Gama,GAM_L1,9,-0.0,false,lata
130,Stella_Artois_Pure_Gold,Gama,GAM_L1,10,-0.0,false,lata
130,Stella_Artois_Pure_Gold,Gama,GAM_L1,11,-0.0,false,lata
130,Stella_Artois_Pure_Gold,Gama,GAM_L1,12,-0.0,false,lata
130,Stella_Artois_Pure_Gold,Gama,GAM_L1,13,-0.0,false,lata
130,Stella_Artois_Pure_Gold,Gama,GAM_L1,14,-0.0,false,lata
130,Stella_Artois_Pure_Gold,Gama,GAM_L1,15,-0.0,false,lata
130,Stella_Artois_Pure_Gold,Gama,GAM_L2,1,-0.0,false,lata
130,Stella_Artois_Pure_Gold,Gama,GAM_L2,2,-999998.6703088998,false,lata
130,Stella_Artois_Pure_Gold,Gama,GAM_L2,3,-999998.9197088998,false,lata
130,Stella_Artois_Pure_Gold,Gama,GAM_L2,4,-0.0,false,lata
130,Stella_Artois_Pure_Gold,Gama,GAM_L2,5,-0.0,false,lata
130,Stella_Artois_Pure_Gold,Gama,GAM_L2,6,-0.0,false,lata
130,Stella_Artois_Pure_Gold,Gama,GAM_L2,7,-0.0,false,lata
130,Stella_Artois_Pure_Gold,Gama,GAM_L2,8,-0.0,false,lata
130,Stella_Artois_Pure_Gold,Gama,GAM_L2,9,-0.0,false,lata
130,Stella_Artois_Pure_Gold,Gama,GAM_L2,10,-0.0,false,lata
130,Stella_Artois_Pure_Gold,Gama,GAM_L2,11,-0.0,false,lata
130,Stella_Artois_Pure_Gold,Gama,GAM_L2,12,-0.0,false,lata
130,Stella_Artois_Pure_Gold,Gama,GAM_L2,13,-0.0,false,lata
130,Stella_Artois_Pure_Gold,Gama,GAM_L2,14,-0.0,false,lata
130,Stella_Artois_Pure_Gold,Gama,GAM_L2,15,-0.0,false,lata
130,Stella_Artois_Pure_Gold,Gama,GAM_L3,1,-0.0,false,lata
130,Stella_Artois_Pure_Gold,Gama,GAM_L3,2,-0.0,false,lata
130,Stella_Artois_Pure_Gold,Gama,GAM_L3,3,-999998.9197088998,false,lata
130,Stella_Artois_Pure_Gold,Gama,GAM_L3,4,-0.0,false,lata
130,Stella_Artois_Pure_Gold,Gama,GAM_L3,5,-0.0,false,lata
130,Stella_Artois_Pure_Gold,Gama,GAM_L3,6,-0.0,false,lata
130,Stella_Artois_Pure_Gold,Gama,GAM_L3,7,-0.0,false,lata
130,Stella_Artois_Pure_Gold,Gama,GAM_L3,8,-999998.5381498,false,lata
130,Stella_Artois_Pure_Gold,Gama,GAM_L3,9,-0.0,false,lata
130,Stella_Artois_Pure_Gold,Gama,GAM_L3,10,-0.0,false,lata
130,Stella_Artois_Pure_Gold,Gama,GAM_L3,11,-0.0,false,lata
130,Stella_Artois_Pure_Gold,Gama,GAM_L3,12,-0.0,false,lata
130,Stella_Artois_Pure_Gold,Gama,GAM_L3,13,-0.0,false,lata
130,Stella_Artois_Pure_Gold,Gama,GAM_L3,14,-0.0,false,lata
130,Stella_Artois_Pure_Gold,Gama,GAM_L3,15,-0.0,false,lata
130,Stella_Artois_Pure_Gold,Viamao,VIA_L1,1,-0.0,false,lata
130,Stella_Artois_Pure_Gold,Viamao,VIA_L1,2,-0.0,false,lata
130,Stella_Artois_Pure_Gold,Viamao,VIA_L1,3,-0.0,false,lata
130,Stella_Artois_Pure_Gold,Viamao,VIA_L1,4,-999998.3877240497,false,lata
130,Stella_Artois_Pure_Gold,Viamao,VIA_L1,5,-0.0,false,lata
130,Stella_Artois_Pure_Gold,Viamao,VIA_L1,6,-0.0,false,lata
130,Stella_Artois_Pure_Gold,Viamao,VIA_L1,7,-0.0,false,lata
130,Stella_Artois_Pure_Gold,Viamao,VIA_L1,8,-0.0,false,lata
130,Stella_Artois_Pure_Gold,Viamao,VIA_L1,9,-0.0,false,lata
130,Stella_Artois_Pure_Gold,Viamao,VIA_L1,10,-0.0,false,lata
130,Stella_Artois_Pure_Gold,Viamao,VIA_L1,11,-0.0,false,lata
130,Stella_Artois_Pure_Gold,Viamao,VIA_L1,12,-0.0,false,lata
130,Stella_Artois_Pure_Gold,Viamao,VIA_L1,13,-0.0,false,lata
130,Stella_Artois_Pure_Gold,Viamao,VIA_L1,14,-999997.9911147,false,lata
130,Stella_Artois_Pure_Gold,Viamao,VIA_L1,15,-0.0,false,lata
130,Stella_Artois_Pure_Gold,Viamao,VIA_L2,1,-0.0,false,lata
130,Stella_Artois_Pure_Gold,Viamao,VIA_L2,2,-0.0,false,lata
130,Stella_Artois_Pure_Gold,Viamao,VIA_L2,3,-0.0,false,lata
130,Stella_Artois_Pure_Gold,Viamao,VIA_L2,4,-999998.3877240497,false,lata
130,Stella_Artois_Pure_Gold,Viamao,VIA_L2,5,-999998.1420113002,false,lata
130,Stella_Artois_Pure_Gold,Viamao,VIA_L2,6,-0.0,false,lata
130,Stella_Artois_Pure_Gold,Viamao,VIA_L2,7,-0.0,false,lata
130,Stella_Artois_Pure_Gold,Viamao,VIA_L2,8,-0.0,false,lata
130,Stella_Artois_Pure_Gold,Viamao,VIA_L2,9,-0.0,false,lata
130,Stella_Artois_Pure_Gold,Viamao,VIA_L2,10,-0.0,false,lata
130,Stella_Artois_Pure_Gold,Viamao,VIA_L2,11,-0.0,false,lata
130,Stella_Artois_Pure_Gold,Viamao,VIA_L2,12,-0.0,false,lata
130,Stella_Artois_Pure_Gold,Viamao,VIA_L2,13,-999998.2317060501,false,lata
130,Stella_Artois_Pure_Gold,Viamao,VIA_L2,14,-0.0,false,lata
130,Stella_Artois_Pure_Gold,Viamao,VIA_L2,15,-0.0,false,lata
130,Stella_Artois_Pure_Gold,Viamao,VIA_L3,1,-0.0,false,lata
130,Stella_Artois_Pure_Gold,Viamao,VIA_L3,2,-0.0,false,lata
130,Stella_Artois_Pure_Gold,Viamao,VIA_L3,3,-0.0,false,lata
130,Stella_Artois_Pure_Gold,Viamao,VIA_L3,4,-0.0,false,lata
130,Stella_Artois_Pure_Gold,Viamao,VIA_L3,5,-0.0,false,lata
130,Stella_Artois_Pure_Gold,Viamao,VIA_L3,6,-0.0,false,lata
130,Stella_Artois_Pure_Gold,Viamao,VIA_L3,7,-0.0,false,lata
130,Stella_Artois_Pure_Gold,Viamao,VIA_L3,8,-0.0,false,lata
130,Stella_Artois_Pure_Gold,Viamao,VIA_L3,9,-0.0,false,lata
130,Stella_Artois_Pure_Gold,Viamao,VIA_L3,10,-0.0,false,lata
130,Stella_Artois_Pure_Gold,Viamao,VIA_L3,11,-0.0,false,lata
130,Stella_Artois_Pure_Gold,Viamao,VIA_L3,12,-0.0,false,lata
130,Stella_Artois_Pure_Gold,Viamao,VIA_L3,13,-0.0,false,lata
130,Stella_Artois_Pure_Gold,Viamao,VIA_L3,14,-0.0,false,lata
130,Stella_Artois_Pure_Gold,Viamao,VIA_L3,15,-0.0,false,lata
130,Stella_Artois_Pure_Gold,Itupeva,ITU_L1,1,-0.0,false,lata
130,Stella_Artois_Pure_Gold,Itupeva,ITU_L1,2,-0.0,false,lata
130,Stella_Artois_Pure_Gold,Itupeva,ITU_L1,3,-0.0,false,lata
130,Stella_Artois_Pure_Gold,Itupeva,ITU_L1,4,-0.0,false,lata
130,Stella_Artois_Pure_Gold,Itupeva,ITU_L1,5,-0.0,false,lata
130,Stella_Artois_Pure_Gold,Itupeva,ITU_L1,6,-0.0,false,lata
130,Stella_Artois_Pure_Gold,Itupeva,ITU_L1,7,-0.0,false,lata
130,Stella_Artois_Pure_Gold,Itupeva,ITU_L1,8,-0.0,false,lata
130,Stella_Artois_Pure_Gold,Itupeva,ITU_L1,9,-0.0,false,lata
130,Stella_Artois_Pure_Gold,Itupeva,ITU_L1,10,-0.0,false,lata
130,Stella_Artois_Pure_Gold,Itupeva,ITU_L1,11,-0.0,false,lata
130,Stella_Artois_Pure_Gold,Itupeva,ITU_L1,12,-999997.9529298501,false,lata
130,Stella_Artois_Pure_Gold,Itupeva,ITU_L1,13,-0.0,false,lata
130,Stella_Artois_Pure_Gold,Itupeva,ITU_L1,14,-0.0,false,lata
130,Stella_Artois_Pure_Gold,Itupeva,ITU_L1,15,-0.0,false,lata
130,Stella_Artois_Pure_Gold,Itupeva,ITU_L2,1,-0.0,false,lata
130,Stella_Artois_Pure_Gold,Itupeva,ITU_L2,2,-0.0,false,lata
130,Stella_Artois_Pure_Gold,Itupeva,ITU_L2,3,-0.0,false,lata
130,Stella_Artois_Pure_Gold,Itupeva,ITU_L2,4,-0.0,false,lata
130,Stella_Artois_Pure_Gold,Itupeva,ITU_L2,5,-0.0,false,lata
130,Stella_Artois_Pure_Gold,Itupeva,ITU_L2,6,-0.0,false,lata
130,Stella_Artois_Pure_Gold,Itupeva,ITU_L2,7,-0.0,false,lata
130,Stella_Artois_Pure_Gold,Itupeva,ITU_L2,8,-0.0,false,lata
130,Stella_Artois_Pure_Gold,Itupeva,ITU_L2,9,-0.0,false,lata
130,Stella_Artois_Pure_Gold,Itupeva,ITU_L2,10,-0.0,false,lata
130,Stella_Artois_Pure_Gold,Itupeva,ITU_L2,11,-0.0,false,lata
130,Stella_Artois_Pure_Gold,Itupeva,ITU_L2,12,-0.0,false,lata
130,Stella_Artois_Pure_Gold,Itupeva,ITU_L2,13,-0.0,false,lata
130,Stella_Artois_Pure_Gold,Itupeva,ITU_L2,14,-0.0,false,lata
130,Stella_Artois_Pure_Gold,Itupeva,ITU_L2,15,-0.0,false,lata
130,Stella_Artois_Pure_Gold,Itupeva,ITU_L3,1,-0.0,false,lata
130,Stella_Artois_Pure_Gold,Itupeva,ITU_L3,2,-0.0,false,lata
130,Stella_Artois_Pure_Gold,Itupeva,ITU_L3,3,-0.0,false,lata
130,Stella_Artois_Pure_Gold,Itupeva,ITU_L3,4,-0.0,false,lata
130,Stella_Artois_Pure_Gold,Itupeva,ITU_L3,5,-0.0,false,lata
130,Stella_Artois_Pure_Gold,Itupeva,ITU_L3,6,-0.0,false,lata
130,Stella_Artois_Pure_Gold,Itupeva,ITU_L3,7,-999998.4331299999,false,lata
130,Stella_Artois_Pure_Gold,Itupeva,ITU_L3,8,-0.0,false,lata
130,Stella_Artois_Pure_Gold,Itupeva,ITU_L3,9,-0.0,false,lata
130,Stella_Artois_Pure_Gold,Itupeva,ITU_L3,10,-0.0,false,lata
130,Stella_Artois_Pure_Gold,Itupeva,ITU_L3,11,-0.0,false,lata
130,Stella_Artois_Pure_Gold,Itupeva,ITU_L3,12,-0.0,false,lata
130,Stella_Artois_Pure_Gold,Itupeva,ITU_L3,13,-999998.1948281501,false,lata
130,Stella_Artois_Pure_Gold,Itupeva,ITU_L3,14,-0.0,false,lata
130,Stella_Artois_Pure_Gold,Itupeva,ITU_L3,15,-0.0,false,lata
130,Stella_Artois_Pure_Gold,Cabo de Santo Agostinho,CAB_L1,1,-0.0,false,lata
130,Stella_Artois_Pure_Gold,Cabo de Santo Agostinho,CAB_L1,2,-0.0,false,lata
130,Stella_Artois_Pure_Gold,Cabo de Santo Agostinho,CAB_L1,3,-0.0,false,lata
130,Stella_Artois_Pure_Gold,Cabo de Santo Agostinho,CAB_L1,4,-0.0,false,lata
130,Stella_Artois_Pure_Gold,Cabo de Santo Agostinho,CAB_L1,5,-0.0,false,lata
130,Stella_Artois_Pure_Gold,Cabo de Santo Agostinho,CAB_L1,6,-0.0,false,lata
130,Stella_Artois_Pure_Gold,Cabo de Santo Agostinho,CAB_L1,7,-0.0,false,lata
130,Stella_Artois_Pure_Gold,Cabo de Santo Agostinho,CAB_L1,8,-0.0,false,lata
130,Stella_Artois_Pure_Gold,Cabo de Santo Agostinho,CAB_L1,9,-0.0,false,lata
130,Stella_Artois_Pure_Gold,Cabo de Santo Agostinho,CAB_L1,10,-0.0,false,lata
130,Stella_Artois_Pure_Gold,Cabo de Santo Agostinho,CAB_L1,11,-0.0,false,lata
130,Stella_Artois_Pure_Gold,Cabo de Santo Agostinho,CAB_L1,12,-999998.0341274501,false,lata
130,Stella_Artois_Pure_Gold,Cabo de Santo Agostinho,CAB_L1,13,-0.0,false,lata
130,Stella_Artois_Pure_Gold,Cabo de Santo Agostinho,CAB_L1,14,-0.0,false,lata
130,Stella_Artois_Pure_Gold,Cabo de Santo Agostinho,CAB_L1,15,-999998.2919360999,false,lata
130,Stella_Artois_Pure_Gold,Cabo de Santo Agostinho,CAB_L2,1,-0.0,false,lata
130,Stella_Artois_Pure_Gold,Cabo de Santo Agostinho,CAB_L2,2,-0.0,false,lata
130,Stella_Artois_Pure_Gold,Cabo de Santo Agostinho,CAB_L2,3,-0.0,false,lata
130,Stella_Artois_Pure_Gold,Cabo de Santo Agostinho,CAB_L2,4,-0.0,false,lata
130,Stella_Artois_Pure_Gold,Cabo de Santo Agostinho,CAB_L2,5,-0.0,false,lata
130,Stella_Artois_Pure_Gold,Cabo de Santo Agostinho,CAB_L2,6,-0.0,false,lata
130,Stella_Artois_Pure_Gold,Cabo de Santo Agostinho,CAB_L2,7,-0.0,false,lata
130,Stella_Artois_Pure_Gold,Cabo de Santo Agostinho,CAB_L2,8,-0.0,false,lata
130,Stella_Artois_Pure_Gold,Cabo de Santo Agostinho,CAB_L2,9,-0.0,false,lata
130,Stella_Artois_Pure_Gold,Cabo de Santo Agostinho,CAB_L2,10,-0.0,false,lata
130,Stella_Artois_Pure_Gold,Cabo de Santo Agostinho,CAB_L2,11,-0.0,false,lata
130,Stella_Artois_Pure_Gold,Cabo de Santo Agostinho,CAB_L2,12,-0.0,false,lata
130,Stella_Artois_Pure_Gold,Cabo de Santo Agostinho,CAB_L2,13,-0.0,false,lata
130,Stella_Artois_Pure_Gold,Cabo de Santo Agostinho,CAB_L2,14,-0.0,false,lata
130,Stella_Artois_Pure_Gold,Cabo de Santo Agostinho,CAB_L2,15,-0.0,false,lata
130,Stella_Artois_Pure_Gold,Cabo de Santo Agostinho,CAB_L3,1,-0.0,false,lata
130,Stella_Artois_Pure_Gold,Cabo de Santo Agostinho,CAB_L3,2,-0.0,false,lata
130,Stella_Artois_Pure_Gold,Cabo de Santo Agostinho,CAB_L3,3,-0.0,false,lata
130,Stella_Artois_Pure_Gold,Cabo de Santo Agostinho,CAB_L3,4,-0.0,false,lata
130,Stella_Artois_Pure_Gold,Cabo de Santo Agostinho,CAB_L3,5,-0.0,false,lata
130,Stella_Artois_Pure_Gold,Cabo de Santo Agostinho,CAB_L3,6,-0.0,false,lata
130,Stella_Artois_Pure_Gold,Cabo de Santo Agostinho,CAB_L3,7,-0.0,false,lata
130,Stella_Artois_Pure_Gold,Cabo de Santo Agostinho,CAB_L3,8,-0.0,false,lata
130,Stella_Artois_Pure_Gold,Cabo de Santo Agostinho,CAB_L3,9,-0.0,false,lata
130,Stella_Artois_Pure_Gold,Cabo de Santo Agostinho,CAB_L3,10,-0.0,false,lata
130,Stella_Artois_Pure_Gold,Cabo de Santo Agostinho,CAB_L3,11,-0.0,false,lata
130,Stella_Artois_Pure_Gold,Cabo de Santo Agostinho,CAB_L3,12,-0.0,false,lata
130,Stella_Artois_Pure_Gold,Cabo de Santo Agostinho,CAB_L3,13,-0.0,false,lata
130,Stella_Artois_Pure_Gold,Cabo de Santo Agostinho,CAB_L3,14,-0.0,false,lata
130,Stella_Artois_Pure_Gold,Cabo de Santo Agostinho,CAB_L3,15,-999998.2923360999,false,lata
130,Schweppes_Citrus,Jacarei,JAC_L1,1,-999999.9928506999,false,lata
130,Schweppes_Citrus,Jacarei,JAC_L1,2,-0.0,false,lata
130,Schweppes_Citrus,Jacarei,JAC_L1,3,-0.0,false,lata
130,Schweppes_Citrus,Jacarei,JAC_L1,4,-0.0,false,lata
130,Schweppes_Citrus,Jacarei,JAC_L1,5,-0.0,false,lata
130,Schweppes_Citrus,Jacarei,JAC_L1,6,-0.0,false,lata
130,Schweppes_Citrus,Jacarei,JAC_L1,7,-0.0,false,lata
130,Schweppes_Citrus,Jacarei,JAC_L1,8,-0.0,false,lata
130,Schweppes_Citrus,Jacarei,JAC_L1,9,-0.0,false,lata
130,Schweppes_Citrus,Jacarei,JAC_L1,10,-0.0,false,lata
130,Schweppes_Citrus,Jacarei,JAC_L1,11,-0.0,false,lata
130,Schweppes_Citrus,Jacarei,JAC_L1,12,-0.0,false,lata
130,Schweppes_Citrus,Jacarei,JAC_L1,13,-0.0,false,lata
130,Schweppes_Citrus,Jacarei,JAC_L1,14,-0.0,false,lata
130,Schweppes_Citrus,Jacarei,JAC_L1,15,-999999.9928506999,false,lata
130,Schweppes_Citrus,Jacarei,JAC_L2,1,-0.0,false,lata
130,Schweppes_Citrus,Jacarei,JAC_L2,2,-0.0,false,lata
130,Schweppes_Citrus,Jacarei,JAC_L2,3,-0.0,false,lata
130,Schweppes_Citrus,Jacarei,JAC_L2,4,-0.0,false,lata
130,Schweppes_Citrus,Jacarei,JAC_L2,5,-0.0,false,lata
130,Schweppes_Citrus,Jacarei,JAC_L2,6,-0.0,false,lata
130,Schweppes_Citrus,Jacarei,JAC_L2,7,-0.0,false,lata
130,Schweppes_Citrus,Jacarei,JAC_L2,8,-0.0,false,lata
130,Schweppes_Citrus,Jacarei,JAC_L2,9,-999999.7570321998,false,lata
130,Schweppes_Citrus,Jacarei,JAC_L2,10,-0.0,false,lata
130,Schweppes_Citrus,Jacarei,JAC_L2,11,-0.0,false,lata
130,Schweppes_Citrus,Jacarei,JAC_L2,12,-0.0,false,lata
130,Schweppes_Citrus,Jacarei,JAC_L2,13,-0.0,false,lata
130,Schweppes_Citrus,Jacarei,JAC_L2,14,-0.0,false,lata
130,Schweppes_Citrus,Jacarei,JAC_L2,15,-0.0,false,lata
130,Schweppes_Citrus,Jacarei,JAC_L3,1,-0.0,false,lata
130,Schweppes_Citrus,Jacarei,JAC_L3,2,-0.0,false,lata
130,Schweppes_Citrus,Jacarei,JAC_L3,3,-0.0,false,lata
130,Schweppes_Citrus,Jacarei,JAC_L3,4,-0.0,false,lata
130,Schweppes_Citrus,Jacarei,JAC_L3,5,-0.0,false,lata
130,Schweppes_Citrus,Jacarei,JAC_L3,6,-0.0,false,lata
130,Schweppes_Citrus,Jacarei,JAC_L3,7,-0.0,false,lata
130,Schweppes_Citrus,Jacarei,JAC_L3,8,-0.0,false,lata
130,Schweppes_Citrus,Jacarei,JAC_L3,9,-0.0,false,lata
130,Schweppes_Citrus,Jacarei,JAC_L3,10,-1.0e6,true,lata
130,Schweppes_Citrus,Jacarei,JAC_L3,11,-0.0,false,lata
130,Schweppes_Citrus,Jacarei,JAC_L3,12,-0.0,false,lata
130,Schweppes_Citrus,Jacarei,JAC_L3,13,-0.0,false,lata
130,Schweppes_Citrus,Jacarei,JAC_L3,14,-0.0,false,lata
130,Schweppes_Citrus,Jacarei,JAC_L3,15,-0.0,false,lata
130,Schweppes_Citrus,Extrema,EXT_L1,1,-0.0,false,lata
130,Schweppes_Citrus,Extrema,EXT_L1,2,-0.0,false,lata
130,Schweppes_Citrus,Extrema,EXT_L1,3,-0.0,false,lata
130,Schweppes_Citrus,Extrema,EXT_L1,4,-0.0,false,lata
130,Schweppes_Citrus,Extrema,EXT_L1,5,-0.0,false,lata
130,Schweppes_Citrus,Extrema,EXT_L1,6,-0.0,false,lata
130,Schweppes_Citrus,Extrema,EXT_L1,7,-0.0,false,lata
130,Schweppes_Citrus,Extrema,EXT_L1,8,-999999.6400000001,false,lata
130,Schweppes_Citrus,Extrema,EXT_L1,9,-0.0,false,lata
130,Schweppes_Citrus,Extrema,EXT_L1,10,-0.0,false,lata
130,Schweppes_Citrus,Extrema,EXT_L1,11,-0.0,false,lata
130,Schweppes_Citrus,Extrema,EXT_L1,12,-0.0,false,lata
130,Schweppes_Citrus,Extrema,EXT_L1,13,-0.0,false,lata
130,Schweppes_Citrus,Extrema,EXT_L1,14,-999999.73100135,false,lata
130,Schweppes_Citrus,Extrema,EXT_L1,15,-999999.99104365,false,lata
130,Schweppes_Citrus,Extrema,EXT_L2,1,-0.0,false,lata
130,Schweppes_Citrus,Extrema,EXT_L2,2,-0.0,false,lata
130,Schweppes_Citrus,Extrema,EXT_L2,3,-0.0,false,lata
130,Schweppes_Citrus,Extrema,EXT_L2,4,-0.0,false,lata
130,Schweppes_Citrus,Extrema,EXT_L2,5,-0.0,false,lata
130,Schweppes_Citrus,Extrema,EXT_L2,6,-0.0,false,lata
130,Schweppes_Citrus,Extrema,EXT_L2,7,-0.0,false,lata
130,Schweppes_Citrus,Extrema,EXT_L2,8,-0.0,false,lata
130,Schweppes_Citrus,Extrema,EXT_L2,9,-0.0,false,lata
130,Schweppes_Citrus,Extrema,EXT_L2,10,-0.0,false,lata
130,Schweppes_Citrus,Extrema,EXT_L2,11,-0.0,false,lata
130,Schweppes_Citrus,Extrema,EXT_L2,12,-0.0,false,lata
130,Schweppes_Citrus,Extrema,EXT_L2,13,-0.0,false,lata
130,Schweppes_Citrus,Extrema,EXT_L2,14,-0.0,false,lata
130,Schweppes_Citrus,Extrema,EXT_L2,15,-0.0,false,lata
130,Schweppes_Citrus,Extrema,EXT_L3,1,-0.0,false,lata
130,Schweppes_Citrus,Extrema,EXT_L3,2,-0.0,false,lata
130,Schweppes_Citrus,Extrema,EXT_L3,3,-0.0,false,lata
130,Schweppes_Citrus,Extrema,EXT_L3,4,-0.0,false,lata
130,Schweppes_Citrus,Extrema,EXT_L3,5,-0.0,false,lata
130,Schweppes_Citrus,Extrema,EXT_L3,6,-0.0,false,lata
130,Schweppes_Citrus,Extrema,EXT_L3,7,-0.0,false,lata
130,Schweppes_Citrus,Extrema,EXT_L3,8,-0.0,false,lata
130,Schweppes_Citrus,Extrema,EXT_L3,9,-0.0,false,lata
130,Schweppes_Citrus,Extrema,EXT_L3,10,-0.0,false,lata
130,Schweppes_Citrus,Extrema,EXT_L3,11,-999999.6366336499,false,lata
130,Schweppes_Citrus,Extrema,EXT_L3,12,-0.0,false,lata
130,Schweppes_Citrus,Extrema,EXT_L3,13,-0.0,false,lata
130,Schweppes_Citrus,Extrema,EXT_L3,14,-0.0,false,lata
130,Schweppes_Citrus,Extrema,EXT_L3,15,-0.0,false,lata
130,Schweppes_Citrus,Tres Rios,TRE_L1,1,-0.0,false,lata
130,Schweppes_Citrus,Tres Rios,TRE_L1,2,-0.0,false,lata
130,Schweppes_Citrus,Tres Rios,TRE_L1,3,-0.0,false,lata
130,Schweppes_Citrus,Tres Rios,TRE_L1,4,-0.0,false,lata
130,Schweppes_Citrus,Tres Rios,TRE_L1,5,-0.0,false,lata
130,Schweppes_Citrus,Tres Rios,TRE_L1,6,-0.0,false,lata
130,Schweppes_Citrus,Tres Rios,TRE_L1,7,-0.0,false,lata
130,Schweppes_Citrus,Tres Rios,TRE_L1,8,-0.0,false,lata
130,Schweppes_Citrus,Tres Rios,TRE_L1,9,-0.0,false,lata
130,Schweppes_Citrus,Tres Rios,TRE_L1,10,-0.0,false,lata
130,Schweppes_Citrus,Tres Rios,TRE_L1,11,-0.0,false,lata
130,Schweppes_Citrus,Tres Rios,TRE_L1,12,-0.0,false,lata
130,Schweppes_Citrus,Tres Rios,TRE_L1,13,-0.0,false,lata
130,Schweppes_Citrus,Tres Rios,TRE_L1,14,-0.0,false,lata
130,Schweppes_Citrus,Tres Rios,TRE_L1,15,-0.0,false,lata
130,Schweppes_Citrus,Tres Rios,TRE_L2,1,-0.0,false,lata
130,Schweppes_Citrus,Tres Rios,TRE_L2,2,-0.0,false,lata
130,Schweppes_Citrus,Tres Rios,TRE_L2,3,-0.0,false,lata
130,Schweppes_Citrus,Tres Rios,TRE_L2,4,-0.0,false,lata
130,Schweppes_Citrus,Tres Rios,TRE_L2,5,-0.0,false,lata
130,Schweppes_Citrus,Tres Rios,TRE_L2,6,-0.0,false,lata
130,Schweppes_Citrus,Tres Rios,TRE_L2,7,-0.0,false,lata
130,Schweppes_Citrus,Tres Rios,TRE_L2,8,-0.0,false,lata
130,Schweppes_Citrus,Tres Rios,TRE_L2,9,-0.0,false,lata
130,Schweppes_Citrus,Tres Rios,TRE_L2,10,-0.0,false,lata
130,Schweppes_Citrus,Tres Rios,TRE_L2,11,-0.0,false,lata
130,Schweppes_Citrus,Tres Rios,TRE_L2,12,-0.0,false,lata
130,Schweppes_Citrus,Tres Rios,TRE_L2,13,-0.0,false,lata
130,Schweppes_Citrus,Tres Rios,TRE_L2,14,-0.0,false,lata
130,Schweppes_Citrus,Tres Rios,TRE_L2,15,-0.0,false,lata
130,Schweppes_Citrus,Tres Rios,TRE_L3,1,-1.0e6,true,lata
130,Schweppes_Citrus,Tres Rios,TRE_L3,2,-0.0,false,lata
130,Schweppes_Citrus,Tres Rios,TRE_L3,3,-0.0,false,lata
130,Schweppes_Citrus,Tres Rios,TRE_L3,4,-0.0,false,lata
130,Schweppes_Citrus,Tres Rios,TRE_L3,5,-0.0,false,lata
130,Schweppes_Citrus,Tres Rios,TRE_L3,6,-0.0,false,lata
130,Schweppes_Citrus,Tres Rios,TRE_L3,7,-0.0,false,lata
130,Schweppes_Citrus,Tres Rios,TRE_L3,8,-0.0,false,lata
130,Schweppes_Citrus,Tres Rios,TRE_L3,9,-0.0,false,lata
130,Schweppes_Citrus,Tres Rios,TRE_L3,10,-0.0,false,lata
130,Schweppes_Citrus,Tres Rios,TRE_L3,11,-0.0,false,lata
130,Schweppes_Citrus,Tres Rios,TRE_L3,12,-0.0,false,lata
130,Schweppes_Citrus,Tres Rios,TRE_L3,13,-0.0,false,lata
130,Schweppes_Citrus,Tres Rios,TRE_L3,14,-0.0,false,lata
130,Schweppes_Citrus,Tres Rios,TRE_L3,15,-1.0e6,true,lata
130,Schweppes_Citrus,Alagoinhas,ALA_L1,1,-0.0,false,lata
130,Schweppes_Citrus,Alagoinhas,ALA_L1,2,-0.0,false,lata
130,Schweppes_Citrus,Alagoinhas,ALA_L1,3,-0.0,false,lata
130,Schweppes_Citrus,Alagoinhas,ALA_L1,4,-0.0,false,lata
130,Schweppes_Citrus,Alagoinhas,ALA_L1,5,-0.0,false,lata
130,Schweppes_Citrus,Alagoinhas,ALA_L1,6,-0.0,false,lata
130,Schweppes_Citrus,Alagoinhas,ALA_L1,7,-0.0,false,lata
130,Schweppes_Citrus,Alagoinhas,ALA_L1,8,-0.0,false,lata
130,Schweppes_Citrus,Alagoinhas,ALA_L1,9,-0.0,false,lata
130,Schweppes_Citrus,Alagoinhas,ALA_L1,10,-0.0,false,lata
130,Schweppes_Citrus,Alagoinhas,ALA_L1,11,-0.0,false,lata
130,Schweppes_Citrus,Alagoinhas,ALA_L1,12,-999999.717211,false,lata
130,Schweppes_Citrus,Alagoinhas,ALA_L1,13,-0.0,false,lata
130,Schweppes_Citrus,Alagoinhas,ALA_L1,14,-0.0,false,lata
130,Schweppes_Citrus,Alagoinhas,ALA_L1,15,-0.0,false,lata
130,Schweppes_Citrus,Alagoinhas,ALA_L2,1,-0.0,false,lata
130,Schweppes_Citrus,Alagoinhas,ALA_L2,2,-0.0,false,lata
130,Schweppes_Citrus,Alagoinhas,ALA_L2,3,-0.0,false,lata
130,Schweppes_Citrus,Alagoinhas,ALA_L2,4,-0.0,false,lata
130,Schweppes_Citrus,Alagoinhas,ALA_L2,5,-0.0,false,lata
130,Schweppes_Citrus,Alagoinhas,ALA_L2,6,-0.0,false,lata
130,Schweppes_Citrus,Alagoinhas,ALA_L2,7,-0.0,false,lata
130,Schweppes_Citrus,Alagoinhas,ALA_L2,8,-0.0,false,lata
130,Schweppes_Citrus,Alagoinhas,ALA_L2,9,-0.0,false,lata
130,Schweppes_Citrus,Alagoinhas,ALA_L2,10,-0.0,false,lata
130,Schweppes_Citrus,Alagoinhas,ALA_L2,11,-0.0,false,lata
130,Schweppes_Citrus,Alagoinhas,ALA_L2,12,-0.0,false,lata
130,Schweppes_Citrus,Alagoinhas,ALA_L2,13,-0.0,false,lata
130,Schweppes_Citrus,Alagoinhas,ALA_L2,14,-0.0,false,lata
130,Schweppes_Citrus,Alagoinhas,ALA_L2,15,-0.0,false,lata
130,Schweppes_Citrus,Alagoinhas,ALA_L3,1,-0.0,false,lata
130,Schweppes_Citrus,Alagoinhas,ALA_L3,2,-0.0,false,lata
130,Schweppes_Citrus,Alagoinhas,ALA_L3,3,-0.0,false,lata
130,Schweppes_Citrus,Alagoinhas,ALA_L3,4,-0.0,false,lata
130,Schweppes_Citrus,Alagoinhas,ALA_L3,5,-0.0,false,lata
130,Schweppes_Citrus,Alagoinhas,ALA_L3,6,-0.0,false,lata
130,Schweppes_Citrus,Alagoinhas,ALA_L3,7,-0.0,false,lata
130,Schweppes_Citrus,Alagoinhas,ALA_L3,8,-0.0,false,lata
130,Schweppes_Citrus,Alagoinhas,ALA_L3,9,-0.0,false,lata
130,Schweppes_Citrus,Alagoinhas,ALA_L3,10,-0.0,false,lata
130,Schweppes_Citrus,Alagoinhas,ALA_L3,11,-0.0,false,lata
130,Schweppes_Citrus,Alagoinhas,ALA_L3,12,-0.0,false,lata
130,Schweppes_Citrus,Alagoinhas,ALA_L3,13,-0.0,false,lata
130,Schweppes_Citrus,Alagoinhas,ALA_L3,14,-0.0,false,lata
130,Schweppes_Citrus,Alagoinhas,ALA_L3,15,-0.0,false,lata
130,Schweppes_Citrus,Frutal,FRU_L1,1,-0.0,false,lata
130,Schweppes_Citrus,Frutal,FRU_L1,2,-0.0,false,lata
130,Schweppes_Citrus,Frutal,FRU_L1,3,-0.0,false,lata
130,Schweppes_Citrus,Frutal,FRU_L1,4,-999999.9411837,false,lata
130,Schweppes_Citrus,Frutal,FRU_L1,5,-0.0,false,lata
130,Schweppes_Citrus,Frutal,FRU_L1,6,-0.0,false,lata
130,Schweppes_Citrus,Frutal,FRU_L1,7,-0.0,false,lata
130,Schweppes_Citrus,Frutal,FRU_L1,8,-0.0,false,lata
130,Schweppes_Citrus,Frutal,FRU_L1,9,-0.0,false,lata
130,Schweppes_Citrus,Frutal,FRU_L1,10,-0.0,false,lata
130,Schweppes_Citrus,Frutal,FRU_L1,11,-0.0,false,lata
130,Schweppes_Citrus,Frutal,FRU_L1,12,-0.0,false,lata
130,Schweppes_Citrus,Frutal,FRU_L1,13,-0.0,false,lata
130,Schweppes_Citrus,Frutal,FRU_L1,14,-0.0,false,lata
130,Schweppes_Citrus,Frutal,FRU_L1,15,-999999.9832506999,false,lata
130,Schweppes_Citrus,Frutal,FRU_L2,1,-0.0,false,lata
130,Schweppes_Citrus,Frutal,FRU_L2,2,-0.0,false,lata
130,Schweppes_Citrus,Frutal,FRU_L2,3,-0.0,false,lata
130,Schweppes_Citrus,Frutal,FRU_L2,4,-0.0,false,lata
130,Schweppes_Citrus,Frutal,FRU_L2,5,-0.0,false,lata
130,Schweppes_Citrus,Frutal,FRU_L2,6,-0.0,false,lata
130,Schweppes_Citrus,Frutal,FRU_L2,7,-0.0,false,lata
130,Schweppes_Citrus,Frutal,FRU_L2,8,-0.0,false,lata
130,Schweppes_Citrus,Frutal,FRU_L2,9,-0.0,false,lata
130,Schweppes_Citrus,Frutal,FRU_L2,10,-0.0,false,lata
130,Schweppes_Citrus,Frutal,FRU_L2,11,-0.0,false,lata
130,Schweppes_Citrus,Frutal,FRU_L2,12,-0.0,false,lata
130,Schweppes_Citrus,Frutal,FRU_L2,13,-0.0,false,lata
130,Schweppes_Citrus,Frutal,FRU_L2,14,-0.0,false,lata
130,Schweppes_Citrus,Frutal,FRU_L2,15,-0.0,false,lata
130,Schweppes_Citrus,Frutal,FRU_L3,1,-0.0,false,lata
130,Schweppes_Citrus,Frutal,FRU_L3,2,-0.0,false,lata
130,Schweppes_Citrus,Frutal,FRU_L3,3,-0.0,false,lata
130,Schweppes_Citrus,Frutal,FRU_L3,4,-0.0,false,lata
130,Schweppes_Citrus,Frutal,FRU_L3,5,-0.0,false,lata
130,Schweppes_Citrus,Frutal,FRU_L3,6,-0.0,false,lata
130,Schweppes_Citrus,Frutal,FRU_L3,7,-0.0,false,lata
130,Schweppes_Citrus,Frutal,FRU_L3,8,-0.0,false,lata
130,Schweppes_Citrus,Frutal,FRU_L3,9,-0.0,false,lata
130,Schweppes_Citrus,Frutal,FRU_L3,10,-0.0,false,lata
130,Schweppes_Citrus,Frutal,FRU_L3,11,-0.0,false,lata
130,Schweppes_Citrus,Frutal,FRU_L3,12,-0.0,false,lata
130,Schweppes_Citrus,Frutal,FRU_L3,13,-0.0,false,lata
130,Schweppes_Citrus,Frutal,FRU_L3,14,-0.0,false,lata
130,Schweppes_Citrus,Frutal,FRU_L3,15,-0.0,false,lata
130,Schweppes_Citrus,Pouso Alegre,POU_L1,1,-0.0,false,lata
130,Schweppes_Citrus,Pouso Alegre,POU_L1,2,-0.0,false,lata
130,Schweppes_Citrus,Pouso Alegre,POU_L1,3,-0.0,false,lata
130,Schweppes_Citrus,Pouso Alegre,POU_L1,4,-0.0,false,lata
130,Schweppes_Citrus,Pouso Alegre,POU_L1,5,-0.0,false,lata
130,Schweppes_Citrus,Pouso Alegre,POU_L1,6,-0.0,false,lata
130,Schweppes_Citrus,Pouso Alegre,POU_L1,7,-0.0,false,lata
130,Schweppes_Citrus,Pouso Alegre,POU_L1,8,-0.0,false,lata
130,Schweppes_Citrus,Pouso Alegre,POU_L1,9,-0.0,false,lata
130,Schweppes_Citrus,Pouso Alegre,POU_L1,10,-0.0,false,lata
130,Schweppes_Citrus,Pouso Alegre,POU_L1,11,-0.0,false,lata
130,Schweppes_Citrus,Pouso Alegre,POU_L1,12,-0.0,false,lata
130,Schweppes_Citrus,Pouso Alegre,POU_L1,13,-0.0,false,lata
130,Schweppes_Citrus,Pouso Alegre,POU_L1,14,-0.0,false,lata
130,Schweppes_Citrus,Pouso Alegre,POU_L1,15,-0.0,false,lata
130,Schweppes_Citrus,Pouso Alegre,POU_L2,1,-0.0,false,lata
130,Schweppes_Citrus,Pouso Alegre,POU_L2,2,-0.0,false,lata
130,Schweppes_Citrus,Pouso Alegre,POU_L2,3,-0.0,false,lata
130,Schweppes_Citrus,Pouso Alegre,POU_L2,4,-0.0,false,lata
130,Schweppes_Citrus,Pouso Alegre,POU_L2,5,-0.0,false,lata
130,Schweppes_Citrus,Pouso Alegre,POU_L2,6,-999999.8835175999,false,lata
130,Schweppes_Citrus,Pouso Alegre,POU_L2,7,-0.0,false,lata
130,Schweppes_Citrus,Pouso Alegre,POU_L2,8,-0.0,false,lata
130,Schweppes_Citrus,Pouso Alegre,POU_L2,9,-0.0,false,lata
130,Schweppes_Citrus,Pouso Alegre,POU_L2,10,-0.0,false,lata
130,Schweppes_Citrus,Pouso Alegre,POU_L2,11,-0.0,false,lata
130,Schweppes_Citrus,Pouso Alegre,POU_L2,12,-0.0,false,lata
130,Schweppes_Citrus,Pouso Alegre,POU_L2,13,-0.0,false,lata
130,Schweppes_Citrus,Pouso Alegre,POU_L2,14,-0.0,false,lata
130,Schweppes_Citrus,Pouso Alegre,POU_L2,15,-0.0,false,lata
130,Schweppes_Citrus,Pouso Alegre,POU_L3,1,-0.0,false,lata
130,Schweppes_Citrus,Pouso Alegre,POU_L3,2,-0.0,false,lata
130,Schweppes_Citrus,Pouso Alegre,POU_L3,3,-0.0,false,lata
130,Schweppes_Citrus,Pouso Alegre,POU_L3,4,-0.0,false,lata
130,Schweppes_Citrus,Pouso Alegre,POU_L3,5,-1.0e6,true,lata
130,Schweppes_Citrus,Pouso Alegre,POU_L3,6,-0.0,false,lata
130,Schweppes_Citrus,Pouso Alegre,POU_L3,7,-0.0,false,lata
130,Schweppes_Citrus,Pouso Alegre,POU_L3,8,-0.0,false,lata
130,Schweppes_Citrus,Pouso Alegre,POU_L3,9,-0.0,false,lata
130,Schweppes_Citrus,Pouso Alegre,POU_L3,10,-1.0e6,true,lata
130,Schweppes_Citrus,Pouso Alegre,POU_L3,11,-0.0,false,lata
130,Schweppes_Citrus,Pouso Alegre,POU_L3,12,-0.0,false,lata
130,Schweppes_Citrus,Pouso Alegre,POU_L3,13,-0.0,false,lata
130,Schweppes_Citrus,Pouso Alegre,POU_L3,14,-0.0,false,lata
130,Schweppes_Citrus,Pouso Alegre,POU_L3,15,-0.0,false,lata
130,Schweppes_Citrus,Gama,GAM_L1,1,-0.0,false,lata
130,Schweppes_Citrus,Gama,GAM_L1,2,-0.0,false,lata
130,Schweppes_Citrus,Gama,GAM_L1,3,-0.0,false,lata
130,Schweppes_Citrus,Gama,GAM_L1,4,-0.0,false,lata
130,Schweppes_Citrus,Gama,GAM_L1,5,-0.0,false,lata
130,Schweppes_Citrus,Gama,GAM_L1,6,-999999.9137123999,false,lata
130,Schweppes_Citrus,Gama,GAM_L1,7,-0.0,false,lata
130,Schweppes_Citrus,Gama,GAM_L1,8,-0.0,false,lata
130,Schweppes_Citrus,Gama,GAM_L1,9,-0.0,false,lata
130,Schweppes_Citrus,Gama,GAM_L1,10,-0.0,false,lata
130,Schweppes_Citrus,Gama,GAM_L1,11,-999999.66978145,false,lata
130,Schweppes_Citrus,Gama,GAM_L1,12,-0.0,false,lata
130,Schweppes_Citrus,Gama,GAM_L1,13,-0.0,false,lata
130,Schweppes_Citrus,Gama,GAM_L1,14,-0.0,false,lata
130,Schweppes_Citrus,Gama,GAM_L1,15,-0.0,false,lata
130,Schweppes_Citrus,Gama,GAM_L2,1,-0.0,false,lata
130,Schweppes_Citrus,Gama,GAM_L2,2,-0.0,false,lata
130,Schweppes_Citrus,Gama,GAM_L2,3,-0.0,false,lata
130,Schweppes_Citrus,Gama,GAM_L2,4,-0.0,false,lata
130,Schweppes_Citrus,Gama,GAM_L2,5,-0.0,false,lata
130,Schweppes_Citrus,Gama,GAM_L2,6,-0.0,false,lata
130,Schweppes_Citrus,Gama,GAM_L2,7,-0.0,false,lata
130,Schweppes_Citrus,Gama,GAM_L2,8,-0.0,false,lata
130,Schweppes_Citrus,Gama,GAM_L2,9,-0.0,false,lata
130,Schweppes_Citrus,Gama,GAM_L2,10,-0.0,false,lata
130,Schweppes_Citrus,Gama,GAM_L2,11,-0.0,false,lata
130,Schweppes_Citrus,Gama,GAM_L2,12,-0.0,false,lata
130,Schweppes_Citrus,Gama,GAM_L2,13,-0.0,false,lata
130,Schweppes_Citrus,Gama,GAM_L2,14,-999999.7367186499,false,lata
130,Schweppes_Citrus,Gama,GAM_L2,15,-0.0,false,lata
130,Schweppes_Citrus,Gama,GAM_L3,1,-0.0,false,lata
130,Schweppes_Citrus,Gama,GAM_L3,2,-0.0,false,lata
130,Schweppes_Citrus,Gama,GAM_L3,3,-0.0,false,lata
130,Schweppes_Citrus,Gama,GAM_L3,4,-0.0,false,lata
130,Schweppes_Citrus,Gama,GAM_L3,5,-999999.9687629,false,lata
130,Schweppes_Citrus,Gama,GAM_L3,6,-0.0,false,lata
130,Schweppes_Citrus,Gama,GAM_L3,7,-999999.8545880499,false,lata
130,Schweppes_Citrus,Gama,GAM_L3,8,-0.0,false,lata
130,Schweppes_Citrus,Gama,GAM_L3,9,-0.0,false,lata
130,Schweppes_Citrus,Gama,GAM_L3,10,-0.0,false,lata
130,Schweppes_Citrus,Gama,GAM_L3,11,-0.0,false,lata
130,Schweppes_Citrus,Gama,GAM_L3,12,-0.0,false,lata
130,Schweppes_Citrus,Gama,GAM_L3,13,-0.0,false,lata
130,Schweppes_Citrus,Gama,GAM_L3,14,-0.0,false,lata
130,Schweppes_Citrus,Gama,GAM_L3,15,-0.0,false,lata
130,Schweppes_Citrus,Viamao,VIA_L1,1,-0.0,false,lata
130,Schweppes_Citrus,Viamao,VIA_L1,2,-0.0,false,lata
130,Schweppes_Citrus,Viamao,VIA_L1,3,-0.0,false,lata
130,Schweppes_Citrus,Viamao,VIA_L1,4,-0.0,false,lata
130,Schweppes_Citrus,Viamao,VIA_L1,5,-0.0,false,lata
130,Schweppes_Citrus,Viamao,VIA_L1,6,-0.0,false,lata
130,Schweppes_Citrus,Viamao,VIA_L1,7,-0.0,false,lata
130,Schweppes_Citrus,Viamao,VIA_L1,8,-999999.6749097,false,lata
130,Schweppes_Citrus,Viamao,VIA_L1,9,-0.0,false,lata
130,Schweppes_Citrus,Viamao,VIA_L1,10,-0.0,false,lata
130,Schweppes_Citrus,Viamao,VIA_L1,11,-0.0,false,lata
130,Schweppes_Citrus,Viamao,VIA_L1,12,-0.0,false,lata
130,Schweppes_Citrus,Viamao,VIA_L1,13,-0.0,false,lata
130,Schweppes_Citrus,Viamao,VIA_L1,14,-0.0,false,lata
130,Schweppes_Citrus,Viamao,VIA_L1,15,-0.0,false,lata
130,Schweppes_Citrus,Viamao,VIA_L2,1,-0.0,false,lata
130,Schweppes_Citrus,Viamao,VIA_L2,2,-0.0,false,lata
130,Schweppes_Citrus,Viamao,VIA_L2,3,-0.0,false,lata
130,Schweppes_Citrus,Viamao,VIA_L2,4,-0.0,false,lata
130,Schweppes_Citrus,Viamao,VIA_L2,5,-0.0,false,lata
130,Schweppes_Citrus,Viamao,VIA_L2,6,-0.0,false,lata
130,Schweppes_Citrus,Viamao,VIA_L2,7,-0.0,false,lata
130,Schweppes_Citrus,Viamao,VIA_L2,8,-0.0,false,lata
130,Schweppes_Citrus,Viamao,VIA_L2,9,-0.0,false,lata
130,Schweppes_Citrus,Viamao,VIA_L2,10,-0.0,false,lata
130,Schweppes_Citrus,Viamao,VIA_L2,11,-0.0,false,lata
130,Schweppes_Citrus,Viamao,VIA_L2,12,-0.0,false,lata
130,Schweppes_Citrus,Viamao,VIA_L2,13,-0.0,false,lata
130,Schweppes_Citrus,Viamao,VIA_L2,14,-0.0,false,lata
130,Schweppes_Citrus,Viamao,VIA_L2,15,-0.0,false,lata
130,Schweppes_Citrus,Viamao,VIA_L3,1,-0.0,false,lata
130,Schweppes_Citrus,Viamao,VIA_L3,2,-0.0,false,lata
130,Schweppes_Citrus,Viamao,VIA_L3,3,-0.0,false,lata
130,Schweppes_Citrus,Viamao,VIA_L3,4,-0.0,false,lata
130,Schweppes_Citrus,Viamao,VIA_L3,5,-0.0,false,lata
130,Schweppes_Citrus,Viamao,VIA_L3,6,-0.0,false,lata
130,Schweppes_Citrus,Viamao,VIA_L3,7,-0.0,false,lata
130,Schweppes_Citrus,Viamao,VIA_L3,8,-0.0,false,lata
130,Schweppes_Citrus,Viamao,VIA_L3,9,-0.0,false,lata
130,Schweppes_Citrus,Viamao,VIA_L3,10,-0.0,false,lata
130,Schweppes_Citrus,Viamao,VIA_L3,11,-0.0,false,lata
130,Schweppes_Citrus,Viamao,VIA_L3,12,-0.0,false,lata
130,Schweppes_Citrus,Viamao,VIA_L3,13,-0.0,false,lata
130,Schweppes_Citrus,Viamao,VIA_L3,14,-0.0,false,lata
130,Schweppes_Citrus,Viamao,VIA_L3,15,-0.0,false,lata
130,Schweppes_Citrus,Itupeva,ITU_L1,1,-999999.9939156999,false,lata
130,Schweppes_Citrus,Itupeva,ITU_L1,2,-999999.6805736499,false,lata
130,Schweppes_Citrus,Itupeva,ITU_L1,3,-0.0,false,lata
130,Schweppes_Citrus,Itupeva,ITU_L1,4,-0.0,false,lata
130,Schweppes_Citrus,Itupeva,ITU_L1,5,-0.0,false,lata
130,Schweppes_Citrus,Itupeva,ITU_L1,6,-999999.8843154499,false,lata
130,Schweppes_Citrus,Itupeva,ITU_L1,7,-0.0,false,lata
130,Schweppes_Citrus,Itupeva,ITU_L1,8,-0.0,false,lata
130,Schweppes_Citrus,Itupeva,ITU_L1,9,-0.0,false,lata
130,Schweppes_Citrus,Itupeva,ITU_L1,10,-0.0,false,lata
130,Schweppes_Citrus,Itupeva,ITU_L1,11,-0.0,false,lata
130,Schweppes_Citrus,Itupeva,ITU_L1,12,-0.0,false,lata
130,Schweppes_Citrus,Itupeva,ITU_L1,13,-0.0,false,lata
130,Schweppes_Citrus,Itupeva,ITU_L1,14,-0.0,false,lata
130,Schweppes_Citrus,Itupeva,ITU_L1,15,-0.0,false,lata
130,Schweppes_Citrus,Itupeva,ITU_L2,1,-0.0,false,lata
130,Schweppes_Citrus,Itupeva,ITU_L2,2,-999999.6805736499,false,lata
130,Schweppes_Citrus,Itupeva,ITU_L2,3,-0.0,false,lata
130,Schweppes_Citrus,Itupeva,ITU_L2,4,-0.0,false,lata
130,Schweppes_Citrus,Itupeva,ITU_L2,5,-0.0,false,lata
130,Schweppes_Citrus,Itupeva,ITU_L2,6,-0.0,false,lata
130,Schweppes_Citrus,Itupeva,ITU_L2,7,-0.0,false,lata
130,Schweppes_Citrus,Itupeva,ITU_L2,8,-0.0,false,lata
130,Schweppes_Citrus,Itupeva,ITU_L2,9,-0.0,false,lata
130,Schweppes_Citrus,Itupeva,ITU_L2,10,-0.0,false,lata
130,Schweppes_Citrus,Itupeva,ITU_L2,11,-0.0,false,lata
130,Schweppes_Citrus,Itupeva,ITU_L2,12,-0.0,false,lata
130,Schweppes_Citrus,Itupeva,ITU_L2,13,-0.0,false,lata
130,Schweppes_Citrus,Itupeva,ITU_L2,14,-0.0,false,lata
130,Schweppes_Citrus,Itupeva,ITU_L2,15,-0.0,false,lata
130,Schweppes_Citrus,Itupeva,ITU_L3,1,-0.0,false,lata
130,Schweppes_Citrus,Itupeva,ITU_L3,2,-0.0,false,lata
130,Schweppes_Citrus,Itupeva,ITU_L3,3,-0.0,false,lata
130,Schweppes_Citrus,Itupeva,ITU_L3,4,-0.0,false,lata
130,Schweppes_Citrus,Itupeva,ITU_L3,5,-0.0,false,lata
130,Schweppes_Citrus,Itupeva,ITU_L3,6,-0.0,false,lata
130,Schweppes_Citrus,Itupeva,ITU_L3,7,-0.0,false,lata
130,Schweppes_Citrus,Itupeva,ITU_L3,8,-0.0,false,lata
130,Schweppes_Citrus,Itupeva,ITU_L3,9,-0.0,false,lata
130,Schweppes_Citrus,Itupeva,ITU_L3,10,-0.0,false,lata
130,Schweppes_Citrus,Itupeva,ITU_L3,11,-0.0,false,lata
130,Schweppes_Citrus,Itupeva,ITU_L3,12,-0.0,false,lata
130,Schweppes_Citrus,Itupeva,ITU_L3,13,-0.0,false,lata
130,Schweppes_Citrus,Itupeva,ITU_L3,14,-0.0,false,lata
130,Schweppes_Citrus,Itupeva,ITU_L3,15,-0.0,false,lata
130,Schweppes_Citrus,Cabo de Santo Agostinho,CAB_L1,1,-0.0,false,lata
130,Schweppes_Citrus,Cabo de Santo Agostinho,CAB_L1,2,-0.0,false,lata
130,Schweppes_Citrus,Cabo de Santo Agostinho,CAB_L1,3,-0.0,false,lata
130,Schweppes_Citrus,Cabo de Santo Agostinho,CAB_L1,4,-1.0e6,true,lata
130,Schweppes_Citrus,Cabo de Santo Agostinho,CAB_L1,5,-0.0,false,lata
130,Schweppes_Citrus,Cabo de Santo Agostinho,CAB_L1,6,-0.0,false,lata
130,Schweppes_Citrus,Cabo de Santo Agostinho,CAB_L1,7,-0.0,false,lata
130,Schweppes_Citrus,Cabo de Santo Agostinho,CAB_L1,8,-0.0,false,lata
130,Schweppes_Citrus,Cabo de Santo Agostinho,CAB_L1,9,-0.0,false,lata
130,Schweppes_Citrus,Cabo de Santo Agostinho,CAB_L1,10,-0.0,false,lata
130,Schweppes_Citrus,Cabo de Santo Agostinho,CAB_L1,11,-0.0,false,lata
130,Schweppes_Citrus,Cabo de Santo Agostinho,CAB_L1,12,-0.0,false,lata
130,Schweppes_Citrus,Cabo de Santo Agostinho,CAB_L1,13,-1.0e6,true,lata
130,Schweppes_Citrus,Cabo de Santo Agostinho,CAB_L1,14,-0.0,false,lata
130,Schweppes_Citrus,Cabo de Santo Agostinho,CAB_L1,15,-0.0,false,lata
130,Schweppes_Citrus,Cabo de Santo Agostinho,CAB_L2,1,-0.0,false,lata
130,Schweppes_Citrus,Cabo de Santo Agostinho,CAB_L2,2,-0.0,false,lata
130,Schweppes_Citrus,Cabo de Santo Agostinho,CAB_L2,3,-0.0,false,lata
130,Schweppes_Citrus,Cabo de Santo Agostinho,CAB_L2,4,-0.0,false,lata
130,Schweppes_Citrus,Cabo de Santo Agostinho,CAB_L2,5,-0.0,false,lata
130,Schweppes_Citrus,Cabo de Santo Agostinho,CAB_L2,6,-0.0,false,lata
130,Schweppes_Citrus,Cabo de Santo Agostinho,CAB_L2,7,-0.0,false,lata
130,Schweppes_Citrus,Cabo de Santo Agostinho,CAB_L2,8,-0.0,false,lata
130,Schweppes_Citrus,Cabo de Santo Agostinho,CAB_L2,9,-0.0,false,lata
130,Schweppes_Citrus,Cabo de Santo Agostinho,CAB_L2,10,-0.0,false,lata
130,Schweppes_Citrus,Cabo de Santo Agostinho,CAB_L2,11,-0.0,false,lata
130,Schweppes_Citrus,Cabo de Santo Agostinho,CAB_L2,12,-0.0,false,lata
130,Schweppes_Citrus,Cabo de Santo Agostinho,CAB_L2,13,-0.0,false,lata
130,Schweppes_Citrus,Cabo de Santo Agostinho,CAB_L2,14,-0.0,false,lata
130,Schweppes_Citrus,Cabo de Santo Agostinho,CAB_L2,15,-0.0,false,lata
130,Schweppes_Citrus,Cabo de Santo Agostinho,CAB_L3,1,-0.0,false,lata
130,Schweppes_Citrus,Cabo de Santo Agostinho,CAB_L3,2,-0.0,false,lata
130,Schweppes_Citrus,Cabo de Santo Agostinho,CAB_L3,3,-0.0,false,lata
130,Schweppes_Citrus,Cabo de Santo Agostinho,CAB_L3,4,-0.0,false,lata
130,Schweppes_Citrus,Cabo de Santo Agostinho,CAB_L3,5,-0.0,false,lata
130,Schweppes_Citrus,Cabo de Santo Agostinho,CAB_L3,6,-0.0,false,lata
130,Schweppes_Citrus,Cabo de Santo Agostinho,CAB_L3,7,-0.0,false,lata
130,Schweppes_Citrus,Cabo de Santo Agostinho,CAB_L3,8,-0.0,false,lata
130,Schweppes_Citrus,Cabo de Santo Agostinho,CAB_L3,9,-0.0,false,lata
130,Schweppes_Citrus,Cabo de Santo Agostinho,CAB_L3,10,-0.0,false,lata
130,Schweppes_Citrus,Cabo de Santo Agostinho,CAB_L3,11,-0.0,false,lata
130,Schweppes_Citrus,Cabo de Santo Agostinho,CAB_L3,12,-0.0,false,lata
130,Schweppes_Citrus,Cabo de Santo Agostinho,CAB_L3,13,-0.0,false,lata
130,Schweppes_Citrus,Cabo de Santo Agostinho,CAB_L3,14,-0.0,false,lata
130,Schweppes_Citrus,Cabo de Santo Agostinho,CAB_L3,15,-0.0,false,lata
130,Amstel_Lata,Jacarei,JAC_L1,1,-0.0,false,lata
130,Amstel_Lata,Jacarei,JAC_L1,2,-999999.2926466999,false,lata
130,Amstel_Lata,Jacarei,JAC_L1,3,-0.0,false,lata
130,Amstel_Lata,Jacarei,JAC_L1,4,-0.0,false,lata
130,Amstel_Lata,Jacarei,JAC_L1,5,-0.0,false,lata
130,Amstel_Lata,Jacarei,JAC_L1,6,-0.0,false,lata
130,Amstel_Lata,Jacarei,JAC_L1,7,-0.0,false,lata
130,Amstel_Lata,Jacarei,JAC_L1,8,-0.0,false,lata
130,Amstel_Lata,Jacarei,JAC_L1,9,-0.0,false,lata
130,Amstel_Lata,Jacarei,JAC_L1,10,-0.0,false,lata
130,Amstel_Lata,Jacarei,JAC_L1,11,-0.0,false,lata
130,Amstel_Lata,Jacarei,JAC_L1,12,-0.0,false,lata
130,Amstel_Lata,Jacarei,JAC_L1,13,-0.0,false,lata
130,Amstel_Lata,Jacarei,JAC_L1,14,-0.0,false,lata
130,Amstel_Lata,Jacarei,JAC_L1,15,-0.0,false,lata
130,Amstel_Lata,Jacarei,JAC_L2,1,-0.0,false,lata
130,Amstel_Lata,Jacarei,JAC_L2,2,-0.0,false,lata
130,Amstel_Lata,Jacarei,JAC_L2,3,-0.0,false,lata
130,Amstel_Lata,Jacarei,JAC_L2,4,-0.0,false,lata
130,Amstel_Lata,Jacarei,JAC_L2,5,-0.0,false,lata
130,Amstel_Lata,Jacarei,JAC_L2,6,-0.0,false,lata
130,Amstel_Lata,Jacarei,JAC_L2,7,-0.0,false,lata
130,Amstel_Lata,Jacarei,JAC_L2,8,-0.0,false,lata
130,Amstel_Lata,Jacarei,JAC_L2,9,-0.0,false,lata
130,Amstel_Lata,Jacarei,JAC_L2,10,-0.0,false,lata
130,Amstel_Lata,Jacarei,JAC_L2,11,-0.0,false,lata
130,Amstel_Lata,Jacarei,JAC_L2,12,-0.0,false,lata
130,Amstel_Lata,Jacarei,JAC_L2,13,-0.0,false,lata
130,Amstel_Lata,Jacarei,JAC_L2,14,-0.0,false,lata
130,Amstel_Lata,Jacarei,JAC_L2,15,-0.0,false,lata
130,Amstel_Lata,Jacarei,JAC_L3,1,-0.0,false,lata
130,Amstel_Lata,Jacarei,JAC_L3,2,-0.0,false,lata
130,Amstel_Lata,Jacarei,JAC_L3,3,-0.0,false,lata
130,Amstel_Lata,Jacarei,JAC_L3,4,-0.0,false,lata
130,Amstel_Lata,Jacarei,JAC_L3,5,-0.0,false,lata
130,Amstel_Lata,Jacarei,JAC_L3,6,-0.0,false,lata
130,Amstel_Lata,Jacarei,JAC_L3,7,-0.0,false,lata
130,Amstel_Lata,Jacarei,JAC_L3,8,-0.0,false,lata
130,Amstel_Lata,Jacarei,JAC_L3,9,-0.0,false,lata
130,Amstel_Lata,Jacarei,JAC_L3,10,-0.0,false,lata
130,Amstel_Lata,Jacarei,JAC_L3,11,-0.0,false,lata
130,Amstel_Lata,Jacarei,JAC_L3,12,-999999.1188540501,false,lata
130,Amstel_Lata,Jacarei,JAC_L3,13,-0.0,false,lata
130,Amstel_Lata,Jacarei,JAC_L3,14,-0.0,false,lata
130,Amstel_Lata,Jacarei,JAC_L3,15,-0.0,false,lata
130,Amstel_Lata,Extrema,EXT_L1,1,-0.0,false,lata
130,Amstel_Lata,Extrema,EXT_L1,2,-0.0,false,lata
130,Amstel_Lata,Extrema,EXT_L1,3,-0.0,false,lata
130,Amstel_Lata,Extrema,EXT_L1,4,-0.0,false,lata
130,Amstel_Lata,Extrema,EXT_L1,5,-0.0,false,lata
130,Amstel_Lata,Extrema,EXT_L1,6,-0.0,false,lata
130,Amstel_Lata,Extrema,EXT_L1,7,-0.0,false,lata
130,Amstel_Lata,Extrema,EXT_L1,8,-0.0,false,lata
130,Amstel_Lata,Extrema,EXT_L1,9,-0.0,false,lata
130,Amstel_Lata,Extrema,EXT_L1,10,-0.0,false,lata
130,Amstel_Lata,Extrema,EXT_L1,11,-0.0,false,lata
130,Amstel_Lata,Extrema,EXT_L1,12,-0.0,false,lata
130,Amstel_Lata,Extrema,EXT_L1,13,-0.0,false,lata
130,Amstel_Lata,Extrema,EXT_L1,14,-0.0,false,lata
130,Amstel_Lata,Extrema,EXT_L1,15,-0.0,false,lata
130,Amstel_Lata,Extrema,EXT_L2,1,-0.0,false,lata
130,Amstel_Lata,Extrema,EXT_L2,2,-0.0,false,lata
130,Amstel_Lata,Extrema,EXT_L2,3,-0.0,false,lata
130,Amstel_Lata,Extrema,EXT_L2,4,-999998.9689308001,false,lata
130,Amstel_Lata,Extrema,EXT_L2,5,-0.0,false,lata
130,Amstel_Lata,Extrema,EXT_L2,6,-0.0,false,lata
130,Amstel_Lata,Extrema,EXT_L2,7,-0.0,false,lata
130,Amstel_Lata,Extrema,EXT_L2,8,-0.0,false,lata
130,Amstel_Lata,Extrema,EXT_L2,9,-0.0,false,lata
130,Amstel_Lata,Extrema,EXT_L2,10,-0.0,false,lata
130,Amstel_Lata,Extrema,EXT_L2,11,-0.0,false,lata
130,Amstel_Lata,Extrema,EXT_L2,12,-0.0,false,lata
130,Amstel_Lata,Extrema,EXT_L2,13,-0.0,false,lata
130,Amstel_Lata,Extrema,EXT_L2,14,-0.0,false,lata
130,Amstel_Lata,Extrema,EXT_L2,15,-0.0,false,lata
130,Amstel_Lata,Extrema,EXT_L3,1,-0.0,false,lata
130,Amstel_Lata,Extrema,EXT_L3,2,-0.0,false,lata
130,Amstel_Lata,Extrema,EXT_L3,3,-999999.1873532998,false,lata
130,Amstel_Lata,Extrema,EXT_L3,4,-0.0,false,lata
130,Amstel_Lata,Extrema,EXT_L3,5,-0.0,false,lata
130,Amstel_Lata,Extrema,EXT_L3,6,-0.0,false,lata
130,Amstel_Lata,Extrema,EXT_L3,7,-0.0,false,lata
130,Amstel_Lata,Extrema,EXT_L3,8,-0.0,false,lata
130,Amstel_Lata,Extrema,EXT_L3,9,-0.0,false,lata
130,Amstel_Lata,Extrema,EXT_L3,10,-0.0,false,lata
130,Amstel_Lata,Extrema,EXT_L3,11,-0.0,false,lata
130,Amstel_Lata,Extrema,EXT_L3,12,-0.0,false,lata
130,Amstel_Lata,Extrema,EXT_L3,13,-0.0,false,lata
130,Amstel_Lata,Extrema,EXT_L3,14,-0.0,false,lata
130,Amstel_Lata,Extrema,EXT_L3,15,-999998.9527875999,false,lata
130,Amstel_Lata,Tres Rios,TRE_L1,1,-0.0,false,lata
130,Amstel_Lata,Tres Rios,TRE_L1,2,-0.0,false,lata
130,Amstel_Lata,Tres Rios,TRE_L1,3,-0.0,false,lata
130,Amstel_Lata,Tres Rios,TRE_L1,4,-0.0,false,lata
130,Amstel_Lata,Tres Rios,TRE_L1,5,-0.0,false,lata
130,Amstel_Lata,Tres Rios,TRE_L1,6,-0.0,false,lata
130,Amstel_Lata,Tres Rios,TRE_L1,7,-0.0,false,lata
130,Amstel_Lata,Tres Rios,TRE_L1,8,-0.0,false,lata
130,Amstel_Lata,Tres Rios,TRE_L1,9,-0.0,false,lata
130,Amstel_Lata,Tres Rios,TRE_L1,10,-0.0,false,lata
130,Amstel_Lata,Tres Rios,TRE_L1,11,-0.0,false,lata
130,Amstel_Lata,Tres Rios,TRE_L1,12,-0.0,false,lata
130,Amstel_Lata,Tres Rios,TRE_L1,13,-0.0,false,lata
130,Amstel_Lata,Tres Rios,TRE_L1,14,-0.0,false,lata
130,Amstel_Lata,Tres Rios,TRE_L1,15,-0.0,false,lata
130,Amstel_Lata,Tres Rios,TRE_L2,1,-0.0,false,lata
130,Amstel_Lata,Tres Rios,TRE_L2,2,-0.0,false,lata
130,Amstel_Lata,Tres Rios,TRE_L2,3,-0.0,false,lata
130,Amstel_Lata,Tres Rios,TRE_L2,4,-0.0,false,lata
130,Amstel_Lata,Tres Rios,TRE_L2,5,-0.0,false,lata
130,Amstel_Lata,Tres Rios,TRE_L2,6,-0.0,false,lata
130,Amstel_Lata,Tres Rios,TRE_L2,7,-0.0,false,lata
130,Amstel_Lata,Tres Rios,TRE_L2,8,-0.0,false,lata
130,Amstel_Lata,Tres Rios,TRE_L2,9,-0.0,false,lata
130,Amstel_Lata,Tres Rios,TRE_L2,10,-0.0,false,lata
130,Amstel_Lata,Tres Rios,TRE_L2,11,-0.0,false,lata
130,Amstel_Lata,Tres Rios,TRE_L2,12,-0.0,false,lata
130,Amstel_Lata,Tres Rios,TRE_L2,13,-0.0,false,lata
130,Amstel_Lata,Tres Rios,TRE_L2,14,-0.0,false,lata
130,Amstel_Lata,Tres Rios,TRE_L2,15,-0.0,false,lata
130,Amstel_Lata,Tres Rios,TRE_L3,1,-0.0,false,lata
130,Amstel_Lata,Tres Rios,TRE_L3,2,-0.0,false,lata
130,Amstel_Lata,Tres Rios,TRE_L3,3,-0.0,false,lata
130,Amstel_Lata,Tres Rios,TRE_L3,4,-0.0,false,lata
130,Amstel_Lata,Tres Rios,TRE_L3,5,-0.0,false,lata
130,Amstel_Lata,Tres Rios,TRE_L3,6,-999999.4775100001,false,lata
130,Amstel_Lata,Tres Rios,TRE_L3,7,-0.0,false,lata
130,Amstel_Lata,Tres Rios,TRE_L3,8,-0.0,false,lata
130,Amstel_Lata,Tres Rios,TRE_L3,9,-0.0,false,lata
130,Amstel_Lata,Tres Rios,TRE_L3,10,-0.0,false,lata
130,Amstel_Lata,Tres Rios,TRE_L3,11,-0.0,false,lata
130,Amstel_Lata,Tres Rios,TRE_L3,12,-0.0,false,lata
130,Amstel_Lata,Tres Rios,TRE_L3,13,-0.0,false,lata
130,Amstel_Lata,Tres Rios,TRE_L3,14,-0.0,false,lata
130,Amstel_Lata,Tres Rios,TRE_L3,15,-0.0,false,lata
130,Amstel_Lata,Alagoinhas,ALA_L1,1,-999999.9762607,false,lata
130,Amstel_Lata,Alagoinhas,ALA_L1,2,-0.0,false,lata
130,Amstel_Lata,Alagoinhas,ALA_L1,3,-0.0,false,lata
130,Amstel_Lata,Alagoinhas,ALA_L1,4,-0.0,false,lata
130,Amstel_Lata,Alagoinhas,ALA_L1,5,-0.0,false,lata
130,Amstel_Lata,Alagoinhas,ALA_L1,6,-0.0,false,lata
130,Amstel_Lata,Alagoinhas,ALA_L1,7,-0.0,false,lata
130,Amstel_Lata,Alagoinhas,ALA_L1,8,-0.0,false,lata
130,Amstel_Lata,Alagoinhas,ALA_L1,9,-0.0,false,lata
130,Amstel_Lata,Alagoinhas,ALA_L1,10,-0.0,false,lata
130,Amstel_Lata,Alagoinhas,ALA_L1,11,-0.0,false,lata
130,Amstel_Lata,Alagoinhas,ALA_L1,12,-0.0,false,lata
130,Amstel_Lata,Alagoinhas,ALA_L1,13,-0.0,false,lata
130,Amstel_Lata,Alagoinhas,ALA_L1,14,-0.0,false,lata
130,Amstel_Lata,Alagoinhas,ALA_L1,15,-0.0,false,lata
130,Amstel_Lata,Alagoinhas,ALA_L2,1,-0.0,false,lata
130,Amstel_Lata,Alagoinhas,ALA_L2,2,-0.0,false,lata
130,Amstel_Lata,Alagoinhas,ALA_L2,3,-0.0,false,lata
130,Amstel_Lata,Alagoinhas,ALA_L2,4,-0.0,false,lata
130,Amstel_Lata,Alagoinhas,ALA_L2,5,-0.0,false,lata
130,Amstel_Lata,Alagoinhas,ALA_L2,6,-0.0,false,lata
130,Amstel_Lata,Alagoinhas,ALA_L2,7,-0.0,false,lata
130,Amstel_Lata,Alagoinhas,ALA_L2,8,-0.0,false,lata
130,Amstel_Lata,Alagoinhas,ALA_L2,9,-0.0,false,lata
130,Amstel_Lata,Alagoinhas,ALA_L2,10,-0.0,false,lata
130,Amstel_Lata,Alagoinhas,ALA_L2,11,-0.0,false,lata
130,Amstel_Lata,Alagoinhas,ALA_L2,12,-0.0,false,lata
130,Amstel_Lata,Alagoinhas,ALA_L2,13,-0.0,false,lata
130,Amstel_Lata,Alagoinhas,ALA_L2,14,-0.0,false,lata
130,Amstel_Lata,Alagoinhas,ALA_L2,15,-0.0,false,lata
130,Amstel_Lata,Alagoinhas,ALA_L3,1,-0.0,false,lata
130,Amstel_Lata,Alagoinhas,ALA_L3,2,-0.0,false,lata
130,Amstel_Lata,Alagoinhas,ALA_L3,3,-0.0,false,lata
130,Amstel_Lata,Alagoinhas,ALA_L3,4,-0.0,false,lata
130,Amstel_Lata,Alagoinhas,ALA_L3,5,-0.0,false,lata
130,Amstel_Lata,Alagoinhas,ALA_L3,6,-0.0,false,lata
130,Amstel_Lata,Alagoinhas,ALA_L3,7,-0.0,false,lata
130,Amstel_Lata,Alagoinhas,ALA_L3,8,-0.0,false,lata
130,Amstel_Lata,Alagoinhas,ALA_L3,9,-0.0,false,lata
130,Amstel_Lata,Alagoinhas,ALA_L3,10,-0.0,false,lata
130,Amstel_Lata,Alagoinhas,ALA_L3,11,-0.0,false,lata
130,Amstel_Lata,Alagoinhas,ALA_L3,12,-0.0,false,lata
130,Amstel_Lata,Alagoinhas,ALA_L3,13,-0.0,false,lata
130,Amstel_Lata,Alagoinhas,ALA_L3,14,-0.0,false,lata
130,Amstel_Lata,Alagoinhas,ALA_L3,15,-0.0,false,lata
130,Amstel_Lata,Frutal,FRU_L1,1,-0.0,false,lata
130,Amstel_Lata,Frutal,FRU_L1,2,-0.0,false,lata
130,Amstel_Lata,Frutal,FRU_L1,3,-0.0,false,lata
130,Amstel_Lata,Frutal,FRU_L1,4,-0.0,false,lata
130,Amstel_Lata,Frutal,FRU_L1,5,-0.0,false,lata
130,Amstel_Lata,Frutal,FRU_L1,6,-0.0,false,lata
130,Amstel_Lata,Frutal,FRU_L1,7,-0.0,false,lata
130,Amstel_Lata,Frutal,FRU_L1,8,-0.0,false,lata
130,Amstel_Lata,Frutal,FRU_L1,9,-0.0,false,lata
130,Amstel_Lata,Frutal,FRU_L1,10,-0.0,false,lata
130,Amstel_Lata,Frutal,FRU_L1,11,-0.0,false,lata
130,Amstel_Lata,Frutal,FRU_L1,12,-0.0,false,lata
130,Amstel_Lata,Frutal,FRU_L1,13,-0.0,false,lata
130,Amstel_Lata,Frutal,FRU_L1,14,-0.0,false,lata
130,Amstel_Lata,Frutal,FRU_L1,15,-0.0,false,lata
130,Amstel_Lata,Frutal,FRU_L2,1,-0.0,false,lata
130,Amstel_Lata,Frutal,FRU_L2,2,-0.0,false,lata
130,Amstel_Lata,Frutal,FRU_L2,3,-0.0,false,lata
130,Amstel_Lata,Frutal,FRU_L2,4,-0.0,false,lata
130,Amstel_Lata,Frutal,FRU_L2,5,-0.0,false,lata
130,Amstel_Lata,Frutal,FRU_L2,6,-0.0,false,lata
130,Amstel_Lata,Frutal,FRU_L2,7,-0.0,false,lata
130,Amstel_Lata,Frutal,FRU_L2,8,-0.0,false,lata
130,Amstel_Lata,Frutal,FRU_L2,9,-999999.02106745,false,lata
130,Amstel_Lata,Frutal,FRU_L2,10,-0.0,false,lata
130,Amstel_Lata,Frutal,FRU_L2,11,-0.0,false,lata
130,Amstel_Lata,Frutal,FRU_L2,12,-0.0,false,lata
130,Amstel_Lata,Frutal,FRU_L2,13,-0.0,false,lata
130,Amstel_Lata,Frutal,FRU_L2,14,-999999.5193524499,false,lata
130,Amstel_Lata,Frutal,FRU_L2,15,-0.0,false,lata
130,Amstel_Lata,Frutal,FRU_L3,1,-0.0,false,lata
130,Amstel_Lata,Frutal,FRU_L3,2,-0.0,false,lata
130,Amstel_Lata,Frutal,FRU_L3,3,-0.0,false,lata
130,Amstel_Lata,Frutal,FRU_L3,4,-0.0,false,lata
130,Amstel_Lata,Frutal,FRU_L3,5,-0.0,false,lata
130,Amstel_Lata,Frutal,FRU_L3,6,-0.0,false,lata
130,Amstel_Lata,Frutal,FRU_L3,7,-0.0,false,lata
130,Amstel_Lata,Frutal,FRU_L3,8,-0.0,false,lata
130,Amstel_Lata,Frutal,FRU_L3,9,-0.0,false,lata
130,Amstel_Lata,Frutal,FRU_L3,10,-0.0,false,lata
130,Amstel_Lata,Frutal,FRU_L3,11,-0.0,false,lata
130,Amstel_Lata,Frutal,FRU_L3,12,-0.0,false,lata
130,Amstel_Lata,Frutal,FRU_L3,13,-0.0,false,lata
130,Amstel_Lata,Frutal,FRU_L3,14,-0.0,false,lata
130,Amstel_Lata,Frutal,FRU_L3,15,-0.0,false,lata
130,Amstel_Lata,Pouso Alegre,POU_L1,1,-999999.9180920001,false,lata
130,Amstel_Lata,Pouso Alegre,POU_L1,2,-0.0,false,lata
130,Amstel_Lata,Pouso Alegre,POU_L1,3,-0.0,false,lata
130,Amstel_Lata,Pouso Alegre,POU_L1,4,-0.0,false,lata
130,Amstel_Lata,Pouso Alegre,POU_L1,5,-0.0,false,lata
130,Amstel_Lata,Pouso Alegre,POU_L1,6,-0.0,false,lata
130,Amstel_Lata,Pouso Alegre,POU_L1,7,-0.0,false,lata
130,Amstel_Lata,Pouso Alegre,POU_L1,8,-0.0,false,lata
130,Amstel_Lata,Pouso Alegre,POU_L1,9,-0.0,false,lata
130,Amstel_Lata,Pouso Alegre,POU_L1,10,-0.0,false,lata
130,Amstel_Lata,Pouso Alegre,POU_L1,11,-0.0,false,lata
130,Amstel_Lata,Pouso Alegre,POU_L1,12,-0.0,false,lata
130,Amstel_Lata,Pouso Alegre,POU_L1,13,-0.0,false,lata
130,Amstel_Lata,Pouso Alegre,POU_L1,14,-0.0,false,lata
130,Amstel_Lata,Pouso Alegre,POU_L1,15,-0.0,false,lata
130,Amstel_Lata,Pouso Alegre,POU_L2,1,-0.0,false,lata
130,Amstel_Lata,Pouso Alegre,POU_L2,2,-0.0,false,lata
130,Amstel_Lata,Pouso Alegre,POU_L2,3,-0.0,false,lata
130,Amstel_Lata,Pouso Alegre,POU_L2,4,-0.0,false,lata
130,Amstel_Lata,Pouso Alegre,POU_L2,5,-0.0,false,lata
130,Amstel_Lata,Pouso Alegre,POU_L2,6,-0.0,false,lata
130,Amstel_Lata,Pouso Alegre,POU_L2,7,-0.0,false,lata
130,Amstel_Lata,Pouso Alegre,POU_L2,8,-0.0,false,lata
130,Amstel_Lata,Pouso Alegre,POU_L2,9,-0.0,false,lata
130,Amstel_Lata,Pouso Alegre,POU_L2,10,-0.0,false,lata
130,Amstel_Lata,Pouso Alegre,POU_L2,11,-0.0,false,lata
130,Amstel_Lata,Pouso Alegre,POU_L2,12,-0.0,false,lata
130,Amstel_Lata,Pouso Alegre,POU_L2,13,-0.0,false,lata
130,Amstel_Lata,Pouso Alegre,POU_L2,14,-0.0,false,lata
130,Amstel_Lata,Pouso Alegre,POU_L2,15,-0.0,false,lata
130,Amstel_Lata,Pouso Alegre,POU_L3,1,-0.0,false,lata
130,Amstel_Lata,Pouso Alegre,POU_L3,2,-0.0,false,lata
130,Amstel_Lata,Pouso Alegre,POU_L3,3,-0.0,false,lata
130,Amstel_Lata,Pouso Alegre,POU_L3,4,-0.0,false,lata
130,Amstel_Lata,Pouso Alegre,POU_L3,5,-0.0,false,lata
130,Amstel_Lata,Pouso Alegre,POU_L3,6,-0.0,false,lata
130,Amstel_Lata,Pouso Alegre,POU_L3,7,-0.0,false,lata
130,Amstel_Lata,Pouso Alegre,POU_L3,8,-0.0,false,lata
130,Amstel_Lata,Pouso Alegre,POU_L3,9,-0.0,false,lata
130,Amstel_Lata,Pouso Alegre,POU_L3,10,-0.0,false,lata
130,Amstel_Lata,Pouso Alegre,POU_L3,11,-999999.5370672501,false,lata
130,Amstel_Lata,Pouso Alegre,POU_L3,12,-0.0,false,lata
130,Amstel_Lata,Pouso Alegre,POU_L3,13,-0.0,false,lata
130,Amstel_Lata,Pouso Alegre,POU_L3,14,-0.0,false,lata
130,Amstel_Lata,Pouso Alegre,POU_L3,15,-999998.9522865498,false,lata
130,Amstel_Lata,Gama,GAM_L1,1,-0.0,false,lata
130,Amstel_Lata,Gama,GAM_L1,2,-0.0,false,lata
130,Amstel_Lata,Gama,GAM_L1,3,-0.0,false,lata
130,Amstel_Lata,Gama,GAM_L1,4,-0.0,false,lata
130,Amstel_Lata,Gama,GAM_L1,5,-0.0,false,lata
130,Amstel_Lata,Gama,GAM_L1,6,-0.0,false,lata
130,Amstel_Lata,Gama,GAM_L1,7,-0.0,false,lata
130,Amstel_Lata,Gama,GAM_L1,8,-0.0,false,lata
130,Amstel_Lata,Gama,GAM_L1,9,-0.0,false,lata
130,Amstel_Lata,Gama,GAM_L1,10,-0.0,false,lata
130,Amstel_Lata,Gama,GAM_L1,11,-0.0,false,lata
130,Amstel_Lata,Gama,GAM_L1,12,-0.0,false,lata
130,Amstel_Lata,Gama,GAM_L1,13,-0.0,false,lata
130,Amstel_Lata,Gama,GAM_L1,14,-0.0,false,lata
130,Amstel_Lata,Gama,GAM_L1,15,-0.0,false,lata
130,Amstel_Lata,Gama,GAM_L2,1,-0.0,false,lata
130,Amstel_Lata,Gama,GAM_L2,2,-0.0,false,lata
130,Amstel_Lata,Gama,GAM_L2,3,-0.0,false,lata
130,Amstel_Lata,Gama,GAM_L2,4,-0.0,false,lata
130,Amstel_Lata,Gama,GAM_L2,5,-0.0,false,lata
130,Amstel_Lata,Gama,GAM_L2,6,-0.0,false,lata
130,Amstel_Lata,Gama,GAM_L2,7,-0.0,false,lata
130,Amstel_Lata,Gama,GAM_L2,8,-0.0,false,lata
130,Amstel_Lata,Gama,GAM_L2,9,-0.0,false,lata
130,Amstel_Lata,Gama,GAM_L2,10,-0.0,false,lata
130,Amstel_Lata,Gama,GAM_L2,11,-0.0,false,lata
130,Amstel_Lata,Gama,GAM_L2,12,-0.0,false,lata
130,Amstel_Lata,Gama,GAM_L2,13,-0.0,false,lata
130,Amstel_Lata,Gama,GAM_L2,14,-0.0,false,lata
130,Amstel_Lata,Gama,GAM_L2,15,-0.0,false,lata
130,Amstel_Lata,Gama,GAM_L3,1,-0.0,false,lata
130,Amstel_Lata,Gama,GAM_L3,2,-0.0,false,lata
130,Amstel_Lata,Gama,GAM_L3,3,-0.0,false,lata
130,Amstel_Lata,Gama,GAM_L3,4,-0.0,false,lata
130,Amstel_Lata,Gama,GAM_L3,5,-999999.2203625,false,lata
130,Amstel_Lata,Gama,GAM_L3,6,-0.0,false,lata
130,Amstel_Lata,Gama,GAM_L3,7,-0.0,false,lata
130,Amstel_Lata,Gama,GAM_L3,8,-0.0,false,lata
130,Amstel_Lata,Gama,GAM_L3,9,-0.0,false,lata
130,Amstel_Lata,Gama,GAM_L3,10,-0.0,false,lata
130,Amstel_Lata,Gama,GAM_L3,11,-0.0,false,lata
130,Amstel_Lata,Gama,GAM_L3,12,-0.0,false,lata
130,Amstel_Lata,Gama,GAM_L3,13,-0.0,false,lata
130,Amstel_Lata,Gama,GAM_L3,14,-0.0,false,lata
130,Amstel_Lata,Gama,GAM_L3,15,-0.0,false,lata
130,Amstel_Lata,Viamao,VIA_L1,1,-0.0,false,lata
130,Amstel_Lata,Viamao,VIA_L1,2,-0.0,false,lata
130,Amstel_Lata,Viamao,VIA_L1,3,-0.0,false,lata
130,Amstel_Lata,Viamao,VIA_L1,4,-0.0,false,lata
130,Amstel_Lata,Viamao,VIA_L1,5,-0.0,false,lata
130,Amstel_Lata,Viamao,VIA_L1,6,-999999.4990609501,false,lata
130,Amstel_Lata,Viamao,VIA_L1,7,-0.0,false,lata
130,Amstel_Lata,Viamao,VIA_L1,8,-0.0,false,lata
130,Amstel_Lata,Viamao,VIA_L1,9,-0.0,false,lata
130,Amstel_Lata,Viamao,VIA_L1,10,-0.0,false,lata
130,Amstel_Lata,Viamao,VIA_L1,11,-999999.5686984501,false,lata
130,Amstel_Lata,Viamao,VIA_L1,12,-0.0,false,lata
130,Amstel_Lata,Viamao,VIA_L1,13,-0.0,false,lata
130,Amstel_Lata,Viamao,VIA_L1,14,-0.0,false,lata
130,Amstel_Lata,Viamao,VIA_L1,15,-0.0,false,lata
130,Amstel_Lata,Viamao,VIA_L2,1,-0.0,false,lata
130,Amstel_Lata,Viamao,VIA_L2,2,-0.0,false,lata
130,Amstel_Lata,Viamao,VIA_L2,3,-0.0,false,lata
130,Amstel_Lata,Viamao,VIA_L2,4,-0.0,false,lata
130,Amstel_Lata,Viamao,VIA_L2,5,-0.0,false,lata
130,Amstel_Lata,Viamao,VIA_L2,6,-0.0,false,lata
130,Amstel_Lata,Viamao,VIA_L2,7,-0.0,false,lata
130,Amstel_Lata,Viamao,VIA_L2,8,-999999.1951754001,false,lata
130,Amstel_Lata,Viamao,VIA_L2,9,-0.0,false,lata
130,Amstel_Lata,Viamao,VIA_L2,10,-0.0,false,lata
130,Amstel_Lata,Viamao,VIA_L2,11,-0.0,false,lata
130,Amstel_Lata,Viamao,VIA_L2,12,-0.0,false,lata
130,Amstel_Lata,Viamao,VIA_L2,13,-0.0,false,lata
130,Amstel_Lata,Viamao,VIA_L2,14,-0.0,false,lata
130,Amstel_Lata,Viamao,VIA_L2,15,-0.0,false,lata
130,Amstel_Lata,Viamao,VIA_L3,1,-0.0,false,lata
130,Amstel_Lata,Viamao,VIA_L3,2,-0.0,false,lata
130,Amstel_Lata,Viamao,VIA_L3,3,-0.0,false,lata
130,Amstel_Lata,Viamao,VIA_L3,4,-0.0,false,lata
130,Amstel_Lata,Viamao,VIA_L3,5,-0.0,false,lata
130,Amstel_Lata,Viamao,VIA_L3,6,-0.0,false,lata
130,Amstel_Lata,Viamao,VIA_L3,7,-0.0,false,lata
130,Amstel_Lata,Viamao,VIA_L3,8,-0.0,false,lata
130,Amstel_Lata,Viamao,VIA_L3,9,-0.0,false,lata
130,Amstel_Lata,Viamao,VIA_L3,10,-999999.3151760502,false,lata
130,Amstel_Lata,Viamao,VIA_L3,11,-0.0,false,lata
130,Amstel_Lata,Viamao,VIA_L3,12,-0.0,false,lata
130,Amstel_Lata,Viamao,VIA_L3,13,-0.0,false,lata
130,Amstel_Lata,Viamao,VIA_L3,14,-0.0,false,lata
130,Amstel_Lata,Viamao,VIA_L3,15,-999998.9839177498,false,lata
130,Amstel_Lata,Itupeva,ITU_L1,1,-0.0,false,lata
130,Amstel_Lata,Itupeva,ITU_L1,2,-0.0,false,lata
130,Amstel_Lata,Itupeva,ITU_L1,3,-0.0,false,lata
130,Amstel_Lata,Itupeva,ITU_L1,4,-0.0,false,lata
130,Amstel_Lata,Itupeva,ITU_L1,5,-0.0,false,lata
130,Amstel_Lata,Itupeva,ITU_L1,6,-0.0,false,lata
130,Amstel_Lata,Itupeva,ITU_L1,7,-0.0,false,lata
130,Amstel_Lata,Itupeva,ITU_L1,8,-0.0,false,lata
130,Amstel_Lata,Itupeva,ITU_L1,9,-0.0,false,lata
130,Amstel_Lata,Itupeva,ITU_L1,10,-0.0,false,lata
130,Amstel_Lata,Itupeva,ITU_L1,11,-0.0,false,lata
130,Amstel_Lata,Itupeva,ITU_L1,12,-999999.1205736501,false,lata
130,Amstel_Lata,Itupeva,ITU_L1,13,-0.0,false,lata
130,Amstel_Lata,Itupeva,ITU_L1,14,-0.0,false,lata
130,Amstel_Lata,Itupeva,ITU_L1,15,-0.0,false,lata
130,Amstel_Lata,Itupeva,ITU_L2,1,-0.0,false,lata
130,Amstel_Lata,Itupeva,ITU_L2,2,-0.0,false,lata
130,Amstel_Lata,Itupeva,ITU_L2,3,-0.0,false,lata
130,Amstel_Lata,Itupeva,ITU_L2,4,-0.0,false,lata
130,Amstel_Lata,Itupeva,ITU_L2,5,-0.0,false,lata
130,Amstel_Lata,Itupeva,ITU_L2,6,-0.0,false,lata
130,Amstel_Lata,Itupeva,ITU_L2,7,-0.0,false,lata
130,Amstel_Lata,Itupeva,ITU_L2,8,-0.0,false,lata
130,Amstel_Lata,Itupeva,ITU_L2,9,-0.0,false,lata
130,Amstel_Lata,Itupeva,ITU_L2,10,-0.0,false,lata
130,Amstel_Lata,Itupeva,ITU_L2,11,-0.0,false,lata
130,Amstel_Lata,Itupeva,ITU_L2,12,-0.0,false,lata
130,Amstel_Lata,Itupeva,ITU_L2,13,-0.0,false,lata
130,Amstel_Lata,Itupeva,ITU_L2,14,-0.0,false,lata
130,Amstel_Lata,Itupeva,ITU_L2,15,-0.0,false,lata
130,Amstel_Lata,Itupeva,ITU_L3,1,-0.0,false,lata
130,Amstel_Lata,Itupeva,ITU_L3,2,-0.0,false,lata
130,Amstel_Lata,Itupeva,ITU_L3,3,-0.0,false,lata
130,Amstel_Lata,Itupeva,ITU_L3,4,-0.0,false,lata
130,Amstel_Lata,Itupeva,ITU_L3,5,-0.0,false,lata
130,Amstel_Lata,Itupeva,ITU_L3,6,-999999.4673274502,false,lata
130,Amstel_Lata,Itupeva,ITU_L3,7,-0.0,false,lata
130,Amstel_Lata,Itupeva,ITU_L3,8,-0.0,false,lata
130,Amstel_Lata,Itupeva,ITU_L3,9,-0.0,false,lata
130,Amstel_Lata,Itupeva,ITU_L3,10,-999999.2788269002,false,lata
130,Amstel_Lata,Itupeva,ITU_L3,11,-0.0,false,lata
130,Amstel_Lata,Itupeva,ITU_L3,12,-0.0,false,lata
130,Amstel_Lata,Itupeva,ITU_L3,13,-999999.2781119,false,lata
130,Amstel_Lata,Itupeva,ITU_L3,14,-999999.53624995,false,lata
130,Amstel_Lata,Itupeva,ITU_L3,15,-0.0,false,lata
130,Amstel_Lata,Cabo de Santo Agostinho,CAB_L1,1,-1.0e6,true,lata
130,Amstel_Lata,Cabo de Santo Agostinho,CAB_L1,2,-0.0,false,lata
130,Amstel_Lata,Cabo de Santo Agostinho,CAB_L1,3,-0.0,false,lata
130,Amstel_Lata,Cabo de Santo Agostinho,CAB_L1,4,-0.0,false,lata
130,Amstel_Lata,Cabo de Santo Agostinho,CAB_L1,5,-0.0,false,lata
130,Amstel_Lata,Cabo de Santo Agostinho,CAB_L1,6,-0.0,false,lata
130,Amstel_Lata,Cabo de Santo Agostinho,CAB_L1,7,-0.0,false,lata
130,Amstel_Lata,Cabo de Santo Agostinho,CAB_L1,8,-0.0,false,lata
130,Amstel_Lata,Cabo de Santo Agostinho,CAB_L1,9,-0.0,false,lata
130,Amstel_Lata,Cabo de Santo Agostinho,CAB_L1,10,-999999.3546891501,false,lata
130,Amstel_Lata,Cabo de Santo Agostinho,CAB_L1,11,-0.0,false,lata
130,Amstel_Lata,Cabo de Santo Agostinho,CAB_L1,12,-0.0,false,lata
130,Amstel_Lata,Cabo de Santo Agostinho,CAB_L1,13,-999999.3539741499,false,lata
130,Amstel_Lata,Cabo de Santo Agostinho,CAB_L1,14,-0.0,false,lata
130,Amstel_Lata,Cabo de Santo Agostinho,CAB_L1,15,-0.0,false,lata
130,Amstel_Lata,Cabo de Santo Agostinho,CAB_L2,1,-0.0,false,lata
130,Amstel_Lata,Cabo de Santo Agostinho,CAB_L2,2,-0.0,false,lata
130,Amstel_Lata,Cabo de Santo Agostinho,CAB_L2,3,-0.0,false,lata
130,Amstel_Lata,Cabo de Santo Agostinho,CAB_L2,4,-0.0,false,lata
130,Amstel_Lata,Cabo de Santo Agostinho,CAB_L2,5,-0.0,false,lata
130,Amstel_Lata,Cabo de Santo Agostinho,CAB_L2,6,-0.0,false,lata
130,Amstel_Lata,Cabo de Santo Agostinho,CAB_L2,7,-0.0,false,lata
130,Amstel_Lata,Cabo de Santo Agostinho,CAB_L2,8,-0.0,false,lata
130,Amstel_Lata,Cabo de Santo Agostinho,CAB_L2,9,-0.0,false,lata
130,Amstel_Lata,Cabo de Santo Agostinho,CAB_L2,10,-0.0,false,lata
130,Amstel_Lata,Cabo de Santo Agostinho,CAB_L2,11,-0.0,false,lata
130,Amstel_Lata,Cabo de Santo Agostinho,CAB_L2,12,-0.0,false,lata
130,Amstel_Lata,Cabo de Santo Agostinho,CAB_L2,13,-0.0,false,lata
130,Amstel_Lata,Cabo de Santo Agostinho,CAB_L2,14,-0.0,false,lata
130,Amstel_Lata,Cabo de Santo Agostinho,CAB_L2,15,-0.0,false,lata
130,Amstel_Lata,Cabo de Santo Agostinho,CAB_L3,1,-0.0,false,lata
130,Amstel_Lata,Cabo de Santo Agostinho,CAB_L3,2,-0.0,false,lata
130,Amstel_Lata,Cabo de Santo Agostinho,CAB_L3,3,-0.0,false,lata
130,Amstel_Lata,Cabo de Santo Agostinho,CAB_L3,4,-0.0,false,lata
130,Amstel_Lata,Cabo de Santo Agostinho,CAB_L3,5,-0.0,false,lata
130,Amstel_Lata,Cabo de Santo Agostinho,CAB_L3,6,-0.0,false,lata
130,Amstel_Lata,Cabo de Santo Agostinho,CAB_L3,7,-0.0,false,lata
130,Amstel_Lata,Cabo de Santo Agostinho,CAB_L3,8,-0.0,false,lata
130,Amstel_Lata,Cabo de Santo Agostinho,CAB_L3,9,-0.0,false,lata
130,Amstel_Lata,Cabo de Santo Agostinho,CAB_L3,10,-0.0,false,lata
130,Amstel_Lata,Cabo de Santo Agostinho,CAB_L3,11,-0.0,false,lata
130,Amstel_Lata,Cabo de Santo Agostinho,CAB_L3,12,-0.0,false,lata
130,Amstel_Lata,Cabo de Santo Agostinho,CAB_L3,13,-0.0,false,lata
130,Amstel_Lata,Cabo de Santo Agostinho,CAB_L3,14,-0.0,false,lata
130,Amstel_Lata,Cabo de Santo Agostinho,CAB_L3,15,-0.0,false,lata
130,Fanta_Laranja,Jacarei,JAC_L1,1,-0.0,false,lata
130,Fanta_Laranja,Jacarei,JAC_L1,2,-999999.5953469499,false,lata
130,Fanta_Laranja,Jacarei,JAC_L1,3,-0.0,false,lata
130,Fanta_Laranja,Jacarei,JAC_L1,4,-0.0,false,lata
130,Fanta_Laranja,Jacarei,JAC_L1,5,-0.0,false,lata
130,Fanta_Laranja,Jacarei,JAC_L1,6,-0.0,false,lata
130,Fanta_Laranja,Jacarei,JAC_L1,7,-0.0,false,lata
130,Fanta_Laranja,Jacarei,JAC_L1,8,-0.0,false,lata
130,Fanta_Laranja,Jacarei,JAC_L1,9,-0.0,false,lata
130,Fanta_Laranja,Jacarei,JAC_L1,10,-0.0,false,lata
130,Fanta_Laranja,Jacarei,JAC_L1,11,-999999.63543415,false,lata
130,Fanta_Laranja,Jacarei,JAC_L1,12,-0.0,false,lata
130,Fanta_Laranja,Jacarei,JAC_L1,13,-0.0,false,lata
130,Fanta_Laranja,Jacarei,JAC_L1,14,-0.0,false,lata
130,Fanta_Laranja,Jacarei,JAC_L1,15,-0.0,false,lata
130,Fanta_Laranja,Jacarei,JAC_L2,1,-0.0,false,lata
130,Fanta_Laranja,Jacarei,JAC_L2,2,-0.0,false,lata
130,Fanta_Laranja,Jacarei,JAC_L2,3,-0.0,false,lata
130,Fanta_Laranja,Jacarei,JAC_L2,4,-0.0,false,lata
130,Fanta_Laranja,Jacarei,JAC_L2,5,-0.0,false,lata
130,Fanta_Laranja,Jacarei,JAC_L2,6,-0.0,false,lata
130,Fanta_Laranja,Jacarei,JAC_L2,7,-0.0,false,lata
130,Fanta_Laranja,Jacarei,JAC_L2,8,-0.0,false,lata
130,Fanta_Laranja,Jacarei,JAC_L2,9,-0.0,false,lata
130,Fanta_Laranja,Jacarei,JAC_L2,10,-0.0,false,lata
130,Fanta_Laranja,Jacarei,JAC_L2,11,-0.0,false,lata
130,Fanta_Laranja,Jacarei,JAC_L2,12,-999999.9174028,false,lata
130,Fanta_Laranja,Jacarei,JAC_L2,13,-0.0,false,lata
130,Fanta_Laranja,Jacarei,JAC_L2,14,-0.0,false,lata
130,Fanta_Laranja,Jacarei,JAC_L2,15,-999999.875185,false,lata
130,Fanta_Laranja,Jacarei,JAC_L3,1,-0.0,false,lata
130,Fanta_Laranja,Jacarei,JAC_L3,2,-0.0,false,lata
130,Fanta_Laranja,Jacarei,JAC_L3,3,-0.0,false,lata
130,Fanta_Laranja,Jacarei,JAC_L3,4,-0.0,false,lata
130,Fanta_Laranja,Jacarei,JAC_L3,5,-0.0,false,lata
130,Fanta_Laranja,Jacarei,JAC_L3,6,-0.0,false,lata
130,Fanta_Laranja,Jacarei,JAC_L3,7,-0.0,false,lata
130,Fanta_Laranja,Jacarei,JAC_L3,8,-0.0,false,lata
130,Fanta_Laranja,Jacarei,JAC_L3,9,-0.0,false,lata
130,Fanta_Laranja,Jacarei,JAC_L3,10,-0.0,false,lata
130,Fanta_Laranja,Jacarei,JAC_L3,11,-0.0,false,lata
130,Fanta_Laranja,Jacarei,JAC_L3,12,-0.0,false,lata
130,Fanta_Laranja,Jacarei,JAC_L3,13,-0.0,false,lata
130,Fanta_Laranja,Jacarei,JAC_L3,14,-0.0,false,lata
130,Fanta_Laranja,Jacarei,JAC_L3,15,-0.0,false,lata
130,Fanta_Laranja,Extrema,EXT_L1,1,-0.0,false,lata
130,Fanta_Laranja,Extrema,EXT_L1,2,-0.0,false,lata
130,Fanta_Laranja,Extrema,EXT_L1,3,-0.0,false,lata
130,Fanta_Laranja,Extrema,EXT_L1,4,-0.0,false,lata
130,Fanta_Laranja,Extrema,EXT_L1,5,-0.0,false,lata
130,Fanta_Laranja,Extrema,EXT_L1,6,-0.0,false,lata
130,Fanta_Laranja,Extrema,EXT_L1,7,-0.0,false,lata
130,Fanta_Laranja,Extrema,EXT_L1,8,-0.0,false,lata
130,Fanta_Laranja,Extrema,EXT_L1,9,-0.0,false,lata
130,Fanta_Laranja,Extrema,EXT_L1,10,-1.0e6,true,lata
130,Fanta_Laranja,Extrema,EXT_L1,11,-0.0,false,lata
130,Fanta_Laranja,Extrema,EXT_L1,12,-0.0,false,lata
130,Fanta_Laranja,Extrema,EXT_L1,13,-0.0,false,lata
130,Fanta_Laranja,Extrema,EXT_L1,14,-0.0,false,lata
130,Fanta_Laranja,Extrema,EXT_L1,15,-0.0,false,lata
130,Fanta_Laranja,Extrema,EXT_L2,1,-999999.997047,false,lata
130,Fanta_Laranja,Extrema,EXT_L2,2,-0.0,false,lata
130,Fanta_Laranja,Extrema,EXT_L2,3,-0.0,false,lata
130,Fanta_Laranja,Extrema,EXT_L2,4,-0.0,false,lata
130,Fanta_Laranja,Extrema,EXT_L2,5,-0.0,false,lata
130,Fanta_Laranja,Extrema,EXT_L2,6,-0.0,false,lata
130,Fanta_Laranja,Extrema,EXT_L2,7,-0.0,false,lata
130,Fanta_Laranja,Extrema,EXT_L2,8,-0.0,false,lata
130,Fanta_Laranja,Extrema,EXT_L2,9,-0.0,false,lata
130,Fanta_Laranja,Extrema,EXT_L2,10,-0.0,false,lata
130,Fanta_Laranja,Extrema,EXT_L2,11,-0.0,false,lata
130,Fanta_Laranja,Extrema,EXT_L2,12,-0.0,false,lata
130,Fanta_Laranja,Extrema,EXT_L2,13,-0.0,false,lata
130,Fanta_Laranja,Extrema,EXT_L2,14,-0.0,false,lata
130,Fanta_Laranja,Extrema,EXT_L2,15,-0.0,false,lata
130,Fanta_Laranja,Extrema,EXT_L3,1,-0.0,false,lata
130,Fanta_Laranja,Extrema,EXT_L3,2,-0.0,false,lata
130,Fanta_Laranja,Extrema,EXT_L3,3,-0.0,false,lata
130,Fanta_Laranja,Extrema,EXT_L3,4,-0.0,false,lata
130,Fanta_Laranja,Extrema,EXT_L3,5,-0.0,false,lata
130,Fanta_Laranja,Extrema,EXT_L3,6,-0.0,false,lata
130,Fanta_Laranja,Extrema,EXT_L3,7,-0.0,false,lata
130,Fanta_Laranja,Extrema,EXT_L3,8,-0.0,false,lata
130,Fanta_Laranja,Extrema,EXT_L3,9,-999999.7144577499,false,lata
130,Fanta_Laranja,Extrema,EXT_L3,10,-0.0,false,lata
130,Fanta_Laranja,Extrema,EXT_L3,11,-0.0,false,lata
130,Fanta_Laranja,Extrema,EXT_L3,12,-0.0,false,lata
130,Fanta_Laranja,Extrema,EXT_L3,13,-0.0,false,lata
130,Fanta_Laranja,Extrema,EXT_L3,14,-0.0,false,lata
130,Fanta_Laranja,Extrema,EXT_L3,15,-0.0,false,lata
130,Fanta_Laranja,Tres Rios,TRE_L1,1,-0.0,false,lata
130,Fanta_Laranja,Tres Rios,TRE_L1,2,-0.0,false,lata
130,Fanta_Laranja,Tres Rios,TRE_L1,3,-0.0,false,lata
130,Fanta_Laranja,Tres Rios,TRE_L1,4,-0.0,false,lata
130,Fanta_Laranja,Tres Rios,TRE_L1,5,-0.0,false,lata
130,Fanta_Laranja,Tres Rios,TRE_L1,6,-0.0,false,lata
130,Fanta_Laranja,Tres Rios,TRE_L1,7,-0.0,false,lata
130,Fanta_Laranja,Tres Rios,TRE_L1,8,-0.0,false,lata
130,Fanta_Laranja,Tres Rios,TRE_L1,9,-0.0,false,lata
130,Fanta_Laranja,Tres Rios,TRE_L1,10,-0.0,false,lata
130,Fanta_Laranja,Tres Rios,TRE_L1,11,-0.0,false,lata
130,Fanta_Laranja,Tres Rios,TRE_L1,12,-0.0,false,lata
130,Fanta_Laranja,Tres Rios,TRE_L1,13,-0.0,false,lata
130,Fanta_Laranja,Tres Rios,TRE_L1,14,-0.0,false,lata
130,Fanta_Laranja,Tres Rios,TRE_L1,15,-0.0,false,lata
130,Fanta_Laranja,Tres Rios,TRE_L2,1,-0.0,false,lata
130,Fanta_Laranja,Tres Rios,TRE_L2,2,-0.0,false,lata
130,Fanta_Laranja,Tres Rios,TRE_L2,3,-0.0,false,lata
130,Fanta_Laranja,Tres Rios,TRE_L2,4,-0.0,false,lata
130,Fanta_Laranja,Tres Rios,TRE_L2,5,-0.0,false,lata
130,Fanta_Laranja,Tres Rios,TRE_L2,6,-0.0,false,lata
130,Fanta_Laranja,Tres Rios,TRE_L2,7,-999999.9523731,false,lata
130,Fanta_Laranja,Tres Rios,TRE_L2,8,-0.0,false,lata
130,Fanta_Laranja,Tres Rios,TRE_L2,9,-0.0,false,lata
130,Fanta_Laranja,Tres Rios,TRE_L2,10,-0.0,false,lata
130,Fanta_Laranja,Tres Rios,TRE_L2,11,-0.0,false,lata
130,Fanta_Laranja,Tres Rios,TRE_L2,12,-0.0,false,lata
130,Fanta_Laranja,Tres Rios,TRE_L2,13,-0.0,false,lata
130,Fanta_Laranja,Tres Rios,TRE_L2,14,-0.0,false,lata
130,Fanta_Laranja,Tres Rios,TRE_L2,15,-0.0,false,lata
130,Fanta_Laranja,Tres Rios,TRE_L3,1,-0.0,false,lata
130,Fanta_Laranja,Tres Rios,TRE_L3,2,-0.0,false,lata
130,Fanta_Laranja,Tres Rios,TRE_L3,3,-0.0,false,lata
130,Fanta_Laranja,Tres Rios,TRE_L3,4,-0.0,false,lata
130,Fanta_Laranja,Tres Rios,TRE_L3,5,-0.0,false,lata
130,Fanta_Laranja,Tres Rios,TRE_L3,6,-0.0,false,lata
130,Fanta_Laranja,Tres Rios,TRE_L3,7,-0.0,false,lata
130,Fanta_Laranja,Tres Rios,TRE_L3,8,-0.0,false,lata
130,Fanta_Laranja,Tres Rios,TRE_L3,9,-0.0,false,lata
130,Fanta_Laranja,Tres Rios,TRE_L3,10,-0.0,false,lata
130,Fanta_Laranja,Tres Rios,TRE_L3,11,-0.0,false,lata
130,Fanta_Laranja,Tres Rios,TRE_L3,12,-0.0,false,lata
130,Fanta_Laranja,Tres Rios,TRE_L3,13,-0.0,false,lata
130,Fanta_Laranja,Tres Rios,TRE_L3,14,-0.0,false,lata
130,Fanta_Laranja,Tres Rios,TRE_L3,15,-0.0,false,lata
130,Fanta_Laranja,Alagoinhas,ALA_L1,1,-0.0,false,lata
130,Fanta_Laranja,Alagoinhas,ALA_L1,2,-0.0,false,lata
130,Fanta_Laranja,Alagoinhas,ALA_L1,3,-999999.9374480499,false,lata
130,Fanta_Laranja,Alagoinhas,ALA_L1,4,-0.0,false,lata
130,Fanta_Laranja,Alagoinhas,ALA_L1,5,-0.0,false,lata
130,Fanta_Laranja,Alagoinhas,ALA_L1,6,-0.0,false,lata
130,Fanta_Laranja,Alagoinhas,ALA_L1,7,-0.0,false,lata
130,Fanta_Laranja,Alagoinhas,ALA_L1,8,-0.0,false,lata
130,Fanta_Laranja,Alagoinhas,ALA_L1,9,-0.0,false,lata
130,Fanta_Laranja,Alagoinhas,ALA_L1,10,-0.0,false,lata
130,Fanta_Laranja,Alagoinhas,ALA_L1,11,-0.0,false,lata
130,Fanta_Laranja,Alagoinhas,ALA_L1,12,-0.0,false,lata
130,Fanta_Laranja,Alagoinhas,ALA_L1,13,-1.0e6,true,lata
130,Fanta_Laranja,Alagoinhas,ALA_L1,14,-0.0,false,lata
130,Fanta_Laranja,Alagoinhas,ALA_L1,15,-0.0,false,lata
130,Fanta_Laranja,Alagoinhas,ALA_L2,1,-0.0,false,lata
130,Fanta_Laranja,Alagoinhas,ALA_L2,2,-0.0,false,lata
130,Fanta_Laranja,Alagoinhas,ALA_L2,3,-0.0,false,lata
130,Fanta_Laranja,Alagoinhas,ALA_L2,4,-0.0,false,lata
130,Fanta_Laranja,Alagoinhas,ALA_L2,5,-0.0,false,lata
130,Fanta_Laranja,Alagoinhas,ALA_L2,6,-0.0,false,lata
130,Fanta_Laranja,Alagoinhas,ALA_L2,7,-1.0e6,true,lata
130,Fanta_Laranja,Alagoinhas,ALA_L2,8,-0.0,false,lata
130,Fanta_Laranja,Alagoinhas,ALA_L2,9,-0.0,false,lata
130,Fanta_Laranja,Alagoinhas,ALA_L2,10,-0.0,false,lata
130,Fanta_Laranja,Alagoinhas,ALA_L2,11,-0.0,false,lata
130,Fanta_Laranja,Alagoinhas,ALA_L2,12,-0.0,false,lata
130,Fanta_Laranja,Alagoinhas,ALA_L2,13,-0.0,false,lata
130,Fanta_Laranja,Alagoinhas,ALA_L2,14,-0.0,false,lata
130,Fanta_Laranja,Alagoinhas,ALA_L2,15,-0.0,false,lata
130,Fanta_Laranja,Alagoinhas,ALA_L3,1,-0.0,false,lata
130,Fanta_Laranja,Alagoinhas,ALA_L3,2,-999999.6541669999,false,lata
130,Fanta_Laranja,Alagoinhas,ALA_L3,3,-0.0,false,lata
130,Fanta_Laranja,Alagoinhas,ALA_L3,4,-0.0,false,lata
130,Fanta_Laranja,Alagoinhas,ALA_L3,5,-0.0,false,lata
130,Fanta_Laranja,Alagoinhas,ALA_L3,6,-0.0,false,lata
130,Fanta_Laranja,Alagoinhas,ALA_L3,7,-0.0,false,lata
130,Fanta_Laranja,Alagoinhas,ALA_L3,8,-0.0,false,lata
130,Fanta_Laranja,Alagoinhas,ALA_L3,9,-0.0,false,lata
130,Fanta_Laranja,Alagoinhas,ALA_L3,10,-0.0,false,lata
130,Fanta_Laranja,Alagoinhas,ALA_L3,11,-0.0,false,lata
130,Fanta_Laranja,Alagoinhas,ALA_L3,12,-0.0,false,lata
130,Fanta_Laranja,Alagoinhas,ALA_L3,13,-0.0,false,lata
130,Fanta_Laranja,Alagoinhas,ALA_L3,14,-0.0,false,lata
130,Fanta_Laranja,Alagoinhas,ALA_L3,15,-0.0,false,lata
130,Fanta_Laranja,Frutal,FRU_L1,1,-0.0,false,lata
130,Fanta_Laranja,Frutal,FRU_L1,2,-0.0,false,lata
130,Fanta_Laranja,Frutal,FRU_L1,3,-0.0,false,lata
130,Fanta_Laranja,Frutal,FRU_L1,4,-0.0,false,lata
130,Fanta_Laranja,Frutal,FRU_L1,5,-0.0,false,lata
130,Fanta_Laranja,Frutal,FRU_L1,6,-0.0,false,lata
130,Fanta_Laranja,Frutal,FRU_L1,7,-0.0,false,lata
130,Fanta_Laranja,Frutal,FRU_L1,8,-0.0,false,lata
130,Fanta_Laranja,Frutal,FRU_L1,9,-0.0,false,lata
130,Fanta_Laranja,Frutal,FRU_L1,10,-0.0,false,lata
130,Fanta_Laranja,Frutal,FRU_L1,11,-0.0,false,lata
130,Fanta_Laranja,Frutal,FRU_L1,12,-0.0,false,lata
130,Fanta_Laranja,Frutal,FRU_L1,13,-0.0,false,lata
130,Fanta_Laranja,Frutal,FRU_L1,14,-0.0,false,lata
130,Fanta_Laranja,Frutal,FRU_L1,15,-0.0,false,lata
130,Fanta_Laranja,Frutal,FRU_L2,1,-0.0,false,lata
130,Fanta_Laranja,Frutal,FRU_L2,2,-0.0,false,lata
130,Fanta_Laranja,Frutal,FRU_L2,3,-0.0,false,lata
130,Fanta_Laranja,Frutal,FRU_L2,4,-0.0,false,lata
130,Fanta_Laranja,Frutal,FRU_L2,5,-0.0,false,lata
130,Fanta_Laranja,Frutal,FRU_L2,6,-0.0,false,lata
130,Fanta_Laranja,Frutal,FRU_L2,7,-0.0,false,lata
130,Fanta_Laranja,Frutal,FRU_L2,8,-0.0,false,lata
130,Fanta_Laranja,Frutal,FRU_L2,9,-0.0,false,lata
130,Fanta_Laranja,Frutal,FRU_L2,10,-0.0,false,lata
130,Fanta_Laranja,Frutal,FRU_L2,11,-0.0,false,lata
130,Fanta_Laranja,Frutal,FRU_L2,12,-0.0,false,lata
130,Fanta_Laranja,Frutal,FRU_L2,13,-0.0,false,lata
130,Fanta_Laranja,Frutal,FRU_L2,14,-0.0,false,lata
130,Fanta_Laranja,Frutal,FRU_L2,15,-0.0,false,lata
130,Fanta_Laranja,Frutal,FRU_L3,1,-0.0,false,lata
130,Fanta_Laranja,Frutal,FRU_L3,2,-0.0,false,lata
130,Fanta_Laranja,Frutal,FRU_L3,3,-0.0,false,lata
130,Fanta_Laranja,Frutal,FRU_L3,4,-0.0,false,lata
130,Fanta_Laranja,Frutal,FRU_L3,5,-0.0,false,lata
130,Fanta_Laranja,Frutal,FRU_L3,6,-0.0,false,lata
130,Fanta_Laranja,Frutal,FRU_L3,7,-0.0,false,lata
130,Fanta_Laranja,Frutal,FRU_L3,8,-0.0,false,lata
130,Fanta_Laranja,Frutal,FRU_L3,9,-0.0,false,lata
130,Fanta_Laranja,Frutal,FRU_L3,10,-0.0,false,lata
130,Fanta_Laranja,Frutal,FRU_L3,11,-0.0,false,lata
130,Fanta_Laranja,Frutal,FRU_L3,12,-999999.9322178001,false,lata
130,Fanta_Laranja,Frutal,FRU_L3,13,-0.0,false,lata
130,Fanta_Laranja,Frutal,FRU_L3,14,-0.0,false,lata
130,Fanta_Laranja,Frutal,FRU_L3,15,-0.0,false,lata
130,Fanta_Laranja,Pouso Alegre,POU_L1,1,-0.0,false,lata
130,Fanta_Laranja,Pouso Alegre,POU_L1,2,-0.0,false,lata
130,Fanta_Laranja,Pouso Alegre,POU_L1,3,-0.0,false,lata
130,Fanta_Laranja,Pouso Alegre,POU_L1,4,-0.0,false,lata
130,Fanta_Laranja,Pouso Alegre,POU_L1,5,-0.0,false,lata
130,Fanta_Laranja,Pouso Alegre,POU_L1,6,-0.0,false,lata
130,Fanta_Laranja,Pouso Alegre,POU_L1,7,-0.0,false,lata
130,Fanta_Laranja,Pouso Alegre,POU_L1,8,-0.0,false,lata
130,Fanta_Laranja,Pouso Alegre,POU_L1,9,-0.0,false,lata
130,Fanta_Laranja,Pouso Alegre,POU_L1,10,-0.0,false,lata
130,Fanta_Laranja,Pouso Alegre,POU_L1,11,-0.0,false,lata
130,Fanta_Laranja,Pouso Alegre,POU_L1,12,-0.0,false,lata
130,Fanta_Laranja,Pouso Alegre,POU_L1,13,-0.0,false,lata
130,Fanta_Laranja,Pouso Alegre,POU_L1,14,-0.0,false,lata
130,Fanta_Laranja,Pouso Alegre,POU_L1,15,-0.0,false,lata
130,Fanta_Laranja,Pouso Alegre,POU_L2,1,-0.0,false,lata
130,Fanta_Laranja,Pouso Alegre,POU_L2,2,-0.0,false,lata
130,Fanta_Laranja,Pouso Alegre,POU_L2,3,-0.0,false,lata
130,Fanta_Laranja,Pouso Alegre,POU_L2,4,-0.0,false,lata
130,Fanta_Laranja,Pouso Alegre,POU_L2,5,-999999.8270238001,false,lata
130,Fanta_Laranja,Pouso Alegre,POU_L2,6,-0.0,false,lata
130,Fanta_Laranja,Pouso Alegre,POU_L2,7,-0.0,false,lata
130,Fanta_Laranja,Pouso Alegre,POU_L2,8,-0.0,false,lata
130,Fanta_Laranja,Pouso Alegre,POU_L2,9,-0.0,false,lata
130,Fanta_Laranja,Pouso Alegre,POU_L2,10,-0.0,false,lata
130,Fanta_Laranja,Pouso Alegre,POU_L2,11,-0.0,false,lata
130,Fanta_Laranja,Pouso Alegre,POU_L2,12,-0.0,false,lata
130,Fanta_Laranja,Pouso Alegre,POU_L2,13,-0.0,false,lata
130,Fanta_Laranja,Pouso Alegre,POU_L2,14,-0.0,false,lata
130,Fanta_Laranja,Pouso Alegre,POU_L2,15,-0.0,false,lata
130,Fanta_Laranja,Pouso Alegre,POU_L3,1,-1.0e6,true,lata
130,Fanta_Laranja,Pouso Alegre,POU_L3,2,-0.0,false,lata
130,Fanta_Laranja,Pouso Alegre,POU_L3,3,-0.0,false,lata
130,Fanta_Laranja,Pouso Alegre,POU_L3,4,-0.0,false,lata
130,Fanta_Laranja,Pouso Alegre,POU_L3,5,-0.0,false,lata
130,Fanta_Laranja,Pouso Alegre,POU_L3,6,-0.0,false,lata
130,Fanta_Laranja,Pouso Alegre,POU_L3,7,-0.0,false,lata
130,Fanta_Laranja,Pouso Alegre,POU_L3,8,-0.0,false,lata
130,Fanta_Laranja,Pouso Alegre,POU_L3,9,-0.0,false,lata
130,Fanta_Laranja,Pouso Alegre,POU_L3,10,-0.0,false,lata
130,Fanta_Laranja,Pouso Alegre,POU_L3,11,-0.0,false,lata
130,Fanta_Laranja,Pouso Alegre,POU_L3,12,-0.0,false,lata
130,Fanta_Laranja,Pouso Alegre,POU_L3,13,-0.0,false,lata
130,Fanta_Laranja,Pouso Alegre,POU_L3,14,-0.0,false,lata
130,Fanta_Laranja,Pouso Alegre,POU_L3,15,-0.0,false,lata
130,Fanta_Laranja,Gama,GAM_L1,1,-0.0,false,lata
130,Fanta_Laranja,Gama,GAM_L1,2,-0.0,false,lata
130,Fanta_Laranja,Gama,GAM_L1,3,-0.0,false,lata
130,Fanta_Laranja,Gama,GAM_L1,4,-0.0,false,lata
130,Fanta_Laranja,Gama,GAM_L1,5,-0.0,false,lata
130,Fanta_Laranja,Gama,GAM_L1,6,-0.0,false,lata
130,Fanta_Laranja,Gama,GAM_L1,7,-0.0,false,lata
130,Fanta_Laranja,Gama,GAM_L1,8,-0.0,false,lata
130,Fanta_Laranja,Gama,GAM_L1,9,-0.0,false,lata
130,Fanta_Laranja,Gama,GAM_L1,10,-0.0,false,lata
130,Fanta_Laranja,Gama,GAM_L1,11,-0.0,false,lata
130,Fanta_Laranja,Gama,GAM_L1,12,-0.0,false,lata
130,Fanta_Laranja,Gama,GAM_L1,13,-0.0,false,lata
130,Fanta_Laranja,Gama,GAM_L1,14,-0.0,false,lata
130,Fanta_Laranja,Gama,GAM_L1,15,-0.0,false,lata
130,Fanta_Laranja,Gama,GAM_L2,1,-0.0,false,lata
130,Fanta_Laranja,Gama,GAM_L2,2,-0.0,false,lata
130,Fanta_Laranja,Gama,GAM_L2,3,-0.0,false,lata
130,Fanta_Laranja,Gama,GAM_L2,4,-0.0,false,lata
130,Fanta_Laranja,Gama,GAM_L2,5,-0.0,false,lata
130,Fanta_Laranja,Gama,GAM_L2,6,-0.0,false,lata
130,Fanta_Laranja,Gama,GAM_L2,7,-0.0,false,lata
130,Fanta_Laranja,Gama,GAM_L2,8,-0.0,false,lata
130,Fanta_Laranja,Gama,GAM_L2,9,-0.0,false,lata
130,Fanta_Laranja,Gama,GAM_L2,10,-0.0,false,lata
130,Fanta_Laranja,Gama,GAM_L2,11,-0.0,false,lata
130,Fanta_Laranja,Gama,GAM_L2,12,-0.0,false,lata
130,Fanta_Laranja,Gama,GAM_L2,13,-0.0,false,lata
130,Fanta_Laranja,Gama,GAM_L2,14,-0.0,false,lata
130,Fanta_Laranja,Gama,GAM_L2,15,-0.0,false,lata
130,Fanta_Laranja,Gama,GAM_L3,1,-0.0,false,lata
130,Fanta_Laranja,Gama,GAM_L3,2,-0.0,false,lata
130,Fanta_Laranja,Gama,GAM_L3,3,-0.0,false,lata
130,Fanta_Laranja,Gama,GAM_L3,4,-0.0,false,lata
130,Fanta_Laranja,Gama,GAM_L3,5,-0.0,false,lata
130,Fanta_Laranja,Gama,GAM_L3,6,-0.0,false,lata
130,Fanta_Laranja,Gama,GAM_L3,7,-0.0,false,lata
130,Fanta_Laranja,Gama,GAM_L3,8,-0.0,false,lata
130,Fanta_Laranja,Gama,GAM_L3,9,-0.0,false,lata
130,Fanta_Laranja,Gama,GAM_L3,10,-999999.9790471998,false,lata
130,Fanta_Laranja,Gama,GAM_L3,11,-0.0,false,lata
130,Fanta_Laranja,Gama,GAM_L3,12,-999999.9297961,false,lata
130,Fanta_Laranja,Gama,GAM_L3,13,-999999.99326115,false,lata
130,Fanta_Laranja,Gama,GAM_L3,14,-0.0,false,lata
130,Fanta_Laranja,Gama,GAM_L3,15,-0.0,false,lata
130,Fanta_Laranja,Viamao,VIA_L1,1,-0.0,false,lata
130,Fanta_Laranja,Viamao,VIA_L1,2,-0.0,false,lata
130,Fanta_Laranja,Viamao,VIA_L1,3,-0.0,false,lata
130,Fanta_Laranja,Viamao,VIA_L1,4,-0.0,false,lata
130,Fanta_Laranja,Viamao,VIA_L1,5,-0.0,false,lata
130,Fanta_Laranja,Viamao,VIA_L1,6,-0.0,false,lata
130,Fanta_Laranja,Viamao,VIA_L1,7,-0.0,false,lata
130,Fanta_Laranja,Viamao,VIA_L1,8,-0.0,false,lata
130,Fanta_Laranja,Viamao,VIA_L1,9,-0.0,false,lata
130,Fanta_Laranja,Viamao,VIA_L1,10,-0.0,false,lata
130,Fanta_Laranja,Viamao,VIA_L1,11,-0.0,false,lata
130,Fanta_Laranja,Viamao,VIA_L1,12,-0.0,false,lata
130,Fanta_Laranja,Viamao,VIA_L1,13,-0.0,false,lata
130,Fanta_Laranja,Viamao,VIA_L1,14,-0.0,false,lata
130,Fanta_Laranja,Viamao,VIA_L1,15,-0.0,false,lata
130,Fanta_Laranja,Viamao,VIA_L2,1,-0.0,false,lata
130,Fanta_Laranja,Viamao,VIA_L2,2,-0.0,false,lata
130,Fanta_Laranja,Viamao,VIA_L2,3,-0.0,false,lata
130,Fanta_Laranja,Viamao,VIA_L2,4,-0.0,false,lata
130,Fanta_Laranja,Viamao,VIA_L2,5,-0.0,false,lata
130,Fanta_Laranja,Viamao,VIA_L2,6,-0.0,false,lata
130,Fanta_Laranja,Viamao,VIA_L2,7,-0.0,false,lata
130,Fanta_Laranja,Viamao,VIA_L2,8,-0.0,false,lata
130,Fanta_Laranja,Viamao,VIA_L2,9,-0.0,false,lata
130,Fanta_Laranja,Viamao,VIA_L2,10,-0.0,false,lata
130,Fanta_Laranja,Viamao,VIA_L2,11,-0.0,false,lata
130,Fanta_Laranja,Viamao,VIA_L2,12,-0.0,false,lata
130,Fanta_Laranja,Viamao,VIA_L2,13,-0.0,false,lata
130,Fanta_Laranja,Viamao,VIA_L2,14,-0.0,false,lata
130,Fanta_Laranja,Viamao,VIA_L2,15,-0.0,false,lata
130,Fanta_Laranja,Viamao,VIA_L3,1,-0.0,false,lata
130,Fanta_Laranja,Viamao,VIA_L3,2,-0.0,false,lata
130,Fanta_Laranja,Viamao,VIA_L3,3,-0.0,false,lata
130,Fanta_Laranja,Viamao,VIA_L3,4,-0.0,false,lata
130,Fanta_Laranja,Viamao,VIA_L3,5,-0.0,false,lata
130,Fanta_Laranja,Viamao,VIA_L3,6,-0.0,false,lata
130,Fanta_Laranja,Viamao,VIA_L3,7,-0.0,false,lata
130,Fanta_Laranja,Viamao,VIA_L3,8,-0.0,false,lata
130,Fanta_Laranja,Viamao,VIA_L3,9,-0.0,false,lata
130,Fanta_Laranja,Viamao,VIA_L3,10,-0.0,false,lata
130,Fanta_Laranja,Viamao,VIA_L3,11,-0.0,false,lata
130,Fanta_Laranja,Viamao,VIA_L3,12,-0.0,false,lata
130,Fanta_Laranja,Viamao,VIA_L3,13,-1.0e6,true,lata
130,Fanta_Laranja,Viamao,VIA_L3,14,-0.0,false,lata
130,Fanta_Laranja,Viamao,VIA_L3,15,-999999.9123858,false,lata
130,Fanta_Laranja,Itupeva,ITU_L1,1,-0.0,false,lata
130,Fanta_Laranja,Itupeva,ITU_L1,2,-0.0,false,lata
130,Fanta_Laranja,Itupeva,ITU_L1,3,-0.0,false,lata
130,Fanta_Laranja,Itupeva,ITU_L1,4,-0.0,false,lata
130,Fanta_Laranja,Itupeva,ITU_L1,5,-0.0,false,lata
130,Fanta_Laranja,Itupeva,ITU_L1,6,-0.0,false,lata
130,Fanta_Laranja,Itupeva,ITU_L1,7,-0.0,false,lata
130,Fanta_Laranja,Itupeva,ITU_L1,8,-0.0,false,lata
130,Fanta_Laranja,Itupeva,ITU_L1,9,-0.0,false,lata
130,Fanta_Laranja,Itupeva,ITU_L1,10,-0.0,false,lata
130,Fanta_Laranja,Itupeva,ITU_L1,11,-999999.63649915,false,lata
130,Fanta_Laranja,Itupeva,ITU_L1,12,-0.0,false,lata
130,Fanta_Laranja,Itupeva,ITU_L1,13,-0.0,false,lata
130,Fanta_Laranja,Itupeva,ITU_L1,14,-0.0,false,lata
130,Fanta_Laranja,Itupeva,ITU_L1,15,-0.0,false,lata
130,Fanta_Laranja,Itupeva,ITU_L2,1,-1.0e6,true,lata
130,Fanta_Laranja,Itupeva,ITU_L2,2,-0.0,false,lata
130,Fanta_Laranja,Itupeva,ITU_L2,3,-0.0,false,lata
130,Fanta_Laranja,Itupeva,ITU_L2,4,-0.0,false,lata
130,Fanta_Laranja,Itupeva,ITU_L2,5,-0.0,false,lata
130,Fanta_Laranja,Itupeva,ITU_L2,6,-0.0,false,lata
130,Fanta_Laranja,Itupeva,ITU_L2,7,-0.0,false,lata
130,Fanta_Laranja,Itupeva,ITU_L2,8,-0.0,false,lata
130,Fanta_Laranja,Itupeva,ITU_L2,9,-0.0,false,lata
130,Fanta_Laranja,Itupeva,ITU_L2,10,-999999.9983791499,false,lata
130,Fanta_Laranja,Itupeva,ITU_L2,11,-0.0,false,lata
130,Fanta_Laranja,Itupeva,ITU_L2,12,-0.0,false,lata
130,Fanta_Laranja,Itupeva,ITU_L2,13,-0.0,false,lata
130,Fanta_Laranja,Itupeva,ITU_L2,14,-0.0,false,lata
130,Fanta_Laranja,Itupeva,ITU_L2,15,-0.0,false,lata
130,Fanta_Laranja,Itupeva,ITU_L3,1,-0.0,false,lata
130,Fanta_Laranja,Itupeva,ITU_L3,2,-0.0,false,lata
130,Fanta_Laranja,Itupeva,ITU_L3,3,-0.0,false,lata
130,Fanta_Laranja,Itupeva,ITU_L3,4,-0.0,false,lata
130,Fanta_Laranja,Itupeva,ITU_L3,5,-0.0,false,lata
130,Fanta_Laranja,Itupeva,ITU_L3,6,-0.0,false,lata
130,Fanta_Laranja,Itupeva,ITU_L3,7,-0.0,false,lata
130,Fanta_Laranja,Itupeva,ITU_L3,8,-0.0,false,lata
130,Fanta_Laranja,Itupeva,ITU_L3,9,-0.0,false,lata
130,Fanta_Laranja,Itupeva,ITU_L3,10,-0.0,false,lata
130,Fanta_Laranja,Itupeva,ITU_L3,11,-0.0,false,lata
130,Fanta_Laranja,Itupeva,ITU_L3,12,-0.0,false,lata
130,Fanta_Laranja,Itupeva,ITU_L3,13,-0.0,false,lata
130,Fanta_Laranja,Itupeva,ITU_L3,14,-0.0,false,lata
130,Fanta_Laranja,Itupeva,ITU_L3,15,-0.0,false,lata
130,Fanta_Laranja,Cabo de Santo Agostinho,CAB_L1,1,-0.0,false,lata
130,Fanta_Laranja,Cabo de Santo Agostinho,CAB_L1,2,-0.0,false,lata
130,Fanta_Laranja,Cabo de Santo Agostinho,CAB_L1,3,-0.0,false,lata
130,Fanta_Laranja,Cabo de Santo Agostinho,CAB_L1,4,-0.0,false,lata
130,Fanta_Laranja,Cabo de Santo Agostinho,CAB_L1,5,-0.0,false,lata
130,Fanta_Laranja,Cabo de Santo Agostinho,CAB_L1,6,-0.0,false,lata
130,Fanta_Laranja,Cabo de Santo Agostinho,CAB_L1,7,-0.0,false,lata
130,Fanta_Laranja,Cabo de Santo Agostinho,CAB_L1,8,-0.0,false,lata
130,Fanta_Laranja,Cabo de Santo Agostinho,CAB_L1,9,-0.0,false,lata
130,Fanta_Laranja,Cabo de Santo Agostinho,CAB_L1,10,-0.0,false,lata
130,Fanta_Laranja,Cabo de Santo Agostinho,CAB_L1,11,-0.0,false,lata
130,Fanta_Laranja,Cabo de Santo Agostinho,CAB_L1,12,-1.0e6,true,lata
130,Fanta_Laranja,Cabo de Santo Agostinho,CAB_L1,13,-0.0,false,lata
130,Fanta_Laranja,Cabo de Santo Agostinho,CAB_L1,14,-0.0,false,lata
130,Fanta_Laranja,Cabo de Santo Agostinho,CAB_L1,15,-0.0,false,lata
130,Fanta_Laranja,Cabo de Santo Agostinho,CAB_L2,1,-1.0e6,true,lata
130,Fanta_Laranja,Cabo de Santo Agostinho,CAB_L2,2,-0.0,false,lata
130,Fanta_Laranja,Cabo de Santo Agostinho,CAB_L2,3,-0.0,false,lata
130,Fanta_Laranja,Cabo de Santo Agostinho,CAB_L2,4,-0.0,false,lata
130,Fanta_Laranja,Cabo de Santo Agostinho,CAB_L2,5,-0.0,false,lata
130,Fanta_Laranja,Cabo de Santo Agostinho,CAB_L2,6,-0.0,false,lata
130,Fanta_Laranja,Cabo de Santo Agostinho,CAB_L2,7,-0.0,false,lata
130,Fanta_Laranja,Cabo de Santo Agostinho,CAB_L2,8,-0.0,false,lata
130,Fanta_Laranja,Cabo de Santo Agostinho,CAB_L2,9,-0.0,false,lata
130,Fanta_Laranja,Cabo de Santo Agostinho,CAB_L2,10,-0.0,false,lata
130,Fanta_Laranja,Cabo de Santo Agostinho,CAB_L2,11,-999999.7180313499,false,lata
130,Fanta_Laranja,Cabo de Santo Agostinho,CAB_L2,12,-0.0,false,lata
130,Fanta_Laranja,Cabo de Santo Agostinho,CAB_L2,13,-0.0,false,lata
130,Fanta_Laranja,Cabo de Santo Agostinho,CAB_L2,14,-0.0,false,lata
130,Fanta_Laranja,Cabo de Santo Agostinho,CAB_L2,15,-0.0,false,lata
130,Fanta_Laranja,Cabo de Santo Agostinho,CAB_L3,1,-0.0,false,lata
130,Fanta_Laranja,Cabo de Santo Agostinho,CAB_L3,2,-0.0,false,lata
130,Fanta_Laranja,Cabo de Santo Agostinho,CAB_L3,3,-0.0,false,lata
130,Fanta_Laranja,Cabo de Santo Agostinho,CAB_L3,4,-0.0,false,lata
130,Fanta_Laranja,Cabo de Santo Agostinho,CAB_L3,5,-0.0,false,lata
130,Fanta_Laranja,Cabo de Santo Agostinho,CAB_L3,6,-0.0,false,lata
130,Fanta_Laranja,Cabo de Santo Agostinho,CAB_L3,7,-0.0,false,lata
130,Fanta_Laranja,Cabo de Santo Agostinho,CAB_L3,8,-0.0,false,lata
130,Fanta_Laranja,Cabo de Santo Agostinho,CAB_L3,9,-0.0,false,lata
130,Fanta_Laranja,Cabo de Santo Agostinho,CAB_L3,10,-0.0,false,lata
130,Fanta_Laranja,Cabo de Santo Agostinho,CAB_L3,11,-0.0,false,lata
130,Fanta_Laranja,Cabo de Santo Agostinho,CAB_L3,12,-0.0,false,lata
130,Fanta_Laranja,Cabo de Santo Agostinho,CAB_L3,13,-0.0,false,lata
130,Fanta_Laranja,Cabo de Santo Agostinho,CAB_L3,14,-0.0,false,lata
130,Fanta_Laranja,Cabo de Santo Agostinho,CAB_L3,15,-0.0,false,lata
130,Maguary_Maracuja,Jacarei,JAC_L1,1,-0.0,false,lata
130,Maguary_Maracuja,Jacarei,JAC_L1,2,-999999.8433607001,false,lata
130,Maguary_Maracuja,Jacarei,JAC_L1,3,-0.0,false,lata
130,Maguary_Maracuja,Jacarei,JAC_L1,4,-0.0,false,lata
130,Maguary_Maracuja,Jacarei,JAC_L1,5,-0.0,false,lata
130,Maguary_Maracuja,Jacarei,JAC_L1,6,-0.0,false,lata
130,Maguary_Maracuja,Jacarei,JAC_L1,7,-0.0,false,lata
130,Maguary_Maracuja,Jacarei,JAC_L1,8,-0.0,false,lata
130,Maguary_Maracuja,Jacarei,JAC_L1,9,-999999.6377136,false,lata
130,Maguary_Maracuja,Jacarei,JAC_L1,10,-0.0,false,lata
130,Maguary_Maracuja,Jacarei,JAC_L1,11,-0.0,false,lata
130,Maguary_Maracuja,Jacarei,JAC_L1,12,-0.0,false,lata
130,Maguary_Maracuja,Jacarei,JAC_L1,13,-0.0,false,lata
130,Maguary_Maracuja,Jacarei,JAC_L1,14,-999999.1502497497,false,lata
130,Maguary_Maracuja,Jacarei,JAC_L1,15,-0.27059465,false,lata
130,Maguary_Maracuja,Jacarei,JAC_L2,1,-0.0,false,lata
130,Maguary_Maracuja,Jacarei,JAC_L2,2,-0.0,false,lata
130,Maguary_Maracuja,Jacarei,JAC_L2,3,-0.0,false,lata
130,Maguary_Maracuja,Jacarei,JAC_L2,4,-0.0,false,lata
130,Maguary_Maracuja,Jacarei,JAC_L2,5,-0.0,false,lata
130,Maguary_Maracuja,Jacarei,JAC_L2,6,-0.0,false,lata
130,Maguary_Maracuja,Jacarei,JAC_L2,7,-0.0,false,lata
130,Maguary_Maracuja,Jacarei,JAC_L2,8,-0.0,false,lata
130,Maguary_Maracuja,Jacarei,JAC_L2,9,-0.0,false,lata
130,Maguary_Maracuja,Jacarei,JAC_L2,10,-0.0,false,lata
130,Maguary_Maracuja,Jacarei,JAC_L2,11,-0.0,false,lata
130,Maguary_Maracuja,Jacarei,JAC_L2,12,-0.0,false,lata
130,Maguary_Maracuja,Jacarei,JAC_L2,13,-999999.7471616501,false,lata
130,Maguary_Maracuja,Jacarei,JAC_L2,14,-0.0,false,lata
130,Maguary_Maracuja,Jacarei,JAC_L2,15,-0.27059465,false,lata
130,Maguary_Maracuja,Jacarei,JAC_L3,1,-999999.57697525,false,lata
130,Maguary_Maracuja,Jacarei,JAC_L3,2,-0.0,false,lata
130,Maguary_Maracuja,Jacarei,JAC_L3,3,-0.0,false,lata
130,Maguary_Maracuja,Jacarei,JAC_L3,4,-0.0,false,lata
130,Maguary_Maracuja,Jacarei,JAC_L3,5,-0.0,false,lata
130,Maguary_Maracuja,Jacarei,JAC_L3,6,-0.0,false,lata
130,Maguary_Maracuja,Jacarei,JAC_L3,7,-0.0,false,lata
130,Maguary_Maracuja,Jacarei,JAC_L3,8,-0.0,false,lata
130,Maguary_Maracuja,Jacarei,JAC_L3,9,-0.0,false,lata
130,Maguary_Maracuja,Jacarei,JAC_L3,10,-0.0,false,lata
130,Maguary_Maracuja,Jacarei,JAC_L3,11,-0.0,false,lata
130,Maguary_Maracuja,Jacarei,JAC_L3,12,-0.0,false,lata
130,Maguary_Maracuja,Jacarei,JAC_L3,13,-0.0,false,lata
130,Maguary_Maracuja,Jacarei,JAC_L3,14,-0.0,false,lata
130,Maguary_Maracuja,Jacarei,JAC_L3,15,-0.27059465,false,lata
130,Maguary_Maracuja,Extrema,EXT_L1,1,-0.0,false,lata
130,Maguary_Maracuja,Extrema,EXT_L1,2,-0.0,false,lata
130,Maguary_Maracuja,Extrema,EXT_L1,3,-0.0,false,lata
130,Maguary_Maracuja,Extrema,EXT_L1,4,-0.0,false,lata
130,Maguary_Maracuja,Extrema,EXT_L1,5,-999999.93888425,false,lata
130,Maguary_Maracuja,Extrema,EXT_L1,6,-0.0,false,lata
130,Maguary_Maracuja,Extrema,EXT_L1,7,-0.0,false,lata
130,Maguary_Maracuja,Extrema,EXT_L1,8,-0.0,false,lata
130,Maguary_Maracuja,Extrema,EXT_L1,9,-0.0,false,lata
130,Maguary_Maracuja,Extrema,EXT_L1,10,-0.0,false,lata
130,Maguary_Maracuja,Extrema,EXT_L1,11,-0.0,false,lata
130,Maguary_Maracuja,Extrema,EXT_L1,12,-0.0,false,lata
130,Maguary_Maracuja,Extrema,EXT_L1,13,-0.0,false,lata
130,Maguary_Maracuja,Extrema,EXT_L1,14,-0.0,false,lata
130,Maguary_Maracuja,Extrema,EXT_L1,15,-0.26955085,false,lata
130,Maguary_Maracuja,Extrema,EXT_L2,1,-0.0,false,lata
130,Maguary_Maracuja,Extrema,EXT_L2,2,-0.0,false,lata
130,Maguary_Maracuja,Extrema,EXT_L2,3,-0.0,false,lata
130,Maguary_Maracuja,Extrema,EXT_L2,4,-0.0,false,lata
130,Maguary_Maracuja,Extrema,EXT_L2,5,-0.0,false,lata
130,Maguary_Maracuja,Extrema,EXT_L2,6,-0.0,false,lata
130,Maguary_Maracuja,Extrema,EXT_L2,7,-0.0,false,lata
130,Maguary_Maracuja,Extrema,EXT_L2,8,-999999.99624915,false,lata
130,Maguary_Maracuja,Extrema,EXT_L2,9,-0.0,false,lata
130,Maguary_Maracuja,Extrema,EXT_L2,10,-0.0,false,lata
130,Maguary_Maracuja,Extrema,EXT_L2,11,-0.0,false,lata
130,Maguary_Maracuja,Extrema,EXT_L2,12,-0.0,false,lata
130,Maguary_Maracuja,Extrema,EXT_L2,13,-999999.7461178501,false,lata
130,Maguary_Maracuja,Extrema,EXT_L2,14,-0.0,false,lata
130,Maguary_Maracuja,Extrema,EXT_L2,15,-0.26955085,false,lata
130,Maguary_Maracuja,Extrema,EXT_L3,1,-0.0,false,lata
130,Maguary_Maracuja,Extrema,EXT_L3,2,-0.0,false,lata
130,Maguary_Maracuja,Extrema,EXT_L3,3,-0.0,false,lata
130,Maguary_Maracuja,Extrema,EXT_L3,4,-0.0,false,lata
130,Maguary_Maracuja,Extrema,EXT_L3,5,-0.0,false,lata
130,Maguary_Maracuja,Extrema,EXT_L3,6,-0.0,false,lata
130,Maguary_Maracuja,Extrema,EXT_L3,7,-999999.73044915,false,lata
130,Maguary_Maracuja,Extrema,EXT_L3,8,-0.0,false,lata
130,Maguary_Maracuja,Extrema,EXT_L3,9,-0.0,false,lata
130,Maguary_Maracuja,Extrema,EXT_L3,10,-0.0,false,lata
130,Maguary_Maracuja,Extrema,EXT_L3,11,-0.0,false,lata
130,Maguary_Maracuja,Extrema,EXT_L3,12,-0.0,false,lata
130,Maguary_Maracuja,Extrema,EXT_L3,13,-0.0,false,lata
130,Maguary_Maracuja,Extrema,EXT_L3,14,-0.0,false,lata
130,Maguary_Maracuja,Extrema,EXT_L3,15,-0.26955085,false,lata
130,Maguary_Maracuja,Tres Rios,TRE_L1,1,-0.0,false,lata
130,Maguary_Maracuja,Tres Rios,TRE_L1,2,-0.0,false,lata
130,Maguary_Maracuja,Tres Rios,TRE_L1,3,-0.0,false,lata
130,Maguary_Maracuja,Tres Rios,TRE_L1,4,-0.0,false,lata
130,Maguary_Maracuja,Tres Rios,TRE_L1,5,-999999.9526814,false,lata
130,Maguary_Maracuja,Tres Rios,TRE_L1,6,-0.0,false,lata
130,Maguary_Maracuja,Tres Rios,TRE_L1,7,-0.0,false,lata
130,Maguary_Maracuja,Tres Rios,TRE_L1,8,-1.0e6,true,lata
130,Maguary_Maracuja,Tres Rios,TRE_L1,9,-0.0,false,lata
130,Maguary_Maracuja,Tres Rios,TRE_L1,10,-0.0,false,lata
130,Maguary_Maracuja,Tres Rios,TRE_L1,11,-0.0,false,lata
130,Maguary_Maracuja,Tres Rios,TRE_L1,12,-0.0,false,lata
130,Maguary_Maracuja,Tres Rios,TRE_L1,13,-999999.75002835,false,lata
130,Maguary_Maracuja,Tres Rios,TRE_L1,14,-0.0,false,lata
130,Maguary_Maracuja,Tres Rios,TRE_L1,15,-0.283348,false,lata
130,Maguary_Maracuja,Tres Rios,TRE_L2,1,-0.0,false,lata
130,Maguary_Maracuja,Tres Rios,TRE_L2,2,-0.0,false,lata
130,Maguary_Maracuja,Tres Rios,TRE_L2,3,-0.0,false,lata
130,Maguary_Maracuja,Tres Rios,TRE_L2,4,-0.0,false,lata
130,Maguary_Maracuja,Tres Rios,TRE_L2,5,-0.0,false,lata
130,Maguary_Maracuja,Tres Rios,TRE_L2,6,-0.0,false,lata
130,Maguary_Maracuja,Tres Rios,TRE_L2,7,-0.0,false,lata
130,Maguary_Maracuja,Tres Rios,TRE_L2,8,-0.0,false,lata
130,Maguary_Maracuja,Tres Rios,TRE_L2,9,-0.0,false,lata
130,Maguary_Maracuja,Tres Rios,TRE_L2,10,-0.0,false,lata
130,Maguary_Maracuja,Tres Rios,TRE_L2,11,-0.0,false,lata
130,Maguary_Maracuja,Tres Rios,TRE_L2,12,-0.0,false,lata
130,Maguary_Maracuja,Tres Rios,TRE_L2,13,-0.0,false,lata
130,Maguary_Maracuja,Tres Rios,TRE_L2,14,-0.0,false,lata
130,Maguary_Maracuja,Tres Rios,TRE_L2,15,-0.283348,false,lata
130,Maguary_Maracuja,Tres Rios,TRE_L3,1,-0.0,false,lata
130,Maguary_Maracuja,Tres Rios,TRE_L3,2,-0.0,false,lata
130,Maguary_Maracuja,Tres Rios,TRE_L3,3,-0.0,false,lata
130,Maguary_Maracuja,Tres Rios,TRE_L3,4,-0.0,false,lata
130,Maguary_Maracuja,Tres Rios,TRE_L3,5,-0.0,false,lata
130,Maguary_Maracuja,Tres Rios,TRE_L3,6,-0.0,false,lata
130,Maguary_Maracuja,Tres Rios,TRE_L3,7,-0.0,false,lata
130,Maguary_Maracuja,Tres Rios,TRE_L3,8,-0.0,false,lata
130,Maguary_Maracuja,Tres Rios,TRE_L3,9,-0.0,false,lata
130,Maguary_Maracuja,Tres Rios,TRE_L3,10,-0.0,false,lata
130,Maguary_Maracuja,Tres Rios,TRE_L3,11,-0.0,false,lata
130,Maguary_Maracuja,Tres Rios,TRE_L3,12,-0.0,false,lata
130,Maguary_Maracuja,Tres Rios,TRE_L3,13,-0.0,false,lata
130,Maguary_Maracuja,Tres Rios,TRE_L3,14,-0.0,false,lata
130,Maguary_Maracuja,Tres Rios,TRE_L3,15,-0.283348,false,lata
130,Maguary_Maracuja,Alagoinhas,ALA_L1,1,-999999.5622843502,false,lata
130,Maguary_Maracuja,Alagoinhas,ALA_L1,2,-0.0,false,lata
130,Maguary_Maracuja,Alagoinhas,ALA_L1,3,-0.0,false,lata
130,Maguary_Maracuja,Alagoinhas,ALA_L1,4,-0.0,false,lata
130,Maguary_Maracuja,Alagoinhas,ALA_L1,5,-1.0e6,true,lata
130,Maguary_Maracuja,Alagoinhas,ALA_L1,6,-0.0,false,lata
130,Maguary_Maracuja,Alagoinhas,ALA_L1,7,-0.0,false,lata
130,Maguary_Maracuja,Alagoinhas,ALA_L1,8,-0.0,false,lata
130,Maguary_Maracuja,Alagoinhas,ALA_L1,9,-0.0,false,lata
130,Maguary_Maracuja,Alagoinhas,ALA_L1,10,-0.0,false,lata
130,Maguary_Maracuja,Alagoinhas,ALA_L1,11,-0.0,false,lata
130,Maguary_Maracuja,Alagoinhas,ALA_L1,12,-0.0,false,lata
130,Maguary_Maracuja,Alagoinhas,ALA_L1,13,-0.0,false,lata
130,Maguary_Maracuja,Alagoinhas,ALA_L1,14,-0.0,false,lata
130,Maguary_Maracuja,Alagoinhas,ALA_L1,15,-0.3306666,false,lata
130,Maguary_Maracuja,Alagoinhas,ALA_L2,1,-0.0,false,lata
130,Maguary_Maracuja,Alagoinhas,ALA_L2,2,-0.0,false,lata
130,Maguary_Maracuja,Alagoinhas,ALA_L2,3,-0.0,false,lata
130,Maguary_Maracuja,Alagoinhas,ALA_L2,4,-0.0,false,lata
130,Maguary_Maracuja,Alagoinhas,ALA_L2,5,-0.0,false,lata
130,Maguary_Maracuja,Alagoinhas,ALA_L2,6,-0.0,false,lata
130,Maguary_Maracuja,Alagoinhas,ALA_L2,7,-0.0,false,lata
130,Maguary_Maracuja,Alagoinhas,ALA_L2,8,-0.0,false,lata
130,Maguary_Maracuja,Alagoinhas,ALA_L2,9,-0.0,false,lata
130,Maguary_Maracuja,Alagoinhas,ALA_L2,10,-999999.7180470502,false,lata
130,Maguary_Maracuja,Alagoinhas,ALA_L2,11,-0.0,false,lata
130,Maguary_Maracuja,Alagoinhas,ALA_L2,12,-0.0,false,lata
130,Maguary_Maracuja,Alagoinhas,ALA_L2,13,-0.0,false,lata
130,Maguary_Maracuja,Alagoinhas,ALA_L2,14,-0.0,false,lata
130,Maguary_Maracuja,Alagoinhas,ALA_L2,15,-0.3299,false,lata
130,Maguary_Maracuja,Alagoinhas,ALA_L3,1,-0.0,false,lata
130,Maguary_Maracuja,Alagoinhas,ALA_L3,2,-0.0,false,lata
130,Maguary_Maracuja,Alagoinhas,ALA_L3,3,-0.0,false,lata
130,Maguary_Maracuja,Alagoinhas,ALA_L3,4,-0.0,false,lata
130,Maguary_Maracuja,Alagoinhas,ALA_L3,5,-0.0,false,lata
130,Maguary_Maracuja,Alagoinhas,ALA_L3,6,-0.0,false,lata
130,Maguary_Maracuja,Alagoinhas,ALA_L3,7,-0.0,false,lata
130,Maguary_Maracuja,Alagoinhas,ALA_L3,8,-999999.9961279501,false,lata
130,Maguary_Maracuja,Alagoinhas,ALA_L3,9,-0.0,false,lata
130,Maguary_Maracuja,Alagoinhas,ALA_L3,10,-999999.7180470502,false,lata
130,Maguary_Maracuja,Alagoinhas,ALA_L3,11,-0.0,false,lata
130,Maguary_Maracuja,Alagoinhas,ALA_L3,12,-999999.4658796502,false,lata
130,Maguary_Maracuja,Alagoinhas,ALA_L3,13,-0.0,false,lata
130,Maguary_Maracuja,Alagoinhas,ALA_L3,14,-0.0,false,lata
130,Maguary_Maracuja,Alagoinhas,ALA_L3,15,-0.3306666,false,lata
130,Maguary_Maracuja,Frutal,FRU_L1,1,-0.0,false,lata
130,Maguary_Maracuja,Frutal,FRU_L1,2,-0.0,false,lata
130,Maguary_Maracuja,Frutal,FRU_L1,3,-0.0,false,lata
130,Maguary_Maracuja,Frutal,FRU_L1,4,-0.0,false,lata
130,Maguary_Maracuja,Frutal,FRU_L1,5,-0.0,false,lata
130,Maguary_Maracuja,Frutal,FRU_L1,6,-0.0,false,lata
130,Maguary_Maracuja,Frutal,FRU_L1,7,-0.0,false,lata
130,Maguary_Maracuja,Frutal,FRU_L1,8,-0.0,false,lata
130,Maguary_Maracuja,Frutal,FRU_L1,9,-0.0,false,lata
130,Maguary_Maracuja,Frutal,FRU_L1,10,-0.0,false,lata
130,Maguary_Maracuja,Frutal,FRU_L1,11,-0.0,false,lata
130,Maguary_Maracuja,Frutal,FRU_L1,12,-0.0,false,lata
130,Maguary_Maracuja,Frutal,FRU_L1,13,-999999.7592645001,false,lata
130,Maguary_Maracuja,Frutal,FRU_L1,14,-0.0,false,lata
130,Maguary_Maracuja,Frutal,FRU_L1,15,-0.2826975,false,lata
130,Maguary_Maracuja,Frutal,FRU_L2,1,-0.0,false,lata
130,Maguary_Maracuja,Frutal,FRU_L2,2,-0.0,false,lata
130,Maguary_Maracuja,Frutal,FRU_L2,3,-0.0,false,lata
130,Maguary_Maracuja,Frutal,FRU_L2,4,-999999.6932015,false,lata
130,Maguary_Maracuja,Frutal,FRU_L2,5,-0.0,false,lata
130,Maguary_Maracuja,Frutal,FRU_L2,6,-0.0,false,lata
130,Maguary_Maracuja,Frutal,FRU_L2,7,-0.0,false,lata
130,Maguary_Maracuja,Frutal,FRU_L2,8,-0.0,false,lata
130,Maguary_Maracuja,Frutal,FRU_L2,9,-0.0,false,lata
130,Maguary_Maracuja,Frutal,FRU_L2,10,-0.0,false,lata
130,Maguary_Maracuja,Frutal,FRU_L2,11,-0.0,false,lata
130,Maguary_Maracuja,Frutal,FRU_L2,12,-0.0,false,lata
130,Maguary_Maracuja,Frutal,FRU_L2,13,-999999.7592645001,false,lata
130,Maguary_Maracuja,Frutal,FRU_L2,14,-0.0,false,lata
130,Maguary_Maracuja,Frutal,FRU_L2,15,-0.2826975,false,lata
130,Maguary_Maracuja,Frutal,FRU_L3,1,-0.0,false,lata
130,Maguary_Maracuja,Frutal,FRU_L3,2,-0.0,false,lata
130,Maguary_Maracuja,Frutal,FRU_L3,3,-0.0,false,lata
130,Maguary_Maracuja,Frutal,FRU_L3,4,-0.0,false,lata
130,Maguary_Maracuja,Frutal,FRU_L3,5,-0.0,false,lata
130,Maguary_Maracuja,Frutal,FRU_L3,6,-0.0,false,lata
130,Maguary_Maracuja,Frutal,FRU_L3,7,-0.0,false,lata
130,Maguary_Maracuja,Frutal,FRU_L3,8,-0.0,false,lata
130,Maguary_Maracuja,Frutal,FRU_L3,9,-0.0,false,lata
130,Maguary_Maracuja,Frutal,FRU_L3,10,-0.0,false,lata
130,Maguary_Maracuja,Frutal,FRU_L3,11,-0.0,false,lata
130,Maguary_Maracuja,Frutal,FRU_L3,12,-0.0,false,lata
130,Maguary_Maracuja,Frutal,FRU_L3,13,-0.0,false,lata
130,Maguary_Maracuja,Frutal,FRU_L3,14,-0.0,false,lata
130,Maguary_Maracuja,Frutal,FRU_L3,15,-0.2826975,false,lata
130,Maguary_Maracuja,Pouso Alegre,POU_L1,1,-0.0,false,lata
130,Maguary_Maracuja,Pouso Alegre,POU_L1,2,-0.0,false,lata
130,Maguary_Maracuja,Pouso Alegre,POU_L1,3,-0.0,false,lata
130,Maguary_Maracuja,Pouso Alegre,POU_L1,4,-0.0,false,lata
130,Maguary_Maracuja,Pouso Alegre,POU_L1,5,-0.0,false,lata
130,Maguary_Maracuja,Pouso Alegre,POU_L1,6,-0.0,false,lata
130,Maguary_Maracuja,Pouso Alegre,POU_L1,7,-0.0,false,lata
130,Maguary_Maracuja,Pouso Alegre,POU_L1,8,-0.0,false,lata
130,Maguary_Maracuja,Pouso Alegre,POU_L1,9,-0.0,false,lata
130,Maguary_Maracuja,Pouso Alegre,POU_L1,10,-0.0,false,lata
130,Maguary_Maracuja,Pouso Alegre,POU_L1,11,-0.0,false,lata
130,Maguary_Maracuja,Pouso Alegre,POU_L1,12,-0.0,false,lata
130,Maguary_Maracuja,Pouso Alegre,POU_L1,13,-0.0,false,lata
130,Maguary_Maracuja,Pouso Alegre,POU_L1,14,-0.0,false,lata
130,Maguary_Maracuja,Pouso Alegre,POU_L1,15,-0.27227965,false,lata
130,Maguary_Maracuja,Pouso Alegre,POU_L2,1,-0.0,false,lata
130,Maguary_Maracuja,Pouso Alegre,POU_L2,2,-0.0,false,lata
130,Maguary_Maracuja,Pouso Alegre,POU_L2,3,-0.0,false,lata
130,Maguary_Maracuja,Pouso Alegre,POU_L2,4,-0.0,false,lata
130,Maguary_Maracuja,Pouso Alegre,POU_L2,5,-0.0,false,lata
130,Maguary_Maracuja,Pouso Alegre,POU_L2,6,-0.0,false,lata
130,Maguary_Maracuja,Pouso Alegre,POU_L2,7,-0.0,false,lata
130,Maguary_Maracuja,Pouso Alegre,POU_L2,8,-0.0,false,lata
130,Maguary_Maracuja,Pouso Alegre,POU_L2,9,-0.0,false,lata
130,Maguary_Maracuja,Pouso Alegre,POU_L2,10,-0.0,false,lata
130,Maguary_Maracuja,Pouso Alegre,POU_L2,11,-0.0,false,lata
130,Maguary_Maracuja,Pouso Alegre,POU_L2,12,-0.0,false,lata
130,Maguary_Maracuja,Pouso Alegre,POU_L2,13,-999999.7488466501,false,lata
130,Maguary_Maracuja,Pouso Alegre,POU_L2,14,-0.0,false,lata
130,Maguary_Maracuja,Pouso Alegre,POU_L2,15,-0.27227965,false,lata
130,Maguary_Maracuja,Pouso Alegre,POU_L3,1,-0.0,false,lata
130,Maguary_Maracuja,Pouso Alegre,POU_L3,2,-0.0,false,lata
130,Maguary_Maracuja,Pouso Alegre,POU_L3,3,-0.0,false,lata
130,Maguary_Maracuja,Pouso Alegre,POU_L3,4,-0.0,false,lata
130,Maguary_Maracuja,Pouso Alegre,POU_L3,5,-0.0,false,lata
130,Maguary_Maracuja,Pouso Alegre,POU_L3,6,-0.0,false,lata
130,Maguary_Maracuja,Pouso Alegre,POU_L3,7,-0.0,false,lata
130,Maguary_Maracuja,Pouso Alegre,POU_L3,8,-0.0,false,lata
130,Maguary_Maracuja,Pouso Alegre,POU_L3,9,-0.0,false,lata
130,Maguary_Maracuja,Pouso Alegre,POU_L3,10,-999999.6596601002,false,lata
130,Maguary_Maracuja,Pouso Alegre,POU_L3,11,-0.0,false,lata
130,Maguary_Maracuja,Pouso Alegre,POU_L3,12,-0.0,false,lata
130,Maguary_Maracuja,Pouso Alegre,POU_L3,13,-0.0,false,lata
130,Maguary_Maracuja,Pouso Alegre,POU_L3,14,-0.0,false,lata
130,Maguary_Maracuja,Pouso Alegre,POU_L3,15,-0.27227965,false,lata
130,Maguary_Maracuja,Gama,GAM_L1,1,-0.0,false,lata
130,Maguary_Maracuja,Gama,GAM_L1,2,-0.0,false,lata
130,Maguary_Maracuja,Gama,GAM_L1,3,-0.0,false,lata
130,Maguary_Maracuja,Gama,GAM_L1,4,-0.0,false,lata
130,Maguary_Maracuja,Gama,GAM_L1,5,-0.0,false,lata
130,Maguary_Maracuja,Gama,GAM_L1,6,-0.0,false,lata
130,Maguary_Maracuja,Gama,GAM_L1,7,-0.0,false,lata
130,Maguary_Maracuja,Gama,GAM_L1,8,-0.0,false,lata
130,Maguary_Maracuja,Gama,GAM_L1,9,-0.0,false,lata
130,Maguary_Maracuja,Gama,GAM_L1,10,-0.0,false,lata
130,Maguary_Maracuja,Gama,GAM_L1,11,-0.0,false,lata
130,Maguary_Maracuja,Gama,GAM_L1,12,-0.0,false,lata
130,Maguary_Maracuja,Gama,GAM_L1,13,-0.0,false,lata
130,Maguary_Maracuja,Gama,GAM_L1,14,-0.0,false,lata
130,Maguary_Maracuja,Gama,GAM_L1,15,-0.2999458,false,lata
130,Maguary_Maracuja,Gama,GAM_L2,1,-0.0,false,lata
130,Maguary_Maracuja,Gama,GAM_L2,2,-0.0,false,lata
130,Maguary_Maracuja,Gama,GAM_L2,3,-0.0,false,lata
130,Maguary_Maracuja,Gama,GAM_L2,4,-0.0,false,lata
130,Maguary_Maracuja,Gama,GAM_L2,5,-0.0,false,lata
130,Maguary_Maracuja,Gama,GAM_L2,6,-0.0,false,lata
130,Maguary_Maracuja,Gama,GAM_L2,7,-0.0,false,lata
130,Maguary_Maracuja,Gama,GAM_L2,8,-0.0,false,lata
130,Maguary_Maracuja,Gama,GAM_L2,9,-0.0,false,lata
130,Maguary_Maracuja,Gama,GAM_L2,10,-0.0,false,lata
130,Maguary_Maracuja,Gama,GAM_L2,11,-0.0,false,lata
130,Maguary_Maracuja,Gama,GAM_L2,12,-0.0,false,lata
130,Maguary_Maracuja,Gama,GAM_L2,13,-0.0,false,lata
130,Maguary_Maracuja,Gama,GAM_L2,14,-0.0,false,lata
130,Maguary_Maracuja,Gama,GAM_L2,15,-0.2999458,false,lata
130,Maguary_Maracuja,Gama,GAM_L3,1,-0.0,false,lata
130,Maguary_Maracuja,Gama,GAM_L3,2,-0.0,false,lata
130,Maguary_Maracuja,Gama,GAM_L3,3,-0.0,false,lata
130,Maguary_Maracuja,Gama,GAM_L3,4,-0.0,false,lata
130,Maguary_Maracuja,Gama,GAM_L3,5,-0.0,false,lata
130,Maguary_Maracuja,Gama,GAM_L3,6,-0.0,false,lata
130,Maguary_Maracuja,Gama,GAM_L3,7,-0.0,false,lata
130,Maguary_Maracuja,Gama,GAM_L3,8,-0.0,false,lata
130,Maguary_Maracuja,Gama,GAM_L3,9,-0.0,false,lata
130,Maguary_Maracuja,Gama,GAM_L3,10,-0.0,false,lata
130,Maguary_Maracuja,Gama,GAM_L3,11,-0.0,false,lata
130,Maguary_Maracuja,Gama,GAM_L3,12,-0.0,false,lata
130,Maguary_Maracuja,Gama,GAM_L3,13,-0.0,false,lata
130,Maguary_Maracuja,Gama,GAM_L3,14,-0.0,false,lata
130,Maguary_Maracuja,Gama,GAM_L3,15,-0.2999458,false,lata
130,Maguary_Maracuja,Viamao,VIA_L1,1,-999999.6155625001,false,lata
130,Maguary_Maracuja,Viamao,VIA_L1,2,-999999.8819479501,false,lata
130,Maguary_Maracuja,Viamao,VIA_L1,3,-0.0,false,lata
130,Maguary_Maracuja,Viamao,VIA_L1,4,-0.0,false,lata
130,Maguary_Maracuja,Viamao,VIA_L1,5,-0.0,false,lata
130,Maguary_Maracuja,Viamao,VIA_L1,6,-0.0,false,lata
130,Maguary_Maracuja,Viamao,VIA_L1,7,-0.0,false,lata
130,Maguary_Maracuja,Viamao,VIA_L1,8,-0.0,false,lata
130,Maguary_Maracuja,Viamao,VIA_L1,9,-999999.67630085,false,lata
130,Maguary_Maracuja,Viamao,VIA_L1,10,-0.0,false,lata
130,Maguary_Maracuja,Viamao,VIA_L1,11,-0.0,false,lata
130,Maguary_Maracuja,Viamao,VIA_L1,12,-0.0,false,lata
130,Maguary_Maracuja,Viamao,VIA_L1,13,-0.0,false,lata
130,Maguary_Maracuja,Viamao,VIA_L1,14,-0.0,false,lata
130,Maguary_Maracuja,Viamao,VIA_L1,15,-0.3026779,false,lata
130,Maguary_Maracuja,Viamao,VIA_L2,1,-0.0,false,lata
130,Maguary_Maracuja,Viamao,VIA_L2,2,-0.0,false,lata
130,Maguary_Maracuja,Viamao,VIA_L2,3,-0.0,false,lata
130,Maguary_Maracuja,Viamao,VIA_L2,4,-0.0,false,lata
130,Maguary_Maracuja,Viamao,VIA_L2,5,-0.0,false,lata
130,Maguary_Maracuja,Viamao,VIA_L2,6,-0.0,false,lata
130,Maguary_Maracuja,Viamao,VIA_L2,7,-0.0,false,lata
130,Maguary_Maracuja,Viamao,VIA_L2,8,-0.0,false,lata
130,Maguary_Maracuja,Viamao,VIA_L2,9,-0.0,false,lata
130,Maguary_Maracuja,Viamao,VIA_L2,10,-0.0,false,lata
130,Maguary_Maracuja,Viamao,VIA_L2,11,-0.0,false,lata
130,Maguary_Maracuja,Viamao,VIA_L2,12,-0.0,false,lata
130,Maguary_Maracuja,Viamao,VIA_L2,13,-0.0,false,lata
130,Maguary_Maracuja,Viamao,VIA_L2,14,-0.0,false,lata
130,Maguary_Maracuja,Viamao,VIA_L2,15,-0.3026779,false,lata
130,Maguary_Maracuja,Viamao,VIA_L3,1,-0.0,false,lata
130,Maguary_Maracuja,Viamao,VIA_L3,2,-0.0,false,lata
130,Maguary_Maracuja,Viamao,VIA_L3,3,-0.0,false,lata
130,Maguary_Maracuja,Viamao,VIA_L3,4,-999999.73397815,false,lata
130,Maguary_Maracuja,Viamao,VIA_L3,5,-0.0,false,lata
130,Maguary_Maracuja,Viamao,VIA_L3,6,-0.0,false,lata
130,Maguary_Maracuja,Viamao,VIA_L3,7,-0.0,false,lata
130,Maguary_Maracuja,Viamao,VIA_L3,8,-0.0,false,lata
130,Maguary_Maracuja,Viamao,VIA_L3,9,-0.0,false,lata
130,Maguary_Maracuja,Viamao,VIA_L3,10,-0.0,false,lata
130,Maguary_Maracuja,Viamao,VIA_L3,11,-0.0,false,lata
130,Maguary_Maracuja,Viamao,VIA_L3,12,-0.0,false,lata
130,Maguary_Maracuja,Viamao,VIA_L3,13,-0.0,false,lata
130,Maguary_Maracuja,Viamao,VIA_L3,14,-0.0,false,lata
130,Maguary_Maracuja,Viamao,VIA_L3,15,-0.3026779,false,lata
130,Maguary_Maracuja,Itupeva,ITU_L1,1,-0.0,false,lata
130,Maguary_Maracuja,Itupeva,ITU_L1,2,-999999.8456555001,false,lata
130,Maguary_Maracuja,Itupeva,ITU_L1,3,-999999.4313002499,false,lata
130,Maguary_Maracuja,Itupeva,ITU_L1,4,-0.0,false,lata
130,Maguary_Maracuja,Itupeva,ITU_L1,5,-0.0,false,lata
130,Maguary_Maracuja,Itupeva,ITU_L1,6,-0.0,false,lata
130,Maguary_Maracuja,Itupeva,ITU_L1,7,-0.0,false,lata
130,Maguary_Maracuja,Itupeva,ITU_L1,8,-0.0,false,lata
130,Maguary_Maracuja,Itupeva,ITU_L1,9,-0.0,false,lata
130,Maguary_Maracuja,Itupeva,ITU_L1,10,-0.0,false,lata
130,Maguary_Maracuja,Itupeva,ITU_L1,11,-0.0,false,lata
130,Maguary_Maracuja,Itupeva,ITU_L1,12,-0.0,false,lata
130,Maguary_Maracuja,Itupeva,ITU_L1,13,-0.0,false,lata
130,Maguary_Maracuja,Itupeva,ITU_L1,14,-0.0,false,lata
130,Maguary_Maracuja,Itupeva,ITU_L1,15,-0.2733017,false,lata
130,Maguary_Maracuja,Itupeva,ITU_L2,1,-0.0,false,lata
130,Maguary_Maracuja,Itupeva,ITU_L2,2,-0.0,false,lata
130,Maguary_Maracuja,Itupeva,ITU_L2,3,-0.0,false,lata
130,Maguary_Maracuja,Itupeva,ITU_L2,4,-999999.6971002499,false,lata
130,Maguary_Maracuja,Itupeva,ITU_L2,5,-999999.9351334,false,lata
130,Maguary_Maracuja,Itupeva,ITU_L2,6,-0.0,false,lata
130,Maguary_Maracuja,Itupeva,ITU_L2,7,-0.0,false,lata
130,Maguary_Maracuja,Itupeva,ITU_L2,8,-0.0,false,lata
130,Maguary_Maracuja,Itupeva,ITU_L2,9,-0.0,false,lata
130,Maguary_Maracuja,Itupeva,ITU_L2,10,-999999.6606821502,false,lata
130,Maguary_Maracuja,Itupeva,ITU_L2,11,-0.0,false,lata
130,Maguary_Maracuja,Itupeva,ITU_L2,12,-0.0,false,lata
130,Maguary_Maracuja,Itupeva,ITU_L2,13,-0.0,false,lata
130,Maguary_Maracuja,Itupeva,ITU_L2,14,-0.0,false,lata
130,Maguary_Maracuja,Itupeva,ITU_L2,15,-0.2658,false,lata
130,Maguary_Maracuja,Itupeva,ITU_L3,1,-0.0,false,lata
130,Maguary_Maracuja,Itupeva,ITU_L3,2,-0.0,false,lata
130,Maguary_Maracuja,Itupeva,ITU_L3,3,-0.0,false,lata
130,Maguary_Maracuja,Itupeva,ITU_L3,4,-0.0,false,lata
130,Maguary_Maracuja,Itupeva,ITU_L3,5,-0.0,false,lata
130,Maguary_Maracuja,Itupeva,ITU_L3,6,-0.0,false,lata
130,Maguary_Maracuja,Itupeva,ITU_L3,7,-0.0,false,lata
130,Maguary_Maracuja,Itupeva,ITU_L3,8,-1.0e6,true,lata
130,Maguary_Maracuja,Itupeva,ITU_L3,9,-0.0,false,lata
130,Maguary_Maracuja,Itupeva,ITU_L3,10,-0.0,false,lata
130,Maguary_Maracuja,Itupeva,ITU_L3,11,-0.0,false,lata
130,Maguary_Maracuja,Itupeva,ITU_L3,12,-0.0,false,lata
130,Maguary_Maracuja,Itupeva,ITU_L3,13,-0.0,false,lata
130,Maguary_Maracuja,Itupeva,ITU_L3,14,-0.0,false,lata
130,Maguary_Maracuja,Itupeva,ITU_L3,15,-0.2733017,false,lata
130,Maguary_Maracuja,Cabo de Santo Agostinho,CAB_L1,1,-0.0,false,lata
130,Maguary_Maracuja,Cabo de Santo Agostinho,CAB_L1,2,-0.0,false,lata
130,Maguary_Maracuja,Cabo de Santo Agostinho,CAB_L1,3,-0.0,false,lata
130,Maguary_Maracuja,Cabo de Santo Agostinho,CAB_L1,4,-0.0,false,lata
130,Maguary_Maracuja,Cabo de Santo Agostinho,CAB_L1,5,-999999.97605955,false,lata
130,Maguary_Maracuja,Cabo de Santo Agostinho,CAB_L1,6,-0.0,false,lata
130,Maguary_Maracuja,Cabo de Santo Agostinho,CAB_L1,7,-0.0,false,lata
130,Maguary_Maracuja,Cabo de Santo Agostinho,CAB_L1,8,-0.0,false,lata
130,Maguary_Maracuja,Cabo de Santo Agostinho,CAB_L1,9,-0.0,false,lata
130,Maguary_Maracuja,Cabo de Santo Agostinho,CAB_L1,10,-0.0,false,lata
130,Maguary_Maracuja,Cabo de Santo Agostinho,CAB_L1,11,-0.0,false,lata
130,Maguary_Maracuja,Cabo de Santo Agostinho,CAB_L1,12,-0.0,false,lata
130,Maguary_Maracuja,Cabo de Santo Agostinho,CAB_L1,13,-0.0,false,lata
130,Maguary_Maracuja,Cabo de Santo Agostinho,CAB_L1,14,-0.0,false,lata
130,Maguary_Maracuja,Cabo de Santo Agostinho,CAB_L1,15,-0.3261,false,lata
130,Maguary_Maracuja,Cabo de Santo Agostinho,CAB_L2,1,-0.0,false,lata
130,Maguary_Maracuja,Cabo de Santo Agostinho,CAB_L2,2,-999999.8047293501,false,lata
130,Maguary_Maracuja,Cabo de Santo Agostinho,CAB_L2,3,-0.0,false,lata
130,Maguary_Maracuja,Cabo de Santo Agostinho,CAB_L2,4,-0.0,false,lata
130,Maguary_Maracuja,Cabo de Santo Agostinho,CAB_L2,5,-0.0,false,lata
130,Maguary_Maracuja,Cabo de Santo Agostinho,CAB_L2,6,-0.0,false,lata
130,Maguary_Maracuja,Cabo de Santo Agostinho,CAB_L2,7,-999999.6928837,false,lata
130,Maguary_Maracuja,Cabo de Santo Agostinho,CAB_L2,8,-0.0,false,lata
130,Maguary_Maracuja,Cabo de Santo Agostinho,CAB_L2,9,-0.0,false,lata
130,Maguary_Maracuja,Cabo de Santo Agostinho,CAB_L2,10,-0.0,false,lata
130,Maguary_Maracuja,Cabo de Santo Agostinho,CAB_L2,11,-0.0,false,lata
130,Maguary_Maracuja,Cabo de Santo Agostinho,CAB_L2,12,-0.0,false,lata
130,Maguary_Maracuja,Cabo de Santo Agostinho,CAB_L2,13,-0.0,false,lata
130,Maguary_Maracuja,Cabo de Santo Agostinho,CAB_L2,14,-0.0,false,lata
130,Maguary_Maracuja,Cabo de Santo Agostinho,CAB_L2,15,-0.3193,false,lata
130,Maguary_Maracuja,Cabo de Santo Agostinho,CAB_L3,1,-0.0,false,lata
130,Maguary_Maracuja,Cabo de Santo Agostinho,CAB_L3,2,-0.0,false,lata
130,Maguary_Maracuja,Cabo de Santo Agostinho,CAB_L3,3,-0.0,false,lata
130,Maguary_Maracuja,Cabo de Santo Agostinho,CAB_L3,4,-0.0,false,lata
130,Maguary_Maracuja,Cabo de Santo Agostinho,CAB_L3,5,-0.0,false,lata
130,Maguary_Maracuja,Cabo de Santo Agostinho,CAB_L3,6,-0.0,false,lata
130,Maguary_Maracuja,Cabo de Santo Agostinho,CAB_L3,7,-0.0,false,lata
130,Maguary_Maracuja,Cabo de Santo Agostinho,CAB_L3,8,-0.0,false,lata
130,Maguary_Maracuja,Cabo de Santo Agostinho,CAB_L3,9,-0.0,false,lata
130,Maguary_Maracuja,Cabo de Santo Agostinho,CAB_L3,10,-0.0,false,lata
130,Maguary_Maracuja,Cabo de Santo Agostinho,CAB_L3,11,-0.0,false,lata
130,Maguary_Maracuja,Cabo de Santo Agostinho,CAB_L3,12,-0.0,false,lata
130,Maguary_Maracuja,Cabo de Santo Agostinho,CAB_L3,13,-0.0,false,lata
130,Maguary_Maracuja,Cabo de Santo Agostinho,CAB_L3,14,-0.0,false,lata
130,Maguary_Maracuja,Cabo de Santo Agostinho,CAB_L3,15,-0.35384045000000003,false,lata
130,Sprite_Zero,Jacarei,JAC_L1,1,-0.0,false,lata
130,Sprite_Zero,Jacarei,JAC_L1,2,-0.0,false,lata
130,Sprite_Zero,Jacarei,JAC_L1,3,-999999.5821695001,false,lata
130,Sprite_Zero,Jacarei,JAC_L1,4,-0.0,false,lata
130,Sprite_Zero,Jacarei,JAC_L1,5,-0.0,false,lata
130,Sprite_Zero,Jacarei,JAC_L1,6,-0.0,false,lata
130,Sprite_Zero,Jacarei,JAC_L1,7,-0.0,false,lata
130,Sprite_Zero,Jacarei,JAC_L1,8,-0.0,false,lata
130,Sprite_Zero,Jacarei,JAC_L1,9,-0.0,false,lata
130,Sprite_Zero,Jacarei,JAC_L1,10,-0.0,false,lata
130,Sprite_Zero,Jacarei,JAC_L1,11,-0.0,false,lata
130,Sprite_Zero,Jacarei,JAC_L1,12,-0.0,false,lata
130,Sprite_Zero,Jacarei,JAC_L1,13,-0.0,false,lata
130,Sprite_Zero,Jacarei,JAC_L1,14,-0.0,false,lata
130,Sprite_Zero,Jacarei,JAC_L1,15,-0.0,false,lata
130,Sprite_Zero,Jacarei,JAC_L2,1,-0.0,false,lata
130,Sprite_Zero,Jacarei,JAC_L2,2,-1.0e6,true,lata
130,Sprite_Zero,Jacarei,JAC_L2,3,-0.0,false,lata
130,Sprite_Zero,Jacarei,JAC_L2,4,-0.0,false,lata
130,Sprite_Zero,Jacarei,JAC_L2,5,-0.0,false,lata
130,Sprite_Zero,Jacarei,JAC_L2,6,-0.0,false,lata
130,Sprite_Zero,Jacarei,JAC_L2,7,-0.0,false,lata
130,Sprite_Zero,Jacarei,JAC_L2,8,-999999.96791675,false,lata
130,Sprite_Zero,Jacarei,JAC_L2,9,-0.0,false,lata
130,Sprite_Zero,Jacarei,JAC_L2,10,-0.0,false,lata
130,Sprite_Zero,Jacarei,JAC_L2,11,-0.0,false,lata
130,Sprite_Zero,Jacarei,JAC_L2,12,-0.0,false,lata
130,Sprite_Zero,Jacarei,JAC_L2,13,-0.0,false,lata
130,Sprite_Zero,Jacarei,JAC_L2,14,-0.0,false,lata
130,Sprite_Zero,Jacarei,JAC_L2,15,-999999.3158115,false,lata
130,Sprite_Zero,Jacarei,JAC_L3,1,-999999.9138692,false,lata
130,Sprite_Zero,Jacarei,JAC_L3,2,-0.0,false,lata
130,Sprite_Zero,Jacarei,JAC_L3,3,-0.0,false,lata
130,Sprite_Zero,Jacarei,JAC_L3,4,-0.0,false,lata
130,Sprite_Zero,Jacarei,JAC_L3,5,-0.0,false,lata
130,Sprite_Zero,Jacarei,JAC_L3,6,-0.0,false,lata
130,Sprite_Zero,Jacarei,JAC_L3,7,-0.0,false,lata
130,Sprite_Zero,Jacarei,JAC_L3,8,-0.0,false,lata
130,Sprite_Zero,Jacarei,JAC_L3,9,-0.0,false,lata
130,Sprite_Zero,Jacarei,JAC_L3,10,-0.0,false,lata
130,Sprite_Zero,Jacarei,JAC_L3,11,-0.0,false,lata
130,Sprite_Zero,Jacarei,JAC_L3,12,-0.0,false,lata
130,Sprite_Zero,Jacarei,JAC_L3,13,-0.0,false,lata
130,Sprite_Zero,Jacarei,JAC_L3,14,-0.0,false,lata
130,Sprite_Zero,Jacarei,JAC_L3,15,-0.0,false,lata
130,Sprite_Zero,Extrema,EXT_L1,1,-0.0,false,lata
130,Sprite_Zero,Extrema,EXT_L1,2,-0.0,false,lata
130,Sprite_Zero,Extrema,EXT_L1,3,-0.0,false,lata
130,Sprite_Zero,Extrema,EXT_L1,4,-0.0,false,lata
130,Sprite_Zero,Extrema,EXT_L1,5,-999999.9484321,false,lata
130,Sprite_Zero,Extrema,EXT_L1,6,-0.0,false,lata
130,Sprite_Zero,Extrema,EXT_L1,7,-0.0,false,lata
130,Sprite_Zero,Extrema,EXT_L1,8,-0.0,false,lata
130,Sprite_Zero,Extrema,EXT_L1,9,-0.0,false,lata
130,Sprite_Zero,Extrema,EXT_L1,10,-0.0,false,lata
130,Sprite_Zero,Extrema,EXT_L1,11,-0.0,false,lata
130,Sprite_Zero,Extrema,EXT_L1,12,-0.0,false,lata
130,Sprite_Zero,Extrema,EXT_L1,13,-0.0,false,lata
130,Sprite_Zero,Extrema,EXT_L1,14,-0.0,false,lata
130,Sprite_Zero,Extrema,EXT_L1,15,-0.0,false,lata
130,Sprite_Zero,Extrema,EXT_L2,1,-0.0,false,lata
130,Sprite_Zero,Extrema,EXT_L2,2,-0.0,false,lata
130,Sprite_Zero,Extrema,EXT_L2,3,-999999.5834501501,false,lata
130,Sprite_Zero,Extrema,EXT_L2,4,-0.0,false,lata
130,Sprite_Zero,Extrema,EXT_L2,5,-0.0,false,lata
130,Sprite_Zero,Extrema,EXT_L2,6,-0.0,false,lata
130,Sprite_Zero,Extrema,EXT_L2,7,-0.0,false,lata
130,Sprite_Zero,Extrema,EXT_L2,8,-0.0,false,lata
130,Sprite_Zero,Extrema,EXT_L2,9,-0.0,false,lata
130,Sprite_Zero,Extrema,EXT_L2,10,-0.0,false,lata
130,Sprite_Zero,Extrema,EXT_L2,11,-0.0,false,lata
130,Sprite_Zero,Extrema,EXT_L2,12,-0.0,false,lata
130,Sprite_Zero,Extrema,EXT_L2,13,-0.0,false,lata
130,Sprite_Zero,Extrema,EXT_L2,14,-0.0,false,lata
130,Sprite_Zero,Extrema,EXT_L2,15,-0.0,false,lata
130,Sprite_Zero,Extrema,EXT_L3,1,-0.0,false,lata
130,Sprite_Zero,Extrema,EXT_L3,2,-0.0,false,lata
130,Sprite_Zero,Extrema,EXT_L3,3,-0.0,false,lata
130,Sprite_Zero,Extrema,EXT_L3,4,-0.0,false,lata
130,Sprite_Zero,Extrema,EXT_L3,5,-0.0,false,lata
130,Sprite_Zero,Extrema,EXT_L3,6,-0.0,false,lata
130,Sprite_Zero,Extrema,EXT_L3,7,-0.0,false,lata
130,Sprite_Zero,Extrema,EXT_L3,8,-0.0,false,lata
130,Sprite_Zero,Extrema,EXT_L3,9,-0.0,false,lata
130,Sprite_Zero,Extrema,EXT_L3,10,-0.0,false,lata
130,Sprite_Zero,Extrema,EXT_L3,11,-0.0,false,lata
130,Sprite_Zero,Extrema,EXT_L3,12,-0.0,false,lata
130,Sprite_Zero,Extrema,EXT_L3,13,-0.0,false,lata
130,Sprite_Zero,Extrema,EXT_L3,14,-0.0,false,lata
130,Sprite_Zero,Extrema,EXT_L3,15,-0.0,false,lata
130,Sprite_Zero,Tres Rios,TRE_L1,1,-0.0,false,lata
130,Sprite_Zero,Tres Rios,TRE_L1,2,-0.0,false,lata
130,Sprite_Zero,Tres Rios,TRE_L1,3,-0.0,false,lata
130,Sprite_Zero,Tres Rios,TRE_L1,4,-0.0,false,lata
130,Sprite_Zero,Tres Rios,TRE_L1,5,-0.0,false,lata
130,Sprite_Zero,Tres Rios,TRE_L1,6,-0.0,false,lata
130,Sprite_Zero,Tres Rios,TRE_L1,7,-0.0,false,lata
130,Sprite_Zero,Tres Rios,TRE_L1,8,-0.0,false,lata
130,Sprite_Zero,Tres Rios,TRE_L1,9,-0.0,false,lata
130,Sprite_Zero,Tres Rios,TRE_L1,10,-0.0,false,lata
130,Sprite_Zero,Tres Rios,TRE_L1,11,-0.0,false,lata
130,Sprite_Zero,Tres Rios,TRE_L1,12,-0.0,false,lata
130,Sprite_Zero,Tres Rios,TRE_L1,13,-0.0,false,lata
130,Sprite_Zero,Tres Rios,TRE_L1,14,-0.0,false,lata
130,Sprite_Zero,Tres Rios,TRE_L1,15,-0.0,false,lata
130,Sprite_Zero,Tres Rios,TRE_L2,1,-0.0,false,lata
130,Sprite_Zero,Tres Rios,TRE_L2,2,-0.0,false,lata
130,Sprite_Zero,Tres Rios,TRE_L2,3,-0.0,false,lata
130,Sprite_Zero,Tres Rios,TRE_L2,4,-0.0,false,lata
130,Sprite_Zero,Tres Rios,TRE_L2,5,-0.0,false,lata
130,Sprite_Zero,Tres Rios,TRE_L2,6,-0.0,false,lata
130,Sprite_Zero,Tres Rios,TRE_L2,7,-0.0,false,lata
130,Sprite_Zero,Tres Rios,TRE_L2,8,-0.0,false,lata
130,Sprite_Zero,Tres Rios,TRE_L2,9,-0.0,false,lata
130,Sprite_Zero,Tres Rios,TRE_L2,10,-0.0,false,lata
130,Sprite_Zero,Tres Rios,TRE_L2,11,-0.0,false,lata
130,Sprite_Zero,Tres Rios,TRE_L2,12,-0.0,false,lata
130,Sprite_Zero,Tres Rios,TRE_L2,13,-0.0,false,lata
130,Sprite_Zero,Tres Rios,TRE_L2,14,-0.0,false,lata
130,Sprite_Zero,Tres Rios,TRE_L2,15,-0.0,false,lata
130,Sprite_Zero,Tres Rios,TRE_L3,1,-0.0,false,lata
130,Sprite_Zero,Tres Rios,TRE_L3,2,-0.0,false,lata
130,Sprite_Zero,Tres Rios,TRE_L3,3,-0.0,false,lata
130,Sprite_Zero,Tres Rios,TRE_L3,4,-0.0,false,lata
130,Sprite_Zero,Tres Rios,TRE_L3,5,-0.0,false,lata
130,Sprite_Zero,Tres Rios,TRE_L3,6,-0.0,false,lata
130,Sprite_Zero,Tres Rios,TRE_L3,7,-0.0,false,lata
130,Sprite_Zero,Tres Rios,TRE_L3,8,-0.0,false,lata
130,Sprite_Zero,Tres Rios,TRE_L3,9,-0.0,false,lata
130,Sprite_Zero,Tres Rios,TRE_L3,10,-0.0,false,lata
130,Sprite_Zero,Tres Rios,TRE_L3,11,-0.0,false,lata
130,Sprite_Zero,Tres Rios,TRE_L3,12,-0.0,false,lata
130,Sprite_Zero,Tres Rios,TRE_L3,13,-0.0,false,lata
130,Sprite_Zero,Tres Rios,TRE_L3,14,-0.0,false,lata
130,Sprite_Zero,Tres Rios,TRE_L3,15,-0.0,false,lata
130,Sprite_Zero,Alagoinhas,ALA_L1,1,-0.0,false,lata
130,Sprite_Zero,Alagoinhas,ALA_L1,2,-0.0,false,lata
130,Sprite_Zero,Alagoinhas,ALA_L1,3,-0.0,false,lata
130,Sprite_Zero,Alagoinhas,ALA_L1,4,-0.0,false,lata
130,Sprite_Zero,Alagoinhas,ALA_L1,5,-0.0,false,lata
130,Sprite_Zero,Alagoinhas,ALA_L1,6,-0.0,false,lata
130,Sprite_Zero,Alagoinhas,ALA_L1,7,-0.0,false,lata
130,Sprite_Zero,Alagoinhas,ALA_L1,8,-0.0,false,lata
130,Sprite_Zero,Alagoinhas,ALA_L1,9,-0.0,false,lata
130,Sprite_Zero,Alagoinhas,ALA_L1,10,-999999.1432666002,false,lata
130,Sprite_Zero,Alagoinhas,ALA_L1,11,-0.0,false,lata
130,Sprite_Zero,Alagoinhas,ALA_L1,12,-0.0,false,lata
130,Sprite_Zero,Alagoinhas,ALA_L1,13,-0.0,false,lata
130,Sprite_Zero,Alagoinhas,ALA_L1,14,-0.0,false,lata
130,Sprite_Zero,Alagoinhas,ALA_L1,15,-0.0,false,lata
130,Sprite_Zero,Alagoinhas,ALA_L2,1,-0.0,false,lata
130,Sprite_Zero,Alagoinhas,ALA_L2,2,-0.0,false,lata
130,Sprite_Zero,Alagoinhas,ALA_L2,3,-0.0,false,lata
130,Sprite_Zero,Alagoinhas,ALA_L2,4,-0.0,false,lata
130,Sprite_Zero,Alagoinhas,ALA_L2,5,-1.0e6,true,lata
130,Sprite_Zero,Alagoinhas,ALA_L2,6,-0.0,false,lata
130,Sprite_Zero,Alagoinhas,ALA_L2,7,-0.0,false,lata
130,Sprite_Zero,Alagoinhas,ALA_L2,8,-0.0,false,lata
130,Sprite_Zero,Alagoinhas,ALA_L2,9,-999999.1637041002,false,lata
130,Sprite_Zero,Alagoinhas,ALA_L2,10,-0.0,false,lata
130,Sprite_Zero,Alagoinhas,ALA_L2,11,-0.0,false,lata
130,Sprite_Zero,Alagoinhas,ALA_L2,12,-0.0,false,lata
130,Sprite_Zero,Alagoinhas,ALA_L2,13,-0.0,false,lata
130,Sprite_Zero,Alagoinhas,ALA_L2,14,-0.0,false,lata
130,Sprite_Zero,Alagoinhas,ALA_L2,15,-0.0,false,lata
130,Sprite_Zero,Alagoinhas,ALA_L3,1,-0.0,false,lata
130,Sprite_Zero,Alagoinhas,ALA_L3,2,-0.0,false,lata
130,Sprite_Zero,Alagoinhas,ALA_L3,3,-0.0,false,lata
130,Sprite_Zero,Alagoinhas,ALA_L3,4,-0.0,false,lata
130,Sprite_Zero,Alagoinhas,ALA_L3,5,-0.0,false,lata
130,Sprite_Zero,Alagoinhas,ALA_L3,6,-0.0,false,lata
130,Sprite_Zero,Alagoinhas,ALA_L3,7,-0.0,false,lata
130,Sprite_Zero,Alagoinhas,ALA_L3,8,-0.0,false,lata
130,Sprite_Zero,Alagoinhas,ALA_L3,9,-0.0,false,lata
130,Sprite_Zero,Alagoinhas,ALA_L3,10,-0.0,false,lata
130,Sprite_Zero,Alagoinhas,ALA_L3,11,-0.0,false,lata
130,Sprite_Zero,Alagoinhas,ALA_L3,12,-0.0,false,lata
130,Sprite_Zero,Alagoinhas,ALA_L3,13,-0.0,false,lata
130,Sprite_Zero,Alagoinhas,ALA_L3,14,-999999.5544783002,false,lata
130,Sprite_Zero,Alagoinhas,ALA_L3,15,-0.0,false,lata
130,Sprite_Zero,Frutal,FRU_L1,1,-0.0,false,lata
130,Sprite_Zero,Frutal,FRU_L1,2,-0.0,false,lata
130,Sprite_Zero,Frutal,FRU_L1,3,-0.0,false,lata
130,Sprite_Zero,Frutal,FRU_L1,4,-0.0,false,lata
130,Sprite_Zero,Frutal,FRU_L1,5,-0.0,false,lata
130,Sprite_Zero,Frutal,FRU_L1,6,-0.0,false,lata
130,Sprite_Zero,Frutal,FRU_L1,7,-0.0,false,lata
130,Sprite_Zero,Frutal,FRU_L1,8,-0.0,false,lata
130,Sprite_Zero,Frutal,FRU_L1,9,-0.0,false,lata
130,Sprite_Zero,Frutal,FRU_L1,10,-0.0,false,lata
130,Sprite_Zero,Frutal,FRU_L1,11,-0.0,false,lata
130,Sprite_Zero,Frutal,FRU_L1,12,-0.0,false,lata
130,Sprite_Zero,Frutal,FRU_L1,13,-0.0,false,lata
130,Sprite_Zero,Frutal,FRU_L1,14,-0.0,false,lata
130,Sprite_Zero,Frutal,FRU_L1,15,-0.0,false,lata
130,Sprite_Zero,Frutal,FRU_L2,1,-0.0,false,lata
130,Sprite_Zero,Frutal,FRU_L2,2,-0.0,false,lata
130,Sprite_Zero,Frutal,FRU_L2,3,-0.0,false,lata
130,Sprite_Zero,Frutal,FRU_L2,4,-0.0,false,lata
130,Sprite_Zero,Frutal,FRU_L2,5,-0.0,false,lata
130,Sprite_Zero,Frutal,FRU_L2,6,-0.0,false,lata
130,Sprite_Zero,Frutal,FRU_L2,7,-0.0,false,lata
130,Sprite_Zero,Frutal,FRU_L2,8,-0.0,false,lata
130,Sprite_Zero,Frutal,FRU_L2,9,-0.0,false,lata
130,Sprite_Zero,Frutal,FRU_L2,10,-0.0,false,lata
130,Sprite_Zero,Frutal,FRU_L2,11,-0.0,false,lata
130,Sprite_Zero,Frutal,FRU_L2,12,-0.0,false,lata
130,Sprite_Zero,Frutal,FRU_L2,13,-0.0,false,lata
130,Sprite_Zero,Frutal,FRU_L2,14,-0.0,false,lata
130,Sprite_Zero,Frutal,FRU_L2,15,-0.0,false,lata
130,Sprite_Zero,Frutal,FRU_L3,1,-0.0,false,lata
130,Sprite_Zero,Frutal,FRU_L3,2,-0.0,false,lata
130,Sprite_Zero,Frutal,FRU_L3,3,-0.0,false,lata
130,Sprite_Zero,Frutal,FRU_L3,4,-999999.67393435,false,lata
130,Sprite_Zero,Frutal,FRU_L3,5,-0.0,false,lata
130,Sprite_Zero,Frutal,FRU_L3,6,-0.0,false,lata
130,Sprite_Zero,Frutal,FRU_L3,7,-0.0,false,lata
130,Sprite_Zero,Frutal,FRU_L3,8,-0.0,false,lata
130,Sprite_Zero,Frutal,FRU_L3,9,-0.0,false,lata
130,Sprite_Zero,Frutal,FRU_L3,10,-0.0,false,lata
130,Sprite_Zero,Frutal,FRU_L3,11,-999999.0927510998,false,lata
130,Sprite_Zero,Frutal,FRU_L3,12,-0.0,false,lata
130,Sprite_Zero,Frutal,FRU_L3,13,-999999.59933125,false,lata
130,Sprite_Zero,Frutal,FRU_L3,14,-0.0,false,lata
130,Sprite_Zero,Frutal,FRU_L3,15,-0.0,false,lata
130,Sprite_Zero,Pouso Alegre,POU_L1,1,-0.0,false,lata
130,Sprite_Zero,Pouso Alegre,POU_L1,2,-0.0,false,lata
130,Sprite_Zero,Pouso Alegre,POU_L1,3,-0.0,false,lata
130,Sprite_Zero,Pouso Alegre,POU_L1,4,-0.0,false,lata
130,Sprite_Zero,Pouso Alegre,POU_L1,5,-0.0,false,lata
130,Sprite_Zero,Pouso Alegre,POU_L1,6,-0.0,false,lata
130,Sprite_Zero,Pouso Alegre,POU_L1,7,-0.0,false,lata
130,Sprite_Zero,Pouso Alegre,POU_L1,8,-0.0,false,lata
130,Sprite_Zero,Pouso Alegre,POU_L1,9,-0.0,false,lata
130,Sprite_Zero,Pouso Alegre,POU_L1,10,-0.0,false,lata
130,Sprite_Zero,Pouso Alegre,POU_L1,11,-0.0,false,lata
130,Sprite_Zero,Pouso Alegre,POU_L1,12,-0.0,false,lata
130,Sprite_Zero,Pouso Alegre,POU_L1,13,-0.0,false,lata
130,Sprite_Zero,Pouso Alegre,POU_L1,14,-0.0,false,lata
130,Sprite_Zero,Pouso Alegre,POU_L1,15,-0.0,false,lata
130,Sprite_Zero,Pouso Alegre,POU_L2,1,-0.0,false,lata
130,Sprite_Zero,Pouso Alegre,POU_L2,2,-0.0,false,lata
130,Sprite_Zero,Pouso Alegre,POU_L2,3,-0.0,false,lata
130,Sprite_Zero,Pouso Alegre,POU_L2,4,-0.0,false,lata
130,Sprite_Zero,Pouso Alegre,POU_L2,5,-0.0,false,lata
130,Sprite_Zero,Pouso Alegre,POU_L2,6,-0.0,false,lata
130,Sprite_Zero,Pouso Alegre,POU_L2,7,-0.0,false,lata
130,Sprite_Zero,Pouso Alegre,POU_L2,8,-0.0,false,lata
130,Sprite_Zero,Pouso Alegre,POU_L2,9,-0.0,false,lata
130,Sprite_Zero,Pouso Alegre,POU_L2,10,-0.0,false,lata
130,Sprite_Zero,Pouso Alegre,POU_L2,11,-0.0,false,lata
130,Sprite_Zero,Pouso Alegre,POU_L2,12,-0.0,false,lata
130,Sprite_Zero,Pouso Alegre,POU_L2,13,-0.0,false,lata
130,Sprite_Zero,Pouso Alegre,POU_L2,14,-0.0,false,lata
130,Sprite_Zero,Pouso Alegre,POU_L2,15,-0.0,false,lata
130,Sprite_Zero,Pouso Alegre,POU_L3,1,-0.0,false,lata
130,Sprite_Zero,Pouso Alegre,POU_L3,2,-0.0,false,lata
130,Sprite_Zero,Pouso Alegre,POU_L3,3,-0.0,false,lata
130,Sprite_Zero,Pouso Alegre,POU_L3,4,-0.0,false,lata
130,Sprite_Zero,Pouso Alegre,POU_L3,5,-0.0,false,lata
130,Sprite_Zero,Pouso Alegre,POU_L3,6,-0.0,false,lata
130,Sprite_Zero,Pouso Alegre,POU_L3,7,-0.0,false,lata
130,Sprite_Zero,Pouso Alegre,POU_L3,8,-0.0,false,lata
130,Sprite_Zero,Pouso Alegre,POU_L3,9,-0.0,false,lata
130,Sprite_Zero,Pouso Alegre,POU_L3,10,-0.0,false,lata
130,Sprite_Zero,Pouso Alegre,POU_L3,11,-0.0,false,lata
130,Sprite_Zero,Pouso Alegre,POU_L3,12,-0.0,false,lata
130,Sprite_Zero,Pouso Alegre,POU_L3,13,-0.0,false,lata
130,Sprite_Zero,Pouso Alegre,POU_L3,14,-0.0,false,lata
130,Sprite_Zero,Pouso Alegre,POU_L3,15,-0.0,false,lata
130,Sprite_Zero,Gama,GAM_L1,1,-0.0,false,lata
130,Sprite_Zero,Gama,GAM_L1,2,-0.0,false,lata
130,Sprite_Zero,Gama,GAM_L1,3,-0.0,false,lata
130,Sprite_Zero,Gama,GAM_L1,4,-0.0,false,lata
130,Sprite_Zero,Gama,GAM_L1,5,-999999.9766029499,false,lata
130,Sprite_Zero,Gama,GAM_L1,6,-0.0,false,lata
130,Sprite_Zero,Gama,GAM_L1,7,-0.0,false,lata
130,Sprite_Zero,Gama,GAM_L1,8,-0.0,false,lata
130,Sprite_Zero,Gama,GAM_L1,9,-0.0,false,lata
130,Sprite_Zero,Gama,GAM_L1,10,-0.0,false,lata
130,Sprite_Zero,Gama,GAM_L1,11,-0.0,false,lata
130,Sprite_Zero,Gama,GAM_L1,12,-999999.3976437999,false,lata
130,Sprite_Zero,Gama,GAM_L1,13,-0.0,false,lata
130,Sprite_Zero,Gama,GAM_L1,14,-0.0,false,lata
130,Sprite_Zero,Gama,GAM_L1,15,-0.0,false,lata
130,Sprite_Zero,Gama,GAM_L2,1,-0.0,false,lata
130,Sprite_Zero,Gama,GAM_L2,2,-0.0,false,lata
130,Sprite_Zero,Gama,GAM_L2,3,-0.0,false,lata
130,Sprite_Zero,Gama,GAM_L2,4,-0.0,false,lata
130,Sprite_Zero,Gama,GAM_L2,5,-0.0,false,lata
130,Sprite_Zero,Gama,GAM_L2,6,-0.0,false,lata
130,Sprite_Zero,Gama,GAM_L2,7,-0.0,false,lata
130,Sprite_Zero,Gama,GAM_L2,8,-0.0,false,lata
130,Sprite_Zero,Gama,GAM_L2,9,-0.0,false,lata
130,Sprite_Zero,Gama,GAM_L2,10,-0.0,false,lata
130,Sprite_Zero,Gama,GAM_L2,11,-0.0,false,lata
130,Sprite_Zero,Gama,GAM_L2,12,-0.0,false,lata
130,Sprite_Zero,Gama,GAM_L2,13,-0.0,false,lata
130,Sprite_Zero,Gama,GAM_L2,14,-0.0,false,lata
130,Sprite_Zero,Gama,GAM_L2,15,-0.0,false,lata
130,Sprite_Zero,Gama,GAM_L3,1,-0.0,false,lata
130,Sprite_Zero,Gama,GAM_L3,2,-0.0,false,lata
130,Sprite_Zero,Gama,GAM_L3,3,-0.0,false,lata
130,Sprite_Zero,Gama,GAM_L3,4,-0.0,false,lata
130,Sprite_Zero,Gama,GAM_L3,5,-0.0,false,lata
130,Sprite_Zero,Gama,GAM_L3,6,-0.0,false,lata
130,Sprite_Zero,Gama,GAM_L3,7,-0.0,false,lata
130,Sprite_Zero,Gama,GAM_L3,8,-0.0,false,lata
130,Sprite_Zero,Gama,GAM_L3,9,-0.0,false,lata
130,Sprite_Zero,Gama,GAM_L3,10,-0.0,false,lata
130,Sprite_Zero,Gama,GAM_L3,11,-0.0,false,lata
130,Sprite_Zero,Gama,GAM_L3,12,-0.0,false,lata
130,Sprite_Zero,Gama,GAM_L3,13,-0.0,false,lata
130,Sprite_Zero,Gama,GAM_L3,14,-0.0,false,lata
130,Sprite_Zero,Gama,GAM_L3,15,-0.0,false,lata
130,Sprite_Zero,Viamao,VIA_L1,1,-0.0,false,lata
130,Sprite_Zero,Viamao,VIA_L1,2,-0.0,false,lata
130,Sprite_Zero,Viamao,VIA_L1,3,-0.0,false,lata
130,Sprite_Zero,Viamao,VIA_L1,4,-0.0,false,lata
130,Sprite_Zero,Viamao,VIA_L1,5,-0.0,false,lata
130,Sprite_Zero,Viamao,VIA_L1,6,-0.0,false,lata
130,Sprite_Zero,Viamao,VIA_L1,7,-0.0,false,lata
130,Sprite_Zero,Viamao,VIA_L1,8,-1.0e6,true,lata
130,Sprite_Zero,Viamao,VIA_L1,9,-0.0,false,lata
130,Sprite_Zero,Viamao,VIA_L1,10,-0.0,false,lata
130,Sprite_Zero,Viamao,VIA_L1,11,-0.0,false,lata
130,Sprite_Zero,Viamao,VIA_L1,12,-0.0,false,lata
130,Sprite_Zero,Viamao,VIA_L1,13,-0.0,false,lata
130,Sprite_Zero,Viamao,VIA_L1,14,-0.0,false,lata
130,Sprite_Zero,Viamao,VIA_L1,15,-0.0,false,lata
130,Sprite_Zero,Viamao,VIA_L2,1,-0.0,false,lata
130,Sprite_Zero,Viamao,VIA_L2,2,-0.0,false,lata
130,Sprite_Zero,Viamao,VIA_L2,3,-0.0,false,lata
130,Sprite_Zero,Viamao,VIA_L2,4,-0.0,false,lata
130,Sprite_Zero,Viamao,VIA_L2,5,-0.0,false,lata
130,Sprite_Zero,Viamao,VIA_L2,6,-0.0,false,lata
130,Sprite_Zero,Viamao,VIA_L2,7,-0.0,false,lata
130,Sprite_Zero,Viamao,VIA_L2,8,-0.0,false,lata
130,Sprite_Zero,Viamao,VIA_L2,9,-0.0,false,lata
130,Sprite_Zero,Viamao,VIA_L2,10,-0.0,false,lata
130,Sprite_Zero,Viamao,VIA_L2,11,-0.0,false,lata
130,Sprite_Zero,Viamao,VIA_L2,12,-0.0,false,lata
130,Sprite_Zero,Viamao,VIA_L2,13,-0.0,false,lata
130,Sprite_Zero,Viamao,VIA_L2,14,-0.0,false,lata
130,Sprite_Zero,Viamao,VIA_L2,15,-0.0,false,lata
130,Sprite_Zero,Viamao,VIA_L3,1,-999999.8752632,false,lata
130,Sprite_Zero,Viamao,VIA_L3,2,-0.0,false,lata
130,Sprite_Zero,Viamao,VIA_L3,3,-0.0,false,lata
130,Sprite_Zero,Viamao,VIA_L3,4,-0.0,false,lata
130,Sprite_Zero,Viamao,VIA_L3,5,-999999.90854545,false,lata
130,Sprite_Zero,Viamao,VIA_L3,6,-999999.5341950003,false,lata
130,Sprite_Zero,Viamao,VIA_L3,7,-0.0,false,lata
130,Sprite_Zero,Viamao,VIA_L3,8,-0.0,false,lata
130,Sprite_Zero,Viamao,VIA_L3,9,-0.0,false,lata
130,Sprite_Zero,Viamao,VIA_L3,10,-0.0,false,lata
130,Sprite_Zero,Viamao,VIA_L3,11,-0.0,false,lata
130,Sprite_Zero,Viamao,VIA_L3,12,-0.0,false,lata
130,Sprite_Zero,Viamao,VIA_L3,13,-0.0,false,lata
130,Sprite_Zero,Viamao,VIA_L3,14,-0.0,false,lata
130,Sprite_Zero,Viamao,VIA_L3,15,-999999.2772054999,false,lata
130,Sprite_Zero,Itupeva,ITU_L1,1,-0.0,false,lata
130,Sprite_Zero,Itupeva,ITU_L1,2,-0.0,false,lata
130,Sprite_Zero,Itupeva,ITU_L1,3,-0.0,false,lata
130,Sprite_Zero,Itupeva,ITU_L1,4,-0.0,false,lata
130,Sprite_Zero,Itupeva,ITU_L1,5,-0.0,false,lata
130,Sprite_Zero,Itupeva,ITU_L1,6,-0.0,false,lata
130,Sprite_Zero,Itupeva,ITU_L1,7,-0.0,false,lata
130,Sprite_Zero,Itupeva,ITU_L1,8,-0.0,false,lata
130,Sprite_Zero,Itupeva,ITU_L1,9,-0.0,false,lata
130,Sprite_Zero,Itupeva,ITU_L1,10,-0.0,false,lata
130,Sprite_Zero,Itupeva,ITU_L1,11,-0.0,false,lata
130,Sprite_Zero,Itupeva,ITU_L1,12,-0.0,false,lata
130,Sprite_Zero,Itupeva,ITU_L1,13,-0.0,false,lata
130,Sprite_Zero,Itupeva,ITU_L1,14,-0.0,false,lata
130,Sprite_Zero,Itupeva,ITU_L1,15,-0.0,false,lata
130,Sprite_Zero,Itupeva,ITU_L2,1,-0.0,false,lata
130,Sprite_Zero,Itupeva,ITU_L2,2,-999999.9982719,false,lata
130,Sprite_Zero,Itupeva,ITU_L2,3,-0.0,false,lata
130,Sprite_Zero,Itupeva,ITU_L2,4,-0.0,false,lata
130,Sprite_Zero,Itupeva,ITU_L2,5,-0.0,false,lata
130,Sprite_Zero,Itupeva,ITU_L2,6,-0.0,false,lata
130,Sprite_Zero,Itupeva,ITU_L2,7,-0.0,false,lata
130,Sprite_Zero,Itupeva,ITU_L2,8,-0.0,false,lata
130,Sprite_Zero,Itupeva,ITU_L2,9,-0.0,false,lata
130,Sprite_Zero,Itupeva,ITU_L2,10,-0.0,false,lata
130,Sprite_Zero,Itupeva,ITU_L2,11,-0.0,false,lata
130,Sprite_Zero,Itupeva,ITU_L2,12,-0.0,false,lata
130,Sprite_Zero,Itupeva,ITU_L2,13,-0.0,false,lata
130,Sprite_Zero,Itupeva,ITU_L2,14,-0.0,false,lata
130,Sprite_Zero,Itupeva,ITU_L2,15,-0.0,false,lata
130,Sprite_Zero,Itupeva,ITU_L3,1,-0.0,false,lata
130,Sprite_Zero,Itupeva,ITU_L3,2,-0.0,false,lata
130,Sprite_Zero,Itupeva,ITU_L3,3,-0.0,false,lata
130,Sprite_Zero,Itupeva,ITU_L3,4,-0.0,false,lata
130,Sprite_Zero,Itupeva,ITU_L3,5,-0.0,false,lata
130,Sprite_Zero,Itupeva,ITU_L3,6,-0.0,false,lata
130,Sprite_Zero,Itupeva,ITU_L3,7,-0.0,false,lata
130,Sprite_Zero,Itupeva,ITU_L3,8,-0.0,false,lata
130,Sprite_Zero,Itupeva,ITU_L3,9,-0.0,false,lata
130,Sprite_Zero,Itupeva,ITU_L3,10,-0.0,false,lata
130,Sprite_Zero,Itupeva,ITU_L3,11,-0.0,false,lata
130,Sprite_Zero,Itupeva,ITU_L3,12,-0.0,false,lata
130,Sprite_Zero,Itupeva,ITU_L3,13,-0.0,false,lata
130,Sprite_Zero,Itupeva,ITU_L3,14,-0.0,false,lata
130,Sprite_Zero,Itupeva,ITU_L3,15,-0.0,false,lata
130,Sprite_Zero,Cabo de Santo Agostinho,CAB_L1,1,-0.0,false,lata
130,Sprite_Zero,Cabo de Santo Agostinho,CAB_L1,2,-0.0,false,lata
130,Sprite_Zero,Cabo de Santo Agostinho,CAB_L1,3,-0.0,false,lata
130,Sprite_Zero,Cabo de Santo Agostinho,CAB_L1,4,-0.0,false,lata
130,Sprite_Zero,Cabo de Santo Agostinho,CAB_L1,5,-0.0,false,lata
130,Sprite_Zero,Cabo de Santo Agostinho,CAB_L1,6,-0.0,false,lata
130,Sprite_Zero,Cabo de Santo Agostinho,CAB_L1,7,-0.0,false,lata
130,Sprite_Zero,Cabo de Santo Agostinho,CAB_L1,8,-0.0,false,lata
130,Sprite_Zero,Cabo de Santo Agostinho,CAB_L1,9,-0.0,false,lata
130,Sprite_Zero,Cabo de Santo Agostinho,CAB_L1,10,-0.0,false,lata
130,Sprite_Zero,Cabo de Santo Agostinho,CAB_L1,11,-0.0,false,lata
130,Sprite_Zero,Cabo de Santo Agostinho,CAB_L1,12,-0.0,false,lata
130,Sprite_Zero,Cabo de Santo Agostinho,CAB_L1,13,-0.0,false,lata
130,Sprite_Zero,Cabo de Santo Agostinho,CAB_L1,14,-0.0,false,lata
130,Sprite_Zero,Cabo de Santo Agostinho,CAB_L1,15,-0.0,false,lata
130,Sprite_Zero,Cabo de Santo Agostinho,CAB_L2,1,-0.0,false,lata
130,Sprite_Zero,Cabo de Santo Agostinho,CAB_L2,2,-0.0,false,lata
130,Sprite_Zero,Cabo de Santo Agostinho,CAB_L2,3,-0.0,false,lata
130,Sprite_Zero,Cabo de Santo Agostinho,CAB_L2,4,-0.0,false,lata
130,Sprite_Zero,Cabo de Santo Agostinho,CAB_L2,5,-0.0,false,lata
130,Sprite_Zero,Cabo de Santo Agostinho,CAB_L2,6,-0.0,false,lata
130,Sprite_Zero,Cabo de Santo Agostinho,CAB_L2,7,-0.0,false,lata
130,Sprite_Zero,Cabo de Santo Agostinho,CAB_L2,8,-0.0,false,lata
130,Sprite_Zero,Cabo de Santo Agostinho,CAB_L2,9,-0.0,false,lata
130,Sprite_Zero,Cabo de Santo Agostinho,CAB_L2,10,-0.0,false,lata
130,Sprite_Zero,Cabo de Santo Agostinho,CAB_L2,11,-0.0,false,lata
130,Sprite_Zero,Cabo de Santo Agostinho,CAB_L2,12,-0.0,false,lata
130,Sprite_Zero,Cabo de Santo Agostinho,CAB_L2,13,-0.0,false,lata
130,Sprite_Zero,Cabo de Santo Agostinho,CAB_L2,14,-0.0,false,lata
130,Sprite_Zero,Cabo de Santo Agostinho,CAB_L2,15,-0.0,false,lata
130,Sprite_Zero,Cabo de Santo Agostinho,CAB_L3,1,-1.0e6,true,lata
130,Sprite_Zero,Cabo de Santo Agostinho,CAB_L3,2,-0.0,false,lata
130,Sprite_Zero,Cabo de Santo Agostinho,CAB_L3,3,-0.0,false,lata
130,Sprite_Zero,Cabo de Santo Agostinho,CAB_L3,4,-0.0,false,lata
130,Sprite_Zero,Cabo de Santo Agostinho,CAB_L3,5,-0.0,false,lata
130,Sprite_Zero,Cabo de Santo Agostinho,CAB_L3,6,-0.0,false,lata
130,Sprite_Zero,Cabo de Santo Agostinho,CAB_L3,7,-0.0,false,lata
130,Sprite_Zero,Cabo de Santo Agostinho,CAB_L3,8,-0.0,false,lata
130,Sprite_Zero,Cabo de Santo Agostinho,CAB_L3,9,-0.0,false,lata
130,Sprite_Zero,Cabo de Santo Agostinho,CAB_L3,10,-0.0,false,lata
130,Sprite_Zero,Cabo de Santo Agostinho,CAB_L3,11,-0.0,false,lata
130,Sprite_Zero,Cabo de Santo Agostinho,CAB_L3,12,-0.0,false,lata
130,Sprite_Zero,Cabo de Santo Agostinho,CAB_L3,13,-0.0,false,lata
130,Sprite_Zero,Cabo de Santo Agostinho,CAB_L3,14,-0.0,false,lata
130,Sprite_Zero,Cabo de Santo Agostinho,CAB_L3,15,-0.0,false,lata
130,Sprite,Jacarei,JAC_L1,1,-0.0,false,lata
130,Sprite,Jacarei,JAC_L1,2,-0.0,false,lata
130,Sprite,Jacarei,JAC_L1,3,-999999.4832225499,false,lata
130,Sprite,Jacarei,JAC_L1,4,-0.0,false,lata
130,Sprite,Jacarei,JAC_L1,5,-0.0,false,lata
130,Sprite,Jacarei,JAC_L1,6,-0.0,false,lata
130,Sprite,Jacarei,JAC_L1,7,-0.0,false,lata
130,Sprite,Jacarei,JAC_L1,8,-0.0,false,lata
130,Sprite,Jacarei,JAC_L1,9,-0.0,false,lata
130,Sprite,Jacarei,JAC_L1,10,-0.0,false,lata
130,Sprite,Jacarei,JAC_L1,11,-0.0,false,lata
130,Sprite,Jacarei,JAC_L1,12,-0.0,false,lata
130,Sprite,Jacarei,JAC_L1,13,-0.0,false,lata
130,Sprite,Jacarei,JAC_L1,14,-0.0,false,lata
130,Sprite,Jacarei,JAC_L1,15,-0.23777169999999997,false,lata
130,Sprite,Jacarei,JAC_L2,1,-0.0,false,lata
130,Sprite,Jacarei,JAC_L2,2,-0.0,false,lata
130,Sprite,Jacarei,JAC_L2,3,-0.0,false,lata
130,Sprite,Jacarei,JAC_L2,4,-0.0,false,lata
130,Sprite,Jacarei,JAC_L2,5,-0.0,false,lata
130,Sprite,Jacarei,JAC_L2,6,-1.0e6,true,lata
130,Sprite,Jacarei,JAC_L2,7,-0.0,false,lata
130,Sprite,Jacarei,JAC_L2,8,-0.0,false,lata
130,Sprite,Jacarei,JAC_L2,9,-0.0,false,lata
130,Sprite,Jacarei,JAC_L2,10,-0.0,false,lata
130,Sprite,Jacarei,JAC_L2,11,-999999.8981035,false,lata
130,Sprite,Jacarei,JAC_L2,12,-0.0,false,lata
130,Sprite,Jacarei,JAC_L2,13,-0.0,false,lata
130,Sprite,Jacarei,JAC_L2,14,-0.0,false,lata
130,Sprite,Jacarei,JAC_L2,15,-0.23777169999999997,false,lata
130,Sprite,Jacarei,JAC_L3,1,-0.0,false,lata
130,Sprite,Jacarei,JAC_L3,2,-999999.2508225499,false,lata
130,Sprite,Jacarei,JAC_L3,3,-0.0,false,lata
130,Sprite,Jacarei,JAC_L3,4,-0.0,false,lata
130,Sprite,Jacarei,JAC_L3,5,-0.0,false,lata
130,Sprite,Jacarei,JAC_L3,6,-0.0,false,lata
130,Sprite,Jacarei,JAC_L3,7,-0.0,false,lata
130,Sprite,Jacarei,JAC_L3,8,-0.0,false,lata
130,Sprite,Jacarei,JAC_L3,9,-0.0,false,lata
130,Sprite,Jacarei,JAC_L3,10,-0.0,false,lata
130,Sprite,Jacarei,JAC_L3,11,-0.0,false,lata
130,Sprite,Jacarei,JAC_L3,12,-0.0,false,lata
130,Sprite,Jacarei,JAC_L3,13,-0.0,false,lata
130,Sprite,Jacarei,JAC_L3,14,-0.0,false,lata
130,Sprite,Jacarei,JAC_L3,15,-0.2324,false,lata
130,Sprite,Extrema,EXT_L1,1,-0.0,false,lata
130,Sprite,Extrema,EXT_L1,2,-0.0,false,lata
130,Sprite,Extrema,EXT_L1,3,-0.0,false,lata
130,Sprite,Extrema,EXT_L1,4,-0.0,false,lata
130,Sprite,Extrema,EXT_L1,5,-0.0,false,lata
130,Sprite,Extrema,EXT_L1,6,-0.0,false,lata
130,Sprite,Extrema,EXT_L1,7,-999999.1814402499,false,lata
130,Sprite,Extrema,EXT_L1,8,-0.0,false,lata
130,Sprite,Extrema,EXT_L1,9,-0.0,false,lata
130,Sprite,Extrema,EXT_L1,10,-0.0,false,lata
130,Sprite,Extrema,EXT_L1,11,-0.0,false,lata
130,Sprite,Extrema,EXT_L1,12,-0.0,false,lata
130,Sprite,Extrema,EXT_L1,13,-0.0,false,lata
130,Sprite,Extrema,EXT_L1,14,-0.0,false,lata
130,Sprite,Extrema,EXT_L1,15,-0.23508584999999999,false,lata
130,Sprite,Extrema,EXT_L2,1,-0.0,false,lata
130,Sprite,Extrema,EXT_L2,2,-0.0,false,lata
130,Sprite,Extrema,EXT_L2,3,-0.0,false,lata
130,Sprite,Extrema,EXT_L2,4,-0.0,false,lata
130,Sprite,Extrema,EXT_L2,5,-0.0,false,lata
130,Sprite,Extrema,EXT_L2,6,-0.0,false,lata
130,Sprite,Extrema,EXT_L2,7,-999999.1868119499,false,lata
130,Sprite,Extrema,EXT_L2,8,-0.0,false,lata
130,Sprite,Extrema,EXT_L2,9,-0.0,false,lata
130,Sprite,Extrema,EXT_L2,10,-0.0,false,lata
130,Sprite,Extrema,EXT_L2,11,-0.0,false,lata
130,Sprite,Extrema,EXT_L2,12,-0.0,false,lata
130,Sprite,Extrema,EXT_L2,13,-0.0,false,lata
130,Sprite,Extrema,EXT_L2,14,-0.0,false,lata
130,Sprite,Extrema,EXT_L2,15,-0.23508584999999999,false,lata
130,Sprite,Extrema,EXT_L3,1,-0.0,false,lata
130,Sprite,Extrema,EXT_L3,2,-0.0,false,lata
130,Sprite,Extrema,EXT_L3,3,-0.0,false,lata
130,Sprite,Extrema,EXT_L3,4,-0.0,false,lata
130,Sprite,Extrema,EXT_L3,5,-0.0,false,lata
130,Sprite,Extrema,EXT_L3,6,-0.0,false,lata
130,Sprite,Extrema,EXT_L3,7,-0.0,false,lata
130,Sprite,Extrema,EXT_L3,8,-0.0,false,lata
130,Sprite,Extrema,EXT_L3,9,-0.0,false,lata
130,Sprite,Extrema,EXT_L3,10,-0.0,false,lata
130,Sprite,Extrema,EXT_L3,11,-0.0,false,lata
130,Sprite,Extrema,EXT_L3,12,-0.0,false,lata
130,Sprite,Extrema,EXT_L3,13,-0.0,false,lata
130,Sprite,Extrema,EXT_L3,14,-0.0,false,lata
130,Sprite,Extrema,EXT_L3,15,-0.23508584999999999,false,lata
130,Sprite,Tres Rios,TRE_L1,1,-0.0,false,lata
130,Sprite,Tres Rios,TRE_L1,2,-0.0,false,lata
130,Sprite,Tres Rios,TRE_L1,3,-0.0,false,lata
130,Sprite,Tres Rios,TRE_L1,4,-0.0,false,lata
130,Sprite,Tres Rios,TRE_L1,5,-0.0,false,lata
130,Sprite,Tres Rios,TRE_L1,6,-0.0,false,lata
130,Sprite,Tres Rios,TRE_L1,7,-0.0,false,lata
130,Sprite,Tres Rios,TRE_L1,8,-0.0,false,lata
130,Sprite,Tres Rios,TRE_L1,9,-0.0,false,lata
130,Sprite,Tres Rios,TRE_L1,10,-0.0,false,lata
130,Sprite,Tres Rios,TRE_L1,11,-999999.9076533499,false,lata
130,Sprite,Tres Rios,TRE_L1,12,-0.0,false,lata
130,Sprite,Tres Rios,TRE_L1,13,-0.0,false,lata
130,Sprite,Tres Rios,TRE_L1,14,-0.0,false,lata
130,Sprite,Tres Rios,TRE_L1,15,-0.2456795,false,lata
130,Sprite,Tres Rios,TRE_L2,1,-0.0,false,lata
130,Sprite,Tres Rios,TRE_L2,2,-0.0,false,lata
130,Sprite,Tres Rios,TRE_L2,3,-0.0,false,lata
130,Sprite,Tres Rios,TRE_L2,4,-999999.7289020498,false,lata
130,Sprite,Tres Rios,TRE_L2,5,-0.0,false,lata
130,Sprite,Tres Rios,TRE_L2,6,-0.0,false,lata
130,Sprite,Tres Rios,TRE_L2,7,-0.0,false,lata
130,Sprite,Tres Rios,TRE_L2,8,-0.0,false,lata
130,Sprite,Tres Rios,TRE_L2,9,-0.0,false,lata
130,Sprite,Tres Rios,TRE_L2,10,-0.0,false,lata
130,Sprite,Tres Rios,TRE_L2,11,-0.0,false,lata
130,Sprite,Tres Rios,TRE_L2,12,-0.0,false,lata
130,Sprite,Tres Rios,TRE_L2,13,-0.0,false,lata
130,Sprite,Tres Rios,TRE_L2,14,-999999.7484961997,false,lata
130,Sprite,Tres Rios,TRE_L2,15,-0.24375284999999997,false,lata
130,Sprite,Tres Rios,TRE_L3,1,-0.0,false,lata
130,Sprite,Tres Rios,TRE_L3,2,-0.0,false,lata
130,Sprite,Tres Rios,TRE_L3,3,-0.0,false,lata
130,Sprite,Tres Rios,TRE_L3,4,-0.0,false,lata
130,Sprite,Tres Rios,TRE_L3,5,-0.0,false,lata
130,Sprite,Tres Rios,TRE_L3,6,-0.0,false,lata
130,Sprite,Tres Rios,TRE_L3,7,-0.0,false,lata
130,Sprite,Tres Rios,TRE_L3,8,-0.0,false,lata
130,Sprite,Tres Rios,TRE_L3,9,-0.0,false,lata
130,Sprite,Tres Rios,TRE_L3,10,-0.0,false,lata
130,Sprite,Tres Rios,TRE_L3,11,-0.0,false,lata
130,Sprite,Tres Rios,TRE_L3,12,-0.0,false,lata
130,Sprite,Tres Rios,TRE_L3,13,-0.0,false,lata
130,Sprite,Tres Rios,TRE_L3,14,-0.0,false,lata
130,Sprite,Tres Rios,TRE_L3,15,-0.2456795,false,lata
130,Sprite,Alagoinhas,ALA_L1,1,-0.0,false,lata
130,Sprite,Alagoinhas,ALA_L1,2,-0.0,false,lata
130,Sprite,Alagoinhas,ALA_L1,3,-0.0,false,lata
130,Sprite,Alagoinhas,ALA_L1,4,-0.0,false,lata
130,Sprite,Alagoinhas,ALA_L1,5,-0.0,false,lata
130,Sprite,Alagoinhas,ALA_L1,6,-0.0,false,lata
130,Sprite,Alagoinhas,ALA_L1,7,-0.0,false,lata
130,Sprite,Alagoinhas,ALA_L1,8,-0.0,false,lata
130,Sprite,Alagoinhas,ALA_L1,9,-0.0,false,lata
130,Sprite,Alagoinhas,ALA_L1,10,-0.0,false,lata
130,Sprite,Alagoinhas,ALA_L1,11,-0.0,false,lata
130,Sprite,Alagoinhas,ALA_L1,12,-0.0,false,lata
130,Sprite,Alagoinhas,ALA_L1,13,-0.0,false,lata
130,Sprite,Alagoinhas,ALA_L1,14,-0.0,false,lata
130,Sprite,Alagoinhas,ALA_L1,15,-0.2949718,false,lata
130,Sprite,Alagoinhas,ALA_L2,1,-0.0,false,lata
130,Sprite,Alagoinhas,ALA_L2,2,-0.0,false,lata
130,Sprite,Alagoinhas,ALA_L2,3,-0.0,false,lata
130,Sprite,Alagoinhas,ALA_L2,4,-0.0,false,lata
130,Sprite,Alagoinhas,ALA_L2,5,-0.0,false,lata
130,Sprite,Alagoinhas,ALA_L2,6,-0.0,false,lata
130,Sprite,Alagoinhas,ALA_L2,7,-0.0,false,lata
130,Sprite,Alagoinhas,ALA_L2,8,-0.0,false,lata
130,Sprite,Alagoinhas,ALA_L2,9,-0.0,false,lata
130,Sprite,Alagoinhas,ALA_L2,10,-0.0,false,lata
130,Sprite,Alagoinhas,ALA_L2,11,-0.0,false,lata
130,Sprite,Alagoinhas,ALA_L2,12,-0.0,false,lata
130,Sprite,Alagoinhas,ALA_L2,13,-999999.5616367498,false,lata
130,Sprite,Alagoinhas,ALA_L2,14,-999999.7976779498,false,lata
130,Sprite,Alagoinhas,ALA_L2,15,-0.2949718,false,lata
130,Sprite,Alagoinhas,ALA_L3,1,-0.0,false,lata
130,Sprite,Alagoinhas,ALA_L3,2,-0.0,false,lata
130,Sprite,Alagoinhas,ALA_L3,3,-0.0,false,lata
130,Sprite,Alagoinhas,ALA_L3,4,-0.0,false,lata
130,Sprite,Alagoinhas,ALA_L3,5,-1.0e6,true,lata
130,Sprite,Alagoinhas,ALA_L3,6,-0.0,false,lata
130,Sprite,Alagoinhas,ALA_L3,7,-0.0,false,lata
130,Sprite,Alagoinhas,ALA_L3,8,-0.0,false,lata
130,Sprite,Alagoinhas,ALA_L3,9,-0.0,false,lata
130,Sprite,Alagoinhas,ALA_L3,10,-0.0,false,lata
130,Sprite,Alagoinhas,ALA_L3,11,-0.0,false,lata
130,Sprite,Alagoinhas,ALA_L3,12,-0.0,false,lata
130,Sprite,Alagoinhas,ALA_L3,13,-0.0,false,lata
130,Sprite,Alagoinhas,ALA_L3,14,-0.0,false,lata
130,Sprite,Alagoinhas,ALA_L3,15,-0.2949718,false,lata
130,Sprite,Frutal,FRU_L1,1,-0.0,false,lata
130,Sprite,Frutal,FRU_L1,2,-0.0,false,lata
130,Sprite,Frutal,FRU_L1,3,-0.0,false,lata
130,Sprite,Frutal,FRU_L1,4,-0.0,false,lata
130,Sprite,Frutal,FRU_L1,5,-0.0,false,lata
130,Sprite,Frutal,FRU_L1,6,-0.0,false,lata
130,Sprite,Frutal,FRU_L1,7,-0.0,false,lata
130,Sprite,Frutal,FRU_L1,8,-0.0,false,lata
130,Sprite,Frutal,FRU_L1,9,-0.0,false,lata
130,Sprite,Frutal,FRU_L1,10,-0.0,false,lata
130,Sprite,Frutal,FRU_L1,11,-0.0,false,lata
130,Sprite,Frutal,FRU_L1,12,-0.0,false,lata
130,Sprite,Frutal,FRU_L1,13,-0.0,false,lata
130,Sprite,Frutal,FRU_L1,14,-0.0,false,lata
130,Sprite,Frutal,FRU_L1,15,-0.25254755,false,lata
130,Sprite,Frutal,FRU_L2,1,-0.0,false,lata
130,Sprite,Frutal,FRU_L2,2,-0.0,false,lata
130,Sprite,Frutal,FRU_L2,3,-0.0,false,lata
130,Sprite,Frutal,FRU_L2,4,-0.0,false,lata
130,Sprite,Frutal,FRU_L2,5,-0.0,false,lata
130,Sprite,Frutal,FRU_L2,6,-0.0,false,lata
130,Sprite,Frutal,FRU_L2,7,-0.0,false,lata
130,Sprite,Frutal,FRU_L2,8,-0.0,false,lata
130,Sprite,Frutal,FRU_L2,9,-0.0,false,lata
130,Sprite,Frutal,FRU_L2,10,-0.0,false,lata
130,Sprite,Frutal,FRU_L2,11,-0.0,false,lata
130,Sprite,Frutal,FRU_L2,12,-0.0,false,lata
130,Sprite,Frutal,FRU_L2,13,-0.0,false,lata
130,Sprite,Frutal,FRU_L2,14,-0.0,false,lata
130,Sprite,Frutal,FRU_L2,15,-0.25254755,false,lata
130,Sprite,Frutal,FRU_L3,1,-0.0,false,lata
130,Sprite,Frutal,FRU_L3,2,-0.0,false,lata
130,Sprite,Frutal,FRU_L3,3,-0.0,false,lata
130,Sprite,Frutal,FRU_L3,4,-0.0,false,lata
130,Sprite,Frutal,FRU_L3,5,-0.0,false,lata
130,Sprite,Frutal,FRU_L3,6,-0.0,false,lata
130,Sprite,Frutal,FRU_L3,7,-0.0,false,lata
130,Sprite,Frutal,FRU_L3,8,-0.0,false,lata
130,Sprite,Frutal,FRU_L3,9,-0.0,false,lata
130,Sprite,Frutal,FRU_L3,10,-0.0,false,lata
130,Sprite,Frutal,FRU_L3,11,-999999.9129185,false,lata
130,Sprite,Frutal,FRU_L3,12,-0.0,false,lata
130,Sprite,Frutal,FRU_L3,13,-0.0,false,lata
130,Sprite,Frutal,FRU_L3,14,-0.0,false,lata
130,Sprite,Frutal,FRU_L3,15,-0.25254755,false,lata
130,Sprite,Pouso Alegre,POU_L1,1,-0.0,false,lata
130,Sprite,Pouso Alegre,POU_L1,2,-0.0,false,lata
130,Sprite,Pouso Alegre,POU_L1,3,-0.0,false,lata
130,Sprite,Pouso Alegre,POU_L1,4,-0.0,false,lata
130,Sprite,Pouso Alegre,POU_L1,5,-0.0,false,lata
130,Sprite,Pouso Alegre,POU_L1,6,-0.0,false,lata
130,Sprite,Pouso Alegre,POU_L1,7,-0.0,false,lata
130,Sprite,Pouso Alegre,POU_L1,8,-0.0,false,lata
130,Sprite,Pouso Alegre,POU_L1,9,-0.0,false,lata
130,Sprite,Pouso Alegre,POU_L1,10,-0.0,false,lata
130,Sprite,Pouso Alegre,POU_L1,11,-0.0,false,lata
130,Sprite,Pouso Alegre,POU_L1,12,-0.0,false,lata
130,Sprite,Pouso Alegre,POU_L1,13,-0.0,false,lata
130,Sprite,Pouso Alegre,POU_L1,14,-0.0,false,lata
130,Sprite,Pouso Alegre,POU_L1,15,-0.23716004999999998,false,lata
130,Sprite,Pouso Alegre,POU_L2,1,-0.0,false,lata
130,Sprite,Pouso Alegre,POU_L2,2,-0.0,false,lata
130,Sprite,Pouso Alegre,POU_L2,3,-0.0,false,lata
130,Sprite,Pouso Alegre,POU_L2,4,-0.0,false,lata
130,Sprite,Pouso Alegre,POU_L2,5,-999999.9414471,false,lata
130,Sprite,Pouso Alegre,POU_L2,6,-0.0,false,lata
130,Sprite,Pouso Alegre,POU_L2,7,-0.0,false,lata
130,Sprite,Pouso Alegre,POU_L2,8,-999999.4212861499,false,lata
130,Sprite,Pouso Alegre,POU_L2,9,-0.0,false,lata
130,Sprite,Pouso Alegre,POU_L2,10,-0.0,false,lata
130,Sprite,Pouso Alegre,POU_L2,11,-0.0,false,lata
130,Sprite,Pouso Alegre,POU_L2,12,-0.0,false,lata
130,Sprite,Pouso Alegre,POU_L2,13,-0.0,false,lata
130,Sprite,Pouso Alegre,POU_L2,14,-0.0,false,lata
130,Sprite,Pouso Alegre,POU_L2,15,-0.23716004999999998,false,lata
130,Sprite,Pouso Alegre,POU_L3,1,-0.0,false,lata
130,Sprite,Pouso Alegre,POU_L3,2,-0.0,false,lata
130,Sprite,Pouso Alegre,POU_L3,3,-0.0,false,lata
130,Sprite,Pouso Alegre,POU_L3,4,-0.0,false,lata
130,Sprite,Pouso Alegre,POU_L3,5,-0.0,false,lata
130,Sprite,Pouso Alegre,POU_L3,6,-0.0,false,lata
130,Sprite,Pouso Alegre,POU_L3,7,-0.0,false,lata
130,Sprite,Pouso Alegre,POU_L3,8,-0.0,false,lata
130,Sprite,Pouso Alegre,POU_L3,9,-0.0,false,lata
130,Sprite,Pouso Alegre,POU_L3,10,-0.0,false,lata
130,Sprite,Pouso Alegre,POU_L3,11,-0.0,false,lata
130,Sprite,Pouso Alegre,POU_L3,12,-0.0,false,lata
130,Sprite,Pouso Alegre,POU_L3,13,-0.0,false,lata
130,Sprite,Pouso Alegre,POU_L3,14,-0.0,false,lata
130,Sprite,Pouso Alegre,POU_L3,15,-0.23716004999999998,false,lata
130,Sprite,Gama,GAM_L1,1,-0.0,false,lata
130,Sprite,Gama,GAM_L1,2,-0.0,false,lata
130,Sprite,Gama,GAM_L1,3,-0.0,false,lata
130,Sprite,Gama,GAM_L1,4,-0.0,false,lata
130,Sprite,Gama,GAM_L1,5,-0.0,false,lata
130,Sprite,Gama,GAM_L1,6,-1.0e6,true,lata
130,Sprite,Gama,GAM_L1,7,-0.0,false,lata
130,Sprite,Gama,GAM_L1,8,-0.0,false,lata
130,Sprite,Gama,GAM_L1,9,-0.0,false,lata
130,Sprite,Gama,GAM_L1,10,-0.0,false,lata
130,Sprite,Gama,GAM_L1,11,-0.0,false,lata
130,Sprite,Gama,GAM_L1,12,-0.0,false,lata
130,Sprite,Gama,GAM_L1,13,-0.0,false,lata
130,Sprite,Gama,GAM_L1,14,-0.0,false,lata
130,Sprite,Gama,GAM_L1,15,-0.26812225,false,lata
130,Sprite,Gama,GAM_L2,1,-0.0,false,lata
130,Sprite,Gama,GAM_L2,2,-0.0,false,lata
130,Sprite,Gama,GAM_L2,3,-0.0,false,lata
130,Sprite,Gama,GAM_L2,4,-999999.7481708499,false,lata
130,Sprite,Gama,GAM_L2,5,-0.0,false,lata
130,Sprite,Gama,GAM_L2,6,-0.0,false,lata
130,Sprite,Gama,GAM_L2,7,-0.0,false,lata
130,Sprite,Gama,GAM_L2,8,-0.0,false,lata
130,Sprite,Gama,GAM_L2,9,-0.0,false,lata
130,Sprite,Gama,GAM_L2,10,-0.0,false,lata
130,Sprite,Gama,GAM_L2,11,-0.0,false,lata
130,Sprite,Gama,GAM_L2,12,-0.0,false,lata
130,Sprite,Gama,GAM_L2,13,-0.0,false,lata
130,Sprite,Gama,GAM_L2,14,-0.0,false,lata
130,Sprite,Gama,GAM_L2,15,-0.2661,false,lata
130,Sprite,Gama,GAM_L3,1,-0.0,false,lata
130,Sprite,Gama,GAM_L3,2,-0.0,false,lata
130,Sprite,Gama,GAM_L3,3,-0.0,false,lata
130,Sprite,Gama,GAM_L3,4,-0.0,false,lata
130,Sprite,Gama,GAM_L3,5,-0.0,false,lata
130,Sprite,Gama,GAM_L3,6,-0.0,false,lata
130,Sprite,Gama,GAM_L3,7,-0.0,false,lata
130,Sprite,Gama,GAM_L3,8,-0.0,false,lata
130,Sprite,Gama,GAM_L3,9,-0.0,false,lata
130,Sprite,Gama,GAM_L3,10,-0.0,false,lata
130,Sprite,Gama,GAM_L3,11,-0.0,false,lata
130,Sprite,Gama,GAM_L3,12,-0.0,false,lata
130,Sprite,Gama,GAM_L3,13,-0.0,false,lata
130,Sprite,Gama,GAM_L3,14,-0.0,false,lata
130,Sprite,Gama,GAM_L3,15,-0.26812225,false,lata
130,Sprite,Viamao,VIA_L1,1,-0.0,false,lata
130,Sprite,Viamao,VIA_L1,2,-0.0,false,lata
130,Sprite,Viamao,VIA_L1,3,-0.0,false,lata
130,Sprite,Viamao,VIA_L1,4,-0.0,false,lata
130,Sprite,Viamao,VIA_L1,5,-0.0,false,lata
130,Sprite,Viamao,VIA_L1,6,-1.0e6,true,lata
130,Sprite,Viamao,VIA_L1,7,-0.0,false,lata
130,Sprite,Viamao,VIA_L1,8,-0.0,false,lata
130,Sprite,Viamao,VIA_L1,9,-0.0,false,lata
130,Sprite,Viamao,VIA_L1,10,-0.0,false,lata
130,Sprite,Viamao,VIA_L1,11,-0.0,false,lata
130,Sprite,Viamao,VIA_L1,12,-0.0,false,lata
130,Sprite,Viamao,VIA_L1,13,-0.0,false,lata
130,Sprite,Viamao,VIA_L1,14,-0.0,false,lata
130,Sprite,Viamao,VIA_L1,15,-0.20391655,false,lata
130,Sprite,Viamao,VIA_L2,1,-0.0,false,lata
130,Sprite,Viamao,VIA_L2,2,-0.0,false,lata
130,Sprite,Viamao,VIA_L2,3,-0.0,false,lata
130,Sprite,Viamao,VIA_L2,4,-999999.6801133499,false,lata
130,Sprite,Viamao,VIA_L2,5,-0.0,false,lata
130,Sprite,Viamao,VIA_L2,6,-0.0,false,lata
130,Sprite,Viamao,VIA_L2,7,-0.0,false,lata
130,Sprite,Viamao,VIA_L2,8,-0.0,false,lata
130,Sprite,Viamao,VIA_L2,9,-0.0,false,lata
130,Sprite,Viamao,VIA_L2,10,-0.0,false,lata
130,Sprite,Viamao,VIA_L2,11,-999999.8642875,false,lata
130,Sprite,Viamao,VIA_L2,12,-0.0,false,lata
130,Sprite,Viamao,VIA_L2,13,-0.0,false,lata
130,Sprite,Viamao,VIA_L2,14,-0.0,false,lata
130,Sprite,Viamao,VIA_L2,15,-0.27100599999999997,false,lata
130,Sprite,Viamao,VIA_L3,1,-0.0,false,lata
130,Sprite,Viamao,VIA_L3,2,-0.0,false,lata
130,Sprite,Viamao,VIA_L3,3,-0.0,false,lata
130,Sprite,Viamao,VIA_L3,4,-999999.75386915,false,lata
130,Sprite,Viamao,VIA_L3,5,-999999.97838075,false,lata
130,Sprite,Viamao,VIA_L3,6,-0.0,false,lata
130,Sprite,Viamao,VIA_L3,7,-0.0,false,lata
130,Sprite,Viamao,VIA_L3,8,-0.0,false,lata
130,Sprite,Viamao,VIA_L3,9,-999999.6875320999,false,lata
130,Sprite,Viamao,VIA_L3,10,-0.0,false,lata
130,Sprite,Viamao,VIA_L3,11,-0.0,false,lata
130,Sprite,Viamao,VIA_L3,12,-0.0,false,lata
130,Sprite,Viamao,VIA_L3,13,-0.0,false,lata
130,Sprite,Viamao,VIA_L3,14,-0.0,false,lata
130,Sprite,Viamao,VIA_L3,15,-0.27100599999999997,false,lata
130,Sprite,Itupeva,ITU_L1,1,-0.0,false,lata
130,Sprite,Itupeva,ITU_L1,2,-0.0,false,lata
130,Sprite,Itupeva,ITU_L1,3,-0.0,false,lata
130,Sprite,Itupeva,ITU_L1,4,-0.0,false,lata
130,Sprite,Itupeva,ITU_L1,5,-0.0,false,lata
130,Sprite,Itupeva,ITU_L1,6,-0.0,false,lata
130,Sprite,Itupeva,ITU_L1,7,-0.0,false,lata
130,Sprite,Itupeva,ITU_L1,8,-0.0,false,lata
130,Sprite,Itupeva,ITU_L1,9,-999999.6506541999,false,lata
130,Sprite,Itupeva,ITU_L1,10,-0.0,false,lata
130,Sprite,Itupeva,ITU_L1,11,-0.0,false,lata
130,Sprite,Itupeva,ITU_L1,12,-0.0,false,lata
130,Sprite,Itupeva,ITU_L1,13,-0.0,false,lata
130,Sprite,Itupeva,ITU_L1,14,-0.0,false,lata
130,Sprite,Itupeva,ITU_L1,15,-0.23719465,false,lata
130,Sprite,Itupeva,ITU_L2,1,-0.0,false,lata
130,Sprite,Itupeva,ITU_L2,2,-0.0,false,lata
130,Sprite,Itupeva,ITU_L2,3,-0.0,false,lata
130,Sprite,Itupeva,ITU_L2,4,-0.0,false,lata
130,Sprite,Itupeva,ITU_L2,5,-0.0,false,lata
130,Sprite,Itupeva,ITU_L2,6,-0.0,false,lata
130,Sprite,Itupeva,ITU_L2,7,-0.0,false,lata
130,Sprite,Itupeva,ITU_L2,8,-0.0,false,lata
130,Sprite,Itupeva,ITU_L2,9,-0.0,false,lata
130,Sprite,Itupeva,ITU_L2,10,-0.0,false,lata
130,Sprite,Itupeva,ITU_L2,11,-999999.8991685,false,lata
130,Sprite,Itupeva,ITU_L2,12,-0.0,false,lata
130,Sprite,Itupeva,ITU_L2,13,-0.0,false,lata
130,Sprite,Itupeva,ITU_L2,14,-0.0,false,lata
130,Sprite,Itupeva,ITU_L2,15,-0.23719465,false,lata
130,Sprite,Itupeva,ITU_L3,1,-0.0,false,lata
130,Sprite,Itupeva,ITU_L3,2,-0.0,false,lata
130,Sprite,Itupeva,ITU_L3,3,-0.0,false,lata
130,Sprite,Itupeva,ITU_L3,4,-0.0,false,lata
130,Sprite,Itupeva,ITU_L3,5,-0.0,false,lata
130,Sprite,Itupeva,ITU_L3,6,-1.0e6,true,lata
130,Sprite,Itupeva,ITU_L3,7,-0.0,false,lata
130,Sprite,Itupeva,ITU_L3,8,-0.0,false,lata
130,Sprite,Itupeva,ITU_L3,9,-0.0,false,lata
130,Sprite,Itupeva,ITU_L3,10,-0.0,false,lata
130,Sprite,Itupeva,ITU_L3,11,-0.0,false,lata
130,Sprite,Itupeva,ITU_L3,12,-0.0,false,lata
130,Sprite,Itupeva,ITU_L3,13,-0.0,false,lata
130,Sprite,Itupeva,ITU_L3,14,-0.0,false,lata
130,Sprite,Itupeva,ITU_L3,15,-0.23719465,false,lata
130,Sprite,Cabo de Santo Agostinho,CAB_L1,1,-0.0,false,lata
130,Sprite,Cabo de Santo Agostinho,CAB_L1,2,-0.0,false,lata
130,Sprite,Cabo de Santo Agostinho,CAB_L1,3,-0.0,false,lata
130,Sprite,Cabo de Santo Agostinho,CAB_L1,4,-0.0,false,lata
130,Sprite,Cabo de Santo Agostinho,CAB_L1,5,-0.0,false,lata
130,Sprite,Cabo de Santo Agostinho,CAB_L1,6,-0.0,false,lata
130,Sprite,Cabo de Santo Agostinho,CAB_L1,7,-0.0,false,lata
130,Sprite,Cabo de Santo Agostinho,CAB_L1,8,-0.0,false,lata
130,Sprite,Cabo de Santo Agostinho,CAB_L1,9,-0.0,false,lata
130,Sprite,Cabo de Santo Agostinho,CAB_L1,10,-0.0,false,lata
130,Sprite,Cabo de Santo Agostinho,CAB_L1,11,-0.0,false,lata
130,Sprite,Cabo de Santo Agostinho,CAB_L1,12,-0.0,false,lata
130,Sprite,Cabo de Santo Agostinho,CAB_L1,13,-0.0,false,lata
130,Sprite,Cabo de Santo Agostinho,CAB_L1,14,-0.0,false,lata
130,Sprite,Cabo de Santo Agostinho,CAB_L1,15,-0.2939,false,lata
130,Sprite,Cabo de Santo Agostinho,CAB_L2,1,-0.0,false,lata
130,Sprite,Cabo de Santo Agostinho,CAB_L2,2,-0.0,false,lata
130,Sprite,Cabo de Santo Agostinho,CAB_L2,3,-0.0,false,lata
130,Sprite,Cabo de Santo Agostinho,CAB_L2,4,-0.0,false,lata
130,Sprite,Cabo de Santo Agostinho,CAB_L2,5,-0.0,false,lata
130,Sprite,Cabo de Santo Agostinho,CAB_L2,6,-0.0,false,lata
130,Sprite,Cabo de Santo Agostinho,CAB_L2,7,-0.0,false,lata
130,Sprite,Cabo de Santo Agostinho,CAB_L2,8,-0.0,false,lata
130,Sprite,Cabo de Santo Agostinho,CAB_L2,9,-0.0,false,lata
130,Sprite,Cabo de Santo Agostinho,CAB_L2,10,-0.0,false,lata
130,Sprite,Cabo de Santo Agostinho,CAB_L2,11,-0.0,false,lata
130,Sprite,Cabo de Santo Agostinho,CAB_L2,12,-999999.3530138998,false,lata
130,Sprite,Cabo de Santo Agostinho,CAB_L2,13,-0.0,false,lata
130,Sprite,Cabo de Santo Agostinho,CAB_L2,14,-999999.8214550997,false,lata
130,Sprite,Cabo de Santo Agostinho,CAB_L2,15,-0.27103135,false,lata
130,Sprite,Cabo de Santo Agostinho,CAB_L3,1,-0.0,false,lata
130,Sprite,Cabo de Santo Agostinho,CAB_L3,2,-0.0,false,lata
130,Sprite,Cabo de Santo Agostinho,CAB_L3,3,-0.0,false,lata
130,Sprite,Cabo de Santo Agostinho,CAB_L3,4,-0.0,false,lata
130,Sprite,Cabo de Santo Agostinho,CAB_L3,5,-0.0,false,lata
130,Sprite,Cabo de Santo Agostinho,CAB_L3,6,-0.0,false,lata
130,Sprite,Cabo de Santo Agostinho,CAB_L3,7,-0.0,false,lata
130,Sprite,Cabo de Santo Agostinho,CAB_L3,8,-0.0,false,lata
130,Sprite,Cabo de Santo Agostinho,CAB_L3,9,-0.0,false,lata
130,Sprite,Cabo de Santo Agostinho,CAB_L3,10,-0.0,false,lata
130,Sprite,Cabo de Santo Agostinho,CAB_L3,11,-0.0,false,lata
130,Sprite,Cabo de Santo Agostinho,CAB_L3,12,-0.0,false,lata
130,Sprite,Cabo de Santo Agostinho,CAB_L3,13,-0.0,false,lata
130,Sprite,Cabo de Santo Agostinho,CAB_L3,14,-0.0,false,lata
130,Sprite,Cabo de Santo Agostinho,CAB_L3,15,-0.3186384,false,lata
130,Coca_Cola,Jacarei,JAC_L1,1,-0.0,false,lata
130,Coca_Cola,Jacarei,JAC_L1,2,-0.0,false,lata
130,Coca_Cola,Jacarei,JAC_L1,3,-999999.0808188501,false,lata
130,Coca_Cola,Jacarei,JAC_L1,4,-0.0,false,lata
130,Coca_Cola,Jacarei,JAC_L1,5,-0.0,false,lata
130,Coca_Cola,Jacarei,JAC_L1,6,-0.0,false,lata
130,Coca_Cola,Jacarei,JAC_L1,7,-0.0,false,lata
130,Coca_Cola,Jacarei,JAC_L1,8,-0.0,false,lata
130,Coca_Cola,Jacarei,JAC_L1,9,-0.0,false,lata
130,Coca_Cola,Jacarei,JAC_L1,10,-0.0,false,lata
130,Coca_Cola,Jacarei,JAC_L1,11,-0.0,false,lata
130,Coca_Cola,Jacarei,JAC_L1,12,-999999.9100578998,false,lata
130,Coca_Cola,Jacarei,JAC_L1,13,-0.0,false,lata
130,Coca_Cola,Jacarei,JAC_L1,14,-0.0,false,lata
130,Coca_Cola,Jacarei,JAC_L1,15,-0.0,false,lata
130,Coca_Cola,Jacarei,JAC_L2,1,-0.0,false,lata
130,Coca_Cola,Jacarei,JAC_L2,2,-0.0,false,lata
130,Coca_Cola,Jacarei,JAC_L2,3,-0.0,false,lata
130,Coca_Cola,Jacarei,JAC_L2,4,-0.0,false,lata
130,Coca_Cola,Jacarei,JAC_L2,5,-999999.2549808498,false,lata
130,Coca_Cola,Jacarei,JAC_L2,6,-0.0,false,lata
130,Coca_Cola,Jacarei,JAC_L2,7,-0.0,false,lata
130,Coca_Cola,Jacarei,JAC_L2,8,-0.0,false,lata
130,Coca_Cola,Jacarei,JAC_L2,9,-0.0,false,lata
130,Coca_Cola,Jacarei,JAC_L2,10,-0.0,false,lata
130,Coca_Cola,Jacarei,JAC_L2,11,-0.0,false,lata
130,Coca_Cola,Jacarei,JAC_L2,12,-0.0,false,lata
130,Coca_Cola,Jacarei,JAC_L2,13,-0.0,false,lata
130,Coca_Cola,Jacarei,JAC_L2,14,-0.0,false,lata
130,Coca_Cola,Jacarei,JAC_L2,15,-0.0,false,lata
130,Coca_Cola,Jacarei,JAC_L3,1,-0.0,false,lata
130,Coca_Cola,Jacarei,JAC_L3,2,-0.0,false,lata
130,Coca_Cola,Jacarei,JAC_L3,3,-0.0,false,lata
130,Coca_Cola,Jacarei,JAC_L3,4,-0.0,false,lata
130,Coca_Cola,Jacarei,JAC_L3,5,-0.0,false,lata
130,Coca_Cola,Jacarei,JAC_L3,6,-0.0,false,lata
130,Coca_Cola,Jacarei,JAC_L3,7,-0.0,false,lata
130,Coca_Cola,Jacarei,JAC_L3,8,-0.0,false,lata
130,Coca_Cola,Jacarei,JAC_L3,9,-0.0,false,lata
130,Coca_Cola,Jacarei,JAC_L3,10,-0.0,false,lata
130,Coca_Cola,Jacarei,JAC_L3,11,-0.0,false,lata
130,Coca_Cola,Jacarei,JAC_L3,12,-0.0,false,lata
130,Coca_Cola,Jacarei,JAC_L3,13,-0.0,false,lata
130,Coca_Cola,Jacarei,JAC_L3,14,-0.0,false,lata
130,Coca_Cola,Jacarei,JAC_L3,15,-0.0,false,lata
130,Coca_Cola,Extrema,EXT_L1,1,-0.0,false,lata
130,Coca_Cola,Extrema,EXT_L1,2,-0.0,false,lata
130,Coca_Cola,Extrema,EXT_L1,3,-0.0,false,lata
130,Coca_Cola,Extrema,EXT_L1,4,-0.0,false,lata
130,Coca_Cola,Extrema,EXT_L1,5,-0.0,false,lata
130,Coca_Cola,Extrema,EXT_L1,6,-0.0,false,lata
130,Coca_Cola,Extrema,EXT_L1,7,-0.0,false,lata
130,Coca_Cola,Extrema,EXT_L1,8,-0.0,false,lata
130,Coca_Cola,Extrema,EXT_L1,9,-0.0,false,lata
130,Coca_Cola,Extrema,EXT_L1,10,-0.0,false,lata
130,Coca_Cola,Extrema,EXT_L1,11,-0.0,false,lata
130,Coca_Cola,Extrema,EXT_L1,12,-0.0,false,lata
130,Coca_Cola,Extrema,EXT_L1,13,-0.0,false,lata
130,Coca_Cola,Extrema,EXT_L1,14,-0.0,false,lata
130,Coca_Cola,Extrema,EXT_L1,15,-0.0,false,lata
130,Coca_Cola,Extrema,EXT_L2,1,-0.0,false,lata
130,Coca_Cola,Extrema,EXT_L2,2,-0.0,false,lata
130,Coca_Cola,Extrema,EXT_L2,3,-999999.0797529501,false,lata
130,Coca_Cola,Extrema,EXT_L2,4,-0.0,false,lata
130,Coca_Cola,Extrema,EXT_L2,5,-0.0,false,lata
130,Coca_Cola,Extrema,EXT_L2,6,-0.0,false,lata
130,Coca_Cola,Extrema,EXT_L2,7,-0.0,false,lata
130,Coca_Cola,Extrema,EXT_L2,8,-0.0,false,lata
130,Coca_Cola,Extrema,EXT_L2,9,-0.0,false,lata
130,Coca_Cola,Extrema,EXT_L2,10,-999999.7006838,false,lata
130,Coca_Cola,Extrema,EXT_L2,11,-0.0,false,lata
130,Coca_Cola,Extrema,EXT_L2,12,-0.0,false,lata
130,Coca_Cola,Extrema,EXT_L2,13,-0.0,false,lata
130,Coca_Cola,Extrema,EXT_L2,14,-0.0,false,lata
130,Coca_Cola,Extrema,EXT_L2,15,-0.0,false,lata
130,Coca_Cola,Extrema,EXT_L3,1,-0.0,false,lata
130,Coca_Cola,Extrema,EXT_L3,2,-0.0,false,lata
130,Coca_Cola,Extrema,EXT_L3,3,-0.0,false,lata
130,Coca_Cola,Extrema,EXT_L3,4,-0.0,false,lata
130,Coca_Cola,Extrema,EXT_L3,5,-0.0,false,lata
130,Coca_Cola,Extrema,EXT_L3,6,-0.0,false,lata
130,Coca_Cola,Extrema,EXT_L3,7,-0.0,false,lata
130,Coca_Cola,Extrema,EXT_L3,8,-0.0,false,lata
130,Coca_Cola,Extrema,EXT_L3,9,-0.0,false,lata
130,Coca_Cola,Extrema,EXT_L3,10,-999999.7006838,false,lata
130,Coca_Cola,Extrema,EXT_L3,11,-0.0,false,lata
130,Coca_Cola,Extrema,EXT_L3,12,-0.0,false,lata
130,Coca_Cola,Extrema,EXT_L3,13,-0.0,false,lata
130,Coca_Cola,Extrema,EXT_L3,14,-1.0e6,true,lata
130,Coca_Cola,Extrema,EXT_L3,15,-0.0,false,lata
130,Coca_Cola,Tres Rios,TRE_L1,1,-0.0,false,lata
130,Coca_Cola,Tres Rios,TRE_L1,2,-0.0,false,lata
130,Coca_Cola,Tres Rios,TRE_L1,3,-0.0,false,lata
130,Coca_Cola,Tres Rios,TRE_L1,4,-0.0,false,lata
130,Coca_Cola,Tres Rios,TRE_L1,5,-0.0,false,lata
130,Coca_Cola,Tres Rios,TRE_L1,6,-0.0,false,lata
130,Coca_Cola,Tres Rios,TRE_L1,7,-0.0,false,lata
130,Coca_Cola,Tres Rios,TRE_L1,8,-0.0,false,lata
130,Coca_Cola,Tres Rios,TRE_L1,9,-0.0,false,lata
130,Coca_Cola,Tres Rios,TRE_L1,10,-0.0,false,lata
130,Coca_Cola,Tres Rios,TRE_L1,11,-0.0,false,lata
130,Coca_Cola,Tres Rios,TRE_L1,12,-0.0,false,lata
130,Coca_Cola,Tres Rios,TRE_L1,13,-0.0,false,lata
130,Coca_Cola,Tres Rios,TRE_L1,14,-0.0,false,lata
130,Coca_Cola,Tres Rios,TRE_L1,15,-0.0,false,lata
130,Coca_Cola,Tres Rios,TRE_L2,1,-999999.7074998,false,lata
130,Coca_Cola,Tres Rios,TRE_L2,2,-0.0,false,lata
130,Coca_Cola,Tres Rios,TRE_L2,3,-0.0,false,lata
130,Coca_Cola,Tres Rios,TRE_L2,4,-0.0,false,lata
130,Coca_Cola,Tres Rios,TRE_L2,5,-0.0,false,lata
130,Coca_Cola,Tres Rios,TRE_L2,6,-0.0,false,lata
130,Coca_Cola,Tres Rios,TRE_L2,7,-0.0,false,lata
130,Coca_Cola,Tres Rios,TRE_L2,8,-0.0,false,lata
130,Coca_Cola,Tres Rios,TRE_L2,9,-0.0,false,lata
130,Coca_Cola,Tres Rios,TRE_L2,10,-0.0,false,lata
130,Coca_Cola,Tres Rios,TRE_L2,11,-0.0,false,lata
130,Coca_Cola,Tres Rios,TRE_L2,12,-0.0,false,lata
130,Coca_Cola,Tres Rios,TRE_L2,13,-0.0,false,lata
130,Coca_Cola,Tres Rios,TRE_L2,14,-0.0,false,lata
130,Coca_Cola,Tres Rios,TRE_L2,15,-999999.0307638498,false,lata
130,Coca_Cola,Tres Rios,TRE_L3,1,-0.0,false,lata
130,Coca_Cola,Tres Rios,TRE_L3,2,-1.0e6,true,lata
130,Coca_Cola,Tres Rios,TRE_L3,3,-0.0,false,lata
130,Coca_Cola,Tres Rios,TRE_L3,4,-0.0,false,lata
130,Coca_Cola,Tres Rios,TRE_L3,5,-0.0,false,lata
130,Coca_Cola,Tres Rios,TRE_L3,6,-0.0,false,lata
130,Coca_Cola,Tres Rios,TRE_L3,7,-0.0,false,lata
130,Coca_Cola,Tres Rios,TRE_L3,8,-0.0,false,lata
130,Coca_Cola,Tres Rios,TRE_L3,9,-0.0,false,lata
130,Coca_Cola,Tres Rios,TRE_L3,10,-0.0,false,lata
130,Coca_Cola,Tres Rios,TRE_L3,11,-0.0,false,lata
130,Coca_Cola,Tres Rios,TRE_L3,12,-0.0,false,lata
130,Coca_Cola,Tres Rios,TRE_L3,13,-0.0,false,lata
130,Coca_Cola,Tres Rios,TRE_L3,14,-0.0,false,lata
130,Coca_Cola,Tres Rios,TRE_L3,15,-0.0,false,lata
130,Coca_Cola,Alagoinhas,ALA_L1,1,-0.0,false,lata
130,Coca_Cola,Alagoinhas,ALA_L1,2,-0.0,false,lata
130,Coca_Cola,Alagoinhas,ALA_L1,3,-0.0,false,lata
130,Coca_Cola,Alagoinhas,ALA_L1,4,-0.0,false,lata
130,Coca_Cola,Alagoinhas,ALA_L1,5,-0.0,false,lata
130,Coca_Cola,Alagoinhas,ALA_L1,6,-0.0,false,lata
130,Coca_Cola,Alagoinhas,ALA_L1,7,-0.0,false,lata
130,Coca_Cola,Alagoinhas,ALA_L1,8,-0.0,false,lata
130,Coca_Cola,Alagoinhas,ALA_L1,9,-0.0,false,lata
130,Coca_Cola,Alagoinhas,ALA_L1,10,-0.0,false,lata
130,Coca_Cola,Alagoinhas,ALA_L1,11,-0.0,false,lata
130,Coca_Cola,Alagoinhas,ALA_L1,12,-999999.8475048498,false,lata
130,Coca_Cola,Alagoinhas,ALA_L1,13,-0.0,false,lata
130,Coca_Cola,Alagoinhas,ALA_L1,14,-999999.94714235,false,lata
130,Coca_Cola,Alagoinhas,ALA_L1,15,-0.0,false,lata
130,Coca_Cola,Alagoinhas,ALA_L2,1,-0.0,false,lata
130,Coca_Cola,Alagoinhas,ALA_L2,2,-0.0,false,lata
130,Coca_Cola,Alagoinhas,ALA_L2,3,-0.0,false,lata
130,Coca_Cola,Alagoinhas,ALA_L2,4,-0.0,false,lata
130,Coca_Cola,Alagoinhas,ALA_L2,5,-0.0,false,lata
130,Coca_Cola,Alagoinhas,ALA_L2,6,-0.0,false,lata
130,Coca_Cola,Alagoinhas,ALA_L2,7,-0.0,false,lata
130,Coca_Cola,Alagoinhas,ALA_L2,8,-0.0,false,lata
130,Coca_Cola,Alagoinhas,ALA_L2,9,-0.0,false,lata
130,Coca_Cola,Alagoinhas,ALA_L2,10,-0.0,false,lata
130,Coca_Cola,Alagoinhas,ALA_L2,11,-0.0,false,lata
130,Coca_Cola,Alagoinhas,ALA_L2,12,-0.0,false,lata
130,Coca_Cola,Alagoinhas,ALA_L2,13,-0.0,false,lata
130,Coca_Cola,Alagoinhas,ALA_L2,14,-0.0,false,lata
130,Coca_Cola,Alagoinhas,ALA_L2,15,-0.0,false,lata
130,Coca_Cola,Alagoinhas,ALA_L3,1,-0.0,false,lata
130,Coca_Cola,Alagoinhas,ALA_L3,2,-999999.9961279501,false,lata
130,Coca_Cola,Alagoinhas,ALA_L3,3,-0.0,false,lata
130,Coca_Cola,Alagoinhas,ALA_L3,4,-0.0,false,lata
130,Coca_Cola,Alagoinhas,ALA_L3,5,-0.0,false,lata
130,Coca_Cola,Alagoinhas,ALA_L3,6,-0.0,false,lata
130,Coca_Cola,Alagoinhas,ALA_L3,7,-0.0,false,lata
130,Coca_Cola,Alagoinhas,ALA_L3,8,-0.0,false,lata
130,Coca_Cola,Alagoinhas,ALA_L3,9,-0.0,false,lata
130,Coca_Cola,Alagoinhas,ALA_L3,10,-0.0,false,lata
130,Coca_Cola,Alagoinhas,ALA_L3,11,-0.0,false,lata
130,Coca_Cola,Alagoinhas,ALA_L3,12,-0.0,false,lata
130,Coca_Cola,Alagoinhas,ALA_L3,13,-0.0,false,lata
130,Coca_Cola,Alagoinhas,ALA_L3,14,-0.0,false,lata
130,Coca_Cola,Alagoinhas,ALA_L3,15,-0.0,false,lata
130,Coca_Cola,Frutal,FRU_L1,1,-0.0,false,lata
130,Coca_Cola,Frutal,FRU_L1,2,-0.0,false,lata
130,Coca_Cola,Frutal,FRU_L1,3,-0.0,false,lata
130,Coca_Cola,Frutal,FRU_L1,4,-0.0,false,lata
130,Coca_Cola,Frutal,FRU_L1,5,-0.0,false,lata
130,Coca_Cola,Frutal,FRU_L1,6,-0.0,false,lata
130,Coca_Cola,Frutal,FRU_L1,7,-0.0,false,lata
130,Coca_Cola,Frutal,FRU_L1,8,-0.0,false,lata
130,Coca_Cola,Frutal,FRU_L1,9,-0.0,false,lata
130,Coca_Cola,Frutal,FRU_L1,10,-0.0,false,lata
130,Coca_Cola,Frutal,FRU_L1,11,-0.0,false,lata
130,Coca_Cola,Frutal,FRU_L1,12,-0.0,false,lata
130,Coca_Cola,Frutal,FRU_L1,13,-0.0,false,lata
130,Coca_Cola,Frutal,FRU_L1,14,-0.0,false,lata
130,Coca_Cola,Frutal,FRU_L1,15,-999999.0393933,false,lata
130,Coca_Cola,Frutal,FRU_L2,1,-0.0,false,lata
130,Coca_Cola,Frutal,FRU_L2,2,-0.0,false,lata
130,Coca_Cola,Frutal,FRU_L2,3,-0.0,false,lata
130,Coca_Cola,Frutal,FRU_L2,4,-0.0,false,lata
130,Coca_Cola,Frutal,FRU_L2,5,-0.0,false,lata
130,Coca_Cola,Frutal,FRU_L2,6,-0.0,false,lata
130,Coca_Cola,Frutal,FRU_L2,7,-0.0,false,lata
130,Coca_Cola,Frutal,FRU_L2,8,-999999.5332703,false,lata
130,Coca_Cola,Frutal,FRU_L2,9,-0.0,false,lata
130,Coca_Cola,Frutal,FRU_L2,10,-0.0,false,lata
130,Coca_Cola,Frutal,FRU_L2,11,-0.0,false,lata
130,Coca_Cola,Frutal,FRU_L2,12,-0.0,false,lata
130,Coca_Cola,Frutal,FRU_L2,13,-0.0,false,lata
130,Coca_Cola,Frutal,FRU_L2,14,-0.0,false,lata
130,Coca_Cola,Frutal,FRU_L2,15,-0.0,false,lata
130,Coca_Cola,Frutal,FRU_L3,1,-0.0,false,lata
130,Coca_Cola,Frutal,FRU_L3,2,-0.0,false,lata
130,Coca_Cola,Frutal,FRU_L3,3,-0.0,false,lata
130,Coca_Cola,Frutal,FRU_L3,4,-0.0,false,lata
130,Coca_Cola,Frutal,FRU_L3,5,-999999.2527914499,false,lata
130,Coca_Cola,Frutal,FRU_L3,6,-0.0,false,lata
130,Coca_Cola,Frutal,FRU_L3,7,-0.0,false,lata
130,Coca_Cola,Frutal,FRU_L3,8,-0.0,false,lata
130,Coca_Cola,Frutal,FRU_L3,9,-0.0,false,lata
130,Coca_Cola,Frutal,FRU_L3,10,-0.0,false,lata
130,Coca_Cola,Frutal,FRU_L3,11,-0.0,false,lata
130,Coca_Cola,Frutal,FRU_L3,12,-0.0,false,lata
130,Coca_Cola,Frutal,FRU_L3,13,-0.0,false,lata
130,Coca_Cola,Frutal,FRU_L3,14,-0.0,false,lata
130,Coca_Cola,Frutal,FRU_L3,15,-0.0,false,lata
130,Coca_Cola,Pouso Alegre,POU_L1,1,-0.0,false,lata
130,Coca_Cola,Pouso Alegre,POU_L1,2,-0.0,false,lata
130,Coca_Cola,Pouso Alegre,POU_L1,3,-0.0,false,lata
130,Coca_Cola,Pouso Alegre,POU_L1,4,-0.0,false,lata
130,Coca_Cola,Pouso Alegre,POU_L1,5,-0.0,false,lata
130,Coca_Cola,Pouso Alegre,POU_L1,6,-0.0,false,lata
130,Coca_Cola,Pouso Alegre,POU_L1,7,-0.0,false,lata
130,Coca_Cola,Pouso Alegre,POU_L1,8,-0.0,false,lata
130,Coca_Cola,Pouso Alegre,POU_L1,9,-0.0,false,lata
130,Coca_Cola,Pouso Alegre,POU_L1,10,-0.0,false,lata
130,Coca_Cola,Pouso Alegre,POU_L1,11,-0.0,false,lata
130,Coca_Cola,Pouso Alegre,POU_L1,12,-0.0,false,lata
130,Coca_Cola,Pouso Alegre,POU_L1,13,-0.0,false,lata
130,Coca_Cola,Pouso Alegre,POU_L1,14,-0.0,false,lata
130,Coca_Cola,Pouso Alegre,POU_L1,15,-0.0,false,lata
130,Coca_Cola,Pouso Alegre,POU_L2,1,-0.0,false,lata
130,Coca_Cola,Pouso Alegre,POU_L2,2,-0.0,false,lata
130,Coca_Cola,Pouso Alegre,POU_L2,3,-0.0,false,lata
130,Coca_Cola,Pouso Alegre,POU_L2,4,-0.0,false,lata
130,Coca_Cola,Pouso Alegre,POU_L2,5,-0.0,false,lata
130,Coca_Cola,Pouso Alegre,POU_L2,6,-0.0,false,lata
130,Coca_Cola,Pouso Alegre,POU_L2,7,-0.0,false,lata
130,Coca_Cola,Pouso Alegre,POU_L2,8,-0.0,false,lata
130,Coca_Cola,Pouso Alegre,POU_L2,9,-0.0,false,lata
130,Coca_Cola,Pouso Alegre,POU_L2,10,-0.0,false,lata
130,Coca_Cola,Pouso Alegre,POU_L2,11,-0.0,false,lata
130,Coca_Cola,Pouso Alegre,POU_L2,12,-0.0,false,lata
130,Coca_Cola,Pouso Alegre,POU_L2,13,-0.0,false,lata
130,Coca_Cola,Pouso Alegre,POU_L2,14,-0.0,false,lata
130,Coca_Cola,Pouso Alegre,POU_L2,15,-0.0,false,lata
130,Coca_Cola,Pouso Alegre,POU_L3,1,-0.0,false,lata
130,Coca_Cola,Pouso Alegre,POU_L3,2,-0.0,false,lata
130,Coca_Cola,Pouso Alegre,POU_L3,3,-0.0,false,lata
130,Coca_Cola,Pouso Alegre,POU_L3,4,-0.0,false,lata
130,Coca_Cola,Pouso Alegre,POU_L3,5,-0.0,false,lata
130,Coca_Cola,Pouso Alegre,POU_L3,6,-0.0,false,lata
130,Coca_Cola,Pouso Alegre,POU_L3,7,-0.0,false,lata
130,Coca_Cola,Pouso Alegre,POU_L3,8,-0.0,false,lata
130,Coca_Cola,Pouso Alegre,POU_L3,9,-0.0,false,lata
130,Coca_Cola,Pouso Alegre,POU_L3,10,-0.0,false,lata
130,Coca_Cola,Pouso Alegre,POU_L3,11,-0.0,false,lata
130,Coca_Cola,Pouso Alegre,POU_L3,12,-0.0,false,lata
130,Coca_Cola,Pouso Alegre,POU_L3,13,-0.0,false,lata
130,Coca_Cola,Pouso Alegre,POU_L3,14,-0.0,false,lata
130,Coca_Cola,Pouso Alegre,POU_L3,15,-0.0,false,lata
130,Coca_Cola,Gama,GAM_L1,1,-0.0,false,lata
130,Coca_Cola,Gama,GAM_L1,2,-0.0,false,lata
130,Coca_Cola,Gama,GAM_L1,3,-0.0,false,lata
130,Coca_Cola,Gama,GAM_L1,4,-0.0,false,lata
130,Coca_Cola,Gama,GAM_L1,5,-0.0,false,lata
130,Coca_Cola,Gama,GAM_L1,6,-0.0,false,lata
130,Coca_Cola,Gama,GAM_L1,7,-0.0,false,lata
130,Coca_Cola,Gama,GAM_L1,8,-0.0,false,lata
130,Coca_Cola,Gama,GAM_L1,9,-0.0,false,lata
130,Coca_Cola,Gama,GAM_L1,10,-0.0,false,lata
130,Coca_Cola,Gama,GAM_L1,11,-0.0,false,lata
130,Coca_Cola,Gama,GAM_L1,12,-0.0,false,lata
130,Coca_Cola,Gama,GAM_L1,13,-0.0,false,lata
130,Coca_Cola,Gama,GAM_L1,14,-0.0,false,lata
130,Coca_Cola,Gama,GAM_L1,15,-0.0,false,lata
130,Coca_Cola,Gama,GAM_L2,1,-0.0,false,lata
130,Coca_Cola,Gama,GAM_L2,2,-0.0,false,lata
130,Coca_Cola,Gama,GAM_L2,3,-0.0,false,lata
130,Coca_Cola,Gama,GAM_L2,4,-0.0,false,lata
130,Coca_Cola,Gama,GAM_L2,5,-0.0,false,lata
130,Coca_Cola,Gama,GAM_L2,6,-0.0,false,lata
130,Coca_Cola,Gama,GAM_L2,7,-0.0,false,lata
130,Coca_Cola,Gama,GAM_L2,8,-0.0,false,lata
130,Coca_Cola,Gama,GAM_L2,9,-0.0,false,lata
130,Coca_Cola,Gama,GAM_L2,10,-0.0,false,lata
130,Coca_Cola,Gama,GAM_L2,11,-0.0,false,lata
130,Coca_Cola,Gama,GAM_L2,12,-0.0,false,lata
130,Coca_Cola,Gama,GAM_L2,13,-0.0,false,lata
130,Coca_Cola,Gama,GAM_L2,14,-0.0,false,lata
130,Coca_Cola,Gama,GAM_L2,15,-0.0,false,lata
130,Coca_Cola,Gama,GAM_L3,1,-999999.7034860001,false,lata
130,Coca_Cola,Gama,GAM_L3,2,-0.0,false,lata
130,Coca_Cola,Gama,GAM_L3,3,-0.0,false,lata
130,Coca_Cola,Gama,GAM_L3,4,-0.0,false,lata
130,Coca_Cola,Gama,GAM_L3,5,-0.0,false,lata
130,Coca_Cola,Gama,GAM_L3,6,-0.0,false,lata
130,Coca_Cola,Gama,GAM_L3,7,-0.0,false,lata
130,Coca_Cola,Gama,GAM_L3,8,-0.0,false,lata
130,Coca_Cola,Gama,GAM_L3,9,-0.0,false,lata
130,Coca_Cola,Gama,GAM_L3,10,-0.0,false,lata
130,Coca_Cola,Gama,GAM_L3,11,-0.0,false,lata
130,Coca_Cola,Gama,GAM_L3,12,-0.0,false,lata
130,Coca_Cola,Gama,GAM_L3,13,-0.0,false,lata
130,Coca_Cola,Gama,GAM_L3,14,-999999.9948815,false,lata
130,Coca_Cola,Gama,GAM_L3,15,-0.0,false,lata
130,Coca_Cola,Viamao,VIA_L1,1,-0.0,false,lata
130,Coca_Cola,Viamao,VIA_L1,2,-1.0e6,true,lata
130,Coca_Cola,Viamao,VIA_L1,3,-0.0,false,lata
130,Coca_Cola,Viamao,VIA_L1,4,-0.0,false,lata
130,Coca_Cola,Viamao,VIA_L1,5,-0.0,false,lata
130,Coca_Cola,Viamao,VIA_L1,6,-999999.1168132001,false,lata
130,Coca_Cola,Viamao,VIA_L1,7,-0.0,false,lata
130,Coca_Cola,Viamao,VIA_L1,8,-0.0,false,lata
130,Coca_Cola,Viamao,VIA_L1,9,-0.0,false,lata
130,Coca_Cola,Viamao,VIA_L1,10,-0.0,false,lata
130,Coca_Cola,Viamao,VIA_L1,11,-0.0,false,lata
130,Coca_Cola,Viamao,VIA_L1,12,-999999.9486638998,false,lata
130,Coca_Cola,Viamao,VIA_L1,13,-999999.7602014,false,lata
130,Coca_Cola,Viamao,VIA_L1,14,-0.0,false,lata
130,Coca_Cola,Viamao,VIA_L1,15,-0.0,false,lata
130,Coca_Cola,Viamao,VIA_L2,1,-0.0,false,lata
130,Coca_Cola,Viamao,VIA_L2,2,-0.0,false,lata
130,Coca_Cola,Viamao,VIA_L2,3,-0.0,false,lata
130,Coca_Cola,Viamao,VIA_L2,4,-0.0,false,lata
130,Coca_Cola,Viamao,VIA_L2,5,-0.0,false,lata
130,Coca_Cola,Viamao,VIA_L2,6,-0.0,false,lata
130,Coca_Cola,Viamao,VIA_L2,7,-0.0,false,lata
130,Coca_Cola,Viamao,VIA_L2,8,-0.0,false,lata
130,Coca_Cola,Viamao,VIA_L2,9,-0.0,false,lata
130,Coca_Cola,Viamao,VIA_L2,10,-0.0,false,lata
130,Coca_Cola,Viamao,VIA_L2,11,-0.0,false,lata
130,Coca_Cola,Viamao,VIA_L2,12,-0.0,false,lata
130,Coca_Cola,Viamao,VIA_L2,13,-0.0,false,lata
130,Coca_Cola,Viamao,VIA_L2,14,-0.0,false,lata
130,Coca_Cola,Viamao,VIA_L2,15,-0.0,false,lata
130,Coca_Cola,Viamao,VIA_L3,1,-0.0,false,lata
130,Coca_Cola,Viamao,VIA_L3,2,-0.0,false,lata
130,Coca_Cola,Viamao,VIA_L3,3,-0.0,false,lata
130,Coca_Cola,Viamao,VIA_L3,4,-0.0,false,lata
130,Coca_Cola,Viamao,VIA_L3,5,-0.0,false,lata
130,Coca_Cola,Viamao,VIA_L3,6,-0.0,false,lata
130,Coca_Cola,Viamao,VIA_L3,7,-999999.3826471999,false,lata
130,Coca_Cola,Viamao,VIA_L3,8,-0.0,false,lata
130,Coca_Cola,Viamao,VIA_L3,9,-0.0,false,lata
130,Coca_Cola,Viamao,VIA_L3,10,-999999.73660395,false,lata
130,Coca_Cola,Viamao,VIA_L3,11,-0.0,false,lata
130,Coca_Cola,Viamao,VIA_L3,12,-0.0,false,lata
130,Coca_Cola,Viamao,VIA_L3,13,-0.0,false,lata
130,Coca_Cola,Viamao,VIA_L3,14,-0.0,false,lata
130,Coca_Cola,Viamao,VIA_L3,15,-0.0,false,lata
130,Coca_Cola,Itupeva,ITU_L1,1,-0.0,false,lata
130,Coca_Cola,Itupeva,ITU_L1,2,-0.0,false,lata
130,Coca_Cola,Itupeva,ITU_L1,3,-0.0,false,lata
130,Coca_Cola,Itupeva,ITU_L1,4,-0.0,false,lata
130,Coca_Cola,Itupeva,ITU_L1,5,-0.0,false,lata
130,Coca_Cola,Itupeva,ITU_L1,6,-0.0,false,lata
130,Coca_Cola,Itupeva,ITU_L1,7,-0.0,false,lata
130,Coca_Cola,Itupeva,ITU_L1,8,-0.0,false,lata
130,Coca_Cola,Itupeva,ITU_L1,9,-0.0,false,lata
130,Coca_Cola,Itupeva,ITU_L1,10,-0.0,false,lata
130,Coca_Cola,Itupeva,ITU_L1,11,-0.0,false,lata
130,Coca_Cola,Itupeva,ITU_L1,12,-0.0,false,lata
130,Coca_Cola,Itupeva,ITU_L1,13,-0.0,false,lata
130,Coca_Cola,Itupeva,ITU_L1,14,-0.0,false,lata
130,Coca_Cola,Itupeva,ITU_L1,15,-0.0,false,lata
130,Coca_Cola,Itupeva,ITU_L2,1,-0.0,false,lata
130,Coca_Cola,Itupeva,ITU_L2,2,-0.0,false,lata
130,Coca_Cola,Itupeva,ITU_L2,3,-0.0,false,lata
130,Coca_Cola,Itupeva,ITU_L2,4,-0.0,false,lata
130,Coca_Cola,Itupeva,ITU_L2,5,-0.0,false,lata
130,Coca_Cola,Itupeva,ITU_L2,6,-0.0,false,lata
130,Coca_Cola,Itupeva,ITU_L2,7,-0.0,false,lata
130,Coca_Cola,Itupeva,ITU_L2,8,-0.0,false,lata
130,Coca_Cola,Itupeva,ITU_L2,9,-0.0,false,lata
130,Coca_Cola,Itupeva,ITU_L2,10,-0.0,false,lata
130,Coca_Cola,Itupeva,ITU_L2,11,-0.0,false,lata
130,Coca_Cola,Itupeva,ITU_L2,12,-0.0,false,lata
130,Coca_Cola,Itupeva,ITU_L2,13,-0.0,false,lata
130,Coca_Cola,Itupeva,ITU_L2,14,-0.0,false,lata
130,Coca_Cola,Itupeva,ITU_L2,15,-0.0,false,lata
130,Coca_Cola,Itupeva,ITU_L3,1,-0.0,false,lata
130,Coca_Cola,Itupeva,ITU_L3,2,-0.0,false,lata
130,Coca_Cola,Itupeva,ITU_L3,3,-0.0,false,lata
130,Coca_Cola,Itupeva,ITU_L3,4,-0.0,false,lata
130,Coca_Cola,Itupeva,ITU_L3,5,-0.0,false,lata
130,Coca_Cola,Itupeva,ITU_L3,6,-0.0,false,lata
130,Coca_Cola,Itupeva,ITU_L3,7,-0.0,false,lata
130,Coca_Cola,Itupeva,ITU_L3,8,-0.0,false,lata
130,Coca_Cola,Itupeva,ITU_L3,9,-0.0,false,lata
130,Coca_Cola,Itupeva,ITU_L3,10,-0.0,false,lata
130,Coca_Cola,Itupeva,ITU_L3,11,-0.0,false,lata
130,Coca_Cola,Itupeva,ITU_L3,12,-0.0,false,lata
130,Coca_Cola,Itupeva,ITU_L3,13,-0.0,false,lata
130,Coca_Cola,Itupeva,ITU_L3,14,-0.0,false,lata
130,Coca_Cola,Itupeva,ITU_L3,15,-0.0,false,lata
130,Coca_Cola,Cabo de Santo Agostinho,CAB_L1,1,-0.0,false,lata
130,Coca_Cola,Cabo de Santo Agostinho,CAB_L1,2,-999999.9721875001,false,lata
130,Coca_Cola,Cabo de Santo Agostinho,CAB_L1,3,-0.0,false,lata
130,Coca_Cola,Cabo de Santo Agostinho,CAB_L1,4,-0.0,false,lata
130,Coca_Cola,Cabo de Santo Agostinho,CAB_L1,5,-0.0,false,lata
130,Coca_Cola,Cabo de Santo Agostinho,CAB_L1,6,-0.0,false,lata
130,Coca_Cola,Cabo de Santo Agostinho,CAB_L1,7,-999999.3054285999,false,lata
130,Coca_Cola,Cabo de Santo Agostinho,CAB_L1,8,-0.0,false,lata
130,Coca_Cola,Cabo de Santo Agostinho,CAB_L1,9,-0.0,false,lata
130,Coca_Cola,Cabo de Santo Agostinho,CAB_L1,10,-0.0,false,lata
130,Coca_Cola,Cabo de Santo Agostinho,CAB_L1,11,-999999.5957265499,false,lata
130,Coca_Cola,Cabo de Santo Agostinho,CAB_L1,12,-0.0,false,lata
130,Coca_Cola,Cabo de Santo Agostinho,CAB_L1,13,-0.0,false,lata
130,Coca_Cola,Cabo de Santo Agostinho,CAB_L1,14,-0.0,false,lata
130,Coca_Cola,Cabo de Santo Agostinho,CAB_L1,15,-0.0,false,lata
130,Coca_Cola,Cabo de Santo Agostinho,CAB_L2,1,-0.0,false,lata
130,Coca_Cola,Cabo de Santo Agostinho,CAB_L2,2,-0.0,false,lata
130,Coca_Cola,Cabo de Santo Agostinho,CAB_L2,3,-0.0,false,lata
130,Coca_Cola,Cabo de Santo Agostinho,CAB_L2,4,-0.0,false,lata
130,Coca_Cola,Cabo de Santo Agostinho,CAB_L2,5,-0.0,false,lata
130,Coca_Cola,Cabo de Santo Agostinho,CAB_L2,6,-0.0,false,lata
130,Coca_Cola,Cabo de Santo Agostinho,CAB_L2,7,-0.0,false,lata
130,Coca_Cola,Cabo de Santo Agostinho,CAB_L2,8,-0.0,false,lata
130,Coca_Cola,Cabo de Santo Agostinho,CAB_L2,9,-0.0,false,lata
130,Coca_Cola,Cabo de Santo Agostinho,CAB_L2,10,-0.0,false,lata
130,Coca_Cola,Cabo de Santo Agostinho,CAB_L2,11,-0.0,false,lata
130,Coca_Cola,Cabo de Santo Agostinho,CAB_L2,12,-0.0,false,lata
130,Coca_Cola,Cabo de Santo Agostinho,CAB_L2,13,-0.0,false,lata
130,Coca_Cola,Cabo de Santo Agostinho,CAB_L2,14,-0.0,false,lata
130,Coca_Cola,Cabo de Santo Agostinho,CAB_L2,15,-0.0,false,lata
130,Coca_Cola,Cabo de Santo Agostinho,CAB_L3,1,-0.0,false,lata
130,Coca_Cola,Cabo de Santo Agostinho,CAB_L3,2,-0.0,false,lata
130,Coca_Cola,Cabo de Santo Agostinho,CAB_L3,3,-0.0,false,lata
130,Coca_Cola,Cabo de Santo Agostinho,CAB_L3,4,-0.0,false,lata
130,Coca_Cola,Cabo de Santo Agostinho,CAB_L3,5,-0.0,false,lata
130,Coca_Cola,Cabo de Santo Agostinho,CAB_L3,6,-0.0,false,lata
130,Coca_Cola,Cabo de Santo Agostinho,CAB_L3,7,-0.0,false,lata
130,Coca_Cola,Cabo de Santo Agostinho,CAB_L3,8,-0.0,false,lata
130,Coca_Cola,Cabo de Santo Agostinho,CAB_L3,9,-0.0,false,lata
130,Coca_Cola,Cabo de Santo Agostinho,CAB_L3,10,-0.0,false,lata
130,Coca_Cola,Cabo de Santo Agostinho,CAB_L3,11,-0.0,false,lata
130,Coca_Cola,Cabo de Santo Agostinho,CAB_L3,12,-0.0,false,lata
130,Coca_Cola,Cabo de Santo Agostinho,CAB_L3,13,-0.0,false,lata
130,Coca_Cola,Cabo de Santo Agostinho,CAB_L3,14,-0.0,false,lata
130,Coca_Cola,Cabo de Santo Agostinho,CAB_L3,15,-0.0,false,lata
130,H2OH_Limao,Jacarei,JAC_L1,1,-0.0,false,lata
130,H2OH_Limao,Jacarei,JAC_L1,2,-0.0,false,lata
130,H2OH_Limao,Jacarei,JAC_L1,3,-0.0,false,lata
130,H2OH_Limao,Jacarei,JAC_L1,4,-999999.1046849501,false,lata
130,H2OH_Limao,Jacarei,JAC_L1,5,-0.0,false,lata
130,H2OH_Limao,Jacarei,JAC_L1,6,-0.0,false,lata
130,H2OH_Limao,Jacarei,JAC_L1,7,-0.0,false,lata
130,H2OH_Limao,Jacarei,JAC_L1,8,-0.0,false,lata
130,H2OH_Limao,Jacarei,JAC_L1,9,-999999.3679415,false,lata
130,H2OH_Limao,Jacarei,JAC_L1,10,-0.0,false,lata
130,H2OH_Limao,Jacarei,JAC_L1,11,-0.0,false,lata
130,H2OH_Limao,Jacarei,JAC_L1,12,-0.0,false,lata
130,H2OH_Limao,Jacarei,JAC_L1,13,-0.0,false,lata
130,H2OH_Limao,Jacarei,JAC_L1,14,-999998.7172782002,false,lata
130,H2OH_Limao,Jacarei,JAC_L1,15,-999998.8163522498,false,lata
130,H2OH_Limao,Jacarei,JAC_L2,1,-999999.6795205,false,lata
130,H2OH_Limao,Jacarei,JAC_L2,2,-999999.9867205,false,lata
130,H2OH_Limao,Jacarei,JAC_L2,3,-0.0,false,lata
130,H2OH_Limao,Jacarei,JAC_L2,4,-0.0,false,lata
130,H2OH_Limao,Jacarei,JAC_L2,5,-0.0,false,lata
130,H2OH_Limao,Jacarei,JAC_L2,6,-0.0,false,lata
130,H2OH_Limao,Jacarei,JAC_L2,7,-0.0,false,lata
130,H2OH_Limao,Jacarei,JAC_L2,8,-0.0,false,lata
130,H2OH_Limao,Jacarei,JAC_L2,9,-0.0,false,lata
130,H2OH_Limao,Jacarei,JAC_L2,10,-0.0,false,lata
130,H2OH_Limao,Jacarei,JAC_L2,11,-0.0,false,lata
130,H2OH_Limao,Jacarei,JAC_L2,12,-0.0,false,lata
130,H2OH_Limao,Jacarei,JAC_L2,13,-0.0,false,lata
130,H2OH_Limao,Jacarei,JAC_L2,14,-999998.7172782002,false,lata
130,H2OH_Limao,Jacarei,JAC_L2,15,-0.0,false,lata
130,H2OH_Limao,Jacarei,JAC_L3,1,-0.0,false,lata
130,H2OH_Limao,Jacarei,JAC_L3,2,-999999.9867205,false,lata
130,H2OH_Limao,Jacarei,JAC_L3,3,-0.0,false,lata
130,H2OH_Limao,Jacarei,JAC_L3,4,-0.0,false,lata
130,H2OH_Limao,Jacarei,JAC_L3,5,-0.0,false,lata
130,H2OH_Limao,Jacarei,JAC_L3,6,-999999.375833,false,lata
130,H2OH_Limao,Jacarei,JAC_L3,7,-0.0,false,lata
130,H2OH_Limao,Jacarei,JAC_L3,8,-0.0,false,lata
130,H2OH_Limao,Jacarei,JAC_L3,9,-0.0,false,lata
130,H2OH_Limao,Jacarei,JAC_L3,10,-0.0,false,lata
130,H2OH_Limao,Jacarei,JAC_L3,11,-0.0,false,lata
130,H2OH_Limao,Jacarei,JAC_L3,12,-0.0,false,lata
130,H2OH_Limao,Jacarei,JAC_L3,13,-0.0,false,lata
130,H2OH_Limao,Jacarei,JAC_L3,14,-0.0,false,lata
130,H2OH_Limao,Jacarei,JAC_L3,15,-0.0,false,lata
130,H2OH_Limao,Extrema,EXT_L1,1,-0.0,false,lata
130,H2OH_Limao,Extrema,EXT_L1,2,-0.0,false,lata
130,H2OH_Limao,Extrema,EXT_L1,3,-0.0,false,lata
130,H2OH_Limao,Extrema,EXT_L1,4,-0.0,false,lata
130,H2OH_Limao,Extrema,EXT_L1,5,-0.0,false,lata
130,H2OH_Limao,Extrema,EXT_L1,6,-0.0,false,lata
130,H2OH_Limao,Extrema,EXT_L1,7,-0.0,false,lata
130,H2OH_Limao,Extrema,EXT_L1,8,-0.0,false,lata
130,H2OH_Limao,Extrema,EXT_L1,9,-0.0,false,lata
130,H2OH_Limao,Extrema,EXT_L1,10,-999999.65866455,false,lata
130,H2OH_Limao,Extrema,EXT_L1,11,-0.0,false,lata
130,H2OH_Limao,Extrema,EXT_L1,12,-0.0,false,lata
130,H2OH_Limao,Extrema,EXT_L1,13,-0.0,false,lata
130,H2OH_Limao,Extrema,EXT_L1,14,-0.0,false,lata
130,H2OH_Limao,Extrema,EXT_L1,15,-0.0,false,lata
130,H2OH_Limao,Extrema,EXT_L2,1,-0.0,false,lata
130,H2OH_Limao,Extrema,EXT_L2,2,-999999.9894063501,false,lata
130,H2OH_Limao,Extrema,EXT_L2,3,-0.0,false,lata
130,H2OH_Limao,Extrema,EXT_L2,4,-0.0,false,lata
130,H2OH_Limao,Extrema,EXT_L2,5,-999999.3164561,false,lata
130,H2OH_Limao,Extrema,EXT_L2,6,-0.0,false,lata
130,H2OH_Limao,Extrema,EXT_L2,7,-0.0,false,lata
130,H2OH_Limao,Extrema,EXT_L2,8,-0.0,false,lata
130,H2OH_Limao,Extrema,EXT_L2,9,-0.0,false,lata
130,H2OH_Limao,Extrema,EXT_L2,10,-0.0,false,lata
130,H2OH_Limao,Extrema,EXT_L2,11,-0.0,false,lata
130,H2OH_Limao,Extrema,EXT_L2,12,-0.0,false,lata
130,H2OH_Limao,Extrema,EXT_L2,13,-0.0,false,lata
130,H2OH_Limao,Extrema,EXT_L2,14,-999998.7145923502,false,lata
130,H2OH_Limao,Extrema,EXT_L2,15,-0.0,false,lata
130,H2OH_Limao,Extrema,EXT_L3,1,-0.0,false,lata
130,H2OH_Limao,Extrema,EXT_L3,2,-0.0,false,lata
130,H2OH_Limao,Extrema,EXT_L3,3,-0.0,false,lata
130,H2OH_Limao,Extrema,EXT_L3,4,-0.0,false,lata
130,H2OH_Limao,Extrema,EXT_L3,5,-0.0,false,lata
130,H2OH_Limao,Extrema,EXT_L3,6,-0.0,false,lata
130,H2OH_Limao,Extrema,EXT_L3,7,-0.0,false,lata
130,H2OH_Limao,Extrema,EXT_L3,8,-0.0,false,lata
130,H2OH_Limao,Extrema,EXT_L3,9,-999999.36525565,false,lata
130,H2OH_Limao,Extrema,EXT_L3,10,-0.0,false,lata
130,H2OH_Limao,Extrema,EXT_L3,11,-0.0,false,lata
130,H2OH_Limao,Extrema,EXT_L3,12,-0.0,false,lata
130,H2OH_Limao,Extrema,EXT_L3,13,-0.0,false,lata
130,H2OH_Limao,Extrema,EXT_L3,14,-0.0,false,lata
130,H2OH_Limao,Extrema,EXT_L3,15,-0.0,false,lata
130,H2OH_Limao,Tres Rios,TRE_L1,1,-0.0,false,lata
130,H2OH_Limao,Tres Rios,TRE_L1,2,-1.0e6,true,lata
130,H2OH_Limao,Tres Rios,TRE_L1,3,-0.0,false,lata
130,H2OH_Limao,Tres Rios,TRE_L1,4,-0.0,false,lata
130,H2OH_Limao,Tres Rios,TRE_L1,5,-0.0,false,lata
130,H2OH_Limao,Tres Rios,TRE_L1,6,-999999.36448015,false,lata
130,H2OH_Limao,Tres Rios,TRE_L1,7,-0.0,false,lata
130,H2OH_Limao,Tres Rios,TRE_L1,8,-0.0,false,lata
130,H2OH_Limao,Tres Rios,TRE_L1,9,-0.0,false,lata
130,H2OH_Limao,Tres Rios,TRE_L1,10,-0.0,false,lata
130,H2OH_Limao,Tres Rios,TRE_L1,11,-0.0,false,lata
130,H2OH_Limao,Tres Rios,TRE_L1,12,-999999.0266584501,false,lata
130,H2OH_Limao,Tres Rios,TRE_L1,13,-0.0,false,lata
130,H2OH_Limao,Tres Rios,TRE_L1,14,-0.0,false,lata
130,H2OH_Limao,Tres Rios,TRE_L1,15,-0.0,false,lata
130,H2OH_Limao,Tres Rios,TRE_L2,1,-0.0,false,lata
130,H2OH_Limao,Tres Rios,TRE_L2,2,-0.0,false,lata
130,H2OH_Limao,Tres Rios,TRE_L2,3,-0.0,false,lata
130,H2OH_Limao,Tres Rios,TRE_L2,4,-0.0,false,lata
130,H2OH_Limao,Tres Rios,TRE_L2,5,-0.0,false,lata
130,H2OH_Limao,Tres Rios,TRE_L2,6,-0.0,false,lata
130,H2OH_Limao,Tres Rios,TRE_L2,7,-0.0,false,lata
130,H2OH_Limao,Tres Rios,TRE_L2,8,-0.0,false,lata
130,H2OH_Limao,Tres Rios,TRE_L2,9,-0.0,false,lata
130,H2OH_Limao,Tres Rios,TRE_L2,10,-0.0,false,lata
130,H2OH_Limao,Tres Rios,TRE_L2,11,-0.0,false,lata
130,H2OH_Limao,Tres Rios,TRE_L2,12,-0.0,false,lata
130,H2OH_Limao,Tres Rios,TRE_L2,13,-0.0,false,lata
130,H2OH_Limao,Tres Rios,TRE_L2,14,-0.0,false,lata
130,H2OH_Limao,Tres Rios,TRE_L2,15,-0.0,false,lata
130,H2OH_Limao,Tres Rios,TRE_L3,1,-0.0,false,lata
130,H2OH_Limao,Tres Rios,TRE_L3,2,-0.0,false,lata
130,H2OH_Limao,Tres Rios,TRE_L3,3,-0.0,false,lata
130,H2OH_Limao,Tres Rios,TRE_L3,4,-0.0,false,lata
130,H2OH_Limao,Tres Rios,TRE_L3,5,-0.0,false,lata
130,H2OH_Limao,Tres Rios,TRE_L3,6,-0.0,false,lata
130,H2OH_Limao,Tres Rios,TRE_L3,7,-0.0,false,lata
130,H2OH_Limao,Tres Rios,TRE_L3,8,-0.0,false,lata
130,H2OH_Limao,Tres Rios,TRE_L3,9,-0.0,false,lata
130,H2OH_Limao,Tres Rios,TRE_L3,10,-0.0,false,lata
130,H2OH_Limao,Tres Rios,TRE_L3,11,-0.0,false,lata
130,H2OH_Limao,Tres Rios,TRE_L3,12,-0.0,false,lata
130,H2OH_Limao,Tres Rios,TRE_L3,13,-0.0,false,lata
130,H2OH_Limao,Tres Rios,TRE_L3,14,-0.0,false,lata
130,H2OH_Limao,Tres Rios,TRE_L3,15,-0.0,false,lata
130,H2OH_Limao,Alagoinhas,ALA_L1,1,-0.0,false,lata
130,H2OH_Limao,Alagoinhas,ALA_L1,2,-0.0,false,lata
130,H2OH_Limao,Alagoinhas,ALA_L1,3,-0.0,false,lata
130,H2OH_Limao,Alagoinhas,ALA_L1,4,-0.0,false,lata
130,H2OH_Limao,Alagoinhas,ALA_L1,5,-0.0,false,lata
130,H2OH_Limao,Alagoinhas,ALA_L1,6,-0.0,false,lata
130,H2OH_Limao,Alagoinhas,ALA_L1,7,-0.0,false,lata
130,H2OH_Limao,Alagoinhas,ALA_L1,8,-0.0,false,lata
130,H2OH_Limao,Alagoinhas,ALA_L1,9,-0.0,false,lata
130,H2OH_Limao,Alagoinhas,ALA_L1,10,-0.0,false,lata
130,H2OH_Limao,Alagoinhas,ALA_L1,11,-0.0,false,lata
130,H2OH_Limao,Alagoinhas,ALA_L1,12,-0.0,false,lata
130,H2OH_Limao,Alagoinhas,ALA_L1,13,-0.0,false,lata
130,H2OH_Limao,Alagoinhas,ALA_L1,14,-0.0,false,lata
130,H2OH_Limao,Alagoinhas,ALA_L1,15,-0.0,false,lata
130,H2OH_Limao,Alagoinhas,ALA_L2,1,-0.0,false,lata
130,H2OH_Limao,Alagoinhas,ALA_L2,2,-0.0,false,lata
130,H2OH_Limao,Alagoinhas,ALA_L2,3,-0.0,false,lata
130,H2OH_Limao,Alagoinhas,ALA_L2,4,-0.0,false,lata
130,H2OH_Limao,Alagoinhas,ALA_L2,5,-0.0,false,lata
130,H2OH_Limao,Alagoinhas,ALA_L2,6,-0.0,false,lata
130,H2OH_Limao,Alagoinhas,ALA_L2,7,-0.0,false,lata
130,H2OH_Limao,Alagoinhas,ALA_L2,8,-0.0,false,lata
130,H2OH_Limao,Alagoinhas,ALA_L2,9,-0.0,false,lata
130,H2OH_Limao,Alagoinhas,ALA_L2,10,-0.0,false,lata
130,H2OH_Limao,Alagoinhas,ALA_L2,11,-0.0,false,lata
130,H2OH_Limao,Alagoinhas,ALA_L2,12,-0.0,false,lata
130,H2OH_Limao,Alagoinhas,ALA_L2,13,-0.0,false,lata
130,H2OH_Limao,Alagoinhas,ALA_L2,14,-0.0,false,lata
130,H2OH_Limao,Alagoinhas,ALA_L2,15,-0.0,false,lata
130,H2OH_Limao,Alagoinhas,ALA_L3,1,-0.0,false,lata
130,H2OH_Limao,Alagoinhas,ALA_L3,2,-0.0,false,lata
130,H2OH_Limao,Alagoinhas,ALA_L3,3,-0.0,false,lata
130,H2OH_Limao,Alagoinhas,ALA_L3,4,-0.0,false,lata
130,H2OH_Limao,Alagoinhas,ALA_L3,5,-999999.27373655,false,lata
130,H2OH_Limao,Alagoinhas,ALA_L3,6,-0.0,false,lata
130,H2OH_Limao,Alagoinhas,ALA_L3,7,-0.0,false,lata
130,H2OH_Limao,Alagoinhas,ALA_L3,8,-0.0,false,lata
130,H2OH_Limao,Alagoinhas,ALA_L3,9,-0.0,false,lata
130,H2OH_Limao,Alagoinhas,ALA_L3,10,-0.0,false,lata
130,H2OH_Limao,Alagoinhas,ALA_L3,11,-0.0,false,lata
130,H2OH_Limao,Alagoinhas,ALA_L3,12,-0.0,false,lata
130,H2OH_Limao,Alagoinhas,ALA_L3,13,-999999.3884037503,false,lata
130,H2OH_Limao,Alagoinhas,ALA_L3,14,-0.0,false,lata
130,H2OH_Limao,Alagoinhas,ALA_L3,15,-0.0,false,lata
130,H2OH_Limao,Frutal,FRU_L1,1,-0.0,false,lata
130,H2OH_Limao,Frutal,FRU_L1,2,-0.0,false,lata
130,H2OH_Limao,Frutal,FRU_L1,3,-999999.5344835499,false,lata
130,H2OH_Limao,Frutal,FRU_L1,4,-0.0,false,lata
130,H2OH_Limao,Frutal,FRU_L1,5,-0.0,false,lata
130,H2OH_Limao,Frutal,FRU_L1,6,-0.0,false,lata
130,H2OH_Limao,Frutal,FRU_L1,7,-0.0,false,lata
130,H2OH_Limao,Frutal,FRU_L1,8,-0.0,false,lata
130,H2OH_Limao,Frutal,FRU_L1,9,-0.0,false,lata
130,H2OH_Limao,Frutal,FRU_L1,10,-0.0,false,lata
130,H2OH_Limao,Frutal,FRU_L1,11,-0.0,false,lata
130,H2OH_Limao,Frutal,FRU_L1,12,-0.0,false,lata
130,H2OH_Limao,Frutal,FRU_L1,13,-0.0,false,lata
130,H2OH_Limao,Frutal,FRU_L1,14,-0.0,false,lata
130,H2OH_Limao,Frutal,FRU_L1,15,-0.0,false,lata
130,H2OH_Limao,Frutal,FRU_L2,1,-0.0,false,lata
130,H2OH_Limao,Frutal,FRU_L2,2,-0.0,false,lata
130,H2OH_Limao,Frutal,FRU_L2,3,-0.0,false,lata
130,H2OH_Limao,Frutal,FRU_L2,4,-0.0,false,lata
130,H2OH_Limao,Frutal,FRU_L2,5,-0.0,false,lata
130,H2OH_Limao,Frutal,FRU_L2,6,-0.0,false,lata
130,H2OH_Limao,Frutal,FRU_L2,7,-0.0,false,lata
130,H2OH_Limao,Frutal,FRU_L2,8,-0.0,false,lata
130,H2OH_Limao,Frutal,FRU_L2,9,-999999.38018125,false,lata
130,H2OH_Limao,Frutal,FRU_L2,10,-999999.6633973501,false,lata
130,H2OH_Limao,Frutal,FRU_L2,11,-0.0,false,lata
130,H2OH_Limao,Frutal,FRU_L2,12,-0.0,false,lata
130,H2OH_Limao,Frutal,FRU_L2,13,-999999.3460982003,false,lata
130,H2OH_Limao,Frutal,FRU_L2,14,-0.0,false,lata
130,H2OH_Limao,Frutal,FRU_L2,15,-999998.8311280998,false,lata
130,H2OH_Limao,Frutal,FRU_L3,1,-0.0,false,lata
130,H2OH_Limao,Frutal,FRU_L3,2,-0.0,false,lata
130,H2OH_Limao,Frutal,FRU_L3,3,-0.0,false,lata
130,H2OH_Limao,Frutal,FRU_L3,4,-0.0,false,lata
130,H2OH_Limao,Frutal,FRU_L3,5,-999999.3339178,false,lata
130,H2OH_Limao,Frutal,FRU_L3,6,-0.0,false,lata
130,H2OH_Limao,Frutal,FRU_L3,7,-0.0,false,lata
130,H2OH_Limao,Frutal,FRU_L3,8,-0.0,false,lata
130,H2OH_Limao,Frutal,FRU_L3,9,-0.0,false,lata
130,H2OH_Limao,Frutal,FRU_L3,10,-0.0,false,lata
130,H2OH_Limao,Frutal,FRU_L3,11,-0.0,false,lata
130,H2OH_Limao,Frutal,FRU_L3,12,-0.0,false,lata
130,H2OH_Limao,Frutal,FRU_L3,13,-0.0,false,lata
130,H2OH_Limao,Frutal,FRU_L3,14,-0.0,false,lata
130,H2OH_Limao,Frutal,FRU_L3,15,-0.0,false,lata
130,H2OH_Limao,Pouso Alegre,POU_L1,1,-999999.675624,false,lata
130,H2OH_Limao,Pouso Alegre,POU_L1,2,-0.0,false,lata
130,H2OH_Limao,Pouso Alegre,POU_L1,3,-0.0,false,lata
130,H2OH_Limao,Pouso Alegre,POU_L1,4,-0.0,false,lata
130,H2OH_Limao,Pouso Alegre,POU_L1,5,-0.0,false,lata
130,H2OH_Limao,Pouso Alegre,POU_L1,6,-0.0,false,lata
130,H2OH_Limao,Pouso Alegre,POU_L1,7,-0.0,false,lata
130,H2OH_Limao,Pouso Alegre,POU_L1,8,-0.0,false,lata
130,H2OH_Limao,Pouso Alegre,POU_L1,9,-0.0,false,lata
130,H2OH_Limao,Pouso Alegre,POU_L1,10,-999999.6616175501,false,lata
130,H2OH_Limao,Pouso Alegre,POU_L1,11,-999999.6005993498,false,lata
130,H2OH_Limao,Pouso Alegre,POU_L1,12,-0.0,false,lata
130,H2OH_Limao,Pouso Alegre,POU_L1,13,-0.0,false,lata
130,H2OH_Limao,Pouso Alegre,POU_L1,14,-0.0,false,lata
130,H2OH_Limao,Pouso Alegre,POU_L1,15,-0.0,false,lata
130,H2OH_Limao,Pouso Alegre,POU_L2,1,-0.0,false,lata
130,H2OH_Limao,Pouso Alegre,POU_L2,2,-0.0,false,lata
130,H2OH_Limao,Pouso Alegre,POU_L2,3,-0.0,false,lata
130,H2OH_Limao,Pouso Alegre,POU_L2,4,-0.0,false,lata
130,H2OH_Limao,Pouso Alegre,POU_L2,5,-0.0,false,lata
130,H2OH_Limao,Pouso Alegre,POU_L2,6,-0.0,false,lata
130,H2OH_Limao,Pouso Alegre,POU_L2,7,-0.0,false,lata
130,H2OH_Limao,Pouso Alegre,POU_L2,8,-0.0,false,lata
130,H2OH_Limao,Pouso Alegre,POU_L2,9,-0.0,false,lata
130,H2OH_Limao,Pouso Alegre,POU_L2,10,-0.0,false,lata
130,H2OH_Limao,Pouso Alegre,POU_L2,11,-0.0,false,lata
130,H2OH_Limao,Pouso Alegre,POU_L2,12,-0.0,false,lata
130,H2OH_Limao,Pouso Alegre,POU_L2,13,-0.0,false,lata
130,H2OH_Limao,Pouso Alegre,POU_L2,14,-0.0,false,lata
130,H2OH_Limao,Pouso Alegre,POU_L2,15,-0.0,false,lata
130,H2OH_Limao,Pouso Alegre,POU_L3,1,-0.0,false,lata
130,H2OH_Limao,Pouso Alegre,POU_L3,2,-0.0,false,lata
130,H2OH_Limao,Pouso Alegre,POU_L3,3,-999999.5188211498,false,lata
130,H2OH_Limao,Pouso Alegre,POU_L3,4,-0.0,false,lata
130,H2OH_Limao,Pouso Alegre,POU_L3,5,-0.0,false,lata
130,H2OH_Limao,Pouso Alegre,POU_L3,6,-0.0,false,lata
130,H2OH_Limao,Pouso Alegre,POU_L3,7,-0.0,false,lata
130,H2OH_Limao,Pouso Alegre,POU_L3,8,-0.0,false,lata
130,H2OH_Limao,Pouso Alegre,POU_L3,9,-999999.36318145,false,lata
130,H2OH_Limao,Pouso Alegre,POU_L3,10,-0.0,false,lata
130,H2OH_Limao,Pouso Alegre,POU_L3,11,-0.0,false,lata
130,H2OH_Limao,Pouso Alegre,POU_L3,12,-0.0,false,lata
130,H2OH_Limao,Pouso Alegre,POU_L3,13,-0.0,false,lata
130,H2OH_Limao,Pouso Alegre,POU_L3,14,-0.0,false,lata
130,H2OH_Limao,Pouso Alegre,POU_L3,15,-0.0,false,lata
130,H2OH_Limao,Gama,GAM_L1,1,-0.0,false,lata
130,H2OH_Limao,Gama,GAM_L1,2,-0.0,false,lata
130,H2OH_Limao,Gama,GAM_L1,3,-999999.5500582498,false,lata
130,H2OH_Limao,Gama,GAM_L1,4,-0.0,false,lata
130,H2OH_Limao,Gama,GAM_L1,5,-0.0,false,lata
130,H2OH_Limao,Gama,GAM_L1,6,-0.0,false,lata
130,H2OH_Limao,Gama,GAM_L1,7,-0.0,false,lata
130,H2OH_Limao,Gama,GAM_L1,8,-0.0,false,lata
130,H2OH_Limao,Gama,GAM_L1,9,-0.0,false,lata
130,H2OH_Limao,Gama,GAM_L1,10,-0.0,false,lata
130,H2OH_Limao,Gama,GAM_L1,11,-0.0,false,lata
130,H2OH_Limao,Gama,GAM_L1,12,-0.0,false,lata
130,H2OH_Limao,Gama,GAM_L1,13,-0.0,false,lata
130,H2OH_Limao,Gama,GAM_L1,14,-0.0,false,lata
130,H2OH_Limao,Gama,GAM_L1,15,-0.0,false,lata
130,H2OH_Limao,Gama,GAM_L2,1,-0.0,false,lata
130,H2OH_Limao,Gama,GAM_L2,2,-0.0,false,lata
130,H2OH_Limao,Gama,GAM_L2,3,-999999.5500582498,false,lata
130,H2OH_Limao,Gama,GAM_L2,4,-0.0,false,lata
130,H2OH_Limao,Gama,GAM_L2,5,-0.0,false,lata
130,H2OH_Limao,Gama,GAM_L2,6,-0.0,false,lata
130,H2OH_Limao,Gama,GAM_L2,7,-0.0,false,lata
130,H2OH_Limao,Gama,GAM_L2,8,-0.0,false,lata
130,H2OH_Limao,Gama,GAM_L2,9,-0.0,false,lata
130,H2OH_Limao,Gama,GAM_L2,10,-0.0,false,lata
130,H2OH_Limao,Gama,GAM_L2,11,-0.0,false,lata
130,H2OH_Limao,Gama,GAM_L2,12,-0.0,false,lata
130,H2OH_Limao,Gama,GAM_L2,13,-0.0,false,lata
130,H2OH_Limao,Gama,GAM_L2,14,-0.0,false,lata
130,H2OH_Limao,Gama,GAM_L2,15,-0.0,false,lata
130,H2OH_Limao,Gama,GAM_L3,1,-0.0,false,lata
130,H2OH_Limao,Gama,GAM_L3,2,-0.0,false,lata
130,H2OH_Limao,Gama,GAM_L3,3,-0.0,false,lata
130,H2OH_Limao,Gama,GAM_L3,4,-0.0,false,lata
130,H2OH_Limao,Gama,GAM_L3,5,-0.0,false,lata
130,H2OH_Limao,Gama,GAM_L3,6,-0.0,false,lata
130,H2OH_Limao,Gama,GAM_L3,7,-0.0,false,lata
130,H2OH_Limao,Gama,GAM_L3,8,-0.0,false,lata
130,H2OH_Limao,Gama,GAM_L3,9,-0.0,false,lata
130,H2OH_Limao,Gama,GAM_L3,10,-0.0,false,lata
130,H2OH_Limao,Gama,GAM_L3,11,-999999.6259304498,false,lata
130,H2OH_Limao,Gama,GAM_L3,12,-0.0,false,lata
130,H2OH_Limao,Gama,GAM_L3,13,-0.0,false,lata
130,H2OH_Limao,Gama,GAM_L3,14,-0.0,false,lata
130,H2OH_Limao,Gama,GAM_L3,15,-0.0,false,lata
130,H2OH_Limao,Viamao,VIA_L1,1,-0.0,false,lata
130,H2OH_Limao,Viamao,VIA_L1,2,-0.0,false,lata
130,H2OH_Limao,Viamao,VIA_L1,3,-0.0,false,lata
130,H2OH_Limao,Viamao,VIA_L1,4,-0.0,false,lata
130,H2OH_Limao,Viamao,VIA_L1,5,-999999.35237625,false,lata
130,H2OH_Limao,Viamao,VIA_L1,6,-0.0,false,lata
130,H2OH_Limao,Viamao,VIA_L1,7,-0.0,false,lata
130,H2OH_Limao,Viamao,VIA_L1,8,-0.0,false,lata
130,H2OH_Limao,Viamao,VIA_L1,9,-0.0,false,lata
130,H2OH_Limao,Viamao,VIA_L1,10,-0.0,false,lata
130,H2OH_Limao,Viamao,VIA_L1,11,-0.0,false,lata
130,H2OH_Limao,Viamao,VIA_L1,12,-0.0,false,lata
130,H2OH_Limao,Viamao,VIA_L1,13,-0.0,false,lata
130,H2OH_Limao,Viamao,VIA_L1,14,-0.0,false,lata
130,H2OH_Limao,Viamao,VIA_L1,15,-0.0,false,lata
130,H2OH_Limao,Viamao,VIA_L2,1,-0.0,false,lata
130,H2OH_Limao,Viamao,VIA_L2,2,-0.0,false,lata
130,H2OH_Limao,Viamao,VIA_L2,3,-0.0,false,lata
130,H2OH_Limao,Viamao,VIA_L2,4,-0.0,false,lata
130,H2OH_Limao,Viamao,VIA_L2,5,-0.0,false,lata
130,H2OH_Limao,Viamao,VIA_L2,6,-0.0,false,lata
130,H2OH_Limao,Viamao,VIA_L2,7,-0.0,false,lata
130,H2OH_Limao,Viamao,VIA_L2,8,-0.0,false,lata
130,H2OH_Limao,Viamao,VIA_L2,9,-0.0,false,lata
130,H2OH_Limao,Viamao,VIA_L2,10,-999999.6954635001,false,lata
130,H2OH_Limao,Viamao,VIA_L2,11,-999999.6349843498,false,lata
130,H2OH_Limao,Viamao,VIA_L2,12,-0.0,false,lata
130,H2OH_Limao,Viamao,VIA_L2,13,-0.0,false,lata
130,H2OH_Limao,Viamao,VIA_L2,14,-0.0,false,lata
130,H2OH_Limao,Viamao,VIA_L2,15,-0.0,false,lata
130,H2OH_Limao,Viamao,VIA_L3,1,-0.0,false,lata
130,H2OH_Limao,Viamao,VIA_L3,2,-0.0,false,lata
130,H2OH_Limao,Viamao,VIA_L3,3,-0.0,false,lata
130,H2OH_Limao,Viamao,VIA_L3,4,-0.0,false,lata
130,H2OH_Limao,Viamao,VIA_L3,5,-0.0,false,lata
130,H2OH_Limao,Viamao,VIA_L3,6,-0.0,false,lata
130,H2OH_Limao,Viamao,VIA_L3,7,-0.0,false,lata
130,H2OH_Limao,Viamao,VIA_L3,8,-0.0,false,lata
130,H2OH_Limao,Viamao,VIA_L3,9,-0.0,false,lata
130,H2OH_Limao,Viamao,VIA_L3,10,-0.0,false,lata
130,H2OH_Limao,Viamao,VIA_L3,11,-0.0,false,lata
130,H2OH_Limao,Viamao,VIA_L3,12,-0.0,false,lata
130,H2OH_Limao,Viamao,VIA_L3,13,-0.0,false,lata
130,H2OH_Limao,Viamao,VIA_L3,14,-0.0,false,lata
130,H2OH_Limao,Viamao,VIA_L3,15,-0.0,false,lata
130,H2OH_Limao,Itupeva,ITU_L1,1,-0.0,false,lata
130,H2OH_Limao,Itupeva,ITU_L1,2,-0.0,false,lata
130,H2OH_Limao,Itupeva,ITU_L1,3,-0.0,false,lata
130,H2OH_Limao,Itupeva,ITU_L1,4,-0.0,false,lata
130,H2OH_Limao,Itupeva,ITU_L1,5,-0.0,false,lata
130,H2OH_Limao,Itupeva,ITU_L1,6,-0.0,false,lata
130,H2OH_Limao,Itupeva,ITU_L1,7,-0.0,false,lata
130,H2OH_Limao,Itupeva,ITU_L1,8,-0.0,false,lata
130,H2OH_Limao,Itupeva,ITU_L1,9,-0.0,false,lata
130,H2OH_Limao,Itupeva,ITU_L1,10,-0.0,false,lata
130,H2OH_Limao,Itupeva,ITU_L1,11,-0.0,false,lata
130,H2OH_Limao,Itupeva,ITU_L1,12,-0.0,false,lata
130,H2OH_Limao,Itupeva,ITU_L1,13,-999999.3307453003,false,lata
130,H2OH_Limao,Itupeva,ITU_L1,14,-0.0,false,lata
130,H2OH_Limao,Itupeva,ITU_L1,15,-0.0,false,lata
130,H2OH_Limao,Itupeva,ITU_L2,1,-0.0,false,lata
130,H2OH_Limao,Itupeva,ITU_L2,2,-999999.9915151501,false,lata
130,H2OH_Limao,Itupeva,ITU_L2,3,-999999.5191306499,false,lata
130,H2OH_Limao,Itupeva,ITU_L2,4,-0.0,false,lata
130,H2OH_Limao,Itupeva,ITU_L2,5,-0.0,false,lata
130,H2OH_Limao,Itupeva,ITU_L2,6,-0.0,false,lata
130,H2OH_Limao,Itupeva,ITU_L2,7,-999999.0836604501,false,lata
130,H2OH_Limao,Itupeva,ITU_L2,8,-999999.0698521499,false,lata
130,H2OH_Limao,Itupeva,ITU_L2,9,-0.0,false,lata
130,H2OH_Limao,Itupeva,ITU_L2,10,-0.0,false,lata
130,H2OH_Limao,Itupeva,ITU_L2,11,-999999.6011729998,false,lata
130,H2OH_Limao,Itupeva,ITU_L2,12,-0.0,false,lata
130,H2OH_Limao,Itupeva,ITU_L2,13,-0.0,false,lata
130,H2OH_Limao,Itupeva,ITU_L2,14,-0.0,false,lata
130,H2OH_Limao,Itupeva,ITU_L2,15,-0.0,false,lata
130,H2OH_Limao,Itupeva,ITU_L3,1,-0.0,false,lata
130,H2OH_Limao,Itupeva,ITU_L3,2,-999999.9915151501,false,lata
130,H2OH_Limao,Itupeva,ITU_L3,3,-0.0,false,lata
130,H2OH_Limao,Itupeva,ITU_L3,4,-0.0,false,lata
130,H2OH_Limao,Itupeva,ITU_L3,5,-0.0,false,lata
130,H2OH_Limao,Itupeva,ITU_L3,6,-0.0,false,lata
130,H2OH_Limao,Itupeva,ITU_L3,7,-0.0,false,lata
130,H2OH_Limao,Itupeva,ITU_L3,8,-0.0,false,lata
130,H2OH_Limao,Itupeva,ITU_L3,9,-0.0,false,lata
130,H2OH_Limao,Itupeva,ITU_L3,10,-0.0,false,lata
130,H2OH_Limao,Itupeva,ITU_L3,11,-0.0,false,lata
130,H2OH_Limao,Itupeva,ITU_L3,12,-0.0,false,lata
130,H2OH_Limao,Itupeva,ITU_L3,13,-0.0,false,lata
130,H2OH_Limao,Itupeva,ITU_L3,14,-0.0,false,lata
130,H2OH_Limao,Itupeva,ITU_L3,15,-0.0,false,lata
130,H2OH_Limao,Cabo de Santo Agostinho,CAB_L1,1,-0.0,false,lata
130,H2OH_Limao,Cabo de Santo Agostinho,CAB_L1,2,-0.0,false,lata
130,H2OH_Limao,Cabo de Santo Agostinho,CAB_L1,3,-0.0,false,lata
130,H2OH_Limao,Cabo de Santo Agostinho,CAB_L1,4,-0.0,false,lata
130,H2OH_Limao,Cabo de Santo Agostinho,CAB_L1,5,-0.0,false,lata
130,H2OH_Limao,Cabo de Santo Agostinho,CAB_L1,6,-0.0,false,lata
130,H2OH_Limao,Cabo de Santo Agostinho,CAB_L1,7,-0.0,false,lata
130,H2OH_Limao,Cabo de Santo Agostinho,CAB_L1,8,-0.0,false,lata
130,H2OH_Limao,Cabo de Santo Agostinho,CAB_L1,9,-0.0,false,lata
130,H2OH_Limao,Cabo de Santo Agostinho,CAB_L1,10,-0.0,false,lata
130,H2OH_Limao,Cabo de Santo Agostinho,CAB_L1,11,-0.0,false,lata
130,H2OH_Limao,Cabo de Santo Agostinho,CAB_L1,12,-0.0,false,lata
130,H2OH_Limao,Cabo de Santo Agostinho,CAB_L1,13,-0.0,false,lata
130,H2OH_Limao,Cabo de Santo Agostinho,CAB_L1,14,-0.0,false,lata
130,H2OH_Limao,Cabo de Santo Agostinho,CAB_L1,15,-999998.8964701998,false,lata
130,H2OH_Limao,Cabo de Santo Agostinho,CAB_L2,1,-999999.6411630001,false,lata
130,H2OH_Limao,Cabo de Santo Agostinho,CAB_L2,2,-0.0,false,lata
130,H2OH_Limao,Cabo de Santo Agostinho,CAB_L2,3,-0.0,false,lata
130,H2OH_Limao,Cabo de Santo Agostinho,CAB_L2,4,-0.0,false,lata
130,H2OH_Limao,Cabo de Santo Agostinho,CAB_L2,5,-0.0,false,lata
130,H2OH_Limao,Cabo de Santo Agostinho,CAB_L2,6,-0.0,false,lata
130,H2OH_Limao,Cabo de Santo Agostinho,CAB_L2,7,-0.0,false,lata
130,H2OH_Limao,Cabo de Santo Agostinho,CAB_L2,8,-0.0,false,lata
130,H2OH_Limao,Cabo de Santo Agostinho,CAB_L2,9,-0.0,false,lata
130,H2OH_Limao,Cabo de Santo Agostinho,CAB_L2,10,-0.0,false,lata
130,H2OH_Limao,Cabo de Santo Agostinho,CAB_L2,11,-0.0,false,lata
130,H2OH_Limao,Cabo de Santo Agostinho,CAB_L2,12,-0.0,false,lata
130,H2OH_Limao,Cabo de Santo Agostinho,CAB_L2,13,-0.0,false,lata
130,H2OH_Limao,Cabo de Santo Agostinho,CAB_L2,14,-0.0,false,lata
130,H2OH_Limao,Cabo de Santo Agostinho,CAB_L2,15,-0.0,false,lata
130,H2OH_Limao,Cabo de Santo Agostinho,CAB_L3,1,-0.0,false,lata
130,H2OH_Limao,Cabo de Santo Agostinho,CAB_L3,2,-0.0,false,lata
130,H2OH_Limao,Cabo de Santo Agostinho,CAB_L3,3,-999999.52773525,false,lata
130,H2OH_Limao,Cabo de Santo Agostinho,CAB_L3,4,-999999.18555165,false,lata
130,H2OH_Limao,Cabo de Santo Agostinho,CAB_L3,5,-0.0,false,lata
130,H2OH_Limao,Cabo de Santo Agostinho,CAB_L3,6,-0.0,false,lata
130,H2OH_Limao,Cabo de Santo Agostinho,CAB_L3,7,-0.0,false,lata
130,H2OH_Limao,Cabo de Santo Agostinho,CAB_L3,8,-0.0,false,lata
130,H2OH_Limao,Cabo de Santo Agostinho,CAB_L3,9,-0.0,false,lata
130,H2OH_Limao,Cabo de Santo Agostinho,CAB_L3,10,-0.0,false,lata
130,H2OH_Limao,Cabo de Santo Agostinho,CAB_L3,11,-0.0,false,lata
130,H2OH_Limao,Cabo de Santo Agostinho,CAB_L3,12,-0.0,false,lata
130,H2OH_Limao,Cabo de Santo Agostinho,CAB_L3,13,-999999.4121890502,false,lata
130,H2OH_Limao,Cabo de Santo Agostinho,CAB_L3,14,-0.0,false,lata
130,H2OH_Limao,Cabo de Santo Agostinho,CAB_L3,15,-0.0,false,lata
130,Brahma_Lata,Jacarei,JAC_L1,1,-0.0,false,lata
130,Brahma_Lata,Jacarei,JAC_L1,2,-0.0,false,lata
130,Brahma_Lata,Jacarei,JAC_L1,3,-0.0,false,lata
130,Brahma_Lata,Jacarei,JAC_L1,4,-999999.9039091499,false,lata
130,Brahma_Lata,Jacarei,JAC_L1,5,-0.0,false,lata
130,Brahma_Lata,Jacarei,JAC_L1,6,-0.0,false,lata
130,Brahma_Lata,Jacarei,JAC_L1,7,-0.0,false,lata
130,Brahma_Lata,Jacarei,JAC_L1,8,-0.0,false,lata
130,Brahma_Lata,Jacarei,JAC_L1,9,-0.0,false,lata
130,Brahma_Lata,Jacarei,JAC_L1,10,-0.0,false,lata
130,Brahma_Lata,Jacarei,JAC_L1,11,-0.0,false,lata
130,Brahma_Lata,Jacarei,JAC_L1,12,-0.0,false,lata
130,Brahma_Lata,Jacarei,JAC_L1,13,-0.0,false,lata
130,Brahma_Lata,Jacarei,JAC_L1,14,-0.0,false,lata
130,Brahma_Lata,Jacarei,JAC_L1,15,-0.0,false,lata
130,Brahma_Lata,Jacarei,JAC_L2,1,-0.0,false,lata
130,Brahma_Lata,Jacarei,JAC_L2,2,-0.0,false,lata
130,Brahma_Lata,Jacarei,JAC_L2,3,-0.0,false,lata
130,Brahma_Lata,Jacarei,JAC_L2,4,-0.0,false,lata
130,Brahma_Lata,Jacarei,JAC_L2,5,-0.0,false,lata
130,Brahma_Lata,Jacarei,JAC_L2,6,-0.0,false,lata
130,Brahma_Lata,Jacarei,JAC_L2,7,-1.0e6,true,lata
130,Brahma_Lata,Jacarei,JAC_L2,8,-0.0,false,lata
130,Brahma_Lata,Jacarei,JAC_L2,9,-0.0,false,lata
130,Brahma_Lata,Jacarei,JAC_L2,10,-0.0,false,lata
130,Brahma_Lata,Jacarei,JAC_L2,11,-0.0,false,lata
130,Brahma_Lata,Jacarei,JAC_L2,12,-0.0,false,lata
130,Brahma_Lata,Jacarei,JAC_L2,13,-0.0,false,lata
130,Brahma_Lata,Jacarei,JAC_L2,14,-0.0,false,lata
130,Brahma_Lata,Jacarei,JAC_L2,15,-0.0,false,lata
130,Brahma_Lata,Jacarei,JAC_L3,1,-0.0,false,lata
130,Brahma_Lata,Jacarei,JAC_L3,2,-0.0,false,lata
130,Brahma_Lata,Jacarei,JAC_L3,3,-0.0,false,lata
130,Brahma_Lata,Jacarei,JAC_L3,4,-0.0,false,lata
130,Brahma_Lata,Jacarei,JAC_L3,5,-0.0,false,lata
130,Brahma_Lata,Jacarei,JAC_L3,6,-0.0,false,lata
130,Brahma_Lata,Jacarei,JAC_L3,7,-1.0e6,true,lata
130,Brahma_Lata,Jacarei,JAC_L3,8,-0.0,false,lata
130,Brahma_Lata,Jacarei,JAC_L3,9,-0.0,false,lata
130,Brahma_Lata,Jacarei,JAC_L3,10,-0.0,false,lata
130,Brahma_Lata,Jacarei,JAC_L3,11,-0.0,false,lata
130,Brahma_Lata,Jacarei,JAC_L3,12,-0.0,false,lata
130,Brahma_Lata,Jacarei,JAC_L3,13,-0.0,false,lata
130,Brahma_Lata,Jacarei,JAC_L3,14,-0.0,false,lata
130,Brahma_Lata,Jacarei,JAC_L3,15,-0.0,false,lata
130,Brahma_Lata,Extrema,EXT_L1,1,-0.0,false,lata
130,Brahma_Lata,Extrema,EXT_L1,2,-0.0,false,lata
130,Brahma_Lata,Extrema,EXT_L1,3,-0.0,false,lata
130,Brahma_Lata,Extrema,EXT_L1,4,-0.0,false,lata
130,Brahma_Lata,Extrema,EXT_L1,5,-0.0,false,lata
130,Brahma_Lata,Extrema,EXT_L1,6,-0.0,false,lata
130,Brahma_Lata,Extrema,EXT_L1,7,-0.0,false,lata
130,Brahma_Lata,Extrema,EXT_L1,8,-0.0,false,lata
130,Brahma_Lata,Extrema,EXT_L1,9,-0.0,false,lata
130,Brahma_Lata,Extrema,EXT_L1,10,-0.0,false,lata
130,Brahma_Lata,Extrema,EXT_L1,11,-0.0,false,lata
130,Brahma_Lata,Extrema,EXT_L1,12,-1.0e6,true,lata
130,Brahma_Lata,Extrema,EXT_L1,13,-0.0,false,lata
130,Brahma_Lata,Extrema,EXT_L1,14,-0.0,false,lata
130,Brahma_Lata,Extrema,EXT_L1,15,-0.0,false,lata
130,Brahma_Lata,Extrema,EXT_L2,1,-0.0,false,lata
130,Brahma_Lata,Extrema,EXT_L2,2,-0.0,false,lata
130,Brahma_Lata,Extrema,EXT_L2,3,-0.0,false,lata
130,Brahma_Lata,Extrema,EXT_L2,4,-0.0,false,lata
130,Brahma_Lata,Extrema,EXT_L2,5,-0.0,false,lata
130,Brahma_Lata,Extrema,EXT_L2,6,-0.0,false,lata
130,Brahma_Lata,Extrema,EXT_L2,7,-0.0,false,lata
130,Brahma_Lata,Extrema,EXT_L2,8,-0.0,false,lata
130,Brahma_Lata,Extrema,EXT_L2,9,-0.0,false,lata
130,Brahma_Lata,Extrema,EXT_L2,10,-0.0,false,lata
130,Brahma_Lata,Extrema,EXT_L2,11,-0.0,false,lata
130,Brahma_Lata,Extrema,EXT_L2,12,-0.0,false,lata
130,Brahma_Lata,Extrema,EXT_L2,13,-0.0,false,lata
130,Brahma_Lata,Extrema,EXT_L2,14,-0.0,false,lata
130,Brahma_Lata,Extrema,EXT_L2,15,-0.0,false,lata
130,Brahma_Lata,Extrema,EXT_L3,1,-0.0,false,lata
130,Brahma_Lata,Extrema,EXT_L3,2,-0.0,false,lata
130,Brahma_Lata,Extrema,EXT_L3,3,-0.0,false,lata
130,Brahma_Lata,Extrema,EXT_L3,4,-0.0,false,lata
130,Brahma_Lata,Extrema,EXT_L3,5,-0.0,false,lata
130,Brahma_Lata,Extrema,EXT_L3,6,-0.0,false,lata
130,Brahma_Lata,Extrema,EXT_L3,7,-0.0,false,lata
130,Brahma_Lata,Extrema,EXT_L3,8,-0.0,false,lata
130,Brahma_Lata,Extrema,EXT_L3,9,-0.0,false,lata
130,Brahma_Lata,Extrema,EXT_L3,10,-0.0,false,lata
130,Brahma_Lata,Extrema,EXT_L3,11,-0.0,false,lata
130,Brahma_Lata,Extrema,EXT_L3,12,-0.0,false,lata
130,Brahma_Lata,Extrema,EXT_L3,13,-0.0,false,lata
130,Brahma_Lata,Extrema,EXT_L3,14,-0.0,false,lata
130,Brahma_Lata,Extrema,EXT_L3,15,-0.0,false,lata
130,Brahma_Lata,Tres Rios,TRE_L1,1,-1.0e6,true,lata
130,Brahma_Lata,Tres Rios,TRE_L1,2,-0.0,false,lata
130,Brahma_Lata,Tres Rios,TRE_L1,3,-0.0,false,lata
130,Brahma_Lata,Tres Rios,TRE_L1,4,-0.0,false,lata
130,Brahma_Lata,Tres Rios,TRE_L1,5,-0.0,false,lata
130,Brahma_Lata,Tres Rios,TRE_L1,6,-0.0,false,lata
130,Brahma_Lata,Tres Rios,TRE_L1,7,-0.0,false,lata
130,Brahma_Lata,Tres Rios,TRE_L1,8,-0.0,false,lata
130,Brahma_Lata,Tres Rios,TRE_L1,9,-0.0,false,lata
130,Brahma_Lata,Tres Rios,TRE_L1,10,-0.0,false,lata
130,Brahma_Lata,Tres Rios,TRE_L1,11,-0.0,false,lata
130,Brahma_Lata,Tres Rios,TRE_L1,12,-0.0,false,lata
130,Brahma_Lata,Tres Rios,TRE_L1,13,-0.0,false,lata
130,Brahma_Lata,Tres Rios,TRE_L1,14,-1.0e6,true,lata
130,Brahma_Lata,Tres Rios,TRE_L1,15,-0.0,false,lata
130,Brahma_Lata,Tres Rios,TRE_L2,1,-0.0,false,lata
130,Brahma_Lata,Tres Rios,TRE_L2,2,-0.0,false,lata
130,Brahma_Lata,Tres Rios,TRE_L2,3,-0.0,false,lata
130,Brahma_Lata,Tres Rios,TRE_L2,4,-0.0,false,lata
130,Brahma_Lata,Tres Rios,TRE_L2,5,-0.0,false,lata
130,Brahma_Lata,Tres Rios,TRE_L2,6,-0.0,false,lata
130,Brahma_Lata,Tres Rios,TRE_L2,7,-0.0,false,lata
130,Brahma_Lata,Tres Rios,TRE_L2,8,-0.0,false,lata
130,Brahma_Lata,Tres Rios,TRE_L2,9,-1.0e6,true,lata
130,Brahma_Lata,Tres Rios,TRE_L2,10,-0.0,false,lata
130,Brahma_Lata,Tres Rios,TRE_L2,11,-0.0,false,lata
130,Brahma_Lata,Tres Rios,TRE_L2,12,-0.0,false,lata
130,Brahma_Lata,Tres Rios,TRE_L2,13,-0.0,false,lata
130,Brahma_Lata,Tres Rios,TRE_L2,14,-0.0,false,lata
130,Brahma_Lata,Tres Rios,TRE_L2,15,-0.0,false,lata
130,Brahma_Lata,Tres Rios,TRE_L3,1,-0.0,false,lata
130,Brahma_Lata,Tres Rios,TRE_L3,2,-0.0,false,lata
130,Brahma_Lata,Tres Rios,TRE_L3,3,-1.0e6,true,lata
130,Brahma_Lata,Tres Rios,TRE_L3,4,-0.0,false,lata
130,Brahma_Lata,Tres Rios,TRE_L3,5,-0.0,false,lata
130,Brahma_Lata,Tres Rios,TRE_L3,6,-0.0,false,lata
130,Brahma_Lata,Tres Rios,TRE_L3,7,-0.0,false,lata
130,Brahma_Lata,Tres Rios,TRE_L3,8,-0.0,false,lata
130,Brahma_Lata,Tres Rios,TRE_L3,9,-0.0,false,lata
130,Brahma_Lata,Tres Rios,TRE_L3,10,-0.0,false,lata
130,Brahma_Lata,Tres Rios,TRE_L3,11,-0.0,false,lata
130,Brahma_Lata,Tres Rios,TRE_L3,12,-1.0e6,true,lata
130,Brahma_Lata,Tres Rios,TRE_L3,13,-0.0,false,lata
130,Brahma_Lata,Tres Rios,TRE_L3,14,-0.0,false,lata
130,Brahma_Lata,Tres Rios,TRE_L3,15,-999999.6707638499,false,lata
130,Brahma_Lata,Alagoinhas,ALA_L1,1,-1.0e6,true,lata
130,Brahma_Lata,Alagoinhas,ALA_L1,2,-0.0,false,lata
130,Brahma_Lata,Alagoinhas,ALA_L1,3,-0.0,false,lata
130,Brahma_Lata,Alagoinhas,ALA_L1,4,-0.0,false,lata
130,Brahma_Lata,Alagoinhas,ALA_L1,5,-0.0,false,lata
130,Brahma_Lata,Alagoinhas,ALA_L1,6,-0.0,false,lata
130,Brahma_Lata,Alagoinhas,ALA_L1,7,-0.0,false,lata
130,Brahma_Lata,Alagoinhas,ALA_L1,8,-0.0,false,lata
130,Brahma_Lata,Alagoinhas,ALA_L1,9,-0.0,false,lata
130,Brahma_Lata,Alagoinhas,ALA_L1,10,-0.0,false,lata
130,Brahma_Lata,Alagoinhas,ALA_L1,11,-0.0,false,lata
130,Brahma_Lata,Alagoinhas,ALA_L1,12,-0.0,false,lata
130,Brahma_Lata,Alagoinhas,ALA_L1,13,-1.0e6,true,lata
130,Brahma_Lata,Alagoinhas,ALA_L1,14,-0.0,false,lata
130,Brahma_Lata,Alagoinhas,ALA_L1,15,-0.0,false,lata
130,Brahma_Lata,Alagoinhas,ALA_L2,1,-0.0,false,lata
130,Brahma_Lata,Alagoinhas,ALA_L2,2,-1.0e6,true,lata
130,Brahma_Lata,Alagoinhas,ALA_L2,3,-0.0,false,lata
130,Brahma_Lata,Alagoinhas,ALA_L2,4,-0.0,false,lata
130,Brahma_Lata,Alagoinhas,ALA_L2,5,-0.0,false,lata
130,Brahma_Lata,Alagoinhas,ALA_L2,6,-0.0,false,lata
130,Brahma_Lata,Alagoinhas,ALA_L2,7,-999999.96936905,false,lata
130,Brahma_Lata,Alagoinhas,ALA_L2,8,-0.0,false,lata
130,Brahma_Lata,Alagoinhas,ALA_L2,9,-1.0e6,true,lata
130,Brahma_Lata,Alagoinhas,ALA_L2,10,-0.0,false,lata
130,Brahma_Lata,Alagoinhas,ALA_L2,11,-0.0,false,lata
130,Brahma_Lata,Alagoinhas,ALA_L2,12,-0.0,false,lata
130,Brahma_Lata,Alagoinhas,ALA_L2,13,-0.0,false,lata
130,Brahma_Lata,Alagoinhas,ALA_L2,14,-0.0,false,lata
130,Brahma_Lata,Alagoinhas,ALA_L2,15,-0.0,false,lata
130,Brahma_Lata,Alagoinhas,ALA_L3,1,-0.0,false,lata
130,Brahma_Lata,Alagoinhas,ALA_L3,2,-0.0,false,lata
130,Brahma_Lata,Alagoinhas,ALA_L3,3,-0.0,false,lata
130,Brahma_Lata,Alagoinhas,ALA_L3,4,-0.0,false,lata
130,Brahma_Lata,Alagoinhas,ALA_L3,5,-0.0,false,lata
130,Brahma_Lata,Alagoinhas,ALA_L3,6,-999999.9935350502,false,lata
130,Brahma_Lata,Alagoinhas,ALA_L3,7,-999999.96936905,false,lata
130,Brahma_Lata,Alagoinhas,ALA_L3,8,-0.0,false,lata
130,Brahma_Lata,Alagoinhas,ALA_L3,9,-0.0,false,lata
130,Brahma_Lata,Alagoinhas,ALA_L3,10,-0.0,false,lata
130,Brahma_Lata,Alagoinhas,ALA_L3,11,-0.0,false,lata
130,Brahma_Lata,Alagoinhas,ALA_L3,12,-0.0,false,lata
130,Brahma_Lata,Alagoinhas,ALA_L3,13,-0.0,false,lata
130,Brahma_Lata,Alagoinhas,ALA_L3,14,-0.0,false,lata
130,Brahma_Lata,Alagoinhas,ALA_L3,15,-999999.61981875,false,lata
130,Brahma_Lata,Frutal,FRU_L1,1,-0.0,false,lata
130,Brahma_Lata,Frutal,FRU_L1,2,-0.0,false,lata
130,Brahma_Lata,Frutal,FRU_L1,3,-0.0,false,lata
130,Brahma_Lata,Frutal,FRU_L1,4,-0.0,false,lata
130,Brahma_Lata,Frutal,FRU_L1,5,-0.0,false,lata
130,Brahma_Lata,Frutal,FRU_L1,6,-1.0e6,true,lata
130,Brahma_Lata,Frutal,FRU_L1,7,-0.0,false,lata
130,Brahma_Lata,Frutal,FRU_L1,8,-0.0,false,lata
130,Brahma_Lata,Frutal,FRU_L1,9,-0.0,false,lata
130,Brahma_Lata,Frutal,FRU_L1,10,-0.0,false,lata
130,Brahma_Lata,Frutal,FRU_L1,11,-0.0,false,lata
130,Brahma_Lata,Frutal,FRU_L1,12,-0.0,false,lata
130,Brahma_Lata,Frutal,FRU_L1,13,-0.0,false,lata
130,Brahma_Lata,Frutal,FRU_L1,14,-0.0,false,lata
130,Brahma_Lata,Frutal,FRU_L1,15,-0.0,false,lata
130,Brahma_Lata,Frutal,FRU_L2,1,-0.0,false,lata
130,Brahma_Lata,Frutal,FRU_L2,2,-0.0,false,lata
130,Brahma_Lata,Frutal,FRU_L2,3,-0.0,false,lata
130,Brahma_Lata,Frutal,FRU_L2,4,-0.0,false,lata
130,Brahma_Lata,Frutal,FRU_L2,5,-0.0,false,lata
130,Brahma_Lata,Frutal,FRU_L2,6,-0.0,false,lata
130,Brahma_Lata,Frutal,FRU_L2,7,-0.0,false,lata
130,Brahma_Lata,Frutal,FRU_L2,8,-0.0,false,lata
130,Brahma_Lata,Frutal,FRU_L2,9,-0.0,false,lata
130,Brahma_Lata,Frutal,FRU_L2,10,-0.0,false,lata
130,Brahma_Lata,Frutal,FRU_L2,11,-0.0,false,lata
130,Brahma_Lata,Frutal,FRU_L2,12,-1.0e6,true,lata
130,Brahma_Lata,Frutal,FRU_L2,13,-0.0,false,lata
130,Brahma_Lata,Frutal,FRU_L2,14,-0.0,false,lata
130,Brahma_Lata,Frutal,FRU_L2,15,-0.0,false,lata
130,Brahma_Lata,Frutal,FRU_L3,1,-0.0,false,lata
130,Brahma_Lata,Frutal,FRU_L3,2,-0.0,false,lata
130,Brahma_Lata,Frutal,FRU_L3,3,-0.0,false,lata
130,Brahma_Lata,Frutal,FRU_L3,4,-0.0,false,lata
130,Brahma_Lata,Frutal,FRU_L3,5,-0.0,false,lata
130,Brahma_Lata,Frutal,FRU_L3,6,-0.0,false,lata
130,Brahma_Lata,Frutal,FRU_L3,7,-0.0,false,lata
130,Brahma_Lata,Frutal,FRU_L3,8,-0.0,false,lata
130,Brahma_Lata,Frutal,FRU_L3,9,-0.0,false,lata
130,Brahma_Lata,Frutal,FRU_L3,10,-0.0,false,lata
130,Brahma_Lata,Frutal,FRU_L3,11,-0.0,false,lata
130,Brahma_Lata,Frutal,FRU_L3,12,-0.0,false,lata
130,Brahma_Lata,Frutal,FRU_L3,13,-1.0e6,true,lata
130,Brahma_Lata,Frutal,FRU_L3,14,-0.0,false,lata
130,Brahma_Lata,Frutal,FRU_L3,15,-0.0,false,lata
130,Brahma_Lata,Pouso Alegre,POU_L1,1,-0.0,false,lata
130,Brahma_Lata,Pouso Alegre,POU_L1,2,-0.0,false,lata
130,Brahma_Lata,Pouso Alegre,POU_L1,3,-0.0,false,lata
130,Brahma_Lata,Pouso Alegre,POU_L1,4,-0.0,false,lata
130,Brahma_Lata,Pouso Alegre,POU_L1,5,-0.0,false,lata
130,Brahma_Lata,Pouso Alegre,POU_L1,6,-0.0,false,lata
130,Brahma_Lata,Pouso Alegre,POU_L1,7,-0.0,false,lata
130,Brahma_Lata,Pouso Alegre,POU_L1,8,-0.0,false,lata
130,Brahma_Lata,Pouso Alegre,POU_L1,9,-0.0,false,lata
130,Brahma_Lata,Pouso Alegre,POU_L1,10,-0.0,false,lata
130,Brahma_Lata,Pouso Alegre,POU_L1,11,-0.0,false,lata
130,Brahma_Lata,Pouso Alegre,POU_L1,12,-0.0,false,lata
130,Brahma_Lata,Pouso Alegre,POU_L1,13,-0.0,false,lata
130,Brahma_Lata,Pouso Alegre,POU_L1,14,-0.0,false,lata
130,Brahma_Lata,Pouso Alegre,POU_L1,15,-0.0,false,lata
130,Brahma_Lata,Pouso Alegre,POU_L2,1,-0.0,false,lata
130,Brahma_Lata,Pouso Alegre,POU_L2,2,-0.0,false,lata
130,Brahma_Lata,Pouso Alegre,POU_L2,3,-0.0,false,lata
130,Brahma_Lata,Pouso Alegre,POU_L2,4,-0.0,false,lata
130,Brahma_Lata,Pouso Alegre,POU_L2,5,-0.0,false,lata
130,Brahma_Lata,Pouso Alegre,POU_L2,6,-0.0,false,lata
130,Brahma_Lata,Pouso Alegre,POU_L2,7,-0.0,false,lata
130,Brahma_Lata,Pouso Alegre,POU_L2,8,-0.0,false,lata
130,Brahma_Lata,Pouso Alegre,POU_L2,9,-1.0e6,true,lata
130,Brahma_Lata,Pouso Alegre,POU_L2,10,-0.0,false,lata
130,Brahma_Lata,Pouso Alegre,POU_L2,11,-0.0,false,lata
130,Brahma_Lata,Pouso Alegre,POU_L2,12,-0.0,false,lata
130,Brahma_Lata,Pouso Alegre,POU_L2,13,-0.0,false,lata
130,Brahma_Lata,Pouso Alegre,POU_L2,14,-0.0,false,lata
130,Brahma_Lata,Pouso Alegre,POU_L2,15,-0.0,false,lata
130,Brahma_Lata,Pouso Alegre,POU_L3,1,-0.0,false,lata
130,Brahma_Lata,Pouso Alegre,POU_L3,2,-0.0,false,lata
130,Brahma_Lata,Pouso Alegre,POU_L3,3,-0.0,false,lata
130,Brahma_Lata,Pouso Alegre,POU_L3,4,-0.0,false,lata
130,Brahma_Lata,Pouso Alegre,POU_L3,5,-0.0,false,lata
130,Brahma_Lata,Pouso Alegre,POU_L3,6,-0.0,false,lata
130,Brahma_Lata,Pouso Alegre,POU_L3,7,-0.0,false,lata
130,Brahma_Lata,Pouso Alegre,POU_L3,8,-0.0,false,lata
130,Brahma_Lata,Pouso Alegre,POU_L3,9,-0.0,false,lata
130,Brahma_Lata,Pouso Alegre,POU_L3,10,-0.0,false,lata
130,Brahma_Lata,Pouso Alegre,POU_L3,11,-0.0,false,lata
130,Brahma_Lata,Pouso Alegre,POU_L3,12,-0.0,false,lata
130,Brahma_Lata,Pouso Alegre,POU_L3,13,-0.0,false,lata
130,Brahma_Lata,Pouso Alegre,POU_L3,14,-0.0,false,lata
130,Brahma_Lata,Pouso Alegre,POU_L3,15,-0.0,false,lata
130,Brahma_Lata,Gama,GAM_L1,1,-0.0,false,lata
130,Brahma_Lata,Gama,GAM_L1,2,-1.0e6,true,lata
130,Brahma_Lata,Gama,GAM_L1,3,-0.0,false,lata
130,Brahma_Lata,Gama,GAM_L1,4,-0.0,false,lata
130,Brahma_Lata,Gama,GAM_L1,5,-0.0,false,lata
130,Brahma_Lata,Gama,GAM_L1,6,-0.0,false,lata
130,Brahma_Lata,Gama,GAM_L1,7,-0.0,false,lata
130,Brahma_Lata,Gama,GAM_L1,8,-0.0,false,lata
130,Brahma_Lata,Gama,GAM_L1,9,-0.0,false,lata
130,Brahma_Lata,Gama,GAM_L1,10,-0.0,false,lata
130,Brahma_Lata,Gama,GAM_L1,11,-0.0,false,lata
130,Brahma_Lata,Gama,GAM_L1,12,-0.0,false,lata
130,Brahma_Lata,Gama,GAM_L1,13,-0.0,false,lata
130,Brahma_Lata,Gama,GAM_L1,14,-0.0,false,lata
130,Brahma_Lata,Gama,GAM_L1,15,-0.0,false,lata
130,Brahma_Lata,Gama,GAM_L2,1,-0.0,false,lata
130,Brahma_Lata,Gama,GAM_L2,2,-0.0,false,lata
130,Brahma_Lata,Gama,GAM_L2,3,-0.0,false,lata
130,Brahma_Lata,Gama,GAM_L2,4,-0.0,false,lata
130,Brahma_Lata,Gama,GAM_L2,5,-1.0e6,true,lata
130,Brahma_Lata,Gama,GAM_L2,6,-0.0,false,lata
130,Brahma_Lata,Gama,GAM_L2,7,-0.0,false,lata
130,Brahma_Lata,Gama,GAM_L2,8,-0.0,false,lata
130,Brahma_Lata,Gama,GAM_L2,9,-0.0,false,lata
130,Brahma_Lata,Gama,GAM_L2,10,-0.0,false,lata
130,Brahma_Lata,Gama,GAM_L2,11,-0.0,false,lata
130,Brahma_Lata,Gama,GAM_L2,12,-0.0,false,lata
130,Brahma_Lata,Gama,GAM_L2,13,-0.0,false,lata
130,Brahma_Lata,Gama,GAM_L2,14,-0.0,false,lata
130,Brahma_Lata,Gama,GAM_L2,15,-0.0,false,lata
130,Brahma_Lata,Gama,GAM_L3,1,-0.0,false,lata
130,Brahma_Lata,Gama,GAM_L3,2,-0.0,false,lata
130,Brahma_Lata,Gama,GAM_L3,3,-0.0,false,lata
130,Brahma_Lata,Gama,GAM_L3,4,-0.0,false,lata
130,Brahma_Lata,Gama,GAM_L3,5,-0.0,false,lata
130,Brahma_Lata,Gama,GAM_L3,6,-0.0,false,lata
130,Brahma_Lata,Gama,GAM_L3,7,-0.0,false,lata
130,Brahma_Lata,Gama,GAM_L3,8,-0.0,false,lata
130,Brahma_Lata,Gama,GAM_L3,9,-0.0,false,lata
130,Brahma_Lata,Gama,GAM_L3,10,-0.0,false,lata
130,Brahma_Lata,Gama,GAM_L3,11,-0.0,false,lata
130,Brahma_Lata,Gama,GAM_L3,12,-0.0,false,lata
130,Brahma_Lata,Gama,GAM_L3,13,-0.0,false,lata
130,Brahma_Lata,Gama,GAM_L3,14,-0.0,false,lata
130,Brahma_Lata,Gama,GAM_L3,15,-0.0,false,lata
130,Brahma_Lata,Viamao,VIA_L1,1,-0.0,false,lata
130,Brahma_Lata,Viamao,VIA_L1,2,-0.0,false,lata
130,Brahma_Lata,Viamao,VIA_L1,3,-0.0,false,lata
130,Brahma_Lata,Viamao,VIA_L1,4,-0.0,false,lata
130,Brahma_Lata,Viamao,VIA_L1,5,-0.0,false,lata
130,Brahma_Lata,Viamao,VIA_L1,6,-0.0,false,lata
130,Brahma_Lata,Viamao,VIA_L1,7,-0.0,false,lata
130,Brahma_Lata,Viamao,VIA_L1,8,-0.0,false,lata
130,Brahma_Lata,Viamao,VIA_L1,9,-0.0,false,lata
130,Brahma_Lata,Viamao,VIA_L1,10,-999999.5492061002,false,lata
130,Brahma_Lata,Viamao,VIA_L1,11,-0.0,false,lata
130,Brahma_Lata,Viamao,VIA_L1,12,-0.0,false,lata
130,Brahma_Lata,Viamao,VIA_L1,13,-0.0,false,lata
130,Brahma_Lata,Viamao,VIA_L1,14,-0.0,false,lata
130,Brahma_Lata,Viamao,VIA_L1,15,-0.0,false,lata
130,Brahma_Lata,Viamao,VIA_L2,1,-0.0,false,lata
130,Brahma_Lata,Viamao,VIA_L2,2,-0.0,false,lata
130,Brahma_Lata,Viamao,VIA_L2,3,-0.0,false,lata
130,Brahma_Lata,Viamao,VIA_L2,4,-0.0,false,lata
130,Brahma_Lata,Viamao,VIA_L2,5,-0.0,false,lata
130,Brahma_Lata,Viamao,VIA_L2,6,-0.0,false,lata
130,Brahma_Lata,Viamao,VIA_L2,7,-0.0,false,lata
130,Brahma_Lata,Viamao,VIA_L2,8,-0.0,false,lata
130,Brahma_Lata,Viamao,VIA_L2,9,-0.0,false,lata
130,Brahma_Lata,Viamao,VIA_L2,10,-0.0,false,lata
130,Brahma_Lata,Viamao,VIA_L2,11,-999999.7993061002,false,lata
130,Brahma_Lata,Viamao,VIA_L2,12,-1.0e6,true,lata
130,Brahma_Lata,Viamao,VIA_L2,13,-0.0,false,lata
130,Brahma_Lata,Viamao,VIA_L2,14,-1.0e6,true,lata
130,Brahma_Lata,Viamao,VIA_L2,15,-0.0,false,lata
130,Brahma_Lata,Viamao,VIA_L3,1,-0.0,false,lata
130,Brahma_Lata,Viamao,VIA_L3,2,-0.0,false,lata
130,Brahma_Lata,Viamao,VIA_L3,3,-0.0,false,lata
130,Brahma_Lata,Viamao,VIA_L3,4,-0.0,false,lata
130,Brahma_Lata,Viamao,VIA_L3,5,-0.0,false,lata
130,Brahma_Lata,Viamao,VIA_L3,6,-0.0,false,lata
130,Brahma_Lata,Viamao,VIA_L3,7,-0.0,false,lata
130,Brahma_Lata,Viamao,VIA_L3,8,-0.0,false,lata
130,Brahma_Lata,Viamao,VIA_L3,9,-0.0,false,lata
130,Brahma_Lata,Viamao,VIA_L3,10,-0.0,false,lata
130,Brahma_Lata,Viamao,VIA_L3,11,-0.0,false,lata
130,Brahma_Lata,Viamao,VIA_L3,12,-0.0,false,lata
130,Brahma_Lata,Viamao,VIA_L3,13,-0.0,false,lata
130,Brahma_Lata,Viamao,VIA_L3,14,-0.0,false,lata
130,Brahma_Lata,Viamao,VIA_L3,15,-0.0,false,lata
130,Brahma_Lata,Itupeva,ITU_L1,1,-0.0,false,lata
130,Brahma_Lata,Itupeva,ITU_L1,2,-0.0,false,lata
130,Brahma_Lata,Itupeva,ITU_L1,3,-0.0,false,lata
130,Brahma_Lata,Itupeva,ITU_L1,4,-0.0,false,lata
130,Brahma_Lata,Itupeva,ITU_L1,5,-0.0,false,lata
130,Brahma_Lata,Itupeva,ITU_L1,6,-0.0,false,lata
130,Brahma_Lata,Itupeva,ITU_L1,7,-0.0,false,lata
130,Brahma_Lata,Itupeva,ITU_L1,8,-0.0,false,lata
130,Brahma_Lata,Itupeva,ITU_L1,9,-0.0,false,lata
130,Brahma_Lata,Itupeva,ITU_L1,10,-0.0,false,lata
130,Brahma_Lata,Itupeva,ITU_L1,11,-0.0,false,lata
130,Brahma_Lata,Itupeva,ITU_L1,12,-0.0,false,lata
130,Brahma_Lata,Itupeva,ITU_L1,13,-0.0,false,lata
130,Brahma_Lata,Itupeva,ITU_L1,14,-0.0,false,lata
130,Brahma_Lata,Itupeva,ITU_L1,15,-0.0,false,lata
130,Brahma_Lata,Itupeva,ITU_L2,1,-0.0,false,lata
130,Brahma_Lata,Itupeva,ITU_L2,2,-0.0,false,lata
130,Brahma_Lata,Itupeva,ITU_L2,3,-0.0,false,lata
130,Brahma_Lata,Itupeva,ITU_L2,4,-0.0,false,lata
130,Brahma_Lata,Itupeva,ITU_L2,5,-0.0,false,lata
130,Brahma_Lata,Itupeva,ITU_L2,6,-0.0,false,lata
130,Brahma_Lata,Itupeva,ITU_L2,7,-0.0,false,lata
130,Brahma_Lata,Itupeva,ITU_L2,8,-0.0,false,lata
130,Brahma_Lata,Itupeva,ITU_L2,9,-0.0,false,lata
130,Brahma_Lata,Itupeva,ITU_L2,10,-0.0,false,lata
130,Brahma_Lata,Itupeva,ITU_L2,11,-0.0,false,lata
130,Brahma_Lata,Itupeva,ITU_L2,12,-0.0,false,lata
130,Brahma_Lata,Itupeva,ITU_L2,13,-0.0,false,lata
130,Brahma_Lata,Itupeva,ITU_L2,14,-0.0,false,lata
130,Brahma_Lata,Itupeva,ITU_L2,15,-0.0,false,lata
130,Brahma_Lata,Itupeva,ITU_L3,1,-0.0,false,lata
130,Brahma_Lata,Itupeva,ITU_L3,2,-0.0,false,lata
130,Brahma_Lata,Itupeva,ITU_L3,3,-1.0e6,true,lata
130,Brahma_Lata,Itupeva,ITU_L3,4,-0.0,false,lata
130,Brahma_Lata,Itupeva,ITU_L3,5,-0.0,false,lata
130,Brahma_Lata,Itupeva,ITU_L3,6,-0.0,false,lata
130,Brahma_Lata,Itupeva,ITU_L3,7,-0.0,false,lata
130,Brahma_Lata,Itupeva,ITU_L3,8,-0.0,false,lata
130,Brahma_Lata,Itupeva,ITU_L3,9,-0.0,false,lata
130,Brahma_Lata,Itupeva,ITU_L3,10,-0.0,false,lata
130,Brahma_Lata,Itupeva,ITU_L3,11,-0.0,false,lata
130,Brahma_Lata,Itupeva,ITU_L3,12,-0.0,false,lata
130,Brahma_Lata,Itupeva,ITU_L3,13,-0.0,false,lata
130,Brahma_Lata,Itupeva,ITU_L3,14,-0.0,false,lata
130,Brahma_Lata,Itupeva,ITU_L3,15,-0.0,false,lata
130,Brahma_Lata,Cabo de Santo Agostinho,CAB_L1,1,-0.0,false,lata
130,Brahma_Lata,Cabo de Santo Agostinho,CAB_L1,2,-0.0,false,lata
130,Brahma_Lata,Cabo de Santo Agostinho,CAB_L1,3,-0.0,false,lata
130,Brahma_Lata,Cabo de Santo Agostinho,CAB_L1,4,-0.0,false,lata
130,Brahma_Lata,Cabo de Santo Agostinho,CAB_L1,5,-0.0,false,lata
130,Brahma_Lata,Cabo de Santo Agostinho,CAB_L1,6,-0.0,false,lata
130,Brahma_Lata,Cabo de Santo Agostinho,CAB_L1,7,-0.0,false,lata
130,Brahma_Lata,Cabo de Santo Agostinho,CAB_L1,8,-0.0,false,lata
130,Brahma_Lata,Cabo de Santo Agostinho,CAB_L1,9,-0.0,false,lata
130,Brahma_Lata,Cabo de Santo Agostinho,CAB_L1,10,-0.0,false,lata
130,Brahma_Lata,Cabo de Santo Agostinho,CAB_L1,11,-0.0,false,lata
130,Brahma_Lata,Cabo de Santo Agostinho,CAB_L1,12,-0.0,false,lata
130,Brahma_Lata,Cabo de Santo Agostinho,CAB_L1,13,-0.0,false,lata
130,Brahma_Lata,Cabo de Santo Agostinho,CAB_L1,14,-1.0e6,true,lata
130,Brahma_Lata,Cabo de Santo Agostinho,CAB_L1,15,-0.0,false,lata
130,Brahma_Lata,Cabo de Santo Agostinho,CAB_L2,1,-0.0,false,lata
130,Brahma_Lata,Cabo de Santo Agostinho,CAB_L2,2,-0.0,false,lata
130,Brahma_Lata,Cabo de Santo Agostinho,CAB_L2,3,-0.0,false,lata
130,Brahma_Lata,Cabo de Santo Agostinho,CAB_L2,4,-0.0,false,lata
130,Brahma_Lata,Cabo de Santo Agostinho,CAB_L2,5,-999999.9776770001,false,lata
130,Brahma_Lata,Cabo de Santo Agostinho,CAB_L2,6,-0.0,false,lata
130,Brahma_Lata,Cabo de Santo Agostinho,CAB_L2,7,-0.0,false,lata
130,Brahma_Lata,Cabo de Santo Agostinho,CAB_L2,8,-0.0,false,lata
130,Brahma_Lata,Cabo de Santo Agostinho,CAB_L2,9,-0.0,false,lata
130,Brahma_Lata,Cabo de Santo Agostinho,CAB_L2,10,-0.0,false,lata
130,Brahma_Lata,Cabo de Santo Agostinho,CAB_L2,11,-0.0,false,lata
130,Brahma_Lata,Cabo de Santo Agostinho,CAB_L2,12,-0.0,false,lata
130,Brahma_Lata,Cabo de Santo Agostinho,CAB_L2,13,-0.0,false,lata
130,Brahma_Lata,Cabo de Santo Agostinho,CAB_L2,14,-0.0,false,lata
130,Brahma_Lata,Cabo de Santo Agostinho,CAB_L2,15,-0.0,false,lata
130,Brahma_Lata,Cabo de Santo Agostinho,CAB_L3,1,-0.0,false,lata
130,Brahma_Lata,Cabo de Santo Agostinho,CAB_L3,2,-0.0,false,lata
130,Brahma_Lata,Cabo de Santo Agostinho,CAB_L3,3,-999999.9721875001,false,lata
130,Brahma_Lata,Cabo de Santo Agostinho,CAB_L3,4,-0.0,false,lata
130,Brahma_Lata,Cabo de Santo Agostinho,CAB_L3,5,-0.0,false,lata
130,Brahma_Lata,Cabo de Santo Agostinho,CAB_L3,6,-0.0,false,lata
130,Brahma_Lata,Cabo de Santo Agostinho,CAB_L3,7,-0.0,false,lata
130,Brahma_Lata,Cabo de Santo Agostinho,CAB_L3,8,-0.0,false,lata
130,Brahma_Lata,Cabo de Santo Agostinho,CAB_L3,9,-0.0,false,lata
130,Brahma_Lata,Cabo de Santo Agostinho,CAB_L3,10,-0.0,false,lata
130,Brahma_Lata,Cabo de Santo Agostinho,CAB_L3,11,-0.0,false,lata
130,Brahma_Lata,Cabo de Santo Agostinho,CAB_L3,12,-0.0,false,lata
130,Brahma_Lata,Cabo de Santo Agostinho,CAB_L3,13,-0.0,false,lata
130,Brahma_Lata,Cabo de Santo Agostinho,CAB_L3,14,-0.0,false,lata
130,Brahma_Lata,Cabo de Santo Agostinho,CAB_L3,15,-0.0,false,lata
130,Maguary_Caju,Jacarei,JAC_L1,1,-0.0,false,lata
130,Maguary_Caju,Jacarei,JAC_L1,2,-0.0,false,lata
130,Maguary_Caju,Jacarei,JAC_L1,3,-0.0,false,lata
130,Maguary_Caju,Jacarei,JAC_L1,4,-0.0,false,lata
130,Maguary_Caju,Jacarei,JAC_L1,5,-999999.54323095,false,lata
130,Maguary_Caju,Jacarei,JAC_L1,6,-0.0,false,lata
130,Maguary_Caju,Jacarei,JAC_L1,7,-999999.26194085,false,lata
130,Maguary_Caju,Jacarei,JAC_L1,8,-0.0,false,lata
130,Maguary_Caju,Jacarei,JAC_L1,9,-0.0,false,lata
130,Maguary_Caju,Jacarei,JAC_L1,10,-0.0,false,lata
130,Maguary_Caju,Jacarei,JAC_L1,11,-0.0,false,lata
130,Maguary_Caju,Jacarei,JAC_L1,12,-0.0,false,lata
130,Maguary_Caju,Jacarei,JAC_L1,13,-0.0,false,lata
130,Maguary_Caju,Jacarei,JAC_L1,14,-0.0,false,lata
130,Maguary_Caju,Jacarei,JAC_L1,15,-0.0,false,lata
130,Maguary_Caju,Jacarei,JAC_L2,1,-0.0,false,lata
130,Maguary_Caju,Jacarei,JAC_L2,2,-0.0,false,lata
130,Maguary_Caju,Jacarei,JAC_L2,3,-0.0,false,lata
130,Maguary_Caju,Jacarei,JAC_L2,4,-0.0,false,lata
130,Maguary_Caju,Jacarei,JAC_L2,5,-0.0,false,lata
130,Maguary_Caju,Jacarei,JAC_L2,6,-0.0,false,lata
130,Maguary_Caju,Jacarei,JAC_L2,7,-0.0,false,lata
130,Maguary_Caju,Jacarei,JAC_L2,8,-0.0,false,lata
130,Maguary_Caju,Jacarei,JAC_L2,9,-0.0,false,lata
130,Maguary_Caju,Jacarei,JAC_L2,10,-0.0,false,lata
130,Maguary_Caju,Jacarei,JAC_L2,11,-0.0,false,lata
130,Maguary_Caju,Jacarei,JAC_L2,12,-0.0,false,lata
130,Maguary_Caju,Jacarei,JAC_L2,13,-0.0,false,lata
130,Maguary_Caju,Jacarei,JAC_L2,14,-0.0,false,lata
130,Maguary_Caju,Jacarei,JAC_L2,15,-0.0,false,lata
130,Maguary_Caju,Jacarei,JAC_L3,1,-0.0,false,lata
130,Maguary_Caju,Jacarei,JAC_L3,2,-0.0,false,lata
130,Maguary_Caju,Jacarei,JAC_L3,3,-0.0,false,lata
130,Maguary_Caju,Jacarei,JAC_L3,4,-0.0,false,lata
130,Maguary_Caju,Jacarei,JAC_L3,5,-0.0,false,lata
130,Maguary_Caju,Jacarei,JAC_L3,6,-0.0,false,lata
130,Maguary_Caju,Jacarei,JAC_L3,7,-0.0,false,lata
130,Maguary_Caju,Jacarei,JAC_L3,8,-0.0,false,lata
130,Maguary_Caju,Jacarei,JAC_L3,9,-999999.2523822996,false,lata
130,Maguary_Caju,Jacarei,JAC_L3,10,-0.0,false,lata
130,Maguary_Caju,Jacarei,JAC_L3,11,-0.0,false,lata
130,Maguary_Caju,Jacarei,JAC_L3,12,-0.0,false,lata
130,Maguary_Caju,Jacarei,JAC_L3,13,-0.0,false,lata
130,Maguary_Caju,Jacarei,JAC_L3,14,-0.0,false,lata
130,Maguary_Caju,Jacarei,JAC_L3,15,-0.0,false,lata
130,Maguary_Caju,Extrema,EXT_L1,1,-0.0,false,lata
130,Maguary_Caju,Extrema,EXT_L1,2,-999999.4838571501,false,lata
130,Maguary_Caju,Extrema,EXT_L1,3,-0.0,false,lata
130,Maguary_Caju,Extrema,EXT_L1,4,-0.0,false,lata
130,Maguary_Caju,Extrema,EXT_L1,5,-0.0,false,lata
130,Maguary_Caju,Extrema,EXT_L1,6,-0.0,false,lata
130,Maguary_Caju,Extrema,EXT_L1,7,-0.0,false,lata
130,Maguary_Caju,Extrema,EXT_L1,8,-0.0,false,lata
130,Maguary_Caju,Extrema,EXT_L1,9,-0.0,false,lata
130,Maguary_Caju,Extrema,EXT_L1,10,-0.0,false,lata
130,Maguary_Caju,Extrema,EXT_L1,11,-0.0,false,lata
130,Maguary_Caju,Extrema,EXT_L1,12,-0.0,false,lata
130,Maguary_Caju,Extrema,EXT_L1,13,-0.0,false,lata
130,Maguary_Caju,Extrema,EXT_L1,14,-0.0,false,lata
130,Maguary_Caju,Extrema,EXT_L1,15,-0.0,false,lata
130,Maguary_Caju,Extrema,EXT_L2,1,-0.0,false,lata
130,Maguary_Caju,Extrema,EXT_L2,2,-0.0,false,lata
130,Maguary_Caju,Extrema,EXT_L2,3,-0.0,false,lata
130,Maguary_Caju,Extrema,EXT_L2,4,-0.0,false,lata
130,Maguary_Caju,Extrema,EXT_L2,5,-0.0,false,lata
130,Maguary_Caju,Extrema,EXT_L2,6,-0.0,false,lata
130,Maguary_Caju,Extrema,EXT_L2,7,-0.0,false,lata
130,Maguary_Caju,Extrema,EXT_L2,8,-0.0,false,lata
130,Maguary_Caju,Extrema,EXT_L2,9,-0.0,false,lata
130,Maguary_Caju,Extrema,EXT_L2,10,-0.0,false,lata
130,Maguary_Caju,Extrema,EXT_L2,11,-0.0,false,lata
130,Maguary_Caju,Extrema,EXT_L2,12,-0.0,false,lata
130,Maguary_Caju,Extrema,EXT_L2,13,-0.0,false,lata
130,Maguary_Caju,Extrema,EXT_L2,14,-0.0,false,lata
130,Maguary_Caju,Extrema,EXT_L2,15,-0.0,false,lata
130,Maguary_Caju,Extrema,EXT_L3,1,-0.0,false,lata
130,Maguary_Caju,Extrema,EXT_L3,2,-0.0,false,lata
130,Maguary_Caju,Extrema,EXT_L3,3,-0.0,false,lata
130,Maguary_Caju,Extrema,EXT_L3,4,-999999.2861627501,false,lata
130,Maguary_Caju,Extrema,EXT_L3,5,-0.0,false,lata
130,Maguary_Caju,Extrema,EXT_L3,6,-0.0,false,lata
130,Maguary_Caju,Extrema,EXT_L3,7,-0.0,false,lata
130,Maguary_Caju,Extrema,EXT_L3,8,-0.0,false,lata
130,Maguary_Caju,Extrema,EXT_L3,9,-0.0,false,lata
130,Maguary_Caju,Extrema,EXT_L3,10,-0.0,false,lata
130,Maguary_Caju,Extrema,EXT_L3,11,-0.0,false,lata
130,Maguary_Caju,Extrema,EXT_L3,12,-0.0,false,lata
130,Maguary_Caju,Extrema,EXT_L3,13,-0.0,false,lata
130,Maguary_Caju,Extrema,EXT_L3,14,-0.0,false,lata
130,Maguary_Caju,Extrema,EXT_L3,15,-0.0,false,lata
130,Maguary_Caju,Tres Rios,TRE_L1,1,-0.0,false,lata
130,Maguary_Caju,Tres Rios,TRE_L1,2,-0.0,false,lata
130,Maguary_Caju,Tres Rios,TRE_L1,3,-0.0,false,lata
130,Maguary_Caju,Tres Rios,TRE_L1,4,-0.0,false,lata
130,Maguary_Caju,Tres Rios,TRE_L1,5,-0.0,false,lata
130,Maguary_Caju,Tres Rios,TRE_L1,6,-0.0,false,lata
130,Maguary_Caju,Tres Rios,TRE_L1,7,-0.0,false,lata
130,Maguary_Caju,Tres Rios,TRE_L1,8,-0.0,false,lata
130,Maguary_Caju,Tres Rios,TRE_L1,9,-0.0,false,lata
130,Maguary_Caju,Tres Rios,TRE_L1,10,-0.0,false,lata
130,Maguary_Caju,Tres Rios,TRE_L1,11,-0.0,false,lata
130,Maguary_Caju,Tres Rios,TRE_L1,12,-0.0,false,lata
130,Maguary_Caju,Tres Rios,TRE_L1,13,-999999.4800999999,false,lata
130,Maguary_Caju,Tres Rios,TRE_L1,14,-0.0,false,lata
130,Maguary_Caju,Tres Rios,TRE_L1,15,-0.0,false,lata
130,Maguary_Caju,Tres Rios,TRE_L2,1,-0.0,false,lata
130,Maguary_Caju,Tres Rios,TRE_L2,2,-999999.4839720499,false,lata
130,Maguary_Caju,Tres Rios,TRE_L2,3,-0.0,false,lata
130,Maguary_Caju,Tres Rios,TRE_L2,4,-0.0,false,lata
130,Maguary_Caju,Tres Rios,TRE_L2,5,-0.0,false,lata
130,Maguary_Caju,Tres Rios,TRE_L2,6,-0.0,false,lata
130,Maguary_Caju,Tres Rios,TRE_L2,7,-0.0,false,lata
130,Maguary_Caju,Tres Rios,TRE_L2,8,-0.0,false,lata
130,Maguary_Caju,Tres Rios,TRE_L2,9,-0.0,false,lata
130,Maguary_Caju,Tres Rios,TRE_L2,10,-0.0,false,lata
130,Maguary_Caju,Tres Rios,TRE_L2,11,-0.0,false,lata
130,Maguary_Caju,Tres Rios,TRE_L2,12,-0.0,false,lata
130,Maguary_Caju,Tres Rios,TRE_L2,13,-0.0,false,lata
130,Maguary_Caju,Tres Rios,TRE_L2,14,-0.0,false,lata
130,Maguary_Caju,Tres Rios,TRE_L2,15,-999998.9932306497,false,lata
130,Maguary_Caju,Tres Rios,TRE_L3,1,-0.0,false,lata
130,Maguary_Caju,Tres Rios,TRE_L3,2,-0.0,false,lata
130,Maguary_Caju,Tres Rios,TRE_L3,3,-0.0,false,lata
130,Maguary_Caju,Tres Rios,TRE_L3,4,-0.0,false,lata
130,Maguary_Caju,Tres Rios,TRE_L3,5,-0.0,false,lata
130,Maguary_Caju,Tres Rios,TRE_L3,6,-0.0,false,lata
130,Maguary_Caju,Tres Rios,TRE_L3,7,-0.0,false,lata
130,Maguary_Caju,Tres Rios,TRE_L3,8,-0.0,false,lata
130,Maguary_Caju,Tres Rios,TRE_L3,9,-0.0,false,lata
130,Maguary_Caju,Tres Rios,TRE_L3,10,-0.0,false,lata
130,Maguary_Caju,Tres Rios,TRE_L3,11,-0.0,false,lata
130,Maguary_Caju,Tres Rios,TRE_L3,12,-0.0,false,lata
130,Maguary_Caju,Tres Rios,TRE_L3,13,-0.0,false,lata
130,Maguary_Caju,Tres Rios,TRE_L3,14,-0.0,false,lata
130,Maguary_Caju,Tres Rios,TRE_L3,15,-0.0,false,lata
130,Maguary_Caju,Alagoinhas,ALA_L1,1,-0.0,false,lata
130,Maguary_Caju,Alagoinhas,ALA_L1,2,-0.0,false,lata
130,Maguary_Caju,Alagoinhas,ALA_L1,3,-0.0,false,lata
130,Maguary_Caju,Alagoinhas,ALA_L1,4,-0.0,false,lata
130,Maguary_Caju,Alagoinhas,ALA_L1,5,-0.0,false,lata
130,Maguary_Caju,Alagoinhas,ALA_L1,6,-0.0,false,lata
130,Maguary_Caju,Alagoinhas,ALA_L1,7,-0.0,false,lata
130,Maguary_Caju,Alagoinhas,ALA_L1,8,-0.0,false,lata
130,Maguary_Caju,Alagoinhas,ALA_L1,9,-0.0,false,lata
130,Maguary_Caju,Alagoinhas,ALA_L1,10,-0.0,false,lata
130,Maguary_Caju,Alagoinhas,ALA_L1,11,-0.0,false,lata
130,Maguary_Caju,Alagoinhas,ALA_L1,12,-0.0,false,lata
130,Maguary_Caju,Alagoinhas,ALA_L1,13,-0.0,false,lata
130,Maguary_Caju,Alagoinhas,ALA_L1,14,-0.0,false,lata
130,Maguary_Caju,Alagoinhas,ALA_L1,15,-0.0,false,lata
130,Maguary_Caju,Alagoinhas,ALA_L2,1,-0.0,false,lata
130,Maguary_Caju,Alagoinhas,ALA_L2,2,-0.0,false,lata
130,Maguary_Caju,Alagoinhas,ALA_L2,3,-999999.7302,false,lata
130,Maguary_Caju,Alagoinhas,ALA_L2,4,-0.0,false,lata
130,Maguary_Caju,Alagoinhas,ALA_L2,5,-0.0,false,lata
130,Maguary_Caju,Alagoinhas,ALA_L2,6,-0.0,false,lata
130,Maguary_Caju,Alagoinhas,ALA_L2,7,-0.0,false,lata
130,Maguary_Caju,Alagoinhas,ALA_L2,8,-0.0,false,lata
130,Maguary_Caju,Alagoinhas,ALA_L2,9,-0.0,false,lata
130,Maguary_Caju,Alagoinhas,ALA_L2,10,-0.0,false,lata
130,Maguary_Caju,Alagoinhas,ALA_L2,11,-0.0,false,lata
130,Maguary_Caju,Alagoinhas,ALA_L2,12,-0.0,false,lata
130,Maguary_Caju,Alagoinhas,ALA_L2,13,-0.0,false,lata
130,Maguary_Caju,Alagoinhas,ALA_L2,14,-0.0,false,lata
130,Maguary_Caju,Alagoinhas,ALA_L2,15,-0.0,false,lata
130,Maguary_Caju,Alagoinhas,ALA_L3,1,-0.0,false,lata
130,Maguary_Caju,Alagoinhas,ALA_L3,2,-0.0,false,lata
130,Maguary_Caju,Alagoinhas,ALA_L3,3,-0.0,false,lata
130,Maguary_Caju,Alagoinhas,ALA_L3,4,-0.0,false,lata
130,Maguary_Caju,Alagoinhas,ALA_L3,5,-0.0,false,lata
130,Maguary_Caju,Alagoinhas,ALA_L3,6,-0.0,false,lata
130,Maguary_Caju,Alagoinhas,ALA_L3,7,-0.0,false,lata
130,Maguary_Caju,Alagoinhas,ALA_L3,8,-0.0,false,lata
130,Maguary_Caju,Alagoinhas,ALA_L3,9,-999999.20622795,false,lata
130,Maguary_Caju,Alagoinhas,ALA_L3,10,-0.0,false,lata
130,Maguary_Caju,Alagoinhas,ALA_L3,11,-0.0,false,lata
130,Maguary_Caju,Alagoinhas,ALA_L3,12,-0.0,false,lata
130,Maguary_Caju,Alagoinhas,ALA_L3,13,-0.0,false,lata
130,Maguary_Caju,Alagoinhas,ALA_L3,14,-0.0,false,lata
130,Maguary_Caju,Alagoinhas,ALA_L3,15,-0.0,false,lata
130,Maguary_Caju,Frutal,FRU_L1,1,-0.0,false,lata
130,Maguary_Caju,Frutal,FRU_L1,2,-999999.4926015,false,lata
130,Maguary_Caju,Frutal,FRU_L1,3,-0.0,false,lata
130,Maguary_Caju,Frutal,FRU_L1,4,-0.0,false,lata
130,Maguary_Caju,Frutal,FRU_L1,5,-0.0,false,lata
130,Maguary_Caju,Frutal,FRU_L1,6,-0.0,false,lata
130,Maguary_Caju,Frutal,FRU_L1,7,-0.0,false,lata
130,Maguary_Caju,Frutal,FRU_L1,8,-0.0,false,lata
130,Maguary_Caju,Frutal,FRU_L1,9,-0.0,false,lata
130,Maguary_Caju,Frutal,FRU_L1,10,-0.0,false,lata
130,Maguary_Caju,Frutal,FRU_L1,11,-0.0,false,lata
130,Maguary_Caju,Frutal,FRU_L1,12,-0.0,false,lata
130,Maguary_Caju,Frutal,FRU_L1,13,-0.0,false,lata
130,Maguary_Caju,Frutal,FRU_L1,14,-0.0,false,lata
130,Maguary_Caju,Frutal,FRU_L1,15,-0.0,false,lata
130,Maguary_Caju,Frutal,FRU_L2,1,-0.0,false,lata
130,Maguary_Caju,Frutal,FRU_L2,2,-0.0,false,lata
130,Maguary_Caju,Frutal,FRU_L2,3,-999999.71063175,false,lata
130,Maguary_Caju,Frutal,FRU_L2,4,-0.0,false,lata
130,Maguary_Caju,Frutal,FRU_L2,5,-0.0,false,lata
130,Maguary_Caju,Frutal,FRU_L2,6,-0.0,false,lata
130,Maguary_Caju,Frutal,FRU_L2,7,-0.0,false,lata
130,Maguary_Caju,Frutal,FRU_L2,8,-0.0,false,lata
130,Maguary_Caju,Frutal,FRU_L2,9,-0.0,false,lata
130,Maguary_Caju,Frutal,FRU_L2,10,-0.0,false,lata
130,Maguary_Caju,Frutal,FRU_L2,11,-0.0,false,lata
130,Maguary_Caju,Frutal,FRU_L2,12,-999999.2065597001,false,lata
130,Maguary_Caju,Frutal,FRU_L2,13,-0.0,false,lata
130,Maguary_Caju,Frutal,FRU_L2,14,-0.0,false,lata
130,Maguary_Caju,Frutal,FRU_L2,15,-0.0,false,lata
130,Maguary_Caju,Frutal,FRU_L3,1,-0.0,false,lata
130,Maguary_Caju,Frutal,FRU_L3,2,-0.0,false,lata
130,Maguary_Caju,Frutal,FRU_L3,3,-0.0,false,lata
130,Maguary_Caju,Frutal,FRU_L3,4,-0.0,false,lata
130,Maguary_Caju,Frutal,FRU_L3,5,-0.0,false,lata
130,Maguary_Caju,Frutal,FRU_L3,6,-0.0,false,lata
130,Maguary_Caju,Frutal,FRU_L3,7,-0.0,false,lata
130,Maguary_Caju,Frutal,FRU_L3,8,-0.0,false,lata
130,Maguary_Caju,Frutal,FRU_L3,9,-0.0,false,lata
130,Maguary_Caju,Frutal,FRU_L3,10,-0.0,false,lata
130,Maguary_Caju,Frutal,FRU_L3,11,-0.0,false,lata
130,Maguary_Caju,Frutal,FRU_L3,12,-0.0,false,lata
130,Maguary_Caju,Frutal,FRU_L3,13,-0.0,false,lata
130,Maguary_Caju,Frutal,FRU_L3,14,-0.0,false,lata
130,Maguary_Caju,Frutal,FRU_L3,15,-0.0,false,lata
130,Maguary_Caju,Pouso Alegre,POU_L1,1,-0.0,false,lata
130,Maguary_Caju,Pouso Alegre,POU_L1,2,-0.0,false,lata
130,Maguary_Caju,Pouso Alegre,POU_L1,3,-0.0,false,lata
130,Maguary_Caju,Pouso Alegre,POU_L1,4,-999999.2891157501,false,lata
130,Maguary_Caju,Pouso Alegre,POU_L1,5,-0.0,false,lata
130,Maguary_Caju,Pouso Alegre,POU_L1,6,-999999.5512426001,false,lata
130,Maguary_Caju,Pouso Alegre,POU_L1,7,-0.0,false,lata
130,Maguary_Caju,Pouso Alegre,POU_L1,8,-0.0,false,lata
130,Maguary_Caju,Pouso Alegre,POU_L1,9,-0.0,false,lata
130,Maguary_Caju,Pouso Alegre,POU_L1,10,-0.0,false,lata
130,Maguary_Caju,Pouso Alegre,POU_L1,11,-0.0,false,lata
130,Maguary_Caju,Pouso Alegre,POU_L1,12,-0.0,false,lata
130,Maguary_Caju,Pouso Alegre,POU_L1,13,-999999.48690365,false,lata
130,Maguary_Caju,Pouso Alegre,POU_L1,14,-0.0,false,lata
130,Maguary_Caju,Pouso Alegre,POU_L1,15,-0.0,false,lata
130,Maguary_Caju,Pouso Alegre,POU_L2,1,-0.0,false,lata
130,Maguary_Caju,Pouso Alegre,POU_L2,2,-0.0,false,lata
130,Maguary_Caju,Pouso Alegre,POU_L2,3,-0.0,false,lata
130,Maguary_Caju,Pouso Alegre,POU_L2,4,-0.0,false,lata
130,Maguary_Caju,Pouso Alegre,POU_L2,5,-0.0,false,lata
130,Maguary_Caju,Pouso Alegre,POU_L2,6,-0.0,false,lata
130,Maguary_Caju,Pouso Alegre,POU_L2,7,-0.0,false,lata
130,Maguary_Caju,Pouso Alegre,POU_L2,8,-0.0,false,lata
130,Maguary_Caju,Pouso Alegre,POU_L2,9,-0.0,false,lata
130,Maguary_Caju,Pouso Alegre,POU_L2,10,-0.0,false,lata
130,Maguary_Caju,Pouso Alegre,POU_L2,11,-0.0,false,lata
130,Maguary_Caju,Pouso Alegre,POU_L2,12,-0.0,false,lata
130,Maguary_Caju,Pouso Alegre,POU_L2,13,-999999.48690365,false,lata
130,Maguary_Caju,Pouso Alegre,POU_L2,14,-999999.3628288001,false,lata
130,Maguary_Caju,Pouso Alegre,POU_L2,15,-999999.0000342998,false,lata
130,Maguary_Caju,Pouso Alegre,POU_L3,1,-0.0,false,lata
130,Maguary_Caju,Pouso Alegre,POU_L3,2,-0.0,false,lata
130,Maguary_Caju,Pouso Alegre,POU_L3,3,-0.0,false,lata
130,Maguary_Caju,Pouso Alegre,POU_L3,4,-0.0,false,lata
130,Maguary_Caju,Pouso Alegre,POU_L3,5,-0.0,false,lata
130,Maguary_Caju,Pouso Alegre,POU_L3,6,-0.0,false,lata
130,Maguary_Caju,Pouso Alegre,POU_L3,7,-0.0,false,lata
130,Maguary_Caju,Pouso Alegre,POU_L3,8,-0.0,false,lata
130,Maguary_Caju,Pouso Alegre,POU_L3,9,-0.0,false,lata
130,Maguary_Caju,Pouso Alegre,POU_L3,10,-0.0,false,lata
130,Maguary_Caju,Pouso Alegre,POU_L3,11,-0.0,false,lata
130,Maguary_Caju,Pouso Alegre,POU_L3,12,-0.0,false,lata
130,Maguary_Caju,Pouso Alegre,POU_L3,13,-0.0,false,lata
130,Maguary_Caju,Pouso Alegre,POU_L3,14,-999999.3623949001,false,lata
130,Maguary_Caju,Pouso Alegre,POU_L3,15,-0.0,false,lata
130,Maguary_Caju,Gama,GAM_L1,1,-0.0,false,lata
130,Maguary_Caju,Gama,GAM_L1,2,-0.0,false,lata
130,Maguary_Caju,Gama,GAM_L1,3,-999999.7300582499,false,lata
130,Maguary_Caju,Gama,GAM_L1,4,-0.0,false,lata
130,Maguary_Caju,Gama,GAM_L1,5,-0.0,false,lata
130,Maguary_Caju,Gama,GAM_L1,6,-0.0,false,lata
130,Maguary_Caju,Gama,GAM_L1,7,-0.0,false,lata
130,Maguary_Caju,Gama,GAM_L1,8,-0.0,false,lata
130,Maguary_Caju,Gama,GAM_L1,9,-0.0,false,lata
130,Maguary_Caju,Gama,GAM_L1,10,-0.0,false,lata
130,Maguary_Caju,Gama,GAM_L1,11,-0.0,false,lata
130,Maguary_Caju,Gama,GAM_L1,12,-0.0,false,lata
130,Maguary_Caju,Gama,GAM_L1,13,-0.0,false,lata
130,Maguary_Caju,Gama,GAM_L1,14,-0.0,false,lata
130,Maguary_Caju,Gama,GAM_L1,15,-0.0,false,lata
130,Maguary_Caju,Gama,GAM_L2,1,-0.0,false,lata
130,Maguary_Caju,Gama,GAM_L2,2,-0.0,false,lata
130,Maguary_Caju,Gama,GAM_L2,3,-999999.7300582499,false,lata
130,Maguary_Caju,Gama,GAM_L2,4,-0.0,false,lata
130,Maguary_Caju,Gama,GAM_L2,5,-0.0,false,lata
130,Maguary_Caju,Gama,GAM_L2,6,-0.0,false,lata
130,Maguary_Caju,Gama,GAM_L2,7,-0.0,false,lata
130,Maguary_Caju,Gama,GAM_L2,8,-0.0,false,lata
130,Maguary_Caju,Gama,GAM_L2,9,-999999.2539671,false,lata
130,Maguary_Caju,Gama,GAM_L2,10,-0.0,false,lata
130,Maguary_Caju,Gama,GAM_L2,11,-0.0,false,lata
130,Maguary_Caju,Gama,GAM_L2,12,-999999.2259862,false,lata
130,Maguary_Caju,Gama,GAM_L2,13,-0.0,false,lata
130,Maguary_Caju,Gama,GAM_L2,14,-0.0,false,lata
130,Maguary_Caju,Gama,GAM_L2,15,-0.0,false,lata
130,Maguary_Caju,Gama,GAM_L3,1,-0.0,false,lata
130,Maguary_Caju,Gama,GAM_L3,2,-0.0,false,lata
130,Maguary_Caju,Gama,GAM_L3,3,-0.0,false,lata
130,Maguary_Caju,Gama,GAM_L3,4,-0.0,false,lata
130,Maguary_Caju,Gama,GAM_L3,5,-0.0,false,lata
130,Maguary_Caju,Gama,GAM_L3,6,-0.0,false,lata
130,Maguary_Caju,Gama,GAM_L3,7,-999999.2471082,false,lata
130,Maguary_Caju,Gama,GAM_L3,8,-0.0,false,lata
130,Maguary_Caju,Gama,GAM_L3,9,-0.0,false,lata
130,Maguary_Caju,Gama,GAM_L3,10,-0.0,false,lata
130,Maguary_Caju,Gama,GAM_L3,11,-0.0,false,lata
130,Maguary_Caju,Gama,GAM_L3,12,-0.0,false,lata
130,Maguary_Caju,Gama,GAM_L3,13,-0.0,false,lata
130,Maguary_Caju,Gama,GAM_L3,14,-0.0,false,lata
130,Maguary_Caju,Gama,GAM_L3,15,-999998.9892168498,false,lata
130,Maguary_Caju,Viamao,VIA_L1,1,-0.0,false,lata
130,Maguary_Caju,Viamao,VIA_L1,2,-0.0,false,lata
130,Maguary_Caju,Viamao,VIA_L1,3,-999999.73575655,false,lata
130,Maguary_Caju,Viamao,VIA_L1,4,-0.0,false,lata
130,Maguary_Caju,Viamao,VIA_L1,5,-999999.57838075,false,lata
130,Maguary_Caju,Viamao,VIA_L1,6,-0.0,false,lata
130,Maguary_Caju,Viamao,VIA_L1,7,-0.0,false,lata
130,Maguary_Caju,Viamao,VIA_L1,8,-999999.0572870001,false,lata
130,Maguary_Caju,Viamao,VIA_L1,9,-0.0,false,lata
130,Maguary_Caju,Viamao,VIA_L1,10,-0.0,false,lata
130,Maguary_Caju,Viamao,VIA_L1,11,-0.0,false,lata
130,Maguary_Caju,Viamao,VIA_L1,12,-0.0,false,lata
130,Maguary_Caju,Viamao,VIA_L1,13,-0.0,false,lata
130,Maguary_Caju,Viamao,VIA_L1,14,-0.0,false,lata
130,Maguary_Caju,Viamao,VIA_L1,15,-0.0,false,lata
130,Maguary_Caju,Viamao,VIA_L2,1,-0.0,false,lata
130,Maguary_Caju,Viamao,VIA_L2,2,-0.0,false,lata
130,Maguary_Caju,Viamao,VIA_L2,3,-0.0,false,lata
130,Maguary_Caju,Viamao,VIA_L2,4,-0.0,false,lata
130,Maguary_Caju,Viamao,VIA_L2,5,-0.0,false,lata
130,Maguary_Caju,Viamao,VIA_L2,6,-999999.5938450501,false,lata
130,Maguary_Caju,Viamao,VIA_L2,7,-0.0,false,lata
130,Maguary_Caju,Viamao,VIA_L2,8,-0.0,false,lata
130,Maguary_Caju,Viamao,VIA_L2,9,-0.0,false,lata
130,Maguary_Caju,Viamao,VIA_L2,10,-0.0,false,lata
130,Maguary_Caju,Viamao,VIA_L2,11,-0.0,false,lata
130,Maguary_Caju,Viamao,VIA_L2,12,-0.0,false,lata
130,Maguary_Caju,Viamao,VIA_L2,13,-0.0,false,lata
130,Maguary_Caju,Viamao,VIA_L2,14,-0.0,false,lata
130,Maguary_Caju,Viamao,VIA_L2,15,-0.0,false,lata
130,Maguary_Caju,Viamao,VIA_L3,1,-0.0,false,lata
130,Maguary_Caju,Viamao,VIA_L3,2,-0.0,false,lata
130,Maguary_Caju,Viamao,VIA_L3,3,-0.0,false,lata
130,Maguary_Caju,Viamao,VIA_L3,4,-0.0,false,lata
130,Maguary_Caju,Viamao,VIA_L3,5,-0.0,false,lata
130,Maguary_Caju,Viamao,VIA_L3,6,-0.0,false,lata
130,Maguary_Caju,Viamao,VIA_L3,7,-0.0,false,lata
130,Maguary_Caju,Viamao,VIA_L3,8,-0.0,false,lata
130,Maguary_Caju,Viamao,VIA_L3,9,-0.0,false,lata
130,Maguary_Caju,Viamao,VIA_L3,10,-0.0,false,lata
130,Maguary_Caju,Viamao,VIA_L3,11,-0.0,false,lata
130,Maguary_Caju,Viamao,VIA_L3,12,-0.0,false,lata
130,Maguary_Caju,Viamao,VIA_L3,13,-0.0,false,lata
130,Maguary_Caju,Viamao,VIA_L3,14,-0.0,false,lata
130,Maguary_Caju,Viamao,VIA_L3,15,-0.0,false,lata
130,Maguary_Caju,Itupeva,ITU_L1,1,-0.0,false,lata
130,Maguary_Caju,Itupeva,ITU_L1,2,-0.0,false,lata
130,Maguary_Caju,Itupeva,ITU_L1,3,-0.0,false,lata
130,Maguary_Caju,Itupeva,ITU_L1,4,-0.0,false,lata
130,Maguary_Caju,Itupeva,ITU_L1,5,-0.0,false,lata
130,Maguary_Caju,Itupeva,ITU_L1,6,-0.0,false,lata
130,Maguary_Caju,Itupeva,ITU_L1,7,-0.0,false,lata
130,Maguary_Caju,Itupeva,ITU_L1,8,-0.0,false,lata
130,Maguary_Caju,Itupeva,ITU_L1,9,-0.0,false,lata
130,Maguary_Caju,Itupeva,ITU_L1,10,-0.0,false,lata
130,Maguary_Caju,Itupeva,ITU_L1,11,-0.0,false,lata
130,Maguary_Caju,Itupeva,ITU_L1,12,-0.0,false,lata
130,Maguary_Caju,Itupeva,ITU_L1,13,-0.0,false,lata
130,Maguary_Caju,Itupeva,ITU_L1,14,-0.0,false,lata
130,Maguary_Caju,Itupeva,ITU_L1,15,-0.0,false,lata
130,Maguary_Caju,Itupeva,ITU_L2,1,-0.0,false,lata
130,Maguary_Caju,Itupeva,ITU_L2,2,-0.0,false,lata
130,Maguary_Caju,Itupeva,ITU_L2,3,-0.0,false,lata
130,Maguary_Caju,Itupeva,ITU_L2,4,-0.0,false,lata
130,Maguary_Caju,Itupeva,ITU_L2,5,-0.0,false,lata
130,Maguary_Caju,Itupeva,ITU_L2,6,-999999.5575526,false,lata
130,Maguary_Caju,Itupeva,ITU_L2,7,-0.0,false,lata
130,Maguary_Caju,Itupeva,ITU_L2,8,-0.0,false,lata
130,Maguary_Caju,Itupeva,ITU_L2,9,-0.0,false,lata
130,Maguary_Caju,Itupeva,ITU_L2,10,-999998.7429136501,false,lata
130,Maguary_Caju,Itupeva,ITU_L2,11,-0.0,false,lata
130,Maguary_Caju,Itupeva,ITU_L2,12,-0.0,false,lata
130,Maguary_Caju,Itupeva,ITU_L2,13,-0.0,false,lata
130,Maguary_Caju,Itupeva,ITU_L2,14,-0.0,false,lata
130,Maguary_Caju,Itupeva,ITU_L2,15,-0.0,false,lata
130,Maguary_Caju,Itupeva,ITU_L3,1,-0.0,false,lata
130,Maguary_Caju,Itupeva,ITU_L3,2,-0.0,false,lata
130,Maguary_Caju,Itupeva,ITU_L3,3,-0.0,false,lata
130,Maguary_Caju,Itupeva,ITU_L3,4,-0.0,false,lata
130,Maguary_Caju,Itupeva,ITU_L3,5,-0.0,false,lata
130,Maguary_Caju,Itupeva,ITU_L3,6,-0.0,false,lata
130,Maguary_Caju,Itupeva,ITU_L3,7,-0.0,false,lata
130,Maguary_Caju,Itupeva,ITU_L3,8,-0.0,false,lata
130,Maguary_Caju,Itupeva,ITU_L3,9,-0.0,false,lata
130,Maguary_Caju,Itupeva,ITU_L3,10,-0.0,false,lata
130,Maguary_Caju,Itupeva,ITU_L3,11,-0.0,false,lata
130,Maguary_Caju,Itupeva,ITU_L3,12,-0.0,false,lata
130,Maguary_Caju,Itupeva,ITU_L3,13,-0.0,false,lata
130,Maguary_Caju,Itupeva,ITU_L3,14,-0.0,false,lata
130,Maguary_Caju,Itupeva,ITU_L3,15,-0.0,false,lata
130,Maguary_Caju,Cabo de Santo Agostinho,CAB_L1,1,-0.0,false,lata
130,Maguary_Caju,Cabo de Santo Agostinho,CAB_L1,2,-0.0,false,lata
130,Maguary_Caju,Cabo de Santo Agostinho,CAB_L1,3,-0.0,false,lata
130,Maguary_Caju,Cabo de Santo Agostinho,CAB_L1,4,-0.0,false,lata
130,Maguary_Caju,Cabo de Santo Agostinho,CAB_L1,5,-0.0,false,lata
130,Maguary_Caju,Cabo de Santo Agostinho,CAB_L1,6,-0.0,false,lata
130,Maguary_Caju,Cabo de Santo Agostinho,CAB_L1,7,-0.0,false,lata
130,Maguary_Caju,Cabo de Santo Agostinho,CAB_L1,8,-0.0,false,lata
130,Maguary_Caju,Cabo de Santo Agostinho,CAB_L1,9,-0.0,false,lata
130,Maguary_Caju,Cabo de Santo Agostinho,CAB_L1,10,-0.0,false,lata
130,Maguary_Caju,Cabo de Santo Agostinho,CAB_L1,11,-0.0,false,lata
130,Maguary_Caju,Cabo de Santo Agostinho,CAB_L1,12,-0.0,false,lata
130,Maguary_Caju,Cabo de Santo Agostinho,CAB_L1,13,-0.0,false,lata
130,Maguary_Caju,Cabo de Santo Agostinho,CAB_L1,14,-0.0,false,lata
130,Maguary_Caju,Cabo de Santo Agostinho,CAB_L1,15,-0.0,false,lata
130,Maguary_Caju,Cabo de Santo Agostinho,CAB_L2,1,-0.0,false,lata
130,Maguary_Caju,Cabo de Santo Agostinho,CAB_L2,2,-0.0,false,lata
130,Maguary_Caju,Cabo de Santo Agostinho,CAB_L2,3,-0.0,false,lata
130,Maguary_Caju,Cabo de Santo Agostinho,CAB_L2,4,-0.0,false,lata
130,Maguary_Caju,Cabo de Santo Agostinho,CAB_L2,5,-999999.5045996001,false,lata
130,Maguary_Caju,Cabo de Santo Agostinho,CAB_L2,6,-0.0,false,lata
130,Maguary_Caju,Cabo de Santo Agostinho,CAB_L2,7,-0.0,false,lata
130,Maguary_Caju,Cabo de Santo Agostinho,CAB_L2,8,-0.0,false,lata
130,Maguary_Caju,Cabo de Santo Agostinho,CAB_L2,9,-0.0,false,lata
130,Maguary_Caju,Cabo de Santo Agostinho,CAB_L2,10,-0.0,false,lata
130,Maguary_Caju,Cabo de Santo Agostinho,CAB_L2,11,-0.0,false,lata
130,Maguary_Caju,Cabo de Santo Agostinho,CAB_L2,12,-0.0,false,lata
130,Maguary_Caju,Cabo de Santo Agostinho,CAB_L2,13,-0.0,false,lata
130,Maguary_Caju,Cabo de Santo Agostinho,CAB_L2,14,-0.0,false,lata
130,Maguary_Caju,Cabo de Santo Agostinho,CAB_L2,15,-0.0,false,lata
130,Maguary_Caju,Cabo de Santo Agostinho,CAB_L3,1,-0.0,false,lata
130,Maguary_Caju,Cabo de Santo Agostinho,CAB_L3,2,-0.0,false,lata
130,Maguary_Caju,Cabo de Santo Agostinho,CAB_L3,3,-0.0,false,lata
130,Maguary_Caju,Cabo de Santo Agostinho,CAB_L3,4,-0.0,false,lata
130,Maguary_Caju,Cabo de Santo Agostinho,CAB_L3,5,-0.0,false,lata
130,Maguary_Caju,Cabo de Santo Agostinho,CAB_L3,6,-0.0,false,lata
130,Maguary_Caju,Cabo de Santo Agostinho,CAB_L3,7,-999999.2233095,false,lata
130,Maguary_Caju,Cabo de Santo Agostinho,CAB_L3,8,-0.0,false,lata
130,Maguary_Caju,Cabo de Santo Agostinho,CAB_L3,9,-0.0,false,lata
130,Maguary_Caju,Cabo de Santo Agostinho,CAB_L3,10,-0.0,false,lata
130,Maguary_Caju,Cabo de Santo Agostinho,CAB_L3,11,-0.0,false,lata
130,Maguary_Caju,Cabo de Santo Agostinho,CAB_L3,12,-0.0,false,lata
130,Maguary_Caju,Cabo de Santo Agostinho,CAB_L3,13,-0.0,false,lata
130,Maguary_Caju,Cabo de Santo Agostinho,CAB_L3,14,-999999.4447368,false,lata
130,Maguary_Caju,Cabo de Santo Agostinho,CAB_L3,15,-0.0,false,lata
130,Heineken_Lata,Jacarei,JAC_L1,1,-0.0,false,lata
130,Heineken_Lata,Jacarei,JAC_L1,2,-0.0,false,lata
130,Heineken_Lata,Jacarei,JAC_L1,3,-0.0,false,lata
130,Heineken_Lata,Jacarei,JAC_L1,4,-0.0,false,lata
130,Heineken_Lata,Jacarei,JAC_L1,5,-0.0,false,lata
130,Heineken_Lata,Jacarei,JAC_L1,6,-999999.2227948,false,lata
130,Heineken_Lata,Jacarei,JAC_L1,7,-0.0,false,lata
130,Heineken_Lata,Jacarei,JAC_L1,8,-0.0,false,lata
130,Heineken_Lata,Jacarei,JAC_L1,9,-0.0,false,lata
130,Heineken_Lata,Jacarei,JAC_L1,10,-999999.4662083499,false,lata
130,Heineken_Lata,Jacarei,JAC_L1,11,-0.0,false,lata
130,Heineken_Lata,Jacarei,JAC_L1,12,-0.0,false,lata
130,Heineken_Lata,Jacarei,JAC_L1,13,-0.0,false,lata
130,Heineken_Lata,Jacarei,JAC_L1,14,-0.0,false,lata
130,Heineken_Lata,Jacarei,JAC_L1,15,-0.0,false,lata
130,Heineken_Lata,Jacarei,JAC_L2,1,-0.0,false,lata
130,Heineken_Lata,Jacarei,JAC_L2,2,-0.0,false,lata
130,Heineken_Lata,Jacarei,JAC_L2,3,-0.0,false,lata
130,Heineken_Lata,Jacarei,JAC_L2,4,-0.0,false,lata
130,Heineken_Lata,Jacarei,JAC_L2,5,-0.0,false,lata
130,Heineken_Lata,Jacarei,JAC_L2,6,-0.0,false,lata
130,Heineken_Lata,Jacarei,JAC_L2,7,-0.0,false,lata
130,Heineken_Lata,Jacarei,JAC_L2,8,-0.0,false,lata
130,Heineken_Lata,Jacarei,JAC_L2,9,-0.0,false,lata
130,Heineken_Lata,Jacarei,JAC_L2,10,-0.0,false,lata
130,Heineken_Lata,Jacarei,JAC_L2,11,-0.0,false,lata
130,Heineken_Lata,Jacarei,JAC_L2,12,-0.0,false,lata
130,Heineken_Lata,Jacarei,JAC_L2,13,-999999.9420876,false,lata
130,Heineken_Lata,Jacarei,JAC_L2,14,-0.0,false,lata
130,Heineken_Lata,Jacarei,JAC_L2,15,-0.0,false,lata
130,Heineken_Lata,Jacarei,JAC_L3,1,-0.0,false,lata
130,Heineken_Lata,Jacarei,JAC_L3,2,-0.0,false,lata
130,Heineken_Lata,Jacarei,JAC_L3,3,-0.0,false,lata
130,Heineken_Lata,Jacarei,JAC_L3,4,-999999.9455607999,false,lata
130,Heineken_Lata,Jacarei,JAC_L3,5,-0.0,false,lata
130,Heineken_Lata,Jacarei,JAC_L3,6,-0.0,false,lata
130,Heineken_Lata,Jacarei,JAC_L3,7,-999999.51814295,false,lata
130,Heineken_Lata,Jacarei,JAC_L3,8,-0.0,false,lata
130,Heineken_Lata,Jacarei,JAC_L3,9,-0.0,false,lata
130,Heineken_Lata,Jacarei,JAC_L3,10,-0.0,false,lata
130,Heineken_Lata,Jacarei,JAC_L3,11,-0.0,false,lata
130,Heineken_Lata,Jacarei,JAC_L3,12,-0.0,false,lata
130,Heineken_Lata,Jacarei,JAC_L3,13,-0.0,false,lata
130,Heineken_Lata,Jacarei,JAC_L3,14,-0.0,false,lata
130,Heineken_Lata,Jacarei,JAC_L3,15,-0.0,false,lata
130,Heineken_Lata,Extrema,EXT_L1,1,-0.0,false,lata
130,Heineken_Lata,Extrema,EXT_L1,2,-999999.3794063502,false,lata
130,Heineken_Lata,Extrema,EXT_L1,3,-0.0,false,lata
130,Heineken_Lata,Extrema,EXT_L1,4,-0.0,false,lata
130,Heineken_Lata,Extrema,EXT_L1,5,-0.0,false,lata
130,Heineken_Lata,Extrema,EXT_L1,6,-0.0,false,lata
130,Heineken_Lata,Extrema,EXT_L1,7,-0.0,false,lata
130,Heineken_Lata,Extrema,EXT_L1,8,-0.0,false,lata
130,Heineken_Lata,Extrema,EXT_L1,9,-0.0,false,lata
130,Heineken_Lata,Extrema,EXT_L1,10,-0.0,false,lata
130,Heineken_Lata,Extrema,EXT_L1,11,-0.0,false,lata
130,Heineken_Lata,Extrema,EXT_L1,12,-0.0,false,lata
130,Heineken_Lata,Extrema,EXT_L1,13,-0.0,false,lata
130,Heineken_Lata,Extrema,EXT_L1,14,-0.0,false,lata
130,Heineken_Lata,Extrema,EXT_L1,15,-0.0,false,lata
130,Heineken_Lata,Extrema,EXT_L2,1,-0.0,false,lata
130,Heineken_Lata,Extrema,EXT_L2,2,-0.0,false,lata
130,Heineken_Lata,Extrema,EXT_L2,3,-0.0,false,lata
130,Heineken_Lata,Extrema,EXT_L2,4,-999999.9445169999,false,lata
130,Heineken_Lata,Extrema,EXT_L2,5,-0.0,false,lata
130,Heineken_Lata,Extrema,EXT_L2,6,-0.0,false,lata
130,Heineken_Lata,Extrema,EXT_L2,7,-999999.51709915,false,lata
130,Heineken_Lata,Extrema,EXT_L2,8,-0.0,false,lata
130,Heineken_Lata,Extrema,EXT_L2,9,-0.0,false,lata
130,Heineken_Lata,Extrema,EXT_L2,10,-0.0,false,lata
130,Heineken_Lata,Extrema,EXT_L2,11,-0.0,false,lata
130,Heineken_Lata,Extrema,EXT_L2,12,-0.0,false,lata
130,Heineken_Lata,Extrema,EXT_L2,13,-0.0,false,lata
130,Heineken_Lata,Extrema,EXT_L2,14,-0.0,false,lata
130,Heineken_Lata,Extrema,EXT_L2,15,-0.0,false,lata
130,Heineken_Lata,Extrema,EXT_L3,1,-0.0,false,lata
130,Heineken_Lata,Extrema,EXT_L3,2,-0.0,false,lata
130,Heineken_Lata,Extrema,EXT_L3,3,-0.0,false,lata
130,Heineken_Lata,Extrema,EXT_L3,4,-0.0,false,lata
130,Heineken_Lata,Extrema,EXT_L3,5,-0.0,false,lata
130,Heineken_Lata,Extrema,EXT_L3,6,-0.0,false,lata
130,Heineken_Lata,Extrema,EXT_L3,7,-0.0,false,lata
130,Heineken_Lata,Extrema,EXT_L3,8,-0.0,false,lata
130,Heineken_Lata,Extrema,EXT_L3,9,-0.0,false,lata
130,Heineken_Lata,Extrema,EXT_L3,10,-0.0,false,lata
130,Heineken_Lata,Extrema,EXT_L3,11,-0.0,false,lata
130,Heineken_Lata,Extrema,EXT_L3,12,-0.0,false,lata
130,Heineken_Lata,Extrema,EXT_L3,13,-0.0,false,lata
130,Heineken_Lata,Extrema,EXT_L3,14,-0.0,false,lata
130,Heineken_Lata,Extrema,EXT_L3,15,-0.0,false,lata
130,Heineken_Lata,Tres Rios,TRE_L1,1,-0.0,false,lata
130,Heineken_Lata,Tres Rios,TRE_L1,2,-0.0,false,lata
130,Heineken_Lata,Tres Rios,TRE_L1,3,-0.0,false,lata
130,Heineken_Lata,Tres Rios,TRE_L1,4,-999999.9561000001,false,lata
130,Heineken_Lata,Tres Rios,TRE_L1,5,-0.0,false,lata
130,Heineken_Lata,Tres Rios,TRE_L1,6,-0.0,false,lata
130,Heineken_Lata,Tres Rios,TRE_L1,7,-0.0,false,lata
130,Heineken_Lata,Tres Rios,TRE_L1,8,-0.0,false,lata
130,Heineken_Lata,Tres Rios,TRE_L1,9,-0.0,false,lata
130,Heineken_Lata,Tres Rios,TRE_L1,10,-0.0,false,lata
130,Heineken_Lata,Tres Rios,TRE_L1,11,-0.0,false,lata
130,Heineken_Lata,Tres Rios,TRE_L1,12,-0.0,false,lata
130,Heineken_Lata,Tres Rios,TRE_L1,13,-0.0,false,lata
130,Heineken_Lata,Tres Rios,TRE_L1,14,-0.0,false,lata
130,Heineken_Lata,Tres Rios,TRE_L1,15,-999998.7536306,false,lata
130,Heineken_Lata,Tres Rios,TRE_L2,1,-0.0,false,lata
130,Heineken_Lata,Tres Rios,TRE_L2,2,-0.0,false,lata
130,Heineken_Lata,Tres Rios,TRE_L2,3,-0.0,false,lata
130,Heineken_Lata,Tres Rios,TRE_L2,4,-0.0,false,lata
130,Heineken_Lata,Tres Rios,TRE_L2,5,-0.0,false,lata
130,Heineken_Lata,Tres Rios,TRE_L2,6,-0.0,false,lata
130,Heineken_Lata,Tres Rios,TRE_L2,7,-0.0,false,lata
130,Heineken_Lata,Tres Rios,TRE_L2,8,-0.0,false,lata
130,Heineken_Lata,Tres Rios,TRE_L2,9,-0.0,false,lata
130,Heineken_Lata,Tres Rios,TRE_L2,10,-0.0,false,lata
130,Heineken_Lata,Tres Rios,TRE_L2,11,-0.0,false,lata
130,Heineken_Lata,Tres Rios,TRE_L2,12,-999999.6621077999,false,lata
130,Heineken_Lata,Tres Rios,TRE_L2,13,-0.0,false,lata
130,Heineken_Lata,Tres Rios,TRE_L2,14,-0.0,false,lata
130,Heineken_Lata,Tres Rios,TRE_L2,15,-0.0,false,lata
130,Heineken_Lata,Tres Rios,TRE_L3,1,-0.0,false,lata
130,Heineken_Lata,Tres Rios,TRE_L3,2,-0.0,false,lata
130,Heineken_Lata,Tres Rios,TRE_L3,3,-0.0,false,lata
130,Heineken_Lata,Tres Rios,TRE_L3,4,-0.0,false,lata
130,Heineken_Lata,Tres Rios,TRE_L3,5,-0.0,false,lata
130,Heineken_Lata,Tres Rios,TRE_L3,6,-0.0,false,lata
130,Heineken_Lata,Tres Rios,TRE_L3,7,-0.0,false,lata
130,Heineken_Lata,Tres Rios,TRE_L3,8,-0.0,false,lata
130,Heineken_Lata,Tres Rios,TRE_L3,9,-0.0,false,lata
130,Heineken_Lata,Tres Rios,TRE_L3,10,-0.0,false,lata
130,Heineken_Lata,Tres Rios,TRE_L3,11,-0.0,false,lata
130,Heineken_Lata,Tres Rios,TRE_L3,12,-0.0,false,lata
130,Heineken_Lata,Tres Rios,TRE_L3,13,-999999.9532794999,false,lata
130,Heineken_Lata,Tres Rios,TRE_L3,14,-0.0,false,lata
130,Heineken_Lata,Tres Rios,TRE_L3,15,-0.0,false,lata
130,Heineken_Lata,Alagoinhas,ALA_L1,1,-0.0,false,lata
130,Heineken_Lata,Alagoinhas,ALA_L1,2,-0.0,false,lata
130,Heineken_Lata,Alagoinhas,ALA_L1,3,-0.0,false,lata
130,Heineken_Lata,Alagoinhas,ALA_L1,4,-0.0,false,lata
130,Heineken_Lata,Alagoinhas,ALA_L1,5,-0.0,false,lata
130,Heineken_Lata,Alagoinhas,ALA_L1,6,-0.0,false,lata
130,Heineken_Lata,Alagoinhas,ALA_L1,7,-999999.5769850999,false,lata
130,Heineken_Lata,Alagoinhas,ALA_L1,8,-999999.8527171499,false,lata
130,Heineken_Lata,Alagoinhas,ALA_L1,9,-0.0,false,lata
130,Heineken_Lata,Alagoinhas,ALA_L1,10,-0.0,false,lata
130,Heineken_Lata,Alagoinhas,ALA_L1,11,-0.0,false,lata
130,Heineken_Lata,Alagoinhas,ALA_L1,12,-0.0,false,lata
130,Heineken_Lata,Alagoinhas,ALA_L1,13,-0.0,false,lata
130,Heineken_Lata,Alagoinhas,ALA_L1,14,-0.0,false,lata
130,Heineken_Lata,Alagoinhas,ALA_L1,15,-0.0,false,lata
130,Heineken_Lata,Alagoinhas,ALA_L2,1,-0.0,false,lata
130,Heineken_Lata,Alagoinhas,ALA_L2,2,-0.0,false,lata
130,Heineken_Lata,Alagoinhas,ALA_L2,3,-0.0,false,lata
130,Heineken_Lata,Alagoinhas,ALA_L2,4,-0.0,false,lata
130,Heineken_Lata,Alagoinhas,ALA_L2,5,-0.0,false,lata
130,Heineken_Lata,Alagoinhas,ALA_L2,6,-0.0,false,lata
130,Heineken_Lata,Alagoinhas,ALA_L2,7,-0.0,false,lata
130,Heineken_Lata,Alagoinhas,ALA_L2,8,-0.0,false,lata
130,Heineken_Lata,Alagoinhas,ALA_L2,9,-0.0,false,lata
130,Heineken_Lata,Alagoinhas,ALA_L2,10,-0.0,false,lata
130,Heineken_Lata,Alagoinhas,ALA_L2,11,-0.0,false,lata
130,Heineken_Lata,Alagoinhas,ALA_L2,12,-0.0,false,lata
130,Heineken_Lata,Alagoinhas,ALA_L2,13,-0.0,false,lata
130,Heineken_Lata,Alagoinhas,ALA_L2,14,-0.0,false,lata
130,Heineken_Lata,Alagoinhas,ALA_L2,15,-0.0,false,lata
130,Heineken_Lata,Alagoinhas,ALA_L3,1,-0.0,false,lata
130,Heineken_Lata,Alagoinhas,ALA_L3,2,-0.0,false,lata
130,Heineken_Lata,Alagoinhas,ALA_L3,3,-0.0,false,lata
130,Heineken_Lata,Alagoinhas,ALA_L3,4,-0.0,false,lata
130,Heineken_Lata,Alagoinhas,ALA_L3,5,-0.0,false,lata
130,Heineken_Lata,Alagoinhas,ALA_L3,6,-0.0,false,lata
130,Heineken_Lata,Alagoinhas,ALA_L3,7,-0.0,false,lata
130,Heineken_Lata,Alagoinhas,ALA_L3,8,-0.0,false,lata
130,Heineken_Lata,Alagoinhas,ALA_L3,9,-0.0,false,lata
130,Heineken_Lata,Alagoinhas,ALA_L3,10,-0.0,false,lata
130,Heineken_Lata,Alagoinhas,ALA_L3,11,-0.0,false,lata
130,Heineken_Lata,Alagoinhas,ALA_L3,12,-0.0,false,lata
130,Heineken_Lata,Alagoinhas,ALA_L3,13,-0.0,false,lata
130,Heineken_Lata,Alagoinhas,ALA_L3,14,-0.0,false,lata
130,Heineken_Lata,Alagoinhas,ALA_L3,15,-0.0,false,lata
130,Heineken_Lata,Frutal,FRU_L1,1,-0.0,false,lata
130,Heineken_Lata,Frutal,FRU_L1,2,-0.0,false,lata
130,Heineken_Lata,Frutal,FRU_L1,3,-0.0,false,lata
130,Heineken_Lata,Frutal,FRU_L1,4,-0.0,false,lata
130,Heineken_Lata,Frutal,FRU_L1,5,-0.0,false,lata
130,Heineken_Lata,Frutal,FRU_L1,6,-0.0,false,lata
130,Heineken_Lata,Frutal,FRU_L1,7,-0.0,false,lata
130,Heineken_Lata,Frutal,FRU_L1,8,-0.0,false,lata
130,Heineken_Lata,Frutal,FRU_L1,9,-0.0,false,lata
130,Heineken_Lata,Frutal,FRU_L1,10,-0.0,false,lata
130,Heineken_Lata,Frutal,FRU_L1,11,-0.0,false,lata
130,Heineken_Lata,Frutal,FRU_L1,12,-0.0,false,lata
130,Heineken_Lata,Frutal,FRU_L1,13,-0.0,false,lata
130,Heineken_Lata,Frutal,FRU_L1,14,-0.0,false,lata
130,Heineken_Lata,Frutal,FRU_L1,15,-0.0,false,lata
130,Heineken_Lata,Frutal,FRU_L2,1,-0.0,false,lata
130,Heineken_Lata,Frutal,FRU_L2,2,-0.0,false,lata
130,Heineken_Lata,Frutal,FRU_L2,3,-0.0,false,lata
130,Heineken_Lata,Frutal,FRU_L2,4,-0.0,false,lata
130,Heineken_Lata,Frutal,FRU_L2,5,-0.0,false,lata
130,Heineken_Lata,Frutal,FRU_L2,6,-0.0,false,lata
130,Heineken_Lata,Frutal,FRU_L2,7,-0.0,false,lata
130,Heineken_Lata,Frutal,FRU_L2,8,-0.0,false,lata
130,Heineken_Lata,Frutal,FRU_L2,9,-0.0,false,lata
130,Heineken_Lata,Frutal,FRU_L2,10,-0.0,false,lata
130,Heineken_Lata,Frutal,FRU_L2,11,-0.0,false,lata
130,Heineken_Lata,Frutal,FRU_L2,12,-0.0,false,lata
130,Heineken_Lata,Frutal,FRU_L2,13,-0.0,false,lata
130,Heineken_Lata,Frutal,FRU_L2,14,-0.0,false,lata
130,Heineken_Lata,Frutal,FRU_L2,15,-0.0,false,lata
130,Heineken_Lata,Frutal,FRU_L3,1,-0.0,false,lata
130,Heineken_Lata,Frutal,FRU_L3,2,-0.0,false,lata
130,Heineken_Lata,Frutal,FRU_L3,3,-0.0,false,lata
130,Heineken_Lata,Frutal,FRU_L3,4,-0.0,false,lata
130,Heineken_Lata,Frutal,FRU_L3,5,-0.0,false,lata
130,Heineken_Lata,Frutal,FRU_L3,6,-0.0,false,lata
130,Heineken_Lata,Frutal,FRU_L3,7,-0.0,false,lata
130,Heineken_Lata,Frutal,FRU_L3,8,-0.0,false,lata
130,Heineken_Lata,Frutal,FRU_L3,9,-0.0,false,lata
130,Heineken_Lata,Frutal,FRU_L3,10,-0.0,false,lata
130,Heineken_Lata,Frutal,FRU_L3,11,-0.0,false,lata
130,Heineken_Lata,Frutal,FRU_L3,12,-0.0,false,lata
130,Heineken_Lata,Frutal,FRU_L3,13,-0.0,false,lata
130,Heineken_Lata,Frutal,FRU_L3,14,-0.0,false,lata
130,Heineken_Lata,Frutal,FRU_L3,15,-0.0,false,lata
130,Heineken_Lata,Pouso Alegre,POU_L1,1,-0.0,false,lata
130,Heineken_Lata,Pouso Alegre,POU_L1,2,-0.0,false,lata
130,Heineken_Lata,Pouso Alegre,POU_L1,3,-0.0,false,lata
130,Heineken_Lata,Pouso Alegre,POU_L1,4,-0.0,false,lata
130,Heineken_Lata,Pouso Alegre,POU_L1,5,-0.0,false,lata
130,Heineken_Lata,Pouso Alegre,POU_L1,6,-0.0,false,lata
130,Heineken_Lata,Pouso Alegre,POU_L1,7,-0.0,false,lata
130,Heineken_Lata,Pouso Alegre,POU_L1,8,-0.0,false,lata
130,Heineken_Lata,Pouso Alegre,POU_L1,9,-0.0,false,lata
130,Heineken_Lata,Pouso Alegre,POU_L1,10,-0.0,false,lata
130,Heineken_Lata,Pouso Alegre,POU_L1,11,-0.0,false,lata
130,Heineken_Lata,Pouso Alegre,POU_L1,12,-0.0,false,lata
130,Heineken_Lata,Pouso Alegre,POU_L1,13,-0.0,false,lata
130,Heineken_Lata,Pouso Alegre,POU_L1,14,-0.0,false,lata
130,Heineken_Lata,Pouso Alegre,POU_L1,15,-0.0,false,lata
130,Heineken_Lata,Pouso Alegre,POU_L2,1,-0.0,false,lata
130,Heineken_Lata,Pouso Alegre,POU_L2,2,-0.0,false,lata
130,Heineken_Lata,Pouso Alegre,POU_L2,3,-0.0,false,lata
130,Heineken_Lata,Pouso Alegre,POU_L2,4,-0.0,false,lata
130,Heineken_Lata,Pouso Alegre,POU_L2,5,-0.0,false,lata
130,Heineken_Lata,Pouso Alegre,POU_L2,6,-0.0,false,lata
130,Heineken_Lata,Pouso Alegre,POU_L2,7,-0.0,false,lata
130,Heineken_Lata,Pouso Alegre,POU_L2,8,-0.0,false,lata
130,Heineken_Lata,Pouso Alegre,POU_L2,9,-0.0,false,lata
130,Heineken_Lata,Pouso Alegre,POU_L2,10,-0.0,false,lata
130,Heineken_Lata,Pouso Alegre,POU_L2,11,-0.0,false,lata
130,Heineken_Lata,Pouso Alegre,POU_L2,12,-0.0,false,lata
130,Heineken_Lata,Pouso Alegre,POU_L2,13,-0.0,false,lata
130,Heineken_Lata,Pouso Alegre,POU_L2,14,-0.0,false,lata
130,Heineken_Lata,Pouso Alegre,POU_L2,15,-0.0,false,lata
130,Heineken_Lata,Pouso Alegre,POU_L3,1,-0.0,false,lata
130,Heineken_Lata,Pouso Alegre,POU_L3,2,-0.0,false,lata
130,Heineken_Lata,Pouso Alegre,POU_L3,3,-0.0,false,lata
130,Heineken_Lata,Pouso Alegre,POU_L3,4,-0.0,false,lata
130,Heineken_Lata,Pouso Alegre,POU_L3,5,-0.0,false,lata
130,Heineken_Lata,Pouso Alegre,POU_L3,6,-0.0,false,lata
130,Heineken_Lata,Pouso Alegre,POU_L3,7,-0.0,false,lata
130,Heineken_Lata,Pouso Alegre,POU_L3,8,-0.0,false,lata
130,Heineken_Lata,Pouso Alegre,POU_L3,9,-0.0,false,lata
130,Heineken_Lata,Pouso Alegre,POU_L3,10,-0.0,false,lata
130,Heineken_Lata,Pouso Alegre,POU_L3,11,-0.0,false,lata
130,Heineken_Lata,Pouso Alegre,POU_L3,12,-999999.6535883499,false,lata
130,Heineken_Lata,Pouso Alegre,POU_L3,13,-0.0,false,lata
130,Heineken_Lata,Pouso Alegre,POU_L3,14,-0.0,false,lata
130,Heineken_Lata,Pouso Alegre,POU_L3,15,-0.0,false,lata
130,Heineken_Lata,Gama,GAM_L1,1,-0.0,false,lata
130,Heineken_Lata,Gama,GAM_L1,2,-0.0,false,lata
130,Heineken_Lata,Gama,GAM_L1,3,-0.0,false,lata
130,Heineken_Lata,Gama,GAM_L1,4,-0.0,false,lata
130,Heineken_Lata,Gama,GAM_L1,5,-0.0,false,lata
130,Heineken_Lata,Gama,GAM_L1,6,-0.0,false,lata
130,Heineken_Lata,Gama,GAM_L1,7,-0.0,false,lata
130,Heineken_Lata,Gama,GAM_L1,8,-0.0,false,lata
130,Heineken_Lata,Gama,GAM_L1,9,-999999.19230285,false,lata
130,Heineken_Lata,Gama,GAM_L1,10,-0.0,false,lata
130,Heineken_Lata,Gama,GAM_L1,11,-999999.3877628,false,lata
130,Heineken_Lata,Gama,GAM_L1,12,-0.0,false,lata
130,Heineken_Lata,Gama,GAM_L1,13,-0.0,false,lata
130,Heineken_Lata,Gama,GAM_L1,14,-0.0,false,lata
130,Heineken_Lata,Gama,GAM_L1,15,-0.0,false,lata
130,Heineken_Lata,Gama,GAM_L2,1,-0.0,false,lata
130,Heineken_Lata,Gama,GAM_L2,2,-0.0,false,lata
130,Heineken_Lata,Gama,GAM_L2,3,-0.0,false,lata
130,Heineken_Lata,Gama,GAM_L2,4,-0.0,false,lata
130,Heineken_Lata,Gama,GAM_L2,5,-0.0,false,lata
130,Heineken_Lata,Gama,GAM_L2,6,-0.0,false,lata
130,Heineken_Lata,Gama,GAM_L2,7,-0.0,false,lata
130,Heineken_Lata,Gama,GAM_L2,8,-0.0,false,lata
130,Heineken_Lata,Gama,GAM_L2,9,-0.0,false,lata
130,Heineken_Lata,Gama,GAM_L2,10,-0.0,false,lata
130,Heineken_Lata,Gama,GAM_L2,11,-0.0,false,lata
130,Heineken_Lata,Gama,GAM_L2,12,-0.0,false,lata
130,Heineken_Lata,Gama,GAM_L2,13,-0.0,false,lata
130,Heineken_Lata,Gama,GAM_L2,14,-0.0,false,lata
130,Heineken_Lata,Gama,GAM_L2,15,-0.0,false,lata
130,Heineken_Lata,Gama,GAM_L3,1,-0.0,false,lata
130,Heineken_Lata,Gama,GAM_L3,2,-999999.4098013003,false,lata
130,Heineken_Lata,Gama,GAM_L3,3,-0.0,false,lata
130,Heineken_Lata,Gama,GAM_L3,4,-999999.95014275,false,lata
130,Heineken_Lata,Gama,GAM_L3,5,-0.0,false,lata
130,Heineken_Lata,Gama,GAM_L3,6,-0.0,false,lata
130,Heineken_Lata,Gama,GAM_L3,7,-0.0,false,lata
130,Heineken_Lata,Gama,GAM_L3,8,-0.0,false,lata
130,Heineken_Lata,Gama,GAM_L3,9,-0.0,false,lata
130,Heineken_Lata,Gama,GAM_L3,10,-0.0,false,lata
130,Heineken_Lata,Gama,GAM_L3,11,-0.0,false,lata
130,Heineken_Lata,Gama,GAM_L3,12,-0.0,false,lata
130,Heineken_Lata,Gama,GAM_L3,13,-0.0,false,lata
130,Heineken_Lata,Gama,GAM_L3,14,-0.0,false,lata
130,Heineken_Lata,Gama,GAM_L3,15,-0.0,false,lata
130,Heineken_Lata,Viamao,VIA_L1,1,-0.0,false,lata
130,Heineken_Lata,Viamao,VIA_L1,2,-0.0,false,lata
130,Heineken_Lata,Viamao,VIA_L1,3,-0.0,false,lata
130,Heineken_Lata,Viamao,VIA_L1,4,-0.0,false,lata
130,Heineken_Lata,Viamao,VIA_L1,5,-0.0,false,lata
130,Heineken_Lata,Viamao,VIA_L1,6,-0.0,false,lata
130,Heineken_Lata,Viamao,VIA_L1,7,-0.0,false,lata
130,Heineken_Lata,Viamao,VIA_L1,8,-0.0,false,lata
130,Heineken_Lata,Viamao,VIA_L1,9,-0.0,false,lata
130,Heineken_Lata,Viamao,VIA_L1,10,-999999.4982915999,false,lata
130,Heineken_Lata,Viamao,VIA_L1,11,-0.0,false,lata
130,Heineken_Lata,Viamao,VIA_L1,12,-0.0,false,lata
130,Heineken_Lata,Viamao,VIA_L1,13,-0.0,false,lata
130,Heineken_Lata,Viamao,VIA_L1,14,-0.0,false,lata
130,Heineken_Lata,Viamao,VIA_L1,15,-0.0,false,lata
130,Heineken_Lata,Viamao,VIA_L2,1,-0.0,false,lata
130,Heineken_Lata,Viamao,VIA_L2,2,-0.0,false,lata
130,Heineken_Lata,Viamao,VIA_L2,3,-0.0,false,lata
130,Heineken_Lata,Viamao,VIA_L2,4,-0.0,false,lata
130,Heineken_Lata,Viamao,VIA_L2,5,-0.0,false,lata
130,Heineken_Lata,Viamao,VIA_L2,6,-0.0,false,lata
130,Heineken_Lata,Viamao,VIA_L2,7,-0.0,false,lata
130,Heineken_Lata,Viamao,VIA_L2,8,-0.0,false,lata
130,Heineken_Lata,Viamao,VIA_L2,9,-0.0,false,lata
130,Heineken_Lata,Viamao,VIA_L2,10,-0.0,false,lata
130,Heineken_Lata,Viamao,VIA_L2,11,-0.0,false,lata
130,Heineken_Lata,Viamao,VIA_L2,12,-0.0,false,lata
130,Heineken_Lata,Viamao,VIA_L2,13,-0.0,false,lata
130,Heineken_Lata,Viamao,VIA_L2,14,-0.0,false,lata
130,Heineken_Lata,Viamao,VIA_L2,15,-0.0,false,lata
130,Heineken_Lata,Viamao,VIA_L3,1,-0.0,false,lata
130,Heineken_Lata,Viamao,VIA_L3,2,-0.0,false,lata
130,Heineken_Lata,Viamao,VIA_L3,3,-0.0,false,lata
130,Heineken_Lata,Viamao,VIA_L3,4,-0.0,false,lata
130,Heineken_Lata,Viamao,VIA_L3,5,-0.0,false,lata
130,Heineken_Lata,Viamao,VIA_L3,6,-0.0,false,lata
130,Heineken_Lata,Viamao,VIA_L3,7,-0.0,false,lata
130,Heineken_Lata,Viamao,VIA_L3,8,-0.0,false,lata
130,Heineken_Lata,Viamao,VIA_L3,9,-0.0,false,lata
130,Heineken_Lata,Viamao,VIA_L3,10,-0.0,false,lata
130,Heineken_Lata,Viamao,VIA_L3,11,-0.0,false,lata
130,Heineken_Lata,Viamao,VIA_L3,12,-0.0,false,lata
130,Heineken_Lata,Viamao,VIA_L3,13,-0.0,false,lata
130,Heineken_Lata,Viamao,VIA_L3,14,-0.0,false,lata
130,Heineken_Lata,Viamao,VIA_L3,15,-0.0,false,lata
130,Heineken_Lata,Itupeva,ITU_L1,1,-0.0,false,lata
130,Heineken_Lata,Itupeva,ITU_L1,2,-0.0,false,lata
130,Heineken_Lata,Itupeva,ITU_L1,3,-999999.63889695,false,lata
130,Heineken_Lata,Itupeva,ITU_L1,4,-0.0,false,lata
130,Heineken_Lata,Itupeva,ITU_L1,5,-0.0,false,lata
130,Heineken_Lata,Itupeva,ITU_L1,6,-0.0,false,lata
130,Heineken_Lata,Itupeva,ITU_L1,7,-999999.5133483,false,lata
130,Heineken_Lata,Itupeva,ITU_L1,8,-0.0,false,lata
130,Heineken_Lata,Itupeva,ITU_L1,9,-0.0,false,lata
130,Heineken_Lata,Itupeva,ITU_L1,10,-0.0,false,lata
130,Heineken_Lata,Itupeva,ITU_L1,11,-0.0,false,lata
130,Heineken_Lata,Itupeva,ITU_L1,12,-0.0,false,lata
130,Heineken_Lata,Itupeva,ITU_L1,13,-0.0,false,lata
130,Heineken_Lata,Itupeva,ITU_L1,14,-0.0,false,lata
130,Heineken_Lata,Itupeva,ITU_L1,15,-0.0,false,lata
130,Heineken_Lata,Itupeva,ITU_L2,1,-0.0,false,lata
130,Heineken_Lata,Itupeva,ITU_L2,2,-0.0,false,lata
130,Heineken_Lata,Itupeva,ITU_L2,3,-0.0,false,lata
130,Heineken_Lata,Itupeva,ITU_L2,4,-0.0,false,lata
130,Heineken_Lata,Itupeva,ITU_L2,5,-0.0,false,lata
130,Heineken_Lata,Itupeva,ITU_L2,6,-0.0,false,lata
130,Heineken_Lata,Itupeva,ITU_L2,7,-0.0,false,lata
130,Heineken_Lata,Itupeva,ITU_L2,8,-0.0,false,lata
130,Heineken_Lata,Itupeva,ITU_L2,9,-0.0,false,lata
130,Heineken_Lata,Itupeva,ITU_L2,10,-0.0,false,lata
130,Heineken_Lata,Itupeva,ITU_L2,11,-0.0,false,lata
130,Heineken_Lata,Itupeva,ITU_L2,12,-0.0,false,lata
130,Heineken_Lata,Itupeva,ITU_L2,13,-999999.94479465,false,lata
130,Heineken_Lata,Itupeva,ITU_L2,14,-999999.4086645497,false,lata
130,Heineken_Lata,Itupeva,ITU_L2,15,-0.0,false,lata
130,Heineken_Lata,Itupeva,ITU_L3,1,-0.0,false,lata
130,Heineken_Lata,Itupeva,ITU_L3,2,-0.0,false,lata
130,Heineken_Lata,Itupeva,ITU_L3,3,-0.0,false,lata
130,Heineken_Lata,Itupeva,ITU_L3,4,-0.0,false,lata
130,Heineken_Lata,Itupeva,ITU_L3,5,-0.0,false,lata
130,Heineken_Lata,Itupeva,ITU_L3,6,-0.0,false,lata
130,Heineken_Lata,Itupeva,ITU_L3,7,-0.0,false,lata
130,Heineken_Lata,Itupeva,ITU_L3,8,-0.0,false,lata
130,Heineken_Lata,Itupeva,ITU_L3,9,-0.0,false,lata
130,Heineken_Lata,Itupeva,ITU_L3,10,-0.0,false,lata
130,Heineken_Lata,Itupeva,ITU_L3,11,-0.0,false,lata
130,Heineken_Lata,Itupeva,ITU_L3,12,-0.0,false,lata
130,Heineken_Lata,Itupeva,ITU_L3,13,-0.0,false,lata
130,Heineken_Lata,Itupeva,ITU_L3,14,-0.0,false,lata
130,Heineken_Lata,Itupeva,ITU_L3,15,-0.0,false,lata
130,Heineken_Lata,Cabo de Santo Agostinho,CAB_L1,1,-0.0,false,lata
130,Heineken_Lata,Cabo de Santo Agostinho,CAB_L1,2,-0.0,false,lata
130,Heineken_Lata,Cabo de Santo Agostinho,CAB_L1,3,-0.0,false,lata
130,Heineken_Lata,Cabo de Santo Agostinho,CAB_L1,4,-0.0,false,lata
130,Heineken_Lata,Cabo de Santo Agostinho,CAB_L1,5,-0.0,false,lata
130,Heineken_Lata,Cabo de Santo Agostinho,CAB_L1,6,-0.0,false,lata
130,Heineken_Lata,Cabo de Santo Agostinho,CAB_L1,7,-0.0,false,lata
130,Heineken_Lata,Cabo de Santo Agostinho,CAB_L1,8,-999999.8765498499,false,lata
130,Heineken_Lata,Cabo de Santo Agostinho,CAB_L1,9,-0.0,false,lata
130,Heineken_Lata,Cabo de Santo Agostinho,CAB_L1,10,-0.0,false,lata
130,Heineken_Lata,Cabo de Santo Agostinho,CAB_L1,11,-0.0,false,lata
130,Heineken_Lata,Cabo de Santo Agostinho,CAB_L1,12,-0.0,false,lata
130,Heineken_Lata,Cabo de Santo Agostinho,CAB_L1,13,-0.0,false,lata
130,Heineken_Lata,Cabo de Santo Agostinho,CAB_L1,14,-0.0,false,lata
130,Heineken_Lata,Cabo de Santo Agostinho,CAB_L1,15,-0.0,false,lata
130,Heineken_Lata,Cabo de Santo Agostinho,CAB_L2,1,-0.0,false,lata
130,Heineken_Lata,Cabo de Santo Agostinho,CAB_L2,2,-0.0,false,lata
130,Heineken_Lata,Cabo de Santo Agostinho,CAB_L2,3,-0.0,false,lata
130,Heineken_Lata,Cabo de Santo Agostinho,CAB_L2,4,-0.0,false,lata
130,Heineken_Lata,Cabo de Santo Agostinho,CAB_L2,5,-0.0,false,lata
130,Heineken_Lata,Cabo de Santo Agostinho,CAB_L2,6,-0.0,false,lata
130,Heineken_Lata,Cabo de Santo Agostinho,CAB_L2,7,-0.0,false,lata
130,Heineken_Lata,Cabo de Santo Agostinho,CAB_L2,8,-0.0,false,lata
130,Heineken_Lata,Cabo de Santo Agostinho,CAB_L2,9,-0.0,false,lata
130,Heineken_Lata,Cabo de Santo Agostinho,CAB_L2,10,-0.0,false,lata
130,Heineken_Lata,Cabo de Santo Agostinho,CAB_L2,11,-999999.4423162999,false,lata
130,Heineken_Lata,Cabo de Santo Agostinho,CAB_L2,12,-999999.7350666999,false,lata
130,Heineken_Lata,Cabo de Santo Agostinho,CAB_L2,13,-0.0,false,lata
130,Heineken_Lata,Cabo de Santo Agostinho,CAB_L2,14,-0.0,false,lata
130,Heineken_Lata,Cabo de Santo Agostinho,CAB_L2,15,-0.0,false,lata
130,Heineken_Lata,Cabo de Santo Agostinho,CAB_L3,1,-0.0,false,lata
130,Heineken_Lata,Cabo de Santo Agostinho,CAB_L3,2,-0.0,false,lata
130,Heineken_Lata,Cabo de Santo Agostinho,CAB_L3,3,-0.0,false,lata
130,Heineken_Lata,Cabo de Santo Agostinho,CAB_L3,4,-0.0,false,lata
130,Heineken_Lata,Cabo de Santo Agostinho,CAB_L3,5,-0.0,false,lata
130,Heineken_Lata,Cabo de Santo Agostinho,CAB_L3,6,-0.0,false,lata
130,Heineken_Lata,Cabo de Santo Agostinho,CAB_L3,7,-0.0,false,lata
130,Heineken_Lata,Cabo de Santo Agostinho,CAB_L3,8,-0.0,false,lata
130,Heineken_Lata,Cabo de Santo Agostinho,CAB_L3,9,-0.0,false,lata
130,Heineken_Lata,Cabo de Santo Agostinho,CAB_L3,10,-999999.5278143999,false,lata
130,Heineken_Lata,Cabo de Santo Agostinho,CAB_L3,11,-0.0,false,lata
130,Heineken_Lata,Cabo de Santo Agostinho,CAB_L3,12,-0.0,false,lata
130,Heineken_Lata,Cabo de Santo Agostinho,CAB_L3,13,-0.0,false,lata
130,Heineken_Lata,Cabo de Santo Agostinho,CAB_L3,14,-0.0,false,lata
130,Heineken_Lata,Cabo de Santo Agostinho,CAB_L3,15,-0.0,false,lata
130,Skol_Lata,Jacarei,JAC_L1,1,-0.0,false,lata
130,Skol_Lata,Jacarei,JAC_L1,2,-0.0,false,lata
130,Skol_Lata,Jacarei,JAC_L1,3,-0.0,false,lata
130,Skol_Lata,Jacarei,JAC_L1,4,-0.0,false,lata
130,Skol_Lata,Jacarei,JAC_L1,5,-0.0,false,lata
130,Skol_Lata,Jacarei,JAC_L1,6,-1.0e6,true,lata
130,Skol_Lata,Jacarei,JAC_L1,7,-0.0,false,lata
130,Skol_Lata,Jacarei,JAC_L1,8,-0.0,false,lata
130,Skol_Lata,Jacarei,JAC_L1,9,-0.0,false,lata
130,Skol_Lata,Jacarei,JAC_L1,10,-0.0,false,lata
130,Skol_Lata,Jacarei,JAC_L1,11,-0.0,false,lata
130,Skol_Lata,Jacarei,JAC_L1,12,-0.0,false,lata
130,Skol_Lata,Jacarei,JAC_L1,13,-0.0,false,lata
130,Skol_Lata,Jacarei,JAC_L1,14,-0.0,false,lata
130,Skol_Lata,Jacarei,JAC_L1,15,-999999.985185,false,lata
130,Skol_Lata,Jacarei,JAC_L2,1,-0.0,false,lata
130,Skol_Lata,Jacarei,JAC_L2,2,-0.0,false,lata
130,Skol_Lata,Jacarei,JAC_L2,3,-0.0,false,lata
130,Skol_Lata,Jacarei,JAC_L2,4,-0.0,false,lata
130,Skol_Lata,Jacarei,JAC_L2,5,-999999.9367566501,false,lata
130,Skol_Lata,Jacarei,JAC_L2,6,-0.0,false,lata
130,Skol_Lata,Jacarei,JAC_L2,7,-0.0,false,lata
130,Skol_Lata,Jacarei,JAC_L2,8,-0.0,false,lata
130,Skol_Lata,Jacarei,JAC_L2,9,-999999.99731415,false,lata
130,Skol_Lata,Jacarei,JAC_L2,10,-0.0,false,lata
130,Skol_Lata,Jacarei,JAC_L2,11,-0.0,false,lata
130,Skol_Lata,Jacarei,JAC_L2,12,-0.0,false,lata
130,Skol_Lata,Jacarei,JAC_L2,13,-0.0,false,lata
130,Skol_Lata,Jacarei,JAC_L2,14,-0.0,false,lata
130,Skol_Lata,Jacarei,JAC_L2,15,-0.0,false,lata
130,Skol_Lata,Jacarei,JAC_L3,1,-0.0,false,lata
130,Skol_Lata,Jacarei,JAC_L3,2,-0.0,false,lata
130,Skol_Lata,Jacarei,JAC_L3,3,-0.0,false,lata
130,Skol_Lata,Jacarei,JAC_L3,4,-0.0,false,lata
130,Skol_Lata,Jacarei,JAC_L3,5,-0.0,false,lata
130,Skol_Lata,Jacarei,JAC_L3,6,-0.0,false,lata
130,Skol_Lata,Jacarei,JAC_L3,7,-0.0,false,lata
130,Skol_Lata,Jacarei,JAC_L3,8,-0.0,false,lata
130,Skol_Lata,Jacarei,JAC_L3,9,-0.0,false,lata
130,Skol_Lata,Jacarei,JAC_L3,10,-0.0,false,lata
130,Skol_Lata,Jacarei,JAC_L3,11,-0.0,false,lata
130,Skol_Lata,Jacarei,JAC_L3,12,-0.0,false,lata
130,Skol_Lata,Jacarei,JAC_L3,13,-0.0,false,lata
130,Skol_Lata,Jacarei,JAC_L3,14,-0.0,false,lata
130,Skol_Lata,Jacarei,JAC_L3,15,-0.0,false,lata
130,Skol_Lata,Extrema,EXT_L1,1,-0.0,false,lata
130,Skol_Lata,Extrema,EXT_L1,2,-999999.7080327997,false,lata
130,Skol_Lata,Extrema,EXT_L1,3,-0.0,false,lata
130,Skol_Lata,Extrema,EXT_L1,4,-0.0,false,lata
130,Skol_Lata,Extrema,EXT_L1,5,-0.0,false,lata
130,Skol_Lata,Extrema,EXT_L1,6,-0.0,false,lata
130,Skol_Lata,Extrema,EXT_L1,7,-0.0,false,lata
130,Skol_Lata,Extrema,EXT_L1,8,-0.0,false,lata
130,Skol_Lata,Extrema,EXT_L1,9,-0.0,false,lata
130,Skol_Lata,Extrema,EXT_L1,10,-0.0,false,lata
130,Skol_Lata,Extrema,EXT_L1,11,-0.0,false,lata
130,Skol_Lata,Extrema,EXT_L1,12,-0.0,false,lata
130,Skol_Lata,Extrema,EXT_L1,13,-0.0,false,lata
130,Skol_Lata,Extrema,EXT_L1,14,-0.0,false,lata
130,Skol_Lata,Extrema,EXT_L1,15,-0.0,false,lata
130,Skol_Lata,Extrema,EXT_L2,1,-0.0,false,lata
130,Skol_Lata,Extrema,EXT_L2,2,-0.0,false,lata
130,Skol_Lata,Extrema,EXT_L2,3,-0.0,false,lata
130,Skol_Lata,Extrema,EXT_L2,4,-0.0,false,lata
130,Skol_Lata,Extrema,EXT_L2,5,-0.0,false,lata
130,Skol_Lata,Extrema,EXT_L2,6,-1.0e6,true,lata
130,Skol_Lata,Extrema,EXT_L2,7,-0.0,false,lata
130,Skol_Lata,Extrema,EXT_L2,8,-0.0,false,lata
130,Skol_Lata,Extrema,EXT_L2,9,-0.0,false,lata
130,Skol_Lata,Extrema,EXT_L2,10,-1.0e6,true,lata
130,Skol_Lata,Extrema,EXT_L2,11,-0.0,false,lata
130,Skol_Lata,Extrema,EXT_L2,12,-0.0,false,lata
130,Skol_Lata,Extrema,EXT_L2,13,-0.0,false,lata
130,Skol_Lata,Extrema,EXT_L2,14,-0.0,false,lata
130,Skol_Lata,Extrema,EXT_L2,15,-0.0,false,lata
130,Skol_Lata,Extrema,EXT_L3,1,-0.0,false,lata
130,Skol_Lata,Extrema,EXT_L3,2,-0.0,false,lata
130,Skol_Lata,Extrema,EXT_L3,3,-0.0,false,lata
130,Skol_Lata,Extrema,EXT_L3,4,-0.0,false,lata
130,Skol_Lata,Extrema,EXT_L3,5,-0.0,false,lata
130,Skol_Lata,Extrema,EXT_L3,6,-0.0,false,lata
130,Skol_Lata,Extrema,EXT_L3,7,-0.0,false,lata
130,Skol_Lata,Extrema,EXT_L3,8,-0.0,false,lata
130,Skol_Lata,Extrema,EXT_L3,9,-1.0e6,true,lata
130,Skol_Lata,Extrema,EXT_L3,10,-0.0,false,lata
130,Skol_Lata,Extrema,EXT_L3,11,-0.0,false,lata
130,Skol_Lata,Extrema,EXT_L3,12,-0.0,false,lata
130,Skol_Lata,Extrema,EXT_L3,13,-0.0,false,lata
130,Skol_Lata,Extrema,EXT_L3,14,-0.0,false,lata
130,Skol_Lata,Extrema,EXT_L3,15,-0.0,false,lata
130,Skol_Lata,Tres Rios,TRE_L1,1,-0.0,false,lata
130,Skol_Lata,Tres Rios,TRE_L1,2,-0.0,false,lata
130,Skol_Lata,Tres Rios,TRE_L1,3,-0.0,false,lata
130,Skol_Lata,Tres Rios,TRE_L1,4,-0.0,false,lata
130,Skol_Lata,Tres Rios,TRE_L1,5,-0.0,false,lata
130,Skol_Lata,Tres Rios,TRE_L1,6,-0.0,false,lata
130,Skol_Lata,Tres Rios,TRE_L1,7,-0.0,false,lata
130,Skol_Lata,Tres Rios,TRE_L1,8,-0.0,false,lata
130,Skol_Lata,Tres Rios,TRE_L1,9,-0.0,false,lata
130,Skol_Lata,Tres Rios,TRE_L1,10,-0.0,false,lata
130,Skol_Lata,Tres Rios,TRE_L1,11,-0.0,false,lata
130,Skol_Lata,Tres Rios,TRE_L1,12,-0.0,false,lata
130,Skol_Lata,Tres Rios,TRE_L1,13,-999999.9100283501,false,lata
130,Skol_Lata,Tres Rios,TRE_L1,14,-0.0,false,lata
130,Skol_Lata,Tres Rios,TRE_L1,15,-0.0,false,lata
130,Skol_Lata,Tres Rios,TRE_L2,1,-0.0,false,lata
130,Skol_Lata,Tres Rios,TRE_L2,2,-0.0,false,lata
130,Skol_Lata,Tres Rios,TRE_L2,3,-0.0,false,lata
130,Skol_Lata,Tres Rios,TRE_L2,4,-0.0,false,lata
130,Skol_Lata,Tres Rios,TRE_L2,5,-0.0,false,lata
130,Skol_Lata,Tres Rios,TRE_L2,6,-0.0,false,lata
130,Skol_Lata,Tres Rios,TRE_L2,7,-0.0,false,lata
130,Skol_Lata,Tres Rios,TRE_L2,8,-0.0,false,lata
130,Skol_Lata,Tres Rios,TRE_L2,9,-0.0,false,lata
130,Skol_Lata,Tres Rios,TRE_L2,10,-0.0,false,lata
130,Skol_Lata,Tres Rios,TRE_L2,11,-0.0,false,lata
130,Skol_Lata,Tres Rios,TRE_L2,12,-0.0,false,lata
130,Skol_Lata,Tres Rios,TRE_L2,13,-0.0,false,lata
130,Skol_Lata,Tres Rios,TRE_L2,14,-0.0,false,lata
130,Skol_Lata,Tres Rios,TRE_L2,15,-0.0,false,lata
130,Skol_Lata,Tres Rios,TRE_L3,1,-0.0,false,lata
130,Skol_Lata,Tres Rios,TRE_L3,2,-0.0,false,lata
130,Skol_Lata,Tres Rios,TRE_L3,3,-0.0,false,lata
130,Skol_Lata,Tres Rios,TRE_L3,4,-0.0,false,lata
130,Skol_Lata,Tres Rios,TRE_L3,5,-0.0,false,lata
130,Skol_Lata,Tres Rios,TRE_L3,6,-0.0,false,lata
130,Skol_Lata,Tres Rios,TRE_L3,7,-0.0,false,lata
130,Skol_Lata,Tres Rios,TRE_L3,8,-1.0e6,true,lata
130,Skol_Lata,Tres Rios,TRE_L3,9,-0.0,false,lata
130,Skol_Lata,Tres Rios,TRE_L3,10,-1.0e6,true,lata
130,Skol_Lata,Tres Rios,TRE_L3,11,-0.0,false,lata
130,Skol_Lata,Tres Rios,TRE_L3,12,-0.0,false,lata
130,Skol_Lata,Tres Rios,TRE_L3,13,-0.0,false,lata
130,Skol_Lata,Tres Rios,TRE_L3,14,-0.0,false,lata
130,Skol_Lata,Tres Rios,TRE_L3,15,-0.0,false,lata
130,Skol_Lata,Alagoinhas,ALA_L1,1,-0.0,false,lata
130,Skol_Lata,Alagoinhas,ALA_L1,2,-0.0,false,lata
130,Skol_Lata,Alagoinhas,ALA_L1,3,-0.0,false,lata
130,Skol_Lata,Alagoinhas,ALA_L1,4,-0.0,false,lata
130,Skol_Lata,Alagoinhas,ALA_L1,5,-0.0,false,lata
130,Skol_Lata,Alagoinhas,ALA_L1,6,-0.0,false,lata
130,Skol_Lata,Alagoinhas,ALA_L1,7,-0.0,false,lata
130,Skol_Lata,Alagoinhas,ALA_L1,8,-0.0,false,lata
130,Skol_Lata,Alagoinhas,ALA_L1,9,-0.0,false,lata
130,Skol_Lata,Alagoinhas,ALA_L1,10,-0.0,false,lata
130,Skol_Lata,Alagoinhas,ALA_L1,11,-0.0,false,lata
130,Skol_Lata,Alagoinhas,ALA_L1,12,-0.0,false,lata
130,Skol_Lata,Alagoinhas,ALA_L1,13,-0.0,false,lata
130,Skol_Lata,Alagoinhas,ALA_L1,14,-0.0,false,lata
130,Skol_Lata,Alagoinhas,ALA_L1,15,-0.0,false,lata
130,Skol_Lata,Alagoinhas,ALA_L2,1,-0.0,false,lata
130,Skol_Lata,Alagoinhas,ALA_L2,2,-0.0,false,lata
130,Skol_Lata,Alagoinhas,ALA_L2,3,-0.0,false,lata
130,Skol_Lata,Alagoinhas,ALA_L2,4,-0.0,false,lata
130,Skol_Lata,Alagoinhas,ALA_L2,5,-0.0,false,lata
130,Skol_Lata,Alagoinhas,ALA_L2,6,-0.0,false,lata
130,Skol_Lata,Alagoinhas,ALA_L2,7,-0.0,false,lata
130,Skol_Lata,Alagoinhas,ALA_L2,8,-0.0,false,lata
130,Skol_Lata,Alagoinhas,ALA_L2,9,-0.0,false,lata
130,Skol_Lata,Alagoinhas,ALA_L2,10,-0.0,false,lata
130,Skol_Lata,Alagoinhas,ALA_L2,11,-0.0,false,lata
130,Skol_Lata,Alagoinhas,ALA_L2,12,-0.0,false,lata
130,Skol_Lata,Alagoinhas,ALA_L2,13,-0.0,false,lata
130,Skol_Lata,Alagoinhas,ALA_L2,14,-0.0,false,lata
130,Skol_Lata,Alagoinhas,ALA_L2,15,-0.0,false,lata
130,Skol_Lata,Alagoinhas,ALA_L3,1,-0.0,false,lata
130,Skol_Lata,Alagoinhas,ALA_L3,2,-0.0,false,lata
130,Skol_Lata,Alagoinhas,ALA_L3,3,-0.0,false,lata
130,Skol_Lata,Alagoinhas,ALA_L3,4,-0.0,false,lata
130,Skol_Lata,Alagoinhas,ALA_L3,5,-0.0,false,lata
130,Skol_Lata,Alagoinhas,ALA_L3,6,-0.0,false,lata
130,Skol_Lata,Alagoinhas,ALA_L3,7,-0.0,false,lata
130,Skol_Lata,Alagoinhas,ALA_L3,8,-0.0,false,lata
130,Skol_Lata,Alagoinhas,ALA_L3,9,-0.0,false,lata
130,Skol_Lata,Alagoinhas,ALA_L3,10,-0.0,false,lata
130,Skol_Lata,Alagoinhas,ALA_L3,11,-0.0,false,lata
130,Skol_Lata,Alagoinhas,ALA_L3,12,-0.0,false,lata
130,Skol_Lata,Alagoinhas,ALA_L3,13,-0.0,false,lata
130,Skol_Lata,Alagoinhas,ALA_L3,14,-0.0,false,lata
130,Skol_Lata,Alagoinhas,ALA_L3,15,-0.0,false,lata
130,Skol_Lata,Frutal,FRU_L1,1,-0.0,false,lata
130,Skol_Lata,Frutal,FRU_L1,2,-0.0,false,lata
130,Skol_Lata,Frutal,FRU_L1,3,-0.0,false,lata
130,Skol_Lata,Frutal,FRU_L1,4,-0.0,false,lata
130,Skol_Lata,Frutal,FRU_L1,5,-0.0,false,lata
130,Skol_Lata,Frutal,FRU_L1,6,-0.0,false,lata
130,Skol_Lata,Frutal,FRU_L1,7,-0.0,false,lata
130,Skol_Lata,Frutal,FRU_L1,8,-0.0,false,lata
130,Skol_Lata,Frutal,FRU_L1,9,-0.0,false,lata
130,Skol_Lata,Frutal,FRU_L1,10,-0.0,false,lata
130,Skol_Lata,Frutal,FRU_L1,11,-0.0,false,lata
130,Skol_Lata,Frutal,FRU_L1,12,-0.0,false,lata
130,Skol_Lata,Frutal,FRU_L1,13,-0.0,false,lata
130,Skol_Lata,Frutal,FRU_L1,14,-0.0,false,lata
130,Skol_Lata,Frutal,FRU_L1,15,-0.0,false,lata
130,Skol_Lata,Frutal,FRU_L2,1,-0.0,false,lata
130,Skol_Lata,Frutal,FRU_L2,2,-0.0,false,lata
130,Skol_Lata,Frutal,FRU_L2,3,-0.0,false,lata
130,Skol_Lata,Frutal,FRU_L2,4,-0.0,false,lata
130,Skol_Lata,Frutal,FRU_L2,5,-0.0,false,lata
130,Skol_Lata,Frutal,FRU_L2,6,-0.0,false,lata
130,Skol_Lata,Frutal,FRU_L2,7,-0.0,false,lata
130,Skol_Lata,Frutal,FRU_L2,8,-0.0,false,lata
130,Skol_Lata,Frutal,FRU_L2,9,-0.0,false,lata
130,Skol_Lata,Frutal,FRU_L2,10,-0.0,false,lata
130,Skol_Lata,Frutal,FRU_L2,11,-0.0,false,lata
130,Skol_Lata,Frutal,FRU_L2,12,-0.0,false,lata
130,Skol_Lata,Frutal,FRU_L2,13,-0.0,false,lata
130,Skol_Lata,Frutal,FRU_L2,14,-0.0,false,lata
130,Skol_Lata,Frutal,FRU_L2,15,-0.0,false,lata
130,Skol_Lata,Frutal,FRU_L3,1,-0.0,false,lata
130,Skol_Lata,Frutal,FRU_L3,2,-0.0,false,lata
130,Skol_Lata,Frutal,FRU_L3,3,-0.0,false,lata
130,Skol_Lata,Frutal,FRU_L3,4,-0.0,false,lata
130,Skol_Lata,Frutal,FRU_L3,5,-0.0,false,lata
130,Skol_Lata,Frutal,FRU_L3,6,-0.0,false,lata
130,Skol_Lata,Frutal,FRU_L3,7,-0.0,false,lata
130,Skol_Lata,Frutal,FRU_L3,8,-1.0e6,true,lata
130,Skol_Lata,Frutal,FRU_L3,9,-0.0,false,lata
130,Skol_Lata,Frutal,FRU_L3,10,-0.0,false,lata
130,Skol_Lata,Frutal,FRU_L3,11,-0.0,false,lata
130,Skol_Lata,Frutal,FRU_L3,12,-0.0,false,lata
130,Skol_Lata,Frutal,FRU_L3,13,-0.0,false,lata
130,Skol_Lata,Frutal,FRU_L3,14,-0.0,false,lata
130,Skol_Lata,Frutal,FRU_L3,15,-1.0e6,true,lata
130,Skol_Lata,Pouso Alegre,POU_L1,1,-0.0,false,lata
130,Skol_Lata,Pouso Alegre,POU_L1,2,-0.0,false,lata
130,Skol_Lata,Pouso Alegre,POU_L1,3,-0.0,false,lata
130,Skol_Lata,Pouso Alegre,POU_L1,4,-0.0,false,lata
130,Skol_Lata,Pouso Alegre,POU_L1,5,-999999.9370238001,false,lata
130,Skol_Lata,Pouso Alegre,POU_L1,6,-0.0,false,lata
130,Skol_Lata,Pouso Alegre,POU_L1,7,-0.0,false,lata
130,Skol_Lata,Pouso Alegre,POU_L1,8,-0.0,false,lata
130,Skol_Lata,Pouso Alegre,POU_L1,9,-0.0,false,lata
130,Skol_Lata,Pouso Alegre,POU_L1,10,-0.0,false,lata
130,Skol_Lata,Pouso Alegre,POU_L1,11,-0.0,false,lata
130,Skol_Lata,Pouso Alegre,POU_L1,12,-0.0,false,lata
130,Skol_Lata,Pouso Alegre,POU_L1,13,-0.0,false,lata
130,Skol_Lata,Pouso Alegre,POU_L1,14,-0.0,false,lata
130,Skol_Lata,Pouso Alegre,POU_L1,15,-0.0,false,lata
130,Skol_Lata,Pouso Alegre,POU_L2,1,-0.0,false,lata
130,Skol_Lata,Pouso Alegre,POU_L2,2,-0.0,false,lata
130,Skol_Lata,Pouso Alegre,POU_L2,3,-0.0,false,lata
130,Skol_Lata,Pouso Alegre,POU_L2,4,-0.0,false,lata
130,Skol_Lata,Pouso Alegre,POU_L2,5,-0.0,false,lata
130,Skol_Lata,Pouso Alegre,POU_L2,6,-0.0,false,lata
130,Skol_Lata,Pouso Alegre,POU_L2,7,-0.0,false,lata
130,Skol_Lata,Pouso Alegre,POU_L2,8,-0.0,false,lata
130,Skol_Lata,Pouso Alegre,POU_L2,9,-0.0,false,lata
130,Skol_Lata,Pouso Alegre,POU_L2,10,-1.0e6,true,lata
130,Skol_Lata,Pouso Alegre,POU_L2,11,-0.0,false,lata
130,Skol_Lata,Pouso Alegre,POU_L2,12,-0.0,false,lata
130,Skol_Lata,Pouso Alegre,POU_L2,13,-0.0,false,lata
130,Skol_Lata,Pouso Alegre,POU_L2,14,-0.0,false,lata
130,Skol_Lata,Pouso Alegre,POU_L2,15,-0.0,false,lata
130,Skol_Lata,Pouso Alegre,POU_L3,1,-0.0,false,lata
130,Skol_Lata,Pouso Alegre,POU_L3,2,-0.0,false,lata
130,Skol_Lata,Pouso Alegre,POU_L3,3,-0.0,false,lata
130,Skol_Lata,Pouso Alegre,POU_L3,4,-999999.9017132,false,lata
130,Skol_Lata,Pouso Alegre,POU_L3,5,-0.0,false,lata
130,Skol_Lata,Pouso Alegre,POU_L3,6,-0.0,false,lata
130,Skol_Lata,Pouso Alegre,POU_L3,7,-0.0,false,lata
130,Skol_Lata,Pouso Alegre,POU_L3,8,-0.0,false,lata
130,Skol_Lata,Pouso Alegre,POU_L3,9,-0.0,false,lata
130,Skol_Lata,Pouso Alegre,POU_L3,10,-0.0,false,lata
130,Skol_Lata,Pouso Alegre,POU_L3,11,-0.0,false,lata
130,Skol_Lata,Pouso Alegre,POU_L3,12,-0.0,false,lata
130,Skol_Lata,Pouso Alegre,POU_L3,13,-0.0,false,lata
130,Skol_Lata,Pouso Alegre,POU_L3,14,-0.0,false,lata
130,Skol_Lata,Pouso Alegre,POU_L3,15,-0.0,false,lata
130,Skol_Lata,Gama,GAM_L1,1,-0.0,false,lata
130,Skol_Lata,Gama,GAM_L1,2,-0.0,false,lata
130,Skol_Lata,Gama,GAM_L1,3,-0.0,false,lata
130,Skol_Lata,Gama,GAM_L1,4,-0.0,false,lata
130,Skol_Lata,Gama,GAM_L1,5,-0.0,false,lata
130,Skol_Lata,Gama,GAM_L1,6,-0.0,false,lata
130,Skol_Lata,Gama,GAM_L1,7,-0.0,false,lata
130,Skol_Lata,Gama,GAM_L1,8,-0.0,false,lata
130,Skol_Lata,Gama,GAM_L1,9,-0.0,false,lata
130,Skol_Lata,Gama,GAM_L1,10,-0.0,false,lata
130,Skol_Lata,Gama,GAM_L1,11,-0.0,false,lata
130,Skol_Lata,Gama,GAM_L1,12,-0.0,false,lata
130,Skol_Lata,Gama,GAM_L1,13,-0.0,false,lata
130,Skol_Lata,Gama,GAM_L1,14,-0.0,false,lata
130,Skol_Lata,Gama,GAM_L1,15,-0.0,false,lata
130,Skol_Lata,Gama,GAM_L2,1,-0.0,false,lata
130,Skol_Lata,Gama,GAM_L2,2,-0.0,false,lata
130,Skol_Lata,Gama,GAM_L2,3,-0.0,false,lata
130,Skol_Lata,Gama,GAM_L2,4,-0.0,false,lata
130,Skol_Lata,Gama,GAM_L2,5,-0.0,false,lata
130,Skol_Lata,Gama,GAM_L2,6,-0.0,false,lata
130,Skol_Lata,Gama,GAM_L2,7,-0.0,false,lata
130,Skol_Lata,Gama,GAM_L2,8,-0.0,false,lata
130,Skol_Lata,Gama,GAM_L2,9,-0.0,false,lata
130,Skol_Lata,Gama,GAM_L2,10,-0.0,false,lata
130,Skol_Lata,Gama,GAM_L2,11,-0.0,false,lata
130,Skol_Lata,Gama,GAM_L2,12,-0.0,false,lata
130,Skol_Lata,Gama,GAM_L2,13,-0.0,false,lata
130,Skol_Lata,Gama,GAM_L2,14,-0.0,false,lata
130,Skol_Lata,Gama,GAM_L2,15,-0.0,false,lata
130,Skol_Lata,Gama,GAM_L3,1,-0.0,false,lata
130,Skol_Lata,Gama,GAM_L3,2,-0.0,false,lata
130,Skol_Lata,Gama,GAM_L3,3,-0.0,false,lata
130,Skol_Lata,Gama,GAM_L3,4,-0.0,false,lata
130,Skol_Lata,Gama,GAM_L3,5,-0.0,false,lata
130,Skol_Lata,Gama,GAM_L3,6,-0.0,false,lata
130,Skol_Lata,Gama,GAM_L3,7,-0.0,false,lata
130,Skol_Lata,Gama,GAM_L3,8,-0.0,false,lata
130,Skol_Lata,Gama,GAM_L3,9,-0.0,false,lata
130,Skol_Lata,Gama,GAM_L3,10,-0.0,false,lata
130,Skol_Lata,Gama,GAM_L3,11,-0.0,false,lata
130,Skol_Lata,Gama,GAM_L3,12,-0.0,false,lata
130,Skol_Lata,Gama,GAM_L3,13,-0.0,false,lata
130,Skol_Lata,Gama,GAM_L3,14,-0.0,false,lata
130,Skol_Lata,Gama,GAM_L3,15,-1.0e6,true,lata
130,Skol_Lata,Viamao,VIA_L1,1,-0.0,false,lata
130,Skol_Lata,Viamao,VIA_L1,2,-0.0,false,lata
130,Skol_Lata,Viamao,VIA_L1,3,-0.0,false,lata
130,Skol_Lata,Viamao,VIA_L1,4,-0.0,false,lata
130,Skol_Lata,Viamao,VIA_L1,5,-0.0,false,lata
130,Skol_Lata,Viamao,VIA_L1,6,-0.0,false,lata
130,Skol_Lata,Viamao,VIA_L1,7,-0.0,false,lata
130,Skol_Lata,Viamao,VIA_L1,8,-0.0,false,lata
130,Skol_Lata,Viamao,VIA_L1,9,-0.0,false,lata
130,Skol_Lata,Viamao,VIA_L1,10,-0.0,false,lata
130,Skol_Lata,Viamao,VIA_L1,11,-0.0,false,lata
130,Skol_Lata,Viamao,VIA_L1,12,-0.0,false,lata
130,Skol_Lata,Viamao,VIA_L1,13,-0.0,false,lata
130,Skol_Lata,Viamao,VIA_L1,14,-0.0,false,lata
130,Skol_Lata,Viamao,VIA_L1,15,-0.0,false,lata
130,Skol_Lata,Viamao,VIA_L2,1,-1.0e6,true,lata
130,Skol_Lata,Viamao,VIA_L2,2,-0.0,false,lata
130,Skol_Lata,Viamao,VIA_L2,3,-0.0,false,lata
130,Skol_Lata,Viamao,VIA_L2,4,-0.0,false,lata
130,Skol_Lata,Viamao,VIA_L2,5,-0.0,false,lata
130,Skol_Lata,Viamao,VIA_L2,6,-0.0,false,lata
130,Skol_Lata,Viamao,VIA_L2,7,-0.0,false,lata
130,Skol_Lata,Viamao,VIA_L2,8,-0.0,false,lata
130,Skol_Lata,Viamao,VIA_L2,9,-0.0,false,lata
130,Skol_Lata,Viamao,VIA_L2,10,-0.0,false,lata
130,Skol_Lata,Viamao,VIA_L2,11,-0.0,false,lata
130,Skol_Lata,Viamao,VIA_L2,12,-0.0,false,lata
130,Skol_Lata,Viamao,VIA_L2,13,-0.0,false,lata
130,Skol_Lata,Viamao,VIA_L2,14,-0.0,false,lata
130,Skol_Lata,Viamao,VIA_L2,15,-1.0e6,true,lata
130,Skol_Lata,Viamao,VIA_L3,1,-0.0,false,lata
130,Skol_Lata,Viamao,VIA_L3,2,-0.0,false,lata
130,Skol_Lata,Viamao,VIA_L3,3,-0.0,false,lata
130,Skol_Lata,Viamao,VIA_L3,4,-0.0,false,lata
130,Skol_Lata,Viamao,VIA_L3,5,-0.0,false,lata
130,Skol_Lata,Viamao,VIA_L3,6,-0.0,false,lata
130,Skol_Lata,Viamao,VIA_L3,7,-0.0,false,lata
130,Skol_Lata,Viamao,VIA_L3,8,-0.0,false,lata
130,Skol_Lata,Viamao,VIA_L3,9,-0.0,false,lata
130,Skol_Lata,Viamao,VIA_L3,10,-0.0,false,lata
130,Skol_Lata,Viamao,VIA_L3,11,-0.0,false,lata
130,Skol_Lata,Viamao,VIA_L3,12,-0.0,false,lata
130,Skol_Lata,Viamao,VIA_L3,13,-0.0,false,lata
130,Skol_Lata,Viamao,VIA_L3,14,-0.0,false,lata
130,Skol_Lata,Viamao,VIA_L3,15,-0.0,false,lata
130,Skol_Lata,Itupeva,ITU_L1,1,-0.0,false,lata
130,Skol_Lata,Itupeva,ITU_L1,2,-0.0,false,lata
130,Skol_Lata,Itupeva,ITU_L1,3,-0.0,false,lata
130,Skol_Lata,Itupeva,ITU_L1,4,-0.0,false,lata
130,Skol_Lata,Itupeva,ITU_L1,5,-0.0,false,lata
130,Skol_Lata,Itupeva,ITU_L1,6,-0.0,false,lata
130,Skol_Lata,Itupeva,ITU_L1,7,-0.0,false,lata
130,Skol_Lata,Itupeva,ITU_L1,8,-0.0,false,lata
130,Skol_Lata,Itupeva,ITU_L1,9,-0.0,false,lata
130,Skol_Lata,Itupeva,ITU_L1,10,-0.0,false,lata
130,Skol_Lata,Itupeva,ITU_L1,11,-0.0,false,lata
130,Skol_Lata,Itupeva,ITU_L1,12,-0.0,false,lata
130,Skol_Lata,Itupeva,ITU_L1,13,-0.0,false,lata
130,Skol_Lata,Itupeva,ITU_L1,14,-0.0,false,lata
130,Skol_Lata,Itupeva,ITU_L1,15,-0.0,false,lata
130,Skol_Lata,Itupeva,ITU_L2,1,-0.0,false,lata
130,Skol_Lata,Itupeva,ITU_L2,2,-0.0,false,lata
130,Skol_Lata,Itupeva,ITU_L2,3,-0.0,false,lata
130,Skol_Lata,Itupeva,ITU_L2,4,-0.0,false,lata
130,Skol_Lata,Itupeva,ITU_L2,5,-0.0,false,lata
130,Skol_Lata,Itupeva,ITU_L2,6,-0.0,false,lata
130,Skol_Lata,Itupeva,ITU_L2,7,-0.0,false,lata
130,Skol_Lata,Itupeva,ITU_L2,8,-0.0,false,lata
130,Skol_Lata,Itupeva,ITU_L2,9,-0.0,false,lata
130,Skol_Lata,Itupeva,ITU_L2,10,-0.0,false,lata
130,Skol_Lata,Itupeva,ITU_L2,11,-0.0,false,lata
130,Skol_Lata,Itupeva,ITU_L2,12,-0.0,false,lata
130,Skol_Lata,Itupeva,ITU_L2,13,-0.0,false,lata
130,Skol_Lata,Itupeva,ITU_L2,14,-0.0,false,lata
130,Skol_Lata,Itupeva,ITU_L2,15,-0.0,false,lata
130,Skol_Lata,Itupeva,ITU_L3,1,-0.0,false,lata
130,Skol_Lata,Itupeva,ITU_L3,2,-0.0,false,lata
130,Skol_Lata,Itupeva,ITU_L3,3,-0.0,false,lata
130,Skol_Lata,Itupeva,ITU_L3,4,-0.0,false,lata
130,Skol_Lata,Itupeva,ITU_L3,5,-0.0,false,lata
130,Skol_Lata,Itupeva,ITU_L3,6,-0.0,false,lata
130,Skol_Lata,Itupeva,ITU_L3,7,-0.0,false,lata
130,Skol_Lata,Itupeva,ITU_L3,8,-0.0,false,lata
130,Skol_Lata,Itupeva,ITU_L3,9,-0.0,false,lata
130,Skol_Lata,Itupeva,ITU_L3,10,-0.0,false,lata
130,Skol_Lata,Itupeva,ITU_L3,11,-0.0,false,lata
130,Skol_Lata,Itupeva,ITU_L3,12,-0.0,false,lata
130,Skol_Lata,Itupeva,ITU_L3,13,-0.0,false,lata
130,Skol_Lata,Itupeva,ITU_L3,14,-0.0,false,lata
130,Skol_Lata,Itupeva,ITU_L3,15,-0.0,false,lata
130,Skol_Lata,Cabo de Santo Agostinho,CAB_L1,1,-0.0,false,lata
130,Skol_Lata,Cabo de Santo Agostinho,CAB_L1,2,-0.0,false,lata
130,Skol_Lata,Cabo de Santo Agostinho,CAB_L1,3,-0.0,false,lata
130,Skol_Lata,Cabo de Santo Agostinho,CAB_L1,4,-0.0,false,lata
130,Skol_Lata,Cabo de Santo Agostinho,CAB_L1,5,-0.0,false,lata
130,Skol_Lata,Cabo de Santo Agostinho,CAB_L1,6,-0.0,false,lata
130,Skol_Lata,Cabo de Santo Agostinho,CAB_L1,7,-0.0,false,lata
130,Skol_Lata,Cabo de Santo Agostinho,CAB_L1,8,-0.0,false,lata
130,Skol_Lata,Cabo de Santo Agostinho,CAB_L1,9,-0.0,false,lata
130,Skol_Lata,Cabo de Santo Agostinho,CAB_L1,10,-0.0,false,lata
130,Skol_Lata,Cabo de Santo Agostinho,CAB_L1,11,-0.0,false,lata
130,Skol_Lata,Cabo de Santo Agostinho,CAB_L1,12,-0.0,false,lata
130,Skol_Lata,Cabo de Santo Agostinho,CAB_L1,13,-0.0,false,lata
130,Skol_Lata,Cabo de Santo Agostinho,CAB_L1,14,-0.0,false,lata
130,Skol_Lata,Cabo de Santo Agostinho,CAB_L1,15,-0.0,false,lata
130,Skol_Lata,Cabo de Santo Agostinho,CAB_L2,1,-0.0,false,lata
130,Skol_Lata,Cabo de Santo Agostinho,CAB_L2,2,-0.0,false,lata
130,Skol_Lata,Cabo de Santo Agostinho,CAB_L2,3,-0.0,false,lata
130,Skol_Lata,Cabo de Santo Agostinho,CAB_L2,4,-0.0,false,lata
130,Skol_Lata,Cabo de Santo Agostinho,CAB_L2,5,-0.0,false,lata
130,Skol_Lata,Cabo de Santo Agostinho,CAB_L2,6,-0.0,false,lata
130,Skol_Lata,Cabo de Santo Agostinho,CAB_L2,7,-0.0,false,lata
130,Skol_Lata,Cabo de Santo Agostinho,CAB_L2,8,-0.0,false,lata
130,Skol_Lata,Cabo de Santo Agostinho,CAB_L2,9,-0.0,false,lata
130,Skol_Lata,Cabo de Santo Agostinho,CAB_L2,10,-999999.92511445,false,lata
130,Skol_Lata,Cabo de Santo Agostinho,CAB_L2,11,-0.0,false,lata
130,Skol_Lata,Cabo de Santo Agostinho,CAB_L2,12,-0.0,false,lata
130,Skol_Lata,Cabo de Santo Agostinho,CAB_L2,13,-0.0,false,lata
130,Skol_Lata,Cabo de Santo Agostinho,CAB_L2,14,-0.0,false,lata
130,Skol_Lata,Cabo de Santo Agostinho,CAB_L2,15,-0.0,false,lata
130,Skol_Lata,Cabo de Santo Agostinho,CAB_L3,1,-0.0,false,lata
130,Skol_Lata,Cabo de Santo Agostinho,CAB_L3,2,-0.0,false,lata
130,Skol_Lata,Cabo de Santo Agostinho,CAB_L3,3,-0.0,false,lata
130,Skol_Lata,Cabo de Santo Agostinho,CAB_L3,4,-0.0,false,lata
130,Skol_Lata,Cabo de Santo Agostinho,CAB_L3,5,-1.0e6,true,lata
130,Skol_Lata,Cabo de Santo Agostinho,CAB_L3,6,-0.0,false,lata
130,Skol_Lata,Cabo de Santo Agostinho,CAB_L3,7,-0.0,false,lata
130,Skol_Lata,Cabo de Santo Agostinho,CAB_L3,8,-0.0,false,lata
130,Skol_Lata,Cabo de Santo Agostinho,CAB_L3,9,-0.0,false,lata
130,Skol_Lata,Cabo de Santo Agostinho,CAB_L3,10,-0.0,false,lata
130,Skol_Lata,Cabo de Santo Agostinho,CAB_L3,11,-0.0,false,lata
130,Skol_Lata,Cabo de Santo Agostinho,CAB_L3,12,-0.0,false,lata
130,Skol_Lata,Cabo de Santo Agostinho,CAB_L3,13,-0.0,false,lata
130,Skol_Lata,Cabo de Santo Agostinho,CAB_L3,14,-0.0,false,lata
130,Skol_Lata,Cabo de Santo Agostinho,CAB_L3,15,-0.0,false,lata
130,Itubaina,Jacarei,JAC_L1,1,-0.0,false,lata
130,Itubaina,Jacarei,JAC_L1,2,-0.0,false,lata
130,Itubaina,Jacarei,JAC_L1,3,-0.0,false,lata
130,Itubaina,Jacarei,JAC_L1,4,-0.0,false,lata
130,Itubaina,Jacarei,JAC_L1,5,-0.0,false,lata
130,Itubaina,Jacarei,JAC_L1,6,-0.0,false,lata
130,Itubaina,Jacarei,JAC_L1,7,-999999.7681477501,false,lata
130,Itubaina,Jacarei,JAC_L1,8,-0.0,false,lata
130,Itubaina,Jacarei,JAC_L1,9,-0.0,false,lata
130,Itubaina,Jacarei,JAC_L1,10,-0.0,false,lata
130,Itubaina,Jacarei,JAC_L1,11,-0.0,false,lata
130,Itubaina,Jacarei,JAC_L1,12,-0.0,false,lata
130,Itubaina,Jacarei,JAC_L1,13,-999998.24309585,false,lata
130,Itubaina,Jacarei,JAC_L1,14,-0.0,false,lata
130,Itubaina,Jacarei,JAC_L1,15,-0.0,false,lata
130,Itubaina,Jacarei,JAC_L2,1,-0.0,false,lata
130,Itubaina,Jacarei,JAC_L2,2,-0.0,false,lata
130,Itubaina,Jacarei,JAC_L2,3,-0.0,false,lata
130,Itubaina,Jacarei,JAC_L2,4,-999999.4470320998,false,lata
130,Itubaina,Jacarei,JAC_L2,5,-0.0,false,lata
130,Itubaina,Jacarei,JAC_L2,6,-0.0,false,lata
130,Itubaina,Jacarei,JAC_L2,7,-0.0,false,lata
130,Itubaina,Jacarei,JAC_L2,8,-0.0,false,lata
130,Itubaina,Jacarei,JAC_L2,9,-0.0,false,lata
130,Itubaina,Jacarei,JAC_L2,10,-999999.2449038998,false,lata
130,Itubaina,Jacarei,JAC_L2,11,-0.0,false,lata
130,Itubaina,Jacarei,JAC_L2,12,-0.0,false,lata
130,Itubaina,Jacarei,JAC_L2,13,-0.0,false,lata
130,Itubaina,Jacarei,JAC_L2,14,-0.0,false,lata
130,Itubaina,Jacarei,JAC_L2,15,-0.0,false,lata
130,Itubaina,Jacarei,JAC_L3,1,-0.0,false,lata
130,Itubaina,Jacarei,JAC_L3,2,-0.0,false,lata
130,Itubaina,Jacarei,JAC_L3,3,-0.0,false,lata
130,Itubaina,Jacarei,JAC_L3,4,-999999.4470320998,false,lata
130,Itubaina,Jacarei,JAC_L3,5,-0.0,false,lata
130,Itubaina,Jacarei,JAC_L3,6,-0.0,false,lata
130,Itubaina,Jacarei,JAC_L3,7,-0.0,false,lata
130,Itubaina,Jacarei,JAC_L3,8,-0.0,false,lata
130,Itubaina,Jacarei,JAC_L3,9,-0.0,false,lata
130,Itubaina,Jacarei,JAC_L3,10,-0.0,false,lata
130,Itubaina,Jacarei,JAC_L3,11,-0.0,false,lata
130,Itubaina,Jacarei,JAC_L3,12,-0.0,false,lata
130,Itubaina,Jacarei,JAC_L3,13,-0.0,false,lata
130,Itubaina,Jacarei,JAC_L3,14,-0.0,false,lata
130,Itubaina,Jacarei,JAC_L3,15,-0.0,false,lata
130,Itubaina,Extrema,EXT_L1,1,-0.0,false,lata
130,Itubaina,Extrema,EXT_L1,2,-0.0,false,lata
130,Itubaina,Extrema,EXT_L1,3,-0.0,false,lata
130,Itubaina,Extrema,EXT_L1,4,-0.0,false,lata
130,Itubaina,Extrema,EXT_L1,5,-0.0,false,lata
130,Itubaina,Extrema,EXT_L1,6,-0.0,false,lata
130,Itubaina,Extrema,EXT_L1,7,-0.0,false,lata
130,Itubaina,Extrema,EXT_L1,8,-0.0,false,lata
130,Itubaina,Extrema,EXT_L1,9,-0.0,false,lata
130,Itubaina,Extrema,EXT_L1,10,-0.0,false,lata
130,Itubaina,Extrema,EXT_L1,11,-0.0,false,lata
130,Itubaina,Extrema,EXT_L1,12,-0.0,false,lata
130,Itubaina,Extrema,EXT_L1,13,-0.0,false,lata
130,Itubaina,Extrema,EXT_L1,14,-0.0,false,lata
130,Itubaina,Extrema,EXT_L1,15,-0.0,false,lata
130,Itubaina,Extrema,EXT_L2,1,-0.0,false,lata
130,Itubaina,Extrema,EXT_L2,2,-0.0,false,lata
130,Itubaina,Extrema,EXT_L2,3,-0.0,false,lata
130,Itubaina,Extrema,EXT_L2,4,-999999.4443462498,false,lata
130,Itubaina,Extrema,EXT_L2,5,-0.0,false,lata
130,Itubaina,Extrema,EXT_L2,6,-0.0,false,lata
130,Itubaina,Extrema,EXT_L2,7,-0.0,false,lata
130,Itubaina,Extrema,EXT_L2,8,-0.0,false,lata
130,Itubaina,Extrema,EXT_L2,9,-0.0,false,lata
130,Itubaina,Extrema,EXT_L2,10,-0.0,false,lata
130,Itubaina,Extrema,EXT_L2,11,-0.0,false,lata
130,Itubaina,Extrema,EXT_L2,12,-0.0,false,lata
130,Itubaina,Extrema,EXT_L2,13,-0.0,false,lata
130,Itubaina,Extrema,EXT_L2,14,-0.0,false,lata
130,Itubaina,Extrema,EXT_L2,15,-0.0,false,lata
130,Itubaina,Extrema,EXT_L3,1,-0.0,false,lata
130,Itubaina,Extrema,EXT_L3,2,-0.0,false,lata
130,Itubaina,Extrema,EXT_L3,3,-0.0,false,lata
130,Itubaina,Extrema,EXT_L3,4,-0.0,false,lata
130,Itubaina,Extrema,EXT_L3,5,-0.0,false,lata
130,Itubaina,Extrema,EXT_L3,6,-0.0,false,lata
130,Itubaina,Extrema,EXT_L3,7,-0.0,false,lata
130,Itubaina,Extrema,EXT_L3,8,-0.0,false,lata
130,Itubaina,Extrema,EXT_L3,9,-0.0,false,lata
130,Itubaina,Extrema,EXT_L3,10,-0.0,false,lata
130,Itubaina,Extrema,EXT_L3,11,-0.0,false,lata
130,Itubaina,Extrema,EXT_L3,12,-0.0,false,lata
130,Itubaina,Extrema,EXT_L3,13,-0.0,false,lata
130,Itubaina,Extrema,EXT_L3,14,-0.0,false,lata
130,Itubaina,Extrema,EXT_L3,15,-0.0,false,lata
130,Itubaina,Tres Rios,TRE_L1,1,-0.0,false,lata
130,Itubaina,Tres Rios,TRE_L1,2,-0.0,false,lata
130,Itubaina,Tres Rios,TRE_L1,3,-0.0,false,lata
130,Itubaina,Tres Rios,TRE_L1,4,-0.0,false,lata
130,Itubaina,Tres Rios,TRE_L1,5,-0.0,false,lata
130,Itubaina,Tres Rios,TRE_L1,6,-0.0,false,lata
130,Itubaina,Tres Rios,TRE_L1,7,-0.0,false,lata
130,Itubaina,Tres Rios,TRE_L1,8,-0.0,false,lata
130,Itubaina,Tres Rios,TRE_L1,9,-0.0,false,lata
130,Itubaina,Tres Rios,TRE_L1,10,-0.0,false,lata
130,Itubaina,Tres Rios,TRE_L1,11,-0.0,false,lata
130,Itubaina,Tres Rios,TRE_L1,12,-0.0,false,lata
130,Itubaina,Tres Rios,TRE_L1,13,-0.0,false,lata
130,Itubaina,Tres Rios,TRE_L1,14,-0.0,false,lata
130,Itubaina,Tres Rios,TRE_L1,15,-0.0,false,lata
130,Itubaina,Tres Rios,TRE_L2,1,-0.0,false,lata
130,Itubaina,Tres Rios,TRE_L2,2,-0.0,false,lata
130,Itubaina,Tres Rios,TRE_L2,3,-0.0,false,lata
130,Itubaina,Tres Rios,TRE_L2,4,-0.0,false,lata
130,Itubaina,Tres Rios,TRE_L2,5,-0.0,false,lata
130,Itubaina,Tres Rios,TRE_L2,6,-0.0,false,lata
130,Itubaina,Tres Rios,TRE_L2,7,-0.0,false,lata
130,Itubaina,Tres Rios,TRE_L2,8,-0.0,false,lata
130,Itubaina,Tres Rios,TRE_L2,9,-0.0,false,lata
130,Itubaina,Tres Rios,TRE_L2,10,-0.0,false,lata
130,Itubaina,Tres Rios,TRE_L2,11,-0.0,false,lata
130,Itubaina,Tres Rios,TRE_L2,12,-0.0,false,lata
130,Itubaina,Tres Rios,TRE_L2,13,-0.0,false,lata
130,Itubaina,Tres Rios,TRE_L2,14,-0.0,false,lata
130,Itubaina,Tres Rios,TRE_L2,15,-0.0,false,lata
130,Itubaina,Tres Rios,TRE_L3,1,-0.0,false,lata
130,Itubaina,Tres Rios,TRE_L3,2,-0.0,false,lata
130,Itubaina,Tres Rios,TRE_L3,3,-0.0,false,lata
130,Itubaina,Tres Rios,TRE_L3,4,-0.0,false,lata
130,Itubaina,Tres Rios,TRE_L3,5,-0.0,false,lata
130,Itubaina,Tres Rios,TRE_L3,6,-0.0,false,lata
130,Itubaina,Tres Rios,TRE_L3,7,-999999.7618377497,false,lata
130,Itubaina,Tres Rios,TRE_L3,8,-0.0,false,lata
130,Itubaina,Tres Rios,TRE_L3,9,-0.0,false,lata
130,Itubaina,Tres Rios,TRE_L3,10,-0.0,false,lata
130,Itubaina,Tres Rios,TRE_L3,11,-0.0,false,lata
130,Itubaina,Tres Rios,TRE_L3,12,-0.0,false,lata
130,Itubaina,Tres Rios,TRE_L3,13,-0.0,false,lata
130,Itubaina,Tres Rios,TRE_L3,14,-0.0,false,lata
130,Itubaina,Tres Rios,TRE_L3,15,-0.0,false,lata
130,Itubaina,Alagoinhas,ALA_L1,1,-0.0,false,lata
130,Itubaina,Alagoinhas,ALA_L1,2,-0.0,false,lata
130,Itubaina,Alagoinhas,ALA_L1,3,-0.0,false,lata
130,Itubaina,Alagoinhas,ALA_L1,4,-0.0,false,lata
130,Itubaina,Alagoinhas,ALA_L1,5,-0.0,false,lata
130,Itubaina,Alagoinhas,ALA_L1,6,-0.0,false,lata
130,Itubaina,Alagoinhas,ALA_L1,7,-0.0,false,lata
130,Itubaina,Alagoinhas,ALA_L1,8,-0.0,false,lata
130,Itubaina,Alagoinhas,ALA_L1,9,-0.0,false,lata
130,Itubaina,Alagoinhas,ALA_L1,10,-0.0,false,lata
130,Itubaina,Alagoinhas,ALA_L1,11,-0.0,false,lata
130,Itubaina,Alagoinhas,ALA_L1,12,-0.0,false,lata
130,Itubaina,Alagoinhas,ALA_L1,13,-0.0,false,lata
130,Itubaina,Alagoinhas,ALA_L1,14,-999998.5738754,false,lata
130,Itubaina,Alagoinhas,ALA_L1,15,-0.0,false,lata
130,Itubaina,Alagoinhas,ALA_L2,1,-0.0,false,lata
130,Itubaina,Alagoinhas,ALA_L2,2,-0.0,false,lata
130,Itubaina,Alagoinhas,ALA_L2,3,-0.0,false,lata
130,Itubaina,Alagoinhas,ALA_L2,4,-0.0,false,lata
130,Itubaina,Alagoinhas,ALA_L2,5,-0.0,false,lata
130,Itubaina,Alagoinhas,ALA_L2,6,-999999.49900205,false,lata
130,Itubaina,Alagoinhas,ALA_L2,7,-0.0,false,lata
130,Itubaina,Alagoinhas,ALA_L2,8,-999998.7147670499,false,lata
130,Itubaina,Alagoinhas,ALA_L2,9,-0.0,false,lata
130,Itubaina,Alagoinhas,ALA_L2,10,-0.0,false,lata
130,Itubaina,Alagoinhas,ALA_L2,11,-999999.5704863499,false,lata
130,Itubaina,Alagoinhas,ALA_L2,12,-0.0,false,lata
130,Itubaina,Alagoinhas,ALA_L2,13,-0.0,false,lata
130,Itubaina,Alagoinhas,ALA_L2,14,-0.0,false,lata
130,Itubaina,Alagoinhas,ALA_L2,15,-0.0,false,lata
130,Itubaina,Alagoinhas,ALA_L3,1,-0.0,false,lata
130,Itubaina,Alagoinhas,ALA_L3,2,-0.0,false,lata
130,Itubaina,Alagoinhas,ALA_L3,3,-0.0,false,lata
130,Itubaina,Alagoinhas,ALA_L3,4,-0.0,false,lata
130,Itubaina,Alagoinhas,ALA_L3,5,-0.0,false,lata
130,Itubaina,Alagoinhas,ALA_L3,6,-0.0,false,lata
130,Itubaina,Alagoinhas,ALA_L3,7,-0.0,false,lata
130,Itubaina,Alagoinhas,ALA_L3,8,-0.0,false,lata
130,Itubaina,Alagoinhas,ALA_L3,9,-0.0,false,lata
130,Itubaina,Alagoinhas,ALA_L3,10,-0.0,false,lata
130,Itubaina,Alagoinhas,ALA_L3,11,-0.0,false,lata
130,Itubaina,Alagoinhas,ALA_L3,12,-0.0,false,lata
130,Itubaina,Alagoinhas,ALA_L3,13,-0.0,false,lata
130,Itubaina,Alagoinhas,ALA_L3,14,-0.0,false,lata
130,Itubaina,Alagoinhas,ALA_L3,15,-0.0,false,lata
130,Itubaina,Frutal,FRU_L1,1,-0.0,false,lata
130,Itubaina,Frutal,FRU_L1,2,-0.0,false,lata
130,Itubaina,Frutal,FRU_L1,3,-0.0,false,lata
130,Itubaina,Frutal,FRU_L1,4,-0.0,false,lata
130,Itubaina,Frutal,FRU_L1,5,-0.0,false,lata
130,Itubaina,Frutal,FRU_L1,6,-0.0,false,lata
130,Itubaina,Frutal,FRU_L1,7,-0.0,false,lata
130,Itubaina,Frutal,FRU_L1,8,-0.0,false,lata
130,Itubaina,Frutal,FRU_L1,9,-0.0,false,lata
130,Itubaina,Frutal,FRU_L1,10,-0.0,false,lata
130,Itubaina,Frutal,FRU_L1,11,-999999.5421797498,false,lata
130,Itubaina,Frutal,FRU_L1,12,-0.0,false,lata
130,Itubaina,Frutal,FRU_L1,13,-0.0,false,lata
130,Itubaina,Frutal,FRU_L1,14,-0.0,false,lata
130,Itubaina,Frutal,FRU_L1,15,-0.0,false,lata
130,Itubaina,Frutal,FRU_L2,1,-0.0,false,lata
130,Itubaina,Frutal,FRU_L2,2,-0.0,false,lata
130,Itubaina,Frutal,FRU_L2,3,-0.0,false,lata
130,Itubaina,Frutal,FRU_L2,4,-0.0,false,lata
130,Itubaina,Frutal,FRU_L2,5,-0.0,false,lata
130,Itubaina,Frutal,FRU_L2,6,-0.0,false,lata
130,Itubaina,Frutal,FRU_L2,7,-0.0,false,lata
130,Itubaina,Frutal,FRU_L2,8,-0.0,false,lata
130,Itubaina,Frutal,FRU_L2,9,-0.0,false,lata
130,Itubaina,Frutal,FRU_L2,10,-999999.2384797498,false,lata
130,Itubaina,Frutal,FRU_L2,11,-0.0,false,lata
130,Itubaina,Frutal,FRU_L2,12,-0.0,false,lata
130,Itubaina,Frutal,FRU_L2,13,-0.0,false,lata
130,Itubaina,Frutal,FRU_L2,14,-0.0,false,lata
130,Itubaina,Frutal,FRU_L2,15,-0.0,false,lata
130,Itubaina,Frutal,FRU_L3,1,-999999.6050904499,false,lata
130,Itubaina,Frutal,FRU_L3,2,-0.0,false,lata
130,Itubaina,Frutal,FRU_L3,3,-999999.1491414498,false,lata
130,Itubaina,Frutal,FRU_L3,4,-0.0,false,lata
130,Itubaina,Frutal,FRU_L3,5,-0.0,false,lata
130,Itubaina,Frutal,FRU_L3,6,-0.0,false,lata
130,Itubaina,Frutal,FRU_L3,7,-0.0,false,lata
130,Itubaina,Frutal,FRU_L3,8,-0.0,false,lata
130,Itubaina,Frutal,FRU_L3,9,-0.0,false,lata
130,Itubaina,Frutal,FRU_L3,10,-0.0,false,lata
130,Itubaina,Frutal,FRU_L3,11,-0.0,false,lata
130,Itubaina,Frutal,FRU_L3,12,-0.0,false,lata
130,Itubaina,Frutal,FRU_L3,13,-0.0,false,lata
130,Itubaina,Frutal,FRU_L3,14,-0.0,false,lata
130,Itubaina,Frutal,FRU_L3,15,-0.0,false,lata
130,Itubaina,Pouso Alegre,POU_L1,1,-0.0,false,lata
130,Itubaina,Pouso Alegre,POU_L1,2,-0.0,false,lata
130,Itubaina,Pouso Alegre,POU_L1,3,-0.0,false,lata
130,Itubaina,Pouso Alegre,POU_L1,4,-0.0,false,lata
130,Itubaina,Pouso Alegre,POU_L1,5,-0.0,false,lata
130,Itubaina,Pouso Alegre,POU_L1,6,-0.0,false,lata
130,Itubaina,Pouso Alegre,POU_L1,7,-0.0,false,lata
130,Itubaina,Pouso Alegre,POU_L1,8,-0.0,false,lata
130,Itubaina,Pouso Alegre,POU_L1,9,-0.0,false,lata
130,Itubaina,Pouso Alegre,POU_L1,10,-0.0,false,lata
130,Itubaina,Pouso Alegre,POU_L1,11,-0.0,false,lata
130,Itubaina,Pouso Alegre,POU_L1,12,-0.0,false,lata
130,Itubaina,Pouso Alegre,POU_L1,13,-0.0,false,lata
130,Itubaina,Pouso Alegre,POU_L1,14,-0.0,false,lata
130,Itubaina,Pouso Alegre,POU_L1,15,-0.0,false,lata
130,Itubaina,Pouso Alegre,POU_L2,1,-0.0,false,lata
130,Itubaina,Pouso Alegre,POU_L2,2,-0.0,false,lata
130,Itubaina,Pouso Alegre,POU_L2,3,-0.0,false,lata
130,Itubaina,Pouso Alegre,POU_L2,4,-0.0,false,lata
130,Itubaina,Pouso Alegre,POU_L2,5,-999999.2000000001,false,lata
130,Itubaina,Pouso Alegre,POU_L2,6,-0.0,false,lata
130,Itubaina,Pouso Alegre,POU_L2,7,-0.0,false,lata
130,Itubaina,Pouso Alegre,POU_L2,8,-0.0,false,lata
130,Itubaina,Pouso Alegre,POU_L2,9,-0.0,false,lata
130,Itubaina,Pouso Alegre,POU_L2,10,-0.0,false,lata
130,Itubaina,Pouso Alegre,POU_L2,11,-0.0,false,lata
130,Itubaina,Pouso Alegre,POU_L2,12,-0.0,false,lata
130,Itubaina,Pouso Alegre,POU_L2,13,-0.0,false,lata
130,Itubaina,Pouso Alegre,POU_L2,14,-0.0,false,lata
130,Itubaina,Pouso Alegre,POU_L2,15,-0.0,false,lata
130,Itubaina,Pouso Alegre,POU_L3,1,-0.0,false,lata
130,Itubaina,Pouso Alegre,POU_L3,2,-0.0,false,lata
130,Itubaina,Pouso Alegre,POU_L3,3,-0.0,false,lata
130,Itubaina,Pouso Alegre,POU_L3,4,-0.0,false,lata
130,Itubaina,Pouso Alegre,POU_L3,5,-0.0,false,lata
130,Itubaina,Pouso Alegre,POU_L3,6,-999999.4825,false,lata
130,Itubaina,Pouso Alegre,POU_L3,7,-999999.7698309501,false,lata
130,Itubaina,Pouso Alegre,POU_L3,8,-0.0,false,lata
130,Itubaina,Pouso Alegre,POU_L3,9,-0.0,false,lata
130,Itubaina,Pouso Alegre,POU_L3,10,-999999.2442922498,false,lata
130,Itubaina,Pouso Alegre,POU_L3,11,-0.0,false,lata
130,Itubaina,Pouso Alegre,POU_L3,12,-0.0,false,lata
130,Itubaina,Pouso Alegre,POU_L3,13,-0.0,false,lata
130,Itubaina,Pouso Alegre,POU_L3,14,-0.0,false,lata
130,Itubaina,Pouso Alegre,POU_L3,15,-0.0,false,lata
130,Itubaina,Gama,GAM_L1,1,-0.0,false,lata
130,Itubaina,Gama,GAM_L1,2,-999998.8759453997,false,lata
130,Itubaina,Gama,GAM_L1,3,-0.0,false,lata
130,Itubaina,Gama,GAM_L1,4,-0.0,false,lata
130,Itubaina,Gama,GAM_L1,5,-0.0,false,lata
130,Itubaina,Gama,GAM_L1,6,-0.0,false,lata
130,Itubaina,Gama,GAM_L1,7,-999999.77756135,false,lata
130,Itubaina,Gama,GAM_L1,8,-0.0,false,lata
130,Itubaina,Gama,GAM_L1,9,-0.0,false,lata
130,Itubaina,Gama,GAM_L1,10,-0.0,false,lata
130,Itubaina,Gama,GAM_L1,11,-0.0,false,lata
130,Itubaina,Gama,GAM_L1,12,-0.0,false,lata
130,Itubaina,Gama,GAM_L1,13,-0.0,false,lata
130,Itubaina,Gama,GAM_L1,14,-0.0,false,lata
130,Itubaina,Gama,GAM_L1,15,-999998.8424255499,false,lata
130,Itubaina,Gama,GAM_L2,1,-0.0,false,lata
130,Itubaina,Gama,GAM_L2,2,-0.0,false,lata
130,Itubaina,Gama,GAM_L2,3,-0.0,false,lata
130,Itubaina,Gama,GAM_L2,4,-999999.4463170997,false,lata
130,Itubaina,Gama,GAM_L2,5,-0.0,false,lata
130,Itubaina,Gama,GAM_L2,6,-0.0,false,lata
130,Itubaina,Gama,GAM_L2,7,-0.0,false,lata
130,Itubaina,Gama,GAM_L2,8,-0.0,false,lata
130,Itubaina,Gama,GAM_L2,9,-0.0,false,lata
130,Itubaina,Gama,GAM_L2,10,-0.0,false,lata
130,Itubaina,Gama,GAM_L2,11,-0.0,false,lata
130,Itubaina,Gama,GAM_L2,12,-0.0,false,lata
130,Itubaina,Gama,GAM_L2,13,-0.0,false,lata
130,Itubaina,Gama,GAM_L2,14,-0.0,false,lata
130,Itubaina,Gama,GAM_L2,15,-0.0,false,lata
130,Itubaina,Gama,GAM_L3,1,-999999.5856579,false,lata
130,Itubaina,Gama,GAM_L3,2,-0.0,false,lata
130,Itubaina,Gama,GAM_L3,3,-0.0,false,lata
130,Itubaina,Gama,GAM_L3,4,-0.0,false,lata
130,Itubaina,Gama,GAM_L3,5,-0.0,false,lata
130,Itubaina,Gama,GAM_L3,6,-0.0,false,lata
130,Itubaina,Gama,GAM_L3,7,-0.0,false,lata
130,Itubaina,Gama,GAM_L3,8,-0.0,false,lata
130,Itubaina,Gama,GAM_L3,9,-0.0,false,lata
130,Itubaina,Gama,GAM_L3,10,-999999.2190471998,false,lata
130,Itubaina,Gama,GAM_L3,11,-0.0,false,lata
130,Itubaina,Gama,GAM_L3,12,-0.0,false,lata
130,Itubaina,Gama,GAM_L3,13,-0.0,false,lata
130,Itubaina,Gama,GAM_L3,14,-0.0,false,lata
130,Itubaina,Gama,GAM_L3,15,-0.0,false,lata
130,Itubaina,Viamao,VIA_L1,1,-0.0,false,lata
130,Itubaina,Viamao,VIA_L1,2,-0.0,false,lata
130,Itubaina,Viamao,VIA_L1,3,-0.0,false,lata
130,Itubaina,Viamao,VIA_L1,4,-0.0,false,lata
130,Itubaina,Viamao,VIA_L1,5,-0.0,false,lata
130,Itubaina,Viamao,VIA_L1,6,-0.0,false,lata
130,Itubaina,Viamao,VIA_L1,7,-999999.8067537501,false,lata
130,Itubaina,Viamao,VIA_L1,8,-0.0,false,lata
130,Itubaina,Viamao,VIA_L1,9,-0.0,false,lata
130,Itubaina,Viamao,VIA_L1,10,-999999.2759234498,false,lata
130,Itubaina,Viamao,VIA_L1,11,-0.0,false,lata
130,Itubaina,Viamao,VIA_L1,12,-0.0,false,lata
130,Itubaina,Viamao,VIA_L1,13,-0.0,false,lata
130,Itubaina,Viamao,VIA_L1,14,-0.0,false,lata
130,Itubaina,Viamao,VIA_L1,15,-0.0,false,lata
130,Itubaina,Viamao,VIA_L2,1,-0.0,false,lata
130,Itubaina,Viamao,VIA_L2,2,-0.0,false,lata
130,Itubaina,Viamao,VIA_L2,3,-999999.1977663998,false,lata
130,Itubaina,Viamao,VIA_L2,4,-0.0,false,lata
130,Itubaina,Viamao,VIA_L2,5,-0.0,false,lata
130,Itubaina,Viamao,VIA_L2,6,-0.0,false,lata
130,Itubaina,Viamao,VIA_L2,7,-0.0,false,lata
130,Itubaina,Viamao,VIA_L2,8,-0.0,false,lata
130,Itubaina,Viamao,VIA_L2,9,-0.0,false,lata
130,Itubaina,Viamao,VIA_L2,10,-0.0,false,lata
130,Itubaina,Viamao,VIA_L2,11,-0.0,false,lata
130,Itubaina,Viamao,VIA_L2,12,-0.0,false,lata
130,Itubaina,Viamao,VIA_L2,13,-0.0,false,lata
130,Itubaina,Viamao,VIA_L2,14,-0.0,false,lata
130,Itubaina,Viamao,VIA_L2,15,-0.0,false,lata
130,Itubaina,Viamao,VIA_L3,1,-0.0,false,lata
130,Itubaina,Viamao,VIA_L3,2,-0.0,false,lata
130,Itubaina,Viamao,VIA_L3,3,-0.0,false,lata
130,Itubaina,Viamao,VIA_L3,4,-0.0,false,lata
130,Itubaina,Viamao,VIA_L3,5,-0.0,false,lata
130,Itubaina,Viamao,VIA_L3,6,-0.0,false,lata
130,Itubaina,Viamao,VIA_L3,7,-0.0,false,lata
130,Itubaina,Viamao,VIA_L3,8,-0.0,false,lata
130,Itubaina,Viamao,VIA_L3,9,-0.0,false,lata
130,Itubaina,Viamao,VIA_L3,10,-0.0,false,lata
130,Itubaina,Viamao,VIA_L3,11,-0.0,false,lata
130,Itubaina,Viamao,VIA_L3,12,-0.0,false,lata
130,Itubaina,Viamao,VIA_L3,13,-0.0,false,lata
130,Itubaina,Viamao,VIA_L3,14,-0.0,false,lata
130,Itubaina,Viamao,VIA_L3,15,-0.0,false,lata
130,Itubaina,Itupeva,ITU_L1,1,-0.0,false,lata
130,Itubaina,Itupeva,ITU_L1,2,-0.0,false,lata
130,Itubaina,Itupeva,ITU_L1,3,-999999.1638546999,false,lata
130,Itubaina,Itupeva,ITU_L1,4,-0.0,false,lata
130,Itubaina,Itupeva,ITU_L1,5,-0.0,false,lata
130,Itubaina,Itupeva,ITU_L1,6,-0.0,false,lata
130,Itubaina,Itupeva,ITU_L1,7,-0.0,false,lata
130,Itubaina,Itupeva,ITU_L1,8,-0.0,false,lata
130,Itubaina,Itupeva,ITU_L1,9,-0.0,false,lata
130,Itubaina,Itupeva,ITU_L1,10,-0.0,false,lata
130,Itubaina,Itupeva,ITU_L1,11,-999999.5268268498,false,lata
130,Itubaina,Itupeva,ITU_L1,12,-0.0,false,lata
130,Itubaina,Itupeva,ITU_L1,13,-0.0,false,lata
130,Itubaina,Itupeva,ITU_L1,14,-999998.5303905,false,lata
130,Itubaina,Itupeva,ITU_L1,15,-0.0,false,lata
130,Itubaina,Itupeva,ITU_L2,1,-0.0,false,lata
130,Itubaina,Itupeva,ITU_L2,2,-0.0,false,lata
130,Itubaina,Itupeva,ITU_L2,3,-999999.1638546999,false,lata
130,Itubaina,Itupeva,ITU_L2,4,-0.0,false,lata
130,Itubaina,Itupeva,ITU_L2,5,-0.0,false,lata
130,Itubaina,Itupeva,ITU_L2,6,-0.0,false,lata
130,Itubaina,Itupeva,ITU_L2,7,-0.0,false,lata
130,Itubaina,Itupeva,ITU_L2,8,-0.0,false,lata
130,Itubaina,Itupeva,ITU_L2,9,-0.0,false,lata
130,Itubaina,Itupeva,ITU_L2,10,-0.0,false,lata
130,Itubaina,Itupeva,ITU_L2,11,-0.0,false,lata
130,Itubaina,Itupeva,ITU_L2,12,-0.0,false,lata
130,Itubaina,Itupeva,ITU_L2,13,-0.0,false,lata
130,Itubaina,Itupeva,ITU_L2,14,-0.0,false,lata
130,Itubaina,Itupeva,ITU_L2,15,-0.0,false,lata
130,Itubaina,Itupeva,ITU_L3,1,-0.0,false,lata
130,Itubaina,Itupeva,ITU_L3,2,-0.0,false,lata
130,Itubaina,Itupeva,ITU_L3,3,-0.0,false,lata
130,Itubaina,Itupeva,ITU_L3,4,-0.0,false,lata
130,Itubaina,Itupeva,ITU_L3,5,-0.0,false,lata
130,Itubaina,Itupeva,ITU_L3,6,-0.0,false,lata
130,Itubaina,Itupeva,ITU_L3,7,-0.0,false,lata
130,Itubaina,Itupeva,ITU_L3,8,-0.0,false,lata
130,Itubaina,Itupeva,ITU_L3,9,-0.0,false,lata
130,Itubaina,Itupeva,ITU_L3,10,-0.0,false,lata
130,Itubaina,Itupeva,ITU_L3,11,-0.0,false,lata
130,Itubaina,Itupeva,ITU_L3,12,-0.0,false,lata
130,Itubaina,Itupeva,ITU_L3,13,-0.0,false,lata
130,Itubaina,Itupeva,ITU_L3,14,-0.0,false,lata
130,Itubaina,Itupeva,ITU_L3,15,-0.0,false,lata
130,Itubaina,Cabo de Santo Agostinho,CAB_L1,1,-0.0,false,lata
130,Itubaina,Cabo de Santo Agostinho,CAB_L1,2,-0.0,false,lata
130,Itubaina,Cabo de Santo Agostinho,CAB_L1,3,-0.0,false,lata
130,Itubaina,Cabo de Santo Agostinho,CAB_L1,4,-0.0,false,lata
130,Itubaina,Cabo de Santo Agostinho,CAB_L1,5,-0.0,false,lata
130,Itubaina,Cabo de Santo Agostinho,CAB_L1,6,-0.0,false,lata
130,Itubaina,Cabo de Santo Agostinho,CAB_L1,7,-0.0,false,lata
130,Itubaina,Cabo de Santo Agostinho,CAB_L1,8,-0.0,false,lata
130,Itubaina,Cabo de Santo Agostinho,CAB_L1,9,-0.0,false,lata
130,Itubaina,Cabo de Santo Agostinho,CAB_L1,10,-0.0,false,lata
130,Itubaina,Cabo de Santo Agostinho,CAB_L1,11,-0.0,false,lata
130,Itubaina,Cabo de Santo Agostinho,CAB_L1,12,-0.0,false,lata
130,Itubaina,Cabo de Santo Agostinho,CAB_L1,13,-0.0,false,lata
130,Itubaina,Cabo de Santo Agostinho,CAB_L1,14,-999998.5976147,false,lata
130,Itubaina,Cabo de Santo Agostinho,CAB_L1,15,-0.0,false,lata
130,Itubaina,Cabo de Santo Agostinho,CAB_L2,1,-0.0,false,lata
130,Itubaina,Cabo de Santo Agostinho,CAB_L2,2,-0.0,false,lata
130,Itubaina,Cabo de Santo Agostinho,CAB_L2,3,-999999.1999127999,false,lata
130,Itubaina,Cabo de Santo Agostinho,CAB_L2,4,-0.0,false,lata
130,Itubaina,Cabo de Santo Agostinho,CAB_L2,5,-0.0,false,lata
130,Itubaina,Cabo de Santo Agostinho,CAB_L2,6,-0.0,false,lata
130,Itubaina,Cabo de Santo Agostinho,CAB_L2,7,-0.0,false,lata
130,Itubaina,Cabo de Santo Agostinho,CAB_L2,8,-0.0,false,lata
130,Itubaina,Cabo de Santo Agostinho,CAB_L2,9,-999998.9915138498,false,lata
130,Itubaina,Cabo de Santo Agostinho,CAB_L2,10,-0.0,false,lata
130,Itubaina,Cabo de Santo Agostinho,CAB_L2,11,-0.0,false,lata
130,Itubaina,Cabo de Santo Agostinho,CAB_L2,12,-0.0,false,lata
130,Itubaina,Cabo de Santo Agostinho,CAB_L2,13,-0.0,false,lata
130,Itubaina,Cabo de Santo Agostinho,CAB_L2,14,-0.0,false,lata
130,Itubaina,Cabo de Santo Agostinho,CAB_L2,15,-0.0,false,lata
130,Itubaina,Cabo de Santo Agostinho,CAB_L3,1,-0.0,false,lata
130,Itubaina,Cabo de Santo Agostinho,CAB_L3,2,-0.0,false,lata
130,Itubaina,Cabo de Santo Agostinho,CAB_L3,3,-0.0,false,lata
130,Itubaina,Cabo de Santo Agostinho,CAB_L3,4,-0.0,false,lata
130,Itubaina,Cabo de Santo Agostinho,CAB_L3,5,-0.0,false,lata
130,Itubaina,Cabo de Santo Agostinho,CAB_L3,6,-0.0,false,lata
130,Itubaina,Cabo de Santo Agostinho,CAB_L3,7,-0.0,false,lata
130,Itubaina,Cabo de Santo Agostinho,CAB_L3,8,-0.0,false,lata
130,Itubaina,Cabo de Santo Agostinho,CAB_L3,9,-0.0,false,lata
130,Itubaina,Cabo de Santo Agostinho,CAB_L3,10,-0.0,false,lata
130,Itubaina,Cabo de Santo Agostinho,CAB_L3,11,-0.0,false,lata
130,Itubaina,Cabo de Santo Agostinho,CAB_L3,12,-0.0,false,lata
130,Itubaina,Cabo de Santo Agostinho,CAB_L3,13,-0.0,false,lata
130,Itubaina,Cabo de Santo Agostinho,CAB_L3,14,-0.0,false,lata
130,Itubaina,Cabo de Santo Agostinho,CAB_L3,15,-999998.8943342499,false,lata
130,Sukita_Laranja,Jacarei,JAC_L1,1,-0.0,false,lata
130,Sukita_Laranja,Jacarei,JAC_L1,2,-0.0,false,lata
130,Sukita_Laranja,Jacarei,JAC_L1,3,-0.0,false,lata
130,Sukita_Laranja,Jacarei,JAC_L1,4,-0.0,false,lata
130,Sukita_Laranja,Jacarei,JAC_L1,5,-0.0,false,lata
130,Sukita_Laranja,Jacarei,JAC_L1,6,-0.0,false,lata
130,Sukita_Laranja,Jacarei,JAC_L1,7,-0.0,false,lata
130,Sukita_Laranja,Jacarei,JAC_L1,8,-1.0e6,true,lata
130,Sukita_Laranja,Jacarei,JAC_L1,9,-0.0,false,lata
130,Sukita_Laranja,Jacarei,JAC_L1,10,-0.0,false,lata
130,Sukita_Laranja,Jacarei,JAC_L1,11,-0.0,false,lata
130,Sukita_Laranja,Jacarei,JAC_L1,12,-0.0,false,lata
130,Sukita_Laranja,Jacarei,JAC_L1,13,-0.0,false,lata
130,Sukita_Laranja,Jacarei,JAC_L1,14,-0.0,false,lata
130,Sukita_Laranja,Jacarei,JAC_L1,15,-0.0,false,lata
130,Sukita_Laranja,Jacarei,JAC_L2,1,-0.0,false,lata
130,Sukita_Laranja,Jacarei,JAC_L2,2,-0.0,false,lata
130,Sukita_Laranja,Jacarei,JAC_L2,3,-0.0,false,lata
130,Sukita_Laranja,Jacarei,JAC_L2,4,-0.0,false,lata
130,Sukita_Laranja,Jacarei,JAC_L2,5,-0.0,false,lata
130,Sukita_Laranja,Jacarei,JAC_L2,6,-0.0,false,lata
130,Sukita_Laranja,Jacarei,JAC_L2,7,-0.0,false,lata
130,Sukita_Laranja,Jacarei,JAC_L2,8,-0.0,false,lata
130,Sukita_Laranja,Jacarei,JAC_L2,9,-0.0,false,lata
130,Sukita_Laranja,Jacarei,JAC_L2,10,-0.0,false,lata
130,Sukita_Laranja,Jacarei,JAC_L2,11,-1.0e6,true,lata
130,Sukita_Laranja,Jacarei,JAC_L2,12,-0.0,false,lata
130,Sukita_Laranja,Jacarei,JAC_L2,13,-0.0,false,lata
130,Sukita_Laranja,Jacarei,JAC_L2,14,-0.0,false,lata
130,Sukita_Laranja,Jacarei,JAC_L2,15,-0.0,false,lata
130,Sukita_Laranja,Jacarei,JAC_L3,1,-0.0,false,lata
130,Sukita_Laranja,Jacarei,JAC_L3,2,-0.0,false,lata
130,Sukita_Laranja,Jacarei,JAC_L3,3,-0.0,false,lata
130,Sukita_Laranja,Jacarei,JAC_L3,4,-0.0,false,lata
130,Sukita_Laranja,Jacarei,JAC_L3,5,-0.0,false,lata
130,Sukita_Laranja,Jacarei,JAC_L3,6,-0.0,false,lata
130,Sukita_Laranja,Jacarei,JAC_L3,7,-0.0,false,lata
130,Sukita_Laranja,Jacarei,JAC_L3,8,-1.0e6,true,lata
130,Sukita_Laranja,Jacarei,JAC_L3,9,-0.0,false,lata
130,Sukita_Laranja,Jacarei,JAC_L3,10,-0.0,false,lata
130,Sukita_Laranja,Jacarei,JAC_L3,11,-0.0,false,lata
130,Sukita_Laranja,Jacarei,JAC_L3,12,-0.0,false,lata
130,Sukita_Laranja,Jacarei,JAC_L3,13,-0.0,false,lata
130,Sukita_Laranja,Jacarei,JAC_L3,14,-0.0,false,lata
130,Sukita_Laranja,Jacarei,JAC_L3,15,-0.0,false,lata
130,Sukita_Laranja,Extrema,EXT_L1,1,-1.0e6,true,lata
130,Sukita_Laranja,Extrema,EXT_L1,2,-0.0,false,lata
130,Sukita_Laranja,Extrema,EXT_L1,3,-1.0e6,true,lata
130,Sukita_Laranja,Extrema,EXT_L1,4,-0.0,false,lata
130,Sukita_Laranja,Extrema,EXT_L1,5,-1.0e6,true,lata
130,Sukita_Laranja,Extrema,EXT_L1,6,-0.0,false,lata
130,Sukita_Laranja,Extrema,EXT_L1,7,-0.0,false,lata
130,Sukita_Laranja,Extrema,EXT_L1,8,-0.0,false,lata
130,Sukita_Laranja,Extrema,EXT_L1,9,-0.0,false,lata
130,Sukita_Laranja,Extrema,EXT_L1,10,-0.0,false,lata
130,Sukita_Laranja,Extrema,EXT_L1,11,-1.0e6,true,lata
130,Sukita_Laranja,Extrema,EXT_L1,12,-0.0,false,lata
130,Sukita_Laranja,Extrema,EXT_L1,13,-0.0,false,lata
130,Sukita_Laranja,Extrema,EXT_L1,14,-0.0,false,lata
130,Sukita_Laranja,Extrema,EXT_L1,15,-0.0,false,lata
130,Sukita_Laranja,Extrema,EXT_L2,1,-0.0,false,lata
130,Sukita_Laranja,Extrema,EXT_L2,2,-0.0,false,lata
130,Sukita_Laranja,Extrema,EXT_L2,3,-0.0,false,lata
130,Sukita_Laranja,Extrema,EXT_L2,4,-0.0,false,lata
130,Sukita_Laranja,Extrema,EXT_L2,5,-0.0,false,lata
130,Sukita_Laranja,Extrema,EXT_L2,6,-0.0,false,lata
130,Sukita_Laranja,Extrema,EXT_L2,7,-0.0,false,lata
130,Sukita_Laranja,Extrema,EXT_L2,8,-0.0,false,lata
130,Sukita_Laranja,Extrema,EXT_L2,9,-0.0,false,lata
130,Sukita_Laranja,Extrema,EXT_L2,10,-0.0,false,lata
130,Sukita_Laranja,Extrema,EXT_L2,11,-0.0,false,lata
130,Sukita_Laranja,Extrema,EXT_L2,12,-0.0,false,lata
130,Sukita_Laranja,Extrema,EXT_L2,13,-0.0,false,lata
130,Sukita_Laranja,Extrema,EXT_L2,14,-0.0,false,lata
130,Sukita_Laranja,Extrema,EXT_L2,15,-0.0,false,lata
130,Sukita_Laranja,Extrema,EXT_L3,1,-0.0,false,lata
130,Sukita_Laranja,Extrema,EXT_L3,2,-0.0,false,lata
130,Sukita_Laranja,Extrema,EXT_L3,3,-0.0,false,lata
130,Sukita_Laranja,Extrema,EXT_L3,4,-0.0,false,lata
130,Sukita_Laranja,Extrema,EXT_L3,5,-0.0,false,lata
130,Sukita_Laranja,Extrema,EXT_L3,6,-0.0,false,lata
130,Sukita_Laranja,Extrema,EXT_L3,7,-0.0,false,lata
130,Sukita_Laranja,Extrema,EXT_L3,8,-0.0,false,lata
130,Sukita_Laranja,Extrema,EXT_L3,9,-0.0,false,lata
130,Sukita_Laranja,Extrema,EXT_L3,10,-0.0,false,lata
130,Sukita_Laranja,Extrema,EXT_L3,11,-0.0,false,lata
130,Sukita_Laranja,Extrema,EXT_L3,12,-0.0,false,lata
130,Sukita_Laranja,Extrema,EXT_L3,13,-0.0,false,lata
130,Sukita_Laranja,Extrema,EXT_L3,14,-0.0,false,lata
130,Sukita_Laranja,Extrema,EXT_L3,15,-0.0,false,lata
130,Sukita_Laranja,Tres Rios,TRE_L1,1,-0.0,false,lata
130,Sukita_Laranja,Tres Rios,TRE_L1,2,-0.0,false,lata
130,Sukita_Laranja,Tres Rios,TRE_L1,3,-0.0,false,lata
130,Sukita_Laranja,Tres Rios,TRE_L1,4,-0.0,false,lata
130,Sukita_Laranja,Tres Rios,TRE_L1,5,-0.0,false,lata
130,Sukita_Laranja,Tres Rios,TRE_L1,6,-0.0,false,lata
130,Sukita_Laranja,Tres Rios,TRE_L1,7,-0.0,false,lata
130,Sukita_Laranja,Tres Rios,TRE_L1,8,-0.0,false,lata
130,Sukita_Laranja,Tres Rios,TRE_L1,9,-1.0e6,true,lata
130,Sukita_Laranja,Tres Rios,TRE_L1,10,-1.0e6,true,lata
130,Sukita_Laranja,Tres Rios,TRE_L1,11,-0.0,false,lata
130,Sukita_Laranja,Tres Rios,TRE_L1,12,-0.0,false,lata
130,Sukita_Laranja,Tres Rios,TRE_L1,13,-0.0,false,lata
130,Sukita_Laranja,Tres Rios,TRE_L1,14,-0.0,false,lata
130,Sukita_Laranja,Tres Rios,TRE_L1,15,-0.0,false,lata
130,Sukita_Laranja,Tres Rios,TRE_L2,1,-0.0,false,lata
130,Sukita_Laranja,Tres Rios,TRE_L2,2,-0.0,false,lata
130,Sukita_Laranja,Tres Rios,TRE_L2,3,-0.0,false,lata
130,Sukita_Laranja,Tres Rios,TRE_L2,4,-0.0,false,lata
130,Sukita_Laranja,Tres Rios,TRE_L2,5,-0.0,false,lata
130,Sukita_Laranja,Tres Rios,TRE_L2,6,-0.0,false,lata
130,Sukita_Laranja,Tres Rios,TRE_L2,7,-0.0,false,lata
130,Sukita_Laranja,Tres Rios,TRE_L2,8,-0.0,false,lata
130,Sukita_Laranja,Tres Rios,TRE_L2,9,-0.0,false,lata
130,Sukita_Laranja,Tres Rios,TRE_L2,10,-0.0,false,lata
130,Sukita_Laranja,Tres Rios,TRE_L2,11,-0.0,false,lata
130,Sukita_Laranja,Tres Rios,TRE_L2,12,-0.0,false,lata
130,Sukita_Laranja,Tres Rios,TRE_L2,13,-0.0,false,lata
130,Sukita_Laranja,Tres Rios,TRE_L2,14,-1.0e6,true,lata
130,Sukita_Laranja,Tres Rios,TRE_L2,15,-0.0,false,lata
130,Sukita_Laranja,Tres Rios,TRE_L3,1,-0.0,false,lata
130,Sukita_Laranja,Tres Rios,TRE_L3,2,-0.0,false,lata
130,Sukita_Laranja,Tres Rios,TRE_L3,3,-0.0,false,lata
130,Sukita_Laranja,Tres Rios,TRE_L3,4,-1.0e6,true,lata
130,Sukita_Laranja,Tres Rios,TRE_L3,5,-0.0,false,lata
130,Sukita_Laranja,Tres Rios,TRE_L3,6,-0.0,false,lata
130,Sukita_Laranja,Tres Rios,TRE_L3,7,-0.0,false,lata
130,Sukita_Laranja,Tres Rios,TRE_L3,8,-0.0,false,lata
130,Sukita_Laranja,Tres Rios,TRE_L3,9,-0.0,false,lata
130,Sukita_Laranja,Tres Rios,TRE_L3,10,-0.0,false,lata
130,Sukita_Laranja,Tres Rios,TRE_L3,11,-0.0,false,lata
130,Sukita_Laranja,Tres Rios,TRE_L3,12,-0.0,false,lata
130,Sukita_Laranja,Tres Rios,TRE_L3,13,-0.0,false,lata
130,Sukita_Laranja,Tres Rios,TRE_L3,14,-1.0e6,true,lata
130,Sukita_Laranja,Tres Rios,TRE_L3,15,-0.0,false,lata
130,Sukita_Laranja,Alagoinhas,ALA_L1,1,-0.0,false,lata
130,Sukita_Laranja,Alagoinhas,ALA_L1,2,-0.0,false,lata
130,Sukita_Laranja,Alagoinhas,ALA_L1,3,-0.0,false,lata
130,Sukita_Laranja,Alagoinhas,ALA_L1,4,-0.0,false,lata
130,Sukita_Laranja,Alagoinhas,ALA_L1,5,-0.0,false,lata
130,Sukita_Laranja,Alagoinhas,ALA_L1,6,-0.0,false,lata
130,Sukita_Laranja,Alagoinhas,ALA_L1,7,-0.0,false,lata
130,Sukita_Laranja,Alagoinhas,ALA_L1,8,-0.0,false,lata
130,Sukita_Laranja,Alagoinhas,ALA_L1,9,-0.0,false,lata
130,Sukita_Laranja,Alagoinhas,ALA_L1,10,-0.0,false,lata
130,Sukita_Laranja,Alagoinhas,ALA_L1,11,-1.0e6,true,lata
130,Sukita_Laranja,Alagoinhas,ALA_L1,12,-0.0,false,lata
130,Sukita_Laranja,Alagoinhas,ALA_L1,13,-0.0,false,lata
130,Sukita_Laranja,Alagoinhas,ALA_L1,14,-0.0,false,lata
130,Sukita_Laranja,Alagoinhas,ALA_L1,15,-0.0,false,lata
130,Sukita_Laranja,Alagoinhas,ALA_L2,1,-1.0e6,true,lata
130,Sukita_Laranja,Alagoinhas,ALA_L2,2,-0.0,false,lata
130,Sukita_Laranja,Alagoinhas,ALA_L2,3,-1.0e6,true,lata
130,Sukita_Laranja,Alagoinhas,ALA_L2,4,-0.0,false,lata
130,Sukita_Laranja,Alagoinhas,ALA_L2,5,-0.0,false,lata
130,Sukita_Laranja,Alagoinhas,ALA_L2,6,-0.0,false,lata
130,Sukita_Laranja,Alagoinhas,ALA_L2,7,-0.0,false,lata
130,Sukita_Laranja,Alagoinhas,ALA_L2,8,-0.0,false,lata
130,Sukita_Laranja,Alagoinhas,ALA_L2,9,-0.0,false,lata
130,Sukita_Laranja,Alagoinhas,ALA_L2,10,-0.0,false,lata
130,Sukita_Laranja,Alagoinhas,ALA_L2,11,-0.0,false,lata
130,Sukita_Laranja,Alagoinhas,ALA_L2,12,-0.0,false,lata
130,Sukita_Laranja,Alagoinhas,ALA_L2,13,-0.0,false,lata
130,Sukita_Laranja,Alagoinhas,ALA_L2,14,-0.0,false,lata
130,Sukita_Laranja,Alagoinhas,ALA_L2,15,-0.0,false,lata
130,Sukita_Laranja,Alagoinhas,ALA_L3,1,-1.0e6,true,lata
130,Sukita_Laranja,Alagoinhas,ALA_L3,2,-0.0,false,lata
130,Sukita_Laranja,Alagoinhas,ALA_L3,3,-0.0,false,lata
130,Sukita_Laranja,Alagoinhas,ALA_L3,4,-0.0,false,lata
130,Sukita_Laranja,Alagoinhas,ALA_L3,5,-0.0,false,lata
130,Sukita_Laranja,Alagoinhas,ALA_L3,6,-0.0,false,lata
130,Sukita_Laranja,Alagoinhas,ALA_L3,7,-0.0,false,lata
130,Sukita_Laranja,Alagoinhas,ALA_L3,8,-0.0,false,lata
130,Sukita_Laranja,Alagoinhas,ALA_L3,9,-0.0,false,lata
130,Sukita_Laranja,Alagoinhas,ALA_L3,10,-0.0,false,lata
130,Sukita_Laranja,Alagoinhas,ALA_L3,11,-0.0,false,lata
130,Sukita_Laranja,Alagoinhas,ALA_L3,12,-0.0,false,lata
130,Sukita_Laranja,Alagoinhas,ALA_L3,13,-0.0,false,lata
130,Sukita_Laranja,Alagoinhas,ALA_L3,14,-0.0,false,lata
130,Sukita_Laranja,Alagoinhas,ALA_L3,15,-0.0,false,lata
130,Sukita_Laranja,Frutal,FRU_L1,1,-1.0e6,true,lata
130,Sukita_Laranja,Frutal,FRU_L1,2,-0.0,false,lata
130,Sukita_Laranja,Frutal,FRU_L1,3,-0.0,false,lata
130,Sukita_Laranja,Frutal,FRU_L1,4,-0.0,false,lata
130,Sukita_Laranja,Frutal,FRU_L1,5,-0.0,false,lata
130,Sukita_Laranja,Frutal,FRU_L1,6,-0.0,false,lata
130,Sukita_Laranja,Frutal,FRU_L1,7,-0.0,false,lata
130,Sukita_Laranja,Frutal,FRU_L1,8,-0.0,false,lata
130,Sukita_Laranja,Frutal,FRU_L1,9,-0.0,false,lata
130,Sukita_Laranja,Frutal,FRU_L1,10,-0.0,false,lata
130,Sukita_Laranja,Frutal,FRU_L1,11,-0.0,false,lata
130,Sukita_Laranja,Frutal,FRU_L1,12,-0.0,false,lata
130,Sukita_Laranja,Frutal,FRU_L1,13,-0.0,false,lata
130,Sukita_Laranja,Frutal,FRU_L1,14,-0.0,false,lata
130,Sukita_Laranja,Frutal,FRU_L1,15,-0.0,false,lata
130,Sukita_Laranja,Frutal,FRU_L2,1,-0.0,false,lata
130,Sukita_Laranja,Frutal,FRU_L2,2,-0.0,false,lata
130,Sukita_Laranja,Frutal,FRU_L2,3,-0.0,false,lata
130,Sukita_Laranja,Frutal,FRU_L2,4,-0.0,false,lata
130,Sukita_Laranja,Frutal,FRU_L2,5,-0.0,false,lata
130,Sukita_Laranja,Frutal,FRU_L2,6,-1.0e6,true,lata
130,Sukita_Laranja,Frutal,FRU_L2,7,-0.0,false,lata
130,Sukita_Laranja,Frutal,FRU_L2,8,-0.0,false,lata
130,Sukita_Laranja,Frutal,FRU_L2,9,-0.0,false,lata
130,Sukita_Laranja,Frutal,FRU_L2,10,-0.0,false,lata
130,Sukita_Laranja,Frutal,FRU_L2,11,-0.0,false,lata
130,Sukita_Laranja,Frutal,FRU_L2,12,-0.0,false,lata
130,Sukita_Laranja,Frutal,FRU_L2,13,-0.0,false,lata
130,Sukita_Laranja,Frutal,FRU_L2,14,-0.0,false,lata
130,Sukita_Laranja,Frutal,FRU_L2,15,-0.0,false,lata
130,Sukita_Laranja,Frutal,FRU_L3,1,-0.0,false,lata
130,Sukita_Laranja,Frutal,FRU_L3,2,-0.0,false,lata
130,Sukita_Laranja,Frutal,FRU_L3,3,-0.0,false,lata
130,Sukita_Laranja,Frutal,FRU_L3,4,-0.0,false,lata
130,Sukita_Laranja,Frutal,FRU_L3,5,-0.0,false,lata
130,Sukita_Laranja,Frutal,FRU_L3,6,-0.0,false,lata
130,Sukita_Laranja,Frutal,FRU_L3,7,-0.0,false,lata
130,Sukita_Laranja,Frutal,FRU_L3,8,-0.0,false,lata
130,Sukita_Laranja,Frutal,FRU_L3,9,-0.0,false,lata
130,Sukita_Laranja,Frutal,FRU_L3,10,-0.0,false,lata
130,Sukita_Laranja,Frutal,FRU_L3,11,-0.0,false,lata
130,Sukita_Laranja,Frutal,FRU_L3,12,-0.0,false,lata
130,Sukita_Laranja,Frutal,FRU_L3,13,-0.0,false,lata
130,Sukita_Laranja,Frutal,FRU_L3,14,-0.0,false,lata
130,Sukita_Laranja,Frutal,FRU_L3,15,-0.0,false,lata
130,Sukita_Laranja,Pouso Alegre,POU_L1,1,-0.0,false,lata
130,Sukita_Laranja,Pouso Alegre,POU_L1,2,-0.0,false,lata
130,Sukita_Laranja,Pouso Alegre,POU_L1,3,-0.0,false,lata
130,Sukita_Laranja,Pouso Alegre,POU_L1,4,-0.0,false,lata
130,Sukita_Laranja,Pouso Alegre,POU_L1,5,-0.0,false,lata
130,Sukita_Laranja,Pouso Alegre,POU_L1,6,-0.0,false,lata
130,Sukita_Laranja,Pouso Alegre,POU_L1,7,-0.0,false,lata
130,Sukita_Laranja,Pouso Alegre,POU_L1,8,-0.0,false,lata
130,Sukita_Laranja,Pouso Alegre,POU_L1,9,-0.0,false,lata
130,Sukita_Laranja,Pouso Alegre,POU_L1,10,-0.0,false,lata
130,Sukita_Laranja,Pouso Alegre,POU_L1,11,-1.0e6,true,lata
130,Sukita_Laranja,Pouso Alegre,POU_L1,12,-0.0,false,lata
130,Sukita_Laranja,Pouso Alegre,POU_L1,13,-0.0,false,lata
130,Sukita_Laranja,Pouso Alegre,POU_L1,14,-1.0e6,true,lata
130,Sukita_Laranja,Pouso Alegre,POU_L1,15,-0.0,false,lata
130,Sukita_Laranja,Pouso Alegre,POU_L2,1,-1.0e6,true,lata
130,Sukita_Laranja,Pouso Alegre,POU_L2,2,-0.0,false,lata
130,Sukita_Laranja,Pouso Alegre,POU_L2,3,-0.0,false,lata
130,Sukita_Laranja,Pouso Alegre,POU_L2,4,-0.0,false,lata
130,Sukita_Laranja,Pouso Alegre,POU_L2,5,-0.0,false,lata
130,Sukita_Laranja,Pouso Alegre,POU_L2,6,-0.0,false,lata
130,Sukita_Laranja,Pouso Alegre,POU_L2,7,-0.0,false,lata
130,Sukita_Laranja,Pouso Alegre,POU_L2,8,-0.0,false,lata
130,Sukita_Laranja,Pouso Alegre,POU_L2,9,-0.0,false,lata
130,Sukita_Laranja,Pouso Alegre,POU_L2,10,-0.0,false,lata
130,Sukita_Laranja,Pouso Alegre,POU_L2,11,-0.0,false,lata
130,Sukita_Laranja,Pouso Alegre,POU_L2,12,-0.0,false,lata
130,Sukita_Laranja,Pouso Alegre,POU_L2,13,-0.0,false,lata
130,Sukita_Laranja,Pouso Alegre,POU_L2,14,-0.0,false,lata
130,Sukita_Laranja,Pouso Alegre,POU_L2,15,-0.0,false,lata
130,Sukita_Laranja,Pouso Alegre,POU_L3,1,-0.0,false,lata
130,Sukita_Laranja,Pouso Alegre,POU_L3,2,-1.0e6,true,lata
130,Sukita_Laranja,Pouso Alegre,POU_L3,3,-0.0,false,lata
130,Sukita_Laranja,Pouso Alegre,POU_L3,4,-0.0,false,lata
130,Sukita_Laranja,Pouso Alegre,POU_L3,5,-0.0,false,lata
130,Sukita_Laranja,Pouso Alegre,POU_L3,6,-0.0,false,lata
130,Sukita_Laranja,Pouso Alegre,POU_L3,7,-0.0,false,lata
130,Sukita_Laranja,Pouso Alegre,POU_L3,8,-0.0,false,lata
130,Sukita_Laranja,Pouso Alegre,POU_L3,9,-0.0,false,lata
130,Sukita_Laranja,Pouso Alegre,POU_L3,10,-0.0,false,lata
130,Sukita_Laranja,Pouso Alegre,POU_L3,11,-0.0,false,lata
130,Sukita_Laranja,Pouso Alegre,POU_L3,12,-0.0,false,lata
130,Sukita_Laranja,Pouso Alegre,POU_L3,13,-0.0,false,lata
130,Sukita_Laranja,Pouso Alegre,POU_L3,14,-0.0,false,lata
130,Sukita_Laranja,Pouso Alegre,POU_L3,15,-0.0,false,lata
130,Sukita_Laranja,Gama,GAM_L1,1,-0.0,false,lata
130,Sukita_Laranja,Gama,GAM_L1,2,-0.0,false,lata
130,Sukita_Laranja,Gama,GAM_L1,3,-0.0,false,lata
130,Sukita_Laranja,Gama,GAM_L1,4,-0.0,false,lata
130,Sukita_Laranja,Gama,GAM_L1,5,-0.0,false,lata
130,Sukita_Laranja,Gama,GAM_L1,6,-0.0,false,lata
130,Sukita_Laranja,Gama,GAM_L1,7,-0.0,false,lata
130,Sukita_Laranja,Gama,GAM_L1,8,-0.0,false,lata
130,Sukita_Laranja,Gama,GAM_L1,9,-0.0,false,lata
130,Sukita_Laranja,Gama,GAM_L1,10,-0.0,false,lata
130,Sukita_Laranja,Gama,GAM_L1,11,-0.0,false,lata
130,Sukita_Laranja,Gama,GAM_L1,12,-0.0,false,lata
130,Sukita_Laranja,Gama,GAM_L1,13,-0.0,false,lata
130,Sukita_Laranja,Gama,GAM_L1,14,-0.0,false,lata
130,Sukita_Laranja,Gama,GAM_L1,15,-0.0,false,lata
130,Sukita_Laranja,Gama,GAM_L2,1,-0.0,false,lata
130,Sukita_Laranja,Gama,GAM_L2,2,-0.0,false,lata
130,Sukita_Laranja,Gama,GAM_L2,3,-0.0,false,lata
130,Sukita_Laranja,Gama,GAM_L2,4,-0.0,false,lata
130,Sukita_Laranja,Gama,GAM_L2,5,-0.0,false,lata
130,Sukita_Laranja,Gama,GAM_L2,6,-0.0,false,lata
130,Sukita_Laranja,Gama,GAM_L2,7,-0.0,false,lata
130,Sukita_Laranja,Gama,GAM_L2,8,-0.0,false,lata
130,Sukita_Laranja,Gama,GAM_L2,9,-0.0,false,lata
130,Sukita_Laranja,Gama,GAM_L2,10,-1.0e6,true,lata
130,Sukita_Laranja,Gama,GAM_L2,11,-0.0,false,lata
130,Sukita_Laranja,Gama,GAM_L2,12,-0.0,false,lata
130,Sukita_Laranja,Gama,GAM_L2,13,-0.0,false,lata
130,Sukita_Laranja,Gama,GAM_L2,14,-0.0,false,lata
130,Sukita_Laranja,Gama,GAM_L2,15,-0.0,false,lata
130,Sukita_Laranja,Gama,GAM_L3,1,-0.0,false,lata
130,Sukita_Laranja,Gama,GAM_L3,2,-0.0,false,lata
130,Sukita_Laranja,Gama,GAM_L3,3,-0.0,false,lata
130,Sukita_Laranja,Gama,GAM_L3,4,-0.0,false,lata
130,Sukita_Laranja,Gama,GAM_L3,5,-0.0,false,lata
130,Sukita_Laranja,Gama,GAM_L3,6,-0.0,false,lata
130,Sukita_Laranja,Gama,GAM_L3,7,-0.0,false,lata
130,Sukita_Laranja,Gama,GAM_L3,8,-0.0,false,lata
130,Sukita_Laranja,Gama,GAM_L3,9,-0.0,false,lata
130,Sukita_Laranja,Gama,GAM_L3,10,-0.0,false,lata
130,Sukita_Laranja,Gama,GAM_L3,11,-0.0,false,lata
130,Sukita_Laranja,Gama,GAM_L3,12,-0.0,false,lata
130,Sukita_Laranja,Gama,GAM_L3,13,-0.0,false,lata
130,Sukita_Laranja,Gama,GAM_L3,14,-0.0,false,lata
130,Sukita_Laranja,Gama,GAM_L3,15,-1.0e6,true,lata
130,Sukita_Laranja,Viamao,VIA_L1,1,-0.0,false,lata
130,Sukita_Laranja,Viamao,VIA_L1,2,-0.0,false,lata
130,Sukita_Laranja,Viamao,VIA_L1,3,-0.0,false,lata
130,Sukita_Laranja,Viamao,VIA_L1,4,-0.0,false,lata
130,Sukita_Laranja,Viamao,VIA_L1,5,-0.0,false,lata
130,Sukita_Laranja,Viamao,VIA_L1,6,-0.0,false,lata
130,Sukita_Laranja,Viamao,VIA_L1,7,-0.0,false,lata
130,Sukita_Laranja,Viamao,VIA_L1,8,-0.0,false,lata
130,Sukita_Laranja,Viamao,VIA_L1,9,-0.0,false,lata
130,Sukita_Laranja,Viamao,VIA_L1,10,-0.0,false,lata
130,Sukita_Laranja,Viamao,VIA_L1,11,-0.0,false,lata
130,Sukita_Laranja,Viamao,VIA_L1,12,-0.0,false,lata
130,Sukita_Laranja,Viamao,VIA_L1,13,-1.0e6,true,lata
130,Sukita_Laranja,Viamao,VIA_L1,14,-0.0,false,lata
130,Sukita_Laranja,Viamao,VIA_L1,15,-0.0,false,lata
130,Sukita_Laranja,Viamao,VIA_L2,1,-0.0,false,lata
130,Sukita_Laranja,Viamao,VIA_L2,2,-0.0,false,lata
130,Sukita_Laranja,Viamao,VIA_L2,3,-0.0,false,lata
130,Sukita_Laranja,Viamao,VIA_L2,4,-0.0,false,lata
130,Sukita_Laranja,Viamao,VIA_L2,5,-0.0,false,lata
130,Sukita_Laranja,Viamao,VIA_L2,6,-0.0,false,lata
130,Sukita_Laranja,Viamao,VIA_L2,7,-0.0,false,lata
130,Sukita_Laranja,Viamao,VIA_L2,8,-0.0,false,lata
130,Sukita_Laranja,Viamao,VIA_L2,9,-0.0,false,lata
130,Sukita_Laranja,Viamao,VIA_L2,10,-0.0,false,lata
130,Sukita_Laranja,Viamao,VIA_L2,11,-0.0,false,lata
130,Sukita_Laranja,Viamao,VIA_L2,12,-0.0,false,lata
130,Sukita_Laranja,Viamao,VIA_L2,13,-0.0,false,lata
130,Sukita_Laranja,Viamao,VIA_L2,14,-0.0,false,lata
130,Sukita_Laranja,Viamao,VIA_L2,15,-0.0,false,lata
130,Sukita_Laranja,Viamao,VIA_L3,1,-0.0,false,lata
130,Sukita_Laranja,Viamao,VIA_L3,2,-0.0,false,lata
130,Sukita_Laranja,Viamao,VIA_L3,3,-0.0,false,lata
130,Sukita_Laranja,Viamao,VIA_L3,4,-0.0,false,lata
130,Sukita_Laranja,Viamao,VIA_L3,5,-0.0,false,lata
130,Sukita_Laranja,Viamao,VIA_L3,6,-0.0,false,lata
130,Sukita_Laranja,Viamao,VIA_L3,7,-0.0,false,lata
130,Sukita_Laranja,Viamao,VIA_L3,8,-0.0,false,lata
130,Sukita_Laranja,Viamao,VIA_L3,9,-0.0,false,lata
130,Sukita_Laranja,Viamao,VIA_L3,10,-0.0,false,lata
130,Sukita_Laranja,Viamao,VIA_L3,11,-0.0,false,lata
130,Sukita_Laranja,Viamao,VIA_L3,12,-0.0,false,lata
130,Sukita_Laranja,Viamao,VIA_L3,13,-0.0,false,lata
130,Sukita_Laranja,Viamao,VIA_L3,14,-0.0,false,lata
130,Sukita_Laranja,Viamao,VIA_L3,15,-0.0,false,lata
130,Sukita_Laranja,Itupeva,ITU_L1,1,-0.0,false,lata
130,Sukita_Laranja,Itupeva,ITU_L1,2,-0.0,false,lata
130,Sukita_Laranja,Itupeva,ITU_L1,3,-0.0,false,lata
130,Sukita_Laranja,Itupeva,ITU_L1,4,-0.0,false,lata
130,Sukita_Laranja,Itupeva,ITU_L1,5,-0.0,false,lata
130,Sukita_Laranja,Itupeva,ITU_L1,6,-0.0,false,lata
130,Sukita_Laranja,Itupeva,ITU_L1,7,-0.0,false,lata
130,Sukita_Laranja,Itupeva,ITU_L1,8,-1.0e6,true,lata
130,Sukita_Laranja,Itupeva,ITU_L1,9,-0.0,false,lata
130,Sukita_Laranja,Itupeva,ITU_L1,10,-0.0,false,lata
130,Sukita_Laranja,Itupeva,ITU_L1,11,-0.0,false,lata
130,Sukita_Laranja,Itupeva,ITU_L1,12,-0.0,false,lata
130,Sukita_Laranja,Itupeva,ITU_L1,13,-0.0,false,lata
130,Sukita_Laranja,Itupeva,ITU_L1,14,-0.0,false,lata
130,Sukita_Laranja,Itupeva,ITU_L1,15,-0.0,false,lata
130,Sukita_Laranja,Itupeva,ITU_L2,1,-0.0,false,lata
130,Sukita_Laranja,Itupeva,ITU_L2,2,-0.0,false,lata
130,Sukita_Laranja,Itupeva,ITU_L2,3,-0.0,false,lata
130,Sukita_Laranja,Itupeva,ITU_L2,4,-0.0,false,lata
130,Sukita_Laranja,Itupeva,ITU_L2,5,-0.0,false,lata
130,Sukita_Laranja,Itupeva,ITU_L2,6,-0.0,false,lata
130,Sukita_Laranja,Itupeva,ITU_L2,7,-0.0,false,lata
130,Sukita_Laranja,Itupeva,ITU_L2,8,-1.0e6,true,lata
130,Sukita_Laranja,Itupeva,ITU_L2,9,-0.0,false,lata
130,Sukita_Laranja,Itupeva,ITU_L2,10,-0.0,false,lata
130,Sukita_Laranja,Itupeva,ITU_L2,11,-0.0,false,lata
130,Sukita_Laranja,Itupeva,ITU_L2,12,-1.0e6,true,lata
130,Sukita_Laranja,Itupeva,ITU_L2,13,-0.0,false,lata
130,Sukita_Laranja,Itupeva,ITU_L2,14,-0.0,false,lata
130,Sukita_Laranja,Itupeva,ITU_L2,15,-1.0e6,true,lata
130,Sukita_Laranja,Itupeva,ITU_L3,1,-0.0,false,lata
130,Sukita_Laranja,Itupeva,ITU_L3,2,-0.0,false,lata
130,Sukita_Laranja,Itupeva,ITU_L3,3,-0.0,false,lata
130,Sukita_Laranja,Itupeva,ITU_L3,4,-0.0,false,lata
130,Sukita_Laranja,Itupeva,ITU_L3,5,-0.0,false,lata
130,Sukita_Laranja,Itupeva,ITU_L3,6,-0.0,false,lata
130,Sukita_Laranja,Itupeva,ITU_L3,7,-0.0,false,lata
130,Sukita_Laranja,Itupeva,ITU_L3,8,-0.0,false,lata
130,Sukita_Laranja,Itupeva,ITU_L3,9,-0.0,false,lata
130,Sukita_Laranja,Itupeva,ITU_L3,10,-0.0,false,lata
130,Sukita_Laranja,Itupeva,ITU_L3,11,-1.0e6,true,lata
130,Sukita_Laranja,Itupeva,ITU_L3,12,-0.0,false,lata
130,Sukita_Laranja,Itupeva,ITU_L3,13,-0.0,false,lata
130,Sukita_Laranja,Itupeva,ITU_L3,14,-0.0,false,lata
130,Sukita_Laranja,Itupeva,ITU_L3,15,-0.0,false,lata
130,Sukita_Laranja,Cabo de Santo Agostinho,CAB_L1,1,-0.0,false,lata
130,Sukita_Laranja,Cabo de Santo Agostinho,CAB_L1,2,-0.0,false,lata
130,Sukita_Laranja,Cabo de Santo Agostinho,CAB_L1,3,-0.0,false,lata
130,Sukita_Laranja,Cabo de Santo Agostinho,CAB_L1,4,-0.0,false,lata
130,Sukita_Laranja,Cabo de Santo Agostinho,CAB_L1,5,-0.0,false,lata
130,Sukita_Laranja,Cabo de Santo Agostinho,CAB_L1,6,-0.0,false,lata
130,Sukita_Laranja,Cabo de Santo Agostinho,CAB_L1,7,-0.0,false,lata
130,Sukita_Laranja,Cabo de Santo Agostinho,CAB_L1,8,-0.0,false,lata
130,Sukita_Laranja,Cabo de Santo Agostinho,CAB_L1,9,-0.0,false,lata
130,Sukita_Laranja,Cabo de Santo Agostinho,CAB_L1,10,-0.0,false,lata
130,Sukita_Laranja,Cabo de Santo Agostinho,CAB_L1,11,-0.0,false,lata
130,Sukita_Laranja,Cabo de Santo Agostinho,CAB_L1,12,-0.0,false,lata
130,Sukita_Laranja,Cabo de Santo Agostinho,CAB_L1,13,-0.0,false,lata
130,Sukita_Laranja,Cabo de Santo Agostinho,CAB_L1,14,-0.0,false,lata
130,Sukita_Laranja,Cabo de Santo Agostinho,CAB_L1,15,-0.0,false,lata
130,Sukita_Laranja,Cabo de Santo Agostinho,CAB_L2,1,-0.0,false,lata
130,Sukita_Laranja,Cabo de Santo Agostinho,CAB_L2,2,-0.0,false,lata
130,Sukita_Laranja,Cabo de Santo Agostinho,CAB_L2,3,-0.0,false,lata
130,Sukita_Laranja,Cabo de Santo Agostinho,CAB_L2,4,-0.0,false,lata
130,Sukita_Laranja,Cabo de Santo Agostinho,CAB_L2,5,-0.0,false,lata
130,Sukita_Laranja,Cabo de Santo Agostinho,CAB_L2,6,-0.0,false,lata
130,Sukita_Laranja,Cabo de Santo Agostinho,CAB_L2,7,-0.0,false,lata
130,Sukita_Laranja,Cabo de Santo Agostinho,CAB_L2,8,-0.0,false,lata
130,Sukita_Laranja,Cabo de Santo Agostinho,CAB_L2,9,-0.0,false,lata
130,Sukita_Laranja,Cabo de Santo Agostinho,CAB_L2,10,-0.0,false,lata
130,Sukita_Laranja,Cabo de Santo Agostinho,CAB_L2,11,-0.0,false,lata
130,Sukita_Laranja,Cabo de Santo Agostinho,CAB_L2,12,-0.0,false,lata
130,Sukita_Laranja,Cabo de Santo Agostinho,CAB_L2,13,-0.0,false,lata
130,Sukita_Laranja,Cabo de Santo Agostinho,CAB_L2,14,-0.0,false,lata
130,Sukita_Laranja,Cabo de Santo Agostinho,CAB_L2,15,-0.0,false,lata
130,Sukita_Laranja,Cabo de Santo Agostinho,CAB_L3,1,-0.0,false,lata
130,Sukita_Laranja,Cabo de Santo Agostinho,CAB_L3,2,-0.0,false,lata
130,Sukita_Laranja,Cabo de Santo Agostinho,CAB_L3,3,-0.0,false,lata
130,Sukita_Laranja,Cabo de Santo Agostinho,CAB_L3,4,-0.0,false,lata
130,Sukita_Laranja,Cabo de Santo Agostinho,CAB_L3,5,-0.0,false,lata
130,Sukita_Laranja,Cabo de Santo Agostinho,CAB_L3,6,-0.0,false,lata
130,Sukita_Laranja,Cabo de Santo Agostinho,CAB_L3,7,-0.0,false,lata
130,Sukita_Laranja,Cabo de Santo Agostinho,CAB_L3,8,-0.0,false,lata
130,Sukita_Laranja,Cabo de Santo Agostinho,CAB_L3,9,-0.0,false,lata
130,Sukita_Laranja,Cabo de Santo Agostinho,CAB_L3,10,-0.0,false,lata
130,Sukita_Laranja,Cabo de Santo Agostinho,CAB_L3,11,-1.0e6,true,lata
130,Sukita_Laranja,Cabo de Santo Agostinho,CAB_L3,12,-0.0,false,lata
130,Sukita_Laranja,Cabo de Santo Agostinho,CAB_L3,13,-0.0,false,lata
130,Sukita_Laranja,Cabo de Santo Agostinho,CAB_L3,14,-0.0,false,lata
130,Sukita_Laranja,Cabo de Santo Agostinho,CAB_L3,15,-0.0,false,lata
130,Coca_Cola_Zero,Jacarei,JAC_L1,1,-0.0,false,lata
130,Coca_Cola_Zero,Jacarei,JAC_L1,2,-0.0,false,lata
130,Coca_Cola_Zero,Jacarei,JAC_L1,3,-0.0,false,lata
130,Coca_Cola_Zero,Jacarei,JAC_L1,4,-0.0,false,lata
130,Coca_Cola_Zero,Jacarei,JAC_L1,5,-0.0,false,lata
130,Coca_Cola_Zero,Jacarei,JAC_L1,6,-0.0,false,lata
130,Coca_Cola_Zero,Jacarei,JAC_L1,7,-0.0,false,lata
130,Coca_Cola_Zero,Jacarei,JAC_L1,8,-1.0e6,true,lata
130,Coca_Cola_Zero,Jacarei,JAC_L1,9,-0.0,false,lata
130,Coca_Cola_Zero,Jacarei,JAC_L1,10,-999999.93992805,false,lata
130,Coca_Cola_Zero,Jacarei,JAC_L1,11,-0.0,false,lata
130,Coca_Cola_Zero,Jacarei,JAC_L1,12,-0.0,false,lata
130,Coca_Cola_Zero,Jacarei,JAC_L1,13,-0.0,false,lata
130,Coca_Cola_Zero,Jacarei,JAC_L1,14,-0.0,false,lata
130,Coca_Cola_Zero,Jacarei,JAC_L1,15,-0.0,false,lata
130,Coca_Cola_Zero,Jacarei,JAC_L2,1,-999999.96791675,false,lata
130,Coca_Cola_Zero,Jacarei,JAC_L2,2,-0.0,false,lata
130,Coca_Cola_Zero,Jacarei,JAC_L2,3,-999999.96791675,false,lata
130,Coca_Cola_Zero,Jacarei,JAC_L2,4,-0.0,false,lata
130,Coca_Cola_Zero,Jacarei,JAC_L2,5,-0.0,false,lata
130,Coca_Cola_Zero,Jacarei,JAC_L2,6,-0.0,false,lata
130,Coca_Cola_Zero,Jacarei,JAC_L2,7,-0.0,false,lata
130,Coca_Cola_Zero,Jacarei,JAC_L2,8,-0.0,false,lata
130,Coca_Cola_Zero,Jacarei,JAC_L2,9,-999999.8517365,false,lata
130,Coca_Cola_Zero,Jacarei,JAC_L2,10,-0.0,false,lata
130,Coca_Cola_Zero,Jacarei,JAC_L2,11,-0.0,false,lata
130,Coca_Cola_Zero,Jacarei,JAC_L2,12,-0.0,false,lata
130,Coca_Cola_Zero,Jacarei,JAC_L2,13,-0.0,false,lata
130,Coca_Cola_Zero,Jacarei,JAC_L2,14,-0.0,false,lata
130,Coca_Cola_Zero,Jacarei,JAC_L2,15,-0.0,false,lata
130,Coca_Cola_Zero,Jacarei,JAC_L3,1,-0.0,false,lata
130,Coca_Cola_Zero,Jacarei,JAC_L3,2,-0.0,false,lata
130,Coca_Cola_Zero,Jacarei,JAC_L3,3,-999999.96791675,false,lata
130,Coca_Cola_Zero,Jacarei,JAC_L3,4,-0.0,false,lata
130,Coca_Cola_Zero,Jacarei,JAC_L3,5,-0.0,false,lata
130,Coca_Cola_Zero,Jacarei,JAC_L3,6,-0.0,false,lata
130,Coca_Cola_Zero,Jacarei,JAC_L3,7,-0.0,false,lata
130,Coca_Cola_Zero,Jacarei,JAC_L3,8,-0.0,false,lata
130,Coca_Cola_Zero,Jacarei,JAC_L3,9,-0.0,false,lata
130,Coca_Cola_Zero,Jacarei,JAC_L3,10,-0.0,false,lata
130,Coca_Cola_Zero,Jacarei,JAC_L3,11,-0.0,false,lata
130,Coca_Cola_Zero,Jacarei,JAC_L3,12,-0.0,false,lata
130,Coca_Cola_Zero,Jacarei,JAC_L3,13,-0.0,false,lata
130,Coca_Cola_Zero,Jacarei,JAC_L3,14,-0.0,false,lata
130,Coca_Cola_Zero,Jacarei,JAC_L3,15,-0.0,false,lata
130,Coca_Cola_Zero,Extrema,EXT_L1,1,-0.0,false,lata
130,Coca_Cola_Zero,Extrema,EXT_L1,2,-0.0,false,lata
130,Coca_Cola_Zero,Extrema,EXT_L1,3,-0.0,false,lata
130,Coca_Cola_Zero,Extrema,EXT_L1,4,-0.0,false,lata
130,Coca_Cola_Zero,Extrema,EXT_L1,5,-0.0,false,lata
130,Coca_Cola_Zero,Extrema,EXT_L1,6,-0.0,false,lata
130,Coca_Cola_Zero,Extrema,EXT_L1,7,-999999.9463241998,false,lata
130,Coca_Cola_Zero,Extrema,EXT_L1,8,-1.0e6,true,lata
130,Coca_Cola_Zero,Extrema,EXT_L1,9,-0.0,false,lata
130,Coca_Cola_Zero,Extrema,EXT_L1,10,-0.0,false,lata
130,Coca_Cola_Zero,Extrema,EXT_L1,11,-0.0,false,lata
130,Coca_Cola_Zero,Extrema,EXT_L1,12,-0.0,false,lata
130,Coca_Cola_Zero,Extrema,EXT_L1,13,-0.0,false,lata
130,Coca_Cola_Zero,Extrema,EXT_L1,14,-0.0,false,lata
130,Coca_Cola_Zero,Extrema,EXT_L1,15,-0.0,false,lata
130,Coca_Cola_Zero,Extrema,EXT_L2,1,-0.0,false,lata
130,Coca_Cola_Zero,Extrema,EXT_L2,2,-0.0,false,lata
130,Coca_Cola_Zero,Extrema,EXT_L2,3,-0.0,false,lata
130,Coca_Cola_Zero,Extrema,EXT_L2,4,-0.0,false,lata
130,Coca_Cola_Zero,Extrema,EXT_L2,5,-999999.9897286501,false,lata
130,Coca_Cola_Zero,Extrema,EXT_L2,6,-0.0,false,lata
130,Coca_Cola_Zero,Extrema,EXT_L2,7,-0.0,false,lata
130,Coca_Cola_Zero,Extrema,EXT_L2,8,-0.0,false,lata
130,Coca_Cola_Zero,Extrema,EXT_L2,9,-0.0,false,lata
130,Coca_Cola_Zero,Extrema,EXT_L2,10,-0.0,false,lata
130,Coca_Cola_Zero,Extrema,EXT_L2,11,-0.0,false,lata
130,Coca_Cola_Zero,Extrema,EXT_L2,12,-0.0,false,lata
130,Coca_Cola_Zero,Extrema,EXT_L2,13,-0.0,false,lata
130,Coca_Cola_Zero,Extrema,EXT_L2,14,-0.0,false,lata
130,Coca_Cola_Zero,Extrema,EXT_L2,15,-0.0,false,lata
130,Coca_Cola_Zero,Extrema,EXT_L3,1,-0.0,false,lata
130,Coca_Cola_Zero,Extrema,EXT_L3,2,-0.0,false,lata
130,Coca_Cola_Zero,Extrema,EXT_L3,3,-0.0,false,lata
130,Coca_Cola_Zero,Extrema,EXT_L3,4,-0.0,false,lata
130,Coca_Cola_Zero,Extrema,EXT_L3,5,-0.0,false,lata
130,Coca_Cola_Zero,Extrema,EXT_L3,6,-0.0,false,lata
130,Coca_Cola_Zero,Extrema,EXT_L3,7,-0.0,false,lata
130,Coca_Cola_Zero,Extrema,EXT_L3,8,-0.0,false,lata
130,Coca_Cola_Zero,Extrema,EXT_L3,9,-0.0,false,lata
130,Coca_Cola_Zero,Extrema,EXT_L3,10,-999999.93888425,false,lata
130,Coca_Cola_Zero,Extrema,EXT_L3,11,-0.0,false,lata
130,Coca_Cola_Zero,Extrema,EXT_L3,12,-0.0,false,lata
130,Coca_Cola_Zero,Extrema,EXT_L3,13,-0.0,false,lata
130,Coca_Cola_Zero,Extrema,EXT_L3,14,-0.0,false,lata
130,Coca_Cola_Zero,Extrema,EXT_L3,15,-0.0,false,lata
130,Coca_Cola_Zero,Tres Rios,TRE_L1,1,-0.0,false,lata
130,Coca_Cola_Zero,Tres Rios,TRE_L1,2,-0.0,false,lata
130,Coca_Cola_Zero,Tres Rios,TRE_L1,3,-0.0,false,lata
130,Coca_Cola_Zero,Tres Rios,TRE_L1,4,-0.0,false,lata
130,Coca_Cola_Zero,Tres Rios,TRE_L1,5,-0.0,false,lata
130,Coca_Cola_Zero,Tres Rios,TRE_L1,6,-0.0,false,lata
130,Coca_Cola_Zero,Tres Rios,TRE_L1,7,-0.0,false,lata
130,Coca_Cola_Zero,Tres Rios,TRE_L1,8,-0.0,false,lata
130,Coca_Cola_Zero,Tres Rios,TRE_L1,9,-0.0,false,lata
130,Coca_Cola_Zero,Tres Rios,TRE_L1,10,-0.0,false,lata
130,Coca_Cola_Zero,Tres Rios,TRE_L1,11,-0.0,false,lata
130,Coca_Cola_Zero,Tres Rios,TRE_L1,12,-0.0,false,lata
130,Coca_Cola_Zero,Tres Rios,TRE_L1,13,-0.0,false,lata
130,Coca_Cola_Zero,Tres Rios,TRE_L1,14,-0.0,false,lata
130,Coca_Cola_Zero,Tres Rios,TRE_L1,15,-0.0,false,lata
130,Coca_Cola_Zero,Tres Rios,TRE_L2,1,-0.0,false,lata
130,Coca_Cola_Zero,Tres Rios,TRE_L2,2,-0.0,false,lata
130,Coca_Cola_Zero,Tres Rios,TRE_L2,3,-0.0,false,lata
130,Coca_Cola_Zero,Tres Rios,TRE_L2,4,-0.0,false,lata
130,Coca_Cola_Zero,Tres Rios,TRE_L2,5,-0.0,false,lata
130,Coca_Cola_Zero,Tres Rios,TRE_L2,6,-0.0,false,lata
130,Coca_Cola_Zero,Tres Rios,TRE_L2,7,-0.0,false,lata
130,Coca_Cola_Zero,Tres Rios,TRE_L2,8,-0.0,false,lata
130,Coca_Cola_Zero,Tres Rios,TRE_L2,9,-0.0,false,lata
130,Coca_Cola_Zero,Tres Rios,TRE_L2,10,-0.0,false,lata
130,Coca_Cola_Zero,Tres Rios,TRE_L2,11,-999999.44188195,false,lata
130,Coca_Cola_Zero,Tres Rios,TRE_L2,12,-0.0,false,lata
130,Coca_Cola_Zero,Tres Rios,TRE_L2,13,-0.0,false,lata
130,Coca_Cola_Zero,Tres Rios,TRE_L2,14,-0.0,false,lata
130,Coca_Cola_Zero,Tres Rios,TRE_L2,15,-0.0,false,lata
130,Coca_Cola_Zero,Tres Rios,TRE_L3,1,-0.0,false,lata
130,Coca_Cola_Zero,Tres Rios,TRE_L3,2,-0.0,false,lata
130,Coca_Cola_Zero,Tres Rios,TRE_L3,3,-0.0,false,lata
130,Coca_Cola_Zero,Tres Rios,TRE_L3,4,-0.0,false,lata
130,Coca_Cola_Zero,Tres Rios,TRE_L3,5,-1.0e6,true,lata
130,Coca_Cola_Zero,Tres Rios,TRE_L3,6,-0.0,false,lata
130,Coca_Cola_Zero,Tres Rios,TRE_L3,7,-0.0,false,lata
130,Coca_Cola_Zero,Tres Rios,TRE_L3,8,-0.0,false,lata
130,Coca_Cola_Zero,Tres Rios,TRE_L3,9,-0.0,false,lata
130,Coca_Cola_Zero,Tres Rios,TRE_L3,10,-0.0,false,lata
130,Coca_Cola_Zero,Tres Rios,TRE_L3,11,-0.0,false,lata
130,Coca_Cola_Zero,Tres Rios,TRE_L3,12,-0.0,false,lata
130,Coca_Cola_Zero,Tres Rios,TRE_L3,13,-0.0,false,lata
130,Coca_Cola_Zero,Tres Rios,TRE_L3,14,-0.0,false,lata
130,Coca_Cola_Zero,Tres Rios,TRE_L3,15,-0.0,false,lata
130,Coca_Cola_Zero,Alagoinhas,ALA_L1,1,-0.0,false,lata
130,Coca_Cola_Zero,Alagoinhas,ALA_L1,2,-0.0,false,lata
130,Coca_Cola_Zero,Alagoinhas,ALA_L1,3,-0.0,false,lata
130,Coca_Cola_Zero,Alagoinhas,ALA_L1,4,-0.0,false,lata
130,Coca_Cola_Zero,Alagoinhas,ALA_L1,5,-0.0,false,lata
130,Coca_Cola_Zero,Alagoinhas,ALA_L1,6,-0.0,false,lata
130,Coca_Cola_Zero,Alagoinhas,ALA_L1,7,-0.0,false,lata
130,Coca_Cola_Zero,Alagoinhas,ALA_L1,8,-0.0,false,lata
130,Coca_Cola_Zero,Alagoinhas,ALA_L1,9,-999999.91428955,false,lata
130,Coca_Cola_Zero,Alagoinhas,ALA_L1,10,-1.0e6,true,lata
130,Coca_Cola_Zero,Alagoinhas,ALA_L1,11,-0.0,false,lata
130,Coca_Cola_Zero,Alagoinhas,ALA_L1,12,-0.0,false,lata
130,Coca_Cola_Zero,Alagoinhas,ALA_L1,13,-0.0,false,lata
130,Coca_Cola_Zero,Alagoinhas,ALA_L1,14,-0.0,false,lata
130,Coca_Cola_Zero,Alagoinhas,ALA_L1,15,-0.0,false,lata
130,Coca_Cola_Zero,Alagoinhas,ALA_L2,1,-0.0,false,lata
130,Coca_Cola_Zero,Alagoinhas,ALA_L2,2,-0.0,false,lata
130,Coca_Cola_Zero,Alagoinhas,ALA_L2,3,-0.0,false,lata
130,Coca_Cola_Zero,Alagoinhas,ALA_L2,4,-0.0,false,lata
130,Coca_Cola_Zero,Alagoinhas,ALA_L2,5,-0.0,false,lata
130,Coca_Cola_Zero,Alagoinhas,ALA_L2,6,-0.0,false,lata
130,Coca_Cola_Zero,Alagoinhas,ALA_L2,7,-0.0,false,lata
130,Coca_Cola_Zero,Alagoinhas,ALA_L2,8,-0.0,false,lata
130,Coca_Cola_Zero,Alagoinhas,ALA_L2,9,-0.0,false,lata
130,Coca_Cola_Zero,Alagoinhas,ALA_L2,10,-0.0,false,lata
130,Coca_Cola_Zero,Alagoinhas,ALA_L2,11,-0.0,false,lata
130,Coca_Cola_Zero,Alagoinhas,ALA_L2,12,-0.0,false,lata
130,Coca_Cola_Zero,Alagoinhas,ALA_L2,13,-0.0,false,lata
130,Coca_Cola_Zero,Alagoinhas,ALA_L2,14,-0.0,false,lata
130,Coca_Cola_Zero,Alagoinhas,ALA_L2,15,-999999.8508924999,false,lata
130,Coca_Cola_Zero,Alagoinhas,ALA_L3,1,-0.0,false,lata
130,Coca_Cola_Zero,Alagoinhas,ALA_L3,2,-0.0,false,lata
130,Coca_Cola_Zero,Alagoinhas,ALA_L3,3,-0.0,false,lata
130,Coca_Cola_Zero,Alagoinhas,ALA_L3,4,-0.0,false,lata
130,Coca_Cola_Zero,Alagoinhas,ALA_L3,5,-0.0,false,lata
130,Coca_Cola_Zero,Alagoinhas,ALA_L3,6,-0.0,false,lata
130,Coca_Cola_Zero,Alagoinhas,ALA_L3,7,-0.0,false,lata
130,Coca_Cola_Zero,Alagoinhas,ALA_L3,8,-1.0e6,true,lata
130,Coca_Cola_Zero,Alagoinhas,ALA_L3,9,-0.0,false,lata
130,Coca_Cola_Zero,Alagoinhas,ALA_L3,10,-0.0,false,lata
130,Coca_Cola_Zero,Alagoinhas,ALA_L3,11,-0.0,false,lata
130,Coca_Cola_Zero,Alagoinhas,ALA_L3,12,-0.0,false,lata
130,Coca_Cola_Zero,Alagoinhas,ALA_L3,13,-0.0,false,lata
130,Coca_Cola_Zero,Alagoinhas,ALA_L3,14,-0.0,false,lata
130,Coca_Cola_Zero,Alagoinhas,ALA_L3,15,-0.0,false,lata
130,Coca_Cola_Zero,Frutal,FRU_L1,1,-0.0,false,lata
130,Coca_Cola_Zero,Frutal,FRU_L1,2,-0.0,false,lata
130,Coca_Cola_Zero,Frutal,FRU_L1,3,-0.0,false,lata
130,Coca_Cola_Zero,Frutal,FRU_L1,4,-0.0,false,lata
130,Coca_Cola_Zero,Frutal,FRU_L1,5,-0.0,false,lata
130,Coca_Cola_Zero,Frutal,FRU_L1,6,-0.0,false,lata
130,Coca_Cola_Zero,Frutal,FRU_L1,7,-0.0,false,lata
130,Coca_Cola_Zero,Frutal,FRU_L1,8,-0.0,false,lata
130,Coca_Cola_Zero,Frutal,FRU_L1,9,-0.0,false,lata
130,Coca_Cola_Zero,Frutal,FRU_L1,10,-0.0,false,lata
130,Coca_Cola_Zero,Frutal,FRU_L1,11,-0.0,false,lata
130,Coca_Cola_Zero,Frutal,FRU_L1,12,-0.0,false,lata
130,Coca_Cola_Zero,Frutal,FRU_L1,13,-0.0,false,lata
130,Coca_Cola_Zero,Frutal,FRU_L1,14,-0.0,false,lata
130,Coca_Cola_Zero,Frutal,FRU_L1,15,-0.0,false,lata
130,Coca_Cola_Zero,Frutal,FRU_L2,1,-0.0,false,lata
130,Coca_Cola_Zero,Frutal,FRU_L2,2,-0.0,false,lata
130,Coca_Cola_Zero,Frutal,FRU_L2,3,-0.0,false,lata
130,Coca_Cola_Zero,Frutal,FRU_L2,4,-0.0,false,lata
130,Coca_Cola_Zero,Frutal,FRU_L2,5,-0.0,false,lata
130,Coca_Cola_Zero,Frutal,FRU_L2,6,-0.0,false,lata
130,Coca_Cola_Zero,Frutal,FRU_L2,7,-0.0,false,lata
130,Coca_Cola_Zero,Frutal,FRU_L2,8,-0.0,false,lata
130,Coca_Cola_Zero,Frutal,FRU_L2,9,-0.0,false,lata
130,Coca_Cola_Zero,Frutal,FRU_L2,10,-999999.94995305,false,lata
130,Coca_Cola_Zero,Frutal,FRU_L2,11,-0.0,false,lata
130,Coca_Cola_Zero,Frutal,FRU_L2,12,-0.0,false,lata
130,Coca_Cola_Zero,Frutal,FRU_L2,13,-999999.72339055,false,lata
130,Coca_Cola_Zero,Frutal,FRU_L2,14,-0.0,false,lata
130,Coca_Cola_Zero,Frutal,FRU_L2,15,-0.0,false,lata
130,Coca_Cola_Zero,Frutal,FRU_L3,1,-0.0,false,lata
130,Coca_Cola_Zero,Frutal,FRU_L3,2,-0.0,false,lata
130,Coca_Cola_Zero,Frutal,FRU_L3,3,-0.0,false,lata
130,Coca_Cola_Zero,Frutal,FRU_L3,4,-0.0,false,lata
130,Coca_Cola_Zero,Frutal,FRU_L3,5,-0.0,false,lata
130,Coca_Cola_Zero,Frutal,FRU_L3,6,-0.0,false,lata
130,Coca_Cola_Zero,Frutal,FRU_L3,7,-0.0,false,lata
130,Coca_Cola_Zero,Frutal,FRU_L3,8,-0.0,false,lata
130,Coca_Cola_Zero,Frutal,FRU_L3,9,-0.0,false,lata
130,Coca_Cola_Zero,Frutal,FRU_L3,10,-0.0,false,lata
130,Coca_Cola_Zero,Frutal,FRU_L3,11,-0.0,false,lata
130,Coca_Cola_Zero,Frutal,FRU_L3,12,-0.0,false,lata
130,Coca_Cola_Zero,Frutal,FRU_L3,13,-0.0,false,lata
130,Coca_Cola_Zero,Frutal,FRU_L3,14,-0.0,false,lata
130,Coca_Cola_Zero,Frutal,FRU_L3,15,-0.0,false,lata
130,Coca_Cola_Zero,Pouso Alegre,POU_L1,1,-0.0,false,lata
130,Coca_Cola_Zero,Pouso Alegre,POU_L1,2,-0.0,false,lata
130,Coca_Cola_Zero,Pouso Alegre,POU_L1,3,-0.0,false,lata
130,Coca_Cola_Zero,Pouso Alegre,POU_L1,4,-0.0,false,lata
130,Coca_Cola_Zero,Pouso Alegre,POU_L1,5,-0.0,false,lata
130,Coca_Cola_Zero,Pouso Alegre,POU_L1,6,-0.0,false,lata
130,Coca_Cola_Zero,Pouso Alegre,POU_L1,7,-0.0,false,lata
130,Coca_Cola_Zero,Pouso Alegre,POU_L1,8,-0.0,false,lata
130,Coca_Cola_Zero,Pouso Alegre,POU_L1,9,-0.0,false,lata
130,Coca_Cola_Zero,Pouso Alegre,POU_L1,10,-0.0,false,lata
130,Coca_Cola_Zero,Pouso Alegre,POU_L1,11,-0.0,false,lata
130,Coca_Cola_Zero,Pouso Alegre,POU_L1,12,-0.0,false,lata
130,Coca_Cola_Zero,Pouso Alegre,POU_L1,13,-0.0,false,lata
130,Coca_Cola_Zero,Pouso Alegre,POU_L1,14,-0.0,false,lata
130,Coca_Cola_Zero,Pouso Alegre,POU_L1,15,-0.0,false,lata
130,Coca_Cola_Zero,Pouso Alegre,POU_L2,1,-0.0,false,lata
130,Coca_Cola_Zero,Pouso Alegre,POU_L2,2,-0.0,false,lata
130,Coca_Cola_Zero,Pouso Alegre,POU_L2,3,-0.0,false,lata
130,Coca_Cola_Zero,Pouso Alegre,POU_L2,4,-0.0,false,lata
130,Coca_Cola_Zero,Pouso Alegre,POU_L2,5,-0.0,false,lata
130,Coca_Cola_Zero,Pouso Alegre,POU_L2,6,-0.0,false,lata
130,Coca_Cola_Zero,Pouso Alegre,POU_L2,7,-999999.9490529998,false,lata
130,Coca_Cola_Zero,Pouso Alegre,POU_L2,8,-0.0,false,lata
130,Coca_Cola_Zero,Pouso Alegre,POU_L2,9,-0.0,false,lata
130,Coca_Cola_Zero,Pouso Alegre,POU_L2,10,-0.0,false,lata
130,Coca_Cola_Zero,Pouso Alegre,POU_L2,11,-999999.4308136001,false,lata
130,Coca_Cola_Zero,Pouso Alegre,POU_L2,12,-0.0,false,lata
130,Coca_Cola_Zero,Pouso Alegre,POU_L2,13,-0.0,false,lata
130,Coca_Cola_Zero,Pouso Alegre,POU_L2,14,-0.0,false,lata
130,Coca_Cola_Zero,Pouso Alegre,POU_L2,15,-999999.7925622499,false,lata
130,Coca_Cola_Zero,Pouso Alegre,POU_L3,1,-0.0,false,lata
130,Coca_Cola_Zero,Pouso Alegre,POU_L3,2,-0.0,false,lata
130,Coca_Cola_Zero,Pouso Alegre,POU_L3,3,-0.0,false,lata
130,Coca_Cola_Zero,Pouso Alegre,POU_L3,4,-0.0,false,lata
130,Coca_Cola_Zero,Pouso Alegre,POU_L3,5,-0.0,false,lata
130,Coca_Cola_Zero,Pouso Alegre,POU_L3,6,-0.0,false,lata
130,Coca_Cola_Zero,Pouso Alegre,POU_L3,7,-999999.9490529998,false,lata
130,Coca_Cola_Zero,Pouso Alegre,POU_L3,8,-0.0,false,lata
130,Coca_Cola_Zero,Pouso Alegre,POU_L3,9,-0.0,false,lata
130,Coca_Cola_Zero,Pouso Alegre,POU_L3,10,-0.0,false,lata
130,Coca_Cola_Zero,Pouso Alegre,POU_L3,11,-0.0,false,lata
130,Coca_Cola_Zero,Pouso Alegre,POU_L3,12,-0.0,false,lata
130,Coca_Cola_Zero,Pouso Alegre,POU_L3,13,-0.0,false,lata
130,Coca_Cola_Zero,Pouso Alegre,POU_L3,14,-0.0,false,lata
130,Coca_Cola_Zero,Pouso Alegre,POU_L3,15,-0.0,false,lata
130,Coca_Cola_Zero,Gama,GAM_L1,1,-0.0,false,lata
130,Coca_Cola_Zero,Gama,GAM_L1,2,-0.0,false,lata
130,Coca_Cola_Zero,Gama,GAM_L1,3,-0.0,false,lata
130,Coca_Cola_Zero,Gama,GAM_L1,4,-0.0,false,lata
130,Coca_Cola_Zero,Gama,GAM_L1,5,-0.0,false,lata
130,Coca_Cola_Zero,Gama,GAM_L1,6,-999999.7050441,false,lata
130,Coca_Cola_Zero,Gama,GAM_L1,7,-0.0,false,lata
130,Coca_Cola_Zero,Gama,GAM_L1,8,-0.0,false,lata
130,Coca_Cola_Zero,Gama,GAM_L1,9,-0.0,false,lata
130,Coca_Cola_Zero,Gama,GAM_L1,10,-0.0,false,lata
130,Coca_Cola_Zero,Gama,GAM_L1,11,-0.0,false,lata
130,Coca_Cola_Zero,Gama,GAM_L1,12,-0.0,false,lata
130,Coca_Cola_Zero,Gama,GAM_L1,13,-0.0,false,lata
130,Coca_Cola_Zero,Gama,GAM_L1,14,-0.0,false,lata
130,Coca_Cola_Zero,Gama,GAM_L1,15,-999999.8177909498,false,lata
130,Coca_Cola_Zero,Gama,GAM_L2,1,-0.0,false,lata
130,Coca_Cola_Zero,Gama,GAM_L2,2,-0.0,false,lata
130,Coca_Cola_Zero,Gama,GAM_L2,3,-0.0,false,lata
130,Coca_Cola_Zero,Gama,GAM_L2,4,-0.0,false,lata
130,Coca_Cola_Zero,Gama,GAM_L2,5,-1.0e6,true,lata
130,Coca_Cola_Zero,Gama,GAM_L2,6,-0.0,false,lata
130,Coca_Cola_Zero,Gama,GAM_L2,7,-0.0,false,lata
130,Coca_Cola_Zero,Gama,GAM_L2,8,-1.0e6,true,lata
130,Coca_Cola_Zero,Gama,GAM_L2,9,-0.0,false,lata
130,Coca_Cola_Zero,Gama,GAM_L2,10,-0.0,false,lata
130,Coca_Cola_Zero,Gama,GAM_L2,11,-0.0,false,lata
130,Coca_Cola_Zero,Gama,GAM_L2,12,-0.0,false,lata
130,Coca_Cola_Zero,Gama,GAM_L2,13,-0.0,false,lata
130,Coca_Cola_Zero,Gama,GAM_L2,14,-0.0,false,lata
130,Coca_Cola_Zero,Gama,GAM_L2,15,-0.0,false,lata
130,Coca_Cola_Zero,Gama,GAM_L3,1,-0.0,false,lata
130,Coca_Cola_Zero,Gama,GAM_L3,2,-0.0,false,lata
130,Coca_Cola_Zero,Gama,GAM_L3,3,-0.0,false,lata
130,Coca_Cola_Zero,Gama,GAM_L3,4,-0.0,false,lata
130,Coca_Cola_Zero,Gama,GAM_L3,5,-0.0,false,lata
130,Coca_Cola_Zero,Gama,GAM_L3,6,-0.0,false,lata
130,Coca_Cola_Zero,Gama,GAM_L3,7,-0.0,false,lata
130,Coca_Cola_Zero,Gama,GAM_L3,8,-0.0,false,lata
130,Coca_Cola_Zero,Gama,GAM_L3,9,-0.0,false,lata
130,Coca_Cola_Zero,Gama,GAM_L3,10,-0.0,false,lata
130,Coca_Cola_Zero,Gama,GAM_L3,11,-0.0,false,lata
130,Coca_Cola_Zero,Gama,GAM_L3,12,-0.0,false,lata
130,Coca_Cola_Zero,Gama,GAM_L3,13,-0.0,false,lata
130,Coca_Cola_Zero,Gama,GAM_L3,14,-0.0,false,lata
130,Coca_Cola_Zero,Gama,GAM_L3,15,-0.0,false,lata
130,Coca_Cola_Zero,Viamao,VIA_L1,1,-1.0e6,true,lata
130,Coca_Cola_Zero,Viamao,VIA_L1,2,-0.0,false,lata
130,Coca_Cola_Zero,Viamao,VIA_L1,3,-0.0,false,lata
130,Coca_Cola_Zero,Viamao,VIA_L1,4,-0.0,false,lata
130,Coca_Cola_Zero,Viamao,VIA_L1,5,-0.0,false,lata
130,Coca_Cola_Zero,Viamao,VIA_L1,6,-0.0,false,lata
130,Coca_Cola_Zero,Viamao,VIA_L1,7,-0.0,false,lata
130,Coca_Cola_Zero,Viamao,VIA_L1,8,-0.0,false,lata
130,Coca_Cola_Zero,Viamao,VIA_L1,9,-0.0,false,lata
130,Coca_Cola_Zero,Viamao,VIA_L1,10,-0.0,false,lata
130,Coca_Cola_Zero,Viamao,VIA_L1,11,-0.0,false,lata
130,Coca_Cola_Zero,Viamao,VIA_L1,12,-0.0,false,lata
130,Coca_Cola_Zero,Viamao,VIA_L1,13,-0.0,false,lata
130,Coca_Cola_Zero,Viamao,VIA_L1,14,-0.0,false,lata
130,Coca_Cola_Zero,Viamao,VIA_L1,15,-0.0,false,lata
130,Coca_Cola_Zero,Viamao,VIA_L2,1,-0.0,false,lata
130,Coca_Cola_Zero,Viamao,VIA_L2,2,-1.0e6,true,lata
130,Coca_Cola_Zero,Viamao,VIA_L2,3,-1.0e6,true,lata
130,Coca_Cola_Zero,Viamao,VIA_L2,4,-0.0,false,lata
130,Coca_Cola_Zero,Viamao,VIA_L2,5,-0.0,false,lata
130,Coca_Cola_Zero,Viamao,VIA_L2,6,-0.0,false,lata
130,Coca_Cola_Zero,Viamao,VIA_L2,7,-0.0,false,lata
130,Coca_Cola_Zero,Viamao,VIA_L2,8,-0.0,false,lata
130,Coca_Cola_Zero,Viamao,VIA_L2,9,-0.0,false,lata
130,Coca_Cola_Zero,Viamao,VIA_L2,10,-0.0,false,lata
130,Coca_Cola_Zero,Viamao,VIA_L2,11,-0.0,false,lata
130,Coca_Cola_Zero,Viamao,VIA_L2,12,-0.0,false,lata
130,Coca_Cola_Zero,Viamao,VIA_L2,13,-0.0,false,lata
130,Coca_Cola_Zero,Viamao,VIA_L2,14,-0.0,false,lata
130,Coca_Cola_Zero,Viamao,VIA_L2,15,-0.0,false,lata
130,Coca_Cola_Zero,Viamao,VIA_L3,1,-0.0,false,lata
130,Coca_Cola_Zero,Viamao,VIA_L3,2,-0.0,false,lata
130,Coca_Cola_Zero,Viamao,VIA_L3,3,-0.0,false,lata
130,Coca_Cola_Zero,Viamao,VIA_L3,4,-0.0,false,lata
130,Coca_Cola_Zero,Viamao,VIA_L3,5,-0.0,false,lata
130,Coca_Cola_Zero,Viamao,VIA_L3,6,-0.0,false,lata
130,Coca_Cola_Zero,Viamao,VIA_L3,7,-0.0,false,lata
130,Coca_Cola_Zero,Viamao,VIA_L3,8,-0.0,false,lata
130,Coca_Cola_Zero,Viamao,VIA_L3,9,-0.0,false,lata
130,Coca_Cola_Zero,Viamao,VIA_L3,10,-0.0,false,lata
130,Coca_Cola_Zero,Viamao,VIA_L3,11,-0.0,false,lata
130,Coca_Cola_Zero,Viamao,VIA_L3,12,-0.0,false,lata
130,Coca_Cola_Zero,Viamao,VIA_L3,13,-0.0,false,lata
130,Coca_Cola_Zero,Viamao,VIA_L3,14,-0.0,false,lata
130,Coca_Cola_Zero,Viamao,VIA_L3,15,-0.0,false,lata
130,Coca_Cola_Zero,Itupeva,ITU_L1,1,-0.0,false,lata
130,Coca_Cola_Zero,Itupeva,ITU_L1,2,-0.0,false,lata
130,Coca_Cola_Zero,Itupeva,ITU_L1,3,-0.0,false,lata
130,Coca_Cola_Zero,Itupeva,ITU_L1,4,-999999.9146019499,false,lata
130,Coca_Cola_Zero,Itupeva,ITU_L1,5,-0.0,false,lata
130,Coca_Cola_Zero,Itupeva,ITU_L1,6,-0.0,false,lata
130,Coca_Cola_Zero,Itupeva,ITU_L1,7,-999999.9433154498,false,lata
130,Coca_Cola_Zero,Itupeva,ITU_L1,8,-0.0,false,lata
130,Coca_Cola_Zero,Itupeva,ITU_L1,9,-0.0,false,lata
130,Coca_Cola_Zero,Itupeva,ITU_L1,10,-0.0,false,lata
130,Coca_Cola_Zero,Itupeva,ITU_L1,11,-0.0,false,lata
130,Coca_Cola_Zero,Itupeva,ITU_L1,12,-0.0,false,lata
130,Coca_Cola_Zero,Itupeva,ITU_L1,13,-0.0,false,lata
130,Coca_Cola_Zero,Itupeva,ITU_L1,14,-0.0,false,lata
130,Coca_Cola_Zero,Itupeva,ITU_L1,15,-0.0,false,lata
130,Coca_Cola_Zero,Itupeva,ITU_L2,1,-0.0,false,lata
130,Coca_Cola_Zero,Itupeva,ITU_L2,2,-0.0,false,lata
130,Coca_Cola_Zero,Itupeva,ITU_L2,3,-0.0,false,lata
130,Coca_Cola_Zero,Itupeva,ITU_L2,4,-0.0,false,lata
130,Coca_Cola_Zero,Itupeva,ITU_L2,5,-0.0,false,lata
130,Coca_Cola_Zero,Itupeva,ITU_L2,6,-0.0,false,lata
130,Coca_Cola_Zero,Itupeva,ITU_L2,7,-0.0,false,lata
130,Coca_Cola_Zero,Itupeva,ITU_L2,8,-999999.9982719,false,lata
130,Coca_Cola_Zero,Itupeva,ITU_L2,9,-0.0,false,lata
130,Coca_Cola_Zero,Itupeva,ITU_L2,10,-0.0,false,lata
130,Coca_Cola_Zero,Itupeva,ITU_L2,11,-0.0,false,lata
130,Coca_Cola_Zero,Itupeva,ITU_L2,12,-0.0,false,lata
130,Coca_Cola_Zero,Itupeva,ITU_L2,13,-0.0,false,lata
130,Coca_Cola_Zero,Itupeva,ITU_L2,14,-0.0,false,lata
130,Coca_Cola_Zero,Itupeva,ITU_L2,15,-0.0,false,lata
130,Coca_Cola_Zero,Itupeva,ITU_L3,1,-0.0,false,lata
130,Coca_Cola_Zero,Itupeva,ITU_L3,2,-0.0,false,lata
130,Coca_Cola_Zero,Itupeva,ITU_L3,3,-0.0,false,lata
130,Coca_Cola_Zero,Itupeva,ITU_L3,4,-0.0,false,lata
130,Coca_Cola_Zero,Itupeva,ITU_L3,5,-0.0,false,lata
130,Coca_Cola_Zero,Itupeva,ITU_L3,6,-0.0,false,lata
130,Coca_Cola_Zero,Itupeva,ITU_L3,7,-0.0,false,lata
130,Coca_Cola_Zero,Itupeva,ITU_L3,8,-0.0,false,lata
130,Coca_Cola_Zero,Itupeva,ITU_L3,9,-0.0,false,lata
130,Coca_Cola_Zero,Itupeva,ITU_L3,10,-0.0,false,lata
130,Coca_Cola_Zero,Itupeva,ITU_L3,11,-0.0,false,lata
130,Coca_Cola_Zero,Itupeva,ITU_L3,12,-0.0,false,lata
130,Coca_Cola_Zero,Itupeva,ITU_L3,13,-0.0,false,lata
130,Coca_Cola_Zero,Itupeva,ITU_L3,14,-0.0,false,lata
130,Coca_Cola_Zero,Itupeva,ITU_L3,15,-0.0,false,lata
130,Coca_Cola_Zero,Cabo de Santo Agostinho,CAB_L1,1,-0.0,false,lata
130,Coca_Cola_Zero,Cabo de Santo Agostinho,CAB_L1,2,-0.0,false,lata
130,Coca_Cola_Zero,Cabo de Santo Agostinho,CAB_L1,3,-1.0e6,true,lata
130,Coca_Cola_Zero,Cabo de Santo Agostinho,CAB_L1,4,-0.0,false,lata
130,Coca_Cola_Zero,Cabo de Santo Agostinho,CAB_L1,5,-0.0,false,lata
130,Coca_Cola_Zero,Cabo de Santo Agostinho,CAB_L1,6,-0.0,false,lata
130,Coca_Cola_Zero,Cabo de Santo Agostinho,CAB_L1,7,-1.0e6,true,lata
130,Coca_Cola_Zero,Cabo de Santo Agostinho,CAB_L1,8,-0.0,false,lata
130,Coca_Cola_Zero,Cabo de Santo Agostinho,CAB_L1,9,-0.0,false,lata
130,Coca_Cola_Zero,Cabo de Santo Agostinho,CAB_L1,10,-0.0,false,lata
130,Coca_Cola_Zero,Cabo de Santo Agostinho,CAB_L1,11,-0.0,false,lata
130,Coca_Cola_Zero,Cabo de Santo Agostinho,CAB_L1,12,-0.0,false,lata
130,Coca_Cola_Zero,Cabo de Santo Agostinho,CAB_L1,13,-0.0,false,lata
130,Coca_Cola_Zero,Cabo de Santo Agostinho,CAB_L1,14,-0.0,false,lata
130,Coca_Cola_Zero,Cabo de Santo Agostinho,CAB_L1,15,-0.0,false,lata
130,Coca_Cola_Zero,Cabo de Santo Agostinho,CAB_L2,1,-0.0,false,lata
130,Coca_Cola_Zero,Cabo de Santo Agostinho,CAB_L2,2,-0.0,false,lata
130,Coca_Cola_Zero,Cabo de Santo Agostinho,CAB_L2,3,-0.0,false,lata
130,Coca_Cola_Zero,Cabo de Santo Agostinho,CAB_L2,4,-0.0,false,lata
130,Coca_Cola_Zero,Cabo de Santo Agostinho,CAB_L2,5,-0.0,false,lata
130,Coca_Cola_Zero,Cabo de Santo Agostinho,CAB_L2,6,-0.0,false,lata
130,Coca_Cola_Zero,Cabo de Santo Agostinho,CAB_L2,7,-0.0,false,lata
130,Coca_Cola_Zero,Cabo de Santo Agostinho,CAB_L2,8,-0.0,false,lata
130,Coca_Cola_Zero,Cabo de Santo Agostinho,CAB_L2,9,-0.0,false,lata
130,Coca_Cola_Zero,Cabo de Santo Agostinho,CAB_L2,10,-0.0,false,lata
130,Coca_Cola_Zero,Cabo de Santo Agostinho,CAB_L2,11,-0.0,false,lata
130,Coca_Cola_Zero,Cabo de Santo Agostinho,CAB_L2,12,-0.0,false,lata
130,Coca_Cola_Zero,Cabo de Santo Agostinho,CAB_L2,13,-999999.79949635,false,lata
130,Coca_Cola_Zero,Cabo de Santo Agostinho,CAB_L2,14,-0.0,false,lata
130,Coca_Cola_Zero,Cabo de Santo Agostinho,CAB_L2,15,-0.0,false,lata
130,Coca_Cola_Zero,Cabo de Santo Agostinho,CAB_L3,1,-0.0,false,lata
130,Coca_Cola_Zero,Cabo de Santo Agostinho,CAB_L3,2,-0.0,false,lata
130,Coca_Cola_Zero,Cabo de Santo Agostinho,CAB_L3,3,-0.0,false,lata
130,Coca_Cola_Zero,Cabo de Santo Agostinho,CAB_L3,4,-0.0,false,lata
130,Coca_Cola_Zero,Cabo de Santo Agostinho,CAB_L3,5,-0.0,false,lata
130,Coca_Cola_Zero,Cabo de Santo Agostinho,CAB_L3,6,-0.0,false,lata
130,Coca_Cola_Zero,Cabo de Santo Agostinho,CAB_L3,7,-0.0,false,lata
130,Coca_Cola_Zero,Cabo de Santo Agostinho,CAB_L3,8,-0.0,false,lata
130,Coca_Cola_Zero,Cabo de Santo Agostinho,CAB_L3,9,-0.0,false,lata
130,Coca_Cola_Zero,Cabo de Santo Agostinho,CAB_L3,10,-0.0,false,lata
130,Coca_Cola_Zero,Cabo de Santo Agostinho,CAB_L3,11,-0.0,false,lata
130,Coca_Cola_Zero,Cabo de Santo Agostinho,CAB_L3,12,-0.0,false,lata
130,Coca_Cola_Zero,Cabo de Santo Agostinho,CAB_L3,13,-0.0,false,lata
130,Coca_Cola_Zero,Cabo de Santo Agostinho,CAB_L3,14,-0.0,false,lata
130,Coca_Cola_Zero,Cabo de Santo Agostinho,CAB_L3,15,-0.0,false,lata
130,Budweiser_Lata,Jacarei,JAC_L1,1,-0.0,false,lata
130,Budweiser_Lata,Jacarei,JAC_L1,2,-0.0,false,lata
130,Budweiser_Lata,Jacarei,JAC_L1,3,-0.0,false,lata
130,Budweiser_Lata,Jacarei,JAC_L1,4,-0.0,false,lata
130,Budweiser_Lata,Jacarei,JAC_L1,5,-0.0,false,lata
130,Budweiser_Lata,Jacarei,JAC_L1,6,-0.0,false,lata
130,Budweiser_Lata,Jacarei,JAC_L1,7,-0.0,false,lata
130,Budweiser_Lata,Jacarei,JAC_L1,8,-0.0,false,lata
130,Budweiser_Lata,Jacarei,JAC_L1,9,-999999.98619945,false,lata
130,Budweiser_Lata,Jacarei,JAC_L1,10,-0.0,false,lata
130,Budweiser_Lata,Jacarei,JAC_L1,11,-0.0,false,lata
130,Budweiser_Lata,Jacarei,JAC_L1,12,-0.0,false,lata
130,Budweiser_Lata,Jacarei,JAC_L1,13,-0.0,false,lata
130,Budweiser_Lata,Jacarei,JAC_L1,14,-0.0,false,lata
130,Budweiser_Lata,Jacarei,JAC_L1,15,-0.30022225,false,lata
130,Budweiser_Lata,Jacarei,JAC_L2,1,-0.0,false,lata
130,Budweiser_Lata,Jacarei,JAC_L2,2,-0.0,false,lata
130,Budweiser_Lata,Jacarei,JAC_L2,3,-0.0,false,lata
130,Budweiser_Lata,Jacarei,JAC_L2,4,-0.0,false,lata
130,Budweiser_Lata,Jacarei,JAC_L2,5,-0.0,false,lata
130,Budweiser_Lata,Jacarei,JAC_L2,6,-0.0,false,lata
130,Budweiser_Lata,Jacarei,JAC_L2,7,-0.0,false,lata
130,Budweiser_Lata,Jacarei,JAC_L2,8,-0.0,false,lata
130,Budweiser_Lata,Jacarei,JAC_L2,9,-0.0,false,lata
130,Budweiser_Lata,Jacarei,JAC_L2,10,-0.0,false,lata
130,Budweiser_Lata,Jacarei,JAC_L2,11,-0.0,false,lata
130,Budweiser_Lata,Jacarei,JAC_L2,12,-0.0,false,lata
130,Budweiser_Lata,Jacarei,JAC_L2,13,-0.0,false,lata
130,Budweiser_Lata,Jacarei,JAC_L2,14,-0.0,false,lata
130,Budweiser_Lata,Jacarei,JAC_L2,15,-0.30022225,false,lata
130,Budweiser_Lata,Jacarei,JAC_L3,1,-0.0,false,lata
130,Budweiser_Lata,Jacarei,JAC_L3,2,-0.0,false,lata
130,Budweiser_Lata,Jacarei,JAC_L3,3,-0.0,false,lata
130,Budweiser_Lata,Jacarei,JAC_L3,4,-0.0,false,lata
130,Budweiser_Lata,Jacarei,JAC_L3,5,-0.0,false,lata
130,Budweiser_Lata,Jacarei,JAC_L3,6,-0.0,false,lata
130,Budweiser_Lata,Jacarei,JAC_L3,7,-0.0,false,lata
130,Budweiser_Lata,Jacarei,JAC_L3,8,-0.0,false,lata
130,Budweiser_Lata,Jacarei,JAC_L3,9,-0.0,false,lata
130,Budweiser_Lata,Jacarei,JAC_L3,10,-0.0,false,lata
130,Budweiser_Lata,Jacarei,JAC_L3,11,-0.0,false,lata
130,Budweiser_Lata,Jacarei,JAC_L3,12,-0.0,false,lata
130,Budweiser_Lata,Jacarei,JAC_L3,13,-0.0,false,lata
130,Budweiser_Lata,Jacarei,JAC_L3,14,-0.0,false,lata
130,Budweiser_Lata,Jacarei,JAC_L3,15,-0.30022225,false,lata
130,Budweiser_Lata,Extrema,EXT_L1,1,-0.0,false,lata
130,Budweiser_Lata,Extrema,EXT_L1,2,-0.0,false,lata
130,Budweiser_Lata,Extrema,EXT_L1,3,-0.0,false,lata
130,Budweiser_Lata,Extrema,EXT_L1,4,-0.0,false,lata
130,Budweiser_Lata,Extrema,EXT_L1,5,-0.0,false,lata
130,Budweiser_Lata,Extrema,EXT_L1,6,-0.0,false,lata
130,Budweiser_Lata,Extrema,EXT_L1,7,-0.0,false,lata
130,Budweiser_Lata,Extrema,EXT_L1,8,-0.0,false,lata
130,Budweiser_Lata,Extrema,EXT_L1,9,-0.0,false,lata
130,Budweiser_Lata,Extrema,EXT_L1,10,-0.0,false,lata
130,Budweiser_Lata,Extrema,EXT_L1,11,-0.0,false,lata
130,Budweiser_Lata,Extrema,EXT_L1,12,-0.0,false,lata
130,Budweiser_Lata,Extrema,EXT_L1,13,-0.0,false,lata
130,Budweiser_Lata,Extrema,EXT_L1,14,-0.0,false,lata
130,Budweiser_Lata,Extrema,EXT_L1,15,-0.2976478,false,lata
130,Budweiser_Lata,Extrema,EXT_L2,1,-0.0,false,lata
130,Budweiser_Lata,Extrema,EXT_L2,2,-0.0,false,lata
130,Budweiser_Lata,Extrema,EXT_L2,3,-0.0,false,lata
130,Budweiser_Lata,Extrema,EXT_L2,4,-0.0,false,lata
130,Budweiser_Lata,Extrema,EXT_L2,5,-0.0,false,lata
130,Budweiser_Lata,Extrema,EXT_L2,6,-0.0,false,lata
130,Budweiser_Lata,Extrema,EXT_L2,7,-0.0,false,lata
130,Budweiser_Lata,Extrema,EXT_L2,8,-0.0,false,lata
130,Budweiser_Lata,Extrema,EXT_L2,9,-0.0,false,lata
130,Budweiser_Lata,Extrema,EXT_L2,10,-0.0,false,lata
130,Budweiser_Lata,Extrema,EXT_L2,11,-0.0,false,lata
130,Budweiser_Lata,Extrema,EXT_L2,12,-0.0,false,lata
130,Budweiser_Lata,Extrema,EXT_L2,13,-0.0,false,lata
130,Budweiser_Lata,Extrema,EXT_L2,14,-0.0,false,lata
130,Budweiser_Lata,Extrema,EXT_L2,15,-0.2976478,false,lata
130,Budweiser_Lata,Extrema,EXT_L3,1,-0.0,false,lata
130,Budweiser_Lata,Extrema,EXT_L3,2,-1.0e6,true,lata
130,Budweiser_Lata,Extrema,EXT_L3,3,-0.0,false,lata
130,Budweiser_Lata,Extrema,EXT_L3,4,-0.0,false,lata
130,Budweiser_Lata,Extrema,EXT_L3,5,-0.0,false,lata
130,Budweiser_Lata,Extrema,EXT_L3,6,-0.0,false,lata
130,Budweiser_Lata,Extrema,EXT_L3,7,-0.0,false,lata
130,Budweiser_Lata,Extrema,EXT_L3,8,-0.0,false,lata
130,Budweiser_Lata,Extrema,EXT_L3,9,-0.0,false,lata
130,Budweiser_Lata,Extrema,EXT_L3,10,-0.0,false,lata
130,Budweiser_Lata,Extrema,EXT_L3,11,-0.0,false,lata
130,Budweiser_Lata,Extrema,EXT_L3,12,-0.0,false,lata
130,Budweiser_Lata,Extrema,EXT_L3,13,-0.0,false,lata
130,Budweiser_Lata,Extrema,EXT_L3,14,-0.0,false,lata
130,Budweiser_Lata,Extrema,EXT_L3,15,-0.29753640000000003,false,lata
130,Budweiser_Lata,Tres Rios,TRE_L1,1,-0.0,false,lata
130,Budweiser_Lata,Tres Rios,TRE_L1,2,-0.0,false,lata
130,Budweiser_Lata,Tres Rios,TRE_L1,3,-0.0,false,lata
130,Budweiser_Lata,Tres Rios,TRE_L1,4,-0.0,false,lata
130,Budweiser_Lata,Tres Rios,TRE_L1,5,-0.0,false,lata
130,Budweiser_Lata,Tres Rios,TRE_L1,6,-0.0,false,lata
130,Budweiser_Lata,Tres Rios,TRE_L1,7,-0.0,false,lata
130,Budweiser_Lata,Tres Rios,TRE_L1,8,-0.0,false,lata
130,Budweiser_Lata,Tres Rios,TRE_L1,9,-0.0,false,lata
130,Budweiser_Lata,Tres Rios,TRE_L1,10,-0.0,false,lata
130,Budweiser_Lata,Tres Rios,TRE_L1,11,-0.0,false,lata
130,Budweiser_Lata,Tres Rios,TRE_L1,12,-0.0,false,lata
130,Budweiser_Lata,Tres Rios,TRE_L1,13,-0.0,false,lata
130,Budweiser_Lata,Tres Rios,TRE_L1,14,-0.0,false,lata
130,Budweiser_Lata,Tres Rios,TRE_L1,15,-0.30068185000000003,false,lata
130,Budweiser_Lata,Tres Rios,TRE_L2,1,-0.0,false,lata
130,Budweiser_Lata,Tres Rios,TRE_L2,2,-0.0,false,lata
130,Budweiser_Lata,Tres Rios,TRE_L2,3,-0.0,false,lata
130,Budweiser_Lata,Tres Rios,TRE_L2,4,-0.0,false,lata
130,Budweiser_Lata,Tres Rios,TRE_L2,5,-0.0,false,lata
130,Budweiser_Lata,Tres Rios,TRE_L2,6,-999999.9876368501,false,lata
130,Budweiser_Lata,Tres Rios,TRE_L2,7,-0.0,false,lata
130,Budweiser_Lata,Tres Rios,TRE_L2,8,-0.0,false,lata
130,Budweiser_Lata,Tres Rios,TRE_L2,9,-0.0,false,lata
130,Budweiser_Lata,Tres Rios,TRE_L2,10,-0.0,false,lata
130,Budweiser_Lata,Tres Rios,TRE_L2,11,-0.0,false,lata
130,Budweiser_Lata,Tres Rios,TRE_L2,12,-0.0,false,lata
130,Budweiser_Lata,Tres Rios,TRE_L2,13,-0.0,false,lata
130,Budweiser_Lata,Tres Rios,TRE_L2,14,-0.0,false,lata
130,Budweiser_Lata,Tres Rios,TRE_L2,15,-0.2956,false,lata
130,Budweiser_Lata,Tres Rios,TRE_L3,1,-0.0,false,lata
130,Budweiser_Lata,Tres Rios,TRE_L3,2,-0.0,false,lata
130,Budweiser_Lata,Tres Rios,TRE_L3,3,-0.0,false,lata
130,Budweiser_Lata,Tres Rios,TRE_L3,4,-0.0,false,lata
130,Budweiser_Lata,Tres Rios,TRE_L3,5,-0.0,false,lata
130,Budweiser_Lata,Tres Rios,TRE_L3,6,-0.0,false,lata
130,Budweiser_Lata,Tres Rios,TRE_L3,7,-999999.4218377498,false,lata
130,Budweiser_Lata,Tres Rios,TRE_L3,8,-0.0,false,lata
130,Budweiser_Lata,Tres Rios,TRE_L3,9,-999999.97291995,false,lata
130,Budweiser_Lata,Tres Rios,TRE_L3,10,-0.0,false,lata
130,Budweiser_Lata,Tres Rios,TRE_L3,11,-0.0,false,lata
130,Budweiser_Lata,Tres Rios,TRE_L3,12,-999999.1775283499,false,lata
130,Budweiser_Lata,Tres Rios,TRE_L3,13,-0.0,false,lata
130,Budweiser_Lata,Tres Rios,TRE_L3,14,-0.0,false,lata
130,Budweiser_Lata,Tres Rios,TRE_L3,15,-0.30068185000000003,false,lata
130,Budweiser_Lata,Alagoinhas,ALA_L1,1,-0.0,false,lata
130,Budweiser_Lata,Alagoinhas,ALA_L1,2,-0.0,false,lata
130,Budweiser_Lata,Alagoinhas,ALA_L1,3,-999999.7511482498,false,lata
130,Budweiser_Lata,Alagoinhas,ALA_L1,4,-0.0,false,lata
130,Budweiser_Lata,Alagoinhas,ALA_L1,5,-0.0,false,lata
130,Budweiser_Lata,Alagoinhas,ALA_L1,6,-0.0,false,lata
130,Budweiser_Lata,Alagoinhas,ALA_L1,7,-0.0,false,lata
130,Budweiser_Lata,Alagoinhas,ALA_L1,8,-0.0,false,lata
130,Budweiser_Lata,Alagoinhas,ALA_L1,9,-0.0,false,lata
130,Budweiser_Lata,Alagoinhas,ALA_L1,10,-0.0,false,lata
130,Budweiser_Lata,Alagoinhas,ALA_L1,11,-0.0,false,lata
130,Budweiser_Lata,Alagoinhas,ALA_L1,12,-0.0,false,lata
130,Budweiser_Lata,Alagoinhas,ALA_L1,13,-0.0,false,lata
130,Budweiser_Lata,Alagoinhas,ALA_L1,14,-0.0,false,lata
130,Budweiser_Lata,Alagoinhas,ALA_L1,15,-0.31076345000000005,false,lata
130,Budweiser_Lata,Alagoinhas,ALA_L2,1,-0.0,false,lata
130,Budweiser_Lata,Alagoinhas,ALA_L2,2,-0.0,false,lata
130,Budweiser_Lata,Alagoinhas,ALA_L2,3,-0.0,false,lata
130,Budweiser_Lata,Alagoinhas,ALA_L2,4,-0.0,false,lata
130,Budweiser_Lata,Alagoinhas,ALA_L2,5,-999999.7510710999,false,lata
130,Budweiser_Lata,Alagoinhas,ALA_L2,6,-0.0,false,lata
130,Budweiser_Lata,Alagoinhas,ALA_L2,7,-0.0,false,lata
130,Budweiser_Lata,Alagoinhas,ALA_L2,8,-0.0,false,lata
130,Budweiser_Lata,Alagoinhas,ALA_L2,9,-0.0,false,lata
130,Budweiser_Lata,Alagoinhas,ALA_L2,10,-0.0,false,lata
130,Budweiser_Lata,Alagoinhas,ALA_L2,11,-0.0,false,lata
130,Budweiser_Lata,Alagoinhas,ALA_L2,12,-0.0,false,lata
130,Budweiser_Lata,Alagoinhas,ALA_L2,13,-0.0,false,lata
130,Budweiser_Lata,Alagoinhas,ALA_L2,14,-0.0,false,lata
130,Budweiser_Lata,Alagoinhas,ALA_L2,15,-0.31223915,false,lata
130,Budweiser_Lata,Alagoinhas,ALA_L3,1,-0.0,false,lata
130,Budweiser_Lata,Alagoinhas,ALA_L3,2,-0.0,false,lata
130,Budweiser_Lata,Alagoinhas,ALA_L3,3,-0.0,false,lata
130,Budweiser_Lata,Alagoinhas,ALA_L3,4,-999999.5515567999,false,lata
130,Budweiser_Lata,Alagoinhas,ALA_L3,5,-0.0,false,lata
130,Budweiser_Lata,Alagoinhas,ALA_L3,6,-0.0,false,lata
130,Budweiser_Lata,Alagoinhas,ALA_L3,7,-0.0,false,lata
130,Budweiser_Lata,Alagoinhas,ALA_L3,8,-0.0,false,lata
130,Budweiser_Lata,Alagoinhas,ALA_L3,9,-0.0,false,lata
130,Budweiser_Lata,Alagoinhas,ALA_L3,10,-0.0,false,lata
130,Budweiser_Lata,Alagoinhas,ALA_L3,11,-0.0,false,lata
130,Budweiser_Lata,Alagoinhas,ALA_L3,12,-0.0,false,lata
130,Budweiser_Lata,Alagoinhas,ALA_L3,13,-0.0,false,lata
130,Budweiser_Lata,Alagoinhas,ALA_L3,14,-0.0,false,lata
130,Budweiser_Lata,Alagoinhas,ALA_L3,15,-0.31223915,false,lata
130,Budweiser_Lata,Frutal,FRU_L1,1,-0.0,false,lata
130,Budweiser_Lata,Frutal,FRU_L1,2,-0.0,false,lata
130,Budweiser_Lata,Frutal,FRU_L1,3,-0.0,false,lata
130,Budweiser_Lata,Frutal,FRU_L1,4,-0.0,false,lata
130,Budweiser_Lata,Frutal,FRU_L1,5,-0.0,false,lata
130,Budweiser_Lata,Frutal,FRU_L1,6,-0.0,false,lata
130,Budweiser_Lata,Frutal,FRU_L1,7,-0.0,false,lata
130,Budweiser_Lata,Frutal,FRU_L1,8,-0.0,false,lata
130,Budweiser_Lata,Frutal,FRU_L1,9,-1.0e6,true,lata
130,Budweiser_Lata,Frutal,FRU_L1,10,-0.0,false,lata
130,Budweiser_Lata,Frutal,FRU_L1,11,-0.0,false,lata
130,Budweiser_Lata,Frutal,FRU_L1,12,-0.0,false,lata
130,Budweiser_Lata,Frutal,FRU_L1,13,-0.0,false,lata
130,Budweiser_Lata,Frutal,FRU_L1,14,-0.0,false,lata
130,Budweiser_Lata,Frutal,FRU_L1,15,-0.28393255,false,lata
130,Budweiser_Lata,Frutal,FRU_L2,1,-0.0,false,lata
130,Budweiser_Lata,Frutal,FRU_L2,2,-0.0,false,lata
130,Budweiser_Lata,Frutal,FRU_L2,3,-0.0,false,lata
130,Budweiser_Lata,Frutal,FRU_L2,4,-0.0,false,lata
130,Budweiser_Lata,Frutal,FRU_L2,5,-0.0,false,lata
130,Budweiser_Lata,Frutal,FRU_L2,6,-0.0,false,lata
130,Budweiser_Lata,Frutal,FRU_L2,7,-0.0,false,lata
130,Budweiser_Lata,Frutal,FRU_L2,8,-0.0,false,lata
130,Budweiser_Lata,Frutal,FRU_L2,9,-0.0,false,lata
130,Budweiser_Lata,Frutal,FRU_L2,10,-0.0,false,lata
130,Budweiser_Lata,Frutal,FRU_L2,11,-0.0,false,lata
130,Budweiser_Lata,Frutal,FRU_L2,12,-0.0,false,lata
130,Budweiser_Lata,Frutal,FRU_L2,13,-0.0,false,lata
130,Budweiser_Lata,Frutal,FRU_L2,14,-0.0,false,lata
130,Budweiser_Lata,Frutal,FRU_L2,15,-0.28393255,false,lata
130,Budweiser_Lata,Frutal,FRU_L3,1,-0.0,false,lata
130,Budweiser_Lata,Frutal,FRU_L3,2,-0.0,false,lata
130,Budweiser_Lata,Frutal,FRU_L3,3,-0.0,false,lata
130,Budweiser_Lata,Frutal,FRU_L3,4,-0.0,false,lata
130,Budweiser_Lata,Frutal,FRU_L3,5,-0.0,false,lata
130,Budweiser_Lata,Frutal,FRU_L3,6,-0.0,false,lata
130,Budweiser_Lata,Frutal,FRU_L3,7,-0.0,false,lata
130,Budweiser_Lata,Frutal,FRU_L3,8,-0.0,false,lata
130,Budweiser_Lata,Frutal,FRU_L3,9,-1.0e6,true,lata
130,Budweiser_Lata,Frutal,FRU_L3,10,-0.0,false,lata
130,Budweiser_Lata,Frutal,FRU_L3,11,-0.0,false,lata
130,Budweiser_Lata,Frutal,FRU_L3,12,-0.0,false,lata
130,Budweiser_Lata,Frutal,FRU_L3,13,-0.0,false,lata
130,Budweiser_Lata,Frutal,FRU_L3,14,-0.0,false,lata
130,Budweiser_Lata,Frutal,FRU_L3,15,-0.28393255,false,lata
130,Budweiser_Lata,Pouso Alegre,POU_L1,1,-0.0,false,lata
130,Budweiser_Lata,Pouso Alegre,POU_L1,2,-0.0,false,lata
130,Budweiser_Lata,Pouso Alegre,POU_L1,3,-0.0,false,lata
130,Budweiser_Lata,Pouso Alegre,POU_L1,4,-0.0,false,lata
130,Budweiser_Lata,Pouso Alegre,POU_L1,5,-0.0,false,lata
130,Budweiser_Lata,Pouso Alegre,POU_L1,6,-0.0,false,lata
130,Budweiser_Lata,Pouso Alegre,POU_L1,7,-0.0,false,lata
130,Budweiser_Lata,Pouso Alegre,POU_L1,8,-999999.69179495,false,lata
130,Budweiser_Lata,Pouso Alegre,POU_L1,9,-0.0,false,lata
130,Budweiser_Lata,Pouso Alegre,POU_L1,10,-0.0,false,lata
130,Budweiser_Lata,Pouso Alegre,POU_L1,11,-0.0,false,lata
130,Budweiser_Lata,Pouso Alegre,POU_L1,12,-0.0,false,lata
130,Budweiser_Lata,Pouso Alegre,POU_L1,13,-0.0,false,lata
130,Budweiser_Lata,Pouso Alegre,POU_L1,14,-0.0,false,lata
130,Budweiser_Lata,Pouso Alegre,POU_L1,15,-0.29573710000000003,false,lata
130,Budweiser_Lata,Pouso Alegre,POU_L2,1,-0.0,false,lata
130,Budweiser_Lata,Pouso Alegre,POU_L2,2,-1.0e6,true,lata
130,Budweiser_Lata,Pouso Alegre,POU_L2,3,-0.0,false,lata
130,Budweiser_Lata,Pouso Alegre,POU_L2,4,-0.0,false,lata
130,Budweiser_Lata,Pouso Alegre,POU_L2,5,-0.0,false,lata
130,Budweiser_Lata,Pouso Alegre,POU_L2,6,-0.0,false,lata
130,Budweiser_Lata,Pouso Alegre,POU_L2,7,-0.0,false,lata
130,Budweiser_Lata,Pouso Alegre,POU_L2,8,-0.0,false,lata
130,Budweiser_Lata,Pouso Alegre,POU_L2,9,-0.0,false,lata
130,Budweiser_Lata,Pouso Alegre,POU_L2,10,-0.0,false,lata
130,Budweiser_Lata,Pouso Alegre,POU_L2,11,-0.0,false,lata
130,Budweiser_Lata,Pouso Alegre,POU_L2,12,-0.0,false,lata
130,Budweiser_Lata,Pouso Alegre,POU_L2,13,-0.0,false,lata
130,Budweiser_Lata,Pouso Alegre,POU_L2,14,-0.0,false,lata
130,Budweiser_Lata,Pouso Alegre,POU_L2,15,-0.29573710000000003,false,lata
130,Budweiser_Lata,Pouso Alegre,POU_L3,1,-0.0,false,lata
130,Budweiser_Lata,Pouso Alegre,POU_L3,2,-0.0,false,lata
130,Budweiser_Lata,Pouso Alegre,POU_L3,3,-0.0,false,lata
130,Budweiser_Lata,Pouso Alegre,POU_L3,4,-0.0,false,lata
130,Budweiser_Lata,Pouso Alegre,POU_L3,5,-0.0,false,lata
130,Budweiser_Lata,Pouso Alegre,POU_L3,6,-0.0,false,lata
130,Budweiser_Lata,Pouso Alegre,POU_L3,7,-0.0,false,lata
130,Budweiser_Lata,Pouso Alegre,POU_L3,8,-0.0,false,lata
130,Budweiser_Lata,Pouso Alegre,POU_L3,9,-0.0,false,lata
130,Budweiser_Lata,Pouso Alegre,POU_L3,10,-0.0,false,lata
130,Budweiser_Lata,Pouso Alegre,POU_L3,11,-0.0,false,lata
130,Budweiser_Lata,Pouso Alegre,POU_L3,12,-0.0,false,lata
130,Budweiser_Lata,Pouso Alegre,POU_L3,13,-0.0,false,lata
130,Budweiser_Lata,Pouso Alegre,POU_L3,14,-0.0,false,lata
130,Budweiser_Lata,Pouso Alegre,POU_L3,15,-0.29573710000000003,false,lata
130,Budweiser_Lata,Gama,GAM_L1,1,-0.0,false,lata
130,Budweiser_Lata,Gama,GAM_L1,2,-0.0,false,lata
130,Budweiser_Lata,Gama,GAM_L1,3,-0.0,false,lata
130,Budweiser_Lata,Gama,GAM_L1,4,-0.0,false,lata
130,Budweiser_Lata,Gama,GAM_L1,5,-0.0,false,lata
130,Budweiser_Lata,Gama,GAM_L1,6,-0.0,false,lata
130,Budweiser_Lata,Gama,GAM_L1,7,-0.0,false,lata
130,Budweiser_Lata,Gama,GAM_L1,8,-0.0,false,lata
130,Budweiser_Lata,Gama,GAM_L1,9,-1.0e6,true,lata
130,Budweiser_Lata,Gama,GAM_L1,10,-0.0,false,lata
130,Budweiser_Lata,Gama,GAM_L1,11,-999999.21491525,false,lata
130,Budweiser_Lata,Gama,GAM_L1,12,-0.0,false,lata
130,Budweiser_Lata,Gama,GAM_L1,13,-0.0,false,lata
130,Budweiser_Lata,Gama,GAM_L1,14,-0.0,false,lata
130,Budweiser_Lata,Gama,GAM_L1,15,-0.3033651,false,lata
130,Budweiser_Lata,Gama,GAM_L2,1,-0.0,false,lata
130,Budweiser_Lata,Gama,GAM_L2,2,-0.0,false,lata
130,Budweiser_Lata,Gama,GAM_L2,3,-0.0,false,lata
130,Budweiser_Lata,Gama,GAM_L2,4,-0.0,false,lata
130,Budweiser_Lata,Gama,GAM_L2,5,-0.0,false,lata
130,Budweiser_Lata,Gama,GAM_L2,6,-0.0,false,lata
130,Budweiser_Lata,Gama,GAM_L2,7,-0.0,false,lata
130,Budweiser_Lata,Gama,GAM_L2,8,-0.0,false,lata
130,Budweiser_Lata,Gama,GAM_L2,9,-0.0,false,lata
130,Budweiser_Lata,Gama,GAM_L2,10,-0.0,false,lata
130,Budweiser_Lata,Gama,GAM_L2,11,-0.0,false,lata
130,Budweiser_Lata,Gama,GAM_L2,12,-0.0,false,lata
130,Budweiser_Lata,Gama,GAM_L2,13,-0.0,false,lata
130,Budweiser_Lata,Gama,GAM_L2,14,-0.0,false,lata
130,Budweiser_Lata,Gama,GAM_L2,15,-0.2879,false,lata
130,Budweiser_Lata,Gama,GAM_L3,1,-0.0,false,lata
130,Budweiser_Lata,Gama,GAM_L3,2,-0.0,false,lata
130,Budweiser_Lata,Gama,GAM_L3,3,-0.0,false,lata
130,Budweiser_Lata,Gama,GAM_L3,4,-0.0,false,lata
130,Budweiser_Lata,Gama,GAM_L3,5,-0.0,false,lata
130,Budweiser_Lata,Gama,GAM_L3,6,-1.0e6,true,lata
130,Budweiser_Lata,Gama,GAM_L3,7,-0.0,false,lata
130,Budweiser_Lata,Gama,GAM_L3,8,-0.0,false,lata
130,Budweiser_Lata,Gama,GAM_L3,9,-0.0,false,lata
130,Budweiser_Lata,Gama,GAM_L3,10,-0.0,false,lata
130,Budweiser_Lata,Gama,GAM_L3,11,-0.0,false,lata
130,Budweiser_Lata,Gama,GAM_L3,12,-0.0,false,lata
130,Budweiser_Lata,Gama,GAM_L3,13,-0.0,false,lata
130,Budweiser_Lata,Gama,GAM_L3,14,-0.0,false,lata
130,Budweiser_Lata,Gama,GAM_L3,15,-0.2645,false,lata
130,Budweiser_Lata,Viamao,VIA_L1,1,-0.0,false,lata
130,Budweiser_Lata,Viamao,VIA_L1,2,-0.0,false,lata
130,Budweiser_Lata,Viamao,VIA_L1,3,-0.0,false,lata
130,Budweiser_Lata,Viamao,VIA_L1,4,-0.0,false,lata
130,Budweiser_Lata,Viamao,VIA_L1,5,-999999.7494761499,false,lata
130,Budweiser_Lata,Viamao,VIA_L1,6,-0.0,false,lata
130,Budweiser_Lata,Viamao,VIA_L1,7,-0.0,false,lata
130,Budweiser_Lata,Viamao,VIA_L1,8,-0.0,false,lata
130,Budweiser_Lata,Viamao,VIA_L1,9,-0.0,false,lata
130,Budweiser_Lata,Viamao,VIA_L1,10,-0.0,false,lata
130,Budweiser_Lata,Viamao,VIA_L1,11,-0.0,false,lata
130,Budweiser_Lata,Viamao,VIA_L1,12,-0.0,false,lata
130,Budweiser_Lata,Viamao,VIA_L1,13,-0.0,false,lata
130,Budweiser_Lata,Viamao,VIA_L1,14,-0.0,false,lata
130,Budweiser_Lata,Viamao,VIA_L1,15,-0.3325575,false,lata
130,Budweiser_Lata,Viamao,VIA_L2,1,-0.0,false,lata
130,Budweiser_Lata,Viamao,VIA_L2,2,-0.0,false,lata
130,Budweiser_Lata,Viamao,VIA_L2,3,-0.0,false,lata
130,Budweiser_Lata,Viamao,VIA_L2,4,-0.0,false,lata
130,Budweiser_Lata,Viamao,VIA_L2,5,-0.0,false,lata
130,Budweiser_Lata,Viamao,VIA_L2,6,-0.0,false,lata
130,Budweiser_Lata,Viamao,VIA_L2,7,-0.0,false,lata
130,Budweiser_Lata,Viamao,VIA_L2,8,-0.0,false,lata
130,Budweiser_Lata,Viamao,VIA_L2,9,-0.0,false,lata
130,Budweiser_Lata,Viamao,VIA_L2,10,-0.0,false,lata
130,Budweiser_Lata,Viamao,VIA_L2,11,-0.0,false,lata
130,Budweiser_Lata,Viamao,VIA_L2,12,-0.0,false,lata
130,Budweiser_Lata,Viamao,VIA_L2,13,-0.0,false,lata
130,Budweiser_Lata,Viamao,VIA_L2,14,-0.0,false,lata
130,Budweiser_Lata,Viamao,VIA_L2,15,-0.3325575,false,lata
130,Budweiser_Lata,Viamao,VIA_L3,1,-0.0,false,lata
130,Budweiser_Lata,Viamao,VIA_L3,2,-0.0,false,lata
130,Budweiser_Lata,Viamao,VIA_L3,3,-999999.7354204499,false,lata
130,Budweiser_Lata,Viamao,VIA_L3,4,-0.0,false,lata
130,Budweiser_Lata,Viamao,VIA_L3,5,-0.0,false,lata
130,Budweiser_Lata,Viamao,VIA_L3,6,-1.0e6,true,lata
130,Budweiser_Lata,Viamao,VIA_L3,7,-0.0,false,lata
130,Budweiser_Lata,Viamao,VIA_L3,8,-0.0,false,lata
130,Budweiser_Lata,Viamao,VIA_L3,9,-0.0,false,lata
130,Budweiser_Lata,Viamao,VIA_L3,10,-0.0,false,lata
130,Budweiser_Lata,Viamao,VIA_L3,11,-0.0,false,lata
130,Budweiser_Lata,Viamao,VIA_L3,12,-999999.1990792999,false,lata
130,Budweiser_Lata,Viamao,VIA_L3,13,-0.0,false,lata
130,Budweiser_Lata,Viamao,VIA_L3,14,-999999.7669383499,false,lata
130,Budweiser_Lata,Viamao,VIA_L3,15,-0.3325575,false,lata
130,Budweiser_Lata,Itupeva,ITU_L1,1,-0.0,false,lata
130,Budweiser_Lata,Itupeva,ITU_L1,2,-0.0,false,lata
130,Budweiser_Lata,Itupeva,ITU_L1,3,-0.0,false,lata
130,Budweiser_Lata,Itupeva,ITU_L1,4,-0.0,false,lata
130,Budweiser_Lata,Itupeva,ITU_L1,5,-0.0,false,lata
130,Budweiser_Lata,Itupeva,ITU_L1,6,-999999.98136615,false,lata
130,Budweiser_Lata,Itupeva,ITU_L1,7,-0.0,false,lata
130,Budweiser_Lata,Itupeva,ITU_L1,8,-0.0,false,lata
130,Budweiser_Lata,Itupeva,ITU_L1,9,-0.0,false,lata
130,Budweiser_Lata,Itupeva,ITU_L1,10,-0.0,false,lata
130,Budweiser_Lata,Itupeva,ITU_L1,11,-0.0,false,lata
130,Budweiser_Lata,Itupeva,ITU_L1,12,-0.0,false,lata
130,Budweiser_Lata,Itupeva,ITU_L1,13,-0.0,false,lata
130,Budweiser_Lata,Itupeva,ITU_L1,14,-0.0,false,lata
130,Budweiser_Lata,Itupeva,ITU_L1,15,-0.2986458,false,lata
130,Budweiser_Lata,Itupeva,ITU_L2,1,-1.0e6,true,lata
130,Budweiser_Lata,Itupeva,ITU_L2,2,-0.0,false,lata
130,Budweiser_Lata,Itupeva,ITU_L2,3,-0.0,false,lata
130,Budweiser_Lata,Itupeva,ITU_L2,4,-0.0,false,lata
130,Budweiser_Lata,Itupeva,ITU_L2,5,-0.0,false,lata
130,Budweiser_Lata,Itupeva,ITU_L2,6,-0.0,false,lata
130,Budweiser_Lata,Itupeva,ITU_L2,7,-0.0,false,lata
130,Budweiser_Lata,Itupeva,ITU_L2,8,-0.0,false,lata
130,Budweiser_Lata,Itupeva,ITU_L2,9,-999999.99046795,false,lata
130,Budweiser_Lata,Itupeva,ITU_L2,10,-0.0,false,lata
130,Budweiser_Lata,Itupeva,ITU_L2,11,-0.0,false,lata
130,Budweiser_Lata,Itupeva,ITU_L2,12,-0.0,false,lata
130,Budweiser_Lata,Itupeva,ITU_L2,13,-0.0,false,lata
130,Budweiser_Lata,Itupeva,ITU_L2,14,-0.0,false,lata
130,Budweiser_Lata,Itupeva,ITU_L2,15,-0.2986458,false,lata
130,Budweiser_Lata,Itupeva,ITU_L3,1,-1.0e6,true,lata
130,Budweiser_Lata,Itupeva,ITU_L3,2,-0.0,false,lata
130,Budweiser_Lata,Itupeva,ITU_L3,3,-999999.6990712999,false,lata
130,Budweiser_Lata,Itupeva,ITU_L3,4,-0.0,false,lata
130,Budweiser_Lata,Itupeva,ITU_L3,5,-0.0,false,lata
130,Budweiser_Lata,Itupeva,ITU_L3,6,-0.0,false,lata
130,Budweiser_Lata,Itupeva,ITU_L3,7,-0.0,false,lata
130,Budweiser_Lata,Itupeva,ITU_L3,8,-0.0,false,lata
130,Budweiser_Lata,Itupeva,ITU_L3,9,-0.0,false,lata
130,Budweiser_Lata,Itupeva,ITU_L3,10,-999999.6688269002,false,lata
130,Budweiser_Lata,Itupeva,ITU_L3,11,-0.0,false,lata
130,Budweiser_Lata,Itupeva,ITU_L3,12,-999999.1673458,false,lata
130,Budweiser_Lata,Itupeva,ITU_L3,13,-0.0,false,lata
130,Budweiser_Lata,Itupeva,ITU_L3,14,-0.0,false,lata
130,Budweiser_Lata,Itupeva,ITU_L3,15,-0.2986458,false,lata
130,Budweiser_Lata,Cabo de Santo Agostinho,CAB_L1,1,-0.0,false,lata
130,Budweiser_Lata,Cabo de Santo Agostinho,CAB_L1,2,-0.0,false,lata
130,Budweiser_Lata,Cabo de Santo Agostinho,CAB_L1,3,-0.0,false,lata
130,Budweiser_Lata,Cabo de Santo Agostinho,CAB_L1,4,-0.0,false,lata
130,Budweiser_Lata,Cabo de Santo Agostinho,CAB_L1,5,-0.0,false,lata
130,Budweiser_Lata,Cabo de Santo Agostinho,CAB_L1,6,-0.0,false,lata
130,Budweiser_Lata,Cabo de Santo Agostinho,CAB_L1,7,-0.0,false,lata
130,Budweiser_Lata,Cabo de Santo Agostinho,CAB_L1,8,-0.0,false,lata
130,Budweiser_Lata,Cabo de Santo Agostinho,CAB_L1,9,-0.0,false,lata
130,Budweiser_Lata,Cabo de Santo Agostinho,CAB_L1,10,-0.0,false,lata
130,Budweiser_Lata,Cabo de Santo Agostinho,CAB_L1,11,-0.0,false,lata
130,Budweiser_Lata,Cabo de Santo Agostinho,CAB_L1,12,-0.0,false,lata
130,Budweiser_Lata,Cabo de Santo Agostinho,CAB_L1,13,-0.0,false,lata
130,Budweiser_Lata,Cabo de Santo Agostinho,CAB_L1,14,-0.0,false,lata
130,Budweiser_Lata,Cabo de Santo Agostinho,CAB_L1,15,-0.33470390000000005,false,lata
130,Budweiser_Lata,Cabo de Santo Agostinho,CAB_L2,1,-0.0,false,lata
130,Budweiser_Lata,Cabo de Santo Agostinho,CAB_L2,2,-0.0,false,lata
130,Budweiser_Lata,Cabo de Santo Agostinho,CAB_L2,3,-0.0,false,lata
130,Budweiser_Lata,Cabo de Santo Agostinho,CAB_L2,4,-0.0,false,lata
130,Budweiser_Lata,Cabo de Santo Agostinho,CAB_L2,5,-0.0,false,lata
130,Budweiser_Lata,Cabo de Santo Agostinho,CAB_L2,6,-0.0,false,lata
130,Budweiser_Lata,Cabo de Santo Agostinho,CAB_L2,7,-0.0,false,lata
130,Budweiser_Lata,Cabo de Santo Agostinho,CAB_L2,8,-0.0,false,lata
130,Budweiser_Lata,Cabo de Santo Agostinho,CAB_L2,9,-0.0,false,lata
130,Budweiser_Lata,Cabo de Santo Agostinho,CAB_L2,10,-0.0,false,lata
130,Budweiser_Lata,Cabo de Santo Agostinho,CAB_L2,11,-999999.2536189499,false,lata
130,Budweiser_Lata,Cabo de Santo Agostinho,CAB_L2,12,-0.0,false,lata
130,Budweiser_Lata,Cabo de Santo Agostinho,CAB_L2,13,-0.0,false,lata
130,Budweiser_Lata,Cabo de Santo Agostinho,CAB_L2,14,-0.0,false,lata
130,Budweiser_Lata,Cabo de Santo Agostinho,CAB_L2,15,-0.2949,false,lata
130,Budweiser_Lata,Cabo de Santo Agostinho,CAB_L3,1,-0.0,false,lata
130,Budweiser_Lata,Cabo de Santo Agostinho,CAB_L3,2,-1.0e6,true,lata
130,Budweiser_Lata,Cabo de Santo Agostinho,CAB_L3,3,-0.0,false,lata
130,Budweiser_Lata,Cabo de Santo Agostinho,CAB_L3,4,-0.0,false,lata
130,Budweiser_Lata,Cabo de Santo Agostinho,CAB_L3,5,-0.0,false,lata
130,Budweiser_Lata,Cabo de Santo Agostinho,CAB_L3,6,-0.0,false,lata
130,Budweiser_Lata,Cabo de Santo Agostinho,CAB_L3,7,-0.0,false,lata
130,Budweiser_Lata,Cabo de Santo Agostinho,CAB_L3,8,-0.0,false,lata
130,Budweiser_Lata,Cabo de Santo Agostinho,CAB_L3,9,-1.0e6,true,lata
130,Budweiser_Lata,Cabo de Santo Agostinho,CAB_L3,10,-0.0,false,lata
130,Budweiser_Lata,Cabo de Santo Agostinho,CAB_L3,11,-0.0,false,lata
130,Budweiser_Lata,Cabo de Santo Agostinho,CAB_L3,12,-0.0,false,lata
130,Budweiser_Lata,Cabo de Santo Agostinho,CAB_L3,13,-0.0,false,lata
130,Budweiser_Lata,Cabo de Santo Agostinho,CAB_L3,14,-0.0,false,lata
130,Budweiser_Lata,Cabo de Santo Agostinho,CAB_L3,15,-0.33470390000000005,false,lata
130,Antarctica_Lata,Jacarei,JAC_L1,1,-0.0,false,lata
130,Antarctica_Lata,Jacarei,JAC_L1,2,-0.0,false,lata
130,Antarctica_Lata,Jacarei,JAC_L1,3,-0.0,false,lata
130,Antarctica_Lata,Jacarei,JAC_L1,4,-0.0,false,lata
130,Antarctica_Lata,Jacarei,JAC_L1,5,-0.0,false,lata
130,Antarctica_Lata,Jacarei,JAC_L1,6,-0.0,false,lata
130,Antarctica_Lata,Jacarei,JAC_L1,7,-0.0,false,lata
130,Antarctica_Lata,Jacarei,JAC_L1,8,-0.0,false,lata
130,Antarctica_Lata,Jacarei,JAC_L1,9,-0.0,false,lata
130,Antarctica_Lata,Jacarei,JAC_L1,10,-0.0,false,lata
130,Antarctica_Lata,Jacarei,JAC_L1,11,-1.0e6,true,lata
130,Antarctica_Lata,Jacarei,JAC_L1,12,-0.0,false,lata
130,Antarctica_Lata,Jacarei,JAC_L1,13,-0.0,false,lata
130,Antarctica_Lata,Jacarei,JAC_L1,14,-0.0,false,lata
130,Antarctica_Lata,Jacarei,JAC_L1,15,-0.0,false,lata
130,Antarctica_Lata,Jacarei,JAC_L2,1,-0.0,false,lata
130,Antarctica_Lata,Jacarei,JAC_L2,2,-0.0,false,lata
130,Antarctica_Lata,Jacarei,JAC_L2,3,-0.0,false,lata
130,Antarctica_Lata,Jacarei,JAC_L2,4,-0.0,false,lata
130,Antarctica_Lata,Jacarei,JAC_L2,5,-0.0,false,lata
130,Antarctica_Lata,Jacarei,JAC_L2,6,-0.0,false,lata
130,Antarctica_Lata,Jacarei,JAC_L2,7,-0.0,false,lata
130,Antarctica_Lata,Jacarei,JAC_L2,8,-0.0,false,lata
130,Antarctica_Lata,Jacarei,JAC_L2,9,-0.0,false,lata
130,Antarctica_Lata,Jacarei,JAC_L2,10,-1.0e6,true,lata
130,Antarctica_Lata,Jacarei,JAC_L2,11,-0.0,false,lata
130,Antarctica_Lata,Jacarei,JAC_L2,12,-0.0,false,lata
130,Antarctica_Lata,Jacarei,JAC_L2,13,-0.0,false,lata
130,Antarctica_Lata,Jacarei,JAC_L2,14,-0.0,false,lata
130,Antarctica_Lata,Jacarei,JAC_L2,15,-0.0,false,lata
130,Antarctica_Lata,Jacarei,JAC_L3,1,-0.0,false,lata
130,Antarctica_Lata,Jacarei,JAC_L3,2,-0.0,false,lata
130,Antarctica_Lata,Jacarei,JAC_L3,3,-1.0e6,true,lata
130,Antarctica_Lata,Jacarei,JAC_L3,4,-0.0,false,lata
130,Antarctica_Lata,Jacarei,JAC_L3,5,-0.0,false,lata
130,Antarctica_Lata,Jacarei,JAC_L3,6,-0.0,false,lata
130,Antarctica_Lata,Jacarei,JAC_L3,7,-0.0,false,lata
130,Antarctica_Lata,Jacarei,JAC_L3,8,-0.0,false,lata
130,Antarctica_Lata,Jacarei,JAC_L3,9,-0.0,false,lata
130,Antarctica_Lata,Jacarei,JAC_L3,10,-0.0,false,lata
130,Antarctica_Lata,Jacarei,JAC_L3,11,-1.0e6,true,lata
130,Antarctica_Lata,Jacarei,JAC_L3,12,-0.0,false,lata
130,Antarctica_Lata,Jacarei,JAC_L3,13,-0.0,false,lata
130,Antarctica_Lata,Jacarei,JAC_L3,14,-0.0,false,lata
130,Antarctica_Lata,Jacarei,JAC_L3,15,-0.0,false,lata
130,Antarctica_Lata,Extrema,EXT_L1,1,-0.0,false,lata
130,Antarctica_Lata,Extrema,EXT_L1,2,-0.0,false,lata
130,Antarctica_Lata,Extrema,EXT_L1,3,-0.0,false,lata
130,Antarctica_Lata,Extrema,EXT_L1,4,-0.0,false,lata
130,Antarctica_Lata,Extrema,EXT_L1,5,-0.0,false,lata
130,Antarctica_Lata,Extrema,EXT_L1,6,-0.0,false,lata
130,Antarctica_Lata,Extrema,EXT_L1,7,-1.0e6,true,lata
130,Antarctica_Lata,Extrema,EXT_L1,8,-0.0,false,lata
130,Antarctica_Lata,Extrema,EXT_L1,9,-1.0e6,true,lata
130,Antarctica_Lata,Extrema,EXT_L1,10,-0.0,false,lata
130,Antarctica_Lata,Extrema,EXT_L1,11,-0.0,false,lata
130,Antarctica_Lata,Extrema,EXT_L1,12,-0.0,false,lata
130,Antarctica_Lata,Extrema,EXT_L1,13,-0.0,false,lata
130,Antarctica_Lata,Extrema,EXT_L1,14,-0.0,false,lata
130,Antarctica_Lata,Extrema,EXT_L1,15,-999999.8327875999,false,lata
130,Antarctica_Lata,Extrema,EXT_L2,1,-0.0,false,lata
130,Antarctica_Lata,Extrema,EXT_L2,2,-0.0,false,lata
130,Antarctica_Lata,Extrema,EXT_L2,3,-0.0,false,lata
130,Antarctica_Lata,Extrema,EXT_L2,4,-0.0,false,lata
130,Antarctica_Lata,Extrema,EXT_L2,5,-0.0,false,lata
130,Antarctica_Lata,Extrema,EXT_L2,6,-0.0,false,lata
130,Antarctica_Lata,Extrema,EXT_L2,7,-0.0,false,lata
130,Antarctica_Lata,Extrema,EXT_L2,8,-0.0,false,lata
130,Antarctica_Lata,Extrema,EXT_L2,9,-0.0,false,lata
130,Antarctica_Lata,Extrema,EXT_L2,10,-0.0,false,lata
130,Antarctica_Lata,Extrema,EXT_L2,11,-0.0,false,lata
130,Antarctica_Lata,Extrema,EXT_L2,12,-0.0,false,lata
130,Antarctica_Lata,Extrema,EXT_L2,13,-0.0,false,lata
130,Antarctica_Lata,Extrema,EXT_L2,14,-0.0,false,lata
130,Antarctica_Lata,Extrema,EXT_L2,15,-0.0,false,lata
130,Antarctica_Lata,Extrema,EXT_L3,1,-0.0,false,lata
130,Antarctica_Lata,Extrema,EXT_L3,2,-0.0,false,lata
130,Antarctica_Lata,Extrema,EXT_L3,3,-0.0,false,lata
130,Antarctica_Lata,Extrema,EXT_L3,4,-0.0,false,lata
130,Antarctica_Lata,Extrema,EXT_L3,5,-0.0,false,lata
130,Antarctica_Lata,Extrema,EXT_L3,6,-0.0,false,lata
130,Antarctica_Lata,Extrema,EXT_L3,7,-0.0,false,lata
130,Antarctica_Lata,Extrema,EXT_L3,8,-1.0e6,true,lata
130,Antarctica_Lata,Extrema,EXT_L3,9,-0.0,false,lata
130,Antarctica_Lata,Extrema,EXT_L3,10,-0.0,false,lata
130,Antarctica_Lata,Extrema,EXT_L3,11,-0.0,false,lata
130,Antarctica_Lata,Extrema,EXT_L3,12,-0.0,false,lata
130,Antarctica_Lata,Extrema,EXT_L3,13,-0.0,false,lata
130,Antarctica_Lata,Extrema,EXT_L3,14,-0.0,false,lata
130,Antarctica_Lata,Extrema,EXT_L3,15,-0.0,false,lata
130,Antarctica_Lata,Tres Rios,TRE_L1,1,-0.0,false,lata
130,Antarctica_Lata,Tres Rios,TRE_L1,2,-0.0,false,lata
130,Antarctica_Lata,Tres Rios,TRE_L1,3,-0.0,false,lata
130,Antarctica_Lata,Tres Rios,TRE_L1,4,-0.0,false,lata
130,Antarctica_Lata,Tres Rios,TRE_L1,5,-0.0,false,lata
130,Antarctica_Lata,Tres Rios,TRE_L1,6,-1.0e6,true,lata
130,Antarctica_Lata,Tres Rios,TRE_L1,7,-0.0,false,lata
130,Antarctica_Lata,Tres Rios,TRE_L1,8,-0.0,false,lata
130,Antarctica_Lata,Tres Rios,TRE_L1,9,-0.0,false,lata
130,Antarctica_Lata,Tres Rios,TRE_L1,10,-0.0,false,lata
130,Antarctica_Lata,Tres Rios,TRE_L1,11,-1.0e6,true,lata
130,Antarctica_Lata,Tres Rios,TRE_L1,12,-0.0,false,lata
130,Antarctica_Lata,Tres Rios,TRE_L1,13,-0.0,false,lata
130,Antarctica_Lata,Tres Rios,TRE_L1,14,-0.0,false,lata
130,Antarctica_Lata,Tres Rios,TRE_L1,15,-0.0,false,lata
130,Antarctica_Lata,Tres Rios,TRE_L2,1,-0.0,false,lata
130,Antarctica_Lata,Tres Rios,TRE_L2,2,-0.0,false,lata
130,Antarctica_Lata,Tres Rios,TRE_L2,3,-0.0,false,lata
130,Antarctica_Lata,Tres Rios,TRE_L2,4,-0.0,false,lata
130,Antarctica_Lata,Tres Rios,TRE_L2,5,-0.0,false,lata
130,Antarctica_Lata,Tres Rios,TRE_L2,6,-0.0,false,lata
130,Antarctica_Lata,Tres Rios,TRE_L2,7,-1.0e6,true,lata
130,Antarctica_Lata,Tres Rios,TRE_L2,8,-0.0,false,lata
130,Antarctica_Lata,Tres Rios,TRE_L2,9,-0.0,false,lata
130,Antarctica_Lata,Tres Rios,TRE_L2,10,-0.0,false,lata
130,Antarctica_Lata,Tres Rios,TRE_L2,11,-0.0,false,lata
130,Antarctica_Lata,Tres Rios,TRE_L2,12,-0.0,false,lata
130,Antarctica_Lata,Tres Rios,TRE_L2,13,-0.0,false,lata
130,Antarctica_Lata,Tres Rios,TRE_L2,14,-0.0,false,lata
130,Antarctica_Lata,Tres Rios,TRE_L2,15,-0.0,false,lata
130,Antarctica_Lata,Tres Rios,TRE_L3,1,-0.0,false,lata
130,Antarctica_Lata,Tres Rios,TRE_L3,2,-0.0,false,lata
130,Antarctica_Lata,Tres Rios,TRE_L3,3,-0.0,false,lata
130,Antarctica_Lata,Tres Rios,TRE_L3,4,-0.0,false,lata
130,Antarctica_Lata,Tres Rios,TRE_L3,5,-0.0,false,lata
130,Antarctica_Lata,Tres Rios,TRE_L3,6,-0.0,false,lata
130,Antarctica_Lata,Tres Rios,TRE_L3,7,-0.0,false,lata
130,Antarctica_Lata,Tres Rios,TRE_L3,8,-0.0,false,lata
130,Antarctica_Lata,Tres Rios,TRE_L3,9,-0.0,false,lata
130,Antarctica_Lata,Tres Rios,TRE_L3,10,-0.0,false,lata
130,Antarctica_Lata,Tres Rios,TRE_L3,11,-0.0,false,lata
130,Antarctica_Lata,Tres Rios,TRE_L3,12,-0.0,false,lata
130,Antarctica_Lata,Tres Rios,TRE_L3,13,-0.0,false,lata
130,Antarctica_Lata,Tres Rios,TRE_L3,14,-0.0,false,lata
130,Antarctica_Lata,Tres Rios,TRE_L3,15,-0.0,false,lata
130,Antarctica_Lata,Alagoinhas,ALA_L1,1,-0.0,false,lata
130,Antarctica_Lata,Alagoinhas,ALA_L1,2,-0.0,false,lata
130,Antarctica_Lata,Alagoinhas,ALA_L1,3,-0.0,false,lata
130,Antarctica_Lata,Alagoinhas,ALA_L1,4,-0.0,false,lata
130,Antarctica_Lata,Alagoinhas,ALA_L1,5,-1.0e6,true,lata
130,Antarctica_Lata,Alagoinhas,ALA_L1,6,-1.0e6,true,lata
130,Antarctica_Lata,Alagoinhas,ALA_L1,7,-0.0,false,lata
130,Antarctica_Lata,Alagoinhas,ALA_L1,8,-0.0,false,lata
130,Antarctica_Lata,Alagoinhas,ALA_L1,9,-0.0,false,lata
130,Antarctica_Lata,Alagoinhas,ALA_L1,10,-0.0,false,lata
130,Antarctica_Lata,Alagoinhas,ALA_L1,11,-0.0,false,lata
130,Antarctica_Lata,Alagoinhas,ALA_L1,12,-0.0,false,lata
130,Antarctica_Lata,Alagoinhas,ALA_L1,13,-0.0,false,lata
130,Antarctica_Lata,Alagoinhas,ALA_L1,14,-0.0,false,lata
130,Antarctica_Lata,Alagoinhas,ALA_L1,15,-0.0,false,lata
130,Antarctica_Lata,Alagoinhas,ALA_L2,1,-0.0,false,lata
130,Antarctica_Lata,Alagoinhas,ALA_L2,2,-0.0,false,lata
130,Antarctica_Lata,Alagoinhas,ALA_L2,3,-0.0,false,lata
130,Antarctica_Lata,Alagoinhas,ALA_L2,4,-1.0e6,true,lata
130,Antarctica_Lata,Alagoinhas,ALA_L2,5,-0.0,false,lata
130,Antarctica_Lata,Alagoinhas,ALA_L2,6,-0.0,false,lata
130,Antarctica_Lata,Alagoinhas,ALA_L2,7,-0.0,false,lata
130,Antarctica_Lata,Alagoinhas,ALA_L2,8,-0.0,false,lata
130,Antarctica_Lata,Alagoinhas,ALA_L2,9,-0.0,false,lata
130,Antarctica_Lata,Alagoinhas,ALA_L2,10,-0.0,false,lata
130,Antarctica_Lata,Alagoinhas,ALA_L2,11,-0.0,false,lata
130,Antarctica_Lata,Alagoinhas,ALA_L2,12,-0.0,false,lata
130,Antarctica_Lata,Alagoinhas,ALA_L2,13,-0.0,false,lata
130,Antarctica_Lata,Alagoinhas,ALA_L2,14,-0.0,false,lata
130,Antarctica_Lata,Alagoinhas,ALA_L2,15,-0.0,false,lata
130,Antarctica_Lata,Alagoinhas,ALA_L3,1,-0.0,false,lata
130,Antarctica_Lata,Alagoinhas,ALA_L3,2,-1.0e6,true,lata
130,Antarctica_Lata,Alagoinhas,ALA_L3,3,-0.0,false,lata
130,Antarctica_Lata,Alagoinhas,ALA_L3,4,-0.0,false,lata
130,Antarctica_Lata,Alagoinhas,ALA_L3,5,-0.0,false,lata
130,Antarctica_Lata,Alagoinhas,ALA_L3,6,-0.0,false,lata
130,Antarctica_Lata,Alagoinhas,ALA_L3,7,-0.0,false,lata
130,Antarctica_Lata,Alagoinhas,ALA_L3,8,-0.0,false,lata
130,Antarctica_Lata,Alagoinhas,ALA_L3,9,-0.0,false,lata
130,Antarctica_Lata,Alagoinhas,ALA_L3,10,-0.0,false,lata
130,Antarctica_Lata,Alagoinhas,ALA_L3,11,-0.0,false,lata
130,Antarctica_Lata,Alagoinhas,ALA_L3,12,-0.0,false,lata
130,Antarctica_Lata,Alagoinhas,ALA_L3,13,-0.0,false,lata
130,Antarctica_Lata,Alagoinhas,ALA_L3,14,-0.0,false,lata
130,Antarctica_Lata,Alagoinhas,ALA_L3,15,-0.0,false,lata
130,Antarctica_Lata,Frutal,FRU_L1,1,-0.0,false,lata
130,Antarctica_Lata,Frutal,FRU_L1,2,-0.0,false,lata
130,Antarctica_Lata,Frutal,FRU_L1,3,-0.0,false,lata
130,Antarctica_Lata,Frutal,FRU_L1,4,-1.0e6,true,lata
130,Antarctica_Lata,Frutal,FRU_L1,5,-0.0,false,lata
130,Antarctica_Lata,Frutal,FRU_L1,6,-0.0,false,lata
130,Antarctica_Lata,Frutal,FRU_L1,7,-0.0,false,lata
130,Antarctica_Lata,Frutal,FRU_L1,8,-0.0,false,lata
130,Antarctica_Lata,Frutal,FRU_L1,9,-0.0,false,lata
130,Antarctica_Lata,Frutal,FRU_L1,10,-0.0,false,lata
130,Antarctica_Lata,Frutal,FRU_L1,11,-0.0,false,lata
130,Antarctica_Lata,Frutal,FRU_L1,12,-1.0e6,true,lata
130,Antarctica_Lata,Frutal,FRU_L1,13,-0.0,false,lata
130,Antarctica_Lata,Frutal,FRU_L1,14,-0.0,false,lata
130,Antarctica_Lata,Frutal,FRU_L1,15,-0.0,false,lata
130,Antarctica_Lata,Frutal,FRU_L2,1,-0.0,false,lata
130,Antarctica_Lata,Frutal,FRU_L2,2,-0.0,false,lata
130,Antarctica_Lata,Frutal,FRU_L2,3,-0.0,false,lata
130,Antarctica_Lata,Frutal,FRU_L2,4,-0.0,false,lata
130,Antarctica_Lata,Frutal,FRU_L2,5,-0.0,false,lata
130,Antarctica_Lata,Frutal,FRU_L2,6,-0.0,false,lata
130,Antarctica_Lata,Frutal,FRU_L2,7,-0.0,false,lata
130,Antarctica_Lata,Frutal,FRU_L2,8,-0.0,false,lata
130,Antarctica_Lata,Frutal,FRU_L2,9,-0.0,false,lata
130,Antarctica_Lata,Frutal,FRU_L2,10,-0.0,false,lata
130,Antarctica_Lata,Frutal,FRU_L2,11,-1.0e6,true,lata
130,Antarctica_Lata,Frutal,FRU_L2,12,-0.0,false,lata
130,Antarctica_Lata,Frutal,FRU_L2,13,-0.0,false,lata
130,Antarctica_Lata,Frutal,FRU_L2,14,-0.0,false,lata
130,Antarctica_Lata,Frutal,FRU_L2,15,-0.0,false,lata
130,Antarctica_Lata,Frutal,FRU_L3,1,-0.0,false,lata
130,Antarctica_Lata,Frutal,FRU_L3,2,-0.0,false,lata
130,Antarctica_Lata,Frutal,FRU_L3,3,-0.0,false,lata
130,Antarctica_Lata,Frutal,FRU_L3,4,-0.0,false,lata
130,Antarctica_Lata,Frutal,FRU_L3,5,-0.0,false,lata
130,Antarctica_Lata,Frutal,FRU_L3,6,-0.0,false,lata
130,Antarctica_Lata,Frutal,FRU_L3,7,-0.0,false,lata
130,Antarctica_Lata,Frutal,FRU_L3,8,-0.0,false,lata
130,Antarctica_Lata,Frutal,FRU_L3,9,-0.0,false,lata
130,Antarctica_Lata,Frutal,FRU_L3,10,-0.0,false,lata
130,Antarctica_Lata,Frutal,FRU_L3,11,-0.0,false,lata
130,Antarctica_Lata,Frutal,FRU_L3,12,-0.0,false,lata
130,Antarctica_Lata,Frutal,FRU_L3,13,-0.0,false,lata
130,Antarctica_Lata,Frutal,FRU_L3,14,-0.0,false,lata
130,Antarctica_Lata,Frutal,FRU_L3,15,-0.0,false,lata
130,Antarctica_Lata,Pouso Alegre,POU_L1,1,-0.0,false,lata
130,Antarctica_Lata,Pouso Alegre,POU_L1,2,-0.0,false,lata
130,Antarctica_Lata,Pouso Alegre,POU_L1,3,-0.0,false,lata
130,Antarctica_Lata,Pouso Alegre,POU_L1,4,-0.0,false,lata
130,Antarctica_Lata,Pouso Alegre,POU_L1,5,-0.0,false,lata
130,Antarctica_Lata,Pouso Alegre,POU_L1,6,-0.0,false,lata
130,Antarctica_Lata,Pouso Alegre,POU_L1,7,-1.0e6,true,lata
130,Antarctica_Lata,Pouso Alegre,POU_L1,8,-0.0,false,lata
130,Antarctica_Lata,Pouso Alegre,POU_L1,9,-0.0,false,lata
130,Antarctica_Lata,Pouso Alegre,POU_L1,10,-0.0,false,lata
130,Antarctica_Lata,Pouso Alegre,POU_L1,11,-0.0,false,lata
130,Antarctica_Lata,Pouso Alegre,POU_L1,12,-0.0,false,lata
130,Antarctica_Lata,Pouso Alegre,POU_L1,13,-0.0,false,lata
130,Antarctica_Lata,Pouso Alegre,POU_L1,14,-0.0,false,lata
130,Antarctica_Lata,Pouso Alegre,POU_L1,15,-0.0,false,lata
130,Antarctica_Lata,Pouso Alegre,POU_L2,1,-0.0,false,lata
130,Antarctica_Lata,Pouso Alegre,POU_L2,2,-0.0,false,lata
130,Antarctica_Lata,Pouso Alegre,POU_L2,3,-0.0,false,lata
130,Antarctica_Lata,Pouso Alegre,POU_L2,4,-0.0,false,lata
130,Antarctica_Lata,Pouso Alegre,POU_L2,5,-0.0,false,lata
130,Antarctica_Lata,Pouso Alegre,POU_L2,6,-0.0,false,lata
130,Antarctica_Lata,Pouso Alegre,POU_L2,7,-0.0,false,lata
130,Antarctica_Lata,Pouso Alegre,POU_L2,8,-0.0,false,lata
130,Antarctica_Lata,Pouso Alegre,POU_L2,9,-0.0,false,lata
130,Antarctica_Lata,Pouso Alegre,POU_L2,10,-0.0,false,lata
130,Antarctica_Lata,Pouso Alegre,POU_L2,11,-0.0,false,lata
130,Antarctica_Lata,Pouso Alegre,POU_L2,12,-1.0e6,true,lata
130,Antarctica_Lata,Pouso Alegre,POU_L2,13,-0.0,false,lata
130,Antarctica_Lata,Pouso Alegre,POU_L2,14,-0.0,false,lata
130,Antarctica_Lata,Pouso Alegre,POU_L2,15,-0.0,false,lata
130,Antarctica_Lata,Pouso Alegre,POU_L3,1,-0.0,false,lata
130,Antarctica_Lata,Pouso Alegre,POU_L3,2,-1.0e6,true,lata
130,Antarctica_Lata,Pouso Alegre,POU_L3,3,-0.0,false,lata
130,Antarctica_Lata,Pouso Alegre,POU_L3,4,-0.0,false,lata
130,Antarctica_Lata,Pouso Alegre,POU_L3,5,-0.0,false,lata
130,Antarctica_Lata,Pouso Alegre,POU_L3,6,-0.0,false,lata
130,Antarctica_Lata,Pouso Alegre,POU_L3,7,-0.0,false,lata
130,Antarctica_Lata,Pouso Alegre,POU_L3,8,-0.0,false,lata
130,Antarctica_Lata,Pouso Alegre,POU_L3,9,-0.0,false,lata
130,Antarctica_Lata,Pouso Alegre,POU_L3,10,-0.0,false,lata
130,Antarctica_Lata,Pouso Alegre,POU_L3,11,-0.0,false,lata
130,Antarctica_Lata,Pouso Alegre,POU_L3,12,-0.0,false,lata
130,Antarctica_Lata,Pouso Alegre,POU_L3,13,-0.0,false,lata
130,Antarctica_Lata,Pouso Alegre,POU_L3,14,-0.0,false,lata
130,Antarctica_Lata,Pouso Alegre,POU_L3,15,-0.0,false,lata
130,Antarctica_Lata,Gama,GAM_L1,1,-0.0,false,lata
130,Antarctica_Lata,Gama,GAM_L1,2,-0.0,false,lata
130,Antarctica_Lata,Gama,GAM_L1,3,-0.0,false,lata
130,Antarctica_Lata,Gama,GAM_L1,4,-0.0,false,lata
130,Antarctica_Lata,Gama,GAM_L1,5,-0.0,false,lata
130,Antarctica_Lata,Gama,GAM_L1,6,-0.0,false,lata
130,Antarctica_Lata,Gama,GAM_L1,7,-0.0,false,lata
130,Antarctica_Lata,Gama,GAM_L1,8,-0.0,false,lata
130,Antarctica_Lata,Gama,GAM_L1,9,-0.0,false,lata
130,Antarctica_Lata,Gama,GAM_L1,10,-0.0,false,lata
130,Antarctica_Lata,Gama,GAM_L1,11,-0.0,false,lata
130,Antarctica_Lata,Gama,GAM_L1,12,-0.0,false,lata
130,Antarctica_Lata,Gama,GAM_L1,13,-1.0e6,true,lata
130,Antarctica_Lata,Gama,GAM_L1,14,-0.0,false,lata
130,Antarctica_Lata,Gama,GAM_L1,15,-0.0,false,lata
130,Antarctica_Lata,Gama,GAM_L2,1,-0.0,false,lata
130,Antarctica_Lata,Gama,GAM_L2,2,-0.0,false,lata
130,Antarctica_Lata,Gama,GAM_L2,3,-0.0,false,lata
130,Antarctica_Lata,Gama,GAM_L2,4,-0.0,false,lata
130,Antarctica_Lata,Gama,GAM_L2,5,-0.0,false,lata
130,Antarctica_Lata,Gama,GAM_L2,6,-0.0,false,lata
130,Antarctica_Lata,Gama,GAM_L2,7,-1.0e6,true,lata
130,Antarctica_Lata,Gama,GAM_L2,8,-0.0,false,lata
130,Antarctica_Lata,Gama,GAM_L2,9,-0.0,false,lata
130,Antarctica_Lata,Gama,GAM_L2,10,-0.0,false,lata
130,Antarctica_Lata,Gama,GAM_L2,11,-0.0,false,lata
130,Antarctica_Lata,Gama,GAM_L2,12,-0.0,false,lata
130,Antarctica_Lata,Gama,GAM_L2,13,-0.0,false,lata
130,Antarctica_Lata,Gama,GAM_L2,14,-0.0,false,lata
130,Antarctica_Lata,Gama,GAM_L2,15,-0.0,false,lata
130,Antarctica_Lata,Gama,GAM_L3,1,-0.0,false,lata
130,Antarctica_Lata,Gama,GAM_L3,2,-0.0,false,lata
130,Antarctica_Lata,Gama,GAM_L3,3,-0.0,false,lata
130,Antarctica_Lata,Gama,GAM_L3,4,-0.0,false,lata
130,Antarctica_Lata,Gama,GAM_L3,5,-0.0,false,lata
130,Antarctica_Lata,Gama,GAM_L3,6,-0.0,false,lata
130,Antarctica_Lata,Gama,GAM_L3,7,-0.0,false,lata
130,Antarctica_Lata,Gama,GAM_L3,8,-0.0,false,lata
130,Antarctica_Lata,Gama,GAM_L3,9,-0.0,false,lata
130,Antarctica_Lata,Gama,GAM_L3,10,-0.0,false,lata
130,Antarctica_Lata,Gama,GAM_L3,11,-0.0,false,lata
130,Antarctica_Lata,Gama,GAM_L3,12,-0.0,false,lata
130,Antarctica_Lata,Gama,GAM_L3,13,-0.0,false,lata
130,Antarctica_Lata,Gama,GAM_L3,14,-1.0e6,true,lata
130,Antarctica_Lata,Gama,GAM_L3,15,-0.0,false,lata
130,Antarctica_Lata,Viamao,VIA_L1,1,-0.0,false,lata
130,Antarctica_Lata,Viamao,VIA_L1,2,-0.0,false,lata
130,Antarctica_Lata,Viamao,VIA_L1,3,-1.0e6,true,lata
130,Antarctica_Lata,Viamao,VIA_L1,4,-0.0,false,lata
130,Antarctica_Lata,Viamao,VIA_L1,5,-0.0,false,lata
130,Antarctica_Lata,Viamao,VIA_L1,6,-0.0,false,lata
130,Antarctica_Lata,Viamao,VIA_L1,7,-0.0,false,lata
130,Antarctica_Lata,Viamao,VIA_L1,8,-0.0,false,lata
130,Antarctica_Lata,Viamao,VIA_L1,9,-0.0,false,lata
130,Antarctica_Lata,Viamao,VIA_L1,10,-0.0,false,lata
130,Antarctica_Lata,Viamao,VIA_L1,11,-0.0,false,lata
130,Antarctica_Lata,Viamao,VIA_L1,12,-1.0e6,true,lata
130,Antarctica_Lata,Viamao,VIA_L1,13,-0.0,false,lata
130,Antarctica_Lata,Viamao,VIA_L1,14,-0.0,false,lata
130,Antarctica_Lata,Viamao,VIA_L1,15,-0.0,false,lata
130,Antarctica_Lata,Viamao,VIA_L2,1,-0.0,false,lata
130,Antarctica_Lata,Viamao,VIA_L2,2,-0.0,false,lata
130,Antarctica_Lata,Viamao,VIA_L2,3,-0.0,false,lata
130,Antarctica_Lata,Viamao,VIA_L2,4,-1.0e6,true,lata
130,Antarctica_Lata,Viamao,VIA_L2,5,-0.0,false,lata
130,Antarctica_Lata,Viamao,VIA_L2,6,-0.0,false,lata
130,Antarctica_Lata,Viamao,VIA_L2,7,-0.0,false,lata
130,Antarctica_Lata,Viamao,VIA_L2,8,-0.0,false,lata
130,Antarctica_Lata,Viamao,VIA_L2,9,-0.0,false,lata
130,Antarctica_Lata,Viamao,VIA_L2,10,-0.0,false,lata
130,Antarctica_Lata,Viamao,VIA_L2,11,-0.0,false,lata
130,Antarctica_Lata,Viamao,VIA_L2,12,-0.0,false,lata
130,Antarctica_Lata,Viamao,VIA_L2,13,-0.0,false,lata
130,Antarctica_Lata,Viamao,VIA_L2,14,-0.0,false,lata
130,Antarctica_Lata,Viamao,VIA_L2,15,-0.0,false,lata
130,Antarctica_Lata,Viamao,VIA_L3,1,-0.0,false,lata
130,Antarctica_Lata,Viamao,VIA_L3,2,-0.0,false,lata
130,Antarctica_Lata,Viamao,VIA_L3,3,-0.0,false,lata
130,Antarctica_Lata,Viamao,VIA_L3,4,-0.0,false,lata
130,Antarctica_Lata,Viamao,VIA_L3,5,-0.0,false,lata
130,Antarctica_Lata,Viamao,VIA_L3,6,-0.0,false,lata
130,Antarctica_Lata,Viamao,VIA_L3,7,-1.0e6,true,lata
130,Antarctica_Lata,Viamao,VIA_L3,8,-0.0,false,lata
130,Antarctica_Lata,Viamao,VIA_L3,9,-1.0e6,true,lata
130,Antarctica_Lata,Viamao,VIA_L3,10,-0.0,false,lata
130,Antarctica_Lata,Viamao,VIA_L3,11,-1.0e6,true,lata
130,Antarctica_Lata,Viamao,VIA_L3,12,-0.0,false,lata
130,Antarctica_Lata,Viamao,VIA_L3,13,-0.0,false,lata
130,Antarctica_Lata,Viamao,VIA_L3,14,-0.0,false,lata
130,Antarctica_Lata,Viamao,VIA_L3,15,-0.0,false,lata
130,Antarctica_Lata,Itupeva,ITU_L1,1,-0.0,false,lata
130,Antarctica_Lata,Itupeva,ITU_L1,2,-0.0,false,lata
130,Antarctica_Lata,Itupeva,ITU_L1,3,-0.0,false,lata
130,Antarctica_Lata,Itupeva,ITU_L1,4,-0.0,false,lata
130,Antarctica_Lata,Itupeva,ITU_L1,5,-0.0,false,lata
130,Antarctica_Lata,Itupeva,ITU_L1,6,-0.0,false,lata
130,Antarctica_Lata,Itupeva,ITU_L1,7,-0.0,false,lata
130,Antarctica_Lata,Itupeva,ITU_L1,8,-0.0,false,lata
130,Antarctica_Lata,Itupeva,ITU_L1,9,-0.0,false,lata
130,Antarctica_Lata,Itupeva,ITU_L1,10,-0.0,false,lata
130,Antarctica_Lata,Itupeva,ITU_L1,11,-0.0,false,lata
130,Antarctica_Lata,Itupeva,ITU_L1,12,-1.0e6,true,lata
130,Antarctica_Lata,Itupeva,ITU_L1,13,-0.0,false,lata
130,Antarctica_Lata,Itupeva,ITU_L1,14,-0.0,false,lata
130,Antarctica_Lata,Itupeva,ITU_L1,15,-0.0,false,lata
130,Antarctica_Lata,Itupeva,ITU_L2,1,-0.0,false,lata
130,Antarctica_Lata,Itupeva,ITU_L2,2,-0.0,false,lata
130,Antarctica_Lata,Itupeva,ITU_L2,3,-0.0,false,lata
130,Antarctica_Lata,Itupeva,ITU_L2,4,-0.0,false,lata
130,Antarctica_Lata,Itupeva,ITU_L2,5,-1.0e6,true,lata
130,Antarctica_Lata,Itupeva,ITU_L2,6,-0.0,false,lata
130,Antarctica_Lata,Itupeva,ITU_L2,7,-0.0,false,lata
130,Antarctica_Lata,Itupeva,ITU_L2,8,-0.0,false,lata
130,Antarctica_Lata,Itupeva,ITU_L2,9,-0.0,false,lata
130,Antarctica_Lata,Itupeva,ITU_L2,10,-0.0,false,lata
130,Antarctica_Lata,Itupeva,ITU_L2,11,-0.0,false,lata
130,Antarctica_Lata,Itupeva,ITU_L2,12,-0.0,false,lata
130,Antarctica_Lata,Itupeva,ITU_L2,13,-0.0,false,lata
130,Antarctica_Lata,Itupeva,ITU_L2,14,-1.0e6,true,lata
130,Antarctica_Lata,Itupeva,ITU_L2,15,-0.0,false,lata
130,Antarctica_Lata,Itupeva,ITU_L3,1,-0.0,false,lata
130,Antarctica_Lata,Itupeva,ITU_L3,2,-0.0,false,lata
130,Antarctica_Lata,Itupeva,ITU_L3,3,-0.0,false,lata
130,Antarctica_Lata,Itupeva,ITU_L3,4,-0.0,false,lata
130,Antarctica_Lata,Itupeva,ITU_L3,5,-0.0,false,lata
130,Antarctica_Lata,Itupeva,ITU_L3,6,-0.0,false,lata
130,Antarctica_Lata,Itupeva,ITU_L3,7,-0.0,false,lata
130,Antarctica_Lata,Itupeva,ITU_L3,8,-0.0,false,lata
130,Antarctica_Lata,Itupeva,ITU_L3,9,-0.0,false,lata
130,Antarctica_Lata,Itupeva,ITU_L3,10,-0.0,false,lata
130,Antarctica_Lata,Itupeva,ITU_L3,11,-0.0,false,lata
130,Antarctica_Lata,Itupeva,ITU_L3,12,-0.0,false,lata
130,Antarctica_Lata,Itupeva,ITU_L3,13,-0.0,false,lata
130,Antarctica_Lata,Itupeva,ITU_L3,14,-0.0,false,lata
130,Antarctica_Lata,Itupeva,ITU_L3,15,-0.0,false,lata
130,Antarctica_Lata,Cabo de Santo Agostinho,CAB_L1,1,-0.0,false,lata
130,Antarctica_Lata,Cabo de Santo Agostinho,CAB_L1,2,-0.0,false,lata
130,Antarctica_Lata,Cabo de Santo Agostinho,CAB_L1,3,-0.0,false,lata
130,Antarctica_Lata,Cabo de Santo Agostinho,CAB_L1,4,-0.0,false,lata
130,Antarctica_Lata,Cabo de Santo Agostinho,CAB_L1,5,-0.0,false,lata
130,Antarctica_Lata,Cabo de Santo Agostinho,CAB_L1,6,-1.0e6,true,lata
130,Antarctica_Lata,Cabo de Santo Agostinho,CAB_L1,7,-0.0,false,lata
130,Antarctica_Lata,Cabo de Santo Agostinho,CAB_L1,8,-0.0,false,lata
130,Antarctica_Lata,Cabo de Santo Agostinho,CAB_L1,9,-0.0,false,lata
130,Antarctica_Lata,Cabo de Santo Agostinho,CAB_L1,10,-0.0,false,lata
130,Antarctica_Lata,Cabo de Santo Agostinho,CAB_L1,11,-0.0,false,lata
130,Antarctica_Lata,Cabo de Santo Agostinho,CAB_L1,12,-0.0,false,lata
130,Antarctica_Lata,Cabo de Santo Agostinho,CAB_L1,13,-0.0,false,lata
130,Antarctica_Lata,Cabo de Santo Agostinho,CAB_L1,14,-1.0e6,true,lata
130,Antarctica_Lata,Cabo de Santo Agostinho,CAB_L1,15,-0.0,false,lata
130,Antarctica_Lata,Cabo de Santo Agostinho,CAB_L2,1,-0.0,false,lata
130,Antarctica_Lata,Cabo de Santo Agostinho,CAB_L2,2,-1.0e6,true,lata
130,Antarctica_Lata,Cabo de Santo Agostinho,CAB_L2,3,-1.0e6,true,lata
130,Antarctica_Lata,Cabo de Santo Agostinho,CAB_L2,4,-0.0,false,lata
130,Antarctica_Lata,Cabo de Santo Agostinho,CAB_L2,5,-0.0,false,lata
130,Antarctica_Lata,Cabo de Santo Agostinho,CAB_L2,6,-0.0,false,lata
130,Antarctica_Lata,Cabo de Santo Agostinho,CAB_L2,7,-0.0,false,lata
130,Antarctica_Lata,Cabo de Santo Agostinho,CAB_L2,8,-0.0,false,lata
130,Antarctica_Lata,Cabo de Santo Agostinho,CAB_L2,9,-0.0,false,lata
130,Antarctica_Lata,Cabo de Santo Agostinho,CAB_L2,10,-0.0,false,lata
130,Antarctica_Lata,Cabo de Santo Agostinho,CAB_L2,11,-0.0,false,lata
130,Antarctica_Lata,Cabo de Santo Agostinho,CAB_L2,12,-0.0,false,lata
130,Antarctica_Lata,Cabo de Santo Agostinho,CAB_L2,13,-0.0,false,lata
130,Antarctica_Lata,Cabo de Santo Agostinho,CAB_L2,14,-0.0,false,lata
130,Antarctica_Lata,Cabo de Santo Agostinho,CAB_L2,15,-0.0,false,lata
130,Antarctica_Lata,Cabo de Santo Agostinho,CAB_L3,1,-0.0,false,lata
130,Antarctica_Lata,Cabo de Santo Agostinho,CAB_L3,2,-0.0,false,lata
130,Antarctica_Lata,Cabo de Santo Agostinho,CAB_L3,3,-1.0e6,true,lata
130,Antarctica_Lata,Cabo de Santo Agostinho,CAB_L3,4,-0.0,false,lata
130,Antarctica_Lata,Cabo de Santo Agostinho,CAB_L3,5,-0.0,false,lata
130,Antarctica_Lata,Cabo de Santo Agostinho,CAB_L3,6,-1.0e6,true,lata
130,Antarctica_Lata,Cabo de Santo Agostinho,CAB_L3,7,-0.0,false,lata
130,Antarctica_Lata,Cabo de Santo Agostinho,CAB_L3,8,-0.0,false,lata
130,Antarctica_Lata,Cabo de Santo Agostinho,CAB_L3,9,-0.0,false,lata
130,Antarctica_Lata,Cabo de Santo Agostinho,CAB_L3,10,-0.0,false,lata
130,Antarctica_Lata,Cabo de Santo Agostinho,CAB_L3,11,-0.0,false,lata
130,Antarctica_Lata,Cabo de Santo Agostinho,CAB_L3,12,-0.0,false,lata
130,Antarctica_Lata,Cabo de Santo Agostinho,CAB_L3,13,-0.0,false,lata
130,Antarctica_Lata,Cabo de Santo Agostinho,CAB_L3,14,-0.0,false,lata
130,Antarctica_Lata,Cabo de Santo Agostinho,CAB_L3,15,-0.0,false,lata
130,Del_Valle_Laranja,Jacarei,JAC_L1,1,-0.0,false,lata
130,Del_Valle_Laranja,Jacarei,JAC_L1,2,-0.0,false,lata
130,Del_Valle_Laranja,Jacarei,JAC_L1,3,-0.0,false,lata
130,Del_Valle_Laranja,Jacarei,JAC_L1,4,-0.0,false,lata
130,Del_Valle_Laranja,Jacarei,JAC_L1,5,-0.0,false,lata
130,Del_Valle_Laranja,Jacarei,JAC_L1,6,-0.0,false,lata
130,Del_Valle_Laranja,Jacarei,JAC_L1,7,-0.0,false,lata
130,Del_Valle_Laranja,Jacarei,JAC_L1,8,-0.0,false,lata
130,Del_Valle_Laranja,Jacarei,JAC_L1,9,-0.0,false,lata
130,Del_Valle_Laranja,Jacarei,JAC_L1,10,-0.0,false,lata
130,Del_Valle_Laranja,Jacarei,JAC_L1,11,-0.0,false,lata
130,Del_Valle_Laranja,Jacarei,JAC_L1,12,-999999.6953873,false,lata
130,Del_Valle_Laranja,Jacarei,JAC_L1,13,-0.0,false,lata
130,Del_Valle_Laranja,Jacarei,JAC_L1,14,-0.0,false,lata
130,Del_Valle_Laranja,Jacarei,JAC_L1,15,-0.0,false,lata
130,Del_Valle_Laranja,Jacarei,JAC_L2,1,-0.0,false,lata
130,Del_Valle_Laranja,Jacarei,JAC_L2,2,-0.0,false,lata
130,Del_Valle_Laranja,Jacarei,JAC_L2,3,-0.0,false,lata
130,Del_Valle_Laranja,Jacarei,JAC_L2,4,-0.0,false,lata
130,Del_Valle_Laranja,Jacarei,JAC_L2,5,-0.0,false,lata
130,Del_Valle_Laranja,Jacarei,JAC_L2,6,-0.0,false,lata
130,Del_Valle_Laranja,Jacarei,JAC_L2,7,-0.0,false,lata
130,Del_Valle_Laranja,Jacarei,JAC_L2,8,-0.0,false,lata
130,Del_Valle_Laranja,Jacarei,JAC_L2,9,-0.0,false,lata
130,Del_Valle_Laranja,Jacarei,JAC_L2,10,-0.0,false,lata
130,Del_Valle_Laranja,Jacarei,JAC_L2,11,-0.0,false,lata
130,Del_Valle_Laranja,Jacarei,JAC_L2,12,-0.0,false,lata
130,Del_Valle_Laranja,Jacarei,JAC_L2,13,-0.0,false,lata
130,Del_Valle_Laranja,Jacarei,JAC_L2,14,-0.0,false,lata
130,Del_Valle_Laranja,Jacarei,JAC_L2,15,-0.0,false,lata
130,Del_Valle_Laranja,Jacarei,JAC_L3,1,-0.0,false,lata
130,Del_Valle_Laranja,Jacarei,JAC_L3,2,-0.0,false,lata
130,Del_Valle_Laranja,Jacarei,JAC_L3,3,-999999.93839395,false,lata
130,Del_Valle_Laranja,Jacarei,JAC_L3,4,-0.0,false,lata
130,Del_Valle_Laranja,Jacarei,JAC_L3,5,-0.0,false,lata
130,Del_Valle_Laranja,Jacarei,JAC_L3,6,-0.0,false,lata
130,Del_Valle_Laranja,Jacarei,JAC_L3,7,-0.0,false,lata
130,Del_Valle_Laranja,Jacarei,JAC_L3,8,-0.0,false,lata
130,Del_Valle_Laranja,Jacarei,JAC_L3,9,-0.0,false,lata
130,Del_Valle_Laranja,Jacarei,JAC_L3,10,-999999.4407135501,false,lata
130,Del_Valle_Laranja,Jacarei,JAC_L3,11,-0.0,false,lata
130,Del_Valle_Laranja,Jacarei,JAC_L3,12,-0.0,false,lata
130,Del_Valle_Laranja,Jacarei,JAC_L3,13,-0.0,false,lata
130,Del_Valle_Laranja,Jacarei,JAC_L3,14,-0.0,false,lata
130,Del_Valle_Laranja,Jacarei,JAC_L3,15,-0.0,false,lata
130,Del_Valle_Laranja,Extrema,EXT_L1,1,-0.0,false,lata
130,Del_Valle_Laranja,Extrema,EXT_L1,2,-0.0,false,lata
130,Del_Valle_Laranja,Extrema,EXT_L1,3,-0.0,false,lata
130,Del_Valle_Laranja,Extrema,EXT_L1,4,-0.0,false,lata
130,Del_Valle_Laranja,Extrema,EXT_L1,5,-0.0,false,lata
130,Del_Valle_Laranja,Extrema,EXT_L1,6,-0.0,false,lata
130,Del_Valle_Laranja,Extrema,EXT_L1,7,-0.0,false,lata
130,Del_Valle_Laranja,Extrema,EXT_L1,8,-0.0,false,lata
130,Del_Valle_Laranja,Extrema,EXT_L1,9,-0.0,false,lata
130,Del_Valle_Laranja,Extrema,EXT_L1,10,-0.0,false,lata
130,Del_Valle_Laranja,Extrema,EXT_L1,11,-0.0,false,lata
130,Del_Valle_Laranja,Extrema,EXT_L1,12,-0.0,false,lata
130,Del_Valle_Laranja,Extrema,EXT_L1,13,-0.0,false,lata
130,Del_Valle_Laranja,Extrema,EXT_L1,14,-0.0,false,lata
130,Del_Valle_Laranja,Extrema,EXT_L1,15,-0.0,false,lata
130,Del_Valle_Laranja,Extrema,EXT_L2,1,-0.0,false,lata
130,Del_Valle_Laranja,Extrema,EXT_L2,2,-0.0,false,lata
130,Del_Valle_Laranja,Extrema,EXT_L2,3,-0.0,false,lata
130,Del_Valle_Laranja,Extrema,EXT_L2,4,-0.0,false,lata
130,Del_Valle_Laranja,Extrema,EXT_L2,5,-0.0,false,lata
130,Del_Valle_Laranja,Extrema,EXT_L2,6,-0.0,false,lata
130,Del_Valle_Laranja,Extrema,EXT_L2,7,-0.0,false,lata
130,Del_Valle_Laranja,Extrema,EXT_L2,8,-0.0,false,lata
130,Del_Valle_Laranja,Extrema,EXT_L2,9,-0.0,false,lata
130,Del_Valle_Laranja,Extrema,EXT_L2,10,-0.0,false,lata
130,Del_Valle_Laranja,Extrema,EXT_L2,11,-0.0,false,lata
130,Del_Valle_Laranja,Extrema,EXT_L2,12,-0.0,false,lata
130,Del_Valle_Laranja,Extrema,EXT_L2,13,-0.0,false,lata
130,Del_Valle_Laranja,Extrema,EXT_L2,14,-0.0,false,lata
130,Del_Valle_Laranja,Extrema,EXT_L2,15,-0.0,false,lata
130,Del_Valle_Laranja,Extrema,EXT_L3,1,-0.0,false,lata
130,Del_Valle_Laranja,Extrema,EXT_L3,2,-0.0,false,lata
130,Del_Valle_Laranja,Extrema,EXT_L3,3,-0.0,false,lata
130,Del_Valle_Laranja,Extrema,EXT_L3,4,-0.0,false,lata
130,Del_Valle_Laranja,Extrema,EXT_L3,5,-0.0,false,lata
130,Del_Valle_Laranja,Extrema,EXT_L3,6,-0.0,false,lata
130,Del_Valle_Laranja,Extrema,EXT_L3,7,-0.0,false,lata
130,Del_Valle_Laranja,Extrema,EXT_L3,8,-0.0,false,lata
130,Del_Valle_Laranja,Extrema,EXT_L3,9,-0.0,false,lata
130,Del_Valle_Laranja,Extrema,EXT_L3,10,-0.0,false,lata
130,Del_Valle_Laranja,Extrema,EXT_L3,11,-0.0,false,lata
130,Del_Valle_Laranja,Extrema,EXT_L3,12,-0.0,false,lata
130,Del_Valle_Laranja,Extrema,EXT_L3,13,-0.0,false,lata
130,Del_Valle_Laranja,Extrema,EXT_L3,14,-999999.4249955496,false,lata
130,Del_Valle_Laranja,Extrema,EXT_L3,15,-0.0,false,lata
130,Del_Valle_Laranja,Tres Rios,TRE_L1,1,-0.0,false,lata
130,Del_Valle_Laranja,Tres Rios,TRE_L1,2,-0.0,false,lata
130,Del_Valle_Laranja,Tres Rios,TRE_L1,3,-0.0,false,lata
130,Del_Valle_Laranja,Tres Rios,TRE_L1,4,-0.0,false,lata
130,Del_Valle_Laranja,Tres Rios,TRE_L1,5,-0.0,false,lata
130,Del_Valle_Laranja,Tres Rios,TRE_L1,6,-0.0,false,lata
130,Del_Valle_Laranja,Tres Rios,TRE_L1,7,-999999.9337740501,false,lata
130,Del_Valle_Laranja,Tres Rios,TRE_L1,8,-0.0,false,lata
130,Del_Valle_Laranja,Tres Rios,TRE_L1,9,-0.0,false,lata
130,Del_Valle_Laranja,Tres Rios,TRE_L1,10,-0.0,false,lata
130,Del_Valle_Laranja,Tres Rios,TRE_L1,11,-0.0,false,lata
130,Del_Valle_Laranja,Tres Rios,TRE_L1,12,-0.0,false,lata
130,Del_Valle_Laranja,Tres Rios,TRE_L1,13,-0.0,false,lata
130,Del_Valle_Laranja,Tres Rios,TRE_L1,14,-0.0,false,lata
130,Del_Valle_Laranja,Tres Rios,TRE_L1,15,-0.0,false,lata
130,Del_Valle_Laranja,Tres Rios,TRE_L2,1,-0.0,false,lata
130,Del_Valle_Laranja,Tres Rios,TRE_L2,2,-0.0,false,lata
130,Del_Valle_Laranja,Tres Rios,TRE_L2,3,-0.0,false,lata
130,Del_Valle_Laranja,Tres Rios,TRE_L2,4,-0.0,false,lata
130,Del_Valle_Laranja,Tres Rios,TRE_L2,5,-1.0e6,true,lata
130,Del_Valle_Laranja,Tres Rios,TRE_L2,6,-0.0,false,lata
130,Del_Valle_Laranja,Tres Rios,TRE_L2,7,-0.0,false,lata
130,Del_Valle_Laranja,Tres Rios,TRE_L2,8,-0.0,false,lata
130,Del_Valle_Laranja,Tres Rios,TRE_L2,9,-0.0,false,lata
130,Del_Valle_Laranja,Tres Rios,TRE_L2,10,-0.0,false,lata
130,Del_Valle_Laranja,Tres Rios,TRE_L2,11,-0.0,false,lata
130,Del_Valle_Laranja,Tres Rios,TRE_L2,12,-0.0,false,lata
130,Del_Valle_Laranja,Tres Rios,TRE_L2,13,-0.0,false,lata
130,Del_Valle_Laranja,Tres Rios,TRE_L2,14,-0.0,false,lata
130,Del_Valle_Laranja,Tres Rios,TRE_L2,15,-999999.6690811497,false,lata
130,Del_Valle_Laranja,Tres Rios,TRE_L3,1,-0.0,false,lata
130,Del_Valle_Laranja,Tres Rios,TRE_L3,2,-0.0,false,lata
130,Del_Valle_Laranja,Tres Rios,TRE_L3,3,-0.0,false,lata
130,Del_Valle_Laranja,Tres Rios,TRE_L3,4,-0.0,false,lata
130,Del_Valle_Laranja,Tres Rios,TRE_L3,5,-0.0,false,lata
130,Del_Valle_Laranja,Tres Rios,TRE_L3,6,-0.0,false,lata
130,Del_Valle_Laranja,Tres Rios,TRE_L3,7,-0.0,false,lata
130,Del_Valle_Laranja,Tres Rios,TRE_L3,8,-0.0,false,lata
130,Del_Valle_Laranja,Tres Rios,TRE_L3,9,-0.0,false,lata
130,Del_Valle_Laranja,Tres Rios,TRE_L3,10,-0.0,false,lata
130,Del_Valle_Laranja,Tres Rios,TRE_L3,11,-0.0,false,lata
130,Del_Valle_Laranja,Tres Rios,TRE_L3,12,-0.0,false,lata
130,Del_Valle_Laranja,Tres Rios,TRE_L3,13,-0.0,false,lata
130,Del_Valle_Laranja,Tres Rios,TRE_L3,14,-0.0,false,lata
130,Del_Valle_Laranja,Tres Rios,TRE_L3,15,-0.0,false,lata
130,Del_Valle_Laranja,Alagoinhas,ALA_L1,1,-0.0,false,lata
130,Del_Valle_Laranja,Alagoinhas,ALA_L1,2,-0.0,false,lata
130,Del_Valle_Laranja,Alagoinhas,ALA_L1,3,-0.0,false,lata
130,Del_Valle_Laranja,Alagoinhas,ALA_L1,4,-0.0,false,lata
130,Del_Valle_Laranja,Alagoinhas,ALA_L1,5,-0.0,false,lata
130,Del_Valle_Laranja,Alagoinhas,ALA_L1,6,-0.0,false,lata
130,Del_Valle_Laranja,Alagoinhas,ALA_L1,7,-0.0,false,lata
130,Del_Valle_Laranja,Alagoinhas,ALA_L1,8,-0.0,false,lata
130,Del_Valle_Laranja,Alagoinhas,ALA_L1,9,-999999.2278739499,false,lata
130,Del_Valle_Laranja,Alagoinhas,ALA_L1,10,-0.0,false,lata
130,Del_Valle_Laranja,Alagoinhas,ALA_L1,11,-0.0,false,lata
130,Del_Valle_Laranja,Alagoinhas,ALA_L1,12,-0.0,false,lata
130,Del_Valle_Laranja,Alagoinhas,ALA_L1,13,-0.0,false,lata
130,Del_Valle_Laranja,Alagoinhas,ALA_L1,14,-0.0,false,lata
130,Del_Valle_Laranja,Alagoinhas,ALA_L1,15,-999999.7208340997,false,lata
130,Del_Valle_Laranja,Alagoinhas,ALA_L2,1,-0.0,false,lata
130,Del_Valle_Laranja,Alagoinhas,ALA_L2,2,-1.0e6,true,lata
130,Del_Valle_Laranja,Alagoinhas,ALA_L2,3,-0.0,false,lata
130,Del_Valle_Laranja,Alagoinhas,ALA_L2,4,-0.0,false,lata
130,Del_Valle_Laranja,Alagoinhas,ALA_L2,5,-0.0,false,lata
130,Del_Valle_Laranja,Alagoinhas,ALA_L2,6,-0.0,false,lata
130,Del_Valle_Laranja,Alagoinhas,ALA_L2,7,-0.0,false,lata
130,Del_Valle_Laranja,Alagoinhas,ALA_L2,8,-0.0,false,lata
130,Del_Valle_Laranja,Alagoinhas,ALA_L2,9,-0.0,false,lata
130,Del_Valle_Laranja,Alagoinhas,ALA_L2,10,-0.0,false,lata
130,Del_Valle_Laranja,Alagoinhas,ALA_L2,11,-0.0,false,lata
130,Del_Valle_Laranja,Alagoinhas,ALA_L2,12,-0.0,false,lata
130,Del_Valle_Laranja,Alagoinhas,ALA_L2,13,-0.0,false,lata
130,Del_Valle_Laranja,Alagoinhas,ALA_L2,14,-0.0,false,lata
130,Del_Valle_Laranja,Alagoinhas,ALA_L2,15,-0.0,false,lata
130,Del_Valle_Laranja,Alagoinhas,ALA_L3,1,-0.0,false,lata
130,Del_Valle_Laranja,Alagoinhas,ALA_L3,2,-0.0,false,lata
130,Del_Valle_Laranja,Alagoinhas,ALA_L3,3,-0.0,false,lata
130,Del_Valle_Laranja,Alagoinhas,ALA_L3,4,-0.0,false,lata
130,Del_Valle_Laranja,Alagoinhas,ALA_L3,5,-0.0,false,lata
130,Del_Valle_Laranja,Alagoinhas,ALA_L3,6,-0.0,false,lata
130,Del_Valle_Laranja,Alagoinhas,ALA_L3,7,-0.0,false,lata
130,Del_Valle_Laranja,Alagoinhas,ALA_L3,8,-0.0,false,lata
130,Del_Valle_Laranja,Alagoinhas,ALA_L3,9,-0.0,false,lata
130,Del_Valle_Laranja,Alagoinhas,ALA_L3,10,-0.0,false,lata
130,Del_Valle_Laranja,Alagoinhas,ALA_L3,11,-0.0,false,lata
130,Del_Valle_Laranja,Alagoinhas,ALA_L3,12,-0.0,false,lata
130,Del_Valle_Laranja,Alagoinhas,ALA_L3,13,-0.0,false,lata
130,Del_Valle_Laranja,Alagoinhas,ALA_L3,14,-0.0,false,lata
130,Del_Valle_Laranja,Alagoinhas,ALA_L3,15,-0.0,false,lata
130,Del_Valle_Laranja,Frutal,FRU_L1,1,-0.0,false,lata
130,Del_Valle_Laranja,Frutal,FRU_L1,2,-0.0,false,lata
130,Del_Valle_Laranja,Frutal,FRU_L1,3,-0.0,false,lata
130,Del_Valle_Laranja,Frutal,FRU_L1,4,-0.0,false,lata
130,Del_Valle_Laranja,Frutal,FRU_L1,5,-0.0,false,lata
130,Del_Valle_Laranja,Frutal,FRU_L1,6,-0.0,false,lata
130,Del_Valle_Laranja,Frutal,FRU_L1,7,-0.0,false,lata
130,Del_Valle_Laranja,Frutal,FRU_L1,8,-999999.84874435,false,lata
130,Del_Valle_Laranja,Frutal,FRU_L1,9,-0.0,false,lata
130,Del_Valle_Laranja,Frutal,FRU_L1,10,-0.0,false,lata
130,Del_Valle_Laranja,Frutal,FRU_L1,11,-0.0,false,lata
130,Del_Valle_Laranja,Frutal,FRU_L1,12,-0.0,false,lata
130,Del_Valle_Laranja,Frutal,FRU_L1,13,-0.0,false,lata
130,Del_Valle_Laranja,Frutal,FRU_L1,14,-0.0,false,lata
130,Del_Valle_Laranja,Frutal,FRU_L1,15,-0.0,false,lata
130,Del_Valle_Laranja,Frutal,FRU_L2,1,-0.0,false,lata
130,Del_Valle_Laranja,Frutal,FRU_L2,2,-999999.9908982,false,lata
130,Del_Valle_Laranja,Frutal,FRU_L2,3,-999999.9521945,false,lata
130,Del_Valle_Laranja,Frutal,FRU_L2,4,-0.0,false,lata
130,Del_Valle_Laranja,Frutal,FRU_L2,5,-0.0,false,lata
130,Del_Valle_Laranja,Frutal,FRU_L2,6,-0.0,false,lata
130,Del_Valle_Laranja,Frutal,FRU_L2,7,-0.0,false,lata
130,Del_Valle_Laranja,Frutal,FRU_L2,8,-0.0,false,lata
130,Del_Valle_Laranja,Frutal,FRU_L2,9,-0.0,false,lata
130,Del_Valle_Laranja,Frutal,FRU_L2,10,-0.0,false,lata
130,Del_Valle_Laranja,Frutal,FRU_L2,11,-0.0,false,lata
130,Del_Valle_Laranja,Frutal,FRU_L2,12,-0.0,false,lata
130,Del_Valle_Laranja,Frutal,FRU_L2,13,-0.0,false,lata
130,Del_Valle_Laranja,Frutal,FRU_L2,14,-0.0,false,lata
130,Del_Valle_Laranja,Frutal,FRU_L2,15,-0.0,false,lata
130,Del_Valle_Laranja,Frutal,FRU_L3,1,-0.0,false,lata
130,Del_Valle_Laranja,Frutal,FRU_L3,2,-0.0,false,lata
130,Del_Valle_Laranja,Frutal,FRU_L3,3,-0.0,false,lata
130,Del_Valle_Laranja,Frutal,FRU_L3,4,-999999.97936135,false,lata
130,Del_Valle_Laranja,Frutal,FRU_L3,5,-0.0,false,lata
130,Del_Valle_Laranja,Frutal,FRU_L3,6,-0.0,false,lata
130,Del_Valle_Laranja,Frutal,FRU_L3,7,-0.0,false,lata
130,Del_Valle_Laranja,Frutal,FRU_L3,8,-0.0,false,lata
130,Del_Valle_Laranja,Frutal,FRU_L3,9,-0.0,false,lata
130,Del_Valle_Laranja,Frutal,FRU_L3,10,-0.0,false,lata
130,Del_Valle_Laranja,Frutal,FRU_L3,11,-0.0,false,lata
130,Del_Valle_Laranja,Frutal,FRU_L3,12,-0.0,false,lata
130,Del_Valle_Laranja,Frutal,FRU_L3,13,-0.0,false,lata
130,Del_Valle_Laranja,Frutal,FRU_L3,14,-0.0,false,lata
130,Del_Valle_Laranja,Frutal,FRU_L3,15,-0.0,false,lata
130,Del_Valle_Laranja,Pouso Alegre,POU_L1,1,-0.0,false,lata
130,Del_Valle_Laranja,Pouso Alegre,POU_L1,2,-0.0,false,lata
130,Del_Valle_Laranja,Pouso Alegre,POU_L1,3,-0.0,false,lata
130,Del_Valle_Laranja,Pouso Alegre,POU_L1,4,-0.0,false,lata
130,Del_Valle_Laranja,Pouso Alegre,POU_L1,5,-0.0,false,lata
130,Del_Valle_Laranja,Pouso Alegre,POU_L1,6,-999999.9370238001,false,lata
130,Del_Valle_Laranja,Pouso Alegre,POU_L1,7,-999999.9218647,false,lata
130,Del_Valle_Laranja,Pouso Alegre,POU_L1,8,-0.0,false,lata
130,Del_Valle_Laranja,Pouso Alegre,POU_L1,9,-0.0,false,lata
130,Del_Valle_Laranja,Pouso Alegre,POU_L1,10,-999999.4449363501,false,lata
130,Del_Valle_Laranja,Pouso Alegre,POU_L1,11,-0.0,false,lata
130,Del_Valle_Laranja,Pouso Alegre,POU_L1,12,-0.0,false,lata
130,Del_Valle_Laranja,Pouso Alegre,POU_L1,13,-0.0,false,lata
130,Del_Valle_Laranja,Pouso Alegre,POU_L1,14,-0.0,false,lata
130,Del_Valle_Laranja,Pouso Alegre,POU_L1,15,-0.0,false,lata
130,Del_Valle_Laranja,Pouso Alegre,POU_L2,1,-0.0,false,lata
130,Del_Valle_Laranja,Pouso Alegre,POU_L2,2,-0.0,false,lata
130,Del_Valle_Laranja,Pouso Alegre,POU_L2,3,-0.0,false,lata
130,Del_Valle_Laranja,Pouso Alegre,POU_L2,4,-0.0,false,lata
130,Del_Valle_Laranja,Pouso Alegre,POU_L2,5,-0.0,false,lata
130,Del_Valle_Laranja,Pouso Alegre,POU_L2,6,-0.0,false,lata
130,Del_Valle_Laranja,Pouso Alegre,POU_L2,7,-0.0,false,lata
130,Del_Valle_Laranja,Pouso Alegre,POU_L2,8,-0.0,false,lata
130,Del_Valle_Laranja,Pouso Alegre,POU_L2,9,-0.0,false,lata
130,Del_Valle_Laranja,Pouso Alegre,POU_L2,10,-0.0,false,lata
130,Del_Valle_Laranja,Pouso Alegre,POU_L2,11,-0.0,false,lata
130,Del_Valle_Laranja,Pouso Alegre,POU_L2,12,-0.0,false,lata
130,Del_Valle_Laranja,Pouso Alegre,POU_L2,13,-0.0,false,lata
130,Del_Valle_Laranja,Pouso Alegre,POU_L2,14,-0.0,false,lata
130,Del_Valle_Laranja,Pouso Alegre,POU_L2,15,-0.0,false,lata
130,Del_Valle_Laranja,Pouso Alegre,POU_L3,1,-0.0,false,lata
130,Del_Valle_Laranja,Pouso Alegre,POU_L3,2,-0.0,false,lata
130,Del_Valle_Laranja,Pouso Alegre,POU_L3,3,-0.0,false,lata
130,Del_Valle_Laranja,Pouso Alegre,POU_L3,4,-0.0,false,lata
130,Del_Valle_Laranja,Pouso Alegre,POU_L3,5,-0.0,false,lata
130,Del_Valle_Laranja,Pouso Alegre,POU_L3,6,-0.0,false,lata
130,Del_Valle_Laranja,Pouso Alegre,POU_L3,7,-0.0,false,lata
130,Del_Valle_Laranja,Pouso Alegre,POU_L3,8,-0.0,false,lata
130,Del_Valle_Laranja,Pouso Alegre,POU_L3,9,-0.0,false,lata
130,Del_Valle_Laranja,Pouso Alegre,POU_L3,10,-0.0,false,lata
130,Del_Valle_Laranja,Pouso Alegre,POU_L3,11,-0.0,false,lata
130,Del_Valle_Laranja,Pouso Alegre,POU_L3,12,-999999.69062725,false,lata
130,Del_Valle_Laranja,Pouso Alegre,POU_L3,13,-0.0,false,lata
130,Del_Valle_Laranja,Pouso Alegre,POU_L3,14,-0.0,false,lata
130,Del_Valle_Laranja,Pouso Alegre,POU_L3,15,-0.0,false,lata
130,Del_Valle_Laranja,Gama,GAM_L1,1,-0.0,false,lata
130,Del_Valle_Laranja,Gama,GAM_L1,2,-0.0,false,lata
130,Del_Valle_Laranja,Gama,GAM_L1,3,-0.0,false,lata
130,Del_Valle_Laranja,Gama,GAM_L1,4,-0.0,false,lata
130,Del_Valle_Laranja,Gama,GAM_L1,5,-0.0,false,lata
130,Del_Valle_Laranja,Gama,GAM_L1,6,-0.0,false,lata
130,Del_Valle_Laranja,Gama,GAM_L1,7,-0.0,false,lata
130,Del_Valle_Laranja,Gama,GAM_L1,8,-0.0,false,lata
130,Del_Valle_Laranja,Gama,GAM_L1,9,-0.0,false,lata
130,Del_Valle_Laranja,Gama,GAM_L1,10,-0.0,false,lata
130,Del_Valle_Laranja,Gama,GAM_L1,11,-0.0,false,lata
130,Del_Valle_Laranja,Gama,GAM_L1,12,-0.0,false,lata
130,Del_Valle_Laranja,Gama,GAM_L1,13,-0.0,false,lata
130,Del_Valle_Laranja,Gama,GAM_L1,14,-0.0,false,lata
130,Del_Valle_Laranja,Gama,GAM_L1,15,-0.0,false,lata
130,Del_Valle_Laranja,Gama,GAM_L2,1,-0.0,false,lata
130,Del_Valle_Laranja,Gama,GAM_L2,2,-0.0,false,lata
130,Del_Valle_Laranja,Gama,GAM_L2,3,-0.0,false,lata
130,Del_Valle_Laranja,Gama,GAM_L2,4,-0.0,false,lata
130,Del_Valle_Laranja,Gama,GAM_L2,5,-0.0,false,lata
130,Del_Valle_Laranja,Gama,GAM_L2,6,-0.0,false,lata
130,Del_Valle_Laranja,Gama,GAM_L2,7,-0.0,false,lata
130,Del_Valle_Laranja,Gama,GAM_L2,8,-0.0,false,lata
130,Del_Valle_Laranja,Gama,GAM_L2,9,-0.0,false,lata
130,Del_Valle_Laranja,Gama,GAM_L2,10,-0.0,false,lata
130,Del_Valle_Laranja,Gama,GAM_L2,11,-0.0,false,lata
130,Del_Valle_Laranja,Gama,GAM_L2,12,-0.0,false,lata
130,Del_Valle_Laranja,Gama,GAM_L2,13,-0.0,false,lata
130,Del_Valle_Laranja,Gama,GAM_L2,14,-0.0,false,lata
130,Del_Valle_Laranja,Gama,GAM_L2,15,-999999.7052629997,false,lata
130,Del_Valle_Laranja,Gama,GAM_L3,1,-0.0,false,lata
130,Del_Valle_Laranja,Gama,GAM_L3,2,-1.0e6,true,lata
130,Del_Valle_Laranja,Gama,GAM_L3,3,-0.0,false,lata
130,Del_Valle_Laranja,Gama,GAM_L3,4,-0.0,false,lata
130,Del_Valle_Laranja,Gama,GAM_L3,5,-0.0,false,lata
130,Del_Valle_Laranja,Gama,GAM_L3,6,-0.0,false,lata
130,Del_Valle_Laranja,Gama,GAM_L3,7,-0.0,false,lata
130,Del_Valle_Laranja,Gama,GAM_L3,8,-0.0,false,lata
130,Del_Valle_Laranja,Gama,GAM_L3,9,-0.0,false,lata
130,Del_Valle_Laranja,Gama,GAM_L3,10,-999999.47016505,false,lata
130,Del_Valle_Laranja,Gama,GAM_L3,11,-0.0,false,lata
130,Del_Valle_Laranja,Gama,GAM_L3,12,-0.0,false,lata
130,Del_Valle_Laranja,Gama,GAM_L3,13,-0.0,false,lata
130,Del_Valle_Laranja,Gama,GAM_L3,14,-0.0,false,lata
130,Del_Valle_Laranja,Gama,GAM_L3,15,-0.0,false,lata
130,Del_Valle_Laranja,Viamao,VIA_L1,1,-0.0,false,lata
130,Del_Valle_Laranja,Viamao,VIA_L1,2,-0.0,false,lata
130,Del_Valle_Laranja,Viamao,VIA_L1,3,-0.0,false,lata
130,Del_Valle_Laranja,Viamao,VIA_L1,4,-0.0,false,lata
130,Del_Valle_Laranja,Viamao,VIA_L1,5,-0.0,false,lata
130,Del_Valle_Laranja,Viamao,VIA_L1,6,-0.0,false,lata
130,Del_Valle_Laranja,Viamao,VIA_L1,7,-0.0,false,lata
130,Del_Valle_Laranja,Viamao,VIA_L1,8,-0.0,false,lata
130,Del_Valle_Laranja,Viamao,VIA_L1,9,-0.0,false,lata
130,Del_Valle_Laranja,Viamao,VIA_L1,10,-0.0,false,lata
130,Del_Valle_Laranja,Viamao,VIA_L1,11,-999999.4778758999,false,lata
130,Del_Valle_Laranja,Viamao,VIA_L1,12,-0.0,false,lata
130,Del_Valle_Laranja,Viamao,VIA_L1,13,-999999.9844560501,false,lata
130,Del_Valle_Laranja,Viamao,VIA_L1,14,-0.0,false,lata
130,Del_Valle_Laranja,Viamao,VIA_L1,15,-0.0,false,lata
130,Del_Valle_Laranja,Viamao,VIA_L2,1,-999999.7611470498,false,lata
130,Del_Valle_Laranja,Viamao,VIA_L2,2,-0.0,false,lata
130,Del_Valle_Laranja,Viamao,VIA_L2,3,-0.0,false,lata
130,Del_Valle_Laranja,Viamao,VIA_L2,4,-0.0,false,lata
130,Del_Valle_Laranja,Viamao,VIA_L2,5,-0.0,false,lata
130,Del_Valle_Laranja,Viamao,VIA_L2,6,-0.0,false,lata
130,Del_Valle_Laranja,Viamao,VIA_L2,7,-999999.96011335,false,lata
130,Del_Valle_Laranja,Viamao,VIA_L2,8,-0.0,false,lata
130,Del_Valle_Laranja,Viamao,VIA_L2,9,-0.0,false,lata
130,Del_Valle_Laranja,Viamao,VIA_L2,10,-0.0,false,lata
130,Del_Valle_Laranja,Viamao,VIA_L2,11,-0.0,false,lata
130,Del_Valle_Laranja,Viamao,VIA_L2,12,-0.0,false,lata
130,Del_Valle_Laranja,Viamao,VIA_L2,13,-0.0,false,lata
130,Del_Valle_Laranja,Viamao,VIA_L2,14,-0.0,false,lata
130,Del_Valle_Laranja,Viamao,VIA_L2,15,-0.0,false,lata
130,Del_Valle_Laranja,Viamao,VIA_L3,1,-999999.7611470498,false,lata
130,Del_Valle_Laranja,Viamao,VIA_L3,2,-0.0,false,lata
130,Del_Valle_Laranja,Viamao,VIA_L3,3,-0.0,false,lata
130,Del_Valle_Laranja,Viamao,VIA_L3,4,-0.0,false,lata
130,Del_Valle_Laranja,Viamao,VIA_L3,5,-0.0,false,lata
130,Del_Valle_Laranja,Viamao,VIA_L3,6,-0.0,false,lata
130,Del_Valle_Laranja,Viamao,VIA_L3,7,-0.0,false,lata
130,Del_Valle_Laranja,Viamao,VIA_L3,8,-0.0,false,lata
130,Del_Valle_Laranja,Viamao,VIA_L3,9,-0.0,false,lata
130,Del_Valle_Laranja,Viamao,VIA_L3,10,-0.0,false,lata
130,Del_Valle_Laranja,Viamao,VIA_L3,11,-0.0,false,lata
130,Del_Valle_Laranja,Viamao,VIA_L3,12,-999999.6895862999,false,lata
130,Del_Valle_Laranja,Viamao,VIA_L3,13,-0.0,false,lata
130,Del_Valle_Laranja,Viamao,VIA_L3,14,-0.0,false,lata
130,Del_Valle_Laranja,Viamao,VIA_L3,15,-0.0,false,lata
130,Del_Valle_Laranja,Itupeva,ITU_L1,1,-0.0,false,lata
130,Del_Valle_Laranja,Itupeva,ITU_L1,2,-999999.98037805,false,lata
130,Del_Valle_Laranja,Itupeva,ITU_L1,3,-0.0,false,lata
130,Del_Valle_Laranja,Itupeva,ITU_L1,4,-0.0,false,lata
130,Del_Valle_Laranja,Itupeva,ITU_L1,5,-0.0,false,lata
130,Del_Valle_Laranja,Itupeva,ITU_L1,6,-0.0,false,lata
130,Del_Valle_Laranja,Itupeva,ITU_L1,7,-0.0,false,lata
130,Del_Valle_Laranja,Itupeva,ITU_L1,8,-0.0,false,lata
130,Del_Valle_Laranja,Itupeva,ITU_L1,9,-0.0,false,lata
130,Del_Valle_Laranja,Itupeva,ITU_L1,10,-0.0,false,lata
130,Del_Valle_Laranja,Itupeva,ITU_L1,11,-0.0,false,lata
130,Del_Valle_Laranja,Itupeva,ITU_L1,12,-0.0,false,lata
130,Del_Valle_Laranja,Itupeva,ITU_L1,13,-999999.9475781501,false,lata
130,Del_Valle_Laranja,Itupeva,ITU_L1,14,-0.0,false,lata
130,Del_Valle_Laranja,Itupeva,ITU_L1,15,-0.0,false,lata
130,Del_Valle_Laranja,Itupeva,ITU_L2,1,-0.0,false,lata
130,Del_Valle_Laranja,Itupeva,ITU_L2,2,-0.0,false,lata
130,Del_Valle_Laranja,Itupeva,ITU_L2,3,-0.0,false,lata
130,Del_Valle_Laranja,Itupeva,ITU_L2,4,-0.0,false,lata
130,Del_Valle_Laranja,Itupeva,ITU_L2,5,-0.0,false,lata
130,Del_Valle_Laranja,Itupeva,ITU_L2,6,-0.0,false,lata
130,Del_Valle_Laranja,Itupeva,ITU_L2,7,-0.0,false,lata
130,Del_Valle_Laranja,Itupeva,ITU_L2,8,-0.0,false,lata
130,Del_Valle_Laranja,Itupeva,ITU_L2,9,-0.0,false,lata
130,Del_Valle_Laranja,Itupeva,ITU_L2,10,-0.0,false,lata
130,Del_Valle_Laranja,Itupeva,ITU_L2,11,-0.0,false,lata
130,Del_Valle_Laranja,Itupeva,ITU_L2,12,-0.0,false,lata
130,Del_Valle_Laranja,Itupeva,ITU_L2,13,-0.0,false,lata
130,Del_Valle_Laranja,Itupeva,ITU_L2,14,-0.0,false,lata
130,Del_Valle_Laranja,Itupeva,ITU_L2,15,-0.0,false,lata
130,Del_Valle_Laranja,Itupeva,ITU_L3,1,-0.0,false,lata
130,Del_Valle_Laranja,Itupeva,ITU_L3,2,-0.0,false,lata
130,Del_Valle_Laranja,Itupeva,ITU_L3,3,-0.0,false,lata
130,Del_Valle_Laranja,Itupeva,ITU_L3,4,-0.0,false,lata
130,Del_Valle_Laranja,Itupeva,ITU_L3,5,-0.0,false,lata
130,Del_Valle_Laranja,Itupeva,ITU_L3,6,-0.0,false,lata
130,Del_Valle_Laranja,Itupeva,ITU_L3,7,-0.0,false,lata
130,Del_Valle_Laranja,Itupeva,ITU_L3,8,-0.0,false,lata
130,Del_Valle_Laranja,Itupeva,ITU_L3,9,-0.0,false,lata
130,Del_Valle_Laranja,Itupeva,ITU_L3,10,-0.0,false,lata
130,Del_Valle_Laranja,Itupeva,ITU_L3,11,-0.0,false,lata
130,Del_Valle_Laranja,Itupeva,ITU_L3,12,-0.0,false,lata
130,Del_Valle_Laranja,Itupeva,ITU_L3,13,-0.0,false,lata
130,Del_Valle_Laranja,Itupeva,ITU_L3,14,-0.0,false,lata
130,Del_Valle_Laranja,Itupeva,ITU_L3,15,-0.0,false,lata
130,Del_Valle_Laranja,Cabo de Santo Agostinho,CAB_L1,1,-0.0,false,lata
130,Del_Valle_Laranja,Cabo de Santo Agostinho,CAB_L1,2,-0.0,false,lata
130,Del_Valle_Laranja,Cabo de Santo Agostinho,CAB_L1,3,-1.0e6,true,lata
130,Del_Valle_Laranja,Cabo de Santo Agostinho,CAB_L1,4,-0.0,false,lata
130,Del_Valle_Laranja,Cabo de Santo Agostinho,CAB_L1,5,-0.0,false,lata
130,Del_Valle_Laranja,Cabo de Santo Agostinho,CAB_L1,6,-1.0e6,true,lata
130,Del_Valle_Laranja,Cabo de Santo Agostinho,CAB_L1,7,-0.0,false,lata
130,Del_Valle_Laranja,Cabo de Santo Agostinho,CAB_L1,8,-0.0,false,lata
130,Del_Valle_Laranja,Cabo de Santo Agostinho,CAB_L1,9,-0.0,false,lata
130,Del_Valle_Laranja,Cabo de Santo Agostinho,CAB_L1,10,-0.0,false,lata
130,Del_Valle_Laranja,Cabo de Santo Agostinho,CAB_L1,11,-0.0,false,lata
130,Del_Valle_Laranja,Cabo de Santo Agostinho,CAB_L1,12,-0.0,false,lata
130,Del_Valle_Laranja,Cabo de Santo Agostinho,CAB_L1,13,-0.0,false,lata
130,Del_Valle_Laranja,Cabo de Santo Agostinho,CAB_L1,14,-0.0,false,lata
130,Del_Valle_Laranja,Cabo de Santo Agostinho,CAB_L1,15,-0.0,false,lata
130,Del_Valle_Laranja,Cabo de Santo Agostinho,CAB_L2,1,-0.0,false,lata
130,Del_Valle_Laranja,Cabo de Santo Agostinho,CAB_L2,2,-0.0,false,lata
130,Del_Valle_Laranja,Cabo de Santo Agostinho,CAB_L2,3,-0.0,false,lata
130,Del_Valle_Laranja,Cabo de Santo Agostinho,CAB_L2,4,-0.0,false,lata
130,Del_Valle_Laranja,Cabo de Santo Agostinho,CAB_L2,5,-0.0,false,lata
130,Del_Valle_Laranja,Cabo de Santo Agostinho,CAB_L2,6,-0.0,false,lata
130,Del_Valle_Laranja,Cabo de Santo Agostinho,CAB_L2,7,-0.0,false,lata
130,Del_Valle_Laranja,Cabo de Santo Agostinho,CAB_L2,8,-0.0,false,lata
130,Del_Valle_Laranja,Cabo de Santo Agostinho,CAB_L2,9,-0.0,false,lata
130,Del_Valle_Laranja,Cabo de Santo Agostinho,CAB_L2,10,-0.0,false,lata
130,Del_Valle_Laranja,Cabo de Santo Agostinho,CAB_L2,11,-0.0,false,lata
130,Del_Valle_Laranja,Cabo de Santo Agostinho,CAB_L2,12,-0.0,false,lata
130,Del_Valle_Laranja,Cabo de Santo Agostinho,CAB_L2,13,-0.0,false,lata
130,Del_Valle_Laranja,Cabo de Santo Agostinho,CAB_L2,14,-0.0,false,lata
130,Del_Valle_Laranja,Cabo de Santo Agostinho,CAB_L2,15,-0.0,false,lata
130,Del_Valle_Laranja,Cabo de Santo Agostinho,CAB_L3,1,-0.0,false,lata
130,Del_Valle_Laranja,Cabo de Santo Agostinho,CAB_L3,2,-0.0,false,lata
130,Del_Valle_Laranja,Cabo de Santo Agostinho,CAB_L3,3,-0.0,false,lata
130,Del_Valle_Laranja,Cabo de Santo Agostinho,CAB_L3,4,-0.0,false,lata
130,Del_Valle_Laranja,Cabo de Santo Agostinho,CAB_L3,5,-0.0,false,lata
130,Del_Valle_Laranja,Cabo de Santo Agostinho,CAB_L3,6,-0.0,false,lata
130,Del_Valle_Laranja,Cabo de Santo Agostinho,CAB_L3,7,-0.0,false,lata
130,Del_Valle_Laranja,Cabo de Santo Agostinho,CAB_L3,8,-0.0,false,lata
130,Del_Valle_Laranja,Cabo de Santo Agostinho,CAB_L3,9,-0.0,false,lata
130,Del_Valle_Laranja,Cabo de Santo Agostinho,CAB_L3,10,-0.0,false,lata
130,Del_Valle_Laranja,Cabo de Santo Agostinho,CAB_L3,11,-0.0,false,lata
130,Del_Valle_Laranja,Cabo de Santo Agostinho,CAB_L3,12,-0.0,false,lata
130,Del_Valle_Laranja,Cabo de Santo Agostinho,CAB_L3,13,-0.0,false,lata
130,Del_Valle_Laranja,Cabo de Santo Agostinho,CAB_L3,14,-0.0,false,lata
130,Del_Valle_Laranja,Cabo de Santo Agostinho,CAB_L3,15,-0.0,false,lata
130,Guarana_Antarctica_Zero,Jacarei,JAC_L1,1,-0.0,false,lata
130,Guarana_Antarctica_Zero,Jacarei,JAC_L1,2,-0.0,false,lata
130,Guarana_Antarctica_Zero,Jacarei,JAC_L1,3,-0.0,false,lata
130,Guarana_Antarctica_Zero,Jacarei,JAC_L1,4,-0.0,false,lata
130,Guarana_Antarctica_Zero,Jacarei,JAC_L1,5,-0.0,false,lata
130,Guarana_Antarctica_Zero,Jacarei,JAC_L1,6,-0.0,false,lata
130,Guarana_Antarctica_Zero,Jacarei,JAC_L1,7,-0.0,false,lata
130,Guarana_Antarctica_Zero,Jacarei,JAC_L1,8,-0.0,false,lata
130,Guarana_Antarctica_Zero,Jacarei,JAC_L1,9,-0.0,false,lata
130,Guarana_Antarctica_Zero,Jacarei,JAC_L1,10,-0.0,false,lata
130,Guarana_Antarctica_Zero,Jacarei,JAC_L1,11,-0.0,false,lata
130,Guarana_Antarctica_Zero,Jacarei,JAC_L1,12,-0.0,false,lata
130,Guarana_Antarctica_Zero,Jacarei,JAC_L1,13,-1.0e6,false,lata
130,Guarana_Antarctica_Zero,Jacarei,JAC_L1,14,-0.0,false,lata
130,Guarana_Antarctica_Zero,Jacarei,JAC_L1,15,-0.0,false,lata
130,Guarana_Antarctica_Zero,Jacarei,JAC_L2,1,-0.0,false,lata
130,Guarana_Antarctica_Zero,Jacarei,JAC_L2,2,-0.0,false,lata
130,Guarana_Antarctica_Zero,Jacarei,JAC_L2,3,-0.0,false,lata
130,Guarana_Antarctica_Zero,Jacarei,JAC_L2,4,-0.0,false,lata
130,Guarana_Antarctica_Zero,Jacarei,JAC_L2,5,-0.0,false,lata
130,Guarana_Antarctica_Zero,Jacarei,JAC_L2,6,-0.0,false,lata
130,Guarana_Antarctica_Zero,Jacarei,JAC_L2,7,-0.0,false,lata
130,Guarana_Antarctica_Zero,Jacarei,JAC_L2,8,-0.0,false,lata
130,Guarana_Antarctica_Zero,Jacarei,JAC_L2,9,-0.0,false,lata
130,Guarana_Antarctica_Zero,Jacarei,JAC_L2,10,-0.0,false,lata
130,Guarana_Antarctica_Zero,Jacarei,JAC_L2,11,-0.0,false,lata
130,Guarana_Antarctica_Zero,Jacarei,JAC_L2,12,-0.0,false,lata
130,Guarana_Antarctica_Zero,Jacarei,JAC_L2,13,-1.0e6,true,lata
130,Guarana_Antarctica_Zero,Jacarei,JAC_L2,14,-0.0,false,lata
130,Guarana_Antarctica_Zero,Jacarei,JAC_L2,15,-0.0,false,lata
130,Guarana_Antarctica_Zero,Jacarei,JAC_L3,1,-0.0,false,lata
130,Guarana_Antarctica_Zero,Jacarei,JAC_L3,2,-0.0,false,lata
130,Guarana_Antarctica_Zero,Jacarei,JAC_L3,3,-0.0,false,lata
130,Guarana_Antarctica_Zero,Jacarei,JAC_L3,4,-0.0,false,lata
130,Guarana_Antarctica_Zero,Jacarei,JAC_L3,5,-0.0,false,lata
130,Guarana_Antarctica_Zero,Jacarei,JAC_L3,6,-0.0,false,lata
130,Guarana_Antarctica_Zero,Jacarei,JAC_L3,7,-0.0,false,lata
130,Guarana_Antarctica_Zero,Jacarei,JAC_L3,8,-0.0,false,lata
130,Guarana_Antarctica_Zero,Jacarei,JAC_L3,9,-1.0e6,true,lata
130,Guarana_Antarctica_Zero,Jacarei,JAC_L3,10,-999999.71620835,false,lata
130,Guarana_Antarctica_Zero,Jacarei,JAC_L3,11,-0.0,false,lata
130,Guarana_Antarctica_Zero,Jacarei,JAC_L3,12,-0.0,false,lata
130,Guarana_Antarctica_Zero,Jacarei,JAC_L3,13,-0.0,false,lata
130,Guarana_Antarctica_Zero,Jacarei,JAC_L3,14,-0.0,false,lata
130,Guarana_Antarctica_Zero,Jacarei,JAC_L3,15,-0.0,false,lata
130,Guarana_Antarctica_Zero,Extrema,EXT_L1,1,-0.0,false,lata
130,Guarana_Antarctica_Zero,Extrema,EXT_L1,2,-0.0,false,lata
130,Guarana_Antarctica_Zero,Extrema,EXT_L1,3,-0.0,false,lata
130,Guarana_Antarctica_Zero,Extrema,EXT_L1,4,-0.0,false,lata
130,Guarana_Antarctica_Zero,Extrema,EXT_L1,5,-0.0,false,lata
130,Guarana_Antarctica_Zero,Extrema,EXT_L1,6,-0.0,false,lata
130,Guarana_Antarctica_Zero,Extrema,EXT_L1,7,-0.0,false,lata
130,Guarana_Antarctica_Zero,Extrema,EXT_L1,8,-999999.8596137998,false,lata
130,Guarana_Antarctica_Zero,Extrema,EXT_L1,9,-0.0,false,lata
130,Guarana_Antarctica_Zero,Extrema,EXT_L1,10,-0.0,false,lata
130,Guarana_Antarctica_Zero,Extrema,EXT_L1,11,-0.0,false,lata
130,Guarana_Antarctica_Zero,Extrema,EXT_L1,12,-0.0,false,lata
130,Guarana_Antarctica_Zero,Extrema,EXT_L1,13,-0.0,false,lata
130,Guarana_Antarctica_Zero,Extrema,EXT_L1,14,-0.0,false,lata
130,Guarana_Antarctica_Zero,Extrema,EXT_L1,15,-0.0,false,lata
130,Guarana_Antarctica_Zero,Extrema,EXT_L2,1,-0.0,false,lata
130,Guarana_Antarctica_Zero,Extrema,EXT_L2,2,-0.0,false,lata
130,Guarana_Antarctica_Zero,Extrema,EXT_L2,3,-0.0,false,lata
130,Guarana_Antarctica_Zero,Extrema,EXT_L2,4,-0.0,false,lata
130,Guarana_Antarctica_Zero,Extrema,EXT_L2,5,-0.0,false,lata
130,Guarana_Antarctica_Zero,Extrema,EXT_L2,6,-0.0,false,lata
130,Guarana_Antarctica_Zero,Extrema,EXT_L2,7,-0.0,false,lata
130,Guarana_Antarctica_Zero,Extrema,EXT_L2,8,-0.0,false,lata
130,Guarana_Antarctica_Zero,Extrema,EXT_L2,9,-0.0,false,lata
130,Guarana_Antarctica_Zero,Extrema,EXT_L2,10,-0.0,false,lata
130,Guarana_Antarctica_Zero,Extrema,EXT_L2,11,-0.0,false,lata
130,Guarana_Antarctica_Zero,Extrema,EXT_L2,12,-0.0,false,lata
130,Guarana_Antarctica_Zero,Extrema,EXT_L2,13,-0.0,false,lata
130,Guarana_Antarctica_Zero,Extrema,EXT_L2,14,-0.0,false,lata
130,Guarana_Antarctica_Zero,Extrema,EXT_L2,15,-999998.8964102499,false,lata
130,Guarana_Antarctica_Zero,Extrema,EXT_L3,1,-0.0,false,lata
130,Guarana_Antarctica_Zero,Extrema,EXT_L3,2,-0.0,false,lata
130,Guarana_Antarctica_Zero,Extrema,EXT_L3,3,-0.0,false,lata
130,Guarana_Antarctica_Zero,Extrema,EXT_L3,4,-0.0,false,lata
130,Guarana_Antarctica_Zero,Extrema,EXT_L3,5,-0.0,false,lata
130,Guarana_Antarctica_Zero,Extrema,EXT_L3,6,-0.0,false,lata
130,Guarana_Antarctica_Zero,Extrema,EXT_L3,7,-0.0,false,lata
130,Guarana_Antarctica_Zero,Extrema,EXT_L3,8,-0.0,false,lata
130,Guarana_Antarctica_Zero,Extrema,EXT_L3,9,-0.0,false,lata
130,Guarana_Antarctica_Zero,Extrema,EXT_L3,10,-0.0,false,lata
130,Guarana_Antarctica_Zero,Extrema,EXT_L3,11,-0.0,false,lata
130,Guarana_Antarctica_Zero,Extrema,EXT_L3,12,-0.0,false,lata
130,Guarana_Antarctica_Zero,Extrema,EXT_L3,13,-0.0,false,lata
130,Guarana_Antarctica_Zero,Extrema,EXT_L3,14,-0.0,false,lata
130,Guarana_Antarctica_Zero,Extrema,EXT_L3,15,-0.0,false,lata
130,Guarana_Antarctica_Zero,Tres Rios,TRE_L1,1,-0.0,false,lata
130,Guarana_Antarctica_Zero,Tres Rios,TRE_L1,2,-0.0,false,lata
130,Guarana_Antarctica_Zero,Tres Rios,TRE_L1,3,-0.0,false,lata
130,Guarana_Antarctica_Zero,Tres Rios,TRE_L1,4,-0.0,false,lata
130,Guarana_Antarctica_Zero,Tres Rios,TRE_L1,5,-0.0,false,lata
130,Guarana_Antarctica_Zero,Tres Rios,TRE_L1,6,-0.0,false,lata
130,Guarana_Antarctica_Zero,Tres Rios,TRE_L1,7,-0.0,false,lata
130,Guarana_Antarctica_Zero,Tres Rios,TRE_L1,8,-0.0,false,lata
130,Guarana_Antarctica_Zero,Tres Rios,TRE_L1,9,-0.0,false,lata
130,Guarana_Antarctica_Zero,Tres Rios,TRE_L1,10,-999999.7241161499,false,lata
130,Guarana_Antarctica_Zero,Tres Rios,TRE_L1,11,-0.0,false,lata
130,Guarana_Antarctica_Zero,Tres Rios,TRE_L1,12,-0.0,false,lata
130,Guarana_Antarctica_Zero,Tres Rios,TRE_L1,13,-0.0,false,lata
130,Guarana_Antarctica_Zero,Tres Rios,TRE_L1,14,-0.0,false,lata
130,Guarana_Antarctica_Zero,Tres Rios,TRE_L1,15,-0.0,false,lata
130,Guarana_Antarctica_Zero,Tres Rios,TRE_L2,1,-0.0,false,lata
130,Guarana_Antarctica_Zero,Tres Rios,TRE_L2,2,-0.0,false,lata
130,Guarana_Antarctica_Zero,Tres Rios,TRE_L2,3,-0.0,false,lata
130,Guarana_Antarctica_Zero,Tres Rios,TRE_L2,4,-0.0,false,lata
130,Guarana_Antarctica_Zero,Tres Rios,TRE_L2,5,-0.0,false,lata
130,Guarana_Antarctica_Zero,Tres Rios,TRE_L2,6,-0.0,false,lata
130,Guarana_Antarctica_Zero,Tres Rios,TRE_L2,7,-999999.5876927999,false,lata
130,Guarana_Antarctica_Zero,Tres Rios,TRE_L2,8,-0.0,false,lata
130,Guarana_Antarctica_Zero,Tres Rios,TRE_L2,9,-0.0,false,lata
130,Guarana_Antarctica_Zero,Tres Rios,TRE_L2,10,-0.0,false,lata
130,Guarana_Antarctica_Zero,Tres Rios,TRE_L2,11,-0.0,false,lata
130,Guarana_Antarctica_Zero,Tres Rios,TRE_L2,12,-0.0,false,lata
130,Guarana_Antarctica_Zero,Tres Rios,TRE_L2,13,-0.0,false,lata
130,Guarana_Antarctica_Zero,Tres Rios,TRE_L2,14,-0.0,false,lata
130,Guarana_Antarctica_Zero,Tres Rios,TRE_L2,15,-0.0,false,lata
130,Guarana_Antarctica_Zero,Tres Rios,TRE_L3,1,-999999.97755725,false,lata
130,Guarana_Antarctica_Zero,Tres Rios,TRE_L3,2,-0.0,false,lata
130,Guarana_Antarctica_Zero,Tres Rios,TRE_L3,3,-0.0,false,lata
130,Guarana_Antarctica_Zero,Tres Rios,TRE_L3,4,-0.0,false,lata
130,Guarana_Antarctica_Zero,Tres Rios,TRE_L3,5,-0.0,false,lata
130,Guarana_Antarctica_Zero,Tres Rios,TRE_L3,6,-999999.2986074499,false,lata
130,Guarana_Antarctica_Zero,Tres Rios,TRE_L3,7,-0.0,false,lata
130,Guarana_Antarctica_Zero,Tres Rios,TRE_L3,8,-0.0,false,lata
130,Guarana_Antarctica_Zero,Tres Rios,TRE_L3,9,-0.0,false,lata
130,Guarana_Antarctica_Zero,Tres Rios,TRE_L3,10,-0.0,false,lata
130,Guarana_Antarctica_Zero,Tres Rios,TRE_L3,11,-0.0,false,lata
130,Guarana_Antarctica_Zero,Tres Rios,TRE_L3,12,-0.0,false,lata
130,Guarana_Antarctica_Zero,Tres Rios,TRE_L3,13,-0.0,false,lata
130,Guarana_Antarctica_Zero,Tres Rios,TRE_L3,14,-0.0,false,lata
130,Guarana_Antarctica_Zero,Tres Rios,TRE_L3,15,-0.0,false,lata
130,Guarana_Antarctica_Zero,Alagoinhas,ALA_L1,1,-0.0,false,lata
130,Guarana_Antarctica_Zero,Alagoinhas,ALA_L1,2,-0.0,false,lata
130,Guarana_Antarctica_Zero,Alagoinhas,ALA_L1,3,-0.0,false,lata
130,Guarana_Antarctica_Zero,Alagoinhas,ALA_L1,4,-0.0,false,lata
130,Guarana_Antarctica_Zero,Alagoinhas,ALA_L1,5,-0.0,false,lata
130,Guarana_Antarctica_Zero,Alagoinhas,ALA_L1,6,-0.0,false,lata
130,Guarana_Antarctica_Zero,Alagoinhas,ALA_L1,7,-0.0,false,lata
130,Guarana_Antarctica_Zero,Alagoinhas,ALA_L1,8,-0.0,false,lata
130,Guarana_Antarctica_Zero,Alagoinhas,ALA_L1,9,-0.0,false,lata
130,Guarana_Antarctica_Zero,Alagoinhas,ALA_L1,10,-0.0,false,lata
130,Guarana_Antarctica_Zero,Alagoinhas,ALA_L1,11,-0.0,false,lata
130,Guarana_Antarctica_Zero,Alagoinhas,ALA_L1,12,-0.0,false,lata
130,Guarana_Antarctica_Zero,Alagoinhas,ALA_L1,13,-0.0,false,lata
130,Guarana_Antarctica_Zero,Alagoinhas,ALA_L1,14,-0.0,false,lata
130,Guarana_Antarctica_Zero,Alagoinhas,ALA_L1,15,-0.0,false,lata
130,Guarana_Antarctica_Zero,Alagoinhas,ALA_L2,1,-0.0,false,lata
130,Guarana_Antarctica_Zero,Alagoinhas,ALA_L2,2,-0.0,false,lata
130,Guarana_Antarctica_Zero,Alagoinhas,ALA_L2,3,-0.0,false,lata
130,Guarana_Antarctica_Zero,Alagoinhas,ALA_L2,4,-1.0e6,true,lata
130,Guarana_Antarctica_Zero,Alagoinhas,ALA_L2,5,-0.0,false,lata
130,Guarana_Antarctica_Zero,Alagoinhas,ALA_L2,6,-0.0,false,lata
130,Guarana_Antarctica_Zero,Alagoinhas,ALA_L2,7,-0.0,false,lata
130,Guarana_Antarctica_Zero,Alagoinhas,ALA_L2,8,-0.0,false,lata
130,Guarana_Antarctica_Zero,Alagoinhas,ALA_L2,9,-0.0,false,lata
130,Guarana_Antarctica_Zero,Alagoinhas,ALA_L2,10,-0.0,false,lata
130,Guarana_Antarctica_Zero,Alagoinhas,ALA_L2,11,-0.0,false,lata
130,Guarana_Antarctica_Zero,Alagoinhas,ALA_L2,12,-0.0,false,lata
130,Guarana_Antarctica_Zero,Alagoinhas,ALA_L2,13,-0.0,false,lata
130,Guarana_Antarctica_Zero,Alagoinhas,ALA_L2,14,-0.0,false,lata
130,Guarana_Antarctica_Zero,Alagoinhas,ALA_L2,15,-0.0,false,lata
130,Guarana_Antarctica_Zero,Alagoinhas,ALA_L3,1,-0.0,false,lata
130,Guarana_Antarctica_Zero,Alagoinhas,ALA_L3,2,-0.0,false,lata
130,Guarana_Antarctica_Zero,Alagoinhas,ALA_L3,3,-999999.7598923001,false,lata
130,Guarana_Antarctica_Zero,Alagoinhas,ALA_L3,4,-0.0,false,lata
130,Guarana_Antarctica_Zero,Alagoinhas,ALA_L3,5,-0.0,false,lata
130,Guarana_Antarctica_Zero,Alagoinhas,ALA_L3,6,-0.0,false,lata
130,Guarana_Antarctica_Zero,Alagoinhas,ALA_L3,7,-0.0,false,lata
130,Guarana_Antarctica_Zero,Alagoinhas,ALA_L3,8,-0.0,false,lata
130,Guarana_Antarctica_Zero,Alagoinhas,ALA_L3,9,-0.0,false,lata
130,Guarana_Antarctica_Zero,Alagoinhas,ALA_L3,10,-0.0,false,lata
130,Guarana_Antarctica_Zero,Alagoinhas,ALA_L3,11,-0.0,false,lata
130,Guarana_Antarctica_Zero,Alagoinhas,ALA_L3,12,-0.0,false,lata
130,Guarana_Antarctica_Zero,Alagoinhas,ALA_L3,13,-0.0,false,lata
130,Guarana_Antarctica_Zero,Alagoinhas,ALA_L3,14,-0.0,false,lata
130,Guarana_Antarctica_Zero,Alagoinhas,ALA_L3,15,-0.0,false,lata
130,Guarana_Antarctica_Zero,Frutal,FRU_L1,1,-999999.9827517,false,lata
130,Guarana_Antarctica_Zero,Frutal,FRU_L1,2,-0.0,false,lata
130,Guarana_Antarctica_Zero,Frutal,FRU_L1,3,-0.0,false,lata
130,Guarana_Antarctica_Zero,Frutal,FRU_L1,4,-0.0,false,lata
130,Guarana_Antarctica_Zero,Frutal,FRU_L1,5,-0.0,false,lata
130,Guarana_Antarctica_Zero,Frutal,FRU_L1,6,-0.0,false,lata
130,Guarana_Antarctica_Zero,Frutal,FRU_L1,7,-0.0,false,lata
130,Guarana_Antarctica_Zero,Frutal,FRU_L1,8,-0.0,false,lata
130,Guarana_Antarctica_Zero,Frutal,FRU_L1,9,-0.0,false,lata
130,Guarana_Antarctica_Zero,Frutal,FRU_L1,10,-0.0,false,lata
130,Guarana_Antarctica_Zero,Frutal,FRU_L1,11,-0.0,false,lata
130,Guarana_Antarctica_Zero,Frutal,FRU_L1,12,-0.0,false,lata
130,Guarana_Antarctica_Zero,Frutal,FRU_L1,13,-0.0,false,lata
130,Guarana_Antarctica_Zero,Frutal,FRU_L1,14,-999999.6680603499,false,lata
130,Guarana_Antarctica_Zero,Frutal,FRU_L1,15,-0.0,false,lata
130,Guarana_Antarctica_Zero,Frutal,FRU_L2,1,-0.0,false,lata
130,Guarana_Antarctica_Zero,Frutal,FRU_L2,2,-0.0,false,lata
130,Guarana_Antarctica_Zero,Frutal,FRU_L2,3,-0.0,false,lata
130,Guarana_Antarctica_Zero,Frutal,FRU_L2,4,-0.0,false,lata
130,Guarana_Antarctica_Zero,Frutal,FRU_L2,5,-0.0,false,lata
130,Guarana_Antarctica_Zero,Frutal,FRU_L2,6,-0.0,false,lata
130,Guarana_Antarctica_Zero,Frutal,FRU_L2,7,-0.0,false,lata
130,Guarana_Antarctica_Zero,Frutal,FRU_L2,8,-0.0,false,lata
130,Guarana_Antarctica_Zero,Frutal,FRU_L2,9,-1.0e6,true,lata
130,Guarana_Antarctica_Zero,Frutal,FRU_L2,10,-0.0,false,lata
130,Guarana_Antarctica_Zero,Frutal,FRU_L2,11,-0.0,false,lata
130,Guarana_Antarctica_Zero,Frutal,FRU_L2,12,-0.0,false,lata
130,Guarana_Antarctica_Zero,Frutal,FRU_L2,13,-0.0,false,lata
130,Guarana_Antarctica_Zero,Frutal,FRU_L2,14,-0.0,false,lata
130,Guarana_Antarctica_Zero,Frutal,FRU_L2,15,-0.0,false,lata
130,Guarana_Antarctica_Zero,Frutal,FRU_L3,1,-0.0,false,lata
130,Guarana_Antarctica_Zero,Frutal,FRU_L3,2,-0.0,false,lata
130,Guarana_Antarctica_Zero,Frutal,FRU_L3,3,-0.0,false,lata
130,Guarana_Antarctica_Zero,Frutal,FRU_L3,4,-0.0,false,lata
130,Guarana_Antarctica_Zero,Frutal,FRU_L3,5,-0.0,false,lata
130,Guarana_Antarctica_Zero,Frutal,FRU_L3,6,-0.0,false,lata
130,Guarana_Antarctica_Zero,Frutal,FRU_L3,7,-0.0,false,lata
130,Guarana_Antarctica_Zero,Frutal,FRU_L3,8,-0.0,false,lata
130,Guarana_Antarctica_Zero,Frutal,FRU_L3,9,-0.0,false,lata
130,Guarana_Antarctica_Zero,Frutal,FRU_L3,10,-0.0,false,lata
130,Guarana_Antarctica_Zero,Frutal,FRU_L3,11,-0.0,false,lata
130,Guarana_Antarctica_Zero,Frutal,FRU_L3,12,-0.0,false,lata
130,Guarana_Antarctica_Zero,Frutal,FRU_L3,13,-0.0,false,lata
130,Guarana_Antarctica_Zero,Frutal,FRU_L3,14,-999999.6680603499,false,lata
130,Guarana_Antarctica_Zero,Frutal,FRU_L3,15,-0.0,false,lata
130,Guarana_Antarctica_Zero,Pouso Alegre,POU_L1,1,-0.0,false,lata
130,Guarana_Antarctica_Zero,Pouso Alegre,POU_L1,2,-0.0,false,lata
130,Guarana_Antarctica_Zero,Pouso Alegre,POU_L1,3,-0.0,false,lata
130,Guarana_Antarctica_Zero,Pouso Alegre,POU_L1,4,-0.0,false,lata
130,Guarana_Antarctica_Zero,Pouso Alegre,POU_L1,5,-0.0,false,lata
130,Guarana_Antarctica_Zero,Pouso Alegre,POU_L1,6,-0.0,false,lata
130,Guarana_Antarctica_Zero,Pouso Alegre,POU_L1,7,-0.0,false,lata
130,Guarana_Antarctica_Zero,Pouso Alegre,POU_L1,8,-0.0,false,lata
130,Guarana_Antarctica_Zero,Pouso Alegre,POU_L1,9,-0.0,false,lata
130,Guarana_Antarctica_Zero,Pouso Alegre,POU_L1,10,-0.0,false,lata
130,Guarana_Antarctica_Zero,Pouso Alegre,POU_L1,11,-0.0,false,lata
130,Guarana_Antarctica_Zero,Pouso Alegre,POU_L1,12,-0.0,false,lata
130,Guarana_Antarctica_Zero,Pouso Alegre,POU_L1,13,-0.0,false,lata
130,Guarana_Antarctica_Zero,Pouso Alegre,POU_L1,14,-0.0,false,lata
130,Guarana_Antarctica_Zero,Pouso Alegre,POU_L1,15,-0.0,false,lata
130,Guarana_Antarctica_Zero,Pouso Alegre,POU_L2,1,-0.0,false,lata
130,Guarana_Antarctica_Zero,Pouso Alegre,POU_L2,2,-0.0,false,lata
130,Guarana_Antarctica_Zero,Pouso Alegre,POU_L2,3,-0.0,false,lata
130,Guarana_Antarctica_Zero,Pouso Alegre,POU_L2,4,-0.0,false,lata
130,Guarana_Antarctica_Zero,Pouso Alegre,POU_L2,5,-0.0,false,lata
130,Guarana_Antarctica_Zero,Pouso Alegre,POU_L2,6,-0.0,false,lata
130,Guarana_Antarctica_Zero,Pouso Alegre,POU_L2,7,-0.0,false,lata
130,Guarana_Antarctica_Zero,Pouso Alegre,POU_L2,8,-0.0,false,lata
130,Guarana_Antarctica_Zero,Pouso Alegre,POU_L2,9,-0.0,false,lata
130,Guarana_Antarctica_Zero,Pouso Alegre,POU_L2,10,-0.0,false,lata
130,Guarana_Antarctica_Zero,Pouso Alegre,POU_L2,11,-0.0,false,lata
130,Guarana_Antarctica_Zero,Pouso Alegre,POU_L2,12,-0.0,false,lata
130,Guarana_Antarctica_Zero,Pouso Alegre,POU_L2,13,-0.0,false,lata
130,Guarana_Antarctica_Zero,Pouso Alegre,POU_L2,14,-0.0,false,lata
130,Guarana_Antarctica_Zero,Pouso Alegre,POU_L2,15,-0.0,false,lata
130,Guarana_Antarctica_Zero,Pouso Alegre,POU_L3,1,-0.0,false,lata
130,Guarana_Antarctica_Zero,Pouso Alegre,POU_L3,2,-0.0,false,lata
130,Guarana_Antarctica_Zero,Pouso Alegre,POU_L3,3,-0.0,false,lata
130,Guarana_Antarctica_Zero,Pouso Alegre,POU_L3,4,-0.0,false,lata
130,Guarana_Antarctica_Zero,Pouso Alegre,POU_L3,5,-0.0,false,lata
130,Guarana_Antarctica_Zero,Pouso Alegre,POU_L3,6,-0.0,false,lata
130,Guarana_Antarctica_Zero,Pouso Alegre,POU_L3,7,-0.0,false,lata
130,Guarana_Antarctica_Zero,Pouso Alegre,POU_L3,8,-0.0,false,lata
130,Guarana_Antarctica_Zero,Pouso Alegre,POU_L3,9,-0.0,false,lata
130,Guarana_Antarctica_Zero,Pouso Alegre,POU_L3,10,-0.0,false,lata
130,Guarana_Antarctica_Zero,Pouso Alegre,POU_L3,11,-0.0,false,lata
130,Guarana_Antarctica_Zero,Pouso Alegre,POU_L3,12,-0.0,false,lata
130,Guarana_Antarctica_Zero,Pouso Alegre,POU_L3,13,-0.0,false,lata
130,Guarana_Antarctica_Zero,Pouso Alegre,POU_L3,14,-0.0,false,lata
130,Guarana_Antarctica_Zero,Pouso Alegre,POU_L3,15,-0.0,false,lata
130,Guarana_Antarctica_Zero,Gama,GAM_L1,1,-0.0,false,lata
130,Guarana_Antarctica_Zero,Gama,GAM_L1,2,-0.0,false,lata
130,Guarana_Antarctica_Zero,Gama,GAM_L1,3,-0.0,false,lata
130,Guarana_Antarctica_Zero,Gama,GAM_L1,4,-0.0,false,lata
130,Guarana_Antarctica_Zero,Gama,GAM_L1,5,-0.0,false,lata
130,Guarana_Antarctica_Zero,Gama,GAM_L1,6,-0.0,false,lata
130,Guarana_Antarctica_Zero,Gama,GAM_L1,7,-0.0,false,lata
130,Guarana_Antarctica_Zero,Gama,GAM_L1,8,-0.0,false,lata
130,Guarana_Antarctica_Zero,Gama,GAM_L1,9,-0.0,false,lata
130,Guarana_Antarctica_Zero,Gama,GAM_L1,10,-0.0,false,lata
130,Guarana_Antarctica_Zero,Gama,GAM_L1,11,-0.0,false,lata
130,Guarana_Antarctica_Zero,Gama,GAM_L1,12,-0.0,false,lata
130,Guarana_Antarctica_Zero,Gama,GAM_L1,13,-0.0,false,lata
130,Guarana_Antarctica_Zero,Gama,GAM_L1,14,-0.0,false,lata
130,Guarana_Antarctica_Zero,Gama,GAM_L1,15,-0.0,false,lata
130,Guarana_Antarctica_Zero,Gama,GAM_L2,1,-1.0e6,true,lata
130,Guarana_Antarctica_Zero,Gama,GAM_L2,2,-0.0,false,lata
130,Guarana_Antarctica_Zero,Gama,GAM_L2,3,-0.0,false,lata
130,Guarana_Antarctica_Zero,Gama,GAM_L2,4,-0.0,false,lata
130,Guarana_Antarctica_Zero,Gama,GAM_L2,5,-999999.746061,false,lata
130,Guarana_Antarctica_Zero,Gama,GAM_L2,6,-0.0,false,lata
130,Guarana_Antarctica_Zero,Gama,GAM_L2,7,-0.0,false,lata
130,Guarana_Antarctica_Zero,Gama,GAM_L2,8,-0.0,false,lata
130,Guarana_Antarctica_Zero,Gama,GAM_L2,9,-0.0,false,lata
130,Guarana_Antarctica_Zero,Gama,GAM_L2,10,-0.0,false,lata
130,Guarana_Antarctica_Zero,Gama,GAM_L2,11,-0.0,false,lata
130,Guarana_Antarctica_Zero,Gama,GAM_L2,12,-0.0,false,lata
130,Guarana_Antarctica_Zero,Gama,GAM_L2,13,-1.0e6,true,lata
130,Guarana_Antarctica_Zero,Gama,GAM_L2,14,-0.0,false,lata
130,Guarana_Antarctica_Zero,Gama,GAM_L2,15,-0.0,false,lata
130,Guarana_Antarctica_Zero,Gama,GAM_L3,1,-0.0,false,lata
130,Guarana_Antarctica_Zero,Gama,GAM_L3,2,-0.0,false,lata
130,Guarana_Antarctica_Zero,Gama,GAM_L3,3,-999999.7330427502,false,lata
130,Guarana_Antarctica_Zero,Gama,GAM_L3,4,-0.0,false,lata
130,Guarana_Antarctica_Zero,Gama,GAM_L3,5,-0.0,false,lata
130,Guarana_Antarctica_Zero,Gama,GAM_L3,6,-0.0,false,lata
130,Guarana_Antarctica_Zero,Gama,GAM_L3,7,-0.0,false,lata
130,Guarana_Antarctica_Zero,Gama,GAM_L3,8,-0.0,false,lata
130,Guarana_Antarctica_Zero,Gama,GAM_L3,9,-0.0,false,lata
130,Guarana_Antarctica_Zero,Gama,GAM_L3,10,-0.0,false,lata
130,Guarana_Antarctica_Zero,Gama,GAM_L3,11,-0.0,false,lata
130,Guarana_Antarctica_Zero,Gama,GAM_L3,12,-0.0,false,lata
130,Guarana_Antarctica_Zero,Gama,GAM_L3,13,-0.0,false,lata
130,Guarana_Antarctica_Zero,Gama,GAM_L3,14,-0.0,false,lata
130,Guarana_Antarctica_Zero,Gama,GAM_L3,15,-0.0,false,lata
130,Guarana_Antarctica_Zero,Viamao,VIA_L1,1,-0.0,false,lata
130,Guarana_Antarctica_Zero,Viamao,VIA_L1,2,-0.0,false,lata
130,Guarana_Antarctica_Zero,Viamao,VIA_L1,3,-0.0,false,lata
130,Guarana_Antarctica_Zero,Viamao,VIA_L1,4,-0.0,false,lata
130,Guarana_Antarctica_Zero,Viamao,VIA_L1,5,-0.0,false,lata
130,Guarana_Antarctica_Zero,Viamao,VIA_L1,6,-0.0,false,lata
130,Guarana_Antarctica_Zero,Viamao,VIA_L1,7,-0.0,false,lata
130,Guarana_Antarctica_Zero,Viamao,VIA_L1,8,-0.0,false,lata
130,Guarana_Antarctica_Zero,Viamao,VIA_L1,9,-0.0,false,lata
130,Guarana_Antarctica_Zero,Viamao,VIA_L1,10,-0.0,false,lata
130,Guarana_Antarctica_Zero,Viamao,VIA_L1,11,-0.0,false,lata
130,Guarana_Antarctica_Zero,Viamao,VIA_L1,12,-0.0,false,lata
130,Guarana_Antarctica_Zero,Viamao,VIA_L1,13,-0.0,false,lata
130,Guarana_Antarctica_Zero,Viamao,VIA_L1,14,-0.0,false,lata
130,Guarana_Antarctica_Zero,Viamao,VIA_L1,15,-0.0,false,lata
130,Guarana_Antarctica_Zero,Viamao,VIA_L2,1,-0.0,false,lata
130,Guarana_Antarctica_Zero,Viamao,VIA_L2,2,-0.0,false,lata
130,Guarana_Antarctica_Zero,Viamao,VIA_L2,3,-0.0,false,lata
130,Guarana_Antarctica_Zero,Viamao,VIA_L2,4,-0.0,false,lata
130,Guarana_Antarctica_Zero,Viamao,VIA_L2,5,-0.0,false,lata
130,Guarana_Antarctica_Zero,Viamao,VIA_L2,6,-0.0,false,lata
130,Guarana_Antarctica_Zero,Viamao,VIA_L2,7,-0.0,false,lata
130,Guarana_Antarctica_Zero,Viamao,VIA_L2,8,-0.0,false,lata
130,Guarana_Antarctica_Zero,Viamao,VIA_L2,9,-0.0,false,lata
130,Guarana_Antarctica_Zero,Viamao,VIA_L2,10,-0.0,false,lata
130,Guarana_Antarctica_Zero,Viamao,VIA_L2,11,-0.0,false,lata
130,Guarana_Antarctica_Zero,Viamao,VIA_L2,12,-0.0,false,lata
130,Guarana_Antarctica_Zero,Viamao,VIA_L2,13,-0.0,false,lata
130,Guarana_Antarctica_Zero,Viamao,VIA_L2,14,-0.0,false,lata
130,Guarana_Antarctica_Zero,Viamao,VIA_L2,15,-0.0,false,lata
130,Guarana_Antarctica_Zero,Viamao,VIA_L3,1,-0.0,false,lata
130,Guarana_Antarctica_Zero,Viamao,VIA_L3,2,-0.0,false,lata
130,Guarana_Antarctica_Zero,Viamao,VIA_L3,3,-0.0,false,lata
130,Guarana_Antarctica_Zero,Viamao,VIA_L3,4,-0.0,false,lata
130,Guarana_Antarctica_Zero,Viamao,VIA_L3,5,-999999.74894475,false,lata
130,Guarana_Antarctica_Zero,Viamao,VIA_L3,6,-0.0,false,lata
130,Guarana_Antarctica_Zero,Viamao,VIA_L3,7,-0.0,false,lata
130,Guarana_Antarctica_Zero,Viamao,VIA_L3,8,-0.0,false,lata
130,Guarana_Antarctica_Zero,Viamao,VIA_L3,9,-0.0,false,lata
130,Guarana_Antarctica_Zero,Viamao,VIA_L3,10,-0.0,false,lata
130,Guarana_Antarctica_Zero,Viamao,VIA_L3,11,-0.0,false,lata
130,Guarana_Antarctica_Zero,Viamao,VIA_L3,12,-0.0,false,lata
130,Guarana_Antarctica_Zero,Viamao,VIA_L3,13,-0.0,false,lata
130,Guarana_Antarctica_Zero,Viamao,VIA_L3,14,-0.0,false,lata
130,Guarana_Antarctica_Zero,Viamao,VIA_L3,15,-0.0,false,lata
130,Guarana_Antarctica_Zero,Itupeva,ITU_L1,1,-0.0,false,lata
130,Guarana_Antarctica_Zero,Itupeva,ITU_L1,2,-0.0,false,lata
130,Guarana_Antarctica_Zero,Itupeva,ITU_L1,3,-0.0,false,lata
130,Guarana_Antarctica_Zero,Itupeva,ITU_L1,4,-0.0,false,lata
130,Guarana_Antarctica_Zero,Itupeva,ITU_L1,5,-999999.7151334,false,lata
130,Guarana_Antarctica_Zero,Itupeva,ITU_L1,6,-0.0,false,lata
130,Guarana_Antarctica_Zero,Itupeva,ITU_L1,7,-0.0,false,lata
130,Guarana_Antarctica_Zero,Itupeva,ITU_L1,8,-0.0,false,lata
130,Guarana_Antarctica_Zero,Itupeva,ITU_L1,9,-999999.99520535,false,lata
130,Guarana_Antarctica_Zero,Itupeva,ITU_L1,10,-0.0,false,lata
130,Guarana_Antarctica_Zero,Itupeva,ITU_L1,11,-0.0,false,lata
130,Guarana_Antarctica_Zero,Itupeva,ITU_L1,12,-0.0,false,lata
130,Guarana_Antarctica_Zero,Itupeva,ITU_L1,13,-0.0,false,lata
130,Guarana_Antarctica_Zero,Itupeva,ITU_L1,14,-0.0,false,lata
130,Guarana_Antarctica_Zero,Itupeva,ITU_L1,15,-0.0,false,lata
130,Guarana_Antarctica_Zero,Itupeva,ITU_L2,1,-0.0,false,lata
130,Guarana_Antarctica_Zero,Itupeva,ITU_L2,2,-0.0,false,lata
130,Guarana_Antarctica_Zero,Itupeva,ITU_L2,3,-0.0,false,lata
130,Guarana_Antarctica_Zero,Itupeva,ITU_L2,4,-0.0,false,lata
130,Guarana_Antarctica_Zero,Itupeva,ITU_L2,5,-0.0,false,lata
130,Guarana_Antarctica_Zero,Itupeva,ITU_L2,6,-0.0,false,lata
130,Guarana_Antarctica_Zero,Itupeva,ITU_L2,7,-0.0,false,lata
130,Guarana_Antarctica_Zero,Itupeva,ITU_L2,8,-0.0,false,lata
130,Guarana_Antarctica_Zero,Itupeva,ITU_L2,9,-999999.99942295,false,lata
130,Guarana_Antarctica_Zero,Itupeva,ITU_L2,10,-0.0,false,lata
130,Guarana_Antarctica_Zero,Itupeva,ITU_L2,11,-0.0,false,lata
130,Guarana_Antarctica_Zero,Itupeva,ITU_L2,12,-0.0,false,lata
130,Guarana_Antarctica_Zero,Itupeva,ITU_L2,13,-0.0,false,lata
130,Guarana_Antarctica_Zero,Itupeva,ITU_L2,14,-0.0,false,lata
130,Guarana_Antarctica_Zero,Itupeva,ITU_L2,15,-0.0,false,lata
130,Guarana_Antarctica_Zero,Itupeva,ITU_L3,1,-0.0,false,lata
130,Guarana_Antarctica_Zero,Itupeva,ITU_L3,2,-0.0,false,lata
130,Guarana_Antarctica_Zero,Itupeva,ITU_L3,3,-0.0,false,lata
130,Guarana_Antarctica_Zero,Itupeva,ITU_L3,4,-0.0,false,lata
130,Guarana_Antarctica_Zero,Itupeva,ITU_L3,5,-0.0,false,lata
130,Guarana_Antarctica_Zero,Itupeva,ITU_L3,6,-0.0,false,lata
130,Guarana_Antarctica_Zero,Itupeva,ITU_L3,7,-0.0,false,lata
130,Guarana_Antarctica_Zero,Itupeva,ITU_L3,8,-0.0,false,lata
130,Guarana_Antarctica_Zero,Itupeva,ITU_L3,9,-999999.99942295,false,lata
130,Guarana_Antarctica_Zero,Itupeva,ITU_L3,10,-0.0,false,lata
130,Guarana_Antarctica_Zero,Itupeva,ITU_L3,11,-0.0,false,lata
130,Guarana_Antarctica_Zero,Itupeva,ITU_L3,12,-0.0,false,lata
130,Guarana_Antarctica_Zero,Itupeva,ITU_L3,13,-0.0,false,lata
130,Guarana_Antarctica_Zero,Itupeva,ITU_L3,14,-0.0,false,lata
130,Guarana_Antarctica_Zero,Itupeva,ITU_L3,15,-0.0,false,lata
130,Guarana_Antarctica_Zero,Cabo de Santo Agostinho,CAB_L1,1,-0.0,false,lata
130,Guarana_Antarctica_Zero,Cabo de Santo Agostinho,CAB_L1,2,-0.0,false,lata
130,Guarana_Antarctica_Zero,Cabo de Santo Agostinho,CAB_L1,3,-0.0,false,lata
130,Guarana_Antarctica_Zero,Cabo de Santo Agostinho,CAB_L1,4,-0.0,false,lata
130,Guarana_Antarctica_Zero,Cabo de Santo Agostinho,CAB_L1,5,-0.0,false,lata
130,Guarana_Antarctica_Zero,Cabo de Santo Agostinho,CAB_L1,6,-0.0,false,lata
130,Guarana_Antarctica_Zero,Cabo de Santo Agostinho,CAB_L1,7,-0.0,false,lata
130,Guarana_Antarctica_Zero,Cabo de Santo Agostinho,CAB_L1,8,-0.0,false,lata
130,Guarana_Antarctica_Zero,Cabo de Santo Agostinho,CAB_L1,9,-0.0,false,lata
130,Guarana_Antarctica_Zero,Cabo de Santo Agostinho,CAB_L1,10,-0.0,false,lata
130,Guarana_Antarctica_Zero,Cabo de Santo Agostinho,CAB_L1,11,-0.0,false,lata
130,Guarana_Antarctica_Zero,Cabo de Santo Agostinho,CAB_L1,12,-0.0,false,lata
130,Guarana_Antarctica_Zero,Cabo de Santo Agostinho,CAB_L1,13,-0.0,false,lata
130,Guarana_Antarctica_Zero,Cabo de Santo Agostinho,CAB_L1,14,-0.0,false,lata
130,Guarana_Antarctica_Zero,Cabo de Santo Agostinho,CAB_L1,15,-0.0,false,lata
130,Guarana_Antarctica_Zero,Cabo de Santo Agostinho,CAB_L2,1,-0.0,false,lata
130,Guarana_Antarctica_Zero,Cabo de Santo Agostinho,CAB_L2,2,-0.0,false,lata
130,Guarana_Antarctica_Zero,Cabo de Santo Agostinho,CAB_L2,3,-0.0,false,lata
130,Guarana_Antarctica_Zero,Cabo de Santo Agostinho,CAB_L2,4,-0.0,false,lata
130,Guarana_Antarctica_Zero,Cabo de Santo Agostinho,CAB_L2,5,-0.0,false,lata
130,Guarana_Antarctica_Zero,Cabo de Santo Agostinho,CAB_L2,6,-0.0,false,lata
130,Guarana_Antarctica_Zero,Cabo de Santo Agostinho,CAB_L2,7,-0.0,false,lata
130,Guarana_Antarctica_Zero,Cabo de Santo Agostinho,CAB_L2,8,-0.0,false,lata
130,Guarana_Antarctica_Zero,Cabo de Santo Agostinho,CAB_L2,9,-1.0e6,true,lata
130,Guarana_Antarctica_Zero,Cabo de Santo Agostinho,CAB_L2,10,-0.0,false,lata
130,Guarana_Antarctica_Zero,Cabo de Santo Agostinho,CAB_L2,11,-0.0,false,lata
130,Guarana_Antarctica_Zero,Cabo de Santo Agostinho,CAB_L2,12,-0.0,false,lata
130,Guarana_Antarctica_Zero,Cabo de Santo Agostinho,CAB_L2,13,-0.0,false,lata
130,Guarana_Antarctica_Zero,Cabo de Santo Agostinho,CAB_L2,14,-999999.6316183999,false,lata
130,Guarana_Antarctica_Zero,Cabo de Santo Agostinho,CAB_L2,15,-0.0,false,lata
130,Guarana_Antarctica_Zero,Cabo de Santo Agostinho,CAB_L3,1,-0.0,false,lata
130,Guarana_Antarctica_Zero,Cabo de Santo Agostinho,CAB_L3,2,-0.0,false,lata
130,Guarana_Antarctica_Zero,Cabo de Santo Agostinho,CAB_L3,3,-0.0,false,lata
130,Guarana_Antarctica_Zero,Cabo de Santo Agostinho,CAB_L3,4,-0.0,false,lata
130,Guarana_Antarctica_Zero,Cabo de Santo Agostinho,CAB_L3,5,-0.0,false,lata
130,Guarana_Antarctica_Zero,Cabo de Santo Agostinho,CAB_L3,6,-0.0,false,lata
130,Guarana_Antarctica_Zero,Cabo de Santo Agostinho,CAB_L3,7,-0.0,false,lata
130,Guarana_Antarctica_Zero,Cabo de Santo Agostinho,CAB_L3,8,-999999.9124541,false,lata
130,Guarana_Antarctica_Zero,Cabo de Santo Agostinho,CAB_L3,9,-0.0,false,lata
130,Guarana_Antarctica_Zero,Cabo de Santo Agostinho,CAB_L3,10,-0.0,false,lata
130,Guarana_Antarctica_Zero,Cabo de Santo Agostinho,CAB_L3,11,-0.0,false,lata
130,Guarana_Antarctica_Zero,Cabo de Santo Agostinho,CAB_L3,12,-0.0,false,lata
130,Guarana_Antarctica_Zero,Cabo de Santo Agostinho,CAB_L3,13,-0.0,false,lata
130,Guarana_Antarctica_Zero,Cabo de Santo Agostinho,CAB_L3,14,-0.0,false,lata
130,Guarana_Antarctica_Zero,Cabo de Santo Agostinho,CAB_L3,15,-0.0,false,lata
130,Kuat,Jacarei,JAC_L1,1,-0.0,false,lata
130,Kuat,Jacarei,JAC_L1,2,-0.0,false,lata
130,Kuat,Jacarei,JAC_L1,3,-0.0,false,lata
130,Kuat,Jacarei,JAC_L1,4,-0.0,false,lata
130,Kuat,Jacarei,JAC_L1,5,-0.0,false,lata
130,Kuat,Jacarei,JAC_L1,6,-0.0,false,lata
130,Kuat,Jacarei,JAC_L1,7,-0.0,false,lata
130,Kuat,Jacarei,JAC_L1,8,-0.0,false,lata
130,Kuat,Jacarei,JAC_L1,9,-0.0,false,lata
130,Kuat,Jacarei,JAC_L1,10,-0.0,false,lata
130,Kuat,Jacarei,JAC_L1,11,-0.0,false,lata
130,Kuat,Jacarei,JAC_L1,12,-0.0,false,lata
130,Kuat,Jacarei,JAC_L1,13,-0.0,false,lata
130,Kuat,Jacarei,JAC_L1,14,-999999.4997207,false,lata
130,Kuat,Jacarei,JAC_L1,15,-0.0,false,lata
130,Kuat,Jacarei,JAC_L2,1,-0.0,false,lata
130,Kuat,Jacarei,JAC_L2,2,-0.0,false,lata
130,Kuat,Jacarei,JAC_L2,3,-0.0,false,lata
130,Kuat,Jacarei,JAC_L2,4,-0.0,false,lata
130,Kuat,Jacarei,JAC_L2,5,-0.0,false,lata
130,Kuat,Jacarei,JAC_L2,6,-0.0,false,lata
130,Kuat,Jacarei,JAC_L2,7,-0.0,false,lata
130,Kuat,Jacarei,JAC_L2,8,-0.0,false,lata
130,Kuat,Jacarei,JAC_L2,9,-0.0,false,lata
130,Kuat,Jacarei,JAC_L2,10,-0.0,false,lata
130,Kuat,Jacarei,JAC_L2,11,-0.0,false,lata
130,Kuat,Jacarei,JAC_L2,12,-0.0,false,lata
130,Kuat,Jacarei,JAC_L2,13,-0.0,false,lata
130,Kuat,Jacarei,JAC_L2,14,-0.0,false,lata
130,Kuat,Jacarei,JAC_L2,15,-0.0,false,lata
130,Kuat,Jacarei,JAC_L3,1,-0.0,false,lata
130,Kuat,Jacarei,JAC_L3,2,-0.0,false,lata
130,Kuat,Jacarei,JAC_L3,3,-0.0,false,lata
130,Kuat,Jacarei,JAC_L3,4,-0.0,false,lata
130,Kuat,Jacarei,JAC_L3,5,-0.0,false,lata
130,Kuat,Jacarei,JAC_L3,6,-0.0,false,lata
130,Kuat,Jacarei,JAC_L3,7,-0.0,false,lata
130,Kuat,Jacarei,JAC_L3,8,-0.0,false,lata
130,Kuat,Jacarei,JAC_L3,9,-0.0,false,lata
130,Kuat,Jacarei,JAC_L3,10,-0.0,false,lata
130,Kuat,Jacarei,JAC_L3,11,-0.0,false,lata
130,Kuat,Jacarei,JAC_L3,12,-0.0,false,lata
130,Kuat,Jacarei,JAC_L3,13,-0.0,false,lata
130,Kuat,Jacarei,JAC_L3,14,-0.0,false,lata
130,Kuat,Jacarei,JAC_L3,15,-0.0,false,lata
130,Kuat,Extrema,EXT_L1,1,-999999.5301648498,false,lata
130,Kuat,Extrema,EXT_L1,2,-0.0,false,lata
130,Kuat,Extrema,EXT_L1,3,-999999.6605366999,false,lata
130,Kuat,Extrema,EXT_L1,4,-0.0,false,lata
130,Kuat,Extrema,EXT_L1,5,-0.0,false,lata
130,Kuat,Extrema,EXT_L1,6,-0.0,false,lata
130,Kuat,Extrema,EXT_L1,7,-0.0,false,lata
130,Kuat,Extrema,EXT_L1,8,-0.0,false,lata
130,Kuat,Extrema,EXT_L1,9,-0.0,false,lata
130,Kuat,Extrema,EXT_L1,10,-999999.839288,false,lata
130,Kuat,Extrema,EXT_L1,11,-0.0,false,lata
130,Kuat,Extrema,EXT_L1,12,-0.0,false,lata
130,Kuat,Extrema,EXT_L1,13,-0.0,false,lata
130,Kuat,Extrema,EXT_L1,14,-0.0,false,lata
130,Kuat,Extrema,EXT_L1,15,-0.0,false,lata
130,Kuat,Extrema,EXT_L2,1,-0.0,false,lata
130,Kuat,Extrema,EXT_L2,2,-0.0,false,lata
130,Kuat,Extrema,EXT_L2,3,-0.0,false,lata
130,Kuat,Extrema,EXT_L2,4,-0.0,false,lata
130,Kuat,Extrema,EXT_L2,5,-0.0,false,lata
130,Kuat,Extrema,EXT_L2,6,-0.0,false,lata
130,Kuat,Extrema,EXT_L2,7,-0.0,false,lata
130,Kuat,Extrema,EXT_L2,8,-0.0,false,lata
130,Kuat,Extrema,EXT_L2,9,-999999.83301715,false,lata
130,Kuat,Extrema,EXT_L2,10,-0.0,false,lata
130,Kuat,Extrema,EXT_L2,11,-0.0,false,lata
130,Kuat,Extrema,EXT_L2,12,-0.0,false,lata
130,Kuat,Extrema,EXT_L2,13,-999999.46008865,false,lata
130,Kuat,Extrema,EXT_L2,14,-0.0,false,lata
130,Kuat,Extrema,EXT_L2,15,-0.0,false,lata
130,Kuat,Extrema,EXT_L3,1,-0.0,false,lata
130,Kuat,Extrema,EXT_L3,2,-0.0,false,lata
130,Kuat,Extrema,EXT_L3,3,-0.0,false,lata
130,Kuat,Extrema,EXT_L3,4,-999999.4636828499,false,lata
130,Kuat,Extrema,EXT_L3,5,-0.0,false,lata
130,Kuat,Extrema,EXT_L3,6,-0.0,false,lata
130,Kuat,Extrema,EXT_L3,7,-0.0,false,lata
130,Kuat,Extrema,EXT_L3,8,-0.0,false,lata
130,Kuat,Extrema,EXT_L3,9,-0.0,false,lata
130,Kuat,Extrema,EXT_L3,10,-0.0,false,lata
130,Kuat,Extrema,EXT_L3,11,-0.0,false,lata
130,Kuat,Extrema,EXT_L3,12,-0.0,false,lata
130,Kuat,Extrema,EXT_L3,13,-0.0,false,lata
130,Kuat,Extrema,EXT_L3,14,-0.0,false,lata
130,Kuat,Extrema,EXT_L3,15,-0.0,false,lata
130,Kuat,Tres Rios,TRE_L1,1,-0.0,false,lata
130,Kuat,Tres Rios,TRE_L1,2,-0.0,false,lata
130,Kuat,Tres Rios,TRE_L1,3,-0.0,false,lata
130,Kuat,Tres Rios,TRE_L1,4,-0.0,false,lata
130,Kuat,Tres Rios,TRE_L1,5,-0.0,false,lata
130,Kuat,Tres Rios,TRE_L1,6,-0.0,false,lata
130,Kuat,Tres Rios,TRE_L1,7,-0.0,false,lata
130,Kuat,Tres Rios,TRE_L1,8,-0.0,false,lata
130,Kuat,Tres Rios,TRE_L1,9,-0.0,false,lata
130,Kuat,Tres Rios,TRE_L1,10,-0.0,false,lata
130,Kuat,Tres Rios,TRE_L1,11,-0.0,false,lata
130,Kuat,Tres Rios,TRE_L1,12,-999999.2095841002,false,lata
130,Kuat,Tres Rios,TRE_L1,13,-0.0,false,lata
130,Kuat,Tres Rios,TRE_L1,14,-999999.5109138499,false,lata
130,Kuat,Tres Rios,TRE_L1,15,-0.0,false,lata
130,Kuat,Tres Rios,TRE_L2,1,-0.0,false,lata
130,Kuat,Tres Rios,TRE_L2,2,-0.0,false,lata
130,Kuat,Tres Rios,TRE_L2,3,-999999.673214,false,lata
130,Kuat,Tres Rios,TRE_L2,4,-0.0,false,lata
130,Kuat,Tres Rios,TRE_L2,5,-0.0,false,lata
130,Kuat,Tres Rios,TRE_L2,6,-0.0,false,lata
130,Kuat,Tres Rios,TRE_L2,7,-0.0,false,lata
130,Kuat,Tres Rios,TRE_L2,8,-0.0,false,lata
130,Kuat,Tres Rios,TRE_L2,9,-0.0,false,lata
130,Kuat,Tres Rios,TRE_L2,10,-0.0,false,lata
130,Kuat,Tres Rios,TRE_L2,11,-999999.1525521,false,lata
130,Kuat,Tres Rios,TRE_L2,12,-0.0,false,lata
130,Kuat,Tres Rios,TRE_L2,13,-0.0,false,lata
130,Kuat,Tres Rios,TRE_L2,14,-0.0,false,lata
130,Kuat,Tres Rios,TRE_L2,15,-0.0,false,lata
130,Kuat,Tres Rios,TRE_L3,1,-0.0,false,lata
130,Kuat,Tres Rios,TRE_L3,2,-0.0,false,lata
130,Kuat,Tres Rios,TRE_L3,3,-0.0,false,lata
130,Kuat,Tres Rios,TRE_L3,4,-0.0,false,lata
130,Kuat,Tres Rios,TRE_L3,5,-0.0,false,lata
130,Kuat,Tres Rios,TRE_L3,6,-0.0,false,lata
130,Kuat,Tres Rios,TRE_L3,7,-0.0,false,lata
130,Kuat,Tres Rios,TRE_L3,8,-0.0,false,lata
130,Kuat,Tres Rios,TRE_L3,9,-0.0,false,lata
130,Kuat,Tres Rios,TRE_L3,10,-999999.84366925,false,lata
130,Kuat,Tres Rios,TRE_L3,11,-0.0,false,lata
130,Kuat,Tres Rios,TRE_L3,12,-0.0,false,lata
130,Kuat,Tres Rios,TRE_L3,13,-0.0,false,lata
130,Kuat,Tres Rios,TRE_L3,14,-0.0,false,lata
130,Kuat,Tres Rios,TRE_L3,15,-0.0,false,lata
130,Kuat,Alagoinhas,ALA_L1,1,-0.0,false,lata
130,Kuat,Alagoinhas,ALA_L1,2,-0.0,false,lata
130,Kuat,Alagoinhas,ALA_L1,3,-0.0,false,lata
130,Kuat,Alagoinhas,ALA_L1,4,-0.0,false,lata
130,Kuat,Alagoinhas,ALA_L1,5,-0.0,false,lata
130,Kuat,Alagoinhas,ALA_L1,6,-0.0,false,lata
130,Kuat,Alagoinhas,ALA_L1,7,-0.0,false,lata
130,Kuat,Alagoinhas,ALA_L1,8,-0.0,false,lata
130,Kuat,Alagoinhas,ALA_L1,9,-0.0,false,lata
130,Kuat,Alagoinhas,ALA_L1,10,-999999.8954222,false,lata
130,Kuat,Alagoinhas,ALA_L1,11,-0.0,false,lata
130,Kuat,Alagoinhas,ALA_L1,12,-0.0,false,lata
130,Kuat,Alagoinhas,ALA_L1,13,-0.0,false,lata
130,Kuat,Alagoinhas,ALA_L1,14,-0.0,false,lata
130,Kuat,Alagoinhas,ALA_L1,15,-0.0,false,lata
130,Kuat,Alagoinhas,ALA_L2,1,-0.0,false,lata
130,Kuat,Alagoinhas,ALA_L2,2,-0.0,false,lata
130,Kuat,Alagoinhas,ALA_L2,3,-0.0,false,lata
130,Kuat,Alagoinhas,ALA_L2,4,-0.0,false,lata
130,Kuat,Alagoinhas,ALA_L2,5,-0.0,false,lata
130,Kuat,Alagoinhas,ALA_L2,6,-0.0,false,lata
130,Kuat,Alagoinhas,ALA_L2,7,-0.0,false,lata
130,Kuat,Alagoinhas,ALA_L2,8,-0.0,false,lata
130,Kuat,Alagoinhas,ALA_L2,9,-0.0,false,lata
130,Kuat,Alagoinhas,ALA_L2,10,-0.0,false,lata
130,Kuat,Alagoinhas,ALA_L2,11,-0.0,false,lata
130,Kuat,Alagoinhas,ALA_L2,12,-0.0,false,lata
130,Kuat,Alagoinhas,ALA_L2,13,-999999.4979626,false,lata
130,Kuat,Alagoinhas,ALA_L2,14,-0.0,false,lata
130,Kuat,Alagoinhas,ALA_L2,15,-0.0,false,lata
130,Kuat,Alagoinhas,ALA_L3,1,-0.0,false,lata
130,Kuat,Alagoinhas,ALA_L3,2,-0.0,false,lata
130,Kuat,Alagoinhas,ALA_L3,3,-0.0,false,lata
130,Kuat,Alagoinhas,ALA_L3,4,-0.0,false,lata
130,Kuat,Alagoinhas,ALA_L3,5,-0.0,false,lata
130,Kuat,Alagoinhas,ALA_L3,6,-0.0,false,lata
130,Kuat,Alagoinhas,ALA_L3,7,-0.0,false,lata
130,Kuat,Alagoinhas,ALA_L3,8,-0.0,false,lata
130,Kuat,Alagoinhas,ALA_L3,9,-999999.8800000001,false,lata
130,Kuat,Alagoinhas,ALA_L3,10,-0.0,false,lata
130,Kuat,Alagoinhas,ALA_L3,11,-0.0,false,lata
130,Kuat,Alagoinhas,ALA_L3,12,-0.0,false,lata
130,Kuat,Alagoinhas,ALA_L3,13,-0.0,false,lata
130,Kuat,Alagoinhas,ALA_L3,14,-0.0,false,lata
130,Kuat,Alagoinhas,ALA_L3,15,-0.0,false,lata
130,Kuat,Frutal,FRU_L1,1,-0.0,false,lata
130,Kuat,Frutal,FRU_L1,2,-0.0,false,lata
130,Kuat,Frutal,FRU_L1,3,-0.0,false,lata
130,Kuat,Frutal,FRU_L1,4,-0.0,false,lata
130,Kuat,Frutal,FRU_L1,5,-0.0,false,lata
130,Kuat,Frutal,FRU_L1,6,-0.0,false,lata
130,Kuat,Frutal,FRU_L1,7,-0.0,false,lata
130,Kuat,Frutal,FRU_L1,8,-0.0,false,lata
130,Kuat,Frutal,FRU_L1,9,-0.0,false,lata
130,Kuat,Frutal,FRU_L1,10,-0.0,false,lata
130,Kuat,Frutal,FRU_L1,11,-0.0,false,lata
130,Kuat,Frutal,FRU_L1,12,-0.0,false,lata
130,Kuat,Frutal,FRU_L1,13,-0.0,false,lata
130,Kuat,Frutal,FRU_L1,14,-0.0,false,lata
130,Kuat,Frutal,FRU_L1,15,-0.0,false,lata
130,Kuat,Frutal,FRU_L2,1,-0.0,false,lata
130,Kuat,Frutal,FRU_L2,2,-0.0,false,lata
130,Kuat,Frutal,FRU_L2,3,-0.0,false,lata
130,Kuat,Frutal,FRU_L2,4,-0.0,false,lata
130,Kuat,Frutal,FRU_L2,5,-0.0,false,lata
130,Kuat,Frutal,FRU_L2,6,-0.0,false,lata
130,Kuat,Frutal,FRU_L2,7,-0.0,false,lata
130,Kuat,Frutal,FRU_L2,8,-0.0,false,lata
130,Kuat,Frutal,FRU_L2,9,-0.0,false,lata
130,Kuat,Frutal,FRU_L2,10,-0.0,false,lata
130,Kuat,Frutal,FRU_L2,11,-0.0,false,lata
130,Kuat,Frutal,FRU_L2,12,-0.0,false,lata
130,Kuat,Frutal,FRU_L2,13,-0.0,false,lata
130,Kuat,Frutal,FRU_L2,14,-0.0,false,lata
130,Kuat,Frutal,FRU_L2,15,-0.0,false,lata
130,Kuat,Frutal,FRU_L3,1,-0.0,false,lata
130,Kuat,Frutal,FRU_L3,2,-0.0,false,lata
130,Kuat,Frutal,FRU_L3,3,-0.0,false,lata
130,Kuat,Frutal,FRU_L3,4,-0.0,false,lata
130,Kuat,Frutal,FRU_L3,5,-0.0,false,lata
130,Kuat,Frutal,FRU_L3,6,-0.0,false,lata
130,Kuat,Frutal,FRU_L3,7,-0.0,false,lata
130,Kuat,Frutal,FRU_L3,8,-0.0,false,lata
130,Kuat,Frutal,FRU_L3,9,-0.0,false,lata
130,Kuat,Frutal,FRU_L3,10,-0.0,false,lata
130,Kuat,Frutal,FRU_L3,11,-0.0,false,lata
130,Kuat,Frutal,FRU_L3,12,-0.0,false,lata
130,Kuat,Frutal,FRU_L3,13,-0.0,false,lata
130,Kuat,Frutal,FRU_L3,14,-0.0,false,lata
130,Kuat,Frutal,FRU_L3,15,-999999.5599999999,false,lata
130,Kuat,Pouso Alegre,POU_L1,1,-0.0,false,lata
130,Kuat,Pouso Alegre,POU_L1,2,-0.0,false,lata
130,Kuat,Pouso Alegre,POU_L1,3,-0.0,false,lata
130,Kuat,Pouso Alegre,POU_L1,4,-0.0,false,lata
130,Kuat,Pouso Alegre,POU_L1,5,-0.0,false,lata
130,Kuat,Pouso Alegre,POU_L1,6,-0.0,false,lata
130,Kuat,Pouso Alegre,POU_L1,7,-0.0,false,lata
130,Kuat,Pouso Alegre,POU_L1,8,-0.0,false,lata
130,Kuat,Pouso Alegre,POU_L1,9,-0.0,false,lata
130,Kuat,Pouso Alegre,POU_L1,10,-0.0,false,lata
130,Kuat,Pouso Alegre,POU_L1,11,-0.0,false,lata
130,Kuat,Pouso Alegre,POU_L1,12,-0.0,false,lata
130,Kuat,Pouso Alegre,POU_L1,13,-0.0,false,lata
130,Kuat,Pouso Alegre,POU_L1,14,-0.0,false,lata
130,Kuat,Pouso Alegre,POU_L1,15,-0.0,false,lata
130,Kuat,Pouso Alegre,POU_L2,1,-0.0,false,lata
130,Kuat,Pouso Alegre,POU_L2,2,-0.0,false,lata
130,Kuat,Pouso Alegre,POU_L2,3,-0.0,false,lata
130,Kuat,Pouso Alegre,POU_L2,4,-0.0,false,lata
130,Kuat,Pouso Alegre,POU_L2,5,-0.0,false,lata
130,Kuat,Pouso Alegre,POU_L2,6,-0.0,false,lata
130,Kuat,Pouso Alegre,POU_L2,7,-0.0,false,lata
130,Kuat,Pouso Alegre,POU_L2,8,-0.0,false,lata
130,Kuat,Pouso Alegre,POU_L2,9,-0.0,false,lata
130,Kuat,Pouso Alegre,POU_L2,10,-0.0,false,lata
130,Kuat,Pouso Alegre,POU_L2,11,-0.0,false,lata
130,Kuat,Pouso Alegre,POU_L2,12,-0.0,false,lata
130,Kuat,Pouso Alegre,POU_L2,13,-0.0,false,lata
130,Kuat,Pouso Alegre,POU_L2,14,-0.0,false,lata
130,Kuat,Pouso Alegre,POU_L2,15,-0.0,false,lata
130,Kuat,Pouso Alegre,POU_L3,1,-0.0,false,lata
130,Kuat,Pouso Alegre,POU_L3,2,-0.0,false,lata
130,Kuat,Pouso Alegre,POU_L3,3,-0.0,false,lata
130,Kuat,Pouso Alegre,POU_L3,4,-0.0,false,lata
130,Kuat,Pouso Alegre,POU_L3,5,-0.0,false,lata
130,Kuat,Pouso Alegre,POU_L3,6,-0.0,false,lata
130,Kuat,Pouso Alegre,POU_L3,7,-0.0,false,lata
130,Kuat,Pouso Alegre,POU_L3,8,-0.0,false,lata
130,Kuat,Pouso Alegre,POU_L3,9,-999999.83059845,false,lata
130,Kuat,Pouso Alegre,POU_L3,10,-0.0,false,lata
130,Kuat,Pouso Alegre,POU_L3,11,-0.0,false,lata
130,Kuat,Pouso Alegre,POU_L3,12,-0.0,false,lata
130,Kuat,Pouso Alegre,POU_L3,13,-0.0,false,lata
130,Kuat,Pouso Alegre,POU_L3,14,-0.0,false,lata
130,Kuat,Pouso Alegre,POU_L3,15,-0.0,false,lata
130,Kuat,Gama,GAM_L1,1,-0.0,false,lata
130,Kuat,Gama,GAM_L1,2,-0.0,false,lata
130,Kuat,Gama,GAM_L1,3,-0.0,false,lata
130,Kuat,Gama,GAM_L1,4,-0.0,false,lata
130,Kuat,Gama,GAM_L1,5,-0.0,false,lata
130,Kuat,Gama,GAM_L1,6,-0.0,false,lata
130,Kuat,Gama,GAM_L1,7,-0.0,false,lata
130,Kuat,Gama,GAM_L1,8,-0.0,false,lata
130,Kuat,Gama,GAM_L1,9,-0.0,false,lata
130,Kuat,Gama,GAM_L1,10,-0.0,false,lata
130,Kuat,Gama,GAM_L1,11,-0.0,false,lata
130,Kuat,Gama,GAM_L1,12,-0.0,false,lata
130,Kuat,Gama,GAM_L1,13,-0.0,false,lata
130,Kuat,Gama,GAM_L1,14,-0.0,false,lata
130,Kuat,Gama,GAM_L1,15,-0.0,false,lata
130,Kuat,Gama,GAM_L2,1,-0.0,false,lata
130,Kuat,Gama,GAM_L2,2,-0.0,false,lata
130,Kuat,Gama,GAM_L2,3,-0.0,false,lata
130,Kuat,Gama,GAM_L2,4,-0.0,false,lata
130,Kuat,Gama,GAM_L2,5,-0.0,false,lata
130,Kuat,Gama,GAM_L2,6,-0.0,false,lata
130,Kuat,Gama,GAM_L2,7,-0.0,false,lata
130,Kuat,Gama,GAM_L2,8,-0.0,false,lata
130,Kuat,Gama,GAM_L2,9,-0.0,false,lata
130,Kuat,Gama,GAM_L2,10,-0.0,false,lata
130,Kuat,Gama,GAM_L2,11,-0.0,false,lata
130,Kuat,Gama,GAM_L2,12,-0.0,false,lata
130,Kuat,Gama,GAM_L2,13,-0.0,false,lata
130,Kuat,Gama,GAM_L2,14,-0.0,false,lata
130,Kuat,Gama,GAM_L2,15,-0.0,false,lata
130,Kuat,Gama,GAM_L3,1,-0.0,false,lata
130,Kuat,Gama,GAM_L3,2,-0.0,false,lata
130,Kuat,Gama,GAM_L3,3,-0.0,false,lata
130,Kuat,Gama,GAM_L3,4,-0.0,false,lata
130,Kuat,Gama,GAM_L3,5,-0.0,false,lata
130,Kuat,Gama,GAM_L3,6,-0.0,false,lata
130,Kuat,Gama,GAM_L3,7,-0.0,false,lata
130,Kuat,Gama,GAM_L3,8,-0.0,false,lata
130,Kuat,Gama,GAM_L3,9,-0.0,false,lata
130,Kuat,Gama,GAM_L3,10,-0.0,false,lata
130,Kuat,Gama,GAM_L3,11,-0.0,false,lata
130,Kuat,Gama,GAM_L3,12,-0.0,false,lata
130,Kuat,Gama,GAM_L3,13,-0.0,false,lata
130,Kuat,Gama,GAM_L3,14,-0.0,false,lata
130,Kuat,Gama,GAM_L3,15,-0.0,false,lata
130,Kuat,Viamao,VIA_L1,1,-0.0,false,lata
130,Kuat,Viamao,VIA_L1,2,-0.0,false,lata
130,Kuat,Viamao,VIA_L1,3,-0.0,false,lata
130,Kuat,Viamao,VIA_L1,4,-0.0,false,lata
130,Kuat,Viamao,VIA_L1,5,-0.0,false,lata
130,Kuat,Viamao,VIA_L1,6,-0.0,false,lata
130,Kuat,Viamao,VIA_L1,7,-0.0,false,lata
130,Kuat,Viamao,VIA_L1,8,-0.0,false,lata
130,Kuat,Viamao,VIA_L1,9,-999999.7931305,false,lata
130,Kuat,Viamao,VIA_L1,10,-0.0,false,lata
130,Kuat,Viamao,VIA_L1,11,-0.0,false,lata
130,Kuat,Viamao,VIA_L1,12,-0.0,false,lata
130,Kuat,Viamao,VIA_L1,13,-0.0,false,lata
130,Kuat,Viamao,VIA_L1,14,-0.0,false,lata
130,Kuat,Viamao,VIA_L1,15,-999999.5830779499,false,lata
130,Kuat,Viamao,VIA_L2,1,-0.0,false,lata
130,Kuat,Viamao,VIA_L2,2,-0.0,false,lata
130,Kuat,Viamao,VIA_L2,3,-0.0,false,lata
130,Kuat,Viamao,VIA_L2,4,-0.0,false,lata
130,Kuat,Viamao,VIA_L2,5,-0.0,false,lata
130,Kuat,Viamao,VIA_L2,6,-0.0,false,lata
130,Kuat,Viamao,VIA_L2,7,-0.0,false,lata
130,Kuat,Viamao,VIA_L2,8,-0.0,false,lata
130,Kuat,Viamao,VIA_L2,9,-999999.8668863,false,lata
130,Kuat,Viamao,VIA_L2,10,-0.0,false,lata
130,Kuat,Viamao,VIA_L2,11,-0.0,false,lata
130,Kuat,Viamao,VIA_L2,12,-0.0,false,lata
130,Kuat,Viamao,VIA_L2,13,-0.0,false,lata
130,Kuat,Viamao,VIA_L2,14,-0.0,false,lata
130,Kuat,Viamao,VIA_L2,15,-0.0,false,lata
130,Kuat,Viamao,VIA_L3,1,-0.0,false,lata
130,Kuat,Viamao,VIA_L3,2,-0.0,false,lata
130,Kuat,Viamao,VIA_L3,3,-0.0,false,lata
130,Kuat,Viamao,VIA_L3,4,-0.0,false,lata
130,Kuat,Viamao,VIA_L3,5,-0.0,false,lata
130,Kuat,Viamao,VIA_L3,6,-0.0,false,lata
130,Kuat,Viamao,VIA_L3,7,-0.0,false,lata
130,Kuat,Viamao,VIA_L3,8,-0.0,false,lata
130,Kuat,Viamao,VIA_L3,9,-0.0,false,lata
130,Kuat,Viamao,VIA_L3,10,-0.0,false,lata
130,Kuat,Viamao,VIA_L3,11,-0.0,false,lata
130,Kuat,Viamao,VIA_L3,12,-0.0,false,lata
130,Kuat,Viamao,VIA_L3,13,-0.0,false,lata
130,Kuat,Viamao,VIA_L3,14,-0.0,false,lata
130,Kuat,Viamao,VIA_L3,15,-0.0,false,lata
130,Kuat,Itupeva,ITU_L1,1,-0.0,false,lata
130,Kuat,Itupeva,ITU_L1,2,-0.0,false,lata
130,Kuat,Itupeva,ITU_L1,3,-0.0,false,lata
130,Kuat,Itupeva,ITU_L1,4,-0.0,false,lata
130,Kuat,Itupeva,ITU_L1,5,-0.0,false,lata
130,Kuat,Itupeva,ITU_L1,6,-0.0,false,lata
130,Kuat,Itupeva,ITU_L1,7,-0.0,false,lata
130,Kuat,Itupeva,ITU_L1,8,-0.0,false,lata
130,Kuat,Itupeva,ITU_L1,9,-0.0,false,lata
130,Kuat,Itupeva,ITU_L1,10,-0.0,false,lata
130,Kuat,Itupeva,ITU_L1,11,-0.0,false,lata
130,Kuat,Itupeva,ITU_L1,12,-0.0,false,lata
130,Kuat,Itupeva,ITU_L1,13,-0.0,false,lata
130,Kuat,Itupeva,ITU_L1,14,-0.0,false,lata
130,Kuat,Itupeva,ITU_L1,15,-999999.5469421499,false,lata
130,Kuat,Itupeva,ITU_L2,1,-0.0,false,lata
130,Kuat,Itupeva,ITU_L2,2,-0.0,false,lata
130,Kuat,Itupeva,ITU_L2,3,-0.0,false,lata
130,Kuat,Itupeva,ITU_L2,4,-0.0,false,lata
130,Kuat,Itupeva,ITU_L2,5,-0.0,false,lata
130,Kuat,Itupeva,ITU_L2,6,-0.0,false,lata
130,Kuat,Itupeva,ITU_L2,7,-0.0,false,lata
130,Kuat,Itupeva,ITU_L2,8,-0.0,false,lata
130,Kuat,Itupeva,ITU_L2,9,-0.0,false,lata
130,Kuat,Itupeva,ITU_L2,10,-0.0,false,lata
130,Kuat,Itupeva,ITU_L2,11,-0.0,false,lata
130,Kuat,Itupeva,ITU_L2,12,-0.0,false,lata
130,Kuat,Itupeva,ITU_L2,13,-0.0,false,lata
130,Kuat,Itupeva,ITU_L2,14,-0.0,false,lata
130,Kuat,Itupeva,ITU_L2,15,-0.0,false,lata
130,Kuat,Itupeva,ITU_L3,1,-0.0,false,lata
130,Kuat,Itupeva,ITU_L3,2,-0.0,false,lata
130,Kuat,Itupeva,ITU_L3,3,-999999.66308585,false,lata
130,Kuat,Itupeva,ITU_L3,4,-0.0,false,lata
130,Kuat,Itupeva,ITU_L3,5,-999999.6668661499,false,lata
130,Kuat,Itupeva,ITU_L3,6,-0.0,false,lata
130,Kuat,Itupeva,ITU_L3,7,-0.0,false,lata
130,Kuat,Itupeva,ITU_L3,8,-0.0,false,lata
130,Kuat,Itupeva,ITU_L3,9,-0.0,false,lata
130,Kuat,Itupeva,ITU_L3,10,-999999.83766715,false,lata
130,Kuat,Itupeva,ITU_L3,11,-0.0,false,lata
130,Kuat,Itupeva,ITU_L3,12,-0.0,false,lata
130,Kuat,Itupeva,ITU_L3,13,-0.0,false,lata
130,Kuat,Itupeva,ITU_L3,14,-0.0,false,lata
130,Kuat,Itupeva,ITU_L3,15,-0.0,false,lata
130,Kuat,Cabo de Santo Agostinho,CAB_L1,1,-0.0,false,lata
130,Kuat,Cabo de Santo Agostinho,CAB_L1,2,-999999.4598180499,false,lata
130,Kuat,Cabo de Santo Agostinho,CAB_L1,3,-0.0,false,lata
130,Kuat,Cabo de Santo Agostinho,CAB_L1,4,-0.0,false,lata
130,Kuat,Cabo de Santo Agostinho,CAB_L1,5,-0.0,false,lata
130,Kuat,Cabo de Santo Agostinho,CAB_L1,6,-0.0,false,lata
130,Kuat,Cabo de Santo Agostinho,CAB_L1,7,-0.0,false,lata
130,Kuat,Cabo de Santo Agostinho,CAB_L1,8,-0.0,false,lata
130,Kuat,Cabo de Santo Agostinho,CAB_L1,9,-0.0,false,lata
130,Kuat,Cabo de Santo Agostinho,CAB_L1,10,-0.0,false,lata
130,Kuat,Cabo de Santo Agostinho,CAB_L1,11,-0.0,false,lata
130,Kuat,Cabo de Santo Agostinho,CAB_L1,12,-999999.26065095,false,lata
130,Kuat,Cabo de Santo Agostinho,CAB_L1,13,-0.0,false,lata
130,Kuat,Cabo de Santo Agostinho,CAB_L1,14,-0.0,false,lata
130,Kuat,Cabo de Santo Agostinho,CAB_L1,15,-0.0,false,lata
130,Kuat,Cabo de Santo Agostinho,CAB_L2,1,-0.0,false,lata
130,Kuat,Cabo de Santo Agostinho,CAB_L2,2,-0.0,false,lata
130,Kuat,Cabo de Santo Agostinho,CAB_L2,3,-0.0,false,lata
130,Kuat,Cabo de Santo Agostinho,CAB_L2,4,-0.0,false,lata
130,Kuat,Cabo de Santo Agostinho,CAB_L2,5,-0.0,false,lata
130,Kuat,Cabo de Santo Agostinho,CAB_L2,6,-0.0,false,lata
130,Kuat,Cabo de Santo Agostinho,CAB_L2,7,-999999.4467232998,false,lata
130,Kuat,Cabo de Santo Agostinho,CAB_L2,8,-0.0,false,lata
130,Kuat,Cabo de Santo Agostinho,CAB_L2,9,-0.0,false,lata
130,Kuat,Cabo de Santo Agostinho,CAB_L2,10,-0.0,false,lata
130,Kuat,Cabo de Santo Agostinho,CAB_L2,11,-0.0,false,lata
130,Kuat,Cabo de Santo Agostinho,CAB_L2,12,-999999.26065095,false,lata
130,Kuat,Cabo de Santo Agostinho,CAB_L2,13,-0.0,false,lata
130,Kuat,Cabo de Santo Agostinho,CAB_L2,14,-0.0,false,lata
130,Kuat,Cabo de Santo Agostinho,CAB_L2,15,-0.0,false,lata
130,Kuat,Cabo de Santo Agostinho,CAB_L3,1,-999999.6154478998,false,lata
130,Kuat,Cabo de Santo Agostinho,CAB_L3,2,-999999.4598180499,false,lata
130,Kuat,Cabo de Santo Agostinho,CAB_L3,3,-0.0,false,lata
130,Kuat,Cabo de Santo Agostinho,CAB_L3,4,-0.0,false,lata
130,Kuat,Cabo de Santo Agostinho,CAB_L3,5,-0.0,false,lata
130,Kuat,Cabo de Santo Agostinho,CAB_L3,6,-0.0,false,lata
130,Kuat,Cabo de Santo Agostinho,CAB_L3,7,-0.0,false,lata
130,Kuat,Cabo de Santo Agostinho,CAB_L3,8,-0.0,false,lata
130,Kuat,Cabo de Santo Agostinho,CAB_L3,9,-0.0,false,lata
130,Kuat,Cabo de Santo Agostinho,CAB_L3,10,-0.0,false,lata
130,Kuat,Cabo de Santo Agostinho,CAB_L3,11,-0.0,false,lata
130,Kuat,Cabo de Santo Agostinho,CAB_L3,12,-0.0,false,lata
130,Kuat,Cabo de Santo Agostinho,CAB_L3,13,-0.0,false,lata
130,Kuat,Cabo de Santo Agostinho,CAB_L3,14,-0.0,false,lata
130,Kuat,Cabo de Santo Agostinho,CAB_L3,15,-0.0,false,lata
130,Del_Valle_Pessego,Jacarei,JAC_L1,1,-0.0,false,lata
130,Del_Valle_Pessego,Jacarei,JAC_L1,2,-0.0,false,lata
130,Del_Valle_Pessego,Jacarei,JAC_L1,3,-0.0,false,lata
130,Del_Valle_Pessego,Jacarei,JAC_L1,4,-0.0,false,lata
130,Del_Valle_Pessego,Jacarei,JAC_L1,5,-0.0,false,lata
130,Del_Valle_Pessego,Jacarei,JAC_L1,6,-0.0,false,lata
130,Del_Valle_Pessego,Jacarei,JAC_L1,7,-0.0,false,lata
130,Del_Valle_Pessego,Jacarei,JAC_L1,8,-0.0,false,lata
130,Del_Valle_Pessego,Jacarei,JAC_L1,9,-0.0,false,lata
130,Del_Valle_Pessego,Jacarei,JAC_L1,10,-0.0,false,lata
130,Del_Valle_Pessego,Jacarei,JAC_L1,11,-0.0,false,lata
130,Del_Valle_Pessego,Jacarei,JAC_L1,12,-0.0,false,lata
130,Del_Valle_Pessego,Jacarei,JAC_L1,13,-0.0,false,lata
130,Del_Valle_Pessego,Jacarei,JAC_L1,14,-0.0,false,lata
130,Del_Valle_Pessego,Jacarei,JAC_L1,15,-0.0,false,lata
130,Del_Valle_Pessego,Jacarei,JAC_L2,1,-0.0,false,lata
130,Del_Valle_Pessego,Jacarei,JAC_L2,2,-999999.98776025,false,lata
130,Del_Valle_Pessego,Jacarei,JAC_L2,3,-0.0,false,lata
130,Del_Valle_Pessego,Jacarei,JAC_L2,4,-0.0,false,lata
130,Del_Valle_Pessego,Jacarei,JAC_L2,5,-0.0,false,lata
130,Del_Valle_Pessego,Jacarei,JAC_L2,6,-0.0,false,lata
130,Del_Valle_Pessego,Jacarei,JAC_L2,7,-999999.7094103,false,lata
130,Del_Valle_Pessego,Jacarei,JAC_L2,8,-0.0,false,lata
130,Del_Valle_Pessego,Jacarei,JAC_L2,9,-0.0,false,lata
130,Del_Valle_Pessego,Jacarei,JAC_L2,10,-0.0,false,lata
130,Del_Valle_Pessego,Jacarei,JAC_L2,11,-0.0,false,lata
130,Del_Valle_Pessego,Jacarei,JAC_L2,12,-0.0,false,lata
130,Del_Valle_Pessego,Jacarei,JAC_L2,13,-0.0,false,lata
130,Del_Valle_Pessego,Jacarei,JAC_L2,14,-999998.7833117001,false,lata
130,Del_Valle_Pessego,Jacarei,JAC_L2,15,-0.0,false,lata
130,Del_Valle_Pessego,Jacarei,JAC_L3,1,-0.0,false,lata
130,Del_Valle_Pessego,Jacarei,JAC_L3,2,-999999.98776025,false,lata
130,Del_Valle_Pessego,Jacarei,JAC_L3,3,-0.0,false,lata
130,Del_Valle_Pessego,Jacarei,JAC_L3,4,-0.0,false,lata
130,Del_Valle_Pessego,Jacarei,JAC_L3,5,-0.0,false,lata
130,Del_Valle_Pessego,Jacarei,JAC_L3,6,-0.0,false,lata
130,Del_Valle_Pessego,Jacarei,JAC_L3,7,-0.0,false,lata
130,Del_Valle_Pessego,Jacarei,JAC_L3,8,-0.0,false,lata
130,Del_Valle_Pessego,Jacarei,JAC_L3,9,-0.0,false,lata
130,Del_Valle_Pessego,Jacarei,JAC_L3,10,-0.0,false,lata
130,Del_Valle_Pessego,Jacarei,JAC_L3,11,-0.0,false,lata
130,Del_Valle_Pessego,Jacarei,JAC_L3,12,-0.0,false,lata
130,Del_Valle_Pessego,Jacarei,JAC_L3,13,-0.0,false,lata
130,Del_Valle_Pessego,Jacarei,JAC_L3,14,-0.0,false,lata
130,Del_Valle_Pessego,Jacarei,JAC_L3,15,-0.0,false,lata
130,Del_Valle_Pessego,Extrema,EXT_L1,1,-0.0,false,lata
130,Del_Valle_Pessego,Extrema,EXT_L1,2,-0.0,false,lata
130,Del_Valle_Pessego,Extrema,EXT_L1,3,-0.0,false,lata
130,Del_Valle_Pessego,Extrema,EXT_L1,4,-0.0,false,lata
130,Del_Valle_Pessego,Extrema,EXT_L1,5,-0.0,false,lata
130,Del_Valle_Pessego,Extrema,EXT_L1,6,-0.0,false,lata
130,Del_Valle_Pessego,Extrema,EXT_L1,7,-0.0,false,lata
130,Del_Valle_Pessego,Extrema,EXT_L1,8,-0.0,false,lata
130,Del_Valle_Pessego,Extrema,EXT_L1,9,-0.0,false,lata
130,Del_Valle_Pessego,Extrema,EXT_L1,10,-0.0,false,lata
130,Del_Valle_Pessego,Extrema,EXT_L1,11,-0.0,false,lata
130,Del_Valle_Pessego,Extrema,EXT_L1,12,-0.0,false,lata
130,Del_Valle_Pessego,Extrema,EXT_L1,13,-0.0,false,lata
130,Del_Valle_Pessego,Extrema,EXT_L1,14,-0.0,false,lata
130,Del_Valle_Pessego,Extrema,EXT_L1,15,-0.0,false,lata
130,Del_Valle_Pessego,Extrema,EXT_L2,1,-0.0,false,lata
130,Del_Valle_Pessego,Extrema,EXT_L2,2,-0.0,false,lata
130,Del_Valle_Pessego,Extrema,EXT_L2,3,-0.0,false,lata
130,Del_Valle_Pessego,Extrema,EXT_L2,4,-0.0,false,lata
130,Del_Valle_Pessego,Extrema,EXT_L2,5,-999999.2496003499,false,lata
130,Del_Valle_Pessego,Extrema,EXT_L2,6,-0.0,false,lata
130,Del_Valle_Pessego,Extrema,EXT_L2,7,-999999.70672445,false,lata
130,Del_Valle_Pessego,Extrema,EXT_L2,8,-0.0,false,lata
130,Del_Valle_Pessego,Extrema,EXT_L2,9,-0.0,false,lata
130,Del_Valle_Pessego,Extrema,EXT_L2,10,-0.0,false,lata
130,Del_Valle_Pessego,Extrema,EXT_L2,11,-0.0,false,lata
130,Del_Valle_Pessego,Extrema,EXT_L2,12,-0.0,false,lata
130,Del_Valle_Pessego,Extrema,EXT_L2,13,-999998.5204258501,false,lata
130,Del_Valle_Pessego,Extrema,EXT_L2,14,-0.0,false,lata
130,Del_Valle_Pessego,Extrema,EXT_L2,15,-0.0,false,lata
130,Del_Valle_Pessego,Extrema,EXT_L3,1,-999999.7468346499,false,lata
130,Del_Valle_Pessego,Extrema,EXT_L3,2,-0.0,false,lata
130,Del_Valle_Pessego,Extrema,EXT_L3,3,-0.0,false,lata
130,Del_Valle_Pessego,Extrema,EXT_L3,4,-0.0,false,lata
130,Del_Valle_Pessego,Extrema,EXT_L3,5,-0.0,false,lata
130,Del_Valle_Pessego,Extrema,EXT_L3,6,-0.0,false,lata
130,Del_Valle_Pessego,Extrema,EXT_L3,7,-0.0,false,lata
130,Del_Valle_Pessego,Extrema,EXT_L3,8,-0.0,false,lata
130,Del_Valle_Pessego,Extrema,EXT_L3,9,-0.0,false,lata
130,Del_Valle_Pessego,Extrema,EXT_L3,10,-0.0,false,lata
130,Del_Valle_Pessego,Extrema,EXT_L3,11,-0.0,false,lata
130,Del_Valle_Pessego,Extrema,EXT_L3,12,-0.0,false,lata
130,Del_Valle_Pessego,Extrema,EXT_L3,13,-0.0,false,lata
130,Del_Valle_Pessego,Extrema,EXT_L3,14,-0.0,false,lata
130,Del_Valle_Pessego,Extrema,EXT_L3,15,-0.0,false,lata
130,Del_Valle_Pessego,Tres Rios,TRE_L1,1,-0.0,false,lata
130,Del_Valle_Pessego,Tres Rios,TRE_L1,2,-0.0,false,lata
130,Del_Valle_Pessego,Tres Rios,TRE_L1,3,-0.0,false,lata
130,Del_Valle_Pessego,Tres Rios,TRE_L1,4,-0.0,false,lata
130,Del_Valle_Pessego,Tres Rios,TRE_L1,5,-0.0,false,lata
130,Del_Valle_Pessego,Tres Rios,TRE_L1,6,-0.0,false,lata
130,Del_Valle_Pessego,Tres Rios,TRE_L1,7,-0.0,false,lata
130,Del_Valle_Pessego,Tres Rios,TRE_L1,8,-0.0,false,lata
130,Del_Valle_Pessego,Tres Rios,TRE_L1,9,-0.0,false,lata
130,Del_Valle_Pessego,Tres Rios,TRE_L1,10,-0.0,false,lata
130,Del_Valle_Pessego,Tres Rios,TRE_L1,11,-0.0,false,lata
130,Del_Valle_Pessego,Tres Rios,TRE_L1,12,-0.0,false,lata
130,Del_Valle_Pessego,Tres Rios,TRE_L1,13,-0.0,false,lata
130,Del_Valle_Pessego,Tres Rios,TRE_L1,14,-0.0,false,lata
130,Del_Valle_Pessego,Tres Rios,TRE_L1,15,-999998.8917439498,false,lata
130,Del_Valle_Pessego,Tres Rios,TRE_L2,1,-0.0,false,lata
130,Del_Valle_Pessego,Tres Rios,TRE_L2,2,-999999.9907638499,false,lata
130,Del_Valle_Pessego,Tres Rios,TRE_L2,3,-0.0,false,lata
130,Del_Valle_Pessego,Tres Rios,TRE_L2,4,-0.0,false,lata
130,Del_Valle_Pessego,Tres Rios,TRE_L2,5,-0.0,false,lata
130,Del_Valle_Pessego,Tres Rios,TRE_L2,6,-0.0,false,lata
130,Del_Valle_Pessego,Tres Rios,TRE_L2,7,-0.0,false,lata
130,Del_Valle_Pessego,Tres Rios,TRE_L2,8,-0.0,false,lata
130,Del_Valle_Pessego,Tres Rios,TRE_L2,9,-0.0,false,lata
130,Del_Valle_Pessego,Tres Rios,TRE_L2,10,-0.0,false,lata
130,Del_Valle_Pessego,Tres Rios,TRE_L2,11,-0.0,false,lata
130,Del_Valle_Pessego,Tres Rios,TRE_L2,12,-0.0,false,lata
130,Del_Valle_Pessego,Tres Rios,TRE_L2,13,-999998.51002835,false,lata
130,Del_Valle_Pessego,Tres Rios,TRE_L2,14,-0.0,false,lata
130,Del_Valle_Pessego,Tres Rios,TRE_L2,15,-0.0,false,lata
130,Del_Valle_Pessego,Tres Rios,TRE_L3,1,-0.0,false,lata
130,Del_Valle_Pessego,Tres Rios,TRE_L3,2,-0.0,false,lata
130,Del_Valle_Pessego,Tres Rios,TRE_L3,3,-0.0,false,lata
130,Del_Valle_Pessego,Tres Rios,TRE_L3,4,-0.0,false,lata
130,Del_Valle_Pessego,Tres Rios,TRE_L3,5,-0.0,false,lata
130,Del_Valle_Pessego,Tres Rios,TRE_L3,6,-0.0,false,lata
130,Del_Valle_Pessego,Tres Rios,TRE_L3,7,-0.0,false,lata
130,Del_Valle_Pessego,Tres Rios,TRE_L3,8,-0.0,false,lata
130,Del_Valle_Pessego,Tres Rios,TRE_L3,9,-0.0,false,lata
130,Del_Valle_Pessego,Tres Rios,TRE_L3,10,-0.0,false,lata
130,Del_Valle_Pessego,Tres Rios,TRE_L3,11,-0.0,false,lata
130,Del_Valle_Pessego,Tres Rios,TRE_L3,12,-0.0,false,lata
130,Del_Valle_Pessego,Tres Rios,TRE_L3,13,-0.0,false,lata
130,Del_Valle_Pessego,Tres Rios,TRE_L3,14,-0.0,false,lata
130,Del_Valle_Pessego,Tres Rios,TRE_L3,15,-0.0,false,lata
130,Del_Valle_Pessego,Alagoinhas,ALA_L1,1,-0.0,false,lata
130,Del_Valle_Pessego,Alagoinhas,ALA_L1,2,-0.0,false,lata
130,Del_Valle_Pessego,Alagoinhas,ALA_L1,3,-0.0,false,lata
130,Del_Valle_Pessego,Alagoinhas,ALA_L1,4,-999999.0137036999,false,lata
130,Del_Valle_Pessego,Alagoinhas,ALA_L1,5,-0.0,false,lata
130,Del_Valle_Pessego,Alagoinhas,ALA_L1,6,-0.0,false,lata
130,Del_Valle_Pessego,Alagoinhas,ALA_L1,7,-0.0,false,lata
130,Del_Valle_Pessego,Alagoinhas,ALA_L1,8,-0.0,false,lata
130,Del_Valle_Pessego,Alagoinhas,ALA_L1,9,-0.0,false,lata
130,Del_Valle_Pessego,Alagoinhas,ALA_L1,10,-0.0,false,lata
130,Del_Valle_Pessego,Alagoinhas,ALA_L1,11,-0.0,false,lata
130,Del_Valle_Pessego,Alagoinhas,ALA_L1,12,-0.0,false,lata
130,Del_Valle_Pessego,Alagoinhas,ALA_L1,13,-0.0,false,lata
130,Del_Valle_Pessego,Alagoinhas,ALA_L1,14,-0.0,false,lata
130,Del_Valle_Pessego,Alagoinhas,ALA_L1,15,-0.0,false,lata
130,Del_Valle_Pessego,Alagoinhas,ALA_L2,1,-0.0,false,lata
130,Del_Valle_Pessego,Alagoinhas,ALA_L2,2,-0.0,false,lata
130,Del_Valle_Pessego,Alagoinhas,ALA_L2,3,-0.0,false,lata
130,Del_Valle_Pessego,Alagoinhas,ALA_L2,4,-0.0,false,lata
130,Del_Valle_Pessego,Alagoinhas,ALA_L2,5,-0.0,false,lata
130,Del_Valle_Pessego,Alagoinhas,ALA_L2,6,-0.0,false,lata
130,Del_Valle_Pessego,Alagoinhas,ALA_L2,7,-0.0,false,lata
130,Del_Valle_Pessego,Alagoinhas,ALA_L2,8,-0.0,false,lata
130,Del_Valle_Pessego,Alagoinhas,ALA_L2,9,-0.0,false,lata
130,Del_Valle_Pessego,Alagoinhas,ALA_L2,10,-0.0,false,lata
130,Del_Valle_Pessego,Alagoinhas,ALA_L2,11,-0.0,false,lata
130,Del_Valle_Pessego,Alagoinhas,ALA_L2,12,-0.0,false,lata
130,Del_Valle_Pessego,Alagoinhas,ALA_L2,13,-0.0,false,lata
130,Del_Valle_Pessego,Alagoinhas,ALA_L2,14,-0.0,false,lata
130,Del_Valle_Pessego,Alagoinhas,ALA_L2,15,-0.0,false,lata
130,Del_Valle_Pessego,Alagoinhas,ALA_L3,1,-0.0,false,lata
130,Del_Valle_Pessego,Alagoinhas,ALA_L3,2,-0.0,false,lata
130,Del_Valle_Pessego,Alagoinhas,ALA_L3,3,-0.0,false,lata
130,Del_Valle_Pessego,Alagoinhas,ALA_L3,4,-0.0,false,lata
130,Del_Valle_Pessego,Alagoinhas,ALA_L3,5,-0.0,false,lata
130,Del_Valle_Pessego,Alagoinhas,ALA_L3,6,-0.0,false,lata
130,Del_Valle_Pessego,Alagoinhas,ALA_L3,7,-0.0,false,lata
130,Del_Valle_Pessego,Alagoinhas,ALA_L3,8,-0.0,false,lata
130,Del_Valle_Pessego,Alagoinhas,ALA_L3,9,-0.0,false,lata
130,Del_Valle_Pessego,Alagoinhas,ALA_L3,10,-0.0,false,lata
130,Del_Valle_Pessego,Alagoinhas,ALA_L3,11,-0.0,false,lata
130,Del_Valle_Pessego,Alagoinhas,ALA_L3,12,-0.0,false,lata
130,Del_Valle_Pessego,Alagoinhas,ALA_L3,13,-0.0,false,lata
130,Del_Valle_Pessego,Alagoinhas,ALA_L3,14,-0.0,false,lata
130,Del_Valle_Pessego,Alagoinhas,ALA_L3,15,-0.0,false,lata
130,Del_Valle_Pessego,Frutal,FRU_L1,1,-0.0,false,lata
130,Del_Valle_Pessego,Frutal,FRU_L1,2,-0.0,false,lata
130,Del_Valle_Pessego,Frutal,FRU_L1,3,-0.0,false,lata
130,Del_Valle_Pessego,Frutal,FRU_L1,4,-0.0,false,lata
130,Del_Valle_Pessego,Frutal,FRU_L1,5,-0.0,false,lata
130,Del_Valle_Pessego,Frutal,FRU_L1,6,-0.0,false,lata
130,Del_Valle_Pessego,Frutal,FRU_L1,7,-999999.72165005,false,lata
130,Del_Valle_Pessego,Frutal,FRU_L1,8,-0.0,false,lata
130,Del_Valle_Pessego,Frutal,FRU_L1,9,-0.0,false,lata
130,Del_Valle_Pessego,Frutal,FRU_L1,10,-0.0,false,lata
130,Del_Valle_Pessego,Frutal,FRU_L1,11,-0.0,false,lata
130,Del_Valle_Pessego,Frutal,FRU_L1,12,-0.0,false,lata
130,Del_Valle_Pessego,Frutal,FRU_L1,13,-0.0,false,lata
130,Del_Valle_Pessego,Frutal,FRU_L1,14,-0.0,false,lata
130,Del_Valle_Pessego,Frutal,FRU_L1,15,-0.0,false,lata
130,Del_Valle_Pessego,Frutal,FRU_L2,1,-0.0,false,lata
130,Del_Valle_Pessego,Frutal,FRU_L2,2,-0.0,false,lata
130,Del_Valle_Pessego,Frutal,FRU_L2,3,-0.0,false,lata
130,Del_Valle_Pessego,Frutal,FRU_L2,4,-0.0,false,lata
130,Del_Valle_Pessego,Frutal,FRU_L2,5,-999999.2636471499,false,lata
130,Del_Valle_Pessego,Frutal,FRU_L2,6,-0.0,false,lata
130,Del_Valle_Pessego,Frutal,FRU_L2,7,-999999.72165005,false,lata
130,Del_Valle_Pessego,Frutal,FRU_L2,8,-0.0,false,lata
130,Del_Valle_Pessego,Frutal,FRU_L2,9,-0.0,false,lata
130,Del_Valle_Pessego,Frutal,FRU_L2,10,-0.0,false,lata
130,Del_Valle_Pessego,Frutal,FRU_L2,11,-0.0,false,lata
130,Del_Valle_Pessego,Frutal,FRU_L2,12,-0.0,false,lata
130,Del_Valle_Pessego,Frutal,FRU_L2,13,-0.0,false,lata
130,Del_Valle_Pessego,Frutal,FRU_L2,14,-0.0,false,lata
130,Del_Valle_Pessego,Frutal,FRU_L2,15,-0.0,false,lata
130,Del_Valle_Pessego,Frutal,FRU_L3,1,-0.0,false,lata
130,Del_Valle_Pessego,Frutal,FRU_L3,2,-1.0e6,true,lata
130,Del_Valle_Pessego,Frutal,FRU_L3,3,-0.0,false,lata
130,Del_Valle_Pessego,Frutal,FRU_L3,4,-0.0,false,lata
130,Del_Valle_Pessego,Frutal,FRU_L3,5,-999999.2636471499,false,lata
130,Del_Valle_Pessego,Frutal,FRU_L3,6,-0.0,false,lata
130,Del_Valle_Pessego,Frutal,FRU_L3,7,-0.0,false,lata
130,Del_Valle_Pessego,Frutal,FRU_L3,8,-999999.9844253,false,lata
130,Del_Valle_Pessego,Frutal,FRU_L3,9,-0.0,false,lata
130,Del_Valle_Pessego,Frutal,FRU_L3,10,-0.0,false,lata
130,Del_Valle_Pessego,Frutal,FRU_L3,11,-0.0,false,lata
130,Del_Valle_Pessego,Frutal,FRU_L3,12,-999998.2860609002,false,lata
130,Del_Valle_Pessego,Frutal,FRU_L3,13,-0.0,false,lata
130,Del_Valle_Pessego,Frutal,FRU_L3,14,-0.0,false,lata
130,Del_Valle_Pessego,Frutal,FRU_L3,15,-0.0,false,lata
130,Del_Valle_Pessego,Pouso Alegre,POU_L1,1,-0.0,false,lata
130,Del_Valle_Pessego,Pouso Alegre,POU_L1,2,-0.0,false,lata
130,Del_Valle_Pessego,Pouso Alegre,POU_L1,3,-0.0,false,lata
130,Del_Valle_Pessego,Pouso Alegre,POU_L1,4,-0.0,false,lata
130,Del_Valle_Pessego,Pouso Alegre,POU_L1,5,-999999.2466473499,false,lata
130,Del_Valle_Pessego,Pouso Alegre,POU_L1,6,-0.0,false,lata
130,Del_Valle_Pessego,Pouso Alegre,POU_L1,7,-0.0,false,lata
130,Del_Valle_Pessego,Pouso Alegre,POU_L1,8,-0.0,false,lata
130,Del_Valle_Pessego,Pouso Alegre,POU_L1,9,-999999.7845812001,false,lata
130,Del_Valle_Pessego,Pouso Alegre,POU_L1,10,-0.0,false,lata
130,Del_Valle_Pessego,Pouso Alegre,POU_L1,11,-999998.0306177499,false,lata
130,Del_Valle_Pessego,Pouso Alegre,POU_L1,12,-0.0,false,lata
130,Del_Valle_Pessego,Pouso Alegre,POU_L1,13,-0.0,false,lata
130,Del_Valle_Pessego,Pouso Alegre,POU_L1,14,-0.0,false,lata
130,Del_Valle_Pessego,Pouso Alegre,POU_L1,15,-0.0,false,lata
130,Del_Valle_Pessego,Pouso Alegre,POU_L2,1,-0.0,false,lata
130,Del_Valle_Pessego,Pouso Alegre,POU_L2,2,-0.0,false,lata
130,Del_Valle_Pessego,Pouso Alegre,POU_L2,3,-0.0,false,lata
130,Del_Valle_Pessego,Pouso Alegre,POU_L2,4,-0.0,false,lata
130,Del_Valle_Pessego,Pouso Alegre,POU_L2,5,-0.0,false,lata
130,Del_Valle_Pessego,Pouso Alegre,POU_L2,6,-0.0,false,lata
130,Del_Valle_Pessego,Pouso Alegre,POU_L2,7,-0.0,false,lata
130,Del_Valle_Pessego,Pouso Alegre,POU_L2,8,-0.0,false,lata
130,Del_Valle_Pessego,Pouso Alegre,POU_L2,9,-0.0,false,lata
130,Del_Valle_Pessego,Pouso Alegre,POU_L2,10,-0.0,false,lata
130,Del_Valle_Pessego,Pouso Alegre,POU_L2,11,-0.0,false,lata
130,Del_Valle_Pessego,Pouso Alegre,POU_L2,12,-0.0,false,lata
130,Del_Valle_Pessego,Pouso Alegre,POU_L2,13,-0.0,false,lata
130,Del_Valle_Pessego,Pouso Alegre,POU_L2,14,-0.0,false,lata
130,Del_Valle_Pessego,Pouso Alegre,POU_L2,15,-0.0,false,lata
130,Del_Valle_Pessego,Pouso Alegre,POU_L3,1,-0.0,false,lata
130,Del_Valle_Pessego,Pouso Alegre,POU_L3,2,-0.0,false,lata
130,Del_Valle_Pessego,Pouso Alegre,POU_L3,3,-999998.7228051499,false,lata
130,Del_Valle_Pessego,Pouso Alegre,POU_L3,4,-0.0,false,lata
130,Del_Valle_Pessego,Pouso Alegre,POU_L3,5,-0.0,false,lata
130,Del_Valle_Pessego,Pouso Alegre,POU_L3,6,-0.0,false,lata
130,Del_Valle_Pessego,Pouso Alegre,POU_L3,7,-0.0,false,lata
130,Del_Valle_Pessego,Pouso Alegre,POU_L3,8,-0.0,false,lata
130,Del_Valle_Pessego,Pouso Alegre,POU_L3,9,-0.0,false,lata
130,Del_Valle_Pessego,Pouso Alegre,POU_L3,10,-0.0,false,lata
130,Del_Valle_Pessego,Pouso Alegre,POU_L3,11,-0.0,false,lata
130,Del_Valle_Pessego,Pouso Alegre,POU_L3,12,-0.0,false,lata
130,Del_Valle_Pessego,Pouso Alegre,POU_L3,13,-0.0,false,lata
130,Del_Valle_Pessego,Pouso Alegre,POU_L3,14,-0.0,false,lata
130,Del_Valle_Pessego,Pouso Alegre,POU_L3,15,-999998.8857405998,false,lata
130,Del_Valle_Pessego,Gama,GAM_L1,1,-999999.7317555,false,lata
130,Del_Valle_Pessego,Gama,GAM_L1,2,-0.0,false,lata
130,Del_Valle_Pessego,Gama,GAM_L1,3,-0.0,false,lata
130,Del_Valle_Pessego,Gama,GAM_L1,4,-0.0,false,lata
130,Del_Valle_Pessego,Gama,GAM_L1,5,-0.0,false,lata
130,Del_Valle_Pessego,Gama,GAM_L1,6,-0.0,false,lata
130,Del_Valle_Pessego,Gama,GAM_L1,7,-0.0,false,lata
130,Del_Valle_Pessego,Gama,GAM_L1,8,-1.0e6,true,lata
130,Del_Valle_Pessego,Gama,GAM_L1,9,-0.0,false,lata
130,Del_Valle_Pessego,Gama,GAM_L1,10,-0.0,false,lata
130,Del_Valle_Pessego,Gama,GAM_L1,11,-0.0,false,lata
130,Del_Valle_Pessego,Gama,GAM_L1,12,-0.0,false,lata
130,Del_Valle_Pessego,Gama,GAM_L1,13,-0.0,false,lata
130,Del_Valle_Pessego,Gama,GAM_L1,14,-0.0,false,lata
130,Del_Valle_Pessego,Gama,GAM_L1,15,-0.0,false,lata
130,Del_Valle_Pessego,Gama,GAM_L2,1,-0.0,false,lata
130,Del_Valle_Pessego,Gama,GAM_L2,2,-0.0,false,lata
130,Del_Valle_Pessego,Gama,GAM_L2,3,-0.0,false,lata
130,Del_Valle_Pessego,Gama,GAM_L2,4,-0.0,false,lata
130,Del_Valle_Pessego,Gama,GAM_L2,5,-0.0,false,lata
130,Del_Valle_Pessego,Gama,GAM_L2,6,-0.0,false,lata
130,Del_Valle_Pessego,Gama,GAM_L2,7,-0.0,false,lata
130,Del_Valle_Pessego,Gama,GAM_L2,8,-0.0,false,lata
130,Del_Valle_Pessego,Gama,GAM_L2,9,-0.0,false,lata
130,Del_Valle_Pessego,Gama,GAM_L2,10,-0.0,false,lata
130,Del_Valle_Pessego,Gama,GAM_L2,11,-0.0,false,lata
130,Del_Valle_Pessego,Gama,GAM_L2,12,-0.0,false,lata
130,Del_Valle_Pessego,Gama,GAM_L2,13,-0.0,false,lata
130,Del_Valle_Pessego,Gama,GAM_L2,14,-0.0,false,lata
130,Del_Valle_Pessego,Gama,GAM_L2,15,-0.0,false,lata
130,Del_Valle_Pessego,Gama,GAM_L3,1,-0.0,false,lata
130,Del_Valle_Pessego,Gama,GAM_L3,2,-0.0,false,lata
130,Del_Valle_Pessego,Gama,GAM_L3,3,-0.0,false,lata
130,Del_Valle_Pessego,Gama,GAM_L3,4,-0.0,false,lata
130,Del_Valle_Pessego,Gama,GAM_L3,5,-0.0,false,lata
130,Del_Valle_Pessego,Gama,GAM_L3,6,-0.0,false,lata
130,Del_Valle_Pessego,Gama,GAM_L3,7,-0.0,false,lata
130,Del_Valle_Pessego,Gama,GAM_L3,8,-1.0e6,true,lata
130,Del_Valle_Pessego,Gama,GAM_L3,9,-0.0,false,lata
130,Del_Valle_Pessego,Gama,GAM_L3,10,-0.0,false,lata
130,Del_Valle_Pessego,Gama,GAM_L3,11,-0.0,false,lata
130,Del_Valle_Pessego,Gama,GAM_L3,12,-0.0,false,lata
130,Del_Valle_Pessego,Gama,GAM_L3,13,-0.0,false,lata
130,Del_Valle_Pessego,Gama,GAM_L3,14,-0.0,false,lata
130,Del_Valle_Pessego,Gama,GAM_L3,15,-0.0,false,lata
130,Del_Valle_Pessego,Viamao,VIA_L1,1,-0.0,false,lata
130,Del_Valle_Pessego,Viamao,VIA_L1,2,-0.0,false,lata
130,Del_Valle_Pessego,Viamao,VIA_L1,3,-0.0,false,lata
130,Del_Valle_Pessego,Viamao,VIA_L1,4,-0.0,false,lata
130,Del_Valle_Pessego,Viamao,VIA_L1,5,-0.0,false,lata
130,Del_Valle_Pessego,Viamao,VIA_L1,6,-0.0,false,lata
130,Del_Valle_Pessego,Viamao,VIA_L1,7,-0.0,false,lata
130,Del_Valle_Pessego,Viamao,VIA_L1,8,-0.0,false,lata
130,Del_Valle_Pessego,Viamao,VIA_L1,9,-0.0,false,lata
130,Del_Valle_Pessego,Viamao,VIA_L1,10,-0.0,false,lata
130,Del_Valle_Pessego,Viamao,VIA_L1,11,-0.0,false,lata
130,Del_Valle_Pessego,Viamao,VIA_L1,12,-0.0,false,lata
130,Del_Valle_Pessego,Viamao,VIA_L1,13,-0.0,false,lata
130,Del_Valle_Pessego,Viamao,VIA_L1,14,-0.0,false,lata
130,Del_Valle_Pessego,Viamao,VIA_L1,15,-0.0,false,lata
130,Del_Valle_Pessego,Viamao,VIA_L2,1,-0.0,false,lata
130,Del_Valle_Pessego,Viamao,VIA_L2,2,-0.0,false,lata
130,Del_Valle_Pessego,Viamao,VIA_L2,3,-0.0,false,lata
130,Del_Valle_Pessego,Viamao,VIA_L2,4,-0.0,false,lata
130,Del_Valle_Pessego,Viamao,VIA_L2,5,-0.0,false,lata
130,Del_Valle_Pessego,Viamao,VIA_L2,6,-0.0,false,lata
130,Del_Valle_Pessego,Viamao,VIA_L2,7,-0.0,false,lata
130,Del_Valle_Pessego,Viamao,VIA_L2,8,-0.0,false,lata
130,Del_Valle_Pessego,Viamao,VIA_L2,9,-0.0,false,lata
130,Del_Valle_Pessego,Viamao,VIA_L2,10,-0.0,false,lata
130,Del_Valle_Pessego,Viamao,VIA_L2,11,-0.0,false,lata
130,Del_Valle_Pessego,Viamao,VIA_L2,12,-0.0,false,lata
130,Del_Valle_Pessego,Viamao,VIA_L2,13,-0.0,false,lata
130,Del_Valle_Pessego,Viamao,VIA_L2,14,-0.0,false,lata
130,Del_Valle_Pessego,Viamao,VIA_L2,15,-0.0,false,lata
130,Del_Valle_Pessego,Viamao,VIA_L3,1,-0.0,false,lata
130,Del_Valle_Pessego,Viamao,VIA_L3,2,-0.0,false,lata
130,Del_Valle_Pessego,Viamao,VIA_L3,3,-0.0,false,lata
130,Del_Valle_Pessego,Viamao,VIA_L3,4,-0.0,false,lata
130,Del_Valle_Pessego,Viamao,VIA_L3,5,-0.0,false,lata
130,Del_Valle_Pessego,Viamao,VIA_L3,6,-0.0,false,lata
130,Del_Valle_Pessego,Viamao,VIA_L3,7,-0.0,false,lata
130,Del_Valle_Pessego,Viamao,VIA_L3,8,-0.0,false,lata
130,Del_Valle_Pessego,Viamao,VIA_L3,9,-0.0,false,lata
130,Del_Valle_Pessego,Viamao,VIA_L3,10,-0.0,false,lata
130,Del_Valle_Pessego,Viamao,VIA_L3,11,-0.0,false,lata
130,Del_Valle_Pessego,Viamao,VIA_L3,12,-0.0,false,lata
130,Del_Valle_Pessego,Viamao,VIA_L3,13,-0.0,false,lata
130,Del_Valle_Pessego,Viamao,VIA_L3,14,-999998.8205125001,false,lata
130,Del_Valle_Pessego,Viamao,VIA_L3,15,-0.0,false,lata
130,Del_Valle_Pessego,Itupeva,ITU_L1,1,-0.0,false,lata
130,Del_Valle_Pessego,Itupeva,ITU_L1,2,-0.0,false,lata
130,Del_Valle_Pessego,Itupeva,ITU_L1,3,-0.0,false,lata
130,Del_Valle_Pessego,Itupeva,ITU_L1,4,-0.0,false,lata
130,Del_Valle_Pessego,Itupeva,ITU_L1,5,-0.0,false,lata
130,Del_Valle_Pessego,Itupeva,ITU_L1,6,-0.0,false,lata
130,Del_Valle_Pessego,Itupeva,ITU_L1,7,-0.0,false,lata
130,Del_Valle_Pessego,Itupeva,ITU_L1,8,-0.0,false,lata
130,Del_Valle_Pessego,Itupeva,ITU_L1,9,-0.0,false,lata
130,Del_Valle_Pessego,Itupeva,ITU_L1,10,-0.0,false,lata
130,Del_Valle_Pessego,Itupeva,ITU_L1,11,-0.0,false,lata
130,Del_Valle_Pessego,Itupeva,ITU_L1,12,-0.0,false,lata
130,Del_Valle_Pessego,Itupeva,ITU_L1,13,-0.0,false,lata
130,Del_Valle_Pessego,Itupeva,ITU_L1,14,-0.0,false,lata
130,Del_Valle_Pessego,Itupeva,ITU_L1,15,-0.0,false,lata
130,Del_Valle_Pessego,Itupeva,ITU_L2,1,-0.0,false,lata
130,Del_Valle_Pessego,Itupeva,ITU_L2,2,-0.0,false,lata
130,Del_Valle_Pessego,Itupeva,ITU_L2,3,-0.0,false,lata
130,Del_Valle_Pessego,Itupeva,ITU_L2,4,-0.0,false,lata
130,Del_Valle_Pessego,Itupeva,ITU_L2,5,-0.0,false,lata
130,Del_Valle_Pessego,Itupeva,ITU_L2,6,-999999.4506276499,false,lata
130,Del_Valle_Pessego,Itupeva,ITU_L2,7,-0.0,false,lata
130,Del_Valle_Pessego,Itupeva,ITU_L2,8,-0.0,false,lata
130,Del_Valle_Pessego,Itupeva,ITU_L2,9,-999999.7846158001,false,lata
130,Del_Valle_Pessego,Itupeva,ITU_L2,10,-0.0,false,lata
130,Del_Valle_Pessego,Itupeva,ITU_L2,11,-0.0,false,lata
130,Del_Valle_Pessego,Itupeva,ITU_L2,12,-0.0,false,lata
130,Del_Valle_Pessego,Itupeva,ITU_L2,13,-0.0,false,lata
130,Del_Valle_Pessego,Itupeva,ITU_L2,14,-0.0,false,lata
130,Del_Valle_Pessego,Itupeva,ITU_L2,15,-0.0,false,lata
130,Del_Valle_Pessego,Itupeva,ITU_L3,1,-0.0,false,lata
130,Del_Valle_Pessego,Itupeva,ITU_L3,2,-0.0,false,lata
130,Del_Valle_Pessego,Itupeva,ITU_L3,3,-0.0,false,lata
130,Del_Valle_Pessego,Itupeva,ITU_L3,4,-0.0,false,lata
130,Del_Valle_Pessego,Itupeva,ITU_L3,5,-0.0,false,lata
130,Del_Valle_Pessego,Itupeva,ITU_L3,6,-0.0,false,lata
130,Del_Valle_Pessego,Itupeva,ITU_L3,7,-0.0,false,lata
130,Del_Valle_Pessego,Itupeva,ITU_L3,8,-0.0,false,lata
130,Del_Valle_Pessego,Itupeva,ITU_L3,9,-0.0,false,lata
130,Del_Valle_Pessego,Itupeva,ITU_L3,10,-0.0,false,lata
130,Del_Valle_Pessego,Itupeva,ITU_L3,11,-0.0,false,lata
130,Del_Valle_Pessego,Itupeva,ITU_L3,12,-0.0,false,lata
130,Del_Valle_Pessego,Itupeva,ITU_L3,13,-0.0,false,lata
130,Del_Valle_Pessego,Itupeva,ITU_L3,14,-0.0,false,lata
130,Del_Valle_Pessego,Itupeva,ITU_L3,15,-0.0,false,lata
130,Del_Valle_Pessego,Cabo de Santo Agostinho,CAB_L1,1,-0.0,false,lata
130,Del_Valle_Pessego,Cabo de Santo Agostinho,CAB_L1,2,-0.0,false,lata
130,Del_Valle_Pessego,Cabo de Santo Agostinho,CAB_L1,3,-0.0,false,lata
130,Del_Valle_Pessego,Cabo de Santo Agostinho,CAB_L1,4,-0.0,false,lata
130,Del_Valle_Pessego,Cabo de Santo Agostinho,CAB_L1,5,-0.0,false,lata
130,Del_Valle_Pessego,Cabo de Santo Agostinho,CAB_L1,6,-0.0,false,lata
130,Del_Valle_Pessego,Cabo de Santo Agostinho,CAB_L1,7,-0.0,false,lata
130,Del_Valle_Pessego,Cabo de Santo Agostinho,CAB_L1,8,-0.0,false,lata
130,Del_Valle_Pessego,Cabo de Santo Agostinho,CAB_L1,9,-999999.8660595501,false,lata
130,Del_Valle_Pessego,Cabo de Santo Agostinho,CAB_L1,10,-0.0,false,lata
130,Del_Valle_Pessego,Cabo de Santo Agostinho,CAB_L1,11,-0.0,false,lata
130,Del_Valle_Pessego,Cabo de Santo Agostinho,CAB_L1,12,-0.0,false,lata
130,Del_Valle_Pessego,Cabo de Santo Agostinho,CAB_L1,13,-0.0,false,lata
130,Del_Valle_Pessego,Cabo de Santo Agostinho,CAB_L1,14,-0.0,false,lata
130,Del_Valle_Pessego,Cabo de Santo Agostinho,CAB_L1,15,-0.0,false,lata
130,Del_Valle_Pessego,Cabo de Santo Agostinho,CAB_L2,1,-0.0,false,lata
130,Del_Valle_Pessego,Cabo de Santo Agostinho,CAB_L2,2,-0.0,false,lata
130,Del_Valle_Pessego,Cabo de Santo Agostinho,CAB_L2,3,-0.0,false,lata
130,Del_Valle_Pessego,Cabo de Santo Agostinho,CAB_L2,4,-0.0,false,lata
130,Del_Valle_Pessego,Cabo de Santo Agostinho,CAB_L2,5,-0.0,false,lata
130,Del_Valle_Pessego,Cabo de Santo Agostinho,CAB_L2,6,-999999.36192835,false,lata
130,Del_Valle_Pessego,Cabo de Santo Agostinho,CAB_L2,7,-0.0,false,lata
130,Del_Valle_Pessego,Cabo de Santo Agostinho,CAB_L2,8,-999999.98682835,false,lata
130,Del_Valle_Pessego,Cabo de Santo Agostinho,CAB_L2,9,-0.0,false,lata
130,Del_Valle_Pessego,Cabo de Santo Agostinho,CAB_L2,10,-0.0,false,lata
130,Del_Valle_Pessego,Cabo de Santo Agostinho,CAB_L2,11,-0.0,false,lata
130,Del_Valle_Pessego,Cabo de Santo Agostinho,CAB_L2,12,-0.0,false,lata
130,Del_Valle_Pessego,Cabo de Santo Agostinho,CAB_L2,13,-0.0,false,lata
130,Del_Valle_Pessego,Cabo de Santo Agostinho,CAB_L2,14,-0.0,false,lata
130,Del_Valle_Pessego,Cabo de Santo Agostinho,CAB_L2,15,-0.0,false,lata
130,Del_Valle_Pessego,Cabo de Santo Agostinho,CAB_L3,1,-0.0,false,lata
130,Del_Valle_Pessego,Cabo de Santo Agostinho,CAB_L3,2,-0.0,false,lata
130,Del_Valle_Pessego,Cabo de Santo Agostinho,CAB_L3,3,-0.0,false,lata
130,Del_Valle_Pessego,Cabo de Santo Agostinho,CAB_L3,4,-0.0,false,lata
130,Del_Valle_Pessego,Cabo de Santo Agostinho,CAB_L3,5,-0.0,false,lata
130,Del_Valle_Pessego,Cabo de Santo Agostinho,CAB_L3,6,-0.0,false,lata
130,Del_Valle_Pessego,Cabo de Santo Agostinho,CAB_L3,7,-0.0,false,lata
130,Del_Valle_Pessego,Cabo de Santo Agostinho,CAB_L3,8,-0.0,false,lata
130,Del_Valle_Pessego,Cabo de Santo Agostinho,CAB_L3,9,-0.0,false,lata
130,Del_Valle_Pessego,Cabo de Santo Agostinho,CAB_L3,10,-0.0,false,lata
130,Del_Valle_Pessego,Cabo de Santo Agostinho,CAB_L3,11,-0.0,false,lata
130,Del_Valle_Pessego,Cabo de Santo Agostinho,CAB_L3,12,-0.0,false,lata
130,Del_Valle_Pessego,Cabo de Santo Agostinho,CAB_L3,13,-0.0,false,lata
130,Del_Valle_Pessego,Cabo de Santo Agostinho,CAB_L3,14,-0.0,false,lata
130,Del_Valle_Pessego,Cabo de Santo Agostinho,CAB_L3,15,-0.0,false,lata
130,Del_Valle_Uva,Jacarei,JAC_L1,1,-0.0,false,lata
130,Del_Valle_Uva,Jacarei,JAC_L1,2,-0.0,false,lata
130,Del_Valle_Uva,Jacarei,JAC_L1,3,-0.0,false,lata
130,Del_Valle_Uva,Jacarei,JAC_L1,4,-0.0,false,lata
130,Del_Valle_Uva,Jacarei,JAC_L1,5,-0.0,false,lata
130,Del_Valle_Uva,Jacarei,JAC_L1,6,-0.0,false,lata
130,Del_Valle_Uva,Jacarei,JAC_L1,7,-0.0,false,lata
130,Del_Valle_Uva,Jacarei,JAC_L1,8,-0.0,false,lata
130,Del_Valle_Uva,Jacarei,JAC_L1,9,-0.0,false,lata
130,Del_Valle_Uva,Jacarei,JAC_L1,10,-0.0,false,lata
130,Del_Valle_Uva,Jacarei,JAC_L1,11,-0.0,false,lata
130,Del_Valle_Uva,Jacarei,JAC_L1,12,-0.0,false,lata
130,Del_Valle_Uva,Jacarei,JAC_L1,13,-0.0,false,lata
130,Del_Valle_Uva,Jacarei,JAC_L1,14,-0.0,false,lata
130,Del_Valle_Uva,Jacarei,JAC_L1,15,-0.0,false,lata
130,Del_Valle_Uva,Jacarei,JAC_L2,1,-0.0,false,lata
130,Del_Valle_Uva,Jacarei,JAC_L2,2,-0.0,false,lata
130,Del_Valle_Uva,Jacarei,JAC_L2,3,-1.0e6,true,lata
130,Del_Valle_Uva,Jacarei,JAC_L2,4,-0.0,false,lata
130,Del_Valle_Uva,Jacarei,JAC_L2,5,-0.0,false,lata
130,Del_Valle_Uva,Jacarei,JAC_L2,6,-0.0,false,lata
130,Del_Valle_Uva,Jacarei,JAC_L2,7,-0.0,false,lata
130,Del_Valle_Uva,Jacarei,JAC_L2,8,-0.0,false,lata
130,Del_Valle_Uva,Jacarei,JAC_L2,9,-0.0,false,lata
130,Del_Valle_Uva,Jacarei,JAC_L2,10,-0.0,false,lata
130,Del_Valle_Uva,Jacarei,JAC_L2,11,-0.0,false,lata
130,Del_Valle_Uva,Jacarei,JAC_L2,12,-0.0,false,lata
130,Del_Valle_Uva,Jacarei,JAC_L2,13,-0.0,false,lata
130,Del_Valle_Uva,Jacarei,JAC_L2,14,-0.0,false,lata
130,Del_Valle_Uva,Jacarei,JAC_L2,15,-0.0,false,lata
130,Del_Valle_Uva,Jacarei,JAC_L3,1,-0.0,false,lata
130,Del_Valle_Uva,Jacarei,JAC_L3,2,-0.0,false,lata
130,Del_Valle_Uva,Jacarei,JAC_L3,3,-0.0,false,lata
130,Del_Valle_Uva,Jacarei,JAC_L3,4,-0.0,false,lata
130,Del_Valle_Uva,Jacarei,JAC_L3,5,-0.0,false,lata
130,Del_Valle_Uva,Jacarei,JAC_L3,6,-0.0,false,lata
130,Del_Valle_Uva,Jacarei,JAC_L3,7,-0.0,false,lata
130,Del_Valle_Uva,Jacarei,JAC_L3,8,-0.0,false,lata
130,Del_Valle_Uva,Jacarei,JAC_L3,9,-0.0,false,lata
130,Del_Valle_Uva,Jacarei,JAC_L3,10,-0.0,false,lata
130,Del_Valle_Uva,Jacarei,JAC_L3,11,-999999.9968571501,false,lata
130,Del_Valle_Uva,Jacarei,JAC_L3,12,-0.0,false,lata
130,Del_Valle_Uva,Jacarei,JAC_L3,13,-0.0,false,lata
130,Del_Valle_Uva,Jacarei,JAC_L3,14,-0.0,false,lata
130,Del_Valle_Uva,Jacarei,JAC_L3,15,-999999.7474761499,false,lata
130,Del_Valle_Uva,Extrema,EXT_L1,1,-0.0,false,lata
130,Del_Valle_Uva,Extrema,EXT_L1,2,-0.0,false,lata
130,Del_Valle_Uva,Extrema,EXT_L1,3,-999999.9973533,false,lata
130,Del_Valle_Uva,Extrema,EXT_L1,4,-0.0,false,lata
130,Del_Valle_Uva,Extrema,EXT_L1,5,-0.0,false,lata
130,Del_Valle_Uva,Extrema,EXT_L1,6,-0.0,false,lata
130,Del_Valle_Uva,Extrema,EXT_L1,7,-0.0,false,lata
130,Del_Valle_Uva,Extrema,EXT_L1,8,-0.0,false,lata
130,Del_Valle_Uva,Extrema,EXT_L1,9,-0.0,false,lata
130,Del_Valle_Uva,Extrema,EXT_L1,10,-0.0,false,lata
130,Del_Valle_Uva,Extrema,EXT_L1,11,-0.0,false,lata
130,Del_Valle_Uva,Extrema,EXT_L1,12,-0.0,false,lata
130,Del_Valle_Uva,Extrema,EXT_L1,13,-0.0,false,lata
130,Del_Valle_Uva,Extrema,EXT_L1,14,-0.0,false,lata
130,Del_Valle_Uva,Extrema,EXT_L1,15,-0.0,false,lata
130,Del_Valle_Uva,Extrema,EXT_L2,1,-999999.7358995002,false,lata
130,Del_Valle_Uva,Extrema,EXT_L2,2,-0.0,false,lata
130,Del_Valle_Uva,Extrema,EXT_L2,3,-999999.9973533,false,lata
130,Del_Valle_Uva,Extrema,EXT_L2,4,-0.0,false,lata
130,Del_Valle_Uva,Extrema,EXT_L2,5,-0.0,false,lata
130,Del_Valle_Uva,Extrema,EXT_L2,6,-0.0,false,lata
130,Del_Valle_Uva,Extrema,EXT_L2,7,-0.0,false,lata
130,Del_Valle_Uva,Extrema,EXT_L2,8,-0.0,false,lata
130,Del_Valle_Uva,Extrema,EXT_L2,9,-0.0,false,lata
130,Del_Valle_Uva,Extrema,EXT_L2,10,-999999.7737152502,false,lata
130,Del_Valle_Uva,Extrema,EXT_L2,11,-0.0,false,lata
130,Del_Valle_Uva,Extrema,EXT_L2,12,-0.0,false,lata
130,Del_Valle_Uva,Extrema,EXT_L2,13,-0.0,false,lata
130,Del_Valle_Uva,Extrema,EXT_L2,14,-0.0,false,lata
130,Del_Valle_Uva,Extrema,EXT_L2,15,-0.0,false,lata
130,Del_Valle_Uva,Extrema,EXT_L3,1,-0.0,false,lata
130,Del_Valle_Uva,Extrema,EXT_L3,2,-0.0,false,lata
130,Del_Valle_Uva,Extrema,EXT_L3,3,-0.0,false,lata
130,Del_Valle_Uva,Extrema,EXT_L3,4,-0.0,false,lata
130,Del_Valle_Uva,Extrema,EXT_L3,5,-0.0,false,lata
130,Del_Valle_Uva,Extrema,EXT_L3,6,-0.0,false,lata
130,Del_Valle_Uva,Extrema,EXT_L3,7,-0.0,false,lata
130,Del_Valle_Uva,Extrema,EXT_L3,8,-0.0,false,lata
130,Del_Valle_Uva,Extrema,EXT_L3,9,-0.0,false,lata
130,Del_Valle_Uva,Extrema,EXT_L3,10,-0.0,false,lata
130,Del_Valle_Uva,Extrema,EXT_L3,11,-0.0,false,lata
130,Del_Valle_Uva,Extrema,EXT_L3,12,-1.0e6,true,lata
130,Del_Valle_Uva,Extrema,EXT_L3,13,-0.0,false,lata
130,Del_Valle_Uva,Extrema,EXT_L3,14,-999999.7931477999,false,lata
130,Del_Valle_Uva,Extrema,EXT_L3,15,-0.0,false,lata
130,Del_Valle_Uva,Tres Rios,TRE_L1,1,-0.0,false,lata
130,Del_Valle_Uva,Tres Rios,TRE_L1,2,-0.0,false,lata
130,Del_Valle_Uva,Tres Rios,TRE_L1,3,-1.0e6,true,lata
130,Del_Valle_Uva,Tres Rios,TRE_L1,4,-0.0,false,lata
130,Del_Valle_Uva,Tres Rios,TRE_L1,5,-0.0,false,lata
130,Del_Valle_Uva,Tres Rios,TRE_L1,6,-0.0,false,lata
130,Del_Valle_Uva,Tres Rios,TRE_L1,7,-0.0,false,lata
130,Del_Valle_Uva,Tres Rios,TRE_L1,8,-0.0,false,lata
130,Del_Valle_Uva,Tres Rios,TRE_L1,9,-999999.72597795,false,lata
130,Del_Valle_Uva,Tres Rios,TRE_L1,10,-0.0,false,lata
130,Del_Valle_Uva,Tres Rios,TRE_L1,11,-0.0,false,lata
130,Del_Valle_Uva,Tres Rios,TRE_L1,12,-0.0,false,lata
130,Del_Valle_Uva,Tres Rios,TRE_L1,13,-0.0,false,lata
130,Del_Valle_Uva,Tres Rios,TRE_L1,14,-0.0,false,lata
130,Del_Valle_Uva,Tres Rios,TRE_L1,15,-0.0,false,lata
130,Del_Valle_Uva,Tres Rios,TRE_L2,1,-0.0,false,lata
130,Del_Valle_Uva,Tres Rios,TRE_L2,2,-0.0,false,lata
130,Del_Valle_Uva,Tres Rios,TRE_L2,3,-0.0,false,lata
130,Del_Valle_Uva,Tres Rios,TRE_L2,4,-0.0,false,lata
130,Del_Valle_Uva,Tres Rios,TRE_L2,5,-0.0,false,lata
130,Del_Valle_Uva,Tres Rios,TRE_L2,6,-0.0,false,lata
130,Del_Valle_Uva,Tres Rios,TRE_L2,7,-0.0,false,lata
130,Del_Valle_Uva,Tres Rios,TRE_L2,8,-0.0,false,lata
130,Del_Valle_Uva,Tres Rios,TRE_L2,9,-0.0,false,lata
130,Del_Valle_Uva,Tres Rios,TRE_L2,10,-0.0,false,lata
130,Del_Valle_Uva,Tres Rios,TRE_L2,11,-0.0,false,lata
130,Del_Valle_Uva,Tres Rios,TRE_L2,12,-0.0,false,lata
130,Del_Valle_Uva,Tres Rios,TRE_L2,13,-0.0,false,lata
130,Del_Valle_Uva,Tres Rios,TRE_L2,14,-0.0,false,lata
130,Del_Valle_Uva,Tres Rios,TRE_L2,15,-0.0,false,lata
130,Del_Valle_Uva,Tres Rios,TRE_L3,1,-0.0,false,lata
130,Del_Valle_Uva,Tres Rios,TRE_L3,2,-0.0,false,lata
130,Del_Valle_Uva,Tres Rios,TRE_L3,3,-0.0,false,lata
130,Del_Valle_Uva,Tres Rios,TRE_L3,4,-0.0,false,lata
130,Del_Valle_Uva,Tres Rios,TRE_L3,5,-0.0,false,lata
130,Del_Valle_Uva,Tres Rios,TRE_L3,6,-0.0,false,lata
130,Del_Valle_Uva,Tres Rios,TRE_L3,7,-0.0,false,lata
130,Del_Valle_Uva,Tres Rios,TRE_L3,8,-0.0,false,lata
130,Del_Valle_Uva,Tres Rios,TRE_L3,9,-999999.72597795,false,lata
130,Del_Valle_Uva,Tres Rios,TRE_L3,10,-0.0,false,lata
130,Del_Valle_Uva,Tres Rios,TRE_L3,11,-0.0,false,lata
130,Del_Valle_Uva,Tres Rios,TRE_L3,12,-0.0,false,lata
130,Del_Valle_Uva,Tres Rios,TRE_L3,13,-0.0,false,lata
130,Del_Valle_Uva,Tres Rios,TRE_L3,14,-0.0,false,lata
130,Del_Valle_Uva,Tres Rios,TRE_L3,15,-0.0,false,lata
130,Del_Valle_Uva,Alagoinhas,ALA_L1,1,-0.0,false,lata
130,Del_Valle_Uva,Alagoinhas,ALA_L1,2,-0.0,false,lata
130,Del_Valle_Uva,Alagoinhas,ALA_L1,3,-0.0,false,lata
130,Del_Valle_Uva,Alagoinhas,ALA_L1,4,-0.0,false,lata
130,Del_Valle_Uva,Alagoinhas,ALA_L1,5,-0.0,false,lata
130,Del_Valle_Uva,Alagoinhas,ALA_L1,6,-0.0,false,lata
130,Del_Valle_Uva,Alagoinhas,ALA_L1,7,-0.0,false,lata
130,Del_Valle_Uva,Alagoinhas,ALA_L1,8,-999999.7720169001,false,lata
130,Del_Valle_Uva,Alagoinhas,ALA_L1,9,-0.0,false,lata
130,Del_Valle_Uva,Alagoinhas,ALA_L1,10,-0.0,false,lata
130,Del_Valle_Uva,Alagoinhas,ALA_L1,11,-0.0,false,lata
130,Del_Valle_Uva,Alagoinhas,ALA_L1,12,-0.0,false,lata
130,Del_Valle_Uva,Alagoinhas,ALA_L1,13,-0.0,false,lata
130,Del_Valle_Uva,Alagoinhas,ALA_L1,14,-0.0,false,lata
130,Del_Valle_Uva,Alagoinhas,ALA_L1,15,-0.0,false,lata
130,Del_Valle_Uva,Alagoinhas,ALA_L2,1,-0.0,false,lata
130,Del_Valle_Uva,Alagoinhas,ALA_L2,2,-0.0,false,lata
130,Del_Valle_Uva,Alagoinhas,ALA_L2,3,-0.0,false,lata
130,Del_Valle_Uva,Alagoinhas,ALA_L2,4,-0.0,false,lata
130,Del_Valle_Uva,Alagoinhas,ALA_L2,5,-0.0,false,lata
130,Del_Valle_Uva,Alagoinhas,ALA_L2,6,-999999.7465874,false,lata
130,Del_Valle_Uva,Alagoinhas,ALA_L2,7,-0.0,false,lata
130,Del_Valle_Uva,Alagoinhas,ALA_L2,8,-0.0,false,lata
130,Del_Valle_Uva,Alagoinhas,ALA_L2,9,-0.0,false,lata
130,Del_Valle_Uva,Alagoinhas,ALA_L2,10,-0.0,false,lata
130,Del_Valle_Uva,Alagoinhas,ALA_L2,11,-0.0,false,lata
130,Del_Valle_Uva,Alagoinhas,ALA_L2,12,-0.0,false,lata
130,Del_Valle_Uva,Alagoinhas,ALA_L2,13,-0.0,false,lata
130,Del_Valle_Uva,Alagoinhas,ALA_L2,14,-0.0,false,lata
130,Del_Valle_Uva,Alagoinhas,ALA_L2,15,-0.0,false,lata
130,Del_Valle_Uva,Alagoinhas,ALA_L3,1,-0.0,false,lata
130,Del_Valle_Uva,Alagoinhas,ALA_L3,2,-0.0,false,lata
130,Del_Valle_Uva,Alagoinhas,ALA_L3,3,-0.0,false,lata
130,Del_Valle_Uva,Alagoinhas,ALA_L3,4,-0.0,false,lata
130,Del_Valle_Uva,Alagoinhas,ALA_L3,5,-999999.77459135,false,lata
130,Del_Valle_Uva,Alagoinhas,ALA_L3,6,-0.0,false,lata
130,Del_Valle_Uva,Alagoinhas,ALA_L3,7,-0.0,false,lata
130,Del_Valle_Uva,Alagoinhas,ALA_L3,8,-0.0,false,lata
130,Del_Valle_Uva,Alagoinhas,ALA_L3,9,-0.0,false,lata
130,Del_Valle_Uva,Alagoinhas,ALA_L3,10,-0.0,false,lata
130,Del_Valle_Uva,Alagoinhas,ALA_L3,11,-0.0,false,lata
130,Del_Valle_Uva,Alagoinhas,ALA_L3,12,-0.0,false,lata
130,Del_Valle_Uva,Alagoinhas,ALA_L3,13,-0.0,false,lata
130,Del_Valle_Uva,Alagoinhas,ALA_L3,14,-0.0,false,lata
130,Del_Valle_Uva,Alagoinhas,ALA_L3,15,-999999.6851782,false,lata
130,Del_Valle_Uva,Frutal,FRU_L1,1,-0.0,false,lata
130,Del_Valle_Uva,Frutal,FRU_L1,2,-0.0,false,lata
130,Del_Valle_Uva,Frutal,FRU_L1,3,-0.0,false,lata
130,Del_Valle_Uva,Frutal,FRU_L1,4,-0.0,false,lata
130,Del_Valle_Uva,Frutal,FRU_L1,5,-999999.7142089499,false,lata
130,Del_Valle_Uva,Frutal,FRU_L1,6,-0.0,false,lata
130,Del_Valle_Uva,Frutal,FRU_L1,7,-0.0,false,lata
130,Del_Valle_Uva,Frutal,FRU_L1,8,-0.0,false,lata
130,Del_Valle_Uva,Frutal,FRU_L1,9,-0.0,false,lata
130,Del_Valle_Uva,Frutal,FRU_L1,10,-0.0,false,lata
130,Del_Valle_Uva,Frutal,FRU_L1,11,-0.0,false,lata
130,Del_Valle_Uva,Frutal,FRU_L1,12,-0.0,false,lata
130,Del_Valle_Uva,Frutal,FRU_L1,13,-0.0,false,lata
130,Del_Valle_Uva,Frutal,FRU_L1,14,-0.0,false,lata
130,Del_Valle_Uva,Frutal,FRU_L1,15,-0.0,false,lata
130,Del_Valle_Uva,Frutal,FRU_L2,1,-0.0,false,lata
130,Del_Valle_Uva,Frutal,FRU_L2,2,-0.0,false,lata
130,Del_Valle_Uva,Frutal,FRU_L2,3,-0.0,false,lata
130,Del_Valle_Uva,Frutal,FRU_L2,4,-0.0,false,lata
130,Del_Valle_Uva,Frutal,FRU_L2,5,-0.0,false,lata
130,Del_Valle_Uva,Frutal,FRU_L2,6,-0.0,false,lata
130,Del_Valle_Uva,Frutal,FRU_L2,7,-0.0,false,lata
130,Del_Valle_Uva,Frutal,FRU_L2,8,-0.0,false,lata
130,Del_Valle_Uva,Frutal,FRU_L2,9,-0.0,false,lata
130,Del_Valle_Uva,Frutal,FRU_L2,10,-0.0,false,lata
130,Del_Valle_Uva,Frutal,FRU_L2,11,-0.0,false,lata
130,Del_Valle_Uva,Frutal,FRU_L2,12,-0.0,false,lata
130,Del_Valle_Uva,Frutal,FRU_L2,13,-0.0,false,lata
130,Del_Valle_Uva,Frutal,FRU_L2,14,-0.0,false,lata
130,Del_Valle_Uva,Frutal,FRU_L2,15,-999999.74528675,false,lata
130,Del_Valle_Uva,Frutal,FRU_L3,1,-0.0,false,lata
130,Del_Valle_Uva,Frutal,FRU_L3,2,-0.0,false,lata
130,Del_Valle_Uva,Frutal,FRU_L3,3,-999999.9850476999,false,lata
130,Del_Valle_Uva,Frutal,FRU_L3,4,-0.0,false,lata
130,Del_Valle_Uva,Frutal,FRU_L3,5,-0.0,false,lata
130,Del_Valle_Uva,Frutal,FRU_L3,6,-0.0,false,lata
130,Del_Valle_Uva,Frutal,FRU_L3,7,-0.0,false,lata
130,Del_Valle_Uva,Frutal,FRU_L3,8,-0.0,false,lata
130,Del_Valle_Uva,Frutal,FRU_L3,9,-0.0,false,lata
130,Del_Valle_Uva,Frutal,FRU_L3,10,-0.0,false,lata
130,Del_Valle_Uva,Frutal,FRU_L3,11,-0.0,false,lata
130,Del_Valle_Uva,Frutal,FRU_L3,12,-999999.9862847499,false,lata
130,Del_Valle_Uva,Frutal,FRU_L3,13,-0.0,false,lata
130,Del_Valle_Uva,Frutal,FRU_L3,14,-0.0,false,lata
130,Del_Valle_Uva,Frutal,FRU_L3,15,-0.0,false,lata
130,Del_Valle_Uva,Pouso Alegre,POU_L1,1,-0.0,false,lata
130,Del_Valle_Uva,Pouso Alegre,POU_L1,2,-0.0,false,lata
130,Del_Valle_Uva,Pouso Alegre,POU_L1,3,-0.0,false,lata
130,Del_Valle_Uva,Pouso Alegre,POU_L1,4,-0.0,false,lata
130,Del_Valle_Uva,Pouso Alegre,POU_L1,5,-0.0,false,lata
130,Del_Valle_Uva,Pouso Alegre,POU_L1,6,-0.0,false,lata
130,Del_Valle_Uva,Pouso Alegre,POU_L1,7,-0.0,false,lata
130,Del_Valle_Uva,Pouso Alegre,POU_L1,8,-0.0,false,lata
130,Del_Valle_Uva,Pouso Alegre,POU_L1,9,-0.0,false,lata
130,Del_Valle_Uva,Pouso Alegre,POU_L1,10,-0.0,false,lata
130,Del_Valle_Uva,Pouso Alegre,POU_L1,11,-0.0,false,lata
130,Del_Valle_Uva,Pouso Alegre,POU_L1,12,-0.0,false,lata
130,Del_Valle_Uva,Pouso Alegre,POU_L1,13,-0.0,false,lata
130,Del_Valle_Uva,Pouso Alegre,POU_L1,14,-0.0,false,lata
130,Del_Valle_Uva,Pouso Alegre,POU_L1,15,-0.0,false,lata
130,Del_Valle_Uva,Pouso Alegre,POU_L2,1,-0.0,false,lata
130,Del_Valle_Uva,Pouso Alegre,POU_L2,2,-0.0,false,lata
130,Del_Valle_Uva,Pouso Alegre,POU_L2,3,-999999.99685225,false,lata
130,Del_Valle_Uva,Pouso Alegre,POU_L2,4,-999999.7784297502,false,lata
130,Del_Valle_Uva,Pouso Alegre,POU_L2,5,-0.0,false,lata
130,Del_Valle_Uva,Pouso Alegre,POU_L2,6,-0.0,false,lata
130,Del_Valle_Uva,Pouso Alegre,POU_L2,7,-0.0,false,lata
130,Del_Valle_Uva,Pouso Alegre,POU_L2,8,-0.0,false,lata
130,Del_Valle_Uva,Pouso Alegre,POU_L2,9,-0.0,false,lata
130,Del_Valle_Uva,Pouso Alegre,POU_L2,10,-0.0,false,lata
130,Del_Valle_Uva,Pouso Alegre,POU_L2,11,-0.0,false,lata
130,Del_Valle_Uva,Pouso Alegre,POU_L2,12,-0.0,false,lata
130,Del_Valle_Uva,Pouso Alegre,POU_L2,13,-0.0,false,lata
130,Del_Valle_Uva,Pouso Alegre,POU_L2,14,-0.0,false,lata
130,Del_Valle_Uva,Pouso Alegre,POU_L2,15,-0.0,false,lata
130,Del_Valle_Uva,Pouso Alegre,POU_L3,1,-0.0,false,lata
130,Del_Valle_Uva,Pouso Alegre,POU_L3,2,-0.0,false,lata
130,Del_Valle_Uva,Pouso Alegre,POU_L3,3,-0.0,false,lata
130,Del_Valle_Uva,Pouso Alegre,POU_L3,4,-0.0,false,lata
130,Del_Valle_Uva,Pouso Alegre,POU_L3,5,-0.0,false,lata
130,Del_Valle_Uva,Pouso Alegre,POU_L3,6,-0.0,false,lata
130,Del_Valle_Uva,Pouso Alegre,POU_L3,7,-0.0,false,lata
130,Del_Valle_Uva,Pouso Alegre,POU_L3,8,-0.0,false,lata
130,Del_Valle_Uva,Pouso Alegre,POU_L3,9,-0.0,false,lata
130,Del_Valle_Uva,Pouso Alegre,POU_L3,10,-0.0,false,lata
130,Del_Valle_Uva,Pouso Alegre,POU_L3,11,-0.0,false,lata
130,Del_Valle_Uva,Pouso Alegre,POU_L3,12,-0.0,false,lata
130,Del_Valle_Uva,Pouso Alegre,POU_L3,13,-0.0,false,lata
130,Del_Valle_Uva,Pouso Alegre,POU_L3,14,-0.0,false,lata
130,Del_Valle_Uva,Pouso Alegre,POU_L3,15,-0.0,false,lata
130,Del_Valle_Uva,Gama,GAM_L1,1,-0.0,false,lata
130,Del_Valle_Uva,Gama,GAM_L1,2,-999999.69941835,false,lata
130,Del_Valle_Uva,Gama,GAM_L1,3,-0.0,false,lata
130,Del_Valle_Uva,Gama,GAM_L1,4,-999999.7808625002,false,lata
130,Del_Valle_Uva,Gama,GAM_L1,5,-0.0,false,lata
130,Del_Valle_Uva,Gama,GAM_L1,6,-0.0,false,lata
130,Del_Valle_Uva,Gama,GAM_L1,7,-0.0,false,lata
130,Del_Valle_Uva,Gama,GAM_L1,8,-0.0,false,lata
130,Del_Valle_Uva,Gama,GAM_L1,9,-0.0,false,lata
130,Del_Valle_Uva,Gama,GAM_L1,10,-0.0,false,lata
130,Del_Valle_Uva,Gama,GAM_L1,11,-0.0,false,lata
130,Del_Valle_Uva,Gama,GAM_L1,12,-0.0,false,lata
130,Del_Valle_Uva,Gama,GAM_L1,13,-0.0,false,lata
130,Del_Valle_Uva,Gama,GAM_L1,14,-0.0,false,lata
130,Del_Valle_Uva,Gama,GAM_L1,15,-0.0,false,lata
130,Del_Valle_Uva,Gama,GAM_L2,1,-0.0,false,lata
130,Del_Valle_Uva,Gama,GAM_L2,2,-0.0,false,lata
130,Del_Valle_Uva,Gama,GAM_L2,3,-0.0,false,lata
130,Del_Valle_Uva,Gama,GAM_L2,4,-0.0,false,lata
130,Del_Valle_Uva,Gama,GAM_L2,5,-0.0,false,lata
130,Del_Valle_Uva,Gama,GAM_L2,6,-0.0,false,lata
130,Del_Valle_Uva,Gama,GAM_L2,7,-0.0,false,lata
130,Del_Valle_Uva,Gama,GAM_L2,8,-0.0,false,lata
130,Del_Valle_Uva,Gama,GAM_L2,9,-0.0,false,lata
130,Del_Valle_Uva,Gama,GAM_L2,10,-0.0,false,lata
130,Del_Valle_Uva,Gama,GAM_L2,11,-1.0e6,true,lata
130,Del_Valle_Uva,Gama,GAM_L2,12,-0.0,false,lata
130,Del_Valle_Uva,Gama,GAM_L2,13,-0.0,false,lata
130,Del_Valle_Uva,Gama,GAM_L2,14,-999999.7780686499,false,lata
130,Del_Valle_Uva,Gama,GAM_L2,15,-0.0,false,lata
130,Del_Valle_Uva,Gama,GAM_L3,1,-999999.7394325502,false,lata
130,Del_Valle_Uva,Gama,GAM_L3,2,-0.0,false,lata
130,Del_Valle_Uva,Gama,GAM_L3,3,-0.0,false,lata
130,Del_Valle_Uva,Gama,GAM_L3,4,-0.0,false,lata
130,Del_Valle_Uva,Gama,GAM_L3,5,-0.0,false,lata
130,Del_Valle_Uva,Gama,GAM_L3,6,-0.0,false,lata
130,Del_Valle_Uva,Gama,GAM_L3,7,-0.0,false,lata
130,Del_Valle_Uva,Gama,GAM_L3,8,-0.0,false,lata
130,Del_Valle_Uva,Gama,GAM_L3,9,-0.0,false,lata
130,Del_Valle_Uva,Gama,GAM_L3,10,-0.0,false,lata
130,Del_Valle_Uva,Gama,GAM_L3,11,-0.0,false,lata
130,Del_Valle_Uva,Gama,GAM_L3,12,-0.0,false,lata
130,Del_Valle_Uva,Gama,GAM_L3,13,-0.0,false,lata
130,Del_Valle_Uva,Gama,GAM_L3,14,-0.0,false,lata
130,Del_Valle_Uva,Gama,GAM_L3,15,-0.0,false,lata
130,Del_Valle_Uva,Viamao,VIA_L1,1,-0.0,false,lata
130,Del_Valle_Uva,Viamao,VIA_L1,2,-0.0,false,lata
130,Del_Valle_Uva,Viamao,VIA_L1,3,-0.0,false,lata
130,Del_Valle_Uva,Viamao,VIA_L1,4,-0.0,false,lata
130,Del_Valle_Uva,Viamao,VIA_L1,5,-0.0,false,lata
130,Del_Valle_Uva,Viamao,VIA_L1,6,-0.0,false,lata
130,Del_Valle_Uva,Viamao,VIA_L1,7,-0.0,false,lata
130,Del_Valle_Uva,Viamao,VIA_L1,8,-0.0,false,lata
130,Del_Valle_Uva,Viamao,VIA_L1,9,-0.0,false,lata
130,Del_Valle_Uva,Viamao,VIA_L1,10,-0.0,false,lata
130,Del_Valle_Uva,Viamao,VIA_L1,11,-1.0e6,true,lata
130,Del_Valle_Uva,Viamao,VIA_L1,12,-0.0,false,lata
130,Del_Valle_Uva,Viamao,VIA_L1,13,-0.0,false,lata
130,Del_Valle_Uva,Viamao,VIA_L1,14,-0.0,false,lata
130,Del_Valle_Uva,Viamao,VIA_L1,15,-0.0,false,lata
130,Del_Valle_Uva,Viamao,VIA_L2,1,-0.0,false,lata
130,Del_Valle_Uva,Viamao,VIA_L2,2,-0.0,false,lata
130,Del_Valle_Uva,Viamao,VIA_L2,3,-0.0,false,lata
130,Del_Valle_Uva,Viamao,VIA_L2,4,-0.0,false,lata
130,Del_Valle_Uva,Viamao,VIA_L2,5,-999999.7628399499,false,lata
130,Del_Valle_Uva,Viamao,VIA_L2,6,-0.0,false,lata
130,Del_Valle_Uva,Viamao,VIA_L2,7,-0.0,false,lata
130,Del_Valle_Uva,Viamao,VIA_L2,8,-0.0,false,lata
130,Del_Valle_Uva,Viamao,VIA_L2,9,-0.0,false,lata
130,Del_Valle_Uva,Viamao,VIA_L2,10,-0.0,false,lata
130,Del_Valle_Uva,Viamao,VIA_L2,11,-0.0,false,lata
130,Del_Valle_Uva,Viamao,VIA_L2,12,-0.0,false,lata
130,Del_Valle_Uva,Viamao,VIA_L2,13,-0.0,false,lata
130,Del_Valle_Uva,Viamao,VIA_L2,14,-0.0,false,lata
130,Del_Valle_Uva,Viamao,VIA_L2,15,-0.0,false,lata
130,Del_Valle_Uva,Viamao,VIA_L3,1,-0.0,false,lata
130,Del_Valle_Uva,Viamao,VIA_L3,2,-0.0,false,lata
130,Del_Valle_Uva,Viamao,VIA_L3,3,-0.0,false,lata
130,Del_Valle_Uva,Viamao,VIA_L3,4,-0.0,false,lata
130,Del_Valle_Uva,Viamao,VIA_L3,5,-0.0,false,lata
130,Del_Valle_Uva,Viamao,VIA_L3,6,-0.0,false,lata
130,Del_Valle_Uva,Viamao,VIA_L3,7,-0.0,false,lata
130,Del_Valle_Uva,Viamao,VIA_L3,8,-0.0,false,lata
130,Del_Valle_Uva,Viamao,VIA_L3,9,-0.0,false,lata
130,Del_Valle_Uva,Viamao,VIA_L3,10,-0.0,false,lata
130,Del_Valle_Uva,Viamao,VIA_L3,11,-0.0,false,lata
130,Del_Valle_Uva,Viamao,VIA_L3,12,-0.0,false,lata
130,Del_Valle_Uva,Viamao,VIA_L3,13,-0.0,false,lata
130,Del_Valle_Uva,Viamao,VIA_L3,14,-0.0,false,lata
130,Del_Valle_Uva,Viamao,VIA_L3,15,-0.0,false,lata
130,Del_Valle_Uva,Itupeva,ITU_L1,1,-0.0,false,lata
130,Del_Valle_Uva,Itupeva,ITU_L1,2,-0.0,false,lata
130,Del_Valle_Uva,Itupeva,ITU_L1,3,-0.0,false,lata
130,Del_Valle_Uva,Itupeva,ITU_L1,4,-0.0,false,lata
130,Del_Valle_Uva,Itupeva,ITU_L1,5,-0.0,false,lata
130,Del_Valle_Uva,Itupeva,ITU_L1,6,-0.0,false,lata
130,Del_Valle_Uva,Itupeva,ITU_L1,7,-0.0,false,lata
130,Del_Valle_Uva,Itupeva,ITU_L1,8,-0.0,false,lata
130,Del_Valle_Uva,Itupeva,ITU_L1,9,-0.0,false,lata
130,Del_Valle_Uva,Itupeva,ITU_L1,10,-0.0,false,lata
130,Del_Valle_Uva,Itupeva,ITU_L1,11,-0.0,false,lata
130,Del_Valle_Uva,Itupeva,ITU_L1,12,-0.0,false,lata
130,Del_Valle_Uva,Itupeva,ITU_L1,13,-0.0,false,lata
130,Del_Valle_Uva,Itupeva,ITU_L1,14,-0.0,false,lata
130,Del_Valle_Uva,Itupeva,ITU_L1,15,-0.0,false,lata
130,Del_Valle_Uva,Itupeva,ITU_L2,1,-999999.7368975002,false,lata
130,Del_Valle_Uva,Itupeva,ITU_L2,2,-0.0,false,lata
130,Del_Valle_Uva,Itupeva,ITU_L2,3,-0.0,false,lata
130,Del_Valle_Uva,Itupeva,ITU_L2,4,-0.0,false,lata
130,Del_Valle_Uva,Itupeva,ITU_L2,5,-0.0,false,lata
130,Del_Valle_Uva,Itupeva,ITU_L2,6,-0.0,false,lata
130,Del_Valle_Uva,Itupeva,ITU_L2,7,-0.0,false,lata
130,Del_Valle_Uva,Itupeva,ITU_L2,8,-0.0,false,lata
130,Del_Valle_Uva,Itupeva,ITU_L2,9,-0.0,false,lata
130,Del_Valle_Uva,Itupeva,ITU_L2,10,-0.0,false,lata
130,Del_Valle_Uva,Itupeva,ITU_L2,11,-0.0,false,lata
130,Del_Valle_Uva,Itupeva,ITU_L2,12,-0.0,false,lata
130,Del_Valle_Uva,Itupeva,ITU_L2,13,-0.0,false,lata
130,Del_Valle_Uva,Itupeva,ITU_L2,14,-0.0,false,lata
130,Del_Valle_Uva,Itupeva,ITU_L2,15,-0.0,false,lata
130,Del_Valle_Uva,Itupeva,ITU_L3,1,-0.0,false,lata
130,Del_Valle_Uva,Itupeva,ITU_L3,2,-0.0,false,lata
130,Del_Valle_Uva,Itupeva,ITU_L3,3,-0.0,false,lata
130,Del_Valle_Uva,Itupeva,ITU_L3,4,-0.0,false,lata
130,Del_Valle_Uva,Itupeva,ITU_L3,5,-0.0,false,lata
130,Del_Valle_Uva,Itupeva,ITU_L3,6,-0.0,false,lata
130,Del_Valle_Uva,Itupeva,ITU_L3,7,-999999.7239419002,false,lata
130,Del_Valle_Uva,Itupeva,ITU_L3,8,-0.0,false,lata
130,Del_Valle_Uva,Itupeva,ITU_L3,9,-0.0,false,lata
130,Del_Valle_Uva,Itupeva,ITU_L3,10,-0.0,false,lata
130,Del_Valle_Uva,Itupeva,ITU_L3,11,-0.0,false,lata
130,Del_Valle_Uva,Itupeva,ITU_L3,12,-0.0,false,lata
130,Del_Valle_Uva,Itupeva,ITU_L3,13,-0.0,false,lata
130,Del_Valle_Uva,Itupeva,ITU_L3,14,-0.0,false,lata
130,Del_Valle_Uva,Itupeva,ITU_L3,15,-0.0,false,lata
130,Del_Valle_Uva,Cabo de Santo Agostinho,CAB_L1,1,-0.0,false,lata
130,Del_Valle_Uva,Cabo de Santo Agostinho,CAB_L1,2,-0.0,false,lata
130,Del_Valle_Uva,Cabo de Santo Agostinho,CAB_L1,3,-0.0,false,lata
130,Del_Valle_Uva,Cabo de Santo Agostinho,CAB_L1,4,-0.0,false,lata
130,Del_Valle_Uva,Cabo de Santo Agostinho,CAB_L1,5,-0.0,false,lata
130,Del_Valle_Uva,Cabo de Santo Agostinho,CAB_L1,6,-0.0,false,lata
130,Del_Valle_Uva,Cabo de Santo Agostinho,CAB_L1,7,-0.0,false,lata
130,Del_Valle_Uva,Cabo de Santo Agostinho,CAB_L1,8,-0.0,false,lata
130,Del_Valle_Uva,Cabo de Santo Agostinho,CAB_L1,9,-0.0,false,lata
130,Del_Valle_Uva,Cabo de Santo Agostinho,CAB_L1,10,-0.0,false,lata
130,Del_Valle_Uva,Cabo de Santo Agostinho,CAB_L1,11,-0.0,false,lata
130,Del_Valle_Uva,Cabo de Santo Agostinho,CAB_L1,12,-0.0,false,lata
130,Del_Valle_Uva,Cabo de Santo Agostinho,CAB_L1,13,-0.0,false,lata
130,Del_Valle_Uva,Cabo de Santo Agostinho,CAB_L1,14,-0.0,false,lata
130,Del_Valle_Uva,Cabo de Santo Agostinho,CAB_L1,15,-0.0,false,lata
130,Del_Valle_Uva,Cabo de Santo Agostinho,CAB_L2,1,-999999.7729556002,false,lata
130,Del_Valle_Uva,Cabo de Santo Agostinho,CAB_L2,2,-0.0,false,lata
130,Del_Valle_Uva,Cabo de Santo Agostinho,CAB_L2,3,-0.0,false,lata
130,Del_Valle_Uva,Cabo de Santo Agostinho,CAB_L2,4,-0.0,false,lata
130,Del_Valle_Uva,Cabo de Santo Agostinho,CAB_L2,5,-0.0,false,lata
130,Del_Valle_Uva,Cabo de Santo Agostinho,CAB_L2,6,-0.0,false,lata
130,Del_Valle_Uva,Cabo de Santo Agostinho,CAB_L2,7,-0.0,false,lata
130,Del_Valle_Uva,Cabo de Santo Agostinho,CAB_L2,8,-0.0,false,lata
130,Del_Valle_Uva,Cabo de Santo Agostinho,CAB_L2,9,-0.0,false,lata
130,Del_Valle_Uva,Cabo de Santo Agostinho,CAB_L2,10,-0.0,false,lata
130,Del_Valle_Uva,Cabo de Santo Agostinho,CAB_L2,11,-0.0,false,lata
130,Del_Valle_Uva,Cabo de Santo Agostinho,CAB_L2,12,-0.0,false,lata
130,Del_Valle_Uva,Cabo de Santo Agostinho,CAB_L2,13,-0.0,false,lata
130,Del_Valle_Uva,Cabo de Santo Agostinho,CAB_L2,14,-0.0,false,lata
130,Del_Valle_Uva,Cabo de Santo Agostinho,CAB_L2,15,-0.0,false,lata
130,Del_Valle_Uva,Cabo de Santo Agostinho,CAB_L3,1,-0.0,false,lata
130,Del_Valle_Uva,Cabo de Santo Agostinho,CAB_L3,2,-0.0,false,lata
130,Del_Valle_Uva,Cabo de Santo Agostinho,CAB_L3,3,-0.0,false,lata
130,Del_Valle_Uva,Cabo de Santo Agostinho,CAB_L3,4,-0.0,false,lata
130,Del_Valle_Uva,Cabo de Santo Agostinho,CAB_L3,5,-999999.7970561,false,lata
130,Del_Valle_Uva,Cabo de Santo Agostinho,CAB_L3,6,-0.0,false,lata
130,Del_Valle_Uva,Cabo de Santo Agostinho,CAB_L3,7,-0.0,false,lata
130,Del_Valle_Uva,Cabo de Santo Agostinho,CAB_L3,8,-0.0,false,lata
130,Del_Valle_Uva,Cabo de Santo Agostinho,CAB_L3,9,-0.0,false,lata
130,Del_Valle_Uva,Cabo de Santo Agostinho,CAB_L3,10,-0.0,false,lata
130,Del_Valle_Uva,Cabo de Santo Agostinho,CAB_L3,11,-999999.9297961,false,lata
130,Del_Valle_Uva,Cabo de Santo Agostinho,CAB_L3,12,-0.0,false,lata
130,Del_Valle_Uva,Cabo de Santo Agostinho,CAB_L3,13,-0.0,false,lata
130,Del_Valle_Uva,Cabo de Santo Agostinho,CAB_L3,14,-0.0,false,lata
130,Del_Valle_Uva,Cabo de Santo Agostinho,CAB_L3,15,-0.0,false,lata
130,Eisenbahn_Pilsen,Jacarei,JAC_L1,1,-0.0,false,lata
130,Eisenbahn_Pilsen,Jacarei,JAC_L1,2,-0.0,false,lata
130,Eisenbahn_Pilsen,Jacarei,JAC_L1,3,-0.0,false,lata
130,Eisenbahn_Pilsen,Jacarei,JAC_L1,4,-0.0,false,lata
130,Eisenbahn_Pilsen,Jacarei,JAC_L1,5,-0.0,false,lata
130,Eisenbahn_Pilsen,Jacarei,JAC_L1,6,-0.0,false,lata
130,Eisenbahn_Pilsen,Jacarei,JAC_L1,7,-0.0,false,lata
130,Eisenbahn_Pilsen,Jacarei,JAC_L1,8,-0.0,false,lata
130,Eisenbahn_Pilsen,Jacarei,JAC_L1,9,-0.0,false,lata
130,Eisenbahn_Pilsen,Jacarei,JAC_L1,10,-0.0,false,lata
130,Eisenbahn_Pilsen,Jacarei,JAC_L1,11,-0.0,false,lata
130,Eisenbahn_Pilsen,Jacarei,JAC_L1,12,-0.0,false,lata
130,Eisenbahn_Pilsen,Jacarei,JAC_L1,13,-0.0,false,lata
130,Eisenbahn_Pilsen,Jacarei,JAC_L1,14,-0.0,false,lata
130,Eisenbahn_Pilsen,Jacarei,JAC_L1,15,-0.0,false,lata
130,Eisenbahn_Pilsen,Jacarei,JAC_L2,1,-0.0,false,lata
130,Eisenbahn_Pilsen,Jacarei,JAC_L2,2,-0.0,false,lata
130,Eisenbahn_Pilsen,Jacarei,JAC_L2,3,-0.0,false,lata
130,Eisenbahn_Pilsen,Jacarei,JAC_L2,4,-999999.5538501999,false,lata
130,Eisenbahn_Pilsen,Jacarei,JAC_L2,5,-0.0,false,lata
130,Eisenbahn_Pilsen,Jacarei,JAC_L2,6,-0.0,false,lata
130,Eisenbahn_Pilsen,Jacarei,JAC_L2,7,-0.0,false,lata
130,Eisenbahn_Pilsen,Jacarei,JAC_L2,8,-0.0,false,lata
130,Eisenbahn_Pilsen,Jacarei,JAC_L2,9,-0.0,false,lata
130,Eisenbahn_Pilsen,Jacarei,JAC_L2,10,-0.0,false,lata
130,Eisenbahn_Pilsen,Jacarei,JAC_L2,11,-0.0,false,lata
130,Eisenbahn_Pilsen,Jacarei,JAC_L2,12,-0.0,false,lata
130,Eisenbahn_Pilsen,Jacarei,JAC_L2,13,-0.0,false,lata
130,Eisenbahn_Pilsen,Jacarei,JAC_L2,14,-0.0,false,lata
130,Eisenbahn_Pilsen,Jacarei,JAC_L2,15,-999999.82543825,false,lata
130,Eisenbahn_Pilsen,Jacarei,JAC_L3,1,-0.0,false,lata
130,Eisenbahn_Pilsen,Jacarei,JAC_L3,2,-0.0,false,lata
130,Eisenbahn_Pilsen,Jacarei,JAC_L3,3,-0.0,false,lata
130,Eisenbahn_Pilsen,Jacarei,JAC_L3,4,-0.0,false,lata
130,Eisenbahn_Pilsen,Jacarei,JAC_L3,5,-0.0,false,lata
130,Eisenbahn_Pilsen,Jacarei,JAC_L3,6,-0.0,false,lata
130,Eisenbahn_Pilsen,Jacarei,JAC_L3,7,-0.0,false,lata
130,Eisenbahn_Pilsen,Jacarei,JAC_L3,8,-0.0,false,lata
130,Eisenbahn_Pilsen,Jacarei,JAC_L3,9,-0.0,false,lata
130,Eisenbahn_Pilsen,Jacarei,JAC_L3,10,-0.0,false,lata
130,Eisenbahn_Pilsen,Jacarei,JAC_L3,11,-0.0,false,lata
130,Eisenbahn_Pilsen,Jacarei,JAC_L3,12,-999999.3781776001,false,lata
130,Eisenbahn_Pilsen,Jacarei,JAC_L3,13,-0.0,false,lata
130,Eisenbahn_Pilsen,Jacarei,JAC_L3,14,-0.0,false,lata
130,Eisenbahn_Pilsen,Jacarei,JAC_L3,15,-0.0,false,lata
130,Eisenbahn_Pilsen,Extrema,EXT_L1,1,-0.0,false,lata
130,Eisenbahn_Pilsen,Extrema,EXT_L1,2,-0.0,false,lata
130,Eisenbahn_Pilsen,Extrema,EXT_L1,3,-0.0,false,lata
130,Eisenbahn_Pilsen,Extrema,EXT_L1,4,-0.0,false,lata
130,Eisenbahn_Pilsen,Extrema,EXT_L1,5,-0.0,false,lata
130,Eisenbahn_Pilsen,Extrema,EXT_L1,6,-0.0,false,lata
130,Eisenbahn_Pilsen,Extrema,EXT_L1,7,-0.0,false,lata
130,Eisenbahn_Pilsen,Extrema,EXT_L1,8,-0.0,false,lata
130,Eisenbahn_Pilsen,Extrema,EXT_L1,9,-0.0,false,lata
130,Eisenbahn_Pilsen,Extrema,EXT_L1,10,-0.0,false,lata
130,Eisenbahn_Pilsen,Extrema,EXT_L1,11,-0.0,false,lata
130,Eisenbahn_Pilsen,Extrema,EXT_L1,12,-0.0,false,lata
130,Eisenbahn_Pilsen,Extrema,EXT_L1,13,-0.0,false,lata
130,Eisenbahn_Pilsen,Extrema,EXT_L1,14,-0.0,false,lata
130,Eisenbahn_Pilsen,Extrema,EXT_L1,15,-999999.8274694999,false,lata
130,Eisenbahn_Pilsen,Extrema,EXT_L2,1,-0.0,false,lata
130,Eisenbahn_Pilsen,Extrema,EXT_L2,2,-0.0,false,lata
130,Eisenbahn_Pilsen,Extrema,EXT_L2,3,-0.0,false,lata
130,Eisenbahn_Pilsen,Extrema,EXT_L2,4,-0.0,false,lata
130,Eisenbahn_Pilsen,Extrema,EXT_L2,5,-0.0,false,lata
130,Eisenbahn_Pilsen,Extrema,EXT_L2,6,-0.0,false,lata
130,Eisenbahn_Pilsen,Extrema,EXT_L2,7,-0.0,false,lata
130,Eisenbahn_Pilsen,Extrema,EXT_L2,8,-0.0,false,lata
130,Eisenbahn_Pilsen,Extrema,EXT_L2,9,-0.0,false,lata
130,Eisenbahn_Pilsen,Extrema,EXT_L2,10,-0.0,false,lata
130,Eisenbahn_Pilsen,Extrema,EXT_L2,11,-0.0,false,lata
130,Eisenbahn_Pilsen,Extrema,EXT_L2,12,-0.0,false,lata
130,Eisenbahn_Pilsen,Extrema,EXT_L2,13,-0.0,false,lata
130,Eisenbahn_Pilsen,Extrema,EXT_L2,14,-999999.5258876998,false,lata
130,Eisenbahn_Pilsen,Extrema,EXT_L2,15,-0.0,false,lata
130,Eisenbahn_Pilsen,Extrema,EXT_L3,1,-0.0,false,lata
130,Eisenbahn_Pilsen,Extrema,EXT_L3,2,-0.0,false,lata
130,Eisenbahn_Pilsen,Extrema,EXT_L3,3,-0.0,false,lata
130,Eisenbahn_Pilsen,Extrema,EXT_L3,4,-0.0,false,lata
130,Eisenbahn_Pilsen,Extrema,EXT_L3,5,-0.0,false,lata
130,Eisenbahn_Pilsen,Extrema,EXT_L3,6,-0.0,false,lata
130,Eisenbahn_Pilsen,Extrema,EXT_L3,7,-0.0,false,lata
130,Eisenbahn_Pilsen,Extrema,EXT_L3,8,-0.0,false,lata
130,Eisenbahn_Pilsen,Extrema,EXT_L3,9,-0.0,false,lata
130,Eisenbahn_Pilsen,Extrema,EXT_L3,10,-0.0,false,lata
130,Eisenbahn_Pilsen,Extrema,EXT_L3,11,-0.0,false,lata
130,Eisenbahn_Pilsen,Extrema,EXT_L3,12,-0.0,false,lata
130,Eisenbahn_Pilsen,Extrema,EXT_L3,13,-0.0,false,lata
130,Eisenbahn_Pilsen,Extrema,EXT_L3,14,-0.0,false,lata
130,Eisenbahn_Pilsen,Extrema,EXT_L3,15,-0.0,false,lata
130,Eisenbahn_Pilsen,Tres Rios,TRE_L1,1,-0.0,false,lata
130,Eisenbahn_Pilsen,Tres Rios,TRE_L1,2,-0.0,false,lata
130,Eisenbahn_Pilsen,Tres Rios,TRE_L1,3,-0.0,false,lata
130,Eisenbahn_Pilsen,Tres Rios,TRE_L1,4,-0.0,false,lata
130,Eisenbahn_Pilsen,Tres Rios,TRE_L1,5,-0.0,false,lata
130,Eisenbahn_Pilsen,Tres Rios,TRE_L1,6,-999998.7429497499,false,lata
130,Eisenbahn_Pilsen,Tres Rios,TRE_L1,7,-0.0,false,lata
130,Eisenbahn_Pilsen,Tres Rios,TRE_L1,8,-0.0,false,lata
130,Eisenbahn_Pilsen,Tres Rios,TRE_L1,9,-0.0,false,lata
130,Eisenbahn_Pilsen,Tres Rios,TRE_L1,10,-0.0,false,lata
130,Eisenbahn_Pilsen,Tres Rios,TRE_L1,11,-999999.0860370001,false,lata
130,Eisenbahn_Pilsen,Tres Rios,TRE_L1,12,-999999.3668247501,false,lata
130,Eisenbahn_Pilsen,Tres Rios,TRE_L1,13,-0.0,false,lata
130,Eisenbahn_Pilsen,Tres Rios,TRE_L1,14,-0.0,false,lata
130,Eisenbahn_Pilsen,Tres Rios,TRE_L1,15,-0.0,false,lata
130,Eisenbahn_Pilsen,Tres Rios,TRE_L2,1,-0.0,false,lata
130,Eisenbahn_Pilsen,Tres Rios,TRE_L2,2,-0.0,false,lata
130,Eisenbahn_Pilsen,Tres Rios,TRE_L2,3,-0.0,false,lata
130,Eisenbahn_Pilsen,Tres Rios,TRE_L2,4,-0.0,false,lata
130,Eisenbahn_Pilsen,Tres Rios,TRE_L2,5,-0.0,false,lata
130,Eisenbahn_Pilsen,Tres Rios,TRE_L2,6,-0.0,false,lata
130,Eisenbahn_Pilsen,Tres Rios,TRE_L2,7,-0.0,false,lata
130,Eisenbahn_Pilsen,Tres Rios,TRE_L2,8,-0.0,false,lata
130,Eisenbahn_Pilsen,Tres Rios,TRE_L2,9,-0.0,false,lata
130,Eisenbahn_Pilsen,Tres Rios,TRE_L2,10,-0.0,false,lata
130,Eisenbahn_Pilsen,Tres Rios,TRE_L2,11,-0.0,false,lata
130,Eisenbahn_Pilsen,Tres Rios,TRE_L2,12,-0.0,false,lata
130,Eisenbahn_Pilsen,Tres Rios,TRE_L2,13,-0.0,false,lata
130,Eisenbahn_Pilsen,Tres Rios,TRE_L2,14,-999999.5371359498,false,lata
130,Eisenbahn_Pilsen,Tres Rios,TRE_L2,15,-0.0,false,lata
130,Eisenbahn_Pilsen,Tres Rios,TRE_L3,1,-0.0,false,lata
130,Eisenbahn_Pilsen,Tres Rios,TRE_L3,2,-0.0,false,lata
130,Eisenbahn_Pilsen,Tres Rios,TRE_L3,3,-0.0,false,lata
130,Eisenbahn_Pilsen,Tres Rios,TRE_L3,4,-0.0,false,lata
130,Eisenbahn_Pilsen,Tres Rios,TRE_L3,5,-0.0,false,lata
130,Eisenbahn_Pilsen,Tres Rios,TRE_L3,6,-0.0,false,lata
130,Eisenbahn_Pilsen,Tres Rios,TRE_L3,7,-0.0,false,lata
130,Eisenbahn_Pilsen,Tres Rios,TRE_L3,8,-0.0,false,lata
130,Eisenbahn_Pilsen,Tres Rios,TRE_L3,9,-0.0,false,lata
130,Eisenbahn_Pilsen,Tres Rios,TRE_L3,10,-0.0,false,lata
130,Eisenbahn_Pilsen,Tres Rios,TRE_L3,11,-999999.0860370001,false,lata
130,Eisenbahn_Pilsen,Tres Rios,TRE_L3,12,-0.0,false,lata
130,Eisenbahn_Pilsen,Tres Rios,TRE_L3,13,-0.0,false,lata
130,Eisenbahn_Pilsen,Tres Rios,TRE_L3,14,-0.0,false,lata
130,Eisenbahn_Pilsen,Tres Rios,TRE_L3,15,-0.0,false,lata
130,Eisenbahn_Pilsen,Alagoinhas,ALA_L1,1,-0.0,false,lata
130,Eisenbahn_Pilsen,Alagoinhas,ALA_L1,2,-0.0,false,lata
130,Eisenbahn_Pilsen,Alagoinhas,ALA_L1,3,-0.0,false,lata
130,Eisenbahn_Pilsen,Alagoinhas,ALA_L1,4,-0.0,false,lata
130,Eisenbahn_Pilsen,Alagoinhas,ALA_L1,5,-0.0,false,lata
130,Eisenbahn_Pilsen,Alagoinhas,ALA_L1,6,-0.0,false,lata
130,Eisenbahn_Pilsen,Alagoinhas,ALA_L1,7,-0.0,false,lata
130,Eisenbahn_Pilsen,Alagoinhas,ALA_L1,8,-0.0,false,lata
130,Eisenbahn_Pilsen,Alagoinhas,ALA_L1,9,-0.0,false,lata
130,Eisenbahn_Pilsen,Alagoinhas,ALA_L1,10,-0.0,false,lata
130,Eisenbahn_Pilsen,Alagoinhas,ALA_L1,11,-0.0,false,lata
130,Eisenbahn_Pilsen,Alagoinhas,ALA_L1,12,-0.0,false,lata
130,Eisenbahn_Pilsen,Alagoinhas,ALA_L1,13,-0.0,false,lata
130,Eisenbahn_Pilsen,Alagoinhas,ALA_L1,14,-0.0,false,lata
130,Eisenbahn_Pilsen,Alagoinhas,ALA_L1,15,-0.0,false,lata
130,Eisenbahn_Pilsen,Alagoinhas,ALA_L2,1,-0.0,false,lata
130,Eisenbahn_Pilsen,Alagoinhas,ALA_L2,2,-0.0,false,lata
130,Eisenbahn_Pilsen,Alagoinhas,ALA_L2,3,-0.0,false,lata
130,Eisenbahn_Pilsen,Alagoinhas,ALA_L2,4,-0.0,false,lata
130,Eisenbahn_Pilsen,Alagoinhas,ALA_L2,5,-0.0,false,lata
130,Eisenbahn_Pilsen,Alagoinhas,ALA_L2,6,-0.0,false,lata
130,Eisenbahn_Pilsen,Alagoinhas,ALA_L2,7,-0.0,false,lata
130,Eisenbahn_Pilsen,Alagoinhas,ALA_L2,8,-0.0,false,lata
130,Eisenbahn_Pilsen,Alagoinhas,ALA_L2,9,-0.0,false,lata
130,Eisenbahn_Pilsen,Alagoinhas,ALA_L2,10,-0.0,false,lata
130,Eisenbahn_Pilsen,Alagoinhas,ALA_L2,11,-0.0,false,lata
130,Eisenbahn_Pilsen,Alagoinhas,ALA_L2,12,-0.0,false,lata
130,Eisenbahn_Pilsen,Alagoinhas,ALA_L2,13,-0.0,false,lata
130,Eisenbahn_Pilsen,Alagoinhas,ALA_L2,14,-0.0,false,lata
130,Eisenbahn_Pilsen,Alagoinhas,ALA_L2,15,-0.0,false,lata
130,Eisenbahn_Pilsen,Alagoinhas,ALA_L3,1,-0.0,false,lata
130,Eisenbahn_Pilsen,Alagoinhas,ALA_L3,2,-0.0,false,lata
130,Eisenbahn_Pilsen,Alagoinhas,ALA_L3,3,-0.0,false,lata
130,Eisenbahn_Pilsen,Alagoinhas,ALA_L3,4,-0.0,false,lata
130,Eisenbahn_Pilsen,Alagoinhas,ALA_L3,5,-0.0,false,lata
130,Eisenbahn_Pilsen,Alagoinhas,ALA_L3,6,-0.0,false,lata
130,Eisenbahn_Pilsen,Alagoinhas,ALA_L3,7,-0.0,false,lata
130,Eisenbahn_Pilsen,Alagoinhas,ALA_L3,8,-0.0,false,lata
130,Eisenbahn_Pilsen,Alagoinhas,ALA_L3,9,-0.0,false,lata
130,Eisenbahn_Pilsen,Alagoinhas,ALA_L3,10,-0.0,false,lata
130,Eisenbahn_Pilsen,Alagoinhas,ALA_L3,11,-0.0,false,lata
130,Eisenbahn_Pilsen,Alagoinhas,ALA_L3,12,-0.0,false,lata
130,Eisenbahn_Pilsen,Alagoinhas,ALA_L3,13,-0.0,false,lata
130,Eisenbahn_Pilsen,Alagoinhas,ALA_L3,14,-0.0,false,lata
130,Eisenbahn_Pilsen,Alagoinhas,ALA_L3,15,-0.0,false,lata
130,Eisenbahn_Pilsen,Frutal,FRU_L1,1,-0.0,false,lata
130,Eisenbahn_Pilsen,Frutal,FRU_L1,2,-0.0,false,lata
130,Eisenbahn_Pilsen,Frutal,FRU_L1,3,-0.0,false,lata
130,Eisenbahn_Pilsen,Frutal,FRU_L1,4,-0.0,false,lata
130,Eisenbahn_Pilsen,Frutal,FRU_L1,5,-0.0,false,lata
130,Eisenbahn_Pilsen,Frutal,FRU_L1,6,-0.0,false,lata
130,Eisenbahn_Pilsen,Frutal,FRU_L1,7,-0.0,false,lata
130,Eisenbahn_Pilsen,Frutal,FRU_L1,8,-0.0,false,lata
130,Eisenbahn_Pilsen,Frutal,FRU_L1,9,-0.0,false,lata
130,Eisenbahn_Pilsen,Frutal,FRU_L1,10,-0.0,false,lata
130,Eisenbahn_Pilsen,Frutal,FRU_L1,11,-0.0,false,lata
130,Eisenbahn_Pilsen,Frutal,FRU_L1,12,-0.0,false,lata
130,Eisenbahn_Pilsen,Frutal,FRU_L1,13,-0.0,false,lata
130,Eisenbahn_Pilsen,Frutal,FRU_L1,14,-0.0,false,lata
130,Eisenbahn_Pilsen,Frutal,FRU_L1,15,-0.0,false,lata
130,Eisenbahn_Pilsen,Frutal,FRU_L2,1,-0.0,false,lata
130,Eisenbahn_Pilsen,Frutal,FRU_L2,2,-0.0,false,lata
130,Eisenbahn_Pilsen,Frutal,FRU_L2,3,-999999.4243803499,false,lata
130,Eisenbahn_Pilsen,Frutal,FRU_L2,4,-999999.57399775,false,lata
130,Eisenbahn_Pilsen,Frutal,FRU_L2,5,-0.0,false,lata
130,Eisenbahn_Pilsen,Frutal,FRU_L2,6,-0.0,false,lata
130,Eisenbahn_Pilsen,Frutal,FRU_L2,7,-0.0,false,lata
130,Eisenbahn_Pilsen,Frutal,FRU_L2,8,-0.0,false,lata
130,Eisenbahn_Pilsen,Frutal,FRU_L2,9,-0.0,false,lata
130,Eisenbahn_Pilsen,Frutal,FRU_L2,10,-0.0,false,lata
130,Eisenbahn_Pilsen,Frutal,FRU_L2,11,-0.0,false,lata
130,Eisenbahn_Pilsen,Frutal,FRU_L2,12,-0.0,false,lata
130,Eisenbahn_Pilsen,Frutal,FRU_L2,13,-0.0,false,lata
130,Eisenbahn_Pilsen,Frutal,FRU_L2,14,-0.0,false,lata
130,Eisenbahn_Pilsen,Frutal,FRU_L2,15,-0.0,false,lata
130,Eisenbahn_Pilsen,Frutal,FRU_L3,1,-0.0,false,lata
130,Eisenbahn_Pilsen,Frutal,FRU_L3,2,-0.0,false,lata
130,Eisenbahn_Pilsen,Frutal,FRU_L3,3,-0.0,false,lata
130,Eisenbahn_Pilsen,Frutal,FRU_L3,4,-0.0,false,lata
130,Eisenbahn_Pilsen,Frutal,FRU_L3,5,-0.0,false,lata
130,Eisenbahn_Pilsen,Frutal,FRU_L3,6,-0.0,false,lata
130,Eisenbahn_Pilsen,Frutal,FRU_L3,7,-0.0,false,lata
130,Eisenbahn_Pilsen,Frutal,FRU_L3,8,-0.0,false,lata
130,Eisenbahn_Pilsen,Frutal,FRU_L3,9,-999998.50271735,false,lata
130,Eisenbahn_Pilsen,Frutal,FRU_L3,10,-0.0,false,lata
130,Eisenbahn_Pilsen,Frutal,FRU_L3,11,-0.0,false,lata
130,Eisenbahn_Pilsen,Frutal,FRU_L3,12,-0.0,false,lata
130,Eisenbahn_Pilsen,Frutal,FRU_L3,13,-0.0,false,lata
130,Eisenbahn_Pilsen,Frutal,FRU_L3,14,-0.0,false,lata
130,Eisenbahn_Pilsen,Frutal,FRU_L3,15,-0.0,false,lata
130,Eisenbahn_Pilsen,Pouso Alegre,POU_L1,1,-0.0,false,lata
130,Eisenbahn_Pilsen,Pouso Alegre,POU_L1,2,-0.0,false,lata
130,Eisenbahn_Pilsen,Pouso Alegre,POU_L1,3,-0.0,false,lata
130,Eisenbahn_Pilsen,Pouso Alegre,POU_L1,4,-0.0,false,lata
130,Eisenbahn_Pilsen,Pouso Alegre,POU_L1,5,-0.0,false,lata
130,Eisenbahn_Pilsen,Pouso Alegre,POU_L1,6,-0.0,false,lata
130,Eisenbahn_Pilsen,Pouso Alegre,POU_L1,7,-0.0,false,lata
130,Eisenbahn_Pilsen,Pouso Alegre,POU_L1,8,-0.0,false,lata
130,Eisenbahn_Pilsen,Pouso Alegre,POU_L1,9,-0.0,false,lata
130,Eisenbahn_Pilsen,Pouso Alegre,POU_L1,10,-0.0,false,lata
130,Eisenbahn_Pilsen,Pouso Alegre,POU_L1,11,-0.0,false,lata
130,Eisenbahn_Pilsen,Pouso Alegre,POU_L1,12,-0.0,false,lata
130,Eisenbahn_Pilsen,Pouso Alegre,POU_L1,13,-0.0,false,lata
130,Eisenbahn_Pilsen,Pouso Alegre,POU_L1,14,-0.0,false,lata
130,Eisenbahn_Pilsen,Pouso Alegre,POU_L1,15,-999999.8301983,false,lata
130,Eisenbahn_Pilsen,Pouso Alegre,POU_L2,1,-0.0,false,lata
130,Eisenbahn_Pilsen,Pouso Alegre,POU_L2,2,-0.0,false,lata
130,Eisenbahn_Pilsen,Pouso Alegre,POU_L2,3,-0.0,false,lata
130,Eisenbahn_Pilsen,Pouso Alegre,POU_L2,4,-0.0,false,lata
130,Eisenbahn_Pilsen,Pouso Alegre,POU_L2,5,-0.0,false,lata
130,Eisenbahn_Pilsen,Pouso Alegre,POU_L2,6,-999998.7344303,false,lata
130,Eisenbahn_Pilsen,Pouso Alegre,POU_L2,7,-0.0,false,lata
130,Eisenbahn_Pilsen,Pouso Alegre,POU_L2,8,-0.0,false,lata
130,Eisenbahn_Pilsen,Pouso Alegre,POU_L2,9,-0.0,false,lata
130,Eisenbahn_Pilsen,Pouso Alegre,POU_L2,10,-999998.7816175501,false,lata
130,Eisenbahn_Pilsen,Pouso Alegre,POU_L2,11,-0.0,false,lata
130,Eisenbahn_Pilsen,Pouso Alegre,POU_L2,12,-999999.3734175501,false,lata
130,Eisenbahn_Pilsen,Pouso Alegre,POU_L2,13,-0.0,false,lata
130,Eisenbahn_Pilsen,Pouso Alegre,POU_L2,14,-0.0,false,lata
130,Eisenbahn_Pilsen,Pouso Alegre,POU_L2,15,-999999.8245164999,false,lata
130,Eisenbahn_Pilsen,Pouso Alegre,POU_L3,1,-0.0,false,lata
130,Eisenbahn_Pilsen,Pouso Alegre,POU_L3,2,-0.0,false,lata
130,Eisenbahn_Pilsen,Pouso Alegre,POU_L3,3,-0.0,false,lata
130,Eisenbahn_Pilsen,Pouso Alegre,POU_L3,4,-0.0,false,lata
130,Eisenbahn_Pilsen,Pouso Alegre,POU_L3,5,-999998.4385302999,false,lata
130,Eisenbahn_Pilsen,Pouso Alegre,POU_L3,6,-0.0,false,lata
130,Eisenbahn_Pilsen,Pouso Alegre,POU_L3,7,-0.0,false,lata
130,Eisenbahn_Pilsen,Pouso Alegre,POU_L3,8,-0.0,false,lata
130,Eisenbahn_Pilsen,Pouso Alegre,POU_L3,9,-0.0,false,lata
130,Eisenbahn_Pilsen,Pouso Alegre,POU_L3,10,-0.0,false,lata
130,Eisenbahn_Pilsen,Pouso Alegre,POU_L3,11,-0.0,false,lata
130,Eisenbahn_Pilsen,Pouso Alegre,POU_L3,12,-0.0,false,lata
130,Eisenbahn_Pilsen,Pouso Alegre,POU_L3,13,-0.0,false,lata
130,Eisenbahn_Pilsen,Pouso Alegre,POU_L3,14,-0.0,false,lata
130,Eisenbahn_Pilsen,Pouso Alegre,POU_L3,15,-0.0,false,lata
130,Eisenbahn_Pilsen,Gama,GAM_L1,1,-999998.8465427499,false,lata
130,Eisenbahn_Pilsen,Gama,GAM_L1,2,-0.0,false,lata
130,Eisenbahn_Pilsen,Gama,GAM_L1,3,-0.0,false,lata
130,Eisenbahn_Pilsen,Gama,GAM_L1,4,-0.0,false,lata
130,Eisenbahn_Pilsen,Gama,GAM_L1,5,-999998.4694925,false,lata
130,Eisenbahn_Pilsen,Gama,GAM_L1,6,-0.0,false,lata
130,Eisenbahn_Pilsen,Gama,GAM_L1,7,-0.0,false,lata
130,Eisenbahn_Pilsen,Gama,GAM_L1,8,-0.0,false,lata
130,Eisenbahn_Pilsen,Gama,GAM_L1,9,-0.0,false,lata
130,Eisenbahn_Pilsen,Gama,GAM_L1,10,-0.0,false,lata
130,Eisenbahn_Pilsen,Gama,GAM_L1,11,-0.0,false,lata
130,Eisenbahn_Pilsen,Gama,GAM_L1,12,-0.0,false,lata
130,Eisenbahn_Pilsen,Gama,GAM_L1,13,-0.0,false,lata
130,Eisenbahn_Pilsen,Gama,GAM_L1,14,-0.0,false,lata
130,Eisenbahn_Pilsen,Gama,GAM_L1,15,-0.0,false,lata
130,Eisenbahn_Pilsen,Gama,GAM_L2,1,-0.0,false,lata
130,Eisenbahn_Pilsen,Gama,GAM_L2,2,-0.0,false,lata
130,Eisenbahn_Pilsen,Gama,GAM_L2,3,-0.0,false,lata
130,Eisenbahn_Pilsen,Gama,GAM_L2,4,-0.0,false,lata
130,Eisenbahn_Pilsen,Gama,GAM_L2,5,-0.0,false,lata
130,Eisenbahn_Pilsen,Gama,GAM_L2,6,-0.0,false,lata
130,Eisenbahn_Pilsen,Gama,GAM_L2,7,-0.0,false,lata
130,Eisenbahn_Pilsen,Gama,GAM_L2,8,-0.0,false,lata
130,Eisenbahn_Pilsen,Gama,GAM_L2,9,-0.0,false,lata
130,Eisenbahn_Pilsen,Gama,GAM_L2,10,-0.0,false,lata
130,Eisenbahn_Pilsen,Gama,GAM_L2,11,-0.0,false,lata
130,Eisenbahn_Pilsen,Gama,GAM_L2,12,-0.0,false,lata
130,Eisenbahn_Pilsen,Gama,GAM_L2,13,-0.0,false,lata
130,Eisenbahn_Pilsen,Gama,GAM_L2,14,-0.0,false,lata
130,Eisenbahn_Pilsen,Gama,GAM_L2,15,-0.0,false,lata
130,Eisenbahn_Pilsen,Gama,GAM_L3,1,-0.0,false,lata
130,Eisenbahn_Pilsen,Gama,GAM_L3,2,-0.0,false,lata
130,Eisenbahn_Pilsen,Gama,GAM_L3,3,-0.0,false,lata
130,Eisenbahn_Pilsen,Gama,GAM_L3,4,-0.0,false,lata
130,Eisenbahn_Pilsen,Gama,GAM_L3,5,-0.0,false,lata
130,Eisenbahn_Pilsen,Gama,GAM_L3,6,-0.0,false,lata
130,Eisenbahn_Pilsen,Gama,GAM_L3,7,-0.0,false,lata
130,Eisenbahn_Pilsen,Gama,GAM_L3,8,-0.0,false,lata
130,Eisenbahn_Pilsen,Gama,GAM_L3,9,-0.0,false,lata
130,Eisenbahn_Pilsen,Gama,GAM_L3,10,-0.0,false,lata
130,Eisenbahn_Pilsen,Gama,GAM_L3,11,-999999.1084797501,false,lata
130,Eisenbahn_Pilsen,Gama,GAM_L3,12,-0.0,false,lata
130,Eisenbahn_Pilsen,Gama,GAM_L3,13,-0.0,false,lata
130,Eisenbahn_Pilsen,Gama,GAM_L3,14,-0.0,false,lata
130,Eisenbahn_Pilsen,Gama,GAM_L3,15,-0.0,false,lata
130,Eisenbahn_Pilsen,Viamao,VIA_L1,1,-0.0,false,lata
130,Eisenbahn_Pilsen,Viamao,VIA_L1,2,-0.0,false,lata
130,Eisenbahn_Pilsen,Viamao,VIA_L1,3,-0.0,false,lata
130,Eisenbahn_Pilsen,Viamao,VIA_L1,4,-0.0,false,lata
130,Eisenbahn_Pilsen,Viamao,VIA_L1,5,-0.0,false,lata
130,Eisenbahn_Pilsen,Viamao,VIA_L1,6,-0.0,false,lata
130,Eisenbahn_Pilsen,Viamao,VIA_L1,7,-0.0,false,lata
130,Eisenbahn_Pilsen,Viamao,VIA_L1,8,-0.0,false,lata
130,Eisenbahn_Pilsen,Viamao,VIA_L1,9,-0.0,false,lata
130,Eisenbahn_Pilsen,Viamao,VIA_L1,10,-0.0,false,lata
130,Eisenbahn_Pilsen,Viamao,VIA_L1,11,-0.0,false,lata
130,Eisenbahn_Pilsen,Viamao,VIA_L1,12,-0.0,false,lata
130,Eisenbahn_Pilsen,Viamao,VIA_L1,13,-0.0,false,lata
130,Eisenbahn_Pilsen,Viamao,VIA_L1,14,-0.0,false,lata
130,Eisenbahn_Pilsen,Viamao,VIA_L1,15,-0.0,false,lata
130,Eisenbahn_Pilsen,Viamao,VIA_L2,1,-0.0,false,lata
130,Eisenbahn_Pilsen,Viamao,VIA_L2,2,-0.0,false,lata
130,Eisenbahn_Pilsen,Viamao,VIA_L2,3,-0.0,false,lata
130,Eisenbahn_Pilsen,Viamao,VIA_L2,4,-0.0,false,lata
130,Eisenbahn_Pilsen,Viamao,VIA_L2,5,-0.0,false,lata
130,Eisenbahn_Pilsen,Viamao,VIA_L2,6,-0.0,false,lata
130,Eisenbahn_Pilsen,Viamao,VIA_L2,7,-0.0,false,lata
130,Eisenbahn_Pilsen,Viamao,VIA_L2,8,-0.0,false,lata
130,Eisenbahn_Pilsen,Viamao,VIA_L2,9,-0.0,false,lata
130,Eisenbahn_Pilsen,Viamao,VIA_L2,10,-0.0,false,lata
130,Eisenbahn_Pilsen,Viamao,VIA_L2,11,-0.0,false,lata
130,Eisenbahn_Pilsen,Viamao,VIA_L2,12,-0.0,false,lata
130,Eisenbahn_Pilsen,Viamao,VIA_L2,13,-0.0,false,lata
130,Eisenbahn_Pilsen,Viamao,VIA_L2,14,-0.0,false,lata
130,Eisenbahn_Pilsen,Viamao,VIA_L2,15,-0.0,false,lata
130,Eisenbahn_Pilsen,Viamao,VIA_L3,1,-0.0,false,lata
130,Eisenbahn_Pilsen,Viamao,VIA_L3,2,-999999.1453265,false,lata
130,Eisenbahn_Pilsen,Viamao,VIA_L3,3,-0.0,false,lata
130,Eisenbahn_Pilsen,Viamao,VIA_L3,4,-0.0,false,lata
130,Eisenbahn_Pilsen,Viamao,VIA_L3,5,-0.0,false,lata
130,Eisenbahn_Pilsen,Viamao,VIA_L3,6,-0.0,false,lata
130,Eisenbahn_Pilsen,Viamao,VIA_L3,7,-0.0,false,lata
130,Eisenbahn_Pilsen,Viamao,VIA_L3,8,-0.0,false,lata
130,Eisenbahn_Pilsen,Viamao,VIA_L3,9,-0.0,false,lata
130,Eisenbahn_Pilsen,Viamao,VIA_L3,10,-0.0,false,lata
130,Eisenbahn_Pilsen,Viamao,VIA_L3,11,-0.0,false,lata
130,Eisenbahn_Pilsen,Viamao,VIA_L3,12,-999999.4137085502,false,lata
130,Eisenbahn_Pilsen,Viamao,VIA_L3,13,-0.0,false,lata
130,Eisenbahn_Pilsen,Viamao,VIA_L3,14,-0.0,false,lata
130,Eisenbahn_Pilsen,Viamao,VIA_L3,15,-0.0,false,lata
130,Eisenbahn_Pilsen,Itupeva,ITU_L1,1,-0.0,false,lata
130,Eisenbahn_Pilsen,Itupeva,ITU_L1,2,-0.0,false,lata
130,Eisenbahn_Pilsen,Itupeva,ITU_L1,3,-0.0,false,lata
130,Eisenbahn_Pilsen,Itupeva,ITU_L1,4,-0.0,false,lata
130,Eisenbahn_Pilsen,Itupeva,ITU_L1,5,-0.0,false,lata
130,Eisenbahn_Pilsen,Itupeva,ITU_L1,6,-0.0,false,lata
130,Eisenbahn_Pilsen,Itupeva,ITU_L1,7,-0.0,false,lata
130,Eisenbahn_Pilsen,Itupeva,ITU_L1,8,-0.0,false,lata
130,Eisenbahn_Pilsen,Itupeva,ITU_L1,9,-0.0,false,lata
130,Eisenbahn_Pilsen,Itupeva,ITU_L1,10,-0.0,false,lata
130,Eisenbahn_Pilsen,Itupeva,ITU_L1,11,-0.0,false,lata
130,Eisenbahn_Pilsen,Itupeva,ITU_L1,12,-0.0,false,lata
130,Eisenbahn_Pilsen,Itupeva,ITU_L1,13,-999999.2327510999,false,lata
130,Eisenbahn_Pilsen,Itupeva,ITU_L1,14,-0.0,false,lata
130,Eisenbahn_Pilsen,Itupeva,ITU_L1,15,-0.0,false,lata
130,Eisenbahn_Pilsen,Itupeva,ITU_L2,1,-0.0,false,lata
130,Eisenbahn_Pilsen,Itupeva,ITU_L2,2,-0.0,false,lata
130,Eisenbahn_Pilsen,Itupeva,ITU_L2,3,-999999.4090274499,false,lata
130,Eisenbahn_Pilsen,Itupeva,ITU_L2,4,-0.0,false,lata
130,Eisenbahn_Pilsen,Itupeva,ITU_L2,5,-0.0,false,lata
130,Eisenbahn_Pilsen,Itupeva,ITU_L2,6,-0.0,false,lata
130,Eisenbahn_Pilsen,Itupeva,ITU_L2,7,-0.0,false,lata
130,Eisenbahn_Pilsen,Itupeva,ITU_L2,8,-0.0,false,lata
130,Eisenbahn_Pilsen,Itupeva,ITU_L2,9,-0.0,false,lata
130,Eisenbahn_Pilsen,Itupeva,ITU_L2,10,-0.0,false,lata
130,Eisenbahn_Pilsen,Itupeva,ITU_L2,11,-0.0,false,lata
130,Eisenbahn_Pilsen,Itupeva,ITU_L2,12,-999999.3768306501,false,lata
130,Eisenbahn_Pilsen,Itupeva,ITU_L2,13,-0.0,false,lata
130,Eisenbahn_Pilsen,Itupeva,ITU_L2,14,-0.0,false,lata
130,Eisenbahn_Pilsen,Itupeva,ITU_L2,15,-0.0,false,lata
130,Eisenbahn_Pilsen,Itupeva,ITU_L3,1,-0.0,false,lata
130,Eisenbahn_Pilsen,Itupeva,ITU_L3,2,-999999.1115151499,false,lata
130,Eisenbahn_Pilsen,Itupeva,ITU_L3,3,-0.0,false,lata
130,Eisenbahn_Pilsen,Itupeva,ITU_L3,4,-0.0,false,lata
130,Eisenbahn_Pilsen,Itupeva,ITU_L3,5,-0.0,false,lata
130,Eisenbahn_Pilsen,Itupeva,ITU_L3,6,-0.0,false,lata
130,Eisenbahn_Pilsen,Itupeva,ITU_L3,7,-0.0,false,lata
130,Eisenbahn_Pilsen,Itupeva,ITU_L3,8,-0.0,false,lata
130,Eisenbahn_Pilsen,Itupeva,ITU_L3,9,-0.0,false,lata
130,Eisenbahn_Pilsen,Itupeva,ITU_L3,10,-0.0,false,lata
130,Eisenbahn_Pilsen,Itupeva,ITU_L3,11,-0.0,false,lata
130,Eisenbahn_Pilsen,Itupeva,ITU_L3,12,-999999.3798972002,false,lata
130,Eisenbahn_Pilsen,Itupeva,ITU_L3,13,-0.0,false,lata
130,Eisenbahn_Pilsen,Itupeva,ITU_L3,14,-0.0,false,lata
130,Eisenbahn_Pilsen,Itupeva,ITU_L3,15,-0.0,false,lata
130,Eisenbahn_Pilsen,Cabo de Santo Agostinho,CAB_L1,1,-0.0,false,lata
130,Eisenbahn_Pilsen,Cabo de Santo Agostinho,CAB_L1,2,-0.0,false,lata
130,Eisenbahn_Pilsen,Cabo de Santo Agostinho,CAB_L1,3,-0.0,false,lata
130,Eisenbahn_Pilsen,Cabo de Santo Agostinho,CAB_L1,4,-0.0,false,lata
130,Eisenbahn_Pilsen,Cabo de Santo Agostinho,CAB_L1,5,-0.0,false,lata
130,Eisenbahn_Pilsen,Cabo de Santo Agostinho,CAB_L1,6,-0.0,false,lata
130,Eisenbahn_Pilsen,Cabo de Santo Agostinho,CAB_L1,7,-0.0,false,lata
130,Eisenbahn_Pilsen,Cabo de Santo Agostinho,CAB_L1,8,-0.0,false,lata
130,Eisenbahn_Pilsen,Cabo de Santo Agostinho,CAB_L1,9,-0.0,false,lata
130,Eisenbahn_Pilsen,Cabo de Santo Agostinho,CAB_L1,10,-0.0,false,lata
130,Eisenbahn_Pilsen,Cabo de Santo Agostinho,CAB_L1,11,-0.0,false,lata
130,Eisenbahn_Pilsen,Cabo de Santo Agostinho,CAB_L1,12,-0.0,false,lata
130,Eisenbahn_Pilsen,Cabo de Santo Agostinho,CAB_L1,13,-0.0,false,lata
130,Eisenbahn_Pilsen,Cabo de Santo Agostinho,CAB_L1,14,-0.0,false,lata
130,Eisenbahn_Pilsen,Cabo de Santo Agostinho,CAB_L1,15,-0.0,false,lata
130,Eisenbahn_Pilsen,Cabo de Santo Agostinho,CAB_L2,1,-0.0,false,lata
130,Eisenbahn_Pilsen,Cabo de Santo Agostinho,CAB_L2,2,-0.0,false,lata
130,Eisenbahn_Pilsen,Cabo de Santo Agostinho,CAB_L2,3,-0.0,false,lata
130,Eisenbahn_Pilsen,Cabo de Santo Agostinho,CAB_L2,4,-0.0,false,lata
130,Eisenbahn_Pilsen,Cabo de Santo Agostinho,CAB_L2,5,-0.0,false,lata
130,Eisenbahn_Pilsen,Cabo de Santo Agostinho,CAB_L2,6,-0.0,false,lata
130,Eisenbahn_Pilsen,Cabo de Santo Agostinho,CAB_L2,7,-0.0,false,lata
130,Eisenbahn_Pilsen,Cabo de Santo Agostinho,CAB_L2,8,-0.0,false,lata
130,Eisenbahn_Pilsen,Cabo de Santo Agostinho,CAB_L2,9,-0.0,false,lata
130,Eisenbahn_Pilsen,Cabo de Santo Agostinho,CAB_L2,10,-0.0,false,lata
130,Eisenbahn_Pilsen,Cabo de Santo Agostinho,CAB_L2,11,-0.0,false,lata
130,Eisenbahn_Pilsen,Cabo de Santo Agostinho,CAB_L2,12,-0.0,false,lata
130,Eisenbahn_Pilsen,Cabo de Santo Agostinho,CAB_L2,13,-0.0,false,lata
130,Eisenbahn_Pilsen,Cabo de Santo Agostinho,CAB_L2,14,-0.0,false,lata
130,Eisenbahn_Pilsen,Cabo de Santo Agostinho,CAB_L2,15,-999999.9068583999,false,lata
130,Eisenbahn_Pilsen,Cabo de Santo Agostinho,CAB_L3,1,-0.0,false,lata
130,Eisenbahn_Pilsen,Cabo de Santo Agostinho,CAB_L3,2,-0.0,false,lata
130,Eisenbahn_Pilsen,Cabo de Santo Agostinho,CAB_L3,3,-0.0,false,lata
130,Eisenbahn_Pilsen,Cabo de Santo Agostinho,CAB_L3,4,-0.0,false,lata
130,Eisenbahn_Pilsen,Cabo de Santo Agostinho,CAB_L3,5,-0.0,false,lata
130,Eisenbahn_Pilsen,Cabo de Santo Agostinho,CAB_L3,6,-0.0,false,lata
130,Eisenbahn_Pilsen,Cabo de Santo Agostinho,CAB_L3,7,-0.0,false,lata
130,Eisenbahn_Pilsen,Cabo de Santo Agostinho,CAB_L3,8,-0.0,false,lata
130,Eisenbahn_Pilsen,Cabo de Santo Agostinho,CAB_L3,9,-0.0,false,lata
130,Eisenbahn_Pilsen,Cabo de Santo Agostinho,CAB_L3,10,-0.0,false,lata
130,Eisenbahn_Pilsen,Cabo de Santo Agostinho,CAB_L3,11,-999999.0861567502,false,lata
130,Eisenbahn_Pilsen,Cabo de Santo Agostinho,CAB_L3,12,-0.0,false,lata
130,Eisenbahn_Pilsen,Cabo de Santo Agostinho,CAB_L3,13,-0.0,false,lata
130,Eisenbahn_Pilsen,Cabo de Santo Agostinho,CAB_L3,14,-0.0,false,lata
130,Eisenbahn_Pilsen,Cabo de Santo Agostinho,CAB_L3,15,-0.0,false,lata
130,Guarana_Antarctica,Jacarei,JAC_L1,1,-0.0,false,lata
130,Guarana_Antarctica,Jacarei,JAC_L1,2,-0.0,false,lata
130,Guarana_Antarctica,Jacarei,JAC_L1,3,-0.0,false,lata
130,Guarana_Antarctica,Jacarei,JAC_L1,4,-0.0,false,lata
130,Guarana_Antarctica,Jacarei,JAC_L1,5,-0.0,false,lata
130,Guarana_Antarctica,Jacarei,JAC_L1,6,-0.0,false,lata
130,Guarana_Antarctica,Jacarei,JAC_L1,7,-0.0,false,lata
130,Guarana_Antarctica,Jacarei,JAC_L1,8,-0.0,false,lata
130,Guarana_Antarctica,Jacarei,JAC_L1,9,-0.0,false,lata
130,Guarana_Antarctica,Jacarei,JAC_L1,10,-0.0,false,lata
130,Guarana_Antarctica,Jacarei,JAC_L1,11,-0.0,false,lata
130,Guarana_Antarctica,Jacarei,JAC_L1,12,-0.0,false,lata
130,Guarana_Antarctica,Jacarei,JAC_L1,13,-0.0,false,lata
130,Guarana_Antarctica,Jacarei,JAC_L1,14,-0.0,false,lata
130,Guarana_Antarctica,Jacarei,JAC_L1,15,-0.0,false,lata
130,Guarana_Antarctica,Jacarei,JAC_L2,1,-0.0,false,lata
130,Guarana_Antarctica,Jacarei,JAC_L2,2,-0.0,false,lata
130,Guarana_Antarctica,Jacarei,JAC_L2,3,-0.0,false,lata
130,Guarana_Antarctica,Jacarei,JAC_L2,4,-0.0,false,lata
130,Guarana_Antarctica,Jacarei,JAC_L2,5,-0.0,false,lata
130,Guarana_Antarctica,Jacarei,JAC_L2,6,-0.0,false,lata
130,Guarana_Antarctica,Jacarei,JAC_L2,7,-0.0,false,lata
130,Guarana_Antarctica,Jacarei,JAC_L2,8,-0.0,false,lata
130,Guarana_Antarctica,Jacarei,JAC_L2,9,-0.0,false,lata
130,Guarana_Antarctica,Jacarei,JAC_L2,10,-1.0e6,true,lata
130,Guarana_Antarctica,Jacarei,JAC_L2,11,-1.0e6,true,lata
130,Guarana_Antarctica,Jacarei,JAC_L2,12,-0.0,false,lata
130,Guarana_Antarctica,Jacarei,JAC_L2,13,-0.0,false,lata
130,Guarana_Antarctica,Jacarei,JAC_L2,14,-0.0,false,lata
130,Guarana_Antarctica,Jacarei,JAC_L2,15,-0.0,false,lata
130,Guarana_Antarctica,Jacarei,JAC_L3,1,-0.0,false,lata
130,Guarana_Antarctica,Jacarei,JAC_L3,2,-0.0,false,lata
130,Guarana_Antarctica,Jacarei,JAC_L3,3,-0.0,false,lata
130,Guarana_Antarctica,Jacarei,JAC_L3,4,-0.0,false,lata
130,Guarana_Antarctica,Jacarei,JAC_L3,5,-0.0,false,lata
130,Guarana_Antarctica,Jacarei,JAC_L3,6,-0.0,false,lata
130,Guarana_Antarctica,Jacarei,JAC_L3,7,-0.0,false,lata
130,Guarana_Antarctica,Jacarei,JAC_L3,8,-1.0e6,true,lata
130,Guarana_Antarctica,Jacarei,JAC_L3,9,-0.0,false,lata
130,Guarana_Antarctica,Jacarei,JAC_L3,10,-0.0,false,lata
130,Guarana_Antarctica,Jacarei,JAC_L3,11,-0.0,false,lata
130,Guarana_Antarctica,Jacarei,JAC_L3,12,-1.0e6,true,lata
130,Guarana_Antarctica,Jacarei,JAC_L3,13,-0.0,false,lata
130,Guarana_Antarctica,Jacarei,JAC_L3,14,-0.0,false,lata
130,Guarana_Antarctica,Jacarei,JAC_L3,15,-0.0,false,lata
130,Guarana_Antarctica,Extrema,EXT_L1,1,-0.0,false,lata
130,Guarana_Antarctica,Extrema,EXT_L1,2,-0.0,false,lata
130,Guarana_Antarctica,Extrema,EXT_L1,3,-0.0,false,lata
130,Guarana_Antarctica,Extrema,EXT_L1,4,-0.0,false,lata
130,Guarana_Antarctica,Extrema,EXT_L1,5,-0.0,false,lata
130,Guarana_Antarctica,Extrema,EXT_L1,6,-0.0,false,lata
130,Guarana_Antarctica,Extrema,EXT_L1,7,-0.0,false,lata
130,Guarana_Antarctica,Extrema,EXT_L1,8,-0.0,false,lata
130,Guarana_Antarctica,Extrema,EXT_L1,9,-0.0,false,lata
130,Guarana_Antarctica,Extrema,EXT_L1,10,-0.0,false,lata
130,Guarana_Antarctica,Extrema,EXT_L1,11,-0.0,false,lata
130,Guarana_Antarctica,Extrema,EXT_L1,12,-0.0,false,lata
130,Guarana_Antarctica,Extrema,EXT_L1,13,-0.0,false,lata
130,Guarana_Antarctica,Extrema,EXT_L1,14,-0.0,false,lata
130,Guarana_Antarctica,Extrema,EXT_L1,15,-0.0,false,lata
130,Guarana_Antarctica,Extrema,EXT_L2,1,-0.0,false,lata
130,Guarana_Antarctica,Extrema,EXT_L2,2,-0.0,false,lata
130,Guarana_Antarctica,Extrema,EXT_L2,3,-0.0,false,lata
130,Guarana_Antarctica,Extrema,EXT_L2,4,-0.0,false,lata
130,Guarana_Antarctica,Extrema,EXT_L2,5,-0.0,false,lata
130,Guarana_Antarctica,Extrema,EXT_L2,6,-0.0,false,lata
130,Guarana_Antarctica,Extrema,EXT_L2,7,-0.0,false,lata
130,Guarana_Antarctica,Extrema,EXT_L2,8,-0.0,false,lata
130,Guarana_Antarctica,Extrema,EXT_L2,9,-0.0,false,lata
130,Guarana_Antarctica,Extrema,EXT_L2,10,-0.0,false,lata
130,Guarana_Antarctica,Extrema,EXT_L2,11,-0.0,false,lata
130,Guarana_Antarctica,Extrema,EXT_L2,12,-0.0,false,lata
130,Guarana_Antarctica,Extrema,EXT_L2,13,-0.0,false,lata
130,Guarana_Antarctica,Extrema,EXT_L2,14,-0.0,false,lata
130,Guarana_Antarctica,Extrema,EXT_L2,15,-0.0,false,lata
130,Guarana_Antarctica,Extrema,EXT_L3,1,-0.0,false,lata
130,Guarana_Antarctica,Extrema,EXT_L3,2,-0.0,false,lata
130,Guarana_Antarctica,Extrema,EXT_L3,3,-0.0,false,lata
130,Guarana_Antarctica,Extrema,EXT_L3,4,-0.0,false,lata
130,Guarana_Antarctica,Extrema,EXT_L3,5,-1.0e6,true,lata
130,Guarana_Antarctica,Extrema,EXT_L3,6,-1.0e6,true,lata
130,Guarana_Antarctica,Extrema,EXT_L3,7,-999999.9629439,false,lata
130,Guarana_Antarctica,Extrema,EXT_L3,8,-0.0,false,lata
130,Guarana_Antarctica,Extrema,EXT_L3,9,-0.0,false,lata
130,Guarana_Antarctica,Extrema,EXT_L3,10,-0.0,false,lata
130,Guarana_Antarctica,Extrema,EXT_L3,11,-0.0,false,lata
130,Guarana_Antarctica,Extrema,EXT_L3,12,-0.0,false,lata
130,Guarana_Antarctica,Extrema,EXT_L3,13,-0.0,false,lata
130,Guarana_Antarctica,Extrema,EXT_L3,14,-0.0,false,lata
130,Guarana_Antarctica,Extrema,EXT_L3,15,-0.0,false,lata
130,Guarana_Antarctica,Tres Rios,TRE_L1,1,-0.0,false,lata
130,Guarana_Antarctica,Tres Rios,TRE_L1,2,-0.0,false,lata
130,Guarana_Antarctica,Tres Rios,TRE_L1,3,-0.0,false,lata
130,Guarana_Antarctica,Tres Rios,TRE_L1,4,-0.0,false,lata
130,Guarana_Antarctica,Tres Rios,TRE_L1,5,-0.0,false,lata
130,Guarana_Antarctica,Tres Rios,TRE_L1,6,-0.0,false,lata
130,Guarana_Antarctica,Tres Rios,TRE_L1,7,-0.0,false,lata
130,Guarana_Antarctica,Tres Rios,TRE_L1,8,-0.0,false,lata
130,Guarana_Antarctica,Tres Rios,TRE_L1,9,-0.0,false,lata
130,Guarana_Antarctica,Tres Rios,TRE_L1,10,-0.0,false,lata
130,Guarana_Antarctica,Tres Rios,TRE_L1,11,-0.0,false,lata
130,Guarana_Antarctica,Tres Rios,TRE_L1,12,-0.0,false,lata
130,Guarana_Antarctica,Tres Rios,TRE_L1,13,-0.0,false,lata
130,Guarana_Antarctica,Tres Rios,TRE_L1,14,-0.0,false,lata
130,Guarana_Antarctica,Tres Rios,TRE_L1,15,-0.0,false,lata
130,Guarana_Antarctica,Tres Rios,TRE_L2,1,-0.0,false,lata
130,Guarana_Antarctica,Tres Rios,TRE_L2,2,-0.0,false,lata
130,Guarana_Antarctica,Tres Rios,TRE_L2,3,-0.0,false,lata
130,Guarana_Antarctica,Tres Rios,TRE_L2,4,-0.0,false,lata
130,Guarana_Antarctica,Tres Rios,TRE_L2,5,-0.0,false,lata
130,Guarana_Antarctica,Tres Rios,TRE_L2,6,-0.0,false,lata
130,Guarana_Antarctica,Tres Rios,TRE_L2,7,-0.0,false,lata
130,Guarana_Antarctica,Tres Rios,TRE_L2,8,-0.0,false,lata
130,Guarana_Antarctica,Tres Rios,TRE_L2,9,-0.0,false,lata
130,Guarana_Antarctica,Tres Rios,TRE_L2,10,-0.0,false,lata
130,Guarana_Antarctica,Tres Rios,TRE_L2,11,-0.0,false,lata
130,Guarana_Antarctica,Tres Rios,TRE_L2,12,-0.0,false,lata
130,Guarana_Antarctica,Tres Rios,TRE_L2,13,-0.0,false,lata
130,Guarana_Antarctica,Tres Rios,TRE_L2,14,-0.0,false,lata
130,Guarana_Antarctica,Tres Rios,TRE_L2,15,-0.0,false,lata
130,Guarana_Antarctica,Tres Rios,TRE_L3,1,-0.0,false,lata
130,Guarana_Antarctica,Tres Rios,TRE_L3,2,-0.0,false,lata
130,Guarana_Antarctica,Tres Rios,TRE_L3,3,-0.0,false,lata
130,Guarana_Antarctica,Tres Rios,TRE_L3,4,-0.0,false,lata
130,Guarana_Antarctica,Tres Rios,TRE_L3,5,-0.0,false,lata
130,Guarana_Antarctica,Tres Rios,TRE_L3,6,-0.0,false,lata
130,Guarana_Antarctica,Tres Rios,TRE_L3,7,-0.0,false,lata
130,Guarana_Antarctica,Tres Rios,TRE_L3,8,-0.0,false,lata
130,Guarana_Antarctica,Tres Rios,TRE_L3,9,-0.0,false,lata
130,Guarana_Antarctica,Tres Rios,TRE_L3,10,-0.0,false,lata
130,Guarana_Antarctica,Tres Rios,TRE_L3,11,-0.0,false,lata
130,Guarana_Antarctica,Tres Rios,TRE_L3,12,-0.0,false,lata
130,Guarana_Antarctica,Tres Rios,TRE_L3,13,-0.0,false,lata
130,Guarana_Antarctica,Tres Rios,TRE_L3,14,-0.0,false,lata
130,Guarana_Antarctica,Tres Rios,TRE_L3,15,-0.0,false,lata
130,Guarana_Antarctica,Alagoinhas,ALA_L1,1,-0.0,false,lata
130,Guarana_Antarctica,Alagoinhas,ALA_L1,2,-1.0e6,true,lata
130,Guarana_Antarctica,Alagoinhas,ALA_L1,3,-0.0,false,lata
130,Guarana_Antarctica,Alagoinhas,ALA_L1,4,-0.0,false,lata
130,Guarana_Antarctica,Alagoinhas,ALA_L1,5,-0.0,false,lata
130,Guarana_Antarctica,Alagoinhas,ALA_L1,6,-0.0,false,lata
130,Guarana_Antarctica,Alagoinhas,ALA_L1,7,-0.0,false,lata
130,Guarana_Antarctica,Alagoinhas,ALA_L1,8,-0.0,false,lata
130,Guarana_Antarctica,Alagoinhas,ALA_L1,9,-0.0,false,lata
130,Guarana_Antarctica,Alagoinhas,ALA_L1,10,-0.0,false,lata
130,Guarana_Antarctica,Alagoinhas,ALA_L1,11,-0.0,false,lata
130,Guarana_Antarctica,Alagoinhas,ALA_L1,12,-0.0,false,lata
130,Guarana_Antarctica,Alagoinhas,ALA_L1,13,-0.0,false,lata
130,Guarana_Antarctica,Alagoinhas,ALA_L1,14,-0.0,false,lata
130,Guarana_Antarctica,Alagoinhas,ALA_L1,15,-0.0,false,lata
130,Guarana_Antarctica,Alagoinhas,ALA_L2,1,-0.0,false,lata
130,Guarana_Antarctica,Alagoinhas,ALA_L2,2,-0.0,false,lata
130,Guarana_Antarctica,Alagoinhas,ALA_L2,3,-0.0,false,lata
130,Guarana_Antarctica,Alagoinhas,ALA_L2,4,-0.0,false,lata
130,Guarana_Antarctica,Alagoinhas,ALA_L2,5,-1.0e6,true,lata
130,Guarana_Antarctica,Alagoinhas,ALA_L2,6,-0.0,false,lata
130,Guarana_Antarctica,Alagoinhas,ALA_L2,7,-0.0,false,lata
130,Guarana_Antarctica,Alagoinhas,ALA_L2,8,-0.0,false,lata
130,Guarana_Antarctica,Alagoinhas,ALA_L2,9,-0.0,false,lata
130,Guarana_Antarctica,Alagoinhas,ALA_L2,10,-0.0,false,lata
130,Guarana_Antarctica,Alagoinhas,ALA_L2,11,-0.0,false,lata
130,Guarana_Antarctica,Alagoinhas,ALA_L2,12,-0.0,false,lata
130,Guarana_Antarctica,Alagoinhas,ALA_L2,13,-0.0,false,lata
130,Guarana_Antarctica,Alagoinhas,ALA_L2,14,-0.0,false,lata
130,Guarana_Antarctica,Alagoinhas,ALA_L2,15,-0.0,false,lata
130,Guarana_Antarctica,Alagoinhas,ALA_L3,1,-0.0,false,lata
130,Guarana_Antarctica,Alagoinhas,ALA_L3,2,-0.0,false,lata
130,Guarana_Antarctica,Alagoinhas,ALA_L3,3,-0.0,false,lata
130,Guarana_Antarctica,Alagoinhas,ALA_L3,4,-0.0,false,lata
130,Guarana_Antarctica,Alagoinhas,ALA_L3,5,-0.0,false,lata
130,Guarana_Antarctica,Alagoinhas,ALA_L3,6,-0.0,false,lata
130,Guarana_Antarctica,Alagoinhas,ALA_L3,7,-0.0,false,lata
130,Guarana_Antarctica,Alagoinhas,ALA_L3,8,-0.0,false,lata
130,Guarana_Antarctica,Alagoinhas,ALA_L3,9,-0.0,false,lata
130,Guarana_Antarctica,Alagoinhas,ALA_L3,10,-0.0,false,lata
130,Guarana_Antarctica,Alagoinhas,ALA_L3,11,-0.0,false,lata
130,Guarana_Antarctica,Alagoinhas,ALA_L3,12,-0.0,false,lata
130,Guarana_Antarctica,Alagoinhas,ALA_L3,13,-0.0,false,lata
130,Guarana_Antarctica,Alagoinhas,ALA_L3,14,-0.0,false,lata
130,Guarana_Antarctica,Alagoinhas,ALA_L3,15,-0.0,false,lata
130,Guarana_Antarctica,Frutal,FRU_L1,1,-0.0,false,lata
130,Guarana_Antarctica,Frutal,FRU_L1,2,-999999.9716934,false,lata
130,Guarana_Antarctica,Frutal,FRU_L1,3,-0.0,false,lata
130,Guarana_Antarctica,Frutal,FRU_L1,4,-0.0,false,lata
130,Guarana_Antarctica,Frutal,FRU_L1,5,-0.0,false,lata
130,Guarana_Antarctica,Frutal,FRU_L1,6,-0.0,false,lata
130,Guarana_Antarctica,Frutal,FRU_L1,7,-0.0,false,lata
130,Guarana_Antarctica,Frutal,FRU_L1,8,-0.0,false,lata
130,Guarana_Antarctica,Frutal,FRU_L1,9,-0.0,false,lata
130,Guarana_Antarctica,Frutal,FRU_L1,10,-1.0e6,true,lata
130,Guarana_Antarctica,Frutal,FRU_L1,11,-0.0,false,lata
130,Guarana_Antarctica,Frutal,FRU_L1,12,-0.0,false,lata
130,Guarana_Antarctica,Frutal,FRU_L1,13,-0.0,false,lata
130,Guarana_Antarctica,Frutal,FRU_L1,14,-0.0,false,lata
130,Guarana_Antarctica,Frutal,FRU_L1,15,-0.0,false,lata
130,Guarana_Antarctica,Frutal,FRU_L2,1,-0.0,false,lata
130,Guarana_Antarctica,Frutal,FRU_L2,2,-0.0,false,lata
130,Guarana_Antarctica,Frutal,FRU_L2,3,-0.0,false,lata
130,Guarana_Antarctica,Frutal,FRU_L2,4,-0.0,false,lata
130,Guarana_Antarctica,Frutal,FRU_L2,5,-0.0,false,lata
130,Guarana_Antarctica,Frutal,FRU_L2,6,-0.0,false,lata
130,Guarana_Antarctica,Frutal,FRU_L2,7,-0.0,false,lata
130,Guarana_Antarctica,Frutal,FRU_L2,8,-0.0,false,lata
130,Guarana_Antarctica,Frutal,FRU_L2,9,-0.0,false,lata
130,Guarana_Antarctica,Frutal,FRU_L2,10,-0.0,false,lata
130,Guarana_Antarctica,Frutal,FRU_L2,11,-0.0,false,lata
130,Guarana_Antarctica,Frutal,FRU_L2,12,-0.0,false,lata
130,Guarana_Antarctica,Frutal,FRU_L2,13,-0.0,false,lata
130,Guarana_Antarctica,Frutal,FRU_L2,14,-0.0,false,lata
130,Guarana_Antarctica,Frutal,FRU_L2,15,-0.0,false,lata
130,Guarana_Antarctica,Frutal,FRU_L3,1,-0.0,false,lata
130,Guarana_Antarctica,Frutal,FRU_L3,2,-0.0,false,lata
130,Guarana_Antarctica,Frutal,FRU_L3,3,-0.0,false,lata
130,Guarana_Antarctica,Frutal,FRU_L3,4,-0.0,false,lata
130,Guarana_Antarctica,Frutal,FRU_L3,5,-0.0,false,lata
130,Guarana_Antarctica,Frutal,FRU_L3,6,-0.0,false,lata
130,Guarana_Antarctica,Frutal,FRU_L3,7,-999999.94922865,false,lata
130,Guarana_Antarctica,Frutal,FRU_L3,8,-0.0,false,lata
130,Guarana_Antarctica,Frutal,FRU_L3,9,-0.0,false,lata
130,Guarana_Antarctica,Frutal,FRU_L3,10,-0.0,false,lata
130,Guarana_Antarctica,Frutal,FRU_L3,11,-0.0,false,lata
130,Guarana_Antarctica,Frutal,FRU_L3,12,-0.0,false,lata
130,Guarana_Antarctica,Frutal,FRU_L3,13,-0.0,false,lata
130,Guarana_Antarctica,Frutal,FRU_L3,14,-0.0,false,lata
130,Guarana_Antarctica,Frutal,FRU_L3,15,-0.0,false,lata
130,Guarana_Antarctica,Pouso Alegre,POU_L1,1,-0.0,false,lata
130,Guarana_Antarctica,Pouso Alegre,POU_L1,2,-0.0,false,lata
130,Guarana_Antarctica,Pouso Alegre,POU_L1,3,-0.0,false,lata
130,Guarana_Antarctica,Pouso Alegre,POU_L1,4,-0.0,false,lata
130,Guarana_Antarctica,Pouso Alegre,POU_L1,5,-0.0,false,lata
130,Guarana_Antarctica,Pouso Alegre,POU_L1,6,-0.0,false,lata
130,Guarana_Antarctica,Pouso Alegre,POU_L1,7,-0.0,false,lata
130,Guarana_Antarctica,Pouso Alegre,POU_L1,8,-0.0,false,lata
130,Guarana_Antarctica,Pouso Alegre,POU_L1,9,-0.0,false,lata
130,Guarana_Antarctica,Pouso Alegre,POU_L1,10,-0.0,false,lata
130,Guarana_Antarctica,Pouso Alegre,POU_L1,11,-0.0,false,lata
130,Guarana_Antarctica,Pouso Alegre,POU_L1,12,-0.0,false,lata
130,Guarana_Antarctica,Pouso Alegre,POU_L1,13,-0.0,false,lata
130,Guarana_Antarctica,Pouso Alegre,POU_L1,14,-0.0,false,lata
130,Guarana_Antarctica,Pouso Alegre,POU_L1,15,-0.0,false,lata
130,Guarana_Antarctica,Pouso Alegre,POU_L2,1,-0.0,false,lata
130,Guarana_Antarctica,Pouso Alegre,POU_L2,2,-0.0,false,lata
130,Guarana_Antarctica,Pouso Alegre,POU_L2,3,-0.0,false,lata
130,Guarana_Antarctica,Pouso Alegre,POU_L2,4,-1.0e6,true,lata
130,Guarana_Antarctica,Pouso Alegre,POU_L2,5,-0.0,false,lata
130,Guarana_Antarctica,Pouso Alegre,POU_L2,6,-0.0,false,lata
130,Guarana_Antarctica,Pouso Alegre,POU_L2,7,-0.0,false,lata
130,Guarana_Antarctica,Pouso Alegre,POU_L2,8,-0.0,false,lata
130,Guarana_Antarctica,Pouso Alegre,POU_L2,9,-999999.9610332,false,lata
130,Guarana_Antarctica,Pouso Alegre,POU_L2,10,-0.0,false,lata
130,Guarana_Antarctica,Pouso Alegre,POU_L2,11,-0.0,false,lata
130,Guarana_Antarctica,Pouso Alegre,POU_L2,12,-0.0,false,lata
130,Guarana_Antarctica,Pouso Alegre,POU_L2,13,-0.0,false,lata
130,Guarana_Antarctica,Pouso Alegre,POU_L2,14,-0.0,false,lata
130,Guarana_Antarctica,Pouso Alegre,POU_L2,15,-0.0,false,lata
130,Guarana_Antarctica,Pouso Alegre,POU_L3,1,-0.0,false,lata
130,Guarana_Antarctica,Pouso Alegre,POU_L3,2,-0.0,false,lata
130,Guarana_Antarctica,Pouso Alegre,POU_L3,3,-0.0,false,lata
130,Guarana_Antarctica,Pouso Alegre,POU_L3,4,-0.0,false,lata
130,Guarana_Antarctica,Pouso Alegre,POU_L3,5,-0.0,false,lata
130,Guarana_Antarctica,Pouso Alegre,POU_L3,6,-0.0,false,lata
130,Guarana_Antarctica,Pouso Alegre,POU_L3,7,-0.0,false,lata
130,Guarana_Antarctica,Pouso Alegre,POU_L3,8,-0.0,false,lata
130,Guarana_Antarctica,Pouso Alegre,POU_L3,9,-0.0,false,lata
130,Guarana_Antarctica,Pouso Alegre,POU_L3,10,-0.0,false,lata
130,Guarana_Antarctica,Pouso Alegre,POU_L3,11,-0.0,false,lata
130,Guarana_Antarctica,Pouso Alegre,POU_L3,12,-0.0,false,lata
130,Guarana_Antarctica,Pouso Alegre,POU_L3,13,-1.0e6,true,lata
130,Guarana_Antarctica,Pouso Alegre,POU_L3,14,-0.0,false,lata
130,Guarana_Antarctica,Pouso Alegre,POU_L3,15,-0.0,false,lata
130,Guarana_Antarctica,Gama,GAM_L1,1,-0.0,false,lata
130,Guarana_Antarctica,Gama,GAM_L1,2,-0.0,false,lata
130,Guarana_Antarctica,Gama,GAM_L1,3,-0.0,false,lata
130,Guarana_Antarctica,Gama,GAM_L1,4,-0.0,false,lata
130,Guarana_Antarctica,Gama,GAM_L1,5,-0.0,false,lata
130,Guarana_Antarctica,Gama,GAM_L1,6,-0.0,false,lata
130,Guarana_Antarctica,Gama,GAM_L1,7,-0.0,false,lata
130,Guarana_Antarctica,Gama,GAM_L1,8,-0.0,false,lata
130,Guarana_Antarctica,Gama,GAM_L1,9,-0.0,false,lata
130,Guarana_Antarctica,Gama,GAM_L1,10,-0.0,false,lata
130,Guarana_Antarctica,Gama,GAM_L1,11,-0.0,false,lata
130,Guarana_Antarctica,Gama,GAM_L1,12,-0.0,false,lata
130,Guarana_Antarctica,Gama,GAM_L1,13,-0.0,false,lata
130,Guarana_Antarctica,Gama,GAM_L1,14,-1.0e6,true,lata
130,Guarana_Antarctica,Gama,GAM_L1,15,-0.0,false,lata
130,Guarana_Antarctica,Gama,GAM_L2,1,-999999.9816168001,false,lata
130,Guarana_Antarctica,Gama,GAM_L2,2,-0.0,false,lata
130,Guarana_Antarctica,Gama,GAM_L2,3,-0.0,false,lata
130,Guarana_Antarctica,Gama,GAM_L2,4,-0.0,false,lata
130,Guarana_Antarctica,Gama,GAM_L2,5,-0.0,false,lata
130,Guarana_Antarctica,Gama,GAM_L2,6,-0.0,false,lata
130,Guarana_Antarctica,Gama,GAM_L2,7,-0.0,false,lata
130,Guarana_Antarctica,Gama,GAM_L2,8,-1.0e6,true,lata
130,Guarana_Antarctica,Gama,GAM_L2,9,-0.0,false,lata
130,Guarana_Antarctica,Gama,GAM_L2,10,-0.0,false,lata
130,Guarana_Antarctica,Gama,GAM_L2,11,-0.0,false,lata
130,Guarana_Antarctica,Gama,GAM_L2,12,-0.0,false,lata
130,Guarana_Antarctica,Gama,GAM_L2,13,-1.0e6,true,lata
130,Guarana_Antarctica,Gama,GAM_L2,14,-0.0,false,lata
130,Guarana_Antarctica,Gama,GAM_L2,15,-0.0,false,lata
130,Guarana_Antarctica,Gama,GAM_L3,1,-0.0,false,lata
130,Guarana_Antarctica,Gama,GAM_L3,2,-0.0,false,lata
130,Guarana_Antarctica,Gama,GAM_L3,3,-1.0e6,true,lata
130,Guarana_Antarctica,Gama,GAM_L3,4,-0.0,false,lata
130,Guarana_Antarctica,Gama,GAM_L3,5,-1.0e6,true,lata
130,Guarana_Antarctica,Gama,GAM_L3,6,-0.0,false,lata
130,Guarana_Antarctica,Gama,GAM_L3,7,-0.0,false,lata
130,Guarana_Antarctica,Gama,GAM_L3,8,-0.0,false,lata
130,Guarana_Antarctica,Gama,GAM_L3,9,-0.0,false,lata
130,Guarana_Antarctica,Gama,GAM_L3,10,-0.0,false,lata
130,Guarana_Antarctica,Gama,GAM_L3,11,-0.0,false,lata
130,Guarana_Antarctica,Gama,GAM_L3,12,-0.0,false,lata
130,Guarana_Antarctica,Gama,GAM_L3,13,-0.0,false,lata
130,Guarana_Antarctica,Gama,GAM_L3,14,-0.0,false,lata
130,Guarana_Antarctica,Gama,GAM_L3,15,-0.0,false,lata
130,Guarana_Antarctica,Viamao,VIA_L1,1,-0.0,false,lata
130,Guarana_Antarctica,Viamao,VIA_L1,2,-0.0,false,lata
130,Guarana_Antarctica,Viamao,VIA_L1,3,-0.0,false,lata
130,Guarana_Antarctica,Viamao,VIA_L1,4,-1.0e6,true,lata
130,Guarana_Antarctica,Viamao,VIA_L1,5,-0.0,false,lata
130,Guarana_Antarctica,Viamao,VIA_L1,6,-0.0,false,lata
130,Guarana_Antarctica,Viamao,VIA_L1,7,-0.0,false,lata
130,Guarana_Antarctica,Viamao,VIA_L1,8,-0.0,false,lata
130,Guarana_Antarctica,Viamao,VIA_L1,9,-0.0,false,lata
130,Guarana_Antarctica,Viamao,VIA_L1,10,-0.0,false,lata
130,Guarana_Antarctica,Viamao,VIA_L1,11,-0.0,false,lata
130,Guarana_Antarctica,Viamao,VIA_L1,12,-0.0,false,lata
130,Guarana_Antarctica,Viamao,VIA_L1,13,-0.0,false,lata
130,Guarana_Antarctica,Viamao,VIA_L1,14,-0.0,false,lata
130,Guarana_Antarctica,Viamao,VIA_L1,15,-0.0,false,lata
130,Guarana_Antarctica,Viamao,VIA_L2,1,-0.0,false,lata
130,Guarana_Antarctica,Viamao,VIA_L2,2,-1.0e6,true,lata
130,Guarana_Antarctica,Viamao,VIA_L2,3,-0.0,false,lata
130,Guarana_Antarctica,Viamao,VIA_L2,4,-0.0,false,lata
130,Guarana_Antarctica,Viamao,VIA_L2,5,-0.0,false,lata
130,Guarana_Antarctica,Viamao,VIA_L2,6,-0.0,false,lata
130,Guarana_Antarctica,Viamao,VIA_L2,7,-0.0,false,lata
130,Guarana_Antarctica,Viamao,VIA_L2,8,-0.0,false,lata
130,Guarana_Antarctica,Viamao,VIA_L2,9,-0.0,false,lata
130,Guarana_Antarctica,Viamao,VIA_L2,10,-0.0,false,lata
130,Guarana_Antarctica,Viamao,VIA_L2,11,-0.0,false,lata
130,Guarana_Antarctica,Viamao,VIA_L2,12,-0.0,false,lata
130,Guarana_Antarctica,Viamao,VIA_L2,13,-0.0,false,lata
130,Guarana_Antarctica,Viamao,VIA_L2,14,-0.0,false,lata
130,Guarana_Antarctica,Viamao,VIA_L2,15,-0.0,false,lata
130,Guarana_Antarctica,Viamao,VIA_L3,1,-0.0,false,lata
130,Guarana_Antarctica,Viamao,VIA_L3,2,-0.0,false,lata
130,Guarana_Antarctica,Viamao,VIA_L3,3,-0.0,false,lata
130,Guarana_Antarctica,Viamao,VIA_L3,4,-0.0,false,lata
130,Guarana_Antarctica,Viamao,VIA_L3,5,-0.0,false,lata
130,Guarana_Antarctica,Viamao,VIA_L3,6,-0.0,false,lata
130,Guarana_Antarctica,Viamao,VIA_L3,7,-0.0,false,lata
130,Guarana_Antarctica,Viamao,VIA_L3,8,-0.0,false,lata
130,Guarana_Antarctica,Viamao,VIA_L3,9,-0.0,false,lata
130,Guarana_Antarctica,Viamao,VIA_L3,10,-0.0,false,lata
130,Guarana_Antarctica,Viamao,VIA_L3,11,-0.0,false,lata
130,Guarana_Antarctica,Viamao,VIA_L3,12,-0.0,false,lata
130,Guarana_Antarctica,Viamao,VIA_L3,13,-0.0,false,lata
130,Guarana_Antarctica,Viamao,VIA_L3,14,-0.0,false,lata
130,Guarana_Antarctica,Viamao,VIA_L3,15,-0.0,false,lata
130,Guarana_Antarctica,Itupeva,ITU_L1,1,-0.0,false,lata
130,Guarana_Antarctica,Itupeva,ITU_L1,2,-0.0,false,lata
130,Guarana_Antarctica,Itupeva,ITU_L1,3,-0.0,false,lata
130,Guarana_Antarctica,Itupeva,ITU_L1,4,-0.0,false,lata
130,Guarana_Antarctica,Itupeva,ITU_L1,5,-0.0,false,lata
130,Guarana_Antarctica,Itupeva,ITU_L1,6,-0.0,false,lata
130,Guarana_Antarctica,Itupeva,ITU_L1,7,-0.0,false,lata
130,Guarana_Antarctica,Itupeva,ITU_L1,8,-0.0,false,lata
130,Guarana_Antarctica,Itupeva,ITU_L1,9,-0.0,false,lata
130,Guarana_Antarctica,Itupeva,ITU_L1,10,-0.0,false,lata
130,Guarana_Antarctica,Itupeva,ITU_L1,11,-0.0,false,lata
130,Guarana_Antarctica,Itupeva,ITU_L1,12,-0.0,false,lata
130,Guarana_Antarctica,Itupeva,ITU_L1,13,-0.0,false,lata
130,Guarana_Antarctica,Itupeva,ITU_L1,14,-1.0e6,true,lata
130,Guarana_Antarctica,Itupeva,ITU_L1,15,-0.0,false,lata
130,Guarana_Antarctica,Itupeva,ITU_L2,1,-0.0,false,lata
130,Guarana_Antarctica,Itupeva,ITU_L2,2,-0.0,false,lata
130,Guarana_Antarctica,Itupeva,ITU_L2,3,-0.0,false,lata
130,Guarana_Antarctica,Itupeva,ITU_L2,4,-0.0,false,lata
130,Guarana_Antarctica,Itupeva,ITU_L2,5,-0.0,false,lata
130,Guarana_Antarctica,Itupeva,ITU_L2,6,-1.0e6,true,lata
130,Guarana_Antarctica,Itupeva,ITU_L2,7,-0.0,false,lata
130,Guarana_Antarctica,Itupeva,ITU_L2,8,-0.0,false,lata
130,Guarana_Antarctica,Itupeva,ITU_L2,9,-0.0,false,lata
130,Guarana_Antarctica,Itupeva,ITU_L2,10,-0.0,false,lata
130,Guarana_Antarctica,Itupeva,ITU_L2,11,-0.0,false,lata
130,Guarana_Antarctica,Itupeva,ITU_L2,12,-0.0,false,lata
130,Guarana_Antarctica,Itupeva,ITU_L2,13,-0.0,false,lata
130,Guarana_Antarctica,Itupeva,ITU_L2,14,-1.0e6,true,lata
130,Guarana_Antarctica,Itupeva,ITU_L2,15,-0.0,false,lata
130,Guarana_Antarctica,Itupeva,ITU_L3,1,-0.0,false,lata
130,Guarana_Antarctica,Itupeva,ITU_L3,2,-0.0,false,lata
130,Guarana_Antarctica,Itupeva,ITU_L3,3,-0.0,false,lata
130,Guarana_Antarctica,Itupeva,ITU_L3,4,-0.0,false,lata
130,Guarana_Antarctica,Itupeva,ITU_L3,5,-0.0,false,lata
130,Guarana_Antarctica,Itupeva,ITU_L3,6,-0.0,false,lata
130,Guarana_Antarctica,Itupeva,ITU_L3,7,-0.0,false,lata
130,Guarana_Antarctica,Itupeva,ITU_L3,8,-0.0,false,lata
130,Guarana_Antarctica,Itupeva,ITU_L3,9,-0.0,false,lata
130,Guarana_Antarctica,Itupeva,ITU_L3,10,-0.0,false,lata
130,Guarana_Antarctica,Itupeva,ITU_L3,11,-0.0,false,lata
130,Guarana_Antarctica,Itupeva,ITU_L3,12,-0.0,false,lata
130,Guarana_Antarctica,Itupeva,ITU_L3,13,-0.0,false,lata
130,Guarana_Antarctica,Itupeva,ITU_L3,14,-0.0,false,lata
130,Guarana_Antarctica,Itupeva,ITU_L3,15,-1.0e6,true,lata
130,Guarana_Antarctica,Cabo de Santo Agostinho,CAB_L1,1,-0.0,false,lata
130,Guarana_Antarctica,Cabo de Santo Agostinho,CAB_L1,2,-0.0,false,lata
130,Guarana_Antarctica,Cabo de Santo Agostinho,CAB_L1,3,-0.0,false,lata
130,Guarana_Antarctica,Cabo de Santo Agostinho,CAB_L1,4,-0.0,false,lata
130,Guarana_Antarctica,Cabo de Santo Agostinho,CAB_L1,5,-0.0,false,lata
130,Guarana_Antarctica,Cabo de Santo Agostinho,CAB_L1,6,-0.0,false,lata
130,Guarana_Antarctica,Cabo de Santo Agostinho,CAB_L1,7,-0.0,false,lata
130,Guarana_Antarctica,Cabo de Santo Agostinho,CAB_L1,8,-0.0,false,lata
130,Guarana_Antarctica,Cabo de Santo Agostinho,CAB_L1,9,-0.0,false,lata
130,Guarana_Antarctica,Cabo de Santo Agostinho,CAB_L1,10,-0.0,false,lata
130,Guarana_Antarctica,Cabo de Santo Agostinho,CAB_L1,11,-1.0e6,true,lata
130,Guarana_Antarctica,Cabo de Santo Agostinho,CAB_L1,12,-0.0,false,lata
130,Guarana_Antarctica,Cabo de Santo Agostinho,CAB_L1,13,-0.0,false,lata
130,Guarana_Antarctica,Cabo de Santo Agostinho,CAB_L1,14,-0.0,false,lata
130,Guarana_Antarctica,Cabo de Santo Agostinho,CAB_L1,15,-0.0,false,lata
130,Guarana_Antarctica,Cabo de Santo Agostinho,CAB_L2,1,-0.0,false,lata
130,Guarana_Antarctica,Cabo de Santo Agostinho,CAB_L2,2,-0.0,false,lata
130,Guarana_Antarctica,Cabo de Santo Agostinho,CAB_L2,3,-1.0e6,true,lata
130,Guarana_Antarctica,Cabo de Santo Agostinho,CAB_L2,4,-0.0,false,lata
130,Guarana_Antarctica,Cabo de Santo Agostinho,CAB_L2,5,-0.0,false,lata
130,Guarana_Antarctica,Cabo de Santo Agostinho,CAB_L2,6,-0.0,false,lata
130,Guarana_Antarctica,Cabo de Santo Agostinho,CAB_L2,7,-0.0,false,lata
130,Guarana_Antarctica,Cabo de Santo Agostinho,CAB_L2,8,-0.0,false,lata
130,Guarana_Antarctica,Cabo de Santo Agostinho,CAB_L2,9,-0.0,false,lata
130,Guarana_Antarctica,Cabo de Santo Agostinho,CAB_L2,10,-0.0,false,lata
130,Guarana_Antarctica,Cabo de Santo Agostinho,CAB_L2,11,-0.0,false,lata
130,Guarana_Antarctica,Cabo de Santo Agostinho,CAB_L2,12,-0.0,false,lata
130,Guarana_Antarctica,Cabo de Santo Agostinho,CAB_L2,13,-0.0,false,lata
130,Guarana_Antarctica,Cabo de Santo Agostinho,CAB_L2,14,-1.0e6,true,lata
130,Guarana_Antarctica,Cabo de Santo Agostinho,CAB_L2,15,-0.0,false,lata
130,Guarana_Antarctica,Cabo de Santo Agostinho,CAB_L3,1,-0.0,false,lata
130,Guarana_Antarctica,Cabo de Santo Agostinho,CAB_L3,2,-1.0e6,true,lata
130,Guarana_Antarctica,Cabo de Santo Agostinho,CAB_L3,3,-0.0,false,lata
130,Guarana_Antarctica,Cabo de Santo Agostinho,CAB_L3,4,-0.0,false,lata
130,Guarana_Antarctica,Cabo de Santo Agostinho,CAB_L3,5,-0.0,false,lata
130,Guarana_Antarctica,Cabo de Santo Agostinho,CAB_L3,6,-0.0,false,lata
130,Guarana_Antarctica,Cabo de Santo Agostinho,CAB_L3,7,-1.0e6,true,lata
130,Guarana_Antarctica,Cabo de Santo Agostinho,CAB_L3,8,-0.0,false,lata
130,Guarana_Antarctica,Cabo de Santo Agostinho,CAB_L3,9,-1.0e6,true,lata
130,Guarana_Antarctica,Cabo de Santo Agostinho,CAB_L3,10,-0.0,false,lata
130,Guarana_Antarctica,Cabo de Santo Agostinho,CAB_L3,11,-0.0,false,lata
130,Guarana_Antarctica,Cabo de Santo Agostinho,CAB_L3,12,-0.0,false,lata
130,Guarana_Antarctica,Cabo de Santo Agostinho,CAB_L3,13,-0.0,false,lata
130,Guarana_Antarctica,Cabo de Santo Agostinho,CAB_L3,14,-0.0,false,lata
130,Guarana_Antarctica,Cabo de Santo Agostinho,CAB_L3,15,-0.0,false,lata
130,Fanta_Uva,Jacarei,JAC_L1,1,-0.0,false,lata
130,Fanta_Uva,Jacarei,JAC_L1,2,-0.0,false,lata
130,Fanta_Uva,Jacarei,JAC_L1,3,-0.0,false,lata
130,Fanta_Uva,Jacarei,JAC_L1,4,-0.0,false,lata
130,Fanta_Uva,Jacarei,JAC_L1,5,-0.0,false,lata
130,Fanta_Uva,Jacarei,JAC_L1,6,-0.0,false,lata
130,Fanta_Uva,Jacarei,JAC_L1,7,-0.0,false,lata
130,Fanta_Uva,Jacarei,JAC_L1,8,-0.0,false,lata
130,Fanta_Uva,Jacarei,JAC_L1,9,-0.0,false,lata
130,Fanta_Uva,Jacarei,JAC_L1,10,-0.0,false,lata
130,Fanta_Uva,Jacarei,JAC_L1,11,-0.0,false,lata
130,Fanta_Uva,Jacarei,JAC_L1,12,-0.0,false,lata
130,Fanta_Uva,Jacarei,JAC_L1,13,-0.0,false,lata
130,Fanta_Uva,Jacarei,JAC_L1,14,-0.0,false,lata
130,Fanta_Uva,Jacarei,JAC_L1,15,-0.0,false,lata
130,Fanta_Uva,Jacarei,JAC_L2,1,-0.0,false,lata
130,Fanta_Uva,Jacarei,JAC_L2,2,-0.0,false,lata
130,Fanta_Uva,Jacarei,JAC_L2,3,-0.0,false,lata
130,Fanta_Uva,Jacarei,JAC_L2,4,-0.0,false,lata
130,Fanta_Uva,Jacarei,JAC_L2,5,-0.0,false,lata
130,Fanta_Uva,Jacarei,JAC_L2,6,-0.0,false,lata
130,Fanta_Uva,Jacarei,JAC_L2,7,-0.0,false,lata
130,Fanta_Uva,Jacarei,JAC_L2,8,-0.0,false,lata
130,Fanta_Uva,Jacarei,JAC_L2,9,-0.0,false,lata
130,Fanta_Uva,Jacarei,JAC_L2,10,-0.0,false,lata
130,Fanta_Uva,Jacarei,JAC_L2,11,-0.0,false,lata
130,Fanta_Uva,Jacarei,JAC_L2,12,-999999.4285847002,false,lata
130,Fanta_Uva,Jacarei,JAC_L2,13,-0.0,false,lata
130,Fanta_Uva,Jacarei,JAC_L2,14,-0.0,false,lata
130,Fanta_Uva,Jacarei,JAC_L2,15,-0.0,false,lata
130,Fanta_Uva,Jacarei,JAC_L3,1,-0.0,false,lata
130,Fanta_Uva,Jacarei,JAC_L3,2,-0.0,false,lata
130,Fanta_Uva,Jacarei,JAC_L3,3,-0.0,false,lata
130,Fanta_Uva,Jacarei,JAC_L3,4,-0.0,false,lata
130,Fanta_Uva,Jacarei,JAC_L3,5,-999999.9619312499,false,lata
130,Fanta_Uva,Jacarei,JAC_L3,6,-0.0,false,lata
130,Fanta_Uva,Jacarei,JAC_L3,7,-0.0,false,lata
130,Fanta_Uva,Jacarei,JAC_L3,8,-0.0,false,lata
130,Fanta_Uva,Jacarei,JAC_L3,9,-0.0,false,lata
130,Fanta_Uva,Jacarei,JAC_L3,10,-0.0,false,lata
130,Fanta_Uva,Jacarei,JAC_L3,11,-999999.33994,false,lata
130,Fanta_Uva,Jacarei,JAC_L3,12,-0.0,false,lata
130,Fanta_Uva,Jacarei,JAC_L3,13,-0.0,false,lata
130,Fanta_Uva,Jacarei,JAC_L3,14,-0.0,false,lata
130,Fanta_Uva,Jacarei,JAC_L3,15,-0.0,false,lata
130,Fanta_Uva,Extrema,EXT_L1,1,-999999.2503577501,false,lata
130,Fanta_Uva,Extrema,EXT_L1,2,-0.0,false,lata
130,Fanta_Uva,Extrema,EXT_L1,3,-0.0,false,lata
130,Fanta_Uva,Extrema,EXT_L1,4,-0.0,false,lata
130,Fanta_Uva,Extrema,EXT_L1,5,-0.0,false,lata
130,Fanta_Uva,Extrema,EXT_L1,6,-0.0,false,lata
130,Fanta_Uva,Extrema,EXT_L1,7,-0.0,false,lata
130,Fanta_Uva,Extrema,EXT_L1,8,-0.0,false,lata
130,Fanta_Uva,Extrema,EXT_L1,9,-0.0,false,lata
130,Fanta_Uva,Extrema,EXT_L1,10,-0.0,false,lata
130,Fanta_Uva,Extrema,EXT_L1,11,-0.0,false,lata
130,Fanta_Uva,Extrema,EXT_L1,12,-0.0,false,lata
130,Fanta_Uva,Extrema,EXT_L1,13,-0.0,false,lata
130,Fanta_Uva,Extrema,EXT_L1,14,-0.0,false,lata
130,Fanta_Uva,Extrema,EXT_L1,15,-0.0,false,lata
130,Fanta_Uva,Extrema,EXT_L2,1,-0.0,false,lata
130,Fanta_Uva,Extrema,EXT_L2,2,-0.0,false,lata
130,Fanta_Uva,Extrema,EXT_L2,3,-0.0,false,lata
130,Fanta_Uva,Extrema,EXT_L2,4,-0.0,false,lata
130,Fanta_Uva,Extrema,EXT_L2,5,-0.0,false,lata
130,Fanta_Uva,Extrema,EXT_L2,6,-0.0,false,lata
130,Fanta_Uva,Extrema,EXT_L2,7,-0.0,false,lata
130,Fanta_Uva,Extrema,EXT_L2,8,-0.0,false,lata
130,Fanta_Uva,Extrema,EXT_L2,9,-0.0,false,lata
130,Fanta_Uva,Extrema,EXT_L2,10,-0.0,false,lata
130,Fanta_Uva,Extrema,EXT_L2,11,-0.0,false,lata
130,Fanta_Uva,Extrema,EXT_L2,12,-0.0,false,lata
130,Fanta_Uva,Extrema,EXT_L2,13,-0.0,false,lata
130,Fanta_Uva,Extrema,EXT_L2,14,-0.0,false,lata
130,Fanta_Uva,Extrema,EXT_L2,15,-0.0,false,lata
130,Fanta_Uva,Extrema,EXT_L3,1,-0.0,false,lata
130,Fanta_Uva,Extrema,EXT_L3,2,-0.0,false,lata
130,Fanta_Uva,Extrema,EXT_L3,3,-0.0,false,lata
130,Fanta_Uva,Extrema,EXT_L3,4,-0.0,false,lata
130,Fanta_Uva,Extrema,EXT_L3,5,-0.0,false,lata
130,Fanta_Uva,Extrema,EXT_L3,6,-0.0,false,lata
130,Fanta_Uva,Extrema,EXT_L3,7,-0.0,false,lata
130,Fanta_Uva,Extrema,EXT_L3,8,-0.0,false,lata
130,Fanta_Uva,Extrema,EXT_L3,9,-0.0,false,lata
130,Fanta_Uva,Extrema,EXT_L3,10,-0.0,false,lata
130,Fanta_Uva,Extrema,EXT_L3,11,-999999.33813295,false,lata
130,Fanta_Uva,Extrema,EXT_L3,12,-0.0,false,lata
130,Fanta_Uva,Extrema,EXT_L3,13,-999999.7344551502,false,lata
130,Fanta_Uva,Extrema,EXT_L3,14,-0.0,false,lata
130,Fanta_Uva,Extrema,EXT_L3,15,-0.0,false,lata
130,Fanta_Uva,Tres Rios,TRE_L1,1,-0.0,false,lata
130,Fanta_Uva,Tres Rios,TRE_L1,2,-0.0,false,lata
130,Fanta_Uva,Tres Rios,TRE_L1,3,-0.0,false,lata
130,Fanta_Uva,Tres Rios,TRE_L1,4,-0.0,false,lata
130,Fanta_Uva,Tres Rios,TRE_L1,5,-999999.9505783999,false,lata
130,Fanta_Uva,Tres Rios,TRE_L1,6,-0.0,false,lata
130,Fanta_Uva,Tres Rios,TRE_L1,7,-0.0,false,lata
130,Fanta_Uva,Tres Rios,TRE_L1,8,-0.0,false,lata
130,Fanta_Uva,Tres Rios,TRE_L1,9,-0.0,false,lata
130,Fanta_Uva,Tres Rios,TRE_L1,10,-0.0,false,lata
130,Fanta_Uva,Tres Rios,TRE_L1,11,-0.0,false,lata
130,Fanta_Uva,Tres Rios,TRE_L1,12,-0.0,false,lata
130,Fanta_Uva,Tres Rios,TRE_L1,13,-0.0,false,lata
130,Fanta_Uva,Tres Rios,TRE_L1,14,-0.0,false,lata
130,Fanta_Uva,Tres Rios,TRE_L1,15,-0.0,false,lata
130,Fanta_Uva,Tres Rios,TRE_L2,1,-0.0,false,lata
130,Fanta_Uva,Tres Rios,TRE_L2,2,-0.0,false,lata
130,Fanta_Uva,Tres Rios,TRE_L2,3,-0.0,false,lata
130,Fanta_Uva,Tres Rios,TRE_L2,4,-0.0,false,lata
130,Fanta_Uva,Tres Rios,TRE_L2,5,-0.0,false,lata
130,Fanta_Uva,Tres Rios,TRE_L2,6,-0.0,false,lata
130,Fanta_Uva,Tres Rios,TRE_L2,7,-0.0,false,lata
130,Fanta_Uva,Tres Rios,TRE_L2,8,-999999.8862343001,false,lata
130,Fanta_Uva,Tres Rios,TRE_L2,9,-0.0,false,lata
130,Fanta_Uva,Tres Rios,TRE_L2,10,-0.0,false,lata
130,Fanta_Uva,Tres Rios,TRE_L2,11,-0.0,false,lata
130,Fanta_Uva,Tres Rios,TRE_L2,12,-0.0,false,lata
130,Fanta_Uva,Tres Rios,TRE_L2,13,-0.0,false,lata
130,Fanta_Uva,Tres Rios,TRE_L2,14,-0.0,false,lata
130,Fanta_Uva,Tres Rios,TRE_L2,15,-0.0,false,lata
130,Fanta_Uva,Tres Rios,TRE_L3,1,-0.0,false,lata
130,Fanta_Uva,Tres Rios,TRE_L3,2,-0.0,false,lata
130,Fanta_Uva,Tres Rios,TRE_L3,3,-0.0,false,lata
130,Fanta_Uva,Tres Rios,TRE_L3,4,-0.0,false,lata
130,Fanta_Uva,Tres Rios,TRE_L3,5,-0.0,false,lata
130,Fanta_Uva,Tres Rios,TRE_L3,6,-0.0,false,lata
130,Fanta_Uva,Tres Rios,TRE_L3,7,-0.0,false,lata
130,Fanta_Uva,Tres Rios,TRE_L3,8,-0.0,false,lata
130,Fanta_Uva,Tres Rios,TRE_L3,9,-0.0,false,lata
130,Fanta_Uva,Tres Rios,TRE_L3,10,-0.0,false,lata
130,Fanta_Uva,Tres Rios,TRE_L3,11,-0.0,false,lata
130,Fanta_Uva,Tres Rios,TRE_L3,12,-0.0,false,lata
130,Fanta_Uva,Tres Rios,TRE_L3,13,-0.0,false,lata
130,Fanta_Uva,Tres Rios,TRE_L3,14,-0.0,false,lata
130,Fanta_Uva,Tres Rios,TRE_L3,15,-0.0,false,lata
130,Fanta_Uva,Alagoinhas,ALA_L1,1,-0.0,false,lata
130,Fanta_Uva,Alagoinhas,ALA_L1,2,-0.0,false,lata
130,Fanta_Uva,Alagoinhas,ALA_L1,3,-0.0,false,lata
130,Fanta_Uva,Alagoinhas,ALA_L1,4,-0.0,false,lata
130,Fanta_Uva,Alagoinhas,ALA_L1,5,-0.0,false,lata
130,Fanta_Uva,Alagoinhas,ALA_L1,6,-0.0,false,lata
130,Fanta_Uva,Alagoinhas,ALA_L1,7,-0.0,false,lata
130,Fanta_Uva,Alagoinhas,ALA_L1,8,-0.0,false,lata
130,Fanta_Uva,Alagoinhas,ALA_L1,9,-0.0,false,lata
130,Fanta_Uva,Alagoinhas,ALA_L1,10,-0.0,false,lata
130,Fanta_Uva,Alagoinhas,ALA_L1,11,-999999.39373655,false,lata
130,Fanta_Uva,Alagoinhas,ALA_L1,12,-0.0,false,lata
130,Fanta_Uva,Alagoinhas,ALA_L1,13,-0.0,false,lata
130,Fanta_Uva,Alagoinhas,ALA_L1,14,-0.0,false,lata
130,Fanta_Uva,Alagoinhas,ALA_L1,15,-999999.1251782,false,lata
130,Fanta_Uva,Alagoinhas,ALA_L2,1,-0.0,false,lata
130,Fanta_Uva,Alagoinhas,ALA_L2,2,-0.0,false,lata
130,Fanta_Uva,Alagoinhas,ALA_L2,3,-0.0,false,lata
130,Fanta_Uva,Alagoinhas,ALA_L2,4,-0.0,false,lata
130,Fanta_Uva,Alagoinhas,ALA_L2,5,-0.0,false,lata
130,Fanta_Uva,Alagoinhas,ALA_L2,6,-0.0,false,lata
130,Fanta_Uva,Alagoinhas,ALA_L2,7,-0.0,false,lata
130,Fanta_Uva,Alagoinhas,ALA_L2,8,-0.0,false,lata
130,Fanta_Uva,Alagoinhas,ALA_L2,9,-999999.1472457999,false,lata
130,Fanta_Uva,Alagoinhas,ALA_L2,10,-0.0,false,lata
130,Fanta_Uva,Alagoinhas,ALA_L2,11,-0.0,false,lata
130,Fanta_Uva,Alagoinhas,ALA_L2,12,-0.0,false,lata
130,Fanta_Uva,Alagoinhas,ALA_L2,13,-0.0,false,lata
130,Fanta_Uva,Alagoinhas,ALA_L2,14,-0.0,false,lata
130,Fanta_Uva,Alagoinhas,ALA_L2,15,-0.0,false,lata
130,Fanta_Uva,Alagoinhas,ALA_L3,1,-0.0,false,lata
130,Fanta_Uva,Alagoinhas,ALA_L3,2,-0.0,false,lata
130,Fanta_Uva,Alagoinhas,ALA_L3,3,-999999.3890549002,false,lata
130,Fanta_Uva,Alagoinhas,ALA_L3,4,-0.0,false,lata
130,Fanta_Uva,Alagoinhas,ALA_L3,5,-0.0,false,lata
130,Fanta_Uva,Alagoinhas,ALA_L3,6,-0.0,false,lata
130,Fanta_Uva,Alagoinhas,ALA_L3,7,-999999.5401813502,false,lata
130,Fanta_Uva,Alagoinhas,ALA_L3,8,-0.0,false,lata
130,Fanta_Uva,Alagoinhas,ALA_L3,9,-0.0,false,lata
130,Fanta_Uva,Alagoinhas,ALA_L3,10,-999999.3620585001,false,lata
130,Fanta_Uva,Alagoinhas,ALA_L3,11,-0.0,false,lata
130,Fanta_Uva,Alagoinhas,ALA_L3,12,-0.0,false,lata
130,Fanta_Uva,Alagoinhas,ALA_L3,13,-999999.6731125503,false,lata
130,Fanta_Uva,Alagoinhas,ALA_L3,14,-0.0,false,lata
130,Fanta_Uva,Alagoinhas,ALA_L3,15,-0.0,false,lata
130,Fanta_Uva,Frutal,FRU_L1,1,-0.0,false,lata
130,Fanta_Uva,Frutal,FRU_L1,2,-0.0,false,lata
130,Fanta_Uva,Frutal,FRU_L1,3,-0.0,false,lata
130,Fanta_Uva,Frutal,FRU_L1,4,-0.0,false,lata
130,Fanta_Uva,Frutal,FRU_L1,5,-0.0,false,lata
130,Fanta_Uva,Frutal,FRU_L1,6,-0.0,false,lata
130,Fanta_Uva,Frutal,FRU_L1,7,-0.0,false,lata
130,Fanta_Uva,Frutal,FRU_L1,8,-0.0,false,lata
130,Fanta_Uva,Frutal,FRU_L1,9,-0.0,false,lata
130,Fanta_Uva,Frutal,FRU_L1,10,-0.0,false,lata
130,Fanta_Uva,Frutal,FRU_L1,11,-0.0,false,lata
130,Fanta_Uva,Frutal,FRU_L1,12,-0.0,false,lata
130,Fanta_Uva,Frutal,FRU_L1,13,-0.0,false,lata
130,Fanta_Uva,Frutal,FRU_L1,14,-0.0,false,lata
130,Fanta_Uva,Frutal,FRU_L1,15,-0.0,false,lata
130,Fanta_Uva,Frutal,FRU_L2,1,-0.0,false,lata
130,Fanta_Uva,Frutal,FRU_L2,2,-0.0,false,lata
130,Fanta_Uva,Frutal,FRU_L2,3,-0.0,false,lata
130,Fanta_Uva,Frutal,FRU_L2,4,-0.0,false,lata
130,Fanta_Uva,Frutal,FRU_L2,5,-0.0,false,lata
130,Fanta_Uva,Frutal,FRU_L2,6,-0.0,false,lata
130,Fanta_Uva,Frutal,FRU_L2,7,-0.0,false,lata
130,Fanta_Uva,Frutal,FRU_L2,8,-0.0,false,lata
130,Fanta_Uva,Frutal,FRU_L2,9,-0.0,false,lata
130,Fanta_Uva,Frutal,FRU_L2,10,-0.0,false,lata
130,Fanta_Uva,Frutal,FRU_L2,11,-0.0,false,lata
130,Fanta_Uva,Frutal,FRU_L2,12,-0.0,false,lata
130,Fanta_Uva,Frutal,FRU_L2,13,-0.0,false,lata
130,Fanta_Uva,Frutal,FRU_L2,14,-0.0,false,lata
130,Fanta_Uva,Frutal,FRU_L2,15,-0.0,false,lata
130,Fanta_Uva,Frutal,FRU_L3,1,-0.0,false,lata
130,Fanta_Uva,Frutal,FRU_L3,2,-0.0,false,lata
130,Fanta_Uva,Frutal,FRU_L3,3,-0.0,false,lata
130,Fanta_Uva,Frutal,FRU_L3,4,-0.0,false,lata
130,Fanta_Uva,Frutal,FRU_L3,5,-0.0,false,lata
130,Fanta_Uva,Frutal,FRU_L3,6,-999999.3105174,false,lata
130,Fanta_Uva,Frutal,FRU_L3,7,-0.0,false,lata
130,Fanta_Uva,Frutal,FRU_L3,8,-0.0,false,lata
130,Fanta_Uva,Frutal,FRU_L3,9,-0.0,false,lata
130,Fanta_Uva,Frutal,FRU_L3,10,-999999.42223975,false,lata
130,Fanta_Uva,Frutal,FRU_L3,11,-0.0,false,lata
130,Fanta_Uva,Frutal,FRU_L3,12,-0.0,false,lata
130,Fanta_Uva,Frutal,FRU_L3,13,-0.0,false,lata
130,Fanta_Uva,Frutal,FRU_L3,14,-0.0,false,lata
130,Fanta_Uva,Frutal,FRU_L3,15,-0.0,false,lata
130,Fanta_Uva,Pouso Alegre,POU_L1,1,-0.0,false,lata
130,Fanta_Uva,Pouso Alegre,POU_L1,2,-0.0,false,lata
130,Fanta_Uva,Pouso Alegre,POU_L1,3,-999999.3617484501,false,lata
130,Fanta_Uva,Pouso Alegre,POU_L1,4,-999999.6692017501,false,lata
130,Fanta_Uva,Pouso Alegre,POU_L1,5,-0.0,false,lata
130,Fanta_Uva,Pouso Alegre,POU_L1,6,-0.0,false,lata
130,Fanta_Uva,Pouso Alegre,POU_L1,7,-0.0,false,lata
130,Fanta_Uva,Pouso Alegre,POU_L1,8,-0.0,false,lata
130,Fanta_Uva,Pouso Alegre,POU_L1,9,-0.0,false,lata
130,Fanta_Uva,Pouso Alegre,POU_L1,10,-0.0,false,lata
130,Fanta_Uva,Pouso Alegre,POU_L1,11,-0.0,false,lata
130,Fanta_Uva,Pouso Alegre,POU_L1,12,-0.0,false,lata
130,Fanta_Uva,Pouso Alegre,POU_L1,13,-0.0,false,lata
130,Fanta_Uva,Pouso Alegre,POU_L1,14,-0.0,false,lata
130,Fanta_Uva,Pouso Alegre,POU_L1,15,-0.0,false,lata
130,Fanta_Uva,Pouso Alegre,POU_L2,1,-999999.2474166001,false,lata
130,Fanta_Uva,Pouso Alegre,POU_L2,2,-0.0,false,lata
130,Fanta_Uva,Pouso Alegre,POU_L2,3,-0.0,false,lata
130,Fanta_Uva,Pouso Alegre,POU_L2,4,-0.0,false,lata
130,Fanta_Uva,Pouso Alegre,POU_L2,5,-0.0,false,lata
130,Fanta_Uva,Pouso Alegre,POU_L2,6,-0.0,false,lata
130,Fanta_Uva,Pouso Alegre,POU_L2,7,-0.0,false,lata
130,Fanta_Uva,Pouso Alegre,POU_L2,8,-0.0,false,lata
130,Fanta_Uva,Pouso Alegre,POU_L2,9,-0.0,false,lata
130,Fanta_Uva,Pouso Alegre,POU_L2,10,-0.0,false,lata
130,Fanta_Uva,Pouso Alegre,POU_L2,11,-0.0,false,lata
130,Fanta_Uva,Pouso Alegre,POU_L2,12,-0.0,false,lata
130,Fanta_Uva,Pouso Alegre,POU_L2,13,-0.0,false,lata
130,Fanta_Uva,Pouso Alegre,POU_L2,14,-999999.13804835,false,lata
130,Fanta_Uva,Pouso Alegre,POU_L2,15,-0.0,false,lata
130,Fanta_Uva,Pouso Alegre,POU_L3,1,-0.0,false,lata
130,Fanta_Uva,Pouso Alegre,POU_L3,2,-0.0,false,lata
130,Fanta_Uva,Pouso Alegre,POU_L3,3,-0.0,false,lata
130,Fanta_Uva,Pouso Alegre,POU_L3,4,-999999.6692017501,false,lata
130,Fanta_Uva,Pouso Alegre,POU_L3,5,-0.0,false,lata
130,Fanta_Uva,Pouso Alegre,POU_L3,6,-0.0,false,lata
130,Fanta_Uva,Pouso Alegre,POU_L3,7,-0.0,false,lata
130,Fanta_Uva,Pouso Alegre,POU_L3,8,-0.0,false,lata
130,Fanta_Uva,Pouso Alegre,POU_L3,9,-0.0,false,lata
130,Fanta_Uva,Pouso Alegre,POU_L3,10,-0.0,false,lata
130,Fanta_Uva,Pouso Alegre,POU_L3,11,-0.0,false,lata
130,Fanta_Uva,Pouso Alegre,POU_L3,12,-0.0,false,lata
130,Fanta_Uva,Pouso Alegre,POU_L3,13,-999999.7315140002,false,lata
130,Fanta_Uva,Pouso Alegre,POU_L3,14,-0.0,false,lata
130,Fanta_Uva,Pouso Alegre,POU_L3,15,-0.0,false,lata
130,Fanta_Uva,Gama,GAM_L1,1,-0.0,false,lata
130,Fanta_Uva,Gama,GAM_L1,2,-0.0,false,lata
130,Fanta_Uva,Gama,GAM_L1,3,-0.0,false,lata
130,Fanta_Uva,Gama,GAM_L1,4,-0.0,false,lata
130,Fanta_Uva,Gama,GAM_L1,5,-0.0,false,lata
130,Fanta_Uva,Gama,GAM_L1,6,-0.0,false,lata
130,Fanta_Uva,Gama,GAM_L1,7,-0.0,false,lata
130,Fanta_Uva,Gama,GAM_L1,8,-0.0,false,lata
130,Fanta_Uva,Gama,GAM_L1,9,-0.0,false,lata
130,Fanta_Uva,Gama,GAM_L1,10,-0.0,false,lata
130,Fanta_Uva,Gama,GAM_L1,11,-0.0,false,lata
130,Fanta_Uva,Gama,GAM_L1,12,-0.0,false,lata
130,Fanta_Uva,Gama,GAM_L1,13,-0.0,false,lata
130,Fanta_Uva,Gama,GAM_L1,14,-0.0,false,lata
130,Fanta_Uva,Gama,GAM_L1,15,-0.0,false,lata
130,Fanta_Uva,Gama,GAM_L2,1,-0.0,false,lata
130,Fanta_Uva,Gama,GAM_L2,2,-0.0,false,lata
130,Fanta_Uva,Gama,GAM_L2,3,-0.0,false,lata
130,Fanta_Uva,Gama,GAM_L2,4,-0.0,false,lata
130,Fanta_Uva,Gama,GAM_L2,5,-0.0,false,lata
130,Fanta_Uva,Gama,GAM_L2,6,-0.0,false,lata
130,Fanta_Uva,Gama,GAM_L2,7,-0.0,false,lata
130,Fanta_Uva,Gama,GAM_L2,8,-0.0,false,lata
130,Fanta_Uva,Gama,GAM_L2,9,-0.0,false,lata
130,Fanta_Uva,Gama,GAM_L2,10,-0.0,false,lata
130,Fanta_Uva,Gama,GAM_L2,11,-0.0,false,lata
130,Fanta_Uva,Gama,GAM_L2,12,-0.0,false,lata
130,Fanta_Uva,Gama,GAM_L2,13,-0.0,false,lata
130,Fanta_Uva,Gama,GAM_L2,14,-0.0,false,lata
130,Fanta_Uva,Gama,GAM_L2,15,-0.0,false,lata
130,Fanta_Uva,Gama,GAM_L3,1,-0.0,false,lata
130,Fanta_Uva,Gama,GAM_L3,2,-0.0,false,lata
130,Fanta_Uva,Gama,GAM_L3,3,-0.0,false,lata
130,Fanta_Uva,Gama,GAM_L3,4,-0.0,false,lata
130,Fanta_Uva,Gama,GAM_L3,5,-0.0,false,lata
130,Fanta_Uva,Gama,GAM_L3,6,-0.0,false,lata
130,Fanta_Uva,Gama,GAM_L3,7,-0.0,false,lata
130,Fanta_Uva,Gama,GAM_L3,8,-999999.8815526501,false,lata
130,Fanta_Uva,Gama,GAM_L3,9,-999999.1935092498,false,lata
130,Fanta_Uva,Gama,GAM_L3,10,-0.0,false,lata
130,Fanta_Uva,Gama,GAM_L3,11,-0.0,false,lata
130,Fanta_Uva,Gama,GAM_L3,12,-0.0,false,lata
130,Fanta_Uva,Gama,GAM_L3,13,-0.0,false,lata
130,Fanta_Uva,Gama,GAM_L3,14,-0.0,false,lata
130,Fanta_Uva,Gama,GAM_L3,15,-0.0,false,lata
130,Fanta_Uva,Viamao,VIA_L1,1,-0.0,false,lata
130,Fanta_Uva,Viamao,VIA_L1,2,-0.0,false,lata
130,Fanta_Uva,Viamao,VIA_L1,3,-0.0,false,lata
130,Fanta_Uva,Viamao,VIA_L1,4,-0.0,false,lata
130,Fanta_Uva,Viamao,VIA_L1,5,-0.0,false,lata
130,Fanta_Uva,Viamao,VIA_L1,6,-0.0,false,lata
130,Fanta_Uva,Viamao,VIA_L1,7,-0.0,false,lata
130,Fanta_Uva,Viamao,VIA_L1,8,-0.0,false,lata
130,Fanta_Uva,Viamao,VIA_L1,9,-0.0,false,lata
130,Fanta_Uva,Viamao,VIA_L1,10,-0.0,false,lata
130,Fanta_Uva,Viamao,VIA_L1,11,-0.0,false,lata
130,Fanta_Uva,Viamao,VIA_L1,12,-0.0,false,lata
130,Fanta_Uva,Viamao,VIA_L1,13,-0.0,false,lata
130,Fanta_Uva,Viamao,VIA_L1,14,-0.0,false,lata
130,Fanta_Uva,Viamao,VIA_L1,15,-0.0,false,lata
130,Fanta_Uva,Viamao,VIA_L2,1,-0.0,false,lata
130,Fanta_Uva,Viamao,VIA_L2,2,-0.0,false,lata
130,Fanta_Uva,Viamao,VIA_L2,3,-0.0,false,lata
130,Fanta_Uva,Viamao,VIA_L2,4,-0.0,false,lata
130,Fanta_Uva,Viamao,VIA_L2,5,-1.0e6,true,lata
130,Fanta_Uva,Viamao,VIA_L2,6,-0.0,false,lata
130,Fanta_Uva,Viamao,VIA_L2,7,-0.0,false,lata
130,Fanta_Uva,Viamao,VIA_L2,8,-0.0,false,lata
130,Fanta_Uva,Viamao,VIA_L2,9,-0.0,false,lata
130,Fanta_Uva,Viamao,VIA_L2,10,-0.0,false,lata
130,Fanta_Uva,Viamao,VIA_L2,11,-0.0,false,lata
130,Fanta_Uva,Viamao,VIA_L2,12,-0.0,false,lata
130,Fanta_Uva,Viamao,VIA_L2,13,-0.0,false,lata
130,Fanta_Uva,Viamao,VIA_L2,14,-0.0,false,lata
130,Fanta_Uva,Viamao,VIA_L2,15,-0.0,false,lata
130,Fanta_Uva,Viamao,VIA_L3,1,-0.0,false,lata
130,Fanta_Uva,Viamao,VIA_L3,2,-0.0,false,lata
130,Fanta_Uva,Viamao,VIA_L3,3,-0.0,false,lata
130,Fanta_Uva,Viamao,VIA_L3,4,-0.0,false,lata
130,Fanta_Uva,Viamao,VIA_L3,5,-0.0,false,lata
130,Fanta_Uva,Viamao,VIA_L3,6,-0.0,false,lata
130,Fanta_Uva,Viamao,VIA_L3,7,-0.0,false,lata
130,Fanta_Uva,Viamao,VIA_L3,8,-999999.9171537501,false,lata
130,Fanta_Uva,Viamao,VIA_L3,9,-0.0,false,lata
130,Fanta_Uva,Viamao,VIA_L3,10,-0.0,false,lata
130,Fanta_Uva,Viamao,VIA_L3,11,-0.0,false,lata
130,Fanta_Uva,Viamao,VIA_L3,12,-0.0,false,lata
130,Fanta_Uva,Viamao,VIA_L3,13,-0.0,false,lata
130,Fanta_Uva,Viamao,VIA_L3,14,-0.0,false,lata
130,Fanta_Uva,Viamao,VIA_L3,15,-0.0,false,lata
130,Fanta_Uva,Itupeva,ITU_L1,1,-0.0,false,lata
130,Fanta_Uva,Itupeva,ITU_L1,2,-0.0,false,lata
130,Fanta_Uva,Itupeva,ITU_L1,3,-0.0,false,lata
130,Fanta_Uva,Itupeva,ITU_L1,4,-0.0,false,lata
130,Fanta_Uva,Itupeva,ITU_L1,5,-0.0,false,lata
130,Fanta_Uva,Itupeva,ITU_L1,6,-0.0,false,lata
130,Fanta_Uva,Itupeva,ITU_L1,7,-0.0,false,lata
130,Fanta_Uva,Itupeva,ITU_L1,8,-999999.8808046001,false,lata
130,Fanta_Uva,Itupeva,ITU_L1,9,-0.0,false,lata
130,Fanta_Uva,Itupeva,ITU_L1,10,-0.0,false,lata
130,Fanta_Uva,Itupeva,ITU_L1,11,-0.0,false,lata
130,Fanta_Uva,Itupeva,ITU_L1,12,-0.0,false,lata
130,Fanta_Uva,Itupeva,ITU_L1,13,-0.0,false,lata
130,Fanta_Uva,Itupeva,ITU_L1,14,-0.0,false,lata
130,Fanta_Uva,Itupeva,ITU_L1,15,-0.0,false,lata
130,Fanta_Uva,Itupeva,ITU_L2,1,-0.0,false,lata
130,Fanta_Uva,Itupeva,ITU_L2,2,-0.0,false,lata
130,Fanta_Uva,Itupeva,ITU_L2,3,-0.0,false,lata
130,Fanta_Uva,Itupeva,ITU_L2,4,-0.0,false,lata
130,Fanta_Uva,Itupeva,ITU_L2,5,-0.0,false,lata
130,Fanta_Uva,Itupeva,ITU_L2,6,-0.0,false,lata
130,Fanta_Uva,Itupeva,ITU_L2,7,-0.0,false,lata
130,Fanta_Uva,Itupeva,ITU_L2,8,-0.0,false,lata
130,Fanta_Uva,Itupeva,ITU_L2,9,-0.0,false,lata
130,Fanta_Uva,Itupeva,ITU_L2,10,-0.0,false,lata
130,Fanta_Uva,Itupeva,ITU_L2,11,-0.0,false,lata
130,Fanta_Uva,Itupeva,ITU_L2,12,-0.0,false,lata
130,Fanta_Uva,Itupeva,ITU_L2,13,-0.0,false,lata
130,Fanta_Uva,Itupeva,ITU_L2,14,-0.0,false,lata
130,Fanta_Uva,Itupeva,ITU_L2,15,-0.0,false,lata
130,Fanta_Uva,Itupeva,ITU_L3,1,-999999.2537740001,false,lata
130,Fanta_Uva,Itupeva,ITU_L3,2,-0.0,false,lata
130,Fanta_Uva,Itupeva,ITU_L3,3,-0.0,false,lata
130,Fanta_Uva,Itupeva,ITU_L3,4,-999999.6702238,false,lata
130,Fanta_Uva,Itupeva,ITU_L3,5,-0.0,false,lata
130,Fanta_Uva,Itupeva,ITU_L3,6,-0.0,false,lata
130,Fanta_Uva,Itupeva,ITU_L3,7,-0.0,false,lata
130,Fanta_Uva,Itupeva,ITU_L3,8,-0.0,false,lata
130,Fanta_Uva,Itupeva,ITU_L3,9,-0.0,false,lata
130,Fanta_Uva,Itupeva,ITU_L3,10,-0.0,false,lata
130,Fanta_Uva,Itupeva,ITU_L3,11,-0.0,false,lata
130,Fanta_Uva,Itupeva,ITU_L3,12,-0.0,false,lata
130,Fanta_Uva,Itupeva,ITU_L3,13,-0.0,false,lata
130,Fanta_Uva,Itupeva,ITU_L3,14,-0.0,false,lata
130,Fanta_Uva,Itupeva,ITU_L3,15,-0.0,false,lata
130,Fanta_Uva,Cabo de Santo Agostinho,CAB_L1,1,-0.0,false,lata
130,Fanta_Uva,Cabo de Santo Agostinho,CAB_L1,2,-0.0,false,lata
130,Fanta_Uva,Cabo de Santo Agostinho,CAB_L1,3,-0.0,false,lata
130,Fanta_Uva,Cabo de Santo Agostinho,CAB_L1,4,-0.0,false,lata
130,Fanta_Uva,Cabo de Santo Agostinho,CAB_L1,5,-0.0,false,lata
130,Fanta_Uva,Cabo de Santo Agostinho,CAB_L1,6,-0.0,false,lata
130,Fanta_Uva,Cabo de Santo Agostinho,CAB_L1,7,-0.0,false,lata
130,Fanta_Uva,Cabo de Santo Agostinho,CAB_L1,8,-0.0,false,lata
130,Fanta_Uva,Cabo de Santo Agostinho,CAB_L1,9,-0.0,false,lata
130,Fanta_Uva,Cabo de Santo Agostinho,CAB_L1,10,-0.0,false,lata
130,Fanta_Uva,Cabo de Santo Agostinho,CAB_L1,11,-0.0,false,lata
130,Fanta_Uva,Cabo de Santo Agostinho,CAB_L1,12,-0.0,false,lata
130,Fanta_Uva,Cabo de Santo Agostinho,CAB_L1,13,-0.0,false,lata
130,Fanta_Uva,Cabo de Santo Agostinho,CAB_L1,14,-0.0,false,lata
130,Fanta_Uva,Cabo de Santo Agostinho,CAB_L1,15,-0.0,false,lata
130,Fanta_Uva,Cabo de Santo Agostinho,CAB_L2,1,-0.0,false,lata
130,Fanta_Uva,Cabo de Santo Agostinho,CAB_L2,2,-0.0,false,lata
130,Fanta_Uva,Cabo de Santo Agostinho,CAB_L2,3,-0.0,false,lata
130,Fanta_Uva,Cabo de Santo Agostinho,CAB_L2,4,-0.0,false,lata
130,Fanta_Uva,Cabo de Santo Agostinho,CAB_L2,5,-0.0,false,lata
130,Fanta_Uva,Cabo de Santo Agostinho,CAB_L2,6,-999999.2742766001,false,lata
130,Fanta_Uva,Cabo de Santo Agostinho,CAB_L2,7,-0.0,false,lata
130,Fanta_Uva,Cabo de Santo Agostinho,CAB_L2,8,-0.0,false,lata
130,Fanta_Uva,Cabo de Santo Agostinho,CAB_L2,9,-0.0,false,lata
130,Fanta_Uva,Cabo de Santo Agostinho,CAB_L2,10,-0.0,false,lata
130,Fanta_Uva,Cabo de Santo Agostinho,CAB_L2,11,-0.0,false,lata
130,Fanta_Uva,Cabo de Santo Agostinho,CAB_L2,12,-0.0,false,lata
130,Fanta_Uva,Cabo de Santo Agostinho,CAB_L2,13,-0.0,false,lata
130,Fanta_Uva,Cabo de Santo Agostinho,CAB_L2,14,-0.0,false,lata
130,Fanta_Uva,Cabo de Santo Agostinho,CAB_L2,15,-0.0,false,lata
130,Fanta_Uva,Cabo de Santo Agostinho,CAB_L3,1,-999999.1650747001,false,lata
130,Fanta_Uva,Cabo de Santo Agostinho,CAB_L3,2,-0.0,false,lata
130,Fanta_Uva,Cabo de Santo Agostinho,CAB_L3,3,-0.0,false,lata
130,Fanta_Uva,Cabo de Santo Agostinho,CAB_L3,4,-0.0,false,lata
130,Fanta_Uva,Cabo de Santo Agostinho,CAB_L3,5,-0.0,false,lata
130,Fanta_Uva,Cabo de Santo Agostinho,CAB_L3,6,-0.0,false,lata
130,Fanta_Uva,Cabo de Santo Agostinho,CAB_L3,7,-0.0,false,lata
130,Fanta_Uva,Cabo de Santo Agostinho,CAB_L3,8,-0.0,false,lata
130,Fanta_Uva,Cabo de Santo Agostinho,CAB_L3,9,-0.0,false,lata
130,Fanta_Uva,Cabo de Santo Agostinho,CAB_L3,10,-0.0,false,lata
130,Fanta_Uva,Cabo de Santo Agostinho,CAB_L3,11,-0.0,false,lata
130,Fanta_Uva,Cabo de Santo Agostinho,CAB_L3,12,-0.0,false,lata
130,Fanta_Uva,Cabo de Santo Agostinho,CAB_L3,13,-0.0,false,lata
130,Fanta_Uva,Cabo de Santo Agostinho,CAB_L3,14,-0.0,false,lata
130,Fanta_Uva,Cabo de Santo Agostinho,CAB_L3,15,-0.0,false,lata
130,Pepsi,Jacarei,JAC_L1,1,-0.0,false,lata
130,Pepsi,Jacarei,JAC_L1,2,-0.0,false,lata
130,Pepsi,Jacarei,JAC_L1,3,-0.0,false,lata
130,Pepsi,Jacarei,JAC_L1,4,-0.0,false,lata
130,Pepsi,Jacarei,JAC_L1,5,-0.0,false,lata
130,Pepsi,Jacarei,JAC_L1,6,-0.0,false,lata
130,Pepsi,Jacarei,JAC_L1,7,-0.0,false,lata
130,Pepsi,Jacarei,JAC_L1,8,-0.0,false,lata
130,Pepsi,Jacarei,JAC_L1,9,-0.0,false,lata
130,Pepsi,Jacarei,JAC_L1,10,-0.0,false,lata
130,Pepsi,Jacarei,JAC_L1,11,-0.0,false,lata
130,Pepsi,Jacarei,JAC_L1,12,-0.0,false,lata
130,Pepsi,Jacarei,JAC_L1,13,-0.0,false,lata
130,Pepsi,Jacarei,JAC_L1,14,-0.0,false,lata
130,Pepsi,Jacarei,JAC_L1,15,-0.0,false,lata
130,Pepsi,Jacarei,JAC_L2,1,-0.0,false,lata
130,Pepsi,Jacarei,JAC_L2,2,-0.0,false,lata
130,Pepsi,Jacarei,JAC_L2,3,-0.0,false,lata
130,Pepsi,Jacarei,JAC_L2,4,-0.0,false,lata
130,Pepsi,Jacarei,JAC_L2,5,-0.0,false,lata
130,Pepsi,Jacarei,JAC_L2,6,-0.0,false,lata
130,Pepsi,Jacarei,JAC_L2,7,-0.0,false,lata
130,Pepsi,Jacarei,JAC_L2,8,-0.0,false,lata
130,Pepsi,Jacarei,JAC_L2,9,-0.0,false,lata
130,Pepsi,Jacarei,JAC_L2,10,-0.0,false,lata
130,Pepsi,Jacarei,JAC_L2,11,-0.0,false,lata
130,Pepsi,Jacarei,JAC_L2,12,-0.0,false,lata
130,Pepsi,Jacarei,JAC_L2,13,-0.0,false,lata
130,Pepsi,Jacarei,JAC_L2,14,-0.0,false,lata
130,Pepsi,Jacarei,JAC_L2,15,-0.0,false,lata
130,Pepsi,Jacarei,JAC_L3,1,-1.0e6,true,lata
130,Pepsi,Jacarei,JAC_L3,2,-0.0,false,lata
130,Pepsi,Jacarei,JAC_L3,3,-0.0,false,lata
130,Pepsi,Jacarei,JAC_L3,4,-0.0,false,lata
130,Pepsi,Jacarei,JAC_L3,5,-0.0,false,lata
130,Pepsi,Jacarei,JAC_L3,6,-0.0,false,lata
130,Pepsi,Jacarei,JAC_L3,7,-0.0,false,lata
130,Pepsi,Jacarei,JAC_L3,8,-0.0,false,lata
130,Pepsi,Jacarei,JAC_L3,9,-0.0,false,lata
130,Pepsi,Jacarei,JAC_L3,10,-0.0,false,lata
130,Pepsi,Jacarei,JAC_L3,11,-0.0,false,lata
130,Pepsi,Jacarei,JAC_L3,12,-0.0,false,lata
130,Pepsi,Jacarei,JAC_L3,13,-1.0e6,true,lata
130,Pepsi,Jacarei,JAC_L3,14,-0.0,false,lata
130,Pepsi,Jacarei,JAC_L3,15,-0.0,false,lata
130,Pepsi,Extrema,EXT_L1,1,-0.0,false,lata
130,Pepsi,Extrema,EXT_L1,2,-0.0,false,lata
130,Pepsi,Extrema,EXT_L1,3,-0.0,false,lata
130,Pepsi,Extrema,EXT_L1,4,-999999.5536828499,false,lata
130,Pepsi,Extrema,EXT_L1,5,-0.0,false,lata
130,Pepsi,Extrema,EXT_L1,6,-999999.8686768002,false,lata
130,Pepsi,Extrema,EXT_L1,7,-0.0,false,lata
130,Pepsi,Extrema,EXT_L1,8,-0.0,false,lata
130,Pepsi,Extrema,EXT_L1,9,-0.0,false,lata
130,Pepsi,Extrema,EXT_L1,10,-0.0,false,lata
130,Pepsi,Extrema,EXT_L1,11,-0.0,false,lata
130,Pepsi,Extrema,EXT_L1,12,-0.0,false,lata
130,Pepsi,Extrema,EXT_L1,13,-0.0,false,lata
130,Pepsi,Extrema,EXT_L1,14,-0.0,false,lata
130,Pepsi,Extrema,EXT_L1,15,-0.0,false,lata
130,Pepsi,Extrema,EXT_L2,1,-0.0,false,lata
130,Pepsi,Extrema,EXT_L2,2,-1.0e6,true,lata
130,Pepsi,Extrema,EXT_L2,3,-0.0,false,lata
130,Pepsi,Extrema,EXT_L2,4,-0.0,false,lata
130,Pepsi,Extrema,EXT_L2,5,-0.0,false,lata
130,Pepsi,Extrema,EXT_L2,6,-0.0,false,lata
130,Pepsi,Extrema,EXT_L2,7,-0.0,false,lata
130,Pepsi,Extrema,EXT_L2,8,-0.0,false,lata
130,Pepsi,Extrema,EXT_L2,9,-0.0,false,lata
130,Pepsi,Extrema,EXT_L2,10,-0.0,false,lata
130,Pepsi,Extrema,EXT_L2,11,-1.0e6,true,lata
130,Pepsi,Extrema,EXT_L2,12,-0.0,false,lata
130,Pepsi,Extrema,EXT_L2,13,-0.0,false,lata
130,Pepsi,Extrema,EXT_L2,14,-0.0,false,lata
130,Pepsi,Extrema,EXT_L2,15,-0.0,false,lata
130,Pepsi,Extrema,EXT_L3,1,-0.0,false,lata
130,Pepsi,Extrema,EXT_L3,2,-0.0,false,lata
130,Pepsi,Extrema,EXT_L3,3,-0.0,false,lata
130,Pepsi,Extrema,EXT_L3,4,-0.0,false,lata
130,Pepsi,Extrema,EXT_L3,5,-0.0,false,lata
130,Pepsi,Extrema,EXT_L3,6,-0.0,false,lata
130,Pepsi,Extrema,EXT_L3,7,-0.0,false,lata
130,Pepsi,Extrema,EXT_L3,8,-0.0,false,lata
130,Pepsi,Extrema,EXT_L3,9,-0.0,false,lata
130,Pepsi,Extrema,EXT_L3,10,-0.0,false,lata
130,Pepsi,Extrema,EXT_L3,11,-0.0,false,lata
130,Pepsi,Extrema,EXT_L3,12,-0.0,false,lata
130,Pepsi,Extrema,EXT_L3,13,-0.0,false,lata
130,Pepsi,Extrema,EXT_L3,14,-0.0,false,lata
130,Pepsi,Extrema,EXT_L3,15,-999999.6627876,false,lata
130,Pepsi,Tres Rios,TRE_L1,1,-999999.9867205,false,lata
130,Pepsi,Tres Rios,TRE_L1,2,-0.0,false,lata
130,Pepsi,Tres Rios,TRE_L1,3,-0.0,false,lata
130,Pepsi,Tres Rios,TRE_L1,4,-0.0,false,lata
130,Pepsi,Tres Rios,TRE_L1,5,-0.0,false,lata
130,Pepsi,Tres Rios,TRE_L1,6,-0.0,false,lata
130,Pepsi,Tres Rios,TRE_L1,7,-0.0,false,lata
130,Pepsi,Tres Rios,TRE_L1,8,-0.0,false,lata
130,Pepsi,Tres Rios,TRE_L1,9,-0.0,false,lata
130,Pepsi,Tres Rios,TRE_L1,10,-0.0,false,lata
130,Pepsi,Tres Rios,TRE_L1,11,-0.0,false,lata
130,Pepsi,Tres Rios,TRE_L1,12,-0.0,false,lata
130,Pepsi,Tres Rios,TRE_L1,13,-0.0,false,lata
130,Pepsi,Tres Rios,TRE_L1,14,-0.0,false,lata
130,Pepsi,Tres Rios,TRE_L1,15,-0.0,false,lata
130,Pepsi,Tres Rios,TRE_L2,1,-0.0,false,lata
130,Pepsi,Tres Rios,TRE_L2,2,-0.0,false,lata
130,Pepsi,Tres Rios,TRE_L2,3,-0.0,false,lata
130,Pepsi,Tres Rios,TRE_L2,4,-0.0,false,lata
130,Pepsi,Tres Rios,TRE_L2,5,-0.0,false,lata
130,Pepsi,Tres Rios,TRE_L2,6,-0.0,false,lata
130,Pepsi,Tres Rios,TRE_L2,7,-0.0,false,lata
130,Pepsi,Tres Rios,TRE_L2,8,-0.0,false,lata
130,Pepsi,Tres Rios,TRE_L2,9,-0.0,false,lata
130,Pepsi,Tres Rios,TRE_L2,10,-0.0,false,lata
130,Pepsi,Tres Rios,TRE_L2,11,-0.0,false,lata
130,Pepsi,Tres Rios,TRE_L2,12,-0.0,false,lata
130,Pepsi,Tres Rios,TRE_L2,13,-0.0,false,lata
130,Pepsi,Tres Rios,TRE_L2,14,-0.0,false,lata
130,Pepsi,Tres Rios,TRE_L2,15,-0.0,false,lata
130,Pepsi,Tres Rios,TRE_L3,1,-0.0,false,lata
130,Pepsi,Tres Rios,TRE_L3,2,-0.0,false,lata
130,Pepsi,Tres Rios,TRE_L3,3,-999999.8869218499,false,lata
130,Pepsi,Tres Rios,TRE_L3,4,-0.0,false,lata
130,Pepsi,Tres Rios,TRE_L3,5,-0.0,false,lata
130,Pepsi,Tres Rios,TRE_L3,6,-0.0,false,lata
130,Pepsi,Tres Rios,TRE_L3,7,-0.0,false,lata
130,Pepsi,Tres Rios,TRE_L3,8,-0.0,false,lata
130,Pepsi,Tres Rios,TRE_L3,9,-0.0,false,lata
130,Pepsi,Tres Rios,TRE_L3,10,-0.0,false,lata
130,Pepsi,Tres Rios,TRE_L3,11,-0.0,false,lata
130,Pepsi,Tres Rios,TRE_L3,12,-0.0,false,lata
130,Pepsi,Tres Rios,TRE_L3,13,-0.0,false,lata
130,Pepsi,Tres Rios,TRE_L3,14,-0.0,false,lata
130,Pepsi,Tres Rios,TRE_L3,15,-0.0,false,lata
130,Pepsi,Alagoinhas,ALA_L1,1,-0.0,false,lata
130,Pepsi,Alagoinhas,ALA_L1,2,-0.0,false,lata
130,Pepsi,Alagoinhas,ALA_L1,3,-0.0,false,lata
130,Pepsi,Alagoinhas,ALA_L1,4,-0.0,false,lata
130,Pepsi,Alagoinhas,ALA_L1,5,-0.0,false,lata
130,Pepsi,Alagoinhas,ALA_L1,6,-0.0,false,lata
130,Pepsi,Alagoinhas,ALA_L1,7,-0.0,false,lata
130,Pepsi,Alagoinhas,ALA_L1,8,-0.0,false,lata
130,Pepsi,Alagoinhas,ALA_L1,9,-0.0,false,lata
130,Pepsi,Alagoinhas,ALA_L1,10,-0.0,false,lata
130,Pepsi,Alagoinhas,ALA_L1,11,-0.0,false,lata
130,Pepsi,Alagoinhas,ALA_L1,12,-0.0,false,lata
130,Pepsi,Alagoinhas,ALA_L1,13,-0.0,false,lata
130,Pepsi,Alagoinhas,ALA_L1,14,-999999.4209781998,false,lata
130,Pepsi,Alagoinhas,ALA_L1,15,-0.0,false,lata
130,Pepsi,Alagoinhas,ALA_L2,1,-0.0,false,lata
130,Pepsi,Alagoinhas,ALA_L2,2,-0.0,false,lata
130,Pepsi,Alagoinhas,ALA_L2,3,-0.0,false,lata
130,Pepsi,Alagoinhas,ALA_L2,4,-0.0,false,lata
130,Pepsi,Alagoinhas,ALA_L2,5,-0.0,false,lata
130,Pepsi,Alagoinhas,ALA_L2,6,-0.0,false,lata
130,Pepsi,Alagoinhas,ALA_L2,7,-0.0,false,lata
130,Pepsi,Alagoinhas,ALA_L2,8,-0.0,false,lata
130,Pepsi,Alagoinhas,ALA_L2,9,-0.0,false,lata
130,Pepsi,Alagoinhas,ALA_L2,10,-0.0,false,lata
130,Pepsi,Alagoinhas,ALA_L2,11,-0.0,false,lata
130,Pepsi,Alagoinhas,ALA_L2,12,-0.0,false,lata
130,Pepsi,Alagoinhas,ALA_L2,13,-1.0e6,true,lata
130,Pepsi,Alagoinhas,ALA_L2,14,-0.0,false,lata
130,Pepsi,Alagoinhas,ALA_L2,15,-0.0,false,lata
130,Pepsi,Alagoinhas,ALA_L3,1,-0.0,false,lata
130,Pepsi,Alagoinhas,ALA_L3,2,-0.0,false,lata
130,Pepsi,Alagoinhas,ALA_L3,3,-0.0,false,lata
130,Pepsi,Alagoinhas,ALA_L3,4,-0.0,false,lata
130,Pepsi,Alagoinhas,ALA_L3,5,-0.0,false,lata
130,Pepsi,Alagoinhas,ALA_L3,6,-0.0,false,lata
130,Pepsi,Alagoinhas,ALA_L3,7,-0.0,false,lata
130,Pepsi,Alagoinhas,ALA_L3,8,-0.0,false,lata
130,Pepsi,Alagoinhas,ALA_L3,9,-0.0,false,lata
130,Pepsi,Alagoinhas,ALA_L3,10,-0.0,false,lata
130,Pepsi,Alagoinhas,ALA_L3,11,-1.0e6,true,lata
130,Pepsi,Alagoinhas,ALA_L3,12,-0.0,false,lata
130,Pepsi,Alagoinhas,ALA_L3,13,-0.0,false,lata
130,Pepsi,Alagoinhas,ALA_L3,14,-0.0,false,lata
130,Pepsi,Alagoinhas,ALA_L3,15,-0.0,false,lata
130,Pepsi,Frutal,FRU_L1,1,-0.0,false,lata
130,Pepsi,Frutal,FRU_L1,2,-0.0,false,lata
130,Pepsi,Frutal,FRU_L1,3,-0.0,false,lata
130,Pepsi,Frutal,FRU_L1,4,-0.0,false,lata
130,Pepsi,Frutal,FRU_L1,5,-0.0,false,lata
130,Pepsi,Frutal,FRU_L1,6,-0.0,false,lata
130,Pepsi,Frutal,FRU_L1,7,-0.0,false,lata
130,Pepsi,Frutal,FRU_L1,8,-999999.8887149001,false,lata
130,Pepsi,Frutal,FRU_L1,9,-0.0,false,lata
130,Pepsi,Frutal,FRU_L1,10,-0.0,false,lata
130,Pepsi,Frutal,FRU_L1,11,-0.0,false,lata
130,Pepsi,Frutal,FRU_L1,12,-0.0,false,lata
130,Pepsi,Frutal,FRU_L1,13,-0.0,false,lata
130,Pepsi,Frutal,FRU_L1,14,-0.0,false,lata
130,Pepsi,Frutal,FRU_L1,15,-0.0,false,lata
130,Pepsi,Frutal,FRU_L2,1,-0.0,false,lata
130,Pepsi,Frutal,FRU_L2,2,-0.0,false,lata
130,Pepsi,Frutal,FRU_L2,3,-0.0,false,lata
130,Pepsi,Frutal,FRU_L2,4,-0.0,false,lata
130,Pepsi,Frutal,FRU_L2,5,-0.0,false,lata
130,Pepsi,Frutal,FRU_L2,6,-0.0,false,lata
130,Pepsi,Frutal,FRU_L2,7,-0.0,false,lata
130,Pepsi,Frutal,FRU_L2,8,-999999.8565444002,false,lata
130,Pepsi,Frutal,FRU_L2,9,-0.0,false,lata
130,Pepsi,Frutal,FRU_L2,10,-0.0,false,lata
130,Pepsi,Frutal,FRU_L2,11,-0.0,false,lata
130,Pepsi,Frutal,FRU_L2,12,-0.0,false,lata
130,Pepsi,Frutal,FRU_L2,13,-0.0,false,lata
130,Pepsi,Frutal,FRU_L2,14,-0.0,false,lata
130,Pepsi,Frutal,FRU_L2,15,-0.0,false,lata
130,Pepsi,Frutal,FRU_L3,1,-0.0,false,lata
130,Pepsi,Frutal,FRU_L3,2,-0.0,false,lata
130,Pepsi,Frutal,FRU_L3,3,-0.0,false,lata
130,Pepsi,Frutal,FRU_L3,4,-0.0,false,lata
130,Pepsi,Frutal,FRU_L3,5,-0.0,false,lata
130,Pepsi,Frutal,FRU_L3,6,-0.0,false,lata
130,Pepsi,Frutal,FRU_L3,7,-0.0,false,lata
130,Pepsi,Frutal,FRU_L3,8,-0.0,false,lata
130,Pepsi,Frutal,FRU_L3,9,-0.0,false,lata
130,Pepsi,Frutal,FRU_L3,10,-0.0,false,lata
130,Pepsi,Frutal,FRU_L3,11,-0.0,false,lata
130,Pepsi,Frutal,FRU_L3,12,-0.0,false,lata
130,Pepsi,Frutal,FRU_L3,13,-0.0,false,lata
130,Pepsi,Frutal,FRU_L3,14,-0.0,false,lata
130,Pepsi,Frutal,FRU_L3,15,-0.0,false,lata
130,Pepsi,Pouso Alegre,POU_L1,1,-0.0,false,lata
130,Pepsi,Pouso Alegre,POU_L1,2,-999999.99949895,false,lata
130,Pepsi,Pouso Alegre,POU_L1,3,-0.0,false,lata
130,Pepsi,Pouso Alegre,POU_L1,4,-0.0,false,lata
130,Pepsi,Pouso Alegre,POU_L1,5,-0.0,false,lata
130,Pepsi,Pouso Alegre,POU_L1,6,-0.0,false,lata
130,Pepsi,Pouso Alegre,POU_L1,7,-0.0,false,lata
130,Pepsi,Pouso Alegre,POU_L1,8,-999999.8735442002,false,lata
130,Pepsi,Pouso Alegre,POU_L1,9,-0.0,false,lata
130,Pepsi,Pouso Alegre,POU_L1,10,-0.0,false,lata
130,Pepsi,Pouso Alegre,POU_L1,11,-0.0,false,lata
130,Pepsi,Pouso Alegre,POU_L1,12,-0.0,false,lata
130,Pepsi,Pouso Alegre,POU_L1,13,-0.0,false,lata
130,Pepsi,Pouso Alegre,POU_L1,14,-0.0,false,lata
130,Pepsi,Pouso Alegre,POU_L1,15,-0.0,false,lata
130,Pepsi,Pouso Alegre,POU_L2,1,-0.0,false,lata
130,Pepsi,Pouso Alegre,POU_L2,2,-0.0,false,lata
130,Pepsi,Pouso Alegre,POU_L2,3,-0.0,false,lata
130,Pepsi,Pouso Alegre,POU_L2,4,-0.0,false,lata
130,Pepsi,Pouso Alegre,POU_L2,5,-0.0,false,lata
130,Pepsi,Pouso Alegre,POU_L2,6,-0.0,false,lata
130,Pepsi,Pouso Alegre,POU_L2,7,-0.0,false,lata
130,Pepsi,Pouso Alegre,POU_L2,8,-0.0,false,lata
130,Pepsi,Pouso Alegre,POU_L2,9,-0.0,false,lata
130,Pepsi,Pouso Alegre,POU_L2,10,-999999.9757275,false,lata
130,Pepsi,Pouso Alegre,POU_L2,11,-0.0,false,lata
130,Pepsi,Pouso Alegre,POU_L2,12,-0.0,false,lata
130,Pepsi,Pouso Alegre,POU_L2,13,-0.0,false,lata
130,Pepsi,Pouso Alegre,POU_L2,14,-0.0,false,lata
130,Pepsi,Pouso Alegre,POU_L2,15,-0.0,false,lata
130,Pepsi,Pouso Alegre,POU_L3,1,-0.0,false,lata
130,Pepsi,Pouso Alegre,POU_L3,2,-0.0,false,lata
130,Pepsi,Pouso Alegre,POU_L3,3,-0.0,false,lata
130,Pepsi,Pouso Alegre,POU_L3,4,-0.0,false,lata
130,Pepsi,Pouso Alegre,POU_L3,5,-0.0,false,lata
130,Pepsi,Pouso Alegre,POU_L3,6,-0.0,false,lata
130,Pepsi,Pouso Alegre,POU_L3,7,-0.0,false,lata
130,Pepsi,Pouso Alegre,POU_L3,8,-0.0,false,lata
130,Pepsi,Pouso Alegre,POU_L3,9,-0.0,false,lata
130,Pepsi,Pouso Alegre,POU_L3,10,-0.0,false,lata
130,Pepsi,Pouso Alegre,POU_L3,11,-0.0,false,lata
130,Pepsi,Pouso Alegre,POU_L3,12,-0.0,false,lata
130,Pepsi,Pouso Alegre,POU_L3,13,-0.0,false,lata
130,Pepsi,Pouso Alegre,POU_L3,14,-0.0,false,lata
130,Pepsi,Pouso Alegre,POU_L3,15,-0.0,false,lata
130,Pepsi,Gama,GAM_L1,1,-0.0,false,lata
130,Pepsi,Gama,GAM_L1,2,-0.0,false,lata
130,Pepsi,Gama,GAM_L1,3,-999999.8992849998,false,lata
130,Pepsi,Gama,GAM_L1,4,-0.0,false,lata
130,Pepsi,Gama,GAM_L1,5,-0.0,false,lata
130,Pepsi,Gama,GAM_L1,6,-0.0,false,lata
130,Pepsi,Gama,GAM_L1,7,-0.0,false,lata
130,Pepsi,Gama,GAM_L1,8,-0.0,false,lata
130,Pepsi,Gama,GAM_L1,9,-0.0,false,lata
130,Pepsi,Gama,GAM_L1,10,-1.0e6,true,lata
130,Pepsi,Gama,GAM_L1,11,-0.0,false,lata
130,Pepsi,Gama,GAM_L1,12,-0.0,false,lata
130,Pepsi,Gama,GAM_L1,13,-0.0,false,lata
130,Pepsi,Gama,GAM_L1,14,-0.0,false,lata
130,Pepsi,Gama,GAM_L1,15,-0.0,false,lata
130,Pepsi,Gama,GAM_L2,1,-0.0,false,lata
130,Pepsi,Gama,GAM_L2,2,-0.0,false,lata
130,Pepsi,Gama,GAM_L2,3,-0.0,false,lata
130,Pepsi,Gama,GAM_L2,4,-0.0,false,lata
130,Pepsi,Gama,GAM_L2,5,-0.0,false,lata
130,Pepsi,Gama,GAM_L2,6,-0.0,false,lata
130,Pepsi,Gama,GAM_L2,7,-0.0,false,lata
130,Pepsi,Gama,GAM_L2,8,-0.0,false,lata
130,Pepsi,Gama,GAM_L2,9,-0.0,false,lata
130,Pepsi,Gama,GAM_L2,10,-0.0,false,lata
130,Pepsi,Gama,GAM_L2,11,-0.0,false,lata
130,Pepsi,Gama,GAM_L2,12,-0.0,false,lata
130,Pepsi,Gama,GAM_L2,13,-0.0,false,lata
130,Pepsi,Gama,GAM_L2,14,-0.0,false,lata
130,Pepsi,Gama,GAM_L2,15,-0.0,false,lata
130,Pepsi,Gama,GAM_L3,1,-0.0,false,lata
130,Pepsi,Gama,GAM_L3,2,-0.0,false,lata
130,Pepsi,Gama,GAM_L3,3,-0.0,false,lata
130,Pepsi,Gama,GAM_L3,4,-0.0,false,lata
130,Pepsi,Gama,GAM_L3,5,-0.0,false,lata
130,Pepsi,Gama,GAM_L3,6,-0.0,false,lata
130,Pepsi,Gama,GAM_L3,7,-0.0,false,lata
130,Pepsi,Gama,GAM_L3,8,-0.0,false,lata
130,Pepsi,Gama,GAM_L3,9,-0.0,false,lata
130,Pepsi,Gama,GAM_L3,10,-0.0,false,lata
130,Pepsi,Gama,GAM_L3,11,-0.0,false,lata
130,Pepsi,Gama,GAM_L3,12,-999999.9451974999,false,lata
130,Pepsi,Gama,GAM_L3,13,-0.0,false,lata
130,Pepsi,Gama,GAM_L3,14,-0.0,false,lata
130,Pepsi,Gama,GAM_L3,15,-0.0,false,lata
130,Pepsi,Viamao,VIA_L1,1,-0.0,false,lata
130,Pepsi,Viamao,VIA_L1,2,-0.0,false,lata
130,Pepsi,Viamao,VIA_L1,3,-0.0,false,lata
130,Pepsi,Viamao,VIA_L1,4,-0.0,false,lata
130,Pepsi,Viamao,VIA_L1,5,-0.0,false,lata
130,Pepsi,Viamao,VIA_L1,6,-0.0,false,lata
130,Pepsi,Viamao,VIA_L1,7,-0.0,false,lata
130,Pepsi,Viamao,VIA_L1,8,-0.0,false,lata
130,Pepsi,Viamao,VIA_L1,9,-0.0,false,lata
130,Pepsi,Viamao,VIA_L1,10,-0.0,false,lata
130,Pepsi,Viamao,VIA_L1,11,-0.0,false,lata
130,Pepsi,Viamao,VIA_L1,12,-0.0,false,lata
130,Pepsi,Viamao,VIA_L1,13,-0.0,false,lata
130,Pepsi,Viamao,VIA_L1,14,-999999.4193832498,false,lata
130,Pepsi,Viamao,VIA_L1,15,-0.0,false,lata
130,Pepsi,Viamao,VIA_L2,1,-0.0,false,lata
130,Pepsi,Viamao,VIA_L2,2,-1.0e6,true,lata
130,Pepsi,Viamao,VIA_L2,3,-0.0,false,lata
130,Pepsi,Viamao,VIA_L2,4,-0.0,false,lata
130,Pepsi,Viamao,VIA_L2,5,-0.0,false,lata
130,Pepsi,Viamao,VIA_L2,6,-0.0,false,lata
130,Pepsi,Viamao,VIA_L2,7,-0.0,false,lata
130,Pepsi,Viamao,VIA_L2,8,-0.0,false,lata
130,Pepsi,Viamao,VIA_L2,9,-0.0,false,lata
130,Pepsi,Viamao,VIA_L2,10,-0.0,false,lata
130,Pepsi,Viamao,VIA_L2,11,-0.0,false,lata
130,Pepsi,Viamao,VIA_L2,12,-0.0,false,lata
130,Pepsi,Viamao,VIA_L2,13,-0.0,false,lata
130,Pepsi,Viamao,VIA_L2,14,-0.0,false,lata
130,Pepsi,Viamao,VIA_L2,15,-0.0,false,lata
130,Pepsi,Viamao,VIA_L3,1,-1.0e6,true,lata
130,Pepsi,Viamao,VIA_L3,2,-0.0,false,lata
130,Pepsi,Viamao,VIA_L3,3,-0.0,false,lata
130,Pepsi,Viamao,VIA_L3,4,-0.0,false,lata
130,Pepsi,Viamao,VIA_L3,5,-0.0,false,lata
130,Pepsi,Viamao,VIA_L3,6,-0.0,false,lata
130,Pepsi,Viamao,VIA_L3,7,-0.0,false,lata
130,Pepsi,Viamao,VIA_L3,8,-0.0,false,lata
130,Pepsi,Viamao,VIA_L3,9,-0.0,false,lata
130,Pepsi,Viamao,VIA_L3,10,-0.0,false,lata
130,Pepsi,Viamao,VIA_L3,11,-0.0,false,lata
130,Pepsi,Viamao,VIA_L3,12,-0.0,false,lata
130,Pepsi,Viamao,VIA_L3,13,-0.0,false,lata
130,Pepsi,Viamao,VIA_L3,14,-0.0,false,lata
130,Pepsi,Viamao,VIA_L3,15,-0.0,false,lata
130,Pepsi,Itupeva,ITU_L1,1,-1.0e6,true,lata
130,Pepsi,Itupeva,ITU_L1,2,-0.0,false,lata
130,Pepsi,Itupeva,ITU_L1,3,-0.0,false,lata
130,Pepsi,Itupeva,ITU_L1,4,-0.0,false,lata
130,Pepsi,Itupeva,ITU_L1,5,-0.0,false,lata
130,Pepsi,Itupeva,ITU_L1,6,-0.0,false,lata
130,Pepsi,Itupeva,ITU_L1,7,-0.0,false,lata
130,Pepsi,Itupeva,ITU_L1,8,-0.0,false,lata
130,Pepsi,Itupeva,ITU_L1,9,-0.0,false,lata
130,Pepsi,Itupeva,ITU_L1,10,-999999.98136615,false,lata
130,Pepsi,Itupeva,ITU_L1,11,-1.0e6,true,lata
130,Pepsi,Itupeva,ITU_L1,12,-0.0,false,lata
130,Pepsi,Itupeva,ITU_L1,13,-0.0,false,lata
130,Pepsi,Itupeva,ITU_L1,14,-0.0,false,lata
130,Pepsi,Itupeva,ITU_L1,15,-0.0,false,lata
130,Pepsi,Itupeva,ITU_L2,1,-0.0,false,lata
130,Pepsi,Itupeva,ITU_L2,2,-0.0,false,lata
130,Pepsi,Itupeva,ITU_L2,3,-0.0,false,lata
130,Pepsi,Itupeva,ITU_L2,4,-0.0,false,lata
130,Pepsi,Itupeva,ITU_L2,5,-0.0,false,lata
130,Pepsi,Itupeva,ITU_L2,6,-0.0,false,lata
130,Pepsi,Itupeva,ITU_L2,7,-0.0,false,lata
130,Pepsi,Itupeva,ITU_L2,8,-0.0,false,lata
130,Pepsi,Itupeva,ITU_L2,9,-0.0,false,lata
130,Pepsi,Itupeva,ITU_L2,10,-0.0,false,lata
130,Pepsi,Itupeva,ITU_L2,11,-0.0,false,lata
130,Pepsi,Itupeva,ITU_L2,12,-999999.94266245,false,lata
130,Pepsi,Itupeva,ITU_L2,13,-0.0,false,lata
130,Pepsi,Itupeva,ITU_L2,14,-0.0,false,lata
130,Pepsi,Itupeva,ITU_L2,15,-0.0,false,lata
130,Pepsi,Itupeva,ITU_L3,1,-0.0,false,lata
130,Pepsi,Itupeva,ITU_L3,2,-0.0,false,lata
130,Pepsi,Itupeva,ITU_L3,3,-0.0,false,lata
130,Pepsi,Itupeva,ITU_L3,4,-0.0,false,lata
130,Pepsi,Itupeva,ITU_L3,5,-0.0,false,lata
130,Pepsi,Itupeva,ITU_L3,6,-0.0,false,lata
130,Pepsi,Itupeva,ITU_L3,7,-0.0,false,lata
130,Pepsi,Itupeva,ITU_L3,8,-0.0,false,lata
130,Pepsi,Itupeva,ITU_L3,9,-0.0,false,lata
130,Pepsi,Itupeva,ITU_L3,10,-0.0,false,lata
130,Pepsi,Itupeva,ITU_L3,11,-0.0,false,lata
130,Pepsi,Itupeva,ITU_L3,12,-0.0,false,lata
130,Pepsi,Itupeva,ITU_L3,13,-0.0,false,lata
130,Pepsi,Itupeva,ITU_L3,14,-0.0,false,lata
130,Pepsi,Itupeva,ITU_L3,15,-0.0,false,lata
130,Pepsi,Cabo de Santo Agostinho,CAB_L1,1,-0.0,false,lata
130,Pepsi,Cabo de Santo Agostinho,CAB_L1,2,-0.0,false,lata
130,Pepsi,Cabo de Santo Agostinho,CAB_L1,3,-0.0,false,lata
130,Pepsi,Cabo de Santo Agostinho,CAB_L1,4,-0.0,false,lata
130,Pepsi,Cabo de Santo Agostinho,CAB_L1,5,-0.0,false,lata
130,Pepsi,Cabo de Santo Agostinho,CAB_L1,6,-0.0,false,lata
130,Pepsi,Cabo de Santo Agostinho,CAB_L1,7,-0.0,false,lata
130,Pepsi,Cabo de Santo Agostinho,CAB_L1,8,-0.0,false,lata
130,Pepsi,Cabo de Santo Agostinho,CAB_L1,9,-0.0,false,lata
130,Pepsi,Cabo de Santo Agostinho,CAB_L1,10,-0.0,false,lata
130,Pepsi,Cabo de Santo Agostinho,CAB_L1,11,-0.0,false,lata
130,Pepsi,Cabo de Santo Agostinho,CAB_L1,12,-0.0,false,lata
130,Pepsi,Cabo de Santo Agostinho,CAB_L1,13,-0.0,false,lata
130,Pepsi,Cabo de Santo Agostinho,CAB_L1,14,-0.0,false,lata
130,Pepsi,Cabo de Santo Agostinho,CAB_L1,15,-0.0,false,lata
130,Pepsi,Cabo de Santo Agostinho,CAB_L2,1,-0.0,false,lata
130,Pepsi,Cabo de Santo Agostinho,CAB_L2,2,-0.0,false,lata
130,Pepsi,Cabo de Santo Agostinho,CAB_L2,3,-0.0,false,lata
130,Pepsi,Cabo de Santo Agostinho,CAB_L2,4,-0.0,false,lata
130,Pepsi,Cabo de Santo Agostinho,CAB_L2,5,-0.0,false,lata
130,Pepsi,Cabo de Santo Agostinho,CAB_L2,6,-0.0,false,lata
130,Pepsi,Cabo de Santo Agostinho,CAB_L2,7,-0.0,false,lata
130,Pepsi,Cabo de Santo Agostinho,CAB_L2,8,-0.0,false,lata
130,Pepsi,Cabo de Santo Agostinho,CAB_L2,9,-0.0,false,lata
130,Pepsi,Cabo de Santo Agostinho,CAB_L2,10,-0.0,false,lata
130,Pepsi,Cabo de Santo Agostinho,CAB_L2,11,-0.0,false,lata
130,Pepsi,Cabo de Santo Agostinho,CAB_L2,12,-0.0,false,lata
130,Pepsi,Cabo de Santo Agostinho,CAB_L2,13,-0.0,false,lata
130,Pepsi,Cabo de Santo Agostinho,CAB_L2,14,-0.0,false,lata
130,Pepsi,Cabo de Santo Agostinho,CAB_L2,15,-0.0,false,lata
130,Pepsi,Cabo de Santo Agostinho,CAB_L3,1,-0.0,false,lata
130,Pepsi,Cabo de Santo Agostinho,CAB_L3,2,-0.0,false,lata
130,Pepsi,Cabo de Santo Agostinho,CAB_L3,3,-0.0,false,lata
130,Pepsi,Cabo de Santo Agostinho,CAB_L3,4,-0.0,false,lata
130,Pepsi,Cabo de Santo Agostinho,CAB_L3,5,-999999.65,false,lata
130,Pepsi,Cabo de Santo Agostinho,CAB_L3,6,-0.0,false,lata
130,Pepsi,Cabo de Santo Agostinho,CAB_L3,7,-999999.6563017,false,lata
130,Pepsi,Cabo de Santo Agostinho,CAB_L3,8,-0.0,false,lata
130,Pepsi,Cabo de Santo Agostinho,CAB_L3,9,-999999.8151891502,false,lata
130,Pepsi,Cabo de Santo Agostinho,CAB_L3,10,-0.0,false,lata
130,Pepsi,Cabo de Santo Agostinho,CAB_L3,11,-0.0,false,lata
130,Pepsi,Cabo de Santo Agostinho,CAB_L3,12,-1.0e6,true,lata
130,Pepsi,Cabo de Santo Agostinho,CAB_L3,13,-0.0,false,lata
130,Pepsi,Cabo de Santo Agostinho,CAB_L3,14,-0.0,false,lata
130,Pepsi,Cabo de Santo Agostinho,CAB_L3,15,-0.0,false,lata
130,Spaten_Lata,Jacarei,JAC_L1,1,-0.0,false,lata
130,Spaten_Lata,Jacarei,JAC_L1,2,-0.0,false,lata
130,Spaten_Lata,Jacarei,JAC_L1,3,-0.0,false,lata
130,Spaten_Lata,Jacarei,JAC_L1,4,-0.0,false,lata
130,Spaten_Lata,Jacarei,JAC_L1,5,-0.0,false,lata
130,Spaten_Lata,Jacarei,JAC_L1,6,-0.0,false,lata
130,Spaten_Lata,Jacarei,JAC_L1,7,-0.0,false,lata
130,Spaten_Lata,Jacarei,JAC_L1,8,-0.0,false,lata
130,Spaten_Lata,Jacarei,JAC_L1,9,-0.0,false,lata
130,Spaten_Lata,Jacarei,JAC_L1,10,-0.0,false,lata
130,Spaten_Lata,Jacarei,JAC_L1,11,-0.0,false,lata
130,Spaten_Lata,Jacarei,JAC_L1,12,-0.0,false,lata
130,Spaten_Lata,Jacarei,JAC_L1,13,-0.0,false,lata
130,Spaten_Lata,Jacarei,JAC_L1,14,-0.0,false,lata
130,Spaten_Lata,Jacarei,JAC_L1,15,-0.28856005,false,lata
130,Spaten_Lata,Jacarei,JAC_L2,1,-0.0,false,lata
130,Spaten_Lata,Jacarei,JAC_L2,2,-0.0,false,lata
130,Spaten_Lata,Jacarei,JAC_L2,3,-0.0,false,lata
130,Spaten_Lata,Jacarei,JAC_L2,4,-0.0,false,lata
130,Spaten_Lata,Jacarei,JAC_L2,5,-0.0,false,lata
130,Spaten_Lata,Jacarei,JAC_L2,6,-0.0,false,lata
130,Spaten_Lata,Jacarei,JAC_L2,7,-0.0,false,lata
130,Spaten_Lata,Jacarei,JAC_L2,8,-0.0,false,lata
130,Spaten_Lata,Jacarei,JAC_L2,9,-0.0,false,lata
130,Spaten_Lata,Jacarei,JAC_L2,10,-0.0,false,lata
130,Spaten_Lata,Jacarei,JAC_L2,11,-0.0,false,lata
130,Spaten_Lata,Jacarei,JAC_L2,12,-0.0,false,lata
130,Spaten_Lata,Jacarei,JAC_L2,13,-0.0,false,lata
130,Spaten_Lata,Jacarei,JAC_L2,14,-0.0,false,lata
130,Spaten_Lata,Jacarei,JAC_L2,15,-0.28856005,false,lata
130,Spaten_Lata,Jacarei,JAC_L3,1,-0.0,false,lata
130,Spaten_Lata,Jacarei,JAC_L3,2,-0.0,false,lata
130,Spaten_Lata,Jacarei,JAC_L3,3,-0.0,false,lata
130,Spaten_Lata,Jacarei,JAC_L3,4,-0.0,false,lata
130,Spaten_Lata,Jacarei,JAC_L3,5,-0.0,false,lata
130,Spaten_Lata,Jacarei,JAC_L3,6,-0.0,false,lata
130,Spaten_Lata,Jacarei,JAC_L3,7,-999999.3217648498,false,lata
130,Spaten_Lata,Jacarei,JAC_L3,8,-0.0,false,lata
130,Spaten_Lata,Jacarei,JAC_L3,9,-0.0,false,lata
130,Spaten_Lata,Jacarei,JAC_L3,10,-0.0,false,lata
130,Spaten_Lata,Jacarei,JAC_L3,11,-0.0,false,lata
130,Spaten_Lata,Jacarei,JAC_L3,12,-0.0,false,lata
130,Spaten_Lata,Jacarei,JAC_L3,13,-0.0,false,lata
130,Spaten_Lata,Jacarei,JAC_L3,14,-999999.9609160001,false,lata
130,Spaten_Lata,Jacarei,JAC_L3,15,-0.28856005,false,lata
130,Spaten_Lata,Extrema,EXT_L1,1,-0.0,false,lata
130,Spaten_Lata,Extrema,EXT_L1,2,-0.0,false,lata
130,Spaten_Lata,Extrema,EXT_L1,3,-0.0,false,lata
130,Spaten_Lata,Extrema,EXT_L1,4,-0.0,false,lata
130,Spaten_Lata,Extrema,EXT_L1,5,-0.0,false,lata
130,Spaten_Lata,Extrema,EXT_L1,6,-0.0,false,lata
130,Spaten_Lata,Extrema,EXT_L1,7,-0.0,false,lata
130,Spaten_Lata,Extrema,EXT_L1,8,-0.0,false,lata
130,Spaten_Lata,Extrema,EXT_L1,9,-0.0,false,lata
130,Spaten_Lata,Extrema,EXT_L1,10,-0.0,false,lata
130,Spaten_Lata,Extrema,EXT_L1,11,-0.0,false,lata
130,Spaten_Lata,Extrema,EXT_L1,12,-0.0,false,lata
130,Spaten_Lata,Extrema,EXT_L1,13,-0.0,false,lata
130,Spaten_Lata,Extrema,EXT_L1,14,-0.0,false,lata
130,Spaten_Lata,Extrema,EXT_L1,15,-0.286753,false,lata
130,Spaten_Lata,Extrema,EXT_L2,1,-0.0,false,lata
130,Spaten_Lata,Extrema,EXT_L2,2,-0.0,false,lata
130,Spaten_Lata,Extrema,EXT_L2,3,-0.0,false,lata
130,Spaten_Lata,Extrema,EXT_L2,4,-0.0,false,lata
130,Spaten_Lata,Extrema,EXT_L2,5,-0.0,false,lata
130,Spaten_Lata,Extrema,EXT_L2,6,-0.0,false,lata
130,Spaten_Lata,Extrema,EXT_L2,7,-0.0,false,lata
130,Spaten_Lata,Extrema,EXT_L2,8,-0.0,false,lata
130,Spaten_Lata,Extrema,EXT_L2,9,-0.0,false,lata
130,Spaten_Lata,Extrema,EXT_L2,10,-0.0,false,lata
130,Spaten_Lata,Extrema,EXT_L2,11,-0.0,false,lata
130,Spaten_Lata,Extrema,EXT_L2,12,-0.0,false,lata
130,Spaten_Lata,Extrema,EXT_L2,13,-0.0,false,lata
130,Spaten_Lata,Extrema,EXT_L2,14,-0.0,false,lata
130,Spaten_Lata,Extrema,EXT_L2,15,-0.286753,false,lata
130,Spaten_Lata,Extrema,EXT_L3,1,-0.0,false,lata
130,Spaten_Lata,Extrema,EXT_L3,2,-0.0,false,lata
130,Spaten_Lata,Extrema,EXT_L3,3,-0.0,false,lata
130,Spaten_Lata,Extrema,EXT_L3,4,-0.0,false,lata
130,Spaten_Lata,Extrema,EXT_L3,5,-0.0,false,lata
130,Spaten_Lata,Extrema,EXT_L3,6,-0.0,false,lata
130,Spaten_Lata,Extrema,EXT_L3,7,-0.0,false,lata
130,Spaten_Lata,Extrema,EXT_L3,8,-0.0,false,lata
130,Spaten_Lata,Extrema,EXT_L3,9,-0.0,false,lata
130,Spaten_Lata,Extrema,EXT_L3,10,-0.0,false,lata
130,Spaten_Lata,Extrema,EXT_L3,11,-0.0,false,lata
130,Spaten_Lata,Extrema,EXT_L3,12,-0.0,false,lata
130,Spaten_Lata,Extrema,EXT_L3,13,-0.0,false,lata
130,Spaten_Lata,Extrema,EXT_L3,14,-0.0,false,lata
130,Spaten_Lata,Extrema,EXT_L3,15,-0.286753,false,lata
130,Spaten_Lata,Tres Rios,TRE_L1,1,-0.0,false,lata
130,Spaten_Lata,Tres Rios,TRE_L1,2,-0.0,false,lata
130,Spaten_Lata,Tres Rios,TRE_L1,3,-0.0,false,lata
130,Spaten_Lata,Tres Rios,TRE_L1,4,-0.0,false,lata
130,Spaten_Lata,Tres Rios,TRE_L1,5,-0.0,false,lata
130,Spaten_Lata,Tres Rios,TRE_L1,6,-0.0,false,lata
130,Spaten_Lata,Tres Rios,TRE_L1,7,-0.0,false,lata
130,Spaten_Lata,Tres Rios,TRE_L1,8,-0.0,false,lata
130,Spaten_Lata,Tres Rios,TRE_L1,9,-0.0,false,lata
130,Spaten_Lata,Tres Rios,TRE_L1,10,-0.0,false,lata
130,Spaten_Lata,Tres Rios,TRE_L1,11,-0.0,false,lata
130,Spaten_Lata,Tres Rios,TRE_L1,12,-0.0,false,lata
130,Spaten_Lata,Tres Rios,TRE_L1,13,-0.0,false,lata
130,Spaten_Lata,Tres Rios,TRE_L1,14,-0.0,false,lata
130,Spaten_Lata,Tres Rios,TRE_L1,15,-0.29570935,false,lata
130,Spaten_Lata,Tres Rios,TRE_L2,1,-0.0,false,lata
130,Spaten_Lata,Tres Rios,TRE_L2,2,-0.0,false,lata
130,Spaten_Lata,Tres Rios,TRE_L2,3,-0.0,false,lata
130,Spaten_Lata,Tres Rios,TRE_L2,4,-0.0,false,lata
130,Spaten_Lata,Tres Rios,TRE_L2,5,-0.0,false,lata
130,Spaten_Lata,Tres Rios,TRE_L2,6,-0.0,false,lata
130,Spaten_Lata,Tres Rios,TRE_L2,7,-0.0,false,lata
130,Spaten_Lata,Tres Rios,TRE_L2,8,-0.0,false,lata
130,Spaten_Lata,Tres Rios,TRE_L2,9,-0.0,false,lata
130,Spaten_Lata,Tres Rios,TRE_L2,10,-0.0,false,lata
130,Spaten_Lata,Tres Rios,TRE_L2,11,-0.0,false,lata
130,Spaten_Lata,Tres Rios,TRE_L2,12,-0.0,false,lata
130,Spaten_Lata,Tres Rios,TRE_L2,13,-0.0,false,lata
130,Spaten_Lata,Tres Rios,TRE_L2,14,-0.0,false,lata
130,Spaten_Lata,Tres Rios,TRE_L2,15,-0.29570935,false,lata
130,Spaten_Lata,Tres Rios,TRE_L3,1,-0.0,false,lata
130,Spaten_Lata,Tres Rios,TRE_L3,2,-0.0,false,lata
130,Spaten_Lata,Tres Rios,TRE_L3,3,-0.0,false,lata
130,Spaten_Lata,Tres Rios,TRE_L3,4,-0.0,false,lata
130,Spaten_Lata,Tres Rios,TRE_L3,5,-0.0,false,lata
130,Spaten_Lata,Tres Rios,TRE_L3,6,-0.0,false,lata
130,Spaten_Lata,Tres Rios,TRE_L3,7,-0.0,false,lata
130,Spaten_Lata,Tres Rios,TRE_L3,8,-0.0,false,lata
130,Spaten_Lata,Tres Rios,TRE_L3,9,-0.0,false,lata
130,Spaten_Lata,Tres Rios,TRE_L3,10,-0.0,false,lata
130,Spaten_Lata,Tres Rios,TRE_L3,11,-999999.58257795,false,lata
130,Spaten_Lata,Tres Rios,TRE_L3,12,-0.0,false,lata
130,Spaten_Lata,Tres Rios,TRE_L3,13,-0.0,false,lata
130,Spaten_Lata,Tres Rios,TRE_L3,14,-0.0,false,lata
130,Spaten_Lata,Tres Rios,TRE_L3,15,-0.29570935,false,lata
130,Spaten_Lata,Alagoinhas,ALA_L1,1,-0.0,false,lata
130,Spaten_Lata,Alagoinhas,ALA_L1,2,-0.0,false,lata
130,Spaten_Lata,Alagoinhas,ALA_L1,3,-0.0,false,lata
130,Spaten_Lata,Alagoinhas,ALA_L1,4,-0.0,false,lata
130,Spaten_Lata,Alagoinhas,ALA_L1,5,-0.0,false,lata
130,Spaten_Lata,Alagoinhas,ALA_L1,6,-0.0,false,lata
130,Spaten_Lata,Alagoinhas,ALA_L1,7,-0.0,false,lata
130,Spaten_Lata,Alagoinhas,ALA_L1,8,-0.0,false,lata
130,Spaten_Lata,Alagoinhas,ALA_L1,9,-0.0,false,lata
130,Spaten_Lata,Alagoinhas,ALA_L1,10,-0.0,false,lata
130,Spaten_Lata,Alagoinhas,ALA_L1,11,-0.0,false,lata
130,Spaten_Lata,Alagoinhas,ALA_L1,12,-0.0,false,lata
130,Spaten_Lata,Alagoinhas,ALA_L1,13,-0.0,false,lata
130,Spaten_Lata,Alagoinhas,ALA_L1,14,-0.0,false,lata
130,Spaten_Lata,Alagoinhas,ALA_L1,15,-0.26674045,false,lata
130,Spaten_Lata,Alagoinhas,ALA_L2,1,-0.0,false,lata
130,Spaten_Lata,Alagoinhas,ALA_L2,2,-0.0,false,lata
130,Spaten_Lata,Alagoinhas,ALA_L2,3,-0.0,false,lata
130,Spaten_Lata,Alagoinhas,ALA_L2,4,-0.0,false,lata
130,Spaten_Lata,Alagoinhas,ALA_L2,5,-0.0,false,lata
130,Spaten_Lata,Alagoinhas,ALA_L2,6,-0.0,false,lata
130,Spaten_Lata,Alagoinhas,ALA_L2,7,-0.0,false,lata
130,Spaten_Lata,Alagoinhas,ALA_L2,8,-0.0,false,lata
130,Spaten_Lata,Alagoinhas,ALA_L2,9,-0.0,false,lata
130,Spaten_Lata,Alagoinhas,ALA_L2,10,-0.0,false,lata
130,Spaten_Lata,Alagoinhas,ALA_L2,11,-0.0,false,lata
130,Spaten_Lata,Alagoinhas,ALA_L2,12,-999999.812467,false,lata
130,Spaten_Lata,Alagoinhas,ALA_L2,13,-0.0,false,lata
130,Spaten_Lata,Alagoinhas,ALA_L2,14,-0.0,false,lata
130,Spaten_Lata,Alagoinhas,ALA_L2,15,-0.26674045,false,lata
130,Spaten_Lata,Alagoinhas,ALA_L3,1,-0.0,false,lata
130,Spaten_Lata,Alagoinhas,ALA_L3,2,-0.0,false,lata
130,Spaten_Lata,Alagoinhas,ALA_L3,3,-0.0,false,lata
130,Spaten_Lata,Alagoinhas,ALA_L3,4,-0.0,false,lata
130,Spaten_Lata,Alagoinhas,ALA_L3,5,-0.0,false,lata
130,Spaten_Lata,Alagoinhas,ALA_L3,6,-0.0,false,lata
130,Spaten_Lata,Alagoinhas,ALA_L3,7,-0.0,false,lata
130,Spaten_Lata,Alagoinhas,ALA_L3,8,-0.0,false,lata
130,Spaten_Lata,Alagoinhas,ALA_L3,9,-0.0,false,lata
130,Spaten_Lata,Alagoinhas,ALA_L3,10,-0.0,false,lata
130,Spaten_Lata,Alagoinhas,ALA_L3,11,-0.0,false,lata
130,Spaten_Lata,Alagoinhas,ALA_L3,12,-0.0,false,lata
130,Spaten_Lata,Alagoinhas,ALA_L3,13,-0.0,false,lata
130,Spaten_Lata,Alagoinhas,ALA_L3,14,-0.0,false,lata
130,Spaten_Lata,Alagoinhas,ALA_L3,15,-0.26674045,false,lata
130,Spaten_Lata,Frutal,FRU_L1,1,-0.0,false,lata
130,Spaten_Lata,Frutal,FRU_L1,2,-0.0,false,lata
130,Spaten_Lata,Frutal,FRU_L1,3,-0.0,false,lata
130,Spaten_Lata,Frutal,FRU_L1,4,-0.0,false,lata
130,Spaten_Lata,Frutal,FRU_L1,5,-0.0,false,lata
130,Spaten_Lata,Frutal,FRU_L1,6,-0.0,false,lata
130,Spaten_Lata,Frutal,FRU_L1,7,-999999.3112025999,false,lata
130,Spaten_Lata,Frutal,FRU_L1,8,-0.0,false,lata
130,Spaten_Lata,Frutal,FRU_L1,9,-0.0,false,lata
130,Spaten_Lata,Frutal,FRU_L1,10,-0.0,false,lata
130,Spaten_Lata,Frutal,FRU_L1,11,-0.0,false,lata
130,Spaten_Lata,Frutal,FRU_L1,12,-0.0,false,lata
130,Spaten_Lata,Frutal,FRU_L1,13,-0.0,false,lata
130,Spaten_Lata,Frutal,FRU_L1,14,-0.0,false,lata
130,Spaten_Lata,Frutal,FRU_L1,15,-0.3007998,false,lata
130,Spaten_Lata,Frutal,FRU_L2,1,-0.0,false,lata
130,Spaten_Lata,Frutal,FRU_L2,2,-0.0,false,lata
130,Spaten_Lata,Frutal,FRU_L2,3,-0.0,false,lata
130,Spaten_Lata,Frutal,FRU_L2,4,-0.0,false,lata
130,Spaten_Lata,Frutal,FRU_L2,5,-0.0,false,lata
130,Spaten_Lata,Frutal,FRU_L2,6,-0.0,false,lata
130,Spaten_Lata,Frutal,FRU_L2,7,-0.0,false,lata
130,Spaten_Lata,Frutal,FRU_L2,8,-0.0,false,lata
130,Spaten_Lata,Frutal,FRU_L2,9,-0.0,false,lata
130,Spaten_Lata,Frutal,FRU_L2,10,-0.0,false,lata
130,Spaten_Lata,Frutal,FRU_L2,11,-0.0,false,lata
130,Spaten_Lata,Frutal,FRU_L2,12,-0.0,false,lata
130,Spaten_Lata,Frutal,FRU_L2,13,-0.0,false,lata
130,Spaten_Lata,Frutal,FRU_L2,14,-0.0,false,lata
130,Spaten_Lata,Frutal,FRU_L2,15,-0.3007998,false,lata
130,Spaten_Lata,Frutal,FRU_L3,1,-0.0,false,lata
130,Spaten_Lata,Frutal,FRU_L3,2,-0.0,false,lata
130,Spaten_Lata,Frutal,FRU_L3,3,-0.0,false,lata
130,Spaten_Lata,Frutal,FRU_L3,4,-999999.1252249501,false,lata
130,Spaten_Lata,Frutal,FRU_L3,5,-0.0,false,lata
130,Spaten_Lata,Frutal,FRU_L3,6,-0.0,false,lata
130,Spaten_Lata,Frutal,FRU_L3,7,-0.0,false,lata
130,Spaten_Lata,Frutal,FRU_L3,8,-0.0,false,lata
130,Spaten_Lata,Frutal,FRU_L3,9,-999999.0626929001,false,lata
130,Spaten_Lata,Frutal,FRU_L3,10,-0.0,false,lata
130,Spaten_Lata,Frutal,FRU_L3,11,-0.0,false,lata
130,Spaten_Lata,Frutal,FRU_L3,12,-0.0,false,lata
130,Spaten_Lata,Frutal,FRU_L3,13,-999999.7159993001,false,lata
130,Spaten_Lata,Frutal,FRU_L3,14,-0.0,false,lata
130,Spaten_Lata,Frutal,FRU_L3,15,-0.3007998,false,lata
130,Spaten_Lata,Pouso Alegre,POU_L1,1,-0.0,false,lata
130,Spaten_Lata,Pouso Alegre,POU_L1,2,-0.0,false,lata
130,Spaten_Lata,Pouso Alegre,POU_L1,3,-0.0,false,lata
130,Spaten_Lata,Pouso Alegre,POU_L1,4,-0.0,false,lata
130,Spaten_Lata,Pouso Alegre,POU_L1,5,-0.0,false,lata
130,Spaten_Lata,Pouso Alegre,POU_L1,6,-0.0,false,lata
130,Spaten_Lata,Pouso Alegre,POU_L1,7,-0.0,false,lata
130,Spaten_Lata,Pouso Alegre,POU_L1,8,-0.0,false,lata
130,Spaten_Lata,Pouso Alegre,POU_L1,9,-0.0,false,lata
130,Spaten_Lata,Pouso Alegre,POU_L1,10,-0.0,false,lata
130,Spaten_Lata,Pouso Alegre,POU_L1,11,-0.0,false,lata
130,Spaten_Lata,Pouso Alegre,POU_L1,12,-999999.8562977,false,lata
130,Spaten_Lata,Pouso Alegre,POU_L1,13,-0.0,false,lata
130,Spaten_Lata,Pouso Alegre,POU_L1,14,-0.0,false,lata
130,Spaten_Lata,Pouso Alegre,POU_L1,15,-0.2838,false,lata
130,Spaten_Lata,Pouso Alegre,POU_L2,1,-0.0,false,lata
130,Spaten_Lata,Pouso Alegre,POU_L2,2,-0.0,false,lata
130,Spaten_Lata,Pouso Alegre,POU_L2,3,-0.0,false,lata
130,Spaten_Lata,Pouso Alegre,POU_L2,4,-0.0,false,lata
130,Spaten_Lata,Pouso Alegre,POU_L2,5,-0.0,false,lata
130,Spaten_Lata,Pouso Alegre,POU_L2,6,-0.0,false,lata
130,Spaten_Lata,Pouso Alegre,POU_L2,7,-0.0,false,lata
130,Spaten_Lata,Pouso Alegre,POU_L2,8,-0.0,false,lata
130,Spaten_Lata,Pouso Alegre,POU_L2,9,-0.0,false,lata
130,Spaten_Lata,Pouso Alegre,POU_L2,10,-0.0,false,lata
130,Spaten_Lata,Pouso Alegre,POU_L2,11,-0.0,false,lata
130,Spaten_Lata,Pouso Alegre,POU_L2,12,-0.0,false,lata
130,Spaten_Lata,Pouso Alegre,POU_L2,13,-999999.6996487501,false,lata
130,Spaten_Lata,Pouso Alegre,POU_L2,14,-0.0,false,lata
130,Spaten_Lata,Pouso Alegre,POU_L2,15,-0.28970599999999996,false,lata
130,Spaten_Lata,Pouso Alegre,POU_L3,1,-0.0,false,lata
130,Spaten_Lata,Pouso Alegre,POU_L3,2,-0.0,false,lata
130,Spaten_Lata,Pouso Alegre,POU_L3,3,-0.0,false,lata
130,Spaten_Lata,Pouso Alegre,POU_L3,4,-0.0,false,lata
130,Spaten_Lata,Pouso Alegre,POU_L3,5,-0.0,false,lata
130,Spaten_Lata,Pouso Alegre,POU_L3,6,-0.0,false,lata
130,Spaten_Lata,Pouso Alegre,POU_L3,7,-0.0,false,lata
130,Spaten_Lata,Pouso Alegre,POU_L3,8,-0.0,false,lata
130,Spaten_Lata,Pouso Alegre,POU_L3,9,-0.0,false,lata
130,Spaten_Lata,Pouso Alegre,POU_L3,10,-0.0,false,lata
130,Spaten_Lata,Pouso Alegre,POU_L3,11,-0.0,false,lata
130,Spaten_Lata,Pouso Alegre,POU_L3,12,-0.0,false,lata
130,Spaten_Lata,Pouso Alegre,POU_L3,13,-0.0,false,lata
130,Spaten_Lata,Pouso Alegre,POU_L3,14,-999999.9570195001,false,lata
130,Spaten_Lata,Pouso Alegre,POU_L3,15,-0.28970599999999996,false,lata
130,Spaten_Lata,Gama,GAM_L1,1,-0.0,false,lata
130,Spaten_Lata,Gama,GAM_L1,2,-0.0,false,lata
130,Spaten_Lata,Gama,GAM_L1,3,-0.0,false,lata
130,Spaten_Lata,Gama,GAM_L1,4,-0.0,false,lata
130,Spaten_Lata,Gama,GAM_L1,5,-0.0,false,lata
130,Spaten_Lata,Gama,GAM_L1,6,-0.0,false,lata
130,Spaten_Lata,Gama,GAM_L1,7,-0.0,false,lata
130,Spaten_Lata,Gama,GAM_L1,8,-0.0,false,lata
130,Spaten_Lata,Gama,GAM_L1,9,-0.0,false,lata
130,Spaten_Lata,Gama,GAM_L1,10,-0.0,false,lata
130,Spaten_Lata,Gama,GAM_L1,11,-0.0,false,lata
130,Spaten_Lata,Gama,GAM_L1,12,-999999.8587304499,false,lata
130,Spaten_Lata,Gama,GAM_L1,13,-999999.7020815001,false,lata
130,Spaten_Lata,Gama,GAM_L1,14,-0.0,false,lata
130,Spaten_Lata,Gama,GAM_L1,15,-0.3130039,false,lata
130,Spaten_Lata,Gama,GAM_L2,1,-0.0,false,lata
130,Spaten_Lata,Gama,GAM_L2,2,-0.0,false,lata
130,Spaten_Lata,Gama,GAM_L2,3,-0.0,false,lata
130,Spaten_Lata,Gama,GAM_L2,4,-0.0,false,lata
130,Spaten_Lata,Gama,GAM_L2,5,-0.0,false,lata
130,Spaten_Lata,Gama,GAM_L2,6,-0.0,false,lata
130,Spaten_Lata,Gama,GAM_L2,7,-0.0,false,lata
130,Spaten_Lata,Gama,GAM_L2,8,-0.0,false,lata
130,Spaten_Lata,Gama,GAM_L2,9,-0.0,false,lata
130,Spaten_Lata,Gama,GAM_L2,10,-999999.29113045,false,lata
130,Spaten_Lata,Gama,GAM_L2,11,-0.0,false,lata
130,Spaten_Lata,Gama,GAM_L2,12,-0.0,false,lata
130,Spaten_Lata,Gama,GAM_L2,13,-0.0,false,lata
130,Spaten_Lata,Gama,GAM_L2,14,-0.0,false,lata
130,Spaten_Lata,Gama,GAM_L2,15,-0.3130039,false,lata
130,Spaten_Lata,Gama,GAM_L3,1,-0.0,false,lata
130,Spaten_Lata,Gama,GAM_L3,2,-0.0,false,lata
130,Spaten_Lata,Gama,GAM_L3,3,-0.0,false,lata
130,Spaten_Lata,Gama,GAM_L3,4,-0.0,false,lata
130,Spaten_Lata,Gama,GAM_L3,5,-0.0,false,lata
130,Spaten_Lata,Gama,GAM_L3,6,-0.0,false,lata
130,Spaten_Lata,Gama,GAM_L3,7,-0.0,false,lata
130,Spaten_Lata,Gama,GAM_L3,8,-0.0,false,lata
130,Spaten_Lata,Gama,GAM_L3,9,-0.0,false,lata
130,Spaten_Lata,Gama,GAM_L3,10,-0.0,false,lata
130,Spaten_Lata,Gama,GAM_L3,11,-0.0,false,lata
130,Spaten_Lata,Gama,GAM_L3,12,-0.0,false,lata
130,Spaten_Lata,Gama,GAM_L3,13,-0.0,false,lata
130,Spaten_Lata,Gama,GAM_L3,14,-0.0,false,lata
130,Spaten_Lata,Gama,GAM_L3,15,-0.3057,false,lata
130,Spaten_Lata,Viamao,VIA_L1,1,-0.0,false,lata
130,Spaten_Lata,Viamao,VIA_L1,2,-0.0,false,lata
130,Spaten_Lata,Viamao,VIA_L1,3,-0.0,false,lata
130,Spaten_Lata,Viamao,VIA_L1,4,-0.0,false,lata
130,Spaten_Lata,Viamao,VIA_L1,5,-0.0,false,lata
130,Spaten_Lata,Viamao,VIA_L1,6,-0.0,false,lata
130,Spaten_Lata,Viamao,VIA_L1,7,-0.0,false,lata
130,Spaten_Lata,Viamao,VIA_L1,8,-0.0,false,lata
130,Spaten_Lata,Viamao,VIA_L1,9,-0.0,false,lata
130,Spaten_Lata,Viamao,VIA_L1,10,-0.0,false,lata
130,Spaten_Lata,Viamao,VIA_L1,11,-0.0,false,lata
130,Spaten_Lata,Viamao,VIA_L1,12,-0.0,false,lata
130,Spaten_Lata,Viamao,VIA_L1,13,-0.0,false,lata
130,Spaten_Lata,Viamao,VIA_L1,14,-0.0,false,lata
130,Spaten_Lata,Viamao,VIA_L1,15,-0.3266288,false,lata
130,Spaten_Lata,Viamao,VIA_L2,1,-0.0,false,lata
130,Spaten_Lata,Viamao,VIA_L2,2,-0.0,false,lata
130,Spaten_Lata,Viamao,VIA_L2,3,-0.0,false,lata
130,Spaten_Lata,Viamao,VIA_L2,4,-0.0,false,lata
130,Spaten_Lata,Viamao,VIA_L2,5,-0.0,false,lata
130,Spaten_Lata,Viamao,VIA_L2,6,-0.0,false,lata
130,Spaten_Lata,Viamao,VIA_L2,7,-999999.3598335999,false,lata
130,Spaten_Lata,Viamao,VIA_L2,8,-0.0,false,lata
130,Spaten_Lata,Viamao,VIA_L2,9,-0.0,false,lata
130,Spaten_Lata,Viamao,VIA_L2,10,-0.0,false,lata
130,Spaten_Lata,Viamao,VIA_L2,11,-0.0,false,lata
130,Spaten_Lata,Viamao,VIA_L2,12,-0.0,false,lata
130,Spaten_Lata,Viamao,VIA_L2,13,-999999.7312799501,false,lata
130,Spaten_Lata,Viamao,VIA_L2,14,-999999.98939945,false,lata
130,Spaten_Lata,Viamao,VIA_L2,15,-0.3266288,false,lata
130,Spaten_Lata,Viamao,VIA_L3,1,-0.0,false,lata
130,Spaten_Lata,Viamao,VIA_L3,2,-999999.3936286002,false,lata
130,Spaten_Lata,Viamao,VIA_L3,3,-999999.3584834499,false,lata
130,Spaten_Lata,Viamao,VIA_L3,4,-0.0,false,lata
130,Spaten_Lata,Viamao,VIA_L3,5,-0.0,false,lata
130,Spaten_Lata,Viamao,VIA_L3,6,-0.0,false,lata
130,Spaten_Lata,Viamao,VIA_L3,7,-0.0,false,lata
130,Spaten_Lata,Viamao,VIA_L3,8,-999999.4115388001,false,lata
130,Spaten_Lata,Viamao,VIA_L3,9,-0.0,false,lata
130,Spaten_Lata,Viamao,VIA_L3,10,-0.0,false,lata
130,Spaten_Lata,Viamao,VIA_L3,11,-0.0,false,lata
130,Spaten_Lata,Viamao,VIA_L3,12,-0.0,false,lata
130,Spaten_Lata,Viamao,VIA_L3,13,-0.0,false,lata
130,Spaten_Lata,Viamao,VIA_L3,14,-0.0,false,lata
130,Spaten_Lata,Viamao,VIA_L3,15,-0.3266288,false,lata
130,Spaten_Lata,Itupeva,ITU_L1,1,-0.0,false,lata
130,Spaten_Lata,Itupeva,ITU_L1,2,-0.0,false,lata
130,Spaten_Lata,Itupeva,ITU_L1,3,-0.0,false,lata
130,Spaten_Lata,Itupeva,ITU_L1,4,-0.0,false,lata
130,Spaten_Lata,Itupeva,ITU_L1,5,-0.0,false,lata
130,Spaten_Lata,Itupeva,ITU_L1,6,-999999.0331024999,false,lata
130,Spaten_Lata,Itupeva,ITU_L1,7,-0.0,false,lata
130,Spaten_Lata,Itupeva,ITU_L1,8,-0.0,false,lata
130,Spaten_Lata,Itupeva,ITU_L1,9,-999999.0457954,false,lata
130,Spaten_Lata,Itupeva,ITU_L1,10,-0.0,false,lata
130,Spaten_Lata,Itupeva,ITU_L1,11,-0.0,false,lata
130,Spaten_Lata,Itupeva,ITU_L1,12,-0.0,false,lata
130,Spaten_Lata,Itupeva,ITU_L1,13,-0.0,false,lata
130,Spaten_Lata,Itupeva,ITU_L1,14,-0.0,false,lata
130,Spaten_Lata,Itupeva,ITU_L1,15,-0.29027965,false,lata
130,Spaten_Lata,Itupeva,ITU_L2,1,-0.0,false,lata
130,Spaten_Lata,Itupeva,ITU_L2,2,-0.0,false,lata
130,Spaten_Lata,Itupeva,ITU_L2,3,-0.0,false,lata
130,Spaten_Lata,Itupeva,ITU_L2,4,-0.0,false,lata
130,Spaten_Lata,Itupeva,ITU_L2,5,-999999.0611064499,false,lata
130,Spaten_Lata,Itupeva,ITU_L2,6,-0.0,false,lata
130,Spaten_Lata,Itupeva,ITU_L2,7,-0.0,false,lata
130,Spaten_Lata,Itupeva,ITU_L2,8,-0.0,false,lata
130,Spaten_Lata,Itupeva,ITU_L2,9,-0.0,false,lata
130,Spaten_Lata,Itupeva,ITU_L2,10,-0.0,false,lata
130,Spaten_Lata,Itupeva,ITU_L2,11,-0.0,false,lata
130,Spaten_Lata,Itupeva,ITU_L2,12,-0.0,false,lata
130,Spaten_Lata,Itupeva,ITU_L2,13,-0.0,false,lata
130,Spaten_Lata,Itupeva,ITU_L2,14,-0.0,false,lata
130,Spaten_Lata,Itupeva,ITU_L2,15,-0.29027965,false,lata
130,Spaten_Lata,Itupeva,ITU_L3,1,-999999.0668975002,false,lata
130,Spaten_Lata,Itupeva,ITU_L3,2,-0.0,false,lata
130,Spaten_Lata,Itupeva,ITU_L3,3,-0.0,false,lata
130,Spaten_Lata,Itupeva,ITU_L3,4,-0.0,false,lata
130,Spaten_Lata,Itupeva,ITU_L3,5,-0.0,false,lata
130,Spaten_Lata,Itupeva,ITU_L3,6,-0.0,false,lata
130,Spaten_Lata,Itupeva,ITU_L3,7,-999999.3234844499,false,lata
130,Spaten_Lata,Itupeva,ITU_L3,8,-0.0,false,lata
130,Spaten_Lata,Itupeva,ITU_L3,9,-0.0,false,lata
130,Spaten_Lata,Itupeva,ITU_L3,10,-0.0,false,lata
130,Spaten_Lata,Itupeva,ITU_L3,11,-0.0,false,lata
130,Spaten_Lata,Itupeva,ITU_L3,12,-0.0,false,lata
130,Spaten_Lata,Itupeva,ITU_L3,13,-0.0,false,lata
130,Spaten_Lata,Itupeva,ITU_L3,14,-0.0,false,lata
130,Spaten_Lata,Itupeva,ITU_L3,15,-0.29027965,false,lata
130,Spaten_Lata,Cabo de Santo Agostinho,CAB_L1,1,-0.0,false,lata
130,Spaten_Lata,Cabo de Santo Agostinho,CAB_L1,2,-0.0,false,lata
130,Spaten_Lata,Cabo de Santo Agostinho,CAB_L1,3,-0.0,false,lata
130,Spaten_Lata,Cabo de Santo Agostinho,CAB_L1,4,-0.0,false,lata
130,Spaten_Lata,Cabo de Santo Agostinho,CAB_L1,5,-999999.1283306499,false,lata
130,Spaten_Lata,Cabo de Santo Agostinho,CAB_L1,6,-0.0,false,lata
130,Spaten_Lata,Cabo de Santo Agostinho,CAB_L1,7,-0.0,false,lata
130,Spaten_Lata,Cabo de Santo Agostinho,CAB_L1,8,-0.0,false,lata
130,Spaten_Lata,Cabo de Santo Agostinho,CAB_L1,9,-0.0,false,lata
130,Spaten_Lata,Cabo de Santo Agostinho,CAB_L1,10,-999999.3558196,false,lata
130,Spaten_Lata,Cabo de Santo Agostinho,CAB_L1,11,-0.0,false,lata
130,Spaten_Lata,Cabo de Santo Agostinho,CAB_L1,12,-0.0,false,lata
130,Spaten_Lata,Cabo de Santo Agostinho,CAB_L1,13,-0.0,false,lata
130,Spaten_Lata,Cabo de Santo Agostinho,CAB_L1,14,-0.0,false,lata
130,Spaten_Lata,Cabo de Santo Agostinho,CAB_L1,15,-0.2428,false,lata
130,Spaten_Lata,Cabo de Santo Agostinho,CAB_L2,1,-0.0,false,lata
130,Spaten_Lata,Cabo de Santo Agostinho,CAB_L2,2,-0.0,false,lata
130,Spaten_Lata,Cabo de Santo Agostinho,CAB_L2,3,-0.0,false,lata
130,Spaten_Lata,Cabo de Santo Agostinho,CAB_L2,4,-999999.1755516501,false,lata
130,Spaten_Lata,Cabo de Santo Agostinho,CAB_L2,5,-0.0,false,lata
130,Spaten_Lata,Cabo de Santo Agostinho,CAB_L2,6,-0.0,false,lata
130,Spaten_Lata,Cabo de Santo Agostinho,CAB_L2,7,-0.0,false,lata
130,Spaten_Lata,Cabo de Santo Agostinho,CAB_L2,8,-0.0,false,lata
130,Spaten_Lata,Cabo de Santo Agostinho,CAB_L2,9,-0.0,false,lata
130,Spaten_Lata,Cabo de Santo Agostinho,CAB_L2,10,-0.0,false,lata
130,Spaten_Lata,Cabo de Santo Agostinho,CAB_L2,11,-0.0,false,lata
130,Spaten_Lata,Cabo de Santo Agostinho,CAB_L2,12,-0.0,false,lata
130,Spaten_Lata,Cabo de Santo Agostinho,CAB_L2,13,-0.0,false,lata
130,Spaten_Lata,Cabo de Santo Agostinho,CAB_L2,14,-0.0,false,lata
130,Spaten_Lata,Cabo de Santo Agostinho,CAB_L2,15,-0.2906809,false,lata
130,Spaten_Lata,Cabo de Santo Agostinho,CAB_L3,1,-0.0,false,lata
130,Spaten_Lata,Cabo de Santo Agostinho,CAB_L3,2,-0.0,false,lata
130,Spaten_Lata,Cabo de Santo Agostinho,CAB_L3,3,-0.0,false,lata
130,Spaten_Lata,Cabo de Santo Agostinho,CAB_L3,4,-0.0,false,lata
130,Spaten_Lata,Cabo de Santo Agostinho,CAB_L3,5,-0.0,false,lata
130,Spaten_Lata,Cabo de Santo Agostinho,CAB_L3,6,-0.0,false,lata
130,Spaten_Lata,Cabo de Santo Agostinho,CAB_L3,7,-0.0,false,lata
130,Spaten_Lata,Cabo de Santo Agostinho,CAB_L3,8,-999999.4470295002,false,lata
130,Spaten_Lata,Cabo de Santo Agostinho,CAB_L3,9,-0.0,false,lata
130,Spaten_Lata,Cabo de Santo Agostinho,CAB_L3,10,-0.0,false,lata
130,Spaten_Lata,Cabo de Santo Agostinho,CAB_L3,11,-0.0,false,lata
130,Spaten_Lata,Cabo de Santo Agostinho,CAB_L3,12,-0.0,false,lata
130,Spaten_Lata,Cabo de Santo Agostinho,CAB_L3,13,-0.0,false,lata
130,Spaten_Lata,Cabo de Santo Agostinho,CAB_L3,14,-0.0,false,lata
130,Spaten_Lata,Cabo de Santo Agostinho,CAB_L3,15,-0.2906809,false,lata
130,Pepsi_Black,Jacarei,JAC_L1,1,-0.0,false,lata
130,Pepsi_Black,Jacarei,JAC_L1,2,-0.0,false,lata
130,Pepsi_Black,Jacarei,JAC_L1,3,-0.0,false,lata
130,Pepsi_Black,Jacarei,JAC_L1,4,-0.0,false,lata
130,Pepsi_Black,Jacarei,JAC_L1,5,-0.0,false,lata
130,Pepsi_Black,Jacarei,JAC_L1,6,-0.0,false,lata
130,Pepsi_Black,Jacarei,JAC_L1,7,-0.0,false,lata
130,Pepsi_Black,Jacarei,JAC_L1,8,-0.0,false,lata
130,Pepsi_Black,Jacarei,JAC_L1,9,-0.0,false,lata
130,Pepsi_Black,Jacarei,JAC_L1,10,-0.0,false,lata
130,Pepsi_Black,Jacarei,JAC_L1,11,-0.0,false,lata
130,Pepsi_Black,Jacarei,JAC_L1,12,-0.0,false,lata
130,Pepsi_Black,Jacarei,JAC_L1,13,-0.0,false,lata
130,Pepsi_Black,Jacarei,JAC_L1,14,-0.0,false,lata
130,Pepsi_Black,Jacarei,JAC_L1,15,-0.25626005,false,lata
130,Pepsi_Black,Jacarei,JAC_L2,1,-0.0,false,lata
130,Pepsi_Black,Jacarei,JAC_L2,2,-0.0,false,lata
130,Pepsi_Black,Jacarei,JAC_L2,3,-0.0,false,lata
130,Pepsi_Black,Jacarei,JAC_L2,4,-0.0,false,lata
130,Pepsi_Black,Jacarei,JAC_L2,5,-0.0,false,lata
130,Pepsi_Black,Jacarei,JAC_L2,6,-0.0,false,lata
130,Pepsi_Black,Jacarei,JAC_L2,7,-0.0,false,lata
130,Pepsi_Black,Jacarei,JAC_L2,8,-0.0,false,lata
130,Pepsi_Black,Jacarei,JAC_L2,9,-0.0,false,lata
130,Pepsi_Black,Jacarei,JAC_L2,10,-0.0,false,lata
130,Pepsi_Black,Jacarei,JAC_L2,11,-0.0,false,lata
130,Pepsi_Black,Jacarei,JAC_L2,12,-0.0,false,lata
130,Pepsi_Black,Jacarei,JAC_L2,13,-0.0,false,lata
130,Pepsi_Black,Jacarei,JAC_L2,14,-0.0,false,lata
130,Pepsi_Black,Jacarei,JAC_L2,15,-0.25626005,false,lata
130,Pepsi_Black,Jacarei,JAC_L3,1,-0.0,false,lata
130,Pepsi_Black,Jacarei,JAC_L3,2,-0.0,false,lata
130,Pepsi_Black,Jacarei,JAC_L3,3,-0.0,false,lata
130,Pepsi_Black,Jacarei,JAC_L3,4,-0.0,false,lata
130,Pepsi_Black,Jacarei,JAC_L3,5,-0.0,false,lata
130,Pepsi_Black,Jacarei,JAC_L3,6,-0.0,false,lata
130,Pepsi_Black,Jacarei,JAC_L3,7,-0.0,false,lata
130,Pepsi_Black,Jacarei,JAC_L3,8,-0.0,false,lata
130,Pepsi_Black,Jacarei,JAC_L3,9,-0.0,false,lata
130,Pepsi_Black,Jacarei,JAC_L3,10,-0.0,false,lata
130,Pepsi_Black,Jacarei,JAC_L3,11,-0.0,false,lata
130,Pepsi_Black,Jacarei,JAC_L3,12,-0.0,false,lata
130,Pepsi_Black,Jacarei,JAC_L3,13,-0.0,false,lata
130,Pepsi_Black,Jacarei,JAC_L3,14,-0.0,false,lata
130,Pepsi_Black,Jacarei,JAC_L3,15,-0.25626005,false,lata
130,Pepsi_Black,Extrema,EXT_L1,1,-0.0,false,lata
130,Pepsi_Black,Extrema,EXT_L1,2,-0.0,false,lata
130,Pepsi_Black,Extrema,EXT_L1,3,-0.0,false,lata
130,Pepsi_Black,Extrema,EXT_L1,4,-1.0e6,true,lata
130,Pepsi_Black,Extrema,EXT_L1,5,-0.0,false,lata
130,Pepsi_Black,Extrema,EXT_L1,6,-0.0,false,lata
130,Pepsi_Black,Extrema,EXT_L1,7,-0.0,false,lata
130,Pepsi_Black,Extrema,EXT_L1,8,-0.0,false,lata
130,Pepsi_Black,Extrema,EXT_L1,9,-0.0,false,lata
130,Pepsi_Black,Extrema,EXT_L1,10,-0.0,false,lata
130,Pepsi_Black,Extrema,EXT_L1,11,-0.0,false,lata
130,Pepsi_Black,Extrema,EXT_L1,12,-0.0,false,lata
130,Pepsi_Black,Extrema,EXT_L1,13,-1.0e6,true,lata
130,Pepsi_Black,Extrema,EXT_L1,14,-1.0e6,true,lata
130,Pepsi_Black,Extrema,EXT_L1,15,-0.254453,false,lata
130,Pepsi_Black,Extrema,EXT_L2,1,-0.0,false,lata
130,Pepsi_Black,Extrema,EXT_L2,2,-0.0,false,lata
130,Pepsi_Black,Extrema,EXT_L2,3,-0.0,false,lata
130,Pepsi_Black,Extrema,EXT_L2,4,-0.0,false,lata
130,Pepsi_Black,Extrema,EXT_L2,5,-0.0,false,lata
130,Pepsi_Black,Extrema,EXT_L2,6,-0.0,false,lata
130,Pepsi_Black,Extrema,EXT_L2,7,-0.0,false,lata
130,Pepsi_Black,Extrema,EXT_L2,8,-0.0,false,lata
130,Pepsi_Black,Extrema,EXT_L2,9,-0.0,false,lata
130,Pepsi_Black,Extrema,EXT_L2,10,-0.0,false,lata
130,Pepsi_Black,Extrema,EXT_L2,11,-0.0,false,lata
130,Pepsi_Black,Extrema,EXT_L2,12,-0.0,false,lata
130,Pepsi_Black,Extrema,EXT_L2,13,-0.0,false,lata
130,Pepsi_Black,Extrema,EXT_L2,14,-0.0,false,lata
130,Pepsi_Black,Extrema,EXT_L2,15,-0.254453,false,lata
130,Pepsi_Black,Extrema,EXT_L3,1,-0.0,false,lata
130,Pepsi_Black,Extrema,EXT_L3,2,-0.0,false,lata
130,Pepsi_Black,Extrema,EXT_L3,3,-0.0,false,lata
130,Pepsi_Black,Extrema,EXT_L3,4,-1.0e6,true,lata
130,Pepsi_Black,Extrema,EXT_L3,5,-0.0,false,lata
130,Pepsi_Black,Extrema,EXT_L3,6,-0.0,false,lata
130,Pepsi_Black,Extrema,EXT_L3,7,-1.0e6,true,lata
130,Pepsi_Black,Extrema,EXT_L3,8,-0.0,false,lata
130,Pepsi_Black,Extrema,EXT_L3,9,-0.0,false,lata
130,Pepsi_Black,Extrema,EXT_L3,10,-0.0,false,lata
130,Pepsi_Black,Extrema,EXT_L3,11,-1.0e6,true,lata
130,Pepsi_Black,Extrema,EXT_L3,12,-0.0,false,lata
130,Pepsi_Black,Extrema,EXT_L3,13,-0.0,false,lata
130,Pepsi_Black,Extrema,EXT_L3,14,-0.0,false,lata
130,Pepsi_Black,Extrema,EXT_L3,15,-0.254453,false,lata
130,Pepsi_Black,Tres Rios,TRE_L1,1,-0.0,false,lata
130,Pepsi_Black,Tres Rios,TRE_L1,2,-0.0,false,lata
130,Pepsi_Black,Tres Rios,TRE_L1,3,-0.0,false,lata
130,Pepsi_Black,Tres Rios,TRE_L1,4,-0.0,false,lata
130,Pepsi_Black,Tres Rios,TRE_L1,5,-0.0,false,lata
130,Pepsi_Black,Tres Rios,TRE_L1,6,-0.0,false,lata
130,Pepsi_Black,Tres Rios,TRE_L1,7,-0.0,false,lata
130,Pepsi_Black,Tres Rios,TRE_L1,8,-0.0,false,lata
130,Pepsi_Black,Tres Rios,TRE_L1,9,-0.0,false,lata
130,Pepsi_Black,Tres Rios,TRE_L1,10,-0.0,false,lata
130,Pepsi_Black,Tres Rios,TRE_L1,11,-0.0,false,lata
130,Pepsi_Black,Tres Rios,TRE_L1,12,-0.0,false,lata
130,Pepsi_Black,Tres Rios,TRE_L1,13,-0.0,false,lata
130,Pepsi_Black,Tres Rios,TRE_L1,14,-0.0,false,lata
130,Pepsi_Black,Tres Rios,TRE_L1,15,-0.26340935,false,lata
130,Pepsi_Black,Tres Rios,TRE_L2,1,-0.0,false,lata
130,Pepsi_Black,Tres Rios,TRE_L2,2,-0.0,false,lata
130,Pepsi_Black,Tres Rios,TRE_L2,3,-0.0,false,lata
130,Pepsi_Black,Tres Rios,TRE_L2,4,-0.0,false,lata
130,Pepsi_Black,Tres Rios,TRE_L2,5,-0.0,false,lata
130,Pepsi_Black,Tres Rios,TRE_L2,6,-0.0,false,lata
130,Pepsi_Black,Tres Rios,TRE_L2,7,-0.0,false,lata
130,Pepsi_Black,Tres Rios,TRE_L2,8,-0.0,false,lata
130,Pepsi_Black,Tres Rios,TRE_L2,9,-0.0,false,lata
130,Pepsi_Black,Tres Rios,TRE_L2,10,-1.0e6,true,lata
130,Pepsi_Black,Tres Rios,TRE_L2,11,-0.0,false,lata
130,Pepsi_Black,Tres Rios,TRE_L2,12,-0.0,false,lata
130,Pepsi_Black,Tres Rios,TRE_L2,13,-1.0e6,true,lata
130,Pepsi_Black,Tres Rios,TRE_L2,14,-0.0,false,lata
130,Pepsi_Black,Tres Rios,TRE_L2,15,-0.24655525,false,lata
130,Pepsi_Black,Tres Rios,TRE_L3,1,-0.0,false,lata
130,Pepsi_Black,Tres Rios,TRE_L3,2,-0.0,false,lata
130,Pepsi_Black,Tres Rios,TRE_L3,3,-0.0,false,lata
130,Pepsi_Black,Tres Rios,TRE_L3,4,-0.0,false,lata
130,Pepsi_Black,Tres Rios,TRE_L3,5,-0.0,false,lata
130,Pepsi_Black,Tres Rios,TRE_L3,6,-0.0,false,lata
130,Pepsi_Black,Tres Rios,TRE_L3,7,-1.0e6,true,lata
130,Pepsi_Black,Tres Rios,TRE_L3,8,-0.0,false,lata
130,Pepsi_Black,Tres Rios,TRE_L3,9,-0.0,false,lata
130,Pepsi_Black,Tres Rios,TRE_L3,10,-0.0,false,lata
130,Pepsi_Black,Tres Rios,TRE_L3,11,-0.0,false,lata
130,Pepsi_Black,Tres Rios,TRE_L3,12,-0.0,false,lata
130,Pepsi_Black,Tres Rios,TRE_L3,13,-1.0e6,true,lata
130,Pepsi_Black,Tres Rios,TRE_L3,14,-0.0,false,lata
130,Pepsi_Black,Tres Rios,TRE_L3,15,-0.26340935,false,lata
130,Pepsi_Black,Alagoinhas,ALA_L1,1,-0.0,false,lata
130,Pepsi_Black,Alagoinhas,ALA_L1,2,-0.0,false,lata
130,Pepsi_Black,Alagoinhas,ALA_L1,3,-0.0,false,lata
130,Pepsi_Black,Alagoinhas,ALA_L1,4,-0.0,false,lata
130,Pepsi_Black,Alagoinhas,ALA_L1,5,-0.0,false,lata
130,Pepsi_Black,Alagoinhas,ALA_L1,6,-0.0,false,lata
130,Pepsi_Black,Alagoinhas,ALA_L1,7,-0.0,false,lata
130,Pepsi_Black,Alagoinhas,ALA_L1,8,-0.0,false,lata
130,Pepsi_Black,Alagoinhas,ALA_L1,9,-0.0,false,lata
130,Pepsi_Black,Alagoinhas,ALA_L1,10,-0.0,false,lata
130,Pepsi_Black,Alagoinhas,ALA_L1,11,-0.0,false,lata
130,Pepsi_Black,Alagoinhas,ALA_L1,12,-0.0,false,lata
130,Pepsi_Black,Alagoinhas,ALA_L1,13,-0.0,false,lata
130,Pepsi_Black,Alagoinhas,ALA_L1,14,-0.0,false,lata
130,Pepsi_Black,Alagoinhas,ALA_L1,15,-0.26704045,false,lata
130,Pepsi_Black,Alagoinhas,ALA_L2,1,-0.0,false,lata
130,Pepsi_Black,Alagoinhas,ALA_L2,2,-0.0,false,lata
130,Pepsi_Black,Alagoinhas,ALA_L2,3,-0.0,false,lata
130,Pepsi_Black,Alagoinhas,ALA_L2,4,-0.0,false,lata
130,Pepsi_Black,Alagoinhas,ALA_L2,5,-0.0,false,lata
130,Pepsi_Black,Alagoinhas,ALA_L2,6,-0.0,false,lata
130,Pepsi_Black,Alagoinhas,ALA_L2,7,-0.0,false,lata
130,Pepsi_Black,Alagoinhas,ALA_L2,8,-0.0,false,lata
130,Pepsi_Black,Alagoinhas,ALA_L2,9,-0.0,false,lata
130,Pepsi_Black,Alagoinhas,ALA_L2,10,-0.0,false,lata
130,Pepsi_Black,Alagoinhas,ALA_L2,11,-0.0,false,lata
130,Pepsi_Black,Alagoinhas,ALA_L2,12,-0.0,false,lata
130,Pepsi_Black,Alagoinhas,ALA_L2,13,-0.0,false,lata
130,Pepsi_Black,Alagoinhas,ALA_L2,14,-0.0,false,lata
130,Pepsi_Black,Alagoinhas,ALA_L2,15,-0.26704045,false,lata
130,Pepsi_Black,Alagoinhas,ALA_L3,1,-0.0,false,lata
130,Pepsi_Black,Alagoinhas,ALA_L3,2,-0.0,false,lata
130,Pepsi_Black,Alagoinhas,ALA_L3,3,-0.0,false,lata
130,Pepsi_Black,Alagoinhas,ALA_L3,4,-0.0,false,lata
130,Pepsi_Black,Alagoinhas,ALA_L3,5,-0.0,false,lata
130,Pepsi_Black,Alagoinhas,ALA_L3,6,-0.0,false,lata
130,Pepsi_Black,Alagoinhas,ALA_L3,7,-1.0e6,true,lata
130,Pepsi_Black,Alagoinhas,ALA_L3,8,-0.0,false,lata
130,Pepsi_Black,Alagoinhas,ALA_L3,9,-0.0,false,lata
130,Pepsi_Black,Alagoinhas,ALA_L3,10,-0.0,false,lata
130,Pepsi_Black,Alagoinhas,ALA_L3,11,-0.0,false,lata
130,Pepsi_Black,Alagoinhas,ALA_L3,12,-0.0,false,lata
130,Pepsi_Black,Alagoinhas,ALA_L3,13,-0.0,false,lata
130,Pepsi_Black,Alagoinhas,ALA_L3,14,-0.0,false,lata
130,Pepsi_Black,Alagoinhas,ALA_L3,15,-0.26704045,false,lata
130,Pepsi_Black,Frutal,FRU_L1,1,-0.0,false,lata
130,Pepsi_Black,Frutal,FRU_L1,2,-1.0e6,true,lata
130,Pepsi_Black,Frutal,FRU_L1,3,-0.0,false,lata
130,Pepsi_Black,Frutal,FRU_L1,4,-0.0,false,lata
130,Pepsi_Black,Frutal,FRU_L1,5,-1.0e6,true,lata
130,Pepsi_Black,Frutal,FRU_L1,6,-0.0,false,lata
130,Pepsi_Black,Frutal,FRU_L1,7,-0.0,false,lata
130,Pepsi_Black,Frutal,FRU_L1,8,-0.0,false,lata
130,Pepsi_Black,Frutal,FRU_L1,9,-0.0,false,lata
130,Pepsi_Black,Frutal,FRU_L1,10,-0.0,false,lata
130,Pepsi_Black,Frutal,FRU_L1,11,-0.0,false,lata
130,Pepsi_Black,Frutal,FRU_L1,12,-0.0,false,lata
130,Pepsi_Black,Frutal,FRU_L1,13,-0.0,false,lata
130,Pepsi_Black,Frutal,FRU_L1,14,-0.0,false,lata
130,Pepsi_Black,Frutal,FRU_L1,15,-0.2684998,false,lata
130,Pepsi_Black,Frutal,FRU_L2,1,-0.0,false,lata
130,Pepsi_Black,Frutal,FRU_L2,2,-0.0,false,lata
130,Pepsi_Black,Frutal,FRU_L2,3,-0.0,false,lata
130,Pepsi_Black,Frutal,FRU_L2,4,-0.0,false,lata
130,Pepsi_Black,Frutal,FRU_L2,5,-0.0,false,lata
130,Pepsi_Black,Frutal,FRU_L2,6,-0.0,false,lata
130,Pepsi_Black,Frutal,FRU_L2,7,-0.0,false,lata
130,Pepsi_Black,Frutal,FRU_L2,8,-0.0,false,lata
130,Pepsi_Black,Frutal,FRU_L2,9,-0.0,false,lata
130,Pepsi_Black,Frutal,FRU_L2,10,-0.0,false,lata
130,Pepsi_Black,Frutal,FRU_L2,11,-0.0,false,lata
130,Pepsi_Black,Frutal,FRU_L2,12,-999999.8865597001,false,lata
130,Pepsi_Black,Frutal,FRU_L2,13,-0.0,false,lata
130,Pepsi_Black,Frutal,FRU_L2,14,-0.0,false,lata
130,Pepsi_Black,Frutal,FRU_L2,15,-0.2684998,false,lata
130,Pepsi_Black,Frutal,FRU_L3,1,-0.0,false,lata
130,Pepsi_Black,Frutal,FRU_L3,2,-0.0,false,lata
130,Pepsi_Black,Frutal,FRU_L3,3,-0.0,false,lata
130,Pepsi_Black,Frutal,FRU_L3,4,-0.0,false,lata
130,Pepsi_Black,Frutal,FRU_L3,5,-0.0,false,lata
130,Pepsi_Black,Frutal,FRU_L3,6,-0.0,false,lata
130,Pepsi_Black,Frutal,FRU_L3,7,-0.0,false,lata
130,Pepsi_Black,Frutal,FRU_L3,8,-0.0,false,lata
130,Pepsi_Black,Frutal,FRU_L3,9,-0.0,false,lata
130,Pepsi_Black,Frutal,FRU_L3,10,-0.0,false,lata
130,Pepsi_Black,Frutal,FRU_L3,11,-0.0,false,lata
130,Pepsi_Black,Frutal,FRU_L3,12,-0.0,false,lata
130,Pepsi_Black,Frutal,FRU_L3,13,-0.0,false,lata
130,Pepsi_Black,Frutal,FRU_L3,14,-0.0,false,lata
130,Pepsi_Black,Frutal,FRU_L3,15,-0.2684998,false,lata
130,Pepsi_Black,Pouso Alegre,POU_L1,1,-0.0,false,lata
130,Pepsi_Black,Pouso Alegre,POU_L1,2,-0.0,false,lata
130,Pepsi_Black,Pouso Alegre,POU_L1,3,-0.0,false,lata
130,Pepsi_Black,Pouso Alegre,POU_L1,4,-0.0,false,lata
130,Pepsi_Black,Pouso Alegre,POU_L1,5,-0.0,false,lata
130,Pepsi_Black,Pouso Alegre,POU_L1,6,-0.0,false,lata
130,Pepsi_Black,Pouso Alegre,POU_L1,7,-0.0,false,lata
130,Pepsi_Black,Pouso Alegre,POU_L1,8,-0.0,false,lata
130,Pepsi_Black,Pouso Alegre,POU_L1,9,-0.0,false,lata
130,Pepsi_Black,Pouso Alegre,POU_L1,10,-0.0,false,lata
130,Pepsi_Black,Pouso Alegre,POU_L1,11,-0.0,false,lata
130,Pepsi_Black,Pouso Alegre,POU_L1,12,-0.0,false,lata
130,Pepsi_Black,Pouso Alegre,POU_L1,13,-0.0,false,lata
130,Pepsi_Black,Pouso Alegre,POU_L1,14,-0.0,false,lata
130,Pepsi_Black,Pouso Alegre,POU_L1,15,-0.2515,false,lata
130,Pepsi_Black,Pouso Alegre,POU_L2,1,-0.0,false,lata
130,Pepsi_Black,Pouso Alegre,POU_L2,2,-0.0,false,lata
130,Pepsi_Black,Pouso Alegre,POU_L2,3,-0.0,false,lata
130,Pepsi_Black,Pouso Alegre,POU_L2,4,-0.0,false,lata
130,Pepsi_Black,Pouso Alegre,POU_L2,5,-0.0,false,lata
130,Pepsi_Black,Pouso Alegre,POU_L2,6,-0.0,false,lata
130,Pepsi_Black,Pouso Alegre,POU_L2,7,-0.0,false,lata
130,Pepsi_Black,Pouso Alegre,POU_L2,8,-0.0,false,lata
130,Pepsi_Black,Pouso Alegre,POU_L2,9,-0.0,false,lata
130,Pepsi_Black,Pouso Alegre,POU_L2,10,-0.0,false,lata
130,Pepsi_Black,Pouso Alegre,POU_L2,11,-0.0,false,lata
130,Pepsi_Black,Pouso Alegre,POU_L2,12,-0.0,false,lata
130,Pepsi_Black,Pouso Alegre,POU_L2,13,-0.0,false,lata
130,Pepsi_Black,Pouso Alegre,POU_L2,14,-0.0,false,lata
130,Pepsi_Black,Pouso Alegre,POU_L2,15,-0.2515,false,lata
130,Pepsi_Black,Pouso Alegre,POU_L3,1,-0.0,false,lata
130,Pepsi_Black,Pouso Alegre,POU_L3,2,-0.0,false,lata
130,Pepsi_Black,Pouso Alegre,POU_L3,3,-0.0,false,lata
130,Pepsi_Black,Pouso Alegre,POU_L3,4,-0.0,false,lata
130,Pepsi_Black,Pouso Alegre,POU_L3,5,-0.0,false,lata
130,Pepsi_Black,Pouso Alegre,POU_L3,6,-0.0,false,lata
130,Pepsi_Black,Pouso Alegre,POU_L3,7,-0.0,false,lata
130,Pepsi_Black,Pouso Alegre,POU_L3,8,-0.0,false,lata
130,Pepsi_Black,Pouso Alegre,POU_L3,9,-0.0,false,lata
130,Pepsi_Black,Pouso Alegre,POU_L3,10,-0.0,false,lata
130,Pepsi_Black,Pouso Alegre,POU_L3,11,-0.0,false,lata
130,Pepsi_Black,Pouso Alegre,POU_L3,12,-0.0,false,lata
130,Pepsi_Black,Pouso Alegre,POU_L3,13,-0.0,false,lata
130,Pepsi_Black,Pouso Alegre,POU_L3,14,-0.0,false,lata
130,Pepsi_Black,Pouso Alegre,POU_L3,15,-0.2515,false,lata
130,Pepsi_Black,Gama,GAM_L1,1,-0.0,false,lata
130,Pepsi_Black,Gama,GAM_L1,2,-0.0,false,lata
130,Pepsi_Black,Gama,GAM_L1,3,-0.0,false,lata
130,Pepsi_Black,Gama,GAM_L1,4,-0.0,false,lata
130,Pepsi_Black,Gama,GAM_L1,5,-1.0e6,true,lata
130,Pepsi_Black,Gama,GAM_L1,6,-0.0,false,lata
130,Pepsi_Black,Gama,GAM_L1,7,-0.0,false,lata
130,Pepsi_Black,Gama,GAM_L1,8,-0.0,false,lata
130,Pepsi_Black,Gama,GAM_L1,9,-0.0,false,lata
130,Pepsi_Black,Gama,GAM_L1,10,-0.0,false,lata
130,Pepsi_Black,Gama,GAM_L1,11,-0.0,false,lata
130,Pepsi_Black,Gama,GAM_L1,12,-0.0,false,lata
130,Pepsi_Black,Gama,GAM_L1,13,-1.0e6,true,lata
130,Pepsi_Black,Gama,GAM_L1,14,-0.0,false,lata
130,Pepsi_Black,Gama,GAM_L1,15,-0.2827371,false,lata
130,Pepsi_Black,Gama,GAM_L2,1,-0.0,false,lata
130,Pepsi_Black,Gama,GAM_L2,2,-0.0,false,lata
130,Pepsi_Black,Gama,GAM_L2,3,-0.0,false,lata
130,Pepsi_Black,Gama,GAM_L2,4,-0.0,false,lata
130,Pepsi_Black,Gama,GAM_L2,5,-0.0,false,lata
130,Pepsi_Black,Gama,GAM_L2,6,-0.0,false,lata
130,Pepsi_Black,Gama,GAM_L2,7,-1.0e6,true,lata
130,Pepsi_Black,Gama,GAM_L2,8,-0.0,false,lata
130,Pepsi_Black,Gama,GAM_L2,9,-0.0,false,lata
130,Pepsi_Black,Gama,GAM_L2,10,-0.0,false,lata
130,Pepsi_Black,Gama,GAM_L2,11,-0.0,false,lata
130,Pepsi_Black,Gama,GAM_L2,12,-0.0,false,lata
130,Pepsi_Black,Gama,GAM_L2,13,-0.0,false,lata
130,Pepsi_Black,Gama,GAM_L2,14,-0.0,false,lata
130,Pepsi_Black,Gama,GAM_L2,15,-0.2827371,false,lata
130,Pepsi_Black,Gama,GAM_L3,1,-0.0,false,lata
130,Pepsi_Black,Gama,GAM_L3,2,-0.0,false,lata
130,Pepsi_Black,Gama,GAM_L3,3,-0.0,false,lata
130,Pepsi_Black,Gama,GAM_L3,4,-0.0,false,lata
130,Pepsi_Black,Gama,GAM_L3,5,-0.0,false,lata
130,Pepsi_Black,Gama,GAM_L3,6,-0.0,false,lata
130,Pepsi_Black,Gama,GAM_L3,7,-0.0,false,lata
130,Pepsi_Black,Gama,GAM_L3,8,-0.0,false,lata
130,Pepsi_Black,Gama,GAM_L3,9,-0.0,false,lata
130,Pepsi_Black,Gama,GAM_L3,10,-0.0,false,lata
130,Pepsi_Black,Gama,GAM_L3,11,-0.0,false,lata
130,Pepsi_Black,Gama,GAM_L3,12,-0.0,false,lata
130,Pepsi_Black,Gama,GAM_L3,13,-0.0,false,lata
130,Pepsi_Black,Gama,GAM_L3,14,-0.0,false,lata
130,Pepsi_Black,Gama,GAM_L3,15,-0.2827371,false,lata
130,Pepsi_Black,Viamao,VIA_L1,1,-0.0,false,lata
130,Pepsi_Black,Viamao,VIA_L1,2,-0.0,false,lata
130,Pepsi_Black,Viamao,VIA_L1,3,-0.0,false,lata
130,Pepsi_Black,Viamao,VIA_L1,4,-0.0,false,lata
130,Pepsi_Black,Viamao,VIA_L1,5,-0.0,false,lata
130,Pepsi_Black,Viamao,VIA_L1,6,-0.0,false,lata
130,Pepsi_Black,Viamao,VIA_L1,7,-0.0,false,lata
130,Pepsi_Black,Viamao,VIA_L1,8,-0.0,false,lata
130,Pepsi_Black,Viamao,VIA_L1,9,-0.0,false,lata
130,Pepsi_Black,Viamao,VIA_L1,10,-0.0,false,lata
130,Pepsi_Black,Viamao,VIA_L1,11,-0.0,false,lata
130,Pepsi_Black,Viamao,VIA_L1,12,-0.0,false,lata
130,Pepsi_Black,Viamao,VIA_L1,13,-0.0,false,lata
130,Pepsi_Black,Viamao,VIA_L1,14,-0.0,false,lata
130,Pepsi_Black,Viamao,VIA_L1,15,-0.2943288,false,lata
130,Pepsi_Black,Viamao,VIA_L2,1,-0.0,false,lata
130,Pepsi_Black,Viamao,VIA_L2,2,-0.0,false,lata
130,Pepsi_Black,Viamao,VIA_L2,3,-0.0,false,lata
130,Pepsi_Black,Viamao,VIA_L2,4,-0.0,false,lata
130,Pepsi_Black,Viamao,VIA_L2,5,-0.0,false,lata
130,Pepsi_Black,Viamao,VIA_L2,6,-0.0,false,lata
130,Pepsi_Black,Viamao,VIA_L2,7,-0.0,false,lata
130,Pepsi_Black,Viamao,VIA_L2,8,-0.0,false,lata
130,Pepsi_Black,Viamao,VIA_L2,9,-0.0,false,lata
130,Pepsi_Black,Viamao,VIA_L2,10,-0.0,false,lata
130,Pepsi_Black,Viamao,VIA_L2,11,-0.0,false,lata
130,Pepsi_Black,Viamao,VIA_L2,12,-0.0,false,lata
130,Pepsi_Black,Viamao,VIA_L2,13,-0.0,false,lata
130,Pepsi_Black,Viamao,VIA_L2,14,-1.0e6,true,lata
130,Pepsi_Black,Viamao,VIA_L2,15,-0.2943288,false,lata
130,Pepsi_Black,Viamao,VIA_L3,1,-0.0,false,lata
130,Pepsi_Black,Viamao,VIA_L3,2,-0.0,false,lata
130,Pepsi_Black,Viamao,VIA_L3,3,-0.0,false,lata
130,Pepsi_Black,Viamao,VIA_L3,4,-0.0,false,lata
130,Pepsi_Black,Viamao,VIA_L3,5,-0.0,false,lata
130,Pepsi_Black,Viamao,VIA_L3,6,-0.0,false,lata
130,Pepsi_Black,Viamao,VIA_L3,7,-0.0,false,lata
130,Pepsi_Black,Viamao,VIA_L3,8,-0.0,false,lata
130,Pepsi_Black,Viamao,VIA_L3,9,-0.0,false,lata
130,Pepsi_Black,Viamao,VIA_L3,10,-0.0,false,lata
130,Pepsi_Black,Viamao,VIA_L3,11,-0.0,false,lata
130,Pepsi_Black,Viamao,VIA_L3,12,-0.0,false,lata
130,Pepsi_Black,Viamao,VIA_L3,13,-0.0,false,lata
130,Pepsi_Black,Viamao,VIA_L3,14,-0.0,false,lata
130,Pepsi_Black,Viamao,VIA_L3,15,-0.2943288,false,lata
130,Pepsi_Black,Itupeva,ITU_L1,1,-0.0,false,lata
130,Pepsi_Black,Itupeva,ITU_L1,2,-0.0,false,lata
130,Pepsi_Black,Itupeva,ITU_L1,3,-0.0,false,lata
130,Pepsi_Black,Itupeva,ITU_L1,4,-0.0,false,lata
130,Pepsi_Black,Itupeva,ITU_L1,5,-0.0,false,lata
130,Pepsi_Black,Itupeva,ITU_L1,6,-0.0,false,lata
130,Pepsi_Black,Itupeva,ITU_L1,7,-0.0,false,lata
130,Pepsi_Black,Itupeva,ITU_L1,8,-0.0,false,lata
130,Pepsi_Black,Itupeva,ITU_L1,9,-0.0,false,lata
130,Pepsi_Black,Itupeva,ITU_L1,10,-999999.9867199,false,lata
130,Pepsi_Black,Itupeva,ITU_L1,11,-0.0,false,lata
130,Pepsi_Black,Itupeva,ITU_L1,12,-0.0,false,lata
130,Pepsi_Black,Itupeva,ITU_L1,13,-0.0,false,lata
130,Pepsi_Black,Itupeva,ITU_L1,14,-0.0,false,lata
130,Pepsi_Black,Itupeva,ITU_L1,15,-0.25797965,false,lata
130,Pepsi_Black,Itupeva,ITU_L2,1,-0.0,false,lata
130,Pepsi_Black,Itupeva,ITU_L2,2,-0.0,false,lata
130,Pepsi_Black,Itupeva,ITU_L2,3,-0.0,false,lata
130,Pepsi_Black,Itupeva,ITU_L2,4,-0.0,false,lata
130,Pepsi_Black,Itupeva,ITU_L2,5,-0.0,false,lata
130,Pepsi_Black,Itupeva,ITU_L2,6,-0.0,false,lata
130,Pepsi_Black,Itupeva,ITU_L2,7,-0.0,false,lata
130,Pepsi_Black,Itupeva,ITU_L2,8,-0.0,false,lata
130,Pepsi_Black,Itupeva,ITU_L2,9,-0.0,false,lata
130,Pepsi_Black,Itupeva,ITU_L2,10,-0.0,false,lata
130,Pepsi_Black,Itupeva,ITU_L2,11,-0.0,false,lata
130,Pepsi_Black,Itupeva,ITU_L2,12,-0.0,false,lata
130,Pepsi_Black,Itupeva,ITU_L2,13,-0.0,false,lata
130,Pepsi_Black,Itupeva,ITU_L2,14,-0.0,false,lata
130,Pepsi_Black,Itupeva,ITU_L2,15,-0.25797965,false,lata
130,Pepsi_Black,Itupeva,ITU_L3,1,-0.0,false,lata
130,Pepsi_Black,Itupeva,ITU_L3,2,-0.0,false,lata
130,Pepsi_Black,Itupeva,ITU_L3,3,-0.0,false,lata
130,Pepsi_Black,Itupeva,ITU_L3,4,-0.0,false,lata
130,Pepsi_Black,Itupeva,ITU_L3,5,-0.0,false,lata
130,Pepsi_Black,Itupeva,ITU_L3,6,-0.0,false,lata
130,Pepsi_Black,Itupeva,ITU_L3,7,-0.0,false,lata
130,Pepsi_Black,Itupeva,ITU_L3,8,-0.0,false,lata
130,Pepsi_Black,Itupeva,ITU_L3,9,-0.0,false,lata
130,Pepsi_Black,Itupeva,ITU_L3,10,-0.0,false,lata
130,Pepsi_Black,Itupeva,ITU_L3,11,-0.0,false,lata
130,Pepsi_Black,Itupeva,ITU_L3,12,-0.0,false,lata
130,Pepsi_Black,Itupeva,ITU_L3,13,-1.0e6,true,lata
130,Pepsi_Black,Itupeva,ITU_L3,14,-0.0,false,lata
130,Pepsi_Black,Itupeva,ITU_L3,15,-0.25797965,false,lata
130,Pepsi_Black,Cabo de Santo Agostinho,CAB_L1,1,-0.0,false,lata
130,Pepsi_Black,Cabo de Santo Agostinho,CAB_L1,2,-0.0,false,lata
130,Pepsi_Black,Cabo de Santo Agostinho,CAB_L1,3,-0.0,false,lata
130,Pepsi_Black,Cabo de Santo Agostinho,CAB_L1,4,-0.0,false,lata
130,Pepsi_Black,Cabo de Santo Agostinho,CAB_L1,5,-0.0,false,lata
130,Pepsi_Black,Cabo de Santo Agostinho,CAB_L1,6,-0.0,false,lata
130,Pepsi_Black,Cabo de Santo Agostinho,CAB_L1,7,-0.0,false,lata
130,Pepsi_Black,Cabo de Santo Agostinho,CAB_L1,8,-0.0,false,lata
130,Pepsi_Black,Cabo de Santo Agostinho,CAB_L1,9,-0.0,false,lata
130,Pepsi_Black,Cabo de Santo Agostinho,CAB_L1,10,-0.0,false,lata
130,Pepsi_Black,Cabo de Santo Agostinho,CAB_L1,11,-0.0,false,lata
130,Pepsi_Black,Cabo de Santo Agostinho,CAB_L1,12,-0.0,false,lata
130,Pepsi_Black,Cabo de Santo Agostinho,CAB_L1,13,-0.0,false,lata
130,Pepsi_Black,Cabo de Santo Agostinho,CAB_L1,14,-0.0,false,lata
130,Pepsi_Black,Cabo de Santo Agostinho,CAB_L1,15,-0.2909809,false,lata
130,Pepsi_Black,Cabo de Santo Agostinho,CAB_L2,1,-0.0,false,lata
130,Pepsi_Black,Cabo de Santo Agostinho,CAB_L2,2,-0.0,false,lata
130,Pepsi_Black,Cabo de Santo Agostinho,CAB_L2,3,-0.0,false,lata
130,Pepsi_Black,Cabo de Santo Agostinho,CAB_L2,4,-1.0e6,true,lata
130,Pepsi_Black,Cabo de Santo Agostinho,CAB_L2,5,-0.0,false,lata
130,Pepsi_Black,Cabo de Santo Agostinho,CAB_L2,6,-0.0,false,lata
130,Pepsi_Black,Cabo de Santo Agostinho,CAB_L2,7,-0.0,false,lata
130,Pepsi_Black,Cabo de Santo Agostinho,CAB_L2,8,-0.0,false,lata
130,Pepsi_Black,Cabo de Santo Agostinho,CAB_L2,9,-0.0,false,lata
130,Pepsi_Black,Cabo de Santo Agostinho,CAB_L2,10,-0.0,false,lata
130,Pepsi_Black,Cabo de Santo Agostinho,CAB_L2,11,-0.0,false,lata
130,Pepsi_Black,Cabo de Santo Agostinho,CAB_L2,12,-0.0,false,lata
130,Pepsi_Black,Cabo de Santo Agostinho,CAB_L2,13,-0.0,false,lata
130,Pepsi_Black,Cabo de Santo Agostinho,CAB_L2,14,-0.0,false,lata
130,Pepsi_Black,Cabo de Santo Agostinho,CAB_L2,15,-0.2431,false,lata
130,Pepsi_Black,Cabo de Santo Agostinho,CAB_L3,1,-0.0,false,lata
130,Pepsi_Black,Cabo de Santo Agostinho,CAB_L3,2,-0.0,false,lata
130,Pepsi_Black,Cabo de Santo Agostinho,CAB_L3,3,-0.0,false,lata
130,Pepsi_Black,Cabo de Santo Agostinho,CAB_L3,4,-0.0,false,lata
130,Pepsi_Black,Cabo de Santo Agostinho,CAB_L3,5,-0.0,false,lata
130,Pepsi_Black,Cabo de Santo Agostinho,CAB_L3,6,-0.0,false,lata
130,Pepsi_Black,Cabo de Santo Agostinho,CAB_L3,7,-0.0,false,lata
130,Pepsi_Black,Cabo de Santo Agostinho,CAB_L3,8,-0.0,false,lata
130,Pepsi_Black,Cabo de Santo Agostinho,CAB_L3,9,-0.0,false,lata
130,Pepsi_Black,Cabo de Santo Agostinho,CAB_L3,10,-0.0,false,lata
130,Pepsi_Black,Cabo de Santo Agostinho,CAB_L3,11,-0.0,false,lata
130,Pepsi_Black,Cabo de Santo Agostinho,CAB_L3,12,-0.0,false,lata
130,Pepsi_Black,Cabo de Santo Agostinho,CAB_L3,13,-0.0,false,lata
130,Pepsi_Black,Cabo de Santo Agostinho,CAB_L3,14,-0.0,false,lata
130,Pepsi_Black,Cabo de Santo Agostinho,CAB_L3,15,-0.2431,false,lata
130,Itaipava_Lata,Jacarei,JAC_L1,1,-0.0,false,lata
130,Itaipava_Lata,Jacarei,JAC_L1,2,-0.0,false,lata
130,Itaipava_Lata,Jacarei,JAC_L1,3,-0.0,false,lata
130,Itaipava_Lata,Jacarei,JAC_L1,4,-0.0,false,lata
130,Itaipava_Lata,Jacarei,JAC_L1,5,-0.0,false,lata
130,Itaipava_Lata,Jacarei,JAC_L1,6,-0.0,false,lata
130,Itaipava_Lata,Jacarei,JAC_L1,7,-0.0,false,lata
130,Itaipava_Lata,Jacarei,JAC_L1,8,-0.0,false,lata
130,Itaipava_Lata,Jacarei,JAC_L1,9,-0.0,false,lata
130,Itaipava_Lata,Jacarei,JAC_L1,10,-0.0,false,lata
130,Itaipava_Lata,Jacarei,JAC_L1,11,-0.0,false,lata
130,Itaipava_Lata,Jacarei,JAC_L1,12,-0.0,false,lata
130,Itaipava_Lata,Jacarei,JAC_L1,13,-0.0,false,lata
130,Itaipava_Lata,Jacarei,JAC_L1,14,-0.0,false,lata
130,Itaipava_Lata,Jacarei,JAC_L1,15,-0.0,false,lata
130,Itaipava_Lata,Jacarei,JAC_L2,1,-0.0,false,lata
130,Itaipava_Lata,Jacarei,JAC_L2,2,-0.0,false,lata
130,Itaipava_Lata,Jacarei,JAC_L2,3,-0.0,false,lata
130,Itaipava_Lata,Jacarei,JAC_L2,4,-0.0,false,lata
130,Itaipava_Lata,Jacarei,JAC_L2,5,-0.0,false,lata
130,Itaipava_Lata,Jacarei,JAC_L2,6,-0.0,false,lata
130,Itaipava_Lata,Jacarei,JAC_L2,7,-0.0,false,lata
130,Itaipava_Lata,Jacarei,JAC_L2,8,-0.0,false,lata
130,Itaipava_Lata,Jacarei,JAC_L2,9,-0.0,false,lata
130,Itaipava_Lata,Jacarei,JAC_L2,10,-0.0,false,lata
130,Itaipava_Lata,Jacarei,JAC_L2,11,-0.0,false,lata
130,Itaipava_Lata,Jacarei,JAC_L2,12,-0.0,false,lata
130,Itaipava_Lata,Jacarei,JAC_L2,13,-0.0,false,lata
130,Itaipava_Lata,Jacarei,JAC_L2,14,-0.0,false,lata
130,Itaipava_Lata,Jacarei,JAC_L2,15,-0.0,false,lata
130,Itaipava_Lata,Jacarei,JAC_L3,1,-0.0,false,lata
130,Itaipava_Lata,Jacarei,JAC_L3,2,-0.0,false,lata
130,Itaipava_Lata,Jacarei,JAC_L3,3,-0.0,false,lata
130,Itaipava_Lata,Jacarei,JAC_L3,4,-0.0,false,lata
130,Itaipava_Lata,Jacarei,JAC_L3,5,-0.0,false,lata
130,Itaipava_Lata,Jacarei,JAC_L3,6,-0.0,false,lata
130,Itaipava_Lata,Jacarei,JAC_L3,7,-0.0,false,lata
130,Itaipava_Lata,Jacarei,JAC_L3,8,-0.0,false,lata
130,Itaipava_Lata,Jacarei,JAC_L3,9,-0.0,false,lata
130,Itaipava_Lata,Jacarei,JAC_L3,10,-0.0,false,lata
130,Itaipava_Lata,Jacarei,JAC_L3,11,-0.0,false,lata
130,Itaipava_Lata,Jacarei,JAC_L3,12,-0.0,false,lata
130,Itaipava_Lata,Jacarei,JAC_L3,13,-0.0,false,lata
130,Itaipava_Lata,Jacarei,JAC_L3,14,-0.0,false,lata
130,Itaipava_Lata,Jacarei,JAC_L3,15,-0.0,false,lata
130,Itaipava_Lata,Extrema,EXT_L1,1,-0.0,false,lata
130,Itaipava_Lata,Extrema,EXT_L1,2,-0.0,false,lata
130,Itaipava_Lata,Extrema,EXT_L1,3,-0.0,false,lata
130,Itaipava_Lata,Extrema,EXT_L1,4,-0.0,false,lata
130,Itaipava_Lata,Extrema,EXT_L1,5,-0.0,false,lata
130,Itaipava_Lata,Extrema,EXT_L1,6,-0.0,false,lata
130,Itaipava_Lata,Extrema,EXT_L1,7,-0.0,false,lata
130,Itaipava_Lata,Extrema,EXT_L1,8,-0.0,false,lata
130,Itaipava_Lata,Extrema,EXT_L1,9,-0.0,false,lata
130,Itaipava_Lata,Extrema,EXT_L1,10,-0.0,false,lata
130,Itaipava_Lata,Extrema,EXT_L1,11,-0.0,false,lata
130,Itaipava_Lata,Extrema,EXT_L1,12,-0.0,false,lata
130,Itaipava_Lata,Extrema,EXT_L1,13,-0.0,false,lata
130,Itaipava_Lata,Extrema,EXT_L1,14,-0.0,false,lata
130,Itaipava_Lata,Extrema,EXT_L1,15,-0.0,false,lata
130,Itaipava_Lata,Extrema,EXT_L2,1,-999998.9965407501,false,lata
130,Itaipava_Lata,Extrema,EXT_L2,2,-0.0,false,lata
130,Itaipava_Lata,Extrema,EXT_L2,3,-0.0,false,lata
130,Itaipava_Lata,Extrema,EXT_L2,4,-0.0,false,lata
130,Itaipava_Lata,Extrema,EXT_L2,5,-0.0,false,lata
130,Itaipava_Lata,Extrema,EXT_L2,6,-0.0,false,lata
130,Itaipava_Lata,Extrema,EXT_L2,7,-0.0,false,lata
130,Itaipava_Lata,Extrema,EXT_L2,8,-0.0,false,lata
130,Itaipava_Lata,Extrema,EXT_L2,9,-0.0,false,lata
130,Itaipava_Lata,Extrema,EXT_L2,10,-0.0,false,lata
130,Itaipava_Lata,Extrema,EXT_L2,11,-0.0,false,lata
130,Itaipava_Lata,Extrema,EXT_L2,12,-999998.23688585,false,lata
130,Itaipava_Lata,Extrema,EXT_L2,13,-0.0,false,lata
130,Itaipava_Lata,Extrema,EXT_L2,14,-999998.7722858499,false,lata
130,Itaipava_Lata,Extrema,EXT_L2,15,-0.0,false,lata
130,Itaipava_Lata,Extrema,EXT_L3,1,-0.0,false,lata
130,Itaipava_Lata,Extrema,EXT_L3,2,-0.0,false,lata
130,Itaipava_Lata,Extrema,EXT_L3,3,-0.0,false,lata
130,Itaipava_Lata,Extrema,EXT_L3,4,-0.0,false,lata
130,Itaipava_Lata,Extrema,EXT_L3,5,-0.0,false,lata
130,Itaipava_Lata,Extrema,EXT_L3,6,-0.0,false,lata
130,Itaipava_Lata,Extrema,EXT_L3,7,-0.0,false,lata
130,Itaipava_Lata,Extrema,EXT_L3,8,-0.0,false,lata
130,Itaipava_Lata,Extrema,EXT_L3,9,-0.0,false,lata
130,Itaipava_Lata,Extrema,EXT_L3,10,-0.0,false,lata
130,Itaipava_Lata,Extrema,EXT_L3,11,-0.0,false,lata
130,Itaipava_Lata,Extrema,EXT_L3,12,-0.0,false,lata
130,Itaipava_Lata,Extrema,EXT_L3,13,-0.0,false,lata
130,Itaipava_Lata,Extrema,EXT_L3,14,-0.0,false,lata
130,Itaipava_Lata,Extrema,EXT_L3,15,-0.0,false,lata
130,Itaipava_Lata,Tres Rios,TRE_L1,1,-0.0,false,lata
130,Itaipava_Lata,Tres Rios,TRE_L1,2,-0.0,false,lata
130,Itaipava_Lata,Tres Rios,TRE_L1,3,-0.0,false,lata
130,Itaipava_Lata,Tres Rios,TRE_L1,4,-0.0,false,lata
130,Itaipava_Lata,Tres Rios,TRE_L1,5,-0.0,false,lata
130,Itaipava_Lata,Tres Rios,TRE_L1,6,-0.0,false,lata
130,Itaipava_Lata,Tres Rios,TRE_L1,7,-999999.5514161501,false,lata
130,Itaipava_Lata,Tres Rios,TRE_L1,8,-0.0,false,lata
130,Itaipava_Lata,Tres Rios,TRE_L1,9,-0.0,false,lata
130,Itaipava_Lata,Tres Rios,TRE_L1,10,-999998.2065490498,false,lata
130,Itaipava_Lata,Tres Rios,TRE_L1,11,-0.0,false,lata
130,Itaipava_Lata,Tres Rios,TRE_L1,12,-0.0,false,lata
130,Itaipava_Lata,Tres Rios,TRE_L1,13,-0.0,false,lata
130,Itaipava_Lata,Tres Rios,TRE_L1,14,-0.0,false,lata
130,Itaipava_Lata,Tres Rios,TRE_L1,15,-0.0,false,lata
130,Itaipava_Lata,Tres Rios,TRE_L2,1,-0.0,false,lata
130,Itaipava_Lata,Tres Rios,TRE_L2,2,-0.0,false,lata
130,Itaipava_Lata,Tres Rios,TRE_L2,3,-0.0,false,lata
130,Itaipava_Lata,Tres Rios,TRE_L2,4,-0.0,false,lata
130,Itaipava_Lata,Tres Rios,TRE_L2,5,-0.0,false,lata
130,Itaipava_Lata,Tres Rios,TRE_L2,6,-0.0,false,lata
130,Itaipava_Lata,Tres Rios,TRE_L2,7,-0.0,false,lata
130,Itaipava_Lata,Tres Rios,TRE_L2,8,-0.0,false,lata
130,Itaipava_Lata,Tres Rios,TRE_L2,9,-0.0,false,lata
130,Itaipava_Lata,Tres Rios,TRE_L2,10,-0.0,false,lata
130,Itaipava_Lata,Tres Rios,TRE_L2,11,-0.0,false,lata
130,Itaipava_Lata,Tres Rios,TRE_L2,12,-0.0,false,lata
130,Itaipava_Lata,Tres Rios,TRE_L2,13,-0.0,false,lata
130,Itaipava_Lata,Tres Rios,TRE_L2,14,-0.0,false,lata
130,Itaipava_Lata,Tres Rios,TRE_L2,15,-0.0,false,lata
130,Itaipava_Lata,Tres Rios,TRE_L3,1,-0.0,false,lata
130,Itaipava_Lata,Tres Rios,TRE_L3,2,-0.0,false,lata
130,Itaipava_Lata,Tres Rios,TRE_L3,3,-0.0,false,lata
130,Itaipava_Lata,Tres Rios,TRE_L3,4,-0.0,false,lata
130,Itaipava_Lata,Tres Rios,TRE_L3,5,-0.0,false,lata
130,Itaipava_Lata,Tres Rios,TRE_L3,6,-0.0,false,lata
130,Itaipava_Lata,Tres Rios,TRE_L3,7,-0.0,false,lata
130,Itaipava_Lata,Tres Rios,TRE_L3,8,-0.0,false,lata
130,Itaipava_Lata,Tres Rios,TRE_L3,9,-0.0,false,lata
130,Itaipava_Lata,Tres Rios,TRE_L3,10,-0.0,false,lata
130,Itaipava_Lata,Tres Rios,TRE_L3,11,-999997.9404596,false,lata
130,Itaipava_Lata,Tres Rios,TRE_L3,12,-0.0,false,lata
130,Itaipava_Lata,Tres Rios,TRE_L3,13,-0.0,false,lata
130,Itaipava_Lata,Tres Rios,TRE_L3,14,-0.0,false,lata
130,Itaipava_Lata,Tres Rios,TRE_L3,15,-0.0,false,lata
130,Itaipava_Lata,Alagoinhas,ALA_L1,1,-0.0,false,lata
130,Itaipava_Lata,Alagoinhas,ALA_L1,2,-0.0,false,lata
130,Itaipava_Lata,Alagoinhas,ALA_L1,3,-0.0,false,lata
130,Itaipava_Lata,Alagoinhas,ALA_L1,4,-0.0,false,lata
130,Itaipava_Lata,Alagoinhas,ALA_L1,5,-0.0,false,lata
130,Itaipava_Lata,Alagoinhas,ALA_L1,6,-0.0,false,lata
130,Itaipava_Lata,Alagoinhas,ALA_L1,7,-0.0,false,lata
130,Itaipava_Lata,Alagoinhas,ALA_L1,8,-0.0,false,lata
130,Itaipava_Lata,Alagoinhas,ALA_L1,9,-0.0,false,lata
130,Itaipava_Lata,Alagoinhas,ALA_L1,10,-0.0,false,lata
130,Itaipava_Lata,Alagoinhas,ALA_L1,11,-0.0,false,lata
130,Itaipava_Lata,Alagoinhas,ALA_L1,12,-0.0,false,lata
130,Itaipava_Lata,Alagoinhas,ALA_L1,13,-0.0,false,lata
130,Itaipava_Lata,Alagoinhas,ALA_L1,14,-0.0,false,lata
130,Itaipava_Lata,Alagoinhas,ALA_L1,15,-0.0,false,lata
130,Itaipava_Lata,Alagoinhas,ALA_L2,1,-0.0,false,lata
130,Itaipava_Lata,Alagoinhas,ALA_L2,2,-0.0,false,lata
130,Itaipava_Lata,Alagoinhas,ALA_L2,3,-0.0,false,lata
130,Itaipava_Lata,Alagoinhas,ALA_L2,4,-0.0,false,lata
130,Itaipava_Lata,Alagoinhas,ALA_L2,5,-0.0,false,lata
130,Itaipava_Lata,Alagoinhas,ALA_L2,6,-0.0,false,lata
130,Itaipava_Lata,Alagoinhas,ALA_L2,7,-0.0,false,lata
130,Itaipava_Lata,Alagoinhas,ALA_L2,8,-999999.5855760501,false,lata
130,Itaipava_Lata,Alagoinhas,ALA_L2,9,-0.0,false,lata
130,Itaipava_Lata,Alagoinhas,ALA_L2,10,-0.0,false,lata
130,Itaipava_Lata,Alagoinhas,ALA_L2,11,-0.0,false,lata
130,Itaipava_Lata,Alagoinhas,ALA_L2,12,-0.0,false,lata
130,Itaipava_Lata,Alagoinhas,ALA_L2,13,-0.0,false,lata
130,Itaipava_Lata,Alagoinhas,ALA_L2,14,-0.0,false,lata
130,Itaipava_Lata,Alagoinhas,ALA_L2,15,-0.0,false,lata
130,Itaipava_Lata,Alagoinhas,ALA_L3,1,-0.0,false,lata
130,Itaipava_Lata,Alagoinhas,ALA_L3,2,-0.0,false,lata
130,Itaipava_Lata,Alagoinhas,ALA_L3,3,-0.0,false,lata
130,Itaipava_Lata,Alagoinhas,ALA_L3,4,-999999.5396434999,false,lata
130,Itaipava_Lata,Alagoinhas,ALA_L3,5,-0.0,false,lata
130,Itaipava_Lata,Alagoinhas,ALA_L3,6,-0.0,false,lata
130,Itaipava_Lata,Alagoinhas,ALA_L3,7,-0.0,false,lata
130,Itaipava_Lata,Alagoinhas,ALA_L3,8,-0.0,false,lata
130,Itaipava_Lata,Alagoinhas,ALA_L3,9,-999997.9175352498,false,lata
130,Itaipava_Lata,Alagoinhas,ALA_L3,10,-0.0,false,lata
130,Itaipava_Lata,Alagoinhas,ALA_L3,11,-0.0,false,lata
130,Itaipava_Lata,Alagoinhas,ALA_L3,12,-0.0,false,lata
130,Itaipava_Lata,Alagoinhas,ALA_L3,13,-0.0,false,lata
130,Itaipava_Lata,Alagoinhas,ALA_L3,14,-0.0,false,lata
130,Itaipava_Lata,Alagoinhas,ALA_L3,15,-0.0,false,lata
130,Itaipava_Lata,Frutal,FRU_L1,1,-0.0,false,lata
130,Itaipava_Lata,Frutal,FRU_L1,2,-0.0,false,lata
130,Itaipava_Lata,Frutal,FRU_L1,3,-0.0,false,lata
130,Itaipava_Lata,Frutal,FRU_L1,4,-0.0,false,lata
130,Itaipava_Lata,Frutal,FRU_L1,5,-0.0,false,lata
130,Itaipava_Lata,Frutal,FRU_L1,6,-0.0,false,lata
130,Itaipava_Lata,Frutal,FRU_L1,7,-0.0,false,lata
130,Itaipava_Lata,Frutal,FRU_L1,8,-0.0,false,lata
130,Itaipava_Lata,Frutal,FRU_L1,9,-0.0,false,lata
130,Itaipava_Lata,Frutal,FRU_L1,10,-0.0,false,lata
130,Itaipava_Lata,Frutal,FRU_L1,11,-0.0,false,lata
130,Itaipava_Lata,Frutal,FRU_L1,12,-0.0,false,lata
130,Itaipava_Lata,Frutal,FRU_L1,13,-999998.4591102998,false,lata
130,Itaipava_Lata,Frutal,FRU_L1,14,-0.0,false,lata
130,Itaipava_Lata,Frutal,FRU_L1,15,-0.0,false,lata
130,Itaipava_Lata,Frutal,FRU_L2,1,-0.0,false,lata
130,Itaipava_Lata,Frutal,FRU_L2,2,-0.0,false,lata
130,Itaipava_Lata,Frutal,FRU_L2,3,-0.0,false,lata
130,Itaipava_Lata,Frutal,FRU_L2,4,-0.0,false,lata
130,Itaipava_Lata,Frutal,FRU_L2,5,-0.0,false,lata
130,Itaipava_Lata,Frutal,FRU_L2,6,-0.0,false,lata
130,Itaipava_Lata,Frutal,FRU_L2,7,-0.0,false,lata
130,Itaipava_Lata,Frutal,FRU_L2,8,-0.0,false,lata
130,Itaipava_Lata,Frutal,FRU_L2,9,-0.0,false,lata
130,Itaipava_Lata,Frutal,FRU_L2,10,-0.0,false,lata
130,Itaipava_Lata,Frutal,FRU_L2,11,-0.0,false,lata
130,Itaipava_Lata,Frutal,FRU_L2,12,-0.0,false,lata
130,Itaipava_Lata,Frutal,FRU_L2,13,-0.0,false,lata
130,Itaipava_Lata,Frutal,FRU_L2,14,-0.0,false,lata
130,Itaipava_Lata,Frutal,FRU_L2,15,-0.0,false,lata
130,Itaipava_Lata,Frutal,FRU_L3,1,-0.0,false,lata
130,Itaipava_Lata,Frutal,FRU_L3,2,-999999.2893905999,false,lata
130,Itaipava_Lata,Frutal,FRU_L3,3,-0.0,false,lata
130,Itaipava_Lata,Frutal,FRU_L3,4,-0.0,false,lata
130,Itaipava_Lata,Frutal,FRU_L3,5,-0.0,false,lata
130,Itaipava_Lata,Frutal,FRU_L3,6,-0.0,false,lata
130,Itaipava_Lata,Frutal,FRU_L3,7,-999999.53466685,false,lata
130,Itaipava_Lata,Frutal,FRU_L3,8,-0.0,false,lata
130,Itaipava_Lata,Frutal,FRU_L3,9,-0.0,false,lata
130,Itaipava_Lata,Frutal,FRU_L3,10,-0.0,false,lata
130,Itaipava_Lata,Frutal,FRU_L3,11,-0.0,false,lata
130,Itaipava_Lata,Frutal,FRU_L3,12,-0.0,false,lata
130,Itaipava_Lata,Frutal,FRU_L3,13,-0.0,false,lata
130,Itaipava_Lata,Frutal,FRU_L3,14,-999998.7656753997,false,lata
130,Itaipava_Lata,Frutal,FRU_L3,15,-0.0,false,lata
130,Itaipava_Lata,Pouso Alegre,POU_L1,1,-0.0,false,lata
130,Itaipava_Lata,Pouso Alegre,POU_L1,2,-0.0,false,lata
130,Itaipava_Lata,Pouso Alegre,POU_L1,3,-999999.56889515,false,lata
130,Itaipava_Lata,Pouso Alegre,POU_L1,4,-0.0,false,lata
130,Itaipava_Lata,Pouso Alegre,POU_L1,5,-0.0,false,lata
130,Itaipava_Lata,Pouso Alegre,POU_L1,6,-0.0,false,lata
130,Itaipava_Lata,Pouso Alegre,POU_L1,7,-0.0,false,lata
130,Itaipava_Lata,Pouso Alegre,POU_L1,8,-0.0,false,lata
130,Itaipava_Lata,Pouso Alegre,POU_L1,9,-0.0,false,lata
130,Itaipava_Lata,Pouso Alegre,POU_L1,10,-0.0,false,lata
130,Itaipava_Lata,Pouso Alegre,POU_L1,11,-0.0,false,lata
130,Itaipava_Lata,Pouso Alegre,POU_L1,12,-0.0,false,lata
130,Itaipava_Lata,Pouso Alegre,POU_L1,13,-0.0,false,lata
130,Itaipava_Lata,Pouso Alegre,POU_L1,14,-0.0,false,lata
130,Itaipava_Lata,Pouso Alegre,POU_L1,15,-0.0,false,lata
130,Itaipava_Lata,Pouso Alegre,POU_L2,1,-0.0,false,lata
130,Itaipava_Lata,Pouso Alegre,POU_L2,2,-0.0,false,lata
130,Itaipava_Lata,Pouso Alegre,POU_L2,3,-0.0,false,lata
130,Itaipava_Lata,Pouso Alegre,POU_L2,4,-0.0,false,lata
130,Itaipava_Lata,Pouso Alegre,POU_L2,5,-0.0,false,lata
130,Itaipava_Lata,Pouso Alegre,POU_L2,6,-0.0,false,lata
130,Itaipava_Lata,Pouso Alegre,POU_L2,7,-0.0,false,lata
130,Itaipava_Lata,Pouso Alegre,POU_L2,8,-0.0,false,lata
130,Itaipava_Lata,Pouso Alegre,POU_L2,9,-0.0,false,lata
130,Itaipava_Lata,Pouso Alegre,POU_L2,10,-0.0,false,lata
130,Itaipava_Lata,Pouso Alegre,POU_L2,11,-0.0,false,lata
130,Itaipava_Lata,Pouso Alegre,POU_L2,12,-0.0,false,lata
130,Itaipava_Lata,Pouso Alegre,POU_L2,13,-0.0,false,lata
130,Itaipava_Lata,Pouso Alegre,POU_L2,14,-999998.7743600499,false,lata
130,Itaipava_Lata,Pouso Alegre,POU_L2,15,-0.0,false,lata
130,Itaipava_Lata,Pouso Alegre,POU_L3,1,-0.0,false,lata
130,Itaipava_Lata,Pouso Alegre,POU_L3,2,-0.0,false,lata
130,Itaipava_Lata,Pouso Alegre,POU_L3,3,-999999.56889515,false,lata
130,Itaipava_Lata,Pouso Alegre,POU_L3,4,-0.0,false,lata
130,Itaipava_Lata,Pouso Alegre,POU_L3,5,-0.0,false,lata
130,Itaipava_Lata,Pouso Alegre,POU_L3,6,-0.0,false,lata
130,Itaipava_Lata,Pouso Alegre,POU_L3,7,-0.0,false,lata
130,Itaipava_Lata,Pouso Alegre,POU_L3,8,-999999.5690740001,false,lata
130,Itaipava_Lata,Pouso Alegre,POU_L3,9,-0.0,false,lata
130,Itaipava_Lata,Pouso Alegre,POU_L3,10,-0.0,false,lata
130,Itaipava_Lata,Pouso Alegre,POU_L3,11,-0.0,false,lata
130,Itaipava_Lata,Pouso Alegre,POU_L3,12,-0.0,false,lata
130,Itaipava_Lata,Pouso Alegre,POU_L3,13,-0.0,false,lata
130,Itaipava_Lata,Pouso Alegre,POU_L3,14,-0.0,false,lata
130,Itaipava_Lata,Pouso Alegre,POU_L3,15,-999997.9370913,false,lata
130,Itaipava_Lata,Gama,GAM_L1,1,-0.0,false,lata
130,Itaipava_Lata,Gama,GAM_L1,2,-0.0,false,lata
130,Itaipava_Lata,Gama,GAM_L1,3,-0.0,false,lata
130,Itaipava_Lata,Gama,GAM_L1,4,-0.0,false,lata
130,Itaipava_Lata,Gama,GAM_L1,5,-0.0,false,lata
130,Itaipava_Lata,Gama,GAM_L1,6,-0.0,false,lata
130,Itaipava_Lata,Gama,GAM_L1,7,-0.0,false,lata
130,Itaipava_Lata,Gama,GAM_L1,8,-0.0,false,lata
130,Itaipava_Lata,Gama,GAM_L1,9,-0.0,false,lata
130,Itaipava_Lata,Gama,GAM_L1,10,-0.0,false,lata
130,Itaipava_Lata,Gama,GAM_L1,11,-0.0,false,lata
130,Itaipava_Lata,Gama,GAM_L1,12,-0.0,false,lata
130,Itaipava_Lata,Gama,GAM_L1,13,-0.0,false,lata
130,Itaipava_Lata,Gama,GAM_L1,14,-0.0,false,lata
130,Itaipava_Lata,Gama,GAM_L1,15,-0.0,false,lata
130,Itaipava_Lata,Gama,GAM_L2,1,-0.0,false,lata
130,Itaipava_Lata,Gama,GAM_L2,2,-0.0,false,lata
130,Itaipava_Lata,Gama,GAM_L2,3,-0.0,false,lata
130,Itaipava_Lata,Gama,GAM_L2,4,-0.0,false,lata
130,Itaipava_Lata,Gama,GAM_L2,5,-0.0,false,lata
130,Itaipava_Lata,Gama,GAM_L2,6,-999999.2863994,false,lata
130,Itaipava_Lata,Gama,GAM_L2,7,-0.0,false,lata
130,Itaipava_Lata,Gama,GAM_L2,8,-0.0,false,lata
130,Itaipava_Lata,Gama,GAM_L2,9,-0.0,false,lata
130,Itaipava_Lata,Gama,GAM_L2,10,-0.0,false,lata
130,Itaipava_Lata,Gama,GAM_L2,11,-0.0,false,lata
130,Itaipava_Lata,Gama,GAM_L2,12,-0.0,false,lata
130,Itaipava_Lata,Gama,GAM_L2,13,-0.0,false,lata
130,Itaipava_Lata,Gama,GAM_L2,14,-0.0,false,lata
130,Itaipava_Lata,Gama,GAM_L2,15,-0.0,false,lata
130,Itaipava_Lata,Gama,GAM_L3,1,-0.0,false,lata
130,Itaipava_Lata,Gama,GAM_L3,2,-0.0,false,lata
130,Itaipava_Lata,Gama,GAM_L3,3,-0.0,false,lata
130,Itaipava_Lata,Gama,GAM_L3,4,-0.0,false,lata
130,Itaipava_Lata,Gama,GAM_L3,5,-0.0,false,lata
130,Itaipava_Lata,Gama,GAM_L3,6,-999999.2475343001,false,lata
130,Itaipava_Lata,Gama,GAM_L3,7,-999999.5152343,false,lata
130,Itaipava_Lata,Gama,GAM_L3,8,-0.0,false,lata
130,Itaipava_Lata,Gama,GAM_L3,9,-0.0,false,lata
130,Itaipava_Lata,Gama,GAM_L3,10,-0.0,false,lata
130,Itaipava_Lata,Gama,GAM_L3,11,-0.0,false,lata
130,Itaipava_Lata,Gama,GAM_L3,12,-0.0,false,lata
130,Itaipava_Lata,Gama,GAM_L3,13,-0.0,false,lata
130,Itaipava_Lata,Gama,GAM_L3,14,-0.0,false,lata
130,Itaipava_Lata,Gama,GAM_L3,15,-0.0,false,lata
130,Itaipava_Lata,Viamao,VIA_L1,1,-0.0,false,lata
130,Itaipava_Lata,Viamao,VIA_L1,2,-0.0,false,lata
130,Itaipava_Lata,Viamao,VIA_L1,3,-0.0,false,lata
130,Itaipava_Lata,Viamao,VIA_L1,4,-0.0,false,lata
130,Itaipava_Lata,Viamao,VIA_L1,5,-0.0,false,lata
130,Itaipava_Lata,Viamao,VIA_L1,6,-0.0,false,lata
130,Itaipava_Lata,Viamao,VIA_L1,7,-0.0,false,lata
130,Itaipava_Lata,Viamao,VIA_L1,8,-0.0,false,lata
130,Itaipava_Lata,Viamao,VIA_L1,9,-999997.9378535998,false,lata
130,Itaipava_Lata,Viamao,VIA_L1,10,-0.0,false,lata
130,Itaipava_Lata,Viamao,VIA_L1,11,-0.0,false,lata
130,Itaipava_Lata,Viamao,VIA_L1,12,-0.0,false,lata
130,Itaipava_Lata,Viamao,VIA_L1,13,-0.0,false,lata
130,Itaipava_Lata,Viamao,VIA_L1,14,-0.0,false,lata
130,Itaipava_Lata,Viamao,VIA_L1,15,-0.0,false,lata
130,Itaipava_Lata,Viamao,VIA_L2,1,-0.0,false,lata
130,Itaipava_Lata,Viamao,VIA_L2,2,-0.0,false,lata
130,Itaipava_Lata,Viamao,VIA_L2,3,-999999.6057155499,false,lata
130,Itaipava_Lata,Viamao,VIA_L2,4,-0.0,false,lata
130,Itaipava_Lata,Viamao,VIA_L2,5,-0.0,false,lata
130,Itaipava_Lata,Viamao,VIA_L2,6,-0.0,false,lata
130,Itaipava_Lata,Viamao,VIA_L2,7,-0.0,false,lata
130,Itaipava_Lata,Viamao,VIA_L2,8,-0.0,false,lata
130,Itaipava_Lata,Viamao,VIA_L2,9,-0.0,false,lata
130,Itaipava_Lata,Viamao,VIA_L2,10,-0.0,false,lata
130,Itaipava_Lata,Viamao,VIA_L2,11,-0.0,false,lata
130,Itaipava_Lata,Viamao,VIA_L2,12,-0.0,false,lata
130,Itaipava_Lata,Viamao,VIA_L2,13,-0.0,false,lata
130,Itaipava_Lata,Viamao,VIA_L2,14,-0.0,false,lata
130,Itaipava_Lata,Viamao,VIA_L2,15,-0.0,false,lata
130,Itaipava_Lata,Viamao,VIA_L3,1,-0.0,false,lata
130,Itaipava_Lata,Viamao,VIA_L3,2,-0.0,false,lata
130,Itaipava_Lata,Viamao,VIA_L3,3,-0.0,false,lata
130,Itaipava_Lata,Viamao,VIA_L3,4,-999999.5599618498,false,lata
130,Itaipava_Lata,Viamao,VIA_L3,5,-0.0,false,lata
130,Itaipava_Lata,Viamao,VIA_L3,6,-0.0,false,lata
130,Itaipava_Lata,Viamao,VIA_L3,7,-0.0,false,lata
130,Itaipava_Lata,Viamao,VIA_L3,8,-0.0,false,lata
130,Itaipava_Lata,Viamao,VIA_L3,9,-0.0,false,lata
130,Itaipava_Lata,Viamao,VIA_L3,10,-0.0,false,lata
130,Itaipava_Lata,Viamao,VIA_L3,11,-0.0,false,lata
130,Itaipava_Lata,Viamao,VIA_L3,12,-0.0,false,lata
130,Itaipava_Lata,Viamao,VIA_L3,13,-0.0,false,lata
130,Itaipava_Lata,Viamao,VIA_L3,14,-0.0,false,lata
130,Itaipava_Lata,Viamao,VIA_L3,15,-0.0,false,lata
130,Itaipava_Lata,Itupeva,ITU_L1,1,-0.0,false,lata
130,Itaipava_Lata,Itupeva,ITU_L1,2,-0.0,false,lata
130,Itaipava_Lata,Itupeva,ITU_L1,3,-0.0,false,lata
130,Itaipava_Lata,Itupeva,ITU_L1,4,-0.0,false,lata
130,Itaipava_Lata,Itupeva,ITU_L1,5,-0.0,false,lata
130,Itaipava_Lata,Itupeva,ITU_L1,6,-0.0,false,lata
130,Itaipava_Lata,Itupeva,ITU_L1,7,-0.0,false,lata
130,Itaipava_Lata,Itupeva,ITU_L1,8,-0.0,false,lata
130,Itaipava_Lata,Itupeva,ITU_L1,9,-0.0,false,lata
130,Itaipava_Lata,Itupeva,ITU_L1,10,-999998.2045129999,false,lata
130,Itaipava_Lata,Itupeva,ITU_L1,11,-0.0,false,lata
130,Itaipava_Lata,Itupeva,ITU_L1,12,-0.0,false,lata
130,Itaipava_Lata,Itupeva,ITU_L1,13,-0.0,false,lata
130,Itaipava_Lata,Itupeva,ITU_L1,14,-0.0,false,lata
130,Itaipava_Lata,Itupeva,ITU_L1,15,-0.0,false,lata
130,Itaipava_Lata,Itupeva,ITU_L2,1,-0.0,false,lata
130,Itaipava_Lata,Itupeva,ITU_L2,2,-0.0,false,lata
130,Itaipava_Lata,Itupeva,ITU_L2,3,-0.0,false,lata
130,Itaipava_Lata,Itupeva,ITU_L2,4,-999999.5260501499,false,lata
130,Itaipava_Lata,Itupeva,ITU_L2,5,-0.0,false,lata
130,Itaipava_Lata,Itupeva,ITU_L2,6,-0.0,false,lata
130,Itaipava_Lata,Itupeva,ITU_L2,7,-0.0,false,lata
130,Itaipava_Lata,Itupeva,ITU_L2,8,-0.0,false,lata
130,Itaipava_Lata,Itupeva,ITU_L2,9,-0.0,false,lata
130,Itaipava_Lata,Itupeva,ITU_L2,10,-0.0,false,lata
130,Itaipava_Lata,Itupeva,ITU_L2,11,-0.0,false,lata
130,Itaipava_Lata,Itupeva,ITU_L2,12,-0.0,false,lata
130,Itaipava_Lata,Itupeva,ITU_L2,13,-0.0,false,lata
130,Itaipava_Lata,Itupeva,ITU_L2,14,-0.0,false,lata
130,Itaipava_Lata,Itupeva,ITU_L2,15,-0.0,false,lata
130,Itaipava_Lata,Itupeva,ITU_L3,1,-0.0,false,lata
130,Itaipava_Lata,Itupeva,ITU_L3,2,-999999.2864119497,false,lata
130,Itaipava_Lata,Itupeva,ITU_L3,3,-0.0,false,lata
130,Itaipava_Lata,Itupeva,ITU_L3,4,-0.0,false,lata
130,Itaipava_Lata,Itupeva,ITU_L3,5,-0.0,false,lata
130,Itaipava_Lata,Itupeva,ITU_L3,6,-0.0,false,lata
130,Itaipava_Lata,Itupeva,ITU_L3,7,-0.0,false,lata
130,Itaipava_Lata,Itupeva,ITU_L3,8,-0.0,false,lata
130,Itaipava_Lata,Itupeva,ITU_L3,9,-0.0,false,lata
130,Itaipava_Lata,Itupeva,ITU_L3,10,-0.0,false,lata
130,Itaipava_Lata,Itupeva,ITU_L3,11,-0.0,false,lata
130,Itaipava_Lata,Itupeva,ITU_L3,12,-0.0,false,lata
130,Itaipava_Lata,Itupeva,ITU_L3,13,-0.0,false,lata
130,Itaipava_Lata,Itupeva,ITU_L3,14,-0.0,false,lata
130,Itaipava_Lata,Itupeva,ITU_L3,15,-0.0,false,lata
130,Itaipava_Lata,Cabo de Santo Agostinho,CAB_L1,1,-0.0,false,lata
130,Itaipava_Lata,Cabo de Santo Agostinho,CAB_L1,2,-0.0,false,lata
130,Itaipava_Lata,Cabo de Santo Agostinho,CAB_L1,3,-999999.5897968501,false,lata
130,Itaipava_Lata,Cabo de Santo Agostinho,CAB_L1,4,-0.0,false,lata
130,Itaipava_Lata,Cabo de Santo Agostinho,CAB_L1,5,-0.0,false,lata
130,Itaipava_Lata,Cabo de Santo Agostinho,CAB_L1,6,-0.0,false,lata
130,Itaipava_Lata,Cabo de Santo Agostinho,CAB_L1,7,-0.0,false,lata
130,Itaipava_Lata,Cabo de Santo Agostinho,CAB_L1,8,-0.0,false,lata
130,Itaipava_Lata,Cabo de Santo Agostinho,CAB_L1,9,-0.0,false,lata
130,Itaipava_Lata,Cabo de Santo Agostinho,CAB_L1,10,-0.0,false,lata
130,Itaipava_Lata,Cabo de Santo Agostinho,CAB_L1,11,-0.0,false,lata
130,Itaipava_Lata,Cabo de Santo Agostinho,CAB_L1,12,-0.0,false,lata
130,Itaipava_Lata,Cabo de Santo Agostinho,CAB_L1,13,-0.0,false,lata
130,Itaipava_Lata,Cabo de Santo Agostinho,CAB_L1,14,-0.0,false,lata
130,Itaipava_Lata,Cabo de Santo Agostinho,CAB_L1,15,-999997.9760581,false,lata
130,Itaipava_Lata,Cabo de Santo Agostinho,CAB_L2,1,-0.0,false,lata
130,Itaipava_Lata,Cabo de Santo Agostinho,CAB_L2,2,-999999.34016195,false,lata
130,Itaipava_Lata,Cabo de Santo Agostinho,CAB_L2,3,-0.0,false,lata
130,Itaipava_Lata,Cabo de Santo Agostinho,CAB_L2,4,-0.0,false,lata
130,Itaipava_Lata,Cabo de Santo Agostinho,CAB_L2,5,-0.0,false,lata
130,Itaipava_Lata,Cabo de Santo Agostinho,CAB_L2,6,-0.0,false,lata
130,Itaipava_Lata,Cabo de Santo Agostinho,CAB_L2,7,-0.0,false,lata
130,Itaipava_Lata,Cabo de Santo Agostinho,CAB_L2,8,-0.0,false,lata
130,Itaipava_Lata,Cabo de Santo Agostinho,CAB_L2,9,-0.0,false,lata
130,Itaipava_Lata,Cabo de Santo Agostinho,CAB_L2,10,-999998.2405710998,false,lata
130,Itaipava_Lata,Cabo de Santo Agostinho,CAB_L2,11,-0.0,false,lata
130,Itaipava_Lata,Cabo de Santo Agostinho,CAB_L2,12,-0.0,false,lata
130,Itaipava_Lata,Cabo de Santo Agostinho,CAB_L2,13,-0.0,false,lata
130,Itaipava_Lata,Cabo de Santo Agostinho,CAB_L2,14,-0.0,false,lata
130,Itaipava_Lata,Cabo de Santo Agostinho,CAB_L2,15,-0.0,false,lata
130,Itaipava_Lata,Cabo de Santo Agostinho,CAB_L3,1,-0.0,false,lata
130,Itaipava_Lata,Cabo de Santo Agostinho,CAB_L3,2,-0.0,false,lata
130,Itaipava_Lata,Cabo de Santo Agostinho,CAB_L3,3,-0.0,false,lata
130,Itaipava_Lata,Cabo de Santo Agostinho,CAB_L3,4,-0.0,false,lata
130,Itaipava_Lata,Cabo de Santo Agostinho,CAB_L3,5,-0.0,false,lata
130,Itaipava_Lata,Cabo de Santo Agostinho,CAB_L3,6,-0.0,false,lata
130,Itaipava_Lata,Cabo de Santo Agostinho,CAB_L3,7,-0.0,false,lata
130,Itaipava_Lata,Cabo de Santo Agostinho,CAB_L3,8,-0.0,false,lata
130,Itaipava_Lata,Cabo de Santo Agostinho,CAB_L3,9,-0.0,false,lata
130,Itaipava_Lata,Cabo de Santo Agostinho,CAB_L3,10,-0.0,false,lata
130,Itaipava_Lata,Cabo de Santo Agostinho,CAB_L3,11,-0.0,false,lata
130,Itaipava_Lata,Cabo de Santo Agostinho,CAB_L3,12,-0.0,false,lata
130,Itaipava_Lata,Cabo de Santo Agostinho,CAB_L3,13,-0.0,false,lata
130,Itaipava_Lata,Cabo de Santo Agostinho,CAB_L3,14,-0.0,false,lata
130,Itaipava_Lata,Cabo de Santo Agostinho,CAB_L3,15,-0.0,false,lata
