cenario,produto,plant,linha,periodo,pi_demanda,saturado,unidade
135,Coca_Cola,Jacarei,JAC_L1,1,-999999.9957772,false,lata
135,Coca_Cola,Jacarei,JAC_L1,2,-0.0,false,lata
135,Coca_Cola,Jacarei,JAC_L1,3,-0.0,false,lata
135,Coca_Cola,Jacarei,JAC_L1,4,-0.0,false,lata
135,Coca_Cola,Jacarei,JAC_L1,5,-0.0,false,lata
135,Coca_Cola,Jacarei,JAC_L1,6,-0.0,false,lata
135,Coca_Cola,Jacarei,JAC_L1,7,-0.0,false,lata
135,Coca_Cola,Jacarei,JAC_L1,8,-0.0,false,lata
135,Coca_Cola,Jacarei,JAC_L1,9,-0.0,false,lata
135,Coca_Cola,Jacarei,JAC_L1,10,-0.0,false,lata
135,Coca_Cola,Jacarei,JAC_L1,11,-0.0,false,lata
135,Coca_Cola,Jacarei,JAC_L1,12,-999998.83871935,false,lata
135,Coca_Cola,Jacarei,JAC_L1,13,-0.0,false,lata
135,Coca_Cola,Jacarei,JAC_L1,14,-0.0,false,lata
135,Coca_Cola,Jacarei,JAC_L1,15,-0.0,false,lata
135,Coca_Cola,Jacarei,JAC_L2,1,-0.0,false,lata
135,Coca_Cola,Jacarei,JAC_L2,2,-0.0,false,lata
135,Coca_Cola,Jacarei,JAC_L2,3,-0.0,false,lata
135,Coca_Cola,Jacarei,JAC_L2,4,-0.0,false,lata
135,Coca_Cola,Jacarei,JAC_L2,5,-999999.7129260999,false,lata
135,Coca_Cola,Jacarei,JAC_L2,6,-0.0,false,lata
135,Coca_Cola,Jacarei,JAC_L2,7,-0.0,false,lata
135,Coca_Cola,Jacarei,JAC_L2,8,-0.0,false,lata
135,Coca_Cola,Jacarei,JAC_L2,9,-0.0,false,lata
135,Coca_Cola,Jacarei,JAC_L2,10,-0.0,false,lata
135,Coca_Cola,Jacarei,JAC_L2,11,-0.0,false,lata
135,Coca_Cola,Jacarei,JAC_L2,12,-0.0,false,lata
135,Coca_Cola,Jacarei,JAC_L2,13,-0.0,false,lata
135,Coca_Cola,Jacarei,JAC_L2,14,-0.0,false,lata
135,Coca_Cola,Jacarei,JAC_L2,15,-0.0,false,lata
135,Coca_Cola,Jacarei,JAC_L3,1,-0.0,false,lata
135,Coca_Cola,Jacarei,JAC_L3,2,-0.0,false,lata
135,Coca_Cola,Jacarei,JAC_L3,3,-0.0,false,lata
135,Coca_Cola,Jacarei,JAC_L3,4,-0.0,false,lata
135,Coca_Cola,Jacarei,JAC_L3,5,-0.0,false,lata
135,Coca_Cola,Jacarei,JAC_L3,6,-0.0,false,lata
135,Coca_Cola,Jacarei,JAC_L3,7,-0.0,false,lata
135,Coca_Cola,Jacarei,JAC_L3,8,-0.0,false,lata
135,Coca_Cola,Jacarei,JAC_L3,9,-999999.4090376499,false,lata
135,Coca_Cola,Jacarei,JAC_L3,10,-0.0,false,lata
135,Coca_Cola,Jacarei,JAC_L3,11,-0.0,false,lata
135,Coca_Cola,Jacarei,JAC_L3,12,-0.0,false,lata
135,Coca_Cola,Jacarei,JAC_L3,13,-999999.1183858501,false,lata
135,Coca_Cola,Jacarei,JAC_L3,14,-0.0,false,lata
135,Coca_Cola,Jacarei,JAC_L3,15,-0.0,false,lata
135,Coca_Cola,Extrema,EXT_L1,1,-0.0,false,lata
135,Coca_Cola,Extrema,EXT_L1,2,-0.0,false,lata
135,Coca_Cola,Extrema,EXT_L1,3,-0.0,false,lata
135,Coca_Cola,Extrema,EXT_L1,4,-0.0,false,lata
135,Coca_Cola,Extrema,EXT_L1,5,-0.0,false,lata
135,Coca_Cola,Extrema,EXT_L1,6,-999999.6766757001,false,lata
135,Coca_Cola,Extrema,EXT_L1,7,-0.0,false,lata
135,Coca_Cola,Extrema,EXT_L1,8,-0.0,false,lata
135,Coca_Cola,Extrema,EXT_L1,9,-0.0,false,lata
135,Coca_Cola,Extrema,EXT_L1,10,-0.0,false,lata
135,Coca_Cola,Extrema,EXT_L1,11,-0.0,false,lata
135,Coca_Cola,Extrema,EXT_L1,12,-0.0,false,lata
135,Coca_Cola,Extrema,EXT_L1,13,-0.0,false,lata
135,Coca_Cola,Extrema,EXT_L1,14,-0.0,false,lata
135,Coca_Cola,Extrema,EXT_L1,15,-0.0,false,lata
135,Coca_Cola,Extrema,EXT_L2,1,-0.0,false,lata
135,Coca_Cola,Extrema,EXT_L2,2,-0.0,false,lata
135,Coca_Cola,Extrema,EXT_L2,3,-0.0,false,lata
135,Coca_Cola,Extrema,EXT_L2,4,-0.0,false,lata
135,Coca_Cola,Extrema,EXT_L2,5,-0.0,false,lata
135,Coca_Cola,Extrema,EXT_L2,6,-0.0,false,lata
135,Coca_Cola,Extrema,EXT_L2,7,-0.0,false,lata
135,Coca_Cola,Extrema,EXT_L2,8,-0.0,false,lata
135,Coca_Cola,Extrema,EXT_L2,9,-0.0,false,lata
135,Coca_Cola,Extrema,EXT_L2,10,-0.0,false,lata
135,Coca_Cola,Extrema,EXT_L2,11,-0.0,false,lata
135,Coca_Cola,Extrema,EXT_L2,12,-0.0,false,lata
135,Coca_Cola,Extrema,EXT_L2,13,-0.0,false,lata
135,Coca_Cola,Extrema,EXT_L2,14,-0.0,false,lata
135,Coca_Cola,Extrema,EXT_L2,15,-0.0,false,lata
135,Coca_Cola,Extrema,EXT_L3,1,-0.0,false,lata
135,Coca_Cola,Extrema,EXT_L3,2,-0.0,false,lata
135,Coca_Cola,Extrema,EXT_L3,3,-0.0,false,lata
135,Coca_Cola,Extrema,EXT_L3,4,-0.0,false,lata
135,Coca_Cola,Extrema,EXT_L3,5,-0.0,false,lata
135,Coca_Cola,Extrema,EXT_L3,6,-0.0,false,lata
135,Coca_Cola,Extrema,EXT_L3,7,-0.0,false,lata
135,Coca_Cola,Extrema,EXT_L3,8,-0.0,false,lata
135,Coca_Cola,Extrema,EXT_L3,9,-0.0,false,lata
135,Coca_Cola,Extrema,EXT_L3,10,-0.0,false,lata
135,Coca_Cola,Extrema,EXT_L3,11,-0.0,false,lata
135,Coca_Cola,Extrema,EXT_L3,12,-0.0,false,lata
135,Coca_Cola,Extrema,EXT_L3,13,-0.0,false,lata
135,Coca_Cola,Extrema,EXT_L3,14,-0.0,false,lata
135,Coca_Cola,Extrema,EXT_L3,15,-0.0,false,lata
135,Coca_Cola,Tres Rios,TRE_L1,1,-0.0,false,lata
135,Coca_Cola,Tres Rios,TRE_L1,2,-0.0,false,lata
135,Coca_Cola,Tres Rios,TRE_L1,3,-0.0,false,lata
135,Coca_Cola,Tres Rios,TRE_L1,4,-0.0,false,lata
135,Coca_Cola,Tres Rios,TRE_L1,5,-0.0,false,lata
135,Coca_Cola,Tres Rios,TRE_L1,6,-0.0,false,lata
135,Coca_Cola,Tres Rios,TRE_L1,7,-0.0,false,lata
135,Coca_Cola,Tres Rios,TRE_L1,8,-0.0,false,lata
135,Coca_Cola,Tres Rios,TRE_L1,9,-0.0,false,lata
135,Coca_Cola,Tres Rios,TRE_L1,10,-0.0,false,lata
135,Coca_Cola,Tres Rios,TRE_L1,11,-0.0,false,lata
135,Coca_Cola,Tres Rios,TRE_L1,12,-0.0,false,lata
135,Coca_Cola,Tres Rios,TRE_L1,13,-0.0,false,lata
135,Coca_Cola,Tres Rios,TRE_L1,14,-0.0,false,lata
135,Coca_Cola,Tres Rios,TRE_L1,15,-0.0,false,lata
135,Coca_Cola,Tres Rios,TRE_L2,1,-0.0,false,lata
135,Coca_Cola,Tres Rios,TRE_L2,2,-0.0,false,lata
135,Coca_Cola,Tres Rios,TRE_L2,3,-0.0,false,lata
135,Coca_Cola,Tres Rios,TRE_L2,4,-0.0,false,lata
135,Coca_Cola,Tres Rios,TRE_L2,5,-0.0,false,lata
135,Coca_Cola,Tres Rios,TRE_L2,6,-0.0,false,lata
135,Coca_Cola,Tres Rios,TRE_L2,7,-0.0,false,lata
135,Coca_Cola,Tres Rios,TRE_L2,8,-0.0,false,lata
135,Coca_Cola,Tres Rios,TRE_L2,9,-0.0,false,lata
135,Coca_Cola,Tres Rios,TRE_L2,10,-0.0,false,lata
135,Coca_Cola,Tres Rios,TRE_L2,11,-0.0,false,lata
135,Coca_Cola,Tres Rios,TRE_L2,12,-0.0,false,lata
135,Coca_Cola,Tres Rios,TRE_L2,13,-0.0,false,lata
135,Coca_Cola,Tres Rios,TRE_L2,14,-0.0,false,lata
135,Coca_Cola,Tres Rios,TRE_L2,15,-0.0,false,lata
135,Coca_Cola,Tres Rios,TRE_L3,1,-1.0e6,true,lata
135,Coca_Cola,Tres Rios,TRE_L3,2,-0.0,false,lata
135,Coca_Cola,Tres Rios,TRE_L3,3,-0.0,false,lata
135,Coca_Cola,Tres Rios,TRE_L3,4,-0.0,false,lata
135,Coca_Cola,Tres Rios,TRE_L3,5,-0.0,false,lata
135,Coca_Cola,Tres Rios,TRE_L3,6,-0.0,false,lata
135,Coca_Cola,Tres Rios,TRE_L3,7,-0.0,false,lata
135,Coca_Cola,Tres Rios,TRE_L3,8,-0.0,false,lata
135,Coca_Cola,Tres Rios,TRE_L3,9,-0.0,false,lata
135,Coca_Cola,Tres Rios,TRE_L3,10,-0.0,false,lata
135,Coca_Cola,Tres Rios,TRE_L3,11,-0.0,false,lata
135,Coca_Cola,Tres Rios,TRE_L3,12,-0.0,false,lata
135,Coca_Cola,Tres Rios,TRE_L3,13,-0.0,false,lata
135,Coca_Cola,Tres Rios,TRE_L3,14,-0.0,false,lata
135,Coca_Cola,Tres Rios,TRE_L3,15,-0.0,false,lata
135,Coca_Cola,Alagoinhas,ALA_L1,1,-0.0,false,lata
135,Coca_Cola,Alagoinhas,ALA_L1,2,-0.0,false,lata
135,Coca_Cola,Alagoinhas,ALA_L1,3,-0.0,false,lata
135,Coca_Cola,Alagoinhas,ALA_L1,4,-0.0,false,lata
135,Coca_Cola,Alagoinhas,ALA_L1,5,-0.0,false,lata
135,Coca_Cola,Alagoinhas,ALA_L1,6,-0.0,false,lata
135,Coca_Cola,Alagoinhas,ALA_L1,7,-0.0,false,lata
135,Coca_Cola,Alagoinhas,ALA_L1,8,-0.0,false,lata
135,Coca_Cola,Alagoinhas,ALA_L1,9,-0.0,false,lata
135,Coca_Cola,Alagoinhas,ALA_L1,10,-0.0,false,lata
135,Coca_Cola,Alagoinhas,ALA_L1,11,-0.0,false,lata
135,Coca_Cola,Alagoinhas,ALA_L1,12,-0.0,false,lata
135,Coca_Cola,Alagoinhas,ALA_L1,13,-0.0,false,lata
135,Coca_Cola,Alagoinhas,ALA_L1,14,-0.0,false,lata
135,Coca_Cola,Alagoinhas,ALA_L1,15,-0.0,false,lata
135,Coca_Cola,Alagoinhas,ALA_L2,1,-0.0,false,lata
135,Coca_Cola,Alagoinhas,ALA_L2,2,-0.0,false,lata
135,Coca_Cola,Alagoinhas,ALA_L2,3,-0.0,false,lata
135,Coca_Cola,Alagoinhas,ALA_L2,4,-0.0,false,lata
135,Coca_Cola,Alagoinhas,ALA_L2,5,-0.0,false,lata
135,Coca_Cola,Alagoinhas,ALA_L2,6,-0.0,false,lata
135,Coca_Cola,Alagoinhas,ALA_L2,7,-1.0e6,true,lata
135,Coca_Cola,Alagoinhas,ALA_L2,8,-0.0,false,lata
135,Coca_Cola,Alagoinhas,ALA_L2,9,-0.0,false,lata
135,Coca_Cola,Alagoinhas,ALA_L2,10,-0.0,false,lata
135,Coca_Cola,Alagoinhas,ALA_L2,11,-0.0,false,lata
135,Coca_Cola,Alagoinhas,ALA_L2,12,-0.0,false,lata
135,Coca_Cola,Alagoinhas,ALA_L2,13,-0.0,false,lata
135,Coca_Cola,Alagoinhas,ALA_L2,14,-0.0,false,lata
135,Coca_Cola,Alagoinhas,ALA_L2,15,-0.0,false,lata
135,Coca_Cola,Alagoinhas,ALA_L3,1,-0.0,false,lata
135,Coca_Cola,Alagoinhas,ALA_L3,2,-0.0,false,lata
135,Coca_Cola,Alagoinhas,ALA_L3,3,-0.0,false,lata
135,Coca_Cola,Alagoinhas,ALA_L3,4,-0.0,false,lata
135,Coca_Cola,Alagoinhas,ALA_L3,5,-0.0,false,lata
135,Coca_Cola,Alagoinhas,ALA_L3,6,-0.0,false,lata
135,Coca_Cola,Alagoinhas,ALA_L3,7,-0.0,false,lata
135,Coca_Cola,Alagoinhas,ALA_L3,8,-0.0,false,lata
135,Coca_Cola,Alagoinhas,ALA_L3,9,-0.0,false,lata
135,Coca_Cola,Alagoinhas,ALA_L3,10,-0.0,false,lata
135,Coca_Cola,Alagoinhas,ALA_L3,11,-0.0,false,lata
135,Coca_Cola,Alagoinhas,ALA_L3,12,-0.0,false,lata
135,Coca_Cola,Alagoinhas,ALA_L3,13,-0.0,false,lata
135,Coca_Cola,Alagoinhas,ALA_L3,14,-0.0,false,lata
135,Coca_Cola,Alagoinhas,ALA_L3,15,-0.0,false,lata
135,Coca_Cola,Frutal,FRU_L1,1,-0.0,false,lata
135,Coca_Cola,Frutal,FRU_L1,2,-0.0,false,lata
135,Coca_Cola,Frutal,FRU_L1,3,-999999.2212039499,false,lata
135,Coca_Cola,Frutal,FRU_L1,4,-0.0,false,lata
135,Coca_Cola,Frutal,FRU_L1,5,-0.0,false,lata
135,Coca_Cola,Frutal,FRU_L1,6,-0.0,false,lata
135,Coca_Cola,Frutal,FRU_L1,7,-0.0,false,lata
135,Coca_Cola,Frutal,FRU_L1,8,-0.0,false,lata
135,Coca_Cola,Frutal,FRU_L1,9,-0.0,false,lata
135,Coca_Cola,Frutal,FRU_L1,10,-0.0,false,lata
135,Coca_Cola,Frutal,FRU_L1,11,-0.0,false,lata
135,Coca_Cola,Frutal,FRU_L1,12,-0.0,false,lata
135,Coca_Cola,Frutal,FRU_L1,13,-0.0,false,lata
135,Coca_Cola,Frutal,FRU_L1,14,-0.0,false,lata
135,Coca_Cola,Frutal,FRU_L1,15,-0.0,false,lata
135,Coca_Cola,Frutal,FRU_L2,1,-0.0,false,lata
135,Coca_Cola,Frutal,FRU_L2,2,-0.0,false,lata
135,Coca_Cola,Frutal,FRU_L2,3,-0.0,false,lata
135,Coca_Cola,Frutal,FRU_L2,4,-0.0,false,lata
135,Coca_Cola,Frutal,FRU_L2,5,-0.0,false,lata
135,Coca_Cola,Frutal,FRU_L2,6,-0.0,false,lata
135,Coca_Cola,Frutal,FRU_L2,7,-0.0,false,lata
135,Coca_Cola,Frutal,FRU_L2,8,-0.0,false,lata
135,Coca_Cola,Frutal,FRU_L2,9,-0.0,false,lata
135,Coca_Cola,Frutal,FRU_L2,10,-999999.6986389499,false,lata
135,Coca_Cola,Frutal,FRU_L2,11,-0.0,false,lata
135,Coca_Cola,Frutal,FRU_L2,12,-0.0,false,lata
135,Coca_Cola,Frutal,FRU_L2,13,-0.0,false,lata
135,Coca_Cola,Frutal,FRU_L2,14,-0.0,false,lata
135,Coca_Cola,Frutal,FRU_L2,15,-0.0,false,lata
135,Coca_Cola,Frutal,FRU_L3,1,-0.0,false,lata
135,Coca_Cola,Frutal,FRU_L3,2,-0.0,false,lata
135,Coca_Cola,Frutal,FRU_L3,3,-0.0,false,lata
135,Coca_Cola,Frutal,FRU_L3,4,-0.0,false,lata
135,Coca_Cola,Frutal,FRU_L3,5,-0.0,false,lata
135,Coca_Cola,Frutal,FRU_L3,6,-0.0,false,lata
135,Coca_Cola,Frutal,FRU_L3,7,-999999.94747195,false,lata
135,Coca_Cola,Frutal,FRU_L3,8,-0.0,false,lata
135,Coca_Cola,Frutal,FRU_L3,9,-0.0,false,lata
135,Coca_Cola,Frutal,FRU_L3,10,-0.0,false,lata
135,Coca_Cola,Frutal,FRU_L3,11,-0.0,false,lata
135,Coca_Cola,Frutal,FRU_L3,12,-0.0,false,lata
135,Coca_Cola,Frutal,FRU_L3,13,-0.0,false,lata
135,Coca_Cola,Frutal,FRU_L3,14,-0.0,false,lata
135,Coca_Cola,Frutal,FRU_L3,15,-0.0,false,lata
135,Coca_Cola,Pouso Alegre,POU_L1,1,-0.0,false,lata
135,Coca_Cola,Pouso Alegre,POU_L1,2,-0.0,false,lata
135,Coca_Cola,Pouso Alegre,POU_L1,3,-0.0,false,lata
135,Coca_Cola,Pouso Alegre,POU_L1,4,-0.0,false,lata
135,Coca_Cola,Pouso Alegre,POU_L1,5,-0.0,false,lata
135,Coca_Cola,Pouso Alegre,POU_L1,6,-0.0,false,lata
135,Coca_Cola,Pouso Alegre,POU_L1,7,-0.0,false,lata
135,Coca_Cola,Pouso Alegre,POU_L1,8,-0.0,false,lata
135,Coca_Cola,Pouso Alegre,POU_L1,9,-0.0,false,lata
135,Coca_Cola,Pouso Alegre,POU_L1,10,-0.0,false,lata
135,Coca_Cola,Pouso Alegre,POU_L1,11,-0.0,false,lata
135,Coca_Cola,Pouso Alegre,POU_L1,12,-0.0,false,lata
135,Coca_Cola,Pouso Alegre,POU_L1,13,-0.0,false,lata
135,Coca_Cola,Pouso Alegre,POU_L1,14,-0.0,false,lata
135,Coca_Cola,Pouso Alegre,POU_L1,15,-0.0,false,lata
135,Coca_Cola,Pouso Alegre,POU_L2,1,-1.0e6,true,lata
135,Coca_Cola,Pouso Alegre,POU_L2,2,-0.0,false,lata
135,Coca_Cola,Pouso Alegre,POU_L2,3,-0.0,false,lata
135,Coca_Cola,Pouso Alegre,POU_L2,4,-0.0,false,lata
135,Coca_Cola,Pouso Alegre,POU_L2,5,-0.0,false,lata
135,Coca_Cola,Pouso Alegre,POU_L2,6,-0.0,false,lata
135,Coca_Cola,Pouso Alegre,POU_L2,7,-0.0,false,lata
135,Coca_Cola,Pouso Alegre,POU_L2,8,-0.0,false,lata
135,Coca_Cola,Pouso Alegre,POU_L2,9,-0.0,false,lata
135,Coca_Cola,Pouso Alegre,POU_L2,10,-0.0,false,lata
135,Coca_Cola,Pouso Alegre,POU_L2,11,-0.0,false,lata
135,Coca_Cola,Pouso Alegre,POU_L2,12,-0.0,false,lata
135,Coca_Cola,Pouso Alegre,POU_L2,13,-0.0,false,lata
135,Coca_Cola,Pouso Alegre,POU_L2,14,-999999.3658489,false,lata
135,Coca_Cola,Pouso Alegre,POU_L2,15,-999999.6415597501,false,lata
135,Coca_Cola,Pouso Alegre,POU_L3,1,-0.0,false,lata
135,Coca_Cola,Pouso Alegre,POU_L3,2,-0.0,false,lata
135,Coca_Cola,Pouso Alegre,POU_L3,3,-0.0,false,lata
135,Coca_Cola,Pouso Alegre,POU_L3,4,-0.0,false,lata
135,Coca_Cola,Pouso Alegre,POU_L3,5,-0.0,false,lata
135,Coca_Cola,Pouso Alegre,POU_L3,6,-0.0,false,lata
135,Coca_Cola,Pouso Alegre,POU_L3,7,-0.0,false,lata
135,Coca_Cola,Pouso Alegre,POU_L3,8,-1.0e6,true,lata
135,Coca_Cola,Pouso Alegre,POU_L3,9,-0.0,false,lata
135,Coca_Cola,Pouso Alegre,POU_L3,10,-0.0,false,lata
135,Coca_Cola,Pouso Alegre,POU_L3,11,-0.0,false,lata
135,Coca_Cola,Pouso Alegre,POU_L3,12,-0.0,false,lata
135,Coca_Cola,Pouso Alegre,POU_L3,13,-0.0,false,lata
135,Coca_Cola,Pouso Alegre,POU_L3,14,-0.0,false,lata
135,Coca_Cola,Pouso Alegre,POU_L3,15,-0.0,false,lata
135,Coca_Cola,Gama,GAM_L1,1,-0.0,false,lata
135,Coca_Cola,Gama,GAM_L1,2,-0.0,false,lata
135,Coca_Cola,Gama,GAM_L1,3,-0.0,false,lata
135,Coca_Cola,Gama,GAM_L1,4,-0.0,false,lata
135,Coca_Cola,Gama,GAM_L1,5,-0.0,false,lata
135,Coca_Cola,Gama,GAM_L1,6,-0.0,false,lata
135,Coca_Cola,Gama,GAM_L1,7,-0.0,false,lata
135,Coca_Cola,Gama,GAM_L1,8,-0.0,false,lata
135,Coca_Cola,Gama,GAM_L1,9,-0.0,false,lata
135,Coca_Cola,Gama,GAM_L1,10,-999999.7180714998,false,lata
135,Coca_Cola,Gama,GAM_L1,11,-999998.9581708501,false,lata
135,Coca_Cola,Gama,GAM_L1,12,-0.0,false,lata
135,Coca_Cola,Gama,GAM_L1,13,-0.0,false,lata
135,Coca_Cola,Gama,GAM_L1,14,-0.0,false,lata
135,Coca_Cola,Gama,GAM_L1,15,-0.0,false,lata
135,Coca_Cola,Gama,GAM_L2,1,-0.0,false,lata
135,Coca_Cola,Gama,GAM_L2,2,-0.0,false,lata
135,Coca_Cola,Gama,GAM_L2,3,-0.0,false,lata
135,Coca_Cola,Gama,GAM_L2,4,-0.0,false,lata
135,Coca_Cola,Gama,GAM_L2,5,-0.0,false,lata
135,Coca_Cola,Gama,GAM_L2,6,-0.0,false,lata
135,Coca_Cola,Gama,GAM_L2,7,-0.0,false,lata
135,Coca_Cola,Gama,GAM_L2,8,-0.0,false,lata
135,Coca_Cola,Gama,GAM_L2,9,-0.0,false,lata
135,Coca_Cola,Gama,GAM_L2,10,-0.0,false,lata
135,Coca_Cola,Gama,GAM_L2,11,-0.0,false,lata
135,Coca_Cola,Gama,GAM_L2,12,-0.0,false,lata
135,Coca_Cola,Gama,GAM_L2,13,-0.0,false,lata
135,Coca_Cola,Gama,GAM_L2,14,-0.0,false,lata
135,Coca_Cola,Gama,GAM_L2,15,-0.0,false,lata
135,Coca_Cola,Gama,GAM_L3,1,-1.0e6,true,lata
135,Coca_Cola,Gama,GAM_L3,2,-0.0,false,lata
135,Coca_Cola,Gama,GAM_L3,3,-0.0,false,lata
135,Coca_Cola,Gama,GAM_L3,4,-999999.4990531999,false,lata
135,Coca_Cola,Gama,GAM_L3,5,-0.0,false,lata
135,Coca_Cola,Gama,GAM_L3,6,-0.0,false,lata
135,Coca_Cola,Gama,GAM_L3,7,-0.0,false,lata
135,Coca_Cola,Gama,GAM_L3,8,-0.0,false,lata
135,Coca_Cola,Gama,GAM_L3,9,-0.0,false,lata
135,Coca_Cola,Gama,GAM_L3,10,-0.0,false,lata
135,Coca_Cola,Gama,GAM_L3,11,-0.0,false,lata
135,Coca_Cola,Gama,GAM_L3,12,-0.0,false,lata
135,Coca_Cola,Gama,GAM_L3,13,-0.0,false,lata
135,Coca_Cola,Gama,GAM_L3,14,-0.0,false,lata
135,Coca_Cola,Gama,GAM_L3,15,-0.0,false,lata
135,Coca_Cola,Viamao,VIA_L1,1,-0.0,false,lata
135,Coca_Cola,Viamao,VIA_L1,2,-0.0,false,lata
135,Coca_Cola,Viamao,VIA_L1,3,-0.0,false,lata
135,Coca_Cola,Viamao,VIA_L1,4,-0.0,false,lata
135,Coca_Cola,Viamao,VIA_L1,5,-0.0,false,lata
135,Coca_Cola,Viamao,VIA_L1,6,-0.0,false,lata
135,Coca_Cola,Viamao,VIA_L1,7,-0.0,false,lata
135,Coca_Cola,Viamao,VIA_L1,8,-999999.9631221,false,lata
135,Coca_Cola,Viamao,VIA_L1,9,-0.0,false,lata
135,Coca_Cola,Viamao,VIA_L1,10,-0.0,false,lata
135,Coca_Cola,Viamao,VIA_L1,11,-0.0,false,lata
135,Coca_Cola,Viamao,VIA_L1,12,-0.0,false,lata
135,Coca_Cola,Viamao,VIA_L1,13,-0.0,false,lata
135,Coca_Cola,Viamao,VIA_L1,14,-0.0,false,lata
135,Coca_Cola,Viamao,VIA_L1,15,-0.0,false,lata
135,Coca_Cola,Viamao,VIA_L2,1,-0.0,false,lata
135,Coca_Cola,Viamao,VIA_L2,2,-0.0,false,lata
135,Coca_Cola,Viamao,VIA_L2,3,-0.0,false,lata
135,Coca_Cola,Viamao,VIA_L2,4,-0.0,false,lata
135,Coca_Cola,Viamao,VIA_L2,5,-0.0,false,lata
135,Coca_Cola,Viamao,VIA_L2,6,-0.0,false,lata
135,Coca_Cola,Viamao,VIA_L2,7,-0.0,false,lata
135,Coca_Cola,Viamao,VIA_L2,8,-0.0,false,lata
135,Coca_Cola,Viamao,VIA_L2,9,-0.0,false,lata
135,Coca_Cola,Viamao,VIA_L2,10,-0.0,false,lata
135,Coca_Cola,Viamao,VIA_L2,11,-0.0,false,lata
135,Coca_Cola,Viamao,VIA_L2,12,-0.0,false,lata
135,Coca_Cola,Viamao,VIA_L2,13,-0.0,false,lata
135,Coca_Cola,Viamao,VIA_L2,14,-0.0,false,lata
135,Coca_Cola,Viamao,VIA_L2,15,-0.0,false,lata
135,Coca_Cola,Viamao,VIA_L3,1,-0.0,false,lata
135,Coca_Cola,Viamao,VIA_L3,2,-0.0,false,lata
135,Coca_Cola,Viamao,VIA_L3,3,-0.0,false,lata
135,Coca_Cola,Viamao,VIA_L3,4,-0.0,false,lata
135,Coca_Cola,Viamao,VIA_L3,5,-0.0,false,lata
135,Coca_Cola,Viamao,VIA_L3,6,-0.0,false,lata
135,Coca_Cola,Viamao,VIA_L3,7,-0.0,false,lata
135,Coca_Cola,Viamao,VIA_L3,8,-0.0,false,lata
135,Coca_Cola,Viamao,VIA_L3,9,-0.0,false,lata
135,Coca_Cola,Viamao,VIA_L3,10,-0.0,false,lata
135,Coca_Cola,Viamao,VIA_L3,11,-0.0,false,lata
135,Coca_Cola,Viamao,VIA_L3,12,-0.0,false,lata
135,Coca_Cola,Viamao,VIA_L3,13,-0.0,false,lata
135,Coca_Cola,Viamao,VIA_L3,14,-0.0,false,lata
135,Coca_Cola,Viamao,VIA_L3,15,-0.0,false,lata
135,Coca_Cola,Itupeva,ITU_L1,1,-0.0,false,lata
135,Coca_Cola,Itupeva,ITU_L1,2,-0.0,false,lata
135,Coca_Cola,Itupeva,ITU_L1,3,-999999.2094508499,false,lata
135,Coca_Cola,Itupeva,ITU_L1,4,-0.0,false,lata
135,Coca_Cola,Itupeva,ITU_L1,5,-0.0,false,lata
135,Coca_Cola,Itupeva,ITU_L1,6,-0.0,false,lata
135,Coca_Cola,Itupeva,ITU_L1,7,-0.0,false,lata
135,Coca_Cola,Itupeva,ITU_L1,8,-0.0,false,lata
135,Coca_Cola,Itupeva,ITU_L1,9,-0.0,false,lata
135,Coca_Cola,Itupeva,ITU_L1,10,-0.0,false,lata
135,Coca_Cola,Itupeva,ITU_L1,11,-0.0,false,lata
135,Coca_Cola,Itupeva,ITU_L1,12,-0.0,false,lata
135,Coca_Cola,Itupeva,ITU_L1,13,-0.0,false,lata
135,Coca_Cola,Itupeva,ITU_L1,14,-0.0,false,lata
135,Coca_Cola,Itupeva,ITU_L1,15,-0.0,false,lata
135,Coca_Cola,Itupeva,ITU_L2,1,-0.0,false,lata
135,Coca_Cola,Itupeva,ITU_L2,2,-0.0,false,lata
135,Coca_Cola,Itupeva,ITU_L2,3,-0.0,false,lata
135,Coca_Cola,Itupeva,ITU_L2,4,-0.0,false,lata
135,Coca_Cola,Itupeva,ITU_L2,5,-0.0,false,lata
135,Coca_Cola,Itupeva,ITU_L2,6,-999999.6736669501,false,lata
135,Coca_Cola,Itupeva,ITU_L2,7,-0.0,false,lata
135,Coca_Cola,Itupeva,ITU_L2,8,-0.0,false,lata
135,Coca_Cola,Itupeva,ITU_L2,9,-0.0,false,lata
135,Coca_Cola,Itupeva,ITU_L2,10,-0.0,false,lata
135,Coca_Cola,Itupeva,ITU_L2,11,-0.0,false,lata
135,Coca_Cola,Itupeva,ITU_L2,12,-0.0,false,lata
135,Coca_Cola,Itupeva,ITU_L2,13,-0.0,false,lata
135,Coca_Cola,Itupeva,ITU_L2,14,-0.0,false,lata
135,Coca_Cola,Itupeva,ITU_L2,15,-0.0,false,lata
135,Coca_Cola,Itupeva,ITU_L3,1,-0.0,false,lata
135,Coca_Cola,Itupeva,ITU_L3,2,-0.0,false,lata
135,Coca_Cola,Itupeva,ITU_L3,3,-0.0,false,lata
135,Coca_Cola,Itupeva,ITU_L3,4,-0.0,false,lata
135,Coca_Cola,Itupeva,ITU_L3,5,-0.0,false,lata
135,Coca_Cola,Itupeva,ITU_L3,6,-0.0,false,lata
135,Coca_Cola,Itupeva,ITU_L3,7,-999999.93571885,false,lata
135,Coca_Cola,Itupeva,ITU_L3,8,-1.0e6,true,lata
135,Coca_Cola,Itupeva,ITU_L3,9,-0.0,false,lata
135,Coca_Cola,Itupeva,ITU_L3,10,-999999.6868918999,false,lata
135,Coca_Cola,Itupeva,ITU_L3,11,-0.0,false,lata
135,Coca_Cola,Itupeva,ITU_L3,12,-0.0,false,lata
135,Coca_Cola,Itupeva,ITU_L3,13,-0.0,false,lata
135,Coca_Cola,Itupeva,ITU_L3,14,-0.0,false,lata
135,Coca_Cola,Itupeva,ITU_L3,15,-0.0,false,lata
135,Coca_Cola,Cabo de Santo Agostinho,CAB_L1,1,-1.0e6,true,lata
135,Coca_Cola,Cabo de Santo Agostinho,CAB_L1,2,-0.0,false,lata
135,Coca_Cola,Cabo de Santo Agostinho,CAB_L1,3,-0.0,false,lata
135,Coca_Cola,Cabo de Santo Agostinho,CAB_L1,4,-0.0,false,lata
135,Coca_Cola,Cabo de Santo Agostinho,CAB_L1,5,-999999.7990568999,false,lata
135,Coca_Cola,Cabo de Santo Agostinho,CAB_L1,6,-0.0,false,lata
135,Coca_Cola,Cabo de Santo Agostinho,CAB_L1,7,-0.0,false,lata
135,Coca_Cola,Cabo de Santo Agostinho,CAB_L1,8,-0.0,false,lata
135,Coca_Cola,Cabo de Santo Agostinho,CAB_L1,9,-0.0,false,lata
135,Coca_Cola,Cabo de Santo Agostinho,CAB_L1,10,-999999.7567751998,false,lata
135,Coca_Cola,Cabo de Santo Agostinho,CAB_L1,11,-0.0,false,lata
135,Coca_Cola,Cabo de Santo Agostinho,CAB_L1,12,-0.0,false,lata
135,Coca_Cola,Cabo de Santo Agostinho,CAB_L1,13,-0.0,false,lata
135,Coca_Cola,Cabo de Santo Agostinho,CAB_L1,14,-0.0,false,lata
135,Coca_Cola,Cabo de Santo Agostinho,CAB_L1,15,-0.0,false,lata
135,Coca_Cola,Cabo de Santo Agostinho,CAB_L2,1,-0.0,false,lata
135,Coca_Cola,Cabo de Santo Agostinho,CAB_L2,2,-0.0,false,lata
135,Coca_Cola,Cabo de Santo Agostinho,CAB_L2,3,-0.0,false,lata
135,Coca_Cola,Cabo de Santo Agostinho,CAB_L2,4,-0.0,false,lata
135,Coca_Cola,Cabo de Santo Agostinho,CAB_L2,5,-0.0,false,lata
135,Coca_Cola,Cabo de Santo Agostinho,CAB_L2,6,-0.0,false,lata
135,Coca_Cola,Cabo de Santo Agostinho,CAB_L2,7,-0.0,false,lata
135,Coca_Cola,Cabo de Santo Agostinho,CAB_L2,8,-0.0,false,lata
135,Coca_Cola,Cabo de Santo Agostinho,CAB_L2,9,-0.0,false,lata
135,Coca_Cola,Cabo de Santo Agostinho,CAB_L2,10,-0.0,false,lata
135,Coca_Cola,Cabo de Santo Agostinho,CAB_L2,11,-0.0,false,lata
135,Coca_Cola,Cabo de Santo Agostinho,CAB_L2,12,-0.0,false,lata
135,Coca_Cola,Cabo de Santo Agostinho,CAB_L2,13,-0.0,false,lata
135,Coca_Cola,Cabo de Santo Agostinho,CAB_L2,14,-0.0,false,lata
135,Coca_Cola,Cabo de Santo Agostinho,CAB_L2,15,-0.0,false,lata
135,Coca_Cola,Cabo de Santo Agostinho,CAB_L3,1,-0.0,false,lata
135,Coca_Cola,Cabo de Santo Agostinho,CAB_L3,2,-0.0,false,lata
135,Coca_Cola,Cabo de Santo Agostinho,CAB_L3,3,-0.0,false,lata
135,Coca_Cola,Cabo de Santo Agostinho,CAB_L3,4,-0.0,false,lata
135,Coca_Cola,Cabo de Santo Agostinho,CAB_L3,5,-0.0,false,lata
135,Coca_Cola,Cabo de Santo Agostinho,CAB_L3,6,-0.0,false,lata
135,Coca_Cola,Cabo de Santo Agostinho,CAB_L3,7,-0.0,false,lata
135,Coca_Cola,Cabo de Santo Agostinho,CAB_L3,8,-0.0,false,lata
135,Coca_Cola,Cabo de Santo Agostinho,CAB_L3,9,-0.0,false,lata
135,Coca_Cola,Cabo de Santo Agostinho,CAB_L3,10,-0.0,false,lata
135,Coca_Cola,Cabo de Santo Agostinho,CAB_L3,11,-0.0,false,lata
135,Coca_Cola,Cabo de Santo Agostinho,CAB_L3,12,-0.0,false,lata
135,Coca_Cola,Cabo de Santo Agostinho,CAB_L3,13,-0.0,false,lata
135,Coca_Cola,Cabo de Santo Agostinho,CAB_L3,14,-999999.4477569,false,lata
135,Coca_Cola,Cabo de Santo Agostinho,CAB_L3,15,-0.0,false,lata
135,Schweppes_Citrus,Jacarei,JAC_L1,1,-1.0e6,true,lata
135,Schweppes_Citrus,Jacarei,JAC_L1,2,-0.0,false,lata
135,Schweppes_Citrus,Jacarei,JAC_L1,3,-0.0,false,lata
135,Schweppes_Citrus,Jacarei,JAC_L1,4,-0.0,false,lata
135,Schweppes_Citrus,Jacarei,JAC_L1,5,-0.0,false,lata
135,Schweppes_Citrus,Jacarei,JAC_L1,6,-0.0,false,lata
135,Schweppes_Citrus,Jacarei,JAC_L1,7,-0.0,false,lata
135,Schweppes_Citrus,Jacarei,JAC_L1,8,-0.0,false,lata
135,Schweppes_Citrus,Jacarei,JAC_L1,9,-0.0,false,lata
135,Schweppes_Citrus,Jacarei,JAC_L1,10,-0.0,false,lata
135,Schweppes_Citrus,Jacarei,JAC_L1,11,-0.0,false,lata
135,Schweppes_Citrus,Jacarei,JAC_L1,12,-0.0,false,lata
135,Schweppes_Citrus,Jacarei,JAC_L1,13,-0.0,false,lata
135,Schweppes_Citrus,Jacarei,JAC_L1,14,-0.0,false,lata
135,Schweppes_Citrus,Jacarei,JAC_L1,15,-0.0,false,lata
135,Schweppes_Citrus,Jacarei,JAC_L2,1,-0.0,false,lata
135,Schweppes_Citrus,Jacarei,JAC_L2,2,-0.0,false,lata
135,Schweppes_Citrus,Jacarei,JAC_L2,3,-0.0,false,lata
135,Schweppes_Citrus,Jacarei,JAC_L2,4,-0.0,false,lata
135,Schweppes_Citrus,Jacarei,JAC_L2,5,-0.0,false,lata
135,Schweppes_Citrus,Jacarei,JAC_L2,6,-0.0,false,lata
135,Schweppes_Citrus,Jacarei,JAC_L2,7,-0.0,false,lata
135,Schweppes_Citrus,Jacarei,JAC_L2,8,-0.0,false,lata
135,Schweppes_Citrus,Jacarei,JAC_L2,9,-0.0,false,lata
135,Schweppes_Citrus,Jacarei,JAC_L2,10,-999999.8509798001,false,lata
135,Schweppes_Citrus,Jacarei,JAC_L2,11,-0.0,false,lata
135,Schweppes_Citrus,Jacarei,JAC_L2,12,-0.0,false,lata
135,Schweppes_Citrus,Jacarei,JAC_L2,13,-0.0,false,lata
135,Schweppes_Citrus,Jacarei,JAC_L2,14,-0.0,false,lata
135,Schweppes_Citrus,Jacarei,JAC_L2,15,-0.0,false,lata
135,Schweppes_Citrus,Jacarei,JAC_L3,1,-0.0,false,lata
135,Schweppes_Citrus,Jacarei,JAC_L3,2,-0.0,false,lata
135,Schweppes_Citrus,Jacarei,JAC_L3,3,-0.0,false,lata
135,Schweppes_Citrus,Jacarei,JAC_L3,4,-0.0,false,lata
135,Schweppes_Citrus,Jacarei,JAC_L3,5,-0.0,false,lata
135,Schweppes_Citrus,Jacarei,JAC_L3,6,-0.0,false,lata
135,Schweppes_Citrus,Jacarei,JAC_L3,7,-0.0,false,lata
135,Schweppes_Citrus,Jacarei,JAC_L3,8,-0.0,false,lata
135,Schweppes_Citrus,Jacarei,JAC_L3,9,-0.0,false,lata
135,Schweppes_Citrus,Jacarei,JAC_L3,10,-0.0,false,lata
135,Schweppes_Citrus,Jacarei,JAC_L3,11,-0.0,false,lata
135,Schweppes_Citrus,Jacarei,JAC_L3,12,-0.0,false,lata
135,Schweppes_Citrus,Jacarei,JAC_L3,13,-0.0,false,lata
135,Schweppes_Citrus,Jacarei,JAC_L3,14,-0.0,false,lata
135,Schweppes_Citrus,Jacarei,JAC_L3,15,-0.0,false,lata
135,Schweppes_Citrus,Extrema,EXT_L1,1,-0.0,false,lata
135,Schweppes_Citrus,Extrema,EXT_L1,2,-0.0,false,lata
135,Schweppes_Citrus,Extrema,EXT_L1,3,-1.0e6,false,lata
135,Schweppes_Citrus,Extrema,EXT_L1,4,-0.0,false,lata
135,Schweppes_Citrus,Extrema,EXT_L1,5,-999999.9859532,false,lata
135,Schweppes_Citrus,Extrema,EXT_L1,6,-0.0,false,lata
135,Schweppes_Citrus,Extrema,EXT_L1,7,-0.0,false,lata
135,Schweppes_Citrus,Extrema,EXT_L1,8,-0.0,false,lata
135,Schweppes_Citrus,Extrema,EXT_L1,9,-0.0,false,lata
135,Schweppes_Citrus,Extrema,EXT_L1,10,-0.0,false,lata
135,Schweppes_Citrus,Extrema,EXT_L1,11,-0.0,false,lata
135,Schweppes_Citrus,Extrema,EXT_L1,12,-0.0,false,lata
135,Schweppes_Citrus,Extrema,EXT_L1,13,-0.0,false,lata
135,Schweppes_Citrus,Extrema,EXT_L1,14,-0.0,false,lata
135,Schweppes_Citrus,Extrema,EXT_L1,15,-0.0,false,lata
135,Schweppes_Citrus,Extrema,EXT_L2,1,-0.0,false,lata
135,Schweppes_Citrus,Extrema,EXT_L2,2,-0.0,false,lata
135,Schweppes_Citrus,Extrema,EXT_L2,3,-0.0,false,lata
135,Schweppes_Citrus,Extrema,EXT_L2,4,-0.0,false,lata
135,Schweppes_Citrus,Extrema,EXT_L2,5,-0.0,false,lata
135,Schweppes_Citrus,Extrema,EXT_L2,6,-0.0,false,lata
135,Schweppes_Citrus,Extrema,EXT_L2,7,-0.0,false,lata
135,Schweppes_Citrus,Extrema,EXT_L2,8,-0.0,false,lata
135,Schweppes_Citrus,Extrema,EXT_L2,9,-0.0,false,lata
135,Schweppes_Citrus,Extrema,EXT_L2,10,-0.0,false,lata
135,Schweppes_Citrus,Extrema,EXT_L2,11,-0.0,false,lata
135,Schweppes_Citrus,Extrema,EXT_L2,12,-0.0,false,lata
135,Schweppes_Citrus,Extrema,EXT_L2,13,-0.0,false,lata
135,Schweppes_Citrus,Extrema,EXT_L2,14,-999999.96687295,false,lata
135,Schweppes_Citrus,Extrema,EXT_L2,15,-0.0,false,lata
135,Schweppes_Citrus,Extrema,EXT_L3,1,-0.0,false,lata
135,Schweppes_Citrus,Extrema,EXT_L3,2,-0.0,false,lata
135,Schweppes_Citrus,Extrema,EXT_L3,3,-0.0,false,lata
135,Schweppes_Citrus,Extrema,EXT_L3,4,-0.0,false,lata
135,Schweppes_Citrus,Extrema,EXT_L3,5,-0.0,false,lata
135,Schweppes_Citrus,Extrema,EXT_L3,6,-0.0,false,lata
135,Schweppes_Citrus,Extrema,EXT_L3,7,-0.0,false,lata
135,Schweppes_Citrus,Extrema,EXT_L3,8,-0.0,false,lata
135,Schweppes_Citrus,Extrema,EXT_L3,9,-0.0,false,lata
135,Schweppes_Citrus,Extrema,EXT_L3,10,-0.0,false,lata
135,Schweppes_Citrus,Extrema,EXT_L3,11,-999999.98620285,false,lata
135,Schweppes_Citrus,Extrema,EXT_L3,12,-1.0e6,true,lata
135,Schweppes_Citrus,Extrema,EXT_L3,13,-0.0,false,lata
135,Schweppes_Citrus,Extrema,EXT_L3,14,-0.0,false,lata
135,Schweppes_Citrus,Extrema,EXT_L3,15,-0.0,false,lata
135,Schweppes_Citrus,Tres Rios,TRE_L1,1,-0.0,false,lata
135,Schweppes_Citrus,Tres Rios,TRE_L1,2,-0.0,false,lata
135,Schweppes_Citrus,Tres Rios,TRE_L1,3,-0.0,false,lata
135,Schweppes_Citrus,Tres Rios,TRE_L1,4,-0.0,false,lata
135,Schweppes_Citrus,Tres Rios,TRE_L1,5,-0.0,false,lata
135,Schweppes_Citrus,Tres Rios,TRE_L1,6,-0.0,false,lata
135,Schweppes_Citrus,Tres Rios,TRE_L1,7,-0.0,false,lata
135,Schweppes_Citrus,Tres Rios,TRE_L1,8,-0.0,false,lata
135,Schweppes_Citrus,Tres Rios,TRE_L1,9,-0.0,false,lata
135,Schweppes_Citrus,Tres Rios,TRE_L1,10,-0.0,false,lata
135,Schweppes_Citrus,Tres Rios,TRE_L1,11,-1.0e6,true,lata
135,Schweppes_Citrus,Tres Rios,TRE_L1,12,-0.0,false,lata
135,Schweppes_Citrus,Tres Rios,TRE_L1,13,-0.0,false,lata
135,Schweppes_Citrus,Tres Rios,TRE_L1,14,-0.0,false,lata
135,Schweppes_Citrus,Tres Rios,TRE_L1,15,-0.0,false,lata
135,Schweppes_Citrus,Tres Rios,TRE_L2,1,-0.0,false,lata
135,Schweppes_Citrus,Tres Rios,TRE_L2,2,-0.0,false,lata
135,Schweppes_Citrus,Tres Rios,TRE_L2,3,-0.0,false,lata
135,Schweppes_Citrus,Tres Rios,TRE_L2,4,-0.0,false,lata
135,Schweppes_Citrus,Tres Rios,TRE_L2,5,-0.0,false,lata
135,Schweppes_Citrus,Tres Rios,TRE_L2,6,-0.0,false,lata
135,Schweppes_Citrus,Tres Rios,TRE_L2,7,-0.0,false,lata
135,Schweppes_Citrus,Tres Rios,TRE_L2,8,-0.0,false,lata
135,Schweppes_Citrus,Tres Rios,TRE_L2,9,-0.0,false,lata
135,Schweppes_Citrus,Tres Rios,TRE_L2,10,-0.0,false,lata
135,Schweppes_Citrus,Tres Rios,TRE_L2,11,-1.0e6,true,lata
135,Schweppes_Citrus,Tres Rios,TRE_L2,12,-0.0,false,lata
135,Schweppes_Citrus,Tres Rios,TRE_L2,13,-0.0,false,lata
135,Schweppes_Citrus,Tres Rios,TRE_L2,14,-0.0,false,lata
135,Schweppes_Citrus,Tres Rios,TRE_L2,15,-0.0,false,lata
135,Schweppes_Citrus,Tres Rios,TRE_L3,1,-0.0,false,lata
135,Schweppes_Citrus,Tres Rios,TRE_L3,2,-0.0,false,lata
135,Schweppes_Citrus,Tres Rios,TRE_L3,3,-0.0,false,lata
135,Schweppes_Citrus,Tres Rios,TRE_L3,4,-0.0,false,lata
135,Schweppes_Citrus,Tres Rios,TRE_L3,5,-0.0,false,lata
135,Schweppes_Citrus,Tres Rios,TRE_L3,6,-0.0,false,lata
135,Schweppes_Citrus,Tres Rios,TRE_L3,7,-0.0,false,lata
135,Schweppes_Citrus,Tres Rios,TRE_L3,8,-0.0,false,lata
135,Schweppes_Citrus,Tres Rios,TRE_L3,9,-0.0,false,lata
135,Schweppes_Citrus,Tres Rios,TRE_L3,10,-0.0,false,lata
135,Schweppes_Citrus,Tres Rios,TRE_L3,11,-0.0,false,lata
135,Schweppes_Citrus,Tres Rios,TRE_L3,12,-0.0,false,lata
135,Schweppes_Citrus,Tres Rios,TRE_L3,13,-0.0,false,lata
135,Schweppes_Citrus,Tres Rios,TRE_L3,14,-0.0,false,lata
135,Schweppes_Citrus,Tres Rios,TRE_L3,15,-0.0,false,lata
135,Schweppes_Citrus,Alagoinhas,ALA_L1,1,-0.0,false,lata
135,Schweppes_Citrus,Alagoinhas,ALA_L1,2,-0.0,false,lata
135,Schweppes_Citrus,Alagoinhas,ALA_L1,3,-0.0,false,lata
135,Schweppes_Citrus,Alagoinhas,ALA_L1,4,-0.0,false,lata
135,Schweppes_Citrus,Alagoinhas,ALA_L1,5,-0.0,false,lata
135,Schweppes_Citrus,Alagoinhas,ALA_L1,6,-0.0,false,lata
135,Schweppes_Citrus,Alagoinhas,ALA_L1,7,-999999.8898590499,false,lata
135,Schweppes_Citrus,Alagoinhas,ALA_L1,8,-0.0,false,lata
135,Schweppes_Citrus,Alagoinhas,ALA_L1,9,-0.0,false,lata
135,Schweppes_Citrus,Alagoinhas,ALA_L1,10,-0.0,false,lata
135,Schweppes_Citrus,Alagoinhas,ALA_L1,11,-0.0,false,lata
135,Schweppes_Citrus,Alagoinhas,ALA_L1,12,-0.0,false,lata
135,Schweppes_Citrus,Alagoinhas,ALA_L1,13,-1.0e6,true,lata
135,Schweppes_Citrus,Alagoinhas,ALA_L1,14,-0.0,false,lata
135,Schweppes_Citrus,Alagoinhas,ALA_L1,15,-0.0,false,lata
135,Schweppes_Citrus,Alagoinhas,ALA_L2,1,-0.0,false,lata
135,Schweppes_Citrus,Alagoinhas,ALA_L2,2,-1.0e6,true,lata
135,Schweppes_Citrus,Alagoinhas,ALA_L2,3,-0.0,false,lata
135,Schweppes_Citrus,Alagoinhas,ALA_L2,4,-0.0,false,lata
135,Schweppes_Citrus,Alagoinhas,ALA_L2,5,-0.0,false,lata
135,Schweppes_Citrus,Alagoinhas,ALA_L2,6,-0.0,false,lata
135,Schweppes_Citrus,Alagoinhas,ALA_L2,7,-0.0,false,lata
135,Schweppes_Citrus,Alagoinhas,ALA_L2,8,-0.0,false,lata
135,Schweppes_Citrus,Alagoinhas,ALA_L2,9,-0.0,false,lata
135,Schweppes_Citrus,Alagoinhas,ALA_L2,10,-0.0,false,lata
135,Schweppes_Citrus,Alagoinhas,ALA_L2,11,-0.0,false,lata
135,Schweppes_Citrus,Alagoinhas,ALA_L2,12,-0.0,false,lata
135,Schweppes_Citrus,Alagoinhas,ALA_L2,13,-1.0e6,true,lata
135,Schweppes_Citrus,Alagoinhas,ALA_L2,14,-1.0e6,true,lata
135,Schweppes_Citrus,Alagoinhas,ALA_L2,15,-0.0,false,lata
135,Schweppes_Citrus,Alagoinhas,ALA_L3,1,-0.0,false,lata
135,Schweppes_Citrus,Alagoinhas,ALA_L3,2,-0.0,false,lata
135,Schweppes_Citrus,Alagoinhas,ALA_L3,3,-0.0,false,lata
135,Schweppes_Citrus,Alagoinhas,ALA_L3,4,-0.0,false,lata
135,Schweppes_Citrus,Alagoinhas,ALA_L3,5,-0.0,false,lata
135,Schweppes_Citrus,Alagoinhas,ALA_L3,6,-0.0,false,lata
135,Schweppes_Citrus,Alagoinhas,ALA_L3,7,-0.0,false,lata
135,Schweppes_Citrus,Alagoinhas,ALA_L3,8,-0.0,false,lata
135,Schweppes_Citrus,Alagoinhas,ALA_L3,9,-0.0,false,lata
135,Schweppes_Citrus,Alagoinhas,ALA_L3,10,-0.0,false,lata
135,Schweppes_Citrus,Alagoinhas,ALA_L3,11,-0.0,false,lata
135,Schweppes_Citrus,Alagoinhas,ALA_L3,12,-0.0,false,lata
135,Schweppes_Citrus,Alagoinhas,ALA_L3,13,-0.0,false,lata
135,Schweppes_Citrus,Alagoinhas,ALA_L3,14,-0.0,false,lata
135,Schweppes_Citrus,Alagoinhas,ALA_L3,15,-0.0,false,lata
135,Schweppes_Citrus,Frutal,FRU_L1,1,-0.0,false,lata
135,Schweppes_Citrus,Frutal,FRU_L1,2,-1.0e6,true,lata
135,Schweppes_Citrus,Frutal,FRU_L1,3,-0.0,false,lata
135,Schweppes_Citrus,Frutal,FRU_L1,4,-0.0,false,lata
135,Schweppes_Citrus,Frutal,FRU_L1,5,-1.0e6,true,lata
135,Schweppes_Citrus,Frutal,FRU_L1,6,-0.0,false,lata
135,Schweppes_Citrus,Frutal,FRU_L1,7,-0.0,false,lata
135,Schweppes_Citrus,Frutal,FRU_L1,8,-0.0,false,lata
135,Schweppes_Citrus,Frutal,FRU_L1,9,-0.0,false,lata
135,Schweppes_Citrus,Frutal,FRU_L1,10,-0.0,false,lata
135,Schweppes_Citrus,Frutal,FRU_L1,11,-0.0,false,lata
135,Schweppes_Citrus,Frutal,FRU_L1,12,-1.0e6,true,lata
135,Schweppes_Citrus,Frutal,FRU_L1,13,-0.0,false,lata
135,Schweppes_Citrus,Frutal,FRU_L1,14,-0.0,false,lata
135,Schweppes_Citrus,Frutal,FRU_L1,15,-0.0,false,lata
135,Schweppes_Citrus,Frutal,FRU_L2,1,-0.0,false,lata
135,Schweppes_Citrus,Frutal,FRU_L2,2,-0.0,false,lata
135,Schweppes_Citrus,Frutal,FRU_L2,3,-0.0,false,lata
135,Schweppes_Citrus,Frutal,FRU_L2,4,-999999.70371805,false,lata
135,Schweppes_Citrus,Frutal,FRU_L2,5,-0.0,false,lata
135,Schweppes_Citrus,Frutal,FRU_L2,6,-0.0,false,lata
135,Schweppes_Citrus,Frutal,FRU_L2,7,-0.0,false,lata
135,Schweppes_Citrus,Frutal,FRU_L2,8,-0.0,false,lata
135,Schweppes_Citrus,Frutal,FRU_L2,9,-0.0,false,lata
135,Schweppes_Citrus,Frutal,FRU_L2,10,-0.0,false,lata
135,Schweppes_Citrus,Frutal,FRU_L2,11,-0.0,false,lata
135,Schweppes_Citrus,Frutal,FRU_L2,12,-0.0,false,lata
135,Schweppes_Citrus,Frutal,FRU_L2,13,-1.0e6,true,lata
135,Schweppes_Citrus,Frutal,FRU_L2,14,-0.0,false,lata
135,Schweppes_Citrus,Frutal,FRU_L2,15,-0.0,false,lata
135,Schweppes_Citrus,Frutal,FRU_L3,1,-0.0,false,lata
135,Schweppes_Citrus,Frutal,FRU_L3,2,-0.0,false,lata
135,Schweppes_Citrus,Frutal,FRU_L3,3,-0.0,false,lata
135,Schweppes_Citrus,Frutal,FRU_L3,4,-0.0,false,lata
135,Schweppes_Citrus,Frutal,FRU_L3,5,-0.0,false,lata
135,Schweppes_Citrus,Frutal,FRU_L3,6,-0.0,false,lata
135,Schweppes_Citrus,Frutal,FRU_L3,7,-0.0,false,lata
135,Schweppes_Citrus,Frutal,FRU_L3,8,-0.0,false,lata
135,Schweppes_Citrus,Frutal,FRU_L3,9,-0.0,false,lata
135,Schweppes_Citrus,Frutal,FRU_L3,10,-0.0,false,lata
135,Schweppes_Citrus,Frutal,FRU_L3,11,-0.0,false,lata
135,Schweppes_Citrus,Frutal,FRU_L3,12,-0.0,false,lata
135,Schweppes_Citrus,Frutal,FRU_L3,13,-0.0,false,lata
135,Schweppes_Citrus,Frutal,FRU_L3,14,-0.0,false,lata
135,Schweppes_Citrus,Frutal,FRU_L3,15,-0.0,false,lata
135,Schweppes_Citrus,Pouso Alegre,POU_L1,1,-0.0,false,lata
135,Schweppes_Citrus,Pouso Alegre,POU_L1,2,-0.0,false,lata
135,Schweppes_Citrus,Pouso Alegre,POU_L1,3,-0.0,false,lata
135,Schweppes_Citrus,Pouso Alegre,POU_L1,4,-0.0,false,lata
135,Schweppes_Citrus,Pouso Alegre,POU_L1,5,-0.0,false,lata
135,Schweppes_Citrus,Pouso Alegre,POU_L1,6,-0.0,false,lata
135,Schweppes_Citrus,Pouso Alegre,POU_L1,7,-0.0,false,lata
135,Schweppes_Citrus,Pouso Alegre,POU_L1,8,-0.0,false,lata
135,Schweppes_Citrus,Pouso Alegre,POU_L1,9,-0.0,false,lata
135,Schweppes_Citrus,Pouso Alegre,POU_L1,10,-0.0,false,lata
135,Schweppes_Citrus,Pouso Alegre,POU_L1,11,-0.0,false,lata
135,Schweppes_Citrus,Pouso Alegre,POU_L1,12,-0.0,false,lata
135,Schweppes_Citrus,Pouso Alegre,POU_L1,13,-0.0,false,lata
135,Schweppes_Citrus,Pouso Alegre,POU_L1,14,-0.0,false,lata
135,Schweppes_Citrus,Pouso Alegre,POU_L1,15,-0.0,false,lata
135,Schweppes_Citrus,Pouso Alegre,POU_L2,1,-0.0,false,lata
135,Schweppes_Citrus,Pouso Alegre,POU_L2,2,-0.0,false,lata
135,Schweppes_Citrus,Pouso Alegre,POU_L2,3,-0.0,false,lata
135,Schweppes_Citrus,Pouso Alegre,POU_L2,4,-0.0,false,lata
135,Schweppes_Citrus,Pouso Alegre,POU_L2,5,-0.0,false,lata
135,Schweppes_Citrus,Pouso Alegre,POU_L2,6,-0.0,false,lata
135,Schweppes_Citrus,Pouso Alegre,POU_L2,7,-0.0,false,lata
135,Schweppes_Citrus,Pouso Alegre,POU_L2,8,-0.0,false,lata
135,Schweppes_Citrus,Pouso Alegre,POU_L2,9,-0.0,false,lata
135,Schweppes_Citrus,Pouso Alegre,POU_L2,10,-0.0,false,lata
135,Schweppes_Citrus,Pouso Alegre,POU_L2,11,-0.0,false,lata
135,Schweppes_Citrus,Pouso Alegre,POU_L2,12,-0.0,false,lata
135,Schweppes_Citrus,Pouso Alegre,POU_L2,13,-0.0,false,lata
135,Schweppes_Citrus,Pouso Alegre,POU_L2,14,-0.0,false,lata
135,Schweppes_Citrus,Pouso Alegre,POU_L2,15,-0.0,false,lata
135,Schweppes_Citrus,Pouso Alegre,POU_L3,1,-0.0,false,lata
135,Schweppes_Citrus,Pouso Alegre,POU_L3,2,-0.0,false,lata
135,Schweppes_Citrus,Pouso Alegre,POU_L3,3,-0.0,false,lata
135,Schweppes_Citrus,Pouso Alegre,POU_L3,4,-0.0,false,lata
135,Schweppes_Citrus,Pouso Alegre,POU_L3,5,-0.0,false,lata
135,Schweppes_Citrus,Pouso Alegre,POU_L3,6,-0.0,false,lata
135,Schweppes_Citrus,Pouso Alegre,POU_L3,7,-0.0,false,lata
135,Schweppes_Citrus,Pouso Alegre,POU_L3,8,-0.0,false,lata
135,Schweppes_Citrus,Pouso Alegre,POU_L3,9,-0.0,false,lata
135,Schweppes_Citrus,Pouso Alegre,POU_L3,10,-0.0,false,lata
135,Schweppes_Citrus,Pouso Alegre,POU_L3,11,-0.0,false,lata
135,Schweppes_Citrus,Pouso Alegre,POU_L3,12,-0.0,false,lata
135,Schweppes_Citrus,Pouso Alegre,POU_L3,13,-0.0,false,lata
135,Schweppes_Citrus,Pouso Alegre,POU_L3,14,-0.0,false,lata
135,Schweppes_Citrus,Pouso Alegre,POU_L3,15,-0.0,false,lata
135,Schweppes_Citrus,Gama,GAM_L1,1,-0.0,false,lata
135,Schweppes_Citrus,Gama,GAM_L1,2,-0.0,false,lata
135,Schweppes_Citrus,Gama,GAM_L1,3,-0.0,false,lata
135,Schweppes_Citrus,Gama,GAM_L1,4,-0.0,false,lata
135,Schweppes_Citrus,Gama,GAM_L1,5,-1.0e6,true,lata
135,Schweppes_Citrus,Gama,GAM_L1,6,-0.0,false,lata
135,Schweppes_Citrus,Gama,GAM_L1,7,-0.0,false,lata
135,Schweppes_Citrus,Gama,GAM_L1,8,-0.0,false,lata
135,Schweppes_Citrus,Gama,GAM_L1,9,-0.0,false,lata
135,Schweppes_Citrus,Gama,GAM_L1,10,-0.0,false,lata
135,Schweppes_Citrus,Gama,GAM_L1,11,-0.0,false,lata
135,Schweppes_Citrus,Gama,GAM_L1,12,-0.0,false,lata
135,Schweppes_Citrus,Gama,GAM_L1,13,-0.0,false,lata
135,Schweppes_Citrus,Gama,GAM_L1,14,-0.0,false,lata
135,Schweppes_Citrus,Gama,GAM_L1,15,-0.0,false,lata
135,Schweppes_Citrus,Gama,GAM_L2,1,-0.0,false,lata
135,Schweppes_Citrus,Gama,GAM_L2,2,-0.0,false,lata
135,Schweppes_Citrus,Gama,GAM_L2,3,-0.0,false,lata
135,Schweppes_Citrus,Gama,GAM_L2,4,-0.0,false,lata
135,Schweppes_Citrus,Gama,GAM_L2,5,-0.0,false,lata
135,Schweppes_Citrus,Gama,GAM_L2,6,-0.0,false,lata
135,Schweppes_Citrus,Gama,GAM_L2,7,-0.0,false,lata
135,Schweppes_Citrus,Gama,GAM_L2,8,-0.0,false,lata
135,Schweppes_Citrus,Gama,GAM_L2,9,-1.0e6,true,lata
135,Schweppes_Citrus,Gama,GAM_L2,10,-0.0,false,lata
135,Schweppes_Citrus,Gama,GAM_L2,11,-0.0,false,lata
135,Schweppes_Citrus,Gama,GAM_L2,12,-0.0,false,lata
135,Schweppes_Citrus,Gama,GAM_L2,13,-0.0,false,lata
135,Schweppes_Citrus,Gama,GAM_L2,14,-0.0,false,lata
135,Schweppes_Citrus,Gama,GAM_L2,15,-0.0,false,lata
135,Schweppes_Citrus,Gama,GAM_L3,1,-0.0,false,lata
135,Schweppes_Citrus,Gama,GAM_L3,2,-0.0,false,lata
135,Schweppes_Citrus,Gama,GAM_L3,3,-0.0,false,lata
135,Schweppes_Citrus,Gama,GAM_L3,4,-0.0,false,lata
135,Schweppes_Citrus,Gama,GAM_L3,5,-0.0,false,lata
135,Schweppes_Citrus,Gama,GAM_L3,6,-0.0,false,lata
135,Schweppes_Citrus,Gama,GAM_L3,7,-0.0,false,lata
135,Schweppes_Citrus,Gama,GAM_L3,8,-0.0,false,lata
135,Schweppes_Citrus,Gama,GAM_L3,9,-0.0,false,lata
135,Schweppes_Citrus,Gama,GAM_L3,10,-0.0,false,lata
135,Schweppes_Citrus,Gama,GAM_L3,11,-0.0,false,lata
135,Schweppes_Citrus,Gama,GAM_L3,12,-1.0e6,true,lata
135,Schweppes_Citrus,Gama,GAM_L3,13,-0.0,false,lata
135,Schweppes_Citrus,Gama,GAM_L3,14,-0.0,false,lata
135,Schweppes_Citrus,Gama,GAM_L3,15,-0.0,false,lata
135,Schweppes_Citrus,Viamao,VIA_L1,1,-0.0,false,lata
135,Schweppes_Citrus,Viamao,VIA_L1,2,-0.0,false,lata
135,Schweppes_Citrus,Viamao,VIA_L1,3,-0.0,false,lata
135,Schweppes_Citrus,Viamao,VIA_L1,4,-0.0,false,lata
135,Schweppes_Citrus,Viamao,VIA_L1,5,-0.0,false,lata
135,Schweppes_Citrus,Viamao,VIA_L1,6,-0.0,false,lata
135,Schweppes_Citrus,Viamao,VIA_L1,7,-0.0,false,lata
135,Schweppes_Citrus,Viamao,VIA_L1,8,-0.0,false,lata
135,Schweppes_Citrus,Viamao,VIA_L1,9,-0.0,false,lata
135,Schweppes_Citrus,Viamao,VIA_L1,10,-0.0,false,lata
135,Schweppes_Citrus,Viamao,VIA_L1,11,-0.0,false,lata
135,Schweppes_Citrus,Viamao,VIA_L1,12,-0.0,false,lata
135,Schweppes_Citrus,Viamao,VIA_L1,13,-1.0e6,true,lata
135,Schweppes_Citrus,Viamao,VIA_L1,14,-0.0,false,lata
135,Schweppes_Citrus,Viamao,VIA_L1,15,-0.0,false,lata
135,Schweppes_Citrus,Viamao,VIA_L2,1,-0.0,false,lata
135,Schweppes_Citrus,Viamao,VIA_L2,2,-0.0,false,lata
135,Schweppes_Citrus,Viamao,VIA_L2,3,-0.0,false,lata
135,Schweppes_Citrus,Viamao,VIA_L2,4,-0.0,false,lata
135,Schweppes_Citrus,Viamao,VIA_L2,5,-0.0,false,lata
135,Schweppes_Citrus,Viamao,VIA_L2,6,-0.0,false,lata
135,Schweppes_Citrus,Viamao,VIA_L2,7,-0.0,false,lata
135,Schweppes_Citrus,Viamao,VIA_L2,8,-0.0,false,lata
135,Schweppes_Citrus,Viamao,VIA_L2,9,-1.0e6,true,lata
135,Schweppes_Citrus,Viamao,VIA_L2,10,-0.0,false,lata
135,Schweppes_Citrus,Viamao,VIA_L2,11,-0.0,false,lata
135,Schweppes_Citrus,Viamao,VIA_L2,12,-0.0,false,lata
135,Schweppes_Citrus,Viamao,VIA_L2,13,-0.0,false,lata
135,Schweppes_Citrus,Viamao,VIA_L2,14,-0.0,false,lata
135,Schweppes_Citrus,Viamao,VIA_L2,15,-0.0,false,lata
135,Schweppes_Citrus,Viamao,VIA_L3,1,-0.0,false,lata
135,Schweppes_Citrus,Viamao,VIA_L3,2,-0.0,false,lata
135,Schweppes_Citrus,Viamao,VIA_L3,3,-0.0,false,lata
135,Schweppes_Citrus,Viamao,VIA_L3,4,-0.0,false,lata
135,Schweppes_Citrus,Viamao,VIA_L3,5,-0.0,false,lata
135,Schweppes_Citrus,Viamao,VIA_L3,6,-0.0,false,lata
135,Schweppes_Citrus,Viamao,VIA_L3,7,-0.0,false,lata
135,Schweppes_Citrus,Viamao,VIA_L3,8,-0.0,false,lata
135,Schweppes_Citrus,Viamao,VIA_L3,9,-0.0,false,lata
135,Schweppes_Citrus,Viamao,VIA_L3,10,-0.0,false,lata
135,Schweppes_Citrus,Viamao,VIA_L3,11,-0.0,false,lata
135,Schweppes_Citrus,Viamao,VIA_L3,12,-0.0,false,lata
135,Schweppes_Citrus,Viamao,VIA_L3,13,-0.0,false,lata
135,Schweppes_Citrus,Viamao,VIA_L3,14,-1.0e6,true,lata
135,Schweppes_Citrus,Viamao,VIA_L3,15,-0.0,false,lata
135,Schweppes_Citrus,Itupeva,ITU_L1,1,-0.0,false,lata
135,Schweppes_Citrus,Itupeva,ITU_L1,2,-0.0,false,lata
135,Schweppes_Citrus,Itupeva,ITU_L1,3,-0.0,false,lata
135,Schweppes_Citrus,Itupeva,ITU_L1,4,-0.0,false,lata
135,Schweppes_Citrus,Itupeva,ITU_L1,5,-0.0,false,lata
135,Schweppes_Citrus,Itupeva,ITU_L1,6,-0.0,false,lata
135,Schweppes_Citrus,Itupeva,ITU_L1,7,-0.0,false,lata
135,Schweppes_Citrus,Itupeva,ITU_L1,8,-0.0,false,lata
135,Schweppes_Citrus,Itupeva,ITU_L1,9,-0.0,false,lata
135,Schweppes_Citrus,Itupeva,ITU_L1,10,-0.0,false,lata
135,Schweppes_Citrus,Itupeva,ITU_L1,11,-0.0,false,lata
135,Schweppes_Citrus,Itupeva,ITU_L1,12,-0.0,false,lata
135,Schweppes_Citrus,Itupeva,ITU_L1,13,-0.0,false,lata
135,Schweppes_Citrus,Itupeva,ITU_L1,14,-0.0,false,lata
135,Schweppes_Citrus,Itupeva,ITU_L1,15,-1.0e6,true,lata
135,Schweppes_Citrus,Itupeva,ITU_L2,1,-0.0,false,lata
135,Schweppes_Citrus,Itupeva,ITU_L2,2,-0.0,false,lata
135,Schweppes_Citrus,Itupeva,ITU_L2,3,-0.0,false,lata
135,Schweppes_Citrus,Itupeva,ITU_L2,4,-0.0,false,lata
135,Schweppes_Citrus,Itupeva,ITU_L2,5,-999999.98947985,false,lata
135,Schweppes_Citrus,Itupeva,ITU_L2,6,-0.0,false,lata
135,Schweppes_Citrus,Itupeva,ITU_L2,7,-0.0,false,lata
135,Schweppes_Citrus,Itupeva,ITU_L2,8,-0.0,false,lata
135,Schweppes_Citrus,Itupeva,ITU_L2,9,-0.0,false,lata
135,Schweppes_Citrus,Itupeva,ITU_L2,10,-0.0,false,lata
135,Schweppes_Citrus,Itupeva,ITU_L2,11,-0.0,false,lata
135,Schweppes_Citrus,Itupeva,ITU_L2,12,-0.0,false,lata
135,Schweppes_Citrus,Itupeva,ITU_L2,13,-0.0,false,lata
135,Schweppes_Citrus,Itupeva,ITU_L2,14,-0.0,false,lata
135,Schweppes_Citrus,Itupeva,ITU_L2,15,-0.0,false,lata
135,Schweppes_Citrus,Itupeva,ITU_L3,1,-0.0,false,lata
135,Schweppes_Citrus,Itupeva,ITU_L3,2,-0.0,false,lata
135,Schweppes_Citrus,Itupeva,ITU_L3,3,-0.0,false,lata
135,Schweppes_Citrus,Itupeva,ITU_L3,4,-0.0,false,lata
135,Schweppes_Citrus,Itupeva,ITU_L3,5,-0.0,false,lata
135,Schweppes_Citrus,Itupeva,ITU_L3,6,-0.0,false,lata
135,Schweppes_Citrus,Itupeva,ITU_L3,7,-0.0,false,lata
135,Schweppes_Citrus,Itupeva,ITU_L3,8,-0.0,false,lata
135,Schweppes_Citrus,Itupeva,ITU_L3,9,-0.0,false,lata
135,Schweppes_Citrus,Itupeva,ITU_L3,10,-0.0,false,lata
135,Schweppes_Citrus,Itupeva,ITU_L3,11,-0.0,false,lata
135,Schweppes_Citrus,Itupeva,ITU_L3,12,-0.0,false,lata
135,Schweppes_Citrus,Itupeva,ITU_L3,13,-0.0,false,lata
135,Schweppes_Citrus,Itupeva,ITU_L3,14,-0.0,false,lata
135,Schweppes_Citrus,Itupeva,ITU_L3,15,-999999.9924983,false,lata
135,Schweppes_Citrus,Cabo de Santo Agostinho,CAB_L1,1,-0.0,false,lata
135,Schweppes_Citrus,Cabo de Santo Agostinho,CAB_L1,2,-1.0e6,true,lata
135,Schweppes_Citrus,Cabo de Santo Agostinho,CAB_L1,3,-0.0,false,lata
135,Schweppes_Citrus,Cabo de Santo Agostinho,CAB_L1,4,-0.0,false,lata
135,Schweppes_Citrus,Cabo de Santo Agostinho,CAB_L1,5,-0.0,false,lata
135,Schweppes_Citrus,Cabo de Santo Agostinho,CAB_L1,6,-0.0,false,lata
135,Schweppes_Citrus,Cabo de Santo Agostinho,CAB_L1,7,-0.0,false,lata
135,Schweppes_Citrus,Cabo de Santo Agostinho,CAB_L1,8,-0.0,false,lata
135,Schweppes_Citrus,Cabo de Santo Agostinho,CAB_L1,9,-0.0,false,lata
135,Schweppes_Citrus,Cabo de Santo Agostinho,CAB_L1,10,-0.0,false,lata
135,Schweppes_Citrus,Cabo de Santo Agostinho,CAB_L1,11,-0.0,false,lata
135,Schweppes_Citrus,Cabo de Santo Agostinho,CAB_L1,12,-0.0,false,lata
135,Schweppes_Citrus,Cabo de Santo Agostinho,CAB_L1,13,-0.0,false,lata
135,Schweppes_Citrus,Cabo de Santo Agostinho,CAB_L1,14,-0.0,false,lata
135,Schweppes_Citrus,Cabo de Santo Agostinho,CAB_L1,15,-0.0,false,lata
135,Schweppes_Citrus,Cabo de Santo Agostinho,CAB_L2,1,-0.0,false,lata
135,Schweppes_Citrus,Cabo de Santo Agostinho,CAB_L2,2,-0.0,false,lata
135,Schweppes_Citrus,Cabo de Santo Agostinho,CAB_L2,3,-0.0,false,lata
135,Schweppes_Citrus,Cabo de Santo Agostinho,CAB_L2,4,-0.0,false,lata
135,Schweppes_Citrus,Cabo de Santo Agostinho,CAB_L2,5,-0.0,false,lata
135,Schweppes_Citrus,Cabo de Santo Agostinho,CAB_L2,6,-0.0,false,lata
135,Schweppes_Citrus,Cabo de Santo Agostinho,CAB_L2,7,-0.0,false,lata
135,Schweppes_Citrus,Cabo de Santo Agostinho,CAB_L2,8,-0.0,false,lata
135,Schweppes_Citrus,Cabo de Santo Agostinho,CAB_L2,9,-0.0,false,lata
135,Schweppes_Citrus,Cabo de Santo Agostinho,CAB_L2,10,-0.0,false,lata
135,Schweppes_Citrus,Cabo de Santo Agostinho,CAB_L2,11,-0.0,false,lata
135,Schweppes_Citrus,Cabo de Santo Agostinho,CAB_L2,12,-0.0,false,lata
135,Schweppes_Citrus,Cabo de Santo Agostinho,CAB_L2,13,-0.0,false,lata
135,Schweppes_Citrus,Cabo de Santo Agostinho,CAB_L2,14,-0.0,false,lata
135,Schweppes_Citrus,Cabo de Santo Agostinho,CAB_L2,15,-0.0,false,lata
135,Schweppes_Citrus,Cabo de Santo Agostinho,CAB_L3,1,-0.0,false,lata
135,Schweppes_Citrus,Cabo de Santo Agostinho,CAB_L3,2,-0.0,false,lata
135,Schweppes_Citrus,Cabo de Santo Agostinho,CAB_L3,3,-0.0,false,lata
135,Schweppes_Citrus,Cabo de Santo Agostinho,CAB_L3,4,-0.0,false,lata
135,Schweppes_Citrus,Cabo de Santo Agostinho,CAB_L3,5,-0.0,false,lata
135,Schweppes_Citrus,Cabo de Santo Agostinho,CAB_L3,6,-0.0,false,lata
135,Schweppes_Citrus,Cabo de Santo Agostinho,CAB_L3,7,-0.0,false,lata
135,Schweppes_Citrus,Cabo de Santo Agostinho,CAB_L3,8,-0.0,false,lata
135,Schweppes_Citrus,Cabo de Santo Agostinho,CAB_L3,9,-0.0,false,lata
135,Schweppes_Citrus,Cabo de Santo Agostinho,CAB_L3,10,-0.0,false,lata
135,Schweppes_Citrus,Cabo de Santo Agostinho,CAB_L3,11,-0.0,false,lata
135,Schweppes_Citrus,Cabo de Santo Agostinho,CAB_L3,12,-0.0,false,lata
135,Schweppes_Citrus,Cabo de Santo Agostinho,CAB_L3,13,-0.0,false,lata
135,Schweppes_Citrus,Cabo de Santo Agostinho,CAB_L3,14,-0.0,false,lata
135,Schweppes_Citrus,Cabo de Santo Agostinho,CAB_L3,15,-0.0,false,lata
135,Guarana_Antarctica,Jacarei,JAC_L1,1,-999998.9664415502,false,lata
135,Guarana_Antarctica,Jacarei,JAC_L1,2,-0.0,false,lata
135,Guarana_Antarctica,Jacarei,JAC_L1,3,-0.0,false,lata
135,Guarana_Antarctica,Jacarei,JAC_L1,4,-0.0,false,lata
135,Guarana_Antarctica,Jacarei,JAC_L1,5,-0.0,false,lata
135,Guarana_Antarctica,Jacarei,JAC_L1,6,-0.0,false,lata
135,Guarana_Antarctica,Jacarei,JAC_L1,7,-0.0,false,lata
135,Guarana_Antarctica,Jacarei,JAC_L1,8,-0.0,false,lata
135,Guarana_Antarctica,Jacarei,JAC_L1,9,-0.0,false,lata
135,Guarana_Antarctica,Jacarei,JAC_L1,10,-0.0,false,lata
135,Guarana_Antarctica,Jacarei,JAC_L1,11,-0.0,false,lata
135,Guarana_Antarctica,Jacarei,JAC_L1,12,-0.0,false,lata
135,Guarana_Antarctica,Jacarei,JAC_L1,13,-0.0,false,lata
135,Guarana_Antarctica,Jacarei,JAC_L1,14,-0.0,false,lata
135,Guarana_Antarctica,Jacarei,JAC_L1,15,-0.0,false,lata
135,Guarana_Antarctica,Jacarei,JAC_L2,1,-999998.9664415502,false,lata
135,Guarana_Antarctica,Jacarei,JAC_L2,2,-0.0,false,lata
135,Guarana_Antarctica,Jacarei,JAC_L2,3,-999997.9905039498,false,lata
135,Guarana_Antarctica,Jacarei,JAC_L2,4,-0.0,false,lata
135,Guarana_Antarctica,Jacarei,JAC_L2,5,-0.0,false,lata
135,Guarana_Antarctica,Jacarei,JAC_L2,6,-0.0,false,lata
135,Guarana_Antarctica,Jacarei,JAC_L2,7,-0.0,false,lata
135,Guarana_Antarctica,Jacarei,JAC_L2,8,-0.0,false,lata
135,Guarana_Antarctica,Jacarei,JAC_L2,9,-0.0,false,lata
135,Guarana_Antarctica,Jacarei,JAC_L2,10,-0.0,false,lata
135,Guarana_Antarctica,Jacarei,JAC_L2,11,-0.0,false,lata
135,Guarana_Antarctica,Jacarei,JAC_L2,12,-0.0,false,lata
135,Guarana_Antarctica,Jacarei,JAC_L2,13,-0.0,false,lata
135,Guarana_Antarctica,Jacarei,JAC_L2,14,-0.0,false,lata
135,Guarana_Antarctica,Jacarei,JAC_L2,15,-0.0,false,lata
135,Guarana_Antarctica,Jacarei,JAC_L3,1,-0.0,false,lata
135,Guarana_Antarctica,Jacarei,JAC_L3,2,-0.0,false,lata
135,Guarana_Antarctica,Jacarei,JAC_L3,3,-0.0,false,lata
135,Guarana_Antarctica,Jacarei,JAC_L3,4,-0.0,false,lata
135,Guarana_Antarctica,Jacarei,JAC_L3,5,-999998.5477322498,false,lata
135,Guarana_Antarctica,Jacarei,JAC_L3,6,-999998.8377322499,false,lata
135,Guarana_Antarctica,Jacarei,JAC_L3,7,-0.0,false,lata
135,Guarana_Antarctica,Jacarei,JAC_L3,8,-0.0,false,lata
135,Guarana_Antarctica,Jacarei,JAC_L3,9,-0.0,false,lata
135,Guarana_Antarctica,Jacarei,JAC_L3,10,-0.0,false,lata
135,Guarana_Antarctica,Jacarei,JAC_L3,11,-999999.961394,false,lata
135,Guarana_Antarctica,Jacarei,JAC_L3,12,-0.0,false,lata
135,Guarana_Antarctica,Jacarei,JAC_L3,13,-0.0,false,lata
135,Guarana_Antarctica,Jacarei,JAC_L3,14,-0.0,false,lata
135,Guarana_Antarctica,Jacarei,JAC_L3,15,-0.0,false,lata
135,Guarana_Antarctica,Extrema,EXT_L1,1,-0.0,false,lata
135,Guarana_Antarctica,Extrema,EXT_L1,2,-0.0,false,lata
135,Guarana_Antarctica,Extrema,EXT_L1,3,-0.0,false,lata
135,Guarana_Antarctica,Extrema,EXT_L1,4,-0.0,false,lata
135,Guarana_Antarctica,Extrema,EXT_L1,5,-0.0,false,lata
135,Guarana_Antarctica,Extrema,EXT_L1,6,-0.0,false,lata
135,Guarana_Antarctica,Extrema,EXT_L1,7,-0.0,false,lata
135,Guarana_Antarctica,Extrema,EXT_L1,8,-0.0,false,lata
135,Guarana_Antarctica,Extrema,EXT_L1,9,-0.0,false,lata
135,Guarana_Antarctica,Extrema,EXT_L1,10,-0.0,false,lata
135,Guarana_Antarctica,Extrema,EXT_L1,11,-0.0,false,lata
135,Guarana_Antarctica,Extrema,EXT_L1,12,-0.0,false,lata
135,Guarana_Antarctica,Extrema,EXT_L1,13,-0.0,false,lata
135,Guarana_Antarctica,Extrema,EXT_L1,14,-0.0,false,lata
135,Guarana_Antarctica,Extrema,EXT_L1,15,-0.0,false,lata
135,Guarana_Antarctica,Extrema,EXT_L2,1,-0.0,false,lata
135,Guarana_Antarctica,Extrema,EXT_L2,2,-0.0,false,lata
135,Guarana_Antarctica,Extrema,EXT_L2,3,-0.0,false,lata
135,Guarana_Antarctica,Extrema,EXT_L2,4,-0.0,false,lata
135,Guarana_Antarctica,Extrema,EXT_L2,5,-0.0,false,lata
135,Guarana_Antarctica,Extrema,EXT_L2,6,-0.0,false,lata
135,Guarana_Antarctica,Extrema,EXT_L2,7,-0.0,false,lata
135,Guarana_Antarctica,Extrema,EXT_L2,8,-0.0,false,lata
135,Guarana_Antarctica,Extrema,EXT_L2,9,-0.0,false,lata
135,Guarana_Antarctica,Extrema,EXT_L2,10,-0.0,false,lata
135,Guarana_Antarctica,Extrema,EXT_L2,11,-0.0,false,lata
135,Guarana_Antarctica,Extrema,EXT_L2,12,-0.0,false,lata
135,Guarana_Antarctica,Extrema,EXT_L2,13,-0.0,false,lata
135,Guarana_Antarctica,Extrema,EXT_L2,14,-0.0,false,lata
135,Guarana_Antarctica,Extrema,EXT_L2,15,-0.0,false,lata
135,Guarana_Antarctica,Extrema,EXT_L3,1,-0.0,false,lata
135,Guarana_Antarctica,Extrema,EXT_L3,2,-0.0,false,lata
135,Guarana_Antarctica,Extrema,EXT_L3,3,-0.0,false,lata
135,Guarana_Antarctica,Extrema,EXT_L3,4,-0.0,false,lata
135,Guarana_Antarctica,Extrema,EXT_L3,5,-0.0,false,lata
135,Guarana_Antarctica,Extrema,EXT_L3,6,-0.0,false,lata
135,Guarana_Antarctica,Extrema,EXT_L3,7,-0.0,false,lata
135,Guarana_Antarctica,Extrema,EXT_L3,8,-0.0,false,lata
135,Guarana_Antarctica,Extrema,EXT_L3,9,-999999.4090316999,false,lata
135,Guarana_Antarctica,Extrema,EXT_L3,10,-0.0,false,lata
135,Guarana_Antarctica,Extrema,EXT_L3,11,-0.0,false,lata
135,Guarana_Antarctica,Extrema,EXT_L3,12,-0.0,false,lata
135,Guarana_Antarctica,Extrema,EXT_L3,13,-0.0,false,lata
135,Guarana_Antarctica,Extrema,EXT_L3,14,-0.0,false,lata
135,Guarana_Antarctica,Extrema,EXT_L3,15,-0.0,false,lata
135,Guarana_Antarctica,Tres Rios,TRE_L1,1,-0.0,false,lata
135,Guarana_Antarctica,Tres Rios,TRE_L1,2,-0.0,false,lata
135,Guarana_Antarctica,Tres Rios,TRE_L1,3,-0.0,false,lata
135,Guarana_Antarctica,Tres Rios,TRE_L1,4,-0.0,false,lata
135,Guarana_Antarctica,Tres Rios,TRE_L1,5,-0.0,false,lata
135,Guarana_Antarctica,Tres Rios,TRE_L1,6,-0.0,false,lata
135,Guarana_Antarctica,Tres Rios,TRE_L1,7,-0.0,false,lata
135,Guarana_Antarctica,Tres Rios,TRE_L1,8,-0.0,false,lata
135,Guarana_Antarctica,Tres Rios,TRE_L1,9,-0.0,false,lata
135,Guarana_Antarctica,Tres Rios,TRE_L1,10,-0.0,false,lata
135,Guarana_Antarctica,Tres Rios,TRE_L1,11,-0.0,false,lata
135,Guarana_Antarctica,Tres Rios,TRE_L1,12,-0.0,false,lata
135,Guarana_Antarctica,Tres Rios,TRE_L1,13,-0.0,false,lata
135,Guarana_Antarctica,Tres Rios,TRE_L1,14,-0.0,false,lata
135,Guarana_Antarctica,Tres Rios,TRE_L1,15,-0.0,false,lata
135,Guarana_Antarctica,Tres Rios,TRE_L2,1,-0.0,false,lata
135,Guarana_Antarctica,Tres Rios,TRE_L2,2,-999997.7258117497,false,lata
135,Guarana_Antarctica,Tres Rios,TRE_L2,3,-0.0,false,lata
135,Guarana_Antarctica,Tres Rios,TRE_L2,4,-0.0,false,lata
135,Guarana_Antarctica,Tres Rios,TRE_L2,5,-0.0,false,lata
135,Guarana_Antarctica,Tres Rios,TRE_L2,6,-0.0,false,lata
135,Guarana_Antarctica,Tres Rios,TRE_L2,7,-0.0,false,lata
135,Guarana_Antarctica,Tres Rios,TRE_L2,8,-0.0,false,lata
135,Guarana_Antarctica,Tres Rios,TRE_L2,9,-0.0,false,lata
135,Guarana_Antarctica,Tres Rios,TRE_L2,10,-0.0,false,lata
135,Guarana_Antarctica,Tres Rios,TRE_L2,11,-0.0,false,lata
135,Guarana_Antarctica,Tres Rios,TRE_L2,12,-0.0,false,lata
135,Guarana_Antarctica,Tres Rios,TRE_L2,13,-0.0,false,lata
135,Guarana_Antarctica,Tres Rios,TRE_L2,14,-999998.2235641503,false,lata
135,Guarana_Antarctica,Tres Rios,TRE_L2,15,-0.0,false,lata
135,Guarana_Antarctica,Tres Rios,TRE_L3,1,-0.0,false,lata
135,Guarana_Antarctica,Tres Rios,TRE_L3,2,-999997.7258117497,false,lata
135,Guarana_Antarctica,Tres Rios,TRE_L3,3,-0.0,false,lata
135,Guarana_Antarctica,Tres Rios,TRE_L3,4,-0.0,false,lata
135,Guarana_Antarctica,Tres Rios,TRE_L3,5,-0.0,false,lata
135,Guarana_Antarctica,Tres Rios,TRE_L3,6,-0.0,false,lata
135,Guarana_Antarctica,Tres Rios,TRE_L3,7,-0.0,false,lata
135,Guarana_Antarctica,Tres Rios,TRE_L3,8,-0.0,false,lata
135,Guarana_Antarctica,Tres Rios,TRE_L3,9,-0.0,false,lata
135,Guarana_Antarctica,Tres Rios,TRE_L3,10,-0.0,false,lata
135,Guarana_Antarctica,Tres Rios,TRE_L3,11,-0.0,false,lata
135,Guarana_Antarctica,Tres Rios,TRE_L3,12,-0.0,false,lata
135,Guarana_Antarctica,Tres Rios,TRE_L3,13,-0.0,false,lata
135,Guarana_Antarctica,Tres Rios,TRE_L3,14,-0.0,false,lata
135,Guarana_Antarctica,Tres Rios,TRE_L3,15,-0.0,false,lata
135,Guarana_Antarctica,Alagoinhas,ALA_L1,1,-0.0,false,lata
135,Guarana_Antarctica,Alagoinhas,ALA_L1,2,-0.0,false,lata
135,Guarana_Antarctica,Alagoinhas,ALA_L1,3,-0.0,false,lata
135,Guarana_Antarctica,Alagoinhas,ALA_L1,4,-0.0,false,lata
135,Guarana_Antarctica,Alagoinhas,ALA_L1,5,-0.0,false,lata
135,Guarana_Antarctica,Alagoinhas,ALA_L1,6,-0.0,false,lata
135,Guarana_Antarctica,Alagoinhas,ALA_L1,7,-0.0,false,lata
135,Guarana_Antarctica,Alagoinhas,ALA_L1,8,-0.0,false,lata
135,Guarana_Antarctica,Alagoinhas,ALA_L1,9,-0.0,false,lata
135,Guarana_Antarctica,Alagoinhas,ALA_L1,10,-0.0,false,lata
135,Guarana_Antarctica,Alagoinhas,ALA_L1,11,-0.0,false,lata
135,Guarana_Antarctica,Alagoinhas,ALA_L1,12,-0.0,false,lata
135,Guarana_Antarctica,Alagoinhas,ALA_L1,13,-0.0,false,lata
135,Guarana_Antarctica,Alagoinhas,ALA_L1,14,-0.0,false,lata
135,Guarana_Antarctica,Alagoinhas,ALA_L1,15,-0.0,false,lata
135,Guarana_Antarctica,Alagoinhas,ALA_L2,1,-0.0,false,lata
135,Guarana_Antarctica,Alagoinhas,ALA_L2,2,-0.0,false,lata
135,Guarana_Antarctica,Alagoinhas,ALA_L2,3,-0.0,false,lata
135,Guarana_Antarctica,Alagoinhas,ALA_L2,4,-0.0,false,lata
135,Guarana_Antarctica,Alagoinhas,ALA_L2,5,-0.0,false,lata
135,Guarana_Antarctica,Alagoinhas,ALA_L2,6,-0.0,false,lata
135,Guarana_Antarctica,Alagoinhas,ALA_L2,7,-0.0,false,lata
135,Guarana_Antarctica,Alagoinhas,ALA_L2,8,-999999.4286622,false,lata
135,Guarana_Antarctica,Alagoinhas,ALA_L2,9,-0.0,false,lata
135,Guarana_Antarctica,Alagoinhas,ALA_L2,10,-999999.7274,false,lata
135,Guarana_Antarctica,Alagoinhas,ALA_L2,11,-1.0e6,true,lata
135,Guarana_Antarctica,Alagoinhas,ALA_L2,12,-0.0,false,lata
135,Guarana_Antarctica,Alagoinhas,ALA_L2,13,-0.0,false,lata
135,Guarana_Antarctica,Alagoinhas,ALA_L2,14,-0.0,false,lata
135,Guarana_Antarctica,Alagoinhas,ALA_L2,15,-0.0,false,lata
135,Guarana_Antarctica,Alagoinhas,ALA_L3,1,-0.0,false,lata
135,Guarana_Antarctica,Alagoinhas,ALA_L3,2,-0.0,false,lata
135,Guarana_Antarctica,Alagoinhas,ALA_L3,3,-0.0,false,lata
135,Guarana_Antarctica,Alagoinhas,ALA_L3,4,-0.0,false,lata
135,Guarana_Antarctica,Alagoinhas,ALA_L3,5,-0.0,false,lata
135,Guarana_Antarctica,Alagoinhas,ALA_L3,6,-999998.8834621999,false,lata
135,Guarana_Antarctica,Alagoinhas,ALA_L3,7,-0.0,false,lata
135,Guarana_Antarctica,Alagoinhas,ALA_L3,8,-0.0,false,lata
135,Guarana_Antarctica,Alagoinhas,ALA_L3,9,-0.0,false,lata
135,Guarana_Antarctica,Alagoinhas,ALA_L3,10,-0.0,false,lata
135,Guarana_Antarctica,Alagoinhas,ALA_L3,11,-1.0e6,true,lata
135,Guarana_Antarctica,Alagoinhas,ALA_L3,12,-0.0,false,lata
135,Guarana_Antarctica,Alagoinhas,ALA_L3,13,-0.0,false,lata
135,Guarana_Antarctica,Alagoinhas,ALA_L3,14,-0.0,false,lata
135,Guarana_Antarctica,Alagoinhas,ALA_L3,15,-999998.5628564503,false,lata
135,Guarana_Antarctica,Frutal,FRU_L1,1,-0.0,false,lata
135,Guarana_Antarctica,Frutal,FRU_L1,2,-0.0,false,lata
135,Guarana_Antarctica,Frutal,FRU_L1,3,-0.0,false,lata
135,Guarana_Antarctica,Frutal,FRU_L1,4,-0.0,false,lata
135,Guarana_Antarctica,Frutal,FRU_L1,5,-0.0,false,lata
135,Guarana_Antarctica,Frutal,FRU_L1,6,-0.0,false,lata
135,Guarana_Antarctica,Frutal,FRU_L1,7,-999999.1294748,false,lata
135,Guarana_Antarctica,Frutal,FRU_L1,8,-0.0,false,lata
135,Guarana_Antarctica,Frutal,FRU_L1,9,-0.0,false,lata
135,Guarana_Antarctica,Frutal,FRU_L1,10,-0.0,false,lata
135,Guarana_Antarctica,Frutal,FRU_L1,11,-0.0,false,lata
135,Guarana_Antarctica,Frutal,FRU_L1,12,-0.0,false,lata
135,Guarana_Antarctica,Frutal,FRU_L1,13,-0.0,false,lata
135,Guarana_Antarctica,Frutal,FRU_L1,14,-0.0,false,lata
135,Guarana_Antarctica,Frutal,FRU_L1,15,-0.0,false,lata
135,Guarana_Antarctica,Frutal,FRU_L2,1,-0.0,false,lata
135,Guarana_Antarctica,Frutal,FRU_L2,2,-0.0,false,lata
135,Guarana_Antarctica,Frutal,FRU_L2,3,-0.0,false,lata
135,Guarana_Antarctica,Frutal,FRU_L2,4,-0.0,false,lata
135,Guarana_Antarctica,Frutal,FRU_L2,5,-0.0,false,lata
135,Guarana_Antarctica,Frutal,FRU_L2,6,-0.0,false,lata
135,Guarana_Antarctica,Frutal,FRU_L2,7,-0.0,false,lata
135,Guarana_Antarctica,Frutal,FRU_L2,8,-0.0,false,lata
135,Guarana_Antarctica,Frutal,FRU_L2,9,-999999.4264933999,false,lata
135,Guarana_Antarctica,Frutal,FRU_L2,10,-0.0,false,lata
135,Guarana_Antarctica,Frutal,FRU_L2,11,-999999.9716934,false,lata
135,Guarana_Antarctica,Frutal,FRU_L2,12,-0.0,false,lata
135,Guarana_Antarctica,Frutal,FRU_L2,13,-0.0,false,lata
135,Guarana_Antarctica,Frutal,FRU_L2,14,-0.0,false,lata
135,Guarana_Antarctica,Frutal,FRU_L2,15,-0.0,false,lata
135,Guarana_Antarctica,Frutal,FRU_L3,1,-0.0,false,lata
135,Guarana_Antarctica,Frutal,FRU_L3,2,-0.0,false,lata
135,Guarana_Antarctica,Frutal,FRU_L3,3,-0.0,false,lata
135,Guarana_Antarctica,Frutal,FRU_L3,4,-0.0,false,lata
135,Guarana_Antarctica,Frutal,FRU_L3,5,-999998.5610555998,false,lata
135,Guarana_Antarctica,Frutal,FRU_L3,6,-0.0,false,lata
135,Guarana_Antarctica,Frutal,FRU_L3,7,-999999.1294748,false,lata
135,Guarana_Antarctica,Frutal,FRU_L3,8,-0.0,false,lata
135,Guarana_Antarctica,Frutal,FRU_L3,9,-0.0,false,lata
135,Guarana_Antarctica,Frutal,FRU_L3,10,-0.0,false,lata
135,Guarana_Antarctica,Frutal,FRU_L3,11,-0.0,false,lata
135,Guarana_Antarctica,Frutal,FRU_L3,12,-0.0,false,lata
135,Guarana_Antarctica,Frutal,FRU_L3,13,-0.0,false,lata
135,Guarana_Antarctica,Frutal,FRU_L3,14,-0.0,false,lata
135,Guarana_Antarctica,Frutal,FRU_L3,15,-0.0,false,lata
135,Guarana_Antarctica,Pouso Alegre,POU_L1,1,-0.0,false,lata
135,Guarana_Antarctica,Pouso Alegre,POU_L1,2,-0.0,false,lata
135,Guarana_Antarctica,Pouso Alegre,POU_L1,3,-0.0,false,lata
135,Guarana_Antarctica,Pouso Alegre,POU_L1,4,-0.0,false,lata
135,Guarana_Antarctica,Pouso Alegre,POU_L1,5,-0.0,false,lata
135,Guarana_Antarctica,Pouso Alegre,POU_L1,6,-0.0,false,lata
135,Guarana_Antarctica,Pouso Alegre,POU_L1,7,-0.0,false,lata
135,Guarana_Antarctica,Pouso Alegre,POU_L1,8,-0.0,false,lata
135,Guarana_Antarctica,Pouso Alegre,POU_L1,9,-0.0,false,lata
135,Guarana_Antarctica,Pouso Alegre,POU_L1,10,-0.0,false,lata
135,Guarana_Antarctica,Pouso Alegre,POU_L1,11,-0.0,false,lata
135,Guarana_Antarctica,Pouso Alegre,POU_L1,12,-0.0,false,lata
135,Guarana_Antarctica,Pouso Alegre,POU_L1,13,-0.0,false,lata
135,Guarana_Antarctica,Pouso Alegre,POU_L1,14,-0.0,false,lata
135,Guarana_Antarctica,Pouso Alegre,POU_L1,15,-0.0,false,lata
135,Guarana_Antarctica,Pouso Alegre,POU_L2,1,-0.0,false,lata
135,Guarana_Antarctica,Pouso Alegre,POU_L2,2,-0.0,false,lata
135,Guarana_Antarctica,Pouso Alegre,POU_L2,3,-0.0,false,lata
135,Guarana_Antarctica,Pouso Alegre,POU_L2,4,-0.0,false,lata
135,Guarana_Antarctica,Pouso Alegre,POU_L2,5,-0.0,false,lata
135,Guarana_Antarctica,Pouso Alegre,POU_L2,6,-0.0,false,lata
135,Guarana_Antarctica,Pouso Alegre,POU_L2,7,-0.0,false,lata
135,Guarana_Antarctica,Pouso Alegre,POU_L2,8,-0.0,false,lata
135,Guarana_Antarctica,Pouso Alegre,POU_L2,9,-0.0,false,lata
135,Guarana_Antarctica,Pouso Alegre,POU_L2,10,-0.0,false,lata
135,Guarana_Antarctica,Pouso Alegre,POU_L2,11,-0.0,false,lata
135,Guarana_Antarctica,Pouso Alegre,POU_L2,12,-0.0,false,lata
135,Guarana_Antarctica,Pouso Alegre,POU_L2,13,-0.0,false,lata
135,Guarana_Antarctica,Pouso Alegre,POU_L2,14,-0.0,false,lata
135,Guarana_Antarctica,Pouso Alegre,POU_L2,15,-0.0,false,lata
135,Guarana_Antarctica,Pouso Alegre,POU_L3,1,-0.0,false,lata
135,Guarana_Antarctica,Pouso Alegre,POU_L3,2,-0.0,false,lata
135,Guarana_Antarctica,Pouso Alegre,POU_L3,3,-0.0,false,lata
135,Guarana_Antarctica,Pouso Alegre,POU_L3,4,-0.0,false,lata
135,Guarana_Antarctica,Pouso Alegre,POU_L3,5,-0.0,false,lata
135,Guarana_Antarctica,Pouso Alegre,POU_L3,6,-0.0,false,lata
135,Guarana_Antarctica,Pouso Alegre,POU_L3,7,-0.0,false,lata
135,Guarana_Antarctica,Pouso Alegre,POU_L3,8,-0.0,false,lata
135,Guarana_Antarctica,Pouso Alegre,POU_L3,9,-0.0,false,lata
135,Guarana_Antarctica,Pouso Alegre,POU_L3,10,-0.0,false,lata
135,Guarana_Antarctica,Pouso Alegre,POU_L3,11,-0.0,false,lata
135,Guarana_Antarctica,Pouso Alegre,POU_L3,12,-999998.26523285,false,lata
135,Guarana_Antarctica,Pouso Alegre,POU_L3,13,-0.0,false,lata
135,Guarana_Antarctica,Pouso Alegre,POU_L3,14,-0.0,false,lata
135,Guarana_Antarctica,Pouso Alegre,POU_L3,15,-0.0,false,lata
135,Guarana_Antarctica,Gama,GAM_L1,1,-0.0,false,lata
135,Guarana_Antarctica,Gama,GAM_L1,2,-0.0,false,lata
135,Guarana_Antarctica,Gama,GAM_L1,3,-0.0,false,lata
135,Guarana_Antarctica,Gama,GAM_L1,4,-0.0,false,lata
135,Guarana_Antarctica,Gama,GAM_L1,5,-0.0,false,lata
135,Guarana_Antarctica,Gama,GAM_L1,6,-0.0,false,lata
135,Guarana_Antarctica,Gama,GAM_L1,7,-0.0,false,lata
135,Guarana_Antarctica,Gama,GAM_L1,8,-0.0,false,lata
135,Guarana_Antarctica,Gama,GAM_L1,9,-0.0,false,lata
135,Guarana_Antarctica,Gama,GAM_L1,10,-0.0,false,lata
135,Guarana_Antarctica,Gama,GAM_L1,11,-0.0,false,lata
135,Guarana_Antarctica,Gama,GAM_L1,12,-0.0,false,lata
135,Guarana_Antarctica,Gama,GAM_L1,13,-0.0,false,lata
135,Guarana_Antarctica,Gama,GAM_L1,14,-999998.2460069003,false,lata
135,Guarana_Antarctica,Gama,GAM_L1,15,-999998.5219066002,false,lata
135,Guarana_Antarctica,Gama,GAM_L2,1,-0.0,false,lata
135,Guarana_Antarctica,Gama,GAM_L2,2,-0.0,false,lata
135,Guarana_Antarctica,Gama,GAM_L2,3,-0.0,false,lata
135,Guarana_Antarctica,Gama,GAM_L2,4,-0.0,false,lata
135,Guarana_Antarctica,Gama,GAM_L2,5,-0.0,false,lata
135,Guarana_Antarctica,Gama,GAM_L2,6,-999998.8357230499,false,lata
135,Guarana_Antarctica,Gama,GAM_L2,7,-0.0,false,lata
135,Guarana_Antarctica,Gama,GAM_L2,8,-0.0,false,lata
135,Guarana_Antarctica,Gama,GAM_L2,9,-0.0,false,lata
135,Guarana_Antarctica,Gama,GAM_L2,10,-0.0,false,lata
135,Guarana_Antarctica,Gama,GAM_L2,11,-0.0,false,lata
135,Guarana_Antarctica,Gama,GAM_L2,12,-0.0,false,lata
135,Guarana_Antarctica,Gama,GAM_L2,13,-0.0,false,lata
135,Guarana_Antarctica,Gama,GAM_L2,14,-0.0,false,lata
135,Guarana_Antarctica,Gama,GAM_L2,15,-0.0,false,lata
135,Guarana_Antarctica,Gama,GAM_L3,1,-0.0,false,lata
135,Guarana_Antarctica,Gama,GAM_L3,2,-0.0,false,lata
135,Guarana_Antarctica,Gama,GAM_L3,3,-0.0,false,lata
135,Guarana_Antarctica,Gama,GAM_L3,4,-0.0,false,lata
135,Guarana_Antarctica,Gama,GAM_L3,5,-0.0,false,lata
135,Guarana_Antarctica,Gama,GAM_L3,6,-0.0,false,lata
135,Guarana_Antarctica,Gama,GAM_L3,7,-0.0,false,lata
135,Guarana_Antarctica,Gama,GAM_L3,8,-0.0,false,lata
135,Guarana_Antarctica,Gama,GAM_L3,9,-0.0,false,lata
135,Guarana_Antarctica,Gama,GAM_L3,10,-0.0,false,lata
135,Guarana_Antarctica,Gama,GAM_L3,11,-0.0,false,lata
135,Guarana_Antarctica,Gama,GAM_L3,12,-0.0,false,lata
135,Guarana_Antarctica,Gama,GAM_L3,13,-0.0,false,lata
135,Guarana_Antarctica,Gama,GAM_L3,14,-0.0,false,lata
135,Guarana_Antarctica,Gama,GAM_L3,15,-0.0,false,lata
135,Guarana_Antarctica,Viamao,VIA_L1,1,-0.0,false,lata
135,Guarana_Antarctica,Viamao,VIA_L1,2,-0.0,false,lata
135,Guarana_Antarctica,Viamao,VIA_L1,3,-0.0,false,lata
135,Guarana_Antarctica,Viamao,VIA_L1,4,-0.0,false,lata
135,Guarana_Antarctica,Viamao,VIA_L1,5,-0.0,false,lata
135,Guarana_Antarctica,Viamao,VIA_L1,6,-0.0,false,lata
135,Guarana_Antarctica,Viamao,VIA_L1,7,-0.0,false,lata
135,Guarana_Antarctica,Viamao,VIA_L1,8,-0.0,false,lata
135,Guarana_Antarctica,Viamao,VIA_L1,9,-0.0,false,lata
135,Guarana_Antarctica,Viamao,VIA_L1,10,-0.0,false,lata
135,Guarana_Antarctica,Viamao,VIA_L1,11,-1.0e6,true,lata
135,Guarana_Antarctica,Viamao,VIA_L1,12,-0.0,false,lata
135,Guarana_Antarctica,Viamao,VIA_L1,13,-0.0,false,lata
135,Guarana_Antarctica,Viamao,VIA_L1,14,-0.0,false,lata
135,Guarana_Antarctica,Viamao,VIA_L1,15,-0.0,false,lata
135,Guarana_Antarctica,Viamao,VIA_L2,1,-0.0,false,lata
135,Guarana_Antarctica,Viamao,VIA_L2,2,-0.0,false,lata
135,Guarana_Antarctica,Viamao,VIA_L2,3,-0.0,false,lata
135,Guarana_Antarctica,Viamao,VIA_L2,4,-0.0,false,lata
135,Guarana_Antarctica,Viamao,VIA_L2,5,-0.0,false,lata
135,Guarana_Antarctica,Viamao,VIA_L2,6,-0.0,false,lata
135,Guarana_Antarctica,Viamao,VIA_L2,7,-0.0,false,lata
135,Guarana_Antarctica,Viamao,VIA_L2,8,-0.0,false,lata
135,Guarana_Antarctica,Viamao,VIA_L2,9,-0.0,false,lata
135,Guarana_Antarctica,Viamao,VIA_L2,10,-0.0,false,lata
135,Guarana_Antarctica,Viamao,VIA_L2,11,-0.0,false,lata
135,Guarana_Antarctica,Viamao,VIA_L2,12,-999998.2990788,false,lata
135,Guarana_Antarctica,Viamao,VIA_L2,13,-0.0,false,lata
135,Guarana_Antarctica,Viamao,VIA_L2,14,-0.0,false,lata
135,Guarana_Antarctica,Viamao,VIA_L2,15,-0.0,false,lata
135,Guarana_Antarctica,Viamao,VIA_L3,1,-0.0,false,lata
135,Guarana_Antarctica,Viamao,VIA_L3,2,-0.0,false,lata
135,Guarana_Antarctica,Viamao,VIA_L3,3,-0.0,false,lata
135,Guarana_Antarctica,Viamao,VIA_L3,4,-0.0,false,lata
135,Guarana_Antarctica,Viamao,VIA_L3,5,-0.0,false,lata
135,Guarana_Antarctica,Viamao,VIA_L3,6,-0.0,false,lata
135,Guarana_Antarctica,Viamao,VIA_L3,7,-0.0,false,lata
135,Guarana_Antarctica,Viamao,VIA_L3,8,-0.0,false,lata
135,Guarana_Antarctica,Viamao,VIA_L3,9,-0.0,false,lata
135,Guarana_Antarctica,Viamao,VIA_L3,10,-0.0,false,lata
135,Guarana_Antarctica,Viamao,VIA_L3,11,-0.0,false,lata
135,Guarana_Antarctica,Viamao,VIA_L3,12,-0.0,false,lata
135,Guarana_Antarctica,Viamao,VIA_L3,13,-0.0,false,lata
135,Guarana_Antarctica,Viamao,VIA_L3,14,-0.0,false,lata
135,Guarana_Antarctica,Viamao,VIA_L3,15,-0.0,false,lata
135,Guarana_Antarctica,Itupeva,ITU_L1,1,-0.0,false,lata
135,Guarana_Antarctica,Itupeva,ITU_L1,2,-0.0,false,lata
135,Guarana_Antarctica,Itupeva,ITU_L1,3,-0.0,false,lata
135,Guarana_Antarctica,Itupeva,ITU_L1,4,-0.0,false,lata
135,Guarana_Antarctica,Itupeva,ITU_L1,5,-999998.5525268998,false,lata
135,Guarana_Antarctica,Itupeva,ITU_L1,6,-0.0,false,lata
135,Guarana_Antarctica,Itupeva,ITU_L1,7,-999999.1125772999,false,lata
135,Guarana_Antarctica,Itupeva,ITU_L1,8,-0.0,false,lata
135,Guarana_Antarctica,Itupeva,ITU_L1,9,-0.0,false,lata
135,Guarana_Antarctica,Itupeva,ITU_L1,10,-999999.6837404999,false,lata
135,Guarana_Antarctica,Itupeva,ITU_L1,11,-0.0,false,lata
135,Guarana_Antarctica,Itupeva,ITU_L1,12,-0.0,false,lata
135,Guarana_Antarctica,Itupeva,ITU_L1,13,-0.0,false,lata
135,Guarana_Antarctica,Itupeva,ITU_L1,14,-0.0,false,lata
135,Guarana_Antarctica,Itupeva,ITU_L1,15,-999998.5050793004,false,lata
135,Guarana_Antarctica,Itupeva,ITU_L2,1,-0.0,false,lata
135,Guarana_Antarctica,Itupeva,ITU_L2,2,-0.0,false,lata
135,Guarana_Antarctica,Itupeva,ITU_L2,3,-0.0,false,lata
135,Guarana_Antarctica,Itupeva,ITU_L2,4,-0.0,false,lata
135,Guarana_Antarctica,Itupeva,ITU_L2,5,-0.0,false,lata
135,Guarana_Antarctica,Itupeva,ITU_L2,6,-0.0,false,lata
135,Guarana_Antarctica,Itupeva,ITU_L2,7,-0.0,false,lata
135,Guarana_Antarctica,Itupeva,ITU_L2,8,-0.0,false,lata
135,Guarana_Antarctica,Itupeva,ITU_L2,9,-0.0,false,lata
135,Guarana_Antarctica,Itupeva,ITU_L2,10,-0.0,false,lata
135,Guarana_Antarctica,Itupeva,ITU_L2,11,-0.0,false,lata
135,Guarana_Antarctica,Itupeva,ITU_L2,12,-0.0,false,lata
135,Guarana_Antarctica,Itupeva,ITU_L2,13,-0.0,false,lata
135,Guarana_Antarctica,Itupeva,ITU_L2,14,-0.0,false,lata
135,Guarana_Antarctica,Itupeva,ITU_L2,15,-0.0,false,lata
135,Guarana_Antarctica,Itupeva,ITU_L3,1,-0.0,false,lata
135,Guarana_Antarctica,Itupeva,ITU_L3,2,-0.0,false,lata
135,Guarana_Antarctica,Itupeva,ITU_L3,3,-0.0,false,lata
135,Guarana_Antarctica,Itupeva,ITU_L3,4,-0.0,false,lata
135,Guarana_Antarctica,Itupeva,ITU_L3,5,-0.0,false,lata
135,Guarana_Antarctica,Itupeva,ITU_L3,6,-0.0,false,lata
135,Guarana_Antarctica,Itupeva,ITU_L3,7,-0.0,false,lata
135,Guarana_Antarctica,Itupeva,ITU_L3,8,-0.0,false,lata
135,Guarana_Antarctica,Itupeva,ITU_L3,9,-0.0,false,lata
135,Guarana_Antarctica,Itupeva,ITU_L3,10,-0.0,false,lata
135,Guarana_Antarctica,Itupeva,ITU_L3,11,-0.0,false,lata
135,Guarana_Antarctica,Itupeva,ITU_L3,12,-0.0,false,lata
135,Guarana_Antarctica,Itupeva,ITU_L3,13,-0.0,false,lata
135,Guarana_Antarctica,Itupeva,ITU_L3,14,-0.0,false,lata
135,Guarana_Antarctica,Itupeva,ITU_L3,15,-0.0,false,lata
135,Guarana_Antarctica,Cabo de Santo Agostinho,CAB_L1,1,-0.0,false,lata
135,Guarana_Antarctica,Cabo de Santo Agostinho,CAB_L1,2,-0.0,false,lata
135,Guarana_Antarctica,Cabo de Santo Agostinho,CAB_L1,3,-0.0,false,lata
135,Guarana_Antarctica,Cabo de Santo Agostinho,CAB_L1,4,-0.0,false,lata
135,Guarana_Antarctica,Cabo de Santo Agostinho,CAB_L1,5,-0.0,false,lata
135,Guarana_Antarctica,Cabo de Santo Agostinho,CAB_L1,6,-0.0,false,lata
135,Guarana_Antarctica,Cabo de Santo Agostinho,CAB_L1,7,-0.0,false,lata
135,Guarana_Antarctica,Cabo de Santo Agostinho,CAB_L1,8,-0.0,false,lata
135,Guarana_Antarctica,Cabo de Santo Agostinho,CAB_L1,9,-0.0,false,lata
135,Guarana_Antarctica,Cabo de Santo Agostinho,CAB_L1,10,-0.0,false,lata
135,Guarana_Antarctica,Cabo de Santo Agostinho,CAB_L1,11,-0.0,false,lata
135,Guarana_Antarctica,Cabo de Santo Agostinho,CAB_L1,12,-0.0,false,lata
135,Guarana_Antarctica,Cabo de Santo Agostinho,CAB_L1,13,-0.0,false,lata
135,Guarana_Antarctica,Cabo de Santo Agostinho,CAB_L1,14,-0.0,false,lata
135,Guarana_Antarctica,Cabo de Santo Agostinho,CAB_L1,15,-0.0,false,lata
135,Guarana_Antarctica,Cabo de Santo Agostinho,CAB_L2,1,-0.0,false,lata
135,Guarana_Antarctica,Cabo de Santo Agostinho,CAB_L2,2,-0.0,false,lata
135,Guarana_Antarctica,Cabo de Santo Agostinho,CAB_L2,3,-0.0,false,lata
135,Guarana_Antarctica,Cabo de Santo Agostinho,CAB_L2,4,-0.0,false,lata
135,Guarana_Antarctica,Cabo de Santo Agostinho,CAB_L2,5,-0.0,false,lata
135,Guarana_Antarctica,Cabo de Santo Agostinho,CAB_L2,6,-0.0,false,lata
135,Guarana_Antarctica,Cabo de Santo Agostinho,CAB_L2,7,-0.0,false,lata
135,Guarana_Antarctica,Cabo de Santo Agostinho,CAB_L2,8,-999999.4523288,false,lata
135,Guarana_Antarctica,Cabo de Santo Agostinho,CAB_L2,9,-0.0,false,lata
135,Guarana_Antarctica,Cabo de Santo Agostinho,CAB_L2,10,-0.0,false,lata
135,Guarana_Antarctica,Cabo de Santo Agostinho,CAB_L2,11,-0.0,false,lata
135,Guarana_Antarctica,Cabo de Santo Agostinho,CAB_L2,12,-0.0,false,lata
135,Guarana_Antarctica,Cabo de Santo Agostinho,CAB_L2,13,-0.0,false,lata
135,Guarana_Antarctica,Cabo de Santo Agostinho,CAB_L2,14,-0.0,false,lata
135,Guarana_Antarctica,Cabo de Santo Agostinho,CAB_L2,15,-0.0,false,lata
135,Guarana_Antarctica,Cabo de Santo Agostinho,CAB_L3,1,-0.0,false,lata
135,Guarana_Antarctica,Cabo de Santo Agostinho,CAB_L3,2,-0.0,false,lata
135,Guarana_Antarctica,Cabo de Santo Agostinho,CAB_L3,3,-0.0,false,lata
135,Guarana_Antarctica,Cabo de Santo Agostinho,CAB_L3,4,-999998.3439706498,false,lata
135,Guarana_Antarctica,Cabo de Santo Agostinho,CAB_L3,5,-0.0,false,lata
135,Guarana_Antarctica,Cabo de Santo Agostinho,CAB_L3,6,-0.0,false,lata
135,Guarana_Antarctica,Cabo de Santo Agostinho,CAB_L3,7,-0.0,false,lata
135,Guarana_Antarctica,Cabo de Santo Agostinho,CAB_L3,8,-0.0,false,lata
135,Guarana_Antarctica,Cabo de Santo Agostinho,CAB_L3,9,-0.0,false,lata
135,Guarana_Antarctica,Cabo de Santo Agostinho,CAB_L3,10,-0.0,false,lata
135,Guarana_Antarctica,Cabo de Santo Agostinho,CAB_L3,11,-0.0,false,lata
135,Guarana_Antarctica,Cabo de Santo Agostinho,CAB_L3,12,-0.0,false,lata
135,Guarana_Antarctica,Cabo de Santo Agostinho,CAB_L3,13,-0.0,false,lata
135,Guarana_Antarctica,Cabo de Santo Agostinho,CAB_L3,14,-0.0,false,lata
135,Guarana_Antarctica,Cabo de Santo Agostinho,CAB_L3,15,-0.0,false,lata
135,Antarctica_Lata,Jacarei,JAC_L1,1,-0.0,false,lata
135,Antarctica_Lata,Jacarei,JAC_L1,2,-999999.97962935,false,lata
135,Antarctica_Lata,Jacarei,JAC_L1,3,-1.0e6,true,lata
135,Antarctica_Lata,Jacarei,JAC_L1,4,-0.0,false,lata
135,Antarctica_Lata,Jacarei,JAC_L1,5,-0.0,false,lata
135,Antarctica_Lata,Jacarei,JAC_L1,6,-0.0,false,lata
135,Antarctica_Lata,Jacarei,JAC_L1,7,-0.0,false,lata
135,Antarctica_Lata,Jacarei,JAC_L1,8,-0.0,false,lata
135,Antarctica_Lata,Jacarei,JAC_L1,9,-0.0,false,lata
135,Antarctica_Lata,Jacarei,JAC_L1,10,-0.0,false,lata
135,Antarctica_Lata,Jacarei,JAC_L1,11,-0.0,false,lata
135,Antarctica_Lata,Jacarei,JAC_L1,12,-0.0,false,lata
135,Antarctica_Lata,Jacarei,JAC_L1,13,-0.0,false,lata
135,Antarctica_Lata,Jacarei,JAC_L1,14,-0.0,false,lata
135,Antarctica_Lata,Jacarei,JAC_L1,15,-0.0,false,lata
135,Antarctica_Lata,Jacarei,JAC_L2,1,-0.0,false,lata
135,Antarctica_Lata,Jacarei,JAC_L2,2,-0.0,false,lata
135,Antarctica_Lata,Jacarei,JAC_L2,3,-0.0,false,lata
135,Antarctica_Lata,Jacarei,JAC_L2,4,-0.0,false,lata
135,Antarctica_Lata,Jacarei,JAC_L2,5,-0.0,false,lata
135,Antarctica_Lata,Jacarei,JAC_L2,6,-0.0,false,lata
135,Antarctica_Lata,Jacarei,JAC_L2,7,-0.0,false,lata
135,Antarctica_Lata,Jacarei,JAC_L2,8,-0.0,false,lata
135,Antarctica_Lata,Jacarei,JAC_L2,9,-0.0,false,lata
135,Antarctica_Lata,Jacarei,JAC_L2,10,-0.0,false,lata
135,Antarctica_Lata,Jacarei,JAC_L2,11,-0.0,false,lata
135,Antarctica_Lata,Jacarei,JAC_L2,12,-0.0,false,lata
135,Antarctica_Lata,Jacarei,JAC_L2,13,-0.0,false,lata
135,Antarctica_Lata,Jacarei,JAC_L2,14,-999999.9975391,false,lata
135,Antarctica_Lata,Jacarei,JAC_L2,15,-999999.6519858,false,lata
135,Antarctica_Lata,Jacarei,JAC_L3,1,-0.0,false,lata
135,Antarctica_Lata,Jacarei,JAC_L3,2,-0.0,false,lata
135,Antarctica_Lata,Jacarei,JAC_L3,3,-0.0,false,lata
135,Antarctica_Lata,Jacarei,JAC_L3,4,-0.0,false,lata
135,Antarctica_Lata,Jacarei,JAC_L3,5,-0.0,false,lata
135,Antarctica_Lata,Jacarei,JAC_L3,6,-0.0,false,lata
135,Antarctica_Lata,Jacarei,JAC_L3,7,-0.0,false,lata
135,Antarctica_Lata,Jacarei,JAC_L3,8,-0.0,false,lata
135,Antarctica_Lata,Jacarei,JAC_L3,9,-0.0,false,lata
135,Antarctica_Lata,Jacarei,JAC_L3,10,-0.0,false,lata
135,Antarctica_Lata,Jacarei,JAC_L3,11,-0.0,false,lata
135,Antarctica_Lata,Jacarei,JAC_L3,12,-0.0,false,lata
135,Antarctica_Lata,Jacarei,JAC_L3,13,-0.0,false,lata
135,Antarctica_Lata,Jacarei,JAC_L3,14,-999999.9975391,false,lata
135,Antarctica_Lata,Jacarei,JAC_L3,15,-0.0,false,lata
135,Antarctica_Lata,Extrema,EXT_L1,1,-0.0,false,lata
135,Antarctica_Lata,Extrema,EXT_L1,2,-0.0,false,lata
135,Antarctica_Lata,Extrema,EXT_L1,3,-0.0,false,lata
135,Antarctica_Lata,Extrema,EXT_L1,4,-0.0,false,lata
135,Antarctica_Lata,Extrema,EXT_L1,5,-0.0,false,lata
135,Antarctica_Lata,Extrema,EXT_L1,6,-0.0,false,lata
135,Antarctica_Lata,Extrema,EXT_L1,7,-0.0,false,lata
135,Antarctica_Lata,Extrema,EXT_L1,8,-0.0,false,lata
135,Antarctica_Lata,Extrema,EXT_L1,9,-0.0,false,lata
135,Antarctica_Lata,Extrema,EXT_L1,10,-0.0,false,lata
135,Antarctica_Lata,Extrema,EXT_L1,11,-0.0,false,lata
135,Antarctica_Lata,Extrema,EXT_L1,12,-0.0,false,lata
135,Antarctica_Lata,Extrema,EXT_L1,13,-0.0,false,lata
135,Antarctica_Lata,Extrema,EXT_L1,14,-0.0,false,lata
135,Antarctica_Lata,Extrema,EXT_L1,15,-0.0,false,lata
135,Antarctica_Lata,Extrema,EXT_L2,1,-0.0,false,lata
135,Antarctica_Lata,Extrema,EXT_L2,2,-0.0,false,lata
135,Antarctica_Lata,Extrema,EXT_L2,3,-0.0,false,lata
135,Antarctica_Lata,Extrema,EXT_L2,4,-0.0,false,lata
135,Antarctica_Lata,Extrema,EXT_L2,5,-0.0,false,lata
135,Antarctica_Lata,Extrema,EXT_L2,6,-0.0,false,lata
135,Antarctica_Lata,Extrema,EXT_L2,7,-0.0,false,lata
135,Antarctica_Lata,Extrema,EXT_L2,8,-0.0,false,lata
135,Antarctica_Lata,Extrema,EXT_L2,9,-1.0e6,true,lata
135,Antarctica_Lata,Extrema,EXT_L2,10,-0.0,false,lata
135,Antarctica_Lata,Extrema,EXT_L2,11,-0.0,false,lata
135,Antarctica_Lata,Extrema,EXT_L2,12,-0.0,false,lata
135,Antarctica_Lata,Extrema,EXT_L2,13,-0.0,false,lata
135,Antarctica_Lata,Extrema,EXT_L2,14,-0.0,false,lata
135,Antarctica_Lata,Extrema,EXT_L2,15,-0.0,false,lata
135,Antarctica_Lata,Extrema,EXT_L3,1,-0.0,false,lata
135,Antarctica_Lata,Extrema,EXT_L3,2,-0.0,false,lata
135,Antarctica_Lata,Extrema,EXT_L3,3,-0.0,false,lata
135,Antarctica_Lata,Extrema,EXT_L3,4,-0.0,false,lata
135,Antarctica_Lata,Extrema,EXT_L3,5,-0.0,false,lata
135,Antarctica_Lata,Extrema,EXT_L3,6,-0.0,false,lata
135,Antarctica_Lata,Extrema,EXT_L3,7,-0.0,false,lata
135,Antarctica_Lata,Extrema,EXT_L3,8,-0.0,false,lata
135,Antarctica_Lata,Extrema,EXT_L3,9,-0.0,false,lata
135,Antarctica_Lata,Extrema,EXT_L3,10,-0.0,false,lata
135,Antarctica_Lata,Extrema,EXT_L3,11,-0.0,false,lata
135,Antarctica_Lata,Extrema,EXT_L3,12,-0.0,false,lata
135,Antarctica_Lata,Extrema,EXT_L3,13,-0.0,false,lata
135,Antarctica_Lata,Extrema,EXT_L3,14,-0.0,false,lata
135,Antarctica_Lata,Extrema,EXT_L3,15,-0.0,false,lata
135,Antarctica_Lata,Tres Rios,TRE_L1,1,-0.0,false,lata
135,Antarctica_Lata,Tres Rios,TRE_L1,2,-999999.9682765,false,lata
135,Antarctica_Lata,Tres Rios,TRE_L1,3,-0.0,false,lata
135,Antarctica_Lata,Tres Rios,TRE_L1,4,-0.0,false,lata
135,Antarctica_Lata,Tres Rios,TRE_L1,5,-0.0,false,lata
135,Antarctica_Lata,Tres Rios,TRE_L1,6,-0.0,false,lata
135,Antarctica_Lata,Tres Rios,TRE_L1,7,-0.0,false,lata
135,Antarctica_Lata,Tres Rios,TRE_L1,8,-0.0,false,lata
135,Antarctica_Lata,Tres Rios,TRE_L1,9,-999999.9907638499,false,lata
135,Antarctica_Lata,Tres Rios,TRE_L1,10,-0.0,false,lata
135,Antarctica_Lata,Tres Rios,TRE_L1,11,-0.0,false,lata
135,Antarctica_Lata,Tres Rios,TRE_L1,12,-0.0,false,lata
135,Antarctica_Lata,Tres Rios,TRE_L1,13,-0.0,false,lata
135,Antarctica_Lata,Tres Rios,TRE_L1,14,-0.0,false,lata
135,Antarctica_Lata,Tres Rios,TRE_L1,15,-0.0,false,lata
135,Antarctica_Lata,Tres Rios,TRE_L2,1,-0.0,false,lata
135,Antarctica_Lata,Tres Rios,TRE_L2,2,-0.0,false,lata
135,Antarctica_Lata,Tres Rios,TRE_L2,3,-0.0,false,lata
135,Antarctica_Lata,Tres Rios,TRE_L2,4,-0.0,false,lata
135,Antarctica_Lata,Tres Rios,TRE_L2,5,-0.0,false,lata
135,Antarctica_Lata,Tres Rios,TRE_L2,6,-0.0,false,lata
135,Antarctica_Lata,Tres Rios,TRE_L2,7,-0.0,false,lata
135,Antarctica_Lata,Tres Rios,TRE_L2,8,-0.0,false,lata
135,Antarctica_Lata,Tres Rios,TRE_L2,9,-0.0,false,lata
135,Antarctica_Lata,Tres Rios,TRE_L2,10,-0.0,false,lata
135,Antarctica_Lata,Tres Rios,TRE_L2,11,-0.0,false,lata
135,Antarctica_Lata,Tres Rios,TRE_L2,12,-0.0,false,lata
135,Antarctica_Lata,Tres Rios,TRE_L2,13,-0.0,false,lata
135,Antarctica_Lata,Tres Rios,TRE_L2,14,-0.0,false,lata
135,Antarctica_Lata,Tres Rios,TRE_L2,15,-0.0,false,lata
135,Antarctica_Lata,Tres Rios,TRE_L3,1,-0.0,false,lata
135,Antarctica_Lata,Tres Rios,TRE_L3,2,-0.0,false,lata
135,Antarctica_Lata,Tres Rios,TRE_L3,3,-0.0,false,lata
135,Antarctica_Lata,Tres Rios,TRE_L3,4,-0.0,false,lata
135,Antarctica_Lata,Tres Rios,TRE_L3,5,-0.0,false,lata
135,Antarctica_Lata,Tres Rios,TRE_L3,6,-0.0,false,lata
135,Antarctica_Lata,Tres Rios,TRE_L3,7,-999999.6546816499,false,lata
135,Antarctica_Lata,Tres Rios,TRE_L3,8,-0.0,false,lata
135,Antarctica_Lata,Tres Rios,TRE_L3,9,-0.0,false,lata
135,Antarctica_Lata,Tres Rios,TRE_L3,10,-0.0,false,lata
135,Antarctica_Lata,Tres Rios,TRE_L3,11,-0.0,false,lata
135,Antarctica_Lata,Tres Rios,TRE_L3,12,-0.0,false,lata
135,Antarctica_Lata,Tres Rios,TRE_L3,13,-0.0,false,lata
135,Antarctica_Lata,Tres Rios,TRE_L3,14,-0.0,false,lata
135,Antarctica_Lata,Tres Rios,TRE_L3,15,-0.0,false,lata
135,Antarctica_Lata,Alagoinhas,ALA_L1,1,-0.0,false,lata
135,Antarctica_Lata,Alagoinhas,ALA_L1,2,-0.0,false,lata
135,Antarctica_Lata,Alagoinhas,ALA_L1,3,-0.0,false,lata
135,Antarctica_Lata,Alagoinhas,ALA_L1,4,-0.0,false,lata
135,Antarctica_Lata,Alagoinhas,ALA_L1,5,-0.0,false,lata
135,Antarctica_Lata,Alagoinhas,ALA_L1,6,-0.0,false,lata
135,Antarctica_Lata,Alagoinhas,ALA_L1,7,-0.0,false,lata
135,Antarctica_Lata,Alagoinhas,ALA_L1,8,-0.0,false,lata
135,Antarctica_Lata,Alagoinhas,ALA_L1,9,-0.0,false,lata
135,Antarctica_Lata,Alagoinhas,ALA_L1,10,-0.0,false,lata
135,Antarctica_Lata,Alagoinhas,ALA_L1,11,-0.0,false,lata
135,Antarctica_Lata,Alagoinhas,ALA_L1,12,-0.0,false,lata
135,Antarctica_Lata,Alagoinhas,ALA_L1,13,-0.0,false,lata
135,Antarctica_Lata,Alagoinhas,ALA_L1,14,-0.0,false,lata
135,Antarctica_Lata,Alagoinhas,ALA_L1,15,-0.0,false,lata
135,Antarctica_Lata,Alagoinhas,ALA_L2,1,-0.0,false,lata
135,Antarctica_Lata,Alagoinhas,ALA_L2,2,-0.0,false,lata
135,Antarctica_Lata,Alagoinhas,ALA_L2,3,-0.0,false,lata
135,Antarctica_Lata,Alagoinhas,ALA_L2,4,-0.0,false,lata
135,Antarctica_Lata,Alagoinhas,ALA_L2,5,-0.0,false,lata
135,Antarctica_Lata,Alagoinhas,ALA_L2,6,-0.0,false,lata
135,Antarctica_Lata,Alagoinhas,ALA_L2,7,-0.0,false,lata
135,Antarctica_Lata,Alagoinhas,ALA_L2,8,-0.0,false,lata
135,Antarctica_Lata,Alagoinhas,ALA_L2,9,-0.0,false,lata
135,Antarctica_Lata,Alagoinhas,ALA_L2,10,-0.0,false,lata
135,Antarctica_Lata,Alagoinhas,ALA_L2,11,-0.0,false,lata
135,Antarctica_Lata,Alagoinhas,ALA_L2,12,-0.0,false,lata
135,Antarctica_Lata,Alagoinhas,ALA_L2,13,-0.0,false,lata
135,Antarctica_Lata,Alagoinhas,ALA_L2,14,-0.0,false,lata
135,Antarctica_Lata,Alagoinhas,ALA_L2,15,-0.0,false,lata
135,Antarctica_Lata,Alagoinhas,ALA_L3,1,-999999.6731314001,false,lata
135,Antarctica_Lata,Alagoinhas,ALA_L3,2,-0.0,false,lata
135,Antarctica_Lata,Alagoinhas,ALA_L3,3,-0.0,false,lata
135,Antarctica_Lata,Alagoinhas,ALA_L3,4,-0.0,false,lata
135,Antarctica_Lata,Alagoinhas,ALA_L3,5,-0.0,false,lata
135,Antarctica_Lata,Alagoinhas,ALA_L3,6,-999999.5886574,false,lata
135,Antarctica_Lata,Alagoinhas,ALA_L3,7,-0.0,false,lata
135,Antarctica_Lata,Alagoinhas,ALA_L3,8,-0.0,false,lata
135,Antarctica_Lata,Alagoinhas,ALA_L3,9,-0.0,false,lata
135,Antarctica_Lata,Alagoinhas,ALA_L3,10,-0.0,false,lata
135,Antarctica_Lata,Alagoinhas,ALA_L3,11,-0.0,false,lata
135,Antarctica_Lata,Alagoinhas,ALA_L3,12,-0.0,false,lata
135,Antarctica_Lata,Alagoinhas,ALA_L3,13,-0.0,false,lata
135,Antarctica_Lata,Alagoinhas,ALA_L3,14,-0.0,false,lata
135,Antarctica_Lata,Alagoinhas,ALA_L3,15,-0.0,false,lata
135,Antarctica_Lata,Frutal,FRU_L1,1,-0.0,false,lata
135,Antarctica_Lata,Frutal,FRU_L1,2,-0.0,false,lata
135,Antarctica_Lata,Frutal,FRU_L1,3,-0.0,false,lata
135,Antarctica_Lata,Frutal,FRU_L1,4,-0.0,false,lata
135,Antarctica_Lata,Frutal,FRU_L1,5,-0.0,false,lata
135,Antarctica_Lata,Frutal,FRU_L1,6,-0.0,false,lata
135,Antarctica_Lata,Frutal,FRU_L1,7,-0.0,false,lata
135,Antarctica_Lata,Frutal,FRU_L1,8,-0.0,false,lata
135,Antarctica_Lata,Frutal,FRU_L1,9,-1.0e6,true,lata
135,Antarctica_Lata,Frutal,FRU_L1,10,-0.0,false,lata
135,Antarctica_Lata,Frutal,FRU_L1,11,-0.0,false,lata
135,Antarctica_Lata,Frutal,FRU_L1,12,-0.0,false,lata
135,Antarctica_Lata,Frutal,FRU_L1,13,-0.0,false,lata
135,Antarctica_Lata,Frutal,FRU_L1,14,-0.0,false,lata
135,Antarctica_Lata,Frutal,FRU_L1,15,-0.0,false,lata
135,Antarctica_Lata,Frutal,FRU_L2,1,-0.0,false,lata
135,Antarctica_Lata,Frutal,FRU_L2,2,-0.0,false,lata
135,Antarctica_Lata,Frutal,FRU_L2,3,-0.0,false,lata
135,Antarctica_Lata,Frutal,FRU_L2,4,-0.0,false,lata
135,Antarctica_Lata,Frutal,FRU_L2,5,-0.0,false,lata
135,Antarctica_Lata,Frutal,FRU_L2,6,-0.0,false,lata
135,Antarctica_Lata,Frutal,FRU_L2,7,-0.0,false,lata
135,Antarctica_Lata,Frutal,FRU_L2,8,-0.0,false,lata
135,Antarctica_Lata,Frutal,FRU_L2,9,-0.0,false,lata
135,Antarctica_Lata,Frutal,FRU_L2,10,-0.0,false,lata
135,Antarctica_Lata,Frutal,FRU_L2,11,-0.0,false,lata
135,Antarctica_Lata,Frutal,FRU_L2,12,-999999.6478833001,false,lata
135,Antarctica_Lata,Frutal,FRU_L2,13,-0.0,false,lata
135,Antarctica_Lata,Frutal,FRU_L2,14,-0.0,false,lata
135,Antarctica_Lata,Frutal,FRU_L2,15,-0.0,false,lata
135,Antarctica_Lata,Frutal,FRU_L3,1,-0.0,false,lata
135,Antarctica_Lata,Frutal,FRU_L3,2,-0.0,false,lata
135,Antarctica_Lata,Frutal,FRU_L3,3,-0.0,false,lata
135,Antarctica_Lata,Frutal,FRU_L3,4,-0.0,false,lata
135,Antarctica_Lata,Frutal,FRU_L3,5,-0.0,false,lata
135,Antarctica_Lata,Frutal,FRU_L3,6,-0.0,false,lata
135,Antarctica_Lata,Frutal,FRU_L3,7,-0.0,false,lata
135,Antarctica_Lata,Frutal,FRU_L3,8,-0.0,false,lata
135,Antarctica_Lata,Frutal,FRU_L3,9,-0.0,false,lata
135,Antarctica_Lata,Frutal,FRU_L3,10,-0.0,false,lata
135,Antarctica_Lata,Frutal,FRU_L3,11,-0.0,false,lata
135,Antarctica_Lata,Frutal,FRU_L3,12,-0.0,false,lata
135,Antarctica_Lata,Frutal,FRU_L3,13,-0.0,false,lata
135,Antarctica_Lata,Frutal,FRU_L3,14,-0.0,false,lata
135,Antarctica_Lata,Frutal,FRU_L3,15,-0.0,false,lata
135,Antarctica_Lata,Pouso Alegre,POU_L1,1,-0.0,false,lata
135,Antarctica_Lata,Pouso Alegre,POU_L1,2,-0.0,false,lata
135,Antarctica_Lata,Pouso Alegre,POU_L1,3,-0.0,false,lata
135,Antarctica_Lata,Pouso Alegre,POU_L1,4,-0.0,false,lata
135,Antarctica_Lata,Pouso Alegre,POU_L1,5,-0.0,false,lata
135,Antarctica_Lata,Pouso Alegre,POU_L1,6,-0.0,false,lata
135,Antarctica_Lata,Pouso Alegre,POU_L1,7,-0.0,false,lata
135,Antarctica_Lata,Pouso Alegre,POU_L1,8,-0.0,false,lata
135,Antarctica_Lata,Pouso Alegre,POU_L1,9,-0.0,false,lata
135,Antarctica_Lata,Pouso Alegre,POU_L1,10,-0.0,false,lata
135,Antarctica_Lata,Pouso Alegre,POU_L1,11,-0.0,false,lata
135,Antarctica_Lata,Pouso Alegre,POU_L1,12,-0.0,false,lata
135,Antarctica_Lata,Pouso Alegre,POU_L1,13,-0.0,false,lata
135,Antarctica_Lata,Pouso Alegre,POU_L1,14,-0.0,false,lata
135,Antarctica_Lata,Pouso Alegre,POU_L1,15,-0.0,false,lata
135,Antarctica_Lata,Pouso Alegre,POU_L2,1,-0.0,false,lata
135,Antarctica_Lata,Pouso Alegre,POU_L2,2,-0.0,false,lata
135,Antarctica_Lata,Pouso Alegre,POU_L2,3,-0.0,false,lata
135,Antarctica_Lata,Pouso Alegre,POU_L2,4,-0.0,false,lata
135,Antarctica_Lata,Pouso Alegre,POU_L2,5,-0.0,false,lata
135,Antarctica_Lata,Pouso Alegre,POU_L2,6,-0.0,false,lata
135,Antarctica_Lata,Pouso Alegre,POU_L2,7,-0.0,false,lata
135,Antarctica_Lata,Pouso Alegre,POU_L2,8,-0.0,false,lata
135,Antarctica_Lata,Pouso Alegre,POU_L2,9,-999999.9980303501,false,lata
135,Antarctica_Lata,Pouso Alegre,POU_L2,10,-0.0,false,lata
135,Antarctica_Lata,Pouso Alegre,POU_L2,11,-999999.6944609999,false,lata
135,Antarctica_Lata,Pouso Alegre,POU_L2,12,-0.0,false,lata
135,Antarctica_Lata,Pouso Alegre,POU_L2,13,-0.0,false,lata
135,Antarctica_Lata,Pouso Alegre,POU_L2,14,-0.0,false,lata
135,Antarctica_Lata,Pouso Alegre,POU_L2,15,-0.0,false,lata
135,Antarctica_Lata,Pouso Alegre,POU_L3,1,-0.0,false,lata
135,Antarctica_Lata,Pouso Alegre,POU_L3,2,-0.0,false,lata
135,Antarctica_Lata,Pouso Alegre,POU_L3,3,-0.0,false,lata
135,Antarctica_Lata,Pouso Alegre,POU_L3,4,-0.0,false,lata
135,Antarctica_Lata,Pouso Alegre,POU_L3,5,-0.0,false,lata
135,Antarctica_Lata,Pouso Alegre,POU_L3,6,-0.0,false,lata
135,Antarctica_Lata,Pouso Alegre,POU_L3,7,-0.0,false,lata
135,Antarctica_Lata,Pouso Alegre,POU_L3,8,-0.0,false,lata
135,Antarctica_Lata,Pouso Alegre,POU_L3,9,-0.0,false,lata
135,Antarctica_Lata,Pouso Alegre,POU_L3,10,-0.0,false,lata
135,Antarctica_Lata,Pouso Alegre,POU_L3,11,-0.0,false,lata
135,Antarctica_Lata,Pouso Alegre,POU_L3,12,-0.0,false,lata
135,Antarctica_Lata,Pouso Alegre,POU_L3,13,-0.0,false,lata
135,Antarctica_Lata,Pouso Alegre,POU_L3,14,-0.0,false,lata
135,Antarctica_Lata,Pouso Alegre,POU_L3,15,-0.0,false,lata
135,Antarctica_Lata,Gama,GAM_L1,1,-0.0,false,lata
135,Antarctica_Lata,Gama,GAM_L1,2,-0.0,false,lata
135,Antarctica_Lata,Gama,GAM_L1,3,-999999.9839655,false,lata
135,Antarctica_Lata,Gama,GAM_L1,4,-0.0,false,lata
135,Antarctica_Lata,Gama,GAM_L1,5,-0.0,false,lata
135,Antarctica_Lata,Gama,GAM_L1,6,-0.0,false,lata
135,Antarctica_Lata,Gama,GAM_L1,7,-0.0,false,lata
135,Antarctica_Lata,Gama,GAM_L1,8,-0.0,false,lata
135,Antarctica_Lata,Gama,GAM_L1,9,-0.0,false,lata
135,Antarctica_Lata,Gama,GAM_L1,10,-0.0,false,lata
135,Antarctica_Lata,Gama,GAM_L1,11,-0.0,false,lata
135,Antarctica_Lata,Gama,GAM_L1,12,-0.0,false,lata
135,Antarctica_Lata,Gama,GAM_L1,13,-0.0,false,lata
135,Antarctica_Lata,Gama,GAM_L1,14,-0.0,false,lata
135,Antarctica_Lata,Gama,GAM_L1,15,-0.0,false,lata
135,Antarctica_Lata,Gama,GAM_L2,1,-0.0,false,lata
135,Antarctica_Lata,Gama,GAM_L2,2,-0.0,false,lata
135,Antarctica_Lata,Gama,GAM_L2,3,-0.0,false,lata
135,Antarctica_Lata,Gama,GAM_L2,4,-0.0,false,lata
135,Antarctica_Lata,Gama,GAM_L2,5,-0.0,false,lata
135,Antarctica_Lata,Gama,GAM_L2,6,-0.0,false,lata
135,Antarctica_Lata,Gama,GAM_L2,7,-0.0,false,lata
135,Antarctica_Lata,Gama,GAM_L2,8,-0.0,false,lata
135,Antarctica_Lata,Gama,GAM_L2,9,-999999.9860822,false,lata
135,Antarctica_Lata,Gama,GAM_L2,10,-0.0,false,lata
135,Antarctica_Lata,Gama,GAM_L2,11,-0.0,false,lata
135,Antarctica_Lata,Gama,GAM_L2,12,-0.0,false,lata
135,Antarctica_Lata,Gama,GAM_L2,13,-0.0,false,lata
135,Antarctica_Lata,Gama,GAM_L2,14,-0.0,false,lata
135,Antarctica_Lata,Gama,GAM_L2,15,-0.0,false,lata
135,Antarctica_Lata,Gama,GAM_L3,1,-0.0,false,lata
135,Antarctica_Lata,Gama,GAM_L3,2,-0.0,false,lata
135,Antarctica_Lata,Gama,GAM_L3,3,-0.0,false,lata
135,Antarctica_Lata,Gama,GAM_L3,4,-0.0,false,lata
135,Antarctica_Lata,Gama,GAM_L3,5,-0.0,false,lata
135,Antarctica_Lata,Gama,GAM_L3,6,-0.0,false,lata
135,Antarctica_Lata,Gama,GAM_L3,7,-0.0,false,lata
135,Antarctica_Lata,Gama,GAM_L3,8,-0.0,false,lata
135,Antarctica_Lata,Gama,GAM_L3,9,-0.0,false,lata
135,Antarctica_Lata,Gama,GAM_L3,10,-0.0,false,lata
135,Antarctica_Lata,Gama,GAM_L3,11,-0.0,false,lata
135,Antarctica_Lata,Gama,GAM_L3,12,-0.0,false,lata
135,Antarctica_Lata,Gama,GAM_L3,13,-0.0,false,lata
135,Antarctica_Lata,Gama,GAM_L3,14,-0.0,false,lata
135,Antarctica_Lata,Gama,GAM_L3,15,-0.0,false,lata
135,Antarctica_Lata,Viamao,VIA_L1,1,-0.0,false,lata
135,Antarctica_Lata,Viamao,VIA_L1,2,-0.0,false,lata
135,Antarctica_Lata,Viamao,VIA_L1,3,-0.0,false,lata
135,Antarctica_Lata,Viamao,VIA_L1,4,-0.0,false,lata
135,Antarctica_Lata,Viamao,VIA_L1,5,-0.0,false,lata
135,Antarctica_Lata,Viamao,VIA_L1,6,-0.0,false,lata
135,Antarctica_Lata,Viamao,VIA_L1,7,-0.0,false,lata
135,Antarctica_Lata,Viamao,VIA_L1,8,-0.0,false,lata
135,Antarctica_Lata,Viamao,VIA_L1,9,-1.0e6,true,lata
135,Antarctica_Lata,Viamao,VIA_L1,10,-0.0,false,lata
135,Antarctica_Lata,Viamao,VIA_L1,11,-0.0,false,lata
135,Antarctica_Lata,Viamao,VIA_L1,12,-0.0,false,lata
135,Antarctica_Lata,Viamao,VIA_L1,13,-0.0,false,lata
135,Antarctica_Lata,Viamao,VIA_L1,14,-0.0,false,lata
135,Antarctica_Lata,Viamao,VIA_L1,15,-0.0,false,lata
135,Antarctica_Lata,Viamao,VIA_L2,1,-0.0,false,lata
135,Antarctica_Lata,Viamao,VIA_L2,2,-0.0,false,lata
135,Antarctica_Lata,Viamao,VIA_L2,3,-0.0,false,lata
135,Antarctica_Lata,Viamao,VIA_L2,4,-0.0,false,lata
135,Antarctica_Lata,Viamao,VIA_L2,5,-0.0,false,lata
135,Antarctica_Lata,Viamao,VIA_L2,6,-0.0,false,lata
135,Antarctica_Lata,Viamao,VIA_L2,7,-0.0,false,lata
135,Antarctica_Lata,Viamao,VIA_L2,8,-0.0,false,lata
135,Antarctica_Lata,Viamao,VIA_L2,9,-0.0,false,lata
135,Antarctica_Lata,Viamao,VIA_L2,10,-0.0,false,lata
135,Antarctica_Lata,Viamao,VIA_L2,11,-0.0,false,lata
135,Antarctica_Lata,Viamao,VIA_L2,12,-0.0,false,lata
135,Antarctica_Lata,Viamao,VIA_L2,13,-0.0,false,lata
135,Antarctica_Lata,Viamao,VIA_L2,14,-0.0,false,lata
135,Antarctica_Lata,Viamao,VIA_L2,15,-0.0,false,lata
135,Antarctica_Lata,Viamao,VIA_L3,1,-0.0,false,lata
135,Antarctica_Lata,Viamao,VIA_L3,2,-0.0,false,lata
135,Antarctica_Lata,Viamao,VIA_L3,3,-0.0,false,lata
135,Antarctica_Lata,Viamao,VIA_L3,4,-0.0,false,lata
135,Antarctica_Lata,Viamao,VIA_L3,5,-0.0,false,lata
135,Antarctica_Lata,Viamao,VIA_L3,6,-0.0,false,lata
135,Antarctica_Lata,Viamao,VIA_L3,7,-0.0,false,lata
135,Antarctica_Lata,Viamao,VIA_L3,8,-0.0,false,lata
135,Antarctica_Lata,Viamao,VIA_L3,9,-0.0,false,lata
135,Antarctica_Lata,Viamao,VIA_L3,10,-0.0,false,lata
135,Antarctica_Lata,Viamao,VIA_L3,11,-0.0,false,lata
135,Antarctica_Lata,Viamao,VIA_L3,12,-0.0,false,lata
135,Antarctica_Lata,Viamao,VIA_L3,13,-0.0,false,lata
135,Antarctica_Lata,Viamao,VIA_L3,14,-0.0,false,lata
135,Antarctica_Lata,Viamao,VIA_L3,15,-0.0,false,lata
135,Antarctica_Lata,Itupeva,ITU_L1,1,-0.0,false,lata
135,Antarctica_Lata,Itupeva,ITU_L1,2,-0.0,false,lata
135,Antarctica_Lata,Itupeva,ITU_L1,3,-0.0,false,lata
135,Antarctica_Lata,Itupeva,ITU_L1,4,-0.0,false,lata
135,Antarctica_Lata,Itupeva,ITU_L1,5,-0.0,false,lata
135,Antarctica_Lata,Itupeva,ITU_L1,6,-0.0,false,lata
135,Antarctica_Lata,Itupeva,ITU_L1,7,-0.0,false,lata
135,Antarctica_Lata,Itupeva,ITU_L1,8,-0.0,false,lata
135,Antarctica_Lata,Itupeva,ITU_L1,9,-0.0,false,lata
135,Antarctica_Lata,Itupeva,ITU_L1,10,-0.0,false,lata
135,Antarctica_Lata,Itupeva,ITU_L1,11,-0.0,false,lata
135,Antarctica_Lata,Itupeva,ITU_L1,12,-0.0,false,lata
135,Antarctica_Lata,Itupeva,ITU_L1,13,-0.0,false,lata
135,Antarctica_Lata,Itupeva,ITU_L1,14,-1.0e6,true,lata
135,Antarctica_Lata,Itupeva,ITU_L1,15,-0.0,false,lata
135,Antarctica_Lata,Itupeva,ITU_L2,1,-0.0,false,lata
135,Antarctica_Lata,Itupeva,ITU_L2,2,-0.0,false,lata
135,Antarctica_Lata,Itupeva,ITU_L2,3,-0.0,false,lata
135,Antarctica_Lata,Itupeva,ITU_L2,4,-0.0,false,lata
135,Antarctica_Lata,Itupeva,ITU_L2,5,-0.0,false,lata
135,Antarctica_Lata,Itupeva,ITU_L2,6,-0.0,false,lata
135,Antarctica_Lata,Itupeva,ITU_L2,7,-999999.6684953999,false,lata
135,Antarctica_Lata,Itupeva,ITU_L2,8,-0.0,false,lata
135,Antarctica_Lata,Itupeva,ITU_L2,9,-0.0,false,lata
135,Antarctica_Lata,Itupeva,ITU_L2,10,-0.0,false,lata
135,Antarctica_Lata,Itupeva,ITU_L2,11,-0.0,false,lata
135,Antarctica_Lata,Itupeva,ITU_L2,12,-0.0,false,lata
135,Antarctica_Lata,Itupeva,ITU_L2,13,-0.0,false,lata
135,Antarctica_Lata,Itupeva,ITU_L2,14,-0.0,false,lata
135,Antarctica_Lata,Itupeva,ITU_L2,15,-0.0,false,lata
135,Antarctica_Lata,Itupeva,ITU_L3,1,-0.0,false,lata
135,Antarctica_Lata,Itupeva,ITU_L3,2,-999999.98209025,false,lata
135,Antarctica_Lata,Itupeva,ITU_L3,3,-0.0,false,lata
135,Antarctica_Lata,Itupeva,ITU_L3,4,-0.0,false,lata
135,Antarctica_Lata,Itupeva,ITU_L3,5,-0.0,false,lata
135,Antarctica_Lata,Itupeva,ITU_L3,6,-0.0,false,lata
135,Antarctica_Lata,Itupeva,ITU_L3,7,-0.0,false,lata
135,Antarctica_Lata,Itupeva,ITU_L3,8,-0.0,false,lata
135,Antarctica_Lata,Itupeva,ITU_L3,9,-1.0e6,true,lata
135,Antarctica_Lata,Itupeva,ITU_L3,10,-0.0,false,lata
135,Antarctica_Lata,Itupeva,ITU_L3,11,-0.0,false,lata
135,Antarctica_Lata,Itupeva,ITU_L3,12,-0.0,false,lata
135,Antarctica_Lata,Itupeva,ITU_L3,13,-0.0,false,lata
135,Antarctica_Lata,Itupeva,ITU_L3,14,-1.0e6,false,lata
135,Antarctica_Lata,Itupeva,ITU_L3,15,-0.0,false,lata
135,Antarctica_Lata,Cabo de Santo Agostinho,CAB_L1,1,-0.0,false,lata
135,Antarctica_Lata,Cabo de Santo Agostinho,CAB_L1,2,-0.0,false,lata
135,Antarctica_Lata,Cabo de Santo Agostinho,CAB_L1,3,-0.0,false,lata
135,Antarctica_Lata,Cabo de Santo Agostinho,CAB_L1,4,-0.0,false,lata
135,Antarctica_Lata,Cabo de Santo Agostinho,CAB_L1,5,-0.0,false,lata
135,Antarctica_Lata,Cabo de Santo Agostinho,CAB_L1,6,-0.0,false,lata
135,Antarctica_Lata,Cabo de Santo Agostinho,CAB_L1,7,-0.0,false,lata
135,Antarctica_Lata,Cabo de Santo Agostinho,CAB_L1,8,-0.0,false,lata
135,Antarctica_Lata,Cabo de Santo Agostinho,CAB_L1,9,-0.0,false,lata
135,Antarctica_Lata,Cabo de Santo Agostinho,CAB_L1,10,-999999.5751144501,false,lata
135,Antarctica_Lata,Cabo de Santo Agostinho,CAB_L1,11,-0.0,false,lata
135,Antarctica_Lata,Cabo de Santo Agostinho,CAB_L1,12,-0.0,false,lata
135,Antarctica_Lata,Cabo de Santo Agostinho,CAB_L1,13,-0.0,false,lata
135,Antarctica_Lata,Cabo de Santo Agostinho,CAB_L1,14,-0.0,false,lata
135,Antarctica_Lata,Cabo de Santo Agostinho,CAB_L1,15,-0.0,false,lata
135,Antarctica_Lata,Cabo de Santo Agostinho,CAB_L2,1,-0.0,false,lata
135,Antarctica_Lata,Cabo de Santo Agostinho,CAB_L2,2,-0.0,false,lata
135,Antarctica_Lata,Cabo de Santo Agostinho,CAB_L2,3,-0.0,false,lata
135,Antarctica_Lata,Cabo de Santo Agostinho,CAB_L2,4,-0.0,false,lata
135,Antarctica_Lata,Cabo de Santo Agostinho,CAB_L2,5,-0.0,false,lata
135,Antarctica_Lata,Cabo de Santo Agostinho,CAB_L2,6,-0.0,false,lata
135,Antarctica_Lata,Cabo de Santo Agostinho,CAB_L2,7,-0.0,false,lata
135,Antarctica_Lata,Cabo de Santo Agostinho,CAB_L2,8,-0.0,false,lata
135,Antarctica_Lata,Cabo de Santo Agostinho,CAB_L2,9,-999999.9637592001,false,lata
135,Antarctica_Lata,Cabo de Santo Agostinho,CAB_L2,10,-0.0,false,lata
135,Antarctica_Lata,Cabo de Santo Agostinho,CAB_L2,11,-0.0,false,lata
135,Antarctica_Lata,Cabo de Santo Agostinho,CAB_L2,12,-0.0,false,lata
135,Antarctica_Lata,Cabo de Santo Agostinho,CAB_L2,13,-0.0,false,lata
135,Antarctica_Lata,Cabo de Santo Agostinho,CAB_L2,14,-0.0,false,lata
135,Antarctica_Lata,Cabo de Santo Agostinho,CAB_L2,15,-0.0,false,lata
135,Antarctica_Lata,Cabo de Santo Agostinho,CAB_L3,1,-0.0,false,lata
135,Antarctica_Lata,Cabo de Santo Agostinho,CAB_L3,2,-0.0,false,lata
135,Antarctica_Lata,Cabo de Santo Agostinho,CAB_L3,3,-0.0,false,lata
135,Antarctica_Lata,Cabo de Santo Agostinho,CAB_L3,4,-0.0,false,lata
135,Antarctica_Lata,Cabo de Santo Agostinho,CAB_L3,5,-0.0,false,lata
135,Antarctica_Lata,Cabo de Santo Agostinho,CAB_L3,6,-0.0,false,lata
135,Antarctica_Lata,Cabo de Santo Agostinho,CAB_L3,7,-0.0,false,lata
135,Antarctica_Lata,Cabo de Santo Agostinho,CAB_L3,8,-0.0,false,lata
135,Antarctica_Lata,Cabo de Santo Agostinho,CAB_L3,9,-0.0,false,lata
135,Antarctica_Lata,Cabo de Santo Agostinho,CAB_L3,10,-0.0,false,lata
135,Antarctica_Lata,Cabo de Santo Agostinho,CAB_L3,11,-0.0,false,lata
135,Antarctica_Lata,Cabo de Santo Agostinho,CAB_L3,12,-0.0,false,lata
135,Antarctica_Lata,Cabo de Santo Agostinho,CAB_L3,13,-999999.7149816002,false,lata
135,Antarctica_Lata,Cabo de Santo Agostinho,CAB_L3,14,-0.0,false,lata
135,Antarctica_Lata,Cabo de Santo Agostinho,CAB_L3,15,-0.0,false,lata
135,Eisenbahn_Pilsen,Jacarei,JAC_L1,1,-0.0,false,lata
135,Eisenbahn_Pilsen,Jacarei,JAC_L1,2,-999998.1348112001,false,lata
135,Eisenbahn_Pilsen,Jacarei,JAC_L1,3,-0.0,false,lata
135,Eisenbahn_Pilsen,Jacarei,JAC_L1,4,-0.0,false,lata
135,Eisenbahn_Pilsen,Jacarei,JAC_L1,5,-0.0,false,lata
135,Eisenbahn_Pilsen,Jacarei,JAC_L1,6,-0.0,false,lata
135,Eisenbahn_Pilsen,Jacarei,JAC_L1,7,-0.0,false,lata
135,Eisenbahn_Pilsen,Jacarei,JAC_L1,8,-0.0,false,lata
135,Eisenbahn_Pilsen,Jacarei,JAC_L1,9,-0.0,false,lata
135,Eisenbahn_Pilsen,Jacarei,JAC_L1,10,-0.0,false,lata
135,Eisenbahn_Pilsen,Jacarei,JAC_L1,11,-0.0,false,lata
135,Eisenbahn_Pilsen,Jacarei,JAC_L1,12,-0.0,false,lata
135,Eisenbahn_Pilsen,Jacarei,JAC_L1,13,-0.0,false,lata
135,Eisenbahn_Pilsen,Jacarei,JAC_L1,14,-0.0,false,lata
135,Eisenbahn_Pilsen,Jacarei,JAC_L1,15,-0.0,false,lata
135,Eisenbahn_Pilsen,Jacarei,JAC_L2,1,-0.0,false,lata
135,Eisenbahn_Pilsen,Jacarei,JAC_L2,2,-0.0,false,lata
135,Eisenbahn_Pilsen,Jacarei,JAC_L2,3,-0.0,false,lata
135,Eisenbahn_Pilsen,Jacarei,JAC_L2,4,-0.0,false,lata
135,Eisenbahn_Pilsen,Jacarei,JAC_L2,5,-0.0,false,lata
135,Eisenbahn_Pilsen,Jacarei,JAC_L2,6,-0.0,false,lata
135,Eisenbahn_Pilsen,Jacarei,JAC_L2,7,-0.0,false,lata
135,Eisenbahn_Pilsen,Jacarei,JAC_L2,8,-0.0,false,lata
135,Eisenbahn_Pilsen,Jacarei,JAC_L2,9,-0.0,false,lata
135,Eisenbahn_Pilsen,Jacarei,JAC_L2,10,-0.0,false,lata
135,Eisenbahn_Pilsen,Jacarei,JAC_L2,11,-0.0,false,lata
135,Eisenbahn_Pilsen,Jacarei,JAC_L2,12,-0.0,false,lata
135,Eisenbahn_Pilsen,Jacarei,JAC_L2,13,-0.0,false,lata
135,Eisenbahn_Pilsen,Jacarei,JAC_L2,14,-0.0,false,lata
135,Eisenbahn_Pilsen,Jacarei,JAC_L2,15,-0.0,false,lata
135,Eisenbahn_Pilsen,Jacarei,JAC_L3,1,-0.0,false,lata
135,Eisenbahn_Pilsen,Jacarei,JAC_L3,2,-0.0,false,lata
135,Eisenbahn_Pilsen,Jacarei,JAC_L3,3,-0.0,false,lata
135,Eisenbahn_Pilsen,Jacarei,JAC_L3,4,-0.0,false,lata
135,Eisenbahn_Pilsen,Jacarei,JAC_L3,5,-0.0,false,lata
135,Eisenbahn_Pilsen,Jacarei,JAC_L3,6,-0.0,false,lata
135,Eisenbahn_Pilsen,Jacarei,JAC_L3,7,-0.0,false,lata
135,Eisenbahn_Pilsen,Jacarei,JAC_L3,8,-0.0,false,lata
135,Eisenbahn_Pilsen,Jacarei,JAC_L3,9,-999999.4794151998,false,lata
135,Eisenbahn_Pilsen,Jacarei,JAC_L3,10,-0.0,false,lata
135,Eisenbahn_Pilsen,Jacarei,JAC_L3,11,-0.0,false,lata
135,Eisenbahn_Pilsen,Jacarei,JAC_L3,12,-0.0,false,lata
135,Eisenbahn_Pilsen,Jacarei,JAC_L3,13,-0.0,false,lata
135,Eisenbahn_Pilsen,Jacarei,JAC_L3,14,-0.0,false,lata
135,Eisenbahn_Pilsen,Jacarei,JAC_L3,15,-999999.46297885,false,lata
135,Eisenbahn_Pilsen,Extrema,EXT_L1,1,-0.0,false,lata
135,Eisenbahn_Pilsen,Extrema,EXT_L1,2,-0.0,false,lata
135,Eisenbahn_Pilsen,Extrema,EXT_L1,3,-0.0,false,lata
135,Eisenbahn_Pilsen,Extrema,EXT_L1,4,-0.0,false,lata
135,Eisenbahn_Pilsen,Extrema,EXT_L1,5,-0.0,false,lata
135,Eisenbahn_Pilsen,Extrema,EXT_L1,6,-0.0,false,lata
135,Eisenbahn_Pilsen,Extrema,EXT_L1,7,-0.0,false,lata
135,Eisenbahn_Pilsen,Extrema,EXT_L1,8,-999999.46620285,false,lata
135,Eisenbahn_Pilsen,Extrema,EXT_L1,9,-0.0,false,lata
135,Eisenbahn_Pilsen,Extrema,EXT_L1,10,-0.0,false,lata
135,Eisenbahn_Pilsen,Extrema,EXT_L1,11,-0.0,false,lata
135,Eisenbahn_Pilsen,Extrema,EXT_L1,12,-0.0,false,lata
135,Eisenbahn_Pilsen,Extrema,EXT_L1,13,-0.0,false,lata
135,Eisenbahn_Pilsen,Extrema,EXT_L1,14,-0.0,false,lata
135,Eisenbahn_Pilsen,Extrema,EXT_L1,15,-0.0,false,lata
135,Eisenbahn_Pilsen,Extrema,EXT_L2,1,-0.0,false,lata
135,Eisenbahn_Pilsen,Extrema,EXT_L2,2,-0.0,false,lata
135,Eisenbahn_Pilsen,Extrema,EXT_L2,3,-0.0,false,lata
135,Eisenbahn_Pilsen,Extrema,EXT_L2,4,-0.0,false,lata
135,Eisenbahn_Pilsen,Extrema,EXT_L2,5,-0.0,false,lata
135,Eisenbahn_Pilsen,Extrema,EXT_L2,6,-0.0,false,lata
135,Eisenbahn_Pilsen,Extrema,EXT_L2,7,-0.0,false,lata
135,Eisenbahn_Pilsen,Extrema,EXT_L2,8,-0.0,false,lata
135,Eisenbahn_Pilsen,Extrema,EXT_L2,9,-0.0,false,lata
135,Eisenbahn_Pilsen,Extrema,EXT_L2,10,-0.0,false,lata
135,Eisenbahn_Pilsen,Extrema,EXT_L2,11,-0.0,false,lata
135,Eisenbahn_Pilsen,Extrema,EXT_L2,12,-0.0,false,lata
135,Eisenbahn_Pilsen,Extrema,EXT_L2,13,-0.0,false,lata
135,Eisenbahn_Pilsen,Extrema,EXT_L2,14,-0.0,false,lata
135,Eisenbahn_Pilsen,Extrema,EXT_L2,15,-0.0,false,lata
135,Eisenbahn_Pilsen,Extrema,EXT_L3,1,-0.0,false,lata
135,Eisenbahn_Pilsen,Extrema,EXT_L3,2,-0.0,false,lata
135,Eisenbahn_Pilsen,Extrema,EXT_L3,3,-0.0,false,lata
135,Eisenbahn_Pilsen,Extrema,EXT_L3,4,-0.0,false,lata
135,Eisenbahn_Pilsen,Extrema,EXT_L3,5,-999998.6270509498,false,lata
135,Eisenbahn_Pilsen,Extrema,EXT_L3,6,-0.0,false,lata
135,Eisenbahn_Pilsen,Extrema,EXT_L3,7,-0.0,false,lata
135,Eisenbahn_Pilsen,Extrema,EXT_L3,8,-0.0,false,lata
135,Eisenbahn_Pilsen,Extrema,EXT_L3,9,-0.0,false,lata
135,Eisenbahn_Pilsen,Extrema,EXT_L3,10,-0.0,false,lata
135,Eisenbahn_Pilsen,Extrema,EXT_L3,11,-0.0,false,lata
135,Eisenbahn_Pilsen,Extrema,EXT_L3,12,-0.0,false,lata
135,Eisenbahn_Pilsen,Extrema,EXT_L3,13,-0.0,false,lata
135,Eisenbahn_Pilsen,Extrema,EXT_L3,14,-0.0,false,lata
135,Eisenbahn_Pilsen,Extrema,EXT_L3,15,-0.0,false,lata
135,Eisenbahn_Pilsen,Tres Rios,TRE_L1,1,-999998.1778124998,false,lata
135,Eisenbahn_Pilsen,Tres Rios,TRE_L1,2,-0.0,false,lata
135,Eisenbahn_Pilsen,Tres Rios,TRE_L1,3,-999998.0561981497,false,lata
135,Eisenbahn_Pilsen,Tres Rios,TRE_L1,4,-0.0,false,lata
135,Eisenbahn_Pilsen,Tres Rios,TRE_L1,5,-0.0,false,lata
135,Eisenbahn_Pilsen,Tres Rios,TRE_L1,6,-0.0,false,lata
135,Eisenbahn_Pilsen,Tres Rios,TRE_L1,7,-999999.1974964999,false,lata
135,Eisenbahn_Pilsen,Tres Rios,TRE_L1,8,-0.0,false,lata
135,Eisenbahn_Pilsen,Tres Rios,TRE_L1,9,-0.0,false,lata
135,Eisenbahn_Pilsen,Tres Rios,TRE_L1,10,-0.0,false,lata
135,Eisenbahn_Pilsen,Tres Rios,TRE_L1,11,-0.0,false,lata
135,Eisenbahn_Pilsen,Tres Rios,TRE_L1,12,-0.0,false,lata
135,Eisenbahn_Pilsen,Tres Rios,TRE_L1,13,-0.0,false,lata
135,Eisenbahn_Pilsen,Tres Rios,TRE_L1,14,-0.0,false,lata
135,Eisenbahn_Pilsen,Tres Rios,TRE_L1,15,-999999.4701281501,false,lata
135,Eisenbahn_Pilsen,Tres Rios,TRE_L2,1,-0.0,false,lata
135,Eisenbahn_Pilsen,Tres Rios,TRE_L2,2,-0.0,false,lata
135,Eisenbahn_Pilsen,Tres Rios,TRE_L2,3,-0.0,false,lata
135,Eisenbahn_Pilsen,Tres Rios,TRE_L2,4,-0.0,false,lata
135,Eisenbahn_Pilsen,Tres Rios,TRE_L2,5,-0.0,false,lata
135,Eisenbahn_Pilsen,Tres Rios,TRE_L2,6,-0.0,false,lata
135,Eisenbahn_Pilsen,Tres Rios,TRE_L2,7,-0.0,false,lata
135,Eisenbahn_Pilsen,Tres Rios,TRE_L2,8,-0.0,false,lata
135,Eisenbahn_Pilsen,Tres Rios,TRE_L2,9,-0.0,false,lata
135,Eisenbahn_Pilsen,Tres Rios,TRE_L2,10,-0.0,false,lata
135,Eisenbahn_Pilsen,Tres Rios,TRE_L2,11,-0.0,false,lata
135,Eisenbahn_Pilsen,Tres Rios,TRE_L2,12,-0.0,false,lata
135,Eisenbahn_Pilsen,Tres Rios,TRE_L2,13,-999999.4974457,false,lata
135,Eisenbahn_Pilsen,Tres Rios,TRE_L2,14,-0.0,false,lata
135,Eisenbahn_Pilsen,Tres Rios,TRE_L2,15,-0.0,false,lata
135,Eisenbahn_Pilsen,Tres Rios,TRE_L3,1,-0.0,false,lata
135,Eisenbahn_Pilsen,Tres Rios,TRE_L3,2,-0.0,false,lata
135,Eisenbahn_Pilsen,Tres Rios,TRE_L3,3,-0.0,false,lata
135,Eisenbahn_Pilsen,Tres Rios,TRE_L3,4,-0.0,false,lata
135,Eisenbahn_Pilsen,Tres Rios,TRE_L3,5,-0.0,false,lata
135,Eisenbahn_Pilsen,Tres Rios,TRE_L3,6,-0.0,false,lata
135,Eisenbahn_Pilsen,Tres Rios,TRE_L3,7,-0.0,false,lata
135,Eisenbahn_Pilsen,Tres Rios,TRE_L3,8,-0.0,false,lata
135,Eisenbahn_Pilsen,Tres Rios,TRE_L3,9,-0.0,false,lata
135,Eisenbahn_Pilsen,Tres Rios,TRE_L3,10,-0.0,false,lata
135,Eisenbahn_Pilsen,Tres Rios,TRE_L3,11,-0.0,false,lata
135,Eisenbahn_Pilsen,Tres Rios,TRE_L3,12,-0.0,false,lata
135,Eisenbahn_Pilsen,Tres Rios,TRE_L3,13,-0.0,false,lata
135,Eisenbahn_Pilsen,Tres Rios,TRE_L3,14,-0.0,false,lata
135,Eisenbahn_Pilsen,Tres Rios,TRE_L3,15,-0.0,false,lata
135,Eisenbahn_Pilsen,Alagoinhas,ALA_L1,1,-0.0,false,lata
135,Eisenbahn_Pilsen,Alagoinhas,ALA_L1,2,-0.0,false,lata
135,Eisenbahn_Pilsen,Alagoinhas,ALA_L1,3,-0.0,false,lata
135,Eisenbahn_Pilsen,Alagoinhas,ALA_L1,4,-0.0,false,lata
135,Eisenbahn_Pilsen,Alagoinhas,ALA_L1,5,-0.0,false,lata
135,Eisenbahn_Pilsen,Alagoinhas,ALA_L1,6,-0.0,false,lata
135,Eisenbahn_Pilsen,Alagoinhas,ALA_L1,7,-0.0,false,lata
135,Eisenbahn_Pilsen,Alagoinhas,ALA_L1,8,-0.0,false,lata
135,Eisenbahn_Pilsen,Alagoinhas,ALA_L1,9,-0.0,false,lata
135,Eisenbahn_Pilsen,Alagoinhas,ALA_L1,10,-0.0,false,lata
135,Eisenbahn_Pilsen,Alagoinhas,ALA_L1,11,-0.0,false,lata
135,Eisenbahn_Pilsen,Alagoinhas,ALA_L1,12,-0.0,false,lata
135,Eisenbahn_Pilsen,Alagoinhas,ALA_L1,13,-0.0,false,lata
135,Eisenbahn_Pilsen,Alagoinhas,ALA_L1,14,-0.0,false,lata
135,Eisenbahn_Pilsen,Alagoinhas,ALA_L1,15,-0.0,false,lata
135,Eisenbahn_Pilsen,Alagoinhas,ALA_L2,1,-0.0,false,lata
135,Eisenbahn_Pilsen,Alagoinhas,ALA_L2,2,-0.0,false,lata
135,Eisenbahn_Pilsen,Alagoinhas,ALA_L2,3,-0.0,false,lata
135,Eisenbahn_Pilsen,Alagoinhas,ALA_L2,4,-0.0,false,lata
135,Eisenbahn_Pilsen,Alagoinhas,ALA_L2,5,-0.0,false,lata
135,Eisenbahn_Pilsen,Alagoinhas,ALA_L2,6,-0.0,false,lata
135,Eisenbahn_Pilsen,Alagoinhas,ALA_L2,7,-0.0,false,lata
135,Eisenbahn_Pilsen,Alagoinhas,ALA_L2,8,-0.0,false,lata
135,Eisenbahn_Pilsen,Alagoinhas,ALA_L2,9,-999999.4311356498,false,lata
135,Eisenbahn_Pilsen,Alagoinhas,ALA_L2,10,-0.0,false,lata
135,Eisenbahn_Pilsen,Alagoinhas,ALA_L2,11,-0.0,false,lata
135,Eisenbahn_Pilsen,Alagoinhas,ALA_L2,12,-0.0,false,lata
135,Eisenbahn_Pilsen,Alagoinhas,ALA_L2,13,-0.0,false,lata
135,Eisenbahn_Pilsen,Alagoinhas,ALA_L2,14,-0.0,false,lata
135,Eisenbahn_Pilsen,Alagoinhas,ALA_L2,15,-0.0,false,lata
135,Eisenbahn_Pilsen,Alagoinhas,ALA_L3,1,-0.0,false,lata
135,Eisenbahn_Pilsen,Alagoinhas,ALA_L3,2,-0.0,false,lata
135,Eisenbahn_Pilsen,Alagoinhas,ALA_L3,3,-0.0,false,lata
135,Eisenbahn_Pilsen,Alagoinhas,ALA_L3,4,-999998.3316260999,false,lata
135,Eisenbahn_Pilsen,Alagoinhas,ALA_L3,5,-0.0,false,lata
135,Eisenbahn_Pilsen,Alagoinhas,ALA_L3,6,-0.0,false,lata
135,Eisenbahn_Pilsen,Alagoinhas,ALA_L3,7,-0.0,false,lata
135,Eisenbahn_Pilsen,Alagoinhas,ALA_L3,8,-0.0,false,lata
135,Eisenbahn_Pilsen,Alagoinhas,ALA_L3,9,-0.0,false,lata
135,Eisenbahn_Pilsen,Alagoinhas,ALA_L3,10,-0.0,false,lata
135,Eisenbahn_Pilsen,Alagoinhas,ALA_L3,11,-0.0,false,lata
135,Eisenbahn_Pilsen,Alagoinhas,ALA_L3,12,-0.0,false,lata
135,Eisenbahn_Pilsen,Alagoinhas,ALA_L3,13,-999999.4935736501,false,lata
135,Eisenbahn_Pilsen,Alagoinhas,ALA_L3,14,-0.0,false,lata
135,Eisenbahn_Pilsen,Alagoinhas,ALA_L3,15,-0.0,false,lata
135,Eisenbahn_Pilsen,Frutal,FRU_L1,1,-0.0,false,lata
135,Eisenbahn_Pilsen,Frutal,FRU_L1,2,-0.0,false,lata
135,Eisenbahn_Pilsen,Frutal,FRU_L1,3,-0.0,false,lata
135,Eisenbahn_Pilsen,Frutal,FRU_L1,4,-0.0,false,lata
135,Eisenbahn_Pilsen,Frutal,FRU_L1,5,-0.0,false,lata
135,Eisenbahn_Pilsen,Frutal,FRU_L1,6,-0.0,false,lata
135,Eisenbahn_Pilsen,Frutal,FRU_L1,7,-0.0,false,lata
135,Eisenbahn_Pilsen,Frutal,FRU_L1,8,-0.0,false,lata
135,Eisenbahn_Pilsen,Frutal,FRU_L1,9,-0.0,false,lata
135,Eisenbahn_Pilsen,Frutal,FRU_L1,10,-0.0,false,lata
135,Eisenbahn_Pilsen,Frutal,FRU_L1,11,-999999.4579678001,false,lata
135,Eisenbahn_Pilsen,Frutal,FRU_L1,12,-0.0,false,lata
135,Eisenbahn_Pilsen,Frutal,FRU_L1,13,-0.0,false,lata
135,Eisenbahn_Pilsen,Frutal,FRU_L1,14,-0.0,false,lata
135,Eisenbahn_Pilsen,Frutal,FRU_L1,15,-0.0,false,lata
135,Eisenbahn_Pilsen,Frutal,FRU_L2,1,-0.0,false,lata
135,Eisenbahn_Pilsen,Frutal,FRU_L2,2,-0.0,false,lata
135,Eisenbahn_Pilsen,Frutal,FRU_L2,3,-0.0,false,lata
135,Eisenbahn_Pilsen,Frutal,FRU_L2,4,-0.0,false,lata
135,Eisenbahn_Pilsen,Frutal,FRU_L2,5,-0.0,false,lata
135,Eisenbahn_Pilsen,Frutal,FRU_L2,6,-0.0,false,lata
135,Eisenbahn_Pilsen,Frutal,FRU_L2,7,-999999.20436455,false,lata
135,Eisenbahn_Pilsen,Frutal,FRU_L2,8,-0.0,false,lata
135,Eisenbahn_Pilsen,Frutal,FRU_L2,9,-0.0,false,lata
135,Eisenbahn_Pilsen,Frutal,FRU_L2,10,-0.0,false,lata
135,Eisenbahn_Pilsen,Frutal,FRU_L2,11,-0.0,false,lata
135,Eisenbahn_Pilsen,Frutal,FRU_L2,12,-0.0,false,lata
135,Eisenbahn_Pilsen,Frutal,FRU_L2,13,-0.0,false,lata
135,Eisenbahn_Pilsen,Frutal,FRU_L2,14,-0.0,false,lata
135,Eisenbahn_Pilsen,Frutal,FRU_L2,15,-0.0,false,lata
135,Eisenbahn_Pilsen,Frutal,FRU_L3,1,-0.0,false,lata
135,Eisenbahn_Pilsen,Frutal,FRU_L3,2,-0.0,false,lata
135,Eisenbahn_Pilsen,Frutal,FRU_L3,3,-0.0,false,lata
135,Eisenbahn_Pilsen,Frutal,FRU_L3,4,-0.0,false,lata
135,Eisenbahn_Pilsen,Frutal,FRU_L3,5,-0.0,false,lata
135,Eisenbahn_Pilsen,Frutal,FRU_L3,6,-0.0,false,lata
135,Eisenbahn_Pilsen,Frutal,FRU_L3,7,-0.0,false,lata
135,Eisenbahn_Pilsen,Frutal,FRU_L3,8,-0.0,false,lata
135,Eisenbahn_Pilsen,Frutal,FRU_L3,9,-999999.4915180499,false,lata
135,Eisenbahn_Pilsen,Frutal,FRU_L3,10,-0.0,false,lata
135,Eisenbahn_Pilsen,Frutal,FRU_L3,11,-0.0,false,lata
135,Eisenbahn_Pilsen,Frutal,FRU_L3,12,-0.0,false,lata
135,Eisenbahn_Pilsen,Frutal,FRU_L3,13,-0.0,false,lata
135,Eisenbahn_Pilsen,Frutal,FRU_L3,14,-0.0,false,lata
135,Eisenbahn_Pilsen,Frutal,FRU_L3,15,-0.0,false,lata
135,Eisenbahn_Pilsen,Pouso Alegre,POU_L1,1,-0.0,false,lata
135,Eisenbahn_Pilsen,Pouso Alegre,POU_L1,2,-0.0,false,lata
135,Eisenbahn_Pilsen,Pouso Alegre,POU_L1,3,-0.0,false,lata
135,Eisenbahn_Pilsen,Pouso Alegre,POU_L1,4,-999998.3423017998,false,lata
135,Eisenbahn_Pilsen,Pouso Alegre,POU_L1,5,-0.0,false,lata
135,Eisenbahn_Pilsen,Pouso Alegre,POU_L1,6,-0.0,false,lata
135,Eisenbahn_Pilsen,Pouso Alegre,POU_L1,7,-0.0,false,lata
135,Eisenbahn_Pilsen,Pouso Alegre,POU_L1,8,-999999.46827705,false,lata
135,Eisenbahn_Pilsen,Pouso Alegre,POU_L1,9,-0.0,false,lata
135,Eisenbahn_Pilsen,Pouso Alegre,POU_L1,10,-0.0,false,lata
135,Eisenbahn_Pilsen,Pouso Alegre,POU_L1,11,-0.0,false,lata
135,Eisenbahn_Pilsen,Pouso Alegre,POU_L1,12,-0.0,false,lata
135,Eisenbahn_Pilsen,Pouso Alegre,POU_L1,13,-0.0,false,lata
135,Eisenbahn_Pilsen,Pouso Alegre,POU_L1,14,-0.0,false,lata
135,Eisenbahn_Pilsen,Pouso Alegre,POU_L1,15,-0.0,false,lata
135,Eisenbahn_Pilsen,Pouso Alegre,POU_L2,1,-0.0,false,lata
135,Eisenbahn_Pilsen,Pouso Alegre,POU_L2,2,-0.0,false,lata
135,Eisenbahn_Pilsen,Pouso Alegre,POU_L2,3,-0.0,false,lata
135,Eisenbahn_Pilsen,Pouso Alegre,POU_L2,4,-0.0,false,lata
135,Eisenbahn_Pilsen,Pouso Alegre,POU_L2,5,-0.0,false,lata
135,Eisenbahn_Pilsen,Pouso Alegre,POU_L2,6,-0.0,false,lata
135,Eisenbahn_Pilsen,Pouso Alegre,POU_L2,7,-0.0,false,lata
135,Eisenbahn_Pilsen,Pouso Alegre,POU_L2,8,-0.0,false,lata
135,Eisenbahn_Pilsen,Pouso Alegre,POU_L2,9,-0.0,false,lata
135,Eisenbahn_Pilsen,Pouso Alegre,POU_L2,10,-0.0,false,lata
135,Eisenbahn_Pilsen,Pouso Alegre,POU_L2,11,-0.0,false,lata
135,Eisenbahn_Pilsen,Pouso Alegre,POU_L2,12,-0.0,false,lata
135,Eisenbahn_Pilsen,Pouso Alegre,POU_L2,13,-0.0,false,lata
135,Eisenbahn_Pilsen,Pouso Alegre,POU_L2,14,-0.0,false,lata
135,Eisenbahn_Pilsen,Pouso Alegre,POU_L2,15,-0.0,false,lata
135,Eisenbahn_Pilsen,Pouso Alegre,POU_L3,1,-0.0,false,lata
135,Eisenbahn_Pilsen,Pouso Alegre,POU_L3,2,-0.0,false,lata
135,Eisenbahn_Pilsen,Pouso Alegre,POU_L3,3,-0.0,false,lata
135,Eisenbahn_Pilsen,Pouso Alegre,POU_L3,4,-0.0,false,lata
135,Eisenbahn_Pilsen,Pouso Alegre,POU_L3,5,-0.0,false,lata
135,Eisenbahn_Pilsen,Pouso Alegre,POU_L3,6,-0.0,false,lata
135,Eisenbahn_Pilsen,Pouso Alegre,POU_L3,7,-0.0,false,lata
135,Eisenbahn_Pilsen,Pouso Alegre,POU_L3,8,-0.0,false,lata
135,Eisenbahn_Pilsen,Pouso Alegre,POU_L3,9,-0.0,false,lata
135,Eisenbahn_Pilsen,Pouso Alegre,POU_L3,10,-0.0,false,lata
135,Eisenbahn_Pilsen,Pouso Alegre,POU_L3,11,-0.0,false,lata
135,Eisenbahn_Pilsen,Pouso Alegre,POU_L3,12,-999999.4705246001,false,lata
135,Eisenbahn_Pilsen,Pouso Alegre,POU_L3,13,-0.0,false,lata
135,Eisenbahn_Pilsen,Pouso Alegre,POU_L3,14,-0.0,false,lata
135,Eisenbahn_Pilsen,Pouso Alegre,POU_L3,15,-0.0,false,lata
135,Eisenbahn_Pilsen,Gama,GAM_L1,1,-0.0,false,lata
135,Eisenbahn_Pilsen,Gama,GAM_L1,2,-0.0,false,lata
135,Eisenbahn_Pilsen,Gama,GAM_L1,3,-0.0,false,lata
135,Eisenbahn_Pilsen,Gama,GAM_L1,4,-0.0,false,lata
135,Eisenbahn_Pilsen,Gama,GAM_L1,5,-0.0,false,lata
135,Eisenbahn_Pilsen,Gama,GAM_L1,6,-0.0,false,lata
135,Eisenbahn_Pilsen,Gama,GAM_L1,7,-0.0,false,lata
135,Eisenbahn_Pilsen,Gama,GAM_L1,8,-0.0,false,lata
135,Eisenbahn_Pilsen,Gama,GAM_L1,9,-0.0,false,lata
135,Eisenbahn_Pilsen,Gama,GAM_L1,10,-0.0,false,lata
135,Eisenbahn_Pilsen,Gama,GAM_L1,11,-0.0,false,lata
135,Eisenbahn_Pilsen,Gama,GAM_L1,12,-0.0,false,lata
135,Eisenbahn_Pilsen,Gama,GAM_L1,13,-0.0,false,lata
135,Eisenbahn_Pilsen,Gama,GAM_L1,14,-0.0,false,lata
135,Eisenbahn_Pilsen,Gama,GAM_L1,15,-0.0,false,lata
135,Eisenbahn_Pilsen,Gama,GAM_L2,1,-0.0,false,lata
135,Eisenbahn_Pilsen,Gama,GAM_L2,2,-0.0,false,lata
135,Eisenbahn_Pilsen,Gama,GAM_L2,3,-0.0,false,lata
135,Eisenbahn_Pilsen,Gama,GAM_L2,4,-0.0,false,lata
135,Eisenbahn_Pilsen,Gama,GAM_L2,5,-0.0,false,lata
135,Eisenbahn_Pilsen,Gama,GAM_L2,6,-0.0,false,lata
135,Eisenbahn_Pilsen,Gama,GAM_L2,7,-0.0,false,lata
135,Eisenbahn_Pilsen,Gama,GAM_L2,8,-0.0,false,lata
135,Eisenbahn_Pilsen,Gama,GAM_L2,9,-0.0,false,lata
135,Eisenbahn_Pilsen,Gama,GAM_L2,10,-0.0,false,lata
135,Eisenbahn_Pilsen,Gama,GAM_L2,11,-0.0,false,lata
135,Eisenbahn_Pilsen,Gama,GAM_L2,12,-999999.4597071501,false,lata
135,Eisenbahn_Pilsen,Gama,GAM_L2,13,-0.0,false,lata
135,Eisenbahn_Pilsen,Gama,GAM_L2,14,-0.0,false,lata
135,Eisenbahn_Pilsen,Gama,GAM_L2,15,-0.0,false,lata
135,Eisenbahn_Pilsen,Gama,GAM_L3,1,-0.0,false,lata
135,Eisenbahn_Pilsen,Gama,GAM_L3,2,-0.0,false,lata
135,Eisenbahn_Pilsen,Gama,GAM_L3,3,-0.0,false,lata
135,Eisenbahn_Pilsen,Gama,GAM_L3,4,-0.0,false,lata
135,Eisenbahn_Pilsen,Gama,GAM_L3,5,-0.0,false,lata
135,Eisenbahn_Pilsen,Gama,GAM_L3,6,-0.0,false,lata
135,Eisenbahn_Pilsen,Gama,GAM_L3,7,-0.0,false,lata
135,Eisenbahn_Pilsen,Gama,GAM_L3,8,-0.0,false,lata
135,Eisenbahn_Pilsen,Gama,GAM_L3,9,-0.0,false,lata
135,Eisenbahn_Pilsen,Gama,GAM_L3,10,-0.0,false,lata
135,Eisenbahn_Pilsen,Gama,GAM_L3,11,-0.0,false,lata
135,Eisenbahn_Pilsen,Gama,GAM_L3,12,-0.0,false,lata
135,Eisenbahn_Pilsen,Gama,GAM_L3,13,-0.0,false,lata
135,Eisenbahn_Pilsen,Gama,GAM_L3,14,-0.0,false,lata
135,Eisenbahn_Pilsen,Gama,GAM_L3,15,-0.0,false,lata
135,Eisenbahn_Pilsen,Viamao,VIA_L1,1,-0.0,false,lata
135,Eisenbahn_Pilsen,Viamao,VIA_L1,2,-0.0,false,lata
135,Eisenbahn_Pilsen,Viamao,VIA_L1,3,-0.0,false,lata
135,Eisenbahn_Pilsen,Viamao,VIA_L1,4,-0.0,false,lata
135,Eisenbahn_Pilsen,Viamao,VIA_L1,5,-0.0,false,lata
135,Eisenbahn_Pilsen,Viamao,VIA_L1,6,-0.0,false,lata
135,Eisenbahn_Pilsen,Viamao,VIA_L1,7,-0.0,false,lata
135,Eisenbahn_Pilsen,Viamao,VIA_L1,8,-0.0,false,lata
135,Eisenbahn_Pilsen,Viamao,VIA_L1,9,-999999.5114984498,false,lata
135,Eisenbahn_Pilsen,Viamao,VIA_L1,10,-0.0,false,lata
135,Eisenbahn_Pilsen,Viamao,VIA_L1,11,-0.0,false,lata
135,Eisenbahn_Pilsen,Viamao,VIA_L1,12,-0.0,false,lata
135,Eisenbahn_Pilsen,Viamao,VIA_L1,13,-0.0,false,lata
135,Eisenbahn_Pilsen,Viamao,VIA_L1,14,-0.0,false,lata
135,Eisenbahn_Pilsen,Viamao,VIA_L1,15,-0.0,false,lata
135,Eisenbahn_Pilsen,Viamao,VIA_L2,1,-0.0,false,lata
135,Eisenbahn_Pilsen,Viamao,VIA_L2,2,-0.0,false,lata
135,Eisenbahn_Pilsen,Viamao,VIA_L2,3,-0.0,false,lata
135,Eisenbahn_Pilsen,Viamao,VIA_L2,4,-0.0,false,lata
135,Eisenbahn_Pilsen,Viamao,VIA_L2,5,-0.0,false,lata
135,Eisenbahn_Pilsen,Viamao,VIA_L2,6,-0.0,false,lata
135,Eisenbahn_Pilsen,Viamao,VIA_L2,7,-0.0,false,lata
135,Eisenbahn_Pilsen,Viamao,VIA_L2,8,-0.0,false,lata
135,Eisenbahn_Pilsen,Viamao,VIA_L2,9,-999999.5114984498,false,lata
135,Eisenbahn_Pilsen,Viamao,VIA_L2,10,-0.0,false,lata
135,Eisenbahn_Pilsen,Viamao,VIA_L2,11,-999999.49874445,false,lata
135,Eisenbahn_Pilsen,Viamao,VIA_L2,12,-999999.5131270501,false,lata
135,Eisenbahn_Pilsen,Viamao,VIA_L2,13,-0.0,false,lata
135,Eisenbahn_Pilsen,Viamao,VIA_L2,14,-0.0,false,lata
135,Eisenbahn_Pilsen,Viamao,VIA_L2,15,-0.0,false,lata
135,Eisenbahn_Pilsen,Viamao,VIA_L3,1,-0.0,false,lata
135,Eisenbahn_Pilsen,Viamao,VIA_L3,2,-0.0,false,lata
135,Eisenbahn_Pilsen,Viamao,VIA_L3,3,-0.0,false,lata
135,Eisenbahn_Pilsen,Viamao,VIA_L3,4,-0.0,false,lata
135,Eisenbahn_Pilsen,Viamao,VIA_L3,5,-0.0,false,lata
135,Eisenbahn_Pilsen,Viamao,VIA_L3,6,-0.0,false,lata
135,Eisenbahn_Pilsen,Viamao,VIA_L3,7,-0.0,false,lata
135,Eisenbahn_Pilsen,Viamao,VIA_L3,8,-999999.4993299,false,lata
135,Eisenbahn_Pilsen,Viamao,VIA_L3,9,-0.0,false,lata
135,Eisenbahn_Pilsen,Viamao,VIA_L3,10,-0.0,false,lata
135,Eisenbahn_Pilsen,Viamao,VIA_L3,11,-0.0,false,lata
135,Eisenbahn_Pilsen,Viamao,VIA_L3,12,-0.0,false,lata
135,Eisenbahn_Pilsen,Viamao,VIA_L3,13,-0.0,false,lata
135,Eisenbahn_Pilsen,Viamao,VIA_L3,14,-0.0,false,lata
135,Eisenbahn_Pilsen,Viamao,VIA_L3,15,-0.0,false,lata
135,Eisenbahn_Pilsen,Itupeva,ITU_L1,1,-0.0,false,lata
135,Eisenbahn_Pilsen,Itupeva,ITU_L1,2,-0.0,false,lata
135,Eisenbahn_Pilsen,Itupeva,ITU_L1,3,-0.0,false,lata
135,Eisenbahn_Pilsen,Itupeva,ITU_L1,4,-0.0,false,lata
135,Eisenbahn_Pilsen,Itupeva,ITU_L1,5,-0.0,false,lata
135,Eisenbahn_Pilsen,Itupeva,ITU_L1,6,-0.0,false,lata
135,Eisenbahn_Pilsen,Itupeva,ITU_L1,7,-0.0,false,lata
135,Eisenbahn_Pilsen,Itupeva,ITU_L1,8,-0.0,false,lata
135,Eisenbahn_Pilsen,Itupeva,ITU_L1,9,-0.0,false,lata
135,Eisenbahn_Pilsen,Itupeva,ITU_L1,10,-0.0,false,lata
135,Eisenbahn_Pilsen,Itupeva,ITU_L1,11,-0.0,false,lata
135,Eisenbahn_Pilsen,Itupeva,ITU_L1,12,-0.0,false,lata
135,Eisenbahn_Pilsen,Itupeva,ITU_L1,13,-0.0,false,lata
135,Eisenbahn_Pilsen,Itupeva,ITU_L1,14,-0.0,false,lata
135,Eisenbahn_Pilsen,Itupeva,ITU_L1,15,-0.0,false,lata
135,Eisenbahn_Pilsen,Itupeva,ITU_L2,1,-0.0,false,lata
135,Eisenbahn_Pilsen,Itupeva,ITU_L2,2,-0.0,false,lata
135,Eisenbahn_Pilsen,Itupeva,ITU_L2,3,-0.0,false,lata
135,Eisenbahn_Pilsen,Itupeva,ITU_L2,4,-0.0,false,lata
135,Eisenbahn_Pilsen,Itupeva,ITU_L2,5,-999998.6304116498,false,lata
135,Eisenbahn_Pilsen,Itupeva,ITU_L2,6,-0.0,false,lata
135,Eisenbahn_Pilsen,Itupeva,ITU_L2,7,-0.0,false,lata
135,Eisenbahn_Pilsen,Itupeva,ITU_L2,8,-0.0,false,lata
135,Eisenbahn_Pilsen,Itupeva,ITU_L2,9,-0.0,false,lata
135,Eisenbahn_Pilsen,Itupeva,ITU_L2,10,-0.0,false,lata
135,Eisenbahn_Pilsen,Itupeva,ITU_L2,11,-0.0,false,lata
135,Eisenbahn_Pilsen,Itupeva,ITU_L2,12,-0.0,false,lata
135,Eisenbahn_Pilsen,Itupeva,ITU_L2,13,-0.0,false,lata
135,Eisenbahn_Pilsen,Itupeva,ITU_L2,14,-999999.1806019499,false,lata
135,Eisenbahn_Pilsen,Itupeva,ITU_L2,15,-0.0,false,lata
135,Eisenbahn_Pilsen,Itupeva,ITU_L3,1,-0.0,false,lata
135,Eisenbahn_Pilsen,Itupeva,ITU_L3,2,-0.0,false,lata
135,Eisenbahn_Pilsen,Itupeva,ITU_L3,3,-0.0,false,lata
135,Eisenbahn_Pilsen,Itupeva,ITU_L3,4,-0.0,false,lata
135,Eisenbahn_Pilsen,Itupeva,ITU_L3,5,-0.0,false,lata
135,Eisenbahn_Pilsen,Itupeva,ITU_L3,6,-0.0,false,lata
135,Eisenbahn_Pilsen,Itupeva,ITU_L3,7,-0.0,false,lata
135,Eisenbahn_Pilsen,Itupeva,ITU_L3,8,-0.0,false,lata
135,Eisenbahn_Pilsen,Itupeva,ITU_L3,9,-0.0,false,lata
135,Eisenbahn_Pilsen,Itupeva,ITU_L3,10,-0.0,false,lata
135,Eisenbahn_Pilsen,Itupeva,ITU_L3,11,-999999.462452,false,lata
135,Eisenbahn_Pilsen,Itupeva,ITU_L3,12,-0.0,false,lata
135,Eisenbahn_Pilsen,Itupeva,ITU_L3,13,-0.0,false,lata
135,Eisenbahn_Pilsen,Itupeva,ITU_L3,14,-0.0,false,lata
135,Eisenbahn_Pilsen,Itupeva,ITU_L3,15,-0.0,false,lata
135,Eisenbahn_Pilsen,Cabo de Santo Agostinho,CAB_L1,1,-0.0,false,lata
135,Eisenbahn_Pilsen,Cabo de Santo Agostinho,CAB_L1,2,-0.0,false,lata
135,Eisenbahn_Pilsen,Cabo de Santo Agostinho,CAB_L1,3,-0.0,false,lata
135,Eisenbahn_Pilsen,Cabo de Santo Agostinho,CAB_L1,4,-0.0,false,lata
135,Eisenbahn_Pilsen,Cabo de Santo Agostinho,CAB_L1,5,-0.0,false,lata
135,Eisenbahn_Pilsen,Cabo de Santo Agostinho,CAB_L1,6,-0.0,false,lata
135,Eisenbahn_Pilsen,Cabo de Santo Agostinho,CAB_L1,7,-0.0,false,lata
135,Eisenbahn_Pilsen,Cabo de Santo Agostinho,CAB_L1,8,-0.0,false,lata
135,Eisenbahn_Pilsen,Cabo de Santo Agostinho,CAB_L1,9,-0.0,false,lata
135,Eisenbahn_Pilsen,Cabo de Santo Agostinho,CAB_L1,10,-0.0,false,lata
135,Eisenbahn_Pilsen,Cabo de Santo Agostinho,CAB_L1,11,-0.0,false,lata
135,Eisenbahn_Pilsen,Cabo de Santo Agostinho,CAB_L1,12,-0.0,false,lata
135,Eisenbahn_Pilsen,Cabo de Santo Agostinho,CAB_L1,13,-0.0,false,lata
135,Eisenbahn_Pilsen,Cabo de Santo Agostinho,CAB_L1,14,-0.0,false,lata
135,Eisenbahn_Pilsen,Cabo de Santo Agostinho,CAB_L1,15,-0.0,false,lata
135,Eisenbahn_Pilsen,Cabo de Santo Agostinho,CAB_L2,1,-0.0,false,lata
135,Eisenbahn_Pilsen,Cabo de Santo Agostinho,CAB_L2,2,-0.0,false,lata
135,Eisenbahn_Pilsen,Cabo de Santo Agostinho,CAB_L2,3,-0.0,false,lata
135,Eisenbahn_Pilsen,Cabo de Santo Agostinho,CAB_L2,4,-0.0,false,lata
135,Eisenbahn_Pilsen,Cabo de Santo Agostinho,CAB_L2,5,-0.0,false,lata
135,Eisenbahn_Pilsen,Cabo de Santo Agostinho,CAB_L2,6,-0.0,false,lata
135,Eisenbahn_Pilsen,Cabo de Santo Agostinho,CAB_L2,7,-0.0,false,lata
135,Eisenbahn_Pilsen,Cabo de Santo Agostinho,CAB_L2,8,-0.0,false,lata
135,Eisenbahn_Pilsen,Cabo de Santo Agostinho,CAB_L2,9,-0.0,false,lata
135,Eisenbahn_Pilsen,Cabo de Santo Agostinho,CAB_L2,10,-0.0,false,lata
135,Eisenbahn_Pilsen,Cabo de Santo Agostinho,CAB_L2,11,-0.0,false,lata
135,Eisenbahn_Pilsen,Cabo de Santo Agostinho,CAB_L2,12,-0.0,false,lata
135,Eisenbahn_Pilsen,Cabo de Santo Agostinho,CAB_L2,13,-0.0,false,lata
135,Eisenbahn_Pilsen,Cabo de Santo Agostinho,CAB_L2,14,-0.0,false,lata
135,Eisenbahn_Pilsen,Cabo de Santo Agostinho,CAB_L2,15,-0.0,false,lata
135,Eisenbahn_Pilsen,Cabo de Santo Agostinho,CAB_L3,1,-0.0,false,lata
135,Eisenbahn_Pilsen,Cabo de Santo Agostinho,CAB_L3,2,-0.0,false,lata
135,Eisenbahn_Pilsen,Cabo de Santo Agostinho,CAB_L3,3,-0.0,false,lata
135,Eisenbahn_Pilsen,Cabo de Santo Agostinho,CAB_L3,4,-0.0,false,lata
135,Eisenbahn_Pilsen,Cabo de Santo Agostinho,CAB_L3,5,-0.0,false,lata
135,Eisenbahn_Pilsen,Cabo de Santo Agostinho,CAB_L3,6,-0.0,false,lata
135,Eisenbahn_Pilsen,Cabo de Santo Agostinho,CAB_L3,7,-0.0,false,lata
135,Eisenbahn_Pilsen,Cabo de Santo Agostinho,CAB_L3,8,-0.0,false,lata
135,Eisenbahn_Pilsen,Cabo de Santo Agostinho,CAB_L3,9,-0.0,false,lata
135,Eisenbahn_Pilsen,Cabo de Santo Agostinho,CAB_L3,10,-0.0,false,lata
135,Eisenbahn_Pilsen,Cabo de Santo Agostinho,CAB_L3,11,-0.0,false,lata
135,Eisenbahn_Pilsen,Cabo de Santo Agostinho,CAB_L3,12,-0.0,false,lata
135,Eisenbahn_Pilsen,Cabo de Santo Agostinho,CAB_L3,13,-0.0,false,lata
135,Eisenbahn_Pilsen,Cabo de Santo Agostinho,CAB_L3,14,-0.0,false,lata
135,Eisenbahn_Pilsen,Cabo de Santo Agostinho,CAB_L3,15,-0.0,false,lata
135,Guarana_Antarctica_Zero,Jacarei,JAC_L1,1,-0.0,false,lata
135,Guarana_Antarctica_Zero,Jacarei,JAC_L1,2,-0.0,false,lata
135,Guarana_Antarctica_Zero,Jacarei,JAC_L1,3,-999999.2416753501,false,lata
135,Guarana_Antarctica_Zero,Jacarei,JAC_L1,4,-0.0,false,lata
135,Guarana_Antarctica_Zero,Jacarei,JAC_L1,5,-0.0,false,lata
135,Guarana_Antarctica_Zero,Jacarei,JAC_L1,6,-0.0,false,lata
135,Guarana_Antarctica_Zero,Jacarei,JAC_L1,7,-0.0,false,lata
135,Guarana_Antarctica_Zero,Jacarei,JAC_L1,8,-0.0,false,lata
135,Guarana_Antarctica_Zero,Jacarei,JAC_L1,9,-0.0,false,lata
135,Guarana_Antarctica_Zero,Jacarei,JAC_L1,10,-0.0,false,lata
135,Guarana_Antarctica_Zero,Jacarei,JAC_L1,11,-0.0,false,lata
135,Guarana_Antarctica_Zero,Jacarei,JAC_L1,12,-0.0,false,lata
135,Guarana_Antarctica_Zero,Jacarei,JAC_L1,13,-0.0,false,lata
135,Guarana_Antarctica_Zero,Jacarei,JAC_L1,14,-0.0,false,lata
135,Guarana_Antarctica_Zero,Jacarei,JAC_L1,15,-0.0,false,lata
135,Guarana_Antarctica_Zero,Jacarei,JAC_L2,1,-0.0,false,lata
135,Guarana_Antarctica_Zero,Jacarei,JAC_L2,2,-0.0,false,lata
135,Guarana_Antarctica_Zero,Jacarei,JAC_L2,3,-0.0,false,lata
135,Guarana_Antarctica_Zero,Jacarei,JAC_L2,4,-0.0,false,lata
135,Guarana_Antarctica_Zero,Jacarei,JAC_L2,5,-0.0,false,lata
135,Guarana_Antarctica_Zero,Jacarei,JAC_L2,6,-0.0,false,lata
135,Guarana_Antarctica_Zero,Jacarei,JAC_L2,7,-999999.5836327502,false,lata
135,Guarana_Antarctica_Zero,Jacarei,JAC_L2,8,-999999.8773748002,false,lata
135,Guarana_Antarctica_Zero,Jacarei,JAC_L2,9,-0.0,false,lata
135,Guarana_Antarctica_Zero,Jacarei,JAC_L2,10,-0.0,false,lata
135,Guarana_Antarctica_Zero,Jacarei,JAC_L2,11,-0.0,false,lata
135,Guarana_Antarctica_Zero,Jacarei,JAC_L2,12,-999999.6759561502,false,lata
135,Guarana_Antarctica_Zero,Jacarei,JAC_L2,13,-0.0,false,lata
135,Guarana_Antarctica_Zero,Jacarei,JAC_L2,14,-0.0,false,lata
135,Guarana_Antarctica_Zero,Jacarei,JAC_L2,15,-0.0,false,lata
135,Guarana_Antarctica_Zero,Jacarei,JAC_L3,1,-0.0,false,lata
135,Guarana_Antarctica_Zero,Jacarei,JAC_L3,2,-0.0,false,lata
135,Guarana_Antarctica_Zero,Jacarei,JAC_L3,3,-0.0,false,lata
135,Guarana_Antarctica_Zero,Jacarei,JAC_L3,4,-0.0,false,lata
135,Guarana_Antarctica_Zero,Jacarei,JAC_L3,5,-0.0,false,lata
135,Guarana_Antarctica_Zero,Jacarei,JAC_L3,6,-999999.687389,false,lata
135,Guarana_Antarctica_Zero,Jacarei,JAC_L3,7,-0.0,false,lata
135,Guarana_Antarctica_Zero,Jacarei,JAC_L3,8,-999999.8773748002,false,lata
135,Guarana_Antarctica_Zero,Jacarei,JAC_L3,9,-0.0,false,lata
135,Guarana_Antarctica_Zero,Jacarei,JAC_L3,10,-0.0,false,lata
135,Guarana_Antarctica_Zero,Jacarei,JAC_L3,11,-0.0,false,lata
135,Guarana_Antarctica_Zero,Jacarei,JAC_L3,12,-0.0,false,lata
135,Guarana_Antarctica_Zero,Jacarei,JAC_L3,13,-0.0,false,lata
135,Guarana_Antarctica_Zero,Jacarei,JAC_L3,14,-0.0,false,lata
135,Guarana_Antarctica_Zero,Jacarei,JAC_L3,15,-0.0,false,lata
135,Guarana_Antarctica_Zero,Extrema,EXT_L1,1,-0.0,false,lata
135,Guarana_Antarctica_Zero,Extrema,EXT_L1,2,-0.0,false,lata
135,Guarana_Antarctica_Zero,Extrema,EXT_L1,3,-0.0,false,lata
135,Guarana_Antarctica_Zero,Extrema,EXT_L1,4,-0.0,false,lata
135,Guarana_Antarctica_Zero,Extrema,EXT_L1,5,-0.0,false,lata
135,Guarana_Antarctica_Zero,Extrema,EXT_L1,6,-0.0,false,lata
135,Guarana_Antarctica_Zero,Extrema,EXT_L1,7,-0.0,false,lata
135,Guarana_Antarctica_Zero,Extrema,EXT_L1,8,-0.0,false,lata
135,Guarana_Antarctica_Zero,Extrema,EXT_L1,9,-0.0,false,lata
135,Guarana_Antarctica_Zero,Extrema,EXT_L1,10,-0.0,false,lata
135,Guarana_Antarctica_Zero,Extrema,EXT_L1,11,-999999.3811703002,false,lata
135,Guarana_Antarctica_Zero,Extrema,EXT_L1,12,-0.0,false,lata
135,Guarana_Antarctica_Zero,Extrema,EXT_L1,13,-999999.9283945,false,lata
135,Guarana_Antarctica_Zero,Extrema,EXT_L1,14,-0.0,false,lata
135,Guarana_Antarctica_Zero,Extrema,EXT_L1,15,-0.0,false,lata
135,Guarana_Antarctica_Zero,Extrema,EXT_L2,1,-0.0,false,lata
135,Guarana_Antarctica_Zero,Extrema,EXT_L2,2,-0.0,false,lata
135,Guarana_Antarctica_Zero,Extrema,EXT_L2,3,-0.0,false,lata
135,Guarana_Antarctica_Zero,Extrema,EXT_L2,4,-0.0,false,lata
135,Guarana_Antarctica_Zero,Extrema,EXT_L2,5,-0.0,false,lata
135,Guarana_Antarctica_Zero,Extrema,EXT_L2,6,-0.0,false,lata
135,Guarana_Antarctica_Zero,Extrema,EXT_L2,7,-0.0,false,lata
135,Guarana_Antarctica_Zero,Extrema,EXT_L2,8,-0.0,false,lata
135,Guarana_Antarctica_Zero,Extrema,EXT_L2,9,-0.0,false,lata
135,Guarana_Antarctica_Zero,Extrema,EXT_L2,10,-0.0,false,lata
135,Guarana_Antarctica_Zero,Extrema,EXT_L2,11,-0.0,false,lata
135,Guarana_Antarctica_Zero,Extrema,EXT_L2,12,-0.0,false,lata
135,Guarana_Antarctica_Zero,Extrema,EXT_L2,13,-0.0,false,lata
135,Guarana_Antarctica_Zero,Extrema,EXT_L2,14,-0.0,false,lata
135,Guarana_Antarctica_Zero,Extrema,EXT_L2,15,-999999.1816208502,false,lata
135,Guarana_Antarctica_Zero,Extrema,EXT_L3,1,-0.0,false,lata
135,Guarana_Antarctica_Zero,Extrema,EXT_L3,2,-0.0,false,lata
135,Guarana_Antarctica_Zero,Extrema,EXT_L3,3,-0.0,false,lata
135,Guarana_Antarctica_Zero,Extrema,EXT_L3,4,-999999.5359532001,false,lata
135,Guarana_Antarctica_Zero,Extrema,EXT_L3,5,-0.0,false,lata
135,Guarana_Antarctica_Zero,Extrema,EXT_L3,6,-0.0,false,lata
135,Guarana_Antarctica_Zero,Extrema,EXT_L3,7,-0.0,false,lata
135,Guarana_Antarctica_Zero,Extrema,EXT_L3,8,-0.0,false,lata
135,Guarana_Antarctica_Zero,Extrema,EXT_L3,9,-0.0,false,lata
135,Guarana_Antarctica_Zero,Extrema,EXT_L3,10,-0.0,false,lata
135,Guarana_Antarctica_Zero,Extrema,EXT_L3,11,-0.0,false,lata
135,Guarana_Antarctica_Zero,Extrema,EXT_L3,12,-0.0,false,lata
135,Guarana_Antarctica_Zero,Extrema,EXT_L3,13,-0.0,false,lata
135,Guarana_Antarctica_Zero,Extrema,EXT_L3,14,-0.0,false,lata
135,Guarana_Antarctica_Zero,Extrema,EXT_L3,15,-0.0,false,lata
135,Guarana_Antarctica_Zero,Tres Rios,TRE_L1,1,-0.0,false,lata
135,Guarana_Antarctica_Zero,Tres Rios,TRE_L1,2,-0.0,false,lata
135,Guarana_Antarctica_Zero,Tres Rios,TRE_L1,3,-0.0,false,lata
135,Guarana_Antarctica_Zero,Tres Rios,TRE_L1,4,-0.0,false,lata
135,Guarana_Antarctica_Zero,Tres Rios,TRE_L1,5,-0.0,false,lata
135,Guarana_Antarctica_Zero,Tres Rios,TRE_L1,6,-999999.7,false,lata
135,Guarana_Antarctica_Zero,Tres Rios,TRE_L1,7,-0.0,false,lata
135,Guarana_Antarctica_Zero,Tres Rios,TRE_L1,8,-0.0,false,lata
135,Guarana_Antarctica_Zero,Tres Rios,TRE_L1,9,-0.0,false,lata
135,Guarana_Antarctica_Zero,Tres Rios,TRE_L1,10,-0.0,false,lata
135,Guarana_Antarctica_Zero,Tres Rios,TRE_L1,11,-0.0,false,lata
135,Guarana_Antarctica_Zero,Tres Rios,TRE_L1,12,-999999.6871493001,false,lata
135,Guarana_Antarctica_Zero,Tres Rios,TRE_L1,13,-0.0,false,lata
135,Guarana_Antarctica_Zero,Tres Rios,TRE_L1,14,-999999.7126075501,false,lata
135,Guarana_Antarctica_Zero,Tres Rios,TRE_L1,15,-0.0,false,lata
135,Guarana_Antarctica_Zero,Tres Rios,TRE_L2,1,-0.0,false,lata
135,Guarana_Antarctica_Zero,Tres Rios,TRE_L2,2,-0.0,false,lata
135,Guarana_Antarctica_Zero,Tres Rios,TRE_L2,3,-0.0,false,lata
135,Guarana_Antarctica_Zero,Tres Rios,TRE_L2,4,-0.0,false,lata
135,Guarana_Antarctica_Zero,Tres Rios,TRE_L2,5,-0.0,false,lata
135,Guarana_Antarctica_Zero,Tres Rios,TRE_L2,6,-0.0,false,lata
135,Guarana_Antarctica_Zero,Tres Rios,TRE_L2,7,-0.0,false,lata
135,Guarana_Antarctica_Zero,Tres Rios,TRE_L2,8,-999999.8877222001,false,lata
135,Guarana_Antarctica_Zero,Tres Rios,TRE_L2,9,-999999.5582755498,false,lata
135,Guarana_Antarctica_Zero,Tres Rios,TRE_L2,10,-999999.7071492999,false,lata
135,Guarana_Antarctica_Zero,Tres Rios,TRE_L2,11,-0.0,false,lata
135,Guarana_Antarctica_Zero,Tres Rios,TRE_L2,12,-0.0,false,lata
135,Guarana_Antarctica_Zero,Tres Rios,TRE_L2,13,-0.0,false,lata
135,Guarana_Antarctica_Zero,Tres Rios,TRE_L2,14,-0.0,false,lata
135,Guarana_Antarctica_Zero,Tres Rios,TRE_L2,15,-0.0,false,lata
135,Guarana_Antarctica_Zero,Tres Rios,TRE_L3,1,-0.0,false,lata
135,Guarana_Antarctica_Zero,Tres Rios,TRE_L3,2,-0.0,false,lata
135,Guarana_Antarctica_Zero,Tres Rios,TRE_L3,3,-0.0,false,lata
135,Guarana_Antarctica_Zero,Tres Rios,TRE_L3,4,-0.0,false,lata
135,Guarana_Antarctica_Zero,Tres Rios,TRE_L3,5,-0.0,false,lata
135,Guarana_Antarctica_Zero,Tres Rios,TRE_L3,6,-0.0,false,lata
135,Guarana_Antarctica_Zero,Tres Rios,TRE_L3,7,-0.0,false,lata
135,Guarana_Antarctica_Zero,Tres Rios,TRE_L3,8,-0.0,false,lata
135,Guarana_Antarctica_Zero,Tres Rios,TRE_L3,9,-0.0,false,lata
135,Guarana_Antarctica_Zero,Tres Rios,TRE_L3,10,-0.0,false,lata
135,Guarana_Antarctica_Zero,Tres Rios,TRE_L3,11,-0.0,false,lata
135,Guarana_Antarctica_Zero,Tres Rios,TRE_L3,12,-0.0,false,lata
135,Guarana_Antarctica_Zero,Tres Rios,TRE_L3,13,-0.0,false,lata
135,Guarana_Antarctica_Zero,Tres Rios,TRE_L3,14,-0.0,false,lata
135,Guarana_Antarctica_Zero,Tres Rios,TRE_L3,15,-0.0,false,lata
135,Guarana_Antarctica_Zero,Alagoinhas,ALA_L1,1,-0.0,false,lata
135,Guarana_Antarctica_Zero,Alagoinhas,ALA_L1,2,-0.0,false,lata
135,Guarana_Antarctica_Zero,Alagoinhas,ALA_L1,3,-0.0,false,lata
135,Guarana_Antarctica_Zero,Alagoinhas,ALA_L1,4,-0.0,false,lata
135,Guarana_Antarctica_Zero,Alagoinhas,ALA_L1,5,-0.0,false,lata
135,Guarana_Antarctica_Zero,Alagoinhas,ALA_L1,6,-0.0,false,lata
135,Guarana_Antarctica_Zero,Alagoinhas,ALA_L1,7,-0.0,false,lata
135,Guarana_Antarctica_Zero,Alagoinhas,ALA_L1,8,-0.0,false,lata
135,Guarana_Antarctica_Zero,Alagoinhas,ALA_L1,9,-0.0,false,lata
135,Guarana_Antarctica_Zero,Alagoinhas,ALA_L1,10,-0.0,false,lata
135,Guarana_Antarctica_Zero,Alagoinhas,ALA_L1,11,-0.0,false,lata
135,Guarana_Antarctica_Zero,Alagoinhas,ALA_L1,12,-0.0,false,lata
135,Guarana_Antarctica_Zero,Alagoinhas,ALA_L1,13,-0.0,false,lata
135,Guarana_Antarctica_Zero,Alagoinhas,ALA_L1,14,-0.0,false,lata
135,Guarana_Antarctica_Zero,Alagoinhas,ALA_L1,15,-0.0,false,lata
135,Guarana_Antarctica_Zero,Alagoinhas,ALA_L2,1,-0.0,false,lata
135,Guarana_Antarctica_Zero,Alagoinhas,ALA_L2,2,-0.0,false,lata
135,Guarana_Antarctica_Zero,Alagoinhas,ALA_L2,3,-0.0,false,lata
135,Guarana_Antarctica_Zero,Alagoinhas,ALA_L2,4,-0.0,false,lata
135,Guarana_Antarctica_Zero,Alagoinhas,ALA_L2,5,-0.0,false,lata
135,Guarana_Antarctica_Zero,Alagoinhas,ALA_L2,6,-0.0,false,lata
135,Guarana_Antarctica_Zero,Alagoinhas,ALA_L2,7,-0.0,false,lata
135,Guarana_Antarctica_Zero,Alagoinhas,ALA_L2,8,-0.0,false,lata
135,Guarana_Antarctica_Zero,Alagoinhas,ALA_L2,9,-0.0,false,lata
135,Guarana_Antarctica_Zero,Alagoinhas,ALA_L2,10,-0.0,false,lata
135,Guarana_Antarctica_Zero,Alagoinhas,ALA_L2,11,-0.0,false,lata
135,Guarana_Antarctica_Zero,Alagoinhas,ALA_L2,12,-0.0,false,lata
135,Guarana_Antarctica_Zero,Alagoinhas,ALA_L2,13,-0.0,false,lata
135,Guarana_Antarctica_Zero,Alagoinhas,ALA_L2,14,-0.0,false,lata
135,Guarana_Antarctica_Zero,Alagoinhas,ALA_L2,15,-0.0,false,lata
135,Guarana_Antarctica_Zero,Alagoinhas,ALA_L3,1,-0.0,false,lata
135,Guarana_Antarctica_Zero,Alagoinhas,ALA_L3,2,-0.0,false,lata
135,Guarana_Antarctica_Zero,Alagoinhas,ALA_L3,3,-0.0,false,lata
135,Guarana_Antarctica_Zero,Alagoinhas,ALA_L3,4,-0.0,false,lata
135,Guarana_Antarctica_Zero,Alagoinhas,ALA_L3,5,-0.0,false,lata
135,Guarana_Antarctica_Zero,Alagoinhas,ALA_L3,6,-0.0,false,lata
135,Guarana_Antarctica_Zero,Alagoinhas,ALA_L3,7,-0.0,false,lata
135,Guarana_Antarctica_Zero,Alagoinhas,ALA_L3,8,-0.0,false,lata
135,Guarana_Antarctica_Zero,Alagoinhas,ALA_L3,9,-0.0,false,lata
135,Guarana_Antarctica_Zero,Alagoinhas,ALA_L3,10,-0.0,false,lata
135,Guarana_Antarctica_Zero,Alagoinhas,ALA_L3,11,-0.0,false,lata
135,Guarana_Antarctica_Zero,Alagoinhas,ALA_L3,12,-0.0,false,lata
135,Guarana_Antarctica_Zero,Alagoinhas,ALA_L3,13,-0.0,false,lata
135,Guarana_Antarctica_Zero,Alagoinhas,ALA_L3,14,-0.0,false,lata
135,Guarana_Antarctica_Zero,Alagoinhas,ALA_L3,15,-0.0,false,lata
135,Guarana_Antarctica_Zero,Frutal,FRU_L1,1,-999999.6309738001,false,lata
135,Guarana_Antarctica_Zero,Frutal,FRU_L1,2,-0.0,false,lata
135,Guarana_Antarctica_Zero,Frutal,FRU_L1,3,-0.0,false,lata
135,Guarana_Antarctica_Zero,Frutal,FRU_L1,4,-0.0,false,lata
135,Guarana_Antarctica_Zero,Frutal,FRU_L1,5,-0.0,false,lata
135,Guarana_Antarctica_Zero,Frutal,FRU_L1,6,-0.0,false,lata
135,Guarana_Antarctica_Zero,Frutal,FRU_L1,7,-0.0,false,lata
135,Guarana_Antarctica_Zero,Frutal,FRU_L1,8,-0.0,false,lata
135,Guarana_Antarctica_Zero,Frutal,FRU_L1,9,-0.0,false,lata
135,Guarana_Antarctica_Zero,Frutal,FRU_L1,10,-0.0,false,lata
135,Guarana_Antarctica_Zero,Frutal,FRU_L1,11,-0.0,false,lata
135,Guarana_Antarctica_Zero,Frutal,FRU_L1,12,-0.0,false,lata
135,Guarana_Antarctica_Zero,Frutal,FRU_L1,13,-999999.9415411501,false,lata
135,Guarana_Antarctica_Zero,Frutal,FRU_L1,14,-0.0,false,lata
135,Guarana_Antarctica_Zero,Frutal,FRU_L1,15,-0.0,false,lata
135,Guarana_Antarctica_Zero,Frutal,FRU_L2,1,-999999.6309738001,false,lata
135,Guarana_Antarctica_Zero,Frutal,FRU_L2,2,-0.0,false,lata
135,Guarana_Antarctica_Zero,Frutal,FRU_L2,3,-0.0,false,lata
135,Guarana_Antarctica_Zero,Frutal,FRU_L2,4,-0.0,false,lata
135,Guarana_Antarctica_Zero,Frutal,FRU_L2,5,-0.0,false,lata
135,Guarana_Antarctica_Zero,Frutal,FRU_L2,6,-0.0,false,lata
135,Guarana_Antarctica_Zero,Frutal,FRU_L2,7,-0.0,false,lata
135,Guarana_Antarctica_Zero,Frutal,FRU_L2,8,-0.0,false,lata
135,Guarana_Antarctica_Zero,Frutal,FRU_L2,9,-0.0,false,lata
135,Guarana_Antarctica_Zero,Frutal,FRU_L2,10,-0.0,false,lata
135,Guarana_Antarctica_Zero,Frutal,FRU_L2,11,-0.0,false,lata
135,Guarana_Antarctica_Zero,Frutal,FRU_L2,12,-0.0,false,lata
135,Guarana_Antarctica_Zero,Frutal,FRU_L2,13,-0.0,false,lata
135,Guarana_Antarctica_Zero,Frutal,FRU_L2,14,-0.0,false,lata
135,Guarana_Antarctica_Zero,Frutal,FRU_L2,15,-0.0,false,lata
135,Guarana_Antarctica_Zero,Frutal,FRU_L3,1,-0.0,false,lata
135,Guarana_Antarctica_Zero,Frutal,FRU_L3,2,-0.0,false,lata
135,Guarana_Antarctica_Zero,Frutal,FRU_L3,3,-0.0,false,lata
135,Guarana_Antarctica_Zero,Frutal,FRU_L3,4,-999999.5485903501,false,lata
135,Guarana_Antarctica_Zero,Frutal,FRU_L3,5,-0.0,false,lata
135,Guarana_Antarctica_Zero,Frutal,FRU_L3,6,-999999.69949185,false,lata
135,Guarana_Antarctica_Zero,Frutal,FRU_L3,7,-0.0,false,lata
135,Guarana_Antarctica_Zero,Frutal,FRU_L3,8,-0.0,false,lata
135,Guarana_Antarctica_Zero,Frutal,FRU_L3,9,-0.0,false,lata
135,Guarana_Antarctica_Zero,Frutal,FRU_L3,10,-0.0,false,lata
135,Guarana_Antarctica_Zero,Frutal,FRU_L3,11,-0.0,false,lata
135,Guarana_Antarctica_Zero,Frutal,FRU_L3,12,-0.0,false,lata
135,Guarana_Antarctica_Zero,Frutal,FRU_L3,13,-0.0,false,lata
135,Guarana_Antarctica_Zero,Frutal,FRU_L3,14,-0.0,false,lata
135,Guarana_Antarctica_Zero,Frutal,FRU_L3,15,-0.0,false,lata
135,Guarana_Antarctica_Zero,Pouso Alegre,POU_L1,1,-0.0,false,lata
135,Guarana_Antarctica_Zero,Pouso Alegre,POU_L1,2,-0.0,false,lata
135,Guarana_Antarctica_Zero,Pouso Alegre,POU_L1,3,-0.0,false,lata
135,Guarana_Antarctica_Zero,Pouso Alegre,POU_L1,4,-0.0,false,lata
135,Guarana_Antarctica_Zero,Pouso Alegre,POU_L1,5,-0.0,false,lata
135,Guarana_Antarctica_Zero,Pouso Alegre,POU_L1,6,-0.0,false,lata
135,Guarana_Antarctica_Zero,Pouso Alegre,POU_L1,7,-0.0,false,lata
135,Guarana_Antarctica_Zero,Pouso Alegre,POU_L1,8,-0.0,false,lata
135,Guarana_Antarctica_Zero,Pouso Alegre,POU_L1,9,-999999.5472071999,false,lata
135,Guarana_Antarctica_Zero,Pouso Alegre,POU_L1,10,-0.0,false,lata
135,Guarana_Antarctica_Zero,Pouso Alegre,POU_L1,11,-999999.3838991002,false,lata
135,Guarana_Antarctica_Zero,Pouso Alegre,POU_L1,12,-0.0,false,lata
135,Guarana_Antarctica_Zero,Pouso Alegre,POU_L1,13,-0.0,false,lata
135,Guarana_Antarctica_Zero,Pouso Alegre,POU_L1,14,-0.0,false,lata
135,Guarana_Antarctica_Zero,Pouso Alegre,POU_L1,15,-0.0,false,lata
135,Guarana_Antarctica_Zero,Pouso Alegre,POU_L2,1,-0.0,false,lata
135,Guarana_Antarctica_Zero,Pouso Alegre,POU_L2,2,-0.0,false,lata
135,Guarana_Antarctica_Zero,Pouso Alegre,POU_L2,3,-999999.2419425001,false,lata
135,Guarana_Antarctica_Zero,Pouso Alegre,POU_L2,4,-0.0,false,lata
135,Guarana_Antarctica_Zero,Pouso Alegre,POU_L2,5,-0.0,false,lata
135,Guarana_Antarctica_Zero,Pouso Alegre,POU_L2,6,-999999.689074,false,lata
135,Guarana_Antarctica_Zero,Pouso Alegre,POU_L2,7,-999999.5853177502,false,lata
135,Guarana_Antarctica_Zero,Pouso Alegre,POU_L2,8,-999999.8776419502,false,lata
135,Guarana_Antarctica_Zero,Pouso Alegre,POU_L2,9,-0.0,false,lata
135,Guarana_Antarctica_Zero,Pouso Alegre,POU_L2,10,-0.0,false,lata
135,Guarana_Antarctica_Zero,Pouso Alegre,POU_L2,11,-0.0,false,lata
135,Guarana_Antarctica_Zero,Pouso Alegre,POU_L2,12,-0.0,false,lata
135,Guarana_Antarctica_Zero,Pouso Alegre,POU_L2,13,-0.0,false,lata
135,Guarana_Antarctica_Zero,Pouso Alegre,POU_L2,14,-0.0,false,lata
135,Guarana_Antarctica_Zero,Pouso Alegre,POU_L2,15,-0.0,false,lata
135,Guarana_Antarctica_Zero,Pouso Alegre,POU_L3,1,-0.0,false,lata
135,Guarana_Antarctica_Zero,Pouso Alegre,POU_L3,2,-0.0,false,lata
135,Guarana_Antarctica_Zero,Pouso Alegre,POU_L3,3,-0.0,false,lata
135,Guarana_Antarctica_Zero,Pouso Alegre,POU_L3,4,-0.0,false,lata
135,Guarana_Antarctica_Zero,Pouso Alegre,POU_L3,5,-0.0,false,lata
135,Guarana_Antarctica_Zero,Pouso Alegre,POU_L3,6,-0.0,false,lata
135,Guarana_Antarctica_Zero,Pouso Alegre,POU_L3,7,-0.0,false,lata
135,Guarana_Antarctica_Zero,Pouso Alegre,POU_L3,8,-0.0,false,lata
135,Guarana_Antarctica_Zero,Pouso Alegre,POU_L3,9,-0.0,false,lata
135,Guarana_Antarctica_Zero,Pouso Alegre,POU_L3,10,-0.0,false,lata
135,Guarana_Antarctica_Zero,Pouso Alegre,POU_L3,11,-0.0,false,lata
135,Guarana_Antarctica_Zero,Pouso Alegre,POU_L3,12,-0.0,false,lata
135,Guarana_Antarctica_Zero,Pouso Alegre,POU_L3,13,-0.0,false,lata
135,Guarana_Antarctica_Zero,Pouso Alegre,POU_L3,14,-0.0,false,lata
135,Guarana_Antarctica_Zero,Pouso Alegre,POU_L3,15,-0.0,false,lata
135,Guarana_Antarctica_Zero,Gama,GAM_L1,1,-0.0,false,lata
135,Guarana_Antarctica_Zero,Gama,GAM_L1,2,-0.0,false,lata
135,Guarana_Antarctica_Zero,Gama,GAM_L1,3,-0.0,false,lata
135,Guarana_Antarctica_Zero,Gama,GAM_L1,4,-0.0,false,lata
135,Guarana_Antarctica_Zero,Gama,GAM_L1,5,-0.0,false,lata
135,Guarana_Antarctica_Zero,Gama,GAM_L1,6,-0.0,false,lata
135,Guarana_Antarctica_Zero,Gama,GAM_L1,7,-0.0,false,lata
135,Guarana_Antarctica_Zero,Gama,GAM_L1,8,-0.0,false,lata
135,Guarana_Antarctica_Zero,Gama,GAM_L1,9,-0.0,false,lata
135,Guarana_Antarctica_Zero,Gama,GAM_L1,10,-0.0,false,lata
135,Guarana_Antarctica_Zero,Gama,GAM_L1,11,-0.0,false,lata
135,Guarana_Antarctica_Zero,Gama,GAM_L1,12,-0.0,false,lata
135,Guarana_Antarctica_Zero,Gama,GAM_L1,13,-0.0,false,lata
135,Guarana_Antarctica_Zero,Gama,GAM_L1,14,-0.0,false,lata
135,Guarana_Antarctica_Zero,Gama,GAM_L1,15,-0.0,false,lata
135,Guarana_Antarctica_Zero,Gama,GAM_L2,1,-0.0,false,lata
135,Guarana_Antarctica_Zero,Gama,GAM_L2,2,-0.0,false,lata
135,Guarana_Antarctica_Zero,Gama,GAM_L2,3,-0.0,false,lata
135,Guarana_Antarctica_Zero,Gama,GAM_L2,4,-999999.5642373001,false,lata
135,Guarana_Antarctica_Zero,Gama,GAM_L2,5,-0.0,false,lata
135,Guarana_Antarctica_Zero,Gama,GAM_L2,6,-0.0,false,lata
135,Guarana_Antarctica_Zero,Gama,GAM_L2,7,-0.0,false,lata
135,Guarana_Antarctica_Zero,Gama,GAM_L2,8,-0.0,false,lata
135,Guarana_Antarctica_Zero,Gama,GAM_L2,9,-0.0,false,lata
135,Guarana_Antarctica_Zero,Gama,GAM_L2,10,-0.0,false,lata
135,Guarana_Antarctica_Zero,Gama,GAM_L2,11,-0.0,false,lata
135,Guarana_Antarctica_Zero,Gama,GAM_L2,12,-0.0,false,lata
135,Guarana_Antarctica_Zero,Gama,GAM_L2,13,-0.0,false,lata
135,Guarana_Antarctica_Zero,Gama,GAM_L2,14,-0.0,false,lata
135,Guarana_Antarctica_Zero,Gama,GAM_L2,15,-0.0,false,lata
135,Guarana_Antarctica_Zero,Gama,GAM_L3,1,-0.0,false,lata
135,Guarana_Antarctica_Zero,Gama,GAM_L3,2,-0.0,false,lata
135,Guarana_Antarctica_Zero,Gama,GAM_L3,3,-0.0,false,lata
135,Guarana_Antarctica_Zero,Gama,GAM_L3,4,-0.0,false,lata
135,Guarana_Antarctica_Zero,Gama,GAM_L3,5,-0.0,false,lata
135,Guarana_Antarctica_Zero,Gama,GAM_L3,6,-0.0,false,lata
135,Guarana_Antarctica_Zero,Gama,GAM_L3,7,-999999.6129839002,false,lata
135,Guarana_Antarctica_Zero,Gama,GAM_L3,8,-0.0,false,lata
135,Guarana_Antarctica_Zero,Gama,GAM_L3,9,-0.0,false,lata
135,Guarana_Antarctica_Zero,Gama,GAM_L3,10,-0.0,false,lata
135,Guarana_Antarctica_Zero,Gama,GAM_L3,11,-0.0,false,lata
135,Guarana_Antarctica_Zero,Gama,GAM_L3,12,-0.0,false,lata
135,Guarana_Antarctica_Zero,Gama,GAM_L3,13,-0.0,false,lata
135,Guarana_Antarctica_Zero,Gama,GAM_L3,14,-0.0,false,lata
135,Guarana_Antarctica_Zero,Gama,GAM_L3,15,-0.0,false,lata
135,Guarana_Antarctica_Zero,Viamao,VIA_L1,1,-0.0,false,lata
135,Guarana_Antarctica_Zero,Viamao,VIA_L1,2,-0.0,false,lata
135,Guarana_Antarctica_Zero,Viamao,VIA_L1,3,-0.0,false,lata
135,Guarana_Antarctica_Zero,Viamao,VIA_L1,4,-0.0,false,lata
135,Guarana_Antarctica_Zero,Viamao,VIA_L1,5,-0.0,false,lata
135,Guarana_Antarctica_Zero,Viamao,VIA_L1,6,-0.0,false,lata
135,Guarana_Antarctica_Zero,Viamao,VIA_L1,7,-0.0,false,lata
135,Guarana_Antarctica_Zero,Viamao,VIA_L1,8,-0.0,false,lata
135,Guarana_Antarctica_Zero,Viamao,VIA_L1,9,-0.0,false,lata
135,Guarana_Antarctica_Zero,Viamao,VIA_L1,10,-0.0,false,lata
135,Guarana_Antarctica_Zero,Viamao,VIA_L1,11,-0.0,false,lata
135,Guarana_Antarctica_Zero,Viamao,VIA_L1,12,-0.0,false,lata
135,Guarana_Antarctica_Zero,Viamao,VIA_L1,13,-0.0,false,lata
135,Guarana_Antarctica_Zero,Viamao,VIA_L1,14,-0.0,false,lata
135,Guarana_Antarctica_Zero,Viamao,VIA_L1,15,-0.0,false,lata
135,Guarana_Antarctica_Zero,Viamao,VIA_L2,1,-0.0,false,lata
135,Guarana_Antarctica_Zero,Viamao,VIA_L2,2,-0.0,false,lata
135,Guarana_Antarctica_Zero,Viamao,VIA_L2,3,-999999.2737586001,false,lata
135,Guarana_Antarctica_Zero,Viamao,VIA_L2,4,-0.0,false,lata
135,Guarana_Antarctica_Zero,Viamao,VIA_L2,5,-0.0,false,lata
135,Guarana_Antarctica_Zero,Viamao,VIA_L2,6,-0.0,false,lata
135,Guarana_Antarctica_Zero,Viamao,VIA_L2,7,-0.0,false,lata
135,Guarana_Antarctica_Zero,Viamao,VIA_L2,8,-0.0,false,lata
135,Guarana_Antarctica_Zero,Viamao,VIA_L2,9,-0.0,false,lata
135,Guarana_Antarctica_Zero,Viamao,VIA_L2,10,-0.0,false,lata
135,Guarana_Antarctica_Zero,Viamao,VIA_L2,11,-0.0,false,lata
135,Guarana_Antarctica_Zero,Viamao,VIA_L2,12,-0.0,false,lata
135,Guarana_Antarctica_Zero,Viamao,VIA_L2,13,-0.0,false,lata
135,Guarana_Antarctica_Zero,Viamao,VIA_L2,14,-0.0,false,lata
135,Guarana_Antarctica_Zero,Viamao,VIA_L2,15,-0.0,false,lata
135,Guarana_Antarctica_Zero,Viamao,VIA_L3,1,-0.0,false,lata
135,Guarana_Antarctica_Zero,Viamao,VIA_L3,2,-0.0,false,lata
135,Guarana_Antarctica_Zero,Viamao,VIA_L3,3,-0.0,false,lata
135,Guarana_Antarctica_Zero,Viamao,VIA_L3,4,-0.0,false,lata
135,Guarana_Antarctica_Zero,Viamao,VIA_L3,5,-0.0,false,lata
135,Guarana_Antarctica_Zero,Viamao,VIA_L3,6,-0.0,false,lata
135,Guarana_Antarctica_Zero,Viamao,VIA_L3,7,-0.0,false,lata
135,Guarana_Antarctica_Zero,Viamao,VIA_L3,8,-0.0,false,lata
135,Guarana_Antarctica_Zero,Viamao,VIA_L3,9,-0.0,false,lata
135,Guarana_Antarctica_Zero,Viamao,VIA_L3,10,-0.0,false,lata
135,Guarana_Antarctica_Zero,Viamao,VIA_L3,11,-0.0,false,lata
135,Guarana_Antarctica_Zero,Viamao,VIA_L3,12,-0.0,false,lata
135,Guarana_Antarctica_Zero,Viamao,VIA_L3,13,-0.0,false,lata
135,Guarana_Antarctica_Zero,Viamao,VIA_L3,14,-0.0,false,lata
135,Guarana_Antarctica_Zero,Viamao,VIA_L3,15,-0.0,false,lata
135,Guarana_Antarctica_Zero,Itupeva,ITU_L1,1,-0.0,false,lata
135,Guarana_Antarctica_Zero,Itupeva,ITU_L1,2,-0.0,false,lata
135,Guarana_Antarctica_Zero,Itupeva,ITU_L1,3,-0.0,false,lata
135,Guarana_Antarctica_Zero,Itupeva,ITU_L1,4,-0.0,false,lata
135,Guarana_Antarctica_Zero,Itupeva,ITU_L1,5,-0.0,false,lata
135,Guarana_Antarctica_Zero,Itupeva,ITU_L1,6,-0.0,false,lata
135,Guarana_Antarctica_Zero,Itupeva,ITU_L1,7,-0.0,false,lata
135,Guarana_Antarctica_Zero,Itupeva,ITU_L1,8,-0.0,false,lata
135,Guarana_Antarctica_Zero,Itupeva,ITU_L1,9,-0.0,false,lata
135,Guarana_Antarctica_Zero,Itupeva,ITU_L1,10,-0.0,false,lata
135,Guarana_Antarctica_Zero,Itupeva,ITU_L1,11,-0.0,false,lata
135,Guarana_Antarctica_Zero,Itupeva,ITU_L1,12,-0.0,false,lata
135,Guarana_Antarctica_Zero,Itupeva,ITU_L1,13,-999999.9246436501,false,lata
135,Guarana_Antarctica_Zero,Itupeva,ITU_L1,14,-0.0,false,lata
135,Guarana_Antarctica_Zero,Itupeva,ITU_L1,15,-0.0,false,lata
135,Guarana_Antarctica_Zero,Itupeva,ITU_L2,1,-999999.6140763001,false,lata
135,Guarana_Antarctica_Zero,Itupeva,ITU_L2,2,-0.0,false,lata
135,Guarana_Antarctica_Zero,Itupeva,ITU_L2,3,-0.0,false,lata
135,Guarana_Antarctica_Zero,Itupeva,ITU_L2,4,-0.0,false,lata
135,Guarana_Antarctica_Zero,Itupeva,ITU_L2,5,-0.0,false,lata
135,Guarana_Antarctica_Zero,Itupeva,ITU_L2,6,-0.0,false,lata
135,Guarana_Antarctica_Zero,Itupeva,ITU_L2,7,-0.0,false,lata
135,Guarana_Antarctica_Zero,Itupeva,ITU_L2,8,-0.0,false,lata
135,Guarana_Antarctica_Zero,Itupeva,ITU_L2,9,-0.0,false,lata
135,Guarana_Antarctica_Zero,Itupeva,ITU_L2,10,-0.0,false,lata
135,Guarana_Antarctica_Zero,Itupeva,ITU_L2,11,-0.0,false,lata
135,Guarana_Antarctica_Zero,Itupeva,ITU_L2,12,-0.0,false,lata
135,Guarana_Antarctica_Zero,Itupeva,ITU_L2,13,-0.0,false,lata
135,Guarana_Antarctica_Zero,Itupeva,ITU_L2,14,-999999.6950595501,false,lata
135,Guarana_Antarctica_Zero,Itupeva,ITU_L2,15,-0.0,false,lata
135,Guarana_Antarctica_Zero,Itupeva,ITU_L3,1,-0.0,false,lata
135,Guarana_Antarctica_Zero,Itupeva,ITU_L3,2,-0.0,false,lata
135,Guarana_Antarctica_Zero,Itupeva,ITU_L3,3,-0.0,false,lata
135,Guarana_Antarctica_Zero,Itupeva,ITU_L3,4,-0.0,false,lata
135,Guarana_Antarctica_Zero,Itupeva,ITU_L3,5,-0.0,false,lata
135,Guarana_Antarctica_Zero,Itupeva,ITU_L3,6,-0.0,false,lata
135,Guarana_Antarctica_Zero,Itupeva,ITU_L3,7,-0.0,false,lata
135,Guarana_Antarctica_Zero,Itupeva,ITU_L3,8,-0.0,false,lata
135,Guarana_Antarctica_Zero,Itupeva,ITU_L3,9,-0.0,false,lata
135,Guarana_Antarctica_Zero,Itupeva,ITU_L3,10,-0.0,false,lata
135,Guarana_Antarctica_Zero,Itupeva,ITU_L3,11,-0.0,false,lata
135,Guarana_Antarctica_Zero,Itupeva,ITU_L3,12,-0.0,false,lata
135,Guarana_Antarctica_Zero,Itupeva,ITU_L3,13,-0.0,false,lata
135,Guarana_Antarctica_Zero,Itupeva,ITU_L3,14,-0.0,false,lata
135,Guarana_Antarctica_Zero,Itupeva,ITU_L3,15,-0.0,false,lata
135,Guarana_Antarctica_Zero,Cabo de Santo Agostinho,CAB_L1,1,-0.0,false,lata
135,Guarana_Antarctica_Zero,Cabo de Santo Agostinho,CAB_L1,2,-0.0,false,lata
135,Guarana_Antarctica_Zero,Cabo de Santo Agostinho,CAB_L1,3,-0.0,false,lata
135,Guarana_Antarctica_Zero,Cabo de Santo Agostinho,CAB_L1,4,-0.0,false,lata
135,Guarana_Antarctica_Zero,Cabo de Santo Agostinho,CAB_L1,5,-0.0,false,lata
135,Guarana_Antarctica_Zero,Cabo de Santo Agostinho,CAB_L1,6,-0.0,false,lata
135,Guarana_Antarctica_Zero,Cabo de Santo Agostinho,CAB_L1,7,-0.0,false,lata
135,Guarana_Antarctica_Zero,Cabo de Santo Agostinho,CAB_L1,8,-0.0,false,lata
135,Guarana_Antarctica_Zero,Cabo de Santo Agostinho,CAB_L1,9,-0.0,false,lata
135,Guarana_Antarctica_Zero,Cabo de Santo Agostinho,CAB_L1,10,-999999.7775818498,false,lata
135,Guarana_Antarctica_Zero,Cabo de Santo Agostinho,CAB_L1,11,-0.0,false,lata
135,Guarana_Antarctica_Zero,Cabo de Santo Agostinho,CAB_L1,12,-0.0,false,lata
135,Guarana_Antarctica_Zero,Cabo de Santo Agostinho,CAB_L1,13,-0.0,false,lata
135,Guarana_Antarctica_Zero,Cabo de Santo Agostinho,CAB_L1,14,-0.0,false,lata
135,Guarana_Antarctica_Zero,Cabo de Santo Agostinho,CAB_L1,15,-0.0,false,lata
135,Guarana_Antarctica_Zero,Cabo de Santo Agostinho,CAB_L2,1,-0.0,false,lata
135,Guarana_Antarctica_Zero,Cabo de Santo Agostinho,CAB_L2,2,-0.0,false,lata
135,Guarana_Antarctica_Zero,Cabo de Santo Agostinho,CAB_L2,3,-0.0,false,lata
135,Guarana_Antarctica_Zero,Cabo de Santo Agostinho,CAB_L2,4,-0.0,false,lata
135,Guarana_Antarctica_Zero,Cabo de Santo Agostinho,CAB_L2,5,-0.0,false,lata
135,Guarana_Antarctica_Zero,Cabo de Santo Agostinho,CAB_L2,6,-0.0,false,lata
135,Guarana_Antarctica_Zero,Cabo de Santo Agostinho,CAB_L2,7,-0.0,false,lata
135,Guarana_Antarctica_Zero,Cabo de Santo Agostinho,CAB_L2,8,-0.0,false,lata
135,Guarana_Antarctica_Zero,Cabo de Santo Agostinho,CAB_L2,9,-0.0,false,lata
135,Guarana_Antarctica_Zero,Cabo de Santo Agostinho,CAB_L2,10,-0.0,false,lata
135,Guarana_Antarctica_Zero,Cabo de Santo Agostinho,CAB_L2,11,-0.0,false,lata
135,Guarana_Antarctica_Zero,Cabo de Santo Agostinho,CAB_L2,12,-0.0,false,lata
135,Guarana_Antarctica_Zero,Cabo de Santo Agostinho,CAB_L2,13,-0.0,false,lata
135,Guarana_Antarctica_Zero,Cabo de Santo Agostinho,CAB_L2,14,-0.0,false,lata
135,Guarana_Antarctica_Zero,Cabo de Santo Agostinho,CAB_L2,15,-0.0,false,lata
135,Guarana_Antarctica_Zero,Cabo de Santo Agostinho,CAB_L3,1,-999999.6963159001,false,lata
135,Guarana_Antarctica_Zero,Cabo de Santo Agostinho,CAB_L3,2,-0.0,false,lata
135,Guarana_Antarctica_Zero,Cabo de Santo Agostinho,CAB_L3,3,-0.0,false,lata
135,Guarana_Antarctica_Zero,Cabo de Santo Agostinho,CAB_L3,4,-0.0,false,lata
135,Guarana_Antarctica_Zero,Cabo de Santo Agostinho,CAB_L3,5,-0.0,false,lata
135,Guarana_Antarctica_Zero,Cabo de Santo Agostinho,CAB_L3,6,-0.0,false,lata
135,Guarana_Antarctica_Zero,Cabo de Santo Agostinho,CAB_L3,7,-0.0,false,lata
135,Guarana_Antarctica_Zero,Cabo de Santo Agostinho,CAB_L3,8,-0.0,false,lata
135,Guarana_Antarctica_Zero,Cabo de Santo Agostinho,CAB_L3,9,-0.0,false,lata
135,Guarana_Antarctica_Zero,Cabo de Santo Agostinho,CAB_L3,10,-0.0,false,lata
135,Guarana_Antarctica_Zero,Cabo de Santo Agostinho,CAB_L3,11,-0.0,false,lata
135,Guarana_Antarctica_Zero,Cabo de Santo Agostinho,CAB_L3,12,-0.0,false,lata
135,Guarana_Antarctica_Zero,Cabo de Santo Agostinho,CAB_L3,13,-0.0,false,lata
135,Guarana_Antarctica_Zero,Cabo de Santo Agostinho,CAB_L3,14,-0.0,false,lata
135,Guarana_Antarctica_Zero,Cabo de Santo Agostinho,CAB_L3,15,-0.0,false,lata
135,Coca_Cola_Zero,Jacarei,JAC_L1,1,-0.0,false,lata
135,Coca_Cola_Zero,Jacarei,JAC_L1,2,-0.0,false,lata
135,Coca_Cola_Zero,Jacarei,JAC_L1,3,-0.0,false,lata
135,Coca_Cola_Zero,Jacarei,JAC_L1,4,-999999.8508454999,false,lata
135,Coca_Cola_Zero,Jacarei,JAC_L1,5,-0.0,false,lata
135,Coca_Cola_Zero,Jacarei,JAC_L1,6,-0.0,false,lata
135,Coca_Cola_Zero,Jacarei,JAC_L1,7,-0.0,false,lata
135,Coca_Cola_Zero,Jacarei,JAC_L1,8,-0.0,false,lata
135,Coca_Cola_Zero,Jacarei,JAC_L1,9,-0.0,false,lata
135,Coca_Cola_Zero,Jacarei,JAC_L1,10,-0.0,false,lata
135,Coca_Cola_Zero,Jacarei,JAC_L1,11,-999999.5599999998,false,lata
135,Coca_Cola_Zero,Jacarei,JAC_L1,12,-0.0,false,lata
135,Coca_Cola_Zero,Jacarei,JAC_L1,13,-0.0,false,lata
135,Coca_Cola_Zero,Jacarei,JAC_L1,14,-0.0,false,lata
135,Coca_Cola_Zero,Jacarei,JAC_L1,15,-0.0,false,lata
135,Coca_Cola_Zero,Jacarei,JAC_L2,1,-0.0,false,lata
135,Coca_Cola_Zero,Jacarei,JAC_L2,2,-0.0,false,lata
135,Coca_Cola_Zero,Jacarei,JAC_L2,3,-0.0,false,lata
135,Coca_Cola_Zero,Jacarei,JAC_L2,4,-0.0,false,lata
135,Coca_Cola_Zero,Jacarei,JAC_L2,5,-0.0,false,lata
135,Coca_Cola_Zero,Jacarei,JAC_L2,6,-0.0,false,lata
135,Coca_Cola_Zero,Jacarei,JAC_L2,7,-0.0,false,lata
135,Coca_Cola_Zero,Jacarei,JAC_L2,8,-0.0,false,lata
135,Coca_Cola_Zero,Jacarei,JAC_L2,9,-0.0,false,lata
135,Coca_Cola_Zero,Jacarei,JAC_L2,10,-0.0,false,lata
135,Coca_Cola_Zero,Jacarei,JAC_L2,11,-0.0,false,lata
135,Coca_Cola_Zero,Jacarei,JAC_L2,12,-0.0,false,lata
135,Coca_Cola_Zero,Jacarei,JAC_L2,13,-0.0,false,lata
135,Coca_Cola_Zero,Jacarei,JAC_L2,14,-0.0,false,lata
135,Coca_Cola_Zero,Jacarei,JAC_L2,15,-0.0,false,lata
135,Coca_Cola_Zero,Jacarei,JAC_L3,1,-0.0,false,lata
135,Coca_Cola_Zero,Jacarei,JAC_L3,2,-0.0,false,lata
135,Coca_Cola_Zero,Jacarei,JAC_L3,3,-0.0,false,lata
135,Coca_Cola_Zero,Jacarei,JAC_L3,4,-0.0,false,lata
135,Coca_Cola_Zero,Jacarei,JAC_L3,5,-999999.98880685,false,lata
135,Coca_Cola_Zero,Jacarei,JAC_L3,6,-0.0,false,lata
135,Coca_Cola_Zero,Jacarei,JAC_L3,7,-0.0,false,lata
135,Coca_Cola_Zero,Jacarei,JAC_L3,8,-0.0,false,lata
135,Coca_Cola_Zero,Jacarei,JAC_L3,9,-0.0,false,lata
135,Coca_Cola_Zero,Jacarei,JAC_L3,10,-0.0,false,lata
135,Coca_Cola_Zero,Jacarei,JAC_L3,11,-0.0,false,lata
135,Coca_Cola_Zero,Jacarei,JAC_L3,12,-999999.5953758502,false,lata
135,Coca_Cola_Zero,Jacarei,JAC_L3,13,-0.0,false,lata
135,Coca_Cola_Zero,Jacarei,JAC_L3,14,-0.0,false,lata
135,Coca_Cola_Zero,Jacarei,JAC_L3,15,-0.0,false,lata
135,Coca_Cola_Zero,Extrema,EXT_L1,1,-1.0e6,true,lata
135,Coca_Cola_Zero,Extrema,EXT_L1,2,-0.0,false,lata
135,Coca_Cola_Zero,Extrema,EXT_L1,3,-0.0,false,lata
135,Coca_Cola_Zero,Extrema,EXT_L1,4,-0.0,false,lata
135,Coca_Cola_Zero,Extrema,EXT_L1,5,-0.0,false,lata
135,Coca_Cola_Zero,Extrema,EXT_L1,6,-0.0,false,lata
135,Coca_Cola_Zero,Extrema,EXT_L1,7,-0.0,false,lata
135,Coca_Cola_Zero,Extrema,EXT_L1,8,-0.0,false,lata
135,Coca_Cola_Zero,Extrema,EXT_L1,9,-0.0,false,lata
135,Coca_Cola_Zero,Extrema,EXT_L1,10,-999999.5653717001,false,lata
135,Coca_Cola_Zero,Extrema,EXT_L1,11,-0.0,false,lata
135,Coca_Cola_Zero,Extrema,EXT_L1,12,-0.0,false,lata
135,Coca_Cola_Zero,Extrema,EXT_L1,13,-0.0,false,lata
135,Coca_Cola_Zero,Extrema,EXT_L1,14,-0.0,false,lata
135,Coca_Cola_Zero,Extrema,EXT_L1,15,-0.0,false,lata
135,Coca_Cola_Zero,Extrema,EXT_L2,1,-0.0,false,lata
135,Coca_Cola_Zero,Extrema,EXT_L2,2,-0.0,false,lata
135,Coca_Cola_Zero,Extrema,EXT_L2,3,-0.0,false,lata
135,Coca_Cola_Zero,Extrema,EXT_L2,4,-999999.8498016999,false,lata
135,Coca_Cola_Zero,Extrema,EXT_L2,5,-0.0,false,lata
135,Coca_Cola_Zero,Extrema,EXT_L2,6,-0.0,false,lata
135,Coca_Cola_Zero,Extrema,EXT_L2,7,-0.0,false,lata
135,Coca_Cola_Zero,Extrema,EXT_L2,8,-0.0,false,lata
135,Coca_Cola_Zero,Extrema,EXT_L2,9,-0.0,false,lata
135,Coca_Cola_Zero,Extrema,EXT_L2,10,-0.0,false,lata
135,Coca_Cola_Zero,Extrema,EXT_L2,11,-0.0,false,lata
135,Coca_Cola_Zero,Extrema,EXT_L2,12,-999999.5926900002,false,lata
135,Coca_Cola_Zero,Extrema,EXT_L2,13,-0.0,false,lata
135,Coca_Cola_Zero,Extrema,EXT_L2,14,-0.0,false,lata
135,Coca_Cola_Zero,Extrema,EXT_L2,15,-0.0,false,lata
135,Coca_Cola_Zero,Extrema,EXT_L3,1,-0.0,false,lata
135,Coca_Cola_Zero,Extrema,EXT_L3,2,-0.0,false,lata
135,Coca_Cola_Zero,Extrema,EXT_L3,3,-0.0,false,lata
135,Coca_Cola_Zero,Extrema,EXT_L3,4,-0.0,false,lata
135,Coca_Cola_Zero,Extrema,EXT_L3,5,-0.0,false,lata
135,Coca_Cola_Zero,Extrema,EXT_L3,6,-0.0,false,lata
135,Coca_Cola_Zero,Extrema,EXT_L3,7,-0.0,false,lata
135,Coca_Cola_Zero,Extrema,EXT_L3,8,-0.0,false,lata
135,Coca_Cola_Zero,Extrema,EXT_L3,9,-0.0,false,lata
135,Coca_Cola_Zero,Extrema,EXT_L3,10,-0.0,false,lata
135,Coca_Cola_Zero,Extrema,EXT_L3,11,-0.0,false,lata
135,Coca_Cola_Zero,Extrema,EXT_L3,12,-0.0,false,lata
135,Coca_Cola_Zero,Extrema,EXT_L3,13,-0.0,false,lata
135,Coca_Cola_Zero,Extrema,EXT_L3,14,-0.0,false,lata
135,Coca_Cola_Zero,Extrema,EXT_L3,15,-0.0,false,lata
135,Coca_Cola_Zero,Tres Rios,TRE_L1,1,-0.0,false,lata
135,Coca_Cola_Zero,Tres Rios,TRE_L1,2,-0.0,false,lata
135,Coca_Cola_Zero,Tres Rios,TRE_L1,3,-0.0,false,lata
135,Coca_Cola_Zero,Tres Rios,TRE_L1,4,-0.0,false,lata
135,Coca_Cola_Zero,Tres Rios,TRE_L1,5,-1.0e6,true,lata
135,Coca_Cola_Zero,Tres Rios,TRE_L1,6,-0.0,false,lata
135,Coca_Cola_Zero,Tres Rios,TRE_L1,7,-0.0,false,lata
135,Coca_Cola_Zero,Tres Rios,TRE_L1,8,-0.0,false,lata
135,Coca_Cola_Zero,Tres Rios,TRE_L1,9,-0.0,false,lata
135,Coca_Cola_Zero,Tres Rios,TRE_L1,10,-0.0,false,lata
135,Coca_Cola_Zero,Tres Rios,TRE_L1,11,-0.0,false,lata
135,Coca_Cola_Zero,Tres Rios,TRE_L1,12,-0.0,false,lata
135,Coca_Cola_Zero,Tres Rios,TRE_L1,13,-0.0,false,lata
135,Coca_Cola_Zero,Tres Rios,TRE_L1,14,-0.0,false,lata
135,Coca_Cola_Zero,Tres Rios,TRE_L1,15,-0.0,false,lata
135,Coca_Cola_Zero,Tres Rios,TRE_L2,1,-0.0,false,lata
135,Coca_Cola_Zero,Tres Rios,TRE_L2,2,-999999.9739923499,false,lata
135,Coca_Cola_Zero,Tres Rios,TRE_L2,3,-0.0,false,lata
135,Coca_Cola_Zero,Tres Rios,TRE_L2,4,-0.0,false,lata
135,Coca_Cola_Zero,Tres Rios,TRE_L2,5,-0.0,false,lata
135,Coca_Cola_Zero,Tres Rios,TRE_L2,6,-0.0,false,lata
135,Coca_Cola_Zero,Tres Rios,TRE_L2,7,-0.0,false,lata
135,Coca_Cola_Zero,Tres Rios,TRE_L2,8,-0.0,false,lata
135,Coca_Cola_Zero,Tres Rios,TRE_L2,9,-0.0,false,lata
135,Coca_Cola_Zero,Tres Rios,TRE_L2,10,-0.0,false,lata
135,Coca_Cola_Zero,Tres Rios,TRE_L2,11,-0.0,false,lata
135,Coca_Cola_Zero,Tres Rios,TRE_L2,12,-0.0,false,lata
135,Coca_Cola_Zero,Tres Rios,TRE_L2,13,-0.0,false,lata
135,Coca_Cola_Zero,Tres Rios,TRE_L2,14,-0.0,false,lata
135,Coca_Cola_Zero,Tres Rios,TRE_L2,15,-0.0,false,lata
135,Coca_Cola_Zero,Tres Rios,TRE_L3,1,-0.0,false,lata
135,Coca_Cola_Zero,Tres Rios,TRE_L3,2,-0.0,false,lata
135,Coca_Cola_Zero,Tres Rios,TRE_L3,3,-0.0,false,lata
135,Coca_Cola_Zero,Tres Rios,TRE_L3,4,-0.0,false,lata
135,Coca_Cola_Zero,Tres Rios,TRE_L3,5,-0.0,false,lata
135,Coca_Cola_Zero,Tres Rios,TRE_L3,6,-0.0,false,lata
135,Coca_Cola_Zero,Tres Rios,TRE_L3,7,-0.0,false,lata
135,Coca_Cola_Zero,Tres Rios,TRE_L3,8,-0.0,false,lata
135,Coca_Cola_Zero,Tres Rios,TRE_L3,9,-999999.8230311999,false,lata
135,Coca_Cola_Zero,Tres Rios,TRE_L3,10,-0.0,false,lata
135,Coca_Cola_Zero,Tres Rios,TRE_L3,11,-0.0,false,lata
135,Coca_Cola_Zero,Tres Rios,TRE_L3,12,-0.0,false,lata
135,Coca_Cola_Zero,Tres Rios,TRE_L3,13,-0.0,false,lata
135,Coca_Cola_Zero,Tres Rios,TRE_L3,14,-0.0,false,lata
135,Coca_Cola_Zero,Tres Rios,TRE_L3,15,-0.0,false,lata
135,Coca_Cola_Zero,Alagoinhas,ALA_L1,1,-0.0,false,lata
135,Coca_Cola_Zero,Alagoinhas,ALA_L1,2,-0.0,false,lata
135,Coca_Cola_Zero,Alagoinhas,ALA_L1,3,-0.0,false,lata
135,Coca_Cola_Zero,Alagoinhas,ALA_L1,4,-0.0,false,lata
135,Coca_Cola_Zero,Alagoinhas,ALA_L1,5,-0.0,false,lata
135,Coca_Cola_Zero,Alagoinhas,ALA_L1,6,-0.0,false,lata
135,Coca_Cola_Zero,Alagoinhas,ALA_L1,7,-0.0,false,lata
135,Coca_Cola_Zero,Alagoinhas,ALA_L1,8,-0.0,false,lata
135,Coca_Cola_Zero,Alagoinhas,ALA_L1,9,-0.0,false,lata
135,Coca_Cola_Zero,Alagoinhas,ALA_L1,10,-0.0,false,lata
135,Coca_Cola_Zero,Alagoinhas,ALA_L1,11,-0.0,false,lata
135,Coca_Cola_Zero,Alagoinhas,ALA_L1,12,-0.0,false,lata
135,Coca_Cola_Zero,Alagoinhas,ALA_L1,13,-0.0,false,lata
135,Coca_Cola_Zero,Alagoinhas,ALA_L1,14,-0.0,false,lata
135,Coca_Cola_Zero,Alagoinhas,ALA_L1,15,-0.0,false,lata
135,Coca_Cola_Zero,Alagoinhas,ALA_L2,1,-0.0,false,lata
135,Coca_Cola_Zero,Alagoinhas,ALA_L2,2,-0.0,false,lata
135,Coca_Cola_Zero,Alagoinhas,ALA_L2,3,-0.0,false,lata
135,Coca_Cola_Zero,Alagoinhas,ALA_L2,4,-999999.9109174499,false,lata
135,Coca_Cola_Zero,Alagoinhas,ALA_L2,5,-0.0,false,lata
135,Coca_Cola_Zero,Alagoinhas,ALA_L2,6,-0.0,false,lata
135,Coca_Cola_Zero,Alagoinhas,ALA_L2,7,-0.0,false,lata
135,Coca_Cola_Zero,Alagoinhas,ALA_L2,8,-999999.5883580999,false,lata
135,Coca_Cola_Zero,Alagoinhas,ALA_L2,9,-0.0,false,lata
135,Coca_Cola_Zero,Alagoinhas,ALA_L2,10,-0.0,false,lata
135,Coca_Cola_Zero,Alagoinhas,ALA_L2,11,-0.0,false,lata
135,Coca_Cola_Zero,Alagoinhas,ALA_L2,12,-0.0,false,lata
135,Coca_Cola_Zero,Alagoinhas,ALA_L2,13,-999999.9436074501,false,lata
135,Coca_Cola_Zero,Alagoinhas,ALA_L2,14,-0.0,false,lata
135,Coca_Cola_Zero,Alagoinhas,ALA_L2,15,-0.0,false,lata
135,Coca_Cola_Zero,Alagoinhas,ALA_L3,1,-0.0,false,lata
135,Coca_Cola_Zero,Alagoinhas,ALA_L3,2,-0.0,false,lata
135,Coca_Cola_Zero,Alagoinhas,ALA_L3,3,-0.0,false,lata
135,Coca_Cola_Zero,Alagoinhas,ALA_L3,4,-0.0,false,lata
135,Coca_Cola_Zero,Alagoinhas,ALA_L3,5,-0.0,false,lata
135,Coca_Cola_Zero,Alagoinhas,ALA_L3,6,-0.0,false,lata
135,Coca_Cola_Zero,Alagoinhas,ALA_L3,7,-0.0,false,lata
135,Coca_Cola_Zero,Alagoinhas,ALA_L3,8,-0.0,false,lata
135,Coca_Cola_Zero,Alagoinhas,ALA_L3,9,-0.0,false,lata
135,Coca_Cola_Zero,Alagoinhas,ALA_L3,10,-0.0,false,lata
135,Coca_Cola_Zero,Alagoinhas,ALA_L3,11,-0.0,false,lata
135,Coca_Cola_Zero,Alagoinhas,ALA_L3,12,-0.0,false,lata
135,Coca_Cola_Zero,Alagoinhas,ALA_L3,13,-0.0,false,lata
135,Coca_Cola_Zero,Alagoinhas,ALA_L3,14,-0.0,false,lata
135,Coca_Cola_Zero,Alagoinhas,ALA_L3,15,-0.0,false,lata
135,Coca_Cola_Zero,Frutal,FRU_L1,1,-0.0,false,lata
135,Coca_Cola_Zero,Frutal,FRU_L1,2,-0.0,false,lata
135,Coca_Cola_Zero,Frutal,FRU_L1,3,-0.0,false,lata
135,Coca_Cola_Zero,Frutal,FRU_L1,4,-0.0,false,lata
135,Coca_Cola_Zero,Frutal,FRU_L1,5,-0.0,false,lata
135,Coca_Cola_Zero,Frutal,FRU_L1,6,-0.0,false,lata
135,Coca_Cola_Zero,Frutal,FRU_L1,7,-0.0,false,lata
135,Coca_Cola_Zero,Frutal,FRU_L1,8,-0.0,false,lata
135,Coca_Cola_Zero,Frutal,FRU_L1,9,-0.0,false,lata
135,Coca_Cola_Zero,Frutal,FRU_L1,10,-0.0,false,lata
135,Coca_Cola_Zero,Frutal,FRU_L1,11,-0.0,false,lata
135,Coca_Cola_Zero,Frutal,FRU_L1,12,-0.0,false,lata
135,Coca_Cola_Zero,Frutal,FRU_L1,13,-0.0,false,lata
135,Coca_Cola_Zero,Frutal,FRU_L1,14,-0.0,false,lata
135,Coca_Cola_Zero,Frutal,FRU_L1,15,-0.0,false,lata
135,Coca_Cola_Zero,Frutal,FRU_L2,1,-0.0,false,lata
135,Coca_Cola_Zero,Frutal,FRU_L2,2,-0.0,false,lata
135,Coca_Cola_Zero,Frutal,FRU_L2,3,-0.0,false,lata
135,Coca_Cola_Zero,Frutal,FRU_L2,4,-0.0,false,lata
135,Coca_Cola_Zero,Frutal,FRU_L2,5,-0.0,false,lata
135,Coca_Cola_Zero,Frutal,FRU_L2,6,-999999.4922177999,false,lata
135,Coca_Cola_Zero,Frutal,FRU_L2,7,-0.0,false,lata
135,Coca_Cola_Zero,Frutal,FRU_L2,8,-0.0,false,lata
135,Coca_Cola_Zero,Frutal,FRU_L2,9,-0.0,false,lata
135,Coca_Cola_Zero,Frutal,FRU_L2,10,-0.0,false,lata
135,Coca_Cola_Zero,Frutal,FRU_L2,11,-0.0,false,lata
135,Coca_Cola_Zero,Frutal,FRU_L2,12,-0.0,false,lata
135,Coca_Cola_Zero,Frutal,FRU_L2,13,-0.0,false,lata
135,Coca_Cola_Zero,Frutal,FRU_L2,14,-0.0,false,lata
135,Coca_Cola_Zero,Frutal,FRU_L2,15,-0.0,false,lata
135,Coca_Cola_Zero,Frutal,FRU_L3,1,-0.0,false,lata
135,Coca_Cola_Zero,Frutal,FRU_L3,2,-0.0,false,lata
135,Coca_Cola_Zero,Frutal,FRU_L3,3,-0.0,false,lata
135,Coca_Cola_Zero,Frutal,FRU_L3,4,-0.0,false,lata
135,Coca_Cola_Zero,Frutal,FRU_L3,5,-0.0,false,lata
135,Coca_Cola_Zero,Frutal,FRU_L3,6,-0.0,false,lata
135,Coca_Cola_Zero,Frutal,FRU_L3,7,-999999.7752598998,false,lata
135,Coca_Cola_Zero,Frutal,FRU_L3,8,-0.0,false,lata
135,Coca_Cola_Zero,Frutal,FRU_L3,9,-0.0,false,lata
135,Coca_Cola_Zero,Frutal,FRU_L3,10,-0.0,false,lata
135,Coca_Cola_Zero,Frutal,FRU_L3,11,-0.0,false,lata
135,Coca_Cola_Zero,Frutal,FRU_L3,12,-999999.6101908502,false,lata
135,Coca_Cola_Zero,Frutal,FRU_L3,13,-0.0,false,lata
135,Coca_Cola_Zero,Frutal,FRU_L3,14,-0.0,false,lata
135,Coca_Cola_Zero,Frutal,FRU_L3,15,-0.0,false,lata
135,Coca_Cola_Zero,Pouso Alegre,POU_L1,1,-0.0,false,lata
135,Coca_Cola_Zero,Pouso Alegre,POU_L1,2,-0.0,false,lata
135,Coca_Cola_Zero,Pouso Alegre,POU_L1,3,-0.0,false,lata
135,Coca_Cola_Zero,Pouso Alegre,POU_L1,4,-0.0,false,lata
135,Coca_Cola_Zero,Pouso Alegre,POU_L1,5,-0.0,false,lata
135,Coca_Cola_Zero,Pouso Alegre,POU_L1,6,-0.0,false,lata
135,Coca_Cola_Zero,Pouso Alegre,POU_L1,7,-0.0,false,lata
135,Coca_Cola_Zero,Pouso Alegre,POU_L1,8,-0.0,false,lata
135,Coca_Cola_Zero,Pouso Alegre,POU_L1,9,-0.0,false,lata
135,Coca_Cola_Zero,Pouso Alegre,POU_L1,10,-0.0,false,lata
135,Coca_Cola_Zero,Pouso Alegre,POU_L1,11,-0.0,false,lata
135,Coca_Cola_Zero,Pouso Alegre,POU_L1,12,-0.0,false,lata
135,Coca_Cola_Zero,Pouso Alegre,POU_L1,13,-0.0,false,lata
135,Coca_Cola_Zero,Pouso Alegre,POU_L1,14,-0.0,false,lata
135,Coca_Cola_Zero,Pouso Alegre,POU_L1,15,-0.0,false,lata
135,Coca_Cola_Zero,Pouso Alegre,POU_L2,1,-0.0,false,lata
135,Coca_Cola_Zero,Pouso Alegre,POU_L2,2,-0.0,false,lata
135,Coca_Cola_Zero,Pouso Alegre,POU_L2,3,-0.0,false,lata
135,Coca_Cola_Zero,Pouso Alegre,POU_L2,4,-0.0,false,lata
135,Coca_Cola_Zero,Pouso Alegre,POU_L2,5,-0.0,false,lata
135,Coca_Cola_Zero,Pouso Alegre,POU_L2,6,-0.0,false,lata
135,Coca_Cola_Zero,Pouso Alegre,POU_L2,7,-0.0,false,lata
135,Coca_Cola_Zero,Pouso Alegre,POU_L2,8,-0.0,false,lata
135,Coca_Cola_Zero,Pouso Alegre,POU_L2,9,-0.0,false,lata
135,Coca_Cola_Zero,Pouso Alegre,POU_L2,10,-0.0,false,lata
135,Coca_Cola_Zero,Pouso Alegre,POU_L2,11,-0.0,false,lata
135,Coca_Cola_Zero,Pouso Alegre,POU_L2,12,-0.0,false,lata
135,Coca_Cola_Zero,Pouso Alegre,POU_L2,13,-0.0,false,lata
135,Coca_Cola_Zero,Pouso Alegre,POU_L2,14,-0.0,false,lata
135,Coca_Cola_Zero,Pouso Alegre,POU_L2,15,-0.0,false,lata
135,Coca_Cola_Zero,Pouso Alegre,POU_L3,1,-1.0e6,true,lata
135,Coca_Cola_Zero,Pouso Alegre,POU_L3,2,-0.0,false,lata
135,Coca_Cola_Zero,Pouso Alegre,POU_L3,3,-0.0,false,lata
135,Coca_Cola_Zero,Pouso Alegre,POU_L3,4,-0.0,false,lata
135,Coca_Cola_Zero,Pouso Alegre,POU_L3,5,-0.0,false,lata
135,Coca_Cola_Zero,Pouso Alegre,POU_L3,6,-0.0,false,lata
135,Coca_Cola_Zero,Pouso Alegre,POU_L3,7,-0.0,false,lata
135,Coca_Cola_Zero,Pouso Alegre,POU_L3,8,-0.0,false,lata
135,Coca_Cola_Zero,Pouso Alegre,POU_L3,9,-0.0,false,lata
135,Coca_Cola_Zero,Pouso Alegre,POU_L3,10,-0.0,false,lata
135,Coca_Cola_Zero,Pouso Alegre,POU_L3,11,-0.0,false,lata
135,Coca_Cola_Zero,Pouso Alegre,POU_L3,12,-0.0,false,lata
135,Coca_Cola_Zero,Pouso Alegre,POU_L3,13,-0.0,false,lata
135,Coca_Cola_Zero,Pouso Alegre,POU_L3,14,-0.0,false,lata
135,Coca_Cola_Zero,Pouso Alegre,POU_L3,15,-0.0,false,lata
135,Coca_Cola_Zero,Gama,GAM_L1,1,-0.0,false,lata
135,Coca_Cola_Zero,Gama,GAM_L1,2,-0.0,false,lata
135,Coca_Cola_Zero,Gama,GAM_L1,3,-0.0,false,lata
135,Coca_Cola_Zero,Gama,GAM_L1,4,-0.0,false,lata
135,Coca_Cola_Zero,Gama,GAM_L1,5,-0.0,false,lata
135,Coca_Cola_Zero,Gama,GAM_L1,6,-0.0,false,lata
135,Coca_Cola_Zero,Gama,GAM_L1,7,-0.0,false,lata
135,Coca_Cola_Zero,Gama,GAM_L1,8,-0.0,false,lata
135,Coca_Cola_Zero,Gama,GAM_L1,9,-999999.8422999999,false,lata
135,Coca_Cola_Zero,Gama,GAM_L1,10,-0.0,false,lata
135,Coca_Cola_Zero,Gama,GAM_L1,11,-0.0,false,lata
135,Coca_Cola_Zero,Gama,GAM_L1,12,-0.0,false,lata
135,Coca_Cola_Zero,Gama,GAM_L1,13,-0.0,false,lata
135,Coca_Cola_Zero,Gama,GAM_L1,14,-0.0,false,lata
135,Coca_Cola_Zero,Gama,GAM_L1,15,-0.0,false,lata
135,Coca_Cola_Zero,Gama,GAM_L2,1,-0.0,false,lata
135,Coca_Cola_Zero,Gama,GAM_L2,2,-0.0,false,lata
135,Coca_Cola_Zero,Gama,GAM_L2,3,-0.0,false,lata
135,Coca_Cola_Zero,Gama,GAM_L2,4,-999999.8699675997,false,lata
135,Coca_Cola_Zero,Gama,GAM_L2,5,-1.0e6,true,lata
135,Coca_Cola_Zero,Gama,GAM_L2,6,-0.0,false,lata
135,Coca_Cola_Zero,Gama,GAM_L2,7,-0.0,false,lata
135,Coca_Cola_Zero,Gama,GAM_L2,8,-0.0,false,lata
135,Coca_Cola_Zero,Gama,GAM_L2,9,-0.0,false,lata
135,Coca_Cola_Zero,Gama,GAM_L2,10,-0.0,false,lata
135,Coca_Cola_Zero,Gama,GAM_L2,11,-0.0,false,lata
135,Coca_Cola_Zero,Gama,GAM_L2,12,-0.0,false,lata
135,Coca_Cola_Zero,Gama,GAM_L2,13,-0.0,false,lata
135,Coca_Cola_Zero,Gama,GAM_L2,14,-0.0,false,lata
135,Coca_Cola_Zero,Gama,GAM_L2,15,-0.0,false,lata
135,Coca_Cola_Zero,Gama,GAM_L3,1,-0.0,false,lata
135,Coca_Cola_Zero,Gama,GAM_L3,2,-0.0,false,lata
135,Coca_Cola_Zero,Gama,GAM_L3,3,-0.0,false,lata
135,Coca_Cola_Zero,Gama,GAM_L3,4,-0.0,false,lata
135,Coca_Cola_Zero,Gama,GAM_L3,5,-0.0,false,lata
135,Coca_Cola_Zero,Gama,GAM_L3,6,-0.0,false,lata
135,Coca_Cola_Zero,Gama,GAM_L3,7,-0.0,false,lata
135,Coca_Cola_Zero,Gama,GAM_L3,8,-0.0,false,lata
135,Coca_Cola_Zero,Gama,GAM_L3,9,-0.0,false,lata
135,Coca_Cola_Zero,Gama,GAM_L3,10,-0.0,false,lata
135,Coca_Cola_Zero,Gama,GAM_L3,11,-0.0,false,lata
135,Coca_Cola_Zero,Gama,GAM_L3,12,-0.0,false,lata
135,Coca_Cola_Zero,Gama,GAM_L3,13,-0.0,false,lata
135,Coca_Cola_Zero,Gama,GAM_L3,14,-0.0,false,lata
135,Coca_Cola_Zero,Gama,GAM_L3,15,-0.0,false,lata
135,Coca_Cola_Zero,Viamao,VIA_L1,1,-0.0,false,lata
135,Coca_Cola_Zero,Viamao,VIA_L1,2,-1.0e6,true,lata
135,Coca_Cola_Zero,Viamao,VIA_L1,3,-0.0,false,lata
135,Coca_Cola_Zero,Viamao,VIA_L1,4,-0.0,false,lata
135,Coca_Cola_Zero,Viamao,VIA_L1,5,-0.0,false,lata
135,Coca_Cola_Zero,Viamao,VIA_L1,6,-0.0,false,lata
135,Coca_Cola_Zero,Viamao,VIA_L1,7,-999999.7976456998,false,lata
135,Coca_Cola_Zero,Viamao,VIA_L1,8,-0.0,false,lata
135,Coca_Cola_Zero,Viamao,VIA_L1,9,-0.0,false,lata
135,Coca_Cola_Zero,Viamao,VIA_L1,10,-0.0,false,lata
135,Coca_Cola_Zero,Viamao,VIA_L1,11,-0.0,false,lata
135,Coca_Cola_Zero,Viamao,VIA_L1,12,-0.0,false,lata
135,Coca_Cola_Zero,Viamao,VIA_L1,13,-0.0,false,lata
135,Coca_Cola_Zero,Viamao,VIA_L1,14,-0.0,false,lata
135,Coca_Cola_Zero,Viamao,VIA_L1,15,-0.0,false,lata
135,Coca_Cola_Zero,Viamao,VIA_L2,1,-0.0,false,lata
135,Coca_Cola_Zero,Viamao,VIA_L2,2,-0.0,false,lata
135,Coca_Cola_Zero,Viamao,VIA_L2,3,-0.0,false,lata
135,Coca_Cola_Zero,Viamao,VIA_L2,4,-0.0,false,lata
135,Coca_Cola_Zero,Viamao,VIA_L2,5,-1.0e6,true,lata
135,Coca_Cola_Zero,Viamao,VIA_L2,6,-0.0,false,lata
135,Coca_Cola_Zero,Viamao,VIA_L2,7,-0.0,false,lata
135,Coca_Cola_Zero,Viamao,VIA_L2,8,-0.0,false,lata
135,Coca_Cola_Zero,Viamao,VIA_L2,9,-0.0,false,lata
135,Coca_Cola_Zero,Viamao,VIA_L2,10,-0.0,false,lata
135,Coca_Cola_Zero,Viamao,VIA_L2,11,-0.0,false,lata
135,Coca_Cola_Zero,Viamao,VIA_L2,12,-0.0,false,lata
135,Coca_Cola_Zero,Viamao,VIA_L2,13,-0.0,false,lata
135,Coca_Cola_Zero,Viamao,VIA_L2,14,-0.0,false,lata
135,Coca_Cola_Zero,Viamao,VIA_L2,15,-999999.4200418999,false,lata
135,Coca_Cola_Zero,Viamao,VIA_L3,1,-0.0,false,lata
135,Coca_Cola_Zero,Viamao,VIA_L3,2,-0.0,false,lata
135,Coca_Cola_Zero,Viamao,VIA_L3,3,-0.0,false,lata
135,Coca_Cola_Zero,Viamao,VIA_L3,4,-0.0,false,lata
135,Coca_Cola_Zero,Viamao,VIA_L3,5,-0.0,false,lata
135,Coca_Cola_Zero,Viamao,VIA_L3,6,-0.0,false,lata
135,Coca_Cola_Zero,Viamao,VIA_L3,7,-0.0,false,lata
135,Coca_Cola_Zero,Viamao,VIA_L3,8,-0.0,false,lata
135,Coca_Cola_Zero,Viamao,VIA_L3,9,-0.0,false,lata
135,Coca_Cola_Zero,Viamao,VIA_L3,10,-0.0,false,lata
135,Coca_Cola_Zero,Viamao,VIA_L3,11,-0.0,false,lata
135,Coca_Cola_Zero,Viamao,VIA_L3,12,-0.0,false,lata
135,Coca_Cola_Zero,Viamao,VIA_L3,13,-0.0,false,lata
135,Coca_Cola_Zero,Viamao,VIA_L3,14,-0.0,false,lata
135,Coca_Cola_Zero,Viamao,VIA_L3,15,-0.0,false,lata
135,Coca_Cola_Zero,Itupeva,ITU_L1,1,-1.0e6,true,lata
135,Coca_Cola_Zero,Itupeva,ITU_L1,2,-0.0,false,lata
135,Coca_Cola_Zero,Itupeva,ITU_L1,3,-0.0,false,lata
135,Coca_Cola_Zero,Itupeva,ITU_L1,4,-0.0,false,lata
135,Coca_Cola_Zero,Itupeva,ITU_L1,5,-0.0,false,lata
135,Coca_Cola_Zero,Itupeva,ITU_L1,6,-0.0,false,lata
135,Coca_Cola_Zero,Itupeva,ITU_L1,7,-0.0,false,lata
135,Coca_Cola_Zero,Itupeva,ITU_L1,8,-0.0,false,lata
135,Coca_Cola_Zero,Itupeva,ITU_L1,9,-0.0,false,lata
135,Coca_Cola_Zero,Itupeva,ITU_L1,10,-0.0,false,lata
135,Coca_Cola_Zero,Itupeva,ITU_L1,11,-0.0,false,lata
135,Coca_Cola_Zero,Itupeva,ITU_L1,12,-0.0,false,lata
135,Coca_Cola_Zero,Itupeva,ITU_L1,13,-0.0,false,lata
135,Coca_Cola_Zero,Itupeva,ITU_L1,14,-0.0,false,lata
135,Coca_Cola_Zero,Itupeva,ITU_L1,15,-0.0,false,lata
135,Coca_Cola_Zero,Itupeva,ITU_L2,1,-0.0,false,lata
135,Coca_Cola_Zero,Itupeva,ITU_L2,2,-0.0,false,lata
135,Coca_Cola_Zero,Itupeva,ITU_L2,3,-0.0,false,lata
135,Coca_Cola_Zero,Itupeva,ITU_L2,4,-0.0,false,lata
135,Coca_Cola_Zero,Itupeva,ITU_L2,5,-0.0,false,lata
135,Coca_Cola_Zero,Itupeva,ITU_L2,6,-0.0,false,lata
135,Coca_Cola_Zero,Itupeva,ITU_L2,7,-0.0,false,lata
135,Coca_Cola_Zero,Itupeva,ITU_L2,8,-0.0,false,lata
135,Coca_Cola_Zero,Itupeva,ITU_L2,9,-0.0,false,lata
135,Coca_Cola_Zero,Itupeva,ITU_L2,10,-0.0,false,lata
135,Coca_Cola_Zero,Itupeva,ITU_L2,11,-0.0,false,lata
135,Coca_Cola_Zero,Itupeva,ITU_L2,12,-0.0,false,lata
135,Coca_Cola_Zero,Itupeva,ITU_L2,13,-999999.8862425501,false,lata
135,Coca_Cola_Zero,Itupeva,ITU_L2,14,-0.0,false,lata
135,Coca_Cola_Zero,Itupeva,ITU_L2,15,-0.0,false,lata
135,Coca_Cola_Zero,Itupeva,ITU_L3,1,-0.0,false,lata
135,Coca_Cola_Zero,Itupeva,ITU_L3,2,-0.0,false,lata
135,Coca_Cola_Zero,Itupeva,ITU_L3,3,-999999.5637508499,false,lata
135,Coca_Cola_Zero,Itupeva,ITU_L3,4,-0.0,false,lata
135,Coca_Cola_Zero,Itupeva,ITU_L3,5,-0.0,false,lata
135,Coca_Cola_Zero,Itupeva,ITU_L3,6,-0.0,false,lata
135,Coca_Cola_Zero,Itupeva,ITU_L3,7,-0.0,false,lata
135,Coca_Cola_Zero,Itupeva,ITU_L3,8,-0.0,false,lata
135,Coca_Cola_Zero,Itupeva,ITU_L3,9,-999999.8129030499,false,lata
135,Coca_Cola_Zero,Itupeva,ITU_L3,10,-999999.56375085,false,lata
135,Coca_Cola_Zero,Itupeva,ITU_L3,11,-0.0,false,lata
135,Coca_Cola_Zero,Itupeva,ITU_L3,12,-0.0,false,lata
135,Coca_Cola_Zero,Itupeva,ITU_L3,13,-0.0,false,lata
135,Coca_Cola_Zero,Itupeva,ITU_L3,14,-0.0,false,lata
135,Coca_Cola_Zero,Itupeva,ITU_L3,15,-0.0,false,lata
135,Coca_Cola_Zero,Cabo de Santo Agostinho,CAB_L1,1,-1.0e6,true,lata
135,Coca_Cola_Zero,Cabo de Santo Agostinho,CAB_L1,2,-0.0,false,lata
135,Coca_Cola_Zero,Cabo de Santo Agostinho,CAB_L1,3,-0.0,false,lata
135,Coca_Cola_Zero,Cabo de Santo Agostinho,CAB_L1,4,-0.0,false,lata
135,Coca_Cola_Zero,Cabo de Santo Agostinho,CAB_L1,5,-0.0,false,lata
135,Coca_Cola_Zero,Cabo de Santo Agostinho,CAB_L1,6,-0.0,false,lata
135,Coca_Cola_Zero,Cabo de Santo Agostinho,CAB_L1,7,-0.0,false,lata
135,Coca_Cola_Zero,Cabo de Santo Agostinho,CAB_L1,8,-0.0,false,lata
135,Coca_Cola_Zero,Cabo de Santo Agostinho,CAB_L1,9,-0.0,false,lata
135,Coca_Cola_Zero,Cabo de Santo Agostinho,CAB_L1,10,-0.0,false,lata
135,Coca_Cola_Zero,Cabo de Santo Agostinho,CAB_L1,11,-0.0,false,lata
135,Coca_Cola_Zero,Cabo de Santo Agostinho,CAB_L1,12,-0.0,false,lata
135,Coca_Cola_Zero,Cabo de Santo Agostinho,CAB_L1,13,-0.0,false,lata
135,Coca_Cola_Zero,Cabo de Santo Agostinho,CAB_L1,14,-0.0,false,lata
135,Coca_Cola_Zero,Cabo de Santo Agostinho,CAB_L1,15,-0.0,false,lata
135,Coca_Cola_Zero,Cabo de Santo Agostinho,CAB_L2,1,-0.0,false,lata
135,Coca_Cola_Zero,Cabo de Santo Agostinho,CAB_L2,2,-0.0,false,lata
135,Coca_Cola_Zero,Cabo de Santo Agostinho,CAB_L2,3,-0.0,false,lata
135,Coca_Cola_Zero,Cabo de Santo Agostinho,CAB_L2,4,-0.0,false,lata
135,Coca_Cola_Zero,Cabo de Santo Agostinho,CAB_L2,5,-1.0e6,true,lata
135,Coca_Cola_Zero,Cabo de Santo Agostinho,CAB_L2,6,-0.0,false,lata
135,Coca_Cola_Zero,Cabo de Santo Agostinho,CAB_L2,7,-0.0,false,lata
135,Coca_Cola_Zero,Cabo de Santo Agostinho,CAB_L2,8,-0.0,false,lata
135,Coca_Cola_Zero,Cabo de Santo Agostinho,CAB_L2,9,-0.0,false,lata
135,Coca_Cola_Zero,Cabo de Santo Agostinho,CAB_L2,10,-0.0,false,lata
135,Coca_Cola_Zero,Cabo de Santo Agostinho,CAB_L2,11,-0.0,false,lata
135,Coca_Cola_Zero,Cabo de Santo Agostinho,CAB_L2,12,-0.0,false,lata
135,Coca_Cola_Zero,Cabo de Santo Agostinho,CAB_L2,13,-0.0,false,lata
135,Coca_Cola_Zero,Cabo de Santo Agostinho,CAB_L2,14,-1.0e6,true,lata
135,Coca_Cola_Zero,Cabo de Santo Agostinho,CAB_L2,15,-0.0,false,lata
135,Coca_Cola_Zero,Cabo de Santo Agostinho,CAB_L3,1,-1.0e6,true,lata
135,Coca_Cola_Zero,Cabo de Santo Agostinho,CAB_L3,2,-0.0,false,lata
135,Coca_Cola_Zero,Cabo de Santo Agostinho,CAB_L3,3,-0.0,false,lata
135,Coca_Cola_Zero,Cabo de Santo Agostinho,CAB_L3,4,-0.0,false,lata
135,Coca_Cola_Zero,Cabo de Santo Agostinho,CAB_L3,5,-0.0,false,lata
135,Coca_Cola_Zero,Cabo de Santo Agostinho,CAB_L3,6,-0.0,false,lata
135,Coca_Cola_Zero,Cabo de Santo Agostinho,CAB_L3,7,-0.0,false,lata
135,Coca_Cola_Zero,Cabo de Santo Agostinho,CAB_L3,8,-0.0,false,lata
135,Coca_Cola_Zero,Cabo de Santo Agostinho,CAB_L3,9,-0.0,false,lata
135,Coca_Cola_Zero,Cabo de Santo Agostinho,CAB_L3,10,-0.0,false,lata
135,Coca_Cola_Zero,Cabo de Santo Agostinho,CAB_L3,11,-0.0,false,lata
135,Coca_Cola_Zero,Cabo de Santo Agostinho,CAB_L3,12,-0.0,false,lata
135,Coca_Cola_Zero,Cabo de Santo Agostinho,CAB_L3,13,-0.0,false,lata
135,Coca_Cola_Zero,Cabo de Santo Agostinho,CAB_L3,14,-0.0,false,lata
135,Coca_Cola_Zero,Cabo de Santo Agostinho,CAB_L3,15,-0.0,false,lata
135,Pepsi_Black,Jacarei,JAC_L1,1,-0.0,false,lata
135,Pepsi_Black,Jacarei,JAC_L1,2,-0.0,false,lata
135,Pepsi_Black,Jacarei,JAC_L1,3,-0.0,false,lata
135,Pepsi_Black,Jacarei,JAC_L1,4,-999999.5506717002,false,lata
135,Pepsi_Black,Jacarei,JAC_L1,5,-0.0,false,lata
135,Pepsi_Black,Jacarei,JAC_L1,6,-999999.9928506999,false,lata
135,Pepsi_Black,Jacarei,JAC_L1,7,-0.0,false,lata
135,Pepsi_Black,Jacarei,JAC_L1,8,-0.0,false,lata
135,Pepsi_Black,Jacarei,JAC_L1,9,-0.0,false,lata
135,Pepsi_Black,Jacarei,JAC_L1,10,-0.0,false,lata
135,Pepsi_Black,Jacarei,JAC_L1,11,-0.0,false,lata
135,Pepsi_Black,Jacarei,JAC_L1,12,-0.0,false,lata
135,Pepsi_Black,Jacarei,JAC_L1,13,-0.0,false,lata
135,Pepsi_Black,Jacarei,JAC_L1,14,-999999.5453,false,lata
135,Pepsi_Black,Jacarei,JAC_L1,15,-0.0,false,lata
135,Pepsi_Black,Jacarei,JAC_L2,1,-0.0,false,lata
135,Pepsi_Black,Jacarei,JAC_L2,2,-0.0,false,lata
135,Pepsi_Black,Jacarei,JAC_L2,3,-0.0,false,lata
135,Pepsi_Black,Jacarei,JAC_L2,4,-999999.5453000001,false,lata
135,Pepsi_Black,Jacarei,JAC_L2,5,-999999.8159717001,false,lata
135,Pepsi_Black,Jacarei,JAC_L2,6,-0.0,false,lata
135,Pepsi_Black,Jacarei,JAC_L2,7,-0.0,false,lata
135,Pepsi_Black,Jacarei,JAC_L2,8,-0.0,false,lata
135,Pepsi_Black,Jacarei,JAC_L2,9,-0.0,false,lata
135,Pepsi_Black,Jacarei,JAC_L2,10,-0.0,false,lata
135,Pepsi_Black,Jacarei,JAC_L2,11,-0.0,false,lata
135,Pepsi_Black,Jacarei,JAC_L2,12,-0.0,false,lata
135,Pepsi_Black,Jacarei,JAC_L2,13,-0.0,false,lata
135,Pepsi_Black,Jacarei,JAC_L2,14,-0.0,false,lata
135,Pepsi_Black,Jacarei,JAC_L2,15,-999999.6652053501,false,lata
135,Pepsi_Black,Jacarei,JAC_L3,1,-0.0,false,lata
135,Pepsi_Black,Jacarei,JAC_L3,2,-0.0,false,lata
135,Pepsi_Black,Jacarei,JAC_L3,3,-0.0,false,lata
135,Pepsi_Black,Jacarei,JAC_L3,4,-0.0,false,lata
135,Pepsi_Black,Jacarei,JAC_L3,5,-0.0,false,lata
135,Pepsi_Black,Jacarei,JAC_L3,6,-0.0,false,lata
135,Pepsi_Black,Jacarei,JAC_L3,7,-0.0,false,lata
135,Pepsi_Black,Jacarei,JAC_L3,8,-0.0,false,lata
135,Pepsi_Black,Jacarei,JAC_L3,9,-0.0,false,lata
135,Pepsi_Black,Jacarei,JAC_L3,10,-1.0e6,true,lata
135,Pepsi_Black,Jacarei,JAC_L3,11,-0.0,false,lata
135,Pepsi_Black,Jacarei,JAC_L3,12,-0.0,false,lata
135,Pepsi_Black,Jacarei,JAC_L3,13,-0.0,false,lata
135,Pepsi_Black,Jacarei,JAC_L3,14,-0.0,false,lata
135,Pepsi_Black,Jacarei,JAC_L3,15,-0.0,false,lata
135,Pepsi_Black,Extrema,EXT_L1,1,-0.0,false,lata
135,Pepsi_Black,Extrema,EXT_L1,2,-0.0,false,lata
135,Pepsi_Black,Extrema,EXT_L1,3,-0.0,false,lata
135,Pepsi_Black,Extrema,EXT_L1,4,-0.0,false,lata
135,Pepsi_Black,Extrema,EXT_L1,5,-0.0,false,lata
135,Pepsi_Black,Extrema,EXT_L1,6,-0.0,false,lata
135,Pepsi_Black,Extrema,EXT_L1,7,-0.0,false,lata
135,Pepsi_Black,Extrema,EXT_L1,8,-0.0,false,lata
135,Pepsi_Black,Extrema,EXT_L1,9,-0.0,false,lata
135,Pepsi_Black,Extrema,EXT_L1,10,-0.0,false,lata
135,Pepsi_Black,Extrema,EXT_L1,11,-0.0,false,lata
135,Pepsi_Black,Extrema,EXT_L1,12,-0.0,false,lata
135,Pepsi_Black,Extrema,EXT_L1,13,-0.0,false,lata
135,Pepsi_Black,Extrema,EXT_L1,14,-0.0,false,lata
135,Pepsi_Black,Extrema,EXT_L1,15,-0.0,false,lata
135,Pepsi_Black,Extrema,EXT_L2,1,-0.0,false,lata
135,Pepsi_Black,Extrema,EXT_L2,2,-0.0,false,lata
135,Pepsi_Black,Extrema,EXT_L2,3,-0.0,false,lata
135,Pepsi_Black,Extrema,EXT_L2,4,-0.0,false,lata
135,Pepsi_Black,Extrema,EXT_L2,5,-0.0,false,lata
135,Pepsi_Black,Extrema,EXT_L2,6,-999999.99104365,false,lata
135,Pepsi_Black,Extrema,EXT_L2,7,-1.0e6,true,lata
135,Pepsi_Black,Extrema,EXT_L2,8,-0.0,false,lata
135,Pepsi_Black,Extrema,EXT_L2,9,-0.0,false,lata
135,Pepsi_Black,Extrema,EXT_L2,10,-0.0,false,lata
135,Pepsi_Black,Extrema,EXT_L2,11,-0.0,false,lata
135,Pepsi_Black,Extrema,EXT_L2,12,-1.0e6,true,lata
135,Pepsi_Black,Extrema,EXT_L2,13,-0.0,false,lata
135,Pepsi_Black,Extrema,EXT_L2,14,-0.0,false,lata
135,Pepsi_Black,Extrema,EXT_L2,15,-0.0,false,lata
135,Pepsi_Black,Extrema,EXT_L3,1,-0.0,false,lata
135,Pepsi_Black,Extrema,EXT_L3,2,-0.0,false,lata
135,Pepsi_Black,Extrema,EXT_L3,3,-0.0,false,lata
135,Pepsi_Black,Extrema,EXT_L3,4,-0.0,false,lata
135,Pepsi_Black,Extrema,EXT_L3,5,-0.0,false,lata
135,Pepsi_Black,Extrema,EXT_L3,6,-0.0,false,lata
135,Pepsi_Black,Extrema,EXT_L3,7,-0.0,false,lata
135,Pepsi_Black,Extrema,EXT_L3,8,-0.0,false,lata
135,Pepsi_Black,Extrema,EXT_L3,9,-0.0,false,lata
135,Pepsi_Black,Extrema,EXT_L3,10,-999999.99731415,false,lata
135,Pepsi_Black,Extrema,EXT_L3,11,-0.0,false,lata
135,Pepsi_Black,Extrema,EXT_L3,12,-0.0,false,lata
135,Pepsi_Black,Extrema,EXT_L3,13,-0.0,false,lata
135,Pepsi_Black,Extrema,EXT_L3,14,-0.0,false,lata
135,Pepsi_Black,Extrema,EXT_L3,15,-0.0,false,lata
135,Pepsi_Black,Tres Rios,TRE_L1,1,-0.0,false,lata
135,Pepsi_Black,Tres Rios,TRE_L1,2,-0.0,false,lata
135,Pepsi_Black,Tres Rios,TRE_L1,3,-0.0,false,lata
135,Pepsi_Black,Tres Rios,TRE_L1,4,-0.0,false,lata
135,Pepsi_Black,Tres Rios,TRE_L1,5,-0.0,false,lata
135,Pepsi_Black,Tres Rios,TRE_L1,6,-0.0,false,lata
135,Pepsi_Black,Tres Rios,TRE_L1,7,-0.0,false,lata
135,Pepsi_Black,Tres Rios,TRE_L1,8,-0.0,false,lata
135,Pepsi_Black,Tres Rios,TRE_L1,9,-0.0,false,lata
135,Pepsi_Black,Tres Rios,TRE_L1,10,-0.0,false,lata
135,Pepsi_Black,Tres Rios,TRE_L1,11,-0.0,false,lata
135,Pepsi_Black,Tres Rios,TRE_L1,12,-0.0,false,lata
135,Pepsi_Black,Tres Rios,TRE_L1,13,-0.0,false,lata
135,Pepsi_Black,Tres Rios,TRE_L1,14,-0.0,false,lata
135,Pepsi_Black,Tres Rios,TRE_L1,15,-0.0,false,lata
135,Pepsi_Black,Tres Rios,TRE_L2,1,-0.0,false,lata
135,Pepsi_Black,Tres Rios,TRE_L2,2,-0.0,false,lata
135,Pepsi_Black,Tres Rios,TRE_L2,3,-0.0,false,lata
135,Pepsi_Black,Tres Rios,TRE_L2,4,-0.0,false,lata
135,Pepsi_Black,Tres Rios,TRE_L2,5,-0.0,false,lata
135,Pepsi_Black,Tres Rios,TRE_L2,6,-0.0,false,lata
135,Pepsi_Black,Tres Rios,TRE_L2,7,-0.0,false,lata
135,Pepsi_Black,Tres Rios,TRE_L2,8,-0.0,false,lata
135,Pepsi_Black,Tres Rios,TRE_L2,9,-0.0,false,lata
135,Pepsi_Black,Tres Rios,TRE_L2,10,-0.0,false,lata
135,Pepsi_Black,Tres Rios,TRE_L2,11,-0.0,false,lata
135,Pepsi_Black,Tres Rios,TRE_L2,12,-0.0,false,lata
135,Pepsi_Black,Tres Rios,TRE_L2,13,-0.0,false,lata
135,Pepsi_Black,Tres Rios,TRE_L2,14,-0.0,false,lata
135,Pepsi_Black,Tres Rios,TRE_L2,15,-0.0,false,lata
135,Pepsi_Black,Tres Rios,TRE_L3,1,-0.0,false,lata
135,Pepsi_Black,Tres Rios,TRE_L3,2,-0.0,false,lata
135,Pepsi_Black,Tres Rios,TRE_L3,3,-0.0,false,lata
135,Pepsi_Black,Tres Rios,TRE_L3,4,-0.0,false,lata
135,Pepsi_Black,Tres Rios,TRE_L3,5,-0.0,false,lata
135,Pepsi_Black,Tres Rios,TRE_L3,6,-1.0e6,true,lata
135,Pepsi_Black,Tres Rios,TRE_L3,7,-0.0,false,lata
135,Pepsi_Black,Tres Rios,TRE_L3,8,-0.0,false,lata
135,Pepsi_Black,Tres Rios,TRE_L3,9,-0.0,false,lata
135,Pepsi_Black,Tres Rios,TRE_L3,10,-0.0,false,lata
135,Pepsi_Black,Tres Rios,TRE_L3,11,-0.0,false,lata
135,Pepsi_Black,Tres Rios,TRE_L3,12,-0.0,false,lata
135,Pepsi_Black,Tres Rios,TRE_L3,13,-999999.2879077999,false,lata
135,Pepsi_Black,Tres Rios,TRE_L3,14,-0.0,false,lata
135,Pepsi_Black,Tres Rios,TRE_L3,15,-999999.6784848501,false,lata
135,Pepsi_Black,Alagoinhas,ALA_L1,1,-0.0,false,lata
135,Pepsi_Black,Alagoinhas,ALA_L1,2,-0.0,false,lata
135,Pepsi_Black,Alagoinhas,ALA_L1,3,-0.0,false,lata
135,Pepsi_Black,Alagoinhas,ALA_L1,4,-0.0,false,lata
135,Pepsi_Black,Alagoinhas,ALA_L1,5,-999999.8785435001,false,lata
135,Pepsi_Black,Alagoinhas,ALA_L1,6,-0.0,false,lata
135,Pepsi_Black,Alagoinhas,ALA_L1,7,-0.0,false,lata
135,Pepsi_Black,Alagoinhas,ALA_L1,8,-0.0,false,lata
135,Pepsi_Black,Alagoinhas,ALA_L1,9,-0.0,false,lata
135,Pepsi_Black,Alagoinhas,ALA_L1,10,-0.0,false,lata
135,Pepsi_Black,Alagoinhas,ALA_L1,11,-0.0,false,lata
135,Pepsi_Black,Alagoinhas,ALA_L1,12,-0.0,false,lata
135,Pepsi_Black,Alagoinhas,ALA_L1,13,-0.0,false,lata
135,Pepsi_Black,Alagoinhas,ALA_L1,14,-0.0,false,lata
135,Pepsi_Black,Alagoinhas,ALA_L1,15,-0.0,false,lata
135,Pepsi_Black,Alagoinhas,ALA_L2,1,-0.0,false,lata
135,Pepsi_Black,Alagoinhas,ALA_L2,2,-0.0,false,lata
135,Pepsi_Black,Alagoinhas,ALA_L2,3,-999999.3425718001,false,lata
135,Pepsi_Black,Alagoinhas,ALA_L2,4,-0.0,false,lata
135,Pepsi_Black,Alagoinhas,ALA_L2,5,-0.0,false,lata
135,Pepsi_Black,Alagoinhas,ALA_L2,6,-0.0,false,lata
135,Pepsi_Black,Alagoinhas,ALA_L2,7,-0.0,false,lata
135,Pepsi_Black,Alagoinhas,ALA_L2,8,-0.0,false,lata
135,Pepsi_Black,Alagoinhas,ALA_L2,9,-0.0,false,lata
135,Pepsi_Black,Alagoinhas,ALA_L2,10,-0.0,false,lata
135,Pepsi_Black,Alagoinhas,ALA_L2,11,-0.0,false,lata
135,Pepsi_Black,Alagoinhas,ALA_L2,12,-0.0,false,lata
135,Pepsi_Black,Alagoinhas,ALA_L2,13,-0.0,false,lata
135,Pepsi_Black,Alagoinhas,ALA_L2,14,-0.0,false,lata
135,Pepsi_Black,Alagoinhas,ALA_L2,15,-0.0,false,lata
135,Pepsi_Black,Alagoinhas,ALA_L3,1,-0.0,false,lata
135,Pepsi_Black,Alagoinhas,ALA_L3,2,-0.0,false,lata
135,Pepsi_Black,Alagoinhas,ALA_L3,3,-0.0,false,lata
135,Pepsi_Black,Alagoinhas,ALA_L3,4,-0.0,false,lata
135,Pepsi_Black,Alagoinhas,ALA_L3,5,-0.0,false,lata
135,Pepsi_Black,Alagoinhas,ALA_L3,6,-0.0,false,lata
135,Pepsi_Black,Alagoinhas,ALA_L3,7,-0.0,false,lata
135,Pepsi_Black,Alagoinhas,ALA_L3,8,-0.0,false,lata
135,Pepsi_Black,Alagoinhas,ALA_L3,9,-0.0,false,lata
135,Pepsi_Black,Alagoinhas,ALA_L3,10,-0.0,false,lata
135,Pepsi_Black,Alagoinhas,ALA_L3,11,-0.0,false,lata
135,Pepsi_Black,Alagoinhas,ALA_L3,12,-0.0,false,lata
135,Pepsi_Black,Alagoinhas,ALA_L3,13,-0.0,false,lata
135,Pepsi_Black,Alagoinhas,ALA_L3,14,-0.0,false,lata
135,Pepsi_Black,Alagoinhas,ALA_L3,15,-0.0,false,lata
135,Pepsi_Black,Frutal,FRU_L1,1,-0.0,false,lata
135,Pepsi_Black,Frutal,FRU_L1,2,-0.0,false,lata
135,Pepsi_Black,Frutal,FRU_L1,3,-0.0,false,lata
135,Pepsi_Black,Frutal,FRU_L1,4,-0.0,false,lata
135,Pepsi_Black,Frutal,FRU_L1,5,-0.0,false,lata
135,Pepsi_Black,Frutal,FRU_L1,6,-0.0,false,lata
135,Pepsi_Black,Frutal,FRU_L1,7,-0.0,false,lata
135,Pepsi_Black,Frutal,FRU_L1,8,-0.0,false,lata
135,Pepsi_Black,Frutal,FRU_L1,9,-0.0,false,lata
135,Pepsi_Black,Frutal,FRU_L1,10,-0.0,false,lata
135,Pepsi_Black,Frutal,FRU_L1,11,-0.0,false,lata
135,Pepsi_Black,Frutal,FRU_L1,12,-0.0,false,lata
135,Pepsi_Black,Frutal,FRU_L1,13,-0.0,false,lata
135,Pepsi_Black,Frutal,FRU_L1,14,-0.0,false,lata
135,Pepsi_Black,Frutal,FRU_L1,15,-0.0,false,lata
135,Pepsi_Black,Frutal,FRU_L2,1,-0.0,false,lata
135,Pepsi_Black,Frutal,FRU_L2,2,-0.0,false,lata
135,Pepsi_Black,Frutal,FRU_L2,3,-0.0,false,lata
135,Pepsi_Black,Frutal,FRU_L2,4,-0.0,false,lata
135,Pepsi_Black,Frutal,FRU_L2,5,-0.0,false,lata
135,Pepsi_Black,Frutal,FRU_L2,6,-0.0,false,lata
135,Pepsi_Black,Frutal,FRU_L2,7,-0.0,false,lata
135,Pepsi_Black,Frutal,FRU_L2,8,-0.0,false,lata
135,Pepsi_Black,Frutal,FRU_L2,9,-999999.74410415,false,lata
135,Pepsi_Black,Frutal,FRU_L2,10,-0.0,false,lata
135,Pepsi_Black,Frutal,FRU_L2,11,-0.0,false,lata
135,Pepsi_Black,Frutal,FRU_L2,12,-1.0e6,true,lata
135,Pepsi_Black,Frutal,FRU_L2,13,-0.0,false,lata
135,Pepsi_Black,Frutal,FRU_L2,14,-0.0,false,lata
135,Pepsi_Black,Frutal,FRU_L2,15,-0.0,false,lata
135,Pepsi_Black,Frutal,FRU_L3,1,-0.0,false,lata
135,Pepsi_Black,Frutal,FRU_L3,2,-0.0,false,lata
135,Pepsi_Black,Frutal,FRU_L3,3,-0.0,false,lata
135,Pepsi_Black,Frutal,FRU_L3,4,-0.0,false,lata
135,Pepsi_Black,Frutal,FRU_L3,5,-0.0,false,lata
135,Pepsi_Black,Frutal,FRU_L3,6,-0.0,false,lata
135,Pepsi_Black,Frutal,FRU_L3,7,-0.0,false,lata
135,Pepsi_Black,Frutal,FRU_L3,8,-999999.47880415,false,lata
135,Pepsi_Black,Frutal,FRU_L3,9,-0.0,false,lata
135,Pepsi_Black,Frutal,FRU_L3,10,-0.0,false,lata
135,Pepsi_Black,Frutal,FRU_L3,11,-0.0,false,lata
135,Pepsi_Black,Frutal,FRU_L3,12,-0.0,false,lata
135,Pepsi_Black,Frutal,FRU_L3,13,-0.0,false,lata
135,Pepsi_Black,Frutal,FRU_L3,14,-0.0,false,lata
135,Pepsi_Black,Frutal,FRU_L3,15,-0.0,false,lata
135,Pepsi_Black,Pouso Alegre,POU_L1,1,-0.0,false,lata
135,Pepsi_Black,Pouso Alegre,POU_L1,2,-0.0,false,lata
135,Pepsi_Black,Pouso Alegre,POU_L1,3,-0.0,false,lata
135,Pepsi_Black,Pouso Alegre,POU_L1,4,-0.0,false,lata
135,Pepsi_Black,Pouso Alegre,POU_L1,5,-0.0,false,lata
135,Pepsi_Black,Pouso Alegre,POU_L1,6,-0.0,false,lata
135,Pepsi_Black,Pouso Alegre,POU_L1,7,-0.0,false,lata
135,Pepsi_Black,Pouso Alegre,POU_L1,8,-0.0,false,lata
135,Pepsi_Black,Pouso Alegre,POU_L1,9,-0.0,false,lata
135,Pepsi_Black,Pouso Alegre,POU_L1,10,-0.0,false,lata
135,Pepsi_Black,Pouso Alegre,POU_L1,11,-0.0,false,lata
135,Pepsi_Black,Pouso Alegre,POU_L1,12,-0.0,false,lata
135,Pepsi_Black,Pouso Alegre,POU_L1,13,-0.0,false,lata
135,Pepsi_Black,Pouso Alegre,POU_L1,14,-999999.55006005,false,lata
135,Pepsi_Black,Pouso Alegre,POU_L1,15,-0.0,false,lata
135,Pepsi_Black,Pouso Alegre,POU_L2,1,-0.0,false,lata
135,Pepsi_Black,Pouso Alegre,POU_L2,2,-0.0,false,lata
135,Pepsi_Black,Pouso Alegre,POU_L2,3,-0.0,false,lata
135,Pepsi_Black,Pouso Alegre,POU_L2,4,-0.0,false,lata
135,Pepsi_Black,Pouso Alegre,POU_L2,5,-0.0,false,lata
135,Pepsi_Black,Pouso Alegre,POU_L2,6,-0.0,false,lata
135,Pepsi_Black,Pouso Alegre,POU_L2,7,-1.0e6,true,lata
135,Pepsi_Black,Pouso Alegre,POU_L2,8,-0.0,false,lata
135,Pepsi_Black,Pouso Alegre,POU_L2,9,-0.0,false,lata
135,Pepsi_Black,Pouso Alegre,POU_L2,10,-0.0,false,lata
135,Pepsi_Black,Pouso Alegre,POU_L2,11,-0.0,false,lata
135,Pepsi_Black,Pouso Alegre,POU_L2,12,-0.0,false,lata
135,Pepsi_Black,Pouso Alegre,POU_L2,13,-0.0,false,lata
135,Pepsi_Black,Pouso Alegre,POU_L2,14,-0.0,false,lata
135,Pepsi_Black,Pouso Alegre,POU_L2,15,-0.0,false,lata
135,Pepsi_Black,Pouso Alegre,POU_L3,1,-0.0,false,lata
135,Pepsi_Black,Pouso Alegre,POU_L3,2,-999999.96615405,false,lata
135,Pepsi_Black,Pouso Alegre,POU_L3,3,-0.0,false,lata
135,Pepsi_Black,Pouso Alegre,POU_L3,4,-0.0,false,lata
135,Pepsi_Black,Pouso Alegre,POU_L3,5,-0.0,false,lata
135,Pepsi_Black,Pouso Alegre,POU_L3,6,-999999.9931178499,false,lata
135,Pepsi_Black,Pouso Alegre,POU_L3,7,-0.0,false,lata
135,Pepsi_Black,Pouso Alegre,POU_L3,8,-0.0,false,lata
135,Pepsi_Black,Pouso Alegre,POU_L3,9,-0.0,false,lata
135,Pepsi_Black,Pouso Alegre,POU_L3,10,-999999.9993883499,false,lata
135,Pepsi_Black,Pouso Alegre,POU_L3,11,-999999.8135862002,false,lata
135,Pepsi_Black,Pouso Alegre,POU_L3,12,-0.0,false,lata
135,Pepsi_Black,Pouso Alegre,POU_L3,13,-0.0,false,lata
135,Pepsi_Black,Pouso Alegre,POU_L3,14,-0.0,false,lata
135,Pepsi_Black,Pouso Alegre,POU_L3,15,-0.0,false,lata
135,Pepsi_Black,Gama,GAM_L1,1,-0.0,false,lata
135,Pepsi_Black,Gama,GAM_L1,2,-0.0,false,lata
135,Pepsi_Black,Gama,GAM_L1,3,-0.0,false,lata
135,Pepsi_Black,Gama,GAM_L1,4,-0.0,false,lata
135,Pepsi_Black,Gama,GAM_L1,5,-0.0,false,lata
135,Pepsi_Black,Gama,GAM_L1,6,-0.0,false,lata
135,Pepsi_Black,Gama,GAM_L1,7,-0.0,false,lata
135,Pepsi_Black,Gama,GAM_L1,8,-0.0,false,lata
135,Pepsi_Black,Gama,GAM_L1,9,-0.0,false,lata
135,Pepsi_Black,Gama,GAM_L1,10,-0.0,false,lata
135,Pepsi_Black,Gama,GAM_L1,11,-0.0,false,lata
135,Pepsi_Black,Gama,GAM_L1,12,-0.0,false,lata
135,Pepsi_Black,Gama,GAM_L1,13,-0.0,false,lata
135,Pepsi_Black,Gama,GAM_L1,14,-0.0,false,lata
135,Pepsi_Black,Gama,GAM_L1,15,-0.0,false,lata
135,Pepsi_Black,Gama,GAM_L2,1,-0.0,false,lata
135,Pepsi_Black,Gama,GAM_L2,2,-0.0,false,lata
135,Pepsi_Black,Gama,GAM_L2,3,-0.0,false,lata
135,Pepsi_Black,Gama,GAM_L2,4,-0.0,false,lata
135,Pepsi_Black,Gama,GAM_L2,5,-0.0,false,lata
135,Pepsi_Black,Gama,GAM_L2,6,-0.0,false,lata
135,Pepsi_Black,Gama,GAM_L2,7,-0.0,false,lata
135,Pepsi_Black,Gama,GAM_L2,8,-0.0,false,lata
135,Pepsi_Black,Gama,GAM_L2,9,-0.0,false,lata
135,Pepsi_Black,Gama,GAM_L2,10,-0.0,false,lata
135,Pepsi_Black,Gama,GAM_L2,11,-0.0,false,lata
135,Pepsi_Black,Gama,GAM_L2,12,-0.0,false,lata
135,Pepsi_Black,Gama,GAM_L2,13,-0.0,false,lata
135,Pepsi_Black,Gama,GAM_L2,14,-999999.58102225,false,lata
135,Pepsi_Black,Gama,GAM_L2,15,-0.0,false,lata
135,Pepsi_Black,Gama,GAM_L3,1,-0.0,false,lata
135,Pepsi_Black,Gama,GAM_L3,2,-0.0,false,lata
135,Pepsi_Black,Gama,GAM_L3,3,-0.0,false,lata
135,Pepsi_Black,Gama,GAM_L3,4,-0.0,false,lata
135,Pepsi_Black,Gama,GAM_L3,5,-0.0,false,lata
135,Pepsi_Black,Gama,GAM_L3,6,-1.0e6,true,lata
135,Pepsi_Black,Gama,GAM_L3,7,-0.0,false,lata
135,Pepsi_Black,Gama,GAM_L3,8,-0.0,false,lata
135,Pepsi_Black,Gama,GAM_L3,9,-0.0,false,lata
135,Pepsi_Black,Gama,GAM_L3,10,-0.0,false,lata
135,Pepsi_Black,Gama,GAM_L3,11,-0.0,false,lata
135,Pepsi_Black,Gama,GAM_L3,12,-0.0,false,lata
135,Pepsi_Black,Gama,GAM_L3,13,-0.0,false,lata
135,Pepsi_Black,Gama,GAM_L3,14,-0.0,false,lata
135,Pepsi_Black,Gama,GAM_L3,15,-0.0,false,lata
135,Pepsi_Black,Viamao,VIA_L1,1,-999999.7293283,false,lata
135,Pepsi_Black,Viamao,VIA_L1,2,-0.0,false,lata
135,Pepsi_Black,Viamao,VIA_L1,3,-0.0,false,lata
135,Pepsi_Black,Viamao,VIA_L1,4,-0.0,false,lata
135,Pepsi_Black,Viamao,VIA_L1,5,-0.0,false,lata
135,Pepsi_Black,Viamao,VIA_L1,6,-0.0,false,lata
135,Pepsi_Black,Viamao,VIA_L1,7,-0.0,false,lata
135,Pepsi_Black,Viamao,VIA_L1,8,-0.0,false,lata
135,Pepsi_Black,Viamao,VIA_L1,9,-0.0,false,lata
135,Pepsi_Black,Viamao,VIA_L1,10,-0.0,false,lata
135,Pepsi_Black,Viamao,VIA_L1,11,-0.0,false,lata
135,Pepsi_Black,Viamao,VIA_L1,12,-0.0,false,lata
135,Pepsi_Black,Viamao,VIA_L1,13,-0.0,false,lata
135,Pepsi_Black,Viamao,VIA_L1,14,-0.0,false,lata
135,Pepsi_Black,Viamao,VIA_L1,15,-0.0,false,lata
135,Pepsi_Black,Viamao,VIA_L2,1,-0.0,false,lata
135,Pepsi_Black,Viamao,VIA_L2,2,-1.0e6,true,lata
135,Pepsi_Black,Viamao,VIA_L2,3,-0.0,false,lata
135,Pepsi_Black,Viamao,VIA_L2,4,-0.0,false,lata
135,Pepsi_Black,Viamao,VIA_L2,5,-0.0,false,lata
135,Pepsi_Black,Viamao,VIA_L2,6,-0.0,false,lata
135,Pepsi_Black,Viamao,VIA_L2,7,-0.0,false,lata
135,Pepsi_Black,Viamao,VIA_L2,8,-0.0,false,lata
135,Pepsi_Black,Viamao,VIA_L2,9,-0.0,false,lata
135,Pepsi_Black,Viamao,VIA_L2,10,-0.0,false,lata
135,Pepsi_Black,Viamao,VIA_L2,11,-0.0,false,lata
135,Pepsi_Black,Viamao,VIA_L2,12,-0.0,false,lata
135,Pepsi_Black,Viamao,VIA_L2,13,-0.0,false,lata
135,Pepsi_Black,Viamao,VIA_L2,14,-0.0,false,lata
135,Pepsi_Black,Viamao,VIA_L2,15,-0.0,false,lata
135,Pepsi_Black,Viamao,VIA_L3,1,-0.0,false,lata
135,Pepsi_Black,Viamao,VIA_L3,2,-0.0,false,lata
135,Pepsi_Black,Viamao,VIA_L3,3,-0.0,false,lata
135,Pepsi_Black,Viamao,VIA_L3,4,-0.0,false,lata
135,Pepsi_Black,Viamao,VIA_L3,5,-0.0,false,lata
135,Pepsi_Black,Viamao,VIA_L3,6,-0.0,false,lata
135,Pepsi_Black,Viamao,VIA_L3,7,-0.0,false,lata
135,Pepsi_Black,Viamao,VIA_L3,8,-0.0,false,lata
135,Pepsi_Black,Viamao,VIA_L3,9,-0.0,false,lata
135,Pepsi_Black,Viamao,VIA_L3,10,-0.0,false,lata
135,Pepsi_Black,Viamao,VIA_L3,11,-0.0,false,lata
135,Pepsi_Black,Viamao,VIA_L3,12,-0.0,false,lata
135,Pepsi_Black,Viamao,VIA_L3,13,-0.0,false,lata
135,Pepsi_Black,Viamao,VIA_L3,14,-0.0,false,lata
135,Pepsi_Black,Viamao,VIA_L3,15,-0.0,false,lata
135,Pepsi_Black,Itupeva,ITU_L1,1,-0.0,false,lata
135,Pepsi_Black,Itupeva,ITU_L1,2,-0.0,false,lata
135,Pepsi_Black,Itupeva,ITU_L1,3,-0.0,false,lata
135,Pepsi_Black,Itupeva,ITU_L1,4,-999999.5500946501,false,lata
135,Pepsi_Black,Itupeva,ITU_L1,5,-0.0,false,lata
135,Pepsi_Black,Itupeva,ITU_L1,6,-0.0,false,lata
135,Pepsi_Black,Itupeva,ITU_L1,7,-0.0,false,lata
135,Pepsi_Black,Itupeva,ITU_L1,8,-0.0,false,lata
135,Pepsi_Black,Itupeva,ITU_L1,9,-0.0,false,lata
135,Pepsi_Black,Itupeva,ITU_L1,10,-999999.99942295,false,lata
135,Pepsi_Black,Itupeva,ITU_L1,11,-999999.8136208003,false,lata
135,Pepsi_Black,Itupeva,ITU_L1,12,-0.0,false,lata
135,Pepsi_Black,Itupeva,ITU_L1,13,-0.0,false,lata
135,Pepsi_Black,Itupeva,ITU_L1,14,-0.0,false,lata
135,Pepsi_Black,Itupeva,ITU_L1,15,-0.0,false,lata
135,Pepsi_Black,Itupeva,ITU_L2,1,-0.0,false,lata
135,Pepsi_Black,Itupeva,ITU_L2,2,-0.0,false,lata
135,Pepsi_Black,Itupeva,ITU_L2,3,-0.0,false,lata
135,Pepsi_Black,Itupeva,ITU_L2,4,-0.0,false,lata
135,Pepsi_Black,Itupeva,ITU_L2,5,-0.0,false,lata
135,Pepsi_Black,Itupeva,ITU_L2,6,-0.0,false,lata
135,Pepsi_Black,Itupeva,ITU_L2,7,-0.0,false,lata
135,Pepsi_Black,Itupeva,ITU_L2,8,-0.0,false,lata
135,Pepsi_Black,Itupeva,ITU_L2,9,-0.0,false,lata
135,Pepsi_Black,Itupeva,ITU_L2,10,-0.0,false,lata
135,Pepsi_Black,Itupeva,ITU_L2,11,-0.0,false,lata
135,Pepsi_Black,Itupeva,ITU_L2,12,-0.0,false,lata
135,Pepsi_Black,Itupeva,ITU_L2,13,-0.0,false,lata
135,Pepsi_Black,Itupeva,ITU_L2,14,-0.0,false,lata
135,Pepsi_Black,Itupeva,ITU_L2,15,-0.0,false,lata
135,Pepsi_Black,Itupeva,ITU_L3,1,-0.0,false,lata
135,Pepsi_Black,Itupeva,ITU_L3,2,-0.0,false,lata
135,Pepsi_Black,Itupeva,ITU_L3,3,-0.0,false,lata
135,Pepsi_Black,Itupeva,ITU_L3,4,-0.0,false,lata
135,Pepsi_Black,Itupeva,ITU_L3,5,-0.0,false,lata
135,Pepsi_Black,Itupeva,ITU_L3,6,-0.0,false,lata
135,Pepsi_Black,Itupeva,ITU_L3,7,-0.0,false,lata
135,Pepsi_Black,Itupeva,ITU_L3,8,-0.0,false,lata
135,Pepsi_Black,Itupeva,ITU_L3,9,-0.0,false,lata
135,Pepsi_Black,Itupeva,ITU_L3,10,-0.0,false,lata
135,Pepsi_Black,Itupeva,ITU_L3,11,-0.0,false,lata
135,Pepsi_Black,Itupeva,ITU_L3,12,-0.0,false,lata
135,Pepsi_Black,Itupeva,ITU_L3,13,-0.0,false,lata
135,Pepsi_Black,Itupeva,ITU_L3,14,-0.0,false,lata
135,Pepsi_Black,Itupeva,ITU_L3,15,-0.0,false,lata
135,Pepsi_Black,Cabo de Santo Agostinho,CAB_L1,1,-0.0,false,lata
135,Pepsi_Black,Cabo de Santo Agostinho,CAB_L1,2,-0.0,false,lata
135,Pepsi_Black,Cabo de Santo Agostinho,CAB_L1,3,-0.0,false,lata
135,Pepsi_Black,Cabo de Santo Agostinho,CAB_L1,4,-0.0,false,lata
135,Pepsi_Black,Cabo de Santo Agostinho,CAB_L1,5,-0.0,false,lata
135,Pepsi_Black,Cabo de Santo Agostinho,CAB_L1,6,-0.0,false,lata
135,Pepsi_Black,Cabo de Santo Agostinho,CAB_L1,7,-0.0,false,lata
135,Pepsi_Black,Cabo de Santo Agostinho,CAB_L1,8,-0.0,false,lata
135,Pepsi_Black,Cabo de Santo Agostinho,CAB_L1,9,-0.0,false,lata
135,Pepsi_Black,Cabo de Santo Agostinho,CAB_L1,10,-0.0,false,lata
135,Pepsi_Black,Cabo de Santo Agostinho,CAB_L1,11,-0.0,false,lata
135,Pepsi_Black,Cabo de Santo Agostinho,CAB_L1,12,-0.0,false,lata
135,Pepsi_Black,Cabo de Santo Agostinho,CAB_L1,13,-0.0,false,lata
135,Pepsi_Black,Cabo de Santo Agostinho,CAB_L1,14,-0.0,false,lata
135,Pepsi_Black,Cabo de Santo Agostinho,CAB_L1,15,-0.0,false,lata
135,Pepsi_Black,Cabo de Santo Agostinho,CAB_L2,1,-0.0,false,lata
135,Pepsi_Black,Cabo de Santo Agostinho,CAB_L2,2,-1.0e6,true,lata
135,Pepsi_Black,Cabo de Santo Agostinho,CAB_L2,3,-0.0,false,lata
135,Pepsi_Black,Cabo de Santo Agostinho,CAB_L2,4,-999999.6315384001,false,lata
135,Pepsi_Black,Cabo de Santo Agostinho,CAB_L2,5,-0.0,false,lata
135,Pepsi_Black,Cabo de Santo Agostinho,CAB_L2,6,-0.0,false,lata
135,Pepsi_Black,Cabo de Santo Agostinho,CAB_L2,7,-0.0,false,lata
135,Pepsi_Black,Cabo de Santo Agostinho,CAB_L2,8,-0.0,false,lata
135,Pepsi_Black,Cabo de Santo Agostinho,CAB_L2,9,-0.0,false,lata
135,Pepsi_Black,Cabo de Santo Agostinho,CAB_L2,10,-0.0,false,lata
135,Pepsi_Black,Cabo de Santo Agostinho,CAB_L2,11,-0.0,false,lata
135,Pepsi_Black,Cabo de Santo Agostinho,CAB_L2,12,-0.0,false,lata
135,Pepsi_Black,Cabo de Santo Agostinho,CAB_L2,13,-0.0,false,lata
135,Pepsi_Black,Cabo de Santo Agostinho,CAB_L2,14,-0.0,false,lata
135,Pepsi_Black,Cabo de Santo Agostinho,CAB_L2,15,-0.0,false,lata
135,Pepsi_Black,Cabo de Santo Agostinho,CAB_L3,1,-0.0,false,lata
135,Pepsi_Black,Cabo de Santo Agostinho,CAB_L3,2,-0.0,false,lata
135,Pepsi_Black,Cabo de Santo Agostinho,CAB_L3,3,-0.0,false,lata
135,Pepsi_Black,Cabo de Santo Agostinho,CAB_L3,4,-0.0,false,lata
135,Pepsi_Black,Cabo de Santo Agostinho,CAB_L3,5,-0.0,false,lata
135,Pepsi_Black,Cabo de Santo Agostinho,CAB_L3,6,-0.0,false,lata
135,Pepsi_Black,Cabo de Santo Agostinho,CAB_L3,7,-0.0,false,lata
135,Pepsi_Black,Cabo de Santo Agostinho,CAB_L3,8,-0.0,false,lata
135,Pepsi_Black,Cabo de Santo Agostinho,CAB_L3,9,-0.0,false,lata
135,Pepsi_Black,Cabo de Santo Agostinho,CAB_L3,10,-0.0,false,lata
135,Pepsi_Black,Cabo de Santo Agostinho,CAB_L3,11,-0.0,false,lata
135,Pepsi_Black,Cabo de Santo Agostinho,CAB_L3,12,-0.0,false,lata
135,Pepsi_Black,Cabo de Santo Agostinho,CAB_L3,13,-0.0,false,lata
135,Pepsi_Black,Cabo de Santo Agostinho,CAB_L3,14,-0.0,false,lata
135,Pepsi_Black,Cabo de Santo Agostinho,CAB_L3,15,-0.0,false,lata
135,Del_Valle_Uva,Jacarei,JAC_L1,1,-0.0,false,lata
135,Del_Valle_Uva,Jacarei,JAC_L1,2,-0.0,false,lata
135,Del_Valle_Uva,Jacarei,JAC_L1,3,-0.0,false,lata
135,Del_Valle_Uva,Jacarei,JAC_L1,4,-999999.93242605,false,lata
135,Del_Valle_Uva,Jacarei,JAC_L1,5,-0.0,false,lata
135,Del_Valle_Uva,Jacarei,JAC_L1,6,-0.0,false,lata
135,Del_Valle_Uva,Jacarei,JAC_L1,7,-0.0,false,lata
135,Del_Valle_Uva,Jacarei,JAC_L1,8,-0.0,false,lata
135,Del_Valle_Uva,Jacarei,JAC_L1,9,-0.0,false,lata
135,Del_Valle_Uva,Jacarei,JAC_L1,10,-0.0,false,lata
135,Del_Valle_Uva,Jacarei,JAC_L1,11,-0.0,false,lata
135,Del_Valle_Uva,Jacarei,JAC_L1,12,-0.0,false,lata
135,Del_Valle_Uva,Jacarei,JAC_L1,13,-0.0,false,lata
135,Del_Valle_Uva,Jacarei,JAC_L1,14,-0.0,false,lata
135,Del_Valle_Uva,Jacarei,JAC_L1,15,-0.0,false,lata
135,Del_Valle_Uva,Jacarei,JAC_L2,1,-0.0,false,lata
135,Del_Valle_Uva,Jacarei,JAC_L2,2,-0.0,false,lata
135,Del_Valle_Uva,Jacarei,JAC_L2,3,-0.0,false,lata
135,Del_Valle_Uva,Jacarei,JAC_L2,4,-0.0,false,lata
135,Del_Valle_Uva,Jacarei,JAC_L2,5,-0.0,false,lata
135,Del_Valle_Uva,Jacarei,JAC_L2,6,-0.0,false,lata
135,Del_Valle_Uva,Jacarei,JAC_L2,7,-0.0,false,lata
135,Del_Valle_Uva,Jacarei,JAC_L2,8,-0.0,false,lata
135,Del_Valle_Uva,Jacarei,JAC_L2,9,-0.0,false,lata
135,Del_Valle_Uva,Jacarei,JAC_L2,10,-0.0,false,lata
135,Del_Valle_Uva,Jacarei,JAC_L2,11,-0.0,false,lata
135,Del_Valle_Uva,Jacarei,JAC_L2,12,-0.0,false,lata
135,Del_Valle_Uva,Jacarei,JAC_L2,13,-0.0,false,lata
135,Del_Valle_Uva,Jacarei,JAC_L2,14,-0.0,false,lata
135,Del_Valle_Uva,Jacarei,JAC_L2,15,-0.0,false,lata
135,Del_Valle_Uva,Jacarei,JAC_L3,1,-0.0,false,lata
135,Del_Valle_Uva,Jacarei,JAC_L3,2,-0.0,false,lata
135,Del_Valle_Uva,Jacarei,JAC_L3,3,-0.0,false,lata
135,Del_Valle_Uva,Jacarei,JAC_L3,4,-0.0,false,lata
135,Del_Valle_Uva,Jacarei,JAC_L3,5,-0.0,false,lata
135,Del_Valle_Uva,Jacarei,JAC_L3,6,-0.0,false,lata
135,Del_Valle_Uva,Jacarei,JAC_L3,7,-0.0,false,lata
135,Del_Valle_Uva,Jacarei,JAC_L3,8,-0.0,false,lata
135,Del_Valle_Uva,Jacarei,JAC_L3,9,-0.0,false,lata
135,Del_Valle_Uva,Jacarei,JAC_L3,10,-0.0,false,lata
135,Del_Valle_Uva,Jacarei,JAC_L3,11,-0.0,false,lata
135,Del_Valle_Uva,Jacarei,JAC_L3,12,-0.0,false,lata
135,Del_Valle_Uva,Jacarei,JAC_L3,13,-0.0,false,lata
135,Del_Valle_Uva,Jacarei,JAC_L3,14,-0.0,false,lata
135,Del_Valle_Uva,Jacarei,JAC_L3,15,-0.0,false,lata
135,Del_Valle_Uva,Extrema,EXT_L1,1,-0.0,false,lata
135,Del_Valle_Uva,Extrema,EXT_L1,2,-0.0,false,lata
135,Del_Valle_Uva,Extrema,EXT_L1,3,-0.0,false,lata
135,Del_Valle_Uva,Extrema,EXT_L1,4,-0.0,false,lata
135,Del_Valle_Uva,Extrema,EXT_L1,5,-0.0,false,lata
135,Del_Valle_Uva,Extrema,EXT_L1,6,-0.0,false,lata
135,Del_Valle_Uva,Extrema,EXT_L1,7,-0.0,false,lata
135,Del_Valle_Uva,Extrema,EXT_L1,8,-0.0,false,lata
135,Del_Valle_Uva,Extrema,EXT_L1,9,-0.0,false,lata
135,Del_Valle_Uva,Extrema,EXT_L1,10,-0.0,false,lata
135,Del_Valle_Uva,Extrema,EXT_L1,11,-0.0,false,lata
135,Del_Valle_Uva,Extrema,EXT_L1,12,-0.0,false,lata
135,Del_Valle_Uva,Extrema,EXT_L1,13,-0.0,false,lata
135,Del_Valle_Uva,Extrema,EXT_L1,14,-0.0,false,lata
135,Del_Valle_Uva,Extrema,EXT_L1,15,-0.0,false,lata
135,Del_Valle_Uva,Extrema,EXT_L2,1,-0.0,false,lata
135,Del_Valle_Uva,Extrema,EXT_L2,2,-0.0,false,lata
135,Del_Valle_Uva,Extrema,EXT_L2,3,-0.0,false,lata
135,Del_Valle_Uva,Extrema,EXT_L2,4,-0.0,false,lata
135,Del_Valle_Uva,Extrema,EXT_L2,5,-0.0,false,lata
135,Del_Valle_Uva,Extrema,EXT_L2,6,-999999.9499729002,false,lata
135,Del_Valle_Uva,Extrema,EXT_L2,7,-0.0,false,lata
135,Del_Valle_Uva,Extrema,EXT_L2,8,-0.0,false,lata
135,Del_Valle_Uva,Extrema,EXT_L2,9,-0.0,false,lata
135,Del_Valle_Uva,Extrema,EXT_L2,10,-0.0,false,lata
135,Del_Valle_Uva,Extrema,EXT_L2,11,-0.0,false,lata
135,Del_Valle_Uva,Extrema,EXT_L2,12,-0.0,false,lata
135,Del_Valle_Uva,Extrema,EXT_L2,13,-0.0,false,lata
135,Del_Valle_Uva,Extrema,EXT_L2,14,-0.0,false,lata
135,Del_Valle_Uva,Extrema,EXT_L2,15,-0.0,false,lata
135,Del_Valle_Uva,Extrema,EXT_L3,1,-0.0,false,lata
135,Del_Valle_Uva,Extrema,EXT_L3,2,-0.0,false,lata
135,Del_Valle_Uva,Extrema,EXT_L3,3,-0.0,false,lata
135,Del_Valle_Uva,Extrema,EXT_L3,4,-0.0,false,lata
135,Del_Valle_Uva,Extrema,EXT_L3,5,-0.0,false,lata
135,Del_Valle_Uva,Extrema,EXT_L3,6,-999999.9499729002,false,lata
135,Del_Valle_Uva,Extrema,EXT_L3,7,-0.0,false,lata
135,Del_Valle_Uva,Extrema,EXT_L3,8,-0.0,false,lata
135,Del_Valle_Uva,Extrema,EXT_L3,9,-0.0,false,lata
135,Del_Valle_Uva,Extrema,EXT_L3,10,-0.0,false,lata
135,Del_Valle_Uva,Extrema,EXT_L3,11,-0.0,false,lata
135,Del_Valle_Uva,Extrema,EXT_L3,12,-0.0,false,lata
135,Del_Valle_Uva,Extrema,EXT_L3,13,-0.0,false,lata
135,Del_Valle_Uva,Extrema,EXT_L3,14,-0.0,false,lata
135,Del_Valle_Uva,Extrema,EXT_L3,15,-0.0,false,lata
135,Del_Valle_Uva,Tres Rios,TRE_L1,1,-0.0,false,lata
135,Del_Valle_Uva,Tres Rios,TRE_L1,2,-0.0,false,lata
135,Del_Valle_Uva,Tres Rios,TRE_L1,3,-0.0,false,lata
135,Del_Valle_Uva,Tres Rios,TRE_L1,4,-0.0,false,lata
135,Del_Valle_Uva,Tres Rios,TRE_L1,5,-0.0,false,lata
135,Del_Valle_Uva,Tres Rios,TRE_L1,6,-0.0,false,lata
135,Del_Valle_Uva,Tres Rios,TRE_L1,7,-0.0,false,lata
135,Del_Valle_Uva,Tres Rios,TRE_L1,8,-0.0,false,lata
135,Del_Valle_Uva,Tres Rios,TRE_L1,9,-0.0,false,lata
135,Del_Valle_Uva,Tres Rios,TRE_L1,10,-999999.9250046499,false,lata
135,Del_Valle_Uva,Tres Rios,TRE_L1,11,-0.0,false,lata
135,Del_Valle_Uva,Tres Rios,TRE_L1,12,-0.0,false,lata
135,Del_Valle_Uva,Tres Rios,TRE_L1,13,-1.0e6,true,lata
135,Del_Valle_Uva,Tres Rios,TRE_L1,14,-0.0,false,lata
135,Del_Valle_Uva,Tres Rios,TRE_L1,15,-0.0,false,lata
135,Del_Valle_Uva,Tres Rios,TRE_L2,1,-0.0,false,lata
135,Del_Valle_Uva,Tres Rios,TRE_L2,2,-0.0,false,lata
135,Del_Valle_Uva,Tres Rios,TRE_L2,3,-0.0,false,lata
135,Del_Valle_Uva,Tres Rios,TRE_L2,4,-0.0,false,lata
135,Del_Valle_Uva,Tres Rios,TRE_L2,5,-0.0,false,lata
135,Del_Valle_Uva,Tres Rios,TRE_L2,6,-0.0,false,lata
135,Del_Valle_Uva,Tres Rios,TRE_L2,7,-0.0,false,lata
135,Del_Valle_Uva,Tres Rios,TRE_L2,8,-0.0,false,lata
135,Del_Valle_Uva,Tres Rios,TRE_L2,9,-0.0,false,lata
135,Del_Valle_Uva,Tres Rios,TRE_L2,10,-0.0,false,lata
135,Del_Valle_Uva,Tres Rios,TRE_L2,11,-0.0,false,lata
135,Del_Valle_Uva,Tres Rios,TRE_L2,12,-0.0,false,lata
135,Del_Valle_Uva,Tres Rios,TRE_L2,13,-0.0,false,lata
135,Del_Valle_Uva,Tres Rios,TRE_L2,14,-0.0,false,lata
135,Del_Valle_Uva,Tres Rios,TRE_L2,15,-0.0,false,lata
135,Del_Valle_Uva,Tres Rios,TRE_L3,1,-0.0,false,lata
135,Del_Valle_Uva,Tres Rios,TRE_L3,2,-0.0,false,lata
135,Del_Valle_Uva,Tres Rios,TRE_L3,3,-999999.6828571999,false,lata
135,Del_Valle_Uva,Tres Rios,TRE_L3,4,-0.0,false,lata
135,Del_Valle_Uva,Tres Rios,TRE_L3,5,-0.0,false,lata
135,Del_Valle_Uva,Tres Rios,TRE_L3,6,-0.0,false,lata
135,Del_Valle_Uva,Tres Rios,TRE_L3,7,-0.0,false,lata
135,Del_Valle_Uva,Tres Rios,TRE_L3,8,-0.0,false,lata
135,Del_Valle_Uva,Tres Rios,TRE_L3,9,-0.0,false,lata
135,Del_Valle_Uva,Tres Rios,TRE_L3,10,-0.0,false,lata
135,Del_Valle_Uva,Tres Rios,TRE_L3,11,-0.0,false,lata
135,Del_Valle_Uva,Tres Rios,TRE_L3,12,-0.0,false,lata
135,Del_Valle_Uva,Tres Rios,TRE_L3,13,-1.0e6,true,lata
135,Del_Valle_Uva,Tres Rios,TRE_L3,14,-0.0,false,lata
135,Del_Valle_Uva,Tres Rios,TRE_L3,15,-0.0,false,lata
135,Del_Valle_Uva,Alagoinhas,ALA_L1,1,-0.0,false,lata
135,Del_Valle_Uva,Alagoinhas,ALA_L1,2,-0.0,false,lata
135,Del_Valle_Uva,Alagoinhas,ALA_L1,3,-0.0,false,lata
135,Del_Valle_Uva,Alagoinhas,ALA_L1,4,-0.0,false,lata
135,Del_Valle_Uva,Alagoinhas,ALA_L1,5,-0.0,false,lata
135,Del_Valle_Uva,Alagoinhas,ALA_L1,6,-0.0,false,lata
135,Del_Valle_Uva,Alagoinhas,ALA_L1,7,-0.0,false,lata
135,Del_Valle_Uva,Alagoinhas,ALA_L1,8,-999999.9710245503,false,lata
135,Del_Valle_Uva,Alagoinhas,ALA_L1,9,-0.0,false,lata
135,Del_Valle_Uva,Alagoinhas,ALA_L1,10,-0.0,false,lata
135,Del_Valle_Uva,Alagoinhas,ALA_L1,11,-0.0,false,lata
135,Del_Valle_Uva,Alagoinhas,ALA_L1,12,-0.0,false,lata
135,Del_Valle_Uva,Alagoinhas,ALA_L1,13,-0.0,false,lata
135,Del_Valle_Uva,Alagoinhas,ALA_L1,14,-0.0,false,lata
135,Del_Valle_Uva,Alagoinhas,ALA_L1,15,-0.0,false,lata
135,Del_Valle_Uva,Alagoinhas,ALA_L2,1,-0.0,false,lata
135,Del_Valle_Uva,Alagoinhas,ALA_L2,2,-0.0,false,lata
135,Del_Valle_Uva,Alagoinhas,ALA_L2,3,-999999.71615955,false,lata
135,Del_Valle_Uva,Alagoinhas,ALA_L2,4,-0.0,false,lata
135,Del_Valle_Uva,Alagoinhas,ALA_L2,5,-0.0,false,lata
135,Del_Valle_Uva,Alagoinhas,ALA_L2,6,-0.0,false,lata
135,Del_Valle_Uva,Alagoinhas,ALA_L2,7,-0.0,false,lata
135,Del_Valle_Uva,Alagoinhas,ALA_L2,8,-0.0,false,lata
135,Del_Valle_Uva,Alagoinhas,ALA_L2,9,-0.0,false,lata
135,Del_Valle_Uva,Alagoinhas,ALA_L2,10,-0.0,false,lata
135,Del_Valle_Uva,Alagoinhas,ALA_L2,11,-0.0,false,lata
135,Del_Valle_Uva,Alagoinhas,ALA_L2,12,-0.0,false,lata
135,Del_Valle_Uva,Alagoinhas,ALA_L2,13,-0.0,false,lata
135,Del_Valle_Uva,Alagoinhas,ALA_L2,14,-0.0,false,lata
135,Del_Valle_Uva,Alagoinhas,ALA_L2,15,-0.0,false,lata
135,Del_Valle_Uva,Alagoinhas,ALA_L3,1,-0.0,false,lata
135,Del_Valle_Uva,Alagoinhas,ALA_L3,2,-0.0,false,lata
135,Del_Valle_Uva,Alagoinhas,ALA_L3,3,-0.0,false,lata
135,Del_Valle_Uva,Alagoinhas,ALA_L3,4,-0.0,false,lata
135,Del_Valle_Uva,Alagoinhas,ALA_L3,5,-0.0,false,lata
135,Del_Valle_Uva,Alagoinhas,ALA_L3,6,-0.0,false,lata
135,Del_Valle_Uva,Alagoinhas,ALA_L3,7,-0.0,false,lata
135,Del_Valle_Uva,Alagoinhas,ALA_L3,8,-0.0,false,lata
135,Del_Valle_Uva,Alagoinhas,ALA_L3,9,-0.0,false,lata
135,Del_Valle_Uva,Alagoinhas,ALA_L3,10,-0.0,false,lata
135,Del_Valle_Uva,Alagoinhas,ALA_L3,11,-0.0,false,lata
135,Del_Valle_Uva,Alagoinhas,ALA_L3,12,-0.0,false,lata
135,Del_Valle_Uva,Alagoinhas,ALA_L3,13,-0.0,false,lata
135,Del_Valle_Uva,Alagoinhas,ALA_L3,14,-0.0,false,lata
135,Del_Valle_Uva,Alagoinhas,ALA_L3,15,-0.0,false,lata
135,Del_Valle_Uva,Frutal,FRU_L1,1,-0.0,false,lata
135,Del_Valle_Uva,Frutal,FRU_L1,2,-0.0,false,lata
135,Del_Valle_Uva,Frutal,FRU_L1,3,-0.0,false,lata
135,Del_Valle_Uva,Frutal,FRU_L1,4,-0.0,false,lata
135,Del_Valle_Uva,Frutal,FRU_L1,5,-0.0,false,lata
135,Del_Valle_Uva,Frutal,FRU_L1,6,-0.0,false,lata
135,Del_Valle_Uva,Frutal,FRU_L1,7,-0.0,false,lata
135,Del_Valle_Uva,Frutal,FRU_L1,8,-0.0,false,lata
135,Del_Valle_Uva,Frutal,FRU_L1,9,-0.0,false,lata
135,Del_Valle_Uva,Frutal,FRU_L1,10,-0.0,false,lata
135,Del_Valle_Uva,Frutal,FRU_L1,11,-0.0,false,lata
135,Del_Valle_Uva,Frutal,FRU_L1,12,-0.0,false,lata
135,Del_Valle_Uva,Frutal,FRU_L1,13,-0.0,false,lata
135,Del_Valle_Uva,Frutal,FRU_L1,14,-0.0,false,lata
135,Del_Valle_Uva,Frutal,FRU_L1,15,-0.0,false,lata
135,Del_Valle_Uva,Frutal,FRU_L2,1,-0.0,false,lata
135,Del_Valle_Uva,Frutal,FRU_L2,2,-0.0,false,lata
135,Del_Valle_Uva,Frutal,FRU_L2,3,-0.0,false,lata
135,Del_Valle_Uva,Frutal,FRU_L2,4,-0.0,false,lata
135,Del_Valle_Uva,Frutal,FRU_L2,5,-0.0,false,lata
135,Del_Valle_Uva,Frutal,FRU_L2,6,-0.0,false,lata
135,Del_Valle_Uva,Frutal,FRU_L2,7,-0.0,false,lata
135,Del_Valle_Uva,Frutal,FRU_L2,8,-0.0,false,lata
135,Del_Valle_Uva,Frutal,FRU_L2,9,-0.0,false,lata
135,Del_Valle_Uva,Frutal,FRU_L2,10,-0.0,false,lata
135,Del_Valle_Uva,Frutal,FRU_L2,11,-0.0,false,lata
135,Del_Valle_Uva,Frutal,FRU_L2,12,-999999.98223975,false,lata
135,Del_Valle_Uva,Frutal,FRU_L2,13,-0.0,false,lata
135,Del_Valle_Uva,Frutal,FRU_L2,14,-0.0,false,lata
135,Del_Valle_Uva,Frutal,FRU_L2,15,-0.0,false,lata
135,Del_Valle_Uva,Frutal,FRU_L3,1,-0.0,false,lata
135,Del_Valle_Uva,Frutal,FRU_L3,2,-999999.9831025,false,lata
135,Del_Valle_Uva,Frutal,FRU_L3,3,-0.0,false,lata
135,Del_Valle_Uva,Frutal,FRU_L3,4,-0.0,false,lata
135,Del_Valle_Uva,Frutal,FRU_L3,5,-999999.7296175999,false,lata
135,Del_Valle_Uva,Frutal,FRU_L3,6,-0.0,false,lata
135,Del_Valle_Uva,Frutal,FRU_L3,7,-0.0,false,lata
135,Del_Valle_Uva,Frutal,FRU_L3,8,-0.0,false,lata
135,Del_Valle_Uva,Frutal,FRU_L3,9,-0.0,false,lata
135,Del_Valle_Uva,Frutal,FRU_L3,10,-0.0,false,lata
135,Del_Valle_Uva,Frutal,FRU_L3,11,-0.0,false,lata
135,Del_Valle_Uva,Frutal,FRU_L3,12,-0.0,false,lata
135,Del_Valle_Uva,Frutal,FRU_L3,13,-0.0,false,lata
135,Del_Valle_Uva,Frutal,FRU_L3,14,-0.0,false,lata
135,Del_Valle_Uva,Frutal,FRU_L3,15,-0.0,false,lata
135,Del_Valle_Uva,Pouso Alegre,POU_L1,1,-0.0,false,lata
135,Del_Valle_Uva,Pouso Alegre,POU_L1,2,-1.0e6,true,lata
135,Del_Valle_Uva,Pouso Alegre,POU_L1,3,-0.0,false,lata
135,Del_Valle_Uva,Pouso Alegre,POU_L1,4,-999999.9328781,false,lata
135,Del_Valle_Uva,Pouso Alegre,POU_L1,5,-0.0,false,lata
135,Del_Valle_Uva,Pouso Alegre,POU_L1,6,-0.0,false,lata
135,Del_Valle_Uva,Pouso Alegre,POU_L1,7,-0.0,false,lata
135,Del_Valle_Uva,Pouso Alegre,POU_L1,8,-0.0,false,lata
135,Del_Valle_Uva,Pouso Alegre,POU_L1,9,-0.0,false,lata
135,Del_Valle_Uva,Pouso Alegre,POU_L1,10,-0.0,false,lata
135,Del_Valle_Uva,Pouso Alegre,POU_L1,11,-0.0,false,lata
135,Del_Valle_Uva,Pouso Alegre,POU_L1,12,-0.0,false,lata
135,Del_Valle_Uva,Pouso Alegre,POU_L1,13,-0.0,false,lata
135,Del_Valle_Uva,Pouso Alegre,POU_L1,14,-0.0,false,lata
135,Del_Valle_Uva,Pouso Alegre,POU_L1,15,-0.0,false,lata
135,Del_Valle_Uva,Pouso Alegre,POU_L2,1,-0.0,false,lata
135,Del_Valle_Uva,Pouso Alegre,POU_L2,2,-0.0,false,lata
135,Del_Valle_Uva,Pouso Alegre,POU_L2,3,-0.0,false,lata
135,Del_Valle_Uva,Pouso Alegre,POU_L2,4,-0.0,false,lata
135,Del_Valle_Uva,Pouso Alegre,POU_L2,5,-999999.7466173999,false,lata
135,Del_Valle_Uva,Pouso Alegre,POU_L2,6,-999999.9494718502,false,lata
135,Del_Valle_Uva,Pouso Alegre,POU_L2,7,-0.0,false,lata
135,Del_Valle_Uva,Pouso Alegre,POU_L2,8,-0.0,false,lata
135,Del_Valle_Uva,Pouso Alegre,POU_L2,9,-0.0,false,lata
135,Del_Valle_Uva,Pouso Alegre,POU_L2,10,-0.0,false,lata
135,Del_Valle_Uva,Pouso Alegre,POU_L2,11,-0.0,false,lata
135,Del_Valle_Uva,Pouso Alegre,POU_L2,12,-0.0,false,lata
135,Del_Valle_Uva,Pouso Alegre,POU_L2,13,-0.0,false,lata
135,Del_Valle_Uva,Pouso Alegre,POU_L2,14,-0.0,false,lata
135,Del_Valle_Uva,Pouso Alegre,POU_L2,15,-0.0,false,lata
135,Del_Valle_Uva,Pouso Alegre,POU_L3,1,-0.0,false,lata
135,Del_Valle_Uva,Pouso Alegre,POU_L3,2,-0.0,false,lata
135,Del_Valle_Uva,Pouso Alegre,POU_L3,3,-0.0,false,lata
135,Del_Valle_Uva,Pouso Alegre,POU_L3,4,-0.0,false,lata
135,Del_Valle_Uva,Pouso Alegre,POU_L3,5,-0.0,false,lata
135,Del_Valle_Uva,Pouso Alegre,POU_L3,6,-0.0,false,lata
135,Del_Valle_Uva,Pouso Alegre,POU_L3,7,-0.0,false,lata
135,Del_Valle_Uva,Pouso Alegre,POU_L3,8,-0.0,false,lata
135,Del_Valle_Uva,Pouso Alegre,POU_L3,9,-0.0,false,lata
135,Del_Valle_Uva,Pouso Alegre,POU_L3,10,-0.0,false,lata
135,Del_Valle_Uva,Pouso Alegre,POU_L3,11,-0.0,false,lata
135,Del_Valle_Uva,Pouso Alegre,POU_L3,12,-0.0,false,lata
135,Del_Valle_Uva,Pouso Alegre,POU_L3,13,-0.0,false,lata
135,Del_Valle_Uva,Pouso Alegre,POU_L3,14,-0.0,false,lata
135,Del_Valle_Uva,Pouso Alegre,POU_L3,15,-0.0,false,lata
135,Del_Valle_Uva,Gama,GAM_L1,1,-0.0,false,lata
135,Del_Valle_Uva,Gama,GAM_L1,2,-0.0,false,lata
135,Del_Valle_Uva,Gama,GAM_L1,3,-0.0,false,lata
135,Del_Valle_Uva,Gama,GAM_L1,4,-0.0,false,lata
135,Del_Valle_Uva,Gama,GAM_L1,5,-0.0,false,lata
135,Del_Valle_Uva,Gama,GAM_L1,6,-0.0,false,lata
135,Del_Valle_Uva,Gama,GAM_L1,7,-0.0,false,lata
135,Del_Valle_Uva,Gama,GAM_L1,8,-0.0,false,lata
135,Del_Valle_Uva,Gama,GAM_L1,9,-0.0,false,lata
135,Del_Valle_Uva,Gama,GAM_L1,10,-0.0,false,lata
135,Del_Valle_Uva,Gama,GAM_L1,11,-0.0,false,lata
135,Del_Valle_Uva,Gama,GAM_L1,12,-0.0,false,lata
135,Del_Valle_Uva,Gama,GAM_L1,13,-0.0,false,lata
135,Del_Valle_Uva,Gama,GAM_L1,14,-0.0,false,lata
135,Del_Valle_Uva,Gama,GAM_L1,15,-0.0,false,lata
135,Del_Valle_Uva,Gama,GAM_L2,1,-0.0,false,lata
135,Del_Valle_Uva,Gama,GAM_L2,2,-0.0,false,lata
135,Del_Valle_Uva,Gama,GAM_L2,3,-0.0,false,lata
135,Del_Valle_Uva,Gama,GAM_L2,4,-0.0,false,lata
135,Del_Valle_Uva,Gama,GAM_L2,5,-0.0,false,lata
135,Del_Valle_Uva,Gama,GAM_L2,6,-0.0,false,lata
135,Del_Valle_Uva,Gama,GAM_L2,7,-0.0,false,lata
135,Del_Valle_Uva,Gama,GAM_L2,8,-0.0,false,lata
135,Del_Valle_Uva,Gama,GAM_L2,9,-0.0,false,lata
135,Del_Valle_Uva,Gama,GAM_L2,10,-0.0,false,lata
135,Del_Valle_Uva,Gama,GAM_L2,11,-0.0,false,lata
135,Del_Valle_Uva,Gama,GAM_L2,12,-0.0,false,lata
135,Del_Valle_Uva,Gama,GAM_L2,13,-0.0,false,lata
135,Del_Valle_Uva,Gama,GAM_L2,14,-0.0,false,lata
135,Del_Valle_Uva,Gama,GAM_L2,15,-0.0,false,lata
135,Del_Valle_Uva,Gama,GAM_L3,1,-0.0,false,lata
135,Del_Valle_Uva,Gama,GAM_L3,2,-1.0e6,true,lata
135,Del_Valle_Uva,Gama,GAM_L3,3,-0.0,false,lata
135,Del_Valle_Uva,Gama,GAM_L3,4,-0.0,false,lata
135,Del_Valle_Uva,Gama,GAM_L3,5,-0.0,false,lata
135,Del_Valle_Uva,Gama,GAM_L3,6,-999999.9519046001,false,lata
135,Del_Valle_Uva,Gama,GAM_L3,7,-0.0,false,lata
135,Del_Valle_Uva,Gama,GAM_L3,8,-0.0,false,lata
135,Del_Valle_Uva,Gama,GAM_L3,9,-0.0,false,lata
135,Del_Valle_Uva,Gama,GAM_L3,10,-0.0,false,lata
135,Del_Valle_Uva,Gama,GAM_L3,11,-0.0,false,lata
135,Del_Valle_Uva,Gama,GAM_L3,12,-0.0,false,lata
135,Del_Valle_Uva,Gama,GAM_L3,13,-0.0,false,lata
135,Del_Valle_Uva,Gama,GAM_L3,14,-0.0,false,lata
135,Del_Valle_Uva,Gama,GAM_L3,15,-0.0,false,lata
135,Del_Valle_Uva,Viamao,VIA_L1,1,-0.0,false,lata
135,Del_Valle_Uva,Viamao,VIA_L1,2,-0.0,false,lata
135,Del_Valle_Uva,Viamao,VIA_L1,3,-0.0,false,lata
135,Del_Valle_Uva,Viamao,VIA_L1,4,-0.0,false,lata
135,Del_Valle_Uva,Viamao,VIA_L1,5,-0.0,false,lata
135,Del_Valle_Uva,Viamao,VIA_L1,6,-0.0,false,lata
135,Del_Valle_Uva,Viamao,VIA_L1,7,-0.0,false,lata
135,Del_Valle_Uva,Viamao,VIA_L1,8,-999999.9592731502,false,lata
135,Del_Valle_Uva,Viamao,VIA_L1,9,-0.0,false,lata
135,Del_Valle_Uva,Viamao,VIA_L1,10,-999999.9479264999,false,lata
135,Del_Valle_Uva,Viamao,VIA_L1,11,-0.0,false,lata
135,Del_Valle_Uva,Viamao,VIA_L1,12,-0.0,false,lata
135,Del_Valle_Uva,Viamao,VIA_L1,13,-0.0,false,lata
135,Del_Valle_Uva,Viamao,VIA_L1,14,-0.0,false,lata
135,Del_Valle_Uva,Viamao,VIA_L1,15,-0.0,false,lata
135,Del_Valle_Uva,Viamao,VIA_L2,1,-0.0,false,lata
135,Del_Valle_Uva,Viamao,VIA_L2,2,-0.0,false,lata
135,Del_Valle_Uva,Viamao,VIA_L2,3,-0.0,false,lata
135,Del_Valle_Uva,Viamao,VIA_L2,4,-999999.9645093,false,lata
135,Del_Valle_Uva,Viamao,VIA_L2,5,-0.0,false,lata
135,Del_Valle_Uva,Viamao,VIA_L2,6,-0.0,false,lata
135,Del_Valle_Uva,Viamao,VIA_L2,7,-0.0,false,lata
135,Del_Valle_Uva,Viamao,VIA_L2,8,-0.0,false,lata
135,Del_Valle_Uva,Viamao,VIA_L2,9,-0.0,false,lata
135,Del_Valle_Uva,Viamao,VIA_L2,10,-0.0,false,lata
135,Del_Valle_Uva,Viamao,VIA_L2,11,-0.0,false,lata
135,Del_Valle_Uva,Viamao,VIA_L2,12,-0.0,false,lata
135,Del_Valle_Uva,Viamao,VIA_L2,13,-0.0,false,lata
135,Del_Valle_Uva,Viamao,VIA_L2,14,-0.0,false,lata
135,Del_Valle_Uva,Viamao,VIA_L2,15,-0.0,false,lata
135,Del_Valle_Uva,Viamao,VIA_L3,1,-0.0,false,lata
135,Del_Valle_Uva,Viamao,VIA_L3,2,-0.0,false,lata
135,Del_Valle_Uva,Viamao,VIA_L3,3,-0.0,false,lata
135,Del_Valle_Uva,Viamao,VIA_L3,4,-0.0,false,lata
135,Del_Valle_Uva,Viamao,VIA_L3,5,-0.0,false,lata
135,Del_Valle_Uva,Viamao,VIA_L3,6,-0.0,false,lata
135,Del_Valle_Uva,Viamao,VIA_L3,7,-0.0,false,lata
135,Del_Valle_Uva,Viamao,VIA_L3,8,-0.0,false,lata
135,Del_Valle_Uva,Viamao,VIA_L3,9,-0.0,false,lata
135,Del_Valle_Uva,Viamao,VIA_L3,10,-0.0,false,lata
135,Del_Valle_Uva,Viamao,VIA_L3,11,-0.0,false,lata
135,Del_Valle_Uva,Viamao,VIA_L3,12,-0.0,false,lata
135,Del_Valle_Uva,Viamao,VIA_L3,13,-0.0,false,lata
135,Del_Valle_Uva,Viamao,VIA_L3,14,-0.0,false,lata
135,Del_Valle_Uva,Viamao,VIA_L3,15,-0.0,false,lata
135,Del_Valle_Uva,Itupeva,ITU_L1,1,-0.0,false,lata
135,Del_Valle_Uva,Itupeva,ITU_L1,2,-1.0e6,true,lata
135,Del_Valle_Uva,Itupeva,ITU_L1,3,-0.0,false,lata
135,Del_Valle_Uva,Itupeva,ITU_L1,4,-0.0,false,lata
135,Del_Valle_Uva,Itupeva,ITU_L1,5,-0.0,false,lata
135,Del_Valle_Uva,Itupeva,ITU_L1,6,-0.0,false,lata
135,Del_Valle_Uva,Itupeva,ITU_L1,7,-0.0,false,lata
135,Del_Valle_Uva,Itupeva,ITU_L1,8,-0.0,false,lata
135,Del_Valle_Uva,Itupeva,ITU_L1,9,-0.0,false,lata
135,Del_Valle_Uva,Itupeva,ITU_L1,10,-0.0,false,lata
135,Del_Valle_Uva,Itupeva,ITU_L1,11,-0.0,false,lata
135,Del_Valle_Uva,Itupeva,ITU_L1,12,-0.0,false,lata
135,Del_Valle_Uva,Itupeva,ITU_L1,13,-0.0,false,lata
135,Del_Valle_Uva,Itupeva,ITU_L1,14,-0.0,false,lata
135,Del_Valle_Uva,Itupeva,ITU_L1,15,-0.0,false,lata
135,Del_Valle_Uva,Itupeva,ITU_L2,1,-0.0,false,lata
135,Del_Valle_Uva,Itupeva,ITU_L2,2,-0.0,false,lata
135,Del_Valle_Uva,Itupeva,ITU_L2,3,-0.0,false,lata
135,Del_Valle_Uva,Itupeva,ITU_L2,4,-0.0,false,lata
135,Del_Valle_Uva,Itupeva,ITU_L2,5,-0.0,false,lata
135,Del_Valle_Uva,Itupeva,ITU_L2,6,-0.0,false,lata
135,Del_Valle_Uva,Itupeva,ITU_L2,7,-0.0,false,lata
135,Del_Valle_Uva,Itupeva,ITU_L2,8,-0.0,false,lata
135,Del_Valle_Uva,Itupeva,ITU_L2,9,-0.0,false,lata
135,Del_Valle_Uva,Itupeva,ITU_L2,10,-0.0,false,lata
135,Del_Valle_Uva,Itupeva,ITU_L2,11,-0.0,false,lata
135,Del_Valle_Uva,Itupeva,ITU_L2,12,-0.0,false,lata
135,Del_Valle_Uva,Itupeva,ITU_L2,13,-0.0,false,lata
135,Del_Valle_Uva,Itupeva,ITU_L2,14,-0.0,false,lata
135,Del_Valle_Uva,Itupeva,ITU_L2,15,-0.0,false,lata
135,Del_Valle_Uva,Itupeva,ITU_L3,1,-0.0,false,lata
135,Del_Valle_Uva,Itupeva,ITU_L3,2,-1.0e6,true,lata
135,Del_Valle_Uva,Itupeva,ITU_L3,3,-0.0,false,lata
135,Del_Valle_Uva,Itupeva,ITU_L3,4,-0.0,false,lata
135,Del_Valle_Uva,Itupeva,ITU_L3,5,-999999.7465150999,false,lata
135,Del_Valle_Uva,Itupeva,ITU_L3,6,-0.0,false,lata
135,Del_Valle_Uva,Itupeva,ITU_L3,7,-0.0,false,lata
135,Del_Valle_Uva,Itupeva,ITU_L3,8,-0.0,false,lata
135,Del_Valle_Uva,Itupeva,ITU_L3,9,-0.0,false,lata
135,Del_Valle_Uva,Itupeva,ITU_L3,10,-0.0,false,lata
135,Del_Valle_Uva,Itupeva,ITU_L3,11,-0.0,false,lata
135,Del_Valle_Uva,Itupeva,ITU_L3,12,-0.0,false,lata
135,Del_Valle_Uva,Itupeva,ITU_L3,13,-0.0,false,lata
135,Del_Valle_Uva,Itupeva,ITU_L3,14,-0.0,false,lata
135,Del_Valle_Uva,Itupeva,ITU_L3,15,-0.0,false,lata
135,Del_Valle_Uva,Cabo de Santo Agostinho,CAB_L1,1,-0.0,false,lata
135,Del_Valle_Uva,Cabo de Santo Agostinho,CAB_L1,2,-0.0,false,lata
135,Del_Valle_Uva,Cabo de Santo Agostinho,CAB_L1,3,-0.0,false,lata
135,Del_Valle_Uva,Cabo de Santo Agostinho,CAB_L1,4,-0.0,false,lata
135,Del_Valle_Uva,Cabo de Santo Agostinho,CAB_L1,5,-0.0,false,lata
135,Del_Valle_Uva,Cabo de Santo Agostinho,CAB_L1,6,-999999.9281059002,false,lata
135,Del_Valle_Uva,Cabo de Santo Agostinho,CAB_L1,7,-0.0,false,lata
135,Del_Valle_Uva,Cabo de Santo Agostinho,CAB_L1,8,-0.0,false,lata
135,Del_Valle_Uva,Cabo de Santo Agostinho,CAB_L1,9,-0.0,false,lata
135,Del_Valle_Uva,Cabo de Santo Agostinho,CAB_L1,10,-0.0,false,lata
135,Del_Valle_Uva,Cabo de Santo Agostinho,CAB_L1,11,-0.0,false,lata
135,Del_Valle_Uva,Cabo de Santo Agostinho,CAB_L1,12,-0.0,false,lata
135,Del_Valle_Uva,Cabo de Santo Agostinho,CAB_L1,13,-0.0,false,lata
135,Del_Valle_Uva,Cabo de Santo Agostinho,CAB_L1,14,-0.0,false,lata
135,Del_Valle_Uva,Cabo de Santo Agostinho,CAB_L1,15,-0.0,false,lata
135,Del_Valle_Uva,Cabo de Santo Agostinho,CAB_L2,1,-0.0,false,lata
135,Del_Valle_Uva,Cabo de Santo Agostinho,CAB_L2,2,-0.0,false,lata
135,Del_Valle_Uva,Cabo de Santo Agostinho,CAB_L2,3,-0.0,false,lata
135,Del_Valle_Uva,Cabo de Santo Agostinho,CAB_L2,4,-0.0,false,lata
135,Del_Valle_Uva,Cabo de Santo Agostinho,CAB_L2,5,-0.0,false,lata
135,Del_Valle_Uva,Cabo de Santo Agostinho,CAB_L2,6,-0.0,false,lata
135,Del_Valle_Uva,Cabo de Santo Agostinho,CAB_L2,7,-0.0,false,lata
135,Del_Valle_Uva,Cabo de Santo Agostinho,CAB_L2,8,-0.0,false,lata
135,Del_Valle_Uva,Cabo de Santo Agostinho,CAB_L2,9,-0.0,false,lata
135,Del_Valle_Uva,Cabo de Santo Agostinho,CAB_L2,10,-0.0,false,lata
135,Del_Valle_Uva,Cabo de Santo Agostinho,CAB_L2,11,-0.0,false,lata
135,Del_Valle_Uva,Cabo de Santo Agostinho,CAB_L2,12,-0.0,false,lata
135,Del_Valle_Uva,Cabo de Santo Agostinho,CAB_L2,13,-0.0,false,lata
135,Del_Valle_Uva,Cabo de Santo Agostinho,CAB_L2,14,-0.0,false,lata
135,Del_Valle_Uva,Cabo de Santo Agostinho,CAB_L2,15,-0.0,false,lata
135,Del_Valle_Uva,Cabo de Santo Agostinho,CAB_L3,1,-0.0,false,lata
135,Del_Valle_Uva,Cabo de Santo Agostinho,CAB_L3,2,-0.0,false,lata
135,Del_Valle_Uva,Cabo de Santo Agostinho,CAB_L3,3,-0.0,false,lata
135,Del_Valle_Uva,Cabo de Santo Agostinho,CAB_L3,4,-1.0e6,true,lata
135,Del_Valle_Uva,Cabo de Santo Agostinho,CAB_L3,5,-0.0,false,lata
135,Del_Valle_Uva,Cabo de Santo Agostinho,CAB_L3,6,-0.0,false,lata
135,Del_Valle_Uva,Cabo de Santo Agostinho,CAB_L3,7,-999999.7348638503,false,lata
135,Del_Valle_Uva,Cabo de Santo Agostinho,CAB_L3,8,-0.0,false,lata
135,Del_Valle_Uva,Cabo de Santo Agostinho,CAB_L3,9,-0.0,false,lata
135,Del_Valle_Uva,Cabo de Santo Agostinho,CAB_L3,10,-0.0,false,lata
135,Del_Valle_Uva,Cabo de Santo Agostinho,CAB_L3,11,-0.0,false,lata
135,Del_Valle_Uva,Cabo de Santo Agostinho,CAB_L3,12,-0.0,false,lata
135,Del_Valle_Uva,Cabo de Santo Agostinho,CAB_L3,13,-0.0,false,lata
135,Del_Valle_Uva,Cabo de Santo Agostinho,CAB_L3,14,-0.0,false,lata
135,Del_Valle_Uva,Cabo de Santo Agostinho,CAB_L3,15,-999999.8729981999,false,lata
135,Fanta_Uva,Jacarei,JAC_L1,1,-0.0,false,lata
135,Fanta_Uva,Jacarei,JAC_L1,2,-0.0,false,lata
135,Fanta_Uva,Jacarei,JAC_L1,3,-0.0,false,lata
135,Fanta_Uva,Jacarei,JAC_L1,4,-0.0,false,lata
135,Fanta_Uva,Jacarei,JAC_L1,5,-999999.6925263003,false,lata
135,Fanta_Uva,Jacarei,JAC_L1,6,-0.0,false,lata
135,Fanta_Uva,Jacarei,JAC_L1,7,-0.0,false,lata
135,Fanta_Uva,Jacarei,JAC_L1,8,-999999.3454335998,false,lata
135,Fanta_Uva,Jacarei,JAC_L1,9,-0.0,false,lata
135,Fanta_Uva,Jacarei,JAC_L1,10,-0.0,false,lata
135,Fanta_Uva,Jacarei,JAC_L1,11,-0.0,false,lata
135,Fanta_Uva,Jacarei,JAC_L1,12,-0.0,false,lata
135,Fanta_Uva,Jacarei,JAC_L1,13,-0.0,false,lata
135,Fanta_Uva,Jacarei,JAC_L1,14,-0.0,false,lata
135,Fanta_Uva,Jacarei,JAC_L1,15,-0.0,false,lata
135,Fanta_Uva,Jacarei,JAC_L2,1,-0.0,false,lata
135,Fanta_Uva,Jacarei,JAC_L2,2,-0.0,false,lata
135,Fanta_Uva,Jacarei,JAC_L2,3,-0.0,false,lata
135,Fanta_Uva,Jacarei,JAC_L2,4,-0.0,false,lata
135,Fanta_Uva,Jacarei,JAC_L2,5,-0.0,false,lata
135,Fanta_Uva,Jacarei,JAC_L2,6,-0.0,false,lata
135,Fanta_Uva,Jacarei,JAC_L2,7,-0.0,false,lata
135,Fanta_Uva,Jacarei,JAC_L2,8,-0.0,false,lata
135,Fanta_Uva,Jacarei,JAC_L2,9,-0.0,false,lata
135,Fanta_Uva,Jacarei,JAC_L2,10,-0.0,false,lata
135,Fanta_Uva,Jacarei,JAC_L2,11,-0.0,false,lata
135,Fanta_Uva,Jacarei,JAC_L2,12,-0.0,false,lata
135,Fanta_Uva,Jacarei,JAC_L2,13,-0.0,false,lata
135,Fanta_Uva,Jacarei,JAC_L2,14,-0.0,false,lata
135,Fanta_Uva,Jacarei,JAC_L2,15,-0.0,false,lata
135,Fanta_Uva,Jacarei,JAC_L3,1,-0.0,false,lata
135,Fanta_Uva,Jacarei,JAC_L3,2,-0.0,false,lata
135,Fanta_Uva,Jacarei,JAC_L3,3,-0.0,false,lata
135,Fanta_Uva,Jacarei,JAC_L3,4,-0.0,false,lata
135,Fanta_Uva,Jacarei,JAC_L3,5,-0.0,false,lata
135,Fanta_Uva,Jacarei,JAC_L3,6,-0.0,false,lata
135,Fanta_Uva,Jacarei,JAC_L3,7,-0.0,false,lata
135,Fanta_Uva,Jacarei,JAC_L3,8,-0.0,false,lata
135,Fanta_Uva,Jacarei,JAC_L3,9,-0.0,false,lata
135,Fanta_Uva,Jacarei,JAC_L3,10,-0.0,false,lata
135,Fanta_Uva,Jacarei,JAC_L3,11,-0.0,false,lata
135,Fanta_Uva,Jacarei,JAC_L3,12,-0.0,false,lata
135,Fanta_Uva,Jacarei,JAC_L3,13,-0.0,false,lata
135,Fanta_Uva,Jacarei,JAC_L3,14,-0.0,false,lata
135,Fanta_Uva,Jacarei,JAC_L3,15,-0.0,false,lata
135,Fanta_Uva,Extrema,EXT_L1,1,-0.0,false,lata
135,Fanta_Uva,Extrema,EXT_L1,2,-0.0,false,lata
135,Fanta_Uva,Extrema,EXT_L1,3,-0.0,false,lata
135,Fanta_Uva,Extrema,EXT_L1,4,-0.0,false,lata
135,Fanta_Uva,Extrema,EXT_L1,5,-0.0,false,lata
135,Fanta_Uva,Extrema,EXT_L1,6,-0.0,false,lata
135,Fanta_Uva,Extrema,EXT_L1,7,-0.0,false,lata
135,Fanta_Uva,Extrema,EXT_L1,8,-0.0,false,lata
135,Fanta_Uva,Extrema,EXT_L1,9,-0.0,false,lata
135,Fanta_Uva,Extrema,EXT_L1,10,-0.0,false,lata
135,Fanta_Uva,Extrema,EXT_L1,11,-0.0,false,lata
135,Fanta_Uva,Extrema,EXT_L1,12,-999999.9881006001,false,lata
135,Fanta_Uva,Extrema,EXT_L1,13,-0.0,false,lata
135,Fanta_Uva,Extrema,EXT_L1,14,-999999.9980683001,false,lata
135,Fanta_Uva,Extrema,EXT_L1,15,-0.0,false,lata
135,Fanta_Uva,Extrema,EXT_L2,1,-0.0,false,lata
135,Fanta_Uva,Extrema,EXT_L2,2,-999999.9637508502,false,lata
135,Fanta_Uva,Extrema,EXT_L2,3,-0.0,false,lata
135,Fanta_Uva,Extrema,EXT_L2,4,-0.0,false,lata
135,Fanta_Uva,Extrema,EXT_L2,5,-0.0,false,lata
135,Fanta_Uva,Extrema,EXT_L2,6,-0.0,false,lata
135,Fanta_Uva,Extrema,EXT_L2,7,-0.0,false,lata
135,Fanta_Uva,Extrema,EXT_L2,8,-0.0,false,lata
135,Fanta_Uva,Extrema,EXT_L2,9,-0.0,false,lata
135,Fanta_Uva,Extrema,EXT_L2,10,-0.0,false,lata
135,Fanta_Uva,Extrema,EXT_L2,11,-0.0,false,lata
135,Fanta_Uva,Extrema,EXT_L2,12,-0.0,false,lata
135,Fanta_Uva,Extrema,EXT_L2,13,-0.0,false,lata
135,Fanta_Uva,Extrema,EXT_L2,14,-0.0,false,lata
135,Fanta_Uva,Extrema,EXT_L2,15,-0.0,false,lata
135,Fanta_Uva,Extrema,EXT_L3,1,-999999.9178271501,false,lata
135,Fanta_Uva,Extrema,EXT_L3,2,-0.0,false,lata
135,Fanta_Uva,Extrema,EXT_L3,3,-0.0,false,lata
135,Fanta_Uva,Extrema,EXT_L3,4,-0.0,false,lata
135,Fanta_Uva,Extrema,EXT_L3,5,-0.0,false,lata
135,Fanta_Uva,Extrema,EXT_L3,6,-0.0,false,lata
135,Fanta_Uva,Extrema,EXT_L3,7,-0.0,false,lata
135,Fanta_Uva,Extrema,EXT_L3,8,-0.0,false,lata
135,Fanta_Uva,Extrema,EXT_L3,9,-0.0,false,lata
135,Fanta_Uva,Extrema,EXT_L3,10,-999999.3834007999,false,lata
135,Fanta_Uva,Extrema,EXT_L3,11,-0.0,false,lata
135,Fanta_Uva,Extrema,EXT_L3,12,-999999.9881006001,false,lata
135,Fanta_Uva,Extrema,EXT_L3,13,-0.0,false,lata
135,Fanta_Uva,Extrema,EXT_L3,14,-0.0,false,lata
135,Fanta_Uva,Extrema,EXT_L3,15,-0.0,false,lata
135,Fanta_Uva,Tres Rios,TRE_L1,1,-0.0,false,lata
135,Fanta_Uva,Tres Rios,TRE_L1,2,-0.0,false,lata
135,Fanta_Uva,Tres Rios,TRE_L1,3,-0.0,false,lata
135,Fanta_Uva,Tres Rios,TRE_L1,4,-0.0,false,lata
135,Fanta_Uva,Tres Rios,TRE_L1,5,-0.0,false,lata
135,Fanta_Uva,Tres Rios,TRE_L1,6,-0.0,false,lata
135,Fanta_Uva,Tres Rios,TRE_L1,7,-0.0,false,lata
135,Fanta_Uva,Tres Rios,TRE_L1,8,-999999.3569855997,false,lata
135,Fanta_Uva,Tres Rios,TRE_L1,9,-0.0,false,lata
135,Fanta_Uva,Tres Rios,TRE_L1,10,-0.0,false,lata
135,Fanta_Uva,Tres Rios,TRE_L1,11,-0.0,false,lata
135,Fanta_Uva,Tres Rios,TRE_L1,12,-0.0,false,lata
135,Fanta_Uva,Tres Rios,TRE_L1,13,-0.0,false,lata
135,Fanta_Uva,Tres Rios,TRE_L1,14,-0.0,false,lata
135,Fanta_Uva,Tres Rios,TRE_L1,15,-0.0,false,lata
135,Fanta_Uva,Tres Rios,TRE_L2,1,-999999.9316243001,false,lata
135,Fanta_Uva,Tres Rios,TRE_L2,2,-0.0,false,lata
135,Fanta_Uva,Tres Rios,TRE_L2,3,-0.0,false,lata
135,Fanta_Uva,Tres Rios,TRE_L2,4,-0.0,false,lata
135,Fanta_Uva,Tres Rios,TRE_L2,5,-0.0,false,lata
135,Fanta_Uva,Tres Rios,TRE_L2,6,-0.0,false,lata
135,Fanta_Uva,Tres Rios,TRE_L2,7,-0.0,false,lata
135,Fanta_Uva,Tres Rios,TRE_L2,8,-0.0,false,lata
135,Fanta_Uva,Tres Rios,TRE_L2,9,-0.0,false,lata
135,Fanta_Uva,Tres Rios,TRE_L2,10,-0.0,false,lata
135,Fanta_Uva,Tres Rios,TRE_L2,11,-0.0,false,lata
135,Fanta_Uva,Tres Rios,TRE_L2,12,-999999.9976798,false,lata
135,Fanta_Uva,Tres Rios,TRE_L2,13,-0.0,false,lata
135,Fanta_Uva,Tres Rios,TRE_L2,14,-0.0,false,lata
135,Fanta_Uva,Tres Rios,TRE_L2,15,-999999.6401281501,false,lata
135,Fanta_Uva,Tres Rios,TRE_L3,1,-0.0,false,lata
135,Fanta_Uva,Tres Rios,TRE_L3,2,-0.0,false,lata
135,Fanta_Uva,Tres Rios,TRE_L3,3,-0.0,false,lata
135,Fanta_Uva,Tres Rios,TRE_L3,4,-0.0,false,lata
135,Fanta_Uva,Tres Rios,TRE_L3,5,-0.0,false,lata
135,Fanta_Uva,Tres Rios,TRE_L3,6,-0.0,false,lata
135,Fanta_Uva,Tres Rios,TRE_L3,7,-0.0,false,lata
135,Fanta_Uva,Tres Rios,TRE_L3,8,-0.0,false,lata
135,Fanta_Uva,Tres Rios,TRE_L3,9,-999999.6571964498,false,lata
135,Fanta_Uva,Tres Rios,TRE_L3,10,-0.0,false,lata
135,Fanta_Uva,Tres Rios,TRE_L3,11,-0.0,false,lata
135,Fanta_Uva,Tres Rios,TRE_L3,12,-0.0,false,lata
135,Fanta_Uva,Tres Rios,TRE_L3,13,-0.0,false,lata
135,Fanta_Uva,Tres Rios,TRE_L3,14,-0.0,false,lata
135,Fanta_Uva,Tres Rios,TRE_L3,15,-0.0,false,lata
135,Fanta_Uva,Alagoinhas,ALA_L1,1,-0.0,false,lata
135,Fanta_Uva,Alagoinhas,ALA_L1,2,-0.0,false,lata
135,Fanta_Uva,Alagoinhas,ALA_L1,3,-0.0,false,lata
135,Fanta_Uva,Alagoinhas,ALA_L1,4,-0.0,false,lata
135,Fanta_Uva,Alagoinhas,ALA_L1,5,-0.0,false,lata
135,Fanta_Uva,Alagoinhas,ALA_L1,6,-0.0,false,lata
135,Fanta_Uva,Alagoinhas,ALA_L1,7,-0.0,false,lata
135,Fanta_Uva,Alagoinhas,ALA_L1,8,-0.0,false,lata
135,Fanta_Uva,Alagoinhas,ALA_L1,9,-0.0,false,lata
135,Fanta_Uva,Alagoinhas,ALA_L1,10,-0.0,false,lata
135,Fanta_Uva,Alagoinhas,ALA_L1,11,-0.0,false,lata
135,Fanta_Uva,Alagoinhas,ALA_L1,12,-0.0,false,lata
135,Fanta_Uva,Alagoinhas,ALA_L1,13,-0.0,false,lata
135,Fanta_Uva,Alagoinhas,ALA_L1,14,-0.0,false,lata
135,Fanta_Uva,Alagoinhas,ALA_L1,15,-0.0,false,lata
135,Fanta_Uva,Alagoinhas,ALA_L2,1,-0.0,false,lata
135,Fanta_Uva,Alagoinhas,ALA_L2,2,-0.0,false,lata
135,Fanta_Uva,Alagoinhas,ALA_L2,3,-0.0,false,lata
135,Fanta_Uva,Alagoinhas,ALA_L2,4,-0.0,false,lata
135,Fanta_Uva,Alagoinhas,ALA_L2,5,-0.0,false,lata
135,Fanta_Uva,Alagoinhas,ALA_L2,6,-0.0,false,lata
135,Fanta_Uva,Alagoinhas,ALA_L2,7,-999999.67,false,lata
135,Fanta_Uva,Alagoinhas,ALA_L2,8,-0.0,false,lata
135,Fanta_Uva,Alagoinhas,ALA_L2,9,-0.0,false,lata
135,Fanta_Uva,Alagoinhas,ALA_L2,10,-0.0,false,lata
135,Fanta_Uva,Alagoinhas,ALA_L2,11,-0.0,false,lata
135,Fanta_Uva,Alagoinhas,ALA_L2,12,-0.0,false,lata
135,Fanta_Uva,Alagoinhas,ALA_L2,13,-0.0,false,lata
135,Fanta_Uva,Alagoinhas,ALA_L2,14,-0.0,false,lata
135,Fanta_Uva,Alagoinhas,ALA_L2,15,-0.0,false,lata
135,Fanta_Uva,Alagoinhas,ALA_L3,1,-0.0,false,lata
135,Fanta_Uva,Alagoinhas,ALA_L3,2,-1.0e6,true,lata
135,Fanta_Uva,Alagoinhas,ALA_L3,3,-0.0,false,lata
135,Fanta_Uva,Alagoinhas,ALA_L3,4,-0.0,false,lata
135,Fanta_Uva,Alagoinhas,ALA_L3,5,-999999.7318310501,false,lata
135,Fanta_Uva,Alagoinhas,ALA_L3,6,-0.0,false,lata
135,Fanta_Uva,Alagoinhas,ALA_L3,7,-0.0,false,lata
135,Fanta_Uva,Alagoinhas,ALA_L3,8,-999999.4079866498,false,lata
135,Fanta_Uva,Alagoinhas,ALA_L3,9,-0.0,false,lata
135,Fanta_Uva,Alagoinhas,ALA_L3,10,-0.0,false,lata
135,Fanta_Uva,Alagoinhas,ALA_L3,11,-0.0,false,lata
135,Fanta_Uva,Alagoinhas,ALA_L3,12,-0.0,false,lata
135,Fanta_Uva,Alagoinhas,ALA_L3,13,-0.0,false,lata
135,Fanta_Uva,Alagoinhas,ALA_L3,14,-0.0,false,lata
135,Fanta_Uva,Alagoinhas,ALA_L3,15,-0.0,false,lata
135,Fanta_Uva,Frutal,FRU_L1,1,-999999.9309738001,false,lata
135,Fanta_Uva,Frutal,FRU_L1,2,-0.0,false,lata
135,Fanta_Uva,Frutal,FRU_L1,3,-0.0,false,lata
135,Fanta_Uva,Frutal,FRU_L1,4,-0.0,false,lata
135,Fanta_Uva,Frutal,FRU_L1,5,-0.0,false,lata
135,Fanta_Uva,Frutal,FRU_L1,6,-999999.9994918501,false,lata
135,Fanta_Uva,Frutal,FRU_L1,7,-0.0,false,lata
135,Fanta_Uva,Frutal,FRU_L1,8,-999999.3554585997,false,lata
135,Fanta_Uva,Frutal,FRU_L1,9,-0.0,false,lata
135,Fanta_Uva,Frutal,FRU_L1,10,-0.0,false,lata
135,Fanta_Uva,Frutal,FRU_L1,11,-0.0,false,lata
135,Fanta_Uva,Frutal,FRU_L1,12,-0.0,false,lata
135,Fanta_Uva,Frutal,FRU_L1,13,-0.0,false,lata
135,Fanta_Uva,Frutal,FRU_L1,14,-0.0,false,lata
135,Fanta_Uva,Frutal,FRU_L1,15,-0.0,false,lata
135,Fanta_Uva,Frutal,FRU_L2,1,-0.0,false,lata
135,Fanta_Uva,Frutal,FRU_L2,2,-999999.9724952001,false,lata
135,Fanta_Uva,Frutal,FRU_L2,3,-0.0,false,lata
135,Fanta_Uva,Frutal,FRU_L2,4,-0.0,false,lata
135,Fanta_Uva,Frutal,FRU_L2,5,-0.0,false,lata
135,Fanta_Uva,Frutal,FRU_L2,6,-999999.9994918501,false,lata
135,Fanta_Uva,Frutal,FRU_L2,7,-0.0,false,lata
135,Fanta_Uva,Frutal,FRU_L2,8,-0.0,false,lata
135,Fanta_Uva,Frutal,FRU_L2,9,-0.0,false,lata
135,Fanta_Uva,Frutal,FRU_L2,10,-0.0,false,lata
135,Fanta_Uva,Frutal,FRU_L2,11,-0.0,false,lata
135,Fanta_Uva,Frutal,FRU_L2,12,-0.0,false,lata
135,Fanta_Uva,Frutal,FRU_L2,13,-0.0,false,lata
135,Fanta_Uva,Frutal,FRU_L2,14,-0.0,false,lata
135,Fanta_Uva,Frutal,FRU_L2,15,-0.0,false,lata
135,Fanta_Uva,Frutal,FRU_L3,1,-0.0,false,lata
135,Fanta_Uva,Frutal,FRU_L3,2,-0.0,false,lata
135,Fanta_Uva,Frutal,FRU_L3,3,-0.0,false,lata
135,Fanta_Uva,Frutal,FRU_L3,4,-999999.4044023002,false,lata
135,Fanta_Uva,Frutal,FRU_L3,5,-0.0,false,lata
135,Fanta_Uva,Frutal,FRU_L3,6,-0.0,false,lata
135,Fanta_Uva,Frutal,FRU_L3,7,-0.0,false,lata
135,Fanta_Uva,Frutal,FRU_L3,8,-0.0,false,lata
135,Fanta_Uva,Frutal,FRU_L3,9,-0.0,false,lata
135,Fanta_Uva,Frutal,FRU_L3,10,-0.0,false,lata
135,Fanta_Uva,Frutal,FRU_L3,11,-0.0,false,lata
135,Fanta_Uva,Frutal,FRU_L3,12,-0.0,false,lata
135,Fanta_Uva,Frutal,FRU_L3,13,-0.0,false,lata
135,Fanta_Uva,Frutal,FRU_L3,14,-0.0,false,lata
135,Fanta_Uva,Frutal,FRU_L3,15,-0.0,false,lata
135,Fanta_Uva,Pouso Alegre,POU_L1,1,-0.0,false,lata
135,Fanta_Uva,Pouso Alegre,POU_L1,2,-0.0,false,lata
135,Fanta_Uva,Pouso Alegre,POU_L1,3,-0.0,false,lata
135,Fanta_Uva,Pouso Alegre,POU_L1,4,-0.0,false,lata
135,Fanta_Uva,Pouso Alegre,POU_L1,5,-0.0,false,lata
135,Fanta_Uva,Pouso Alegre,POU_L1,6,-0.0,false,lata
135,Fanta_Uva,Pouso Alegre,POU_L1,7,-0.0,false,lata
135,Fanta_Uva,Pouso Alegre,POU_L1,8,-0.0,false,lata
135,Fanta_Uva,Pouso Alegre,POU_L1,9,-0.0,false,lata
135,Fanta_Uva,Pouso Alegre,POU_L1,10,-0.0,false,lata
135,Fanta_Uva,Pouso Alegre,POU_L1,11,-0.0,false,lata
135,Fanta_Uva,Pouso Alegre,POU_L1,12,-0.0,false,lata
135,Fanta_Uva,Pouso Alegre,POU_L1,13,-0.0,false,lata
135,Fanta_Uva,Pouso Alegre,POU_L1,14,-0.0,false,lata
135,Fanta_Uva,Pouso Alegre,POU_L1,15,-0.0,false,lata
135,Fanta_Uva,Pouso Alegre,POU_L2,1,-0.0,false,lata
135,Fanta_Uva,Pouso Alegre,POU_L2,2,-0.0,false,lata
135,Fanta_Uva,Pouso Alegre,POU_L2,3,-0.0,false,lata
135,Fanta_Uva,Pouso Alegre,POU_L2,4,-0.0,false,lata
135,Fanta_Uva,Pouso Alegre,POU_L2,5,-0.0,false,lata
135,Fanta_Uva,Pouso Alegre,POU_L2,6,-0.0,false,lata
135,Fanta_Uva,Pouso Alegre,POU_L2,7,-0.0,false,lata
135,Fanta_Uva,Pouso Alegre,POU_L2,8,-0.0,false,lata
135,Fanta_Uva,Pouso Alegre,POU_L2,9,-999999.6498672499,false,lata
135,Fanta_Uva,Pouso Alegre,POU_L2,10,-0.0,false,lata
135,Fanta_Uva,Pouso Alegre,POU_L2,11,-0.0,false,lata
135,Fanta_Uva,Pouso Alegre,POU_L2,12,-999999.9867538001,false,lata
135,Fanta_Uva,Pouso Alegre,POU_L2,13,-0.0,false,lata
135,Fanta_Uva,Pouso Alegre,POU_L2,14,-0.0,false,lata
135,Fanta_Uva,Pouso Alegre,POU_L2,15,-0.0,false,lata
135,Fanta_Uva,Pouso Alegre,POU_L3,1,-0.0,false,lata
135,Fanta_Uva,Pouso Alegre,POU_L3,2,-0.0,false,lata
135,Fanta_Uva,Pouso Alegre,POU_L3,3,-0.0,false,lata
135,Fanta_Uva,Pouso Alegre,POU_L3,4,-0.0,false,lata
135,Fanta_Uva,Pouso Alegre,POU_L3,5,-0.0,false,lata
135,Fanta_Uva,Pouso Alegre,POU_L3,6,-0.0,false,lata
135,Fanta_Uva,Pouso Alegre,POU_L3,7,-999999.6266174,false,lata
135,Fanta_Uva,Pouso Alegre,POU_L3,8,-0.0,false,lata
135,Fanta_Uva,Pouso Alegre,POU_L3,9,-0.0,false,lata
135,Fanta_Uva,Pouso Alegre,POU_L3,10,-0.0,false,lata
135,Fanta_Uva,Pouso Alegre,POU_L3,11,-0.0,false,lata
135,Fanta_Uva,Pouso Alegre,POU_L3,12,-0.0,false,lata
135,Fanta_Uva,Pouso Alegre,POU_L3,13,-0.0,false,lata
135,Fanta_Uva,Pouso Alegre,POU_L3,14,-0.0,false,lata
135,Fanta_Uva,Pouso Alegre,POU_L3,15,-0.0,false,lata
135,Fanta_Uva,Gama,GAM_L1,1,-0.0,false,lata
135,Fanta_Uva,Gama,GAM_L1,2,-0.0,false,lata
135,Fanta_Uva,Gama,GAM_L1,3,-0.0,false,lata
135,Fanta_Uva,Gama,GAM_L1,4,-0.0,false,lata
135,Fanta_Uva,Gama,GAM_L1,5,-0.0,false,lata
135,Fanta_Uva,Gama,GAM_L1,6,-0.0,false,lata
135,Fanta_Uva,Gama,GAM_L1,7,-0.0,false,lata
135,Fanta_Uva,Gama,GAM_L1,8,-0.0,false,lata
135,Fanta_Uva,Gama,GAM_L1,9,-0.0,false,lata
135,Fanta_Uva,Gama,GAM_L1,10,-0.0,false,lata
135,Fanta_Uva,Gama,GAM_L1,11,-0.0,false,lata
135,Fanta_Uva,Gama,GAM_L1,12,-0.0,false,lata
135,Fanta_Uva,Gama,GAM_L1,13,-0.0,false,lata
135,Fanta_Uva,Gama,GAM_L1,14,-0.0,false,lata
135,Fanta_Uva,Gama,GAM_L1,15,-0.0,false,lata
135,Fanta_Uva,Gama,GAM_L2,1,-0.0,false,lata
135,Fanta_Uva,Gama,GAM_L2,2,-0.0,false,lata
135,Fanta_Uva,Gama,GAM_L2,3,-0.0,false,lata
135,Fanta_Uva,Gama,GAM_L2,4,-0.0,false,lata
135,Fanta_Uva,Gama,GAM_L2,5,-0.0,false,lata
135,Fanta_Uva,Gama,GAM_L2,6,-0.0,false,lata
135,Fanta_Uva,Gama,GAM_L2,7,-0.0,false,lata
135,Fanta_Uva,Gama,GAM_L2,8,-0.0,false,lata
135,Fanta_Uva,Gama,GAM_L2,9,-0.0,false,lata
135,Fanta_Uva,Gama,GAM_L2,10,-0.0,false,lata
135,Fanta_Uva,Gama,GAM_L2,11,-0.0,false,lata
135,Fanta_Uva,Gama,GAM_L2,12,-0.0,false,lata
135,Fanta_Uva,Gama,GAM_L2,13,-0.0,false,lata
135,Fanta_Uva,Gama,GAM_L2,14,-0.0,false,lata
135,Fanta_Uva,Gama,GAM_L2,15,-0.0,false,lata
135,Fanta_Uva,Gama,GAM_L3,1,-0.0,false,lata
135,Fanta_Uva,Gama,GAM_L3,2,-0.0,false,lata
135,Fanta_Uva,Gama,GAM_L3,3,-0.0,false,lata
135,Fanta_Uva,Gama,GAM_L3,4,-0.0,false,lata
135,Fanta_Uva,Gama,GAM_L3,5,-999999.7176936502,false,lata
135,Fanta_Uva,Gama,GAM_L3,6,-0.0,false,lata
135,Fanta_Uva,Gama,GAM_L3,7,-0.0,false,lata
135,Fanta_Uva,Gama,GAM_L3,8,-0.0,false,lata
135,Fanta_Uva,Gama,GAM_L3,9,-0.0,false,lata
135,Fanta_Uva,Gama,GAM_L3,10,-0.0,false,lata
135,Fanta_Uva,Gama,GAM_L3,11,-0.0,false,lata
135,Fanta_Uva,Gama,GAM_L3,12,-0.0,false,lata
135,Fanta_Uva,Gama,GAM_L3,13,-999999.7126575998,false,lata
135,Fanta_Uva,Gama,GAM_L3,14,-1.0e6,true,lata
135,Fanta_Uva,Gama,GAM_L3,15,-0.0,false,lata
135,Fanta_Uva,Viamao,VIA_L1,1,-0.0,false,lata
135,Fanta_Uva,Viamao,VIA_L1,2,-0.0,false,lata
135,Fanta_Uva,Viamao,VIA_L1,3,-0.0,false,lata
135,Fanta_Uva,Viamao,VIA_L1,4,-0.0,false,lata
135,Fanta_Uva,Viamao,VIA_L1,5,-0.0,false,lata
135,Fanta_Uva,Viamao,VIA_L1,6,-0.0,false,lata
135,Fanta_Uva,Viamao,VIA_L1,7,-0.0,false,lata
135,Fanta_Uva,Viamao,VIA_L1,8,-0.0,false,lata
135,Fanta_Uva,Viamao,VIA_L1,9,-0.0,false,lata
135,Fanta_Uva,Viamao,VIA_L1,10,-0.0,false,lata
135,Fanta_Uva,Viamao,VIA_L1,11,-0.0,false,lata
135,Fanta_Uva,Viamao,VIA_L1,12,-0.0,false,lata
135,Fanta_Uva,Viamao,VIA_L1,13,-0.0,false,lata
135,Fanta_Uva,Viamao,VIA_L1,14,-0.0,false,lata
135,Fanta_Uva,Viamao,VIA_L1,15,-0.0,false,lata
135,Fanta_Uva,Viamao,VIA_L2,1,-999999.8823428001,false,lata
135,Fanta_Uva,Viamao,VIA_L2,2,-0.0,false,lata
135,Fanta_Uva,Viamao,VIA_L2,3,-0.0,false,lata
135,Fanta_Uva,Viamao,VIA_L2,4,-0.0,false,lata
135,Fanta_Uva,Viamao,VIA_L2,5,-0.0,false,lata
135,Fanta_Uva,Viamao,VIA_L2,6,-0.0,false,lata
135,Fanta_Uva,Viamao,VIA_L2,7,-0.0,false,lata
135,Fanta_Uva,Viamao,VIA_L2,8,-0.0,false,lata
135,Fanta_Uva,Viamao,VIA_L2,9,-0.0,false,lata
135,Fanta_Uva,Viamao,VIA_L2,10,-0.0,false,lata
135,Fanta_Uva,Viamao,VIA_L2,11,-0.0,false,lata
135,Fanta_Uva,Viamao,VIA_L2,12,-0.0,false,lata
135,Fanta_Uva,Viamao,VIA_L2,13,-0.0,false,lata
135,Fanta_Uva,Viamao,VIA_L2,14,-0.0,false,lata
135,Fanta_Uva,Viamao,VIA_L2,15,-0.0,false,lata
135,Fanta_Uva,Viamao,VIA_L3,1,-0.0,false,lata
135,Fanta_Uva,Viamao,VIA_L3,2,-999999.9968779002,false,lata
135,Fanta_Uva,Viamao,VIA_L3,3,-0.0,false,lata
135,Fanta_Uva,Viamao,VIA_L3,4,-999999.4295271003,false,lata
135,Fanta_Uva,Viamao,VIA_L3,5,-0.0,false,lata
135,Fanta_Uva,Viamao,VIA_L3,6,-0.0,false,lata
135,Fanta_Uva,Viamao,VIA_L3,7,-0.0,false,lata
135,Fanta_Uva,Viamao,VIA_L3,8,-0.0,false,lata
135,Fanta_Uva,Viamao,VIA_L3,9,-0.0,false,lata
135,Fanta_Uva,Viamao,VIA_L3,10,-999999.4172699499,false,lata
135,Fanta_Uva,Viamao,VIA_L3,11,-0.0,false,lata
135,Fanta_Uva,Viamao,VIA_L3,12,-0.0,false,lata
135,Fanta_Uva,Viamao,VIA_L3,13,-0.0,false,lata
135,Fanta_Uva,Viamao,VIA_L3,14,-0.0,false,lata
135,Fanta_Uva,Viamao,VIA_L3,15,-0.0,false,lata
135,Fanta_Uva,Itupeva,ITU_L1,1,-999999.9140763001,false,lata
135,Fanta_Uva,Itupeva,ITU_L1,2,-0.0,false,lata
135,Fanta_Uva,Itupeva,ITU_L1,3,-0.0,false,lata
135,Fanta_Uva,Itupeva,ITU_L1,4,-0.0,false,lata
135,Fanta_Uva,Itupeva,ITU_L1,5,-0.0,false,lata
135,Fanta_Uva,Itupeva,ITU_L1,6,-999999.9825943501,false,lata
135,Fanta_Uva,Itupeva,ITU_L1,7,-0.0,false,lata
135,Fanta_Uva,Itupeva,ITU_L1,8,-0.0,false,lata
135,Fanta_Uva,Itupeva,ITU_L1,9,-0.0,false,lata
135,Fanta_Uva,Itupeva,ITU_L1,10,-0.0,false,lata
135,Fanta_Uva,Itupeva,ITU_L1,11,-0.0,false,lata
135,Fanta_Uva,Itupeva,ITU_L1,12,-999999.9843497501,false,lata
135,Fanta_Uva,Itupeva,ITU_L1,13,-0.0,false,lata
135,Fanta_Uva,Itupeva,ITU_L1,14,-999999.99505955,false,lata
135,Fanta_Uva,Itupeva,ITU_L1,15,-0.0,false,lata
135,Fanta_Uva,Itupeva,ITU_L2,1,-0.0,false,lata
135,Fanta_Uva,Itupeva,ITU_L2,2,-0.0,false,lata
135,Fanta_Uva,Itupeva,ITU_L2,3,-0.0,false,lata
135,Fanta_Uva,Itupeva,ITU_L2,4,-0.0,false,lata
135,Fanta_Uva,Itupeva,ITU_L2,5,-0.0,false,lata
135,Fanta_Uva,Itupeva,ITU_L2,6,-0.0,false,lata
135,Fanta_Uva,Itupeva,ITU_L2,7,-0.0,false,lata
135,Fanta_Uva,Itupeva,ITU_L2,8,-0.0,false,lata
135,Fanta_Uva,Itupeva,ITU_L2,9,-0.0,false,lata
135,Fanta_Uva,Itupeva,ITU_L2,10,-0.0,false,lata
135,Fanta_Uva,Itupeva,ITU_L2,11,-999999.68299745,false,lata
135,Fanta_Uva,Itupeva,ITU_L2,12,-0.0,false,lata
135,Fanta_Uva,Itupeva,ITU_L2,13,-0.0,false,lata
135,Fanta_Uva,Itupeva,ITU_L2,14,-0.0,false,lata
135,Fanta_Uva,Itupeva,ITU_L2,15,-0.0,false,lata
135,Fanta_Uva,Itupeva,ITU_L3,1,-0.0,false,lata
135,Fanta_Uva,Itupeva,ITU_L3,2,-0.0,false,lata
135,Fanta_Uva,Itupeva,ITU_L3,3,-0.0,false,lata
135,Fanta_Uva,Itupeva,ITU_L3,4,-0.0,false,lata
135,Fanta_Uva,Itupeva,ITU_L3,5,-0.0,false,lata
135,Fanta_Uva,Itupeva,ITU_L3,6,-999999.9899598002,false,lata
135,Fanta_Uva,Itupeva,ITU_L3,7,-0.0,false,lata
135,Fanta_Uva,Itupeva,ITU_L3,8,-0.0,false,lata
135,Fanta_Uva,Itupeva,ITU_L3,9,-0.0,false,lata
135,Fanta_Uva,Itupeva,ITU_L3,10,-0.0,false,lata
135,Fanta_Uva,Itupeva,ITU_L3,11,-0.0,false,lata
135,Fanta_Uva,Itupeva,ITU_L3,12,-999999.98509185,false,lata
135,Fanta_Uva,Itupeva,ITU_L3,13,-0.0,false,lata
135,Fanta_Uva,Itupeva,ITU_L3,14,-0.0,false,lata
135,Fanta_Uva,Itupeva,ITU_L3,15,-999999.6268480502,false,lata
135,Fanta_Uva,Cabo de Santo Agostinho,CAB_L1,1,-0.0,false,lata
135,Fanta_Uva,Cabo de Santo Agostinho,CAB_L1,2,-0.0,false,lata
135,Fanta_Uva,Cabo de Santo Agostinho,CAB_L1,3,-0.0,false,lata
135,Fanta_Uva,Cabo de Santo Agostinho,CAB_L1,4,-0.0,false,lata
135,Fanta_Uva,Cabo de Santo Agostinho,CAB_L1,5,-0.0,false,lata
135,Fanta_Uva,Cabo de Santo Agostinho,CAB_L1,6,-0.0,false,lata
135,Fanta_Uva,Cabo de Santo Agostinho,CAB_L1,7,-0.0,false,lata
135,Fanta_Uva,Cabo de Santo Agostinho,CAB_L1,8,-0.0,false,lata
135,Fanta_Uva,Cabo de Santo Agostinho,CAB_L1,9,-0.0,false,lata
135,Fanta_Uva,Cabo de Santo Agostinho,CAB_L1,10,-0.0,false,lata
135,Fanta_Uva,Cabo de Santo Agostinho,CAB_L1,11,-0.0,false,lata
135,Fanta_Uva,Cabo de Santo Agostinho,CAB_L1,12,-0.0,false,lata
135,Fanta_Uva,Cabo de Santo Agostinho,CAB_L1,13,-0.0,false,lata
135,Fanta_Uva,Cabo de Santo Agostinho,CAB_L1,14,-0.0,false,lata
135,Fanta_Uva,Cabo de Santo Agostinho,CAB_L1,15,-0.0,false,lata
135,Fanta_Uva,Cabo de Santo Agostinho,CAB_L2,1,-0.0,false,lata
135,Fanta_Uva,Cabo de Santo Agostinho,CAB_L2,2,-0.0,false,lata
135,Fanta_Uva,Cabo de Santo Agostinho,CAB_L2,3,-0.0,false,lata
135,Fanta_Uva,Cabo de Santo Agostinho,CAB_L2,4,-0.0,false,lata
135,Fanta_Uva,Cabo de Santo Agostinho,CAB_L2,5,-0.0,false,lata
135,Fanta_Uva,Cabo de Santo Agostinho,CAB_L2,6,-0.0,false,lata
135,Fanta_Uva,Cabo de Santo Agostinho,CAB_L2,7,-0.0,false,lata
135,Fanta_Uva,Cabo de Santo Agostinho,CAB_L2,8,-0.0,false,lata
135,Fanta_Uva,Cabo de Santo Agostinho,CAB_L2,9,-0.0,false,lata
135,Fanta_Uva,Cabo de Santo Agostinho,CAB_L2,10,-0.0,false,lata
135,Fanta_Uva,Cabo de Santo Agostinho,CAB_L2,11,-0.0,false,lata
135,Fanta_Uva,Cabo de Santo Agostinho,CAB_L2,12,-0.0,false,lata
135,Fanta_Uva,Cabo de Santo Agostinho,CAB_L2,13,-999999.7773467499,false,lata
135,Fanta_Uva,Cabo de Santo Agostinho,CAB_L2,14,-1.0e6,true,lata
135,Fanta_Uva,Cabo de Santo Agostinho,CAB_L2,15,-0.0,false,lata
135,Fanta_Uva,Cabo de Santo Agostinho,CAB_L3,1,-0.0,false,lata
135,Fanta_Uva,Cabo de Santo Agostinho,CAB_L3,2,-0.0,false,lata
135,Fanta_Uva,Cabo de Santo Agostinho,CAB_L3,3,-0.0,false,lata
135,Fanta_Uva,Cabo de Santo Agostinho,CAB_L3,4,-0.0,false,lata
135,Fanta_Uva,Cabo de Santo Agostinho,CAB_L3,5,-0.0,false,lata
135,Fanta_Uva,Cabo de Santo Agostinho,CAB_L3,6,-0.0,false,lata
135,Fanta_Uva,Cabo de Santo Agostinho,CAB_L3,7,-0.0,false,lata
135,Fanta_Uva,Cabo de Santo Agostinho,CAB_L3,8,-0.0,false,lata
135,Fanta_Uva,Cabo de Santo Agostinho,CAB_L3,9,-0.0,false,lata
135,Fanta_Uva,Cabo de Santo Agostinho,CAB_L3,10,-0.0,false,lata
135,Fanta_Uva,Cabo de Santo Agostinho,CAB_L3,11,-0.0,false,lata
135,Fanta_Uva,Cabo de Santo Agostinho,CAB_L3,12,-0.0,false,lata
135,Fanta_Uva,Cabo de Santo Agostinho,CAB_L3,13,-0.0,false,lata
135,Fanta_Uva,Cabo de Santo Agostinho,CAB_L3,14,-0.0,false,lata
135,Fanta_Uva,Cabo de Santo Agostinho,CAB_L3,15,-0.0,false,lata
135,Itubaina,Jacarei,JAC_L1,1,-0.0,false,lata
135,Itubaina,Jacarei,JAC_L1,2,-0.0,false,lata
135,Itubaina,Jacarei,JAC_L1,3,-0.0,false,lata
135,Itubaina,Jacarei,JAC_L1,4,-0.0,false,lata
135,Itubaina,Jacarei,JAC_L1,5,-0.0,false,lata
135,Itubaina,Jacarei,JAC_L1,6,-999999.9592838,false,lata
135,Itubaina,Jacarei,JAC_L1,7,-0.0,false,lata
135,Itubaina,Jacarei,JAC_L1,8,-0.0,false,lata
135,Itubaina,Jacarei,JAC_L1,9,-0.0,false,lata
135,Itubaina,Jacarei,JAC_L1,10,-0.0,false,lata
135,Itubaina,Jacarei,JAC_L1,11,-0.0,false,lata
135,Itubaina,Jacarei,JAC_L1,12,-0.0,false,lata
135,Itubaina,Jacarei,JAC_L1,13,-0.0,false,lata
135,Itubaina,Jacarei,JAC_L1,14,-0.0,false,lata
135,Itubaina,Jacarei,JAC_L1,15,-0.0,false,lata
135,Itubaina,Jacarei,JAC_L2,1,-0.0,false,lata
135,Itubaina,Jacarei,JAC_L2,2,-0.0,false,lata
135,Itubaina,Jacarei,JAC_L2,3,-0.0,false,lata
135,Itubaina,Jacarei,JAC_L2,4,-0.0,false,lata
135,Itubaina,Jacarei,JAC_L2,5,-0.0,false,lata
135,Itubaina,Jacarei,JAC_L2,6,-0.0,false,lata
135,Itubaina,Jacarei,JAC_L2,7,-0.0,false,lata
135,Itubaina,Jacarei,JAC_L2,8,-0.0,false,lata
135,Itubaina,Jacarei,JAC_L2,9,-999999.6617607,false,lata
135,Itubaina,Jacarei,JAC_L2,10,-0.0,false,lata
135,Itubaina,Jacarei,JAC_L2,11,-0.0,false,lata
135,Itubaina,Jacarei,JAC_L2,12,-0.0,false,lata
135,Itubaina,Jacarei,JAC_L2,13,-0.0,false,lata
135,Itubaina,Jacarei,JAC_L2,14,-0.0,false,lata
135,Itubaina,Jacarei,JAC_L2,15,-0.0,false,lata
135,Itubaina,Jacarei,JAC_L3,1,-0.0,false,lata
135,Itubaina,Jacarei,JAC_L3,2,-0.0,false,lata
135,Itubaina,Jacarei,JAC_L3,3,-0.0,false,lata
135,Itubaina,Jacarei,JAC_L3,4,-0.0,false,lata
135,Itubaina,Jacarei,JAC_L3,5,-0.0,false,lata
135,Itubaina,Jacarei,JAC_L3,6,-0.0,false,lata
135,Itubaina,Jacarei,JAC_L3,7,-0.0,false,lata
135,Itubaina,Jacarei,JAC_L3,8,-0.0,false,lata
135,Itubaina,Jacarei,JAC_L3,9,-0.0,false,lata
135,Itubaina,Jacarei,JAC_L3,10,-999999.9174028,false,lata
135,Itubaina,Jacarei,JAC_L3,11,-0.0,false,lata
135,Itubaina,Jacarei,JAC_L3,12,-0.0,false,lata
135,Itubaina,Jacarei,JAC_L3,13,-0.0,false,lata
135,Itubaina,Jacarei,JAC_L3,14,-999999.7789036502,false,lata
135,Itubaina,Jacarei,JAC_L3,15,-0.0,false,lata
135,Itubaina,Extrema,EXT_L1,1,-0.0,false,lata
135,Itubaina,Extrema,EXT_L1,2,-0.0,false,lata
135,Itubaina,Extrema,EXT_L1,3,-0.0,false,lata
135,Itubaina,Extrema,EXT_L1,4,-0.0,false,lata
135,Itubaina,Extrema,EXT_L1,5,-0.0,false,lata
135,Itubaina,Extrema,EXT_L1,6,-0.0,false,lata
135,Itubaina,Extrema,EXT_L1,7,-0.0,false,lata
135,Itubaina,Extrema,EXT_L1,8,-0.0,false,lata
135,Itubaina,Extrema,EXT_L1,9,-0.0,false,lata
135,Itubaina,Extrema,EXT_L1,10,-0.0,false,lata
135,Itubaina,Extrema,EXT_L1,11,-0.0,false,lata
135,Itubaina,Extrema,EXT_L1,12,-0.0,false,lata
135,Itubaina,Extrema,EXT_L1,13,-999999.5183945001,false,lata
135,Itubaina,Extrema,EXT_L1,14,-0.0,false,lata
135,Itubaina,Extrema,EXT_L1,15,-0.0,false,lata
135,Itubaina,Extrema,EXT_L2,1,-0.0,false,lata
135,Itubaina,Extrema,EXT_L2,2,-0.0,false,lata
135,Itubaina,Extrema,EXT_L2,3,-0.0,false,lata
135,Itubaina,Extrema,EXT_L2,4,-0.0,false,lata
135,Itubaina,Extrema,EXT_L2,5,-0.0,false,lata
135,Itubaina,Extrema,EXT_L2,6,-0.0,false,lata
135,Itubaina,Extrema,EXT_L2,7,-0.0,false,lata
135,Itubaina,Extrema,EXT_L2,8,-0.0,false,lata
135,Itubaina,Extrema,EXT_L2,9,-0.0,false,lata
135,Itubaina,Extrema,EXT_L2,10,-0.0,false,lata
135,Itubaina,Extrema,EXT_L2,11,-0.0,false,lata
135,Itubaina,Extrema,EXT_L2,12,-0.0,false,lata
135,Itubaina,Extrema,EXT_L2,13,-0.0,false,lata
135,Itubaina,Extrema,EXT_L2,14,-999999.7796718503,false,lata
135,Itubaina,Extrema,EXT_L2,15,-0.0,false,lata
135,Itubaina,Extrema,EXT_L3,1,-0.0,false,lata
135,Itubaina,Extrema,EXT_L3,2,-0.0,false,lata
135,Itubaina,Extrema,EXT_L3,3,-0.0,false,lata
135,Itubaina,Extrema,EXT_L3,4,-0.0,false,lata
135,Itubaina,Extrema,EXT_L3,5,-999999.7624017,false,lata
135,Itubaina,Extrema,EXT_L3,6,-999999.96196965,false,lata
135,Itubaina,Extrema,EXT_L3,7,-0.0,false,lata
135,Itubaina,Extrema,EXT_L3,8,-0.0,false,lata
135,Itubaina,Extrema,EXT_L3,9,-999999.6644465501,false,lata
135,Itubaina,Extrema,EXT_L3,10,-0.0,false,lata
135,Itubaina,Extrema,EXT_L3,11,-999999.91964985,false,lata
135,Itubaina,Extrema,EXT_L3,12,-0.0,false,lata
135,Itubaina,Extrema,EXT_L3,13,-0.0,false,lata
135,Itubaina,Extrema,EXT_L3,14,-999999.7796718503,false,lata
135,Itubaina,Extrema,EXT_L3,15,-0.0,false,lata
135,Itubaina,Tres Rios,TRE_L1,1,-0.0,false,lata
135,Itubaina,Tres Rios,TRE_L1,2,-0.0,false,lata
135,Itubaina,Tres Rios,TRE_L1,3,-0.0,false,lata
135,Itubaina,Tres Rios,TRE_L1,4,-0.0,false,lata
135,Itubaina,Tres Rios,TRE_L1,5,-0.0,false,lata
135,Itubaina,Tres Rios,TRE_L1,6,-0.0,false,lata
135,Itubaina,Tres Rios,TRE_L1,7,-0.0,false,lata
135,Itubaina,Tres Rios,TRE_L1,8,-0.0,false,lata
135,Itubaina,Tres Rios,TRE_L1,9,-999999.6505675501,false,lata
135,Itubaina,Tres Rios,TRE_L1,10,-0.0,false,lata
135,Itubaina,Tres Rios,TRE_L1,11,-0.0,false,lata
135,Itubaina,Tres Rios,TRE_L1,12,-999999.2771493001,false,lata
135,Itubaina,Tres Rios,TRE_L1,13,-0.0,false,lata
135,Itubaina,Tres Rios,TRE_L1,14,-0.0,false,lata
135,Itubaina,Tres Rios,TRE_L1,15,-0.0,false,lata
135,Itubaina,Tres Rios,TRE_L2,1,-0.0,false,lata
135,Itubaina,Tres Rios,TRE_L2,2,-0.0,false,lata
135,Itubaina,Tres Rios,TRE_L2,3,-999999.2589789999,false,lata
135,Itubaina,Tres Rios,TRE_L2,4,-0.0,false,lata
135,Itubaina,Tres Rios,TRE_L2,5,-0.0,false,lata
135,Itubaina,Tres Rios,TRE_L2,6,-0.0,false,lata
135,Itubaina,Tres Rios,TRE_L2,7,-0.0,false,lata
135,Itubaina,Tres Rios,TRE_L2,8,-0.0,false,lata
135,Itubaina,Tres Rios,TRE_L2,9,-0.0,false,lata
135,Itubaina,Tres Rios,TRE_L2,10,-0.0,false,lata
135,Itubaina,Tres Rios,TRE_L2,11,-0.0,false,lata
135,Itubaina,Tres Rios,TRE_L2,12,-0.0,false,lata
135,Itubaina,Tres Rios,TRE_L2,13,-0.0,false,lata
135,Itubaina,Tres Rios,TRE_L2,14,-0.0,false,lata
135,Itubaina,Tres Rios,TRE_L2,15,-0.0,false,lata
135,Itubaina,Tres Rios,TRE_L3,1,-0.0,false,lata
135,Itubaina,Tres Rios,TRE_L3,2,-0.0,false,lata
135,Itubaina,Tres Rios,TRE_L3,3,-0.0,false,lata
135,Itubaina,Tres Rios,TRE_L3,4,-0.0,false,lata
135,Itubaina,Tres Rios,TRE_L3,5,-999999.770909,false,lata
135,Itubaina,Tres Rios,TRE_L3,6,-0.0,false,lata
135,Itubaina,Tres Rios,TRE_L3,7,-999999.8605392,false,lata
135,Itubaina,Tres Rios,TRE_L3,8,-0.0,false,lata
135,Itubaina,Tres Rios,TRE_L3,9,-0.0,false,lata
135,Itubaina,Tres Rios,TRE_L3,10,-0.0,false,lata
135,Itubaina,Tres Rios,TRE_L3,11,-0.0,false,lata
135,Itubaina,Tres Rios,TRE_L3,12,-0.0,false,lata
135,Itubaina,Tres Rios,TRE_L3,13,-0.0,false,lata
135,Itubaina,Tres Rios,TRE_L3,14,-0.0,false,lata
135,Itubaina,Tres Rios,TRE_L3,15,-0.0,false,lata
135,Itubaina,Alagoinhas,ALA_L1,1,-0.0,false,lata
135,Itubaina,Alagoinhas,ALA_L1,2,-0.0,false,lata
135,Itubaina,Alagoinhas,ALA_L1,3,-0.0,false,lata
135,Itubaina,Alagoinhas,ALA_L1,4,-999999.5615059,false,lata
135,Itubaina,Alagoinhas,ALA_L1,5,-0.0,false,lata
135,Itubaina,Alagoinhas,ALA_L1,6,-0.0,false,lata
135,Itubaina,Alagoinhas,ALA_L1,7,-0.0,false,lata
135,Itubaina,Alagoinhas,ALA_L1,8,-0.0,false,lata
135,Itubaina,Alagoinhas,ALA_L1,9,-0.0,false,lata
135,Itubaina,Alagoinhas,ALA_L1,10,-0.0,false,lata
135,Itubaina,Alagoinhas,ALA_L1,11,-0.0,false,lata
135,Itubaina,Alagoinhas,ALA_L1,12,-0.0,false,lata
135,Itubaina,Alagoinhas,ALA_L1,13,-0.0,false,lata
135,Itubaina,Alagoinhas,ALA_L1,14,-0.0,false,lata
135,Itubaina,Alagoinhas,ALA_L1,15,-0.0,false,lata
135,Itubaina,Alagoinhas,ALA_L2,1,-0.0,false,lata
135,Itubaina,Alagoinhas,ALA_L2,2,-0.0,false,lata
135,Itubaina,Alagoinhas,ALA_L2,3,-0.0,false,lata
135,Itubaina,Alagoinhas,ALA_L2,4,-0.0,false,lata
135,Itubaina,Alagoinhas,ALA_L2,5,-0.0,false,lata
135,Itubaina,Alagoinhas,ALA_L2,6,-0.0,false,lata
135,Itubaina,Alagoinhas,ALA_L2,7,-0.0,false,lata
135,Itubaina,Alagoinhas,ALA_L2,8,-0.0,false,lata
135,Itubaina,Alagoinhas,ALA_L2,9,-0.0,false,lata
135,Itubaina,Alagoinhas,ALA_L2,10,-0.0,false,lata
135,Itubaina,Alagoinhas,ALA_L2,11,-0.0,false,lata
135,Itubaina,Alagoinhas,ALA_L2,12,-0.0,false,lata
135,Itubaina,Alagoinhas,ALA_L2,13,-0.0,false,lata
135,Itubaina,Alagoinhas,ALA_L2,14,-0.0,false,lata
135,Itubaina,Alagoinhas,ALA_L2,15,-0.0,false,lata
135,Itubaina,Alagoinhas,ALA_L3,1,-0.0,false,lata
135,Itubaina,Alagoinhas,ALA_L3,2,-0.0,false,lata
135,Itubaina,Alagoinhas,ALA_L3,3,-0.0,false,lata
135,Itubaina,Alagoinhas,ALA_L3,4,-0.0,false,lata
135,Itubaina,Alagoinhas,ALA_L3,5,-0.0,false,lata
135,Itubaina,Alagoinhas,ALA_L3,6,-0.0,false,lata
135,Itubaina,Alagoinhas,ALA_L3,7,-0.0,false,lata
135,Itubaina,Alagoinhas,ALA_L3,8,-0.0,false,lata
135,Itubaina,Alagoinhas,ALA_L3,9,-0.0,false,lata
135,Itubaina,Alagoinhas,ALA_L3,10,-0.0,false,lata
135,Itubaina,Alagoinhas,ALA_L3,11,-0.0,false,lata
135,Itubaina,Alagoinhas,ALA_L3,12,-0.0,false,lata
135,Itubaina,Alagoinhas,ALA_L3,13,-0.0,false,lata
135,Itubaina,Alagoinhas,ALA_L3,14,-0.0,false,lata
135,Itubaina,Alagoinhas,ALA_L3,15,-0.0,false,lata
135,Itubaina,Frutal,FRU_L1,1,-0.0,false,lata
135,Itubaina,Frutal,FRU_L1,2,-999999.1158800002,false,lata
135,Itubaina,Frutal,FRU_L1,3,-0.0,false,lata
135,Itubaina,Frutal,FRU_L1,4,-0.0,false,lata
135,Itubaina,Frutal,FRU_L1,5,-0.0,false,lata
135,Itubaina,Frutal,FRU_L1,6,-0.0,false,lata
135,Itubaina,Frutal,FRU_L1,7,-0.0,false,lata
135,Itubaina,Frutal,FRU_L1,8,-0.0,false,lata
135,Itubaina,Frutal,FRU_L1,9,-0.0,false,lata
135,Itubaina,Frutal,FRU_L1,10,-0.0,false,lata
135,Itubaina,Frutal,FRU_L1,11,-0.0,false,lata
135,Itubaina,Frutal,FRU_L1,12,-0.0,false,lata
135,Itubaina,Frutal,FRU_L1,13,-0.0,false,lata
135,Itubaina,Frutal,FRU_L1,14,-0.0,false,lata
135,Itubaina,Frutal,FRU_L1,15,-0.0,false,lata
135,Itubaina,Frutal,FRU_L2,1,-0.0,false,lata
135,Itubaina,Frutal,FRU_L2,2,-0.0,false,lata
135,Itubaina,Frutal,FRU_L2,3,-0.0,false,lata
135,Itubaina,Frutal,FRU_L2,4,-0.0,false,lata
135,Itubaina,Frutal,FRU_L2,5,-0.0,false,lata
135,Itubaina,Frutal,FRU_L2,6,-0.0,false,lata
135,Itubaina,Frutal,FRU_L2,7,-0.0,false,lata
135,Itubaina,Frutal,FRU_L2,8,-0.0,false,lata
135,Itubaina,Frutal,FRU_L2,9,-0.0,false,lata
135,Itubaina,Frutal,FRU_L2,10,-0.0,false,lata
135,Itubaina,Frutal,FRU_L2,11,-0.0,false,lata
135,Itubaina,Frutal,FRU_L2,12,-0.0,false,lata
135,Itubaina,Frutal,FRU_L2,13,-0.0,false,lata
135,Itubaina,Frutal,FRU_L2,14,-0.0,false,lata
135,Itubaina,Frutal,FRU_L2,15,-0.0,false,lata
135,Itubaina,Frutal,FRU_L3,1,-0.0,false,lata
135,Itubaina,Frutal,FRU_L3,2,-0.0,false,lata
135,Itubaina,Frutal,FRU_L3,3,-0.0,false,lata
135,Itubaina,Frutal,FRU_L3,4,-0.0,false,lata
135,Itubaina,Frutal,FRU_L3,5,-0.0,false,lata
135,Itubaina,Frutal,FRU_L3,6,-0.0,false,lata
135,Itubaina,Frutal,FRU_L3,7,-0.0,false,lata
135,Itubaina,Frutal,FRU_L3,8,-0.0,false,lata
135,Itubaina,Frutal,FRU_L3,9,-0.0,false,lata
135,Itubaina,Frutal,FRU_L3,10,-999999.9322178001,false,lata
135,Itubaina,Frutal,FRU_L3,11,-0.0,false,lata
135,Itubaina,Frutal,FRU_L3,12,-0.0,false,lata
135,Itubaina,Frutal,FRU_L3,13,-0.0,false,lata
135,Itubaina,Frutal,FRU_L3,14,-999999.7937186502,false,lata
135,Itubaina,Frutal,FRU_L3,15,-0.0,false,lata
135,Itubaina,Pouso Alegre,POU_L1,1,-0.0,false,lata
135,Itubaina,Pouso Alegre,POU_L1,2,-0.0,false,lata
135,Itubaina,Pouso Alegre,POU_L1,3,-0.0,false,lata
135,Itubaina,Pouso Alegre,POU_L1,4,-0.0,false,lata
135,Itubaina,Pouso Alegre,POU_L1,5,-0.0,false,lata
135,Itubaina,Pouso Alegre,POU_L1,6,-0.0,false,lata
135,Itubaina,Pouso Alegre,POU_L1,7,-0.0,false,lata
135,Itubaina,Pouso Alegre,POU_L1,8,-0.0,false,lata
135,Itubaina,Pouso Alegre,POU_L1,9,-0.0,false,lata
135,Itubaina,Pouso Alegre,POU_L1,10,-0.0,false,lata
135,Itubaina,Pouso Alegre,POU_L1,11,-0.0,false,lata
135,Itubaina,Pouso Alegre,POU_L1,12,-0.0,false,lata
135,Itubaina,Pouso Alegre,POU_L1,13,-0.0,false,lata
135,Itubaina,Pouso Alegre,POU_L1,14,-0.0,false,lata
135,Itubaina,Pouso Alegre,POU_L1,15,-0.0,false,lata
135,Itubaina,Pouso Alegre,POU_L2,1,-999999.2064259502,false,lata
135,Itubaina,Pouso Alegre,POU_L2,2,-0.0,false,lata
135,Itubaina,Pouso Alegre,POU_L2,3,-0.0,false,lata
135,Itubaina,Pouso Alegre,POU_L2,4,-0.0,false,lata
135,Itubaina,Pouso Alegre,POU_L2,5,-0.0,false,lata
135,Itubaina,Pouso Alegre,POU_L2,6,-0.0,false,lata
135,Itubaina,Pouso Alegre,POU_L2,7,-0.0,false,lata
135,Itubaina,Pouso Alegre,POU_L2,8,-999999.4676419501,false,lata
135,Itubaina,Pouso Alegre,POU_L2,9,-0.0,false,lata
135,Itubaina,Pouso Alegre,POU_L2,10,-0.0,false,lata
135,Itubaina,Pouso Alegre,POU_L2,11,-999999.91723115,false,lata
135,Itubaina,Pouso Alegre,POU_L2,12,-0.0,false,lata
135,Itubaina,Pouso Alegre,POU_L2,13,-0.0,false,lata
135,Itubaina,Pouso Alegre,POU_L2,14,-999999.7767188502,false,lata
135,Itubaina,Pouso Alegre,POU_L2,15,-0.0,false,lata
135,Itubaina,Pouso Alegre,POU_L3,1,-0.0,false,lata
135,Itubaina,Pouso Alegre,POU_L3,2,-0.0,false,lata
135,Itubaina,Pouso Alegre,POU_L3,3,-0.0,false,lata
135,Itubaina,Pouso Alegre,POU_L3,4,-0.0,false,lata
135,Itubaina,Pouso Alegre,POU_L3,5,-0.0,false,lata
135,Itubaina,Pouso Alegre,POU_L3,6,-0.0,false,lata
135,Itubaina,Pouso Alegre,POU_L3,7,-0.0,false,lata
135,Itubaina,Pouso Alegre,POU_L3,8,-0.0,false,lata
135,Itubaina,Pouso Alegre,POU_L3,9,-0.0,false,lata
135,Itubaina,Pouso Alegre,POU_L3,10,-0.0,false,lata
135,Itubaina,Pouso Alegre,POU_L3,11,-0.0,false,lata
135,Itubaina,Pouso Alegre,POU_L3,12,-0.0,false,lata
135,Itubaina,Pouso Alegre,POU_L3,13,-999999.5213475002,false,lata
135,Itubaina,Pouso Alegre,POU_L3,14,-0.0,false,lata
135,Itubaina,Pouso Alegre,POU_L3,15,-0.0,false,lata
135,Itubaina,Gama,GAM_L1,1,-0.0,false,lata
135,Itubaina,Gama,GAM_L1,2,-0.0,false,lata
135,Itubaina,Gama,GAM_L1,3,-0.0,false,lata
135,Itubaina,Gama,GAM_L1,4,-0.0,false,lata
135,Itubaina,Gama,GAM_L1,5,-0.0,false,lata
135,Itubaina,Gama,GAM_L1,6,-0.0,false,lata
135,Itubaina,Gama,GAM_L1,7,-0.0,false,lata
135,Itubaina,Gama,GAM_L1,8,-0.0,false,lata
135,Itubaina,Gama,GAM_L1,9,-0.0,false,lata
135,Itubaina,Gama,GAM_L1,10,-0.0,false,lata
135,Itubaina,Gama,GAM_L1,11,-0.0,false,lata
135,Itubaina,Gama,GAM_L1,12,-0.0,false,lata
135,Itubaina,Gama,GAM_L1,13,-0.0,false,lata
135,Itubaina,Gama,GAM_L1,14,-0.0,false,lata
135,Itubaina,Gama,GAM_L1,15,-0.0,false,lata
135,Itubaina,Gama,GAM_L2,1,-0.0,false,lata
135,Itubaina,Gama,GAM_L2,2,-0.0,false,lata
135,Itubaina,Gama,GAM_L2,3,-0.0,false,lata
135,Itubaina,Gama,GAM_L2,4,-0.0,false,lata
135,Itubaina,Gama,GAM_L2,5,-0.0,false,lata
135,Itubaina,Gama,GAM_L2,6,-0.0,false,lata
135,Itubaina,Gama,GAM_L2,7,-0.0,false,lata
135,Itubaina,Gama,GAM_L2,8,-0.0,false,lata
135,Itubaina,Gama,GAM_L2,9,-0.0,false,lata
135,Itubaina,Gama,GAM_L2,10,-0.0,false,lata
135,Itubaina,Gama,GAM_L2,11,-0.0,false,lata
135,Itubaina,Gama,GAM_L2,12,-0.0,false,lata
135,Itubaina,Gama,GAM_L2,13,-0.0,false,lata
135,Itubaina,Gama,GAM_L2,14,-0.0,false,lata
135,Itubaina,Gama,GAM_L2,15,-0.0,false,lata
135,Itubaina,Gama,GAM_L3,1,-0.0,false,lata
135,Itubaina,Gama,GAM_L3,2,-0.0,false,lata
135,Itubaina,Gama,GAM_L3,3,-0.0,false,lata
135,Itubaina,Gama,GAM_L3,4,-0.0,false,lata
135,Itubaina,Gama,GAM_L3,5,-0.0,false,lata
135,Itubaina,Gama,GAM_L3,6,-999999.9842725,false,lata
135,Itubaina,Gama,GAM_L3,7,-0.0,false,lata
135,Itubaina,Gama,GAM_L3,8,-0.0,false,lata
135,Itubaina,Gama,GAM_L3,9,-0.0,false,lata
135,Itubaina,Gama,GAM_L3,10,-0.0,false,lata
135,Itubaina,Gama,GAM_L3,11,-0.0,false,lata
135,Itubaina,Gama,GAM_L3,12,-0.0,false,lata
135,Itubaina,Gama,GAM_L3,13,-0.0,false,lata
135,Itubaina,Gama,GAM_L3,14,-0.0,false,lata
135,Itubaina,Gama,GAM_L3,15,-0.0,false,lata
135,Itubaina,Viamao,VIA_L1,1,-0.0,false,lata
135,Itubaina,Viamao,VIA_L1,2,-0.0,false,lata
135,Itubaina,Viamao,VIA_L1,3,-0.0,false,lata
135,Itubaina,Viamao,VIA_L1,4,-0.0,false,lata
135,Itubaina,Viamao,VIA_L1,5,-0.0,false,lata
135,Itubaina,Viamao,VIA_L1,6,-0.0,false,lata
135,Itubaina,Viamao,VIA_L1,7,-0.0,false,lata
135,Itubaina,Viamao,VIA_L1,8,-0.0,false,lata
135,Itubaina,Viamao,VIA_L1,9,-0.0,false,lata
135,Itubaina,Viamao,VIA_L1,10,-0.0,false,lata
135,Itubaina,Viamao,VIA_L1,11,-0.0,false,lata
135,Itubaina,Viamao,VIA_L1,12,-0.0,false,lata
135,Itubaina,Viamao,VIA_L1,13,-0.0,false,lata
135,Itubaina,Viamao,VIA_L1,14,-0.0,false,lata
135,Itubaina,Viamao,VIA_L1,15,-0.0,false,lata
135,Itubaina,Viamao,VIA_L2,1,-0.0,false,lata
135,Itubaina,Viamao,VIA_L2,2,-0.0,false,lata
135,Itubaina,Viamao,VIA_L2,3,-0.0,false,lata
135,Itubaina,Viamao,VIA_L2,4,-0.0,false,lata
135,Itubaina,Viamao,VIA_L2,5,-0.0,false,lata
135,Itubaina,Viamao,VIA_L2,6,-0.0,false,lata
135,Itubaina,Viamao,VIA_L2,7,-0.0,false,lata
135,Itubaina,Viamao,VIA_L2,8,-0.0,false,lata
135,Itubaina,Viamao,VIA_L2,9,-0.0,false,lata
135,Itubaina,Viamao,VIA_L2,10,-999999.9546036001,false,lata
135,Itubaina,Viamao,VIA_L2,11,-0.0,false,lata
135,Itubaina,Viamao,VIA_L2,12,-0.0,false,lata
135,Itubaina,Viamao,VIA_L2,13,-0.0,false,lata
135,Itubaina,Viamao,VIA_L2,14,-0.0,false,lata
135,Itubaina,Viamao,VIA_L2,15,-0.0,false,lata
135,Itubaina,Viamao,VIA_L3,1,-0.0,false,lata
135,Itubaina,Viamao,VIA_L3,2,-0.0,false,lata
135,Itubaina,Viamao,VIA_L3,3,-0.0,false,lata
135,Itubaina,Viamao,VIA_L3,4,-0.0,false,lata
135,Itubaina,Viamao,VIA_L3,5,-0.0,false,lata
135,Itubaina,Viamao,VIA_L3,6,-0.0,false,lata
135,Itubaina,Viamao,VIA_L3,7,-0.0,false,lata
135,Itubaina,Viamao,VIA_L3,8,-0.0,false,lata
135,Itubaina,Viamao,VIA_L3,9,-0.0,false,lata
135,Itubaina,Viamao,VIA_L3,10,-0.0,false,lata
135,Itubaina,Viamao,VIA_L3,11,-0.0,false,lata
135,Itubaina,Viamao,VIA_L3,12,-0.0,false,lata
135,Itubaina,Viamao,VIA_L3,13,-0.0,false,lata
135,Itubaina,Viamao,VIA_L3,14,-0.0,false,lata
135,Itubaina,Viamao,VIA_L3,15,-0.0,false,lata
135,Itubaina,Itupeva,ITU_L1,1,-0.0,false,lata
135,Itubaina,Itupeva,ITU_L1,2,-0.0,false,lata
135,Itubaina,Itupeva,ITU_L1,3,-999999.2488508499,false,lata
135,Itubaina,Itupeva,ITU_L1,4,-0.0,false,lata
135,Itubaina,Itupeva,ITU_L1,5,-0.0,false,lata
135,Itubaina,Itupeva,ITU_L1,6,-0.0,false,lata
135,Itubaina,Itupeva,ITU_L1,7,-0.0,false,lata
135,Itubaina,Itupeva,ITU_L1,8,-0.0,false,lata
135,Itubaina,Itupeva,ITU_L1,9,-0.0,false,lata
135,Itubaina,Itupeva,ITU_L1,10,-0.0,false,lata
135,Itubaina,Itupeva,ITU_L1,11,-0.0,false,lata
135,Itubaina,Itupeva,ITU_L1,12,-0.0,false,lata
135,Itubaina,Itupeva,ITU_L1,13,-0.0,false,lata
135,Itubaina,Itupeva,ITU_L1,14,-0.0,false,lata
135,Itubaina,Itupeva,ITU_L1,15,-0.0,false,lata
135,Itubaina,Itupeva,ITU_L2,1,-0.0,false,lata
135,Itubaina,Itupeva,ITU_L2,2,-0.0,false,lata
135,Itubaina,Itupeva,ITU_L2,3,-0.0,false,lata
135,Itubaina,Itupeva,ITU_L2,4,-0.0,false,lata
135,Itubaina,Itupeva,ITU_L2,5,-0.0,false,lata
135,Itubaina,Itupeva,ITU_L2,6,-0.0,false,lata
135,Itubaina,Itupeva,ITU_L2,7,-0.0,false,lata
135,Itubaina,Itupeva,ITU_L2,8,-0.0,false,lata
135,Itubaina,Itupeva,ITU_L2,9,-0.0,false,lata
135,Itubaina,Itupeva,ITU_L2,10,-0.0,false,lata
135,Itubaina,Itupeva,ITU_L2,11,-0.0,false,lata
135,Itubaina,Itupeva,ITU_L2,12,-0.0,false,lata
135,Itubaina,Itupeva,ITU_L2,13,-0.0,false,lata
135,Itubaina,Itupeva,ITU_L2,14,-0.0,false,lata
135,Itubaina,Itupeva,ITU_L2,15,-0.0,false,lata
135,Itubaina,Itupeva,ITU_L3,1,-0.0,false,lata
135,Itubaina,Itupeva,ITU_L3,2,-0.0,false,lata
135,Itubaina,Itupeva,ITU_L3,3,-0.0,false,lata
135,Itubaina,Itupeva,ITU_L3,4,-0.0,false,lata
135,Itubaina,Itupeva,ITU_L3,5,-999999.76078085,false,lata
135,Itubaina,Itupeva,ITU_L3,6,-0.0,false,lata
135,Itubaina,Itupeva,ITU_L3,7,-999999.85041105,false,lata
135,Itubaina,Itupeva,ITU_L3,8,-0.0,false,lata
135,Itubaina,Itupeva,ITU_L3,9,-0.0,false,lata
135,Itubaina,Itupeva,ITU_L3,10,-0.0,false,lata
135,Itubaina,Itupeva,ITU_L3,11,-0.0,false,lata
135,Itubaina,Itupeva,ITU_L3,12,-0.0,false,lata
135,Itubaina,Itupeva,ITU_L3,13,-0.0,false,lata
135,Itubaina,Itupeva,ITU_L3,14,-999999.7799686502,false,lata
135,Itubaina,Itupeva,ITU_L3,15,-0.0,false,lata
135,Itubaina,Cabo de Santo Agostinho,CAB_L1,1,-0.0,false,lata
135,Itubaina,Cabo de Santo Agostinho,CAB_L1,2,-0.0,false,lata
135,Itubaina,Cabo de Santo Agostinho,CAB_L1,3,-0.0,false,lata
135,Itubaina,Cabo de Santo Agostinho,CAB_L1,4,-0.0,false,lata
135,Itubaina,Cabo de Santo Agostinho,CAB_L1,5,-0.0,false,lata
135,Itubaina,Cabo de Santo Agostinho,CAB_L1,6,-0.0,false,lata
135,Itubaina,Cabo de Santo Agostinho,CAB_L1,7,-0.0,false,lata
135,Itubaina,Cabo de Santo Agostinho,CAB_L1,8,-0.0,false,lata
135,Itubaina,Cabo de Santo Agostinho,CAB_L1,9,-0.0,false,lata
135,Itubaina,Cabo de Santo Agostinho,CAB_L1,10,-0.0,false,lata
135,Itubaina,Cabo de Santo Agostinho,CAB_L1,11,-0.0,false,lata
135,Itubaina,Cabo de Santo Agostinho,CAB_L1,12,-0.0,false,lata
135,Itubaina,Cabo de Santo Agostinho,CAB_L1,13,-0.0,false,lata
135,Itubaina,Cabo de Santo Agostinho,CAB_L1,14,-0.0,false,lata
135,Itubaina,Cabo de Santo Agostinho,CAB_L1,15,-0.0,false,lata
135,Itubaina,Cabo de Santo Agostinho,CAB_L2,1,-0.0,false,lata
135,Itubaina,Cabo de Santo Agostinho,CAB_L2,2,-0.0,false,lata
135,Itubaina,Cabo de Santo Agostinho,CAB_L2,3,-0.0,false,lata
135,Itubaina,Cabo de Santo Agostinho,CAB_L2,4,-0.0,false,lata
135,Itubaina,Cabo de Santo Agostinho,CAB_L2,5,-0.0,false,lata
135,Itubaina,Cabo de Santo Agostinho,CAB_L2,6,-0.0,false,lata
135,Itubaina,Cabo de Santo Agostinho,CAB_L2,7,-0.0,false,lata
135,Itubaina,Cabo de Santo Agostinho,CAB_L2,8,-0.0,false,lata
135,Itubaina,Cabo de Santo Agostinho,CAB_L2,9,-0.0,false,lata
135,Itubaina,Cabo de Santo Agostinho,CAB_L2,10,-0.0,false,lata
135,Itubaina,Cabo de Santo Agostinho,CAB_L2,11,-0.0,false,lata
135,Itubaina,Cabo de Santo Agostinho,CAB_L2,12,-0.0,false,lata
135,Itubaina,Cabo de Santo Agostinho,CAB_L2,13,-0.0,false,lata
135,Itubaina,Cabo de Santo Agostinho,CAB_L2,14,-0.0,false,lata
135,Itubaina,Cabo de Santo Agostinho,CAB_L2,15,-0.0,false,lata
135,Itubaina,Cabo de Santo Agostinho,CAB_L3,1,-0.0,false,lata
135,Itubaina,Cabo de Santo Agostinho,CAB_L3,2,-0.0,false,lata
135,Itubaina,Cabo de Santo Agostinho,CAB_L3,3,-0.0,false,lata
135,Itubaina,Cabo de Santo Agostinho,CAB_L3,4,-0.0,false,lata
135,Itubaina,Cabo de Santo Agostinho,CAB_L3,5,-0.0,false,lata
135,Itubaina,Cabo de Santo Agostinho,CAB_L3,6,-0.0,false,lata
135,Itubaina,Cabo de Santo Agostinho,CAB_L3,7,-0.0,false,lata
135,Itubaina,Cabo de Santo Agostinho,CAB_L3,8,-0.0,false,lata
135,Itubaina,Cabo de Santo Agostinho,CAB_L3,9,-0.0,false,lata
135,Itubaina,Cabo de Santo Agostinho,CAB_L3,10,-1.0e6,true,lata
135,Itubaina,Cabo de Santo Agostinho,CAB_L3,11,-0.0,false,lata
135,Itubaina,Cabo de Santo Agostinho,CAB_L3,12,-0.0,false,lata
135,Itubaina,Cabo de Santo Agostinho,CAB_L3,13,-0.0,false,lata
135,Itubaina,Cabo de Santo Agostinho,CAB_L3,14,-0.0,false,lata
135,Itubaina,Cabo de Santo Agostinho,CAB_L3,15,-0.0,false,lata
135,Del_Valle_Laranja,Jacarei,JAC_L1,1,-0.0,false,lata
135,Del_Valle_Laranja,Jacarei,JAC_L1,2,-0.0,false,lata
135,Del_Valle_Laranja,Jacarei,JAC_L1,3,-0.0,false,lata
135,Del_Valle_Laranja,Jacarei,JAC_L1,4,-0.0,false,lata
135,Del_Valle_Laranja,Jacarei,JAC_L1,5,-0.0,false,lata
135,Del_Valle_Laranja,Jacarei,JAC_L1,6,-1.0e6,true,lata
135,Del_Valle_Laranja,Jacarei,JAC_L1,7,-0.0,false,lata
135,Del_Valle_Laranja,Jacarei,JAC_L1,8,-0.0,false,lata
135,Del_Valle_Laranja,Jacarei,JAC_L1,9,-1.0e6,true,lata
135,Del_Valle_Laranja,Jacarei,JAC_L1,10,-0.0,false,lata
135,Del_Valle_Laranja,Jacarei,JAC_L1,11,-1.0e6,true,lata
135,Del_Valle_Laranja,Jacarei,JAC_L1,12,-0.0,false,lata
135,Del_Valle_Laranja,Jacarei,JAC_L1,13,-0.0,false,lata
135,Del_Valle_Laranja,Jacarei,JAC_L1,14,-0.0,false,lata
135,Del_Valle_Laranja,Jacarei,JAC_L1,15,-1.0e6,true,lata
135,Del_Valle_Laranja,Jacarei,JAC_L2,1,-0.0,false,lata
135,Del_Valle_Laranja,Jacarei,JAC_L2,2,-0.0,false,lata
135,Del_Valle_Laranja,Jacarei,JAC_L2,3,-0.0,false,lata
135,Del_Valle_Laranja,Jacarei,JAC_L2,4,-0.0,false,lata
135,Del_Valle_Laranja,Jacarei,JAC_L2,5,-0.0,false,lata
135,Del_Valle_Laranja,Jacarei,JAC_L2,6,-1.0e6,true,lata
135,Del_Valle_Laranja,Jacarei,JAC_L2,7,-1.0e6,true,lata
135,Del_Valle_Laranja,Jacarei,JAC_L2,8,-0.0,false,lata
135,Del_Valle_Laranja,Jacarei,JAC_L2,9,-0.0,false,lata
135,Del_Valle_Laranja,Jacarei,JAC_L2,10,-1.0e6,true,lata
135,Del_Valle_Laranja,Jacarei,JAC_L2,11,-0.0,false,lata
135,Del_Valle_Laranja,Jacarei,JAC_L2,12,-0.0,false,lata
135,Del_Valle_Laranja,Jacarei,JAC_L2,13,-999999.46191415,false,lata
135,Del_Valle_Laranja,Jacarei,JAC_L2,14,-0.0,false,lata
135,Del_Valle_Laranja,Jacarei,JAC_L2,15,-0.0,false,lata
135,Del_Valle_Laranja,Jacarei,JAC_L3,1,-0.0,false,lata
135,Del_Valle_Laranja,Jacarei,JAC_L3,2,-0.0,false,lata
135,Del_Valle_Laranja,Jacarei,JAC_L3,3,-0.0,false,lata
135,Del_Valle_Laranja,Jacarei,JAC_L3,4,-0.0,false,lata
135,Del_Valle_Laranja,Jacarei,JAC_L3,5,-0.0,false,lata
135,Del_Valle_Laranja,Jacarei,JAC_L3,6,-0.0,false,lata
135,Del_Valle_Laranja,Jacarei,JAC_L3,7,-0.0,false,lata
135,Del_Valle_Laranja,Jacarei,JAC_L3,8,-0.0,false,lata
135,Del_Valle_Laranja,Jacarei,JAC_L3,9,-0.0,false,lata
135,Del_Valle_Laranja,Jacarei,JAC_L3,10,-0.0,false,lata
135,Del_Valle_Laranja,Jacarei,JAC_L3,11,-0.0,false,lata
135,Del_Valle_Laranja,Jacarei,JAC_L3,12,-1.0e6,true,lata
135,Del_Valle_Laranja,Jacarei,JAC_L3,13,-0.0,false,lata
135,Del_Valle_Laranja,Jacarei,JAC_L3,14,-0.0,false,lata
135,Del_Valle_Laranja,Jacarei,JAC_L3,15,-0.0,false,lata
135,Del_Valle_Laranja,Extrema,EXT_L1,1,-0.0,false,lata
135,Del_Valle_Laranja,Extrema,EXT_L1,2,-0.0,false,lata
135,Del_Valle_Laranja,Extrema,EXT_L1,3,-0.0,false,lata
135,Del_Valle_Laranja,Extrema,EXT_L1,4,-0.0,false,lata
135,Del_Valle_Laranja,Extrema,EXT_L1,5,-0.0,false,lata
135,Del_Valle_Laranja,Extrema,EXT_L1,6,-1.0e6,true,lata
135,Del_Valle_Laranja,Extrema,EXT_L1,7,-0.0,false,lata
135,Del_Valle_Laranja,Extrema,EXT_L1,8,-0.0,false,lata
135,Del_Valle_Laranja,Extrema,EXT_L1,9,-0.0,false,lata
135,Del_Valle_Laranja,Extrema,EXT_L1,10,-0.0,false,lata
135,Del_Valle_Laranja,Extrema,EXT_L1,11,-0.0,false,lata
135,Del_Valle_Laranja,Extrema,EXT_L1,12,-0.0,false,lata
135,Del_Valle_Laranja,Extrema,EXT_L1,13,-0.0,false,lata
135,Del_Valle_Laranja,Extrema,EXT_L1,14,-0.0,false,lata
135,Del_Valle_Laranja,Extrema,EXT_L1,15,-0.0,false,lata
135,Del_Valle_Laranja,Extrema,EXT_L2,1,-0.0,false,lata
135,Del_Valle_Laranja,Extrema,EXT_L2,2,-0.0,false,lata
135,Del_Valle_Laranja,Extrema,EXT_L2,3,-0.0,false,lata
135,Del_Valle_Laranja,Extrema,EXT_L2,4,-0.0,false,lata
135,Del_Valle_Laranja,Extrema,EXT_L2,5,-0.0,false,lata
135,Del_Valle_Laranja,Extrema,EXT_L2,6,-1.0e6,true,lata
135,Del_Valle_Laranja,Extrema,EXT_L2,7,-0.0,false,lata
135,Del_Valle_Laranja,Extrema,EXT_L2,8,-0.0,false,lata
135,Del_Valle_Laranja,Extrema,EXT_L2,9,-0.0,false,lata
135,Del_Valle_Laranja,Extrema,EXT_L2,10,-0.0,false,lata
135,Del_Valle_Laranja,Extrema,EXT_L2,11,-0.0,false,lata
135,Del_Valle_Laranja,Extrema,EXT_L2,12,-0.0,false,lata
135,Del_Valle_Laranja,Extrema,EXT_L2,13,-0.0,false,lata
135,Del_Valle_Laranja,Extrema,EXT_L2,14,-0.0,false,lata
135,Del_Valle_Laranja,Extrema,EXT_L2,15,-0.0,false,lata
135,Del_Valle_Laranja,Extrema,EXT_L3,1,-0.0,false,lata
135,Del_Valle_Laranja,Extrema,EXT_L3,2,-0.0,false,lata
135,Del_Valle_Laranja,Extrema,EXT_L3,3,-0.0,false,lata
135,Del_Valle_Laranja,Extrema,EXT_L3,4,-0.0,false,lata
135,Del_Valle_Laranja,Extrema,EXT_L3,5,-0.0,false,lata
135,Del_Valle_Laranja,Extrema,EXT_L3,6,-0.0,false,lata
135,Del_Valle_Laranja,Extrema,EXT_L3,7,-0.0,false,lata
135,Del_Valle_Laranja,Extrema,EXT_L3,8,-0.0,false,lata
135,Del_Valle_Laranja,Extrema,EXT_L3,9,-0.0,false,lata
135,Del_Valle_Laranja,Extrema,EXT_L3,10,-0.0,false,lata
135,Del_Valle_Laranja,Extrema,EXT_L3,11,-0.0,false,lata
135,Del_Valle_Laranja,Extrema,EXT_L3,12,-0.0,false,lata
135,Del_Valle_Laranja,Extrema,EXT_L3,13,-0.0,false,lata
135,Del_Valle_Laranja,Extrema,EXT_L3,14,-0.0,false,lata
135,Del_Valle_Laranja,Extrema,EXT_L3,15,-1.0e6,true,lata
135,Del_Valle_Laranja,Tres Rios,TRE_L1,1,-0.0,false,lata
135,Del_Valle_Laranja,Tres Rios,TRE_L1,2,-0.0,false,lata
135,Del_Valle_Laranja,Tres Rios,TRE_L1,3,-0.0,false,lata
135,Del_Valle_Laranja,Tres Rios,TRE_L1,4,-0.0,false,lata
135,Del_Valle_Laranja,Tres Rios,TRE_L1,5,-0.0,false,lata
135,Del_Valle_Laranja,Tres Rios,TRE_L1,6,-0.0,false,lata
135,Del_Valle_Laranja,Tres Rios,TRE_L1,7,-0.0,false,lata
135,Del_Valle_Laranja,Tres Rios,TRE_L1,8,-1.0e6,true,lata
135,Del_Valle_Laranja,Tres Rios,TRE_L1,9,-0.0,false,lata
135,Del_Valle_Laranja,Tres Rios,TRE_L1,10,-1.0e6,true,lata
135,Del_Valle_Laranja,Tres Rios,TRE_L1,11,-0.0,false,lata
135,Del_Valle_Laranja,Tres Rios,TRE_L1,12,-0.0,false,lata
135,Del_Valle_Laranja,Tres Rios,TRE_L1,13,-0.0,false,lata
135,Del_Valle_Laranja,Tres Rios,TRE_L1,14,-0.0,false,lata
135,Del_Valle_Laranja,Tres Rios,TRE_L1,15,-0.0,false,lata
135,Del_Valle_Laranja,Tres Rios,TRE_L2,1,-0.0,false,lata
135,Del_Valle_Laranja,Tres Rios,TRE_L2,2,-0.0,false,lata
135,Del_Valle_Laranja,Tres Rios,TRE_L2,3,-0.0,false,lata
135,Del_Valle_Laranja,Tres Rios,TRE_L2,4,-0.0,false,lata
135,Del_Valle_Laranja,Tres Rios,TRE_L2,5,-0.0,false,lata
135,Del_Valle_Laranja,Tres Rios,TRE_L2,6,-0.0,false,lata
135,Del_Valle_Laranja,Tres Rios,TRE_L2,7,-0.0,false,lata
135,Del_Valle_Laranja,Tres Rios,TRE_L2,8,-0.0,false,lata
135,Del_Valle_Laranja,Tres Rios,TRE_L2,9,-1.0e6,true,lata
135,Del_Valle_Laranja,Tres Rios,TRE_L2,10,-0.0,false,lata
135,Del_Valle_Laranja,Tres Rios,TRE_L2,11,-0.0,false,lata
135,Del_Valle_Laranja,Tres Rios,TRE_L2,12,-0.0,false,lata
135,Del_Valle_Laranja,Tres Rios,TRE_L2,13,-0.0,false,lata
135,Del_Valle_Laranja,Tres Rios,TRE_L2,14,-0.0,false,lata
135,Del_Valle_Laranja,Tres Rios,TRE_L2,15,-0.0,false,lata
135,Del_Valle_Laranja,Tres Rios,TRE_L3,1,-0.0,false,lata
135,Del_Valle_Laranja,Tres Rios,TRE_L3,2,-0.0,false,lata
135,Del_Valle_Laranja,Tres Rios,TRE_L3,3,-0.0,false,lata
135,Del_Valle_Laranja,Tres Rios,TRE_L3,4,-0.0,false,lata
135,Del_Valle_Laranja,Tres Rios,TRE_L3,5,-0.0,false,lata
135,Del_Valle_Laranja,Tres Rios,TRE_L3,6,-0.0,false,lata
135,Del_Valle_Laranja,Tres Rios,TRE_L3,7,-0.0,false,lata
135,Del_Valle_Laranja,Tres Rios,TRE_L3,8,-0.0,false,lata
135,Del_Valle_Laranja,Tres Rios,TRE_L3,9,-0.0,false,lata
135,Del_Valle_Laranja,Tres Rios,TRE_L3,10,-0.0,false,lata
135,Del_Valle_Laranja,Tres Rios,TRE_L3,11,-0.0,false,lata
135,Del_Valle_Laranja,Tres Rios,TRE_L3,12,-0.0,false,lata
135,Del_Valle_Laranja,Tres Rios,TRE_L3,13,-0.0,false,lata
135,Del_Valle_Laranja,Tres Rios,TRE_L3,14,-0.0,false,lata
135,Del_Valle_Laranja,Tres Rios,TRE_L3,15,-0.0,false,lata
135,Del_Valle_Laranja,Alagoinhas,ALA_L1,1,-0.0,false,lata
135,Del_Valle_Laranja,Alagoinhas,ALA_L1,2,-0.0,false,lata
135,Del_Valle_Laranja,Alagoinhas,ALA_L1,3,-0.0,false,lata
135,Del_Valle_Laranja,Alagoinhas,ALA_L1,4,-0.0,false,lata
135,Del_Valle_Laranja,Alagoinhas,ALA_L1,5,-0.0,false,lata
135,Del_Valle_Laranja,Alagoinhas,ALA_L1,6,-0.0,false,lata
135,Del_Valle_Laranja,Alagoinhas,ALA_L1,7,-0.0,false,lata
135,Del_Valle_Laranja,Alagoinhas,ALA_L1,8,-0.0,false,lata
135,Del_Valle_Laranja,Alagoinhas,ALA_L1,9,-0.0,false,lata
135,Del_Valle_Laranja,Alagoinhas,ALA_L1,10,-0.0,false,lata
135,Del_Valle_Laranja,Alagoinhas,ALA_L1,11,-0.0,false,lata
135,Del_Valle_Laranja,Alagoinhas,ALA_L1,12,-0.0,false,lata
135,Del_Valle_Laranja,Alagoinhas,ALA_L1,13,-0.0,false,lata
135,Del_Valle_Laranja,Alagoinhas,ALA_L1,14,-0.0,false,lata
135,Del_Valle_Laranja,Alagoinhas,ALA_L1,15,-0.0,false,lata
135,Del_Valle_Laranja,Alagoinhas,ALA_L2,1,-0.0,false,lata
135,Del_Valle_Laranja,Alagoinhas,ALA_L2,2,-0.0,false,lata
135,Del_Valle_Laranja,Alagoinhas,ALA_L2,3,-0.0,false,lata
135,Del_Valle_Laranja,Alagoinhas,ALA_L2,4,-0.0,false,lata
135,Del_Valle_Laranja,Alagoinhas,ALA_L2,5,-0.0,false,lata
135,Del_Valle_Laranja,Alagoinhas,ALA_L2,6,-0.0,false,lata
135,Del_Valle_Laranja,Alagoinhas,ALA_L2,7,-0.0,false,lata
135,Del_Valle_Laranja,Alagoinhas,ALA_L2,8,-0.0,false,lata
135,Del_Valle_Laranja,Alagoinhas,ALA_L2,9,-0.0,false,lata
135,Del_Valle_Laranja,Alagoinhas,ALA_L2,10,-0.0,false,lata
135,Del_Valle_Laranja,Alagoinhas,ALA_L2,11,-0.0,false,lata
135,Del_Valle_Laranja,Alagoinhas,ALA_L2,12,-0.0,false,lata
135,Del_Valle_Laranja,Alagoinhas,ALA_L2,13,-0.0,false,lata
135,Del_Valle_Laranja,Alagoinhas,ALA_L2,14,-0.0,false,lata
135,Del_Valle_Laranja,Alagoinhas,ALA_L2,15,-0.0,false,lata
135,Del_Valle_Laranja,Alagoinhas,ALA_L3,1,-0.0,false,lata
135,Del_Valle_Laranja,Alagoinhas,ALA_L3,2,-0.0,false,lata
135,Del_Valle_Laranja,Alagoinhas,ALA_L3,3,-0.0,false,lata
135,Del_Valle_Laranja,Alagoinhas,ALA_L3,4,-0.0,false,lata
135,Del_Valle_Laranja,Alagoinhas,ALA_L3,5,-0.0,false,lata
135,Del_Valle_Laranja,Alagoinhas,ALA_L3,6,-0.0,false,lata
135,Del_Valle_Laranja,Alagoinhas,ALA_L3,7,-0.0,false,lata
135,Del_Valle_Laranja,Alagoinhas,ALA_L3,8,-0.0,false,lata
135,Del_Valle_Laranja,Alagoinhas,ALA_L3,9,-0.0,false,lata
135,Del_Valle_Laranja,Alagoinhas,ALA_L3,10,-0.0,false,lata
135,Del_Valle_Laranja,Alagoinhas,ALA_L3,11,-0.0,false,lata
135,Del_Valle_Laranja,Alagoinhas,ALA_L3,12,-0.0,false,lata
135,Del_Valle_Laranja,Alagoinhas,ALA_L3,13,-0.0,false,lata
135,Del_Valle_Laranja,Alagoinhas,ALA_L3,14,-0.0,false,lata
135,Del_Valle_Laranja,Alagoinhas,ALA_L3,15,-0.0,false,lata
135,Del_Valle_Laranja,Frutal,FRU_L1,1,-0.0,false,lata
135,Del_Valle_Laranja,Frutal,FRU_L1,2,-0.0,false,lata
135,Del_Valle_Laranja,Frutal,FRU_L1,3,-0.0,false,lata
135,Del_Valle_Laranja,Frutal,FRU_L1,4,-0.0,false,lata
135,Del_Valle_Laranja,Frutal,FRU_L1,5,-0.0,false,lata
135,Del_Valle_Laranja,Frutal,FRU_L1,6,-0.0,false,lata
135,Del_Valle_Laranja,Frutal,FRU_L1,7,-0.0,false,lata
135,Del_Valle_Laranja,Frutal,FRU_L1,8,-0.0,false,lata
135,Del_Valle_Laranja,Frutal,FRU_L1,9,-0.0,false,lata
135,Del_Valle_Laranja,Frutal,FRU_L1,10,-0.0,false,lata
135,Del_Valle_Laranja,Frutal,FRU_L1,11,-0.0,false,lata
135,Del_Valle_Laranja,Frutal,FRU_L1,12,-0.0,false,lata
135,Del_Valle_Laranja,Frutal,FRU_L1,13,-0.0,false,lata
135,Del_Valle_Laranja,Frutal,FRU_L1,14,-0.0,false,lata
135,Del_Valle_Laranja,Frutal,FRU_L1,15,-0.0,false,lata
135,Del_Valle_Laranja,Frutal,FRU_L2,1,-0.0,false,lata
135,Del_Valle_Laranja,Frutal,FRU_L2,2,-0.0,false,lata
135,Del_Valle_Laranja,Frutal,FRU_L2,3,-0.0,false,lata
135,Del_Valle_Laranja,Frutal,FRU_L2,4,-0.0,false,lata
135,Del_Valle_Laranja,Frutal,FRU_L2,5,-0.0,false,lata
135,Del_Valle_Laranja,Frutal,FRU_L2,6,-0.0,false,lata
135,Del_Valle_Laranja,Frutal,FRU_L2,7,-0.0,false,lata
135,Del_Valle_Laranja,Frutal,FRU_L2,8,-0.0,false,lata
135,Del_Valle_Laranja,Frutal,FRU_L2,9,-0.0,false,lata
135,Del_Valle_Laranja,Frutal,FRU_L2,10,-0.0,false,lata
135,Del_Valle_Laranja,Frutal,FRU_L2,11,-0.0,false,lata
135,Del_Valle_Laranja,Frutal,FRU_L2,12,-0.0,false,lata
135,Del_Valle_Laranja,Frutal,FRU_L2,13,-0.0,false,lata
135,Del_Valle_Laranja,Frutal,FRU_L2,14,-0.0,false,lata
135,Del_Valle_Laranja,Frutal,FRU_L2,15,-0.0,false,lata
135,Del_Valle_Laranja,Frutal,FRU_L3,1,-0.0,false,lata
135,Del_Valle_Laranja,Frutal,FRU_L3,2,-0.0,false,lata
135,Del_Valle_Laranja,Frutal,FRU_L3,3,-0.0,false,lata
135,Del_Valle_Laranja,Frutal,FRU_L3,4,-0.0,false,lata
135,Del_Valle_Laranja,Frutal,FRU_L3,5,-0.0,false,lata
135,Del_Valle_Laranja,Frutal,FRU_L3,6,-0.0,false,lata
135,Del_Valle_Laranja,Frutal,FRU_L3,7,-0.0,false,lata
135,Del_Valle_Laranja,Frutal,FRU_L3,8,-0.0,false,lata
135,Del_Valle_Laranja,Frutal,FRU_L3,9,-0.0,false,lata
135,Del_Valle_Laranja,Frutal,FRU_L3,10,-0.0,false,lata
135,Del_Valle_Laranja,Frutal,FRU_L3,11,-0.0,false,lata
135,Del_Valle_Laranja,Frutal,FRU_L3,12,-999999.9978833001,false,lata
135,Del_Valle_Laranja,Frutal,FRU_L3,13,-0.0,false,lata
135,Del_Valle_Laranja,Frutal,FRU_L3,14,-0.0,false,lata
135,Del_Valle_Laranja,Frutal,FRU_L3,15,-0.0,false,lata
135,Del_Valle_Laranja,Pouso Alegre,POU_L1,1,-0.0,false,lata
135,Del_Valle_Laranja,Pouso Alegre,POU_L1,2,-0.0,false,lata
135,Del_Valle_Laranja,Pouso Alegre,POU_L1,3,-0.0,false,lata
135,Del_Valle_Laranja,Pouso Alegre,POU_L1,4,-0.0,false,lata
135,Del_Valle_Laranja,Pouso Alegre,POU_L1,5,-0.0,false,lata
135,Del_Valle_Laranja,Pouso Alegre,POU_L1,6,-0.0,false,lata
135,Del_Valle_Laranja,Pouso Alegre,POU_L1,7,-0.0,false,lata
135,Del_Valle_Laranja,Pouso Alegre,POU_L1,8,-0.0,false,lata
135,Del_Valle_Laranja,Pouso Alegre,POU_L1,9,-0.0,false,lata
135,Del_Valle_Laranja,Pouso Alegre,POU_L1,10,-0.0,false,lata
135,Del_Valle_Laranja,Pouso Alegre,POU_L1,11,-0.0,false,lata
135,Del_Valle_Laranja,Pouso Alegre,POU_L1,12,-0.0,false,lata
135,Del_Valle_Laranja,Pouso Alegre,POU_L1,13,-0.0,false,lata
135,Del_Valle_Laranja,Pouso Alegre,POU_L1,14,-0.0,false,lata
135,Del_Valle_Laranja,Pouso Alegre,POU_L1,15,-999999.9980893,false,lata
135,Del_Valle_Laranja,Pouso Alegre,POU_L2,1,-0.0,false,lata
135,Del_Valle_Laranja,Pouso Alegre,POU_L2,2,-0.0,false,lata
135,Del_Valle_Laranja,Pouso Alegre,POU_L2,3,-0.0,false,lata
135,Del_Valle_Laranja,Pouso Alegre,POU_L2,4,-0.0,false,lata
135,Del_Valle_Laranja,Pouso Alegre,POU_L2,5,-0.0,false,lata
135,Del_Valle_Laranja,Pouso Alegre,POU_L2,6,-0.0,false,lata
135,Del_Valle_Laranja,Pouso Alegre,POU_L2,7,-0.0,false,lata
135,Del_Valle_Laranja,Pouso Alegre,POU_L2,8,-0.0,false,lata
135,Del_Valle_Laranja,Pouso Alegre,POU_L2,9,-0.0,false,lata
135,Del_Valle_Laranja,Pouso Alegre,POU_L2,10,-0.0,false,lata
135,Del_Valle_Laranja,Pouso Alegre,POU_L2,11,-0.0,false,lata
135,Del_Valle_Laranja,Pouso Alegre,POU_L2,12,-0.0,false,lata
135,Del_Valle_Laranja,Pouso Alegre,POU_L2,13,-0.0,false,lata
135,Del_Valle_Laranja,Pouso Alegre,POU_L2,14,-0.0,false,lata
135,Del_Valle_Laranja,Pouso Alegre,POU_L2,15,-0.0,false,lata
135,Del_Valle_Laranja,Pouso Alegre,POU_L3,1,-0.0,false,lata
135,Del_Valle_Laranja,Pouso Alegre,POU_L3,2,-0.0,false,lata
135,Del_Valle_Laranja,Pouso Alegre,POU_L3,3,-0.0,false,lata
135,Del_Valle_Laranja,Pouso Alegre,POU_L3,4,-0.0,false,lata
135,Del_Valle_Laranja,Pouso Alegre,POU_L3,5,-0.0,false,lata
135,Del_Valle_Laranja,Pouso Alegre,POU_L3,6,-0.0,false,lata
135,Del_Valle_Laranja,Pouso Alegre,POU_L3,7,-0.0,false,lata
135,Del_Valle_Laranja,Pouso Alegre,POU_L3,8,-0.0,false,lata
135,Del_Valle_Laranja,Pouso Alegre,POU_L3,9,-0.0,false,lata
135,Del_Valle_Laranja,Pouso Alegre,POU_L3,10,-0.0,false,lata
135,Del_Valle_Laranja,Pouso Alegre,POU_L3,11,-0.0,false,lata
135,Del_Valle_Laranja,Pouso Alegre,POU_L3,12,-0.0,false,lata
135,Del_Valle_Laranja,Pouso Alegre,POU_L3,13,-0.0,false,lata
135,Del_Valle_Laranja,Pouso Alegre,POU_L3,14,-0.0,false,lata
135,Del_Valle_Laranja,Pouso Alegre,POU_L3,15,-0.0,false,lata
135,Del_Valle_Laranja,Gama,GAM_L1,1,-0.0,false,lata
135,Del_Valle_Laranja,Gama,GAM_L1,2,-0.0,false,lata
135,Del_Valle_Laranja,Gama,GAM_L1,3,-0.0,false,lata
135,Del_Valle_Laranja,Gama,GAM_L1,4,-0.0,false,lata
135,Del_Valle_Laranja,Gama,GAM_L1,5,-0.0,false,lata
135,Del_Valle_Laranja,Gama,GAM_L1,6,-0.0,false,lata
135,Del_Valle_Laranja,Gama,GAM_L1,7,-0.0,false,lata
135,Del_Valle_Laranja,Gama,GAM_L1,8,-0.0,false,lata
135,Del_Valle_Laranja,Gama,GAM_L1,9,-0.0,false,lata
135,Del_Valle_Laranja,Gama,GAM_L1,10,-0.0,false,lata
135,Del_Valle_Laranja,Gama,GAM_L1,11,-0.0,false,lata
135,Del_Valle_Laranja,Gama,GAM_L1,12,-0.0,false,lata
135,Del_Valle_Laranja,Gama,GAM_L1,13,-0.0,false,lata
135,Del_Valle_Laranja,Gama,GAM_L1,14,-999999.7153979001,false,lata
135,Del_Valle_Laranja,Gama,GAM_L1,15,-0.0,false,lata
135,Del_Valle_Laranja,Gama,GAM_L2,1,-0.0,false,lata
135,Del_Valle_Laranja,Gama,GAM_L2,2,-0.0,false,lata
135,Del_Valle_Laranja,Gama,GAM_L2,3,-1.0e6,true,lata
135,Del_Valle_Laranja,Gama,GAM_L2,4,-0.0,false,lata
135,Del_Valle_Laranja,Gama,GAM_L2,5,-0.0,false,lata
135,Del_Valle_Laranja,Gama,GAM_L2,6,-0.0,false,lata
135,Del_Valle_Laranja,Gama,GAM_L2,7,-0.0,false,lata
135,Del_Valle_Laranja,Gama,GAM_L2,8,-0.0,false,lata
135,Del_Valle_Laranja,Gama,GAM_L2,9,-0.0,false,lata
135,Del_Valle_Laranja,Gama,GAM_L2,10,-0.0,false,lata
135,Del_Valle_Laranja,Gama,GAM_L2,11,-0.0,false,lata
135,Del_Valle_Laranja,Gama,GAM_L2,12,-0.0,false,lata
135,Del_Valle_Laranja,Gama,GAM_L2,13,-0.0,false,lata
135,Del_Valle_Laranja,Gama,GAM_L2,14,-0.0,false,lata
135,Del_Valle_Laranja,Gama,GAM_L2,15,-0.0,false,lata
135,Del_Valle_Laranja,Gama,GAM_L3,1,-1.0e6,true,lata
135,Del_Valle_Laranja,Gama,GAM_L3,2,-0.0,false,lata
135,Del_Valle_Laranja,Gama,GAM_L3,3,-1.0e6,true,lata
135,Del_Valle_Laranja,Gama,GAM_L3,4,-0.0,false,lata
135,Del_Valle_Laranja,Gama,GAM_L3,5,-0.0,false,lata
135,Del_Valle_Laranja,Gama,GAM_L3,6,-0.0,false,lata
135,Del_Valle_Laranja,Gama,GAM_L3,7,-1.0e6,true,lata
135,Del_Valle_Laranja,Gama,GAM_L3,8,-0.0,false,lata
135,Del_Valle_Laranja,Gama,GAM_L3,9,-0.0,false,lata
135,Del_Valle_Laranja,Gama,GAM_L3,10,-0.0,false,lata
135,Del_Valle_Laranja,Gama,GAM_L3,11,-0.0,false,lata
135,Del_Valle_Laranja,Gama,GAM_L3,12,-0.0,false,lata
135,Del_Valle_Laranja,Gama,GAM_L3,13,-0.0,false,lata
135,Del_Valle_Laranja,Gama,GAM_L3,14,-0.0,false,lata
135,Del_Valle_Laranja,Gama,GAM_L3,15,-0.0,false,lata
135,Del_Valle_Laranja,Viamao,VIA_L1,1,-0.0,false,lata
135,Del_Valle_Laranja,Viamao,VIA_L1,2,-0.0,false,lata
135,Del_Valle_Laranja,Viamao,VIA_L1,3,-0.0,false,lata
135,Del_Valle_Laranja,Viamao,VIA_L1,4,-0.0,false,lata
135,Del_Valle_Laranja,Viamao,VIA_L1,5,-0.0,false,lata
135,Del_Valle_Laranja,Viamao,VIA_L1,6,-0.0,false,lata
135,Del_Valle_Laranja,Viamao,VIA_L1,7,-0.0,false,lata
135,Del_Valle_Laranja,Viamao,VIA_L1,8,-0.0,false,lata
135,Del_Valle_Laranja,Viamao,VIA_L1,9,-0.0,false,lata
135,Del_Valle_Laranja,Viamao,VIA_L1,10,-0.0,false,lata
135,Del_Valle_Laranja,Viamao,VIA_L1,11,-0.0,false,lata
135,Del_Valle_Laranja,Viamao,VIA_L1,12,-1.0e6,true,lata
135,Del_Valle_Laranja,Viamao,VIA_L1,13,-0.0,false,lata
135,Del_Valle_Laranja,Viamao,VIA_L1,14,-0.0,false,lata
135,Del_Valle_Laranja,Viamao,VIA_L1,15,-0.0,false,lata
135,Del_Valle_Laranja,Viamao,VIA_L2,1,-0.0,false,lata
135,Del_Valle_Laranja,Viamao,VIA_L2,2,-0.0,false,lata
135,Del_Valle_Laranja,Viamao,VIA_L2,3,-0.0,false,lata
135,Del_Valle_Laranja,Viamao,VIA_L2,4,-0.0,false,lata
135,Del_Valle_Laranja,Viamao,VIA_L2,5,-0.0,false,lata
135,Del_Valle_Laranja,Viamao,VIA_L2,6,-0.0,false,lata
135,Del_Valle_Laranja,Viamao,VIA_L2,7,-0.0,false,lata
135,Del_Valle_Laranja,Viamao,VIA_L2,8,-0.0,false,lata
135,Del_Valle_Laranja,Viamao,VIA_L2,9,-0.0,false,lata
135,Del_Valle_Laranja,Viamao,VIA_L2,10,-0.0,false,lata
135,Del_Valle_Laranja,Viamao,VIA_L2,11,-0.0,false,lata
135,Del_Valle_Laranja,Viamao,VIA_L2,12,-0.0,false,lata
135,Del_Valle_Laranja,Viamao,VIA_L2,13,-0.0,false,lata
135,Del_Valle_Laranja,Viamao,VIA_L2,14,-0.0,false,lata
135,Del_Valle_Laranja,Viamao,VIA_L2,15,-0.0,false,lata
135,Del_Valle_Laranja,Viamao,VIA_L3,1,-0.0,false,lata
135,Del_Valle_Laranja,Viamao,VIA_L3,2,-0.0,false,lata
135,Del_Valle_Laranja,Viamao,VIA_L3,3,-0.0,false,lata
135,Del_Valle_Laranja,Viamao,VIA_L3,4,-0.0,false,lata
135,Del_Valle_Laranja,Viamao,VIA_L3,5,-0.0,false,lata
135,Del_Valle_Laranja,Viamao,VIA_L3,6,-0.0,false,lata
135,Del_Valle_Laranja,Viamao,VIA_L3,7,-0.0,false,lata
135,Del_Valle_Laranja,Viamao,VIA_L3,8,-0.0,false,lata
135,Del_Valle_Laranja,Viamao,VIA_L3,9,-0.0,false,lata
135,Del_Valle_Laranja,Viamao,VIA_L3,10,-0.0,false,lata
135,Del_Valle_Laranja,Viamao,VIA_L3,11,-0.0,false,lata
135,Del_Valle_Laranja,Viamao,VIA_L3,12,-0.0,false,lata
135,Del_Valle_Laranja,Viamao,VIA_L3,13,-0.0,false,lata
135,Del_Valle_Laranja,Viamao,VIA_L3,14,-0.0,false,lata
135,Del_Valle_Laranja,Viamao,VIA_L3,15,-1.0e6,true,lata
135,Del_Valle_Laranja,Itupeva,ITU_L1,1,-0.0,false,lata
135,Del_Valle_Laranja,Itupeva,ITU_L1,2,-0.0,false,lata
135,Del_Valle_Laranja,Itupeva,ITU_L1,3,-0.0,false,lata
135,Del_Valle_Laranja,Itupeva,ITU_L1,4,-0.0,false,lata
135,Del_Valle_Laranja,Itupeva,ITU_L1,5,-0.0,false,lata
135,Del_Valle_Laranja,Itupeva,ITU_L1,6,-0.0,false,lata
135,Del_Valle_Laranja,Itupeva,ITU_L1,7,-0.0,false,lata
135,Del_Valle_Laranja,Itupeva,ITU_L1,8,-0.0,false,lata
135,Del_Valle_Laranja,Itupeva,ITU_L1,9,-0.0,false,lata
135,Del_Valle_Laranja,Itupeva,ITU_L1,10,-0.0,false,lata
135,Del_Valle_Laranja,Itupeva,ITU_L1,11,-0.0,false,lata
135,Del_Valle_Laranja,Itupeva,ITU_L1,12,-1.0e6,true,lata
135,Del_Valle_Laranja,Itupeva,ITU_L1,13,-0.0,false,lata
135,Del_Valle_Laranja,Itupeva,ITU_L1,14,-0.0,false,lata
135,Del_Valle_Laranja,Itupeva,ITU_L1,15,-0.0,false,lata
135,Del_Valle_Laranja,Itupeva,ITU_L2,1,-0.0,false,lata
135,Del_Valle_Laranja,Itupeva,ITU_L2,2,-0.0,false,lata
135,Del_Valle_Laranja,Itupeva,ITU_L2,3,-0.0,false,lata
135,Del_Valle_Laranja,Itupeva,ITU_L2,4,-0.0,false,lata
135,Del_Valle_Laranja,Itupeva,ITU_L2,5,-0.0,false,lata
135,Del_Valle_Laranja,Itupeva,ITU_L2,6,-0.0,false,lata
135,Del_Valle_Laranja,Itupeva,ITU_L2,7,-0.0,false,lata
135,Del_Valle_Laranja,Itupeva,ITU_L2,8,-0.0,false,lata
135,Del_Valle_Laranja,Itupeva,ITU_L2,9,-0.0,false,lata
135,Del_Valle_Laranja,Itupeva,ITU_L2,10,-0.0,false,lata
135,Del_Valle_Laranja,Itupeva,ITU_L2,11,-0.0,false,lata
135,Del_Valle_Laranja,Itupeva,ITU_L2,12,-0.0,false,lata
135,Del_Valle_Laranja,Itupeva,ITU_L2,13,-0.0,false,lata
135,Del_Valle_Laranja,Itupeva,ITU_L2,14,-0.0,false,lata
135,Del_Valle_Laranja,Itupeva,ITU_L2,15,-0.0,false,lata
135,Del_Valle_Laranja,Itupeva,ITU_L3,1,-0.0,false,lata
135,Del_Valle_Laranja,Itupeva,ITU_L3,2,-0.0,false,lata
135,Del_Valle_Laranja,Itupeva,ITU_L3,3,-0.0,false,lata
135,Del_Valle_Laranja,Itupeva,ITU_L3,4,-0.0,false,lata
135,Del_Valle_Laranja,Itupeva,ITU_L3,5,-0.0,false,lata
135,Del_Valle_Laranja,Itupeva,ITU_L3,6,-0.0,false,lata
135,Del_Valle_Laranja,Itupeva,ITU_L3,7,-0.0,false,lata
135,Del_Valle_Laranja,Itupeva,ITU_L3,8,-0.0,false,lata
135,Del_Valle_Laranja,Itupeva,ITU_L3,9,-0.0,false,lata
135,Del_Valle_Laranja,Itupeva,ITU_L3,10,-0.0,false,lata
135,Del_Valle_Laranja,Itupeva,ITU_L3,11,-0.0,false,lata
135,Del_Valle_Laranja,Itupeva,ITU_L3,12,-0.0,false,lata
135,Del_Valle_Laranja,Itupeva,ITU_L3,13,-0.0,false,lata
135,Del_Valle_Laranja,Itupeva,ITU_L3,14,-0.0,false,lata
135,Del_Valle_Laranja,Itupeva,ITU_L3,15,-0.0,false,lata
135,Del_Valle_Laranja,Cabo de Santo Agostinho,CAB_L1,1,-0.0,false,lata
135,Del_Valle_Laranja,Cabo de Santo Agostinho,CAB_L1,2,-0.0,false,lata
135,Del_Valle_Laranja,Cabo de Santo Agostinho,CAB_L1,3,-0.0,false,lata
135,Del_Valle_Laranja,Cabo de Santo Agostinho,CAB_L1,4,-0.0,false,lata
135,Del_Valle_Laranja,Cabo de Santo Agostinho,CAB_L1,5,-999999.930024,false,lata
135,Del_Valle_Laranja,Cabo de Santo Agostinho,CAB_L1,6,-0.0,false,lata
135,Del_Valle_Laranja,Cabo de Santo Agostinho,CAB_L1,7,-0.0,false,lata
135,Del_Valle_Laranja,Cabo de Santo Agostinho,CAB_L1,8,-0.0,false,lata
135,Del_Valle_Laranja,Cabo de Santo Agostinho,CAB_L1,9,-0.0,false,lata
135,Del_Valle_Laranja,Cabo de Santo Agostinho,CAB_L1,10,-0.0,false,lata
135,Del_Valle_Laranja,Cabo de Santo Agostinho,CAB_L1,11,-0.0,false,lata
135,Del_Valle_Laranja,Cabo de Santo Agostinho,CAB_L1,12,-0.0,false,lata
135,Del_Valle_Laranja,Cabo de Santo Agostinho,CAB_L1,13,-0.0,false,lata
135,Del_Valle_Laranja,Cabo de Santo Agostinho,CAB_L1,14,-0.0,false,lata
135,Del_Valle_Laranja,Cabo de Santo Agostinho,CAB_L1,15,-0.0,false,lata
135,Del_Valle_Laranja,Cabo de Santo Agostinho,CAB_L2,1,-0.0,false,lata
135,Del_Valle_Laranja,Cabo de Santo Agostinho,CAB_L2,2,-1.0e6,true,lata
135,Del_Valle_Laranja,Cabo de Santo Agostinho,CAB_L2,3,-1.0e6,true,lata
135,Del_Valle_Laranja,Cabo de Santo Agostinho,CAB_L2,4,-0.0,false,lata
135,Del_Valle_Laranja,Cabo de Santo Agostinho,CAB_L2,5,-0.0,false,lata
135,Del_Valle_Laranja,Cabo de Santo Agostinho,CAB_L2,6,-999999.9625978501,false,lata
135,Del_Valle_Laranja,Cabo de Santo Agostinho,CAB_L2,7,-0.0,false,lata
135,Del_Valle_Laranja,Cabo de Santo Agostinho,CAB_L2,8,-0.0,false,lata
135,Del_Valle_Laranja,Cabo de Santo Agostinho,CAB_L2,9,-0.0,false,lata
135,Del_Valle_Laranja,Cabo de Santo Agostinho,CAB_L2,10,-0.0,false,lata
135,Del_Valle_Laranja,Cabo de Santo Agostinho,CAB_L2,11,-0.0,false,lata
135,Del_Valle_Laranja,Cabo de Santo Agostinho,CAB_L2,12,-0.0,false,lata
135,Del_Valle_Laranja,Cabo de Santo Agostinho,CAB_L2,13,-0.0,false,lata
135,Del_Valle_Laranja,Cabo de Santo Agostinho,CAB_L2,14,-0.0,false,lata
135,Del_Valle_Laranja,Cabo de Santo Agostinho,CAB_L2,15,-0.0,false,lata
135,Del_Valle_Laranja,Cabo de Santo Agostinho,CAB_L3,1,-0.0,false,lata
135,Del_Valle_Laranja,Cabo de Santo Agostinho,CAB_L3,2,-0.0,false,lata
135,Del_Valle_Laranja,Cabo de Santo Agostinho,CAB_L3,3,-0.0,false,lata
135,Del_Valle_Laranja,Cabo de Santo Agostinho,CAB_L3,4,-0.0,false,lata
135,Del_Valle_Laranja,Cabo de Santo Agostinho,CAB_L3,5,-0.0,false,lata
135,Del_Valle_Laranja,Cabo de Santo Agostinho,CAB_L3,6,-0.0,false,lata
135,Del_Valle_Laranja,Cabo de Santo Agostinho,CAB_L3,7,-0.0,false,lata
135,Del_Valle_Laranja,Cabo de Santo Agostinho,CAB_L3,8,-0.0,false,lata
135,Del_Valle_Laranja,Cabo de Santo Agostinho,CAB_L3,9,-0.0,false,lata
135,Del_Valle_Laranja,Cabo de Santo Agostinho,CAB_L3,10,-0.0,false,lata
135,Del_Valle_Laranja,Cabo de Santo Agostinho,CAB_L3,11,-1.0e6,true,lata
135,Del_Valle_Laranja,Cabo de Santo Agostinho,CAB_L3,12,-0.0,false,lata
135,Del_Valle_Laranja,Cabo de Santo Agostinho,CAB_L3,13,-0.0,false,lata
135,Del_Valle_Laranja,Cabo de Santo Agostinho,CAB_L3,14,-0.0,false,lata
135,Del_Valle_Laranja,Cabo de Santo Agostinho,CAB_L3,15,-0.0,false,lata
135,Pepsi,Jacarei,JAC_L1,1,-0.0,false,lata
135,Pepsi,Jacarei,JAC_L1,2,-0.0,false,lata
135,Pepsi,Jacarei,JAC_L1,3,-0.0,false,lata
135,Pepsi,Jacarei,JAC_L1,4,-0.0,false,lata
135,Pepsi,Jacarei,JAC_L1,5,-0.0,false,lata
135,Pepsi,Jacarei,JAC_L1,6,-0.0,false,lata
135,Pepsi,Jacarei,JAC_L1,7,-999999.7918070501,false,lata
135,Pepsi,Jacarei,JAC_L1,8,-0.0,false,lata
135,Pepsi,Jacarei,JAC_L1,9,-0.0,false,lata
135,Pepsi,Jacarei,JAC_L1,10,-0.0,false,lata
135,Pepsi,Jacarei,JAC_L1,11,-0.0,false,lata
135,Pepsi,Jacarei,JAC_L1,12,-999999.86604025,false,lata
135,Pepsi,Jacarei,JAC_L1,13,-0.0,false,lata
135,Pepsi,Jacarei,JAC_L1,14,-0.0,false,lata
135,Pepsi,Jacarei,JAC_L1,15,-0.0,false,lata
135,Pepsi,Jacarei,JAC_L2,1,-0.0,false,lata
135,Pepsi,Jacarei,JAC_L2,2,-0.0,false,lata
135,Pepsi,Jacarei,JAC_L2,3,-0.0,false,lata
135,Pepsi,Jacarei,JAC_L2,4,-0.0,false,lata
135,Pepsi,Jacarei,JAC_L2,5,-0.0,false,lata
135,Pepsi,Jacarei,JAC_L2,6,-0.0,false,lata
135,Pepsi,Jacarei,JAC_L2,7,-0.0,false,lata
135,Pepsi,Jacarei,JAC_L2,8,-0.0,false,lata
135,Pepsi,Jacarei,JAC_L2,9,-0.0,false,lata
135,Pepsi,Jacarei,JAC_L2,10,-0.0,false,lata
135,Pepsi,Jacarei,JAC_L2,11,-0.0,false,lata
135,Pepsi,Jacarei,JAC_L2,12,-0.0,false,lata
135,Pepsi,Jacarei,JAC_L2,13,-0.0,false,lata
135,Pepsi,Jacarei,JAC_L2,14,-0.0,false,lata
135,Pepsi,Jacarei,JAC_L2,15,-0.0,false,lata
135,Pepsi,Jacarei,JAC_L3,1,-0.0,false,lata
135,Pepsi,Jacarei,JAC_L3,2,-0.0,false,lata
135,Pepsi,Jacarei,JAC_L3,3,-0.0,false,lata
135,Pepsi,Jacarei,JAC_L3,4,-0.0,false,lata
135,Pepsi,Jacarei,JAC_L3,5,-0.0,false,lata
135,Pepsi,Jacarei,JAC_L3,6,-0.0,false,lata
135,Pepsi,Jacarei,JAC_L3,7,-0.0,false,lata
135,Pepsi,Jacarei,JAC_L3,8,-0.0,false,lata
135,Pepsi,Jacarei,JAC_L3,9,-0.0,false,lata
135,Pepsi,Jacarei,JAC_L3,10,-0.0,false,lata
135,Pepsi,Jacarei,JAC_L3,11,-0.0,false,lata
135,Pepsi,Jacarei,JAC_L3,12,-0.0,false,lata
135,Pepsi,Jacarei,JAC_L3,13,-0.0,false,lata
135,Pepsi,Jacarei,JAC_L3,14,-0.0,false,lata
135,Pepsi,Jacarei,JAC_L3,15,-0.0,false,lata
135,Pepsi,Extrema,EXT_L1,1,-0.0,false,lata
135,Pepsi,Extrema,EXT_L1,2,-0.0,false,lata
135,Pepsi,Extrema,EXT_L1,3,-0.0,false,lata
135,Pepsi,Extrema,EXT_L1,4,-0.0,false,lata
135,Pepsi,Extrema,EXT_L1,5,-0.0,false,lata
135,Pepsi,Extrema,EXT_L1,6,-0.0,false,lata
135,Pepsi,Extrema,EXT_L1,7,-0.0,false,lata
135,Pepsi,Extrema,EXT_L1,8,-0.0,false,lata
135,Pepsi,Extrema,EXT_L1,9,-999999.0707272001,false,lata
135,Pepsi,Extrema,EXT_L1,10,-0.0,false,lata
135,Pepsi,Extrema,EXT_L1,11,-0.0,false,lata
135,Pepsi,Extrema,EXT_L1,12,-0.0,false,lata
135,Pepsi,Extrema,EXT_L1,13,-0.0,false,lata
135,Pepsi,Extrema,EXT_L1,14,-0.0,false,lata
135,Pepsi,Extrema,EXT_L1,15,-0.0,false,lata
135,Pepsi,Extrema,EXT_L2,1,-0.0,false,lata
135,Pepsi,Extrema,EXT_L2,2,-0.0,false,lata
135,Pepsi,Extrema,EXT_L2,3,-0.0,false,lata
135,Pepsi,Extrema,EXT_L2,4,-0.0,false,lata
135,Pepsi,Extrema,EXT_L2,5,-0.0,false,lata
135,Pepsi,Extrema,EXT_L2,6,-0.0,false,lata
135,Pepsi,Extrema,EXT_L2,7,-0.0,false,lata
135,Pepsi,Extrema,EXT_L2,8,-0.0,false,lata
135,Pepsi,Extrema,EXT_L2,9,-0.0,false,lata
135,Pepsi,Extrema,EXT_L2,10,-0.0,false,lata
135,Pepsi,Extrema,EXT_L2,11,-0.0,false,lata
135,Pepsi,Extrema,EXT_L2,12,-0.0,false,lata
135,Pepsi,Extrema,EXT_L2,13,-0.0,false,lata
135,Pepsi,Extrema,EXT_L2,14,-0.0,false,lata
135,Pepsi,Extrema,EXT_L2,15,-0.0,false,lata
135,Pepsi,Extrema,EXT_L3,1,-0.0,false,lata
135,Pepsi,Extrema,EXT_L3,2,-0.0,false,lata
135,Pepsi,Extrema,EXT_L3,3,-0.0,false,lata
135,Pepsi,Extrema,EXT_L3,4,-0.0,false,lata
135,Pepsi,Extrema,EXT_L3,5,-0.0,false,lata
135,Pepsi,Extrema,EXT_L3,6,-0.0,false,lata
135,Pepsi,Extrema,EXT_L3,7,-0.0,false,lata
135,Pepsi,Extrema,EXT_L3,8,-0.0,false,lata
135,Pepsi,Extrema,EXT_L3,9,-0.0,false,lata
135,Pepsi,Extrema,EXT_L3,10,-0.0,false,lata
135,Pepsi,Extrema,EXT_L3,11,-0.0,false,lata
135,Pepsi,Extrema,EXT_L3,12,-0.0,false,lata
135,Pepsi,Extrema,EXT_L3,13,-0.0,false,lata
135,Pepsi,Extrema,EXT_L3,14,-0.0,false,lata
135,Pepsi,Extrema,EXT_L3,15,-0.0,false,lata
135,Pepsi,Tres Rios,TRE_L1,1,-0.0,false,lata
135,Pepsi,Tres Rios,TRE_L1,2,-0.0,false,lata
135,Pepsi,Tres Rios,TRE_L1,3,-0.0,false,lata
135,Pepsi,Tres Rios,TRE_L1,4,-0.0,false,lata
135,Pepsi,Tres Rios,TRE_L1,5,-0.0,false,lata
135,Pepsi,Tres Rios,TRE_L1,6,-0.0,false,lata
135,Pepsi,Tres Rios,TRE_L1,7,-0.0,false,lata
135,Pepsi,Tres Rios,TRE_L1,8,-0.0,false,lata
135,Pepsi,Tres Rios,TRE_L1,9,-0.0,false,lata
135,Pepsi,Tres Rios,TRE_L1,10,-0.0,false,lata
135,Pepsi,Tres Rios,TRE_L1,11,-0.0,false,lata
135,Pepsi,Tres Rios,TRE_L1,12,-0.0,false,lata
135,Pepsi,Tres Rios,TRE_L1,13,-0.0,false,lata
135,Pepsi,Tres Rios,TRE_L1,14,-0.0,false,lata
135,Pepsi,Tres Rios,TRE_L1,15,-0.0,false,lata
135,Pepsi,Tres Rios,TRE_L2,1,-999999.7099773502,false,lata
135,Pepsi,Tres Rios,TRE_L2,2,-0.0,false,lata
135,Pepsi,Tres Rios,TRE_L2,3,-0.0,false,lata
135,Pepsi,Tres Rios,TRE_L2,4,-0.0,false,lata
135,Pepsi,Tres Rios,TRE_L2,5,-0.0,false,lata
135,Pepsi,Tres Rios,TRE_L2,6,-0.0,false,lata
135,Pepsi,Tres Rios,TRE_L2,7,-0.0,false,lata
135,Pepsi,Tres Rios,TRE_L2,8,-0.0,false,lata
135,Pepsi,Tres Rios,TRE_L2,9,-0.0,false,lata
135,Pepsi,Tres Rios,TRE_L2,10,-0.0,false,lata
135,Pepsi,Tres Rios,TRE_L2,11,-0.0,false,lata
135,Pepsi,Tres Rios,TRE_L2,12,-0.0,false,lata
135,Pepsi,Tres Rios,TRE_L2,13,-0.0,false,lata
135,Pepsi,Tres Rios,TRE_L2,14,-0.0,false,lata
135,Pepsi,Tres Rios,TRE_L2,15,-0.0,false,lata
135,Pepsi,Tres Rios,TRE_L3,1,-0.0,false,lata
135,Pepsi,Tres Rios,TRE_L3,2,-0.0,false,lata
135,Pepsi,Tres Rios,TRE_L3,3,-0.0,false,lata
135,Pepsi,Tres Rios,TRE_L3,4,-999999.0054503502,false,lata
135,Pepsi,Tres Rios,TRE_L3,5,-0.0,false,lata
135,Pepsi,Tres Rios,TRE_L3,6,-0.0,false,lata
135,Pepsi,Tres Rios,TRE_L3,7,-0.0,false,lata
135,Pepsi,Tres Rios,TRE_L3,8,-0.0,false,lata
135,Pepsi,Tres Rios,TRE_L3,9,-0.0,false,lata
135,Pepsi,Tres Rios,TRE_L3,10,-999999.3400835502,false,lata
135,Pepsi,Tres Rios,TRE_L3,11,-0.0,false,lata
135,Pepsi,Tres Rios,TRE_L3,12,-0.0,false,lata
135,Pepsi,Tres Rios,TRE_L3,13,-0.0,false,lata
135,Pepsi,Tres Rios,TRE_L3,14,-0.0,false,lata
135,Pepsi,Tres Rios,TRE_L3,15,-0.0,false,lata
135,Pepsi,Alagoinhas,ALA_L1,1,-0.0,false,lata
135,Pepsi,Alagoinhas,ALA_L1,2,-0.0,false,lata
135,Pepsi,Alagoinhas,ALA_L1,3,-1.0e6,true,lata
135,Pepsi,Alagoinhas,ALA_L1,4,-0.0,false,lata
135,Pepsi,Alagoinhas,ALA_L1,5,-0.0,false,lata
135,Pepsi,Alagoinhas,ALA_L1,6,-0.0,false,lata
135,Pepsi,Alagoinhas,ALA_L1,7,-0.0,false,lata
135,Pepsi,Alagoinhas,ALA_L1,8,-0.0,false,lata
135,Pepsi,Alagoinhas,ALA_L1,9,-0.0,false,lata
135,Pepsi,Alagoinhas,ALA_L1,10,-0.0,false,lata
135,Pepsi,Alagoinhas,ALA_L1,11,-0.0,false,lata
135,Pepsi,Alagoinhas,ALA_L1,12,-999999.9198368001,false,lata
135,Pepsi,Alagoinhas,ALA_L1,13,-0.0,false,lata
135,Pepsi,Alagoinhas,ALA_L1,14,-999999.8609068498,false,lata
135,Pepsi,Alagoinhas,ALA_L1,15,-0.0,false,lata
135,Pepsi,Alagoinhas,ALA_L2,1,-0.0,false,lata
135,Pepsi,Alagoinhas,ALA_L2,2,-0.0,false,lata
135,Pepsi,Alagoinhas,ALA_L2,3,-0.0,false,lata
135,Pepsi,Alagoinhas,ALA_L2,4,-0.0,false,lata
135,Pepsi,Alagoinhas,ALA_L2,5,-0.0,false,lata
135,Pepsi,Alagoinhas,ALA_L2,6,-0.0,false,lata
135,Pepsi,Alagoinhas,ALA_L2,7,-0.0,false,lata
135,Pepsi,Alagoinhas,ALA_L2,8,-0.0,false,lata
135,Pepsi,Alagoinhas,ALA_L2,9,-0.0,false,lata
135,Pepsi,Alagoinhas,ALA_L2,10,-0.0,false,lata
135,Pepsi,Alagoinhas,ALA_L2,11,-0.0,false,lata
135,Pepsi,Alagoinhas,ALA_L2,12,-0.0,false,lata
135,Pepsi,Alagoinhas,ALA_L2,13,-0.0,false,lata
135,Pepsi,Alagoinhas,ALA_L2,14,-0.0,false,lata
135,Pepsi,Alagoinhas,ALA_L2,15,-0.0,false,lata
135,Pepsi,Alagoinhas,ALA_L3,1,-0.0,false,lata
135,Pepsi,Alagoinhas,ALA_L3,2,-0.0,false,lata
135,Pepsi,Alagoinhas,ALA_L3,3,-0.0,false,lata
135,Pepsi,Alagoinhas,ALA_L3,4,-0.0,false,lata
135,Pepsi,Alagoinhas,ALA_L3,5,-0.0,false,lata
135,Pepsi,Alagoinhas,ALA_L3,6,-0.0,false,lata
135,Pepsi,Alagoinhas,ALA_L3,7,-0.0,false,lata
135,Pepsi,Alagoinhas,ALA_L3,8,-0.0,false,lata
135,Pepsi,Alagoinhas,ALA_L3,9,-0.0,false,lata
135,Pepsi,Alagoinhas,ALA_L3,10,-0.0,false,lata
135,Pepsi,Alagoinhas,ALA_L3,11,-0.0,false,lata
135,Pepsi,Alagoinhas,ALA_L3,12,-0.0,false,lata
135,Pepsi,Alagoinhas,ALA_L3,13,-0.0,false,lata
135,Pepsi,Alagoinhas,ALA_L3,14,-0.0,false,lata
135,Pepsi,Alagoinhas,ALA_L3,15,-0.0,false,lata
135,Pepsi,Frutal,FRU_L1,1,-0.0,false,lata
135,Pepsi,Frutal,FRU_L1,2,-0.0,false,lata
135,Pepsi,Frutal,FRU_L1,3,-0.0,false,lata
135,Pepsi,Frutal,FRU_L1,4,-0.0,false,lata
135,Pepsi,Frutal,FRU_L1,5,-0.0,false,lata
135,Pepsi,Frutal,FRU_L1,6,-999999.5345408001,false,lata
135,Pepsi,Frutal,FRU_L1,7,-0.0,false,lata
135,Pepsi,Frutal,FRU_L1,8,-0.0,false,lata
135,Pepsi,Frutal,FRU_L1,9,-0.0,false,lata
135,Pepsi,Frutal,FRU_L1,10,-0.0,false,lata
135,Pepsi,Frutal,FRU_L1,11,-0.0,false,lata
135,Pepsi,Frutal,FRU_L1,12,-0.0,false,lata
135,Pepsi,Frutal,FRU_L1,13,-0.0,false,lata
135,Pepsi,Frutal,FRU_L1,14,-0.0,false,lata
135,Pepsi,Frutal,FRU_L1,15,-0.0,false,lata
135,Pepsi,Frutal,FRU_L2,1,-0.0,false,lata
135,Pepsi,Frutal,FRU_L2,2,-0.0,false,lata
135,Pepsi,Frutal,FRU_L2,3,-0.0,false,lata
135,Pepsi,Frutal,FRU_L2,4,-0.0,false,lata
135,Pepsi,Frutal,FRU_L2,5,-0.0,false,lata
135,Pepsi,Frutal,FRU_L2,6,-0.0,false,lata
135,Pepsi,Frutal,FRU_L2,7,-0.0,false,lata
135,Pepsi,Frutal,FRU_L2,8,-0.0,false,lata
135,Pepsi,Frutal,FRU_L2,9,-999999.0847740001,false,lata
135,Pepsi,Frutal,FRU_L2,10,-0.0,false,lata
135,Pepsi,Frutal,FRU_L2,11,-0.0,false,lata
135,Pepsi,Frutal,FRU_L2,12,-0.0,false,lata
135,Pepsi,Frutal,FRU_L2,13,-0.0,false,lata
135,Pepsi,Frutal,FRU_L2,14,-0.0,false,lata
135,Pepsi,Frutal,FRU_L2,15,-0.0,false,lata
135,Pepsi,Frutal,FRU_L3,1,-0.0,false,lata
135,Pepsi,Frutal,FRU_L3,2,-0.0,false,lata
135,Pepsi,Frutal,FRU_L3,3,-999999.9832769999,false,lata
135,Pepsi,Frutal,FRU_L3,4,-0.0,false,lata
135,Pepsi,Frutal,FRU_L3,5,-0.0,false,lata
135,Pepsi,Frutal,FRU_L3,6,-0.0,false,lata
135,Pepsi,Frutal,FRU_L3,7,-0.0,false,lata
135,Pepsi,Frutal,FRU_L3,8,-0.0,false,lata
135,Pepsi,Frutal,FRU_L3,9,-0.0,false,lata
135,Pepsi,Frutal,FRU_L3,10,-0.0,false,lata
135,Pepsi,Frutal,FRU_L3,11,-0.0,false,lata
135,Pepsi,Frutal,FRU_L3,12,-0.0,false,lata
135,Pepsi,Frutal,FRU_L3,13,-0.0,false,lata
135,Pepsi,Frutal,FRU_L3,14,-0.0,false,lata
135,Pepsi,Frutal,FRU_L3,15,-0.0,false,lata
135,Pepsi,Pouso Alegre,POU_L1,1,-999999.7039740002,false,lata
135,Pepsi,Pouso Alegre,POU_L1,2,-0.0,false,lata
135,Pepsi,Pouso Alegre,POU_L1,3,-0.0,false,lata
135,Pepsi,Pouso Alegre,POU_L1,4,-0.0,false,lata
135,Pepsi,Pouso Alegre,POU_L1,5,-0.0,false,lata
135,Pepsi,Pouso Alegre,POU_L1,6,-0.0,false,lata
135,Pepsi,Pouso Alegre,POU_L1,7,-0.0,false,lata
135,Pepsi,Pouso Alegre,POU_L1,8,-0.0,false,lata
135,Pepsi,Pouso Alegre,POU_L1,9,-0.0,false,lata
135,Pepsi,Pouso Alegre,POU_L1,10,-0.0,false,lata
135,Pepsi,Pouso Alegre,POU_L1,11,-0.0,false,lata
135,Pepsi,Pouso Alegre,POU_L1,12,-0.0,false,lata
135,Pepsi,Pouso Alegre,POU_L1,13,-0.0,false,lata
135,Pepsi,Pouso Alegre,POU_L1,14,-0.0,false,lata
135,Pepsi,Pouso Alegre,POU_L1,15,-0.0,false,lata
135,Pepsi,Pouso Alegre,POU_L2,1,-0.0,false,lata
135,Pepsi,Pouso Alegre,POU_L2,2,-0.0,false,lata
135,Pepsi,Pouso Alegre,POU_L2,3,-0.0,false,lata
135,Pepsi,Pouso Alegre,POU_L2,4,-999998.9994470002,false,lata
135,Pepsi,Pouso Alegre,POU_L2,5,-0.0,false,lata
135,Pepsi,Pouso Alegre,POU_L2,6,-0.0,false,lata
135,Pepsi,Pouso Alegre,POU_L2,7,-0.0,false,lata
135,Pepsi,Pouso Alegre,POU_L2,8,-0.0,false,lata
135,Pepsi,Pouso Alegre,POU_L2,9,-0.0,false,lata
135,Pepsi,Pouso Alegre,POU_L2,10,-0.0,false,lata
135,Pepsi,Pouso Alegre,POU_L2,11,-0.0,false,lata
135,Pepsi,Pouso Alegre,POU_L2,12,-0.0,false,lata
135,Pepsi,Pouso Alegre,POU_L2,13,-0.0,false,lata
135,Pepsi,Pouso Alegre,POU_L2,14,-0.0,false,lata
135,Pepsi,Pouso Alegre,POU_L2,15,-0.0,false,lata
135,Pepsi,Pouso Alegre,POU_L3,1,-0.0,false,lata
135,Pepsi,Pouso Alegre,POU_L3,2,-0.0,false,lata
135,Pepsi,Pouso Alegre,POU_L3,3,-0.0,false,lata
135,Pepsi,Pouso Alegre,POU_L3,4,-0.0,false,lata
135,Pepsi,Pouso Alegre,POU_L3,5,-0.0,false,lata
135,Pepsi,Pouso Alegre,POU_L3,6,-0.0,false,lata
135,Pepsi,Pouso Alegre,POU_L3,7,-0.0,false,lata
135,Pepsi,Pouso Alegre,POU_L3,8,-0.0,false,lata
135,Pepsi,Pouso Alegre,POU_L3,9,-0.0,false,lata
135,Pepsi,Pouso Alegre,POU_L3,10,-0.0,false,lata
135,Pepsi,Pouso Alegre,POU_L3,11,-0.0,false,lata
135,Pepsi,Pouso Alegre,POU_L3,12,-0.0,false,lata
135,Pepsi,Pouso Alegre,POU_L3,13,-0.0,false,lata
135,Pepsi,Pouso Alegre,POU_L3,14,-999999.8023502498,false,lata
135,Pepsi,Pouso Alegre,POU_L3,15,-0.0,false,lata
135,Pepsi,Gama,GAM_L1,1,-0.0,false,lata
135,Pepsi,Gama,GAM_L1,2,-0.0,false,lata
135,Pepsi,Gama,GAM_L1,3,-0.0,false,lata
135,Pepsi,Gama,GAM_L1,4,-0.0,false,lata
135,Pepsi,Gama,GAM_L1,5,-0.0,false,lata
135,Pepsi,Gama,GAM_L1,6,-0.0,false,lata
135,Pepsi,Gama,GAM_L1,7,-0.0,false,lata
135,Pepsi,Gama,GAM_L1,8,-0.0,false,lata
135,Pepsi,Gama,GAM_L1,9,-0.0,false,lata
135,Pepsi,Gama,GAM_L1,10,-0.0,false,lata
135,Pepsi,Gama,GAM_L1,11,-999999.6230113001,false,lata
135,Pepsi,Gama,GAM_L1,12,-0.0,false,lata
135,Pepsi,Gama,GAM_L1,13,-0.0,false,lata
135,Pepsi,Gama,GAM_L1,14,-0.0,false,lata
135,Pepsi,Gama,GAM_L1,15,-0.0,false,lata
135,Pepsi,Gama,GAM_L2,1,-0.0,false,lata
135,Pepsi,Gama,GAM_L2,2,-0.0,false,lata
135,Pepsi,Gama,GAM_L2,3,-0.0,false,lata
135,Pepsi,Gama,GAM_L2,4,-0.0,false,lata
135,Pepsi,Gama,GAM_L2,5,-0.0,false,lata
135,Pepsi,Gama,GAM_L2,6,-0.0,false,lata
135,Pepsi,Gama,GAM_L2,7,-0.0,false,lata
135,Pepsi,Gama,GAM_L2,8,-0.0,false,lata
135,Pepsi,Gama,GAM_L2,9,-0.0,false,lata
135,Pepsi,Gama,GAM_L2,10,-0.0,false,lata
135,Pepsi,Gama,GAM_L2,11,-0.0,false,lata
135,Pepsi,Gama,GAM_L2,12,-0.0,false,lata
135,Pepsi,Gama,GAM_L2,13,-0.0,false,lata
135,Pepsi,Gama,GAM_L2,14,-0.0,false,lata
135,Pepsi,Gama,GAM_L2,15,-0.0,false,lata
135,Pepsi,Gama,GAM_L3,1,-0.0,false,lata
135,Pepsi,Gama,GAM_L3,2,-0.0,false,lata
135,Pepsi,Gama,GAM_L3,3,-0.0,false,lata
135,Pepsi,Gama,GAM_L3,4,-0.0,false,lata
135,Pepsi,Gama,GAM_L3,5,-0.0,false,lata
135,Pepsi,Gama,GAM_L3,6,-0.0,false,lata
135,Pepsi,Gama,GAM_L3,7,-0.0,false,lata
135,Pepsi,Gama,GAM_L3,8,-0.0,false,lata
135,Pepsi,Gama,GAM_L3,9,-0.0,false,lata
135,Pepsi,Gama,GAM_L3,10,-0.0,false,lata
135,Pepsi,Gama,GAM_L3,11,-0.0,false,lata
135,Pepsi,Gama,GAM_L3,12,-0.0,false,lata
135,Pepsi,Gama,GAM_L3,13,-0.0,false,lata
135,Pepsi,Gama,GAM_L3,14,-0.0,false,lata
135,Pepsi,Gama,GAM_L3,15,-0.0,false,lata
135,Pepsi,Viamao,VIA_L1,1,-0.0,false,lata
135,Pepsi,Viamao,VIA_L1,2,-0.0,false,lata
135,Pepsi,Viamao,VIA_L1,3,-0.0,false,lata
135,Pepsi,Viamao,VIA_L1,4,-0.0,false,lata
135,Pepsi,Viamao,VIA_L1,5,-0.0,false,lata
135,Pepsi,Viamao,VIA_L1,6,-0.0,false,lata
135,Pepsi,Viamao,VIA_L1,7,-0.0,false,lata
135,Pepsi,Viamao,VIA_L1,8,-0.0,false,lata
135,Pepsi,Viamao,VIA_L1,9,-0.0,false,lata
135,Pepsi,Viamao,VIA_L1,10,-0.0,false,lata
135,Pepsi,Viamao,VIA_L1,11,-0.0,false,lata
135,Pepsi,Viamao,VIA_L1,12,-0.0,false,lata
135,Pepsi,Viamao,VIA_L1,13,-0.0,false,lata
135,Pepsi,Viamao,VIA_L1,14,-0.0,false,lata
135,Pepsi,Viamao,VIA_L1,15,-0.0,false,lata
135,Pepsi,Viamao,VIA_L2,1,-0.0,false,lata
135,Pepsi,Viamao,VIA_L2,2,-0.0,false,lata
135,Pepsi,Viamao,VIA_L2,3,-0.0,false,lata
135,Pepsi,Viamao,VIA_L2,4,-0.0,false,lata
135,Pepsi,Viamao,VIA_L2,5,-0.0,false,lata
135,Pepsi,Viamao,VIA_L2,6,-0.0,false,lata
135,Pepsi,Viamao,VIA_L2,7,-999999.8298758002,false,lata
135,Pepsi,Viamao,VIA_L2,8,-0.0,false,lata
135,Pepsi,Viamao,VIA_L2,9,-0.0,false,lata
135,Pepsi,Viamao,VIA_L2,10,-0.0,false,lata
135,Pepsi,Viamao,VIA_L2,11,-0.0,false,lata
135,Pepsi,Viamao,VIA_L2,12,-0.0,false,lata
135,Pepsi,Viamao,VIA_L2,13,-0.0,false,lata
135,Pepsi,Viamao,VIA_L2,14,-0.0,false,lata
135,Pepsi,Viamao,VIA_L2,15,-0.0,false,lata
135,Pepsi,Viamao,VIA_L3,1,-0.0,false,lata
135,Pepsi,Viamao,VIA_L3,2,-0.0,false,lata
135,Pepsi,Viamao,VIA_L3,3,-1.0e6,true,lata
135,Pepsi,Viamao,VIA_L3,4,-0.0,false,lata
135,Pepsi,Viamao,VIA_L3,5,-0.0,false,lata
135,Pepsi,Viamao,VIA_L3,6,-0.0,false,lata
135,Pepsi,Viamao,VIA_L3,7,-999999.8175698003,false,lata
135,Pepsi,Viamao,VIA_L3,8,-0.0,false,lata
135,Pepsi,Viamao,VIA_L3,9,-0.0,false,lata
135,Pepsi,Viamao,VIA_L3,10,-0.0,false,lata
135,Pepsi,Viamao,VIA_L3,11,-999999.6314030002,false,lata
135,Pepsi,Viamao,VIA_L3,12,-0.0,false,lata
135,Pepsi,Viamao,VIA_L3,13,-0.0,false,lata
135,Pepsi,Viamao,VIA_L3,14,-0.0,false,lata
135,Pepsi,Viamao,VIA_L3,15,-0.0,false,lata
135,Pepsi,Itupeva,ITU_L1,1,-0.0,false,lata
135,Pepsi,Itupeva,ITU_L1,2,-0.0,false,lata
135,Pepsi,Itupeva,ITU_L1,3,-0.0,false,lata
135,Pepsi,Itupeva,ITU_L1,4,-0.0,false,lata
135,Pepsi,Itupeva,ITU_L1,5,-0.0,false,lata
135,Pepsi,Itupeva,ITU_L1,6,-0.0,false,lata
135,Pepsi,Itupeva,ITU_L1,7,-999999.7935266502,false,lata
135,Pepsi,Itupeva,ITU_L1,8,-0.0,false,lata
135,Pepsi,Itupeva,ITU_L1,9,-0.0,false,lata
135,Pepsi,Itupeva,ITU_L1,10,-0.0,false,lata
135,Pepsi,Itupeva,ITU_L1,11,-0.0,false,lata
135,Pepsi,Itupeva,ITU_L1,12,-0.0,false,lata
135,Pepsi,Itupeva,ITU_L1,13,-0.0,false,lata
135,Pepsi,Itupeva,ITU_L1,14,-0.0,false,lata
135,Pepsi,Itupeva,ITU_L1,15,-0.0,false,lata
135,Pepsi,Itupeva,ITU_L2,1,-0.0,false,lata
135,Pepsi,Itupeva,ITU_L2,2,-0.0,false,lata
135,Pepsi,Itupeva,ITU_L2,3,-0.0,false,lata
135,Pepsi,Itupeva,ITU_L2,4,-0.0,false,lata
135,Pepsi,Itupeva,ITU_L2,5,-0.0,false,lata
135,Pepsi,Itupeva,ITU_L2,6,-0.0,false,lata
135,Pepsi,Itupeva,ITU_L2,7,-0.0,false,lata
135,Pepsi,Itupeva,ITU_L2,8,-0.0,false,lata
135,Pepsi,Itupeva,ITU_L2,9,-0.0,false,lata
135,Pepsi,Itupeva,ITU_L2,10,-0.0,false,lata
135,Pepsi,Itupeva,ITU_L2,11,-999999.5982538501,false,lata
135,Pepsi,Itupeva,ITU_L2,12,-0.0,false,lata
135,Pepsi,Itupeva,ITU_L2,13,-0.0,false,lata
135,Pepsi,Itupeva,ITU_L2,14,-0.0,false,lata
135,Pepsi,Itupeva,ITU_L2,15,-0.0,false,lata
135,Pepsi,Itupeva,ITU_L3,1,-0.0,false,lata
135,Pepsi,Itupeva,ITU_L3,2,-0.0,false,lata
135,Pepsi,Itupeva,ITU_L3,3,-0.0,false,lata
135,Pepsi,Itupeva,ITU_L3,4,-0.0,false,lata
135,Pepsi,Itupeva,ITU_L3,5,-0.0,false,lata
135,Pepsi,Itupeva,ITU_L3,6,-0.0,false,lata
135,Pepsi,Itupeva,ITU_L3,7,-0.0,false,lata
135,Pepsi,Itupeva,ITU_L3,8,-0.0,false,lata
135,Pepsi,Itupeva,ITU_L3,9,-999999.0742538502,false,lata
135,Pepsi,Itupeva,ITU_L3,10,-0.0,false,lata
135,Pepsi,Itupeva,ITU_L3,11,-0.0,false,lata
135,Pepsi,Itupeva,ITU_L3,12,-0.0,false,lata
135,Pepsi,Itupeva,ITU_L3,13,-0.0,false,lata
135,Pepsi,Itupeva,ITU_L3,14,-0.0,false,lata
135,Pepsi,Itupeva,ITU_L3,15,-0.0,false,lata
135,Pepsi,Cabo de Santo Agostinho,CAB_L1,1,-0.0,false,lata
135,Pepsi,Cabo de Santo Agostinho,CAB_L1,2,-0.0,false,lata
135,Pepsi,Cabo de Santo Agostinho,CAB_L1,3,-1.0e6,true,lata
135,Pepsi,Cabo de Santo Agostinho,CAB_L1,4,-0.0,false,lata
135,Pepsi,Cabo de Santo Agostinho,CAB_L1,5,-0.0,false,lata
135,Pepsi,Cabo de Santo Agostinho,CAB_L1,6,-0.0,false,lata
135,Pepsi,Cabo de Santo Agostinho,CAB_L1,7,-0.0,false,lata
135,Pepsi,Cabo de Santo Agostinho,CAB_L1,8,-0.0,false,lata
135,Pepsi,Cabo de Santo Agostinho,CAB_L1,9,-0.0,false,lata
135,Pepsi,Cabo de Santo Agostinho,CAB_L1,10,-0.0,false,lata
135,Pepsi,Cabo de Santo Agostinho,CAB_L1,11,-0.0,false,lata
135,Pepsi,Cabo de Santo Agostinho,CAB_L1,12,-0.0,false,lata
135,Pepsi,Cabo de Santo Agostinho,CAB_L1,13,-0.0,false,lata
135,Pepsi,Cabo de Santo Agostinho,CAB_L1,14,-0.0,false,lata
135,Pepsi,Cabo de Santo Agostinho,CAB_L1,15,-0.0,false,lata
135,Pepsi,Cabo de Santo Agostinho,CAB_L2,1,-0.0,false,lata
135,Pepsi,Cabo de Santo Agostinho,CAB_L2,2,-0.0,false,lata
135,Pepsi,Cabo de Santo Agostinho,CAB_L2,3,-0.0,false,lata
135,Pepsi,Cabo de Santo Agostinho,CAB_L2,4,-0.0,false,lata
135,Pepsi,Cabo de Santo Agostinho,CAB_L2,5,-0.0,false,lata
135,Pepsi,Cabo de Santo Agostinho,CAB_L2,6,-0.0,false,lata
135,Pepsi,Cabo de Santo Agostinho,CAB_L2,7,-0.0,false,lata
135,Pepsi,Cabo de Santo Agostinho,CAB_L2,8,-0.0,false,lata
135,Pepsi,Cabo de Santo Agostinho,CAB_L2,9,-0.0,false,lata
135,Pepsi,Cabo de Santo Agostinho,CAB_L2,10,-0.0,false,lata
135,Pepsi,Cabo de Santo Agostinho,CAB_L2,11,-0.0,false,lata
135,Pepsi,Cabo de Santo Agostinho,CAB_L2,12,-0.0,false,lata
135,Pepsi,Cabo de Santo Agostinho,CAB_L2,13,-999999.6151861498,false,lata
135,Pepsi,Cabo de Santo Agostinho,CAB_L2,14,-0.0,false,lata
135,Pepsi,Cabo de Santo Agostinho,CAB_L2,15,-0.0,false,lata
135,Pepsi,Cabo de Santo Agostinho,CAB_L3,1,-0.0,false,lata
135,Pepsi,Cabo de Santo Agostinho,CAB_L3,2,-0.0,false,lata
135,Pepsi,Cabo de Santo Agostinho,CAB_L3,3,-0.0,false,lata
135,Pepsi,Cabo de Santo Agostinho,CAB_L3,4,-0.0,false,lata
135,Pepsi,Cabo de Santo Agostinho,CAB_L3,5,-0.0,false,lata
135,Pepsi,Cabo de Santo Agostinho,CAB_L3,6,-0.0,false,lata
135,Pepsi,Cabo de Santo Agostinho,CAB_L3,7,-0.0,false,lata
135,Pepsi,Cabo de Santo Agostinho,CAB_L3,8,-0.0,false,lata
135,Pepsi,Cabo de Santo Agostinho,CAB_L3,9,-0.0,false,lata
135,Pepsi,Cabo de Santo Agostinho,CAB_L3,10,-0.0,false,lata
135,Pepsi,Cabo de Santo Agostinho,CAB_L3,11,-0.0,false,lata
135,Pepsi,Cabo de Santo Agostinho,CAB_L3,12,-0.0,false,lata
135,Pepsi,Cabo de Santo Agostinho,CAB_L3,13,-0.0,false,lata
135,Pepsi,Cabo de Santo Agostinho,CAB_L3,14,-999999.8846921498,false,lata
135,Pepsi,Cabo de Santo Agostinho,CAB_L3,15,-0.0,false,lata
135,H2OH_Limao,Jacarei,JAC_L1,1,-0.0,false,lata
135,H2OH_Limao,Jacarei,JAC_L1,2,-0.0,false,lata
135,H2OH_Limao,Jacarei,JAC_L1,3,-0.0,false,lata
135,H2OH_Limao,Jacarei,JAC_L1,4,-0.0,false,lata
135,H2OH_Limao,Jacarei,JAC_L1,5,-0.0,false,lata
135,H2OH_Limao,Jacarei,JAC_L1,6,-0.0,false,lata
135,H2OH_Limao,Jacarei,JAC_L1,7,-0.0,false,lata
135,H2OH_Limao,Jacarei,JAC_L1,8,-1.0e6,false,lata
135,H2OH_Limao,Jacarei,JAC_L1,9,-0.0,false,lata
135,H2OH_Limao,Jacarei,JAC_L1,10,-0.0,false,lata
135,H2OH_Limao,Jacarei,JAC_L1,11,-0.0,false,lata
135,H2OH_Limao,Jacarei,JAC_L1,12,-0.0,false,lata
135,H2OH_Limao,Jacarei,JAC_L1,13,-0.0,false,lata
135,H2OH_Limao,Jacarei,JAC_L1,14,-0.0,false,lata
135,H2OH_Limao,Jacarei,JAC_L1,15,-0.0,false,lata
135,H2OH_Limao,Jacarei,JAC_L2,1,-0.0,false,lata
135,H2OH_Limao,Jacarei,JAC_L2,2,-0.0,false,lata
135,H2OH_Limao,Jacarei,JAC_L2,3,-0.0,false,lata
135,H2OH_Limao,Jacarei,JAC_L2,4,-0.0,false,lata
135,H2OH_Limao,Jacarei,JAC_L2,5,-0.0,false,lata
135,H2OH_Limao,Jacarei,JAC_L2,6,-0.0,false,lata
135,H2OH_Limao,Jacarei,JAC_L2,7,-0.0,false,lata
135,H2OH_Limao,Jacarei,JAC_L2,8,-0.0,false,lata
135,H2OH_Limao,Jacarei,JAC_L2,9,-0.0,false,lata
135,H2OH_Limao,Jacarei,JAC_L2,10,-0.0,false,lata
135,H2OH_Limao,Jacarei,JAC_L2,11,-0.0,false,lata
135,H2OH_Limao,Jacarei,JAC_L2,12,-0.0,false,lata
135,H2OH_Limao,Jacarei,JAC_L2,13,-0.0,false,lata
135,H2OH_Limao,Jacarei,JAC_L2,14,-0.0,false,lata
135,H2OH_Limao,Jacarei,JAC_L2,15,-0.0,false,lata
135,H2OH_Limao,Jacarei,JAC_L3,1,-0.0,false,lata
135,H2OH_Limao,Jacarei,JAC_L3,2,-0.0,false,lata
135,H2OH_Limao,Jacarei,JAC_L3,3,-0.0,false,lata
135,H2OH_Limao,Jacarei,JAC_L3,4,-0.0,false,lata
135,H2OH_Limao,Jacarei,JAC_L3,5,-0.0,false,lata
135,H2OH_Limao,Jacarei,JAC_L3,6,-0.0,false,lata
135,H2OH_Limao,Jacarei,JAC_L3,7,-0.0,false,lata
135,H2OH_Limao,Jacarei,JAC_L3,8,-1.0e6,true,lata
135,H2OH_Limao,Jacarei,JAC_L3,9,-0.0,false,lata
135,H2OH_Limao,Jacarei,JAC_L3,10,-0.0,false,lata
135,H2OH_Limao,Jacarei,JAC_L3,11,-0.0,false,lata
135,H2OH_Limao,Jacarei,JAC_L3,12,-0.0,false,lata
135,H2OH_Limao,Jacarei,JAC_L3,13,-0.0,false,lata
135,H2OH_Limao,Jacarei,JAC_L3,14,-0.0,false,lata
135,H2OH_Limao,Jacarei,JAC_L3,15,-0.0,false,lata
135,H2OH_Limao,Extrema,EXT_L1,1,-0.0,false,lata
135,H2OH_Limao,Extrema,EXT_L1,2,-0.0,false,lata
135,H2OH_Limao,Extrema,EXT_L1,3,-0.0,false,lata
135,H2OH_Limao,Extrema,EXT_L1,4,-0.0,false,lata
135,H2OH_Limao,Extrema,EXT_L1,5,-999999.5899241503,false,lata
135,H2OH_Limao,Extrema,EXT_L1,6,-0.0,false,lata
135,H2OH_Limao,Extrema,EXT_L1,7,-0.0,false,lata
135,H2OH_Limao,Extrema,EXT_L1,8,-0.0,false,lata
135,H2OH_Limao,Extrema,EXT_L1,9,-0.0,false,lata
135,H2OH_Limao,Extrema,EXT_L1,10,-999999.2906379999,false,lata
135,H2OH_Limao,Extrema,EXT_L1,11,-0.0,false,lata
135,H2OH_Limao,Extrema,EXT_L1,12,-0.0,false,lata
135,H2OH_Limao,Extrema,EXT_L1,13,-0.0,false,lata
135,H2OH_Limao,Extrema,EXT_L1,14,-0.0,false,lata
135,H2OH_Limao,Extrema,EXT_L1,15,-0.0,false,lata
135,H2OH_Limao,Extrema,EXT_L2,1,-0.0,false,lata
135,H2OH_Limao,Extrema,EXT_L2,2,-0.0,false,lata
135,H2OH_Limao,Extrema,EXT_L2,3,-0.0,false,lata
135,H2OH_Limao,Extrema,EXT_L2,4,-0.0,false,lata
135,H2OH_Limao,Extrema,EXT_L2,5,-0.0,false,lata
135,H2OH_Limao,Extrema,EXT_L2,6,-0.0,false,lata
135,H2OH_Limao,Extrema,EXT_L2,7,-0.0,false,lata
135,H2OH_Limao,Extrema,EXT_L2,8,-0.0,false,lata
135,H2OH_Limao,Extrema,EXT_L2,9,-0.0,false,lata
135,H2OH_Limao,Extrema,EXT_L2,10,-0.0,false,lata
135,H2OH_Limao,Extrema,EXT_L2,11,-0.0,false,lata
135,H2OH_Limao,Extrema,EXT_L2,12,-0.0,false,lata
135,H2OH_Limao,Extrema,EXT_L2,13,-0.0,false,lata
135,H2OH_Limao,Extrema,EXT_L2,14,-0.0,false,lata
135,H2OH_Limao,Extrema,EXT_L2,15,-0.0,false,lata
135,H2OH_Limao,Extrema,EXT_L3,1,-0.0,false,lata
135,H2OH_Limao,Extrema,EXT_L3,2,-0.0,false,lata
135,H2OH_Limao,Extrema,EXT_L3,3,-0.0,false,lata
135,H2OH_Limao,Extrema,EXT_L3,4,-0.0,false,lata
135,H2OH_Limao,Extrema,EXT_L3,5,-0.0,false,lata
135,H2OH_Limao,Extrema,EXT_L3,6,-0.0,false,lata
135,H2OH_Limao,Extrema,EXT_L3,7,-0.0,false,lata
135,H2OH_Limao,Extrema,EXT_L3,8,-999999.99742555,false,lata
135,H2OH_Limao,Extrema,EXT_L3,9,-0.0,false,lata
135,H2OH_Limao,Extrema,EXT_L3,10,-0.0,false,lata
135,H2OH_Limao,Extrema,EXT_L3,11,-0.0,false,lata
135,H2OH_Limao,Extrema,EXT_L3,12,-0.0,false,lata
135,H2OH_Limao,Extrema,EXT_L3,13,-0.0,false,lata
135,H2OH_Limao,Extrema,EXT_L3,14,-0.0,false,lata
135,H2OH_Limao,Extrema,EXT_L3,15,-0.0,false,lata
135,H2OH_Limao,Tres Rios,TRE_L1,1,-0.0,false,lata
135,H2OH_Limao,Tres Rios,TRE_L1,2,-0.0,false,lata
135,H2OH_Limao,Tres Rios,TRE_L1,3,-0.0,false,lata
135,H2OH_Limao,Tres Rios,TRE_L1,4,-0.0,false,lata
135,H2OH_Limao,Tres Rios,TRE_L1,5,-0.0,false,lata
135,H2OH_Limao,Tres Rios,TRE_L1,6,-0.0,false,lata
135,H2OH_Limao,Tres Rios,TRE_L1,7,-999999.7823462503,false,lata
135,H2OH_Limao,Tres Rios,TRE_L1,8,-0.0,false,lata
135,H2OH_Limao,Tres Rios,TRE_L1,9,-0.0,false,lata
135,H2OH_Limao,Tres Rios,TRE_L1,10,-0.0,false,lata
135,H2OH_Limao,Tres Rios,TRE_L1,11,-0.0,false,lata
135,H2OH_Limao,Tres Rios,TRE_L1,12,-0.0,false,lata
135,H2OH_Limao,Tres Rios,TRE_L1,13,-0.0,false,lata
135,H2OH_Limao,Tres Rios,TRE_L1,14,-0.0,false,lata
135,H2OH_Limao,Tres Rios,TRE_L1,15,-0.0,false,lata
135,H2OH_Limao,Tres Rios,TRE_L2,1,-0.0,false,lata
135,H2OH_Limao,Tres Rios,TRE_L2,2,-0.0,false,lata
135,H2OH_Limao,Tres Rios,TRE_L2,3,-0.0,false,lata
135,H2OH_Limao,Tres Rios,TRE_L2,4,-0.0,false,lata
135,H2OH_Limao,Tres Rios,TRE_L2,5,-0.0,false,lata
135,H2OH_Limao,Tres Rios,TRE_L2,6,-0.0,false,lata
135,H2OH_Limao,Tres Rios,TRE_L2,7,-0.0,false,lata
135,H2OH_Limao,Tres Rios,TRE_L2,8,-0.0,false,lata
135,H2OH_Limao,Tres Rios,TRE_L2,9,-0.0,false,lata
135,H2OH_Limao,Tres Rios,TRE_L2,10,-999999.2936720499,false,lata
135,H2OH_Limao,Tres Rios,TRE_L2,11,-0.0,false,lata
135,H2OH_Limao,Tres Rios,TRE_L2,12,-0.0,false,lata
135,H2OH_Limao,Tres Rios,TRE_L2,13,-0.0,false,lata
135,H2OH_Limao,Tres Rios,TRE_L2,14,-0.0,false,lata
135,H2OH_Limao,Tres Rios,TRE_L2,15,-0.0,false,lata
135,H2OH_Limao,Tres Rios,TRE_L3,1,-0.0,false,lata
135,H2OH_Limao,Tres Rios,TRE_L3,2,-0.0,false,lata
135,H2OH_Limao,Tres Rios,TRE_L3,3,-0.0,false,lata
135,H2OH_Limao,Tres Rios,TRE_L3,4,-0.0,false,lata
135,H2OH_Limao,Tres Rios,TRE_L3,5,-0.0,false,lata
135,H2OH_Limao,Tres Rios,TRE_L3,6,-0.0,false,lata
135,H2OH_Limao,Tres Rios,TRE_L3,7,-0.0,false,lata
135,H2OH_Limao,Tres Rios,TRE_L3,8,-0.0,false,lata
135,H2OH_Limao,Tres Rios,TRE_L3,9,-0.0,false,lata
135,H2OH_Limao,Tres Rios,TRE_L3,10,-0.0,false,lata
135,H2OH_Limao,Tres Rios,TRE_L3,11,-0.0,false,lata
135,H2OH_Limao,Tres Rios,TRE_L3,12,-0.0,false,lata
135,H2OH_Limao,Tres Rios,TRE_L3,13,-0.0,false,lata
135,H2OH_Limao,Tres Rios,TRE_L3,14,-999997.9915797501,false,lata
135,H2OH_Limao,Tres Rios,TRE_L3,15,-0.0,false,lata
135,H2OH_Limao,Alagoinhas,ALA_L1,1,-0.0,false,lata
135,H2OH_Limao,Alagoinhas,ALA_L1,2,-0.0,false,lata
135,H2OH_Limao,Alagoinhas,ALA_L1,3,-0.0,false,lata
135,H2OH_Limao,Alagoinhas,ALA_L1,4,-0.0,false,lata
135,H2OH_Limao,Alagoinhas,ALA_L1,5,-0.0,false,lata
135,H2OH_Limao,Alagoinhas,ALA_L1,6,-0.0,false,lata
135,H2OH_Limao,Alagoinhas,ALA_L1,7,-0.0,false,lata
135,H2OH_Limao,Alagoinhas,ALA_L1,8,-0.0,false,lata
135,H2OH_Limao,Alagoinhas,ALA_L1,9,-999999.0219293499,false,lata
135,H2OH_Limao,Alagoinhas,ALA_L1,10,-0.0,false,lata
135,H2OH_Limao,Alagoinhas,ALA_L1,11,-0.0,false,lata
135,H2OH_Limao,Alagoinhas,ALA_L1,12,-0.0,false,lata
135,H2OH_Limao,Alagoinhas,ALA_L1,13,-0.0,false,lata
135,H2OH_Limao,Alagoinhas,ALA_L1,14,-0.0,false,lata
135,H2OH_Limao,Alagoinhas,ALA_L1,15,-0.0,false,lata
135,H2OH_Limao,Alagoinhas,ALA_L2,1,-0.0,false,lata
135,H2OH_Limao,Alagoinhas,ALA_L2,2,-0.0,false,lata
135,H2OH_Limao,Alagoinhas,ALA_L2,3,-0.0,false,lata
135,H2OH_Limao,Alagoinhas,ALA_L2,4,-0.0,false,lata
135,H2OH_Limao,Alagoinhas,ALA_L2,5,-0.0,false,lata
135,H2OH_Limao,Alagoinhas,ALA_L2,6,-0.0,false,lata
135,H2OH_Limao,Alagoinhas,ALA_L2,7,-999999.8102805001,false,lata
135,H2OH_Limao,Alagoinhas,ALA_L2,8,-0.0,false,lata
135,H2OH_Limao,Alagoinhas,ALA_L2,9,-999999.0219293499,false,lata
135,H2OH_Limao,Alagoinhas,ALA_L2,10,-0.0,false,lata
135,H2OH_Limao,Alagoinhas,ALA_L2,11,-0.0,false,lata
135,H2OH_Limao,Alagoinhas,ALA_L2,12,-999999.9006337,false,lata
135,H2OH_Limao,Alagoinhas,ALA_L2,13,-0.0,false,lata
135,H2OH_Limao,Alagoinhas,ALA_L2,14,-0.0,false,lata
135,H2OH_Limao,Alagoinhas,ALA_L2,15,-0.0,false,lata
135,H2OH_Limao,Alagoinhas,ALA_L3,1,-0.0,false,lata
135,H2OH_Limao,Alagoinhas,ALA_L3,2,-0.0,false,lata
135,H2OH_Limao,Alagoinhas,ALA_L3,3,-0.0,false,lata
135,H2OH_Limao,Alagoinhas,ALA_L3,4,-0.0,false,lata
135,H2OH_Limao,Alagoinhas,ALA_L3,5,-999999.6093792003,false,lata
135,H2OH_Limao,Alagoinhas,ALA_L3,6,-0.0,false,lata
135,H2OH_Limao,Alagoinhas,ALA_L3,7,-0.0,false,lata
135,H2OH_Limao,Alagoinhas,ALA_L3,8,-0.0,false,lata
135,H2OH_Limao,Alagoinhas,ALA_L3,9,-0.0,false,lata
135,H2OH_Limao,Alagoinhas,ALA_L3,10,-0.0,false,lata
135,H2OH_Limao,Alagoinhas,ALA_L3,11,-0.0,false,lata
135,H2OH_Limao,Alagoinhas,ALA_L3,12,-0.0,false,lata
135,H2OH_Limao,Alagoinhas,ALA_L3,13,-0.0,false,lata
135,H2OH_Limao,Alagoinhas,ALA_L3,14,-0.0,false,lata
135,H2OH_Limao,Alagoinhas,ALA_L3,15,-0.0,false,lata
135,H2OH_Limao,Frutal,FRU_L1,1,-0.0,false,lata
135,H2OH_Limao,Frutal,FRU_L1,2,-0.0,false,lata
135,H2OH_Limao,Frutal,FRU_L1,3,-0.0,false,lata
135,H2OH_Limao,Frutal,FRU_L1,4,-999999.2918666002,false,lata
135,H2OH_Limao,Frutal,FRU_L1,5,-0.0,false,lata
135,H2OH_Limao,Frutal,FRU_L1,6,-0.0,false,lata
135,H2OH_Limao,Frutal,FRU_L1,7,-0.0,false,lata
135,H2OH_Limao,Frutal,FRU_L1,8,-0.0,false,lata
135,H2OH_Limao,Frutal,FRU_L1,9,-0.0,false,lata
135,H2OH_Limao,Frutal,FRU_L1,10,-0.0,false,lata
135,H2OH_Limao,Frutal,FRU_L1,11,-0.0,false,lata
135,H2OH_Limao,Frutal,FRU_L1,12,-999999.8723270999,false,lata
135,H2OH_Limao,Frutal,FRU_L1,13,-0.0,false,lata
135,H2OH_Limao,Frutal,FRU_L1,14,-0.0,false,lata
135,H2OH_Limao,Frutal,FRU_L1,15,-0.0,false,lata
135,H2OH_Limao,Frutal,FRU_L2,1,-0.0,false,lata
135,H2OH_Limao,Frutal,FRU_L2,2,-0.0,false,lata
135,H2OH_Limao,Frutal,FRU_L2,3,-0.0,false,lata
135,H2OH_Limao,Frutal,FRU_L2,4,-0.0,false,lata
135,H2OH_Limao,Frutal,FRU_L2,5,-0.0,false,lata
135,H2OH_Limao,Frutal,FRU_L2,6,-0.0,false,lata
135,H2OH_Limao,Frutal,FRU_L2,7,-0.0,false,lata
135,H2OH_Limao,Frutal,FRU_L2,8,-0.0,false,lata
135,H2OH_Limao,Frutal,FRU_L2,9,-0.0,false,lata
135,H2OH_Limao,Frutal,FRU_L2,10,-0.0,false,lata
135,H2OH_Limao,Frutal,FRU_L2,11,-0.0,false,lata
135,H2OH_Limao,Frutal,FRU_L2,12,-0.0,false,lata
135,H2OH_Limao,Frutal,FRU_L2,13,-0.0,false,lata
135,H2OH_Limao,Frutal,FRU_L2,14,-0.0,false,lata
135,H2OH_Limao,Frutal,FRU_L2,15,-0.0,false,lata
135,H2OH_Limao,Frutal,FRU_L3,1,-0.0,false,lata
135,H2OH_Limao,Frutal,FRU_L3,2,-0.0,false,lata
135,H2OH_Limao,Frutal,FRU_L3,3,-0.0,false,lata
135,H2OH_Limao,Frutal,FRU_L3,4,-0.0,false,lata
135,H2OH_Limao,Frutal,FRU_L3,5,-0.0,false,lata
135,H2OH_Limao,Frutal,FRU_L3,6,-0.0,false,lata
135,H2OH_Limao,Frutal,FRU_L3,7,-0.0,false,lata
135,H2OH_Limao,Frutal,FRU_L3,8,-0.0,false,lata
135,H2OH_Limao,Frutal,FRU_L3,9,-0.0,false,lata
135,H2OH_Limao,Frutal,FRU_L3,10,-0.0,false,lata
135,H2OH_Limao,Frutal,FRU_L3,11,-0.0,false,lata
135,H2OH_Limao,Frutal,FRU_L3,12,-0.0,false,lata
135,H2OH_Limao,Frutal,FRU_L3,13,-0.0,false,lata
135,H2OH_Limao,Frutal,FRU_L3,14,-0.0,false,lata
135,H2OH_Limao,Frutal,FRU_L3,15,-0.0,false,lata
135,H2OH_Limao,Pouso Alegre,POU_L1,1,-0.0,false,lata
135,H2OH_Limao,Pouso Alegre,POU_L1,2,-0.0,false,lata
135,H2OH_Limao,Pouso Alegre,POU_L1,3,-0.0,false,lata
135,H2OH_Limao,Pouso Alegre,POU_L1,4,-0.0,false,lata
135,H2OH_Limao,Pouso Alegre,POU_L1,5,-0.0,false,lata
135,H2OH_Limao,Pouso Alegre,POU_L1,6,-0.0,false,lata
135,H2OH_Limao,Pouso Alegre,POU_L1,7,-0.0,false,lata
135,H2OH_Limao,Pouso Alegre,POU_L1,8,-0.0,false,lata
135,H2OH_Limao,Pouso Alegre,POU_L1,9,-0.0,false,lata
135,H2OH_Limao,Pouso Alegre,POU_L1,10,-0.0,false,lata
135,H2OH_Limao,Pouso Alegre,POU_L1,11,-0.0,false,lata
135,H2OH_Limao,Pouso Alegre,POU_L1,12,-0.0,false,lata
135,H2OH_Limao,Pouso Alegre,POU_L1,13,-0.0,false,lata
135,H2OH_Limao,Pouso Alegre,POU_L1,14,-0.0,false,lata
135,H2OH_Limao,Pouso Alegre,POU_L1,15,-0.0,false,lata
135,H2OH_Limao,Pouso Alegre,POU_L2,1,-0.0,false,lata
135,H2OH_Limao,Pouso Alegre,POU_L2,2,-0.0,false,lata
135,H2OH_Limao,Pouso Alegre,POU_L2,3,-0.0,false,lata
135,H2OH_Limao,Pouso Alegre,POU_L2,4,-0.0,false,lata
135,H2OH_Limao,Pouso Alegre,POU_L2,5,-0.0,false,lata
135,H2OH_Limao,Pouso Alegre,POU_L2,6,-0.0,false,lata
135,H2OH_Limao,Pouso Alegre,POU_L2,7,-0.0,false,lata
135,H2OH_Limao,Pouso Alegre,POU_L2,8,-0.0,false,lata
135,H2OH_Limao,Pouso Alegre,POU_L2,9,-0.0,false,lata
135,H2OH_Limao,Pouso Alegre,POU_L2,10,-0.0,false,lata
135,H2OH_Limao,Pouso Alegre,POU_L2,11,-0.0,false,lata
135,H2OH_Limao,Pouso Alegre,POU_L2,12,-0.0,false,lata
135,H2OH_Limao,Pouso Alegre,POU_L2,13,-0.0,false,lata
135,H2OH_Limao,Pouso Alegre,POU_L2,14,-999997.9866350001,false,lata
135,H2OH_Limao,Pouso Alegre,POU_L2,15,-0.0,false,lata
135,H2OH_Limao,Pouso Alegre,POU_L3,1,-0.0,false,lata
135,H2OH_Limao,Pouso Alegre,POU_L3,2,-0.0,false,lata
135,H2OH_Limao,Pouso Alegre,POU_L3,3,-0.0,false,lata
135,H2OH_Limao,Pouso Alegre,POU_L3,4,-0.0,false,lata
135,H2OH_Limao,Pouso Alegre,POU_L3,5,-999999.5928771503,false,lata
135,H2OH_Limao,Pouso Alegre,POU_L3,6,-0.0,false,lata
135,H2OH_Limao,Pouso Alegre,POU_L3,7,-0.0,false,lata
135,H2OH_Limao,Pouso Alegre,POU_L3,8,-0.0,false,lata
135,H2OH_Limao,Pouso Alegre,POU_L3,9,-0.0,false,lata
135,H2OH_Limao,Pouso Alegre,POU_L3,10,-0.0,false,lata
135,H2OH_Limao,Pouso Alegre,POU_L3,11,-0.0,false,lata
135,H2OH_Limao,Pouso Alegre,POU_L3,12,-0.0,false,lata
135,H2OH_Limao,Pouso Alegre,POU_L3,13,-0.0,false,lata
135,H2OH_Limao,Pouso Alegre,POU_L3,14,-0.0,false,lata
135,H2OH_Limao,Pouso Alegre,POU_L3,15,-0.0,false,lata
135,H2OH_Limao,Gama,GAM_L1,1,-0.0,false,lata
135,H2OH_Limao,Gama,GAM_L1,2,-999998.7094050002,false,lata
135,H2OH_Limao,Gama,GAM_L1,3,-0.0,false,lata
135,H2OH_Limao,Gama,GAM_L1,4,-0.0,false,lata
135,H2OH_Limao,Gama,GAM_L1,5,-0.0,false,lata
135,H2OH_Limao,Gama,GAM_L1,6,-999999.8676236003,false,lata
135,H2OH_Limao,Gama,GAM_L1,7,-0.0,false,lata
135,H2OH_Limao,Gama,GAM_L1,8,-0.0,false,lata
135,H2OH_Limao,Gama,GAM_L1,9,-0.0,false,lata
135,H2OH_Limao,Gama,GAM_L1,10,-0.0,false,lata
135,H2OH_Limao,Gama,GAM_L1,11,-0.0,false,lata
135,H2OH_Limao,Gama,GAM_L1,12,-0.0,false,lata
135,H2OH_Limao,Gama,GAM_L1,13,-0.0,false,lata
135,H2OH_Limao,Gama,GAM_L1,14,-999997.9553979001,false,lata
135,H2OH_Limao,Gama,GAM_L1,15,-0.0,false,lata
135,H2OH_Limao,Gama,GAM_L2,1,-0.0,false,lata
135,H2OH_Limao,Gama,GAM_L2,2,-999998.7482701001,false,lata
135,H2OH_Limao,Gama,GAM_L2,3,-0.0,false,lata
135,H2OH_Limao,Gama,GAM_L2,4,-0.0,false,lata
135,H2OH_Limao,Gama,GAM_L2,5,-0.0,false,lata
135,H2OH_Limao,Gama,GAM_L2,6,-0.0,false,lata
135,H2OH_Limao,Gama,GAM_L2,7,-0.0,false,lata
135,H2OH_Limao,Gama,GAM_L2,8,-0.0,false,lata
135,H2OH_Limao,Gama,GAM_L2,9,-0.0,false,lata
135,H2OH_Limao,Gama,GAM_L2,10,-0.0,false,lata
135,H2OH_Limao,Gama,GAM_L2,11,-0.0,false,lata
135,H2OH_Limao,Gama,GAM_L2,12,-0.0,false,lata
135,H2OH_Limao,Gama,GAM_L2,13,-0.0,false,lata
135,H2OH_Limao,Gama,GAM_L2,14,-0.0,false,lata
135,H2OH_Limao,Gama,GAM_L2,15,-0.0,false,lata
135,H2OH_Limao,Gama,GAM_L3,1,-0.0,false,lata
135,H2OH_Limao,Gama,GAM_L3,2,-0.0,false,lata
135,H2OH_Limao,Gama,GAM_L3,3,-0.0,false,lata
135,H2OH_Limao,Gama,GAM_L3,4,-0.0,false,lata
135,H2OH_Limao,Gama,GAM_L3,5,-0.0,false,lata
135,H2OH_Limao,Gama,GAM_L3,6,-0.0,false,lata
135,H2OH_Limao,Gama,GAM_L3,7,-0.0,false,lata
135,H2OH_Limao,Gama,GAM_L3,8,-0.0,false,lata
135,H2OH_Limao,Gama,GAM_L3,9,-0.0,false,lata
135,H2OH_Limao,Gama,GAM_L3,10,-0.0,false,lata
135,H2OH_Limao,Gama,GAM_L3,11,-0.0,false,lata
135,H2OH_Limao,Gama,GAM_L3,12,-0.0,false,lata
135,H2OH_Limao,Gama,GAM_L3,13,-0.0,false,lata
135,H2OH_Limao,Gama,GAM_L3,14,-0.0,false,lata
135,H2OH_Limao,Gama,GAM_L3,15,-0.0,false,lata
135,H2OH_Limao,Viamao,VIA_L1,1,-0.0,false,lata
135,H2OH_Limao,Viamao,VIA_L1,2,-0.0,false,lata
135,H2OH_Limao,Viamao,VIA_L1,3,-0.0,false,lata
135,H2OH_Limao,Viamao,VIA_L1,4,-0.0,false,lata
135,H2OH_Limao,Viamao,VIA_L1,5,-0.0,false,lata
135,H2OH_Limao,Viamao,VIA_L1,6,-999999.9130999503,false,lata
135,H2OH_Limao,Viamao,VIA_L1,7,-0.0,false,lata
135,H2OH_Limao,Viamao,VIA_L1,8,-0.0,false,lata
135,H2OH_Limao,Viamao,VIA_L1,9,-0.0,false,lata
135,H2OH_Limao,Viamao,VIA_L1,10,-0.0,false,lata
135,H2OH_Limao,Viamao,VIA_L1,11,-0.0,false,lata
135,H2OH_Limao,Viamao,VIA_L1,12,-0.0,false,lata
135,H2OH_Limao,Viamao,VIA_L1,13,-999997.7342494,false,lata
135,H2OH_Limao,Viamao,VIA_L1,14,-0.0,false,lata
135,H2OH_Limao,Viamao,VIA_L1,15,-0.0,false,lata
135,H2OH_Limao,Viamao,VIA_L2,1,-0.0,false,lata
135,H2OH_Limao,Viamao,VIA_L2,2,-0.0,false,lata
135,H2OH_Limao,Viamao,VIA_L2,3,-0.0,false,lata
135,H2OH_Limao,Viamao,VIA_L2,4,-0.0,false,lata
135,H2OH_Limao,Viamao,VIA_L2,5,-0.0,false,lata
135,H2OH_Limao,Viamao,VIA_L2,6,-0.0,false,lata
135,H2OH_Limao,Viamao,VIA_L2,7,-0.0,false,lata
135,H2OH_Limao,Viamao,VIA_L2,8,-0.0,false,lata
135,H2OH_Limao,Viamao,VIA_L2,9,-0.0,false,lata
135,H2OH_Limao,Viamao,VIA_L2,10,-0.0,false,lata
135,H2OH_Limao,Viamao,VIA_L2,11,-0.0,false,lata
135,H2OH_Limao,Viamao,VIA_L2,12,-0.0,false,lata
135,H2OH_Limao,Viamao,VIA_L2,13,-0.0,false,lata
135,H2OH_Limao,Viamao,VIA_L2,14,-0.0,false,lata
135,H2OH_Limao,Viamao,VIA_L2,15,-0.0,false,lata
135,H2OH_Limao,Viamao,VIA_L3,1,-0.0,false,lata
135,H2OH_Limao,Viamao,VIA_L3,2,-0.0,false,lata
135,H2OH_Limao,Viamao,VIA_L3,3,-0.0,false,lata
135,H2OH_Limao,Viamao,VIA_L3,4,-0.0,false,lata
135,H2OH_Limao,Viamao,VIA_L3,5,-0.0,false,lata
135,H2OH_Limao,Viamao,VIA_L3,6,-0.0,false,lata
135,H2OH_Limao,Viamao,VIA_L3,7,-0.0,false,lata
135,H2OH_Limao,Viamao,VIA_L3,8,-0.0,false,lata
135,H2OH_Limao,Viamao,VIA_L3,9,-0.0,false,lata
135,H2OH_Limao,Viamao,VIA_L3,10,-0.0,false,lata
135,H2OH_Limao,Viamao,VIA_L3,11,-0.0,false,lata
135,H2OH_Limao,Viamao,VIA_L3,12,-999999.8981561,false,lata
135,H2OH_Limao,Viamao,VIA_L3,13,-0.0,false,lata
135,H2OH_Limao,Viamao,VIA_L3,14,-0.0,false,lata
135,H2OH_Limao,Viamao,VIA_L3,15,-0.0,false,lata
135,H2OH_Limao,Itupeva,ITU_L1,1,-0.0,false,lata
135,H2OH_Limao,Itupeva,ITU_L1,2,-0.0,false,lata
135,H2OH_Limao,Itupeva,ITU_L1,3,-0.0,false,lata
135,H2OH_Limao,Itupeva,ITU_L1,4,-0.0,false,lata
135,H2OH_Limao,Itupeva,ITU_L1,5,-0.0,false,lata
135,H2OH_Limao,Itupeva,ITU_L1,6,-0.0,false,lata
135,H2OH_Limao,Itupeva,ITU_L1,7,-0.0,false,lata
135,H2OH_Limao,Itupeva,ITU_L1,8,-0.0,false,lata
135,H2OH_Limao,Itupeva,ITU_L1,9,-0.0,false,lata
135,H2OH_Limao,Itupeva,ITU_L1,10,-0.0,false,lata
135,H2OH_Limao,Itupeva,ITU_L1,11,-0.0,false,lata
135,H2OH_Limao,Itupeva,ITU_L1,12,-0.0,false,lata
135,H2OH_Limao,Itupeva,ITU_L1,13,-0.0,false,lata
135,H2OH_Limao,Itupeva,ITU_L1,14,-0.0,false,lata
135,H2OH_Limao,Itupeva,ITU_L1,15,-0.0,false,lata
135,H2OH_Limao,Itupeva,ITU_L2,1,-0.0,false,lata
135,H2OH_Limao,Itupeva,ITU_L2,2,-999998.7435508003,false,lata
135,H2OH_Limao,Itupeva,ITU_L2,3,-0.0,false,lata
135,H2OH_Limao,Itupeva,ITU_L2,4,-0.0,false,lata
135,H2OH_Limao,Itupeva,ITU_L2,5,-0.0,false,lata
135,H2OH_Limao,Itupeva,ITU_L2,6,-0.0,false,lata
135,H2OH_Limao,Itupeva,ITU_L2,7,-0.0,false,lata
135,H2OH_Limao,Itupeva,ITU_L2,8,-0.0,false,lata
135,H2OH_Limao,Itupeva,ITU_L2,9,-0.0,false,lata
135,H2OH_Limao,Itupeva,ITU_L2,10,-0.0,false,lata
135,H2OH_Limao,Itupeva,ITU_L2,11,-0.0,false,lata
135,H2OH_Limao,Itupeva,ITU_L2,12,-0.0,false,lata
135,H2OH_Limao,Itupeva,ITU_L2,13,-0.0,false,lata
135,H2OH_Limao,Itupeva,ITU_L2,14,-0.0,false,lata
135,H2OH_Limao,Itupeva,ITU_L2,15,-0.0,false,lata
135,H2OH_Limao,Itupeva,ITU_L3,1,-0.0,false,lata
135,H2OH_Limao,Itupeva,ITU_L3,2,-0.0,false,lata
135,H2OH_Limao,Itupeva,ITU_L3,3,-0.0,false,lata
135,H2OH_Limao,Itupeva,ITU_L3,4,-999999.3065798503,false,lata
135,H2OH_Limao,Itupeva,ITU_L3,5,-0.0,false,lata
135,H2OH_Limao,Itupeva,ITU_L3,6,-0.0,false,lata
135,H2OH_Limao,Itupeva,ITU_L3,7,-0.0,false,lata
135,H2OH_Limao,Itupeva,ITU_L3,8,-0.0,false,lata
135,H2OH_Limao,Itupeva,ITU_L3,9,-0.0,false,lata
135,H2OH_Limao,Itupeva,ITU_L3,10,-0.0,false,lata
135,H2OH_Limao,Itupeva,ITU_L3,11,-0.0,false,lata
135,H2OH_Limao,Itupeva,ITU_L3,12,-0.0,false,lata
135,H2OH_Limao,Itupeva,ITU_L3,13,-0.0,false,lata
135,H2OH_Limao,Itupeva,ITU_L3,14,-0.0,false,lata
135,H2OH_Limao,Itupeva,ITU_L3,15,-0.0,false,lata
135,H2OH_Limao,Cabo de Santo Agostinho,CAB_L1,1,-0.0,false,lata
135,H2OH_Limao,Cabo de Santo Agostinho,CAB_L1,2,-0.0,false,lata
135,H2OH_Limao,Cabo de Santo Agostinho,CAB_L1,3,-0.0,false,lata
135,H2OH_Limao,Cabo de Santo Agostinho,CAB_L1,4,-0.0,false,lata
135,H2OH_Limao,Cabo de Santo Agostinho,CAB_L1,5,-0.0,false,lata
135,H2OH_Limao,Cabo de Santo Agostinho,CAB_L1,6,-0.0,false,lata
135,H2OH_Limao,Cabo de Santo Agostinho,CAB_L1,7,-0.0,false,lata
135,H2OH_Limao,Cabo de Santo Agostinho,CAB_L1,8,-0.0,false,lata
135,H2OH_Limao,Cabo de Santo Agostinho,CAB_L1,9,-0.0,false,lata
135,H2OH_Limao,Cabo de Santo Agostinho,CAB_L1,10,-0.0,false,lata
135,H2OH_Limao,Cabo de Santo Agostinho,CAB_L1,11,-0.0,false,lata
135,H2OH_Limao,Cabo de Santo Agostinho,CAB_L1,12,-0.0,false,lata
135,H2OH_Limao,Cabo de Santo Agostinho,CAB_L1,13,-0.0,false,lata
135,H2OH_Limao,Cabo de Santo Agostinho,CAB_L1,14,-0.0,false,lata
135,H2OH_Limao,Cabo de Santo Agostinho,CAB_L1,15,-0.0,false,lata
135,H2OH_Limao,Cabo de Santo Agostinho,CAB_L2,1,-999998.4927379502,false,lata
135,H2OH_Limao,Cabo de Santo Agostinho,CAB_L2,2,-0.0,false,lata
135,H2OH_Limao,Cabo de Santo Agostinho,CAB_L2,3,-0.0,false,lata
135,H2OH_Limao,Cabo de Santo Agostinho,CAB_L2,4,-0.0,false,lata
135,H2OH_Limao,Cabo de Santo Agostinho,CAB_L2,5,-0.0,false,lata
135,H2OH_Limao,Cabo de Santo Agostinho,CAB_L2,6,-999999.9378275003,false,lata
135,H2OH_Limao,Cabo de Santo Agostinho,CAB_L2,7,-999999.8327452501,false,lata
135,H2OH_Limao,Cabo de Santo Agostinho,CAB_L2,8,-0.0,false,lata
135,H2OH_Limao,Cabo de Santo Agostinho,CAB_L2,9,-0.0,false,lata
135,H2OH_Limao,Cabo de Santo Agostinho,CAB_L2,10,-0.0,false,lata
135,H2OH_Limao,Cabo de Santo Agostinho,CAB_L2,11,-0.0,false,lata
135,H2OH_Limao,Cabo de Santo Agostinho,CAB_L2,12,-0.0,false,lata
135,H2OH_Limao,Cabo de Santo Agostinho,CAB_L2,13,-0.0,false,lata
135,H2OH_Limao,Cabo de Santo Agostinho,CAB_L2,14,-0.0,false,lata
135,H2OH_Limao,Cabo de Santo Agostinho,CAB_L2,15,-0.0,false,lata
135,H2OH_Limao,Cabo de Santo Agostinho,CAB_L3,1,-0.0,false,lata
135,H2OH_Limao,Cabo de Santo Agostinho,CAB_L3,2,-0.0,false,lata
135,H2OH_Limao,Cabo de Santo Agostinho,CAB_L3,3,-0.0,false,lata
135,H2OH_Limao,Cabo de Santo Agostinho,CAB_L3,4,-0.0,false,lata
135,H2OH_Limao,Cabo de Santo Agostinho,CAB_L3,5,-0.0,false,lata
135,H2OH_Limao,Cabo de Santo Agostinho,CAB_L3,6,-0.0,false,lata
135,H2OH_Limao,Cabo de Santo Agostinho,CAB_L3,7,-0.0,false,lata
135,H2OH_Limao,Cabo de Santo Agostinho,CAB_L3,8,-0.0,false,lata
135,H2OH_Limao,Cabo de Santo Agostinho,CAB_L3,9,-0.0,false,lata
135,H2OH_Limao,Cabo de Santo Agostinho,CAB_L3,10,-0.0,false,lata
135,H2OH_Limao,Cabo de Santo Agostinho,CAB_L3,11,-999999.6109940999,false,lata
135,H2OH_Limao,Cabo de Santo Agostinho,CAB_L3,12,-0.0,false,lata
135,H2OH_Limao,Cabo de Santo Agostinho,CAB_L3,13,-0.0,false,lata
135,H2OH_Limao,Cabo de Santo Agostinho,CAB_L3,14,-0.0,false,lata
135,H2OH_Limao,Cabo de Santo Agostinho,CAB_L3,15,-0.0,false,lata
135,Amstel_Lata,Jacarei,JAC_L1,1,-0.0,false,lata
135,Amstel_Lata,Jacarei,JAC_L1,2,-0.0,false,lata
135,Amstel_Lata,Jacarei,JAC_L1,3,-0.0,false,lata
135,Amstel_Lata,Jacarei,JAC_L1,4,-0.0,false,lata
135,Amstel_Lata,Jacarei,JAC_L1,5,-0.0,false,lata
135,Amstel_Lata,Jacarei,JAC_L1,6,-0.0,false,lata
135,Amstel_Lata,Jacarei,JAC_L1,7,-0.0,false,lata
135,Amstel_Lata,Jacarei,JAC_L1,8,-0.0,false,lata
135,Amstel_Lata,Jacarei,JAC_L1,9,-0.0,false,lata
135,Amstel_Lata,Jacarei,JAC_L1,10,-1.0e6,true,lata
135,Amstel_Lata,Jacarei,JAC_L1,11,-0.0,false,lata
135,Amstel_Lata,Jacarei,JAC_L1,12,-0.0,false,lata
135,Amstel_Lata,Jacarei,JAC_L1,13,-1.0e6,true,lata
135,Amstel_Lata,Jacarei,JAC_L1,14,-0.0,false,lata
135,Amstel_Lata,Jacarei,JAC_L1,15,-0.0,false,lata
135,Amstel_Lata,Jacarei,JAC_L2,1,-0.0,false,lata
135,Amstel_Lata,Jacarei,JAC_L2,2,-0.0,false,lata
135,Amstel_Lata,Jacarei,JAC_L2,3,-1.0e6,true,lata
135,Amstel_Lata,Jacarei,JAC_L2,4,-0.0,false,lata
135,Amstel_Lata,Jacarei,JAC_L2,5,-0.0,false,lata
135,Amstel_Lata,Jacarei,JAC_L2,6,-0.0,false,lata
135,Amstel_Lata,Jacarei,JAC_L2,7,-0.0,false,lata
135,Amstel_Lata,Jacarei,JAC_L2,8,-0.0,false,lata
135,Amstel_Lata,Jacarei,JAC_L2,9,-0.0,false,lata
135,Amstel_Lata,Jacarei,JAC_L2,10,-0.0,false,lata
135,Amstel_Lata,Jacarei,JAC_L2,11,-0.0,false,lata
135,Amstel_Lata,Jacarei,JAC_L2,12,-0.0,false,lata
135,Amstel_Lata,Jacarei,JAC_L2,13,-0.0,false,lata
135,Amstel_Lata,Jacarei,JAC_L2,14,-0.0,false,lata
135,Amstel_Lata,Jacarei,JAC_L2,15,-0.0,false,lata
135,Amstel_Lata,Jacarei,JAC_L3,1,-0.0,false,lata
135,Amstel_Lata,Jacarei,JAC_L3,2,-0.0,false,lata
135,Amstel_Lata,Jacarei,JAC_L3,3,-0.0,false,lata
135,Amstel_Lata,Jacarei,JAC_L3,4,-0.0,false,lata
135,Amstel_Lata,Jacarei,JAC_L3,5,-0.0,false,lata
135,Amstel_Lata,Jacarei,JAC_L3,6,-1.0e6,true,lata
135,Amstel_Lata,Jacarei,JAC_L3,7,-0.0,false,lata
135,Amstel_Lata,Jacarei,JAC_L3,8,-0.0,false,lata
135,Amstel_Lata,Jacarei,JAC_L3,9,-0.0,false,lata
135,Amstel_Lata,Jacarei,JAC_L3,10,-0.0,false,lata
135,Amstel_Lata,Jacarei,JAC_L3,11,-1.0e6,true,lata
135,Amstel_Lata,Jacarei,JAC_L3,12,-0.0,false,lata
135,Amstel_Lata,Jacarei,JAC_L3,13,-0.0,false,lata
135,Amstel_Lata,Jacarei,JAC_L3,14,-0.0,false,lata
135,Amstel_Lata,Jacarei,JAC_L3,15,-0.0,false,lata
135,Amstel_Lata,Extrema,EXT_L1,1,-0.0,false,lata
135,Amstel_Lata,Extrema,EXT_L1,2,-0.0,false,lata
135,Amstel_Lata,Extrema,EXT_L1,3,-0.0,false,lata
135,Amstel_Lata,Extrema,EXT_L1,4,-0.0,false,lata
135,Amstel_Lata,Extrema,EXT_L1,5,-0.0,false,lata
135,Amstel_Lata,Extrema,EXT_L1,6,-0.0,false,lata
135,Amstel_Lata,Extrema,EXT_L1,7,-0.0,false,lata
135,Amstel_Lata,Extrema,EXT_L1,8,-0.0,false,lata
135,Amstel_Lata,Extrema,EXT_L1,9,-0.0,false,lata
135,Amstel_Lata,Extrema,EXT_L1,10,-0.0,false,lata
135,Amstel_Lata,Extrema,EXT_L1,11,-0.0,false,lata
135,Amstel_Lata,Extrema,EXT_L1,12,-0.0,false,lata
135,Amstel_Lata,Extrema,EXT_L1,13,-0.0,false,lata
135,Amstel_Lata,Extrema,EXT_L1,14,-0.0,false,lata
135,Amstel_Lata,Extrema,EXT_L1,15,-0.0,false,lata
135,Amstel_Lata,Extrema,EXT_L2,1,-0.0,false,lata
135,Amstel_Lata,Extrema,EXT_L2,2,-0.0,false,lata
135,Amstel_Lata,Extrema,EXT_L2,3,-0.0,false,lata
135,Amstel_Lata,Extrema,EXT_L2,4,-0.0,false,lata
135,Amstel_Lata,Extrema,EXT_L2,5,-0.0,false,lata
135,Amstel_Lata,Extrema,EXT_L2,6,-0.0,false,lata
135,Amstel_Lata,Extrema,EXT_L2,7,-0.0,false,lata
135,Amstel_Lata,Extrema,EXT_L2,8,-0.0,false,lata
135,Amstel_Lata,Extrema,EXT_L2,9,-0.0,false,lata
135,Amstel_Lata,Extrema,EXT_L2,10,-0.0,false,lata
135,Amstel_Lata,Extrema,EXT_L2,11,-0.0,false,lata
135,Amstel_Lata,Extrema,EXT_L2,12,-0.0,false,lata
135,Amstel_Lata,Extrema,EXT_L2,13,-0.0,false,lata
135,Amstel_Lata,Extrema,EXT_L2,14,-0.0,false,lata
135,Amstel_Lata,Extrema,EXT_L2,15,-0.0,false,lata
135,Amstel_Lata,Extrema,EXT_L3,1,-0.0,false,lata
135,Amstel_Lata,Extrema,EXT_L3,2,-0.0,false,lata
135,Amstel_Lata,Extrema,EXT_L3,3,-0.0,false,lata
135,Amstel_Lata,Extrema,EXT_L3,4,-0.0,false,lata
135,Amstel_Lata,Extrema,EXT_L3,5,-0.0,false,lata
135,Amstel_Lata,Extrema,EXT_L3,6,-0.0,false,lata
135,Amstel_Lata,Extrema,EXT_L3,7,-0.0,false,lata
135,Amstel_Lata,Extrema,EXT_L3,8,-0.0,false,lata
135,Amstel_Lata,Extrema,EXT_L3,9,-0.0,false,lata
135,Amstel_Lata,Extrema,EXT_L3,10,-0.0,false,lata
135,Amstel_Lata,Extrema,EXT_L3,11,-0.0,false,lata
135,Amstel_Lata,Extrema,EXT_L3,12,-0.0,false,lata
135,Amstel_Lata,Extrema,EXT_L3,13,-0.0,false,lata
135,Amstel_Lata,Extrema,EXT_L3,14,-0.0,false,lata
135,Amstel_Lata,Extrema,EXT_L3,15,-0.0,false,lata
135,Amstel_Lata,Tres Rios,TRE_L1,1,-0.0,false,lata
135,Amstel_Lata,Tres Rios,TRE_L1,2,-0.0,false,lata
135,Amstel_Lata,Tres Rios,TRE_L1,3,-0.0,false,lata
135,Amstel_Lata,Tres Rios,TRE_L1,4,-0.0,false,lata
135,Amstel_Lata,Tres Rios,TRE_L1,5,-0.0,false,lata
135,Amstel_Lata,Tres Rios,TRE_L1,6,-1.0e6,true,lata
135,Amstel_Lata,Tres Rios,TRE_L1,7,-0.0,false,lata
135,Amstel_Lata,Tres Rios,TRE_L1,8,-0.0,false,lata
135,Amstel_Lata,Tres Rios,TRE_L1,9,-0.0,false,lata
135,Amstel_Lata,Tres Rios,TRE_L1,10,-0.0,false,lata
135,Amstel_Lata,Tres Rios,TRE_L1,11,-0.0,false,lata
135,Amstel_Lata,Tres Rios,TRE_L1,12,-0.0,false,lata
135,Amstel_Lata,Tres Rios,TRE_L1,13,-0.0,false,lata
135,Amstel_Lata,Tres Rios,TRE_L1,14,-0.0,false,lata
135,Amstel_Lata,Tres Rios,TRE_L1,15,-0.0,false,lata
135,Amstel_Lata,Tres Rios,TRE_L2,1,-0.0,false,lata
135,Amstel_Lata,Tres Rios,TRE_L2,2,-0.0,false,lata
135,Amstel_Lata,Tres Rios,TRE_L2,3,-0.0,false,lata
135,Amstel_Lata,Tres Rios,TRE_L2,4,-0.0,false,lata
135,Amstel_Lata,Tres Rios,TRE_L2,5,-0.0,false,lata
135,Amstel_Lata,Tres Rios,TRE_L2,6,-0.0,false,lata
135,Amstel_Lata,Tres Rios,TRE_L2,7,-0.0,false,lata
135,Amstel_Lata,Tres Rios,TRE_L2,8,-0.0,false,lata
135,Amstel_Lata,Tres Rios,TRE_L2,9,-1.0e6,true,lata
135,Amstel_Lata,Tres Rios,TRE_L2,10,-0.0,false,lata
135,Amstel_Lata,Tres Rios,TRE_L2,11,-0.0,false,lata
135,Amstel_Lata,Tres Rios,TRE_L2,12,-0.0,false,lata
135,Amstel_Lata,Tres Rios,TRE_L2,13,-1.0e6,true,lata
135,Amstel_Lata,Tres Rios,TRE_L2,14,-1.0e6,true,lata
135,Amstel_Lata,Tres Rios,TRE_L2,15,-0.0,false,lata
135,Amstel_Lata,Tres Rios,TRE_L3,1,-0.0,false,lata
135,Amstel_Lata,Tres Rios,TRE_L3,2,-0.0,false,lata
135,Amstel_Lata,Tres Rios,TRE_L3,3,-0.0,false,lata
135,Amstel_Lata,Tres Rios,TRE_L3,4,-1.0e6,true,lata
135,Amstel_Lata,Tres Rios,TRE_L3,5,-0.0,false,lata
135,Amstel_Lata,Tres Rios,TRE_L3,6,-0.0,false,lata
135,Amstel_Lata,Tres Rios,TRE_L3,7,-0.0,false,lata
135,Amstel_Lata,Tres Rios,TRE_L3,8,-0.0,false,lata
135,Amstel_Lata,Tres Rios,TRE_L3,9,-0.0,false,lata
135,Amstel_Lata,Tres Rios,TRE_L3,10,-0.0,false,lata
135,Amstel_Lata,Tres Rios,TRE_L3,11,-0.0,false,lata
135,Amstel_Lata,Tres Rios,TRE_L3,12,-0.0,false,lata
135,Amstel_Lata,Tres Rios,TRE_L3,13,-0.0,false,lata
135,Amstel_Lata,Tres Rios,TRE_L3,14,-0.0,false,lata
135,Amstel_Lata,Tres Rios,TRE_L3,15,-0.0,false,lata
135,Amstel_Lata,Alagoinhas,ALA_L1,1,-0.0,false,lata
135,Amstel_Lata,Alagoinhas,ALA_L1,2,-0.0,false,lata
135,Amstel_Lata,Alagoinhas,ALA_L1,3,-0.0,false,lata
135,Amstel_Lata,Alagoinhas,ALA_L1,4,-0.0,false,lata
135,Amstel_Lata,Alagoinhas,ALA_L1,5,-0.0,false,lata
135,Amstel_Lata,Alagoinhas,ALA_L1,6,-0.0,false,lata
135,Amstel_Lata,Alagoinhas,ALA_L1,7,-0.0,false,lata
135,Amstel_Lata,Alagoinhas,ALA_L1,8,-0.0,false,lata
135,Amstel_Lata,Alagoinhas,ALA_L1,9,-0.0,false,lata
135,Amstel_Lata,Alagoinhas,ALA_L1,10,-0.0,false,lata
135,Amstel_Lata,Alagoinhas,ALA_L1,11,-0.0,false,lata
135,Amstel_Lata,Alagoinhas,ALA_L1,12,-0.0,false,lata
135,Amstel_Lata,Alagoinhas,ALA_L1,13,-0.0,false,lata
135,Amstel_Lata,Alagoinhas,ALA_L1,14,-0.0,false,lata
135,Amstel_Lata,Alagoinhas,ALA_L1,15,-0.0,false,lata
135,Amstel_Lata,Alagoinhas,ALA_L2,1,-0.0,false,lata
135,Amstel_Lata,Alagoinhas,ALA_L2,2,-0.0,false,lata
135,Amstel_Lata,Alagoinhas,ALA_L2,3,-0.0,false,lata
135,Amstel_Lata,Alagoinhas,ALA_L2,4,-0.0,false,lata
135,Amstel_Lata,Alagoinhas,ALA_L2,5,-0.0,false,lata
135,Amstel_Lata,Alagoinhas,ALA_L2,6,-0.0,false,lata
135,Amstel_Lata,Alagoinhas,ALA_L2,7,-0.0,false,lata
135,Amstel_Lata,Alagoinhas,ALA_L2,8,-0.0,false,lata
135,Amstel_Lata,Alagoinhas,ALA_L2,9,-0.0,false,lata
135,Amstel_Lata,Alagoinhas,ALA_L2,10,-0.0,false,lata
135,Amstel_Lata,Alagoinhas,ALA_L2,11,-0.0,false,lata
135,Amstel_Lata,Alagoinhas,ALA_L2,12,-0.0,false,lata
135,Amstel_Lata,Alagoinhas,ALA_L2,13,-0.0,false,lata
135,Amstel_Lata,Alagoinhas,ALA_L2,14,-0.0,false,lata
135,Amstel_Lata,Alagoinhas,ALA_L2,15,-1.0e6,true,lata
135,Amstel_Lata,Alagoinhas,ALA_L3,1,-1.0e6,true,lata
135,Amstel_Lata,Alagoinhas,ALA_L3,2,-0.0,false,lata
135,Amstel_Lata,Alagoinhas,ALA_L3,3,-0.0,false,lata
135,Amstel_Lata,Alagoinhas,ALA_L3,4,-0.0,false,lata
135,Amstel_Lata,Alagoinhas,ALA_L3,5,-0.0,false,lata
135,Amstel_Lata,Alagoinhas,ALA_L3,6,-0.0,false,lata
135,Amstel_Lata,Alagoinhas,ALA_L3,7,-0.0,false,lata
135,Amstel_Lata,Alagoinhas,ALA_L3,8,-0.0,false,lata
135,Amstel_Lata,Alagoinhas,ALA_L3,9,-0.0,false,lata
135,Amstel_Lata,Alagoinhas,ALA_L3,10,-0.0,false,lata
135,Amstel_Lata,Alagoinhas,ALA_L3,11,-0.0,false,lata
135,Amstel_Lata,Alagoinhas,ALA_L3,12,-0.0,false,lata
135,Amstel_Lata,Alagoinhas,ALA_L3,13,-0.0,false,lata
135,Amstel_Lata,Alagoinhas,ALA_L3,14,-0.0,false,lata
135,Amstel_Lata,Alagoinhas,ALA_L3,15,-0.0,false,lata
135,Amstel_Lata,Frutal,FRU_L1,1,-0.0,false,lata
135,Amstel_Lata,Frutal,FRU_L1,2,-0.0,false,lata
135,Amstel_Lata,Frutal,FRU_L1,3,-0.0,false,lata
135,Amstel_Lata,Frutal,FRU_L1,4,-0.0,false,lata
135,Amstel_Lata,Frutal,FRU_L1,5,-0.0,false,lata
135,Amstel_Lata,Frutal,FRU_L1,6,-0.0,false,lata
135,Amstel_Lata,Frutal,FRU_L1,7,-0.0,false,lata
135,Amstel_Lata,Frutal,FRU_L1,8,-0.0,false,lata
135,Amstel_Lata,Frutal,FRU_L1,9,-0.0,false,lata
135,Amstel_Lata,Frutal,FRU_L1,10,-1.0e6,true,lata
135,Amstel_Lata,Frutal,FRU_L1,11,-0.0,false,lata
135,Amstel_Lata,Frutal,FRU_L1,12,-0.0,false,lata
135,Amstel_Lata,Frutal,FRU_L1,13,-0.0,false,lata
135,Amstel_Lata,Frutal,FRU_L1,14,-0.0,false,lata
135,Amstel_Lata,Frutal,FRU_L1,15,-0.0,false,lata
135,Amstel_Lata,Frutal,FRU_L2,1,-0.0,false,lata
135,Amstel_Lata,Frutal,FRU_L2,2,-0.0,false,lata
135,Amstel_Lata,Frutal,FRU_L2,3,-0.0,false,lata
135,Amstel_Lata,Frutal,FRU_L2,4,-0.0,false,lata
135,Amstel_Lata,Frutal,FRU_L2,5,-0.0,false,lata
135,Amstel_Lata,Frutal,FRU_L2,6,-0.0,false,lata
135,Amstel_Lata,Frutal,FRU_L2,7,-0.0,false,lata
135,Amstel_Lata,Frutal,FRU_L2,8,-0.0,false,lata
135,Amstel_Lata,Frutal,FRU_L2,9,-0.0,false,lata
135,Amstel_Lata,Frutal,FRU_L2,10,-0.0,false,lata
135,Amstel_Lata,Frutal,FRU_L2,11,-0.0,false,lata
135,Amstel_Lata,Frutal,FRU_L2,12,-0.0,false,lata
135,Amstel_Lata,Frutal,FRU_L2,13,-0.0,false,lata
135,Amstel_Lata,Frutal,FRU_L2,14,-0.0,false,lata
135,Amstel_Lata,Frutal,FRU_L2,15,-999999.9844253,false,lata
135,Amstel_Lata,Frutal,FRU_L3,1,-0.0,false,lata
135,Amstel_Lata,Frutal,FRU_L3,2,-0.0,false,lata
135,Amstel_Lata,Frutal,FRU_L3,3,-0.0,false,lata
135,Amstel_Lata,Frutal,FRU_L3,4,-0.0,false,lata
135,Amstel_Lata,Frutal,FRU_L3,5,-0.0,false,lata
135,Amstel_Lata,Frutal,FRU_L3,6,-0.0,false,lata
135,Amstel_Lata,Frutal,FRU_L3,7,-0.0,false,lata
135,Amstel_Lata,Frutal,FRU_L3,8,-1.0e6,true,lata
135,Amstel_Lata,Frutal,FRU_L3,9,-0.0,false,lata
135,Amstel_Lata,Frutal,FRU_L3,10,-0.0,false,lata
135,Amstel_Lata,Frutal,FRU_L3,11,-0.0,false,lata
135,Amstel_Lata,Frutal,FRU_L3,12,-0.0,false,lata
135,Amstel_Lata,Frutal,FRU_L3,13,-0.0,false,lata
135,Amstel_Lata,Frutal,FRU_L3,14,-0.0,false,lata
135,Amstel_Lata,Frutal,FRU_L3,15,-0.0,false,lata
135,Amstel_Lata,Pouso Alegre,POU_L1,1,-0.0,false,lata
135,Amstel_Lata,Pouso Alegre,POU_L1,2,-0.0,false,lata
135,Amstel_Lata,Pouso Alegre,POU_L1,3,-0.0,false,lata
135,Amstel_Lata,Pouso Alegre,POU_L1,4,-0.0,false,lata
135,Amstel_Lata,Pouso Alegre,POU_L1,5,-0.0,false,lata
135,Amstel_Lata,Pouso Alegre,POU_L1,6,-0.0,false,lata
135,Amstel_Lata,Pouso Alegre,POU_L1,7,-0.0,false,lata
135,Amstel_Lata,Pouso Alegre,POU_L1,8,-0.0,false,lata
135,Amstel_Lata,Pouso Alegre,POU_L1,9,-0.0,false,lata
135,Amstel_Lata,Pouso Alegre,POU_L1,10,-0.0,false,lata
135,Amstel_Lata,Pouso Alegre,POU_L1,11,-0.0,false,lata
135,Amstel_Lata,Pouso Alegre,POU_L1,12,-0.0,false,lata
135,Amstel_Lata,Pouso Alegre,POU_L1,13,-0.0,false,lata
135,Amstel_Lata,Pouso Alegre,POU_L1,14,-0.0,false,lata
135,Amstel_Lata,Pouso Alegre,POU_L1,15,-0.0,false,lata
135,Amstel_Lata,Pouso Alegre,POU_L2,1,-0.0,false,lata
135,Amstel_Lata,Pouso Alegre,POU_L2,2,-0.0,false,lata
135,Amstel_Lata,Pouso Alegre,POU_L2,3,-0.0,false,lata
135,Amstel_Lata,Pouso Alegre,POU_L2,4,-0.0,false,lata
135,Amstel_Lata,Pouso Alegre,POU_L2,5,-0.0,false,lata
135,Amstel_Lata,Pouso Alegre,POU_L2,6,-0.0,false,lata
135,Amstel_Lata,Pouso Alegre,POU_L2,7,-0.0,false,lata
135,Amstel_Lata,Pouso Alegre,POU_L2,8,-0.0,false,lata
135,Amstel_Lata,Pouso Alegre,POU_L2,9,-0.0,false,lata
135,Amstel_Lata,Pouso Alegre,POU_L2,10,-0.0,false,lata
135,Amstel_Lata,Pouso Alegre,POU_L2,11,-0.0,false,lata
135,Amstel_Lata,Pouso Alegre,POU_L2,12,-0.0,false,lata
135,Amstel_Lata,Pouso Alegre,POU_L2,13,-0.0,false,lata
135,Amstel_Lata,Pouso Alegre,POU_L2,14,-0.0,false,lata
135,Amstel_Lata,Pouso Alegre,POU_L2,15,-0.0,false,lata
135,Amstel_Lata,Pouso Alegre,POU_L3,1,-0.0,false,lata
135,Amstel_Lata,Pouso Alegre,POU_L3,2,-0.0,false,lata
135,Amstel_Lata,Pouso Alegre,POU_L3,3,-1.0e6,true,lata
135,Amstel_Lata,Pouso Alegre,POU_L3,4,-0.0,false,lata
135,Amstel_Lata,Pouso Alegre,POU_L3,5,-0.0,false,lata
135,Amstel_Lata,Pouso Alegre,POU_L3,6,-0.0,false,lata
135,Amstel_Lata,Pouso Alegre,POU_L3,7,-0.0,false,lata
135,Amstel_Lata,Pouso Alegre,POU_L3,8,-0.0,false,lata
135,Amstel_Lata,Pouso Alegre,POU_L3,9,-0.0,false,lata
135,Amstel_Lata,Pouso Alegre,POU_L3,10,-0.0,false,lata
135,Amstel_Lata,Pouso Alegre,POU_L3,11,-1.0e6,true,lata
135,Amstel_Lata,Pouso Alegre,POU_L3,12,-0.0,false,lata
135,Amstel_Lata,Pouso Alegre,POU_L3,13,-0.0,false,lata
135,Amstel_Lata,Pouso Alegre,POU_L3,14,-0.0,false,lata
135,Amstel_Lata,Pouso Alegre,POU_L3,15,-0.0,false,lata
135,Amstel_Lata,Gama,GAM_L1,1,-0.0,false,lata
135,Amstel_Lata,Gama,GAM_L1,2,-0.0,false,lata
135,Amstel_Lata,Gama,GAM_L1,3,-0.0,false,lata
135,Amstel_Lata,Gama,GAM_L1,4,-0.0,false,lata
135,Amstel_Lata,Gama,GAM_L1,5,-0.0,false,lata
135,Amstel_Lata,Gama,GAM_L1,6,-0.0,false,lata
135,Amstel_Lata,Gama,GAM_L1,7,-0.0,false,lata
135,Amstel_Lata,Gama,GAM_L1,8,-0.0,false,lata
135,Amstel_Lata,Gama,GAM_L1,9,-0.0,false,lata
135,Amstel_Lata,Gama,GAM_L1,10,-0.0,false,lata
135,Amstel_Lata,Gama,GAM_L1,11,-0.0,false,lata
135,Amstel_Lata,Gama,GAM_L1,12,-0.0,false,lata
135,Amstel_Lata,Gama,GAM_L1,13,-0.0,false,lata
135,Amstel_Lata,Gama,GAM_L1,14,-0.0,false,lata
135,Amstel_Lata,Gama,GAM_L1,15,-1.0e6,true,lata
135,Amstel_Lata,Gama,GAM_L2,1,-0.0,false,lata
135,Amstel_Lata,Gama,GAM_L2,2,-0.0,false,lata
135,Amstel_Lata,Gama,GAM_L2,3,-0.0,false,lata
135,Amstel_Lata,Gama,GAM_L2,4,-0.0,false,lata
135,Amstel_Lata,Gama,GAM_L2,5,-0.0,false,lata
135,Amstel_Lata,Gama,GAM_L2,6,-0.0,false,lata
135,Amstel_Lata,Gama,GAM_L2,7,-0.0,false,lata
135,Amstel_Lata,Gama,GAM_L2,8,-0.0,false,lata
135,Amstel_Lata,Gama,GAM_L2,9,-0.0,false,lata
135,Amstel_Lata,Gama,GAM_L2,10,-0.0,false,lata
135,Amstel_Lata,Gama,GAM_L2,11,-0.0,false,lata
135,Amstel_Lata,Gama,GAM_L2,12,-0.0,false,lata
135,Amstel_Lata,Gama,GAM_L2,13,-1.0e6,true,lata
135,Amstel_Lata,Gama,GAM_L2,14,-0.0,false,lata
135,Amstel_Lata,Gama,GAM_L2,15,-0.0,false,lata
135,Amstel_Lata,Gama,GAM_L3,1,-0.0,false,lata
135,Amstel_Lata,Gama,GAM_L3,2,-0.0,false,lata
135,Amstel_Lata,Gama,GAM_L3,3,-0.0,false,lata
135,Amstel_Lata,Gama,GAM_L3,4,-0.0,false,lata
135,Amstel_Lata,Gama,GAM_L3,5,-0.0,false,lata
135,Amstel_Lata,Gama,GAM_L3,6,-0.0,false,lata
135,Amstel_Lata,Gama,GAM_L3,7,-0.0,false,lata
135,Amstel_Lata,Gama,GAM_L3,8,-0.0,false,lata
135,Amstel_Lata,Gama,GAM_L3,9,-0.0,false,lata
135,Amstel_Lata,Gama,GAM_L3,10,-0.0,false,lata
135,Amstel_Lata,Gama,GAM_L3,11,-0.0,false,lata
135,Amstel_Lata,Gama,GAM_L3,12,-0.0,false,lata
135,Amstel_Lata,Gama,GAM_L3,13,-0.0,false,lata
135,Amstel_Lata,Gama,GAM_L3,14,-0.0,false,lata
135,Amstel_Lata,Gama,GAM_L3,15,-0.0,false,lata
135,Amstel_Lata,Viamao,VIA_L1,1,-0.0,false,lata
135,Amstel_Lata,Viamao,VIA_L1,2,-0.0,false,lata
135,Amstel_Lata,Viamao,VIA_L1,3,-0.0,false,lata
135,Amstel_Lata,Viamao,VIA_L1,4,-0.0,false,lata
135,Amstel_Lata,Viamao,VIA_L1,5,-1.0e6,true,lata
135,Amstel_Lata,Viamao,VIA_L1,6,-0.0,false,lata
135,Amstel_Lata,Viamao,VIA_L1,7,-0.0,false,lata
135,Amstel_Lata,Viamao,VIA_L1,8,-0.0,false,lata
135,Amstel_Lata,Viamao,VIA_L1,9,-0.0,false,lata
135,Amstel_Lata,Viamao,VIA_L1,10,-0.0,false,lata
135,Amstel_Lata,Viamao,VIA_L1,11,-0.0,false,lata
135,Amstel_Lata,Viamao,VIA_L1,12,-0.0,false,lata
135,Amstel_Lata,Viamao,VIA_L1,13,-0.0,false,lata
135,Amstel_Lata,Viamao,VIA_L1,14,-0.0,false,lata
135,Amstel_Lata,Viamao,VIA_L1,15,-0.0,false,lata
135,Amstel_Lata,Viamao,VIA_L2,1,-0.0,false,lata
135,Amstel_Lata,Viamao,VIA_L2,2,-0.0,false,lata
135,Amstel_Lata,Viamao,VIA_L2,3,-0.0,false,lata
135,Amstel_Lata,Viamao,VIA_L2,4,-1.0e6,true,lata
135,Amstel_Lata,Viamao,VIA_L2,5,-0.0,false,lata
135,Amstel_Lata,Viamao,VIA_L2,6,-0.0,false,lata
135,Amstel_Lata,Viamao,VIA_L2,7,-0.0,false,lata
135,Amstel_Lata,Viamao,VIA_L2,8,-0.0,false,lata
135,Amstel_Lata,Viamao,VIA_L2,9,-0.0,false,lata
135,Amstel_Lata,Viamao,VIA_L2,10,-0.0,false,lata
135,Amstel_Lata,Viamao,VIA_L2,11,-0.0,false,lata
135,Amstel_Lata,Viamao,VIA_L2,12,-0.0,false,lata
135,Amstel_Lata,Viamao,VIA_L2,13,-1.0e6,true,lata
135,Amstel_Lata,Viamao,VIA_L2,14,-1.0e6,true,lata
135,Amstel_Lata,Viamao,VIA_L2,15,-0.0,false,lata
135,Amstel_Lata,Viamao,VIA_L3,1,-0.0,false,lata
135,Amstel_Lata,Viamao,VIA_L3,2,-0.0,false,lata
135,Amstel_Lata,Viamao,VIA_L3,3,-0.0,false,lata
135,Amstel_Lata,Viamao,VIA_L3,4,-1.0e6,true,lata
135,Amstel_Lata,Viamao,VIA_L3,5,-0.0,false,lata
135,Amstel_Lata,Viamao,VIA_L3,6,-0.0,false,lata
135,Amstel_Lata,Viamao,VIA_L3,7,-0.0,false,lata
135,Amstel_Lata,Viamao,VIA_L3,8,-0.0,false,lata
135,Amstel_Lata,Viamao,VIA_L3,9,-0.0,false,lata
135,Amstel_Lata,Viamao,VIA_L3,10,-0.0,false,lata
135,Amstel_Lata,Viamao,VIA_L3,11,-0.0,false,lata
135,Amstel_Lata,Viamao,VIA_L3,12,-0.0,false,lata
135,Amstel_Lata,Viamao,VIA_L3,13,-0.0,false,lata
135,Amstel_Lata,Viamao,VIA_L3,14,-0.0,false,lata
135,Amstel_Lata,Viamao,VIA_L3,15,-0.0,false,lata
135,Amstel_Lata,Itupeva,ITU_L1,1,-0.0,false,lata
135,Amstel_Lata,Itupeva,ITU_L1,2,-0.0,false,lata
135,Amstel_Lata,Itupeva,ITU_L1,3,-0.0,false,lata
135,Amstel_Lata,Itupeva,ITU_L1,4,-0.0,false,lata
135,Amstel_Lata,Itupeva,ITU_L1,5,-0.0,false,lata
135,Amstel_Lata,Itupeva,ITU_L1,6,-0.0,false,lata
135,Amstel_Lata,Itupeva,ITU_L1,7,-0.0,false,lata
135,Amstel_Lata,Itupeva,ITU_L1,8,-0.0,false,lata
135,Amstel_Lata,Itupeva,ITU_L1,9,-0.0,false,lata
135,Amstel_Lata,Itupeva,ITU_L1,10,-0.0,false,lata
135,Amstel_Lata,Itupeva,ITU_L1,11,-0.0,false,lata
135,Amstel_Lata,Itupeva,ITU_L1,12,-0.0,false,lata
135,Amstel_Lata,Itupeva,ITU_L1,13,-0.0,false,lata
135,Amstel_Lata,Itupeva,ITU_L1,14,-0.0,false,lata
135,Amstel_Lata,Itupeva,ITU_L1,15,-0.0,false,lata
135,Amstel_Lata,Itupeva,ITU_L2,1,-0.0,false,lata
135,Amstel_Lata,Itupeva,ITU_L2,2,-0.0,false,lata
135,Amstel_Lata,Itupeva,ITU_L2,3,-0.0,false,lata
135,Amstel_Lata,Itupeva,ITU_L2,4,-0.0,false,lata
135,Amstel_Lata,Itupeva,ITU_L2,5,-0.0,false,lata
135,Amstel_Lata,Itupeva,ITU_L2,6,-0.0,false,lata
135,Amstel_Lata,Itupeva,ITU_L2,7,-0.0,false,lata
135,Amstel_Lata,Itupeva,ITU_L2,8,-0.0,false,lata
135,Amstel_Lata,Itupeva,ITU_L2,9,-0.0,false,lata
135,Amstel_Lata,Itupeva,ITU_L2,10,-1.0e6,true,lata
135,Amstel_Lata,Itupeva,ITU_L2,11,-0.0,false,lata
135,Amstel_Lata,Itupeva,ITU_L2,12,-0.0,false,lata
135,Amstel_Lata,Itupeva,ITU_L2,13,-0.0,false,lata
135,Amstel_Lata,Itupeva,ITU_L2,14,-0.0,false,lata
135,Amstel_Lata,Itupeva,ITU_L2,15,-0.0,false,lata
135,Amstel_Lata,Itupeva,ITU_L3,1,-0.0,false,lata
135,Amstel_Lata,Itupeva,ITU_L3,2,-0.0,false,lata
135,Amstel_Lata,Itupeva,ITU_L3,3,-0.0,false,lata
135,Amstel_Lata,Itupeva,ITU_L3,4,-0.0,false,lata
135,Amstel_Lata,Itupeva,ITU_L3,5,-0.0,false,lata
135,Amstel_Lata,Itupeva,ITU_L3,6,-0.0,false,lata
135,Amstel_Lata,Itupeva,ITU_L3,7,-0.0,false,lata
135,Amstel_Lata,Itupeva,ITU_L3,8,-0.0,false,lata
135,Amstel_Lata,Itupeva,ITU_L3,9,-0.0,false,lata
135,Amstel_Lata,Itupeva,ITU_L3,10,-0.0,false,lata
135,Amstel_Lata,Itupeva,ITU_L3,11,-0.0,false,lata
135,Amstel_Lata,Itupeva,ITU_L3,12,-0.0,false,lata
135,Amstel_Lata,Itupeva,ITU_L3,13,-0.0,false,lata
135,Amstel_Lata,Itupeva,ITU_L3,14,-1.0e6,true,lata
135,Amstel_Lata,Itupeva,ITU_L3,15,-0.0,false,lata
135,Amstel_Lata,Cabo de Santo Agostinho,CAB_L1,1,-0.0,false,lata
135,Amstel_Lata,Cabo de Santo Agostinho,CAB_L1,2,-0.0,false,lata
135,Amstel_Lata,Cabo de Santo Agostinho,CAB_L1,3,-0.0,false,lata
135,Amstel_Lata,Cabo de Santo Agostinho,CAB_L1,4,-0.0,false,lata
135,Amstel_Lata,Cabo de Santo Agostinho,CAB_L1,5,-0.0,false,lata
135,Amstel_Lata,Cabo de Santo Agostinho,CAB_L1,6,-0.0,false,lata
135,Amstel_Lata,Cabo de Santo Agostinho,CAB_L1,7,-1.0e6,true,lata
135,Amstel_Lata,Cabo de Santo Agostinho,CAB_L1,8,-0.0,false,lata
135,Amstel_Lata,Cabo de Santo Agostinho,CAB_L1,9,-0.0,false,lata
135,Amstel_Lata,Cabo de Santo Agostinho,CAB_L1,10,-0.0,false,lata
135,Amstel_Lata,Cabo de Santo Agostinho,CAB_L1,11,-0.0,false,lata
135,Amstel_Lata,Cabo de Santo Agostinho,CAB_L1,12,-0.0,false,lata
135,Amstel_Lata,Cabo de Santo Agostinho,CAB_L1,13,-0.0,false,lata
135,Amstel_Lata,Cabo de Santo Agostinho,CAB_L1,14,-0.0,false,lata
135,Amstel_Lata,Cabo de Santo Agostinho,CAB_L1,15,-0.0,false,lata
135,Amstel_Lata,Cabo de Santo Agostinho,CAB_L2,1,-0.0,false,lata
135,Amstel_Lata,Cabo de Santo Agostinho,CAB_L2,2,-0.0,false,lata
135,Amstel_Lata,Cabo de Santo Agostinho,CAB_L2,3,-0.0,false,lata
135,Amstel_Lata,Cabo de Santo Agostinho,CAB_L2,4,-1.0e6,true,lata
135,Amstel_Lata,Cabo de Santo Agostinho,CAB_L2,5,-0.0,false,lata
135,Amstel_Lata,Cabo de Santo Agostinho,CAB_L2,6,-0.0,false,lata
135,Amstel_Lata,Cabo de Santo Agostinho,CAB_L2,7,-0.0,false,lata
135,Amstel_Lata,Cabo de Santo Agostinho,CAB_L2,8,-0.0,false,lata
135,Amstel_Lata,Cabo de Santo Agostinho,CAB_L2,9,-0.0,false,lata
135,Amstel_Lata,Cabo de Santo Agostinho,CAB_L2,10,-1.0e6,true,lata
135,Amstel_Lata,Cabo de Santo Agostinho,CAB_L2,11,-0.0,false,lata
135,Amstel_Lata,Cabo de Santo Agostinho,CAB_L2,12,-0.0,false,lata
135,Amstel_Lata,Cabo de Santo Agostinho,CAB_L2,13,-0.0,false,lata
135,Amstel_Lata,Cabo de Santo Agostinho,CAB_L2,14,-0.0,false,lata
135,Amstel_Lata,Cabo de Santo Agostinho,CAB_L2,15,-0.0,false,lata
135,Amstel_Lata,Cabo de Santo Agostinho,CAB_L3,1,-0.0,false,lata
135,Amstel_Lata,Cabo de Santo Agostinho,CAB_L3,2,-0.0,false,lata
135,Amstel_Lata,Cabo de Santo Agostinho,CAB_L3,3,-0.0,false,lata
135,Amstel_Lata,Cabo de Santo Agostinho,CAB_L3,4,-0.0,false,lata
135,Amstel_Lata,Cabo de Santo Agostinho,CAB_L3,5,-0.0,false,lata
135,Amstel_Lata,Cabo de Santo Agostinho,CAB_L3,6,-0.0,false,lata
135,Amstel_Lata,Cabo de Santo Agostinho,CAB_L3,7,-0.0,false,lata
135,Amstel_Lata,Cabo de Santo Agostinho,CAB_L3,8,-0.0,false,lata
135,Amstel_Lata,Cabo de Santo Agostinho,CAB_L3,9,-0.0,false,lata
135,Amstel_Lata,Cabo de Santo Agostinho,CAB_L3,10,-0.0,false,lata
135,Amstel_Lata,Cabo de Santo Agostinho,CAB_L3,11,-0.0,false,lata
135,Amstel_Lata,Cabo de Santo Agostinho,CAB_L3,12,-0.0,false,lata
135,Amstel_Lata,Cabo de Santo Agostinho,CAB_L3,13,-0.0,false,lata
135,Amstel_Lata,Cabo de Santo Agostinho,CAB_L3,14,-0.0,false,lata
135,Amstel_Lata,Cabo de Santo Agostinho,CAB_L3,15,-0.0,false,lata
135,Sprite,Jacarei,JAC_L1,1,-0.0,false,lata
135,Sprite,Jacarei,JAC_L1,2,-0.0,false,lata
135,Sprite,Jacarei,JAC_L1,3,-0.0,false,lata
135,Sprite,Jacarei,JAC_L1,4,-0.0,false,lata
135,Sprite,Jacarei,JAC_L1,5,-0.0,false,lata
135,Sprite,Jacarei,JAC_L1,6,-0.0,false,lata
135,Sprite,Jacarei,JAC_L1,7,-0.0,false,lata
135,Sprite,Jacarei,JAC_L1,8,-0.0,false,lata
135,Sprite,Jacarei,JAC_L1,9,-0.0,false,lata
135,Sprite,Jacarei,JAC_L1,10,-1.0e6,true,lata
135,Sprite,Jacarei,JAC_L1,11,-0.0,false,lata
135,Sprite,Jacarei,JAC_L1,12,-0.0,false,lata
135,Sprite,Jacarei,JAC_L1,13,-0.0,false,lata
135,Sprite,Jacarei,JAC_L1,14,-0.0,false,lata
135,Sprite,Jacarei,JAC_L1,15,-0.0,false,lata
135,Sprite,Jacarei,JAC_L2,1,-0.0,false,lata
135,Sprite,Jacarei,JAC_L2,2,-0.0,false,lata
135,Sprite,Jacarei,JAC_L2,3,-0.0,false,lata
135,Sprite,Jacarei,JAC_L2,4,-0.0,false,lata
135,Sprite,Jacarei,JAC_L2,5,-0.0,false,lata
135,Sprite,Jacarei,JAC_L2,6,-0.0,false,lata
135,Sprite,Jacarei,JAC_L2,7,-0.0,false,lata
135,Sprite,Jacarei,JAC_L2,8,-0.0,false,lata
135,Sprite,Jacarei,JAC_L2,9,-0.0,false,lata
135,Sprite,Jacarei,JAC_L2,10,-0.0,false,lata
135,Sprite,Jacarei,JAC_L2,11,-0.0,false,lata
135,Sprite,Jacarei,JAC_L2,12,-0.0,false,lata
135,Sprite,Jacarei,JAC_L2,13,-0.0,false,lata
135,Sprite,Jacarei,JAC_L2,14,-0.0,false,lata
135,Sprite,Jacarei,JAC_L2,15,-1.0e6,true,lata
135,Sprite,Jacarei,JAC_L3,1,-0.0,false,lata
135,Sprite,Jacarei,JAC_L3,2,-0.0,false,lata
135,Sprite,Jacarei,JAC_L3,3,-0.0,false,lata
135,Sprite,Jacarei,JAC_L3,4,-0.0,false,lata
135,Sprite,Jacarei,JAC_L3,5,-0.0,false,lata
135,Sprite,Jacarei,JAC_L3,6,-0.0,false,lata
135,Sprite,Jacarei,JAC_L3,7,-0.0,false,lata
135,Sprite,Jacarei,JAC_L3,8,-0.0,false,lata
135,Sprite,Jacarei,JAC_L3,9,-999999.9995404,false,lata
135,Sprite,Jacarei,JAC_L3,10,-0.0,false,lata
135,Sprite,Jacarei,JAC_L3,11,-0.0,false,lata
135,Sprite,Jacarei,JAC_L3,12,-0.0,false,lata
135,Sprite,Jacarei,JAC_L3,13,-0.0,false,lata
135,Sprite,Jacarei,JAC_L3,14,-0.0,false,lata
135,Sprite,Jacarei,JAC_L3,15,-0.0,false,lata
135,Sprite,Extrema,EXT_L1,1,-999999.9174255499,false,lata
135,Sprite,Extrema,EXT_L1,2,-0.0,false,lata
135,Sprite,Extrema,EXT_L1,3,-0.0,false,lata
135,Sprite,Extrema,EXT_L1,4,-0.0,false,lata
135,Sprite,Extrema,EXT_L1,5,-0.0,false,lata
135,Sprite,Extrema,EXT_L1,6,-0.0,false,lata
135,Sprite,Extrema,EXT_L1,7,-0.0,false,lata
135,Sprite,Extrema,EXT_L1,8,-0.0,false,lata
135,Sprite,Extrema,EXT_L1,9,-0.0,false,lata
135,Sprite,Extrema,EXT_L1,10,-999999.99742555,false,lata
135,Sprite,Extrema,EXT_L1,11,-0.0,false,lata
135,Sprite,Extrema,EXT_L1,12,-0.0,false,lata
135,Sprite,Extrema,EXT_L1,13,-0.0,false,lata
135,Sprite,Extrema,EXT_L1,14,-0.0,false,lata
135,Sprite,Extrema,EXT_L1,15,-0.0,false,lata
135,Sprite,Extrema,EXT_L2,1,-999999.9174255499,false,lata
135,Sprite,Extrema,EXT_L2,2,-0.0,false,lata
135,Sprite,Extrema,EXT_L2,3,-0.0,false,lata
135,Sprite,Extrema,EXT_L2,4,-0.0,false,lata
135,Sprite,Extrema,EXT_L2,5,-0.0,false,lata
135,Sprite,Extrema,EXT_L2,6,-0.0,false,lata
135,Sprite,Extrema,EXT_L2,7,-0.0,false,lata
135,Sprite,Extrema,EXT_L2,8,-0.0,false,lata
135,Sprite,Extrema,EXT_L2,9,-0.0,false,lata
135,Sprite,Extrema,EXT_L2,10,-0.0,false,lata
135,Sprite,Extrema,EXT_L2,11,-1.0e6,true,lata
135,Sprite,Extrema,EXT_L2,12,-0.0,false,lata
135,Sprite,Extrema,EXT_L2,13,-0.0,false,lata
135,Sprite,Extrema,EXT_L2,14,-0.0,false,lata
135,Sprite,Extrema,EXT_L2,15,-0.0,false,lata
135,Sprite,Extrema,EXT_L3,1,-999999.9174255499,false,lata
135,Sprite,Extrema,EXT_L3,2,-1.0e6,true,lata
135,Sprite,Extrema,EXT_L3,3,-0.0,false,lata
135,Sprite,Extrema,EXT_L3,4,-0.0,false,lata
135,Sprite,Extrema,EXT_L3,5,-0.0,false,lata
135,Sprite,Extrema,EXT_L3,6,-0.0,false,lata
135,Sprite,Extrema,EXT_L3,7,-0.0,false,lata
135,Sprite,Extrema,EXT_L3,8,-0.0,false,lata
135,Sprite,Extrema,EXT_L3,9,-0.0,false,lata
135,Sprite,Extrema,EXT_L3,10,-0.0,false,lata
135,Sprite,Extrema,EXT_L3,11,-0.0,false,lata
135,Sprite,Extrema,EXT_L3,12,-0.0,false,lata
135,Sprite,Extrema,EXT_L3,13,-0.0,false,lata
135,Sprite,Extrema,EXT_L3,14,-0.0,false,lata
135,Sprite,Extrema,EXT_L3,15,-0.0,false,lata
135,Sprite,Tres Rios,TRE_L1,1,-0.0,false,lata
135,Sprite,Tres Rios,TRE_L1,2,-1.0e6,true,lata
135,Sprite,Tres Rios,TRE_L1,3,-0.0,false,lata
135,Sprite,Tres Rios,TRE_L1,4,-0.0,false,lata
135,Sprite,Tres Rios,TRE_L1,5,-0.0,false,lata
135,Sprite,Tres Rios,TRE_L1,6,-0.0,false,lata
135,Sprite,Tres Rios,TRE_L1,7,-0.0,false,lata
135,Sprite,Tres Rios,TRE_L1,8,-0.0,false,lata
135,Sprite,Tres Rios,TRE_L1,9,-0.0,false,lata
135,Sprite,Tres Rios,TRE_L1,10,-0.0,false,lata
135,Sprite,Tres Rios,TRE_L1,11,-0.0,false,lata
135,Sprite,Tres Rios,TRE_L1,12,-0.0,false,lata
135,Sprite,Tres Rios,TRE_L1,13,-0.0,false,lata
135,Sprite,Tres Rios,TRE_L1,14,-0.0,false,lata
135,Sprite,Tres Rios,TRE_L1,15,-0.0,false,lata
135,Sprite,Tres Rios,TRE_L2,1,-0.0,false,lata
135,Sprite,Tres Rios,TRE_L2,2,-0.0,false,lata
135,Sprite,Tres Rios,TRE_L2,3,-0.0,false,lata
135,Sprite,Tres Rios,TRE_L2,4,-0.0,false,lata
135,Sprite,Tres Rios,TRE_L2,5,-0.0,false,lata
135,Sprite,Tres Rios,TRE_L2,6,-0.0,false,lata
135,Sprite,Tres Rios,TRE_L2,7,-0.0,false,lata
135,Sprite,Tres Rios,TRE_L2,8,-0.0,false,lata
135,Sprite,Tres Rios,TRE_L2,9,-0.0,false,lata
135,Sprite,Tres Rios,TRE_L2,10,-0.0,false,lata
135,Sprite,Tres Rios,TRE_L2,11,-0.0,false,lata
135,Sprite,Tres Rios,TRE_L2,12,-0.0,false,lata
135,Sprite,Tres Rios,TRE_L2,13,-0.0,false,lata
135,Sprite,Tres Rios,TRE_L2,14,-0.0,false,lata
135,Sprite,Tres Rios,TRE_L2,15,-0.0,false,lata
135,Sprite,Tres Rios,TRE_L3,1,-0.0,false,lata
135,Sprite,Tres Rios,TRE_L3,2,-0.0,false,lata
135,Sprite,Tres Rios,TRE_L3,3,-1.0e6,true,lata
135,Sprite,Tres Rios,TRE_L3,4,-0.0,false,lata
135,Sprite,Tres Rios,TRE_L3,5,-0.0,false,lata
135,Sprite,Tres Rios,TRE_L3,6,-0.0,false,lata
135,Sprite,Tres Rios,TRE_L3,7,-0.0,false,lata
135,Sprite,Tres Rios,TRE_L3,8,-0.0,false,lata
135,Sprite,Tres Rios,TRE_L3,9,-1.0e6,true,lata
135,Sprite,Tres Rios,TRE_L3,10,-0.0,false,lata
135,Sprite,Tres Rios,TRE_L3,11,-0.0,false,lata
135,Sprite,Tres Rios,TRE_L3,12,-0.0,false,lata
135,Sprite,Tres Rios,TRE_L3,13,-0.0,false,lata
135,Sprite,Tres Rios,TRE_L3,14,-0.0,false,lata
135,Sprite,Tres Rios,TRE_L3,15,-0.0,false,lata
135,Sprite,Alagoinhas,ALA_L1,1,-0.0,false,lata
135,Sprite,Alagoinhas,ALA_L1,2,-0.0,false,lata
135,Sprite,Alagoinhas,ALA_L1,3,-0.0,false,lata
135,Sprite,Alagoinhas,ALA_L1,4,-999999.4815058999,false,lata
135,Sprite,Alagoinhas,ALA_L1,5,-0.0,false,lata
135,Sprite,Alagoinhas,ALA_L1,6,-0.0,false,lata
135,Sprite,Alagoinhas,ALA_L1,7,-0.0,false,lata
135,Sprite,Alagoinhas,ALA_L1,8,-0.0,false,lata
135,Sprite,Alagoinhas,ALA_L1,9,-0.0,false,lata
135,Sprite,Alagoinhas,ALA_L1,10,-1.0e6,true,lata
135,Sprite,Alagoinhas,ALA_L1,11,-0.0,false,lata
135,Sprite,Alagoinhas,ALA_L1,12,-0.0,false,lata
135,Sprite,Alagoinhas,ALA_L1,13,-0.0,false,lata
135,Sprite,Alagoinhas,ALA_L1,14,-1.0e6,true,lata
135,Sprite,Alagoinhas,ALA_L1,15,-0.0,false,lata
135,Sprite,Alagoinhas,ALA_L2,1,-0.0,false,lata
135,Sprite,Alagoinhas,ALA_L2,2,-0.0,false,lata
135,Sprite,Alagoinhas,ALA_L2,3,-0.0,false,lata
135,Sprite,Alagoinhas,ALA_L2,4,-0.0,false,lata
135,Sprite,Alagoinhas,ALA_L2,5,-0.0,false,lata
135,Sprite,Alagoinhas,ALA_L2,6,-0.0,false,lata
135,Sprite,Alagoinhas,ALA_L2,7,-0.0,false,lata
135,Sprite,Alagoinhas,ALA_L2,8,-0.0,false,lata
135,Sprite,Alagoinhas,ALA_L2,9,-0.0,false,lata
135,Sprite,Alagoinhas,ALA_L2,10,-0.0,false,lata
135,Sprite,Alagoinhas,ALA_L2,11,-0.0,false,lata
135,Sprite,Alagoinhas,ALA_L2,12,-0.0,false,lata
135,Sprite,Alagoinhas,ALA_L2,13,-0.0,false,lata
135,Sprite,Alagoinhas,ALA_L2,14,-0.0,false,lata
135,Sprite,Alagoinhas,ALA_L2,15,-0.0,false,lata
135,Sprite,Alagoinhas,ALA_L3,1,-0.0,false,lata
135,Sprite,Alagoinhas,ALA_L3,2,-0.0,false,lata
135,Sprite,Alagoinhas,ALA_L3,3,-0.0,false,lata
135,Sprite,Alagoinhas,ALA_L3,4,-0.0,false,lata
135,Sprite,Alagoinhas,ALA_L3,5,-0.0,false,lata
135,Sprite,Alagoinhas,ALA_L3,6,-0.0,false,lata
135,Sprite,Alagoinhas,ALA_L3,7,-0.0,false,lata
135,Sprite,Alagoinhas,ALA_L3,8,-0.0,false,lata
135,Sprite,Alagoinhas,ALA_L3,9,-0.0,false,lata
135,Sprite,Alagoinhas,ALA_L3,10,-1.0e6,true,lata
135,Sprite,Alagoinhas,ALA_L3,11,-0.0,false,lata
135,Sprite,Alagoinhas,ALA_L3,12,-0.0,false,lata
135,Sprite,Alagoinhas,ALA_L3,13,-0.0,false,lata
135,Sprite,Alagoinhas,ALA_L3,14,-0.0,false,lata
135,Sprite,Alagoinhas,ALA_L3,15,-0.0,false,lata
135,Sprite,Frutal,FRU_L1,1,-0.0,false,lata
135,Sprite,Frutal,FRU_L1,2,-0.0,false,lata
135,Sprite,Frutal,FRU_L1,3,-0.0,false,lata
135,Sprite,Frutal,FRU_L1,4,-0.0,false,lata
135,Sprite,Frutal,FRU_L1,5,-0.0,false,lata
135,Sprite,Frutal,FRU_L1,6,-0.0,false,lata
135,Sprite,Frutal,FRU_L1,7,-0.0,false,lata
135,Sprite,Frutal,FRU_L1,8,-1.0e6,true,lata
135,Sprite,Frutal,FRU_L1,9,-0.0,false,lata
135,Sprite,Frutal,FRU_L1,10,-0.0,false,lata
135,Sprite,Frutal,FRU_L1,11,-0.0,false,lata
135,Sprite,Frutal,FRU_L1,12,-0.0,false,lata
135,Sprite,Frutal,FRU_L1,13,-0.0,false,lata
135,Sprite,Frutal,FRU_L1,14,-0.0,false,lata
135,Sprite,Frutal,FRU_L1,15,-0.0,false,lata
135,Sprite,Frutal,FRU_L2,1,-0.0,false,lata
135,Sprite,Frutal,FRU_L2,2,-0.0,false,lata
135,Sprite,Frutal,FRU_L2,3,-0.0,false,lata
135,Sprite,Frutal,FRU_L2,4,-0.0,false,lata
135,Sprite,Frutal,FRU_L2,5,-0.0,false,lata
135,Sprite,Frutal,FRU_L2,6,-0.0,false,lata
135,Sprite,Frutal,FRU_L2,7,-0.0,false,lata
135,Sprite,Frutal,FRU_L2,8,-0.0,false,lata
135,Sprite,Frutal,FRU_L2,9,-0.0,false,lata
135,Sprite,Frutal,FRU_L2,10,-0.0,false,lata
135,Sprite,Frutal,FRU_L2,11,-0.0,false,lata
135,Sprite,Frutal,FRU_L2,12,-0.0,false,lata
135,Sprite,Frutal,FRU_L2,13,-0.0,false,lata
135,Sprite,Frutal,FRU_L2,14,-0.0,false,lata
135,Sprite,Frutal,FRU_L2,15,-0.0,false,lata
135,Sprite,Frutal,FRU_L3,1,-0.0,false,lata
135,Sprite,Frutal,FRU_L3,2,-0.0,false,lata
135,Sprite,Frutal,FRU_L3,3,-0.0,false,lata
135,Sprite,Frutal,FRU_L3,4,-0.0,false,lata
135,Sprite,Frutal,FRU_L3,5,-0.0,false,lata
135,Sprite,Frutal,FRU_L3,6,-999999.9727247999,false,lata
135,Sprite,Frutal,FRU_L3,7,-0.0,false,lata
135,Sprite,Frutal,FRU_L3,8,-0.0,false,lata
135,Sprite,Frutal,FRU_L3,9,-0.0,false,lata
135,Sprite,Frutal,FRU_L3,10,-0.0,false,lata
135,Sprite,Frutal,FRU_L3,11,-0.0,false,lata
135,Sprite,Frutal,FRU_L3,12,-0.0,false,lata
135,Sprite,Frutal,FRU_L3,13,-0.0,false,lata
135,Sprite,Frutal,FRU_L3,14,-0.0,false,lata
135,Sprite,Frutal,FRU_L3,15,-0.0,false,lata
135,Sprite,Pouso Alegre,POU_L1,1,-0.0,false,lata
135,Sprite,Pouso Alegre,POU_L1,2,-0.0,false,lata
135,Sprite,Pouso Alegre,POU_L1,3,-0.0,false,lata
135,Sprite,Pouso Alegre,POU_L1,4,-0.0,false,lata
135,Sprite,Pouso Alegre,POU_L1,5,-0.0,false,lata
135,Sprite,Pouso Alegre,POU_L1,6,-0.0,false,lata
135,Sprite,Pouso Alegre,POU_L1,7,-999999.77559445,false,lata
135,Sprite,Pouso Alegre,POU_L1,8,-0.0,false,lata
135,Sprite,Pouso Alegre,POU_L1,9,-0.0,false,lata
135,Sprite,Pouso Alegre,POU_L1,10,-0.0,false,lata
135,Sprite,Pouso Alegre,POU_L1,11,-0.0,false,lata
135,Sprite,Pouso Alegre,POU_L1,12,-0.0,false,lata
135,Sprite,Pouso Alegre,POU_L1,13,-999999.7193328498,false,lata
135,Sprite,Pouso Alegre,POU_L1,14,-999999.98349795,false,lata
135,Sprite,Pouso Alegre,POU_L1,15,-0.0,false,lata
135,Sprite,Pouso Alegre,POU_L2,1,-0.0,false,lata
135,Sprite,Pouso Alegre,POU_L2,2,-1.0e6,true,lata
135,Sprite,Pouso Alegre,POU_L2,3,-0.0,false,lata
135,Sprite,Pouso Alegre,POU_L2,4,-0.0,false,lata
135,Sprite,Pouso Alegre,POU_L2,5,-0.0,false,lata
135,Sprite,Pouso Alegre,POU_L2,6,-0.0,false,lata
135,Sprite,Pouso Alegre,POU_L2,7,-0.0,false,lata
135,Sprite,Pouso Alegre,POU_L2,8,-0.0,false,lata
135,Sprite,Pouso Alegre,POU_L2,9,-0.0,false,lata
135,Sprite,Pouso Alegre,POU_L2,10,-0.0,false,lata
135,Sprite,Pouso Alegre,POU_L2,11,-0.0,false,lata
135,Sprite,Pouso Alegre,POU_L2,12,-0.0,false,lata
135,Sprite,Pouso Alegre,POU_L2,13,-0.0,false,lata
135,Sprite,Pouso Alegre,POU_L2,14,-0.0,false,lata
135,Sprite,Pouso Alegre,POU_L2,15,-0.0,false,lata
135,Sprite,Pouso Alegre,POU_L3,1,-0.0,false,lata
135,Sprite,Pouso Alegre,POU_L3,2,-0.0,false,lata
135,Sprite,Pouso Alegre,POU_L3,3,-0.0,false,lata
135,Sprite,Pouso Alegre,POU_L3,4,-0.0,false,lata
135,Sprite,Pouso Alegre,POU_L3,5,-0.0,false,lata
135,Sprite,Pouso Alegre,POU_L3,6,-0.0,false,lata
135,Sprite,Pouso Alegre,POU_L3,7,-0.0,false,lata
135,Sprite,Pouso Alegre,POU_L3,8,-0.0,false,lata
135,Sprite,Pouso Alegre,POU_L3,9,-0.0,false,lata
135,Sprite,Pouso Alegre,POU_L3,10,-0.0,false,lata
135,Sprite,Pouso Alegre,POU_L3,11,-0.0,false,lata
135,Sprite,Pouso Alegre,POU_L3,12,-0.0,false,lata
135,Sprite,Pouso Alegre,POU_L3,13,-0.0,false,lata
135,Sprite,Pouso Alegre,POU_L3,14,-999999.98349795,false,lata
135,Sprite,Pouso Alegre,POU_L3,15,-1.0e6,true,lata
135,Sprite,Gama,GAM_L1,1,-0.0,false,lata
135,Sprite,Gama,GAM_L1,2,-0.0,false,lata
135,Sprite,Gama,GAM_L1,3,-0.0,false,lata
135,Sprite,Gama,GAM_L1,4,-0.0,false,lata
135,Sprite,Gama,GAM_L1,5,-0.0,false,lata
135,Sprite,Gama,GAM_L1,6,-0.0,false,lata
135,Sprite,Gama,GAM_L1,7,-0.0,false,lata
135,Sprite,Gama,GAM_L1,8,-0.0,false,lata
135,Sprite,Gama,GAM_L1,9,-0.0,false,lata
135,Sprite,Gama,GAM_L1,10,-0.0,false,lata
135,Sprite,Gama,GAM_L1,11,-0.0,false,lata
135,Sprite,Gama,GAM_L1,12,-0.0,false,lata
135,Sprite,Gama,GAM_L1,13,-0.0,false,lata
135,Sprite,Gama,GAM_L1,14,-0.0,false,lata
135,Sprite,Gama,GAM_L1,15,-0.0,false,lata
135,Sprite,Gama,GAM_L2,1,-0.0,false,lata
135,Sprite,Gama,GAM_L2,2,-0.0,false,lata
135,Sprite,Gama,GAM_L2,3,-0.0,false,lata
135,Sprite,Gama,GAM_L2,4,-0.0,false,lata
135,Sprite,Gama,GAM_L2,5,-0.0,false,lata
135,Sprite,Gama,GAM_L2,6,-0.0,false,lata
135,Sprite,Gama,GAM_L2,7,-0.0,false,lata
135,Sprite,Gama,GAM_L2,8,-0.0,false,lata
135,Sprite,Gama,GAM_L2,9,-0.0,false,lata
135,Sprite,Gama,GAM_L2,10,-1.0e6,true,lata
135,Sprite,Gama,GAM_L2,11,-0.0,false,lata
135,Sprite,Gama,GAM_L2,12,-0.0,false,lata
135,Sprite,Gama,GAM_L2,13,-0.0,false,lata
135,Sprite,Gama,GAM_L2,14,-999999.9821957501,false,lata
135,Sprite,Gama,GAM_L2,15,-0.0,false,lata
135,Sprite,Gama,GAM_L3,1,-0.0,false,lata
135,Sprite,Gama,GAM_L3,2,-0.0,false,lata
135,Sprite,Gama,GAM_L3,3,-0.0,false,lata
135,Sprite,Gama,GAM_L3,4,-0.0,false,lata
135,Sprite,Gama,GAM_L3,5,-0.0,false,lata
135,Sprite,Gama,GAM_L3,6,-0.0,false,lata
135,Sprite,Gama,GAM_L3,7,-0.0,false,lata
135,Sprite,Gama,GAM_L3,8,-0.0,false,lata
135,Sprite,Gama,GAM_L3,9,-0.0,false,lata
135,Sprite,Gama,GAM_L3,10,-0.0,false,lata
135,Sprite,Gama,GAM_L3,11,-0.0,false,lata
135,Sprite,Gama,GAM_L3,12,-0.0,false,lata
135,Sprite,Gama,GAM_L3,13,-0.0,false,lata
135,Sprite,Gama,GAM_L3,14,-999999.95226085,false,lata
135,Sprite,Gama,GAM_L3,15,-0.0,false,lata
135,Sprite,Viamao,VIA_L1,1,-0.0,false,lata
135,Sprite,Viamao,VIA_L1,2,-0.0,false,lata
135,Sprite,Viamao,VIA_L1,3,-0.0,false,lata
135,Sprite,Viamao,VIA_L1,4,-0.0,false,lata
135,Sprite,Viamao,VIA_L1,5,-0.0,false,lata
135,Sprite,Viamao,VIA_L1,6,-0.0,false,lata
135,Sprite,Viamao,VIA_L1,7,-999999.8124148499,false,lata
135,Sprite,Viamao,VIA_L1,8,-0.0,false,lata
135,Sprite,Viamao,VIA_L1,9,-0.0,false,lata
135,Sprite,Viamao,VIA_L1,10,-0.0,false,lata
135,Sprite,Viamao,VIA_L1,11,-0.0,false,lata
135,Sprite,Viamao,VIA_L1,12,-0.0,false,lata
135,Sprite,Viamao,VIA_L1,13,-0.0,false,lata
135,Sprite,Viamao,VIA_L1,14,-0.0,false,lata
135,Sprite,Viamao,VIA_L1,15,-0.0,false,lata
135,Sprite,Viamao,VIA_L2,1,-0.0,false,lata
135,Sprite,Viamao,VIA_L2,2,-0.0,false,lata
135,Sprite,Viamao,VIA_L2,3,-0.0,false,lata
135,Sprite,Viamao,VIA_L2,4,-0.0,false,lata
135,Sprite,Viamao,VIA_L2,5,-0.0,false,lata
135,Sprite,Viamao,VIA_L2,6,-0.0,false,lata
135,Sprite,Viamao,VIA_L2,7,-0.0,false,lata
135,Sprite,Viamao,VIA_L2,8,-1.0e6,true,lata
135,Sprite,Viamao,VIA_L2,9,-0.0,false,lata
135,Sprite,Viamao,VIA_L2,10,-0.0,false,lata
135,Sprite,Viamao,VIA_L2,11,-0.0,false,lata
135,Sprite,Viamao,VIA_L2,12,-0.0,false,lata
135,Sprite,Viamao,VIA_L2,13,-0.0,false,lata
135,Sprite,Viamao,VIA_L2,14,-1.0e6,true,lata
135,Sprite,Viamao,VIA_L2,15,-0.0,false,lata
135,Sprite,Viamao,VIA_L3,1,-0.0,false,lata
135,Sprite,Viamao,VIA_L3,2,-0.0,false,lata
135,Sprite,Viamao,VIA_L3,3,-0.0,false,lata
135,Sprite,Viamao,VIA_L3,4,-0.0,false,lata
135,Sprite,Viamao,VIA_L3,5,-0.0,false,lata
135,Sprite,Viamao,VIA_L3,6,-0.0,false,lata
135,Sprite,Viamao,VIA_L3,7,-0.0,false,lata
135,Sprite,Viamao,VIA_L3,8,-0.0,false,lata
135,Sprite,Viamao,VIA_L3,9,-0.0,false,lata
135,Sprite,Viamao,VIA_L3,10,-0.0,false,lata
135,Sprite,Viamao,VIA_L3,11,-0.0,false,lata
135,Sprite,Viamao,VIA_L3,12,-0.0,false,lata
135,Sprite,Viamao,VIA_L3,13,-0.0,false,lata
135,Sprite,Viamao,VIA_L3,14,-0.0,false,lata
135,Sprite,Viamao,VIA_L3,15,-0.0,false,lata
135,Sprite,Itupeva,ITU_L1,1,-0.0,false,lata
135,Sprite,Itupeva,ITU_L1,2,-0.0,false,lata
135,Sprite,Itupeva,ITU_L1,3,-0.0,false,lata
135,Sprite,Itupeva,ITU_L1,4,-999999.46791255,false,lata
135,Sprite,Itupeva,ITU_L1,5,-0.0,false,lata
135,Sprite,Itupeva,ITU_L1,6,-999999.98743805,false,lata
135,Sprite,Itupeva,ITU_L1,7,-0.0,false,lata
135,Sprite,Itupeva,ITU_L1,8,-0.0,false,lata
135,Sprite,Itupeva,ITU_L1,9,-0.0,false,lata
135,Sprite,Itupeva,ITU_L1,10,-0.0,false,lata
135,Sprite,Itupeva,ITU_L1,11,-0.0,false,lata
135,Sprite,Itupeva,ITU_L1,12,-0.0,false,lata
135,Sprite,Itupeva,ITU_L1,13,-0.0,false,lata
135,Sprite,Itupeva,ITU_L1,14,-0.0,false,lata
135,Sprite,Itupeva,ITU_L1,15,-0.0,false,lata
135,Sprite,Itupeva,ITU_L2,1,-0.0,false,lata
135,Sprite,Itupeva,ITU_L2,2,-0.0,false,lata
135,Sprite,Itupeva,ITU_L2,3,-1.0e6,true,lata
135,Sprite,Itupeva,ITU_L2,4,-0.0,false,lata
135,Sprite,Itupeva,ITU_L2,5,-0.0,false,lata
135,Sprite,Itupeva,ITU_L2,6,-0.0,false,lata
135,Sprite,Itupeva,ITU_L2,7,-0.0,false,lata
135,Sprite,Itupeva,ITU_L2,8,-0.0,false,lata
135,Sprite,Itupeva,ITU_L2,9,-0.0,false,lata
135,Sprite,Itupeva,ITU_L2,10,-0.0,false,lata
135,Sprite,Itupeva,ITU_L2,11,-0.0,false,lata
135,Sprite,Itupeva,ITU_L2,12,-0.0,false,lata
135,Sprite,Itupeva,ITU_L2,13,-0.0,false,lata
135,Sprite,Itupeva,ITU_L2,14,-0.0,false,lata
135,Sprite,Itupeva,ITU_L2,15,-0.0,false,lata
135,Sprite,Itupeva,ITU_L3,1,-0.0,false,lata
135,Sprite,Itupeva,ITU_L3,2,-0.0,false,lata
135,Sprite,Itupeva,ITU_L3,3,-0.0,false,lata
135,Sprite,Itupeva,ITU_L3,4,-0.0,false,lata
135,Sprite,Itupeva,ITU_L3,5,-0.0,false,lata
135,Sprite,Itupeva,ITU_L3,6,-0.0,false,lata
135,Sprite,Itupeva,ITU_L3,7,-0.0,false,lata
135,Sprite,Itupeva,ITU_L3,8,-0.0,false,lata
135,Sprite,Itupeva,ITU_L3,9,-0.0,false,lata
135,Sprite,Itupeva,ITU_L3,10,-0.0,false,lata
135,Sprite,Itupeva,ITU_L3,11,-0.0,false,lata
135,Sprite,Itupeva,ITU_L3,12,-0.0,false,lata
135,Sprite,Itupeva,ITU_L3,13,-0.0,false,lata
135,Sprite,Itupeva,ITU_L3,14,-0.0,false,lata
135,Sprite,Itupeva,ITU_L3,15,-0.0,false,lata
135,Sprite,Cabo de Santo Agostinho,CAB_L1,1,-0.0,false,lata
135,Sprite,Cabo de Santo Agostinho,CAB_L1,2,-0.0,false,lata
135,Sprite,Cabo de Santo Agostinho,CAB_L1,3,-0.0,false,lata
135,Sprite,Cabo de Santo Agostinho,CAB_L1,4,-0.0,false,lata
135,Sprite,Cabo de Santo Agostinho,CAB_L1,5,-0.0,false,lata
135,Sprite,Cabo de Santo Agostinho,CAB_L1,6,-0.0,false,lata
135,Sprite,Cabo de Santo Agostinho,CAB_L1,7,-0.0,false,lata
135,Sprite,Cabo de Santo Agostinho,CAB_L1,8,-0.0,false,lata
135,Sprite,Cabo de Santo Agostinho,CAB_L1,9,-0.0,false,lata
135,Sprite,Cabo de Santo Agostinho,CAB_L1,10,-0.0,false,lata
135,Sprite,Cabo de Santo Agostinho,CAB_L1,11,-0.0,false,lata
135,Sprite,Cabo de Santo Agostinho,CAB_L1,12,-0.0,false,lata
135,Sprite,Cabo de Santo Agostinho,CAB_L1,13,-0.0,false,lata
135,Sprite,Cabo de Santo Agostinho,CAB_L1,14,-0.0,false,lata
135,Sprite,Cabo de Santo Agostinho,CAB_L1,15,-0.0,false,lata
135,Sprite,Cabo de Santo Agostinho,CAB_L2,1,-0.0,false,lata
135,Sprite,Cabo de Santo Agostinho,CAB_L2,2,-0.0,false,lata
135,Sprite,Cabo de Santo Agostinho,CAB_L2,3,-1.0e6,true,lata
135,Sprite,Cabo de Santo Agostinho,CAB_L2,4,-0.0,false,lata
135,Sprite,Cabo de Santo Agostinho,CAB_L2,5,-0.0,false,lata
135,Sprite,Cabo de Santo Agostinho,CAB_L2,6,-0.0,false,lata
135,Sprite,Cabo de Santo Agostinho,CAB_L2,7,-0.0,false,lata
135,Sprite,Cabo de Santo Agostinho,CAB_L2,8,-1.0e6,true,lata
135,Sprite,Cabo de Santo Agostinho,CAB_L2,9,-0.0,false,lata
135,Sprite,Cabo de Santo Agostinho,CAB_L2,10,-0.0,false,lata
135,Sprite,Cabo de Santo Agostinho,CAB_L2,11,-0.0,false,lata
135,Sprite,Cabo de Santo Agostinho,CAB_L2,12,-0.0,false,lata
135,Sprite,Cabo de Santo Agostinho,CAB_L2,13,-0.0,false,lata
135,Sprite,Cabo de Santo Agostinho,CAB_L2,14,-0.0,false,lata
135,Sprite,Cabo de Santo Agostinho,CAB_L2,15,-0.0,false,lata
135,Sprite,Cabo de Santo Agostinho,CAB_L3,1,-0.0,false,lata
135,Sprite,Cabo de Santo Agostinho,CAB_L3,2,-0.0,false,lata
135,Sprite,Cabo de Santo Agostinho,CAB_L3,3,-0.0,false,lata
135,Sprite,Cabo de Santo Agostinho,CAB_L3,4,-0.0,false,lata
135,Sprite,Cabo de Santo Agostinho,CAB_L3,5,-0.0,false,lata
135,Sprite,Cabo de Santo Agostinho,CAB_L3,6,-0.0,false,lata
135,Sprite,Cabo de Santo Agostinho,CAB_L3,7,-0.0,false,lata
135,Sprite,Cabo de Santo Agostinho,CAB_L3,8,-0.0,false,lata
135,Sprite,Cabo de Santo Agostinho,CAB_L3,9,-0.0,false,lata
135,Sprite,Cabo de Santo Agostinho,CAB_L3,10,-0.0,false,lata
135,Sprite,Cabo de Santo Agostinho,CAB_L3,11,-0.0,false,lata
135,Sprite,Cabo de Santo Agostinho,CAB_L3,12,-999999.46419965,false,lata
135,Sprite,Cabo de Santo Agostinho,CAB_L3,13,-0.0,false,lata
135,Sprite,Cabo de Santo Agostinho,CAB_L3,14,-0.0,false,lata
135,Sprite,Cabo de Santo Agostinho,CAB_L3,15,-0.0,false,lata
135,Maguary_Caju,Jacarei,JAC_L1,1,-0.0,false,lata
135,Maguary_Caju,Jacarei,JAC_L1,2,-0.0,false,lata
135,Maguary_Caju,Jacarei,JAC_L1,3,-0.0,false,lata
135,Maguary_Caju,Jacarei,JAC_L1,4,-0.0,false,lata
135,Maguary_Caju,Jacarei,JAC_L1,5,-0.0,false,lata
135,Maguary_Caju,Jacarei,JAC_L1,6,-0.0,false,lata
135,Maguary_Caju,Jacarei,JAC_L1,7,-0.0,false,lata
135,Maguary_Caju,Jacarei,JAC_L1,8,-0.0,false,lata
135,Maguary_Caju,Jacarei,JAC_L1,9,-0.0,false,lata
135,Maguary_Caju,Jacarei,JAC_L1,10,-999999.8509798001,false,lata
135,Maguary_Caju,Jacarei,JAC_L1,11,-0.0,false,lata
135,Maguary_Caju,Jacarei,JAC_L1,12,-0.0,false,lata
135,Maguary_Caju,Jacarei,JAC_L1,13,-0.0,false,lata
135,Maguary_Caju,Jacarei,JAC_L1,14,-0.0,false,lata
135,Maguary_Caju,Jacarei,JAC_L1,15,-999999.8329788499,false,lata
135,Maguary_Caju,Jacarei,JAC_L2,1,-0.0,false,lata
135,Maguary_Caju,Jacarei,JAC_L2,2,-0.0,false,lata
135,Maguary_Caju,Jacarei,JAC_L2,3,-0.0,false,lata
135,Maguary_Caju,Jacarei,JAC_L2,4,-0.0,false,lata
135,Maguary_Caju,Jacarei,JAC_L2,5,-0.0,false,lata
135,Maguary_Caju,Jacarei,JAC_L2,6,-0.0,false,lata
135,Maguary_Caju,Jacarei,JAC_L2,7,-0.0,false,lata
135,Maguary_Caju,Jacarei,JAC_L2,8,-0.0,false,lata
135,Maguary_Caju,Jacarei,JAC_L2,9,-0.0,false,lata
135,Maguary_Caju,Jacarei,JAC_L2,10,-0.0,false,lata
135,Maguary_Caju,Jacarei,JAC_L2,11,-0.0,false,lata
135,Maguary_Caju,Jacarei,JAC_L2,12,-0.0,false,lata
135,Maguary_Caju,Jacarei,JAC_L2,13,-0.0,false,lata
135,Maguary_Caju,Jacarei,JAC_L2,14,-999999.9678283,false,lata
135,Maguary_Caju,Jacarei,JAC_L2,15,-0.0,false,lata
135,Maguary_Caju,Jacarei,JAC_L3,1,-0.0,false,lata
135,Maguary_Caju,Jacarei,JAC_L3,2,-0.0,false,lata
135,Maguary_Caju,Jacarei,JAC_L3,3,-0.0,false,lata
135,Maguary_Caju,Jacarei,JAC_L3,4,-0.0,false,lata
135,Maguary_Caju,Jacarei,JAC_L3,5,-0.0,false,lata
135,Maguary_Caju,Jacarei,JAC_L3,6,-0.0,false,lata
135,Maguary_Caju,Jacarei,JAC_L3,7,-0.0,false,lata
135,Maguary_Caju,Jacarei,JAC_L3,8,-0.0,false,lata
135,Maguary_Caju,Jacarei,JAC_L3,9,-0.0,false,lata
135,Maguary_Caju,Jacarei,JAC_L3,10,-0.0,false,lata
135,Maguary_Caju,Jacarei,JAC_L3,11,-0.0,false,lata
135,Maguary_Caju,Jacarei,JAC_L3,12,-0.0,false,lata
135,Maguary_Caju,Jacarei,JAC_L3,13,-0.0,false,lata
135,Maguary_Caju,Jacarei,JAC_L3,14,-0.0,false,lata
135,Maguary_Caju,Jacarei,JAC_L3,15,-0.0,false,lata
135,Maguary_Caju,Extrema,EXT_L1,1,-0.0,false,lata
135,Maguary_Caju,Extrema,EXT_L1,2,-0.0,false,lata
135,Maguary_Caju,Extrema,EXT_L1,3,-0.0,false,lata
135,Maguary_Caju,Extrema,EXT_L1,4,-0.0,false,lata
135,Maguary_Caju,Extrema,EXT_L1,5,-0.0,false,lata
135,Maguary_Caju,Extrema,EXT_L1,6,-0.0,false,lata
135,Maguary_Caju,Extrema,EXT_L1,7,-0.0,false,lata
135,Maguary_Caju,Extrema,EXT_L1,8,-0.0,false,lata
135,Maguary_Caju,Extrema,EXT_L1,9,-0.0,false,lata
135,Maguary_Caju,Extrema,EXT_L1,10,-0.0,false,lata
135,Maguary_Caju,Extrema,EXT_L1,11,-999999.44096155,false,lata
135,Maguary_Caju,Extrema,EXT_L1,12,-0.0,false,lata
135,Maguary_Caju,Extrema,EXT_L1,13,-0.0,false,lata
135,Maguary_Caju,Extrema,EXT_L1,14,-0.0,false,lata
135,Maguary_Caju,Extrema,EXT_L1,15,-0.0,false,lata
135,Maguary_Caju,Extrema,EXT_L2,1,-0.0,false,lata
135,Maguary_Caju,Extrema,EXT_L2,2,-0.0,false,lata
135,Maguary_Caju,Extrema,EXT_L2,3,-1.0e6,true,lata
135,Maguary_Caju,Extrema,EXT_L2,4,-0.0,false,lata
135,Maguary_Caju,Extrema,EXT_L2,5,-0.0,false,lata
135,Maguary_Caju,Extrema,EXT_L2,6,-0.0,false,lata
135,Maguary_Caju,Extrema,EXT_L2,7,-0.0,false,lata
135,Maguary_Caju,Extrema,EXT_L2,8,-0.0,false,lata
135,Maguary_Caju,Extrema,EXT_L2,9,-0.0,false,lata
135,Maguary_Caju,Extrema,EXT_L2,10,-0.0,false,lata
135,Maguary_Caju,Extrema,EXT_L2,11,-0.0,false,lata
135,Maguary_Caju,Extrema,EXT_L2,12,-0.0,false,lata
135,Maguary_Caju,Extrema,EXT_L2,13,-0.0,false,lata
135,Maguary_Caju,Extrema,EXT_L2,14,-0.0,false,lata
135,Maguary_Caju,Extrema,EXT_L2,15,-0.0,false,lata
135,Maguary_Caju,Extrema,EXT_L3,1,-0.0,false,lata
135,Maguary_Caju,Extrema,EXT_L3,2,-999999.98685335,false,lata
135,Maguary_Caju,Extrema,EXT_L3,3,-1.0e6,false,lata
135,Maguary_Caju,Extrema,EXT_L3,4,-999999.0047876001,false,lata
135,Maguary_Caju,Extrema,EXT_L3,5,-0.0,false,lata
135,Maguary_Caju,Extrema,EXT_L3,6,-0.0,false,lata
135,Maguary_Caju,Extrema,EXT_L3,7,-0.0,false,lata
135,Maguary_Caju,Extrema,EXT_L3,8,-0.0,false,lata
135,Maguary_Caju,Extrema,EXT_L3,9,-0.0,false,lata
135,Maguary_Caju,Extrema,EXT_L3,10,-0.0,false,lata
135,Maguary_Caju,Extrema,EXT_L3,11,-0.0,false,lata
135,Maguary_Caju,Extrema,EXT_L3,12,-0.0,false,lata
135,Maguary_Caju,Extrema,EXT_L3,13,-0.0,false,lata
135,Maguary_Caju,Extrema,EXT_L3,14,-999999.96687295,false,lata
135,Maguary_Caju,Extrema,EXT_L3,15,-0.0,false,lata
135,Maguary_Caju,Tres Rios,TRE_L1,1,-0.0,false,lata
135,Maguary_Caju,Tres Rios,TRE_L1,2,-0.0,false,lata
135,Maguary_Caju,Tres Rios,TRE_L1,3,-0.0,false,lata
135,Maguary_Caju,Tres Rios,TRE_L1,4,-0.0,false,lata
135,Maguary_Caju,Tres Rios,TRE_L1,5,-0.0,false,lata
135,Maguary_Caju,Tres Rios,TRE_L1,6,-0.0,false,lata
135,Maguary_Caju,Tres Rios,TRE_L1,7,-0.0,false,lata
135,Maguary_Caju,Tres Rios,TRE_L1,8,-0.0,false,lata
135,Maguary_Caju,Tres Rios,TRE_L1,9,-0.0,false,lata
135,Maguary_Caju,Tres Rios,TRE_L1,10,-0.0,false,lata
135,Maguary_Caju,Tres Rios,TRE_L1,11,-0.0,false,lata
135,Maguary_Caju,Tres Rios,TRE_L1,12,-0.0,false,lata
135,Maguary_Caju,Tres Rios,TRE_L1,13,-0.0,false,lata
135,Maguary_Caju,Tres Rios,TRE_L1,14,-999999.95647545,false,lata
135,Maguary_Caju,Tres Rios,TRE_L1,15,-0.0,false,lata
135,Maguary_Caju,Tres Rios,TRE_L2,1,-0.0,false,lata
135,Maguary_Caju,Tres Rios,TRE_L2,2,-0.0,false,lata
135,Maguary_Caju,Tres Rios,TRE_L2,3,-0.0,false,lata
135,Maguary_Caju,Tres Rios,TRE_L2,4,-0.0,false,lata
135,Maguary_Caju,Tres Rios,TRE_L2,5,-0.0,false,lata
135,Maguary_Caju,Tres Rios,TRE_L2,6,-999999.5737700502,false,lata
135,Maguary_Caju,Tres Rios,TRE_L2,7,-999999.84254045,false,lata
135,Maguary_Caju,Tres Rios,TRE_L2,8,-1.0e6,true,lata
135,Maguary_Caju,Tres Rios,TRE_L2,9,-0.0,false,lata
135,Maguary_Caju,Tres Rios,TRE_L2,10,-999999.8396269501,false,lata
135,Maguary_Caju,Tres Rios,TRE_L2,11,-0.0,false,lata
135,Maguary_Caju,Tres Rios,TRE_L2,12,-0.0,false,lata
135,Maguary_Caju,Tres Rios,TRE_L2,13,-0.0,false,lata
135,Maguary_Caju,Tres Rios,TRE_L2,14,-0.0,false,lata
135,Maguary_Caju,Tres Rios,TRE_L2,15,-0.0,false,lata
135,Maguary_Caju,Tres Rios,TRE_L3,1,-0.0,false,lata
135,Maguary_Caju,Tres Rios,TRE_L3,2,-0.0,false,lata
135,Maguary_Caju,Tres Rios,TRE_L3,3,-0.0,false,lata
135,Maguary_Caju,Tres Rios,TRE_L3,4,-0.0,false,lata
135,Maguary_Caju,Tres Rios,TRE_L3,5,-0.0,false,lata
135,Maguary_Caju,Tres Rios,TRE_L3,6,-0.0,false,lata
135,Maguary_Caju,Tres Rios,TRE_L3,7,-0.0,false,lata
135,Maguary_Caju,Tres Rios,TRE_L3,8,-0.0,false,lata
135,Maguary_Caju,Tres Rios,TRE_L3,9,-0.0,false,lata
135,Maguary_Caju,Tres Rios,TRE_L3,10,-999999.8396269501,false,lata
135,Maguary_Caju,Tres Rios,TRE_L3,11,-0.0,false,lata
135,Maguary_Caju,Tres Rios,TRE_L3,12,-0.0,false,lata
135,Maguary_Caju,Tres Rios,TRE_L3,13,-0.0,false,lata
135,Maguary_Caju,Tres Rios,TRE_L3,14,-0.0,false,lata
135,Maguary_Caju,Tres Rios,TRE_L3,15,-0.0,false,lata
135,Maguary_Caju,Alagoinhas,ALA_L1,1,-0.0,false,lata
135,Maguary_Caju,Alagoinhas,ALA_L1,2,-1.0e6,true,lata
135,Maguary_Caju,Alagoinhas,ALA_L1,3,-0.0,false,lata
135,Maguary_Caju,Alagoinhas,ALA_L1,4,-0.0,false,lata
135,Maguary_Caju,Alagoinhas,ALA_L1,5,-0.0,false,lata
135,Maguary_Caju,Alagoinhas,ALA_L1,6,-0.0,false,lata
135,Maguary_Caju,Alagoinhas,ALA_L1,7,-0.0,false,lata
135,Maguary_Caju,Alagoinhas,ALA_L1,8,-0.0,false,lata
135,Maguary_Caju,Alagoinhas,ALA_L1,9,-0.0,false,lata
135,Maguary_Caju,Alagoinhas,ALA_L1,10,-0.0,false,lata
135,Maguary_Caju,Alagoinhas,ALA_L1,11,-0.0,false,lata
135,Maguary_Caju,Alagoinhas,ALA_L1,12,-0.0,false,lata
135,Maguary_Caju,Alagoinhas,ALA_L1,13,-0.0,false,lata
135,Maguary_Caju,Alagoinhas,ALA_L1,14,-0.0,false,lata
135,Maguary_Caju,Alagoinhas,ALA_L1,15,-0.0,false,lata
135,Maguary_Caju,Alagoinhas,ALA_L2,1,-0.0,false,lata
135,Maguary_Caju,Alagoinhas,ALA_L2,2,-1.0e6,false,lata
135,Maguary_Caju,Alagoinhas,ALA_L2,3,-0.0,false,lata
135,Maguary_Caju,Alagoinhas,ALA_L2,4,-0.0,false,lata
135,Maguary_Caju,Alagoinhas,ALA_L2,5,-0.0,false,lata
135,Maguary_Caju,Alagoinhas,ALA_L2,6,-0.0,false,lata
135,Maguary_Caju,Alagoinhas,ALA_L2,7,-0.0,false,lata
135,Maguary_Caju,Alagoinhas,ALA_L2,8,-0.0,false,lata
135,Maguary_Caju,Alagoinhas,ALA_L2,9,-0.0,false,lata
135,Maguary_Caju,Alagoinhas,ALA_L2,10,-999999.7886818502,false,lata
135,Maguary_Caju,Alagoinhas,ALA_L2,11,-0.0,false,lata
135,Maguary_Caju,Alagoinhas,ALA_L2,12,-0.0,false,lata
135,Maguary_Caju,Alagoinhas,ALA_L2,13,-0.0,false,lata
135,Maguary_Caju,Alagoinhas,ALA_L2,14,-0.0,false,lata
135,Maguary_Caju,Alagoinhas,ALA_L2,15,-999999.7706809,false,lata
135,Maguary_Caju,Alagoinhas,ALA_L3,1,-0.0,false,lata
135,Maguary_Caju,Alagoinhas,ALA_L3,2,-0.0,false,lata
135,Maguary_Caju,Alagoinhas,ALA_L3,3,-0.0,false,lata
135,Maguary_Caju,Alagoinhas,ALA_L3,4,-0.0,false,lata
135,Maguary_Caju,Alagoinhas,ALA_L3,5,-0.0,false,lata
135,Maguary_Caju,Alagoinhas,ALA_L3,6,-0.0,false,lata
135,Maguary_Caju,Alagoinhas,ALA_L3,7,-0.0,false,lata
135,Maguary_Caju,Alagoinhas,ALA_L3,8,-0.0,false,lata
135,Maguary_Caju,Alagoinhas,ALA_L3,9,-1.0e6,true,lata
135,Maguary_Caju,Alagoinhas,ALA_L3,10,-0.0,false,lata
135,Maguary_Caju,Alagoinhas,ALA_L3,11,-0.0,false,lata
135,Maguary_Caju,Alagoinhas,ALA_L3,12,-0.0,false,lata
135,Maguary_Caju,Alagoinhas,ALA_L3,13,-0.0,false,lata
135,Maguary_Caju,Alagoinhas,ALA_L3,14,-0.0,false,lata
135,Maguary_Caju,Alagoinhas,ALA_L3,15,-0.0,false,lata
135,Maguary_Caju,Frutal,FRU_L1,1,-0.0,false,lata
135,Maguary_Caju,Frutal,FRU_L1,2,-0.0,false,lata
135,Maguary_Caju,Frutal,FRU_L1,3,-0.0,false,lata
135,Maguary_Caju,Frutal,FRU_L1,4,-0.0,false,lata
135,Maguary_Caju,Frutal,FRU_L1,5,-0.0,false,lata
135,Maguary_Caju,Frutal,FRU_L1,6,-0.0,false,lata
135,Maguary_Caju,Frutal,FRU_L1,7,-999999.8184262501,false,lata
135,Maguary_Caju,Frutal,FRU_L1,8,-0.0,false,lata
135,Maguary_Caju,Frutal,FRU_L1,9,-0.0,false,lata
135,Maguary_Caju,Frutal,FRU_L1,10,-0.0,false,lata
135,Maguary_Caju,Frutal,FRU_L1,11,-0.0,false,lata
135,Maguary_Caju,Frutal,FRU_L1,12,-0.0,false,lata
135,Maguary_Caju,Frutal,FRU_L1,13,-0.0,false,lata
135,Maguary_Caju,Frutal,FRU_L1,14,-0.0,false,lata
135,Maguary_Caju,Frutal,FRU_L1,15,-0.0,false,lata
135,Maguary_Caju,Frutal,FRU_L2,1,-0.0,false,lata
135,Maguary_Caju,Frutal,FRU_L2,2,-0.0,false,lata
135,Maguary_Caju,Frutal,FRU_L2,3,-0.0,false,lata
135,Maguary_Caju,Frutal,FRU_L2,4,-0.0,false,lata
135,Maguary_Caju,Frutal,FRU_L2,5,-0.0,false,lata
135,Maguary_Caju,Frutal,FRU_L2,6,-0.0,false,lata
135,Maguary_Caju,Frutal,FRU_L2,7,-0.0,false,lata
135,Maguary_Caju,Frutal,FRU_L2,8,-0.0,false,lata
135,Maguary_Caju,Frutal,FRU_L2,9,-0.0,false,lata
135,Maguary_Caju,Frutal,FRU_L2,10,-0.0,false,lata
135,Maguary_Caju,Frutal,FRU_L2,11,-0.0,false,lata
135,Maguary_Caju,Frutal,FRU_L2,12,-0.0,false,lata
135,Maguary_Caju,Frutal,FRU_L2,13,-0.0,false,lata
135,Maguary_Caju,Frutal,FRU_L2,14,-0.0,false,lata
135,Maguary_Caju,Frutal,FRU_L2,15,-0.0,false,lata
135,Maguary_Caju,Frutal,FRU_L3,1,-0.0,false,lata
135,Maguary_Caju,Frutal,FRU_L3,2,-0.0,false,lata
135,Maguary_Caju,Frutal,FRU_L3,3,-0.0,false,lata
135,Maguary_Caju,Frutal,FRU_L3,4,-0.0,false,lata
135,Maguary_Caju,Frutal,FRU_L3,5,-0.0,false,lata
135,Maguary_Caju,Frutal,FRU_L3,6,-0.0,false,lata
135,Maguary_Caju,Frutal,FRU_L3,7,-0.0,false,lata
135,Maguary_Caju,Frutal,FRU_L3,8,-0.0,false,lata
135,Maguary_Caju,Frutal,FRU_L3,9,-0.0,false,lata
135,Maguary_Caju,Frutal,FRU_L3,10,-0.0,false,lata
135,Maguary_Caju,Frutal,FRU_L3,11,-0.0,false,lata
135,Maguary_Caju,Frutal,FRU_L3,12,-0.0,false,lata
135,Maguary_Caju,Frutal,FRU_L3,13,-0.0,false,lata
135,Maguary_Caju,Frutal,FRU_L3,14,-0.0,false,lata
135,Maguary_Caju,Frutal,FRU_L3,15,-0.0,false,lata
135,Maguary_Caju,Pouso Alegre,POU_L1,1,-0.0,false,lata
135,Maguary_Caju,Pouso Alegre,POU_L1,2,-0.0,false,lata
135,Maguary_Caju,Pouso Alegre,POU_L1,3,-0.0,false,lata
135,Maguary_Caju,Pouso Alegre,POU_L1,4,-0.0,false,lata
135,Maguary_Caju,Pouso Alegre,POU_L1,5,-0.0,false,lata
135,Maguary_Caju,Pouso Alegre,POU_L1,6,-0.0,false,lata
135,Maguary_Caju,Pouso Alegre,POU_L1,7,-0.0,false,lata
135,Maguary_Caju,Pouso Alegre,POU_L1,8,-0.0,false,lata
135,Maguary_Caju,Pouso Alegre,POU_L1,9,-0.0,false,lata
135,Maguary_Caju,Pouso Alegre,POU_L1,10,-0.0,false,lata
135,Maguary_Caju,Pouso Alegre,POU_L1,11,-0.0,false,lata
135,Maguary_Caju,Pouso Alegre,POU_L1,12,-0.0,false,lata
135,Maguary_Caju,Pouso Alegre,POU_L1,13,-0.0,false,lata
135,Maguary_Caju,Pouso Alegre,POU_L1,14,-0.0,false,lata
135,Maguary_Caju,Pouso Alegre,POU_L1,15,-0.0,false,lata
135,Maguary_Caju,Pouso Alegre,POU_L2,1,-0.0,false,lata
135,Maguary_Caju,Pouso Alegre,POU_L2,2,-0.0,false,lata
135,Maguary_Caju,Pouso Alegre,POU_L2,3,-0.0,false,lata
135,Maguary_Caju,Pouso Alegre,POU_L2,4,-0.0,false,lata
135,Maguary_Caju,Pouso Alegre,POU_L2,5,-0.0,false,lata
135,Maguary_Caju,Pouso Alegre,POU_L2,6,-0.0,false,lata
135,Maguary_Caju,Pouso Alegre,POU_L2,7,-0.0,false,lata
135,Maguary_Caju,Pouso Alegre,POU_L2,8,-0.0,false,lata
135,Maguary_Caju,Pouso Alegre,POU_L2,9,-0.0,false,lata
135,Maguary_Caju,Pouso Alegre,POU_L2,10,-0.0,false,lata
135,Maguary_Caju,Pouso Alegre,POU_L2,11,-0.0,false,lata
135,Maguary_Caju,Pouso Alegre,POU_L2,12,-0.0,false,lata
135,Maguary_Caju,Pouso Alegre,POU_L2,13,-0.0,false,lata
135,Maguary_Caju,Pouso Alegre,POU_L2,14,-0.0,false,lata
135,Maguary_Caju,Pouso Alegre,POU_L2,15,-0.0,false,lata
135,Maguary_Caju,Pouso Alegre,POU_L3,1,-0.0,false,lata
135,Maguary_Caju,Pouso Alegre,POU_L3,2,-0.0,false,lata
135,Maguary_Caju,Pouso Alegre,POU_L3,3,-0.0,false,lata
135,Maguary_Caju,Pouso Alegre,POU_L3,4,-0.0,false,lata
135,Maguary_Caju,Pouso Alegre,POU_L3,5,-0.0,false,lata
135,Maguary_Caju,Pouso Alegre,POU_L3,6,-0.0,false,lata
135,Maguary_Caju,Pouso Alegre,POU_L3,7,-0.0,false,lata
135,Maguary_Caju,Pouso Alegre,POU_L3,8,-0.0,false,lata
135,Maguary_Caju,Pouso Alegre,POU_L3,9,-0.0,false,lata
135,Maguary_Caju,Pouso Alegre,POU_L3,10,-0.0,false,lata
135,Maguary_Caju,Pouso Alegre,POU_L3,11,-0.0,false,lata
135,Maguary_Caju,Pouso Alegre,POU_L3,12,-0.0,false,lata
135,Maguary_Caju,Pouso Alegre,POU_L3,13,-1.0e6,true,lata
135,Maguary_Caju,Pouso Alegre,POU_L3,14,-0.0,false,lata
135,Maguary_Caju,Pouso Alegre,POU_L3,15,-0.0,false,lata
135,Maguary_Caju,Gama,GAM_L1,1,-0.0,false,lata
135,Maguary_Caju,Gama,GAM_L1,2,-0.0,false,lata
135,Maguary_Caju,Gama,GAM_L1,3,-0.0,false,lata
135,Maguary_Caju,Gama,GAM_L1,4,-0.0,false,lata
135,Maguary_Caju,Gama,GAM_L1,5,-0.0,false,lata
135,Maguary_Caju,Gama,GAM_L1,6,-0.0,false,lata
135,Maguary_Caju,Gama,GAM_L1,7,-0.0,false,lata
135,Maguary_Caju,Gama,GAM_L1,8,-1.0e6,true,lata
135,Maguary_Caju,Gama,GAM_L1,9,-0.0,false,lata
135,Maguary_Caju,Gama,GAM_L1,10,-0.0,false,lata
135,Maguary_Caju,Gama,GAM_L1,11,-0.0,false,lata
135,Maguary_Caju,Gama,GAM_L1,12,-0.0,false,lata
135,Maguary_Caju,Gama,GAM_L1,13,-0.0,false,lata
135,Maguary_Caju,Gama,GAM_L1,14,-0.0,false,lata
135,Maguary_Caju,Gama,GAM_L1,15,-0.0,false,lata
135,Maguary_Caju,Gama,GAM_L2,1,-1.0e6,true,lata
135,Maguary_Caju,Gama,GAM_L2,2,-0.0,false,lata
135,Maguary_Caju,Gama,GAM_L2,3,-0.0,false,lata
135,Maguary_Caju,Gama,GAM_L2,4,-0.0,false,lata
135,Maguary_Caju,Gama,GAM_L2,5,-0.0,false,lata
135,Maguary_Caju,Gama,GAM_L2,6,-0.0,false,lata
135,Maguary_Caju,Gama,GAM_L2,7,-999999.8378588001,false,lata
135,Maguary_Caju,Gama,GAM_L2,8,-0.0,false,lata
135,Maguary_Caju,Gama,GAM_L2,9,-0.0,false,lata
135,Maguary_Caju,Gama,GAM_L2,10,-0.0,false,lata
135,Maguary_Caju,Gama,GAM_L2,11,-0.0,false,lata
135,Maguary_Caju,Gama,GAM_L2,12,-0.0,false,lata
135,Maguary_Caju,Gama,GAM_L2,13,-0.0,false,lata
135,Maguary_Caju,Gama,GAM_L2,14,-0.0,false,lata
135,Maguary_Caju,Gama,GAM_L2,15,-0.0,false,lata
135,Maguary_Caju,Gama,GAM_L3,1,-0.0,false,lata
135,Maguary_Caju,Gama,GAM_L3,2,-1.0e6,true,lata
135,Maguary_Caju,Gama,GAM_L3,3,-0.0,false,lata
135,Maguary_Caju,Gama,GAM_L3,4,-0.0,false,lata
135,Maguary_Caju,Gama,GAM_L3,5,-0.0,false,lata
135,Maguary_Caju,Gama,GAM_L3,6,-0.0,false,lata
135,Maguary_Caju,Gama,GAM_L3,7,-0.0,false,lata
135,Maguary_Caju,Gama,GAM_L3,8,-0.0,false,lata
135,Maguary_Caju,Gama,GAM_L3,9,-0.0,false,lata
135,Maguary_Caju,Gama,GAM_L3,10,-0.0,false,lata
135,Maguary_Caju,Gama,GAM_L3,11,-0.0,false,lata
135,Maguary_Caju,Gama,GAM_L3,12,-0.0,false,lata
135,Maguary_Caju,Gama,GAM_L3,13,-0.0,false,lata
135,Maguary_Caju,Gama,GAM_L3,14,-0.0,false,lata
135,Maguary_Caju,Gama,GAM_L3,15,-0.0,false,lata
135,Maguary_Caju,Viamao,VIA_L1,1,-0.0,false,lata
135,Maguary_Caju,Viamao,VIA_L1,2,-0.0,false,lata
135,Maguary_Caju,Viamao,VIA_L1,3,-0.0,false,lata
135,Maguary_Caju,Viamao,VIA_L1,4,-0.0,false,lata
135,Maguary_Caju,Viamao,VIA_L1,5,-0.0,false,lata
135,Maguary_Caju,Viamao,VIA_L1,6,-0.0,false,lata
135,Maguary_Caju,Viamao,VIA_L1,7,-0.0,false,lata
135,Maguary_Caju,Viamao,VIA_L1,8,-0.0,false,lata
135,Maguary_Caju,Viamao,VIA_L1,9,-0.0,false,lata
135,Maguary_Caju,Viamao,VIA_L1,10,-0.0,false,lata
135,Maguary_Caju,Viamao,VIA_L1,11,-0.0,false,lata
135,Maguary_Caju,Viamao,VIA_L1,12,-0.0,false,lata
135,Maguary_Caju,Viamao,VIA_L1,13,-0.0,false,lata
135,Maguary_Caju,Viamao,VIA_L1,14,-0.0,false,lata
135,Maguary_Caju,Viamao,VIA_L1,15,-0.0,false,lata
135,Maguary_Caju,Viamao,VIA_L2,1,-0.0,false,lata
135,Maguary_Caju,Viamao,VIA_L2,2,-0.0,false,lata
135,Maguary_Caju,Viamao,VIA_L2,3,-0.0,false,lata
135,Maguary_Caju,Viamao,VIA_L2,4,-0.0,false,lata
135,Maguary_Caju,Viamao,VIA_L2,5,-0.0,false,lata
135,Maguary_Caju,Viamao,VIA_L2,6,-999999.5930999502,false,lata
135,Maguary_Caju,Viamao,VIA_L2,7,-0.0,false,lata
135,Maguary_Caju,Viamao,VIA_L2,8,-0.0,false,lata
135,Maguary_Caju,Viamao,VIA_L2,9,-0.0,false,lata
135,Maguary_Caju,Viamao,VIA_L2,10,-0.0,false,lata
135,Maguary_Caju,Viamao,VIA_L2,11,-0.0,false,lata
135,Maguary_Caju,Viamao,VIA_L2,12,-0.0,false,lata
135,Maguary_Caju,Viamao,VIA_L2,13,-0.0,false,lata
135,Maguary_Caju,Viamao,VIA_L2,14,-0.0,false,lata
135,Maguary_Caju,Viamao,VIA_L2,15,-0.0,false,lata
135,Maguary_Caju,Viamao,VIA_L3,1,-0.0,false,lata
135,Maguary_Caju,Viamao,VIA_L3,2,-1.0e6,true,lata
135,Maguary_Caju,Viamao,VIA_L3,3,-0.0,false,lata
135,Maguary_Caju,Viamao,VIA_L3,4,-0.0,false,lata
135,Maguary_Caju,Viamao,VIA_L3,5,-0.0,false,lata
135,Maguary_Caju,Viamao,VIA_L3,6,-0.0,false,lata
135,Maguary_Caju,Viamao,VIA_L3,7,-0.0,false,lata
135,Maguary_Caju,Viamao,VIA_L3,8,-0.0,false,lata
135,Maguary_Caju,Viamao,VIA_L3,9,-0.0,false,lata
135,Maguary_Caju,Viamao,VIA_L3,10,-0.0,false,lata
135,Maguary_Caju,Viamao,VIA_L3,11,-0.0,false,lata
135,Maguary_Caju,Viamao,VIA_L3,12,-0.0,false,lata
135,Maguary_Caju,Viamao,VIA_L3,13,-1.0e6,true,lata
135,Maguary_Caju,Viamao,VIA_L3,14,-0.0,false,lata
135,Maguary_Caju,Viamao,VIA_L3,15,-0.0,false,lata
135,Maguary_Caju,Itupeva,ITU_L1,1,-0.0,false,lata
135,Maguary_Caju,Itupeva,ITU_L1,2,-0.0,false,lata
135,Maguary_Caju,Itupeva,ITU_L1,3,-1.0e6,true,lata
135,Maguary_Caju,Itupeva,ITU_L1,4,-0.0,false,lata
135,Maguary_Caju,Itupeva,ITU_L1,5,-0.0,false,lata
135,Maguary_Caju,Itupeva,ITU_L1,6,-0.0,false,lata
135,Maguary_Caju,Itupeva,ITU_L1,7,-0.0,false,lata
135,Maguary_Caju,Itupeva,ITU_L1,8,-0.0,false,lata
135,Maguary_Caju,Itupeva,ITU_L1,9,-0.0,false,lata
135,Maguary_Caju,Itupeva,ITU_L1,10,-0.0,false,lata
135,Maguary_Caju,Itupeva,ITU_L1,11,-0.0,false,lata
135,Maguary_Caju,Itupeva,ITU_L1,12,-0.0,false,lata
135,Maguary_Caju,Itupeva,ITU_L1,13,-0.0,false,lata
135,Maguary_Caju,Itupeva,ITU_L1,14,-0.0,false,lata
135,Maguary_Caju,Itupeva,ITU_L1,15,-0.0,false,lata
135,Maguary_Caju,Itupeva,ITU_L2,1,-0.0,false,lata
135,Maguary_Caju,Itupeva,ITU_L2,2,-0.0,false,lata
135,Maguary_Caju,Itupeva,ITU_L2,3,-0.0,false,lata
135,Maguary_Caju,Itupeva,ITU_L2,4,-0.0,false,lata
135,Maguary_Caju,Itupeva,ITU_L2,5,-0.0,false,lata
135,Maguary_Caju,Itupeva,ITU_L2,6,-999999.5637237502,false,lata
135,Maguary_Caju,Itupeva,ITU_L2,7,-0.0,false,lata
135,Maguary_Caju,Itupeva,ITU_L2,8,-0.0,false,lata
135,Maguary_Caju,Itupeva,ITU_L2,9,-0.0,false,lata
135,Maguary_Caju,Itupeva,ITU_L2,10,-0.0,false,lata
135,Maguary_Caju,Itupeva,ITU_L2,11,-0.0,false,lata
135,Maguary_Caju,Itupeva,ITU_L2,12,-0.0,false,lata
135,Maguary_Caju,Itupeva,ITU_L2,13,-0.0,false,lata
135,Maguary_Caju,Itupeva,ITU_L2,14,-0.0,false,lata
135,Maguary_Caju,Itupeva,ITU_L2,15,-0.0,false,lata
135,Maguary_Caju,Itupeva,ITU_L3,1,-1.0e6,true,lata
135,Maguary_Caju,Itupeva,ITU_L3,2,-0.0,false,lata
135,Maguary_Caju,Itupeva,ITU_L3,3,-0.0,false,lata
135,Maguary_Caju,Itupeva,ITU_L3,4,-0.0,false,lata
135,Maguary_Caju,Itupeva,ITU_L3,5,-0.0,false,lata
135,Maguary_Caju,Itupeva,ITU_L3,6,-0.0,false,lata
135,Maguary_Caju,Itupeva,ITU_L3,7,-0.0,false,lata
135,Maguary_Caju,Itupeva,ITU_L3,8,-0.0,false,lata
135,Maguary_Caju,Itupeva,ITU_L3,9,-0.0,false,lata
135,Maguary_Caju,Itupeva,ITU_L3,10,-0.0,false,lata
135,Maguary_Caju,Itupeva,ITU_L3,11,-0.0,false,lata
135,Maguary_Caju,Itupeva,ITU_L3,12,-0.0,false,lata
135,Maguary_Caju,Itupeva,ITU_L3,13,-999999.9998977,false,lata
135,Maguary_Caju,Itupeva,ITU_L3,14,-0.0,false,lata
135,Maguary_Caju,Itupeva,ITU_L3,15,-0.0,false,lata
135,Maguary_Caju,Cabo de Santo Agostinho,CAB_L1,1,-0.0,false,lata
135,Maguary_Caju,Cabo de Santo Agostinho,CAB_L1,2,-0.0,false,lata
135,Maguary_Caju,Cabo de Santo Agostinho,CAB_L1,3,-0.0,false,lata
135,Maguary_Caju,Cabo de Santo Agostinho,CAB_L1,4,-0.0,false,lata
135,Maguary_Caju,Cabo de Santo Agostinho,CAB_L1,5,-0.0,false,lata
135,Maguary_Caju,Cabo de Santo Agostinho,CAB_L1,6,-0.0,false,lata
135,Maguary_Caju,Cabo de Santo Agostinho,CAB_L1,7,-0.0,false,lata
135,Maguary_Caju,Cabo de Santo Agostinho,CAB_L1,8,-0.0,false,lata
135,Maguary_Caju,Cabo de Santo Agostinho,CAB_L1,9,-0.0,false,lata
135,Maguary_Caju,Cabo de Santo Agostinho,CAB_L1,10,-0.0,false,lata
135,Maguary_Caju,Cabo de Santo Agostinho,CAB_L1,11,-0.0,false,lata
135,Maguary_Caju,Cabo de Santo Agostinho,CAB_L1,12,-0.0,false,lata
135,Maguary_Caju,Cabo de Santo Agostinho,CAB_L1,13,-1.0e6,true,lata
135,Maguary_Caju,Cabo de Santo Agostinho,CAB_L1,14,-0.0,false,lata
135,Maguary_Caju,Cabo de Santo Agostinho,CAB_L1,15,-0.0,false,lata
135,Maguary_Caju,Cabo de Santo Agostinho,CAB_L2,1,-0.0,false,lata
135,Maguary_Caju,Cabo de Santo Agostinho,CAB_L2,2,-0.0,false,lata
135,Maguary_Caju,Cabo de Santo Agostinho,CAB_L2,3,-0.0,false,lata
135,Maguary_Caju,Cabo de Santo Agostinho,CAB_L2,4,-0.0,false,lata
135,Maguary_Caju,Cabo de Santo Agostinho,CAB_L2,5,-0.0,false,lata
135,Maguary_Caju,Cabo de Santo Agostinho,CAB_L2,6,-0.0,false,lata
135,Maguary_Caju,Cabo de Santo Agostinho,CAB_L2,7,-0.0,false,lata
135,Maguary_Caju,Cabo de Santo Agostinho,CAB_L2,8,-0.0,false,lata
135,Maguary_Caju,Cabo de Santo Agostinho,CAB_L2,9,-999999.97605955,false,lata
135,Maguary_Caju,Cabo de Santo Agostinho,CAB_L2,10,-0.0,false,lata
135,Maguary_Caju,Cabo de Santo Agostinho,CAB_L2,11,-0.0,false,lata
135,Maguary_Caju,Cabo de Santo Agostinho,CAB_L2,12,-0.0,false,lata
135,Maguary_Caju,Cabo de Santo Agostinho,CAB_L2,13,-0.0,false,lata
135,Maguary_Caju,Cabo de Santo Agostinho,CAB_L2,14,-0.0,false,lata
135,Maguary_Caju,Cabo de Santo Agostinho,CAB_L2,15,-0.0,false,lata
135,Maguary_Caju,Cabo de Santo Agostinho,CAB_L3,1,-0.0,false,lata
135,Maguary_Caju,Cabo de Santo Agostinho,CAB_L3,2,-0.0,false,lata
135,Maguary_Caju,Cabo de Santo Agostinho,CAB_L3,3,-0.0,false,lata
135,Maguary_Caju,Cabo de Santo Agostinho,CAB_L3,4,-0.0,false,lata
135,Maguary_Caju,Cabo de Santo Agostinho,CAB_L3,5,-0.0,false,lata
135,Maguary_Caju,Cabo de Santo Agostinho,CAB_L3,6,-0.0,false,lata
135,Maguary_Caju,Cabo de Santo Agostinho,CAB_L3,7,-0.0,false,lata
135,Maguary_Caju,Cabo de Santo Agostinho,CAB_L3,8,-0.0,false,lata
135,Maguary_Caju,Cabo de Santo Agostinho,CAB_L3,9,-0.0,false,lata
135,Maguary_Caju,Cabo de Santo Agostinho,CAB_L3,10,-0.0,false,lata
135,Maguary_Caju,Cabo de Santo Agostinho,CAB_L3,11,-0.0,false,lata
135,Maguary_Caju,Cabo de Santo Agostinho,CAB_L3,12,-999999.6824,false,lata
135,Maguary_Caju,Cabo de Santo Agostinho,CAB_L3,13,-999999.9947,false,lata
135,Maguary_Caju,Cabo de Santo Agostinho,CAB_L3,14,-0.0,false,lata
135,Maguary_Caju,Cabo de Santo Agostinho,CAB_L3,15,-0.0,false,lata
135,Sukita_Laranja,Jacarei,JAC_L1,1,-0.0,false,lata
135,Sukita_Laranja,Jacarei,JAC_L1,2,-0.0,false,lata
135,Sukita_Laranja,Jacarei,JAC_L1,3,-0.0,false,lata
135,Sukita_Laranja,Jacarei,JAC_L1,4,-0.0,false,lata
135,Sukita_Laranja,Jacarei,JAC_L1,5,-0.0,false,lata
135,Sukita_Laranja,Jacarei,JAC_L1,6,-0.0,false,lata
135,Sukita_Laranja,Jacarei,JAC_L1,7,-0.0,false,lata
135,Sukita_Laranja,Jacarei,JAC_L1,8,-0.0,false,lata
135,Sukita_Laranja,Jacarei,JAC_L1,9,-0.0,false,lata
135,Sukita_Laranja,Jacarei,JAC_L1,10,-0.0,false,lata
135,Sukita_Laranja,Jacarei,JAC_L1,11,-0.0,false,lata
135,Sukita_Laranja,Jacarei,JAC_L1,12,-999999.69216025,false,lata
135,Sukita_Laranja,Jacarei,JAC_L1,13,-0.0,false,lata
135,Sukita_Laranja,Jacarei,JAC_L1,14,-0.0,false,lata
135,Sukita_Laranja,Jacarei,JAC_L1,15,-0.0,false,lata
135,Sukita_Laranja,Jacarei,JAC_L2,1,-0.0,false,lata
135,Sukita_Laranja,Jacarei,JAC_L2,2,-0.0,false,lata
135,Sukita_Laranja,Jacarei,JAC_L2,3,-0.0,false,lata
135,Sukita_Laranja,Jacarei,JAC_L2,4,-0.0,false,lata
135,Sukita_Laranja,Jacarei,JAC_L2,5,-0.0,false,lata
135,Sukita_Laranja,Jacarei,JAC_L2,6,-0.0,false,lata
135,Sukita_Laranja,Jacarei,JAC_L2,7,-0.0,false,lata
135,Sukita_Laranja,Jacarei,JAC_L2,8,-0.0,false,lata
135,Sukita_Laranja,Jacarei,JAC_L2,9,-0.0,false,lata
135,Sukita_Laranja,Jacarei,JAC_L2,10,-0.0,false,lata
135,Sukita_Laranja,Jacarei,JAC_L2,11,-0.0,false,lata
135,Sukita_Laranja,Jacarei,JAC_L2,12,-0.0,false,lata
135,Sukita_Laranja,Jacarei,JAC_L2,13,-999999.98776025,false,lata
135,Sukita_Laranja,Jacarei,JAC_L2,14,-0.0,false,lata
135,Sukita_Laranja,Jacarei,JAC_L2,15,-0.0,false,lata
135,Sukita_Laranja,Jacarei,JAC_L3,1,-0.0,false,lata
135,Sukita_Laranja,Jacarei,JAC_L3,2,-0.0,false,lata
135,Sukita_Laranja,Jacarei,JAC_L3,3,-0.0,false,lata
135,Sukita_Laranja,Jacarei,JAC_L3,4,-0.0,false,lata
135,Sukita_Laranja,Jacarei,JAC_L3,5,-0.0,false,lata
135,Sukita_Laranja,Jacarei,JAC_L3,6,-0.0,false,lata
135,Sukita_Laranja,Jacarei,JAC_L3,7,-999999.6018070502,false,lata
135,Sukita_Laranja,Jacarei,JAC_L3,8,-0.0,false,lata
135,Sukita_Laranja,Jacarei,JAC_L3,9,-0.0,false,lata
135,Sukita_Laranja,Jacarei,JAC_L3,10,-0.0,false,lata
135,Sukita_Laranja,Jacarei,JAC_L3,11,-0.0,false,lata
135,Sukita_Laranja,Jacarei,JAC_L3,12,-0.0,false,lata
135,Sukita_Laranja,Jacarei,JAC_L3,13,-0.0,false,lata
135,Sukita_Laranja,Jacarei,JAC_L3,14,-0.0,false,lata
135,Sukita_Laranja,Jacarei,JAC_L3,15,-0.0,false,lata
135,Sukita_Laranja,Extrema,EXT_L1,1,-0.0,false,lata
135,Sukita_Laranja,Extrema,EXT_L1,2,-0.0,false,lata
135,Sukita_Laranja,Extrema,EXT_L1,3,-0.0,false,lata
135,Sukita_Laranja,Extrema,EXT_L1,4,-0.0,false,lata
135,Sukita_Laranja,Extrema,EXT_L1,5,-0.0,false,lata
135,Sukita_Laranja,Extrema,EXT_L1,6,-0.0,false,lata
135,Sukita_Laranja,Extrema,EXT_L1,7,-0.0,false,lata
135,Sukita_Laranja,Extrema,EXT_L1,8,-0.0,false,lata
135,Sukita_Laranja,Extrema,EXT_L1,9,-0.0,false,lata
135,Sukita_Laranja,Extrema,EXT_L1,10,-0.0,false,lata
135,Sukita_Laranja,Extrema,EXT_L1,11,-0.0,false,lata
135,Sukita_Laranja,Extrema,EXT_L1,12,-0.0,false,lata
135,Sukita_Laranja,Extrema,EXT_L1,13,-0.0,false,lata
135,Sukita_Laranja,Extrema,EXT_L1,14,-0.0,false,lata
135,Sukita_Laranja,Extrema,EXT_L1,15,-0.0,false,lata
135,Sukita_Laranja,Extrema,EXT_L2,1,-0.0,false,lata
135,Sukita_Laranja,Extrema,EXT_L2,2,-0.0,false,lata
135,Sukita_Laranja,Extrema,EXT_L2,3,-0.0,false,lata
135,Sukita_Laranja,Extrema,EXT_L2,4,-0.0,false,lata
135,Sukita_Laranja,Extrema,EXT_L2,5,-0.0,false,lata
135,Sukita_Laranja,Extrema,EXT_L2,6,-0.0,false,lata
135,Sukita_Laranja,Extrema,EXT_L2,7,-0.0,false,lata
135,Sukita_Laranja,Extrema,EXT_L2,8,-0.0,false,lata
135,Sukita_Laranja,Extrema,EXT_L2,9,-999999.62227035,false,lata
135,Sukita_Laranja,Extrema,EXT_L2,10,-0.0,false,lata
135,Sukita_Laranja,Extrema,EXT_L2,11,-0.0,false,lata
135,Sukita_Laranja,Extrema,EXT_L2,12,-0.0,false,lata
135,Sukita_Laranja,Extrema,EXT_L2,13,-999999.9859532,false,lata
135,Sukita_Laranja,Extrema,EXT_L2,14,-0.0,false,lata
135,Sukita_Laranja,Extrema,EXT_L2,15,-0.0,false,lata
135,Sukita_Laranja,Extrema,EXT_L3,1,-0.0,false,lata
135,Sukita_Laranja,Extrema,EXT_L3,2,-0.0,false,lata
135,Sukita_Laranja,Extrema,EXT_L3,3,-0.0,false,lata
135,Sukita_Laranja,Extrema,EXT_L3,4,-0.0,false,lata
135,Sukita_Laranja,Extrema,EXT_L3,5,-0.0,false,lata
135,Sukita_Laranja,Extrema,EXT_L3,6,-0.0,false,lata
135,Sukita_Laranja,Extrema,EXT_L3,7,-0.0,false,lata
135,Sukita_Laranja,Extrema,EXT_L3,8,-0.0,false,lata
135,Sukita_Laranja,Extrema,EXT_L3,9,-0.0,false,lata
135,Sukita_Laranja,Extrema,EXT_L3,10,-0.0,false,lata
135,Sukita_Laranja,Extrema,EXT_L3,11,-0.0,false,lata
135,Sukita_Laranja,Extrema,EXT_L3,12,-0.0,false,lata
135,Sukita_Laranja,Extrema,EXT_L3,13,-0.0,false,lata
135,Sukita_Laranja,Extrema,EXT_L3,14,-0.0,false,lata
135,Sukita_Laranja,Extrema,EXT_L3,15,-0.0,false,lata
135,Sukita_Laranja,Tres Rios,TRE_L1,1,-0.0,false,lata
135,Sukita_Laranja,Tres Rios,TRE_L1,2,-0.0,false,lata
135,Sukita_Laranja,Tres Rios,TRE_L1,3,-0.0,false,lata
135,Sukita_Laranja,Tres Rios,TRE_L1,4,-0.0,false,lata
135,Sukita_Laranja,Tres Rios,TRE_L1,5,-0.0,false,lata
135,Sukita_Laranja,Tres Rios,TRE_L1,6,-0.0,false,lata
135,Sukita_Laranja,Tres Rios,TRE_L1,7,-0.0,false,lata
135,Sukita_Laranja,Tres Rios,TRE_L1,8,-999999.7877222,false,lata
135,Sukita_Laranja,Tres Rios,TRE_L1,9,-0.0,false,lata
135,Sukita_Laranja,Tres Rios,TRE_L1,10,-999999.6071492999,false,lata
135,Sukita_Laranja,Tres Rios,TRE_L1,11,-0.0,false,lata
135,Sukita_Laranja,Tres Rios,TRE_L1,12,-0.0,false,lata
135,Sukita_Laranja,Tres Rios,TRE_L1,13,-0.0,false,lata
135,Sukita_Laranja,Tres Rios,TRE_L1,14,-0.0,false,lata
135,Sukita_Laranja,Tres Rios,TRE_L1,15,-0.0,false,lata
135,Sukita_Laranja,Tres Rios,TRE_L2,1,-0.0,false,lata
135,Sukita_Laranja,Tres Rios,TRE_L2,2,-0.0,false,lata
135,Sukita_Laranja,Tres Rios,TRE_L2,3,-0.0,false,lata
135,Sukita_Laranja,Tres Rios,TRE_L2,4,-0.0,false,lata
135,Sukita_Laranja,Tres Rios,TRE_L2,5,-0.0,false,lata
135,Sukita_Laranja,Tres Rios,TRE_L2,6,-0.0,false,lata
135,Sukita_Laranja,Tres Rios,TRE_L2,7,-0.0,false,lata
135,Sukita_Laranja,Tres Rios,TRE_L2,8,-0.0,false,lata
135,Sukita_Laranja,Tres Rios,TRE_L2,9,-0.0,false,lata
135,Sukita_Laranja,Tres Rios,TRE_L2,10,-0.0,false,lata
135,Sukita_Laranja,Tres Rios,TRE_L2,11,-0.0,false,lata
135,Sukita_Laranja,Tres Rios,TRE_L2,12,-0.0,false,lata
135,Sukita_Laranja,Tres Rios,TRE_L2,13,-0.0,false,lata
135,Sukita_Laranja,Tres Rios,TRE_L2,14,-0.0,false,lata
135,Sukita_Laranja,Tres Rios,TRE_L2,15,-0.0,false,lata
135,Sukita_Laranja,Tres Rios,TRE_L3,1,-0.0,false,lata
135,Sukita_Laranja,Tres Rios,TRE_L3,2,-999999.6063498501,false,lata
135,Sukita_Laranja,Tres Rios,TRE_L3,3,-0.0,false,lata
135,Sukita_Laranja,Tres Rios,TRE_L3,4,-0.0,false,lata
135,Sukita_Laranja,Tres Rios,TRE_L3,5,-0.0,false,lata
135,Sukita_Laranja,Tres Rios,TRE_L3,6,-0.0,false,lata
135,Sukita_Laranja,Tres Rios,TRE_L3,7,-0.0,false,lata
135,Sukita_Laranja,Tres Rios,TRE_L3,8,-999999.7877222,false,lata
135,Sukita_Laranja,Tres Rios,TRE_L3,9,-0.0,false,lata
135,Sukita_Laranja,Tres Rios,TRE_L3,10,-0.0,false,lata
135,Sukita_Laranja,Tres Rios,TRE_L3,11,-0.0,false,lata
135,Sukita_Laranja,Tres Rios,TRE_L3,12,-0.0,false,lata
135,Sukita_Laranja,Tres Rios,TRE_L3,13,-0.0,false,lata
135,Sukita_Laranja,Tres Rios,TRE_L3,14,-999999.6242596001,false,lata
135,Sukita_Laranja,Tres Rios,TRE_L3,15,-0.0,false,lata
135,Sukita_Laranja,Alagoinhas,ALA_L1,1,-999999.5597236002,false,lata
135,Sukita_Laranja,Alagoinhas,ALA_L1,2,-0.0,false,lata
135,Sukita_Laranja,Alagoinhas,ALA_L1,3,-0.0,false,lata
135,Sukita_Laranja,Alagoinhas,ALA_L1,4,-0.0,false,lata
135,Sukita_Laranja,Alagoinhas,ALA_L1,5,-999999.5015568002,false,lata
135,Sukita_Laranja,Alagoinhas,ALA_L1,6,-999999.6466472499,false,lata
135,Sukita_Laranja,Alagoinhas,ALA_L1,7,-0.0,false,lata
135,Sukita_Laranja,Alagoinhas,ALA_L1,8,-0.0,false,lata
135,Sukita_Laranja,Alagoinhas,ALA_L1,9,-0.0,false,lata
135,Sukita_Laranja,Alagoinhas,ALA_L1,10,-0.0,false,lata
135,Sukita_Laranja,Alagoinhas,ALA_L1,11,-0.0,false,lata
135,Sukita_Laranja,Alagoinhas,ALA_L1,12,-0.0,false,lata
135,Sukita_Laranja,Alagoinhas,ALA_L1,13,-0.0,false,lata
135,Sukita_Laranja,Alagoinhas,ALA_L1,14,-0.0,false,lata
135,Sukita_Laranja,Alagoinhas,ALA_L1,15,-0.0,false,lata
135,Sukita_Laranja,Alagoinhas,ALA_L2,1,-0.0,false,lata
135,Sukita_Laranja,Alagoinhas,ALA_L2,2,-999999.6581028,false,lata
135,Sukita_Laranja,Alagoinhas,ALA_L2,3,-0.0,false,lata
135,Sukita_Laranja,Alagoinhas,ALA_L2,4,-0.0,false,lata
135,Sukita_Laranja,Alagoinhas,ALA_L2,5,-0.0,false,lata
135,Sukita_Laranja,Alagoinhas,ALA_L2,6,-0.0,false,lata
135,Sukita_Laranja,Alagoinhas,ALA_L2,7,-0.0,false,lata
135,Sukita_Laranja,Alagoinhas,ALA_L2,8,-0.0,false,lata
135,Sukita_Laranja,Alagoinhas,ALA_L2,9,-999999.67787395,false,lata
135,Sukita_Laranja,Alagoinhas,ALA_L2,10,-0.0,false,lata
135,Sukita_Laranja,Alagoinhas,ALA_L2,11,-0.0,false,lata
135,Sukita_Laranja,Alagoinhas,ALA_L2,12,-0.0,false,lata
135,Sukita_Laranja,Alagoinhas,ALA_L2,13,-0.0,false,lata
135,Sukita_Laranja,Alagoinhas,ALA_L2,14,-0.0,false,lata
135,Sukita_Laranja,Alagoinhas,ALA_L2,15,-0.0,false,lata
135,Sukita_Laranja,Alagoinhas,ALA_L3,1,-0.0,false,lata
135,Sukita_Laranja,Alagoinhas,ALA_L3,2,-999999.6581028,false,lata
135,Sukita_Laranja,Alagoinhas,ALA_L3,3,-0.0,false,lata
135,Sukita_Laranja,Alagoinhas,ALA_L3,4,-0.0,false,lata
135,Sukita_Laranja,Alagoinhas,ALA_L3,5,-0.0,false,lata
135,Sukita_Laranja,Alagoinhas,ALA_L3,6,-0.0,false,lata
135,Sukita_Laranja,Alagoinhas,ALA_L3,7,-0.0,false,lata
135,Sukita_Laranja,Alagoinhas,ALA_L3,8,-0.0,false,lata
135,Sukita_Laranja,Alagoinhas,ALA_L3,9,-0.0,false,lata
135,Sukita_Laranja,Alagoinhas,ALA_L3,10,-0.0,false,lata
135,Sukita_Laranja,Alagoinhas,ALA_L3,11,-0.0,false,lata
135,Sukita_Laranja,Alagoinhas,ALA_L3,12,-0.0,false,lata
135,Sukita_Laranja,Alagoinhas,ALA_L3,13,-1.0e6,true,lata
135,Sukita_Laranja,Alagoinhas,ALA_L3,14,-0.0,false,lata
135,Sukita_Laranja,Alagoinhas,ALA_L3,15,-0.0,false,lata
135,Sukita_Laranja,Frutal,FRU_L1,1,-0.0,false,lata
135,Sukita_Laranja,Frutal,FRU_L1,2,-0.0,false,lata
135,Sukita_Laranja,Frutal,FRU_L1,3,-0.0,false,lata
135,Sukita_Laranja,Frutal,FRU_L1,4,-0.0,false,lata
135,Sukita_Laranja,Frutal,FRU_L1,5,-0.0,false,lata
135,Sukita_Laranja,Frutal,FRU_L1,6,-0.0,false,lata
135,Sukita_Laranja,Frutal,FRU_L1,7,-0.0,false,lata
135,Sukita_Laranja,Frutal,FRU_L1,8,-0.0,false,lata
135,Sukita_Laranja,Frutal,FRU_L1,9,-0.0,false,lata
135,Sukita_Laranja,Frutal,FRU_L1,10,-0.0,false,lata
135,Sukita_Laranja,Frutal,FRU_L1,11,-0.0,false,lata
135,Sukita_Laranja,Frutal,FRU_L1,12,-0.0,false,lata
135,Sukita_Laranja,Frutal,FRU_L1,13,-0.0,false,lata
135,Sukita_Laranja,Frutal,FRU_L1,14,-0.0,false,lata
135,Sukita_Laranja,Frutal,FRU_L1,15,-0.0,false,lata
135,Sukita_Laranja,Frutal,FRU_L2,1,-0.0,false,lata
135,Sukita_Laranja,Frutal,FRU_L2,2,-0.0,false,lata
135,Sukita_Laranja,Frutal,FRU_L2,3,-0.0,false,lata
135,Sukita_Laranja,Frutal,FRU_L2,4,-0.0,false,lata
135,Sukita_Laranja,Frutal,FRU_L2,5,-0.0,false,lata
135,Sukita_Laranja,Frutal,FRU_L2,6,-0.0,false,lata
135,Sukita_Laranja,Frutal,FRU_L2,7,-0.0,false,lata
135,Sukita_Laranja,Frutal,FRU_L2,8,-0.0,false,lata
135,Sukita_Laranja,Frutal,FRU_L2,9,-0.0,false,lata
135,Sukita_Laranja,Frutal,FRU_L2,10,-0.0,false,lata
135,Sukita_Laranja,Frutal,FRU_L2,11,-0.0,false,lata
135,Sukita_Laranja,Frutal,FRU_L2,12,-0.0,false,lata
135,Sukita_Laranja,Frutal,FRU_L2,13,-0.0,false,lata
135,Sukita_Laranja,Frutal,FRU_L2,14,-0.0,false,lata
135,Sukita_Laranja,Frutal,FRU_L2,15,-0.0,false,lata
135,Sukita_Laranja,Frutal,FRU_L3,1,-0.0,false,lata
135,Sukita_Laranja,Frutal,FRU_L3,2,-0.0,false,lata
135,Sukita_Laranja,Frutal,FRU_L3,3,-0.0,false,lata
135,Sukita_Laranja,Frutal,FRU_L3,4,-0.0,false,lata
135,Sukita_Laranja,Frutal,FRU_L3,5,-0.0,false,lata
135,Sukita_Laranja,Frutal,FRU_L3,6,-0.0,false,lata
135,Sukita_Laranja,Frutal,FRU_L3,7,-0.0,false,lata
135,Sukita_Laranja,Frutal,FRU_L3,8,-0.0,false,lata
135,Sukita_Laranja,Frutal,FRU_L3,9,-0.0,false,lata
135,Sukita_Laranja,Frutal,FRU_L3,10,-0.0,false,lata
135,Sukita_Laranja,Frutal,FRU_L3,11,-0.0,false,lata
135,Sukita_Laranja,Frutal,FRU_L3,12,-0.0,false,lata
135,Sukita_Laranja,Frutal,FRU_L3,13,-1.0e6,true,lata
135,Sukita_Laranja,Frutal,FRU_L3,14,-0.0,false,lata
135,Sukita_Laranja,Frutal,FRU_L3,15,-0.0,false,lata
135,Sukita_Laranja,Pouso Alegre,POU_L1,1,-0.0,false,lata
135,Sukita_Laranja,Pouso Alegre,POU_L1,2,-0.0,false,lata
135,Sukita_Laranja,Pouso Alegre,POU_L1,3,-0.0,false,lata
135,Sukita_Laranja,Pouso Alegre,POU_L1,4,-0.0,false,lata
135,Sukita_Laranja,Pouso Alegre,POU_L1,5,-0.0,false,lata
135,Sukita_Laranja,Pouso Alegre,POU_L1,6,-0.0,false,lata
135,Sukita_Laranja,Pouso Alegre,POU_L1,7,-0.0,false,lata
135,Sukita_Laranja,Pouso Alegre,POU_L1,8,-0.0,false,lata
135,Sukita_Laranja,Pouso Alegre,POU_L1,9,-0.0,false,lata
135,Sukita_Laranja,Pouso Alegre,POU_L1,10,-999999.5952399499,false,lata
135,Sukita_Laranja,Pouso Alegre,POU_L1,11,-0.0,false,lata
135,Sukita_Laranja,Pouso Alegre,POU_L1,12,-0.0,false,lata
135,Sukita_Laranja,Pouso Alegre,POU_L1,13,-0.0,false,lata
135,Sukita_Laranja,Pouso Alegre,POU_L1,14,-0.0,false,lata
135,Sukita_Laranja,Pouso Alegre,POU_L1,15,-0.0,false,lata
135,Sukita_Laranja,Pouso Alegre,POU_L2,1,-999999.5198800003,false,lata
135,Sukita_Laranja,Pouso Alegre,POU_L2,2,-0.0,false,lata
135,Sukita_Laranja,Pouso Alegre,POU_L2,3,-999999.7821832,false,lata
135,Sukita_Laranja,Pouso Alegre,POU_L2,4,-0.0,false,lata
135,Sukita_Laranja,Pouso Alegre,POU_L2,5,-0.0,false,lata
135,Sukita_Laranja,Pouso Alegre,POU_L2,6,-0.0,false,lata
135,Sukita_Laranja,Pouso Alegre,POU_L2,7,-0.0,false,lata
135,Sukita_Laranja,Pouso Alegre,POU_L2,8,-0.0,false,lata
135,Sukita_Laranja,Pouso Alegre,POU_L2,9,-0.0,false,lata
135,Sukita_Laranja,Pouso Alegre,POU_L2,10,-0.0,false,lata
135,Sukita_Laranja,Pouso Alegre,POU_L2,11,-0.0,false,lata
135,Sukita_Laranja,Pouso Alegre,POU_L2,12,-0.0,false,lata
135,Sukita_Laranja,Pouso Alegre,POU_L2,13,-0.0,false,lata
135,Sukita_Laranja,Pouso Alegre,POU_L2,14,-0.0,false,lata
135,Sukita_Laranja,Pouso Alegre,POU_L2,15,-0.0,false,lata
135,Sukita_Laranja,Pouso Alegre,POU_L3,1,-0.0,false,lata
135,Sukita_Laranja,Pouso Alegre,POU_L3,2,-0.0,false,lata
135,Sukita_Laranja,Pouso Alegre,POU_L3,3,-0.0,false,lata
135,Sukita_Laranja,Pouso Alegre,POU_L3,4,-0.0,false,lata
135,Sukita_Laranja,Pouso Alegre,POU_L3,5,-0.0,false,lata
135,Sukita_Laranja,Pouso Alegre,POU_L3,6,-0.0,false,lata
135,Sukita_Laranja,Pouso Alegre,POU_L3,7,-0.0,false,lata
135,Sukita_Laranja,Pouso Alegre,POU_L3,8,-0.0,false,lata
135,Sukita_Laranja,Pouso Alegre,POU_L3,9,-0.0,false,lata
135,Sukita_Laranja,Pouso Alegre,POU_L3,10,-0.0,false,lata
135,Sukita_Laranja,Pouso Alegre,POU_L3,11,-0.0,false,lata
135,Sukita_Laranja,Pouso Alegre,POU_L3,12,-0.0,false,lata
135,Sukita_Laranja,Pouso Alegre,POU_L3,13,-0.0,false,lata
135,Sukita_Laranja,Pouso Alegre,POU_L3,14,-0.0,false,lata
135,Sukita_Laranja,Pouso Alegre,POU_L3,15,-0.0,false,lata
135,Sukita_Laranja,Gama,GAM_L1,1,-0.0,false,lata
135,Sukita_Laranja,Gama,GAM_L1,2,-0.0,false,lata
135,Sukita_Laranja,Gama,GAM_L1,3,-0.0,false,lata
135,Sukita_Laranja,Gama,GAM_L1,4,-0.0,false,lata
135,Sukita_Laranja,Gama,GAM_L1,5,-0.0,false,lata
135,Sukita_Laranja,Gama,GAM_L1,6,-0.0,false,lata
135,Sukita_Laranja,Gama,GAM_L1,7,-0.0,false,lata
135,Sukita_Laranja,Gama,GAM_L1,8,-0.0,false,lata
135,Sukita_Laranja,Gama,GAM_L1,9,-0.0,false,lata
135,Sukita_Laranja,Gama,GAM_L1,10,-0.0,false,lata
135,Sukita_Laranja,Gama,GAM_L1,11,-0.0,false,lata
135,Sukita_Laranja,Gama,GAM_L1,12,-0.0,false,lata
135,Sukita_Laranja,Gama,GAM_L1,13,-0.0,false,lata
135,Sukita_Laranja,Gama,GAM_L1,14,-0.0,false,lata
135,Sukita_Laranja,Gama,GAM_L1,15,-0.0,false,lata
135,Sukita_Laranja,Gama,GAM_L2,1,-0.0,false,lata
135,Sukita_Laranja,Gama,GAM_L2,2,-0.0,false,lata
135,Sukita_Laranja,Gama,GAM_L2,3,-0.0,false,lata
135,Sukita_Laranja,Gama,GAM_L2,4,-0.0,false,lata
135,Sukita_Laranja,Gama,GAM_L2,5,-0.0,false,lata
135,Sukita_Laranja,Gama,GAM_L2,6,-0.0,false,lata
135,Sukita_Laranja,Gama,GAM_L2,7,-0.0,false,lata
135,Sukita_Laranja,Gama,GAM_L2,8,-0.0,false,lata
135,Sukita_Laranja,Gama,GAM_L2,9,-0.0,false,lata
135,Sukita_Laranja,Gama,GAM_L2,10,-0.0,false,lata
135,Sukita_Laranja,Gama,GAM_L2,11,-0.0,false,lata
135,Sukita_Laranja,Gama,GAM_L2,12,-0.0,false,lata
135,Sukita_Laranja,Gama,GAM_L2,13,-0.0,false,lata
135,Sukita_Laranja,Gama,GAM_L2,14,-0.0,false,lata
135,Sukita_Laranja,Gama,GAM_L2,15,-999999.3148881501,false,lata
135,Sukita_Laranja,Gama,GAM_L3,1,-0.0,false,lata
135,Sukita_Laranja,Gama,GAM_L3,2,-0.0,false,lata
135,Sukita_Laranja,Gama,GAM_L3,3,-0.0,false,lata
135,Sukita_Laranja,Gama,GAM_L3,4,-0.0,false,lata
135,Sukita_Laranja,Gama,GAM_L3,5,-0.0,false,lata
135,Sukita_Laranja,Gama,GAM_L3,6,-0.0,false,lata
135,Sukita_Laranja,Gama,GAM_L3,7,-0.0,false,lata
135,Sukita_Laranja,Gama,GAM_L3,8,-0.0,false,lata
135,Sukita_Laranja,Gama,GAM_L3,9,-0.0,false,lata
135,Sukita_Laranja,Gama,GAM_L3,10,-0.0,false,lata
135,Sukita_Laranja,Gama,GAM_L3,11,-0.0,false,lata
135,Sukita_Laranja,Gama,GAM_L3,12,-999999.7150626001,false,lata
135,Sukita_Laranja,Gama,GAM_L3,13,-0.0,false,lata
135,Sukita_Laranja,Gama,GAM_L3,14,-0.0,false,lata
135,Sukita_Laranja,Gama,GAM_L3,15,-0.0,false,lata
135,Sukita_Laranja,Viamao,VIA_L1,1,-0.0,false,lata
135,Sukita_Laranja,Viamao,VIA_L1,2,-0.0,false,lata
135,Sukita_Laranja,Viamao,VIA_L1,3,-0.0,false,lata
135,Sukita_Laranja,Viamao,VIA_L1,4,-0.0,false,lata
135,Sukita_Laranja,Viamao,VIA_L1,5,-0.0,false,lata
135,Sukita_Laranja,Viamao,VIA_L1,6,-0.0,false,lata
135,Sukita_Laranja,Viamao,VIA_L1,7,-0.0,false,lata
135,Sukita_Laranja,Viamao,VIA_L1,8,-0.0,false,lata
135,Sukita_Laranja,Viamao,VIA_L1,9,-0.0,false,lata
135,Sukita_Laranja,Viamao,VIA_L1,10,-0.0,false,lata
135,Sukita_Laranja,Viamao,VIA_L1,11,-0.0,false,lata
135,Sukita_Laranja,Viamao,VIA_L1,12,-0.0,false,lata
135,Sukita_Laranja,Viamao,VIA_L1,13,-0.0,false,lata
135,Sukita_Laranja,Viamao,VIA_L1,14,-0.0,false,lata
135,Sukita_Laranja,Viamao,VIA_L1,15,-999999.3288643,false,lata
135,Sukita_Laranja,Viamao,VIA_L2,1,-0.0,false,lata
135,Sukita_Laranja,Viamao,VIA_L2,2,-0.0,false,lata
135,Sukita_Laranja,Viamao,VIA_L2,3,-999999.819106,false,lata
135,Sukita_Laranja,Viamao,VIA_L2,4,-0.0,false,lata
135,Sukita_Laranja,Viamao,VIA_L2,5,-0.0,false,lata
135,Sukita_Laranja,Viamao,VIA_L2,6,-0.0,false,lata
135,Sukita_Laranja,Viamao,VIA_L2,7,-0.0,false,lata
135,Sukita_Laranja,Viamao,VIA_L2,8,-0.0,false,lata
135,Sukita_Laranja,Viamao,VIA_L2,9,-0.0,false,lata
135,Sukita_Laranja,Viamao,VIA_L2,10,-999999.6334885998,false,lata
135,Sukita_Laranja,Viamao,VIA_L2,11,-999999.4402759498,false,lata
135,Sukita_Laranja,Viamao,VIA_L2,12,-0.0,false,lata
135,Sukita_Laranja,Viamao,VIA_L2,13,-0.0,false,lata
135,Sukita_Laranja,Viamao,VIA_L2,14,-0.0,false,lata
135,Sukita_Laranja,Viamao,VIA_L2,15,-0.0,false,lata
135,Sukita_Laranja,Viamao,VIA_L3,1,-0.0,false,lata
135,Sukita_Laranja,Viamao,VIA_L3,2,-0.0,false,lata
135,Sukita_Laranja,Viamao,VIA_L3,3,-0.0,false,lata
135,Sukita_Laranja,Viamao,VIA_L3,4,-0.0,false,lata
135,Sukita_Laranja,Viamao,VIA_L3,5,-0.0,false,lata
135,Sukita_Laranja,Viamao,VIA_L3,6,-0.0,false,lata
135,Sukita_Laranja,Viamao,VIA_L3,7,-0.0,false,lata
135,Sukita_Laranja,Viamao,VIA_L3,8,-999999.81864165,false,lata
135,Sukita_Laranja,Viamao,VIA_L3,9,-0.0,false,lata
135,Sukita_Laranja,Viamao,VIA_L3,10,-0.0,false,lata
135,Sukita_Laranja,Viamao,VIA_L3,11,-0.0,false,lata
135,Sukita_Laranja,Viamao,VIA_L3,12,-0.0,false,lata
135,Sukita_Laranja,Viamao,VIA_L3,13,-1.0e6,true,lata
135,Sukita_Laranja,Viamao,VIA_L3,14,-0.0,false,lata
135,Sukita_Laranja,Viamao,VIA_L3,15,-0.0,false,lata
135,Sukita_Laranja,Itupeva,ITU_L1,1,-0.0,false,lata
135,Sukita_Laranja,Itupeva,ITU_L1,2,-0.0,false,lata
135,Sukita_Laranja,Itupeva,ITU_L1,3,-0.0,false,lata
135,Sukita_Laranja,Itupeva,ITU_L1,4,-0.0,false,lata
135,Sukita_Laranja,Itupeva,ITU_L1,5,-0.0,false,lata
135,Sukita_Laranja,Itupeva,ITU_L1,6,-0.0,false,lata
135,Sukita_Laranja,Itupeva,ITU_L1,7,-0.0,false,lata
135,Sukita_Laranja,Itupeva,ITU_L1,8,-0.0,false,lata
135,Sukita_Laranja,Itupeva,ITU_L1,9,-0.0,false,lata
135,Sukita_Laranja,Itupeva,ITU_L1,10,-0.0,false,lata
135,Sukita_Laranja,Itupeva,ITU_L1,11,-0.0,false,lata
135,Sukita_Laranja,Itupeva,ITU_L1,12,-0.0,false,lata
135,Sukita_Laranja,Itupeva,ITU_L1,13,-0.0,false,lata
135,Sukita_Laranja,Itupeva,ITU_L1,14,-0.0,false,lata
135,Sukita_Laranja,Itupeva,ITU_L1,15,-0.0,false,lata
135,Sukita_Laranja,Itupeva,ITU_L2,1,-0.0,false,lata
135,Sukita_Laranja,Itupeva,ITU_L2,2,-0.0,false,lata
135,Sukita_Laranja,Itupeva,ITU_L2,3,-0.0,false,lata
135,Sukita_Laranja,Itupeva,ITU_L2,4,-999999.4394798501,false,lata
135,Sukita_Laranja,Itupeva,ITU_L2,5,-0.0,false,lata
135,Sukita_Laranja,Itupeva,ITU_L2,6,-0.0,false,lata
135,Sukita_Laranja,Itupeva,ITU_L2,7,-0.0,false,lata
135,Sukita_Laranja,Itupeva,ITU_L2,8,-0.0,false,lata
135,Sukita_Laranja,Itupeva,ITU_L2,9,-0.0,false,lata
135,Sukita_Laranja,Itupeva,ITU_L2,10,-0.0,false,lata
135,Sukita_Laranja,Itupeva,ITU_L2,11,-0.0,false,lata
135,Sukita_Laranja,Itupeva,ITU_L2,12,-0.0,false,lata
135,Sukita_Laranja,Itupeva,ITU_L2,13,-0.0,false,lata
135,Sukita_Laranja,Itupeva,ITU_L2,14,-0.0,false,lata
135,Sukita_Laranja,Itupeva,ITU_L2,15,-0.0,false,lata
135,Sukita_Laranja,Itupeva,ITU_L3,1,-0.0,false,lata
135,Sukita_Laranja,Itupeva,ITU_L3,2,-0.0,false,lata
135,Sukita_Laranja,Itupeva,ITU_L3,3,-0.0,false,lata
135,Sukita_Laranja,Itupeva,ITU_L3,4,-0.0,false,lata
135,Sukita_Laranja,Itupeva,ITU_L3,5,-0.0,false,lata
135,Sukita_Laranja,Itupeva,ITU_L3,6,-0.0,false,lata
135,Sukita_Laranja,Itupeva,ITU_L3,7,-0.0,false,lata
135,Sukita_Laranja,Itupeva,ITU_L3,8,-0.0,false,lata
135,Sukita_Laranja,Itupeva,ITU_L3,9,-0.0,false,lata
135,Sukita_Laranja,Itupeva,ITU_L3,10,-0.0,false,lata
135,Sukita_Laranja,Itupeva,ITU_L3,11,-0.0,false,lata
135,Sukita_Laranja,Itupeva,ITU_L3,12,-0.0,false,lata
135,Sukita_Laranja,Itupeva,ITU_L3,13,-0.0,false,lata
135,Sukita_Laranja,Itupeva,ITU_L3,14,-0.0,false,lata
135,Sukita_Laranja,Itupeva,ITU_L3,15,-0.0,false,lata
135,Sukita_Laranja,Cabo de Santo Agostinho,CAB_L1,1,-0.0,false,lata
135,Sukita_Laranja,Cabo de Santo Agostinho,CAB_L1,2,-0.0,false,lata
135,Sukita_Laranja,Cabo de Santo Agostinho,CAB_L1,3,-0.0,false,lata
135,Sukita_Laranja,Cabo de Santo Agostinho,CAB_L1,4,-0.0,false,lata
135,Sukita_Laranja,Cabo de Santo Agostinho,CAB_L1,5,-0.0,false,lata
135,Sukita_Laranja,Cabo de Santo Agostinho,CAB_L1,6,-0.0,false,lata
135,Sukita_Laranja,Cabo de Santo Agostinho,CAB_L1,7,-0.0,false,lata
135,Sukita_Laranja,Cabo de Santo Agostinho,CAB_L1,8,-0.0,false,lata
135,Sukita_Laranja,Cabo de Santo Agostinho,CAB_L1,9,-0.0,false,lata
135,Sukita_Laranja,Cabo de Santo Agostinho,CAB_L1,10,-0.0,false,lata
135,Sukita_Laranja,Cabo de Santo Agostinho,CAB_L1,11,-999999.4650034998,false,lata
135,Sukita_Laranja,Cabo de Santo Agostinho,CAB_L1,12,-0.0,false,lata
135,Sukita_Laranja,Cabo de Santo Agostinho,CAB_L1,13,-0.0,false,lata
135,Sukita_Laranja,Cabo de Santo Agostinho,CAB_L1,14,-0.0,false,lata
135,Sukita_Laranja,Cabo de Santo Agostinho,CAB_L1,15,-0.0,false,lata
135,Sukita_Laranja,Cabo de Santo Agostinho,CAB_L2,1,-0.0,false,lata
135,Sukita_Laranja,Cabo de Santo Agostinho,CAB_L2,2,-999999.6812354,false,lata
135,Sukita_Laranja,Cabo de Santo Agostinho,CAB_L2,3,-0.0,false,lata
135,Sukita_Laranja,Cabo de Santo Agostinho,CAB_L2,4,-0.0,false,lata
135,Sukita_Laranja,Cabo de Santo Agostinho,CAB_L2,5,-999999.5246894002,false,lata
135,Sukita_Laranja,Cabo de Santo Agostinho,CAB_L2,6,-0.0,false,lata
135,Sukita_Laranja,Cabo de Santo Agostinho,CAB_L2,7,-0.0,false,lata
135,Sukita_Laranja,Cabo de Santo Agostinho,CAB_L2,8,-0.0,false,lata
135,Sukita_Laranja,Cabo de Santo Agostinho,CAB_L2,9,-0.0,false,lata
135,Sukita_Laranja,Cabo de Santo Agostinho,CAB_L2,10,-0.0,false,lata
135,Sukita_Laranja,Cabo de Santo Agostinho,CAB_L2,11,-0.0,false,lata
135,Sukita_Laranja,Cabo de Santo Agostinho,CAB_L2,12,-0.0,false,lata
135,Sukita_Laranja,Cabo de Santo Agostinho,CAB_L2,13,-0.0,false,lata
135,Sukita_Laranja,Cabo de Santo Agostinho,CAB_L2,14,-0.0,false,lata
135,Sukita_Laranja,Cabo de Santo Agostinho,CAB_L2,15,-0.0,false,lata
135,Sukita_Laranja,Cabo de Santo Agostinho,CAB_L3,1,-0.0,false,lata
135,Sukita_Laranja,Cabo de Santo Agostinho,CAB_L3,2,-0.0,false,lata
135,Sukita_Laranja,Cabo de Santo Agostinho,CAB_L3,3,-999999.8586191,false,lata
135,Sukita_Laranja,Cabo de Santo Agostinho,CAB_L3,4,-0.0,false,lata
135,Sukita_Laranja,Cabo de Santo Agostinho,CAB_L3,5,-0.0,false,lata
135,Sukita_Laranja,Cabo de Santo Agostinho,CAB_L3,6,-0.0,false,lata
135,Sukita_Laranja,Cabo de Santo Agostinho,CAB_L3,7,-0.0,false,lata
135,Sukita_Laranja,Cabo de Santo Agostinho,CAB_L3,8,-0.0,false,lata
135,Sukita_Laranja,Cabo de Santo Agostinho,CAB_L3,9,-0.0,false,lata
135,Sukita_Laranja,Cabo de Santo Agostinho,CAB_L3,10,-0.0,false,lata
135,Sukita_Laranja,Cabo de Santo Agostinho,CAB_L3,11,-0.0,false,lata
135,Sukita_Laranja,Cabo de Santo Agostinho,CAB_L3,12,-0.0,false,lata
135,Sukita_Laranja,Cabo de Santo Agostinho,CAB_L3,13,-0.0,false,lata
135,Sukita_Laranja,Cabo de Santo Agostinho,CAB_L3,14,-0.0,false,lata
135,Sukita_Laranja,Cabo de Santo Agostinho,CAB_L3,15,-0.0,false,lata
135,Budweiser_Lata,Jacarei,JAC_L1,1,-0.0,false,lata
135,Budweiser_Lata,Jacarei,JAC_L1,2,-0.0,false,lata
135,Budweiser_Lata,Jacarei,JAC_L1,3,-0.0,false,lata
135,Budweiser_Lata,Jacarei,JAC_L1,4,-0.0,false,lata
135,Budweiser_Lata,Jacarei,JAC_L1,5,-0.0,false,lata
135,Budweiser_Lata,Jacarei,JAC_L1,6,-0.0,false,lata
135,Budweiser_Lata,Jacarei,JAC_L1,7,-0.0,false,lata
135,Budweiser_Lata,Jacarei,JAC_L1,8,-0.0,false,lata
135,Budweiser_Lata,Jacarei,JAC_L1,9,-0.0,false,lata
135,Budweiser_Lata,Jacarei,JAC_L1,10,-0.0,false,lata
135,Budweiser_Lata,Jacarei,JAC_L1,11,-0.0,false,lata
135,Budweiser_Lata,Jacarei,JAC_L1,12,-0.0,false,lata
135,Budweiser_Lata,Jacarei,JAC_L1,13,-0.0,false,lata
135,Budweiser_Lata,Jacarei,JAC_L1,14,-999998.9106283,false,lata
135,Budweiser_Lata,Jacarei,JAC_L1,15,-0.0,false,lata
135,Budweiser_Lata,Jacarei,JAC_L2,1,-999999.96964945,false,lata
135,Budweiser_Lata,Jacarei,JAC_L2,2,-0.0,false,lata
135,Budweiser_Lata,Jacarei,JAC_L2,3,-0.0,false,lata
135,Budweiser_Lata,Jacarei,JAC_L2,4,-0.0,false,lata
135,Budweiser_Lata,Jacarei,JAC_L2,5,-0.0,false,lata
135,Budweiser_Lata,Jacarei,JAC_L2,6,-0.0,false,lata
135,Budweiser_Lata,Jacarei,JAC_L2,7,-0.0,false,lata
135,Budweiser_Lata,Jacarei,JAC_L2,8,-0.0,false,lata
135,Budweiser_Lata,Jacarei,JAC_L2,9,-0.0,false,lata
135,Budweiser_Lata,Jacarei,JAC_L2,10,-0.0,false,lata
135,Budweiser_Lata,Jacarei,JAC_L2,11,-0.0,false,lata
135,Budweiser_Lata,Jacarei,JAC_L2,12,-0.0,false,lata
135,Budweiser_Lata,Jacarei,JAC_L2,13,-0.0,false,lata
135,Budweiser_Lata,Jacarei,JAC_L2,14,-0.0,false,lata
135,Budweiser_Lata,Jacarei,JAC_L2,15,-0.0,false,lata
135,Budweiser_Lata,Jacarei,JAC_L3,1,-0.0,false,lata
135,Budweiser_Lata,Jacarei,JAC_L3,2,-0.0,false,lata
135,Budweiser_Lata,Jacarei,JAC_L3,3,-0.0,false,lata
135,Budweiser_Lata,Jacarei,JAC_L3,4,-0.0,false,lata
135,Budweiser_Lata,Jacarei,JAC_L3,5,-0.0,false,lata
135,Budweiser_Lata,Jacarei,JAC_L3,6,-0.0,false,lata
135,Budweiser_Lata,Jacarei,JAC_L3,7,-0.0,false,lata
135,Budweiser_Lata,Jacarei,JAC_L3,8,-0.0,false,lata
135,Budweiser_Lata,Jacarei,JAC_L3,9,-0.0,false,lata
135,Budweiser_Lata,Jacarei,JAC_L3,10,-0.0,false,lata
135,Budweiser_Lata,Jacarei,JAC_L3,11,-0.0,false,lata
135,Budweiser_Lata,Jacarei,JAC_L3,12,-0.0,false,lata
135,Budweiser_Lata,Jacarei,JAC_L3,13,-0.0,false,lata
135,Budweiser_Lata,Jacarei,JAC_L3,14,-0.0,false,lata
135,Budweiser_Lata,Jacarei,JAC_L3,15,-0.0,false,lata
135,Budweiser_Lata,Extrema,EXT_L1,1,-0.0,false,lata
135,Budweiser_Lata,Extrema,EXT_L1,2,-0.0,false,lata
135,Budweiser_Lata,Extrema,EXT_L1,3,-0.0,false,lata
135,Budweiser_Lata,Extrema,EXT_L1,4,-0.0,false,lata
135,Budweiser_Lata,Extrema,EXT_L1,5,-0.0,false,lata
135,Budweiser_Lata,Extrema,EXT_L1,6,-0.0,false,lata
135,Budweiser_Lata,Extrema,EXT_L1,7,-0.0,false,lata
135,Budweiser_Lata,Extrema,EXT_L1,8,-0.0,false,lata
135,Budweiser_Lata,Extrema,EXT_L1,9,-999999.0443723502,false,lata
135,Budweiser_Lata,Extrema,EXT_L1,10,-0.0,false,lata
135,Budweiser_Lata,Extrema,EXT_L1,11,-0.0,false,lata
135,Budweiser_Lata,Extrema,EXT_L1,12,-0.0,false,lata
135,Budweiser_Lata,Extrema,EXT_L1,13,-0.0,false,lata
135,Budweiser_Lata,Extrema,EXT_L1,14,-0.0,false,lata
135,Budweiser_Lata,Extrema,EXT_L1,15,-0.0,false,lata
135,Budweiser_Lata,Extrema,EXT_L2,1,-0.0,false,lata
135,Budweiser_Lata,Extrema,EXT_L2,2,-0.0,false,lata
135,Budweiser_Lata,Extrema,EXT_L2,3,-0.0,false,lata
135,Budweiser_Lata,Extrema,EXT_L2,4,-0.0,false,lata
135,Budweiser_Lata,Extrema,EXT_L2,5,-0.0,false,lata
135,Budweiser_Lata,Extrema,EXT_L2,6,-0.0,false,lata
135,Budweiser_Lata,Extrema,EXT_L2,7,-0.0,false,lata
135,Budweiser_Lata,Extrema,EXT_L2,8,-0.0,false,lata
135,Budweiser_Lata,Extrema,EXT_L2,9,-0.0,false,lata
135,Budweiser_Lata,Extrema,EXT_L2,10,-0.0,false,lata
135,Budweiser_Lata,Extrema,EXT_L2,11,-0.0,false,lata
135,Budweiser_Lata,Extrema,EXT_L2,12,-0.0,false,lata
135,Budweiser_Lata,Extrema,EXT_L2,13,-0.0,false,lata
135,Budweiser_Lata,Extrema,EXT_L2,14,-0.0,false,lata
135,Budweiser_Lata,Extrema,EXT_L2,15,-0.0,false,lata
135,Budweiser_Lata,Extrema,EXT_L3,1,-0.0,false,lata
135,Budweiser_Lata,Extrema,EXT_L3,2,-0.0,false,lata
135,Budweiser_Lata,Extrema,EXT_L3,3,-0.0,false,lata
135,Budweiser_Lata,Extrema,EXT_L3,4,-0.0,false,lata
135,Budweiser_Lata,Extrema,EXT_L3,5,-0.0,false,lata
135,Budweiser_Lata,Extrema,EXT_L3,6,-0.0,false,lata
135,Budweiser_Lata,Extrema,EXT_L3,7,-0.0,false,lata
135,Budweiser_Lata,Extrema,EXT_L3,8,-0.0,false,lata
135,Budweiser_Lata,Extrema,EXT_L3,9,-0.0,false,lata
135,Budweiser_Lata,Extrema,EXT_L3,10,-0.0,false,lata
135,Budweiser_Lata,Extrema,EXT_L3,11,-0.0,false,lata
135,Budweiser_Lata,Extrema,EXT_L3,12,-0.0,false,lata
135,Budweiser_Lata,Extrema,EXT_L3,13,-0.0,false,lata
135,Budweiser_Lata,Extrema,EXT_L3,14,-0.0,false,lata
135,Budweiser_Lata,Extrema,EXT_L3,15,-0.0,false,lata
135,Budweiser_Lata,Tres Rios,TRE_L1,1,-0.0,false,lata
135,Budweiser_Lata,Tres Rios,TRE_L1,2,-0.0,false,lata
135,Budweiser_Lata,Tres Rios,TRE_L1,3,-0.0,false,lata
135,Budweiser_Lata,Tres Rios,TRE_L1,4,-999999.6640137999,false,lata
135,Budweiser_Lata,Tres Rios,TRE_L1,5,-0.0,false,lata
135,Budweiser_Lata,Tres Rios,TRE_L1,6,-0.0,false,lata
135,Budweiser_Lata,Tres Rios,TRE_L1,7,-0.0,false,lata
135,Budweiser_Lata,Tres Rios,TRE_L1,8,-0.0,false,lata
135,Budweiser_Lata,Tres Rios,TRE_L1,9,-0.0,false,lata
135,Budweiser_Lata,Tres Rios,TRE_L1,10,-0.0,false,lata
135,Budweiser_Lata,Tres Rios,TRE_L1,11,-0.0,false,lata
135,Budweiser_Lata,Tres Rios,TRE_L1,12,-0.0,false,lata
135,Budweiser_Lata,Tres Rios,TRE_L1,13,-0.0,false,lata
135,Budweiser_Lata,Tres Rios,TRE_L1,14,-0.0,false,lata
135,Budweiser_Lata,Tres Rios,TRE_L1,15,-0.0,false,lata
135,Budweiser_Lata,Tres Rios,TRE_L2,1,-0.0,false,lata
135,Budweiser_Lata,Tres Rios,TRE_L2,2,-0.0,false,lata
135,Budweiser_Lata,Tres Rios,TRE_L2,3,-0.0,false,lata
135,Budweiser_Lata,Tres Rios,TRE_L2,4,-999999.6640137999,false,lata
135,Budweiser_Lata,Tres Rios,TRE_L2,5,-0.0,false,lata
135,Budweiser_Lata,Tres Rios,TRE_L2,6,-0.0,false,lata
135,Budweiser_Lata,Tres Rios,TRE_L2,7,-0.0,false,lata
135,Budweiser_Lata,Tres Rios,TRE_L2,8,-0.0,false,lata
135,Budweiser_Lata,Tres Rios,TRE_L2,9,-0.0,false,lata
135,Budweiser_Lata,Tres Rios,TRE_L2,10,-0.0,false,lata
135,Budweiser_Lata,Tres Rios,TRE_L2,11,-0.0,false,lata
135,Budweiser_Lata,Tres Rios,TRE_L2,12,-0.0,false,lata
135,Budweiser_Lata,Tres Rios,TRE_L2,13,-0.0,false,lata
135,Budweiser_Lata,Tres Rios,TRE_L2,14,-0.0,false,lata
135,Budweiser_Lata,Tres Rios,TRE_L2,15,-0.0,false,lata
135,Budweiser_Lata,Tres Rios,TRE_L3,1,-0.0,false,lata
135,Budweiser_Lata,Tres Rios,TRE_L3,2,-0.0,false,lata
135,Budweiser_Lata,Tres Rios,TRE_L3,3,-0.0,false,lata
135,Budweiser_Lata,Tres Rios,TRE_L3,4,-0.0,false,lata
135,Budweiser_Lata,Tres Rios,TRE_L3,5,-0.0,false,lata
135,Budweiser_Lata,Tres Rios,TRE_L3,6,-0.0,false,lata
135,Budweiser_Lata,Tres Rios,TRE_L3,7,-0.0,false,lata
135,Budweiser_Lata,Tres Rios,TRE_L3,8,-0.0,false,lata
135,Budweiser_Lata,Tres Rios,TRE_L3,9,-0.0,false,lata
135,Budweiser_Lata,Tres Rios,TRE_L3,10,-0.0,false,lata
135,Budweiser_Lata,Tres Rios,TRE_L3,11,-0.0,false,lata
135,Budweiser_Lata,Tres Rios,TRE_L3,12,-0.0,false,lata
135,Budweiser_Lata,Tres Rios,TRE_L3,13,-0.0,false,lata
135,Budweiser_Lata,Tres Rios,TRE_L3,14,-0.0,false,lata
135,Budweiser_Lata,Tres Rios,TRE_L3,15,-0.0,false,lata
135,Budweiser_Lata,Alagoinhas,ALA_L1,1,-999999.95226085,false,lata
135,Budweiser_Lata,Alagoinhas,ALA_L1,2,-0.0,false,lata
135,Budweiser_Lata,Alagoinhas,ALA_L1,3,-0.0,false,lata
135,Budweiser_Lata,Alagoinhas,ALA_L1,4,-999999.6122608499,false,lata
135,Budweiser_Lata,Alagoinhas,ALA_L1,5,-0.0,false,lata
135,Budweiser_Lata,Alagoinhas,ALA_L1,6,-0.0,false,lata
135,Budweiser_Lata,Alagoinhas,ALA_L1,7,-0.0,false,lata
135,Budweiser_Lata,Alagoinhas,ALA_L1,8,-0.0,false,lata
135,Budweiser_Lata,Alagoinhas,ALA_L1,9,-0.0,false,lata
135,Budweiser_Lata,Alagoinhas,ALA_L1,10,-0.0,false,lata
135,Budweiser_Lata,Alagoinhas,ALA_L1,11,-0.0,false,lata
135,Budweiser_Lata,Alagoinhas,ALA_L1,12,-0.0,false,lata
135,Budweiser_Lata,Alagoinhas,ALA_L1,13,-999998.7017001,false,lata
135,Budweiser_Lata,Alagoinhas,ALA_L1,14,-0.0,false,lata
135,Budweiser_Lata,Alagoinhas,ALA_L1,15,-0.0,false,lata
135,Budweiser_Lata,Alagoinhas,ALA_L2,1,-0.0,false,lata
135,Budweiser_Lata,Alagoinhas,ALA_L2,2,-0.0,false,lata
135,Budweiser_Lata,Alagoinhas,ALA_L2,3,-0.0,false,lata
135,Budweiser_Lata,Alagoinhas,ALA_L2,4,-0.0,false,lata
135,Budweiser_Lata,Alagoinhas,ALA_L2,5,-0.0,false,lata
135,Budweiser_Lata,Alagoinhas,ALA_L2,6,-0.0,false,lata
135,Budweiser_Lata,Alagoinhas,ALA_L2,7,-0.0,false,lata
135,Budweiser_Lata,Alagoinhas,ALA_L2,8,-0.0,false,lata
135,Budweiser_Lata,Alagoinhas,ALA_L2,9,-0.0,false,lata
135,Budweiser_Lata,Alagoinhas,ALA_L2,10,-0.0,false,lata
135,Budweiser_Lata,Alagoinhas,ALA_L2,11,-0.0,false,lata
135,Budweiser_Lata,Alagoinhas,ALA_L2,12,-0.0,false,lata
135,Budweiser_Lata,Alagoinhas,ALA_L2,13,-0.0,false,lata
135,Budweiser_Lata,Alagoinhas,ALA_L2,14,-0.0,false,lata
135,Budweiser_Lata,Alagoinhas,ALA_L2,15,-0.0,false,lata
135,Budweiser_Lata,Alagoinhas,ALA_L3,1,-0.0,false,lata
135,Budweiser_Lata,Alagoinhas,ALA_L3,2,-0.0,false,lata
135,Budweiser_Lata,Alagoinhas,ALA_L3,3,-0.0,false,lata
135,Budweiser_Lata,Alagoinhas,ALA_L3,4,-0.0,false,lata
135,Budweiser_Lata,Alagoinhas,ALA_L3,5,-0.0,false,lata
135,Budweiser_Lata,Alagoinhas,ALA_L3,6,-0.0,false,lata
135,Budweiser_Lata,Alagoinhas,ALA_L3,7,-0.0,false,lata
135,Budweiser_Lata,Alagoinhas,ALA_L3,8,-0.0,false,lata
135,Budweiser_Lata,Alagoinhas,ALA_L3,9,-0.0,false,lata
135,Budweiser_Lata,Alagoinhas,ALA_L3,10,-0.0,false,lata
135,Budweiser_Lata,Alagoinhas,ALA_L3,11,-0.0,false,lata
135,Budweiser_Lata,Alagoinhas,ALA_L3,12,-0.0,false,lata
135,Budweiser_Lata,Alagoinhas,ALA_L3,13,-0.0,false,lata
135,Budweiser_Lata,Alagoinhas,ALA_L3,14,-0.0,false,lata
135,Budweiser_Lata,Alagoinhas,ALA_L3,15,-0.0,false,lata
135,Budweiser_Lata,Frutal,FRU_L1,1,-0.0,false,lata
135,Budweiser_Lata,Frutal,FRU_L1,2,-0.0,false,lata
135,Budweiser_Lata,Frutal,FRU_L1,3,-0.0,false,lata
135,Budweiser_Lata,Frutal,FRU_L1,4,-0.0,false,lata
135,Budweiser_Lata,Frutal,FRU_L1,5,-0.0,false,lata
135,Budweiser_Lata,Frutal,FRU_L1,6,-0.0,false,lata
135,Budweiser_Lata,Frutal,FRU_L1,7,-0.0,false,lata
135,Budweiser_Lata,Frutal,FRU_L1,8,-0.0,false,lata
135,Budweiser_Lata,Frutal,FRU_L1,9,-0.0,false,lata
135,Budweiser_Lata,Frutal,FRU_L1,10,-0.0,false,lata
135,Budweiser_Lata,Frutal,FRU_L1,11,-0.0,false,lata
135,Budweiser_Lata,Frutal,FRU_L1,12,-0.0,false,lata
135,Budweiser_Lata,Frutal,FRU_L1,13,-0.0,false,lata
135,Budweiser_Lata,Frutal,FRU_L1,14,-0.0,false,lata
135,Budweiser_Lata,Frutal,FRU_L1,15,-0.0,false,lata
135,Budweiser_Lata,Frutal,FRU_L2,1,-0.0,false,lata
135,Budweiser_Lata,Frutal,FRU_L2,2,-0.0,false,lata
135,Budweiser_Lata,Frutal,FRU_L2,3,-0.0,false,lata
135,Budweiser_Lata,Frutal,FRU_L2,4,-0.0,false,lata
135,Budweiser_Lata,Frutal,FRU_L2,5,-0.0,false,lata
135,Budweiser_Lata,Frutal,FRU_L2,6,-0.0,false,lata
135,Budweiser_Lata,Frutal,FRU_L2,7,-0.0,false,lata
135,Budweiser_Lata,Frutal,FRU_L2,8,-999998.7988415501,false,lata
135,Budweiser_Lata,Frutal,FRU_L2,9,-0.0,false,lata
135,Budweiser_Lata,Frutal,FRU_L2,10,-0.0,false,lata
135,Budweiser_Lata,Frutal,FRU_L2,11,-0.0,false,lata
135,Budweiser_Lata,Frutal,FRU_L2,12,-0.0,false,lata
135,Budweiser_Lata,Frutal,FRU_L2,13,-0.0,false,lata
135,Budweiser_Lata,Frutal,FRU_L2,14,-0.0,false,lata
135,Budweiser_Lata,Frutal,FRU_L2,15,-0.0,false,lata
135,Budweiser_Lata,Frutal,FRU_L3,1,-0.0,false,lata
135,Budweiser_Lata,Frutal,FRU_L3,2,-0.0,false,lata
135,Budweiser_Lata,Frutal,FRU_L3,3,-0.0,false,lata
135,Budweiser_Lata,Frutal,FRU_L3,4,-0.0,false,lata
135,Budweiser_Lata,Frutal,FRU_L3,5,-0.0,false,lata
135,Budweiser_Lata,Frutal,FRU_L3,6,-999998.2558415501,false,lata
135,Budweiser_Lata,Frutal,FRU_L3,7,-0.0,false,lata
135,Budweiser_Lata,Frutal,FRU_L3,8,-0.0,false,lata
135,Budweiser_Lata,Frutal,FRU_L3,9,-0.0,false,lata
135,Budweiser_Lata,Frutal,FRU_L3,10,-0.0,false,lata
135,Budweiser_Lata,Frutal,FRU_L3,11,-0.0,false,lata
135,Budweiser_Lata,Frutal,FRU_L3,12,-0.0,false,lata
135,Budweiser_Lata,Frutal,FRU_L3,13,-0.0,false,lata
135,Budweiser_Lata,Frutal,FRU_L3,14,-0.0,false,lata
135,Budweiser_Lata,Frutal,FRU_L3,15,-0.0,false,lata
135,Budweiser_Lata,Pouso Alegre,POU_L1,1,-0.0,false,lata
135,Budweiser_Lata,Pouso Alegre,POU_L1,2,-0.0,false,lata
135,Budweiser_Lata,Pouso Alegre,POU_L1,3,-0.0,false,lata
135,Budweiser_Lata,Pouso Alegre,POU_L1,4,-0.0,false,lata
135,Budweiser_Lata,Pouso Alegre,POU_L1,5,-0.0,false,lata
135,Budweiser_Lata,Pouso Alegre,POU_L1,6,-0.0,false,lata
135,Budweiser_Lata,Pouso Alegre,POU_L1,7,-0.0,false,lata
135,Budweiser_Lata,Pouso Alegre,POU_L1,8,-0.0,false,lata
135,Budweiser_Lata,Pouso Alegre,POU_L1,9,-0.0,false,lata
135,Budweiser_Lata,Pouso Alegre,POU_L1,10,-0.0,false,lata
135,Budweiser_Lata,Pouso Alegre,POU_L1,11,-0.0,false,lata
135,Budweiser_Lata,Pouso Alegre,POU_L1,12,-0.0,false,lata
135,Budweiser_Lata,Pouso Alegre,POU_L1,13,-0.0,false,lata
135,Budweiser_Lata,Pouso Alegre,POU_L1,14,-0.0,false,lata
135,Budweiser_Lata,Pouso Alegre,POU_L1,15,-0.0,false,lata
135,Budweiser_Lata,Pouso Alegre,POU_L2,1,-0.0,false,lata
135,Budweiser_Lata,Pouso Alegre,POU_L2,2,-0.0,false,lata
135,Budweiser_Lata,Pouso Alegre,POU_L2,3,-0.0,false,lata
135,Budweiser_Lata,Pouso Alegre,POU_L2,4,-0.0,false,lata
135,Budweiser_Lata,Pouso Alegre,POU_L2,5,-0.0,false,lata
135,Budweiser_Lata,Pouso Alegre,POU_L2,6,-0.0,false,lata
135,Budweiser_Lata,Pouso Alegre,POU_L2,7,-0.0,false,lata
135,Budweiser_Lata,Pouso Alegre,POU_L2,8,-0.0,false,lata
135,Budweiser_Lata,Pouso Alegre,POU_L2,9,-0.0,false,lata
135,Budweiser_Lata,Pouso Alegre,POU_L2,10,-0.0,false,lata
135,Budweiser_Lata,Pouso Alegre,POU_L2,11,-0.0,false,lata
135,Budweiser_Lata,Pouso Alegre,POU_L2,12,-0.0,false,lata
135,Budweiser_Lata,Pouso Alegre,POU_L2,13,-0.0,false,lata
135,Budweiser_Lata,Pouso Alegre,POU_L2,14,-0.0,false,lata
135,Budweiser_Lata,Pouso Alegre,POU_L2,15,-0.0,false,lata
135,Budweiser_Lata,Pouso Alegre,POU_L3,1,-0.0,false,lata
135,Budweiser_Lata,Pouso Alegre,POU_L3,2,-0.0,false,lata
135,Budweiser_Lata,Pouso Alegre,POU_L3,3,-0.0,false,lata
135,Budweiser_Lata,Pouso Alegre,POU_L3,4,-0.0,false,lata
135,Budweiser_Lata,Pouso Alegre,POU_L3,5,-0.0,false,lata
135,Budweiser_Lata,Pouso Alegre,POU_L3,6,-0.0,false,lata
135,Budweiser_Lata,Pouso Alegre,POU_L3,7,-0.0,false,lata
135,Budweiser_Lata,Pouso Alegre,POU_L3,8,-0.0,false,lata
135,Budweiser_Lata,Pouso Alegre,POU_L3,9,-0.0,false,lata
135,Budweiser_Lata,Pouso Alegre,POU_L3,10,-0.0,false,lata
135,Budweiser_Lata,Pouso Alegre,POU_L3,11,-0.0,false,lata
135,Budweiser_Lata,Pouso Alegre,POU_L3,12,-0.0,false,lata
135,Budweiser_Lata,Pouso Alegre,POU_L3,13,-0.0,false,lata
135,Budweiser_Lata,Pouso Alegre,POU_L3,14,-0.0,false,lata
135,Budweiser_Lata,Pouso Alegre,POU_L3,15,-0.0,false,lata
135,Budweiser_Lata,Gama,GAM_L1,1,-1.0e6,true,lata
135,Budweiser_Lata,Gama,GAM_L1,2,-0.0,false,lata
135,Budweiser_Lata,Gama,GAM_L1,3,-0.0,false,lata
135,Budweiser_Lata,Gama,GAM_L1,4,-0.0,false,lata
135,Budweiser_Lata,Gama,GAM_L1,5,-0.0,false,lata
135,Budweiser_Lata,Gama,GAM_L1,6,-0.0,false,lata
135,Budweiser_Lata,Gama,GAM_L1,7,-0.0,false,lata
135,Budweiser_Lata,Gama,GAM_L1,8,-0.0,false,lata
135,Budweiser_Lata,Gama,GAM_L1,9,-0.0,false,lata
135,Budweiser_Lata,Gama,GAM_L1,10,-0.0,false,lata
135,Budweiser_Lata,Gama,GAM_L1,11,-0.0,false,lata
135,Budweiser_Lata,Gama,GAM_L1,12,-0.0,false,lata
135,Budweiser_Lata,Gama,GAM_L1,13,-0.0,false,lata
135,Budweiser_Lata,Gama,GAM_L1,14,-0.0,false,lata
135,Budweiser_Lata,Gama,GAM_L1,15,-0.0,false,lata
135,Budweiser_Lata,Gama,GAM_L2,1,-0.0,false,lata
135,Budweiser_Lata,Gama,GAM_L2,2,-0.0,false,lata
135,Budweiser_Lata,Gama,GAM_L2,3,-0.0,false,lata
135,Budweiser_Lata,Gama,GAM_L2,4,-0.0,false,lata
135,Budweiser_Lata,Gama,GAM_L2,5,-0.0,false,lata
135,Budweiser_Lata,Gama,GAM_L2,6,-999998.27141625,false,lata
135,Budweiser_Lata,Gama,GAM_L2,7,-0.0,false,lata
135,Budweiser_Lata,Gama,GAM_L2,8,-0.0,false,lata
135,Budweiser_Lata,Gama,GAM_L2,9,-0.0,false,lata
135,Budweiser_Lata,Gama,GAM_L2,10,-0.0,false,lata
135,Budweiser_Lata,Gama,GAM_L2,11,-999998.13185055,false,lata
135,Budweiser_Lata,Gama,GAM_L2,12,-0.0,false,lata
135,Budweiser_Lata,Gama,GAM_L2,13,-0.0,false,lata
135,Budweiser_Lata,Gama,GAM_L2,14,-0.0,false,lata
135,Budweiser_Lata,Gama,GAM_L2,15,-0.0,false,lata
135,Budweiser_Lata,Gama,GAM_L3,1,-0.0,false,lata
135,Budweiser_Lata,Gama,GAM_L3,2,-0.0,false,lata
135,Budweiser_Lata,Gama,GAM_L3,3,-0.0,false,lata
135,Budweiser_Lata,Gama,GAM_L3,4,-0.0,false,lata
135,Budweiser_Lata,Gama,GAM_L3,5,-0.0,false,lata
135,Budweiser_Lata,Gama,GAM_L3,6,-0.0,false,lata
135,Budweiser_Lata,Gama,GAM_L3,7,-0.0,false,lata
135,Budweiser_Lata,Gama,GAM_L3,8,-0.0,false,lata
135,Budweiser_Lata,Gama,GAM_L3,9,-0.0,false,lata
135,Budweiser_Lata,Gama,GAM_L3,10,-0.0,false,lata
135,Budweiser_Lata,Gama,GAM_L3,11,-0.0,false,lata
135,Budweiser_Lata,Gama,GAM_L3,12,-0.0,false,lata
135,Budweiser_Lata,Gama,GAM_L3,13,-0.0,false,lata
135,Budweiser_Lata,Gama,GAM_L3,14,-0.0,false,lata
135,Budweiser_Lata,Gama,GAM_L3,15,-0.0,false,lata
135,Budweiser_Lata,Viamao,VIA_L1,1,-0.0,false,lata
135,Budweiser_Lata,Viamao,VIA_L1,2,-0.0,false,lata
135,Budweiser_Lata,Viamao,VIA_L1,3,-0.0,false,lata
135,Budweiser_Lata,Viamao,VIA_L1,4,-0.0,false,lata
135,Budweiser_Lata,Viamao,VIA_L1,5,-0.0,false,lata
135,Budweiser_Lata,Viamao,VIA_L1,6,-0.0,false,lata
135,Budweiser_Lata,Viamao,VIA_L1,7,-999998.5458000001,false,lata
135,Budweiser_Lata,Viamao,VIA_L1,8,-0.0,false,lata
135,Budweiser_Lata,Viamao,VIA_L1,9,-0.0,false,lata
135,Budweiser_Lata,Viamao,VIA_L1,10,-0.0,false,lata
135,Budweiser_Lata,Viamao,VIA_L1,11,-0.0,false,lata
135,Budweiser_Lata,Viamao,VIA_L1,12,-0.0,false,lata
135,Budweiser_Lata,Viamao,VIA_L1,13,-0.0,false,lata
135,Budweiser_Lata,Viamao,VIA_L1,14,-999998.9492343001,false,lata
135,Budweiser_Lata,Viamao,VIA_L1,15,-0.0,false,lata
135,Budweiser_Lata,Viamao,VIA_L2,1,-0.0,false,lata
135,Budweiser_Lata,Viamao,VIA_L2,2,-0.0,false,lata
135,Budweiser_Lata,Viamao,VIA_L2,3,-0.0,false,lata
135,Budweiser_Lata,Viamao,VIA_L2,4,-0.0,false,lata
135,Budweiser_Lata,Viamao,VIA_L2,5,-0.0,false,lata
135,Budweiser_Lata,Viamao,VIA_L2,6,-0.0,false,lata
135,Budweiser_Lata,Viamao,VIA_L2,7,-0.0,false,lata
135,Budweiser_Lata,Viamao,VIA_L2,8,-999998.8173000001,false,lata
135,Budweiser_Lata,Viamao,VIA_L2,9,-0.0,false,lata
135,Budweiser_Lata,Viamao,VIA_L2,10,-0.0,false,lata
135,Budweiser_Lata,Viamao,VIA_L2,11,-0.0,false,lata
135,Budweiser_Lata,Viamao,VIA_L2,12,-0.0,false,lata
135,Budweiser_Lata,Viamao,VIA_L2,13,-0.0,false,lata
135,Budweiser_Lata,Viamao,VIA_L2,14,-0.0,false,lata
135,Budweiser_Lata,Viamao,VIA_L2,15,-0.0,false,lata
135,Budweiser_Lata,Viamao,VIA_L3,1,-0.0,false,lata
135,Budweiser_Lata,Viamao,VIA_L3,2,-0.0,false,lata
135,Budweiser_Lata,Viamao,VIA_L3,3,-0.0,false,lata
135,Budweiser_Lata,Viamao,VIA_L3,4,-0.0,false,lata
135,Budweiser_Lata,Viamao,VIA_L3,5,-0.0,false,lata
135,Budweiser_Lata,Viamao,VIA_L3,6,-0.0,false,lata
135,Budweiser_Lata,Viamao,VIA_L3,7,-0.0,false,lata
135,Budweiser_Lata,Viamao,VIA_L3,8,-0.0,false,lata
135,Budweiser_Lata,Viamao,VIA_L3,9,-0.0,false,lata
135,Budweiser_Lata,Viamao,VIA_L3,10,-0.0,false,lata
135,Budweiser_Lata,Viamao,VIA_L3,11,-0.0,false,lata
135,Budweiser_Lata,Viamao,VIA_L3,12,-0.0,false,lata
135,Budweiser_Lata,Viamao,VIA_L3,13,-0.0,false,lata
135,Budweiser_Lata,Viamao,VIA_L3,14,-0.0,false,lata
135,Budweiser_Lata,Viamao,VIA_L3,15,-0.0,false,lata
135,Budweiser_Lata,Itupeva,ITU_L1,1,-0.0,false,lata
135,Budweiser_Lata,Itupeva,ITU_L1,2,-0.0,false,lata
135,Budweiser_Lata,Itupeva,ITU_L1,3,-0.0,false,lata
135,Budweiser_Lata,Itupeva,ITU_L1,4,-0.0,false,lata
135,Budweiser_Lata,Itupeva,ITU_L1,5,-0.0,false,lata
135,Budweiser_Lata,Itupeva,ITU_L1,6,-0.0,false,lata
135,Budweiser_Lata,Itupeva,ITU_L1,7,-0.0,false,lata
135,Budweiser_Lata,Itupeva,ITU_L1,8,-0.0,false,lata
135,Budweiser_Lata,Itupeva,ITU_L1,9,-0.0,false,lata
135,Budweiser_Lata,Itupeva,ITU_L1,10,-0.0,false,lata
135,Budweiser_Lata,Itupeva,ITU_L1,11,-0.0,false,lata
135,Budweiser_Lata,Itupeva,ITU_L1,12,-0.0,false,lata
135,Budweiser_Lata,Itupeva,ITU_L1,13,-0.0,false,lata
135,Budweiser_Lata,Itupeva,ITU_L1,14,-0.0,false,lata
135,Budweiser_Lata,Itupeva,ITU_L1,15,-0.0,false,lata
135,Budweiser_Lata,Itupeva,ITU_L2,1,-0.0,false,lata
135,Budweiser_Lata,Itupeva,ITU_L2,2,-0.0,false,lata
135,Budweiser_Lata,Itupeva,ITU_L2,3,-0.0,false,lata
135,Budweiser_Lata,Itupeva,ITU_L2,4,-0.0,false,lata
135,Budweiser_Lata,Itupeva,ITU_L2,5,-0.0,false,lata
135,Budweiser_Lata,Itupeva,ITU_L2,6,-0.0,false,lata
135,Budweiser_Lata,Itupeva,ITU_L2,7,-0.0,false,lata
135,Budweiser_Lata,Itupeva,ITU_L2,8,-0.0,false,lata
135,Budweiser_Lata,Itupeva,ITU_L2,9,-999999.0464811502,false,lata
135,Budweiser_Lata,Itupeva,ITU_L2,10,-0.0,false,lata
135,Budweiser_Lata,Itupeva,ITU_L2,11,-0.0,false,lata
135,Budweiser_Lata,Itupeva,ITU_L2,12,-0.0,false,lata
135,Budweiser_Lata,Itupeva,ITU_L2,13,-0.0,false,lata
135,Budweiser_Lata,Itupeva,ITU_L2,14,-0.0,false,lata
135,Budweiser_Lata,Itupeva,ITU_L2,15,-0.0,false,lata
135,Budweiser_Lata,Itupeva,ITU_L3,1,-0.0,false,lata
135,Budweiser_Lata,Itupeva,ITU_L3,2,-0.0,false,lata
135,Budweiser_Lata,Itupeva,ITU_L3,3,-999999.3815290999,false,lata
135,Budweiser_Lata,Itupeva,ITU_L3,4,-999999.6555289499,false,lata
135,Budweiser_Lata,Itupeva,ITU_L3,5,-0.0,false,lata
135,Budweiser_Lata,Itupeva,ITU_L3,6,-0.0,false,lata
135,Budweiser_Lata,Itupeva,ITU_L3,7,-0.0,false,lata
135,Budweiser_Lata,Itupeva,ITU_L3,8,-0.0,false,lata
135,Budweiser_Lata,Itupeva,ITU_L3,9,-0.0,false,lata
135,Budweiser_Lata,Itupeva,ITU_L3,10,-0.0,false,lata
135,Budweiser_Lata,Itupeva,ITU_L3,11,-0.0,false,lata
135,Budweiser_Lata,Itupeva,ITU_L3,12,-999998.37242295,false,lata
135,Budweiser_Lata,Itupeva,ITU_L3,13,-999998.64392295,false,lata
135,Budweiser_Lata,Itupeva,ITU_L3,14,-0.0,false,lata
135,Budweiser_Lata,Itupeva,ITU_L3,15,-0.0,false,lata
135,Budweiser_Lata,Cabo de Santo Agostinho,CAB_L1,1,-0.0,false,lata
135,Budweiser_Lata,Cabo de Santo Agostinho,CAB_L1,2,-0.0,false,lata
135,Budweiser_Lata,Cabo de Santo Agostinho,CAB_L1,3,-0.0,false,lata
135,Budweiser_Lata,Cabo de Santo Agostinho,CAB_L1,4,-999999.6362013,false,lata
135,Budweiser_Lata,Cabo de Santo Agostinho,CAB_L1,5,-0.0,false,lata
135,Budweiser_Lata,Cabo de Santo Agostinho,CAB_L1,6,-0.0,false,lata
135,Budweiser_Lata,Cabo de Santo Agostinho,CAB_L1,7,-0.0,false,lata
135,Budweiser_Lata,Cabo de Santo Agostinho,CAB_L1,8,-0.0,false,lata
135,Budweiser_Lata,Cabo de Santo Agostinho,CAB_L1,9,-0.0,false,lata
135,Budweiser_Lata,Cabo de Santo Agostinho,CAB_L1,10,-0.0,false,lata
135,Budweiser_Lata,Cabo de Santo Agostinho,CAB_L1,11,-0.0,false,lata
135,Budweiser_Lata,Cabo de Santo Agostinho,CAB_L1,12,-0.0,false,lata
135,Budweiser_Lata,Cabo de Santo Agostinho,CAB_L1,13,-0.0,false,lata
135,Budweiser_Lata,Cabo de Santo Agostinho,CAB_L1,14,-999998.9968667,false,lata
135,Budweiser_Lata,Cabo de Santo Agostinho,CAB_L1,15,-0.0,false,lata
135,Budweiser_Lata,Cabo de Santo Agostinho,CAB_L2,1,-0.0,false,lata
135,Budweiser_Lata,Cabo de Santo Agostinho,CAB_L2,2,-0.0,false,lata
135,Budweiser_Lata,Cabo de Santo Agostinho,CAB_L2,3,-0.0,false,lata
135,Budweiser_Lata,Cabo de Santo Agostinho,CAB_L2,4,-0.0,false,lata
135,Budweiser_Lata,Cabo de Santo Agostinho,CAB_L2,5,-0.0,false,lata
135,Budweiser_Lata,Cabo de Santo Agostinho,CAB_L2,6,-0.0,false,lata
135,Budweiser_Lata,Cabo de Santo Agostinho,CAB_L2,7,-0.0,false,lata
135,Budweiser_Lata,Cabo de Santo Agostinho,CAB_L2,8,-0.0,false,lata
135,Budweiser_Lata,Cabo de Santo Agostinho,CAB_L2,9,-0.0,false,lata
135,Budweiser_Lata,Cabo de Santo Agostinho,CAB_L2,10,-0.0,false,lata
135,Budweiser_Lata,Cabo de Santo Agostinho,CAB_L2,11,-0.0,false,lata
135,Budweiser_Lata,Cabo de Santo Agostinho,CAB_L2,12,-0.0,false,lata
135,Budweiser_Lata,Cabo de Santo Agostinho,CAB_L2,13,-0.0,false,lata
135,Budweiser_Lata,Cabo de Santo Agostinho,CAB_L2,14,-0.0,false,lata
135,Budweiser_Lata,Cabo de Santo Agostinho,CAB_L2,15,-0.0,false,lata
135,Budweiser_Lata,Cabo de Santo Agostinho,CAB_L3,1,-0.0,false,lata
135,Budweiser_Lata,Cabo de Santo Agostinho,CAB_L3,2,-0.0,false,lata
135,Budweiser_Lata,Cabo de Santo Agostinho,CAB_L3,3,-0.0,false,lata
135,Budweiser_Lata,Cabo de Santo Agostinho,CAB_L3,4,-0.0,false,lata
135,Budweiser_Lata,Cabo de Santo Agostinho,CAB_L3,5,-0.0,false,lata
135,Budweiser_Lata,Cabo de Santo Agostinho,CAB_L3,6,-0.0,false,lata
135,Budweiser_Lata,Cabo de Santo Agostinho,CAB_L3,7,-999998.5934324,false,lata
135,Budweiser_Lata,Cabo de Santo Agostinho,CAB_L3,8,-0.0,false,lata
135,Budweiser_Lata,Cabo de Santo Agostinho,CAB_L3,9,-0.0,false,lata
135,Budweiser_Lata,Cabo de Santo Agostinho,CAB_L3,10,-0.0,false,lata
135,Budweiser_Lata,Cabo de Santo Agostinho,CAB_L3,11,-999998.1823666999,false,lata
135,Budweiser_Lata,Cabo de Santo Agostinho,CAB_L3,12,-0.0,false,lata
135,Budweiser_Lata,Cabo de Santo Agostinho,CAB_L3,13,-0.0,false,lata
135,Budweiser_Lata,Cabo de Santo Agostinho,CAB_L3,14,-0.0,false,lata
135,Budweiser_Lata,Cabo de Santo Agostinho,CAB_L3,15,-0.0,false,lata
135,Stella_Artois_Pure_Gold,Jacarei,JAC_L1,1,-0.0,false,lata
135,Stella_Artois_Pure_Gold,Jacarei,JAC_L1,2,-0.0,false,lata
135,Stella_Artois_Pure_Gold,Jacarei,JAC_L1,3,-0.0,false,lata
135,Stella_Artois_Pure_Gold,Jacarei,JAC_L1,4,-0.0,false,lata
135,Stella_Artois_Pure_Gold,Jacarei,JAC_L1,5,-0.0,false,lata
135,Stella_Artois_Pure_Gold,Jacarei,JAC_L1,6,-0.0,false,lata
135,Stella_Artois_Pure_Gold,Jacarei,JAC_L1,7,-0.0,false,lata
135,Stella_Artois_Pure_Gold,Jacarei,JAC_L1,8,-0.0,false,lata
135,Stella_Artois_Pure_Gold,Jacarei,JAC_L1,9,-0.0,false,lata
135,Stella_Artois_Pure_Gold,Jacarei,JAC_L1,10,-0.0,false,lata
135,Stella_Artois_Pure_Gold,Jacarei,JAC_L1,11,-0.0,false,lata
135,Stella_Artois_Pure_Gold,Jacarei,JAC_L1,12,-0.0,false,lata
135,Stella_Artois_Pure_Gold,Jacarei,JAC_L1,13,-0.0,false,lata
135,Stella_Artois_Pure_Gold,Jacarei,JAC_L1,14,-999999.97151655,false,lata
135,Stella_Artois_Pure_Gold,Jacarei,JAC_L1,15,-0.0,false,lata
135,Stella_Artois_Pure_Gold,Jacarei,JAC_L2,1,-0.0,false,lata
135,Stella_Artois_Pure_Gold,Jacarei,JAC_L2,2,-0.0,false,lata
135,Stella_Artois_Pure_Gold,Jacarei,JAC_L2,3,-0.0,false,lata
135,Stella_Artois_Pure_Gold,Jacarei,JAC_L2,4,-0.0,false,lata
135,Stella_Artois_Pure_Gold,Jacarei,JAC_L2,5,-0.0,false,lata
135,Stella_Artois_Pure_Gold,Jacarei,JAC_L2,6,-0.0,false,lata
135,Stella_Artois_Pure_Gold,Jacarei,JAC_L2,7,-0.0,false,lata
135,Stella_Artois_Pure_Gold,Jacarei,JAC_L2,8,-0.0,false,lata
135,Stella_Artois_Pure_Gold,Jacarei,JAC_L2,9,-0.0,false,lata
135,Stella_Artois_Pure_Gold,Jacarei,JAC_L2,10,-0.0,false,lata
135,Stella_Artois_Pure_Gold,Jacarei,JAC_L2,11,-0.0,false,lata
135,Stella_Artois_Pure_Gold,Jacarei,JAC_L2,12,-0.0,false,lata
135,Stella_Artois_Pure_Gold,Jacarei,JAC_L2,13,-0.0,false,lata
135,Stella_Artois_Pure_Gold,Jacarei,JAC_L2,14,-0.0,false,lata
135,Stella_Artois_Pure_Gold,Jacarei,JAC_L2,15,-0.0,false,lata
135,Stella_Artois_Pure_Gold,Jacarei,JAC_L3,1,-0.0,false,lata
135,Stella_Artois_Pure_Gold,Jacarei,JAC_L3,2,-0.0,false,lata
135,Stella_Artois_Pure_Gold,Jacarei,JAC_L3,3,-0.0,false,lata
135,Stella_Artois_Pure_Gold,Jacarei,JAC_L3,4,-0.0,false,lata
135,Stella_Artois_Pure_Gold,Jacarei,JAC_L3,5,-0.0,false,lata
135,Stella_Artois_Pure_Gold,Jacarei,JAC_L3,6,-0.0,false,lata
135,Stella_Artois_Pure_Gold,Jacarei,JAC_L3,7,-999999.2246609997,false,lata
135,Stella_Artois_Pure_Gold,Jacarei,JAC_L3,8,-0.0,false,lata
135,Stella_Artois_Pure_Gold,Jacarei,JAC_L3,9,-0.0,false,lata
135,Stella_Artois_Pure_Gold,Jacarei,JAC_L3,10,-0.0,false,lata
135,Stella_Artois_Pure_Gold,Jacarei,JAC_L3,11,-0.0,false,lata
135,Stella_Artois_Pure_Gold,Jacarei,JAC_L3,12,-0.0,false,lata
135,Stella_Artois_Pure_Gold,Jacarei,JAC_L3,13,-0.0,false,lata
135,Stella_Artois_Pure_Gold,Jacarei,JAC_L3,14,-0.0,false,lata
135,Stella_Artois_Pure_Gold,Jacarei,JAC_L3,15,-0.0,false,lata
135,Stella_Artois_Pure_Gold,Extrema,EXT_L1,1,-0.0,false,lata
135,Stella_Artois_Pure_Gold,Extrema,EXT_L1,2,-0.0,false,lata
135,Stella_Artois_Pure_Gold,Extrema,EXT_L1,3,-999999.9904208,false,lata
135,Stella_Artois_Pure_Gold,Extrema,EXT_L1,4,-0.0,false,lata
135,Stella_Artois_Pure_Gold,Extrema,EXT_L1,5,-0.0,false,lata
135,Stella_Artois_Pure_Gold,Extrema,EXT_L1,6,-999998.9829685502,false,lata
135,Stella_Artois_Pure_Gold,Extrema,EXT_L1,7,-0.0,false,lata
135,Stella_Artois_Pure_Gold,Extrema,EXT_L1,8,-0.0,false,lata
135,Stella_Artois_Pure_Gold,Extrema,EXT_L1,9,-0.0,false,lata
135,Stella_Artois_Pure_Gold,Extrema,EXT_L1,10,-0.0,false,lata
135,Stella_Artois_Pure_Gold,Extrema,EXT_L1,11,-0.0,false,lata
135,Stella_Artois_Pure_Gold,Extrema,EXT_L1,12,-0.0,false,lata
135,Stella_Artois_Pure_Gold,Extrema,EXT_L1,13,-0.0,false,lata
135,Stella_Artois_Pure_Gold,Extrema,EXT_L1,14,-0.0,false,lata
135,Stella_Artois_Pure_Gold,Extrema,EXT_L1,15,-0.0,false,lata
135,Stella_Artois_Pure_Gold,Extrema,EXT_L2,1,-0.0,false,lata
135,Stella_Artois_Pure_Gold,Extrema,EXT_L2,2,-0.0,false,lata
135,Stella_Artois_Pure_Gold,Extrema,EXT_L2,3,-0.0,false,lata
135,Stella_Artois_Pure_Gold,Extrema,EXT_L2,4,-0.0,false,lata
135,Stella_Artois_Pure_Gold,Extrema,EXT_L2,5,-0.0,false,lata
135,Stella_Artois_Pure_Gold,Extrema,EXT_L2,6,-0.0,false,lata
135,Stella_Artois_Pure_Gold,Extrema,EXT_L2,7,-0.0,false,lata
135,Stella_Artois_Pure_Gold,Extrema,EXT_L2,8,-0.0,false,lata
135,Stella_Artois_Pure_Gold,Extrema,EXT_L2,9,-0.0,false,lata
135,Stella_Artois_Pure_Gold,Extrema,EXT_L2,10,-0.0,false,lata
135,Stella_Artois_Pure_Gold,Extrema,EXT_L2,11,-0.0,false,lata
135,Stella_Artois_Pure_Gold,Extrema,EXT_L2,12,-0.0,false,lata
135,Stella_Artois_Pure_Gold,Extrema,EXT_L2,13,-0.0,false,lata
135,Stella_Artois_Pure_Gold,Extrema,EXT_L2,14,-999999.96886985,false,lata
135,Stella_Artois_Pure_Gold,Extrema,EXT_L2,15,-0.0,false,lata
135,Stella_Artois_Pure_Gold,Extrema,EXT_L3,1,-0.0,false,lata
135,Stella_Artois_Pure_Gold,Extrema,EXT_L3,2,-0.0,false,lata
135,Stella_Artois_Pure_Gold,Extrema,EXT_L3,3,-0.0,false,lata
135,Stella_Artois_Pure_Gold,Extrema,EXT_L3,4,-0.0,false,lata
135,Stella_Artois_Pure_Gold,Extrema,EXT_L3,5,-0.0,false,lata
135,Stella_Artois_Pure_Gold,Extrema,EXT_L3,6,-0.0,false,lata
135,Stella_Artois_Pure_Gold,Extrema,EXT_L3,7,-0.0,false,lata
135,Stella_Artois_Pure_Gold,Extrema,EXT_L3,8,-0.0,false,lata
135,Stella_Artois_Pure_Gold,Extrema,EXT_L3,9,-0.0,false,lata
135,Stella_Artois_Pure_Gold,Extrema,EXT_L3,10,-0.0,false,lata
135,Stella_Artois_Pure_Gold,Extrema,EXT_L3,11,-0.0,false,lata
135,Stella_Artois_Pure_Gold,Extrema,EXT_L3,12,-0.0,false,lata
135,Stella_Artois_Pure_Gold,Extrema,EXT_L3,13,-0.0,false,lata
135,Stella_Artois_Pure_Gold,Extrema,EXT_L3,14,-0.0,false,lata
135,Stella_Artois_Pure_Gold,Extrema,EXT_L3,15,-0.0,false,lata
135,Stella_Artois_Pure_Gold,Tres Rios,TRE_L1,1,-0.0,false,lata
135,Stella_Artois_Pure_Gold,Tres Rios,TRE_L1,2,-0.0,false,lata
135,Stella_Artois_Pure_Gold,Tres Rios,TRE_L1,3,-0.0,false,lata
135,Stella_Artois_Pure_Gold,Tres Rios,TRE_L1,4,-0.0,false,lata
135,Stella_Artois_Pure_Gold,Tres Rios,TRE_L1,5,-0.0,false,lata
135,Stella_Artois_Pure_Gold,Tres Rios,TRE_L1,6,-0.0,false,lata
135,Stella_Artois_Pure_Gold,Tres Rios,TRE_L1,7,-0.0,false,lata
135,Stella_Artois_Pure_Gold,Tres Rios,TRE_L1,8,-0.0,false,lata
135,Stella_Artois_Pure_Gold,Tres Rios,TRE_L1,9,-0.0,false,lata
135,Stella_Artois_Pure_Gold,Tres Rios,TRE_L1,10,-0.0,false,lata
135,Stella_Artois_Pure_Gold,Tres Rios,TRE_L1,11,-0.0,false,lata
135,Stella_Artois_Pure_Gold,Tres Rios,TRE_L1,12,-0.0,false,lata
135,Stella_Artois_Pure_Gold,Tres Rios,TRE_L1,13,-0.0,false,lata
135,Stella_Artois_Pure_Gold,Tres Rios,TRE_L1,14,-0.0,false,lata
135,Stella_Artois_Pure_Gold,Tres Rios,TRE_L1,15,-0.0,false,lata
135,Stella_Artois_Pure_Gold,Tres Rios,TRE_L2,1,-0.0,false,lata
135,Stella_Artois_Pure_Gold,Tres Rios,TRE_L2,2,-999999.7299001999,false,lata
135,Stella_Artois_Pure_Gold,Tres Rios,TRE_L2,3,-0.0,false,lata
135,Stella_Artois_Pure_Gold,Tres Rios,TRE_L2,4,-0.0,false,lata
135,Stella_Artois_Pure_Gold,Tres Rios,TRE_L2,5,-999999.9949095501,false,lata
135,Stella_Artois_Pure_Gold,Tres Rios,TRE_L2,6,-0.0,false,lata
135,Stella_Artois_Pure_Gold,Tres Rios,TRE_L2,7,-0.0,false,lata
135,Stella_Artois_Pure_Gold,Tres Rios,TRE_L2,8,-0.0,false,lata
135,Stella_Artois_Pure_Gold,Tres Rios,TRE_L2,9,-0.0,false,lata
135,Stella_Artois_Pure_Gold,Tres Rios,TRE_L2,10,-0.0,false,lata
135,Stella_Artois_Pure_Gold,Tres Rios,TRE_L2,11,-0.0,false,lata
135,Stella_Artois_Pure_Gold,Tres Rios,TRE_L2,12,-0.0,false,lata
135,Stella_Artois_Pure_Gold,Tres Rios,TRE_L2,13,-0.0,false,lata
135,Stella_Artois_Pure_Gold,Tres Rios,TRE_L2,14,-0.0,false,lata
135,Stella_Artois_Pure_Gold,Tres Rios,TRE_L2,15,-0.0,false,lata
135,Stella_Artois_Pure_Gold,Tres Rios,TRE_L3,1,-0.0,false,lata
135,Stella_Artois_Pure_Gold,Tres Rios,TRE_L3,2,-0.0,false,lata
135,Stella_Artois_Pure_Gold,Tres Rios,TRE_L3,3,-1.0e6,true,lata
135,Stella_Artois_Pure_Gold,Tres Rios,TRE_L3,4,-0.0,false,lata
135,Stella_Artois_Pure_Gold,Tres Rios,TRE_L3,5,-0.0,false,lata
135,Stella_Artois_Pure_Gold,Tres Rios,TRE_L3,6,-0.0,false,lata
135,Stella_Artois_Pure_Gold,Tres Rios,TRE_L3,7,-0.0,false,lata
135,Stella_Artois_Pure_Gold,Tres Rios,TRE_L3,8,-999999.5056206498,false,lata
135,Stella_Artois_Pure_Gold,Tres Rios,TRE_L3,9,-0.0,false,lata
135,Stella_Artois_Pure_Gold,Tres Rios,TRE_L3,10,-0.0,false,lata
135,Stella_Artois_Pure_Gold,Tres Rios,TRE_L3,11,-0.0,false,lata
135,Stella_Artois_Pure_Gold,Tres Rios,TRE_L3,12,-0.0,false,lata
135,Stella_Artois_Pure_Gold,Tres Rios,TRE_L3,13,-0.0,false,lata
135,Stella_Artois_Pure_Gold,Tres Rios,TRE_L3,14,-0.0,false,lata
135,Stella_Artois_Pure_Gold,Tres Rios,TRE_L3,15,-0.0,false,lata
135,Stella_Artois_Pure_Gold,Alagoinhas,ALA_L1,1,-0.0,false,lata
135,Stella_Artois_Pure_Gold,Alagoinhas,ALA_L1,2,-0.0,false,lata
135,Stella_Artois_Pure_Gold,Alagoinhas,ALA_L1,3,-0.0,false,lata
135,Stella_Artois_Pure_Gold,Alagoinhas,ALA_L1,4,-0.0,false,lata
135,Stella_Artois_Pure_Gold,Alagoinhas,ALA_L1,5,-0.0,false,lata
135,Stella_Artois_Pure_Gold,Alagoinhas,ALA_L1,6,-0.0,false,lata
135,Stella_Artois_Pure_Gold,Alagoinhas,ALA_L1,7,-0.0,false,lata
135,Stella_Artois_Pure_Gold,Alagoinhas,ALA_L1,8,-0.0,false,lata
135,Stella_Artois_Pure_Gold,Alagoinhas,ALA_L1,9,-999999.8177379498,false,lata
135,Stella_Artois_Pure_Gold,Alagoinhas,ALA_L1,10,-0.0,false,lata
135,Stella_Artois_Pure_Gold,Alagoinhas,ALA_L1,11,-0.0,false,lata
135,Stella_Artois_Pure_Gold,Alagoinhas,ALA_L1,12,-0.0,false,lata
135,Stella_Artois_Pure_Gold,Alagoinhas,ALA_L1,13,-0.0,false,lata
135,Stella_Artois_Pure_Gold,Alagoinhas,ALA_L1,14,-0.0,false,lata
135,Stella_Artois_Pure_Gold,Alagoinhas,ALA_L1,15,-0.0,false,lata
135,Stella_Artois_Pure_Gold,Alagoinhas,ALA_L2,1,-1.0e6,true,lata
135,Stella_Artois_Pure_Gold,Alagoinhas,ALA_L2,2,-0.0,false,lata
135,Stella_Artois_Pure_Gold,Alagoinhas,ALA_L2,3,-0.0,false,lata
135,Stella_Artois_Pure_Gold,Alagoinhas,ALA_L2,4,-0.0,false,lata
135,Stella_Artois_Pure_Gold,Alagoinhas,ALA_L2,5,-0.0,false,lata
135,Stella_Artois_Pure_Gold,Alagoinhas,ALA_L2,6,-0.0,false,lata
135,Stella_Artois_Pure_Gold,Alagoinhas,ALA_L2,7,-0.0,false,lata
135,Stella_Artois_Pure_Gold,Alagoinhas,ALA_L2,8,-0.0,false,lata
135,Stella_Artois_Pure_Gold,Alagoinhas,ALA_L2,9,-0.0,false,lata
135,Stella_Artois_Pure_Gold,Alagoinhas,ALA_L2,10,-0.0,false,lata
135,Stella_Artois_Pure_Gold,Alagoinhas,ALA_L2,11,-0.0,false,lata
135,Stella_Artois_Pure_Gold,Alagoinhas,ALA_L2,12,-0.0,false,lata
135,Stella_Artois_Pure_Gold,Alagoinhas,ALA_L2,13,-0.0,false,lata
135,Stella_Artois_Pure_Gold,Alagoinhas,ALA_L2,14,-0.0,false,lata
135,Stella_Artois_Pure_Gold,Alagoinhas,ALA_L2,15,-0.0,false,lata
135,Stella_Artois_Pure_Gold,Alagoinhas,ALA_L3,1,-0.0,false,lata
135,Stella_Artois_Pure_Gold,Alagoinhas,ALA_L3,2,-0.0,false,lata
135,Stella_Artois_Pure_Gold,Alagoinhas,ALA_L3,3,-0.0,false,lata
135,Stella_Artois_Pure_Gold,Alagoinhas,ALA_L3,4,-0.0,false,lata
135,Stella_Artois_Pure_Gold,Alagoinhas,ALA_L3,5,-0.0,false,lata
135,Stella_Artois_Pure_Gold,Alagoinhas,ALA_L3,6,-0.0,false,lata
135,Stella_Artois_Pure_Gold,Alagoinhas,ALA_L3,7,-0.0,false,lata
135,Stella_Artois_Pure_Gold,Alagoinhas,ALA_L3,8,-0.0,false,lata
135,Stella_Artois_Pure_Gold,Alagoinhas,ALA_L3,9,-0.0,false,lata
135,Stella_Artois_Pure_Gold,Alagoinhas,ALA_L3,10,-0.0,false,lata
135,Stella_Artois_Pure_Gold,Alagoinhas,ALA_L3,11,-0.0,false,lata
135,Stella_Artois_Pure_Gold,Alagoinhas,ALA_L3,12,-0.0,false,lata
135,Stella_Artois_Pure_Gold,Alagoinhas,ALA_L3,13,-0.0,false,lata
135,Stella_Artois_Pure_Gold,Alagoinhas,ALA_L3,14,-0.0,false,lata
135,Stella_Artois_Pure_Gold,Alagoinhas,ALA_L3,15,-0.0,false,lata
135,Stella_Artois_Pure_Gold,Frutal,FRU_L1,1,-0.0,false,lata
135,Stella_Artois_Pure_Gold,Frutal,FRU_L1,2,-0.0,false,lata
135,Stella_Artois_Pure_Gold,Frutal,FRU_L1,3,-0.0,false,lata
135,Stella_Artois_Pure_Gold,Frutal,FRU_L1,4,-999999.7905408001,false,lata
135,Stella_Artois_Pure_Gold,Frutal,FRU_L1,5,-0.0,false,lata
135,Stella_Artois_Pure_Gold,Frutal,FRU_L1,6,-0.0,false,lata
135,Stella_Artois_Pure_Gold,Frutal,FRU_L1,7,-0.0,false,lata
135,Stella_Artois_Pure_Gold,Frutal,FRU_L1,8,-0.0,false,lata
135,Stella_Artois_Pure_Gold,Frutal,FRU_L1,9,-0.0,false,lata
135,Stella_Artois_Pure_Gold,Frutal,FRU_L1,10,-0.0,false,lata
135,Stella_Artois_Pure_Gold,Frutal,FRU_L1,11,-999999.930885,false,lata
135,Stella_Artois_Pure_Gold,Frutal,FRU_L1,12,-0.0,false,lata
135,Stella_Artois_Pure_Gold,Frutal,FRU_L1,13,-0.0,false,lata
135,Stella_Artois_Pure_Gold,Frutal,FRU_L1,14,-0.0,false,lata
135,Stella_Artois_Pure_Gold,Frutal,FRU_L1,15,-0.0,false,lata
135,Stella_Artois_Pure_Gold,Frutal,FRU_L2,1,-0.0,false,lata
135,Stella_Artois_Pure_Gold,Frutal,FRU_L2,2,-0.0,false,lata
135,Stella_Artois_Pure_Gold,Frutal,FRU_L2,3,-0.0,false,lata
135,Stella_Artois_Pure_Gold,Frutal,FRU_L2,4,-999999.7905408001,false,lata
135,Stella_Artois_Pure_Gold,Frutal,FRU_L2,5,-0.0,false,lata
135,Stella_Artois_Pure_Gold,Frutal,FRU_L2,6,-0.0,false,lata
135,Stella_Artois_Pure_Gold,Frutal,FRU_L2,7,-0.0,false,lata
135,Stella_Artois_Pure_Gold,Frutal,FRU_L2,8,-0.0,false,lata
135,Stella_Artois_Pure_Gold,Frutal,FRU_L2,9,-0.0,false,lata
135,Stella_Artois_Pure_Gold,Frutal,FRU_L2,10,-0.0,false,lata
135,Stella_Artois_Pure_Gold,Frutal,FRU_L2,11,-0.0,false,lata
135,Stella_Artois_Pure_Gold,Frutal,FRU_L2,12,-0.0,false,lata
135,Stella_Artois_Pure_Gold,Frutal,FRU_L2,13,-0.0,false,lata
135,Stella_Artois_Pure_Gold,Frutal,FRU_L2,14,-0.0,false,lata
135,Stella_Artois_Pure_Gold,Frutal,FRU_L2,15,-0.0,false,lata
135,Stella_Artois_Pure_Gold,Frutal,FRU_L3,1,-0.0,false,lata
135,Stella_Artois_Pure_Gold,Frutal,FRU_L3,2,-0.0,false,lata
135,Stella_Artois_Pure_Gold,Frutal,FRU_L3,3,-0.0,false,lata
135,Stella_Artois_Pure_Gold,Frutal,FRU_L3,4,-0.0,false,lata
135,Stella_Artois_Pure_Gold,Frutal,FRU_L3,5,-1.0e6,true,lata
135,Stella_Artois_Pure_Gold,Frutal,FRU_L3,6,-0.0,false,lata
135,Stella_Artois_Pure_Gold,Frutal,FRU_L3,7,-0.0,false,lata
135,Stella_Artois_Pure_Gold,Frutal,FRU_L3,8,-0.0,false,lata
135,Stella_Artois_Pure_Gold,Frutal,FRU_L3,9,-0.0,false,lata
135,Stella_Artois_Pure_Gold,Frutal,FRU_L3,10,-0.0,false,lata
135,Stella_Artois_Pure_Gold,Frutal,FRU_L3,11,-999999.9646800001,false,lata
135,Stella_Artois_Pure_Gold,Frutal,FRU_L3,12,-0.0,false,lata
135,Stella_Artois_Pure_Gold,Frutal,FRU_L3,13,-0.0,false,lata
135,Stella_Artois_Pure_Gold,Frutal,FRU_L3,14,-0.0,false,lata
135,Stella_Artois_Pure_Gold,Frutal,FRU_L3,15,-0.0,false,lata
135,Stella_Artois_Pure_Gold,Pouso Alegre,POU_L1,1,-999999.9566173999,false,lata
135,Stella_Artois_Pure_Gold,Pouso Alegre,POU_L1,2,-0.0,false,lata
135,Stella_Artois_Pure_Gold,Pouso Alegre,POU_L1,3,-0.0,false,lata
135,Stella_Artois_Pure_Gold,Pouso Alegre,POU_L1,4,-0.0,false,lata
135,Stella_Artois_Pure_Gold,Pouso Alegre,POU_L1,5,-0.0,false,lata
135,Stella_Artois_Pure_Gold,Pouso Alegre,POU_L1,6,-0.0,false,lata
135,Stella_Artois_Pure_Gold,Pouso Alegre,POU_L1,7,-0.0,false,lata
135,Stella_Artois_Pure_Gold,Pouso Alegre,POU_L1,8,-0.0,false,lata
135,Stella_Artois_Pure_Gold,Pouso Alegre,POU_L1,9,-0.0,false,lata
135,Stella_Artois_Pure_Gold,Pouso Alegre,POU_L1,10,-0.0,false,lata
135,Stella_Artois_Pure_Gold,Pouso Alegre,POU_L1,11,-0.0,false,lata
135,Stella_Artois_Pure_Gold,Pouso Alegre,POU_L1,12,-0.0,false,lata
135,Stella_Artois_Pure_Gold,Pouso Alegre,POU_L1,13,-0.0,false,lata
135,Stella_Artois_Pure_Gold,Pouso Alegre,POU_L1,14,-0.0,false,lata
135,Stella_Artois_Pure_Gold,Pouso Alegre,POU_L1,15,-0.0,false,lata
135,Stella_Artois_Pure_Gold,Pouso Alegre,POU_L2,1,-0.0,false,lata
135,Stella_Artois_Pure_Gold,Pouso Alegre,POU_L2,2,-0.0,false,lata
135,Stella_Artois_Pure_Gold,Pouso Alegre,POU_L2,3,-0.0,false,lata
135,Stella_Artois_Pure_Gold,Pouso Alegre,POU_L2,4,-0.0,false,lata
135,Stella_Artois_Pure_Gold,Pouso Alegre,POU_L2,5,-0.0,false,lata
135,Stella_Artois_Pure_Gold,Pouso Alegre,POU_L2,6,-0.0,false,lata
135,Stella_Artois_Pure_Gold,Pouso Alegre,POU_L2,7,-0.0,false,lata
135,Stella_Artois_Pure_Gold,Pouso Alegre,POU_L2,8,-0.0,false,lata
135,Stella_Artois_Pure_Gold,Pouso Alegre,POU_L2,9,-0.0,false,lata
135,Stella_Artois_Pure_Gold,Pouso Alegre,POU_L2,10,-0.0,false,lata
135,Stella_Artois_Pure_Gold,Pouso Alegre,POU_L2,11,-0.0,false,lata
135,Stella_Artois_Pure_Gold,Pouso Alegre,POU_L2,12,-0.0,false,lata
135,Stella_Artois_Pure_Gold,Pouso Alegre,POU_L2,13,-0.0,false,lata
135,Stella_Artois_Pure_Gold,Pouso Alegre,POU_L2,14,-0.0,false,lata
135,Stella_Artois_Pure_Gold,Pouso Alegre,POU_L2,15,-0.0,false,lata
135,Stella_Artois_Pure_Gold,Pouso Alegre,POU_L3,1,-0.0,false,lata
135,Stella_Artois_Pure_Gold,Pouso Alegre,POU_L3,2,-0.0,false,lata
135,Stella_Artois_Pure_Gold,Pouso Alegre,POU_L3,3,-0.0,false,lata
135,Stella_Artois_Pure_Gold,Pouso Alegre,POU_L3,4,-0.0,false,lata
135,Stella_Artois_Pure_Gold,Pouso Alegre,POU_L3,5,-0.0,false,lata
135,Stella_Artois_Pure_Gold,Pouso Alegre,POU_L3,6,-999998.9824675001,false,lata
135,Stella_Artois_Pure_Gold,Pouso Alegre,POU_L3,7,-0.0,false,lata
135,Stella_Artois_Pure_Gold,Pouso Alegre,POU_L3,8,-0.0,false,lata
135,Stella_Artois_Pure_Gold,Pouso Alegre,POU_L3,9,-0.0,false,lata
135,Stella_Artois_Pure_Gold,Pouso Alegre,POU_L3,10,-0.0,false,lata
135,Stella_Artois_Pure_Gold,Pouso Alegre,POU_L3,11,-0.0,false,lata
135,Stella_Artois_Pure_Gold,Pouso Alegre,POU_L3,12,-0.0,false,lata
135,Stella_Artois_Pure_Gold,Pouso Alegre,POU_L3,13,-0.0,false,lata
135,Stella_Artois_Pure_Gold,Pouso Alegre,POU_L3,14,-0.0,false,lata
135,Stella_Artois_Pure_Gold,Pouso Alegre,POU_L3,15,-0.0,false,lata
135,Stella_Artois_Pure_Gold,Gama,GAM_L1,1,-999999.9590501499,false,lata
135,Stella_Artois_Pure_Gold,Gama,GAM_L1,2,-0.0,false,lata
135,Stella_Artois_Pure_Gold,Gama,GAM_L1,3,-0.0,false,lata
135,Stella_Artois_Pure_Gold,Gama,GAM_L1,4,-0.0,false,lata
135,Stella_Artois_Pure_Gold,Gama,GAM_L1,5,-0.0,false,lata
135,Stella_Artois_Pure_Gold,Gama,GAM_L1,6,-0.0,false,lata
135,Stella_Artois_Pure_Gold,Gama,GAM_L1,7,-0.0,false,lata
135,Stella_Artois_Pure_Gold,Gama,GAM_L1,8,-0.0,false,lata
135,Stella_Artois_Pure_Gold,Gama,GAM_L1,9,-0.0,false,lata
135,Stella_Artois_Pure_Gold,Gama,GAM_L1,10,-0.0,false,lata
135,Stella_Artois_Pure_Gold,Gama,GAM_L1,11,-0.0,false,lata
135,Stella_Artois_Pure_Gold,Gama,GAM_L1,12,-0.0,false,lata
135,Stella_Artois_Pure_Gold,Gama,GAM_L1,13,-0.0,false,lata
135,Stella_Artois_Pure_Gold,Gama,GAM_L1,14,-0.0,false,lata
135,Stella_Artois_Pure_Gold,Gama,GAM_L1,15,-0.0,false,lata
135,Stella_Artois_Pure_Gold,Gama,GAM_L2,1,-0.0,false,lata
135,Stella_Artois_Pure_Gold,Gama,GAM_L2,2,-999999.7222526999,false,lata
135,Stella_Artois_Pure_Gold,Gama,GAM_L2,3,-0.0,false,lata
135,Stella_Artois_Pure_Gold,Gama,GAM_L2,4,-0.0,false,lata
135,Stella_Artois_Pure_Gold,Gama,GAM_L2,5,-999999.98726205,false,lata
135,Stella_Artois_Pure_Gold,Gama,GAM_L2,6,-0.0,false,lata
135,Stella_Artois_Pure_Gold,Gama,GAM_L2,7,-0.0,false,lata
135,Stella_Artois_Pure_Gold,Gama,GAM_L2,8,-0.0,false,lata
135,Stella_Artois_Pure_Gold,Gama,GAM_L2,9,-0.0,false,lata
135,Stella_Artois_Pure_Gold,Gama,GAM_L2,10,-0.0,false,lata
135,Stella_Artois_Pure_Gold,Gama,GAM_L2,11,-0.0,false,lata
135,Stella_Artois_Pure_Gold,Gama,GAM_L2,12,-0.0,false,lata
135,Stella_Artois_Pure_Gold,Gama,GAM_L2,13,-999999.7161623999,false,lata
135,Stella_Artois_Pure_Gold,Gama,GAM_L2,14,-0.0,false,lata
135,Stella_Artois_Pure_Gold,Gama,GAM_L2,15,-0.0,false,lata
135,Stella_Artois_Pure_Gold,Gama,GAM_L3,1,-0.0,false,lata
135,Stella_Artois_Pure_Gold,Gama,GAM_L3,2,-0.0,false,lata
135,Stella_Artois_Pure_Gold,Gama,GAM_L3,3,-0.0,false,lata
135,Stella_Artois_Pure_Gold,Gama,GAM_L3,4,-0.0,false,lata
135,Stella_Artois_Pure_Gold,Gama,GAM_L3,5,-0.0,false,lata
135,Stella_Artois_Pure_Gold,Gama,GAM_L3,6,-0.0,false,lata
135,Stella_Artois_Pure_Gold,Gama,GAM_L3,7,-0.0,false,lata
135,Stella_Artois_Pure_Gold,Gama,GAM_L3,8,-0.0,false,lata
135,Stella_Artois_Pure_Gold,Gama,GAM_L3,9,-0.0,false,lata
135,Stella_Artois_Pure_Gold,Gama,GAM_L3,10,-0.0,false,lata
135,Stella_Artois_Pure_Gold,Gama,GAM_L3,11,-0.0,false,lata
135,Stella_Artois_Pure_Gold,Gama,GAM_L3,12,-0.0,false,lata
135,Stella_Artois_Pure_Gold,Gama,GAM_L3,13,-0.0,false,lata
135,Stella_Artois_Pure_Gold,Gama,GAM_L3,14,-0.0,false,lata
135,Stella_Artois_Pure_Gold,Gama,GAM_L3,15,-0.0,false,lata
135,Stella_Artois_Pure_Gold,Viamao,VIA_L1,1,-0.0,false,lata
135,Stella_Artois_Pure_Gold,Viamao,VIA_L1,2,-0.0,false,lata
135,Stella_Artois_Pure_Gold,Viamao,VIA_L1,3,-0.0,false,lata
135,Stella_Artois_Pure_Gold,Viamao,VIA_L1,4,-0.0,false,lata
135,Stella_Artois_Pure_Gold,Viamao,VIA_L1,5,-0.0,false,lata
135,Stella_Artois_Pure_Gold,Viamao,VIA_L1,6,-0.0,false,lata
135,Stella_Artois_Pure_Gold,Viamao,VIA_L1,7,-0.0,false,lata
135,Stella_Artois_Pure_Gold,Viamao,VIA_L1,8,-0.0,false,lata
135,Stella_Artois_Pure_Gold,Viamao,VIA_L1,9,-0.0,false,lata
135,Stella_Artois_Pure_Gold,Viamao,VIA_L1,10,-0.0,false,lata
135,Stella_Artois_Pure_Gold,Viamao,VIA_L1,11,-0.0,false,lata
135,Stella_Artois_Pure_Gold,Viamao,VIA_L1,12,-0.0,false,lata
135,Stella_Artois_Pure_Gold,Viamao,VIA_L1,13,-0.0,false,lata
135,Stella_Artois_Pure_Gold,Viamao,VIA_L1,14,-0.0,false,lata
135,Stella_Artois_Pure_Gold,Viamao,VIA_L1,15,-0.0,false,lata
135,Stella_Artois_Pure_Gold,Viamao,VIA_L2,1,-0.0,false,lata
135,Stella_Artois_Pure_Gold,Viamao,VIA_L2,2,-0.0,false,lata
135,Stella_Artois_Pure_Gold,Viamao,VIA_L2,3,-0.0,false,lata
135,Stella_Artois_Pure_Gold,Viamao,VIA_L2,4,-0.0,false,lata
135,Stella_Artois_Pure_Gold,Viamao,VIA_L2,5,-0.0,false,lata
135,Stella_Artois_Pure_Gold,Viamao,VIA_L2,6,-0.0,false,lata
135,Stella_Artois_Pure_Gold,Viamao,VIA_L2,7,-0.0,false,lata
135,Stella_Artois_Pure_Gold,Viamao,VIA_L2,8,-999999.5287717998,false,lata
135,Stella_Artois_Pure_Gold,Viamao,VIA_L2,9,-0.0,false,lata
135,Stella_Artois_Pure_Gold,Viamao,VIA_L2,10,-0.0,false,lata
135,Stella_Artois_Pure_Gold,Viamao,VIA_L2,11,-0.0,false,lata
135,Stella_Artois_Pure_Gold,Viamao,VIA_L2,12,-0.0,false,lata
135,Stella_Artois_Pure_Gold,Viamao,VIA_L2,13,-0.0,false,lata
135,Stella_Artois_Pure_Gold,Viamao,VIA_L2,14,-0.0,false,lata
135,Stella_Artois_Pure_Gold,Viamao,VIA_L2,15,-0.0,false,lata
135,Stella_Artois_Pure_Gold,Viamao,VIA_L3,1,-0.0,false,lata
135,Stella_Artois_Pure_Gold,Viamao,VIA_L3,2,-0.0,false,lata
135,Stella_Artois_Pure_Gold,Viamao,VIA_L3,3,-0.0,false,lata
135,Stella_Artois_Pure_Gold,Viamao,VIA_L3,4,-0.0,false,lata
135,Stella_Artois_Pure_Gold,Viamao,VIA_L3,5,-0.0,false,lata
135,Stella_Artois_Pure_Gold,Viamao,VIA_L3,6,-0.0,false,lata
135,Stella_Artois_Pure_Gold,Viamao,VIA_L3,7,-999999.1860549997,false,lata
135,Stella_Artois_Pure_Gold,Viamao,VIA_L3,8,-0.0,false,lata
135,Stella_Artois_Pure_Gold,Viamao,VIA_L3,9,-0.0,false,lata
135,Stella_Artois_Pure_Gold,Viamao,VIA_L3,10,-0.0,false,lata
135,Stella_Artois_Pure_Gold,Viamao,VIA_L3,11,-0.0,false,lata
135,Stella_Artois_Pure_Gold,Viamao,VIA_L3,12,-0.0,false,lata
135,Stella_Artois_Pure_Gold,Viamao,VIA_L3,13,-0.0,false,lata
135,Stella_Artois_Pure_Gold,Viamao,VIA_L3,14,-1.0e6,true,lata
135,Stella_Artois_Pure_Gold,Viamao,VIA_L3,15,-0.0,false,lata
135,Stella_Artois_Pure_Gold,Itupeva,ITU_L1,1,-0.0,false,lata
135,Stella_Artois_Pure_Gold,Itupeva,ITU_L1,2,-0.0,false,lata
135,Stella_Artois_Pure_Gold,Itupeva,ITU_L1,3,-0.0,false,lata
135,Stella_Artois_Pure_Gold,Itupeva,ITU_L1,4,-0.0,false,lata
135,Stella_Artois_Pure_Gold,Itupeva,ITU_L1,5,-0.0,false,lata
135,Stella_Artois_Pure_Gold,Itupeva,ITU_L1,6,-0.0,false,lata
135,Stella_Artois_Pure_Gold,Itupeva,ITU_L1,7,-0.0,false,lata
135,Stella_Artois_Pure_Gold,Itupeva,ITU_L1,8,-0.0,false,lata
135,Stella_Artois_Pure_Gold,Itupeva,ITU_L1,9,-0.0,false,lata
135,Stella_Artois_Pure_Gold,Itupeva,ITU_L1,10,-0.0,false,lata
135,Stella_Artois_Pure_Gold,Itupeva,ITU_L1,11,-0.0,false,lata
135,Stella_Artois_Pure_Gold,Itupeva,ITU_L1,12,-0.0,false,lata
135,Stella_Artois_Pure_Gold,Itupeva,ITU_L1,13,-0.0,false,lata
135,Stella_Artois_Pure_Gold,Itupeva,ITU_L1,14,-0.0,false,lata
135,Stella_Artois_Pure_Gold,Itupeva,ITU_L1,15,-0.0,false,lata
135,Stella_Artois_Pure_Gold,Itupeva,ITU_L2,1,-0.0,false,lata
135,Stella_Artois_Pure_Gold,Itupeva,ITU_L2,2,-0.0,false,lata
135,Stella_Artois_Pure_Gold,Itupeva,ITU_L2,3,-0.0,false,lata
135,Stella_Artois_Pure_Gold,Itupeva,ITU_L2,4,-0.0,false,lata
135,Stella_Artois_Pure_Gold,Itupeva,ITU_L2,5,-0.0,false,lata
135,Stella_Artois_Pure_Gold,Itupeva,ITU_L2,6,-0.0,false,lata
135,Stella_Artois_Pure_Gold,Itupeva,ITU_L2,7,-0.0,false,lata
135,Stella_Artois_Pure_Gold,Itupeva,ITU_L2,8,-0.0,false,lata
135,Stella_Artois_Pure_Gold,Itupeva,ITU_L2,9,-999999.7612924998,false,lata
135,Stella_Artois_Pure_Gold,Itupeva,ITU_L2,10,-0.0,false,lata
135,Stella_Artois_Pure_Gold,Itupeva,ITU_L2,11,-0.0,false,lata
135,Stella_Artois_Pure_Gold,Itupeva,ITU_L2,12,-0.0,false,lata
135,Stella_Artois_Pure_Gold,Itupeva,ITU_L2,13,-0.0,false,lata
135,Stella_Artois_Pure_Gold,Itupeva,ITU_L2,14,-0.0,false,lata
135,Stella_Artois_Pure_Gold,Itupeva,ITU_L2,15,-0.0,false,lata
135,Stella_Artois_Pure_Gold,Itupeva,ITU_L3,1,-0.0,false,lata
135,Stella_Artois_Pure_Gold,Itupeva,ITU_L3,2,-0.0,false,lata
135,Stella_Artois_Pure_Gold,Itupeva,ITU_L3,3,-0.0,false,lata
135,Stella_Artois_Pure_Gold,Itupeva,ITU_L3,4,-0.0,false,lata
135,Stella_Artois_Pure_Gold,Itupeva,ITU_L3,5,-0.0,false,lata
135,Stella_Artois_Pure_Gold,Itupeva,ITU_L3,6,-0.0,false,lata
135,Stella_Artois_Pure_Gold,Itupeva,ITU_L3,7,-0.0,false,lata
135,Stella_Artois_Pure_Gold,Itupeva,ITU_L3,8,-0.0,false,lata
135,Stella_Artois_Pure_Gold,Itupeva,ITU_L3,9,-0.0,false,lata
135,Stella_Artois_Pure_Gold,Itupeva,ITU_L3,10,-0.0,false,lata
135,Stella_Artois_Pure_Gold,Itupeva,ITU_L3,11,-0.0,false,lata
135,Stella_Artois_Pure_Gold,Itupeva,ITU_L3,12,-0.0,false,lata
135,Stella_Artois_Pure_Gold,Itupeva,ITU_L3,13,-0.0,false,lata
135,Stella_Artois_Pure_Gold,Itupeva,ITU_L3,14,-0.0,false,lata
135,Stella_Artois_Pure_Gold,Itupeva,ITU_L3,15,-0.0,false,lata
135,Stella_Artois_Pure_Gold,Cabo de Santo Agostinho,CAB_L1,1,-0.0,false,lata
135,Stella_Artois_Pure_Gold,Cabo de Santo Agostinho,CAB_L1,2,-0.0,false,lata
135,Stella_Artois_Pure_Gold,Cabo de Santo Agostinho,CAB_L1,3,-0.0,false,lata
135,Stella_Artois_Pure_Gold,Cabo de Santo Agostinho,CAB_L1,4,-0.0,false,lata
135,Stella_Artois_Pure_Gold,Cabo de Santo Agostinho,CAB_L1,5,-0.0,false,lata
135,Stella_Artois_Pure_Gold,Cabo de Santo Agostinho,CAB_L1,6,-0.0,false,lata
135,Stella_Artois_Pure_Gold,Cabo de Santo Agostinho,CAB_L1,7,-0.0,false,lata
135,Stella_Artois_Pure_Gold,Cabo de Santo Agostinho,CAB_L1,8,-999999.5642624998,false,lata
135,Stella_Artois_Pure_Gold,Cabo de Santo Agostinho,CAB_L1,9,-0.0,false,lata
135,Stella_Artois_Pure_Gold,Cabo de Santo Agostinho,CAB_L1,10,-0.0,false,lata
135,Stella_Artois_Pure_Gold,Cabo de Santo Agostinho,CAB_L1,11,-0.0,false,lata
135,Stella_Artois_Pure_Gold,Cabo de Santo Agostinho,CAB_L1,12,-0.0,false,lata
135,Stella_Artois_Pure_Gold,Cabo de Santo Agostinho,CAB_L1,13,-0.0,false,lata
135,Stella_Artois_Pure_Gold,Cabo de Santo Agostinho,CAB_L1,14,-0.0,false,lata
135,Stella_Artois_Pure_Gold,Cabo de Santo Agostinho,CAB_L1,15,-0.0,false,lata
135,Stella_Artois_Pure_Gold,Cabo de Santo Agostinho,CAB_L2,1,-0.0,false,lata
135,Stella_Artois_Pure_Gold,Cabo de Santo Agostinho,CAB_L2,2,-0.0,false,lata
135,Stella_Artois_Pure_Gold,Cabo de Santo Agostinho,CAB_L2,3,-0.0,false,lata
135,Stella_Artois_Pure_Gold,Cabo de Santo Agostinho,CAB_L2,4,-0.0,false,lata
135,Stella_Artois_Pure_Gold,Cabo de Santo Agostinho,CAB_L2,5,-0.0,false,lata
135,Stella_Artois_Pure_Gold,Cabo de Santo Agostinho,CAB_L2,6,-999999.0495894002,false,lata
135,Stella_Artois_Pure_Gold,Cabo de Santo Agostinho,CAB_L2,7,-0.0,false,lata
135,Stella_Artois_Pure_Gold,Cabo de Santo Agostinho,CAB_L2,8,-0.0,false,lata
135,Stella_Artois_Pure_Gold,Cabo de Santo Agostinho,CAB_L2,9,-0.0,false,lata
135,Stella_Artois_Pure_Gold,Cabo de Santo Agostinho,CAB_L2,10,-0.0,false,lata
135,Stella_Artois_Pure_Gold,Cabo de Santo Agostinho,CAB_L2,11,-1.0e6,true,lata
135,Stella_Artois_Pure_Gold,Cabo de Santo Agostinho,CAB_L2,12,-0.0,false,lata
135,Stella_Artois_Pure_Gold,Cabo de Santo Agostinho,CAB_L2,13,-0.0,false,lata
135,Stella_Artois_Pure_Gold,Cabo de Santo Agostinho,CAB_L2,14,-0.0,false,lata
135,Stella_Artois_Pure_Gold,Cabo de Santo Agostinho,CAB_L2,15,-0.0,false,lata
135,Stella_Artois_Pure_Gold,Cabo de Santo Agostinho,CAB_L3,1,-0.0,false,lata
135,Stella_Artois_Pure_Gold,Cabo de Santo Agostinho,CAB_L3,2,-0.0,false,lata
135,Stella_Artois_Pure_Gold,Cabo de Santo Agostinho,CAB_L3,3,-0.0,false,lata
135,Stella_Artois_Pure_Gold,Cabo de Santo Agostinho,CAB_L3,4,-0.0,false,lata
135,Stella_Artois_Pure_Gold,Cabo de Santo Agostinho,CAB_L3,5,-0.0,false,lata
135,Stella_Artois_Pure_Gold,Cabo de Santo Agostinho,CAB_L3,6,-0.0,false,lata
135,Stella_Artois_Pure_Gold,Cabo de Santo Agostinho,CAB_L3,7,-0.0,false,lata
135,Stella_Artois_Pure_Gold,Cabo de Santo Agostinho,CAB_L3,8,-0.0,false,lata
135,Stella_Artois_Pure_Gold,Cabo de Santo Agostinho,CAB_L3,9,-999999.8414772497,false,lata
135,Stella_Artois_Pure_Gold,Cabo de Santo Agostinho,CAB_L3,10,-0.0,false,lata
135,Stella_Artois_Pure_Gold,Cabo de Santo Agostinho,CAB_L3,11,-0.0,false,lata
135,Stella_Artois_Pure_Gold,Cabo de Santo Agostinho,CAB_L3,12,-0.0,false,lata
135,Stella_Artois_Pure_Gold,Cabo de Santo Agostinho,CAB_L3,13,-999999.7808515499,false,lata
135,Stella_Artois_Pure_Gold,Cabo de Santo Agostinho,CAB_L3,14,-0.0,false,lata
135,Stella_Artois_Pure_Gold,Cabo de Santo Agostinho,CAB_L3,15,-0.0,false,lata
135,Heineken_Lata,Jacarei,JAC_L1,1,-0.0,false,lata
135,Heineken_Lata,Jacarei,JAC_L1,2,-0.0,false,lata
135,Heineken_Lata,Jacarei,JAC_L1,3,-0.0,false,lata
135,Heineken_Lata,Jacarei,JAC_L1,4,-0.0,false,lata
135,Heineken_Lata,Jacarei,JAC_L1,5,-0.0,false,lata
135,Heineken_Lata,Jacarei,JAC_L1,6,-0.0,false,lata
135,Heineken_Lata,Jacarei,JAC_L1,7,-0.0,false,lata
135,Heineken_Lata,Jacarei,JAC_L1,8,-0.0,false,lata
135,Heineken_Lata,Jacarei,JAC_L1,9,-0.0,false,lata
135,Heineken_Lata,Jacarei,JAC_L1,10,-0.0,false,lata
135,Heineken_Lata,Jacarei,JAC_L1,11,-0.0,false,lata
135,Heineken_Lata,Jacarei,JAC_L1,12,-0.0,false,lata
135,Heineken_Lata,Jacarei,JAC_L1,13,-0.0,false,lata
135,Heineken_Lata,Jacarei,JAC_L1,14,-0.0,false,lata
135,Heineken_Lata,Jacarei,JAC_L1,15,-999999.32427775,false,lata
135,Heineken_Lata,Jacarei,JAC_L2,1,-0.0,false,lata
135,Heineken_Lata,Jacarei,JAC_L2,2,-999998.9323864,false,lata
135,Heineken_Lata,Jacarei,JAC_L2,3,-0.0,false,lata
135,Heineken_Lata,Jacarei,JAC_L2,4,-0.0,false,lata
135,Heineken_Lata,Jacarei,JAC_L2,5,-0.0,false,lata
135,Heineken_Lata,Jacarei,JAC_L2,6,-0.0,false,lata
135,Heineken_Lata,Jacarei,JAC_L2,7,-0.0,false,lata
135,Heineken_Lata,Jacarei,JAC_L2,8,-0.0,false,lata
135,Heineken_Lata,Jacarei,JAC_L2,9,-0.0,false,lata
135,Heineken_Lata,Jacarei,JAC_L2,10,-0.0,false,lata
135,Heineken_Lata,Jacarei,JAC_L2,11,-0.0,false,lata
135,Heineken_Lata,Jacarei,JAC_L2,12,-0.0,false,lata
135,Heineken_Lata,Jacarei,JAC_L2,13,-0.0,false,lata
135,Heineken_Lata,Jacarei,JAC_L2,14,-0.0,false,lata
135,Heineken_Lata,Jacarei,JAC_L2,15,-0.0,false,lata
135,Heineken_Lata,Jacarei,JAC_L3,1,-1.0e6,true,lata
135,Heineken_Lata,Jacarei,JAC_L3,2,-0.0,false,lata
135,Heineken_Lata,Jacarei,JAC_L3,3,-0.0,false,lata
135,Heineken_Lata,Jacarei,JAC_L3,4,-0.0,false,lata
135,Heineken_Lata,Jacarei,JAC_L3,5,-0.0,false,lata
135,Heineken_Lata,Jacarei,JAC_L3,6,-0.0,false,lata
135,Heineken_Lata,Jacarei,JAC_L3,7,-0.0,false,lata
135,Heineken_Lata,Jacarei,JAC_L3,8,-0.0,false,lata
135,Heineken_Lata,Jacarei,JAC_L3,9,-0.0,false,lata
135,Heineken_Lata,Jacarei,JAC_L3,10,-0.0,false,lata
135,Heineken_Lata,Jacarei,JAC_L3,11,-0.0,false,lata
135,Heineken_Lata,Jacarei,JAC_L3,12,-0.0,false,lata
135,Heineken_Lata,Jacarei,JAC_L3,13,-0.0,false,lata
135,Heineken_Lata,Jacarei,JAC_L3,14,-0.0,false,lata
135,Heineken_Lata,Jacarei,JAC_L3,15,-0.0,false,lata
135,Heineken_Lata,Extrema,EXT_L1,1,-0.0,false,lata
135,Heineken_Lata,Extrema,EXT_L1,2,-0.0,false,lata
135,Heineken_Lata,Extrema,EXT_L1,3,-0.0,false,lata
135,Heineken_Lata,Extrema,EXT_L1,4,-0.0,false,lata
135,Heineken_Lata,Extrema,EXT_L1,5,-0.0,false,lata
135,Heineken_Lata,Extrema,EXT_L1,6,-0.0,false,lata
135,Heineken_Lata,Extrema,EXT_L1,7,-0.0,false,lata
135,Heineken_Lata,Extrema,EXT_L1,8,-0.0,false,lata
135,Heineken_Lata,Extrema,EXT_L1,9,-0.0,false,lata
135,Heineken_Lata,Extrema,EXT_L1,10,-0.0,false,lata
135,Heineken_Lata,Extrema,EXT_L1,11,-0.0,false,lata
135,Heineken_Lata,Extrema,EXT_L1,12,-0.0,false,lata
135,Heineken_Lata,Extrema,EXT_L1,13,-0.0,false,lata
135,Heineken_Lata,Extrema,EXT_L1,14,-0.0,false,lata
135,Heineken_Lata,Extrema,EXT_L1,15,-0.0,false,lata
135,Heineken_Lata,Extrema,EXT_L2,1,-0.0,false,lata
135,Heineken_Lata,Extrema,EXT_L2,2,-0.0,false,lata
135,Heineken_Lata,Extrema,EXT_L2,3,-0.0,false,lata
135,Heineken_Lata,Extrema,EXT_L2,4,-0.0,false,lata
135,Heineken_Lata,Extrema,EXT_L2,5,-0.0,false,lata
135,Heineken_Lata,Extrema,EXT_L2,6,-0.0,false,lata
135,Heineken_Lata,Extrema,EXT_L2,7,-0.0,false,lata
135,Heineken_Lata,Extrema,EXT_L2,8,-0.0,false,lata
135,Heineken_Lata,Extrema,EXT_L2,9,-0.0,false,lata
135,Heineken_Lata,Extrema,EXT_L2,10,-0.0,false,lata
135,Heineken_Lata,Extrema,EXT_L2,11,-0.0,false,lata
135,Heineken_Lata,Extrema,EXT_L2,12,-0.0,false,lata
135,Heineken_Lata,Extrema,EXT_L2,13,-0.0,false,lata
135,Heineken_Lata,Extrema,EXT_L2,14,-0.0,false,lata
135,Heineken_Lata,Extrema,EXT_L2,15,-0.0,false,lata
135,Heineken_Lata,Extrema,EXT_L3,1,-0.0,false,lata
135,Heineken_Lata,Extrema,EXT_L3,2,-0.0,false,lata
135,Heineken_Lata,Extrema,EXT_L3,3,-0.0,false,lata
135,Heineken_Lata,Extrema,EXT_L3,4,-0.0,false,lata
135,Heineken_Lata,Extrema,EXT_L3,5,-0.0,false,lata
135,Heineken_Lata,Extrema,EXT_L3,6,-0.0,false,lata
135,Heineken_Lata,Extrema,EXT_L3,7,-0.0,false,lata
135,Heineken_Lata,Extrema,EXT_L3,8,-0.0,false,lata
135,Heineken_Lata,Extrema,EXT_L3,9,-0.0,false,lata
135,Heineken_Lata,Extrema,EXT_L3,10,-0.0,false,lata
135,Heineken_Lata,Extrema,EXT_L3,11,-0.0,false,lata
135,Heineken_Lata,Extrema,EXT_L3,12,-0.0,false,lata
135,Heineken_Lata,Extrema,EXT_L3,13,-0.0,false,lata
135,Heineken_Lata,Extrema,EXT_L3,14,-0.0,false,lata
135,Heineken_Lata,Extrema,EXT_L3,15,-0.0,false,lata
135,Heineken_Lata,Tres Rios,TRE_L1,1,-1.0e6,true,lata
135,Heineken_Lata,Tres Rios,TRE_L1,2,-0.0,false,lata
135,Heineken_Lata,Tres Rios,TRE_L1,3,-0.0,false,lata
135,Heineken_Lata,Tres Rios,TRE_L1,4,-0.0,false,lata
135,Heineken_Lata,Tres Rios,TRE_L1,5,-0.0,false,lata
135,Heineken_Lata,Tres Rios,TRE_L1,6,-0.0,false,lata
135,Heineken_Lata,Tres Rios,TRE_L1,7,-0.0,false,lata
135,Heineken_Lata,Tres Rios,TRE_L1,8,-0.0,false,lata
135,Heineken_Lata,Tres Rios,TRE_L1,9,-0.0,false,lata
135,Heineken_Lata,Tres Rios,TRE_L1,10,-0.0,false,lata
135,Heineken_Lata,Tres Rios,TRE_L1,11,-0.0,false,lata
135,Heineken_Lata,Tres Rios,TRE_L1,12,-0.0,false,lata
135,Heineken_Lata,Tres Rios,TRE_L1,13,-0.0,false,lata
135,Heineken_Lata,Tres Rios,TRE_L1,14,-0.0,false,lata
135,Heineken_Lata,Tres Rios,TRE_L1,15,-0.0,false,lata
135,Heineken_Lata,Tres Rios,TRE_L2,1,-0.0,false,lata
135,Heineken_Lata,Tres Rios,TRE_L2,2,-0.0,false,lata
135,Heineken_Lata,Tres Rios,TRE_L2,3,-0.0,false,lata
135,Heineken_Lata,Tres Rios,TRE_L2,4,-0.0,false,lata
135,Heineken_Lata,Tres Rios,TRE_L2,5,-0.0,false,lata
135,Heineken_Lata,Tres Rios,TRE_L2,6,-0.0,false,lata
135,Heineken_Lata,Tres Rios,TRE_L2,7,-0.0,false,lata
135,Heineken_Lata,Tres Rios,TRE_L2,8,-0.0,false,lata
135,Heineken_Lata,Tres Rios,TRE_L2,9,-0.0,false,lata
135,Heineken_Lata,Tres Rios,TRE_L2,10,-0.0,false,lata
135,Heineken_Lata,Tres Rios,TRE_L2,11,-0.0,false,lata
135,Heineken_Lata,Tres Rios,TRE_L2,12,-0.0,false,lata
135,Heineken_Lata,Tres Rios,TRE_L2,13,-0.0,false,lata
135,Heineken_Lata,Tres Rios,TRE_L2,14,-0.0,false,lata
135,Heineken_Lata,Tres Rios,TRE_L2,15,-0.0,false,lata
135,Heineken_Lata,Tres Rios,TRE_L3,1,-0.0,false,lata
135,Heineken_Lata,Tres Rios,TRE_L3,2,-0.0,false,lata
135,Heineken_Lata,Tres Rios,TRE_L3,3,-0.0,false,lata
135,Heineken_Lata,Tres Rios,TRE_L3,4,-0.0,false,lata
135,Heineken_Lata,Tres Rios,TRE_L3,5,-999999.7092720498,false,lata
135,Heineken_Lata,Tres Rios,TRE_L3,6,-0.0,false,lata
135,Heineken_Lata,Tres Rios,TRE_L3,7,-0.0,false,lata
135,Heineken_Lata,Tres Rios,TRE_L3,8,-0.0,false,lata
135,Heineken_Lata,Tres Rios,TRE_L3,9,-0.0,false,lata
135,Heineken_Lata,Tres Rios,TRE_L3,10,-999999.0876659501,false,lata
135,Heineken_Lata,Tres Rios,TRE_L3,11,-0.0,false,lata
135,Heineken_Lata,Tres Rios,TRE_L3,12,-999999.5101776,false,lata
135,Heineken_Lata,Tres Rios,TRE_L3,13,-0.0,false,lata
135,Heineken_Lata,Tres Rios,TRE_L3,14,-0.0,false,lata
135,Heineken_Lata,Tres Rios,TRE_L3,15,-0.0,false,lata
135,Heineken_Lata,Alagoinhas,ALA_L1,1,-0.0,false,lata
135,Heineken_Lata,Alagoinhas,ALA_L1,2,-0.0,false,lata
135,Heineken_Lata,Alagoinhas,ALA_L1,3,-0.0,false,lata
135,Heineken_Lata,Alagoinhas,ALA_L1,4,-0.0,false,lata
135,Heineken_Lata,Alagoinhas,ALA_L1,5,-0.0,false,lata
135,Heineken_Lata,Alagoinhas,ALA_L1,6,-1.0e6,true,lata
135,Heineken_Lata,Alagoinhas,ALA_L1,7,-999998.7366857002,false,lata
135,Heineken_Lata,Alagoinhas,ALA_L1,8,-0.0,false,lata
135,Heineken_Lata,Alagoinhas,ALA_L1,9,-0.0,false,lata
135,Heineken_Lata,Alagoinhas,ALA_L1,10,-0.0,false,lata
135,Heineken_Lata,Alagoinhas,ALA_L1,11,-0.0,false,lata
135,Heineken_Lata,Alagoinhas,ALA_L1,12,-0.0,false,lata
135,Heineken_Lata,Alagoinhas,ALA_L1,13,-0.0,false,lata
135,Heineken_Lata,Alagoinhas,ALA_L1,14,-0.0,false,lata
135,Heineken_Lata,Alagoinhas,ALA_L1,15,-999999.3319238,false,lata
135,Heineken_Lata,Alagoinhas,ALA_L2,1,-0.0,false,lata
135,Heineken_Lata,Alagoinhas,ALA_L2,2,-0.0,false,lata
135,Heineken_Lata,Alagoinhas,ALA_L2,3,-0.0,false,lata
135,Heineken_Lata,Alagoinhas,ALA_L2,4,-0.0,false,lata
135,Heineken_Lata,Alagoinhas,ALA_L2,5,-0.0,false,lata
135,Heineken_Lata,Alagoinhas,ALA_L2,6,-1.0e6,false,lata
135,Heineken_Lata,Alagoinhas,ALA_L2,7,-0.0,false,lata
135,Heineken_Lata,Alagoinhas,ALA_L2,8,-0.0,false,lata
135,Heineken_Lata,Alagoinhas,ALA_L2,9,-0.0,false,lata
135,Heineken_Lata,Alagoinhas,ALA_L2,10,-0.0,false,lata
135,Heineken_Lata,Alagoinhas,ALA_L2,11,-0.0,false,lata
135,Heineken_Lata,Alagoinhas,ALA_L2,12,-0.0,false,lata
135,Heineken_Lata,Alagoinhas,ALA_L2,13,-0.0,false,lata
135,Heineken_Lata,Alagoinhas,ALA_L2,14,-0.0,false,lata
135,Heineken_Lata,Alagoinhas,ALA_L2,15,-0.0,false,lata
135,Heineken_Lata,Alagoinhas,ALA_L3,1,-999999.94824705,false,lata
135,Heineken_Lata,Alagoinhas,ALA_L3,2,-0.0,false,lata
135,Heineken_Lata,Alagoinhas,ALA_L3,3,-0.0,false,lata
135,Heineken_Lata,Alagoinhas,ALA_L3,4,-0.0,false,lata
135,Heineken_Lata,Alagoinhas,ALA_L3,5,-0.0,false,lata
135,Heineken_Lata,Alagoinhas,ALA_L3,6,-0.0,false,lata
135,Heineken_Lata,Alagoinhas,ALA_L3,7,-0.0,false,lata
135,Heineken_Lata,Alagoinhas,ALA_L3,8,-999998.8174281999,false,lata
135,Heineken_Lata,Alagoinhas,ALA_L3,9,-0.0,false,lata
135,Heineken_Lata,Alagoinhas,ALA_L3,10,-0.0,false,lata
135,Heineken_Lata,Alagoinhas,ALA_L3,11,-0.0,false,lata
135,Heineken_Lata,Alagoinhas,ALA_L3,12,-0.0,false,lata
135,Heineken_Lata,Alagoinhas,ALA_L3,13,-0.0,false,lata
135,Heineken_Lata,Alagoinhas,ALA_L3,14,-999999.76018505,false,lata
135,Heineken_Lata,Alagoinhas,ALA_L3,15,-0.0,false,lata
135,Heineken_Lata,Frutal,FRU_L1,1,-0.0,false,lata
135,Heineken_Lata,Frutal,FRU_L1,2,-0.0,false,lata
135,Heineken_Lata,Frutal,FRU_L1,3,-999999.187397,false,lata
135,Heineken_Lata,Frutal,FRU_L1,4,-0.0,false,lata
135,Heineken_Lata,Frutal,FRU_L1,5,-0.0,false,lata
135,Heineken_Lata,Frutal,FRU_L1,6,-0.0,false,lata
135,Heineken_Lata,Frutal,FRU_L1,7,-0.0,false,lata
135,Heineken_Lata,Frutal,FRU_L1,8,-0.0,false,lata
135,Heineken_Lata,Frutal,FRU_L1,9,-0.0,false,lata
135,Heineken_Lata,Frutal,FRU_L1,10,-0.0,false,lata
135,Heineken_Lata,Frutal,FRU_L1,11,-0.0,false,lata
135,Heineken_Lata,Frutal,FRU_L1,12,-0.0,false,lata
135,Heineken_Lata,Frutal,FRU_L1,13,-0.0,false,lata
135,Heineken_Lata,Frutal,FRU_L1,14,-0.0,false,lata
135,Heineken_Lata,Frutal,FRU_L1,15,-0.0,false,lata
135,Heineken_Lata,Frutal,FRU_L2,1,-0.0,false,lata
135,Heineken_Lata,Frutal,FRU_L2,2,-0.0,false,lata
135,Heineken_Lata,Frutal,FRU_L2,3,-0.0,false,lata
135,Heineken_Lata,Frutal,FRU_L2,4,-0.0,false,lata
135,Heineken_Lata,Frutal,FRU_L2,5,-0.0,false,lata
135,Heineken_Lata,Frutal,FRU_L2,6,-0.0,false,lata
135,Heineken_Lata,Frutal,FRU_L2,7,-0.0,false,lata
135,Heineken_Lata,Frutal,FRU_L2,8,-0.0,false,lata
135,Heineken_Lata,Frutal,FRU_L2,9,-0.0,false,lata
135,Heineken_Lata,Frutal,FRU_L2,10,-0.0,false,lata
135,Heineken_Lata,Frutal,FRU_L2,11,-0.0,false,lata
135,Heineken_Lata,Frutal,FRU_L2,12,-0.0,false,lata
135,Heineken_Lata,Frutal,FRU_L2,13,-0.0,false,lata
135,Heineken_Lata,Frutal,FRU_L2,14,-999999.82056745,false,lata
135,Heineken_Lata,Frutal,FRU_L2,15,-999999.3444253,false,lata
135,Heineken_Lata,Frutal,FRU_L3,1,-0.0,false,lata
135,Heineken_Lata,Frutal,FRU_L3,2,-0.0,false,lata
135,Heineken_Lata,Frutal,FRU_L3,3,-0.0,false,lata
135,Heineken_Lata,Frutal,FRU_L3,4,-0.0,false,lata
135,Heineken_Lata,Frutal,FRU_L3,5,-0.0,false,lata
135,Heineken_Lata,Frutal,FRU_L3,6,-0.0,false,lata
135,Heineken_Lata,Frutal,FRU_L3,7,-0.0,false,lata
135,Heineken_Lata,Frutal,FRU_L3,8,-0.0,false,lata
135,Heineken_Lata,Frutal,FRU_L3,9,-0.0,false,lata
135,Heineken_Lata,Frutal,FRU_L3,10,-0.0,false,lata
135,Heineken_Lata,Frutal,FRU_L3,11,-0.0,false,lata
135,Heineken_Lata,Frutal,FRU_L3,12,-0.0,false,lata
135,Heineken_Lata,Frutal,FRU_L3,13,-0.0,false,lata
135,Heineken_Lata,Frutal,FRU_L3,14,-0.0,false,lata
135,Heineken_Lata,Frutal,FRU_L3,15,-0.0,false,lata
135,Heineken_Lata,Pouso Alegre,POU_L1,1,-0.0,false,lata
135,Heineken_Lata,Pouso Alegre,POU_L1,2,-0.0,false,lata
135,Heineken_Lata,Pouso Alegre,POU_L1,3,-0.0,false,lata
135,Heineken_Lata,Pouso Alegre,POU_L1,4,-0.0,false,lata
135,Heineken_Lata,Pouso Alegre,POU_L1,5,-999999.7058772,false,lata
135,Heineken_Lata,Pouso Alegre,POU_L1,6,-0.0,false,lata
135,Heineken_Lata,Pouso Alegre,POU_L1,7,-0.0,false,lata
135,Heineken_Lata,Pouso Alegre,POU_L1,8,-0.0,false,lata
135,Heineken_Lata,Pouso Alegre,POU_L1,9,-0.0,false,lata
135,Heineken_Lata,Pouso Alegre,POU_L1,10,-0.0,false,lata
135,Heineken_Lata,Pouso Alegre,POU_L1,11,-0.0,false,lata
135,Heineken_Lata,Pouso Alegre,POU_L1,12,-0.0,false,lata
135,Heineken_Lata,Pouso Alegre,POU_L1,13,-0.0,false,lata
135,Heineken_Lata,Pouso Alegre,POU_L1,14,-0.0,false,lata
135,Heineken_Lata,Pouso Alegre,POU_L1,15,-0.0,false,lata
135,Heineken_Lata,Pouso Alegre,POU_L2,1,-0.0,false,lata
135,Heineken_Lata,Pouso Alegre,POU_L2,2,-0.0,false,lata
135,Heineken_Lata,Pouso Alegre,POU_L2,3,-0.0,false,lata
135,Heineken_Lata,Pouso Alegre,POU_L2,4,-0.0,false,lata
135,Heineken_Lata,Pouso Alegre,POU_L2,5,-0.0,false,lata
135,Heineken_Lata,Pouso Alegre,POU_L2,6,-0.0,false,lata
135,Heineken_Lata,Pouso Alegre,POU_L2,7,-0.0,false,lata
135,Heineken_Lata,Pouso Alegre,POU_L2,8,-0.0,false,lata
135,Heineken_Lata,Pouso Alegre,POU_L2,9,-0.0,false,lata
135,Heineken_Lata,Pouso Alegre,POU_L2,10,-0.0,false,lata
135,Heineken_Lata,Pouso Alegre,POU_L2,11,-0.0,false,lata
135,Heineken_Lata,Pouso Alegre,POU_L2,12,-0.0,false,lata
135,Heineken_Lata,Pouso Alegre,POU_L2,13,-0.0,false,lata
135,Heineken_Lata,Pouso Alegre,POU_L2,14,-0.0,false,lata
135,Heineken_Lata,Pouso Alegre,POU_L2,15,-0.0,false,lata
135,Heineken_Lata,Pouso Alegre,POU_L3,1,-0.0,false,lata
135,Heineken_Lata,Pouso Alegre,POU_L3,2,-0.0,false,lata
135,Heineken_Lata,Pouso Alegre,POU_L3,3,-0.0,false,lata
135,Heineken_Lata,Pouso Alegre,POU_L3,4,-0.0,false,lata
135,Heineken_Lata,Pouso Alegre,POU_L3,5,-0.0,false,lata
135,Heineken_Lata,Pouso Alegre,POU_L3,6,-0.0,false,lata
135,Heineken_Lata,Pouso Alegre,POU_L3,7,-0.0,false,lata
135,Heineken_Lata,Pouso Alegre,POU_L3,8,-0.0,false,lata
135,Heineken_Lata,Pouso Alegre,POU_L3,9,-0.0,false,lata
135,Heineken_Lata,Pouso Alegre,POU_L3,10,-0.0,false,lata
135,Heineken_Lata,Pouso Alegre,POU_L3,11,-0.0,false,lata
135,Heineken_Lata,Pouso Alegre,POU_L3,12,-0.0,false,lata
135,Heineken_Lata,Pouso Alegre,POU_L3,13,-0.0,false,lata
135,Heineken_Lata,Pouso Alegre,POU_L3,14,-0.0,false,lata
135,Heineken_Lata,Pouso Alegre,POU_L3,15,-0.0,false,lata
135,Heineken_Lata,Gama,GAM_L1,1,-0.0,false,lata
135,Heineken_Lata,Gama,GAM_L1,2,-0.0,false,lata
135,Heineken_Lata,Gama,GAM_L1,3,-0.0,false,lata
135,Heineken_Lata,Gama,GAM_L1,4,-0.0,false,lata
135,Heineken_Lata,Gama,GAM_L1,5,-0.0,false,lata
135,Heineken_Lata,Gama,GAM_L1,6,-999999.97080155,false,lata
135,Heineken_Lata,Gama,GAM_L1,7,-0.0,false,lata
135,Heineken_Lata,Gama,GAM_L1,8,-0.0,false,lata
135,Heineken_Lata,Gama,GAM_L1,9,-0.0,false,lata
135,Heineken_Lata,Gama,GAM_L1,10,-0.0,false,lata
135,Heineken_Lata,Gama,GAM_L1,11,-0.0,false,lata
135,Heineken_Lata,Gama,GAM_L1,12,-0.0,false,lata
135,Heineken_Lata,Gama,GAM_L1,13,-0.0,false,lata
135,Heineken_Lata,Gama,GAM_L1,14,-0.0,false,lata
135,Heineken_Lata,Gama,GAM_L1,15,-0.0,false,lata
135,Heineken_Lata,Gama,GAM_L2,1,-0.0,false,lata
135,Heineken_Lata,Gama,GAM_L2,2,-999998.91755375,false,lata
135,Heineken_Lata,Gama,GAM_L2,3,-0.0,false,lata
135,Heineken_Lata,Gama,GAM_L2,4,-0.0,false,lata
135,Heineken_Lata,Gama,GAM_L2,5,-0.0,false,lata
135,Heineken_Lata,Gama,GAM_L2,6,-0.0,false,lata
135,Heineken_Lata,Gama,GAM_L2,7,-0.0,false,lata
135,Heineken_Lata,Gama,GAM_L2,8,-0.0,false,lata
135,Heineken_Lata,Gama,GAM_L2,9,-0.0,false,lata
135,Heineken_Lata,Gama,GAM_L2,10,-0.0,false,lata
135,Heineken_Lata,Gama,GAM_L2,11,-0.0,false,lata
135,Heineken_Lata,Gama,GAM_L2,12,-999999.5061638,false,lata
135,Heineken_Lata,Gama,GAM_L2,13,-0.0,false,lata
135,Heineken_Lata,Gama,GAM_L2,14,-0.0,false,lata
135,Heineken_Lata,Gama,GAM_L2,15,-0.0,false,lata
135,Heineken_Lata,Gama,GAM_L3,1,-0.0,false,lata
135,Heineken_Lata,Gama,GAM_L3,2,-0.0,false,lata
135,Heineken_Lata,Gama,GAM_L3,3,-0.0,false,lata
135,Heineken_Lata,Gama,GAM_L3,4,-0.0,false,lata
135,Heineken_Lata,Gama,GAM_L3,5,-0.0,false,lata
135,Heineken_Lata,Gama,GAM_L3,6,-0.0,false,lata
135,Heineken_Lata,Gama,GAM_L3,7,-0.0,false,lata
135,Heineken_Lata,Gama,GAM_L3,8,-999998.8651673499,false,lata
135,Heineken_Lata,Gama,GAM_L3,9,-0.0,false,lata
135,Heineken_Lata,Gama,GAM_L3,10,-0.0,false,lata
135,Heineken_Lata,Gama,GAM_L3,11,-0.0,false,lata
135,Heineken_Lata,Gama,GAM_L3,12,-0.0,false,lata
135,Heineken_Lata,Gama,GAM_L3,13,-999999.5355502,false,lata
135,Heineken_Lata,Gama,GAM_L3,14,-0.0,false,lata
135,Heineken_Lata,Gama,GAM_L3,15,-999999.33178205,false,lata
135,Heineken_Lata,Viamao,VIA_L1,1,-0.0,false,lata
135,Heineken_Lata,Viamao,VIA_L1,2,-0.0,false,lata
135,Heineken_Lata,Viamao,VIA_L1,3,-0.0,false,lata
135,Heineken_Lata,Viamao,VIA_L1,4,-0.0,false,lata
135,Heineken_Lata,Viamao,VIA_L1,5,-0.0,false,lata
135,Heineken_Lata,Viamao,VIA_L1,6,-0.0,false,lata
135,Heineken_Lata,Viamao,VIA_L1,7,-0.0,false,lata
135,Heineken_Lata,Viamao,VIA_L1,8,-0.0,false,lata
135,Heineken_Lata,Viamao,VIA_L1,9,-999998.86115905,false,lata
135,Heineken_Lata,Viamao,VIA_L1,10,-0.0,false,lata
135,Heineken_Lata,Viamao,VIA_L1,11,-0.0,false,lata
135,Heineken_Lata,Viamao,VIA_L1,12,-0.0,false,lata
135,Heineken_Lata,Viamao,VIA_L1,13,-0.0,false,lata
135,Heineken_Lata,Viamao,VIA_L1,14,-0.0,false,lata
135,Heineken_Lata,Viamao,VIA_L1,15,-0.0,false,lata
135,Heineken_Lata,Viamao,VIA_L2,1,-0.0,false,lata
135,Heineken_Lata,Viamao,VIA_L2,2,-0.0,false,lata
135,Heineken_Lata,Viamao,VIA_L2,3,-0.0,false,lata
135,Heineken_Lata,Viamao,VIA_L2,4,-0.0,false,lata
135,Heineken_Lata,Viamao,VIA_L2,5,-0.0,false,lata
135,Heineken_Lata,Viamao,VIA_L2,6,-0.0,false,lata
135,Heineken_Lata,Viamao,VIA_L2,7,-0.0,false,lata
135,Heineken_Lata,Viamao,VIA_L2,8,-0.0,false,lata
135,Heineken_Lata,Viamao,VIA_L2,9,-0.0,false,lata
135,Heineken_Lata,Viamao,VIA_L2,10,-0.0,false,lata
135,Heineken_Lata,Viamao,VIA_L2,11,-0.0,false,lata
135,Heineken_Lata,Viamao,VIA_L2,12,-999999.54109705,false,lata
135,Heineken_Lata,Viamao,VIA_L2,13,-0.0,false,lata
135,Heineken_Lata,Viamao,VIA_L2,14,-999999.8463964501,false,lata
135,Heineken_Lata,Viamao,VIA_L2,15,-0.0,false,lata
135,Heineken_Lata,Viamao,VIA_L3,1,-1.0e6,true,lata
135,Heineken_Lata,Viamao,VIA_L3,2,-0.0,false,lata
135,Heineken_Lata,Viamao,VIA_L3,3,-0.0,false,lata
135,Heineken_Lata,Viamao,VIA_L3,4,-0.0,false,lata
135,Heineken_Lata,Viamao,VIA_L3,5,-999999.7428,false,lata
135,Heineken_Lata,Viamao,VIA_L3,6,-1.0e6,true,lata
135,Heineken_Lata,Viamao,VIA_L3,7,-0.0,false,lata
135,Heineken_Lata,Viamao,VIA_L3,8,-0.0,false,lata
135,Heineken_Lata,Viamao,VIA_L3,9,-0.0,false,lata
135,Heineken_Lata,Viamao,VIA_L3,10,-0.0,false,lata
135,Heineken_Lata,Viamao,VIA_L3,11,-0.0,false,lata
135,Heineken_Lata,Viamao,VIA_L3,12,-0.0,false,lata
135,Heineken_Lata,Viamao,VIA_L3,13,-0.0,false,lata
135,Heineken_Lata,Viamao,VIA_L3,14,-0.0,false,lata
135,Heineken_Lata,Viamao,VIA_L3,15,-0.0,false,lata
135,Heineken_Lata,Itupeva,ITU_L1,1,-0.0,false,lata
135,Heineken_Lata,Itupeva,ITU_L1,2,-0.0,false,lata
135,Heineken_Lata,Itupeva,ITU_L1,3,-0.0,false,lata
135,Heineken_Lata,Itupeva,ITU_L1,4,-0.0,false,lata
135,Heineken_Lata,Itupeva,ITU_L1,5,-0.0,false,lata
135,Heineken_Lata,Itupeva,ITU_L1,6,-0.0,false,lata
135,Heineken_Lata,Itupeva,ITU_L1,7,-0.0,false,lata
135,Heineken_Lata,Itupeva,ITU_L1,8,-0.0,false,lata
135,Heineken_Lata,Itupeva,ITU_L1,9,-0.0,false,lata
135,Heineken_Lata,Itupeva,ITU_L1,10,-0.0,false,lata
135,Heineken_Lata,Itupeva,ITU_L1,11,-0.0,false,lata
135,Heineken_Lata,Itupeva,ITU_L1,12,-0.0,false,lata
135,Heineken_Lata,Itupeva,ITU_L1,13,-0.0,false,lata
135,Heineken_Lata,Itupeva,ITU_L1,14,-0.0,false,lata
135,Heineken_Lata,Itupeva,ITU_L1,15,-0.0,false,lata
135,Heineken_Lata,Itupeva,ITU_L2,1,-0.0,false,lata
135,Heineken_Lata,Itupeva,ITU_L2,2,-0.0,false,lata
135,Heineken_Lata,Itupeva,ITU_L2,3,-0.0,false,lata
135,Heineken_Lata,Itupeva,ITU_L2,4,-0.0,false,lata
135,Heineken_Lata,Itupeva,ITU_L2,5,-0.0,false,lata
135,Heineken_Lata,Itupeva,ITU_L2,6,-0.0,false,lata
135,Heineken_Lata,Itupeva,ITU_L2,7,-0.0,false,lata
135,Heineken_Lata,Itupeva,ITU_L2,8,-0.0,false,lata
135,Heineken_Lata,Itupeva,ITU_L2,9,-0.0,false,lata
135,Heineken_Lata,Itupeva,ITU_L2,10,-0.0,false,lata
135,Heineken_Lata,Itupeva,ITU_L2,11,-0.0,false,lata
135,Heineken_Lata,Itupeva,ITU_L2,12,-0.0,false,lata
135,Heineken_Lata,Itupeva,ITU_L2,13,-0.0,false,lata
135,Heineken_Lata,Itupeva,ITU_L2,14,-0.0,false,lata
135,Heineken_Lata,Itupeva,ITU_L2,15,-0.0,false,lata
135,Heineken_Lata,Itupeva,ITU_L3,1,-0.0,false,lata
135,Heineken_Lata,Itupeva,ITU_L3,2,-0.0,false,lata
135,Heineken_Lata,Itupeva,ITU_L3,3,-0.0,false,lata
135,Heineken_Lata,Itupeva,ITU_L3,4,-0.0,false,lata
135,Heineken_Lata,Itupeva,ITU_L3,5,-0.0,false,lata
135,Heineken_Lata,Itupeva,ITU_L3,6,-0.0,false,lata
135,Heineken_Lata,Itupeva,ITU_L3,7,-0.0,false,lata
135,Heineken_Lata,Itupeva,ITU_L3,8,-0.0,false,lata
135,Heineken_Lata,Itupeva,ITU_L3,9,-0.0,false,lata
135,Heineken_Lata,Itupeva,ITU_L3,10,-999999.08223625,false,lata
135,Heineken_Lata,Itupeva,ITU_L3,11,-0.0,false,lata
135,Heineken_Lata,Itupeva,ITU_L3,12,-0.0,false,lata
135,Heineken_Lata,Itupeva,ITU_L3,13,-0.0,false,lata
135,Heineken_Lata,Itupeva,ITU_L3,14,-0.0,false,lata
135,Heineken_Lata,Itupeva,ITU_L3,15,-0.0,false,lata
135,Heineken_Lata,Cabo de Santo Agostinho,CAB_L1,1,-0.0,false,lata
135,Heineken_Lata,Cabo de Santo Agostinho,CAB_L1,2,-0.0,false,lata
135,Heineken_Lata,Cabo de Santo Agostinho,CAB_L1,3,-0.0,false,lata
135,Heineken_Lata,Cabo de Santo Agostinho,CAB_L1,4,-0.0,false,lata
135,Heineken_Lata,Cabo de Santo Agostinho,CAB_L1,5,-0.0,false,lata
135,Heineken_Lata,Cabo de Santo Agostinho,CAB_L1,6,-0.0,false,lata
135,Heineken_Lata,Cabo de Santo Agostinho,CAB_L1,7,-0.0,false,lata
135,Heineken_Lata,Cabo de Santo Agostinho,CAB_L1,8,-0.0,false,lata
135,Heineken_Lata,Cabo de Santo Agostinho,CAB_L1,9,-0.0,false,lata
135,Heineken_Lata,Cabo de Santo Agostinho,CAB_L1,10,-0.0,false,lata
135,Heineken_Lata,Cabo de Santo Agostinho,CAB_L1,11,-0.0,false,lata
135,Heineken_Lata,Cabo de Santo Agostinho,CAB_L1,12,-0.0,false,lata
135,Heineken_Lata,Cabo de Santo Agostinho,CAB_L1,13,-0.0,false,lata
135,Heineken_Lata,Cabo de Santo Agostinho,CAB_L1,14,-0.0,false,lata
135,Heineken_Lata,Cabo de Santo Agostinho,CAB_L1,15,-0.0,false,lata
135,Heineken_Lata,Cabo de Santo Agostinho,CAB_L2,1,-0.0,false,lata
135,Heineken_Lata,Cabo de Santo Agostinho,CAB_L2,2,-0.0,false,lata
135,Heineken_Lata,Cabo de Santo Agostinho,CAB_L2,3,-0.0,false,lata
135,Heineken_Lata,Cabo de Santo Agostinho,CAB_L2,4,-0.0,false,lata
135,Heineken_Lata,Cabo de Santo Agostinho,CAB_L2,5,-0.0,false,lata
135,Heineken_Lata,Cabo de Santo Agostinho,CAB_L2,6,-0.0,false,lata
135,Heineken_Lata,Cabo de Santo Agostinho,CAB_L2,7,-0.0,false,lata
135,Heineken_Lata,Cabo de Santo Agostinho,CAB_L2,8,-0.0,false,lata
135,Heineken_Lata,Cabo de Santo Agostinho,CAB_L2,9,-0.0,false,lata
135,Heineken_Lata,Cabo de Santo Agostinho,CAB_L2,10,-999999.0598534502,false,lata
135,Heineken_Lata,Cabo de Santo Agostinho,CAB_L2,11,-0.0,false,lata
135,Heineken_Lata,Cabo de Santo Agostinho,CAB_L2,12,-0.0,false,lata
135,Heineken_Lata,Cabo de Santo Agostinho,CAB_L2,13,-0.0,false,lata
135,Heineken_Lata,Cabo de Santo Agostinho,CAB_L2,14,-0.0,false,lata
135,Heineken_Lata,Cabo de Santo Agostinho,CAB_L2,15,-0.0,false,lata
135,Heineken_Lata,Cabo de Santo Agostinho,CAB_L3,1,-999999.9721875001,false,lata
135,Heineken_Lata,Cabo de Santo Agostinho,CAB_L3,2,-0.0,false,lata
135,Heineken_Lata,Cabo de Santo Agostinho,CAB_L3,3,-0.0,false,lata
135,Heineken_Lata,Cabo de Santo Agostinho,CAB_L3,4,-0.0,false,lata
135,Heineken_Lata,Cabo de Santo Agostinho,CAB_L3,5,-0.0,false,lata
135,Heineken_Lata,Cabo de Santo Agostinho,CAB_L3,6,-0.0,false,lata
135,Heineken_Lata,Cabo de Santo Agostinho,CAB_L3,7,-0.0,false,lata
135,Heineken_Lata,Cabo de Santo Agostinho,CAB_L3,8,-0.0,false,lata
135,Heineken_Lata,Cabo de Santo Agostinho,CAB_L3,9,-0.0,false,lata
135,Heineken_Lata,Cabo de Santo Agostinho,CAB_L3,10,-0.0,false,lata
135,Heineken_Lata,Cabo de Santo Agostinho,CAB_L3,11,-0.0,false,lata
135,Heineken_Lata,Cabo de Santo Agostinho,CAB_L3,12,-0.0,false,lata
135,Heineken_Lata,Cabo de Santo Agostinho,CAB_L3,13,-0.0,false,lata
135,Heineken_Lata,Cabo de Santo Agostinho,CAB_L3,14,-0.0,false,lata
135,Heineken_Lata,Cabo de Santo Agostinho,CAB_L3,15,-0.0,false,lata
135,Skol_Lata,Jacarei,JAC_L1,1,-0.0,false,lata
135,Skol_Lata,Jacarei,JAC_L1,2,-0.0,false,lata
135,Skol_Lata,Jacarei,JAC_L1,3,-0.0,false,lata
135,Skol_Lata,Jacarei,JAC_L1,4,-0.0,false,lata
135,Skol_Lata,Jacarei,JAC_L1,5,-0.0,false,lata
135,Skol_Lata,Jacarei,JAC_L1,6,-0.0,false,lata
135,Skol_Lata,Jacarei,JAC_L1,7,-0.0,false,lata
135,Skol_Lata,Jacarei,JAC_L1,8,-0.0,false,lata
135,Skol_Lata,Jacarei,JAC_L1,9,-0.0,false,lata
135,Skol_Lata,Jacarei,JAC_L1,10,-0.0,false,lata
135,Skol_Lata,Jacarei,JAC_L1,11,-0.0,false,lata
135,Skol_Lata,Jacarei,JAC_L1,12,-0.0,false,lata
135,Skol_Lata,Jacarei,JAC_L1,13,-0.0,false,lata
135,Skol_Lata,Jacarei,JAC_L1,14,-0.0,false,lata
135,Skol_Lata,Jacarei,JAC_L1,15,-0.0,false,lata
135,Skol_Lata,Jacarei,JAC_L2,1,-0.0,false,lata
135,Skol_Lata,Jacarei,JAC_L2,2,-1.0e6,true,lata
135,Skol_Lata,Jacarei,JAC_L2,3,-0.0,false,lata
135,Skol_Lata,Jacarei,JAC_L2,4,-0.0,false,lata
135,Skol_Lata,Jacarei,JAC_L2,5,-0.0,false,lata
135,Skol_Lata,Jacarei,JAC_L2,6,-0.0,false,lata
135,Skol_Lata,Jacarei,JAC_L2,7,-0.0,false,lata
135,Skol_Lata,Jacarei,JAC_L2,8,-999998.76406865,false,lata
135,Skol_Lata,Jacarei,JAC_L2,9,-0.0,false,lata
135,Skol_Lata,Jacarei,JAC_L2,10,-0.0,false,lata
135,Skol_Lata,Jacarei,JAC_L2,11,-0.0,false,lata
135,Skol_Lata,Jacarei,JAC_L2,12,-0.0,false,lata
135,Skol_Lata,Jacarei,JAC_L2,13,-0.0,false,lata
135,Skol_Lata,Jacarei,JAC_L2,14,-0.0,false,lata
135,Skol_Lata,Jacarei,JAC_L2,15,-0.0,false,lata
135,Skol_Lata,Jacarei,JAC_L3,1,-0.0,false,lata
135,Skol_Lata,Jacarei,JAC_L3,2,-0.0,false,lata
135,Skol_Lata,Jacarei,JAC_L3,3,-0.0,false,lata
135,Skol_Lata,Jacarei,JAC_L3,4,-0.0,false,lata
135,Skol_Lata,Jacarei,JAC_L3,5,-0.0,false,lata
135,Skol_Lata,Jacarei,JAC_L3,6,-0.0,false,lata
135,Skol_Lata,Jacarei,JAC_L3,7,-0.0,false,lata
135,Skol_Lata,Jacarei,JAC_L3,8,-0.0,false,lata
135,Skol_Lata,Jacarei,JAC_L3,9,-0.0,false,lata
135,Skol_Lata,Jacarei,JAC_L3,10,-0.0,false,lata
135,Skol_Lata,Jacarei,JAC_L3,11,-0.0,false,lata
135,Skol_Lata,Jacarei,JAC_L3,12,-0.0,false,lata
135,Skol_Lata,Jacarei,JAC_L3,13,-0.0,false,lata
135,Skol_Lata,Jacarei,JAC_L3,14,-999999.62742725,false,lata
135,Skol_Lata,Jacarei,JAC_L3,15,-0.0,false,lata
135,Skol_Lata,Extrema,EXT_L1,1,-0.0,false,lata
135,Skol_Lata,Extrema,EXT_L1,2,-0.0,false,lata
135,Skol_Lata,Extrema,EXT_L1,3,-0.0,false,lata
135,Skol_Lata,Extrema,EXT_L1,4,-0.0,false,lata
135,Skol_Lata,Extrema,EXT_L1,5,-999999.2612556501,false,lata
135,Skol_Lata,Extrema,EXT_L1,6,-0.0,false,lata
135,Skol_Lata,Extrema,EXT_L1,7,-0.0,false,lata
135,Skol_Lata,Extrema,EXT_L1,8,-0.0,false,lata
135,Skol_Lata,Extrema,EXT_L1,9,-0.0,false,lata
135,Skol_Lata,Extrema,EXT_L1,10,-0.0,false,lata
135,Skol_Lata,Extrema,EXT_L1,11,-0.0,false,lata
135,Skol_Lata,Extrema,EXT_L1,12,-0.0,false,lata
135,Skol_Lata,Extrema,EXT_L1,13,-0.0,false,lata
135,Skol_Lata,Extrema,EXT_L1,14,-0.0,false,lata
135,Skol_Lata,Extrema,EXT_L1,15,-0.0,false,lata
135,Skol_Lata,Extrema,EXT_L2,1,-0.0,false,lata
135,Skol_Lata,Extrema,EXT_L2,2,-0.0,false,lata
135,Skol_Lata,Extrema,EXT_L2,3,-0.0,false,lata
135,Skol_Lata,Extrema,EXT_L2,4,-0.0,false,lata
135,Skol_Lata,Extrema,EXT_L2,5,-0.0,false,lata
135,Skol_Lata,Extrema,EXT_L2,6,-0.0,false,lata
135,Skol_Lata,Extrema,EXT_L2,7,-0.0,false,lata
135,Skol_Lata,Extrema,EXT_L2,8,-0.0,false,lata
135,Skol_Lata,Extrema,EXT_L2,9,-0.0,false,lata
135,Skol_Lata,Extrema,EXT_L2,10,-0.0,false,lata
135,Skol_Lata,Extrema,EXT_L2,11,-0.0,false,lata
135,Skol_Lata,Extrema,EXT_L2,12,-0.0,false,lata
135,Skol_Lata,Extrema,EXT_L2,13,-0.0,false,lata
135,Skol_Lata,Extrema,EXT_L2,14,-0.0,false,lata
135,Skol_Lata,Extrema,EXT_L2,15,-0.0,false,lata
135,Skol_Lata,Extrema,EXT_L3,1,-999999.9151498501,false,lata
135,Skol_Lata,Extrema,EXT_L3,2,-0.0,false,lata
135,Skol_Lata,Extrema,EXT_L3,3,-0.0,false,lata
135,Skol_Lata,Extrema,EXT_L3,4,-0.0,false,lata
135,Skol_Lata,Extrema,EXT_L3,5,-999999.2612556501,false,lata
135,Skol_Lata,Extrema,EXT_L3,6,-0.0,false,lata
135,Skol_Lata,Extrema,EXT_L3,7,-0.0,false,lata
135,Skol_Lata,Extrema,EXT_L3,8,-0.0,false,lata
135,Skol_Lata,Extrema,EXT_L3,9,-0.0,false,lata
135,Skol_Lata,Extrema,EXT_L3,10,-0.0,false,lata
135,Skol_Lata,Extrema,EXT_L3,11,-0.0,false,lata
135,Skol_Lata,Extrema,EXT_L3,12,-0.0,false,lata
135,Skol_Lata,Extrema,EXT_L3,13,-1.0e6,true,lata
135,Skol_Lata,Extrema,EXT_L3,14,-0.0,false,lata
135,Skol_Lata,Extrema,EXT_L3,15,-0.0,false,lata
135,Skol_Lata,Tres Rios,TRE_L1,1,-0.0,false,lata
135,Skol_Lata,Tres Rios,TRE_L1,2,-0.0,false,lata
135,Skol_Lata,Tres Rios,TRE_L1,3,-999999.6747945,false,lata
135,Skol_Lata,Tres Rios,TRE_L1,4,-0.0,false,lata
135,Skol_Lata,Tres Rios,TRE_L1,5,-0.0,false,lata
135,Skol_Lata,Tres Rios,TRE_L1,6,-0.0,false,lata
135,Skol_Lata,Tres Rios,TRE_L1,7,-0.0,false,lata
135,Skol_Lata,Tres Rios,TRE_L1,8,-0.0,false,lata
135,Skol_Lata,Tres Rios,TRE_L1,9,-0.0,false,lata
135,Skol_Lata,Tres Rios,TRE_L1,10,-0.0,false,lata
135,Skol_Lata,Tres Rios,TRE_L1,11,-0.0,false,lata
135,Skol_Lata,Tres Rios,TRE_L1,12,-0.0,false,lata
135,Skol_Lata,Tres Rios,TRE_L1,13,-0.0,false,lata
135,Skol_Lata,Tres Rios,TRE_L1,14,-0.0,false,lata
135,Skol_Lata,Tres Rios,TRE_L1,15,-0.0,false,lata
135,Skol_Lata,Tres Rios,TRE_L2,1,-0.0,false,lata
135,Skol_Lata,Tres Rios,TRE_L2,2,-0.0,false,lata
135,Skol_Lata,Tres Rios,TRE_L2,3,-0.0,false,lata
135,Skol_Lata,Tres Rios,TRE_L2,4,-0.0,false,lata
135,Skol_Lata,Tres Rios,TRE_L2,5,-0.0,false,lata
135,Skol_Lata,Tres Rios,TRE_L2,6,-0.0,false,lata
135,Skol_Lata,Tres Rios,TRE_L2,7,-0.0,false,lata
135,Skol_Lata,Tres Rios,TRE_L2,8,-0.0,false,lata
135,Skol_Lata,Tres Rios,TRE_L2,9,-0.0,false,lata
135,Skol_Lata,Tres Rios,TRE_L2,10,-0.0,false,lata
135,Skol_Lata,Tres Rios,TRE_L2,11,-0.0,false,lata
135,Skol_Lata,Tres Rios,TRE_L2,12,-0.0,false,lata
135,Skol_Lata,Tres Rios,TRE_L2,13,-0.0,false,lata
135,Skol_Lata,Tres Rios,TRE_L2,14,-0.0,false,lata
135,Skol_Lata,Tres Rios,TRE_L2,15,-0.0,false,lata
135,Skol_Lata,Tres Rios,TRE_L3,1,-0.0,false,lata
135,Skol_Lata,Tres Rios,TRE_L3,2,-0.0,false,lata
135,Skol_Lata,Tres Rios,TRE_L3,3,-0.0,false,lata
135,Skol_Lata,Tres Rios,TRE_L3,4,-0.0,false,lata
135,Skol_Lata,Tres Rios,TRE_L3,5,-0.0,false,lata
135,Skol_Lata,Tres Rios,TRE_L3,6,-0.0,false,lata
135,Skol_Lata,Tres Rios,TRE_L3,7,-0.0,false,lata
135,Skol_Lata,Tres Rios,TRE_L3,8,-0.0,false,lata
135,Skol_Lata,Tres Rios,TRE_L3,9,-0.0,false,lata
135,Skol_Lata,Tres Rios,TRE_L3,10,-0.0,false,lata
135,Skol_Lata,Tres Rios,TRE_L3,11,-0.0,false,lata
135,Skol_Lata,Tres Rios,TRE_L3,12,-0.0,false,lata
135,Skol_Lata,Tres Rios,TRE_L3,13,-0.0,false,lata
135,Skol_Lata,Tres Rios,TRE_L3,14,-0.0,false,lata
135,Skol_Lata,Tres Rios,TRE_L3,15,-0.0,false,lata
135,Skol_Lata,Alagoinhas,ALA_L1,1,-0.0,false,lata
135,Skol_Lata,Alagoinhas,ALA_L1,2,-0.0,false,lata
135,Skol_Lata,Alagoinhas,ALA_L1,3,-0.0,false,lata
135,Skol_Lata,Alagoinhas,ALA_L1,4,-0.0,false,lata
135,Skol_Lata,Alagoinhas,ALA_L1,5,-0.0,false,lata
135,Skol_Lata,Alagoinhas,ALA_L1,6,-0.0,false,lata
135,Skol_Lata,Alagoinhas,ALA_L1,7,-0.0,false,lata
135,Skol_Lata,Alagoinhas,ALA_L1,8,-0.0,false,lata
135,Skol_Lata,Alagoinhas,ALA_L1,9,-0.0,false,lata
135,Skol_Lata,Alagoinhas,ALA_L1,10,-0.0,false,lata
135,Skol_Lata,Alagoinhas,ALA_L1,11,-0.0,false,lata
135,Skol_Lata,Alagoinhas,ALA_L1,12,-0.0,false,lata
135,Skol_Lata,Alagoinhas,ALA_L1,13,-0.0,false,lata
135,Skol_Lata,Alagoinhas,ALA_L1,14,-0.0,false,lata
135,Skol_Lata,Alagoinhas,ALA_L1,15,-999999.6884940998,false,lata
135,Skol_Lata,Alagoinhas,ALA_L2,1,-0.0,false,lata
135,Skol_Lata,Alagoinhas,ALA_L2,2,-0.0,false,lata
135,Skol_Lata,Alagoinhas,ALA_L2,3,-0.0,false,lata
135,Skol_Lata,Alagoinhas,ALA_L2,4,-0.0,false,lata
135,Skol_Lata,Alagoinhas,ALA_L2,5,-0.0,false,lata
135,Skol_Lata,Alagoinhas,ALA_L2,6,-0.0,false,lata
135,Skol_Lata,Alagoinhas,ALA_L2,7,-0.0,false,lata
135,Skol_Lata,Alagoinhas,ALA_L2,8,-0.0,false,lata
135,Skol_Lata,Alagoinhas,ALA_L2,9,-0.0,false,lata
135,Skol_Lata,Alagoinhas,ALA_L2,10,-0.0,false,lata
135,Skol_Lata,Alagoinhas,ALA_L2,11,-0.0,false,lata
135,Skol_Lata,Alagoinhas,ALA_L2,12,-1.0e6,true,lata
135,Skol_Lata,Alagoinhas,ALA_L2,13,-0.0,false,lata
135,Skol_Lata,Alagoinhas,ALA_L2,14,-0.0,false,lata
135,Skol_Lata,Alagoinhas,ALA_L2,15,-0.0,false,lata
135,Skol_Lata,Alagoinhas,ALA_L3,1,-0.0,false,lata
135,Skol_Lata,Alagoinhas,ALA_L3,2,-0.0,false,lata
135,Skol_Lata,Alagoinhas,ALA_L3,3,-0.0,false,lata
135,Skol_Lata,Alagoinhas,ALA_L3,4,-999999.9903595501,false,lata
135,Skol_Lata,Alagoinhas,ALA_L3,5,-0.0,false,lata
135,Skol_Lata,Alagoinhas,ALA_L3,6,-0.0,false,lata
135,Skol_Lata,Alagoinhas,ALA_L3,7,-0.0,false,lata
135,Skol_Lata,Alagoinhas,ALA_L3,8,-0.0,false,lata
135,Skol_Lata,Alagoinhas,ALA_L3,9,-0.0,false,lata
135,Skol_Lata,Alagoinhas,ALA_L3,10,-0.0,false,lata
135,Skol_Lata,Alagoinhas,ALA_L3,11,-0.0,false,lata
135,Skol_Lata,Alagoinhas,ALA_L3,12,-1.0e6,true,lata
135,Skol_Lata,Alagoinhas,ALA_L3,13,-0.0,false,lata
135,Skol_Lata,Alagoinhas,ALA_L3,14,-0.0,false,lata
135,Skol_Lata,Alagoinhas,ALA_L3,15,-0.0,false,lata
135,Skol_Lata,Frutal,FRU_L1,1,-0.0,false,lata
135,Skol_Lata,Frutal,FRU_L1,2,-0.0,false,lata
135,Skol_Lata,Frutal,FRU_L1,3,-0.0,false,lata
135,Skol_Lata,Frutal,FRU_L1,4,-0.0,false,lata
135,Skol_Lata,Frutal,FRU_L1,5,-0.0,false,lata
135,Skol_Lata,Frutal,FRU_L1,6,-0.0,false,lata
135,Skol_Lata,Frutal,FRU_L1,7,-0.0,false,lata
135,Skol_Lata,Frutal,FRU_L1,8,-0.0,false,lata
135,Skol_Lata,Frutal,FRU_L1,9,-0.0,false,lata
135,Skol_Lata,Frutal,FRU_L1,10,-0.0,false,lata
135,Skol_Lata,Frutal,FRU_L1,11,-0.0,false,lata
135,Skol_Lata,Frutal,FRU_L1,12,-0.0,false,lata
135,Skol_Lata,Frutal,FRU_L1,13,-0.0,false,lata
135,Skol_Lata,Frutal,FRU_L1,14,-0.0,false,lata
135,Skol_Lata,Frutal,FRU_L1,15,-999999.6359660497,false,lata
135,Skol_Lata,Frutal,FRU_L2,1,-0.0,false,lata
135,Skol_Lata,Frutal,FRU_L2,2,-0.0,false,lata
135,Skol_Lata,Frutal,FRU_L2,3,-0.0,false,lata
135,Skol_Lata,Frutal,FRU_L2,4,-0.0,false,lata
135,Skol_Lata,Frutal,FRU_L2,5,-0.0,false,lata
135,Skol_Lata,Frutal,FRU_L2,6,-0.0,false,lata
135,Skol_Lata,Frutal,FRU_L2,7,-0.0,false,lata
135,Skol_Lata,Frutal,FRU_L2,8,-0.0,false,lata
135,Skol_Lata,Frutal,FRU_L2,9,-0.0,false,lata
135,Skol_Lata,Frutal,FRU_L2,10,-0.0,false,lata
135,Skol_Lata,Frutal,FRU_L2,11,-0.0,false,lata
135,Skol_Lata,Frutal,FRU_L2,12,-0.0,false,lata
135,Skol_Lata,Frutal,FRU_L2,13,-0.0,false,lata
135,Skol_Lata,Frutal,FRU_L2,14,-0.0,false,lata
135,Skol_Lata,Frutal,FRU_L2,15,-0.0,false,lata
135,Skol_Lata,Frutal,FRU_L3,1,-0.0,false,lata
135,Skol_Lata,Frutal,FRU_L3,2,-1.0e6,true,lata
135,Skol_Lata,Frutal,FRU_L3,3,-0.0,false,lata
135,Skol_Lata,Frutal,FRU_L3,4,-0.0,false,lata
135,Skol_Lata,Frutal,FRU_L3,5,-0.0,false,lata
135,Skol_Lata,Frutal,FRU_L3,6,-0.0,false,lata
135,Skol_Lata,Frutal,FRU_L3,7,-0.0,false,lata
135,Skol_Lata,Frutal,FRU_L3,8,-0.0,false,lata
135,Skol_Lata,Frutal,FRU_L3,9,-0.0,false,lata
135,Skol_Lata,Frutal,FRU_L3,10,-0.0,false,lata
135,Skol_Lata,Frutal,FRU_L3,11,-0.0,false,lata
135,Skol_Lata,Frutal,FRU_L3,12,-0.0,false,lata
135,Skol_Lata,Frutal,FRU_L3,13,-0.0,false,lata
135,Skol_Lata,Frutal,FRU_L3,14,-0.0,false,lata
135,Skol_Lata,Frutal,FRU_L3,15,-0.0,false,lata
135,Skol_Lata,Pouso Alegre,POU_L1,1,-0.0,false,lata
135,Skol_Lata,Pouso Alegre,POU_L1,2,-0.0,false,lata
135,Skol_Lata,Pouso Alegre,POU_L1,3,-0.0,false,lata
135,Skol_Lata,Pouso Alegre,POU_L1,4,-999999.9747713001,false,lata
135,Skol_Lata,Pouso Alegre,POU_L1,5,-0.0,false,lata
135,Skol_Lata,Pouso Alegre,POU_L1,6,-0.0,false,lata
135,Skol_Lata,Pouso Alegre,POU_L1,7,-0.0,false,lata
135,Skol_Lata,Pouso Alegre,POU_L1,8,-0.0,false,lata
135,Skol_Lata,Pouso Alegre,POU_L1,9,-0.0,false,lata
135,Skol_Lata,Pouso Alegre,POU_L1,10,-0.0,false,lata
135,Skol_Lata,Pouso Alegre,POU_L1,11,-0.0,false,lata
135,Skol_Lata,Pouso Alegre,POU_L1,12,-999999.9473494,false,lata
135,Skol_Lata,Pouso Alegre,POU_L1,13,-0.0,false,lata
135,Skol_Lata,Pouso Alegre,POU_L1,14,-0.0,false,lata
135,Skol_Lata,Pouso Alegre,POU_L1,15,-0.0,false,lata
135,Skol_Lata,Pouso Alegre,POU_L2,1,-0.0,false,lata
135,Skol_Lata,Pouso Alegre,POU_L2,2,-0.0,false,lata
135,Skol_Lata,Pouso Alegre,POU_L2,3,-0.0,false,lata
135,Skol_Lata,Pouso Alegre,POU_L2,4,-0.0,false,lata
135,Skol_Lata,Pouso Alegre,POU_L2,5,-0.0,false,lata
135,Skol_Lata,Pouso Alegre,POU_L2,6,-0.0,false,lata
135,Skol_Lata,Pouso Alegre,POU_L2,7,-0.0,false,lata
135,Skol_Lata,Pouso Alegre,POU_L2,8,-0.0,false,lata
135,Skol_Lata,Pouso Alegre,POU_L2,9,-0.0,false,lata
135,Skol_Lata,Pouso Alegre,POU_L2,10,-0.0,false,lata
135,Skol_Lata,Pouso Alegre,POU_L2,11,-0.0,false,lata
135,Skol_Lata,Pouso Alegre,POU_L2,12,-0.0,false,lata
135,Skol_Lata,Pouso Alegre,POU_L2,13,-0.0,false,lata
135,Skol_Lata,Pouso Alegre,POU_L2,14,-0.0,false,lata
135,Skol_Lata,Pouso Alegre,POU_L2,15,-0.0,false,lata
135,Skol_Lata,Pouso Alegre,POU_L3,1,-0.0,false,lata
135,Skol_Lata,Pouso Alegre,POU_L3,2,-0.0,false,lata
135,Skol_Lata,Pouso Alegre,POU_L3,3,-0.0,false,lata
135,Skol_Lata,Pouso Alegre,POU_L3,4,-0.0,false,lata
135,Skol_Lata,Pouso Alegre,POU_L3,5,-0.0,false,lata
135,Skol_Lata,Pouso Alegre,POU_L3,6,-0.0,false,lata
135,Skol_Lata,Pouso Alegre,POU_L3,7,-0.0,false,lata
135,Skol_Lata,Pouso Alegre,POU_L3,8,-0.0,false,lata
135,Skol_Lata,Pouso Alegre,POU_L3,9,-0.0,false,lata
135,Skol_Lata,Pouso Alegre,POU_L3,10,-0.0,false,lata
135,Skol_Lata,Pouso Alegre,POU_L3,11,-999999.6459494,false,lata
135,Skol_Lata,Pouso Alegre,POU_L3,12,-0.0,false,lata
135,Skol_Lata,Pouso Alegre,POU_L3,13,-0.0,false,lata
135,Skol_Lata,Pouso Alegre,POU_L3,14,-0.0,false,lata
135,Skol_Lata,Pouso Alegre,POU_L3,15,-0.0,false,lata
135,Skol_Lata,Gama,GAM_L1,1,-0.0,false,lata
135,Skol_Lata,Gama,GAM_L1,2,-1.0e6,true,lata
135,Skol_Lata,Gama,GAM_L1,3,-0.0,false,lata
135,Skol_Lata,Gama,GAM_L1,4,-1.0e6,true,lata
135,Skol_Lata,Gama,GAM_L1,5,-0.0,false,lata
135,Skol_Lata,Gama,GAM_L1,6,-0.0,false,lata
135,Skol_Lata,Gama,GAM_L1,7,-0.0,false,lata
135,Skol_Lata,Gama,GAM_L1,8,-0.0,false,lata
135,Skol_Lata,Gama,GAM_L1,9,-0.0,false,lata
135,Skol_Lata,Gama,GAM_L1,10,-0.0,false,lata
135,Skol_Lata,Gama,GAM_L1,11,-0.0,false,lata
135,Skol_Lata,Gama,GAM_L1,12,-0.0,false,lata
135,Skol_Lata,Gama,GAM_L1,13,-1.0e6,true,lata
135,Skol_Lata,Gama,GAM_L1,14,-0.0,false,lata
135,Skol_Lata,Gama,GAM_L1,15,-0.0,false,lata
135,Skol_Lata,Gama,GAM_L2,1,-0.0,false,lata
135,Skol_Lata,Gama,GAM_L2,2,-0.0,false,lata
135,Skol_Lata,Gama,GAM_L2,3,-0.0,false,lata
135,Skol_Lata,Gama,GAM_L2,4,-0.0,false,lata
135,Skol_Lata,Gama,GAM_L2,5,-0.0,false,lata
135,Skol_Lata,Gama,GAM_L2,6,-0.0,false,lata
135,Skol_Lata,Gama,GAM_L2,7,-0.0,false,lata
135,Skol_Lata,Gama,GAM_L2,8,-0.0,false,lata
135,Skol_Lata,Gama,GAM_L2,9,-0.0,false,lata
135,Skol_Lata,Gama,GAM_L2,10,-0.0,false,lata
135,Skol_Lata,Gama,GAM_L2,11,-0.0,false,lata
135,Skol_Lata,Gama,GAM_L2,12,-0.0,false,lata
135,Skol_Lata,Gama,GAM_L2,13,-0.0,false,lata
135,Skol_Lata,Gama,GAM_L2,14,-0.0,false,lata
135,Skol_Lata,Gama,GAM_L2,15,-0.0,false,lata
135,Skol_Lata,Gama,GAM_L3,1,-0.0,false,lata
135,Skol_Lata,Gama,GAM_L3,2,-0.0,false,lata
135,Skol_Lata,Gama,GAM_L3,3,-0.0,false,lata
135,Skol_Lata,Gama,GAM_L3,4,-0.0,false,lata
135,Skol_Lata,Gama,GAM_L3,5,-0.0,false,lata
135,Skol_Lata,Gama,GAM_L3,6,-0.0,false,lata
135,Skol_Lata,Gama,GAM_L3,7,-0.0,false,lata
135,Skol_Lata,Gama,GAM_L3,8,-999998.7935201499,false,lata
135,Skol_Lata,Gama,GAM_L3,9,-0.0,false,lata
135,Skol_Lata,Gama,GAM_L3,10,-999999.3638720999,false,lata
135,Skol_Lata,Gama,GAM_L3,11,-999999.6711780999,false,lata
135,Skol_Lata,Gama,GAM_L3,12,-0.0,false,lata
135,Skol_Lata,Gama,GAM_L3,13,-0.0,false,lata
135,Skol_Lata,Gama,GAM_L3,14,-0.0,false,lata
135,Skol_Lata,Gama,GAM_L3,15,-0.0,false,lata
135,Skol_Lata,Viamao,VIA_L1,1,-0.0,false,lata
135,Skol_Lata,Viamao,VIA_L1,2,-0.0,false,lata
135,Skol_Lata,Viamao,VIA_L1,3,-0.0,false,lata
135,Skol_Lata,Viamao,VIA_L1,4,-0.0,false,lata
135,Skol_Lata,Viamao,VIA_L1,5,-0.0,false,lata
135,Skol_Lata,Viamao,VIA_L1,6,-0.0,false,lata
135,Skol_Lata,Viamao,VIA_L1,7,-0.0,false,lata
135,Skol_Lata,Viamao,VIA_L1,8,-999998.79921845,false,lata
135,Skol_Lata,Viamao,VIA_L1,9,-0.0,false,lata
135,Skol_Lata,Viamao,VIA_L1,10,-0.0,false,lata
135,Skol_Lata,Viamao,VIA_L1,11,-0.0,false,lata
135,Skol_Lata,Viamao,VIA_L1,12,-0.0,false,lata
135,Skol_Lata,Viamao,VIA_L1,13,-0.0,false,lata
135,Skol_Lata,Viamao,VIA_L1,14,-0.0,false,lata
135,Skol_Lata,Viamao,VIA_L1,15,-0.0,false,lata
135,Skol_Lata,Viamao,VIA_L2,1,-0.0,false,lata
135,Skol_Lata,Viamao,VIA_L2,2,-0.0,false,lata
135,Skol_Lata,Viamao,VIA_L2,3,-0.0,false,lata
135,Skol_Lata,Viamao,VIA_L2,4,-0.0,false,lata
135,Skol_Lata,Viamao,VIA_L2,5,-0.0,false,lata
135,Skol_Lata,Viamao,VIA_L2,6,-0.0,false,lata
135,Skol_Lata,Viamao,VIA_L2,7,-0.0,false,lata
135,Skol_Lata,Viamao,VIA_L2,8,-0.0,false,lata
135,Skol_Lata,Viamao,VIA_L2,9,-0.0,false,lata
135,Skol_Lata,Viamao,VIA_L2,10,-0.0,false,lata
135,Skol_Lata,Viamao,VIA_L2,11,-0.0,false,lata
135,Skol_Lata,Viamao,VIA_L2,12,-0.0,false,lata
135,Skol_Lata,Viamao,VIA_L2,13,-0.0,false,lata
135,Skol_Lata,Viamao,VIA_L2,14,-0.0,false,lata
135,Skol_Lata,Viamao,VIA_L2,15,-0.0,false,lata
135,Skol_Lata,Viamao,VIA_L3,1,-999999.8752632,false,lata
135,Skol_Lata,Viamao,VIA_L3,2,-0.0,false,lata
135,Skol_Lata,Viamao,VIA_L3,3,-0.0,false,lata
135,Skol_Lata,Viamao,VIA_L3,4,-0.0,false,lata
135,Skol_Lata,Viamao,VIA_L3,5,-0.0,false,lata
135,Skol_Lata,Viamao,VIA_L3,6,-0.0,false,lata
135,Skol_Lata,Viamao,VIA_L3,7,-0.0,false,lata
135,Skol_Lata,Viamao,VIA_L3,8,-0.0,false,lata
135,Skol_Lata,Viamao,VIA_L3,9,-0.0,false,lata
135,Skol_Lata,Viamao,VIA_L3,10,-999999.2958146,false,lata
135,Skol_Lata,Viamao,VIA_L3,11,-0.0,false,lata
135,Skol_Lata,Viamao,VIA_L3,12,-0.0,false,lata
135,Skol_Lata,Viamao,VIA_L3,13,-0.0,false,lata
135,Skol_Lata,Viamao,VIA_L3,14,-0.0,false,lata
135,Skol_Lata,Viamao,VIA_L3,15,-0.0,false,lata
135,Skol_Lata,Itupeva,ITU_L1,1,-0.0,false,lata
135,Skol_Lata,Itupeva,ITU_L1,2,-0.0,false,lata
135,Skol_Lata,Itupeva,ITU_L1,3,-0.0,false,lata
135,Skol_Lata,Itupeva,ITU_L1,4,-0.0,false,lata
135,Skol_Lata,Itupeva,ITU_L1,5,-0.0,false,lata
135,Skol_Lata,Itupeva,ITU_L1,6,-0.0,false,lata
135,Skol_Lata,Itupeva,ITU_L1,7,-0.0,false,lata
135,Skol_Lata,Itupeva,ITU_L1,8,-0.0,false,lata
135,Skol_Lata,Itupeva,ITU_L1,9,-0.0,false,lata
135,Skol_Lata,Itupeva,ITU_L1,10,-0.0,false,lata
135,Skol_Lata,Itupeva,ITU_L1,11,-0.0,false,lata
135,Skol_Lata,Itupeva,ITU_L1,12,-0.0,false,lata
135,Skol_Lata,Itupeva,ITU_L1,13,-0.0,false,lata
135,Skol_Lata,Itupeva,ITU_L1,14,-0.0,false,lata
135,Skol_Lata,Itupeva,ITU_L1,15,-999999.6242129498,false,lata
135,Skol_Lata,Itupeva,ITU_L2,1,-0.0,false,lata
135,Skol_Lata,Itupeva,ITU_L2,2,-0.0,false,lata
135,Skol_Lata,Itupeva,ITU_L2,3,-0.0,false,lata
135,Skol_Lata,Itupeva,ITU_L2,4,-0.0,false,lata
135,Skol_Lata,Itupeva,ITU_L2,5,-0.0,false,lata
135,Skol_Lata,Itupeva,ITU_L2,6,-0.0,false,lata
135,Skol_Lata,Itupeva,ITU_L2,7,-0.0,false,lata
135,Skol_Lata,Itupeva,ITU_L2,8,-0.0,false,lata
135,Skol_Lata,Itupeva,ITU_L2,9,-0.0,false,lata
135,Skol_Lata,Itupeva,ITU_L2,10,-0.0,false,lata
135,Skol_Lata,Itupeva,ITU_L2,11,-0.0,false,lata
135,Skol_Lata,Itupeva,ITU_L2,12,-0.0,false,lata
135,Skol_Lata,Itupeva,ITU_L2,13,-0.0,false,lata
135,Skol_Lata,Itupeva,ITU_L2,14,-0.0,false,lata
135,Skol_Lata,Itupeva,ITU_L2,15,-0.0,false,lata
135,Skol_Lata,Itupeva,ITU_L3,1,-0.0,false,lata
135,Skol_Lata,Itupeva,ITU_L3,2,-0.0,false,lata
135,Skol_Lata,Itupeva,ITU_L3,3,-0.0,false,lata
135,Skol_Lata,Itupeva,ITU_L3,4,-0.0,false,lata
135,Skol_Lata,Itupeva,ITU_L3,5,-0.0,false,lata
135,Skol_Lata,Itupeva,ITU_L3,6,-0.0,false,lata
135,Skol_Lata,Itupeva,ITU_L3,7,-0.0,false,lata
135,Skol_Lata,Itupeva,ITU_L3,8,-0.0,false,lata
135,Skol_Lata,Itupeva,ITU_L3,9,-0.0,false,lata
135,Skol_Lata,Itupeva,ITU_L3,10,-0.0,false,lata
135,Skol_Lata,Itupeva,ITU_L3,11,-0.0,false,lata
135,Skol_Lata,Itupeva,ITU_L3,12,-999999.9413985,false,lata
135,Skol_Lata,Itupeva,ITU_L3,13,-999999.99699125,false,lata
135,Skol_Lata,Itupeva,ITU_L3,14,-0.0,false,lata
135,Skol_Lata,Itupeva,ITU_L3,15,-0.0,false,lata
135,Skol_Lata,Cabo de Santo Agostinho,CAB_L1,1,-1.0e6,true,lata
135,Skol_Lata,Cabo de Santo Agostinho,CAB_L1,2,-0.0,false,lata
135,Skol_Lata,Cabo de Santo Agostinho,CAB_L1,3,-0.0,false,lata
135,Skol_Lata,Cabo de Santo Agostinho,CAB_L1,4,-0.0,false,lata
135,Skol_Lata,Cabo de Santo Agostinho,CAB_L1,5,-0.0,false,lata
135,Skol_Lata,Cabo de Santo Agostinho,CAB_L1,6,-0.0,false,lata
135,Skol_Lata,Cabo de Santo Agostinho,CAB_L1,7,-0.0,false,lata
135,Skol_Lata,Cabo de Santo Agostinho,CAB_L1,8,-0.0,false,lata
135,Skol_Lata,Cabo de Santo Agostinho,CAB_L1,9,-0.0,false,lata
135,Skol_Lata,Cabo de Santo Agostinho,CAB_L1,10,-0.0,false,lata
135,Skol_Lata,Cabo de Santo Agostinho,CAB_L1,11,-0.0,false,lata
135,Skol_Lata,Cabo de Santo Agostinho,CAB_L1,12,-0.0,false,lata
135,Skol_Lata,Cabo de Santo Agostinho,CAB_L1,13,-0.0,false,lata
135,Skol_Lata,Cabo de Santo Agostinho,CAB_L1,14,-999999.71355805,false,lata
135,Skol_Lata,Cabo de Santo Agostinho,CAB_L1,15,-0.0,false,lata
135,Skol_Lata,Cabo de Santo Agostinho,CAB_L2,1,-0.0,false,lata
135,Skol_Lata,Cabo de Santo Agostinho,CAB_L2,2,-0.0,false,lata
135,Skol_Lata,Cabo de Santo Agostinho,CAB_L2,3,-0.0,false,lata
135,Skol_Lata,Cabo de Santo Agostinho,CAB_L2,4,-0.0,false,lata
135,Skol_Lata,Cabo de Santo Agostinho,CAB_L2,5,-0.0,false,lata
135,Skol_Lata,Cabo de Santo Agostinho,CAB_L2,6,-0.0,false,lata
135,Skol_Lata,Cabo de Santo Agostinho,CAB_L2,7,-0.0,false,lata
135,Skol_Lata,Cabo de Santo Agostinho,CAB_L2,8,-0.0,false,lata
135,Skol_Lata,Cabo de Santo Agostinho,CAB_L2,9,-0.0,false,lata
135,Skol_Lata,Cabo de Santo Agostinho,CAB_L2,10,-0.0,false,lata
135,Skol_Lata,Cabo de Santo Agostinho,CAB_L2,11,-0.0,false,lata
135,Skol_Lata,Cabo de Santo Agostinho,CAB_L2,12,-0.0,false,lata
135,Skol_Lata,Cabo de Santo Agostinho,CAB_L2,13,-0.0,false,lata
135,Skol_Lata,Cabo de Santo Agostinho,CAB_L2,14,-0.0,false,lata
135,Skol_Lata,Cabo de Santo Agostinho,CAB_L2,15,-0.0,false,lata
135,Skol_Lata,Cabo de Santo Agostinho,CAB_L3,1,-0.0,false,lata
135,Skol_Lata,Cabo de Santo Agostinho,CAB_L3,2,-0.0,false,lata
135,Skol_Lata,Cabo de Santo Agostinho,CAB_L3,3,-0.0,false,lata
135,Skol_Lata,Cabo de Santo Agostinho,CAB_L3,4,-0.0,false,lata
135,Skol_Lata,Cabo de Santo Agostinho,CAB_L3,5,-0.0,false,lata
135,Skol_Lata,Cabo de Santo Agostinho,CAB_L3,6,-0.0,false,lata
135,Skol_Lata,Cabo de Santo Agostinho,CAB_L3,7,-0.0,false,lata
135,Skol_Lata,Cabo de Santo Agostinho,CAB_L3,8,-0.0,false,lata
135,Skol_Lata,Cabo de Santo Agostinho,CAB_L3,9,-0.0,false,lata
135,Skol_Lata,Cabo de Santo Agostinho,CAB_L3,10,-0.0,false,lata
135,Skol_Lata,Cabo de Santo Agostinho,CAB_L3,11,-0.0,false,lata
135,Skol_Lata,Cabo de Santo Agostinho,CAB_L3,12,-0.0,false,lata
135,Skol_Lata,Cabo de Santo Agostinho,CAB_L3,13,-0.0,false,lata
135,Skol_Lata,Cabo de Santo Agostinho,CAB_L3,14,-0.0,false,lata
135,Skol_Lata,Cabo de Santo Agostinho,CAB_L3,15,-0.0,false,lata
135,Kuat,Jacarei,JAC_L1,1,-0.0,false,lata
135,Kuat,Jacarei,JAC_L1,2,-0.0,false,lata
135,Kuat,Jacarei,JAC_L1,3,-0.0,false,lata
135,Kuat,Jacarei,JAC_L1,4,-0.0,false,lata
135,Kuat,Jacarei,JAC_L1,5,-0.0,false,lata
135,Kuat,Jacarei,JAC_L1,6,-0.0,false,lata
135,Kuat,Jacarei,JAC_L1,7,-0.0,false,lata
135,Kuat,Jacarei,JAC_L1,8,-0.0,false,lata
135,Kuat,Jacarei,JAC_L1,9,-0.0,false,lata
135,Kuat,Jacarei,JAC_L1,10,-0.0,false,lata
135,Kuat,Jacarei,JAC_L1,11,-0.0,false,lata
135,Kuat,Jacarei,JAC_L1,12,-0.0,false,lata
135,Kuat,Jacarei,JAC_L1,13,-0.0,false,lata
135,Kuat,Jacarei,JAC_L1,14,-0.0,false,lata
135,Kuat,Jacarei,JAC_L1,15,-0.0,false,lata
135,Kuat,Jacarei,JAC_L2,1,-0.0,false,lata
135,Kuat,Jacarei,JAC_L2,2,-0.0,false,lata
135,Kuat,Jacarei,JAC_L2,3,-1.0e6,true,lata
135,Kuat,Jacarei,JAC_L2,4,-0.0,false,lata
135,Kuat,Jacarei,JAC_L2,5,-0.0,false,lata
135,Kuat,Jacarei,JAC_L2,6,-0.0,false,lata
135,Kuat,Jacarei,JAC_L2,7,-0.0,false,lata
135,Kuat,Jacarei,JAC_L2,8,-0.0,false,lata
135,Kuat,Jacarei,JAC_L2,9,-1.0e6,true,lata
135,Kuat,Jacarei,JAC_L2,10,-0.0,false,lata
135,Kuat,Jacarei,JAC_L2,11,-0.0,false,lata
135,Kuat,Jacarei,JAC_L2,12,-0.0,false,lata
135,Kuat,Jacarei,JAC_L2,13,-0.0,false,lata
135,Kuat,Jacarei,JAC_L2,14,-0.0,false,lata
135,Kuat,Jacarei,JAC_L2,15,-0.0,false,lata
135,Kuat,Jacarei,JAC_L3,1,-0.0,false,lata
135,Kuat,Jacarei,JAC_L3,2,-0.0,false,lata
135,Kuat,Jacarei,JAC_L3,3,-0.0,false,lata
135,Kuat,Jacarei,JAC_L3,4,-0.0,false,lata
135,Kuat,Jacarei,JAC_L3,5,-0.0,false,lata
135,Kuat,Jacarei,JAC_L3,6,-0.0,false,lata
135,Kuat,Jacarei,JAC_L3,7,-0.0,false,lata
135,Kuat,Jacarei,JAC_L3,8,-0.0,false,lata
135,Kuat,Jacarei,JAC_L3,9,-0.0,false,lata
135,Kuat,Jacarei,JAC_L3,10,-0.0,false,lata
135,Kuat,Jacarei,JAC_L3,11,-0.0,false,lata
135,Kuat,Jacarei,JAC_L3,12,-0.0,false,lata
135,Kuat,Jacarei,JAC_L3,13,-0.0,false,lata
135,Kuat,Jacarei,JAC_L3,14,-0.0,false,lata
135,Kuat,Jacarei,JAC_L3,15,-0.0,false,lata
135,Kuat,Extrema,EXT_L1,1,-0.0,false,lata
135,Kuat,Extrema,EXT_L1,2,-0.0,false,lata
135,Kuat,Extrema,EXT_L1,3,-0.0,false,lata
135,Kuat,Extrema,EXT_L1,4,-0.0,false,lata
135,Kuat,Extrema,EXT_L1,5,-0.0,false,lata
135,Kuat,Extrema,EXT_L1,6,-0.0,false,lata
135,Kuat,Extrema,EXT_L1,7,-0.0,false,lata
135,Kuat,Extrema,EXT_L1,8,-0.0,false,lata
135,Kuat,Extrema,EXT_L1,9,-0.0,false,lata
135,Kuat,Extrema,EXT_L1,10,-0.0,false,lata
135,Kuat,Extrema,EXT_L1,11,-1.0e6,true,lata
135,Kuat,Extrema,EXT_L1,12,-0.0,false,lata
135,Kuat,Extrema,EXT_L1,13,-0.0,false,lata
135,Kuat,Extrema,EXT_L1,14,-0.0,false,lata
135,Kuat,Extrema,EXT_L1,15,-0.0,false,lata
135,Kuat,Extrema,EXT_L2,1,-0.0,false,lata
135,Kuat,Extrema,EXT_L2,2,-0.0,false,lata
135,Kuat,Extrema,EXT_L2,3,-0.0,false,lata
135,Kuat,Extrema,EXT_L2,4,-0.0,false,lata
135,Kuat,Extrema,EXT_L2,5,-0.0,false,lata
135,Kuat,Extrema,EXT_L2,6,-0.0,false,lata
135,Kuat,Extrema,EXT_L2,7,-0.0,false,lata
135,Kuat,Extrema,EXT_L2,8,-1.0e6,true,lata
135,Kuat,Extrema,EXT_L2,9,-0.0,false,lata
135,Kuat,Extrema,EXT_L2,10,-0.0,false,lata
135,Kuat,Extrema,EXT_L2,11,-0.0,false,lata
135,Kuat,Extrema,EXT_L2,12,-0.0,false,lata
135,Kuat,Extrema,EXT_L2,13,-0.0,false,lata
135,Kuat,Extrema,EXT_L2,14,-0.0,false,lata
135,Kuat,Extrema,EXT_L2,15,-0.0,false,lata
135,Kuat,Extrema,EXT_L3,1,-0.0,false,lata
135,Kuat,Extrema,EXT_L3,2,-0.0,false,lata
135,Kuat,Extrema,EXT_L3,3,-0.0,false,lata
135,Kuat,Extrema,EXT_L3,4,-0.0,false,lata
135,Kuat,Extrema,EXT_L3,5,-0.0,false,lata
135,Kuat,Extrema,EXT_L3,6,-1.0e6,true,lata
135,Kuat,Extrema,EXT_L3,7,-0.0,false,lata
135,Kuat,Extrema,EXT_L3,8,-0.0,false,lata
135,Kuat,Extrema,EXT_L3,9,-0.0,false,lata
135,Kuat,Extrema,EXT_L3,10,-0.0,false,lata
135,Kuat,Extrema,EXT_L3,11,-0.0,false,lata
135,Kuat,Extrema,EXT_L3,12,-0.0,false,lata
135,Kuat,Extrema,EXT_L3,13,-0.0,false,lata
135,Kuat,Extrema,EXT_L3,14,-0.0,false,lata
135,Kuat,Extrema,EXT_L3,15,-0.0,false,lata
135,Kuat,Tres Rios,TRE_L1,1,-0.0,false,lata
135,Kuat,Tres Rios,TRE_L1,2,-0.0,false,lata
135,Kuat,Tres Rios,TRE_L1,3,-0.0,false,lata
135,Kuat,Tres Rios,TRE_L1,4,-0.0,false,lata
135,Kuat,Tres Rios,TRE_L1,5,-0.0,false,lata
135,Kuat,Tres Rios,TRE_L1,6,-0.0,false,lata
135,Kuat,Tres Rios,TRE_L1,7,-0.0,false,lata
135,Kuat,Tres Rios,TRE_L1,8,-0.0,false,lata
135,Kuat,Tres Rios,TRE_L1,9,-0.0,false,lata
135,Kuat,Tres Rios,TRE_L1,10,-0.0,false,lata
135,Kuat,Tres Rios,TRE_L1,11,-0.0,false,lata
135,Kuat,Tres Rios,TRE_L1,12,-0.0,false,lata
135,Kuat,Tres Rios,TRE_L1,13,-0.0,false,lata
135,Kuat,Tres Rios,TRE_L1,14,-0.0,false,lata
135,Kuat,Tres Rios,TRE_L1,15,-0.0,false,lata
135,Kuat,Tres Rios,TRE_L2,1,-0.0,false,lata
135,Kuat,Tres Rios,TRE_L2,2,-0.0,false,lata
135,Kuat,Tres Rios,TRE_L2,3,-0.0,false,lata
135,Kuat,Tres Rios,TRE_L2,4,-0.0,false,lata
135,Kuat,Tres Rios,TRE_L2,5,-0.0,false,lata
135,Kuat,Tres Rios,TRE_L2,6,-0.0,false,lata
135,Kuat,Tres Rios,TRE_L2,7,-0.0,false,lata
135,Kuat,Tres Rios,TRE_L2,8,-0.0,false,lata
135,Kuat,Tres Rios,TRE_L2,9,-0.0,false,lata
135,Kuat,Tres Rios,TRE_L2,10,-0.0,false,lata
135,Kuat,Tres Rios,TRE_L2,11,-0.0,false,lata
135,Kuat,Tres Rios,TRE_L2,12,-0.0,false,lata
135,Kuat,Tres Rios,TRE_L2,13,-0.0,false,lata
135,Kuat,Tres Rios,TRE_L2,14,-0.0,false,lata
135,Kuat,Tres Rios,TRE_L2,15,-0.0,false,lata
135,Kuat,Tres Rios,TRE_L3,1,-0.0,false,lata
135,Kuat,Tres Rios,TRE_L3,2,-0.0,false,lata
135,Kuat,Tres Rios,TRE_L3,3,-0.0,false,lata
135,Kuat,Tres Rios,TRE_L3,4,-0.0,false,lata
135,Kuat,Tres Rios,TRE_L3,5,-1.0e6,true,lata
135,Kuat,Tres Rios,TRE_L3,6,-0.0,false,lata
135,Kuat,Tres Rios,TRE_L3,7,-0.0,false,lata
135,Kuat,Tres Rios,TRE_L3,8,-0.0,false,lata
135,Kuat,Tres Rios,TRE_L3,9,-0.0,false,lata
135,Kuat,Tres Rios,TRE_L3,10,-0.0,false,lata
135,Kuat,Tres Rios,TRE_L3,11,-0.0,false,lata
135,Kuat,Tres Rios,TRE_L3,12,-0.0,false,lata
135,Kuat,Tres Rios,TRE_L3,13,-0.0,false,lata
135,Kuat,Tres Rios,TRE_L3,14,-0.0,false,lata
135,Kuat,Tres Rios,TRE_L3,15,-0.0,false,lata
135,Kuat,Alagoinhas,ALA_L1,1,-0.0,false,lata
135,Kuat,Alagoinhas,ALA_L1,2,-0.0,false,lata
135,Kuat,Alagoinhas,ALA_L1,3,-0.0,false,lata
135,Kuat,Alagoinhas,ALA_L1,4,-0.0,false,lata
135,Kuat,Alagoinhas,ALA_L1,5,-0.0,false,lata
135,Kuat,Alagoinhas,ALA_L1,6,-0.0,false,lata
135,Kuat,Alagoinhas,ALA_L1,7,-0.0,false,lata
135,Kuat,Alagoinhas,ALA_L1,8,-0.0,false,lata
135,Kuat,Alagoinhas,ALA_L1,9,-1.0e6,true,lata
135,Kuat,Alagoinhas,ALA_L1,10,-0.0,false,lata
135,Kuat,Alagoinhas,ALA_L1,11,-1.0e6,true,lata
135,Kuat,Alagoinhas,ALA_L1,12,-0.0,false,lata
135,Kuat,Alagoinhas,ALA_L1,13,-0.0,false,lata
135,Kuat,Alagoinhas,ALA_L1,14,-0.0,false,lata
135,Kuat,Alagoinhas,ALA_L1,15,-0.0,false,lata
135,Kuat,Alagoinhas,ALA_L2,1,-0.0,false,lata
135,Kuat,Alagoinhas,ALA_L2,2,-0.0,false,lata
135,Kuat,Alagoinhas,ALA_L2,3,-0.0,false,lata
135,Kuat,Alagoinhas,ALA_L2,4,-0.0,false,lata
135,Kuat,Alagoinhas,ALA_L2,5,-0.0,false,lata
135,Kuat,Alagoinhas,ALA_L2,6,-0.0,false,lata
135,Kuat,Alagoinhas,ALA_L2,7,-0.0,false,lata
135,Kuat,Alagoinhas,ALA_L2,8,-0.0,false,lata
135,Kuat,Alagoinhas,ALA_L2,9,-0.0,false,lata
135,Kuat,Alagoinhas,ALA_L2,10,-0.0,false,lata
135,Kuat,Alagoinhas,ALA_L2,11,-0.0,false,lata
135,Kuat,Alagoinhas,ALA_L2,12,-0.0,false,lata
135,Kuat,Alagoinhas,ALA_L2,13,-0.0,false,lata
135,Kuat,Alagoinhas,ALA_L2,14,-0.0,false,lata
135,Kuat,Alagoinhas,ALA_L2,15,-0.0,false,lata
135,Kuat,Alagoinhas,ALA_L3,1,-0.0,false,lata
135,Kuat,Alagoinhas,ALA_L3,2,-0.0,false,lata
135,Kuat,Alagoinhas,ALA_L3,3,-0.0,false,lata
135,Kuat,Alagoinhas,ALA_L3,4,-0.0,false,lata
135,Kuat,Alagoinhas,ALA_L3,5,-0.0,false,lata
135,Kuat,Alagoinhas,ALA_L3,6,-0.0,false,lata
135,Kuat,Alagoinhas,ALA_L3,7,-1.0e6,true,lata
135,Kuat,Alagoinhas,ALA_L3,8,-0.0,false,lata
135,Kuat,Alagoinhas,ALA_L3,9,-0.0,false,lata
135,Kuat,Alagoinhas,ALA_L3,10,-0.0,false,lata
135,Kuat,Alagoinhas,ALA_L3,11,-0.0,false,lata
135,Kuat,Alagoinhas,ALA_L3,12,-0.0,false,lata
135,Kuat,Alagoinhas,ALA_L3,13,-0.0,false,lata
135,Kuat,Alagoinhas,ALA_L3,14,-0.0,false,lata
135,Kuat,Alagoinhas,ALA_L3,15,-0.0,false,lata
135,Kuat,Frutal,FRU_L1,1,-0.0,false,lata
135,Kuat,Frutal,FRU_L1,2,-0.0,false,lata
135,Kuat,Frutal,FRU_L1,3,-0.0,false,lata
135,Kuat,Frutal,FRU_L1,4,-0.0,false,lata
135,Kuat,Frutal,FRU_L1,5,-0.0,false,lata
135,Kuat,Frutal,FRU_L1,6,-0.0,false,lata
135,Kuat,Frutal,FRU_L1,7,-0.0,false,lata
135,Kuat,Frutal,FRU_L1,8,-0.0,false,lata
135,Kuat,Frutal,FRU_L1,9,-0.0,false,lata
135,Kuat,Frutal,FRU_L1,10,-0.0,false,lata
135,Kuat,Frutal,FRU_L1,11,-0.0,false,lata
135,Kuat,Frutal,FRU_L1,12,-0.0,false,lata
135,Kuat,Frutal,FRU_L1,13,-0.0,false,lata
135,Kuat,Frutal,FRU_L1,14,-0.0,false,lata
135,Kuat,Frutal,FRU_L1,15,-0.0,false,lata
135,Kuat,Frutal,FRU_L2,1,-0.0,false,lata
135,Kuat,Frutal,FRU_L2,2,-0.0,false,lata
135,Kuat,Frutal,FRU_L2,3,-1.0e6,true,lata
135,Kuat,Frutal,FRU_L2,4,-0.0,false,lata
135,Kuat,Frutal,FRU_L2,5,-1.0e6,true,lata
135,Kuat,Frutal,FRU_L2,6,-1.0e6,true,lata
135,Kuat,Frutal,FRU_L2,7,-1.0e6,true,lata
135,Kuat,Frutal,FRU_L2,8,-0.0,false,lata
135,Kuat,Frutal,FRU_L2,9,-0.0,false,lata
135,Kuat,Frutal,FRU_L2,10,-0.0,false,lata
135,Kuat,Frutal,FRU_L2,11,-0.0,false,lata
135,Kuat,Frutal,FRU_L2,12,-0.0,false,lata
135,Kuat,Frutal,FRU_L2,13,-0.0,false,lata
135,Kuat,Frutal,FRU_L2,14,-0.0,false,lata
135,Kuat,Frutal,FRU_L2,15,-1.0e6,true,lata
135,Kuat,Frutal,FRU_L3,1,-0.0,false,lata
135,Kuat,Frutal,FRU_L3,2,-0.0,false,lata
135,Kuat,Frutal,FRU_L3,3,-0.0,false,lata
135,Kuat,Frutal,FRU_L3,4,-0.0,false,lata
135,Kuat,Frutal,FRU_L3,5,-0.0,false,lata
135,Kuat,Frutal,FRU_L3,6,-0.0,false,lata
135,Kuat,Frutal,FRU_L3,7,-0.0,false,lata
135,Kuat,Frutal,FRU_L3,8,-0.0,false,lata
135,Kuat,Frutal,FRU_L3,9,-0.0,false,lata
135,Kuat,Frutal,FRU_L3,10,-0.0,false,lata
135,Kuat,Frutal,FRU_L3,11,-0.0,false,lata
135,Kuat,Frutal,FRU_L3,12,-0.0,false,lata
135,Kuat,Frutal,FRU_L3,13,-0.0,false,lata
135,Kuat,Frutal,FRU_L3,14,-0.0,false,lata
135,Kuat,Frutal,FRU_L3,15,-0.0,false,lata
135,Kuat,Pouso Alegre,POU_L1,1,-0.0,false,lata
135,Kuat,Pouso Alegre,POU_L1,2,-0.0,false,lata
135,Kuat,Pouso Alegre,POU_L1,3,-0.0,false,lata
135,Kuat,Pouso Alegre,POU_L1,4,-0.0,false,lata
135,Kuat,Pouso Alegre,POU_L1,5,-0.0,false,lata
135,Kuat,Pouso Alegre,POU_L1,6,-0.0,false,lata
135,Kuat,Pouso Alegre,POU_L1,7,-0.0,false,lata
135,Kuat,Pouso Alegre,POU_L1,8,-0.0,false,lata
135,Kuat,Pouso Alegre,POU_L1,9,-0.0,false,lata
135,Kuat,Pouso Alegre,POU_L1,10,-0.0,false,lata
135,Kuat,Pouso Alegre,POU_L1,11,-0.0,false,lata
135,Kuat,Pouso Alegre,POU_L1,12,-0.0,false,lata
135,Kuat,Pouso Alegre,POU_L1,13,-0.0,false,lata
135,Kuat,Pouso Alegre,POU_L1,14,-0.0,false,lata
135,Kuat,Pouso Alegre,POU_L1,15,-0.0,false,lata
135,Kuat,Pouso Alegre,POU_L2,1,-0.0,false,lata
135,Kuat,Pouso Alegre,POU_L2,2,-0.0,false,lata
135,Kuat,Pouso Alegre,POU_L2,3,-0.0,false,lata
135,Kuat,Pouso Alegre,POU_L2,4,-0.0,false,lata
135,Kuat,Pouso Alegre,POU_L2,5,-0.0,false,lata
135,Kuat,Pouso Alegre,POU_L2,6,-0.0,false,lata
135,Kuat,Pouso Alegre,POU_L2,7,-0.0,false,lata
135,Kuat,Pouso Alegre,POU_L2,8,-0.0,false,lata
135,Kuat,Pouso Alegre,POU_L2,9,-0.0,false,lata
135,Kuat,Pouso Alegre,POU_L2,10,-0.0,false,lata
135,Kuat,Pouso Alegre,POU_L2,11,-0.0,false,lata
135,Kuat,Pouso Alegre,POU_L2,12,-0.0,false,lata
135,Kuat,Pouso Alegre,POU_L2,13,-0.0,false,lata
135,Kuat,Pouso Alegre,POU_L2,14,-0.0,false,lata
135,Kuat,Pouso Alegre,POU_L2,15,-0.0,false,lata
135,Kuat,Pouso Alegre,POU_L3,1,-1.0e6,true,lata
135,Kuat,Pouso Alegre,POU_L3,2,-0.0,false,lata
135,Kuat,Pouso Alegre,POU_L3,3,-0.0,false,lata
135,Kuat,Pouso Alegre,POU_L3,4,-1.0e6,true,lata
135,Kuat,Pouso Alegre,POU_L3,5,-0.0,false,lata
135,Kuat,Pouso Alegre,POU_L3,6,-0.0,false,lata
135,Kuat,Pouso Alegre,POU_L3,7,-0.0,false,lata
135,Kuat,Pouso Alegre,POU_L3,8,-0.0,false,lata
135,Kuat,Pouso Alegre,POU_L3,9,-1.0e6,true,lata
135,Kuat,Pouso Alegre,POU_L3,10,-0.0,false,lata
135,Kuat,Pouso Alegre,POU_L3,11,-0.0,false,lata
135,Kuat,Pouso Alegre,POU_L3,12,-0.0,false,lata
135,Kuat,Pouso Alegre,POU_L3,13,-1.0e6,true,lata
135,Kuat,Pouso Alegre,POU_L3,14,-0.0,false,lata
135,Kuat,Pouso Alegre,POU_L3,15,-1.0e6,true,lata
135,Kuat,Gama,GAM_L1,1,-1.0e6,true,lata
135,Kuat,Gama,GAM_L1,2,-0.0,false,lata
135,Kuat,Gama,GAM_L1,3,-0.0,false,lata
135,Kuat,Gama,GAM_L1,4,-0.0,false,lata
135,Kuat,Gama,GAM_L1,5,-0.0,false,lata
135,Kuat,Gama,GAM_L1,6,-0.0,false,lata
135,Kuat,Gama,GAM_L1,7,-0.0,false,lata
135,Kuat,Gama,GAM_L1,8,-0.0,false,lata
135,Kuat,Gama,GAM_L1,9,-0.0,false,lata
135,Kuat,Gama,GAM_L1,10,-0.0,false,lata
135,Kuat,Gama,GAM_L1,11,-0.0,false,lata
135,Kuat,Gama,GAM_L1,12,-1.0e6,true,lata
135,Kuat,Gama,GAM_L1,13,-0.0,false,lata
135,Kuat,Gama,GAM_L1,14,-0.0,false,lata
135,Kuat,Gama,GAM_L1,15,-0.0,false,lata
135,Kuat,Gama,GAM_L2,1,-0.0,false,lata
135,Kuat,Gama,GAM_L2,2,-0.0,false,lata
135,Kuat,Gama,GAM_L2,3,-0.0,false,lata
135,Kuat,Gama,GAM_L2,4,-0.0,false,lata
135,Kuat,Gama,GAM_L2,5,-0.0,false,lata
135,Kuat,Gama,GAM_L2,6,-0.0,false,lata
135,Kuat,Gama,GAM_L2,7,-0.0,false,lata
135,Kuat,Gama,GAM_L2,8,-1.0e6,true,lata
135,Kuat,Gama,GAM_L2,9,-0.0,false,lata
135,Kuat,Gama,GAM_L2,10,-0.0,false,lata
135,Kuat,Gama,GAM_L2,11,-0.0,false,lata
135,Kuat,Gama,GAM_L2,12,-0.0,false,lata
135,Kuat,Gama,GAM_L2,13,-0.0,false,lata
135,Kuat,Gama,GAM_L2,14,-0.0,false,lata
135,Kuat,Gama,GAM_L2,15,-0.0,false,lata
135,Kuat,Gama,GAM_L3,1,-0.0,false,lata
135,Kuat,Gama,GAM_L3,2,-0.0,false,lata
135,Kuat,Gama,GAM_L3,3,-0.0,false,lata
135,Kuat,Gama,GAM_L3,4,-0.0,false,lata
135,Kuat,Gama,GAM_L3,5,-0.0,false,lata
135,Kuat,Gama,GAM_L3,6,-0.0,false,lata
135,Kuat,Gama,GAM_L3,7,-0.0,false,lata
135,Kuat,Gama,GAM_L3,8,-0.0,false,lata
135,Kuat,Gama,GAM_L3,9,-0.0,false,lata
135,Kuat,Gama,GAM_L3,10,-0.0,false,lata
135,Kuat,Gama,GAM_L3,11,-0.0,false,lata
135,Kuat,Gama,GAM_L3,12,-0.0,false,lata
135,Kuat,Gama,GAM_L3,13,-0.0,false,lata
135,Kuat,Gama,GAM_L3,14,-0.0,false,lata
135,Kuat,Gama,GAM_L3,15,-0.0,false,lata
135,Kuat,Viamao,VIA_L1,1,-0.0,false,lata
135,Kuat,Viamao,VIA_L1,2,-0.0,false,lata
135,Kuat,Viamao,VIA_L1,3,-0.0,false,lata
135,Kuat,Viamao,VIA_L1,4,-0.0,false,lata
135,Kuat,Viamao,VIA_L1,5,-0.0,false,lata
135,Kuat,Viamao,VIA_L1,6,-0.0,false,lata
135,Kuat,Viamao,VIA_L1,7,-0.0,false,lata
135,Kuat,Viamao,VIA_L1,8,-0.0,false,lata
135,Kuat,Viamao,VIA_L1,9,-0.0,false,lata
135,Kuat,Viamao,VIA_L1,10,-0.0,false,lata
135,Kuat,Viamao,VIA_L1,11,-1.0e6,true,lata
135,Kuat,Viamao,VIA_L1,12,-0.0,false,lata
135,Kuat,Viamao,VIA_L1,13,-0.0,false,lata
135,Kuat,Viamao,VIA_L1,14,-0.0,false,lata
135,Kuat,Viamao,VIA_L1,15,-0.0,false,lata
135,Kuat,Viamao,VIA_L2,1,-1.0e6,true,lata
135,Kuat,Viamao,VIA_L2,2,-0.0,false,lata
135,Kuat,Viamao,VIA_L2,3,-0.0,false,lata
135,Kuat,Viamao,VIA_L2,4,-0.0,false,lata
135,Kuat,Viamao,VIA_L2,5,-0.0,false,lata
135,Kuat,Viamao,VIA_L2,6,-0.0,false,lata
135,Kuat,Viamao,VIA_L2,7,-0.0,false,lata
135,Kuat,Viamao,VIA_L2,8,-0.0,false,lata
135,Kuat,Viamao,VIA_L2,9,-0.0,false,lata
135,Kuat,Viamao,VIA_L2,10,-0.0,false,lata
135,Kuat,Viamao,VIA_L2,11,-0.0,false,lata
135,Kuat,Viamao,VIA_L2,12,-0.0,false,lata
135,Kuat,Viamao,VIA_L2,13,-0.0,false,lata
135,Kuat,Viamao,VIA_L2,14,-0.0,false,lata
135,Kuat,Viamao,VIA_L2,15,-0.0,false,lata
135,Kuat,Viamao,VIA_L3,1,-0.0,false,lata
135,Kuat,Viamao,VIA_L3,2,-0.0,false,lata
135,Kuat,Viamao,VIA_L3,3,-0.0,false,lata
135,Kuat,Viamao,VIA_L3,4,-0.0,false,lata
135,Kuat,Viamao,VIA_L3,5,-0.0,false,lata
135,Kuat,Viamao,VIA_L3,6,-0.0,false,lata
135,Kuat,Viamao,VIA_L3,7,-0.0,false,lata
135,Kuat,Viamao,VIA_L3,8,-0.0,false,lata
135,Kuat,Viamao,VIA_L3,9,-0.0,false,lata
135,Kuat,Viamao,VIA_L3,10,-0.0,false,lata
135,Kuat,Viamao,VIA_L3,11,-0.0,false,lata
135,Kuat,Viamao,VIA_L3,12,-0.0,false,lata
135,Kuat,Viamao,VIA_L3,13,-0.0,false,lata
135,Kuat,Viamao,VIA_L3,14,-0.0,false,lata
135,Kuat,Viamao,VIA_L3,15,-0.0,false,lata
135,Kuat,Itupeva,ITU_L1,1,-0.0,false,lata
135,Kuat,Itupeva,ITU_L1,2,-0.0,false,lata
135,Kuat,Itupeva,ITU_L1,3,-0.0,false,lata
135,Kuat,Itupeva,ITU_L1,4,-0.0,false,lata
135,Kuat,Itupeva,ITU_L1,5,-0.0,false,lata
135,Kuat,Itupeva,ITU_L1,6,-0.0,false,lata
135,Kuat,Itupeva,ITU_L1,7,-0.0,false,lata
135,Kuat,Itupeva,ITU_L1,8,-0.0,false,lata
135,Kuat,Itupeva,ITU_L1,9,-0.0,false,lata
135,Kuat,Itupeva,ITU_L1,10,-0.0,false,lata
135,Kuat,Itupeva,ITU_L1,11,-0.0,false,lata
135,Kuat,Itupeva,ITU_L1,12,-0.0,false,lata
135,Kuat,Itupeva,ITU_L1,13,-0.0,false,lata
135,Kuat,Itupeva,ITU_L1,14,-0.0,false,lata
135,Kuat,Itupeva,ITU_L1,15,-0.0,false,lata
135,Kuat,Itupeva,ITU_L2,1,-0.0,false,lata
135,Kuat,Itupeva,ITU_L2,2,-0.0,false,lata
135,Kuat,Itupeva,ITU_L2,3,-0.0,false,lata
135,Kuat,Itupeva,ITU_L2,4,-0.0,false,lata
135,Kuat,Itupeva,ITU_L2,5,-0.0,false,lata
135,Kuat,Itupeva,ITU_L2,6,-0.0,false,lata
135,Kuat,Itupeva,ITU_L2,7,-0.0,false,lata
135,Kuat,Itupeva,ITU_L2,8,-0.0,false,lata
135,Kuat,Itupeva,ITU_L2,9,-0.0,false,lata
135,Kuat,Itupeva,ITU_L2,10,-0.0,false,lata
135,Kuat,Itupeva,ITU_L2,11,-0.0,false,lata
135,Kuat,Itupeva,ITU_L2,12,-0.0,false,lata
135,Kuat,Itupeva,ITU_L2,13,-0.0,false,lata
135,Kuat,Itupeva,ITU_L2,14,-1.0e6,true,lata
135,Kuat,Itupeva,ITU_L2,15,-0.0,false,lata
135,Kuat,Itupeva,ITU_L3,1,-0.0,false,lata
135,Kuat,Itupeva,ITU_L3,2,-0.0,false,lata
135,Kuat,Itupeva,ITU_L3,3,-1.0e6,true,lata
135,Kuat,Itupeva,ITU_L3,4,-0.0,false,lata
135,Kuat,Itupeva,ITU_L3,5,-0.0,false,lata
135,Kuat,Itupeva,ITU_L3,6,-0.0,false,lata
135,Kuat,Itupeva,ITU_L3,7,-0.0,false,lata
135,Kuat,Itupeva,ITU_L3,8,-0.0,false,lata
135,Kuat,Itupeva,ITU_L3,9,-0.0,false,lata
135,Kuat,Itupeva,ITU_L3,10,-0.0,false,lata
135,Kuat,Itupeva,ITU_L3,11,-0.0,false,lata
135,Kuat,Itupeva,ITU_L3,12,-0.0,false,lata
135,Kuat,Itupeva,ITU_L3,13,-0.0,false,lata
135,Kuat,Itupeva,ITU_L3,14,-0.0,false,lata
135,Kuat,Itupeva,ITU_L3,15,-0.0,false,lata
135,Kuat,Cabo de Santo Agostinho,CAB_L1,1,-0.0,false,lata
135,Kuat,Cabo de Santo Agostinho,CAB_L1,2,-0.0,false,lata
135,Kuat,Cabo de Santo Agostinho,CAB_L1,3,-0.0,false,lata
135,Kuat,Cabo de Santo Agostinho,CAB_L1,4,-0.0,false,lata
135,Kuat,Cabo de Santo Agostinho,CAB_L1,5,-0.0,false,lata
135,Kuat,Cabo de Santo Agostinho,CAB_L1,6,-0.0,false,lata
135,Kuat,Cabo de Santo Agostinho,CAB_L1,7,-0.0,false,lata
135,Kuat,Cabo de Santo Agostinho,CAB_L1,8,-0.0,false,lata
135,Kuat,Cabo de Santo Agostinho,CAB_L1,9,-0.0,false,lata
135,Kuat,Cabo de Santo Agostinho,CAB_L1,10,-0.0,false,lata
135,Kuat,Cabo de Santo Agostinho,CAB_L1,11,-0.0,false,lata
135,Kuat,Cabo de Santo Agostinho,CAB_L1,12,-0.0,false,lata
135,Kuat,Cabo de Santo Agostinho,CAB_L1,13,-0.0,false,lata
135,Kuat,Cabo de Santo Agostinho,CAB_L1,14,-0.0,false,lata
135,Kuat,Cabo de Santo Agostinho,CAB_L1,15,-0.0,false,lata
135,Kuat,Cabo de Santo Agostinho,CAB_L2,1,-0.0,false,lata
135,Kuat,Cabo de Santo Agostinho,CAB_L2,2,-0.0,false,lata
135,Kuat,Cabo de Santo Agostinho,CAB_L2,3,-0.0,false,lata
135,Kuat,Cabo de Santo Agostinho,CAB_L2,4,-0.0,false,lata
135,Kuat,Cabo de Santo Agostinho,CAB_L2,5,-0.0,false,lata
135,Kuat,Cabo de Santo Agostinho,CAB_L2,6,-0.0,false,lata
135,Kuat,Cabo de Santo Agostinho,CAB_L2,7,-0.0,false,lata
135,Kuat,Cabo de Santo Agostinho,CAB_L2,8,-0.0,false,lata
135,Kuat,Cabo de Santo Agostinho,CAB_L2,9,-0.0,false,lata
135,Kuat,Cabo de Santo Agostinho,CAB_L2,10,-0.0,false,lata
135,Kuat,Cabo de Santo Agostinho,CAB_L2,11,-0.0,false,lata
135,Kuat,Cabo de Santo Agostinho,CAB_L2,12,-0.0,false,lata
135,Kuat,Cabo de Santo Agostinho,CAB_L2,13,-0.0,false,lata
135,Kuat,Cabo de Santo Agostinho,CAB_L2,14,-0.0,false,lata
135,Kuat,Cabo de Santo Agostinho,CAB_L2,15,-0.0,false,lata
135,Kuat,Cabo de Santo Agostinho,CAB_L3,1,-0.0,false,lata
135,Kuat,Cabo de Santo Agostinho,CAB_L3,2,-1.0e6,true,lata
135,Kuat,Cabo de Santo Agostinho,CAB_L3,3,-0.0,false,lata
135,Kuat,Cabo de Santo Agostinho,CAB_L3,4,-0.0,false,lata
135,Kuat,Cabo de Santo Agostinho,CAB_L3,5,-0.0,false,lata
135,Kuat,Cabo de Santo Agostinho,CAB_L3,6,-0.0,false,lata
135,Kuat,Cabo de Santo Agostinho,CAB_L3,7,-0.0,false,lata
135,Kuat,Cabo de Santo Agostinho,CAB_L3,8,-1.0e6,true,lata
135,Kuat,Cabo de Santo Agostinho,CAB_L3,9,-0.0,false,lata
135,Kuat,Cabo de Santo Agostinho,CAB_L3,10,-0.0,false,lata
135,Kuat,Cabo de Santo Agostinho,CAB_L3,11,-0.0,false,lata
135,Kuat,Cabo de Santo Agostinho,CAB_L3,12,-0.0,false,lata
135,Kuat,Cabo de Santo Agostinho,CAB_L3,13,-0.0,false,lata
135,Kuat,Cabo de Santo Agostinho,CAB_L3,14,-0.0,false,lata
135,Kuat,Cabo de Santo Agostinho,CAB_L3,15,-0.0,false,lata
135,Del_Valle_Pessego,Jacarei,JAC_L1,1,-0.0,false,lata
135,Del_Valle_Pessego,Jacarei,JAC_L1,2,-0.0,false,lata
135,Del_Valle_Pessego,Jacarei,JAC_L1,3,-0.0,false,lata
135,Del_Valle_Pessego,Jacarei,JAC_L1,4,-0.0,false,lata
135,Del_Valle_Pessego,Jacarei,JAC_L1,5,-0.0,false,lata
135,Del_Valle_Pessego,Jacarei,JAC_L1,6,-0.0,false,lata
135,Del_Valle_Pessego,Jacarei,JAC_L1,7,-0.0,false,lata
135,Del_Valle_Pessego,Jacarei,JAC_L1,8,-0.0,false,lata
135,Del_Valle_Pessego,Jacarei,JAC_L1,9,-0.0,false,lata
135,Del_Valle_Pessego,Jacarei,JAC_L1,10,-0.0,false,lata
135,Del_Valle_Pessego,Jacarei,JAC_L1,11,-0.0,false,lata
135,Del_Valle_Pessego,Jacarei,JAC_L1,12,-0.0,false,lata
135,Del_Valle_Pessego,Jacarei,JAC_L1,13,-0.0,false,lata
135,Del_Valle_Pessego,Jacarei,JAC_L1,14,-0.0,false,lata
135,Del_Valle_Pessego,Jacarei,JAC_L1,15,-0.0,false,lata
135,Del_Valle_Pessego,Jacarei,JAC_L2,1,-0.0,false,lata
135,Del_Valle_Pessego,Jacarei,JAC_L2,2,-0.0,false,lata
135,Del_Valle_Pessego,Jacarei,JAC_L2,3,-0.0,false,lata
135,Del_Valle_Pessego,Jacarei,JAC_L2,4,-1.0e6,true,lata
135,Del_Valle_Pessego,Jacarei,JAC_L2,5,-0.0,false,lata
135,Del_Valle_Pessego,Jacarei,JAC_L2,6,-0.0,false,lata
135,Del_Valle_Pessego,Jacarei,JAC_L2,7,-1.0e6,true,lata
135,Del_Valle_Pessego,Jacarei,JAC_L2,8,-0.0,false,lata
135,Del_Valle_Pessego,Jacarei,JAC_L2,9,-0.0,false,lata
135,Del_Valle_Pessego,Jacarei,JAC_L2,10,-0.0,false,lata
135,Del_Valle_Pessego,Jacarei,JAC_L2,11,-0.0,false,lata
135,Del_Valle_Pessego,Jacarei,JAC_L2,12,-0.0,false,lata
135,Del_Valle_Pessego,Jacarei,JAC_L2,13,-0.0,false,lata
135,Del_Valle_Pessego,Jacarei,JAC_L2,14,-0.0,false,lata
135,Del_Valle_Pessego,Jacarei,JAC_L2,15,-0.0,false,lata
135,Del_Valle_Pessego,Jacarei,JAC_L3,1,-0.0,false,lata
135,Del_Valle_Pessego,Jacarei,JAC_L3,2,-0.0,false,lata
135,Del_Valle_Pessego,Jacarei,JAC_L3,3,-0.0,false,lata
135,Del_Valle_Pessego,Jacarei,JAC_L3,4,-0.0,false,lata
135,Del_Valle_Pessego,Jacarei,JAC_L3,5,-0.0,false,lata
135,Del_Valle_Pessego,Jacarei,JAC_L3,6,-0.0,false,lata
135,Del_Valle_Pessego,Jacarei,JAC_L3,7,-0.0,false,lata
135,Del_Valle_Pessego,Jacarei,JAC_L3,8,-0.0,false,lata
135,Del_Valle_Pessego,Jacarei,JAC_L3,9,-0.0,false,lata
135,Del_Valle_Pessego,Jacarei,JAC_L3,10,-0.0,false,lata
135,Del_Valle_Pessego,Jacarei,JAC_L3,11,-0.0,false,lata
135,Del_Valle_Pessego,Jacarei,JAC_L3,12,-0.0,false,lata
135,Del_Valle_Pessego,Jacarei,JAC_L3,13,-0.0,false,lata
135,Del_Valle_Pessego,Jacarei,JAC_L3,14,-0.0,false,lata
135,Del_Valle_Pessego,Jacarei,JAC_L3,15,-0.0,false,lata
135,Del_Valle_Pessego,Extrema,EXT_L1,1,-999999.7034729501,false,lata
135,Del_Valle_Pessego,Extrema,EXT_L1,2,-0.0,false,lata
135,Del_Valle_Pessego,Extrema,EXT_L1,3,-0.0,false,lata
135,Del_Valle_Pessego,Extrema,EXT_L1,4,-1.0e6,true,lata
135,Del_Valle_Pessego,Extrema,EXT_L1,5,-0.0,false,lata
135,Del_Valle_Pessego,Extrema,EXT_L1,6,-0.0,false,lata
135,Del_Valle_Pessego,Extrema,EXT_L1,7,-0.0,false,lata
135,Del_Valle_Pessego,Extrema,EXT_L1,8,-0.0,false,lata
135,Del_Valle_Pessego,Extrema,EXT_L1,9,-0.0,false,lata
135,Del_Valle_Pessego,Extrema,EXT_L1,10,-0.0,false,lata
135,Del_Valle_Pessego,Extrema,EXT_L1,11,-0.0,false,lata
135,Del_Valle_Pessego,Extrema,EXT_L1,12,-0.0,false,lata
135,Del_Valle_Pessego,Extrema,EXT_L1,13,-0.0,false,lata
135,Del_Valle_Pessego,Extrema,EXT_L1,14,-0.0,false,lata
135,Del_Valle_Pessego,Extrema,EXT_L1,15,-0.0,false,lata
135,Del_Valle_Pessego,Extrema,EXT_L2,1,-0.0,false,lata
135,Del_Valle_Pessego,Extrema,EXT_L2,2,-0.0,false,lata
135,Del_Valle_Pessego,Extrema,EXT_L2,3,-0.0,false,lata
135,Del_Valle_Pessego,Extrema,EXT_L2,4,-0.0,false,lata
135,Del_Valle_Pessego,Extrema,EXT_L2,5,-0.0,false,lata
135,Del_Valle_Pessego,Extrema,EXT_L2,6,-0.0,false,lata
135,Del_Valle_Pessego,Extrema,EXT_L2,7,-0.0,false,lata
135,Del_Valle_Pessego,Extrema,EXT_L2,8,-999999.7290693001,false,lata
135,Del_Valle_Pessego,Extrema,EXT_L2,9,-0.0,false,lata
135,Del_Valle_Pessego,Extrema,EXT_L2,10,-0.0,false,lata
135,Del_Valle_Pessego,Extrema,EXT_L2,11,-0.0,false,lata
135,Del_Valle_Pessego,Extrema,EXT_L2,12,-0.0,false,lata
135,Del_Valle_Pessego,Extrema,EXT_L2,13,-0.0,false,lata
135,Del_Valle_Pessego,Extrema,EXT_L2,14,-0.0,false,lata
135,Del_Valle_Pessego,Extrema,EXT_L2,15,-0.0,false,lata
135,Del_Valle_Pessego,Extrema,EXT_L3,1,-0.0,false,lata
135,Del_Valle_Pessego,Extrema,EXT_L3,2,-0.0,false,lata
135,Del_Valle_Pessego,Extrema,EXT_L3,3,-999999.742,false,lata
135,Del_Valle_Pessego,Extrema,EXT_L3,4,-0.0,false,lata
135,Del_Valle_Pessego,Extrema,EXT_L3,5,-0.0,false,lata
135,Del_Valle_Pessego,Extrema,EXT_L3,6,-0.0,false,lata
135,Del_Valle_Pessego,Extrema,EXT_L3,7,-1.0e6,true,lata
135,Del_Valle_Pessego,Extrema,EXT_L3,8,-0.0,false,lata
135,Del_Valle_Pessego,Extrema,EXT_L3,9,-0.0,false,lata
135,Del_Valle_Pessego,Extrema,EXT_L3,10,-0.0,false,lata
135,Del_Valle_Pessego,Extrema,EXT_L3,11,-0.0,false,lata
135,Del_Valle_Pessego,Extrema,EXT_L3,12,-0.0,false,lata
135,Del_Valle_Pessego,Extrema,EXT_L3,13,-0.0,false,lata
135,Del_Valle_Pessego,Extrema,EXT_L3,14,-0.0,false,lata
135,Del_Valle_Pessego,Extrema,EXT_L3,15,-0.0,false,lata
135,Del_Valle_Pessego,Tres Rios,TRE_L1,1,-0.0,false,lata
135,Del_Valle_Pessego,Tres Rios,TRE_L1,2,-999999.49295635,false,lata
135,Del_Valle_Pessego,Tres Rios,TRE_L1,3,-0.0,false,lata
135,Del_Valle_Pessego,Tres Rios,TRE_L1,4,-0.0,false,lata
135,Del_Valle_Pessego,Tres Rios,TRE_L1,5,-0.0,false,lata
135,Del_Valle_Pessego,Tres Rios,TRE_L1,6,-0.0,false,lata
135,Del_Valle_Pessego,Tres Rios,TRE_L1,7,-0.0,false,lata
135,Del_Valle_Pessego,Tres Rios,TRE_L1,8,-0.0,false,lata
135,Del_Valle_Pessego,Tres Rios,TRE_L1,9,-0.0,false,lata
135,Del_Valle_Pessego,Tres Rios,TRE_L1,10,-0.0,false,lata
135,Del_Valle_Pessego,Tres Rios,TRE_L1,11,-0.0,false,lata
135,Del_Valle_Pessego,Tres Rios,TRE_L1,12,-0.0,false,lata
135,Del_Valle_Pessego,Tres Rios,TRE_L1,13,-0.0,false,lata
135,Del_Valle_Pessego,Tres Rios,TRE_L1,14,-0.0,false,lata
135,Del_Valle_Pessego,Tres Rios,TRE_L1,15,-0.0,false,lata
135,Del_Valle_Pessego,Tres Rios,TRE_L2,1,-0.0,false,lata
135,Del_Valle_Pessego,Tres Rios,TRE_L2,2,-0.0,false,lata
135,Del_Valle_Pessego,Tres Rios,TRE_L2,3,-0.0,false,lata
135,Del_Valle_Pessego,Tres Rios,TRE_L2,4,-0.0,false,lata
135,Del_Valle_Pessego,Tres Rios,TRE_L2,5,-0.0,false,lata
135,Del_Valle_Pessego,Tres Rios,TRE_L2,6,-0.0,false,lata
135,Del_Valle_Pessego,Tres Rios,TRE_L2,7,-0.0,false,lata
135,Del_Valle_Pessego,Tres Rios,TRE_L2,8,-0.0,false,lata
135,Del_Valle_Pessego,Tres Rios,TRE_L2,9,-0.0,false,lata
135,Del_Valle_Pessego,Tres Rios,TRE_L2,10,-0.0,false,lata
135,Del_Valle_Pessego,Tres Rios,TRE_L2,11,-0.0,false,lata
135,Del_Valle_Pessego,Tres Rios,TRE_L2,12,-0.0,false,lata
135,Del_Valle_Pessego,Tres Rios,TRE_L2,13,-0.0,false,lata
135,Del_Valle_Pessego,Tres Rios,TRE_L2,14,-0.0,false,lata
135,Del_Valle_Pessego,Tres Rios,TRE_L2,15,-0.0,false,lata
135,Del_Valle_Pessego,Tres Rios,TRE_L3,1,-0.0,false,lata
135,Del_Valle_Pessego,Tres Rios,TRE_L3,2,-0.0,false,lata
135,Del_Valle_Pessego,Tres Rios,TRE_L3,3,-0.0,false,lata
135,Del_Valle_Pessego,Tres Rios,TRE_L3,4,-0.0,false,lata
135,Del_Valle_Pessego,Tres Rios,TRE_L3,5,-0.0,false,lata
135,Del_Valle_Pessego,Tres Rios,TRE_L3,6,-0.0,false,lata
135,Del_Valle_Pessego,Tres Rios,TRE_L3,7,-0.0,false,lata
135,Del_Valle_Pessego,Tres Rios,TRE_L3,8,-0.0,false,lata
135,Del_Valle_Pessego,Tres Rios,TRE_L3,9,-0.0,false,lata
135,Del_Valle_Pessego,Tres Rios,TRE_L3,10,-0.0,false,lata
135,Del_Valle_Pessego,Tres Rios,TRE_L3,11,-0.0,false,lata
135,Del_Valle_Pessego,Tres Rios,TRE_L3,12,-0.0,false,lata
135,Del_Valle_Pessego,Tres Rios,TRE_L3,13,-0.0,false,lata
135,Del_Valle_Pessego,Tres Rios,TRE_L3,14,-0.0,false,lata
135,Del_Valle_Pessego,Tres Rios,TRE_L3,15,-0.0,false,lata
135,Del_Valle_Pessego,Alagoinhas,ALA_L1,1,-0.0,false,lata
135,Del_Valle_Pessego,Alagoinhas,ALA_L1,2,-0.0,false,lata
135,Del_Valle_Pessego,Alagoinhas,ALA_L1,3,-0.0,false,lata
135,Del_Valle_Pessego,Alagoinhas,ALA_L1,4,-0.0,false,lata
135,Del_Valle_Pessego,Alagoinhas,ALA_L1,5,-0.0,false,lata
135,Del_Valle_Pessego,Alagoinhas,ALA_L1,6,-0.0,false,lata
135,Del_Valle_Pessego,Alagoinhas,ALA_L1,7,-0.0,false,lata
135,Del_Valle_Pessego,Alagoinhas,ALA_L1,8,-0.0,false,lata
135,Del_Valle_Pessego,Alagoinhas,ALA_L1,9,-0.0,false,lata
135,Del_Valle_Pessego,Alagoinhas,ALA_L1,10,-1.0e6,true,lata
135,Del_Valle_Pessego,Alagoinhas,ALA_L1,11,-0.0,false,lata
135,Del_Valle_Pessego,Alagoinhas,ALA_L1,12,-0.0,false,lata
135,Del_Valle_Pessego,Alagoinhas,ALA_L1,13,-0.0,false,lata
135,Del_Valle_Pessego,Alagoinhas,ALA_L1,14,-0.0,false,lata
135,Del_Valle_Pessego,Alagoinhas,ALA_L1,15,-999998.9992129,false,lata
135,Del_Valle_Pessego,Alagoinhas,ALA_L2,1,-0.0,false,lata
135,Del_Valle_Pessego,Alagoinhas,ALA_L2,2,-0.0,false,lata
135,Del_Valle_Pessego,Alagoinhas,ALA_L2,3,-999999.7976036,false,lata
135,Del_Valle_Pessego,Alagoinhas,ALA_L2,4,-0.0,false,lata
135,Del_Valle_Pessego,Alagoinhas,ALA_L2,5,-0.0,false,lata
135,Del_Valle_Pessego,Alagoinhas,ALA_L2,6,-0.0,false,lata
135,Del_Valle_Pessego,Alagoinhas,ALA_L2,7,-0.0,false,lata
135,Del_Valle_Pessego,Alagoinhas,ALA_L2,8,-0.0,false,lata
135,Del_Valle_Pessego,Alagoinhas,ALA_L2,9,-0.0,false,lata
135,Del_Valle_Pessego,Alagoinhas,ALA_L2,10,-0.0,false,lata
135,Del_Valle_Pessego,Alagoinhas,ALA_L2,11,-0.0,false,lata
135,Del_Valle_Pessego,Alagoinhas,ALA_L2,12,-0.0,false,lata
135,Del_Valle_Pessego,Alagoinhas,ALA_L2,13,-0.0,false,lata
135,Del_Valle_Pessego,Alagoinhas,ALA_L2,14,-0.0,false,lata
135,Del_Valle_Pessego,Alagoinhas,ALA_L2,15,-0.0,false,lata
135,Del_Valle_Pessego,Alagoinhas,ALA_L3,1,-0.0,false,lata
135,Del_Valle_Pessego,Alagoinhas,ALA_L3,2,-0.0,false,lata
135,Del_Valle_Pessego,Alagoinhas,ALA_L3,3,-0.0,false,lata
135,Del_Valle_Pessego,Alagoinhas,ALA_L3,4,-0.0,false,lata
135,Del_Valle_Pessego,Alagoinhas,ALA_L3,5,-0.0,false,lata
135,Del_Valle_Pessego,Alagoinhas,ALA_L3,6,-0.0,false,lata
135,Del_Valle_Pessego,Alagoinhas,ALA_L3,7,-0.0,false,lata
135,Del_Valle_Pessego,Alagoinhas,ALA_L3,8,-999999.7846729001,false,lata
135,Del_Valle_Pessego,Alagoinhas,ALA_L3,9,-0.0,false,lata
135,Del_Valle_Pessego,Alagoinhas,ALA_L3,10,-0.0,false,lata
135,Del_Valle_Pessego,Alagoinhas,ALA_L3,11,-0.0,false,lata
135,Del_Valle_Pessego,Alagoinhas,ALA_L3,12,-0.0,false,lata
135,Del_Valle_Pessego,Alagoinhas,ALA_L3,13,-0.0,false,lata
135,Del_Valle_Pessego,Alagoinhas,ALA_L3,14,-0.0,false,lata
135,Del_Valle_Pessego,Alagoinhas,ALA_L3,15,-0.0,false,lata
135,Del_Valle_Pessego,Frutal,FRU_L1,1,-0.0,false,lata
135,Del_Valle_Pessego,Frutal,FRU_L1,2,-0.0,false,lata
135,Del_Valle_Pessego,Frutal,FRU_L1,3,-0.0,false,lata
135,Del_Valle_Pessego,Frutal,FRU_L1,4,-0.0,false,lata
135,Del_Valle_Pessego,Frutal,FRU_L1,5,-0.0,false,lata
135,Del_Valle_Pessego,Frutal,FRU_L1,6,-0.0,false,lata
135,Del_Valle_Pessego,Frutal,FRU_L1,7,-0.0,false,lata
135,Del_Valle_Pessego,Frutal,FRU_L1,8,-0.0,false,lata
135,Del_Valle_Pessego,Frutal,FRU_L1,9,-0.0,false,lata
135,Del_Valle_Pessego,Frutal,FRU_L1,10,-0.0,false,lata
135,Del_Valle_Pessego,Frutal,FRU_L1,11,-0.0,false,lata
135,Del_Valle_Pessego,Frutal,FRU_L1,12,-0.0,false,lata
135,Del_Valle_Pessego,Frutal,FRU_L1,13,-0.0,false,lata
135,Del_Valle_Pessego,Frutal,FRU_L1,14,-0.0,false,lata
135,Del_Valle_Pessego,Frutal,FRU_L1,15,-0.0,false,lata
135,Del_Valle_Pessego,Frutal,FRU_L2,1,-999999.7209738002,false,lata
135,Del_Valle_Pessego,Frutal,FRU_L2,2,-0.0,false,lata
135,Del_Valle_Pessego,Frutal,FRU_L2,3,-0.0,false,lata
135,Del_Valle_Pessego,Frutal,FRU_L2,4,-0.0,false,lata
135,Del_Valle_Pessego,Frutal,FRU_L2,5,-999999.9857627,false,lata
135,Del_Valle_Pessego,Frutal,FRU_L2,6,-0.0,false,lata
135,Del_Valle_Pessego,Frutal,FRU_L2,7,-0.0,false,lata
135,Del_Valle_Pessego,Frutal,FRU_L2,8,-0.0,false,lata
135,Del_Valle_Pessego,Frutal,FRU_L2,9,-0.0,false,lata
135,Del_Valle_Pessego,Frutal,FRU_L2,10,-1.0e6,true,lata
135,Del_Valle_Pessego,Frutal,FRU_L2,11,-0.0,false,lata
135,Del_Valle_Pessego,Frutal,FRU_L2,12,-0.0,false,lata
135,Del_Valle_Pessego,Frutal,FRU_L2,13,-0.0,false,lata
135,Del_Valle_Pessego,Frutal,FRU_L2,14,-0.0,false,lata
135,Del_Valle_Pessego,Frutal,FRU_L2,15,-0.0,false,lata
135,Del_Valle_Pessego,Frutal,FRU_L3,1,-0.0,false,lata
135,Del_Valle_Pessego,Frutal,FRU_L3,2,-0.0,false,lata
135,Del_Valle_Pessego,Frutal,FRU_L3,3,-0.0,false,lata
135,Del_Valle_Pessego,Frutal,FRU_L3,4,-0.0,false,lata
135,Del_Valle_Pessego,Frutal,FRU_L3,5,-0.0,false,lata
135,Del_Valle_Pessego,Frutal,FRU_L3,6,-0.0,false,lata
135,Del_Valle_Pessego,Frutal,FRU_L3,7,-0.0,false,lata
135,Del_Valle_Pessego,Frutal,FRU_L3,8,-0.0,false,lata
135,Del_Valle_Pessego,Frutal,FRU_L3,9,-0.0,false,lata
135,Del_Valle_Pessego,Frutal,FRU_L3,10,-0.0,false,lata
135,Del_Valle_Pessego,Frutal,FRU_L3,11,-0.0,false,lata
135,Del_Valle_Pessego,Frutal,FRU_L3,12,-0.0,false,lata
135,Del_Valle_Pessego,Frutal,FRU_L3,13,-0.0,false,lata
135,Del_Valle_Pessego,Frutal,FRU_L3,14,-0.0,false,lata
135,Del_Valle_Pessego,Frutal,FRU_L3,15,-0.0,false,lata
135,Del_Valle_Pessego,Pouso Alegre,POU_L1,1,-0.0,false,lata
135,Del_Valle_Pessego,Pouso Alegre,POU_L1,2,-0.0,false,lata
135,Del_Valle_Pessego,Pouso Alegre,POU_L1,3,-0.0,false,lata
135,Del_Valle_Pessego,Pouso Alegre,POU_L1,4,-0.0,false,lata
135,Del_Valle_Pessego,Pouso Alegre,POU_L1,5,-0.0,false,lata
135,Del_Valle_Pessego,Pouso Alegre,POU_L1,6,-0.0,false,lata
135,Del_Valle_Pessego,Pouso Alegre,POU_L1,7,-0.0,false,lata
135,Del_Valle_Pessego,Pouso Alegre,POU_L1,8,-0.0,false,lata
135,Del_Valle_Pessego,Pouso Alegre,POU_L1,9,-0.0,false,lata
135,Del_Valle_Pessego,Pouso Alegre,POU_L1,10,-999999.9889062,false,lata
135,Del_Valle_Pessego,Pouso Alegre,POU_L1,11,-0.0,false,lata
135,Del_Valle_Pessego,Pouso Alegre,POU_L1,12,-0.0,false,lata
135,Del_Valle_Pessego,Pouso Alegre,POU_L1,13,-0.0,false,lata
135,Del_Valle_Pessego,Pouso Alegre,POU_L1,14,-0.0,false,lata
135,Del_Valle_Pessego,Pouso Alegre,POU_L1,15,-0.0,false,lata
135,Del_Valle_Pessego,Pouso Alegre,POU_L2,1,-0.0,false,lata
135,Del_Valle_Pessego,Pouso Alegre,POU_L2,2,-0.0,false,lata
135,Del_Valle_Pessego,Pouso Alegre,POU_L2,3,-0.0,false,lata
135,Del_Valle_Pessego,Pouso Alegre,POU_L2,4,-999999.997047,false,lata
135,Del_Valle_Pessego,Pouso Alegre,POU_L2,5,-0.0,false,lata
135,Del_Valle_Pessego,Pouso Alegre,POU_L2,6,-0.0,false,lata
135,Del_Valle_Pessego,Pouso Alegre,POU_L2,7,-0.0,false,lata
135,Del_Valle_Pessego,Pouso Alegre,POU_L2,8,-0.0,false,lata
135,Del_Valle_Pessego,Pouso Alegre,POU_L2,9,-0.0,false,lata
135,Del_Valle_Pessego,Pouso Alegre,POU_L2,10,-0.0,false,lata
135,Del_Valle_Pessego,Pouso Alegre,POU_L2,11,-0.0,false,lata
135,Del_Valle_Pessego,Pouso Alegre,POU_L2,12,-0.0,false,lata
135,Del_Valle_Pessego,Pouso Alegre,POU_L2,13,-0.0,false,lata
135,Del_Valle_Pessego,Pouso Alegre,POU_L2,14,-0.0,false,lata
135,Del_Valle_Pessego,Pouso Alegre,POU_L2,15,-0.0,false,lata
135,Del_Valle_Pessego,Pouso Alegre,POU_L3,1,-0.0,false,lata
135,Del_Valle_Pessego,Pouso Alegre,POU_L3,2,-0.0,false,lata
135,Del_Valle_Pessego,Pouso Alegre,POU_L3,3,-0.0,false,lata
135,Del_Valle_Pessego,Pouso Alegre,POU_L3,4,-0.0,false,lata
135,Del_Valle_Pessego,Pouso Alegre,POU_L3,5,-0.0,false,lata
135,Del_Valle_Pessego,Pouso Alegre,POU_L3,6,-999999.9235641,false,lata
135,Del_Valle_Pessego,Pouso Alegre,POU_L3,7,-0.0,false,lata
135,Del_Valle_Pessego,Pouso Alegre,POU_L3,8,-0.0,false,lata
135,Del_Valle_Pessego,Pouso Alegre,POU_L3,9,-0.0,false,lata
135,Del_Valle_Pessego,Pouso Alegre,POU_L3,10,-0.0,false,lata
135,Del_Valle_Pessego,Pouso Alegre,POU_L3,11,-0.0,false,lata
135,Del_Valle_Pessego,Pouso Alegre,POU_L3,12,-0.0,false,lata
135,Del_Valle_Pessego,Pouso Alegre,POU_L3,13,-0.0,false,lata
135,Del_Valle_Pessego,Pouso Alegre,POU_L3,14,-0.0,false,lata
135,Del_Valle_Pessego,Pouso Alegre,POU_L3,15,-0.0,false,lata
135,Del_Valle_Pessego,Gama,GAM_L1,1,-0.0,false,lata
135,Del_Valle_Pessego,Gama,GAM_L1,2,-0.0,false,lata
135,Del_Valle_Pessego,Gama,GAM_L1,3,-0.0,false,lata
135,Del_Valle_Pessego,Gama,GAM_L1,4,-0.0,false,lata
135,Del_Valle_Pessego,Gama,GAM_L1,5,-0.0,false,lata
135,Del_Valle_Pessego,Gama,GAM_L1,6,-0.0,false,lata
135,Del_Valle_Pessego,Gama,GAM_L1,7,-0.0,false,lata
135,Del_Valle_Pessego,Gama,GAM_L1,8,-0.0,false,lata
135,Del_Valle_Pessego,Gama,GAM_L1,9,-0.0,false,lata
135,Del_Valle_Pessego,Gama,GAM_L1,10,-0.0,false,lata
135,Del_Valle_Pessego,Gama,GAM_L1,11,-0.0,false,lata
135,Del_Valle_Pessego,Gama,GAM_L1,12,-0.0,false,lata
135,Del_Valle_Pessego,Gama,GAM_L1,13,-0.0,false,lata
135,Del_Valle_Pessego,Gama,GAM_L1,14,-0.0,false,lata
135,Del_Valle_Pessego,Gama,GAM_L1,15,-0.0,false,lata
135,Del_Valle_Pessego,Gama,GAM_L2,1,-0.0,false,lata
135,Del_Valle_Pessego,Gama,GAM_L2,2,-0.0,false,lata
135,Del_Valle_Pessego,Gama,GAM_L2,3,-0.0,false,lata
135,Del_Valle_Pessego,Gama,GAM_L2,4,-0.0,false,lata
135,Del_Valle_Pessego,Gama,GAM_L2,5,-0.0,false,lata
135,Del_Valle_Pessego,Gama,GAM_L2,6,-999999.9488952,false,lata
135,Del_Valle_Pessego,Gama,GAM_L2,7,-0.0,false,lata
135,Del_Valle_Pessego,Gama,GAM_L2,8,-0.0,false,lata
135,Del_Valle_Pessego,Gama,GAM_L2,9,-0.0,false,lata
135,Del_Valle_Pessego,Gama,GAM_L2,10,-0.0,false,lata
135,Del_Valle_Pessego,Gama,GAM_L2,11,-999999.79846825,false,lata
135,Del_Valle_Pessego,Gama,GAM_L2,12,-0.0,false,lata
135,Del_Valle_Pessego,Gama,GAM_L2,13,-0.0,false,lata
135,Del_Valle_Pessego,Gama,GAM_L2,14,-0.0,false,lata
135,Del_Valle_Pessego,Gama,GAM_L2,15,-0.0,false,lata
135,Del_Valle_Pessego,Gama,GAM_L3,1,-0.0,false,lata
135,Del_Valle_Pessego,Gama,GAM_L3,2,-0.0,false,lata
135,Del_Valle_Pessego,Gama,GAM_L3,3,-0.0,false,lata
135,Del_Valle_Pessego,Gama,GAM_L3,4,-0.0,false,lata
135,Del_Valle_Pessego,Gama,GAM_L3,5,-1.0e6,true,lata
135,Del_Valle_Pessego,Gama,GAM_L3,6,-0.0,false,lata
135,Del_Valle_Pessego,Gama,GAM_L3,7,-0.0,false,lata
135,Del_Valle_Pessego,Gama,GAM_L3,8,-0.0,false,lata
135,Del_Valle_Pessego,Gama,GAM_L3,9,-0.0,false,lata
135,Del_Valle_Pessego,Gama,GAM_L3,10,-0.0,false,lata
135,Del_Valle_Pessego,Gama,GAM_L3,11,-0.0,false,lata
135,Del_Valle_Pessego,Gama,GAM_L3,12,-0.0,false,lata
135,Del_Valle_Pessego,Gama,GAM_L3,13,-0.0,false,lata
135,Del_Valle_Pessego,Gama,GAM_L3,14,-0.0,false,lata
135,Del_Valle_Pessego,Gama,GAM_L3,15,-0.0,false,lata
135,Del_Valle_Pessego,Viamao,VIA_L1,1,-0.0,false,lata
135,Del_Valle_Pessego,Viamao,VIA_L1,2,-0.0,false,lata
135,Del_Valle_Pessego,Viamao,VIA_L1,3,-0.0,false,lata
135,Del_Valle_Pessego,Viamao,VIA_L1,4,-0.0,false,lata
135,Del_Valle_Pessego,Viamao,VIA_L1,5,-0.0,false,lata
135,Del_Valle_Pessego,Viamao,VIA_L1,6,-0.0,false,lata
135,Del_Valle_Pessego,Viamao,VIA_L1,7,-0.0,false,lata
135,Del_Valle_Pessego,Viamao,VIA_L1,8,-0.0,false,lata
135,Del_Valle_Pessego,Viamao,VIA_L1,9,-0.0,false,lata
135,Del_Valle_Pessego,Viamao,VIA_L1,10,-0.0,false,lata
135,Del_Valle_Pessego,Viamao,VIA_L1,11,-0.0,false,lata
135,Del_Valle_Pessego,Viamao,VIA_L1,12,-0.0,false,lata
135,Del_Valle_Pessego,Viamao,VIA_L1,13,-0.0,false,lata
135,Del_Valle_Pessego,Viamao,VIA_L1,14,-0.0,false,lata
135,Del_Valle_Pessego,Viamao,VIA_L1,15,-0.0,false,lata
135,Del_Valle_Pessego,Viamao,VIA_L2,1,-0.0,false,lata
135,Del_Valle_Pessego,Viamao,VIA_L2,2,-0.0,false,lata
135,Del_Valle_Pessego,Viamao,VIA_L2,3,-0.0,false,lata
135,Del_Valle_Pessego,Viamao,VIA_L2,4,-0.0,false,lata
135,Del_Valle_Pessego,Viamao,VIA_L2,5,-0.0,false,lata
135,Del_Valle_Pessego,Viamao,VIA_L2,6,-0.0,false,lata
135,Del_Valle_Pessego,Viamao,VIA_L2,7,-0.0,false,lata
135,Del_Valle_Pessego,Viamao,VIA_L2,8,-0.0,false,lata
135,Del_Valle_Pessego,Viamao,VIA_L2,9,-999999.8507255502,false,lata
135,Del_Valle_Pessego,Viamao,VIA_L2,10,-1.0e6,true,lata
135,Del_Valle_Pessego,Viamao,VIA_L2,11,-0.0,false,lata
135,Del_Valle_Pessego,Viamao,VIA_L2,12,-0.0,false,lata
135,Del_Valle_Pessego,Viamao,VIA_L2,13,-999999.4082703001,false,lata
135,Del_Valle_Pessego,Viamao,VIA_L2,14,-0.0,false,lata
135,Del_Valle_Pessego,Viamao,VIA_L2,15,-0.0,false,lata
135,Del_Valle_Pessego,Viamao,VIA_L3,1,-0.0,false,lata
135,Del_Valle_Pessego,Viamao,VIA_L3,2,-0.0,false,lata
135,Del_Valle_Pessego,Viamao,VIA_L3,3,-999999.7818758,false,lata
135,Del_Valle_Pessego,Viamao,VIA_L3,4,-0.0,false,lata
135,Del_Valle_Pessego,Viamao,VIA_L3,5,-0.0,false,lata
135,Del_Valle_Pessego,Viamao,VIA_L3,6,-0.0,false,lata
135,Del_Valle_Pessego,Viamao,VIA_L3,7,-0.0,false,lata
135,Del_Valle_Pessego,Viamao,VIA_L3,8,-0.0,false,lata
135,Del_Valle_Pessego,Viamao,VIA_L3,9,-0.0,false,lata
135,Del_Valle_Pessego,Viamao,VIA_L3,10,-1.0e6,true,lata
135,Del_Valle_Pessego,Viamao,VIA_L3,11,-0.0,false,lata
135,Del_Valle_Pessego,Viamao,VIA_L3,12,-0.0,false,lata
135,Del_Valle_Pessego,Viamao,VIA_L3,13,-0.0,false,lata
135,Del_Valle_Pessego,Viamao,VIA_L3,14,-0.0,false,lata
135,Del_Valle_Pessego,Viamao,VIA_L3,15,-0.0,false,lata
135,Del_Valle_Pessego,Itupeva,ITU_L1,1,-0.0,false,lata
135,Del_Valle_Pessego,Itupeva,ITU_L1,2,-0.0,false,lata
135,Del_Valle_Pessego,Itupeva,ITU_L1,3,-0.0,false,lata
135,Del_Valle_Pessego,Itupeva,ITU_L1,4,-0.0,false,lata
135,Del_Valle_Pessego,Itupeva,ITU_L1,5,-0.0,false,lata
135,Del_Valle_Pessego,Itupeva,ITU_L1,6,-0.0,false,lata
135,Del_Valle_Pessego,Itupeva,ITU_L1,7,-0.0,false,lata
135,Del_Valle_Pessego,Itupeva,ITU_L1,8,-0.0,false,lata
135,Del_Valle_Pessego,Itupeva,ITU_L1,9,-999999.8181155502,false,lata
135,Del_Valle_Pessego,Itupeva,ITU_L1,10,-0.0,false,lata
135,Del_Valle_Pessego,Itupeva,ITU_L1,11,-0.0,false,lata
135,Del_Valle_Pessego,Itupeva,ITU_L1,12,-0.0,false,lata
135,Del_Valle_Pessego,Itupeva,ITU_L1,13,-0.0,false,lata
135,Del_Valle_Pessego,Itupeva,ITU_L1,14,-0.0,false,lata
135,Del_Valle_Pessego,Itupeva,ITU_L1,15,-0.0,false,lata
135,Del_Valle_Pessego,Itupeva,ITU_L2,1,-0.0,false,lata
135,Del_Valle_Pessego,Itupeva,ITU_L2,2,-0.0,false,lata
135,Del_Valle_Pessego,Itupeva,ITU_L2,3,-0.0,false,lata
135,Del_Valle_Pessego,Itupeva,ITU_L2,4,-0.0,false,lata
135,Del_Valle_Pessego,Itupeva,ITU_L2,5,-0.0,false,lata
135,Del_Valle_Pessego,Itupeva,ITU_L2,6,-0.0,false,lata
135,Del_Valle_Pessego,Itupeva,ITU_L2,7,-1.0e6,true,lata
135,Del_Valle_Pessego,Itupeva,ITU_L2,8,-0.0,false,lata
135,Del_Valle_Pessego,Itupeva,ITU_L2,9,-0.0,false,lata
135,Del_Valle_Pessego,Itupeva,ITU_L2,10,-0.0,false,lata
135,Del_Valle_Pessego,Itupeva,ITU_L2,11,-0.0,false,lata
135,Del_Valle_Pessego,Itupeva,ITU_L2,12,-0.0,false,lata
135,Del_Valle_Pessego,Itupeva,ITU_L2,13,-0.0,false,lata
135,Del_Valle_Pessego,Itupeva,ITU_L2,14,-0.0,false,lata
135,Del_Valle_Pessego,Itupeva,ITU_L2,15,-0.0,false,lata
135,Del_Valle_Pessego,Itupeva,ITU_L3,1,-0.0,false,lata
135,Del_Valle_Pessego,Itupeva,ITU_L3,2,-0.0,false,lata
135,Del_Valle_Pessego,Itupeva,ITU_L3,3,-0.0,false,lata
135,Del_Valle_Pessego,Itupeva,ITU_L3,4,-0.0,false,lata
135,Del_Valle_Pessego,Itupeva,ITU_L3,5,-0.0,false,lata
135,Del_Valle_Pessego,Itupeva,ITU_L3,6,-0.0,false,lata
135,Del_Valle_Pessego,Itupeva,ITU_L3,7,-0.0,false,lata
135,Del_Valle_Pessego,Itupeva,ITU_L3,8,-0.0,false,lata
135,Del_Valle_Pessego,Itupeva,ITU_L3,9,-0.0,false,lata
135,Del_Valle_Pessego,Itupeva,ITU_L3,10,-0.0,false,lata
135,Del_Valle_Pessego,Itupeva,ITU_L3,11,-0.0,false,lata
135,Del_Valle_Pessego,Itupeva,ITU_L3,12,-0.0,false,lata
135,Del_Valle_Pessego,Itupeva,ITU_L3,13,-0.0,false,lata
135,Del_Valle_Pessego,Itupeva,ITU_L3,14,-0.0,false,lata
135,Del_Valle_Pessego,Itupeva,ITU_L3,15,-0.0,false,lata
135,Del_Valle_Pessego,Cabo de Santo Agostinho,CAB_L1,1,-0.0,false,lata
135,Del_Valle_Pessego,Cabo de Santo Agostinho,CAB_L1,2,-0.0,false,lata
135,Del_Valle_Pessego,Cabo de Santo Agostinho,CAB_L1,3,-0.0,false,lata
135,Del_Valle_Pessego,Cabo de Santo Agostinho,CAB_L1,4,-0.0,false,lata
135,Del_Valle_Pessego,Cabo de Santo Agostinho,CAB_L1,5,-0.0,false,lata
135,Del_Valle_Pessego,Cabo de Santo Agostinho,CAB_L1,6,-1.0e6,true,lata
135,Del_Valle_Pessego,Cabo de Santo Agostinho,CAB_L1,7,-0.0,false,lata
135,Del_Valle_Pessego,Cabo de Santo Agostinho,CAB_L1,8,-0.0,false,lata
135,Del_Valle_Pessego,Cabo de Santo Agostinho,CAB_L1,9,-0.0,false,lata
135,Del_Valle_Pessego,Cabo de Santo Agostinho,CAB_L1,10,-0.0,false,lata
135,Del_Valle_Pessego,Cabo de Santo Agostinho,CAB_L1,11,-0.0,false,lata
135,Del_Valle_Pessego,Cabo de Santo Agostinho,CAB_L1,12,-0.0,false,lata
135,Del_Valle_Pessego,Cabo de Santo Agostinho,CAB_L1,13,-0.0,false,lata
135,Del_Valle_Pessego,Cabo de Santo Agostinho,CAB_L1,14,-0.0,false,lata
135,Del_Valle_Pessego,Cabo de Santo Agostinho,CAB_L1,15,-0.0,false,lata
135,Del_Valle_Pessego,Cabo de Santo Agostinho,CAB_L2,1,-999999.7831326,false,lata
135,Del_Valle_Pessego,Cabo de Santo Agostinho,CAB_L2,2,-0.0,false,lata
135,Del_Valle_Pessego,Cabo de Santo Agostinho,CAB_L2,3,-0.0,false,lata
135,Del_Valle_Pessego,Cabo de Santo Agostinho,CAB_L2,4,-1.0e6,true,lata
135,Del_Valle_Pessego,Cabo de Santo Agostinho,CAB_L2,5,-0.0,false,lata
135,Del_Valle_Pessego,Cabo de Santo Agostinho,CAB_L2,6,-0.0,false,lata
135,Del_Valle_Pessego,Cabo de Santo Agostinho,CAB_L2,7,-0.0,false,lata
135,Del_Valle_Pessego,Cabo de Santo Agostinho,CAB_L2,8,-0.0,false,lata
135,Del_Valle_Pessego,Cabo de Santo Agostinho,CAB_L2,9,-0.0,false,lata
135,Del_Valle_Pessego,Cabo de Santo Agostinho,CAB_L2,10,-0.0,false,lata
135,Del_Valle_Pessego,Cabo de Santo Agostinho,CAB_L2,11,-0.0,false,lata
135,Del_Valle_Pessego,Cabo de Santo Agostinho,CAB_L2,12,-0.0,false,lata
135,Del_Valle_Pessego,Cabo de Santo Agostinho,CAB_L2,13,-0.0,false,lata
135,Del_Valle_Pessego,Cabo de Santo Agostinho,CAB_L2,14,-0.0,false,lata
135,Del_Valle_Pessego,Cabo de Santo Agostinho,CAB_L2,15,-0.0,false,lata
135,Del_Valle_Pessego,Cabo de Santo Agostinho,CAB_L3,1,-0.0,false,lata
135,Del_Valle_Pessego,Cabo de Santo Agostinho,CAB_L3,2,-0.0,false,lata
135,Del_Valle_Pessego,Cabo de Santo Agostinho,CAB_L3,3,-0.0,false,lata
135,Del_Valle_Pessego,Cabo de Santo Agostinho,CAB_L3,4,-0.0,false,lata
135,Del_Valle_Pessego,Cabo de Santo Agostinho,CAB_L3,5,-0.0,false,lata
135,Del_Valle_Pessego,Cabo de Santo Agostinho,CAB_L3,6,-0.0,false,lata
135,Del_Valle_Pessego,Cabo de Santo Agostinho,CAB_L3,7,-0.0,false,lata
135,Del_Valle_Pessego,Cabo de Santo Agostinho,CAB_L3,8,-0.0,false,lata
135,Del_Valle_Pessego,Cabo de Santo Agostinho,CAB_L3,9,-0.0,false,lata
135,Del_Valle_Pessego,Cabo de Santo Agostinho,CAB_L3,10,-0.0,false,lata
135,Del_Valle_Pessego,Cabo de Santo Agostinho,CAB_L3,11,-0.0,false,lata
135,Del_Valle_Pessego,Cabo de Santo Agostinho,CAB_L3,12,-0.0,false,lata
135,Del_Valle_Pessego,Cabo de Santo Agostinho,CAB_L3,13,-0.0,false,lata
135,Del_Valle_Pessego,Cabo de Santo Agostinho,CAB_L3,14,-0.0,false,lata
135,Del_Valle_Pessego,Cabo de Santo Agostinho,CAB_L3,15,-0.0,false,lata
135,Sprite_Zero,Jacarei,JAC_L1,1,-0.0,false,lata
135,Sprite_Zero,Jacarei,JAC_L1,2,-0.0,false,lata
135,Sprite_Zero,Jacarei,JAC_L1,3,-0.0,false,lata
135,Sprite_Zero,Jacarei,JAC_L1,4,-0.0,false,lata
135,Sprite_Zero,Jacarei,JAC_L1,5,-0.0,false,lata
135,Sprite_Zero,Jacarei,JAC_L1,6,-0.0,false,lata
135,Sprite_Zero,Jacarei,JAC_L1,7,-0.0,false,lata
135,Sprite_Zero,Jacarei,JAC_L1,8,-0.0,false,lata
135,Sprite_Zero,Jacarei,JAC_L1,9,-0.0,false,lata
135,Sprite_Zero,Jacarei,JAC_L1,10,-0.0,false,lata
135,Sprite_Zero,Jacarei,JAC_L1,11,-0.0,false,lata
135,Sprite_Zero,Jacarei,JAC_L1,12,-0.0,false,lata
135,Sprite_Zero,Jacarei,JAC_L1,13,-0.0,false,lata
135,Sprite_Zero,Jacarei,JAC_L1,14,-0.0,false,lata
135,Sprite_Zero,Jacarei,JAC_L1,15,-0.0,false,lata
135,Sprite_Zero,Jacarei,JAC_L2,1,-0.0,false,lata
135,Sprite_Zero,Jacarei,JAC_L2,2,-0.0,false,lata
135,Sprite_Zero,Jacarei,JAC_L2,3,-0.0,false,lata
135,Sprite_Zero,Jacarei,JAC_L2,4,-999999.8577602501,false,lata
135,Sprite_Zero,Jacarei,JAC_L2,5,-0.0,false,lata
135,Sprite_Zero,Jacarei,JAC_L2,6,-0.0,false,lata
135,Sprite_Zero,Jacarei,JAC_L2,7,-0.0,false,lata
135,Sprite_Zero,Jacarei,JAC_L2,8,-0.0,false,lata
135,Sprite_Zero,Jacarei,JAC_L2,9,-0.0,false,lata
135,Sprite_Zero,Jacarei,JAC_L2,10,-0.0,false,lata
135,Sprite_Zero,Jacarei,JAC_L2,11,-1.0e6,true,lata
135,Sprite_Zero,Jacarei,JAC_L2,12,-0.0,false,lata
135,Sprite_Zero,Jacarei,JAC_L2,13,-0.0,false,lata
135,Sprite_Zero,Jacarei,JAC_L2,14,-0.0,false,lata
135,Sprite_Zero,Jacarei,JAC_L2,15,-0.0,false,lata
135,Sprite_Zero,Jacarei,JAC_L3,1,-0.0,false,lata
135,Sprite_Zero,Jacarei,JAC_L3,2,-0.0,false,lata
135,Sprite_Zero,Jacarei,JAC_L3,3,-0.0,false,lata
135,Sprite_Zero,Jacarei,JAC_L3,4,-0.0,false,lata
135,Sprite_Zero,Jacarei,JAC_L3,5,-0.0,false,lata
135,Sprite_Zero,Jacarei,JAC_L3,6,-0.0,false,lata
135,Sprite_Zero,Jacarei,JAC_L3,7,-999999.71936085,false,lata
135,Sprite_Zero,Jacarei,JAC_L3,8,-0.0,false,lata
135,Sprite_Zero,Jacarei,JAC_L3,9,-0.0,false,lata
135,Sprite_Zero,Jacarei,JAC_L3,10,-999999.8791989001,false,lata
135,Sprite_Zero,Jacarei,JAC_L3,11,-0.0,false,lata
135,Sprite_Zero,Jacarei,JAC_L3,12,-0.0,false,lata
135,Sprite_Zero,Jacarei,JAC_L3,13,-0.0,false,lata
135,Sprite_Zero,Jacarei,JAC_L3,14,-0.0,false,lata
135,Sprite_Zero,Jacarei,JAC_L3,15,-0.0,false,lata
135,Sprite_Zero,Extrema,EXT_L1,1,-0.0,false,lata
135,Sprite_Zero,Extrema,EXT_L1,2,-0.0,false,lata
135,Sprite_Zero,Extrema,EXT_L1,3,-0.0,false,lata
135,Sprite_Zero,Extrema,EXT_L1,4,-0.0,false,lata
135,Sprite_Zero,Extrema,EXT_L1,5,-0.0,false,lata
135,Sprite_Zero,Extrema,EXT_L1,6,-0.0,false,lata
135,Sprite_Zero,Extrema,EXT_L1,7,-0.0,false,lata
135,Sprite_Zero,Extrema,EXT_L1,8,-0.0,false,lata
135,Sprite_Zero,Extrema,EXT_L1,9,-0.0,false,lata
135,Sprite_Zero,Extrema,EXT_L1,10,-0.0,false,lata
135,Sprite_Zero,Extrema,EXT_L1,11,-0.0,false,lata
135,Sprite_Zero,Extrema,EXT_L1,12,-0.0,false,lata
135,Sprite_Zero,Extrema,EXT_L1,13,-0.0,false,lata
135,Sprite_Zero,Extrema,EXT_L1,14,-0.0,false,lata
135,Sprite_Zero,Extrema,EXT_L1,15,-1.0e6,true,lata
135,Sprite_Zero,Extrema,EXT_L2,1,-0.0,false,lata
135,Sprite_Zero,Extrema,EXT_L2,2,-0.0,false,lata
135,Sprite_Zero,Extrema,EXT_L2,3,-0.0,false,lata
135,Sprite_Zero,Extrema,EXT_L2,4,-0.0,false,lata
135,Sprite_Zero,Extrema,EXT_L2,5,-0.0,false,lata
135,Sprite_Zero,Extrema,EXT_L2,6,-0.0,false,lata
135,Sprite_Zero,Extrema,EXT_L2,7,-0.0,false,lata
135,Sprite_Zero,Extrema,EXT_L2,8,-0.0,false,lata
135,Sprite_Zero,Extrema,EXT_L2,9,-0.0,false,lata
135,Sprite_Zero,Extrema,EXT_L2,10,-0.0,false,lata
135,Sprite_Zero,Extrema,EXT_L2,11,-0.0,false,lata
135,Sprite_Zero,Extrema,EXT_L2,12,-0.0,false,lata
135,Sprite_Zero,Extrema,EXT_L2,13,-0.0,false,lata
135,Sprite_Zero,Extrema,EXT_L2,14,-0.0,false,lata
135,Sprite_Zero,Extrema,EXT_L2,15,-0.0,false,lata
135,Sprite_Zero,Extrema,EXT_L3,1,-0.0,false,lata
135,Sprite_Zero,Extrema,EXT_L3,2,-0.0,false,lata
135,Sprite_Zero,Extrema,EXT_L3,3,-0.0,false,lata
135,Sprite_Zero,Extrema,EXT_L3,4,-0.0,false,lata
135,Sprite_Zero,Extrema,EXT_L3,5,-0.0,false,lata
135,Sprite_Zero,Extrema,EXT_L3,6,-0.0,false,lata
135,Sprite_Zero,Extrema,EXT_L3,7,-0.0,false,lata
135,Sprite_Zero,Extrema,EXT_L3,8,-0.0,false,lata
135,Sprite_Zero,Extrema,EXT_L3,9,-0.0,false,lata
135,Sprite_Zero,Extrema,EXT_L3,10,-0.0,false,lata
135,Sprite_Zero,Extrema,EXT_L3,11,-999999.99731415,false,lata
135,Sprite_Zero,Extrema,EXT_L3,12,-0.0,false,lata
135,Sprite_Zero,Extrema,EXT_L3,13,-0.0,false,lata
135,Sprite_Zero,Extrema,EXT_L3,14,-999999.98249915,false,lata
135,Sprite_Zero,Extrema,EXT_L3,15,-0.0,false,lata
135,Sprite_Zero,Tres Rios,TRE_L1,1,-0.0,false,lata
135,Sprite_Zero,Tres Rios,TRE_L1,2,-0.0,false,lata
135,Sprite_Zero,Tres Rios,TRE_L1,3,-0.0,false,lata
135,Sprite_Zero,Tres Rios,TRE_L1,4,-0.0,false,lata
135,Sprite_Zero,Tres Rios,TRE_L1,5,-0.0,false,lata
135,Sprite_Zero,Tres Rios,TRE_L1,6,-0.0,false,lata
135,Sprite_Zero,Tres Rios,TRE_L1,7,-0.0,false,lata
135,Sprite_Zero,Tres Rios,TRE_L1,8,-0.0,false,lata
135,Sprite_Zero,Tres Rios,TRE_L1,9,-0.0,false,lata
135,Sprite_Zero,Tres Rios,TRE_L1,10,-0.0,false,lata
135,Sprite_Zero,Tres Rios,TRE_L1,11,-0.0,false,lata
135,Sprite_Zero,Tres Rios,TRE_L1,12,-0.0,false,lata
135,Sprite_Zero,Tres Rios,TRE_L1,13,-0.0,false,lata
135,Sprite_Zero,Tres Rios,TRE_L1,14,-0.0,false,lata
135,Sprite_Zero,Tres Rios,TRE_L1,15,-0.0,false,lata
135,Sprite_Zero,Tres Rios,TRE_L2,1,-0.0,false,lata
135,Sprite_Zero,Tres Rios,TRE_L2,2,-0.0,false,lata
135,Sprite_Zero,Tres Rios,TRE_L2,3,-999999.7430347,false,lata
135,Sprite_Zero,Tres Rios,TRE_L2,4,-0.0,false,lata
135,Sprite_Zero,Tres Rios,TRE_L2,5,-0.0,false,lata
135,Sprite_Zero,Tres Rios,TRE_L2,6,-0.0,false,lata
135,Sprite_Zero,Tres Rios,TRE_L2,7,-0.0,false,lata
135,Sprite_Zero,Tres Rios,TRE_L2,8,-0.0,false,lata
135,Sprite_Zero,Tres Rios,TRE_L2,9,-0.0,false,lata
135,Sprite_Zero,Tres Rios,TRE_L2,10,-0.0,false,lata
135,Sprite_Zero,Tres Rios,TRE_L2,11,-0.0,false,lata
135,Sprite_Zero,Tres Rios,TRE_L2,12,-999999.92859595,false,lata
135,Sprite_Zero,Tres Rios,TRE_L2,13,-0.0,false,lata
135,Sprite_Zero,Tres Rios,TRE_L2,14,-0.0,false,lata
135,Sprite_Zero,Tres Rios,TRE_L2,15,-0.0,false,lata
135,Sprite_Zero,Tres Rios,TRE_L3,1,-0.0,false,lata
135,Sprite_Zero,Tres Rios,TRE_L3,2,-0.0,false,lata
135,Sprite_Zero,Tres Rios,TRE_L3,3,-0.0,false,lata
135,Sprite_Zero,Tres Rios,TRE_L3,4,-0.0,false,lata
135,Sprite_Zero,Tres Rios,TRE_L3,5,-0.0,false,lata
135,Sprite_Zero,Tres Rios,TRE_L3,6,-0.0,false,lata
135,Sprite_Zero,Tres Rios,TRE_L3,7,-0.0,false,lata
135,Sprite_Zero,Tres Rios,TRE_L3,8,-0.0,false,lata
135,Sprite_Zero,Tres Rios,TRE_L3,9,-0.0,false,lata
135,Sprite_Zero,Tres Rios,TRE_L3,10,-0.0,false,lata
135,Sprite_Zero,Tres Rios,TRE_L3,11,-0.0,false,lata
135,Sprite_Zero,Tres Rios,TRE_L3,12,-0.0,false,lata
135,Sprite_Zero,Tres Rios,TRE_L3,13,-0.0,false,lata
135,Sprite_Zero,Tres Rios,TRE_L3,14,-0.0,false,lata
135,Sprite_Zero,Tres Rios,TRE_L3,15,-0.0,false,lata
135,Sprite_Zero,Alagoinhas,ALA_L1,1,-0.0,false,lata
135,Sprite_Zero,Alagoinhas,ALA_L1,2,-0.0,false,lata
135,Sprite_Zero,Alagoinhas,ALA_L1,3,-0.0,false,lata
135,Sprite_Zero,Alagoinhas,ALA_L1,4,-0.0,false,lata
135,Sprite_Zero,Alagoinhas,ALA_L1,5,-999999.9521190999,false,lata
135,Sprite_Zero,Alagoinhas,ALA_L1,6,-0.0,false,lata
135,Sprite_Zero,Alagoinhas,ALA_L1,7,-0.0,false,lata
135,Sprite_Zero,Alagoinhas,ALA_L1,8,-0.0,false,lata
135,Sprite_Zero,Alagoinhas,ALA_L1,9,-0.0,false,lata
135,Sprite_Zero,Alagoinhas,ALA_L1,10,-0.0,false,lata
135,Sprite_Zero,Alagoinhas,ALA_L1,11,-0.0,false,lata
135,Sprite_Zero,Alagoinhas,ALA_L1,12,-0.0,false,lata
135,Sprite_Zero,Alagoinhas,ALA_L1,13,-0.0,false,lata
135,Sprite_Zero,Alagoinhas,ALA_L1,14,-0.0,false,lata
135,Sprite_Zero,Alagoinhas,ALA_L1,15,-0.0,false,lata
135,Sprite_Zero,Alagoinhas,ALA_L2,1,-0.0,false,lata
135,Sprite_Zero,Alagoinhas,ALA_L2,2,-0.0,false,lata
135,Sprite_Zero,Alagoinhas,ALA_L2,3,-0.0,false,lata
135,Sprite_Zero,Alagoinhas,ALA_L2,4,-0.0,false,lata
135,Sprite_Zero,Alagoinhas,ALA_L2,5,-1.0e6,true,lata
135,Sprite_Zero,Alagoinhas,ALA_L2,6,-0.0,false,lata
135,Sprite_Zero,Alagoinhas,ALA_L2,7,-0.0,false,lata
135,Sprite_Zero,Alagoinhas,ALA_L2,8,-0.0,false,lata
135,Sprite_Zero,Alagoinhas,ALA_L2,9,-0.0,false,lata
135,Sprite_Zero,Alagoinhas,ALA_L2,10,-0.0,false,lata
135,Sprite_Zero,Alagoinhas,ALA_L2,11,-0.0,false,lata
135,Sprite_Zero,Alagoinhas,ALA_L2,12,-0.0,false,lata
135,Sprite_Zero,Alagoinhas,ALA_L2,13,-0.0,false,lata
135,Sprite_Zero,Alagoinhas,ALA_L2,14,-0.0,false,lata
135,Sprite_Zero,Alagoinhas,ALA_L2,15,-0.0,false,lata
135,Sprite_Zero,Alagoinhas,ALA_L3,1,-0.0,false,lata
135,Sprite_Zero,Alagoinhas,ALA_L3,2,-0.0,false,lata
135,Sprite_Zero,Alagoinhas,ALA_L3,3,-0.0,false,lata
135,Sprite_Zero,Alagoinhas,ALA_L3,4,-0.0,false,lata
135,Sprite_Zero,Alagoinhas,ALA_L3,5,-0.0,false,lata
135,Sprite_Zero,Alagoinhas,ALA_L3,6,-999999.8720463502,false,lata
135,Sprite_Zero,Alagoinhas,ALA_L3,7,-0.0,false,lata
135,Sprite_Zero,Alagoinhas,ALA_L3,8,-0.0,false,lata
135,Sprite_Zero,Alagoinhas,ALA_L3,9,-0.0,false,lata
135,Sprite_Zero,Alagoinhas,ALA_L3,10,-0.0,false,lata
135,Sprite_Zero,Alagoinhas,ALA_L3,11,-0.0,false,lata
135,Sprite_Zero,Alagoinhas,ALA_L3,12,-0.0,false,lata
135,Sprite_Zero,Alagoinhas,ALA_L3,13,-0.0,false,lata
135,Sprite_Zero,Alagoinhas,ALA_L3,14,-0.0,false,lata
135,Sprite_Zero,Alagoinhas,ALA_L3,15,-0.0,false,lata
135,Sprite_Zero,Frutal,FRU_L1,1,-0.0,false,lata
135,Sprite_Zero,Frutal,FRU_L1,2,-0.0,false,lata
135,Sprite_Zero,Frutal,FRU_L1,3,-0.0,false,lata
135,Sprite_Zero,Frutal,FRU_L1,4,-0.0,false,lata
135,Sprite_Zero,Frutal,FRU_L1,5,-0.0,false,lata
135,Sprite_Zero,Frutal,FRU_L1,6,-999999.8845478501,false,lata
135,Sprite_Zero,Frutal,FRU_L1,7,-0.0,false,lata
135,Sprite_Zero,Frutal,FRU_L1,8,-0.0,false,lata
135,Sprite_Zero,Frutal,FRU_L1,9,-0.0,false,lata
135,Sprite_Zero,Frutal,FRU_L1,10,-0.0,false,lata
135,Sprite_Zero,Frutal,FRU_L1,11,-0.0,false,lata
135,Sprite_Zero,Frutal,FRU_L1,12,-0.0,false,lata
135,Sprite_Zero,Frutal,FRU_L1,13,-0.0,false,lata
135,Sprite_Zero,Frutal,FRU_L1,14,-1.0e6,true,lata
135,Sprite_Zero,Frutal,FRU_L1,15,-0.0,false,lata
135,Sprite_Zero,Frutal,FRU_L2,1,-0.0,false,lata
135,Sprite_Zero,Frutal,FRU_L2,2,-0.0,false,lata
135,Sprite_Zero,Frutal,FRU_L2,3,-0.0,false,lata
135,Sprite_Zero,Frutal,FRU_L2,4,-0.0,false,lata
135,Sprite_Zero,Frutal,FRU_L2,5,-0.0,false,lata
135,Sprite_Zero,Frutal,FRU_L2,6,-0.0,false,lata
135,Sprite_Zero,Frutal,FRU_L2,7,-0.0,false,lata
135,Sprite_Zero,Frutal,FRU_L2,8,-0.0,false,lata
135,Sprite_Zero,Frutal,FRU_L2,9,-0.0,false,lata
135,Sprite_Zero,Frutal,FRU_L2,10,-999999.8739488502,false,lata
135,Sprite_Zero,Frutal,FRU_L2,11,-0.0,false,lata
135,Sprite_Zero,Frutal,FRU_L2,12,-0.0,false,lata
135,Sprite_Zero,Frutal,FRU_L2,13,-0.0,false,lata
135,Sprite_Zero,Frutal,FRU_L2,14,-0.0,false,lata
135,Sprite_Zero,Frutal,FRU_L2,15,-0.0,false,lata
135,Sprite_Zero,Frutal,FRU_L3,1,-0.0,false,lata
135,Sprite_Zero,Frutal,FRU_L3,2,-0.0,false,lata
135,Sprite_Zero,Frutal,FRU_L3,3,-0.0,false,lata
135,Sprite_Zero,Frutal,FRU_L3,4,-999999.8725752501,false,lata
135,Sprite_Zero,Frutal,FRU_L3,5,-0.0,false,lata
135,Sprite_Zero,Frutal,FRU_L3,6,-0.0,false,lata
135,Sprite_Zero,Frutal,FRU_L3,7,-0.0,false,lata
135,Sprite_Zero,Frutal,FRU_L3,8,-0.0,false,lata
135,Sprite_Zero,Frutal,FRU_L3,9,-0.0,false,lata
135,Sprite_Zero,Frutal,FRU_L3,10,-999999.8770095002,false,lata
135,Sprite_Zero,Frutal,FRU_L3,11,-0.0,false,lata
135,Sprite_Zero,Frutal,FRU_L3,12,-0.0,false,lata
135,Sprite_Zero,Frutal,FRU_L3,13,-0.0,false,lata
135,Sprite_Zero,Frutal,FRU_L3,14,-0.0,false,lata
135,Sprite_Zero,Frutal,FRU_L3,15,-999999.9988765001,false,lata
135,Sprite_Zero,Pouso Alegre,POU_L1,1,-0.0,false,lata
135,Sprite_Zero,Pouso Alegre,POU_L1,2,-0.0,false,lata
135,Sprite_Zero,Pouso Alegre,POU_L1,3,-0.0,false,lata
135,Sprite_Zero,Pouso Alegre,POU_L1,4,-0.0,false,lata
135,Sprite_Zero,Pouso Alegre,POU_L1,5,-0.0,false,lata
135,Sprite_Zero,Pouso Alegre,POU_L1,6,-0.0,false,lata
135,Sprite_Zero,Pouso Alegre,POU_L1,7,-0.0,false,lata
135,Sprite_Zero,Pouso Alegre,POU_L1,8,-0.0,false,lata
135,Sprite_Zero,Pouso Alegre,POU_L1,9,-0.0,false,lata
135,Sprite_Zero,Pouso Alegre,POU_L1,10,-0.0,false,lata
135,Sprite_Zero,Pouso Alegre,POU_L1,11,-1.0e6,true,lata
135,Sprite_Zero,Pouso Alegre,POU_L1,12,-0.0,false,lata
135,Sprite_Zero,Pouso Alegre,POU_L1,13,-0.0,false,lata
135,Sprite_Zero,Pouso Alegre,POU_L1,14,-0.0,false,lata
135,Sprite_Zero,Pouso Alegre,POU_L1,15,-0.0,false,lata
135,Sprite_Zero,Pouso Alegre,POU_L2,1,-0.0,false,lata
135,Sprite_Zero,Pouso Alegre,POU_L2,2,-0.0,false,lata
135,Sprite_Zero,Pouso Alegre,POU_L2,3,-0.0,false,lata
135,Sprite_Zero,Pouso Alegre,POU_L2,4,-0.0,false,lata
135,Sprite_Zero,Pouso Alegre,POU_L2,5,-0.0,false,lata
135,Sprite_Zero,Pouso Alegre,POU_L2,6,-0.0,false,lata
135,Sprite_Zero,Pouso Alegre,POU_L2,7,-0.0,false,lata
135,Sprite_Zero,Pouso Alegre,POU_L2,8,-999999.96108,false,lata
135,Sprite_Zero,Pouso Alegre,POU_L2,9,-0.0,false,lata
135,Sprite_Zero,Pouso Alegre,POU_L2,10,-0.0,false,lata
135,Sprite_Zero,Pouso Alegre,POU_L2,11,-0.0,false,lata
135,Sprite_Zero,Pouso Alegre,POU_L2,12,-0.0,false,lata
135,Sprite_Zero,Pouso Alegre,POU_L2,13,-0.0,false,lata
135,Sprite_Zero,Pouso Alegre,POU_L2,14,-0.0,false,lata
135,Sprite_Zero,Pouso Alegre,POU_L2,15,-0.0,false,lata
135,Sprite_Zero,Pouso Alegre,POU_L3,1,-0.0,false,lata
135,Sprite_Zero,Pouso Alegre,POU_L3,2,-0.0,false,lata
135,Sprite_Zero,Pouso Alegre,POU_L3,3,-0.0,false,lata
135,Sprite_Zero,Pouso Alegre,POU_L3,4,-0.0,false,lata
135,Sprite_Zero,Pouso Alegre,POU_L3,5,-0.0,false,lata
135,Sprite_Zero,Pouso Alegre,POU_L3,6,-0.0,false,lata
135,Sprite_Zero,Pouso Alegre,POU_L3,7,-0.0,false,lata
135,Sprite_Zero,Pouso Alegre,POU_L3,8,-0.0,false,lata
135,Sprite_Zero,Pouso Alegre,POU_L3,9,-0.0,false,lata
135,Sprite_Zero,Pouso Alegre,POU_L3,10,-0.0,false,lata
135,Sprite_Zero,Pouso Alegre,POU_L3,11,-0.0,false,lata
135,Sprite_Zero,Pouso Alegre,POU_L3,12,-0.0,false,lata
135,Sprite_Zero,Pouso Alegre,POU_L3,13,-0.0,false,lata
135,Sprite_Zero,Pouso Alegre,POU_L3,14,-0.0,false,lata
135,Sprite_Zero,Pouso Alegre,POU_L3,15,-0.0,false,lata
135,Sprite_Zero,Gama,GAM_L1,1,-0.0,false,lata
135,Sprite_Zero,Gama,GAM_L1,2,-0.0,false,lata
135,Sprite_Zero,Gama,GAM_L1,3,-0.0,false,lata
135,Sprite_Zero,Gama,GAM_L1,4,-0.0,false,lata
135,Sprite_Zero,Gama,GAM_L1,5,-0.0,false,lata
135,Sprite_Zero,Gama,GAM_L1,6,-0.0,false,lata
135,Sprite_Zero,Gama,GAM_L1,7,-0.0,false,lata
135,Sprite_Zero,Gama,GAM_L1,8,-0.0,false,lata
135,Sprite_Zero,Gama,GAM_L1,9,-0.0,false,lata
135,Sprite_Zero,Gama,GAM_L1,10,-0.0,false,lata
135,Sprite_Zero,Gama,GAM_L1,11,-0.0,false,lata
135,Sprite_Zero,Gama,GAM_L1,12,-0.0,false,lata
135,Sprite_Zero,Gama,GAM_L1,13,-0.0,false,lata
135,Sprite_Zero,Gama,GAM_L1,14,-0.0,false,lata
135,Sprite_Zero,Gama,GAM_L1,15,-0.0,false,lata
135,Sprite_Zero,Gama,GAM_L2,1,-0.0,false,lata
135,Sprite_Zero,Gama,GAM_L2,2,-0.0,false,lata
135,Sprite_Zero,Gama,GAM_L2,3,-0.0,false,lata
135,Sprite_Zero,Gama,GAM_L2,4,-0.0,false,lata
135,Sprite_Zero,Gama,GAM_L2,5,-0.0,false,lata
135,Sprite_Zero,Gama,GAM_L2,6,-0.0,false,lata
135,Sprite_Zero,Gama,GAM_L2,7,-0.0,false,lata
135,Sprite_Zero,Gama,GAM_L2,8,-999999.95026255,false,lata
135,Sprite_Zero,Gama,GAM_L2,9,-0.0,false,lata
135,Sprite_Zero,Gama,GAM_L2,10,-0.0,false,lata
135,Sprite_Zero,Gama,GAM_L2,11,-0.0,false,lata
135,Sprite_Zero,Gama,GAM_L2,12,-999999.94786475,false,lata
135,Sprite_Zero,Gama,GAM_L2,13,-0.0,false,lata
135,Sprite_Zero,Gama,GAM_L2,14,-0.0,false,lata
135,Sprite_Zero,Gama,GAM_L2,15,-0.0,false,lata
135,Sprite_Zero,Gama,GAM_L3,1,-0.0,false,lata
135,Sprite_Zero,Gama,GAM_L3,2,-0.0,false,lata
135,Sprite_Zero,Gama,GAM_L3,3,-0.0,false,lata
135,Sprite_Zero,Gama,GAM_L3,4,-0.0,false,lata
135,Sprite_Zero,Gama,GAM_L3,5,-0.0,false,lata
135,Sprite_Zero,Gama,GAM_L3,6,-0.0,false,lata
135,Sprite_Zero,Gama,GAM_L3,7,-0.0,false,lata
135,Sprite_Zero,Gama,GAM_L3,8,-0.0,false,lata
135,Sprite_Zero,Gama,GAM_L3,9,-0.0,false,lata
135,Sprite_Zero,Gama,GAM_L3,10,-0.0,false,lata
135,Sprite_Zero,Gama,GAM_L3,11,-0.0,false,lata
135,Sprite_Zero,Gama,GAM_L3,12,-0.0,false,lata
135,Sprite_Zero,Gama,GAM_L3,13,-0.0,false,lata
135,Sprite_Zero,Gama,GAM_L3,14,-999999.9856375499,false,lata
135,Sprite_Zero,Gama,GAM_L3,15,-0.0,false,lata
135,Sprite_Zero,Viamao,VIA_L1,1,-0.0,false,lata
135,Sprite_Zero,Viamao,VIA_L1,2,-0.0,false,lata
135,Sprite_Zero,Viamao,VIA_L1,3,-0.0,false,lata
135,Sprite_Zero,Viamao,VIA_L1,4,-0.0,false,lata
135,Sprite_Zero,Viamao,VIA_L1,5,-0.0,false,lata
135,Sprite_Zero,Viamao,VIA_L1,6,-0.0,false,lata
135,Sprite_Zero,Viamao,VIA_L1,7,-0.0,false,lata
135,Sprite_Zero,Viamao,VIA_L1,8,-0.0,false,lata
135,Sprite_Zero,Viamao,VIA_L1,9,-0.0,false,lata
135,Sprite_Zero,Viamao,VIA_L1,10,-0.0,false,lata
135,Sprite_Zero,Viamao,VIA_L1,11,-0.0,false,lata
135,Sprite_Zero,Viamao,VIA_L1,12,-999999.9546036001,false,lata
135,Sprite_Zero,Viamao,VIA_L1,13,-1.0e6,true,lata
135,Sprite_Zero,Viamao,VIA_L1,14,-0.0,false,lata
135,Sprite_Zero,Viamao,VIA_L1,15,-0.0,false,lata
135,Sprite_Zero,Viamao,VIA_L2,1,-0.0,false,lata
135,Sprite_Zero,Viamao,VIA_L2,2,-0.0,false,lata
135,Sprite_Zero,Viamao,VIA_L2,3,-0.0,false,lata
135,Sprite_Zero,Viamao,VIA_L2,4,-0.0,false,lata
135,Sprite_Zero,Viamao,VIA_L2,5,-0.0,false,lata
135,Sprite_Zero,Viamao,VIA_L2,6,-0.0,false,lata
135,Sprite_Zero,Viamao,VIA_L2,7,-0.0,false,lata
135,Sprite_Zero,Viamao,VIA_L2,8,-0.0,false,lata
135,Sprite_Zero,Viamao,VIA_L2,9,-0.0,false,lata
135,Sprite_Zero,Viamao,VIA_L2,10,-0.0,false,lata
135,Sprite_Zero,Viamao,VIA_L2,11,-0.0,false,lata
135,Sprite_Zero,Viamao,VIA_L2,12,-0.0,false,lata
135,Sprite_Zero,Viamao,VIA_L2,13,-0.0,false,lata
135,Sprite_Zero,Viamao,VIA_L2,14,-0.0,false,lata
135,Sprite_Zero,Viamao,VIA_L2,15,-0.0,false,lata
135,Sprite_Zero,Viamao,VIA_L3,1,-0.0,false,lata
135,Sprite_Zero,Viamao,VIA_L3,2,-0.0,false,lata
135,Sprite_Zero,Viamao,VIA_L3,3,-0.0,false,lata
135,Sprite_Zero,Viamao,VIA_L3,4,-0.0,false,lata
135,Sprite_Zero,Viamao,VIA_L3,5,-0.0,false,lata
135,Sprite_Zero,Viamao,VIA_L3,6,-0.0,false,lata
135,Sprite_Zero,Viamao,VIA_L3,7,-0.0,false,lata
135,Sprite_Zero,Viamao,VIA_L3,8,-1.0e6,true,lata
135,Sprite_Zero,Viamao,VIA_L3,9,-0.0,false,lata
135,Sprite_Zero,Viamao,VIA_L3,10,-0.0,false,lata
135,Sprite_Zero,Viamao,VIA_L3,11,-0.0,false,lata
135,Sprite_Zero,Viamao,VIA_L3,12,-0.0,false,lata
135,Sprite_Zero,Viamao,VIA_L3,13,-0.0,false,lata
135,Sprite_Zero,Viamao,VIA_L3,14,-1.0e6,true,lata
135,Sprite_Zero,Viamao,VIA_L3,15,-0.0,false,lata
135,Sprite_Zero,Itupeva,ITU_L1,1,-0.0,false,lata
135,Sprite_Zero,Itupeva,ITU_L1,2,-0.0,false,lata
135,Sprite_Zero,Itupeva,ITU_L1,3,-0.0,false,lata
135,Sprite_Zero,Itupeva,ITU_L1,4,-0.0,false,lata
135,Sprite_Zero,Itupeva,ITU_L1,5,-999999.9565151,false,lata
135,Sprite_Zero,Itupeva,ITU_L1,6,-0.0,false,lata
135,Sprite_Zero,Itupeva,ITU_L1,7,-0.0,false,lata
135,Sprite_Zero,Itupeva,ITU_L1,8,-999999.96739,false,lata
135,Sprite_Zero,Itupeva,ITU_L1,9,-0.0,false,lata
135,Sprite_Zero,Itupeva,ITU_L1,10,-0.0,false,lata
135,Sprite_Zero,Itupeva,ITU_L1,11,-1.0e6,false,lata
135,Sprite_Zero,Itupeva,ITU_L1,12,-0.0,false,lata
135,Sprite_Zero,Itupeva,ITU_L1,13,-0.0,false,lata
135,Sprite_Zero,Itupeva,ITU_L1,14,-0.0,false,lata
135,Sprite_Zero,Itupeva,ITU_L1,15,-0.0,false,lata
135,Sprite_Zero,Itupeva,ITU_L2,1,-0.0,false,lata
135,Sprite_Zero,Itupeva,ITU_L2,2,-0.0,false,lata
135,Sprite_Zero,Itupeva,ITU_L2,3,-0.0,false,lata
135,Sprite_Zero,Itupeva,ITU_L2,4,-0.0,false,lata
135,Sprite_Zero,Itupeva,ITU_L2,5,-0.0,false,lata
135,Sprite_Zero,Itupeva,ITU_L2,6,-0.0,false,lata
135,Sprite_Zero,Itupeva,ITU_L2,7,-0.0,false,lata
135,Sprite_Zero,Itupeva,ITU_L2,8,-0.0,false,lata
135,Sprite_Zero,Itupeva,ITU_L2,9,-0.0,false,lata
135,Sprite_Zero,Itupeva,ITU_L2,10,-0.0,false,lata
135,Sprite_Zero,Itupeva,ITU_L2,11,-0.0,false,lata
135,Sprite_Zero,Itupeva,ITU_L2,12,-0.0,false,lata
135,Sprite_Zero,Itupeva,ITU_L2,13,-0.0,false,lata
135,Sprite_Zero,Itupeva,ITU_L2,14,-0.0,false,lata
135,Sprite_Zero,Itupeva,ITU_L2,15,-0.0,false,lata
135,Sprite_Zero,Itupeva,ITU_L3,1,-0.0,false,lata
135,Sprite_Zero,Itupeva,ITU_L3,2,-0.0,false,lata
135,Sprite_Zero,Itupeva,ITU_L3,3,-0.0,false,lata
135,Sprite_Zero,Itupeva,ITU_L3,4,-0.0,false,lata
135,Sprite_Zero,Itupeva,ITU_L3,5,-999999.9565151,false,lata
135,Sprite_Zero,Itupeva,ITU_L3,6,-0.0,false,lata
135,Sprite_Zero,Itupeva,ITU_L3,7,-0.0,false,lata
135,Sprite_Zero,Itupeva,ITU_L3,8,-0.0,false,lata
135,Sprite_Zero,Itupeva,ITU_L3,9,-0.0,false,lata
135,Sprite_Zero,Itupeva,ITU_L3,10,-0.0,false,lata
135,Sprite_Zero,Itupeva,ITU_L3,11,-1.0e6,true,lata
135,Sprite_Zero,Itupeva,ITU_L3,12,-0.0,false,lata
135,Sprite_Zero,Itupeva,ITU_L3,13,-0.0,false,lata
135,Sprite_Zero,Itupeva,ITU_L3,14,-0.0,false,lata
135,Sprite_Zero,Itupeva,ITU_L3,15,-0.0,false,lata
135,Sprite_Zero,Cabo de Santo Agostinho,CAB_L1,1,-0.0,false,lata
135,Sprite_Zero,Cabo de Santo Agostinho,CAB_L1,2,-0.0,false,lata
135,Sprite_Zero,Cabo de Santo Agostinho,CAB_L1,3,-0.0,false,lata
135,Sprite_Zero,Cabo de Santo Agostinho,CAB_L1,4,-0.0,false,lata
135,Sprite_Zero,Cabo de Santo Agostinho,CAB_L1,5,-0.0,false,lata
135,Sprite_Zero,Cabo de Santo Agostinho,CAB_L1,6,-0.0,false,lata
135,Sprite_Zero,Cabo de Santo Agostinho,CAB_L1,7,-0.0,false,lata
135,Sprite_Zero,Cabo de Santo Agostinho,CAB_L1,8,-0.0,false,lata
135,Sprite_Zero,Cabo de Santo Agostinho,CAB_L1,9,-0.0,false,lata
135,Sprite_Zero,Cabo de Santo Agostinho,CAB_L1,10,-0.0,false,lata
135,Sprite_Zero,Cabo de Santo Agostinho,CAB_L1,11,-999999.96538385,false,lata
135,Sprite_Zero,Cabo de Santo Agostinho,CAB_L1,12,-0.0,false,lata
135,Sprite_Zero,Cabo de Santo Agostinho,CAB_L1,13,-0.0,false,lata
135,Sprite_Zero,Cabo de Santo Agostinho,CAB_L1,14,-0.0,false,lata
135,Sprite_Zero,Cabo de Santo Agostinho,CAB_L1,15,-0.0,false,lata
135,Sprite_Zero,Cabo de Santo Agostinho,CAB_L2,1,-0.0,false,lata
135,Sprite_Zero,Cabo de Santo Agostinho,CAB_L2,2,-0.0,false,lata
135,Sprite_Zero,Cabo de Santo Agostinho,CAB_L2,3,-0.0,false,lata
135,Sprite_Zero,Cabo de Santo Agostinho,CAB_L2,4,-0.0,false,lata
135,Sprite_Zero,Cabo de Santo Agostinho,CAB_L2,5,-0.0,false,lata
135,Sprite_Zero,Cabo de Santo Agostinho,CAB_L2,6,-0.0,false,lata
135,Sprite_Zero,Cabo de Santo Agostinho,CAB_L2,7,-0.0,false,lata
135,Sprite_Zero,Cabo de Santo Agostinho,CAB_L2,8,-0.0,false,lata
135,Sprite_Zero,Cabo de Santo Agostinho,CAB_L2,9,-0.0,false,lata
135,Sprite_Zero,Cabo de Santo Agostinho,CAB_L2,10,-0.0,false,lata
135,Sprite_Zero,Cabo de Santo Agostinho,CAB_L2,11,-0.0,false,lata
135,Sprite_Zero,Cabo de Santo Agostinho,CAB_L2,12,-1.0e6,true,lata
135,Sprite_Zero,Cabo de Santo Agostinho,CAB_L2,13,-0.0,false,lata
135,Sprite_Zero,Cabo de Santo Agostinho,CAB_L2,14,-0.0,false,lata
135,Sprite_Zero,Cabo de Santo Agostinho,CAB_L2,15,-0.0,false,lata
135,Sprite_Zero,Cabo de Santo Agostinho,CAB_L3,1,-0.0,false,lata
135,Sprite_Zero,Cabo de Santo Agostinho,CAB_L3,2,-0.0,false,lata
135,Sprite_Zero,Cabo de Santo Agostinho,CAB_L3,3,-0.0,false,lata
135,Sprite_Zero,Cabo de Santo Agostinho,CAB_L3,4,-0.0,false,lata
135,Sprite_Zero,Cabo de Santo Agostinho,CAB_L3,5,-0.0,false,lata
135,Sprite_Zero,Cabo de Santo Agostinho,CAB_L3,6,-0.0,false,lata
135,Sprite_Zero,Cabo de Santo Agostinho,CAB_L3,7,-0.0,false,lata
135,Sprite_Zero,Cabo de Santo Agostinho,CAB_L3,8,-0.0,false,lata
135,Sprite_Zero,Cabo de Santo Agostinho,CAB_L3,9,-0.0,false,lata
135,Sprite_Zero,Cabo de Santo Agostinho,CAB_L3,10,-0.0,false,lata
135,Sprite_Zero,Cabo de Santo Agostinho,CAB_L3,11,-0.0,false,lata
135,Sprite_Zero,Cabo de Santo Agostinho,CAB_L3,12,-0.0,false,lata
135,Sprite_Zero,Cabo de Santo Agostinho,CAB_L3,13,-0.0,false,lata
135,Sprite_Zero,Cabo de Santo Agostinho,CAB_L3,14,-0.0,false,lata
135,Sprite_Zero,Cabo de Santo Agostinho,CAB_L3,15,-0.0,false,lata
135,Brahma_Lata,Jacarei,JAC_L1,1,-0.0,false,lata
135,Brahma_Lata,Jacarei,JAC_L1,2,-0.0,false,lata
135,Brahma_Lata,Jacarei,JAC_L1,3,-0.0,false,lata
135,Brahma_Lata,Jacarei,JAC_L1,4,-0.0,false,lata
135,Brahma_Lata,Jacarei,JAC_L1,5,-0.0,false,lata
135,Brahma_Lata,Jacarei,JAC_L1,6,-0.0,false,lata
135,Brahma_Lata,Jacarei,JAC_L1,7,-0.0,false,lata
135,Brahma_Lata,Jacarei,JAC_L1,8,-0.0,false,lata
135,Brahma_Lata,Jacarei,JAC_L1,9,-0.0,false,lata
135,Brahma_Lata,Jacarei,JAC_L1,10,-0.0,false,lata
135,Brahma_Lata,Jacarei,JAC_L1,11,-0.0,false,lata
135,Brahma_Lata,Jacarei,JAC_L1,12,-0.0,false,lata
135,Brahma_Lata,Jacarei,JAC_L1,13,-0.0,false,lata
135,Brahma_Lata,Jacarei,JAC_L1,14,-0.0,false,lata
135,Brahma_Lata,Jacarei,JAC_L1,15,-0.0,false,lata
135,Brahma_Lata,Jacarei,JAC_L2,1,-0.0,false,lata
135,Brahma_Lata,Jacarei,JAC_L2,2,-0.0,false,lata
135,Brahma_Lata,Jacarei,JAC_L2,3,-0.0,false,lata
135,Brahma_Lata,Jacarei,JAC_L2,4,-0.0,false,lata
135,Brahma_Lata,Jacarei,JAC_L2,5,-0.0,false,lata
135,Brahma_Lata,Jacarei,JAC_L2,6,-999999.1314453001,false,lata
135,Brahma_Lata,Jacarei,JAC_L2,7,-0.0,false,lata
135,Brahma_Lata,Jacarei,JAC_L2,8,-0.0,false,lata
135,Brahma_Lata,Jacarei,JAC_L2,9,-0.0,false,lata
135,Brahma_Lata,Jacarei,JAC_L2,10,-0.0,false,lata
135,Brahma_Lata,Jacarei,JAC_L2,11,-0.0,false,lata
135,Brahma_Lata,Jacarei,JAC_L2,12,-0.0,false,lata
135,Brahma_Lata,Jacarei,JAC_L2,13,-0.0,false,lata
135,Brahma_Lata,Jacarei,JAC_L2,14,-0.0,false,lata
135,Brahma_Lata,Jacarei,JAC_L2,15,-0.0,false,lata
135,Brahma_Lata,Jacarei,JAC_L3,1,-0.0,false,lata
135,Brahma_Lata,Jacarei,JAC_L3,2,-999999.52054155,false,lata
135,Brahma_Lata,Jacarei,JAC_L3,3,-0.0,false,lata
135,Brahma_Lata,Jacarei,JAC_L3,4,-0.0,false,lata
135,Brahma_Lata,Jacarei,JAC_L3,5,-999998.8373453,false,lata
135,Brahma_Lata,Jacarei,JAC_L3,6,-0.0,false,lata
135,Brahma_Lata,Jacarei,JAC_L3,7,-0.0,false,lata
135,Brahma_Lata,Jacarei,JAC_L3,8,-0.0,false,lata
135,Brahma_Lata,Jacarei,JAC_L3,9,-0.0,false,lata
135,Brahma_Lata,Jacarei,JAC_L3,10,-0.0,false,lata
135,Brahma_Lata,Jacarei,JAC_L3,11,-0.0,false,lata
135,Brahma_Lata,Jacarei,JAC_L3,12,-0.0,false,lata
135,Brahma_Lata,Jacarei,JAC_L3,13,-0.0,false,lata
135,Brahma_Lata,Jacarei,JAC_L3,14,-0.0,false,lata
135,Brahma_Lata,Jacarei,JAC_L3,15,-0.0,false,lata
135,Brahma_Lata,Extrema,EXT_L1,1,-0.0,false,lata
135,Brahma_Lata,Extrema,EXT_L1,2,-0.0,false,lata
135,Brahma_Lata,Extrema,EXT_L1,3,-0.0,false,lata
135,Brahma_Lata,Extrema,EXT_L1,4,-0.0,false,lata
135,Brahma_Lata,Extrema,EXT_L1,5,-0.0,false,lata
135,Brahma_Lata,Extrema,EXT_L1,6,-0.0,false,lata
135,Brahma_Lata,Extrema,EXT_L1,7,-0.0,false,lata
135,Brahma_Lata,Extrema,EXT_L1,8,-0.0,false,lata
135,Brahma_Lata,Extrema,EXT_L1,9,-999999.6511197004,false,lata
135,Brahma_Lata,Extrema,EXT_L1,10,-0.0,false,lata
135,Brahma_Lata,Extrema,EXT_L1,11,-0.0,false,lata
135,Brahma_Lata,Extrema,EXT_L1,12,-0.0,false,lata
135,Brahma_Lata,Extrema,EXT_L1,13,-0.0,false,lata
135,Brahma_Lata,Extrema,EXT_L1,14,-0.0,false,lata
135,Brahma_Lata,Extrema,EXT_L1,15,-0.0,false,lata
135,Brahma_Lata,Extrema,EXT_L2,1,-0.0,false,lata
135,Brahma_Lata,Extrema,EXT_L2,2,-0.0,false,lata
135,Brahma_Lata,Extrema,EXT_L2,3,-0.0,false,lata
135,Brahma_Lata,Extrema,EXT_L2,4,-0.0,false,lata
135,Brahma_Lata,Extrema,EXT_L2,5,-0.0,false,lata
135,Brahma_Lata,Extrema,EXT_L2,6,-0.0,false,lata
135,Brahma_Lata,Extrema,EXT_L2,7,-0.0,false,lata
135,Brahma_Lata,Extrema,EXT_L2,8,-0.0,false,lata
135,Brahma_Lata,Extrema,EXT_L2,9,-0.0,false,lata
135,Brahma_Lata,Extrema,EXT_L2,10,-0.0,false,lata
135,Brahma_Lata,Extrema,EXT_L2,11,-0.0,false,lata
135,Brahma_Lata,Extrema,EXT_L2,12,-0.0,false,lata
135,Brahma_Lata,Extrema,EXT_L2,13,-0.0,false,lata
135,Brahma_Lata,Extrema,EXT_L2,14,-0.0,false,lata
135,Brahma_Lata,Extrema,EXT_L2,15,-0.0,false,lata
135,Brahma_Lata,Extrema,EXT_L3,1,-0.0,false,lata
135,Brahma_Lata,Extrema,EXT_L3,2,-999999.5178557,false,lata
135,Brahma_Lata,Extrema,EXT_L3,3,-0.0,false,lata
135,Brahma_Lata,Extrema,EXT_L3,4,-0.0,false,lata
135,Brahma_Lata,Extrema,EXT_L3,5,-0.0,false,lata
135,Brahma_Lata,Extrema,EXT_L3,6,-0.0,false,lata
135,Brahma_Lata,Extrema,EXT_L3,7,-0.0,false,lata
135,Brahma_Lata,Extrema,EXT_L3,8,-0.0,false,lata
135,Brahma_Lata,Extrema,EXT_L3,9,-0.0,false,lata
135,Brahma_Lata,Extrema,EXT_L3,10,-0.0,false,lata
135,Brahma_Lata,Extrema,EXT_L3,11,-0.0,false,lata
135,Brahma_Lata,Extrema,EXT_L3,12,-0.0,false,lata
135,Brahma_Lata,Extrema,EXT_L3,13,-0.0,false,lata
135,Brahma_Lata,Extrema,EXT_L3,14,-0.0,false,lata
135,Brahma_Lata,Extrema,EXT_L3,15,-0.0,false,lata
135,Brahma_Lata,Tres Rios,TRE_L1,1,-0.0,false,lata
135,Brahma_Lata,Tres Rios,TRE_L1,2,-0.0,false,lata
135,Brahma_Lata,Tres Rios,TRE_L1,3,-0.0,false,lata
135,Brahma_Lata,Tres Rios,TRE_L1,4,-0.0,false,lata
135,Brahma_Lata,Tres Rios,TRE_L1,5,-0.0,false,lata
135,Brahma_Lata,Tres Rios,TRE_L1,6,-0.0,false,lata
135,Brahma_Lata,Tres Rios,TRE_L1,7,-0.0,false,lata
135,Brahma_Lata,Tres Rios,TRE_L1,8,-0.0,false,lata
135,Brahma_Lata,Tres Rios,TRE_L1,9,-0.0,false,lata
135,Brahma_Lata,Tres Rios,TRE_L1,10,-0.0,false,lata
135,Brahma_Lata,Tres Rios,TRE_L1,11,-0.0,false,lata
135,Brahma_Lata,Tres Rios,TRE_L1,12,-0.0,false,lata
135,Brahma_Lata,Tres Rios,TRE_L1,13,-0.0,false,lata
135,Brahma_Lata,Tres Rios,TRE_L1,14,-0.0,false,lata
135,Brahma_Lata,Tres Rios,TRE_L1,15,-0.0,false,lata
135,Brahma_Lata,Tres Rios,TRE_L2,1,-0.0,false,lata
135,Brahma_Lata,Tres Rios,TRE_L2,2,-0.0,false,lata
135,Brahma_Lata,Tres Rios,TRE_L2,3,-0.0,false,lata
135,Brahma_Lata,Tres Rios,TRE_L2,4,-0.0,false,lata
135,Brahma_Lata,Tres Rios,TRE_L2,5,-0.0,false,lata
135,Brahma_Lata,Tres Rios,TRE_L2,6,-0.0,false,lata
135,Brahma_Lata,Tres Rios,TRE_L2,7,-999999.4062240999,false,lata
135,Brahma_Lata,Tres Rios,TRE_L2,8,-0.0,false,lata
135,Brahma_Lata,Tres Rios,TRE_L2,9,-0.0,false,lata
135,Brahma_Lata,Tres Rios,TRE_L2,10,-0.0,false,lata
135,Brahma_Lata,Tres Rios,TRE_L2,11,-999999.96381815,false,lata
135,Brahma_Lata,Tres Rios,TRE_L2,12,-0.0,false,lata
135,Brahma_Lata,Tres Rios,TRE_L2,13,-0.0,false,lata
135,Brahma_Lata,Tres Rios,TRE_L2,14,-0.0,false,lata
135,Brahma_Lata,Tres Rios,TRE_L2,15,-0.0,false,lata
135,Brahma_Lata,Tres Rios,TRE_L3,1,-0.0,false,lata
135,Brahma_Lata,Tres Rios,TRE_L3,2,-0.0,false,lata
135,Brahma_Lata,Tres Rios,TRE_L3,3,-0.0,false,lata
135,Brahma_Lata,Tres Rios,TRE_L3,4,-0.0,false,lata
135,Brahma_Lata,Tres Rios,TRE_L3,5,-0.0,false,lata
135,Brahma_Lata,Tres Rios,TRE_L3,6,-0.0,false,lata
135,Brahma_Lata,Tres Rios,TRE_L3,7,-0.0,false,lata
135,Brahma_Lata,Tres Rios,TRE_L3,8,-0.0,false,lata
135,Brahma_Lata,Tres Rios,TRE_L3,9,-0.0,false,lata
135,Brahma_Lata,Tres Rios,TRE_L3,10,-0.0,false,lata
135,Brahma_Lata,Tres Rios,TRE_L3,11,-0.0,false,lata
135,Brahma_Lata,Tres Rios,TRE_L3,12,-0.0,false,lata
135,Brahma_Lata,Tres Rios,TRE_L3,13,-0.0,false,lata
135,Brahma_Lata,Tres Rios,TRE_L3,14,-0.0,false,lata
135,Brahma_Lata,Tres Rios,TRE_L3,15,-0.0,false,lata
135,Brahma_Lata,Alagoinhas,ALA_L1,1,-0.0,false,lata
135,Brahma_Lata,Alagoinhas,ALA_L1,2,-0.0,false,lata
135,Brahma_Lata,Alagoinhas,ALA_L1,3,-0.0,false,lata
135,Brahma_Lata,Alagoinhas,ALA_L1,4,-0.0,false,lata
135,Brahma_Lata,Alagoinhas,ALA_L1,5,-0.0,false,lata
135,Brahma_Lata,Alagoinhas,ALA_L1,6,-0.0,false,lata
135,Brahma_Lata,Alagoinhas,ALA_L1,7,-0.0,false,lata
135,Brahma_Lata,Alagoinhas,ALA_L1,8,-0.0,false,lata
135,Brahma_Lata,Alagoinhas,ALA_L1,9,-0.0,false,lata
135,Brahma_Lata,Alagoinhas,ALA_L1,10,-0.0,false,lata
135,Brahma_Lata,Alagoinhas,ALA_L1,11,-0.0,false,lata
135,Brahma_Lata,Alagoinhas,ALA_L1,12,-0.0,false,lata
135,Brahma_Lata,Alagoinhas,ALA_L1,13,-0.0,false,lata
135,Brahma_Lata,Alagoinhas,ALA_L1,14,-0.0,false,lata
135,Brahma_Lata,Alagoinhas,ALA_L1,15,-0.0,false,lata
135,Brahma_Lata,Alagoinhas,ALA_L2,1,-0.0,false,lata
135,Brahma_Lata,Alagoinhas,ALA_L2,2,-0.0,false,lata
135,Brahma_Lata,Alagoinhas,ALA_L2,3,-0.0,false,lata
135,Brahma_Lata,Alagoinhas,ALA_L2,4,-0.0,false,lata
135,Brahma_Lata,Alagoinhas,ALA_L2,5,-0.0,false,lata
135,Brahma_Lata,Alagoinhas,ALA_L2,6,-0.0,false,lata
135,Brahma_Lata,Alagoinhas,ALA_L2,7,-0.0,false,lata
135,Brahma_Lata,Alagoinhas,ALA_L2,8,-0.0,false,lata
135,Brahma_Lata,Alagoinhas,ALA_L2,9,-0.0,false,lata
135,Brahma_Lata,Alagoinhas,ALA_L2,10,-0.0,false,lata
135,Brahma_Lata,Alagoinhas,ALA_L2,11,-0.0,false,lata
135,Brahma_Lata,Alagoinhas,ALA_L2,12,-0.0,false,lata
135,Brahma_Lata,Alagoinhas,ALA_L2,13,-0.0,false,lata
135,Brahma_Lata,Alagoinhas,ALA_L2,14,-0.0,false,lata
135,Brahma_Lata,Alagoinhas,ALA_L2,15,-0.0,false,lata
135,Brahma_Lata,Alagoinhas,ALA_L3,1,-0.0,false,lata
135,Brahma_Lata,Alagoinhas,ALA_L3,2,-0.0,false,lata
135,Brahma_Lata,Alagoinhas,ALA_L3,3,-0.0,false,lata
135,Brahma_Lata,Alagoinhas,ALA_L3,4,-0.0,false,lata
135,Brahma_Lata,Alagoinhas,ALA_L3,5,-0.0,false,lata
135,Brahma_Lata,Alagoinhas,ALA_L3,6,-0.0,false,lata
135,Brahma_Lata,Alagoinhas,ALA_L3,7,-0.0,false,lata
135,Brahma_Lata,Alagoinhas,ALA_L3,8,-0.0,false,lata
135,Brahma_Lata,Alagoinhas,ALA_L3,9,-0.0,false,lata
135,Brahma_Lata,Alagoinhas,ALA_L3,10,-0.0,false,lata
135,Brahma_Lata,Alagoinhas,ALA_L3,11,-0.0,false,lata
135,Brahma_Lata,Alagoinhas,ALA_L3,12,-0.0,false,lata
135,Brahma_Lata,Alagoinhas,ALA_L3,13,-0.0,false,lata
135,Brahma_Lata,Alagoinhas,ALA_L3,14,-0.0,false,lata
135,Brahma_Lata,Alagoinhas,ALA_L3,15,-0.0,false,lata
135,Brahma_Lata,Frutal,FRU_L1,1,-0.0,false,lata
135,Brahma_Lata,Frutal,FRU_L1,2,-0.0,false,lata
135,Brahma_Lata,Frutal,FRU_L1,3,-0.0,false,lata
135,Brahma_Lata,Frutal,FRU_L1,4,-0.0,false,lata
135,Brahma_Lata,Frutal,FRU_L1,5,-0.0,false,lata
135,Brahma_Lata,Frutal,FRU_L1,6,-0.0,false,lata
135,Brahma_Lata,Frutal,FRU_L1,7,-0.0,false,lata
135,Brahma_Lata,Frutal,FRU_L1,8,-0.0,false,lata
135,Brahma_Lata,Frutal,FRU_L1,9,-0.0,false,lata
135,Brahma_Lata,Frutal,FRU_L1,10,-0.0,false,lata
135,Brahma_Lata,Frutal,FRU_L1,11,-0.0,false,lata
135,Brahma_Lata,Frutal,FRU_L1,12,-0.0,false,lata
135,Brahma_Lata,Frutal,FRU_L1,13,-0.0,false,lata
135,Brahma_Lata,Frutal,FRU_L1,14,-999999.09172955,false,lata
135,Brahma_Lata,Frutal,FRU_L1,15,-0.0,false,lata
135,Brahma_Lata,Frutal,FRU_L2,1,-0.0,false,lata
135,Brahma_Lata,Frutal,FRU_L2,2,-0.0,false,lata
135,Brahma_Lata,Frutal,FRU_L2,3,-0.0,false,lata
135,Brahma_Lata,Frutal,FRU_L2,4,-0.0,false,lata
135,Brahma_Lata,Frutal,FRU_L2,5,-0.0,false,lata
135,Brahma_Lata,Frutal,FRU_L2,6,-0.0,false,lata
135,Brahma_Lata,Frutal,FRU_L2,7,-0.0,false,lata
135,Brahma_Lata,Frutal,FRU_L2,8,-0.0,false,lata
135,Brahma_Lata,Frutal,FRU_L2,9,-0.0,false,lata
135,Brahma_Lata,Frutal,FRU_L2,10,-0.0,false,lata
135,Brahma_Lata,Frutal,FRU_L2,11,-0.0,false,lata
135,Brahma_Lata,Frutal,FRU_L2,12,-0.0,false,lata
135,Brahma_Lata,Frutal,FRU_L2,13,-0.0,false,lata
135,Brahma_Lata,Frutal,FRU_L2,14,-0.0,false,lata
135,Brahma_Lata,Frutal,FRU_L2,15,-0.0,false,lata
135,Brahma_Lata,Frutal,FRU_L3,1,-0.0,false,lata
135,Brahma_Lata,Frutal,FRU_L3,2,-0.0,false,lata
135,Brahma_Lata,Frutal,FRU_L3,3,-0.0,false,lata
135,Brahma_Lata,Frutal,FRU_L3,4,-0.0,false,lata
135,Brahma_Lata,Frutal,FRU_L3,5,-0.0,false,lata
135,Brahma_Lata,Frutal,FRU_L3,6,-0.0,false,lata
135,Brahma_Lata,Frutal,FRU_L3,7,-0.0,false,lata
135,Brahma_Lata,Frutal,FRU_L3,8,-0.0,false,lata
135,Brahma_Lata,Frutal,FRU_L3,9,-0.0,false,lata
135,Brahma_Lata,Frutal,FRU_L3,10,-0.0,false,lata
135,Brahma_Lata,Frutal,FRU_L3,11,-0.0,false,lata
135,Brahma_Lata,Frutal,FRU_L3,12,-0.0,false,lata
135,Brahma_Lata,Frutal,FRU_L3,13,-0.0,false,lata
135,Brahma_Lata,Frutal,FRU_L3,14,-0.0,false,lata
135,Brahma_Lata,Frutal,FRU_L3,15,-0.0,false,lata
135,Brahma_Lata,Pouso Alegre,POU_L1,1,-0.0,false,lata
135,Brahma_Lata,Pouso Alegre,POU_L1,2,-0.0,false,lata
135,Brahma_Lata,Pouso Alegre,POU_L1,3,-999999.8101564001,false,lata
135,Brahma_Lata,Pouso Alegre,POU_L1,4,-0.0,false,lata
135,Brahma_Lata,Pouso Alegre,POU_L1,5,-0.0,false,lata
135,Brahma_Lata,Pouso Alegre,POU_L1,6,-0.0,false,lata
135,Brahma_Lata,Pouso Alegre,POU_L1,7,-0.0,false,lata
135,Brahma_Lata,Pouso Alegre,POU_L1,8,-0.0,false,lata
135,Brahma_Lata,Pouso Alegre,POU_L1,9,-0.0,false,lata
135,Brahma_Lata,Pouso Alegre,POU_L1,10,-0.0,false,lata
135,Brahma_Lata,Pouso Alegre,POU_L1,11,-0.0,false,lata
135,Brahma_Lata,Pouso Alegre,POU_L1,12,-0.0,false,lata
135,Brahma_Lata,Pouso Alegre,POU_L1,13,-0.0,false,lata
135,Brahma_Lata,Pouso Alegre,POU_L1,14,-0.0,false,lata
135,Brahma_Lata,Pouso Alegre,POU_L1,15,-0.0,false,lata
135,Brahma_Lata,Pouso Alegre,POU_L2,1,-0.0,false,lata
135,Brahma_Lata,Pouso Alegre,POU_L2,2,-0.0,false,lata
135,Brahma_Lata,Pouso Alegre,POU_L2,3,-999999.8101564001,false,lata
135,Brahma_Lata,Pouso Alegre,POU_L2,4,-0.0,false,lata
135,Brahma_Lata,Pouso Alegre,POU_L2,5,-0.0,false,lata
135,Brahma_Lata,Pouso Alegre,POU_L2,6,-0.0,false,lata
135,Brahma_Lata,Pouso Alegre,POU_L2,7,-0.0,false,lata
135,Brahma_Lata,Pouso Alegre,POU_L2,8,-0.0,false,lata
135,Brahma_Lata,Pouso Alegre,POU_L2,9,-0.0,false,lata
135,Brahma_Lata,Pouso Alegre,POU_L2,10,-0.0,false,lata
135,Brahma_Lata,Pouso Alegre,POU_L2,11,-0.0,false,lata
135,Brahma_Lata,Pouso Alegre,POU_L2,12,-0.0,false,lata
135,Brahma_Lata,Pouso Alegre,POU_L2,13,-0.0,false,lata
135,Brahma_Lata,Pouso Alegre,POU_L2,14,-0.0,false,lata
135,Brahma_Lata,Pouso Alegre,POU_L2,15,-0.0,false,lata
135,Brahma_Lata,Pouso Alegre,POU_L3,1,-0.0,false,lata
135,Brahma_Lata,Pouso Alegre,POU_L3,2,-0.0,false,lata
135,Brahma_Lata,Pouso Alegre,POU_L3,3,-0.0,false,lata
135,Brahma_Lata,Pouso Alegre,POU_L3,4,-0.0,false,lata
135,Brahma_Lata,Pouso Alegre,POU_L3,5,-0.0,false,lata
135,Brahma_Lata,Pouso Alegre,POU_L3,6,-0.0,false,lata
135,Brahma_Lata,Pouso Alegre,POU_L3,7,-0.0,false,lata
135,Brahma_Lata,Pouso Alegre,POU_L3,8,-0.0,false,lata
135,Brahma_Lata,Pouso Alegre,POU_L3,9,-0.0,false,lata
135,Brahma_Lata,Pouso Alegre,POU_L3,10,-0.0,false,lata
135,Brahma_Lata,Pouso Alegre,POU_L3,11,-0.0,false,lata
135,Brahma_Lata,Pouso Alegre,POU_L3,12,-0.0,false,lata
135,Brahma_Lata,Pouso Alegre,POU_L3,13,-0.0,false,lata
135,Brahma_Lata,Pouso Alegre,POU_L3,14,-0.0,false,lata
135,Brahma_Lata,Pouso Alegre,POU_L3,15,-0.0,false,lata
135,Brahma_Lata,Gama,GAM_L1,1,-0.0,false,lata
135,Brahma_Lata,Gama,GAM_L1,2,-0.0,false,lata
135,Brahma_Lata,Gama,GAM_L1,3,-0.0,false,lata
135,Brahma_Lata,Gama,GAM_L1,4,-0.0,false,lata
135,Brahma_Lata,Gama,GAM_L1,5,-0.0,false,lata
135,Brahma_Lata,Gama,GAM_L1,6,-0.0,false,lata
135,Brahma_Lata,Gama,GAM_L1,7,-0.0,false,lata
135,Brahma_Lata,Gama,GAM_L1,8,-0.0,false,lata
135,Brahma_Lata,Gama,GAM_L1,9,-0.0,false,lata
135,Brahma_Lata,Gama,GAM_L1,10,-0.0,false,lata
135,Brahma_Lata,Gama,GAM_L1,11,-0.0,false,lata
135,Brahma_Lata,Gama,GAM_L1,12,-0.0,false,lata
135,Brahma_Lata,Gama,GAM_L1,13,-0.0,false,lata
135,Brahma_Lata,Gama,GAM_L1,14,-0.0,false,lata
135,Brahma_Lata,Gama,GAM_L1,15,-0.0,false,lata
135,Brahma_Lata,Gama,GAM_L2,1,-0.0,false,lata
135,Brahma_Lata,Gama,GAM_L2,2,-0.0,false,lata
135,Brahma_Lata,Gama,GAM_L2,3,-999999.7789193001,false,lata
135,Brahma_Lata,Gama,GAM_L2,4,-0.0,false,lata
135,Brahma_Lata,Gama,GAM_L2,5,-0.0,false,lata
135,Brahma_Lata,Gama,GAM_L2,6,-0.0,false,lata
135,Brahma_Lata,Gama,GAM_L2,7,-0.0,false,lata
135,Brahma_Lata,Gama,GAM_L2,8,-0.0,false,lata
135,Brahma_Lata,Gama,GAM_L2,9,-0.0,false,lata
135,Brahma_Lata,Gama,GAM_L2,10,-999999.93966085,false,lata
135,Brahma_Lata,Gama,GAM_L2,11,-1.0e6,true,lata
135,Brahma_Lata,Gama,GAM_L2,12,-0.0,false,lata
135,Brahma_Lata,Gama,GAM_L2,13,-0.0,false,lata
135,Brahma_Lata,Gama,GAM_L2,14,-0.0,false,lata
135,Brahma_Lata,Gama,GAM_L2,15,-0.0,false,lata
135,Brahma_Lata,Gama,GAM_L3,1,-0.0,false,lata
135,Brahma_Lata,Gama,GAM_L3,2,-0.0,false,lata
135,Brahma_Lata,Gama,GAM_L3,3,-0.0,false,lata
135,Brahma_Lata,Gama,GAM_L3,4,-0.0,false,lata
135,Brahma_Lata,Gama,GAM_L3,5,-0.0,false,lata
135,Brahma_Lata,Gama,GAM_L3,6,-0.0,false,lata
135,Brahma_Lata,Gama,GAM_L3,7,-0.0,false,lata
135,Brahma_Lata,Gama,GAM_L3,8,-999999.68099,false,lata
135,Brahma_Lata,Gama,GAM_L3,9,-999999.6788958004,false,lata
135,Brahma_Lata,Gama,GAM_L3,10,-999999.93966085,false,lata
135,Brahma_Lata,Gama,GAM_L3,11,-0.0,false,lata
135,Brahma_Lata,Gama,GAM_L3,12,-0.0,false,lata
135,Brahma_Lata,Gama,GAM_L3,13,-0.0,false,lata
135,Brahma_Lata,Gama,GAM_L3,14,-0.0,false,lata
135,Brahma_Lata,Gama,GAM_L3,15,-0.0,false,lata
135,Brahma_Lata,Viamao,VIA_L1,1,-0.0,false,lata
135,Brahma_Lata,Viamao,VIA_L1,2,-0.0,false,lata
135,Brahma_Lata,Viamao,VIA_L1,3,-0.0,false,lata
135,Brahma_Lata,Viamao,VIA_L1,4,-0.0,false,lata
135,Brahma_Lata,Viamao,VIA_L1,5,-0.0,false,lata
135,Brahma_Lata,Viamao,VIA_L1,6,-0.0,false,lata
135,Brahma_Lata,Viamao,VIA_L1,7,-0.0,false,lata
135,Brahma_Lata,Viamao,VIA_L1,8,-0.0,false,lata
135,Brahma_Lata,Viamao,VIA_L1,9,-0.0,false,lata
135,Brahma_Lata,Viamao,VIA_L1,10,-0.0,false,lata
135,Brahma_Lata,Viamao,VIA_L1,11,-0.0,false,lata
135,Brahma_Lata,Viamao,VIA_L1,12,-0.0,false,lata
135,Brahma_Lata,Viamao,VIA_L1,13,-0.0,false,lata
135,Brahma_Lata,Viamao,VIA_L1,14,-0.0,false,lata
135,Brahma_Lata,Viamao,VIA_L1,15,-0.0,false,lata
135,Brahma_Lata,Viamao,VIA_L2,1,-0.0,false,lata
135,Brahma_Lata,Viamao,VIA_L2,2,-0.0,false,lata
135,Brahma_Lata,Viamao,VIA_L2,3,-0.0,false,lata
135,Brahma_Lata,Viamao,VIA_L2,4,-0.0,false,lata
135,Brahma_Lata,Viamao,VIA_L2,5,-0.0,false,lata
135,Brahma_Lata,Viamao,VIA_L2,6,-0.0,false,lata
135,Brahma_Lata,Viamao,VIA_L2,7,-0.0,false,lata
135,Brahma_Lata,Viamao,VIA_L2,8,-0.0,false,lata
135,Brahma_Lata,Viamao,VIA_L2,9,-0.0,false,lata
135,Brahma_Lata,Viamao,VIA_L2,10,-0.0,false,lata
135,Brahma_Lata,Viamao,VIA_L2,11,-0.0,false,lata
135,Brahma_Lata,Viamao,VIA_L2,12,-0.0,false,lata
135,Brahma_Lata,Viamao,VIA_L2,13,-0.0,false,lata
135,Brahma_Lata,Viamao,VIA_L2,14,-0.0,false,lata
135,Brahma_Lata,Viamao,VIA_L2,15,-0.0,false,lata
135,Brahma_Lata,Viamao,VIA_L3,1,-0.0,false,lata
135,Brahma_Lata,Viamao,VIA_L3,2,-0.0,false,lata
135,Brahma_Lata,Viamao,VIA_L3,3,-0.0,false,lata
135,Brahma_Lata,Viamao,VIA_L3,4,-0.0,false,lata
135,Brahma_Lata,Viamao,VIA_L3,5,-0.0,false,lata
135,Brahma_Lata,Viamao,VIA_L3,6,-0.0,false,lata
135,Brahma_Lata,Viamao,VIA_L3,7,-0.0,false,lata
135,Brahma_Lata,Viamao,VIA_L3,8,-0.0,false,lata
135,Brahma_Lata,Viamao,VIA_L3,9,-0.0,false,lata
135,Brahma_Lata,Viamao,VIA_L3,10,-0.0,false,lata
135,Brahma_Lata,Viamao,VIA_L3,11,-1.0e6,true,lata
135,Brahma_Lata,Viamao,VIA_L3,12,-0.0,false,lata
135,Brahma_Lata,Viamao,VIA_L3,13,-999998.84595325,false,lata
135,Brahma_Lata,Viamao,VIA_L3,14,-0.0,false,lata
135,Brahma_Lata,Viamao,VIA_L3,15,-0.0,false,lata
135,Brahma_Lata,Itupeva,ITU_L1,1,-0.0,false,lata
135,Brahma_Lata,Itupeva,ITU_L1,2,-0.0,false,lata
135,Brahma_Lata,Itupeva,ITU_L1,3,-0.0,false,lata
135,Brahma_Lata,Itupeva,ITU_L1,4,-0.0,false,lata
135,Brahma_Lata,Itupeva,ITU_L1,5,-0.0,false,lata
135,Brahma_Lata,Itupeva,ITU_L1,6,-0.0,false,lata
135,Brahma_Lata,Itupeva,ITU_L1,7,-0.0,false,lata
135,Brahma_Lata,Itupeva,ITU_L1,8,-0.0,false,lata
135,Brahma_Lata,Itupeva,ITU_L1,9,-0.0,false,lata
135,Brahma_Lata,Itupeva,ITU_L1,10,-0.0,false,lata
135,Brahma_Lata,Itupeva,ITU_L1,11,-0.0,false,lata
135,Brahma_Lata,Itupeva,ITU_L1,12,-0.0,false,lata
135,Brahma_Lata,Itupeva,ITU_L1,13,-0.0,false,lata
135,Brahma_Lata,Itupeva,ITU_L1,14,-0.0,false,lata
135,Brahma_Lata,Itupeva,ITU_L1,15,-0.0,false,lata
135,Brahma_Lata,Itupeva,ITU_L2,1,-0.0,false,lata
135,Brahma_Lata,Itupeva,ITU_L2,2,-0.0,false,lata
135,Brahma_Lata,Itupeva,ITU_L2,3,-0.0,false,lata
135,Brahma_Lata,Itupeva,ITU_L2,4,-0.0,false,lata
135,Brahma_Lata,Itupeva,ITU_L2,5,-0.0,false,lata
135,Brahma_Lata,Itupeva,ITU_L2,6,-0.0,false,lata
135,Brahma_Lata,Itupeva,ITU_L2,7,-0.0,false,lata
135,Brahma_Lata,Itupeva,ITU_L2,8,-0.0,false,lata
135,Brahma_Lata,Itupeva,ITU_L2,9,-0.0,false,lata
135,Brahma_Lata,Itupeva,ITU_L2,10,-0.0,false,lata
135,Brahma_Lata,Itupeva,ITU_L2,11,-0.0,false,lata
135,Brahma_Lata,Itupeva,ITU_L2,12,-0.0,false,lata
135,Brahma_Lata,Itupeva,ITU_L2,13,-0.0,false,lata
135,Brahma_Lata,Itupeva,ITU_L2,14,-0.0,false,lata
135,Brahma_Lata,Itupeva,ITU_L2,15,-0.0,false,lata
135,Brahma_Lata,Itupeva,ITU_L3,1,-0.0,false,lata
135,Brahma_Lata,Itupeva,ITU_L3,2,-0.0,false,lata
135,Brahma_Lata,Itupeva,ITU_L3,3,-0.0,false,lata
135,Brahma_Lata,Itupeva,ITU_L3,4,-0.0,false,lata
135,Brahma_Lata,Itupeva,ITU_L3,5,-0.0,false,lata
135,Brahma_Lata,Itupeva,ITU_L3,6,-0.0,false,lata
135,Brahma_Lata,Itupeva,ITU_L3,7,-0.0,false,lata
135,Brahma_Lata,Itupeva,ITU_L3,8,-0.0,false,lata
135,Brahma_Lata,Itupeva,ITU_L3,9,-0.0,false,lata
135,Brahma_Lata,Itupeva,ITU_L3,10,-0.0,false,lata
135,Brahma_Lata,Itupeva,ITU_L3,11,-0.0,false,lata
135,Brahma_Lata,Itupeva,ITU_L3,12,-0.0,false,lata
135,Brahma_Lata,Itupeva,ITU_L3,13,-0.0,false,lata
135,Brahma_Lata,Itupeva,ITU_L3,14,-0.0,false,lata
135,Brahma_Lata,Itupeva,ITU_L3,15,-0.0,false,lata
135,Brahma_Lata,Cabo de Santo Agostinho,CAB_L1,1,-0.0,false,lata
135,Brahma_Lata,Cabo de Santo Agostinho,CAB_L1,2,-999999.5550232,false,lata
135,Brahma_Lata,Cabo de Santo Agostinho,CAB_L1,3,-0.0,false,lata
135,Brahma_Lata,Cabo de Santo Agostinho,CAB_L1,4,-0.0,false,lata
135,Brahma_Lata,Cabo de Santo Agostinho,CAB_L1,5,-0.0,false,lata
135,Brahma_Lata,Cabo de Santo Agostinho,CAB_L1,6,-999999.16592695,false,lata
135,Brahma_Lata,Cabo de Santo Agostinho,CAB_L1,7,-0.0,false,lata
135,Brahma_Lata,Cabo de Santo Agostinho,CAB_L1,8,-0.0,false,lata
135,Brahma_Lata,Cabo de Santo Agostinho,CAB_L1,9,-0.0,false,lata
135,Brahma_Lata,Cabo de Santo Agostinho,CAB_L1,10,-0.0,false,lata
135,Brahma_Lata,Cabo de Santo Agostinho,CAB_L1,11,-1.0e6,true,lata
135,Brahma_Lata,Cabo de Santo Agostinho,CAB_L1,12,-0.0,false,lata
135,Brahma_Lata,Cabo de Santo Agostinho,CAB_L1,13,-0.0,false,lata
135,Brahma_Lata,Cabo de Santo Agostinho,CAB_L1,14,-0.0,false,lata
135,Brahma_Lata,Cabo de Santo Agostinho,CAB_L1,15,-999999.4464996501,false,lata
135,Brahma_Lata,Cabo de Santo Agostinho,CAB_L2,1,-0.0,false,lata
135,Brahma_Lata,Cabo de Santo Agostinho,CAB_L2,2,-0.0,false,lata
135,Brahma_Lata,Cabo de Santo Agostinho,CAB_L2,3,-0.0,false,lata
135,Brahma_Lata,Cabo de Santo Agostinho,CAB_L2,4,-0.0,false,lata
135,Brahma_Lata,Cabo de Santo Agostinho,CAB_L2,5,-0.0,false,lata
135,Brahma_Lata,Cabo de Santo Agostinho,CAB_L2,6,-0.0,false,lata
135,Brahma_Lata,Cabo de Santo Agostinho,CAB_L2,7,-0.0,false,lata
135,Brahma_Lata,Cabo de Santo Agostinho,CAB_L2,8,-0.0,false,lata
135,Brahma_Lata,Cabo de Santo Agostinho,CAB_L2,9,-999999.7175995003,false,lata
135,Brahma_Lata,Cabo de Santo Agostinho,CAB_L2,10,-0.0,false,lata
135,Brahma_Lata,Cabo de Santo Agostinho,CAB_L2,11,-0.0,false,lata
135,Brahma_Lata,Cabo de Santo Agostinho,CAB_L2,12,-0.0,false,lata
135,Brahma_Lata,Cabo de Santo Agostinho,CAB_L2,13,-0.0,false,lata
135,Brahma_Lata,Cabo de Santo Agostinho,CAB_L2,14,-0.0,false,lata
135,Brahma_Lata,Cabo de Santo Agostinho,CAB_L2,15,-999999.4464996501,false,lata
135,Brahma_Lata,Cabo de Santo Agostinho,CAB_L3,1,-0.0,false,lata
135,Brahma_Lata,Cabo de Santo Agostinho,CAB_L3,2,-0.0,false,lata
135,Brahma_Lata,Cabo de Santo Agostinho,CAB_L3,3,-0.0,false,lata
135,Brahma_Lata,Cabo de Santo Agostinho,CAB_L3,4,-999998.6039706498,false,lata
135,Brahma_Lata,Cabo de Santo Agostinho,CAB_L3,5,-0.0,false,lata
135,Brahma_Lata,Cabo de Santo Agostinho,CAB_L3,6,-0.0,false,lata
135,Brahma_Lata,Cabo de Santo Agostinho,CAB_L3,7,-0.0,false,lata
135,Brahma_Lata,Cabo de Santo Agostinho,CAB_L3,8,-0.0,false,lata
135,Brahma_Lata,Cabo de Santo Agostinho,CAB_L3,9,-0.0,false,lata
135,Brahma_Lata,Cabo de Santo Agostinho,CAB_L3,10,-0.0,false,lata
135,Brahma_Lata,Cabo de Santo Agostinho,CAB_L3,11,-0.0,false,lata
135,Brahma_Lata,Cabo de Santo Agostinho,CAB_L3,12,-0.0,false,lata
135,Brahma_Lata,Cabo de Santo Agostinho,CAB_L3,13,-0.0,false,lata
135,Brahma_Lata,Cabo de Santo Agostinho,CAB_L3,14,-0.0,false,lata
135,Brahma_Lata,Cabo de Santo Agostinho,CAB_L3,15,-0.0,false,lata
135,Itaipava_Lata,Jacarei,JAC_L1,1,-0.0,false,lata
135,Itaipava_Lata,Jacarei,JAC_L1,2,-0.0,false,lata
135,Itaipava_Lata,Jacarei,JAC_L1,3,-0.0,false,lata
135,Itaipava_Lata,Jacarei,JAC_L1,4,-0.0,false,lata
135,Itaipava_Lata,Jacarei,JAC_L1,5,-0.0,false,lata
135,Itaipava_Lata,Jacarei,JAC_L1,6,-0.0,false,lata
135,Itaipava_Lata,Jacarei,JAC_L1,7,-0.0,false,lata
135,Itaipava_Lata,Jacarei,JAC_L1,8,-0.0,false,lata
135,Itaipava_Lata,Jacarei,JAC_L1,9,-0.0,false,lata
135,Itaipava_Lata,Jacarei,JAC_L1,10,-0.0,false,lata
135,Itaipava_Lata,Jacarei,JAC_L1,11,-0.0,false,lata
135,Itaipava_Lata,Jacarei,JAC_L1,12,-0.0,false,lata
135,Itaipava_Lata,Jacarei,JAC_L1,13,-0.0,false,lata
135,Itaipava_Lata,Jacarei,JAC_L1,14,-0.0,false,lata
135,Itaipava_Lata,Jacarei,JAC_L1,15,-0.0,false,lata
135,Itaipava_Lata,Jacarei,JAC_L2,1,-0.0,false,lata
135,Itaipava_Lata,Jacarei,JAC_L2,2,-0.0,false,lata
135,Itaipava_Lata,Jacarei,JAC_L2,3,-0.0,false,lata
135,Itaipava_Lata,Jacarei,JAC_L2,4,-0.0,false,lata
135,Itaipava_Lata,Jacarei,JAC_L2,5,-0.0,false,lata
135,Itaipava_Lata,Jacarei,JAC_L2,6,-0.0,false,lata
135,Itaipava_Lata,Jacarei,JAC_L2,7,-0.0,false,lata
135,Itaipava_Lata,Jacarei,JAC_L2,8,-0.0,false,lata
135,Itaipava_Lata,Jacarei,JAC_L2,9,-0.0,false,lata
135,Itaipava_Lata,Jacarei,JAC_L2,10,-0.0,false,lata
135,Itaipava_Lata,Jacarei,JAC_L2,11,-0.0,false,lata
135,Itaipava_Lata,Jacarei,JAC_L2,12,-0.0,false,lata
135,Itaipava_Lata,Jacarei,JAC_L2,13,-0.0,false,lata
135,Itaipava_Lata,Jacarei,JAC_L2,14,-999999.79588415,false,lata
135,Itaipava_Lata,Jacarei,JAC_L2,15,-0.0,false,lata
135,Itaipava_Lata,Jacarei,JAC_L3,1,-0.0,false,lata
135,Itaipava_Lata,Jacarei,JAC_L3,2,-0.0,false,lata
135,Itaipava_Lata,Jacarei,JAC_L3,3,-0.0,false,lata
135,Itaipava_Lata,Jacarei,JAC_L3,4,-0.0,false,lata
135,Itaipava_Lata,Jacarei,JAC_L3,5,-0.0,false,lata
135,Itaipava_Lata,Jacarei,JAC_L3,6,-0.0,false,lata
135,Itaipava_Lata,Jacarei,JAC_L3,7,-0.0,false,lata
135,Itaipava_Lata,Jacarei,JAC_L3,8,-0.0,false,lata
135,Itaipava_Lata,Jacarei,JAC_L3,9,-0.0,false,lata
135,Itaipava_Lata,Jacarei,JAC_L3,10,-0.0,false,lata
135,Itaipava_Lata,Jacarei,JAC_L3,11,-0.0,false,lata
135,Itaipava_Lata,Jacarei,JAC_L3,12,-0.0,false,lata
135,Itaipava_Lata,Jacarei,JAC_L3,13,-0.0,false,lata
135,Itaipava_Lata,Jacarei,JAC_L3,14,-0.0,false,lata
135,Itaipava_Lata,Jacarei,JAC_L3,15,-0.0,false,lata
135,Itaipava_Lata,Extrema,EXT_L1,1,-0.0,false,lata
135,Itaipava_Lata,Extrema,EXT_L1,2,-1.0e6,true,lata
135,Itaipava_Lata,Extrema,EXT_L1,3,-0.0,false,lata
135,Itaipava_Lata,Extrema,EXT_L1,4,-0.0,false,lata
135,Itaipava_Lata,Extrema,EXT_L1,5,-0.0,false,lata
135,Itaipava_Lata,Extrema,EXT_L1,6,-0.0,false,lata
135,Itaipava_Lata,Extrema,EXT_L1,7,-0.0,false,lata
135,Itaipava_Lata,Extrema,EXT_L1,8,-0.0,false,lata
135,Itaipava_Lata,Extrema,EXT_L1,9,-0.0,false,lata
135,Itaipava_Lata,Extrema,EXT_L1,10,-0.0,false,lata
135,Itaipava_Lata,Extrema,EXT_L1,11,-0.0,false,lata
135,Itaipava_Lata,Extrema,EXT_L1,12,-0.0,false,lata
135,Itaipava_Lata,Extrema,EXT_L1,13,-0.0,false,lata
135,Itaipava_Lata,Extrema,EXT_L1,14,-0.0,false,lata
135,Itaipava_Lata,Extrema,EXT_L1,15,-0.0,false,lata
135,Itaipava_Lata,Extrema,EXT_L2,1,-1.0e6,true,lata
135,Itaipava_Lata,Extrema,EXT_L2,2,-0.0,false,lata
135,Itaipava_Lata,Extrema,EXT_L2,3,-0.0,false,lata
135,Itaipava_Lata,Extrema,EXT_L2,4,-0.0,false,lata
135,Itaipava_Lata,Extrema,EXT_L2,5,-0.0,false,lata
135,Itaipava_Lata,Extrema,EXT_L2,6,-0.0,false,lata
135,Itaipava_Lata,Extrema,EXT_L2,7,-0.0,false,lata
135,Itaipava_Lata,Extrema,EXT_L2,8,-0.0,false,lata
135,Itaipava_Lata,Extrema,EXT_L2,9,-0.0,false,lata
135,Itaipava_Lata,Extrema,EXT_L2,10,-0.0,false,lata
135,Itaipava_Lata,Extrema,EXT_L2,11,-0.0,false,lata
135,Itaipava_Lata,Extrema,EXT_L2,12,-0.0,false,lata
135,Itaipava_Lata,Extrema,EXT_L2,13,-0.0,false,lata
135,Itaipava_Lata,Extrema,EXT_L2,14,-0.0,false,lata
135,Itaipava_Lata,Extrema,EXT_L2,15,-0.0,false,lata
135,Itaipava_Lata,Extrema,EXT_L3,1,-0.0,false,lata
135,Itaipava_Lata,Extrema,EXT_L3,2,-0.0,false,lata
135,Itaipava_Lata,Extrema,EXT_L3,3,-0.0,false,lata
135,Itaipava_Lata,Extrema,EXT_L3,4,-0.0,false,lata
135,Itaipava_Lata,Extrema,EXT_L3,5,-0.0,false,lata
135,Itaipava_Lata,Extrema,EXT_L3,6,-0.0,false,lata
135,Itaipava_Lata,Extrema,EXT_L3,7,-0.0,false,lata
135,Itaipava_Lata,Extrema,EXT_L3,8,-0.0,false,lata
135,Itaipava_Lata,Extrema,EXT_L3,9,-0.0,false,lata
135,Itaipava_Lata,Extrema,EXT_L3,10,-0.0,false,lata
135,Itaipava_Lata,Extrema,EXT_L3,11,-0.0,false,lata
135,Itaipava_Lata,Extrema,EXT_L3,12,-0.0,false,lata
135,Itaipava_Lata,Extrema,EXT_L3,13,-0.0,false,lata
135,Itaipava_Lata,Extrema,EXT_L3,14,-0.0,false,lata
135,Itaipava_Lata,Extrema,EXT_L3,15,-0.0,false,lata
135,Itaipava_Lata,Tres Rios,TRE_L1,1,-0.0,false,lata
135,Itaipava_Lata,Tres Rios,TRE_L1,2,-0.0,false,lata
135,Itaipava_Lata,Tres Rios,TRE_L1,3,-0.0,false,lata
135,Itaipava_Lata,Tres Rios,TRE_L1,4,-0.0,false,lata
135,Itaipava_Lata,Tres Rios,TRE_L1,5,-0.0,false,lata
135,Itaipava_Lata,Tres Rios,TRE_L1,6,-0.0,false,lata
135,Itaipava_Lata,Tres Rios,TRE_L1,7,-0.0,false,lata
135,Itaipava_Lata,Tres Rios,TRE_L1,8,-0.0,false,lata
135,Itaipava_Lata,Tres Rios,TRE_L1,9,-0.0,false,lata
135,Itaipava_Lata,Tres Rios,TRE_L1,10,-0.0,false,lata
135,Itaipava_Lata,Tres Rios,TRE_L1,11,-0.0,false,lata
135,Itaipava_Lata,Tres Rios,TRE_L1,12,-0.0,false,lata
135,Itaipava_Lata,Tres Rios,TRE_L1,13,-0.0,false,lata
135,Itaipava_Lata,Tres Rios,TRE_L1,14,-0.0,false,lata
135,Itaipava_Lata,Tres Rios,TRE_L1,15,-0.0,false,lata
135,Itaipava_Lata,Tres Rios,TRE_L2,1,-0.0,false,lata
135,Itaipava_Lata,Tres Rios,TRE_L2,2,-0.0,false,lata
135,Itaipava_Lata,Tres Rios,TRE_L2,3,-0.0,false,lata
135,Itaipava_Lata,Tres Rios,TRE_L2,4,-0.0,false,lata
135,Itaipava_Lata,Tres Rios,TRE_L2,5,-0.0,false,lata
135,Itaipava_Lata,Tres Rios,TRE_L2,6,-0.0,false,lata
135,Itaipava_Lata,Tres Rios,TRE_L2,7,-0.0,false,lata
135,Itaipava_Lata,Tres Rios,TRE_L2,8,-999998.8319696502,false,lata
135,Itaipava_Lata,Tres Rios,TRE_L2,9,-0.0,false,lata
135,Itaipava_Lata,Tres Rios,TRE_L2,10,-0.0,false,lata
135,Itaipava_Lata,Tres Rios,TRE_L2,11,-0.0,false,lata
135,Itaipava_Lata,Tres Rios,TRE_L2,12,-0.0,false,lata
135,Itaipava_Lata,Tres Rios,TRE_L2,13,-0.0,false,lata
135,Itaipava_Lata,Tres Rios,TRE_L2,14,-999999.78260465,false,lata
135,Itaipava_Lata,Tres Rios,TRE_L2,15,-0.0,false,lata
135,Itaipava_Lata,Tres Rios,TRE_L3,1,-0.0,false,lata
135,Itaipava_Lata,Tres Rios,TRE_L3,2,-0.0,false,lata
135,Itaipava_Lata,Tres Rios,TRE_L3,3,-0.0,false,lata
135,Itaipava_Lata,Tres Rios,TRE_L3,4,-0.0,false,lata
135,Itaipava_Lata,Tres Rios,TRE_L3,5,-0.0,false,lata
135,Itaipava_Lata,Tres Rios,TRE_L3,6,-0.0,false,lata
135,Itaipava_Lata,Tres Rios,TRE_L3,7,-0.0,false,lata
135,Itaipava_Lata,Tres Rios,TRE_L3,8,-0.0,false,lata
135,Itaipava_Lata,Tres Rios,TRE_L3,9,-0.0,false,lata
135,Itaipava_Lata,Tres Rios,TRE_L3,10,-0.0,false,lata
135,Itaipava_Lata,Tres Rios,TRE_L3,11,-0.0,false,lata
135,Itaipava_Lata,Tres Rios,TRE_L3,12,-0.0,false,lata
135,Itaipava_Lata,Tres Rios,TRE_L3,13,-0.0,false,lata
135,Itaipava_Lata,Tres Rios,TRE_L3,14,-0.0,false,lata
135,Itaipava_Lata,Tres Rios,TRE_L3,15,-1.0e6,true,lata
135,Itaipava_Lata,Alagoinhas,ALA_L1,1,-0.0,false,lata
135,Itaipava_Lata,Alagoinhas,ALA_L1,2,-1.0e6,true,lata
135,Itaipava_Lata,Alagoinhas,ALA_L1,3,-0.0,false,lata
135,Itaipava_Lata,Alagoinhas,ALA_L1,4,-0.0,false,lata
135,Itaipava_Lata,Alagoinhas,ALA_L1,5,-0.0,false,lata
135,Itaipava_Lata,Alagoinhas,ALA_L1,6,-0.0,false,lata
135,Itaipava_Lata,Alagoinhas,ALA_L1,7,-0.0,false,lata
135,Itaipava_Lata,Alagoinhas,ALA_L1,8,-0.0,false,lata
135,Itaipava_Lata,Alagoinhas,ALA_L1,9,-0.0,false,lata
135,Itaipava_Lata,Alagoinhas,ALA_L1,10,-0.0,false,lata
135,Itaipava_Lata,Alagoinhas,ALA_L1,11,-0.0,false,lata
135,Itaipava_Lata,Alagoinhas,ALA_L1,12,-0.0,false,lata
135,Itaipava_Lata,Alagoinhas,ALA_L1,13,-0.0,false,lata
135,Itaipava_Lata,Alagoinhas,ALA_L1,14,-0.0,false,lata
135,Itaipava_Lata,Alagoinhas,ALA_L1,15,-0.0,false,lata
135,Itaipava_Lata,Alagoinhas,ALA_L2,1,-0.0,false,lata
135,Itaipava_Lata,Alagoinhas,ALA_L2,2,-0.0,false,lata
135,Itaipava_Lata,Alagoinhas,ALA_L2,3,-0.0,false,lata
135,Itaipava_Lata,Alagoinhas,ALA_L2,4,-0.0,false,lata
135,Itaipava_Lata,Alagoinhas,ALA_L2,5,-0.0,false,lata
135,Itaipava_Lata,Alagoinhas,ALA_L2,6,-0.0,false,lata
135,Itaipava_Lata,Alagoinhas,ALA_L2,7,-0.0,false,lata
135,Itaipava_Lata,Alagoinhas,ALA_L2,8,-0.0,false,lata
135,Itaipava_Lata,Alagoinhas,ALA_L2,9,-0.0,false,lata
135,Itaipava_Lata,Alagoinhas,ALA_L2,10,-999998.6840595499,false,lata
135,Itaipava_Lata,Alagoinhas,ALA_L2,11,-999998.94595955,false,lata
135,Itaipava_Lata,Alagoinhas,ALA_L2,12,-0.0,false,lata
135,Itaipava_Lata,Alagoinhas,ALA_L2,13,-0.0,false,lata
135,Itaipava_Lata,Alagoinhas,ALA_L2,14,-0.0,false,lata
135,Itaipava_Lata,Alagoinhas,ALA_L2,15,-0.0,false,lata
135,Itaipava_Lata,Alagoinhas,ALA_L3,1,-0.0,false,lata
135,Itaipava_Lata,Alagoinhas,ALA_L3,2,-0.0,false,lata
135,Itaipava_Lata,Alagoinhas,ALA_L3,3,-0.0,false,lata
135,Itaipava_Lata,Alagoinhas,ALA_L3,4,-0.0,false,lata
135,Itaipava_Lata,Alagoinhas,ALA_L3,5,-0.0,false,lata
135,Itaipava_Lata,Alagoinhas,ALA_L3,6,-0.0,false,lata
135,Itaipava_Lata,Alagoinhas,ALA_L3,7,-999999.9537365501,false,lata
135,Itaipava_Lata,Alagoinhas,ALA_L3,8,-0.0,false,lata
135,Itaipava_Lata,Alagoinhas,ALA_L3,9,-0.0,false,lata
135,Itaipava_Lata,Alagoinhas,ALA_L3,10,-0.0,false,lata
135,Itaipava_Lata,Alagoinhas,ALA_L3,11,-0.0,false,lata
135,Itaipava_Lata,Alagoinhas,ALA_L3,12,-0.0,false,lata
135,Itaipava_Lata,Alagoinhas,ALA_L3,13,-0.0,false,lata
135,Itaipava_Lata,Alagoinhas,ALA_L3,14,-999999.7335862,false,lata
135,Itaipava_Lata,Alagoinhas,ALA_L3,15,-0.0,false,lata
135,Itaipava_Lata,Frutal,FRU_L1,1,-0.0,false,lata
135,Itaipava_Lata,Frutal,FRU_L1,2,-0.0,false,lata
135,Itaipava_Lata,Frutal,FRU_L1,3,-0.0,false,lata
135,Itaipava_Lata,Frutal,FRU_L1,4,-0.0,false,lata
135,Itaipava_Lata,Frutal,FRU_L1,5,-0.0,false,lata
135,Itaipava_Lata,Frutal,FRU_L1,6,-0.0,false,lata
135,Itaipava_Lata,Frutal,FRU_L1,7,-0.0,false,lata
135,Itaipava_Lata,Frutal,FRU_L1,8,-0.0,false,lata
135,Itaipava_Lata,Frutal,FRU_L1,9,-0.0,false,lata
135,Itaipava_Lata,Frutal,FRU_L1,10,-0.0,false,lata
135,Itaipava_Lata,Frutal,FRU_L1,11,-0.0,false,lata
135,Itaipava_Lata,Frutal,FRU_L1,12,-0.0,false,lata
135,Itaipava_Lata,Frutal,FRU_L1,13,-0.0,false,lata
135,Itaipava_Lata,Frutal,FRU_L1,14,-0.0,false,lata
135,Itaipava_Lata,Frutal,FRU_L1,15,-0.0,false,lata
135,Itaipava_Lata,Frutal,FRU_L2,1,-0.0,false,lata
135,Itaipava_Lata,Frutal,FRU_L2,2,-0.0,false,lata
135,Itaipava_Lata,Frutal,FRU_L2,3,-999999.6301475501,false,lata
135,Itaipava_Lata,Frutal,FRU_L2,4,-0.0,false,lata
135,Itaipava_Lata,Frutal,FRU_L2,5,-0.0,false,lata
135,Itaipava_Lata,Frutal,FRU_L2,6,-0.0,false,lata
135,Itaipava_Lata,Frutal,FRU_L2,7,-0.0,false,lata
135,Itaipava_Lata,Frutal,FRU_L2,8,-0.0,false,lata
135,Itaipava_Lata,Frutal,FRU_L2,9,-0.0,false,lata
135,Itaipava_Lata,Frutal,FRU_L2,10,-0.0,false,lata
135,Itaipava_Lata,Frutal,FRU_L2,11,-0.0,false,lata
135,Itaipava_Lata,Frutal,FRU_L2,12,-0.0,false,lata
135,Itaipava_Lata,Frutal,FRU_L2,13,-0.0,false,lata
135,Itaipava_Lata,Frutal,FRU_L2,14,-0.0,false,lata
135,Itaipava_Lata,Frutal,FRU_L2,15,-0.0,false,lata
135,Itaipava_Lata,Frutal,FRU_L3,1,-1.0e6,true,lata
135,Itaipava_Lata,Frutal,FRU_L3,2,-0.0,false,lata
135,Itaipava_Lata,Frutal,FRU_L3,3,-0.0,false,lata
135,Itaipava_Lata,Frutal,FRU_L3,4,-0.0,false,lata
135,Itaipava_Lata,Frutal,FRU_L3,5,-0.0,false,lata
135,Itaipava_Lata,Frutal,FRU_L3,6,-0.0,false,lata
135,Itaipava_Lata,Frutal,FRU_L3,7,-0.0,false,lata
135,Itaipava_Lata,Frutal,FRU_L3,8,-0.0,false,lata
135,Itaipava_Lata,Frutal,FRU_L3,9,-0.0,false,lata
135,Itaipava_Lata,Frutal,FRU_L3,10,-0.0,false,lata
135,Itaipava_Lata,Frutal,FRU_L3,11,-0.0,false,lata
135,Itaipava_Lata,Frutal,FRU_L3,12,-0.0,false,lata
135,Itaipava_Lata,Frutal,FRU_L3,13,-0.0,false,lata
135,Itaipava_Lata,Frutal,FRU_L3,14,-0.0,false,lata
135,Itaipava_Lata,Frutal,FRU_L3,15,-0.0,false,lata
135,Itaipava_Lata,Pouso Alegre,POU_L1,1,-0.0,false,lata
135,Itaipava_Lata,Pouso Alegre,POU_L1,2,-0.0,false,lata
135,Itaipava_Lata,Pouso Alegre,POU_L1,3,-0.0,false,lata
135,Itaipava_Lata,Pouso Alegre,POU_L1,4,-0.0,false,lata
135,Itaipava_Lata,Pouso Alegre,POU_L1,5,-0.0,false,lata
135,Itaipava_Lata,Pouso Alegre,POU_L1,6,-0.0,false,lata
135,Itaipava_Lata,Pouso Alegre,POU_L1,7,-999999.9942153,false,lata
135,Itaipava_Lata,Pouso Alegre,POU_L1,8,-0.0,false,lata
135,Itaipava_Lata,Pouso Alegre,POU_L1,9,-0.0,false,lata
135,Itaipava_Lata,Pouso Alegre,POU_L1,10,-0.0,false,lata
135,Itaipava_Lata,Pouso Alegre,POU_L1,11,-0.0,false,lata
135,Itaipava_Lata,Pouso Alegre,POU_L1,12,-0.0,false,lata
135,Itaipava_Lata,Pouso Alegre,POU_L1,13,-0.0,false,lata
135,Itaipava_Lata,Pouso Alegre,POU_L1,14,-0.0,false,lata
135,Itaipava_Lata,Pouso Alegre,POU_L1,15,-0.0,false,lata
135,Itaipava_Lata,Pouso Alegre,POU_L2,1,-0.0,false,lata
135,Itaipava_Lata,Pouso Alegre,POU_L2,2,-0.0,false,lata
135,Itaipava_Lata,Pouso Alegre,POU_L2,3,-0.0,false,lata
135,Itaipava_Lata,Pouso Alegre,POU_L2,4,-0.0,false,lata
135,Itaipava_Lata,Pouso Alegre,POU_L2,5,-0.0,false,lata
135,Itaipava_Lata,Pouso Alegre,POU_L2,6,-0.0,false,lata
135,Itaipava_Lata,Pouso Alegre,POU_L2,7,-0.0,false,lata
135,Itaipava_Lata,Pouso Alegre,POU_L2,8,-0.0,false,lata
135,Itaipava_Lata,Pouso Alegre,POU_L2,9,-999999.0882202,false,lata
135,Itaipava_Lata,Pouso Alegre,POU_L2,10,-0.0,false,lata
135,Itaipava_Lata,Pouso Alegre,POU_L2,11,-0.0,false,lata
135,Itaipava_Lata,Pouso Alegre,POU_L2,12,-0.0,false,lata
135,Itaipava_Lata,Pouso Alegre,POU_L2,13,-0.0,false,lata
135,Itaipava_Lata,Pouso Alegre,POU_L2,14,-0.0,false,lata
135,Itaipava_Lata,Pouso Alegre,POU_L2,15,-0.0,false,lata
135,Itaipava_Lata,Pouso Alegre,POU_L3,1,-0.0,false,lata
135,Itaipava_Lata,Pouso Alegre,POU_L3,2,-0.0,false,lata
135,Itaipava_Lata,Pouso Alegre,POU_L3,3,-0.0,false,lata
135,Itaipava_Lata,Pouso Alegre,POU_L3,4,-0.0,false,lata
135,Itaipava_Lata,Pouso Alegre,POU_L3,5,-0.0,false,lata
135,Itaipava_Lata,Pouso Alegre,POU_L3,6,-0.0,false,lata
135,Itaipava_Lata,Pouso Alegre,POU_L3,7,-0.0,false,lata
135,Itaipava_Lata,Pouso Alegre,POU_L3,8,-0.0,false,lata
135,Itaipava_Lata,Pouso Alegre,POU_L3,9,-0.0,false,lata
135,Itaipava_Lata,Pouso Alegre,POU_L3,10,-0.0,false,lata
135,Itaipava_Lata,Pouso Alegre,POU_L3,11,-0.0,false,lata
135,Itaipava_Lata,Pouso Alegre,POU_L3,12,-0.0,false,lata
135,Itaipava_Lata,Pouso Alegre,POU_L3,13,-0.0,false,lata
135,Itaipava_Lata,Pouso Alegre,POU_L3,14,-0.0,false,lata
135,Itaipava_Lata,Pouso Alegre,POU_L3,15,-0.0,false,lata
135,Itaipava_Lata,Gama,GAM_L1,1,-0.0,false,lata
135,Itaipava_Lata,Gama,GAM_L1,2,-0.0,false,lata
135,Itaipava_Lata,Gama,GAM_L1,3,-0.0,false,lata
135,Itaipava_Lata,Gama,GAM_L1,4,-0.0,false,lata
135,Itaipava_Lata,Gama,GAM_L1,5,-0.0,false,lata
135,Itaipava_Lata,Gama,GAM_L1,6,-999999.7157242999,false,lata
135,Itaipava_Lata,Gama,GAM_L1,7,-1.0e6,true,lata
135,Itaipava_Lata,Gama,GAM_L1,8,-0.0,false,lata
135,Itaipava_Lata,Gama,GAM_L1,9,-0.0,false,lata
135,Itaipava_Lata,Gama,GAM_L1,10,-0.0,false,lata
135,Itaipava_Lata,Gama,GAM_L1,11,-0.0,false,lata
135,Itaipava_Lata,Gama,GAM_L1,12,-0.0,false,lata
135,Itaipava_Lata,Gama,GAM_L1,13,-0.0,false,lata
135,Itaipava_Lata,Gama,GAM_L1,14,-0.0,false,lata
135,Itaipava_Lata,Gama,GAM_L1,15,-0.0,false,lata
135,Itaipava_Lata,Gama,GAM_L2,1,-0.0,false,lata
135,Itaipava_Lata,Gama,GAM_L2,2,-0.0,false,lata
135,Itaipava_Lata,Gama,GAM_L2,3,-0.0,false,lata
135,Itaipava_Lata,Gama,GAM_L2,4,-0.0,false,lata
135,Itaipava_Lata,Gama,GAM_L2,5,-0.0,false,lata
135,Itaipava_Lata,Gama,GAM_L2,6,-0.0,false,lata
135,Itaipava_Lata,Gama,GAM_L2,7,-0.0,false,lata
135,Itaipava_Lata,Gama,GAM_L2,8,-0.0,false,lata
135,Itaipava_Lata,Gama,GAM_L2,9,-0.0,false,lata
135,Itaipava_Lata,Gama,GAM_L2,10,-0.0,false,lata
135,Itaipava_Lata,Gama,GAM_L2,11,-0.0,false,lata
135,Itaipava_Lata,Gama,GAM_L2,12,-0.0,false,lata
135,Itaipava_Lata,Gama,GAM_L2,13,-0.0,false,lata
135,Itaipava_Lata,Gama,GAM_L2,14,-0.0,false,lata
135,Itaipava_Lata,Gama,GAM_L2,15,-0.0,false,lata
135,Itaipava_Lata,Gama,GAM_L3,1,-0.0,false,lata
135,Itaipava_Lata,Gama,GAM_L3,2,-0.0,false,lata
135,Itaipava_Lata,Gama,GAM_L3,3,-0.0,false,lata
135,Itaipava_Lata,Gama,GAM_L3,4,-0.0,false,lata
135,Itaipava_Lata,Gama,GAM_L3,5,-0.0,false,lata
135,Itaipava_Lata,Gama,GAM_L3,6,-0.0,false,lata
135,Itaipava_Lata,Gama,GAM_L3,7,-0.0,false,lata
135,Itaipava_Lata,Gama,GAM_L3,8,-0.0,false,lata
135,Itaipava_Lata,Gama,GAM_L3,9,-0.0,false,lata
135,Itaipava_Lata,Gama,GAM_L3,10,-0.0,false,lata
135,Itaipava_Lata,Gama,GAM_L3,11,-999998.9922229999,false,lata
135,Itaipava_Lata,Gama,GAM_L3,12,-0.0,false,lata
135,Itaipava_Lata,Gama,GAM_L3,13,-999999.516023,false,lata
135,Itaipava_Lata,Gama,GAM_L3,14,-0.0,false,lata
135,Itaipava_Lata,Gama,GAM_L3,15,-0.0,false,lata
135,Itaipava_Lata,Viamao,VIA_L1,1,-0.0,false,lata
135,Itaipava_Lata,Viamao,VIA_L1,2,-0.0,false,lata
135,Itaipava_Lata,Viamao,VIA_L1,3,-0.0,false,lata
135,Itaipava_Lata,Viamao,VIA_L1,4,-0.0,false,lata
135,Itaipava_Lata,Viamao,VIA_L1,5,-0.0,false,lata
135,Itaipava_Lata,Viamao,VIA_L1,6,-0.0,false,lata
135,Itaipava_Lata,Viamao,VIA_L1,7,-0.0,false,lata
135,Itaipava_Lata,Viamao,VIA_L1,8,-0.0,false,lata
135,Itaipava_Lata,Viamao,VIA_L1,9,-0.0,false,lata
135,Itaipava_Lata,Viamao,VIA_L1,10,-0.0,false,lata
135,Itaipava_Lata,Viamao,VIA_L1,11,-0.0,false,lata
135,Itaipava_Lata,Viamao,VIA_L1,12,-0.0,false,lata
135,Itaipava_Lata,Viamao,VIA_L1,13,-0.0,false,lata
135,Itaipava_Lata,Viamao,VIA_L1,14,-0.0,false,lata
135,Itaipava_Lata,Viamao,VIA_L1,15,-0.0,false,lata
135,Itaipava_Lata,Viamao,VIA_L2,1,-0.0,false,lata
135,Itaipava_Lata,Viamao,VIA_L2,2,-1.0e6,true,lata
135,Itaipava_Lata,Viamao,VIA_L2,3,-0.0,false,lata
135,Itaipava_Lata,Viamao,VIA_L2,4,-0.0,false,lata
135,Itaipava_Lata,Viamao,VIA_L2,5,-0.0,false,lata
135,Itaipava_Lata,Viamao,VIA_L2,6,-0.0,false,lata
135,Itaipava_Lata,Viamao,VIA_L2,7,-0.0,false,lata
135,Itaipava_Lata,Viamao,VIA_L2,8,-0.0,false,lata
135,Itaipava_Lata,Viamao,VIA_L2,9,-0.0,false,lata
135,Itaipava_Lata,Viamao,VIA_L2,10,-0.0,false,lata
135,Itaipava_Lata,Viamao,VIA_L2,11,-0.0,false,lata
135,Itaipava_Lata,Viamao,VIA_L2,12,-0.0,false,lata
135,Itaipava_Lata,Viamao,VIA_L2,13,-0.0,false,lata
135,Itaipava_Lata,Viamao,VIA_L2,14,-0.0,false,lata
135,Itaipava_Lata,Viamao,VIA_L2,15,-1.0e6,true,lata
135,Itaipava_Lata,Viamao,VIA_L3,1,-1.0e6,true,lata
135,Itaipava_Lata,Viamao,VIA_L3,2,-0.0,false,lata
135,Itaipava_Lata,Viamao,VIA_L3,3,-0.0,false,lata
135,Itaipava_Lata,Viamao,VIA_L3,4,-0.0,false,lata
135,Itaipava_Lata,Viamao,VIA_L3,5,-0.0,false,lata
135,Itaipava_Lata,Viamao,VIA_L3,6,-0.0,false,lata
135,Itaipava_Lata,Viamao,VIA_L3,7,-0.0,false,lata
135,Itaipava_Lata,Viamao,VIA_L3,8,-0.0,false,lata
135,Itaipava_Lata,Viamao,VIA_L3,9,-0.0,false,lata
135,Itaipava_Lata,Viamao,VIA_L3,10,-0.0,false,lata
135,Itaipava_Lata,Viamao,VIA_L3,11,-0.0,false,lata
135,Itaipava_Lata,Viamao,VIA_L3,12,-0.0,false,lata
135,Itaipava_Lata,Viamao,VIA_L3,13,-0.0,false,lata
135,Itaipava_Lata,Viamao,VIA_L3,14,-0.0,false,lata
135,Itaipava_Lata,Viamao,VIA_L3,15,-1.0e6,true,lata
135,Itaipava_Lata,Itupeva,ITU_L1,1,-0.0,false,lata
135,Itaipava_Lata,Itupeva,ITU_L1,2,-0.0,false,lata
135,Itaipava_Lata,Itupeva,ITU_L1,3,-0.0,false,lata
135,Itaipava_Lata,Itupeva,ITU_L1,4,-0.0,false,lata
135,Itaipava_Lata,Itupeva,ITU_L1,5,-0.0,false,lata
135,Itaipava_Lata,Itupeva,ITU_L1,6,-0.0,false,lata
135,Itaipava_Lata,Itupeva,ITU_L1,7,-999999.9998539499,false,lata
135,Itaipava_Lata,Itupeva,ITU_L1,8,-0.0,false,lata
135,Itaipava_Lata,Itupeva,ITU_L1,9,-0.0,false,lata
135,Itaipava_Lata,Itupeva,ITU_L1,10,-0.0,false,lata
135,Itaipava_Lata,Itupeva,ITU_L1,11,-0.0,false,lata
135,Itaipava_Lata,Itupeva,ITU_L1,12,-0.0,false,lata
135,Itaipava_Lata,Itupeva,ITU_L1,13,-0.0,false,lata
135,Itaipava_Lata,Itupeva,ITU_L1,14,-0.0,false,lata
135,Itaipava_Lata,Itupeva,ITU_L1,15,-0.0,false,lata
135,Itaipava_Lata,Itupeva,ITU_L2,1,-1.0e6,true,lata
135,Itaipava_Lata,Itupeva,ITU_L2,2,-0.0,false,lata
135,Itaipava_Lata,Itupeva,ITU_L2,3,-0.0,false,lata
135,Itaipava_Lata,Itupeva,ITU_L2,4,-0.0,false,lata
135,Itaipava_Lata,Itupeva,ITU_L2,5,-0.0,false,lata
135,Itaipava_Lata,Itupeva,ITU_L2,6,-0.0,false,lata
135,Itaipava_Lata,Itupeva,ITU_L2,7,-0.0,false,lata
135,Itaipava_Lata,Itupeva,ITU_L2,8,-0.0,false,lata
135,Itaipava_Lata,Itupeva,ITU_L2,9,-0.0,false,lata
135,Itaipava_Lata,Itupeva,ITU_L2,10,-0.0,false,lata
135,Itaipava_Lata,Itupeva,ITU_L2,11,-0.0,false,lata
135,Itaipava_Lata,Itupeva,ITU_L2,12,-0.0,false,lata
135,Itaipava_Lata,Itupeva,ITU_L2,13,-0.0,false,lata
135,Itaipava_Lata,Itupeva,ITU_L2,14,-0.0,false,lata
135,Itaipava_Lata,Itupeva,ITU_L2,15,-1.0e6,true,lata
135,Itaipava_Lata,Itupeva,ITU_L3,1,-0.0,false,lata
135,Itaipava_Lata,Itupeva,ITU_L3,2,-0.0,false,lata
135,Itaipava_Lata,Itupeva,ITU_L3,3,-0.0,false,lata
135,Itaipava_Lata,Itupeva,ITU_L3,4,-0.0,false,lata
135,Itaipava_Lata,Itupeva,ITU_L3,5,-0.0,false,lata
135,Itaipava_Lata,Itupeva,ITU_L3,6,-0.0,false,lata
135,Itaipava_Lata,Itupeva,ITU_L3,7,-0.0,false,lata
135,Itaipava_Lata,Itupeva,ITU_L3,8,-0.0,false,lata
135,Itaipava_Lata,Itupeva,ITU_L3,9,-0.0,false,lata
135,Itaipava_Lata,Itupeva,ITU_L3,10,-0.0,false,lata
135,Itaipava_Lata,Itupeva,ITU_L3,11,-0.0,false,lata
135,Itaipava_Lata,Itupeva,ITU_L3,12,-0.0,false,lata
135,Itaipava_Lata,Itupeva,ITU_L3,13,-0.0,false,lata
135,Itaipava_Lata,Itupeva,ITU_L3,14,-0.0,false,lata
135,Itaipava_Lata,Itupeva,ITU_L3,15,-0.0,false,lata
135,Itaipava_Lata,Cabo de Santo Agostinho,CAB_L1,1,-0.0,false,lata
135,Itaipava_Lata,Cabo de Santo Agostinho,CAB_L1,2,-0.0,false,lata
135,Itaipava_Lata,Cabo de Santo Agostinho,CAB_L1,3,-0.0,false,lata
135,Itaipava_Lata,Cabo de Santo Agostinho,CAB_L1,4,-999999.1696012999,false,lata
135,Itaipava_Lata,Cabo de Santo Agostinho,CAB_L1,5,-0.0,false,lata
135,Itaipava_Lata,Cabo de Santo Agostinho,CAB_L1,6,-0.0,false,lata
135,Itaipava_Lata,Cabo de Santo Agostinho,CAB_L1,7,-0.0,false,lata
135,Itaipava_Lata,Cabo de Santo Agostinho,CAB_L1,8,-0.0,false,lata
135,Itaipava_Lata,Cabo de Santo Agostinho,CAB_L1,9,-0.0,false,lata
135,Itaipava_Lata,Cabo de Santo Agostinho,CAB_L1,10,-0.0,false,lata
135,Itaipava_Lata,Cabo de Santo Agostinho,CAB_L1,11,-0.0,false,lata
135,Itaipava_Lata,Cabo de Santo Agostinho,CAB_L1,12,-999999.2527000001,false,lata
135,Itaipava_Lata,Cabo de Santo Agostinho,CAB_L1,13,-0.0,false,lata
135,Itaipava_Lata,Cabo de Santo Agostinho,CAB_L1,14,-0.0,false,lata
135,Itaipava_Lata,Cabo de Santo Agostinho,CAB_L1,15,-0.0,false,lata
135,Itaipava_Lata,Cabo de Santo Agostinho,CAB_L2,1,-999999.9637592001,false,lata
135,Itaipava_Lata,Cabo de Santo Agostinho,CAB_L2,2,-0.0,false,lata
135,Itaipava_Lata,Cabo de Santo Agostinho,CAB_L2,3,-999999.5939067502,false,lata
135,Itaipava_Lata,Cabo de Santo Agostinho,CAB_L2,4,-0.0,false,lata
135,Itaipava_Lata,Cabo de Santo Agostinho,CAB_L2,5,-999999.4315013,false,lata
135,Itaipava_Lata,Cabo de Santo Agostinho,CAB_L2,6,-0.0,false,lata
135,Itaipava_Lata,Cabo de Santo Agostinho,CAB_L2,7,-0.0,false,lata
135,Itaipava_Lata,Cabo de Santo Agostinho,CAB_L2,8,-0.0,false,lata
135,Itaipava_Lata,Cabo de Santo Agostinho,CAB_L2,9,-0.0,false,lata
135,Itaipava_Lata,Cabo de Santo Agostinho,CAB_L2,10,-0.0,false,lata
135,Itaipava_Lata,Cabo de Santo Agostinho,CAB_L2,11,-0.0,false,lata
135,Itaipava_Lata,Cabo de Santo Agostinho,CAB_L2,12,-0.0,false,lata
135,Itaipava_Lata,Cabo de Santo Agostinho,CAB_L2,13,-0.0,false,lata
135,Itaipava_Lata,Cabo de Santo Agostinho,CAB_L2,14,-0.0,false,lata
135,Itaipava_Lata,Cabo de Santo Agostinho,CAB_L2,15,-0.0,false,lata
135,Itaipava_Lata,Cabo de Santo Agostinho,CAB_L3,1,-0.0,false,lata
135,Itaipava_Lata,Cabo de Santo Agostinho,CAB_L3,2,-999999.97605955,false,lata
135,Itaipava_Lata,Cabo de Santo Agostinho,CAB_L3,3,-0.0,false,lata
135,Itaipava_Lata,Cabo de Santo Agostinho,CAB_L3,4,-0.0,false,lata
135,Itaipava_Lata,Cabo de Santo Agostinho,CAB_L3,5,-0.0,false,lata
135,Itaipava_Lata,Cabo de Santo Agostinho,CAB_L3,6,-0.0,false,lata
135,Itaipava_Lata,Cabo de Santo Agostinho,CAB_L3,7,-0.0,false,lata
135,Itaipava_Lata,Cabo de Santo Agostinho,CAB_L3,8,-0.0,false,lata
135,Itaipava_Lata,Cabo de Santo Agostinho,CAB_L3,9,-0.0,false,lata
135,Itaipava_Lata,Cabo de Santo Agostinho,CAB_L3,10,-0.0,false,lata
135,Itaipava_Lata,Cabo de Santo Agostinho,CAB_L3,11,-0.0,false,lata
135,Itaipava_Lata,Cabo de Santo Agostinho,CAB_L3,12,-0.0,false,lata
135,Itaipava_Lata,Cabo de Santo Agostinho,CAB_L3,13,-0.0,false,lata
135,Itaipava_Lata,Cabo de Santo Agostinho,CAB_L3,14,-0.0,false,lata
135,Itaipava_Lata,Cabo de Santo Agostinho,CAB_L3,15,-0.0,false,lata
135,Maguary_Maracuja,Jacarei,JAC_L1,1,-0.0,false,lata
135,Maguary_Maracuja,Jacarei,JAC_L1,2,-0.0,false,lata
135,Maguary_Maracuja,Jacarei,JAC_L1,3,-0.0,false,lata
135,Maguary_Maracuja,Jacarei,JAC_L1,4,-0.0,false,lata
135,Maguary_Maracuja,Jacarei,JAC_L1,5,-0.0,false,lata
135,Maguary_Maracuja,Jacarei,JAC_L1,6,-0.0,false,lata
135,Maguary_Maracuja,Jacarei,JAC_L1,7,-0.0,false,lata
135,Maguary_Maracuja,Jacarei,JAC_L1,8,-0.0,false,lata
135,Maguary_Maracuja,Jacarei,JAC_L1,9,-0.0,false,lata
135,Maguary_Maracuja,Jacarei,JAC_L1,10,-0.0,false,lata
135,Maguary_Maracuja,Jacarei,JAC_L1,11,-0.0,false,lata
135,Maguary_Maracuja,Jacarei,JAC_L1,12,-0.0,false,lata
135,Maguary_Maracuja,Jacarei,JAC_L1,13,-0.0,false,lata
135,Maguary_Maracuja,Jacarei,JAC_L1,14,-0.0,false,lata
135,Maguary_Maracuja,Jacarei,JAC_L1,15,-0.0,false,lata
135,Maguary_Maracuja,Jacarei,JAC_L2,1,-0.0,false,lata
135,Maguary_Maracuja,Jacarei,JAC_L2,2,-0.0,false,lata
135,Maguary_Maracuja,Jacarei,JAC_L2,3,-0.0,false,lata
135,Maguary_Maracuja,Jacarei,JAC_L2,4,-0.0,false,lata
135,Maguary_Maracuja,Jacarei,JAC_L2,5,-0.0,false,lata
135,Maguary_Maracuja,Jacarei,JAC_L2,6,-0.0,false,lata
135,Maguary_Maracuja,Jacarei,JAC_L2,7,-0.0,false,lata
135,Maguary_Maracuja,Jacarei,JAC_L2,8,-0.0,false,lata
135,Maguary_Maracuja,Jacarei,JAC_L2,9,-0.0,false,lata
135,Maguary_Maracuja,Jacarei,JAC_L2,10,-0.0,false,lata
135,Maguary_Maracuja,Jacarei,JAC_L2,11,-0.0,false,lata
135,Maguary_Maracuja,Jacarei,JAC_L2,12,-0.0,false,lata
135,Maguary_Maracuja,Jacarei,JAC_L2,13,-0.0,false,lata
135,Maguary_Maracuja,Jacarei,JAC_L2,14,-0.0,false,lata
135,Maguary_Maracuja,Jacarei,JAC_L2,15,-0.0,false,lata
135,Maguary_Maracuja,Jacarei,JAC_L3,1,-0.0,false,lata
135,Maguary_Maracuja,Jacarei,JAC_L3,2,-0.0,false,lata
135,Maguary_Maracuja,Jacarei,JAC_L3,3,-999999.96152655,false,lata
135,Maguary_Maracuja,Jacarei,JAC_L3,4,-0.0,false,lata
135,Maguary_Maracuja,Jacarei,JAC_L3,5,-0.0,false,lata
135,Maguary_Maracuja,Jacarei,JAC_L3,6,-0.0,false,lata
135,Maguary_Maracuja,Jacarei,JAC_L3,7,-0.0,false,lata
135,Maguary_Maracuja,Jacarei,JAC_L3,8,-999999.9957315,false,lata
135,Maguary_Maracuja,Jacarei,JAC_L3,9,-0.0,false,lata
135,Maguary_Maracuja,Jacarei,JAC_L3,10,-0.0,false,lata
135,Maguary_Maracuja,Jacarei,JAC_L3,11,-0.0,false,lata
135,Maguary_Maracuja,Jacarei,JAC_L3,12,-0.0,false,lata
135,Maguary_Maracuja,Jacarei,JAC_L3,13,-0.0,false,lata
135,Maguary_Maracuja,Jacarei,JAC_L3,14,-0.0,false,lata
135,Maguary_Maracuja,Jacarei,JAC_L3,15,-0.0,false,lata
135,Maguary_Maracuja,Extrema,EXT_L1,1,-0.0,false,lata
135,Maguary_Maracuja,Extrema,EXT_L1,2,-0.0,false,lata
135,Maguary_Maracuja,Extrema,EXT_L1,3,-0.0,false,lata
135,Maguary_Maracuja,Extrema,EXT_L1,4,-999998.83108875,false,lata
135,Maguary_Maracuja,Extrema,EXT_L1,5,-0.0,false,lata
135,Maguary_Maracuja,Extrema,EXT_L1,6,-0.0,false,lata
135,Maguary_Maracuja,Extrema,EXT_L1,7,-999999.7025889502,false,lata
135,Maguary_Maracuja,Extrema,EXT_L1,8,-999999.996331,false,lata
135,Maguary_Maracuja,Extrema,EXT_L1,9,-0.0,false,lata
135,Maguary_Maracuja,Extrema,EXT_L1,10,-0.0,false,lata
135,Maguary_Maracuja,Extrema,EXT_L1,11,-0.0,false,lata
135,Maguary_Maracuja,Extrema,EXT_L1,12,-0.0,false,lata
135,Maguary_Maracuja,Extrema,EXT_L1,13,-0.0,false,lata
135,Maguary_Maracuja,Extrema,EXT_L1,14,-0.0,false,lata
135,Maguary_Maracuja,Extrema,EXT_L1,15,-0.0,false,lata
135,Maguary_Maracuja,Extrema,EXT_L2,1,-0.0,false,lata
135,Maguary_Maracuja,Extrema,EXT_L2,2,-0.0,false,lata
135,Maguary_Maracuja,Extrema,EXT_L2,3,-0.0,false,lata
135,Maguary_Maracuja,Extrema,EXT_L2,4,-0.0,false,lata
135,Maguary_Maracuja,Extrema,EXT_L2,5,-0.0,false,lata
135,Maguary_Maracuja,Extrema,EXT_L2,6,-0.0,false,lata
135,Maguary_Maracuja,Extrema,EXT_L2,7,-0.0,false,lata
135,Maguary_Maracuja,Extrema,EXT_L2,8,-0.0,false,lata
135,Maguary_Maracuja,Extrema,EXT_L2,9,-0.0,false,lata
135,Maguary_Maracuja,Extrema,EXT_L2,10,-0.0,false,lata
135,Maguary_Maracuja,Extrema,EXT_L2,11,-0.0,false,lata
135,Maguary_Maracuja,Extrema,EXT_L2,12,-999999.8081006,false,lata
135,Maguary_Maracuja,Extrema,EXT_L2,13,-0.0,false,lata
135,Maguary_Maracuja,Extrema,EXT_L2,14,-0.0,false,lata
135,Maguary_Maracuja,Extrema,EXT_L2,15,-0.0,false,lata
135,Maguary_Maracuja,Extrema,EXT_L3,1,-0.0,false,lata
135,Maguary_Maracuja,Extrema,EXT_L3,2,-0.0,false,lata
135,Maguary_Maracuja,Extrema,EXT_L3,3,-0.0,false,lata
135,Maguary_Maracuja,Extrema,EXT_L3,4,-0.0,false,lata
135,Maguary_Maracuja,Extrema,EXT_L3,5,-0.0,false,lata
135,Maguary_Maracuja,Extrema,EXT_L3,6,-0.0,false,lata
135,Maguary_Maracuja,Extrema,EXT_L3,7,-0.0,false,lata
135,Maguary_Maracuja,Extrema,EXT_L3,8,-0.0,false,lata
135,Maguary_Maracuja,Extrema,EXT_L3,9,-0.0,false,lata
135,Maguary_Maracuja,Extrema,EXT_L3,10,-0.0,false,lata
135,Maguary_Maracuja,Extrema,EXT_L3,11,-0.0,false,lata
135,Maguary_Maracuja,Extrema,EXT_L3,12,-0.0,false,lata
135,Maguary_Maracuja,Extrema,EXT_L3,13,-0.0,false,lata
135,Maguary_Maracuja,Extrema,EXT_L3,14,-0.0,false,lata
135,Maguary_Maracuja,Extrema,EXT_L3,15,-0.0,false,lata
135,Maguary_Maracuja,Tres Rios,TRE_L1,1,-0.0,false,lata
135,Maguary_Maracuja,Tres Rios,TRE_L1,2,-0.0,false,lata
135,Maguary_Maracuja,Tres Rios,TRE_L1,3,-0.0,false,lata
135,Maguary_Maracuja,Tres Rios,TRE_L1,4,-0.0,false,lata
135,Maguary_Maracuja,Tres Rios,TRE_L1,5,-0.0,false,lata
135,Maguary_Maracuja,Tres Rios,TRE_L1,6,-0.0,false,lata
135,Maguary_Maracuja,Tres Rios,TRE_L1,7,-0.0,false,lata
135,Maguary_Maracuja,Tres Rios,TRE_L1,8,-0.0,false,lata
135,Maguary_Maracuja,Tres Rios,TRE_L1,9,-0.0,false,lata
135,Maguary_Maracuja,Tres Rios,TRE_L1,10,-0.0,false,lata
135,Maguary_Maracuja,Tres Rios,TRE_L1,11,-0.0,false,lata
135,Maguary_Maracuja,Tres Rios,TRE_L1,12,-0.0,false,lata
135,Maguary_Maracuja,Tres Rios,TRE_L1,13,-0.0,false,lata
135,Maguary_Maracuja,Tres Rios,TRE_L1,14,-0.0,false,lata
135,Maguary_Maracuja,Tres Rios,TRE_L1,15,-0.0,false,lata
135,Maguary_Maracuja,Tres Rios,TRE_L2,1,-0.0,false,lata
135,Maguary_Maracuja,Tres Rios,TRE_L2,2,-0.0,false,lata
135,Maguary_Maracuja,Tres Rios,TRE_L2,3,-0.0,false,lata
135,Maguary_Maracuja,Tres Rios,TRE_L2,4,-0.0,false,lata
135,Maguary_Maracuja,Tres Rios,TRE_L2,5,-0.0,false,lata
135,Maguary_Maracuja,Tres Rios,TRE_L2,6,-0.0,false,lata
135,Maguary_Maracuja,Tres Rios,TRE_L2,7,-0.0,false,lata
135,Maguary_Maracuja,Tres Rios,TRE_L2,8,-0.0,false,lata
135,Maguary_Maracuja,Tres Rios,TRE_L2,9,-0.0,false,lata
135,Maguary_Maracuja,Tres Rios,TRE_L2,10,-0.0,false,lata
135,Maguary_Maracuja,Tres Rios,TRE_L2,11,-0.0,false,lata
135,Maguary_Maracuja,Tres Rios,TRE_L2,12,-999999.8093141001,false,lata
135,Maguary_Maracuja,Tres Rios,TRE_L2,13,-0.0,false,lata
135,Maguary_Maracuja,Tres Rios,TRE_L2,14,-0.0,false,lata
135,Maguary_Maracuja,Tres Rios,TRE_L2,15,-0.0,false,lata
135,Maguary_Maracuja,Tres Rios,TRE_L3,1,-0.0,false,lata
135,Maguary_Maracuja,Tres Rios,TRE_L3,2,-999999.7862707003,false,lata
135,Maguary_Maracuja,Tres Rios,TRE_L3,3,-0.0,false,lata
135,Maguary_Maracuja,Tres Rios,TRE_L3,4,-0.0,false,lata
135,Maguary_Maracuja,Tres Rios,TRE_L3,5,-0.0,false,lata
135,Maguary_Maracuja,Tres Rios,TRE_L3,6,-0.0,false,lata
135,Maguary_Maracuja,Tres Rios,TRE_L3,7,-0.0,false,lata
135,Maguary_Maracuja,Tres Rios,TRE_L3,8,-0.0,false,lata
135,Maguary_Maracuja,Tres Rios,TRE_L3,9,-0.0,false,lata
135,Maguary_Maracuja,Tres Rios,TRE_L3,10,-0.0,false,lata
135,Maguary_Maracuja,Tres Rios,TRE_L3,11,-0.0,false,lata
135,Maguary_Maracuja,Tres Rios,TRE_L3,12,-0.0,false,lata
135,Maguary_Maracuja,Tres Rios,TRE_L3,13,-1.0e6,true,lata
135,Maguary_Maracuja,Tres Rios,TRE_L3,14,-0.0,false,lata
135,Maguary_Maracuja,Tres Rios,TRE_L3,15,-0.0,false,lata
135,Maguary_Maracuja,Alagoinhas,ALA_L1,1,-0.0,false,lata
135,Maguary_Maracuja,Alagoinhas,ALA_L1,2,-0.0,false,lata
135,Maguary_Maracuja,Alagoinhas,ALA_L1,3,-0.0,false,lata
135,Maguary_Maracuja,Alagoinhas,ALA_L1,4,-0.0,false,lata
135,Maguary_Maracuja,Alagoinhas,ALA_L1,5,-0.0,false,lata
135,Maguary_Maracuja,Alagoinhas,ALA_L1,6,-0.0,false,lata
135,Maguary_Maracuja,Alagoinhas,ALA_L1,7,-0.0,false,lata
135,Maguary_Maracuja,Alagoinhas,ALA_L1,8,-0.0,false,lata
135,Maguary_Maracuja,Alagoinhas,ALA_L1,9,-0.0,false,lata
135,Maguary_Maracuja,Alagoinhas,ALA_L1,10,-0.0,false,lata
135,Maguary_Maracuja,Alagoinhas,ALA_L1,11,-0.0,false,lata
135,Maguary_Maracuja,Alagoinhas,ALA_L1,12,-0.0,false,lata
135,Maguary_Maracuja,Alagoinhas,ALA_L1,13,-0.0,false,lata
135,Maguary_Maracuja,Alagoinhas,ALA_L1,14,-0.0,false,lata
135,Maguary_Maracuja,Alagoinhas,ALA_L1,15,-0.0,false,lata
135,Maguary_Maracuja,Alagoinhas,ALA_L2,1,-0.0,false,lata
135,Maguary_Maracuja,Alagoinhas,ALA_L2,2,-0.0,false,lata
135,Maguary_Maracuja,Alagoinhas,ALA_L2,3,-0.0,false,lata
135,Maguary_Maracuja,Alagoinhas,ALA_L2,4,-0.0,false,lata
135,Maguary_Maracuja,Alagoinhas,ALA_L2,5,-0.0,false,lata
135,Maguary_Maracuja,Alagoinhas,ALA_L2,6,-0.0,false,lata
135,Maguary_Maracuja,Alagoinhas,ALA_L2,7,-0.0,false,lata
135,Maguary_Maracuja,Alagoinhas,ALA_L2,8,-0.0,false,lata
135,Maguary_Maracuja,Alagoinhas,ALA_L2,9,-0.0,false,lata
135,Maguary_Maracuja,Alagoinhas,ALA_L2,10,-0.0,false,lata
135,Maguary_Maracuja,Alagoinhas,ALA_L2,11,-0.0,false,lata
135,Maguary_Maracuja,Alagoinhas,ALA_L2,12,-0.0,false,lata
135,Maguary_Maracuja,Alagoinhas,ALA_L2,13,-0.0,false,lata
135,Maguary_Maracuja,Alagoinhas,ALA_L2,14,-0.0,false,lata
135,Maguary_Maracuja,Alagoinhas,ALA_L2,15,-0.0,false,lata
135,Maguary_Maracuja,Alagoinhas,ALA_L3,1,-0.0,false,lata
135,Maguary_Maracuja,Alagoinhas,ALA_L3,2,-0.0,false,lata
135,Maguary_Maracuja,Alagoinhas,ALA_L3,3,-1.0e6,true,lata
135,Maguary_Maracuja,Alagoinhas,ALA_L3,4,-999998.8689627,false,lata
135,Maguary_Maracuja,Alagoinhas,ALA_L3,5,-0.0,false,lata
135,Maguary_Maracuja,Alagoinhas,ALA_L3,6,-0.0,false,lata
135,Maguary_Maracuja,Alagoinhas,ALA_L3,7,-0.0,false,lata
135,Maguary_Maracuja,Alagoinhas,ALA_L3,8,-0.0,false,lata
135,Maguary_Maracuja,Alagoinhas,ALA_L3,9,-0.0,false,lata
135,Maguary_Maracuja,Alagoinhas,ALA_L3,10,-0.0,false,lata
135,Maguary_Maracuja,Alagoinhas,ALA_L3,11,-0.0,false,lata
135,Maguary_Maracuja,Alagoinhas,ALA_L3,12,-0.0,false,lata
135,Maguary_Maracuja,Alagoinhas,ALA_L3,13,-0.0,false,lata
135,Maguary_Maracuja,Alagoinhas,ALA_L3,14,-0.0,false,lata
135,Maguary_Maracuja,Alagoinhas,ALA_L3,15,-0.0,false,lata
135,Maguary_Maracuja,Frutal,FRU_L1,1,-0.0,false,lata
135,Maguary_Maracuja,Frutal,FRU_L1,2,-0.0,false,lata
135,Maguary_Maracuja,Frutal,FRU_L1,3,-0.0,false,lata
135,Maguary_Maracuja,Frutal,FRU_L1,4,-0.0,false,lata
135,Maguary_Maracuja,Frutal,FRU_L1,5,-0.0,false,lata
135,Maguary_Maracuja,Frutal,FRU_L1,6,-0.0,false,lata
135,Maguary_Maracuja,Frutal,FRU_L1,7,-0.0,false,lata
135,Maguary_Maracuja,Frutal,FRU_L1,8,-0.0,false,lata
135,Maguary_Maracuja,Frutal,FRU_L1,9,-0.0,false,lata
135,Maguary_Maracuja,Frutal,FRU_L1,10,-0.0,false,lata
135,Maguary_Maracuja,Frutal,FRU_L1,11,-0.0,false,lata
135,Maguary_Maracuja,Frutal,FRU_L1,12,-0.0,false,lata
135,Maguary_Maracuja,Frutal,FRU_L1,13,-0.0,false,lata
135,Maguary_Maracuja,Frutal,FRU_L1,14,-0.0,false,lata
135,Maguary_Maracuja,Frutal,FRU_L1,15,-0.0,false,lata
135,Maguary_Maracuja,Frutal,FRU_L2,1,-0.0,false,lata
135,Maguary_Maracuja,Frutal,FRU_L2,2,-0.0,false,lata
135,Maguary_Maracuja,Frutal,FRU_L2,3,-0.0,false,lata
135,Maguary_Maracuja,Frutal,FRU_L2,4,-0.0,false,lata
135,Maguary_Maracuja,Frutal,FRU_L2,5,-0.0,false,lata
135,Maguary_Maracuja,Frutal,FRU_L2,6,-0.0,false,lata
135,Maguary_Maracuja,Frutal,FRU_L2,7,-999999.7128241501,false,lata
135,Maguary_Maracuja,Frutal,FRU_L2,8,-0.0,false,lata
135,Maguary_Maracuja,Frutal,FRU_L2,9,-0.0,false,lata
135,Maguary_Maracuja,Frutal,FRU_L2,10,-0.0,false,lata
135,Maguary_Maracuja,Frutal,FRU_L2,11,-0.0,false,lata
135,Maguary_Maracuja,Frutal,FRU_L2,12,-0.0,false,lata
135,Maguary_Maracuja,Frutal,FRU_L2,13,-0.0,false,lata
135,Maguary_Maracuja,Frutal,FRU_L2,14,-0.0,false,lata
135,Maguary_Maracuja,Frutal,FRU_L2,15,-0.0,false,lata
135,Maguary_Maracuja,Frutal,FRU_L3,1,-0.0,false,lata
135,Maguary_Maracuja,Frutal,FRU_L3,2,-0.0,false,lata
135,Maguary_Maracuja,Frutal,FRU_L3,3,-0.0,false,lata
135,Maguary_Maracuja,Frutal,FRU_L3,4,-0.0,false,lata
135,Maguary_Maracuja,Frutal,FRU_L3,5,-0.0,false,lata
135,Maguary_Maracuja,Frutal,FRU_L3,6,-0.0,false,lata
135,Maguary_Maracuja,Frutal,FRU_L3,7,-0.0,false,lata
135,Maguary_Maracuja,Frutal,FRU_L3,8,-999999.9928241501,false,lata
135,Maguary_Maracuja,Frutal,FRU_L3,9,-0.0,false,lata
135,Maguary_Maracuja,Frutal,FRU_L3,10,-0.0,false,lata
135,Maguary_Maracuja,Frutal,FRU_L3,11,-0.0,false,lata
135,Maguary_Maracuja,Frutal,FRU_L3,12,-999999.8212472501,false,lata
135,Maguary_Maracuja,Frutal,FRU_L3,13,-0.0,false,lata
135,Maguary_Maracuja,Frutal,FRU_L3,14,-0.0,false,lata
135,Maguary_Maracuja,Frutal,FRU_L3,15,-0.0,false,lata
135,Maguary_Maracuja,Pouso Alegre,POU_L1,1,-0.0,false,lata
135,Maguary_Maracuja,Pouso Alegre,POU_L1,2,-0.0,false,lata
135,Maguary_Maracuja,Pouso Alegre,POU_L1,3,-0.0,false,lata
135,Maguary_Maracuja,Pouso Alegre,POU_L1,4,-0.0,false,lata
135,Maguary_Maracuja,Pouso Alegre,POU_L1,5,-0.0,false,lata
135,Maguary_Maracuja,Pouso Alegre,POU_L1,6,-0.0,false,lata
135,Maguary_Maracuja,Pouso Alegre,POU_L1,7,-0.0,false,lata
135,Maguary_Maracuja,Pouso Alegre,POU_L1,8,-0.0,false,lata
135,Maguary_Maracuja,Pouso Alegre,POU_L1,9,-0.0,false,lata
135,Maguary_Maracuja,Pouso Alegre,POU_L1,10,-0.0,false,lata
135,Maguary_Maracuja,Pouso Alegre,POU_L1,11,-0.0,false,lata
135,Maguary_Maracuja,Pouso Alegre,POU_L1,12,-0.0,false,lata
135,Maguary_Maracuja,Pouso Alegre,POU_L1,13,-0.0,false,lata
135,Maguary_Maracuja,Pouso Alegre,POU_L1,14,-0.0,false,lata
135,Maguary_Maracuja,Pouso Alegre,POU_L1,15,-0.0,false,lata
135,Maguary_Maracuja,Pouso Alegre,POU_L2,1,-0.0,false,lata
135,Maguary_Maracuja,Pouso Alegre,POU_L2,2,-0.0,false,lata
135,Maguary_Maracuja,Pouso Alegre,POU_L2,3,-0.0,false,lata
135,Maguary_Maracuja,Pouso Alegre,POU_L2,4,-0.0,false,lata
135,Maguary_Maracuja,Pouso Alegre,POU_L2,5,-0.0,false,lata
135,Maguary_Maracuja,Pouso Alegre,POU_L2,6,-0.0,false,lata
135,Maguary_Maracuja,Pouso Alegre,POU_L2,7,-0.0,false,lata
135,Maguary_Maracuja,Pouso Alegre,POU_L2,8,-0.0,false,lata
135,Maguary_Maracuja,Pouso Alegre,POU_L2,9,-0.0,false,lata
135,Maguary_Maracuja,Pouso Alegre,POU_L2,10,-0.0,false,lata
135,Maguary_Maracuja,Pouso Alegre,POU_L2,11,-0.0,false,lata
135,Maguary_Maracuja,Pouso Alegre,POU_L2,12,-0.0,false,lata
135,Maguary_Maracuja,Pouso Alegre,POU_L2,13,-0.0,false,lata
135,Maguary_Maracuja,Pouso Alegre,POU_L2,14,-0.0,false,lata
135,Maguary_Maracuja,Pouso Alegre,POU_L2,15,-0.0,false,lata
135,Maguary_Maracuja,Pouso Alegre,POU_L3,1,-0.0,false,lata
135,Maguary_Maracuja,Pouso Alegre,POU_L3,2,-0.0,false,lata
135,Maguary_Maracuja,Pouso Alegre,POU_L3,3,-0.0,false,lata
135,Maguary_Maracuja,Pouso Alegre,POU_L3,4,-0.0,false,lata
135,Maguary_Maracuja,Pouso Alegre,POU_L3,5,-0.0,false,lata
135,Maguary_Maracuja,Pouso Alegre,POU_L3,6,-0.0,false,lata
135,Maguary_Maracuja,Pouso Alegre,POU_L3,7,-0.0,false,lata
135,Maguary_Maracuja,Pouso Alegre,POU_L3,8,-0.0,false,lata
135,Maguary_Maracuja,Pouso Alegre,POU_L3,9,-0.0,false,lata
135,Maguary_Maracuja,Pouso Alegre,POU_L3,10,-0.0,false,lata
135,Maguary_Maracuja,Pouso Alegre,POU_L3,11,-0.0,false,lata
135,Maguary_Maracuja,Pouso Alegre,POU_L3,12,-0.0,false,lata
135,Maguary_Maracuja,Pouso Alegre,POU_L3,13,-0.0,false,lata
135,Maguary_Maracuja,Pouso Alegre,POU_L3,14,-0.0,false,lata
135,Maguary_Maracuja,Pouso Alegre,POU_L3,15,-0.0,false,lata
135,Maguary_Maracuja,Gama,GAM_L1,1,-0.0,false,lata
135,Maguary_Maracuja,Gama,GAM_L1,2,-0.0,false,lata
135,Maguary_Maracuja,Gama,GAM_L1,3,-0.0,false,lata
135,Maguary_Maracuja,Gama,GAM_L1,4,-0.0,false,lata
135,Maguary_Maracuja,Gama,GAM_L1,5,-0.0,false,lata
135,Maguary_Maracuja,Gama,GAM_L1,6,-0.0,false,lata
135,Maguary_Maracuja,Gama,GAM_L1,7,-0.0,false,lata
135,Maguary_Maracuja,Gama,GAM_L1,8,-0.0,false,lata
135,Maguary_Maracuja,Gama,GAM_L1,9,-0.0,false,lata
135,Maguary_Maracuja,Gama,GAM_L1,10,-0.0,false,lata
135,Maguary_Maracuja,Gama,GAM_L1,11,-0.0,false,lata
135,Maguary_Maracuja,Gama,GAM_L1,12,-0.0,false,lata
135,Maguary_Maracuja,Gama,GAM_L1,13,-0.0,false,lata
135,Maguary_Maracuja,Gama,GAM_L1,14,-0.0,false,lata
135,Maguary_Maracuja,Gama,GAM_L1,15,-0.0,false,lata
135,Maguary_Maracuja,Gama,GAM_L2,1,-0.0,false,lata
135,Maguary_Maracuja,Gama,GAM_L2,2,-0.0,false,lata
135,Maguary_Maracuja,Gama,GAM_L2,3,-0.0,false,lata
135,Maguary_Maracuja,Gama,GAM_L2,4,-0.0,false,lata
135,Maguary_Maracuja,Gama,GAM_L2,5,-0.0,false,lata
135,Maguary_Maracuja,Gama,GAM_L2,6,-0.0,false,lata
135,Maguary_Maracuja,Gama,GAM_L2,7,-0.0,false,lata
135,Maguary_Maracuja,Gama,GAM_L2,8,-0.0,false,lata
135,Maguary_Maracuja,Gama,GAM_L2,9,-0.0,false,lata
135,Maguary_Maracuja,Gama,GAM_L2,10,-999999.9984443,false,lata
135,Maguary_Maracuja,Gama,GAM_L2,11,-0.0,false,lata
135,Maguary_Maracuja,Gama,GAM_L2,12,-0.0,false,lata
135,Maguary_Maracuja,Gama,GAM_L2,13,-0.0,false,lata
135,Maguary_Maracuja,Gama,GAM_L2,14,-0.0,false,lata
135,Maguary_Maracuja,Gama,GAM_L2,15,-999999.5577959502,false,lata
135,Maguary_Maracuja,Gama,GAM_L3,1,-999999.4986338501,false,lata
135,Maguary_Maracuja,Gama,GAM_L3,2,-0.0,false,lata
135,Maguary_Maracuja,Gama,GAM_L3,3,-0.0,false,lata
135,Maguary_Maracuja,Gama,GAM_L3,4,-0.0,false,lata
135,Maguary_Maracuja,Gama,GAM_L3,5,-0.0,false,lata
135,Maguary_Maracuja,Gama,GAM_L3,6,-0.0,false,lata
135,Maguary_Maracuja,Gama,GAM_L3,7,-0.0,false,lata
135,Maguary_Maracuja,Gama,GAM_L3,8,-0.0,false,lata
135,Maguary_Maracuja,Gama,GAM_L3,9,-0.0,false,lata
135,Maguary_Maracuja,Gama,GAM_L3,10,-0.0,false,lata
135,Maguary_Maracuja,Gama,GAM_L3,11,-0.0,false,lata
135,Maguary_Maracuja,Gama,GAM_L3,12,-0.0,false,lata
135,Maguary_Maracuja,Gama,GAM_L3,13,-0.0,false,lata
135,Maguary_Maracuja,Gama,GAM_L3,14,-0.0,false,lata
135,Maguary_Maracuja,Gama,GAM_L3,15,-0.0,false,lata
135,Maguary_Maracuja,Viamao,VIA_L1,1,-0.0,false,lata
135,Maguary_Maracuja,Viamao,VIA_L1,2,-0.0,false,lata
135,Maguary_Maracuja,Viamao,VIA_L1,3,-0.0,false,lata
135,Maguary_Maracuja,Viamao,VIA_L1,4,-0.0,false,lata
135,Maguary_Maracuja,Viamao,VIA_L1,5,-0.0,false,lata
135,Maguary_Maracuja,Viamao,VIA_L1,6,-0.0,false,lata
135,Maguary_Maracuja,Viamao,VIA_L1,7,-0.0,false,lata
135,Maguary_Maracuja,Viamao,VIA_L1,8,-0.0,false,lata
135,Maguary_Maracuja,Viamao,VIA_L1,9,-0.0,false,lata
135,Maguary_Maracuja,Viamao,VIA_L1,10,-0.0,false,lata
135,Maguary_Maracuja,Viamao,VIA_L1,11,-0.0,false,lata
135,Maguary_Maracuja,Viamao,VIA_L1,12,-0.0,false,lata
135,Maguary_Maracuja,Viamao,VIA_L1,13,-0.0,false,lata
135,Maguary_Maracuja,Viamao,VIA_L1,14,-0.0,false,lata
135,Maguary_Maracuja,Viamao,VIA_L1,15,-0.0,false,lata
135,Maguary_Maracuja,Viamao,VIA_L2,1,-0.0,false,lata
135,Maguary_Maracuja,Viamao,VIA_L2,2,-0.0,false,lata
135,Maguary_Maracuja,Viamao,VIA_L2,3,-0.0,false,lata
135,Maguary_Maracuja,Viamao,VIA_L2,4,-0.0,false,lata
135,Maguary_Maracuja,Viamao,VIA_L2,5,-0.0,false,lata
135,Maguary_Maracuja,Viamao,VIA_L2,6,-999999.4378846,false,lata
135,Maguary_Maracuja,Viamao,VIA_L2,7,-0.0,false,lata
135,Maguary_Maracuja,Viamao,VIA_L2,8,-0.0,false,lata
135,Maguary_Maracuja,Viamao,VIA_L2,9,-0.0,false,lata
135,Maguary_Maracuja,Viamao,VIA_L2,10,-0.0,false,lata
135,Maguary_Maracuja,Viamao,VIA_L2,11,-0.0,false,lata
135,Maguary_Maracuja,Viamao,VIA_L2,12,-0.0,false,lata
135,Maguary_Maracuja,Viamao,VIA_L2,13,-0.0,false,lata
135,Maguary_Maracuja,Viamao,VIA_L2,14,-0.0,false,lata
135,Maguary_Maracuja,Viamao,VIA_L2,15,-0.0,false,lata
135,Maguary_Maracuja,Viamao,VIA_L3,1,-0.0,false,lata
135,Maguary_Maracuja,Viamao,VIA_L3,2,-0.0,false,lata
135,Maguary_Maracuja,Viamao,VIA_L3,3,-0.0,false,lata
135,Maguary_Maracuja,Viamao,VIA_L3,4,-0.0,false,lata
135,Maguary_Maracuja,Viamao,VIA_L3,5,-0.0,false,lata
135,Maguary_Maracuja,Viamao,VIA_L3,6,-0.0,false,lata
135,Maguary_Maracuja,Viamao,VIA_L3,7,-0.0,false,lata
135,Maguary_Maracuja,Viamao,VIA_L3,8,-0.0,false,lata
135,Maguary_Maracuja,Viamao,VIA_L3,9,-0.0,false,lata
135,Maguary_Maracuja,Viamao,VIA_L3,10,-0.0,false,lata
135,Maguary_Maracuja,Viamao,VIA_L3,11,-0.0,false,lata
135,Maguary_Maracuja,Viamao,VIA_L3,12,-0.0,false,lata
135,Maguary_Maracuja,Viamao,VIA_L3,13,-0.0,false,lata
135,Maguary_Maracuja,Viamao,VIA_L3,14,-0.0,false,lata
135,Maguary_Maracuja,Viamao,VIA_L3,15,-0.0,false,lata
135,Maguary_Maracuja,Itupeva,ITU_L1,1,-0.0,false,lata
135,Maguary_Maracuja,Itupeva,ITU_L1,2,-999999.7800000001,false,lata
135,Maguary_Maracuja,Itupeva,ITU_L1,3,-0.0,false,lata
135,Maguary_Maracuja,Itupeva,ITU_L1,4,-0.0,false,lata
135,Maguary_Maracuja,Itupeva,ITU_L1,5,-0.0,false,lata
135,Maguary_Maracuja,Itupeva,ITU_L1,6,-0.0,false,lata
135,Maguary_Maracuja,Itupeva,ITU_L1,7,-0.0,false,lata
135,Maguary_Maracuja,Itupeva,ITU_L1,8,-0.0,false,lata
135,Maguary_Maracuja,Itupeva,ITU_L1,9,-0.0,false,lata
135,Maguary_Maracuja,Itupeva,ITU_L1,10,-999999.9661851501,false,lata
135,Maguary_Maracuja,Itupeva,ITU_L1,11,-0.0,false,lata
135,Maguary_Maracuja,Itupeva,ITU_L1,12,-0.0,false,lata
135,Maguary_Maracuja,Itupeva,ITU_L1,13,-999999.9937292999,false,lata
135,Maguary_Maracuja,Itupeva,ITU_L1,14,-0.0,false,lata
135,Maguary_Maracuja,Itupeva,ITU_L1,15,-0.0,false,lata
135,Maguary_Maracuja,Itupeva,ITU_L2,1,-0.0,false,lata
135,Maguary_Maracuja,Itupeva,ITU_L2,2,-999999.7800000001,false,lata
135,Maguary_Maracuja,Itupeva,ITU_L2,3,-0.0,false,lata
135,Maguary_Maracuja,Itupeva,ITU_L2,4,-0.0,false,lata
135,Maguary_Maracuja,Itupeva,ITU_L2,5,-0.0,false,lata
135,Maguary_Maracuja,Itupeva,ITU_L2,6,-0.0,false,lata
135,Maguary_Maracuja,Itupeva,ITU_L2,7,-0.0,false,lata
135,Maguary_Maracuja,Itupeva,ITU_L2,8,-1.0e6,true,lata
135,Maguary_Maracuja,Itupeva,ITU_L2,9,-0.0,false,lata
135,Maguary_Maracuja,Itupeva,ITU_L2,10,-999999.97368685,false,lata
135,Maguary_Maracuja,Itupeva,ITU_L2,11,-0.0,false,lata
135,Maguary_Maracuja,Itupeva,ITU_L2,12,-0.0,false,lata
135,Maguary_Maracuja,Itupeva,ITU_L2,13,-0.0,false,lata
135,Maguary_Maracuja,Itupeva,ITU_L2,14,-0.0,false,lata
135,Maguary_Maracuja,Itupeva,ITU_L2,15,-0.0,false,lata
135,Maguary_Maracuja,Itupeva,ITU_L3,1,-0.0,false,lata
135,Maguary_Maracuja,Itupeva,ITU_L3,2,-999999.7800000001,false,lata
135,Maguary_Maracuja,Itupeva,ITU_L3,3,-0.0,false,lata
135,Maguary_Maracuja,Itupeva,ITU_L3,4,-0.0,false,lata
135,Maguary_Maracuja,Itupeva,ITU_L3,5,-0.0,false,lata
135,Maguary_Maracuja,Itupeva,ITU_L3,6,-0.0,false,lata
135,Maguary_Maracuja,Itupeva,ITU_L3,7,-0.0,false,lata
135,Maguary_Maracuja,Itupeva,ITU_L3,8,-0.0,false,lata
135,Maguary_Maracuja,Itupeva,ITU_L3,9,-0.0,false,lata
135,Maguary_Maracuja,Itupeva,ITU_L3,10,-0.0,false,lata
135,Maguary_Maracuja,Itupeva,ITU_L3,11,-0.0,false,lata
135,Maguary_Maracuja,Itupeva,ITU_L3,12,-0.0,false,lata
135,Maguary_Maracuja,Itupeva,ITU_L3,13,-0.0,false,lata
135,Maguary_Maracuja,Itupeva,ITU_L3,14,-0.0,false,lata
135,Maguary_Maracuja,Itupeva,ITU_L3,15,-0.0,false,lata
135,Maguary_Maracuja,Cabo de Santo Agostinho,CAB_L1,1,-0.0,false,lata
135,Maguary_Maracuja,Cabo de Santo Agostinho,CAB_L1,2,-999999.8373375501,false,lata
135,Maguary_Maracuja,Cabo de Santo Agostinho,CAB_L1,3,-0.0,false,lata
135,Maguary_Maracuja,Cabo de Santo Agostinho,CAB_L1,4,-0.0,false,lata
135,Maguary_Maracuja,Cabo de Santo Agostinho,CAB_L1,5,-0.0,false,lata
135,Maguary_Maracuja,Cabo de Santo Agostinho,CAB_L1,6,-0.0,false,lata
135,Maguary_Maracuja,Cabo de Santo Agostinho,CAB_L1,7,-999999.7635955001,false,lata
135,Maguary_Maracuja,Cabo de Santo Agostinho,CAB_L1,8,-0.0,false,lata
135,Maguary_Maracuja,Cabo de Santo Agostinho,CAB_L1,9,-0.0,false,lata
135,Maguary_Maracuja,Cabo de Santo Agostinho,CAB_L1,10,-0.0,false,lata
135,Maguary_Maracuja,Cabo de Santo Agostinho,CAB_L1,11,-0.0,false,lata
135,Maguary_Maracuja,Cabo de Santo Agostinho,CAB_L1,12,-0.0,false,lata
135,Maguary_Maracuja,Cabo de Santo Agostinho,CAB_L1,13,-0.0,false,lata
135,Maguary_Maracuja,Cabo de Santo Agostinho,CAB_L1,14,-0.0,false,lata
135,Maguary_Maracuja,Cabo de Santo Agostinho,CAB_L1,15,-0.0,false,lata
135,Maguary_Maracuja,Cabo de Santo Agostinho,CAB_L2,1,-0.0,false,lata
135,Maguary_Maracuja,Cabo de Santo Agostinho,CAB_L2,2,-0.0,false,lata
135,Maguary_Maracuja,Cabo de Santo Agostinho,CAB_L2,3,-0.0,false,lata
135,Maguary_Maracuja,Cabo de Santo Agostinho,CAB_L2,4,-0.0,false,lata
135,Maguary_Maracuja,Cabo de Santo Agostinho,CAB_L2,5,-0.0,false,lata
135,Maguary_Maracuja,Cabo de Santo Agostinho,CAB_L2,6,-0.0,false,lata
135,Maguary_Maracuja,Cabo de Santo Agostinho,CAB_L2,7,-0.0,false,lata
135,Maguary_Maracuja,Cabo de Santo Agostinho,CAB_L2,8,-0.0,false,lata
135,Maguary_Maracuja,Cabo de Santo Agostinho,CAB_L2,9,-0.0,false,lata
135,Maguary_Maracuja,Cabo de Santo Agostinho,CAB_L2,10,-0.0,false,lata
135,Maguary_Maracuja,Cabo de Santo Agostinho,CAB_L2,11,-0.0,false,lata
135,Maguary_Maracuja,Cabo de Santo Agostinho,CAB_L2,12,-0.0,false,lata
135,Maguary_Maracuja,Cabo de Santo Agostinho,CAB_L2,13,-0.0,false,lata
135,Maguary_Maracuja,Cabo de Santo Agostinho,CAB_L2,14,-0.0,false,lata
135,Maguary_Maracuja,Cabo de Santo Agostinho,CAB_L2,15,-0.0,false,lata
135,Maguary_Maracuja,Cabo de Santo Agostinho,CAB_L3,1,-0.0,false,lata
135,Maguary_Maracuja,Cabo de Santo Agostinho,CAB_L3,2,-0.0,false,lata
135,Maguary_Maracuja,Cabo de Santo Agostinho,CAB_L3,3,-0.0,false,lata
135,Maguary_Maracuja,Cabo de Santo Agostinho,CAB_L3,4,-0.0,false,lata
135,Maguary_Maracuja,Cabo de Santo Agostinho,CAB_L3,5,-0.0,false,lata
135,Maguary_Maracuja,Cabo de Santo Agostinho,CAB_L3,6,-0.0,false,lata
135,Maguary_Maracuja,Cabo de Santo Agostinho,CAB_L3,7,-0.0,false,lata
135,Maguary_Maracuja,Cabo de Santo Agostinho,CAB_L3,8,-0.0,false,lata
135,Maguary_Maracuja,Cabo de Santo Agostinho,CAB_L3,9,-0.0,false,lata
135,Maguary_Maracuja,Cabo de Santo Agostinho,CAB_L3,10,-0.0,false,lata
135,Maguary_Maracuja,Cabo de Santo Agostinho,CAB_L3,11,-0.0,false,lata
135,Maguary_Maracuja,Cabo de Santo Agostinho,CAB_L3,12,-999999.88419965,false,lata
135,Maguary_Maracuja,Cabo de Santo Agostinho,CAB_L3,13,-0.0,false,lata
135,Maguary_Maracuja,Cabo de Santo Agostinho,CAB_L3,14,-0.0,false,lata
135,Maguary_Maracuja,Cabo de Santo Agostinho,CAB_L3,15,-0.0,false,lata
135,Spaten_Lata,Jacarei,JAC_L1,1,-0.0,false,lata
135,Spaten_Lata,Jacarei,JAC_L1,2,-0.0,false,lata
135,Spaten_Lata,Jacarei,JAC_L1,3,-0.0,false,lata
135,Spaten_Lata,Jacarei,JAC_L1,4,-0.0,false,lata
135,Spaten_Lata,Jacarei,JAC_L1,5,-0.0,false,lata
135,Spaten_Lata,Jacarei,JAC_L1,6,-0.0,false,lata
135,Spaten_Lata,Jacarei,JAC_L1,7,-0.0,false,lata
135,Spaten_Lata,Jacarei,JAC_L1,8,-0.0,false,lata
135,Spaten_Lata,Jacarei,JAC_L1,9,-0.0,false,lata
135,Spaten_Lata,Jacarei,JAC_L1,10,-0.0,false,lata
135,Spaten_Lata,Jacarei,JAC_L1,11,-0.0,false,lata
135,Spaten_Lata,Jacarei,JAC_L1,12,-0.0,false,lata
135,Spaten_Lata,Jacarei,JAC_L1,13,-0.0,false,lata
135,Spaten_Lata,Jacarei,JAC_L1,14,-0.0,false,lata
135,Spaten_Lata,Jacarei,JAC_L1,15,-0.0,false,lata
135,Spaten_Lata,Jacarei,JAC_L2,1,-0.0,false,lata
135,Spaten_Lata,Jacarei,JAC_L2,2,-0.0,false,lata
135,Spaten_Lata,Jacarei,JAC_L2,3,-0.0,false,lata
135,Spaten_Lata,Jacarei,JAC_L2,4,-0.0,false,lata
135,Spaten_Lata,Jacarei,JAC_L2,5,-0.0,false,lata
135,Spaten_Lata,Jacarei,JAC_L2,6,-0.0,false,lata
135,Spaten_Lata,Jacarei,JAC_L2,7,-0.0,false,lata
135,Spaten_Lata,Jacarei,JAC_L2,8,-0.0,false,lata
135,Spaten_Lata,Jacarei,JAC_L2,9,-0.0,false,lata
135,Spaten_Lata,Jacarei,JAC_L2,10,-0.0,false,lata
135,Spaten_Lata,Jacarei,JAC_L2,11,-0.0,false,lata
135,Spaten_Lata,Jacarei,JAC_L2,12,-0.0,false,lata
135,Spaten_Lata,Jacarei,JAC_L2,13,-0.0,false,lata
135,Spaten_Lata,Jacarei,JAC_L2,14,-0.0,false,lata
135,Spaten_Lata,Jacarei,JAC_L2,15,-0.0,false,lata
135,Spaten_Lata,Jacarei,JAC_L3,1,-0.0,false,lata
135,Spaten_Lata,Jacarei,JAC_L3,2,-0.0,false,lata
135,Spaten_Lata,Jacarei,JAC_L3,3,-0.0,false,lata
135,Spaten_Lata,Jacarei,JAC_L3,4,-999999.98776025,false,lata
135,Spaten_Lata,Jacarei,JAC_L3,5,-0.0,false,lata
135,Spaten_Lata,Jacarei,JAC_L3,6,-0.0,false,lata
135,Spaten_Lata,Jacarei,JAC_L3,7,-0.0,false,lata
135,Spaten_Lata,Jacarei,JAC_L3,8,-0.0,false,lata
135,Spaten_Lata,Jacarei,JAC_L3,9,-0.0,false,lata
135,Spaten_Lata,Jacarei,JAC_L3,10,-0.0,false,lata
135,Spaten_Lata,Jacarei,JAC_L3,11,-0.0,false,lata
135,Spaten_Lata,Jacarei,JAC_L3,12,-0.0,false,lata
135,Spaten_Lata,Jacarei,JAC_L3,13,-0.0,false,lata
135,Spaten_Lata,Jacarei,JAC_L3,14,-0.0,false,lata
135,Spaten_Lata,Jacarei,JAC_L3,15,-0.0,false,lata
135,Spaten_Lata,Extrema,EXT_L1,1,-0.0,false,lata
135,Spaten_Lata,Extrema,EXT_L1,2,-0.0,false,lata
135,Spaten_Lata,Extrema,EXT_L1,3,-0.0,false,lata
135,Spaten_Lata,Extrema,EXT_L1,4,-0.0,false,lata
135,Spaten_Lata,Extrema,EXT_L1,5,-0.0,false,lata
135,Spaten_Lata,Extrema,EXT_L1,6,-0.0,false,lata
135,Spaten_Lata,Extrema,EXT_L1,7,-0.0,false,lata
135,Spaten_Lata,Extrema,EXT_L1,8,-0.0,false,lata
135,Spaten_Lata,Extrema,EXT_L1,9,-0.0,false,lata
135,Spaten_Lata,Extrema,EXT_L1,10,-0.0,false,lata
135,Spaten_Lata,Extrema,EXT_L1,11,-0.0,false,lata
135,Spaten_Lata,Extrema,EXT_L1,12,-0.0,false,lata
135,Spaten_Lata,Extrema,EXT_L1,13,-0.0,false,lata
135,Spaten_Lata,Extrema,EXT_L1,14,-0.0,false,lata
135,Spaten_Lata,Extrema,EXT_L1,15,-0.0,false,lata
135,Spaten_Lata,Extrema,EXT_L2,1,-0.0,false,lata
135,Spaten_Lata,Extrema,EXT_L2,2,-0.0,false,lata
135,Spaten_Lata,Extrema,EXT_L2,3,-0.0,false,lata
135,Spaten_Lata,Extrema,EXT_L2,4,-0.0,false,lata
135,Spaten_Lata,Extrema,EXT_L2,5,-0.0,false,lata
135,Spaten_Lata,Extrema,EXT_L2,6,-0.0,false,lata
135,Spaten_Lata,Extrema,EXT_L2,7,-0.0,false,lata
135,Spaten_Lata,Extrema,EXT_L2,8,-0.0,false,lata
135,Spaten_Lata,Extrema,EXT_L2,9,-0.0,false,lata
135,Spaten_Lata,Extrema,EXT_L2,10,-0.0,false,lata
135,Spaten_Lata,Extrema,EXT_L2,11,-0.0,false,lata
135,Spaten_Lata,Extrema,EXT_L2,12,-0.0,false,lata
135,Spaten_Lata,Extrema,EXT_L2,13,-0.0,false,lata
135,Spaten_Lata,Extrema,EXT_L2,14,-0.0,false,lata
135,Spaten_Lata,Extrema,EXT_L2,15,-0.0,false,lata
135,Spaten_Lata,Extrema,EXT_L3,1,-0.0,false,lata
135,Spaten_Lata,Extrema,EXT_L3,2,-0.0,false,lata
135,Spaten_Lata,Extrema,EXT_L3,3,-0.0,false,lata
135,Spaten_Lata,Extrema,EXT_L3,4,-0.0,false,lata
135,Spaten_Lata,Extrema,EXT_L3,5,-0.0,false,lata
135,Spaten_Lata,Extrema,EXT_L3,6,-0.0,false,lata
135,Spaten_Lata,Extrema,EXT_L3,7,-0.0,false,lata
135,Spaten_Lata,Extrema,EXT_L3,8,-999999.6367989501,false,lata
135,Spaten_Lata,Extrema,EXT_L3,9,-0.0,false,lata
135,Spaten_Lata,Extrema,EXT_L3,10,-0.0,false,lata
135,Spaten_Lata,Extrema,EXT_L3,11,-0.0,false,lata
135,Spaten_Lata,Extrema,EXT_L3,12,-0.0,false,lata
135,Spaten_Lata,Extrema,EXT_L3,13,-0.0,false,lata
135,Spaten_Lata,Extrema,EXT_L3,14,-0.0,false,lata
135,Spaten_Lata,Extrema,EXT_L3,15,-0.0,false,lata
135,Spaten_Lata,Tres Rios,TRE_L1,1,-999999.3904347001,false,lata
135,Spaten_Lata,Tres Rios,TRE_L1,2,-0.0,false,lata
135,Spaten_Lata,Tres Rios,TRE_L1,3,-0.0,false,lata
135,Spaten_Lata,Tres Rios,TRE_L1,4,-0.0,false,lata
135,Spaten_Lata,Tres Rios,TRE_L1,5,-0.0,false,lata
135,Spaten_Lata,Tres Rios,TRE_L1,6,-0.0,false,lata
135,Spaten_Lata,Tres Rios,TRE_L1,7,-0.0,false,lata
135,Spaten_Lata,Tres Rios,TRE_L1,8,-0.0,false,lata
135,Spaten_Lata,Tres Rios,TRE_L1,9,-0.0,false,lata
135,Spaten_Lata,Tres Rios,TRE_L1,10,-0.0,false,lata
135,Spaten_Lata,Tres Rios,TRE_L1,11,-0.0,false,lata
135,Spaten_Lata,Tres Rios,TRE_L1,12,-999999.982452,false,lata
135,Spaten_Lata,Tres Rios,TRE_L1,13,-0.0,false,lata
135,Spaten_Lata,Tres Rios,TRE_L1,14,-0.0,false,lata
135,Spaten_Lata,Tres Rios,TRE_L1,15,-0.0,false,lata
135,Spaten_Lata,Tres Rios,TRE_L2,1,-0.0,false,lata
135,Spaten_Lata,Tres Rios,TRE_L2,2,-0.0,false,lata
135,Spaten_Lata,Tres Rios,TRE_L2,3,-0.0,false,lata
135,Spaten_Lata,Tres Rios,TRE_L2,4,-0.0,false,lata
135,Spaten_Lata,Tres Rios,TRE_L2,5,-0.0,false,lata
135,Spaten_Lata,Tres Rios,TRE_L2,6,-0.0,false,lata
135,Spaten_Lata,Tres Rios,TRE_L2,7,-0.0,false,lata
135,Spaten_Lata,Tres Rios,TRE_L2,8,-0.0,false,lata
135,Spaten_Lata,Tres Rios,TRE_L2,9,-0.0,false,lata
135,Spaten_Lata,Tres Rios,TRE_L2,10,-0.0,false,lata
135,Spaten_Lata,Tres Rios,TRE_L2,11,-0.0,false,lata
135,Spaten_Lata,Tres Rios,TRE_L2,12,-0.0,false,lata
135,Spaten_Lata,Tres Rios,TRE_L2,13,-0.0,false,lata
135,Spaten_Lata,Tres Rios,TRE_L2,14,-0.0,false,lata
135,Spaten_Lata,Tres Rios,TRE_L2,15,-0.0,false,lata
135,Spaten_Lata,Tres Rios,TRE_L3,1,-0.0,false,lata
135,Spaten_Lata,Tres Rios,TRE_L3,2,-0.0,false,lata
135,Spaten_Lata,Tres Rios,TRE_L3,3,-0.0,false,lata
135,Spaten_Lata,Tres Rios,TRE_L3,4,-0.0,false,lata
135,Spaten_Lata,Tres Rios,TRE_L3,5,-0.0,false,lata
135,Spaten_Lata,Tres Rios,TRE_L3,6,-0.0,false,lata
135,Spaten_Lata,Tres Rios,TRE_L3,7,-0.0,false,lata
135,Spaten_Lata,Tres Rios,TRE_L3,8,-0.0,false,lata
135,Spaten_Lata,Tres Rios,TRE_L3,9,-0.0,false,lata
135,Spaten_Lata,Tres Rios,TRE_L3,10,-0.0,false,lata
135,Spaten_Lata,Tres Rios,TRE_L3,11,-999999.9695895502,false,lata
135,Spaten_Lata,Tres Rios,TRE_L3,12,-0.0,false,lata
135,Spaten_Lata,Tres Rios,TRE_L3,13,-0.0,false,lata
135,Spaten_Lata,Tres Rios,TRE_L3,14,-0.0,false,lata
135,Spaten_Lata,Tres Rios,TRE_L3,15,-0.0,false,lata
135,Spaten_Lata,Alagoinhas,ALA_L1,1,-0.0,false,lata
135,Spaten_Lata,Alagoinhas,ALA_L1,2,-0.0,false,lata
135,Spaten_Lata,Alagoinhas,ALA_L1,3,-0.0,false,lata
135,Spaten_Lata,Alagoinhas,ALA_L1,4,-0.0,false,lata
135,Spaten_Lata,Alagoinhas,ALA_L1,5,-0.0,false,lata
135,Spaten_Lata,Alagoinhas,ALA_L1,6,-0.0,false,lata
135,Spaten_Lata,Alagoinhas,ALA_L1,7,-0.0,false,lata
135,Spaten_Lata,Alagoinhas,ALA_L1,8,-0.0,false,lata
135,Spaten_Lata,Alagoinhas,ALA_L1,9,-0.0,false,lata
135,Spaten_Lata,Alagoinhas,ALA_L1,10,-0.0,false,lata
135,Spaten_Lata,Alagoinhas,ALA_L1,11,-999999.9975238,false,lata
135,Spaten_Lata,Alagoinhas,ALA_L1,12,-0.0,false,lata
135,Spaten_Lata,Alagoinhas,ALA_L1,13,-0.0,false,lata
135,Spaten_Lata,Alagoinhas,ALA_L1,14,-0.0,false,lata
135,Spaten_Lata,Alagoinhas,ALA_L1,15,-0.0,false,lata
135,Spaten_Lata,Alagoinhas,ALA_L2,1,-0.0,false,lata
135,Spaten_Lata,Alagoinhas,ALA_L2,2,-0.0,false,lata
135,Spaten_Lata,Alagoinhas,ALA_L2,3,-0.0,false,lata
135,Spaten_Lata,Alagoinhas,ALA_L2,4,-0.0,false,lata
135,Spaten_Lata,Alagoinhas,ALA_L2,5,-0.0,false,lata
135,Spaten_Lata,Alagoinhas,ALA_L2,6,-0.0,false,lata
135,Spaten_Lata,Alagoinhas,ALA_L2,7,-0.0,false,lata
135,Spaten_Lata,Alagoinhas,ALA_L2,8,-0.0,false,lata
135,Spaten_Lata,Alagoinhas,ALA_L2,9,-0.0,false,lata
135,Spaten_Lata,Alagoinhas,ALA_L2,10,-0.0,false,lata
135,Spaten_Lata,Alagoinhas,ALA_L2,11,-0.0,false,lata
135,Spaten_Lata,Alagoinhas,ALA_L2,12,-1.0e6,true,lata
135,Spaten_Lata,Alagoinhas,ALA_L2,13,-0.0,false,lata
135,Spaten_Lata,Alagoinhas,ALA_L2,14,-0.0,false,lata
135,Spaten_Lata,Alagoinhas,ALA_L2,15,-0.0,false,lata
135,Spaten_Lata,Alagoinhas,ALA_L3,1,-0.0,false,lata
135,Spaten_Lata,Alagoinhas,ALA_L3,2,-0.0,false,lata
135,Spaten_Lata,Alagoinhas,ALA_L3,3,-0.0,false,lata
135,Spaten_Lata,Alagoinhas,ALA_L3,4,-0.0,false,lata
135,Spaten_Lata,Alagoinhas,ALA_L3,5,-0.0,false,lata
135,Spaten_Lata,Alagoinhas,ALA_L3,6,-0.0,false,lata
135,Spaten_Lata,Alagoinhas,ALA_L3,7,-0.0,false,lata
135,Spaten_Lata,Alagoinhas,ALA_L3,8,-0.0,false,lata
135,Spaten_Lata,Alagoinhas,ALA_L3,9,-0.0,false,lata
135,Spaten_Lata,Alagoinhas,ALA_L3,10,-0.0,false,lata
135,Spaten_Lata,Alagoinhas,ALA_L3,11,-0.0,false,lata
135,Spaten_Lata,Alagoinhas,ALA_L3,12,-0.0,false,lata
135,Spaten_Lata,Alagoinhas,ALA_L3,13,-0.0,false,lata
135,Spaten_Lata,Alagoinhas,ALA_L3,14,-0.0,false,lata
135,Spaten_Lata,Alagoinhas,ALA_L3,15,-0.0,false,lata
135,Spaten_Lata,Frutal,FRU_L1,1,-0.0,false,lata
135,Spaten_Lata,Frutal,FRU_L1,2,-999999.6353565501,false,lata
135,Spaten_Lata,Frutal,FRU_L1,3,-0.0,false,lata
135,Spaten_Lata,Frutal,FRU_L1,4,-0.0,false,lata
135,Spaten_Lata,Frutal,FRU_L1,5,-0.0,false,lata
135,Spaten_Lata,Frutal,FRU_L1,6,-0.0,false,lata
135,Spaten_Lata,Frutal,FRU_L1,7,-0.0,false,lata
135,Spaten_Lata,Frutal,FRU_L1,8,-0.0,false,lata
135,Spaten_Lata,Frutal,FRU_L1,9,-0.0,false,lata
135,Spaten_Lata,Frutal,FRU_L1,10,-0.0,false,lata
135,Spaten_Lata,Frutal,FRU_L1,11,-0.0,false,lata
135,Spaten_Lata,Frutal,FRU_L1,12,-0.0,false,lata
135,Spaten_Lata,Frutal,FRU_L1,13,-1.0e6,true,lata
135,Spaten_Lata,Frutal,FRU_L1,14,-0.0,false,lata
135,Spaten_Lata,Frutal,FRU_L1,15,-0.0,false,lata
135,Spaten_Lata,Frutal,FRU_L2,1,-0.0,false,lata
135,Spaten_Lata,Frutal,FRU_L2,2,-0.0,false,lata
135,Spaten_Lata,Frutal,FRU_L2,3,-0.0,false,lata
135,Spaten_Lata,Frutal,FRU_L2,4,-1.0e6,true,lata
135,Spaten_Lata,Frutal,FRU_L2,5,-0.0,false,lata
135,Spaten_Lata,Frutal,FRU_L2,6,-0.0,false,lata
135,Spaten_Lata,Frutal,FRU_L2,7,-0.0,false,lata
135,Spaten_Lata,Frutal,FRU_L2,8,-0.0,false,lata
135,Spaten_Lata,Frutal,FRU_L2,9,-0.0,false,lata
135,Spaten_Lata,Frutal,FRU_L2,10,-0.0,false,lata
135,Spaten_Lata,Frutal,FRU_L2,11,-0.0,false,lata
135,Spaten_Lata,Frutal,FRU_L2,12,-0.0,false,lata
135,Spaten_Lata,Frutal,FRU_L2,13,-0.0,false,lata
135,Spaten_Lata,Frutal,FRU_L2,14,-0.0,false,lata
135,Spaten_Lata,Frutal,FRU_L2,15,-0.0,false,lata
135,Spaten_Lata,Frutal,FRU_L3,1,-0.0,false,lata
135,Spaten_Lata,Frutal,FRU_L3,2,-0.0,false,lata
135,Spaten_Lata,Frutal,FRU_L3,3,-0.0,false,lata
135,Spaten_Lata,Frutal,FRU_L3,4,-0.0,false,lata
135,Spaten_Lata,Frutal,FRU_L3,5,-0.0,false,lata
135,Spaten_Lata,Frutal,FRU_L3,6,-0.0,false,lata
135,Spaten_Lata,Frutal,FRU_L3,7,-0.0,false,lata
135,Spaten_Lata,Frutal,FRU_L3,8,-0.0,false,lata
135,Spaten_Lata,Frutal,FRU_L3,9,-0.0,false,lata
135,Spaten_Lata,Frutal,FRU_L3,10,-0.0,false,lata
135,Spaten_Lata,Frutal,FRU_L3,11,-0.0,false,lata
135,Spaten_Lata,Frutal,FRU_L3,12,-0.0,false,lata
135,Spaten_Lata,Frutal,FRU_L3,13,-0.0,false,lata
135,Spaten_Lata,Frutal,FRU_L3,14,-0.0,false,lata
135,Spaten_Lata,Frutal,FRU_L3,15,-0.0,false,lata
135,Spaten_Lata,Pouso Alegre,POU_L1,1,-0.0,false,lata
135,Spaten_Lata,Pouso Alegre,POU_L1,2,-0.0,false,lata
135,Spaten_Lata,Pouso Alegre,POU_L1,3,-0.0,false,lata
135,Spaten_Lata,Pouso Alegre,POU_L1,4,-0.0,false,lata
135,Spaten_Lata,Pouso Alegre,POU_L1,5,-0.0,false,lata
135,Spaten_Lata,Pouso Alegre,POU_L1,6,-1.0e6,true,lata
135,Spaten_Lata,Pouso Alegre,POU_L1,7,-0.0,false,lata
135,Spaten_Lata,Pouso Alegre,POU_L1,8,-0.0,false,lata
135,Spaten_Lata,Pouso Alegre,POU_L1,9,-0.0,false,lata
135,Spaten_Lata,Pouso Alegre,POU_L1,10,-0.0,false,lata
135,Spaten_Lata,Pouso Alegre,POU_L1,11,-0.0,false,lata
135,Spaten_Lata,Pouso Alegre,POU_L1,12,-0.0,false,lata
135,Spaten_Lata,Pouso Alegre,POU_L1,13,-0.0,false,lata
135,Spaten_Lata,Pouso Alegre,POU_L1,14,-0.0,false,lata
135,Spaten_Lata,Pouso Alegre,POU_L1,15,-0.0,false,lata
135,Spaten_Lata,Pouso Alegre,POU_L2,1,-0.0,false,lata
135,Spaten_Lata,Pouso Alegre,POU_L2,2,-0.0,false,lata
135,Spaten_Lata,Pouso Alegre,POU_L2,3,-0.0,false,lata
135,Spaten_Lata,Pouso Alegre,POU_L2,4,-0.0,false,lata
135,Spaten_Lata,Pouso Alegre,POU_L2,5,-0.0,false,lata
135,Spaten_Lata,Pouso Alegre,POU_L2,6,-0.0,false,lata
135,Spaten_Lata,Pouso Alegre,POU_L2,7,-0.0,false,lata
135,Spaten_Lata,Pouso Alegre,POU_L2,8,-0.0,false,lata
135,Spaten_Lata,Pouso Alegre,POU_L2,9,-0.0,false,lata
135,Spaten_Lata,Pouso Alegre,POU_L2,10,-0.0,false,lata
135,Spaten_Lata,Pouso Alegre,POU_L2,11,-0.0,false,lata
135,Spaten_Lata,Pouso Alegre,POU_L2,12,-0.0,false,lata
135,Spaten_Lata,Pouso Alegre,POU_L2,13,-1.0e6,true,lata
135,Spaten_Lata,Pouso Alegre,POU_L2,14,-0.0,false,lata
135,Spaten_Lata,Pouso Alegre,POU_L2,15,-0.0,false,lata
135,Spaten_Lata,Pouso Alegre,POU_L3,1,-0.0,false,lata
135,Spaten_Lata,Pouso Alegre,POU_L3,2,-0.0,false,lata
135,Spaten_Lata,Pouso Alegre,POU_L3,3,-999999.9088414002,false,lata
135,Spaten_Lata,Pouso Alegre,POU_L3,4,-0.0,false,lata
135,Spaten_Lata,Pouso Alegre,POU_L3,5,-0.0,false,lata
135,Spaten_Lata,Pouso Alegre,POU_L3,6,-0.0,false,lata
135,Spaten_Lata,Pouso Alegre,POU_L3,7,-0.0,false,lata
135,Spaten_Lata,Pouso Alegre,POU_L3,8,-0.0,false,lata
135,Spaten_Lata,Pouso Alegre,POU_L3,9,-0.0,false,lata
135,Spaten_Lata,Pouso Alegre,POU_L3,10,-0.0,false,lata
135,Spaten_Lata,Pouso Alegre,POU_L3,11,-0.0,false,lata
135,Spaten_Lata,Pouso Alegre,POU_L3,12,-0.0,false,lata
135,Spaten_Lata,Pouso Alegre,POU_L3,13,-0.0,false,lata
135,Spaten_Lata,Pouso Alegre,POU_L3,14,-0.0,false,lata
135,Spaten_Lata,Pouso Alegre,POU_L3,15,-0.0,false,lata
135,Spaten_Lata,Gama,GAM_L1,1,-0.0,false,lata
135,Spaten_Lata,Gama,GAM_L1,2,-0.0,false,lata
135,Spaten_Lata,Gama,GAM_L1,3,-999999.9331139001,false,lata
135,Spaten_Lata,Gama,GAM_L1,4,-0.0,false,lata
135,Spaten_Lata,Gama,GAM_L1,5,-0.0,false,lata
135,Spaten_Lata,Gama,GAM_L1,6,-0.0,false,lata
135,Spaten_Lata,Gama,GAM_L1,7,-0.0,false,lata
135,Spaten_Lata,Gama,GAM_L1,8,-0.0,false,lata
135,Spaten_Lata,Gama,GAM_L1,9,-0.0,false,lata
135,Spaten_Lata,Gama,GAM_L1,10,-0.0,false,lata
135,Spaten_Lata,Gama,GAM_L1,11,-0.0,false,lata
135,Spaten_Lata,Gama,GAM_L1,12,-1.0e6,true,lata
135,Spaten_Lata,Gama,GAM_L1,13,-0.0,false,lata
135,Spaten_Lata,Gama,GAM_L1,14,-0.0,false,lata
135,Spaten_Lata,Gama,GAM_L1,15,-999999.6500000001,false,lata
135,Spaten_Lata,Gama,GAM_L2,1,-0.0,false,lata
135,Spaten_Lata,Gama,GAM_L2,2,-0.0,false,lata
135,Spaten_Lata,Gama,GAM_L2,3,-0.0,false,lata
135,Spaten_Lata,Gama,GAM_L2,4,-0.0,false,lata
135,Spaten_Lata,Gama,GAM_L2,5,-0.0,false,lata
135,Spaten_Lata,Gama,GAM_L2,6,-0.0,false,lata
135,Spaten_Lata,Gama,GAM_L2,7,-0.0,false,lata
135,Spaten_Lata,Gama,GAM_L2,8,-0.0,false,lata
135,Spaten_Lata,Gama,GAM_L2,9,-0.0,false,lata
135,Spaten_Lata,Gama,GAM_L2,10,-0.0,false,lata
135,Spaten_Lata,Gama,GAM_L2,11,-0.0,false,lata
135,Spaten_Lata,Gama,GAM_L2,12,-0.0,false,lata
135,Spaten_Lata,Gama,GAM_L2,13,-0.0,false,lata
135,Spaten_Lata,Gama,GAM_L2,14,-0.0,false,lata
135,Spaten_Lata,Gama,GAM_L2,15,-0.0,false,lata
135,Spaten_Lata,Gama,GAM_L3,1,-0.0,false,lata
135,Spaten_Lata,Gama,GAM_L3,2,-0.0,false,lata
135,Spaten_Lata,Gama,GAM_L3,3,-0.0,false,lata
135,Spaten_Lata,Gama,GAM_L3,4,-0.0,false,lata
135,Spaten_Lata,Gama,GAM_L3,5,-0.0,false,lata
135,Spaten_Lata,Gama,GAM_L3,6,-0.0,false,lata
135,Spaten_Lata,Gama,GAM_L3,7,-0.0,false,lata
135,Spaten_Lata,Gama,GAM_L3,8,-0.0,false,lata
135,Spaten_Lata,Gama,GAM_L3,9,-0.0,false,lata
135,Spaten_Lata,Gama,GAM_L3,10,-0.0,false,lata
135,Spaten_Lata,Gama,GAM_L3,11,-0.0,false,lata
135,Spaten_Lata,Gama,GAM_L3,12,-1.0e6,true,lata
135,Spaten_Lata,Gama,GAM_L3,13,-0.0,false,lata
135,Spaten_Lata,Gama,GAM_L3,14,-0.0,false,lata
135,Spaten_Lata,Gama,GAM_L3,15,-0.0,false,lata
135,Spaten_Lata,Viamao,VIA_L1,1,-0.0,false,lata
135,Spaten_Lata,Viamao,VIA_L1,2,-0.0,false,lata
135,Spaten_Lata,Viamao,VIA_L1,3,-0.0,false,lata
135,Spaten_Lata,Viamao,VIA_L1,4,-1.0e6,true,lata
135,Spaten_Lata,Viamao,VIA_L1,5,-999999.9039761499,false,lata
135,Spaten_Lata,Viamao,VIA_L1,6,-0.0,false,lata
135,Spaten_Lata,Viamao,VIA_L1,7,-0.0,false,lata
135,Spaten_Lata,Viamao,VIA_L1,8,-0.0,false,lata
135,Spaten_Lata,Viamao,VIA_L1,9,-0.0,false,lata
135,Spaten_Lata,Viamao,VIA_L1,10,-0.0,false,lata
135,Spaten_Lata,Viamao,VIA_L1,11,-0.0,false,lata
135,Spaten_Lata,Viamao,VIA_L1,12,-0.0,false,lata
135,Spaten_Lata,Viamao,VIA_L1,13,-0.0,false,lata
135,Spaten_Lata,Viamao,VIA_L1,14,-0.0,false,lata
135,Spaten_Lata,Viamao,VIA_L1,15,-0.0,false,lata
135,Spaten_Lata,Viamao,VIA_L2,1,-0.0,false,lata
135,Spaten_Lata,Viamao,VIA_L2,2,-0.0,false,lata
135,Spaten_Lata,Viamao,VIA_L2,3,-999999.9470900501,false,lata
135,Spaten_Lata,Viamao,VIA_L2,4,-0.0,false,lata
135,Spaten_Lata,Viamao,VIA_L2,5,-0.0,false,lata
135,Spaten_Lata,Viamao,VIA_L2,6,-0.0,false,lata
135,Spaten_Lata,Viamao,VIA_L2,7,-999999.8865616502,false,lata
135,Spaten_Lata,Viamao,VIA_L2,8,-0.0,false,lata
135,Spaten_Lata,Viamao,VIA_L2,9,-0.0,false,lata
135,Spaten_Lata,Viamao,VIA_L2,10,-0.0,false,lata
135,Spaten_Lata,Viamao,VIA_L2,11,-0.0,false,lata
135,Spaten_Lata,Viamao,VIA_L2,12,-0.0,false,lata
135,Spaten_Lata,Viamao,VIA_L2,13,-0.0,false,lata
135,Spaten_Lata,Viamao,VIA_L2,14,-0.0,false,lata
135,Spaten_Lata,Viamao,VIA_L2,15,-0.0,false,lata
135,Spaten_Lata,Viamao,VIA_L3,1,-0.0,false,lata
135,Spaten_Lata,Viamao,VIA_L3,2,-0.0,false,lata
135,Spaten_Lata,Viamao,VIA_L3,3,-0.0,false,lata
135,Spaten_Lata,Viamao,VIA_L3,4,-1.0e6,true,lata
135,Spaten_Lata,Viamao,VIA_L3,5,-0.0,false,lata
135,Spaten_Lata,Viamao,VIA_L3,6,-0.0,false,lata
135,Spaten_Lata,Viamao,VIA_L3,7,-999999.8865616502,false,lata
135,Spaten_Lata,Viamao,VIA_L3,8,-0.0,false,lata
135,Spaten_Lata,Viamao,VIA_L3,9,-0.0,false,lata
135,Spaten_Lata,Viamao,VIA_L3,10,-0.0,false,lata
135,Spaten_Lata,Viamao,VIA_L3,11,-0.0,false,lata
135,Spaten_Lata,Viamao,VIA_L3,12,-0.0,false,lata
135,Spaten_Lata,Viamao,VIA_L3,13,-0.0,false,lata
135,Spaten_Lata,Viamao,VIA_L3,14,-0.0,false,lata
135,Spaten_Lata,Viamao,VIA_L3,15,-0.0,false,lata
135,Spaten_Lata,Itupeva,ITU_L1,1,-0.0,false,lata
135,Spaten_Lata,Itupeva,ITU_L1,2,-0.0,false,lata
135,Spaten_Lata,Itupeva,ITU_L1,3,-0.0,false,lata
135,Spaten_Lata,Itupeva,ITU_L1,4,-0.0,false,lata
135,Spaten_Lata,Itupeva,ITU_L1,5,-0.0,false,lata
135,Spaten_Lata,Itupeva,ITU_L1,6,-0.0,false,lata
135,Spaten_Lata,Itupeva,ITU_L1,7,-0.0,false,lata
135,Spaten_Lata,Itupeva,ITU_L1,8,-0.0,false,lata
135,Spaten_Lata,Itupeva,ITU_L1,9,-0.0,false,lata
135,Spaten_Lata,Itupeva,ITU_L1,10,-0.0,false,lata
135,Spaten_Lata,Itupeva,ITU_L1,11,-0.0,false,lata
135,Spaten_Lata,Itupeva,ITU_L1,12,-0.0,false,lata
135,Spaten_Lata,Itupeva,ITU_L1,13,-0.0,false,lata
135,Spaten_Lata,Itupeva,ITU_L1,14,-0.0,false,lata
135,Spaten_Lata,Itupeva,ITU_L1,15,-0.0,false,lata
135,Spaten_Lata,Itupeva,ITU_L2,1,-0.0,false,lata
135,Spaten_Lata,Itupeva,ITU_L2,2,-0.0,false,lata
135,Spaten_Lata,Itupeva,ITU_L2,3,-0.0,false,lata
135,Spaten_Lata,Itupeva,ITU_L2,4,-0.0,false,lata
135,Spaten_Lata,Itupeva,ITU_L2,5,-0.0,false,lata
135,Spaten_Lata,Itupeva,ITU_L2,6,-0.0,false,lata
135,Spaten_Lata,Itupeva,ITU_L2,7,-0.0,false,lata
135,Spaten_Lata,Itupeva,ITU_L2,8,-0.0,false,lata
135,Spaten_Lata,Itupeva,ITU_L2,9,-0.0,false,lata
135,Spaten_Lata,Itupeva,ITU_L2,10,-0.0,false,lata
135,Spaten_Lata,Itupeva,ITU_L2,11,-0.0,false,lata
135,Spaten_Lata,Itupeva,ITU_L2,12,-1.0e6,true,lata
135,Spaten_Lata,Itupeva,ITU_L2,13,-0.0,false,lata
135,Spaten_Lata,Itupeva,ITU_L2,14,-0.0,false,lata
135,Spaten_Lata,Itupeva,ITU_L2,15,-0.0,false,lata
135,Spaten_Lata,Itupeva,ITU_L3,1,-0.0,false,lata
135,Spaten_Lata,Itupeva,ITU_L3,2,-0.0,false,lata
135,Spaten_Lata,Itupeva,ITU_L3,3,-0.0,false,lata
135,Spaten_Lata,Itupeva,ITU_L3,4,-0.0,false,lata
135,Spaten_Lata,Itupeva,ITU_L3,5,-0.0,false,lata
135,Spaten_Lata,Itupeva,ITU_L3,6,-0.0,false,lata
135,Spaten_Lata,Itupeva,ITU_L3,7,-0.0,false,lata
135,Spaten_Lata,Itupeva,ITU_L3,8,-0.0,false,lata
135,Spaten_Lata,Itupeva,ITU_L3,9,-0.0,false,lata
135,Spaten_Lata,Itupeva,ITU_L3,10,-0.0,false,lata
135,Spaten_Lata,Itupeva,ITU_L3,11,-0.0,false,lata
135,Spaten_Lata,Itupeva,ITU_L3,12,-0.0,false,lata
135,Spaten_Lata,Itupeva,ITU_L3,13,-0.0,false,lata
135,Spaten_Lata,Itupeva,ITU_L3,14,-0.0,false,lata
135,Spaten_Lata,Itupeva,ITU_L3,15,-0.0,false,lata
135,Spaten_Lata,Cabo de Santo Agostinho,CAB_L1,1,-0.0,false,lata
135,Spaten_Lata,Cabo de Santo Agostinho,CAB_L1,2,-0.0,false,lata
135,Spaten_Lata,Cabo de Santo Agostinho,CAB_L1,3,-0.0,false,lata
135,Spaten_Lata,Cabo de Santo Agostinho,CAB_L1,4,-0.0,false,lata
135,Spaten_Lata,Cabo de Santo Agostinho,CAB_L1,5,-999999.9287036998,false,lata
135,Spaten_Lata,Cabo de Santo Agostinho,CAB_L1,6,-0.0,false,lata
135,Spaten_Lata,Cabo de Santo Agostinho,CAB_L1,7,-0.0,false,lata
135,Spaten_Lata,Cabo de Santo Agostinho,CAB_L1,8,-0.0,false,lata
135,Spaten_Lata,Cabo de Santo Agostinho,CAB_L1,9,-0.0,false,lata
135,Spaten_Lata,Cabo de Santo Agostinho,CAB_L1,10,-0.0,false,lata
135,Spaten_Lata,Cabo de Santo Agostinho,CAB_L1,11,-0.0,false,lata
135,Spaten_Lata,Cabo de Santo Agostinho,CAB_L1,12,-1.0e6,true,lata
135,Spaten_Lata,Cabo de Santo Agostinho,CAB_L1,13,-0.0,false,lata
135,Spaten_Lata,Cabo de Santo Agostinho,CAB_L1,14,-0.0,false,lata
135,Spaten_Lata,Cabo de Santo Agostinho,CAB_L1,15,-0.0,false,lata
135,Spaten_Lata,Cabo de Santo Agostinho,CAB_L2,1,-0.0,false,lata
135,Spaten_Lata,Cabo de Santo Agostinho,CAB_L2,2,-0.0,false,lata
135,Spaten_Lata,Cabo de Santo Agostinho,CAB_L2,3,-0.0,false,lata
135,Spaten_Lata,Cabo de Santo Agostinho,CAB_L2,4,-0.0,false,lata
135,Spaten_Lata,Cabo de Santo Agostinho,CAB_L2,5,-0.0,false,lata
135,Spaten_Lata,Cabo de Santo Agostinho,CAB_L2,6,-0.0,false,lata
135,Spaten_Lata,Cabo de Santo Agostinho,CAB_L2,7,-0.0,false,lata
135,Spaten_Lata,Cabo de Santo Agostinho,CAB_L2,8,-0.0,false,lata
135,Spaten_Lata,Cabo de Santo Agostinho,CAB_L2,9,-0.0,false,lata
135,Spaten_Lata,Cabo de Santo Agostinho,CAB_L2,10,-0.0,false,lata
135,Spaten_Lata,Cabo de Santo Agostinho,CAB_L2,11,-0.0,false,lata
135,Spaten_Lata,Cabo de Santo Agostinho,CAB_L2,12,-0.0,false,lata
135,Spaten_Lata,Cabo de Santo Agostinho,CAB_L2,13,-0.0,false,lata
135,Spaten_Lata,Cabo de Santo Agostinho,CAB_L2,14,-0.0,false,lata
135,Spaten_Lata,Cabo de Santo Agostinho,CAB_L2,15,-0.0,false,lata
135,Spaten_Lata,Cabo de Santo Agostinho,CAB_L3,1,-0.0,false,lata
135,Spaten_Lata,Cabo de Santo Agostinho,CAB_L3,2,-0.0,false,lata
135,Spaten_Lata,Cabo de Santo Agostinho,CAB_L3,3,-0.0,false,lata
135,Spaten_Lata,Cabo de Santo Agostinho,CAB_L3,4,-0.0,false,lata
135,Spaten_Lata,Cabo de Santo Agostinho,CAB_L3,5,-0.0,false,lata
135,Spaten_Lata,Cabo de Santo Agostinho,CAB_L3,6,-0.0,false,lata
135,Spaten_Lata,Cabo de Santo Agostinho,CAB_L3,7,-0.0,false,lata
135,Spaten_Lata,Cabo de Santo Agostinho,CAB_L3,8,-0.0,false,lata
135,Spaten_Lata,Cabo de Santo Agostinho,CAB_L3,9,-0.0,false,lata
135,Spaten_Lata,Cabo de Santo Agostinho,CAB_L3,10,-0.0,false,lata
135,Spaten_Lata,Cabo de Santo Agostinho,CAB_L3,11,-0.0,false,lata
135,Spaten_Lata,Cabo de Santo Agostinho,CAB_L3,12,-0.0,false,lata
135,Spaten_Lata,Cabo de Santo Agostinho,CAB_L3,13,-0.0,false,lata
135,Spaten_Lata,Cabo de Santo Agostinho,CAB_L3,14,-0.0,false,lata
135,Spaten_Lata,Cabo de Santo Agostinho,CAB_L3,15,-0.0,false,lata
135,Fanta_Laranja,Jacarei,JAC_L1,1,-0.0,false,lata
135,Fanta_Laranja,Jacarei,JAC_L1,2,-0.0,false,lata
135,Fanta_Laranja,Jacarei,JAC_L1,3,-0.0,false,lata
135,Fanta_Laranja,Jacarei,JAC_L1,4,-0.0,false,lata
135,Fanta_Laranja,Jacarei,JAC_L1,5,-0.0,false,lata
135,Fanta_Laranja,Jacarei,JAC_L1,6,-0.0,false,lata
135,Fanta_Laranja,Jacarei,JAC_L1,7,-0.0,false,lata
135,Fanta_Laranja,Jacarei,JAC_L1,8,-0.0,false,lata
135,Fanta_Laranja,Jacarei,JAC_L1,9,-0.0,false,lata
135,Fanta_Laranja,Jacarei,JAC_L1,10,-0.0,false,lata
135,Fanta_Laranja,Jacarei,JAC_L1,11,-0.0,false,lata
135,Fanta_Laranja,Jacarei,JAC_L1,12,-0.0,false,lata
135,Fanta_Laranja,Jacarei,JAC_L1,13,-0.0,false,lata
135,Fanta_Laranja,Jacarei,JAC_L1,14,-0.0,false,lata
135,Fanta_Laranja,Jacarei,JAC_L1,15,-0.0,false,lata
135,Fanta_Laranja,Jacarei,JAC_L2,1,-0.0,false,lata
135,Fanta_Laranja,Jacarei,JAC_L2,2,-0.0,false,lata
135,Fanta_Laranja,Jacarei,JAC_L2,3,-0.0,false,lata
135,Fanta_Laranja,Jacarei,JAC_L2,4,-0.0,false,lata
135,Fanta_Laranja,Jacarei,JAC_L2,5,-0.0,false,lata
135,Fanta_Laranja,Jacarei,JAC_L2,6,-0.0,false,lata
135,Fanta_Laranja,Jacarei,JAC_L2,7,-0.0,false,lata
135,Fanta_Laranja,Jacarei,JAC_L2,8,-0.0,false,lata
135,Fanta_Laranja,Jacarei,JAC_L2,9,-0.0,false,lata
135,Fanta_Laranja,Jacarei,JAC_L2,10,-0.0,false,lata
135,Fanta_Laranja,Jacarei,JAC_L2,11,-0.0,false,lata
135,Fanta_Laranja,Jacarei,JAC_L2,12,-0.0,false,lata
135,Fanta_Laranja,Jacarei,JAC_L2,13,-0.0,false,lata
135,Fanta_Laranja,Jacarei,JAC_L2,14,-0.0,false,lata
135,Fanta_Laranja,Jacarei,JAC_L2,15,-0.0,false,lata
135,Fanta_Laranja,Jacarei,JAC_L3,1,-0.0,false,lata
135,Fanta_Laranja,Jacarei,JAC_L3,2,-0.0,false,lata
135,Fanta_Laranja,Jacarei,JAC_L3,3,-0.0,false,lata
135,Fanta_Laranja,Jacarei,JAC_L3,4,-0.0,false,lata
135,Fanta_Laranja,Jacarei,JAC_L3,5,-0.0,false,lata
135,Fanta_Laranja,Jacarei,JAC_L3,6,-0.0,false,lata
135,Fanta_Laranja,Jacarei,JAC_L3,7,-0.0,false,lata
135,Fanta_Laranja,Jacarei,JAC_L3,8,-0.0,false,lata
135,Fanta_Laranja,Jacarei,JAC_L3,9,-0.0,false,lata
135,Fanta_Laranja,Jacarei,JAC_L3,10,-0.0,false,lata
135,Fanta_Laranja,Jacarei,JAC_L3,11,-1.0e6,true,lata
135,Fanta_Laranja,Jacarei,JAC_L3,12,-1.0e6,true,lata
135,Fanta_Laranja,Jacarei,JAC_L3,13,-0.0,false,lata
135,Fanta_Laranja,Jacarei,JAC_L3,14,-0.0,false,lata
135,Fanta_Laranja,Jacarei,JAC_L3,15,-0.0,false,lata
135,Fanta_Laranja,Extrema,EXT_L1,1,-0.0,false,lata
135,Fanta_Laranja,Extrema,EXT_L1,2,-1.0e6,true,lata
135,Fanta_Laranja,Extrema,EXT_L1,3,-0.0,false,lata
135,Fanta_Laranja,Extrema,EXT_L1,4,-0.0,false,lata
135,Fanta_Laranja,Extrema,EXT_L1,5,-0.0,false,lata
135,Fanta_Laranja,Extrema,EXT_L1,6,-0.0,false,lata
135,Fanta_Laranja,Extrema,EXT_L1,7,-0.0,false,lata
135,Fanta_Laranja,Extrema,EXT_L1,8,-0.0,false,lata
135,Fanta_Laranja,Extrema,EXT_L1,9,-0.0,false,lata
135,Fanta_Laranja,Extrema,EXT_L1,10,-0.0,false,lata
135,Fanta_Laranja,Extrema,EXT_L1,11,-0.0,false,lata
135,Fanta_Laranja,Extrema,EXT_L1,12,-999999.99819295,false,lata
135,Fanta_Laranja,Extrema,EXT_L1,13,-0.0,false,lata
135,Fanta_Laranja,Extrema,EXT_L1,14,-0.0,false,lata
135,Fanta_Laranja,Extrema,EXT_L1,15,-0.0,false,lata
135,Fanta_Laranja,Extrema,EXT_L2,1,-0.0,false,lata
135,Fanta_Laranja,Extrema,EXT_L2,2,-0.0,false,lata
135,Fanta_Laranja,Extrema,EXT_L2,3,-1.0e6,true,lata
135,Fanta_Laranja,Extrema,EXT_L2,4,-0.0,false,lata
135,Fanta_Laranja,Extrema,EXT_L2,5,-1.0e6,true,lata
135,Fanta_Laranja,Extrema,EXT_L2,6,-0.0,false,lata
135,Fanta_Laranja,Extrema,EXT_L2,7,-0.0,false,lata
135,Fanta_Laranja,Extrema,EXT_L2,8,-0.0,false,lata
135,Fanta_Laranja,Extrema,EXT_L2,9,-0.0,false,lata
135,Fanta_Laranja,Extrema,EXT_L2,10,-1.0e6,true,lata
135,Fanta_Laranja,Extrema,EXT_L2,11,-0.0,false,lata
135,Fanta_Laranja,Extrema,EXT_L2,12,-0.0,false,lata
135,Fanta_Laranja,Extrema,EXT_L2,13,-0.0,false,lata
135,Fanta_Laranja,Extrema,EXT_L2,14,-0.0,false,lata
135,Fanta_Laranja,Extrema,EXT_L2,15,-0.0,false,lata
135,Fanta_Laranja,Extrema,EXT_L3,1,-0.0,false,lata
135,Fanta_Laranja,Extrema,EXT_L3,2,-0.0,false,lata
135,Fanta_Laranja,Extrema,EXT_L3,3,-0.0,false,lata
135,Fanta_Laranja,Extrema,EXT_L3,4,-0.0,false,lata
135,Fanta_Laranja,Extrema,EXT_L3,5,-0.0,false,lata
135,Fanta_Laranja,Extrema,EXT_L3,6,-0.0,false,lata
135,Fanta_Laranja,Extrema,EXT_L3,7,-0.0,false,lata
135,Fanta_Laranja,Extrema,EXT_L3,8,-0.0,false,lata
135,Fanta_Laranja,Extrema,EXT_L3,9,-0.0,false,lata
135,Fanta_Laranja,Extrema,EXT_L3,10,-0.0,false,lata
135,Fanta_Laranja,Extrema,EXT_L3,11,-0.0,false,lata
135,Fanta_Laranja,Extrema,EXT_L3,12,-0.0,false,lata
135,Fanta_Laranja,Extrema,EXT_L3,13,-0.0,false,lata
135,Fanta_Laranja,Extrema,EXT_L3,14,-0.0,false,lata
135,Fanta_Laranja,Extrema,EXT_L3,15,-0.0,false,lata
135,Fanta_Laranja,Tres Rios,TRE_L1,1,-0.0,false,lata
135,Fanta_Laranja,Tres Rios,TRE_L1,2,-0.0,false,lata
135,Fanta_Laranja,Tres Rios,TRE_L1,3,-0.0,false,lata
135,Fanta_Laranja,Tres Rios,TRE_L1,4,-0.0,false,lata
135,Fanta_Laranja,Tres Rios,TRE_L1,5,-0.0,false,lata
135,Fanta_Laranja,Tres Rios,TRE_L1,6,-0.0,false,lata
135,Fanta_Laranja,Tres Rios,TRE_L1,7,-0.0,false,lata
135,Fanta_Laranja,Tres Rios,TRE_L1,8,-0.0,false,lata
135,Fanta_Laranja,Tres Rios,TRE_L1,9,-0.0,false,lata
135,Fanta_Laranja,Tres Rios,TRE_L1,10,-0.0,false,lata
135,Fanta_Laranja,Tres Rios,TRE_L1,11,-0.0,false,lata
135,Fanta_Laranja,Tres Rios,TRE_L1,12,-0.0,false,lata
135,Fanta_Laranja,Tres Rios,TRE_L1,13,-0.0,false,lata
135,Fanta_Laranja,Tres Rios,TRE_L1,14,-0.0,false,lata
135,Fanta_Laranja,Tres Rios,TRE_L1,15,-0.0,false,lata
135,Fanta_Laranja,Tres Rios,TRE_L2,1,-0.0,false,lata
135,Fanta_Laranja,Tres Rios,TRE_L2,2,-0.0,false,lata
135,Fanta_Laranja,Tres Rios,TRE_L2,3,-0.0,false,lata
135,Fanta_Laranja,Tres Rios,TRE_L2,4,-0.0,false,lata
135,Fanta_Laranja,Tres Rios,TRE_L2,5,-0.0,false,lata
135,Fanta_Laranja,Tres Rios,TRE_L2,6,-0.0,false,lata
135,Fanta_Laranja,Tres Rios,TRE_L2,7,-0.0,false,lata
135,Fanta_Laranja,Tres Rios,TRE_L2,8,-0.0,false,lata
135,Fanta_Laranja,Tres Rios,TRE_L2,9,-0.0,false,lata
135,Fanta_Laranja,Tres Rios,TRE_L2,10,-0.0,false,lata
135,Fanta_Laranja,Tres Rios,TRE_L2,11,-0.0,false,lata
135,Fanta_Laranja,Tres Rios,TRE_L2,12,-0.0,false,lata
135,Fanta_Laranja,Tres Rios,TRE_L2,13,-0.0,false,lata
135,Fanta_Laranja,Tres Rios,TRE_L2,14,-0.0,false,lata
135,Fanta_Laranja,Tres Rios,TRE_L2,15,-0.0,false,lata
135,Fanta_Laranja,Tres Rios,TRE_L3,1,-0.0,false,lata
135,Fanta_Laranja,Tres Rios,TRE_L3,2,-0.0,false,lata
135,Fanta_Laranja,Tres Rios,TRE_L3,3,-0.0,false,lata
135,Fanta_Laranja,Tres Rios,TRE_L3,4,-0.0,false,lata
135,Fanta_Laranja,Tres Rios,TRE_L3,5,-0.0,false,lata
135,Fanta_Laranja,Tres Rios,TRE_L3,6,-0.0,false,lata
135,Fanta_Laranja,Tres Rios,TRE_L3,7,-0.0,false,lata
135,Fanta_Laranja,Tres Rios,TRE_L3,8,-0.0,false,lata
135,Fanta_Laranja,Tres Rios,TRE_L3,9,-0.0,false,lata
135,Fanta_Laranja,Tres Rios,TRE_L3,10,-0.0,false,lata
135,Fanta_Laranja,Tres Rios,TRE_L3,11,-0.0,false,lata
135,Fanta_Laranja,Tres Rios,TRE_L3,12,-0.0,false,lata
135,Fanta_Laranja,Tres Rios,TRE_L3,13,-0.0,false,lata
135,Fanta_Laranja,Tres Rios,TRE_L3,14,-0.0,false,lata
135,Fanta_Laranja,Tres Rios,TRE_L3,15,-0.0,false,lata
135,Fanta_Laranja,Alagoinhas,ALA_L1,1,-0.0,false,lata
135,Fanta_Laranja,Alagoinhas,ALA_L1,2,-0.0,false,lata
135,Fanta_Laranja,Alagoinhas,ALA_L1,3,-0.0,false,lata
135,Fanta_Laranja,Alagoinhas,ALA_L1,4,-0.0,false,lata
135,Fanta_Laranja,Alagoinhas,ALA_L1,5,-0.0,false,lata
135,Fanta_Laranja,Alagoinhas,ALA_L1,6,-0.0,false,lata
135,Fanta_Laranja,Alagoinhas,ALA_L1,7,-0.0,false,lata
135,Fanta_Laranja,Alagoinhas,ALA_L1,8,-0.0,false,lata
135,Fanta_Laranja,Alagoinhas,ALA_L1,9,-0.0,false,lata
135,Fanta_Laranja,Alagoinhas,ALA_L1,10,-0.0,false,lata
135,Fanta_Laranja,Alagoinhas,ALA_L1,11,-0.0,false,lata
135,Fanta_Laranja,Alagoinhas,ALA_L1,12,-0.0,false,lata
135,Fanta_Laranja,Alagoinhas,ALA_L1,13,-0.0,false,lata
135,Fanta_Laranja,Alagoinhas,ALA_L1,14,-0.0,false,lata
135,Fanta_Laranja,Alagoinhas,ALA_L1,15,-0.0,false,lata
135,Fanta_Laranja,Alagoinhas,ALA_L2,1,-0.0,false,lata
135,Fanta_Laranja,Alagoinhas,ALA_L2,2,-0.0,false,lata
135,Fanta_Laranja,Alagoinhas,ALA_L2,3,-0.0,false,lata
135,Fanta_Laranja,Alagoinhas,ALA_L2,4,-0.0,false,lata
135,Fanta_Laranja,Alagoinhas,ALA_L2,5,-0.0,false,lata
135,Fanta_Laranja,Alagoinhas,ALA_L2,6,-0.0,false,lata
135,Fanta_Laranja,Alagoinhas,ALA_L2,7,-0.0,false,lata
135,Fanta_Laranja,Alagoinhas,ALA_L2,8,-0.0,false,lata
135,Fanta_Laranja,Alagoinhas,ALA_L2,9,-0.0,false,lata
135,Fanta_Laranja,Alagoinhas,ALA_L2,10,-0.0,false,lata
135,Fanta_Laranja,Alagoinhas,ALA_L2,11,-0.0,false,lata
135,Fanta_Laranja,Alagoinhas,ALA_L2,12,-0.0,false,lata
135,Fanta_Laranja,Alagoinhas,ALA_L2,13,-0.0,false,lata
135,Fanta_Laranja,Alagoinhas,ALA_L2,14,-0.0,false,lata
135,Fanta_Laranja,Alagoinhas,ALA_L2,15,-0.0,false,lata
135,Fanta_Laranja,Alagoinhas,ALA_L3,1,-0.0,false,lata
135,Fanta_Laranja,Alagoinhas,ALA_L3,2,-0.0,false,lata
135,Fanta_Laranja,Alagoinhas,ALA_L3,3,-0.0,false,lata
135,Fanta_Laranja,Alagoinhas,ALA_L3,4,-0.0,false,lata
135,Fanta_Laranja,Alagoinhas,ALA_L3,5,-1.0e6,true,lata
135,Fanta_Laranja,Alagoinhas,ALA_L3,6,-0.0,false,lata
135,Fanta_Laranja,Alagoinhas,ALA_L3,7,-0.0,false,lata
135,Fanta_Laranja,Alagoinhas,ALA_L3,8,-0.0,false,lata
135,Fanta_Laranja,Alagoinhas,ALA_L3,9,-0.0,false,lata
135,Fanta_Laranja,Alagoinhas,ALA_L3,10,-0.0,false,lata
135,Fanta_Laranja,Alagoinhas,ALA_L3,11,-0.0,false,lata
135,Fanta_Laranja,Alagoinhas,ALA_L3,12,-0.0,false,lata
135,Fanta_Laranja,Alagoinhas,ALA_L3,13,-0.0,false,lata
135,Fanta_Laranja,Alagoinhas,ALA_L3,14,-0.0,false,lata
135,Fanta_Laranja,Alagoinhas,ALA_L3,15,-0.0,false,lata
135,Fanta_Laranja,Frutal,FRU_L1,1,-0.0,false,lata
135,Fanta_Laranja,Frutal,FRU_L1,2,-0.0,false,lata
135,Fanta_Laranja,Frutal,FRU_L1,3,-0.0,false,lata
135,Fanta_Laranja,Frutal,FRU_L1,4,-0.0,false,lata
135,Fanta_Laranja,Frutal,FRU_L1,5,-0.0,false,lata
135,Fanta_Laranja,Frutal,FRU_L1,6,-0.0,false,lata
135,Fanta_Laranja,Frutal,FRU_L1,7,-0.0,false,lata
135,Fanta_Laranja,Frutal,FRU_L1,8,-0.0,false,lata
135,Fanta_Laranja,Frutal,FRU_L1,9,-0.0,false,lata
135,Fanta_Laranja,Frutal,FRU_L1,10,-0.0,false,lata
135,Fanta_Laranja,Frutal,FRU_L1,11,-0.0,false,lata
135,Fanta_Laranja,Frutal,FRU_L1,12,-0.0,false,lata
135,Fanta_Laranja,Frutal,FRU_L1,13,-0.0,false,lata
135,Fanta_Laranja,Frutal,FRU_L1,14,-0.0,false,lata
135,Fanta_Laranja,Frutal,FRU_L1,15,-999999.8376560999,false,lata
135,Fanta_Laranja,Frutal,FRU_L2,1,-0.0,false,lata
135,Fanta_Laranja,Frutal,FRU_L2,2,-0.0,false,lata
135,Fanta_Laranja,Frutal,FRU_L2,3,-0.0,false,lata
135,Fanta_Laranja,Frutal,FRU_L2,4,-0.0,false,lata
135,Fanta_Laranja,Frutal,FRU_L2,5,-0.0,false,lata
135,Fanta_Laranja,Frutal,FRU_L2,6,-0.0,false,lata
135,Fanta_Laranja,Frutal,FRU_L2,7,-0.0,false,lata
135,Fanta_Laranja,Frutal,FRU_L2,8,-0.0,false,lata
135,Fanta_Laranja,Frutal,FRU_L2,9,-0.0,false,lata
135,Fanta_Laranja,Frutal,FRU_L2,10,-0.0,false,lata
135,Fanta_Laranja,Frutal,FRU_L2,11,-0.0,false,lata
135,Fanta_Laranja,Frutal,FRU_L2,12,-0.0,false,lata
135,Fanta_Laranja,Frutal,FRU_L2,13,-0.0,false,lata
135,Fanta_Laranja,Frutal,FRU_L2,14,-0.0,false,lata
135,Fanta_Laranja,Frutal,FRU_L2,15,-0.0,false,lata
135,Fanta_Laranja,Frutal,FRU_L3,1,-0.0,false,lata
135,Fanta_Laranja,Frutal,FRU_L3,2,-0.0,false,lata
135,Fanta_Laranja,Frutal,FRU_L3,3,-0.0,false,lata
135,Fanta_Laranja,Frutal,FRU_L3,4,-0.0,false,lata
135,Fanta_Laranja,Frutal,FRU_L3,5,-0.0,false,lata
135,Fanta_Laranja,Frutal,FRU_L3,6,-0.0,false,lata
135,Fanta_Laranja,Frutal,FRU_L3,7,-0.0,false,lata
135,Fanta_Laranja,Frutal,FRU_L3,8,-0.0,false,lata
135,Fanta_Laranja,Frutal,FRU_L3,9,-0.0,false,lata
135,Fanta_Laranja,Frutal,FRU_L3,10,-0.0,false,lata
135,Fanta_Laranja,Frutal,FRU_L3,11,-0.0,false,lata
135,Fanta_Laranja,Frutal,FRU_L3,12,-0.0,false,lata
135,Fanta_Laranja,Frutal,FRU_L3,13,-0.0,false,lata
135,Fanta_Laranja,Frutal,FRU_L3,14,-0.0,false,lata
135,Fanta_Laranja,Frutal,FRU_L3,15,-0.0,false,lata
135,Fanta_Laranja,Pouso Alegre,POU_L1,1,-0.0,false,lata
135,Fanta_Laranja,Pouso Alegre,POU_L1,2,-0.0,false,lata
135,Fanta_Laranja,Pouso Alegre,POU_L1,3,-0.0,false,lata
135,Fanta_Laranja,Pouso Alegre,POU_L1,4,-0.0,false,lata
135,Fanta_Laranja,Pouso Alegre,POU_L1,5,-0.0,false,lata
135,Fanta_Laranja,Pouso Alegre,POU_L1,6,-0.0,false,lata
135,Fanta_Laranja,Pouso Alegre,POU_L1,7,-0.0,false,lata
135,Fanta_Laranja,Pouso Alegre,POU_L1,8,-0.0,false,lata
135,Fanta_Laranja,Pouso Alegre,POU_L1,9,-0.0,false,lata
135,Fanta_Laranja,Pouso Alegre,POU_L1,10,-0.0,false,lata
135,Fanta_Laranja,Pouso Alegre,POU_L1,11,-0.0,false,lata
135,Fanta_Laranja,Pouso Alegre,POU_L1,12,-0.0,false,lata
135,Fanta_Laranja,Pouso Alegre,POU_L1,13,-0.0,false,lata
135,Fanta_Laranja,Pouso Alegre,POU_L1,14,-0.0,false,lata
135,Fanta_Laranja,Pouso Alegre,POU_L1,15,-0.0,false,lata
135,Fanta_Laranja,Pouso Alegre,POU_L2,1,-0.0,false,lata
135,Fanta_Laranja,Pouso Alegre,POU_L2,2,-0.0,false,lata
135,Fanta_Laranja,Pouso Alegre,POU_L2,3,-0.0,false,lata
135,Fanta_Laranja,Pouso Alegre,POU_L2,4,-0.0,false,lata
135,Fanta_Laranja,Pouso Alegre,POU_L2,5,-0.0,false,lata
135,Fanta_Laranja,Pouso Alegre,POU_L2,6,-0.0,false,lata
135,Fanta_Laranja,Pouso Alegre,POU_L2,7,-0.0,false,lata
135,Fanta_Laranja,Pouso Alegre,POU_L2,8,-0.0,false,lata
135,Fanta_Laranja,Pouso Alegre,POU_L2,9,-0.0,false,lata
135,Fanta_Laranja,Pouso Alegre,POU_L2,10,-1.0e6,true,lata
135,Fanta_Laranja,Pouso Alegre,POU_L2,11,-0.0,false,lata
135,Fanta_Laranja,Pouso Alegre,POU_L2,12,-0.0,false,lata
135,Fanta_Laranja,Pouso Alegre,POU_L2,13,-0.0,false,lata
135,Fanta_Laranja,Pouso Alegre,POU_L2,14,-0.0,false,lata
135,Fanta_Laranja,Pouso Alegre,POU_L2,15,-0.0,false,lata
135,Fanta_Laranja,Pouso Alegre,POU_L3,1,-0.0,false,lata
135,Fanta_Laranja,Pouso Alegre,POU_L3,2,-0.0,false,lata
135,Fanta_Laranja,Pouso Alegre,POU_L3,3,-0.0,false,lata
135,Fanta_Laranja,Pouso Alegre,POU_L3,4,-0.0,false,lata
135,Fanta_Laranja,Pouso Alegre,POU_L3,5,-0.0,false,lata
135,Fanta_Laranja,Pouso Alegre,POU_L3,6,-0.0,false,lata
135,Fanta_Laranja,Pouso Alegre,POU_L3,7,-0.0,false,lata
135,Fanta_Laranja,Pouso Alegre,POU_L3,8,-0.0,false,lata
135,Fanta_Laranja,Pouso Alegre,POU_L3,9,-0.0,false,lata
135,Fanta_Laranja,Pouso Alegre,POU_L3,10,-0.0,false,lata
135,Fanta_Laranja,Pouso Alegre,POU_L3,11,-0.0,false,lata
135,Fanta_Laranja,Pouso Alegre,POU_L3,12,-0.0,false,lata
135,Fanta_Laranja,Pouso Alegre,POU_L3,13,-0.0,false,lata
135,Fanta_Laranja,Pouso Alegre,POU_L3,14,-0.0,false,lata
135,Fanta_Laranja,Pouso Alegre,POU_L3,15,-0.0,false,lata
135,Fanta_Laranja,Gama,GAM_L1,1,-0.0,false,lata
135,Fanta_Laranja,Gama,GAM_L1,2,-0.0,false,lata
135,Fanta_Laranja,Gama,GAM_L1,3,-0.0,false,lata
135,Fanta_Laranja,Gama,GAM_L1,4,-0.0,false,lata
135,Fanta_Laranja,Gama,GAM_L1,5,-0.0,false,lata
135,Fanta_Laranja,Gama,GAM_L1,6,-0.0,false,lata
135,Fanta_Laranja,Gama,GAM_L1,7,-0.0,false,lata
135,Fanta_Laranja,Gama,GAM_L1,8,-1.0e6,true,lata
135,Fanta_Laranja,Gama,GAM_L1,9,-0.0,false,lata
135,Fanta_Laranja,Gama,GAM_L1,10,-0.0,false,lata
135,Fanta_Laranja,Gama,GAM_L1,11,-0.0,false,lata
135,Fanta_Laranja,Gama,GAM_L1,12,-0.0,false,lata
135,Fanta_Laranja,Gama,GAM_L1,13,-0.0,false,lata
135,Fanta_Laranja,Gama,GAM_L1,14,-0.0,false,lata
135,Fanta_Laranja,Gama,GAM_L1,15,-0.0,false,lata
135,Fanta_Laranja,Gama,GAM_L2,1,-0.0,false,lata
135,Fanta_Laranja,Gama,GAM_L2,2,-0.0,false,lata
135,Fanta_Laranja,Gama,GAM_L2,3,-0.0,false,lata
135,Fanta_Laranja,Gama,GAM_L2,4,-0.0,false,lata
135,Fanta_Laranja,Gama,GAM_L2,5,-0.0,false,lata
135,Fanta_Laranja,Gama,GAM_L2,6,-0.0,false,lata
135,Fanta_Laranja,Gama,GAM_L2,7,-0.0,false,lata
135,Fanta_Laranja,Gama,GAM_L2,8,-0.0,false,lata
135,Fanta_Laranja,Gama,GAM_L2,9,-0.0,false,lata
135,Fanta_Laranja,Gama,GAM_L2,10,-0.0,false,lata
135,Fanta_Laranja,Gama,GAM_L2,11,-0.0,false,lata
135,Fanta_Laranja,Gama,GAM_L2,12,-0.0,false,lata
135,Fanta_Laranja,Gama,GAM_L2,13,-0.0,false,lata
135,Fanta_Laranja,Gama,GAM_L2,14,-0.0,false,lata
135,Fanta_Laranja,Gama,GAM_L2,15,-0.0,false,lata
135,Fanta_Laranja,Gama,GAM_L3,1,-0.0,false,lata
135,Fanta_Laranja,Gama,GAM_L3,2,-0.0,false,lata
135,Fanta_Laranja,Gama,GAM_L3,3,-0.0,false,lata
135,Fanta_Laranja,Gama,GAM_L3,4,-0.0,false,lata
135,Fanta_Laranja,Gama,GAM_L3,5,-0.0,false,lata
135,Fanta_Laranja,Gama,GAM_L3,6,-0.0,false,lata
135,Fanta_Laranja,Gama,GAM_L3,7,-0.0,false,lata
135,Fanta_Laranja,Gama,GAM_L3,8,-0.0,false,lata
135,Fanta_Laranja,Gama,GAM_L3,9,-1.0e6,true,lata
135,Fanta_Laranja,Gama,GAM_L3,10,-0.0,false,lata
135,Fanta_Laranja,Gama,GAM_L3,11,-0.0,false,lata
135,Fanta_Laranja,Gama,GAM_L3,12,-0.0,false,lata
135,Fanta_Laranja,Gama,GAM_L3,13,-0.0,false,lata
135,Fanta_Laranja,Gama,GAM_L3,14,-0.0,false,lata
135,Fanta_Laranja,Gama,GAM_L3,15,-0.0,false,lata
135,Fanta_Laranja,Viamao,VIA_L1,1,-1.0e6,true,lata
135,Fanta_Laranja,Viamao,VIA_L1,2,-1.0e6,true,lata
135,Fanta_Laranja,Viamao,VIA_L1,3,-1.0e6,true,lata
135,Fanta_Laranja,Viamao,VIA_L1,4,-0.0,false,lata
135,Fanta_Laranja,Viamao,VIA_L1,5,-0.0,false,lata
135,Fanta_Laranja,Viamao,VIA_L1,6,-0.0,false,lata
135,Fanta_Laranja,Viamao,VIA_L1,7,-0.0,false,lata
135,Fanta_Laranja,Viamao,VIA_L1,8,-0.0,false,lata
135,Fanta_Laranja,Viamao,VIA_L1,9,-0.0,false,lata
135,Fanta_Laranja,Viamao,VIA_L1,10,-0.0,false,lata
135,Fanta_Laranja,Viamao,VIA_L1,11,-0.0,false,lata
135,Fanta_Laranja,Viamao,VIA_L1,12,-0.0,false,lata
135,Fanta_Laranja,Viamao,VIA_L1,13,-0.0,false,lata
135,Fanta_Laranja,Viamao,VIA_L1,14,-0.0,false,lata
135,Fanta_Laranja,Viamao,VIA_L1,15,-0.0,false,lata
135,Fanta_Laranja,Viamao,VIA_L2,1,-0.0,false,lata
135,Fanta_Laranja,Viamao,VIA_L2,2,-0.0,false,lata
135,Fanta_Laranja,Viamao,VIA_L2,3,-0.0,false,lata
135,Fanta_Laranja,Viamao,VIA_L2,4,-0.0,false,lata
135,Fanta_Laranja,Viamao,VIA_L2,5,-0.0,false,lata
135,Fanta_Laranja,Viamao,VIA_L2,6,-999999.9546036001,false,lata
135,Fanta_Laranja,Viamao,VIA_L2,7,-0.0,false,lata
135,Fanta_Laranja,Viamao,VIA_L2,8,-0.0,false,lata
135,Fanta_Laranja,Viamao,VIA_L2,9,-0.0,false,lata
135,Fanta_Laranja,Viamao,VIA_L2,10,-0.0,false,lata
135,Fanta_Laranja,Viamao,VIA_L2,11,-0.0,false,lata
135,Fanta_Laranja,Viamao,VIA_L2,12,-0.0,false,lata
135,Fanta_Laranja,Viamao,VIA_L2,13,-0.0,false,lata
135,Fanta_Laranja,Viamao,VIA_L2,14,-0.0,false,lata
135,Fanta_Laranja,Viamao,VIA_L2,15,-999999.8600419,false,lata
135,Fanta_Laranja,Viamao,VIA_L3,1,-0.0,false,lata
135,Fanta_Laranja,Viamao,VIA_L3,2,-0.0,false,lata
135,Fanta_Laranja,Viamao,VIA_L3,3,-0.0,false,lata
135,Fanta_Laranja,Viamao,VIA_L3,4,-0.0,false,lata
135,Fanta_Laranja,Viamao,VIA_L3,5,-0.0,false,lata
135,Fanta_Laranja,Viamao,VIA_L3,6,-0.0,false,lata
135,Fanta_Laranja,Viamao,VIA_L3,7,-0.0,false,lata
135,Fanta_Laranja,Viamao,VIA_L3,8,-0.0,false,lata
135,Fanta_Laranja,Viamao,VIA_L3,9,-1.0e6,true,lata
135,Fanta_Laranja,Viamao,VIA_L3,10,-0.0,false,lata
135,Fanta_Laranja,Viamao,VIA_L3,11,-0.0,false,lata
135,Fanta_Laranja,Viamao,VIA_L3,12,-0.0,false,lata
135,Fanta_Laranja,Viamao,VIA_L3,13,-0.0,false,lata
135,Fanta_Laranja,Viamao,VIA_L3,14,-0.0,false,lata
135,Fanta_Laranja,Viamao,VIA_L3,15,-0.0,false,lata
135,Fanta_Laranja,Itupeva,ITU_L1,1,-0.0,false,lata
135,Fanta_Laranja,Itupeva,ITU_L1,2,-0.0,false,lata
135,Fanta_Laranja,Itupeva,ITU_L1,3,-0.0,false,lata
135,Fanta_Laranja,Itupeva,ITU_L1,4,-1.0e6,true,lata
135,Fanta_Laranja,Itupeva,ITU_L1,5,-0.0,false,lata
135,Fanta_Laranja,Itupeva,ITU_L1,6,-0.0,false,lata
135,Fanta_Laranja,Itupeva,ITU_L1,7,-0.0,false,lata
135,Fanta_Laranja,Itupeva,ITU_L1,8,-0.0,false,lata
135,Fanta_Laranja,Itupeva,ITU_L1,9,-0.0,false,lata
135,Fanta_Laranja,Itupeva,ITU_L1,10,-0.0,false,lata
135,Fanta_Laranja,Itupeva,ITU_L1,11,-0.0,false,lata
135,Fanta_Laranja,Itupeva,ITU_L1,12,-0.0,false,lata
135,Fanta_Laranja,Itupeva,ITU_L1,13,-0.0,false,lata
135,Fanta_Laranja,Itupeva,ITU_L1,14,-0.0,false,lata
135,Fanta_Laranja,Itupeva,ITU_L1,15,-0.0,false,lata
135,Fanta_Laranja,Itupeva,ITU_L2,1,-0.0,false,lata
135,Fanta_Laranja,Itupeva,ITU_L2,2,-0.0,false,lata
135,Fanta_Laranja,Itupeva,ITU_L2,3,-0.0,false,lata
135,Fanta_Laranja,Itupeva,ITU_L2,4,-0.0,false,lata
135,Fanta_Laranja,Itupeva,ITU_L2,5,-0.0,false,lata
135,Fanta_Laranja,Itupeva,ITU_L2,6,-0.0,false,lata
135,Fanta_Laranja,Itupeva,ITU_L2,7,-0.0,false,lata
135,Fanta_Laranja,Itupeva,ITU_L2,8,-0.0,false,lata
135,Fanta_Laranja,Itupeva,ITU_L2,9,-0.0,false,lata
135,Fanta_Laranja,Itupeva,ITU_L2,10,-0.0,false,lata
135,Fanta_Laranja,Itupeva,ITU_L2,11,-0.0,false,lata
135,Fanta_Laranja,Itupeva,ITU_L2,12,-0.0,false,lata
135,Fanta_Laranja,Itupeva,ITU_L2,13,-0.0,false,lata
135,Fanta_Laranja,Itupeva,ITU_L2,14,-0.0,false,lata
135,Fanta_Laranja,Itupeva,ITU_L2,15,-0.0,false,lata
135,Fanta_Laranja,Itupeva,ITU_L3,1,-0.0,false,lata
135,Fanta_Laranja,Itupeva,ITU_L3,2,-0.0,false,lata
135,Fanta_Laranja,Itupeva,ITU_L3,3,-0.0,false,lata
135,Fanta_Laranja,Itupeva,ITU_L3,4,-0.0,false,lata
135,Fanta_Laranja,Itupeva,ITU_L3,5,-0.0,false,lata
135,Fanta_Laranja,Itupeva,ITU_L3,6,-0.0,false,lata
135,Fanta_Laranja,Itupeva,ITU_L3,7,-0.0,false,lata
135,Fanta_Laranja,Itupeva,ITU_L3,8,-0.0,false,lata
135,Fanta_Laranja,Itupeva,ITU_L3,9,-0.0,false,lata
135,Fanta_Laranja,Itupeva,ITU_L3,10,-0.0,false,lata
135,Fanta_Laranja,Itupeva,ITU_L3,11,-0.0,false,lata
135,Fanta_Laranja,Itupeva,ITU_L3,12,-0.0,false,lata
135,Fanta_Laranja,Itupeva,ITU_L3,13,-0.0,false,lata
135,Fanta_Laranja,Itupeva,ITU_L3,14,-0.0,false,lata
135,Fanta_Laranja,Itupeva,ITU_L3,15,-0.0,false,lata
135,Fanta_Laranja,Cabo de Santo Agostinho,CAB_L1,1,-0.0,false,lata
135,Fanta_Laranja,Cabo de Santo Agostinho,CAB_L1,2,-0.0,false,lata
135,Fanta_Laranja,Cabo de Santo Agostinho,CAB_L1,3,-0.0,false,lata
135,Fanta_Laranja,Cabo de Santo Agostinho,CAB_L1,4,-0.0,false,lata
135,Fanta_Laranja,Cabo de Santo Agostinho,CAB_L1,5,-0.0,false,lata
135,Fanta_Laranja,Cabo de Santo Agostinho,CAB_L1,6,-0.0,false,lata
135,Fanta_Laranja,Cabo de Santo Agostinho,CAB_L1,7,-0.0,false,lata
135,Fanta_Laranja,Cabo de Santo Agostinho,CAB_L1,8,-1.0e6,true,lata
135,Fanta_Laranja,Cabo de Santo Agostinho,CAB_L1,9,-1.0e6,true,lata
135,Fanta_Laranja,Cabo de Santo Agostinho,CAB_L1,10,-0.0,false,lata
135,Fanta_Laranja,Cabo de Santo Agostinho,CAB_L1,11,-0.0,false,lata
135,Fanta_Laranja,Cabo de Santo Agostinho,CAB_L1,12,-0.0,false,lata
135,Fanta_Laranja,Cabo de Santo Agostinho,CAB_L1,13,-0.0,false,lata
135,Fanta_Laranja,Cabo de Santo Agostinho,CAB_L1,14,-0.0,false,lata
135,Fanta_Laranja,Cabo de Santo Agostinho,CAB_L1,15,-0.0,false,lata
135,Fanta_Laranja,Cabo de Santo Agostinho,CAB_L2,1,-0.0,false,lata
135,Fanta_Laranja,Cabo de Santo Agostinho,CAB_L2,2,-0.0,false,lata
135,Fanta_Laranja,Cabo de Santo Agostinho,CAB_L2,3,-0.0,false,lata
135,Fanta_Laranja,Cabo de Santo Agostinho,CAB_L2,4,-0.0,false,lata
135,Fanta_Laranja,Cabo de Santo Agostinho,CAB_L2,5,-0.0,false,lata
135,Fanta_Laranja,Cabo de Santo Agostinho,CAB_L2,6,-0.0,false,lata
135,Fanta_Laranja,Cabo de Santo Agostinho,CAB_L2,7,-0.0,false,lata
135,Fanta_Laranja,Cabo de Santo Agostinho,CAB_L2,8,-0.0,false,lata
135,Fanta_Laranja,Cabo de Santo Agostinho,CAB_L2,9,-0.0,false,lata
135,Fanta_Laranja,Cabo de Santo Agostinho,CAB_L2,10,-1.0e6,true,lata
135,Fanta_Laranja,Cabo de Santo Agostinho,CAB_L2,11,-0.0,false,lata
135,Fanta_Laranja,Cabo de Santo Agostinho,CAB_L2,12,-0.0,false,lata
135,Fanta_Laranja,Cabo de Santo Agostinho,CAB_L2,13,-0.0,false,lata
135,Fanta_Laranja,Cabo de Santo Agostinho,CAB_L2,14,-0.0,false,lata
135,Fanta_Laranja,Cabo de Santo Agostinho,CAB_L2,15,-0.0,false,lata
135,Fanta_Laranja,Cabo de Santo Agostinho,CAB_L3,1,-0.0,false,lata
135,Fanta_Laranja,Cabo de Santo Agostinho,CAB_L3,2,-0.0,false,lata
135,Fanta_Laranja,Cabo de Santo Agostinho,CAB_L3,3,-0.0,false,lata
135,Fanta_Laranja,Cabo de Santo Agostinho,CAB_L3,4,-0.0,false,lata
135,Fanta_Laranja,Cabo de Santo Agostinho,CAB_L3,5,-1.0e6,true,lata
135,Fanta_Laranja,Cabo de Santo Agostinho,CAB_L3,6,-1.0e6,true,lata
135,Fanta_Laranja,Cabo de Santo Agostinho,CAB_L3,7,-0.0,false,lata
135,Fanta_Laranja,Cabo de Santo Agostinho,CAB_L3,8,-0.0,false,lata
135,Fanta_Laranja,Cabo de Santo Agostinho,CAB_L3,9,-0.0,false,lata
135,Fanta_Laranja,Cabo de Santo Agostinho,CAB_L3,10,-0.0,false,lata
135,Fanta_Laranja,Cabo de Santo Agostinho,CAB_L3,11,-0.0,false,lata
135,Fanta_Laranja,Cabo de Santo Agostinho,CAB_L3,12,-0.0,false,lata
135,Fanta_Laranja,Cabo de Santo Agostinho,CAB_L3,13,-0.0,false,lata
135,Fanta_Laranja,Cabo de Santo Agostinho,CAB_L3,14,-0.0,false,lata
135,Fanta_Laranja,Cabo de Santo Agostinho,CAB_L3,15,-0.0,false,lata
